{
"type": "FeatureCollection",
"name": "districts_limits",
"crs": { "type": "name", "properties": { "name": "urn:ogc:def:crs:OGC:1.3:CRS84" } },
"features": [
{ "type": "Feature", "properties": { "district": "Ciutat Vella", "admin_level": "9" }, "geometry": { "type": "Polygon", "coordinates": [ [ [ 2.18345134701381, 41.390611968123501 ], [ 2.18238095389561, 41.391420131141402 ], [ 2.1813233001074, 41.392222228854301 ], [ 2.17985917990553, 41.391052193789299 ], [ 2.1774900843701, 41.390163914724198 ], [ 2.17585081687545, 41.388948970078403 ], [ 2.17340885306511, 41.388948370449398 ], [ 2.17276537528488, 41.388474244041099 ], [ 2.17151019109989, 41.387044079410998 ], [ 2.17113803946364, 41.386842207124602 ], [ 2.17028424789839, 41.385878558778103 ], [ 2.17013302108303, 41.385765603903103 ], [ 2.16996327721338, 41.385666533646997 ], [ 2.16976890641144, 41.385573684388604 ], [ 2.16935834445165, 41.385539712055497 ], [ 2.16471378585589, 41.3859301967194 ], [ 2.16401076696084, 41.3853984940434 ], [ 2.16308877057782, 41.378746991814602 ], [ 2.16677832748319, 41.375914031416997 ], [ 2.16778816252913, 41.375167403722401 ], [ 2.1677968938828, 41.374976159571098 ], [ 2.16999862098924, 41.374955641539401 ], [ 2.17352924463482, 41.374746760657104 ], [ 2.17504134161448, 41.374649514374802 ], [ 2.17519532079879, 41.374637728394802 ], [ 2.17529771017174, 41.374621374970197 ], [ 2.17540734115558, 41.374581368226799 ], [ 2.17552937777496, 41.374508473690597 ], [ 2.1757381207726, 41.374291949019799 ], [ 2.17560536378375, 41.374206631645201 ], [ 2.17550365822423, 41.374061414031701 ], [ 2.17545929192702, 41.373930882342201 ], [ 2.17546001534131, 41.373796142042004 ], [ 2.17550578062038, 41.373665884155201 ], [ 2.17559363656758, 41.373548514031803 ], [ 2.17562885204774, 41.373521052956299 ], [ 2.1754727843726, 41.373326450146699 ], [ 2.17604457768502, 41.3730701742059 ], [ 2.17630238151739, 41.372951417866801 ], [ 2.17709493653936, 41.372753274869403 ], [ 2.17728812273633, 41.372512677408501 ], [ 2.17762154834311, 41.3723611764308 ], [ 2.17782879685929, 41.372264610351202 ], [ 2.18189799079011, 41.370414801803697 ], [ 2.18198837381485, 41.370375919254698 ], [ 2.18200427803719, 41.370372032963203 ], [ 2.18202139920502, 41.370370272092003 ], [ 2.18203894481588, 41.3703709012334 ], [ 2.18205605356284, 41.370373950295097 ], [ 2.18207186718482, 41.370379206003399 ], [ 2.18208572120373, 41.370386258296698 ], [ 2.18209721564696, 41.370394581895397 ], [ 2.1822024737572, 41.370523723464302 ], [ 2.18300924845217, 41.371535362153701 ], [ 2.18301354415216, 41.3715465980301 ], [ 2.18301534082804, 41.371558779970599 ], [ 2.18301420239579, 41.371571400456901 ], [ 2.18300998074313, 41.371583872947397 ], [ 2.18300281539192, 41.371595558897198 ], [ 2.18299311996445, 41.371605893767502 ], [ 2.1829815330051, 41.371614494767101 ], [ 2.1812757284928, 41.372393502826597 ], [ 2.17916662568201, 41.373345643535899 ], [ 2.17877550042731, 41.373524714991902 ], [ 2.17812377600972, 41.373818391527301 ], [ 2.17827083621743, 41.374006510242502 ], [ 2.17813805082738, 41.374067533765398 ], [ 2.17797625181467, 41.374138294191503 ], [ 2.17858450997271, 41.374897973412303 ], [ 2.17860953784981, 41.374931299785601 ], [ 2.17993935542681, 41.376588802432003 ], [ 2.1802469114392, 41.376978813051501 ], [ 2.18036974268238, 41.3771289788234 ], [ 2.18073230199062, 41.377584738519097 ], [ 2.18087489052958, 41.377758797259197 ], [ 2.18109810560104, 41.378042528814603 ], [ 2.1821747358742, 41.379387443232901 ], [ 2.1822778047957, 41.379520649415099 ], [ 2.18230472996439, 41.3795517365674 ], [ 2.18238950171922, 41.379513093148297 ], [ 2.18246512594748, 41.379481032229698 ], [ 2.18250955988945, 41.379459549701203 ], [ 2.18261721942368, 41.379167939206198 ], [ 2.18277692086628, 41.378773363857597 ], [ 2.18285151914784, 41.378575737037004 ], [ 2.18296828279278, 41.378276921739499 ], [ 2.18317841944965, 41.377729629915301 ], [ 2.18325361510429, 41.377550013085397 ], [ 2.18310822031369, 41.377369424909098 ], [ 2.18259698475744, 41.376724809612099 ], [ 2.18241537001046, 41.376492746427303 ], [ 2.18150562497965, 41.375354716867299 ], [ 2.18158771205548, 41.375087200527602 ], [ 2.18165331221844, 41.374888042133001 ], [ 2.18256922509646, 41.374471062990601 ], [ 2.18292354333866, 41.374314542401102 ], [ 2.18305748039551, 41.374338921958 ], [ 2.18318958233159, 41.374499482248503 ], [ 2.18344947981888, 41.374832344653299 ], [ 2.18358402211205, 41.375000641254502 ], [ 2.18361337638137, 41.375040113354601 ], [ 2.1842950205244, 41.375893033609103 ], [ 2.18487414273583, 41.376630593701996 ], [ 2.18496607408595, 41.376740666571102 ], [ 2.18499292844003, 41.376746593672799 ], [ 2.18487159930837, 41.377050758985398 ], [ 2.18473175565081, 41.377417464669101 ], [ 2.18451077566377, 41.3779732757258 ], [ 2.18427036923994, 41.378598099376802 ], [ 2.18417012980613, 41.3788650564248 ], [ 2.18385362095766, 41.379676407815403 ], [ 2.18374853809868, 41.379953607673599 ], [ 2.18364889320012, 41.380198499977197 ], [ 2.18355048479822, 41.380453569551001 ], [ 2.18465709071041, 41.380705240709801 ], [ 2.18467093537837, 41.380703663409399 ], [ 2.1859170098676, 41.380109973410697 ], [ 2.18604672930685, 41.379787592036699 ], [ 2.18594501864748, 41.379764425768798 ], [ 2.18602910976752, 41.379554639945802 ], [ 2.18644607421167, 41.379649291646302 ], [ 2.18711516873639, 41.377976904090097 ], [ 2.18726355215682, 41.377598655938201 ], [ 2.18643647753417, 41.377410814174503 ], [ 2.18644207192935, 41.377335091388801 ], [ 2.1871973760877, 41.377226743172997 ], [ 2.18712528002415, 41.376937236264602 ], [ 2.1870582508169, 41.376682831415501 ], [ 2.18705731983572, 41.3766721238906 ], [ 2.18704463134874, 41.376631824626699 ], [ 2.18704457538276, 41.3766238345505 ], [ 2.18694168441335, 41.376227217547402 ], [ 2.186941617914, 41.3762152730895 ], [ 2.18689469585161, 41.376009645459902 ], [ 2.18660195187376, 41.376049944338199 ], [ 2.18683517630692, 41.375907003783801 ], [ 2.18684707876471, 41.375957584123299 ], [ 2.18688021573428, 41.375953157786299 ], [ 2.18683292900225, 41.3757686772338 ], [ 2.18685044980946, 41.375765657417801 ], [ 2.18683082657971, 41.375687846789198 ], [ 2.1868341851715, 41.375675503180197 ], [ 2.18692682475568, 41.375624778828097 ], [ 2.18636057260682, 41.375409738865002 ], [ 2.18598267722447, 41.375270647127799 ], [ 2.18567770905429, 41.375144662790497 ], [ 2.18539548984803, 41.375034718972699 ], [ 2.18537043259692, 41.375022633625697 ], [ 2.18533594763639, 41.375000375075302 ], [ 2.18530674484369, 41.374975514704701 ], [ 2.18472995997185, 41.375028339252601 ], [ 2.18472099543755, 41.374973419858897 ], [ 2.18527072023233, 41.374922452979398 ], [ 2.18520784670983, 41.374531166387698 ], [ 2.18454799957031, 41.374637969501102 ], [ 2.18453524452159, 41.3745840050493 ], [ 2.18519788654121, 41.3744755103655 ], [ 2.18513698162883, 41.3740828279672 ], [ 2.18449212458161, 41.374222010924598 ], [ 2.1844697388236, 41.374168410570398 ], [ 2.18512861569034, 41.374026876968301 ], [ 2.18506632877292, 41.373637679641497 ], [ 2.18447353964987, 41.373814333285701 ], [ 2.18444665175435, 41.373763133050801 ], [ 2.18505796054445, 41.373580962976597 ], [ 2.18500354838832, 41.373232508399497 ], [ 2.18494249663743, 41.373212907945202 ], [ 2.18442253338635, 41.373409803657701 ], [ 2.18439219321455, 41.373359290533898 ], [ 2.18498723738463, 41.373134823239504 ], [ 2.18492982467381, 41.372789229762503 ], [ 2.18487418675597, 41.372772784226001 ], [ 2.18430152061122, 41.373033475763798 ], [ 2.18426417163706, 41.372986930281897 ], [ 2.18492530768424, 41.372683611416697 ], [ 2.18493238818467, 41.3726739154136 ], [ 2.18490666218516, 41.3726580060301 ], [ 2.18424481419629, 41.372964724591696 ], [ 2.18423353126559, 41.372950899104303 ], [ 2.18489213172051, 41.372645688884198 ], [ 2.18498359050641, 41.372641436593597 ], [ 2.18499391942993, 41.372637816659299 ], [ 2.18553244981148, 41.372591061273198 ], [ 2.18554876154461, 41.372590960544102 ], [ 2.18556558504412, 41.3725929711986 ], [ 2.18558220099549, 41.372597241273603 ], [ 2.18559782070266, 41.372603729157298 ], [ 2.18561167000957, 41.372612186167601 ], [ 2.18562316831441, 41.372622184842001 ], [ 2.18563196387822, 41.372633164224503 ], [ 2.18563797974257, 41.372644583318802 ], [ 2.18578603927546, 41.373579730629203 ], [ 2.18593429746872, 41.374531876231899 ], [ 2.18666052864973, 41.3748151553092 ], [ 2.18748921367293, 41.3745569888559 ], [ 2.1872340616824, 41.374077076881598 ], [ 2.18721409320036, 41.374044292529398 ], [ 2.18720832735885, 41.3740463775816 ], [ 2.18711851453626, 41.373874095558598 ], [ 2.18680185502576, 41.373559981253798 ], [ 2.18683881743443, 41.373538840550999 ], [ 2.18684448599261, 41.373539763346798 ], [ 2.18709201437788, 41.373787742263403 ], [ 2.18698091423728, 41.373587827749198 ], [ 2.18681859651296, 41.373287279291603 ], [ 2.18712128034132, 41.373193784863901 ], [ 2.1875455485053, 41.373156265259198 ], [ 2.18750003471141, 41.372864288845697 ], [ 2.18740320968299, 41.372278340348402 ], [ 2.18709253692954, 41.372304105469503 ], [ 2.18650647274779, 41.372357026575202 ], [ 2.18592440448097, 41.372405874532397 ], [ 2.18592035244033, 41.372404782976702 ], [ 2.18579653830481, 41.371692527620901 ], [ 2.18579794920124, 41.371688700392198 ], [ 2.18580256187684, 41.371687021596998 ], [ 2.18616428638089, 41.371653982627201 ], [ 2.18615216905033, 41.3715881238763 ], [ 2.18579762594686, 41.371618727540998 ], [ 2.18579195751873, 41.371616849895503 ], [ 2.18578945553198, 41.371610364779301 ], [ 2.18576928166089, 41.371494439124497 ], [ 2.1857702240717, 41.371487906319203 ], [ 2.18577305796085, 41.3714850349511 ], [ 2.18580767750436, 41.371482075924497 ], [ 2.18576759118303, 41.371209032278799 ], [ 2.18651114831374, 41.3711476623807 ], [ 2.18651336082051, 41.3711629908398 ], [ 2.1872136534454, 41.371102650861097 ], [ 2.18714291825684, 41.370643711533603 ], [ 2.1865715568408, 41.370706197494101 ], [ 2.18651117904208, 41.370711355353798 ], [ 2.18535073385172, 41.370833665174999 ], [ 2.18497375665084, 41.370869503006197 ], [ 2.18478455340038, 41.370893410913297 ], [ 2.1847095425801, 41.370900220630503 ], [ 2.1846912604424, 41.370899190346002 ], [ 2.18466402022962, 41.370892565957703 ], [ 2.18464014092498, 41.370880128491301 ], [ 2.18462248368144, 41.370863528586902 ], [ 2.18461222573253, 41.370845206624999 ], [ 2.18456198165879, 41.370544431109501 ], [ 2.18456028683092, 41.370517369455399 ], [ 2.18456762495728, 41.370490858218197 ], [ 2.1845787812875, 41.370475534379601 ], [ 2.18459466033899, 41.370462162611297 ], [ 2.18461419555347, 41.370451888319003 ], [ 2.18463572840493, 41.370445384322501 ], [ 2.18496430241427, 41.3704160324884 ], [ 2.18495653017196, 41.370358545358698 ], [ 2.18494796312173, 41.370358989101597 ], [ 2.18491930460696, 41.370189156099997 ], [ 2.18470407042199, 41.369014128791498 ], [ 2.18462434879652, 41.3686054681855 ], [ 2.18463486082539, 41.368580429638598 ], [ 2.1846467062078, 41.368565434941601 ], [ 2.184662952263, 41.368552317970099 ], [ 2.18468275149761, 41.368541919426796 ], [ 2.18470476802272, 41.368534932433398 ], [ 2.18501945770665, 41.368499230805803 ], [ 2.18519249329406, 41.368481603366298 ], [ 2.18514523436895, 41.368218446609099 ], [ 2.18516041813931, 41.368216662542203 ], [ 2.18514533893491, 41.368143945950699 ], [ 2.18514866673661, 41.368143645243698 ], [ 2.18514588033198, 41.368126430110699 ], [ 2.18515039334551, 41.368126011690599 ], [ 2.18514688532176, 41.368104341720802 ], [ 2.18524019712733, 41.368095769702201 ], [ 2.18524812328327, 41.368144754802799 ], [ 2.18568839937111, 41.368101050005798 ], [ 2.18567954845243, 41.368043735419199 ], [ 2.18581999346174, 41.368031416040203 ], [ 2.1858205581862, 41.368035032061201 ], [ 2.18586008340601, 41.368031564567197 ], [ 2.18585941938502, 41.368027281285599 ], [ 2.1858733884694, 41.368026056005903 ], [ 2.18587463899724, 41.3680341266057 ], [ 2.18595353366264, 41.368027217487601 ], [ 2.18599432222006, 41.368257180394998 ], [ 2.18597620846028, 41.368259006898299 ], [ 2.18597827537684, 41.368270650259198 ], [ 2.18597147528509, 41.368271331766998 ], [ 2.18597617890518, 41.368297829205403 ], [ 2.18598447563113, 41.3682969871411 ], [ 2.18598801722953, 41.368316945889397 ], [ 2.18595118738945, 41.368317117718 ], [ 2.18594879087049, 41.368353977650898 ], [ 2.18593978229181, 41.3683860258176 ], [ 2.18591838268833, 41.368410681206399 ], [ 2.18588683690988, 41.368432985901599 ], [ 2.18586053735029, 41.3684478514432 ], [ 2.18596228121859, 41.3690271257584 ], [ 2.18617360109513, 41.370125640039703 ], [ 2.18720181102109, 41.370006909716899 ], [ 2.18688012937491, 41.3683008603141 ], [ 2.18697270451298, 41.368290957576399 ], [ 2.18686127700397, 41.367796394656999 ], [ 2.18681755725637, 41.367575950310602 ], [ 2.18673053080987, 41.367163411212303 ], [ 2.18668079660437, 41.366912325649601 ], [ 2.18625241632318, 41.3664088919028 ], [ 2.18602750048778, 41.366150703194599 ], [ 2.18576033132273, 41.365824460297702 ], [ 2.18548170330165, 41.365501666620098 ], [ 2.18546319839966, 41.365475476800597 ], [ 2.18536378688496, 41.3653584496112 ], [ 2.18513331893167, 41.3656871787067 ], [ 2.1850873693689, 41.365703508277498 ], [ 2.18497611741035, 41.365669662684198 ], [ 2.18493432181374, 41.3656309764879 ], [ 2.18493025014546, 41.365593169991598 ], [ 2.18493594898576, 41.3652562830056 ], [ 2.18513169735956, 41.365296116219298 ], [ 2.18531283771602, 41.364750850401997 ], [ 2.18536651040951, 41.364719180606997 ], [ 2.18543000773609, 41.364714630903997 ], [ 2.18555005329945, 41.364760472400697 ], [ 2.18560786814462, 41.364749469006199 ], [ 2.18597300043997, 41.364224657706004 ], [ 2.18628144056544, 41.364106234343701 ], [ 2.18640778818569, 41.364060666748102 ], [ 2.18648207387595, 41.364036555374 ], [ 2.1865347677859, 41.364031541360298 ], [ 2.18659597533995, 41.364034143935299 ], [ 2.18664856400269, 41.364045261649601 ], [ 2.18670308933508, 41.364067922692598 ], [ 2.18674338524828, 41.364094544654399 ], [ 2.18676620778223, 41.364113045315698 ], [ 2.18679443492512, 41.364141024078599 ], [ 2.18679251798404, 41.3641624665186 ], [ 2.18677799129102, 41.364178775619699 ], [ 2.18615485050273, 41.364407481209902 ], [ 2.18586403106778, 41.364825465967201 ], [ 2.18586240943444, 41.364852062796103 ], [ 2.18587075354895, 41.3648847922111 ], [ 2.18592043943153, 41.364936991169898 ], [ 2.18631429424366, 41.365205182385203 ], [ 2.18668978408701, 41.365504336510199 ], [ 2.18683960598377, 41.3656730158729 ], [ 2.18703623113359, 41.365910501978 ], [ 2.1871567386983, 41.366107879042701 ], [ 2.18726462866974, 41.366250717137099 ], [ 2.18739614032933, 41.366565215732301 ], [ 2.187443657055, 41.366686342472903 ], [ 2.18745989967649, 41.366757315933597 ], [ 2.18747550053328, 41.366754074381497 ], [ 2.18753103418642, 41.3667689326032 ], [ 2.18755817939629, 41.366784040752997 ], [ 2.18765551024517, 41.366895322542703 ], [ 2.18777530266331, 41.367080120251003 ], [ 2.18789577332456, 41.367230621879699 ], [ 2.18793443362101, 41.367256277972899 ], [ 2.18806029409517, 41.367221442155198 ], [ 2.18832622812547, 41.367104886993502 ], [ 2.18891646376154, 41.366860431372103 ], [ 2.18924530912752, 41.366744047248098 ], [ 2.18928330616254, 41.3667172022298 ], [ 2.18930119786355, 41.366697583733099 ], [ 2.18930184102403, 41.366638066388298 ], [ 2.1892824586077, 41.366582245177199 ], [ 2.18922750966347, 41.366526047274299 ], [ 2.18896641685279, 41.366115399843402 ], [ 2.18878743834532, 41.365867007181699 ], [ 2.18858826221767, 41.365556409805102 ], [ 2.18759244958998, 41.364017514860002 ], [ 2.18749996864299, 41.363833882529804 ], [ 2.18749996657911, 41.3637116004966 ], [ 2.18741434915682, 41.3635753467317 ], [ 2.18726259434399, 41.363421308799197 ], [ 2.18719173176094, 41.363441363538001 ], [ 2.18706440515623, 41.363437005233401 ], [ 2.18687220781753, 41.363409234485601 ], [ 2.18673377501091, 41.363364372345302 ], [ 2.18671208633049, 41.363333665448401 ], [ 2.1866888189773, 41.363287634551099 ], [ 2.18667984316537, 41.363217186099703 ], [ 2.18713296567097, 41.363127341501901 ], [ 2.18716274527685, 41.3630785867961 ], [ 2.18713355080011, 41.3629630217509 ], [ 2.18709465981864, 41.362851511857897 ], [ 2.18694802315038, 41.3624391189731 ], [ 2.18686712740742, 41.362226041183703 ], [ 2.18680458373903, 41.3620408723149 ], [ 2.18679257975306, 41.362013044220703 ], [ 2.18676442288125, 41.361958367554699 ], [ 2.18672303364101, 41.361862180630702 ], [ 2.18668621069081, 41.361751667920899 ], [ 2.18664664542947, 41.361624237642403 ], [ 2.18662597964898, 41.361626649722702 ], [ 2.1865432812, 41.361406803272303 ], [ 2.18645802749363, 41.3611905777434 ], [ 2.18625878865938, 41.360667244245299 ], [ 2.18598504062007, 41.359963970817397 ], [ 2.18586940144543, 41.359672785156299 ], [ 2.18577420697393, 41.359412297659702 ], [ 2.18551154042035, 41.3587156859071 ], [ 2.18528074508259, 41.358112599430498 ], [ 2.18512221813151, 41.358145291385 ], [ 2.1850568214313, 41.357980602459598 ], [ 2.18503677427994, 41.357977596087999 ], [ 2.18466155086061, 41.358059897535 ], [ 2.18459876181129, 41.357902856227902 ], [ 2.1853606024606, 41.357734162665103 ], [ 2.18545161826941, 41.357967030836399 ], [ 2.18552556263645, 41.358145246338502 ], [ 2.18583615837084, 41.358950062740398 ], [ 2.18611189331169, 41.359690119534797 ], [ 2.18637135606018, 41.3603472090347 ], [ 2.18684875238291, 41.361588526884802 ], [ 2.18708732530484, 41.361539768315403 ], [ 2.18714525563292, 41.361707637878702 ], [ 2.18708539207353, 41.361718549219603 ], [ 2.1875053812995, 41.362794205989097 ], [ 2.18772935644171, 41.3630833712865 ], [ 2.18775911981553, 41.363471131318001 ], [ 2.18802566205986, 41.3637875470504 ], [ 2.18839619805039, 41.364456771095803 ], [ 2.18981217832454, 41.366647337121996 ], [ 2.19012772184668, 41.367046483081303 ], [ 2.19015878784762, 41.367129228862701 ], [ 2.19045323651249, 41.367639019173197 ], [ 2.19185715157711, 41.369810675502997 ], [ 2.19187740892694, 41.3698570174571 ], [ 2.19188001301868, 41.369892012036601 ], [ 2.19187576861299, 41.369907918375503 ], [ 2.1918653385214, 41.369920648450098 ], [ 2.19179376703226, 41.369982063650298 ], [ 2.1915698643373, 41.370037220379899 ], [ 2.191461378869, 41.369970288766602 ], [ 2.19146033996736, 41.3699271056093 ], [ 2.19132307130272, 41.369720924874002 ], [ 2.19125209987279, 41.369608354241599 ], [ 2.1912182866518, 41.3695406140599 ], [ 2.1911526241209, 41.369437736763601 ], [ 2.19111197486005, 41.369394827335597 ], [ 2.19099487754627, 41.369378421110497 ], [ 2.1908709119237, 41.369395222325402 ], [ 2.19054544905029, 41.369479036513503 ], [ 2.19034748869737, 41.369515358427499 ], [ 2.19016189265119, 41.369644184412401 ], [ 2.18984613689346, 41.369928473754797 ], [ 2.18969176554128, 41.370157979918801 ], [ 2.1895284150858, 41.370495224887399 ], [ 2.18949139170345, 41.370689112677901 ], [ 2.18948216270416, 41.371096431746302 ], [ 2.18950974251217, 41.371562243795601 ], [ 2.18968588756949, 41.372410418227602 ], [ 2.19023678716355, 41.373867004959003 ], [ 2.19086274879307, 41.3751914445929 ], [ 2.19129795791316, 41.375836462006703 ], [ 2.19167871906909, 41.376238828635501 ], [ 2.1919499778669, 41.3764549149356 ], [ 2.19223127735218, 41.376636716344102 ], [ 2.19276907953235, 41.376841646589199 ], [ 2.19320662869978, 41.376919414699103 ], [ 2.19341389380111, 41.376907941908499 ], [ 2.19344238734923, 41.376917932820199 ], [ 2.19320113964338, 41.377078115967599 ], [ 2.19296559105263, 41.377415651848999 ], [ 2.1928684763393, 41.377636024544202 ], [ 2.19281844003712, 41.377942695281099 ], [ 2.19287154439246, 41.378403487735099 ], [ 2.19296816451317, 41.3787368855794 ], [ 2.19318350674818, 41.379196716814 ], [ 2.19341748769495, 41.379583681251503 ], [ 2.19394729525591, 41.380211678560201 ], [ 2.19450476053651, 41.380709032657002 ], [ 2.19488997398027, 41.380931737434302 ], [ 2.19497898943398, 41.380969399178802 ], [ 2.19653124162688, 41.380409899771799 ], [ 2.19650753799855, 41.380364265153403 ], [ 2.19653886525153, 41.3803045117727 ], [ 2.19659423769838, 41.380271381381398 ], [ 2.19663550552743, 41.380252231258403 ], [ 2.19671665564565, 41.380239052301299 ], [ 2.19682467968398, 41.380257821417203 ], [ 2.19690747389621, 41.380282089091999 ], [ 2.1969276774941, 41.380297281677599 ], [ 2.19693196886359, 41.380306193050998 ], [ 2.19693430544543, 41.380346653163102 ], [ 2.19692061018087, 41.3804061063557 ], [ 2.19694151421155, 41.380451857364797 ], [ 2.19692662090603, 41.380509536720297 ], [ 2.19689612471777, 41.380541615869902 ], [ 2.196825844231, 41.380573345263699 ], [ 2.19681771846186, 41.380574756772802 ], [ 2.19669726753034, 41.380553126578597 ], [ 2.19668020759829, 41.380546810300402 ], [ 2.19664814608384, 41.380519200877202 ], [ 2.19535186806649, 41.3809866724107 ], [ 2.19568051418879, 41.381521531139597 ], [ 2.19696069658361, 41.381065681344801 ], [ 2.19693891898585, 41.381010819437797 ], [ 2.19694198422232, 41.380995942378902 ], [ 2.19694706936757, 41.380986997362697 ], [ 2.19702438673351, 41.380954911664602 ], [ 2.19711090375, 41.380956614290497 ], [ 2.1971661398247, 41.380964737155097 ], [ 2.19720352145797, 41.380992236727202 ], [ 2.19725266679544, 41.381024952645703 ], [ 2.19727142616996, 41.381041882554797 ], [ 2.19730525844354, 41.381077932499402 ], [ 2.19731708006753, 41.381108586514102 ], [ 2.1973159304877, 41.3811164871044 ], [ 2.19726974056984, 41.381157554475998 ], [ 2.19723805072429, 41.381214720357399 ], [ 2.19721837800097, 41.381229265380398 ], [ 2.19719748921397, 41.381234749350497 ], [ 2.1971224896988, 41.3812407475206 ], [ 2.19698805541982, 41.381232846616697 ], [ 2.19697570901392, 41.381209669658404 ], [ 2.19546198945927, 41.381744226005203 ], [ 2.19546146778281, 41.3820695841085 ], [ 2.19556852250585, 41.3825214204453 ], [ 2.19580518855024, 41.383018695770097 ], [ 2.19593411737407, 41.3831941896186 ], [ 2.19630828192443, 41.383603826594701 ], [ 2.19655959257639, 41.383825482294696 ], [ 2.19700390808271, 41.384104024884998 ], [ 2.19722364424668, 41.384213243054504 ], [ 2.19784659682258, 41.384426841255603 ], [ 2.19819402459213, 41.384479857989099 ], [ 2.19820364532442, 41.384448695946098 ], [ 2.19821553725147, 41.384430871854399 ], [ 2.19822575564825, 41.384397399040303 ], [ 2.19823855956243, 41.384370564770101 ], [ 2.19824446288164, 41.384350519126798 ], [ 2.19824890834812, 41.3843449744449 ], [ 2.19826279395022, 41.384337180605002 ], [ 2.19827492146346, 41.384339120653998 ], [ 2.19828365354481, 41.384333173476598 ], [ 2.19828636058456, 41.384332841044298 ], [ 2.19831519140132, 41.384341013574897 ], [ 2.19831847166281, 41.384347566883299 ], [ 2.19832587024369, 41.384383972793202 ], [ 2.1983212479836, 41.384402937455697 ], [ 2.19831359667012, 41.384422160247198 ], [ 2.19831416134929, 41.384437531015699 ], [ 2.19830717234502, 41.384449570417701 ], [ 2.19829787738423, 41.384494525256798 ], [ 2.19829184076484, 41.384505949774301 ], [ 2.19829041498359, 41.3845158931531 ], [ 2.19828064767924, 41.384535038146403 ], [ 2.19827963992795, 41.3845469751002 ], [ 2.19827233626932, 41.3845544454934 ], [ 2.19827424414864, 41.384562700670003 ], [ 2.19827199449935, 41.384570584593 ], [ 2.19826454481461, 41.384581179578603 ], [ 2.19825382705682, 41.384608568837798 ], [ 2.19825051567001, 41.384645440577899 ], [ 2.19825445593818, 41.3846557095859 ], [ 2.19825268969394, 41.384659291280798 ], [ 2.19824817174878, 41.384660998252798 ], [ 2.19824410718844, 41.384667662521203 ], [ 2.19824355445332, 41.384682476044503 ], [ 2.19822994338176, 41.384703062476397 ], [ 2.19823837604266, 41.384711660365603 ], [ 2.19826393846268, 41.384722062015697 ], [ 2.19830372634216, 41.384759324123102 ], [ 2.19831290391376, 41.384759955539401 ], [ 2.19832149279208, 41.384766644915999 ], [ 2.19833148447518, 41.384777919886801 ], [ 2.19833319457376, 41.384783777683197 ], [ 2.19834345333189, 41.384793757430401 ], [ 2.19835046978496, 41.384797012991299 ], [ 2.19840290778786, 41.384808286417801 ], [ 2.19842087292028, 41.384815986895397 ], [ 2.19847463808351, 41.384852616702602 ], [ 2.19853547202774, 41.384898960792199 ], [ 2.19854056157209, 41.384904274650303 ], [ 2.19854376703249, 41.384911079641299 ], [ 2.19854689232222, 41.384925387339898 ], [ 2.1985582076198, 41.384949651349601 ], [ 2.19859197046409, 41.3849896276934 ], [ 2.19860405124716, 41.384997332196598 ], [ 2.1986107992967, 41.384999072608501 ], [ 2.19881644830441, 41.384843593650302 ], [ 2.19904439331483, 41.384675163573597 ], [ 2.19903871976565, 41.384670656349499 ], [ 2.19908338806495, 41.384637720504699 ], [ 2.19914974590629, 41.384666673163899 ], [ 2.19928710980932, 41.3847317626863 ], [ 2.19941720051028, 41.384798945231204 ], [ 2.19953191096481, 41.384864165085801 ], [ 2.19965500397223, 41.384940252158401 ], [ 2.19972219799315, 41.384987423054397 ], [ 2.19641967391967, 41.387465703570101 ], [ 2.19637529481604, 41.387456529331502 ], [ 2.19631396014715, 41.387454080560403 ], [ 2.19622882469513, 41.387454220446003 ], [ 2.19617273111362, 41.387458604382701 ], [ 2.1961110642985, 41.3874717179215 ], [ 2.19605795775202, 41.387488440257499 ], [ 2.19599781213012, 41.387511703477898 ], [ 2.19594940627382, 41.3875382686874 ], [ 2.19590639491081, 41.387570838559299 ], [ 2.19586493778364, 41.387612415142897 ], [ 2.19583786865135, 41.3876481440806 ], [ 2.19581459259815, 41.3876962508905 ], [ 2.19580262750896, 41.387748831516902 ], [ 2.19580256629228, 41.387785773763298 ], [ 2.19580622502246, 41.387813401533101 ], [ 2.19575454506013, 41.3878524521092 ], [ 2.19357272093522, 41.386239503971701 ], [ 2.19336234179041, 41.386406475970901 ], [ 2.19290857509319, 41.386745853566801 ], [ 2.19290782372299, 41.386744616968798 ], [ 2.19288153443946, 41.386766301919302 ], [ 2.19256133390653, 41.387012389996599 ], [ 2.1920464811226, 41.387404129422499 ], [ 2.19204985639126, 41.387406640998897 ], [ 2.19192094100262, 41.3875007109744 ], [ 2.19148809665044, 41.387833101257598 ], [ 2.19148535920568, 41.387831046324003 ], [ 2.19141745727288, 41.387881362563597 ], [ 2.19123368046322, 41.388024335345797 ], [ 2.18873849476326, 41.3899015185102 ], [ 2.18676972502336, 41.391392600255102 ], [ 2.1845856357711, 41.389755529781198 ], [ 2.18345134701381, 41.390611968123501 ] ] ] } },
{ "type": "Feature", "properties": { "district": "Eixample", "admin_level": "9" }, "geometry": { "type": "Polygon", "coordinates": [ [ [ 2.18689546486771, 41.401654476373899 ], [ 2.18689547377861, 41.401656352697799 ], [ 2.18452702217332, 41.403451505102701 ], [ 2.18566931023154, 41.404305819412997 ], [ 2.18310253071809, 41.406251161424699 ], [ 2.18225210217646, 41.406893691492499 ], [ 2.1811162703898, 41.407756412305901 ], [ 2.17887982030239, 41.409449533322899 ], [ 2.17546779013762, 41.412036436670199 ], [ 2.16865930584209, 41.406928978077602 ], [ 2.17204293689952, 41.404369481643002 ], [ 2.16735348815403, 41.400855339342399 ], [ 2.16621815439717, 41.4017096755083 ], [ 2.15922647404882, 41.396460555563998 ], [ 2.1449783541293, 41.392855009765199 ], [ 2.14499504009213, 41.392803007386597 ], [ 2.14500232547772, 41.392754565171799 ], [ 2.14500188164398, 41.392706281701798 ], [ 2.14499048183303, 41.392650638763101 ], [ 2.14496769212536, 41.392597018937501 ], [ 2.14493945681778, 41.392553681228101 ], [ 2.14489033848209, 41.392501090745199 ], [ 2.14483524392231, 41.392458201933998 ], [ 2.14478927209057, 41.3924308530773 ], [ 2.14472780011797, 41.392402998062302 ], [ 2.14465695917422, 41.392381502017003 ], [ 2.1445826380309, 41.392368176875401 ], [ 2.14451925555101, 41.392363526165703 ], [ 2.14445184116304, 41.392365330838203 ], [ 2.14440113483706, 41.392371853536602 ], [ 2.1443444691654, 41.392384042647798 ], [ 2.14395823367506, 41.391471457721103 ], [ 2.14380157032805, 41.391027114217302 ], [ 2.14364932516978, 41.390500555891897 ], [ 2.14352943491909, 41.390043406743601 ], [ 2.1431977129354, 41.388718519074899 ], [ 2.14293973170976, 41.387677541072101 ], [ 2.14275104925443, 41.386603455425103 ], [ 2.1426419362187, 41.385617257527898 ], [ 2.14230283949388, 41.380717530783699 ], [ 2.1482361988366, 41.376232227381301 ], [ 2.14895785178634, 41.375767721987202 ], [ 2.14922688604817, 41.3755661819539 ], [ 2.14952714606515, 41.375338061180997 ], [ 2.14989886556215, 41.375074479796403 ], [ 2.15098919979553, 41.3750351510147 ], [ 2.1540251162863, 41.375002613356799 ], [ 2.15623786035885, 41.375008714622702 ], [ 2.15769973011407, 41.375002499498301 ], [ 2.1677968938828, 41.374976159571098 ], [ 2.16778816252913, 41.375167403722401 ], [ 2.16677832748319, 41.375914031416997 ], [ 2.16308877057782, 41.378746991814602 ], [ 2.16401076696084, 41.3853984940434 ], [ 2.16471378585589, 41.3859301967194 ], [ 2.16935834445165, 41.385539712055497 ], [ 2.16976890641144, 41.385573684388604 ], [ 2.16996327721338, 41.385666533646997 ], [ 2.17013302108303, 41.385765603903103 ], [ 2.17028424789839, 41.385878558778103 ], [ 2.17113803946364, 41.386842207124602 ], [ 2.17151019109989, 41.387044079410998 ], [ 2.17276537528488, 41.388474244041099 ], [ 2.17340885306511, 41.388948370449398 ], [ 2.17585081687545, 41.388948970078403 ], [ 2.1774900843701, 41.390163914724198 ], [ 2.17985917990553, 41.391052193789299 ], [ 2.1813233001074, 41.392222228854301 ], [ 2.18238095389561, 41.391420131141402 ], [ 2.186731694657, 41.394639450853198 ], [ 2.1867073358202, 41.394660057188801 ], [ 2.1866818401966, 41.394690482670399 ], [ 2.1866642709949, 41.394723938454 ], [ 2.18665523479277, 41.394759265061602 ], [ 2.18665504467593, 41.394795241489298 ], [ 2.18666370662981, 41.394830621140997 ], [ 2.1866809213229, 41.394864180481299 ], [ 2.18670609317909, 41.394894758733301 ], [ 2.18673835142254, 41.394921296759797 ], [ 2.18677657829981, 41.394942875996399 ], [ 2.18681945294187, 41.394958750288197 ], [ 2.18686548934762, 41.394968369578997 ], [ 2.18689546486771, 41.401654476373899 ] ] ] } },
{ "type": "Feature", "properties": { "district": "Sants-Montjuïc", "admin_level": "9" }, "geometry": { "type": "MultiPolygon", "coordinates": [ [ [ [ 2.17520933722813, 41.349838605484202 ], [ 2.17518589669225, 41.349848976341697 ], [ 2.17517388174169, 41.349863302339799 ], [ 2.17516411958686, 41.349879085694198 ], [ 2.17515808433009, 41.349893184321601 ], [ 2.17515766906155, 41.3499071430779 ], [ 2.17517854010695, 41.349948817561902 ], [ 2.17518957660125, 41.349964659908601 ], [ 2.17521071012813, 41.349976070834501 ], [ 2.17523690581706, 41.349984185234902 ], [ 2.17524281050259, 41.349989902320502 ], [ 2.17524225737158, 41.349995843352197 ], [ 2.17521904333134, 41.350007206671997 ], [ 2.17519251211006, 41.350016204244497 ], [ 2.17518446650235, 41.350028577026499 ], [ 2.17518406829089, 41.350041184769502 ], [ 2.17518618240239, 41.350053630367199 ], [ 2.17519355680376, 41.350066023590202 ], [ 2.17520551526636, 41.350075116866002 ], [ 2.17521881807768, 41.350081877807199 ], [ 2.17523549036186, 41.350086861381101 ], [ 2.17525154114546, 41.350093732088098 ], [ 2.17525526839096, 41.350110963256903 ], [ 2.17524489949203, 41.350127462874703 ], [ 2.17521880085807, 41.350140066580899 ], [ 2.1752000514585, 41.350157587040698 ], [ 2.17519495193063, 41.350173313738203 ], [ 2.1751930773397, 41.3501892437002 ], [ 2.17519184942187, 41.350210762989597 ], [ 2.17519396824488, 41.350232306265397 ], [ 2.17520082931933, 41.350247488154899 ], [ 2.17521140822495, 41.350261705856902 ], [ 2.17523188737833, 41.350277615873203 ], [ 2.17523122852137, 41.3502919331859 ], [ 2.17521390755597, 41.3503004563158 ], [ 2.17521319965113, 41.350309188584099 ], [ 2.17522645379007, 41.350329280377501 ], [ 2.17523742783533, 41.350350076433998 ], [ 2.17524042315194, 41.3503684733409 ], [ 2.17525929931343, 41.350435624930199 ], [ 2.17526710560674, 41.350470630240402 ], [ 2.17527237001227, 41.350508139452899 ], [ 2.17528110866562, 41.350545043032703 ], [ 2.1753221158095, 41.350620369941502 ], [ 2.17535696373596, 41.350653317128703 ], [ 2.17536660243446, 41.350666267018802 ], [ 2.17537348064236, 41.350680097884599 ], [ 2.17538206120235, 41.350720062896301 ], [ 2.17539486387771, 41.350756995586799 ], [ 2.17539503624482, 41.350781227180498 ], [ 2.17539993856742, 41.350809546071403 ], [ 2.17541102905187, 41.350840071117901 ], [ 2.17542727628434, 41.3508692819765 ], [ 2.17544889432281, 41.350899161843699 ], [ 2.1754740025526, 41.350927175123502 ], [ 2.1755403657732, 41.350991964609598 ], [ 2.17558403066593, 41.351027226783799 ], [ 2.17565651502597, 41.351090078387102 ], [ 2.175670733635, 41.351109546506102 ], [ 2.17568457753454, 41.351120815052496 ], [ 2.17570140600512, 41.351122917255701 ], [ 2.17573522565094, 41.351123699944303 ], [ 2.17574880073348, 41.351127850579097 ], [ 2.1757605306348, 41.351136131478 ], [ 2.17577295636185, 41.351155586743303 ], [ 2.17577063444107, 41.351169081465102 ], [ 2.17576178845416, 41.351178566130798 ], [ 2.17577067037652, 41.351194663214798 ], [ 2.17579437267623, 41.351210956516503 ], [ 2.17580367251384, 41.351231830601797 ], [ 2.17587450297029, 41.351283680989198 ], [ 2.17587837837025, 41.351298661303801 ], [ 2.17587745786502, 41.351314778257802 ], [ 2.17588642894753, 41.351342765960197 ], [ 2.17591545698773, 41.3513727888772 ], [ 2.17591687987433, 41.351411621681898 ], [ 2.17592529309881, 41.351436452737602 ], [ 2.1759725814403, 41.351535153983001 ], [ 2.17598281008281, 41.351548738573896 ], [ 2.17601174998454, 41.351557322824902 ], [ 2.17603010092953, 41.351571415945401 ], [ 2.17604267928317, 41.351588260078699 ], [ 2.17604981523659, 41.3516101094826 ], [ 2.17605443881261, 41.351632121049597 ], [ 2.17605789322182, 41.351652052505102 ], [ 2.17605836053998, 41.3516718724985 ], [ 2.17604843109053, 41.351691437903298 ], [ 2.1760312069453, 41.3517112213056 ], [ 2.17600087740835, 41.351755951906 ], [ 2.17599518029497, 41.351771674356002 ], [ 2.17599402302285, 41.351787609463102 ], [ 2.17600166662892, 41.351807120536698 ], [ 2.17601989811157, 41.351821212803003 ], [ 2.17603196772639, 41.351840485337398 ], [ 2.17603637837467, 41.351860423639401 ], [ 2.1760375617282, 41.351880338834498 ], [ 2.17603510609037, 41.351913919476402 ], [ 2.17603595725317, 41.351941218497501 ], [ 2.17605174622091, 41.351968894696199 ], [ 2.17605419870032, 41.351982964058998 ], [ 2.17605198724921, 41.351997180181002 ], [ 2.17604623646938, 41.352007677860001 ], [ 2.17603786511848, 41.352017436170698 ], [ 2.17602412628181, 41.352026255293502 ], [ 2.17601819690441, 41.352041435626901 ], [ 2.17601860147064, 41.352056751386598 ], [ 2.17602844035966, 41.352091771189897 ], [ 2.17604161787227, 41.352117987481002 ], [ 2.17604226629097, 41.352180324482397 ], [ 2.17604802273674, 41.352207298320103 ], [ 2.17607411974594, 41.352270718278703 ], [ 2.17609291438296, 41.352306522798898 ], [ 2.17611755467229, 41.352343269922301 ], [ 2.17614520255584, 41.352378507284897 ], [ 2.17622919006356, 41.352477290978598 ], [ 2.17626145062854, 41.3525069766401 ], [ 2.17628608396411, 41.352534806186497 ], [ 2.17631797917846, 41.352565029670899 ], [ 2.17636890934555, 41.352593047412697 ], [ 2.17638997126586, 41.352610222448703 ], [ 2.17640837854135, 41.352629360147098 ], [ 2.17642024908875, 41.352645478566103 ], [ 2.17642887981807, 41.352662564630499 ], [ 2.17643830399085, 41.352711543154598 ], [ 2.17644746541097, 41.352733947479003 ], [ 2.17645962646795, 41.352755472511902 ], [ 2.176524590943, 41.352846103119099 ], [ 2.17654576413004, 41.352882915414803 ], [ 2.17657987660017, 41.352926936265597 ], [ 2.17659684964152, 41.352946063670998 ], [ 2.17660854401021, 41.352966684591898 ], [ 2.17661802121871, 41.353058899791201 ], [ 2.1766301994156, 41.353079073792998 ], [ 2.17665210055228, 41.353096074633001 ], [ 2.176680727259, 41.3531106014673 ], [ 2.17669658790558, 41.353123145376699 ], [ 2.17670835610356, 41.353137911898003 ], [ 2.17671367412483, 41.353152271971297 ], [ 2.17671623950998, 41.353166882579103 ], [ 2.17671788039588, 41.353207428360001 ], [ 2.17672379418701, 41.353231430789201 ], [ 2.17674057366609, 41.353275417666801 ], [ 2.17675276669295, 41.353294420777701 ], [ 2.17680563737828, 41.353348754294899 ], [ 2.17683956339459, 41.353388630252702 ], [ 2.17690452827838, 41.353488808659399 ], [ 2.17692868719441, 41.353535370405801 ], [ 2.1770128824901, 41.353665321172102 ], [ 2.17713636608678, 41.353827079278801 ], [ 2.17718026955964, 41.353891076670998 ], [ 2.17721575568678, 41.353930513291701 ], [ 2.17722794670344, 41.353949696487597 ], [ 2.1772372575841, 41.353969759847203 ], [ 2.17725799896926, 41.354031429795299 ], [ 2.17727132070643, 41.354055755381403 ], [ 2.17735314229331, 41.354155963960203 ], [ 2.17736802710191, 41.354179580103199 ], [ 2.17740430174448, 41.354251359453897 ], [ 2.17743061696728, 41.354288118259298 ], [ 2.17745808626417, 41.354318670088603 ], [ 2.17747300969856, 41.354339223922103 ], [ 2.17748349450621, 41.354361007088301 ], [ 2.17750849330261, 41.354454864417399 ], [ 2.17751707806282, 41.354475643168399 ], [ 2.1775513136519, 41.354538490409197 ], [ 2.17759351539045, 41.3546332813414 ], [ 2.17763461549506, 41.3547111301664 ], [ 2.17764987953914, 41.354733127619902 ], [ 2.17772417359244, 41.354823644043201 ], [ 2.17773861568328, 41.3548444646284 ], [ 2.17778535516639, 41.354930190270601 ], [ 2.17782153894621, 41.354990259002101 ], [ 2.17784849196894, 41.355042875574902 ], [ 2.17786999173703, 41.355091850158402 ], [ 2.17788330431089, 41.3551074382694 ], [ 2.17793458661755, 41.3551551843886 ], [ 2.17800307359429, 41.355232237877097 ], [ 2.17801090344796, 41.3552465257522 ], [ 2.17801501636442, 41.355261687833902 ], [ 2.17801427759466, 41.3552823999499 ], [ 2.17800038534792, 41.355303378415897 ], [ 2.17799750004123, 41.355314166881001 ], [ 2.1780017959525, 41.355324286035497 ], [ 2.17802068657754, 41.355333608679601 ], [ 2.17804960462841, 41.3553440838485 ], [ 2.17806353310519, 41.355358235127298 ], [ 2.17811158146995, 41.355425504477701 ], [ 2.17816178953203, 41.355511164656903 ], [ 2.17818448049273, 41.3555415020327 ], [ 2.17825132633149, 41.3555970155777 ], [ 2.17827056607525, 41.355616609293797 ], [ 2.17828751877842, 41.355637447735099 ], [ 2.17831361129631, 41.355682491698502 ], [ 2.17837785152487, 41.355774106886201 ], [ 2.17838706046429, 41.355792818285799 ], [ 2.17839315125837, 41.355812318103403 ], [ 2.17840093212206, 41.355859032821797 ], [ 2.17841053994274, 41.355884052359997 ], [ 2.17843409065143, 41.355931600265002 ], [ 2.17844743585646, 41.355954124364203 ], [ 2.1785421327303, 41.356086040528602 ], [ 2.17856445462847, 41.356107727934301 ], [ 2.17859038870802, 41.356127369379401 ], [ 2.1786297591932, 41.3561527814838 ], [ 2.17864436782428, 41.356169910040499 ], [ 2.17867876226745, 41.356229785570498 ], [ 2.17872719380855, 41.356304713817899 ], [ 2.17873641084625, 41.356322794716803 ], [ 2.17875763864724, 41.3563744694533 ], [ 2.17876607214975, 41.356388311204697 ], [ 2.17877823510543, 41.356400287981501 ], [ 2.17883296462607, 41.356440221715197 ], [ 2.17884105991614, 41.356452439686699 ], [ 2.17884256137399, 41.356466141892398 ], [ 2.17883707775984, 41.356502943685904 ], [ 2.17883799125431, 41.356525379029698 ], [ 2.17884464530561, 41.356538127170197 ], [ 2.17885610579096, 41.356548927943201 ], [ 2.17887092693342, 41.356558671787198 ], [ 2.17891840601023, 41.356585763009598 ], [ 2.17893128060001, 41.356598195225402 ], [ 2.17895024396394, 41.356630307362501 ], [ 2.17895790597778, 41.356648467223899 ], [ 2.17896817431594, 41.356687543219202 ], [ 2.17898491924995, 41.356724953983303 ], [ 2.17901084150701, 41.356764592031503 ], [ 2.17904992958993, 41.356812520875799 ], [ 2.1791077356632, 41.356912106471199 ], [ 2.17912487485296, 41.356937179669103 ], [ 2.17921651595241, 41.357046104187802 ], [ 2.17926847038465, 41.357126191634798 ], [ 2.17933678521651, 41.357226752813702 ], [ 2.17935419720795, 41.357258673666998 ], [ 2.17938102188683, 41.357331195656002 ], [ 2.17939136676228, 41.357354689078001 ], [ 2.17940507006964, 41.357377305691003 ], [ 2.17942389474086, 41.357391942092796 ], [ 2.17944464676294, 41.357405421251499 ], [ 2.17946721074932, 41.357426930053798 ], [ 2.17948640161753, 41.357450486539904 ], [ 2.17949504055405, 41.357467031968397 ], [ 2.17949996470883, 41.357484271514998 ], [ 2.1795039578308, 41.357518528709903 ], [ 2.17950476862415, 41.357549160191397 ], [ 2.17950749279175, 41.3575607092898 ], [ 2.17951573503259, 41.357570766445598 ], [ 2.17956049622792, 41.357595405981698 ], [ 2.17957676088557, 41.357613987432899 ], [ 2.17958474108648, 41.3576353922397 ], [ 2.17958776811415, 41.357660905211503 ], [ 2.17959580791742, 41.3576870844485 ], [ 2.1796310200039, 41.357729580922502 ], [ 2.17964485884575, 41.357750937413897 ], [ 2.17965761617783, 41.357772736571903 ], [ 2.17967525589686, 41.357815107765703 ], [ 2.17970499637891, 41.357855403398602 ], [ 2.17972515781295, 41.357896891803499 ], [ 2.17973955031919, 41.357921765177302 ], [ 2.17975670584367, 41.357945577336103 ], [ 2.17983038189659, 41.358028701760801 ], [ 2.17988468274183, 41.358064848757799 ], [ 2.17989825582864, 41.358078817126 ], [ 2.17992177282401, 41.358110150867503 ], [ 2.17993028223909, 41.358127506019102 ], [ 2.17993502596108, 41.358149608341101 ], [ 2.17993829892344, 41.358212684571797 ], [ 2.17994233218994, 41.358234241376998 ], [ 2.17995163432158, 41.3582551151232 ], [ 2.17996446194893, 41.358271330060703 ], [ 2.17997993984302, 41.358285942521398 ], [ 2.18001345463435, 41.358311312420597 ], [ 2.18002807427915, 41.358327630195298 ], [ 2.18003645403407, 41.358345795094799 ], [ 2.18003824909428, 41.358393277715201 ], [ 2.18004343289061, 41.358408897725901 ], [ 2.18009171808434, 41.358467160353101 ], [ 2.18012524516732, 41.358501087486701 ], [ 2.1801385103596, 41.358520548242502 ], [ 2.18014781485417, 41.358541241837699 ], [ 2.18016059881311, 41.358589523346801 ], [ 2.1801689447278, 41.3586103902622 ], [ 2.18017956872768, 41.358630732952598 ], [ 2.18019483904974, 41.358652369799898 ], [ 2.18022880036923, 41.358689812943403 ], [ 2.18024641548638, 41.358705611574599 ], [ 2.1802815174186, 41.358728380508801 ], [ 2.18029594108391, 41.358741273980897 ], [ 2.1803077156134, 41.358755679866498 ], [ 2.1803214070945, 41.3587792871133 ], [ 2.18033150101458, 41.358803769490002 ], [ 2.18034784632184, 41.358863606016101 ], [ 2.18037816998348, 41.358933720637602 ], [ 2.18040379651361, 41.359006594139899 ], [ 2.18041652382881, 41.359030825036697 ], [ 2.18051105302781, 41.359167242113401 ], [ 2.18060876141525, 41.359269453031501 ], [ 2.18064254613128, 41.359311488646398 ], [ 2.18065969782517, 41.359335660941397 ], [ 2.18067882867517, 41.359364080876297 ], [ 2.18069567692053, 41.359393385312401 ], [ 2.18071786019491, 41.359445336694797 ], [ 2.18073692859274, 41.359497806350497 ], [ 2.18076026802514, 41.359543370589897 ], [ 2.18078737434017, 41.359584097559399 ], [ 2.18081921744333, 41.359618913254003 ], [ 2.1808513514466, 41.359659135544 ], [ 2.18089622101954, 41.359722958196301 ], [ 2.18094243728547, 41.359784268299798 ], [ 2.18095664352054, 41.359804996713699 ], [ 2.1809666849146, 41.359824164199303 ], [ 2.18098546612821, 41.359870957006997 ], [ 2.18103244840233, 41.359928399276001 ], [ 2.18104652174938, 41.359940659630198 ], [ 2.18108691379353, 41.359970672007499 ], [ 2.18110661464603, 41.359991799805002 ], [ 2.18111362910961, 41.360014008306599 ], [ 2.18111801020932, 41.360036468295803 ], [ 2.18114382300906, 41.360104118565403 ], [ 2.18116046629966, 41.360140267214497 ], [ 2.18122263276945, 41.360245377338899 ], [ 2.18142592778517, 41.3606229791028 ], [ 2.18155768333653, 41.3608611752257 ], [ 2.18165045122217, 41.361024061017197 ], [ 2.18169757238876, 41.361099158800201 ], [ 2.1818495074318, 41.361320473789199 ], [ 2.18196528610888, 41.3615076631554 ], [ 2.18209973630982, 41.3617028216796 ], [ 2.18238064497508, 41.362156006204401 ], [ 2.18250238140345, 41.362325942838503 ], [ 2.18262929207204, 41.362531495923498 ], [ 2.18276997980909, 41.362725346810201 ], [ 2.18281375258895, 41.362791142562003 ], [ 2.18294807071537, 41.363016384347503 ], [ 2.18303630074596, 41.363160230822601 ], [ 2.183057120954, 41.363187581435099 ], [ 2.1830845468709, 41.363212546898303 ], [ 2.18311208207411, 41.363228775805901 ], [ 2.18314376198403, 41.363238638766298 ], [ 2.18318015055542, 41.363244842044402 ], [ 2.18321679738217, 41.363249515860304 ], [ 2.18337134377374, 41.363262772882102 ], [ 2.18341368851618, 41.363270729788397 ], [ 2.18343355775481, 41.363278527198098 ], [ 2.18345241654618, 41.363290641059301 ], [ 2.18346446658715, 41.363302256227797 ], [ 2.18347476072857, 41.363320434448497 ], [ 2.18347583821077, 41.363339448026998 ], [ 2.18341768072702, 41.363592147540302 ], [ 2.18340048281661, 41.3636766964797 ], [ 2.18332436506914, 41.364122660581302 ], [ 2.18329596361587, 41.364252167735799 ], [ 2.1832631065635, 41.364355521363301 ], [ 2.18307821523836, 41.3648640668805 ], [ 2.18328141835696, 41.364908597750798 ], [ 2.18305956959938, 41.3651980208856 ], [ 2.18301028719759, 41.365218874779202 ], [ 2.18288993942827, 41.3651935377789 ], [ 2.18285863974412, 41.365155123522001 ], [ 2.18290093251404, 41.3648548149148 ], [ 2.18252834481403, 41.364779513849001 ], [ 2.18252477893382, 41.364774011928098 ], [ 2.1824015556837, 41.364749230473301 ], [ 2.18232245382099, 41.364631633354797 ], [ 2.18211967113128, 41.364313901211197 ], [ 2.18089795184554, 41.362415670694404 ], [ 2.17994458046878, 41.360946486555797 ], [ 2.17970095900866, 41.360564739529202 ], [ 2.17909920291212, 41.359639516084997 ], [ 2.17803588721996, 41.357981309350599 ], [ 2.17776322277962, 41.3575655362541 ], [ 2.17709321999669, 41.3565180951664 ], [ 2.17673362802115, 41.355967935648003 ], [ 2.17627102848559, 41.355244263661497 ], [ 2.17526640557526, 41.353695063692498 ], [ 2.17515681835539, 41.353531367479299 ], [ 2.1746204318632, 41.352695402880698 ], [ 2.17451056580238, 41.352529434124797 ], [ 2.17446073477968, 41.352448549038101 ], [ 2.17254223171999, 41.349477469257401 ], [ 2.17242306219978, 41.3492890207134 ], [ 2.17210249607629, 41.349403786417803 ], [ 2.17202655132828, 41.349288033239802 ], [ 2.17199105888841, 41.349230669890503 ], [ 2.17191764398299, 41.349064348327801 ], [ 2.17190243745374, 41.349008824338199 ], [ 2.17186902672406, 41.348853239368999 ], [ 2.17221956593189, 41.348810498246898 ], [ 2.17193158314076, 41.347472810816598 ], [ 2.17181445566027, 41.346943484689099 ], [ 2.17167745150775, 41.346304807511302 ], [ 2.17155057236959, 41.345724725206999 ], [ 2.17154274961961, 41.345679901246697 ], [ 2.17129073204416, 41.344522504887898 ], [ 2.17139303762811, 41.3445098580682 ], [ 2.17145402412653, 41.344498423362403 ], [ 2.17146993686656, 41.344497186786803 ], [ 2.17148578681107, 41.3445009039242 ], [ 2.17149598754189, 41.344507102512203 ], [ 2.17150787940245, 41.344521330016804 ], [ 2.17151140400909, 41.344535587361399 ], [ 2.17151355307021, 41.344564066774502 ], [ 2.17155409291481, 41.344685060134701 ], [ 2.17156392107783, 41.344701794899102 ], [ 2.17158035803204, 41.344715784886098 ], [ 2.17159472931843, 41.344723004319398 ], [ 2.17160842688964, 41.344726796022499 ], [ 2.17162251497475, 41.344728068413403 ], [ 2.17167106942023, 41.344725985849202 ], [ 2.17169118468781, 41.344723248202897 ], [ 2.17170248542443, 41.344718105143201 ], [ 2.17180176380614, 41.3446464887909 ], [ 2.17224906502513, 41.344313724246497 ], [ 2.17230988168014, 41.344258855128103 ], [ 2.17233482968998, 41.344214266890503 ], [ 2.17234059998675, 41.344192780278597 ], [ 2.1723433357579, 41.344080565536999 ], [ 2.17233988584905, 41.344032079958602 ], [ 2.17230063190656, 41.3438377744232 ], [ 2.17229700469204, 41.343737223764897 ], [ 2.17227359766619, 41.343622388947203 ], [ 2.17224432540307, 41.343508232543499 ], [ 2.17217709721616, 41.343295530432997 ], [ 2.17215947720452, 41.343223973589403 ], [ 2.17207089671771, 41.342772056657097 ], [ 2.17201220795967, 41.342545814412802 ], [ 2.17198329574365, 41.342337261074199 ], [ 2.17195010805366, 41.342183172821201 ], [ 2.17192742517786, 41.3420961765394 ], [ 2.17189637391796, 41.341877249055102 ], [ 2.17188925520057, 41.341854228500999 ], [ 2.17187127155746, 41.341820861124198 ], [ 2.17185628369395, 41.341786884770698 ], [ 2.17184381250798, 41.341714644305398 ], [ 2.1718243820316, 41.341653973538101 ], [ 2.17180215077488, 41.341550226373201 ], [ 2.17179671046241, 41.3415079416663 ], [ 2.17178949870195, 41.341341339584801 ], [ 2.17177936163312, 41.341282987580399 ], [ 2.17176168632706, 41.341225301931601 ], [ 2.1717367015517, 41.341169094963703 ], [ 2.17172364528735, 41.3411053173946 ], [ 2.17172138388467, 41.341066838743998 ], [ 2.17171624968985, 41.341028699720901 ], [ 2.17166507912487, 41.340897901643999 ], [ 2.17166333835928, 41.340846635971197 ], [ 2.17163437354555, 41.340727257178102 ], [ 2.17160745773028, 41.340634825796499 ], [ 2.17160455515156, 41.340609223368901 ], [ 2.17160637264312, 41.340550687162903 ], [ 2.17160231002624, 41.340531741996301 ], [ 2.1715433761355, 41.340381701823098 ], [ 2.17153056502332, 41.340345759420998 ], [ 2.17152269336533, 41.340316157883102 ], [ 2.17152515122879, 41.340301403139897 ], [ 2.17153596553283, 41.340287429157897 ], [ 2.1715535723931, 41.340275035359603 ], [ 2.17158614515982, 41.340260587465899 ], [ 2.17161180094201, 41.340254376752 ], [ 2.1716515369933, 41.340249978817397 ], [ 2.1718727525581, 41.3402416624713 ], [ 2.17204682597851, 41.340237420279699 ], [ 2.17207542834548, 41.340234473390403 ], [ 2.17208753516848, 41.340231678057798 ], [ 2.17210341290261, 41.340223685452003 ], [ 2.17211647491044, 41.340211529100799 ], [ 2.1721240235735, 41.340200594149898 ], [ 2.17212961017807, 41.340184150458697 ], [ 2.17212898350466, 41.340167571997 ], [ 2.17208432112982, 41.339985297523299 ], [ 2.17206979468894, 41.3399054759048 ], [ 2.17205263683834, 41.339825815504703 ], [ 2.17201735126739, 41.339714768368097 ], [ 2.17193204436198, 41.339467166644198 ], [ 2.17191838012736, 41.339413653351201 ], [ 2.17189403201924, 41.339250621025798 ], [ 2.17180472696727, 41.338818695223999 ], [ 2.17178926195951, 41.338709231844398 ], [ 2.1717785933457, 41.338663148824999 ], [ 2.17172091500667, 41.3386692687384 ], [ 2.17171702912754, 41.338666565519098 ], [ 2.1716623440362, 41.338674621057201 ], [ 2.1716640733573, 41.338680569502799 ], [ 2.17160908319361, 41.338686289855097 ], [ 2.17160746695783, 41.3386817924439 ], [ 2.17100546830901, 41.338750257064198 ], [ 2.17100645089791, 41.338754767934603 ], [ 2.17099358259684, 41.3387563686682 ], [ 2.1709505679566, 41.338559272796999 ], [ 2.17097120815447, 41.338555707650798 ], [ 2.17099267434086, 41.338512265563303 ], [ 2.171010566774, 41.338467896970798 ], [ 2.17102920964042, 41.338439747435103 ], [ 2.17105058853705, 41.338412608437601 ], [ 2.17107105331367, 41.338363304190302 ], [ 2.17109733487592, 41.338345388233002 ], [ 2.17110658167636, 41.338332483906797 ], [ 2.17111021975153, 41.338318908653903 ], [ 2.17109168968415, 41.3381873545123 ], [ 2.17100569603515, 41.3378152622534 ], [ 2.17097480821222, 41.337715776153601 ], [ 2.17095387952119, 41.337632034987102 ], [ 2.17093519916982, 41.337512369738597 ], [ 2.17091831112722, 41.337449285045601 ], [ 2.17091126177171, 41.337345466855197 ], [ 2.17090535337431, 41.337179954905501 ], [ 2.17090061655781, 41.337129388213803 ], [ 2.17089241075421, 41.337079066758498 ], [ 2.17087382328502, 41.336999215698 ], [ 2.17080167984633, 41.336600110153903 ], [ 2.17077415625472, 41.336471013252797 ], [ 2.17073380297417, 41.336316962954498 ], [ 2.17071299085415, 41.336261776623402 ], [ 2.17068966354116, 41.336207022543803 ], [ 2.17067830368312, 41.3361698294188 ], [ 2.17063280689518, 41.335940798868997 ], [ 2.17061344981372, 41.3358557178043 ], [ 2.17060460661063, 41.335836828213402 ], [ 2.17059216698653, 41.335818813462801 ], [ 2.17057766616145, 41.335803125829699 ], [ 2.17056556562593, 41.335786644810199 ], [ 2.17055454431883, 41.335741617507303 ], [ 2.17054615544948, 41.3356963389474 ], [ 2.17053688047659, 41.3356643852335 ], [ 2.17054684724275, 41.335632390043699 ], [ 2.17055131768059, 41.335609723135001 ], [ 2.17055340040901, 41.335586858866101 ], [ 2.17054589947478, 41.335537533288601 ], [ 2.17054783708476, 41.335526107613298 ], [ 2.17056092356407, 41.335511969933997 ], [ 2.17061237029001, 41.335479192759998 ], [ 2.1706573822812, 41.335444927979403 ], [ 2.17069909051649, 41.3354073065668 ], [ 2.17070858053808, 41.335394043714402 ], [ 2.1707148532167, 41.335380037071303 ], [ 2.17074043582048, 41.3352946492938 ], [ 2.17075035237062, 41.335238333227203 ], [ 2.17074804668489, 41.335212825132302 ], [ 2.17074107940326, 41.335187373525102 ], [ 2.17072141486253, 41.335154804507503 ], [ 2.17072422205044, 41.3351407728927 ], [ 2.17073574807552, 41.335127164404 ], [ 2.17074733190665, 41.335118420429801 ], [ 2.17076573058812, 41.3351094553283 ], [ 2.1707841870782, 41.335105354739497 ], [ 2.17088832070501, 41.3351021416265 ], [ 2.17097578960266, 41.335093674053198 ], [ 2.17103940058928, 41.3350911597365 ], [ 2.17106062379825, 41.335085637816597 ], [ 2.17106740136841, 41.3350789309386 ], [ 2.17106656642328, 41.335069376878401 ], [ 2.17105941901056, 41.335048698015498 ], [ 2.17105344993821, 41.334991636970699 ], [ 2.17102416597472, 41.334860005289599 ], [ 2.171026103155, 41.334829753735399 ], [ 2.17105040475843, 41.334798222050502 ], [ 2.17095473057087, 41.3340993607545 ], [ 2.17014427971895, 41.334192425961803 ], [ 2.17014163541996, 41.334196442296502 ], [ 2.17020855538826, 41.334511307776403 ], [ 2.17021748836835, 41.334521217479697 ], [ 2.17026396046549, 41.334549845371498 ], [ 2.17027156097697, 41.3345602228666 ], [ 2.17027136953278, 41.334566833058702 ], [ 2.17026244975784, 41.334579424418699 ], [ 2.17024982240083, 41.334591295463603 ], [ 2.17023592983907, 41.334601157700099 ], [ 2.17020764810521, 41.334615753267698 ], [ 2.17017572621582, 41.334622431931997 ], [ 2.17014435324195, 41.334622584041497 ], [ 2.17010393363499, 41.334616131397702 ], [ 2.1700828220077, 41.334606277987703 ], [ 2.17006040332404, 41.3345882993084 ], [ 2.17004764622336, 41.334562373541203 ], [ 2.17003616217368, 41.334519009247899 ], [ 2.17002024110802, 41.3344391862545 ], [ 2.16997339442005, 41.334235799271298 ], [ 2.16997683920449, 41.3341997937464 ], [ 2.16998661891582, 41.334158060041098 ], [ 2.16999482734601, 41.334134663468298 ], [ 2.17000673526675, 41.3341173286612 ], [ 2.17003522024284, 41.3340961230342 ], [ 2.17006339103953, 41.334081778919803 ], [ 2.17010339788377, 41.334064232375297 ], [ 2.1701314774267, 41.3340570756449 ], [ 2.17026942336934, 41.334041208016103 ], [ 2.17068909208764, 41.333985179015102 ], [ 2.17111890681521, 41.333934952183697 ], [ 2.1711403151295, 41.333919323259501 ], [ 2.1711299491131, 41.333882929990502 ], [ 2.17110331700254, 41.333759901639901 ], [ 2.17103967858056, 41.333486612297399 ], [ 2.17099518421627, 41.333317111187498 ], [ 2.17098344015489, 41.333252748404398 ], [ 2.17090461322466, 41.3328842924168 ], [ 2.17086807883583, 41.332737394593103 ], [ 2.17084305652412, 41.3326137742485 ], [ 2.17081480584321, 41.332509145670201 ], [ 2.17078132797416, 41.332366269203597 ], [ 2.17071698989301, 41.332114430675098 ], [ 2.17069121605607, 41.331988859229803 ], [ 2.17060541357763, 41.3316231991016 ], [ 2.17057942799267, 41.331500220283502 ], [ 2.17055809553002, 41.331418349631697 ], [ 2.17053282648105, 41.331300131974103 ], [ 2.17052473599636, 41.331274708273298 ], [ 2.17049261253501, 41.331139146617701 ], [ 2.17047089579969, 41.331027295892397 ], [ 2.17044144916153, 41.3308917535105 ], [ 2.17040538063328, 41.330750686767999 ], [ 2.17038793656336, 41.330693921254799 ], [ 2.17036545723239, 41.330581920883297 ], [ 2.17034054583793, 41.330495844855598 ], [ 2.17033401870625, 41.330452705455102 ], [ 2.17031706867637, 41.330387152074302 ], [ 2.17031097518178, 41.330354104307602 ], [ 2.1702741983522, 41.330223697402701 ], [ 2.17025473989795, 41.330114745332402 ], [ 2.17024163664604, 41.330062478854899 ], [ 2.17023251370367, 41.330043100791499 ], [ 2.17022908684878, 41.330011801703002 ], [ 2.17021287168068, 41.329963692311502 ], [ 2.17020693551169, 41.329904127300601 ], [ 2.17019617141728, 41.329863407407501 ], [ 2.17019173747257, 41.329836136460301 ], [ 2.17016870265653, 41.3297378235808 ], [ 2.17014552343515, 41.329650895259398 ], [ 2.17013555058872, 41.329593030595198 ], [ 2.17010700909711, 41.3294766627955 ], [ 2.17009171517393, 41.329401176923199 ], [ 2.17004759834891, 41.3292315159255 ], [ 2.17002672448566, 41.329127741970503 ], [ 2.16999810838667, 41.329017282583003 ], [ 2.1699493277258, 41.328808386827099 ], [ 2.16993168232812, 41.328722363089398 ], [ 2.16988606980393, 41.328519975618597 ], [ 2.16986598404376, 41.328415342577401 ], [ 2.16984287518072, 41.328322938063302 ], [ 2.16979204565688, 41.328095723993698 ], [ 2.16972905789298, 41.3278604954969 ], [ 2.16970193287262, 41.327768206096103 ], [ 2.16966644296591, 41.327596877684897 ], [ 2.16962010022664, 41.327391890615701 ], [ 2.16959798539518, 41.327311599427397 ], [ 2.16952496315134, 41.327009425946798 ], [ 2.16944903836673, 41.3266789836157 ], [ 2.16940000402488, 41.326475274100297 ], [ 2.16938901984946, 41.326391748387998 ], [ 2.16935525289803, 41.326370895297003 ], [ 2.16937272920062, 41.326325235771897 ], [ 2.16938015140594, 41.3262677127315 ], [ 2.16941063992303, 41.326223038858899 ], [ 2.1694398627766, 41.326112420180401 ], [ 2.1694599181869, 41.326061257589799 ], [ 2.16947109184609, 41.326016948744801 ], [ 2.16948520527941, 41.325982029020402 ], [ 2.16949688928686, 41.3259426960526 ], [ 2.16951866551334, 41.3259141009095 ], [ 2.16954645334304, 41.325803543903703 ], [ 2.16956439885553, 41.325745376166601 ], [ 2.1695728493283, 41.325688725256903 ], [ 2.16958283099337, 41.325647938778701 ], [ 2.16959730510808, 41.3256222454281 ], [ 2.16959949407839, 41.325570305354297 ], [ 2.16963397699925, 41.325534739901499 ], [ 2.16962632199811, 41.325520272504797 ], [ 2.16963839408231, 41.325503064998003 ], [ 2.16965107581457, 41.325475485126702 ], [ 2.16965747227513, 41.325438491999698 ], [ 2.16967893862189, 41.325426756825301 ], [ 2.16968031296417, 41.325401329262 ], [ 2.16969439414343, 41.325353870687998 ], [ 2.16971522476639, 41.325301848907699 ], [ 2.169730605664, 41.325257426259903 ], [ 2.1697595727401, 41.325207354761901 ], [ 2.16978604855969, 41.3251360884043 ], [ 2.16980958692139, 41.325053361191799 ], [ 2.16982671790771, 41.325030146049897 ], [ 2.16985281193119, 41.3249277556408 ], [ 2.16986078469245, 41.324872938807403 ], [ 2.16988562280796, 41.3248233599343 ], [ 2.16989822374869, 41.324771999367997 ], [ 2.16991889963471, 41.324729317317001 ], [ 2.16994704046056, 41.324601206909598 ], [ 2.16996971592653, 41.324531831713998 ], [ 2.17004610712344, 41.324328351285899 ], [ 2.17006562394092, 41.324242334254997 ], [ 2.17011235213058, 41.324158855405699 ], [ 2.17013266287765, 41.324095011807898 ], [ 2.17015251749806, 41.3240209683049 ], [ 2.17015859825599, 41.323951374330697 ], [ 2.17017030570219, 41.323910131835397 ], [ 2.17019380827311, 41.323879125952701 ], [ 2.17019889714059, 41.323834025517499 ], [ 2.17021708863826, 41.323776156681298 ], [ 2.17022774000653, 41.323753164986897 ], [ 2.1702552116177, 41.323659828032199 ], [ 2.1702701008999, 41.323654098440102 ], [ 2.17029023283478, 41.323626932501 ], [ 2.17026864667549, 41.323610491131603 ], [ 2.17029349685345, 41.323580620892599 ], [ 2.17027695044371, 41.323558739229 ], [ 2.17029646237271, 41.323550304644698 ], [ 2.17032096804738, 41.323509911029099 ], [ 2.17034148917086, 41.323489737790098 ], [ 2.17033281430369, 41.323465246623002 ], [ 2.17034035036409, 41.323436332476497 ], [ 2.17034916173736, 41.323389772608799 ], [ 2.17037279482014, 41.323357875873697 ], [ 2.17037238020081, 41.323330273571202 ], [ 2.17036542307108, 41.3233060109702 ], [ 2.17038306021522, 41.3232871140304 ], [ 2.17040009354161, 41.323255530022003 ], [ 2.17041766882644, 41.323233029587101 ], [ 2.17041055563014, 41.323198461158597 ], [ 2.17042323582613, 41.323186013962101 ], [ 2.17042200406827, 41.323170079630898 ], [ 2.17043123036225, 41.323143555668302 ], [ 2.17044263234471, 41.323133909630698 ], [ 2.17044811084533, 41.323108943993397 ], [ 2.17047623903334, 41.323054236335999 ], [ 2.17048667440182, 41.323022820942803 ], [ 2.17049652128629, 41.323000120673299 ], [ 2.17050348007511, 41.322971490596501 ], [ 2.17051278178524, 41.322946552509201 ], [ 2.17051780371606, 41.322912359785001 ], [ 2.17052352505148, 41.322890854815299 ], [ 2.17053728925976, 41.3228607605026 ], [ 2.17055318968599, 41.322835581722501 ], [ 2.17056426826565, 41.322791127937201 ], [ 2.17059632741065, 41.322705318274998 ], [ 2.17059575933775, 41.322674733345401 ], [ 2.17062032654502, 41.322591752121497 ], [ 2.17065018495173, 41.322573952055301 ], [ 2.17064562953415, 41.322541203589999 ], [ 2.17064857256166, 41.322520183019002 ], [ 2.17065975447655, 41.322482647811199 ], [ 2.17068475957252, 41.322455588971401 ], [ 2.17069306673422, 41.322418609533301 ], [ 2.17068074359884, 41.322410449921698 ], [ 2.17076965792143, 41.322228191017999 ], [ 2.17078124279296, 41.322173940573698 ], [ 2.17079514150875, 41.322163375695403 ], [ 2.17079955412195, 41.3221319889387 ], [ 2.17081460605717, 41.322060612976699 ], [ 2.17083646963777, 41.322009895497601 ], [ 2.17085357418181, 41.3220028126294 ], [ 2.17085060200244, 41.321970525954903 ], [ 2.17086888100856, 41.321942427780399 ], [ 2.17088341326174, 41.321849826130801 ], [ 2.17089686198877, 41.321844590503801 ], [ 2.17091398783608, 41.3218056568656 ], [ 2.1708963032012, 41.321798179264398 ], [ 2.17093244942488, 41.321691501274302 ], [ 2.17094864378249, 41.321635554549303 ], [ 2.17096220928638, 41.321606017218897 ], [ 2.17097554785901, 41.321563273093297 ], [ 2.17098024403619, 41.321525528994698 ], [ 2.17101696649727, 41.321478953910599 ], [ 2.17102056744089, 41.321436175673803 ], [ 2.1710301600392, 41.321433506449402 ], [ 2.17103972949516, 41.3214175778525 ], [ 2.17103413538074, 41.3214064401839 ], [ 2.17108246045367, 41.321304173507698 ], [ 2.1711002983018, 41.321254291708897 ], [ 2.17111390393239, 41.321236662711001 ], [ 2.17110639094217, 41.321226087713796 ], [ 2.17112013592709, 41.321182373672997 ], [ 2.17114953318507, 41.321110380353097 ], [ 2.17114776221726, 41.321099270221097 ], [ 2.17115975626378, 41.321042860846703 ], [ 2.17119132270434, 41.321041070453603 ], [ 2.17119979259462, 41.321021386757302 ], [ 2.17117944528985, 41.320997748383299 ], [ 2.17118653325944, 41.320981513659902 ], [ 2.17117254104616, 41.320969306669802 ], [ 2.17119168578537, 41.320921884335398 ], [ 2.17120730218935, 41.320926608684701 ], [ 2.17124568595352, 41.320839403134499 ], [ 2.17125465368295, 41.320795510553999 ], [ 2.17129753491885, 41.320654147566003 ], [ 2.17130789179256, 41.320606229570899 ], [ 2.17135804810342, 41.320480051725802 ], [ 2.17137367014137, 41.320423956685701 ], [ 2.17138713964601, 41.320386870226699 ], [ 2.17140844648272, 41.320349840187298 ], [ 2.17141322819723, 41.320319464906497 ], [ 2.17142800470868, 41.320284837922102 ], [ 2.17152626783911, 41.319982889424303 ], [ 2.1715429247225, 41.3199507260289 ], [ 2.17153779738284, 41.319917829345201 ], [ 2.17156411276533, 41.319862675973198 ], [ 2.1715932548245, 41.319765459363197 ], [ 2.17161259644235, 41.319687340412997 ], [ 2.17163535823218, 41.319625964206999 ], [ 2.17166008956153, 41.319575114057102 ], [ 2.1716866752528, 41.319543886824697 ], [ 2.17167833023424, 41.319538638382397 ], [ 2.17169034988766, 41.319479202561702 ], [ 2.17170816347019, 41.319416061266502 ], [ 2.17172452313535, 41.319392254769497 ], [ 2.1717478208212, 41.319364030419202 ], [ 2.1717411181603, 41.319349858245197 ], [ 2.17173816641661, 41.319311212348801 ], [ 2.17176183584801, 41.319268722607198 ], [ 2.17182943506312, 41.319108513160799 ], [ 2.17184278179599, 41.319081081919997 ], [ 2.17185155224109, 41.319037620224499 ], [ 2.171989567428, 41.318645592863298 ], [ 2.17204389292449, 41.318461651793697 ], [ 2.17206689713326, 41.318350843429002 ], [ 2.17211328797852, 41.318310471698197 ], [ 2.17209720183021, 41.318292872207003 ], [ 2.17213099338229, 41.318233160563302 ], [ 2.17213311578829, 41.318177796997603 ], [ 2.17215451446843, 41.318133417248397 ], [ 2.17219858561542, 41.318028020820599 ], [ 2.17227007107372, 41.317808821113601 ], [ 2.1723498018992, 41.317624414020003 ], [ 2.17240977712973, 41.317448944498302 ], [ 2.17239861064383, 41.317378025592703 ], [ 2.17237372977747, 41.317366860095802 ], [ 2.17234054110006, 41.317355361922999 ], [ 2.17230373084151, 41.317346810211497 ], [ 2.17229222579531, 41.317340151914699 ], [ 2.17228716737254, 41.317333900281199 ], [ 2.17228545856446, 41.317327312430997 ], [ 2.17228824272156, 41.317267792092402 ], [ 2.17229540021311, 41.3172214543264 ], [ 2.17230522774377, 41.317190718941099 ], [ 2.17232260099197, 41.317158506520897 ], [ 2.17234757902084, 41.317129591525202 ], [ 2.17236871913517, 41.317111277917697 ], [ 2.17241016631922, 41.317083832472498 ], [ 2.172455464696, 41.3170636207971 ], [ 2.17248893008372, 41.317053232411801 ], [ 2.17254940839237, 41.317041957301697 ], [ 2.17261026544388, 41.317038521511101 ], [ 2.17265039226889, 41.317039890869303 ], [ 2.17268964866644, 41.317043956242799 ], [ 2.1727283691213, 41.317052611636697 ], [ 2.17275370030607, 41.317061891396101 ], [ 2.17278326165941, 41.317076786276097 ], [ 2.17280873727223, 41.317093543385504 ], [ 2.17285364122251, 41.317132869081803 ], [ 2.17288547912053, 41.317166155838699 ], [ 2.17291228808979, 41.3172003072116 ], [ 2.17292656576148, 41.317223919693902 ], [ 2.17294012314039, 41.317257255227297 ], [ 2.17294567515727, 41.317290623312303 ], [ 2.17294333785025, 41.317324295012398 ], [ 2.17293720845163, 41.317346049406702 ], [ 2.17278157982523, 41.3177578402439 ], [ 2.17272443375386, 41.3179212780935 ], [ 2.17257051347313, 41.318415050194602 ], [ 2.17216027150854, 41.3196291193021 ], [ 2.17202559292575, 41.320055742026902 ], [ 2.17183761213277, 41.320605925810298 ], [ 2.17157008173494, 41.321370728548303 ], [ 2.17132566980414, 41.322130472587297 ], [ 2.17106234550224, 41.322911247672103 ], [ 2.17082195365533, 41.323607425652703 ], [ 2.17070532327363, 41.323975717152301 ], [ 2.17062956570184, 41.324201982841402 ], [ 2.17055166153728, 41.324427872696802 ], [ 2.17036186559789, 41.324949576487903 ], [ 2.17020438333116, 41.325429357293402 ], [ 2.17002247334844, 41.326007144579997 ], [ 2.16997621877493, 41.326130395353097 ], [ 2.16992555345926, 41.326252803609599 ], [ 2.16989606603731, 41.326335370822797 ], [ 2.16988971464996, 41.326365050108002 ], [ 2.16988801622502, 41.326395303408098 ], [ 2.16989322556596, 41.326455601851201 ], [ 2.16990444107375, 41.326513421482701 ], [ 2.16992091957196, 41.326570828690002 ], [ 2.16995865712759, 41.326685587496598 ], [ 2.16997871227566, 41.326762476912002 ], [ 2.16998543951184, 41.326806752759701 ], [ 2.16998501320374, 41.3268591739375 ], [ 2.16998123792123, 41.326911841191396 ], [ 2.1699822282059, 41.326946797833799 ], [ 2.16999278196171, 41.327037940811699 ], [ 2.17000680307001, 41.327128928639702 ], [ 2.17001978247092, 41.327189012874697 ], [ 2.17004387287122, 41.3272680931967 ], [ 2.1701154901715, 41.327462723452001 ], [ 2.17019164158301, 41.327676752692199 ], [ 2.17044556361287, 41.328779492197 ], [ 2.17077102861687, 41.330168557541597 ], [ 2.17093410456871, 41.330878810488102 ], [ 2.17109467003523, 41.331589405347998 ], [ 2.17138931148005, 41.332923300010798 ], [ 2.17163773994322, 41.3340099629172 ], [ 2.17172413712068, 41.334435022489501 ], [ 2.17175138918307, 41.334547903590497 ], [ 2.17178498727631, 41.334659839515503 ], [ 2.17191539564753, 41.3350542294924 ], [ 2.17194844326717, 41.335171926258802 ], [ 2.17194499093539, 41.335189736450502 ], [ 2.17193604165117, 41.3352075070921 ], [ 2.17190999089906, 41.335245061463098 ], [ 2.17190629470891, 41.335272688173099 ], [ 2.17191043697891, 41.3353230704111 ], [ 2.17191517075069, 41.335345623448603 ], [ 2.17193808782684, 41.335404517829602 ], [ 2.17194770369807, 41.335437915100499 ], [ 2.17195528466678, 41.335471567957597 ], [ 2.17195795078416, 41.335525272380302 ], [ 2.17198367065893, 41.335598779212702 ], [ 2.1719826619691, 41.335650115221803 ], [ 2.17198578183435, 41.335677430666799 ], [ 2.17201879243325, 41.335750899866603 ], [ 2.17203417089248, 41.335772808870097 ], [ 2.17204703187771, 41.3357953302921 ], [ 2.17204910163182, 41.335811198540704 ], [ 2.17205191400975, 41.335928857900498 ], [ 2.17206847699792, 41.335961044072903 ], [ 2.17206970455659, 41.335977356641699 ], [ 2.17206464167747, 41.335999659043601 ], [ 2.17206500763997, 41.336017947083803 ], [ 2.17207035788232, 41.3360578891958 ], [ 2.17207881794549, 41.336078757587799 ], [ 2.17210829503006, 41.336110406121897 ], [ 2.17211569012538, 41.336120998197899 ], [ 2.17211901535896, 41.336132101453003 ], [ 2.17212022062686, 41.336216241011002 ], [ 2.17212384278031, 41.3362322105 ], [ 2.17212985951413, 41.336247836910097 ], [ 2.17214325654111, 41.336275226274097 ], [ 2.17213894716375, 41.336294651669498 ], [ 2.17212630807313, 41.336311224794201 ], [ 2.17211420603267, 41.336332575803098 ], [ 2.17211272728471, 41.336345536094697 ], [ 2.17211542993172, 41.336358616540601 ], [ 2.17213081832226, 41.336398630855399 ], [ 2.17214533842637, 41.336478902846402 ], [ 2.17214618255424, 41.3365349361233 ], [ 2.17215245632067, 41.336558581134703 ], [ 2.17216249989201, 41.336567660967603 ], [ 2.17217567901485, 41.3365745114559 ], [ 2.17219055054811, 41.336579842825699 ], [ 2.17220312988828, 41.336586869148597 ], [ 2.17219942713747, 41.336605578301302 ], [ 2.17218753555664, 41.336629182727798 ], [ 2.17219480071262, 41.336650042514798 ], [ 2.1722074037731, 41.336664635382597 ], [ 2.17221040347616, 41.336767523623699 ], [ 2.17221582936991, 41.336792063291398 ], [ 2.17223311968672, 41.336832901952498 ], [ 2.17224307550192, 41.3368489169901 ], [ 2.17226732252265, 41.3368689080745 ], [ 2.1722740800728, 41.336892106178098 ], [ 2.17229418262651, 41.336937378773499 ], [ 2.17229724383878, 41.336950461792703 ], [ 2.17229779436691, 41.336963616831397 ], [ 2.17229164707224, 41.336977174079699 ], [ 2.17227291578746, 41.336984065284099 ], [ 2.17226358183853, 41.336994446956297 ], [ 2.17225878212873, 41.3370054016941 ], [ 2.17225946583597, 41.337017476779998 ], [ 2.17226660494635, 41.337029418142201 ], [ 2.17228261231569, 41.337039441614898 ], [ 2.17231179915176, 41.337046857592398 ], [ 2.17232498500169, 41.337062625624199 ], [ 2.17232979999178, 41.337078783834798 ], [ 2.17232912015502, 41.337094722377202 ], [ 2.17232431132633, 41.337106397658999 ], [ 2.17231699750607, 41.337117694622101 ], [ 2.1722963379494, 41.337135290992698 ], [ 2.17229557623163, 41.337148256441701 ], [ 2.17229865865864, 41.3371785441065 ], [ 2.17230334274463, 41.337195602135303 ], [ 2.17231192959662, 41.337206472995597 ], [ 2.17232328439622, 41.337215832471301 ], [ 2.17234876537081, 41.337232769831701 ], [ 2.17235467984766, 41.3372470443541 ], [ 2.17234584304465, 41.337265356285201 ], [ 2.17234373899052, 41.337299389837 ], [ 2.17233312150107, 41.337345072028697 ], [ 2.17233668583626, 41.337356176994902 ], [ 2.17238073134795, 41.337398288947803 ], [ 2.1723804088877, 41.337414320135402 ], [ 2.17236467624151, 41.337429790126002 ], [ 2.17234216498305, 41.337442599166103 ], [ 2.17234153851172, 41.337463762492298 ], [ 2.17235304092261, 41.337489787063703 ], [ 2.17236182625259, 41.337532185904202 ], [ 2.17237651628295, 41.337570753942899 ], [ 2.17239452663387, 41.337592501667103 ], [ 2.17241248725885, 41.3375992964354 ], [ 2.17243553201522, 41.3376009934343 ], [ 2.17244586702651, 41.3376153898136 ], [ 2.17245186115704, 41.3376328175586 ], [ 2.1724522420511, 41.337649934713802 ], [ 2.17243720565068, 41.337676489052697 ], [ 2.17243263217102, 41.337697894224597 ], [ 2.17243876177072, 41.337714061881996 ], [ 2.17244908197853, 41.337729629140597 ], [ 2.1724651167009, 41.337746948929698 ], [ 2.17247132798664, 41.337775547643098 ], [ 2.17248595770988, 41.337818889254102 ], [ 2.17249846529154, 41.337841047774504 ], [ 2.17251337321786, 41.3378624128691 ], [ 2.17255229057829, 41.337913135165898 ], [ 2.17255987935364, 41.337927331638099 ], [ 2.17256429719106, 41.337946549561003 ], [ 2.1725628581958, 41.337965815451703 ], [ 2.17255680622753, 41.337990722956803 ], [ 2.17254824808894, 41.3380153422154 ], [ 2.17252313527342, 41.338063712553399 ], [ 2.17252093021585, 41.338086846197598 ], [ 2.17252547473717, 41.338143266366103 ], [ 2.17253150843818, 41.338176457666997 ], [ 2.17253799205845, 41.338192988166703 ], [ 2.17254819171933, 41.338208644624501 ], [ 2.17257623269553, 41.338231094966098 ], [ 2.17258601799988, 41.338251162158997 ], [ 2.17258299466475, 41.338272848707 ], [ 2.17257387184055, 41.338304309672303 ], [ 2.1725729359159, 41.338378255228903 ], [ 2.17257369112341, 41.3384035719764 ], [ 2.17257643934726, 41.338422507666102 ], [ 2.17258373673684, 41.338440845530499 ], [ 2.17259967591077, 41.338465730984701 ], [ 2.17265235919714, 41.3385336666231 ], [ 2.17266149707034, 41.338548234526897 ], [ 2.17266727740677, 41.338563679052299 ], [ 2.17266852435062, 41.338587918423102 ], [ 2.17266426685653, 41.338631574610197 ], [ 2.17264872456457, 41.338679203086599 ], [ 2.17264658792077, 41.338696932671098 ], [ 2.17264707925364, 41.338714771223401 ], [ 2.17264940648343, 41.338729200091102 ], [ 2.17265736300708, 41.338742678591899 ], [ 2.17267798824959, 41.338756158087001 ], [ 2.17270222926375, 41.338776689486998 ], [ 2.17270850360854, 41.338790876498898 ], [ 2.17270748355989, 41.338805371379699 ], [ 2.17269565899856, 41.3388236618555 ], [ 2.17269391279426, 41.338838872123098 ], [ 2.17269563339165, 41.338854017235597 ], [ 2.17273043595544, 41.338965511089398 ], [ 2.1727526283233, 41.339053494567999 ], [ 2.17274854671404, 41.339064364408003 ], [ 2.17274111893491, 41.339075210195503 ], [ 2.17273629845857, 41.339097244130002 ], [ 2.17274563503639, 41.339143340002998 ], [ 2.17274671088017, 41.339190547483199 ], [ 2.17275993550617, 41.339231627053799 ], [ 2.17277024070666, 41.339276739051797 ], [ 2.17277347338406, 41.3393235116543 ], [ 2.1727811540221, 41.3393682444825 ], [ 2.17279134658896, 41.339412815212903 ], [ 2.17280396935602, 41.339444792790403 ], [ 2.17281848405002, 41.339459489401399 ], [ 2.17283811946389, 41.339466206063797 ], [ 2.17285040570871, 41.339477553847999 ], [ 2.17285908510145, 41.339490587149498 ], [ 2.17286511825353, 41.339504952569698 ], [ 2.17286780293767, 41.3395194740759 ], [ 2.17287214869139, 41.339714429440598 ], [ 2.1728728131585, 41.339728035668699 ], [ 2.1728759895571, 41.339741479798001 ], [ 2.1729048138402, 41.339796543140402 ], [ 2.1729134056858, 41.339807053684403 ], [ 2.1729188835049, 41.3398180823039 ], [ 2.17291635388804, 41.339857427268299 ], [ 2.17292170992512, 41.339868635164102 ], [ 2.17293257926239, 41.339878621618702 ], [ 2.17296312503977, 41.339901540241101 ], [ 2.17297086782101, 41.339913035513398 ], [ 2.17297561266011, 41.339925319924603 ], [ 2.17297922381876, 41.339942190056902 ], [ 2.17297960941241, 41.339958946934303 ], [ 2.17297448611919, 41.339986022946498 ], [ 2.17296761008815, 41.3400099337086 ], [ 2.17297367707672, 41.340049970979599 ], [ 2.17295818935235, 41.340093276237901 ], [ 2.17295627124426, 41.340112628759499 ], [ 2.17296414723079, 41.3401230440791 ], [ 2.17297658959118, 41.340131510543898 ], [ 2.17301255109675, 41.340142037604103 ], [ 2.17301864928858, 41.340151269159399 ], [ 2.17301566373397, 41.340160525517597 ], [ 2.17299763270143, 41.340168682928002 ], [ 2.17297559992416, 41.340171947483697 ], [ 2.17296806038147, 41.340191619912602 ], [ 2.17296683325359, 41.340203591180803 ], [ 2.17297038872858, 41.340215416665501 ], [ 2.17298042613126, 41.340225036833402 ], [ 2.17299239845677, 41.340232869387897 ], [ 2.1730071377041, 41.340239280610199 ], [ 2.17302077973147, 41.340247395387202 ], [ 2.17303012389351, 41.340264576939703 ], [ 2.1730310945082, 41.340282328854002 ], [ 2.1730247757276, 41.3403377701651 ], [ 2.17302526817535, 41.340364976606097 ], [ 2.17304816528214, 41.340416214131999 ], [ 2.1730560195421, 41.3404377986922 ], [ 2.17309053209342, 41.340553433814598 ], [ 2.17308787771122, 41.340564854373397 ], [ 2.17308187822184, 41.340576160821399 ], [ 2.17307729334063, 41.340598466684803 ], [ 2.17308976859872, 41.340623237098903 ], [ 2.17309260706432, 41.340635057427299 ], [ 2.17309281519574, 41.340646948932502 ], [ 2.17308206028352, 41.340665697506303 ], [ 2.17307840424816, 41.340680713901001 ], [ 2.17308144755073, 41.340695237976298 ], [ 2.17314090170958, 41.340776102863103 ], [ 2.17315361376448, 41.340801055122498 ], [ 2.17316104805522, 41.340827500751899 ], [ 2.17316700711346, 41.340866636473798 ], [ 2.17316543936628, 41.340905537968197 ], [ 2.1731501415859, 41.340952717870998 ], [ 2.17314796728028, 41.340982877651498 ], [ 2.17314812710514, 41.341036383840397 ], [ 2.17315117943663, 41.341059645332997 ], [ 2.1731735022266, 41.341099619224302 ], [ 2.17318244461437, 41.341129678718701 ], [ 2.17318803503836, 41.3411601645102 ], [ 2.17319289190574, 41.341239195899803 ], [ 2.17319794631178, 41.341264813744999 ], [ 2.17321804418206, 41.3412917106482 ], [ 2.17324620703619, 41.341342445501503 ], [ 2.17325580969397, 41.341367555562101 ], [ 2.17326217305101, 41.341393633186101 ], [ 2.17327594090161, 41.341476872069499 ], [ 2.17328176026347, 41.341498712220698 ], [ 2.17329873596503, 41.341545673588598 ], [ 2.17330941540611, 41.341570701302999 ], [ 2.17332999364364, 41.341606879445301 ], [ 2.17333824767184, 41.341625224124499 ], [ 2.17334362661276, 41.341644088606699 ], [ 2.17335956727697, 41.341744547564602 ], [ 2.17336151046925, 41.341836619004503 ], [ 2.17337548890591, 41.3419410271987 ], [ 2.17338234407633, 41.341966027436499 ], [ 2.1733929120772, 41.341990423810401 ], [ 2.17341524329711, 41.342029767179298 ], [ 2.17343488508145, 41.3420549493257 ], [ 2.17344386423536, 41.342072668673403 ], [ 2.17344888926259, 41.3420911703043 ], [ 2.17345713033346, 41.342176711434597 ], [ 2.17345957592854, 41.342229063043298 ], [ 2.17347465562137, 41.342284207661599 ], [ 2.17348023822795, 41.342324781867603 ], [ 2.17347997151201, 41.342374231569799 ], [ 2.1734745442783, 41.342406439731299 ], [ 2.17347427770224, 41.342436973514701 ], [ 2.17348153477415, 41.342458553750497 ], [ 2.17350038226265, 41.342480397374999 ], [ 2.17351842613755, 41.342509080986403 ], [ 2.17352279108539, 41.342523074082401 ], [ 2.17352452448525, 41.342537228431702 ], [ 2.17352721593559, 41.342598499306 ], [ 2.17353822006672, 41.342616773641701 ], [ 2.17355726343108, 41.342632583584297 ], [ 2.1735907199986, 41.342652280206202 ], [ 2.17359942614209, 41.342663241894698 ], [ 2.1736050112955, 41.3426752620814 ], [ 2.17360912699859, 41.342690064066197 ], [ 2.17361049277315, 41.3427049363805 ], [ 2.17360334554246, 41.342769199180701 ], [ 2.17360306091235, 41.342782258127897 ], [ 2.17360614769393, 41.342793359616302 ], [ 2.17361438605552, 41.342803507262303 ], [ 2.17363269993985, 41.342810844828797 ], [ 2.17364206858082, 41.342816676950299 ], [ 2.17364450889161, 41.342822189096303 ], [ 2.17360360348738, 41.342843333415999 ], [ 2.17361142296311, 41.342858252071601 ], [ 2.17360974967335, 41.342877155974101 ], [ 2.17360136196131, 41.342907181061598 ], [ 2.17362338051614, 41.342961835025399 ], [ 2.17364554575146, 41.343052160052999 ], [ 2.17368082709667, 41.343078805586501 ], [ 2.17368453082848, 41.343088380213601 ], [ 2.1736815349791, 41.343098447192503 ], [ 2.17366495554438, 41.343114631870101 ], [ 2.17363639712055, 41.343189640101599 ], [ 2.17363601347706, 41.343201076972697 ], [ 2.17364136648658, 41.343212555035102 ], [ 2.17366874644313, 41.343221308829698 ], [ 2.17367899947448, 41.343242280031099 ], [ 2.1736769300758, 41.343264153590503 ], [ 2.17365670023177, 41.343294904334599 ], [ 2.1736550440222, 41.343312457222098 ], [ 2.17365631411949, 41.343344353172 ], [ 2.17366127671917, 41.343358350552101 ], [ 2.17367179958717, 41.343367433686801 ], [ 2.17370589056786, 41.343384252403403 ], [ 2.17370996766379, 41.343392658724497 ], [ 2.17370746352289, 41.343401648324502 ], [ 2.17369353837415, 41.343415870394999 ], [ 2.17368497080925, 41.343441210253303 ], [ 2.17368463030672, 41.343477598427597 ], [ 2.17369002534453, 41.343514117858398 ], [ 2.17369715739426, 41.343536147558297 ], [ 2.17370992255879, 41.343556956641201 ], [ 2.17374019602235, 41.343573207483701 ], [ 2.17375019761275, 41.343585709748403 ], [ 2.17376265432325, 41.343612011233802 ], [ 2.17376106303041, 41.3436244302681 ], [ 2.17374330086009, 41.343639615630401 ], [ 2.17372824656232, 41.343648605201999 ], [ 2.17372908767882, 41.3436577088954 ], [ 2.17373625736796, 41.3436673084041 ], [ 2.17375111579904, 41.343683268418097 ], [ 2.17376489408629, 41.343690123021197 ], [ 2.17377120782741, 41.3437012476709 ], [ 2.17376168303254, 41.343717212779801 ], [ 2.17375822273444, 41.343735653473303 ], [ 2.17376133573739, 41.343754141358602 ], [ 2.17377460634752, 41.343772792243598 ], [ 2.1737839534746, 41.343789793595803 ], [ 2.17378553060823, 41.343929782686502 ], [ 2.1737863284714, 41.3439423089483 ], [ 2.17379011648612, 41.343954676525001 ], [ 2.17379951715281, 41.343967444698102 ], [ 2.17381276962765, 41.343978078703202 ], [ 2.17384824391148, 41.3439989607174 ], [ 2.17385901959881, 41.344006964739698 ], [ 2.17386858533846, 41.344016131060698 ], [ 2.17387724617033, 41.344030695432103 ], [ 2.17387801331487, 41.344045653518698 ], [ 2.17386669576686, 41.344061605766299 ], [ 2.1738441779387, 41.344074775337504 ], [ 2.17383534401206, 41.3440928171538 ], [ 2.17384005970464, 41.344107443282603 ], [ 2.17385519823095, 41.344139078478698 ], [ 2.1738850291581, 41.3441903655836 ], [ 2.1738885541997, 41.344242454687397 ], [ 2.17391444119789, 41.344284255516698 ], [ 2.17391968050563, 41.344304740325903 ], [ 2.17390835377148, 41.344349786986903 ], [ 2.17392023474955, 41.344364914923403 ], [ 2.17396024178272, 41.344367634131103 ], [ 2.17397375957635, 41.344376198278702 ], [ 2.17398437598516, 41.344387353797899 ], [ 2.17398961532544, 41.344398380647299 ], [ 2.17399103016165, 41.344409380046798 ], [ 2.17397488753963, 41.344447726540899 ], [ 2.17398371804746, 41.3444677867435 ], [ 2.17394065928688, 41.344489005795403 ], [ 2.17392797349674, 41.344509181788197 ], [ 2.17392903091499, 41.344520088546901 ], [ 2.17393751540251, 41.344529697479302 ], [ 2.17398916453185, 41.344547542895597 ], [ 2.17399478974964, 41.344565868651699 ], [ 2.17399573448371, 41.3446140659712 ], [ 2.17397969540651, 41.344625300400097 ], [ 2.17395912381399, 41.344635781687899 ], [ 2.17395366587499, 41.344670421685102 ], [ 2.17395683702829, 41.344684316115398 ], [ 2.17397736992381, 41.344695813038697 ], [ 2.17400103984671, 41.344704990503601 ], [ 2.17400748006939, 41.344715575591898 ], [ 2.17400758364912, 41.344726295352103 ], [ 2.17400469362737, 41.344737444005403 ], [ 2.17399917424321, 41.344748573787001 ], [ 2.17398117164662, 41.344763847532697 ], [ 2.17398112724802, 41.344776818124998 ], [ 2.17398212774429, 41.344830060086103 ], [ 2.17398634496023, 41.344855761949098 ], [ 2.17399415223256, 41.344881129275798 ], [ 2.17401663047212, 41.344918401824103 ], [ 2.17401737602882, 41.344935071192097 ], [ 2.17401489121746, 41.344951987602698 ], [ 2.17400760068959, 41.344970851188499 ], [ 2.17402521519504, 41.344976832535103 ], [ 2.17404586087747, 41.344979412754299 ], [ 2.17406074698855, 41.344983753150302 ], [ 2.17407200548285, 41.344991400313702 ], [ 2.1740719850109, 41.345011937441697 ], [ 2.17406762437534, 41.345044873877498 ], [ 2.17407045644708, 41.345161272091701 ], [ 2.17408791621865, 41.345179502622202 ], [ 2.17412252045865, 41.345193622622901 ], [ 2.17413360598779, 41.345205502099702 ], [ 2.17414001213711, 41.345218789208197 ], [ 2.17414589359359, 41.345254681567901 ], [ 2.17414664718796, 41.345289636371902 ], [ 2.17415230099971, 41.345324626339597 ], [ 2.17416019955305, 41.3453995359773 ], [ 2.17418144994826, 41.345467785741398 ], [ 2.17418219896513, 41.3454841849045 ], [ 2.17417972100151, 41.345500560911702 ], [ 2.17416268016729, 41.345562680979597 ], [ 2.17417569967557, 41.3455728628904 ], [ 2.17419805066842, 41.345572933198099 ], [ 2.1742089234131, 41.345582739397798 ], [ 2.17421298136032, 41.345592676848902 ], [ 2.17420349053033, 41.345605939959803 ], [ 2.17420067449737, 41.345620692177597 ], [ 2.17420191866287, 41.345635743756802 ], [ 2.17421766437447, 41.345657204694398 ], [ 2.17421870137241, 41.345669732665598 ], [ 2.17420065529935, 41.345678971055101 ], [ 2.17419216498307, 41.345688728389497 ], [ 2.17419795083848, 41.345703812558 ], [ 2.17420711051893, 41.345716759116897 ], [ 2.17420194850028, 41.345727981546297 ], [ 2.17418197304592, 41.345738557224699 ], [ 2.17417394827324, 41.345749308731598 ], [ 2.17416962173616, 41.345760627230398 ], [ 2.17416943622923, 41.345775308247497 ], [ 2.17417558974629, 41.345789674449101 ], [ 2.1741994763915, 41.345810112896899 ], [ 2.17421071230834, 41.345829019353303 ], [ 2.17421164344499, 41.345840465655499 ], [ 2.17420934985981, 41.345851708667297 ], [ 2.17419765872215, 41.345868829246101 ], [ 2.17420461815651, 41.3458856332743 ], [ 2.17424389087504, 41.345908704236003 ], [ 2.1742482903331, 41.345919995271998 ], [ 2.17425548478032, 41.346088488550102 ], [ 2.17426212558921, 41.346121053544401 ], [ 2.17427427224433, 41.346153027512202 ], [ 2.17429584957507, 41.346195427852798 ], [ 2.17430747835664, 41.346230550752303 ], [ 2.1743073657813, 41.346258383351 ], [ 2.17430267729873, 41.3462794274378 ], [ 2.17430189763575, 41.346293833963699 ], [ 2.1743041070925, 41.346308171859803 ], [ 2.17432370837873, 41.346336686351599 ], [ 2.17432876696236, 41.346352575975899 ], [ 2.17433083756341, 41.346368444162799 ], [ 2.17432527599034, 41.346382906456697 ], [ 2.17433559684738, 41.346398563607501 ], [ 2.17436237840074, 41.346416951046898 ], [ 2.17436598228444, 41.3464344515966 ], [ 2.17436710825949, 41.346477786108203 ], [ 2.17437358635563, 41.346504314851899 ], [ 2.17438510595196, 41.346538626276903 ], [ 2.17438698190701, 41.3465509801119 ], [ 2.17438646746759, 41.346563316798303 ], [ 2.17437972894527, 41.3465857873922 ], [ 2.17437839151925, 41.346597037265397 ], [ 2.17437980191122, 41.346608396927301 ], [ 2.17438704260709, 41.346621870157797 ], [ 2.17439812159595, 41.3466342900144 ], [ 2.17442002570125, 41.346650840934799 ], [ 2.17444276184895, 41.3466583001697 ], [ 2.17445062519303, 41.346669796196302 ], [ 2.17444323782551, 41.346686857594499 ], [ 2.17444642197792, 41.346747051031599 ], [ 2.17446184138769, 41.346775445423802 ], [ 2.17446231731271, 41.346794544894898 ], [ 2.17444815158692, 41.346837229255499 ], [ 2.17444911008236, 41.346846513932398 ], [ 2.17445665129605, 41.346855125223897 ], [ 2.1744721149833, 41.346861091072697 ], [ 2.17448810681276, 41.346863097375298 ], [ 2.17451345877007, 41.346862198315698 ], [ 2.17453862522483, 41.346866522312901 ], [ 2.17454558363988, 41.346873958433697 ], [ 2.17454596274958, 41.346881797742299 ], [ 2.17453623275448, 41.346895059162001 ], [ 2.17452006799412, 41.346906743138099 ], [ 2.174519635622, 41.346931510864998 ], [ 2.17451648720279, 41.346944188961103 ], [ 2.17451095292333, 41.346956489640597 ], [ 2.17449419622903, 41.346967718988303 ], [ 2.17448701709827, 41.3469777559745 ], [ 2.17448593351265, 41.346987836684399 ], [ 2.17450570358361, 41.347021937049 ], [ 2.17451173890482, 41.347036212306399 ], [ 2.17451374258098, 41.347076310381503 ], [ 2.17451787581605, 41.347089761313399 ], [ 2.17453812046376, 41.3471052193985 ], [ 2.17455187345783, 41.347123603417899 ], [ 2.17455288437362, 41.347138202937998 ], [ 2.17459057339981, 41.347154236511699 ], [ 2.17460446406069, 41.347161722348098 ], [ 2.1746175021534, 41.3471704631284 ], [ 2.17462287498745, 41.347180409993101 ], [ 2.17462071231814, 41.347190753192102 ], [ 2.17460355151738, 41.3472055826863 ], [ 2.17459196845739, 41.347233062785598 ], [ 2.17458613149783, 41.3472598634904 ], [ 2.17458285688055, 41.347291997040898 ], [ 2.17457403870849, 41.347318235908297 ], [ 2.17457309975249, 41.347335793941703 ], [ 2.17457479026247, 41.347353370834497 ], [ 2.17458507174296, 41.347400554184503 ], [ 2.17458880109895, 41.347436521149298 ], [ 2.17459684672516, 41.347452522258699 ], [ 2.17461077279313, 41.347466673951999 ], [ 2.17465019000698, 41.3474878542171 ], [ 2.17466441778512, 41.347506511854199 ], [ 2.17466792162052, 41.347522480386502 ], [ 2.17466664687054, 41.3475382344973 ], [ 2.17465584127789, 41.347570404115103 ], [ 2.17465053253349, 41.3476027032292 ], [ 2.17465083999672, 41.347616216793597 ], [ 2.17465557090099, 41.347629672005702 ], [ 2.17467304286005, 41.347647001771598 ], [ 2.17469569748723, 41.347660945823797 ], [ 2.17470105217358, 41.347672333765601 ], [ 2.17470623179269, 41.347707050065203 ], [ 2.1747041534723, 41.347729644168602 ], [ 2.17468065237587, 41.3477637944859 ], [ 2.17467200147185, 41.347786251377698 ], [ 2.17466609729381, 41.347808908118502 ], [ 2.17466381176103, 41.347828978614402 ], [ 2.17467132817781, 41.34784902933 ], [ 2.17468233795132, 41.347857485328902 ], [ 2.17469565277164, 41.347863255585303 ], [ 2.1747123460623, 41.347866527947403 ], [ 2.17472829833646, 41.347871686583602 ], [ 2.17473928660841, 41.347891311812802 ], [ 2.17473896918215, 41.347906982712601 ], [ 2.17475212280956, 41.3479539164125 ], [ 2.17475717147999, 41.347980074575403 ], [ 2.17475672262152, 41.348053483070998 ], [ 2.17474244049588, 41.348076980495001 ], [ 2.17473742301748, 41.348095680265097 ], [ 2.17473503389602, 41.348114488958501 ], [ 2.17473592534183, 41.348129087617899 ], [ 2.17474183787701, 41.348143632207503 ], [ 2.17477617179243, 41.348160362265503 ], [ 2.17481596791637, 41.3482273036552 ], [ 2.17482052251004, 41.348245261381201 ], [ 2.1748130996906, 41.3482556569409 ], [ 2.17480293125439, 41.348265762585797 ], [ 2.17478820057643, 41.3482869148296 ], [ 2.17478772724096, 41.348305467033597 ], [ 2.17479741563387, 41.3483239119508 ], [ 2.17482447489268, 41.348358244671999 ], [ 2.17485556054984, 41.348405036704797 ], [ 2.17489288079109, 41.348450342141703 ], [ 2.17490460681588, 41.348468351279898 ], [ 2.17490569413711, 41.348486374218801 ], [ 2.17487766587906, 41.3485287790798 ], [ 2.17486982532986, 41.348543855584801 ], [ 2.17486741700941, 41.348573653379098 ], [ 2.17486871164066, 41.3486036578743 ], [ 2.17485937958917, 41.348689523195397 ], [ 2.17485779677614, 41.348739143564302 ], [ 2.17486099377651, 41.348788888279401 ], [ 2.17486760773259, 41.348814156899898 ], [ 2.17488321214476, 41.348837418237999 ], [ 2.17493302568829, 41.348877859067798 ], [ 2.17494417692153, 41.348894062565897 ], [ 2.17493552570497, 41.3488976035717 ], [ 2.17491862732812, 41.348901085449803 ], [ 2.17490709400497, 41.348915144648402 ], [ 2.17490103604145, 41.348931044616101 ], [ 2.17490059798351, 41.348946804724498 ], [ 2.1749347866506, 41.349050817053801 ], [ 2.17494930897474, 41.349102984926297 ], [ 2.17496136653838, 41.349132616200002 ], [ 2.17497582142594, 41.3491617242044 ], [ 2.17501475097561, 41.3492310913472 ], [ 2.17502085496225, 41.349249420472198 ], [ 2.17502151653021, 41.349263296873197 ], [ 2.17501457352981, 41.349320895552403 ], [ 2.17501112516574, 41.3493762673899 ], [ 2.17501194431361, 41.349425004217103 ], [ 2.17501523329117, 41.349448537552597 ], [ 2.17502402611061, 41.349471659964102 ], [ 2.17503603119688, 41.349486518437203 ], [ 2.17505164819437, 41.349499331059199 ], [ 2.17508155819172, 41.349516209463303 ], [ 2.17509229755572, 41.349536643551097 ], [ 2.17508795272421, 41.349549403157098 ], [ 2.17507942450678, 41.3495621327762 ], [ 2.17506588986797, 41.3495737455995 ], [ 2.17506246825815, 41.349589124017498 ], [ 2.17506334842187, 41.349604623346998 ], [ 2.1750694946652, 41.349629077918699 ], [ 2.17510164985046, 41.349666960048999 ], [ 2.17512059715627, 41.349718979461102 ], [ 2.17512433799048, 41.349735129824097 ], [ 2.17511443515778, 41.349780997449102 ], [ 2.17511205759139, 41.349808363419001 ], [ 2.17512012068284, 41.349823013475898 ], [ 2.17513055936385, 41.349829393595499 ], [ 2.17514249147493, 41.349831100482099 ], [ 2.17520017905705, 41.3498254788719 ], [ 2.17520788002202, 41.349830938606303 ], [ 2.17520933722813, 41.349838605484202 ] ] ], [ [ [ 2.1482361988366, 41.376232227381301 ], [ 2.14230283949388, 41.380717530783699 ], [ 2.14264192714752, 41.385617128653003 ], [ 2.14070713258179, 41.384171370060798 ], [ 2.1390571679436, 41.383216364865604 ], [ 2.13761293133184, 41.382571006860601 ], [ 2.1348076947008, 41.381532225874203 ], [ 2.13166745253989, 41.3806010648076 ], [ 2.13083721292729, 41.380270760400798 ], [ 2.12758218116525, 41.378561434728297 ], [ 2.12504901563203, 41.377077291306399 ], [ 2.1227031659613, 41.375673759357902 ], [ 2.12178693683707, 41.375694664032302 ], [ 2.12184058790128, 41.3755761948497 ], [ 2.12208144036494, 41.375414658894599 ], [ 2.12234765439368, 41.375286450010798 ], [ 2.12324079227396, 41.3748503681419 ], [ 2.12360011245985, 41.374513473390401 ], [ 2.12369251775537, 41.374420559316597 ], [ 2.12376080461566, 41.374341265529701 ], [ 2.12382410793887, 41.3742539837206 ], [ 2.12390442638323, 41.374112598964899 ], [ 2.12421810220114, 41.373592074231397 ], [ 2.12422781655688, 41.373578011767101 ], [ 2.1242436599083, 41.373560254224699 ], [ 2.12426696139958, 41.373540360109303 ], [ 2.12429844140337, 41.373520965994501 ], [ 2.12486844003036, 41.373217520863598 ], [ 2.12545421279655, 41.372888910462102 ], [ 2.12570033277681, 41.372719790990502 ], [ 2.12600776150518, 41.372502519468902 ], [ 2.12644872589536, 41.372215206892399 ], [ 2.12730064031916, 41.371626071153003 ], [ 2.12741295997961, 41.371570916861799 ], [ 2.12794894117599, 41.3712758914982 ], [ 2.1281361077733, 41.371180991420196 ], [ 2.12851603557096, 41.371046282190399 ], [ 2.12887219613132, 41.370917768202098 ], [ 2.12923011655264, 41.3707261335895 ], [ 2.12943729392613, 41.370549179236797 ], [ 2.12990374772104, 41.370155560937299 ], [ 2.13008866747643, 41.370011201959997 ], [ 2.13016635535298, 41.3699541194527 ], [ 2.13024132940143, 41.369894925733298 ], [ 2.13031745800273, 41.3698292967063 ], [ 2.13041521088487, 41.369734688994001 ], [ 2.13051521211761, 41.369627099424498 ], [ 2.13058122550007, 41.369551770146899 ], [ 2.13064637714913, 41.3694728078898 ], [ 2.13074864676404, 41.369330029331401 ], [ 2.13086548306482, 41.369174156566601 ], [ 2.13104065294473, 41.368926540260901 ], [ 2.13115125455966, 41.368761052315598 ], [ 2.13125615064398, 41.3685956725107 ], [ 2.13142809066902, 41.3683153915213 ], [ 2.13163076300347, 41.367972195797002 ], [ 2.13189493025796, 41.367254245066398 ], [ 2.13203051459763, 41.366777985815901 ], [ 2.13288541657108, 41.365538413645297 ], [ 2.13286796291257, 41.3653609733433 ], [ 2.13355386766795, 41.363947373034598 ], [ 2.13365627651985, 41.363614566192197 ], [ 2.13409319906698, 41.363285384762598 ], [ 2.13543005738399, 41.362256507024 ], [ 2.13499223439747, 41.361514016717102 ], [ 2.13486732858361, 41.361343333370399 ], [ 2.1347790591568, 41.361242704057702 ], [ 2.13468432091759, 41.361148922206901 ], [ 2.13456150892578, 41.361042120428401 ], [ 2.13296658201522, 41.3598528362891 ], [ 2.13330979637498, 41.359380645848802 ], [ 2.13285238421928, 41.359191529328101 ], [ 2.13336513732626, 41.3584844734036 ], [ 2.13321599800961, 41.358426559397103 ], [ 2.13321252080272, 41.3580230384636 ], [ 2.13319355755335, 41.357416567152001 ], [ 2.1331033150951, 41.356876184062003 ], [ 2.13297006947451, 41.356496824550597 ], [ 2.13318791536911, 41.356177434866702 ], [ 2.13206955559816, 41.355743517871197 ], [ 2.13305359017854, 41.354303255514402 ], [ 2.13389983006378, 41.353059608157601 ], [ 2.13377096102903, 41.3530050576882 ], [ 2.13504216062784, 41.351301050024901 ], [ 2.13517536824612, 41.351135101505903 ], [ 2.1352994099271, 41.350991754172597 ], [ 2.13742207976073, 41.348773548256602 ], [ 2.13707441892772, 41.348652486195597 ], [ 2.1367861353231, 41.348364751211101 ], [ 2.13566399807786, 41.347978482374501 ], [ 2.13479622070756, 41.347684413269803 ], [ 2.13211903384466, 41.346768579038901 ], [ 2.13122221618532, 41.346447727708998 ], [ 2.1287424223101, 41.345523045294399 ], [ 2.12809193775414, 41.3452980461294 ], [ 2.11120201306554, 41.339699523966303 ], [ 2.1080390840722, 41.338607763429998 ], [ 2.10136850055766, 41.336334094522698 ], [ 2.10052652119516, 41.336042047464503 ], [ 2.10224969819054, 41.335350673293199 ], [ 2.10276922122741, 41.335101376850098 ], [ 2.10313465591425, 41.334904119313698 ], [ 2.10412839060245, 41.334335401458503 ], [ 2.10478878140927, 41.3339311450816 ], [ 2.10538935602234, 41.333494294412397 ], [ 2.10582965636329, 41.333161755208998 ], [ 2.1065715528597, 41.3325809606959 ], [ 2.10765370847453, 41.331744997742199 ], [ 2.10837850693753, 41.331103342315203 ], [ 2.10874883064454, 41.330729577677999 ], [ 2.10911822525011, 41.330245110479403 ], [ 2.11013100319188, 41.328929599529303 ], [ 2.11137894096104, 41.327247541702299 ], [ 2.11230244326722, 41.326116687672901 ], [ 2.1131098173371, 41.3255960356652 ], [ 2.11403874649996, 41.324880953479202 ], [ 2.11565267371448, 41.323889875959502 ], [ 2.11704334702011, 41.323320962172197 ], [ 2.1189007872172, 41.322734022595498 ], [ 2.12174501369923, 41.322066189101399 ], [ 2.12313535072147, 41.321806620511403 ], [ 2.12579804895938, 41.321352927319701 ], [ 2.12851899219984, 41.320961377640202 ], [ 2.13071181941224, 41.320771791595398 ], [ 2.13211676724445, 41.320808696332598 ], [ 2.13258209246616, 41.320846379002198 ], [ 2.13976876893078, 41.321115357687503 ], [ 2.14126791141887, 41.3210903067977 ], [ 2.14374270776114, 41.32094413147 ], [ 2.14574152772353, 41.320750922057897 ], [ 2.14661762727831, 41.320779842029999 ], [ 2.14672914634982, 41.3207602026487 ], [ 2.14685950858277, 41.320754250272103 ], [ 2.14771162003835, 41.320757676335496 ], [ 2.14951986645289, 41.3207405595616 ], [ 2.14962000284945, 41.320743604496599 ], [ 2.14972840744264, 41.3207575925151 ], [ 2.14985730567549, 41.320682877169098 ], [ 2.15069568324387, 41.3215295204513 ], [ 2.15081576681509, 41.321674094917597 ], [ 2.15092610582261, 41.321848575582003 ], [ 2.15172692716017, 41.323153667852303 ], [ 2.15226520520923, 41.322964216385401 ], [ 2.15228825977676, 41.322987028604899 ], [ 2.15235099914112, 41.323075810236901 ], [ 2.15237218626957, 41.323190912305201 ], [ 2.15246422782503, 41.323367031208598 ], [ 2.1526086330636, 41.323629585207101 ], [ 2.15269331506138, 41.323864757622097 ], [ 2.15271111123157, 41.323976961225704 ], [ 2.15277644603697, 41.324108097452601 ], [ 2.15285035872043, 41.3243057908971 ], [ 2.15289676334551, 41.324400297918103 ], [ 2.15295675540415, 41.324646944228299 ], [ 2.1530044457278, 41.324798136492298 ], [ 2.15304901373891, 41.324953314139599 ], [ 2.1530484086613, 41.325021263030798 ], [ 2.15309459580779, 41.3251649228406 ], [ 2.15312964624393, 41.3253279841256 ], [ 2.15317357495494, 41.325419995712998 ], [ 2.1531809490924, 41.325486327893898 ], [ 2.15321752701808, 41.325562819328297 ], [ 2.15327354402866, 41.325656108813902 ], [ 2.15329281083424, 41.325755433239799 ], [ 2.1533322186716, 41.3258579503946 ], [ 2.15334341354965, 41.325909763393199 ], [ 2.15336941264317, 41.325969035491902 ], [ 2.15337693103333, 41.326041782126801 ], [ 2.15339856326397, 41.326114398380902 ], [ 2.15341261256031, 41.326170024566402 ], [ 2.15345572703696, 41.3262751631257 ], [ 2.15348978338781, 41.326322190075999 ], [ 2.15350652819931, 41.3263856006241 ], [ 2.1535356571282, 41.326444967761198 ], [ 2.15354904222825, 41.326495607840101 ], [ 2.15361439347404, 41.326577778357297 ], [ 2.15363680906444, 41.326646220795801 ], [ 2.15368919635578, 41.3268400532125 ], [ 2.15372166038608, 41.326947374253798 ], [ 2.15382591975753, 41.3273176955487 ], [ 2.1538773131283, 41.327472058267297 ], [ 2.1538795473933, 41.327503484185698 ], [ 2.15382477959079, 41.327521258875002 ], [ 2.15387019759309, 41.3275944011924 ], [ 2.15392332623152, 41.327575866801403 ], [ 2.15396268002164, 41.327665169170302 ], [ 2.1539969292927, 41.327679815067398 ], [ 2.15408003703612, 41.327658699600903 ], [ 2.15416669826249, 41.327618757287503 ], [ 2.15422064963617, 41.327556929283801 ], [ 2.15423192683171, 41.327518369560998 ], [ 2.15424891816867, 41.327503658907403 ], [ 2.15422495436614, 41.327470776222597 ], [ 2.15404167403826, 41.327319119442699 ], [ 2.15403987017791, 41.327269195083602 ], [ 2.15404006689179, 41.327253063921397 ], [ 2.15405565669423, 41.327239541004602 ], [ 2.1541873792785, 41.327216206595203 ], [ 2.1542130185488, 41.327213773801397 ], [ 2.15426190272973, 41.327218492702201 ], [ 2.15433925340883, 41.327271052924402 ], [ 2.15442607147674, 41.327354785886001 ], [ 2.15449508561087, 41.327466194445797 ], [ 2.15449483064531, 41.327556160459601 ], [ 2.15448106312592, 41.327615437403303 ], [ 2.15439465915968, 41.327747322391403 ], [ 2.15428258969063, 41.327812470593301 ], [ 2.15426240875934, 41.327835417779703 ], [ 2.15426604199102, 41.3278538560063 ], [ 2.1542995150946, 41.327860155074703 ], [ 2.15478328497026, 41.3278415861094 ], [ 2.15697676348615, 41.327825462354397 ], [ 2.15884521852269, 41.327834791342497 ], [ 2.15886970772373, 41.3277889234733 ], [ 2.15892552326972, 41.327767641074402 ], [ 2.15897108614338, 41.327763073893102 ], [ 2.15890499052653, 41.327572782767398 ], [ 2.15882876864758, 41.3275454911658 ], [ 2.15879321541502, 41.327477926536702 ], [ 2.15873602864893, 41.327338287097803 ], [ 2.15872251199634, 41.327280827906002 ], [ 2.15875553971817, 41.327225150139299 ], [ 2.15877697298802, 41.327193888289997 ], [ 2.15881679417024, 41.327160022518697 ], [ 2.15889860330377, 41.327139362469602 ], [ 2.15902764116071, 41.327140665703297 ], [ 2.15909066668812, 41.327153376538298 ], [ 2.15914882689633, 41.327180175710403 ], [ 2.15920241135708, 41.327220849159801 ], [ 2.15924740031137, 41.327299003470003 ], [ 2.1593089503418, 41.3274190739928 ], [ 2.15946451922591, 41.327825552184102 ], [ 2.15953274228194, 41.327962029110701 ], [ 2.15963189447835, 41.328093615515101 ], [ 2.15973204695962, 41.328237594582397 ], [ 2.1598099882384, 41.328511562201598 ], [ 2.15999725851486, 41.3289958084248 ], [ 2.16007126409871, 41.3291660516565 ], [ 2.16028783466027, 41.329685100355498 ], [ 2.1606473820639, 41.330519529457803 ], [ 2.16086435079916, 41.331008242297798 ], [ 2.16109918309695, 41.331586791527798 ], [ 2.16116432934892, 41.331726127418598 ], [ 2.16132051738886, 41.332048728657803 ], [ 2.16138622997423, 41.332239952274499 ], [ 2.16157306884877, 41.332684991490197 ], [ 2.16167090372865, 41.332877313658301 ], [ 2.1617121084117, 41.332974319291402 ], [ 2.16203960131532, 41.3337156869541 ], [ 2.16219509645983, 41.334079068239198 ], [ 2.16226524534563, 41.3342154133245 ], [ 2.16230922568844, 41.334349622259197 ], [ 2.16240841136024, 41.334532945998198 ], [ 2.16245058955108, 41.334651144278801 ], [ 2.16249263864597, 41.334727186085601 ], [ 2.16257594980645, 41.334888487695203 ], [ 2.16266026306075, 41.335091952046497 ], [ 2.16274707536894, 41.335293488871002 ], [ 2.16293885062951, 41.335720258168998 ], [ 2.16324059752683, 41.336318322330399 ], [ 2.16333793745303, 41.336502487519901 ], [ 2.16344919170545, 41.336800402478701 ], [ 2.16356598039317, 41.337046942239802 ], [ 2.163631205586, 41.337175323976901 ], [ 2.16359947345726, 41.337233345426903 ], [ 2.16363912363561, 41.337318701212297 ], [ 2.16368628123469, 41.337333843363503 ], [ 2.16372815512069, 41.337355621723297 ], [ 2.16374609101328, 41.3373680113734 ], [ 2.16374946553101, 41.337379826822399 ], [ 2.16375106160667, 41.337396133141603 ], [ 2.1637582035408, 41.3374086695488 ], [ 2.16375518258343, 41.337414061157098 ], [ 2.16374567091113, 41.337415802568898 ], [ 2.16373733421041, 41.337412580330401 ], [ 2.16372451991831, 41.337430520403899 ], [ 2.16373180066999, 41.3374359418289 ], [ 2.16373136407945, 41.337441109010499 ], [ 2.16371247183832, 41.337451159311598 ], [ 2.16368824788444, 41.337449172762398 ], [ 2.16368363523082, 41.337461272461098 ], [ 2.16370928493192, 41.337510631254503 ], [ 2.16372982111855, 41.337535569352802 ], [ 2.16378023996329, 41.337667635601399 ], [ 2.16379893424918, 41.337686146903302 ], [ 2.16379531004144, 41.337701325374198 ], [ 2.16385112776734, 41.337810299337598 ], [ 2.16385477213117, 41.337811298634001 ], [ 2.16385735290761, 41.337837520447898 ], [ 2.16387779413542, 41.337865223157301 ], [ 2.16389163742973, 41.337892049232003 ], [ 2.16389313832026, 41.337911129192499 ], [ 2.16391383020768, 41.337971567278601 ], [ 2.16393648280846, 41.3380057895181 ], [ 2.16394562939841, 41.338007369237403 ], [ 2.16447448765002, 41.337930312761202 ], [ 2.1648074929135, 41.337875018247303 ], [ 2.16483322949785, 41.3378755563091 ], [ 2.16486128858349, 41.337883272248497 ], [ 2.16488051493167, 41.337893842545803 ], [ 2.1648878341903, 41.337910294865502 ], [ 2.16509971263623, 41.337876390868502 ], [ 2.16502348918557, 41.337613212732897 ], [ 2.16517843011521, 41.337587728326397 ], [ 2.16538866242322, 41.338313634077501 ], [ 2.1652351570042, 41.338338885967801 ], [ 2.16515461406942, 41.338073208528897 ], [ 2.16494125426533, 41.338112161436399 ], [ 2.16494528623306, 41.3381310048335 ], [ 2.16494057029281, 41.338139041411502 ], [ 2.1649053901711, 41.3381648360809 ], [ 2.16488738316275, 41.338173884147501 ], [ 2.16486799453514, 41.338180688304597 ], [ 2.16466563967791, 41.338219321519297 ], [ 2.16460078441268, 41.338234776178602 ], [ 2.16444866357386, 41.338258289598699 ], [ 2.16432678106595, 41.338279851557999 ], [ 2.16424801910954, 41.338296781365997 ], [ 2.16410375423788, 41.338313433553097 ], [ 2.16407522300491, 41.338322071772701 ], [ 2.16418122995792, 41.338544806568997 ], [ 2.16426839739658, 41.338745452975502 ], [ 2.16461317268489, 41.339499674928099 ], [ 2.16481215628201, 41.339952543099997 ], [ 2.16493663779486, 41.340245147912803 ], [ 2.16494846688736, 41.340252890187003 ], [ 2.16495959003986, 41.340256015456198 ], [ 2.16497048292159, 41.3402584544775 ], [ 2.16498168359183, 41.340257382774098 ], [ 2.16508224596478, 41.3402294763589 ], [ 2.16507605674843, 41.340215200380399 ], [ 2.16511930323161, 41.340204551885101 ], [ 2.16514721228172, 41.340268922551097 ], [ 2.16560051596131, 41.340157293028803 ], [ 2.16572935816263, 41.340613290089401 ], [ 2.16563474022847, 41.340628754755997 ], [ 2.16552849103442, 41.340253016825898 ], [ 2.16517821453601, 41.340340219057602 ], [ 2.16528834621334, 41.340591473670898 ], [ 2.16524521785802, 41.340602213160999 ], [ 2.16522554560135, 41.340557329817599 ], [ 2.16519864881717, 41.340564169642199 ], [ 2.16518630049189, 41.340572745364199 ], [ 2.16516681155811, 41.340578927316798 ], [ 2.16516071381369, 41.3405828464198 ], [ 2.16515211656049, 41.340582207570101 ], [ 2.16514650697177, 41.340585337546301 ], [ 2.16514239994469, 41.340590604211101 ], [ 2.16514356343773, 41.340598701458802 ], [ 2.16513471630258, 41.340602654661502 ], [ 2.1651292684766, 41.340608091751001 ], [ 2.16512689360597, 41.340615298602899 ], [ 2.16512732169082, 41.340621084575297 ], [ 2.16512183426566, 41.340631493561702 ], [ 2.16512524191287, 41.340645425986501 ], [ 2.16511645993152, 41.340657378392102 ], [ 2.16511437751516, 41.3406725680818 ], [ 2.16512096281775, 41.340695981518202 ], [ 2.16512493666948, 41.340699271089903 ], [ 2.16513010929412, 41.340719125291002 ], [ 2.16513594699984, 41.340724337990203 ], [ 2.16514043882093, 41.340731990987798 ], [ 2.16514998680789, 41.340755515989798 ], [ 2.16515755733607, 41.340765425199898 ], [ 2.16517668773578, 41.340800423307002 ], [ 2.16517840157254, 41.340815964807703 ], [ 2.16519675975513, 41.340853407371497 ], [ 2.16520291078871, 41.3408724579837 ], [ 2.16520954866133, 41.340886143608799 ], [ 2.16522614271831, 41.340906368892803 ], [ 2.16523091149241, 41.340914798547502 ], [ 2.16523751647957, 41.340931060100402 ], [ 2.16524798100463, 41.340980155254499 ], [ 2.16526365285272, 41.341016443367202 ], [ 2.16527381700032, 41.341027290154102 ], [ 2.16527993874391, 41.341038341817899 ], [ 2.16528707066362, 41.341062011420398 ], [ 2.16529850825189, 41.3410760921549 ], [ 2.1653204065776, 41.341135827111501 ], [ 2.16532662469581, 41.3411412046962 ], [ 2.16534305211477, 41.341150151263903 ], [ 2.16534891193742, 41.341155508233797 ], [ 2.16535948172566, 41.341170159153499 ], [ 2.16537004379086, 41.3411760546485 ], [ 2.16538131375214, 41.341178928729299 ], [ 2.16539027306515, 41.341179299960203 ], [ 2.16542255837747, 41.341178146920903 ], [ 2.16543502741418, 41.341173229127399 ], [ 2.16546544032349, 41.341172693028703 ], [ 2.16551740617221, 41.341163467758101 ], [ 2.16555127043479, 41.341154723733801 ], [ 2.16556831389636, 41.341152865639899 ], [ 2.16559511718199, 41.341146718635898 ], [ 2.16562700279991, 41.341146913778303 ], [ 2.16564497337382, 41.3411454587281 ], [ 2.16567696223483, 41.3411356922214 ], [ 2.16574467799024, 41.341130436269999 ], [ 2.16578445815552, 41.3411226538338 ], [ 2.16582331143529, 41.341110703163302 ], [ 2.1658494216403, 41.341104542068699 ], [ 2.16586622996972, 41.341102375968703 ], [ 2.16590586346238, 41.341102338946399 ], [ 2.16594784096006, 41.341092824908102 ], [ 2.16596766644147, 41.341086501141604 ], [ 2.16599049045684, 41.341083099542303 ], [ 2.16602177229257, 41.341072535148797 ], [ 2.16604901217416, 41.341067760354797 ], [ 2.16606352521703, 41.341065631639097 ], [ 2.16609470408336, 41.341065010848403 ], [ 2.16611518156936, 41.341065663648003 ], [ 2.16613691758711, 41.3410688476852 ], [ 2.16615481184028, 41.341073373035698 ], [ 2.16618229238405, 41.341085336038198 ], [ 2.16620309570135, 41.3411016733805 ], [ 2.16622529214831, 41.341126857248099 ], [ 2.16623146095366, 41.341139854839803 ], [ 2.1662323585213, 41.3411688117056 ], [ 2.16624316392606, 41.341204361837796 ], [ 2.16624780995024, 41.341228049401799 ], [ 2.16623995065096, 41.3412501330968 ], [ 2.16622861162961, 41.3412639136154 ], [ 2.16621895486945, 41.341293856911697 ], [ 2.16620583615891, 41.341302859524603 ], [ 2.16618683134839, 41.341310432323702 ], [ 2.16616575075455, 41.341325196144098 ], [ 2.16614420887164, 41.341331147205103 ], [ 2.16610485862586, 41.341338950895498 ], [ 2.16606075968667, 41.341344234070696 ], [ 2.16603045494843, 41.341345653853203 ], [ 2.16598371115091, 41.341352142863897 ], [ 2.16592151564346, 41.341344395987001 ], [ 2.16588036335318, 41.341322947936 ], [ 2.16586393259381, 41.341316127209602 ], [ 2.1658482133561, 41.341319111885099 ], [ 2.16583368311388, 41.341326329731302 ], [ 2.16578480538834, 41.341327704904003 ], [ 2.16576768102071, 41.341320915166598 ], [ 2.16574866285189, 41.3413220383691 ], [ 2.1657264951135, 41.341328327103 ], [ 2.16571130905018, 41.341334486292901 ], [ 2.16569209781204, 41.341337625784298 ], [ 2.16567376935594, 41.341337150625101 ], [ 2.16559036536158, 41.341348562067097 ], [ 2.16556396100687, 41.341349667717402 ], [ 2.16552379018322, 41.3413599513514 ], [ 2.16547763696372, 41.341368858469998 ], [ 2.16544810827175, 41.341376895289898 ], [ 2.16542094066675, 41.341375995690001 ], [ 2.16537908916639, 41.341377493702801 ], [ 2.16535197573028, 41.341383584361303 ], [ 2.16532811938254, 41.341391067787697 ], [ 2.16530712625061, 41.341395221155501 ], [ 2.16521616821298, 41.341412261321103 ], [ 2.16517955900056, 41.341416931923902 ], [ 2.16517015050657, 41.341421781814397 ], [ 2.16515451531806, 41.3414256677626 ], [ 2.16512527826896, 41.341429581143601 ], [ 2.16511228157919, 41.341427144890297 ], [ 2.1650888297625, 41.3414291545932 ], [ 2.165031555966, 41.341472137597997 ], [ 2.16501738254966, 41.341485095757697 ], [ 2.1649813997094, 41.341494995237802 ], [ 2.16495481743457, 41.341508151598497 ], [ 2.1649330290312, 41.341512803552 ], [ 2.16490724500655, 41.341521479919201 ], [ 2.16487149651518, 41.3415205179246 ], [ 2.16483318399341, 41.341523788889603 ], [ 2.16481322959007, 41.341528958553901 ], [ 2.16473590556762, 41.341526595870903 ], [ 2.16471198878201, 41.341521963536302 ], [ 2.16469055459083, 41.341523213149699 ], [ 2.16463739615552, 41.341535942344898 ], [ 2.16462589742591, 41.3415360030017 ], [ 2.16460008389851, 41.3415357615823 ], [ 2.16452857984533, 41.341521298789402 ], [ 2.1645124161179, 41.341519776265599 ], [ 2.16450069500448, 41.341526014494796 ], [ 2.16448466819786, 41.341526870961999 ], [ 2.16446583186011, 41.341523113164399 ], [ 2.16444674950607, 41.341523641185198 ], [ 2.16441025402546, 41.341534365461897 ], [ 2.16436638712285, 41.341542045687703 ], [ 2.16433377067287, 41.3415429077832 ], [ 2.16431420630726, 41.341545612116199 ], [ 2.16427832205226, 41.341542180874796 ], [ 2.16424667304688, 41.341547769942302 ], [ 2.16421224152241, 41.341544763578497 ], [ 2.16419389116233, 41.341553475755198 ], [ 2.16418981526961, 41.3415581661259 ], [ 2.16418189764658, 41.341560450594997 ], [ 2.16417747238222, 41.341566291398003 ], [ 2.16417158730146, 41.341570392143701 ], [ 2.16416186624881, 41.341571636649803 ], [ 2.16415077533765, 41.341567844977099 ], [ 2.16413769704752, 41.341566182672999 ], [ 2.16411016982515, 41.341569099365103 ], [ 2.16408823453156, 41.3415721467425 ], [ 2.164067368553, 41.341577561868398 ], [ 2.16403389604497, 41.341583678086998 ], [ 2.16401686855815, 41.341591751298701 ], [ 2.16398158074975, 41.341594017087203 ], [ 2.16396545537635, 41.341593233386703 ], [ 2.16394083681548, 41.3415967476529 ], [ 2.16392603606373, 41.341606404346102 ], [ 2.16391605956128, 41.341610799628299 ], [ 2.16390482610667, 41.341608808412097 ], [ 2.16387082657035, 41.341615010830203 ], [ 2.163860877129, 41.341621027668403 ], [ 2.16385084395371, 41.341622377971603 ], [ 2.16381230122958, 41.341626817909102 ], [ 2.16377714604203, 41.341628057734397 ], [ 2.16375555334416, 41.341632350583502 ], [ 2.16374355999823, 41.341639307363401 ], [ 2.1637386477254, 41.341643973625402 ], [ 2.16371280285062, 41.3416517845545 ], [ 2.16369575328504, 41.341652237146398 ], [ 2.16364980792037, 41.341665414633098 ], [ 2.16362412501602, 41.341668038354001 ], [ 2.1636136964188, 41.341672268187899 ], [ 2.16361308775692, 41.341680604782503 ], [ 2.1636237464223, 41.341738727080397 ], [ 2.16362455181532, 41.341761720274199 ], [ 2.16362862251353, 41.341787331380502 ], [ 2.16363909299809, 41.341813457389598 ], [ 2.16366076404525, 41.341849753280897 ], [ 2.16367806433239, 41.341857733609899 ], [ 2.16369800966779, 41.341860760973702 ], [ 2.16371863592131, 41.341859145371501 ], [ 2.16374089607966, 41.341849398787097 ], [ 2.16380858705386, 41.341834938052301 ], [ 2.16387242852176, 41.341829889252502 ], [ 2.16390014765046, 41.341830667119098 ], [ 2.16392134281303, 41.341833163069403 ], [ 2.16394531085004, 41.341843137434701 ], [ 2.1639576205093, 41.3418563058625 ], [ 2.16396512565974, 41.341875060116202 ], [ 2.16398754600218, 41.341901380992098 ], [ 2.16399893956015, 41.3419301078563 ], [ 2.16400107094044, 41.341946625222597 ], [ 2.16403801209837, 41.342012288579497 ], [ 2.16404353760761, 41.342028830598899 ], [ 2.16404432321848, 41.342042167521299 ], [ 2.16405820589246, 41.3420856128268 ], [ 2.1640684089958, 41.342099018153398 ], [ 2.1640746303814, 41.342102270040101 ], [ 2.16407763631317, 41.342110218542302 ], [ 2.1640691840572, 41.342130937632596 ], [ 2.16420498927543, 41.342107737724497 ], [ 2.16424084445024, 41.342227043164499 ], [ 2.16252930316087, 41.342501411486303 ], [ 2.1624954068289, 41.342381976559302 ], [ 2.16264469629103, 41.3423591657657 ], [ 2.16264360654242, 41.342341602068402 ], [ 2.16264608327599, 41.342331135268701 ], [ 2.1626461886985, 41.342319173972797 ], [ 2.16263959024874, 41.342293112079403 ], [ 2.1626260497144, 41.342264081219597 ], [ 2.16262634905692, 41.342244446878503 ], [ 2.16261104635718, 41.342203693344302 ], [ 2.16260624525296, 41.342181013360303 ], [ 2.16259162395801, 41.342132788491597 ], [ 2.16258828502321, 41.342106065735898 ], [ 2.16258846753504, 41.342088087938599 ], [ 2.16259314808572, 41.342073529719798 ], [ 2.16260085119618, 41.342061875918603 ], [ 2.16261853805125, 41.342050871245 ], [ 2.16264077905179, 41.342042638007896 ], [ 2.16272416296664, 41.342023572120901 ], [ 2.16278892977485, 41.342013486411403 ], [ 2.16281755374108, 41.3420108122112 ], [ 2.16283635767732, 41.342005904752703 ], [ 2.16283914315814, 41.341997457891502 ], [ 2.16280907961788, 41.341858702648302 ], [ 2.16277692329904, 41.341804963709798 ], [ 2.16276125337232, 41.3418003459254 ], [ 2.16272381846938, 41.341800397858798 ], [ 2.1627037887481, 41.341803963259601 ], [ 2.16269064080425, 41.341811469999001 ], [ 2.16263725641353, 41.341817531016503 ], [ 2.1625957054883, 41.341824461772802 ], [ 2.16254687741713, 41.3418415181239 ], [ 2.16251858286679, 41.341848338140103 ], [ 2.16249090443014, 41.341851847843998 ], [ 2.16243996775429, 41.341864628220399 ], [ 2.16238567270826, 41.341870862645102 ], [ 2.16235907713455, 41.341875677289799 ], [ 2.16234502547172, 41.341882817108797 ], [ 2.16232687463684, 41.341888990301698 ], [ 2.16227844908991, 41.341892348942203 ], [ 2.16222778116018, 41.3419065363627 ], [ 2.16214844814163, 41.341919145925701 ], [ 2.16207647882189, 41.341939123201001 ], [ 2.16201917177431, 41.341941624400498 ], [ 2.16199331399643, 41.3419448229686 ], [ 2.16196633801053, 41.341945743478597 ], [ 2.16189201905091, 41.341955074586998 ], [ 2.16186465923884, 41.341956100368897 ], [ 2.16183972484268, 41.341965583908902 ], [ 2.16175606923035, 41.341968541626798 ], [ 2.16170792161339, 41.341980044901497 ], [ 2.16160199920608, 41.342015600873701 ], [ 2.16157773371356, 41.342017657977998 ], [ 2.16155267608342, 41.3420218350944 ], [ 2.16153751648215, 41.342029615288297 ], [ 2.16152436861899, 41.342033374742101 ], [ 2.16150777857573, 41.342040856267801 ], [ 2.16149152942803, 41.342044124728602 ], [ 2.16147370279226, 41.3420399234192 ], [ 2.16146355167448, 41.342033688274199 ], [ 2.1614153035981, 41.342034381601103 ], [ 2.16138863222616, 41.342030187891197 ], [ 2.16136760197504, 41.342029746403902 ], [ 2.16133217835484, 41.342036982572097 ], [ 2.1612954715943, 41.342047344015398 ], [ 2.16127322996473, 41.342055613017799 ], [ 2.16122603949084, 41.342063303853003 ], [ 2.16120747462964, 41.3420719239123 ], [ 2.16117963985856, 41.342080152131601 ], [ 2.16109837134694, 41.342079631829499 ], [ 2.16107359060241, 41.342080856374402 ], [ 2.16104854262807, 41.342084276814802 ], [ 2.16102615846683, 41.342092472669599 ], [ 2.16102414167002, 41.342108059091302 ], [ 2.1610454055096, 41.342149901169499 ], [ 2.16105336541813, 41.342174135532503 ], [ 2.16105612463231, 41.342193828194901 ], [ 2.16106527781439, 41.342218215376697 ], [ 2.16108104589, 41.342237534473099 ], [ 2.16109452277041, 41.342260295775702 ], [ 2.16111229819585, 41.342279665530199 ], [ 2.16112114785757, 41.3422941781904 ], [ 2.16114543550369, 41.3423723608404 ], [ 2.16116056371139, 41.342386594988199 ], [ 2.16116622350743, 41.342429872610197 ], [ 2.16116444472557, 41.342471618771299 ], [ 2.16116864719088, 41.342486890221899 ], [ 2.16116375066562, 41.342495898139497 ], [ 2.16116579479891, 41.342507983191602 ], [ 2.16117409266356, 41.342531967795999 ], [ 2.1611754282335, 41.342547110259403 ], [ 2.16117226025865, 41.342559265412802 ], [ 2.16116460492979, 41.342564563718803 ], [ 2.16117891221423, 41.342592290634698 ], [ 2.16068957569928, 41.342780025909697 ], [ 2.1594796084003, 41.343251722525601 ], [ 2.15946476675079, 41.343228230464902 ], [ 2.15933369223151, 41.3432666451925 ], [ 2.15928411449525, 41.343270282395501 ], [ 2.15926380140894, 41.343269809731602 ], [ 2.15923851688833, 41.343261842473197 ], [ 2.1592072607403, 41.343246085067499 ], [ 2.1584415258994, 41.3427562238722 ], [ 2.15843519625881, 41.3427621397013 ], [ 2.15840750397625, 41.342745327229501 ], [ 2.15842246924863, 41.342731330801897 ], [ 2.15840017602312, 41.3427129274381 ], [ 2.15837282393501, 41.342672481567099 ], [ 2.15835132691689, 41.3426488686301 ], [ 2.15833168833784, 41.342636871037897 ], [ 2.15831765457122, 41.342631435918101 ], [ 2.15829824064594, 41.342620556902602 ], [ 2.15826702443152, 41.342594314714802 ], [ 2.15825002073303, 41.342585615137601 ], [ 2.15822969393466, 41.342582511979103 ], [ 2.15818339476616, 41.342584046901599 ], [ 2.15809137195418, 41.342594399022097 ], [ 2.15806665408744, 41.342594434378697 ], [ 2.15804200630655, 41.342596451909401 ], [ 2.15798778731219, 41.342604126024398 ], [ 2.15794534638994, 41.342603058867297 ], [ 2.15791259777882, 41.342599288280297 ], [ 2.15787099043856, 41.342589183589098 ], [ 2.15772025143457, 41.342533242356303 ], [ 2.15768752424298, 41.342524103347003 ], [ 2.15763779626863, 41.342502337379102 ], [ 2.15757059092443, 41.342464121729797 ], [ 2.15747287245359, 41.342411919088001 ], [ 2.15744014585097, 41.342399032861202 ], [ 2.15738817451969, 41.342373287028003 ], [ 2.1573343555358, 41.342349941673199 ], [ 2.15731877634089, 41.3423494312675 ], [ 2.1573029525856, 41.342345640311301 ], [ 2.15722709690958, 41.342299794756798 ], [ 2.15720636327808, 41.342291175802004 ], [ 2.15718583987366, 41.3422847922619 ], [ 2.15708094943205, 41.342233608665701 ], [ 2.15704797127912, 41.342275459523698 ], [ 2.15715296285102, 41.342324364973599 ], [ 2.15708807842486, 41.342405579472 ], [ 2.15684910098959, 41.342293720306799 ], [ 2.15691515516663, 41.342213568397703 ], [ 2.15692682337563, 41.342219003473801 ], [ 2.1569608716725, 41.342177494670402 ], [ 2.15694102557506, 41.342164936850999 ], [ 2.15691402220452, 41.342156848399597 ], [ 2.15683169720601, 41.342119717761598 ], [ 2.1568105860788, 41.342143984431502 ], [ 2.15681665034229, 41.342147343649501 ], [ 2.15678600517052, 41.3421778890025 ], [ 2.15674600808132, 41.342155104028102 ], [ 2.15677246871241, 41.342126509692797 ], [ 2.15677541295179, 41.342128053545302 ], [ 2.15678446742611, 41.342118274605397 ], [ 2.15678723356065, 41.342119727076899 ], [ 2.15679884938873, 41.342107169149102 ], [ 2.15675812102642, 41.342086131695297 ], [ 2.15672720314664, 41.342074816828799 ], [ 2.15670630736368, 41.342070439164097 ], [ 2.15668805466107, 41.3420585235068 ], [ 2.15667841411993, 41.342049805591003 ], [ 2.15663674618893, 41.342033322645797 ], [ 2.15652805067882, 41.341982534017397 ], [ 2.15648372268871, 41.341957312187397 ], [ 2.15645547291422, 41.341945791614101 ], [ 2.1564130027489, 41.341924798919599 ], [ 2.15639774768747, 41.341921408340902 ], [ 2.15638328539459, 41.341915861753101 ], [ 2.156327223462, 41.341883924272899 ], [ 2.15627828501838, 41.341860325959502 ], [ 2.1562483944535, 41.341838884972397 ], [ 2.15623281494294, 41.341819890871001 ], [ 2.15622535089698, 41.341805532116197 ], [ 2.15620612220095, 41.341780350074202 ], [ 2.15619455780158, 41.341761421435798 ], [ 2.15618032913184, 41.341734078200403 ], [ 2.15616890427417, 41.341704341490498 ], [ 2.15612268397404, 41.341644264340196 ], [ 2.15609267872732, 41.341613202379499 ], [ 2.15608230706056, 41.341598173748501 ], [ 2.15606658838606, 41.341564045874797 ], [ 2.15605830213958, 41.341528207016601 ], [ 2.15602893141753, 41.341481332386998 ], [ 2.15600159819296, 41.341450686330099 ], [ 2.15598586098763, 41.341417999521099 ], [ 2.15595883231028, 41.341385986535599 ], [ 2.15595080460736, 41.341367155870202 ], [ 2.15591806996193, 41.341310528357099 ], [ 2.1558925674769, 41.341275103669901 ], [ 2.15587191972031, 41.341237660857402 ], [ 2.15585200777093, 41.341195071103897 ], [ 2.15583803908362, 41.341173530610803 ], [ 2.1558106829315, 41.341140974732902 ], [ 2.15578629771658, 41.341118997522102 ], [ 2.15576873717755, 41.341086837761601 ], [ 2.15573529936053, 41.341040257492601 ], [ 2.15573520967763, 41.341029618885798 ], [ 2.1557291408817, 41.341017369098203 ], [ 2.15571593049032, 41.341000049698799 ], [ 2.15568108293006, 41.340962682830998 ], [ 2.15567486791573, 41.340951575930099 ], [ 2.15567655491704, 41.3409394100618 ], [ 2.15565965416544, 41.340915397974499 ], [ 2.15565229585401, 41.340896572197998 ], [ 2.15562733902126, 41.340857975381603 ], [ 2.15554985805401, 41.340814004779801 ], [ 2.15555481732109, 41.340788162397502 ], [ 2.15555203329033, 41.340770523147803 ], [ 2.15553578259741, 41.340740606840498 ], [ 2.15553076777327, 41.340718015068703 ], [ 2.1555201304991, 41.340701363072398 ], [ 2.15551444211106, 41.340682801752301 ], [ 2.15550504680314, 41.340666230928399 ], [ 2.15547785029718, 41.340606545316099 ], [ 2.15546075164701, 41.340579361078802 ], [ 2.15545718650597, 41.340562977155201 ], [ 2.15544861305463, 41.3405494028734 ], [ 2.1554380280057, 41.340539813193502 ], [ 2.15542674513643, 41.340525030026797 ], [ 2.15540950315866, 41.340508942066002 ], [ 2.15539676640898, 41.340480880064099 ], [ 2.15538846867296, 41.340470019082098 ], [ 2.15538233258471, 41.340454661167101 ], [ 2.1553792616156, 41.340429633592301 ], [ 2.15537264862921, 41.340415109881498 ], [ 2.15532694660956, 41.340426042944998 ], [ 2.15532192530827, 41.340414134103398 ], [ 2.15535772442812, 41.3404055694172 ], [ 2.15533647893224, 41.340399630626202 ], [ 2.15532390542466, 41.3403848379767 ], [ 2.15531190379789, 41.340344287849199 ], [ 2.15530021837731, 41.340323664804401 ], [ 2.15528222757351, 41.3402804405019 ], [ 2.15527205837014, 41.340260873461901 ], [ 2.15525828517154, 41.3402464323025 ], [ 2.15523540671727, 41.340207783997002 ], [ 2.15520851827253, 41.340172385010298 ], [ 2.15518124696274, 41.3401148245634 ], [ 2.15517393947246, 41.340095782945497 ], [ 2.15516227819528, 41.340076997609202 ], [ 2.1551458627086, 41.340056159673701 ], [ 2.15510704680651, 41.339989290698398 ], [ 2.15509996006849, 41.339953172326602 ], [ 2.15506837410259, 41.339907650331298 ], [ 2.15505268767544, 41.3398895920689 ], [ 2.15502908776656, 41.339851298726998 ], [ 2.1549898961717, 41.339795019865001 ], [ 2.15497114985289, 41.339758491602502 ], [ 2.15494785418092, 41.339737350907797 ], [ 2.15489482776874, 41.3396741967276 ], [ 2.15488187195399, 41.339652015006202 ], [ 2.15487511486872, 41.339616295372998 ], [ 2.15486996125992, 41.339600764491898 ], [ 2.15485828321639, 41.339586987214602 ], [ 2.1548499482687, 41.339569775575903 ], [ 2.15484311285025, 41.339562303134201 ], [ 2.15483492906204, 41.339548191211598 ], [ 2.15483052109268, 41.3395267568322 ], [ 2.15481764439751, 41.339505854760397 ], [ 2.15478367600606, 41.339468070714297 ], [ 2.15477200403874, 41.3394639946358 ], [ 2.15475673468314, 41.339450668374397 ], [ 2.15475113125919, 41.3394477447954 ], [ 2.15474348375095, 41.339436528237798 ], [ 2.15472125004256, 41.339369321526398 ], [ 2.15469465511871, 41.3393232866201 ], [ 2.15468243337372, 41.339309045944603 ], [ 2.15466698284534, 41.339283855357699 ], [ 2.15463024696289, 41.339237358623301 ], [ 2.15461875707667, 41.339231221130902 ], [ 2.15460708045635, 41.339228433085403 ], [ 2.15459551081038, 41.339221069974002 ], [ 2.15458025331159, 41.339206834010298 ], [ 2.15453944633559, 41.339153533640598 ], [ 2.15452638592492, 41.339120974377202 ], [ 2.15451517021798, 41.339108425491702 ], [ 2.15450304142195, 41.339099941323198 ], [ 2.15449053936957, 41.339075961373602 ], [ 2.15448217157768, 41.3390686938342 ], [ 2.15447362916058, 41.339063839042602 ], [ 2.15446138128032, 41.339060866633801 ], [ 2.15442668229861, 41.3390638904581 ], [ 2.15440617955719, 41.339059704422802 ], [ 2.15439849059572, 41.3390553963511 ], [ 2.15438145930377, 41.339034157445901 ], [ 2.15437209620485, 41.339015136700901 ], [ 2.1543598327119, 41.338979187415802 ], [ 2.15433743794928, 41.338952189280803 ], [ 2.15433334295348, 41.338939836821098 ], [ 2.15433218252786, 41.3389260647117 ], [ 2.15433590543345, 41.338919138215701 ], [ 2.15434979473313, 41.338906089205899 ], [ 2.15435929096528, 41.338900033827898 ], [ 2.15437336081347, 41.338895201055102 ], [ 2.15438997228867, 41.3388860633167 ], [ 2.15439697907999, 41.338880277886901 ], [ 2.15439914947613, 41.338875105467501 ], [ 2.15440175760183, 41.3388508762242 ], [ 2.15440186105703, 41.338842878252997 ], [ 2.15439890398329, 41.338831254762603 ], [ 2.15433747091539, 41.3387463843276 ], [ 2.15432691302256, 41.3387236436756 ], [ 2.15432440808905, 41.338710330080303 ], [ 2.15431333397045, 41.338690540120098 ], [ 2.15426900195454, 41.338627989985802 ], [ 2.15426201455506, 41.338621191960399 ], [ 2.1542447685299, 41.338598086886599 ], [ 2.15423353152478, 41.338587195211097 ], [ 2.15421761533554, 41.338546291918703 ], [ 2.15419445991504, 41.338510667909397 ], [ 2.15417143389494, 41.338468739539699 ], [ 2.15415429489264, 41.338452147719401 ], [ 2.15414029377631, 41.338433200957503 ], [ 2.1541240461606, 41.338403140342898 ], [ 2.15412333027034, 41.338397505343103 ], [ 2.15410637632782, 41.3384035599342 ], [ 2.15409517921827, 41.338385894837401 ], [ 2.15411422914194, 41.338379495349898 ], [ 2.15410242233005, 41.338361843787702 ], [ 2.15409556427921, 41.33835613662 ], [ 2.15409125510082, 41.338349259185698 ], [ 2.15409270496316, 41.338340658594802 ], [ 2.154097559249, 41.338334965452503 ], [ 2.15408963945059, 41.338311559591403 ], [ 2.15408054821358, 41.338297404912701 ], [ 2.15406094504055, 41.338279137571099 ], [ 2.15403544515934, 41.338236290231002 ], [ 2.1540114393368, 41.338207289512297 ], [ 2.15400622984579, 41.338192406724502 ], [ 2.15398031667876, 41.338170417892002 ], [ 2.15396516865772, 41.338147751553699 ], [ 2.15394480160771, 41.338107247865899 ], [ 2.15393258419891, 41.338087161220201 ], [ 2.15391825888942, 41.338074805596698 ], [ 2.15390842319016, 41.338062771220301 ], [ 2.15388907310125, 41.338028652366098 ], [ 2.15388626422038, 41.338016669647502 ], [ 2.15385741892415, 41.337973761641102 ], [ 2.1538554728073, 41.3379616051132 ], [ 2.15385559939138, 41.337940744484897 ], [ 2.15384729709675, 41.337928433134202 ], [ 2.15383516277165, 41.337916706124197 ], [ 2.15381941559524, 41.337896017028797 ], [ 2.15381400354484, 41.337885708593902 ], [ 2.15380285299289, 41.3378533794668 ], [ 2.15378974144007, 41.337832205321099 ], [ 2.15378649351357, 41.337820903947801 ], [ 2.15377748332305, 41.337811577903999 ], [ 2.15376548404256, 41.337807886642402 ], [ 2.15375341947379, 41.337809239145301 ], [ 2.15374192012352, 41.337818630565998 ], [ 2.15373452375271, 41.337821278454001 ], [ 2.15371228240731, 41.337825870910699 ], [ 2.15370297561336, 41.337832071750903 ], [ 2.15369002962859, 41.337835039130397 ], [ 2.15367941588167, 41.337835105202501 ], [ 2.1536683539718, 41.337832862036997 ], [ 2.15365325997736, 41.337824500093802 ], [ 2.15363337421477, 41.337809617451001 ], [ 2.15361951606605, 41.337801805046801 ], [ 2.15360656655857, 41.337791197965302 ], [ 2.15358160144164, 41.337743085019603 ], [ 2.15357843027647, 41.337729550324497 ], [ 2.15358034212022, 41.337718503074697 ], [ 2.15359313281601, 41.337705374013098 ], [ 2.15359918283444, 41.337695942530999 ], [ 2.15362390959217, 41.337680307063501 ], [ 2.15363318978579, 41.337676159762502 ], [ 2.15364904041767, 41.337674078477598 ], [ 2.15365722164889, 41.337669887062702 ], [ 2.15366380142668, 41.3376638463237 ], [ 2.15366766026961, 41.3376574973326 ], [ 2.15366529308613, 41.337640942004498 ], [ 2.15366633726792, 41.3376267537339 ], [ 2.15365630790637, 41.337618609186499 ], [ 2.15364894258863, 41.337607781954802 ], [ 2.15363782689231, 41.337583848133299 ], [ 2.15362941391549, 41.337576400046601 ], [ 2.15362266722224, 41.337565793544599 ], [ 2.15361776979807, 41.337551741730401 ], [ 2.15360709502722, 41.3375417548855 ], [ 2.15359125358487, 41.337517281880103 ], [ 2.15357933692986, 41.337507213838599 ], [ 2.15356926003978, 41.337495357810099 ], [ 2.15355745936105, 41.337457871539002 ], [ 2.15354687530727, 41.3374519567828 ], [ 2.15353898023849, 41.337445125014099 ], [ 2.15352400088189, 41.337424225342303 ], [ 2.15351311488351, 41.337415786238999 ], [ 2.15350502839931, 41.337405277966603 ], [ 2.15350187427807, 41.337394121395803 ], [ 2.15349480141424, 41.337382863941002 ], [ 2.15348603452813, 41.3373732153905 ], [ 2.15348343561097, 41.337359792992103 ], [ 2.15345379081106, 41.337323292398999 ], [ 2.1534438279838, 41.337313707109097 ], [ 2.15343520290179, 41.337300492595098 ], [ 2.15341426024207, 41.337263875850397 ], [ 2.1534014708041, 41.3372252293183 ], [ 2.15339169640326, 41.337215861591702 ], [ 2.15336738165493, 41.337173851513299 ], [ 2.15335158581327, 41.337156945178698 ], [ 2.15334134102372, 41.337124838848702 ], [ 2.15332666167096, 41.337102932508103 ], [ 2.15331713935484, 41.337094404334799 ], [ 2.15330561119099, 41.337098643163898 ], [ 2.15329457400374, 41.337081582670798 ], [ 2.15330171900403, 41.337078959983998 ], [ 2.15328519588742, 41.337060075628997 ], [ 2.15327732914879, 41.3370473711065 ], [ 2.15326392956834, 41.337015241559001 ], [ 2.15325152991518, 41.337005566263102 ], [ 2.15323661913868, 41.336975695504798 ], [ 2.15322990750934, 41.336969773179902 ], [ 2.15322542588657, 41.3369430057001 ], [ 2.15315845508718, 41.336843033192302 ], [ 2.15313967314963, 41.336798325469502 ], [ 2.15312144050566, 41.336762881580803 ], [ 2.15311757740588, 41.336751107265798 ], [ 2.15310563890141, 41.336731671126998 ], [ 2.1530924754513, 41.336721918132497 ], [ 2.15308254637057, 41.336709738875001 ], [ 2.15306664612509, 41.336682454996101 ], [ 2.15304865679386, 41.336665136143502 ], [ 2.15303708400504, 41.336639613562397 ], [ 2.15301949417274, 41.336617289428801 ], [ 2.15297489949753, 41.336513410053499 ], [ 2.15295398441464, 41.336474703664798 ], [ 2.15295070541947, 41.336461204186598 ], [ 2.15294038046554, 41.336450066882499 ], [ 2.15293263541791, 41.336431670438301 ], [ 2.15291230510039, 41.336417937367401 ], [ 2.15289825510287, 41.336417581742502 ], [ 2.15288947405222, 41.336420111294203 ], [ 2.15286684634083, 41.336421349924599 ], [ 2.15284201598311, 41.336430246798301 ], [ 2.15281682946374, 41.336429737127602 ], [ 2.15280460445751, 41.336432421473198 ], [ 2.15279322706884, 41.336432409782098 ], [ 2.15277420688713, 41.336424559275599 ], [ 2.15275481129883, 41.3364014111255 ], [ 2.15274005608467, 41.336366019796898 ], [ 2.15273430003869, 41.3363564564062 ], [ 2.15272645384699, 41.336316359934202 ], [ 2.15273198617051, 41.336309987262702 ], [ 2.15274052504356, 41.3363049338165 ], [ 2.1527832158524, 41.336286395215097 ], [ 2.15279255994881, 41.336279149842099 ], [ 2.15279838677392, 41.336267572951897 ], [ 2.15280205714942, 41.336228732245999 ], [ 2.1527977974072, 41.3362162163778 ], [ 2.15277844016272, 41.336185502142598 ], [ 2.15276558382796, 41.3361686624024 ], [ 2.15274327051497, 41.336123514265502 ], [ 2.15272270010203, 41.336098808155803 ], [ 2.1527116437699, 41.336088782386703 ], [ 2.15271084100387, 41.336086173284997 ], [ 2.15271445977724, 41.336077138296801 ], [ 2.15271284861387, 41.3360741989706 ], [ 2.15268675743458, 41.3360614322972 ], [ 2.15267668128167, 41.336027417536897 ], [ 2.15265874236667, 41.336009918841498 ], [ 2.15264680909477, 41.335986411263697 ], [ 2.15263287698471, 41.335969590610603 ], [ 2.15263100760444, 41.335958911867102 ], [ 2.15262251905494, 41.335944410210601 ], [ 2.15259435329991, 41.3359155947415 ], [ 2.15259166516358, 41.335910918027601 ], [ 2.1525943257389, 41.3359048124601 ], [ 2.15259061031028, 41.335893642721501 ], [ 2.15256498616246, 41.3358669807564 ], [ 2.15255353841938, 41.3358429002582 ], [ 2.15254043934064, 41.3358208252981 ], [ 2.15252032723685, 41.335807796355503 ], [ 2.15250898910278, 41.335787247633 ], [ 2.15250450346665, 41.335782945006699 ], [ 2.15248500571518, 41.335779684803498 ], [ 2.15248238696254, 41.335777954077997 ], [ 2.15248023939508, 41.335750016552801 ], [ 2.15247174493109, 41.335753492178497 ], [ 2.15246166437631, 41.335738267186898 ], [ 2.15247671889302, 41.335732201549099 ], [ 2.1524698829252, 41.335715511497597 ], [ 2.15245126216421, 41.335684244158799 ], [ 2.15242527125356, 41.335660993335601 ], [ 2.15240053964834, 41.335629104499603 ], [ 2.15239079752932, 41.335598839327602 ], [ 2.15237815351128, 41.335585919405801 ], [ 2.1523658093652, 41.335549870213598 ], [ 2.15235618782554, 41.335527820843701 ], [ 2.15230528144748, 41.335447242367501 ], [ 2.15229950503256, 41.335434652255202 ], [ 2.15228577856279, 41.335379866102699 ], [ 2.15228103840633, 41.335370310170802 ], [ 2.15226739339519, 41.3353525638055 ], [ 2.15224284787456, 41.335328458858498 ], [ 2.15223101514352, 41.335304591672703 ], [ 2.15222065250357, 41.3352926973877 ], [ 2.15222044838937, 41.335289083842497 ], [ 2.15222606588694, 41.335277982839401 ], [ 2.15222028359247, 41.335261240182803 ], [ 2.15221560857045, 41.3352540357075 ], [ 2.1521935468027, 41.335230093167098 ], [ 2.15216168359008, 41.335187847065498 ], [ 2.15213196289969, 41.335120467560401 ], [ 2.15211257638275, 41.335104039023697 ], [ 2.15210171280559, 41.335079170114199 ], [ 2.15208788942303, 41.335053991154901 ], [ 2.15207323255856, 41.335039633170901 ], [ 2.15205701683028, 41.335031208706297 ], [ 2.15205050166663, 41.335029512316503 ], [ 2.1520372334529, 41.335030639590997 ], [ 2.15196960694949, 41.3350552184286 ], [ 2.1519584925472, 41.335054298827103 ], [ 2.15193612652116, 41.335041847674098 ], [ 2.15191671931805, 41.335015042213399 ], [ 2.15189961537338, 41.334981119714499 ], [ 2.15187917111754, 41.334963323198401 ], [ 2.1518746353898, 41.334944463919797 ], [ 2.15187653929914, 41.334938650042297 ], [ 2.151881344785, 41.334933028691097 ], [ 2.15189498549851, 41.3349243738379 ], [ 2.15191253231551, 41.334920467741803 ], [ 2.15191509264071, 41.334914721753798 ], [ 2.15193915920883, 41.334910314233902 ], [ 2.15194684780463, 41.334906308467303 ], [ 2.15195469496612, 41.334897448779898 ], [ 2.15195716658113, 41.334891170689602 ], [ 2.15195887621149, 41.334878221371198 ], [ 2.1519583226413, 41.334855482145898 ], [ 2.15195213380873, 41.334838763501999 ], [ 2.15193945455664, 41.334820285590901 ], [ 2.15193434312948, 41.334801584208499 ], [ 2.15191420972983, 41.334783780981297 ], [ 2.15190640261142, 41.334759150757002 ], [ 2.15188890858885, 41.3347442494021 ], [ 2.15188397275005, 41.334734124533099 ], [ 2.15186450737594, 41.334709048090303 ], [ 2.15184423704103, 41.334687064321599 ], [ 2.15184033876921, 41.334678028007303 ], [ 2.15181926534499, 41.334658992803902 ], [ 2.15181035342012, 41.334638461889902 ], [ 2.15180173602487, 41.334624706850398 ], [ 2.1517991693357, 41.334608834582703 ], [ 2.1517929751465, 41.3345980608971 ], [ 2.15178346890121, 41.334587415930201 ], [ 2.15177401771044, 41.334579897000602 ], [ 2.15177178404834, 41.334579808477599 ], [ 2.15176433766108, 41.334584491586902 ], [ 2.15175711467393, 41.334578403269198 ], [ 2.15175055040807, 41.334553782193801 ], [ 2.15172569752673, 41.334516559823498 ], [ 2.15172199864596, 41.334499526237998 ], [ 2.15170462276855, 41.334482896269002 ], [ 2.15169212542079, 41.334473436264403 ], [ 2.15169137255297, 41.334465143735798 ], [ 2.15168209045718, 41.334443673293798 ], [ 2.15166410595305, 41.334415004697 ], [ 2.15165943820142, 41.334389749048903 ], [ 2.15164417875243, 41.3343951402044 ], [ 2.15163332303524, 41.334379819347802 ], [ 2.15164756782529, 41.334374430622901 ], [ 2.15161090603381, 41.334335399830799 ], [ 2.15160786967993, 41.334329018092198 ], [ 2.15160837189321, 41.334309655483402 ], [ 2.15159855339192, 41.334299134305297 ], [ 2.15158755527323, 41.334277290901802 ], [ 2.15156939770673, 41.334260123701903 ], [ 2.15155818872182, 41.334234270365101 ], [ 2.1515483672291, 41.334224902131602 ], [ 2.15154729486449, 41.334219129370602 ], [ 2.15153709730835, 41.334201903748301 ], [ 2.15152473539752, 41.334174645732503 ], [ 2.15152053485693, 41.334170489290301 ], [ 2.15150890065083, 41.334164512557201 ], [ 2.15150213008702, 41.334163165549299 ], [ 2.15147319271962, 41.334094449509401 ], [ 2.15146195707741, 41.334076180354103 ], [ 2.15144965851689, 41.334066145302899 ], [ 2.15143965334597, 41.334047912240301 ], [ 2.15142942996408, 41.334018868463602 ], [ 2.1514021106505, 41.333980186621702 ], [ 2.1513969122589, 41.333960836025803 ], [ 2.15138619845496, 41.333946561071599 ], [ 2.15137598716092, 41.333937766434502 ], [ 2.15136687658998, 41.333910460313902 ], [ 2.15135732053776, 41.333888933778503 ], [ 2.15134729414249, 41.333872339931801 ], [ 2.15133209386728, 41.333857527465 ], [ 2.15132218955938, 41.333832449369297 ], [ 2.15129036927433, 41.333772260221799 ], [ 2.15128849455873, 41.333762013777999 ], [ 2.15128108366411, 41.333751077962297 ], [ 2.15127365125986, 41.333741799383503 ], [ 2.15127012737669, 41.333739836765602 ], [ 2.1512543003569, 41.333737405099001 ], [ 2.15123969354606, 41.333728433913002 ], [ 2.15123031718906, 41.3337308148284 ], [ 2.15121176759327, 41.333743865135098 ], [ 2.15119320035982, 41.333745385596998 ], [ 2.15117782073362, 41.3337517576322 ], [ 2.15116691038884, 41.333745263762999 ], [ 2.1511510301458, 41.333746011368 ], [ 2.15114135320442, 41.333740247200303 ], [ 2.15111506143024, 41.3337089680969 ], [ 2.15108284912807, 41.333681752777103 ], [ 2.1510659483028, 41.333658938001598 ], [ 2.15106347067336, 41.333650029237397 ], [ 2.1510643834402, 41.333641397693903 ], [ 2.15107107857195, 41.333631061330401 ], [ 2.15109835778658, 41.333613895915001 ], [ 2.151113784339, 41.333611271392698 ], [ 2.15112247048853, 41.333606822658403 ], [ 2.15114939484116, 41.333590294152202 ], [ 2.15115535153558, 41.333584366055199 ], [ 2.15115705459221, 41.333580217110502 ], [ 2.15115508365341, 41.333567258670797 ], [ 2.15114491700747, 41.333545826696799 ], [ 2.15112707176976, 41.333515672788003 ], [ 2.15111520497468, 41.333487121284897 ], [ 2.15109285349334, 41.333456114442903 ], [ 2.15107412175779, 41.333433493337601 ], [ 2.15107366137936, 41.333424770596899 ], [ 2.15106731502082, 41.3334146893324 ], [ 2.15105262957152, 41.333395214695003 ], [ 2.15103575458801, 41.333376858860802 ], [ 2.15102956951721, 41.333359878971599 ], [ 2.15101178366455, 41.333345407692597 ], [ 2.15098352299643, 41.333312997092698 ], [ 2.15097578981621, 41.333297437986701 ], [ 2.15097899390376, 41.333286292214197 ], [ 2.15095273545116, 41.3332616699252 ], [ 2.15094072000698, 41.3332445749583 ], [ 2.15092965039124, 41.333235629827399 ], [ 2.15093715226995, 41.333206419518199 ], [ 2.15093699384482, 41.333199293347398 ], [ 2.15093532906782, 41.3331968129866 ], [ 2.15092519721109, 41.333191117505102 ], [ 2.150919591881, 41.3331810326914 ], [ 2.15090878939108, 41.333171856232603 ], [ 2.15090211401705, 41.3331741390489 ], [ 2.15089250972043, 41.333158187813801 ], [ 2.15089822839412, 41.333156231220599 ], [ 2.15085697849679, 41.3330948545374 ], [ 2.15084123977119, 41.333064472919503 ], [ 2.15083863536054, 41.333063489891799 ], [ 2.1507364047025, 41.332925892289701 ], [ 2.1507167275824, 41.332902471480899 ], [ 2.15071334471413, 41.332875856116999 ], [ 2.15070537438291, 41.332851882154301 ], [ 2.15067094495228, 41.3327883948118 ], [ 2.1506469471155, 41.3327498453869 ], [ 2.15059252359069, 41.332679995229 ], [ 2.15054227032257, 41.332583513361698 ], [ 2.15050216201226, 41.332530351786801 ], [ 2.1504853517277, 41.332512563825603 ], [ 2.1503722281215, 41.332478562836101 ], [ 2.15035181037202, 41.3324707736706 ], [ 2.15030473404507, 41.332414939377202 ], [ 2.150291822496, 41.332378543469297 ], [ 2.15029783906604, 41.332356969675203 ], [ 2.15034195951037, 41.332309194875698 ], [ 2.15035672946961, 41.332285343726298 ], [ 2.15035903014518, 41.3322738309964 ], [ 2.1503561914557, 41.332262370401899 ], [ 2.15033983345686, 41.332233695582403 ], [ 2.15032071426413, 41.332205991210301 ], [ 2.15026193702179, 41.3321309744234 ], [ 2.15022849379628, 41.332083617808998 ], [ 2.15019685237013, 41.332035553881397 ], [ 2.15016792761624, 41.331980754312497 ], [ 2.1500898056411, 41.331877040533499 ], [ 2.15008661422918, 41.331846751464397 ], [ 2.15007717419201, 41.331828306269102 ], [ 2.15006233243286, 41.331811712776002 ], [ 2.15002675175507, 41.331790912706403 ], [ 2.15001443932357, 41.331781994337902 ], [ 2.15000489394372, 41.331771655189598 ], [ 2.14995075051174, 41.331671180982397 ], [ 2.14985279100248, 41.331512374219699 ], [ 2.14975608426123, 41.331349162905802 ], [ 2.14974341344136, 41.331331054118102 ], [ 2.14972605553767, 41.331314982447601 ], [ 2.14970446626372, 41.331302662701297 ], [ 2.14968117484205, 41.331292582272802 ], [ 2.14957438254521, 41.331234144642998 ], [ 2.14956588696224, 41.331225794884503 ], [ 2.14955261056427, 41.331208312132198 ], [ 2.14952446691405, 41.331157841811098 ], [ 2.14949968193374, 41.3311064054677 ], [ 2.14948835257404, 41.331077047075901 ], [ 2.14948776449422, 41.3310579466375 ], [ 2.14949338992679, 41.331038892115899 ], [ 2.14952358119885, 41.330987051344103 ], [ 2.14953014028145, 41.330969715161899 ], [ 2.14953275617527, 41.330952349841297 ], [ 2.14952788985613, 41.330931416270602 ], [ 2.14951524729347, 41.3309111458437 ], [ 2.14946260594341, 41.330860674626102 ], [ 2.14941664208703, 41.330792958159002 ], [ 2.14932141348738, 41.330644890142302 ], [ 2.14921043975269, 41.330467070676697 ], [ 2.14905290385927, 41.3302033347235 ], [ 2.14896109755742, 41.330058714585597 ], [ 2.14893692954738, 41.330015029204603 ], [ 2.14892714209857, 41.330004958402498 ], [ 2.14891265239334, 41.329998095560398 ], [ 2.14888365766932, 41.329994728488799 ], [ 2.1488500802628, 41.329985382508397 ], [ 2.14883491575238, 41.3299844596771 ], [ 2.14875356476816, 41.330009799883399 ], [ 2.14868831678459, 41.3300190454773 ], [ 2.14868051391205, 41.330018089704097 ], [ 2.14768947542991, 41.330366425948803 ], [ 2.14590165810619, 41.330987712155398 ], [ 2.14608535879431, 41.331285866326802 ], [ 2.14584881244502, 41.331371178403302 ], [ 2.14728037577982, 41.3336974645227 ], [ 2.14427925950723, 41.334747398555599 ], [ 2.14531429004035, 41.3364267708235 ], [ 2.14561208018318, 41.336323259931902 ], [ 2.1456278400794, 41.336324457837499 ], [ 2.14561255916684, 41.3365506247507 ], [ 2.14955488163217, 41.336668073858803 ], [ 2.14955990050562, 41.336669593593399 ], [ 2.14956767415511, 41.336675614055302 ], [ 2.14960465107518, 41.336930135295297 ], [ 2.14974500679908, 41.337969458160003 ], [ 2.14980302538645, 41.3383650673278 ], [ 2.14987904570962, 41.338948932703097 ], [ 2.14994913031794, 41.339436976554097 ], [ 2.14997833395336, 41.339662660935304 ], [ 2.15003700566456, 41.340058806148299 ], [ 2.15019684101683, 41.341229827441097 ], [ 2.15025908843526, 41.341667388650301 ], [ 2.15033835647305, 41.342252997836802 ], [ 2.15040724325356, 41.342739906359 ], [ 2.15092428140795, 41.346483422144097 ], [ 2.15102984183908, 41.346474896089298 ], [ 2.15103237369549, 41.3464713838001 ], [ 2.15108903679921, 41.346467261971704 ], [ 2.15109158284155, 41.346470019053001 ], [ 2.15118175520835, 41.3464627575067 ], [ 2.151183327162, 41.346459526376499 ], [ 2.15124076265392, 41.346454833685897 ], [ 2.15124397520057, 41.346457811860901 ], [ 2.15186971718382, 41.346408010344497 ], [ 2.15184937919174, 41.346258334828498 ], [ 2.15183560224336, 41.346258881838999 ], [ 2.1518098461128, 41.346068956595502 ], [ 2.15182238377281, 41.346068112212301 ], [ 2.15180155552239, 41.345912019677499 ], [ 2.15178720028524, 41.345912922723002 ], [ 2.15177127042269, 41.345799382006902 ], [ 2.15176995613612, 41.345763423112501 ], [ 2.15178239480621, 41.3457388880975 ], [ 2.15179472545816, 41.345726359374297 ], [ 2.15180966634941, 41.345719929996797 ], [ 2.15182346849041, 41.345719275084001 ], [ 2.15183543988055, 41.345721534136999 ], [ 2.15184965387818, 41.345727827092098 ], [ 2.15186681061691, 41.345742230529503 ], [ 2.15188212108254, 41.3457754822076 ], [ 2.15190140372764, 41.345903315606002 ], [ 2.15188810212085, 41.345904082307499 ], [ 2.15191007234021, 41.346060615606 ], [ 2.15192442293341, 41.346060072813799 ], [ 2.15194846861267, 41.3462491927624 ], [ 2.15193641366822, 41.346249680413798 ], [ 2.15195748966352, 41.346401451109003 ], [ 2.15256990639656, 41.346354150776101 ], [ 2.1525730071843, 41.3463510029449 ], [ 2.1526289135875, 41.346346226240698 ], [ 2.15263289391516, 41.3463489938488 ], [ 2.15274058498461, 41.3463402026766 ], [ 2.15264241713581, 41.345628314338498 ], [ 2.1528366419145, 41.345612449700603 ], [ 2.15284119927728, 41.345607583130501 ], [ 2.152959504106, 41.345598725757803 ], [ 2.15296700437346, 41.345602888412401 ], [ 2.15300739825202, 41.345599726801098 ], [ 2.15285392637618, 41.344492899908502 ], [ 2.1532176731561, 41.344463140621798 ], [ 2.15301063782126, 41.342987617941397 ], [ 2.15300595536285, 41.342943122096798 ], [ 2.15311326101165, 41.342734864006701 ], [ 2.15330828221057, 41.342701133379499 ], [ 2.15337170427232, 41.342735972862698 ], [ 2.15376518667527, 41.342962227647497 ], [ 2.1539658362678, 41.343074514035301 ], [ 2.15768968329498, 41.345192792991298 ], [ 2.15767343624659, 41.345209734418098 ], [ 2.16149390466674, 41.347380057409602 ], [ 2.16250001858202, 41.347947095934202 ], [ 2.16287924065727, 41.348162388612202 ], [ 2.16323920865554, 41.348369253081898 ], [ 2.16314299767613, 41.348464321966603 ], [ 2.16306979587591, 41.348422255741603 ], [ 2.16304120176045, 41.348451313379897 ], [ 2.16337781657154, 41.348641235477203 ], [ 2.1636963617099, 41.348520894710802 ], [ 2.16367366312184, 41.348489811281297 ], [ 2.16363462960614, 41.348504448649798 ], [ 2.16356276010486, 41.348395619316101 ], [ 2.16690655270709, 41.347143915359702 ], [ 2.16713359036186, 41.347492881595102 ], [ 2.16738593594127, 41.347870899731902 ], [ 2.16760842241024, 41.348209698554498 ], [ 2.16792545673272, 41.348699174614403 ], [ 2.16810070893843, 41.348960940485497 ], [ 2.17062330989419, 41.3528086337909 ], [ 2.17092952613717, 41.3532714149787 ], [ 2.17281413706767, 41.356148030104499 ], [ 2.17305129045741, 41.356502695703597 ], [ 2.17305440425128, 41.3565154817896 ], [ 2.17305021432822, 41.356525378011099 ], [ 2.17303941906824, 41.356535767220102 ], [ 2.17295507275986, 41.356593737231201 ], [ 2.16990052907431, 41.3586473917088 ], [ 2.17001718327604, 41.358836004594998 ], [ 2.17019874982709, 41.359116367995497 ], [ 2.17029607378947, 41.359271098903903 ], [ 2.17060056664983, 41.359736165016798 ], [ 2.17093087737848, 41.360251317241499 ], [ 2.1750073773637, 41.358747772194 ], [ 2.17532892841995, 41.358624529613898 ], [ 2.17535936088423, 41.358615505941103 ], [ 2.17537981637524, 41.358612662012497 ], [ 2.17540339596932, 41.3586142541686 ], [ 2.17542450374903, 41.3586203504018 ], [ 2.17544751779229, 41.358630756894001 ], [ 2.17546418444938, 41.3586439372679 ], [ 2.17564325171985, 41.358916689865097 ], [ 2.17585734355296, 41.359253421465098 ], [ 2.17609714737472, 41.359621368667398 ], [ 2.17612572258713, 41.359610807418903 ], [ 2.1767390101929, 41.360552844143498 ], [ 2.17617439855178, 41.360762087996903 ], [ 2.17616035990199, 41.360739836120501 ], [ 2.17536135092306, 41.361033850367498 ], [ 2.17490791253077, 41.361204716140598 ], [ 2.17453614571555, 41.361338361292297 ], [ 2.17404227406976, 41.361513518439303 ], [ 2.17369116859069, 41.361645712101001 ], [ 2.17384398029791, 41.361879888648502 ], [ 2.1734800700997, 41.362035418363298 ], [ 2.1759830835758, 41.365324113978801 ], [ 2.17682451236712, 41.3650203485657 ], [ 2.17722541789397, 41.364871798823501 ], [ 2.17806717051311, 41.364566080959698 ], [ 2.17927950484436, 41.3641201677898 ], [ 2.17899287726889, 41.363677861229398 ], [ 2.17931367386527, 41.363559870785402 ], [ 2.17970479640696, 41.364163409878998 ], [ 2.18023693451243, 41.364990275631598 ], [ 2.18072150324933, 41.365753873452398 ], [ 2.18075234181555, 41.365795608786698 ], [ 2.1807555533021, 41.365813151328197 ], [ 2.18075310462289, 41.365836787713 ], [ 2.1807435494296, 41.3658588602365 ], [ 2.1807290382122, 41.365875691113096 ], [ 2.18071231305932, 41.365887912376699 ], [ 2.18069683926968, 41.365895692819301 ], [ 2.18032960155125, 41.366031190307297 ], [ 2.17982666962093, 41.3662206926154 ], [ 2.17967546696709, 41.3659788062158 ], [ 2.17651978276098, 41.367131815786699 ], [ 2.17668888154097, 41.367397901562398 ], [ 2.17639269465527, 41.367422804708099 ], [ 2.17651661959275, 41.368250304746503 ], [ 2.17668222445575, 41.369385732774298 ], [ 2.17703917790602, 41.369356602103899 ], [ 2.17710883703813, 41.369820898483198 ], [ 2.17675173617292, 41.369849951743397 ], [ 2.17708961008751, 41.372143606782998 ], [ 2.1773759440628, 41.3721194151275 ], [ 2.17746094799084, 41.372160520652699 ], [ 2.17761852273176, 41.372361959180701 ], [ 2.17762154834311, 41.3723611764308 ], [ 2.17728812277886, 41.372512677354699 ], [ 2.17709493653936, 41.372753274869403 ], [ 2.17630238151739, 41.372951417866801 ], [ 2.17604457768502, 41.3730701742059 ], [ 2.1754727843726, 41.373326450146699 ], [ 2.17562885204774, 41.373521052956299 ], [ 2.17559363656758, 41.373548514031803 ], [ 2.17550578062038, 41.373665884155201 ], [ 2.17546001534131, 41.373796142042004 ], [ 2.17545929192702, 41.373930882342201 ], [ 2.17550365822423, 41.374061414031701 ], [ 2.17560536378375, 41.374206631645201 ], [ 2.1757381207726, 41.374291949019799 ], [ 2.17552937777496, 41.374508473690597 ], [ 2.17540734115558, 41.374581368226799 ], [ 2.17529771017174, 41.374621374970197 ], [ 2.17519532079879, 41.374637728394802 ], [ 2.17504134161448, 41.374649514374802 ], [ 2.17352924463482, 41.374746760657104 ], [ 2.16999862098924, 41.374955641539401 ], [ 2.1677968938828, 41.374976159571098 ], [ 2.15769973011407, 41.375002499498301 ], [ 2.15623786035885, 41.375008714622702 ], [ 2.1540251162863, 41.375002613356799 ], [ 2.15098919979553, 41.3750351510147 ], [ 2.14989886556215, 41.375074479796403 ], [ 2.14952714606515, 41.375338061180997 ], [ 2.14922688604817, 41.3755661819539 ], [ 2.14895785178634, 41.375767721987202 ], [ 2.1482361988366, 41.376232227381301 ] ] ] ] } },
{ "type": "Feature", "properties": { "district": "Les Corts", "admin_level": "9" }, "geometry": { "type": "Polygon", "coordinates": [ [ [ 2.10341813050026, 41.401102071144201 ], [ 2.1033288397308, 41.401114165911203 ], [ 2.1032193189652, 41.401101062167797 ], [ 2.10317968029104, 41.4010953487238 ], [ 2.10314866398114, 41.401088981879603 ], [ 2.10311960934579, 41.401087854650697 ], [ 2.10308883300812, 41.4010901368313 ], [ 2.10300898454054, 41.401102845404502 ], [ 2.10292578302716, 41.4010965751635 ], [ 2.10290942695723, 41.401058319020002 ], [ 2.10289312587682, 41.400977358891303 ], [ 2.10290191198683, 41.400760039329803 ], [ 2.10289448557092, 41.400667127924997 ], [ 2.10286928841565, 41.400600298699899 ], [ 2.10283266761965, 41.400520270920197 ], [ 2.1027761544329, 41.4004454159247 ], [ 2.10267442139305, 41.400323881920102 ], [ 2.10254894823224, 41.400193755078298 ], [ 2.10241812009428, 41.400051088457403 ], [ 2.10234250134915, 41.399954632905299 ], [ 2.10228753626365, 41.3999002727315 ], [ 2.10221693383047, 41.399825811043399 ], [ 2.10216230668311, 41.3997464793323 ], [ 2.10212639324216, 41.399657309752101 ], [ 2.10208902844929, 41.3995771182894 ], [ 2.1020356480801, 41.399503789816798 ], [ 2.10197154025647, 41.399439368848398 ], [ 2.10180659136916, 41.399280276696501 ], [ 2.1017360277976, 41.399202820027398 ], [ 2.1016810363602, 41.399150455409298 ], [ 2.10157590359015, 41.399078718701801 ], [ 2.10148379327016, 41.399025068813899 ], [ 2.10116223220356, 41.398872742219901 ], [ 2.10106305401298, 41.398832880363102 ], [ 2.10070940937936, 41.398681209783803 ], [ 2.10057647335972, 41.398614800747403 ], [ 2.10052988581207, 41.3985826527882 ], [ 2.10049558160554, 41.398551448443698 ], [ 2.10046272085475, 41.398507090953402 ], [ 2.1004593740639, 41.398345362643802 ], [ 2.10047719972125, 41.398265700303902 ], [ 2.10046310326458, 41.398074487554503 ], [ 2.1004445659134, 41.3980029412878 ], [ 2.10038380246327, 41.397914301057803 ], [ 2.10036830418953, 41.3978700432598 ], [ 2.10031926044844, 41.397785659685297 ], [ 2.10017503886654, 41.397615530951299 ], [ 2.1001470407451, 41.397563596475997 ], [ 2.1000923469951, 41.3973638423235 ], [ 2.10006757860729, 41.397258336816101 ], [ 2.10003980681883, 41.397099224147098 ], [ 2.10001030881155, 41.396973942649403 ], [ 2.09996776858801, 41.396889925947796 ], [ 2.09992513046076, 41.396812492927602 ], [ 2.09984170210916, 41.396704655809501 ], [ 2.09975507310537, 41.396609463501001 ], [ 2.09962746785338, 41.396490873328403 ], [ 2.09949861276398, 41.3963844342234 ], [ 2.0993870831505, 41.396271647908598 ], [ 2.09926492594955, 41.396070375318999 ], [ 2.09911936115891, 41.395769985709201 ], [ 2.09907453947416, 41.395583914110802 ], [ 2.09902089748808, 41.395412379044899 ], [ 2.09896791764723, 41.395349516234397 ], [ 2.09887108749141, 41.395264417303999 ], [ 2.0987484135352, 41.395178300684101 ], [ 2.0986191247885, 41.3950759195546 ], [ 2.0985088542528, 41.3949826578353 ], [ 2.09846014584821, 41.394908526573602 ], [ 2.098408346968, 41.394788665332797 ], [ 2.09832761529534, 41.3946097522022 ], [ 2.09821149192592, 41.394440154593703 ], [ 2.0980869922111, 41.394252653696498 ], [ 2.0979222666188, 41.394093218955199 ], [ 2.09779180662674, 41.393957103703301 ], [ 2.09801663487827, 41.393637639589599 ], [ 2.09803835457654, 41.393603221135002 ], [ 2.09805129310299, 41.393428721585202 ], [ 2.0984793959793, 41.393156258639202 ], [ 2.09890480352215, 41.392970262796602 ], [ 2.09898992356181, 41.392922231343803 ], [ 2.09912769333199, 41.392811385857399 ], [ 2.09922722775863, 41.392702793595497 ], [ 2.09937576804223, 41.392463342242799 ], [ 2.09947874033101, 41.392368450020903 ], [ 2.09964456545155, 41.392192020216598 ], [ 2.09971463804815, 41.392113275656698 ], [ 2.0997960186257, 41.392004541740398 ], [ 2.09980213552973, 41.391824130097397 ], [ 2.09977550345849, 41.391648929769801 ], [ 2.09977507458737, 41.391456162682204 ], [ 2.09982413215574, 41.390979147182001 ], [ 2.09985581635765, 41.390789674031502 ], [ 2.09994696954309, 41.390420365959301 ], [ 2.0999736776962, 41.390267112561197 ], [ 2.10001758487159, 41.390140452266799 ], [ 2.10017073754553, 41.389904674864297 ], [ 2.10024877343476, 41.389686844580297 ], [ 2.10024686195581, 41.389588396729401 ], [ 2.10019746682542, 41.389378841324202 ], [ 2.1002060345348, 41.389296165556601 ], [ 2.10025687591156, 41.3890987731397 ], [ 2.10030788521743, 41.388953982126303 ], [ 2.10049240134673, 41.388605987389496 ], [ 2.10058986305894, 41.388409882515099 ], [ 2.10070483636849, 41.388264160887999 ], [ 2.10116725855842, 41.388005896712301 ], [ 2.10159178048413, 41.3877877360298 ], [ 2.10188115757504, 41.3876546476884 ], [ 2.10210762697427, 41.387570681883197 ], [ 2.10229077000537, 41.387518102888599 ], [ 2.10225467437564, 41.387467410851997 ], [ 2.10221519456236, 41.387460320175002 ], [ 2.10219635670729, 41.387454237254097 ], [ 2.10216720570592, 41.387440561610802 ], [ 2.10206971129014, 41.387377414947998 ], [ 2.10203234542105, 41.387355775594202 ], [ 2.10201250142936, 41.387346324997402 ], [ 2.10192674697242, 41.387318345000402 ], [ 2.10183180567529, 41.387295670699899 ], [ 2.10159834534127, 41.3872498825381 ], [ 2.10144777155944, 41.387210163722003 ], [ 2.10124963516246, 41.387146707780801 ], [ 2.10111440593699, 41.387081456853302 ], [ 2.10134984571501, 41.386849234463099 ], [ 2.10144378669494, 41.386795959197698 ], [ 2.10153857760136, 41.386726981427799 ], [ 2.10158045601609, 41.386643205483999 ], [ 2.10180699314591, 41.386494909277097 ], [ 2.10188097167074, 41.3864120683604 ], [ 2.10191265800586, 41.386401389594901 ], [ 2.10194639873516, 41.386338762637699 ], [ 2.10200638634328, 41.386285257928897 ], [ 2.10202927044169, 41.3862458485969 ], [ 2.10226261772139, 41.3861178985035 ], [ 2.102291953317, 41.386063334806501 ], [ 2.10235192604945, 41.385993481199797 ], [ 2.10238976610665, 41.385945811501202 ], [ 2.10249113721572, 41.3858852161936 ], [ 2.10252446379741, 41.385819595341502 ], [ 2.10260987795504, 41.385750426436701 ], [ 2.10268011643818, 41.385585425504402 ], [ 2.10268586352873, 41.385552365422299 ], [ 2.1028932286883, 41.385487473085398 ], [ 2.10338139287389, 41.384578948269798 ], [ 2.10339359721341, 41.384553246184403 ], [ 2.10335448926157, 41.384516742314197 ], [ 2.10343485362493, 41.3843675146694 ], [ 2.10323780001541, 41.384123632433898 ], [ 2.10312609786781, 41.383991963983398 ], [ 2.10293151615063, 41.383783590012698 ], [ 2.10289457307765, 41.383750460661602 ], [ 2.10281639179366, 41.383686933734602 ], [ 2.10273284609821, 41.383627364250998 ], [ 2.1026337429768, 41.383570249522101 ], [ 2.10258214120436, 41.383543806408198 ], [ 2.10247520558852, 41.383495322688198 ], [ 2.10225397433863, 41.383422212428201 ], [ 2.10192565408975, 41.383352706664297 ], [ 2.10159128572574, 41.383285602780397 ], [ 2.10151428842402, 41.383268256636299 ], [ 2.10136234501992, 41.383228788225203 ], [ 2.10118154335536, 41.3831756559103 ], [ 2.10172885486319, 41.381772930897803 ], [ 2.10193166699899, 41.3813430286855 ], [ 2.10254098425915, 41.380686721385501 ], [ 2.10259288321994, 41.380641800418999 ], [ 2.10265583364421, 41.380596319195298 ], [ 2.1031791127219, 41.380279703850697 ], [ 2.10325721152537, 41.380270358332901 ], [ 2.10333300493798, 41.3802575908623 ], [ 2.10339133687551, 41.380245768181602 ], [ 2.10348535277214, 41.380221919253998 ], [ 2.10354136369622, 41.380204935130003 ], [ 2.10365143135666, 41.380166087526497 ], [ 2.10372010497865, 41.380137750718298 ], [ 2.10377434439781, 41.3801123333701 ], [ 2.10386160014831, 41.380065174111401 ], [ 2.10396279100669, 41.379999513802701 ], [ 2.10404463004727, 41.379942692210903 ], [ 2.10549896908778, 41.378876755676401 ], [ 2.10598257611531, 41.379233785689799 ], [ 2.10814092936044, 41.378135585899599 ], [ 2.1081676382199, 41.378094089959397 ], [ 2.10822963214307, 41.3780065851087 ], [ 2.10831199044752, 41.377903411844997 ], [ 2.10838922182045, 41.377817484198502 ], [ 2.10850277612775, 41.377704959519697 ], [ 2.10863951392974, 41.377581345925499 ], [ 2.10873310782448, 41.377488041537603 ], [ 2.10881960331855, 41.377390142312201 ], [ 2.10892188436516, 41.3772605867767 ], [ 2.1089855645411, 41.3771694375123 ], [ 2.10906498300224, 41.377037912313298 ], [ 2.10912866012562, 41.376915407806301 ], [ 2.10918174005336, 41.3768000362357 ], [ 2.10922739346829, 41.376673275701897 ], [ 2.10925344963222, 41.376581357616701 ], [ 2.10928919475048, 41.376428767884597 ], [ 2.10930378493356, 41.376327996722097 ], [ 2.10931407909576, 41.376239094825401 ], [ 2.10931926896235, 41.376148995051203 ], [ 2.10930640273054, 41.375944862761102 ], [ 2.11780122317224, 41.375775645395599 ], [ 2.12105796417194, 41.3777076030836 ], [ 2.12144122543638, 41.377985615737302 ], [ 2.12148831343166, 41.377840213916897 ], [ 2.12153184219092, 41.377685754871301 ], [ 2.12158157128479, 41.377571381523801 ], [ 2.12164542963131, 41.377341622598699 ], [ 2.12165334674252, 41.377260704604701 ], [ 2.12161857672917, 41.376111857071201 ], [ 2.1216619287239, 41.375971133937 ], [ 2.12178693683707, 41.375694664032302 ], [ 2.1227031659613, 41.375673759357902 ], [ 2.12504901563203, 41.377077291306399 ], [ 2.12758218116525, 41.378561434728297 ], [ 2.13083721292729, 41.380270760400798 ], [ 2.13166745253989, 41.3806010648076 ], [ 2.1348076947008, 41.381532225874203 ], [ 2.13761293133184, 41.382571006860601 ], [ 2.1390571679436, 41.383216364865604 ], [ 2.14070713258179, 41.384171370060798 ], [ 2.14264192714752, 41.385617128653003 ], [ 2.14275104925443, 41.386603455425103 ], [ 2.14293973170976, 41.387677541072101 ], [ 2.1431977129354, 41.388718519074899 ], [ 2.14352943491909, 41.390043406743601 ], [ 2.14364932516978, 41.390500555891897 ], [ 2.14380157032805, 41.391027114217302 ], [ 2.14395823367506, 41.391471457721103 ], [ 2.1443444691654, 41.392384042647798 ], [ 2.14425781313543, 41.392413789483399 ], [ 2.14418407678332, 41.3924525497698 ], [ 2.14414636387326, 41.392478877397799 ], [ 2.14409685768933, 41.3925233844869 ], [ 2.144066250011, 41.392557721261603 ], [ 2.14405439621879, 41.392574587888497 ], [ 2.14231585884974, 41.392133392957298 ], [ 2.13936574412212, 41.391390329894698 ], [ 2.13876745513521, 41.391238369052303 ], [ 2.13066887280376, 41.392467751741997 ], [ 2.13022809796426, 41.3926291973928 ], [ 2.13016881160088, 41.392660369112001 ], [ 2.13008375609393, 41.392682064657599 ], [ 2.12997765890668, 41.392683947594001 ], [ 2.12988772741237, 41.392663963596597 ], [ 2.12975254318484, 41.392620043054301 ], [ 2.1296952314094, 41.392593555403799 ], [ 2.12963091640096, 41.392556205760997 ], [ 2.12958579402577, 41.392520888341799 ], [ 2.12933301387962, 41.3923825636898 ], [ 2.12226983124507, 41.390621828126399 ], [ 2.12089864841494, 41.390090718096701 ], [ 2.12073062447058, 41.390533341405202 ], [ 2.1205518403856, 41.390804145379903 ], [ 2.12033678255486, 41.391011594998503 ], [ 2.1200130548504, 41.3912756935432 ], [ 2.11983863625995, 41.391370131589099 ], [ 2.11936958854818, 41.391570837000202 ], [ 2.11800651726347, 41.391923893712999 ], [ 2.11756063961432, 41.392224207470697 ], [ 2.11776468793746, 41.392379106659099 ], [ 2.11798403824513, 41.392594004556898 ], [ 2.11818402203802, 41.392877219514098 ], [ 2.11835790040993, 41.3931972458454 ], [ 2.11842892411968, 41.3934596862902 ], [ 2.11847726416206, 41.393760380627 ], [ 2.11844497185034, 41.394074613338297 ], [ 2.11837342257601, 41.3944058720257 ], [ 2.1182941860012, 41.3945883293609 ], [ 2.11816439146278, 41.394781899915799 ], [ 2.11801150009904, 41.394958481702901 ], [ 2.11780354084276, 41.395129335662197 ], [ 2.11763002557305, 41.395241328273201 ], [ 2.11736191047047, 41.395364223626203 ], [ 2.11596242016965, 41.395723452685601 ], [ 2.11561143727979, 41.395874693278998 ], [ 2.11485201051975, 41.396291674552501 ], [ 2.11312565320713, 41.397258808744297 ], [ 2.11267591028951, 41.396999563970503 ], [ 2.11218564641042, 41.396547912182697 ], [ 2.11193675311115, 41.396363959259403 ], [ 2.11164197949073, 41.396186668392403 ], [ 2.11107759003494, 41.395892899091798 ], [ 2.11091317190687, 41.395828478752897 ], [ 2.10994275067337, 41.395174469593499 ], [ 2.10977895364814, 41.395329025987103 ], [ 2.10961706291351, 41.3955065111968 ], [ 2.10957799761533, 41.395579865571001 ], [ 2.10954217925083, 41.3956994219431 ], [ 2.1095356450359, 41.395778238479998 ], [ 2.10953766200926, 41.395864374265003 ], [ 2.10949807345783, 41.3959126858419 ], [ 2.10965565217475, 41.396124106520503 ], [ 2.10973250402995, 41.396267456876402 ], [ 2.10974609208112, 41.396304474255203 ], [ 2.10969769165008, 41.396576760622999 ], [ 2.10966482708482, 41.396658600472399 ], [ 2.10964265689805, 41.396703610423799 ], [ 2.10962869444008, 41.396727462268203 ], [ 2.10959437144529, 41.396774161645901 ], [ 2.10950845402572, 41.396858635400299 ], [ 2.10942952620731, 41.396941073454997 ], [ 2.10934799345191, 41.397035029867801 ], [ 2.10933646994243, 41.397140891115498 ], [ 2.10932164268569, 41.397187962099999 ], [ 2.10930552057366, 41.3972240743621 ], [ 2.10928961706828, 41.397244461191697 ], [ 2.10926446345385, 41.397267974144 ], [ 2.10924314376436, 41.397283951392303 ], [ 2.10914952728433, 41.397342594873002 ], [ 2.10905137332409, 41.397417354447001 ], [ 2.1090243519979, 41.397442636363401 ], [ 2.10900297428872, 41.397467232371497 ], [ 2.10895279264229, 41.397553991994002 ], [ 2.10894855991325, 41.397566110299799 ], [ 2.10894816046371, 41.397576087490101 ], [ 2.10895034624196, 41.3975868413293 ], [ 2.10895950549308, 41.397602017799301 ], [ 2.10897227481419, 41.3976331474435 ], [ 2.10897138291524, 41.397660874555697 ], [ 2.10895729610399, 41.397689418245697 ], [ 2.10889562216426, 41.3977871950569 ], [ 2.10887805893462, 41.3978294932502 ], [ 2.10879105191072, 41.398009402122497 ], [ 2.10871246672942, 41.398195473321998 ], [ 2.10870355022868, 41.398249206800799 ], [ 2.10871168274637, 41.398279120572099 ], [ 2.10875001756657, 41.398311095914202 ], [ 2.10865123295872, 41.398450253690903 ], [ 2.10842722002365, 41.398565094585997 ], [ 2.10833435192081, 41.398614394326003 ], [ 2.10828726315217, 41.398643573906398 ], [ 2.10827274007334, 41.398656738366697 ], [ 2.10825696505095, 41.3986764262431 ], [ 2.10819161086256, 41.398822398347797 ], [ 2.10795317758645, 41.399044116408298 ], [ 2.10784746694153, 41.399132309532099 ], [ 2.10777582954517, 41.3992026428499 ], [ 2.1077381602362, 41.3992332562744 ], [ 2.10749923293105, 41.399298590799901 ], [ 2.10741519621772, 41.399334348000899 ], [ 2.1073531247973, 41.399368220950997 ], [ 2.1073057510111, 41.399411162231999 ], [ 2.10726270970596, 41.399463657107297 ], [ 2.10719928274145, 41.399581785263898 ], [ 2.10716010914691, 41.399670700300099 ], [ 2.10712569631944, 41.399736827331303 ], [ 2.10707172567607, 41.399801191132603 ], [ 2.10698408670849, 41.399848349638802 ], [ 2.10684788426531, 41.399917807346803 ], [ 2.10676958681888, 41.399986369765799 ], [ 2.10663277952734, 41.4000590805908 ], [ 2.10648146860047, 41.400131673213998 ], [ 2.10632561966757, 41.400198601619699 ], [ 2.10555798379343, 41.400494508506902 ], [ 2.10552799770667, 41.400509328677899 ], [ 2.10550028848617, 41.400526479660797 ], [ 2.10547517348857, 41.4005457621574 ], [ 2.10544845184254, 41.4005700177918 ], [ 2.10543101684416, 41.4005823341625 ], [ 2.10541156161938, 41.400592795497303 ], [ 2.10539043205004, 41.400601216228402 ], [ 2.10535642582291, 41.4006097061717 ], [ 2.1049134477984, 41.400682083035903 ], [ 2.10458887366646, 41.400768904432702 ], [ 2.10399921460488, 41.400955971307603 ], [ 2.1038382870265, 41.401005181416501 ], [ 2.103609327904, 41.401065189085401 ], [ 2.1035159685367, 41.401086079619603 ], [ 2.10341813050026, 41.401102071144201 ] ] ] } },
{ "type": "Feature", "properties": { "district": "Sarrià-Sant Gervasi", "admin_level": "9" }, "geometry": { "type": "MultiPolygon", "coordinates": [ [ [ [ 2.05896991836021, 41.435419774251002 ], [ 2.05881352885838, 41.435557208849701 ], [ 2.0583177179335, 41.435659438637401 ], [ 2.05810591045804, 41.435738771237297 ], [ 2.05766924816876, 41.435806353629999 ], [ 2.05767247550303, 41.435748732697 ], [ 2.05772658203459, 41.435566325640799 ], [ 2.05772748085391, 41.43550418193 ], [ 2.05766696906808, 41.435301920458301 ], [ 2.05765153153956, 41.435127951135897 ], [ 2.05749040540819, 41.434682566184698 ], [ 2.05748191264612, 41.434607735157002 ], [ 2.05750830869722, 41.434520579606698 ], [ 2.05756143749413, 41.434405720105303 ], [ 2.05788528865802, 41.433944491450298 ], [ 2.05790646708365, 41.433887017501497 ], [ 2.05790477681303, 41.4338383636751 ], [ 2.05789083244589, 41.433809425784197 ], [ 2.05778343826127, 41.433704060337902 ], [ 2.05767687644473, 41.433623922341901 ], [ 2.05763912739239, 41.433585782020401 ], [ 2.05760292687166, 41.433523334378698 ], [ 2.05759686669253, 41.433445821051002 ], [ 2.05762624008407, 41.433401024649399 ], [ 2.05770979284886, 41.433334153525003 ], [ 2.05773672051206, 41.433292940023101 ], [ 2.05776318078189, 41.433201281216 ], [ 2.05778902029415, 41.432904248465498 ], [ 2.0578525430291, 41.432649859126897 ], [ 2.05785441697728, 41.432603035961002 ], [ 2.05841670085778, 41.431295287291903 ], [ 2.05840160183025, 41.4311798004208 ], [ 2.05843799553947, 41.430898207828697 ], [ 2.05844236956356, 41.430429858331401 ], [ 2.05841232581296, 41.429941410795202 ], [ 2.05839334929941, 41.429763809481997 ], [ 2.05844845001325, 41.429594921138502 ], [ 2.05844719113099, 41.429185073611698 ], [ 2.05833017879597, 41.429000364663501 ], [ 2.05825804254192, 41.428774588864698 ], [ 2.05799244144041, 41.428271602172103 ], [ 2.05769025320448, 41.427898922650797 ], [ 2.05758215907775, 41.427511619146898 ], [ 2.05755422778437, 41.427125872996399 ], [ 2.05767867088915, 41.426796320259399 ], [ 2.05766496849688, 41.426419698053103 ], [ 2.05747284971106, 41.426215457354303 ], [ 2.05679051605719, 41.425814439504997 ], [ 2.05642840217967, 41.4256970758588 ], [ 2.05586781317373, 41.425484405270197 ], [ 2.05529907768845, 41.425421188170397 ], [ 2.05466331277183, 41.425276350734201 ], [ 2.05325745892005, 41.425007177792999 ], [ 2.05288556836051, 41.424822166920698 ], [ 2.052429249043, 41.424435594068498 ], [ 2.0523329052437, 41.424230332108003 ], [ 2.05240743373565, 41.424207526724601 ], [ 2.05246168578045, 41.424180050581903 ], [ 2.0524799487321, 41.424158583198299 ], [ 2.05248015317282, 41.4240622055136 ], [ 2.0524331099869, 41.423923103813898 ], [ 2.05243832839515, 41.423893422316503 ], [ 2.05247369684404, 41.4238477757929 ], [ 2.05251603519476, 41.423816598530301 ], [ 2.05259185136584, 41.423787498437001 ], [ 2.05306222968341, 41.423700396209497 ], [ 2.05316088500488, 41.423664277793897 ], [ 2.05371898348861, 41.423140134227999 ], [ 2.05375916302321, 41.423092725389203 ], [ 2.05380346824788, 41.423008420047402 ], [ 2.05392040350044, 41.422867064504103 ], [ 2.05400088652532, 41.422846108529498 ], [ 2.05416049182671, 41.422733026603602 ], [ 2.05423250725244, 41.422718306043201 ], [ 2.05444185194926, 41.422723629822499 ], [ 2.05447686559054, 41.422702299788099 ], [ 2.05455378236957, 41.4225146768336 ], [ 2.05461724401012, 41.422429627852303 ], [ 2.05464379015528, 41.422414533377797 ], [ 2.05497355924766, 41.422367701905102 ], [ 2.05514544895348, 41.422315069227899 ], [ 2.0555131934642, 41.422290165900399 ], [ 2.05554456468498, 41.422272408603199 ], [ 2.05559457571494, 41.422207064979702 ], [ 2.05571677071992, 41.422115291575302 ], [ 2.05577541819424, 41.422032003914502 ], [ 2.0559411446352, 41.421909061564499 ], [ 2.05603495734675, 41.421876503892797 ], [ 2.05607984231173, 41.421834537289598 ], [ 2.0561433143397, 41.4217485867931 ], [ 2.05619026618636, 41.421729155659001 ], [ 2.05621936124866, 41.421703272821397 ], [ 2.05637997994725, 41.421437069902602 ], [ 2.05640309214874, 41.421411137944098 ], [ 2.05644412621097, 41.421387154455203 ], [ 2.05646489745866, 41.421357600314998 ], [ 2.05648524134217, 41.421274898868901 ], [ 2.05648628430038, 41.421202848035897 ], [ 2.05644134363304, 41.4210007131705 ], [ 2.0564395894241, 41.420956562407 ], [ 2.05637750664802, 41.420781309186196 ], [ 2.05637711445477, 41.420477755773199 ], [ 2.05640038276363, 41.420441016181201 ], [ 2.0565230165183, 41.420318620236799 ], [ 2.05657067112647, 41.420250554609098 ], [ 2.05658458877007, 41.420198425675302 ], [ 2.05657128652746, 41.4201253564488 ], [ 2.0565806788195, 41.420055175553799 ], [ 2.0566182163563, 41.419941989811797 ], [ 2.05663297074062, 41.419749351892001 ], [ 2.05668114614994, 41.419645260778097 ], [ 2.05668869265383, 41.419537233544503 ], [ 2.05684087637899, 41.419274563675401 ], [ 2.05685632887911, 41.419199027972901 ], [ 2.05685367763674, 41.419134152766503 ], [ 2.05686500636197, 41.419095513703802 ], [ 2.05694029617021, 41.419019567768601 ], [ 2.05702122948886, 41.418967087350097 ], [ 2.0570819136232, 41.418908135714602 ], [ 2.05710766512052, 41.418865111120702 ], [ 2.05704515039748, 41.4188024474999 ], [ 2.05707113637542, 41.418743211466001 ], [ 2.05712131246478, 41.418666158826703 ], [ 2.05725019739955, 41.418524897693104 ], [ 2.05730093315647, 41.418409117617898 ], [ 2.05728106374811, 41.418293659726402 ], [ 2.0572597616678, 41.418277271799496 ], [ 2.05722383025033, 41.418196811245998 ], [ 2.05723021639478, 41.418168940550999 ], [ 2.0572211526134, 41.418133737305602 ], [ 2.05717511549841, 41.4180901243775 ], [ 2.05708790954907, 41.4178317972221 ], [ 2.05706805165166, 41.4177983069807 ], [ 2.05705805415416, 41.417662212864002 ], [ 2.05703282841027, 41.417503475354998 ], [ 2.05697288165322, 41.417263386372099 ], [ 2.05697779990925, 41.417171550904101 ], [ 2.05694641206362, 41.416942504900099 ], [ 2.05689746414004, 41.4168520293575 ], [ 2.05690593270977, 41.416762925219203 ], [ 2.05689423108646, 41.416661946074903 ], [ 2.05690182668126, 41.4166331845624 ], [ 2.05694547189297, 41.416593909640397 ], [ 2.05696278230357, 41.416555319582699 ], [ 2.05689903471987, 41.415999038533997 ], [ 2.05622584726708, 41.415635022347502 ], [ 2.05608569600695, 41.415315009463299 ], [ 2.05594435589329, 41.4151598226548 ], [ 2.05571671817893, 41.415014736314603 ], [ 2.05523166599915, 41.414467605916002 ], [ 2.05481737740718, 41.414157049586002 ], [ 2.05464090840544, 41.413949329435198 ], [ 2.05484544002804, 41.413409651384796 ], [ 2.05494239118224, 41.412968910557701 ], [ 2.05498904553982, 41.412182363636198 ], [ 2.05685195202703, 41.410329903018898 ], [ 2.05743784033186, 41.410334458555802 ], [ 2.05876513265312, 41.410646476935398 ], [ 2.05899606396683, 41.410985346912803 ], [ 2.05899322740123, 41.411535494507802 ], [ 2.05907429397541, 41.412258694612298 ], [ 2.05886951245381, 41.412458945672398 ], [ 2.05855870719065, 41.412642793091102 ], [ 2.05857609773672, 41.412679933146201 ], [ 2.05858937017641, 41.412702091956902 ], [ 2.05859327971283, 41.412723021201202 ], [ 2.05859454946403, 41.412748382067797 ], [ 2.05919891351495, 41.412777875590301 ], [ 2.05957989024014, 41.4127986602386 ], [ 2.06018695397614, 41.412683363416598 ], [ 2.06077824844015, 41.412726930340099 ], [ 2.06149266584342, 41.412946499663398 ], [ 2.06152224451037, 41.413044205023397 ], [ 2.06156464836853, 41.413110764584502 ], [ 2.0616761441882, 41.413190299902702 ], [ 2.06173090406167, 41.4132513395339 ], [ 2.06176486037122, 41.413280512314103 ], [ 2.06190925018749, 41.413389085408298 ], [ 2.06195051785332, 41.413430702974701 ], [ 2.06196347250091, 41.413453417266297 ], [ 2.06200034081757, 41.413585424604001 ], [ 2.0620484282377, 41.4136646812658 ], [ 2.06262655468081, 41.413603357744201 ], [ 2.0633816989947, 41.413571955877501 ], [ 2.06349607018911, 41.413550231414597 ], [ 2.06398809101425, 41.414160245890997 ], [ 2.06415787839997, 41.414286733207703 ], [ 2.06422451603155, 41.414459729814901 ], [ 2.06425457391345, 41.4145211257783 ], [ 2.06437727048922, 41.415029377409603 ], [ 2.06471091803453, 41.415592549116298 ], [ 2.06490300219504, 41.4160929647458 ], [ 2.06498985713513, 41.416632234121103 ], [ 2.06471463954766, 41.417136451664703 ], [ 2.06440898477862, 41.417645145375502 ], [ 2.06428744918819, 41.4178405603882 ], [ 2.06458049301787, 41.418026229340903 ], [ 2.06566561662497, 41.418127777718801 ], [ 2.06678357183846, 41.4180591246554 ], [ 2.06724190012945, 41.418082396661802 ], [ 2.06757245190099, 41.418294412493999 ], [ 2.06811475686326, 41.418461257301402 ], [ 2.07003293942619, 41.418692122079499 ], [ 2.07048495376128, 41.418812095046398 ], [ 2.07023914839474, 41.420155169202303 ], [ 2.07017083687613, 41.420977348349801 ], [ 2.06996045854785, 41.421343084600998 ], [ 2.06979530378004, 41.421766104811297 ], [ 2.0698738554537, 41.422702950554502 ], [ 2.06954343734846, 41.423051741882503 ], [ 2.06939763112018, 41.423354090685798 ], [ 2.06967405704749, 41.425176079476699 ], [ 2.06933638305475, 41.425265059460102 ], [ 2.06765554732895, 41.425991613868398 ], [ 2.06704455220639, 41.426266538365198 ], [ 2.06701551732645, 41.426357735628699 ], [ 2.06700540264074, 41.426415754499999 ], [ 2.0670147286691, 41.426491425454202 ], [ 2.06704889889865, 41.4265657089909 ], [ 2.0670838722245, 41.426625347075898 ], [ 2.06712009629804, 41.426751653246399 ], [ 2.06711595448318, 41.426814658631301 ], [ 2.06710409963893, 41.426850649819798 ], [ 2.06697285321134, 41.426988797365397 ], [ 2.06686273746129, 41.427215707813701 ], [ 2.06681382967594, 41.427269762677398 ], [ 2.06680380974583, 41.427321887817897 ], [ 2.066818448463, 41.427388466305402 ], [ 2.06685678303511, 41.427454164713701 ], [ 2.06692750696773, 41.427540644561098 ], [ 2.06695667714446, 41.427646542720801 ], [ 2.06700139776595, 41.4277406393212 ], [ 2.06711152965149, 41.427869766092002 ], [ 2.0671631864075, 41.427905347340101 ], [ 2.06729226564226, 41.4280295067745 ], [ 2.06744452094858, 41.428159487155398 ], [ 2.06746643364872, 41.4282126806783 ], [ 2.06745925752505, 41.428289630953401 ], [ 2.06743987236114, 41.428348504324703 ], [ 2.06744164333356, 41.428416507381499 ], [ 2.06746320814772, 41.428540665642799 ], [ 2.06749542588784, 41.428642163709497 ], [ 2.06757248819186, 41.428703025151997 ], [ 2.06771903567142, 41.428739813902901 ], [ 2.06776812277759, 41.428746989308102 ], [ 2.06786648886014, 41.428796869928703 ], [ 2.06786674871358, 41.428849472651599 ], [ 2.06788341533009, 41.4290075295797 ], [ 2.06783030590011, 41.429130909693299 ], [ 2.06776577949801, 41.429215839195997 ], [ 2.06773365723882, 41.429376446222101 ], [ 2.06781367286496, 41.429544781782504 ], [ 2.06739591697501, 41.429535249433599 ], [ 2.06665297482692, 41.429766187506203 ], [ 2.06641247616555, 41.429809368515301 ], [ 2.06596880807529, 41.430080339136502 ], [ 2.06553655108897, 41.429903816012299 ], [ 2.06458185384196, 41.429914866085603 ], [ 2.06410954830941, 41.430460254969397 ], [ 2.06366220828107, 41.431127629886497 ], [ 2.06346345490494, 41.432069950749302 ], [ 2.06331068502861, 41.432322005187302 ], [ 2.06330618742296, 41.432606387520401 ], [ 2.0633169019505, 41.4329044672889 ], [ 2.06309899350133, 41.432948348569099 ], [ 2.06290781088848, 41.433583166584903 ], [ 2.06212016505581, 41.433358349056398 ], [ 2.06092746448793, 41.4336770909363 ], [ 2.06002039333913, 41.4339552448278 ], [ 2.05983324802513, 41.434115715224301 ], [ 2.05949863910206, 41.434478408199901 ], [ 2.05936152288865, 41.434786400556199 ], [ 2.05931733174863, 41.435066430973201 ], [ 2.05935818513286, 41.435387820807897 ], [ 2.05911649891964, 41.435381340638102 ], [ 2.05896991836021, 41.435419774251002 ] ] ], [ [ [ 2.07255495760209, 41.435468860081201 ], [ 2.07251899222431, 41.435487950759203 ], [ 2.07252231718233, 41.4355045157143 ], [ 2.07278777004949, 41.435752342616901 ], [ 2.07292220855714, 41.435990662764397 ], [ 2.07300970642162, 41.436100843540103 ], [ 2.07310043490765, 41.436159171056801 ], [ 2.07328599706545, 41.436347574405197 ], [ 2.07334021206022, 41.436448464494703 ], [ 2.07302786514847, 41.436606927899199 ], [ 2.0726129014094, 41.436554594621398 ], [ 2.07209977222023, 41.436402471773803 ], [ 2.07181302298045, 41.436325241457403 ], [ 2.07176783034059, 41.436302364782897 ], [ 2.07166616619414, 41.436173662551703 ], [ 2.07118069838707, 41.4353008721816 ], [ 2.07105961921366, 41.435052033400297 ], [ 2.07098218314899, 41.434739888029902 ], [ 2.07093779500162, 41.4343986958133 ], [ 2.07099787336956, 41.4341932649942 ], [ 2.07118409680055, 41.433871968743603 ], [ 2.07135635881196, 41.433353203816601 ], [ 2.07147546018871, 41.433077951721202 ], [ 2.07223731733645, 41.432039872172801 ], [ 2.07312177966862, 41.430665158318 ], [ 2.07344576443575, 41.430504931926301 ], [ 2.07360160084625, 41.430421436334903 ], [ 2.07371947143919, 41.430368144964099 ], [ 2.07390807861192, 41.430302992566801 ], [ 2.07411363266304, 41.430207466255403 ], [ 2.07433329107107, 41.430070243117797 ], [ 2.07441789934782, 41.430005448757797 ], [ 2.07446094592471, 41.429943993343599 ], [ 2.07449407051814, 41.429916405451401 ], [ 2.07453209416763, 41.429894514811501 ], [ 2.07465231410902, 41.429845430679798 ], [ 2.07487648511948, 41.429761058399997 ], [ 2.07497625808184, 41.429710350742297 ], [ 2.07506507811777, 41.429674395204202 ], [ 2.07526845265083, 41.4296130038434 ], [ 2.07541818505261, 41.429576391382703 ], [ 2.07547791644027, 41.429551661021499 ], [ 2.0755423936905, 41.429514363706097 ], [ 2.0756348264445, 41.429438329813998 ], [ 2.07572745386177, 41.429348546461902 ], [ 2.07580490571117, 41.4292552034754 ], [ 2.07583111133026, 41.429232495605604 ], [ 2.0759201900455, 41.429178206885901 ], [ 2.07609625644688, 41.429109719371702 ], [ 2.07621558795785, 41.429069424151997 ], [ 2.07630456874928, 41.429022009815696 ], [ 2.076475032918, 41.428903032700099 ], [ 2.0766171871776, 41.428709154284498 ], [ 2.07546239072192, 41.428359156491702 ], [ 2.07458631172769, 41.428107908602001 ], [ 2.07399236805121, 41.427982932899603 ], [ 2.07381817564126, 41.427931928210903 ], [ 2.07352599983397, 41.427799842566699 ], [ 2.07322095597333, 41.4276810026006 ], [ 2.07313300116022, 41.427626875965601 ], [ 2.07299150919131, 41.427523264019797 ], [ 2.07320481126926, 41.427460429692601 ], [ 2.07322806239166, 41.4274155498859 ], [ 2.07320847416762, 41.427294299205599 ], [ 2.07313862929657, 41.427081848324399 ], [ 2.07310473557783, 41.426892407868898 ], [ 2.07308770804968, 41.426848457802301 ], [ 2.07306347880416, 41.426749387643902 ], [ 2.07301133570036, 41.426671735953299 ], [ 2.07297633381268, 41.426591377172798 ], [ 2.07294982128254, 41.426289110413002 ], [ 2.07291497357643, 41.426212296362102 ], [ 2.07281683961812, 41.426130929572402 ], [ 2.0727172329986, 41.426057129226699 ], [ 2.07263986336147, 41.425979293786597 ], [ 2.07257327030337, 41.425872312493901 ], [ 2.07254368623308, 41.425782784710499 ], [ 2.07254463983589, 41.425756551257003 ], [ 2.07261831279559, 41.4256202931685 ], [ 2.07265611343182, 41.425586306759001 ], [ 2.0727258364358, 41.425538523843898 ], [ 2.0727740495828, 41.425494198599303 ], [ 2.07278760953514, 41.425437748817103 ], [ 2.07278285292104, 41.425373570621502 ], [ 2.07276249961716, 41.4253270642457 ], [ 2.07272204187313, 41.425185772748698 ], [ 2.07270468896125, 41.425152839924699 ], [ 2.07300636438502, 41.424989381673797 ], [ 2.07305273070133, 41.424974707454197 ], [ 2.07318751692021, 41.4249441786246 ], [ 2.07342400455601, 41.424945633063103 ], [ 2.07353811892231, 41.424929888941698 ], [ 2.07363920111288, 41.424903407767196 ], [ 2.07393991426998, 41.4248589480368 ], [ 2.07402552933818, 41.424842534933497 ], [ 2.07406558624116, 41.4248240070322 ], [ 2.07414840564998, 41.4248068922575 ], [ 2.07426553824265, 41.424808091882802 ], [ 2.07439647007904, 41.424791611779298 ], [ 2.07454036754704, 41.424779984145601 ], [ 2.07461022150762, 41.424809544684997 ], [ 2.07467140243039, 41.424829289669297 ], [ 2.07477022524427, 41.424848166312998 ], [ 2.07480050819359, 41.424867256247602 ], [ 2.07492593368526, 41.424908743170199 ], [ 2.07515875382826, 41.424995903672702 ], [ 2.07532366869441, 41.424994201877396 ], [ 2.07540793173898, 41.424979278294003 ], [ 2.07544671913293, 41.424962216227897 ], [ 2.07551218414938, 41.424943916472699 ], [ 2.07561204312372, 41.424938265565103 ], [ 2.07570503554227, 41.424925173869397 ], [ 2.07594828833003, 41.424966237045503 ], [ 2.07604812290831, 41.4249775861934 ], [ 2.07607505765606, 41.4249858938852 ], [ 2.07617390390811, 41.425002877426103 ], [ 2.07632617840715, 41.425009060124601 ], [ 2.07637460322366, 41.425025757754199 ], [ 2.07647008162899, 41.425042236243897 ], [ 2.07656159775376, 41.425043206753202 ], [ 2.07662797897175, 41.425053283931902 ], [ 2.07676298231767, 41.425043539053 ], [ 2.07678099331154, 41.425047132687503 ], [ 2.07690094277852, 41.425049463809898 ], [ 2.07713854016516, 41.425047703645603 ], [ 2.07722247226617, 41.425038338846498 ], [ 2.07740938203504, 41.425000905073802 ], [ 2.07760491779608, 41.424943440833701 ], [ 2.07798146767469, 41.424947466012597 ], [ 2.0781182045158, 41.424941765329301 ], [ 2.078311450974, 41.424898642397899 ], [ 2.07884375368207, 41.424683809118697 ], [ 2.07923396306014, 41.424545032777701 ], [ 2.07967930844622, 41.424468982037901 ], [ 2.07981281184548, 41.424478658235799 ], [ 2.07990668032046, 41.424465718696297 ], [ 2.08004959802314, 41.424466981512197 ], [ 2.08023059934945, 41.424485547487997 ], [ 2.0802780501682, 41.424512196421503 ], [ 2.08036286018093, 41.424571213995399 ], [ 2.08054352585851, 41.4245793940038 ], [ 2.08058785249485, 41.424411824160103 ], [ 2.08096158312202, 41.424004383956103 ], [ 2.08058916374335, 41.424058916065299 ], [ 2.08055189854057, 41.4240548094932 ], [ 2.08036080017063, 41.423986736389502 ], [ 2.08024550052106, 41.423830041074197 ], [ 2.08022427897132, 41.423727814505 ], [ 2.08026014977773, 41.4234662797491 ], [ 2.08024239926479, 41.423362381950199 ], [ 2.08016141900161, 41.423184501323803 ], [ 2.08006908216414, 41.423064861462599 ], [ 2.0790628095037, 41.422747930602497 ], [ 2.07870385149719, 41.422660912812297 ], [ 2.07805328895633, 41.422525717870698 ], [ 2.07795464274158, 41.422487990207301 ], [ 2.07790805811967, 41.4224783863814 ], [ 2.07770324709222, 41.4224891406582 ], [ 2.07759840603585, 41.422489360326701 ], [ 2.07719569655187, 41.422415387113503 ], [ 2.07606079957654, 41.422308134844897 ], [ 2.07543932769148, 41.422067975565398 ], [ 2.0753403619094, 41.421977302055801 ], [ 2.07539049406673, 41.421906855899003 ], [ 2.07548178604533, 41.421843749717397 ], [ 2.07567548620735, 41.421755341649899 ], [ 2.07585970917127, 41.421650629282702 ], [ 2.07601972021418, 41.421539115947802 ], [ 2.07611327866317, 41.421489952131999 ], [ 2.07628483233049, 41.421384388932402 ], [ 2.07636671457964, 41.4213482058518 ], [ 2.07651930212955, 41.4212576542484 ], [ 2.07664852655999, 41.421201689474501 ], [ 2.07681770661739, 41.421138820658499 ], [ 2.07695294925835, 41.42102304918 ], [ 2.07703235513942, 41.420805689152402 ], [ 2.07699642536085, 41.420696220603197 ], [ 2.07699627372285, 41.420622183263497 ], [ 2.07700892730816, 41.420579795693897 ], [ 2.07699305787203, 41.420517606099096 ], [ 2.07695917657702, 41.420431917675103 ], [ 2.07693866069763, 41.420412046354798 ], [ 2.07694171897978, 41.420149619363599 ], [ 2.07693121824997, 41.4201032264464 ], [ 2.07695532297514, 41.420037879724802 ], [ 2.07695947811233, 41.419959818938999 ], [ 2.07693898286896, 41.419905600670504 ], [ 2.07685111914527, 41.4197914774198 ], [ 2.07683050888345, 41.419612790585099 ], [ 2.07683119447337, 41.419532651559898 ], [ 2.07685503356282, 41.4194830059865 ], [ 2.07690289195849, 41.419425646643496 ], [ 2.07695375314626, 41.419388887253497 ], [ 2.07707400641935, 41.4193501050759 ], [ 2.07711956713674, 41.419318719029903 ], [ 2.07719683396884, 41.419244501426398 ], [ 2.07727250090462, 41.419226271568498 ], [ 2.07734506700116, 41.419190447780501 ], [ 2.07744676802104, 41.419079705133299 ], [ 2.07751531501635, 41.419026179908599 ], [ 2.07755710130493, 41.418931678067899 ], [ 2.07756977968669, 41.418917031788098 ], [ 2.07760772988578, 41.418806160458999 ], [ 2.0776561640867, 41.418697458541097 ], [ 2.07764993079041, 41.418597514898202 ], [ 2.07799247748114, 41.418643531340102 ], [ 2.07818261330223, 41.418702115848603 ], [ 2.07847415111689, 41.418826320402502 ], [ 2.07875766530657, 41.418863987758499 ], [ 2.07868731033417, 41.418781576373902 ], [ 2.0786147586454, 41.4186386397947 ], [ 2.07860366621289, 41.418573336888201 ], [ 2.0786047818107, 41.418529142269897 ], [ 2.07864098560105, 41.418484183732197 ], [ 2.07873723176748, 41.418443387739899 ], [ 2.07876196322505, 41.418421869633399 ], [ 2.0787687250441, 41.418395694979402 ], [ 2.07876754284617, 41.418369117687398 ], [ 2.07872713905604, 41.418295075801502 ], [ 2.07868622207201, 41.4181841766896 ], [ 2.07867014326973, 41.418159833158001 ], [ 2.07864904817736, 41.4180523064502 ], [ 2.07864762836097, 41.418004001385903 ], [ 2.07867206074729, 41.417929384307499 ], [ 2.07874655661701, 41.4179039390364 ], [ 2.07879243101454, 41.417877810427697 ], [ 2.07891564065403, 41.417761439208498 ], [ 2.0790319576522, 41.417601167126698 ], [ 2.07908639234514, 41.417464005268499 ], [ 2.07919620545923, 41.417104717365198 ], [ 2.07923914491817, 41.417009050754302 ], [ 2.07926090226372, 41.416934081706799 ], [ 2.07926301797859, 41.416783319239698 ], [ 2.07928296006486, 41.416747105830503 ], [ 2.07947613101183, 41.416516343426601 ], [ 2.07955271520651, 41.416447700386499 ], [ 2.07974059073151, 41.416328211179298 ], [ 2.07980926845892, 41.4162458558176 ], [ 2.07974441306238, 41.415659240937799 ], [ 2.07963424645786, 41.415637241600898 ], [ 2.07950463239307, 41.415596832247502 ], [ 2.07945746066326, 41.415568125129901 ], [ 2.07942196712167, 41.415519439152199 ], [ 2.0793425685469, 41.415389549176702 ], [ 2.07924226855816, 41.415281365980299 ], [ 2.07904409908053, 41.415133009466103 ], [ 2.07902448279648, 41.415101575881003 ], [ 2.0790200485872, 41.415075441025401 ], [ 2.07903298166822, 41.415043621796201 ], [ 2.0791230173685, 41.414978268890003 ], [ 2.07906699170762, 41.414935539959302 ], [ 2.0785851855744, 41.4149788076734 ], [ 2.07733922014036, 41.414627769160496 ], [ 2.07732501505955, 41.414512927471698 ], [ 2.07730728416973, 41.414454453086996 ], [ 2.07731038746607, 41.414441471231399 ], [ 2.07726546184145, 41.414407324010703 ], [ 2.07717413472954, 41.414388360437698 ], [ 2.07711494646821, 41.414349982353997 ], [ 2.0770771831602, 41.414300138499598 ], [ 2.077072992338, 41.4142825944161 ], [ 2.07700676198931, 41.414243835516501 ], [ 2.07689202305085, 41.4141392212955 ], [ 2.07684495688738, 41.4140695223807 ], [ 2.07683156773729, 41.414028106821199 ], [ 2.0767342529315, 41.413960535738603 ], [ 2.07670065366865, 41.413930154225099 ], [ 2.07660171139084, 41.4138752884759 ], [ 2.07655729423987, 41.413872878273303 ], [ 2.07651585404076, 41.413825022386398 ], [ 2.07649472097778, 41.413777032246799 ], [ 2.07639317313812, 41.413647662870403 ], [ 2.07630438064921, 41.413550390244197 ], [ 2.07628239949521, 41.413439818557897 ], [ 2.07622855185425, 41.413348888441803 ], [ 2.07611606664356, 41.413140309622896 ], [ 2.076042176339, 41.4129304283165 ], [ 2.07599203861293, 41.412836123064402 ], [ 2.07598170135222, 41.412798929378098 ], [ 2.07597426823199, 41.412787304122702 ], [ 2.07599166423322, 41.412758692081198 ], [ 2.07603608264756, 41.4127415383456 ], [ 2.07604742791095, 41.412727866086499 ], [ 2.07595267650514, 41.412681392336602 ], [ 2.07581336644293, 41.412560681534501 ], [ 2.07554526415427, 41.412391061196402 ], [ 2.07543287589154, 41.412339608302702 ], [ 2.07531520793594, 41.4123196028862 ], [ 2.07526315281147, 41.4123049167044 ], [ 2.07511084853328, 41.412299080615902 ], [ 2.07488331823447, 41.4122587894867 ], [ 2.07473219804331, 41.412243720781902 ], [ 2.07454097299781, 41.412201541147503 ], [ 2.0744701040788, 41.4121652925757 ], [ 2.07437509129378, 41.412046341536197 ], [ 2.07425081891713, 41.411930307588399 ], [ 2.07413406523201, 41.4118847542046 ], [ 2.07395124104601, 41.411870375114397 ], [ 2.07355760236982, 41.411878141041903 ], [ 2.07343956299025, 41.411860796920699 ], [ 2.07331338983743, 41.411783514689098 ], [ 2.07323840633923, 41.411688323537597 ], [ 2.0730609552805, 41.411425651097296 ], [ 2.07294405396365, 41.411397335563798 ], [ 2.0729137574086, 41.411345262603803 ], [ 2.07283755392671, 41.411332578548901 ], [ 2.07280969476549, 41.411305998254697 ], [ 2.07263497971572, 41.4112414929496 ], [ 2.07260988826434, 41.411215493377597 ], [ 2.07259860068392, 41.411179651845899 ], [ 2.0725088661708, 41.411156806194001 ], [ 2.07238915723295, 41.411148436966101 ], [ 2.07228024037427, 41.411111492950603 ], [ 2.07222312987431, 41.411071291577699 ], [ 2.07217772710665, 41.410986940028401 ], [ 2.07213695045915, 41.410954522159003 ], [ 2.07215861032967, 41.410828651169197 ], [ 2.0721424067838, 41.410735545651001 ], [ 2.07210312229414, 41.410624851597902 ], [ 2.07208125190055, 41.410586934015399 ], [ 2.07196261699923, 41.410430040243497 ], [ 2.07186703206533, 41.4101702150639 ], [ 2.07165274291084, 41.4096812374002 ], [ 2.0716164829889, 41.409548967714002 ], [ 2.0715753031078, 41.409416045805003 ], [ 2.07151164222617, 41.409288995458503 ], [ 2.07143942737451, 41.409187123910101 ], [ 2.07135930405275, 41.408917235627399 ], [ 2.07135971949653, 41.408826732152399 ], [ 2.07135052962691, 41.4088066524357 ], [ 2.07135082256363, 41.408764238731301 ], [ 2.07136981140205, 41.408694413141802 ], [ 2.07143890271949, 41.408580360024999 ], [ 2.07156790519284, 41.408444046538698 ], [ 2.07162769789302, 41.4083561659683 ], [ 2.07169992445071, 41.408271430206398 ], [ 2.07174171903829, 41.408226658119801 ], [ 2.07183318055503, 41.408106011637699 ], [ 2.07196191271289, 41.407892726864397 ], [ 2.07203900538491, 41.407725845266498 ], [ 2.07206187471887, 41.407544587264901 ], [ 2.07192370151559, 41.407401417180097 ], [ 2.07152350082016, 41.407186506868797 ], [ 2.07095004785242, 41.407209136896498 ], [ 2.07031682480601, 41.407229954308796 ], [ 2.06999959346844, 41.407027768283399 ], [ 2.07018553572888, 41.406667792288097 ], [ 2.07027243369997, 41.406443329895502 ], [ 2.07050215749655, 41.406040766809198 ], [ 2.07105487833193, 41.405282228511297 ], [ 2.0714658156667, 41.404729750723597 ], [ 2.07174959517714, 41.4043810813791 ], [ 2.07205825760907, 41.404094087875201 ], [ 2.0721922793325, 41.403464189281799 ], [ 2.07279244613681, 41.403157501048298 ], [ 2.0737515633129, 41.403296202972498 ], [ 2.07489361319671, 41.4029089777354 ], [ 2.07504047790012, 41.402990866239399 ], [ 2.07533418099633, 41.403104089020196 ], [ 2.07560715588212, 41.4031779098326 ], [ 2.07585085656442, 41.403206923262502 ], [ 2.07640670314757, 41.403193257326897 ], [ 2.07696242447982, 41.403091380369297 ], [ 2.07735024344452, 41.403003014898403 ], [ 2.07777482402555, 41.402867316751497 ], [ 2.07787264229078, 41.402884235836801 ], [ 2.07797994604562, 41.402913531438998 ], [ 2.07807181729356, 41.402945865800703 ], [ 2.07821366286164, 41.403005985856304 ], [ 2.07847837348029, 41.403082887162697 ], [ 2.07859255180252, 41.403120664633001 ], [ 2.07867437092986, 41.403171876909298 ], [ 2.07874082477462, 41.403220860152402 ], [ 2.07890060495038, 41.403398035265703 ], [ 2.07895393968799, 41.4034848302488 ], [ 2.07898922714779, 41.403562004893601 ], [ 2.07903616759977, 41.403625928256503 ], [ 2.07913250962268, 41.403735814835898 ], [ 2.07917892886045, 41.403773121434803 ], [ 2.0792300222156, 41.403818314519903 ], [ 2.07930806729612, 41.403867897315401 ], [ 2.07958520064648, 41.4040565447172 ], [ 2.07974023266601, 41.404173642361101 ], [ 2.07994343686161, 41.404346952342202 ], [ 2.08006350568209, 41.404463769049798 ], [ 2.08011968055546, 41.404547428176997 ], [ 2.0801617688327, 41.404638349061003 ], [ 2.08020361966126, 41.404746114675604 ], [ 2.08023679799188, 41.404873826412 ], [ 2.08025859716086, 41.404977317098002 ], [ 2.08031324107209, 41.405149908007999 ], [ 2.08028281756298, 41.405389038841697 ], [ 2.08027693066232, 41.405540605268001 ], [ 2.08028147645486, 41.4056621224493 ], [ 2.08035794632816, 41.405871389600001 ], [ 2.08042224961676, 41.405963464345902 ], [ 2.08057755233729, 41.406003823993402 ], [ 2.08067370732018, 41.406055267393398 ], [ 2.0807600009832, 41.4061340136846 ], [ 2.08083917637371, 41.406242974393898 ], [ 2.08091063135808, 41.406334299831101 ], [ 2.0809753093985, 41.406390360051702 ], [ 2.08114466144353, 41.406466818637497 ], [ 2.08130744128789, 41.4065291485472 ], [ 2.08145179027744, 41.406582092136098 ], [ 2.08162108713911, 41.406639945584899 ], [ 2.08175173253253, 41.406689015196399 ], [ 2.08183286927627, 41.4067242639615 ], [ 2.08202374596138, 41.406824901493401 ], [ 2.08220121881012, 41.406924254509597 ], [ 2.08239473879487, 41.407038802905198 ], [ 2.0824516859784, 41.407080692261403 ], [ 2.08249717033062, 41.407137554242901 ], [ 2.08256142973305, 41.407254225886902 ], [ 2.08259576659595, 41.407324915451603 ], [ 2.08264036530464, 41.4074797975222 ], [ 2.08269640128251, 41.407558861354197 ], [ 2.0827915165564, 41.407762511630899 ], [ 2.08286329153717, 41.407810552179598 ], [ 2.08304905197738, 41.407902786501197 ], [ 2.08318080438674, 41.407993021962596 ], [ 2.08326415660362, 41.408064803581503 ], [ 2.08340280956694, 41.408168479745498 ], [ 2.08354258661404, 41.408279122952102 ], [ 2.08356021456837, 41.408355934798003 ], [ 2.08362069333286, 41.4084894196533 ], [ 2.08363788826269, 41.408542566361497 ], [ 2.08377042764603, 41.408631438278 ], [ 2.08387288341637, 41.408724530086602 ], [ 2.08396151693165, 41.408784152655898 ], [ 2.08406589794049, 41.4088628738197 ], [ 2.08409798917985, 41.408889094174299 ], [ 2.08413527378153, 41.408938345579102 ], [ 2.08416148196889, 41.408990392086103 ], [ 2.08417689618177, 41.409048548891697 ], [ 2.08418642015883, 41.409092915240002 ], [ 2.08417579115964, 41.409156364686702 ], [ 2.08412781294025, 41.409282227589898 ], [ 2.08412596172426, 41.4093199864977 ], [ 2.08413339275687, 41.409354836930099 ], [ 2.08418575877983, 41.4093870617872 ], [ 2.08426521324496, 41.409405095713801 ], [ 2.08443692171304, 41.409456861660402 ], [ 2.08456818462862, 41.409499142264899 ], [ 2.08472381560586, 41.409540082610299 ], [ 2.08488959031907, 41.409581109733502 ], [ 2.08503325970475, 41.409606687790699 ], [ 2.08520718877911, 41.409644720375198 ], [ 2.08545574235549, 41.409713892878102 ], [ 2.08569479400239, 41.409737169334598 ], [ 2.08600146884596, 41.409712111707798 ], [ 2.08625070637466, 41.409652892124903 ], [ 2.0865388663469, 41.409580451843901 ], [ 2.08669573444475, 41.409532825478401 ], [ 2.08682410312175, 41.409492605612698 ], [ 2.08689353554026, 41.409459558891399 ], [ 2.08707463745858, 41.4092746688262 ], [ 2.08715890992755, 41.409195922392897 ], [ 2.08725738252191, 41.409117284047802 ], [ 2.08738224894026, 41.4090373318217 ], [ 2.08748656916316, 41.408975543063598 ], [ 2.08759196264867, 41.4089298977703 ], [ 2.08786666854282, 41.408849685707096 ], [ 2.08805982719203, 41.408787658524197 ], [ 2.08823878642662, 41.408734935780899 ], [ 2.08844605309731, 41.408670662498302 ], [ 2.08866946804271, 41.408609960302002 ], [ 2.08922839231097, 41.408510896868997 ], [ 2.08959990524391, 41.408439683367902 ], [ 2.09004185254019, 41.408361963913897 ], [ 2.09032391250166, 41.408314757896697 ], [ 2.09044595457799, 41.408307478252098 ], [ 2.09089919446262, 41.408316942350901 ], [ 2.09107454980866, 41.408298315050203 ], [ 2.09134730961646, 41.408236287845099 ], [ 2.09153472654894, 41.408207047038502 ], [ 2.09172533167678, 41.4081931915075 ], [ 2.09205443513933, 41.408244421277601 ], [ 2.09222208810014, 41.408274814863901 ], [ 2.0923649805125, 41.4082824654148 ], [ 2.09250505838598, 41.4082846539862 ], [ 2.09266415426673, 41.408269595371998 ], [ 2.09279447126232, 41.408246697414803 ], [ 2.09310167183236, 41.408176258927703 ], [ 2.09332027149204, 41.4081410017221 ], [ 2.09362868472417, 41.408086879378303 ], [ 2.09382422250808, 41.408048186939297 ], [ 2.09400827828685, 41.408003957843903 ], [ 2.09410833889533, 41.407975384134403 ], [ 2.09423150827645, 41.407946992267398 ], [ 2.09435981677272, 41.407931309707699 ], [ 2.09456107505746, 41.407930008656798 ], [ 2.09475027652361, 41.407931495676202 ], [ 2.09500738486691, 41.407931340352803 ], [ 2.09515481756075, 41.407923796947003 ], [ 2.09528063648734, 41.407912824495902 ], [ 2.09548936953193, 41.4078857643281 ], [ 2.0956524987193, 41.407849783742499 ], [ 2.09616996765917, 41.407946169264399 ], [ 2.09622419783732, 41.407966735945998 ], [ 2.09644219726498, 41.408109591436698 ], [ 2.09665509735634, 41.408240606707601 ], [ 2.09669833470647, 41.408357421596001 ], [ 2.09678582809165, 41.408572388661298 ], [ 2.09687291514381, 41.408701838384403 ], [ 2.09694623677885, 41.408804726899497 ], [ 2.09707956796378, 41.408931260713999 ], [ 2.09722161433956, 41.409050293793698 ], [ 2.0972671467658, 41.409083105825403 ], [ 2.0973242896684, 41.409107354570402 ], [ 2.09744621224477, 41.409123457123101 ], [ 2.09760131319262, 41.409130080021598 ], [ 2.097805549053, 41.409116532106097 ], [ 2.09796099297815, 41.409098275915703 ], [ 2.09815833499465, 41.409064119211102 ], [ 2.09840769153612, 41.409008733877201 ], [ 2.09865709964446, 41.408950106621901 ], [ 2.09883016157026, 41.408904941490299 ], [ 2.09900336296918, 41.408861787653798 ], [ 2.09968583970839, 41.4086115319637 ], [ 2.10027682083987, 41.408414445644901 ], [ 2.10036198466381, 41.408404797165801 ], [ 2.10049073132862, 41.408387580826599 ], [ 2.10060719687832, 41.408368169601701 ], [ 2.10065410548841, 41.408261205229103 ], [ 2.10073355531593, 41.408117046681703 ], [ 2.10102063446309, 41.407656341960802 ], [ 2.10113874220577, 41.407526709745802 ], [ 2.10123929260567, 41.407404068756897 ], [ 2.1013063678629, 41.407316260163803 ], [ 2.10143711381914, 41.407224536961799 ], [ 2.1015146888901, 41.407135038479304 ], [ 2.10155926226337, 41.407086766994702 ], [ 2.101601845727, 41.406995695421898 ], [ 2.1016101018228, 41.406910000767198 ], [ 2.1016301878095, 41.406813113936899 ], [ 2.10165821121513, 41.406716709725799 ], [ 2.10166735527637, 41.406609884189102 ], [ 2.10170791303568, 41.4064513038511 ], [ 2.10171393192398, 41.4062924538351 ], [ 2.10171152790286, 41.406188430419697 ], [ 2.10170484027454, 41.406080536379299 ], [ 2.10175406015095, 41.405882556547603 ], [ 2.10176627689313, 41.405757268062203 ], [ 2.1017528726615, 41.405601862164197 ], [ 2.10175365370159, 41.405442307379801 ], [ 2.1017720165712, 41.405237158067202 ], [ 2.10178727104505, 41.405155367798798 ], [ 2.10181178375344, 41.4051193924006 ], [ 2.10185315814972, 41.405089932214402 ], [ 2.10197667446596, 41.405046217538199 ], [ 2.10224329972904, 41.404972771626298 ], [ 2.10243039859068, 41.404928489691599 ], [ 2.10286498284225, 41.404816060323 ], [ 2.10305878040391, 41.404714370986397 ], [ 2.10320130268637, 41.404641712649799 ], [ 2.10341197102346, 41.404507077903602 ], [ 2.10359040692339, 41.404403109763301 ], [ 2.10365339212018, 41.404314906676802 ], [ 2.10370763945275, 41.404235284452497 ], [ 2.10375368384916, 41.404125319710403 ], [ 2.10378669651087, 41.404022818807597 ], [ 2.10380220513556, 41.403939652086301 ], [ 2.10381655343092, 41.403835924891197 ], [ 2.10383816643891, 41.403621929940897 ], [ 2.1038435772592, 41.4035419317471 ], [ 2.10384280693074, 41.403388331342697 ], [ 2.10382549994627, 41.403288686558703 ], [ 2.10380342479025, 41.403222534021701 ], [ 2.10378400893841, 41.403171545546499 ], [ 2.10371688371688, 41.403037981481098 ], [ 2.10368481526317, 41.4029674247843 ], [ 2.10362565426361, 41.402776594683999 ], [ 2.10358678928917, 41.402677862794398 ], [ 2.1035461857217, 41.402600749676701 ], [ 2.10348714616659, 41.402506190448399 ], [ 2.10340810278793, 41.402403901828201 ], [ 2.10322014620732, 41.4021774547722 ], [ 2.10317942437108, 41.402108996774601 ], [ 2.10315293388288, 41.402050381363097 ], [ 2.103136648483, 41.401981032029497 ], [ 2.10313062173282, 41.401896616603302 ], [ 2.10314186543375, 41.401810168603099 ], [ 2.10316412608863, 41.401758426679798 ], [ 2.10317773373949, 41.401708775493901 ], [ 2.10317564984017, 41.401651431219001 ], [ 2.10314652778298, 41.401575491942801 ], [ 2.10311855275977, 41.401520106734601 ], [ 2.10309826241488, 41.401463971652802 ], [ 2.10308898394769, 41.401400540789503 ], [ 2.10306526138811, 41.401331535195503 ], [ 2.10301555485015, 41.401253589781199 ], [ 2.1029572153967, 41.401170114007797 ], [ 2.10292578302716, 41.4010965751635 ], [ 2.10300898454054, 41.401102845404502 ], [ 2.10308883300812, 41.4010901368313 ], [ 2.10311960934579, 41.401087854650697 ], [ 2.10314866398114, 41.401088981879603 ], [ 2.10317968029104, 41.4010953487238 ], [ 2.1032193189652, 41.401101062167797 ], [ 2.1033288397308, 41.401114165911203 ], [ 2.10341813050026, 41.401102071144201 ], [ 2.1035159685367, 41.401086079619603 ], [ 2.103609327904, 41.401065189085401 ], [ 2.1038382870265, 41.401005181416501 ], [ 2.10399921460488, 41.400955971307603 ], [ 2.10458887366646, 41.400768904432702 ], [ 2.1049134477984, 41.400682083035903 ], [ 2.10535642582291, 41.4006097061717 ], [ 2.10538493116401, 41.400602984858999 ], [ 2.10541156161938, 41.400592795497303 ], [ 2.10543101684416, 41.4005823341625 ], [ 2.10544845184254, 41.4005700177918 ], [ 2.10547517348857, 41.4005457621574 ], [ 2.10550028848617, 41.400526479660797 ], [ 2.10552799770667, 41.400509328677899 ], [ 2.10555798379343, 41.400494508506902 ], [ 2.10629923043081, 41.400209193900501 ], [ 2.10642483212947, 41.400156880340198 ], [ 2.10654255900211, 41.400103306596698 ], [ 2.10665753023209, 41.400046443425097 ], [ 2.10676958681888, 41.399986369765799 ], [ 2.10684788073499, 41.399917809188402 ], [ 2.10698408670849, 41.399848349638802 ], [ 2.10707172567607, 41.399801191132603 ], [ 2.10712569631944, 41.399736827331303 ], [ 2.10716010914691, 41.399670700300099 ], [ 2.10719928274145, 41.399581785263898 ], [ 2.10726270970596, 41.399463657107297 ], [ 2.1073057510111, 41.399411162231999 ], [ 2.1073531247973, 41.399368220950997 ], [ 2.10741519621772, 41.399334348000899 ], [ 2.10749923293105, 41.399298590799901 ], [ 2.1077381602362, 41.3992332562744 ], [ 2.10777582954517, 41.3992026428499 ], [ 2.10784746694153, 41.399132309532099 ], [ 2.10795317758645, 41.399044116408298 ], [ 2.10819161086256, 41.398822398347797 ], [ 2.10825696505095, 41.3986764262431 ], [ 2.10827274007334, 41.398656738366697 ], [ 2.10828726315217, 41.398643573906398 ], [ 2.10833435192081, 41.398614394326003 ], [ 2.10842722002365, 41.398565094585997 ], [ 2.10865123295872, 41.398450253690903 ], [ 2.10875001756657, 41.398311095914202 ], [ 2.10871168274637, 41.398279120572099 ], [ 2.10870355022868, 41.398249206800799 ], [ 2.10871246672942, 41.398195473321998 ], [ 2.10879105191072, 41.398009402122497 ], [ 2.10887805893462, 41.3978294932502 ], [ 2.10889562216426, 41.3977871950569 ], [ 2.10895729610399, 41.397689418245697 ], [ 2.10897138291524, 41.397660874555697 ], [ 2.10897227481419, 41.3976331474435 ], [ 2.10895950549308, 41.397602017799301 ], [ 2.10895034624196, 41.3975868413293 ], [ 2.10894816046371, 41.397576087490101 ], [ 2.10894855991325, 41.397566110299799 ], [ 2.10895279264229, 41.397553991994002 ], [ 2.10900297428872, 41.397467232371497 ], [ 2.1090243519979, 41.397442636363401 ], [ 2.10905137332409, 41.397417354447001 ], [ 2.10914952728433, 41.397342594873002 ], [ 2.10924314376436, 41.397283951392303 ], [ 2.10926446345385, 41.397267974144 ], [ 2.10928961706828, 41.397244461191697 ], [ 2.10930552057366, 41.3972240743621 ], [ 2.10932164268569, 41.397187962099999 ], [ 2.10933646994243, 41.397140891115498 ], [ 2.10934799345191, 41.397035029867801 ], [ 2.10942952620731, 41.396941073454997 ], [ 2.10950845402572, 41.396858635400299 ], [ 2.10959437144529, 41.396774161645901 ], [ 2.10962869444008, 41.396727462268203 ], [ 2.10964265689805, 41.396703610423799 ], [ 2.10966482708482, 41.396658600472399 ], [ 2.10969769165008, 41.396576760622999 ], [ 2.10974609208112, 41.396304474255203 ], [ 2.10973250402995, 41.396267456876402 ], [ 2.10965565217475, 41.396124106520503 ], [ 2.10949807345783, 41.3959126858419 ], [ 2.10953766200926, 41.395864374265003 ], [ 2.1095356450359, 41.395778238479998 ], [ 2.10954217925083, 41.3956994219431 ], [ 2.10957799761533, 41.395579865571001 ], [ 2.10961706291351, 41.3955065111968 ], [ 2.10977895364814, 41.395329025987103 ], [ 2.10994275067337, 41.395174469593499 ], [ 2.11091317190687, 41.395828478752897 ], [ 2.11107759003494, 41.395892899091798 ], [ 2.11164197949073, 41.396186668392403 ], [ 2.11193675311115, 41.396363959259403 ], [ 2.11218564641042, 41.396547912182697 ], [ 2.11267591028951, 41.396999563970503 ], [ 2.11312565320713, 41.397258808744297 ], [ 2.11485201051975, 41.396291674552501 ], [ 2.11561143727979, 41.395874693278998 ], [ 2.11596242016965, 41.395723452685601 ], [ 2.11736191047047, 41.395364223626203 ], [ 2.11763002557305, 41.395241328273201 ], [ 2.11780354084276, 41.395129335662197 ], [ 2.11801150009904, 41.394958481702901 ], [ 2.11816439146278, 41.394781899915799 ], [ 2.1182941860012, 41.3945883293609 ], [ 2.11837342257601, 41.3944058720257 ], [ 2.11844497185034, 41.394074613338297 ], [ 2.11847726416206, 41.393760380627 ], [ 2.11842892411968, 41.3934596862902 ], [ 2.11835790040993, 41.3931972458454 ], [ 2.11818402203802, 41.392877219514098 ], [ 2.11798403824513, 41.392594004556898 ], [ 2.11776468793746, 41.392379106659099 ], [ 2.11756063961432, 41.392224207470697 ], [ 2.11800651726347, 41.391923893712999 ], [ 2.11936958854818, 41.391570837000202 ], [ 2.11983863625995, 41.391370131589099 ], [ 2.1200130548504, 41.3912756935432 ], [ 2.12033678255486, 41.391011594998503 ], [ 2.1205518403856, 41.390804145379903 ], [ 2.12073062447058, 41.390533341405202 ], [ 2.12089864841494, 41.390090718096701 ], [ 2.12226983124507, 41.390621828126399 ], [ 2.12933301387962, 41.3923825636898 ], [ 2.12958579402577, 41.392520888341799 ], [ 2.12963091640096, 41.392556205760997 ], [ 2.1296952314094, 41.392593555403799 ], [ 2.12975254318484, 41.392620043054301 ], [ 2.12988772741237, 41.392663963596597 ], [ 2.12997765890668, 41.392683947594001 ], [ 2.13008375609393, 41.392682064657599 ], [ 2.13016881160088, 41.392660369112001 ], [ 2.13022809796426, 41.3926291973928 ], [ 2.13066887280376, 41.392467751741997 ], [ 2.13876745513521, 41.391238369052303 ], [ 2.13936574412212, 41.391390329894698 ], [ 2.14231585884974, 41.392133392957298 ], [ 2.14405439621879, 41.392574587888497 ], [ 2.144066250011, 41.392557721261603 ], [ 2.14409685768933, 41.3925233844869 ], [ 2.14414636387326, 41.392478877397799 ], [ 2.14418407678332, 41.3924525497698 ], [ 2.14425781313543, 41.392413789483399 ], [ 2.1443444691654, 41.392384042647798 ], [ 2.14440113483706, 41.392371853536602 ], [ 2.14445184116304, 41.392365330838203 ], [ 2.14451925555101, 41.392363526165703 ], [ 2.1445826380309, 41.392368176875401 ], [ 2.14465695917422, 41.392381502017003 ], [ 2.14472780011797, 41.392402998062302 ], [ 2.14478927209057, 41.3924308530773 ], [ 2.14483524392231, 41.392458201933998 ], [ 2.14489033848209, 41.392501090745199 ], [ 2.14493945681778, 41.392553681228101 ], [ 2.14496769212536, 41.392597018937501 ], [ 2.14499048183303, 41.392650638763101 ], [ 2.14500188164398, 41.392706281701798 ], [ 2.14500232547772, 41.392754565171799 ], [ 2.14499504009213, 41.392803007386597 ], [ 2.1449783541293, 41.392855009765199 ], [ 2.15571071586076, 41.395570936732902 ], [ 2.15525893594167, 41.396353100260001 ], [ 2.15493116993589, 41.396777171122203 ], [ 2.15122578656141, 41.400491985378302 ], [ 2.15115945412212, 41.400725885185402 ], [ 2.15117016456901, 41.400903771038799 ], [ 2.15122467217042, 41.4010527561055 ], [ 2.15122950307922, 41.401151477735098 ], [ 2.15121341597279, 41.4013231497863 ], [ 2.15115527635622, 41.401492223689701 ], [ 2.15107105933261, 41.401629849187302 ], [ 2.15010078726735, 41.4028832290997 ], [ 2.15001375090255, 41.403014725884098 ], [ 2.14992318715725, 41.4032075554925 ], [ 2.14991936412952, 41.403267733243403 ], [ 2.15002817636961, 41.403780540302101 ], [ 2.15008762566295, 41.403875828223903 ], [ 2.15025138496119, 41.404028545392499 ], [ 2.15032612026644, 41.404140211788203 ], [ 2.15036759532536, 41.404253381778901 ], [ 2.1503735527198, 41.404367298315599 ], [ 2.15035529208642, 41.404451185227202 ], [ 2.1500214882821, 41.405305366864098 ], [ 2.14997107004855, 41.4055093560168 ], [ 2.14997727857335, 41.405598449798603 ], [ 2.15004169687111, 41.405779840864703 ], [ 2.15006736771749, 41.405994939874901 ], [ 2.14957116859941, 41.406479888280899 ], [ 2.14933557524112, 41.406622802183001 ], [ 2.1490269090596, 41.406890318695602 ], [ 2.1489357245225, 41.406826796382298 ], [ 2.14894135966375, 41.406822208224 ], [ 2.14883991734409, 41.406751532784298 ], [ 2.14883544075179, 41.406755354865801 ], [ 2.14879135204757, 41.406726105691099 ], [ 2.14882750150013, 41.4066953964265 ], [ 2.14882976690253, 41.406696908426703 ], [ 2.1489654495069, 41.406584282834203 ], [ 2.14891361788955, 41.406548879272997 ], [ 2.14879626758436, 41.406650155003298 ], [ 2.14872256283087, 41.4066021412008 ], [ 2.14869736443773, 41.406623392438398 ], [ 2.14870304819812, 41.406626883666902 ], [ 2.14852391615941, 41.4067770096826 ], [ 2.14851121081821, 41.406768448628299 ], [ 2.14848585619951, 41.406772323352698 ], [ 2.14847243414915, 41.4067822763568 ], [ 2.14844729553146, 41.406764202357401 ], [ 2.14838482883259, 41.406812020029797 ], [ 2.14849719465242, 41.406891711263 ], [ 2.14848166512183, 41.406904549077197 ], [ 2.1484799575102, 41.406903383482501 ], [ 2.14837647496213, 41.406988972209703 ], [ 2.14865895006699, 41.407188317397001 ], [ 2.1476678812341, 41.408001474913 ], [ 2.14607541815374, 41.4099669505188 ], [ 2.14596475260179, 41.4101344606715 ], [ 2.14560118553055, 41.410825390391402 ], [ 2.14546494194061, 41.410957350762402 ], [ 2.14536132921915, 41.411052506671197 ], [ 2.14526323256724, 41.411132266423103 ], [ 2.14516250061204, 41.411192789052599 ], [ 2.14500394027777, 41.411269561451 ], [ 2.14477494939781, 41.411341216305097 ], [ 2.14446936959952, 41.411382846794098 ], [ 2.14315046434577, 41.411485715182302 ], [ 2.14095604144143, 41.411726739548598 ], [ 2.14081830489509, 41.411770901490598 ], [ 2.14069769215372, 41.411838511488 ], [ 2.13795740658202, 41.413974312821502 ], [ 2.13772304259093, 41.414109852760902 ], [ 2.13722037056335, 41.414330829365198 ], [ 2.13702496937847, 41.4144586839449 ], [ 2.13615171134231, 41.415223323788901 ], [ 2.13609017005859, 41.4153505315915 ], [ 2.1360774866754, 41.4154260053147 ], [ 2.1360625784659, 41.415588823853199 ], [ 2.13610887606046, 41.415711276590599 ], [ 2.13619892308415, 41.415873636554402 ], [ 2.13631480352675, 41.415987850064496 ], [ 2.13525987340073, 41.416931506694098 ], [ 2.13432148387709, 41.417707566703797 ], [ 2.13417907115958, 41.4177970919988 ], [ 2.13395661227304, 41.4179004625381 ], [ 2.13367528587643, 41.418010541298202 ], [ 2.13278539878373, 41.418300290182898 ], [ 2.13258159080631, 41.4184018980594 ], [ 2.13235298898763, 41.418551094110903 ], [ 2.13227788877304, 41.418578072495897 ], [ 2.13217974802071, 41.418582988930098 ], [ 2.13207733018497, 41.418556833337398 ], [ 2.13182666841085, 41.418419740227101 ], [ 2.1316036261604, 41.418323929026997 ], [ 2.13147621268214, 41.418285117913797 ], [ 2.13134248155899, 41.418253464920298 ], [ 2.13124467244114, 41.418235323986003 ], [ 2.13114466359336, 41.418226011673497 ], [ 2.13106997840858, 41.418227231094399 ], [ 2.13099095092351, 41.4182382177748 ], [ 2.1306694451706, 41.418311685635302 ], [ 2.13061261908836, 41.418312481243298 ], [ 2.1305454422653, 41.4182848350369 ], [ 2.13022045978142, 41.4186648304401 ], [ 2.13005905294466, 41.419111820784202 ], [ 2.13010333715251, 41.4193712098836 ], [ 2.13012975053047, 41.419508142677401 ], [ 2.13013506676156, 41.419567091590402 ], [ 2.13012881386217, 41.419605235896597 ], [ 2.13008649033179, 41.4196472508917 ], [ 2.13004251248966, 41.419660789822899 ], [ 2.12999541756553, 41.419656830714501 ], [ 2.12994916133504, 41.419634863031803 ], [ 2.12990884262971, 41.419607355617003 ], [ 2.12986742602071, 41.419572453776198 ], [ 2.12983764158098, 41.4195446657112 ], [ 2.12975358019372, 41.4194862020586 ], [ 2.1296999490356, 41.419460935807798 ], [ 2.12964679351966, 41.419444860728397 ], [ 2.12959619580949, 41.419434389594301 ], [ 2.12954669120418, 41.419431673114701 ], [ 2.1295027043998, 41.419436924919097 ], [ 2.1294629649167, 41.419446712569702 ], [ 2.12939942064823, 41.419473972869298 ], [ 2.1293172321932, 41.419520350861902 ], [ 2.12925231932088, 41.419533151873203 ], [ 2.12920671738108, 41.4195446425094 ], [ 2.12915428571001, 41.419562170465603 ], [ 2.12907061202711, 41.419596540017302 ], [ 2.12902511951866, 41.419637449736904 ], [ 2.12895159613766, 41.419784435105797 ], [ 2.12891389197153, 41.4198666578597 ], [ 2.12888183327271, 41.419898932009403 ], [ 2.12885493137012, 41.419918724844599 ], [ 2.12882315204355, 41.4199309865432 ], [ 2.12878983118188, 41.419933238292003 ], [ 2.12875823577515, 41.419931737984598 ], [ 2.12872334724931, 41.4199277266735 ], [ 2.12868860921343, 41.419912457181297 ], [ 2.12864090932915, 41.419869598775598 ], [ 2.12847947755334, 41.419744595637198 ], [ 2.12840511250056, 41.419706525259201 ], [ 2.12834530277919, 41.419698577930099 ], [ 2.12822506498385, 41.419728922732801 ], [ 2.12813335440034, 41.419743216150202 ], [ 2.12806197880876, 41.419727686826398 ], [ 2.1278870663685, 41.419617587095701 ], [ 2.12785091490217, 41.419597082316002 ], [ 2.12758171780553, 41.4194974185516 ], [ 2.12745274781409, 41.419375453337402 ], [ 2.12746219256062, 41.419249781885497 ], [ 2.12756598992233, 41.419194083341701 ], [ 2.12772355318752, 41.419113515658601 ], [ 2.12792054193885, 41.419009838056802 ], [ 2.1280243037986, 41.418947968723401 ], [ 2.12813312569993, 41.4188173207273 ], [ 2.12816680144029, 41.418763441154702 ], [ 2.12817993534225, 41.418704767073002 ], [ 2.12816818739867, 41.418659811940003 ], [ 2.1280889952473, 41.418575676704599 ], [ 2.12796061849057, 41.418475711831 ], [ 2.12790789706088, 41.418416547596799 ], [ 2.12790061702166, 41.418345333555202 ], [ 2.1279096145182, 41.418288168419302 ], [ 2.12794312140926, 41.418245114582703 ], [ 2.12801598135795, 41.418185334929703 ], [ 2.12814452328729, 41.418119023459397 ], [ 2.12837277413067, 41.417987730924501 ], [ 2.12861602610852, 41.417810145163401 ], [ 2.12885921216824, 41.4175621741526 ], [ 2.12892405557206, 41.417486101784597 ], [ 2.1289360458177, 41.417435930984801 ], [ 2.12892849693652, 41.417421657417897 ], [ 2.12879297451684, 41.417478870683802 ], [ 2.12878384098204, 41.417465787552999 ], [ 2.12804498854775, 41.417797519201002 ], [ 2.12644406139948, 41.418510654462999 ], [ 2.12586240859119, 41.4187678155442 ], [ 2.12531617771389, 41.419007211863601 ], [ 2.12515225592039, 41.419073729417597 ], [ 2.12492806166178, 41.419154425412501 ], [ 2.12484249588482, 41.419179861022798 ], [ 2.12472885279044, 41.419210955818897 ], [ 2.12428739949586, 41.419396512338203 ], [ 2.12302897387973, 41.419933461569599 ], [ 2.12287345838584, 41.419998310504198 ], [ 2.12155843931832, 41.420561311957002 ], [ 2.12154756097263, 41.420542480785201 ], [ 2.12144531978183, 41.420586916552303 ], [ 2.12128713096797, 41.420651886131502 ], [ 2.12129005692662, 41.420655871755201 ], [ 2.12116287392167, 41.420710071855801 ], [ 2.12147167228816, 41.420842915708398 ], [ 2.12150538356826, 41.420868574125599 ], [ 2.12153328007915, 41.420920796123802 ], [ 2.12153740852026, 41.420983843728102 ], [ 2.12151210686697, 41.421124436881897 ], [ 2.12147013061425, 41.421234313415901 ], [ 2.12140150396425, 41.421348652264598 ], [ 2.1213075760809, 41.421459681252998 ], [ 2.12098237781404, 41.421762378200299 ], [ 2.12088296533045, 41.421877139044199 ], [ 2.12077177276465, 41.422052546956301 ], [ 2.12042650661281, 41.422721916978901 ], [ 2.12043830984154, 41.422802335580002 ], [ 2.12053731917015, 41.4230581832255 ], [ 2.12054508998746, 41.423113746479103 ], [ 2.12044997484765, 41.423746980998203 ], [ 2.12046790525829, 41.4239400394206 ], [ 2.12051525957203, 41.424107651573003 ], [ 2.12131121556905, 41.425386574792398 ], [ 2.12134386312737, 41.425467332619803 ], [ 2.12135893055197, 41.4255507484771 ], [ 2.1213471514414, 41.425620213944498 ], [ 2.12132167596063, 41.425675883497 ], [ 2.12125387198956, 41.425755459737303 ], [ 2.12121495219832, 41.4257826261234 ], [ 2.12126688707374, 41.425831842232 ], [ 2.12121974545411, 41.425868007201103 ], [ 2.12118345427414, 41.425886909979198 ], [ 2.12111586721325, 41.4259097392341 ], [ 2.12102769024128, 41.425932586030598 ], [ 2.12095969411894, 41.425942690414999 ], [ 2.12088813709239, 41.4259460982083 ], [ 2.12075288890784, 41.425934553966798 ], [ 2.1195592955467, 41.425739988280199 ], [ 2.11928199346525, 41.425868326662801 ], [ 2.1189348816561, 41.4258132962117 ], [ 2.11847873588398, 41.425967722646902 ], [ 2.11806149802592, 41.426138491297898 ], [ 2.11774574676039, 41.4262178142491 ], [ 2.117105391878, 41.426268616410901 ], [ 2.11680863982169, 41.426415089720201 ], [ 2.11632228600265, 41.426661718996698 ], [ 2.11566134327016, 41.426777359826403 ], [ 2.11546097979686, 41.426876708849797 ], [ 2.11540917247532, 41.426948909904901 ], [ 2.11540600930685, 41.4271866740294 ], [ 2.11543254438307, 41.427380085849499 ], [ 2.11541658894022, 41.427494393243101 ], [ 2.11536379707438, 41.427593683694099 ], [ 2.11508305410546, 41.427817472186199 ], [ 2.11447914778948, 41.428061470156401 ], [ 2.11418324321138, 41.428150449554202 ], [ 2.11375377456169, 41.428325987423797 ], [ 2.11355854024581, 41.428398606500899 ], [ 2.11332361679053, 41.428503568135 ], [ 2.1130066872239, 41.428369516334698 ], [ 2.11293952442716, 41.428360206563497 ], [ 2.11287360866462, 41.428378985407598 ], [ 2.11246299950391, 41.428590831645302 ], [ 2.11237693876009, 41.428611420625799 ], [ 2.11233695383482, 41.428613004846902 ], [ 2.11225977606023, 41.4285970627868 ], [ 2.11219774393794, 41.428574824429397 ], [ 2.1121621120543, 41.428555145749897 ], [ 2.11202213640948, 41.428424793773402 ], [ 2.11198849950925, 41.428402441351302 ], [ 2.11192346578357, 41.428371954978701 ], [ 2.11186415272472, 41.4283503304083 ], [ 2.11174057325617, 41.428333976582998 ], [ 2.11141000145197, 41.4283104058213 ], [ 2.11116355818353, 41.428287031726803 ], [ 2.11101459375227, 41.428283776493799 ], [ 2.11094310560382, 41.428290802709597 ], [ 2.11014883836269, 41.428475943166298 ], [ 2.10971268432467, 41.428416544974397 ], [ 2.10920077287161, 41.428728365804503 ], [ 2.10900572615, 41.428751128424402 ], [ 2.10840316516209, 41.428721945725698 ], [ 2.10772033426846, 41.4286354661158 ], [ 2.10667902159153, 41.428632827221797 ], [ 2.10634100192056, 41.428503310908397 ], [ 2.10585368926149, 41.428563917521203 ], [ 2.10581000155175, 41.4286148485618 ], [ 2.10574533439298, 41.428783551054899 ], [ 2.10553597592262, 41.428805086566101 ], [ 2.10530609838892, 41.428839469461302 ], [ 2.10436340881086, 41.428529270911802 ], [ 2.10404294999861, 41.4283612872281 ], [ 2.10359476757911, 41.428109618581402 ], [ 2.10322044432719, 41.428074027569103 ], [ 2.10298126060114, 41.428262102463599 ], [ 2.10270572908613, 41.4284323707043 ], [ 2.10260704004592, 41.428474920631103 ], [ 2.10252048730392, 41.428500621709098 ], [ 2.10213148666376, 41.428668524271899 ], [ 2.10211036123628, 41.428685599751397 ], [ 2.10193769909027, 41.4289564444774 ], [ 2.10184205719465, 41.429087510591998 ], [ 2.10169603702159, 41.429220052180199 ], [ 2.10138400436874, 41.429521340244598 ], [ 2.10129527869762, 41.429612708137 ], [ 2.10127356278483, 41.429644675140501 ], [ 2.1012606704133, 41.429678812738203 ], [ 2.10126092322002, 41.429710827695096 ], [ 2.10126682155904, 41.429716033934298 ], [ 2.10126340594863, 41.4297248417869 ], [ 2.10114560068742, 41.429787912113902 ], [ 2.1009695187296, 41.429837719183404 ], [ 2.10068248360311, 41.429905095476897 ], [ 2.09989953622112, 41.430110781081602 ], [ 2.09955638359504, 41.430137670350199 ], [ 2.09914550558643, 41.430122093457598 ], [ 2.09879469348552, 41.430754401931502 ], [ 2.09872488383322, 41.4308895998048 ], [ 2.09885173912482, 41.431310327679697 ], [ 2.09890693483398, 41.431468413714697 ], [ 2.09892736842625, 41.431574253649202 ], [ 2.09894076502606, 41.431698650436601 ], [ 2.0988116877803, 41.431748555310598 ], [ 2.0985112100546, 41.4319277857104 ], [ 2.09765622865809, 41.432221859769001 ], [ 2.09721239418772, 41.432447465458203 ], [ 2.09708500733645, 41.432501429266203 ], [ 2.0969941063158, 41.432612768754304 ], [ 2.09696384956509, 41.432640823769702 ], [ 2.09690859264626, 41.432673001728801 ], [ 2.0968644316969, 41.432692584240598 ], [ 2.09672381836135, 41.432737046521197 ], [ 2.09631604381251, 41.433103950268098 ], [ 2.09623447719166, 41.4331711533736 ], [ 2.09606932585068, 41.433272405260901 ], [ 2.09573347232293, 41.433090922892298 ], [ 2.09558574442767, 41.4329258860975 ], [ 2.09548888010936, 41.4328538131006 ], [ 2.09539054583084, 41.432844538963501 ], [ 2.09483709464021, 41.432756361811997 ], [ 2.09471278118385, 41.432758908279403 ], [ 2.09451935036685, 41.432555805784297 ], [ 2.09432490332431, 41.432395407164599 ], [ 2.09417748339528, 41.432186066372402 ], [ 2.09414787014787, 41.432158504916998 ], [ 2.09407219077605, 41.432109856146198 ], [ 2.09403920097027, 41.432034029701398 ], [ 2.09392923434753, 41.431713047629003 ], [ 2.09383671927064, 41.431649007315897 ], [ 2.09375076407419, 41.431536890430998 ], [ 2.09363393110974, 41.431312856219598 ], [ 2.09360032769625, 41.431268583756697 ], [ 2.09351123594011, 41.431180928781302 ], [ 2.09339464130133, 41.431040567765002 ], [ 2.0933405349663, 41.430983411686697 ], [ 2.09308816504485, 41.430832806132102 ], [ 2.09304926790643, 41.430793218899296 ], [ 2.09299627331823, 41.430754165420701 ], [ 2.09294542290142, 41.430728747786603 ], [ 2.0929049765108, 41.430681446219701 ], [ 2.09285033280463, 41.430545489804899 ], [ 2.09279662037409, 41.430435101870003 ], [ 2.09276690012468, 41.430387890386001 ], [ 2.09270838992551, 41.430312106261901 ], [ 2.09262389822628, 41.430242990972502 ], [ 2.09252029996941, 41.4301867419926 ], [ 2.09249733678033, 41.430164974646203 ], [ 2.09244776879529, 41.430056985859999 ], [ 2.09243960508989, 41.430023495267498 ], [ 2.09244303791804, 41.429932614789799 ], [ 2.09242849826221, 41.429815633100397 ], [ 2.09228802713228, 41.429612612253003 ], [ 2.0921367090066, 41.4295469062073 ], [ 2.09205617739918, 41.429529561712499 ], [ 2.09194057514318, 41.429525001731498 ], [ 2.09175178469404, 41.429487423218902 ], [ 2.09159041205937, 41.4293677421688 ], [ 2.09149754551795, 41.429291107534603 ], [ 2.09142824901662, 41.429243107718499 ], [ 2.09133006200213, 41.429213048847302 ], [ 2.09113680279322, 41.429187896365299 ], [ 2.09111685371041, 41.429177304521801 ], [ 2.09103342681459, 41.4290979391779 ], [ 2.09100745758738, 41.429067307266003 ], [ 2.09099317058196, 41.428964187506999 ], [ 2.09083455456069, 41.4288127171762 ], [ 2.0904259735566, 41.4286437795067 ], [ 2.09015994910808, 41.428871028981803 ], [ 2.09003334356654, 41.428939154023901 ], [ 2.08920574635607, 41.429213835554997 ], [ 2.08910324944525, 41.429215540338603 ], [ 2.08905894235127, 41.4292045415065 ], [ 2.08901591752167, 41.429182917095403 ], [ 2.08897651322457, 41.429144441152097 ], [ 2.08893789211663, 41.429072738456398 ], [ 2.08893059181137, 41.429004706853902 ], [ 2.08890629996761, 41.428908370197099 ], [ 2.08885199382568, 41.428816750375603 ], [ 2.08882231059943, 41.428740372451898 ], [ 2.08878988047271, 41.4286215457943 ], [ 2.08832775448007, 41.428646429069701 ], [ 2.08810877450381, 41.428675527843701 ], [ 2.08767524593252, 41.428751335342497 ], [ 2.08725981186209, 41.4287840397389 ], [ 2.08691313339036, 41.428835650369003 ], [ 2.08645728932638, 41.428880248163701 ], [ 2.08615734890574, 41.428914922491003 ], [ 2.08606050866301, 41.428939256876497 ], [ 2.08593589586303, 41.428983673243899 ], [ 2.08589174805827, 41.4289928703258 ], [ 2.0857332943891, 41.429001822624897 ], [ 2.0855760058894, 41.429070317969703 ], [ 2.0855510844366, 41.429102895776502 ], [ 2.08543032657964, 41.429229543545297 ], [ 2.08539030631778, 41.429292653100298 ], [ 2.08536890623167, 41.429315726106097 ], [ 2.0840901049697, 41.429888229765098 ], [ 2.08389049044576, 41.429972994238199 ], [ 2.08380728736861, 41.430034302907302 ], [ 2.08374302297408, 41.430092714501797 ], [ 2.08370421749969, 41.430164535589903 ], [ 2.0837058463798, 41.430240742149401 ], [ 2.08372810645065, 41.430289683222703 ], [ 2.08385332057866, 41.430417641429202 ], [ 2.08380160059467, 41.430496722663896 ], [ 2.08366876485274, 41.430646948882902 ], [ 2.08341830205658, 41.430852751465899 ], [ 2.08333389154601, 41.430823048187001 ], [ 2.08329617894569, 41.430814334964303 ], [ 2.08305561911144, 41.430799476220301 ], [ 2.08299129232702, 41.430784986485797 ], [ 2.08275783221167, 41.430758397803899 ], [ 2.08266398742622, 41.430764034067302 ], [ 2.08263164498136, 41.430772835058796 ], [ 2.08261064051633, 41.430784583964602 ], [ 2.08259557361695, 41.430802310082697 ], [ 2.08256432695256, 41.4308887544328 ], [ 2.08247995470329, 41.431037344849699 ], [ 2.08246002483602, 41.431091748826198 ], [ 2.08245107557322, 41.431138493302697 ], [ 2.08245109606931, 41.431185349416403 ], [ 2.08245959453316, 41.4312263378106 ], [ 2.08251564645872, 41.4313298628322 ], [ 2.08258245281552, 41.431481393587902 ], [ 2.08249629457726, 41.431538674985497 ], [ 2.08231760583077, 41.431629322460203 ], [ 2.08219459846058, 41.431664926688804 ], [ 2.0821032805871, 41.431672625199198 ], [ 2.08203686054729, 41.431669647455998 ], [ 2.08143704976016, 41.4315764267701 ], [ 2.08138841939858, 41.431519866227198 ], [ 2.08122454839486, 41.431376175696101 ], [ 2.08117281145078, 41.431322735657702 ], [ 2.08114200251792, 41.431281844555798 ], [ 2.08112013147722, 41.431240807744501 ], [ 2.0811077809222, 41.431201256405302 ], [ 2.08110457974652, 41.4311661230129 ], [ 2.08111001701613, 41.431131182823599 ], [ 2.08112274829122, 41.431102514394603 ], [ 2.08119463487967, 41.431016719673799 ], [ 2.08120904894481, 41.430991592226597 ], [ 2.08121628686294, 41.430961147980099 ], [ 2.0812178050429, 41.430862660569296 ], [ 2.08122570004917, 41.4308290106326 ], [ 2.08125164219455, 41.4307674696962 ], [ 2.08125284025836, 41.430746285308103 ], [ 2.08124557585824, 41.4307309618152 ], [ 2.08122606036258, 41.430713967315803 ], [ 2.08117278749518, 41.430683620295703 ], [ 2.08112027267197, 41.430662698735397 ], [ 2.08105568457745, 41.430645524175503 ], [ 2.08098201080384, 41.430633187206404 ], [ 2.0809100816497, 41.430627923349 ], [ 2.08084389253432, 41.4306295949062 ], [ 2.0807695667964, 41.430638826413698 ], [ 2.08068719888309, 41.430656149503001 ], [ 2.08042836514635, 41.430725057138197 ], [ 2.08035347399981, 41.430751865604101 ], [ 2.08028391302088, 41.430784156501197 ], [ 2.08021682948755, 41.430823077287698 ], [ 2.08017638018437, 41.430853213509501 ], [ 2.08015180627228, 41.430879795567201 ], [ 2.08013822582525, 41.430904981506401 ], [ 2.08013331253598, 41.430930947193303 ], [ 2.08013685222895, 41.430953896037998 ], [ 2.08017440545217, 41.431014714545299 ], [ 2.08018134993587, 41.431040120736 ], [ 2.08017336544942, 41.431135914432303 ], [ 2.08017790760863, 41.431160486851397 ], [ 2.08023087242896, 41.431245871514001 ], [ 2.08024644575106, 41.431283829728102 ], [ 2.08025817422814, 41.431336524354101 ], [ 2.08026655345206, 41.431422864996797 ], [ 2.08026655174004, 41.431504518599603 ], [ 2.08025972925645, 41.4315594590987 ], [ 2.08021564846837, 41.431707193836701 ], [ 2.08019831596283, 41.431739569515997 ], [ 2.08017319082781, 41.431768120497097 ], [ 2.08013298023054, 41.431799946208301 ], [ 2.07996980577139, 41.431890360397901 ], [ 2.07993026873384, 41.431905981459899 ], [ 2.079885625239, 41.431916094728301 ], [ 2.0796351326985, 41.431942917865697 ], [ 2.07958503273558, 41.431943384865001 ], [ 2.07947504585421, 41.431933960287701 ], [ 2.07920582052512, 41.431948410130602 ], [ 2.07905894619465, 41.431984102768098 ], [ 2.07901838691431, 41.431988772756299 ], [ 2.07883142081867, 41.431969046131002 ], [ 2.07867340665127, 41.431957826581403 ], [ 2.07859851142414, 41.4319577324761 ], [ 2.07816470735158, 41.432034934720399 ], [ 2.07802646894986, 41.432070880178102 ], [ 2.07791528806728, 41.432106186516798 ], [ 2.07782311321906, 41.432141842442697 ], [ 2.07774272452539, 41.432180258490597 ], [ 2.07754396870045, 41.432300263444397 ], [ 2.07736050953181, 41.432394417443597 ], [ 2.07731340131524, 41.432425672779303 ], [ 2.0772165492801, 41.432518829271103 ], [ 2.07708207070274, 41.4326194952721 ], [ 2.07689356732375, 41.432770074306497 ], [ 2.07671417160261, 41.432849988515201 ], [ 2.07610007945456, 41.432913766156702 ], [ 2.07558475754489, 41.432936723658301 ], [ 2.07540020221738, 41.432936394496998 ], [ 2.07534892640493, 41.432952243860399 ], [ 2.07529367945535, 41.432962431206903 ], [ 2.07517436950053, 41.4330396017113 ], [ 2.07509558083891, 41.433195084044598 ], [ 2.07495120246387, 41.4333016415044 ], [ 2.07490123830408, 41.433348129788001 ], [ 2.07486792642777, 41.433388254254098 ], [ 2.0748450986816, 41.4334441330098 ], [ 2.07484655508074, 41.4334775346979 ], [ 2.0748719981292, 41.433566922203099 ], [ 2.07505768382372, 41.433848797325297 ], [ 2.0750659684369, 41.433870589794701 ], [ 2.07506433052261, 41.433933736687898 ], [ 2.07504805614423, 41.434000981452897 ], [ 2.07504512323386, 41.434052480349898 ], [ 2.07507991476803, 41.434183445051801 ], [ 2.07512824033177, 41.434457674886097 ], [ 2.07513127187924, 41.434503732519197 ], [ 2.07512371886668, 41.434565003635498 ], [ 2.07499451763524, 41.4348649678128 ], [ 2.07477228980308, 41.435301789942997 ], [ 2.07432627035348, 41.435353391042902 ], [ 2.07419209091237, 41.435358689290098 ], [ 2.07394887019694, 41.4353480318577 ], [ 2.07388640060319, 41.435330460261703 ], [ 2.07381322763233, 41.4352945534824 ], [ 2.0737839231256, 41.435288913262802 ], [ 2.07367572247558, 41.435282043724897 ], [ 2.07348975345757, 41.435254389608701 ], [ 2.07332343802693, 41.435244243384801 ], [ 2.07318731086385, 41.435211619862102 ], [ 2.07312614049061, 41.435218027058703 ], [ 2.07309249085699, 41.435230933984897 ], [ 2.07302052811886, 41.4352707348122 ], [ 2.07300020371891, 41.435286766494301 ], [ 2.07286275077489, 41.435440202879697 ], [ 2.07283207090581, 41.435458690233503 ], [ 2.07275405771313, 41.435466072114401 ], [ 2.07260656157496, 41.435460231801997 ], [ 2.07255495760209, 41.435468860081201 ] ] ] ] } },
{ "type": "Feature", "properties": { "district": "Gràcia", "admin_level": "9" }, "geometry": { "type": "Polygon", "coordinates": [ [ [ 2.13628510980215, 41.423627104492397 ], [ 2.13620906214016, 41.423683712791302 ], [ 2.13615722728427, 41.4237698671174 ], [ 2.13613921757255, 41.4238555728313 ], [ 2.13614783447659, 41.4242561499291 ], [ 2.13612699824169, 41.424340477888798 ], [ 2.13607076745029, 41.424445839054897 ], [ 2.13597969901775, 41.4245449215843 ], [ 2.13590347115835, 41.4245987720385 ], [ 2.13580521907762, 41.424647520923401 ], [ 2.13510580571729, 41.424879674113797 ], [ 2.13505976559095, 41.424804043776199 ], [ 2.13504743298004, 41.424786476617001 ], [ 2.13503913288831, 41.424762634564999 ], [ 2.13503839779171, 41.424736867752301 ], [ 2.1350475754822, 41.424703600208801 ], [ 2.13506427260356, 41.4246718393957 ], [ 2.13507796145139, 41.424650333455702 ], [ 2.13510324310082, 41.424620979110898 ], [ 2.13518855565584, 41.424540913761497 ], [ 2.13529613917136, 41.424450927406497 ], [ 2.13533176886339, 41.424417327214897 ], [ 2.13534405299442, 41.424402467184798 ], [ 2.13536090808412, 41.424376823567798 ], [ 2.13536709653418, 41.424361386282797 ], [ 2.13537017373564, 41.424336909163898 ], [ 2.13536740188323, 41.424311307192703 ], [ 2.1353428797204, 41.424247350192203 ], [ 2.1353096462667, 41.424181526222597 ], [ 2.13525383489113, 41.4240856188161 ], [ 2.13521233312143, 41.424029649863002 ], [ 2.13516019132888, 41.423972871306901 ], [ 2.13507209866279, 41.423892754384802 ], [ 2.13499906750405, 41.423832045273798 ], [ 2.13496304154942, 41.423805282815202 ], [ 2.13491042173795, 41.423775531890001 ], [ 2.13488099628475, 41.4237565670525 ], [ 2.13485946766139, 41.4237374976111 ], [ 2.13484613976533, 41.423722805325298 ], [ 2.13483291689587, 41.423683973877303 ], [ 2.13478349916597, 41.423576290300197 ], [ 2.13475855790985, 41.423583531108498 ], [ 2.13464751745271, 41.423609555818999 ], [ 2.13463371608676, 41.423588068649302 ], [ 2.13459690833926, 41.423548168030202 ], [ 2.13456712000615, 41.423511373726598 ], [ 2.13448069155967, 41.423387141396702 ], [ 2.13444072978587, 41.4233234283369 ], [ 2.13440178768016, 41.423255030055898 ], [ 2.13437379905442, 41.423199883061898 ], [ 2.13433301891491, 41.423107700279701 ], [ 2.13431397150194, 41.4230731485154 ], [ 2.13429275111306, 41.423040021587603 ], [ 2.13428442758114, 41.423017080043302 ], [ 2.13427309570157, 41.422951240421597 ], [ 2.13423760474938, 41.422858196659 ], [ 2.13421954578566, 41.4228032954898 ], [ 2.13421373752253, 41.422780192719401 ], [ 2.13421163866714, 41.422758018608597 ], [ 2.13421402210975, 41.422695705022697 ], [ 2.13422011981599, 41.422669088872397 ], [ 2.13424433127275, 41.422622072058502 ], [ 2.13426126757384, 41.422598419851397 ], [ 2.13428070471642, 41.4225765879496 ], [ 2.13433097036876, 41.422531208362201 ], [ 2.13443774109803, 41.422448242083703 ], [ 2.13464824244352, 41.422323604661599 ], [ 2.13469536643281, 41.422257033782202 ], [ 2.13477737411363, 41.422163583291002 ], [ 2.1347063408956, 41.4221303230049 ], [ 2.1346817759088, 41.422141811893098 ], [ 2.13452632084614, 41.422184553837397 ], [ 2.13443946658463, 41.422207869229297 ], [ 2.13435830240648, 41.422224435754899 ], [ 2.13427323244721, 41.422237739158902 ], [ 2.13407881457466, 41.422256011308001 ], [ 2.13384284797755, 41.422287751717199 ], [ 2.1335537403917, 41.422335367888302 ], [ 2.13348428088424, 41.422360831228701 ], [ 2.13340360534292, 41.422394994728698 ], [ 2.13333841363306, 41.422426702838003 ], [ 2.13321148264917, 41.422481412589399 ], [ 2.13313842203696, 41.422504083302201 ], [ 2.13303456037211, 41.422544599804503 ], [ 2.13300898665232, 41.422551820210401 ], [ 2.13291047691088, 41.422570533877298 ], [ 2.13285056643007, 41.422583413341897 ], [ 2.13281418465181, 41.422587174447202 ], [ 2.13274260699189, 41.422583815561502 ], [ 2.13266513948023, 41.422577917165398 ], [ 2.13260166936019, 41.422575015642302 ], [ 2.13256315305717, 41.422571014171801 ], [ 2.13238710913299, 41.422560958467201 ], [ 2.13231604411447, 41.422554153330701 ], [ 2.13218457903772, 41.422546658362798 ], [ 2.13204728977571, 41.422535291140797 ], [ 2.13190308627427, 41.422527321434202 ], [ 2.13190233045326, 41.422532855309797 ], [ 2.1316266683187, 41.422551050686799 ], [ 2.13106425118451, 41.422671746423497 ], [ 2.1310004890218, 41.422675489305199 ], [ 2.13081152490927, 41.422699219602201 ], [ 2.13075050291386, 41.422709261236299 ], [ 2.13072229519085, 41.422719244531599 ], [ 2.13058025617474, 41.422749949472198 ], [ 2.13055930841583, 41.422733316549099 ], [ 2.13042017521407, 41.422722915261303 ], [ 2.1303882414781, 41.422718863735298 ], [ 2.13034861882297, 41.422711682540303 ], [ 2.13009573235116, 41.422627388565303 ], [ 2.130050384042, 41.422614345164803 ], [ 2.12995015464947, 41.422566379194699 ], [ 2.13004439862601, 41.422451310195903 ], [ 2.1300864847205, 41.422409293445 ], [ 2.13047672888407, 41.421960610288799 ], [ 2.13068512608789, 41.421804014425902 ], [ 2.13091090315202, 41.421555493371898 ], [ 2.13125197757794, 41.421346511528398 ], [ 2.13126473616595, 41.421332441859803 ], [ 2.13125209835567, 41.421317158072299 ], [ 2.13123808962672, 41.421292322342701 ], [ 2.13122983563139, 41.421261746386499 ], [ 2.13123569032946, 41.4212221983652 ], [ 2.13124627193675, 41.421177078902197 ], [ 2.13126032168109, 41.421130328256098 ], [ 2.13128175103246, 41.421082966780503 ], [ 2.13130093968861, 41.421052882679902 ], [ 2.13132072973714, 41.421027955376601 ], [ 2.13134258904131, 41.421003998483101 ], [ 2.131430785791, 41.4209230028588 ], [ 2.13148482627683, 41.420870987491497 ], [ 2.13157182094416, 41.420781389576597 ], [ 2.13162146381273, 41.420725305611398 ], [ 2.13166524868805, 41.420672384061497 ], [ 2.13174747050352, 41.420563744270297 ], [ 2.13184421310075, 41.4204304254962 ], [ 2.13189833691955, 41.420361314420497 ], [ 2.13200573454971, 41.420234777444698 ], [ 2.13207311433952, 41.420160469915103 ], [ 2.13215026329096, 41.420082218715798 ], [ 2.13217153915436, 41.420053501325398 ], [ 2.13219127189078, 41.4200184490617 ], [ 2.13220326480235, 41.419989499508603 ], [ 2.13220830948075, 41.419968316010298 ], [ 2.1322028987611, 41.419934299099403 ], [ 2.13218913407197, 41.419902182797799 ], [ 2.13216688761813, 41.419872578644899 ], [ 2.13213875086207, 41.419844983752597 ], [ 2.13210495090899, 41.419819417844799 ], [ 2.13206821354941, 41.419800567339003 ], [ 2.13200241785675, 41.419773913316398 ], [ 2.13192415040529, 41.419745669916203 ], [ 2.13187962166791, 41.419732309149801 ], [ 2.13165648431199, 41.419659466342097 ], [ 2.13160827653002, 41.419642024349997 ], [ 2.13154577279213, 41.419616205584802 ], [ 2.13150032009228, 41.419594965186 ], [ 2.13143505958886, 41.419558712937999 ], [ 2.13124455192052, 41.419447545769401 ], [ 2.13120223623817, 41.419426184822001 ], [ 2.1311665200898, 41.419410656481297 ], [ 2.13113015167735, 41.4193991765557 ], [ 2.1310918322716, 41.419392221638198 ], [ 2.13105254060913, 41.419389979268203 ], [ 2.13100602197058, 41.419393068752001 ], [ 2.13097600607375, 41.419398768929398 ], [ 2.13094724338779, 41.419407405986803 ], [ 2.13092681374865, 41.4194157096575 ], [ 2.13090145839187, 41.419429065323598 ], [ 2.13087865556411, 41.419444836248601 ], [ 2.13086314749885, 41.419459167041502 ], [ 2.13082157672438, 41.419504899065302 ], [ 2.13079825134336, 41.419537419881998 ], [ 2.13078002427726, 41.419570789883601 ], [ 2.13075096159682, 41.419637810910601 ], [ 2.130717057139, 41.419730502605198 ], [ 2.13068759606449, 41.419791494620497 ], [ 2.13064877785466, 41.419852433936001 ], [ 2.13061393509281, 41.419891641283002 ], [ 2.13058333115915, 41.419916288585398 ], [ 2.13055586417051, 41.419933627523001 ], [ 2.13051435069037, 41.4199543912165 ], [ 2.13047060054254, 41.419972381710799 ], [ 2.13035980067187, 41.420007519979201 ], [ 2.13024618147087, 41.420045879507903 ], [ 2.13018878339601, 41.420062523687797 ], [ 2.1301383371633, 41.420074734692101 ], [ 2.13010443159558, 41.420077757041298 ], [ 2.13007035078435, 41.420075977085503 ], [ 2.13005031603195, 41.420072600924499 ], [ 2.13001919536949, 41.420064213855198 ], [ 2.12999690378622, 41.420055992626502 ], [ 2.12997579399998, 41.420046195019701 ], [ 2.12995602011807, 41.420034930290299 ], [ 2.12993205301366, 41.420017760989197 ], [ 2.12990839373971, 41.419991874801099 ], [ 2.12988355788859, 41.419957314544099 ], [ 2.12986432433274, 41.419920815014898 ], [ 2.12985314518713, 41.4198905194811 ], [ 2.12984048554029, 41.4198366672777 ], [ 2.12982792300002, 41.419798849065501 ], [ 2.12981589707035, 41.419771033178598 ], [ 2.12978318323225, 41.419706310418199 ], [ 2.12976427642611, 41.419677613793198 ], [ 2.12973574441688, 41.419643854229797 ], [ 2.12970702580899, 41.419616902879 ], [ 2.12966849526586, 41.4195863283595 ], [ 2.12962695415478, 41.419558072987797 ], [ 2.12958861650212, 41.419535462485499 ], [ 2.12955748870794, 41.419522256252101 ], [ 2.12952388887167, 41.419513156717798 ], [ 2.12948871076984, 41.419508440866899 ], [ 2.12943615960958, 41.419508043224397 ], [ 2.12937264295479, 41.4195124446139 ], [ 2.1293172321932, 41.419520350861902 ], [ 2.12939942064823, 41.419473972869298 ], [ 2.1294629649167, 41.419446712569702 ], [ 2.1295027043998, 41.419436924919097 ], [ 2.12954669120418, 41.419431673114701 ], [ 2.12959619580949, 41.419434389594301 ], [ 2.12964679351966, 41.419444860728397 ], [ 2.1296999490356, 41.419460935807798 ], [ 2.12975358019372, 41.4194862020586 ], [ 2.12983764082792, 41.419544665201101 ], [ 2.12986742602071, 41.419572453776198 ], [ 2.1299088419966, 41.419607355085297 ], [ 2.12994916133504, 41.419634863031803 ], [ 2.12999541756553, 41.419656830714501 ], [ 2.13004251248966, 41.419660789822899 ], [ 2.13008649033179, 41.4196472508917 ], [ 2.13012881386217, 41.419605235896597 ], [ 2.13013506676156, 41.419567091590402 ], [ 2.13012975053047, 41.419508142677401 ], [ 2.13010333715251, 41.4193712098836 ], [ 2.13005905294466, 41.419111820784202 ], [ 2.13022045978142, 41.4186648304401 ], [ 2.1305454422653, 41.4182848350369 ], [ 2.13061261908836, 41.418312481243298 ], [ 2.1306694451706, 41.418311685635302 ], [ 2.13099095092351, 41.4182382177748 ], [ 2.13106997840858, 41.418227231094399 ], [ 2.13114466359336, 41.418226011673497 ], [ 2.13124467244114, 41.418235323986003 ], [ 2.13134248155899, 41.418253464920298 ], [ 2.13147621268214, 41.418285117913797 ], [ 2.1316036261604, 41.418323929026997 ], [ 2.13182666841085, 41.418419740227101 ], [ 2.13207733018497, 41.418556833337398 ], [ 2.13217974802071, 41.418582988930098 ], [ 2.13227788877304, 41.418578072495897 ], [ 2.13235298898763, 41.418551094110903 ], [ 2.13258159080631, 41.4184018980594 ], [ 2.13278539878373, 41.418300290182898 ], [ 2.13367528587643, 41.418010541298202 ], [ 2.13395661227304, 41.4179004625381 ], [ 2.13417907115958, 41.4177970919988 ], [ 2.13432148387709, 41.417707566703797 ], [ 2.13525987340073, 41.416931506694098 ], [ 2.13631480352675, 41.415987850064496 ], [ 2.13619892308415, 41.415873636554402 ], [ 2.13610887606046, 41.415711276590599 ], [ 2.1360625784659, 41.415588823853199 ], [ 2.1360774866754, 41.4154260053147 ], [ 2.13609017005859, 41.4153505315915 ], [ 2.13615171134231, 41.415223323788901 ], [ 2.13702496937847, 41.4144586839449 ], [ 2.13722037056335, 41.414330829365198 ], [ 2.13772304259093, 41.414109852760902 ], [ 2.13795740658202, 41.413974312821502 ], [ 2.14069769215372, 41.411838511488 ], [ 2.14081830489509, 41.411770901490598 ], [ 2.14095604144143, 41.411726739548598 ], [ 2.14315046434577, 41.411485715182302 ], [ 2.14446936959952, 41.411382846794098 ], [ 2.14477494939781, 41.411341216305097 ], [ 2.14500394027777, 41.411269561451 ], [ 2.14516250061204, 41.411192789052599 ], [ 2.14526323256724, 41.411132266423103 ], [ 2.14536132921915, 41.411052506671197 ], [ 2.14546494194061, 41.410957350762402 ], [ 2.14560118553055, 41.410825390391402 ], [ 2.14596475260179, 41.4101344606715 ], [ 2.14607541815374, 41.4099669505188 ], [ 2.1476678812341, 41.408001474913 ], [ 2.14865895006699, 41.407188317397001 ], [ 2.14837647496213, 41.406988972209703 ], [ 2.1484799575102, 41.406903383482501 ], [ 2.14848166512183, 41.406904549077197 ], [ 2.14849719465242, 41.406891711263 ], [ 2.14838482878427, 41.406812020065502 ], [ 2.14844729553146, 41.406764202357401 ], [ 2.14847243414915, 41.4067822763568 ], [ 2.14848585619951, 41.406772323352698 ], [ 2.14851121081821, 41.406768448628299 ], [ 2.14852391414916, 41.406777008330103 ], [ 2.14870304950961, 41.406626884473702 ], [ 2.14869736431071, 41.406623392545498 ], [ 2.14872256283087, 41.4066021412008 ], [ 2.14879626758436, 41.406650155003298 ], [ 2.14891361788955, 41.406548879272997 ], [ 2.1489654495069, 41.406584282834203 ], [ 2.14882976690253, 41.406696908426703 ], [ 2.14882750150013, 41.4066953964265 ], [ 2.14879135204757, 41.406726105691099 ], [ 2.14883544075179, 41.406755354865801 ], [ 2.14883991734409, 41.406751532784298 ], [ 2.14894135966375, 41.406822208224 ], [ 2.1489357245225, 41.406826796382298 ], [ 2.1490269090596, 41.406890318695602 ], [ 2.14933557524112, 41.406622802183001 ], [ 2.14957116859941, 41.406479888280899 ], [ 2.15006736771749, 41.405994939874901 ], [ 2.15004169687111, 41.405779840864703 ], [ 2.14997727857335, 41.405598449798603 ], [ 2.14997107004855, 41.4055093560168 ], [ 2.1500214882821, 41.405305366864098 ], [ 2.15035529208642, 41.404451185227202 ], [ 2.1503735527198, 41.404367298315599 ], [ 2.15036759532536, 41.404253381778901 ], [ 2.15032612026644, 41.404140211788203 ], [ 2.15025138496119, 41.404028545392499 ], [ 2.15008762566295, 41.403875828223903 ], [ 2.15002817636961, 41.403780540302101 ], [ 2.14991936412952, 41.403267733243403 ], [ 2.14992318715725, 41.4032075554925 ], [ 2.15001375090255, 41.403014725884098 ], [ 2.15010078726735, 41.4028832290997 ], [ 2.15107105933261, 41.401629849187302 ], [ 2.15115527635622, 41.401492223689701 ], [ 2.15121341597279, 41.4013231497863 ], [ 2.15122950307922, 41.401151477735098 ], [ 2.15122467217042, 41.4010527561055 ], [ 2.15117016456901, 41.400903771038799 ], [ 2.15115945412212, 41.400725885185402 ], [ 2.15122578656141, 41.400491985378302 ], [ 2.15493116993589, 41.396777171122203 ], [ 2.15525893594167, 41.396353100260001 ], [ 2.15571071586076, 41.395570936732902 ], [ 2.15922647404882, 41.396460555563998 ], [ 2.16621815439717, 41.4017096755083 ], [ 2.16735348815403, 41.400855339342399 ], [ 2.17204293689952, 41.404369481643002 ], [ 2.16865930584209, 41.406928978077602 ], [ 2.16517510145905, 41.4095898820378 ], [ 2.1642884492256, 41.410255127008497 ], [ 2.163942869177, 41.410511790119202 ], [ 2.16369002465581, 41.410723943017402 ], [ 2.16300266761018, 41.411486615400399 ], [ 2.1620314039312, 41.412659451933798 ], [ 2.16123580406945, 41.4135681827442 ], [ 2.1613047109234, 41.4136027152922 ], [ 2.16138707532854, 41.413675663658999 ], [ 2.16142220151793, 41.413757476002203 ], [ 2.16142203098042, 41.413851113686398 ], [ 2.16138162004021, 41.413936065802297 ], [ 2.16105634546351, 41.414175698889899 ], [ 2.16049755266094, 41.413924285919897 ], [ 2.1603998745369, 41.4139144215549 ], [ 2.16027718525027, 41.413927127421402 ], [ 2.16013260434778, 41.413962936935 ], [ 2.16004413678389, 41.413995827690002 ], [ 2.15978001165156, 41.414106277129299 ], [ 2.15946774047459, 41.414271282836999 ], [ 2.15919323097808, 41.414447408651696 ], [ 2.15894777323833, 41.414635055055903 ], [ 2.15858747291912, 41.414962368534198 ], [ 2.15834895393769, 41.415228613974001 ], [ 2.15808649985854, 41.415577462343599 ], [ 2.15788182759043, 41.415897255218397 ], [ 2.15762406915413, 41.416464969543597 ], [ 2.15757214928357, 41.416517751422703 ], [ 2.15749283327794, 41.416553416645797 ], [ 2.15742379065923, 41.416570043218599 ], [ 2.15735604426126, 41.416565998111203 ], [ 2.15727517684695, 41.416545787542901 ], [ 2.15721192313609, 41.416512627112603 ], [ 2.15713683917734, 41.4164163196385 ], [ 2.15662823314701, 41.415615926505197 ], [ 2.15599470374008, 41.4151892990471 ], [ 2.15586888203624, 41.415135015738997 ], [ 2.15576076054379, 41.415107308091997 ], [ 2.15564704210845, 41.415098781194899 ], [ 2.15555979645119, 41.4151038317816 ], [ 2.15546477708311, 41.415119846770999 ], [ 2.15537212257326, 41.414969479665302 ], [ 2.15533413047396, 41.414950004938603 ], [ 2.15522332984336, 41.414924096624901 ], [ 2.15510639357362, 41.414944153270902 ], [ 2.15502811295487, 41.4149812205657 ], [ 2.15485580204029, 41.415123775287299 ], [ 2.15465604232325, 41.415223976741501 ], [ 2.15451707583351, 41.415349647352699 ], [ 2.15416156440017, 41.415604370209401 ], [ 2.1536192376437, 41.416070594710803 ], [ 2.1536087021183, 41.4160802452624 ], [ 2.15360027648672, 41.416098810707098 ], [ 2.15322912709342, 41.416418979092398 ], [ 2.15318054447699, 41.416465136038603 ], [ 2.15293335677256, 41.416625144388199 ], [ 2.15282930967964, 41.416700013924498 ], [ 2.15272001524609, 41.416809228898799 ], [ 2.15192424757066, 41.416904913116703 ], [ 2.15188362629518, 41.417003092228903 ], [ 2.15183826816372, 41.417070782183899 ], [ 2.15177083711269, 41.417134454191199 ], [ 2.1516765827125, 41.417206053105303 ], [ 2.15159024684725, 41.417242004767303 ], [ 2.15147986043057, 41.417262417666102 ], [ 2.15142260370268, 41.417288386320799 ], [ 2.15141677403793, 41.417376530848401 ], [ 2.15133013631065, 41.417426091496402 ], [ 2.15103774029496, 41.417560231257298 ], [ 2.15098967528404, 41.417588326625904 ], [ 2.15095171224956, 41.417618055717099 ], [ 2.15092270340234, 41.417649070488999 ], [ 2.15090066773442, 41.417683165025501 ], [ 2.15088680451703, 41.417719124968897 ], [ 2.15088128289229, 41.417755265374304 ], [ 2.15088187986919, 41.417779804294597 ], [ 2.15089734372723, 41.417960047766201 ], [ 2.15090858277107, 41.417998966368103 ], [ 2.15098704879972, 41.4182035463418 ], [ 2.15101932198781, 41.418268108555303 ], [ 2.15115010086511, 41.4184976359657 ], [ 2.1512553870428, 41.418575658889402 ], [ 2.15151658552131, 41.418935368014601 ], [ 2.15156742206244, 41.419072998544202 ], [ 2.15164992218887, 41.419337489352003 ], [ 2.15166958712912, 41.419510955820598 ], [ 2.15168117112604, 41.419816195810299 ], [ 2.15177386457523, 41.420142753665701 ], [ 2.15174023590341, 41.420172296077098 ], [ 2.15147963573269, 41.420174413288002 ], [ 2.1513305929638, 41.420178051864603 ], [ 2.15112033736809, 41.4201921015948 ], [ 2.15095562726435, 41.420206081737199 ], [ 2.15069012705092, 41.4202408634603 ], [ 2.15043214239761, 41.420271907930498 ], [ 2.15014820125493, 41.420302093533003 ], [ 2.14989896569021, 41.420331147735403 ], [ 2.1496408838788, 41.4203521554075 ], [ 2.14941109962941, 41.420365156920397 ], [ 2.14927170581701, 41.420371206103802 ], [ 2.14948842466687, 41.420605763711002 ], [ 2.14949192164824, 41.421376396056402 ], [ 2.14947476652528, 41.421641036975402 ], [ 2.1478019526582, 41.421592251614904 ], [ 2.1469764224727, 41.4212644766327 ], [ 2.14514317896541, 41.420893030298203 ], [ 2.14481952888231, 41.420790563886101 ], [ 2.1447151132247, 41.4207328831097 ], [ 2.14452791690351, 41.420530171150503 ], [ 2.14402039454004, 41.420194062634501 ], [ 2.14389753741033, 41.420140232403298 ], [ 2.14220601552143, 41.421453499885097 ], [ 2.14210780452946, 41.421510757538996 ], [ 2.14199494953559, 41.421547747223599 ], [ 2.14183713481506, 41.421556586435401 ], [ 2.14171728160831, 41.421532489167198 ], [ 2.14081284317345, 41.421255649859198 ], [ 2.14045548841922, 41.421098061397203 ], [ 2.14004011651739, 41.420232403850299 ], [ 2.13986530981982, 41.420283051142498 ], [ 2.13919675025019, 41.420465557106802 ], [ 2.13887260680858, 41.420573414069402 ], [ 2.13788059915036, 41.420890516723603 ], [ 2.13779307454768, 41.4209326146715 ], [ 2.13772177620119, 41.420994195681502 ], [ 2.13767685752229, 41.421071665352002 ], [ 2.13767054139642, 41.421152901229497 ], [ 2.13769715294769, 41.421233591255501 ], [ 2.1377392445537, 41.421287519069502 ], [ 2.13780308389745, 41.421335709975303 ], [ 2.13815055541238, 41.421471993058603 ], [ 2.13826818535089, 41.421532899837104 ], [ 2.13835331780349, 41.421603453286799 ], [ 2.13840671730718, 41.421680128285303 ], [ 2.13843989549211, 41.4217674787795 ], [ 2.13844294538803, 41.421871717794303 ], [ 2.13840944937728, 41.4219958057569 ], [ 2.13807986045939, 41.422824544190803 ], [ 2.13790331583148, 41.423067557376697 ], [ 2.13776434121068, 41.423196997747603 ], [ 2.13758982860957, 41.423320640979298 ], [ 2.1372606218862, 41.423461030780501 ], [ 2.13699464525114, 41.423514882046803 ], [ 2.13653814286841, 41.423553089137101 ], [ 2.13640000330744, 41.423581290429297 ], [ 2.13628510980215, 41.423627104492397 ] ] ] } },
{ "type": "Feature", "properties": { "district": "Horta-Guinardó", "admin_level": "9" }, "geometry": { "type": "Polygon", "coordinates": [ [ [ 2.12043830984154, 41.422802335580002 ], [ 2.12042650661281, 41.422721916978901 ], [ 2.12077177276465, 41.422052546956301 ], [ 2.12088296533045, 41.421877139044199 ], [ 2.12098237781404, 41.421762378200299 ], [ 2.1213075760809, 41.421459681252998 ], [ 2.12140150396425, 41.421348652264598 ], [ 2.12147013061425, 41.421234313415901 ], [ 2.12151210686697, 41.421124436881897 ], [ 2.12153740852026, 41.420983843728102 ], [ 2.12153328007915, 41.420920796123802 ], [ 2.12150538356826, 41.420868574125599 ], [ 2.12147167228816, 41.420842915708398 ], [ 2.12116287392167, 41.420710071855801 ], [ 2.12129005692662, 41.420655871755201 ], [ 2.12128713096797, 41.420651886131502 ], [ 2.12144531978183, 41.420586916552303 ], [ 2.12154755941148, 41.420542478084599 ], [ 2.12155843931832, 41.420561311957002 ], [ 2.12287345838584, 41.419998310504198 ], [ 2.12302897387973, 41.419933461569599 ], [ 2.12428739949586, 41.419396512338203 ], [ 2.12472885279044, 41.419210955818897 ], [ 2.12484249588482, 41.419179861022798 ], [ 2.12492806166178, 41.419154425412501 ], [ 2.12515225592039, 41.419073729417597 ], [ 2.12531617771389, 41.419007211863601 ], [ 2.12586240859119, 41.4187678155442 ], [ 2.12644406139948, 41.418510654462999 ], [ 2.12804498854775, 41.417797519201002 ], [ 2.12878384056672, 41.417465787738998 ], [ 2.12879297451684, 41.417478870683802 ], [ 2.12892849691325, 41.417421657368202 ], [ 2.1289360458177, 41.417435930984801 ], [ 2.12892405557206, 41.417486101784597 ], [ 2.12885921216824, 41.4175621741526 ], [ 2.12861602610852, 41.417810145163401 ], [ 2.12837277413067, 41.417987730924501 ], [ 2.12814452328729, 41.418119023459397 ], [ 2.12801598135795, 41.418185334929703 ], [ 2.12794312140926, 41.418245114582703 ], [ 2.1279096145182, 41.418288168419302 ], [ 2.12790061702166, 41.418345333555202 ], [ 2.12790789706088, 41.418416547596799 ], [ 2.12796061849057, 41.418475711831 ], [ 2.1280889952473, 41.418575676704599 ], [ 2.12816818739867, 41.418659811940003 ], [ 2.12817993534225, 41.418704767073002 ], [ 2.12816680144029, 41.418763441154702 ], [ 2.12813312569993, 41.4188173207273 ], [ 2.1280243037986, 41.418947968723401 ], [ 2.12792054193885, 41.419009838056802 ], [ 2.12772355318752, 41.419113515658601 ], [ 2.12756598992233, 41.419194083341701 ], [ 2.12746219256062, 41.419249781885497 ], [ 2.12745274781409, 41.419375453337402 ], [ 2.12758171780553, 41.4194974185516 ], [ 2.12785091490217, 41.419597082316002 ], [ 2.1278870663685, 41.419617587095701 ], [ 2.12806197880876, 41.419727686826398 ], [ 2.12813335440034, 41.419743216150202 ], [ 2.12822506498385, 41.419728922732801 ], [ 2.12834530277919, 41.419698577930099 ], [ 2.12840511250056, 41.419706525259201 ], [ 2.12847947755334, 41.419744595637198 ], [ 2.12864090932915, 41.419869598775598 ], [ 2.12868860921343, 41.419912457181297 ], [ 2.12872334724931, 41.4199277266735 ], [ 2.12875823577515, 41.419931737984598 ], [ 2.12878983118188, 41.419933238292003 ], [ 2.12882315204355, 41.4199309865432 ], [ 2.12885493137012, 41.419918724844599 ], [ 2.12888183327271, 41.419898932009403 ], [ 2.12891389197153, 41.4198666578597 ], [ 2.12895159613766, 41.419784435105797 ], [ 2.12902511951866, 41.419637449736904 ], [ 2.12907061202711, 41.419596540017302 ], [ 2.12915428571001, 41.419562170465603 ], [ 2.12920671738108, 41.4195446425094 ], [ 2.12925231932088, 41.419533151873203 ], [ 2.1293172321932, 41.419520350861902 ], [ 2.12937264295479, 41.4195124446139 ], [ 2.12943615960958, 41.419508043224397 ], [ 2.12948871076984, 41.419508440866899 ], [ 2.12952388887167, 41.419513156717798 ], [ 2.12955748870794, 41.419522256252101 ], [ 2.12958861650212, 41.419535462485499 ], [ 2.12962695415478, 41.419558072987797 ], [ 2.12966849526586, 41.4195863283595 ], [ 2.12970702580899, 41.419616902879 ], [ 2.12973574441688, 41.419643854229797 ], [ 2.12976427642611, 41.419677613793198 ], [ 2.12978318323225, 41.419706310418199 ], [ 2.12981589707035, 41.419771033178598 ], [ 2.12982792300002, 41.419798849065501 ], [ 2.12984048554029, 41.4198366672777 ], [ 2.12985314518713, 41.4198905194811 ], [ 2.12986432433274, 41.419920815014898 ], [ 2.12988355788859, 41.419957314544099 ], [ 2.12990839373971, 41.419991874801099 ], [ 2.12993205301366, 41.420017760989197 ], [ 2.12995602011807, 41.420034930290299 ], [ 2.12997579399998, 41.420046195019701 ], [ 2.12999690378622, 41.420055992626502 ], [ 2.13001919536949, 41.420064213855198 ], [ 2.13005031603195, 41.420072600924499 ], [ 2.13007035078435, 41.420075977085503 ], [ 2.13010443159558, 41.420077757041298 ], [ 2.1301383371633, 41.420074734692101 ], [ 2.13018878339601, 41.420062523687797 ], [ 2.13024618147087, 41.420045879507903 ], [ 2.13035980067187, 41.420007519979201 ], [ 2.13047060054254, 41.419972381710799 ], [ 2.13051435069037, 41.4199543912165 ], [ 2.13055586417051, 41.419933627523001 ], [ 2.13058333115915, 41.419916288585398 ], [ 2.13061393509281, 41.419891641283002 ], [ 2.13064877785466, 41.419852433936001 ], [ 2.13066986305242, 41.419821008644298 ], [ 2.13068759606449, 41.419791494620497 ], [ 2.130717057139, 41.419730502605198 ], [ 2.13075096159682, 41.419637810910601 ], [ 2.13078002427726, 41.419570789883601 ], [ 2.13079825134336, 41.419537419881998 ], [ 2.13082157672438, 41.419504899065302 ], [ 2.13086314749885, 41.419459167041502 ], [ 2.13087865556411, 41.419444836248601 ], [ 2.13090145839187, 41.419429065323598 ], [ 2.13092681374865, 41.4194157096575 ], [ 2.13094724338779, 41.419407405986803 ], [ 2.13097600607375, 41.419398768929398 ], [ 2.13100602197058, 41.419393068752001 ], [ 2.13105254060913, 41.419389979268203 ], [ 2.1310918322716, 41.419392221638198 ], [ 2.13113015167735, 41.4193991765557 ], [ 2.1311665200898, 41.419410656481297 ], [ 2.13120223623817, 41.419426184822001 ], [ 2.13124455192052, 41.419447545769401 ], [ 2.13143505958886, 41.419558712937999 ], [ 2.13150032009228, 41.419594965186 ], [ 2.13154577279213, 41.419616205584802 ], [ 2.13160827653002, 41.419642024349997 ], [ 2.13165648431199, 41.419659466342097 ], [ 2.13187962166791, 41.419732309149801 ], [ 2.13192415040529, 41.419745669916203 ], [ 2.13200241785675, 41.419773913316398 ], [ 2.13206821354941, 41.419800567339003 ], [ 2.13210495090899, 41.419819417844799 ], [ 2.13213875086207, 41.419844983752597 ], [ 2.13216688761813, 41.419872578644899 ], [ 2.13218913407197, 41.419902182797799 ], [ 2.1322028987611, 41.419934299099403 ], [ 2.13220830948075, 41.419968316010298 ], [ 2.13220326480235, 41.419989499508603 ], [ 2.13219127189078, 41.4200184490617 ], [ 2.13217153915436, 41.420053501325398 ], [ 2.13215026329096, 41.420082218715798 ], [ 2.13207311433952, 41.420160469915103 ], [ 2.13200573454971, 41.420234777444698 ], [ 2.13189833691955, 41.420361314420497 ], [ 2.13184421310075, 41.4204304254962 ], [ 2.13174747050352, 41.420563744270297 ], [ 2.13166524868805, 41.420672384061497 ], [ 2.13162146381273, 41.420725305611398 ], [ 2.13157182094416, 41.420781389576597 ], [ 2.13148482627683, 41.420870987491497 ], [ 2.131430785791, 41.4209230028588 ], [ 2.13134258904131, 41.421003998483101 ], [ 2.13132072973714, 41.421027955376601 ], [ 2.13130093968861, 41.421052882679902 ], [ 2.13128175103246, 41.421082966780503 ], [ 2.13126032168109, 41.421130328256098 ], [ 2.13124627193675, 41.421177078902197 ], [ 2.13123569032946, 41.4212221983652 ], [ 2.13122983563139, 41.421261746386499 ], [ 2.13123808962672, 41.421292322342701 ], [ 2.13125209835567, 41.421317158072299 ], [ 2.13126473616595, 41.421332441859803 ], [ 2.13125197757794, 41.421346511528398 ], [ 2.13091090315202, 41.421555493371898 ], [ 2.13068512608789, 41.421804014425902 ], [ 2.13047672888407, 41.421960610288799 ], [ 2.1300864847205, 41.422409293445 ], [ 2.13004439862601, 41.422451310195903 ], [ 2.12995015464947, 41.422566379194699 ], [ 2.130050384042, 41.422614345164803 ], [ 2.13009573235116, 41.422627388565303 ], [ 2.13034861882297, 41.422711682540303 ], [ 2.1303882414781, 41.422718863735298 ], [ 2.13042017521407, 41.422722915261303 ], [ 2.13055930841583, 41.422733316549099 ], [ 2.13058025617474, 41.422749949472198 ], [ 2.13072229519085, 41.422719244531599 ], [ 2.13075050291386, 41.422709261236299 ], [ 2.13081152490927, 41.422699219602201 ], [ 2.1310004890218, 41.422675489305199 ], [ 2.13106425118451, 41.422671746423497 ], [ 2.1316266683187, 41.422551050686799 ], [ 2.13190233045326, 41.422532855309797 ], [ 2.13190308627427, 41.422527321434202 ], [ 2.13204728977571, 41.422535291140797 ], [ 2.13218457903772, 41.422546658362798 ], [ 2.13231604411447, 41.422554153330701 ], [ 2.13238710913299, 41.422560958467201 ], [ 2.13256315305717, 41.422571014171801 ], [ 2.13260166936019, 41.422575015642302 ], [ 2.13266513948023, 41.422577917165398 ], [ 2.13274260699189, 41.422583815561502 ], [ 2.13281418465181, 41.422587174447202 ], [ 2.13285056643007, 41.422583413341897 ], [ 2.13291047691088, 41.422570533877298 ], [ 2.13300898665232, 41.422551820210401 ], [ 2.13303456037211, 41.422544599804503 ], [ 2.13313842203696, 41.422504083302201 ], [ 2.13321148264917, 41.422481412589399 ], [ 2.13333841363306, 41.422426702838003 ], [ 2.13340360534292, 41.422394994728698 ], [ 2.13348428088424, 41.422360831228701 ], [ 2.1335537403917, 41.422335367888302 ], [ 2.13384284797755, 41.422287751717199 ], [ 2.13407881457466, 41.422256011308001 ], [ 2.13427323244721, 41.422237739158902 ], [ 2.13435830240648, 41.422224435754899 ], [ 2.13443946658463, 41.422207869229297 ], [ 2.13452632084614, 41.422184553837397 ], [ 2.1346817759088, 41.422141811893098 ], [ 2.1347063408956, 41.4221303230049 ], [ 2.13477737411363, 41.422163583291002 ], [ 2.13469536643281, 41.422257033782202 ], [ 2.13464824244352, 41.422323604661599 ], [ 2.13443774109803, 41.422448242083703 ], [ 2.13433097036876, 41.422531208362201 ], [ 2.13428070471642, 41.4225765879496 ], [ 2.13426126757384, 41.422598419851397 ], [ 2.13424433127275, 41.422622072058502 ], [ 2.13422011981599, 41.422669088872397 ], [ 2.13421402210975, 41.422695705022697 ], [ 2.13421163866714, 41.422758018608597 ], [ 2.13421373752253, 41.422780192719401 ], [ 2.13421954578566, 41.4228032954898 ], [ 2.13423760474938, 41.422858196659 ], [ 2.13427309570157, 41.422951240421597 ], [ 2.13428442758114, 41.423017080043302 ], [ 2.13429275111306, 41.423040021587603 ], [ 2.13431397150194, 41.4230731485154 ], [ 2.13433301891491, 41.423107700279701 ], [ 2.13437379905442, 41.423199883061898 ], [ 2.13440178768016, 41.423255030055898 ], [ 2.13444072978587, 41.4233234283369 ], [ 2.13448069155967, 41.423387141396702 ], [ 2.13456712000615, 41.423511373726598 ], [ 2.13459690833926, 41.423548168030202 ], [ 2.13463371608676, 41.423588068649302 ], [ 2.13464751745271, 41.423609555818999 ], [ 2.13475855790985, 41.423583531108498 ], [ 2.13478349916597, 41.423576290300197 ], [ 2.13483291689587, 41.423683973877303 ], [ 2.13484613976533, 41.423722805325298 ], [ 2.13485946766139, 41.4237374976111 ], [ 2.13488099628475, 41.4237565670525 ], [ 2.13491042173795, 41.423775531890001 ], [ 2.13496304154942, 41.423805282815202 ], [ 2.13499906750405, 41.423832045273798 ], [ 2.13507209866279, 41.423892754384802 ], [ 2.13516019132888, 41.423972871306901 ], [ 2.13521233312143, 41.424029649863002 ], [ 2.13525383489113, 41.4240856188161 ], [ 2.1353096462667, 41.424181526222597 ], [ 2.1353428797204, 41.424247350192203 ], [ 2.13536740188323, 41.424311307192703 ], [ 2.13537017373564, 41.424336909163898 ], [ 2.13536709653418, 41.424361386282797 ], [ 2.13536090808412, 41.424376823567798 ], [ 2.13534405299442, 41.424402467184798 ], [ 2.13533176886339, 41.424417327214897 ], [ 2.13529613917136, 41.424450927406497 ], [ 2.13518855565584, 41.424540913761497 ], [ 2.13510324310082, 41.424620979110898 ], [ 2.13507796145139, 41.424650333455702 ], [ 2.13506427260356, 41.4246718393957 ], [ 2.1350475754822, 41.424703600208801 ], [ 2.13503839779171, 41.424736867752301 ], [ 2.13503913288831, 41.424762634564999 ], [ 2.13504743298004, 41.424786476617001 ], [ 2.13505976559095, 41.424804043776199 ], [ 2.13510580571729, 41.424879674113797 ], [ 2.13580521907762, 41.424647520923401 ], [ 2.13590347115835, 41.4245987720385 ], [ 2.13597969901775, 41.4245449215843 ], [ 2.13607076745029, 41.424445839054897 ], [ 2.13612699824169, 41.424340477888798 ], [ 2.13614783447659, 41.4242561499291 ], [ 2.13613921757255, 41.4238555728313 ], [ 2.13615722728427, 41.4237698671174 ], [ 2.13620906214016, 41.423683712791302 ], [ 2.13628510980215, 41.423627104492397 ], [ 2.13640000330744, 41.423581290429297 ], [ 2.13653814286841, 41.423553089137101 ], [ 2.13699464525114, 41.423514882046803 ], [ 2.1372606218862, 41.423461030780501 ], [ 2.13758982860957, 41.423320640979298 ], [ 2.13776434121068, 41.423196997747603 ], [ 2.13790331583148, 41.423067557376697 ], [ 2.13807986045939, 41.422824544190803 ], [ 2.13840944937728, 41.4219958057569 ], [ 2.13844294538803, 41.421871717794303 ], [ 2.13843989549211, 41.4217674787795 ], [ 2.13840671730718, 41.421680128285303 ], [ 2.13835331780349, 41.421603453286799 ], [ 2.13826818535089, 41.421532899837104 ], [ 2.13815055541238, 41.421471993058603 ], [ 2.13780308389745, 41.421335709975303 ], [ 2.1377392445537, 41.421287519069502 ], [ 2.13769715294769, 41.421233591255501 ], [ 2.13767054139642, 41.421152901229497 ], [ 2.13767685752229, 41.421071665352002 ], [ 2.13772177620119, 41.420994195681502 ], [ 2.13779307454768, 41.4209326146715 ], [ 2.13788059915036, 41.420890516723603 ], [ 2.13887260680858, 41.420573414069402 ], [ 2.13919675025019, 41.420465557106802 ], [ 2.13986530981982, 41.420283051142498 ], [ 2.14004011651739, 41.420232403850299 ], [ 2.14045548841922, 41.421098061397203 ], [ 2.14081284317345, 41.421255649859198 ], [ 2.14171728160831, 41.421532489167198 ], [ 2.14183713481506, 41.421556586435401 ], [ 2.14199494953559, 41.421547747223599 ], [ 2.14210780452946, 41.421510757538996 ], [ 2.14220601552143, 41.421453499885097 ], [ 2.14389753741033, 41.420140232403298 ], [ 2.14402039454004, 41.420194062634501 ], [ 2.14452791690351, 41.420530171150503 ], [ 2.1447151132247, 41.4207328831097 ], [ 2.14481952888231, 41.420790563886101 ], [ 2.14514317896541, 41.420893030298203 ], [ 2.1469764224727, 41.4212644766327 ], [ 2.1478019526582, 41.421592251614904 ], [ 2.14947476652528, 41.421641036975402 ], [ 2.14949192164824, 41.421376396056402 ], [ 2.14948842466687, 41.420605763711002 ], [ 2.14927170581701, 41.420371206103802 ], [ 2.14941109962941, 41.420365156920397 ], [ 2.1496408838788, 41.4203521554075 ], [ 2.14989896569021, 41.420331147735403 ], [ 2.15014820125493, 41.420302093533003 ], [ 2.15043214239761, 41.420271907930498 ], [ 2.15069012705092, 41.4202408634603 ], [ 2.15095562726435, 41.420206081737199 ], [ 2.15112033736809, 41.4201921015948 ], [ 2.1513305929638, 41.420178051864603 ], [ 2.15147963573269, 41.420174413288002 ], [ 2.15174023590341, 41.420172296077098 ], [ 2.15177386457523, 41.420142753665701 ], [ 2.15168117112604, 41.419816195810299 ], [ 2.15166958712912, 41.419510955820598 ], [ 2.15164992218887, 41.419337489352003 ], [ 2.15156742206244, 41.419072998544202 ], [ 2.15151658552131, 41.418935368014601 ], [ 2.1512553870428, 41.418575658889402 ], [ 2.15115010086511, 41.4184976359657 ], [ 2.15101932198781, 41.418268108555303 ], [ 2.15098704879972, 41.4182035463418 ], [ 2.15090858277107, 41.417998966368103 ], [ 2.15089734372723, 41.417960047766201 ], [ 2.15088187986919, 41.417779804294597 ], [ 2.15088128289229, 41.417755265374304 ], [ 2.15088680451703, 41.417719124968897 ], [ 2.15090066773442, 41.417683165025501 ], [ 2.15092270340234, 41.417649070488999 ], [ 2.15095171224956, 41.417618055717099 ], [ 2.15098967528404, 41.417588326625904 ], [ 2.15103774029496, 41.417560231257298 ], [ 2.15133013631065, 41.417426091496402 ], [ 2.15141677403793, 41.417376530848401 ], [ 2.15142260370268, 41.417288386320799 ], [ 2.15147986043057, 41.417262417666102 ], [ 2.15159024684725, 41.417242004767303 ], [ 2.1516765827125, 41.417206053105303 ], [ 2.15177083711269, 41.417134454191199 ], [ 2.15183826816372, 41.417070782183899 ], [ 2.15188362629518, 41.417003092228903 ], [ 2.15192424757066, 41.416904913116703 ], [ 2.15272001524609, 41.416809228898799 ], [ 2.15282930967964, 41.416700013924498 ], [ 2.15293335677256, 41.416625144388199 ], [ 2.15318054447699, 41.416465136038603 ], [ 2.15322912709342, 41.416418979092398 ], [ 2.15360027648672, 41.416098810707098 ], [ 2.1536087021183, 41.4160802452624 ], [ 2.1536192376437, 41.416070594710803 ], [ 2.15416156440017, 41.415604370209401 ], [ 2.15451707583351, 41.415349647352699 ], [ 2.15465604232325, 41.415223976741501 ], [ 2.15485580204029, 41.415123775287299 ], [ 2.15502811295487, 41.4149812205657 ], [ 2.15510639357362, 41.414944153270902 ], [ 2.15522332984336, 41.414924096624901 ], [ 2.15533413047396, 41.414950004938603 ], [ 2.15537212257326, 41.414969479665302 ], [ 2.15546477708311, 41.415119846770999 ], [ 2.15555979645119, 41.4151038317816 ], [ 2.15564704210845, 41.415098781194899 ], [ 2.15576076054379, 41.415107308091997 ], [ 2.15586888203624, 41.415135015738997 ], [ 2.15599470374008, 41.4151892990471 ], [ 2.15662823314701, 41.415615926505197 ], [ 2.15713683917734, 41.4164163196385 ], [ 2.15721192313609, 41.416512627112603 ], [ 2.15727517684695, 41.416545787542901 ], [ 2.15735604426126, 41.416565998111203 ], [ 2.15742379065923, 41.416570043218599 ], [ 2.15749283327794, 41.416553416645797 ], [ 2.15757214928357, 41.416517751422703 ], [ 2.15762406915413, 41.416464969543597 ], [ 2.15788182759043, 41.415897255218397 ], [ 2.15808649985854, 41.415577462343599 ], [ 2.15834895393769, 41.415228613974001 ], [ 2.15858747291912, 41.414962368534198 ], [ 2.15894777323833, 41.414635055055903 ], [ 2.15919323097808, 41.414447408651696 ], [ 2.15946774047459, 41.414271282836999 ], [ 2.15978001165156, 41.414106277129299 ], [ 2.16004413678389, 41.413995827690002 ], [ 2.16013260434778, 41.413962936935 ], [ 2.16027718525027, 41.413927127421402 ], [ 2.1603998745369, 41.4139144215549 ], [ 2.16049755266094, 41.413924285919897 ], [ 2.16105634546351, 41.414175698889899 ], [ 2.16138162004021, 41.413936065802297 ], [ 2.16142203098042, 41.413851113686398 ], [ 2.16142220151793, 41.413757476002203 ], [ 2.16138707532854, 41.413675663658999 ], [ 2.1613047109234, 41.4136027152922 ], [ 2.16123580406945, 41.4135681827442 ], [ 2.1620314039312, 41.412659451933798 ], [ 2.16300266761018, 41.411486615400399 ], [ 2.16369002465581, 41.410723943017402 ], [ 2.163942869177, 41.410511790119202 ], [ 2.1642884492256, 41.410255127008497 ], [ 2.16517510145905, 41.4095898820378 ], [ 2.16865930584209, 41.406928978077602 ], [ 2.17546779013762, 41.412036436670199 ], [ 2.18048442821633, 41.415831782378802 ], [ 2.1804045189814, 41.416373516838497 ], [ 2.18039493623288, 41.417482195812198 ], [ 2.18049079708114, 41.418334066241201 ], [ 2.1808275105693, 41.419836062956598 ], [ 2.18083481147109, 41.4200338314646 ], [ 2.18079562301323, 41.420236686034002 ], [ 2.18074604838877, 41.420354523548198 ], [ 2.18065825495175, 41.420481665594401 ], [ 2.18047014558335, 41.420713356030198 ], [ 2.17653223811466, 41.424992470383302 ], [ 2.17622004855951, 41.4253263034974 ], [ 2.17606401773184, 41.425450485222697 ], [ 2.17589526798981, 41.425538356653803 ], [ 2.17578757735252, 41.425577216176301 ], [ 2.16998062262682, 41.427178768454198 ], [ 2.16971114956402, 41.427228031300899 ], [ 2.16742912561406, 41.4275494759789 ], [ 2.16516477396371, 41.427775159823902 ], [ 2.16443036115571, 41.427886706025397 ], [ 2.16422024376891, 41.4279112067588 ], [ 2.16401555608491, 41.427946063692701 ], [ 2.16387348581419, 41.427986146619098 ], [ 2.16379765847919, 41.428009697614101 ], [ 2.16368787546138, 41.4280650529182 ], [ 2.1636316578927, 41.428096781897203 ], [ 2.16378379294438, 41.428206725686003 ], [ 2.16479943517234, 41.428848888886897 ], [ 2.16496558188079, 41.428955531617 ], [ 2.16614752387405, 41.429625935590302 ], [ 2.16483873832794, 41.430396147761897 ], [ 2.16431104196198, 41.430765809298499 ], [ 2.16364467697947, 41.431387673924696 ], [ 2.16340592064388, 41.431700842548501 ], [ 2.16332551550691, 41.431821801504697 ], [ 2.16323121791979, 41.431976969593499 ], [ 2.16319151923575, 41.432121113328797 ], [ 2.16315876325213, 41.432266856829003 ], [ 2.16310949456834, 41.432463975722101 ], [ 2.16311091843043, 41.432880072101497 ], [ 2.16358111113451, 41.434563306621101 ], [ 2.16380247832729, 41.435200476033799 ], [ 2.16426478302248, 41.436285452688601 ], [ 2.16316764934348, 41.436587589471699 ], [ 2.16352009966772, 41.437103549382201 ], [ 2.16321307717448, 41.4372824735566 ], [ 2.16323928865706, 41.437307813264603 ], [ 2.16313038950076, 41.4373645338625 ], [ 2.16332691701545, 41.437548417742903 ], [ 2.16345883818593, 41.437674976741903 ], [ 2.16365970474359, 41.4378597978966 ], [ 2.16256090121796, 41.438507048894898 ], [ 2.16249924254885, 41.438545349988601 ], [ 2.16243964321941, 41.438585467528 ], [ 2.16238227171824, 41.438627330683801 ], [ 2.1622751646855, 41.438712968044896 ], [ 2.16217273208876, 41.438801827978303 ], [ 2.16212052102708, 41.438850069814599 ], [ 2.1620216112129, 41.438949782197803 ], [ 2.16194983373497, 41.439030218093897 ], [ 2.16187884473565, 41.439120063443603 ], [ 2.16183560547155, 41.439181737534902 ], [ 2.16175791486451, 41.439245943875697 ], [ 2.16166424406348, 41.439286150666803 ], [ 2.1618002929018, 41.4396644261045 ], [ 2.16174942258928, 41.439703282785402 ], [ 2.16170192559128, 41.439745194123901 ], [ 2.16167266603555, 41.439776425831099 ], [ 2.16163929598796, 41.439819741663797 ], [ 2.16159803955418, 41.439879363803499 ], [ 2.16156057546254, 41.439949845899399 ], [ 2.16154168192066, 41.440013068238002 ], [ 2.16153304794355, 41.440080200713602 ], [ 2.16153125908296, 41.440138547694502 ], [ 2.16153834710296, 41.440199516583199 ], [ 2.16155016753036, 41.440271415346103 ], [ 2.16157400177628, 41.440334258228901 ], [ 2.16160721535528, 41.440397706305397 ], [ 2.16164943089218, 41.440463832128401 ], [ 2.16170512969019, 41.440526063198398 ], [ 2.16176399838646, 41.440578150656897 ], [ 2.1618260055875, 41.440623835054602 ], [ 2.16189003168264, 41.440664634087703 ], [ 2.16196122531372, 41.440700716768703 ], [ 2.16204182806285, 41.440731746321397 ], [ 2.1621175823665, 41.440756303797301 ], [ 2.16221222296719, 41.4407801592764 ], [ 2.16228057070284, 41.440787547694597 ], [ 2.1623699569493, 41.440793490444797 ], [ 2.16238793799105, 41.440893248905098 ], [ 2.1624359607869, 41.441015561806097 ], [ 2.16240096780491, 41.441325173268702 ], [ 2.16171346815536, 41.441631145000301 ], [ 2.16163512623021, 41.441564520672301 ], [ 2.1613946158609, 41.441668741058699 ], [ 2.16042860381118, 41.442098849507197 ], [ 2.16033093620856, 41.442134391544798 ], [ 2.1601259568939, 41.442202432496401 ], [ 2.16006679082236, 41.442278476239899 ], [ 2.15996843711166, 41.442381102941802 ], [ 2.15994487086263, 41.442370590330498 ], [ 2.15981801161047, 41.442284795934 ], [ 2.15975160478503, 41.4422138007996 ], [ 2.15969766847631, 41.442122993917103 ], [ 2.15943724175679, 41.4422279697813 ], [ 2.15918713218329, 41.442376025500302 ], [ 2.15911216204013, 41.442434295983198 ], [ 2.15904585723458, 41.4425186251841 ], [ 2.15898381523661, 41.442630656311103 ], [ 2.15892751918765, 41.442713004920002 ], [ 2.15869809512766, 41.443010950171697 ], [ 2.15860580046993, 41.443259312336998 ], [ 2.15854614605214, 41.443356912770497 ], [ 2.15849301205594, 41.4434797996622 ], [ 2.15847302095609, 41.443694732611597 ], [ 2.15840786122321, 41.443855182499597 ], [ 2.15833886765909, 41.443952858608 ], [ 2.15829413146756, 41.443998316002798 ], [ 2.15817081547328, 41.444084722567702 ], [ 2.15803151429284, 41.444163076464498 ], [ 2.15799094484878, 41.444204736082597 ], [ 2.15798006225987, 41.444252035453097 ], [ 2.15796989270597, 41.444422885803803 ], [ 2.15794994737552, 41.444527640210403 ], [ 2.15790402311682, 41.444618639268299 ], [ 2.15783661804377, 41.444706292423298 ], [ 2.15770736814455, 41.444834836775897 ], [ 2.15752653613153, 41.444988223995601 ], [ 2.1574722533089, 41.445021063810501 ], [ 2.15737775581891, 41.445044007130903 ], [ 2.15711964906656, 41.445092846016401 ], [ 2.15699258201287, 41.445108074216698 ], [ 2.15691818076116, 41.445151593250401 ], [ 2.15682962688133, 41.445209186177699 ], [ 2.15671883225082, 41.445288828290998 ], [ 2.15661117327259, 41.445350946836299 ], [ 2.15648069697172, 41.445413069110401 ], [ 2.1563559274155, 41.445457884802202 ], [ 2.15625988413648, 41.445497497600101 ], [ 2.15610466640671, 41.445543629956397 ], [ 2.15606138047509, 41.445549023106302 ], [ 2.15602797641663, 41.4455512100402 ], [ 2.15590390449349, 41.445545850038698 ], [ 2.15583017240939, 41.445548731808302 ], [ 2.15578241959127, 41.445558866004298 ], [ 2.15574300427846, 41.445585193653997 ], [ 2.15571809362227, 41.4456081688975 ], [ 2.15570763537893, 41.445652138407802 ], [ 2.15570736657204, 41.445688571435099 ], [ 2.15575881444719, 41.445732319732201 ], [ 2.15579216997406, 41.445748660776303 ], [ 2.15583483825981, 41.445765070151197 ], [ 2.15590364658035, 41.445778185451402 ], [ 2.15601180274723, 41.4457775738639 ], [ 2.15620620475608, 41.4457876651201 ], [ 2.15642378285796, 41.445834748324202 ], [ 2.15665326168877, 41.445881756230797 ], [ 2.15708254587098, 41.445961717851603 ], [ 2.15716802991821, 41.445992465003499 ], [ 2.15721097903159, 41.446005714322602 ], [ 2.15725336005031, 41.446051764474603 ], [ 2.15731637041404, 41.446167917327202 ], [ 2.1574167658486, 41.446373949754701 ], [ 2.15751810625183, 41.446493103476797 ], [ 2.15759014229886, 41.446608457561801 ], [ 2.15759235938576, 41.446712851729799 ], [ 2.15756122553679, 41.446854148241201 ], [ 2.15754273234844, 41.446949257216303 ], [ 2.15751673767582, 41.447019018426701 ], [ 2.15746930285554, 41.447085938391702 ], [ 2.15742376049355, 41.4471305698385 ], [ 2.157251385052, 41.447217363622897 ], [ 2.15711718290649, 41.4472794502894 ], [ 2.15706425257293, 41.447326945860297 ], [ 2.15704301689252, 41.447354551101199 ], [ 2.15703129830603, 41.447397898980398 ], [ 2.15704200704645, 41.447432565924103 ], [ 2.15709552253921, 41.447451783562599 ], [ 2.15720614822223, 41.447463150799202 ], [ 2.15733999951813, 41.447460582455399 ], [ 2.15749346677451, 41.447470461751898 ], [ 2.15757683140102, 41.447498634968397 ], [ 2.15767657836526, 41.447550473464098 ], [ 2.15778043629533, 41.447612142038203 ], [ 2.15794023358396, 41.447712087181301 ], [ 2.15806966801185, 41.447822474659397 ], [ 2.15834091922548, 41.448075487232103 ], [ 2.15863929790831, 41.448405602867297 ], [ 2.15875064029279, 41.448533079418098 ], [ 2.15892284715554, 41.448801480500201 ], [ 2.15900902364234, 41.448892058576199 ], [ 2.15914844109477, 41.4490742708577 ], [ 2.15928313324607, 41.449266464673997 ], [ 2.1594247570682, 41.449394732034897 ], [ 2.15942567371737, 41.449501789120802 ], [ 2.15941930945383, 41.4495969419498 ], [ 2.15948661459468, 41.449767691840002 ], [ 2.15947768638079, 41.449961312967702 ], [ 2.15937496397629, 41.450190566588503 ], [ 2.15921246604724, 41.4503196288494 ], [ 2.15918132473126, 41.450358625800398 ], [ 2.15913088179076, 41.450444268844301 ], [ 2.15910949251168, 41.450518275236597 ], [ 2.15896718546995, 41.450517349944803 ], [ 2.15892601845366, 41.4504887782983 ], [ 2.15886846937727, 41.450425224570601 ], [ 2.15877542771657, 41.4503487153208 ], [ 2.15868078609501, 41.450300244269997 ], [ 2.15858606120592, 41.450258135366902 ], [ 2.15850389463164, 41.450227274832301 ], [ 2.15842413402069, 41.450174128591797 ], [ 2.1583152276264, 41.450082542493398 ], [ 2.15827132833638, 41.450039215396799 ], [ 2.15822101797754, 41.450000619800498 ], [ 2.15816452182701, 41.449949237930902 ], [ 2.15801365188876, 41.449828674751899 ], [ 2.15796741479806, 41.449802848940202 ], [ 2.1579105059028, 41.449783319533097 ], [ 2.1576832451146, 41.449676531976898 ], [ 2.15756324447947, 41.4496246838888 ], [ 2.15750419640351, 41.449606732926298 ], [ 2.15744511554435, 41.449591965813198 ], [ 2.15738798032564, 41.449589953003702 ], [ 2.15732291179094, 41.4496006689712 ], [ 2.15721369786838, 41.449642834222402 ], [ 2.15694579949224, 41.449731658659601 ], [ 2.15680746662791, 41.449787986841002 ], [ 2.15674562514578, 41.449822577758198 ], [ 2.15664319262073, 41.449885540745498 ], [ 2.15657931466214, 41.449913742998497 ], [ 2.1564374447583, 41.449926436322201 ], [ 2.15630708608609, 41.449920449661697 ], [ 2.15601903534257, 41.449953566419502 ], [ 2.15584225507816, 41.449934750761201 ], [ 2.15554562871377, 41.449820881734297 ], [ 2.15546705330625, 41.449786977470602 ], [ 2.15538034372349, 41.449734097867598 ], [ 2.15526971600244, 41.449679241080098 ], [ 2.15516625927125, 41.449625337592899 ], [ 2.15496703629217, 41.449570730554797 ], [ 2.15474969379185, 41.449528600407703 ], [ 2.1545470790269, 41.449458655122399 ], [ 2.15443025658496, 41.4494199653371 ], [ 2.15440764076831, 41.449409890942398 ], [ 2.15438624542742, 41.449398024033002 ], [ 2.15436014366159, 41.449379817334197 ], [ 2.15433295010382, 41.4493534959337 ], [ 2.15432708169067, 41.449344445381399 ], [ 2.15429044022707, 41.449308146362 ], [ 2.15425014909196, 41.449276324203097 ], [ 2.15416711429871, 41.449217165514597 ], [ 2.15354417669881, 41.448787433619302 ], [ 2.15350514185465, 41.448751116736503 ], [ 2.15343221181402, 41.448651498521301 ], [ 2.15341932513787, 41.448629785896401 ], [ 2.15341351546122, 41.448616232023298 ], [ 2.15340668436185, 41.448589159515699 ], [ 2.15338672701994, 41.448374636241603 ], [ 2.15334089394681, 41.448216669207703 ], [ 2.15332016405004, 41.448061589144103 ], [ 2.153314199596, 41.447967868156198 ], [ 2.15329778960933, 41.447848849528199 ], [ 2.15326863631533, 41.447789186020302 ], [ 2.15318160324595, 41.447761523125401 ], [ 2.15306226172624, 41.447732721557301 ], [ 2.15295383430178, 41.447693191335901 ], [ 2.15284534842779, 41.447658164288299 ], [ 2.15275738818106, 41.447609777195197 ], [ 2.15261274352039, 41.447501523564299 ], [ 2.15252512356352, 41.447427017302203 ], [ 2.15235799388032, 41.447298781387801 ], [ 2.15207133635543, 41.447064277505298 ], [ 2.15202855980217, 41.447039642171603 ], [ 2.15197126642524, 41.447026609442901 ], [ 2.15191149690307, 41.4470198636199 ], [ 2.15183119016138, 41.447027378204602 ], [ 2.15171605213765, 41.4470436432998 ], [ 2.15161881088777, 41.447064543976801 ], [ 2.15148306500885, 41.447100473162202 ], [ 2.15129693790042, 41.447144137165999 ], [ 2.15115033618946, 41.447186291053796 ], [ 2.15104323647796, 41.447228736286597 ], [ 2.15086790553629, 41.447270677786697 ], [ 2.15075019660319, 41.447300434054597 ], [ 2.15066159235931, 41.4473015813752 ], [ 2.15058161407452, 41.447283876755897 ], [ 2.15044465981429, 41.447228820922398 ], [ 2.15036112582577, 41.447208387666301 ], [ 2.15028465658326, 41.447197013947097 ], [ 2.15000360020619, 41.447176021979701 ], [ 2.14986453255214, 41.4471912076582 ], [ 2.14964611946131, 41.447231928156398 ], [ 2.14953010110892, 41.4472238645399 ], [ 2.14942780306272, 41.447173567417899 ], [ 2.1492910971055, 41.447099596481998 ], [ 2.14923181023317, 41.447055922444797 ], [ 2.14915465034027, 41.447005810992799 ], [ 2.14905478229594, 41.446952829288001 ], [ 2.14888667197628, 41.446900243349099 ], [ 2.14873546160296, 41.4468369733315 ], [ 2.14863547641882, 41.446792997808302 ], [ 2.14856154334208, 41.446770832818899 ], [ 2.14848513382868, 41.4467549546399 ], [ 2.14842406192524, 41.446756304036398 ], [ 2.14836401037473, 41.446771172073703 ], [ 2.14825457442126, 41.446809093707998 ], [ 2.14814538574608, 41.446828101502497 ], [ 2.14805053778009, 41.4468490168843 ], [ 2.1478048170353, 41.446872417559902 ], [ 2.14770989817665, 41.446898736582497 ], [ 2.14758236472644, 41.446947332384099 ], [ 2.14725335844454, 41.447114233286896 ], [ 2.14708670524462, 41.447224689675899 ], [ 2.14694879215765, 41.447334458208601 ], [ 2.14671309239406, 41.447506553142098 ], [ 2.14661549483781, 41.447554469172502 ], [ 2.14650252446732, 41.447587859204098 ], [ 2.14632959563726, 41.447628910856501 ], [ 2.14592068384842, 41.447680820790801 ], [ 2.14577305773022, 41.447709449088897 ], [ 2.1456494905186, 41.447729248473301 ], [ 2.14542734015462, 41.447780742082699 ], [ 2.14532144468419, 41.447822290178202 ], [ 2.14520809489413, 41.447884499827801 ], [ 2.14514160708124, 41.4479335465074 ], [ 2.145098253264, 41.447953040623297 ], [ 2.14503836541952, 41.447955297759897 ], [ 2.14486077411285, 41.447895429553299 ], [ 2.14476073084718, 41.447855953945101 ], [ 2.1445984532066, 41.447815114745701 ], [ 2.14446106521326, 41.447793375992497 ], [ 2.14427820148337, 41.447770398055397 ], [ 2.14414770003715, 41.447771228680999 ], [ 2.14399094650043, 41.447765558623203 ], [ 2.14350565694125, 41.447616927085299 ], [ 2.14324829291994, 41.447524035733103 ], [ 2.14306474298958, 41.447462318894097 ], [ 2.14302781260172, 41.4474485326636 ], [ 2.1429970214997, 41.447423082525802 ], [ 2.14292114605667, 41.447366671286296 ], [ 2.14257214653578, 41.447141587449302 ], [ 2.14243473780938, 41.4470306727587 ], [ 2.14234800702429, 41.446980485401099 ], [ 2.14227048485951, 41.446958289613598 ], [ 2.14211261950962, 41.446946303522203 ], [ 2.14203251356145, 41.446938500162403 ], [ 2.14185299499905, 41.446934458884698 ], [ 2.1417546013387, 41.446951739654601 ], [ 2.14165240286457, 41.446985205288797 ], [ 2.14156326475692, 41.447026874964003 ], [ 2.14147518108397, 41.447079361331397 ], [ 2.14139649539965, 41.447145428891801 ], [ 2.14134794912662, 41.447195508033502 ], [ 2.14134312537118, 41.447198174250303 ], [ 2.14133109566971, 41.4472025881606 ], [ 2.14132149565874, 41.4472043179832 ], [ 2.14122563804575, 41.447210808337097 ], [ 2.14120640238374, 41.447216969920802 ], [ 2.14118468950951, 41.447229418194098 ], [ 2.14117500634687, 41.447237452570597 ], [ 2.14116522815897, 41.447252692164703 ], [ 2.14113005093714, 41.447287558427703 ], [ 2.14101893778352, 41.447361490279597 ], [ 2.14098517130762, 41.447380153694297 ], [ 2.14093457502263, 41.447404095862197 ], [ 2.14084195171851, 41.447437632277499 ], [ 2.14081671888752, 41.447444649745101 ], [ 2.14067626151239, 41.4474742257825 ], [ 2.14058035590228, 41.447484318202498 ], [ 2.1404019973361, 41.4474829855465 ], [ 2.14035409206552, 41.447484429043598 ], [ 2.140279804411, 41.447489278315601 ], [ 2.14019705424457, 41.447500369474703 ], [ 2.14012743578925, 41.447514260956403 ], [ 2.1400769818066, 41.447527394918403 ], [ 2.1400204831436, 41.447544987373597 ], [ 2.13998317275181, 41.447560021035201 ], [ 2.13988911379535, 41.447611560765402 ], [ 2.13986507783715, 41.447618586972702 ], [ 2.13985068956912, 41.447620280869202 ], [ 2.13975489070495, 41.4476222667301 ], [ 2.13969494353517, 41.447629024345403 ], [ 2.13946951921929, 41.4476561619501 ], [ 2.13928839713068, 41.447682729860198 ], [ 2.13903903165142, 41.447709687483901 ], [ 2.13893948670439, 41.447723354258997 ], [ 2.13882318313613, 41.447736895489101 ], [ 2.13872122019814, 41.447752345454802 ], [ 2.13866722228166, 41.447761849299397 ], [ 2.13849784363132, 41.447805617968498 ], [ 2.13829730587553, 41.4478518552053 ], [ 2.13814573937488, 41.447906565670799 ], [ 2.13800769777563, 41.447934355059999 ], [ 2.13781226943325, 41.447956309734103 ], [ 2.13771778634481, 41.447949296350998 ], [ 2.13758682705123, 41.447894270170799 ], [ 2.13749307174316, 41.447832316871498 ], [ 2.13740177034771, 41.447765878192499 ], [ 2.13731135596398, 41.447722865353597 ], [ 2.13723656288144, 41.447675465901703 ], [ 2.13719726342587, 41.4476598585521 ], [ 2.13710683739183, 41.447617746205701 ], [ 2.13694474777296, 41.447653460596399 ], [ 2.13681257204097, 41.447690299969601 ], [ 2.1366286965398, 41.4477438652508 ], [ 2.13649789385151, 41.447677129376899 ], [ 2.13634438353745, 41.447607520648802 ], [ 2.13573735022531, 41.447432721530497 ], [ 2.1354301081667, 41.447490762409402 ], [ 2.13535692156223, 41.447502822702297 ], [ 2.13523322020755, 41.447532518030698 ], [ 2.13519602834957, 41.447538543620396 ], [ 2.13501471355152, 41.447579515201099 ], [ 2.13491276197914, 41.447594061134197 ], [ 2.13482298415854, 41.447593385944401 ], [ 2.13477284021078, 41.447583100649403 ], [ 2.13473123111007, 41.447561169901 ], [ 2.13471493931291, 41.4475259184659 ], [ 2.13463266674653, 41.4474109055054 ], [ 2.13461202955915, 41.447252219878401 ], [ 2.13458424620224, 41.447090778259799 ], [ 2.13449027945475, 41.446954960174097 ], [ 2.13444102188466, 41.446878026581302 ], [ 2.13433392441396, 41.446739407340601 ], [ 2.13425291038064, 41.446619899863002 ], [ 2.13415515037435, 41.446499365542699 ], [ 2.13407394535338, 41.446394268352599 ], [ 2.1340153640831, 41.446298348827803 ], [ 2.13388161160849, 41.446093774404297 ], [ 2.13384044696671, 41.446038519261897 ], [ 2.13361141444362, 41.4457971974225 ], [ 2.13349293632765, 41.4457044294575 ], [ 2.13339790719512, 41.4456487684038 ], [ 2.13320382688046, 41.445569842430402 ], [ 2.13301197317872, 41.445503543285099 ], [ 2.13293230187625, 41.445463310190597 ], [ 2.13290763258235, 41.445427995345 ], [ 2.13289516111767, 41.445375658359303 ], [ 2.13289825061066, 41.445323438667103 ], [ 2.13288361302301, 41.445253971271697 ], [ 2.13287723449817, 41.4451935735405 ], [ 2.13288784170607, 41.445116189764697 ], [ 2.13290196791008, 41.445044236958402 ], [ 2.13290691387742, 41.444942490496402 ], [ 2.13288200711533, 41.444835114564 ], [ 2.13284782435348, 41.444705150172801 ], [ 2.13281876319534, 41.444640077740097 ], [ 2.13278212444746, 41.444604672632302 ], [ 2.13273950083256, 41.444569222392403 ], [ 2.13270026431178, 41.444549110273002 ], [ 2.13263482618414, 41.444518892430601 ], [ 2.13253989547749, 41.444456025474899 ], [ 2.13246062164495, 41.444386070588699 ], [ 2.13237530310856, 41.444320573762703 ], [ 2.13229357567004, 41.4442551039607 ], [ 2.13221154838586, 41.444212150368003 ], [ 2.13211270356846, 41.444173573543701 ], [ 2.13202329061869, 41.444145876695401 ], [ 2.13161735245224, 41.444065349313099 ], [ 2.1314658414938, 41.444026374353697 ], [ 2.13135600845869, 41.444003927257903 ], [ 2.13121783266867, 41.443952442289699 ], [ 2.13108902857912, 41.443916340544497 ], [ 2.13094812275828, 41.443890055384998 ], [ 2.13085128851866, 41.4438803163847 ], [ 2.13078571971406, 41.443860004656003 ], [ 2.13071909823414, 41.443828876040897 ], [ 2.13068255725894, 41.443786265071999 ], [ 2.13064052440252, 41.4437066821977 ], [ 2.13062357978954, 41.443630891878001 ], [ 2.13055511775545, 41.443558315160601 ], [ 2.13010644925104, 41.443182016350299 ], [ 2.1299437218693, 41.443029861040202 ], [ 2.12996742694934, 41.442649623777903 ], [ 2.12994477464555, 41.442473601728501 ], [ 2.12980414318073, 41.4423480921932 ], [ 2.12964950503891, 41.4420989847549 ], [ 2.12960135450902, 41.442048251185597 ], [ 2.12950008953811, 41.441912663244601 ], [ 2.12951154208052, 41.441743548328297 ], [ 2.12992483860697, 41.441168229682198 ], [ 2.12995565614748, 41.441086188730402 ], [ 2.12995766467181, 41.440951849090801 ], [ 2.12992802039334, 41.440669773572402 ], [ 2.12990120628636, 41.440597178200498 ], [ 2.12984569628682, 41.440541858363403 ], [ 2.12944653344716, 41.4402336328709 ], [ 2.12938820306258, 41.440174436297497 ], [ 2.12935088189837, 41.440084570010299 ], [ 2.12937323130903, 41.439927591595001 ], [ 2.12939787517291, 41.439581505341899 ], [ 2.12936489009281, 41.439383171377997 ], [ 2.12947230058306, 41.438828889145199 ], [ 2.12947350328801, 41.438729933729498 ], [ 2.12941981843043, 41.438498829436199 ], [ 2.12929585954536, 41.438018863295497 ], [ 2.12927375693055, 41.437909044037603 ], [ 2.12926174487515, 41.437736674935501 ], [ 2.12923704654925, 41.437663038992 ], [ 2.12921781477935, 41.437623701494999 ], [ 2.12865165420183, 41.436915613149303 ], [ 2.12861369898135, 41.436789920362102 ], [ 2.12859005941429, 41.436633738971203 ], [ 2.12860106328402, 41.4365980361002 ], [ 2.12877110563828, 41.436288735136301 ], [ 2.12879980636415, 41.436207785783402 ], [ 2.12884296597768, 41.435813213981099 ], [ 2.12880126147978, 41.435688704262603 ], [ 2.12878732103237, 41.435596177462202 ], [ 2.12878808188974, 41.435544038169603 ], [ 2.12880503447761, 41.435390149609397 ], [ 2.1288194905846, 41.4353189370321 ], [ 2.12884345780072, 41.435251024269398 ], [ 2.12884417710478, 41.435177891693399 ], [ 2.12883604702908, 41.435104692107402 ], [ 2.12879655662692, 41.434947957669898 ], [ 2.12877022618596, 41.434882785798003 ], [ 2.12869061333812, 41.434772266621501 ], [ 2.12863027058438, 41.434671380223797 ], [ 2.12849642742552, 41.434391041885803 ], [ 2.12844881949935, 41.434325739728202 ], [ 2.12838530383882, 41.434224502728803 ], [ 2.12833129807237, 41.434060193846001 ], [ 2.1283090616411, 41.4339487210664 ], [ 2.12831047558049, 41.433866176216497 ], [ 2.12833098412581, 41.433739441520601 ], [ 2.12830103228902, 41.433521789235598 ], [ 2.12827058904786, 41.433509359303997 ], [ 2.12815440591604, 41.433476493880796 ], [ 2.12769511266034, 41.433266215219099 ], [ 2.12753674175613, 41.433139925760102 ], [ 2.12734503234375, 41.432844590473998 ], [ 2.12726603089076, 41.4326317207328 ], [ 2.12679293903858, 41.432144308235003 ], [ 2.12669564095401, 41.4320497621298 ], [ 2.12652108458416, 41.431846797072197 ], [ 2.12642359388366, 41.431675210538998 ], [ 2.12652716292583, 41.431609539894403 ], [ 2.12410964308248, 41.4296139728187 ], [ 2.12387131245055, 41.429439233337099 ], [ 2.12366807383685, 41.429315070387702 ], [ 2.1226577626779, 41.428761576115797 ], [ 2.12275897893414, 41.428664017608199 ], [ 2.12282139736728, 41.428683683560202 ], [ 2.12292199133327, 41.428702221640798 ], [ 2.12300390792148, 41.428705719044899 ], [ 2.12308198303845, 41.428693551889801 ], [ 2.1219965111792, 41.426528393590502 ], [ 2.12126824863388, 41.425830797703398 ], [ 2.12126688707374, 41.425831842232 ], [ 2.12121495219832, 41.4257826261234 ], [ 2.12125387198956, 41.425755459737303 ], [ 2.12132167596063, 41.425675883497 ], [ 2.1213471514414, 41.425620213944498 ], [ 2.12135893055197, 41.4255507484771 ], [ 2.12134386312737, 41.425467332619803 ], [ 2.12131121556905, 41.425386574792398 ], [ 2.12051525957203, 41.424107651573003 ], [ 2.12046790525829, 41.4239400394206 ], [ 2.12044997484765, 41.423746980998203 ], [ 2.12054508998746, 41.423113746479103 ], [ 2.12053731917015, 41.4230581832255 ], [ 2.12043830984154, 41.422802335580002 ] ] ] } },
{ "type": "Feature", "properties": { "district": "Nou Barris", "admin_level": "9" }, "geometry": { "type": "Polygon", "coordinates": [ [ [ 2.15570736657204, 41.445688571435099 ], [ 2.15570763537893, 41.445652138407802 ], [ 2.15571809362227, 41.4456081688975 ], [ 2.15574300427846, 41.445585193653997 ], [ 2.15578241959127, 41.445558866004298 ], [ 2.15583017240939, 41.445548731808302 ], [ 2.15590390449349, 41.445545850038698 ], [ 2.15602797641663, 41.4455512100402 ], [ 2.15606138047509, 41.445549023106302 ], [ 2.15610466640671, 41.445543629956397 ], [ 2.15625988413648, 41.445497497600101 ], [ 2.1563559274155, 41.445457884802202 ], [ 2.15648069697172, 41.445413069110401 ], [ 2.15661117327259, 41.445350946836299 ], [ 2.15671883225082, 41.445288828290998 ], [ 2.15682962688133, 41.445209186177699 ], [ 2.15691818076116, 41.445151593250401 ], [ 2.15699258201287, 41.445108074216698 ], [ 2.15711964906656, 41.445092846016401 ], [ 2.15737775581891, 41.445044007130903 ], [ 2.1574722533089, 41.445021063810501 ], [ 2.15752653613153, 41.444988223995601 ], [ 2.15770736814455, 41.444834836775897 ], [ 2.15783661804377, 41.444706292423298 ], [ 2.15790402311682, 41.444618639268299 ], [ 2.15794994737552, 41.444527640210403 ], [ 2.15796989270597, 41.444422885803803 ], [ 2.15798006225987, 41.444252035453097 ], [ 2.15799094484878, 41.444204736082597 ], [ 2.15803151429284, 41.444163076464498 ], [ 2.15817081547328, 41.444084722567702 ], [ 2.15829413146756, 41.443998316002798 ], [ 2.15833886765909, 41.443952858608 ], [ 2.15840786122321, 41.443855182499597 ], [ 2.15847302095609, 41.443694732611597 ], [ 2.15849301205594, 41.4434797996622 ], [ 2.15854614605214, 41.443356912770497 ], [ 2.15860580046993, 41.443259312336998 ], [ 2.15869809512766, 41.443010950171697 ], [ 2.15892751918765, 41.442713004920002 ], [ 2.15898381523661, 41.442630656311103 ], [ 2.15904585723458, 41.4425186251841 ], [ 2.15911216204013, 41.442434295983198 ], [ 2.15918713218329, 41.442376025500302 ], [ 2.15943724175679, 41.4422279697813 ], [ 2.15969766847631, 41.442122993917103 ], [ 2.15975160478503, 41.4422138007996 ], [ 2.15981801161047, 41.442284795934 ], [ 2.15994487086263, 41.442370590330498 ], [ 2.15996843711166, 41.442381102941802 ], [ 2.16006679082236, 41.442278476239899 ], [ 2.1601259568939, 41.442202432496401 ], [ 2.16033093620856, 41.442134391544798 ], [ 2.16042860381118, 41.442098849507197 ], [ 2.1613946158609, 41.441668741058699 ], [ 2.16163512604962, 41.441564520752102 ], [ 2.16171346815536, 41.441631145000301 ], [ 2.16240096780491, 41.441325173268702 ], [ 2.1624359607869, 41.441015561806097 ], [ 2.16238793799105, 41.440893248905098 ], [ 2.1623699569493, 41.440793490444797 ], [ 2.16228057070284, 41.440787547694597 ], [ 2.16221222296719, 41.4407801592764 ], [ 2.1621175823665, 41.440756303797301 ], [ 2.16204182806285, 41.440731746321397 ], [ 2.16196122531372, 41.440700716768703 ], [ 2.16189003168264, 41.440664634087703 ], [ 2.1618260055875, 41.440623835054602 ], [ 2.16176399838646, 41.440578150656897 ], [ 2.16170512969019, 41.440526063198398 ], [ 2.16164943089218, 41.440463832128401 ], [ 2.16160721535528, 41.440397706305397 ], [ 2.16157400177628, 41.440334258228901 ], [ 2.16155016753036, 41.440271415346103 ], [ 2.16153834710296, 41.440199516583199 ], [ 2.16153125908296, 41.440138547694502 ], [ 2.16153304794355, 41.440080200713602 ], [ 2.16154168192066, 41.440013068238002 ], [ 2.16156057546254, 41.439949845899399 ], [ 2.16159803955418, 41.439879363803499 ], [ 2.16163929598796, 41.439819741663797 ], [ 2.16167266603555, 41.439776425831099 ], [ 2.16170192559128, 41.439745194123901 ], [ 2.16174942258928, 41.439703282785402 ], [ 2.1618002929018, 41.4396644261045 ], [ 2.16166424406348, 41.439286150666803 ], [ 2.16175791486451, 41.439245943875697 ], [ 2.16183560547155, 41.439181737534902 ], [ 2.16187884473565, 41.439120063443603 ], [ 2.16194983373497, 41.439030218093897 ], [ 2.1620216112129, 41.438949782197803 ], [ 2.16212052102708, 41.438850069814599 ], [ 2.16217273208876, 41.438801827978303 ], [ 2.1622751646855, 41.438712968044896 ], [ 2.16238227171824, 41.438627330683801 ], [ 2.16243964321941, 41.438585467528 ], [ 2.16249924254885, 41.438545349988601 ], [ 2.16256090121796, 41.438507048894898 ], [ 2.16365969943075, 41.437859801024103 ], [ 2.16345883818593, 41.437674976741903 ], [ 2.16332691701545, 41.437548417742903 ], [ 2.16313038950076, 41.4373645338625 ], [ 2.16323928865706, 41.437307813264603 ], [ 2.16321307760008, 41.437282473969603 ], [ 2.16352009966772, 41.437103549382201 ], [ 2.16316764934348, 41.436587589471699 ], [ 2.16426478302248, 41.436285452688601 ], [ 2.16380247832729, 41.435200476033799 ], [ 2.16358111113451, 41.434563306621101 ], [ 2.16311091843043, 41.432880072101497 ], [ 2.16310949456834, 41.432463975722101 ], [ 2.16315876325213, 41.432266856829003 ], [ 2.16319151923575, 41.432121113328797 ], [ 2.16323121791979, 41.431976969593499 ], [ 2.16332551550691, 41.431821801504697 ], [ 2.16340592064388, 41.431700842548501 ], [ 2.16364467697947, 41.431387673924696 ], [ 2.16431104196198, 41.430765809298499 ], [ 2.16483873832794, 41.430396147761897 ], [ 2.16614752387405, 41.429625935590302 ], [ 2.16496558188079, 41.428955531617 ], [ 2.16479943517234, 41.428848888886897 ], [ 2.16378379294438, 41.428206725686003 ], [ 2.1636316578927, 41.428096781897203 ], [ 2.16368787546138, 41.4280650529182 ], [ 2.16379765847919, 41.428009697614101 ], [ 2.16387348581419, 41.427986146619098 ], [ 2.16401555608491, 41.427946063692701 ], [ 2.16422024376891, 41.4279112067588 ], [ 2.16443036115571, 41.427886706025397 ], [ 2.16516477396371, 41.427775159823902 ], [ 2.16742912561406, 41.4275494759789 ], [ 2.16971114956402, 41.427228031300899 ], [ 2.16998062262682, 41.427178768454198 ], [ 2.17578757735252, 41.425577216176301 ], [ 2.17589526798981, 41.425538356653803 ], [ 2.17606401773184, 41.425450485222697 ], [ 2.17730345143386, 41.425487678194798 ], [ 2.17722127389902, 41.427341562825603 ], [ 2.17729189641064, 41.428173887909601 ], [ 2.17944334033106, 41.427836404413597 ], [ 2.18429836749692, 41.427644456176303 ], [ 2.18437364592973, 41.428350034693402 ], [ 2.18374019138002, 41.429290094752901 ], [ 2.18287678400245, 41.430440783084002 ], [ 2.18278652891621, 41.430636504347603 ], [ 2.18267235353477, 41.431204882825902 ], [ 2.18275152915719, 41.431746621680503 ], [ 2.18549463876997, 41.439899055641497 ], [ 2.18645201414611, 41.443167159962201 ], [ 2.18833745455558, 41.448857922611602 ], [ 2.18871151291665, 41.450110106648097 ], [ 2.18879924409054, 41.450688444074103 ], [ 2.18884753071084, 41.451506738267902 ], [ 2.18888330684088, 41.452037889476799 ], [ 2.18891150850668, 41.453245934985901 ], [ 2.18882213849105, 41.454189439386603 ], [ 2.18877548997797, 41.454844201512202 ], [ 2.1887180696585, 41.455044289833801 ], [ 2.18867503756063, 41.455262678175202 ], [ 2.18855672325127, 41.455650920548599 ], [ 2.18840906471324, 41.455979919372801 ], [ 2.18812295001324, 41.456629604447599 ], [ 2.18789086855504, 41.456906915738401 ], [ 2.18841438424843, 41.457097585428698 ], [ 2.18879081518536, 41.4573040846415 ], [ 2.18873693573914, 41.457361671837901 ], [ 2.18856699399621, 41.457582884092702 ], [ 2.18847564612229, 41.457691625636699 ], [ 2.18842249912817, 41.457767246173901 ], [ 2.18822510725509, 41.458076212550303 ], [ 2.18811623783782, 41.458250476123602 ], [ 2.18807146463177, 41.458318003889097 ], [ 2.18802481402268, 41.458414125906103 ], [ 2.18798482751389, 41.458521211921799 ], [ 2.18794277819142, 41.458624716426101 ], [ 2.1879356672229, 41.4586495626953 ], [ 2.18788503953697, 41.458774588359503 ], [ 2.18784549801859, 41.458890117399797 ], [ 2.18774351220655, 41.459149693288303 ], [ 2.18771900350496, 41.459233054895499 ], [ 2.18763646549887, 41.459643948275399 ], [ 2.18763174829886, 41.459702436066003 ], [ 2.18760098541338, 41.459941500490501 ], [ 2.18758559161289, 41.460094634727398 ], [ 2.18740092306453, 41.462081989918197 ], [ 2.1874445000762, 41.462081368221803 ], [ 2.18764133625936, 41.462119589361699 ], [ 2.18745365878187, 41.463795564350399 ], [ 2.18738018842543, 41.4644798867524 ], [ 2.18718162175541, 41.466286457162198 ], [ 2.18706050050163, 41.467716818261501 ], [ 2.18580259884125, 41.467757596028697 ], [ 2.18573816466637, 41.467761031110498 ], [ 2.18538198078166, 41.467795095355697 ], [ 2.18458312061611, 41.468196726658398 ], [ 2.18442184982199, 41.468245515755299 ], [ 2.18416911376148, 41.4682835523408 ], [ 2.18406500567823, 41.4682975896134 ], [ 2.18378539287886, 41.468296475036503 ], [ 2.18362300041635, 41.468275001915103 ], [ 2.18347086319322, 41.468226948497701 ], [ 2.1831009955002, 41.468163470190703 ], [ 2.18267393242319, 41.4680521739024 ], [ 2.18238887236274, 41.467996505403299 ], [ 2.18202205864098, 41.467951963557503 ], [ 2.18189193764213, 41.467913527778599 ], [ 2.18168734650408, 41.467843043420899 ], [ 2.1806928458372, 41.467673153653301 ], [ 2.18051045894952, 41.467658677481502 ], [ 2.17979426502994, 41.467618699755803 ], [ 2.17941333651303, 41.467593997611601 ], [ 2.17869485155044, 41.468184182457698 ], [ 2.1786403008346, 41.467946834663401 ], [ 2.17860585707019, 41.467688040608799 ], [ 2.17860973667026, 41.467420521822902 ], [ 2.17867142439265, 41.467084374167896 ], [ 2.17878878573007, 41.466800263319399 ], [ 2.17893562180165, 41.466534728803403 ], [ 2.17916671608373, 41.466213877502902 ], [ 2.17946563548492, 41.465877728613599 ], [ 2.17984427937052, 41.465505568376201 ], [ 2.18013732631372, 41.465269069646297 ], [ 2.18042120113387, 41.465088458734101 ], [ 2.1807119110967, 41.464940259363701 ], [ 2.17885544373419, 41.464485196408603 ], [ 2.17862265725777, 41.464443229672398 ], [ 2.17843267119076, 41.464399249880003 ], [ 2.17812623397795, 41.4643332794111 ], [ 2.17780282081964, 41.464243335205197 ], [ 2.17746458983166, 41.464161453838102 ], [ 2.17725506388107, 41.464151488413101 ], [ 2.17707725040076, 41.464145028179402 ], [ 2.17695756809377, 41.464132390215099 ], [ 2.17692052431687, 41.464092168351101 ], [ 2.17661854308074, 41.464052824588002 ], [ 2.17625118987692, 41.463990061057402 ], [ 2.1762106690359, 41.463944553745897 ], [ 2.17617275104289, 41.463928032842098 ], [ 2.17599080981284, 41.4638579851919 ], [ 2.17573036812478, 41.463733033143598 ], [ 2.17562152135482, 41.463750936245603 ], [ 2.17491594891555, 41.463852215050998 ], [ 2.17487801245677, 41.463699278403702 ], [ 2.17478012185778, 41.4636434509097 ], [ 2.17452436843902, 41.463483986408299 ], [ 2.1743520848619, 41.463484010943802 ], [ 2.17432750287853, 41.463229492689699 ], [ 2.17435734494764, 41.463016024460302 ], [ 2.17435451827102, 41.462971714808198 ], [ 2.17427976526622, 41.4628194936803 ], [ 2.17424827035578, 41.462731895853103 ], [ 2.1741693391182, 41.462637219927899 ], [ 2.17407366274332, 41.4625637171983 ], [ 2.17399589799262, 41.462539451334798 ], [ 2.17384269571423, 41.462529280649399 ], [ 2.17376044864622, 41.462535235574101 ], [ 2.17340270467454, 41.462328456874701 ], [ 2.17293866884742, 41.462057207147197 ], [ 2.17264618526418, 41.461868851544303 ], [ 2.17254816150079, 41.461766407907199 ], [ 2.17238604850944, 41.461655783748 ], [ 2.17213441396925, 41.461442803572801 ], [ 2.17189999229681, 41.461270885382099 ], [ 2.17174914262467, 41.461205009089603 ], [ 2.1717200074981, 41.461166598928301 ], [ 2.17169489574472, 41.461137594432202 ], [ 2.17164549886152, 41.461109667076002 ], [ 2.17152386692972, 41.460962853245597 ], [ 2.17142507645695, 41.460875733710701 ], [ 2.17140507199725, 41.460821980282702 ], [ 2.17122351063429, 41.461213424531898 ], [ 2.17064183818099, 41.4610236743247 ], [ 2.17050007132978, 41.460962131388399 ], [ 2.17001894199832, 41.460844298402201 ], [ 2.17001192907819, 41.460754316143003 ], [ 2.16954895132721, 41.460677106720098 ], [ 2.16940903426979, 41.4606349552094 ], [ 2.1692874330116, 41.460630221925499 ], [ 2.16909868153714, 41.460550926638703 ], [ 2.16842937640725, 41.460319967385999 ], [ 2.16831816049847, 41.460284893777199 ], [ 2.16829630486101, 41.460338282030897 ], [ 2.16828268258605, 41.460395128302999 ], [ 2.16826746900361, 41.4604965758055 ], [ 2.16825842028991, 41.460602465292297 ], [ 2.16826286835186, 41.460697225548998 ], [ 2.16814380067533, 41.4607040235311 ], [ 2.16732537443377, 41.460680249293901 ], [ 2.16725422058148, 41.4605071614792 ], [ 2.1672418309186, 41.460472267201098 ], [ 2.16727590322508, 41.460354769169001 ], [ 2.16728823745425, 41.4603191171067 ], [ 2.167359936038, 41.460143235250101 ], [ 2.16739708357099, 41.460077353809702 ], [ 2.16752453475026, 41.459931203467001 ], [ 2.16739225349209, 41.459908277011202 ], [ 2.16731268724252, 41.459886749853503 ], [ 2.16723784458946, 41.459848854366001 ], [ 2.16716635141391, 41.459799985047603 ], [ 2.16701399865005, 41.4596351273767 ], [ 2.16693439021043, 41.459492309626697 ], [ 2.16692139221049, 41.459174523634303 ], [ 2.16643891788644, 41.458707980497998 ], [ 2.16616224587064, 41.458465393011501 ], [ 2.16579920688316, 41.458416333955398 ], [ 2.16574075584544, 41.458372954659502 ], [ 2.16569782271501, 41.458306772159098 ], [ 2.16568697072905, 41.458270644933798 ], [ 2.16567007109889, 41.458185457372302 ], [ 2.16562325216866, 41.4580285196175 ], [ 2.16549870031837, 41.457921283738202 ], [ 2.16546364028431, 41.457849497111603 ], [ 2.16541570802549, 41.457779550069397 ], [ 2.16531663247387, 41.4576899011264 ], [ 2.16527134286589, 41.457614176935799 ], [ 2.16519556584494, 41.457511158829703 ], [ 2.1650796123482, 41.457334389204902 ], [ 2.1649740912195, 41.457146093657101 ], [ 2.16489346401656, 41.457050791006502 ], [ 2.16472081027908, 41.456798429976701 ], [ 2.16464417621247, 41.456695626855399 ], [ 2.16457560974141, 41.456586868932497 ], [ 2.16451499019295, 41.4564826768923 ], [ 2.16433881964381, 41.456192697331602 ], [ 2.16422879291545, 41.456044541357699 ], [ 2.1641686849047, 41.455793806895301 ], [ 2.16426675085565, 41.455608547157802 ], [ 2.16430072066283, 41.455446822816903 ], [ 2.16432579434611, 41.455357015603298 ], [ 2.16440659069442, 41.455115586198097 ], [ 2.16450592564105, 41.455010344624 ], [ 2.16473338634485, 41.454942884479799 ], [ 2.16489018402421, 41.454839640604803 ], [ 2.16492385732249, 41.454770513631701 ], [ 2.16493954276379, 41.454665799316899 ], [ 2.1649562351962, 41.454482475671398 ], [ 2.16495607874386, 41.454334487361699 ], [ 2.16493083041758, 41.454226395349998 ], [ 2.1648918597514, 41.454045622029803 ], [ 2.16481990635158, 41.453928070909399 ], [ 2.16480239343937, 41.453855487277103 ], [ 2.16479731254035, 41.453772209338297 ], [ 2.1648075194199, 41.4536965987106 ], [ 2.16482574748395, 41.4536321335354 ], [ 2.16485851385316, 41.453473588854898 ], [ 2.16486146927543, 41.453402699497701 ], [ 2.16487498868966, 41.453307219147902 ], [ 2.16489648500611, 41.453228759455797 ], [ 2.16490143538318, 41.4531625080797 ], [ 2.1648901488335, 41.4531071530849 ], [ 2.16487141262649, 41.452990311680701 ], [ 2.16486230423659, 41.452911598271101 ], [ 2.16483630273464, 41.452835301400498 ], [ 2.1648138062496, 41.452748877721497 ], [ 2.16480126296418, 41.452675210535901 ], [ 2.16485952564153, 41.452602061029097 ], [ 2.16493808970505, 41.452523982293499 ], [ 2.16503344537031, 41.452451101061598 ], [ 2.16515961800136, 41.452360847432701 ], [ 2.16533268023622, 41.452249122459698 ], [ 2.16539291018995, 41.452152716307602 ], [ 2.16544788500148, 41.452048204960398 ], [ 2.16551389024178, 41.451919557182698 ], [ 2.16556848242479, 41.451795358203299 ], [ 2.16557526176289, 41.451746078298399 ], [ 2.16559263683472, 41.451669127023202 ], [ 2.16559788146148, 41.451579753908298 ], [ 2.16558424987044, 41.451524159472903 ], [ 2.16555591535641, 41.451481812768399 ], [ 2.16550545440464, 41.451437261762898 ], [ 2.16542626286871, 41.451381188086799 ], [ 2.16537382195975, 41.451347651332 ], [ 2.16531034632589, 41.451312522140299 ], [ 2.1650752487018, 41.451223589141001 ], [ 2.16496334373809, 41.451172736192703 ], [ 2.16484298343392, 41.451115405769798 ], [ 2.1647921058131, 41.451093224932997 ], [ 2.16475670570824, 41.4510608871066 ], [ 2.16470687911611, 41.450956594198097 ], [ 2.16468017190261, 41.450911489312901 ], [ 2.16463827636728, 41.450853447572101 ], [ 2.16455907936008, 41.450778318078001 ], [ 2.16444766778068, 41.450689106545497 ], [ 2.16440313747549, 41.450635360129702 ], [ 2.16435882249876, 41.450569131888798 ], [ 2.16431918545844, 41.450471346820002 ], [ 2.16429158983415, 41.450386359575802 ], [ 2.16427405603607, 41.450299567378998 ], [ 2.16424591411034, 41.450183091644497 ], [ 2.16422364440693, 41.4501032854063 ], [ 2.16416644111855, 41.449941997395797 ], [ 2.16417006482262, 41.449865627356203 ], [ 2.16414053639695, 41.449815223496401 ], [ 2.16410581415492, 41.449798239922103 ], [ 2.16403767369612, 41.449785797324502 ], [ 2.16389270370505, 41.4497713460919 ], [ 2.16367940022563, 41.449794544288103 ], [ 2.16357769413759, 41.449798587750998 ], [ 2.16347278508445, 41.449804995696901 ], [ 2.16338064581755, 41.449805682135697 ], [ 2.16325583559007, 41.449798402499297 ], [ 2.16297560062275, 41.4497680903823 ], [ 2.16287833442773, 41.449777854614602 ], [ 2.162786512351, 41.449789257202802 ], [ 2.16268518920995, 41.449826454444199 ], [ 2.16259639163363, 41.449879619243099 ], [ 2.16249412729402, 41.449929844089397 ], [ 2.16239389968021, 41.449986456418301 ], [ 2.16229778068619, 41.450052654542198 ], [ 2.16218771709284, 41.450116383876001 ], [ 2.16211000227002, 41.450164258793997 ], [ 2.16199501246122, 41.4502203083699 ], [ 2.16186046047579, 41.450258376122001 ], [ 2.16172468605333, 41.450272817375598 ], [ 2.16153266508259, 41.450284412901802 ], [ 2.16104283445372, 41.450327456673698 ], [ 2.16041353969227, 41.450339626379296 ], [ 2.1603694882362, 41.450320605469599 ], [ 2.16021134827965, 41.450332728014601 ], [ 2.16018522822796, 41.4503492010343 ], [ 2.15999804864728, 41.450433341699501 ], [ 2.15956162295192, 41.450501564721598 ], [ 2.15955986100074, 41.450521202414897 ], [ 2.15910949251168, 41.450518275236597 ], [ 2.15913088179076, 41.450444268844301 ], [ 2.15918132473126, 41.450358625800398 ], [ 2.15921246604724, 41.4503196288494 ], [ 2.15937496397629, 41.450190566588503 ], [ 2.15947768638079, 41.449961312967702 ], [ 2.15948661459468, 41.449767691840002 ], [ 2.15941930945383, 41.4495969419498 ], [ 2.15942567371737, 41.449501789120802 ], [ 2.1594247570682, 41.449394732034897 ], [ 2.15928313324607, 41.449266464673997 ], [ 2.15914844109477, 41.4490742708577 ], [ 2.15900902364234, 41.448892058576199 ], [ 2.15892284715554, 41.448801480500201 ], [ 2.15875064029279, 41.448533079418098 ], [ 2.15863929790831, 41.448405602867297 ], [ 2.15834091922548, 41.448075487232103 ], [ 2.15806966801185, 41.447822474659397 ], [ 2.15794023358396, 41.447712087181301 ], [ 2.15778043629533, 41.447612142038203 ], [ 2.15767657836526, 41.447550473464098 ], [ 2.15757683140102, 41.447498634968397 ], [ 2.15749346677451, 41.447470461751898 ], [ 2.15733999951813, 41.447460582455399 ], [ 2.15720614822223, 41.447463150799202 ], [ 2.15709552253921, 41.447451783562599 ], [ 2.15704200704645, 41.447432565924103 ], [ 2.15703129830603, 41.447397898980398 ], [ 2.15704301689252, 41.447354551101199 ], [ 2.15706425257293, 41.447326945860297 ], [ 2.15711718290649, 41.4472794502894 ], [ 2.157251385052, 41.447217363622897 ], [ 2.15742376049355, 41.4471305698385 ], [ 2.15746930285554, 41.447085938391702 ], [ 2.15751673767582, 41.447019018426701 ], [ 2.15754273234844, 41.446949257216303 ], [ 2.15756122553679, 41.446854148241201 ], [ 2.15759235938576, 41.446712851729799 ], [ 2.15759014229886, 41.446608457561801 ], [ 2.15751810625183, 41.446493103476797 ], [ 2.1574167658486, 41.446373949754701 ], [ 2.15731637041404, 41.446167917327202 ], [ 2.15725336005031, 41.446051764474603 ], [ 2.15721097903159, 41.446005714322602 ], [ 2.15716802991821, 41.445992465003499 ], [ 2.15708254587098, 41.445961717851603 ], [ 2.15665326168877, 41.445881756230797 ], [ 2.15642378285796, 41.445834748324202 ], [ 2.15620620475608, 41.4457876651201 ], [ 2.15601180274723, 41.4457775738639 ], [ 2.15590364658035, 41.445778185451402 ], [ 2.15583483825981, 41.445765070151197 ], [ 2.15579216997406, 41.445748660776303 ], [ 2.15575881444719, 41.445732319732201 ], [ 2.15570736657204, 41.445688571435099 ] ] ] } },
{ "type": "Feature", "properties": { "district": "Sant Andreu", "admin_level": "9" }, "geometry": { "type": "Polygon", "coordinates": [ [ [ 2.18764133625936, 41.462119589361699 ], [ 2.18744450155529, 41.4620813682007 ], [ 2.18740092306453, 41.462081989918197 ], [ 2.18760098541338, 41.459941500490501 ], [ 2.18763174829886, 41.459702436066003 ], [ 2.18763646549887, 41.459643948275399 ], [ 2.18771900350496, 41.459233054895499 ], [ 2.18774351220655, 41.459149693288303 ], [ 2.18784549801859, 41.458890117399797 ], [ 2.18788503953697, 41.458774588359503 ], [ 2.1879356672229, 41.4586495626953 ], [ 2.18794277819142, 41.458624716426101 ], [ 2.18798482751389, 41.458521211921799 ], [ 2.18802481402268, 41.458414125906103 ], [ 2.18807146463177, 41.458318003889097 ], [ 2.18811623783782, 41.458250476123602 ], [ 2.18822510725509, 41.458076212550303 ], [ 2.18842249912817, 41.457767246173901 ], [ 2.18847564612229, 41.457691625636699 ], [ 2.18856699399621, 41.457582884092702 ], [ 2.18873693573914, 41.457361671837901 ], [ 2.18879081231675, 41.457304087602701 ], [ 2.18841438539008, 41.457097586053699 ], [ 2.18789086855504, 41.456906915738401 ], [ 2.18812295001324, 41.456629604447599 ], [ 2.18840906471324, 41.455979919372801 ], [ 2.18855672325127, 41.455650920548599 ], [ 2.18867503756063, 41.455262678175202 ], [ 2.1887180696585, 41.455044289833801 ], [ 2.18877548997797, 41.454844201512202 ], [ 2.18882213849105, 41.454189439386603 ], [ 2.18891150850668, 41.453245934985901 ], [ 2.18888330684088, 41.452037889476799 ], [ 2.18884753071084, 41.451506738267902 ], [ 2.18879924409054, 41.450688444074103 ], [ 2.18871151291665, 41.450110106648097 ], [ 2.18833745455558, 41.448857922611602 ], [ 2.18645201414611, 41.443167159962201 ], [ 2.18549463876997, 41.439899055641497 ], [ 2.18275152915719, 41.431746621680503 ], [ 2.18267235353477, 41.431204882825902 ], [ 2.18278652891621, 41.430636504347603 ], [ 2.18287678400245, 41.430440783084002 ], [ 2.18374019138002, 41.429290094752901 ], [ 2.18437364592973, 41.428350034693402 ], [ 2.18429836749692, 41.427644456176303 ], [ 2.17944334033106, 41.427836404413597 ], [ 2.17729189641064, 41.428173887909601 ], [ 2.17722127389902, 41.427341562825603 ], [ 2.17730345143386, 41.425487678194798 ], [ 2.17606401773184, 41.425450485222697 ], [ 2.17622004855951, 41.4253263034974 ], [ 2.17653223811466, 41.424992470383302 ], [ 2.18047014558335, 41.420713356030198 ], [ 2.18065825495175, 41.420481665594401 ], [ 2.18074604838877, 41.420354523548198 ], [ 2.18079562301323, 41.420236686034002 ], [ 2.18083481147109, 41.4200338314646 ], [ 2.1808275105693, 41.419836062956598 ], [ 2.18049079708114, 41.418334066241201 ], [ 2.18039493623288, 41.417482195812198 ], [ 2.1804045189814, 41.416373516838497 ], [ 2.18048442821633, 41.415831782378802 ], [ 2.1833609726452, 41.417950445137699 ], [ 2.18800142021896, 41.414461672539602 ], [ 2.18903398432622, 41.413677500174202 ], [ 2.19015075304653, 41.414539213924698 ], [ 2.19097748721229, 41.415168370994898 ], [ 2.19110899979964, 41.415542706812801 ], [ 2.19241438465955, 41.414545373952599 ], [ 2.19335756897248, 41.4152522785594 ], [ 2.19354346228927, 41.415397014957399 ], [ 2.19332665400931, 41.415931783779399 ], [ 2.19328987643111, 41.416056397407402 ], [ 2.1932342588087, 41.416315490183798 ], [ 2.19323301087832, 41.4164725132024 ], [ 2.19324703174018, 41.4166401477992 ], [ 2.19329349900971, 41.416802407254103 ], [ 2.19348632972488, 41.4173382850514 ], [ 2.19403314709406, 41.418816270542401 ], [ 2.19521868748246, 41.422391345294997 ], [ 2.19548735562899, 41.422343722955503 ], [ 2.19553216412755, 41.422454205675798 ], [ 2.19560446889001, 41.422650444327303 ], [ 2.19559759536469, 41.4226798957108 ], [ 2.19589021767844, 41.424424053858303 ], [ 2.19590725202395, 41.424455091026502 ], [ 2.196040197126, 41.424897493790901 ], [ 2.19615848381878, 41.425319518161302 ], [ 2.19622790049994, 41.425554899687 ], [ 2.19644729312143, 41.426332082544 ], [ 2.19652513786555, 41.426509163402599 ], [ 2.19654796293017, 41.426587192281602 ], [ 2.19642530543533, 41.426661650557499 ], [ 2.19662263665594, 41.427280176437698 ], [ 2.19695586030472, 41.427966914644699 ], [ 2.19712615082471, 41.4284762867048 ], [ 2.197214596275, 41.428748394904098 ], [ 2.19731954399123, 41.4289367641707 ], [ 2.19757117756022, 41.429209643947402 ], [ 2.19810961615766, 41.4296268404036 ], [ 2.19839935652292, 41.429821429960001 ], [ 2.19868672683572, 41.429944650637601 ], [ 2.19894301184025, 41.4300322170306 ], [ 2.1991717479056, 41.430083134320597 ], [ 2.19949497489591, 41.430123323267999 ], [ 2.19990053997944, 41.430161958218797 ], [ 2.20023490449715, 41.430176299096402 ], [ 2.20068550583284, 41.430159452191802 ], [ 2.20110476970236, 41.4300872873171 ], [ 2.20152725055766, 41.429992786739199 ], [ 2.20194590797701, 41.429860525857698 ], [ 2.2023568380478, 41.429712140570999 ], [ 2.20298391332138, 41.4294786357638 ], [ 2.20702417998768, 41.427583622510703 ], [ 2.20735191451635, 41.427976662893897 ], [ 2.2072785300988, 41.428011678819502 ], [ 2.20736113925114, 41.428106628160101 ], [ 2.207343416468, 41.428115002620501 ], [ 2.20732868074493, 41.428237827290403 ], [ 2.20728992075756, 41.428435923126898 ], [ 2.2072736230455, 41.428654691604002 ], [ 2.20727530638229, 41.428787420785604 ], [ 2.20713871479867, 41.428854009286603 ], [ 2.20732379412869, 41.429068157029299 ], [ 2.20724916051948, 41.429104693542897 ], [ 2.20701002593815, 41.429679332600102 ], [ 2.2069209358188, 41.429912919708002 ], [ 2.2070076148908, 41.430013737707597 ], [ 2.20654029951181, 41.430242402464998 ], [ 2.20679670005684, 41.430537053298799 ], [ 2.20672389469774, 41.430572945087199 ], [ 2.20667264343749, 41.4305809956305 ], [ 2.20648306935502, 41.4310807097958 ], [ 2.20636612945567, 41.431537238550597 ], [ 2.20617120642907, 41.432271226050297 ], [ 2.20647077345418, 41.432640715707301 ], [ 2.20726239156945, 41.432895643693598 ], [ 2.20727737167822, 41.432888180659198 ], [ 2.20743176125576, 41.432947972987101 ], [ 2.20747852645738, 41.4329526727809 ], [ 2.20771960221976, 41.433031581185503 ], [ 2.2080168547762, 41.4331178746245 ], [ 2.20804140015906, 41.433130915246103 ], [ 2.20819308670182, 41.433144362625399 ], [ 2.20840705610819, 41.433175838941601 ], [ 2.20855232119594, 41.4331612284901 ], [ 2.20954545409125, 41.4332364141274 ], [ 2.20960487493686, 41.433253603273101 ], [ 2.20975291520337, 41.4332726712164 ], [ 2.20988695480283, 41.433281626527801 ], [ 2.20992632311518, 41.433296236765401 ], [ 2.21075918802562, 41.433430291763599 ], [ 2.21066372120229, 41.433599110164799 ], [ 2.21030463580344, 41.4342484095949 ], [ 2.21016650517853, 41.434518004570101 ], [ 2.20997998669923, 41.434910870895301 ], [ 2.20988758268223, 41.435116953630903 ], [ 2.2098048806107, 41.435311770654998 ], [ 2.20970655453782, 41.4355550250189 ], [ 2.20962705072122, 41.435759318085701 ], [ 2.20953782391506, 41.436009852466 ], [ 2.20941085146706, 41.436385871321903 ], [ 2.20862538943943, 41.439190069875998 ], [ 2.20846829193795, 41.439770304992798 ], [ 2.20840099182994, 41.439996288962902 ], [ 2.20829041365193, 41.440332214400598 ], [ 2.20822555572533, 41.440515239657501 ], [ 2.20815648593869, 41.440697405394097 ], [ 2.20809384686256, 41.440852639873199 ], [ 2.20799073316055, 41.441096185622499 ], [ 2.20791109745775, 41.441273093765602 ], [ 2.20783026707396, 41.441442192278799 ], [ 2.20766244424509, 41.4417735622742 ], [ 2.20756765329021, 41.4419511566241 ], [ 2.20747046700723, 41.442123101136502 ], [ 2.20732223858641, 41.442372855890497 ], [ 2.2071940616481, 41.442576540485298 ], [ 2.20694337415167, 41.442962127771999 ], [ 2.2068345948381, 41.443116060688503 ], [ 2.2062980296604, 41.443807645557001 ], [ 2.20613301325935, 41.444000230677197 ], [ 2.20588131568569, 41.444283007631199 ], [ 2.20560553427313, 41.444577716489398 ], [ 2.20498834289342, 41.445226754588703 ], [ 2.20386350161241, 41.446416161883697 ], [ 2.20321077175379, 41.447103323059999 ], [ 2.20194220265355, 41.448391438443501 ], [ 2.200701479849, 41.449620957703203 ], [ 2.20017716880758, 41.450136456215503 ], [ 2.19957297231713, 41.450724906009697 ], [ 2.19918132045652, 41.451067092310097 ], [ 2.1984764769055, 41.451669301418903 ], [ 2.19810606991617, 41.451980916708798 ], [ 2.19771263766772, 41.452275904635798 ], [ 2.19699349152753, 41.4527852823717 ], [ 2.1952774523266, 41.453989489751002 ], [ 2.19450620483288, 41.454535093344703 ], [ 2.19170557931297, 41.456554744253602 ], [ 2.19131131806395, 41.456851163314198 ], [ 2.19095570131681, 41.457139061575397 ], [ 2.1906166118266, 41.457433127986398 ], [ 2.19014829405521, 41.457874104205203 ], [ 2.18978661714186, 41.458218982007601 ], [ 2.18936539474986, 41.458638605837599 ], [ 2.18901446820774, 41.459038709253498 ], [ 2.18883472857127, 41.459266635331502 ], [ 2.18860897693111, 41.459583535977004 ], [ 2.18845953767001, 41.459817421894101 ], [ 2.18832849582975, 41.460045015144701 ], [ 2.18819880851391, 41.460292578200601 ], [ 2.18805610629345, 41.460598552313002 ], [ 2.18796137403556, 41.460832274225801 ], [ 2.18787317195791, 41.461079030828301 ], [ 2.18779787300036, 41.461309818262599 ], [ 2.1877169680597, 41.461617489256902 ], [ 2.18768122491358, 41.461801726435198 ], [ 2.18764133625936, 41.462119589361699 ] ] ] } },
{ "type": "Feature", "properties": { "district": "Sant Martí", "admin_level": "9" }, "geometry": { "type": "Polygon", "coordinates": [ [ [ 2.20736412230993, 41.427111295668098 ], [ 2.20683845518121, 41.427360886836098 ], [ 2.20702417998768, 41.427583622510703 ], [ 2.20298391332138, 41.4294786357638 ], [ 2.2023568380478, 41.429712140570999 ], [ 2.20194590797701, 41.429860525857698 ], [ 2.20152725055766, 41.429992786739199 ], [ 2.20110476970236, 41.4300872873171 ], [ 2.20068550583284, 41.430159452191802 ], [ 2.20023490449715, 41.430176299096402 ], [ 2.19990053997944, 41.430161958218797 ], [ 2.19949497489591, 41.430123323267999 ], [ 2.1991717479056, 41.430083134320597 ], [ 2.19894301184025, 41.4300322170306 ], [ 2.19868672683572, 41.429944650637601 ], [ 2.19839935652292, 41.429821429960001 ], [ 2.19810961615766, 41.4296268404036 ], [ 2.19757117756022, 41.429209643947402 ], [ 2.19731954399123, 41.4289367641707 ], [ 2.197214596275, 41.428748394904098 ], [ 2.19712615082471, 41.4284762867048 ], [ 2.19695586030472, 41.427966914644699 ], [ 2.19662263665594, 41.427280176437698 ], [ 2.1964253054525, 41.426661650620701 ], [ 2.19654796293017, 41.426587192281602 ], [ 2.19652513786555, 41.426509163402599 ], [ 2.19644729312143, 41.426332082544 ], [ 2.19622790049994, 41.425554899687 ], [ 2.19615848381878, 41.425319518161302 ], [ 2.196040197126, 41.424897493790901 ], [ 2.19590725202395, 41.424455091026502 ], [ 2.19589021767844, 41.424424053858303 ], [ 2.19559759536469, 41.4226798957108 ], [ 2.19560446889001, 41.422650444327303 ], [ 2.19553216524503, 41.422454208701097 ], [ 2.19548735562899, 41.422343722955503 ], [ 2.19521868748246, 41.422391345294997 ], [ 2.19403314709406, 41.418816270542401 ], [ 2.19348632972488, 41.4173382850514 ], [ 2.19329349900971, 41.416802407254103 ], [ 2.19324703174018, 41.4166401477992 ], [ 2.19323301087832, 41.4164725132024 ], [ 2.1932342588087, 41.416315490183798 ], [ 2.19328987643111, 41.416056397407402 ], [ 2.19332665400931, 41.415931783779399 ], [ 2.19354346228927, 41.415397014957399 ], [ 2.19335756897248, 41.4152522785594 ], [ 2.19241438465955, 41.414545373952599 ], [ 2.19110899979964, 41.415542706812801 ], [ 2.19097748721229, 41.415168370994898 ], [ 2.19015075304653, 41.414539213924698 ], [ 2.18903398432622, 41.413677500174202 ], [ 2.18800142021896, 41.414461672539602 ], [ 2.1833609726452, 41.417950445137699 ], [ 2.18048442821633, 41.415831782378802 ], [ 2.17546779013762, 41.412036436670199 ], [ 2.17887982030239, 41.409449533322899 ], [ 2.1811162703898, 41.407756412305901 ], [ 2.18225210217646, 41.406893691492499 ], [ 2.18310253071809, 41.406251161424699 ], [ 2.18566931023154, 41.404305819412997 ], [ 2.18452702217332, 41.403451505102701 ], [ 2.18689547377861, 41.401656352697799 ], [ 2.18686548934762, 41.394968369578997 ], [ 2.18681945294187, 41.394958750288197 ], [ 2.18677657829981, 41.394942875996399 ], [ 2.18673835142254, 41.394921296759797 ], [ 2.18670609317909, 41.394894758733301 ], [ 2.1866809213229, 41.394864180481299 ], [ 2.18666370662981, 41.394830621140997 ], [ 2.18665504467593, 41.394795241489298 ], [ 2.18665523479277, 41.394759265061602 ], [ 2.1866642709949, 41.394723938454 ], [ 2.1866818401966, 41.394690482670399 ], [ 2.1867073358202, 41.394660057188801 ], [ 2.186731694657, 41.394639450853198 ], [ 2.18238095389561, 41.391420131141402 ], [ 2.1845856357711, 41.389755529781198 ], [ 2.18676972502336, 41.391392600255102 ], [ 2.18873849476326, 41.3899015185102 ], [ 2.19123368046322, 41.388024335345797 ], [ 2.19141745727288, 41.387881362563597 ], [ 2.19148535920568, 41.387831046324003 ], [ 2.19148809665044, 41.387833101257598 ], [ 2.19192094100262, 41.3875007109744 ], [ 2.19204985639126, 41.387406640998897 ], [ 2.1920464811226, 41.387404129422499 ], [ 2.19256133390653, 41.387012389996599 ], [ 2.19288153291218, 41.386766303074999 ], [ 2.19290782372299, 41.386744616968798 ], [ 2.19290857509319, 41.386745853566801 ], [ 2.19336234179041, 41.386406475970901 ], [ 2.19357272093522, 41.386239503971701 ], [ 2.19575454506013, 41.3878524521092 ], [ 2.19580622502246, 41.387813401533101 ], [ 2.19580256629228, 41.387785773763298 ], [ 2.19580262750896, 41.387748831516902 ], [ 2.19581459259815, 41.3876962508905 ], [ 2.19583786865135, 41.3876481440806 ], [ 2.19586493778364, 41.387612415142897 ], [ 2.19590639491081, 41.387570838559299 ], [ 2.19594940627382, 41.3875382686874 ], [ 2.19599781213012, 41.387511703477898 ], [ 2.19605795775202, 41.387488440257499 ], [ 2.1961110642985, 41.3874717179215 ], [ 2.19617273111362, 41.387458604382701 ], [ 2.19622882469513, 41.387454220446003 ], [ 2.19631396014715, 41.387454080560403 ], [ 2.19637529481604, 41.387456529331502 ], [ 2.19641967391967, 41.387465703570101 ], [ 2.19972219799315, 41.384987423054397 ], [ 2.19984193310901, 41.385074485216499 ], [ 2.19990961718626, 41.385128001165498 ], [ 2.19998610224334, 41.385192396299203 ], [ 2.19995021993317, 41.385239382262696 ], [ 2.19991327493464, 41.385210121157399 ], [ 2.19976220742192, 41.385324159751001 ], [ 2.19983665212451, 41.385383289407002 ], [ 2.19958841931323, 41.385701158811798 ], [ 2.19942212984875, 41.385579796585503 ], [ 2.1992879083455, 41.385679557732701 ], [ 2.19948901125803, 41.385832355399501 ], [ 2.19831328141581, 41.386718427429798 ], [ 2.19843023645677, 41.3868084977357 ], [ 2.19831247302952, 41.386895230394899 ], [ 2.19907859229815, 41.387473768076497 ], [ 2.19938018138025, 41.387698685912497 ], [ 2.19966774126339, 41.387916893855802 ], [ 2.19997406757374, 41.388145004714701 ], [ 2.20022073244761, 41.388332409453099 ], [ 2.20034135516026, 41.388243677049097 ], [ 2.20045747729868, 41.388332865764298 ], [ 2.20196350777767, 41.387197582415602 ], [ 2.20019654868385, 41.385868108310703 ], [ 2.20083574550697, 41.385385242566699 ], [ 2.20112487875822, 41.385599557613801 ], [ 2.20098538337535, 41.385704364373098 ], [ 2.20103635143101, 41.385742018431401 ], [ 2.20117415378443, 41.385638731136197 ], [ 2.20140920084029, 41.385815261727799 ], [ 2.20120383111031, 41.385972602789302 ], [ 2.20209700721382, 41.386644194440599 ], [ 2.2021475686166, 41.386605650566104 ], [ 2.20218757587, 41.3866360040779 ], [ 2.20213808358822, 41.386674168059699 ], [ 2.20239724013867, 41.386871404536898 ], [ 2.20260335705855, 41.386715460911397 ], [ 2.20251518949276, 41.386648228455002 ], [ 2.20253364698965, 41.3866343136525 ], [ 2.2026223704882, 41.386701075250997 ], [ 2.20274527184115, 41.386608091018402 ], [ 2.20264176414258, 41.386471234123398 ], [ 2.20255124170138, 41.386512861082799 ], [ 2.20251473056583, 41.386464579937801 ], [ 2.20260685368395, 41.3864250718593 ], [ 2.20246597457969, 41.386246773428603 ], [ 2.20233668303874, 41.386090227247003 ], [ 2.20220628888688, 41.385941744011902 ], [ 2.20192989798787, 41.385642516077702 ], [ 2.2017962204381, 41.385506430970402 ], [ 2.20165087324459, 41.3853622840752 ], [ 2.20139486986392, 41.385124429427201 ], [ 2.20127141828373, 41.385013923979599 ], [ 2.20100733415974, 41.384787668103101 ], [ 2.20074957173217, 41.3845815152809 ], [ 2.20050494096718, 41.384397008122697 ], [ 2.20038455574113, 41.384314671532898 ], [ 2.20026735722541, 41.384240706939401 ], [ 2.20016368477241, 41.384178528013898 ], [ 2.20003375774776, 41.384105834840099 ], [ 2.19989597034439, 41.3841514367207 ], [ 2.199471532149, 41.383952796184801 ], [ 2.19944935651696, 41.383938328948801 ], [ 2.19942908895897, 41.383922361719897 ], [ 2.19941541070096, 41.3839083949659 ], [ 2.19939897710431, 41.3838858302734 ], [ 2.19937162136422, 41.383892155979296 ], [ 2.19926189727346, 41.383856407246597 ], [ 2.19910767232031, 41.383790299579701 ], [ 2.19898027364221, 41.383721270860597 ], [ 2.19886661460755, 41.383669010588797 ], [ 2.19885976380777, 41.383661036269501 ], [ 2.19885888592241, 41.383626351188497 ], [ 2.19887033756486, 41.383607343974802 ], [ 2.19900783942106, 41.383503111352098 ], [ 2.19919814540636, 41.383451354593703 ], [ 2.19940284921569, 41.3833626677608 ], [ 2.19941820125859, 41.383361072152198 ], [ 2.19955834420443, 41.383352463111201 ], [ 2.1997764551121, 41.383352466891203 ], [ 2.19984997797736, 41.3833792981657 ], [ 2.20005640111043, 41.383471286053798 ], [ 2.20011559161884, 41.383507286262201 ], [ 2.20023493863807, 41.383620520742902 ], [ 2.20032200266673, 41.3836618218415 ], [ 2.20054380303848, 41.383734666639697 ], [ 2.20058825138778, 41.383836751469097 ], [ 2.20065550757297, 41.383847027898703 ], [ 2.20066944270979, 41.383857618468703 ], [ 2.20063355980756, 41.383905730595004 ], [ 2.20059415404743, 41.383974886834601 ], [ 2.20052865459244, 41.383984240962697 ], [ 2.20045392895235, 41.383963743062303 ], [ 2.20036926836951, 41.383924395384597 ], [ 2.20033175490991, 41.383856650313497 ], [ 2.20025576093192, 41.383805959255199 ], [ 2.20014689122337, 41.383787322592703 ], [ 2.19999654029595, 41.383721234036699 ], [ 2.19986516403289, 41.383661483413697 ], [ 2.19977905297015, 41.383599056944298 ], [ 2.19971174784908, 41.383580123431102 ], [ 2.19965693237203, 41.383587236436902 ], [ 2.19960329395818, 41.383584188108699 ], [ 2.1995761388688, 41.383575919466601 ], [ 2.19953038443305, 41.383576573994098 ], [ 2.19950160450099, 41.383590596662103 ], [ 2.19951637778306, 41.383621568223198 ], [ 2.19951393534829, 41.383630558756501 ], [ 2.1995039953896, 41.383643343344097 ], [ 2.19951019540119, 41.383654848551203 ], [ 2.19953795945936, 41.3836464259984 ], [ 2.19956761874595, 41.383640669338497 ], [ 2.19961403598237, 41.383637659435202 ], [ 2.19964508416617, 41.3836395778198 ], [ 2.19967523376601, 41.3836445525044 ], [ 2.1997037463196, 41.383652335150501 ], [ 2.19973000449799, 41.383662552157404 ], [ 2.1998902814235, 41.383741347638903 ], [ 2.20014552284972, 41.383869704906999 ], [ 2.20028628265932, 41.383948463248998 ], [ 2.20051159126683, 41.384083547459603 ], [ 2.20062562324865, 41.384158255447602 ], [ 2.20073274570935, 41.384231735342297 ], [ 2.20085502967564, 41.384322146490398 ], [ 2.20107455061632, 41.384492525914503 ], [ 2.20129260372652, 41.384668596490698 ], [ 2.20145738607875, 41.384807663373898 ], [ 2.20165813041115, 41.384984108544003 ], [ 2.2018621080393, 41.385173024184503 ], [ 2.20196823424746, 41.385275410159998 ], [ 2.20213871352386, 41.385445708620097 ], [ 2.20231538109283, 41.385632317309799 ], [ 2.20240032409531, 41.385727124822601 ], [ 2.20273184324367, 41.386109512739303 ], [ 2.20278386889169, 41.386173295164099 ], [ 2.20290543308125, 41.386330021509302 ], [ 2.20314261069025, 41.386651980732204 ], [ 2.20329953255671, 41.386880155959098 ], [ 2.20343859082783, 41.387097200112301 ], [ 2.20362065518653, 41.387416578936602 ], [ 2.20305455032287, 41.387839791519802 ], [ 2.2032508321358, 41.387924276704403 ], [ 2.20325988102193, 41.387930590580098 ], [ 2.20327099767073, 41.387942899765299 ], [ 2.20327476361427, 41.387964588924497 ], [ 2.20337979734099, 41.388058057561999 ], [ 2.20339444151116, 41.3880733816532 ], [ 2.20342666624191, 41.388099618458902 ], [ 2.20342297642058, 41.388135379786803 ], [ 2.20338987902723, 41.3881590746225 ], [ 2.20334749305578, 41.388158853229598 ], [ 2.20331638374102, 41.388133344726398 ], [ 2.20331446893606, 41.388097184296001 ], [ 2.20322392715204, 41.388052078237401 ], [ 2.20313396639606, 41.387975071499497 ], [ 2.20303067043498, 41.387919554343497 ], [ 2.20300757203797, 41.387878617316701 ], [ 2.20300513079489, 41.387876762873503 ], [ 2.20299104444586, 41.387887267153403 ], [ 2.20291704392455, 41.387830475576799 ], [ 2.20294614363618, 41.387809950853203 ], [ 2.20283307583934, 41.387653616726297 ], [ 2.20277819045165, 41.387695571808202 ], [ 2.20276962934737, 41.3876894774546 ], [ 2.20149176338017, 41.388653991535598 ], [ 2.20151877144969, 41.388758436469097 ], [ 2.20156074374133, 41.388834534990799 ], [ 2.20166577435072, 41.389165749554998 ], [ 2.20184653943744, 41.389518738103902 ], [ 2.2020748877417, 41.389795393367699 ], [ 2.20256054232241, 41.3902150695424 ], [ 2.20299596402371, 41.390497832781101 ], [ 2.20354564613587, 41.390784222687998 ], [ 2.20389094897542, 41.390915933207303 ], [ 2.20442077127774, 41.391080643126003 ], [ 2.20474685208154, 41.391111466416604 ], [ 2.20484972488288, 41.391035472079899 ], [ 2.20491904076687, 41.390978483127 ], [ 2.20493509904406, 41.390972072647202 ], [ 2.20496520418248, 41.390966281659502 ], [ 2.20497522375341, 41.390966603100303 ], [ 2.20498969931701, 41.390970324138898 ], [ 2.20499284351449, 41.390977523951697 ], [ 2.20575919372725, 41.3903919782896 ], [ 2.20589054030064, 41.390491102805903 ], [ 2.20537025784118, 41.3908850927183 ], [ 2.20537769110156, 41.390893197671701 ], [ 2.20537859780187, 41.390899284005997 ], [ 2.20537874268977, 41.390908995107701 ], [ 2.2053733388184, 41.390918604837204 ], [ 2.20535955370447, 41.390927922489396 ], [ 2.20534418851632, 41.390935373679497 ], [ 2.20523915239633, 41.391020228623098 ], [ 2.20515898841639, 41.3910938697869 ], [ 2.20512200295089, 41.391122456351702 ], [ 2.20496174236967, 41.3912376451472 ], [ 2.20488900209873, 41.391294898699996 ], [ 2.20481533429465, 41.391349731782199 ], [ 2.20478723901855, 41.391365291758198 ], [ 2.20469179039427, 41.391398857913202 ], [ 2.20456739304827, 41.3914930561142 ], [ 2.20482252148851, 41.391683380134303 ], [ 2.20485299101024, 41.391660181072403 ], [ 2.20490197418125, 41.391601649155099 ], [ 2.20499268872677, 41.391524099755401 ], [ 2.20505512828655, 41.391471936280098 ], [ 2.20515347345613, 41.391396376084799 ], [ 2.20517021330836, 41.391377224648501 ], [ 2.20518429787502, 41.391364936608703 ], [ 2.20520753938616, 41.391350144677297 ], [ 2.20522539746698, 41.391341314560798 ], [ 2.20524570987445, 41.391316585116002 ], [ 2.20535253633333, 41.391231103002603 ], [ 2.20550951072613, 41.391108720988903 ], [ 2.20554007628887, 41.391087710330098 ], [ 2.20555836647341, 41.391079729851199 ], [ 2.2055683751863, 41.391077997452001 ], [ 2.20559392340878, 41.391077092940499 ], [ 2.20561266460373, 41.391081780132502 ], [ 2.20614204887606, 41.390678708404899 ], [ 2.20627096951613, 41.390774798229401 ], [ 2.20572923298051, 41.3911848381615 ], [ 2.20573119359257, 41.391185905574702 ], [ 2.20574904975752, 41.391183119405497 ], [ 2.20575192681329, 41.391184562452402 ], [ 2.20575826419321, 41.391214213898103 ], [ 2.20575565344702, 41.391223320489303 ], [ 2.20574840631142, 41.391234016429301 ], [ 2.20572116566513, 41.391252104637502 ], [ 2.20567846472241, 41.391286434751002 ], [ 2.20566037746158, 41.3913032890514 ], [ 2.20562540921793, 41.391320441152203 ], [ 2.2055982856311, 41.391344628226399 ], [ 2.20556300153128, 41.3913729834753 ], [ 2.20553323954652, 41.391402646901 ], [ 2.20547482191098, 41.391443841662202 ], [ 2.20550985404301, 41.391548136934503 ], [ 2.20567615158809, 41.391823302652902 ], [ 2.20636426756401, 41.3928005831226 ], [ 2.20703001384227, 41.393618236213797 ], [ 2.20763118766097, 41.3942719814222 ], [ 2.20820257272004, 41.394794927575902 ], [ 2.20854015562579, 41.395039966525403 ], [ 2.2089036197166, 41.395247116692701 ], [ 2.20943469210485, 41.395475486171698 ], [ 2.2100650783867, 41.395645775483203 ], [ 2.21013236626906, 41.395593006644098 ], [ 2.2101837253259, 41.395556941841903 ], [ 2.21023493153258, 41.395514723838502 ], [ 2.21041287056102, 41.3953799947151 ], [ 2.21048681530105, 41.395327970329298 ], [ 2.21053455156608, 41.395297663330702 ], [ 2.21056130061935, 41.395269815490103 ], [ 2.21058533456375, 41.3952518302534 ], [ 2.21069546030168, 41.395176382221898 ], [ 2.21074611137539, 41.395145392543803 ], [ 2.21076064811496, 41.395140204848303 ], [ 2.2107704614071, 41.3951418124445 ], [ 2.21077838264294, 41.395154468284197 ], [ 2.21131765345848, 41.394741730740101 ], [ 2.21144831504523, 41.394838574284002 ], [ 2.21091156944489, 41.395245276705097 ], [ 2.21112724813051, 41.395407188384397 ], [ 2.21125246931556, 41.395310981923501 ], [ 2.21130915198958, 41.395352976159401 ], [ 2.21171786890172, 41.3950382262395 ], [ 2.21184876938041, 41.3951342062417 ], [ 2.21131809745147, 41.3955405693236 ], [ 2.21132457736935, 41.395546401064699 ], [ 2.21132801443826, 41.3955530001057 ], [ 2.21132478836006, 41.395564570657598 ], [ 2.21130806636427, 41.395578345616499 ], [ 2.21125735588709, 41.395613253398999 ], [ 2.2112180958206, 41.395646942574601 ], [ 2.2111850975818, 41.395679170411498 ], [ 2.21116010501268, 41.395697293320097 ], [ 2.21110131085167, 41.395748782481398 ], [ 2.21108290582224, 41.3957632394456 ], [ 2.21106468080429, 41.395774680125498 ], [ 2.21103307609201, 41.395802449748302 ], [ 2.21099162431413, 41.395830404048297 ], [ 2.21093201874341, 41.395875771458797 ], [ 2.21089611779423, 41.3958997284265 ], [ 2.21082208816097, 41.395954788017796 ], [ 2.2107353004772, 41.396026979701098 ], [ 2.21111235108406, 41.396776686939702 ], [ 2.21153765086332, 41.397308757158001 ], [ 2.2115601924789, 41.397363812378998 ], [ 2.21164106334297, 41.397467322313801 ], [ 2.21201104985963, 41.397819762360797 ], [ 2.21211856185356, 41.397954025879301 ], [ 2.21280184103813, 41.3985830399088 ], [ 2.21323267478691, 41.398898403030699 ], [ 2.21363563653721, 41.399138595576403 ], [ 2.21407075234319, 41.399290813868703 ], [ 2.21439889338996, 41.399352126034898 ], [ 2.21444410298627, 41.399325105939702 ], [ 2.21446302390899, 41.399319488331201 ], [ 2.2144795568302, 41.399310512632297 ], [ 2.21449443383277, 41.399298976502301 ], [ 2.21450548513128, 41.399287243110102 ], [ 2.21451897979916, 41.399276256005102 ], [ 2.21455783061164, 41.3992348705221 ], [ 2.21458227075267, 41.399212986986697 ], [ 2.21459751229702, 41.399206938901898 ], [ 2.21462388492747, 41.399189482226099 ], [ 2.21466359146181, 41.399158488200698 ], [ 2.21478033204794, 41.399085234256297 ], [ 2.21480036368227, 41.3990678333478 ], [ 2.21483850252319, 41.399024947663399 ], [ 2.21492956406975, 41.398965173706998 ], [ 2.21494574528746, 41.3989565828632 ], [ 2.21496454498234, 41.398958044243599 ], [ 2.21498064203753, 41.398952470334898 ], [ 2.21499574669366, 41.398943872138901 ], [ 2.21499231529653, 41.398926815535297 ], [ 2.21501972448062, 41.398853023893302 ], [ 2.21503188306988, 41.398844693833198 ], [ 2.2150603393538, 41.398832007233999 ], [ 2.21507408585511, 41.3988279125223 ], [ 2.21509666361956, 41.398804692067102 ], [ 2.21512345077774, 41.398786562539797 ], [ 2.21513121057822, 41.3987749597608 ], [ 2.21513578440019, 41.398759705223704 ], [ 2.21514992338071, 41.398743867392803 ], [ 2.21516343381604, 41.398735528525002 ], [ 2.21518013813455, 41.398730183917898 ], [ 2.21519397492485, 41.398727531008497 ], [ 2.21520369342778, 41.398712212477101 ], [ 2.21521469012548, 41.3987079818951 ], [ 2.21523717606478, 41.398713269540899 ], [ 2.21526493494469, 41.398701866207197 ], [ 2.21529569971462, 41.398684223150497 ], [ 2.21532303017262, 41.3986616926111 ], [ 2.21533813770511, 41.398651851353399 ], [ 2.21536282320543, 41.398641354809598 ], [ 2.2153900573115, 41.398633794071898 ], [ 2.21541899239534, 41.398620074784901 ], [ 2.21548051739382, 41.398582167364701 ], [ 2.21550587282379, 41.398576638493601 ], [ 2.21553043855296, 41.398573112906703 ], [ 2.21555174364191, 41.398576122548597 ], [ 2.21557227465783, 41.398584810645602 ], [ 2.21558776002864, 41.398595274849299 ], [ 2.21559867913323, 41.398608437195499 ], [ 2.21559844253113, 41.398622145006598 ], [ 2.2155902981475, 41.398636888815297 ], [ 2.21557980257659, 41.3986501844008 ], [ 2.21551834091222, 41.398693767034203 ], [ 2.21541884663235, 41.398757519321897 ], [ 2.21540644735348, 41.3987729366888 ], [ 2.21539904277974, 41.398789820307101 ], [ 2.21538728246907, 41.398807809168098 ], [ 2.21536689492898, 41.398824982565301 ], [ 2.21534475546823, 41.398840612735498 ], [ 2.21533704155593, 41.398856359294399 ], [ 2.21536737712044, 41.398885345148102 ], [ 2.21542127281016, 41.3989248052441 ], [ 2.21545992158426, 41.398914079623403 ], [ 2.21548889871518, 41.3989018468449 ], [ 2.21553309220905, 41.398867739490697 ], [ 2.21556563891459, 41.398847154049498 ], [ 2.21562050902519, 41.398820505604803 ], [ 2.21565233798001, 41.398799915245903 ], [ 2.21567343165549, 41.398796636185097 ], [ 2.21570186301146, 41.398809890873302 ], [ 2.2157133456295, 41.3988199674749 ], [ 2.21571971447497, 41.398837485448098 ], [ 2.21571496538992, 41.398874293774703 ], [ 2.21570051217617, 41.398912297004102 ], [ 2.21567419255138, 41.398942292737303 ], [ 2.21566112556752, 41.398954543945202 ], [ 2.21563935351773, 41.398984390519999 ], [ 2.21559668686164, 41.399020850274702 ], [ 2.21556172607573, 41.399043220766501 ], [ 2.21552197252612, 41.39905628084 ], [ 2.21546461079718, 41.399081200821001 ], [ 2.21539970493148, 41.399116698185303 ], [ 2.21533026373461, 41.399161262163098 ], [ 2.21531548083053, 41.399176924480898 ], [ 2.21529609872804, 41.399206967438197 ], [ 2.21528396797342, 41.399220936413499 ], [ 2.21523681401116, 41.399252501375997 ], [ 2.21521767348115, 41.399262459231402 ], [ 2.21516273523092, 41.399284783413798 ], [ 2.21514562275971, 41.399295205466103 ], [ 2.21510538265468, 41.399328799186499 ], [ 2.21508203352071, 41.399360436395703 ], [ 2.21505284220347, 41.399380504138101 ], [ 2.21503234827873, 41.399403513610999 ], [ 2.21501668634192, 41.3994126844891 ], [ 2.21499753853774, 41.399433181038198 ], [ 2.21498321406209, 41.399440559535797 ], [ 2.2149624707151, 41.399454469714698 ], [ 2.21494671298493, 41.399461658278597 ], [ 2.21493038681188, 41.399476319190498 ], [ 2.21491934116109, 41.399489574930001 ], [ 2.21489769504179, 41.399498975184898 ], [ 2.21488082387597, 41.399509218693701 ], [ 2.21486870706841, 41.399522016743802 ], [ 2.21484428044853, 41.3995338300413 ], [ 2.21482795857075, 41.399548130667498 ], [ 2.2147620270045, 41.399599203650403 ], [ 2.21473978452754, 41.399628326239601 ], [ 2.21472877459194, 41.399638609727603 ], [ 2.2147026287938, 41.399654104338097 ], [ 2.21465708964406, 41.399676690591697 ], [ 2.21464230307923, 41.399685678235599 ], [ 2.21463608747216, 41.399691220462003 ], [ 2.21462509320266, 41.399712123894197 ], [ 2.21461442806746, 41.399722580867198 ], [ 2.21460301581542, 41.399728519979902 ], [ 2.21456196485811, 41.3997439668588 ], [ 2.21492133933309, 41.4004755769379 ], [ 2.21529500204462, 41.401049372748801 ], [ 2.21571273706371, 41.401553065097097 ], [ 2.21614789375757, 41.401950505009601 ], [ 2.21661407838228, 41.402280057817698 ], [ 2.21717026069658, 41.402542430643003 ], [ 2.21734078315638, 41.402592816708697 ], [ 2.21738242342766, 41.402564942505997 ], [ 2.21745060723361, 41.402515684867602 ], [ 2.21746974947142, 41.402505636584003 ], [ 2.21748007598937, 41.402502464116097 ], [ 2.21748287811457, 41.402498249648403 ], [ 2.21748296671918, 41.402490864100599 ], [ 2.21749669347499, 41.4024834812313 ], [ 2.21750409716133, 41.402484612483399 ], [ 2.21750638621416, 41.402483276925999 ], [ 2.21752113262152, 41.402470676637897 ], [ 2.21753967239654, 41.402460984545399 ], [ 2.21754138061828, 41.402458203837099 ], [ 2.21755502015057, 41.402448118117398 ], [ 2.21758467546305, 41.402429313957199 ], [ 2.21764198593127, 41.402388899687899 ], [ 2.21765871727272, 41.402380366254199 ], [ 2.21766732179233, 41.402371147035097 ], [ 2.21767454779828, 41.402367142792698 ], [ 2.21768269946141, 41.402365757018899 ], [ 2.21771217162494, 41.4023422676797 ], [ 2.21772891266709, 41.402332923626602 ], [ 2.21776341221046, 41.402309198229801 ], [ 2.2177826793635, 41.402298700367801 ], [ 2.21781127305623, 41.402278627880897 ], [ 2.21782148313908, 41.4022751843656 ], [ 2.2178250278121, 41.402268903212097 ], [ 2.21784087205591, 41.402264507171402 ], [ 2.21784332499873, 41.402259479645899 ], [ 2.21786179580369, 41.402245553506603 ], [ 2.21787525837946, 41.402240240521003 ], [ 2.21787832671342, 41.402233775977798 ], [ 2.21796975467713, 41.402171525078998 ], [ 2.21801950013621, 41.402143399477097 ], [ 2.21805700169237, 41.402128701895201 ], [ 2.21812478701624, 41.402072685517503 ], [ 2.21813729795182, 41.402066915658999 ], [ 2.21814880332147, 41.402065192341702 ], [ 2.21816525964242, 41.402059629440203 ], [ 2.21821440681932, 41.402031499687602 ], [ 2.21822322131284, 41.402024713878298 ], [ 2.21823311908561, 41.402007396651904 ], [ 2.21823566050619, 41.401994983567697 ], [ 2.21824435105209, 41.401988557214501 ], [ 2.21825780059057, 41.401984324995297 ], [ 2.21826711839042, 41.401975470876799 ], [ 2.21827311158464, 41.401964522444104 ], [ 2.2182798460655, 41.401961595723897 ], [ 2.21830408034899, 41.4019359088432 ], [ 2.21831903765971, 41.401925651834397 ], [ 2.2183418544267, 41.401918420693598 ], [ 2.21835754025503, 41.401907267878798 ], [ 2.21840003406151, 41.4018553130417 ], [ 2.21840444083435, 41.401846966000697 ], [ 2.21841703156503, 41.401834531102203 ], [ 2.21843247811579, 41.401823376651599 ], [ 2.21844059839882, 41.401824602786199 ], [ 2.21845030183015, 41.401823497723498 ], [ 2.21847509525658, 41.401801057304702 ], [ 2.21848528364747, 41.401799415082998 ], [ 2.21849266245463, 41.401802617827897 ], [ 2.21849845935548, 41.401798063376098 ], [ 2.21850583540117, 41.401771541345198 ], [ 2.21852118496044, 41.401758494648398 ], [ 2.21853997010383, 41.4017482636092 ], [ 2.2185571505187, 41.401742165118897 ], [ 2.21856405206305, 41.401735276215703 ], [ 2.21859162017112, 41.401730869619897 ], [ 2.21860342297846, 41.4017242842258 ], [ 2.21862316010168, 41.401684515031498 ], [ 2.21865437645412, 41.401655182415602 ], [ 2.21866941024542, 41.401638530553399 ], [ 2.2186742879044, 41.401630817224401 ], [ 2.21868792924628, 41.401620551230501 ], [ 2.21870815099202, 41.401600241516398 ], [ 2.21876626298715, 41.401552716194303 ], [ 2.21877789230304, 41.401540635027601 ], [ 2.21879050328425, 41.401536487126997 ], [ 2.21880555620572, 41.401538210681203 ], [ 2.21881589318299, 41.401544135740899 ], [ 2.21882346807525, 41.401550942797002 ], [ 2.21883149567661, 41.401549916399098 ], [ 2.21885128838048, 41.401535458623002 ], [ 2.21886603097516, 41.401533126686402 ], [ 2.21888428358444, 41.401527395726198 ], [ 2.21889188878037, 41.401521682555199 ], [ 2.21890978575476, 41.401515678951498 ], [ 2.21893955654884, 41.401507143774097 ], [ 2.21894324217257, 41.401509060369101 ], [ 2.21894712497898, 41.401514491228397 ], [ 2.21894368713543, 41.401521854042997 ], [ 2.21892638602055, 41.4015380401747 ], [ 2.21885190527502, 41.401593831426197 ], [ 2.21879610279676, 41.401638309921303 ], [ 2.21874326274412, 41.401685150454703 ], [ 2.21866194244647, 41.401762603219296 ], [ 2.21861782181257, 41.401800585478497 ], [ 2.21857713471357, 41.401831565188203 ], [ 2.21849847826151, 41.401896335348802 ], [ 2.21841151248621, 41.401975641162203 ], [ 2.21838235625793, 41.402012734156301 ], [ 2.21836739372055, 41.4020134431861 ], [ 2.21836087563652, 41.402028261283398 ], [ 2.21834274443894, 41.402043811161199 ], [ 2.21832406439624, 41.4020752105097 ], [ 2.21832646853665, 41.402084234344201 ], [ 2.2183509426243, 41.402088453988 ], [ 2.2183478700267, 41.402095278815203 ], [ 2.2183350606794, 41.402096002468497 ], [ 2.21831886411695, 41.402099855733802 ], [ 2.21830840043072, 41.402124465198497 ], [ 2.21825549614135, 41.402166621165499 ], [ 2.21823359739902, 41.402177101226698 ], [ 2.21821640152242, 41.402194458939299 ], [ 2.21819166399305, 41.402212215779599 ], [ 2.218172523031, 41.402222174117902 ], [ 2.21810300910477, 41.402272684199403 ], [ 2.21807459775014, 41.402287533647602 ], [ 2.21804033541683, 41.402311440900199 ], [ 2.21794478265064, 41.402388436118102 ], [ 2.21788264099503, 41.402432690923497 ], [ 2.21784588046456, 41.4024554101603 ], [ 2.21781618011667, 41.402467998906403 ], [ 2.21779232294351, 41.402482158644098 ], [ 2.21775886455862, 41.402498865276797 ], [ 2.21771765951459, 41.402523085530397 ], [ 2.21770616917658, 41.402523547856397 ], [ 2.21769791919156, 41.4025331297888 ], [ 2.21769546702274, 41.402548065566698 ], [ 2.21768429529473, 41.402561861157501 ], [ 2.21760878167495, 41.402593864766096 ], [ 2.21758985923219, 41.402605535917402 ], [ 2.21758125358987, 41.402614845197597 ], [ 2.21756972758078, 41.402618279742498 ], [ 2.21756522587429, 41.4026245543795 ], [ 2.21755939719624, 41.402641719067702 ], [ 2.21754171279814, 41.402659884030399 ], [ 2.21752432814537, 41.4026730068286 ], [ 2.21747518234886, 41.402700956140997 ], [ 2.21745428643708, 41.4027175679729 ], [ 2.21740035886294, 41.402745214505401 ], [ 2.21737286597581, 41.402773220975703 ], [ 2.21734786281188, 41.402793137624997 ], [ 2.21732799624187, 41.4028037214104 ], [ 2.21730780105569, 41.402811780856901 ], [ 2.21729103821375, 41.402822926199299 ], [ 2.21728012073268, 41.4028354624296 ], [ 2.21726017307399, 41.402852801276403 ], [ 2.2172429814378, 41.402859800244599 ], [ 2.2171605211052, 41.402911955614499 ], [ 2.2171538791738, 41.402924402924597 ], [ 2.2171511954128, 41.402939783885898 ], [ 2.21756487716446, 41.403529238247501 ], [ 2.21800065417881, 41.4039957087518 ], [ 2.21849395457168, 41.404382653793803 ], [ 2.21887028531249, 41.404603280873303 ], [ 2.21921613015327, 41.404780337749798 ], [ 2.21986954769398, 41.405017893087702 ], [ 2.219997394481, 41.405048754837502 ], [ 2.22019290573769, 41.405139893857601 ], [ 2.22030727715578, 41.405153019145402 ], [ 2.22182367216786, 41.404016539655203 ], [ 2.22215302863744, 41.403876223075002 ], [ 2.22196001640616, 41.4035977392627 ], [ 2.2219503042041, 41.403547411736 ], [ 2.22200089013377, 41.403494906798301 ], [ 2.22202384065252, 41.403489513363901 ], [ 2.22203594398787, 41.403490829229298 ], [ 2.22215194519347, 41.403524680051397 ], [ 2.22222056542794, 41.403566019976303 ], [ 2.22246202878404, 41.403804960894398 ], [ 2.22261841458286, 41.404043611141397 ], [ 2.22293463823998, 41.404625884260902 ], [ 2.22304782467234, 41.404769687717902 ], [ 2.22312614595989, 41.404879612646702 ], [ 2.22328190820743, 41.405010705517697 ], [ 2.22333725393294, 41.405072888582403 ], [ 2.22338469628685, 41.4051457371962 ], [ 2.22340071632646, 41.405217031584598 ], [ 2.22338712737076, 41.405287198345299 ], [ 2.2233791563872, 41.405297503164498 ], [ 2.22335525036978, 41.405308745290398 ], [ 2.22326283624192, 41.40529212413 ], [ 2.22324199427082, 41.4052851737571 ], [ 2.22322640189861, 41.405271404116 ], [ 2.22320390607941, 41.405245607892802 ], [ 2.22286146028541, 41.404979970185501 ], [ 2.22276570702685, 41.404840120610501 ], [ 2.22257192970426, 41.404531926861701 ], [ 2.22237215669254, 41.4041980560078 ], [ 2.22230545384972, 41.404137018926399 ], [ 2.22227288949967, 41.4041097763143 ], [ 2.22224323647237, 41.404089309897998 ], [ 2.22217462138493, 41.4040775866819 ], [ 2.22213272233188, 41.404081807171401 ], [ 2.22206665625161, 41.404106132021901 ], [ 2.22197575215203, 41.4041510412574 ], [ 2.22190002462436, 41.404223057538999 ], [ 2.22172030681201, 41.404360413375301 ], [ 2.22168800331525, 41.404406664545697 ], [ 2.22170651904039, 41.404441090350502 ], [ 2.22171327705875, 41.404466878594903 ], [ 2.22174551472306, 41.4044846982111 ], [ 2.22152458208121, 41.404699131339697 ], [ 2.22145522021165, 41.404658621883598 ], [ 2.22097145358952, 41.405140235413803 ], [ 2.22134924243571, 41.405417770016697 ], [ 2.22137345663933, 41.4053995856139 ], [ 2.22144012693791, 41.405451055239801 ], [ 2.22142779037871, 41.405460627797098 ], [ 2.22152094929803, 41.405533605470197 ], [ 2.22181741169156, 41.405315333534503 ], [ 2.22180942038342, 41.405296237635604 ], [ 2.22182254951033, 41.405262746484397 ], [ 2.22177670286005, 41.405220740688002 ], [ 2.22176117859825, 41.405200287746403 ], [ 2.22175078241498, 41.4051666690019 ], [ 2.22175071174511, 41.4051480275077 ], [ 2.22176588881398, 41.405112352384997 ], [ 2.22178581804622, 41.405093508385796 ], [ 2.22180257989389, 41.405083434277998 ], [ 2.22184661921813, 41.405066639507098 ], [ 2.22188648323471, 41.405063275485404 ], [ 2.22192330847347, 41.405075252286501 ], [ 2.22208487064257, 41.405187335134997 ], [ 2.22217005113028, 41.4052567102895 ], [ 2.22226915130026, 41.405343076636797 ], [ 2.22231590062382, 41.405324063443999 ], [ 2.22240258281744, 41.4053106696744 ], [ 2.22242194658858, 41.405310142993798 ], [ 2.22244809105491, 41.405336945843999 ], [ 2.22249369643162, 41.4053510625304 ], [ 2.22256594694866, 41.405363035308497 ], [ 2.222680018775, 41.405393440701097 ], [ 2.22278643621509, 41.405539099248202 ], [ 2.22286410277818, 41.405637742532697 ], [ 2.22290749944766, 41.405741865061799 ], [ 2.22307572786521, 41.405836958359799 ], [ 2.22317109918014, 41.406009150097901 ], [ 2.22343333229659, 41.406179382135399 ], [ 2.22354922556986, 41.4061705046566 ], [ 2.22365162526458, 41.406185694118498 ], [ 2.22376121518379, 41.406245931649998 ], [ 2.22384049356532, 41.4062364771709 ], [ 2.22385776636717, 41.406239764329598 ], [ 2.22386454434137, 41.406246268427097 ], [ 2.22389477024936, 41.406304174340903 ], [ 2.22393531627043, 41.406320264999302 ], [ 2.22406327490073, 41.406238529281602 ], [ 2.22420357646922, 41.406181232917099 ], [ 2.22432768135598, 41.406166955082703 ], [ 2.22444027372725, 41.406197204636001 ], [ 2.22449043534426, 41.406229690506201 ], [ 2.22452671847437, 41.406262199912199 ], [ 2.22454619542773, 41.406285381368498 ], [ 2.22464444466888, 41.406407086245302 ], [ 2.22468607084867, 41.406470212056902 ], [ 2.22478550820903, 41.4064316184053 ], [ 2.2249187838798, 41.4064269046332 ], [ 2.22496682535915, 41.406381109875902 ], [ 2.22505514865368, 41.406336406100699 ], [ 2.22511086183066, 41.406320069728302 ], [ 2.22513027643677, 41.406273499313798 ], [ 2.22514972416728, 41.406255858496202 ], [ 2.22524761875279, 41.4061758736119 ], [ 2.22537426077676, 41.4060617906499 ], [ 2.22541554322323, 41.406020931341097 ], [ 2.22550019011308, 41.4059552960682 ], [ 2.22564136368971, 41.405941284838804 ], [ 2.22571729059731, 41.405967178950398 ], [ 2.22574692412147, 41.405985420386102 ], [ 2.22578006007492, 41.406019034157701 ], [ 2.22579938143423, 41.4060533386156 ], [ 2.2258064229865, 41.406123320205701 ], [ 2.22579853420003, 41.4061519199714 ], [ 2.22575908347128, 41.406249124629397 ], [ 2.2256914230705, 41.406329061214599 ], [ 2.22563858070518, 41.406372157745601 ], [ 2.22539316200286, 41.406505158805501 ], [ 2.2253571912683, 41.406523859393701 ], [ 2.22528655482594, 41.406543047158202 ], [ 2.22477888405038, 41.406937051030397 ], [ 2.22500117840693, 41.407300943550702 ], [ 2.22502405462026, 41.407335522484601 ], [ 2.22547165261672, 41.407016376210997 ], [ 2.22543885673234, 41.406989358131803 ], [ 2.22542750938921, 41.406961601705802 ], [ 2.2254738554417, 41.406916524934303 ], [ 2.2255950108491, 41.406824284018903 ], [ 2.22565538445944, 41.4067333723644 ], [ 2.22584794661866, 41.406625533355303 ], [ 2.22588324718643, 41.406610872470601 ], [ 2.22595304776643, 41.406608675862202 ], [ 2.22605985665539, 41.406611231907902 ], [ 2.22609475995323, 41.406621978433499 ], [ 2.2261226057514, 41.406649755692499 ], [ 2.22619917651489, 41.406706171213301 ], [ 2.22620554021813, 41.406769797928398 ], [ 2.22620766905969, 41.406818263567999 ], [ 2.22616403340002, 41.4068880484133 ], [ 2.22610322503345, 41.406898691612398 ], [ 2.22606360649842, 41.406927366204599 ], [ 2.22603605805705, 41.4069410614443 ], [ 2.22606186296985, 41.4069674198185 ], [ 2.22610666708554, 41.407048212174601 ], [ 2.22612039600261, 41.407082992384403 ], [ 2.22615861574796, 41.407094670053397 ], [ 2.22616285784946, 41.407111138165398 ], [ 2.22615729518771, 41.407188718342297 ], [ 2.22616112433096, 41.407212866169601 ], [ 2.2261435018827, 41.407222881075803 ], [ 2.22606599833366, 41.407174448895901 ], [ 2.22605308941042, 41.407182477815297 ], [ 2.22610972516027, 41.407254288214702 ], [ 2.22619728321322, 41.407318479043496 ], [ 2.2262196428764, 41.407359943199303 ], [ 2.22622814251023, 41.4073594175766 ], [ 2.22626829315865, 41.407334414360697 ], [ 2.22626620504301, 41.407313772253097 ], [ 2.22627034130934, 41.4072979198545 ], [ 2.22628151606699, 41.4072726929476 ], [ 2.2263210344856, 41.407228263499299 ], [ 2.22633756673072, 41.407225429216503 ], [ 2.22634786156344, 41.407214869596402 ], [ 2.22635066036394, 41.407202836386801 ], [ 2.2263412695393, 41.407176525398803 ], [ 2.22634449315012, 41.407161963939501 ], [ 2.22638348484358, 41.407123601979102 ], [ 2.22639203318437, 41.4071126135645 ], [ 2.22641860114505, 41.4070901950939 ], [ 2.22643761721219, 41.407087755811503 ], [ 2.22645883375717, 41.407087412051901 ], [ 2.22647529042327, 41.407095989738302 ], [ 2.2264833022287, 41.407110464602702 ], [ 2.22648722625029, 41.407123596890202 ], [ 2.22651132924107, 41.4071340905287 ], [ 2.22651866972983, 41.407148677975002 ], [ 2.22652121381936, 41.4071661876348 ], [ 2.22649370008386, 41.407180991138802 ], [ 2.22648449532286, 41.407191441003199 ], [ 2.22648535355811, 41.407203814064701 ], [ 2.22649362963815, 41.407218200629899 ], [ 2.22651732526235, 41.407238833968499 ], [ 2.22651165198881, 41.4072612154852 ], [ 2.226485127939, 41.407286384260203 ], [ 2.22650359967007, 41.407330852344202 ], [ 2.22654067572546, 41.407467123781899 ], [ 2.22654045286879, 41.407516177102799 ], [ 2.22651870772309, 41.407646819747796 ], [ 2.22651049553403, 41.407657303308604 ], [ 2.22649380115131, 41.407657659464697 ], [ 2.22647844249906, 41.407655349372398 ], [ 2.22647363034405, 41.407664639777302 ], [ 2.22648710548165, 41.407691590721001 ], [ 2.22650709842472, 41.407701624368201 ], [ 2.22652132344782, 41.407711754348703 ], [ 2.22655897938255, 41.407756783748297 ], [ 2.22659886001688, 41.4077665637476 ], [ 2.22661860379895, 41.407774406879298 ], [ 2.22662606785992, 41.407787662038601 ], [ 2.22663333443429, 41.407824632603798 ], [ 2.22666609418089, 41.407863855252799 ], [ 2.22670019062224, 41.407879144955501 ], [ 2.22674103629869, 41.407876158764097 ], [ 2.22674563347353, 41.407846654085397 ], [ 2.22681115584323, 41.407697822219703 ], [ 2.22679988892213, 41.407687441929397 ], [ 2.226791762744, 41.407674932655702 ], [ 2.22679004698337, 41.407661821525203 ], [ 2.22680656480253, 41.4076289290674 ], [ 2.22681699879595, 41.407615713130099 ], [ 2.22686667798433, 41.407601283684102 ], [ 2.22690395986889, 41.407612280141898 ], [ 2.22692634180407, 41.407627689228498 ], [ 2.22693723384696, 41.4076444623093 ], [ 2.22694726051721, 41.407668633735597 ], [ 2.2269470385283, 41.407703509264898 ], [ 2.22699375224747, 41.407795933767403 ], [ 2.227013850446, 41.4078455469662 ], [ 2.22702130346826, 41.407889013163299 ], [ 2.22702012791162, 41.407914505483099 ], [ 2.22701103542366, 41.407963931572098 ], [ 2.2270003084196, 41.407977640969797 ], [ 2.22696751232442, 41.407997984734003 ], [ 2.22695022429944, 41.408001985002798 ], [ 2.22693577300783, 41.408010931428798 ], [ 2.22692921150085, 41.408028515008098 ], [ 2.22693510151468, 41.408043353897298 ], [ 2.22693502084786, 41.408060251415002 ], [ 2.22692027912448, 41.408072501637903 ], [ 2.22690672880485, 41.408081138851699 ], [ 2.22691669586175, 41.408114380425197 ], [ 2.22700005600959, 41.408187685037298 ], [ 2.22701915949462, 41.408195055408498 ], [ 2.22704713553213, 41.408134208576598 ], [ 2.22705735509334, 41.408123945636298 ], [ 2.22716715250697, 41.408082510117097 ], [ 2.2271836683723, 41.4080790540864 ], [ 2.22726697244067, 41.408074317197098 ], [ 2.2273586821863, 41.408080121418998 ], [ 2.22742105670508, 41.408091871700698 ], [ 2.2274250302864, 41.408093771941502 ], [ 2.22745144560116, 41.408120197152002 ], [ 2.2274777934125, 41.408153332486599 ], [ 2.22748987127647, 41.408173040911699 ], [ 2.22754877619317, 41.408332265548097 ], [ 2.22763694635517, 41.408407646692197 ], [ 2.22770331439534, 41.408555022444503 ], [ 2.22774948106463, 41.408629121715499 ], [ 2.22780524189021, 41.408689197638999 ], [ 2.22784615048521, 41.408746615731701 ], [ 2.22787125119573, 41.408789119404801 ], [ 2.22790826628858, 41.408872236746802 ], [ 2.22800243632796, 41.408986651307899 ], [ 2.22801751419214, 41.409043031295099 ], [ 2.22804499591461, 41.409224014088203 ], [ 2.22802749863297, 41.409319448174003 ], [ 2.22801253033334, 41.4093750861066 ], [ 2.22793918126245, 41.409543358309499 ], [ 2.22788593355597, 41.409615538319699 ], [ 2.22778598188019, 41.409624559575299 ], [ 2.22774806252102, 41.4096218189963 ], [ 2.22771182996026, 41.409614045531598 ], [ 2.22770252937121, 41.4096073175578 ], [ 2.22769255848829, 41.409580408300997 ], [ 2.2275033468616, 41.409408968506099 ], [ 2.22736918558931, 41.408986048588901 ], [ 2.22724376820887, 41.408948131457699 ], [ 2.22698012089714, 41.408410954970201 ], [ 2.22700973693146, 41.4083530736266 ], [ 2.22705256870873, 41.408275312345999 ], [ 2.22702338510693, 41.408272593285503 ], [ 2.22699932372359, 41.408283781073301 ], [ 2.22698292308492, 41.408274483239801 ], [ 2.22696815569229, 41.408268709300103 ], [ 2.22694027983109, 41.408268612079098 ], [ 2.22692358548221, 41.408263906085701 ], [ 2.22691801285367, 41.408259635119698 ], [ 2.22690804263331, 41.408262990974698 ], [ 2.22689094235946, 41.408252157152901 ], [ 2.22688445848816, 41.408223830052698 ], [ 2.22688291383519, 41.408202742136901 ], [ 2.22685511377896, 41.408186161690203 ], [ 2.22683874087688, 41.408154345286597 ], [ 2.2268083857588, 41.408121173869098 ], [ 2.2267996823451, 41.408108504887998 ], [ 2.22679821784371, 41.408090750282199 ], [ 2.22680700021493, 41.408076577460797 ], [ 2.2268191371476, 41.408065048362502 ], [ 2.2268246775456, 41.408052862424398 ], [ 2.22682051701828, 41.4080394853586 ], [ 2.22680908331675, 41.408035093932703 ], [ 2.22677583031927, 41.408029384897397 ], [ 2.22677093908891, 41.4080211281834 ], [ 2.22677239015631, 41.408010752294203 ], [ 2.22677905896327, 41.407999258511303 ], [ 2.22678105360811, 41.407986427228899 ], [ 2.2267689225159, 41.407981319520196 ], [ 2.22675832136158, 41.407981383386698 ], [ 2.22672082199217, 41.407950370767502 ], [ 2.22670558257431, 41.407947079689997 ], [ 2.22669290888014, 41.4079483816625 ], [ 2.22668087094442, 41.4079424819111 ], [ 2.2266717851817, 41.407932800838402 ], [ 2.22665233936072, 41.4079240409542 ], [ 2.22663238275384, 41.407919006736201 ], [ 2.22661529073336, 41.407906479519603 ], [ 2.22658893288214, 41.4078974389679 ], [ 2.22656808608952, 41.407885751223802 ], [ 2.22644074603207, 41.4077670590925 ], [ 2.22644114384771, 41.407752685805498 ], [ 2.22644729681329, 41.407721137889503 ], [ 2.22643290112847, 41.407703206261999 ], [ 2.22642817821308, 41.407689843415099 ], [ 2.22642675272045, 41.407664774979899 ], [ 2.22642174869678, 41.407641826268097 ], [ 2.22641237613955, 41.407621027997401 ], [ 2.22640206006861, 41.407607150145701 ], [ 2.22638809570244, 41.407601273440697 ], [ 2.22637913410097, 41.407574073601502 ], [ 2.22637280341538, 41.407563113950303 ], [ 2.22635542226294, 41.407555809097602 ], [ 2.22634136776967, 41.407547445712197 ], [ 2.22631515123091, 41.407507348204597 ], [ 2.22630483517602, 41.407498514541402 ], [ 2.22628881252021, 41.407491669188701 ], [ 2.22627239353623, 41.407472850207398 ], [ 2.22627233600621, 41.407442404486602 ], [ 2.2262751136634, 41.407429735207998 ], [ 2.22619384566713, 41.4074287076673 ], [ 2.22617253054883, 41.407409117127898 ], [ 2.22614306032181, 41.407392173982402 ], [ 2.22612452359737, 41.4074015972487 ], [ 2.2260965589716, 41.407380781987797 ], [ 2.2261062968468, 41.407367759597101 ], [ 2.22606273178976, 41.407351910613897 ], [ 2.22608742940894, 41.407310281965003 ], [ 2.22606849316405, 41.4072858253448 ], [ 2.22605531872556, 41.407287997606304 ], [ 2.2260407821341, 41.407270866647899 ], [ 2.22605156268803, 41.407262733338101 ], [ 2.22600969091089, 41.407226196500297 ], [ 2.22597248845765, 41.407146040736002 ], [ 2.22589465345956, 41.407138653368399 ], [ 2.22589407251276, 41.407106961090001 ], [ 2.22583691602542, 41.4070961818706 ], [ 2.22583603458293, 41.407087789961203 ], [ 2.22581087084228, 41.407086035322102 ], [ 2.22578206861563, 41.407098506051902 ], [ 2.22576717941602, 41.407100000187 ], [ 2.22574565881132, 41.407096729767197 ], [ 2.22573112560811, 41.407107540043697 ], [ 2.2257341080072, 41.407129430313098 ], [ 2.22570813474607, 41.407148495533598 ], [ 2.22567453339998, 41.407145972489303 ], [ 2.22558817694433, 41.407211380187903 ], [ 2.22553657158683, 41.407245954891899 ], [ 2.22550241091683, 41.4072754136483 ], [ 2.22542655566719, 41.407319922463302 ], [ 2.22582849817474, 41.407943361203401 ], [ 2.2258138784745, 41.407778020344502 ], [ 2.22581861379523, 41.407771179489103 ], [ 2.22582678760549, 41.407764947257398 ], [ 2.22583754354623, 41.407760912213099 ], [ 2.2259301294857, 41.407742241097999 ], [ 2.22593825588131, 41.407744034217103 ], [ 2.22594752516796, 41.407749329932599 ], [ 2.22607908643995, 41.407888290842799 ], [ 2.22608251976085, 41.4078953848202 ], [ 2.22608260302874, 41.407901474446597 ], [ 2.22607665461633, 41.407908712489998 ], [ 2.22589715815649, 41.408045436719 ], [ 2.22617598450177, 41.408475993405901 ], [ 2.22618434515326, 41.408475395692797 ], [ 2.2262272721376, 41.408487610317401 ], [ 2.22625788170939, 41.408513442489898 ], [ 2.22626831084616, 41.408537967970297 ], [ 2.2262485368987, 41.4085427350673 ], [ 2.22623169930052, 41.4085178332097 ], [ 2.22617725962808, 41.408499812390701 ], [ 2.22613287168685, 41.408505855118001 ], [ 2.22611632639601, 41.408536981819502 ], [ 2.2261512548774, 41.408561825223202 ], [ 2.22621091813279, 41.4085479946582 ], [ 2.22621884300746, 41.4085607305068 ], [ 2.22616338315868, 41.408580282083101 ], [ 2.22614402831078, 41.408575742736303 ], [ 2.22635689811325, 41.408903835545203 ], [ 2.22637804527728, 41.408905355886198 ], [ 2.2264110585229, 41.408647900502302 ], [ 2.22638269313536, 41.408658798003799 ], [ 2.22637453658497, 41.408660544658296 ], [ 2.22636454193667, 41.408659900974499 ], [ 2.22635471350333, 41.408657348818799 ], [ 2.22634638179871, 41.408652680958298 ], [ 2.22633899821205, 41.408645749584203 ], [ 2.22625780462737, 41.408466494914698 ], [ 2.22625297914797, 41.408453707852203 ], [ 2.22625666098944, 41.408437843393799 ], [ 2.22627163032718, 41.408426594619499 ], [ 2.22635900941024, 41.408395079491299 ], [ 2.22637824963319, 41.408394956653197 ], [ 2.22638855400188, 41.408397728186898 ], [ 2.22639487667512, 41.408401301636999 ], [ 2.22640254009795, 41.408408847398903 ], [ 2.22643753521591, 41.408456317988602 ], [ 2.22653310947777, 41.408577156531003 ], [ 2.22653596873585, 41.408590290663298 ], [ 2.22652897435165, 41.408602998253599 ], [ 2.2265097023274, 41.408612858003501 ], [ 2.22645045703043, 41.4086338164607 ], [ 2.22641735410094, 41.408895820037998 ], [ 2.22663783315452, 41.409236642421803 ], [ 2.2267552510991, 41.409318966533 ], [ 2.2267816441967, 41.409345265638002 ], [ 2.22679231451304, 41.409361586863298 ], [ 2.22680049682604, 41.409377855337503 ], [ 2.22680785622942, 41.409398946296903 ], [ 2.22681000930316, 41.4094151382224 ], [ 2.22680861857637, 41.409431522512399 ], [ 2.2267468935385, 41.409656804816997 ], [ 2.22721348093796, 41.4103775271955 ], [ 2.2232506930119, 41.411987485927 ], [ 2.22311355539332, 41.412055612269199 ], [ 2.22288029900942, 41.412160552026101 ], [ 2.22279454964142, 41.412316892958501 ], [ 2.22097558463495, 41.413078081634403 ], [ 2.22136826929081, 41.413513792784599 ], [ 2.22088428050893, 41.4137739518914 ], [ 2.22065018431721, 41.413949570617497 ], [ 2.2204427674091, 41.414166622105597 ], [ 2.21819362455042, 41.417293693056997 ], [ 2.21779198858102, 41.416989081078597 ], [ 2.21609319330909, 41.418266666996303 ], [ 2.21632111371591, 41.418437384634402 ], [ 2.2155521029785, 41.419016327218102 ], [ 2.2150357508393, 41.419413169592303 ], [ 2.2140211267028, 41.420172643311901 ], [ 2.21378684512627, 41.419999726712597 ], [ 2.21258946827853, 41.420898308373303 ], [ 2.2124772273823, 41.420813858016899 ], [ 2.21196617336127, 41.421197732118003 ], [ 2.21193727210203, 41.421175590153702 ], [ 2.21127890464672, 41.421670975103901 ], [ 2.21181507172088, 41.422072266299402 ], [ 2.21161011403264, 41.422227234322399 ], [ 2.21144613776083, 41.422375548925103 ], [ 2.21132256858165, 41.422565295416703 ], [ 2.21113051005187, 41.423212446039997 ], [ 2.21094943969487, 41.4234691187064 ], [ 2.2107721704023, 41.423634430101401 ], [ 2.210603945608, 41.4237587877804 ], [ 2.2103681178561, 41.423891290567802 ], [ 2.21005149033849, 41.424030358499202 ], [ 2.20980149292927, 41.424173576281802 ], [ 2.20959916091817, 41.424343877673003 ], [ 2.20949467944269, 41.4244722052509 ], [ 2.20937173614432, 41.424722511040997 ], [ 2.20931478231639, 41.4249825209005 ], [ 2.20925729420087, 41.425186707797401 ], [ 2.2090872441437, 41.425344731371801 ], [ 2.20865850235838, 41.425022706191598 ], [ 2.20849116442054, 41.4251489172755 ], [ 2.20843468710005, 41.425175767631004 ], [ 2.20832126666704, 41.425124861240398 ], [ 2.20824012401118, 41.425094551605298 ], [ 2.20817789004858, 41.425074100021902 ], [ 2.20809950369122, 41.425051375522699 ], [ 2.20806143720503, 41.425041349605202 ], [ 2.20797626524913, 41.425022577670902 ], [ 2.20777147647346, 41.424986237817301 ], [ 2.20753963025216, 41.425001868689002 ], [ 2.20729875151946, 41.425183325116002 ], [ 2.20676601724287, 41.425422410608 ], [ 2.20606707184926, 41.425612508081997 ], [ 2.20613971530621, 41.425801114894902 ], [ 2.2063530453309, 41.426049120971904 ], [ 2.20646311764259, 41.4264014864928 ], [ 2.20676111414126, 41.426752350964897 ], [ 2.20697602259061, 41.426649704516599 ], [ 2.20736412230993, 41.427111295668098 ] ] ] } }
]
}
