{
"type": "FeatureCollection",
"name": "limites_barrios",
"crs": { "type": "name", "properties": { "name": "urn:ogc:def:crs:OGC:1.3:CRS84" } },
"features": [
{ "type": "Feature", "properties": { "neighborhood": "el Raval", "admin_level": "10" }, "geometry": { "type": "Polygon", "coordinates": [ [ [ 2.1630917, 41.3787247 ], [ 2.1631034, 41.3788707 ], [ 2.1633038, 41.3802653 ], [ 2.1633099, 41.3803098 ], [ 2.1633129, 41.3803315 ], [ 2.1633153, 41.3803494 ], [ 2.16332, 41.3803658 ], [ 2.1633823, 41.3807362 ], [ 2.1633853, 41.3807532 ], [ 2.1633882, 41.380773 ], [ 2.1635208, 41.3816887 ], [ 2.1635285, 41.3817305 ], [ 2.1635389, 41.3817868 ], [ 2.1635526, 41.3819025 ], [ 2.1635804, 41.3821324 ], [ 2.1635848, 41.3821704 ], [ 2.1636068, 41.3823278 ], [ 2.163631, 41.3825236 ], [ 2.1636354, 41.3825593 ], [ 2.1636954, 41.383043 ], [ 2.163721, 41.3832695 ], [ 2.1637243, 41.3832989 ], [ 2.1637329, 41.3833762 ], [ 2.1638149, 41.3840063 ], [ 2.1638315, 41.3841429 ], [ 2.1638444, 41.3842301 ], [ 2.1639291, 41.3849124 ], [ 2.1639684, 41.3851723 ], [ 2.1639756, 41.3852185 ], [ 2.1639821, 41.3852581 ], [ 2.1639971, 41.3853293 ], [ 2.1640191, 41.3853676 ], [ 2.1640511, 41.3854069 ], [ 2.164162, 41.3854931 ], [ 2.1643742, 41.385673 ], [ 2.1644509, 41.3857352 ], [ 2.1645084, 41.3857815 ], [ 2.1646966, 41.3859404 ], [ 2.1648808, 41.3859271 ], [ 2.1651046, 41.385906 ], [ 2.1651743, 41.3858996 ], [ 2.1652568, 41.3858924 ], [ 2.1652965, 41.3858885 ], [ 2.165642, 41.3858604 ], [ 2.1658141, 41.3858428 ], [ 2.166705, 41.3857677 ], [ 2.1668613, 41.3857546 ], [ 2.1670994, 41.3857345 ], [ 2.1671374, 41.3857316 ], [ 2.1671584, 41.38573 ], [ 2.1671768, 41.3857286 ], [ 2.1674744, 41.3857356 ], [ 2.1676016, 41.3857142 ], [ 2.1676769, 41.3857051 ], [ 2.1677232, 41.3856996 ], [ 2.169282, 41.385557 ], [ 2.1693407, 41.3855539 ], [ 2.1694138, 41.3855548 ], [ 2.1695921, 41.3855616 ], [ 2.1697998, 41.385609 ], [ 2.1698246, 41.3855692 ], [ 2.169861, 41.3855252 ], [ 2.1699, 41.3854714 ], [ 2.1699205, 41.3854402 ], [ 2.1700094, 41.3853051 ], [ 2.1703967, 41.3847163 ], [ 2.1704926, 41.3845832 ], [ 2.1705336, 41.3845241 ], [ 2.1705694, 41.3844705 ], [ 2.1710721, 41.3837514 ], [ 2.1711192, 41.3836786 ], [ 2.171152, 41.3836335 ], [ 2.1716294, 41.3829859 ], [ 2.1716469, 41.3829541 ], [ 2.1716747, 41.3828825 ], [ 2.1716943, 41.3828504 ], [ 2.1718601, 41.3826509 ], [ 2.1719137, 41.3825873 ], [ 2.1723598, 41.3820577 ], [ 2.1727239, 41.3816317 ], [ 2.1730215, 41.3812773 ], [ 2.1730536, 41.3812409 ], [ 2.1732413, 41.3810296 ], [ 2.1732492, 41.3810204 ], [ 2.1733602, 41.380891 ], [ 2.1733805, 41.3808674 ], [ 2.1734192, 41.3808223 ], [ 2.1735916, 41.3806212 ], [ 2.1739464, 41.3802076 ], [ 2.1739872, 41.38016 ], [ 2.1739918, 41.3801547 ], [ 2.1740277, 41.3801128 ], [ 2.1740423, 41.3800952 ], [ 2.1740561, 41.3800785 ], [ 2.1744708, 41.3795867 ], [ 2.1745595, 41.3794815 ], [ 2.1746078, 41.3794242 ], [ 2.1746462, 41.3793822 ], [ 2.1750552, 41.3789354 ], [ 2.1752626, 41.3787835 ], [ 2.1753494, 41.3787039 ], [ 2.1754483, 41.3785372 ], [ 2.1759085, 41.3777217 ], [ 2.1759359, 41.3776737 ], [ 2.1760215, 41.3775246 ], [ 2.1761503, 41.3773 ], [ 2.176224, 41.3772023 ], [ 2.1762595, 41.3771531 ], [ 2.1770257, 41.376239 ], [ 2.1773643, 41.3757004 ], [ 2.177372, 41.3756408 ], [ 2.1773937, 41.3756032 ], [ 2.1773812, 41.3755015 ], [ 2.1773511, 41.3754238 ], [ 2.1773313, 41.3753971 ], [ 2.1772967, 41.3753578 ], [ 2.1772957, 41.3753558 ], [ 2.1785144, 41.3748048 ], [ 2.1780746, 41.3742623 ], [ 2.1779776, 41.3741423 ], [ 2.178106, 41.3740818 ], [ 2.1782597, 41.3740095 ], [ 2.1781263, 41.3738184 ], [ 2.1785931, 41.3736108 ], [ 2.1830472, 41.3715837 ], [ 2.1829288, 41.3714355 ], [ 2.1820578, 41.3703449 ], [ 2.1776078, 41.372354 ], [ 2.1766742, 41.3727543 ], [ 2.1763393, 41.3729003 ], [ 2.1754317, 41.3732971 ], [ 2.1756106, 41.3735033 ], [ 2.1755509, 41.373572 ], [ 2.1754951, 41.3736446 ], [ 2.1754603, 41.3737178 ], [ 2.1754389, 41.3737895 ], [ 2.1754325, 41.3738614 ], [ 2.1754369, 41.3739333 ], [ 2.1754508, 41.3739958 ], [ 2.1754844, 41.3740638 ], [ 2.175543, 41.3741448 ], [ 2.1755621, 41.3742014 ], [ 2.1755753, 41.374256 ], [ 2.1755761, 41.3743129 ], [ 2.1755589, 41.3743571 ], [ 2.1755368, 41.3744017 ], [ 2.1755092, 41.374433 ], [ 2.1754765, 41.3744634 ], [ 2.175453, 41.3744808 ], [ 2.1753598, 41.3745321 ], [ 2.1752865, 41.3745587 ], [ 2.1752204, 41.3745759 ], [ 2.1751466, 41.3745839 ], [ 2.175035, 41.374593 ], [ 2.1749374, 41.3745966 ], [ 2.17486, 41.374602 ], [ 2.1748351, 41.3746033 ], [ 2.1747454, 41.3746082 ], [ 2.1740546, 41.3746491 ], [ 2.1736724, 41.374675 ], [ 2.1733967, 41.3746945 ], [ 2.1733292, 41.374699 ], [ 2.1732011, 41.3747067 ], [ 2.1730771, 41.3747167 ], [ 2.1730104, 41.3747215 ], [ 2.1729709, 41.3747239 ], [ 2.1729014, 41.3747276 ], [ 2.1728064, 41.3747327 ], [ 2.1722336, 41.3747633 ], [ 2.1718837, 41.3747883 ], [ 2.1717991, 41.3747943 ], [ 2.1717313, 41.3747976 ], [ 2.1716849, 41.3748011 ], [ 2.1709183, 41.374848 ], [ 2.1706518, 41.3748662 ], [ 2.1701489, 41.3748945 ], [ 2.1700946, 41.3748967 ], [ 2.1699777, 41.374902 ], [ 2.1697218, 41.3749119 ], [ 2.1696599, 41.3749122 ], [ 2.1696032, 41.3749118 ], [ 2.1695532, 41.3749116 ], [ 2.1680222, 41.3749126 ], [ 2.1679584, 41.3749133 ], [ 2.1679377, 41.3749129 ], [ 2.1678468, 41.3749141 ], [ 2.1679184, 41.3750379 ], [ 2.167822, 41.3751435 ], [ 2.1677437, 41.3752145 ], [ 2.167491, 41.3754011 ], [ 2.1672629, 41.375572 ], [ 2.1670789, 41.375709 ], [ 2.1670088, 41.3757663 ], [ 2.1668595, 41.375873 ], [ 2.1668349, 41.3758906 ], [ 2.1666453, 41.3760316 ], [ 2.1665916, 41.3760716 ], [ 2.1665538, 41.3760979 ], [ 2.1663537, 41.3762374 ], [ 2.1661245, 41.3764073 ], [ 2.1660878, 41.3764345 ], [ 2.1660522, 41.3764608 ], [ 2.1659314, 41.3765498 ], [ 2.1657417, 41.3766911 ], [ 2.1654438, 41.3769209 ], [ 2.1651967, 41.3771095 ], [ 2.164717, 41.3774714 ], [ 2.1646424, 41.3775275 ], [ 2.1645771, 41.3775781 ], [ 2.1643135, 41.3777713 ], [ 2.1642763, 41.3778011 ], [ 2.1637341, 41.3782234 ], [ 2.1636125, 41.3783181 ], [ 2.1633962, 41.3784866 ], [ 2.1633763, 41.3785003 ], [ 2.1631907, 41.3786495 ], [ 2.1630917, 41.3787247 ] ] ] } },
{ "type": "Feature", "properties": { "neighborhood": "el Gòtic", "admin_level": "10" }, "geometry": { "type": "Polygon", "coordinates": [ [ [ 2.1697998, 41.385609 ], [ 2.169884, 41.3856436 ], [ 2.169962, 41.3856746 ], [ 2.1701372, 41.3857548 ], [ 2.1702358, 41.3858532 ], [ 2.1703254, 41.3859449 ], [ 2.1708387, 41.3865361 ], [ 2.170912, 41.3866204 ], [ 2.1711143, 41.3868517 ], [ 2.1711329, 41.3868709 ], [ 2.1711846, 41.3869032 ], [ 2.1712248, 41.3869292 ], [ 2.1713707, 41.3869857 ], [ 2.171476, 41.3870271 ], [ 2.1715179, 41.3870514 ], [ 2.1715574, 41.3870769 ], [ 2.1715873, 41.3871051 ], [ 2.1716374, 41.3871508 ], [ 2.1722873, 41.3878901 ], [ 2.1724313, 41.3880631 ], [ 2.1726538, 41.3883555 ], [ 2.1726872, 41.3883875 ], [ 2.1727801, 41.3884717 ], [ 2.1728717, 41.3883907 ], [ 2.1740416, 41.3875023 ], [ 2.174085, 41.3874676 ], [ 2.174206, 41.3873753 ], [ 2.1743313, 41.387279 ], [ 2.174525, 41.387132 ], [ 2.1745717, 41.3870965 ], [ 2.1746047, 41.3870716 ], [ 2.174707, 41.3869952 ], [ 2.1750129, 41.3867648 ], [ 2.1751177, 41.3866848 ], [ 2.1752237, 41.3866062 ], [ 2.1754189, 41.3864553 ], [ 2.1755831, 41.3863317 ], [ 2.1756279, 41.3862972 ], [ 2.1757188, 41.3862262 ], [ 2.1765443, 41.3856034 ], [ 2.1765801, 41.3855751 ], [ 2.1766216, 41.385542 ], [ 2.1766994, 41.3854841 ], [ 2.1767723, 41.3854319 ], [ 2.1768364, 41.3853845 ], [ 2.1769288, 41.3853197 ], [ 2.1769485, 41.385305 ], [ 2.1773312, 41.3850145 ], [ 2.1774725, 41.3849073 ], [ 2.1777206, 41.3847278 ], [ 2.1778621, 41.384623 ], [ 2.1784691, 41.3841675 ], [ 2.178503, 41.3841421 ], [ 2.1785324, 41.3841202 ], [ 2.1787338, 41.3839657 ], [ 2.1789143, 41.3838264 ], [ 2.1790289, 41.383739 ], [ 2.1793073, 41.383525 ], [ 2.1797851, 41.3831617 ], [ 2.1798844, 41.3830862 ], [ 2.1799061, 41.3830729 ], [ 2.1800005, 41.3829961 ], [ 2.1800541, 41.3829568 ], [ 2.1800971, 41.3829233 ], [ 2.180254, 41.3828018 ], [ 2.1807804, 41.3823995 ], [ 2.1808343, 41.3823577 ], [ 2.1809058, 41.3823059 ], [ 2.181221, 41.3820639 ], [ 2.1812806, 41.3820188 ], [ 2.1816674, 41.3817347 ], [ 2.1817546, 41.3816683 ], [ 2.181811, 41.3816268 ], [ 2.1819084, 41.3815514 ], [ 2.1819702, 41.381505 ], [ 2.1821615, 41.3813675 ], [ 2.182196, 41.3813375 ], [ 2.1822325, 41.381308 ], [ 2.1823076, 41.3812514 ], [ 2.1823634, 41.3812129 ], [ 2.1824226, 41.3811731 ], [ 2.1824645, 41.3811398 ], [ 2.1824937, 41.3811161 ], [ 2.1825396, 41.3810828 ], [ 2.1826854, 41.3809893 ], [ 2.1827343, 41.3809604 ], [ 2.182819, 41.3809268 ], [ 2.182842, 41.3809177 ], [ 2.1828914, 41.380903 ], [ 2.1829334, 41.3808912 ], [ 2.1829984, 41.3808728 ], [ 2.1831312, 41.3808551 ], [ 2.183671, 41.3804973 ], [ 2.1843091, 41.3788139 ], [ 2.1850331, 41.3769751 ], [ 2.1851716, 41.3769376 ], [ 2.1852192, 41.3767963 ], [ 2.1849693, 41.3767305 ], [ 2.1841222, 41.3756714 ], [ 2.1839029, 41.3753972 ], [ 2.1830563, 41.3743386 ], [ 2.1829213, 41.3743151 ], [ 2.1825708, 41.37447 ], [ 2.1822771, 41.3746045 ], [ 2.1820908, 41.3746887 ], [ 2.1816534, 41.3748901 ], [ 2.1816064, 41.3750347 ], [ 2.1815977, 41.3750615 ], [ 2.1815827, 41.3750576 ], [ 2.181491, 41.3753559 ], [ 2.1816134, 41.3755126 ], [ 2.1815567, 41.3755409 ], [ 2.1816508, 41.3756572 ], [ 2.1817049, 41.3756328 ], [ 2.181773, 41.375716 ], [ 2.1817898, 41.3757108 ], [ 2.1817981, 41.3757209 ], [ 2.1821044, 41.3760978 ], [ 2.1821224, 41.37612 ], [ 2.1824196, 41.3764883 ], [ 2.1824811, 41.3765634 ], [ 2.1827874, 41.3769874 ], [ 2.1829313, 41.3771797 ], [ 2.1830877, 41.3773592 ], [ 2.1832514, 41.3775416 ], [ 2.1827736, 41.3787685 ], [ 2.1825116, 41.3794588 ], [ 2.1823048, 41.3795522 ], [ 2.1804278, 41.3771999 ], [ 2.1798472, 41.3764755 ], [ 2.1795254, 41.376074 ], [ 2.1793569, 41.3758665 ], [ 2.1791928, 41.3756596 ], [ 2.1790064, 41.3754177 ], [ 2.1790258, 41.3754073 ], [ 2.1790072, 41.3753855 ], [ 2.1787991, 41.3751197 ], [ 2.1787752, 41.3751287 ], [ 2.1786188, 41.3749345 ], [ 2.1785144, 41.3748048 ], [ 2.1772957, 41.3753558 ], [ 2.1772967, 41.3753578 ], [ 2.1773313, 41.3753971 ], [ 2.1773511, 41.3754238 ], [ 2.1773812, 41.3755015 ], [ 2.1773937, 41.3756032 ], [ 2.177372, 41.3756408 ], [ 2.1773643, 41.3757004 ], [ 2.1770257, 41.376239 ], [ 2.1762595, 41.3771531 ], [ 2.176224, 41.3772023 ], [ 2.1761503, 41.3773 ], [ 2.1760215, 41.3775246 ], [ 2.1759359, 41.3776737 ], [ 2.1759085, 41.3777217 ], [ 2.1754483, 41.3785372 ], [ 2.1753494, 41.3787039 ], [ 2.1752626, 41.3787835 ], [ 2.1750552, 41.3789354 ], [ 2.1746462, 41.3793822 ], [ 2.1746078, 41.3794242 ], [ 2.1745595, 41.3794815 ], [ 2.1744708, 41.3795867 ], [ 2.1740561, 41.3800785 ], [ 2.1740423, 41.3800952 ], [ 2.1740277, 41.3801128 ], [ 2.1739918, 41.3801547 ], [ 2.1739872, 41.38016 ], [ 2.1739464, 41.3802076 ], [ 2.1735916, 41.3806212 ], [ 2.1734192, 41.3808223 ], [ 2.1733805, 41.3808674 ], [ 2.1733602, 41.380891 ], [ 2.1732492, 41.3810204 ], [ 2.1732413, 41.3810296 ], [ 2.1730536, 41.3812409 ], [ 2.1730215, 41.3812773 ], [ 2.1727239, 41.3816317 ], [ 2.1723598, 41.3820577 ], [ 2.1719137, 41.3825873 ], [ 2.1718601, 41.3826509 ], [ 2.1716943, 41.3828504 ], [ 2.1716747, 41.3828825 ], [ 2.1716469, 41.3829541 ], [ 2.1716294, 41.3829859 ], [ 2.171152, 41.3836335 ], [ 2.1711192, 41.3836786 ], [ 2.1710721, 41.3837514 ], [ 2.1705694, 41.3844705 ], [ 2.1705336, 41.3845241 ], [ 2.1704926, 41.3845832 ], [ 2.1703967, 41.3847163 ], [ 2.1700094, 41.3853051 ], [ 2.1699205, 41.3854402 ], [ 2.1699, 41.3854714 ], [ 2.169861, 41.3855252 ], [ 2.1698246, 41.3855692 ], [ 2.1697998, 41.385609 ] ] ] } },
{ "type": "Feature", "properties": { "neighborhood": "la Barceloneta", "admin_level": "10" }, "geometry": { "type": "Polygon", "coordinates": [ [ [ 2.1824226, 41.3811731 ], [ 2.1824571, 41.3812289 ], [ 2.1824638, 41.3812431 ], [ 2.1825449, 41.3812309 ], [ 2.1830723, 41.3812448 ], [ 2.1834927, 41.3812638 ], [ 2.1836643, 41.3812814 ], [ 2.1836767, 41.3812949 ], [ 2.1837217, 41.3813517 ], [ 2.1837365, 41.3813704 ], [ 2.1839273, 41.3815879 ], [ 2.1842361, 41.3819509 ], [ 2.1842691, 41.3819892 ], [ 2.1843299, 41.3820599 ], [ 2.1842369, 41.3821051 ], [ 2.1842059, 41.3821203 ], [ 2.1841632, 41.3821413 ], [ 2.1841254, 41.3821601 ], [ 2.1843632, 41.382436 ], [ 2.1844777, 41.3825788 ], [ 2.1845602, 41.3826816 ], [ 2.184682, 41.3826251 ], [ 2.1847101, 41.3826121 ], [ 2.1847601, 41.3825889 ], [ 2.1849063, 41.3825218 ], [ 2.1852001, 41.3823872 ], [ 2.1853868, 41.3823017 ], [ 2.1854618, 41.3822737 ], [ 2.185485, 41.3822651 ], [ 2.1855235, 41.3822526 ], [ 2.1855681, 41.3822381 ], [ 2.1856342, 41.3822223 ], [ 2.1857499, 41.3821993 ], [ 2.1859499, 41.3823014 ], [ 2.1859755, 41.3823131 ], [ 2.1867799, 41.3826801 ], [ 2.1868459, 41.3827105 ], [ 2.1869777, 41.3827712 ], [ 2.1871224, 41.382838 ], [ 2.1874469, 41.3829879 ], [ 2.1880118, 41.3832489 ], [ 2.1897453, 41.3840458 ], [ 2.1911796, 41.3847681 ], [ 2.191714, 41.3850372 ], [ 2.1922022, 41.3852969 ], [ 2.1926563, 41.3855767 ], [ 2.1931604, 41.3859312 ], [ 2.1936284, 41.3862834 ], [ 2.1938596, 41.3864548 ], [ 2.1938692, 41.386462 ], [ 2.19411, 41.3866405 ], [ 2.1942285, 41.3867284 ], [ 2.1943749, 41.3868328 ], [ 2.1946288, 41.3870138 ], [ 2.1946831, 41.3870565 ], [ 2.194825, 41.3871577 ], [ 2.1948545, 41.3871796 ], [ 2.1949931, 41.3872825 ], [ 2.1950218, 41.3873035 ], [ 2.1953005, 41.3875104 ], [ 2.1953297, 41.3875321 ], [ 2.1955518, 41.3876899 ], [ 2.1956061, 41.3877342 ], [ 2.1956218, 41.3877443 ], [ 2.195814, 41.3878876 ], [ 2.1958019, 41.3877747 ], [ 2.1958218, 41.3876742 ], [ 2.1958592, 41.3876016 ], [ 2.1959141, 41.3875455 ], [ 2.1960085, 41.3874941 ], [ 2.1961267, 41.3874592 ], [ 2.1962196, 41.3874534 ], [ 2.1962599, 41.3874572 ], [ 2.1963492, 41.3874644 ], [ 2.1964266, 41.3874327 ], [ 2.1964963, 41.3873963 ], [ 2.1970187, 41.3870142 ], [ 2.1970845, 41.3869665 ], [ 2.1975926, 41.386581 ], [ 2.1979982, 41.3862797 ], [ 2.1995754, 41.3848888 ], [ 2.1995081, 41.3848488 ], [ 2.1993079, 41.3847408 ], [ 2.1990833, 41.3846373 ], [ 2.1990391, 41.3846707 ], [ 2.1990444, 41.384675 ], [ 2.1986076, 41.3850022 ], [ 2.1984871, 41.3847899 ], [ 2.1982355, 41.3846627 ], [ 2.1983197, 41.3843509 ], [ 2.1982757, 41.3843297 ], [ 2.1982317, 41.3843651 ], [ 2.1981708, 41.384518 ], [ 2.1978884, 41.3844644 ], [ 2.1974898, 41.3843449 ], [ 2.1971673, 41.3841943 ], [ 2.1966713, 41.3838911 ], [ 2.1963099, 41.3835941 ], [ 2.1959158, 41.3831878 ], [ 2.1956859, 41.3828432 ], [ 2.1955936, 41.3826177 ], [ 2.1955097, 41.3822961 ], [ 2.1954426, 41.3820412 ], [ 2.1954413, 41.3819809 ], [ 2.195437, 41.381787 ], [ 2.1955491, 41.3816355 ], [ 2.1955659, 41.3816705 ], [ 2.1956048, 41.3816917 ], [ 2.1956462, 41.3817044 ], [ 2.1956919, 41.3816992 ], [ 2.1957375, 41.3816853 ], [ 2.1966037, 41.3813747 ], [ 2.1966516, 41.3813306 ], [ 2.1969777, 41.3812091 ], [ 2.1969936, 41.381232 ], [ 2.1970908, 41.3812236 ], [ 2.1971781, 41.3812359 ], [ 2.1972406, 41.3812123 ], [ 2.1972397, 41.3811777 ], [ 2.1973159, 41.3811181 ], [ 2.1972542, 41.3810266 ], [ 2.1971475, 41.3809625 ], [ 2.1970252, 41.3809576 ], [ 2.1970092, 41.3810015 ], [ 2.1969463, 41.3809915 ], [ 2.196944, 41.381034 ], [ 2.1969719, 41.3810649 ], [ 2.1963208, 41.3812898 ], [ 2.1956462, 41.3814601 ], [ 2.195579, 41.3813548 ], [ 2.1955238, 41.3812641 ], [ 2.1954494, 41.381142 ], [ 2.1954054, 41.3810701 ], [ 2.1953956, 41.3810432 ], [ 2.1954516, 41.3809742 ], [ 2.1968167, 41.380458 ], [ 2.1967387, 41.3803361 ], [ 2.1958569, 41.3806457 ], [ 2.1948974, 41.3809886 ], [ 2.1947008, 41.3808693 ], [ 2.1944635, 41.3806823 ], [ 2.1942241, 41.3804769 ], [ 2.1939829, 41.3802549 ], [ 2.1937411, 41.3800286 ], [ 2.1934219, 41.3796396 ], [ 2.1932509, 41.3794166 ], [ 2.1930306, 41.3790654 ], [ 2.1928639, 41.3786081 ], [ 2.1927732, 41.3782367 ], [ 2.1927507, 41.3779011 ], [ 2.1927688, 41.377626 ], [ 2.1928467, 41.3773735 ], [ 2.1928627, 41.3773392 ], [ 2.1929239, 41.3772077 ], [ 2.1929176, 41.3771347 ], [ 2.1928122, 41.3770535 ], [ 2.1925907, 41.3769525 ], [ 2.1924989, 41.3769062 ], [ 2.1923816, 41.376847 ], [ 2.1922043, 41.3767452 ], [ 2.1919087, 41.3765297 ], [ 2.1914644, 41.3761332 ], [ 2.1912693, 41.3758482 ], [ 2.1910829, 41.3755885 ], [ 2.1908914, 41.3752473 ], [ 2.1907294, 41.3749931 ], [ 2.1905181, 41.3745871 ], [ 2.1902989, 41.373907 ], [ 2.1901071, 41.3735233 ], [ 2.1899507, 41.3732104 ], [ 2.1898354, 41.3728558 ], [ 2.1897399, 41.372588 ], [ 2.1896177, 41.3721133 ], [ 2.189547, 41.371864 ], [ 2.1894804, 41.3715425 ], [ 2.1894285, 41.3711251 ], [ 2.1894634, 41.3706802 ], [ 2.1895045, 41.3704862 ], [ 2.1895921, 41.3702851 ], [ 2.1897254, 41.3700267 ], [ 2.1899154, 41.3697954 ], [ 2.1901772, 41.3695587 ], [ 2.1911299, 41.3693096 ], [ 2.1915263, 41.3699889 ], [ 2.1916517, 41.3700077 ], [ 2.1917647, 41.3699752 ], [ 2.1918626, 41.3699308 ], [ 2.1918919, 41.369846 ], [ 2.1879423, 41.3636642 ], [ 2.1877605, 41.3634052 ], [ 2.1870926, 41.3615364 ], [ 2.1868522, 41.3615806 ], [ 2.1853612, 41.3577346 ], [ 2.1845976, 41.3579036 ], [ 2.1846602, 41.3580588 ], [ 2.1850357, 41.3579774 ], [ 2.1850576, 41.3579806 ], [ 2.185123, 41.3581446 ], [ 2.1852818, 41.3581115 ], [ 2.1866224, 41.3616249 ], [ 2.1865957, 41.3616801 ], [ 2.1870632, 41.3629389 ], [ 2.1865227, 41.3630571 ], [ 2.1865745, 41.3631975 ], [ 2.1866193, 41.3633042 ], [ 2.1866503, 41.3633849 ], [ 2.1871136, 41.3635094 ], [ 2.1873555, 41.3635915 ], [ 2.1892317, 41.3665742 ], [ 2.1888942, 41.3667027 ], [ 2.1890022, 41.3668718 ], [ 2.187951, 41.3672613 ], [ 2.1876619, 41.3667826 ], [ 2.1872925, 41.3661711 ], [ 2.1867787, 41.3653206 ], [ 2.1862021, 41.3643661 ], [ 2.1867241, 41.3641639 ], [ 2.1866543, 41.364029 ], [ 2.1865439, 41.3640217 ], [ 2.186171, 41.3641272 ], [ 2.1859747, 41.3642256 ], [ 2.1856782, 41.364639 ], [ 2.185362, 41.3646722 ], [ 2.1851391, 41.365294 ], [ 2.1849339, 41.3652546 ], [ 2.1849304, 41.3655951 ], [ 2.1849342, 41.3656316 ], [ 2.1849766, 41.3656709 ], [ 2.1850925, 41.3657053 ], [ 2.1851363, 41.3656892 ], [ 2.1853627, 41.36536 ], [ 2.1853691, 41.3653608 ], [ 2.1852864, 41.3656378 ], [ 2.1852657, 41.3656349 ], [ 2.185261, 41.3656527 ], [ 2.1853154, 41.3656618 ], [ 2.1853166, 41.3656556 ], [ 2.1853086, 41.3656538 ], [ 2.1853719, 41.3654399 ], [ 2.1854157, 41.3654194 ], [ 2.1854629, 41.3654755 ], [ 2.185405, 41.3656787 ], [ 2.18545, 41.3656857 ], [ 2.1854541, 41.3656689 ], [ 2.185435, 41.365666 ], [ 2.1854822, 41.365501 ], [ 2.1866807, 41.3669119 ], [ 2.1868617, 41.3677985 ], [ 2.1868663, 41.3678187 ], [ 2.1869456, 41.3681694 ], [ 2.186973, 41.3682908 ], [ 2.1868765, 41.3682989 ], [ 2.1871992, 41.3700043 ], [ 2.1861771, 41.3701236 ], [ 2.1858735, 41.3684784 ], [ 2.1859924, 41.3684093 ], [ 2.185994, 41.3683068 ], [ 2.1859537, 41.3680271 ], [ 2.1858202, 41.3680351 ], [ 2.1858199, 41.3680313 ], [ 2.1856795, 41.3680438 ], [ 2.185689, 41.3681004 ], [ 2.1860502, 41.3700263 ], [ 2.185596, 41.3700744 ], [ 2.1852482, 41.3681408 ], [ 2.18524, 41.3680952 ], [ 2.1851472, 41.3681047 ], [ 2.1851504, 41.3681261 ], [ 2.185146, 41.3681263 ], [ 2.1851488, 41.368144 ], [ 2.1851454, 41.3681445 ], [ 2.1851603, 41.3682168 ], [ 2.1851451, 41.3682181 ], [ 2.1851925, 41.3684818 ], [ 2.1847126, 41.3685333 ], [ 2.1846847, 41.368541 ], [ 2.1846577, 41.3685557 ], [ 2.184636, 41.3685783 ], [ 2.1846249, 41.3686044 ], [ 2.1849647, 41.3704165 ], [ 2.1846355, 41.3704453 ], [ 2.184604, 41.3704562 ], [ 2.1845796, 41.3704755 ], [ 2.184563, 41.3705027 ], [ 2.1845602, 41.3705333 ], [ 2.1846658, 41.371174 ], [ 2.1847126, 41.3711997 ], [ 2.1859675, 41.3710804 ], [ 2.1859995, 41.3712596 ], [ 2.1847415, 41.3713752 ], [ 2.184705, 41.3714061 ], [ 2.1847778, 41.3718367 ], [ 2.185808, 41.3717407 ], [ 2.1859223, 41.3724059 ], [ 2.1874038, 41.3722793 ], [ 2.18745, 41.3725943 ], [ 2.1875438, 41.3731532 ], [ 2.1871273, 41.3731919 ], [ 2.1868161, 41.3732866 ], [ 2.1870928, 41.3737846 ], [ 2.1868417, 41.3735379 ], [ 2.1868024, 41.3735599 ], [ 2.1871193, 41.3738747 ], [ 2.1874892, 41.374557 ], [ 2.1866613, 41.3748155 ], [ 2.1859351, 41.374533 ], [ 2.1856452, 41.3726473 ], [ 2.1856084, 41.3726033 ], [ 2.1855477, 41.3725886 ], [ 2.1849137, 41.3726429 ], [ 2.1849186, 41.3726972 ], [ 2.1849894, 41.3731608 ], [ 2.1850584, 41.3736023 ], [ 2.1851323, 41.374048 ], [ 2.1852042, 41.3745016 ], [ 2.1852724, 41.374921 ], [ 2.185285, 41.3749478 ], [ 2.1853081, 41.3749761 ], [ 2.1850573, 41.3749962 ], [ 2.1850862, 41.3751018 ], [ 2.1852878, 41.375072 ], [ 2.185307, 41.3751469 ], [ 2.1855852, 41.3751069 ], [ 2.1856184, 41.3752329 ], [ 2.1858167, 41.375204 ], [ 2.1858523, 41.3753357 ], [ 2.1860752, 41.3753034 ], [ 2.1861167, 41.3754628 ], [ 2.1863926, 41.3754223 ], [ 2.1864364, 41.3755854 ], [ 2.1867169, 41.3755442 ], [ 2.1867579, 41.3757042 ], [ 2.1868007, 41.3756984 ], [ 2.1868417, 41.3758559 ], [ 2.1865152, 41.3759047 ], [ 2.1865516, 41.3760532 ], [ 2.1867832, 41.3759107 ], [ 2.1868651, 41.3758974 ], [ 2.1868679, 41.375902 ], [ 2.1868369, 41.3759065 ], [ 2.186603, 41.3760497 ], [ 2.1868954, 41.3760097 ], [ 2.1871975, 41.3772227 ], [ 2.1864487, 41.377337 ], [ 2.1864434, 41.3774115 ], [ 2.1872794, 41.3775567 ], [ 2.1866239, 41.3792023 ], [ 2.186462, 41.3796466 ], [ 2.1863622, 41.37992 ], [ 2.1859264, 41.380106 ], [ 2.1858773, 41.3801332 ], [ 2.1855726, 41.3802728 ], [ 2.184664, 41.3807064 ], [ 2.183671, 41.3804973 ], [ 2.1831312, 41.3808551 ], [ 2.1829984, 41.3808728 ], [ 2.1829334, 41.3808912 ], [ 2.1828914, 41.380903 ], [ 2.182842, 41.3809177 ], [ 2.182819, 41.3809268 ], [ 2.1827343, 41.3809604 ], [ 2.1826854, 41.3809893 ], [ 2.1825396, 41.3810828 ], [ 2.1824937, 41.3811161 ], [ 2.1824645, 41.3811398 ], [ 2.1824226, 41.3811731 ] ] ] } },
{ "type": "Feature", "properties": { "neighborhood": "Sant Pere, Santa Caterina i la Ribera", "admin_level": "10" }, "geometry": { "type": "Polygon", "coordinates": [ [ [ 2.1727801, 41.3884717 ], [ 2.1729275, 41.3885828 ], [ 2.1729477, 41.3885995 ], [ 2.1732607, 41.3888171 ], [ 2.1732975, 41.3888443 ], [ 2.1733529, 41.3888884 ], [ 2.173386, 41.3889147 ], [ 2.1734584, 41.3889423 ], [ 2.1735033, 41.3889497 ], [ 2.1735489, 41.3889531 ], [ 2.1736039, 41.3889556 ], [ 2.1736617, 41.3889565 ], [ 2.1737004, 41.3889557 ], [ 2.1737424, 41.3889558 ], [ 2.1739023, 41.3889554 ], [ 2.1756383, 41.3889566 ], [ 2.1756722, 41.3889572 ], [ 2.1758863, 41.3889575 ], [ 2.1760227, 41.3890608 ], [ 2.1760538, 41.3890847 ], [ 2.1761528, 41.3891609 ], [ 2.1762337, 41.3892243 ], [ 2.1764867, 41.389417 ], [ 2.176903, 41.389722 ], [ 2.1769405, 41.3897513 ], [ 2.1772217, 41.3899686 ], [ 2.1772564, 41.3899932 ], [ 2.1773652, 41.3900703 ], [ 2.1773975, 41.3900937 ], [ 2.177557, 41.3901653 ], [ 2.1784705, 41.3905049 ], [ 2.1791186, 41.3907553 ], [ 2.1796961, 41.3909826 ], [ 2.1797633, 41.3910091 ], [ 2.1799183, 41.3911006 ], [ 2.1800147, 41.3911709 ], [ 2.1801883, 41.3913086 ], [ 2.1802089, 41.3913232 ], [ 2.1802381, 41.3913427 ], [ 2.1802518, 41.3913548 ], [ 2.1803099, 41.3914057 ], [ 2.1804348, 41.3915034 ], [ 2.1805473, 41.3915888 ], [ 2.180643, 41.3916606 ], [ 2.1806628, 41.3916762 ], [ 2.1811689, 41.3920745 ], [ 2.1811778, 41.3920815 ], [ 2.181334, 41.3922164 ], [ 2.1814834, 41.3921026 ], [ 2.1815128, 41.3920799 ], [ 2.1821609, 41.3915798 ], [ 2.1823811, 41.3914119 ], [ 2.1825928, 41.39126 ], [ 2.1826302, 41.3912341 ], [ 2.1832362, 41.390779 ], [ 2.1834634, 41.3906079 ], [ 2.1836565, 41.3904538 ], [ 2.1844082, 41.3898772 ], [ 2.1844385, 41.3898543 ], [ 2.1845158, 41.3897947 ], [ 2.1846389, 41.3898861 ], [ 2.184676, 41.3899137 ], [ 2.1849392, 41.3901151 ], [ 2.1853426, 41.3904167 ], [ 2.1856031, 41.3906097 ], [ 2.1856637, 41.3906538 ], [ 2.1857777, 41.3907367 ], [ 2.1860936, 41.3909767 ], [ 2.1866353, 41.3913881 ], [ 2.1866568, 41.3914131 ], [ 2.1867524, 41.391547 ], [ 2.186802, 41.391506 ], [ 2.1868895, 41.3914473 ], [ 2.1869599, 41.3913842 ], [ 2.1879495, 41.3906293 ], [ 2.1880128, 41.3905813 ], [ 2.1880699, 41.3905406 ], [ 2.1883124, 41.3903641 ], [ 2.1887744, 41.3900894 ], [ 2.1888145, 41.3900607 ], [ 2.1892211, 41.3897542 ], [ 2.1892992, 41.3896979 ], [ 2.1893227, 41.3896773 ], [ 2.1915301, 41.388023 ], [ 2.1915509, 41.3880096 ], [ 2.1917737, 41.3878443 ], [ 2.1918792, 41.38777 ], [ 2.1921051, 41.3875877 ], [ 2.1924324, 41.3873433 ], [ 2.1925208, 41.3873203 ], [ 2.192606, 41.3873071 ], [ 2.1925779, 41.3871854 ], [ 2.1936284, 41.3862834 ], [ 2.1931604, 41.3859312 ], [ 2.1926563, 41.3855767 ], [ 2.1922022, 41.3852969 ], [ 2.191714, 41.3850372 ], [ 2.1911796, 41.3847681 ], [ 2.1897453, 41.3840458 ], [ 2.1880118, 41.3832489 ], [ 2.1874469, 41.3829879 ], [ 2.1871224, 41.382838 ], [ 2.1869777, 41.3827712 ], [ 2.1868459, 41.3827105 ], [ 2.1867799, 41.3826801 ], [ 2.1859755, 41.3823131 ], [ 2.1859499, 41.3823014 ], [ 2.1857499, 41.3821993 ], [ 2.1856342, 41.3822223 ], [ 2.1855681, 41.3822381 ], [ 2.1855235, 41.3822526 ], [ 2.185485, 41.3822651 ], [ 2.1854618, 41.3822737 ], [ 2.1853868, 41.3823017 ], [ 2.1852001, 41.3823872 ], [ 2.1849063, 41.3825218 ], [ 2.1847601, 41.3825889 ], [ 2.1847101, 41.3826121 ], [ 2.184682, 41.3826251 ], [ 2.1845602, 41.3826816 ], [ 2.1844777, 41.3825788 ], [ 2.1843632, 41.382436 ], [ 2.1841254, 41.3821601 ], [ 2.1841632, 41.3821413 ], [ 2.1842059, 41.3821203 ], [ 2.1842369, 41.3821051 ], [ 2.1843299, 41.3820599 ], [ 2.1842691, 41.3819892 ], [ 2.1842361, 41.3819509 ], [ 2.1839273, 41.3815879 ], [ 2.1837365, 41.3813704 ], [ 2.1837217, 41.3813517 ], [ 2.1836767, 41.3812949 ], [ 2.1836643, 41.3812814 ], [ 2.1834927, 41.3812638 ], [ 2.1830723, 41.3812448 ], [ 2.1825449, 41.3812309 ], [ 2.1824638, 41.3812431 ], [ 2.1824571, 41.3812289 ], [ 2.1824226, 41.3811731 ], [ 2.1823634, 41.3812129 ], [ 2.1823076, 41.3812514 ], [ 2.1822325, 41.381308 ], [ 2.182196, 41.3813375 ], [ 2.1821615, 41.3813675 ], [ 2.1819702, 41.381505 ], [ 2.1819084, 41.3815514 ], [ 2.181811, 41.3816268 ], [ 2.1817546, 41.3816683 ], [ 2.1816674, 41.3817347 ], [ 2.1812806, 41.3820188 ], [ 2.181221, 41.3820639 ], [ 2.1809058, 41.3823059 ], [ 2.1808343, 41.3823577 ], [ 2.1807804, 41.3823995 ], [ 2.180254, 41.3828018 ], [ 2.1800971, 41.3829233 ], [ 2.1800541, 41.3829568 ], [ 2.1800005, 41.3829961 ], [ 2.1799061, 41.3830729 ], [ 2.1798844, 41.3830862 ], [ 2.1797851, 41.3831617 ], [ 2.1793073, 41.383525 ], [ 2.1790289, 41.383739 ], [ 2.1789143, 41.3838264 ], [ 2.1787338, 41.3839657 ], [ 2.1785324, 41.3841202 ], [ 2.178503, 41.3841421 ], [ 2.1784691, 41.3841675 ], [ 2.1778621, 41.384623 ], [ 2.1777206, 41.3847278 ], [ 2.1774725, 41.3849073 ], [ 2.1773312, 41.3850145 ], [ 2.1769485, 41.385305 ], [ 2.1769288, 41.3853197 ], [ 2.1768364, 41.3853845 ], [ 2.1767723, 41.3854319 ], [ 2.1766994, 41.3854841 ], [ 2.1766216, 41.385542 ], [ 2.1765801, 41.3855751 ], [ 2.1765443, 41.3856034 ], [ 2.1757188, 41.3862262 ], [ 2.1756279, 41.3862972 ], [ 2.1755831, 41.3863317 ], [ 2.1754189, 41.3864553 ], [ 2.1752237, 41.3866062 ], [ 2.1751177, 41.3866848 ], [ 2.1750129, 41.3867648 ], [ 2.174707, 41.3869952 ], [ 2.1746047, 41.3870716 ], [ 2.1745717, 41.3870965 ], [ 2.174525, 41.387132 ], [ 2.1743313, 41.387279 ], [ 2.174206, 41.3873753 ], [ 2.174085, 41.3874676 ], [ 2.1740416, 41.3875023 ], [ 2.1728717, 41.3883907 ], [ 2.1727801, 41.3884717 ] ] ] } },
{ "type": "Feature", "properties": { "neighborhood": "el Fort Pienc", "admin_level": "10" }, "geometry": { "type": "Polygon", "coordinates": [ [ [ 2.1733144, 41.3999878 ], [ 2.173528, 41.4000431 ], [ 2.1736533, 41.4000726 ], [ 2.1748502, 41.4003692 ], [ 2.174949, 41.4003986 ], [ 2.1750214, 41.4004245 ], [ 2.1750996, 41.4004566 ], [ 2.1760189, 41.4007048 ], [ 2.1760726, 41.4007365 ], [ 2.1762677, 41.4008504 ], [ 2.1765478, 41.400943 ], [ 2.1766287, 41.4009574 ], [ 2.176679, 41.400971 ], [ 2.1769483, 41.4010413 ], [ 2.1769904, 41.4010524 ], [ 2.1776197, 41.4011987 ], [ 2.1778102, 41.4012445 ], [ 2.1781692, 41.4013379 ], [ 2.1784059, 41.4014084 ], [ 2.1785162, 41.4014433 ], [ 2.1785456, 41.4014516 ], [ 2.1797637, 41.4017527 ], [ 2.1798224, 41.4017685 ], [ 2.1798866, 41.4017832 ], [ 2.1799778, 41.4018059 ], [ 2.1801334, 41.4018475 ], [ 2.1801804, 41.4018593 ], [ 2.1802242, 41.4018713 ], [ 2.1803293, 41.4018972 ], [ 2.1815443, 41.4022026 ], [ 2.1817199, 41.4022444 ], [ 2.1817681, 41.4022563 ], [ 2.1819051, 41.4022904 ], [ 2.1819389, 41.4022984 ], [ 2.1822364, 41.4023718 ], [ 2.1826548, 41.4024747 ], [ 2.1827495, 41.4024976 ], [ 2.1831859, 41.402609 ], [ 2.1833562, 41.4026515 ], [ 2.1833975, 41.4026607 ], [ 2.1834772, 41.4026829 ], [ 2.1835374, 41.4026987 ], [ 2.183666, 41.4027322 ], [ 2.1846553, 41.4029768 ], [ 2.1848887, 41.4030274 ], [ 2.1851252, 41.4030882 ], [ 2.1867727, 41.403512 ], [ 2.1867733, 41.402207 ], [ 2.1867757, 41.4021168 ], [ 2.1867667, 41.4017784 ], [ 2.1867688, 41.4014337 ], [ 2.1867688, 41.4012398 ], [ 2.1867699, 41.4010475 ], [ 2.1867672, 41.4003204 ], [ 2.1867677, 41.40029 ], [ 2.1867685, 41.4001633 ], [ 2.1867715, 41.4000828 ], [ 2.1867636, 41.3996108 ], [ 2.1867632, 41.3995791 ], [ 2.1867605, 41.3987859 ], [ 2.1867602, 41.3987439 ], [ 2.1867587, 41.3986212 ], [ 2.1867636, 41.3984716 ], [ 2.1867494, 41.3979868 ], [ 2.1867513, 41.3978453 ], [ 2.1867514, 41.3978037 ], [ 2.1867497, 41.3970575 ], [ 2.1867498, 41.397022 ], [ 2.1867507, 41.3967187 ], [ 2.186752, 41.3966454 ], [ 2.1867524, 41.3965059 ], [ 2.186751, 41.3964514 ], [ 2.1867447, 41.395984 ], [ 2.1867419, 41.3952219 ], [ 2.1867416, 41.3951834 ], [ 2.1867415, 41.395172 ], [ 2.1867423, 41.3951469 ], [ 2.1867661, 41.3949579 ], [ 2.186755, 41.3949503 ], [ 2.1867349, 41.3949365 ], [ 2.1867099, 41.3949164 ], [ 2.186666, 41.3948668 ], [ 2.1866322, 41.3947756 ], [ 2.1866432, 41.3947202 ], [ 2.1866731, 41.3946689 ], [ 2.1867199, 41.3946252 ], [ 2.1864791, 41.3944443 ], [ 2.186444, 41.3944179 ], [ 2.186331, 41.394331 ], [ 2.1862069, 41.394243 ], [ 2.1860393, 41.3941217 ], [ 2.1858568, 41.3939897 ], [ 2.1858141, 41.3939561 ], [ 2.185581, 41.3937798 ], [ 2.1850025, 41.3933422 ], [ 2.184896, 41.3932658 ], [ 2.1846802, 41.3930985 ], [ 2.1844573, 41.39294 ], [ 2.183814, 41.3924683 ], [ 2.1837416, 41.3924157 ], [ 2.1835358, 41.392266 ], [ 2.1832855, 41.3920791 ], [ 2.1827889, 41.3917158 ], [ 2.1826386, 41.3916027 ], [ 2.1826029, 41.3915727 ], [ 2.1823811, 41.3914119 ], [ 2.1821609, 41.3915798 ], [ 2.1815128, 41.3920799 ], [ 2.1814834, 41.3921026 ], [ 2.181334, 41.3922164 ], [ 2.1811778, 41.3920815 ], [ 2.1811689, 41.3920745 ], [ 2.1806628, 41.3916762 ], [ 2.180643, 41.3916606 ], [ 2.1805473, 41.3915888 ], [ 2.1804348, 41.3915034 ], [ 2.1803099, 41.3914057 ], [ 2.1803137, 41.391462 ], [ 2.1802891, 41.3915038 ], [ 2.1802535, 41.3915335 ], [ 2.18022, 41.3915536 ], [ 2.1802019, 41.3915594 ], [ 2.1801638, 41.3915663 ], [ 2.1801172, 41.391572 ], [ 2.1800959, 41.3915737 ], [ 2.1800175, 41.3915928 ], [ 2.1799732, 41.3916125 ], [ 2.1799343, 41.3916401 ], [ 2.1797156, 41.3918043 ], [ 2.1796905, 41.3918222 ], [ 2.1792816, 41.3921338 ], [ 2.1792418, 41.3921616 ], [ 2.1791018, 41.3922642 ], [ 2.1789858, 41.3923568 ], [ 2.1789655, 41.3923734 ], [ 2.1787682, 41.3925205 ], [ 2.1781585, 41.392982 ], [ 2.178123, 41.3930099 ], [ 2.1780121, 41.3930954 ], [ 2.1779687, 41.3931286 ], [ 2.1778429, 41.393224 ], [ 2.177022, 41.3938427 ], [ 2.176986, 41.3938701 ], [ 2.1768554, 41.3939747 ], [ 2.1767103, 41.3940831 ], [ 2.1763698, 41.3943416 ], [ 2.176321, 41.3943863 ], [ 2.1762966, 41.3944156 ], [ 2.1762795, 41.3944446 ], [ 2.1762719, 41.3944705 ], [ 2.1762621, 41.3945456 ], [ 2.1762541, 41.3946206 ], [ 2.1762383, 41.3946885 ], [ 2.1761972, 41.3948363 ], [ 2.1762004, 41.3949049 ], [ 2.1762, 41.3949353 ], [ 2.1761904, 41.3950236 ], [ 2.1762407, 41.3951408 ], [ 2.1762652, 41.3951986 ], [ 2.1763119, 41.395292 ], [ 2.1763586, 41.3953664 ], [ 2.1763641, 41.3953736 ], [ 2.1763774, 41.3953924 ], [ 2.1765136, 41.3955502 ], [ 2.1766463, 41.3956894 ], [ 2.1766866, 41.3957367 ], [ 2.1768324, 41.3958508 ], [ 2.1768524, 41.3958657 ], [ 2.1771329, 41.396081 ], [ 2.1771701, 41.3961103 ], [ 2.1776365, 41.3964556 ], [ 2.1776675, 41.3964786 ], [ 2.1778182, 41.3965913 ], [ 2.1777308, 41.3966569 ], [ 2.1777134, 41.3966694 ], [ 2.1776657, 41.3967023 ], [ 2.1776453, 41.3967175 ], [ 2.1775725, 41.3967757 ], [ 2.1775472, 41.3967946 ], [ 2.1771404, 41.3970999 ], [ 2.177041, 41.3971746 ], [ 2.1767725, 41.3973761 ], [ 2.1765809, 41.3975198 ], [ 2.176526, 41.3975611 ], [ 2.1763646, 41.397682 ], [ 2.1756283, 41.3982311 ], [ 2.1755984, 41.3982542 ], [ 2.1754596, 41.3983613 ], [ 2.1754165, 41.3983937 ], [ 2.1752146, 41.3985431 ], [ 2.1751643, 41.398579 ], [ 2.1745446, 41.399052 ], [ 2.1743452, 41.3991981 ], [ 2.1742882, 41.3992399 ], [ 2.1740354, 41.39943 ], [ 2.1740143, 41.3994459 ], [ 2.1739984, 41.3994579 ], [ 2.1739775, 41.3994736 ], [ 2.1735714, 41.3997884 ], [ 2.1735239, 41.3998275 ], [ 2.1735088, 41.399839 ], [ 2.1734391, 41.3998951 ], [ 2.1734231, 41.3999074 ], [ 2.1733573, 41.3999545 ], [ 2.1733283, 41.3999772 ], [ 2.1733144, 41.3999878 ] ] ] } },
{ "type": "Feature", "properties": { "neighborhood": "la Sagrada Família", "admin_level": "10" }, "geometry": { "type": "Polygon", "coordinates": [ [ [ 2.1686751, 41.4069301 ], [ 2.1686938, 41.4069443 ], [ 2.168867, 41.4070732 ], [ 2.1689019, 41.4070992 ], [ 2.1697709, 41.4077575 ], [ 2.1697886, 41.4077709 ], [ 2.1699226, 41.4078725 ], [ 2.1699549, 41.4078969 ], [ 2.1701999, 41.4080882 ], [ 2.1702336, 41.4081145 ], [ 2.1703928, 41.4082388 ], [ 2.1707822, 41.4085289 ], [ 2.1707959, 41.4085391 ], [ 2.1710223, 41.4087147 ], [ 2.1712107, 41.408851 ], [ 2.171233, 41.4088675 ], [ 2.1713998, 41.4089904 ], [ 2.1718791, 41.4093434 ], [ 2.1719078, 41.4093645 ], [ 2.1721309, 41.409531 ], [ 2.1722982, 41.409655 ], [ 2.1723244, 41.4096748 ], [ 2.1723732, 41.4097116 ], [ 2.1723923, 41.409726 ], [ 2.1724231, 41.4097492 ], [ 2.1726395, 41.4099121 ], [ 2.1730119, 41.4101924 ], [ 2.1732395, 41.4103634 ], [ 2.1732768, 41.4103925 ], [ 2.1734463, 41.4105228 ], [ 2.1734767, 41.4105454 ], [ 2.1738299, 41.4108143 ], [ 2.1740232, 41.41096 ], [ 2.1742534, 41.4111291 ], [ 2.1743418, 41.4111937 ], [ 2.1745364, 41.4113572 ], [ 2.1745785, 41.4113887 ], [ 2.1746765, 41.4114618 ], [ 2.1749114, 41.4116373 ], [ 2.1751644, 41.4118263 ], [ 2.1752032, 41.4118552 ], [ 2.1754414, 41.4120331 ], [ 2.1754984, 41.411991 ], [ 2.1756595, 41.4118714 ], [ 2.176008, 41.4116132 ], [ 2.1760229, 41.4116021 ], [ 2.176324, 41.4113811 ], [ 2.1763779, 41.4113396 ], [ 2.1765417, 41.4112134 ], [ 2.1765987, 41.4111712 ], [ 2.1767441, 41.4110686 ], [ 2.1767921, 41.4110296 ], [ 2.1768463, 41.4109851 ], [ 2.1770089, 41.4108585 ], [ 2.1771473, 41.4107507 ], [ 2.1774745, 41.41049 ], [ 2.177505, 41.4104659 ], [ 2.1777023, 41.4103174 ], [ 2.1777529, 41.4102814 ], [ 2.177893, 41.4101761 ], [ 2.1782898, 41.4098683 ], [ 2.1785809, 41.4096567 ], [ 2.1786127, 41.4096319 ], [ 2.1788009, 41.409485 ], [ 2.1788566, 41.4094433 ], [ 2.1790458, 41.4093081 ], [ 2.1791343, 41.4092415 ], [ 2.1797792, 41.4087563 ], [ 2.1800059, 41.4085836 ], [ 2.1800464, 41.4085527 ], [ 2.1802209, 41.4084224 ], [ 2.1804648, 41.4082386 ], [ 2.1808263, 41.4079569 ], [ 2.180857, 41.407933 ], [ 2.1811089, 41.4077373 ], [ 2.1811411, 41.4077121 ], [ 2.1812727, 41.4076124 ], [ 2.1813023, 41.40759 ], [ 2.1819917, 41.4070674 ], [ 2.1820208, 41.4070454 ], [ 2.1820355, 41.4070343 ], [ 2.1822149, 41.4069027 ], [ 2.1822443, 41.4068797 ], [ 2.1823861, 41.4067651 ], [ 2.1824251, 41.4067352 ], [ 2.1830087, 41.4062892 ], [ 2.1830986, 41.4062299 ], [ 2.1832181, 41.406145 ], [ 2.183259, 41.4061159 ], [ 2.1833084, 41.4060806 ], [ 2.183377, 41.4060356 ], [ 2.1834399, 41.4059891 ], [ 2.1835777, 41.4058856 ], [ 2.184219, 41.4054091 ], [ 2.1842883, 41.4053576 ], [ 2.1844755, 41.4052134 ], [ 2.1845192, 41.4051819 ], [ 2.1845751, 41.4051379 ], [ 2.1845871, 41.4051288 ], [ 2.1847064, 41.4050382 ], [ 2.1851055, 41.4047354 ], [ 2.1867727, 41.403512 ], [ 2.1851252, 41.4030882 ], [ 2.1848887, 41.4030274 ], [ 2.1846553, 41.4029768 ], [ 2.183666, 41.4027322 ], [ 2.1835374, 41.4026987 ], [ 2.1834772, 41.4026829 ], [ 2.1833975, 41.4026607 ], [ 2.1833562, 41.4026515 ], [ 2.1831859, 41.402609 ], [ 2.1827495, 41.4024976 ], [ 2.1826548, 41.4024747 ], [ 2.1822364, 41.4023718 ], [ 2.1819389, 41.4022984 ], [ 2.1819051, 41.4022904 ], [ 2.1817681, 41.4022563 ], [ 2.1817199, 41.4022444 ], [ 2.1815443, 41.4022026 ], [ 2.1803293, 41.4018972 ], [ 2.1802242, 41.4018713 ], [ 2.1801804, 41.4018593 ], [ 2.1801334, 41.4018475 ], [ 2.1799778, 41.4018059 ], [ 2.1798866, 41.4017832 ], [ 2.1798224, 41.4017685 ], [ 2.1797637, 41.4017527 ], [ 2.1785456, 41.4014516 ], [ 2.1785162, 41.4014433 ], [ 2.1784059, 41.4014084 ], [ 2.1781692, 41.4013379 ], [ 2.1778102, 41.4012445 ], [ 2.1776197, 41.4011987 ], [ 2.1769904, 41.4010524 ], [ 2.1769483, 41.4010413 ], [ 2.176679, 41.400971 ], [ 2.1766287, 41.4009574 ], [ 2.1765478, 41.400943 ], [ 2.1762677, 41.4008504 ], [ 2.1760726, 41.4007365 ], [ 2.1760189, 41.4007048 ], [ 2.1750996, 41.4004566 ], [ 2.1750214, 41.4004245 ], [ 2.174949, 41.4003986 ], [ 2.1748502, 41.4003692 ], [ 2.1736533, 41.4000726 ], [ 2.173528, 41.4000431 ], [ 2.1733144, 41.3999878 ], [ 2.173272, 41.4000193 ], [ 2.1731778, 41.4000836 ], [ 2.1731235, 41.4001211 ], [ 2.1730427, 41.4001859 ], [ 2.1730175, 41.4002043 ], [ 2.1728883, 41.4002988 ], [ 2.1725558, 41.4005536 ], [ 2.1724181, 41.4006594 ], [ 2.1722473, 41.4007898 ], [ 2.1722028, 41.4008248 ], [ 2.1720843, 41.4009218 ], [ 2.1720329, 41.4009598 ], [ 2.1718685, 41.4010858 ], [ 2.1718295, 41.4011157 ], [ 2.1717447, 41.4011805 ], [ 2.171516, 41.4013552 ], [ 2.1714628, 41.4013943 ], [ 2.1711199, 41.4016534 ], [ 2.1709296, 41.4017911 ], [ 2.1709044, 41.4018113 ], [ 2.1706749, 41.4019824 ], [ 2.1706468, 41.4020031 ], [ 2.1699977, 41.4024808 ], [ 2.1699876, 41.4024885 ], [ 2.1697614, 41.4026545 ], [ 2.1698077, 41.4026916 ], [ 2.1699869, 41.402834 ], [ 2.1702371, 41.4030251 ], [ 2.1702867, 41.4030634 ], [ 2.1705636, 41.4032682 ], [ 2.1706842, 41.4033573 ], [ 2.1707053, 41.403373 ], [ 2.170901, 41.4035224 ], [ 2.1710994, 41.4036672 ], [ 2.1718181, 41.4041966 ], [ 2.1718373, 41.404212 ], [ 2.1720527, 41.4043697 ], [ 2.1718291, 41.4045406 ], [ 2.1718069, 41.4045575 ], [ 2.1711227, 41.4050751 ], [ 2.1710791, 41.405108 ], [ 2.1709113, 41.4052311 ], [ 2.1706773, 41.4054065 ], [ 2.170648, 41.4054278 ], [ 2.1706373, 41.4054362 ], [ 2.1706261, 41.405445 ], [ 2.1704587, 41.4055792 ], [ 2.1700176, 41.4059108 ], [ 2.1699746, 41.4059432 ], [ 2.1698152, 41.4060666 ], [ 2.1697697, 41.4061008 ], [ 2.169571, 41.4062503 ], [ 2.1695363, 41.4062764 ], [ 2.168871, 41.4067817 ], [ 2.1688492, 41.4067982 ], [ 2.1686751, 41.4069301 ] ] ] } },
{ "type": "Feature", "properties": { "neighborhood": "la Dreta de l'Eixample", "admin_level": "10" }, "geometry": { "type": "Polygon", "coordinates": [ [ [ 2.1547106, 41.3953225 ], [ 2.154918, 41.3953749 ], [ 2.1549764, 41.3953896 ], [ 2.1550156, 41.3953995 ], [ 2.1553217, 41.3954795 ], [ 2.1554327, 41.3955053 ], [ 2.1554885, 41.3955191 ], [ 2.1555235, 41.3955277 ], [ 2.1556097, 41.3955488 ], [ 2.1556638, 41.395562 ], [ 2.1558673, 41.395612 ], [ 2.155903, 41.3956214 ], [ 2.1559577, 41.3956355 ], [ 2.1568968, 41.3958768 ], [ 2.1569464, 41.3958891 ], [ 2.1583322, 41.396238 ], [ 2.1589555, 41.396395 ], [ 2.158998, 41.3964044 ], [ 2.1592558, 41.3965486 ], [ 2.1593728, 41.396702 ], [ 2.1595526, 41.3967327 ], [ 2.1596746, 41.3967553 ], [ 2.1597886, 41.3968659 ], [ 2.1598199, 41.396889 ], [ 2.1598619, 41.3969221 ], [ 2.1598941, 41.3969431 ], [ 2.1601453, 41.3971357 ], [ 2.1603945, 41.3973269 ], [ 2.160509, 41.3974113 ], [ 2.1605458, 41.3974418 ], [ 2.1606375, 41.397508 ], [ 2.1607972, 41.3976222 ], [ 2.1609478, 41.3977296 ], [ 2.160962, 41.3977385 ], [ 2.1611132, 41.39786 ], [ 2.1611859, 41.3979158 ], [ 2.1615785, 41.3982034 ], [ 2.1616698, 41.3982703 ], [ 2.1617167, 41.3983078 ], [ 2.161808, 41.3983797 ], [ 2.1618256, 41.3983927 ], [ 2.1620467, 41.3985698 ], [ 2.1620824, 41.3985972 ], [ 2.1624039, 41.3988373 ], [ 2.1627284, 41.3990733 ], [ 2.1629609, 41.3992441 ], [ 2.163195, 41.3994271 ], [ 2.1634185, 41.3995975 ], [ 2.1639065, 41.3999695 ], [ 2.1640916, 41.4001106 ], [ 2.1643074, 41.4002751 ], [ 2.1643343, 41.4002956 ], [ 2.1645512, 41.400461 ], [ 2.1650345, 41.4008294 ], [ 2.1652342, 41.4009816 ], [ 2.1654582, 41.4011499 ], [ 2.1654925, 41.4011756 ], [ 2.1657216, 41.4013534 ], [ 2.1659186, 41.4015051 ], [ 2.166014, 41.4015758 ], [ 2.1660673, 41.4016148 ], [ 2.1661061, 41.4016659 ], [ 2.1661242, 41.4016911 ], [ 2.166154, 41.4017435 ], [ 2.166257, 41.4016643 ], [ 2.1665045, 41.4014792 ], [ 2.1666998, 41.4013319 ], [ 2.1670917, 41.4010316 ], [ 2.1671193, 41.4010125 ], [ 2.1673388, 41.4008318 ], [ 2.1673755, 41.4008591 ], [ 2.1674667, 41.4009269 ], [ 2.1675128, 41.4009612 ], [ 2.1676523, 41.4010649 ], [ 2.1676784, 41.4010843 ], [ 2.1678664, 41.4012273 ], [ 2.1684477, 41.4016632 ], [ 2.1684664, 41.4016768 ], [ 2.1686726, 41.4018319 ], [ 2.168865, 41.4019727 ], [ 2.1692472, 41.4022583 ], [ 2.1695608, 41.4024994 ], [ 2.1695767, 41.4025118 ], [ 2.1697614, 41.4026545 ], [ 2.1699876, 41.4024885 ], [ 2.1699977, 41.4024808 ], [ 2.1706468, 41.4020031 ], [ 2.1706749, 41.4019824 ], [ 2.1709044, 41.4018113 ], [ 2.1709296, 41.4017911 ], [ 2.1711199, 41.4016534 ], [ 2.1714628, 41.4013943 ], [ 2.171516, 41.4013552 ], [ 2.1717447, 41.4011805 ], [ 2.1718295, 41.4011157 ], [ 2.1718685, 41.4010858 ], [ 2.1720329, 41.4009598 ], [ 2.1720843, 41.4009218 ], [ 2.1722028, 41.4008248 ], [ 2.1722473, 41.4007898 ], [ 2.1724181, 41.4006594 ], [ 2.1725558, 41.4005536 ], [ 2.1728883, 41.4002988 ], [ 2.1730175, 41.4002043 ], [ 2.1730427, 41.4001859 ], [ 2.1731235, 41.4001211 ], [ 2.1731778, 41.4000836 ], [ 2.173272, 41.4000193 ], [ 2.1733144, 41.3999878 ], [ 2.1733283, 41.3999772 ], [ 2.1733573, 41.3999545 ], [ 2.1734231, 41.3999074 ], [ 2.1734391, 41.3998951 ], [ 2.1735088, 41.399839 ], [ 2.1735239, 41.3998275 ], [ 2.1735714, 41.3997884 ], [ 2.1739775, 41.3994736 ], [ 2.1739984, 41.3994579 ], [ 2.1740143, 41.3994459 ], [ 2.1740354, 41.39943 ], [ 2.1742882, 41.3992399 ], [ 2.1743452, 41.3991981 ], [ 2.1745446, 41.399052 ], [ 2.1751643, 41.398579 ], [ 2.1752146, 41.3985431 ], [ 2.1754165, 41.3983937 ], [ 2.1754596, 41.3983613 ], [ 2.1755984, 41.3982542 ], [ 2.1756283, 41.3982311 ], [ 2.1763646, 41.397682 ], [ 2.176526, 41.3975611 ], [ 2.1765809, 41.3975198 ], [ 2.1767725, 41.3973761 ], [ 2.177041, 41.3971746 ], [ 2.1771404, 41.3970999 ], [ 2.1775472, 41.3967946 ], [ 2.1775725, 41.3967757 ], [ 2.1776453, 41.3967175 ], [ 2.1776657, 41.3967023 ], [ 2.1777134, 41.3966694 ], [ 2.1777308, 41.3966569 ], [ 2.1778182, 41.3965913 ], [ 2.1776675, 41.3964786 ], [ 2.1776365, 41.3964556 ], [ 2.1771701, 41.3961103 ], [ 2.1771329, 41.396081 ], [ 2.1768524, 41.3958657 ], [ 2.1768324, 41.3958508 ], [ 2.1766866, 41.3957367 ], [ 2.1766463, 41.3956894 ], [ 2.1765136, 41.3955502 ], [ 2.1763774, 41.3953924 ], [ 2.1763641, 41.3953736 ], [ 2.1763586, 41.3953664 ], [ 2.1763119, 41.395292 ], [ 2.1762652, 41.3951986 ], [ 2.1762407, 41.3951408 ], [ 2.1761904, 41.3950236 ], [ 2.1762, 41.3949353 ], [ 2.1762004, 41.3949049 ], [ 2.1761972, 41.3948363 ], [ 2.1762383, 41.3946885 ], [ 2.1762541, 41.3946206 ], [ 2.1762621, 41.3945456 ], [ 2.1762719, 41.3944705 ], [ 2.1762795, 41.3944446 ], [ 2.1762966, 41.3944156 ], [ 2.176321, 41.3943863 ], [ 2.1763698, 41.3943416 ], [ 2.1767103, 41.3940831 ], [ 2.1768554, 41.3939747 ], [ 2.176986, 41.3938701 ], [ 2.177022, 41.3938427 ], [ 2.1778429, 41.393224 ], [ 2.1779687, 41.3931286 ], [ 2.1780121, 41.3930954 ], [ 2.178123, 41.3930099 ], [ 2.1781585, 41.392982 ], [ 2.1787682, 41.3925205 ], [ 2.1789655, 41.3923734 ], [ 2.1789858, 41.3923568 ], [ 2.1791018, 41.3922642 ], [ 2.1792418, 41.3921616 ], [ 2.1792816, 41.3921338 ], [ 2.1796905, 41.3918222 ], [ 2.1797156, 41.3918043 ], [ 2.1799343, 41.3916401 ], [ 2.1799732, 41.3916125 ], [ 2.1800175, 41.3915928 ], [ 2.1800959, 41.3915737 ], [ 2.1801172, 41.391572 ], [ 2.1801638, 41.3915663 ], [ 2.1802019, 41.3915594 ], [ 2.18022, 41.3915536 ], [ 2.1802535, 41.3915335 ], [ 2.1802891, 41.3915038 ], [ 2.1803137, 41.391462 ], [ 2.1803099, 41.3914057 ], [ 2.1802518, 41.3913548 ], [ 2.1802381, 41.3913427 ], [ 2.1802089, 41.3913232 ], [ 2.1801883, 41.3913086 ], [ 2.1800147, 41.3911709 ], [ 2.1799183, 41.3911006 ], [ 2.1797633, 41.3910091 ], [ 2.1796961, 41.3909826 ], [ 2.1791186, 41.3907553 ], [ 2.1784705, 41.3905049 ], [ 2.177557, 41.3901653 ], [ 2.1773975, 41.3900937 ], [ 2.1773652, 41.3900703 ], [ 2.1772564, 41.3899932 ], [ 2.1772217, 41.3899686 ], [ 2.1769405, 41.3897513 ], [ 2.176903, 41.389722 ], [ 2.1764867, 41.389417 ], [ 2.1762337, 41.3892243 ], [ 2.1761528, 41.3891609 ], [ 2.1760538, 41.3890847 ], [ 2.1760227, 41.3890608 ], [ 2.1758863, 41.3889575 ], [ 2.1756722, 41.3889572 ], [ 2.1756383, 41.3889566 ], [ 2.1739023, 41.3889554 ], [ 2.1737424, 41.3889558 ], [ 2.1737004, 41.3889557 ], [ 2.1736617, 41.3889565 ], [ 2.1736039, 41.3889556 ], [ 2.1735489, 41.3889531 ], [ 2.1735033, 41.3889497 ], [ 2.1734584, 41.3889423 ], [ 2.173386, 41.3889147 ], [ 2.1733529, 41.3888884 ], [ 2.1732975, 41.3888443 ], [ 2.1732607, 41.3888171 ], [ 2.1729477, 41.3885995 ], [ 2.1729275, 41.3885828 ], [ 2.1727801, 41.3884717 ], [ 2.1726872, 41.3883875 ], [ 2.1726538, 41.3883555 ], [ 2.1724313, 41.3880631 ], [ 2.1722873, 41.3878901 ], [ 2.1716374, 41.3871508 ], [ 2.1715873, 41.3871051 ], [ 2.1715574, 41.3870769 ], [ 2.1715179, 41.3870514 ], [ 2.171476, 41.3870271 ], [ 2.1713707, 41.3869857 ], [ 2.1712248, 41.3869292 ], [ 2.1711846, 41.3869032 ], [ 2.1711329, 41.3868709 ], [ 2.1711143, 41.3868517 ], [ 2.170912, 41.3866204 ], [ 2.1708387, 41.3865361 ], [ 2.1703254, 41.3859449 ], [ 2.1702358, 41.3858532 ], [ 2.1701372, 41.3857548 ], [ 2.169962, 41.3856746 ], [ 2.169884, 41.3856436 ], [ 2.1697998, 41.385609 ], [ 2.1695921, 41.3855616 ], [ 2.1694138, 41.3855548 ], [ 2.1693407, 41.3855539 ], [ 2.169282, 41.385557 ], [ 2.1677232, 41.3856996 ], [ 2.1676769, 41.3857051 ], [ 2.1676016, 41.3857142 ], [ 2.1674744, 41.3857356 ], [ 2.1671768, 41.3857286 ], [ 2.1671584, 41.38573 ], [ 2.1671374, 41.3857316 ], [ 2.1670994, 41.3857345 ], [ 2.1668613, 41.3857546 ], [ 2.166705, 41.3857677 ], [ 2.1658141, 41.3858428 ], [ 2.165642, 41.3858604 ], [ 2.1652965, 41.3858885 ], [ 2.1652568, 41.3858924 ], [ 2.1651743, 41.3858996 ], [ 2.1651046, 41.385906 ], [ 2.1648808, 41.3859271 ], [ 2.1646966, 41.3859404 ], [ 2.1646006, 41.3859717 ], [ 2.1645456, 41.3859911 ], [ 2.1645053, 41.3860142 ], [ 2.164331, 41.3861433 ], [ 2.1642964, 41.3861675 ], [ 2.1644249, 41.3862669 ], [ 2.1652979, 41.3869325 ], [ 2.1653474, 41.3869702 ], [ 2.1655422, 41.3871122 ], [ 2.1655195, 41.3871297 ], [ 2.1655032, 41.3871405 ], [ 2.1653796, 41.3872305 ], [ 2.1652595, 41.3873184 ], [ 2.1652383, 41.3873354 ], [ 2.1651716, 41.3873856 ], [ 2.1650676, 41.3874658 ], [ 2.1650175, 41.3875044 ], [ 2.1647589, 41.3877039 ], [ 2.1647338, 41.3877232 ], [ 2.1643154, 41.3880458 ], [ 2.1641217, 41.3881942 ], [ 2.1640852, 41.3882222 ], [ 2.1639326, 41.3883392 ], [ 2.1638967, 41.3883666 ], [ 2.1636939, 41.388522 ], [ 2.1635411, 41.3886391 ], [ 2.1634329, 41.388722 ], [ 2.1632068, 41.3888953 ], [ 2.1631484, 41.3889382 ], [ 2.1630314, 41.3890295 ], [ 2.1629943, 41.3890581 ], [ 2.1628464, 41.3891656 ], [ 2.1627993, 41.3892022 ], [ 2.162763, 41.3892299 ], [ 2.1624736, 41.3894542 ], [ 2.162372, 41.3895309 ], [ 2.162344, 41.389552 ], [ 2.1621125, 41.3897267 ], [ 2.1619303, 41.3898682 ], [ 2.1618703, 41.3899148 ], [ 2.1616435, 41.3900935 ], [ 2.161618, 41.3901119 ], [ 2.1611898, 41.3904204 ], [ 2.1609303, 41.3906073 ], [ 2.1607366, 41.390741 ], [ 2.1606953, 41.3907695 ], [ 2.1605295, 41.3908944 ], [ 2.1601951, 41.3911447 ], [ 2.1597831, 41.391454 ], [ 2.1596233, 41.3915728 ], [ 2.1595883, 41.3916003 ], [ 2.1593877, 41.391753 ], [ 2.1593589, 41.3917749 ], [ 2.1589653, 41.3920747 ], [ 2.1586676, 41.3923015 ], [ 2.1586414, 41.392321 ], [ 2.1585232, 41.39241 ], [ 2.1584718, 41.3924507 ], [ 2.1582741, 41.3926049 ], [ 2.1582313, 41.3926356 ], [ 2.1580597, 41.3927676 ], [ 2.1575442, 41.3931643 ], [ 2.1573601, 41.3933081 ], [ 2.1571619, 41.3934699 ], [ 2.1571359, 41.3934887 ], [ 2.1569489, 41.3936181 ], [ 2.1564118, 41.3940219 ], [ 2.1562201, 41.3941769 ], [ 2.1560198, 41.3943276 ], [ 2.1559949, 41.3943465 ], [ 2.1554455, 41.3947625 ], [ 2.1551765, 41.3949663 ], [ 2.1551106, 41.3950168 ], [ 2.1550509, 41.3950638 ], [ 2.1550336, 41.3950769 ], [ 2.1549263, 41.3951583 ], [ 2.1548421, 41.3952254 ], [ 2.1548237, 41.3952384 ], [ 2.15476, 41.3952848 ], [ 2.1547192, 41.3953159 ], [ 2.1547106, 41.3953225 ] ] ] } },
{ "type": "Feature", "properties": { "neighborhood": "l'Antiga Esquerra de l'Eixample", "admin_level": "10" }, "geometry": { "type": "Polygon", "coordinates": [ [ [ 2.1434684, 41.3905182 ], [ 2.1435087, 41.3906587 ], [ 2.1435168, 41.3906857 ], [ 2.1435788, 41.3908916 ], [ 2.1436912, 41.3912789 ], [ 2.1437088, 41.3913298 ], [ 2.1437282, 41.391383 ], [ 2.1437704, 41.3914848 ], [ 2.1438298, 41.391625 ], [ 2.143875, 41.3917347 ], [ 2.1439221, 41.3918428 ], [ 2.1440133, 41.3920574 ], [ 2.1440556, 41.3921592 ], [ 2.1440771, 41.3922144 ], [ 2.1440877, 41.392236 ], [ 2.1441139, 41.3922896 ], [ 2.1441928, 41.3924418 ], [ 2.1444956, 41.3926972 ], [ 2.1448566, 41.3928846 ], [ 2.1449218, 41.3929221 ], [ 2.1450117, 41.3929073 ], [ 2.1450581, 41.3929087 ], [ 2.1451053, 41.3929126 ], [ 2.1451608, 41.3929192 ], [ 2.1452046, 41.3929258 ], [ 2.1453337, 41.3929451 ], [ 2.1455482, 41.3930039 ], [ 2.1456004, 41.3930171 ], [ 2.1457538, 41.3930564 ], [ 2.1458119, 41.3930707 ], [ 2.1459331, 41.3931005 ], [ 2.1460772, 41.3931369 ], [ 2.1462577, 41.3931826 ], [ 2.1464255, 41.3932262 ], [ 2.1476713, 41.3935407 ], [ 2.1477231, 41.3935538 ], [ 2.1479156, 41.3936 ], [ 2.1481276, 41.3936553 ], [ 2.1481776, 41.393668 ], [ 2.1493841, 41.3939748 ], [ 2.1494187, 41.3939838 ], [ 2.1496249, 41.3940367 ], [ 2.1498079, 41.3940812 ], [ 2.1498589, 41.394094 ], [ 2.1504411, 41.3942399 ], [ 2.1504742, 41.3942481 ], [ 2.1509755, 41.3943729 ], [ 2.1510815, 41.394399 ], [ 2.1511118, 41.3944065 ], [ 2.1513026, 41.3944543 ], [ 2.1515113, 41.3945083 ], [ 2.1515715, 41.3945236 ], [ 2.1530474, 41.3948998 ], [ 2.1530954, 41.394912 ], [ 2.1531484, 41.3949261 ], [ 2.1532039, 41.3949402 ], [ 2.1544991, 41.3952685 ], [ 2.1545312, 41.3952766 ], [ 2.1547106, 41.3953225 ], [ 2.1547192, 41.3953159 ], [ 2.15476, 41.3952848 ], [ 2.1548237, 41.3952384 ], [ 2.1548421, 41.3952254 ], [ 2.1549263, 41.3951583 ], [ 2.1550336, 41.3950769 ], [ 2.1550509, 41.3950638 ], [ 2.1551106, 41.3950168 ], [ 2.1551765, 41.3949663 ], [ 2.1554455, 41.3947625 ], [ 2.1559949, 41.3943465 ], [ 2.1560198, 41.3943276 ], [ 2.1562201, 41.3941769 ], [ 2.1564118, 41.3940219 ], [ 2.1569489, 41.3936181 ], [ 2.1571359, 41.3934887 ], [ 2.1571619, 41.3934699 ], [ 2.1573601, 41.3933081 ], [ 2.1575442, 41.3931643 ], [ 2.1580597, 41.3927676 ], [ 2.1582313, 41.3926356 ], [ 2.1582741, 41.3926049 ], [ 2.1584718, 41.3924507 ], [ 2.1585232, 41.39241 ], [ 2.1586414, 41.392321 ], [ 2.1586676, 41.3923015 ], [ 2.1589653, 41.3920747 ], [ 2.1593589, 41.3917749 ], [ 2.1593877, 41.391753 ], [ 2.1595883, 41.3916003 ], [ 2.1596233, 41.3915728 ], [ 2.1597831, 41.391454 ], [ 2.1601951, 41.3911447 ], [ 2.1605295, 41.3908944 ], [ 2.1606953, 41.3907695 ], [ 2.1607366, 41.390741 ], [ 2.1609303, 41.3906073 ], [ 2.1611898, 41.3904204 ], [ 2.161618, 41.3901119 ], [ 2.1616435, 41.3900935 ], [ 2.1618703, 41.3899148 ], [ 2.1619303, 41.3898682 ], [ 2.1621125, 41.3897267 ], [ 2.162344, 41.389552 ], [ 2.162372, 41.3895309 ], [ 2.1624736, 41.3894542 ], [ 2.162763, 41.3892299 ], [ 2.1627993, 41.3892022 ], [ 2.1628464, 41.3891656 ], [ 2.1629943, 41.3890581 ], [ 2.1630314, 41.3890295 ], [ 2.1631484, 41.3889382 ], [ 2.1632068, 41.3888953 ], [ 2.1634329, 41.388722 ], [ 2.1635411, 41.3886391 ], [ 2.1636939, 41.388522 ], [ 2.1638967, 41.3883666 ], [ 2.1639326, 41.3883392 ], [ 2.1640852, 41.3882222 ], [ 2.1641217, 41.3881942 ], [ 2.1643154, 41.3880458 ], [ 2.1647338, 41.3877232 ], [ 2.1647589, 41.3877039 ], [ 2.1650175, 41.3875044 ], [ 2.1650676, 41.3874658 ], [ 2.1651716, 41.3873856 ], [ 2.1652383, 41.3873354 ], [ 2.1652595, 41.3873184 ], [ 2.1653796, 41.3872305 ], [ 2.1655032, 41.3871405 ], [ 2.1655195, 41.3871297 ], [ 2.1655422, 41.3871122 ], [ 2.1653474, 41.3869702 ], [ 2.1652979, 41.3869325 ], [ 2.1644249, 41.3862669 ], [ 2.1642964, 41.3861675 ], [ 2.164148, 41.3860528 ], [ 2.1641192, 41.3860315 ], [ 2.1633954, 41.3854943 ], [ 2.1632779, 41.3854109 ], [ 2.1631612, 41.3853324 ], [ 2.1631353, 41.3853132 ], [ 2.1623003, 41.3846883 ], [ 2.1621925, 41.3846044 ], [ 2.1621251, 41.3845514 ], [ 2.161983, 41.3844467 ], [ 2.1619547, 41.3844268 ], [ 2.161174, 41.3838408 ], [ 2.1610069, 41.3837171 ], [ 2.1608508, 41.3836001 ], [ 2.1608234, 41.3835794 ], [ 2.1600316, 41.3829847 ], [ 2.15988, 41.3828653 ], [ 2.1597174, 41.3827449 ], [ 2.1597005, 41.3827328 ], [ 2.1589148, 41.3821448 ], [ 2.1587491, 41.3820118 ], [ 2.1587306, 41.3820263 ], [ 2.1586922, 41.3820551 ], [ 2.1586686, 41.3820729 ], [ 2.1585938, 41.3821292 ], [ 2.1584753, 41.3822183 ], [ 2.1584298, 41.3822528 ], [ 2.1584154, 41.3822634 ], [ 2.1582982, 41.3823515 ], [ 2.1579377, 41.3826227 ], [ 2.1576433, 41.3828442 ], [ 2.1575866, 41.3828868 ], [ 2.1575482, 41.3829148 ], [ 2.1575237, 41.3829341 ], [ 2.1573254, 41.3830833 ], [ 2.1572902, 41.3831098 ], [ 2.157104, 41.3832493 ], [ 2.15708, 41.3832683 ], [ 2.1566455, 41.3836067 ], [ 2.1564576, 41.383753 ], [ 2.1564399, 41.3837673 ], [ 2.1563852, 41.3838117 ], [ 2.1561035, 41.3840286 ], [ 2.1560812, 41.3840458 ], [ 2.1560732, 41.384052 ], [ 2.1559877, 41.3841179 ], [ 2.1555231, 41.3844665 ], [ 2.1553325, 41.3846065 ], [ 2.1552949, 41.3846342 ], [ 2.1551152, 41.3847646 ], [ 2.1550811, 41.3847914 ], [ 2.1548876, 41.3849295 ], [ 2.1548412, 41.3849626 ], [ 2.1547751, 41.3850111 ], [ 2.1546123, 41.3851276 ], [ 2.1545907, 41.385143 ], [ 2.1545067, 41.3852037 ], [ 2.1543898, 41.3853008 ], [ 2.1541892, 41.3854568 ], [ 2.1540774, 41.3855437 ], [ 2.1540546, 41.3855614 ], [ 2.153948, 41.385645 ], [ 2.153902, 41.38568 ], [ 2.153509, 41.3859828 ], [ 2.1532906, 41.3861422 ], [ 2.1530734, 41.3863144 ], [ 2.1530512, 41.3863319 ], [ 2.1528661, 41.3864667 ], [ 2.1528206, 41.3864995 ], [ 2.1526139, 41.3866638 ], [ 2.1520813, 41.3870644 ], [ 2.1519413, 41.3871697 ], [ 2.1519144, 41.3871899 ], [ 2.1518908, 41.3872077 ], [ 2.1518344, 41.3872501 ], [ 2.1517829, 41.3872889 ], [ 2.1517351, 41.3873247 ], [ 2.1517168, 41.3873375 ], [ 2.1516843, 41.387363 ], [ 2.1516714, 41.3873727 ], [ 2.1514614, 41.3875306 ], [ 2.1508023, 41.3880263 ], [ 2.1507853, 41.3880384 ], [ 2.1505536, 41.3882205 ], [ 2.1503526, 41.3883646 ], [ 2.14968, 41.3888703 ], [ 2.1496534, 41.3888903 ], [ 2.1494941, 41.3890107 ], [ 2.1494154, 41.3890741 ], [ 2.1491909, 41.3892328 ], [ 2.1491655, 41.3892514 ], [ 2.1489478, 41.3894109 ], [ 2.1488089, 41.3895145 ], [ 2.1485427, 41.3897129 ], [ 2.1485234, 41.3897273 ], [ 2.1484546, 41.3897698 ], [ 2.1481906, 41.3898089 ], [ 2.1480538, 41.3898352 ], [ 2.1480294, 41.3898394 ], [ 2.1479125, 41.3898578 ], [ 2.1470273, 41.3899978 ], [ 2.1465863, 41.3900676 ], [ 2.1465543, 41.3900718 ], [ 2.1463657, 41.3901012 ], [ 2.1462804, 41.390113 ], [ 2.1461354, 41.3901343 ], [ 2.1460883, 41.3901402 ], [ 2.1456243, 41.3902116 ], [ 2.1449945, 41.3903054 ], [ 2.1447613, 41.3903376 ], [ 2.1444043, 41.3903918 ], [ 2.1439782, 41.3904565 ], [ 2.1439504, 41.3904607 ], [ 2.1438377, 41.3904785 ], [ 2.1437791, 41.3904842 ], [ 2.1437373, 41.3904888 ], [ 2.1436518, 41.3904981 ], [ 2.1435632, 41.3905073 ], [ 2.1435231, 41.3905122 ], [ 2.1434684, 41.3905182 ] ] ] } },
{ "type": "Feature", "properties": { "neighborhood": "la Nova Esquerra de l'Eixample", "admin_level": "10" }, "geometry": { "type": "Polygon", "coordinates": [ [ [ 2.1420218, 41.380798 ], [ 2.142085, 41.3808489 ], [ 2.1421224, 41.3809004 ], [ 2.1421456, 41.380948 ], [ 2.1421497, 41.3809792 ], [ 2.1421524, 41.3810046 ], [ 2.1421537, 41.3810208 ], [ 2.1421596, 41.3810956 ], [ 2.142161, 41.3811256 ], [ 2.1421665, 41.3811878 ], [ 2.1421712, 41.3813152 ], [ 2.1422419, 41.3823546 ], [ 2.1422527, 41.382514 ], [ 2.1422659, 41.3826625 ], [ 2.1422694, 41.3827115 ], [ 2.1422768, 41.3827992 ], [ 2.1422919, 41.3829772 ], [ 2.1422944, 41.3830071 ], [ 2.1423081, 41.3832083 ], [ 2.1423326, 41.383571 ], [ 2.1423494, 41.383816 ], [ 2.1423648, 41.3840713 ], [ 2.1423703, 41.3841828 ], [ 2.142384, 41.3844679 ], [ 2.142387, 41.3845062 ], [ 2.1424377, 41.3851778 ], [ 2.1424506, 41.3853454 ], [ 2.1424582, 41.3854948 ], [ 2.1424657, 41.3856206 ], [ 2.1424773, 41.3857773 ], [ 2.1424882, 41.3858921 ], [ 2.1424967, 41.3859921 ], [ 2.142512, 41.3861351 ], [ 2.1425162, 41.3861671 ], [ 2.1425203, 41.386203 ], [ 2.1425231, 41.3862316 ], [ 2.1425451, 41.3864108 ], [ 2.1427074, 41.3873808 ], [ 2.1427291, 41.3875001 ], [ 2.1427515, 41.3875996 ], [ 2.1427657, 41.3876663 ], [ 2.1427946, 41.3877868 ], [ 2.1428006, 41.3878093 ], [ 2.1428606, 41.3880676 ], [ 2.1429908, 41.38864 ], [ 2.1430186, 41.3887522 ], [ 2.1430621, 41.3889096 ], [ 2.143069, 41.3889358 ], [ 2.1431477, 41.3892388 ], [ 2.1432121, 41.3894959 ], [ 2.1432543, 41.3896641 ], [ 2.1434401, 41.3904052 ], [ 2.1434684, 41.3905182 ], [ 2.1435231, 41.3905122 ], [ 2.1435632, 41.3905073 ], [ 2.1436518, 41.3904981 ], [ 2.1437373, 41.3904888 ], [ 2.1437791, 41.3904842 ], [ 2.1438377, 41.3904785 ], [ 2.1439504, 41.3904607 ], [ 2.1439782, 41.3904565 ], [ 2.1444043, 41.3903918 ], [ 2.1447613, 41.3903376 ], [ 2.1449945, 41.3903054 ], [ 2.1456243, 41.3902116 ], [ 2.1460883, 41.3901402 ], [ 2.1461354, 41.3901343 ], [ 2.1462804, 41.390113 ], [ 2.1463657, 41.3901012 ], [ 2.1465543, 41.3900718 ], [ 2.1465863, 41.3900676 ], [ 2.1470273, 41.3899978 ], [ 2.1479125, 41.3898578 ], [ 2.1480294, 41.3898394 ], [ 2.1480538, 41.3898352 ], [ 2.1481906, 41.3898089 ], [ 2.1484546, 41.3897698 ], [ 2.1485234, 41.3897273 ], [ 2.1485427, 41.3897129 ], [ 2.1488089, 41.3895145 ], [ 2.1489478, 41.3894109 ], [ 2.1491655, 41.3892514 ], [ 2.1491909, 41.3892328 ], [ 2.1494154, 41.3890741 ], [ 2.1494941, 41.3890107 ], [ 2.1496534, 41.3888903 ], [ 2.14968, 41.3888703 ], [ 2.1503526, 41.3883646 ], [ 2.1505536, 41.3882205 ], [ 2.1507853, 41.3880384 ], [ 2.1508023, 41.3880263 ], [ 2.1514614, 41.3875306 ], [ 2.1516714, 41.3873727 ], [ 2.1516843, 41.387363 ], [ 2.1517168, 41.3873375 ], [ 2.1517351, 41.3873247 ], [ 2.1517829, 41.3872889 ], [ 2.1518344, 41.3872501 ], [ 2.1518908, 41.3872077 ], [ 2.1519144, 41.3871899 ], [ 2.1519413, 41.3871697 ], [ 2.1520813, 41.3870644 ], [ 2.1526139, 41.3866638 ], [ 2.1528206, 41.3864995 ], [ 2.1528661, 41.3864667 ], [ 2.1530512, 41.3863319 ], [ 2.1530734, 41.3863144 ], [ 2.1532906, 41.3861422 ], [ 2.153509, 41.3859828 ], [ 2.153902, 41.38568 ], [ 2.153948, 41.385645 ], [ 2.1540546, 41.3855614 ], [ 2.1540774, 41.3855437 ], [ 2.1541892, 41.3854568 ], [ 2.1543898, 41.3853008 ], [ 2.1545067, 41.3852037 ], [ 2.1545907, 41.385143 ], [ 2.1546123, 41.3851276 ], [ 2.1547751, 41.3850111 ], [ 2.1548412, 41.3849626 ], [ 2.1548876, 41.3849295 ], [ 2.1550811, 41.3847914 ], [ 2.1551152, 41.3847646 ], [ 2.1552949, 41.3846342 ], [ 2.1553325, 41.3846065 ], [ 2.1555231, 41.3844665 ], [ 2.1559877, 41.3841179 ], [ 2.1560732, 41.384052 ], [ 2.1560812, 41.3840458 ], [ 2.1561035, 41.3840286 ], [ 2.1563852, 41.3838117 ], [ 2.1564399, 41.3837673 ], [ 2.1564576, 41.383753 ], [ 2.1566455, 41.3836067 ], [ 2.15708, 41.3832683 ], [ 2.157104, 41.3832493 ], [ 2.1572902, 41.3831098 ], [ 2.1573254, 41.3830833 ], [ 2.1575237, 41.3829341 ], [ 2.1575482, 41.3829148 ], [ 2.1575866, 41.3828868 ], [ 2.1576433, 41.3828442 ], [ 2.1579377, 41.3826227 ], [ 2.1582982, 41.3823515 ], [ 2.1584154, 41.3822634 ], [ 2.1584298, 41.3822528 ], [ 2.1584753, 41.3822183 ], [ 2.1585938, 41.3821292 ], [ 2.1586686, 41.3820729 ], [ 2.1586922, 41.3820551 ], [ 2.1587306, 41.3820263 ], [ 2.1587491, 41.3820118 ], [ 2.1586829, 41.3819636 ], [ 2.1585808, 41.3818893 ], [ 2.1585396, 41.3818589 ], [ 2.1577605, 41.3812723 ], [ 2.1575924, 41.3811443 ], [ 2.1574725, 41.3810568 ], [ 2.1574433, 41.3810346 ], [ 2.1565917, 41.3803984 ], [ 2.1564803, 41.3803109 ], [ 2.1563425, 41.3802083 ], [ 2.1563134, 41.3801865 ], [ 2.1554908, 41.3795648 ], [ 2.1553441, 41.3794548 ], [ 2.1553131, 41.3794319 ], [ 2.1552529, 41.3793891 ], [ 2.1552184, 41.3793624 ], [ 2.1543434, 41.3787022 ], [ 2.1542145, 41.378607 ], [ 2.1540691, 41.378495 ], [ 2.1540441, 41.3784776 ], [ 2.1532324, 41.3778677 ], [ 2.153079, 41.3777491 ], [ 2.1529415, 41.3776482 ], [ 2.1529044, 41.3776204 ], [ 2.1520876, 41.3770076 ], [ 2.1519906, 41.3769346 ], [ 2.151955, 41.3769039 ], [ 2.1518954, 41.3768544 ], [ 2.1518422, 41.376823 ], [ 2.1518197, 41.3768063 ], [ 2.1517722, 41.3767699 ], [ 2.1515116, 41.3765679 ], [ 2.1513948, 41.3764802 ], [ 2.15137, 41.3764662 ], [ 2.1511411, 41.376295 ], [ 2.1509047, 41.3761225 ], [ 2.1508285, 41.376069 ], [ 2.1508045, 41.3760522 ], [ 2.150676, 41.3759637 ], [ 2.1503714, 41.3758088 ], [ 2.1502958, 41.3757385 ], [ 2.1501962, 41.3756411 ], [ 2.1501017, 41.375525 ], [ 2.1500445, 41.3754427 ], [ 2.1499962, 41.3753622 ], [ 2.1499518, 41.3752766 ], [ 2.1498971, 41.3751682 ], [ 2.1498811, 41.3751364 ], [ 2.1498484, 41.3751478 ], [ 2.1498349, 41.3751531 ], [ 2.1497577, 41.3751834 ], [ 2.1497028, 41.3752096 ], [ 2.1496767, 41.375222 ], [ 2.1496463, 41.3752377 ], [ 2.1496064, 41.3752764 ], [ 2.1495683, 41.3753089 ], [ 2.1495358, 41.3753327 ], [ 2.1495085, 41.3753492 ], [ 2.149443, 41.3753847 ], [ 2.1493626, 41.3754157 ], [ 2.1493023, 41.3754326 ], [ 2.1492443, 41.3754462 ], [ 2.1491428, 41.3754561 ], [ 2.1491335, 41.3754564 ], [ 2.1490352, 41.3754525 ], [ 2.1489408, 41.3754359 ], [ 2.1489148, 41.3754278 ], [ 2.1488463, 41.3754064 ], [ 2.1489044, 41.3754426 ], [ 2.1489232, 41.3754644 ], [ 2.1489382, 41.3754863 ], [ 2.1489586, 41.3755391 ], [ 2.1489642, 41.3755742 ], [ 2.148961, 41.3756023 ], [ 2.1489504, 41.3756414 ], [ 2.1489389, 41.375666 ], [ 2.1488992, 41.3757166 ], [ 2.1488664, 41.3757485 ], [ 2.1488308, 41.3757779 ], [ 2.1487469, 41.3758397 ], [ 2.148468, 41.3760459 ], [ 2.1483355, 41.3761497 ], [ 2.1482575, 41.3762205 ], [ 2.1482216, 41.3762532 ], [ 2.1481897, 41.3763201 ], [ 2.1481444, 41.3763849 ], [ 2.147988, 41.3765108 ], [ 2.1479633, 41.3765304 ], [ 2.1478391, 41.3766288 ], [ 2.1477373, 41.3767045 ], [ 2.1475208, 41.3768657 ], [ 2.1472199, 41.377089 ], [ 2.1471451, 41.3771503 ], [ 2.1469894, 41.377269 ], [ 2.1468927, 41.3773417 ], [ 2.1468644, 41.3773626 ], [ 2.1465372, 41.3776051 ], [ 2.1460663, 41.3779553 ], [ 2.1460224, 41.377989 ], [ 2.1459075, 41.3780769 ], [ 2.1458693, 41.3781076 ], [ 2.1457414, 41.3782109 ], [ 2.1457139, 41.3782325 ], [ 2.145686, 41.3782534 ], [ 2.1454121, 41.3784593 ], [ 2.1450317, 41.3787433 ], [ 2.1450074, 41.3787633 ], [ 2.1448953, 41.3788522 ], [ 2.1448608, 41.3788778 ], [ 2.1447096, 41.3789857 ], [ 2.1446804, 41.379006 ], [ 2.1444111, 41.3792072 ], [ 2.1439323, 41.3795626 ], [ 2.1438965, 41.3795891 ], [ 2.1438061, 41.3796618 ], [ 2.1436277, 41.3797959 ], [ 2.1435451, 41.3798576 ], [ 2.1433981, 41.3799674 ], [ 2.1432679, 41.3800646 ], [ 2.1432238, 41.3800979 ], [ 2.1430869, 41.380194 ], [ 2.1429359, 41.380259 ], [ 2.1428045, 41.3803312 ], [ 2.1427435, 41.3803779 ], [ 2.1426102, 41.3804778 ], [ 2.1424974, 41.3805597 ], [ 2.1424327, 41.380596 ], [ 2.1423173, 41.3806591 ], [ 2.1422195, 41.3807089 ], [ 2.1420218, 41.380798 ] ] ] } },
{ "type": "Feature", "properties": { "neighborhood": "Sant Antoni", "admin_level": "10" }, "geometry": { "type": "Polygon", "coordinates": [ [ [ 2.1498811, 41.3751364 ], [ 2.1498971, 41.3751682 ], [ 2.1499518, 41.3752766 ], [ 2.1499962, 41.3753622 ], [ 2.1500445, 41.3754427 ], [ 2.1501017, 41.375525 ], [ 2.1501962, 41.3756411 ], [ 2.1502958, 41.3757385 ], [ 2.1503714, 41.3758088 ], [ 2.150676, 41.3759637 ], [ 2.1508045, 41.3760522 ], [ 2.1508285, 41.376069 ], [ 2.1509047, 41.3761225 ], [ 2.1511411, 41.376295 ], [ 2.15137, 41.3764662 ], [ 2.1513948, 41.3764802 ], [ 2.1515116, 41.3765679 ], [ 2.1517722, 41.3767699 ], [ 2.1518197, 41.3768063 ], [ 2.1518422, 41.376823 ], [ 2.1518954, 41.3768544 ], [ 2.151955, 41.3769039 ], [ 2.1519906, 41.3769346 ], [ 2.1520876, 41.3770076 ], [ 2.1529044, 41.3776204 ], [ 2.1529415, 41.3776482 ], [ 2.153079, 41.3777491 ], [ 2.1532324, 41.3778677 ], [ 2.1540441, 41.3784776 ], [ 2.1540691, 41.378495 ], [ 2.1542145, 41.378607 ], [ 2.1543434, 41.3787022 ], [ 2.1552184, 41.3793624 ], [ 2.1552529, 41.3793891 ], [ 2.1553131, 41.3794319 ], [ 2.1553441, 41.3794548 ], [ 2.1554908, 41.3795648 ], [ 2.1563134, 41.3801865 ], [ 2.1563425, 41.3802083 ], [ 2.1564803, 41.3803109 ], [ 2.1565917, 41.3803984 ], [ 2.1574433, 41.3810346 ], [ 2.1574725, 41.3810568 ], [ 2.1575924, 41.3811443 ], [ 2.1577605, 41.3812723 ], [ 2.1585396, 41.3818589 ], [ 2.1585808, 41.3818893 ], [ 2.1586829, 41.3819636 ], [ 2.1587491, 41.3820118 ], [ 2.1589148, 41.3821448 ], [ 2.1597005, 41.3827328 ], [ 2.1597174, 41.3827449 ], [ 2.15988, 41.3828653 ], [ 2.1600316, 41.3829847 ], [ 2.1608234, 41.3835794 ], [ 2.1608508, 41.3836001 ], [ 2.1610069, 41.3837171 ], [ 2.161174, 41.3838408 ], [ 2.1619547, 41.3844268 ], [ 2.161983, 41.3844467 ], [ 2.1621251, 41.3845514 ], [ 2.1621925, 41.3846044 ], [ 2.1623003, 41.3846883 ], [ 2.1631353, 41.3853132 ], [ 2.1631612, 41.3853324 ], [ 2.1632779, 41.3854109 ], [ 2.1633954, 41.3854943 ], [ 2.1641192, 41.3860315 ], [ 2.164148, 41.3860528 ], [ 2.1642964, 41.3861675 ], [ 2.164331, 41.3861433 ], [ 2.1645053, 41.3860142 ], [ 2.1645456, 41.3859911 ], [ 2.1646006, 41.3859717 ], [ 2.1646966, 41.3859404 ], [ 2.1645084, 41.3857815 ], [ 2.1644509, 41.3857352 ], [ 2.1643742, 41.385673 ], [ 2.164162, 41.3854931 ], [ 2.1640511, 41.3854069 ], [ 2.1640191, 41.3853676 ], [ 2.1639971, 41.3853293 ], [ 2.1639821, 41.3852581 ], [ 2.1639756, 41.3852185 ], [ 2.1639684, 41.3851723 ], [ 2.1639291, 41.3849124 ], [ 2.1638444, 41.3842301 ], [ 2.1638315, 41.3841429 ], [ 2.1638149, 41.3840063 ], [ 2.1637329, 41.3833762 ], [ 2.1637243, 41.3832989 ], [ 2.163721, 41.3832695 ], [ 2.1636954, 41.383043 ], [ 2.1636354, 41.3825593 ], [ 2.163631, 41.3825236 ], [ 2.1636068, 41.3823278 ], [ 2.1635848, 41.3821704 ], [ 2.1635804, 41.3821324 ], [ 2.1635526, 41.3819025 ], [ 2.1635389, 41.3817868 ], [ 2.1635285, 41.3817305 ], [ 2.1635208, 41.3816887 ], [ 2.1633882, 41.380773 ], [ 2.1633853, 41.3807532 ], [ 2.1633823, 41.3807362 ], [ 2.16332, 41.3803658 ], [ 2.1633153, 41.3803494 ], [ 2.1633129, 41.3803315 ], [ 2.1633099, 41.3803098 ], [ 2.1633038, 41.3802653 ], [ 2.1631034, 41.3788707 ], [ 2.1630917, 41.3787247 ], [ 2.1631907, 41.3786495 ], [ 2.1633763, 41.3785003 ], [ 2.1633962, 41.3784866 ], [ 2.1636125, 41.3783181 ], [ 2.1637341, 41.3782234 ], [ 2.1642763, 41.3778011 ], [ 2.1643135, 41.3777713 ], [ 2.1645771, 41.3775781 ], [ 2.1646424, 41.3775275 ], [ 2.164717, 41.3774714 ], [ 2.1651967, 41.3771095 ], [ 2.1654438, 41.3769209 ], [ 2.1657417, 41.3766911 ], [ 2.1659314, 41.3765498 ], [ 2.1660522, 41.3764608 ], [ 2.1660878, 41.3764345 ], [ 2.1661245, 41.3764073 ], [ 2.1663537, 41.3762374 ], [ 2.1665538, 41.3760979 ], [ 2.1665916, 41.3760716 ], [ 2.1666453, 41.3760316 ], [ 2.1668349, 41.3758906 ], [ 2.1668595, 41.375873 ], [ 2.1670088, 41.3757663 ], [ 2.1670789, 41.375709 ], [ 2.1672629, 41.375572 ], [ 2.167491, 41.3754011 ], [ 2.1677437, 41.3752145 ], [ 2.167822, 41.3751435 ], [ 2.1679184, 41.3750379 ], [ 2.1678468, 41.3749141 ], [ 2.1677355, 41.3749139 ], [ 2.1673981, 41.3749101 ], [ 2.167378, 41.3749101 ], [ 2.1673467, 41.3749104 ], [ 2.1673267, 41.3749103 ], [ 2.1672695, 41.374911 ], [ 2.1668054, 41.3749154 ], [ 2.1661303, 41.3749163 ], [ 2.1656838, 41.3749168 ], [ 2.1656315, 41.3749169 ], [ 2.1656035, 41.3749169 ], [ 2.1654799, 41.3749171 ], [ 2.1653594, 41.374916 ], [ 2.1653021, 41.3749154 ], [ 2.1651897, 41.3749149 ], [ 2.1650405, 41.3749144 ], [ 2.1645586, 41.3749145 ], [ 2.1640438, 41.3749145 ], [ 2.1635175, 41.3749138 ], [ 2.1634565, 41.3749141 ], [ 2.1634276, 41.3749141 ], [ 2.1633916, 41.3749143 ], [ 2.1633288, 41.3749145 ], [ 2.1631965, 41.374915 ], [ 2.1629987, 41.3749157 ], [ 2.1629283, 41.3749161 ], [ 2.1629001, 41.3749163 ], [ 2.1621371, 41.3749204 ], [ 2.1617114, 41.3749227 ], [ 2.1616284, 41.3749232 ], [ 2.1615159, 41.3749237 ], [ 2.1613282, 41.3749247 ], [ 2.1611245, 41.3749259 ], [ 2.1610624, 41.3749262 ], [ 2.1610412, 41.3749263 ], [ 2.1609341, 41.3749269 ], [ 2.1607527, 41.3749273 ], [ 2.1605916, 41.3749276 ], [ 2.1604586, 41.3749279 ], [ 2.1604534, 41.3749279 ], [ 2.160225, 41.3749283 ], [ 2.1601635, 41.3749285 ], [ 2.1601047, 41.3749286 ], [ 2.160032, 41.3749287 ], [ 2.159916, 41.374929 ], [ 2.1598614, 41.3749291 ], [ 2.1593365, 41.3749302 ], [ 2.1592311, 41.3749304 ], [ 2.1588542, 41.3749334 ], [ 2.1588094, 41.3749334 ], [ 2.1587905, 41.3749335 ], [ 2.1586154, 41.3749307 ], [ 2.1584648, 41.3749319 ], [ 2.1584083, 41.3749321 ], [ 2.1583672, 41.3749321 ], [ 2.157667, 41.3749336 ], [ 2.1566335, 41.3749357 ], [ 2.1565726, 41.3749358 ], [ 2.1565441, 41.3749361 ], [ 2.1560223, 41.374937 ], [ 2.1557967, 41.3749377 ], [ 2.1557259, 41.3749379 ], [ 2.1556936, 41.3749379 ], [ 2.1554345, 41.3749399 ], [ 2.1545145, 41.3749415 ], [ 2.1544529, 41.3749415 ], [ 2.1544325, 41.3749417 ], [ 2.1543329, 41.374942 ], [ 2.1540314, 41.3749429 ], [ 2.1539824, 41.3750158 ], [ 2.1539725, 41.3750778 ], [ 2.1538196, 41.3750751 ], [ 2.1537516, 41.3750739 ], [ 2.1535303, 41.375074 ], [ 2.1534433, 41.3750749 ], [ 2.1533916, 41.3750749 ], [ 2.1528436, 41.375078 ], [ 2.1522976, 41.375081 ], [ 2.1522578, 41.3750812 ], [ 2.1522001, 41.3750819 ], [ 2.1521314, 41.3750824 ], [ 2.1517345, 41.3750831 ], [ 2.150165, 41.3750967 ], [ 2.150112, 41.3750952 ], [ 2.1500565, 41.3751023 ], [ 2.1499719, 41.3751123 ], [ 2.1498811, 41.3751364 ] ] ] } },
{ "type": "Feature", "properties": { "neighborhood": "el Poble-sec", "admin_level": "10" }, "geometry": { "type": "Polygon", "coordinates": [ [ [ 2.1421026, 41.3660145 ], [ 2.1421253, 41.366036 ], [ 2.1428741, 41.3667453 ], [ 2.1429127, 41.3667538 ], [ 2.1429348, 41.3667931 ], [ 2.1429574, 41.3668332 ], [ 2.1430794, 41.3670864 ], [ 2.14312, 41.3671322 ], [ 2.1431647, 41.3671749 ], [ 2.1431902, 41.3671789 ], [ 2.1433115, 41.3671975 ], [ 2.1433176, 41.3672843 ], [ 2.143342, 41.3673565 ], [ 2.1433772, 41.3674259 ], [ 2.1434428, 41.3675126 ], [ 2.1435068, 41.3675753 ], [ 2.1436274, 41.3676657 ], [ 2.1437666, 41.3677484 ], [ 2.1441714, 41.3679391 ], [ 2.1445575, 41.3681172 ], [ 2.1446261, 41.3681487 ], [ 2.1447007, 41.3681859 ], [ 2.1448487, 41.3682596 ], [ 2.1450758, 41.3684764 ], [ 2.1451678, 41.3685149 ], [ 2.1453168, 41.3685772 ], [ 2.145469, 41.368795 ], [ 2.1456511, 41.3689956 ], [ 2.1458721, 41.3691573 ], [ 2.1459558, 41.3692067 ], [ 2.1460403, 41.3692482 ], [ 2.1460845, 41.369269 ], [ 2.1461141, 41.3692842 ], [ 2.1463335, 41.3693599 ], [ 2.1463774, 41.3693737 ], [ 2.1464505, 41.3693968 ], [ 2.1465706, 41.3694267 ], [ 2.1466752, 41.3694508 ], [ 2.1466839, 41.3694529 ], [ 2.146742, 41.3694673 ], [ 2.146799, 41.3694755 ], [ 2.146863, 41.369487 ], [ 2.1470013, 41.3694988 ], [ 2.1471111, 41.3695081 ], [ 2.147277, 41.3695148 ], [ 2.1473974, 41.3695133 ], [ 2.1476063, 41.3694916 ], [ 2.1478078, 41.3694778 ], [ 2.1481237, 41.3694385 ], [ 2.1482817, 41.3694315 ], [ 2.148377, 41.3694328 ], [ 2.1485322, 41.3694528 ], [ 2.148736, 41.3695024 ], [ 2.1488732, 41.3695585 ], [ 2.1490155, 41.3696341 ], [ 2.1491211, 41.3697242 ], [ 2.1492215, 41.3698341 ], [ 2.149298, 41.3699481 ], [ 2.1493525, 41.3700604 ], [ 2.1494027, 41.3702979 ], [ 2.1494512, 41.3705604 ], [ 2.1494698, 41.3706449 ], [ 2.1494884, 41.3707054 ], [ 2.1494947, 41.3707261 ], [ 2.1495025, 41.3707491 ], [ 2.149508, 41.3707654 ], [ 2.1495413, 41.3708317 ], [ 2.1495922, 41.3708926 ], [ 2.149701, 41.3709783 ], [ 2.1497772, 41.3710199 ], [ 2.149841, 41.3710449 ], [ 2.1499682, 41.3710945 ], [ 2.1501204, 41.3711539 ], [ 2.150202, 41.3711857 ], [ 2.1502714, 41.3712114 ], [ 2.1504433, 41.3712752 ], [ 2.1503119, 41.3713744 ], [ 2.1502882, 41.3713904 ], [ 2.150248, 41.371423 ], [ 2.1498152, 41.3717495 ], [ 2.1495898, 41.3719189 ], [ 2.1493255, 41.3721176 ], [ 2.1492825, 41.37215 ], [ 2.1491634, 41.3722397 ], [ 2.1489957, 41.372366 ], [ 2.1485728, 41.3726845 ], [ 2.1485133, 41.3727294 ], [ 2.1484343, 41.3727909 ], [ 2.1484139, 41.3728068 ], [ 2.1476883, 41.3733566 ], [ 2.14753, 41.3734766 ], [ 2.1475116, 41.3734886 ], [ 2.1474657, 41.3735258 ], [ 2.1474355, 41.3735495 ], [ 2.147724, 41.3737611 ], [ 2.1480924, 41.3740407 ], [ 2.1481134, 41.3740559 ], [ 2.1481372, 41.3740739 ], [ 2.1484654, 41.3743124 ], [ 2.1484811, 41.3743249 ], [ 2.1486523, 41.3744497 ], [ 2.1486907, 41.374475 ], [ 2.148731, 41.3744972 ], [ 2.1487769, 41.3745186 ], [ 2.1488219, 41.3745355 ], [ 2.1488696, 41.3745524 ], [ 2.1489429, 41.3745693 ], [ 2.1490048, 41.3745762 ], [ 2.1490731, 41.3745772 ], [ 2.1490179, 41.3745819 ], [ 2.1489739, 41.3745899 ], [ 2.1489137, 41.3746035 ], [ 2.1488392, 41.3746289 ], [ 2.1487701, 41.3746618 ], [ 2.1487081, 41.3747 ], [ 2.1486534, 41.3747475 ], [ 2.1486081, 41.3747986 ], [ 2.1485727, 41.374854 ], [ 2.1485618, 41.3748782 ], [ 2.1485339, 41.3749659 ], [ 2.148532, 41.3750344 ], [ 2.1485451, 41.3751106 ], [ 2.1485757, 41.3751838 ], [ 2.1486206, 41.3752489 ], [ 2.1486822, 41.3753104 ], [ 2.1487509, 41.3753586 ], [ 2.1488463, 41.3754064 ], [ 2.1489148, 41.3754278 ], [ 2.1489408, 41.3754359 ], [ 2.1490352, 41.3754525 ], [ 2.1491335, 41.3754564 ], [ 2.1491428, 41.3754561 ], [ 2.1492443, 41.3754462 ], [ 2.1493023, 41.3754326 ], [ 2.1493626, 41.3754157 ], [ 2.149443, 41.3753847 ], [ 2.1495085, 41.3753492 ], [ 2.1495358, 41.3753327 ], [ 2.1495683, 41.3753089 ], [ 2.1496064, 41.3752764 ], [ 2.1496463, 41.3752377 ], [ 2.1496767, 41.375222 ], [ 2.1497028, 41.3752096 ], [ 2.1497577, 41.3751834 ], [ 2.1498349, 41.3751531 ], [ 2.1498484, 41.3751478 ], [ 2.1498811, 41.3751364 ], [ 2.149839, 41.3750303 ], [ 2.1498171, 41.3749804 ], [ 2.1497822, 41.3749177 ], [ 2.1497372, 41.374823 ], [ 2.1498063, 41.3748728 ], [ 2.1498294, 41.3748855 ], [ 2.1498691, 41.3749075 ], [ 2.1499319, 41.374933 ], [ 2.1500284, 41.3749564 ], [ 2.1500538, 41.3749603 ], [ 2.1501141, 41.3749689 ], [ 2.1505384, 41.3749648 ], [ 2.1509325, 41.3749609 ], [ 2.151159, 41.3749587 ], [ 2.1515228, 41.3749574 ], [ 2.1521454, 41.3749554 ], [ 2.152197, 41.3749552 ], [ 2.1522543, 41.374955 ], [ 2.1528563, 41.37495 ], [ 2.1530746, 41.3749501 ], [ 2.1532334, 41.3749517 ], [ 2.1533974, 41.3749511 ], [ 2.1534313, 41.3749507 ], [ 2.1537063, 41.3749473 ], [ 2.1537514, 41.3749468 ], [ 2.1540314, 41.3749429 ], [ 2.1543329, 41.374942 ], [ 2.1544325, 41.3749417 ], [ 2.1544529, 41.3749415 ], [ 2.1545145, 41.3749415 ], [ 2.1554345, 41.3749399 ], [ 2.1556936, 41.3749379 ], [ 2.1557259, 41.3749379 ], [ 2.1557967, 41.3749377 ], [ 2.1560223, 41.374937 ], [ 2.1565441, 41.3749361 ], [ 2.1565726, 41.3749358 ], [ 2.1566335, 41.3749357 ], [ 2.157667, 41.3749336 ], [ 2.1583672, 41.3749321 ], [ 2.1584083, 41.3749321 ], [ 2.1584648, 41.3749319 ], [ 2.1586154, 41.3749307 ], [ 2.1587905, 41.3749335 ], [ 2.1588094, 41.3749334 ], [ 2.1588542, 41.3749334 ], [ 2.1592311, 41.3749304 ], [ 2.1593365, 41.3749302 ], [ 2.1598614, 41.3749291 ], [ 2.159916, 41.374929 ], [ 2.160032, 41.3749287 ], [ 2.1601047, 41.3749286 ], [ 2.1601635, 41.3749285 ], [ 2.160225, 41.3749283 ], [ 2.1604534, 41.3749279 ], [ 2.1604586, 41.3749279 ], [ 2.1605916, 41.3749276 ], [ 2.1607527, 41.3749273 ], [ 2.1609341, 41.3749269 ], [ 2.1610412, 41.3749263 ], [ 2.1610624, 41.3749262 ], [ 2.1611245, 41.3749259 ], [ 2.1613282, 41.3749247 ], [ 2.1615159, 41.3749237 ], [ 2.1616284, 41.3749232 ], [ 2.1617114, 41.3749227 ], [ 2.1621371, 41.3749204 ], [ 2.1629001, 41.3749163 ], [ 2.1629283, 41.3749161 ], [ 2.1629987, 41.3749157 ], [ 2.1631965, 41.374915 ], [ 2.1633288, 41.3749145 ], [ 2.1633916, 41.3749143 ], [ 2.1634276, 41.3749141 ], [ 2.1634565, 41.3749141 ], [ 2.1635175, 41.3749138 ], [ 2.1640438, 41.3749145 ], [ 2.1645586, 41.3749145 ], [ 2.1650405, 41.3749144 ], [ 2.1651897, 41.3749149 ], [ 2.1653021, 41.3749154 ], [ 2.1653594, 41.374916 ], [ 2.1654799, 41.3749171 ], [ 2.1656035, 41.3749169 ], [ 2.1656315, 41.3749169 ], [ 2.1656838, 41.3749168 ], [ 2.1661303, 41.3749163 ], [ 2.1668054, 41.3749154 ], [ 2.1672695, 41.374911 ], [ 2.1673267, 41.3749103 ], [ 2.1673467, 41.3749104 ], [ 2.167378, 41.3749101 ], [ 2.1673981, 41.3749101 ], [ 2.1677355, 41.3749139 ], [ 2.1678468, 41.3749141 ], [ 2.1679377, 41.3749129 ], [ 2.1679584, 41.3749133 ], [ 2.1680222, 41.3749126 ], [ 2.1695532, 41.3749116 ], [ 2.1696032, 41.3749118 ], [ 2.1696599, 41.3749122 ], [ 2.1697218, 41.3749119 ], [ 2.1699777, 41.374902 ], [ 2.1700946, 41.3748967 ], [ 2.1701489, 41.3748945 ], [ 2.1706518, 41.3748662 ], [ 2.1709183, 41.374848 ], [ 2.1716849, 41.3748011 ], [ 2.1717313, 41.3747976 ], [ 2.1717991, 41.3747943 ], [ 2.1718837, 41.3747883 ], [ 2.1722336, 41.3747633 ], [ 2.1728064, 41.3747327 ], [ 2.1729014, 41.3747276 ], [ 2.1729709, 41.3747239 ], [ 2.1730104, 41.3747215 ], [ 2.1730771, 41.3747167 ], [ 2.1732011, 41.3747067 ], [ 2.1733292, 41.374699 ], [ 2.1733967, 41.3746945 ], [ 2.1736724, 41.374675 ], [ 2.1740546, 41.3746491 ], [ 2.1747454, 41.3746082 ], [ 2.1748351, 41.3746033 ], [ 2.17486, 41.374602 ], [ 2.1749374, 41.3745966 ], [ 2.175035, 41.374593 ], [ 2.1751466, 41.3745839 ], [ 2.1752204, 41.3745759 ], [ 2.1752865, 41.3745587 ], [ 2.1753598, 41.3745321 ], [ 2.175453, 41.3744808 ], [ 2.1754765, 41.3744634 ], [ 2.1755092, 41.374433 ], [ 2.1755368, 41.3744017 ], [ 2.1755589, 41.3743571 ], [ 2.1755761, 41.3743129 ], [ 2.1755753, 41.374256 ], [ 2.1755621, 41.3742014 ], [ 2.175543, 41.3741448 ], [ 2.1754844, 41.3740638 ], [ 2.1754508, 41.3739958 ], [ 2.1754369, 41.3739333 ], [ 2.1754325, 41.3738614 ], [ 2.1754389, 41.3737895 ], [ 2.1754603, 41.3737178 ], [ 2.1754951, 41.3736446 ], [ 2.1755509, 41.373572 ], [ 2.1756106, 41.3735033 ], [ 2.1754317, 41.3732971 ], [ 2.1763393, 41.3729003 ], [ 2.1761255, 41.3726342 ], [ 2.1751478, 41.3714225 ], [ 2.1749683, 41.3712 ], [ 2.1745474, 41.3707813 ], [ 2.1745082, 41.3707221 ], [ 2.1744713, 41.3706645 ], [ 2.174319, 41.3705291 ], [ 2.1741972, 41.3703913 ], [ 2.1740781, 41.370222 ], [ 2.1740107, 41.3701131 ], [ 2.1739664, 41.3700318 ], [ 2.1738239, 41.3697689 ], [ 2.1736966, 41.3694487 ], [ 2.1736566, 41.3693194 ], [ 2.1736368, 41.3692263 ], [ 2.1736313, 41.3691669 ], [ 2.1736293, 41.3691118 ], [ 2.1733722, 41.3689616 ], [ 2.1733679, 41.3688105 ], [ 2.1733627, 41.3687707 ], [ 2.1733549, 41.3687309 ], [ 2.1733389, 41.3686741 ], [ 2.1733148, 41.3686173 ], [ 2.1732845, 41.368554 ], [ 2.1732414, 41.3684896 ], [ 2.173149, 41.3683784 ], [ 2.172936, 41.3681213 ], [ 2.1726734, 41.3677826 ], [ 2.1725379, 41.3676149 ], [ 2.1724155, 41.3674401 ], [ 2.1722553, 41.3671881 ], [ 2.1721224, 41.3669629 ], [ 2.1719966, 41.3667107 ], [ 2.1719635, 41.3666423 ], [ 2.171869, 41.3664472 ], [ 2.1718021, 41.366268 ], [ 2.1715094, 41.3657076 ], [ 2.1713505, 41.3654134 ], [ 2.1712792, 41.3652907 ], [ 2.1712496, 41.3652397 ], [ 2.1710997, 41.3649976 ], [ 2.170898, 41.3647079 ], [ 2.169697, 41.3630863 ], [ 2.1692995, 41.3625482 ], [ 2.1691065, 41.3623315 ], [ 2.1689947, 41.3622126 ], [ 2.1688865, 41.3621069 ], [ 2.1687302, 41.361971 ], [ 2.1685211, 41.3618024 ], [ 2.1671351, 41.3608053 ], [ 2.1668157, 41.3605728 ], [ 2.16647, 41.3603326 ], [ 2.1660583, 41.3600633 ], [ 2.165534, 41.3597499 ], [ 2.1653174, 41.3596198 ], [ 2.1650387, 41.3594378 ], [ 2.1648118, 41.3592799 ], [ 2.1638046, 41.3585522 ], [ 2.163263, 41.3581489 ], [ 2.1630735, 41.3580034 ], [ 2.162884, 41.3578499 ], [ 2.1623803, 41.357408 ], [ 2.1610585, 41.3562085 ], [ 2.1606081, 41.3557986 ], [ 2.1591942, 41.3544953 ], [ 2.158949, 41.3542777 ], [ 2.1589007, 41.3542357 ], [ 2.1585573, 41.3540381 ], [ 2.1583404, 41.3539186 ], [ 2.1578413, 41.353649 ], [ 2.157611, 41.3535226 ], [ 2.1573776, 41.3533756 ], [ 2.1570104, 41.3531388 ], [ 2.1567956, 41.3530164 ], [ 2.1566483, 41.3529405 ], [ 2.156543, 41.3528863 ], [ 2.1564441, 41.3528354 ], [ 2.1562392, 41.3527612 ], [ 2.1553285, 41.3523998 ], [ 2.1540653, 41.3521781 ], [ 2.1536745, 41.3521173 ], [ 2.1532713, 41.3520591 ], [ 2.1530499, 41.3520251 ], [ 2.1529408, 41.3520162 ], [ 2.1528356, 41.3520141 ], [ 2.1527655, 41.3520198 ], [ 2.1526873, 41.3520309 ], [ 2.1526197, 41.3520413 ], [ 2.1525242, 41.3520663 ], [ 2.152446, 41.3520919 ], [ 2.1523633, 41.3521285 ], [ 2.1522802, 41.3521705 ], [ 2.152089, 41.3522738 ], [ 2.1510595, 41.3527879 ], [ 2.1510323, 41.3528015 ], [ 2.1508538, 41.3529075 ], [ 2.1505122, 41.3530797 ], [ 2.1504831, 41.3530944 ], [ 2.1488036, 41.3539422 ], [ 2.147809, 41.3544456 ], [ 2.1473087, 41.3547083 ], [ 2.1469652, 41.3548891 ], [ 2.1465274, 41.3552112 ], [ 2.1463862, 41.3554499 ], [ 2.1463104, 41.3555781 ], [ 2.1462707, 41.3556451 ], [ 2.1462505, 41.355706 ], [ 2.1461841, 41.355907 ], [ 2.1460645, 41.356346 ], [ 2.1459906, 41.3565463 ], [ 2.145868, 41.3567533 ], [ 2.1458109, 41.3568214 ], [ 2.1455765, 41.3570348 ], [ 2.1452448, 41.3573288 ], [ 2.1451818, 41.3573917 ], [ 2.1450044, 41.3576151 ], [ 2.1449244, 41.3577731 ], [ 2.1448366, 41.3580331 ], [ 2.1448366, 41.3584518 ], [ 2.144828, 41.358819 ], [ 2.1448021, 41.3589105 ], [ 2.1447941, 41.3589386 ], [ 2.1447291, 41.3591675 ], [ 2.1450038, 41.3593134 ], [ 2.1450308, 41.3593278 ], [ 2.1450541, 41.3593402 ], [ 2.145348, 41.3594963 ], [ 2.1456792, 41.3596578 ], [ 2.145946, 41.3598271 ], [ 2.1462637, 41.3599378 ], [ 2.1465759, 41.3600008 ], [ 2.146988, 41.3600343 ], [ 2.1474988, 41.3599625 ], [ 2.1482014, 41.3597829 ], [ 2.1487738, 41.3596976 ], [ 2.1489396, 41.3597622 ], [ 2.1490546, 41.359815 ], [ 2.1492105, 41.359897 ], [ 2.1492515, 41.359984 ], [ 2.149283, 41.3600397 ], [ 2.1493155, 41.3602197 ], [ 2.1493294, 41.3605392 ], [ 2.1493062, 41.3606238 ], [ 2.1491847, 41.3609148 ], [ 2.1489616, 41.3612756 ], [ 2.1487642, 41.3615075 ], [ 2.1484941, 41.3617586 ], [ 2.1481253, 41.3620628 ], [ 2.1478066, 41.3623113 ], [ 2.1476483, 41.3624174 ], [ 2.1473738, 41.3625806 ], [ 2.1472554, 41.3626373 ], [ 2.1470574, 41.3627321 ], [ 2.1466797, 41.362874 ], [ 2.1464437, 41.3629601 ], [ 2.1462538, 41.3630446 ], [ 2.1461671, 41.3631278 ], [ 2.1461114, 41.3632123 ], [ 2.1460047, 41.3632205 ], [ 2.145928, 41.3632408 ], [ 2.1458188, 41.3632508 ], [ 2.1456548, 41.3632574 ], [ 2.1455038, 41.3632477 ], [ 2.1454205, 41.3632591 ], [ 2.1452536, 41.3633157 ], [ 2.1443229, 41.3636897 ], [ 2.1441757, 41.363762 ], [ 2.1440899, 41.3638278 ], [ 2.1440017, 41.363895 ], [ 2.1437747, 41.3640643 ], [ 2.143642, 41.3641537 ], [ 2.1435487, 41.3642283 ], [ 2.1435, 41.3642772 ], [ 2.1434297, 41.3643478 ], [ 2.1434102, 41.3643673 ], [ 2.1433931, 41.3643845 ], [ 2.143354, 41.3644114 ], [ 2.1432818, 41.364461 ], [ 2.143112, 41.3645574 ], [ 2.1430642, 41.3645795 ], [ 2.1428753, 41.3646665 ], [ 2.143052, 41.3648724 ], [ 2.1421617, 41.3655099 ], [ 2.1421026, 41.3660145 ] ] ] } },
{ "type": "Feature", "properties": { "neighborhood": "la Marina del Prat Vermell", "admin_level": "10" }, "geometry": { "type": "MultiPolygon", "coordinates": [ [ [ [ 2.1710876, 41.3351194 ], [ 2.1707292, 41.3351805 ], [ 2.1707444, 41.3353849 ], [ 2.1704956, 41.3355643 ], [ 2.1709906, 41.3377959 ], [ 2.1700356, 41.3379176 ], [ 2.1699763, 41.3376657 ], [ 2.1698185, 41.3376808 ], [ 2.1699319, 41.338203 ], [ 2.1699009, 41.338206 ], [ 2.169893, 41.3381526 ], [ 2.1695084, 41.3381988 ], [ 2.1695383, 41.3383193 ], [ 2.1699103, 41.3382697 ], [ 2.1699033, 41.3382222 ], [ 2.1699334, 41.3382211 ], [ 2.1699748, 41.3383941 ], [ 2.1699375, 41.3383982 ], [ 2.1699247, 41.3383481 ], [ 2.1695551, 41.3383951 ], [ 2.1695782, 41.3385164 ], [ 2.1699565, 41.338466 ], [ 2.1699439, 41.3384156 ], [ 2.1699779, 41.3384121 ], [ 2.1700166, 41.338606 ], [ 2.1699827, 41.3386107 ], [ 2.1699701, 41.3385404 ], [ 2.1695952, 41.3385853 ], [ 2.1696199, 41.3387052 ], [ 2.1699897, 41.3386647 ], [ 2.1699862, 41.3386316 ], [ 2.170025, 41.3386252 ], [ 2.1707454, 41.3419363 ], [ 2.17222, 41.3488109 ], [ 2.1718686, 41.3488534 ], [ 2.1719165, 41.3490654 ], [ 2.1719452, 41.3491248 ], [ 2.171992, 41.3492329 ], [ 2.1721025, 41.3494042 ], [ 2.1724232, 41.3492887 ], [ 2.1728277, 41.3499207 ], [ 2.1733161, 41.350662 ], [ 2.1735937, 41.3510956 ], [ 2.1742269, 41.3520849 ], [ 2.1744933, 41.3525106 ], [ 2.1748793, 41.3531274 ], [ 2.1750411, 41.3533766 ], [ 2.1756902, 41.3543767 ], [ 2.1762441, 41.3552299 ], [ 2.1766176, 41.3558054 ], [ 2.1770622, 41.3564902 ], [ 2.1775732, 41.3572774 ], [ 2.1781644, 41.3581882 ], [ 2.1784015, 41.3585529 ], [ 2.178514, 41.3587271 ], [ 2.1790537, 41.3595634 ], [ 2.1795714, 41.3603655 ], [ 2.1801252, 41.3612235 ], [ 2.1805635, 41.3619027 ], [ 2.1811838, 41.3628637 ], [ 2.1816813, 41.3636344 ], [ 2.1822557, 41.3645243 ], [ 2.1823389, 41.3646532 ], [ 2.1824014, 41.3647489 ], [ 2.1829011, 41.3648546 ], [ 2.1828636, 41.3651587 ], [ 2.182893, 41.3651956 ], [ 2.1830123, 41.3652225 ], [ 2.183063, 41.3652001 ], [ 2.1832815, 41.3649084 ], [ 2.1830721, 41.3648624 ], [ 2.1833206, 41.3641977 ], [ 2.1834675, 41.3632566 ], [ 2.1830737, 41.3631975 ], [ 2.1804936, 41.3590677 ], [ 2.1795948, 41.357632 ], [ 2.1760567, 41.352099 ], [ 2.1760447, 41.3519029 ], [ 2.1760088, 41.3516709 ], [ 2.1759423, 41.3515021 ], [ 2.1754775, 41.3508286 ], [ 2.175257, 41.349753 ], [ 2.1750156, 41.3491815 ], [ 2.1749139, 41.3486996 ], [ 2.172993, 41.340239 ], [ 2.1724582, 41.3374784 ], [ 2.1723849, 41.3373644 ], [ 2.1718828, 41.3348789 ], [ 2.1718353, 41.3346827 ], [ 2.1715907, 41.3338774 ], [ 2.1714625, 41.3330627 ], [ 2.1708509, 41.3304767 ], [ 2.1701858, 41.3276972 ], [ 2.1698895, 41.3264313 ], [ 2.1728502, 41.3176954 ], [ 2.1729567, 41.3172054 ], [ 2.1727995, 41.3170503 ], [ 2.1725577, 41.3170353 ], [ 2.1723601, 41.317107 ], [ 2.1722961, 41.3173321 ], [ 2.1724251, 41.31742 ], [ 2.1707329, 41.3225003 ], [ 2.1699068, 41.3247725 ], [ 2.1693732, 41.3263405 ], [ 2.1694777, 41.3266901 ], [ 2.1703467, 41.330525 ], [ 2.1711678, 41.3339224 ], [ 2.1700729, 41.3340607 ], [ 2.1699849, 41.3341251 ], [ 2.1699631, 41.3341844 ], [ 2.1700427, 41.3345483 ], [ 2.1700759, 41.3345968 ], [ 2.1701307, 41.3346221 ], [ 2.1702064, 41.3346134 ], [ 2.1702463, 41.3345919 ], [ 2.1702688, 41.3345572 ], [ 2.170242, 41.3345226 ], [ 2.1702027, 41.3345066 ], [ 2.1701316, 41.3341947 ], [ 2.1707913, 41.3341102 ], [ 2.1708395, 41.3341046 ], [ 2.1710876, 41.3351194 ] ] ], [ [ [ 2.1120499, 41.3385972 ], [ 2.1179226, 41.3406943 ], [ 2.1307468, 41.344179 ], [ 2.1389866, 41.3467726 ], [ 2.1368394, 41.348325 ], [ 2.1374024, 41.3488503 ], [ 2.1339658, 41.3532007 ], [ 2.1340159, 41.3532195 ], [ 2.1341254, 41.3532606 ], [ 2.1342149, 41.3532601 ], [ 2.1342545, 41.3532752 ], [ 2.1343987, 41.3533303 ], [ 2.1348368, 41.3534977 ], [ 2.1350869, 41.3535933 ], [ 2.1353577, 41.3536878 ], [ 2.1356049, 41.3537949 ], [ 2.1356487, 41.3538139 ], [ 2.1360818, 41.3539787 ], [ 2.1362068, 41.3540278 ], [ 2.1362507, 41.354043 ], [ 2.1362904, 41.3540594 ], [ 2.1364979, 41.3541479 ], [ 2.1367056, 41.354229 ], [ 2.1367486, 41.3542463 ], [ 2.136784, 41.3542611 ], [ 2.1368143, 41.3542737 ], [ 2.1371323, 41.3544061 ], [ 2.1377043, 41.3546411 ], [ 2.1383679, 41.3549208 ], [ 2.1384307, 41.354947 ], [ 2.1385065, 41.3549761 ], [ 2.1387288, 41.3550711 ], [ 2.138988, 41.3551799 ], [ 2.1394121, 41.3553487 ], [ 2.1398938, 41.3555402 ], [ 2.1399616, 41.3555671 ], [ 2.1402486, 41.3556812 ], [ 2.1405504, 41.3558059 ], [ 2.14065, 41.3558491 ], [ 2.1407614, 41.3558957 ], [ 2.141141, 41.3560544 ], [ 2.1413562, 41.3561444 ], [ 2.1415476, 41.3562245 ], [ 2.1415807, 41.3562379 ], [ 2.1416902, 41.3562823 ], [ 2.1417228, 41.3562956 ], [ 2.1418685, 41.3563581 ], [ 2.141972, 41.3562181 ], [ 2.141997, 41.3561842 ], [ 2.1421093, 41.3560324 ], [ 2.1421825, 41.3559334 ], [ 2.1422556, 41.3558344 ], [ 2.1423237, 41.3557423 ], [ 2.1423962, 41.3556426 ], [ 2.1425759, 41.3553946 ], [ 2.142682, 41.3552482 ], [ 2.1427726, 41.3551233 ], [ 2.1429092, 41.354935 ], [ 2.1429476, 41.3548821 ], [ 2.1430752, 41.3547062 ], [ 2.1433021, 41.3543798 ], [ 2.1434122, 41.3542305 ], [ 2.1434653, 41.3542512 ], [ 2.143654, 41.3543247 ], [ 2.1436994, 41.3543412 ], [ 2.1437597, 41.3543653 ], [ 2.1440404, 41.3544701 ], [ 2.1442804, 41.3545367 ], [ 2.14487, 41.3546991 ], [ 2.1449109, 41.3547104 ], [ 2.1449469, 41.3547199 ], [ 2.1451359, 41.35477 ], [ 2.1453203, 41.3548516 ], [ 2.1453405, 41.3548605 ], [ 2.1453623, 41.3548702 ], [ 2.1454442, 41.3549064 ], [ 2.1460264, 41.355164 ], [ 2.1461573, 41.3552219 ], [ 2.1462699, 41.3553594 ], [ 2.1463862, 41.3554499 ], [ 2.1465274, 41.3552112 ], [ 2.1469652, 41.3548891 ], [ 2.1473087, 41.3547083 ], [ 2.147809, 41.3544456 ], [ 2.1488036, 41.3539422 ], [ 2.1504831, 41.3530944 ], [ 2.1505122, 41.3530797 ], [ 2.1508538, 41.3529075 ], [ 2.1510323, 41.3528015 ], [ 2.1510595, 41.3527879 ], [ 2.152089, 41.3522738 ], [ 2.1522802, 41.3521705 ], [ 2.1523633, 41.3521285 ], [ 2.152446, 41.3520919 ], [ 2.1525242, 41.3520663 ], [ 2.1526197, 41.3520413 ], [ 2.1526873, 41.3520309 ], [ 2.1527655, 41.3520198 ], [ 2.1528356, 41.3520141 ], [ 2.1529408, 41.3520162 ], [ 2.1530499, 41.3520251 ], [ 2.1532713, 41.3520591 ], [ 2.1536745, 41.3521173 ], [ 2.1540653, 41.3521781 ], [ 2.1553285, 41.3523998 ], [ 2.1562392, 41.3527612 ], [ 2.1564441, 41.3528354 ], [ 2.156543, 41.3528863 ], [ 2.1566483, 41.3529405 ], [ 2.1567956, 41.3530164 ], [ 2.1570104, 41.3531388 ], [ 2.1573776, 41.3533756 ], [ 2.157611, 41.3535226 ], [ 2.1578413, 41.353649 ], [ 2.1583404, 41.3539186 ], [ 2.1585573, 41.3540381 ], [ 2.1589007, 41.3542357 ], [ 2.158949, 41.3542777 ], [ 2.1591942, 41.3544953 ], [ 2.1606081, 41.3557986 ], [ 2.1610585, 41.3562085 ], [ 2.1623803, 41.357408 ], [ 2.162884, 41.3578499 ], [ 2.1630735, 41.3580034 ], [ 2.163263, 41.3581489 ], [ 2.1638046, 41.3585522 ], [ 2.1648118, 41.3592799 ], [ 2.1650387, 41.3594378 ], [ 2.1653174, 41.3596198 ], [ 2.165534, 41.3597499 ], [ 2.1660583, 41.3600633 ], [ 2.16647, 41.3603326 ], [ 2.1668157, 41.3605728 ], [ 2.1671351, 41.3608053 ], [ 2.1685211, 41.3618024 ], [ 2.1687302, 41.361971 ], [ 2.1688865, 41.3621069 ], [ 2.1689947, 41.3622126 ], [ 2.1691065, 41.3623315 ], [ 2.1692995, 41.3625482 ], [ 2.169697, 41.3630863 ], [ 2.170898, 41.3647079 ], [ 2.1710997, 41.3649976 ], [ 2.1712496, 41.3652397 ], [ 2.1712792, 41.3652907 ], [ 2.1713505, 41.3654134 ], [ 2.1715094, 41.3657076 ], [ 2.1718021, 41.366268 ], [ 2.171869, 41.3664472 ], [ 2.1719635, 41.3666423 ], [ 2.1719966, 41.3667107 ], [ 2.1721224, 41.3669629 ], [ 2.1722553, 41.3671881 ], [ 2.1724155, 41.3674401 ], [ 2.1725379, 41.3676149 ], [ 2.1726734, 41.3677826 ], [ 2.172936, 41.3681213 ], [ 2.173149, 41.3683784 ], [ 2.1732414, 41.3684896 ], [ 2.1732845, 41.368554 ], [ 2.1733148, 41.3686173 ], [ 2.1733389, 41.3686741 ], [ 2.1733549, 41.3687309 ], [ 2.1733627, 41.3687707 ], [ 2.1733679, 41.3688105 ], [ 2.1733722, 41.3689616 ], [ 2.1736293, 41.3691118 ], [ 2.1736313, 41.3691669 ], [ 2.1736368, 41.3692263 ], [ 2.1736566, 41.3693194 ], [ 2.1736966, 41.3694487 ], [ 2.1738239, 41.3697689 ], [ 2.1739664, 41.3700318 ], [ 2.1740107, 41.3701131 ], [ 2.1740781, 41.370222 ], [ 2.1741972, 41.3703913 ], [ 2.174319, 41.3705291 ], [ 2.1744713, 41.3706645 ], [ 2.1745082, 41.3707221 ], [ 2.1745474, 41.3707813 ], [ 2.1749683, 41.3712 ], [ 2.1751478, 41.3714225 ], [ 2.1761255, 41.3726342 ], [ 2.1763393, 41.3729003 ], [ 2.1766742, 41.3727543 ], [ 2.1776078, 41.372354 ], [ 2.1774677, 41.372162 ], [ 2.1773815, 41.3721176 ], [ 2.1770929, 41.3721396 ], [ 2.1767492, 41.3698518 ], [ 2.1771087, 41.3698208 ], [ 2.1770407, 41.3693537 ], [ 2.1766825, 41.3693797 ], [ 2.1764361, 41.3677105 ], [ 2.1763939, 41.3674243 ], [ 2.1766905, 41.3674001 ], [ 2.1765255, 41.3671374 ], [ 2.1796905, 41.3659648 ], [ 2.1798436, 41.366228 ], [ 2.1807766, 41.3658488 ], [ 2.1804469, 41.3653304 ], [ 2.1804387, 41.3653176 ], [ 2.1803756, 41.3652184 ], [ 2.1797706, 41.364267 ], [ 2.1793213, 41.3635605 ], [ 2.1789923, 41.3636792 ], [ 2.179276, 41.3641218 ], [ 2.1759898, 41.3653257 ], [ 2.1748949, 41.3638711 ], [ 2.1737703, 41.3624155 ], [ 2.1734844, 41.3620391 ], [ 2.1738501, 41.3618847 ], [ 2.1737016, 41.3616529 ], [ 2.1761651, 41.3607441 ], [ 2.1761783, 41.3607654 ], [ 2.1767418, 41.3605565 ], [ 2.1754746, 41.3586415 ], [ 2.17537, 41.3586084 ], [ 2.1729093, 41.3595178 ], [ 2.1709307, 41.3602517 ], [ 2.1699011, 41.3586476 ], [ 2.1730395, 41.3565352 ], [ 2.1730504, 41.3565263 ], [ 2.1730549, 41.3565153 ], [ 2.1730497, 41.3565 ], [ 2.1724229, 41.3555389 ], [ 2.166981, 41.3472579 ], [ 2.1669062, 41.347144 ], [ 2.1635648, 41.3483951 ], [ 2.1636332, 41.3485037 ], [ 2.1636869, 41.3484851 ], [ 2.1636933, 41.3485014 ], [ 2.1637053, 41.3485162 ], [ 2.1633808, 41.348635 ], [ 2.1633454, 41.3486289 ], [ 2.1630328, 41.3484441 ], [ 2.1630611, 41.3484186 ], [ 2.1631425, 41.3484641 ], [ 2.163239, 41.3483698 ], [ 2.1576856, 41.3452035 ], [ 2.1576993, 41.3451858 ], [ 2.1533088, 41.3427025 ], [ 2.1531138, 41.3427347 ], [ 2.1530067, 41.3429432 ], [ 2.153219, 41.3444628 ], [ 2.1528559, 41.3444937 ], [ 2.1530084, 41.3456005 ], [ 2.152641, 41.3456281 ], [ 2.1527381, 41.3463372 ], [ 2.1519563, 41.3464019 ], [ 2.1519355, 41.3462495 ], [ 2.1519491, 41.3462482 ], [ 2.1519238, 41.3460601 ], [ 2.1519094, 41.3460607 ], [ 2.1518867, 41.3459041 ], [ 2.151901, 41.3459028 ], [ 2.1518815, 41.3457756 ], [ 2.1518722, 41.3457518 ], [ 2.1518624, 41.3457372 ], [ 2.1518478, 41.3457274 ], [ 2.1518383, 41.3457227 ], [ 2.1518257, 41.3457191 ], [ 2.1518116, 41.3457191 ], [ 2.1517986, 41.3457238 ], [ 2.1517881, 41.3457323 ], [ 2.1517787, 41.3457446 ], [ 2.1517688, 41.345768 ], [ 2.1517872, 41.3459125 ], [ 2.1518024, 41.3459114 ], [ 2.1518216, 41.3460683 ], [ 2.1518098, 41.3460692 ], [ 2.1518362, 41.3462583 ], [ 2.1518497, 41.3462582 ], [ 2.1518706, 41.3464088 ], [ 2.1512114, 41.3464582 ], [ 2.1509158, 41.3464852 ], [ 2.1507131, 41.3449165 ], [ 2.1499407, 41.3393576 ], [ 2.14962, 41.3370498 ], [ 2.1495681, 41.3366763 ], [ 2.1495568, 41.3366685 ], [ 2.1456111, 41.3365517 ], [ 2.1456274, 41.3363244 ], [ 2.1456132, 41.336323 ], [ 2.1453154, 41.3364273 ], [ 2.144685, 41.3354128 ], [ 2.144278, 41.3347455 ], [ 2.1472837, 41.3336998 ], [ 2.1458539, 41.3313722 ], [ 2.1460872, 41.33129 ], [ 2.1459118, 41.3309856 ], [ 2.148672, 41.3300255 ], [ 2.1488238, 41.3299727 ], [ 2.1489362, 41.3300004 ], [ 2.1491873, 41.3304336 ], [ 2.1489107, 41.3305304 ], [ 2.1488529, 41.330438 ], [ 2.1487909, 41.3304597 ], [ 2.148916, 41.3306629 ], [ 2.1489759, 41.330642 ], [ 2.1489213, 41.3305488 ], [ 2.1491955, 41.3304511 ], [ 2.1495274, 41.3309569 ], [ 2.1494872, 41.3310615 ], [ 2.1495032, 41.3311274 ], [ 2.1495578, 41.3312238 ], [ 2.1494286, 41.3312774 ], [ 2.1492806, 41.3310372 ], [ 2.1491768, 41.3310735 ], [ 2.1494002, 41.3314346 ], [ 2.1495027, 41.3313987 ], [ 2.149471, 41.3313467 ], [ 2.1496412, 41.3312864 ], [ 2.149745, 41.331325 ], [ 2.1499671, 41.3317021 ], [ 2.1500336, 41.3317978 ], [ 2.1500807, 41.3318091 ], [ 2.1503691, 41.332285 ], [ 2.1502931, 41.3323636 ], [ 2.1503086, 41.3324092 ], [ 2.1501595, 41.3324607 ], [ 2.1501088, 41.332384 ], [ 2.1500065, 41.3324204 ], [ 2.150123, 41.3326021 ], [ 2.1502258, 41.3325635 ], [ 2.1501978, 41.3325158 ], [ 2.1503521, 41.3324647 ], [ 2.1504035, 41.3324851 ], [ 2.1504897, 41.3325146 ], [ 2.1505276, 41.3325521 ], [ 2.1507738, 41.3329723 ], [ 2.151165, 41.3335778 ], [ 2.1510721, 41.3336262 ], [ 2.1510699, 41.3336647 ], [ 2.1509323, 41.3337098 ], [ 2.150894, 41.3336516 ], [ 2.1507782, 41.3336893 ], [ 2.1509006, 41.333878 ], [ 2.1510153, 41.3338403 ], [ 2.1509771, 41.3337771 ], [ 2.151129, 41.3337271 ], [ 2.1511672, 41.333755 ], [ 2.1512568, 41.333732 ], [ 2.1519708, 41.3348711 ], [ 2.1519651, 41.3349073 ], [ 2.151877, 41.3349274 ], [ 2.1518814, 41.3349702 ], [ 2.1517374, 41.3350171 ], [ 2.1517162, 41.3349786 ], [ 2.1516024, 41.3350138 ], [ 2.1516861, 41.3351537 ], [ 2.1517955, 41.3351152 ], [ 2.1517765, 41.3350783 ], [ 2.1519328, 41.335028 ], [ 2.1519808, 41.3350532 ], [ 2.1520728, 41.3350405 ], [ 2.1526624, 41.3359814 ], [ 2.1528276, 41.3362485 ], [ 2.1527968, 41.3362819 ], [ 2.1527284, 41.3363127 ], [ 2.1527363, 41.3363461 ], [ 2.1525983, 41.3363958 ], [ 2.1525789, 41.3363615 ], [ 2.1524603, 41.3363984 ], [ 2.1525482, 41.3365388 ], [ 2.1526531, 41.3365037 ], [ 2.152633, 41.3364648 ], [ 2.1527772, 41.3364179 ], [ 2.1527995, 41.3364321 ], [ 2.1528994, 41.3364266 ], [ 2.1529397, 41.3364445 ], [ 2.1536858, 41.337652 ], [ 2.1535808, 41.3377063 ], [ 2.1535854, 41.337736 ], [ 2.1534468, 41.3377877 ], [ 2.1534246, 41.3377535 ], [ 2.1533151, 41.3377877 ], [ 2.153399, 41.3379294 ], [ 2.1535085, 41.3378926 ], [ 2.1534841, 41.3378515 ], [ 2.1536332, 41.3378043 ], [ 2.1536577, 41.3378384 ], [ 2.1536915, 41.3378401 ], [ 2.1537687, 41.3378059 ], [ 2.1544139, 41.3388785 ], [ 2.1543377, 41.3389312 ], [ 2.1543401, 41.3389706 ], [ 2.1542092, 41.3390161 ], [ 2.1541842, 41.3389759 ], [ 2.1541145, 41.3389999 ], [ 2.1540723, 41.3390144 ], [ 2.1541616, 41.3391493 ], [ 2.1542699, 41.3391154 ], [ 2.1542378, 41.3390716 ], [ 2.1543675, 41.3390251 ], [ 2.1544258, 41.3390599 ], [ 2.1545032, 41.3390626 ], [ 2.1546948, 41.3393218 ], [ 2.1546282, 41.3393441 ], [ 2.1545599, 41.3392391 ], [ 2.1543738, 41.3392992 ], [ 2.1546283, 41.3397202 ], [ 2.1548163, 41.3396559 ], [ 2.1547497, 41.3395397 ], [ 2.1548283, 41.3395129 ], [ 2.1550616, 41.3398721 ], [ 2.1555942, 41.3407734 ], [ 2.1554525, 41.3408316 ], [ 2.1554021, 41.3407494 ], [ 2.1553267, 41.3407745 ], [ 2.1552895, 41.3407879 ], [ 2.1553406, 41.3408768 ], [ 2.1553537, 41.340898 ], [ 2.155343, 41.3409025 ], [ 2.1553945, 41.3409881 ], [ 2.1554457, 41.3409695 ], [ 2.1555188, 41.3409454 ], [ 2.1554954, 41.3409035 ], [ 2.1556394, 41.3408558 ], [ 2.1562926, 41.3418602 ], [ 2.157034, 41.3421983 ], [ 2.1569959, 41.3422528 ], [ 2.1569102, 41.3422135 ], [ 2.1568435, 41.342293 ], [ 2.1570935, 41.3424047 ], [ 2.1571577, 41.3423216 ], [ 2.1570542, 41.3422787 ], [ 2.1570975, 41.3422273 ], [ 2.1579154, 41.3425897 ], [ 2.158063, 41.3425838 ], [ 2.1582485, 41.342563 ], [ 2.1583179, 41.3425725 ], [ 2.1584176, 41.34273 ], [ 2.158475, 41.3427797 ], [ 2.159141, 41.3432046 ], [ 2.1591554, 41.3431946 ], [ 2.159266, 41.3432631 ], [ 2.1593101, 41.343267 ], [ 2.1594648, 41.3432285 ], [ 2.159476, 41.3432511 ], [ 2.1611152, 41.3426169 ], [ 2.1611896, 41.3425881 ], [ 2.1611628, 41.3424761 ], [ 2.1610265, 41.3420969 ], [ 2.1613801, 41.3420329 ], [ 2.1614938, 41.342046 ], [ 2.1618289, 41.3419552 ], [ 2.1620697, 41.3419391 ], [ 2.162801, 41.3417935 ], [ 2.1628556, 41.341995 ], [ 2.1627522, 41.3420145 ], [ 2.1626292, 41.3420391 ], [ 2.1625903, 41.3420768 ], [ 2.1625944, 41.3421199 ], [ 2.162644, 41.342358 ], [ 2.1624923, 41.3423803 ], [ 2.1624983, 41.3424055 ], [ 2.1625231, 41.3425087 ], [ 2.1642452, 41.3422354 ], [ 2.1642229, 41.3421516 ], [ 2.1642105, 41.3421052 ], [ 2.1640649, 41.3421284 ], [ 2.1639626, 41.3418775 ], [ 2.1638877, 41.3418426 ], [ 2.1636688, 41.3418775 ], [ 2.163607, 41.3416703 ], [ 2.1642424, 41.3415426 ], [ 2.1648227, 41.3415135 ], [ 2.164969, 41.3414908 ], [ 2.1650855, 41.3414322 ], [ 2.1658681, 41.3413191 ], [ 2.1659464, 41.3413583 ], [ 2.1661811, 41.3413321 ], [ 2.1662429, 41.3412812 ], [ 2.1662391, 41.3411711 ], [ 2.1661898, 41.3410797 ], [ 2.1661099, 41.3410625 ], [ 2.1653475, 41.3411915 ], [ 2.1651089, 41.3405642 ], [ 2.1650058, 41.3402978 ], [ 2.164913, 41.3402558 ], [ 2.1640708, 41.3383162 ], [ 2.1649149, 41.3381603 ], [ 2.1649245, 41.3381087 ], [ 2.1651538, 41.3380726 ], [ 2.1652353, 41.3383393 ], [ 2.1652502, 41.3383365 ], [ 2.1653892, 41.3383132 ], [ 2.1651785, 41.3375876 ], [ 2.1650369, 41.3376104 ], [ 2.1650229, 41.3376132 ], [ 2.165099, 41.3378768 ], [ 2.1648767, 41.3379122 ], [ 2.1648615, 41.3378699 ], [ 2.1639414, 41.3380183 ], [ 2.160519, 41.330136 ], [ 2.1592481, 41.3273031 ], [ 2.159123, 41.3271493 ], [ 2.1589076, 41.3271199 ], [ 2.1587726, 41.3271882 ], [ 2.1587317, 41.3273499 ], [ 2.1588225, 41.3275289 ], [ 2.1588811, 41.3275501 ], [ 2.1589644, 41.3277675 ], [ 2.1588679, 41.3278257 ], [ 2.154324, 41.3278565 ], [ 2.1542616, 41.3278448 ], [ 2.1542668, 41.3278198 ], [ 2.1543657, 41.3277338 ], [ 2.1544093, 41.3277175 ], [ 2.1544504, 41.327648 ], [ 2.1544649, 41.3275569 ], [ 2.154488, 41.3275293 ], [ 2.1544758, 41.3274579 ], [ 2.1544235, 41.3274062 ], [ 2.1544202, 41.3273488 ], [ 2.1543733, 41.3273251 ], [ 2.1543331, 41.3272509 ], [ 2.1542392, 41.3272116 ], [ 2.1542292, 41.3272183 ], [ 2.1542059, 41.3272196 ], [ 2.1542002, 41.3272148 ], [ 2.1541818, 41.3272163 ], [ 2.1541612, 41.3272429 ], [ 2.1541303, 41.3272566 ], [ 2.154093, 41.3272465 ], [ 2.154053, 41.3272695 ], [ 2.1540625, 41.3273087 ], [ 2.1541925, 41.3274266 ], [ 2.1542385, 41.327485 ], [ 2.1542331, 41.3275389 ], [ 2.1542088, 41.327598 ], [ 2.1541861, 41.3276006 ], [ 2.1541589, 41.3276177 ], [ 2.1541064, 41.3276488 ], [ 2.1539693, 41.327683 ], [ 2.153922, 41.3275748 ], [ 2.1538708, 41.327594 ], [ 2.1538251, 41.3275226 ], [ 2.1538861, 41.3275012 ], [ 2.1537745, 41.3271797 ], [ 2.1528875, 41.3243971 ], [ 2.1525494, 41.3235069 ], [ 2.1523921, 41.3232574 ], [ 2.1523693, 41.3231455 ], [ 2.1523008, 41.3230236 ], [ 2.1521613, 41.3228866 ], [ 2.1520542, 41.3227857 ], [ 2.1520146, 41.3227272 ], [ 2.1520765, 41.3226528 ], [ 2.1522144, 41.3225779 ], [ 2.1524354, 41.3226622 ], [ 2.152451, 41.3227496 ], [ 2.1523875, 41.3228849 ], [ 2.1524081, 41.3229349 ], [ 2.1524721, 41.3229802 ], [ 2.1525548, 41.3229819 ], [ 2.1526262, 41.3229481 ], [ 2.1526729, 41.3228701 ], [ 2.1526817, 41.3227699 ], [ 2.1525672, 41.3225436 ], [ 2.1524315, 41.322398 ], [ 2.1524698, 41.3222857 ], [ 2.1525949, 41.3221268 ], [ 2.1525963, 41.3220009 ], [ 2.1524041, 41.3218199 ], [ 2.1521754, 41.3218031 ], [ 2.1520686, 41.321768 ], [ 2.1520968, 41.3216877 ], [ 2.1514501, 41.3217336 ], [ 2.1508142, 41.3217698 ], [ 2.1504164, 41.3215715 ], [ 2.148838, 41.3203369 ], [ 2.1484514, 41.3201292 ], [ 2.1480012, 41.3200233 ], [ 2.1474264, 41.3200041 ], [ 2.1468454, 41.3200571 ], [ 2.1459256, 41.3202064 ], [ 2.144551, 41.3204931 ], [ 2.1392541, 41.3211715 ], [ 2.138421, 41.3212088 ], [ 2.1328285, 41.3208648 ], [ 2.1309859, 41.3208212 ], [ 2.1299505, 41.3208674 ], [ 2.1269719, 41.3212616 ], [ 2.1188194, 41.3228408 ], [ 2.1160431, 41.3238379 ], [ 2.1148538, 41.324359 ], [ 2.1144007, 41.3246159 ], [ 2.1143116, 41.3247861 ], [ 2.1140582, 41.3251192 ], [ 2.1137766, 41.3252883 ], [ 2.1131712, 41.3259438 ], [ 2.1129952, 41.3261658 ], [ 2.1129108, 41.3262346 ], [ 2.1127911, 41.3264354 ], [ 2.1127841, 41.326631 ], [ 2.1126433, 41.3268848 ], [ 2.1123054, 41.3272918 ], [ 2.1121505, 41.3273817 ], [ 2.1120097, 41.327535 ], [ 2.1118478, 41.3277411 ], [ 2.1115099, 41.3281376 ], [ 2.1110101, 41.3286927 ], [ 2.1106652, 41.3290045 ], [ 2.110447, 41.3292477 ], [ 2.1102077, 41.3295067 ], [ 2.1100317, 41.3298027 ], [ 2.1095389, 41.3302573 ], [ 2.1093911, 41.3304529 ], [ 2.1092292, 41.3305216 ], [ 2.1091869, 41.3306326 ], [ 2.1090673, 41.3307331 ], [ 2.1087646, 41.3310925 ], [ 2.1083915, 41.3314202 ], [ 2.1080466, 41.3317427 ], [ 2.1080395, 41.3317532 ], [ 2.1076242, 41.3320281 ], [ 2.1073074, 41.3323294 ], [ 2.1069766, 41.3325937 ], [ 2.1067302, 41.3328368 ], [ 2.1062234, 41.3332544 ], [ 2.105984, 41.3334711 ], [ 2.10509, 41.3341265 ], [ 2.104731, 41.3343115 ], [ 2.1044846, 41.3344172 ], [ 2.1044565, 41.3345282 ], [ 2.1042242, 41.3346445 ], [ 2.1039778, 41.3347291 ], [ 2.1038933, 41.3348137 ], [ 2.10383, 41.3348771 ], [ 2.1036751, 41.3349035 ], [ 2.1034217, 41.3350304 ], [ 2.1033443, 41.3351202 ], [ 2.1032246, 41.3351308 ], [ 2.1031401, 41.3351837 ], [ 2.1029193, 41.3353411 ], [ 2.1120499, 41.3385972 ] ] ] ] } },
{ "type": "Feature", "properties": { "neighborhood": "la Marina de Port", "admin_level": "10" }, "geometry": { "type": "Polygon", "coordinates": [ [ [ 2.1337999, 41.3635707 ], [ 2.1338805, 41.3636328 ], [ 2.134911, 41.3644062 ], [ 2.1355878, 41.3649011 ], [ 2.135897, 41.3651217 ], [ 2.1383577, 41.3669601 ], [ 2.1386697, 41.3671953 ], [ 2.139007, 41.3674087 ], [ 2.1391998, 41.3675522 ], [ 2.1392991, 41.3676261 ], [ 2.1393108, 41.3676348 ], [ 2.1393412, 41.3676575 ], [ 2.1394402, 41.3677306 ], [ 2.1395904, 41.3676672 ], [ 2.1396366, 41.3676325 ], [ 2.13971, 41.3675738 ], [ 2.1399212, 41.3674107 ], [ 2.1399556, 41.3673841 ], [ 2.1400725, 41.3672931 ], [ 2.1401396, 41.3672758 ], [ 2.1401863, 41.3672673 ], [ 2.1401442, 41.36718 ], [ 2.1401289, 41.3671496 ], [ 2.1399228, 41.3665335 ], [ 2.1399036, 41.3664723 ], [ 2.1398942, 41.3664526 ], [ 2.1397286, 41.3661055 ], [ 2.1397209, 41.3660782 ], [ 2.1396982, 41.3659985 ], [ 2.1397081, 41.3659051 ], [ 2.1397329, 41.3658908 ], [ 2.1397929, 41.3658836 ], [ 2.139863, 41.3658781 ], [ 2.1398935, 41.3658642 ], [ 2.1399032, 41.3658639 ], [ 2.1399159, 41.3658639 ], [ 2.139944, 41.3658648 ], [ 2.1408838, 41.3658963 ], [ 2.1410766, 41.3659077 ], [ 2.1412394, 41.3659299 ], [ 2.141356, 41.3659769 ], [ 2.1414544, 41.3660227 ], [ 2.1415531, 41.3661053 ], [ 2.1416306, 41.3661835 ], [ 2.1421026, 41.3660145 ], [ 2.1421617, 41.3655099 ], [ 2.143052, 41.3648724 ], [ 2.1428753, 41.3646665 ], [ 2.1430642, 41.3645795 ], [ 2.143112, 41.3645574 ], [ 2.1432818, 41.364461 ], [ 2.143354, 41.3644114 ], [ 2.1433931, 41.3643845 ], [ 2.1434102, 41.3643673 ], [ 2.1434297, 41.3643478 ], [ 2.1435, 41.3642772 ], [ 2.1435487, 41.3642283 ], [ 2.143642, 41.3641537 ], [ 2.1437747, 41.3640643 ], [ 2.1440017, 41.363895 ], [ 2.1440899, 41.3638278 ], [ 2.1441757, 41.363762 ], [ 2.1443229, 41.3636897 ], [ 2.1452536, 41.3633157 ], [ 2.1454205, 41.3632591 ], [ 2.1455038, 41.3632477 ], [ 2.1456548, 41.3632574 ], [ 2.1458188, 41.3632508 ], [ 2.145928, 41.3632408 ], [ 2.1460047, 41.3632205 ], [ 2.1461114, 41.3632123 ], [ 2.1461671, 41.3631278 ], [ 2.1462538, 41.3630446 ], [ 2.1464437, 41.3629601 ], [ 2.1466797, 41.362874 ], [ 2.1470574, 41.3627321 ], [ 2.1472554, 41.3626373 ], [ 2.1473738, 41.3625806 ], [ 2.1476483, 41.3624174 ], [ 2.1478066, 41.3623113 ], [ 2.1481253, 41.3620628 ], [ 2.1484941, 41.3617586 ], [ 2.1487642, 41.3615075 ], [ 2.1489616, 41.3612756 ], [ 2.1491847, 41.3609148 ], [ 2.1493062, 41.3606238 ], [ 2.1493294, 41.3605392 ], [ 2.1493155, 41.3602197 ], [ 2.149283, 41.3600397 ], [ 2.1492515, 41.359984 ], [ 2.1492105, 41.359897 ], [ 2.1490546, 41.359815 ], [ 2.1489396, 41.3597622 ], [ 2.1487738, 41.3596976 ], [ 2.1482014, 41.3597829 ], [ 2.1474988, 41.3599625 ], [ 2.146988, 41.3600343 ], [ 2.1465759, 41.3600008 ], [ 2.1462637, 41.3599378 ], [ 2.145946, 41.3598271 ], [ 2.1456792, 41.3596578 ], [ 2.145348, 41.3594963 ], [ 2.1450541, 41.3593402 ], [ 2.1450308, 41.3593278 ], [ 2.1450038, 41.3593134 ], [ 2.1447291, 41.3591675 ], [ 2.1447941, 41.3589386 ], [ 2.1448021, 41.3589105 ], [ 2.144828, 41.358819 ], [ 2.1448366, 41.3584518 ], [ 2.1448366, 41.3580331 ], [ 2.1449244, 41.3577731 ], [ 2.1450044, 41.3576151 ], [ 2.1451818, 41.3573917 ], [ 2.1452448, 41.3573288 ], [ 2.1455765, 41.3570348 ], [ 2.1458109, 41.3568214 ], [ 2.145868, 41.3567533 ], [ 2.1459906, 41.3565463 ], [ 2.1460645, 41.356346 ], [ 2.1461841, 41.355907 ], [ 2.1462505, 41.355706 ], [ 2.1462707, 41.3556451 ], [ 2.1463104, 41.3555781 ], [ 2.1463862, 41.3554499 ], [ 2.1462699, 41.3553594 ], [ 2.1461573, 41.3552219 ], [ 2.1460264, 41.355164 ], [ 2.1454442, 41.3549064 ], [ 2.1453623, 41.3548702 ], [ 2.1453405, 41.3548605 ], [ 2.1453203, 41.3548516 ], [ 2.1451359, 41.35477 ], [ 2.1449469, 41.3547199 ], [ 2.1449109, 41.3547104 ], [ 2.14487, 41.3546991 ], [ 2.1442804, 41.3545367 ], [ 2.1440404, 41.3544701 ], [ 2.1437597, 41.3543653 ], [ 2.1436994, 41.3543412 ], [ 2.143654, 41.3543247 ], [ 2.1434653, 41.3542512 ], [ 2.1434122, 41.3542305 ], [ 2.1433021, 41.3543798 ], [ 2.1430752, 41.3547062 ], [ 2.1429476, 41.3548821 ], [ 2.1429092, 41.354935 ], [ 2.1427726, 41.3551233 ], [ 2.142682, 41.3552482 ], [ 2.1425759, 41.3553946 ], [ 2.1423962, 41.3556426 ], [ 2.1423237, 41.3557423 ], [ 2.1422556, 41.3558344 ], [ 2.1421825, 41.3559334 ], [ 2.1421093, 41.3560324 ], [ 2.141997, 41.3561842 ], [ 2.141972, 41.3562181 ], [ 2.1418685, 41.3563581 ], [ 2.1417228, 41.3562956 ], [ 2.1416902, 41.3562823 ], [ 2.1415807, 41.3562379 ], [ 2.1415476, 41.3562245 ], [ 2.1413562, 41.3561444 ], [ 2.141141, 41.3560544 ], [ 2.1407614, 41.3558957 ], [ 2.14065, 41.3558491 ], [ 2.1405504, 41.3558059 ], [ 2.1402486, 41.3556812 ], [ 2.1399616, 41.3555671 ], [ 2.1398938, 41.3555402 ], [ 2.1394121, 41.3553487 ], [ 2.138988, 41.3551799 ], [ 2.1387288, 41.3550711 ], [ 2.1385065, 41.3549761 ], [ 2.1384307, 41.354947 ], [ 2.1383679, 41.3549208 ], [ 2.1377043, 41.3546411 ], [ 2.1371323, 41.3544061 ], [ 2.1368143, 41.3542737 ], [ 2.136784, 41.3542611 ], [ 2.1367486, 41.3542463 ], [ 2.1367056, 41.354229 ], [ 2.1364979, 41.3541479 ], [ 2.1362904, 41.3540594 ], [ 2.1362507, 41.354043 ], [ 2.1362068, 41.3540278 ], [ 2.1360818, 41.3539787 ], [ 2.1356487, 41.3538139 ], [ 2.1356049, 41.3537949 ], [ 2.1353577, 41.3536878 ], [ 2.1350869, 41.3535933 ], [ 2.1348368, 41.3534977 ], [ 2.1343987, 41.3533303 ], [ 2.1342545, 41.3532752 ], [ 2.1342149, 41.3532601 ], [ 2.1341254, 41.3532606 ], [ 2.1340159, 41.3532195 ], [ 2.1339658, 41.3532007 ], [ 2.1320003, 41.3555787 ], [ 2.1325486, 41.3557937 ], [ 2.1327317, 41.3558849 ], [ 2.1330177, 41.3563307 ], [ 2.1331473, 41.3572532 ], [ 2.1332156, 41.3578001 ], [ 2.133201, 41.3586476 ], [ 2.1332963, 41.3596768 ], [ 2.1333635, 41.3599482 ], [ 2.1335041, 41.3600408 ], [ 2.1335089, 41.3601335 ], [ 2.1339548, 41.3606045 ], [ 2.1345117, 41.3609771 ], [ 2.1347862, 41.3612286 ], [ 2.1353016, 41.3622661 ], [ 2.1351242, 41.3625694 ], [ 2.1337999, 41.3635707 ] ] ] } },
{ "type": "Feature", "properties": { "neighborhood": "la Font de la Guatlla", "admin_level": "10" }, "geometry": { "type": "Polygon", "coordinates": [ [ [ 2.1394402, 41.3677306 ], [ 2.1394742, 41.3677558 ], [ 2.1395087, 41.367781 ], [ 2.1396185, 41.367864 ], [ 2.1396366, 41.3678781 ], [ 2.1396491, 41.3678878 ], [ 2.1397488, 41.3679636 ], [ 2.140148, 41.368267 ], [ 2.1402644, 41.3683501 ], [ 2.1403098, 41.3683838 ], [ 2.1403947, 41.3684463 ], [ 2.1404531, 41.3684919 ], [ 2.1404946, 41.3685234 ], [ 2.1408712, 41.3688092 ], [ 2.1409178, 41.3688437 ], [ 2.1412623, 41.3690978 ], [ 2.1415, 41.3692834 ], [ 2.1418635, 41.36956 ], [ 2.1419844, 41.3696531 ], [ 2.1420201, 41.3696792 ], [ 2.1423501, 41.3699234 ], [ 2.1424486, 41.3699939 ], [ 2.1426099, 41.3701214 ], [ 2.1426548, 41.3701551 ], [ 2.1427089, 41.3701956 ], [ 2.1428705, 41.3703197 ], [ 2.1429311, 41.3703612 ], [ 2.1429796, 41.3703944 ], [ 2.1430639, 41.3704577 ], [ 2.1437001, 41.3709351 ], [ 2.1437289, 41.3709566 ], [ 2.1438738, 41.3710639 ], [ 2.1440171, 41.3711711 ], [ 2.1440532, 41.3711974 ], [ 2.1447358, 41.3717116 ], [ 2.1448853, 41.3718219 ], [ 2.1449254, 41.3718552 ], [ 2.1452574, 41.3721009 ], [ 2.145527, 41.372308 ], [ 2.1459983, 41.3726623 ], [ 2.1460063, 41.3726679 ], [ 2.1460376, 41.3726921 ], [ 2.1460747, 41.3727215 ], [ 2.1461828, 41.3728007 ], [ 2.1461949, 41.37281 ], [ 2.1463711, 41.3729426 ], [ 2.1464172, 41.3729778 ], [ 2.1465641, 41.37309 ], [ 2.1467002, 41.373188 ], [ 2.1468921, 41.3732624 ], [ 2.147027, 41.3732995 ], [ 2.1471381, 41.3733347 ], [ 2.1473135, 41.3734565 ], [ 2.1474355, 41.3735495 ], [ 2.1474657, 41.3735258 ], [ 2.1475116, 41.3734886 ], [ 2.14753, 41.3734766 ], [ 2.1476883, 41.3733566 ], [ 2.1484139, 41.3728068 ], [ 2.1484343, 41.3727909 ], [ 2.1485133, 41.3727294 ], [ 2.1485728, 41.3726845 ], [ 2.1489957, 41.372366 ], [ 2.1491634, 41.3722397 ], [ 2.1492825, 41.37215 ], [ 2.1493255, 41.3721176 ], [ 2.1495898, 41.3719189 ], [ 2.1498152, 41.3717495 ], [ 2.150248, 41.371423 ], [ 2.1502882, 41.3713904 ], [ 2.1503119, 41.3713744 ], [ 2.1504433, 41.3712752 ], [ 2.1502714, 41.3712114 ], [ 2.150202, 41.3711857 ], [ 2.1501204, 41.3711539 ], [ 2.1499682, 41.3710945 ], [ 2.149841, 41.3710449 ], [ 2.1497772, 41.3710199 ], [ 2.149701, 41.3709783 ], [ 2.1495922, 41.3708926 ], [ 2.1495413, 41.3708317 ], [ 2.149508, 41.3707654 ], [ 2.1495025, 41.3707491 ], [ 2.1494947, 41.3707261 ], [ 2.1494884, 41.3707054 ], [ 2.1494698, 41.3706449 ], [ 2.1494512, 41.3705604 ], [ 2.1494027, 41.3702979 ], [ 2.1493525, 41.3700604 ], [ 2.149298, 41.3699481 ], [ 2.1492215, 41.3698341 ], [ 2.1491211, 41.3697242 ], [ 2.1490155, 41.3696341 ], [ 2.1488732, 41.3695585 ], [ 2.148736, 41.3695024 ], [ 2.1485322, 41.3694528 ], [ 2.148377, 41.3694328 ], [ 2.1482817, 41.3694315 ], [ 2.1481237, 41.3694385 ], [ 2.1478078, 41.3694778 ], [ 2.1476063, 41.3694916 ], [ 2.1473974, 41.3695133 ], [ 2.147277, 41.3695148 ], [ 2.1471111, 41.3695081 ], [ 2.1470013, 41.3694988 ], [ 2.146863, 41.369487 ], [ 2.146799, 41.3694755 ], [ 2.146742, 41.3694673 ], [ 2.1466839, 41.3694529 ], [ 2.1466752, 41.3694508 ], [ 2.1465706, 41.3694267 ], [ 2.1464505, 41.3693968 ], [ 2.1463774, 41.3693737 ], [ 2.1463335, 41.3693599 ], [ 2.1461141, 41.3692842 ], [ 2.1460845, 41.369269 ], [ 2.1460403, 41.3692482 ], [ 2.1459558, 41.3692067 ], [ 2.1458721, 41.3691573 ], [ 2.1456511, 41.3689956 ], [ 2.145469, 41.368795 ], [ 2.1453168, 41.3685772 ], [ 2.1451678, 41.3685149 ], [ 2.1450758, 41.3684764 ], [ 2.1448487, 41.3682596 ], [ 2.1447007, 41.3681859 ], [ 2.1446261, 41.3681487 ], [ 2.1445575, 41.3681172 ], [ 2.1441714, 41.3679391 ], [ 2.1437666, 41.3677484 ], [ 2.1436274, 41.3676657 ], [ 2.1435068, 41.3675753 ], [ 2.1434428, 41.3675126 ], [ 2.1433772, 41.3674259 ], [ 2.143342, 41.3673565 ], [ 2.1433176, 41.3672843 ], [ 2.1433115, 41.3671975 ], [ 2.1431902, 41.3671789 ], [ 2.1431647, 41.3671749 ], [ 2.14312, 41.3671322 ], [ 2.1430794, 41.3670864 ], [ 2.1429574, 41.3668332 ], [ 2.1429348, 41.3667931 ], [ 2.1429127, 41.3667538 ], [ 2.1428741, 41.3667453 ], [ 2.1421253, 41.366036 ], [ 2.1421026, 41.3660145 ], [ 2.1416306, 41.3661835 ], [ 2.1415531, 41.3661053 ], [ 2.1414544, 41.3660227 ], [ 2.141356, 41.3659769 ], [ 2.1412394, 41.3659299 ], [ 2.1410766, 41.3659077 ], [ 2.1408838, 41.3658963 ], [ 2.139944, 41.3658648 ], [ 2.1399159, 41.3658639 ], [ 2.1399032, 41.3658639 ], [ 2.1398935, 41.3658642 ], [ 2.139863, 41.3658781 ], [ 2.1397929, 41.3658836 ], [ 2.1397329, 41.3658908 ], [ 2.1397081, 41.3659051 ], [ 2.1396982, 41.3659985 ], [ 2.1397209, 41.3660782 ], [ 2.1397286, 41.3661055 ], [ 2.1398942, 41.3664526 ], [ 2.1399036, 41.3664723 ], [ 2.1399228, 41.3665335 ], [ 2.1401289, 41.3671496 ], [ 2.1401442, 41.36718 ], [ 2.1401863, 41.3672673 ], [ 2.1401396, 41.3672758 ], [ 2.1400725, 41.3672931 ], [ 2.1399556, 41.3673841 ], [ 2.1399212, 41.3674107 ], [ 2.13971, 41.3675738 ], [ 2.1396366, 41.3676325 ], [ 2.1395904, 41.3676672 ], [ 2.1394402, 41.3677306 ] ] ] } },
{ "type": "Feature", "properties": { "neighborhood": "Hostafrancs", "admin_level": "10" }, "geometry": { "type": "Polygon", "coordinates": [ [ [ 2.1404475, 41.3753099 ], [ 2.1404505, 41.375387 ], [ 2.1404645, 41.375919 ], [ 2.1404657, 41.3759632 ], [ 2.1404663, 41.3759861 ], [ 2.1404668, 41.3760032 ], [ 2.140468, 41.3760519 ], [ 2.1404788, 41.3764564 ], [ 2.1404797, 41.3764913 ], [ 2.1405629, 41.3764985 ], [ 2.1417936, 41.3765993 ], [ 2.1419323, 41.3783791 ], [ 2.1419859, 41.3783943 ], [ 2.1423718, 41.3786387 ], [ 2.1420565, 41.3789285 ], [ 2.1419825, 41.3790045 ], [ 2.141961, 41.3790239 ], [ 2.1419839, 41.3790367 ], [ 2.1419766, 41.3790685 ], [ 2.1420036, 41.3790847 ], [ 2.1419886, 41.3791053 ], [ 2.1419755, 41.379127 ], [ 2.141955, 41.3791822 ], [ 2.1419781, 41.3792153 ], [ 2.1419974, 41.379247 ], [ 2.1420132, 41.3792787 ], [ 2.1420273, 41.3793217 ], [ 2.1420379, 41.379363 ], [ 2.1420521, 41.3794246 ], [ 2.1420706, 41.3795045 ], [ 2.1420962, 41.3795855 ], [ 2.1421283, 41.3796389 ], [ 2.1421695, 41.3796928 ], [ 2.142261, 41.3797853 ], [ 2.1425612, 41.3800032 ], [ 2.1426337, 41.3800557 ], [ 2.142644, 41.3800632 ], [ 2.1426724, 41.3800837 ], [ 2.1427207, 41.38012 ], [ 2.1427352, 41.3801295 ], [ 2.1429359, 41.380259 ], [ 2.1430869, 41.380194 ], [ 2.1432238, 41.3800979 ], [ 2.1432679, 41.3800646 ], [ 2.1433981, 41.3799674 ], [ 2.1435451, 41.3798576 ], [ 2.1436277, 41.3797959 ], [ 2.1438061, 41.3796618 ], [ 2.1438965, 41.3795891 ], [ 2.1439323, 41.3795626 ], [ 2.1444111, 41.3792072 ], [ 2.1446804, 41.379006 ], [ 2.1447096, 41.3789857 ], [ 2.1448608, 41.3788778 ], [ 2.1448953, 41.3788522 ], [ 2.1450074, 41.3787633 ], [ 2.1450317, 41.3787433 ], [ 2.1454121, 41.3784593 ], [ 2.145686, 41.3782534 ], [ 2.1457139, 41.3782325 ], [ 2.1457414, 41.3782109 ], [ 2.1458693, 41.3781076 ], [ 2.1459075, 41.3780769 ], [ 2.1460224, 41.377989 ], [ 2.1460663, 41.3779553 ], [ 2.1465372, 41.3776051 ], [ 2.1468644, 41.3773626 ], [ 2.1468927, 41.3773417 ], [ 2.1469894, 41.377269 ], [ 2.1471451, 41.3771503 ], [ 2.1472199, 41.377089 ], [ 2.1475208, 41.3768657 ], [ 2.1477373, 41.3767045 ], [ 2.1478391, 41.3766288 ], [ 2.1479633, 41.3765304 ], [ 2.147988, 41.3765108 ], [ 2.1481444, 41.3763849 ], [ 2.1481897, 41.3763201 ], [ 2.1482216, 41.3762532 ], [ 2.1482575, 41.3762205 ], [ 2.1483355, 41.3761497 ], [ 2.148468, 41.3760459 ], [ 2.1487469, 41.3758397 ], [ 2.1488308, 41.3757779 ], [ 2.1488664, 41.3757485 ], [ 2.1488992, 41.3757166 ], [ 2.1489389, 41.375666 ], [ 2.1489504, 41.3756414 ], [ 2.148961, 41.3756023 ], [ 2.1489642, 41.3755742 ], [ 2.1489586, 41.3755391 ], [ 2.1489382, 41.3754863 ], [ 2.1489232, 41.3754644 ], [ 2.1489044, 41.3754426 ], [ 2.1488463, 41.3754064 ], [ 2.1487509, 41.3753586 ], [ 2.1486822, 41.3753104 ], [ 2.1486206, 41.3752489 ], [ 2.1485757, 41.3751838 ], [ 2.1485451, 41.3751106 ], [ 2.148532, 41.3750344 ], [ 2.1485339, 41.3749659 ], [ 2.1485618, 41.3748782 ], [ 2.1485727, 41.374854 ], [ 2.1486081, 41.3747986 ], [ 2.1486534, 41.3747475 ], [ 2.1487081, 41.3747 ], [ 2.1487701, 41.3746618 ], [ 2.1488392, 41.3746289 ], [ 2.1489137, 41.3746035 ], [ 2.1489739, 41.3745899 ], [ 2.1490179, 41.3745819 ], [ 2.1490731, 41.3745772 ], [ 2.1490048, 41.3745762 ], [ 2.1489429, 41.3745693 ], [ 2.1488696, 41.3745524 ], [ 2.1488219, 41.3745355 ], [ 2.1487769, 41.3745186 ], [ 2.148731, 41.3744972 ], [ 2.1486907, 41.374475 ], [ 2.1486523, 41.3744497 ], [ 2.1484811, 41.3743249 ], [ 2.1484654, 41.3743124 ], [ 2.1481372, 41.3740739 ], [ 2.1481134, 41.3740559 ], [ 2.1480924, 41.3740407 ], [ 2.147724, 41.3737611 ], [ 2.1474355, 41.3735495 ], [ 2.1473135, 41.3734565 ], [ 2.1471381, 41.3733347 ], [ 2.147027, 41.3732995 ], [ 2.1468921, 41.3732624 ], [ 2.1467002, 41.373188 ], [ 2.1465641, 41.37309 ], [ 2.1464172, 41.3729778 ], [ 2.1463711, 41.3729426 ], [ 2.1461949, 41.37281 ], [ 2.1461828, 41.3728007 ], [ 2.1460747, 41.3727215 ], [ 2.1460376, 41.3726921 ], [ 2.1460063, 41.3726679 ], [ 2.1459983, 41.3726623 ], [ 2.145527, 41.372308 ], [ 2.1452574, 41.3721009 ], [ 2.1449254, 41.3718552 ], [ 2.1448853, 41.3718219 ], [ 2.1447358, 41.3717116 ], [ 2.1440532, 41.3711974 ], [ 2.1440171, 41.3711711 ], [ 2.1438738, 41.3710639 ], [ 2.1437289, 41.3709566 ], [ 2.1437001, 41.3709351 ], [ 2.1430639, 41.3704577 ], [ 2.1429796, 41.3703944 ], [ 2.1429311, 41.3703612 ], [ 2.1428705, 41.3703197 ], [ 2.1427089, 41.3701956 ], [ 2.1426548, 41.3701551 ], [ 2.1426099, 41.3701214 ], [ 2.1424486, 41.3699939 ], [ 2.1423577, 41.3701045 ], [ 2.142355, 41.3702076 ], [ 2.142356, 41.3702372 ], [ 2.1423772, 41.3708941 ], [ 2.1423792, 41.3709572 ], [ 2.1423798, 41.3709752 ], [ 2.1424025, 41.3714709 ], [ 2.1424086, 41.3715629 ], [ 2.1424184, 41.3717189 ], [ 2.1424397, 41.3721855 ], [ 2.1424437, 41.3722874 ], [ 2.1424456, 41.3722988 ], [ 2.1424485, 41.3723504 ], [ 2.1424517, 41.3726211 ], [ 2.1424535, 41.372652 ], [ 2.1424589, 41.372693 ], [ 2.1423597, 41.3726564 ], [ 2.1422965, 41.372625 ], [ 2.1419893, 41.3724711 ], [ 2.1419715, 41.3724609 ], [ 2.1419483, 41.3724465 ], [ 2.1419212, 41.3724705 ], [ 2.1418992, 41.3724893 ], [ 2.1415404, 41.3727817 ], [ 2.1414831, 41.3728284 ], [ 2.1414536, 41.3728678 ], [ 2.1414531, 41.3730193 ], [ 2.1414528, 41.3731268 ], [ 2.1414543, 41.3731618 ], [ 2.1414663, 41.3736928 ], [ 2.1414724, 41.3738043 ], [ 2.1413308, 41.3738036 ], [ 2.141123, 41.3738066 ], [ 2.1411126, 41.3738442 ], [ 2.1410183, 41.3741348 ], [ 2.1409953, 41.3742103 ], [ 2.1409952, 41.3742983 ], [ 2.1410121, 41.3743874 ], [ 2.1410253, 41.3744565 ], [ 2.1410292, 41.3744887 ], [ 2.1410335, 41.3745296 ], [ 2.1410633, 41.3746665 ], [ 2.141074, 41.374738 ], [ 2.141067, 41.3748229 ], [ 2.1410378, 41.3748729 ], [ 2.1408908, 41.3750117 ], [ 2.1408383, 41.3752207 ], [ 2.1408152, 41.3752979 ], [ 2.1406259, 41.3753025 ], [ 2.1405885, 41.3753034 ], [ 2.1404475, 41.3753099 ] ] ] } },
{ "type": "Feature", "properties": { "neighborhood": "la Bordeta", "admin_level": "10" }, "geometry": { "type": "Polygon", "coordinates": [ [ [ 2.1299803, 41.3700629 ], [ 2.1300765, 41.3701165 ], [ 2.1302757, 41.3702588 ], [ 2.1304854, 41.3704117 ], [ 2.1306705, 41.3705551 ], [ 2.1309205, 41.37077 ], [ 2.1310285, 41.3708633 ], [ 2.1315644, 41.3714202 ], [ 2.1320255, 41.371876 ], [ 2.1320553, 41.3719089 ], [ 2.1320637, 41.3718831 ], [ 2.1320679, 41.3718703 ], [ 2.1321941, 41.3715332 ], [ 2.132204, 41.3715099 ], [ 2.1322279, 41.3714492 ], [ 2.1324322, 41.3709296 ], [ 2.1324611, 41.3709354 ], [ 2.1329128, 41.3710266 ], [ 2.1329705, 41.3710392 ], [ 2.1329995, 41.3710455 ], [ 2.1332841, 41.3711117 ], [ 2.1335745, 41.371173 ], [ 2.1336344, 41.3711824 ], [ 2.1336619, 41.3711868 ], [ 2.1336941, 41.3711879 ], [ 2.1340356, 41.3711565 ], [ 2.1345, 41.3711129 ], [ 2.1345127, 41.3711075 ], [ 2.1345238, 41.3710978 ], [ 2.1345307, 41.3710849 ], [ 2.1345314, 41.3710701 ], [ 2.1345808, 41.3710502 ], [ 2.1346379, 41.3710431 ], [ 2.1352326, 41.3710863 ], [ 2.1353302, 41.3710966 ], [ 2.1360757, 41.3713363 ], [ 2.1361193, 41.3713503 ], [ 2.1361532, 41.3713613 ], [ 2.1370384, 41.3716496 ], [ 2.1371114, 41.3716744 ], [ 2.1371467, 41.3716903 ], [ 2.1372104, 41.3717099 ], [ 2.1380619, 41.3719902 ], [ 2.1380368, 41.3720358 ], [ 2.1378941, 41.3722946 ], [ 2.1378567, 41.3723625 ], [ 2.1383005, 41.3725036 ], [ 2.1386801, 41.3726242 ], [ 2.1397457, 41.3729714 ], [ 2.1398201, 41.3729956 ], [ 2.1398829, 41.3730218 ], [ 2.1403421, 41.3731836 ], [ 2.1404113, 41.3732072 ], [ 2.140395, 41.3732516 ], [ 2.1402421, 41.3737823 ], [ 2.1402882, 41.373799 ], [ 2.1404114, 41.3738215 ], [ 2.141123, 41.3738066 ], [ 2.1413308, 41.3738036 ], [ 2.1414724, 41.3738043 ], [ 2.1414663, 41.3736928 ], [ 2.1414543, 41.3731618 ], [ 2.1414528, 41.3731268 ], [ 2.1414531, 41.3730193 ], [ 2.1414536, 41.3728678 ], [ 2.1414831, 41.3728284 ], [ 2.1415404, 41.3727817 ], [ 2.1418992, 41.3724893 ], [ 2.1419212, 41.3724705 ], [ 2.1419483, 41.3724465 ], [ 2.1419715, 41.3724609 ], [ 2.1419893, 41.3724711 ], [ 2.1422965, 41.372625 ], [ 2.1423597, 41.3726564 ], [ 2.1424589, 41.372693 ], [ 2.1424535, 41.372652 ], [ 2.1424517, 41.3726211 ], [ 2.1424485, 41.3723504 ], [ 2.1424456, 41.3722988 ], [ 2.1424437, 41.3722874 ], [ 2.1424397, 41.3721855 ], [ 2.1424184, 41.3717189 ], [ 2.1424086, 41.3715629 ], [ 2.1424025, 41.3714709 ], [ 2.1423798, 41.3709752 ], [ 2.1423792, 41.3709572 ], [ 2.1423772, 41.3708941 ], [ 2.142356, 41.3702372 ], [ 2.142355, 41.3702076 ], [ 2.1423577, 41.3701045 ], [ 2.1424486, 41.3699939 ], [ 2.1423501, 41.3699234 ], [ 2.1420201, 41.3696792 ], [ 2.1419844, 41.3696531 ], [ 2.1418635, 41.36956 ], [ 2.1415, 41.3692834 ], [ 2.1412623, 41.3690978 ], [ 2.1409178, 41.3688437 ], [ 2.1408712, 41.3688092 ], [ 2.1404946, 41.3685234 ], [ 2.1404531, 41.3684919 ], [ 2.1403947, 41.3684463 ], [ 2.1403098, 41.3683838 ], [ 2.1402644, 41.3683501 ], [ 2.140148, 41.368267 ], [ 2.1397488, 41.3679636 ], [ 2.1396491, 41.3678878 ], [ 2.1396366, 41.3678781 ], [ 2.1396185, 41.367864 ], [ 2.1395087, 41.367781 ], [ 2.1394742, 41.3677558 ], [ 2.1394402, 41.3677306 ], [ 2.1393412, 41.3676575 ], [ 2.1393108, 41.3676348 ], [ 2.1392991, 41.3676261 ], [ 2.1391998, 41.3675522 ], [ 2.139007, 41.3674087 ], [ 2.1386697, 41.3671953 ], [ 2.1383577, 41.3669601 ], [ 2.135897, 41.3651217 ], [ 2.1355878, 41.3649011 ], [ 2.134911, 41.3644062 ], [ 2.1338805, 41.3636328 ], [ 2.1337999, 41.3635707 ], [ 2.1336021, 41.363762 ], [ 2.1329784, 41.364365 ], [ 2.132896, 41.3655374 ], [ 2.1327722, 41.365714 ], [ 2.1323639, 41.3662962 ], [ 2.1323204, 41.3663633 ], [ 2.1320559, 41.3667529 ], [ 2.1319842, 41.3669243 ], [ 2.1319749, 41.366954 ], [ 2.1318853, 41.3672409 ], [ 2.1318672, 41.3672862 ], [ 2.1316979, 41.3677758 ], [ 2.1316488, 41.3678894 ], [ 2.1314939, 41.3682106 ], [ 2.1314272, 41.3683267 ], [ 2.1312686, 41.3685806 ], [ 2.1312053, 41.3686774 ], [ 2.1308754, 41.3691638 ], [ 2.1306834, 41.369419 ], [ 2.1302873, 41.3698558 ], [ 2.1301484, 41.369949 ], [ 2.1299803, 41.3700629 ] ] ] } },
{ "type": "Feature", "properties": { "neighborhood": "Sants-Badal", "admin_level": "10" }, "geometry": { "type": "Polygon", "coordinates": [ [ [ 2.1217654, 41.3756783 ], [ 2.1219217, 41.3756741 ], [ 2.1224592, 41.3756715 ], [ 2.1224999, 41.3756698 ], [ 2.1227243, 41.3756664 ], [ 2.1227729, 41.3756952 ], [ 2.1228226, 41.3757245 ], [ 2.1228666, 41.3757476 ], [ 2.1230383, 41.3758457 ], [ 2.123183, 41.3759308 ], [ 2.1232476, 41.3759704 ], [ 2.1232741, 41.3759866 ], [ 2.1235881, 41.3761789 ], [ 2.1236188, 41.3761977 ], [ 2.1236414, 41.3762115 ], [ 2.1237359, 41.3762695 ], [ 2.1238714, 41.3763524 ], [ 2.1243133, 41.376623 ], [ 2.1245762, 41.3767952 ], [ 2.1245962, 41.3768094 ], [ 2.1247162, 41.3768813 ], [ 2.1248469, 41.3769611 ], [ 2.1248688, 41.3769745 ], [ 2.1250611, 41.377092 ], [ 2.1251853, 41.3771679 ], [ 2.1252039, 41.3771792 ], [ 2.1252504, 41.3772076 ], [ 2.1252823, 41.377226 ], [ 2.1255328, 41.3773707 ], [ 2.1256371, 41.3774309 ], [ 2.1256563, 41.377442 ], [ 2.1257574, 41.3775004 ], [ 2.12586, 41.3775596 ], [ 2.1260783, 41.3776857 ], [ 2.1261115, 41.3777049 ], [ 2.1262291, 41.3777728 ], [ 2.1267889, 41.3780943 ], [ 2.1268158, 41.3781092 ], [ 2.1269557, 41.3781905 ], [ 2.1270529, 41.3782441 ], [ 2.1273758, 41.3784324 ], [ 2.1274062, 41.3784506 ], [ 2.1275287, 41.3785204 ], [ 2.1277635, 41.3786483 ], [ 2.1279411, 41.3787443 ], [ 2.127968, 41.3787584 ], [ 2.1280673, 41.3788161 ], [ 2.1281585, 41.3788673 ], [ 2.1282038, 41.3788928 ], [ 2.1283776, 41.3789853 ], [ 2.1287487, 41.379179 ], [ 2.1287901, 41.3792012 ], [ 2.1288305, 41.3792209 ], [ 2.1289458, 41.379279 ], [ 2.1290552, 41.3793386 ], [ 2.1290732, 41.3793484 ], [ 2.1291124, 41.3793697 ], [ 2.1291931, 41.3794137 ], [ 2.1292739, 41.3794577 ], [ 2.1293553, 41.379502 ], [ 2.1293783, 41.3793866 ], [ 2.1293909, 41.3793377 ], [ 2.1296237, 41.3785254 ], [ 2.1296645, 41.3783969 ], [ 2.1298226, 41.3779417 ], [ 2.1298728, 41.377809 ], [ 2.1299337, 41.377642 ], [ 2.1300646, 41.3772937 ], [ 2.1301562, 41.3770682 ], [ 2.1301864, 41.3769983 ], [ 2.1303389, 41.3766549 ], [ 2.1303566, 41.3766149 ], [ 2.1304607, 41.3763396 ], [ 2.1305817, 41.3759482 ], [ 2.1306138, 41.3758011 ], [ 2.130624, 41.3756693 ], [ 2.1306372, 41.3756079 ], [ 2.1306606, 41.3755046 ], [ 2.1306794, 41.3754069 ], [ 2.1306872, 41.375374 ], [ 2.1307044, 41.3753184 ], [ 2.1307892, 41.3749673 ], [ 2.1308989, 41.3746315 ], [ 2.130901, 41.3745897 ], [ 2.1309266, 41.3745238 ], [ 2.131112, 41.3740444 ], [ 2.1311367, 41.3739805 ], [ 2.1311479, 41.3739497 ], [ 2.1312742, 41.3736021 ], [ 2.1313557, 41.373412 ], [ 2.1313758, 41.3733706 ], [ 2.1313909, 41.3733251 ], [ 2.1315499, 41.3728845 ], [ 2.1315584, 41.3728667 ], [ 2.1315698, 41.3728426 ], [ 2.1315901, 41.3727951 ], [ 2.1316395, 41.3727838 ], [ 2.1317314, 41.3725367 ], [ 2.1318084, 41.3723265 ], [ 2.1318499, 41.3722228 ], [ 2.13188, 41.3721515 ], [ 2.1319278, 41.372159 ], [ 2.1320363, 41.3719524 ], [ 2.1320483, 41.3719249 ], [ 2.1320553, 41.3719089 ], [ 2.1320255, 41.371876 ], [ 2.1315644, 41.3714202 ], [ 2.1310285, 41.3708633 ], [ 2.1309205, 41.37077 ], [ 2.1306705, 41.3705551 ], [ 2.1304854, 41.3704117 ], [ 2.1302757, 41.3702588 ], [ 2.1300765, 41.3701165 ], [ 2.1299803, 41.3700629 ], [ 2.1293396, 41.3706099 ], [ 2.1292587, 41.3706779 ], [ 2.1292141, 41.3707066 ], [ 2.128537, 41.3710566 ], [ 2.1284597, 41.3710832 ], [ 2.1280109, 41.371238 ], [ 2.1279465, 41.3712681 ], [ 2.1272247, 41.3716809 ], [ 2.1269163, 41.3718956 ], [ 2.1267967, 41.3719716 ], [ 2.1267356, 41.3720104 ], [ 2.1257907, 41.3726604 ], [ 2.1253997, 41.3728934 ], [ 2.1242839, 41.3735331 ], [ 2.1242498, 41.3735552 ], [ 2.123852, 41.3741898 ], [ 2.1237863, 41.3742968 ], [ 2.123361, 41.3747755 ], [ 2.1222172, 41.3753532 ], [ 2.1218653, 41.3755898 ], [ 2.1217654, 41.3756783 ] ] ] } },
{ "type": "Feature", "properties": { "neighborhood": "Sants", "admin_level": "10" }, "geometry": { "type": "Polygon", "coordinates": [ [ [ 2.1293553, 41.379502 ], [ 2.1294535, 41.3795623 ], [ 2.1295166, 41.379597 ], [ 2.1299338, 41.3798397 ], [ 2.1302691, 41.3800168 ], [ 2.13046, 41.3801157 ], [ 2.1304789, 41.3801255 ], [ 2.1306667, 41.3802195 ], [ 2.1310716, 41.3803999 ], [ 2.1313694, 41.3805265 ], [ 2.131585, 41.3806012 ], [ 2.1317526, 41.3806635 ], [ 2.1322227, 41.3808043 ], [ 2.1322603, 41.3808155 ], [ 2.132378, 41.3808474 ], [ 2.1324349, 41.3808627 ], [ 2.1324814, 41.3808752 ], [ 2.132556, 41.3808955 ], [ 2.1326773, 41.3809284 ], [ 2.1334246, 41.3811335 ], [ 2.1334668, 41.3811451 ], [ 2.1335455, 41.3811652 ], [ 2.1336482, 41.3811929 ], [ 2.1340882, 41.3813041 ], [ 2.1342867, 41.3813587 ], [ 2.134706, 41.3814985 ], [ 2.1351349, 41.3816462 ], [ 2.1353348, 41.3817228 ], [ 2.1353689, 41.3817359 ], [ 2.1354973, 41.3817813 ], [ 2.1356499, 41.3818404 ], [ 2.1356821, 41.3818516 ], [ 2.1360125, 41.3819703 ], [ 2.1360968, 41.3820021 ], [ 2.1361538, 41.3820254 ], [ 2.1362824, 41.3820768 ], [ 2.1363815, 41.3821154 ], [ 2.1374066, 41.3824907 ], [ 2.137438, 41.3825022 ], [ 2.1375783, 41.382557 ], [ 2.137955, 41.3827134 ], [ 2.1382632, 41.3828442 ], [ 2.1384773, 41.3829425 ], [ 2.1386037, 41.3830005 ], [ 2.1387278, 41.3830598 ], [ 2.1387621, 41.3830748 ], [ 2.1390586, 41.3832245 ], [ 2.1391538, 41.3832749 ], [ 2.1393359, 41.3833693 ], [ 2.1394806, 41.3834417 ], [ 2.1397166, 41.3835674 ], [ 2.1399479, 41.3836937 ], [ 2.1400503, 41.3837525 ], [ 2.1402209, 41.3838506 ], [ 2.1402397, 41.3838614 ], [ 2.140359, 41.3839353 ], [ 2.1407071, 41.3841598 ], [ 2.1407617, 41.3841968 ], [ 2.1407691, 41.384202 ], [ 2.1410476, 41.3843999 ], [ 2.1413117, 41.3845876 ], [ 2.1413262, 41.3845993 ], [ 2.1415462, 41.3847575 ], [ 2.1416184, 41.3848154 ], [ 2.141773, 41.3849394 ], [ 2.1420456, 41.3851483 ], [ 2.1420715, 41.3851695 ], [ 2.1421642, 41.3852477 ], [ 2.1421753, 41.3852564 ], [ 2.1422385, 41.3853109 ], [ 2.1422876, 41.3853505 ], [ 2.1424582, 41.3854948 ], [ 2.1424506, 41.3853454 ], [ 2.1424377, 41.3851778 ], [ 2.142387, 41.3845062 ], [ 2.142384, 41.3844679 ], [ 2.1423703, 41.3841828 ], [ 2.1423648, 41.3840713 ], [ 2.1423494, 41.383816 ], [ 2.1423326, 41.383571 ], [ 2.1423081, 41.3832083 ], [ 2.1422944, 41.3830071 ], [ 2.1422919, 41.3829772 ], [ 2.1422768, 41.3827992 ], [ 2.1422694, 41.3827115 ], [ 2.1422659, 41.3826625 ], [ 2.1422527, 41.382514 ], [ 2.1422419, 41.3823546 ], [ 2.1421712, 41.3813152 ], [ 2.1421665, 41.3811878 ], [ 2.142161, 41.3811256 ], [ 2.1421596, 41.3810956 ], [ 2.1421537, 41.3810208 ], [ 2.1421524, 41.3810046 ], [ 2.1421497, 41.3809792 ], [ 2.1421456, 41.380948 ], [ 2.1421224, 41.3809004 ], [ 2.142085, 41.3808489 ], [ 2.1420218, 41.380798 ], [ 2.1422195, 41.3807089 ], [ 2.1423173, 41.3806591 ], [ 2.1424327, 41.380596 ], [ 2.1424974, 41.3805597 ], [ 2.1426102, 41.3804778 ], [ 2.1427435, 41.3803779 ], [ 2.1428045, 41.3803312 ], [ 2.1429359, 41.380259 ], [ 2.1427352, 41.3801295 ], [ 2.1427207, 41.38012 ], [ 2.1426724, 41.3800837 ], [ 2.142644, 41.3800632 ], [ 2.1426337, 41.3800557 ], [ 2.1425612, 41.3800032 ], [ 2.142261, 41.3797853 ], [ 2.1421695, 41.3796928 ], [ 2.1421283, 41.3796389 ], [ 2.1420962, 41.3795855 ], [ 2.1420706, 41.3795045 ], [ 2.1420521, 41.3794246 ], [ 2.1420379, 41.379363 ], [ 2.1420273, 41.3793217 ], [ 2.1420132, 41.3792787 ], [ 2.1419974, 41.379247 ], [ 2.1419781, 41.3792153 ], [ 2.141955, 41.3791822 ], [ 2.1419755, 41.379127 ], [ 2.1419886, 41.3791053 ], [ 2.1420036, 41.3790847 ], [ 2.1419766, 41.3790685 ], [ 2.1419839, 41.3790367 ], [ 2.141961, 41.3790239 ], [ 2.1419825, 41.3790045 ], [ 2.1420565, 41.3789285 ], [ 2.1423718, 41.3786387 ], [ 2.1419859, 41.3783943 ], [ 2.1419323, 41.3783791 ], [ 2.1417936, 41.3765993 ], [ 2.1405629, 41.3764985 ], [ 2.1404797, 41.3764913 ], [ 2.1404788, 41.3764564 ], [ 2.140468, 41.3760519 ], [ 2.1404668, 41.3760032 ], [ 2.1404663, 41.3759861 ], [ 2.1404657, 41.3759632 ], [ 2.1404645, 41.375919 ], [ 2.1404505, 41.375387 ], [ 2.1404475, 41.3753099 ], [ 2.1405885, 41.3753034 ], [ 2.1406259, 41.3753025 ], [ 2.1408152, 41.3752979 ], [ 2.1408383, 41.3752207 ], [ 2.1408908, 41.3750117 ], [ 2.1410378, 41.3748729 ], [ 2.141067, 41.3748229 ], [ 2.141074, 41.374738 ], [ 2.1410633, 41.3746665 ], [ 2.1410335, 41.3745296 ], [ 2.1410292, 41.3744887 ], [ 2.1410253, 41.3744565 ], [ 2.1410121, 41.3743874 ], [ 2.1409952, 41.3742983 ], [ 2.1409953, 41.3742103 ], [ 2.1410183, 41.3741348 ], [ 2.1411126, 41.3738442 ], [ 2.141123, 41.3738066 ], [ 2.1404114, 41.3738215 ], [ 2.1402882, 41.373799 ], [ 2.1402421, 41.3737823 ], [ 2.140395, 41.3732516 ], [ 2.1404113, 41.3732072 ], [ 2.1403421, 41.3731836 ], [ 2.1398829, 41.3730218 ], [ 2.1398201, 41.3729956 ], [ 2.1397457, 41.3729714 ], [ 2.1386801, 41.3726242 ], [ 2.1383005, 41.3725036 ], [ 2.1378567, 41.3723625 ], [ 2.1378941, 41.3722946 ], [ 2.1380368, 41.3720358 ], [ 2.1380619, 41.3719902 ], [ 2.1372104, 41.3717099 ], [ 2.1371467, 41.3716903 ], [ 2.1371114, 41.3716744 ], [ 2.1370384, 41.3716496 ], [ 2.1361532, 41.3713613 ], [ 2.1361193, 41.3713503 ], [ 2.1360757, 41.3713363 ], [ 2.1353302, 41.3710966 ], [ 2.1352326, 41.3710863 ], [ 2.1346379, 41.3710431 ], [ 2.1345808, 41.3710502 ], [ 2.1345314, 41.3710701 ], [ 2.1345307, 41.3710849 ], [ 2.1345238, 41.3710978 ], [ 2.1345127, 41.3711075 ], [ 2.1345, 41.3711129 ], [ 2.1340356, 41.3711565 ], [ 2.1336941, 41.3711879 ], [ 2.1336619, 41.3711868 ], [ 2.1336344, 41.3711824 ], [ 2.1335745, 41.371173 ], [ 2.1332841, 41.3711117 ], [ 2.1329995, 41.3710455 ], [ 2.1329705, 41.3710392 ], [ 2.1329128, 41.3710266 ], [ 2.1324611, 41.3709354 ], [ 2.1324322, 41.3709296 ], [ 2.1322279, 41.3714492 ], [ 2.132204, 41.3715099 ], [ 2.1321941, 41.3715332 ], [ 2.1320679, 41.3718703 ], [ 2.1320637, 41.3718831 ], [ 2.1320553, 41.3719089 ], [ 2.1320483, 41.3719249 ], [ 2.1320363, 41.3719524 ], [ 2.1319278, 41.372159 ], [ 2.13188, 41.3721515 ], [ 2.1318499, 41.3722228 ], [ 2.1318084, 41.3723265 ], [ 2.1317314, 41.3725367 ], [ 2.1316395, 41.3727838 ], [ 2.1315901, 41.3727951 ], [ 2.1315698, 41.3728426 ], [ 2.1315584, 41.3728667 ], [ 2.1315499, 41.3728845 ], [ 2.1313909, 41.3733251 ], [ 2.1313758, 41.3733706 ], [ 2.1313557, 41.373412 ], [ 2.1312742, 41.3736021 ], [ 2.1311479, 41.3739497 ], [ 2.1311367, 41.3739805 ], [ 2.131112, 41.3740444 ], [ 2.1309266, 41.3745238 ], [ 2.130901, 41.3745897 ], [ 2.1308989, 41.3746315 ], [ 2.1307892, 41.3749673 ], [ 2.1307044, 41.3753184 ], [ 2.1306872, 41.375374 ], [ 2.1306794, 41.3754069 ], [ 2.1306606, 41.3755046 ], [ 2.1306372, 41.3756079 ], [ 2.130624, 41.3756693 ], [ 2.1306138, 41.3758011 ], [ 2.1305817, 41.3759482 ], [ 2.1304607, 41.3763396 ], [ 2.1303566, 41.3766149 ], [ 2.1303389, 41.3766549 ], [ 2.1301864, 41.3769983 ], [ 2.1301562, 41.3770682 ], [ 2.1300646, 41.3772937 ], [ 2.1299337, 41.377642 ], [ 2.1298728, 41.377809 ], [ 2.1298226, 41.3779417 ], [ 2.1296645, 41.3783969 ], [ 2.1296237, 41.3785254 ], [ 2.1293909, 41.3793377 ], [ 2.1293783, 41.3793866 ], [ 2.1293553, 41.379502 ] ] ] } },
{ "type": "Feature", "properties": { "neighborhood": "les Corts", "admin_level": "10" }, "geometry": { "type": "Polygon", "coordinates": [ [ [ 2.1268727, 41.3885809 ], [ 2.1269222, 41.388636 ], [ 2.1269841, 41.3886896 ], [ 2.1270431, 41.3887298 ], [ 2.127109, 41.3887705 ], [ 2.1272092, 41.3888113 ], [ 2.1273273, 41.3888497 ], [ 2.1273455, 41.3888637 ], [ 2.1273594, 41.3888772 ], [ 2.127377, 41.3888976 ], [ 2.1273882, 41.388918 ], [ 2.1274022, 41.388946 ], [ 2.1274198, 41.3889962 ], [ 2.1274275, 41.3890198 ], [ 2.1274367, 41.389049 ], [ 2.1274646, 41.3891378 ], [ 2.1274964, 41.3891961 ], [ 2.1277486, 41.3898985 ], [ 2.1279349, 41.3903451 ], [ 2.1279826, 41.3904558 ], [ 2.1281386, 41.3908253 ], [ 2.1281899, 41.3909228 ], [ 2.1282398, 41.3910186 ], [ 2.1282908, 41.3911061 ], [ 2.1283592, 41.3912255 ], [ 2.1284789, 41.3914267 ], [ 2.1285853, 41.3915969 ], [ 2.1286609, 41.3917115 ], [ 2.1287807, 41.3918875 ], [ 2.1288438, 41.3919612 ], [ 2.1289492, 41.3920819 ], [ 2.1290632, 41.392186 ], [ 2.1291802, 41.3922495 ], [ 2.1292677, 41.3923299 ], [ 2.1293157, 41.39237 ], [ 2.1293619, 41.3923945 ], [ 2.1294025, 41.392415 ], [ 2.1295941, 41.392514 ], [ 2.1296402, 41.3925848 ], [ 2.1296599, 41.3926045 ], [ 2.1297305, 41.3926438 ], [ 2.129799, 41.3926819 ], [ 2.1298646, 41.3926972 ], [ 2.1299594, 41.3927035 ], [ 2.1300274, 41.3926988 ], [ 2.1300958, 41.3926909 ], [ 2.1301599, 41.3926706 ], [ 2.1302082, 41.3926412 ], [ 2.1302413, 41.3926146 ], [ 2.130263, 41.3925811 ], [ 2.1302733, 41.3925384 ], [ 2.1305254, 41.3925002 ], [ 2.1306198, 41.3924859 ], [ 2.1306721, 41.3924782 ], [ 2.1307197, 41.3924712 ], [ 2.1308032, 41.392459 ], [ 2.1318466, 41.392306 ], [ 2.1320997, 41.3922671 ], [ 2.1321431, 41.3922605 ], [ 2.1324011, 41.3922209 ], [ 2.1327291, 41.3921705 ], [ 2.1330679, 41.3921186 ], [ 2.1332054, 41.3920975 ], [ 2.133243, 41.3920917 ], [ 2.1334666, 41.3920574 ], [ 2.1341815, 41.3919476 ], [ 2.134222, 41.3919414 ], [ 2.1342515, 41.3919374 ], [ 2.1345945, 41.3918843 ], [ 2.1349757, 41.3918258 ], [ 2.1361294, 41.3916487 ], [ 2.1362403, 41.3916317 ], [ 2.1362778, 41.3916269 ], [ 2.1364065, 41.3916062 ], [ 2.1365082, 41.391592 ], [ 2.1366942, 41.3915601 ], [ 2.136742, 41.3915539 ], [ 2.1370149, 41.3915096 ], [ 2.1373707, 41.3914531 ], [ 2.1376557, 41.3914073 ], [ 2.1378859, 41.3913748 ], [ 2.1382012, 41.3913263 ], [ 2.13831, 41.3913117 ], [ 2.138347, 41.3913062 ], [ 2.1388032, 41.3912391 ], [ 2.1393629, 41.3913812 ], [ 2.1397244, 41.391473 ], [ 2.1397892, 41.3914894 ], [ 2.1400036, 41.3915439 ], [ 2.1400511, 41.3915559 ], [ 2.1406307, 41.391703 ], [ 2.1412186, 41.3918523 ], [ 2.1415136, 41.3919272 ], [ 2.1419375, 41.3920348 ], [ 2.1421647, 41.3920925 ], [ 2.1428813, 41.3922744 ], [ 2.1433677, 41.3923979 ], [ 2.1436039, 41.3924578 ], [ 2.143662, 41.3924726 ], [ 2.143694, 41.3924807 ], [ 2.1437709, 41.3925002 ], [ 2.1439136, 41.3925038 ], [ 2.1441103, 41.3924948 ], [ 2.1444956, 41.3926972 ], [ 2.1441928, 41.3924418 ], [ 2.1441139, 41.3922896 ], [ 2.1440877, 41.392236 ], [ 2.1440771, 41.3922144 ], [ 2.1440556, 41.3921592 ], [ 2.1440133, 41.3920574 ], [ 2.1439221, 41.3918428 ], [ 2.143875, 41.3917347 ], [ 2.1438298, 41.391625 ], [ 2.1437704, 41.3914848 ], [ 2.1437282, 41.391383 ], [ 2.1437088, 41.3913298 ], [ 2.1436912, 41.3912789 ], [ 2.1435788, 41.3908916 ], [ 2.1435168, 41.3906857 ], [ 2.1435087, 41.3906587 ], [ 2.1434684, 41.3905182 ], [ 2.1434401, 41.3904052 ], [ 2.1432543, 41.3896641 ], [ 2.1432121, 41.3894959 ], [ 2.1431477, 41.3892388 ], [ 2.143069, 41.3889358 ], [ 2.1430621, 41.3889096 ], [ 2.1430186, 41.3887522 ], [ 2.1429908, 41.38864 ], [ 2.1428606, 41.3880676 ], [ 2.1428006, 41.3878093 ], [ 2.1427946, 41.3877868 ], [ 2.1427657, 41.3876663 ], [ 2.1427515, 41.3875996 ], [ 2.1427291, 41.3875001 ], [ 2.1427074, 41.3873808 ], [ 2.1425451, 41.3864108 ], [ 2.1425231, 41.3862316 ], [ 2.1425203, 41.386203 ], [ 2.1425162, 41.3861671 ], [ 2.142512, 41.3861351 ], [ 2.1424967, 41.3859921 ], [ 2.1424882, 41.3858921 ], [ 2.1424773, 41.3857773 ], [ 2.1424657, 41.3856206 ], [ 2.1424582, 41.3854948 ], [ 2.1422876, 41.3853505 ], [ 2.1422385, 41.3853109 ], [ 2.1421753, 41.3852564 ], [ 2.1421642, 41.3852477 ], [ 2.1420715, 41.3851695 ], [ 2.1420456, 41.3851483 ], [ 2.141773, 41.3849394 ], [ 2.1416184, 41.3848154 ], [ 2.1415462, 41.3847575 ], [ 2.1413262, 41.3845993 ], [ 2.1413117, 41.3845876 ], [ 2.1410476, 41.3843999 ], [ 2.1407691, 41.384202 ], [ 2.1407617, 41.3841968 ], [ 2.1407071, 41.3841598 ], [ 2.140359, 41.3839353 ], [ 2.1402397, 41.3838614 ], [ 2.1402209, 41.3838506 ], [ 2.1400503, 41.3837525 ], [ 2.1399479, 41.3836937 ], [ 2.1397166, 41.3835674 ], [ 2.1394806, 41.3834417 ], [ 2.1393359, 41.3833693 ], [ 2.1391538, 41.3832749 ], [ 2.1390586, 41.3832245 ], [ 2.1387621, 41.3830748 ], [ 2.1387278, 41.3830598 ], [ 2.1386037, 41.3830005 ], [ 2.1384773, 41.3829425 ], [ 2.1382632, 41.3828442 ], [ 2.137955, 41.3827134 ], [ 2.1375783, 41.382557 ], [ 2.137438, 41.3825022 ], [ 2.1374066, 41.3824907 ], [ 2.1363815, 41.3821154 ], [ 2.1362824, 41.3820768 ], [ 2.1361538, 41.3820254 ], [ 2.1360968, 41.3820021 ], [ 2.1360125, 41.3819703 ], [ 2.1356821, 41.3818516 ], [ 2.1356499, 41.3818404 ], [ 2.1354973, 41.3817813 ], [ 2.1353689, 41.3817359 ], [ 2.1353348, 41.3817228 ], [ 2.1351349, 41.3816462 ], [ 2.134706, 41.3814985 ], [ 2.1342867, 41.3813587 ], [ 2.1340882, 41.3813041 ], [ 2.1336482, 41.3811929 ], [ 2.1335455, 41.3811652 ], [ 2.1334668, 41.3811451 ], [ 2.1334246, 41.3811335 ], [ 2.1326773, 41.3809284 ], [ 2.132556, 41.3808955 ], [ 2.1324814, 41.3808752 ], [ 2.1324349, 41.3808627 ], [ 2.132378, 41.3808474 ], [ 2.1322603, 41.3808155 ], [ 2.1322227, 41.3808043 ], [ 2.1317526, 41.3806635 ], [ 2.131585, 41.3806012 ], [ 2.1313694, 41.3805265 ], [ 2.1310716, 41.3803999 ], [ 2.1306667, 41.3802195 ], [ 2.1304789, 41.3801255 ], [ 2.13046, 41.3801157 ], [ 2.1302691, 41.3800168 ], [ 2.1299338, 41.3798397 ], [ 2.1295166, 41.379597 ], [ 2.1294535, 41.3795623 ], [ 2.1293553, 41.379502 ], [ 2.1293258, 41.3796039 ], [ 2.1292683, 41.3797944 ], [ 2.1292179, 41.379965 ], [ 2.1291529, 41.3801923 ], [ 2.1291161, 41.3803121 ], [ 2.1290798, 41.3804282 ], [ 2.1290282, 41.3805848 ], [ 2.1289956, 41.380681 ], [ 2.1289578, 41.3807866 ], [ 2.128921, 41.3808786 ], [ 2.1288446, 41.3810627 ], [ 2.1287842, 41.3812283 ], [ 2.1287086, 41.3814029 ], [ 2.1286161, 41.3815149 ], [ 2.1285921, 41.3815814 ], [ 2.1285138, 41.3818167 ], [ 2.1284891, 41.3819014 ], [ 2.1284164, 41.3821505 ], [ 2.1283832, 41.3822616 ], [ 2.1283608, 41.3823364 ], [ 2.128346, 41.3823858 ], [ 2.1283098, 41.3825158 ], [ 2.1282618, 41.3826356 ], [ 2.1279705, 41.3835175 ], [ 2.127868, 41.3838279 ], [ 2.127657, 41.3844825 ], [ 2.1275843, 41.3847018 ], [ 2.1275774, 41.384729 ], [ 2.1275558, 41.3848271 ], [ 2.1275426, 41.3848813 ], [ 2.1274578, 41.385231 ], [ 2.1274332, 41.3853578 ], [ 2.1273842, 41.3856409 ], [ 2.1273577, 41.3858765 ], [ 2.1273423, 41.3861024 ], [ 2.1273451, 41.38625 ], [ 2.1273464, 41.3864795 ], [ 2.127359, 41.3867727 ], [ 2.127392, 41.3871393 ], [ 2.127423, 41.3873799 ], [ 2.1274808, 41.3876889 ], [ 2.1275008, 41.3877968 ], [ 2.1275137, 41.3878602 ], [ 2.1275384, 41.3879157 ], [ 2.1275754, 41.387963 ], [ 2.1274872, 41.3879507 ], [ 2.1274377, 41.3879483 ], [ 2.1273882, 41.3879471 ], [ 2.1273466, 41.3879507 ], [ 2.1273019, 41.3879554 ], [ 2.1272236, 41.3879662 ], [ 2.1271901, 41.3879782 ], [ 2.1271071, 41.3880315 ], [ 2.1270853, 41.3881 ], [ 2.1270807, 41.3881107 ], [ 2.1270735, 41.388127 ], [ 2.1270199, 41.3882478 ], [ 2.1269556, 41.3883972 ], [ 2.1269288, 41.3884598 ], [ 2.126919, 41.3884865 ], [ 2.1268727, 41.3885809 ] ] ] } },
{ "type": "Feature", "properties": { "neighborhood": "la Maternitat i Sant Ramon", "admin_level": "10" }, "geometry": { "type": "Polygon", "coordinates": [ [ [ 2.1016914, 41.3818732 ], [ 2.1025001, 41.3820793 ], [ 2.1032744, 41.3822836 ], [ 2.1038958, 41.3824388 ], [ 2.1046124, 41.38261 ], [ 2.1049905, 41.3827034 ], [ 2.1052011, 41.3827496 ], [ 2.1054211, 41.3828286 ], [ 2.1057794, 41.382913 ], [ 2.1063304, 41.3830454 ], [ 2.1063997, 41.3830621 ], [ 2.1066247, 41.3831179 ], [ 2.1068877, 41.3831367 ], [ 2.1070358, 41.3831743 ], [ 2.1070822, 41.3831861 ], [ 2.1073188, 41.3832461 ], [ 2.1077399, 41.3833531 ], [ 2.1078127, 41.3833716 ], [ 2.1079166, 41.3833979 ], [ 2.1084308, 41.3835285 ], [ 2.1086796, 41.3835916 ], [ 2.1087167, 41.3836011 ], [ 2.1088602, 41.3836375 ], [ 2.1090696, 41.3836907 ], [ 2.1091404, 41.3837086 ], [ 2.1091913, 41.3837215 ], [ 2.1099408, 41.3839118 ], [ 2.1101231, 41.3839581 ], [ 2.1107299, 41.3841122 ], [ 2.1107803, 41.384125 ], [ 2.1109023, 41.3841559 ], [ 2.1110729, 41.3841993 ], [ 2.1115372, 41.3843171 ], [ 2.1116123, 41.3843362 ], [ 2.1117845, 41.3843799 ], [ 2.1119322, 41.3844174 ], [ 2.1120651, 41.3844511 ], [ 2.1121981, 41.3844849 ], [ 2.1123471, 41.3845228 ], [ 2.1125407, 41.3845719 ], [ 2.1127313, 41.384621 ], [ 2.1127884, 41.3846348 ], [ 2.1131451, 41.3847254 ], [ 2.1132284, 41.3847465 ], [ 2.1134652, 41.3848066 ], [ 2.113657, 41.3848553 ], [ 2.113971, 41.384935 ], [ 2.1143326, 41.3850268 ], [ 2.1162117, 41.3855039 ], [ 2.116577, 41.3855966 ], [ 2.1166307, 41.3856103 ], [ 2.1168117, 41.3856562 ], [ 2.1170163, 41.3857082 ], [ 2.1172264, 41.3857615 ], [ 2.1172847, 41.3857763 ], [ 2.1176052, 41.3858577 ], [ 2.1177219, 41.3858873 ], [ 2.117927, 41.3859394 ], [ 2.1180487, 41.3859706 ], [ 2.1189909, 41.3862121 ], [ 2.1199044, 41.3864414 ], [ 2.1199575, 41.3864549 ], [ 2.1201554, 41.3865051 ], [ 2.120315, 41.3865456 ], [ 2.120677, 41.3866375 ], [ 2.1208361, 41.386678 ], [ 2.1209873, 41.3867163 ], [ 2.1214633, 41.3868371 ], [ 2.1216098, 41.3868743 ], [ 2.1218226, 41.3869284 ], [ 2.1218732, 41.3869412 ], [ 2.1221093, 41.3870011 ], [ 2.1223151, 41.3870534 ], [ 2.1223439, 41.3870607 ], [ 2.1227011, 41.3871514 ], [ 2.1230825, 41.3872482 ], [ 2.123108, 41.3872547 ], [ 2.1233069, 41.3873052 ], [ 2.1235268, 41.387361 ], [ 2.1235978, 41.387379 ], [ 2.1246005, 41.3876336 ], [ 2.1250851, 41.3877566 ], [ 2.1251362, 41.3877693 ], [ 2.1253251, 41.3878176 ], [ 2.1255497, 41.3878746 ], [ 2.1256758, 41.3879066 ], [ 2.1257299, 41.3879203 ], [ 2.1257743, 41.3879316 ], [ 2.1258599, 41.3879533 ], [ 2.1260656, 41.3880064 ], [ 2.1264474, 41.3881025 ], [ 2.1267229, 41.3881724 ], [ 2.1267655, 41.3881832 ], [ 2.1270199, 41.3882478 ], [ 2.1270735, 41.388127 ], [ 2.1270807, 41.3881107 ], [ 2.1270853, 41.3881 ], [ 2.1271071, 41.3880315 ], [ 2.1271901, 41.3879782 ], [ 2.1272236, 41.3879662 ], [ 2.1273019, 41.3879554 ], [ 2.1273466, 41.3879507 ], [ 2.1273882, 41.3879471 ], [ 2.1274377, 41.3879483 ], [ 2.1274872, 41.3879507 ], [ 2.1275754, 41.387963 ], [ 2.1275384, 41.3879157 ], [ 2.1275137, 41.3878602 ], [ 2.1275008, 41.3877968 ], [ 2.1274808, 41.3876889 ], [ 2.127423, 41.3873799 ], [ 2.127392, 41.3871393 ], [ 2.127359, 41.3867727 ], [ 2.1273464, 41.3864795 ], [ 2.1273451, 41.38625 ], [ 2.1273423, 41.3861024 ], [ 2.1273577, 41.3858765 ], [ 2.1273842, 41.3856409 ], [ 2.1274332, 41.3853578 ], [ 2.1274578, 41.385231 ], [ 2.1275426, 41.3848813 ], [ 2.1275558, 41.3848271 ], [ 2.1275774, 41.384729 ], [ 2.1275843, 41.3847018 ], [ 2.127657, 41.3844825 ], [ 2.127868, 41.3838279 ], [ 2.1279705, 41.3835175 ], [ 2.1282618, 41.3826356 ], [ 2.1283098, 41.3825158 ], [ 2.128346, 41.3823858 ], [ 2.1283608, 41.3823364 ], [ 2.1283832, 41.3822616 ], [ 2.1284164, 41.3821505 ], [ 2.1284891, 41.3819014 ], [ 2.1285138, 41.3818167 ], [ 2.1285921, 41.3815814 ], [ 2.1286161, 41.3815149 ], [ 2.1287086, 41.3814029 ], [ 2.1287842, 41.3812283 ], [ 2.1288446, 41.3810627 ], [ 2.128921, 41.3808786 ], [ 2.1289578, 41.3807866 ], [ 2.1289956, 41.380681 ], [ 2.1290282, 41.3805848 ], [ 2.1290798, 41.3804282 ], [ 2.1291161, 41.3803121 ], [ 2.1291529, 41.3801923 ], [ 2.1292179, 41.379965 ], [ 2.1292683, 41.3797944 ], [ 2.1293258, 41.3796039 ], [ 2.1293553, 41.379502 ], [ 2.1292739, 41.3794577 ], [ 2.1291931, 41.3794137 ], [ 2.1291124, 41.3793697 ], [ 2.1290732, 41.3793484 ], [ 2.1290552, 41.3793386 ], [ 2.1289458, 41.379279 ], [ 2.1288305, 41.3792209 ], [ 2.1287901, 41.3792012 ], [ 2.1287487, 41.379179 ], [ 2.1283776, 41.3789853 ], [ 2.1282038, 41.3788928 ], [ 2.1281585, 41.3788673 ], [ 2.1280673, 41.3788161 ], [ 2.127968, 41.3787584 ], [ 2.1279411, 41.3787443 ], [ 2.1277635, 41.3786483 ], [ 2.1275287, 41.3785204 ], [ 2.1274062, 41.3784506 ], [ 2.1273758, 41.3784324 ], [ 2.1270529, 41.3782441 ], [ 2.1269557, 41.3781905 ], [ 2.1268158, 41.3781092 ], [ 2.1267889, 41.3780943 ], [ 2.1262291, 41.3777728 ], [ 2.1261115, 41.3777049 ], [ 2.1260783, 41.3776857 ], [ 2.12586, 41.3775596 ], [ 2.1257574, 41.3775004 ], [ 2.1256563, 41.377442 ], [ 2.1256371, 41.3774309 ], [ 2.1255328, 41.3773707 ], [ 2.1252823, 41.377226 ], [ 2.1252504, 41.3772076 ], [ 2.1252039, 41.3771792 ], [ 2.1251853, 41.3771679 ], [ 2.1250611, 41.377092 ], [ 2.1248688, 41.3769745 ], [ 2.1248469, 41.3769611 ], [ 2.1247162, 41.3768813 ], [ 2.1245962, 41.3768094 ], [ 2.1245762, 41.3767952 ], [ 2.1243133, 41.376623 ], [ 2.1238714, 41.3763524 ], [ 2.1237359, 41.3762695 ], [ 2.1236414, 41.3762115 ], [ 2.1236188, 41.3761977 ], [ 2.1235881, 41.3761789 ], [ 2.1232741, 41.3759866 ], [ 2.1232476, 41.3759704 ], [ 2.123183, 41.3759308 ], [ 2.1230383, 41.3758457 ], [ 2.1228666, 41.3757476 ], [ 2.1228226, 41.3757245 ], [ 2.1227729, 41.3756952 ], [ 2.1227243, 41.3756664 ], [ 2.1224999, 41.3756698 ], [ 2.1224592, 41.3756715 ], [ 2.1219217, 41.3756741 ], [ 2.1217654, 41.3756783 ], [ 2.1217958, 41.375702 ], [ 2.1216526, 41.3760685 ], [ 2.121638, 41.3774274 ], [ 2.121396, 41.3778951 ], [ 2.1177666, 41.3757714 ], [ 2.117582, 41.3757813 ], [ 2.1095536, 41.3759593 ], [ 2.10943, 41.3768277 ], [ 2.1081215, 41.3780644 ], [ 2.1078903, 41.3781183 ], [ 2.1077767, 41.3781581 ], [ 2.1077447, 41.3782004 ], [ 2.1077359, 41.3783252 ], [ 2.1075432, 41.3783924 ], [ 2.1074155, 41.3784368 ], [ 2.1071133, 41.3785443 ], [ 2.1069227, 41.3787637 ], [ 2.1068555, 41.3788154 ], [ 2.1066411, 41.3788793 ], [ 2.106512, 41.3788352 ], [ 2.1063859, 41.3788923 ], [ 2.1062739, 41.3789687 ], [ 2.106192, 41.379097 ], [ 2.1060431, 41.3791086 ], [ 2.1059941, 41.3791603 ], [ 2.1058513, 41.3792756 ], [ 2.105792, 41.3793576 ], [ 2.1057262, 41.3794188 ], [ 2.1056615, 41.3794463 ], [ 2.1055452, 41.3794543 ], [ 2.1050741, 41.3794477 ], [ 2.1047601, 41.3794305 ], [ 2.1043655, 41.3797197 ], [ 2.1039853, 41.3799955 ], [ 2.1037956, 41.3801133 ], [ 2.1036577, 41.3801761 ], [ 2.1035153, 41.3802219 ], [ 2.1033545, 41.3802627 ], [ 2.1031775, 41.3802909 ], [ 2.1030283, 41.3802905 ], [ 2.1028258, 41.380279 ], [ 2.102532, 41.3806733 ], [ 2.102485, 41.3807546 ], [ 2.1024791, 41.3810191 ], [ 2.1022824, 41.381218 ], [ 2.1017309, 41.3817732 ], [ 2.1016914, 41.3818732 ] ] ] } },
{ "type": "Feature", "properties": { "neighborhood": "Pedralbes", "admin_level": "10" }, "geometry": { "type": "Polygon", "coordinates": [ [ [ 2.0978182, 41.3937665 ], [ 2.0985271, 41.3950314 ], [ 2.1000493, 41.3970615 ], [ 2.100595, 41.3985318 ], [ 2.1008649, 41.3987719 ], [ 2.1021865, 41.3996135 ], [ 2.102467, 41.3999882 ], [ 2.1029066, 41.4011406 ], [ 2.1034053, 41.4011423 ], [ 2.1044241, 41.4008385 ], [ 2.1048505, 41.4007822 ], [ 2.1051136, 41.4006757 ], [ 2.1054735, 41.4005951 ], [ 2.1060345, 41.4002593 ], [ 2.1063994, 41.4002125 ], [ 2.1069232, 41.3999757 ], [ 2.1073372, 41.3995537 ], [ 2.1078608, 41.3992981 ], [ 2.1082016, 41.398939 ], [ 2.1084559, 41.398602 ], [ 2.1087148, 41.3983681 ], [ 2.1086369, 41.3981465 ], [ 2.108687, 41.3980176 ], [ 2.1087716, 41.3978919 ], [ 2.1090034, 41.3975479 ], [ 2.1090977, 41.3974078 ], [ 2.1091482, 41.3973329 ], [ 2.1092, 41.3972538 ], [ 2.1098569, 41.396252 ], [ 2.1099362, 41.3961751 ], [ 2.1099404, 41.3961125 ], [ 2.110076, 41.3959903 ], [ 2.1102171, 41.3958924 ], [ 2.1103529, 41.3958267 ], [ 2.1104692, 41.395825 ], [ 2.1105604, 41.3958537 ], [ 2.1107254, 41.3958243 ], [ 2.1109885, 41.3958504 ], [ 2.1110219, 41.3958674 ], [ 2.1110304, 41.3958718 ], [ 2.1111939, 41.3959552 ], [ 2.1112143, 41.3959657 ], [ 2.1117695, 41.3962578 ], [ 2.1119655, 41.3963827 ], [ 2.1120485, 41.3964324 ], [ 2.1121032, 41.3964681 ], [ 2.1123285, 41.3966643 ], [ 2.1125917, 41.3969156 ], [ 2.1126745, 41.3969858 ], [ 2.1127489, 41.3970365 ], [ 2.1130111, 41.3971867 ], [ 2.113044, 41.3972075 ], [ 2.1130974, 41.3972417 ], [ 2.1131293, 41.3972621 ], [ 2.1132544, 41.3971882 ], [ 2.1138598, 41.3968294 ], [ 2.1139699, 41.3967642 ], [ 2.1140793, 41.396707 ], [ 2.1146058, 41.3964319 ], [ 2.1147552, 41.3963453 ], [ 2.1149643, 41.3962293 ], [ 2.1152638, 41.3960502 ], [ 2.1156649, 41.3958318 ], [ 2.1157659, 41.3957912 ], [ 2.1158727, 41.3957873 ], [ 2.1161288, 41.3956968 ], [ 2.116495, 41.3956024 ], [ 2.1166793, 41.3955638 ], [ 2.1171898, 41.3954519 ], [ 2.1173177, 41.3954116 ], [ 2.1174441, 41.3953652 ], [ 2.1175599, 41.3953178 ], [ 2.1176992, 41.39524 ], [ 2.1177988, 41.3951715 ], [ 2.1179258, 41.3950787 ], [ 2.1180307, 41.3949893 ], [ 2.1181146, 41.3949023 ], [ 2.1181757, 41.3948293 ], [ 2.1182619, 41.3947122 ], [ 2.1183182, 41.3946198 ], [ 2.1183733, 41.3945099 ], [ 2.1184097, 41.3944068 ], [ 2.1184374, 41.3943102 ], [ 2.1184558, 41.3942206 ], [ 2.1184757, 41.3941002 ], [ 2.1184164, 41.3940154 ], [ 2.1184259, 41.3938686 ], [ 2.1184219, 41.3937063 ], [ 2.1184147, 41.3935693 ], [ 2.1183996, 41.3934432 ], [ 2.1183911, 41.3933125 ], [ 2.1183203, 41.3931242 ], [ 2.118269, 41.3930157 ], [ 2.1182114, 41.3929106 ], [ 2.1181214, 41.3927742 ], [ 2.1180494, 41.3926682 ], [ 2.1179448, 41.392545 ], [ 2.1178226, 41.3924255 ], [ 2.1176548, 41.3922874 ], [ 2.1175574, 41.3922087 ], [ 2.117652, 41.3921399 ], [ 2.1178871, 41.3919699 ], [ 2.1180329, 41.3918931 ], [ 2.1181182, 41.3918634 ], [ 2.1182036, 41.3918435 ], [ 2.1186975, 41.3917384 ], [ 2.118837, 41.3917063 ], [ 2.1189909, 41.391676 ], [ 2.1193494, 41.3915625 ], [ 2.1196229, 41.3914639 ], [ 2.1197, 41.3914284 ], [ 2.1199061, 41.3913337 ], [ 2.1201753, 41.3911324 ], [ 2.1203355, 41.391003 ], [ 2.1203927, 41.3909568 ], [ 2.1205718, 41.3907541 ], [ 2.1207215, 41.3905446 ], [ 2.1208241, 41.3903018 ], [ 2.1208473, 41.3902279 ], [ 2.1208881, 41.390098 ], [ 2.1210087, 41.3901453 ], [ 2.1216044, 41.390378 ], [ 2.1221769, 41.3905984 ], [ 2.1222107, 41.3906063 ], [ 2.1224724, 41.3906703 ], [ 2.1231342, 41.3908347 ], [ 2.1233422, 41.3908877 ], [ 2.123638, 41.3909643 ], [ 2.1236762, 41.3909745 ], [ 2.1239248, 41.3910405 ], [ 2.1243354, 41.3911497 ], [ 2.1250241, 41.3913148 ], [ 2.1254165, 41.3914088 ], [ 2.1255824, 41.3914486 ], [ 2.1257143, 41.3914815 ], [ 2.1258687, 41.39152 ], [ 2.1269487, 41.3917895 ], [ 2.1270892, 41.3918245 ], [ 2.1272238, 41.3918578 ], [ 2.1282944, 41.3921229 ], [ 2.128893, 41.3922761 ], [ 2.1290979, 41.3923189 ], [ 2.1291721, 41.3923357 ], [ 2.1293157, 41.39237 ], [ 2.1292677, 41.3923299 ], [ 2.1291802, 41.3922495 ], [ 2.1290632, 41.392186 ], [ 2.1289492, 41.3920819 ], [ 2.1288438, 41.3919612 ], [ 2.1287807, 41.3918875 ], [ 2.1286609, 41.3917115 ], [ 2.1285853, 41.3915969 ], [ 2.1284789, 41.3914267 ], [ 2.1283592, 41.3912255 ], [ 2.1282908, 41.3911061 ], [ 2.1282398, 41.3910186 ], [ 2.1281899, 41.3909228 ], [ 2.1281386, 41.3908253 ], [ 2.1279826, 41.3904558 ], [ 2.1279349, 41.3903451 ], [ 2.1277486, 41.3898985 ], [ 2.1274964, 41.3891961 ], [ 2.1274646, 41.3891378 ], [ 2.1274367, 41.389049 ], [ 2.1274275, 41.3890198 ], [ 2.1274198, 41.3889962 ], [ 2.1274022, 41.388946 ], [ 2.1273882, 41.388918 ], [ 2.127377, 41.3888976 ], [ 2.1273594, 41.3888772 ], [ 2.1273455, 41.3888637 ], [ 2.1273273, 41.3888497 ], [ 2.1272092, 41.3888113 ], [ 2.127109, 41.3887705 ], [ 2.1270431, 41.3887298 ], [ 2.1269841, 41.3886896 ], [ 2.1269222, 41.388636 ], [ 2.1268727, 41.3885809 ], [ 2.126919, 41.3884865 ], [ 2.1269288, 41.3884598 ], [ 2.1269556, 41.3883972 ], [ 2.1270199, 41.3882478 ], [ 2.1267655, 41.3881832 ], [ 2.1267229, 41.3881724 ], [ 2.1264474, 41.3881025 ], [ 2.1260656, 41.3880064 ], [ 2.1258599, 41.3879533 ], [ 2.1257743, 41.3879316 ], [ 2.1257299, 41.3879203 ], [ 2.1256758, 41.3879066 ], [ 2.1255497, 41.3878746 ], [ 2.1253251, 41.3878176 ], [ 2.1251362, 41.3877693 ], [ 2.1250851, 41.3877566 ], [ 2.1246005, 41.3876336 ], [ 2.1235978, 41.387379 ], [ 2.1235268, 41.387361 ], [ 2.1233069, 41.3873052 ], [ 2.123108, 41.3872547 ], [ 2.1230825, 41.3872482 ], [ 2.1227011, 41.3871514 ], [ 2.1223439, 41.3870607 ], [ 2.1223151, 41.3870534 ], [ 2.1221093, 41.3870011 ], [ 2.1218732, 41.3869412 ], [ 2.1218226, 41.3869284 ], [ 2.1216098, 41.3868743 ], [ 2.1214633, 41.3868371 ], [ 2.1209873, 41.3867163 ], [ 2.1208361, 41.386678 ], [ 2.120677, 41.3866375 ], [ 2.120315, 41.3865456 ], [ 2.1201554, 41.3865051 ], [ 2.1199575, 41.3864549 ], [ 2.1199044, 41.3864414 ], [ 2.1189909, 41.3862121 ], [ 2.1180487, 41.3859706 ], [ 2.117927, 41.3859394 ], [ 2.1177219, 41.3858873 ], [ 2.1176052, 41.3858577 ], [ 2.1172847, 41.3857763 ], [ 2.1172264, 41.3857615 ], [ 2.1170163, 41.3857082 ], [ 2.1168117, 41.3856562 ], [ 2.1166307, 41.3856103 ], [ 2.116577, 41.3855966 ], [ 2.1162117, 41.3855039 ], [ 2.1143326, 41.3850268 ], [ 2.113971, 41.384935 ], [ 2.113657, 41.3848553 ], [ 2.1134652, 41.3848066 ], [ 2.1132284, 41.3847465 ], [ 2.1131451, 41.3847254 ], [ 2.1127884, 41.3846348 ], [ 2.1127313, 41.384621 ], [ 2.1125407, 41.3845719 ], [ 2.1123471, 41.3845228 ], [ 2.1121981, 41.3844849 ], [ 2.1120651, 41.3844511 ], [ 2.1119322, 41.3844174 ], [ 2.1117845, 41.3843799 ], [ 2.1116123, 41.3843362 ], [ 2.1115372, 41.3843171 ], [ 2.1110729, 41.3841993 ], [ 2.1109023, 41.3841559 ], [ 2.1107803, 41.384125 ], [ 2.1107299, 41.3841122 ], [ 2.1101231, 41.3839581 ], [ 2.1099408, 41.3839118 ], [ 2.1091913, 41.3837215 ], [ 2.1091404, 41.3837086 ], [ 2.1090696, 41.3836907 ], [ 2.1088602, 41.3836375 ], [ 2.1087167, 41.3836011 ], [ 2.1086796, 41.3835916 ], [ 2.1084308, 41.3835285 ], [ 2.1079166, 41.3833979 ], [ 2.1078127, 41.3833716 ], [ 2.1077399, 41.3833531 ], [ 2.1073188, 41.3832461 ], [ 2.1070822, 41.3831861 ], [ 2.1070358, 41.3831743 ], [ 2.1068877, 41.3831367 ], [ 2.1066247, 41.3831179 ], [ 2.1063997, 41.3830621 ], [ 2.1063304, 41.3830454 ], [ 2.1057794, 41.382913 ], [ 2.1054211, 41.3828286 ], [ 2.1052011, 41.3827496 ], [ 2.1049905, 41.3827034 ], [ 2.1046124, 41.38261 ], [ 2.1038958, 41.3824388 ], [ 2.1032744, 41.3822836 ], [ 2.1025001, 41.3820793 ], [ 2.1016914, 41.3818732 ], [ 2.1012772, 41.3829386 ], [ 2.1016776, 41.3830793 ], [ 2.1019219, 41.3831789 ], [ 2.1021422, 41.3832733 ], [ 2.1022018, 41.3833129 ], [ 2.1023419, 41.3833744 ], [ 2.1024274, 41.3834201 ], [ 2.1024507, 41.3834949 ], [ 2.1023815, 41.383613 ], [ 2.1024548, 41.3836376 ], [ 2.1025166, 41.3836645 ], [ 2.1025977, 41.3837103 ], [ 2.1026813, 41.3837658 ], [ 2.1027577, 41.3838288 ], [ 2.1028352, 41.3839002 ], [ 2.1031353, 41.3841919 ], [ 2.1033975, 41.3844398 ], [ 2.1033294, 41.3845651 ], [ 2.1033773, 41.3845725 ], [ 2.1033829, 41.3845794 ], [ 2.1033375, 41.3846631 ], [ 2.1033089, 41.3847161 ], [ 2.1032657, 41.3847957 ], [ 2.1031626, 41.3849862 ], [ 2.1031356, 41.3850362 ], [ 2.103114, 41.3850759 ], [ 2.1029824, 41.3853192 ], [ 2.102938, 41.3853997 ], [ 2.1028922, 41.3854931 ], [ 2.1028015, 41.3855213 ], [ 2.1027495, 41.3855755 ], [ 2.1027659, 41.3856408 ], [ 2.1022793, 41.3860556 ], [ 2.1016867, 41.3877514 ], [ 2.1011247, 41.3879024 ], [ 2.1007141, 41.3881547 ], [ 2.1002826, 41.3887501 ], [ 2.100181, 41.3891328 ], [ 2.0996239, 41.3920926 ], [ 2.0993703, 41.392365 ], [ 2.0983989, 41.3931507 ], [ 2.0981335, 41.3933653 ], [ 2.0978182, 41.3937665 ] ] ] } },
{ "type": "Feature", "properties": { "neighborhood": "Vallvidrera, el Tibidabo i les Planes", "admin_level": "10" }, "geometry": { "type": "MultiPolygon", "coordinates": [ [ [ [ 2.0775692, 41.4031725 ], [ 2.0759695, 41.4033603 ], [ 2.074841, 41.4029961 ], [ 2.0743874, 41.4033133 ], [ 2.0738686, 41.4035613 ], [ 2.0736338, 41.4036167 ], [ 2.0729763, 41.4034657 ], [ 2.0724435, 41.4035343 ], [ 2.072182, 41.4037079 ], [ 2.0717774, 41.4045001 ], [ 2.0706535, 41.4061883 ], [ 2.0699404, 41.4071652 ], [ 2.0703252, 41.4073463 ], [ 2.071341, 41.4071843 ], [ 2.0716803, 41.4072414 ], [ 2.0720876, 41.4075565 ], [ 2.0720763, 41.407719 ], [ 2.0713934, 41.4084695 ], [ 2.0713197, 41.409211 ], [ 2.0717388, 41.4102909 ], [ 2.0721272, 41.4109784 ], [ 2.0722908, 41.4111116 ], [ 2.0725644, 41.4111719 ], [ 2.0726341, 41.4112644 ], [ 2.0730203, 41.4114133 ], [ 2.0733476, 41.4117875 ], [ 2.0734978, 41.4118679 ], [ 2.07412, 41.411884 ], [ 2.07434, 41.4120007 ], [ 2.0745063, 41.4121898 ], [ 2.0748389, 41.4122501 ], [ 2.0754611, 41.4123266 ], [ 2.0760405, 41.4127168 ], [ 2.0759976, 41.4128013 ], [ 2.0761746, 41.413276 ], [ 2.076298, 41.413453 ], [ 2.0763141, 41.4135617 ], [ 2.0765608, 41.4138634 ], [ 2.0767647, 41.413968 ], [ 2.0768827, 41.414137 ], [ 2.0771509, 41.4143824 ], [ 2.0773119, 41.4144266 ], [ 2.0773655, 41.4146439 ], [ 2.0784484, 41.415045 ], [ 2.0791067, 41.415511 ], [ 2.0794005, 41.4159031 ], [ 2.0794622, 41.4162335 ], [ 2.0793668, 41.4166969 ], [ 2.079296, 41.4167091 ], [ 2.0791923, 41.4169117 ], [ 2.0782745, 41.4180238 ], [ 2.0787764, 41.4189379 ], [ 2.0772655, 41.4187347 ], [ 2.0766063, 41.4199433 ], [ 2.0768825, 41.4210294 ], [ 2.075119, 41.4221879 ], [ 2.0786712, 41.4226429 ], [ 2.0799376, 41.422929 ], [ 2.0800988, 41.423462 ], [ 2.0801991, 41.4241328 ], [ 2.0800035, 41.4243846 ], [ 2.0781193, 41.4249182 ], [ 2.0773431, 41.4249345 ], [ 2.0766566, 41.4250279 ], [ 2.0747303, 41.42487 ], [ 2.0742802, 41.4247729 ], [ 2.0727269, 41.4251027 ], [ 2.072661, 41.4257899 ], [ 2.0731446, 41.4275421 ], [ 2.0765421, 41.4286163 ], [ 2.0766003, 41.4287488 ], [ 2.07527, 41.4296359 ], [ 2.0745554, 41.4296765 ], [ 2.0745098, 41.4298586 ], [ 2.0741886, 41.4301879 ], [ 2.0723245, 41.4311347 ], [ 2.0720531, 41.4313358 ], [ 2.0716968, 41.4318287 ], [ 2.071844, 41.4324884 ], [ 2.0717995, 41.4325755 ], [ 2.07122, 41.4337091 ], [ 2.0709782, 41.434182 ], [ 2.0708752, 41.4343837 ], [ 2.0708269, 41.4344781 ], [ 2.0708451, 41.4345539 ], [ 2.0710854, 41.435553 ], [ 2.0711633, 41.4358767 ], [ 2.0726291, 41.4364152 ], [ 2.0731242, 41.4363213 ], [ 2.0729819, 41.4360304 ], [ 2.0728585, 41.4358288 ], [ 2.0727666, 41.4354187 ], [ 2.0729483, 41.4352936 ], [ 2.0731938, 41.4352198 ], [ 2.0742268, 41.4352731 ], [ 2.0745775, 41.4351676 ], [ 2.0748405, 41.4350119 ], [ 2.0749941, 41.434834 ], [ 2.0750909, 41.4345416 ], [ 2.0750874, 41.4341907 ], [ 2.0749738, 41.4336555 ], [ 2.0749787, 41.4334122 ], [ 2.0750931, 41.4331911 ], [ 2.0753077, 41.4330285 ], [ 2.0766381, 41.4327536 ], [ 2.0780827, 41.4321044 ], [ 2.0791887, 41.4318664 ], [ 2.0799734, 41.4318046 ], [ 2.0802588, 41.4316299 ], [ 2.0800793, 41.4310167 ], [ 2.0801375, 41.430843 ], [ 2.0804902, 41.4306113 ], [ 2.0807771, 41.4306076 ], [ 2.081005, 41.4307686 ], [ 2.0813956, 41.4316336 ], [ 2.0815731, 41.4317608 ], [ 2.081568, 41.4318225 ], [ 2.0822126, 41.4318315 ], [ 2.0824441, 41.4317312 ], [ 2.082571, 41.4315185 ], [ 2.0825261, 41.4312504 ], [ 2.0826768, 41.4308836 ], [ 2.082944, 41.4307817 ], [ 2.0832413, 41.4307596 ], [ 2.0836481, 41.4309126 ], [ 2.0838508, 41.4309036 ], [ 2.0839959, 41.4307711 ], [ 2.0840029, 41.4305548 ], [ 2.0837785, 41.4302856 ], [ 2.0837364, 41.4300534 ], [ 2.085399, 41.4291334 ], [ 2.085716, 41.4289033 ], [ 2.0871353, 41.4286963 ], [ 2.0875553, 41.4285606 ], [ 2.0878484, 41.4283315 ], [ 2.0881597, 41.4281827 ], [ 2.0889312, 41.4291748 ], [ 2.0892784, 41.4291774 ], [ 2.0896661, 41.4290882 ], [ 2.0901605, 41.4288322 ], [ 2.0921852, 41.4299398 ], [ 2.0932416, 41.4313604 ], [ 2.0947863, 41.4332095 ], [ 2.0950879, 41.4333942 ], [ 2.0960066, 41.4333624 ], [ 2.096632, 41.4326414 ], [ 2.0987132, 41.4317206 ], [ 2.0989603, 41.4302961 ], [ 2.1001482, 41.4301893 ], [ 2.1009139, 41.4298852 ], [ 2.101392, 41.4295758 ], [ 2.1025445, 41.4285612 ], [ 2.1032001, 41.4282259 ], [ 2.105504, 41.4289247 ], [ 2.1058012, 41.4287494 ], [ 2.1062002, 41.4286506 ], [ 2.1083896, 41.4288053 ], [ 2.1090305, 41.4287407 ], [ 2.1094658, 41.4284962 ], [ 2.1100725, 41.4286043 ], [ 2.1105457, 41.4283851 ], [ 2.1115506, 41.4283854 ], [ 2.1122226, 41.4287156 ], [ 2.1124329, 41.4286522 ], [ 2.1131419, 41.4286926 ], [ 2.1137119, 41.4284871 ], [ 2.1151735, 41.4276027 ], [ 2.1152461, 41.4270052 ], [ 2.1168277, 41.4264305 ], [ 2.1179412, 41.4262908 ], [ 2.1195306, 41.4257817 ], [ 2.1198967, 41.4259064 ], [ 2.1204001, 41.42592 ], [ 2.1207157, 41.4258633 ], [ 2.1207957, 41.4258755 ], [ 2.1208645, 41.4258831 ], [ 2.120934, 41.4258827 ], [ 2.1210026, 41.4258742 ], [ 2.1210686, 41.425858 ], [ 2.1211306, 41.4258344 ], [ 2.121187, 41.425804 ], [ 2.1212365, 41.4257674 ], [ 2.1212793, 41.425724 ], [ 2.1213123, 41.425676 ], [ 2.1213347, 41.4256246 ], [ 2.121346, 41.4255713 ], [ 2.1213458, 41.4255173 ], [ 2.1213342, 41.425464 ], [ 2.1213064, 41.4254103 ], [ 2.1212847, 41.4253623 ], [ 2.1211395, 41.4251233 ], [ 2.1211181, 41.4250881 ], [ 2.1209183, 41.424761 ], [ 2.1205558, 41.424175 ], [ 2.1204937, 41.4240367 ], [ 2.1204562, 41.423903 ], [ 2.1204451, 41.423803 ], [ 2.1204495, 41.4237007 ], [ 2.1204891, 41.4234674 ], [ 2.120527, 41.4232548 ], [ 2.1205407, 41.4231458 ], [ 2.1205327, 41.4230415 ], [ 2.1205047, 41.422955 ], [ 2.1204658, 41.4228684 ], [ 2.1204278, 41.4227936 ], [ 2.1204259, 41.4227572 ], [ 2.1204364, 41.4227184 ], [ 2.1204751, 41.422665 ], [ 2.1205369, 41.4226231 ], [ 2.1205837, 41.4226065 ], [ 2.1206336, 41.4225969 ], [ 2.1207179, 41.4225985 ], [ 2.1207726, 41.4226016 ], [ 2.1207303, 41.4224852 ], [ 2.120712, 41.4224281 ], [ 2.120697, 41.4223707 ], [ 2.1206908, 41.4223378 ], [ 2.12069, 41.4223038 ], [ 2.1206919, 41.4222703 ], [ 2.1206975, 41.4222373 ], [ 2.1207087, 41.4221929 ], [ 2.1207343, 41.4221296 ], [ 2.1208112, 41.4219852 ], [ 2.1208951, 41.4218544 ], [ 2.1209458, 41.4217969 ], [ 2.1210009, 41.4217407 ], [ 2.1212051, 41.4215568 ], [ 2.1212748, 41.4214923 ], [ 2.1213366, 41.4214263 ], [ 2.1213931, 41.421355 ], [ 2.1214334, 41.4212948 ], [ 2.121456, 41.4212552 ], [ 2.121475, 41.4212152 ], [ 2.1214922, 41.4211754 ], [ 2.1215058, 41.421136 ], [ 2.1215211, 41.4210834 ], [ 2.1215326, 41.4210301 ], [ 2.1215394, 41.4209717 ], [ 2.1215394, 41.4209421 ], [ 2.1215361, 41.420918 ], [ 2.1215268, 41.4208947 ], [ 2.1215119, 41.4208731 ], [ 2.1214877, 41.4208509 ], [ 2.1214576, 41.4208332 ], [ 2.1213032, 41.4207641 ], [ 2.1211743, 41.4207119 ], [ 2.1211474, 41.4207031 ], [ 2.1211816, 41.420681 ], [ 2.1247125, 41.4191734 ], [ 2.124893, 41.4191203 ], [ 2.1255351, 41.4188433 ], [ 2.1258854, 41.4186719 ], [ 2.1288265, 41.417405 ], [ 2.1288581, 41.4173129 ], [ 2.1288519, 41.4173012 ], [ 2.1287997, 41.4171478 ], [ 2.1287031, 41.4169671 ], [ 2.1286117, 41.4168109 ], [ 2.1285713, 41.4167411 ], [ 2.1285266, 41.4166987 ], [ 2.1284805, 41.4166684 ], [ 2.1284298, 41.4166426 ], [ 2.1283753, 41.4166217 ], [ 2.1283178, 41.4166059 ], [ 2.1282582, 41.4165955 ], [ 2.1281973, 41.4165907 ], [ 2.1280399, 41.416591 ], [ 2.1277984, 41.4166037 ], [ 2.1275617, 41.416632 ], [ 2.1270892, 41.4167341 ], [ 2.1269369, 41.4167525 ], [ 2.1268448, 41.4167556 ], [ 2.1267626, 41.4167529 ], [ 2.1267252, 41.4167509 ], [ 2.1266889, 41.4167443 ], [ 2.1266545, 41.4167331 ], [ 2.1266232, 41.4167178 ], [ 2.1265887, 41.4166927 ], [ 2.1265622, 41.4166627 ], [ 2.126545, 41.4166291 ], [ 2.1264733, 41.41641 ], [ 2.1262889, 41.4160022 ], [ 2.1262662, 41.4159677 ], [ 2.126237, 41.415936 ], [ 2.1262055, 41.4159103 ], [ 2.1261697, 41.415888 ], [ 2.1261302, 41.4158695 ], [ 2.1259979, 41.4158192 ], [ 2.1256672, 41.4157117 ], [ 2.125617, 41.415684 ], [ 2.1255706, 41.4156528 ], [ 2.1255313, 41.4156207 ], [ 2.1254961, 41.4155861 ], [ 2.1253981, 41.4154376 ], [ 2.1251692, 41.4150254 ], [ 2.125145, 41.4149757 ], [ 2.1251289, 41.4149243 ], [ 2.125121, 41.4148718 ], [ 2.1251264, 41.4148102 ], [ 2.1251427, 41.4147471 ], [ 2.1251658, 41.4146861 ], [ 2.125216, 41.4145257 ], [ 2.1252445, 41.4144462 ], [ 2.125283, 41.4143683 ], [ 2.1254274, 41.4142094 ], [ 2.1255083, 41.4141347 ], [ 2.1255208, 41.4141107 ], [ 2.1255261, 41.4140853 ], [ 2.1255241, 41.4140597 ], [ 2.1255104, 41.4140276 ], [ 2.1254853, 41.4139996 ], [ 2.1254406, 41.4139816 ], [ 2.1253398, 41.4139659 ], [ 2.1252393, 41.4139581 ], [ 2.1248956, 41.4139173 ], [ 2.1247239, 41.4138753 ], [ 2.1245845, 41.4138284 ], [ 2.1244911, 41.4137869 ], [ 2.1242959, 41.413671 ], [ 2.1242501, 41.4136495 ], [ 2.1242014, 41.413632 ], [ 2.1241503, 41.4136189 ], [ 2.1241001, 41.4136107 ], [ 2.124049, 41.4136066 ], [ 2.1239976, 41.4136068 ], [ 2.1237999, 41.4136358 ], [ 2.1235746, 41.4136901 ], [ 2.1234637, 41.4137338 ], [ 2.1234058, 41.4137712 ], [ 2.123353, 41.4138126 ], [ 2.123306, 41.4138577 ], [ 2.123265, 41.413906 ], [ 2.1232258, 41.4139652 ], [ 2.1232078, 41.4139954 ], [ 2.1231958, 41.4140273 ], [ 2.1231896, 41.4140709 ], [ 2.1231945, 41.4141147 ], [ 2.1232118, 41.4142016 ], [ 2.1232711, 41.4143686 ], [ 2.1233428, 41.4145964 ], [ 2.1234024, 41.4148253 ], [ 2.1234034, 41.4148694 ], [ 2.1233949, 41.414908 ], [ 2.1233824, 41.4149445 ], [ 2.1233657, 41.41498 ], [ 2.12323, 41.4151895 ], [ 2.1232033, 41.415302 ], [ 2.1231936, 41.4153221 ], [ 2.1231771, 41.4153395 ], [ 2.123155, 41.415353 ], [ 2.1231289, 41.4153616 ], [ 2.1230937, 41.4153645 ], [ 2.1230592, 41.4153585 ], [ 2.1230293, 41.4153444 ], [ 2.122967, 41.4153008 ], [ 2.1227012, 41.4151022 ], [ 2.1226215, 41.415044 ], [ 2.1225981, 41.4150345 ], [ 2.1225721, 41.4150299 ], [ 2.1225454, 41.4150307 ], [ 2.1225177, 41.4150377 ], [ 2.1224899, 41.4150467 ], [ 2.1224652, 41.4150633 ], [ 2.1224333, 41.4150942 ], [ 2.1224162, 41.4151372 ], [ 2.1223704, 41.4154598 ], [ 2.122328, 41.4155566 ], [ 2.1222435, 41.4156521 ], [ 2.122226, 41.4156889 ], [ 2.1222174, 41.4159212 ], [ 2.1222231, 41.4159923 ], [ 2.1222224, 41.416019 ], [ 2.1222137, 41.4160448 ], [ 2.1221975, 41.4160684 ], [ 2.1221747, 41.4160888 ], [ 2.1221493, 41.4161034 ], [ 2.1221205, 41.4161139 ], [ 2.1220473, 41.4161338 ], [ 2.1219109, 41.4161853 ], [ 2.1218645, 41.4162087 ], [ 2.1218227, 41.4162365 ], [ 2.1217828, 41.4162779 ], [ 2.1217495, 41.4163225 ], [ 2.1217227, 41.4163711 ], [ 2.1217039, 41.4164218 ], [ 2.1216956, 41.4164977 ], [ 2.1217075, 41.4165855 ], [ 2.1217347, 41.4167261 ], [ 2.1217334, 41.4167587 ], [ 2.1217285, 41.4167808 ], [ 2.1217176, 41.4168056 ], [ 2.1216976, 41.4168361 ], [ 2.1216802, 41.4168532 ], [ 2.1216512, 41.4168707 ], [ 2.1216175, 41.4168824 ], [ 2.121581, 41.4168878 ], [ 2.1215439, 41.4168865 ], [ 2.1215066, 41.416878 ], [ 2.1214733, 41.4168628 ], [ 2.1214662, 41.4168566 ], [ 2.1213455, 41.416752 ], [ 2.1212041, 41.4165781 ], [ 2.1211503, 41.4164937 ], [ 2.1210821, 41.41635 ], [ 2.1209781, 41.4160624 ], [ 2.1209633, 41.4160318 ], [ 2.1209414, 41.4160036 ], [ 2.1209131, 41.4159789 ], [ 2.1208793, 41.4159584 ], [ 2.1208412, 41.4159427 ], [ 2.1207902, 41.4159308 ], [ 2.1207369, 41.4159277 ], [ 2.120684, 41.4159334 ], [ 2.1206341, 41.4159477 ], [ 2.1203102, 41.4161071 ], [ 2.1202666, 41.4161176 ], [ 2.120221, 41.4161202 ], [ 2.1201823, 41.416116 ], [ 2.1201454, 41.4161061 ], [ 2.1201086, 41.4160924 ], [ 2.1200844, 41.416076 ], [ 2.1200551, 41.4160461 ], [ 2.1200338, 41.4160007 ], [ 2.12002, 41.4159206 ], [ 2.1200184, 41.4158382 ], [ 2.120032, 41.4156218 ], [ 2.1200428, 41.4155375 ], [ 2.1200727, 41.4154548 ], [ 2.1201642, 41.4152865 ], [ 2.1202711, 41.4151347 ], [ 2.1202891, 41.4150994 ], [ 2.120296, 41.4150621 ], [ 2.1202917, 41.4150245 ], [ 2.1202761, 41.4149884 ], [ 2.1202501, 41.4149558 ], [ 2.1202149, 41.4149285 ], [ 2.1201725, 41.4149078 ], [ 2.120125, 41.4148948 ], [ 2.1200734, 41.4148952 ], [ 2.1195931, 41.41496 ], [ 2.1195218, 41.4149667 ], [ 2.1194503, 41.4149647 ], [ 2.1190554, 41.4149154 ], [ 2.1190151, 41.4149067 ], [ 2.1189716, 41.4148932 ], [ 2.1189325, 41.4148771 ], [ 2.1188969, 41.4148571 ], [ 2.1188694, 41.4148303 ], [ 2.1188497, 41.414802 ], [ 2.1188368, 41.4147715 ], [ 2.1188311, 41.4147398 ], [ 2.1188327, 41.4147078 ], [ 2.1188586, 41.4145634 ], [ 2.1188859, 41.4144474 ], [ 2.1189156, 41.4143803 ], [ 2.1190727, 41.4141436 ], [ 2.1191688, 41.4139665 ], [ 2.1191972, 41.413886 ], [ 2.1192061, 41.4138053 ], [ 2.1192581, 41.413637 ], [ 2.1193032, 41.4135275 ], [ 2.1193447, 41.4134599 ], [ 2.1194185, 41.4133575 ], [ 2.1195339, 41.4132524 ], [ 2.1195734, 41.4131945 ], [ 2.1196056, 41.4131358 ], [ 2.1196253, 41.4130475 ], [ 2.1195692, 41.4125546 ], [ 2.1195587, 41.4125192 ], [ 2.1195341, 41.4124866 ], [ 2.11951, 41.4124682 ], [ 2.119482, 41.4124532 ], [ 2.1194508, 41.4124423 ], [ 2.1194081, 41.4124345 ], [ 2.1193488, 41.4124397 ], [ 2.1192389, 41.4124676 ], [ 2.1189919, 41.4125577 ], [ 2.1189457, 41.4125802 ], [ 2.1189052, 41.4126081 ], [ 2.1188714, 41.4126407 ], [ 2.1188539, 41.4126633 ], [ 2.1188396, 41.4126872 ], [ 2.1187956, 41.4128154 ], [ 2.1187802, 41.4128812 ], [ 2.1187721, 41.4129459 ], [ 2.1187874, 41.4132227 ], [ 2.1187911, 41.4133703 ], [ 2.1187875, 41.4134074 ], [ 2.1187722, 41.4134428 ], [ 2.1187502, 41.4134704 ], [ 2.1187211, 41.413494 ], [ 2.1186924, 41.4135098 ], [ 2.1186605, 41.4135217 ], [ 2.1183711, 41.4136109 ], [ 2.1182799, 41.413626 ], [ 2.1181592, 41.4136356 ], [ 2.1180062, 41.4136376 ], [ 2.1179074, 41.4136322 ], [ 2.1178029, 41.4136163 ], [ 2.1174516, 41.4135269 ], [ 2.1173137, 41.4134923 ], [ 2.1172311, 41.413478 ], [ 2.1171467, 41.4134724 ], [ 2.1170614, 41.4134756 ], [ 2.1169775, 41.4134877 ], [ 2.1168967, 41.4135084 ], [ 2.1168282, 41.4135314 ], [ 2.1167633, 41.4135595 ], [ 2.1167025, 41.4135925 ], [ 2.1166457, 41.4136306 ], [ 2.1165945, 41.4136729 ], [ 2.1165494, 41.413719 ], [ 2.1162967, 41.4140648 ], [ 2.116266, 41.4140914 ], [ 2.1162292, 41.4141133 ], [ 2.1161875, 41.4141295 ], [ 2.1161425, 41.4141396 ], [ 2.1160958, 41.4141432 ], [ 2.116049, 41.4141401 ], [ 2.1160037, 41.4141304 ], [ 2.1159872, 41.4141241 ], [ 2.1159617, 41.4141145 ], [ 2.1159244, 41.414093 ], [ 2.1158454, 41.4139967 ], [ 2.1155438, 41.4136333 ], [ 2.1154234, 41.413442 ], [ 2.1153004, 41.4132301 ], [ 2.1152783, 41.4132011 ], [ 2.1152496, 41.4131757 ], [ 2.1152151, 41.4131546 ], [ 2.1151794, 41.4131398 ], [ 2.115141, 41.4131297 ], [ 2.1151008, 41.4131245 ], [ 2.1147839, 41.4130999 ], [ 2.1147244, 41.4130845 ], [ 2.1146617, 41.4130578 ], [ 2.1146045, 41.4130247 ], [ 2.1145541, 41.4129859 ], [ 2.1145155, 41.4129469 ], [ 2.1144838, 41.4129046 ], [ 2.1144594, 41.4128596 ], [ 2.1144427, 41.4128127 ], [ 2.1143311, 41.4123459 ], [ 2.1143057, 41.4122501 ], [ 2.114266, 41.4122203 ], [ 2.1142377, 41.4122061 ], [ 2.1142094, 41.4121919 ], [ 2.1141479, 41.4121699 ], [ 2.1140896, 41.4121561 ], [ 2.1140294, 41.4121482 ], [ 2.1139542, 41.4121466 ], [ 2.1138797, 41.4121541 ], [ 2.1138078, 41.4121705 ], [ 2.1137403, 41.4121954 ], [ 2.113679, 41.4122281 ], [ 2.1134024, 41.4124153 ], [ 2.1131648, 41.412648 ], [ 2.1131139, 41.4126896 ], [ 2.1130714, 41.4127193 ], [ 2.1130218, 41.412742 ], [ 2.1129672, 41.4127568 ], [ 2.1129098, 41.4127631 ], [ 2.112857, 41.4127612 ], [ 2.1128056, 41.4127522 ], [ 2.1127572, 41.4127363 ], [ 2.1127135, 41.4127141 ], [ 2.1124079, 41.4124379 ], [ 2.1123692, 41.4124056 ], [ 2.112323, 41.4123795 ], [ 2.112277, 41.4123623 ], [ 2.1122278, 41.4123513 ], [ 2.1121767, 41.4123467 ], [ 2.1121254, 41.4123487 ], [ 2.1120063, 41.412382 ], [ 2.1115988, 41.4126384 ], [ 2.1114862, 41.412738 ], [ 2.1113879, 41.4128422 ], [ 2.1113231, 41.412961 ], [ 2.1112765, 41.4130835 ], [ 2.1112085, 41.4133293 ], [ 2.1111763, 41.4134718 ], [ 2.1111357, 41.4135485 ], [ 2.1110275, 41.4136057 ], [ 2.1109383, 41.4135853 ], [ 2.1108726, 41.4135703 ], [ 2.1107959, 41.4135092 ], [ 2.1106358, 41.4133774 ], [ 2.11046, 41.4132021 ], [ 2.1103593, 41.4130771 ], [ 2.1102892, 41.4129102 ], [ 2.1102137, 41.41258 ], [ 2.1102003, 41.4123637 ], [ 2.1100844, 41.4122357 ], [ 2.1099768, 41.4121891 ], [ 2.1099193, 41.4121915 ], [ 2.1098405, 41.4122136 ], [ 2.1097176, 41.4122555 ], [ 2.1096122, 41.4122974 ], [ 2.1095185, 41.4123511 ], [ 2.1094423, 41.4124179 ], [ 2.1093723, 41.4124972 ], [ 2.1092078, 41.4127524 ], [ 2.1091791, 41.4127801 ], [ 2.1091401, 41.4128089 ], [ 2.1090771, 41.4128432 ], [ 2.1090316, 41.4128616 ], [ 2.1089732, 41.4128702 ], [ 2.1089085, 41.4128638 ], [ 2.1088416, 41.4128398 ], [ 2.1087426, 41.4127899 ], [ 2.1086089, 41.4127291 ], [ 2.1084915, 41.4126841 ], [ 2.1083998, 41.4126572 ], [ 2.1083231, 41.4126209 ], [ 2.1082645, 41.4125801 ], [ 2.1082358, 41.4125368 ], [ 2.1082195, 41.4124851 ], [ 2.1082143, 41.4124277 ], [ 2.1082148, 41.4123967 ], [ 2.1082153, 41.4123667 ], [ 2.1082243, 41.4122771 ], [ 2.1082334, 41.412166 ], [ 2.1082342, 41.4121278 ], [ 2.1082156, 41.4119663 ], [ 2.1082064, 41.4119052 ], [ 2.1082046, 41.4118443 ], [ 2.1082115, 41.4117863 ], [ 2.1082474, 41.4116351 ], [ 2.1082568, 41.4115844 ], [ 2.108255, 41.4115404 ], [ 2.108239, 41.4115009 ], [ 2.1082045, 41.4114666 ], [ 2.1081513, 41.4114436 ], [ 2.1080739, 41.4114252 ], [ 2.1079733, 41.4114137 ], [ 2.1078177, 41.4114137 ], [ 2.107672, 41.4114131 ], [ 2.1074165, 41.4114259 ], [ 2.1072559, 41.4114544 ], [ 2.1070992, 41.4115002 ], [ 2.1068706, 41.4115999 ], [ 2.1067736, 41.4116422 ], [ 2.1065871, 41.4117626 ], [ 2.1064287, 41.4117884 ], [ 2.1063516, 41.4117798 ], [ 2.1062818, 41.4117008 ], [ 2.1062578, 41.4115844 ], [ 2.1062359, 41.411475 ], [ 2.1061411, 41.4113827 ], [ 2.10599, 41.4113343 ], [ 2.1058712, 41.4112905 ], [ 2.1058118, 41.4112335 ], [ 2.105795, 41.4112071 ], [ 2.105791, 41.4112007 ], [ 2.105793, 41.4111358 ], [ 2.1059483, 41.4109599 ], [ 2.1062568, 41.4107388 ], [ 2.1064454, 41.4105895 ], [ 2.1066184, 41.4104582 ], [ 2.1068549, 41.4102808 ], [ 2.1069268, 41.4101878 ], [ 2.1069789, 41.4100807 ], [ 2.1069538, 41.4099964 ], [ 2.1069487, 41.4099791 ], [ 2.1068628, 41.409893 ], [ 2.106649, 41.4097415 ], [ 2.1065609, 41.4096296 ], [ 2.1055892, 41.4097519 ], [ 2.1055643, 41.4097274 ], [ 2.1055416, 41.4097085 ], [ 2.1055165, 41.4096906 ], [ 2.1054848, 41.4096721 ], [ 2.1054363, 41.4096519 ], [ 2.1053952, 41.4096433 ], [ 2.1053518, 41.4096386 ], [ 2.1052924, 41.4096382 ], [ 2.105247, 41.4096416 ], [ 2.1052009, 41.4096467 ], [ 2.1051514, 41.4096562 ], [ 2.1047005, 41.4097517 ], [ 2.1045569, 41.409784 ], [ 2.1044572, 41.4098055 ], [ 2.1043654, 41.4098159 ], [ 2.1043107, 41.4098136 ], [ 2.1042514, 41.4098028 ], [ 2.1041886, 41.4097759 ], [ 2.1041364, 41.409735 ], [ 2.1041041, 41.409695 ], [ 2.1040871, 41.409664 ], [ 2.1040258, 41.409534 ], [ 2.1039838, 41.4094579 ], [ 2.1039392, 41.4094064 ], [ 2.1039074, 41.4093777 ], [ 2.1038553, 41.4093433 ], [ 2.1037825, 41.4093137 ], [ 2.1035912, 41.4092517 ], [ 2.1034932, 41.4092119 ], [ 2.1034549, 41.4091841 ], [ 2.1034142, 41.4091156 ], [ 2.1033989, 41.4090671 ], [ 2.1034007, 41.4089903 ], [ 2.1034232, 41.4089182 ], [ 2.1034903, 41.4086928 ], [ 2.1035202, 41.4085982 ], [ 2.1035315, 41.4085322 ], [ 2.1035337, 41.4084783 ], [ 2.1035229, 41.4084291 ], [ 2.1035049, 41.4083846 ], [ 2.1034834, 41.4083529 ], [ 2.1033918, 41.4082485 ], [ 2.1033019, 41.4081697 ], [ 2.1032346, 41.4080868 ], [ 2.103213, 41.4080504 ], [ 2.1031941, 41.4080073 ], [ 2.1031887, 41.4079393 ], [ 2.103195, 41.4078624 ], [ 2.103222, 41.4077641 ], [ 2.1032498, 41.407692 ], [ 2.1033194, 41.4075437 ], [ 2.1033567, 41.4074919 ], [ 2.1033945, 41.4074589 ], [ 2.1034852, 41.407393 ], [ 2.1035714, 41.4073571 ], [ 2.1036648, 41.4073255 ], [ 2.1037412, 41.4073167 ], [ 2.1040963, 41.407283 ], [ 2.1042263, 41.4072594 ], [ 2.1042784, 41.4072439 ], [ 2.1043206, 41.407219 ], [ 2.1043754, 41.4071712 ], [ 2.1043943, 41.4071361 ], [ 2.1044024, 41.4071011 ], [ 2.1043763, 41.4069562 ], [ 2.1043362, 41.4067822 ], [ 2.1043009, 41.4065948 ], [ 2.1042712, 41.4064489 ], [ 2.1042676, 41.4063788 ], [ 2.1042727, 41.4063288 ], [ 2.1042838, 41.4062825 ], [ 2.1043089, 41.4062292 ], [ 2.1043528, 41.4061842 ], [ 2.1044572, 41.4061167 ], [ 2.1045623, 41.4060736 ], [ 2.1046797, 41.4060353 ], [ 2.1047877, 41.406013 ], [ 2.104859, 41.4060163 ], [ 2.1049503, 41.406052 ], [ 2.1050411, 41.4061134 ], [ 2.105263, 41.4062986 ], [ 2.1053699, 41.4063835 ], [ 2.1054462, 41.4064287 ], [ 2.1055229, 41.4064589 ], [ 2.1056456, 41.4064794 ], [ 2.1057157, 41.4064819 ], [ 2.1057846, 41.4064757 ], [ 2.1059386, 41.4064401 ], [ 2.1060233, 41.4064242 ], [ 2.1061026, 41.4064235 ], [ 2.1062329, 41.4063909 ], [ 2.1063564, 41.4064286 ], [ 2.1064766, 41.4065816 ], [ 2.1065597, 41.4066627 ], [ 2.1066193, 41.4067723 ], [ 2.1066375, 41.4068493 ], [ 2.1066913, 41.4069082 ], [ 2.106724, 41.4069251 ], [ 2.1067596, 41.4069384 ], [ 2.1067973, 41.4069477 ], [ 2.1068435, 41.4069534 ], [ 2.1068904, 41.4069533 ], [ 2.1069366, 41.4069473 ], [ 2.1069808, 41.4069356 ], [ 2.1070218, 41.4069185 ], [ 2.107093, 41.40687 ], [ 2.1073947, 41.4066062 ], [ 2.1074294, 41.4065831 ], [ 2.1074683, 41.406564 ], [ 2.1075105, 41.4065495 ], [ 2.1075551, 41.4065397 ], [ 2.1076126, 41.4065347 ], [ 2.1076703, 41.4065376 ], [ 2.1077302, 41.4065465 ], [ 2.1078832, 41.4066089 ], [ 2.1080607, 41.406657 ], [ 2.108253, 41.4067937 ], [ 2.1084203, 41.4069655 ], [ 2.1085167, 41.4070169 ], [ 2.1086061, 41.4070394 ], [ 2.1087403, 41.4070398 ], [ 2.108841, 41.40701 ], [ 2.108935, 41.4069639 ], [ 2.1090358, 41.406867 ], [ 2.1090709, 41.4067757 ], [ 2.1090657, 41.4066885 ], [ 2.1090473, 41.4066183 ], [ 2.1088908, 41.4060199 ], [ 2.1088262, 41.4059028 ], [ 2.1086787, 41.4057764 ], [ 2.1084558, 41.4056792 ], [ 2.108037, 41.4054447 ], [ 2.1078736, 41.4053283 ], [ 2.1076474, 41.4048293 ], [ 2.10762, 41.4047727 ], [ 2.1075128, 41.4046977 ], [ 2.1073171, 41.4045968 ], [ 2.1072814, 41.4045583 ], [ 2.1072752, 41.4044896 ], [ 2.1073623, 41.4043299 ], [ 2.1074328, 41.4041761 ], [ 2.1074569, 41.4039618 ], [ 2.1074254, 41.4037281 ], [ 2.1073895, 41.403615 ], [ 2.1073223, 41.4035065 ], [ 2.1071866, 41.4033827 ], [ 2.1070189, 41.4032965 ], [ 2.1068174, 41.4032542 ], [ 2.1066059, 41.4032333 ], [ 2.1063234, 41.4032485 ], [ 2.1060772, 41.4032822 ], [ 2.1059745, 41.4032734 ], [ 2.1059268, 41.4032612 ], [ 2.1058896, 41.403202 ], [ 2.1058828, 41.4031217 ], [ 2.1058846, 41.4029491 ], [ 2.1058716, 41.4029045 ], [ 2.1058227, 41.4026737 ], [ 2.1057191, 41.4024958 ], [ 2.1055948, 41.4023846 ], [ 2.1053399, 41.4022623 ], [ 2.1051637, 41.402208 ], [ 2.1051428, 41.402181 ], [ 2.1051322, 41.402137 ], [ 2.1051401, 41.4021048 ], [ 2.1051467, 41.4020778 ], [ 2.1052644, 41.4018956 ], [ 2.105268, 41.4017903 ], [ 2.1050239, 41.4013978 ], [ 2.1047359, 41.4010113 ], [ 2.1046447, 41.4009531 ], [ 2.1045168, 41.4009162 ], [ 2.1044545, 41.400884 ], [ 2.1044241, 41.4008385 ], [ 2.1034053, 41.4011423 ], [ 2.1029066, 41.4011406 ], [ 2.1037164, 41.4032638 ], [ 2.1037384, 41.403848 ], [ 2.1036102, 41.4041959 ], [ 2.1031666, 41.4046388 ], [ 2.1016982, 41.4052803 ], [ 2.1015378, 41.4055215 ], [ 2.1014324, 41.4069217 ], [ 2.1009881, 41.4076617 ], [ 2.1006805, 41.4080085 ], [ 2.1001029, 41.4084213 ], [ 2.0988489, 41.4089002 ], [ 2.0986341, 41.4089302 ], [ 2.098565, 41.4089399 ], [ 2.0972596, 41.4087638 ], [ 2.0968585, 41.4085295 ], [ 2.0966146, 41.4084683 ], [ 2.0961623, 41.4081913 ], [ 2.0956611, 41.4080515 ], [ 2.0945905, 41.407973 ], [ 2.0918594, 41.4083733 ], [ 2.0906271, 41.4084708 ], [ 2.0901343, 41.4086323 ], [ 2.0897697, 41.4085651 ], [ 2.088988, 41.4086628 ], [ 2.0879337, 41.4089436 ], [ 2.0862821, 41.4096921 ], [ 2.0858075, 41.4097402 ], [ 2.0839063, 41.4094373 ], [ 2.0835592, 41.4086694 ], [ 2.0832527, 41.4083596 ], [ 2.0817673, 41.4068581 ], [ 2.0815108, 41.4067884 ], [ 2.0804228, 41.4061793 ], [ 2.0802279, 41.4058278 ], [ 2.0801459, 41.4053903 ], [ 2.0797555, 41.4045253 ], [ 2.0794898, 41.4043389 ], [ 2.0789325, 41.4036343 ], [ 2.0785407, 41.4032836 ], [ 2.0784054, 41.4031625 ], [ 2.0778699, 41.4030421 ], [ 2.0775692, 41.4031725 ] ] ], [ [ [ 2.0552726, 41.4144659 ], [ 2.055623, 41.4149726 ], [ 2.0559994, 41.4151991 ], [ 2.0561437, 41.4154605 ], [ 2.0562082, 41.4155771 ], [ 2.0566014, 41.4157128 ], [ 2.0568524, 41.4158638 ], [ 2.0568226, 41.4167114 ], [ 2.0572063, 41.4184141 ], [ 2.0568659, 41.4191134 ], [ 2.0563886, 41.4205119 ], [ 2.0564754, 41.4210123 ], [ 2.0564178, 41.421348 ], [ 2.0561954, 41.4217179 ], [ 2.0558482, 41.4220213 ], [ 2.0552605, 41.4223083 ], [ 2.0546833, 41.4224238 ], [ 2.0544203, 41.4227325 ], [ 2.0539385, 41.4228437 ], [ 2.0532286, 41.4235592 ], [ 2.0525988, 41.423767 ], [ 2.0524977, 41.4241586 ], [ 2.0532246, 41.4247388 ], [ 2.054019, 41.4249559 ], [ 2.0559333, 41.4251147 ], [ 2.056572, 41.4254827 ], [ 2.0579748, 41.4264472 ], [ 2.0578463, 41.4271011 ], [ 2.0578483, 41.4274342 ], [ 2.0584321, 41.4284798 ], [ 2.0586458, 41.4292267 ], [ 2.058691, 41.4304221 ], [ 2.0583875, 41.4319031 ], [ 2.0578549, 41.433052 ], [ 2.0577626, 41.4344786 ], [ 2.0574167, 41.4347999 ], [ 2.0573829, 41.4352876 ], [ 2.057511, 41.4358582 ], [ 2.0578575, 41.4358519 ], [ 2.0594434, 41.4351941 ], [ 2.0596049, 41.4346314 ], [ 2.0602636, 41.4340261 ], [ 2.0612694, 41.4337297 ], [ 2.0618916, 41.4334231 ], [ 2.0623411, 41.4333583 ], [ 2.0626777, 41.4333794 ], [ 2.0631181, 41.4335041 ], [ 2.0630572, 41.4330296 ], [ 2.0635271, 41.4330719 ], [ 2.0634305, 41.4324459 ], [ 2.0632657, 41.4323271 ], [ 2.0634763, 41.4311924 ], [ 2.0643757, 41.4299913 ], [ 2.0657691, 41.4300648 ], [ 2.0660973, 41.4299783 ], [ 2.0664887, 41.429781 ], [ 2.0675827, 41.4295436 ], [ 2.0677925, 41.4288591 ], [ 2.0667822, 41.4275622 ], [ 2.0667444, 41.4273838 ], [ 2.0668385, 41.4264433 ], [ 2.0673582, 41.4262043 ], [ 2.0679199, 41.4260444 ], [ 2.0695911, 41.4250792 ], [ 2.0695358, 41.4242174 ], [ 2.0692933, 41.4234088 ], [ 2.069757, 41.422605 ], [ 2.0698286, 41.4215304 ], [ 2.0701113, 41.4208607 ], [ 2.0700525, 41.420107 ], [ 2.0701431, 41.4194278 ], [ 2.0708402, 41.4185506 ], [ 2.0702891, 41.4183859 ], [ 2.0685243, 41.4184549 ], [ 2.0675687, 41.418164 ], [ 2.0657966, 41.4180644 ], [ 2.0648796, 41.4180165 ], [ 2.064471, 41.4180127 ], [ 2.0640601, 41.4181118 ], [ 2.0646226, 41.4173487 ], [ 2.0647883, 41.4167112 ], [ 2.0649601, 41.4163075 ], [ 2.0646392, 41.4154123 ], [ 2.0639861, 41.4140906 ], [ 2.0636182, 41.4135126 ], [ 2.0626226, 41.4136286 ], [ 2.0619762, 41.4136211 ], [ 2.0614618, 41.4128515 ], [ 2.0609928, 41.4126651 ], [ 2.0605245, 41.4126407 ], [ 2.0590816, 41.4128484 ], [ 2.0585081, 41.4128557 ], [ 2.059006, 41.4123386 ], [ 2.059065, 41.4121739 ], [ 2.0587752, 41.4109082 ], [ 2.0576234, 41.4105538 ], [ 2.057024, 41.4105353 ], [ 2.056562, 41.4105916 ], [ 2.0562401, 41.4107589 ], [ 2.0556818, 41.4114227 ], [ 2.0552181, 41.4120734 ], [ 2.0547371, 41.4140393 ], [ 2.0552726, 41.4144659 ] ] ] ] } },
{ "type": "Feature", "properties": { "neighborhood": "Sarrià", "admin_level": "10" }, "geometry": { "type": "Polygon", "coordinates": [ [ [ 2.1033194, 41.4075437 ], [ 2.1032498, 41.407692 ], [ 2.103222, 41.4077641 ], [ 2.103195, 41.4078624 ], [ 2.1031887, 41.4079393 ], [ 2.1031941, 41.4080073 ], [ 2.103213, 41.4080504 ], [ 2.1032346, 41.4080868 ], [ 2.1033019, 41.4081697 ], [ 2.1033918, 41.4082485 ], [ 2.1034834, 41.4083529 ], [ 2.1035049, 41.4083846 ], [ 2.1035229, 41.4084291 ], [ 2.1035337, 41.4084783 ], [ 2.1035315, 41.4085322 ], [ 2.1035202, 41.4085982 ], [ 2.1034903, 41.4086928 ], [ 2.1034232, 41.4089182 ], [ 2.1034007, 41.4089903 ], [ 2.1033989, 41.4090671 ], [ 2.1034142, 41.4091156 ], [ 2.1034549, 41.4091841 ], [ 2.1034932, 41.4092119 ], [ 2.1035912, 41.4092517 ], [ 2.1037825, 41.4093137 ], [ 2.1038553, 41.4093433 ], [ 2.1039074, 41.4093777 ], [ 2.1039392, 41.4094064 ], [ 2.1039838, 41.4094579 ], [ 2.1040258, 41.409534 ], [ 2.1040871, 41.409664 ], [ 2.1041041, 41.409695 ], [ 2.1041364, 41.409735 ], [ 2.1041886, 41.4097759 ], [ 2.1042514, 41.4098028 ], [ 2.1043107, 41.4098136 ], [ 2.1043654, 41.4098159 ], [ 2.1044572, 41.4098055 ], [ 2.1045569, 41.409784 ], [ 2.1047005, 41.4097517 ], [ 2.1051514, 41.4096562 ], [ 2.1052009, 41.4096467 ], [ 2.105247, 41.4096416 ], [ 2.1052924, 41.4096382 ], [ 2.1053518, 41.4096386 ], [ 2.1053952, 41.4096433 ], [ 2.1054363, 41.4096519 ], [ 2.1054848, 41.4096721 ], [ 2.1055165, 41.4096906 ], [ 2.1055416, 41.4097085 ], [ 2.1055643, 41.4097274 ], [ 2.1055892, 41.4097519 ], [ 2.1065609, 41.4096296 ], [ 2.106649, 41.4097415 ], [ 2.1068628, 41.409893 ], [ 2.1069487, 41.4099791 ], [ 2.1069538, 41.4099964 ], [ 2.1069789, 41.4100807 ], [ 2.1069268, 41.4101878 ], [ 2.1068549, 41.4102808 ], [ 2.1066184, 41.4104582 ], [ 2.1064454, 41.4105895 ], [ 2.1062568, 41.4107388 ], [ 2.1059483, 41.4109599 ], [ 2.105793, 41.4111358 ], [ 2.105791, 41.4112007 ], [ 2.105795, 41.4112071 ], [ 2.1058118, 41.4112335 ], [ 2.1058712, 41.4112905 ], [ 2.10599, 41.4113343 ], [ 2.1061411, 41.4113827 ], [ 2.1062359, 41.411475 ], [ 2.1062578, 41.4115844 ], [ 2.1062818, 41.4117008 ], [ 2.1063516, 41.4117798 ], [ 2.1064287, 41.4117884 ], [ 2.1065871, 41.4117626 ], [ 2.1067736, 41.4116422 ], [ 2.1068706, 41.4115999 ], [ 2.1070992, 41.4115002 ], [ 2.1072559, 41.4114544 ], [ 2.1074165, 41.4114259 ], [ 2.107672, 41.4114131 ], [ 2.1078177, 41.4114137 ], [ 2.1079733, 41.4114137 ], [ 2.1080739, 41.4114252 ], [ 2.1081513, 41.4114436 ], [ 2.1082045, 41.4114666 ], [ 2.108239, 41.4115009 ], [ 2.108255, 41.4115404 ], [ 2.1082568, 41.4115844 ], [ 2.1082474, 41.4116351 ], [ 2.1082115, 41.4117863 ], [ 2.1082046, 41.4118443 ], [ 2.1082064, 41.4119052 ], [ 2.1082156, 41.4119663 ], [ 2.1082342, 41.4121278 ], [ 2.1082334, 41.412166 ], [ 2.1082243, 41.4122771 ], [ 2.1082153, 41.4123667 ], [ 2.1082148, 41.4123967 ], [ 2.1082143, 41.4124277 ], [ 2.1082195, 41.4124851 ], [ 2.1082358, 41.4125368 ], [ 2.1082645, 41.4125801 ], [ 2.1083231, 41.4126209 ], [ 2.1083998, 41.4126572 ], [ 2.1084915, 41.4126841 ], [ 2.1086089, 41.4127291 ], [ 2.1087426, 41.4127899 ], [ 2.1088416, 41.4128398 ], [ 2.1089085, 41.4128638 ], [ 2.1089732, 41.4128702 ], [ 2.1090316, 41.4128616 ], [ 2.1090771, 41.4128432 ], [ 2.1091401, 41.4128089 ], [ 2.1091791, 41.4127801 ], [ 2.1092078, 41.4127524 ], [ 2.1093723, 41.4124972 ], [ 2.1094423, 41.4124179 ], [ 2.1095185, 41.4123511 ], [ 2.1096122, 41.4122974 ], [ 2.1097176, 41.4122555 ], [ 2.1098405, 41.4122136 ], [ 2.1099193, 41.4121915 ], [ 2.1099768, 41.4121891 ], [ 2.1100844, 41.4122357 ], [ 2.1102003, 41.4123637 ], [ 2.1102137, 41.41258 ], [ 2.1102892, 41.4129102 ], [ 2.1103593, 41.4130771 ], [ 2.11046, 41.4132021 ], [ 2.1106358, 41.4133774 ], [ 2.1107959, 41.4135092 ], [ 2.1108726, 41.4135703 ], [ 2.1109383, 41.4135853 ], [ 2.1110275, 41.4136057 ], [ 2.1111357, 41.4135485 ], [ 2.1111763, 41.4134718 ], [ 2.1112085, 41.4133293 ], [ 2.1112765, 41.4130835 ], [ 2.1113231, 41.412961 ], [ 2.1113879, 41.4128422 ], [ 2.1114862, 41.412738 ], [ 2.1115988, 41.4126384 ], [ 2.1120063, 41.412382 ], [ 2.1121254, 41.4123487 ], [ 2.1121767, 41.4123467 ], [ 2.1122278, 41.4123513 ], [ 2.112277, 41.4123623 ], [ 2.112323, 41.4123795 ], [ 2.1123692, 41.4124056 ], [ 2.1124079, 41.4124379 ], [ 2.1127135, 41.4127141 ], [ 2.1127572, 41.4127363 ], [ 2.1128056, 41.4127522 ], [ 2.112857, 41.4127612 ], [ 2.1129098, 41.4127631 ], [ 2.1129672, 41.4127568 ], [ 2.1130218, 41.412742 ], [ 2.1130714, 41.4127193 ], [ 2.1131139, 41.4126896 ], [ 2.1131648, 41.412648 ], [ 2.1134024, 41.4124153 ], [ 2.113679, 41.4122281 ], [ 2.1137403, 41.4121954 ], [ 2.1138078, 41.4121705 ], [ 2.1138797, 41.4121541 ], [ 2.1139542, 41.4121466 ], [ 2.1140294, 41.4121482 ], [ 2.1140896, 41.4121561 ], [ 2.1141479, 41.4121699 ], [ 2.1142094, 41.4121919 ], [ 2.1142377, 41.4122061 ], [ 2.114266, 41.4122203 ], [ 2.1143057, 41.4122501 ], [ 2.1143311, 41.4123459 ], [ 2.1144427, 41.4128127 ], [ 2.1144594, 41.4128596 ], [ 2.1144838, 41.4129046 ], [ 2.1145155, 41.4129469 ], [ 2.1145541, 41.4129859 ], [ 2.1146045, 41.4130247 ], [ 2.1146617, 41.4130578 ], [ 2.1147244, 41.4130845 ], [ 2.1147839, 41.4130999 ], [ 2.1151008, 41.4131245 ], [ 2.115141, 41.4131297 ], [ 2.1151794, 41.4131398 ], [ 2.1152151, 41.4131546 ], [ 2.1152496, 41.4131757 ], [ 2.1152783, 41.4132011 ], [ 2.1153004, 41.4132301 ], [ 2.1154234, 41.413442 ], [ 2.1155438, 41.4136333 ], [ 2.1158454, 41.4139967 ], [ 2.1159244, 41.414093 ], [ 2.1159617, 41.4141145 ], [ 2.1159872, 41.4141241 ], [ 2.1160037, 41.4141304 ], [ 2.116049, 41.4141401 ], [ 2.1160958, 41.4141432 ], [ 2.1161425, 41.4141396 ], [ 2.1161875, 41.4141295 ], [ 2.1162292, 41.4141133 ], [ 2.116266, 41.4140914 ], [ 2.1162967, 41.4140648 ], [ 2.1165494, 41.413719 ], [ 2.1165945, 41.4136729 ], [ 2.1166457, 41.4136306 ], [ 2.1167025, 41.4135925 ], [ 2.1167633, 41.4135595 ], [ 2.1168282, 41.4135314 ], [ 2.1168967, 41.4135084 ], [ 2.1169775, 41.4134877 ], [ 2.1170614, 41.4134756 ], [ 2.1171467, 41.4134724 ], [ 2.1172311, 41.413478 ], [ 2.1173137, 41.4134923 ], [ 2.1174516, 41.4135269 ], [ 2.1178029, 41.4136163 ], [ 2.1179074, 41.4136322 ], [ 2.1180062, 41.4136376 ], [ 2.1181592, 41.4136356 ], [ 2.1182799, 41.413626 ], [ 2.1183711, 41.4136109 ], [ 2.1186605, 41.4135217 ], [ 2.1186924, 41.4135098 ], [ 2.1187211, 41.413494 ], [ 2.1187502, 41.4134704 ], [ 2.1187722, 41.4134428 ], [ 2.1187875, 41.4134074 ], [ 2.1187911, 41.4133703 ], [ 2.1187874, 41.4132227 ], [ 2.1187721, 41.4129459 ], [ 2.1187802, 41.4128812 ], [ 2.1187956, 41.4128154 ], [ 2.1188396, 41.4126872 ], [ 2.1188539, 41.4126633 ], [ 2.1188714, 41.4126407 ], [ 2.1189052, 41.4126081 ], [ 2.1189457, 41.4125802 ], [ 2.1189919, 41.4125577 ], [ 2.1192389, 41.4124676 ], [ 2.1193488, 41.4124397 ], [ 2.1194081, 41.4124345 ], [ 2.1194508, 41.4124423 ], [ 2.119482, 41.4124532 ], [ 2.11951, 41.4124682 ], [ 2.1195341, 41.4124866 ], [ 2.1195345, 41.4123866 ], [ 2.1195385, 41.4123498 ], [ 2.1195461, 41.4123092 ], [ 2.1195585, 41.412263 ], [ 2.1195767, 41.4122261 ], [ 2.1195997, 41.4121846 ], [ 2.1196315, 41.4121536 ], [ 2.1196665, 41.4121065 ], [ 2.1197003, 41.4120705 ], [ 2.1197111, 41.4120406 ], [ 2.1197306, 41.4120063 ], [ 2.1197503, 41.4119828 ], [ 2.1197798, 41.4119488 ], [ 2.1198161, 41.4119216 ], [ 2.1198594, 41.4118847 ], [ 2.1198918, 41.4118464 ], [ 2.1199164, 41.4118088 ], [ 2.119936, 41.4117631 ], [ 2.1199528, 41.4117225 ], [ 2.1199744, 41.4117107 ], [ 2.1199891, 41.411693 ], [ 2.1200068, 41.4116717 ], [ 2.1200225, 41.4116591 ], [ 2.1200412, 41.411637 ], [ 2.1200471, 41.4116142 ], [ 2.120053, 41.4115994 ], [ 2.1200717, 41.4115611 ], [ 2.1200953, 41.4115213 ], [ 2.1201208, 41.4114977 ], [ 2.1201444, 41.4114712 ], [ 2.1201523, 41.4114542 ], [ 2.1201552, 41.4114328 ], [ 2.1201602, 41.4114033 ], [ 2.12017, 41.4113694 ], [ 2.1201877, 41.4113348 ], [ 2.1202044, 41.4113045 ], [ 2.1202378, 41.4112677 ], [ 2.1202604, 41.4112507 ], [ 2.1202801, 41.4112316 ], [ 2.1203056, 41.4112183 ], [ 2.1203312, 41.4112013 ], [ 2.1203597, 41.4111792 ], [ 2.120397, 41.4111608 ], [ 2.1204413, 41.411149 ], [ 2.1204885, 41.4111372 ], [ 2.120515, 41.4111239 ], [ 2.1205543, 41.4111062 ], [ 2.1205799, 41.4110937 ], [ 2.1206369, 41.4110569 ], [ 2.1206959, 41.4110207 ], [ 2.1207371, 41.4109912 ], [ 2.1207725, 41.410978 ], [ 2.120805, 41.4109581 ], [ 2.1208374, 41.410936 ], [ 2.1208807, 41.4109043 ], [ 2.1209101, 41.4108748 ], [ 2.1209495, 41.4108386 ], [ 2.1209898, 41.4107981 ], [ 2.1210143, 41.4107583 ], [ 2.1210281, 41.4107177 ], [ 2.1210369, 41.4106838 ], [ 2.1210458, 41.4106566 ], [ 2.1210546, 41.4106278 ], [ 2.1210753, 41.410605 ], [ 2.121093, 41.4105909 ], [ 2.1211077, 41.4105696 ], [ 2.1211028, 41.410543 ], [ 2.1211008, 41.4105246 ], [ 2.1211018, 41.4105032 ], [ 2.1211175, 41.4104826 ], [ 2.1211392, 41.4104649 ], [ 2.1211706, 41.4104472 ], [ 2.1212207, 41.410417 ], [ 2.1212581, 41.4103786 ], [ 2.1213014, 41.4103469 ], [ 2.1213367, 41.4103219 ], [ 2.121378, 41.4102968 ], [ 2.1214173, 41.4102813 ], [ 2.1214557, 41.4102725 ], [ 2.121493, 41.4102592 ], [ 2.1215392, 41.4102371 ], [ 2.1215658, 41.4102282 ], [ 2.121608, 41.4102231 ], [ 2.1216454, 41.410201 ], [ 2.1216827, 41.4101744 ], [ 2.1217211, 41.4101464 ], [ 2.1217525, 41.4101236 ], [ 2.121785, 41.4100956 ], [ 2.1218115, 41.410069 ], [ 2.1218469, 41.4100425 ], [ 2.1218646, 41.4100204 ], [ 2.1218891, 41.4100056 ], [ 2.1219127, 41.4099916 ], [ 2.1219471, 41.4099739 ], [ 2.1219796, 41.409943 ], [ 2.1220042, 41.409912 ], [ 2.1220335, 41.4098713 ], [ 2.1220168, 41.4098252 ], [ 2.1220195, 41.4097725 ], [ 2.1219931, 41.4096697 ], [ 2.1219694, 41.4095538 ], [ 2.1219884, 41.4094055 ], [ 2.122126, 41.4087912 ], [ 2.1223469, 41.4082378 ], [ 2.1228549, 41.4077889 ], [ 2.122586, 41.4075129 ], [ 2.1225139, 41.4074417 ], [ 2.1224427, 41.4073726 ], [ 2.1222996, 41.4072476 ], [ 2.1221787, 41.4071583 ], [ 2.1221236, 41.4071149 ], [ 2.1218994, 41.4069571 ], [ 2.1219415, 41.4069066 ], [ 2.1219926, 41.4068453 ], [ 2.1228005, 41.4058415 ], [ 2.1227482, 41.4057718 ], [ 2.1228126, 41.4054997 ], [ 2.1228795, 41.4052408 ], [ 2.1229681, 41.4049813 ], [ 2.1230875, 41.4047175 ], [ 2.1232352, 41.4044711 ], [ 2.1234395, 41.4041927 ], [ 2.1236663, 41.4039254 ], [ 2.1242747, 41.403343 ], [ 2.1244814, 41.4031242 ], [ 2.1245744, 41.4029893 ], [ 2.1246441, 41.4028456 ], [ 2.1246811, 41.4027293 ], [ 2.1247101, 41.4026105 ], [ 2.1247206, 41.4024805 ], [ 2.1252215, 41.4020476 ], [ 2.1244705, 41.4016245 ], [ 2.1237523, 41.401223 ], [ 2.1233961, 41.4010234 ], [ 2.1233456, 41.4009951 ], [ 2.1231816, 41.400893 ], [ 2.1231434, 41.4008692 ], [ 2.1231065, 41.4008447 ], [ 2.1230648, 41.4008171 ], [ 2.1231432, 41.4007515 ], [ 2.1231848, 41.400715 ], [ 2.1232093, 41.4006912 ], [ 2.1238089, 41.4001084 ], [ 2.1238223, 41.4000954 ], [ 2.1239319, 41.3999889 ], [ 2.1240436, 41.3998852 ], [ 2.1241154, 41.399804 ], [ 2.1242135, 41.3997191 ], [ 2.1243155, 41.3996332 ], [ 2.1243427, 41.3996076 ], [ 2.1244174, 41.3995279 ], [ 2.1244453, 41.3995025 ], [ 2.1244981, 41.3994602 ], [ 2.1245853, 41.3993845 ], [ 2.1246803, 41.3992751 ], [ 2.1248122, 41.3990687 ], [ 2.1251436, 41.3988323 ], [ 2.1253331, 41.3987412 ], [ 2.1255556, 41.3986033 ], [ 2.1256354, 41.398553 ], [ 2.1256639, 41.3985319 ], [ 2.1257596, 41.3984709 ], [ 2.1258413, 41.3984164 ], [ 2.1259776, 41.3983157 ], [ 2.1261336, 41.3982063 ], [ 2.1261626, 41.3981849 ], [ 2.1262677, 41.398063 ], [ 2.1264253, 41.397991 ], [ 2.126518, 41.3979579 ], [ 2.1266396, 41.3979162 ], [ 2.1267425, 41.397888 ], [ 2.126883, 41.3978512 ], [ 2.127009, 41.3978278 ], [ 2.1271149, 41.3978115 ], [ 2.1271909, 41.3978062 ], [ 2.1273869, 41.397797 ], [ 2.1275493, 41.3977138 ], [ 2.1275802, 41.3977002 ], [ 2.1276163, 41.3976724 ], [ 2.1276381, 41.3976544 ], [ 2.1276565, 41.3976343 ], [ 2.1276729, 41.3976003 ], [ 2.1276765, 41.3975678 ], [ 2.1276703, 41.3975286 ], [ 2.12766, 41.3974961 ], [ 2.1276434, 41.3974624 ], [ 2.1276164, 41.3974155 ], [ 2.1275822, 41.397393 ], [ 2.1275498, 41.3973723 ], [ 2.1275179, 41.397352 ], [ 2.1270759, 41.3970703 ], [ 2.1270597, 41.39706 ], [ 2.1269587, 41.3969936 ], [ 2.1269128, 41.3969643 ], [ 2.1267961, 41.3968832 ], [ 2.1264966, 41.3966863 ], [ 2.1264253, 41.3966408 ], [ 2.1263178, 41.3965708 ], [ 2.1262499, 41.3965252 ], [ 2.12612, 41.3964366 ], [ 2.1260468, 41.3963771 ], [ 2.1259518, 41.3962896 ], [ 2.1258677, 41.3961989 ], [ 2.1258077, 41.3961233 ], [ 2.1257558, 41.3960554 ], [ 2.1257134, 41.3959864 ], [ 2.1256842, 41.3959305 ], [ 2.1256513, 41.3958458 ], [ 2.1256096, 41.3957457 ], [ 2.1257189, 41.3957176 ], [ 2.1258303, 41.3956825 ], [ 2.1258907, 41.3956594 ], [ 2.1259363, 41.3956389 ], [ 2.1259871, 41.3956055 ], [ 2.1260721, 41.3955461 ], [ 2.1262567, 41.3954038 ], [ 2.1267951, 41.3949843 ], [ 2.1270016, 41.3948288 ], [ 2.1271543, 41.3947074 ], [ 2.1274182, 41.3945131 ], [ 2.1278785, 41.3941522 ], [ 2.1279897, 41.3940655 ], [ 2.1281952, 41.3939153 ], [ 2.1286258, 41.3935821 ], [ 2.1291916, 41.393148 ], [ 2.1294256, 41.3929625 ], [ 2.1295723, 41.392853 ], [ 2.129602, 41.3928309 ], [ 2.1296309, 41.3928094 ], [ 2.129642, 41.3928011 ], [ 2.129722, 41.3927606 ], [ 2.129788, 41.3927382 ], [ 2.1298633, 41.3927187 ], [ 2.1299594, 41.3927035 ], [ 2.1298646, 41.3926972 ], [ 2.129799, 41.3926819 ], [ 2.1297305, 41.3926438 ], [ 2.1296599, 41.3926045 ], [ 2.1296402, 41.3925848 ], [ 2.1295941, 41.392514 ], [ 2.1294025, 41.392415 ], [ 2.1293619, 41.3923945 ], [ 2.1293157, 41.39237 ], [ 2.1291721, 41.3923357 ], [ 2.1290979, 41.3923189 ], [ 2.128893, 41.3922761 ], [ 2.1282944, 41.3921229 ], [ 2.1272238, 41.3918578 ], [ 2.1270892, 41.3918245 ], [ 2.1269487, 41.3917895 ], [ 2.1258687, 41.39152 ], [ 2.1257143, 41.3914815 ], [ 2.1255824, 41.3914486 ], [ 2.1254165, 41.3914088 ], [ 2.1250241, 41.3913148 ], [ 2.1243354, 41.3911497 ], [ 2.1239248, 41.3910405 ], [ 2.1236762, 41.3909745 ], [ 2.123638, 41.3909643 ], [ 2.1233422, 41.3908877 ], [ 2.1231342, 41.3908347 ], [ 2.1224724, 41.3906703 ], [ 2.1222107, 41.3906063 ], [ 2.1221769, 41.3905984 ], [ 2.1216044, 41.390378 ], [ 2.1210087, 41.3901453 ], [ 2.1208881, 41.390098 ], [ 2.1208473, 41.3902279 ], [ 2.1208241, 41.3903018 ], [ 2.1207215, 41.3905446 ], [ 2.1205718, 41.3907541 ], [ 2.1203927, 41.3909568 ], [ 2.1203355, 41.391003 ], [ 2.1201753, 41.3911324 ], [ 2.1199061, 41.3913337 ], [ 2.1197, 41.3914284 ], [ 2.1196229, 41.3914639 ], [ 2.1193494, 41.3915625 ], [ 2.1189909, 41.391676 ], [ 2.118837, 41.3917063 ], [ 2.1186975, 41.3917384 ], [ 2.1182036, 41.3918435 ], [ 2.1181182, 41.3918634 ], [ 2.1180329, 41.3918931 ], [ 2.1178871, 41.3919699 ], [ 2.117652, 41.3921399 ], [ 2.1175574, 41.3922087 ], [ 2.1176548, 41.3922874 ], [ 2.1178226, 41.3924255 ], [ 2.1179448, 41.392545 ], [ 2.1180494, 41.3926682 ], [ 2.1181214, 41.3927742 ], [ 2.1182114, 41.3929106 ], [ 2.118269, 41.3930157 ], [ 2.1183203, 41.3931242 ], [ 2.1183911, 41.3933125 ], [ 2.1183996, 41.3934432 ], [ 2.1184147, 41.3935693 ], [ 2.1184219, 41.3937063 ], [ 2.1184259, 41.3938686 ], [ 2.1184164, 41.3940154 ], [ 2.1184757, 41.3941002 ], [ 2.1184558, 41.3942206 ], [ 2.1184374, 41.3943102 ], [ 2.1184097, 41.3944068 ], [ 2.1183733, 41.3945099 ], [ 2.1183182, 41.3946198 ], [ 2.1182619, 41.3947122 ], [ 2.1181757, 41.3948293 ], [ 2.1181146, 41.3949023 ], [ 2.1180307, 41.3949893 ], [ 2.1179258, 41.3950787 ], [ 2.1177988, 41.3951715 ], [ 2.1176992, 41.39524 ], [ 2.1175599, 41.3953178 ], [ 2.1174441, 41.3953652 ], [ 2.1173177, 41.3954116 ], [ 2.1171898, 41.3954519 ], [ 2.1166793, 41.3955638 ], [ 2.116495, 41.3956024 ], [ 2.1161288, 41.3956968 ], [ 2.1158727, 41.3957873 ], [ 2.1157659, 41.3957912 ], [ 2.1156649, 41.3958318 ], [ 2.1152638, 41.3960502 ], [ 2.1149643, 41.3962293 ], [ 2.1147552, 41.3963453 ], [ 2.1146058, 41.3964319 ], [ 2.1140793, 41.396707 ], [ 2.1139699, 41.3967642 ], [ 2.1138598, 41.3968294 ], [ 2.1132544, 41.3971882 ], [ 2.1131293, 41.3972621 ], [ 2.1130974, 41.3972417 ], [ 2.113044, 41.3972075 ], [ 2.1130111, 41.3971867 ], [ 2.1127489, 41.3970365 ], [ 2.1126745, 41.3969858 ], [ 2.1125917, 41.3969156 ], [ 2.1123285, 41.3966643 ], [ 2.1121032, 41.3964681 ], [ 2.1120485, 41.3964324 ], [ 2.1119655, 41.3963827 ], [ 2.1117695, 41.3962578 ], [ 2.1112143, 41.3959657 ], [ 2.1111939, 41.3959552 ], [ 2.1110304, 41.3958718 ], [ 2.1110219, 41.3958674 ], [ 2.1109885, 41.3958504 ], [ 2.1107254, 41.3958243 ], [ 2.1105604, 41.3958537 ], [ 2.1104692, 41.395825 ], [ 2.1103529, 41.3958267 ], [ 2.1102171, 41.3958924 ], [ 2.110076, 41.3959903 ], [ 2.1099404, 41.3961125 ], [ 2.1099362, 41.3961751 ], [ 2.1098569, 41.396252 ], [ 2.1092, 41.3972538 ], [ 2.1091482, 41.3973329 ], [ 2.1090977, 41.3974078 ], [ 2.1090034, 41.3975479 ], [ 2.1087716, 41.3978919 ], [ 2.108687, 41.3980176 ], [ 2.1086369, 41.3981465 ], [ 2.1087148, 41.3983681 ], [ 2.1084559, 41.398602 ], [ 2.1082016, 41.398939 ], [ 2.1078608, 41.3992981 ], [ 2.1073372, 41.3995537 ], [ 2.1069232, 41.3999757 ], [ 2.1063994, 41.4002125 ], [ 2.1060345, 41.4002593 ], [ 2.1054735, 41.4005951 ], [ 2.1051136, 41.4006757 ], [ 2.1048505, 41.4007822 ], [ 2.1044241, 41.4008385 ], [ 2.1044545, 41.400884 ], [ 2.1045168, 41.4009162 ], [ 2.1046447, 41.4009531 ], [ 2.1047359, 41.4010113 ], [ 2.1050239, 41.4013978 ], [ 2.105268, 41.4017903 ], [ 2.1052644, 41.4018956 ], [ 2.1051467, 41.4020778 ], [ 2.1051401, 41.4021048 ], [ 2.1051322, 41.402137 ], [ 2.1051428, 41.402181 ], [ 2.1051637, 41.402208 ], [ 2.1053399, 41.4022623 ], [ 2.1055948, 41.4023846 ], [ 2.1057191, 41.4024958 ], [ 2.1058227, 41.4026737 ], [ 2.1058716, 41.4029045 ], [ 2.1058846, 41.4029491 ], [ 2.1058828, 41.4031217 ], [ 2.1058896, 41.403202 ], [ 2.1059268, 41.4032612 ], [ 2.1059745, 41.4032734 ], [ 2.1060772, 41.4032822 ], [ 2.1063234, 41.4032485 ], [ 2.1066059, 41.4032333 ], [ 2.1068174, 41.4032542 ], [ 2.1070189, 41.4032965 ], [ 2.1071866, 41.4033827 ], [ 2.1073223, 41.4035065 ], [ 2.1073895, 41.403615 ], [ 2.1074254, 41.4037281 ], [ 2.1074569, 41.4039618 ], [ 2.1074328, 41.4041761 ], [ 2.1073623, 41.4043299 ], [ 2.1072752, 41.4044896 ], [ 2.1072814, 41.4045583 ], [ 2.1073171, 41.4045968 ], [ 2.1075128, 41.4046977 ], [ 2.10762, 41.4047727 ], [ 2.1076474, 41.4048293 ], [ 2.1078736, 41.4053283 ], [ 2.108037, 41.4054447 ], [ 2.1084558, 41.4056792 ], [ 2.1086787, 41.4057764 ], [ 2.1088262, 41.4059028 ], [ 2.1088908, 41.4060199 ], [ 2.1090473, 41.4066183 ], [ 2.1090657, 41.4066885 ], [ 2.1090709, 41.4067757 ], [ 2.1090358, 41.406867 ], [ 2.108935, 41.4069639 ], [ 2.108841, 41.40701 ], [ 2.1087403, 41.4070398 ], [ 2.1086061, 41.4070394 ], [ 2.1085167, 41.4070169 ], [ 2.1084203, 41.4069655 ], [ 2.108253, 41.4067937 ], [ 2.1080607, 41.406657 ], [ 2.1078832, 41.4066089 ], [ 2.1077302, 41.4065465 ], [ 2.1076703, 41.4065376 ], [ 2.1076126, 41.4065347 ], [ 2.1075551, 41.4065397 ], [ 2.1075105, 41.4065495 ], [ 2.1074683, 41.406564 ], [ 2.1074294, 41.4065831 ], [ 2.1073947, 41.4066062 ], [ 2.107093, 41.40687 ], [ 2.1070218, 41.4069185 ], [ 2.1069808, 41.4069356 ], [ 2.1069366, 41.4069473 ], [ 2.1068904, 41.4069533 ], [ 2.1068435, 41.4069534 ], [ 2.1067973, 41.4069477 ], [ 2.1067596, 41.4069384 ], [ 2.106724, 41.4069251 ], [ 2.1066913, 41.4069082 ], [ 2.1066375, 41.4068493 ], [ 2.1066193, 41.4067723 ], [ 2.1065597, 41.4066627 ], [ 2.1064766, 41.4065816 ], [ 2.1063564, 41.4064286 ], [ 2.1062329, 41.4063909 ], [ 2.1061026, 41.4064235 ], [ 2.1060233, 41.4064242 ], [ 2.1059386, 41.4064401 ], [ 2.1057846, 41.4064757 ], [ 2.1057157, 41.4064819 ], [ 2.1056456, 41.4064794 ], [ 2.1055229, 41.4064589 ], [ 2.1054462, 41.4064287 ], [ 2.1053699, 41.4063835 ], [ 2.105263, 41.4062986 ], [ 2.1050411, 41.4061134 ], [ 2.1049503, 41.406052 ], [ 2.104859, 41.4060163 ], [ 2.1047877, 41.406013 ], [ 2.1046797, 41.4060353 ], [ 2.1045623, 41.4060736 ], [ 2.1044572, 41.4061167 ], [ 2.1043528, 41.4061842 ], [ 2.1043089, 41.4062292 ], [ 2.1042838, 41.4062825 ], [ 2.1042727, 41.4063288 ], [ 2.1042676, 41.4063788 ], [ 2.1042712, 41.4064489 ], [ 2.1043009, 41.4065948 ], [ 2.1043362, 41.4067822 ], [ 2.1043763, 41.4069562 ], [ 2.1044024, 41.4071011 ], [ 2.1043943, 41.4071361 ], [ 2.1043754, 41.4071712 ], [ 2.1043206, 41.407219 ], [ 2.1042784, 41.4072439 ], [ 2.1042263, 41.4072594 ], [ 2.1040963, 41.407283 ], [ 2.1037412, 41.4073167 ], [ 2.1036648, 41.4073255 ], [ 2.1035714, 41.4073571 ], [ 2.1034852, 41.407393 ], [ 2.1033945, 41.4074589 ], [ 2.1033567, 41.4074919 ], [ 2.1033194, 41.4075437 ] ] ] } },
{ "type": "Feature", "properties": { "neighborhood": "les Tres Torres", "admin_level": "10" }, "geometry": { "type": "Polygon", "coordinates": [ [ [ 2.1230648, 41.4008171 ], [ 2.1231065, 41.4008447 ], [ 2.1231434, 41.4008692 ], [ 2.1231816, 41.400893 ], [ 2.1233456, 41.4009951 ], [ 2.1233961, 41.4010234 ], [ 2.1237523, 41.401223 ], [ 2.1244705, 41.4016245 ], [ 2.1252215, 41.4020476 ], [ 2.1256236, 41.4022743 ], [ 2.1256993, 41.402317 ], [ 2.1258845, 41.4024167 ], [ 2.1267652, 41.4028909 ], [ 2.1268729, 41.4029516 ], [ 2.1276561, 41.4033706 ], [ 2.1277221, 41.4034061 ], [ 2.1278839, 41.4034933 ], [ 2.1279558, 41.403532 ], [ 2.1293652, 41.4043284 ], [ 2.1294247, 41.404362 ], [ 2.1294886, 41.404396 ], [ 2.1300311, 41.4046843 ], [ 2.1300639, 41.4046426 ], [ 2.1306119, 41.4039461 ], [ 2.1306453, 41.4039079 ], [ 2.1306593, 41.4038898 ], [ 2.1310778, 41.4033473 ], [ 2.1311068, 41.4033129 ], [ 2.1312379, 41.40314 ], [ 2.1314597, 41.4028454 ], [ 2.1315164, 41.4027698 ], [ 2.1315331, 41.4027484 ], [ 2.1318493, 41.4023435 ], [ 2.1319483, 41.4022159 ], [ 2.132008, 41.4021208 ], [ 2.1320778, 41.4020407 ], [ 2.1320933, 41.4020222 ], [ 2.1322235, 41.4018677 ], [ 2.1322597, 41.4018191 ], [ 2.1324434, 41.4015732 ], [ 2.1324847, 41.4015146 ], [ 2.1329405, 41.4009234 ], [ 2.1329873, 41.4008632 ], [ 2.1330018, 41.4008452 ], [ 2.1332866, 41.4004712 ], [ 2.1333258, 41.4004219 ], [ 2.1333719, 41.4003573 ], [ 2.1333867, 41.4003383 ], [ 2.1335327, 41.4001522 ], [ 2.1336624, 41.3999866 ], [ 2.1336694, 41.3999782 ], [ 2.1337185, 41.3999198 ], [ 2.1337705, 41.3998489 ], [ 2.1340754, 41.3994622 ], [ 2.1341252, 41.3994054 ], [ 2.1342038, 41.3993037 ], [ 2.1341597, 41.3992619 ], [ 2.1340682, 41.3991688 ], [ 2.1340476, 41.3991461 ], [ 2.1338276, 41.3989048 ], [ 2.133408, 41.3984445 ], [ 2.1333029, 41.3983177 ], [ 2.1332307, 41.3982179 ], [ 2.1330037, 41.3979229 ], [ 2.1329795, 41.3978868 ], [ 2.1329627, 41.3978577 ], [ 2.1329312, 41.397768 ], [ 2.1329093, 41.397685 ], [ 2.1329019, 41.3976582 ], [ 2.1328982, 41.3976211 ], [ 2.132879, 41.3974579 ], [ 2.132878, 41.3973999 ], [ 2.1328761, 41.3972946 ], [ 2.1329662, 41.3971231 ], [ 2.132992, 41.397067 ], [ 2.133189, 41.3968362 ], [ 2.1338863, 41.3961071 ], [ 2.1342395, 41.3957459 ], [ 2.134282, 41.3956778 ], [ 2.1343294, 41.3955969 ], [ 2.1343479, 41.395535 ], [ 2.1343711, 41.3955132 ], [ 2.1343862, 41.3954893 ], [ 2.1343961, 41.3954632 ], [ 2.1344033, 41.395437 ], [ 2.1344033, 41.3954104 ], [ 2.1345468, 41.395232 ], [ 2.1345577, 41.3952143 ], [ 2.1345662, 41.3952025 ], [ 2.1345994, 41.3951544 ], [ 2.1346961, 41.3949486 ], [ 2.1347658, 41.3947916 ], [ 2.1348032, 41.3947055 ], [ 2.1348535, 41.3945925 ], [ 2.1349767, 41.3943065 ], [ 2.1351142, 41.3939901 ], [ 2.135179, 41.393844 ], [ 2.1351941, 41.3938112 ], [ 2.1352474, 41.3936808 ], [ 2.1352584, 41.3936562 ], [ 2.1352728, 41.3936237 ], [ 2.1352825, 41.3936018 ], [ 2.1353984, 41.3933403 ], [ 2.1355829, 41.3929156 ], [ 2.1357662, 41.3924938 ], [ 2.1358321, 41.3923371 ], [ 2.1358478, 41.3923026 ], [ 2.1358716, 41.392253 ], [ 2.1359481, 41.3921582 ], [ 2.1359677, 41.3921341 ], [ 2.1360249, 41.3920645 ], [ 2.1362385, 41.3918057 ], [ 2.1362748, 41.3917603 ], [ 2.1363411, 41.3916827 ], [ 2.1364065, 41.3916062 ], [ 2.1362778, 41.3916269 ], [ 2.1362403, 41.3916317 ], [ 2.1361294, 41.3916487 ], [ 2.1349757, 41.3918258 ], [ 2.1345945, 41.3918843 ], [ 2.1342515, 41.3919374 ], [ 2.134222, 41.3919414 ], [ 2.1341815, 41.3919476 ], [ 2.1334666, 41.3920574 ], [ 2.133243, 41.3920917 ], [ 2.1332054, 41.3920975 ], [ 2.1330679, 41.3921186 ], [ 2.1327291, 41.3921705 ], [ 2.1324011, 41.3922209 ], [ 2.1321431, 41.3922605 ], [ 2.1320997, 41.3922671 ], [ 2.1318466, 41.392306 ], [ 2.1308032, 41.392459 ], [ 2.1307197, 41.3924712 ], [ 2.1306721, 41.3924782 ], [ 2.1306198, 41.3924859 ], [ 2.1305254, 41.3925002 ], [ 2.1302733, 41.3925384 ], [ 2.130263, 41.3925811 ], [ 2.1302413, 41.3926146 ], [ 2.1302082, 41.3926412 ], [ 2.1301599, 41.3926706 ], [ 2.1300958, 41.3926909 ], [ 2.1300274, 41.3926988 ], [ 2.1299594, 41.3927035 ], [ 2.1298633, 41.3927187 ], [ 2.129788, 41.3927382 ], [ 2.129722, 41.3927606 ], [ 2.129642, 41.3928011 ], [ 2.1296309, 41.3928094 ], [ 2.129602, 41.3928309 ], [ 2.1295723, 41.392853 ], [ 2.1294256, 41.3929625 ], [ 2.1291916, 41.393148 ], [ 2.1286258, 41.3935821 ], [ 2.1281952, 41.3939153 ], [ 2.1279897, 41.3940655 ], [ 2.1278785, 41.3941522 ], [ 2.1274182, 41.3945131 ], [ 2.1271543, 41.3947074 ], [ 2.1270016, 41.3948288 ], [ 2.1267951, 41.3949843 ], [ 2.1262567, 41.3954038 ], [ 2.1260721, 41.3955461 ], [ 2.1259871, 41.3956055 ], [ 2.1259363, 41.3956389 ], [ 2.1258907, 41.3956594 ], [ 2.1258303, 41.3956825 ], [ 2.1257189, 41.3957176 ], [ 2.1256096, 41.3957457 ], [ 2.1256513, 41.3958458 ], [ 2.1256842, 41.3959305 ], [ 2.1257134, 41.3959864 ], [ 2.1257558, 41.3960554 ], [ 2.1258077, 41.3961233 ], [ 2.1258677, 41.3961989 ], [ 2.1259518, 41.3962896 ], [ 2.1260468, 41.3963771 ], [ 2.12612, 41.3964366 ], [ 2.1262499, 41.3965252 ], [ 2.1263178, 41.3965708 ], [ 2.1264253, 41.3966408 ], [ 2.1264966, 41.3966863 ], [ 2.1267961, 41.3968832 ], [ 2.1269128, 41.3969643 ], [ 2.1269587, 41.3969936 ], [ 2.1270597, 41.39706 ], [ 2.1270759, 41.3970703 ], [ 2.1275179, 41.397352 ], [ 2.1275498, 41.3973723 ], [ 2.1275822, 41.397393 ], [ 2.1276164, 41.3974155 ], [ 2.1276434, 41.3974624 ], [ 2.12766, 41.3974961 ], [ 2.1276703, 41.3975286 ], [ 2.1276765, 41.3975678 ], [ 2.1276729, 41.3976003 ], [ 2.1276565, 41.3976343 ], [ 2.1276381, 41.3976544 ], [ 2.1276163, 41.3976724 ], [ 2.1275802, 41.3977002 ], [ 2.1275493, 41.3977138 ], [ 2.1273869, 41.397797 ], [ 2.1271909, 41.3978062 ], [ 2.1271149, 41.3978115 ], [ 2.127009, 41.3978278 ], [ 2.126883, 41.3978512 ], [ 2.1267425, 41.397888 ], [ 2.1266396, 41.3979162 ], [ 2.126518, 41.3979579 ], [ 2.1264253, 41.397991 ], [ 2.1262677, 41.398063 ], [ 2.1261626, 41.3981849 ], [ 2.1261336, 41.3982063 ], [ 2.1259776, 41.3983157 ], [ 2.1258413, 41.3984164 ], [ 2.1257596, 41.3984709 ], [ 2.1256639, 41.3985319 ], [ 2.1256354, 41.398553 ], [ 2.1255556, 41.3986033 ], [ 2.1253331, 41.3987412 ], [ 2.1251436, 41.3988323 ], [ 2.1248122, 41.3990687 ], [ 2.1246803, 41.3992751 ], [ 2.1245853, 41.3993845 ], [ 2.1244981, 41.3994602 ], [ 2.1244453, 41.3995025 ], [ 2.1244174, 41.3995279 ], [ 2.1243427, 41.3996076 ], [ 2.1243155, 41.3996332 ], [ 2.1242135, 41.3997191 ], [ 2.1241154, 41.399804 ], [ 2.1240436, 41.3998852 ], [ 2.1239319, 41.3999889 ], [ 2.1238223, 41.4000954 ], [ 2.1238089, 41.4001084 ], [ 2.1232093, 41.4006912 ], [ 2.1231848, 41.400715 ], [ 2.1231432, 41.4007515 ], [ 2.1230648, 41.4008171 ] ] ] } },
{ "type": "Feature", "properties": { "neighborhood": "Sant Gervasi - la Bonanova", "admin_level": "10" }, "geometry": { "type": "Polygon", "coordinates": [ [ [ 2.1195341, 41.4124866 ], [ 2.1195587, 41.4125192 ], [ 2.1195692, 41.4125546 ], [ 2.1196253, 41.4130475 ], [ 2.1196056, 41.4131358 ], [ 2.1195734, 41.4131945 ], [ 2.1195339, 41.4132524 ], [ 2.1194185, 41.4133575 ], [ 2.1193447, 41.4134599 ], [ 2.1193032, 41.4135275 ], [ 2.1192581, 41.413637 ], [ 2.1192061, 41.4138053 ], [ 2.1191972, 41.413886 ], [ 2.1191688, 41.4139665 ], [ 2.1190727, 41.4141436 ], [ 2.1189156, 41.4143803 ], [ 2.1188859, 41.4144474 ], [ 2.1188586, 41.4145634 ], [ 2.1188327, 41.4147078 ], [ 2.1188311, 41.4147398 ], [ 2.1188368, 41.4147715 ], [ 2.1188497, 41.414802 ], [ 2.1188694, 41.4148303 ], [ 2.1188969, 41.4148571 ], [ 2.1189325, 41.4148771 ], [ 2.1189716, 41.4148932 ], [ 2.1190151, 41.4149067 ], [ 2.1190554, 41.4149154 ], [ 2.1194503, 41.4149647 ], [ 2.1195218, 41.4149667 ], [ 2.1195931, 41.41496 ], [ 2.1200734, 41.4148952 ], [ 2.120125, 41.4148948 ], [ 2.1201725, 41.4149078 ], [ 2.1202149, 41.4149285 ], [ 2.1202501, 41.4149558 ], [ 2.1202761, 41.4149884 ], [ 2.1202917, 41.4150245 ], [ 2.120296, 41.4150621 ], [ 2.1202891, 41.4150994 ], [ 2.1202711, 41.4151347 ], [ 2.1201642, 41.4152865 ], [ 2.1200727, 41.4154548 ], [ 2.1200428, 41.4155375 ], [ 2.120032, 41.4156218 ], [ 2.1200184, 41.4158382 ], [ 2.12002, 41.4159206 ], [ 2.1200338, 41.4160007 ], [ 2.1200551, 41.4160461 ], [ 2.1200844, 41.416076 ], [ 2.1201086, 41.4160924 ], [ 2.1201454, 41.4161061 ], [ 2.1201823, 41.416116 ], [ 2.120221, 41.4161202 ], [ 2.1202666, 41.4161176 ], [ 2.1203102, 41.4161071 ], [ 2.1206341, 41.4159477 ], [ 2.120684, 41.4159334 ], [ 2.1207369, 41.4159277 ], [ 2.1207902, 41.4159308 ], [ 2.1208412, 41.4159427 ], [ 2.1208793, 41.4159584 ], [ 2.1209131, 41.4159789 ], [ 2.1209414, 41.4160036 ], [ 2.1209633, 41.4160318 ], [ 2.1209781, 41.4160624 ], [ 2.1210821, 41.41635 ], [ 2.1211503, 41.4164937 ], [ 2.1212041, 41.4165781 ], [ 2.1213455, 41.416752 ], [ 2.1214662, 41.4168566 ], [ 2.1214733, 41.4168628 ], [ 2.1215066, 41.416878 ], [ 2.1215439, 41.4168865 ], [ 2.121581, 41.4168878 ], [ 2.1216175, 41.4168824 ], [ 2.1216512, 41.4168707 ], [ 2.1216802, 41.4168532 ], [ 2.1216976, 41.4168361 ], [ 2.1217176, 41.4168056 ], [ 2.1217285, 41.4167808 ], [ 2.1217334, 41.4167587 ], [ 2.1217347, 41.4167261 ], [ 2.1217075, 41.4165855 ], [ 2.1216956, 41.4164977 ], [ 2.1217039, 41.4164218 ], [ 2.1217227, 41.4163711 ], [ 2.1217495, 41.4163225 ], [ 2.1217828, 41.4162779 ], [ 2.1218227, 41.4162365 ], [ 2.1218645, 41.4162087 ], [ 2.1219109, 41.4161853 ], [ 2.1220473, 41.4161338 ], [ 2.1221205, 41.4161139 ], [ 2.1221493, 41.4161034 ], [ 2.1221747, 41.4160888 ], [ 2.1221975, 41.4160684 ], [ 2.1222137, 41.4160448 ], [ 2.1222224, 41.416019 ], [ 2.1222231, 41.4159923 ], [ 2.1222174, 41.4159212 ], [ 2.122226, 41.4156889 ], [ 2.1222435, 41.4156521 ], [ 2.122328, 41.4155566 ], [ 2.1223704, 41.4154598 ], [ 2.1224162, 41.4151372 ], [ 2.1224333, 41.4150942 ], [ 2.1224652, 41.4150633 ], [ 2.1224899, 41.4150467 ], [ 2.1225177, 41.4150377 ], [ 2.1225454, 41.4150307 ], [ 2.1225721, 41.4150299 ], [ 2.1225981, 41.4150345 ], [ 2.1226215, 41.415044 ], [ 2.1227012, 41.4151022 ], [ 2.122967, 41.4153008 ], [ 2.1230293, 41.4153444 ], [ 2.1230592, 41.4153585 ], [ 2.1230937, 41.4153645 ], [ 2.1231289, 41.4153616 ], [ 2.123155, 41.415353 ], [ 2.1231771, 41.4153395 ], [ 2.1231936, 41.4153221 ], [ 2.1232033, 41.415302 ], [ 2.12323, 41.4151895 ], [ 2.1233657, 41.41498 ], [ 2.1233824, 41.4149445 ], [ 2.1233949, 41.414908 ], [ 2.1234034, 41.4148694 ], [ 2.1234024, 41.4148253 ], [ 2.1233428, 41.4145964 ], [ 2.1232711, 41.4143686 ], [ 2.1232118, 41.4142016 ], [ 2.1231945, 41.4141147 ], [ 2.1231896, 41.4140709 ], [ 2.1231958, 41.4140273 ], [ 2.1232078, 41.4139954 ], [ 2.1232258, 41.4139652 ], [ 2.123265, 41.413906 ], [ 2.123306, 41.4138577 ], [ 2.123353, 41.4138126 ], [ 2.1234058, 41.4137712 ], [ 2.1234637, 41.4137338 ], [ 2.1235746, 41.4136901 ], [ 2.1237999, 41.4136358 ], [ 2.1239976, 41.4136068 ], [ 2.124049, 41.4136066 ], [ 2.1241001, 41.4136107 ], [ 2.1241503, 41.4136189 ], [ 2.1242014, 41.413632 ], [ 2.1242501, 41.4136495 ], [ 2.1242959, 41.413671 ], [ 2.1244911, 41.4137869 ], [ 2.1245845, 41.4138284 ], [ 2.1247239, 41.4138753 ], [ 2.1248956, 41.4139173 ], [ 2.1252393, 41.4139581 ], [ 2.1253398, 41.4139659 ], [ 2.1254406, 41.4139816 ], [ 2.1254853, 41.4139996 ], [ 2.1255104, 41.4140276 ], [ 2.1255241, 41.4140597 ], [ 2.1255261, 41.4140853 ], [ 2.1255208, 41.4141107 ], [ 2.1255083, 41.4141347 ], [ 2.1254274, 41.4142094 ], [ 2.125283, 41.4143683 ], [ 2.1252445, 41.4144462 ], [ 2.125216, 41.4145257 ], [ 2.1251658, 41.4146861 ], [ 2.1251427, 41.4147471 ], [ 2.1251264, 41.4148102 ], [ 2.125121, 41.4148718 ], [ 2.1251289, 41.4149243 ], [ 2.125145, 41.4149757 ], [ 2.1251692, 41.4150254 ], [ 2.1253981, 41.4154376 ], [ 2.1254961, 41.4155861 ], [ 2.1255313, 41.4156207 ], [ 2.1255706, 41.4156528 ], [ 2.125617, 41.415684 ], [ 2.1256672, 41.4157117 ], [ 2.1259979, 41.4158192 ], [ 2.1261302, 41.4158695 ], [ 2.1261697, 41.415888 ], [ 2.1262055, 41.4159103 ], [ 2.126237, 41.415936 ], [ 2.1262662, 41.4159677 ], [ 2.1262889, 41.4160022 ], [ 2.1264733, 41.41641 ], [ 2.126545, 41.4166291 ], [ 2.1265622, 41.4166627 ], [ 2.1265887, 41.4166927 ], [ 2.1266232, 41.4167178 ], [ 2.1266545, 41.4167331 ], [ 2.1266889, 41.4167443 ], [ 2.1267252, 41.4167509 ], [ 2.1267626, 41.4167529 ], [ 2.1268448, 41.4167556 ], [ 2.1269369, 41.4167525 ], [ 2.1270892, 41.4167341 ], [ 2.1275617, 41.416632 ], [ 2.1277984, 41.4166037 ], [ 2.1280399, 41.416591 ], [ 2.1281973, 41.4165907 ], [ 2.1282582, 41.4165955 ], [ 2.1283178, 41.4166059 ], [ 2.1283753, 41.4166217 ], [ 2.1284298, 41.4166426 ], [ 2.1284805, 41.4166684 ], [ 2.1285266, 41.4166987 ], [ 2.1285713, 41.4167411 ], [ 2.1286117, 41.4168109 ], [ 2.1287031, 41.4169671 ], [ 2.1287997, 41.4171478 ], [ 2.1288519, 41.4173012 ], [ 2.1288581, 41.4173129 ], [ 2.1289328, 41.417417 ], [ 2.128937, 41.417448 ], [ 2.1289339, 41.4174788 ], [ 2.1289233, 41.4175082 ], [ 2.1289058, 41.4175356 ], [ 2.1288818, 41.4175601 ], [ 2.1286435, 41.4177716 ], [ 2.1285338, 41.4178774 ], [ 2.1283834, 41.4179711 ], [ 2.1280242, 41.4181681 ], [ 2.1279806, 41.4181918 ], [ 2.1279444, 41.4182217 ], [ 2.1279171, 41.4182565 ], [ 2.1279, 41.4182948 ], [ 2.1278937, 41.4183349 ], [ 2.1278968, 41.4183677 ], [ 2.1279072, 41.4183996 ], [ 2.1279246, 41.4184298 ], [ 2.1279485, 41.4184574 ], [ 2.1280667, 41.4185506 ], [ 2.1281305, 41.4186057 ], [ 2.1281484, 41.418634 ], [ 2.1281608, 41.4186639 ], [ 2.1281675, 41.4186949 ], [ 2.1281674, 41.4187355 ], [ 2.1281574, 41.4187754 ], [ 2.1281379, 41.4188132 ], [ 2.1281095, 41.4188478 ], [ 2.1279807, 41.4189676 ], [ 2.127931, 41.4190046 ], [ 2.1276603, 41.4191509 ], [ 2.1275867, 41.419142 ], [ 2.1274856, 41.4191511 ], [ 2.1274555, 41.4191538 ], [ 2.1273587, 41.4191706 ], [ 2.1272724, 41.4191953 ], [ 2.1272318, 41.419219 ], [ 2.1272022, 41.4192463 ], [ 2.1271847, 41.4192706 ], [ 2.1271795, 41.4192955 ], [ 2.1271782, 41.4193272 ], [ 2.1271924, 41.419364 ], [ 2.1272151, 41.419394 ], [ 2.1272476, 41.4194213 ], [ 2.127321, 41.4194605 ], [ 2.1274775, 41.4195163 ], [ 2.1276223, 41.4195608 ], [ 2.1277459, 41.4195866 ], [ 2.1278532, 41.419599 ], [ 2.1280296, 41.4197189 ], [ 2.1280582, 41.4197331 ], [ 2.1280914, 41.4197423 ], [ 2.128121, 41.4197472 ], [ 2.1281368, 41.4197468 ], [ 2.1281525, 41.4197464 ], [ 2.1281893, 41.4197391 ], [ 2.1282233, 41.4197247 ], [ 2.1282524, 41.4197117 ], [ 2.1282841, 41.4197026 ], [ 2.1283173, 41.4196978 ], [ 2.1283618, 41.4196981 ], [ 2.1284051, 41.419706 ], [ 2.1284575, 41.4197313 ], [ 2.128556, 41.4198018 ], [ 2.1286704, 41.4198939 ], [ 2.1287016, 41.4199138 ], [ 2.128739, 41.4199264 ], [ 2.1287795, 41.4199308 ], [ 2.128814, 41.4199278 ], [ 2.1288466, 41.4199189 ], [ 2.1288755, 41.4199046 ], [ 2.1288991, 41.4198855 ], [ 2.1289161, 41.4198629 ], [ 2.1289788, 41.4197107 ], [ 2.1289948, 41.41968 ], [ 2.1290026, 41.419665 ], [ 2.1290419, 41.4196216 ], [ 2.1290852, 41.4195879 ], [ 2.1291361, 41.4195639 ], [ 2.1291987, 41.419546 ], [ 2.1293765, 41.4195082 ], [ 2.1294273, 41.4195021 ], [ 2.1294787, 41.4195024 ], [ 2.1295363, 41.4195105 ], [ 2.1295894, 41.419528 ], [ 2.1296365, 41.4195537 ], [ 2.1296782, 41.4195827 ], [ 2.1297176, 41.4196157 ], [ 2.1299896, 41.4196033 ], [ 2.1301645, 41.4193803 ], [ 2.1302928, 41.4187552 ], [ 2.1306072, 41.4183172 ], [ 2.1306645, 41.4183106 ], [ 2.1307196, 41.4182968 ], [ 2.1308662, 41.4182594 ], [ 2.1310316, 41.4182273 ], [ 2.1311084, 41.4182209 ], [ 2.1311843, 41.4182223 ], [ 2.1312587, 41.4182307 ], [ 2.1313327, 41.4182447 ], [ 2.1314505, 41.4182714 ], [ 2.1315654, 41.4183022 ], [ 2.1316546, 41.4183356 ], [ 2.131739, 41.4183737 ], [ 2.1318995, 41.4184566 ], [ 2.1319728, 41.4185013 ], [ 2.1320202, 41.4185352 ], [ 2.1320544, 41.4185532 ], [ 2.1320868, 41.418565 ], [ 2.1321187, 41.4185741 ], [ 2.1321824, 41.4185831 ], [ 2.1322409, 41.4185844 ], [ 2.1322897, 41.4185754 ], [ 2.1323296, 41.4185613 ], [ 2.1323652, 41.4185419 ], [ 2.1325126, 41.4184424 ], [ 2.1325835, 41.4183983 ], [ 2.1326606, 41.418355 ], [ 2.1326854, 41.4183434 ], [ 2.1328114, 41.4182922 ], [ 2.1330649, 41.4182128 ], [ 2.1332181, 41.4181585 ], [ 2.13367, 41.4179984 ], [ 2.1339245, 41.4179166 ], [ 2.1341018, 41.4178327 ], [ 2.1342622, 41.4177568 ], [ 2.134697, 41.4174146 ], [ 2.1349189, 41.4172245 ], [ 2.1351629, 41.4170155 ], [ 2.1351733, 41.4170065 ], [ 2.1352358, 41.416953 ], [ 2.1352802, 41.4169145 ], [ 2.1359396, 41.4163302 ], [ 2.1360904, 41.4161921 ], [ 2.1362015, 41.416078 ], [ 2.1362875, 41.4159829 ], [ 2.1362118, 41.4159261 ], [ 2.136158, 41.4158449 ], [ 2.1361148, 41.4157556 ], [ 2.136085, 41.4156577 ], [ 2.1360714, 41.4155638 ], [ 2.1360707, 41.4155031 ], [ 2.1360757, 41.4154406 ], [ 2.1360963, 41.4153621 ], [ 2.1361236, 41.4153053 ], [ 2.1361593, 41.4152436 ], [ 2.1362031, 41.4151855 ], [ 2.1362144, 41.4151705 ], [ 2.1363268, 41.415064 ], [ 2.1367235, 41.4147194 ], [ 2.1369443, 41.4145273 ], [ 2.1369967, 41.4144836 ], [ 2.137124, 41.4143942 ], [ 2.1373992, 41.414256 ], [ 2.1376499, 41.4141433 ], [ 2.1377272, 41.4141116 ], [ 2.1377011, 41.4140459 ], [ 2.1376891, 41.4139966 ], [ 2.1376813, 41.413943 ], [ 2.1376749, 41.4139095 ], [ 2.1376868, 41.4138482 ], [ 2.1379395, 41.4128902 ], [ 2.1379586, 41.4128144 ], [ 2.1379627, 41.4127981 ], [ 2.1381425, 41.4120827 ], [ 2.138177, 41.4119457 ], [ 2.1382869, 41.4114646 ], [ 2.1382934, 41.4114348 ], [ 2.1383099, 41.4112763 ], [ 2.1381044, 41.4108213 ], [ 2.1379939, 41.4106781 ], [ 2.1379428, 41.4106335 ], [ 2.1377976, 41.4105348 ], [ 2.137773, 41.4105173 ], [ 2.1376476, 41.4104439 ], [ 2.137499, 41.4103866 ], [ 2.1372666, 41.4102907 ], [ 2.1372344, 41.410277 ], [ 2.1371213, 41.4102281 ], [ 2.1371826, 41.4101249 ], [ 2.1372018, 41.4100797 ], [ 2.1372989, 41.4098741 ], [ 2.1373071, 41.4098321 ], [ 2.1373116, 41.4098088 ], [ 2.1373119, 41.4097425 ], [ 2.1373027, 41.4096932 ], [ 2.1372992, 41.4096786 ], [ 2.1372878, 41.4096467 ], [ 2.1372634, 41.4095972 ], [ 2.1372483, 41.409548 ], [ 2.1372433, 41.4094767 ], [ 2.1373202, 41.4093303 ], [ 2.1373459, 41.4092824 ], [ 2.1377449, 41.4085273 ], [ 2.1377632, 41.4084927 ], [ 2.1377757, 41.408469 ], [ 2.137822, 41.4083849 ], [ 2.1378647, 41.4082931 ], [ 2.13792, 41.4081814 ], [ 2.1379972, 41.408042 ], [ 2.1383284, 41.4073641 ], [ 2.1383364, 41.4073477 ], [ 2.1383698, 41.4072864 ], [ 2.1384129, 41.4072018 ], [ 2.1386012, 41.4068325 ], [ 2.1390245, 41.4060021 ], [ 2.1390413, 41.4059734 ], [ 2.1390595, 41.4059401 ], [ 2.1393052, 41.4054901 ], [ 2.1393603, 41.4054033 ], [ 2.1394023, 41.4053298 ], [ 2.1394657, 41.4052482 ], [ 2.1395156, 41.4051885 ], [ 2.1395793, 41.4051287 ], [ 2.1397188, 41.4050229 ], [ 2.1401221, 41.4047614 ], [ 2.1402158, 41.4047006 ], [ 2.1403242, 41.4046357 ], [ 2.1404, 41.4045904 ], [ 2.1404305, 41.4045721 ], [ 2.1404584, 41.4045564 ], [ 2.1406648, 41.4044441 ], [ 2.1408094, 41.4043903 ], [ 2.1406116, 41.4043028 ], [ 2.1405607, 41.4042837 ], [ 2.1405067, 41.4042592 ], [ 2.140225, 41.404141 ], [ 2.140059, 41.4040681 ], [ 2.1398905, 41.4039834 ], [ 2.1396331, 41.4038571 ], [ 2.1394927, 41.403787 ], [ 2.1394558, 41.4037658 ], [ 2.1387627, 41.4033543 ], [ 2.1383715, 41.4030835 ], [ 2.1381106, 41.4028977 ], [ 2.1379369, 41.4027707 ], [ 2.1378578, 41.4026876 ], [ 2.1378147, 41.4026468 ], [ 2.1375593, 41.4023882 ], [ 2.1374587, 41.4022745 ], [ 2.137375, 41.4021822 ], [ 2.1371903, 41.4019896 ], [ 2.1371657, 41.401967 ], [ 2.1366595, 41.4015017 ], [ 2.1364617, 41.4013387 ], [ 2.1363839, 41.4012714 ], [ 2.1362116, 41.4011285 ], [ 2.1359688, 41.4009204 ], [ 2.1358146, 41.4008006 ], [ 2.1357778, 41.4007702 ], [ 2.1354699, 41.4005103 ], [ 2.1350782, 41.4001632 ], [ 2.1350367, 41.4001245 ], [ 2.134846, 41.3999475 ], [ 2.1347869, 41.3998863 ], [ 2.134368, 41.3994542 ], [ 2.1342038, 41.3993037 ], [ 2.1341252, 41.3994054 ], [ 2.1340754, 41.3994622 ], [ 2.1337705, 41.3998489 ], [ 2.1337185, 41.3999198 ], [ 2.1336694, 41.3999782 ], [ 2.1336624, 41.3999866 ], [ 2.1335327, 41.4001522 ], [ 2.1333867, 41.4003383 ], [ 2.1333719, 41.4003573 ], [ 2.1333258, 41.4004219 ], [ 2.1332866, 41.4004712 ], [ 2.1330018, 41.4008452 ], [ 2.1329873, 41.4008632 ], [ 2.1329405, 41.4009234 ], [ 2.1324847, 41.4015146 ], [ 2.1324434, 41.4015732 ], [ 2.1322597, 41.4018191 ], [ 2.1322235, 41.4018677 ], [ 2.1320933, 41.4020222 ], [ 2.1320778, 41.4020407 ], [ 2.132008, 41.4021208 ], [ 2.1319483, 41.4022159 ], [ 2.1318493, 41.4023435 ], [ 2.1315331, 41.4027484 ], [ 2.1315164, 41.4027698 ], [ 2.1314597, 41.4028454 ], [ 2.1312379, 41.40314 ], [ 2.1311068, 41.4033129 ], [ 2.1310778, 41.4033473 ], [ 2.1306593, 41.4038898 ], [ 2.1306453, 41.4039079 ], [ 2.1306119, 41.4039461 ], [ 2.1300639, 41.4046426 ], [ 2.1300311, 41.4046843 ], [ 2.1294886, 41.404396 ], [ 2.1294247, 41.404362 ], [ 2.1293652, 41.4043284 ], [ 2.1279558, 41.403532 ], [ 2.1278839, 41.4034933 ], [ 2.1277221, 41.4034061 ], [ 2.1276561, 41.4033706 ], [ 2.1268729, 41.4029516 ], [ 2.1267652, 41.4028909 ], [ 2.1258845, 41.4024167 ], [ 2.1256993, 41.402317 ], [ 2.1256236, 41.4022743 ], [ 2.1252215, 41.4020476 ], [ 2.1247206, 41.4024805 ], [ 2.1247101, 41.4026105 ], [ 2.1246811, 41.4027293 ], [ 2.1246441, 41.4028456 ], [ 2.1245744, 41.4029893 ], [ 2.1244814, 41.4031242 ], [ 2.1242747, 41.403343 ], [ 2.1236663, 41.4039254 ], [ 2.1234395, 41.4041927 ], [ 2.1232352, 41.4044711 ], [ 2.1230875, 41.4047175 ], [ 2.1229681, 41.4049813 ], [ 2.1228795, 41.4052408 ], [ 2.1228126, 41.4054997 ], [ 2.1227482, 41.4057718 ], [ 2.1228005, 41.4058415 ], [ 2.1219926, 41.4068453 ], [ 2.1219415, 41.4069066 ], [ 2.1218994, 41.4069571 ], [ 2.1221236, 41.4071149 ], [ 2.1221787, 41.4071583 ], [ 2.1222996, 41.4072476 ], [ 2.1224427, 41.4073726 ], [ 2.1225139, 41.4074417 ], [ 2.122586, 41.4075129 ], [ 2.1228549, 41.4077889 ], [ 2.1223469, 41.4082378 ], [ 2.122126, 41.4087912 ], [ 2.1219884, 41.4094055 ], [ 2.1219694, 41.4095538 ], [ 2.1219931, 41.4096697 ], [ 2.1220195, 41.4097725 ], [ 2.1220168, 41.4098252 ], [ 2.1220335, 41.4098713 ], [ 2.1220042, 41.409912 ], [ 2.1219796, 41.409943 ], [ 2.1219471, 41.4099739 ], [ 2.1219127, 41.4099916 ], [ 2.1218891, 41.4100056 ], [ 2.1218646, 41.4100204 ], [ 2.1218469, 41.4100425 ], [ 2.1218115, 41.410069 ], [ 2.121785, 41.4100956 ], [ 2.1217525, 41.4101236 ], [ 2.1217211, 41.4101464 ], [ 2.1216827, 41.4101744 ], [ 2.1216454, 41.410201 ], [ 2.121608, 41.4102231 ], [ 2.1215658, 41.4102282 ], [ 2.1215392, 41.4102371 ], [ 2.121493, 41.4102592 ], [ 2.1214557, 41.4102725 ], [ 2.1214173, 41.4102813 ], [ 2.121378, 41.4102968 ], [ 2.1213367, 41.4103219 ], [ 2.1213014, 41.4103469 ], [ 2.1212581, 41.4103786 ], [ 2.1212207, 41.410417 ], [ 2.1211706, 41.4104472 ], [ 2.1211392, 41.4104649 ], [ 2.1211175, 41.4104826 ], [ 2.1211018, 41.4105032 ], [ 2.1211008, 41.4105246 ], [ 2.1211028, 41.410543 ], [ 2.1211077, 41.4105696 ], [ 2.121093, 41.4105909 ], [ 2.1210753, 41.410605 ], [ 2.1210546, 41.4106278 ], [ 2.1210458, 41.4106566 ], [ 2.1210369, 41.4106838 ], [ 2.1210281, 41.4107177 ], [ 2.1210143, 41.4107583 ], [ 2.1209898, 41.4107981 ], [ 2.1209495, 41.4108386 ], [ 2.1209101, 41.4108748 ], [ 2.1208807, 41.4109043 ], [ 2.1208374, 41.410936 ], [ 2.120805, 41.4109581 ], [ 2.1207725, 41.410978 ], [ 2.1207371, 41.4109912 ], [ 2.1206959, 41.4110207 ], [ 2.1206369, 41.4110569 ], [ 2.1205799, 41.4110937 ], [ 2.1205543, 41.4111062 ], [ 2.120515, 41.4111239 ], [ 2.1204885, 41.4111372 ], [ 2.1204413, 41.411149 ], [ 2.120397, 41.4111608 ], [ 2.1203597, 41.4111792 ], [ 2.1203312, 41.4112013 ], [ 2.1203056, 41.4112183 ], [ 2.1202801, 41.4112316 ], [ 2.1202604, 41.4112507 ], [ 2.1202378, 41.4112677 ], [ 2.1202044, 41.4113045 ], [ 2.1201877, 41.4113348 ], [ 2.12017, 41.4113694 ], [ 2.1201602, 41.4114033 ], [ 2.1201552, 41.4114328 ], [ 2.1201523, 41.4114542 ], [ 2.1201444, 41.4114712 ], [ 2.1201208, 41.4114977 ], [ 2.1200953, 41.4115213 ], [ 2.1200717, 41.4115611 ], [ 2.120053, 41.4115994 ], [ 2.1200471, 41.4116142 ], [ 2.1200412, 41.411637 ], [ 2.1200225, 41.4116591 ], [ 2.1200068, 41.4116717 ], [ 2.1199891, 41.411693 ], [ 2.1199744, 41.4117107 ], [ 2.1199528, 41.4117225 ], [ 2.119936, 41.4117631 ], [ 2.1199164, 41.4118088 ], [ 2.1198918, 41.4118464 ], [ 2.1198594, 41.4118847 ], [ 2.1198161, 41.4119216 ], [ 2.1197798, 41.4119488 ], [ 2.1197503, 41.4119828 ], [ 2.1197306, 41.4120063 ], [ 2.1197111, 41.4120406 ], [ 2.1197003, 41.4120705 ], [ 2.1196665, 41.4121065 ], [ 2.1196315, 41.4121536 ], [ 2.1195997, 41.4121846 ], [ 2.1195767, 41.4122261 ], [ 2.1195585, 41.412263 ], [ 2.1195461, 41.4123092 ], [ 2.1195385, 41.4123498 ], [ 2.1195345, 41.4123866 ], [ 2.1195341, 41.4124866 ] ] ] } },
{ "type": "Feature", "properties": { "neighborhood": "Sant Gervasi - Galvany", "admin_level": "10" }, "geometry": { "type": "Polygon", "coordinates": [ [ [ 2.1328761, 41.3972946 ], [ 2.132878, 41.3973999 ], [ 2.132879, 41.3974579 ], [ 2.1328982, 41.3976211 ], [ 2.1329019, 41.3976582 ], [ 2.1329093, 41.397685 ], [ 2.1329312, 41.397768 ], [ 2.1329627, 41.3978577 ], [ 2.1329795, 41.3978868 ], [ 2.1330037, 41.3979229 ], [ 2.1332307, 41.3982179 ], [ 2.1333029, 41.3983177 ], [ 2.133408, 41.3984445 ], [ 2.1338276, 41.3989048 ], [ 2.1340476, 41.3991461 ], [ 2.1340682, 41.3991688 ], [ 2.1341597, 41.3992619 ], [ 2.1342038, 41.3993037 ], [ 2.134368, 41.3994542 ], [ 2.1347869, 41.3998863 ], [ 2.134846, 41.3999475 ], [ 2.1350367, 41.4001245 ], [ 2.1350782, 41.4001632 ], [ 2.1354699, 41.4005103 ], [ 2.1357778, 41.4007702 ], [ 2.1358146, 41.4008006 ], [ 2.1359688, 41.4009204 ], [ 2.1362116, 41.4011285 ], [ 2.1363839, 41.4012714 ], [ 2.1364617, 41.4013387 ], [ 2.1366595, 41.4015017 ], [ 2.1371657, 41.401967 ], [ 2.1371903, 41.4019896 ], [ 2.137375, 41.4021822 ], [ 2.1374587, 41.4022745 ], [ 2.1375593, 41.4023882 ], [ 2.1378147, 41.4026468 ], [ 2.1378578, 41.4026876 ], [ 2.1379369, 41.4027707 ], [ 2.1381106, 41.4028977 ], [ 2.1383715, 41.4030835 ], [ 2.1387627, 41.4033543 ], [ 2.1394558, 41.4037658 ], [ 2.1394927, 41.403787 ], [ 2.1396331, 41.4038571 ], [ 2.1398905, 41.4039834 ], [ 2.140059, 41.4040681 ], [ 2.140225, 41.404141 ], [ 2.1405067, 41.4042592 ], [ 2.1405607, 41.4042837 ], [ 2.1406116, 41.4043028 ], [ 2.1408094, 41.4043903 ], [ 2.1411634, 41.4042563 ], [ 2.1411965, 41.404244 ], [ 2.1413181, 41.4041996 ], [ 2.1415509, 41.4041174 ], [ 2.1418603, 41.4040011 ], [ 2.1420321, 41.4039347 ], [ 2.1421541, 41.4038767 ], [ 2.1423044, 41.4037912 ], [ 2.1424366, 41.403707 ], [ 2.1425249, 41.403647 ], [ 2.1426433, 41.4035664 ], [ 2.1428072, 41.4034554 ], [ 2.1429276, 41.4033825 ], [ 2.1430804, 41.4032911 ], [ 2.1432206, 41.4032207 ], [ 2.1433443, 41.4031658 ], [ 2.1434782, 41.4031185 ], [ 2.1437729, 41.4030301 ], [ 2.1440875, 41.4029398 ], [ 2.1441991, 41.4029092 ], [ 2.1443146, 41.4028784 ], [ 2.144339, 41.4028724 ], [ 2.1444181, 41.4028518 ], [ 2.144513, 41.4028245 ], [ 2.1447085, 41.4027551 ], [ 2.1448717, 41.402684 ], [ 2.1449592, 41.4026402 ], [ 2.1449821, 41.4026289 ], [ 2.1450236, 41.4026084 ], [ 2.1451144, 41.4025586 ], [ 2.1452263, 41.4024981 ], [ 2.1454996, 41.4023438 ], [ 2.1458232, 41.4021671 ], [ 2.1459571, 41.4020932 ], [ 2.1462039, 41.4019506 ], [ 2.1462318, 41.4019351 ], [ 2.1462586, 41.4019194 ], [ 2.146293, 41.4019006 ], [ 2.1468517, 41.4015954 ], [ 2.1469978, 41.4015155 ], [ 2.1470294, 41.4014979 ], [ 2.1471427, 41.4014364 ], [ 2.1472823, 41.4013599 ], [ 2.14732, 41.4013393 ], [ 2.1474222, 41.4012794 ], [ 2.1474593, 41.4012603 ], [ 2.1474864, 41.4012368 ], [ 2.1475989, 41.4011464 ], [ 2.1478087, 41.4011502 ], [ 2.1478847, 41.4011511 ], [ 2.1480189, 41.4011534 ], [ 2.1481182, 41.4011576 ], [ 2.1482594, 41.4011619 ], [ 2.1483762, 41.4011624 ], [ 2.1485083, 41.4011598 ], [ 2.1486376, 41.4011547 ], [ 2.1488024, 41.4011476 ], [ 2.1489537, 41.4011295 ], [ 2.1490822, 41.401114 ], [ 2.1492306, 41.4010967 ], [ 2.1493908, 41.4010709 ], [ 2.1495609, 41.4010373 ], [ 2.1497799, 41.4009877 ], [ 2.149926, 41.4009488 ], [ 2.1500335, 41.4009158 ], [ 2.1500604, 41.4009076 ], [ 2.1500687, 41.4009051 ], [ 2.1502064, 41.4008631 ], [ 2.1504329, 41.4007847 ], [ 2.1506791, 41.4006988 ], [ 2.1508373, 41.4006397 ], [ 2.1508769, 41.400622 ], [ 2.1509392, 41.400597 ], [ 2.1510218, 41.400574 ], [ 2.1510939, 41.4005731 ], [ 2.1511025, 41.4005314 ], [ 2.1511235, 41.4004639 ], [ 2.1511973, 41.4004104 ], [ 2.1512746, 41.400354 ], [ 2.1513517, 41.4002976 ], [ 2.1514712, 41.4002 ], [ 2.1515936, 41.4001047 ], [ 2.1516304, 41.4000742 ], [ 2.1517026, 41.4000359 ], [ 2.1517717, 41.399968 ], [ 2.1519906, 41.3997452 ], [ 2.1520556, 41.399679 ], [ 2.1521251, 41.3996082 ], [ 2.1521566, 41.3995761 ], [ 2.1521925, 41.3995398 ], [ 2.1522384, 41.3994937 ], [ 2.1523125, 41.3994177 ], [ 2.1524337, 41.3992933 ], [ 2.1524883, 41.3992386 ], [ 2.1527836, 41.3989397 ], [ 2.1528866, 41.3988342 ], [ 2.1529439, 41.3987778 ], [ 2.153041, 41.3986782 ], [ 2.1531514, 41.3985663 ], [ 2.1531701, 41.3985473 ], [ 2.1532431, 41.3984728 ], [ 2.1532576, 41.3983712 ], [ 2.1532965, 41.3983292 ], [ 2.1539068, 41.3977065 ], [ 2.1539276, 41.3976839 ], [ 2.1539777, 41.3976346 ], [ 2.1540233, 41.3975896 ], [ 2.15437, 41.3972381 ], [ 2.1544113, 41.3971957 ], [ 2.1544636, 41.3971425 ], [ 2.154817, 41.3967837 ], [ 2.1549054, 41.3966891 ], [ 2.1549625, 41.3966228 ], [ 2.1550777, 41.3964689 ], [ 2.1552087, 41.3962952 ], [ 2.1552337, 41.3962598 ], [ 2.1553283, 41.3961206 ], [ 2.155526, 41.3957898 ], [ 2.1555452, 41.3957576 ], [ 2.1555972, 41.395676 ], [ 2.1556053, 41.3956614 ], [ 2.155637, 41.3956076 ], [ 2.1556638, 41.395562 ], [ 2.1556097, 41.3955488 ], [ 2.1555235, 41.3955277 ], [ 2.1554885, 41.3955191 ], [ 2.1554327, 41.3955053 ], [ 2.1553217, 41.3954795 ], [ 2.1550156, 41.3953995 ], [ 2.1549764, 41.3953896 ], [ 2.154918, 41.3953749 ], [ 2.1547106, 41.3953225 ], [ 2.1545312, 41.3952766 ], [ 2.1544991, 41.3952685 ], [ 2.1532039, 41.3949402 ], [ 2.1531484, 41.3949261 ], [ 2.1530954, 41.394912 ], [ 2.1530474, 41.3948998 ], [ 2.1515715, 41.3945236 ], [ 2.1515113, 41.3945083 ], [ 2.1513026, 41.3944543 ], [ 2.1511118, 41.3944065 ], [ 2.1510815, 41.394399 ], [ 2.1509755, 41.3943729 ], [ 2.1504742, 41.3942481 ], [ 2.1504411, 41.3942399 ], [ 2.1498589, 41.394094 ], [ 2.1498079, 41.3940812 ], [ 2.1496249, 41.3940367 ], [ 2.1494187, 41.3939838 ], [ 2.1493841, 41.3939748 ], [ 2.1481776, 41.393668 ], [ 2.1481276, 41.3936553 ], [ 2.1479156, 41.3936 ], [ 2.1477231, 41.3935538 ], [ 2.1476713, 41.3935407 ], [ 2.1464255, 41.3932262 ], [ 2.1462577, 41.3931826 ], [ 2.1460772, 41.3931369 ], [ 2.1459331, 41.3931005 ], [ 2.1458119, 41.3930707 ], [ 2.1457538, 41.3930564 ], [ 2.1456004, 41.3930171 ], [ 2.1455482, 41.3930039 ], [ 2.1453337, 41.3929451 ], [ 2.1452046, 41.3929258 ], [ 2.1451608, 41.3929192 ], [ 2.1451053, 41.3929126 ], [ 2.1450581, 41.3929087 ], [ 2.1450117, 41.3929073 ], [ 2.1449218, 41.3929221 ], [ 2.1448566, 41.3928846 ], [ 2.1444956, 41.3926972 ], [ 2.1441103, 41.3924948 ], [ 2.1439136, 41.3925038 ], [ 2.1437709, 41.3925002 ], [ 2.143694, 41.3924807 ], [ 2.143662, 41.3924726 ], [ 2.1436039, 41.3924578 ], [ 2.1433677, 41.3923979 ], [ 2.1428813, 41.3922744 ], [ 2.1421647, 41.3920925 ], [ 2.1419375, 41.3920348 ], [ 2.1415136, 41.3919272 ], [ 2.1412186, 41.3918523 ], [ 2.1406307, 41.391703 ], [ 2.1400511, 41.3915559 ], [ 2.1400036, 41.3915439 ], [ 2.1397892, 41.3914894 ], [ 2.1397244, 41.391473 ], [ 2.1393629, 41.3913812 ], [ 2.1388032, 41.3912391 ], [ 2.138347, 41.3913062 ], [ 2.13831, 41.3913117 ], [ 2.1382012, 41.3913263 ], [ 2.1378859, 41.3913748 ], [ 2.1376557, 41.3914073 ], [ 2.1373707, 41.3914531 ], [ 2.1370149, 41.3915096 ], [ 2.136742, 41.3915539 ], [ 2.1366942, 41.3915601 ], [ 2.1365082, 41.391592 ], [ 2.1364065, 41.3916062 ], [ 2.1363411, 41.3916827 ], [ 2.1362748, 41.3917603 ], [ 2.1362385, 41.3918057 ], [ 2.1360249, 41.3920645 ], [ 2.1359677, 41.3921341 ], [ 2.1359481, 41.3921582 ], [ 2.1358716, 41.392253 ], [ 2.1358478, 41.3923026 ], [ 2.1358321, 41.3923371 ], [ 2.1357662, 41.3924938 ], [ 2.1355829, 41.3929156 ], [ 2.1353984, 41.3933403 ], [ 2.1352825, 41.3936018 ], [ 2.1352728, 41.3936237 ], [ 2.1352584, 41.3936562 ], [ 2.1352474, 41.3936808 ], [ 2.1351941, 41.3938112 ], [ 2.135179, 41.393844 ], [ 2.1351142, 41.3939901 ], [ 2.1349767, 41.3943065 ], [ 2.1348535, 41.3945925 ], [ 2.1348032, 41.3947055 ], [ 2.1347658, 41.3947916 ], [ 2.1346961, 41.3949486 ], [ 2.1345994, 41.3951544 ], [ 2.1345662, 41.3952025 ], [ 2.1345577, 41.3952143 ], [ 2.1345468, 41.395232 ], [ 2.1344033, 41.3954104 ], [ 2.1344033, 41.395437 ], [ 2.1343961, 41.3954632 ], [ 2.1343862, 41.3954893 ], [ 2.1343711, 41.3955132 ], [ 2.1343479, 41.395535 ], [ 2.1343294, 41.3955969 ], [ 2.134282, 41.3956778 ], [ 2.1342395, 41.3957459 ], [ 2.1338863, 41.3961071 ], [ 2.133189, 41.3968362 ], [ 2.132992, 41.397067 ], [ 2.1329662, 41.3971231 ], [ 2.1328761, 41.3972946 ] ] ] } },
{ "type": "Feature", "properties": { "neighborhood": "la Salut", "admin_level": "10" }, "geometry": { "type": "Polygon", "coordinates": [ [ [ 2.1480143, 41.4105701 ], [ 2.1480581, 41.4105927 ], [ 2.1484662, 41.4108055 ], [ 2.1489962, 41.4110781 ], [ 2.1490194, 41.4110901 ], [ 2.1490339, 41.4110982 ], [ 2.149056, 41.4111105 ], [ 2.1496263, 41.4113976 ], [ 2.1496552, 41.4114121 ], [ 2.1496825, 41.4114101 ], [ 2.1497025, 41.4114199 ], [ 2.1498515, 41.411501 ], [ 2.1499936, 41.4115779 ], [ 2.1501739, 41.4116655 ], [ 2.1502071, 41.4116712 ], [ 2.1502308, 41.4116846 ], [ 2.1501995, 41.4117201 ], [ 2.1497379, 41.4122123 ], [ 2.1496982, 41.4122519 ], [ 2.1496057, 41.4123469 ], [ 2.1491548, 41.4128387 ], [ 2.1491118, 41.4129288 ], [ 2.1492649, 41.4129584 ], [ 2.1493859, 41.4129858 ], [ 2.1496469, 41.4130181 ], [ 2.14966, 41.4130612 ], [ 2.1497633, 41.4134005 ], [ 2.1498612, 41.4137222 ], [ 2.1498761, 41.4139343 ], [ 2.1498401, 41.4141786 ], [ 2.1498097, 41.4143852 ], [ 2.1497014, 41.414591 ], [ 2.1495882, 41.414806 ], [ 2.1496162, 41.4148737 ], [ 2.1496319, 41.4149116 ], [ 2.149803, 41.4150627 ], [ 2.1498813, 41.415108 ], [ 2.1499638, 41.4151489 ], [ 2.1500476, 41.415184 ], [ 2.1501346, 41.4152146 ], [ 2.1505255, 41.4153168 ], [ 2.1506042, 41.4153315 ], [ 2.1506859, 41.4153421 ], [ 2.150985, 41.4153789 ], [ 2.1510868, 41.4154082 ], [ 2.1510922, 41.415463 ], [ 2.1511695, 41.4156622 ], [ 2.1511858, 41.4158277 ], [ 2.1511085, 41.4159533 ], [ 2.1509375, 41.4160361 ], [ 2.1507298, 41.4160912 ], [ 2.1505731, 41.4161491 ], [ 2.1505129, 41.4161845 ], [ 2.1504412, 41.4162163 ], [ 2.1503752, 41.4162279 ], [ 2.1503731, 41.4162652 ], [ 2.1503803, 41.4162912 ], [ 2.1503917, 41.416338 ], [ 2.1504916, 41.416382 ], [ 2.1506456, 41.4164186 ], [ 2.1507243, 41.416428 ], [ 2.1508317, 41.4164405 ], [ 2.1512086, 41.4165099 ], [ 2.1515494, 41.4165478 ], [ 2.1518307, 41.4165686 ], [ 2.1520619, 41.4166205 ], [ 2.1521807, 41.4166656 ], [ 2.1522773, 41.4166928 ], [ 2.1523153, 41.4167042 ], [ 2.1523509, 41.4167309 ], [ 2.1523805, 41.4166968 ], [ 2.1523276, 41.4166023 ], [ 2.1520895, 41.4163982 ], [ 2.1518873, 41.416271 ], [ 2.1518553, 41.4161781 ], [ 2.1518947, 41.4160629 ], [ 2.1519507, 41.4161462 ], [ 2.1519919, 41.4162048 ], [ 2.152265, 41.4164219 ], [ 2.1526013, 41.4166448 ], [ 2.152749, 41.4167656 ], [ 2.1527527, 41.4167649 ], [ 2.1529914, 41.4165833 ], [ 2.1530165, 41.4165662 ], [ 2.1530402, 41.4165501 ], [ 2.1531751, 41.4164582 ], [ 2.1536002, 41.4160995 ], [ 2.1536888, 41.4160096 ], [ 2.1546997, 41.4151959 ], [ 2.1547396, 41.4151648 ], [ 2.1548322, 41.4151898 ], [ 2.1551344, 41.4152181 ], [ 2.1552291, 41.4152601 ], [ 2.1552876, 41.4152068 ], [ 2.1553257, 41.4151797 ], [ 2.1553775, 41.4151526 ], [ 2.1554263, 41.4151329 ], [ 2.1554874, 41.4151127 ], [ 2.1556241, 41.4150992 ], [ 2.1557247, 41.4151042 ], [ 2.1558233, 41.4151223 ], [ 2.1558829, 41.4151404 ], [ 2.1559453, 41.4151631 ], [ 2.1560016, 41.4151917 ], [ 2.1560566, 41.4152269 ], [ 2.1561685, 41.4153036 ], [ 2.1564361, 41.4154874 ], [ 2.1566479, 41.4156297 ], [ 2.1566871, 41.4157162 ], [ 2.1567049, 41.4157554 ], [ 2.156776, 41.4158771 ], [ 2.1568192, 41.4159437 ], [ 2.1571447, 41.4164457 ], [ 2.1571796, 41.4164885 ], [ 2.1572265, 41.4165247 ], [ 2.1572534, 41.4165402 ], [ 2.1572862, 41.4165553 ], [ 2.1573325, 41.4165659 ], [ 2.1573808, 41.4165699 ], [ 2.1574558, 41.4165669 ], [ 2.1574981, 41.4165599 ], [ 2.1575369, 41.4165465 ], [ 2.1575852, 41.4165146 ], [ 2.1576201, 41.4164774 ], [ 2.1576523, 41.4164276 ], [ 2.1577167, 41.4163054 ], [ 2.1577602, 41.4162099 ], [ 2.1578226, 41.4160721 ], [ 2.1578574, 41.4159832 ], [ 2.1578816, 41.4159213 ], [ 2.1579835, 41.4157478 ], [ 2.1581022, 41.4155588 ], [ 2.1582121, 41.4154034 ], [ 2.1583382, 41.41524 ], [ 2.1584347, 41.4151314 ], [ 2.1584637, 41.4150981 ], [ 2.1585675, 41.4149785 ], [ 2.1586446, 41.4148991 ], [ 2.1586664, 41.4148764 ], [ 2.1587056, 41.4148357 ], [ 2.158843, 41.4147075 ], [ 2.158932, 41.4146468 ], [ 2.1589804, 41.4146103 ], [ 2.1591464, 41.4144742 ], [ 2.1592046, 41.4144354 ], [ 2.1592477, 41.4144078 ], [ 2.1593258, 41.4143652 ], [ 2.1595234, 41.4142425 ], [ 2.1596342, 41.4141842 ], [ 2.1597509, 41.4141277 ], [ 2.1598635, 41.4140762 ], [ 2.1599967, 41.4140191 ], [ 2.160207, 41.4139411 ], [ 2.160318, 41.4139115 ], [ 2.1603888, 41.4138954 ], [ 2.1604571, 41.4138966 ], [ 2.1605159, 41.4139027 ], [ 2.160564, 41.4139114 ], [ 2.1606387, 41.4139413 ], [ 2.1607136, 41.413973 ], [ 2.1607666, 41.4139984 ], [ 2.1608207, 41.4140207 ], [ 2.1609702, 41.4140839 ], [ 2.1610506, 41.4141025 ], [ 2.1610895, 41.4141047 ], [ 2.1611163, 41.4141019 ], [ 2.1611635, 41.4140961 ], [ 2.1613063, 41.4140192 ], [ 2.161368, 41.4139664 ], [ 2.1613895, 41.4139282 ], [ 2.1614242, 41.4138526 ], [ 2.1614363, 41.413828 ], [ 2.1614628, 41.4137347 ], [ 2.1613207, 41.4136296 ], [ 2.1612419, 41.4135782 ], [ 2.1612988, 41.4135116 ], [ 2.1616014, 41.413156 ], [ 2.161919, 41.412787 ], [ 2.1619481, 41.4127532 ], [ 2.1620127, 41.4126842 ], [ 2.1620409, 41.4126536 ], [ 2.1619531, 41.412613 ], [ 2.1619032, 41.4125866 ], [ 2.1618383, 41.4125522 ], [ 2.161766, 41.4125097 ], [ 2.1616088, 41.41242 ], [ 2.1614728, 41.4123419 ], [ 2.1613981, 41.4123006 ], [ 2.1613184, 41.4122565 ], [ 2.1605764, 41.4118461 ], [ 2.1605093, 41.411809 ], [ 2.1604141, 41.41176 ], [ 2.1603704, 41.4117375 ], [ 2.1600576, 41.4115764 ], [ 2.1598106, 41.4114494 ], [ 2.1594819, 41.4112804 ], [ 2.1594478, 41.4112623 ], [ 2.1592916, 41.4111803 ], [ 2.1592447, 41.4111535 ], [ 2.1591976, 41.4111332 ], [ 2.1591654, 41.4111169 ], [ 2.1591119, 41.4110905 ], [ 2.1582457, 41.4106637 ], [ 2.1581486, 41.4106157 ], [ 2.158086, 41.4105848 ], [ 2.1580492, 41.4105666 ], [ 2.1575154, 41.4103015 ], [ 2.1566704, 41.4098514 ], [ 2.1566279, 41.4098287 ], [ 2.1565974, 41.4098145 ], [ 2.1565778, 41.4098021 ], [ 2.1561697, 41.4095858 ], [ 2.1561166, 41.4095593 ], [ 2.1556642, 41.4093123 ], [ 2.1556252, 41.4092917 ], [ 2.1555767, 41.4092667 ], [ 2.1542474, 41.408582 ], [ 2.1542195, 41.4085676 ], [ 2.1538536, 41.4089587 ], [ 2.1538409, 41.4089723 ], [ 2.1538045, 41.4090097 ], [ 2.1536906, 41.4089701 ], [ 2.1536392, 41.4089535 ], [ 2.1535538, 41.4089258 ], [ 2.1524593, 41.4085411 ], [ 2.1523166, 41.4084895 ], [ 2.1521964, 41.4084469 ], [ 2.1521507, 41.408431 ], [ 2.1521324, 41.4084246 ], [ 2.1517073, 41.4082637 ], [ 2.1512645, 41.4080844 ], [ 2.1510316, 41.4079704 ], [ 2.1509413, 41.4078674 ], [ 2.1508648, 41.4077678 ], [ 2.1508002, 41.4078296 ], [ 2.1507279, 41.4078962 ], [ 2.1506771, 41.4079449 ], [ 2.1506429, 41.4079789 ], [ 2.1506226, 41.4079975 ], [ 2.1505231, 41.4080889 ], [ 2.1502471, 41.4083425 ], [ 2.1501927, 41.4083925 ], [ 2.1501272, 41.4084529 ], [ 2.1500899, 41.4084914 ], [ 2.150063, 41.4085192 ], [ 2.1500095, 41.4085888 ], [ 2.1490304, 41.4095602 ], [ 2.1489809, 41.4096071 ], [ 2.1484298, 41.4101525 ], [ 2.1482841, 41.4102941 ], [ 2.1481127, 41.4104691 ], [ 2.1480466, 41.4105368 ], [ 2.1480143, 41.4105701 ] ] ] } },
{ "type": "Feature", "properties": { "neighborhood": "el Camp d'en Grassot i Gràcia Nova", "admin_level": "10" }, "geometry": { "type": "Polygon", "coordinates": [ [ [ 2.1581486, 41.4106157 ], [ 2.1582457, 41.4106637 ], [ 2.1591119, 41.4110905 ], [ 2.1591654, 41.4111169 ], [ 2.1591976, 41.4111332 ], [ 2.1592447, 41.4111535 ], [ 2.1592916, 41.4111803 ], [ 2.1594478, 41.4112623 ], [ 2.1594819, 41.4112804 ], [ 2.1598106, 41.4114494 ], [ 2.1600576, 41.4115764 ], [ 2.1603704, 41.4117375 ], [ 2.1604141, 41.41176 ], [ 2.1605093, 41.411809 ], [ 2.1605764, 41.4118461 ], [ 2.1613184, 41.4122565 ], [ 2.1613981, 41.4123006 ], [ 2.1614728, 41.4123419 ], [ 2.1616088, 41.41242 ], [ 2.161766, 41.4125097 ], [ 2.1618383, 41.4125522 ], [ 2.1619032, 41.4125866 ], [ 2.1619531, 41.412613 ], [ 2.1620409, 41.4126536 ], [ 2.1621085, 41.4125793 ], [ 2.1621727, 41.4125065 ], [ 2.1622372, 41.4124343 ], [ 2.1622634, 41.4124049 ], [ 2.1623442, 41.4123049 ], [ 2.1623978, 41.4122384 ], [ 2.162414, 41.4122132 ], [ 2.1628922, 41.4116519 ], [ 2.1631946, 41.4112981 ], [ 2.1635605, 41.4108701 ], [ 2.163705, 41.4107035 ], [ 2.1637642, 41.4106463 ], [ 2.1637931, 41.4106182 ], [ 2.1638125, 41.4105994 ], [ 2.1638382, 41.4105746 ], [ 2.1639165, 41.4105021 ], [ 2.1641031, 41.4103668 ], [ 2.1641459, 41.4103319 ], [ 2.1642813, 41.4102356 ], [ 2.1643321, 41.4101965 ], [ 2.1644535, 41.4101098 ], [ 2.1650884, 41.4096236 ], [ 2.1651478, 41.4095786 ], [ 2.1652355, 41.4095164 ], [ 2.1657801, 41.4091067 ], [ 2.1658125, 41.4090824 ], [ 2.1658678, 41.4090409 ], [ 2.1659312, 41.4089932 ], [ 2.1659491, 41.4089797 ], [ 2.1664852, 41.4085761 ], [ 2.1671273, 41.4080935 ], [ 2.1675601, 41.4077682 ], [ 2.1675772, 41.4077553 ], [ 2.1677461, 41.4076276 ], [ 2.1677978, 41.4075882 ], [ 2.1680077, 41.4074299 ], [ 2.168433, 41.407109 ], [ 2.1684668, 41.407084 ], [ 2.1686751, 41.4069301 ], [ 2.1688492, 41.4067982 ], [ 2.168871, 41.4067817 ], [ 2.1695363, 41.4062764 ], [ 2.169571, 41.4062503 ], [ 2.1697697, 41.4061008 ], [ 2.1698152, 41.4060666 ], [ 2.1699746, 41.4059432 ], [ 2.1700176, 41.4059108 ], [ 2.1704587, 41.4055792 ], [ 2.1706261, 41.405445 ], [ 2.1706373, 41.4054362 ], [ 2.170648, 41.4054278 ], [ 2.1706773, 41.4054065 ], [ 2.1709113, 41.4052311 ], [ 2.1710791, 41.405108 ], [ 2.1711227, 41.4050751 ], [ 2.1718069, 41.4045575 ], [ 2.1718291, 41.4045406 ], [ 2.1720527, 41.4043697 ], [ 2.1718373, 41.404212 ], [ 2.1718181, 41.4041966 ], [ 2.1710994, 41.4036672 ], [ 2.170901, 41.4035224 ], [ 2.1707053, 41.403373 ], [ 2.1706842, 41.4033573 ], [ 2.1705636, 41.4032682 ], [ 2.1702867, 41.4030634 ], [ 2.1702371, 41.4030251 ], [ 2.1699869, 41.402834 ], [ 2.1698077, 41.4026916 ], [ 2.1697614, 41.4026545 ], [ 2.1695767, 41.4025118 ], [ 2.1695608, 41.4024994 ], [ 2.1692472, 41.4022583 ], [ 2.168865, 41.4019727 ], [ 2.1686726, 41.4018319 ], [ 2.1684664, 41.4016768 ], [ 2.1684477, 41.4016632 ], [ 2.1678664, 41.4012273 ], [ 2.1676784, 41.4010843 ], [ 2.1676523, 41.4010649 ], [ 2.1675128, 41.4009612 ], [ 2.1674667, 41.4009269 ], [ 2.1673755, 41.4008591 ], [ 2.1673388, 41.4008318 ], [ 2.1671193, 41.4010125 ], [ 2.1670917, 41.4010316 ], [ 2.1666998, 41.4013319 ], [ 2.1665045, 41.4014792 ], [ 2.166257, 41.4016643 ], [ 2.166154, 41.4017435 ], [ 2.1661242, 41.4016911 ], [ 2.1661061, 41.4016659 ], [ 2.1660673, 41.4016148 ], [ 2.166014, 41.4015758 ], [ 2.1659186, 41.4015051 ], [ 2.1657216, 41.4013534 ], [ 2.1654925, 41.4011756 ], [ 2.1654582, 41.4011499 ], [ 2.1652342, 41.4009816 ], [ 2.165026, 41.4011365 ], [ 2.1649837, 41.401168 ], [ 2.1646472, 41.4014177 ], [ 2.1644874, 41.4015404 ], [ 2.1643534, 41.4016479 ], [ 2.1641679, 41.4017967 ], [ 2.1641153, 41.4018337 ], [ 2.1639684, 41.4019377 ], [ 2.1639236, 41.4019712 ], [ 2.1638646, 41.4020172 ], [ 2.1636812, 41.4021604 ], [ 2.1634267, 41.4023597 ], [ 2.1630123, 41.4026883 ], [ 2.162775, 41.4028735 ], [ 2.1627425, 41.4028989 ], [ 2.1618509, 41.4035946 ], [ 2.1616694, 41.4037362 ], [ 2.1617281, 41.4037739 ], [ 2.1617628, 41.4037962 ], [ 2.1618053, 41.4038235 ], [ 2.1618788, 41.4038706 ], [ 2.161903, 41.4038862 ], [ 2.1619053, 41.4038877 ], [ 2.1619228, 41.403899 ], [ 2.1622613, 41.4041165 ], [ 2.1624119, 41.4042137 ], [ 2.1624435, 41.4042312 ], [ 2.1626884, 41.4043902 ], [ 2.1627066, 41.4044012 ], [ 2.1628496, 41.4044938 ], [ 2.1629853, 41.4045816 ], [ 2.1630283, 41.4046076 ], [ 2.1632173, 41.4047284 ], [ 2.163238, 41.4047416 ], [ 2.1632765, 41.4047645 ], [ 2.1635385, 41.4049197 ], [ 2.1635203, 41.4049361 ], [ 2.1634967, 41.4049595 ], [ 2.1634711, 41.4049851 ], [ 2.1634422, 41.4050149 ], [ 2.1633978, 41.4050602 ], [ 2.1631791, 41.4052886 ], [ 2.1631674, 41.4053064 ], [ 2.163125, 41.4053521 ], [ 2.1630659, 41.4054203 ], [ 2.1630275, 41.4054601 ], [ 2.1630031, 41.4054867 ], [ 2.162974, 41.4055185 ], [ 2.162752, 41.4057589 ], [ 2.1627338, 41.4057796 ], [ 2.1627047, 41.4058122 ], [ 2.1626926, 41.4058245 ], [ 2.1626522, 41.4058779 ], [ 2.1626047, 41.4059278 ], [ 2.1625612, 41.4059734 ], [ 2.162463, 41.4060765 ], [ 2.1623865, 41.4061572 ], [ 2.1623349, 41.4062115 ], [ 2.1620538, 41.4065099 ], [ 2.1620134, 41.4065621 ], [ 2.1619357, 41.4066338 ], [ 2.1614207, 41.4071721 ], [ 2.1613737, 41.4072222 ], [ 2.1613, 41.4073158 ], [ 2.1608575, 41.4077654 ], [ 2.1607229, 41.4079073 ], [ 2.1606224, 41.4080129 ], [ 2.1605206, 41.4081199 ], [ 2.1604498, 41.4081943 ], [ 2.1602325, 41.408423 ], [ 2.1602172, 41.4084391 ], [ 2.1601483, 41.4085116 ], [ 2.1600843, 41.4085789 ], [ 2.1597675, 41.4089124 ], [ 2.1596336, 41.4090646 ], [ 2.159576, 41.4091313 ], [ 2.1591289, 41.4095842 ], [ 2.1590879, 41.4096274 ], [ 2.1590267, 41.409693 ], [ 2.1589571, 41.4097678 ], [ 2.158865, 41.4098629 ], [ 2.1588183, 41.4099111 ], [ 2.1587597, 41.4099728 ], [ 2.1582791, 41.4104785 ], [ 2.1582547, 41.4105041 ], [ 2.1581486, 41.4106157 ] ] ] } },
{ "type": "Feature", "properties": { "neighborhood": "el Baix Guinardó", "admin_level": "10" }, "geometry": { "type": "Polygon", "coordinates": [ [ [ 2.1612419, 41.4135782 ], [ 2.1613207, 41.4136296 ], [ 2.1614628, 41.4137347 ], [ 2.1616732, 41.4138269 ], [ 2.1616978, 41.4138377 ], [ 2.1621002, 41.414014 ], [ 2.1623599, 41.4141083 ], [ 2.1628342, 41.4142772 ], [ 2.1629271, 41.4143103 ], [ 2.1630592, 41.414351 ], [ 2.1630915, 41.414361 ], [ 2.1633543, 41.414442 ], [ 2.1637055, 41.4145336 ], [ 2.1640094, 41.4145982 ], [ 2.1642613, 41.4146462 ], [ 2.1644423, 41.4146773 ], [ 2.1649089, 41.4147575 ], [ 2.1649357, 41.4147622 ], [ 2.1653452, 41.4148158 ], [ 2.1655939, 41.4148429 ], [ 2.1657755, 41.4148636 ], [ 2.1658165, 41.4148676 ], [ 2.1658917, 41.414892 ], [ 2.1660311, 41.415023 ], [ 2.1661224, 41.4150817 ], [ 2.1661852, 41.4151121 ], [ 2.1662106, 41.4151216 ], [ 2.1663151, 41.4151631 ], [ 2.16639, 41.4151837 ], [ 2.1664606, 41.4152031 ], [ 2.1665561, 41.4152173 ], [ 2.1666933, 41.4152242 ], [ 2.1667351, 41.4152399 ], [ 2.1668212, 41.4152683 ], [ 2.1668995, 41.4152992 ], [ 2.1669778, 41.4153367 ], [ 2.1670281, 41.4153588 ], [ 2.1671873, 41.4154287 ], [ 2.167279, 41.4154416 ], [ 2.1673722, 41.4154839 ], [ 2.1674047, 41.4154998 ], [ 2.1674487, 41.4155187 ], [ 2.1675972, 41.4155816 ], [ 2.1676175, 41.4155914 ], [ 2.1676539, 41.4156029 ], [ 2.1678743, 41.415692 ], [ 2.1679715, 41.4157244 ], [ 2.1680731, 41.4157455 ], [ 2.1681919, 41.4157552 ], [ 2.1683269, 41.4157479 ], [ 2.1684322, 41.4157331 ], [ 2.168745, 41.4156872 ], [ 2.1688984, 41.4156669 ], [ 2.1691209, 41.4156451 ], [ 2.1691919, 41.4156384 ], [ 2.1693826, 41.4156219 ], [ 2.1693587, 41.4155289 ], [ 2.1693512, 41.4154663 ], [ 2.1693467, 41.4154373 ], [ 2.1693327, 41.4153485 ], [ 2.1693392, 41.4152003 ], [ 2.1693791, 41.4150464 ], [ 2.1694515, 41.4149078 ], [ 2.1695804, 41.414791 ], [ 2.1696002, 41.4147741 ], [ 2.1697983, 41.4146291 ], [ 2.1698094, 41.4146208 ], [ 2.1700987, 41.4144045 ], [ 2.1704965, 41.4141034 ], [ 2.1705156, 41.414088 ], [ 2.1706352, 41.4139963 ], [ 2.170715, 41.4139362 ], [ 2.1708079, 41.413868 ], [ 2.1708575, 41.4138297 ], [ 2.1709467, 41.413763 ], [ 2.1710186, 41.4137081 ], [ 2.1710578, 41.413676 ], [ 2.17126, 41.4135186 ], [ 2.1713445, 41.4134545 ], [ 2.1713624, 41.413438 ], [ 2.1714336, 41.4133841 ], [ 2.1718576, 41.4130601 ], [ 2.1721267, 41.4128593 ], [ 2.1724277, 41.4126312 ], [ 2.1725318, 41.412547 ], [ 2.1725831, 41.4125087 ], [ 2.1730192, 41.4121752 ], [ 2.173268, 41.4119858 ], [ 2.1734597, 41.4118394 ], [ 2.1737135, 41.4116485 ], [ 2.1738377, 41.4115501 ], [ 2.1739342, 41.4114824 ], [ 2.1741113, 41.411348 ], [ 2.1741573, 41.4113127 ], [ 2.1743418, 41.4111937 ], [ 2.1742534, 41.4111291 ], [ 2.1740232, 41.41096 ], [ 2.1738299, 41.4108143 ], [ 2.1734767, 41.4105454 ], [ 2.1734463, 41.4105228 ], [ 2.1732768, 41.4103925 ], [ 2.1732395, 41.4103634 ], [ 2.1730119, 41.4101924 ], [ 2.1726395, 41.4099121 ], [ 2.1724231, 41.4097492 ], [ 2.1723923, 41.409726 ], [ 2.1723732, 41.4097116 ], [ 2.1723244, 41.4096748 ], [ 2.1722982, 41.409655 ], [ 2.1721309, 41.409531 ], [ 2.1719078, 41.4093645 ], [ 2.1718791, 41.4093434 ], [ 2.1713998, 41.4089904 ], [ 2.171233, 41.4088675 ], [ 2.1712107, 41.408851 ], [ 2.1710223, 41.4087147 ], [ 2.1707959, 41.4085391 ], [ 2.1707822, 41.4085289 ], [ 2.1703928, 41.4082388 ], [ 2.1702336, 41.4081145 ], [ 2.1701999, 41.4080882 ], [ 2.1699549, 41.4078969 ], [ 2.1699226, 41.4078725 ], [ 2.1697886, 41.4077709 ], [ 2.1697709, 41.4077575 ], [ 2.1689019, 41.4070992 ], [ 2.168867, 41.4070732 ], [ 2.1686938, 41.4069443 ], [ 2.1686751, 41.4069301 ], [ 2.1684668, 41.407084 ], [ 2.168433, 41.407109 ], [ 2.1680077, 41.4074299 ], [ 2.1677978, 41.4075882 ], [ 2.1677461, 41.4076276 ], [ 2.1675772, 41.4077553 ], [ 2.1675601, 41.4077682 ], [ 2.1671273, 41.4080935 ], [ 2.1664852, 41.4085761 ], [ 2.1659491, 41.4089797 ], [ 2.1659312, 41.4089932 ], [ 2.1658678, 41.4090409 ], [ 2.1658125, 41.4090824 ], [ 2.1657801, 41.4091067 ], [ 2.1652355, 41.4095164 ], [ 2.1651478, 41.4095786 ], [ 2.1650884, 41.4096236 ], [ 2.1644535, 41.4101098 ], [ 2.1643321, 41.4101965 ], [ 2.1642813, 41.4102356 ], [ 2.1641459, 41.4103319 ], [ 2.1641031, 41.4103668 ], [ 2.1639165, 41.4105021 ], [ 2.1638382, 41.4105746 ], [ 2.1638125, 41.4105994 ], [ 2.1637931, 41.4106182 ], [ 2.1637642, 41.4106463 ], [ 2.163705, 41.4107035 ], [ 2.1635605, 41.4108701 ], [ 2.1631946, 41.4112981 ], [ 2.1628922, 41.4116519 ], [ 2.162414, 41.4122132 ], [ 2.1623978, 41.4122384 ], [ 2.1623442, 41.4123049 ], [ 2.1622634, 41.4124049 ], [ 2.1622372, 41.4124343 ], [ 2.1621727, 41.4125065 ], [ 2.1621085, 41.4125793 ], [ 2.1620409, 41.4126536 ], [ 2.1620127, 41.4126842 ], [ 2.1619481, 41.4127532 ], [ 2.161919, 41.412787 ], [ 2.1616014, 41.413156 ], [ 2.1612988, 41.4135116 ], [ 2.1612419, 41.4135782 ] ] ] } },
{ "type": "Feature", "properties": { "neighborhood": "Can Baró", "admin_level": "10" }, "geometry": { "type": "Polygon", "coordinates": [ [ [ 2.1552064, 41.4156086 ], [ 2.1552372, 41.4156504 ], [ 2.1553023, 41.4157006 ], [ 2.1556288, 41.4158283 ], [ 2.1556911, 41.4158505 ], [ 2.1558166, 41.4158952 ], [ 2.1559922, 41.415966 ], [ 2.1560566, 41.4160022 ], [ 2.1561196, 41.416049 ], [ 2.1561659, 41.4161008 ], [ 2.1562081, 41.4161586 ], [ 2.1563874, 41.4164496 ], [ 2.1564334, 41.4165242 ], [ 2.1565173, 41.4166801 ], [ 2.1565282, 41.4167219 ], [ 2.1565355, 41.4167656 ], [ 2.1565392, 41.4168057 ], [ 2.1565334, 41.4168783 ], [ 2.1565226, 41.4169304 ], [ 2.1565038, 41.4169822 ], [ 2.1564908, 41.4170116 ], [ 2.1564421, 41.4171094 ], [ 2.1563804, 41.4172231 ], [ 2.1563717, 41.4172864 ], [ 2.1563663, 41.4173482 ], [ 2.1563757, 41.417403 ], [ 2.1563978, 41.4174619 ], [ 2.1564367, 41.4175242 ], [ 2.1564837, 41.417579 ], [ 2.1565474, 41.4176258 ], [ 2.156605, 41.4176595 ], [ 2.1566674, 41.4176881 ], [ 2.1567773, 41.4177286 ], [ 2.1569, 41.4177696 ], [ 2.1569834, 41.4177947 ], [ 2.1570529, 41.4178098 ], [ 2.1571227, 41.4178168 ], [ 2.1571917, 41.4178163 ], [ 2.1572607, 41.4178083 ], [ 2.1573258, 41.4177927 ], [ 2.1573881, 41.4177711 ], [ 2.1574538, 41.4177409 ], [ 2.1576436, 41.4176077 ], [ 2.1581484, 41.4172351 ], [ 2.1584032, 41.4170461 ], [ 2.158534, 41.416949 ], [ 2.158597, 41.4168962 ], [ 2.1586332, 41.416851 ], [ 2.1586704, 41.4167892 ], [ 2.1586859, 41.416763 ], [ 2.1587009, 41.4167383 ], [ 2.1587619, 41.4166227 ], [ 2.1587934, 41.4165785 ], [ 2.158834, 41.416543 ], [ 2.1588947, 41.4165161 ], [ 2.1589604, 41.416504 ], [ 2.15901, 41.416502 ], [ 2.159063, 41.4165201 ], [ 2.1591072, 41.4165433 ], [ 2.1591387, 41.4165724 ], [ 2.1591622, 41.4166016 ], [ 2.1591769, 41.4166418 ], [ 2.1591743, 41.4166785 ], [ 2.1591642, 41.4167102 ], [ 2.1591449, 41.4167465 ], [ 2.1590873, 41.4167878 ], [ 2.1590215, 41.4168164 ], [ 2.1588947, 41.4168615 ], [ 2.1588385, 41.4168848 ], [ 2.1587552, 41.4169259 ], [ 2.1588196, 41.4169941 ], [ 2.1588437, 41.4170171 ], [ 2.1594544, 41.4176118 ], [ 2.1595413, 41.4176838 ], [ 2.1596811, 41.4177625 ], [ 2.1598347, 41.4178084 ], [ 2.1599162, 41.4178169 ], [ 2.159986, 41.4178161 ], [ 2.1600639, 41.4178119 ], [ 2.1601367, 41.4177994 ], [ 2.1602114, 41.4177768 ], [ 2.1603907, 41.4176963 ], [ 2.1607912, 41.417507 ], [ 2.1608747, 41.4174695 ], [ 2.1609347, 41.4174469 ], [ 2.1609805, 41.4174312 ], [ 2.1610303, 41.4174221 ], [ 2.1611314, 41.4174267 ], [ 2.1611977, 41.4174418 ], [ 2.1614105, 41.4175331 ], [ 2.160811, 41.41825 ], [ 2.1608747, 41.4182612 ], [ 2.1609486, 41.4182483 ], [ 2.1610391, 41.4182457 ], [ 2.1611118, 41.4182581 ], [ 2.1611957, 41.4182831 ], [ 2.1612208, 41.418317 ], [ 2.1612214, 41.4183645 ], [ 2.1612565, 41.4184231 ], [ 2.1612797, 41.4184674 ], [ 2.1613179, 41.4185269 ], [ 2.161334, 41.4185968 ], [ 2.1613694, 41.4186544 ], [ 2.1614168, 41.4187031 ], [ 2.1614871, 41.4187784 ], [ 2.1615732, 41.4188369 ], [ 2.1616315, 41.4188865 ], [ 2.161682, 41.4189339 ], [ 2.1616013, 41.4189347 ], [ 2.1614966, 41.4189502 ], [ 2.161401, 41.4189249 ], [ 2.1612942, 41.4189237 ], [ 2.1612918, 41.4189364 ], [ 2.1612798, 41.4190005 ], [ 2.1613332, 41.4190419 ], [ 2.1613544, 41.4191361 ], [ 2.161945, 41.4194242 ], [ 2.1622873, 41.4195787 ], [ 2.1623819, 41.419885 ], [ 2.1621367, 41.4199521 ], [ 2.1620233, 41.4199414 ], [ 2.1618855, 41.4199188 ], [ 2.161749, 41.4199069 ], [ 2.1617246, 41.4199048 ], [ 2.1616656, 41.4199068 ], [ 2.1616281, 41.419943 ], [ 2.1616629, 41.4199832 ], [ 2.1617997, 41.4200315 ], [ 2.1619338, 41.4200657 ], [ 2.1620358, 41.4200878 ], [ 2.1622209, 41.4201226 ], [ 2.1623647, 41.4201167 ], [ 2.1630519, 41.4199203 ], [ 2.1631299, 41.4199096 ], [ 2.1632168, 41.4199045 ], [ 2.1637829, 41.4199713 ], [ 2.1638647, 41.4199758 ], [ 2.1643804, 41.4200043 ], [ 2.1647859, 41.4200054 ], [ 2.1651441, 41.4200381 ], [ 2.1651988, 41.4200525 ], [ 2.1652616, 41.4200752 ], [ 2.1653109, 41.4201049 ], [ 2.1654384, 41.4201489 ], [ 2.1655033, 41.4201323 ], [ 2.1656384, 41.420149 ], [ 2.1656624, 41.4201523 ], [ 2.1658024, 41.4201717 ], [ 2.1660093, 41.4201752 ], [ 2.1660841, 41.4201403 ], [ 2.1661277, 41.4200962 ], [ 2.1661717, 41.4200013 ], [ 2.1661786, 41.4199865 ], [ 2.1661417, 41.4198227 ], [ 2.1660502, 41.4195126 ], [ 2.1659457, 41.4193558 ], [ 2.1658534, 41.4192681 ], [ 2.1657281, 41.4191879 ], [ 2.1656012, 41.419141 ], [ 2.165566, 41.419128 ], [ 2.165382, 41.4191354 ], [ 2.1653482, 41.4191358 ], [ 2.1651337, 41.4191383 ], [ 2.1650949, 41.4191022 ], [ 2.1650804, 41.4190887 ], [ 2.165053, 41.4190452 ], [ 2.1650395, 41.4189977 ], [ 2.1649644, 41.4188315 ], [ 2.1649057, 41.4187932 ], [ 2.1648665, 41.4187484 ], [ 2.1649316, 41.4186717 ], [ 2.1650433, 41.418586 ], [ 2.1651688, 41.4184897 ], [ 2.165237, 41.4184425 ], [ 2.1653206, 41.4183907 ], [ 2.1655256, 41.418363 ], [ 2.1657831, 41.4184072 ], [ 2.1659628, 41.4184093 ], [ 2.1661739, 41.4183824 ], [ 2.1662347, 41.4183653 ], [ 2.1662954, 41.4183473 ], [ 2.1663902, 41.4183283 ], [ 2.1664136, 41.4183226 ], [ 2.1664738, 41.4183004 ], [ 2.1664634, 41.4182304 ], [ 2.1664474, 41.4182261 ], [ 2.1664291, 41.418225 ], [ 2.166161, 41.4182328 ], [ 2.1660218, 41.4182101 ], [ 2.1659547, 41.418172 ], [ 2.1659477, 41.4181149 ], [ 2.1661429, 41.4179898 ], [ 2.1663275, 41.4178883 ], [ 2.1664935, 41.4178163 ], [ 2.1667304, 41.4178281 ], [ 2.1668647, 41.4178782 ], [ 2.1669224, 41.4179954 ], [ 2.1669605, 41.4181206 ], [ 2.166935, 41.4184344 ], [ 2.1670142, 41.418536 ], [ 2.1671296, 41.4185682 ], [ 2.1673776, 41.4185571 ], [ 2.1677505, 41.418549 ], [ 2.1679077, 41.4186744 ], [ 2.1679439, 41.4187367 ], [ 2.167956, 41.4187966 ], [ 2.1680398, 41.4188187 ], [ 2.1681525, 41.4188448 ], [ 2.1682524, 41.4188554 ], [ 2.16832, 41.4188758 ], [ 2.1684542, 41.4189162 ], [ 2.1685099, 41.4189288 ], [ 2.1685669, 41.4189338 ], [ 2.1686306, 41.4189268 ], [ 2.168794, 41.4188946 ], [ 2.1687318, 41.4188056 ], [ 2.1686614, 41.4188192 ], [ 2.1685964, 41.4188282 ], [ 2.1685266, 41.4188172 ], [ 2.1684616, 41.4187981 ], [ 2.1684167, 41.418779 ], [ 2.16838, 41.4187555 ], [ 2.1683174, 41.4186939 ], [ 2.1681205, 41.4184153 ], [ 2.1680851, 41.4183737 ], [ 2.1680633, 41.418357 ], [ 2.1680379, 41.4183374 ], [ 2.1679954, 41.4183161 ], [ 2.1679222, 41.4183002 ], [ 2.1678537, 41.4182825 ], [ 2.1677652, 41.4182515 ], [ 2.1676984, 41.4182133 ], [ 2.1676566, 41.418171 ], [ 2.1676412, 41.4181444 ], [ 2.1676298, 41.4181144 ], [ 2.1676235, 41.41807 ], [ 2.1676212, 41.4180231 ], [ 2.16762, 41.4179302 ], [ 2.1676223, 41.4178177 ], [ 2.1676153, 41.4177602 ], [ 2.1675834, 41.4177009 ], [ 2.1675444, 41.4176566 ], [ 2.1673544, 41.4175052 ], [ 2.1671619, 41.4173609 ], [ 2.1669789, 41.4172184 ], [ 2.1667806, 41.4170723 ], [ 2.1664725, 41.4168996 ], [ 2.1662289, 41.4167703 ], [ 2.1660923, 41.4166978 ], [ 2.1661744, 41.4166048 ], [ 2.1662607, 41.4165204 ], [ 2.1664238, 41.4163476 ], [ 2.1669767, 41.4157617 ], [ 2.1671334, 41.4155958 ], [ 2.1671648, 41.4155626 ], [ 2.1671925, 41.4155332 ], [ 2.167279, 41.4154416 ], [ 2.1671873, 41.4154287 ], [ 2.1670281, 41.4153588 ], [ 2.1669778, 41.4153367 ], [ 2.1668995, 41.4152992 ], [ 2.1668212, 41.4152683 ], [ 2.1667351, 41.4152399 ], [ 2.1666933, 41.4152242 ], [ 2.1665561, 41.4152173 ], [ 2.1664606, 41.4152031 ], [ 2.16639, 41.4151837 ], [ 2.1663151, 41.4151631 ], [ 2.1662106, 41.4151216 ], [ 2.1661852, 41.4151121 ], [ 2.1661224, 41.4150817 ], [ 2.1660311, 41.415023 ], [ 2.1658917, 41.414892 ], [ 2.1658165, 41.4148676 ], [ 2.1657755, 41.4148636 ], [ 2.1655939, 41.4148429 ], [ 2.1653452, 41.4148158 ], [ 2.1649357, 41.4147622 ], [ 2.1649089, 41.4147575 ], [ 2.1644423, 41.4146773 ], [ 2.1642613, 41.4146462 ], [ 2.1640094, 41.4145982 ], [ 2.1637055, 41.4145336 ], [ 2.1633543, 41.414442 ], [ 2.1630915, 41.414361 ], [ 2.1630592, 41.414351 ], [ 2.1629271, 41.4143103 ], [ 2.1628342, 41.4142772 ], [ 2.1623599, 41.4141083 ], [ 2.1621002, 41.414014 ], [ 2.1616978, 41.4138377 ], [ 2.1616732, 41.4138269 ], [ 2.1614628, 41.4137347 ], [ 2.1614363, 41.413828 ], [ 2.1614242, 41.4138526 ], [ 2.1613895, 41.4139282 ], [ 2.161368, 41.4139664 ], [ 2.1613063, 41.4140192 ], [ 2.1611635, 41.4140961 ], [ 2.1611163, 41.4141019 ], [ 2.1610895, 41.4141047 ], [ 2.1610506, 41.4141025 ], [ 2.1609702, 41.4140839 ], [ 2.1608207, 41.4140207 ], [ 2.1607666, 41.4139984 ], [ 2.1607136, 41.413973 ], [ 2.1606387, 41.4139413 ], [ 2.160564, 41.4139114 ], [ 2.1605159, 41.4139027 ], [ 2.1604571, 41.4138966 ], [ 2.1603888, 41.4138954 ], [ 2.160318, 41.4139115 ], [ 2.160207, 41.4139411 ], [ 2.1599967, 41.4140191 ], [ 2.1598635, 41.4140762 ], [ 2.1597509, 41.4141277 ], [ 2.1596342, 41.4141842 ], [ 2.1595234, 41.4142425 ], [ 2.1593258, 41.4143652 ], [ 2.1592477, 41.4144078 ], [ 2.1592046, 41.4144354 ], [ 2.1591464, 41.4144742 ], [ 2.1589804, 41.4146103 ], [ 2.158932, 41.4146468 ], [ 2.158843, 41.4147075 ], [ 2.1587056, 41.4148357 ], [ 2.1586664, 41.4148764 ], [ 2.1586446, 41.4148991 ], [ 2.1585675, 41.4149785 ], [ 2.1584637, 41.4150981 ], [ 2.1584347, 41.4151314 ], [ 2.1583382, 41.41524 ], [ 2.1582121, 41.4154034 ], [ 2.1581022, 41.4155588 ], [ 2.1579835, 41.4157478 ], [ 2.1578816, 41.4159213 ], [ 2.1578574, 41.4159832 ], [ 2.1578226, 41.4160721 ], [ 2.1577602, 41.4162099 ], [ 2.1577167, 41.4163054 ], [ 2.1576523, 41.4164276 ], [ 2.1576201, 41.4164774 ], [ 2.1575852, 41.4165146 ], [ 2.1575369, 41.4165465 ], [ 2.1574981, 41.4165599 ], [ 2.1574558, 41.4165669 ], [ 2.1573808, 41.4165699 ], [ 2.1573325, 41.4165659 ], [ 2.1572862, 41.4165553 ], [ 2.1572534, 41.4165402 ], [ 2.1572265, 41.4165247 ], [ 2.1571796, 41.4164885 ], [ 2.1571447, 41.4164457 ], [ 2.1568192, 41.4159437 ], [ 2.156776, 41.4158771 ], [ 2.1567049, 41.4157554 ], [ 2.1566871, 41.4157162 ], [ 2.1566479, 41.4156297 ], [ 2.1564361, 41.4154874 ], [ 2.1561685, 41.4153036 ], [ 2.1560566, 41.4152269 ], [ 2.1560016, 41.4151917 ], [ 2.1559453, 41.4151631 ], [ 2.1558829, 41.4151404 ], [ 2.1558233, 41.4151223 ], [ 2.1557247, 41.4151042 ], [ 2.1556241, 41.4150992 ], [ 2.1554874, 41.4151127 ], [ 2.1554263, 41.4151329 ], [ 2.1553775, 41.4151526 ], [ 2.1553257, 41.4151797 ], [ 2.1552876, 41.4152068 ], [ 2.1552291, 41.4152601 ], [ 2.1551689, 41.4153768 ], [ 2.1551568, 41.4154235 ], [ 2.1551554, 41.4154696 ], [ 2.1551635, 41.4155186 ], [ 2.1552064, 41.4156086 ] ] ] } },
{ "type": "Feature", "properties": { "neighborhood": "el Guinardó", "admin_level": "10" }, "geometry": { "type": "Polygon", "coordinates": [ [ [ 2.1646806, 41.4200831 ], [ 2.1647175, 41.4201757 ], [ 2.1647765, 41.4203661 ], [ 2.164884, 41.4207686 ], [ 2.1649129, 41.4208076 ], [ 2.1649703, 41.4208852 ], [ 2.1650852, 41.4212007 ], [ 2.165114, 41.4212516 ], [ 2.1651351, 41.4212798 ], [ 2.1651849, 41.4213195 ], [ 2.1652755, 41.4213737 ], [ 2.165405, 41.4214567 ], [ 2.1654226, 41.4214829 ], [ 2.1654252, 41.42151 ], [ 2.1654961, 41.4215449 ], [ 2.165574, 41.4215658 ], [ 2.1656543, 41.4215671 ], [ 2.1659118, 41.4214987 ], [ 2.1660178, 41.4214608 ], [ 2.1661951, 41.42138 ], [ 2.1664536, 41.4212533 ], [ 2.1665487, 41.4212492 ], [ 2.166644, 41.4212814 ], [ 2.1668425, 41.4214906 ], [ 2.1669675, 41.4216428 ], [ 2.1670668, 41.4218574 ], [ 2.1671206, 41.4220219 ], [ 2.167162, 41.4220826 ], [ 2.1671944, 41.4221231 ], [ 2.1672393, 41.4221514 ], [ 2.1672885, 41.4221683 ], [ 2.1673744, 41.4222039 ], [ 2.167489, 41.4222286 ], [ 2.1676522, 41.4222581 ], [ 2.1677642, 41.4222739 ], [ 2.1678719, 41.4222742 ], [ 2.1678808, 41.4223013 ], [ 2.1678926, 41.422313 ], [ 2.1679166, 41.4223248 ], [ 2.1680219, 41.4223456 ], [ 2.1681231, 41.4223511 ], [ 2.168187, 41.4223551 ], [ 2.1682108, 41.4223605 ], [ 2.1682326, 41.4223705 ], [ 2.168231, 41.4223875 ], [ 2.1682194, 41.4224146 ], [ 2.1681849, 41.4224425 ], [ 2.1681199, 41.4224735 ], [ 2.168057, 41.4224925 ], [ 2.1679949, 41.4224995 ], [ 2.1678763, 41.4224999 ], [ 2.1677114, 41.4224901 ], [ 2.1676093, 41.4224938 ], [ 2.1675321, 41.4225044 ], [ 2.1674157, 41.4225289 ], [ 2.1673119, 41.4225438 ], [ 2.1671993, 41.422551 ], [ 2.1669682, 41.4225563 ], [ 2.1669681, 41.4225812 ], [ 2.1671076, 41.4226232 ], [ 2.1672915, 41.4226591 ], [ 2.1675362, 41.422709 ], [ 2.1675919, 41.4227784 ], [ 2.1676919, 41.4228802 ], [ 2.1679677, 41.423192 ], [ 2.1680974, 41.4232341 ], [ 2.1682229, 41.423237 ], [ 2.1683359, 41.4232302 ], [ 2.1685588, 41.4231939 ], [ 2.1687347, 41.4231622 ], [ 2.1688188, 41.4231547 ], [ 2.1689112, 41.4231549 ], [ 2.1689862, 41.4231661 ], [ 2.1690418, 41.4231827 ], [ 2.1690931, 41.4232103 ], [ 2.169133, 41.4232368 ], [ 2.1691766, 41.4232686 ], [ 2.1692117, 41.4233176 ], [ 2.1692408, 41.423348 ], [ 2.1692734, 41.4233827 ], [ 2.1693974, 41.4232877 ], [ 2.1694346, 41.423236 ], [ 2.1695157, 41.4231331 ], [ 2.1696303, 41.4229637 ], [ 2.1696495, 41.4228431 ], [ 2.1696351, 41.422717 ], [ 2.1690525, 41.4214108 ], [ 2.1690703, 41.4212864 ], [ 2.1691245, 41.4212224 ], [ 2.1692024, 41.4211762 ], [ 2.1693082, 41.4211664 ], [ 2.1694475, 41.421176 ], [ 2.1695159, 41.4211807 ], [ 2.1696318, 41.4213432 ], [ 2.1701103, 41.4219027 ], [ 2.1701703, 41.4219729 ], [ 2.1702201, 41.4220311 ], [ 2.1706572, 41.4225495 ], [ 2.1707153, 41.4226143 ], [ 2.1710149, 41.4229478 ], [ 2.1712201, 41.4230048 ], [ 2.1717476, 41.4231513 ], [ 2.1719026, 41.4231944 ], [ 2.1718945, 41.4232691 ], [ 2.1718504, 41.4236743 ], [ 2.1718051, 41.4240897 ], [ 2.171855, 41.4240962 ], [ 2.1719138, 41.4241392 ], [ 2.1720371, 41.4243699 ], [ 2.1723342, 41.424773 ], [ 2.1723491, 41.4247961 ], [ 2.1724521, 41.4249606 ], [ 2.1725225, 41.425073 ], [ 2.1725158, 41.4251336 ], [ 2.1724569, 41.4256652 ], [ 2.1724462, 41.4257616 ], [ 2.1724314, 41.4258902 ], [ 2.1724172, 41.4260141 ], [ 2.1723764, 41.4263926 ], [ 2.172374, 41.4264151 ], [ 2.172363, 41.4265172 ], [ 2.1725051, 41.4264777 ], [ 2.1725499, 41.4264652 ], [ 2.1727007, 41.4264233 ], [ 2.1729053, 41.4263664 ], [ 2.173013, 41.4263365 ], [ 2.1734128, 41.4262253 ], [ 2.1734453, 41.4262163 ], [ 2.1735092, 41.4261985 ], [ 2.1737642, 41.4261295 ], [ 2.1741728, 41.426019 ], [ 2.1748022, 41.4258484 ], [ 2.1749811, 41.4257999 ], [ 2.1751122, 41.4257642 ], [ 2.1751499, 41.4257539 ], [ 2.1754967, 41.4256595 ], [ 2.1755815, 41.4256349 ], [ 2.1756687, 41.4256097 ], [ 2.1758087, 41.4255663 ], [ 2.1759144, 41.4255307 ], [ 2.1759337, 41.4255242 ], [ 2.1759656, 41.4255068 ], [ 2.176092, 41.4254379 ], [ 2.1762188, 41.4253392 ], [ 2.1762488, 41.4253115 ], [ 2.1762887, 41.4252707 ], [ 2.176512, 41.4250236 ], [ 2.1766763, 41.4248368 ], [ 2.1767006, 41.4248092 ], [ 2.1769113, 41.4245697 ], [ 2.1769212, 41.4245585 ], [ 2.1769901, 41.4244842 ], [ 2.177009, 41.4244646 ], [ 2.1771524, 41.4243153 ], [ 2.1771934, 41.4242728 ], [ 2.1772188, 41.4242465 ], [ 2.1772967, 41.4241608 ], [ 2.1773797, 41.4240754 ], [ 2.1774997, 41.4239421 ], [ 2.1776325, 41.4237946 ], [ 2.1777918, 41.4236175 ], [ 2.1778119, 41.4235949 ], [ 2.1778588, 41.4235424 ], [ 2.1780733, 41.4233095 ], [ 2.1782137, 41.4231699 ], [ 2.1782657, 41.4231099 ], [ 2.1782886, 41.423086 ], [ 2.1786253, 41.4227006 ], [ 2.1787061, 41.42261 ], [ 2.1787303, 41.4225823 ], [ 2.178822, 41.4224829 ], [ 2.178938, 41.4223573 ], [ 2.1790524, 41.4222361 ], [ 2.1791372, 41.422148 ], [ 2.1792628, 41.4220133 ], [ 2.179312, 41.4219612 ], [ 2.1794209, 41.4218458 ], [ 2.1794244, 41.421842 ], [ 2.179672, 41.4215798 ], [ 2.1796953, 41.4215555 ], [ 2.1797324, 41.4215158 ], [ 2.1797688, 41.4214773 ], [ 2.1798368, 41.4214052 ], [ 2.1800132, 41.4212184 ], [ 2.1802215, 41.4209976 ], [ 2.1802353, 41.4209831 ], [ 2.1802737, 41.4209424 ], [ 2.1803471, 41.4208633 ], [ 2.1804846, 41.4207145 ], [ 2.1806544, 41.4205184 ], [ 2.1806906, 41.4204641 ], [ 2.1807091, 41.4204336 ], [ 2.1807365, 41.4203881 ], [ 2.1807871, 41.4202865 ], [ 2.1808033, 41.4202374 ], [ 2.1808175, 41.420179 ], [ 2.1808303, 41.420117 ], [ 2.1808378, 41.4200593 ], [ 2.18084, 41.4200012 ], [ 2.1808367, 41.4199203 ], [ 2.1808321, 41.4198809 ], [ 2.1808254, 41.4198301 ], [ 2.1808028, 41.419713 ], [ 2.1807849, 41.4196449 ], [ 2.180773, 41.4196061 ], [ 2.1807412, 41.4194851 ], [ 2.1807342, 41.4194501 ], [ 2.1807169, 41.4193822 ], [ 2.1807022, 41.4193167 ], [ 2.1806769, 41.4192037 ], [ 2.1806701, 41.4191771 ], [ 2.1806237, 41.4189672 ], [ 2.1806068, 41.4188923 ], [ 2.1805618, 41.4186923 ], [ 2.1805569, 41.4186707 ], [ 2.180517, 41.4184434 ], [ 2.1805071, 41.4183869 ], [ 2.1804906, 41.4182743 ], [ 2.1804715, 41.4181438 ], [ 2.1804683, 41.4181222 ], [ 2.1804598, 41.4180584 ], [ 2.1804388, 41.417915 ], [ 2.1804156, 41.4176888 ], [ 2.180405, 41.417536 ], [ 2.180399, 41.4173647 ], [ 2.1803957, 41.4172065 ], [ 2.1803926, 41.4171345 ], [ 2.1803933, 41.4170972 ], [ 2.1803942, 41.4170506 ], [ 2.1803947, 41.4170243 ], [ 2.1803965, 41.4169245 ], [ 2.1804017, 41.4167556 ], [ 2.1804099, 41.4164984 ], [ 2.180411, 41.4164715 ], [ 2.1804176, 41.416334 ], [ 2.1804226, 41.4162802 ], [ 2.1804424, 41.4161223 ], [ 2.1804505, 41.4160639 ], [ 2.1804634, 41.4159768 ], [ 2.1804779, 41.4159062 ], [ 2.1804924, 41.4158355 ], [ 2.1804189, 41.41578 ], [ 2.1803739, 41.4157459 ], [ 2.1801889, 41.4156061 ], [ 2.1800356, 41.4154902 ], [ 2.1800134, 41.4154735 ], [ 2.1797394, 41.4152663 ], [ 2.1795171, 41.4150968 ], [ 2.1794106, 41.4150179 ], [ 2.179111, 41.4147914 ], [ 2.1790984, 41.4147819 ], [ 2.1790793, 41.4147674 ], [ 2.1789902, 41.4147001 ], [ 2.1788254, 41.4145751 ], [ 2.1787498, 41.4145192 ], [ 2.178662, 41.4144526 ], [ 2.1785479, 41.4143681 ], [ 2.1784942, 41.4143279 ], [ 2.1783702, 41.4142333 ], [ 2.1779665, 41.4139254 ], [ 2.1779455, 41.4139104 ], [ 2.1777178, 41.4137357 ], [ 2.1775087, 41.4135901 ], [ 2.1770344, 41.4132304 ], [ 2.1769872, 41.4131949 ], [ 2.1768751, 41.413109 ], [ 2.1768545, 41.4130923 ], [ 2.1766181, 41.412912 ], [ 2.1765489, 41.4128603 ], [ 2.1764386, 41.4127779 ], [ 2.1763851, 41.412738 ], [ 2.1756981, 41.4122248 ], [ 2.1756743, 41.4122071 ], [ 2.1754414, 41.4120331 ], [ 2.1752032, 41.4118552 ], [ 2.1751644, 41.4118263 ], [ 2.1749114, 41.4116373 ], [ 2.1746765, 41.4114618 ], [ 2.1745785, 41.4113887 ], [ 2.1745364, 41.4113572 ], [ 2.1743418, 41.4111937 ], [ 2.1741573, 41.4113127 ], [ 2.1741113, 41.411348 ], [ 2.1739342, 41.4114824 ], [ 2.1738377, 41.4115501 ], [ 2.1737135, 41.4116485 ], [ 2.1734597, 41.4118394 ], [ 2.173268, 41.4119858 ], [ 2.1730192, 41.4121752 ], [ 2.1725831, 41.4125087 ], [ 2.1725318, 41.412547 ], [ 2.1724277, 41.4126312 ], [ 2.1721267, 41.4128593 ], [ 2.1718576, 41.4130601 ], [ 2.1714336, 41.4133841 ], [ 2.1713624, 41.413438 ], [ 2.1713445, 41.4134545 ], [ 2.17126, 41.4135186 ], [ 2.1710578, 41.413676 ], [ 2.1710186, 41.4137081 ], [ 2.1709467, 41.413763 ], [ 2.1708575, 41.4138297 ], [ 2.1708079, 41.413868 ], [ 2.170715, 41.4139362 ], [ 2.1706352, 41.4139963 ], [ 2.1705156, 41.414088 ], [ 2.1704965, 41.4141034 ], [ 2.1700987, 41.4144045 ], [ 2.1698094, 41.4146208 ], [ 2.1697983, 41.4146291 ], [ 2.1696002, 41.4147741 ], [ 2.1695804, 41.414791 ], [ 2.1694515, 41.4149078 ], [ 2.1693791, 41.4150464 ], [ 2.1693392, 41.4152003 ], [ 2.1693327, 41.4153485 ], [ 2.1693467, 41.4154373 ], [ 2.1693512, 41.4154663 ], [ 2.1693587, 41.4155289 ], [ 2.1693826, 41.4156219 ], [ 2.1691919, 41.4156384 ], [ 2.1691209, 41.4156451 ], [ 2.1688984, 41.4156669 ], [ 2.168745, 41.4156872 ], [ 2.1684322, 41.4157331 ], [ 2.1683269, 41.4157479 ], [ 2.1681919, 41.4157552 ], [ 2.1680731, 41.4157455 ], [ 2.1679715, 41.4157244 ], [ 2.1678743, 41.415692 ], [ 2.1676539, 41.4156029 ], [ 2.1676175, 41.4155914 ], [ 2.1675972, 41.4155816 ], [ 2.1674487, 41.4155187 ], [ 2.1674047, 41.4154998 ], [ 2.1673722, 41.4154839 ], [ 2.167279, 41.4154416 ], [ 2.1671925, 41.4155332 ], [ 2.1671648, 41.4155626 ], [ 2.1671334, 41.4155958 ], [ 2.1669767, 41.4157617 ], [ 2.1664238, 41.4163476 ], [ 2.1662607, 41.4165204 ], [ 2.1661744, 41.4166048 ], [ 2.1660923, 41.4166978 ], [ 2.1662289, 41.4167703 ], [ 2.1664725, 41.4168996 ], [ 2.1667806, 41.4170723 ], [ 2.1669789, 41.4172184 ], [ 2.1671619, 41.4173609 ], [ 2.1673544, 41.4175052 ], [ 2.1675444, 41.4176566 ], [ 2.1675834, 41.4177009 ], [ 2.1676153, 41.4177602 ], [ 2.1676223, 41.4178177 ], [ 2.16762, 41.4179302 ], [ 2.1676212, 41.4180231 ], [ 2.1676235, 41.41807 ], [ 2.1676298, 41.4181144 ], [ 2.1676412, 41.4181444 ], [ 2.1676566, 41.418171 ], [ 2.1676984, 41.4182133 ], [ 2.1677652, 41.4182515 ], [ 2.1678537, 41.4182825 ], [ 2.1679222, 41.4183002 ], [ 2.1679954, 41.4183161 ], [ 2.1680379, 41.4183374 ], [ 2.1680633, 41.418357 ], [ 2.1680851, 41.4183737 ], [ 2.1681205, 41.4184153 ], [ 2.1683174, 41.4186939 ], [ 2.16838, 41.4187555 ], [ 2.1684167, 41.418779 ], [ 2.1684616, 41.4187981 ], [ 2.1685266, 41.4188172 ], [ 2.1685964, 41.4188282 ], [ 2.1686614, 41.4188192 ], [ 2.1687318, 41.4188056 ], [ 2.168794, 41.4188946 ], [ 2.1686306, 41.4189268 ], [ 2.1685669, 41.4189338 ], [ 2.1685099, 41.4189288 ], [ 2.1684542, 41.4189162 ], [ 2.16832, 41.4188758 ], [ 2.1682524, 41.4188554 ], [ 2.1681525, 41.4188448 ], [ 2.1680398, 41.4188187 ], [ 2.167956, 41.4187966 ], [ 2.1679439, 41.4187367 ], [ 2.1679077, 41.4186744 ], [ 2.1677505, 41.418549 ], [ 2.1673776, 41.4185571 ], [ 2.1671296, 41.4185682 ], [ 2.1670142, 41.418536 ], [ 2.166935, 41.4184344 ], [ 2.1669605, 41.4181206 ], [ 2.1669224, 41.4179954 ], [ 2.1668647, 41.4178782 ], [ 2.1667304, 41.4178281 ], [ 2.1664935, 41.4178163 ], [ 2.1663275, 41.4178883 ], [ 2.1661429, 41.4179898 ], [ 2.1659477, 41.4181149 ], [ 2.1659547, 41.418172 ], [ 2.1660218, 41.4182101 ], [ 2.166161, 41.4182328 ], [ 2.1664291, 41.418225 ], [ 2.1664474, 41.4182261 ], [ 2.1664634, 41.4182304 ], [ 2.1664738, 41.4183004 ], [ 2.1664136, 41.4183226 ], [ 2.1663902, 41.4183283 ], [ 2.1662954, 41.4183473 ], [ 2.1662347, 41.4183653 ], [ 2.1661739, 41.4183824 ], [ 2.1659628, 41.4184093 ], [ 2.1657831, 41.4184072 ], [ 2.1655256, 41.418363 ], [ 2.1653206, 41.4183907 ], [ 2.165237, 41.4184425 ], [ 2.1651688, 41.4184897 ], [ 2.1650433, 41.418586 ], [ 2.1649316, 41.4186717 ], [ 2.1648665, 41.4187484 ], [ 2.1649057, 41.4187932 ], [ 2.1649644, 41.4188315 ], [ 2.1650395, 41.4189977 ], [ 2.165053, 41.4190452 ], [ 2.1650804, 41.4190887 ], [ 2.1650949, 41.4191022 ], [ 2.1651337, 41.4191383 ], [ 2.1653482, 41.4191358 ], [ 2.165382, 41.4191354 ], [ 2.165566, 41.419128 ], [ 2.1656012, 41.419141 ], [ 2.1657281, 41.4191879 ], [ 2.1658534, 41.4192681 ], [ 2.1659457, 41.4193558 ], [ 2.1660502, 41.4195126 ], [ 2.1661417, 41.4198227 ], [ 2.1661786, 41.4199865 ], [ 2.1661717, 41.4200013 ], [ 2.1661277, 41.4200962 ], [ 2.1660841, 41.4201403 ], [ 2.1660093, 41.4201752 ], [ 2.1658024, 41.4201717 ], [ 2.1656624, 41.4201523 ], [ 2.1656384, 41.420149 ], [ 2.1655033, 41.4201323 ], [ 2.1654384, 41.4201489 ], [ 2.1652763, 41.420143 ], [ 2.1652041, 41.42012 ], [ 2.1649854, 41.4200856 ], [ 2.164894, 41.4200827 ], [ 2.1646806, 41.4200831 ] ] ] } },
{ "type": "Feature", "properties": { "neighborhood": "la Font d'en Fargues", "admin_level": "10" }, "geometry": { "type": "Polygon", "coordinates": [ [ [ 2.1581703, 41.4230416 ], [ 2.1582432, 41.4230586 ], [ 2.1585814, 41.4231304 ], [ 2.1586711, 41.4231494 ], [ 2.1589357, 41.4232056 ], [ 2.1590057, 41.4232182 ], [ 2.1589847, 41.4232759 ], [ 2.1588775, 41.4235702 ], [ 2.1588227, 41.4237207 ], [ 2.1587747, 41.4237989 ], [ 2.15876, 41.4238229 ], [ 2.1586157, 41.4241656 ], [ 2.1585847, 41.424241 ], [ 2.1585704, 41.4243282 ], [ 2.1585689, 41.4243994 ], [ 2.1585909, 41.4245647 ], [ 2.1585833, 41.4246472 ], [ 2.1585741, 41.4247483 ], [ 2.1585267, 41.4249576 ], [ 2.1584862, 41.425054 ], [ 2.1584223, 41.4251133 ], [ 2.1583859, 41.4253648 ], [ 2.1583812, 41.4253976 ], [ 2.1583498, 41.4255348 ], [ 2.1583831, 41.4256024 ], [ 2.1584063, 41.4256226 ], [ 2.1584366, 41.4256423 ], [ 2.1585047, 41.4256859 ], [ 2.1585792, 41.4257273 ], [ 2.1590264, 41.4259737 ], [ 2.1591492, 41.4260425 ], [ 2.1592169, 41.4260804 ], [ 2.1592888, 41.4261068 ], [ 2.159448, 41.4261653 ], [ 2.1599624, 41.4263557 ], [ 2.1599913, 41.4263671 ], [ 2.1600427, 41.4263875 ], [ 2.1601178, 41.4264182 ], [ 2.1603252, 41.4265028 ], [ 2.160657, 41.4266382 ], [ 2.1612552, 41.4268955 ], [ 2.1618759, 41.4271452 ], [ 2.1620143, 41.4272009 ], [ 2.1620548, 41.4272171 ], [ 2.1629044, 41.4275574 ], [ 2.1630169, 41.4276091 ], [ 2.1633901, 41.4277807 ], [ 2.1636929, 41.4279501 ], [ 2.1638493, 41.427992 ], [ 2.1639172, 41.4279769 ], [ 2.163952, 41.4279668 ], [ 2.1640923, 41.4279315 ], [ 2.1641885, 41.4279169 ], [ 2.1644491, 41.4278774 ], [ 2.1645713, 41.427861 ], [ 2.1647386, 41.4278386 ], [ 2.1648958, 41.4278175 ], [ 2.165014, 41.4278032 ], [ 2.1651422, 41.4277903 ], [ 2.1657491, 41.4277292 ], [ 2.1659834, 41.4277056 ], [ 2.1661894, 41.4276861 ], [ 2.1669592, 41.427613 ], [ 2.1671969, 41.4275831 ], [ 2.1673238, 41.4275672 ], [ 2.1674932, 41.4275444 ], [ 2.1681618, 41.4274544 ], [ 2.1683565, 41.4274282 ], [ 2.1686432, 41.4273896 ], [ 2.1688379, 41.4273634 ], [ 2.169079, 41.4273276 ], [ 2.1691206, 41.4273214 ], [ 2.1697051, 41.4272389 ], [ 2.1698548, 41.4272109 ], [ 2.1699319, 41.4271916 ], [ 2.1699708, 41.4271818 ], [ 2.1702478, 41.4271145 ], [ 2.1703027, 41.4270993 ], [ 2.1703339, 41.4270907 ], [ 2.1710165, 41.4269021 ], [ 2.1711696, 41.4268583 ], [ 2.1711972, 41.4268504 ], [ 2.1722098, 41.426561 ], [ 2.172363, 41.4265172 ], [ 2.172374, 41.4264151 ], [ 2.1723764, 41.4263926 ], [ 2.1724172, 41.4260141 ], [ 2.1724314, 41.4258902 ], [ 2.1724462, 41.4257616 ], [ 2.1724569, 41.4256652 ], [ 2.1725158, 41.4251336 ], [ 2.1725225, 41.425073 ], [ 2.1724521, 41.4249606 ], [ 2.1723491, 41.4247961 ], [ 2.1723342, 41.424773 ], [ 2.1720371, 41.4243699 ], [ 2.1719138, 41.4241392 ], [ 2.171855, 41.4240962 ], [ 2.1718051, 41.4240897 ], [ 2.1718504, 41.4236743 ], [ 2.1718945, 41.4232691 ], [ 2.1719026, 41.4231944 ], [ 2.1717476, 41.4231513 ], [ 2.1712201, 41.4230048 ], [ 2.1710149, 41.4229478 ], [ 2.1707153, 41.4226143 ], [ 2.1706572, 41.4225495 ], [ 2.1702201, 41.4220311 ], [ 2.1701703, 41.4219729 ], [ 2.1701103, 41.4219027 ], [ 2.1696318, 41.4213432 ], [ 2.1695159, 41.4211807 ], [ 2.1694475, 41.421176 ], [ 2.1693082, 41.4211664 ], [ 2.1692024, 41.4211762 ], [ 2.1691245, 41.4212224 ], [ 2.1690703, 41.4212864 ], [ 2.1690525, 41.4214108 ], [ 2.1696351, 41.422717 ], [ 2.1696495, 41.4228431 ], [ 2.1696303, 41.4229637 ], [ 2.1695157, 41.4231331 ], [ 2.1694346, 41.423236 ], [ 2.1693974, 41.4232877 ], [ 2.1692734, 41.4233827 ], [ 2.1692408, 41.423348 ], [ 2.1692117, 41.4233176 ], [ 2.1691766, 41.4232686 ], [ 2.169133, 41.4232368 ], [ 2.1690931, 41.4232103 ], [ 2.1690418, 41.4231827 ], [ 2.1689862, 41.4231661 ], [ 2.1689112, 41.4231549 ], [ 2.1688188, 41.4231547 ], [ 2.1687347, 41.4231622 ], [ 2.1685588, 41.4231939 ], [ 2.1683359, 41.4232302 ], [ 2.1682229, 41.423237 ], [ 2.1680974, 41.4232341 ], [ 2.1679677, 41.423192 ], [ 2.1676919, 41.4228802 ], [ 2.1675919, 41.4227784 ], [ 2.1675362, 41.422709 ], [ 2.1672915, 41.4226591 ], [ 2.1671076, 41.4226232 ], [ 2.1669681, 41.4225812 ], [ 2.1669682, 41.4225563 ], [ 2.1671993, 41.422551 ], [ 2.1673119, 41.4225438 ], [ 2.1674157, 41.4225289 ], [ 2.1675321, 41.4225044 ], [ 2.1676093, 41.4224938 ], [ 2.1677114, 41.4224901 ], [ 2.1678763, 41.4224999 ], [ 2.1679949, 41.4224995 ], [ 2.168057, 41.4224925 ], [ 2.1681199, 41.4224735 ], [ 2.1681849, 41.4224425 ], [ 2.1682194, 41.4224146 ], [ 2.168231, 41.4223875 ], [ 2.1682326, 41.4223705 ], [ 2.1682108, 41.4223605 ], [ 2.168187, 41.4223551 ], [ 2.1681231, 41.4223511 ], [ 2.1680219, 41.4223456 ], [ 2.1679166, 41.4223248 ], [ 2.1678926, 41.422313 ], [ 2.1678808, 41.4223013 ], [ 2.1678719, 41.4222742 ], [ 2.1677642, 41.4222739 ], [ 2.1676522, 41.4222581 ], [ 2.167489, 41.4222286 ], [ 2.1673744, 41.4222039 ], [ 2.1672885, 41.4221683 ], [ 2.1672393, 41.4221514 ], [ 2.1671944, 41.4221231 ], [ 2.167162, 41.4220826 ], [ 2.1671206, 41.4220219 ], [ 2.1670668, 41.4218574 ], [ 2.1669675, 41.4216428 ], [ 2.1668425, 41.4214906 ], [ 2.166644, 41.4212814 ], [ 2.1665487, 41.4212492 ], [ 2.1664536, 41.4212533 ], [ 2.1661951, 41.42138 ], [ 2.1660178, 41.4214608 ], [ 2.1659118, 41.4214987 ], [ 2.1656543, 41.4215671 ], [ 2.165574, 41.4215658 ], [ 2.1654961, 41.4215449 ], [ 2.1654252, 41.42151 ], [ 2.1654226, 41.4214829 ], [ 2.165405, 41.4214567 ], [ 2.1652755, 41.4213737 ], [ 2.1651849, 41.4213195 ], [ 2.1651351, 41.4212798 ], [ 2.165114, 41.4212516 ], [ 2.1650852, 41.4212007 ], [ 2.1649703, 41.4208852 ], [ 2.1649129, 41.4208076 ], [ 2.164884, 41.4207686 ], [ 2.1648139, 41.4207675 ], [ 2.1648306, 41.4208473 ], [ 2.1640162, 41.4209541 ], [ 2.1639268, 41.4209586 ], [ 2.1638187, 41.4210452 ], [ 2.1636878, 41.4211503 ], [ 2.1636516, 41.4211753 ], [ 2.1636354, 41.4211601 ], [ 2.1636123, 41.4211493 ], [ 2.1635799, 41.4211409 ], [ 2.1635381, 41.421133 ], [ 2.1634943, 41.4211201 ], [ 2.1634512, 41.4211043 ], [ 2.1634005, 41.4210786 ], [ 2.1633224, 41.4210313 ], [ 2.1632978, 41.4210691 ], [ 2.163267, 41.4211069 ], [ 2.1631559, 41.4213832 ], [ 2.1630362, 41.4216035 ], [ 2.1629277, 41.4217019 ], [ 2.1629035, 41.4217091 ], [ 2.1628732, 41.4217113 ], [ 2.1628446, 41.4217104 ], [ 2.1626553, 41.4216674 ], [ 2.1625914, 41.421686 ], [ 2.1623249, 41.4223676 ], [ 2.162297, 41.4224442 ], [ 2.1622413, 41.4224341 ], [ 2.1620395, 41.4223975 ], [ 2.1613008, 41.4222634 ], [ 2.1597285, 41.4219813 ], [ 2.1596851, 41.4219688 ], [ 2.1596356, 41.4219477 ], [ 2.1595951, 41.4219148 ], [ 2.1595529, 41.4218665 ], [ 2.1592693, 41.4214983 ], [ 2.1592076, 41.421421 ], [ 2.1591807, 41.4213935 ], [ 2.1591538, 41.4213752 ], [ 2.1591272, 41.421365 ], [ 2.1590914, 41.4213594 ], [ 2.1590502, 41.4213637 ], [ 2.1587072, 41.4215646 ], [ 2.1586669, 41.4215907 ], [ 2.158488, 41.4215795 ], [ 2.1584717, 41.4216746 ], [ 2.1584693, 41.421738 ], [ 2.1584043, 41.4220123 ], [ 2.1583961, 41.4220811 ], [ 2.1583923, 41.422097 ], [ 2.1583513, 41.4222705 ], [ 2.1583316, 41.4223539 ], [ 2.1583178, 41.4224119 ], [ 2.1582912, 41.4224953 ], [ 2.1581952, 41.4229291 ], [ 2.1581703, 41.4230416 ] ] ] } },
{ "type": "Feature", "properties": { "neighborhood": "el Carmel", "admin_level": "10" }, "geometry": { "type": "Polygon", "coordinates": [ [ [ 2.1492456, 41.4203648 ], [ 2.1493371, 41.4204678 ], [ 2.1493527, 41.4204853 ], [ 2.1493802, 41.4205172 ], [ 2.1494948, 41.4206558 ], [ 2.1495282, 41.4206891 ], [ 2.1496031, 41.4207725 ], [ 2.1497818, 41.4209612 ], [ 2.1498434, 41.4210216 ], [ 2.1500148, 41.4211968 ], [ 2.1501671, 41.421351 ], [ 2.1502004, 41.4213851 ], [ 2.1506033, 41.4218268 ], [ 2.1506421, 41.4218715 ], [ 2.1506653, 41.4219434 ], [ 2.1508672, 41.4222793 ], [ 2.1509131, 41.4223708 ], [ 2.15094, 41.4224412 ], [ 2.1509623, 41.4225098 ], [ 2.1509778, 41.4225796 ], [ 2.1509926, 41.422684 ], [ 2.1510033, 41.4227605 ], [ 2.151009, 41.422835 ], [ 2.1510168, 41.4231062 ], [ 2.1510229, 41.4232137 ], [ 2.1510253, 41.4233086 ], [ 2.1510303, 41.4233998 ], [ 2.1510297, 41.4234504 ], [ 2.1510364, 41.4235415 ], [ 2.1510424, 41.4236093 ], [ 2.1510496, 41.4236535 ], [ 2.151064, 41.423707 ], [ 2.1510871, 41.4237677 ], [ 2.1511264, 41.4238626 ], [ 2.1511818, 41.4239631 ], [ 2.1512198, 41.4240284 ], [ 2.151276, 41.4241132 ], [ 2.1514134, 41.4243002 ], [ 2.1514807, 41.4243856 ], [ 2.1515505, 41.4244598 ], [ 2.1516272, 41.4245404 ], [ 2.1517127, 41.4246186 ], [ 2.1517386, 41.4246397 ], [ 2.1518218, 41.4247078 ], [ 2.1519149, 41.424767 ], [ 2.1519692, 41.4248048 ], [ 2.1520325, 41.4248427 ], [ 2.1521506, 41.4249109 ], [ 2.1522278, 41.4249498 ], [ 2.1523594, 41.4250049 ], [ 2.1524542, 41.4250398 ], [ 2.1525087, 41.4250609 ], [ 2.1527538, 41.4251404 ], [ 2.1524123, 41.4251371 ], [ 2.1522441, 41.4251373 ], [ 2.152177, 41.4251567 ], [ 2.1521218, 41.4251648 ], [ 2.1517855, 41.4252142 ], [ 2.1518189, 41.4259734 ], [ 2.1518192, 41.4260031 ], [ 2.1518196, 41.4260457 ], [ 2.1514696, 41.4260542 ], [ 2.1507014, 41.4260643 ], [ 2.150653, 41.4260625 ], [ 2.1504324, 41.4260423 ], [ 2.1504322, 41.4261117 ], [ 2.1504172, 41.4261802 ], [ 2.1505198, 41.4261836 ], [ 2.1506485, 41.4261879 ], [ 2.1506817, 41.426189 ], [ 2.1508186, 41.4261981 ], [ 2.1509827, 41.426221 ], [ 2.1513325, 41.4262913 ], [ 2.1514263, 41.4263152 ], [ 2.1516243, 41.4263769 ], [ 2.1518415, 41.4264844 ], [ 2.1519657, 41.4265674 ], [ 2.1520716, 41.4266651 ], [ 2.1521881, 41.4267644 ], [ 2.1523387, 41.426863 ], [ 2.1524958, 41.4269403 ], [ 2.1531529, 41.427197 ], [ 2.1533795, 41.4272876 ], [ 2.1535995, 41.4273824 ], [ 2.1538159, 41.4274923 ], [ 2.1538374, 41.4275054 ], [ 2.1538455, 41.4275098 ], [ 2.1538801, 41.4275302 ], [ 2.1540096, 41.4276094 ], [ 2.154218, 41.4277364 ], [ 2.154263, 41.4277662 ], [ 2.1544365, 41.4278963 ], [ 2.1545385, 41.4279728 ], [ 2.1547576, 41.4281203 ], [ 2.154781, 41.4281346 ], [ 2.154974, 41.4282451 ], [ 2.1551198, 41.4283183 ], [ 2.1552216, 41.428366 ], [ 2.1552814, 41.4283944 ], [ 2.1554642, 41.4284695 ], [ 2.1557188, 41.428566 ], [ 2.1559684, 41.4286536 ], [ 2.1561798, 41.4287246 ], [ 2.156377, 41.42879 ], [ 2.156417, 41.4288033 ], [ 2.156458, 41.4288171 ], [ 2.1566549, 41.4288908 ], [ 2.1568686, 41.4289651 ], [ 2.1569037, 41.4289774 ], [ 2.1575195, 41.4291914 ], [ 2.1575366, 41.4291973 ], [ 2.1576255, 41.4292282 ], [ 2.1577275, 41.4292621 ], [ 2.1578404, 41.4293032 ], [ 2.1579075, 41.4292512 ], [ 2.1579263, 41.4292367 ], [ 2.1579396, 41.4290276 ], [ 2.1579101, 41.4285351 ], [ 2.1579084, 41.4285071 ], [ 2.1578136, 41.4284973 ], [ 2.1577635, 41.4284922 ], [ 2.157788, 41.4283759 ], [ 2.1578188, 41.4282265 ], [ 2.1578281, 41.4281849 ], [ 2.1579073, 41.42783 ], [ 2.157919, 41.4277888 ], [ 2.1579439, 41.4276553 ], [ 2.1579756, 41.4276169 ], [ 2.1579831, 41.4275612 ], [ 2.158064, 41.4271994 ], [ 2.1580887, 41.4269766 ], [ 2.1581712, 41.4265873 ], [ 2.1581757, 41.4265189 ], [ 2.1581466, 41.4264752 ], [ 2.1581655, 41.4263993 ], [ 2.1582616, 41.4259378 ], [ 2.1582935, 41.4257849 ], [ 2.1583498, 41.4255348 ], [ 2.1583812, 41.4253976 ], [ 2.1583859, 41.4253648 ], [ 2.1584223, 41.4251133 ], [ 2.1584862, 41.425054 ], [ 2.1585267, 41.4249576 ], [ 2.1585741, 41.4247483 ], [ 2.1585833, 41.4246472 ], [ 2.1585909, 41.4245647 ], [ 2.1585689, 41.4243994 ], [ 2.1585704, 41.4243282 ], [ 2.1585847, 41.424241 ], [ 2.1586157, 41.4241656 ], [ 2.15876, 41.4238229 ], [ 2.1587747, 41.4237989 ], [ 2.1588227, 41.4237207 ], [ 2.1588775, 41.4235702 ], [ 2.1589847, 41.4232759 ], [ 2.1590057, 41.4232182 ], [ 2.1589357, 41.4232056 ], [ 2.1586711, 41.4231494 ], [ 2.1585814, 41.4231304 ], [ 2.1582432, 41.4230586 ], [ 2.1581703, 41.4230416 ], [ 2.1581952, 41.4229291 ], [ 2.1582912, 41.4224953 ], [ 2.1583178, 41.4224119 ], [ 2.1583316, 41.4223539 ], [ 2.1583513, 41.4222705 ], [ 2.1583923, 41.422097 ], [ 2.1583961, 41.4220811 ], [ 2.1584043, 41.4220123 ], [ 2.1584693, 41.421738 ], [ 2.1584717, 41.4216746 ], [ 2.158488, 41.4215795 ], [ 2.1586669, 41.4215907 ], [ 2.1587072, 41.4215646 ], [ 2.1590502, 41.4213637 ], [ 2.1590914, 41.4213594 ], [ 2.1591272, 41.421365 ], [ 2.1591538, 41.4213752 ], [ 2.1591807, 41.4213935 ], [ 2.1592076, 41.421421 ], [ 2.1592693, 41.4214983 ], [ 2.1595529, 41.4218665 ], [ 2.1595951, 41.4219148 ], [ 2.1596356, 41.4219477 ], [ 2.1596851, 41.4219688 ], [ 2.1597285, 41.4219813 ], [ 2.1613008, 41.4222634 ], [ 2.1620395, 41.4223975 ], [ 2.1622413, 41.4224341 ], [ 2.162297, 41.4224442 ], [ 2.1623249, 41.4223676 ], [ 2.1625914, 41.421686 ], [ 2.1626553, 41.4216674 ], [ 2.1628446, 41.4217104 ], [ 2.1628732, 41.4217113 ], [ 2.1629035, 41.4217091 ], [ 2.1629277, 41.4217019 ], [ 2.1630362, 41.4216035 ], [ 2.1631559, 41.4213832 ], [ 2.163267, 41.4211069 ], [ 2.1632978, 41.4210691 ], [ 2.1633224, 41.4210313 ], [ 2.1634005, 41.4210786 ], [ 2.1634512, 41.4211043 ], [ 2.1634943, 41.4211201 ], [ 2.1635381, 41.421133 ], [ 2.1635799, 41.4211409 ], [ 2.1636123, 41.4211493 ], [ 2.1636354, 41.4211601 ], [ 2.1636516, 41.4211753 ], [ 2.1636878, 41.4211503 ], [ 2.1638187, 41.4210452 ], [ 2.1639268, 41.4209586 ], [ 2.1640162, 41.4209541 ], [ 2.1648306, 41.4208473 ], [ 2.1648139, 41.4207675 ], [ 2.164884, 41.4207686 ], [ 2.1647765, 41.4203661 ], [ 2.1647175, 41.4201757 ], [ 2.1646806, 41.4200831 ], [ 2.164894, 41.4200827 ], [ 2.1649854, 41.4200856 ], [ 2.1652041, 41.42012 ], [ 2.1652763, 41.420143 ], [ 2.1654384, 41.4201489 ], [ 2.1653109, 41.4201049 ], [ 2.1652616, 41.4200752 ], [ 2.1651988, 41.4200525 ], [ 2.1651441, 41.4200381 ], [ 2.1647859, 41.4200054 ], [ 2.1643804, 41.4200043 ], [ 2.1638647, 41.4199758 ], [ 2.1637829, 41.4199713 ], [ 2.1632168, 41.4199045 ], [ 2.1631299, 41.4199096 ], [ 2.1630519, 41.4199203 ], [ 2.1623647, 41.4201167 ], [ 2.1622209, 41.4201226 ], [ 2.1620358, 41.4200878 ], [ 2.1619338, 41.4200657 ], [ 2.1617997, 41.4200315 ], [ 2.1616629, 41.4199832 ], [ 2.1616281, 41.419943 ], [ 2.1616656, 41.4199068 ], [ 2.1617246, 41.4199048 ], [ 2.161749, 41.4199069 ], [ 2.1618855, 41.4199188 ], [ 2.1620233, 41.4199414 ], [ 2.1621367, 41.4199521 ], [ 2.1623819, 41.419885 ], [ 2.1622873, 41.4195787 ], [ 2.161945, 41.4194242 ], [ 2.1613544, 41.4191361 ], [ 2.1613332, 41.4190419 ], [ 2.1612798, 41.4190005 ], [ 2.1612918, 41.4189364 ], [ 2.1612942, 41.4189237 ], [ 2.161401, 41.4189249 ], [ 2.1614966, 41.4189502 ], [ 2.1616013, 41.4189347 ], [ 2.161682, 41.4189339 ], [ 2.1616315, 41.4188865 ], [ 2.1615732, 41.4188369 ], [ 2.1614871, 41.4187784 ], [ 2.1614168, 41.4187031 ], [ 2.1613694, 41.4186544 ], [ 2.161334, 41.4185968 ], [ 2.1613179, 41.4185269 ], [ 2.1612797, 41.4184674 ], [ 2.1612565, 41.4184231 ], [ 2.1612214, 41.4183645 ], [ 2.1612208, 41.418317 ], [ 2.1611957, 41.4182831 ], [ 2.1611118, 41.4182581 ], [ 2.1610391, 41.4182457 ], [ 2.1609486, 41.4182483 ], [ 2.1608747, 41.4182612 ], [ 2.160811, 41.41825 ], [ 2.1614105, 41.4175331 ], [ 2.1611977, 41.4174418 ], [ 2.1611314, 41.4174267 ], [ 2.1610303, 41.4174221 ], [ 2.1609805, 41.4174312 ], [ 2.1609347, 41.4174469 ], [ 2.1608747, 41.4174695 ], [ 2.1607912, 41.417507 ], [ 2.1603907, 41.4176963 ], [ 2.1602114, 41.4177768 ], [ 2.1601367, 41.4177994 ], [ 2.1600639, 41.4178119 ], [ 2.159986, 41.4178161 ], [ 2.1599162, 41.4178169 ], [ 2.1598347, 41.4178084 ], [ 2.1596811, 41.4177625 ], [ 2.1595413, 41.4176838 ], [ 2.1594544, 41.4176118 ], [ 2.1588437, 41.4170171 ], [ 2.1588196, 41.4169941 ], [ 2.1587552, 41.4169259 ], [ 2.1588385, 41.4168848 ], [ 2.1588947, 41.4168615 ], [ 2.1590215, 41.4168164 ], [ 2.1590873, 41.4167878 ], [ 2.1591449, 41.4167465 ], [ 2.1591642, 41.4167102 ], [ 2.1591743, 41.4166785 ], [ 2.1591769, 41.4166418 ], [ 2.1591622, 41.4166016 ], [ 2.1591387, 41.4165724 ], [ 2.1591072, 41.4165433 ], [ 2.159063, 41.4165201 ], [ 2.15901, 41.416502 ], [ 2.1589604, 41.416504 ], [ 2.1588947, 41.4165161 ], [ 2.158834, 41.416543 ], [ 2.1587934, 41.4165785 ], [ 2.1587619, 41.4166227 ], [ 2.1587009, 41.4167383 ], [ 2.1586859, 41.416763 ], [ 2.1586704, 41.4167892 ], [ 2.1586332, 41.416851 ], [ 2.158597, 41.4168962 ], [ 2.158534, 41.416949 ], [ 2.1584032, 41.4170461 ], [ 2.1581484, 41.4172351 ], [ 2.1576436, 41.4176077 ], [ 2.1574538, 41.4177409 ], [ 2.1573881, 41.4177711 ], [ 2.1573258, 41.4177927 ], [ 2.1572607, 41.4178083 ], [ 2.1571917, 41.4178163 ], [ 2.1571227, 41.4178168 ], [ 2.1570529, 41.4178098 ], [ 2.1569834, 41.4177947 ], [ 2.1569, 41.4177696 ], [ 2.1567773, 41.4177286 ], [ 2.1566674, 41.4176881 ], [ 2.156605, 41.4176595 ], [ 2.1565474, 41.4176258 ], [ 2.1564837, 41.417579 ], [ 2.1564367, 41.4175242 ], [ 2.1563978, 41.4174619 ], [ 2.1563757, 41.417403 ], [ 2.1563663, 41.4173482 ], [ 2.1563717, 41.4172864 ], [ 2.1563804, 41.4172231 ], [ 2.1564421, 41.4171094 ], [ 2.1564908, 41.4170116 ], [ 2.1565038, 41.4169822 ], [ 2.1565226, 41.4169304 ], [ 2.1565334, 41.4168783 ], [ 2.1565392, 41.4168057 ], [ 2.1565355, 41.4167656 ], [ 2.1565282, 41.4167219 ], [ 2.1565173, 41.4166801 ], [ 2.1564334, 41.4165242 ], [ 2.1563874, 41.4164496 ], [ 2.1562081, 41.4161586 ], [ 2.1561659, 41.4161008 ], [ 2.1561196, 41.416049 ], [ 2.1560566, 41.4160022 ], [ 2.1559922, 41.415966 ], [ 2.1558166, 41.4158952 ], [ 2.1556911, 41.4158505 ], [ 2.1556288, 41.4158283 ], [ 2.1553023, 41.4157006 ], [ 2.1552372, 41.4156504 ], [ 2.1552064, 41.4156086 ], [ 2.1551635, 41.4155186 ], [ 2.1551554, 41.4154696 ], [ 2.1551568, 41.4154235 ], [ 2.1551689, 41.4153768 ], [ 2.1552291, 41.4152601 ], [ 2.1551344, 41.4152181 ], [ 2.1548322, 41.4151898 ], [ 2.1547396, 41.4151648 ], [ 2.1546997, 41.4151959 ], [ 2.1536888, 41.4160096 ], [ 2.1536002, 41.4160995 ], [ 2.1531751, 41.4164582 ], [ 2.1530402, 41.4165501 ], [ 2.1530165, 41.4165662 ], [ 2.1529914, 41.4165833 ], [ 2.1527527, 41.4167649 ], [ 2.1527278, 41.4168363 ], [ 2.1526882, 41.4168898 ], [ 2.152636, 41.4169361 ], [ 2.152571, 41.4169867 ], [ 2.15231, 41.4171739 ], [ 2.1522166, 41.4172469 ], [ 2.152077, 41.4173515 ], [ 2.1519267, 41.4174632 ], [ 2.1518561, 41.417511 ], [ 2.1517978, 41.4175417 ], [ 2.1517334, 41.4175657 ], [ 2.1516621, 41.4175845 ], [ 2.1515855, 41.417602 ], [ 2.1514871, 41.4176204 ], [ 2.1513069, 41.4176434 ], [ 2.1512818, 41.4176476 ], [ 2.1512301, 41.4176591 ], [ 2.1511656, 41.4176805 ], [ 2.1511103, 41.4177074 ], [ 2.1510616, 41.417741 ], [ 2.1510253, 41.4177812 ], [ 2.1509953, 41.4178277 ], [ 2.1509723, 41.4178829 ], [ 2.1509659, 41.4179234 ], [ 2.1509713, 41.4179632 ], [ 2.1510033, 41.4180425 ], [ 2.1510657, 41.4181801 ], [ 2.1511132, 41.4182761 ], [ 2.1511739, 41.4183755 ], [ 2.151251, 41.4184869 ], [ 2.1512775, 41.4185341 ], [ 2.1512723, 41.4185652 ], [ 2.1512342, 41.4185881 ], [ 2.1512918, 41.4186576 ], [ 2.1514448, 41.4188538 ], [ 2.1515115, 41.418959 ], [ 2.1515589, 41.4190504 ], [ 2.1516025, 41.4191811 ], [ 2.15164, 41.4192935 ], [ 2.1516502, 41.4193898 ], [ 2.1516526, 41.4194128 ], [ 2.1516657, 41.4195357 ], [ 2.1516784, 41.4197566 ], [ 2.1516822, 41.4198046 ], [ 2.1516969, 41.4198518 ], [ 2.1517249, 41.4199227 ], [ 2.1517502, 41.420031 ], [ 2.1517782, 41.4201485 ], [ 2.1517976, 41.4201746 ], [ 2.1515972, 41.42018 ], [ 2.1515477, 41.4201789 ], [ 2.1515152, 41.4201771 ], [ 2.1513999, 41.4201771 ], [ 2.1510919, 41.4201984 ], [ 2.1509861, 41.4202066 ], [ 2.1503897, 41.4202785 ], [ 2.1501999, 41.420298 ], [ 2.1500134, 41.4203167 ], [ 2.149813, 41.4203357 ], [ 2.1496072, 41.4203474 ], [ 2.1494331, 41.4203555 ], [ 2.1493908, 41.4203575 ], [ 2.1492456, 41.4203648 ] ] ] } },
{ "type": "Feature", "properties": { "neighborhood": "la Teixonera", "admin_level": "10" }, "geometry": { "type": "Polygon", "coordinates": [ [ [ 2.1406642, 41.4211929 ], [ 2.1406885, 41.4212449 ], [ 2.140731, 41.4213361 ], [ 2.1409174, 41.4217356 ], [ 2.1409688, 41.421843 ], [ 2.1409917, 41.4218844 ], [ 2.1409982, 41.4219051 ], [ 2.1410537, 41.4220216 ], [ 2.1410685, 41.4220527 ], [ 2.1412046, 41.4223385 ], [ 2.1413485, 41.4226407 ], [ 2.1414171, 41.4227848 ], [ 2.141556, 41.423064 ], [ 2.1416357, 41.4232217 ], [ 2.1416502, 41.4232503 ], [ 2.1417003, 41.4233494 ], [ 2.1418352, 41.4236132 ], [ 2.1418953, 41.4237375 ], [ 2.1419104, 41.4237688 ], [ 2.1419362, 41.4238162 ], [ 2.1420449, 41.4239611 ], [ 2.1421276, 41.4240683 ], [ 2.1424215, 41.4244366 ], [ 2.1424907, 41.4245345 ], [ 2.1425243, 41.4245714 ], [ 2.1425961, 41.4246599 ], [ 2.1427327, 41.4246274 ], [ 2.1428427, 41.4245793 ], [ 2.1431553, 41.4244678 ], [ 2.1432661, 41.4244382 ], [ 2.1433337, 41.4244222 ], [ 2.1434673, 41.4243984 ], [ 2.1435537, 41.4243909 ], [ 2.1437175, 41.4243768 ], [ 2.1439052, 41.4243792 ], [ 2.1440544, 41.4243867 ], [ 2.1442019, 41.4243977 ], [ 2.1444074, 41.4244219 ], [ 2.1445334, 41.4244344 ], [ 2.1445756, 41.4244383 ], [ 2.1446933, 41.4244433 ], [ 2.1448025, 41.4244434 ], [ 2.1449257, 41.4244382 ], [ 2.1450711, 41.4244263 ], [ 2.1451383, 41.4244143 ], [ 2.1451978, 41.4244036 ], [ 2.1456888, 41.4242939 ], [ 2.1459197, 41.4242474 ], [ 2.1460351, 41.4242329 ], [ 2.1461515, 41.4242231 ], [ 2.1462692, 41.4242178 ], [ 2.1463872, 41.4242173 ], [ 2.1465051, 41.4242215 ], [ 2.1465979, 41.4242272 ], [ 2.1466902, 41.4242364 ], [ 2.1467774, 41.4242483 ], [ 2.1468638, 41.4242634 ], [ 2.1469856, 41.4242876 ], [ 2.1471056, 41.4243175 ], [ 2.1471597, 41.4243343 ], [ 2.147293, 41.424385 ], [ 2.1476114, 41.42449 ], [ 2.1476781, 41.424512 ], [ 2.1478836, 41.4245989 ], [ 2.1479011, 41.4246063 ], [ 2.1482777, 41.4248122 ], [ 2.1486564, 41.4250815 ], [ 2.1490345, 41.425346 ], [ 2.1493678, 41.4255303 ], [ 2.1496252, 41.4256352 ], [ 2.1497624, 41.4256931 ], [ 2.1498072, 41.425712 ], [ 2.1500227, 41.4257874 ], [ 2.1500556, 41.4257896 ], [ 2.1501145, 41.4257983 ], [ 2.1501713, 41.4258129 ], [ 2.1502249, 41.425833 ], [ 2.1502745, 41.4258584 ], [ 2.1503194, 41.4258887 ], [ 2.1503584, 41.4259233 ], [ 2.1503907, 41.4259615 ], [ 2.1504151, 41.4260009 ], [ 2.1504324, 41.4260423 ], [ 2.150653, 41.4260625 ], [ 2.1507014, 41.4260643 ], [ 2.1514696, 41.4260542 ], [ 2.1518196, 41.4260457 ], [ 2.1518192, 41.4260031 ], [ 2.1518189, 41.4259734 ], [ 2.1517855, 41.4252142 ], [ 2.1521218, 41.4251648 ], [ 2.152177, 41.4251567 ], [ 2.1522441, 41.4251373 ], [ 2.1524123, 41.4251371 ], [ 2.1527538, 41.4251404 ], [ 2.1525087, 41.4250609 ], [ 2.1524542, 41.4250398 ], [ 2.1523594, 41.4250049 ], [ 2.1522278, 41.4249498 ], [ 2.1521506, 41.4249109 ], [ 2.1520325, 41.4248427 ], [ 2.1519692, 41.4248048 ], [ 2.1519149, 41.424767 ], [ 2.1518218, 41.4247078 ], [ 2.1517386, 41.4246397 ], [ 2.1517127, 41.4246186 ], [ 2.1516272, 41.4245404 ], [ 2.1515505, 41.4244598 ], [ 2.1514807, 41.4243856 ], [ 2.1514134, 41.4243002 ], [ 2.151276, 41.4241132 ], [ 2.1512198, 41.4240284 ], [ 2.1511818, 41.4239631 ], [ 2.1511264, 41.4238626 ], [ 2.1510871, 41.4237677 ], [ 2.151064, 41.423707 ], [ 2.1510496, 41.4236535 ], [ 2.1510424, 41.4236093 ], [ 2.1510364, 41.4235415 ], [ 2.1510297, 41.4234504 ], [ 2.1510303, 41.4233998 ], [ 2.1510253, 41.4233086 ], [ 2.1510229, 41.4232137 ], [ 2.1510168, 41.4231062 ], [ 2.151009, 41.422835 ], [ 2.1510033, 41.4227605 ], [ 2.1509926, 41.422684 ], [ 2.1509778, 41.4225796 ], [ 2.1509623, 41.4225098 ], [ 2.15094, 41.4224412 ], [ 2.1509131, 41.4223708 ], [ 2.1508672, 41.4222793 ], [ 2.1506653, 41.4219434 ], [ 2.1506421, 41.4218715 ], [ 2.1506033, 41.4218268 ], [ 2.1502004, 41.4213851 ], [ 2.1501671, 41.421351 ], [ 2.1500148, 41.4211968 ], [ 2.1498434, 41.4210216 ], [ 2.1497818, 41.4209612 ], [ 2.1496031, 41.4207725 ], [ 2.1495282, 41.4206891 ], [ 2.1494948, 41.4206558 ], [ 2.1494913, 41.4208391 ], [ 2.1494878, 41.420946 ], [ 2.1494784, 41.4212331 ], [ 2.1494658, 41.4216101 ], [ 2.149415, 41.4216336 ], [ 2.1492201, 41.421637 ], [ 2.1491052, 41.4216311 ], [ 2.14886, 41.4216292 ], [ 2.1480955, 41.4216105 ], [ 2.1479686, 41.4216191 ], [ 2.1478764, 41.4216215 ], [ 2.1477756, 41.4215833 ], [ 2.1468397, 41.4212288 ], [ 2.1463118, 41.4210284 ], [ 2.1460725, 41.4210391 ], [ 2.1458524, 41.4210194 ], [ 2.145782, 41.4210131 ], [ 2.1455529, 41.4209839 ], [ 2.1454098, 41.4209643 ], [ 2.1453627, 41.4209578 ], [ 2.1451643, 41.4209134 ], [ 2.1449822, 41.4208704 ], [ 2.1448043, 41.4208351 ], [ 2.1447122, 41.4208121 ], [ 2.1446468, 41.420737 ], [ 2.1445425, 41.4206035 ], [ 2.1444586, 41.4205192 ], [ 2.1442397, 41.4203259 ], [ 2.1440836, 41.4202011 ], [ 2.1439837, 41.4201748 ], [ 2.1439165, 41.4201689 ], [ 2.1438509, 41.42016 ], [ 2.1438142, 41.4202005 ], [ 2.1436948, 41.4203005 ], [ 2.1433484, 41.4205675 ], [ 2.1432496, 41.4206437 ], [ 2.1431897, 41.4206891 ], [ 2.1430007, 41.4208362 ], [ 2.1422542, 41.4213994 ], [ 2.1421585, 41.4214716 ], [ 2.1420781, 41.4215174 ], [ 2.1419728, 41.4215451 ], [ 2.1418734, 41.4215515 ], [ 2.1417759, 41.4215344 ], [ 2.141012, 41.421319 ], [ 2.1409778, 41.4213093 ], [ 2.1409453, 41.4213031 ], [ 2.1407904, 41.4212424 ], [ 2.1406642, 41.4211929 ] ] ] } },
{ "type": "Feature", "properties": { "neighborhood": "Sant Genís dels Agudells", "admin_level": "10" }, "geometry": { "type": "Polygon", "coordinates": [ [ [ 2.1204562, 41.423903 ], [ 2.1204937, 41.4240367 ], [ 2.1205558, 41.424175 ], [ 2.1209183, 41.424761 ], [ 2.1211181, 41.4250881 ], [ 2.1211395, 41.4251233 ], [ 2.1212847, 41.4253623 ], [ 2.1213064, 41.4254103 ], [ 2.1213342, 41.425464 ], [ 2.1213458, 41.4255173 ], [ 2.121346, 41.4255713 ], [ 2.1213347, 41.4256246 ], [ 2.1213123, 41.425676 ], [ 2.1212793, 41.425724 ], [ 2.1212365, 41.4257674 ], [ 2.121187, 41.425804 ], [ 2.1211306, 41.4258344 ], [ 2.1210686, 41.425858 ], [ 2.1210026, 41.4258742 ], [ 2.120934, 41.4258827 ], [ 2.1208645, 41.4258831 ], [ 2.1207957, 41.4258755 ], [ 2.1207157, 41.4258633 ], [ 2.1221105, 41.4271311 ], [ 2.1221635, 41.427804 ], [ 2.1236884, 41.4293925 ], [ 2.1248637, 41.4304924 ], [ 2.1260263, 41.4319504 ], [ 2.1260524, 41.4319296 ], [ 2.1262128, 41.4317981 ], [ 2.1262698, 41.4317512 ], [ 2.1263141, 41.4317232 ], [ 2.1263924, 41.4316899 ], [ 2.1265926, 41.4315693 ], [ 2.1266577, 41.431614 ], [ 2.1267198, 41.4316512 ], [ 2.1267848, 41.4316877 ], [ 2.1268434, 41.4317191 ], [ 2.1269784, 41.4317724 ], [ 2.1271224, 41.431813 ], [ 2.1272216, 41.431836 ], [ 2.1274759, 41.4318731 ], [ 2.1277278, 41.4318816 ], [ 2.1278326, 41.4318787 ], [ 2.12797, 41.431869 ], [ 2.1283208, 41.4318268 ], [ 2.1286709, 41.4317877 ], [ 2.1289267, 41.4317633 ], [ 2.1290765, 41.4317643 ], [ 2.1292832, 41.431787 ], [ 2.1296498, 41.4318466 ], [ 2.1297271, 41.4318576 ], [ 2.1298181, 41.4318652 ], [ 2.1298636, 41.4318514 ], [ 2.130198, 41.4317935 ], [ 2.1302868, 41.4317711 ], [ 2.1306458, 41.431677 ], [ 2.1307572, 41.4316527 ], [ 2.1309241, 41.4316129 ], [ 2.1310373, 41.4315967 ], [ 2.1311579, 41.4315862 ], [ 2.1312709, 41.4315938 ], [ 2.1313717, 41.4316098 ], [ 2.1315813, 41.4316777 ], [ 2.1319121, 41.4318541 ], [ 2.1319951, 41.4318982 ], [ 2.1320779, 41.4319483 ], [ 2.1321405, 41.4319638 ], [ 2.1321973, 41.4319727 ], [ 2.1322513, 41.4319764 ], [ 2.1323075, 41.4319756 ], [ 2.1323627, 41.4319701 ], [ 2.1324241, 41.4319595 ], [ 2.1324863, 41.4319449 ], [ 2.1325495, 41.4319257 ], [ 2.133238, 41.4316959 ], [ 2.1333032, 41.4316794 ], [ 2.1333668, 41.4316705 ], [ 2.1334028, 41.4316689 ], [ 2.1334387, 41.4316688 ], [ 2.1334898, 41.4316705 ], [ 2.13354, 41.4316758 ], [ 2.1336125, 41.431695 ], [ 2.1336855, 41.4317233 ], [ 2.1337587, 41.4317675 ], [ 2.1338068, 41.4318056 ], [ 2.1338372, 41.4318356 ], [ 2.1338614, 41.4318681 ], [ 2.1338856, 41.4319124 ], [ 2.1338988, 41.4319536 ], [ 2.1339053, 41.4319992 ], [ 2.1339052, 41.4320384 ], [ 2.1339012, 41.432078 ], [ 2.1338906, 41.4321264 ], [ 2.1338746, 41.432174 ], [ 2.1337695, 41.4323673 ], [ 2.1337165, 41.4324664 ], [ 2.1336732, 41.4325682 ], [ 2.1336359, 41.4326786 ], [ 2.1336272, 41.4327356 ], [ 2.1336219, 41.4327917 ], [ 2.1336226, 41.432837 ], [ 2.1336254, 41.4328823 ], [ 2.133631, 41.4329263 ], [ 2.1336389, 41.4329703 ], [ 2.133652, 41.4330319 ], [ 2.1339322, 41.4338969 ], [ 2.1339469, 41.4339322 ], [ 2.13396, 41.4339617 ], [ 2.1339759, 41.4339888 ], [ 2.1339979, 41.4340193 ], [ 2.1340155, 41.4340416 ], [ 2.1340783, 41.434127 ], [ 2.1341282, 41.4341505 ], [ 2.1341824, 41.4341677 ], [ 2.1342397, 41.4341782 ], [ 2.1342984, 41.4341817 ], [ 2.1343571, 41.4341781 ], [ 2.1344143, 41.4341675 ], [ 2.1344749, 41.4341476 ], [ 2.1345298, 41.4341198 ], [ 2.1345771, 41.4340851 ], [ 2.1346153, 41.4340446 ], [ 2.1346432, 41.4339996 ], [ 2.1346599, 41.4339515 ], [ 2.1346648, 41.433902 ], [ 2.1346595, 41.4338525 ], [ 2.1346488, 41.4338155 ], [ 2.1346325, 41.4337798 ], [ 2.1346107, 41.4337457 ], [ 2.1341789, 41.4331884 ], [ 2.1341447, 41.4331359 ], [ 2.1341161, 41.4330816 ], [ 2.1340935, 41.4330257 ], [ 2.1340769, 41.4329687 ], [ 2.1340665, 41.4329108 ], [ 2.1340623, 41.4328525 ], [ 2.1340673, 41.4327684 ], [ 2.1340746, 41.432727 ], [ 2.1340853, 41.4326861 ], [ 2.1341063, 41.4326288 ], [ 2.1341341, 41.4325731 ], [ 2.1341683, 41.4325195 ], [ 2.1342343, 41.4324197 ], [ 2.1344137, 41.4321483 ], [ 2.1344572, 41.4320451 ], [ 2.1344718, 41.4319562 ], [ 2.1344774, 41.4319077 ], [ 2.1344735, 41.4318592 ], [ 2.1344538, 41.4317706 ], [ 2.1350172, 41.431592 ], [ 2.1356199, 41.4299953 ], [ 2.1377896, 41.4298748 ], [ 2.1383434, 41.4296982 ], [ 2.1382976, 41.4296038 ], [ 2.1382192, 41.4294184 ], [ 2.1381931, 41.4293567 ], [ 2.1380955, 41.4291257 ], [ 2.1380397, 41.4290259 ], [ 2.1379741, 41.4289322 ], [ 2.137592, 41.4284423 ], [ 2.1374778, 41.4282957 ], [ 2.1375412, 41.4282696 ], [ 2.1377273, 41.428202 ], [ 2.1380679, 41.4281014 ], [ 2.1382426, 41.4280498 ], [ 2.1382983, 41.4280333 ], [ 2.1382714, 41.4279687 ], [ 2.138361, 41.4278576 ], [ 2.1384601, 41.4277164 ], [ 2.1387339, 41.4273274 ], [ 2.1389906, 41.4269626 ], [ 2.1389853, 41.4269511 ], [ 2.139166, 41.4269088 ], [ 2.1391808, 41.4269478 ], [ 2.1392321, 41.4269608 ], [ 2.1392413, 41.4269583 ], [ 2.1392587, 41.4269225 ], [ 2.1392608, 41.4269182 ], [ 2.1392445, 41.426881 ], [ 2.1393387, 41.4268588 ], [ 2.1393796, 41.4268493 ], [ 2.1393707, 41.4268275 ], [ 2.1392409, 41.4265416 ], [ 2.1392016, 41.4264538 ], [ 2.1394427, 41.4260582 ], [ 2.1395005, 41.4259634 ], [ 2.1396216, 41.4257647 ], [ 2.1396404, 41.4257337 ], [ 2.1397898, 41.4254874 ], [ 2.1398119, 41.4254701 ], [ 2.139837, 41.4254576 ], [ 2.1399049, 41.4254347 ], [ 2.1403345, 41.4253217 ], [ 2.1404373, 41.4252952 ], [ 2.1408445, 41.4251937 ], [ 2.1409137, 41.4251759 ], [ 2.1413423, 41.4250572 ], [ 2.1413806, 41.4250457 ], [ 2.1414266, 41.4250318 ], [ 2.1417094, 41.4249481 ], [ 2.1417242, 41.424944 ], [ 2.1418463, 41.4249101 ], [ 2.1418944, 41.4248967 ], [ 2.1420285, 41.4248594 ], [ 2.1421175, 41.424797 ], [ 2.1423991, 41.4247159 ], [ 2.1425732, 41.4246657 ], [ 2.1425961, 41.4246599 ], [ 2.1425243, 41.4245714 ], [ 2.1424907, 41.4245345 ], [ 2.1424215, 41.4244366 ], [ 2.1421276, 41.4240683 ], [ 2.1420449, 41.4239611 ], [ 2.1419362, 41.4238162 ], [ 2.1419104, 41.4237688 ], [ 2.1418953, 41.4237375 ], [ 2.1418352, 41.4236132 ], [ 2.1417003, 41.4233494 ], [ 2.1416502, 41.4232503 ], [ 2.1416357, 41.4232217 ], [ 2.141556, 41.423064 ], [ 2.1414171, 41.4227848 ], [ 2.1413485, 41.4226407 ], [ 2.1412046, 41.4223385 ], [ 2.1410685, 41.4220527 ], [ 2.1410537, 41.4220216 ], [ 2.1409982, 41.4219051 ], [ 2.1409917, 41.4218844 ], [ 2.1409688, 41.421843 ], [ 2.1409174, 41.4217356 ], [ 2.140731, 41.4213361 ], [ 2.1406885, 41.4212449 ], [ 2.1406642, 41.4211929 ], [ 2.1405827, 41.4210645 ], [ 2.1403184, 41.4205161 ], [ 2.1402903, 41.4204545 ], [ 2.1402382, 41.4204369 ], [ 2.1401983, 41.4204313 ], [ 2.1401851, 41.4204314 ], [ 2.1401474, 41.4204384 ], [ 2.1401177, 41.4204471 ], [ 2.1400711, 41.4204774 ], [ 2.1400453, 41.4205009 ], [ 2.1399953, 41.420401 ], [ 2.1399864, 41.4203832 ], [ 2.1399313, 41.4202708 ], [ 2.1388671, 41.4205665 ], [ 2.1387171, 41.42062 ], [ 2.138694, 41.4206272 ], [ 2.1384954, 41.4206894 ], [ 2.1379421, 41.420867 ], [ 2.1378375, 41.4209069 ], [ 2.1377907, 41.4209313 ], [ 2.1377469, 41.4209626 ], [ 2.1377155, 41.4209961 ], [ 2.1376915, 41.4210329 ], [ 2.1376755, 41.4210721 ], [ 2.1376679, 41.4211127 ], [ 2.1376688, 41.4211531 ], [ 2.1376781, 41.421193 ], [ 2.1376955, 41.4212312 ], [ 2.1377205, 41.421267 ], [ 2.1377527, 41.4212995 ], [ 2.1378001, 41.4213329 ], [ 2.1378575, 41.4213606 ], [ 2.1379556, 41.4213969 ], [ 2.1381626, 41.4214793 ], [ 2.1382115, 41.4215023 ], [ 2.1382572, 41.4215288 ], [ 2.1382993, 41.4215584 ], [ 2.1383509, 41.4216043 ], [ 2.1383893, 41.4216518 ], [ 2.1384132, 41.4216921 ], [ 2.1384306, 41.4217343 ], [ 2.1384419, 41.4217838 ], [ 2.1384442, 41.421834 ], [ 2.1384388, 41.4218903 ], [ 2.1384244, 41.4219454 ], [ 2.1384037, 41.4220094 ], [ 2.1383968, 41.4220309 ], [ 2.13839, 41.4220519 ], [ 2.1383516, 41.4221496 ], [ 2.1382424, 41.4224274 ], [ 2.1381933, 41.4225522 ], [ 2.1381797, 41.4225893 ], [ 2.1381753, 41.4226626 ], [ 2.1381082, 41.4228232 ], [ 2.1380619, 41.4229033 ], [ 2.1380084, 41.4229809 ], [ 2.1379446, 41.4230574 ], [ 2.1378742, 41.4231306 ], [ 2.1377774, 41.4232169 ], [ 2.1376715, 41.4232971 ], [ 2.1375727, 41.4233547 ], [ 2.1374679, 41.4234059 ], [ 2.1373642, 41.4234481 ], [ 2.1372607, 41.423482 ], [ 2.1371442, 41.4235116 ], [ 2.1370642, 41.423527 ], [ 2.1369831, 41.4235386 ], [ 2.1365153, 41.4235735 ], [ 2.1364576, 41.4235834 ], [ 2.1364055, 41.4235966 ], [ 2.1363558, 41.4236136 ], [ 2.1363091, 41.4236358 ], [ 2.1362669, 41.423663 ], [ 2.1362303, 41.4236972 ], [ 2.1362009, 41.4237351 ], [ 2.1361796, 41.4237759 ], [ 2.1361668, 41.4238187 ], [ 2.1361606, 41.4238572 ], [ 2.1361661, 41.4242521 ], [ 2.136162, 41.4243005 ], [ 2.1361511, 41.4243482 ], [ 2.1361335, 41.4243948 ], [ 2.1360988, 41.4244505 ], [ 2.1360574, 41.4245033 ], [ 2.1360076, 41.4245518 ], [ 2.1359547, 41.4245924 ], [ 2.135896, 41.4246281 ], [ 2.1358322, 41.4246586 ], [ 2.1351332, 41.4248921 ], [ 2.1351105, 41.4248532 ], [ 2.1350577, 41.4247018 ], [ 2.1351607, 41.4245731 ], [ 2.1353514, 41.4244259 ], [ 2.1353514, 41.4243319 ], [ 2.1353395, 41.4242156 ], [ 2.1352017, 41.4240171 ], [ 2.1350421, 41.4238593 ], [ 2.1349002, 41.42376 ], [ 2.1348294, 41.4236968 ], [ 2.1347793, 41.4235877 ], [ 2.1346571, 41.4236147 ], [ 2.1345282, 41.4233733 ], [ 2.1343801, 41.4232319 ], [ 2.134322, 41.4231254 ], [ 2.134281, 41.4230124 ], [ 2.1342505, 41.4228878 ], [ 2.1342325, 41.4227564 ], [ 2.1342369, 41.4226872 ], [ 2.1342648, 41.4226243 ], [ 2.1343311, 41.4225458 ], [ 2.1344552, 41.4224671 ], [ 2.1345685, 41.4223738 ], [ 2.1347084, 41.422291 ], [ 2.1349201, 41.4220781 ], [ 2.1350333, 41.422051 ], [ 2.1350685, 41.4220346 ], [ 2.1351044, 41.4220299 ], [ 2.135215, 41.4220171 ], [ 2.1352247, 41.421763 ], [ 2.1352361, 41.4216459 ], [ 2.135292, 41.4215489 ], [ 2.1353263, 41.4214959 ], [ 2.1353798, 41.4213839 ], [ 2.1353243, 41.4213735 ], [ 2.1352908, 41.4213742 ], [ 2.135258, 41.4213797 ], [ 2.1352258, 41.4213901 ], [ 2.135197, 41.4214051 ], [ 2.1351726, 41.421424 ], [ 2.1347189, 41.4218473 ], [ 2.1346925, 41.4218667 ], [ 2.1346613, 41.4218816 ], [ 2.1346253, 41.4218916 ], [ 2.1345873, 41.4218955 ], [ 2.1344149, 41.4219002 ], [ 2.1343014, 41.4218965 ], [ 2.1341865, 41.4218873 ], [ 2.1341091, 41.4218744 ], [ 2.1338315, 41.421795 ], [ 2.1337657, 41.4217844 ], [ 2.1336988, 41.421779 ], [ 2.1336351, 41.4217786 ], [ 2.1335718, 41.4217829 ], [ 2.1333685, 41.4218271 ], [ 2.1333241, 41.4218328 ], [ 2.133279, 41.421834 ], [ 2.1332342, 41.4218307 ], [ 2.1331828, 41.4218213 ], [ 2.133134, 41.4218061 ], [ 2.1330889, 41.4217853 ], [ 2.1329093, 41.4216444 ], [ 2.1328269, 41.4215666 ], [ 2.1327626, 41.4215282 ], [ 2.1327236, 41.4215049 ], [ 2.1325977, 41.4215109 ], [ 2.1324312, 41.4215067 ], [ 2.1318584, 41.4214265 ], [ 2.1316105, 41.4214026 ], [ 2.1313713, 41.4213962 ], [ 2.13133, 41.4213889 ], [ 2.1312926, 41.4213738 ], [ 2.1312618, 41.4213519 ], [ 2.1312432, 41.42133 ], [ 2.1312388, 41.421321 ], [ 2.1312312, 41.4213056 ], [ 2.1312265, 41.4212799 ], [ 2.1312292, 41.421254 ], [ 2.131259, 41.4211349 ], [ 2.1312756, 41.4210888 ], [ 2.131304, 41.4210423 ], [ 2.1313571, 41.4209864 ], [ 2.1314818, 41.4208723 ], [ 2.1315771, 41.420775 ], [ 2.1316557, 41.4206822 ], [ 2.1318596, 41.4204181 ], [ 2.1320506, 41.4201741 ], [ 2.1321871, 41.420012 ], [ 2.1322077, 41.4199759 ], [ 2.1322062, 41.4199381 ], [ 2.1321885, 41.4199005 ], [ 2.1321635, 41.4198654 ], [ 2.1321307, 41.4198326 ], [ 2.1320915, 41.419804 ], [ 2.1318708, 41.4197241 ], [ 2.1318399, 41.419715 ], [ 2.1316999, 41.4196739 ], [ 2.1315456, 41.4196116 ], [ 2.1313797, 41.4195273 ], [ 2.1313636, 41.4195178 ], [ 2.1312117, 41.419428 ], [ 2.1311646, 41.4194046 ], [ 2.1311119, 41.4193897 ], [ 2.131056, 41.419384 ], [ 2.1309998, 41.4193878 ], [ 2.1309465, 41.4194007 ], [ 2.1308983, 41.4194221 ], [ 2.1308577, 41.419451 ], [ 2.1308265, 41.4194859 ], [ 2.1308064, 41.4195251 ], [ 2.1306879, 41.4197824 ], [ 2.13064, 41.4198558 ], [ 2.1306104, 41.4198922 ], [ 2.1305728, 41.4199243 ], [ 2.1305395, 41.4199451 ], [ 2.1305027, 41.4199624 ], [ 2.1304632, 41.4199759 ], [ 2.1303432, 41.4200156 ], [ 2.1302006, 41.420052 ], [ 2.1301613, 41.420065 ], [ 2.1301194, 41.4200717 ], [ 2.1300764, 41.420072 ], [ 2.1300343, 41.4200657 ], [ 2.1299948, 41.4200531 ], [ 2.1299558, 41.4200324 ], [ 2.129924, 41.4200056 ], [ 2.129901, 41.4199741 ], [ 2.1297875, 41.4197075 ], [ 2.129758, 41.4196606 ], [ 2.1297176, 41.4196157 ], [ 2.1296782, 41.4195827 ], [ 2.1296365, 41.4195537 ], [ 2.1295894, 41.419528 ], [ 2.1295363, 41.4195105 ], [ 2.1294787, 41.4195024 ], [ 2.1294273, 41.4195021 ], [ 2.1293765, 41.4195082 ], [ 2.1291987, 41.419546 ], [ 2.1291361, 41.4195639 ], [ 2.1290852, 41.4195879 ], [ 2.1290419, 41.4196216 ], [ 2.1290026, 41.419665 ], [ 2.1289948, 41.41968 ], [ 2.1289788, 41.4197107 ], [ 2.1289161, 41.4198629 ], [ 2.1288991, 41.4198855 ], [ 2.1288755, 41.4199046 ], [ 2.1288466, 41.4199189 ], [ 2.128814, 41.4199278 ], [ 2.1287795, 41.4199308 ], [ 2.128739, 41.4199264 ], [ 2.1287016, 41.4199138 ], [ 2.1286704, 41.4198939 ], [ 2.128556, 41.4198018 ], [ 2.1284575, 41.4197313 ], [ 2.1284051, 41.419706 ], [ 2.1283618, 41.4196981 ], [ 2.1283173, 41.4196978 ], [ 2.1282841, 41.4197026 ], [ 2.1282524, 41.4197117 ], [ 2.1282233, 41.4197247 ], [ 2.1281893, 41.4197391 ], [ 2.1281525, 41.4197464 ], [ 2.1281368, 41.4197468 ], [ 2.128121, 41.4197472 ], [ 2.1280914, 41.4197423 ], [ 2.1280582, 41.4197331 ], [ 2.1280296, 41.4197189 ], [ 2.1278532, 41.419599 ], [ 2.1277459, 41.4195866 ], [ 2.1276223, 41.4195608 ], [ 2.1274775, 41.4195163 ], [ 2.127321, 41.4194605 ], [ 2.1272476, 41.4194213 ], [ 2.1272151, 41.419394 ], [ 2.1271924, 41.419364 ], [ 2.1271782, 41.4193272 ], [ 2.1271795, 41.4192955 ], [ 2.1271847, 41.4192706 ], [ 2.1272022, 41.4192463 ], [ 2.1272318, 41.419219 ], [ 2.1272724, 41.4191953 ], [ 2.1273587, 41.4191706 ], [ 2.1274555, 41.4191538 ], [ 2.1274856, 41.4191511 ], [ 2.1275867, 41.419142 ], [ 2.1276603, 41.4191509 ], [ 2.127931, 41.4190046 ], [ 2.1279807, 41.4189676 ], [ 2.1281095, 41.4188478 ], [ 2.1281379, 41.4188132 ], [ 2.1281574, 41.4187754 ], [ 2.1281674, 41.4187355 ], [ 2.1281675, 41.4186949 ], [ 2.1281608, 41.4186639 ], [ 2.1281484, 41.418634 ], [ 2.1281305, 41.4186057 ], [ 2.1280667, 41.4185506 ], [ 2.1279485, 41.4184574 ], [ 2.1279246, 41.4184298 ], [ 2.1279072, 41.4183996 ], [ 2.1278968, 41.4183677 ], [ 2.1278937, 41.4183349 ], [ 2.1279, 41.4182948 ], [ 2.1279171, 41.4182565 ], [ 2.1279444, 41.4182217 ], [ 2.1279806, 41.4181918 ], [ 2.1280242, 41.4181681 ], [ 2.1283834, 41.4179711 ], [ 2.1285338, 41.4178774 ], [ 2.1286435, 41.4177716 ], [ 2.1288818, 41.4175601 ], [ 2.1289058, 41.4175356 ], [ 2.1289233, 41.4175082 ], [ 2.1289339, 41.4174788 ], [ 2.128937, 41.417448 ], [ 2.1289328, 41.417417 ], [ 2.128853, 41.417408 ], [ 2.1288265, 41.417405 ], [ 2.1258854, 41.4186719 ], [ 2.1255351, 41.4188433 ], [ 2.124893, 41.4191203 ], [ 2.1247125, 41.4191734 ], [ 2.1211816, 41.420681 ], [ 2.1211474, 41.4207031 ], [ 2.1211743, 41.4207119 ], [ 2.1213032, 41.4207641 ], [ 2.1214576, 41.4208332 ], [ 2.1214877, 41.4208509 ], [ 2.1215119, 41.4208731 ], [ 2.1215268, 41.4208947 ], [ 2.1215361, 41.420918 ], [ 2.1215394, 41.4209421 ], [ 2.1215394, 41.4209717 ], [ 2.1215326, 41.4210301 ], [ 2.1215211, 41.4210834 ], [ 2.1215058, 41.421136 ], [ 2.1214922, 41.4211754 ], [ 2.121475, 41.4212152 ], [ 2.121456, 41.4212552 ], [ 2.1214334, 41.4212948 ], [ 2.1213931, 41.421355 ], [ 2.1213366, 41.4214263 ], [ 2.1212748, 41.4214923 ], [ 2.1212051, 41.4215568 ], [ 2.1210009, 41.4217407 ], [ 2.1209458, 41.4217969 ], [ 2.1208951, 41.4218544 ], [ 2.1208112, 41.4219852 ], [ 2.1207343, 41.4221296 ], [ 2.1207087, 41.4221929 ], [ 2.1206975, 41.4222373 ], [ 2.1206919, 41.4222703 ], [ 2.12069, 41.4223038 ], [ 2.1206908, 41.4223378 ], [ 2.120697, 41.4223707 ], [ 2.120712, 41.4224281 ], [ 2.1207303, 41.4224852 ], [ 2.1207726, 41.4226016 ], [ 2.1207179, 41.4225985 ], [ 2.1206336, 41.4225969 ], [ 2.1205837, 41.4226065 ], [ 2.1205369, 41.4226231 ], [ 2.1204751, 41.422665 ], [ 2.1204364, 41.4227184 ], [ 2.1204259, 41.4227572 ], [ 2.1204278, 41.4227936 ], [ 2.1204658, 41.4228684 ], [ 2.1205047, 41.422955 ], [ 2.1205327, 41.4230415 ], [ 2.1205407, 41.4231458 ], [ 2.120527, 41.4232548 ], [ 2.1204891, 41.4234674 ], [ 2.1204495, 41.4237007 ], [ 2.1204451, 41.423803 ], [ 2.1204562, 41.423903 ] ] ] } },
{ "type": "Feature", "properties": { "neighborhood": "Montbau", "admin_level": "10" }, "geometry": { "type": "Polygon", "coordinates": [ [ [ 2.1260263, 41.4319504 ], [ 2.1272137, 41.4334395 ], [ 2.1279054, 41.4337147 ], [ 2.1286074, 41.4356371 ], [ 2.1286281, 41.4360503 ], [ 2.128519, 41.4364873 ], [ 2.1293053, 41.4384149 ], [ 2.1293808, 41.4399781 ], [ 2.129817, 41.4408049 ], [ 2.1297497, 41.4413071 ], [ 2.1297417, 41.4413665 ], [ 2.1295722, 41.4416081 ], [ 2.1295266, 41.4416732 ], [ 2.1294115, 41.4419071 ], [ 2.1294119, 41.4420384 ], [ 2.129524, 41.4423106 ], [ 2.1297883, 41.4429525 ], [ 2.129856, 41.443117 ], [ 2.1301566, 41.4435897 ], [ 2.1304416, 41.4438651 ], [ 2.1322426, 41.4445498 ], [ 2.1325689, 41.4447423 ], [ 2.1326085, 41.4448144 ], [ 2.1326558, 41.4448632 ], [ 2.1327438, 41.4449407 ], [ 2.1327984, 41.4449715 ], [ 2.1328572, 41.4449903 ], [ 2.1329066, 41.4449929 ], [ 2.1329499, 41.4449869 ], [ 2.1329942, 41.4449706 ], [ 2.1330807, 41.4449304 ], [ 2.1334046, 41.4447561 ], [ 2.1337218, 41.4446092 ], [ 2.1338345, 41.4445352 ], [ 2.1339105, 41.4444497 ], [ 2.1339561, 41.4443626 ], [ 2.1339959, 41.4442631 ], [ 2.1340158, 41.4441411 ], [ 2.1340313, 41.4440646 ], [ 2.1340372, 41.4440397 ], [ 2.1340499, 41.4440163 ], [ 2.134069, 41.4439954 ], [ 2.1340927, 41.4439785 ], [ 2.1341205, 41.4439655 ], [ 2.1342002, 41.4439468 ], [ 2.1344278, 41.4438983 ], [ 2.1346968, 41.4438161 ], [ 2.1349892, 41.4436913 ], [ 2.1351642, 41.4436146 ], [ 2.1351849, 41.4436038 ], [ 2.1352011, 41.4435893 ], [ 2.1352117, 41.4435721 ], [ 2.1352158, 41.4435547 ], [ 2.1352141, 41.4435371 ], [ 2.1352066, 41.4435203 ], [ 2.135378, 41.4434142 ], [ 2.1354573, 41.4433448 ], [ 2.1355138, 41.4433177 ], [ 2.1355444, 41.443303 ], [ 2.135572, 41.4432816 ], [ 2.1356189, 41.4432449 ], [ 2.135635, 41.4432277 ], [ 2.1356394, 41.4431859 ], [ 2.1356174, 41.4431067 ], [ 2.1356288, 41.4430665 ], [ 2.1356546, 41.4430461 ], [ 2.1357348, 41.4430253 ], [ 2.1358185, 41.4430011 ], [ 2.1358385, 41.4429863 ], [ 2.1358537, 41.4429669 ], [ 2.1359048, 41.4429437 ], [ 2.1359767, 41.4429112 ], [ 2.13603, 41.4428718 ], [ 2.1360743, 41.4428258 ], [ 2.1361774, 41.4426768 ], [ 2.1362033, 41.4426325 ], [ 2.1362467, 41.442582 ], [ 2.1362709, 41.4425499 ], [ 2.1362928, 41.4425074 ], [ 2.1363032, 41.4424633 ], [ 2.1362846, 41.4424217 ], [ 2.1362856, 41.4423767 ], [ 2.1363012, 41.4423055 ], [ 2.1363229, 41.4422335 ], [ 2.1363659, 41.4421928 ], [ 2.1364142, 41.4421641 ], [ 2.1365057, 41.4420854 ], [ 2.1385702, 41.4406376 ], [ 2.1411395, 41.4396136 ], [ 2.1431235, 41.4403572 ], [ 2.1435699, 41.4399936 ], [ 2.1439651, 41.4395266 ], [ 2.1450859, 41.4391043 ], [ 2.1458206, 41.4386209 ], [ 2.1462568, 41.4386311 ], [ 2.1463644, 41.4385647 ], [ 2.1471838, 41.4381141 ], [ 2.1472681, 41.4379299 ], [ 2.1475161, 41.4380396 ], [ 2.1478744, 41.4377376 ], [ 2.1479513, 41.4376678 ], [ 2.1479778, 41.4376438 ], [ 2.1480999, 41.4374151 ], [ 2.148175, 41.4370378 ], [ 2.1481843, 41.4368934 ], [ 2.1482106, 41.4367229 ], [ 2.1483228, 41.436253 ], [ 2.1482981, 41.4361638 ], [ 2.1486555, 41.4359347 ], [ 2.1483705, 41.4356957 ], [ 2.1482979, 41.435635 ], [ 2.1482004, 41.4355531 ], [ 2.1478707, 41.4352359 ], [ 2.1478057, 41.4351671 ], [ 2.1476149, 41.434965 ], [ 2.1473616, 41.4346572 ], [ 2.1472241, 41.4344746 ], [ 2.1469463, 41.4340418 ], [ 2.1469281, 41.434007 ], [ 2.1468038, 41.4337145 ], [ 2.1465721, 41.433262 ], [ 2.1463355, 41.432763 ], [ 2.1462946, 41.4326747 ], [ 2.1461358, 41.4323349 ], [ 2.1459849, 41.4319968 ], [ 2.145947, 41.4319147 ], [ 2.1458999, 41.4318138 ], [ 2.1458539, 41.4317254 ], [ 2.1458191, 41.431653 ], [ 2.1457394, 41.4314839 ], [ 2.1457109, 41.4314256 ], [ 2.1456471, 41.4312864 ], [ 2.1455861, 41.4311532 ], [ 2.1455205, 41.4310088 ], [ 2.1454535, 41.4308614 ], [ 2.1454011, 41.4307364 ], [ 2.1453852, 41.4306922 ], [ 2.1453674, 41.4306246 ], [ 2.1453422, 41.4305599 ], [ 2.14531, 41.4304899 ], [ 2.1452954, 41.4304578 ], [ 2.1452353, 41.4303255 ], [ 2.1450921, 41.4300225 ], [ 2.1448496, 41.4295045 ], [ 2.1448059, 41.4294307 ], [ 2.1445807, 41.4289358 ], [ 2.1445196, 41.4287997 ], [ 2.1444964, 41.4287532 ], [ 2.1444407, 41.4286425 ], [ 2.144099, 41.4279639 ], [ 2.1440695, 41.4279035 ], [ 2.1439919, 41.4277441 ], [ 2.14386, 41.4274591 ], [ 2.1438502, 41.4274394 ], [ 2.1438154, 41.4273698 ], [ 2.1437707, 41.42728 ], [ 2.1437339, 41.4272198 ], [ 2.1437078, 41.4271667 ], [ 2.1435672, 41.4268526 ], [ 2.1435322, 41.426797 ], [ 2.1434618, 41.4266314 ], [ 2.1434522, 41.4265265 ], [ 2.1433258, 41.4262503 ], [ 2.1431865, 41.4259524 ], [ 2.1430758, 41.4257146 ], [ 2.1429601, 41.4254622 ], [ 2.1428584, 41.4252408 ], [ 2.1426893, 41.4248788 ], [ 2.142656, 41.4247441 ], [ 2.1425961, 41.4246599 ], [ 2.1425732, 41.4246657 ], [ 2.1423991, 41.4247159 ], [ 2.1421175, 41.424797 ], [ 2.1420285, 41.4248594 ], [ 2.1418944, 41.4248967 ], [ 2.1418463, 41.4249101 ], [ 2.1417242, 41.424944 ], [ 2.1417094, 41.4249481 ], [ 2.1414266, 41.4250318 ], [ 2.1413806, 41.4250457 ], [ 2.1413423, 41.4250572 ], [ 2.1409137, 41.4251759 ], [ 2.1408445, 41.4251937 ], [ 2.1404373, 41.4252952 ], [ 2.1403345, 41.4253217 ], [ 2.1399049, 41.4254347 ], [ 2.139837, 41.4254576 ], [ 2.1398119, 41.4254701 ], [ 2.1397898, 41.4254874 ], [ 2.1396404, 41.4257337 ], [ 2.1396216, 41.4257647 ], [ 2.1395005, 41.4259634 ], [ 2.1394427, 41.4260582 ], [ 2.1392016, 41.4264538 ], [ 2.1392409, 41.4265416 ], [ 2.1393707, 41.4268275 ], [ 2.1393796, 41.4268493 ], [ 2.1393387, 41.4268588 ], [ 2.1392445, 41.426881 ], [ 2.1392608, 41.4269182 ], [ 2.1392587, 41.4269225 ], [ 2.1392413, 41.4269583 ], [ 2.1392321, 41.4269608 ], [ 2.1391808, 41.4269478 ], [ 2.139166, 41.4269088 ], [ 2.1389853, 41.4269511 ], [ 2.1389906, 41.4269626 ], [ 2.1387339, 41.4273274 ], [ 2.1384601, 41.4277164 ], [ 2.138361, 41.4278576 ], [ 2.1382714, 41.4279687 ], [ 2.1382983, 41.4280333 ], [ 2.1382426, 41.4280498 ], [ 2.1380679, 41.4281014 ], [ 2.1377273, 41.428202 ], [ 2.1375412, 41.4282696 ], [ 2.1374778, 41.4282957 ], [ 2.137592, 41.4284423 ], [ 2.1379741, 41.4289322 ], [ 2.1380397, 41.4290259 ], [ 2.1380955, 41.4291257 ], [ 2.1381931, 41.4293567 ], [ 2.1382192, 41.4294184 ], [ 2.1382976, 41.4296038 ], [ 2.1383434, 41.4296982 ], [ 2.1377896, 41.4298748 ], [ 2.1356199, 41.4299953 ], [ 2.1350172, 41.431592 ], [ 2.1344538, 41.4317706 ], [ 2.1344735, 41.4318592 ], [ 2.1344774, 41.4319077 ], [ 2.1344718, 41.4319562 ], [ 2.1344572, 41.4320451 ], [ 2.1344137, 41.4321483 ], [ 2.1342343, 41.4324197 ], [ 2.1341683, 41.4325195 ], [ 2.1341341, 41.4325731 ], [ 2.1341063, 41.4326288 ], [ 2.1340853, 41.4326861 ], [ 2.1340746, 41.432727 ], [ 2.1340673, 41.4327684 ], [ 2.1340623, 41.4328525 ], [ 2.1340665, 41.4329108 ], [ 2.1340769, 41.4329687 ], [ 2.1340935, 41.4330257 ], [ 2.1341161, 41.4330816 ], [ 2.1341447, 41.4331359 ], [ 2.1341789, 41.4331884 ], [ 2.1346107, 41.4337457 ], [ 2.1346325, 41.4337798 ], [ 2.1346488, 41.4338155 ], [ 2.1346595, 41.4338525 ], [ 2.1346648, 41.433902 ], [ 2.1346599, 41.4339515 ], [ 2.1346432, 41.4339996 ], [ 2.1346153, 41.4340446 ], [ 2.1345771, 41.4340851 ], [ 2.1345298, 41.4341198 ], [ 2.1344749, 41.4341476 ], [ 2.1344143, 41.4341675 ], [ 2.1343571, 41.4341781 ], [ 2.1342984, 41.4341817 ], [ 2.1342397, 41.4341782 ], [ 2.1341824, 41.4341677 ], [ 2.1341282, 41.4341505 ], [ 2.1340783, 41.434127 ], [ 2.1340155, 41.4340416 ], [ 2.1339979, 41.4340193 ], [ 2.1339759, 41.4339888 ], [ 2.13396, 41.4339617 ], [ 2.1339469, 41.4339322 ], [ 2.1339322, 41.4338969 ], [ 2.133652, 41.4330319 ], [ 2.1336389, 41.4329703 ], [ 2.133631, 41.4329263 ], [ 2.1336254, 41.4328823 ], [ 2.1336226, 41.432837 ], [ 2.1336219, 41.4327917 ], [ 2.1336272, 41.4327356 ], [ 2.1336359, 41.4326786 ], [ 2.1336732, 41.4325682 ], [ 2.1337165, 41.4324664 ], [ 2.1337695, 41.4323673 ], [ 2.1338746, 41.432174 ], [ 2.1338906, 41.4321264 ], [ 2.1339012, 41.432078 ], [ 2.1339052, 41.4320384 ], [ 2.1339053, 41.4319992 ], [ 2.1338988, 41.4319536 ], [ 2.1338856, 41.4319124 ], [ 2.1338614, 41.4318681 ], [ 2.1338372, 41.4318356 ], [ 2.1338068, 41.4318056 ], [ 2.1337587, 41.4317675 ], [ 2.1336855, 41.4317233 ], [ 2.1336125, 41.431695 ], [ 2.13354, 41.4316758 ], [ 2.1334898, 41.4316705 ], [ 2.1334387, 41.4316688 ], [ 2.1334028, 41.4316689 ], [ 2.1333668, 41.4316705 ], [ 2.1333032, 41.4316794 ], [ 2.133238, 41.4316959 ], [ 2.1325495, 41.4319257 ], [ 2.1324863, 41.4319449 ], [ 2.1324241, 41.4319595 ], [ 2.1323627, 41.4319701 ], [ 2.1323075, 41.4319756 ], [ 2.1322513, 41.4319764 ], [ 2.1321973, 41.4319727 ], [ 2.1321405, 41.4319638 ], [ 2.1320779, 41.4319483 ], [ 2.1319951, 41.4318982 ], [ 2.1319121, 41.4318541 ], [ 2.1315813, 41.4316777 ], [ 2.1313717, 41.4316098 ], [ 2.1312709, 41.4315938 ], [ 2.1311579, 41.4315862 ], [ 2.1310373, 41.4315967 ], [ 2.1309241, 41.4316129 ], [ 2.1307572, 41.4316527 ], [ 2.1306458, 41.431677 ], [ 2.1302868, 41.4317711 ], [ 2.130198, 41.4317935 ], [ 2.1298636, 41.4318514 ], [ 2.1298181, 41.4318652 ], [ 2.1297271, 41.4318576 ], [ 2.1296498, 41.4318466 ], [ 2.1292832, 41.431787 ], [ 2.1290765, 41.4317643 ], [ 2.1289267, 41.4317633 ], [ 2.1286709, 41.4317877 ], [ 2.1283208, 41.4318268 ], [ 2.12797, 41.431869 ], [ 2.1278326, 41.4318787 ], [ 2.1277278, 41.4318816 ], [ 2.1274759, 41.4318731 ], [ 2.1272216, 41.431836 ], [ 2.1271224, 41.431813 ], [ 2.1269784, 41.4317724 ], [ 2.1268434, 41.4317191 ], [ 2.1267848, 41.4316877 ], [ 2.1267198, 41.4316512 ], [ 2.1266577, 41.431614 ], [ 2.1265926, 41.4315693 ], [ 2.1263924, 41.4316899 ], [ 2.1263141, 41.4317232 ], [ 2.1262698, 41.4317512 ], [ 2.1262128, 41.4317981 ], [ 2.1260524, 41.4319296 ], [ 2.1260263, 41.4319504 ] ] ] } },
{ "type": "Feature", "properties": { "neighborhood": "la Vall d'Hebron", "admin_level": "10" }, "geometry": { "type": "Polygon", "coordinates": [ [ [ 2.1425961, 41.4246599 ], [ 2.142656, 41.4247441 ], [ 2.1426893, 41.4248788 ], [ 2.1428584, 41.4252408 ], [ 2.1429601, 41.4254622 ], [ 2.1430758, 41.4257146 ], [ 2.1431865, 41.4259524 ], [ 2.1433258, 41.4262503 ], [ 2.1434522, 41.4265265 ], [ 2.1434618, 41.4266314 ], [ 2.1435322, 41.426797 ], [ 2.1435672, 41.4268526 ], [ 2.1437078, 41.4271667 ], [ 2.1437339, 41.4272198 ], [ 2.1437707, 41.42728 ], [ 2.1438154, 41.4273698 ], [ 2.1438502, 41.4274394 ], [ 2.14386, 41.4274591 ], [ 2.1439919, 41.4277441 ], [ 2.1440695, 41.4279035 ], [ 2.144099, 41.4279639 ], [ 2.1444407, 41.4286425 ], [ 2.1444964, 41.4287532 ], [ 2.1445196, 41.4287997 ], [ 2.1445807, 41.4289358 ], [ 2.1448059, 41.4294307 ], [ 2.1448496, 41.4295045 ], [ 2.1450921, 41.4300225 ], [ 2.1452353, 41.4303255 ], [ 2.1452954, 41.4304578 ], [ 2.14531, 41.4304899 ], [ 2.1453422, 41.4305599 ], [ 2.1453674, 41.4306246 ], [ 2.1453852, 41.4306922 ], [ 2.1454011, 41.4307364 ], [ 2.1454535, 41.4308614 ], [ 2.1455205, 41.4310088 ], [ 2.1455861, 41.4311532 ], [ 2.1456471, 41.4312864 ], [ 2.1457109, 41.4314256 ], [ 2.1457394, 41.4314839 ], [ 2.1458191, 41.431653 ], [ 2.1458539, 41.4317254 ], [ 2.1458999, 41.4318138 ], [ 2.145947, 41.4319147 ], [ 2.1459849, 41.4319968 ], [ 2.1461358, 41.4323349 ], [ 2.1462946, 41.4326747 ], [ 2.1463355, 41.432763 ], [ 2.1465721, 41.433262 ], [ 2.1468038, 41.4337145 ], [ 2.1469281, 41.434007 ], [ 2.1469463, 41.4340418 ], [ 2.1472241, 41.4344746 ], [ 2.1473616, 41.4346572 ], [ 2.1476149, 41.434965 ], [ 2.1478057, 41.4351671 ], [ 2.1478707, 41.4352359 ], [ 2.1482004, 41.4355531 ], [ 2.1482979, 41.435635 ], [ 2.1483705, 41.4356957 ], [ 2.1486555, 41.4359347 ], [ 2.1487581, 41.4360084 ], [ 2.1492949, 41.4363942 ], [ 2.1497795, 41.436678 ], [ 2.150263, 41.4369206 ], [ 2.15038, 41.4369717 ], [ 2.1507388, 41.4371432 ], [ 2.1509884, 41.437242 ], [ 2.151424, 41.4373102 ], [ 2.1515197, 41.4373248 ], [ 2.1516168, 41.4373323 ], [ 2.1517145, 41.4373324 ], [ 2.1518103, 41.4373254 ], [ 2.1519048, 41.4373115 ], [ 2.1519988, 41.4372897 ], [ 2.1520884, 41.4372651 ], [ 2.1521737, 41.437233 ], [ 2.1522534, 41.4371937 ], [ 2.1523267, 41.4371479 ], [ 2.1523886, 41.4370994 ], [ 2.1524432, 41.4370462 ], [ 2.1526003, 41.4369039 ], [ 2.1526603, 41.4368602 ], [ 2.1527859, 41.4367686 ], [ 2.1524634, 41.4364415 ], [ 2.1522325, 41.4362436 ], [ 2.1525027, 41.436061 ], [ 2.152606, 41.4359704 ], [ 2.1527777, 41.435789 ], [ 2.1528378, 41.4357374 ], [ 2.1528713, 41.4357086 ], [ 2.1529187, 41.4356826 ], [ 2.153002, 41.435637 ], [ 2.1531502, 41.4355902 ], [ 2.1531987, 41.4355862 ], [ 2.1533277, 41.4355756 ], [ 2.1534446, 41.4355653 ], [ 2.1534703, 41.4355632 ], [ 2.1535218, 41.4355597 ], [ 2.1535062, 41.435484 ], [ 2.1534962, 41.4354532 ], [ 2.1534696, 41.4353819 ], [ 2.1534331, 41.4353158 ], [ 2.1533696, 41.4352286 ], [ 2.1531221, 41.4349388 ], [ 2.153107, 41.4349221 ], [ 2.1529948, 41.4347668 ], [ 2.1529802, 41.4347459 ], [ 2.1529422, 41.4346917 ], [ 2.152838, 41.4345023 ], [ 2.1526267, 41.4339785 ], [ 2.1526089, 41.4339434 ], [ 2.1525967, 41.4339193 ], [ 2.1525765, 41.4338933 ], [ 2.1525452, 41.4338668 ], [ 2.1525113, 41.4338402 ], [ 2.1526142, 41.4332416 ], [ 2.1526838, 41.4332273 ], [ 2.1527365, 41.433208 ], [ 2.1527863, 41.4331855 ], [ 2.1528048, 41.4331744 ], [ 2.1528413, 41.4331539 ], [ 2.1529018, 41.4331105 ], [ 2.1529508, 41.4330614 ], [ 2.1529995, 41.4329909 ], [ 2.1530482, 41.432915 ], [ 2.1532673, 41.4325475 ], [ 2.1532759, 41.4325331 ], [ 2.1532942, 41.4325025 ], [ 2.1536444, 41.431912 ], [ 2.1537384, 41.4317562 ], [ 2.1537584, 41.4317231 ], [ 2.1538067, 41.4316429 ], [ 2.1538524, 41.4315701 ], [ 2.1538242, 41.4315887 ], [ 2.1537912, 41.4315983 ], [ 2.1537525, 41.4315965 ], [ 2.153704, 41.4315943 ], [ 2.153625, 41.4315731 ], [ 2.1535153, 41.4314902 ], [ 2.1533775, 41.431384 ], [ 2.1532701, 41.4312997 ], [ 2.1531891, 41.4312398 ], [ 2.1531174, 41.4311869 ], [ 2.1530237, 41.431113 ], [ 2.1528338, 41.43097 ], [ 2.1527748, 41.430931 ], [ 2.1527387, 41.4309156 ], [ 2.1526906, 41.4309005 ], [ 2.1526453, 41.4308917 ], [ 2.1525727, 41.4308907 ], [ 2.1522831, 41.4308952 ], [ 2.1509734, 41.4298453 ], [ 2.1510031, 41.429695 ], [ 2.1510651, 41.4293896 ], [ 2.151071, 41.4293603 ], [ 2.1510757, 41.4293285 ], [ 2.151084, 41.4292175 ], [ 2.1510845, 41.4291974 ], [ 2.151092, 41.4288605 ], [ 2.1510933, 41.4288033 ], [ 2.1510631, 41.4285659 ], [ 2.1510021, 41.4283338 ], [ 2.1509534, 41.4281945 ], [ 2.1509449, 41.4281695 ], [ 2.1509045, 41.4280549 ], [ 2.1508526, 41.4279345 ], [ 2.1507141, 41.4277364 ], [ 2.1505588, 41.4275541 ], [ 2.1504417, 41.4274396 ], [ 2.1503179, 41.4273078 ], [ 2.1501976, 41.4271571 ], [ 2.1501789, 41.4271337 ], [ 2.1501611, 41.4270956 ], [ 2.1500393, 41.4268644 ], [ 2.1500252, 41.4268077 ], [ 2.1499795, 41.4265762 ], [ 2.1499567, 41.4265444 ], [ 2.1498881, 41.4264485 ], [ 2.1498448, 41.4263881 ], [ 2.1497975, 41.4263691 ], [ 2.1497529, 41.4263465 ], [ 2.1497079, 41.4263152 ], [ 2.1496695, 41.4262793 ], [ 2.1496387, 41.4262395 ], [ 2.149616, 41.4261968 ], [ 2.149602, 41.426152 ], [ 2.149597, 41.4261027 ], [ 2.1496025, 41.4260534 ], [ 2.1496183, 41.4260054 ], [ 2.1496441, 41.42596 ], [ 2.1496792, 41.4259181 ], [ 2.1497216, 41.42588 ], [ 2.1497721, 41.4258479 ], [ 2.1498206, 41.4258269 ], [ 2.1498594, 41.4258144 ], [ 2.1498994, 41.4258041 ], [ 2.1499604, 41.4257932 ], [ 2.1500227, 41.4257874 ], [ 2.1498072, 41.425712 ], [ 2.1497624, 41.4256931 ], [ 2.1496252, 41.4256352 ], [ 2.1493678, 41.4255303 ], [ 2.1490345, 41.425346 ], [ 2.1486564, 41.4250815 ], [ 2.1482777, 41.4248122 ], [ 2.1479011, 41.4246063 ], [ 2.1478836, 41.4245989 ], [ 2.1476781, 41.424512 ], [ 2.1476114, 41.42449 ], [ 2.147293, 41.424385 ], [ 2.1471597, 41.4243343 ], [ 2.1471056, 41.4243175 ], [ 2.1469856, 41.4242876 ], [ 2.1468638, 41.4242634 ], [ 2.1467774, 41.4242483 ], [ 2.1466902, 41.4242364 ], [ 2.1465979, 41.4242272 ], [ 2.1465051, 41.4242215 ], [ 2.1463872, 41.4242173 ], [ 2.1462692, 41.4242178 ], [ 2.1461515, 41.4242231 ], [ 2.1460351, 41.4242329 ], [ 2.1459197, 41.4242474 ], [ 2.1456888, 41.4242939 ], [ 2.1451978, 41.4244036 ], [ 2.1451383, 41.4244143 ], [ 2.1450711, 41.4244263 ], [ 2.1449257, 41.4244382 ], [ 2.1448025, 41.4244434 ], [ 2.1446933, 41.4244433 ], [ 2.1445756, 41.4244383 ], [ 2.1445334, 41.4244344 ], [ 2.1444074, 41.4244219 ], [ 2.1442019, 41.4243977 ], [ 2.1440544, 41.4243867 ], [ 2.1439052, 41.4243792 ], [ 2.1437175, 41.4243768 ], [ 2.1435537, 41.4243909 ], [ 2.1434673, 41.4243984 ], [ 2.1433337, 41.4244222 ], [ 2.1432661, 41.4244382 ], [ 2.1431553, 41.4244678 ], [ 2.1428427, 41.4245793 ], [ 2.1427327, 41.4246274 ], [ 2.1425961, 41.4246599 ] ] ] } },
{ "type": "Feature", "properties": { "neighborhood": "la Clota", "admin_level": "10" }, "geometry": { "type": "Polygon", "coordinates": [ [ [ 2.1498448, 41.4263881 ], [ 2.1498881, 41.4264485 ], [ 2.1499567, 41.4265444 ], [ 2.1499795, 41.4265762 ], [ 2.1500252, 41.4268077 ], [ 2.1500393, 41.4268644 ], [ 2.1501611, 41.4270956 ], [ 2.1501789, 41.4271337 ], [ 2.1501976, 41.4271571 ], [ 2.1503179, 41.4273078 ], [ 2.1504417, 41.4274396 ], [ 2.1505588, 41.4275541 ], [ 2.1507141, 41.4277364 ], [ 2.1508526, 41.4279345 ], [ 2.1509045, 41.4280549 ], [ 2.1509449, 41.4281695 ], [ 2.1509534, 41.4281945 ], [ 2.1510021, 41.4283338 ], [ 2.1510631, 41.4285659 ], [ 2.1510933, 41.4288033 ], [ 2.151092, 41.4288605 ], [ 2.1510845, 41.4291974 ], [ 2.151084, 41.4292175 ], [ 2.1510757, 41.4293285 ], [ 2.151071, 41.4293603 ], [ 2.1510651, 41.4293896 ], [ 2.1510031, 41.429695 ], [ 2.1509734, 41.4298453 ], [ 2.1522831, 41.4308952 ], [ 2.1525727, 41.4308907 ], [ 2.1526453, 41.4308917 ], [ 2.1526906, 41.4309005 ], [ 2.1527387, 41.4309156 ], [ 2.1527748, 41.430931 ], [ 2.1528338, 41.43097 ], [ 2.1530237, 41.431113 ], [ 2.1531174, 41.4311869 ], [ 2.1531891, 41.4312398 ], [ 2.1532701, 41.4312997 ], [ 2.1533775, 41.431384 ], [ 2.1535153, 41.4314902 ], [ 2.153625, 41.4315731 ], [ 2.153704, 41.4315943 ], [ 2.1537525, 41.4315965 ], [ 2.1537912, 41.4315983 ], [ 2.1538242, 41.4315887 ], [ 2.1538524, 41.4315701 ], [ 2.1539586, 41.4314364 ], [ 2.154022, 41.4313704 ], [ 2.1541141, 41.4312865 ], [ 2.1541734, 41.4312365 ], [ 2.1542447, 41.431183 ], [ 2.1544161, 41.4310713 ], [ 2.1545651, 41.4309809 ], [ 2.1546083, 41.4309546 ], [ 2.1549623, 41.43074 ], [ 2.1550666, 41.4306766 ], [ 2.15536, 41.4305021 ], [ 2.1554018, 41.4304738 ], [ 2.1554392, 41.4304486 ], [ 2.1554784, 41.4304126 ], [ 2.1555298, 41.4303598 ], [ 2.1556457, 41.4302296 ], [ 2.1557485, 41.4301198 ], [ 2.1557948, 41.4300616 ], [ 2.1558138, 41.4300377 ], [ 2.1558105, 41.4300053 ], [ 2.1558233, 41.4299701 ], [ 2.1558491, 41.4299361 ], [ 2.1559811, 41.4297915 ], [ 2.1560506, 41.4297107 ], [ 2.1563799, 41.4293775 ], [ 2.1564702, 41.429279 ], [ 2.1564876, 41.4292339 ], [ 2.1564879, 41.4291664 ], [ 2.1564873, 41.4290688 ], [ 2.1565309, 41.4290684 ], [ 2.1565721, 41.4290681 ], [ 2.156621, 41.4290678 ], [ 2.1566562, 41.4290595 ], [ 2.1566859, 41.429043 ], [ 2.1567069, 41.4290202 ], [ 2.1567168, 41.4289934 ], [ 2.1567146, 41.4289657 ], [ 2.1567045, 41.4289397 ], [ 2.1566835, 41.4289128 ], [ 2.1566549, 41.4288908 ], [ 2.156458, 41.4288171 ], [ 2.156417, 41.4288033 ], [ 2.156377, 41.42879 ], [ 2.1561798, 41.4287246 ], [ 2.1559684, 41.4286536 ], [ 2.1557188, 41.428566 ], [ 2.1554642, 41.4284695 ], [ 2.1552814, 41.4283944 ], [ 2.1552216, 41.428366 ], [ 2.1551198, 41.4283183 ], [ 2.154974, 41.4282451 ], [ 2.154781, 41.4281346 ], [ 2.1547576, 41.4281203 ], [ 2.1545385, 41.4279728 ], [ 2.1544365, 41.4278963 ], [ 2.154263, 41.4277662 ], [ 2.154218, 41.4277364 ], [ 2.1540096, 41.4276094 ], [ 2.1538801, 41.4275302 ], [ 2.1538455, 41.4275098 ], [ 2.1538374, 41.4275054 ], [ 2.1538159, 41.4274923 ], [ 2.1535995, 41.4273824 ], [ 2.1533795, 41.4272876 ], [ 2.1531529, 41.427197 ], [ 2.1524958, 41.4269403 ], [ 2.1523387, 41.426863 ], [ 2.1521881, 41.4267644 ], [ 2.1520716, 41.4266651 ], [ 2.1519657, 41.4265674 ], [ 2.1518415, 41.4264844 ], [ 2.1516243, 41.4263769 ], [ 2.1514263, 41.4263152 ], [ 2.1513325, 41.4262913 ], [ 2.1509827, 41.426221 ], [ 2.1508186, 41.4261981 ], [ 2.1506817, 41.426189 ], [ 2.1506485, 41.4261879 ], [ 2.1505198, 41.4261836 ], [ 2.1504172, 41.4261802 ], [ 2.1504322, 41.4261117 ], [ 2.1504324, 41.4260423 ], [ 2.1504151, 41.4260009 ], [ 2.1503907, 41.4259615 ], [ 2.1503584, 41.4259233 ], [ 2.1503194, 41.4258887 ], [ 2.1502745, 41.4258584 ], [ 2.1502249, 41.425833 ], [ 2.1501713, 41.4258129 ], [ 2.1501145, 41.4257983 ], [ 2.1500556, 41.4257896 ], [ 2.1500227, 41.4257874 ], [ 2.1499604, 41.4257932 ], [ 2.1498994, 41.4258041 ], [ 2.1498594, 41.4258144 ], [ 2.1498206, 41.4258269 ], [ 2.1497721, 41.4258479 ], [ 2.1497216, 41.42588 ], [ 2.1496792, 41.4259181 ], [ 2.1496441, 41.42596 ], [ 2.1496183, 41.4260054 ], [ 2.1496025, 41.4260534 ], [ 2.149597, 41.4261027 ], [ 2.149602, 41.426152 ], [ 2.149616, 41.4261968 ], [ 2.1496387, 41.4262395 ], [ 2.1496695, 41.4262793 ], [ 2.1497079, 41.4263152 ], [ 2.1497529, 41.4263465 ], [ 2.1497975, 41.4263691 ], [ 2.1498448, 41.4263881 ] ] ] } },
{ "type": "Feature", "properties": { "neighborhood": "Horta", "admin_level": "10" }, "geometry": { "type": "Polygon", "coordinates": [ [ [ 2.1326085, 41.4448144 ], [ 2.1328188, 41.4451976 ], [ 2.1332774, 41.4456829 ], [ 2.1336247, 41.4458691 ], [ 2.1335946, 41.4459118 ], [ 2.134104, 41.4469063 ], [ 2.1345555, 41.4474713 ], [ 2.1349954, 41.4475867 ], [ 2.1367624, 41.4476876 ], [ 2.1376417, 41.4480624 ], [ 2.1379524, 41.4480575 ], [ 2.1415253, 41.4470871 ], [ 2.1421846, 41.4471026 ], [ 2.1430354, 41.4477217 ], [ 2.1448707, 41.4480805 ], [ 2.1459177, 41.4478535 ], [ 2.1488599, 41.4469292 ], [ 2.1495032, 41.4470444 ], [ 2.1509969, 41.4474725 ], [ 2.1523994, 41.4472024 ], [ 2.1535056, 41.447873 ], [ 2.153541, 41.4487717 ], [ 2.154058, 41.4494057 ], [ 2.1560531, 41.4502703 ], [ 2.1573736, 41.4500219 ], [ 2.1589415, 41.4507081 ], [ 2.1593781, 41.4493342 ], [ 2.159345, 41.4493208 ], [ 2.1593118, 41.4492979 ], [ 2.1592762, 41.4492631 ], [ 2.1592144, 41.4491861 ], [ 2.159138, 41.449075 ], [ 2.159083, 41.448997 ], [ 2.158912, 41.448805 ], [ 2.1587371, 41.4485327 ], [ 2.1583073, 41.4480384 ], [ 2.158103, 41.447858 ], [ 2.157923, 41.4477 ], [ 2.157825, 41.447628 ], [ 2.1576315, 41.4475293 ], [ 2.1575345, 41.4474909 ], [ 2.1574284, 41.4474616 ], [ 2.1571645, 41.4474551 ], [ 2.1571157, 41.4474514 ], [ 2.1570845, 41.4474456 ], [ 2.1570619, 41.4474385 ], [ 2.157045, 41.4474279 ], [ 2.1570332, 41.4474122 ], [ 2.1570299, 41.4473979 ], [ 2.1570317, 41.4473836 ], [ 2.1570435, 41.4473606 ], [ 2.157062, 41.4473376 ], [ 2.1571038, 41.4472996 ], [ 2.1571993, 41.4472445 ], [ 2.1573254, 41.4471872 ], [ 2.1574245, 41.447125 ], [ 2.1574664, 41.4470936 ], [ 2.1575005, 41.4470632 ], [ 2.1575234, 41.4470331 ], [ 2.1575404, 41.4470063 ], [ 2.1575542, 41.446975 ], [ 2.1575613, 41.4469436 ], [ 2.15758, 41.446807 ], [ 2.1576371, 41.4466583 ], [ 2.1576409, 41.4466365 ], [ 2.1576362, 41.4466146 ], [ 2.1576106, 41.4465805 ], [ 2.1574271, 41.4463783 ], [ 2.1572812, 41.446102 ], [ 2.1571824, 41.4459832 ], [ 2.157071, 41.4459597 ], [ 2.1567479, 41.4458997 ], [ 2.1565691, 41.445868 ], [ 2.1562919, 41.4458117 ], [ 2.1562334, 41.4457998 ], [ 2.1560499, 41.445781 ], [ 2.1558554, 41.4457763 ], [ 2.1557252, 41.445734 ], [ 2.1556987, 41.4456808 ], [ 2.1556907, 41.4456646 ], [ 2.1557205, 41.4455835 ], [ 2.1558852, 41.4455576 ], [ 2.1559944, 41.445548 ], [ 2.1561416, 41.4455112 ], [ 2.1561925, 41.4454962 ], [ 2.1562333, 41.4454836 ], [ 2.156316, 41.4454581 ], [ 2.156703, 41.445277 ], [ 2.1569374, 41.4451748 ], [ 2.157038, 41.4451229 ], [ 2.1571118, 41.4450849 ], [ 2.1572154, 41.445055 ], [ 2.1574079, 41.4449896 ], [ 2.1575224, 41.4449447 ], [ 2.1576659, 41.4448439 ], [ 2.1577804, 41.4447554 ], [ 2.1578494, 41.444675 ], [ 2.1579148, 41.4445865 ], [ 2.157972, 41.444452 ], [ 2.1579746, 41.4443255 ], [ 2.1579942, 41.4441848 ], [ 2.158058, 41.444113 ], [ 2.1581428, 41.4440895 ], [ 2.1582542, 41.4440338 ], [ 2.1583246, 41.4439664 ], [ 2.1583735, 41.4438975 ], [ 2.158452, 41.443743 ], [ 2.1584791, 41.443619 ], [ 2.158557, 41.443403 ], [ 2.1585941, 41.4432545 ], [ 2.1587106, 41.4430097 ], [ 2.1587861, 41.442906 ], [ 2.158939, 41.4426938 ], [ 2.1590012, 41.4425978 ], [ 2.1590357, 41.4425447 ], [ 2.1590811, 41.442478 ], [ 2.1591383, 41.4424112 ], [ 2.1591994, 41.442369 ], [ 2.159638, 41.4421329 ], [ 2.1596871, 41.4421011 ], [ 2.1597153, 41.4421568 ], [ 2.1597403, 41.4422015 ], [ 2.1597708, 41.4422421 ], [ 2.159809, 41.4422796 ], [ 2.1598545, 41.4423154 ], [ 2.1599183, 41.4423543 ], [ 2.1599766, 41.4423853 ], [ 2.1599922, 41.4423566 ], [ 2.1601269, 41.4422018 ], [ 2.1604269, 41.4420997 ], [ 2.1613763, 41.4416769 ], [ 2.1614862, 41.4418152 ], [ 2.1615093, 41.4417668 ], [ 2.161551, 41.4417237 ], [ 2.1615975, 41.4416903 ], [ 2.1616651, 41.441655 ], [ 2.1617383, 41.4416211 ], [ 2.161816, 41.4415862 ], [ 2.1621423, 41.4414335 ], [ 2.162255, 41.4413843 ], [ 2.1624187, 41.4413156 ], [ 2.1624232, 41.4412535 ], [ 2.1624345, 41.4410963 ], [ 2.1625409, 41.4409128 ], [ 2.1626227, 41.4407722 ], [ 2.1625552, 41.440782 ], [ 2.1624864, 41.4407901 ], [ 2.1624363, 41.4407929 ], [ 2.1623465, 41.4407918 ], [ 2.1622766, 41.4407853 ], [ 2.1621767, 41.4407703 ], [ 2.16208, 41.4407464 ], [ 2.1619878, 41.4407141 ], [ 2.1619014, 41.4406737 ], [ 2.1618221, 41.4406258 ], [ 2.161776, 41.4405919 ], [ 2.1617334, 41.4405554 ], [ 2.1616947, 41.4405166 ], [ 2.16166, 41.4404757 ], [ 2.1616063, 41.4403706 ], [ 2.1615752, 41.4402544 ], [ 2.1615641, 41.4401964 ], [ 2.1615601, 41.440138 ], [ 2.1615633, 41.4400795 ], [ 2.1615736, 41.4400215 ], [ 2.1615971, 41.4399485 ], [ 2.1616319, 41.4398781 ], [ 2.1616774, 41.4398113 ], [ 2.1617331, 41.4397489 ], [ 2.1617982, 41.4396919 ], [ 2.1618079, 41.4396832 ], [ 2.1618731, 41.4396345 ], [ 2.161953, 41.439581 ], [ 2.1617759, 41.4392502 ], [ 2.1618439, 41.4391623 ], [ 2.161902, 41.4390826 ], [ 2.1620607, 41.438911 ], [ 2.1622691, 41.438722 ], [ 2.1624188, 41.4386005 ], [ 2.1627236, 41.4384062 ], [ 2.1628388, 41.4383328 ], [ 2.1628746, 41.4383081 ], [ 2.1629251, 41.4382798 ], [ 2.1636518, 41.4378718 ], [ 2.1631263, 41.4373295 ], [ 2.1635454, 41.4371546 ], [ 2.1633883, 41.4368425 ], [ 2.1632399, 41.4365477 ], [ 2.1634008, 41.4365014 ], [ 2.164138, 41.4362905 ], [ 2.1642672, 41.4362535 ], [ 2.1642178, 41.4361484 ], [ 2.1641158, 41.4359312 ], [ 2.1638693, 41.4353874 ], [ 2.1638306, 41.435302 ], [ 2.1638013, 41.4352149 ], [ 2.1637226, 41.4349806 ], [ 2.1636204, 41.4346877 ], [ 2.1635809, 41.434563 ], [ 2.1635433, 41.4344429 ], [ 2.1634759, 41.4341931 ], [ 2.1633933, 41.4339407 ], [ 2.1633457, 41.4337946 ], [ 2.1633306, 41.4337358 ], [ 2.1633177, 41.4336856 ], [ 2.1633053, 41.433637 ], [ 2.1632308, 41.4333461 ], [ 2.1631955, 41.4332084 ], [ 2.1631901, 41.4331874 ], [ 2.1631574, 41.4330599 ], [ 2.1631179, 41.4328934 ], [ 2.1631177, 41.4328591 ], [ 2.1631171, 41.4327443 ], [ 2.1631168, 41.4326749 ], [ 2.1630861, 41.4325604 ], [ 2.1630964, 41.4323334 ], [ 2.163133, 41.4322807 ], [ 2.1631638, 41.4321303 ], [ 2.1632294, 41.4319378 ], [ 2.163345, 41.43174 ], [ 2.1634183, 41.4316375 ], [ 2.1635355, 41.4314847 ], [ 2.163716, 41.4312874 ], [ 2.1639724, 41.4310392 ], [ 2.1640687, 41.4309591 ], [ 2.1640943, 41.4309378 ], [ 2.1644119, 41.4306749 ], [ 2.1645565, 41.4305733 ], [ 2.1648173, 41.4303857 ], [ 2.1648367, 41.4303716 ], [ 2.1652112, 41.430171 ], [ 2.1652951, 41.4301279 ], [ 2.1658165, 41.4298195 ], [ 2.1660592, 41.429676 ], [ 2.1661527, 41.4296207 ], [ 2.1661279, 41.4296062 ], [ 2.1660972, 41.4295883 ], [ 2.1660537, 41.4295629 ], [ 2.1660277, 41.4295477 ], [ 2.1657505, 41.4293921 ], [ 2.1653696, 41.4291796 ], [ 2.165033, 41.4289916 ], [ 2.164979, 41.4289595 ], [ 2.1648094, 41.4288587 ], [ 2.1647222, 41.4288014 ], [ 2.1638872, 41.4282533 ], [ 2.1638374, 41.4282206 ], [ 2.1637336, 41.4281512 ], [ 2.1636379, 41.4280873 ], [ 2.1637226, 41.4280428 ], [ 2.1638493, 41.427992 ], [ 2.1636929, 41.4279501 ], [ 2.1633901, 41.4277807 ], [ 2.1630169, 41.4276091 ], [ 2.1629044, 41.4275574 ], [ 2.1620548, 41.4272171 ], [ 2.1620143, 41.4272009 ], [ 2.1618759, 41.4271452 ], [ 2.1612552, 41.4268955 ], [ 2.160657, 41.4266382 ], [ 2.1603252, 41.4265028 ], [ 2.1601178, 41.4264182 ], [ 2.1600427, 41.4263875 ], [ 2.1599913, 41.4263671 ], [ 2.1599624, 41.4263557 ], [ 2.159448, 41.4261653 ], [ 2.1592888, 41.4261068 ], [ 2.1592169, 41.4260804 ], [ 2.1591492, 41.4260425 ], [ 2.1590264, 41.4259737 ], [ 2.1585792, 41.4257273 ], [ 2.1585047, 41.4256859 ], [ 2.1584366, 41.4256423 ], [ 2.1584063, 41.4256226 ], [ 2.1583831, 41.4256024 ], [ 2.1583498, 41.4255348 ], [ 2.1582935, 41.4257849 ], [ 2.1582616, 41.4259378 ], [ 2.1581655, 41.4263993 ], [ 2.1581466, 41.4264752 ], [ 2.1581757, 41.4265189 ], [ 2.1581712, 41.4265873 ], [ 2.1580887, 41.4269766 ], [ 2.158064, 41.4271994 ], [ 2.1579831, 41.4275612 ], [ 2.1579756, 41.4276169 ], [ 2.1579439, 41.4276553 ], [ 2.157919, 41.4277888 ], [ 2.1579073, 41.42783 ], [ 2.1578281, 41.4281849 ], [ 2.1578188, 41.4282265 ], [ 2.157788, 41.4283759 ], [ 2.1577635, 41.4284922 ], [ 2.1578136, 41.4284973 ], [ 2.1579084, 41.4285071 ], [ 2.1579101, 41.4285351 ], [ 2.1579396, 41.4290276 ], [ 2.1579263, 41.4292367 ], [ 2.1579075, 41.4292512 ], [ 2.1578404, 41.4293032 ], [ 2.1577275, 41.4292621 ], [ 2.1576255, 41.4292282 ], [ 2.1575366, 41.4291973 ], [ 2.1575195, 41.4291914 ], [ 2.1569037, 41.4289774 ], [ 2.1568686, 41.4289651 ], [ 2.1566549, 41.4288908 ], [ 2.1566835, 41.4289128 ], [ 2.1567045, 41.4289397 ], [ 2.1567146, 41.4289657 ], [ 2.1567168, 41.4289934 ], [ 2.1567069, 41.4290202 ], [ 2.1566859, 41.429043 ], [ 2.1566562, 41.4290595 ], [ 2.156621, 41.4290678 ], [ 2.1565721, 41.4290681 ], [ 2.1565309, 41.4290684 ], [ 2.1564873, 41.4290688 ], [ 2.1564879, 41.4291664 ], [ 2.1564876, 41.4292339 ], [ 2.1564702, 41.429279 ], [ 2.1563799, 41.4293775 ], [ 2.1560506, 41.4297107 ], [ 2.1559811, 41.4297915 ], [ 2.1558491, 41.4299361 ], [ 2.1558233, 41.4299701 ], [ 2.1558105, 41.4300053 ], [ 2.1558138, 41.4300377 ], [ 2.1557948, 41.4300616 ], [ 2.1557485, 41.4301198 ], [ 2.1556457, 41.4302296 ], [ 2.1555298, 41.4303598 ], [ 2.1554784, 41.4304126 ], [ 2.1554392, 41.4304486 ], [ 2.1554018, 41.4304738 ], [ 2.15536, 41.4305021 ], [ 2.1550666, 41.4306766 ], [ 2.1549623, 41.43074 ], [ 2.1546083, 41.4309546 ], [ 2.1545651, 41.4309809 ], [ 2.1544161, 41.4310713 ], [ 2.1542447, 41.431183 ], [ 2.1541734, 41.4312365 ], [ 2.1541141, 41.4312865 ], [ 2.154022, 41.4313704 ], [ 2.1539586, 41.4314364 ], [ 2.1538524, 41.4315701 ], [ 2.1538067, 41.4316429 ], [ 2.1537584, 41.4317231 ], [ 2.1537384, 41.4317562 ], [ 2.1536444, 41.431912 ], [ 2.1532942, 41.4325025 ], [ 2.1532759, 41.4325331 ], [ 2.1532673, 41.4325475 ], [ 2.1530482, 41.432915 ], [ 2.1529995, 41.4329909 ], [ 2.1529508, 41.4330614 ], [ 2.1529018, 41.4331105 ], [ 2.1528413, 41.4331539 ], [ 2.1528048, 41.4331744 ], [ 2.1527863, 41.4331855 ], [ 2.1527365, 41.433208 ], [ 2.1526838, 41.4332273 ], [ 2.1526142, 41.4332416 ], [ 2.1525113, 41.4338402 ], [ 2.1525452, 41.4338668 ], [ 2.1525765, 41.4338933 ], [ 2.1525967, 41.4339193 ], [ 2.1526089, 41.4339434 ], [ 2.1526267, 41.4339785 ], [ 2.152838, 41.4345023 ], [ 2.1529422, 41.4346917 ], [ 2.1529802, 41.4347459 ], [ 2.1529948, 41.4347668 ], [ 2.153107, 41.4349221 ], [ 2.1531221, 41.4349388 ], [ 2.1533696, 41.4352286 ], [ 2.1534331, 41.4353158 ], [ 2.1534696, 41.4353819 ], [ 2.1534962, 41.4354532 ], [ 2.1535062, 41.435484 ], [ 2.1535218, 41.4355597 ], [ 2.1534703, 41.4355632 ], [ 2.1534446, 41.4355653 ], [ 2.1533277, 41.4355756 ], [ 2.1531987, 41.4355862 ], [ 2.1531502, 41.4355902 ], [ 2.153002, 41.435637 ], [ 2.1529187, 41.4356826 ], [ 2.1528713, 41.4357086 ], [ 2.1528378, 41.4357374 ], [ 2.1527777, 41.435789 ], [ 2.152606, 41.4359704 ], [ 2.1525027, 41.436061 ], [ 2.1522325, 41.4362436 ], [ 2.1524634, 41.4364415 ], [ 2.1527859, 41.4367686 ], [ 2.1526603, 41.4368602 ], [ 2.1526003, 41.4369039 ], [ 2.1524432, 41.4370462 ], [ 2.1523886, 41.4370994 ], [ 2.1523267, 41.4371479 ], [ 2.1522534, 41.4371937 ], [ 2.1521737, 41.437233 ], [ 2.1520884, 41.4372651 ], [ 2.1519988, 41.4372897 ], [ 2.1519048, 41.4373115 ], [ 2.1518103, 41.4373254 ], [ 2.1517145, 41.4373324 ], [ 2.1516168, 41.4373323 ], [ 2.1515197, 41.4373248 ], [ 2.151424, 41.4373102 ], [ 2.1509884, 41.437242 ], [ 2.1507388, 41.4371432 ], [ 2.15038, 41.4369717 ], [ 2.150263, 41.4369206 ], [ 2.1497795, 41.436678 ], [ 2.1492949, 41.4363942 ], [ 2.1487581, 41.4360084 ], [ 2.1486555, 41.4359347 ], [ 2.1482981, 41.4361638 ], [ 2.1483228, 41.436253 ], [ 2.1482106, 41.4367229 ], [ 2.1481843, 41.4368934 ], [ 2.148175, 41.4370378 ], [ 2.1480999, 41.4374151 ], [ 2.1479778, 41.4376438 ], [ 2.1479513, 41.4376678 ], [ 2.1478744, 41.4377376 ], [ 2.1475161, 41.4380396 ], [ 2.1472681, 41.4379299 ], [ 2.1471838, 41.4381141 ], [ 2.1463644, 41.4385647 ], [ 2.1462568, 41.4386311 ], [ 2.1458206, 41.4386209 ], [ 2.1450859, 41.4391043 ], [ 2.1439651, 41.4395266 ], [ 2.1435699, 41.4399936 ], [ 2.1431235, 41.4403572 ], [ 2.1411395, 41.4396136 ], [ 2.1385702, 41.4406376 ], [ 2.1365057, 41.4420854 ], [ 2.1364142, 41.4421641 ], [ 2.1363659, 41.4421928 ], [ 2.1363229, 41.4422335 ], [ 2.1363012, 41.4423055 ], [ 2.1362856, 41.4423767 ], [ 2.1362846, 41.4424217 ], [ 2.1363032, 41.4424633 ], [ 2.1362928, 41.4425074 ], [ 2.1362709, 41.4425499 ], [ 2.1362467, 41.442582 ], [ 2.1362033, 41.4426325 ], [ 2.1361774, 41.4426768 ], [ 2.1360743, 41.4428258 ], [ 2.13603, 41.4428718 ], [ 2.1359767, 41.4429112 ], [ 2.1359048, 41.4429437 ], [ 2.1358537, 41.4429669 ], [ 2.1358385, 41.4429863 ], [ 2.1358185, 41.4430011 ], [ 2.1357348, 41.4430253 ], [ 2.1356546, 41.4430461 ], [ 2.1356288, 41.4430665 ], [ 2.1356174, 41.4431067 ], [ 2.1356394, 41.4431859 ], [ 2.135635, 41.4432277 ], [ 2.1356189, 41.4432449 ], [ 2.135572, 41.4432816 ], [ 2.1355444, 41.443303 ], [ 2.1355138, 41.4433177 ], [ 2.1354573, 41.4433448 ], [ 2.135378, 41.4434142 ], [ 2.1352066, 41.4435203 ], [ 2.1352141, 41.4435371 ], [ 2.1352158, 41.4435547 ], [ 2.1352117, 41.4435721 ], [ 2.1352011, 41.4435893 ], [ 2.1351849, 41.4436038 ], [ 2.1351642, 41.4436146 ], [ 2.1349892, 41.4436913 ], [ 2.1346968, 41.4438161 ], [ 2.1344278, 41.4438983 ], [ 2.1342002, 41.4439468 ], [ 2.1341205, 41.4439655 ], [ 2.1340927, 41.4439785 ], [ 2.134069, 41.4439954 ], [ 2.1340499, 41.4440163 ], [ 2.1340372, 41.4440397 ], [ 2.1340313, 41.4440646 ], [ 2.1340158, 41.4441411 ], [ 2.1339959, 41.4442631 ], [ 2.1339561, 41.4443626 ], [ 2.1339105, 41.4444497 ], [ 2.1338345, 41.4445352 ], [ 2.1337218, 41.4446092 ], [ 2.1334046, 41.4447561 ], [ 2.1330807, 41.4449304 ], [ 2.1329942, 41.4449706 ], [ 2.1329499, 41.4449869 ], [ 2.1329066, 41.4449929 ], [ 2.1328572, 41.4449903 ], [ 2.1327984, 41.4449715 ], [ 2.1327438, 41.4449407 ], [ 2.1326558, 41.4448632 ], [ 2.1326085, 41.4448144 ] ] ] } },
{ "type": "Feature", "properties": { "neighborhood": "Vilapicina i la Torre Llobeta", "admin_level": "10" }, "geometry": { "type": "Polygon", "coordinates": [ [ [ 2.1636379, 41.4280873 ], [ 2.1637336, 41.4281512 ], [ 2.1638374, 41.4282206 ], [ 2.1638872, 41.4282533 ], [ 2.1647222, 41.4288014 ], [ 2.1648094, 41.4288587 ], [ 2.164979, 41.4289595 ], [ 2.165033, 41.4289916 ], [ 2.1653696, 41.4291796 ], [ 2.1657505, 41.4293921 ], [ 2.1660277, 41.4295477 ], [ 2.1660537, 41.4295629 ], [ 2.1660972, 41.4295883 ], [ 2.1661279, 41.4296062 ], [ 2.1661527, 41.4296207 ], [ 2.1660592, 41.429676 ], [ 2.1658165, 41.4298195 ], [ 2.1652951, 41.4301279 ], [ 2.1652112, 41.430171 ], [ 2.1648367, 41.4303716 ], [ 2.1648173, 41.4303857 ], [ 2.1645565, 41.4305733 ], [ 2.1644119, 41.4306749 ], [ 2.1640943, 41.4309378 ], [ 2.1641765, 41.4309366 ], [ 2.1642197, 41.4309276 ], [ 2.1645318, 41.4308088 ], [ 2.164779, 41.4307098 ], [ 2.1649795, 41.430618 ], [ 2.1650152, 41.4306059 ], [ 2.1651331, 41.4305658 ], [ 2.1653372, 41.4305127 ], [ 2.165496, 41.4304779 ], [ 2.1656661, 41.4304407 ], [ 2.1659222, 41.4303982 ], [ 2.1661144, 41.4303738 ], [ 2.1661456, 41.4304911 ], [ 2.1665036, 41.4304727 ], [ 2.1669465, 41.4304649 ], [ 2.1669779, 41.4304649 ], [ 2.1673229, 41.4304522 ], [ 2.1674205, 41.4304498 ], [ 2.1680416, 41.4304352 ], [ 2.1680638, 41.4304343 ], [ 2.1683414, 41.4304276 ], [ 2.1685308, 41.4304285 ], [ 2.1685648, 41.4304286 ], [ 2.1689964, 41.4304252 ], [ 2.1692878, 41.4304154 ], [ 2.1696593, 41.4304078 ], [ 2.1703791, 41.430393 ], [ 2.171856, 41.4303627 ], [ 2.1718927, 41.430362 ], [ 2.1719639, 41.4303605 ], [ 2.1720604, 41.4303585 ], [ 2.1720897, 41.4303579 ], [ 2.1725095, 41.4303493 ], [ 2.1725711, 41.430348 ], [ 2.1727915, 41.4303435 ], [ 2.1729208, 41.4303408 ], [ 2.1730708, 41.4303379 ], [ 2.1733038, 41.4303333 ], [ 2.173354, 41.4303321 ], [ 2.1733997, 41.430331 ], [ 2.17398, 41.4303191 ], [ 2.1740229, 41.4303189 ], [ 2.1740595, 41.4303186 ], [ 2.1740962, 41.4303181 ], [ 2.1741773, 41.4303178 ], [ 2.1742281, 41.4303171 ], [ 2.1744025, 41.4303147 ], [ 2.1745441, 41.4303182 ], [ 2.1746794, 41.4303285 ], [ 2.1748483, 41.4303245 ], [ 2.1749196, 41.4303212 ], [ 2.1749663, 41.4303198 ], [ 2.1755421, 41.4303027 ], [ 2.1763827, 41.4302945 ], [ 2.1764589, 41.4302931 ], [ 2.1765044, 41.4302925 ], [ 2.1767264, 41.4302912 ], [ 2.1772094, 41.4302881 ], [ 2.1772542, 41.4302881 ], [ 2.177365, 41.4302881 ], [ 2.1774935, 41.4302857 ], [ 2.1775621, 41.4302839 ], [ 2.1776373, 41.4302823 ], [ 2.1778128, 41.4302786 ], [ 2.1778228, 41.4302784 ], [ 2.1780616, 41.4302734 ], [ 2.1781233, 41.4302721 ], [ 2.1784141, 41.4302673 ], [ 2.1789205, 41.430259 ], [ 2.1790008, 41.4302577 ], [ 2.1791123, 41.4302563 ], [ 2.1791588, 41.4302558 ], [ 2.1798727, 41.4302471 ], [ 2.1801435, 41.4302431 ], [ 2.1807132, 41.4302346 ], [ 2.1808101, 41.4302332 ], [ 2.1809129, 41.4302319 ], [ 2.180955, 41.4302313 ], [ 2.1817565, 41.4302166 ], [ 2.1819842, 41.4302146 ], [ 2.1823298, 41.4302108 ], [ 2.1823988, 41.4302089 ], [ 2.1825592, 41.4302082 ], [ 2.1826754, 41.4302045 ], [ 2.182779, 41.4302007 ], [ 2.1828076, 41.4302001 ], [ 2.182944, 41.4301975 ], [ 2.1830384, 41.4300815 ], [ 2.1830635, 41.4300527 ], [ 2.1832366, 41.4298347 ], [ 2.1835282, 41.4294547 ], [ 2.1837205, 41.4291808 ], [ 2.1838646, 41.4289754 ], [ 2.1839176, 41.4288948 ], [ 2.1839636, 41.428825 ], [ 2.1839849, 41.4287896 ], [ 2.1840188, 41.4287435 ], [ 2.1840777, 41.4286516 ], [ 2.1841512, 41.4285489 ], [ 2.1842052, 41.4284679 ], [ 2.1843424, 41.4282558 ], [ 2.18435, 41.4281196 ], [ 2.1843438, 41.428053 ], [ 2.1843369, 41.4280001 ], [ 2.1843058, 41.4277543 ], [ 2.1842928, 41.4276835 ], [ 2.1842499, 41.4276758 ], [ 2.1842143, 41.4276715 ], [ 2.1841406, 41.4276723 ], [ 2.1825998, 41.4277118 ], [ 2.1825292, 41.4277142 ], [ 2.1824323, 41.4277176 ], [ 2.1820992, 41.4277292 ], [ 2.1816873, 41.4277436 ], [ 2.1808336, 41.4277733 ], [ 2.1807267, 41.427777 ], [ 2.1806647, 41.4277792 ], [ 2.1798164, 41.4278087 ], [ 2.1797371, 41.4278116 ], [ 2.1796199, 41.4278191 ], [ 2.1792289, 41.4278691 ], [ 2.1790288, 41.4279026 ], [ 2.1789301, 41.4279191 ], [ 2.1781569, 41.4280403 ], [ 2.1780747, 41.4280532 ], [ 2.177471, 41.4281627 ], [ 2.1774337, 41.4281694 ], [ 2.1772992, 41.4281938 ], [ 2.1772852, 41.4280222 ], [ 2.177283, 41.4279966 ], [ 2.1772585, 41.4277649 ], [ 2.1772537, 41.4276941 ], [ 2.1772463, 41.4276239 ], [ 2.1772437, 41.4275869 ], [ 2.1772431, 41.4275783 ], [ 2.1772415, 41.4274843 ], [ 2.1772404, 41.4274242 ], [ 2.1772425, 41.4272243 ], [ 2.1772442, 41.4270629 ], [ 2.1772484, 41.4268611 ], [ 2.1772502, 41.4268309 ], [ 2.1772531, 41.4267807 ], [ 2.1772625, 41.4266347 ], [ 2.1772847, 41.42621 ], [ 2.1772853, 41.426196 ], [ 2.1773151, 41.4255626 ], [ 2.1773189, 41.4254809 ], [ 2.1772135, 41.425479 ], [ 2.1771477, 41.4254796 ], [ 2.1771154, 41.4254775 ], [ 2.1765508, 41.4254689 ], [ 2.1764096, 41.4254654 ], [ 2.1759337, 41.4255242 ], [ 2.1759144, 41.4255307 ], [ 2.1758087, 41.4255663 ], [ 2.1756687, 41.4256097 ], [ 2.1755815, 41.4256349 ], [ 2.1754967, 41.4256595 ], [ 2.1751499, 41.4257539 ], [ 2.1751122, 41.4257642 ], [ 2.1749811, 41.4257999 ], [ 2.1748022, 41.4258484 ], [ 2.1741728, 41.426019 ], [ 2.1737642, 41.4261295 ], [ 2.1735092, 41.4261985 ], [ 2.1734453, 41.4262163 ], [ 2.1734128, 41.4262253 ], [ 2.173013, 41.4263365 ], [ 2.1729053, 41.4263664 ], [ 2.1727007, 41.4264233 ], [ 2.1725499, 41.4264652 ], [ 2.1725051, 41.4264777 ], [ 2.172363, 41.4265172 ], [ 2.1722098, 41.426561 ], [ 2.1711972, 41.4268504 ], [ 2.1711696, 41.4268583 ], [ 2.1710165, 41.4269021 ], [ 2.1703339, 41.4270907 ], [ 2.1703027, 41.4270993 ], [ 2.1702478, 41.4271145 ], [ 2.1699708, 41.4271818 ], [ 2.1699319, 41.4271916 ], [ 2.1698548, 41.4272109 ], [ 2.1697051, 41.4272389 ], [ 2.1691206, 41.4273214 ], [ 2.169079, 41.4273276 ], [ 2.1688379, 41.4273634 ], [ 2.1686432, 41.4273896 ], [ 2.1683565, 41.4274282 ], [ 2.1681618, 41.4274544 ], [ 2.1674932, 41.4275444 ], [ 2.1673238, 41.4275672 ], [ 2.1671969, 41.4275831 ], [ 2.1669592, 41.427613 ], [ 2.1661894, 41.4276861 ], [ 2.1659834, 41.4277056 ], [ 2.1657491, 41.4277292 ], [ 2.1651422, 41.4277903 ], [ 2.165014, 41.4278032 ], [ 2.1648958, 41.4278175 ], [ 2.1647386, 41.4278386 ], [ 2.1645713, 41.427861 ], [ 2.1644491, 41.4278774 ], [ 2.1641885, 41.4279169 ], [ 2.1640923, 41.4279315 ], [ 2.163952, 41.4279668 ], [ 2.1639172, 41.4279769 ], [ 2.1638493, 41.427992 ], [ 2.1637226, 41.4280428 ], [ 2.1636379, 41.4280873 ] ] ] } },
{ "type": "Feature", "properties": { "neighborhood": "Porta", "admin_level": "10" }, "geometry": { "type": "Polygon", "coordinates": [ [ [ 2.1720594, 41.4353632 ], [ 2.1720646, 41.4353795 ], [ 2.172075, 41.4354012 ], [ 2.1721034, 41.4354334 ], [ 2.1721404, 41.435479 ], [ 2.1722376, 41.4355987 ], [ 2.172331, 41.4357264 ], [ 2.1723537, 41.4357574 ], [ 2.1723887, 41.4358041 ], [ 2.1724246, 41.4358502 ], [ 2.1724338, 41.4358628 ], [ 2.1724936, 41.4359449 ], [ 2.1726139, 41.4361073 ], [ 2.1726655, 41.4361718 ], [ 2.1726837, 41.4361945 ], [ 2.1727081, 41.436225 ], [ 2.1727444, 41.4362704 ], [ 2.1730707, 41.4366336 ], [ 2.1730919, 41.4366583 ], [ 2.1731658, 41.4367382 ], [ 2.1732476, 41.436816 ], [ 2.1734007, 41.4369715 ], [ 2.1734942, 41.4370653 ], [ 2.173507, 41.4370781 ], [ 2.1735642, 41.4371332 ], [ 2.1736917, 41.4372605 ], [ 2.1737393, 41.4373099 ], [ 2.1738069, 41.4373838 ], [ 2.1738325, 41.4374132 ], [ 2.1740319, 41.4376431 ], [ 2.1740399, 41.4376523 ], [ 2.1740688, 41.4376859 ], [ 2.1741074, 41.4377301 ], [ 2.1741182, 41.4377452 ], [ 2.1743445, 41.438026 ], [ 2.1743534, 41.438037 ], [ 2.17437, 41.4380576 ], [ 2.1743823, 41.4380737 ], [ 2.1743997, 41.4380965 ], [ 2.1744872, 41.4382037 ], [ 2.1745451, 41.4381843 ], [ 2.1746369, 41.4381763 ], [ 2.1747048, 41.4381862 ], [ 2.1747692, 41.4382087 ], [ 2.1748066, 41.4382349 ], [ 2.174836, 41.4382642 ], [ 2.1748574, 41.4382934 ], [ 2.1748725, 41.438338 ], [ 2.1749737, 41.4383697 ], [ 2.1750314, 41.4383832 ], [ 2.175078, 41.438389 ], [ 2.1751087, 41.4383929 ], [ 2.1759263, 41.4384987 ], [ 2.1762124, 41.4385354 ], [ 2.1763363, 41.4385523 ], [ 2.1765069, 41.4385754 ], [ 2.1769005, 41.4386275 ], [ 2.1770013, 41.4386403 ], [ 2.1771435, 41.4386592 ], [ 2.1773057, 41.4386784 ], [ 2.1779251, 41.438761 ], [ 2.1780711, 41.4387806 ], [ 2.1782665, 41.4388065 ], [ 2.1785143, 41.4388392 ], [ 2.1785507, 41.4388445 ], [ 2.1788061, 41.4388765 ], [ 2.1791077, 41.4389157 ], [ 2.1792427, 41.4389345 ], [ 2.1793785, 41.4389515 ], [ 2.1802254, 41.439059 ], [ 2.1802665, 41.4390635 ], [ 2.180582, 41.4390974 ], [ 2.1812331, 41.4391781 ], [ 2.1812722, 41.4391817 ], [ 2.1812976, 41.4391839 ], [ 2.1816099, 41.4392193 ], [ 2.1816748, 41.4392256 ], [ 2.1817705, 41.4392326 ], [ 2.1822555, 41.439285 ], [ 2.182505, 41.4393146 ], [ 2.1830986, 41.4393854 ], [ 2.1831352, 41.4393899 ], [ 2.1832556, 41.4394041 ], [ 2.1835216, 41.4394377 ], [ 2.1844475, 41.4395502 ], [ 2.1850543, 41.4396195 ], [ 2.1852655, 41.4395627 ], [ 2.1847797, 41.4381464 ], [ 2.1845826, 41.4375498 ], [ 2.1842803, 41.4366265 ], [ 2.1842682, 41.4365926 ], [ 2.1842272, 41.4364704 ], [ 2.1841335, 41.4361935 ], [ 2.1839072, 41.4355245 ], [ 2.1838713, 41.4354101 ], [ 2.1835476, 41.4344523 ], [ 2.1834875, 41.4342615 ], [ 2.1834738, 41.4342279 ], [ 2.1834305, 41.4340962 ], [ 2.1832413, 41.4335402 ], [ 2.1831132, 41.4331639 ], [ 2.1830465, 41.4329679 ], [ 2.1829461, 41.432711 ], [ 2.1827994, 41.4323095 ], [ 2.1827623, 41.4321991 ], [ 2.1827259, 41.4320906 ], [ 2.1827081, 41.4320341 ], [ 2.1826963, 41.4320005 ], [ 2.1826442, 41.4318005 ], [ 2.1826095, 41.4316067 ], [ 2.1825833, 41.4314333 ], [ 2.1825718, 41.431296 ], [ 2.1825686, 41.4311647 ], [ 2.1825746, 41.4310747 ], [ 2.1825891, 41.4309922 ], [ 2.1826015, 41.4309349 ], [ 2.1826304, 41.4308288 ], [ 2.1826468, 41.4307781 ], [ 2.1826814, 41.4306689 ], [ 2.1827224, 41.4305702 ], [ 2.1827757, 41.4304629 ], [ 2.1828086, 41.4303998 ], [ 2.1828334, 41.4303619 ], [ 2.1828508, 41.430338 ], [ 2.182944, 41.4301975 ], [ 2.1828076, 41.4302001 ], [ 2.182779, 41.4302007 ], [ 2.1826754, 41.4302045 ], [ 2.1825592, 41.4302082 ], [ 2.1823988, 41.4302089 ], [ 2.1823298, 41.4302108 ], [ 2.1819842, 41.4302146 ], [ 2.1817565, 41.4302166 ], [ 2.180955, 41.4302313 ], [ 2.1809129, 41.4302319 ], [ 2.1808101, 41.4302332 ], [ 2.1807132, 41.4302346 ], [ 2.1801435, 41.4302431 ], [ 2.1798727, 41.4302471 ], [ 2.1791588, 41.4302558 ], [ 2.1791123, 41.4302563 ], [ 2.1790008, 41.4302577 ], [ 2.1789205, 41.430259 ], [ 2.1784141, 41.4302673 ], [ 2.1781233, 41.4302721 ], [ 2.1780616, 41.4302734 ], [ 2.1778228, 41.4302784 ], [ 2.1778128, 41.4302786 ], [ 2.1776373, 41.4302823 ], [ 2.1775621, 41.4302839 ], [ 2.1774935, 41.4302857 ], [ 2.177365, 41.4302881 ], [ 2.1772542, 41.4302881 ], [ 2.1772094, 41.4302881 ], [ 2.1767264, 41.4302912 ], [ 2.1765044, 41.4302925 ], [ 2.1764589, 41.4302931 ], [ 2.1763827, 41.4302945 ], [ 2.1755421, 41.4303027 ], [ 2.1749663, 41.4303198 ], [ 2.1749196, 41.4303212 ], [ 2.1748483, 41.4303245 ], [ 2.1746794, 41.4303285 ], [ 2.1746888, 41.4304342 ], [ 2.1746937, 41.4305198 ], [ 2.1746941, 41.4305568 ], [ 2.1746939, 41.4305672 ], [ 2.1746892, 41.4305942 ], [ 2.1746788, 41.4306245 ], [ 2.1746608, 41.4306581 ], [ 2.1745765, 41.4308008 ], [ 2.1745574, 41.4308347 ], [ 2.1744109, 41.4311027 ], [ 2.1744, 41.4311226 ], [ 2.1743831, 41.4311536 ], [ 2.1743237, 41.4312628 ], [ 2.1743065, 41.4312945 ], [ 2.1740938, 41.4316855 ], [ 2.1739754, 41.4319045 ], [ 2.1739549, 41.4319424 ], [ 2.1738811, 41.4320729 ], [ 2.1738519, 41.4321246 ], [ 2.1737437, 41.4323233 ], [ 2.1737184, 41.4323697 ], [ 2.1736397, 41.4325142 ], [ 2.1733427, 41.4330402 ], [ 2.1733096, 41.4330989 ], [ 2.1732892, 41.4331381 ], [ 2.1732542, 41.4331996 ], [ 2.1731557, 41.4333725 ], [ 2.1731216, 41.4334323 ], [ 2.1731058, 41.4334605 ], [ 2.1729549, 41.4337302 ], [ 2.1729423, 41.4337527 ], [ 2.1728914, 41.4338446 ], [ 2.1727872, 41.4340353 ], [ 2.1727336, 41.4341334 ], [ 2.1727242, 41.4341506 ], [ 2.1724624, 41.4346299 ], [ 2.1723431, 41.4348483 ], [ 2.1722835, 41.4349479 ], [ 2.172274, 41.4349644 ], [ 2.1721637, 41.4351569 ], [ 2.1721394, 41.4351992 ], [ 2.1721151, 41.4352416 ], [ 2.1720837, 41.4352944 ], [ 2.1720686, 41.4353232 ], [ 2.1720622, 41.4353433 ], [ 2.1720594, 41.4353632 ] ] ] } },
{ "type": "Feature", "properties": { "neighborhood": "el Turó de la Peira", "admin_level": "10" }, "geometry": { "type": "Polygon", "coordinates": [ [ [ 2.1630964, 41.4323334 ], [ 2.1630861, 41.4325604 ], [ 2.1631168, 41.4326749 ], [ 2.1631171, 41.4327443 ], [ 2.1631177, 41.4328591 ], [ 2.1631179, 41.4328934 ], [ 2.1631574, 41.4330599 ], [ 2.1631901, 41.4331874 ], [ 2.1631955, 41.4332084 ], [ 2.1632308, 41.4333461 ], [ 2.1633053, 41.433637 ], [ 2.1633177, 41.4336856 ], [ 2.1633306, 41.4337358 ], [ 2.1633457, 41.4337946 ], [ 2.1633933, 41.4339407 ], [ 2.1634759, 41.4341931 ], [ 2.1636034, 41.4341576 ], [ 2.1636553, 41.4341431 ], [ 2.1638192, 41.434105 ], [ 2.1638951, 41.4340873 ], [ 2.1638724, 41.4340058 ], [ 2.1637727, 41.4336485 ], [ 2.1641583, 41.4335907 ], [ 2.1649727, 41.4339188 ], [ 2.1663165, 41.4338154 ], [ 2.1677541, 41.4333167 ], [ 2.1685684, 41.4330566 ], [ 2.168583, 41.4330715 ], [ 2.1686665, 41.4331803 ], [ 2.168797, 41.4333434 ], [ 2.1688812, 41.4334486 ], [ 2.1689542, 41.4335432 ], [ 2.1694755, 41.4333144 ], [ 2.1695358, 41.4332879 ], [ 2.1695655, 41.4333274 ], [ 2.1696933, 41.4334968 ], [ 2.1697923, 41.4336289 ], [ 2.16983, 41.4336792 ], [ 2.1697711, 41.4337087 ], [ 2.1691216, 41.4340166 ], [ 2.1690695, 41.4340415 ], [ 2.1690197, 41.4340652 ], [ 2.1690609, 41.4341505 ], [ 2.1691616, 41.4343593 ], [ 2.1692542, 41.4345515 ], [ 2.1692613, 41.4345661 ], [ 2.1694318, 41.4347206 ], [ 2.1695171, 41.4348026 ], [ 2.1695933, 41.4348758 ], [ 2.1696623, 41.4348562 ], [ 2.1698446, 41.4348043 ], [ 2.1701284, 41.4347688 ], [ 2.1704095, 41.4347577 ], [ 2.1705755, 41.4347512 ], [ 2.1706624, 41.4347566 ], [ 2.1708765, 41.4347706 ], [ 2.1710502, 41.434799 ], [ 2.1711581, 41.4348221 ], [ 2.1712881, 41.4348717 ], [ 2.1713615, 41.4349054 ], [ 2.1715903, 41.4350139 ], [ 2.1717422, 41.4351017 ], [ 2.171846, 41.4351763 ], [ 2.171916, 41.4352344 ], [ 2.1719542, 41.4352673 ], [ 2.1719884, 41.4352974 ], [ 2.1720594, 41.4353632 ], [ 2.1720622, 41.4353433 ], [ 2.1720686, 41.4353232 ], [ 2.1720837, 41.4352944 ], [ 2.1721151, 41.4352416 ], [ 2.1721394, 41.4351992 ], [ 2.1721637, 41.4351569 ], [ 2.172274, 41.4349644 ], [ 2.1722835, 41.4349479 ], [ 2.1723431, 41.4348483 ], [ 2.1724624, 41.4346299 ], [ 2.1727242, 41.4341506 ], [ 2.1727336, 41.4341334 ], [ 2.1727872, 41.4340353 ], [ 2.1728914, 41.4338446 ], [ 2.1729423, 41.4337527 ], [ 2.1729549, 41.4337302 ], [ 2.1731058, 41.4334605 ], [ 2.1731216, 41.4334323 ], [ 2.1731557, 41.4333725 ], [ 2.1732542, 41.4331996 ], [ 2.1732892, 41.4331381 ], [ 2.1733096, 41.4330989 ], [ 2.1733427, 41.4330402 ], [ 2.1736397, 41.4325142 ], [ 2.1737184, 41.4323697 ], [ 2.1737437, 41.4323233 ], [ 2.1738519, 41.4321246 ], [ 2.1738811, 41.4320729 ], [ 2.1739549, 41.4319424 ], [ 2.1739754, 41.4319045 ], [ 2.1740938, 41.4316855 ], [ 2.1743065, 41.4312945 ], [ 2.1743237, 41.4312628 ], [ 2.1743831, 41.4311536 ], [ 2.1744, 41.4311226 ], [ 2.1744109, 41.4311027 ], [ 2.1745574, 41.4308347 ], [ 2.1745765, 41.4308008 ], [ 2.1746608, 41.4306581 ], [ 2.1746788, 41.4306245 ], [ 2.1746892, 41.4305942 ], [ 2.1746939, 41.4305672 ], [ 2.1746941, 41.4305568 ], [ 2.1746937, 41.4305198 ], [ 2.1746888, 41.4304342 ], [ 2.1746794, 41.4303285 ], [ 2.1745441, 41.4303182 ], [ 2.1744025, 41.4303147 ], [ 2.1742281, 41.4303171 ], [ 2.1741773, 41.4303178 ], [ 2.1740962, 41.4303181 ], [ 2.1740595, 41.4303186 ], [ 2.1740229, 41.4303189 ], [ 2.17398, 41.4303191 ], [ 2.1733997, 41.430331 ], [ 2.173354, 41.4303321 ], [ 2.1733038, 41.4303333 ], [ 2.1730708, 41.4303379 ], [ 2.1729208, 41.4303408 ], [ 2.1727915, 41.4303435 ], [ 2.1725711, 41.430348 ], [ 2.1725095, 41.4303493 ], [ 2.1720897, 41.4303579 ], [ 2.1720604, 41.4303585 ], [ 2.1719639, 41.4303605 ], [ 2.1718927, 41.430362 ], [ 2.171856, 41.4303627 ], [ 2.1703791, 41.430393 ], [ 2.1696593, 41.4304078 ], [ 2.1692878, 41.4304154 ], [ 2.1689964, 41.4304252 ], [ 2.1685648, 41.4304286 ], [ 2.1685308, 41.4304285 ], [ 2.1683414, 41.4304276 ], [ 2.1680638, 41.4304343 ], [ 2.1680416, 41.4304352 ], [ 2.1674205, 41.4304498 ], [ 2.1673229, 41.4304522 ], [ 2.1669779, 41.4304649 ], [ 2.1669465, 41.4304649 ], [ 2.1665036, 41.4304727 ], [ 2.1661456, 41.4304911 ], [ 2.1661144, 41.4303738 ], [ 2.1659222, 41.4303982 ], [ 2.1656661, 41.4304407 ], [ 2.165496, 41.4304779 ], [ 2.1653372, 41.4305127 ], [ 2.1651331, 41.4305658 ], [ 2.1650152, 41.4306059 ], [ 2.1649795, 41.430618 ], [ 2.164779, 41.4307098 ], [ 2.1645318, 41.4308088 ], [ 2.1642197, 41.4309276 ], [ 2.1641765, 41.4309366 ], [ 2.1640943, 41.4309378 ], [ 2.1640687, 41.4309591 ], [ 2.1639724, 41.4310392 ], [ 2.163716, 41.4312874 ], [ 2.1635355, 41.4314847 ], [ 2.1634183, 41.4316375 ], [ 2.163345, 41.43174 ], [ 2.1632294, 41.4319378 ], [ 2.1631638, 41.4321303 ], [ 2.163133, 41.4322807 ], [ 2.1630964, 41.4323334 ] ] ] } },
{ "type": "Feature", "properties": { "neighborhood": "Can Peguera", "admin_level": "10" }, "geometry": { "type": "Polygon", "coordinates": [ [ [ 2.1632399, 41.4365477 ], [ 2.1633883, 41.4368425 ], [ 2.1645845, 41.436466 ], [ 2.1647807, 41.4364202 ], [ 2.1649247, 41.43639 ], [ 2.1653012, 41.4363491 ], [ 2.1655894, 41.4363764 ], [ 2.1658076, 41.4364132 ], [ 2.1658366, 41.4364218 ], [ 2.1658757, 41.4364049 ], [ 2.1660588, 41.4363202 ], [ 2.1663132, 41.4362024 ], [ 2.1670449, 41.4360006 ], [ 2.1671987, 41.4359582 ], [ 2.1673825, 41.4360358 ], [ 2.1678037, 41.4359246 ], [ 2.1681053, 41.4357352 ], [ 2.1684094, 41.4354779 ], [ 2.1687162, 41.4352092 ], [ 2.1689317, 41.4351194 ], [ 2.1689991, 41.4350904 ], [ 2.1689921, 41.4350362 ], [ 2.1690176, 41.4350281 ], [ 2.1690581, 41.4350153 ], [ 2.1694637, 41.4349096 ], [ 2.1695933, 41.4348758 ], [ 2.1695171, 41.4348026 ], [ 2.1694318, 41.4347206 ], [ 2.1692613, 41.4345661 ], [ 2.1692542, 41.4345515 ], [ 2.1691616, 41.4343593 ], [ 2.1690609, 41.4341505 ], [ 2.1690197, 41.4340652 ], [ 2.1690695, 41.4340415 ], [ 2.1691216, 41.4340166 ], [ 2.1697711, 41.4337087 ], [ 2.16983, 41.4336792 ], [ 2.1697923, 41.4336289 ], [ 2.1696933, 41.4334968 ], [ 2.1695655, 41.4333274 ], [ 2.1695358, 41.4332879 ], [ 2.1694755, 41.4333144 ], [ 2.1689542, 41.4335432 ], [ 2.1688812, 41.4334486 ], [ 2.168797, 41.4333434 ], [ 2.1686665, 41.4331803 ], [ 2.168583, 41.4330715 ], [ 2.1685684, 41.4330566 ], [ 2.1677541, 41.4333167 ], [ 2.1663165, 41.4338154 ], [ 2.1649727, 41.4339188 ], [ 2.1641583, 41.4335907 ], [ 2.1637727, 41.4336485 ], [ 2.1638724, 41.4340058 ], [ 2.1638951, 41.4340873 ], [ 2.1638192, 41.434105 ], [ 2.1636553, 41.4341431 ], [ 2.1636034, 41.4341576 ], [ 2.1634759, 41.4341931 ], [ 2.1635433, 41.4344429 ], [ 2.1635809, 41.434563 ], [ 2.1636204, 41.4346877 ], [ 2.1637226, 41.4349806 ], [ 2.1638013, 41.4352149 ], [ 2.1638306, 41.435302 ], [ 2.1638693, 41.4353874 ], [ 2.1641158, 41.4359312 ], [ 2.1642178, 41.4361484 ], [ 2.1642672, 41.4362535 ], [ 2.164138, 41.4362905 ], [ 2.1634008, 41.4365014 ], [ 2.1632399, 41.4365477 ] ] ] } },
{ "type": "Feature", "properties": { "neighborhood": "la Guineueta", "admin_level": "10" }, "geometry": { "type": "Polygon", "coordinates": [ [ [ 2.1617759, 41.4392502 ], [ 2.161953, 41.439581 ], [ 2.1620429, 41.4395374 ], [ 2.1621259, 41.4395122 ], [ 2.1622118, 41.4394936 ], [ 2.1622999, 41.4394819 ], [ 2.1623892, 41.439477 ], [ 2.1624601, 41.4394781 ], [ 2.1625407, 41.4394847 ], [ 2.1626201, 41.439497 ], [ 2.1626976, 41.4395148 ], [ 2.1627725, 41.4395381 ], [ 2.162851, 41.4395678 ], [ 2.1629249, 41.4396035 ], [ 2.1629531, 41.4396204 ], [ 2.1629935, 41.4396446 ], [ 2.1630071, 41.4396546 ], [ 2.1630518, 41.4396873 ], [ 2.1631044, 41.4397339 ], [ 2.1631607, 41.4397913 ], [ 2.1631789, 41.4398147 ], [ 2.1633349, 41.4399482 ], [ 2.1634526, 41.4400636 ], [ 2.1634934, 41.4401017 ], [ 2.1635439, 41.4401336 ], [ 2.1636186, 41.4401709 ], [ 2.1639359, 41.4402935 ], [ 2.1640131, 41.4403233 ], [ 2.1644277, 41.4404836 ], [ 2.1644785, 41.4405032 ], [ 2.1649176, 41.4406754 ], [ 2.1652182, 41.4407933 ], [ 2.1659768, 41.4410907 ], [ 2.1665098, 41.4413111 ], [ 2.166541, 41.4413234 ], [ 2.1667117, 41.4413858 ], [ 2.1668472, 41.4414376 ], [ 2.167085, 41.4415249 ], [ 2.1677189, 41.4417577 ], [ 2.168022, 41.4418617 ], [ 2.1683357, 41.4419782 ], [ 2.1687262, 41.4421238 ], [ 2.1689921, 41.4422236 ], [ 2.1690286, 41.4422382 ], [ 2.1693116, 41.4423647 ], [ 2.1694591, 41.442428 ], [ 2.1696718, 41.4425287 ], [ 2.1697008, 41.4425405 ], [ 2.1698696, 41.4426056 ], [ 2.170184, 41.442725 ], [ 2.1703218, 41.4427773 ], [ 2.1703514, 41.4427886 ], [ 2.1704399, 41.4428223 ], [ 2.1705171, 41.4428515 ], [ 2.1715696, 41.4432499 ], [ 2.1716022, 41.4432623 ], [ 2.1717524, 41.4433191 ], [ 2.1718058, 41.4432522 ], [ 2.1718302, 41.4432215 ], [ 2.1718465, 41.443201 ], [ 2.1719426, 41.4430805 ], [ 2.1721862, 41.442744 ], [ 2.1722359, 41.4426718 ], [ 2.172677, 41.4420313 ], [ 2.1727252, 41.4419653 ], [ 2.1727482, 41.4418565 ], [ 2.1727519, 41.4418381 ], [ 2.1727568, 41.4418144 ], [ 2.1727923, 41.4416394 ], [ 2.1728351, 41.441495 ], [ 2.1728552, 41.4414253 ], [ 2.1729304, 41.4411642 ], [ 2.1729791, 41.4410578 ], [ 2.173053, 41.4409316 ], [ 2.173131, 41.4408268 ], [ 2.1731689, 41.4407787 ], [ 2.1732051, 41.4407349 ], [ 2.1732521, 41.44067 ], [ 2.1733389, 41.4405876 ], [ 2.1735264, 41.4404286 ], [ 2.1736053, 41.4403684 ], [ 2.1737104, 41.4403016 ], [ 2.1738409, 41.4402186 ], [ 2.1739744, 41.4401222 ], [ 2.1741076, 41.4400177 ], [ 2.1742453, 41.4398827 ], [ 2.1742958, 41.4398327 ], [ 2.1745582, 41.4395787 ], [ 2.1747895, 41.4393323 ], [ 2.1750033, 41.4391248 ], [ 2.1750753, 41.4390545 ], [ 2.1751041, 41.439043 ], [ 2.1751738, 41.4390203 ], [ 2.1752153, 41.4390032 ], [ 2.1751979, 41.4389858 ], [ 2.1751132, 41.4389012 ], [ 2.1748998, 41.4386879 ], [ 2.1748827, 41.4386733 ], [ 2.1748168, 41.438608 ], [ 2.174804, 41.4385818 ], [ 2.1747793, 41.4385239 ], [ 2.1748017, 41.4385103 ], [ 2.1748328, 41.4384881 ], [ 2.1748552, 41.4384545 ], [ 2.1748697, 41.4384198 ], [ 2.1748759, 41.4383801 ], [ 2.1748725, 41.438338 ], [ 2.1748574, 41.4382934 ], [ 2.174836, 41.4382642 ], [ 2.1748066, 41.4382349 ], [ 2.1747692, 41.4382087 ], [ 2.1747048, 41.4381862 ], [ 2.1746369, 41.4381763 ], [ 2.1745451, 41.4381843 ], [ 2.1744872, 41.4382037 ], [ 2.1743997, 41.4380965 ], [ 2.1743823, 41.4380737 ], [ 2.17437, 41.4380576 ], [ 2.1743534, 41.438037 ], [ 2.1743445, 41.438026 ], [ 2.1741182, 41.4377452 ], [ 2.1741074, 41.4377301 ], [ 2.1740688, 41.4376859 ], [ 2.1740399, 41.4376523 ], [ 2.1740319, 41.4376431 ], [ 2.1738325, 41.4374132 ], [ 2.1738069, 41.4373838 ], [ 2.1737393, 41.4373099 ], [ 2.1736917, 41.4372605 ], [ 2.1735642, 41.4371332 ], [ 2.173507, 41.4370781 ], [ 2.1734942, 41.4370653 ], [ 2.1734007, 41.4369715 ], [ 2.1732476, 41.436816 ], [ 2.1731658, 41.4367382 ], [ 2.1730919, 41.4366583 ], [ 2.1730707, 41.4366336 ], [ 2.1727444, 41.4362704 ], [ 2.1727081, 41.436225 ], [ 2.1726837, 41.4361945 ], [ 2.1726655, 41.4361718 ], [ 2.1726139, 41.4361073 ], [ 2.1724936, 41.4359449 ], [ 2.1724338, 41.4358628 ], [ 2.1724246, 41.4358502 ], [ 2.1723887, 41.4358041 ], [ 2.1723537, 41.4357574 ], [ 2.172331, 41.4357264 ], [ 2.1722376, 41.4355987 ], [ 2.1721404, 41.435479 ], [ 2.1721034, 41.4354334 ], [ 2.172075, 41.4354012 ], [ 2.1720646, 41.4353795 ], [ 2.1720594, 41.4353632 ], [ 2.1719884, 41.4352974 ], [ 2.1719542, 41.4352673 ], [ 2.171916, 41.4352344 ], [ 2.171846, 41.4351763 ], [ 2.1717422, 41.4351017 ], [ 2.1715903, 41.4350139 ], [ 2.1713615, 41.4349054 ], [ 2.1712881, 41.4348717 ], [ 2.1711581, 41.4348221 ], [ 2.1710502, 41.434799 ], [ 2.1708765, 41.4347706 ], [ 2.1706624, 41.4347566 ], [ 2.1705755, 41.4347512 ], [ 2.1704095, 41.4347577 ], [ 2.1701284, 41.4347688 ], [ 2.1698446, 41.4348043 ], [ 2.1696623, 41.4348562 ], [ 2.1695933, 41.4348758 ], [ 2.1694637, 41.4349096 ], [ 2.1690581, 41.4350153 ], [ 2.1690176, 41.4350281 ], [ 2.1689921, 41.4350362 ], [ 2.1689991, 41.4350904 ], [ 2.1689317, 41.4351194 ], [ 2.1687162, 41.4352092 ], [ 2.1684094, 41.4354779 ], [ 2.1681053, 41.4357352 ], [ 2.1678037, 41.4359246 ], [ 2.1673825, 41.4360358 ], [ 2.1671987, 41.4359582 ], [ 2.1670449, 41.4360006 ], [ 2.1663132, 41.4362024 ], [ 2.1660588, 41.4363202 ], [ 2.1658757, 41.4364049 ], [ 2.1658366, 41.4364218 ], [ 2.1658076, 41.4364132 ], [ 2.1655894, 41.4363764 ], [ 2.1653012, 41.4363491 ], [ 2.1649247, 41.43639 ], [ 2.1647807, 41.4364202 ], [ 2.1645845, 41.436466 ], [ 2.1633883, 41.4368425 ], [ 2.1635454, 41.4371546 ], [ 2.1631263, 41.4373295 ], [ 2.1636518, 41.4378718 ], [ 2.1629251, 41.4382798 ], [ 2.1628746, 41.4383081 ], [ 2.1628388, 41.4383328 ], [ 2.1627236, 41.4384062 ], [ 2.1624188, 41.4386005 ], [ 2.1622691, 41.438722 ], [ 2.1620607, 41.438911 ], [ 2.161902, 41.4390826 ], [ 2.1618439, 41.4391623 ], [ 2.1617759, 41.4392502 ] ] ] } },
{ "type": "Feature", "properties": { "neighborhood": "Canyelles", "admin_level": "10" }, "geometry": { "type": "Polygon", "coordinates": [ [ [ 2.1574271, 41.4463783 ], [ 2.1576106, 41.4465805 ], [ 2.1576362, 41.4466146 ], [ 2.1576409, 41.4466365 ], [ 2.1576371, 41.4466583 ], [ 2.15758, 41.446807 ], [ 2.1575613, 41.4469436 ], [ 2.1575542, 41.446975 ], [ 2.1575404, 41.4470063 ], [ 2.1575234, 41.4470331 ], [ 2.1575005, 41.4470632 ], [ 2.1574664, 41.4470936 ], [ 2.1574245, 41.447125 ], [ 2.1573254, 41.4471872 ], [ 2.1571993, 41.4472445 ], [ 2.1571038, 41.4472996 ], [ 2.157062, 41.4473376 ], [ 2.1570435, 41.4473606 ], [ 2.1570317, 41.4473836 ], [ 2.1570299, 41.4473979 ], [ 2.1570332, 41.4474122 ], [ 2.157045, 41.4474279 ], [ 2.1570619, 41.4474385 ], [ 2.1570845, 41.4474456 ], [ 2.1571157, 41.4474514 ], [ 2.1571645, 41.4474551 ], [ 2.1574284, 41.4474616 ], [ 2.1575345, 41.4474909 ], [ 2.1576315, 41.4475293 ], [ 2.157825, 41.447628 ], [ 2.157923, 41.4477 ], [ 2.158103, 41.447858 ], [ 2.1583073, 41.4480384 ], [ 2.1587371, 41.4485327 ], [ 2.158912, 41.448805 ], [ 2.159083, 41.448997 ], [ 2.159138, 41.449075 ], [ 2.1592144, 41.4491861 ], [ 2.1592762, 41.4492631 ], [ 2.1593118, 41.4492979 ], [ 2.159345, 41.4493208 ], [ 2.1593781, 41.4493342 ], [ 2.1589415, 41.4507081 ], [ 2.1592082, 41.4508217 ], [ 2.1611914, 41.4504804 ], [ 2.1620492, 41.4504328 ], [ 2.1630313, 41.4499925 ], [ 2.1642089, 41.4499034 ], [ 2.1640401, 41.4497682 ], [ 2.1640228, 41.4497436 ], [ 2.1640111, 41.4497069 ], [ 2.1639967, 41.4496694 ], [ 2.1640046, 41.4496138 ], [ 2.1640404, 41.449551 ], [ 2.1640591, 41.4495053 ], [ 2.1640639, 41.4494497 ], [ 2.1640611, 41.4494112 ], [ 2.164069, 41.4493932 ], [ 2.1640071, 41.449318 ], [ 2.1639703, 41.4492448 ], [ 2.1639796, 41.44918 ], [ 2.1640037, 41.4490306 ], [ 2.1640151, 41.4490045 ], [ 2.1640029, 41.4489741 ], [ 2.1640029, 41.4489392 ], [ 2.163973, 41.4488979 ], [ 2.163965, 41.4488842 ], [ 2.16396, 41.4488065 ], [ 2.164001, 41.4487618 ], [ 2.1639814, 41.4486255 ], [ 2.1640278, 41.4484482 ], [ 2.1640619, 41.4483561 ], [ 2.1641102, 41.4481913 ], [ 2.1640988, 41.4480648 ], [ 2.1641263, 41.447942 ], [ 2.1652915, 41.4459638 ], [ 2.165473, 41.4459881 ], [ 2.1658107, 41.4460169 ], [ 2.1658847, 41.4460257 ], [ 2.1659502, 41.4460408 ], [ 2.1659978, 41.4460659 ], [ 2.1660415, 41.4460969 ], [ 2.1660945, 41.4461549 ], [ 2.166244, 41.4463554 ], [ 2.1662718, 41.4463942 ], [ 2.166318, 41.4464708 ], [ 2.1663484, 41.4465375 ], [ 2.1663636, 41.4466007 ], [ 2.1663636, 41.4466694 ], [ 2.1663546, 41.4467393 ], [ 2.1663165, 41.4469226 ], [ 2.1663111, 41.4469877 ], [ 2.1663101, 41.4470465 ], [ 2.1663231, 41.4471027 ], [ 2.1663519, 41.4471564 ], [ 2.1664044, 41.4472138 ], [ 2.1664548, 41.447254 ], [ 2.1664994, 41.447284 ], [ 2.166584, 41.4473315 ], [ 2.1666802, 41.4473704 ], [ 2.1667688, 41.4473988 ], [ 2.1668407, 41.4474132 ], [ 2.1669617, 41.4474197 ], [ 2.1673086, 41.4474274 ], [ 2.1676383, 41.4474427 ], [ 2.1677539, 41.4474774 ], [ 2.16784, 41.4475181 ], [ 2.16814, 41.4468357 ], [ 2.168792, 41.44698 ], [ 2.16913, 41.446329 ], [ 2.169228, 41.4461505 ], [ 2.1693533, 41.4459221 ], [ 2.1699967, 41.4446738 ], [ 2.1705424, 41.4448053 ], [ 2.1705632, 41.444766 ], [ 2.1706829, 41.4445359 ], [ 2.1707692, 41.4444066 ], [ 2.1710278, 41.444475 ], [ 2.1711243, 41.4445005 ], [ 2.1711895, 41.4443464 ], [ 2.1712338, 41.4442416 ], [ 2.1712872, 41.4441371 ], [ 2.1714097, 41.4438974 ], [ 2.1714858, 41.4437486 ], [ 2.171498, 41.4437247 ], [ 2.1715305, 41.4436611 ], [ 2.1715604, 41.4436144 ], [ 2.1715786, 41.443587 ], [ 2.1716693, 41.4434472 ], [ 2.171686, 41.4434214 ], [ 2.1717524, 41.4433191 ], [ 2.1716022, 41.4432623 ], [ 2.1715696, 41.4432499 ], [ 2.1705171, 41.4428515 ], [ 2.1704399, 41.4428223 ], [ 2.1703514, 41.4427886 ], [ 2.1703218, 41.4427773 ], [ 2.170184, 41.442725 ], [ 2.1698696, 41.4426056 ], [ 2.1697008, 41.4425405 ], [ 2.1696718, 41.4425287 ], [ 2.1694591, 41.442428 ], [ 2.1693116, 41.4423647 ], [ 2.1690286, 41.4422382 ], [ 2.1689921, 41.4422236 ], [ 2.1687262, 41.4421238 ], [ 2.1683357, 41.4419782 ], [ 2.168022, 41.4418617 ], [ 2.1677189, 41.4417577 ], [ 2.167085, 41.4415249 ], [ 2.1668472, 41.4414376 ], [ 2.1667117, 41.4413858 ], [ 2.166541, 41.4413234 ], [ 2.1665098, 41.4413111 ], [ 2.1659768, 41.4410907 ], [ 2.1652182, 41.4407933 ], [ 2.1649176, 41.4406754 ], [ 2.1644785, 41.4405032 ], [ 2.1644277, 41.4404836 ], [ 2.1640131, 41.4403233 ], [ 2.1639359, 41.4402935 ], [ 2.1636186, 41.4401709 ], [ 2.1635439, 41.4401336 ], [ 2.1634934, 41.4401017 ], [ 2.1634526, 41.4400636 ], [ 2.1633349, 41.4399482 ], [ 2.1631789, 41.4398147 ], [ 2.1631607, 41.4397913 ], [ 2.1631044, 41.4397339 ], [ 2.1630518, 41.4396873 ], [ 2.1630071, 41.4396546 ], [ 2.1629935, 41.4396446 ], [ 2.1629531, 41.4396204 ], [ 2.1629249, 41.4396035 ], [ 2.162851, 41.4395678 ], [ 2.1627725, 41.4395381 ], [ 2.1626976, 41.4395148 ], [ 2.1626201, 41.439497 ], [ 2.1625407, 41.4394847 ], [ 2.1624601, 41.4394781 ], [ 2.1623892, 41.439477 ], [ 2.1622999, 41.4394819 ], [ 2.1622118, 41.4394936 ], [ 2.1621259, 41.4395122 ], [ 2.1620429, 41.4395374 ], [ 2.161953, 41.439581 ], [ 2.1618731, 41.4396345 ], [ 2.1618079, 41.4396832 ], [ 2.1617982, 41.4396919 ], [ 2.1617331, 41.4397489 ], [ 2.1616774, 41.4398113 ], [ 2.1616319, 41.4398781 ], [ 2.1615971, 41.4399485 ], [ 2.1615736, 41.4400215 ], [ 2.1615633, 41.4400795 ], [ 2.1615601, 41.440138 ], [ 2.1615641, 41.4401964 ], [ 2.1615752, 41.4402544 ], [ 2.1616063, 41.4403706 ], [ 2.16166, 41.4404757 ], [ 2.1616947, 41.4405166 ], [ 2.1617334, 41.4405554 ], [ 2.161776, 41.4405919 ], [ 2.1618221, 41.4406258 ], [ 2.1619014, 41.4406737 ], [ 2.1619878, 41.4407141 ], [ 2.16208, 41.4407464 ], [ 2.1621767, 41.4407703 ], [ 2.1622766, 41.4407853 ], [ 2.1623465, 41.4407918 ], [ 2.1624363, 41.4407929 ], [ 2.1624864, 41.4407901 ], [ 2.1625552, 41.440782 ], [ 2.1626227, 41.4407722 ], [ 2.1625409, 41.4409128 ], [ 2.1624345, 41.4410963 ], [ 2.1624232, 41.4412535 ], [ 2.1624187, 41.4413156 ], [ 2.162255, 41.4413843 ], [ 2.1621423, 41.4414335 ], [ 2.161816, 41.4415862 ], [ 2.1617383, 41.4416211 ], [ 2.1616651, 41.441655 ], [ 2.1615975, 41.4416903 ], [ 2.161551, 41.4417237 ], [ 2.1615093, 41.4417668 ], [ 2.1614862, 41.4418152 ], [ 2.1613763, 41.4416769 ], [ 2.1604269, 41.4420997 ], [ 2.1601269, 41.4422018 ], [ 2.1599922, 41.4423566 ], [ 2.1599766, 41.4423853 ], [ 2.1599183, 41.4423543 ], [ 2.1598545, 41.4423154 ], [ 2.159809, 41.4422796 ], [ 2.1597708, 41.4422421 ], [ 2.1597403, 41.4422015 ], [ 2.1597153, 41.4421568 ], [ 2.1596871, 41.4421011 ], [ 2.159638, 41.4421329 ], [ 2.1591994, 41.442369 ], [ 2.1591383, 41.4424112 ], [ 2.1590811, 41.442478 ], [ 2.1590357, 41.4425447 ], [ 2.1590012, 41.4425978 ], [ 2.158939, 41.4426938 ], [ 2.1587861, 41.442906 ], [ 2.1587106, 41.4430097 ], [ 2.1585941, 41.4432545 ], [ 2.158557, 41.443403 ], [ 2.1584791, 41.443619 ], [ 2.158452, 41.443743 ], [ 2.1583735, 41.4438975 ], [ 2.1583246, 41.4439664 ], [ 2.1582542, 41.4440338 ], [ 2.1581428, 41.4440895 ], [ 2.158058, 41.444113 ], [ 2.1579942, 41.4441848 ], [ 2.1579746, 41.4443255 ], [ 2.157972, 41.444452 ], [ 2.1579148, 41.4445865 ], [ 2.1578494, 41.444675 ], [ 2.1577804, 41.4447554 ], [ 2.1576659, 41.4448439 ], [ 2.1575224, 41.4449447 ], [ 2.1574079, 41.4449896 ], [ 2.1572154, 41.445055 ], [ 2.1571118, 41.4450849 ], [ 2.157038, 41.4451229 ], [ 2.1569374, 41.4451748 ], [ 2.156703, 41.445277 ], [ 2.156316, 41.4454581 ], [ 2.1562333, 41.4454836 ], [ 2.1561925, 41.4454962 ], [ 2.1561416, 41.4455112 ], [ 2.1559944, 41.445548 ], [ 2.1558852, 41.4455576 ], [ 2.1557205, 41.4455835 ], [ 2.1556907, 41.4456646 ], [ 2.1556987, 41.4456808 ], [ 2.1557252, 41.445734 ], [ 2.1558554, 41.4457763 ], [ 2.1560499, 41.445781 ], [ 2.1562334, 41.4457998 ], [ 2.1562919, 41.4458117 ], [ 2.1565691, 41.445868 ], [ 2.1567479, 41.4458997 ], [ 2.157071, 41.4459597 ], [ 2.1571824, 41.4459832 ], [ 2.1572812, 41.446102 ], [ 2.1574271, 41.4463783 ] ] ] } },
{ "type": "Feature", "properties": { "neighborhood": "les Roquetes", "admin_level": "10" }, "geometry": { "type": "Polygon", "coordinates": [ [ [ 2.16784, 41.4475181 ], [ 2.1679171, 41.4475776 ], [ 2.1679647, 41.4476576 ], [ 2.1679823, 41.4477587 ], [ 2.1679663, 41.4478847 ], [ 2.1678599, 41.4483096 ], [ 2.1677252, 41.4486627 ], [ 2.1675828, 41.4489712 ], [ 2.1675682, 41.4490234 ], [ 2.1675617, 41.4490782 ], [ 2.1675772, 41.4491471 ], [ 2.167595, 41.4492011 ], [ 2.1676246, 41.4492466 ], [ 2.1676518, 41.449285 ], [ 2.1676945, 41.4493155 ], [ 2.1677582, 41.449346 ], [ 2.1682168, 41.449496 ], [ 2.1683042, 41.4495166 ], [ 2.1683905, 41.4495337 ], [ 2.1684389, 41.4495393 ], [ 2.1685038, 41.4495401 ], [ 2.168577, 41.4495362 ], [ 2.1686503, 41.4495261 ], [ 2.1687305, 41.4495077 ], [ 2.1687963, 41.4494802 ], [ 2.1688679, 41.449436 ], [ 2.16892, 41.4493884 ], [ 2.1689638, 41.449326 ], [ 2.1691797, 41.4489514 ], [ 2.1692667, 41.4488691 ], [ 2.169363, 41.4487867 ], [ 2.1694466, 41.4487417 ], [ 2.1695585, 41.4486921 ], [ 2.169633, 41.4486696 ], [ 2.1697164, 41.4486551 ], [ 2.1697907, 41.4486575 ], [ 2.1698943, 41.4486748 ], [ 2.1700601, 41.4487022 ], [ 2.1701267, 41.4487191 ], [ 2.1701962, 41.4487456 ], [ 2.1702647, 41.4487823 ], [ 2.1703485, 41.448839 ], [ 2.1704955, 41.4489407 ], [ 2.1705352, 41.4489645 ], [ 2.1706176, 41.4490029 ], [ 2.1708779, 41.4491219 ], [ 2.1709282, 41.4491482 ], [ 2.1709956, 41.4491892 ], [ 2.1710608, 41.4492333 ], [ 2.1712193, 41.4493579 ], [ 2.1713115, 41.449428 ], [ 2.1713705, 41.4494676 ], [ 2.1714259, 41.4494967 ], [ 2.1714839, 41.4495174 ], [ 2.1715465, 41.4495329 ], [ 2.171607, 41.4495393 ], [ 2.171671, 41.4495377 ], [ 2.1717337, 41.4495269 ], [ 2.1718035, 41.4495065 ], [ 2.1720493, 41.4494015 ], [ 2.1723151, 41.4492778 ], [ 2.1723758, 41.4492592 ], [ 2.1724319, 41.4492526 ], [ 2.1724692, 41.4492547 ], [ 2.1725142, 41.4492635 ], [ 2.1725662, 41.4492854 ], [ 2.1726485, 41.4493406 ], [ 2.1727931, 41.4494467 ], [ 2.1728782, 41.4495003 ], [ 2.1729714, 41.4495503 ], [ 2.1730385, 41.4495802 ], [ 2.1732176, 41.4496529 ], [ 2.1732902, 41.4496883 ], [ 2.1733569, 41.4497307 ], [ 2.1734063, 41.4497664 ], [ 2.1734515, 41.4498106 ], [ 2.1735138, 41.4498802 ], [ 2.1736321, 41.4500094 ], [ 2.1736942, 41.4500595 ], [ 2.1738018, 41.4501394 ], [ 2.1739386, 41.4502347 ], [ 2.1741118, 41.4503458 ], [ 2.1742173, 41.4504079 ], [ 2.1743638, 41.4504713 ], [ 2.1745431, 41.4505304 ], [ 2.1747988, 41.4505823 ], [ 2.1748774, 41.45056 ], [ 2.175037, 41.4505146 ], [ 2.1751161, 41.4504937 ], [ 2.1752232, 41.4504746 ], [ 2.175365, 41.4504608 ], [ 2.1754783, 41.450461 ], [ 2.1756002, 41.4504694 ], [ 2.1757298, 41.450488 ], [ 2.1758327, 41.4505057 ], [ 2.17591, 41.4505316 ], [ 2.1759734, 41.4505644 ], [ 2.1760184, 41.4506039 ], [ 2.1760971, 41.4506779 ], [ 2.176247, 41.4508348 ], [ 2.1763701, 41.4509707 ], [ 2.1764746, 41.4511036 ], [ 2.1765512, 41.4511714 ], [ 2.1766446, 41.4512219 ], [ 2.1767306, 41.4512631 ], [ 2.1768536, 41.4513053 ], [ 2.1769555, 41.4513283 ], [ 2.177159, 41.4513577 ], [ 2.1773728, 41.4513747 ], [ 2.177704, 41.4514109 ], [ 2.1779376, 41.4514519 ], [ 2.1781547, 41.4515115 ], [ 2.178549, 41.4518502 ], [ 2.1787166, 41.4520181 ], [ 2.1787878, 41.4520761 ], [ 2.17882, 41.4520897 ], [ 2.1788569, 41.4520973 ], [ 2.1788929, 41.4520966 ], [ 2.1789242, 41.452092 ], [ 2.1789501, 41.452203 ], [ 2.1789913, 41.4522131 ], [ 2.1790285, 41.4522303 ], [ 2.1790965, 41.4522608 ], [ 2.1791845, 41.4522138 ], [ 2.1792914, 41.4521521 ], [ 2.1793268, 41.4521793 ], [ 2.1793913, 41.452244 ], [ 2.1794504, 41.4523003 ], [ 2.1795226, 41.4523421 ], [ 2.1796031, 41.4523743 ], [ 2.1797293, 41.4523948 ], [ 2.1798525, 41.4524286 ], [ 2.1799491, 41.4524507 ], [ 2.1800994, 41.4524511 ], [ 2.1802389, 41.4524571 ], [ 2.1803248, 41.4524631 ], [ 2.1803917, 41.452505 ], [ 2.1804936, 41.4525552 ], [ 2.1805553, 41.4526135 ], [ 2.1806493, 41.4526682 ], [ 2.1807457, 41.4526919 ], [ 2.1807968, 41.4527185 ], [ 2.18088, 41.4527225 ], [ 2.1809818, 41.4527281 ], [ 2.1810838, 41.4527084 ], [ 2.1811373, 41.4527181 ], [ 2.1812045, 41.4527164 ], [ 2.181285, 41.4527164 ], [ 2.1813869, 41.4527285 ], [ 2.1814754, 41.4527386 ], [ 2.1815532, 41.4527406 ], [ 2.1816417, 41.4527406 ], [ 2.1816927, 41.4527406 ], [ 2.1817758, 41.4527546 ], [ 2.1818536, 41.4527727 ], [ 2.1819073, 41.4527989 ], [ 2.1819394, 41.452821 ], [ 2.1819582, 41.4528572 ], [ 2.1819743, 41.4528934 ], [ 2.181985, 41.4529637 ], [ 2.1819904, 41.4530059 ], [ 2.1820226, 41.4530602 ], [ 2.1820709, 41.4531185 ], [ 2.1821165, 41.4531688 ], [ 2.1821835, 41.4532391 ], [ 2.1822478, 41.453295 ], [ 2.182323, 41.4533457 ], [ 2.182398, 41.4533774 ], [ 2.1824732, 41.453416 ], [ 2.1825671, 41.4534643 ], [ 2.182669, 41.4535346 ], [ 2.1827253, 41.4535688 ], [ 2.1828004, 41.4536151 ], [ 2.1828836, 41.4536532 ], [ 2.1830016, 41.4536854 ], [ 2.1831223, 41.4537156 ], [ 2.1832242, 41.4537457 ], [ 2.1833609, 41.4537875 ], [ 2.1834281, 41.4538181 ], [ 2.18353, 41.4538643 ], [ 2.1836185, 41.4539106 ], [ 2.1837151, 41.4539548 ], [ 2.1837982, 41.4540071 ], [ 2.183892, 41.4540549 ], [ 2.1839833, 41.4541156 ], [ 2.1840557, 41.4541799 ], [ 2.184104, 41.4542423 ], [ 2.1841818, 41.4543227 ], [ 2.1842113, 41.4543729 ], [ 2.1842327, 41.4544413 ], [ 2.1842461, 41.4544976 ], [ 2.1843132, 41.4544996 ], [ 2.184391, 41.4545096 ], [ 2.1843829, 41.4544131 ], [ 2.1843668, 41.4543448 ], [ 2.18434, 41.4542784 ], [ 2.1843052, 41.4541739 ], [ 2.1842596, 41.4540955 ], [ 2.1842247, 41.4540292 ], [ 2.1841389, 41.4539608 ], [ 2.1840638, 41.4538945 ], [ 2.1840128, 41.4538362 ], [ 2.1839431, 41.4537417 ], [ 2.1838732, 41.4536468 ], [ 2.1838304, 41.4535789 ], [ 2.1837902, 41.4534985 ], [ 2.183758, 41.4534482 ], [ 2.1837043, 41.4533939 ], [ 2.1836105, 41.4533517 ], [ 2.1834817, 41.4532954 ], [ 2.1833986, 41.4532371 ], [ 2.1833315, 41.4531708 ], [ 2.1832713, 41.4530877 ], [ 2.1832645, 41.4530783 ], [ 2.1832296, 41.4529999 ], [ 2.1831894, 41.4529336 ], [ 2.1831894, 41.4528753 ], [ 2.1831679, 41.4528049 ], [ 2.1831303, 41.4527386 ], [ 2.1831116, 41.4526803 ], [ 2.1831223, 41.4526019 ], [ 2.1831598, 41.4524993 ], [ 2.1831946, 41.4524105 ], [ 2.1831411, 41.4523707 ], [ 2.183074, 41.4523104 ], [ 2.182862, 41.4521592 ], [ 2.1825, 41.4519103 ], [ 2.1823471, 41.4517736 ], [ 2.1820092, 41.4515605 ], [ 2.1818804, 41.4514741 ], [ 2.1818107, 41.4513575 ], [ 2.1817275, 41.4512549 ], [ 2.1816605, 41.4511886 ], [ 2.1815639, 41.4511243 ], [ 2.1814592, 41.4510756 ], [ 2.1812285, 41.4510032 ], [ 2.1811132, 41.4509401 ], [ 2.1809898, 41.4508504 ], [ 2.1808718, 41.4507539 ], [ 2.1807995, 41.4506619 ], [ 2.1805607, 41.4504825 ], [ 2.1803778, 41.4503404 ], [ 2.1801652, 41.450166 ], [ 2.1800702, 41.4500889 ], [ 2.1792529, 41.4489608 ], [ 2.1794184, 41.4479527 ], [ 2.1794516, 41.4479473 ], [ 2.1795513, 41.4479312 ], [ 2.1795851, 41.447905 ], [ 2.179669, 41.4478402 ], [ 2.1797587, 41.4477516 ], [ 2.1800308, 41.4474829 ], [ 2.1801285, 41.4473607 ], [ 2.1801891, 41.4472843 ], [ 2.1802261, 41.4472467 ], [ 2.1802123, 41.447231 ], [ 2.1802091, 41.4472156 ], [ 2.1802148, 41.4472027 ], [ 2.1802324, 41.4471843 ], [ 2.180275, 41.4471529 ], [ 2.1803008, 41.4471409 ], [ 2.1803155, 41.4471347 ], [ 2.1803306, 41.4471286 ], [ 2.1803976, 41.4471 ], [ 2.1802953, 41.4468999 ], [ 2.1802323, 41.4468195 ], [ 2.1800485, 41.4465711 ], [ 2.1799215, 41.4464038 ], [ 2.1798807, 41.4463285 ], [ 2.1798574, 41.4462733 ], [ 2.1798414, 41.4462355 ], [ 2.1797829, 41.4460968 ], [ 2.1797905, 41.4460836 ], [ 2.1797465, 41.4459185 ], [ 2.1796774, 41.4459049 ], [ 2.1794097, 41.4458524 ], [ 2.1793505, 41.4458407 ], [ 2.1792936, 41.4458295 ], [ 2.1792346, 41.4458178 ], [ 2.1790641, 41.4457841 ], [ 2.1790437, 41.4457795 ], [ 2.1789948, 41.4457687 ], [ 2.1789549, 41.4457598 ], [ 2.1786225, 41.4456856 ], [ 2.1783227, 41.4456064 ], [ 2.177669, 41.445433 ], [ 2.1770721, 41.4452748 ], [ 2.1769386, 41.445237 ], [ 2.176837, 41.4452044 ], [ 2.1765051, 41.4450906 ], [ 2.1763294, 41.4450304 ], [ 2.1760068, 41.44492 ], [ 2.1752018, 41.4446446 ], [ 2.1744027, 41.4443307 ], [ 2.1743391, 41.4443057 ], [ 2.1742338, 41.4442648 ], [ 2.1740788, 41.4442058 ], [ 2.1737909, 41.4440942 ], [ 2.1734337, 41.4439536 ], [ 2.1731655, 41.4438517 ], [ 2.1728451, 41.4437299 ], [ 2.1727527, 41.4436953 ], [ 2.1723991, 41.4435628 ], [ 2.1722183, 41.4434946 ], [ 2.1720997, 41.4434484 ], [ 2.1719328, 41.4433863 ], [ 2.1717524, 41.4433191 ], [ 2.171686, 41.4434214 ], [ 2.1716693, 41.4434472 ], [ 2.1715786, 41.443587 ], [ 2.1715604, 41.4436144 ], [ 2.1715305, 41.4436611 ], [ 2.171498, 41.4437247 ], [ 2.1714858, 41.4437486 ], [ 2.1714097, 41.4438974 ], [ 2.1712872, 41.4441371 ], [ 2.1712338, 41.4442416 ], [ 2.1711895, 41.4443464 ], [ 2.1711243, 41.4445005 ], [ 2.1710278, 41.444475 ], [ 2.1707692, 41.4444066 ], [ 2.1706829, 41.4445359 ], [ 2.1705632, 41.444766 ], [ 2.1705424, 41.4448053 ], [ 2.1699967, 41.4446738 ], [ 2.1693533, 41.4459221 ], [ 2.169228, 41.4461505 ], [ 2.16913, 41.446329 ], [ 2.168792, 41.44698 ], [ 2.16814, 41.4468357 ], [ 2.16784, 41.4475181 ] ] ] } },
{ "type": "Feature", "properties": { "neighborhood": "Verdun", "admin_level": "10" }, "geometry": { "type": "Polygon", "coordinates": [ [ [ 2.1717524, 41.4433191 ], [ 2.1719328, 41.4433863 ], [ 2.1720997, 41.4434484 ], [ 2.1722183, 41.4434946 ], [ 2.1723991, 41.4435628 ], [ 2.1727527, 41.4436953 ], [ 2.1728451, 41.4437299 ], [ 2.1731655, 41.4438517 ], [ 2.1734337, 41.4439536 ], [ 2.1737909, 41.4440942 ], [ 2.1740788, 41.4442058 ], [ 2.1742338, 41.4442648 ], [ 2.1743391, 41.4443057 ], [ 2.1744027, 41.4443307 ], [ 2.1752018, 41.4446446 ], [ 2.1760068, 41.44492 ], [ 2.1763294, 41.4450304 ], [ 2.1765051, 41.4450906 ], [ 2.176837, 41.4452044 ], [ 2.1769386, 41.445237 ], [ 2.1770721, 41.4452748 ], [ 2.177669, 41.445433 ], [ 2.1783227, 41.4456064 ], [ 2.1786225, 41.4456856 ], [ 2.1789549, 41.4457598 ], [ 2.1789948, 41.4457687 ], [ 2.1790437, 41.4457795 ], [ 2.1790641, 41.4457841 ], [ 2.1792346, 41.4458178 ], [ 2.1792936, 41.4458295 ], [ 2.1793505, 41.4458407 ], [ 2.1794097, 41.4458524 ], [ 2.1796774, 41.4459049 ], [ 2.1797465, 41.4459185 ], [ 2.1796986, 41.4458218 ], [ 2.1796879, 41.4457966 ], [ 2.1795802, 41.4455599 ], [ 2.1795695, 41.4455363 ], [ 2.1794132, 41.4451927 ], [ 2.1793794, 41.4451177 ], [ 2.1793639, 41.4450827 ], [ 2.1790134, 41.4442896 ], [ 2.1789911, 41.4442376 ], [ 2.1787933, 41.4437768 ], [ 2.1786835, 41.4435276 ], [ 2.1785779, 41.4432759 ], [ 2.1785312, 41.4431659 ], [ 2.1782807, 41.4425887 ], [ 2.1782302, 41.4424844 ], [ 2.1781734, 41.4423921 ], [ 2.1780916, 41.4422832 ], [ 2.1778122, 41.4419503 ], [ 2.1777941, 41.4419276 ], [ 2.1777839, 41.4419148 ], [ 2.1777297, 41.4418468 ], [ 2.1776737, 41.4417829 ], [ 2.1775227, 41.4416105 ], [ 2.1772831, 41.4413402 ], [ 2.1772423, 41.4412927 ], [ 2.1771028, 41.4411354 ], [ 2.1767665, 41.4407465 ], [ 2.1766758, 41.4406401 ], [ 2.17665, 41.4406099 ], [ 2.1762441, 41.4401358 ], [ 2.1761474, 41.440033 ], [ 2.1760842, 41.4399656 ], [ 2.1756274, 41.4394787 ], [ 2.1754164, 41.4392469 ], [ 2.1752962, 41.4390994 ], [ 2.1752153, 41.4390032 ], [ 2.1751738, 41.4390203 ], [ 2.1751041, 41.439043 ], [ 2.1750753, 41.4390545 ], [ 2.1750033, 41.4391248 ], [ 2.1747895, 41.4393323 ], [ 2.1745582, 41.4395787 ], [ 2.1742958, 41.4398327 ], [ 2.1742453, 41.4398827 ], [ 2.1741076, 41.4400177 ], [ 2.1739744, 41.4401222 ], [ 2.1738409, 41.4402186 ], [ 2.1737104, 41.4403016 ], [ 2.1736053, 41.4403684 ], [ 2.1735264, 41.4404286 ], [ 2.1733389, 41.4405876 ], [ 2.1732521, 41.44067 ], [ 2.1732051, 41.4407349 ], [ 2.1731689, 41.4407787 ], [ 2.173131, 41.4408268 ], [ 2.173053, 41.4409316 ], [ 2.1729791, 41.4410578 ], [ 2.1729304, 41.4411642 ], [ 2.1728552, 41.4414253 ], [ 2.1728351, 41.441495 ], [ 2.1727923, 41.4416394 ], [ 2.1727568, 41.4418144 ], [ 2.1727519, 41.4418381 ], [ 2.1727482, 41.4418565 ], [ 2.1727252, 41.4419653 ], [ 2.172677, 41.4420313 ], [ 2.1722359, 41.4426718 ], [ 2.1721862, 41.442744 ], [ 2.1719426, 41.4430805 ], [ 2.1718465, 41.443201 ], [ 2.1718302, 41.4432215 ], [ 2.1718058, 41.4432522 ], [ 2.1717524, 41.4433191 ] ] ] } },
{ "type": "Feature", "properties": { "neighborhood": "la Prosperitat", "admin_level": "10" }, "geometry": { "type": "Polygon", "coordinates": [ [ [ 2.1747793, 41.4385239 ], [ 2.174804, 41.4385818 ], [ 2.1748168, 41.438608 ], [ 2.1748827, 41.4386733 ], [ 2.1748998, 41.4386879 ], [ 2.1751132, 41.4389012 ], [ 2.1751979, 41.4389858 ], [ 2.1752153, 41.4390032 ], [ 2.1752962, 41.4390994 ], [ 2.1754164, 41.4392469 ], [ 2.1756274, 41.4394787 ], [ 2.1760842, 41.4399656 ], [ 2.1761474, 41.440033 ], [ 2.1762441, 41.4401358 ], [ 2.17665, 41.4406099 ], [ 2.1766758, 41.4406401 ], [ 2.1767665, 41.4407465 ], [ 2.1771028, 41.4411354 ], [ 2.1772423, 41.4412927 ], [ 2.1772831, 41.4413402 ], [ 2.1775227, 41.4416105 ], [ 2.1776737, 41.4417829 ], [ 2.1777297, 41.4418468 ], [ 2.1777839, 41.4419148 ], [ 2.1777941, 41.4419276 ], [ 2.1778122, 41.4419503 ], [ 2.1780916, 41.4422832 ], [ 2.1781734, 41.4423921 ], [ 2.1782302, 41.4424844 ], [ 2.1782807, 41.4425887 ], [ 2.1785312, 41.4431659 ], [ 2.1785779, 41.4432759 ], [ 2.1786835, 41.4435276 ], [ 2.1787933, 41.4437768 ], [ 2.1789911, 41.4442376 ], [ 2.1790134, 41.4442896 ], [ 2.1793639, 41.4450827 ], [ 2.1793794, 41.4451177 ], [ 2.1794132, 41.4451927 ], [ 2.1795695, 41.4455363 ], [ 2.1795802, 41.4455599 ], [ 2.1796879, 41.4457966 ], [ 2.1796986, 41.4458218 ], [ 2.1797465, 41.4459185 ], [ 2.1798812, 41.4459421 ], [ 2.1802282, 41.4459938 ], [ 2.1803153, 41.4460068 ], [ 2.1806569, 41.4460577 ], [ 2.1810866, 41.4461135 ], [ 2.1814543, 41.4461612 ], [ 2.1818633, 41.4462358 ], [ 2.1822628, 41.4463344 ], [ 2.1826225, 41.4463842 ], [ 2.1828108, 41.4464066 ], [ 2.1828886, 41.4464151 ], [ 2.1829184, 41.4464183 ], [ 2.1830777, 41.4464325 ], [ 2.1832506, 41.4464479 ], [ 2.1833973, 41.446465 ], [ 2.1840619, 41.4465338 ], [ 2.1843296, 41.4465565 ], [ 2.1845339, 41.4465738 ], [ 2.1845841, 41.4465781 ], [ 2.1848311, 41.4465993 ], [ 2.1850068, 41.4466143 ], [ 2.1856753, 41.4466812 ], [ 2.1859688, 41.4467063 ], [ 2.1862472, 41.446733 ], [ 2.1864542, 41.4467496 ], [ 2.187109, 41.4468157 ], [ 2.1872254, 41.4468259 ], [ 2.1873, 41.4468273 ], [ 2.1875608, 41.4468385 ], [ 2.1874911, 41.4466142 ], [ 2.1874425, 41.4464866 ], [ 2.1872162, 41.4457659 ], [ 2.1871444, 41.4455452 ], [ 2.1870683, 41.4453115 ], [ 2.1869318, 41.444906 ], [ 2.1867337, 41.4443311 ], [ 2.1866578, 41.4440874 ], [ 2.1866451, 41.4440525 ], [ 2.1866218, 41.4439719 ], [ 2.1864026, 41.4432921 ], [ 2.1863569, 41.4431292 ], [ 2.1863438, 41.4430827 ], [ 2.1863046, 41.4429729 ], [ 2.1862097, 41.4426915 ], [ 2.1861859, 41.4426186 ], [ 2.1861726, 41.4425754 ], [ 2.1861585, 41.4425298 ], [ 2.186122, 41.442401 ], [ 2.1860795, 41.4422374 ], [ 2.1859559, 41.4418353 ], [ 2.1858482, 41.4414451 ], [ 2.1854918, 41.4402592 ], [ 2.1853449, 41.4398149 ], [ 2.1852655, 41.4395627 ], [ 2.1850543, 41.4396195 ], [ 2.1844475, 41.4395502 ], [ 2.1835216, 41.4394377 ], [ 2.1832556, 41.4394041 ], [ 2.1831352, 41.4393899 ], [ 2.1830986, 41.4393854 ], [ 2.182505, 41.4393146 ], [ 2.1822555, 41.439285 ], [ 2.1817705, 41.4392326 ], [ 2.1816748, 41.4392256 ], [ 2.1816099, 41.4392193 ], [ 2.1812976, 41.4391839 ], [ 2.1812722, 41.4391817 ], [ 2.1812331, 41.4391781 ], [ 2.180582, 41.4390974 ], [ 2.1802665, 41.4390635 ], [ 2.1802254, 41.439059 ], [ 2.1793785, 41.4389515 ], [ 2.1792427, 41.4389345 ], [ 2.1791077, 41.4389157 ], [ 2.1788061, 41.4388765 ], [ 2.1785507, 41.4388445 ], [ 2.1785143, 41.4388392 ], [ 2.1782665, 41.4388065 ], [ 2.1780711, 41.4387806 ], [ 2.1779251, 41.438761 ], [ 2.1773057, 41.4386784 ], [ 2.1771435, 41.4386592 ], [ 2.1770013, 41.4386403 ], [ 2.1769005, 41.4386275 ], [ 2.1765069, 41.4385754 ], [ 2.1763363, 41.4385523 ], [ 2.1762124, 41.4385354 ], [ 2.1759263, 41.4384987 ], [ 2.1751087, 41.4383929 ], [ 2.175078, 41.438389 ], [ 2.1750314, 41.4383832 ], [ 2.1749737, 41.4383697 ], [ 2.1748725, 41.438338 ], [ 2.1748759, 41.4383801 ], [ 2.1748697, 41.4384198 ], [ 2.1748552, 41.4384545 ], [ 2.1748328, 41.4384881 ], [ 2.1748017, 41.4385103 ], [ 2.1747793, 41.4385239 ] ] ] } },
{ "type": "Feature", "properties": { "neighborhood": "la Trinitat Nova", "admin_level": "10" }, "geometry": { "type": "Polygon", "coordinates": [ [ [ 2.1794184, 41.4479527 ], [ 2.1792529, 41.4489608 ], [ 2.1800702, 41.4500889 ], [ 2.1801652, 41.450166 ], [ 2.1803778, 41.4503404 ], [ 2.1805607, 41.4504825 ], [ 2.1807995, 41.4506619 ], [ 2.1808718, 41.4507539 ], [ 2.1809898, 41.4508504 ], [ 2.1811132, 41.4509401 ], [ 2.1812285, 41.4510032 ], [ 2.1814592, 41.4510756 ], [ 2.1815639, 41.4511243 ], [ 2.1816605, 41.4511886 ], [ 2.1817275, 41.4512549 ], [ 2.1818107, 41.4513575 ], [ 2.1818804, 41.4514741 ], [ 2.1820092, 41.4515605 ], [ 2.1823471, 41.4517736 ], [ 2.1825, 41.4519103 ], [ 2.182862, 41.4521592 ], [ 2.183074, 41.4523104 ], [ 2.1831411, 41.4523707 ], [ 2.1831946, 41.4524105 ], [ 2.1831598, 41.4524993 ], [ 2.1831223, 41.4526019 ], [ 2.1831116, 41.4526803 ], [ 2.1831303, 41.4527386 ], [ 2.1831679, 41.4528049 ], [ 2.1831894, 41.4528753 ], [ 2.1831894, 41.4529336 ], [ 2.1832296, 41.4529999 ], [ 2.1832645, 41.4530783 ], [ 2.1832713, 41.4530877 ], [ 2.1833315, 41.4531708 ], [ 2.1833986, 41.4532371 ], [ 2.1834817, 41.4532954 ], [ 2.1836105, 41.4533517 ], [ 2.1837043, 41.4533939 ], [ 2.183758, 41.4534482 ], [ 2.1837902, 41.4534985 ], [ 2.1838304, 41.4535789 ], [ 2.1838732, 41.4536468 ], [ 2.1839431, 41.4537417 ], [ 2.1840128, 41.4538362 ], [ 2.1840638, 41.4538945 ], [ 2.1841389, 41.4539608 ], [ 2.1842247, 41.4540292 ], [ 2.1842596, 41.4540955 ], [ 2.1843052, 41.4541739 ], [ 2.18434, 41.4542784 ], [ 2.1843668, 41.4543448 ], [ 2.1843829, 41.4544131 ], [ 2.184391, 41.4545096 ], [ 2.1844205, 41.4545518 ], [ 2.1844393, 41.4546061 ], [ 2.1872273, 41.455663 ], [ 2.1881997, 41.455748 ], [ 2.1882976, 41.455535 ], [ 2.1883851, 41.4553251 ], [ 2.1884687, 41.4551025 ], [ 2.1885371, 41.4548926 ], [ 2.1885928, 41.4547069 ], [ 2.1886429, 41.4545166 ], [ 2.1886924, 41.4542919 ], [ 2.1887155, 41.4541825 ], [ 2.1887311, 41.4540579 ], [ 2.1887369, 41.4539668 ], [ 2.1887324, 41.4536216 ], [ 2.1887457, 41.4534372 ], [ 2.1887488, 41.4533942 ], [ 2.1887578, 41.4531846 ], [ 2.1887516, 41.4524908 ], [ 2.1887058, 41.4517175 ], [ 2.1887013, 41.4516458 ], [ 2.1886512, 41.4508539 ], [ 2.1886124, 41.4505454 ], [ 2.1885605, 41.4502662 ], [ 2.1885289, 41.4501556 ], [ 2.1883926, 41.4496281 ], [ 2.1883814, 41.4495648 ], [ 2.1883447, 41.4493691 ], [ 2.1882757, 41.4491491 ], [ 2.1882548, 41.4490816 ], [ 2.1881307, 41.4487018 ], [ 2.1880673, 41.4484835 ], [ 2.1879751, 41.4481515 ], [ 2.1878334, 41.4476942 ], [ 2.1876962, 41.4472678 ], [ 2.1875608, 41.4468385 ], [ 2.1873, 41.4468273 ], [ 2.1872254, 41.4468259 ], [ 2.187109, 41.4468157 ], [ 2.1864542, 41.4467496 ], [ 2.1862472, 41.446733 ], [ 2.1859688, 41.4467063 ], [ 2.1856753, 41.4466812 ], [ 2.1850068, 41.4466143 ], [ 2.1848311, 41.4465993 ], [ 2.1845841, 41.4465781 ], [ 2.1845339, 41.4465738 ], [ 2.1843296, 41.4465565 ], [ 2.1840619, 41.4465338 ], [ 2.1833973, 41.446465 ], [ 2.1832506, 41.4464479 ], [ 2.1830777, 41.4464325 ], [ 2.1829184, 41.4464183 ], [ 2.1828886, 41.4464151 ], [ 2.1828108, 41.4464066 ], [ 2.1826225, 41.4463842 ], [ 2.1822628, 41.4463344 ], [ 2.1818633, 41.4462358 ], [ 2.1814543, 41.4461612 ], [ 2.1810866, 41.4461135 ], [ 2.1806569, 41.4460577 ], [ 2.1803153, 41.4460068 ], [ 2.1802282, 41.4459938 ], [ 2.1798812, 41.4459421 ], [ 2.1797465, 41.4459185 ], [ 2.1797905, 41.4460836 ], [ 2.1797829, 41.4460968 ], [ 2.1798414, 41.4462355 ], [ 2.1798574, 41.4462733 ], [ 2.1798807, 41.4463285 ], [ 2.1799215, 41.4464038 ], [ 2.1800485, 41.4465711 ], [ 2.1802323, 41.4468195 ], [ 2.1802953, 41.4468999 ], [ 2.1803976, 41.4471 ], [ 2.1803306, 41.4471286 ], [ 2.1803155, 41.4471347 ], [ 2.1803008, 41.4471409 ], [ 2.180275, 41.4471529 ], [ 2.1802324, 41.4471843 ], [ 2.1802148, 41.4472027 ], [ 2.1802091, 41.4472156 ], [ 2.1802123, 41.447231 ], [ 2.1802261, 41.4472467 ], [ 2.1801891, 41.4472843 ], [ 2.1801285, 41.4473607 ], [ 2.1800308, 41.4474829 ], [ 2.1797587, 41.4477516 ], [ 2.179669, 41.4478402 ], [ 2.1795851, 41.447905 ], [ 2.1795513, 41.4479312 ], [ 2.1794516, 41.4479473 ], [ 2.1794184, 41.4479527 ] ] ] } },
{ "type": "Feature", "properties": { "neighborhood": "Torre Baró", "admin_level": "10" }, "geometry": { "type": "Polygon", "coordinates": [ [ [ 2.1640401, 41.4497682 ], [ 2.1642089, 41.4499034 ], [ 2.1648291, 41.4510819 ], [ 2.1656669, 41.4518364 ], [ 2.1648552, 41.4527643 ], [ 2.1651421, 41.4548671 ], [ 2.1646545, 41.4553572 ], [ 2.1644501, 41.4559596 ], [ 2.164424, 41.4560698 ], [ 2.1644859, 41.4561581 ], [ 2.1646289, 41.4563619 ], [ 2.1650376, 41.4569447 ], [ 2.1653012, 41.4573206 ], [ 2.1656181, 41.4577725 ], [ 2.1659358, 41.4582255 ], [ 2.1659143, 41.4583654 ], [ 2.1658885, 41.4585337 ], [ 2.1664449, 41.4586077 ], [ 2.1670195, 41.4591316 ], [ 2.16751, 41.459117 ], [ 2.167542, 41.459113 ], [ 2.167847, 41.459101 ], [ 2.168088, 41.459085 ], [ 2.168281, 41.459073 ], [ 2.168624, 41.459053 ], [ 2.168986, 41.459029 ], [ 2.168999, 41.459029 ], [ 2.169419, 41.459032 ], [ 2.169705, 41.459029 ], [ 2.169718, 41.459029 ], [ 2.17031, 41.459034 ], [ 2.170872, 41.459033 ], [ 2.170898, 41.458925 ], [ 2.17102, 41.458922 ], [ 2.17117, 41.458891 ], [ 2.171322, 41.458852 ], [ 2.171424, 41.458821 ], [ 2.171568, 41.458799 ], [ 2.171578, 41.4588 ], [ 2.171656, 41.458805 ], [ 2.171757, 41.458828 ], [ 2.171879, 41.458865 ], [ 2.172037, 41.458924 ], [ 2.17215, 41.458979 ], [ 2.172261, 41.459039 ], [ 2.172273, 41.459038 ], [ 2.172625, 41.459032 ], [ 2.173706, 41.459017 ], [ 2.174076, 41.458696 ], [ 2.174165, 41.45862 ], [ 2.174175, 41.458622 ], [ 2.174478, 41.458676 ], [ 2.174815, 41.458737 ], [ 2.174978, 41.458765 ], [ 2.175385, 41.458845 ], [ 2.175719, 41.45891 ], [ 2.175823, 41.458931 ], [ 2.175861, 41.458938 ], [ 2.175865, 41.45894 ], [ 2.176047, 41.459034 ], [ 2.176127, 41.459089 ], [ 2.17614, 41.459075 ], [ 2.1761524, 41.4590583 ], [ 2.1761497, 41.4590181 ], [ 2.1761738, 41.4589739 ], [ 2.1762302, 41.4589578 ], [ 2.176297, 41.4589515 ], [ 2.1763085, 41.4589561 ], [ 2.1763667, 41.4589796 ], [ 2.1764928, 41.4590721 ], [ 2.1767342, 41.459257 ], [ 2.1768376, 41.459323 ], [ 2.1768817, 41.4593515 ], [ 2.1769758, 41.459402 ], [ 2.1771231, 41.4594902 ], [ 2.1773833, 41.4596972 ], [ 2.1775498, 41.4598222 ], [ 2.1776386, 41.4598964 ], [ 2.1777249, 41.4599526 ], [ 2.178148, 41.4602013 ], [ 2.1782833, 41.4602791 ], [ 2.1784362, 41.4603639 ], [ 2.1788705, 41.460617 ], [ 2.178975, 41.4609821 ], [ 2.1789949, 41.4609928 ], [ 2.1792816, 41.4611611 ], [ 2.1793655, 41.4612126 ], [ 2.1795733, 41.4613309 ], [ 2.1796025, 41.4613494 ], [ 2.1796755, 41.4613889 ], [ 2.1797252, 41.4614212 ], [ 2.1797918, 41.4614108 ], [ 2.1799445, 41.4613976 ], [ 2.1801209, 41.4613602 ], [ 2.1802838, 41.461313 ], [ 2.1815533, 41.4614331 ], [ 2.1818338, 41.4610916 ], [ 2.1820463, 41.4608663 ], [ 2.1822243, 41.4607005 ], [ 2.1824336, 41.4605 ], [ 2.1827385, 41.4602385 ], [ 2.1831063, 41.4599435 ], [ 2.1833719, 41.4597433 ], [ 2.1838481, 41.4594012 ], [ 2.1841547, 41.4591891 ], [ 2.1845798, 41.4588942 ], [ 2.1850095, 41.4586083 ], [ 2.1855811, 41.4582268 ], [ 2.1859141, 41.4580083 ], [ 2.1862556, 41.4577943 ], [ 2.1864851, 41.4576475 ], [ 2.1867003, 41.4575033 ], [ 2.1868129, 41.4574244 ], [ 2.1869123, 41.4573527 ], [ 2.1871063, 41.4571948 ], [ 2.187214, 41.4571025 ], [ 2.1873065, 41.4570152 ], [ 2.1874692, 41.4568552 ], [ 2.1876125, 41.4566881 ], [ 2.1877179, 41.4565588 ], [ 2.1877899, 41.4564618 ], [ 2.1878553, 41.4563658 ], [ 2.1879215, 41.4562617 ], [ 2.188148, 41.455867 ], [ 2.1881997, 41.455748 ], [ 2.1872273, 41.455663 ], [ 2.1844393, 41.4546061 ], [ 2.1844205, 41.4545518 ], [ 2.184391, 41.4545096 ], [ 2.1843132, 41.4544996 ], [ 2.1842461, 41.4544976 ], [ 2.1842327, 41.4544413 ], [ 2.1842113, 41.4543729 ], [ 2.1841818, 41.4543227 ], [ 2.184104, 41.4542423 ], [ 2.1840557, 41.4541799 ], [ 2.1839833, 41.4541156 ], [ 2.183892, 41.4540549 ], [ 2.1837982, 41.4540071 ], [ 2.1837151, 41.4539548 ], [ 2.1836185, 41.4539106 ], [ 2.18353, 41.4538643 ], [ 2.1834281, 41.4538181 ], [ 2.1833609, 41.4537875 ], [ 2.1832242, 41.4537457 ], [ 2.1831223, 41.4537156 ], [ 2.1830016, 41.4536854 ], [ 2.1828836, 41.4536532 ], [ 2.1828004, 41.4536151 ], [ 2.1827253, 41.4535688 ], [ 2.182669, 41.4535346 ], [ 2.1825671, 41.4534643 ], [ 2.1824732, 41.453416 ], [ 2.182398, 41.4533774 ], [ 2.182323, 41.4533457 ], [ 2.1822478, 41.453295 ], [ 2.1821835, 41.4532391 ], [ 2.1821165, 41.4531688 ], [ 2.1820709, 41.4531185 ], [ 2.1820226, 41.4530602 ], [ 2.1819904, 41.4530059 ], [ 2.181985, 41.4529637 ], [ 2.1819743, 41.4528934 ], [ 2.1819582, 41.4528572 ], [ 2.1819394, 41.452821 ], [ 2.1819073, 41.4527989 ], [ 2.1818536, 41.4527727 ], [ 2.1817758, 41.4527546 ], [ 2.1816927, 41.4527406 ], [ 2.1816417, 41.4527406 ], [ 2.1815532, 41.4527406 ], [ 2.1814754, 41.4527386 ], [ 2.1813869, 41.4527285 ], [ 2.181285, 41.4527164 ], [ 2.1812045, 41.4527164 ], [ 2.1811373, 41.4527181 ], [ 2.1810838, 41.4527084 ], [ 2.1809818, 41.4527281 ], [ 2.18088, 41.4527225 ], [ 2.1807968, 41.4527185 ], [ 2.1807457, 41.4526919 ], [ 2.1806493, 41.4526682 ], [ 2.1805553, 41.4526135 ], [ 2.1804936, 41.4525552 ], [ 2.1803917, 41.452505 ], [ 2.1803248, 41.4524631 ], [ 2.1802389, 41.4524571 ], [ 2.1800994, 41.4524511 ], [ 2.1799491, 41.4524507 ], [ 2.1798525, 41.4524286 ], [ 2.1797293, 41.4523948 ], [ 2.1796031, 41.4523743 ], [ 2.1795226, 41.4523421 ], [ 2.1794504, 41.4523003 ], [ 2.1793913, 41.452244 ], [ 2.1793268, 41.4521793 ], [ 2.1792914, 41.4521521 ], [ 2.1791845, 41.4522138 ], [ 2.1790965, 41.4522608 ], [ 2.1790285, 41.4522303 ], [ 2.1789913, 41.4522131 ], [ 2.1789501, 41.452203 ], [ 2.1789242, 41.452092 ], [ 2.1788929, 41.4520966 ], [ 2.1788569, 41.4520973 ], [ 2.17882, 41.4520897 ], [ 2.1787878, 41.4520761 ], [ 2.1787166, 41.4520181 ], [ 2.178549, 41.4518502 ], [ 2.1781547, 41.4515115 ], [ 2.1779376, 41.4514519 ], [ 2.177704, 41.4514109 ], [ 2.1773728, 41.4513747 ], [ 2.177159, 41.4513577 ], [ 2.1769555, 41.4513283 ], [ 2.1768536, 41.4513053 ], [ 2.1767306, 41.4512631 ], [ 2.1766446, 41.4512219 ], [ 2.1765512, 41.4511714 ], [ 2.1764746, 41.4511036 ], [ 2.1763701, 41.4509707 ], [ 2.176247, 41.4508348 ], [ 2.1760971, 41.4506779 ], [ 2.1760184, 41.4506039 ], [ 2.1759734, 41.4505644 ], [ 2.17591, 41.4505316 ], [ 2.1758327, 41.4505057 ], [ 2.1757298, 41.450488 ], [ 2.1756002, 41.4504694 ], [ 2.1754783, 41.450461 ], [ 2.175365, 41.4504608 ], [ 2.1752232, 41.4504746 ], [ 2.1751161, 41.4504937 ], [ 2.175037, 41.4505146 ], [ 2.1748774, 41.45056 ], [ 2.1747988, 41.4505823 ], [ 2.1745431, 41.4505304 ], [ 2.1743638, 41.4504713 ], [ 2.1742173, 41.4504079 ], [ 2.1741118, 41.4503458 ], [ 2.1739386, 41.4502347 ], [ 2.1738018, 41.4501394 ], [ 2.1736942, 41.4500595 ], [ 2.1736321, 41.4500094 ], [ 2.1735138, 41.4498802 ], [ 2.1734515, 41.4498106 ], [ 2.1734063, 41.4497664 ], [ 2.1733569, 41.4497307 ], [ 2.1732902, 41.4496883 ], [ 2.1732176, 41.4496529 ], [ 2.1730385, 41.4495802 ], [ 2.1729714, 41.4495503 ], [ 2.1728782, 41.4495003 ], [ 2.1727931, 41.4494467 ], [ 2.1726485, 41.4493406 ], [ 2.1725662, 41.4492854 ], [ 2.1725142, 41.4492635 ], [ 2.1724692, 41.4492547 ], [ 2.1724319, 41.4492526 ], [ 2.1723758, 41.4492592 ], [ 2.1723151, 41.4492778 ], [ 2.1720493, 41.4494015 ], [ 2.1718035, 41.4495065 ], [ 2.1717337, 41.4495269 ], [ 2.171671, 41.4495377 ], [ 2.171607, 41.4495393 ], [ 2.1715465, 41.4495329 ], [ 2.1714839, 41.4495174 ], [ 2.1714259, 41.4494967 ], [ 2.1713705, 41.4494676 ], [ 2.1713115, 41.449428 ], [ 2.1712193, 41.4493579 ], [ 2.1710608, 41.4492333 ], [ 2.1709956, 41.4491892 ], [ 2.1709282, 41.4491482 ], [ 2.1708779, 41.4491219 ], [ 2.1706176, 41.4490029 ], [ 2.1705352, 41.4489645 ], [ 2.1704955, 41.4489407 ], [ 2.1703485, 41.448839 ], [ 2.1702647, 41.4487823 ], [ 2.1701962, 41.4487456 ], [ 2.1701267, 41.4487191 ], [ 2.1700601, 41.4487022 ], [ 2.1698943, 41.4486748 ], [ 2.1697907, 41.4486575 ], [ 2.1697164, 41.4486551 ], [ 2.169633, 41.4486696 ], [ 2.1695585, 41.4486921 ], [ 2.1694466, 41.4487417 ], [ 2.169363, 41.4487867 ], [ 2.1692667, 41.4488691 ], [ 2.1691797, 41.4489514 ], [ 2.1689638, 41.449326 ], [ 2.16892, 41.4493884 ], [ 2.1688679, 41.449436 ], [ 2.1687963, 41.4494802 ], [ 2.1687305, 41.4495077 ], [ 2.1686503, 41.4495261 ], [ 2.168577, 41.4495362 ], [ 2.1685038, 41.4495401 ], [ 2.1684389, 41.4495393 ], [ 2.1683905, 41.4495337 ], [ 2.1683042, 41.4495166 ], [ 2.1682168, 41.449496 ], [ 2.1677582, 41.449346 ], [ 2.1676945, 41.4493155 ], [ 2.1676518, 41.449285 ], [ 2.1676246, 41.4492466 ], [ 2.167595, 41.4492011 ], [ 2.1675772, 41.4491471 ], [ 2.1675617, 41.4490782 ], [ 2.1675682, 41.4490234 ], [ 2.1675828, 41.4489712 ], [ 2.1677252, 41.4486627 ], [ 2.1678599, 41.4483096 ], [ 2.1679663, 41.4478847 ], [ 2.1679823, 41.4477587 ], [ 2.1679647, 41.4476576 ], [ 2.1679171, 41.4475776 ], [ 2.16784, 41.4475181 ], [ 2.1677539, 41.4474774 ], [ 2.1676383, 41.4474427 ], [ 2.1673086, 41.4474274 ], [ 2.1669617, 41.4474197 ], [ 2.1668407, 41.4474132 ], [ 2.1667688, 41.4473988 ], [ 2.1666802, 41.4473704 ], [ 2.166584, 41.4473315 ], [ 2.1664994, 41.447284 ], [ 2.1664548, 41.447254 ], [ 2.1664044, 41.4472138 ], [ 2.1663519, 41.4471564 ], [ 2.1663231, 41.4471027 ], [ 2.1663101, 41.4470465 ], [ 2.1663111, 41.4469877 ], [ 2.1663165, 41.4469226 ], [ 2.1663546, 41.4467393 ], [ 2.1663636, 41.4466694 ], [ 2.1663636, 41.4466007 ], [ 2.1663484, 41.4465375 ], [ 2.166318, 41.4464708 ], [ 2.1662718, 41.4463942 ], [ 2.166244, 41.4463554 ], [ 2.1660945, 41.4461549 ], [ 2.1660415, 41.4460969 ], [ 2.1659978, 41.4460659 ], [ 2.1659502, 41.4460408 ], [ 2.1658847, 41.4460257 ], [ 2.1658107, 41.4460169 ], [ 2.165473, 41.4459881 ], [ 2.1652915, 41.4459638 ], [ 2.1641263, 41.447942 ], [ 2.1640988, 41.4480648 ], [ 2.1641102, 41.4481913 ], [ 2.1640619, 41.4483561 ], [ 2.1640278, 41.4484482 ], [ 2.1639814, 41.4486255 ], [ 2.164001, 41.4487618 ], [ 2.16396, 41.4488065 ], [ 2.163965, 41.4488842 ], [ 2.163973, 41.4488979 ], [ 2.1640029, 41.4489392 ], [ 2.1640029, 41.4489741 ], [ 2.1640151, 41.4490045 ], [ 2.1640037, 41.4490306 ], [ 2.1639796, 41.44918 ], [ 2.1639703, 41.4492448 ], [ 2.1640071, 41.449318 ], [ 2.164069, 41.4493932 ], [ 2.1640611, 41.4494112 ], [ 2.1640639, 41.4494497 ], [ 2.1640591, 41.4495053 ], [ 2.1640404, 41.449551 ], [ 2.1640046, 41.4496138 ], [ 2.1639967, 41.4496694 ], [ 2.1640111, 41.4497069 ], [ 2.1640228, 41.4497436 ], [ 2.1640401, 41.4497682 ] ] ] } },
{ "type": "Feature", "properties": { "neighborhood": "Ciutat Meridiana", "admin_level": "10" }, "geometry": { "type": "Polygon", "coordinates": [ [ [ 2.1670195, 41.4591316 ], [ 2.1675674, 41.4596285 ], [ 2.1686668, 41.4602091 ], [ 2.1700407, 41.4608474 ], [ 2.1711235, 41.461061 ], [ 2.1720148, 41.4613726 ], [ 2.1724913, 41.4619453 ], [ 2.1730858, 41.4621976 ], [ 2.1737701, 41.4623738 ], [ 2.1746277, 41.4635235 ], [ 2.1779278, 41.4643829 ], [ 2.1790221, 41.4643409 ], [ 2.1794417, 41.4642914 ], [ 2.1796518, 41.4640857 ], [ 2.1798204, 41.4639082 ], [ 2.1799141, 41.463804 ], [ 2.1799849, 41.4637178 ], [ 2.1800679, 41.4636192 ], [ 2.1802043, 41.4634364 ], [ 2.1802744, 41.4633291 ], [ 2.1804566, 41.4630266 ], [ 2.1808664, 41.4623663 ], [ 2.180954, 41.4622283 ], [ 2.1810894, 41.4620446 ], [ 2.1812453, 41.4618385 ], [ 2.1815533, 41.4614331 ], [ 2.1802838, 41.461313 ], [ 2.1801209, 41.4613602 ], [ 2.1799445, 41.4613976 ], [ 2.1797918, 41.4614108 ], [ 2.1797252, 41.4614212 ], [ 2.1796755, 41.4613889 ], [ 2.1796025, 41.4613494 ], [ 2.1795733, 41.4613309 ], [ 2.1793655, 41.4612126 ], [ 2.1792816, 41.4611611 ], [ 2.1789949, 41.4609928 ], [ 2.178975, 41.4609821 ], [ 2.1788705, 41.460617 ], [ 2.1784362, 41.4603639 ], [ 2.1782833, 41.4602791 ], [ 2.178148, 41.4602013 ], [ 2.1777249, 41.4599526 ], [ 2.1776386, 41.4598964 ], [ 2.1775498, 41.4598222 ], [ 2.1773833, 41.4596972 ], [ 2.1771231, 41.4594902 ], [ 2.1769758, 41.459402 ], [ 2.1768817, 41.4593515 ], [ 2.1768376, 41.459323 ], [ 2.1767342, 41.459257 ], [ 2.1764928, 41.4590721 ], [ 2.1763667, 41.4589796 ], [ 2.1763085, 41.4589561 ], [ 2.176297, 41.4589515 ], [ 2.1762302, 41.4589578 ], [ 2.1761738, 41.4589739 ], [ 2.1761497, 41.4590181 ], [ 2.1761524, 41.4590583 ], [ 2.17614, 41.459075 ], [ 2.176127, 41.459089 ], [ 2.176047, 41.459034 ], [ 2.175865, 41.45894 ], [ 2.175861, 41.458938 ], [ 2.175823, 41.458931 ], [ 2.175719, 41.45891 ], [ 2.175385, 41.458845 ], [ 2.174978, 41.458765 ], [ 2.174815, 41.458737 ], [ 2.174478, 41.458676 ], [ 2.174175, 41.458622 ], [ 2.174165, 41.45862 ], [ 2.174076, 41.458696 ], [ 2.173706, 41.459017 ], [ 2.172625, 41.459032 ], [ 2.172273, 41.459038 ], [ 2.172261, 41.459039 ], [ 2.17215, 41.458979 ], [ 2.172037, 41.458924 ], [ 2.171879, 41.458865 ], [ 2.171757, 41.458828 ], [ 2.171656, 41.458805 ], [ 2.171578, 41.4588 ], [ 2.171568, 41.458799 ], [ 2.171424, 41.458821 ], [ 2.171322, 41.458852 ], [ 2.17117, 41.458891 ], [ 2.17102, 41.458922 ], [ 2.170898, 41.458925 ], [ 2.170872, 41.459033 ], [ 2.17031, 41.459034 ], [ 2.169718, 41.459029 ], [ 2.169705, 41.459029 ], [ 2.169419, 41.459032 ], [ 2.168999, 41.459029 ], [ 2.168986, 41.459029 ], [ 2.168624, 41.459053 ], [ 2.168281, 41.459073 ], [ 2.168088, 41.459085 ], [ 2.167847, 41.459101 ], [ 2.167542, 41.459113 ], [ 2.16751, 41.459117 ], [ 2.1670195, 41.4591316 ] ] ] } },
{ "type": "Feature", "properties": { "neighborhood": "Vallbona", "admin_level": "10" }, "geometry": { "type": "Polygon", "coordinates": [ [ [ 2.1790221, 41.4643409 ], [ 2.1792798, 41.4643316 ], [ 2.1803656, 41.4645506 ], [ 2.180041, 41.4651914 ], [ 2.1804374, 41.4656516 ], [ 2.180469, 41.4659192 ], [ 2.1795103, 41.4656298 ], [ 2.1790791, 41.4661047 ], [ 2.1788805, 41.4669822 ], [ 2.1786475, 41.4679046 ], [ 2.1787876, 41.467813 ], [ 2.17883, 41.4677853 ], [ 2.1796126, 41.4672739 ], [ 2.180085, 41.4673909 ], [ 2.1806563, 41.467274 ], [ 2.1826228, 41.4676391 ], [ 2.183149, 41.4677122 ], [ 2.1843704, 41.4678721 ], [ 2.184673, 41.4679135 ], [ 2.1853639, 41.4674966 ], [ 2.1856892, 41.4673003 ], [ 2.1869945, 41.4674574 ], [ 2.1875053, 41.4621675 ], [ 2.1875748, 41.4619449 ], [ 2.1874649, 41.4619468 ], [ 2.1874985, 41.4613693 ], [ 2.1876804, 41.4596007 ], [ 2.1878628, 41.4588197 ], [ 2.1882536, 41.4580386 ], [ 2.1888138, 41.457282 ], [ 2.1876125, 41.4566881 ], [ 2.1874692, 41.4568552 ], [ 2.1873065, 41.4570152 ], [ 2.187214, 41.4571025 ], [ 2.1871063, 41.4571948 ], [ 2.1869123, 41.4573527 ], [ 2.1868129, 41.4574244 ], [ 2.1867003, 41.4575033 ], [ 2.1864851, 41.4576475 ], [ 2.1862556, 41.4577943 ], [ 2.1859141, 41.4580083 ], [ 2.1855811, 41.4582268 ], [ 2.1850095, 41.4586083 ], [ 2.1845798, 41.4588942 ], [ 2.1841547, 41.4591891 ], [ 2.1838481, 41.4594012 ], [ 2.1833719, 41.4597433 ], [ 2.1831063, 41.4599435 ], [ 2.1827385, 41.4602385 ], [ 2.1824336, 41.4605 ], [ 2.1822243, 41.4607005 ], [ 2.1820463, 41.4608663 ], [ 2.1818338, 41.4610916 ], [ 2.1815533, 41.4614331 ], [ 2.1812453, 41.4618385 ], [ 2.1810894, 41.4620446 ], [ 2.180954, 41.4622283 ], [ 2.1808664, 41.4623663 ], [ 2.1804566, 41.4630266 ], [ 2.1802744, 41.4633291 ], [ 2.1802043, 41.4634364 ], [ 2.1800679, 41.4636192 ], [ 2.1799849, 41.4637178 ], [ 2.1799141, 41.463804 ], [ 2.1798204, 41.4639082 ], [ 2.1796518, 41.4640857 ], [ 2.1794417, 41.4642914 ], [ 2.1790221, 41.4643409 ] ] ] } },
{ "type": "Feature", "properties": { "neighborhood": "la Trinitat Vella", "admin_level": "10" }, "geometry": { "type": "Polygon", "coordinates": [ [ [ 2.1875608, 41.4468385 ], [ 2.1876962, 41.4472678 ], [ 2.1878334, 41.4476942 ], [ 2.1879751, 41.4481515 ], [ 2.1880673, 41.4484835 ], [ 2.1881307, 41.4487018 ], [ 2.1882548, 41.4490816 ], [ 2.1882757, 41.4491491 ], [ 2.1883447, 41.4493691 ], [ 2.1883814, 41.4495648 ], [ 2.1883926, 41.4496281 ], [ 2.1885289, 41.4501556 ], [ 2.1885605, 41.4502662 ], [ 2.1886124, 41.4505454 ], [ 2.1886512, 41.4508539 ], [ 2.1887013, 41.4516458 ], [ 2.1887058, 41.4517175 ], [ 2.1887516, 41.4524908 ], [ 2.1887578, 41.4531846 ], [ 2.1887488, 41.4533942 ], [ 2.1887457, 41.4534372 ], [ 2.1887324, 41.4536216 ], [ 2.1887369, 41.4539668 ], [ 2.1887311, 41.4540579 ], [ 2.1887155, 41.4541825 ], [ 2.1886924, 41.4542919 ], [ 2.1886429, 41.4545166 ], [ 2.1885928, 41.4547069 ], [ 2.1885371, 41.4548926 ], [ 2.1884687, 41.4551025 ], [ 2.1883851, 41.4553251 ], [ 2.1882976, 41.455535 ], [ 2.1881997, 41.455748 ], [ 2.188148, 41.455867 ], [ 2.1879215, 41.4562617 ], [ 2.1878553, 41.4563658 ], [ 2.1877899, 41.4564618 ], [ 2.1877179, 41.4565588 ], [ 2.1876125, 41.4566881 ], [ 2.1888138, 41.457282 ], [ 2.1882536, 41.4580386 ], [ 2.1878628, 41.4588197 ], [ 2.1876804, 41.4596007 ], [ 2.1874985, 41.4613693 ], [ 2.1874649, 41.4619468 ], [ 2.1875748, 41.4619449 ], [ 2.1876363, 41.4617481 ], [ 2.1878961, 41.4609165 ], [ 2.1884979, 41.4596108 ], [ 2.1905147, 41.4575929 ], [ 2.1972287, 41.4526858 ], [ 2.1980784, 41.4520647 ], [ 2.199382, 41.4508877 ], [ 2.2009129, 41.4495054 ], [ 2.201349, 41.4490485 ], [ 2.2011073, 41.4489695 ], [ 2.2010942, 41.4489661 ], [ 2.2010362, 41.4489143 ], [ 2.2009643, 41.4488919 ], [ 2.200947, 41.4488857 ], [ 2.2009266, 41.4488794 ], [ 2.2004887, 41.4487262 ], [ 2.2004522, 41.4487136 ], [ 2.2004254, 41.4487045 ], [ 2.2002851, 41.4486566 ], [ 2.2000312, 41.4485752 ], [ 2.1999574, 41.4485496 ], [ 2.1998219, 41.4485025 ], [ 2.1994796, 41.4483837 ], [ 2.1980327, 41.4478812 ], [ 2.1979991, 41.4478694 ], [ 2.1979635, 41.4478569 ], [ 2.1976908, 41.4477601 ], [ 2.1975091, 41.4476956 ], [ 2.197338, 41.4476348 ], [ 2.1968534, 41.4474665 ], [ 2.1966102, 41.4473831 ], [ 2.1963976, 41.4474588 ], [ 2.1963046, 41.4474673 ], [ 2.1962472, 41.4474668 ], [ 2.196172, 41.4474615 ], [ 2.1960872, 41.447451 ], [ 2.1960162, 41.447445 ], [ 2.195916, 41.4474393 ], [ 2.1957951, 41.4474413 ], [ 2.1956507, 41.4474442 ], [ 2.1955145, 41.4474563 ], [ 2.1953219, 41.4474859 ], [ 2.1951604, 41.4475126 ], [ 2.1950469, 41.4475315 ], [ 2.1949868, 41.4475418 ], [ 2.194884, 41.4475619 ], [ 2.1947663, 41.4475915 ], [ 2.1946576, 41.4476088 ], [ 2.1944001, 41.4475835 ], [ 2.1941792, 41.447543 ], [ 2.1939225, 41.4474604 ], [ 2.1936844, 41.4473569 ], [ 2.1935659, 41.4472984 ], [ 2.1934517, 41.4472418 ], [ 2.1933189, 41.4471761 ], [ 2.1930543, 41.4470236 ], [ 2.1929703, 41.4469828 ], [ 2.1928619, 41.4469481 ], [ 2.1927188, 41.4469159 ], [ 2.1925771, 41.4468947 ], [ 2.192314, 41.4468613 ], [ 2.192125, 41.446843 ], [ 2.191902, 41.4468255 ], [ 2.1915351, 41.4468149 ], [ 2.1906323, 41.4467913 ], [ 2.1905139, 41.4467985 ], [ 2.1904389, 41.4468003 ], [ 2.1903702, 41.4468021 ], [ 2.1903148, 41.4468011 ], [ 2.1896948, 41.4468069 ], [ 2.189541, 41.4468039 ], [ 2.1894465, 41.4468071 ], [ 2.1894043, 41.4468069 ], [ 2.1891627, 41.4468095 ], [ 2.1889838, 41.446813 ], [ 2.1889249, 41.4468149 ], [ 2.1878679, 41.4468231 ], [ 2.1876921, 41.4468269 ], [ 2.1875608, 41.4468385 ] ] ] } },
{ "type": "Feature", "properties": { "neighborhood": "Baró de Viver", "admin_level": "10" }, "geometry": { "type": "Polygon", "coordinates": [ [ [ 2.1953826, 41.4426004 ], [ 2.1955442, 41.4430685 ], [ 2.1959797, 41.4443811 ], [ 2.1964323, 41.4457478 ], [ 2.1966101, 41.4462834 ], [ 2.1967567, 41.4467969 ], [ 2.1969073, 41.4473022 ], [ 2.1968534, 41.4474665 ], [ 2.197338, 41.4476348 ], [ 2.1975091, 41.4476956 ], [ 2.1976908, 41.4477601 ], [ 2.1979635, 41.4478569 ], [ 2.1979991, 41.4478694 ], [ 2.1980327, 41.4478812 ], [ 2.1994796, 41.4483837 ], [ 2.1998219, 41.4485025 ], [ 2.1999574, 41.4485496 ], [ 2.2000312, 41.4485752 ], [ 2.2002851, 41.4486566 ], [ 2.2004254, 41.4487045 ], [ 2.2004522, 41.4487136 ], [ 2.2004887, 41.4487262 ], [ 2.2009266, 41.4488794 ], [ 2.200947, 41.4488857 ], [ 2.2009643, 41.4488919 ], [ 2.2010362, 41.4489143 ], [ 2.2010942, 41.4489661 ], [ 2.2011073, 41.4489695 ], [ 2.201349, 41.4490485 ], [ 2.2013718, 41.4490244 ], [ 2.2013922, 41.4490036 ], [ 2.2033902, 41.4469278 ], [ 2.202987, 41.4467389 ], [ 2.2029385, 41.4467928 ], [ 2.2029009, 41.4467733 ], [ 2.2028303, 41.4467367 ], [ 2.2019842, 41.4463657 ], [ 2.201819, 41.4462933 ], [ 2.2017207, 41.4462442 ], [ 2.2016912, 41.4462294 ], [ 2.2016094, 41.4461886 ], [ 2.2014191, 41.4461022 ], [ 2.2007438, 41.4457649 ], [ 2.1994993, 41.4451376 ], [ 2.1994796, 41.4451276 ], [ 2.1993088, 41.4450399 ], [ 2.1992957, 41.4448833 ], [ 2.1993351, 41.4447529 ], [ 2.1993681, 41.4445927 ], [ 2.1993951, 41.4444422 ], [ 2.1996516, 41.4431451 ], [ 2.1996613, 41.4430961 ], [ 2.1997175, 41.4428121 ], [ 2.1993993, 41.4428244 ], [ 2.1991494, 41.4428091 ], [ 2.1989492, 41.4428038 ], [ 2.1970029, 41.4426714 ], [ 2.1969627, 41.4426691 ], [ 2.1968137, 41.4426586 ], [ 2.1967471, 41.4426559 ], [ 2.1966961, 41.4426539 ], [ 2.1966844, 41.4426529 ], [ 2.196662, 41.4426513 ], [ 2.1955232, 41.4425653 ], [ 2.1953826, 41.4426004 ] ] ] } },
{ "type": "Feature", "properties": { "neighborhood": "el Bon Pastor", "admin_level": "10" }, "geometry": { "type": "Polygon", "coordinates": [ [ [ 2.1935222, 41.4358882 ], [ 2.1935103, 41.4361382 ], [ 2.1935146, 41.4363396 ], [ 2.1935472, 41.4365671 ], [ 2.1936322, 41.4369544 ], [ 2.1936904, 41.4372349 ], [ 2.1937503, 41.4374823 ], [ 2.1939154, 41.438079 ], [ 2.1940109, 41.4384463 ], [ 2.1940528, 41.4385503 ], [ 2.1941042, 41.4386913 ], [ 2.1942996, 41.4392269 ], [ 2.1942887, 41.4392675 ], [ 2.1948969, 41.4408326 ], [ 2.1949152, 41.4408995 ], [ 2.195106, 41.4417022 ], [ 2.1951838, 41.4419848 ], [ 2.1952797, 41.4422914 ], [ 2.1953826, 41.4426004 ], [ 2.1955232, 41.4425653 ], [ 2.196662, 41.4426513 ], [ 2.1966844, 41.4426529 ], [ 2.1966961, 41.4426539 ], [ 2.1967471, 41.4426559 ], [ 2.1968137, 41.4426586 ], [ 2.1969627, 41.4426691 ], [ 2.1970029, 41.4426714 ], [ 2.1989492, 41.4428038 ], [ 2.1991494, 41.4428091 ], [ 2.1993993, 41.4428244 ], [ 2.1997175, 41.4428121 ], [ 2.1996613, 41.4430961 ], [ 2.1996516, 41.4431451 ], [ 2.1993951, 41.4444422 ], [ 2.1993681, 41.4445927 ], [ 2.1993351, 41.4447529 ], [ 2.1992957, 41.4448833 ], [ 2.1993088, 41.4450399 ], [ 2.1994796, 41.4451276 ], [ 2.1994993, 41.4451376 ], [ 2.2007438, 41.4457649 ], [ 2.2014191, 41.4461022 ], [ 2.2016094, 41.4461886 ], [ 2.2016912, 41.4462294 ], [ 2.2017207, 41.4462442 ], [ 2.201819, 41.4462933 ], [ 2.2019842, 41.4463657 ], [ 2.2028303, 41.4467367 ], [ 2.2029009, 41.4467733 ], [ 2.2029385, 41.4467928 ], [ 2.202987, 41.4467389 ], [ 2.2033902, 41.4469278 ], [ 2.2045136, 41.4457589 ], [ 2.2064078, 41.4434992 ], [ 2.2064554, 41.4434424 ], [ 2.207519, 41.4419043 ], [ 2.2085312, 41.4399047 ], [ 2.2087896, 41.4386506 ], [ 2.20934, 41.436861 ], [ 2.2094951, 41.4361099 ], [ 2.2095296, 41.4359431 ], [ 2.2105604, 41.4336748 ], [ 2.2096384, 41.4336655 ], [ 2.2090823, 41.433659 ], [ 2.2059186, 41.4329591 ], [ 2.2061683, 41.4323312 ], [ 2.2063873, 41.431459 ], [ 2.206464, 41.4311615 ], [ 2.2065341, 41.4309564 ], [ 2.2066629, 41.4305804 ], [ 2.2066807, 41.4305219 ], [ 2.2068516, 41.4300534 ], [ 2.2069678, 41.4297199 ], [ 2.20712, 41.4292942 ], [ 2.2074462, 41.4280262 ], [ 2.2072969, 41.4277635 ], [ 2.2049319, 41.4288857 ], [ 2.2038895, 41.429373 ], [ 2.2028462, 41.4296551 ], [ 2.2013872, 41.4300995 ], [ 2.2004166, 41.4302363 ], [ 2.1991661, 41.4301239 ], [ 2.1980718, 41.42966 ], [ 2.1977517, 41.4294076 ], [ 2.1972251, 41.428903 ], [ 2.1971049, 41.4287279 ], [ 2.1966323, 41.4274379 ], [ 2.1963961, 41.4266977 ], [ 2.1958495, 41.4269794 ], [ 2.1958876, 41.4271456 ], [ 2.196128, 41.4286654 ], [ 2.1961678, 41.4289468 ], [ 2.196185, 41.4292407 ], [ 2.1961874, 41.4292908 ], [ 2.1962066, 41.4296611 ], [ 2.1962127, 41.429824 ], [ 2.1962137, 41.429994 ], [ 2.1962072, 41.4301318 ], [ 2.1961907, 41.4302876 ], [ 2.1961659, 41.43044 ], [ 2.1961365, 41.4305887 ], [ 2.1960987, 41.4307489 ], [ 2.1960564, 41.4309 ], [ 2.1960119, 41.4310336 ], [ 2.1959663, 41.4311532 ], [ 2.1959078, 41.431295 ], [ 2.1958543, 41.4314179 ], [ 2.1958127, 41.4315084 ], [ 2.1957138, 41.4317048 ], [ 2.1954958, 41.4321425 ], [ 2.195217, 41.4326791 ], [ 2.195076, 41.4329505 ], [ 2.1950392, 41.4330186 ], [ 2.1948691, 41.4333336 ], [ 2.1947757, 41.4335065 ], [ 2.1947593, 41.4335388 ], [ 2.1947327, 41.4335913 ], [ 2.1946907, 41.4336647 ], [ 2.194652, 41.4337317 ], [ 2.1943218, 41.434157 ], [ 2.1942046, 41.434311 ], [ 2.1940432, 41.4345125 ], [ 2.193966, 41.4346199 ], [ 2.1938158, 41.4348911 ], [ 2.1937516, 41.4350296 ], [ 2.1936954, 41.4351674 ], [ 2.1936418, 41.4353313 ], [ 2.1936004, 41.4354853 ], [ 2.193557, 41.4356789 ], [ 2.1935222, 41.4358882 ] ] ] } },
{ "type": "Feature", "properties": { "neighborhood": "Sant Andreu de Palomar", "admin_level": "10" }, "geometry": { "type": "Polygon", "coordinates": [ [ [ 2.1826095, 41.4316067 ], [ 2.1826442, 41.4318005 ], [ 2.1826963, 41.4320005 ], [ 2.1827081, 41.4320341 ], [ 2.1827259, 41.4320906 ], [ 2.1827623, 41.4321991 ], [ 2.1827994, 41.4323095 ], [ 2.1829461, 41.432711 ], [ 2.1830465, 41.4329679 ], [ 2.1831132, 41.4331639 ], [ 2.1832413, 41.4335402 ], [ 2.1834305, 41.4340962 ], [ 2.1834738, 41.4342279 ], [ 2.1834875, 41.4342615 ], [ 2.1835476, 41.4344523 ], [ 2.1838713, 41.4354101 ], [ 2.1839072, 41.4355245 ], [ 2.1841335, 41.4361935 ], [ 2.1842272, 41.4364704 ], [ 2.1842682, 41.4365926 ], [ 2.1842803, 41.4366265 ], [ 2.1845826, 41.4375498 ], [ 2.1847797, 41.4381464 ], [ 2.1852655, 41.4395627 ], [ 2.1853449, 41.4398149 ], [ 2.1854918, 41.4402592 ], [ 2.1858482, 41.4414451 ], [ 2.1859559, 41.4418353 ], [ 2.1860795, 41.4422374 ], [ 2.186122, 41.442401 ], [ 2.1861585, 41.4425298 ], [ 2.1861726, 41.4425754 ], [ 2.1861859, 41.4426186 ], [ 2.1862097, 41.4426915 ], [ 2.1863046, 41.4429729 ], [ 2.1863438, 41.4430827 ], [ 2.1863569, 41.4431292 ], [ 2.1864026, 41.4432921 ], [ 2.1866218, 41.4439719 ], [ 2.1866451, 41.4440525 ], [ 2.1866578, 41.4440874 ], [ 2.1867337, 41.4443311 ], [ 2.1869318, 41.444906 ], [ 2.1870683, 41.4453115 ], [ 2.1871444, 41.4455452 ], [ 2.1872162, 41.4457659 ], [ 2.1874425, 41.4464866 ], [ 2.1874911, 41.4466142 ], [ 2.1875608, 41.4468385 ], [ 2.1876921, 41.4468269 ], [ 2.1878679, 41.4468231 ], [ 2.1889249, 41.4468149 ], [ 2.1889838, 41.446813 ], [ 2.1891627, 41.4468095 ], [ 2.1894043, 41.4468069 ], [ 2.1894465, 41.4468071 ], [ 2.189541, 41.4468039 ], [ 2.1896948, 41.4468069 ], [ 2.1903148, 41.4468011 ], [ 2.1903702, 41.4468021 ], [ 2.1904389, 41.4468003 ], [ 2.1905139, 41.4467985 ], [ 2.1906323, 41.4467913 ], [ 2.1915351, 41.4468149 ], [ 2.191902, 41.4468255 ], [ 2.192125, 41.446843 ], [ 2.192314, 41.4468613 ], [ 2.1925771, 41.4468947 ], [ 2.1927188, 41.4469159 ], [ 2.1928619, 41.4469481 ], [ 2.1929703, 41.4469828 ], [ 2.1930543, 41.4470236 ], [ 2.1933189, 41.4471761 ], [ 2.1934517, 41.4472418 ], [ 2.1935659, 41.4472984 ], [ 2.1936844, 41.4473569 ], [ 2.1939225, 41.4474604 ], [ 2.1941792, 41.447543 ], [ 2.1944001, 41.4475835 ], [ 2.1946576, 41.4476088 ], [ 2.1947663, 41.4475915 ], [ 2.194884, 41.4475619 ], [ 2.1949868, 41.4475418 ], [ 2.1950469, 41.4475315 ], [ 2.1951604, 41.4475126 ], [ 2.1953219, 41.4474859 ], [ 2.1955145, 41.4474563 ], [ 2.1956507, 41.4474442 ], [ 2.1957951, 41.4474413 ], [ 2.195916, 41.4474393 ], [ 2.1960162, 41.447445 ], [ 2.1960872, 41.447451 ], [ 2.196172, 41.4474615 ], [ 2.1962472, 41.4474668 ], [ 2.1963046, 41.4474673 ], [ 2.1963976, 41.4474588 ], [ 2.1966102, 41.4473831 ], [ 2.1968534, 41.4474665 ], [ 2.1969073, 41.4473022 ], [ 2.1967567, 41.4467969 ], [ 2.1966101, 41.4462834 ], [ 2.1964323, 41.4457478 ], [ 2.1959797, 41.4443811 ], [ 2.1955442, 41.4430685 ], [ 2.1953826, 41.4426004 ], [ 2.1952797, 41.4422914 ], [ 2.1951838, 41.4419848 ], [ 2.195106, 41.4417022 ], [ 2.1949152, 41.4408995 ], [ 2.1948969, 41.4408326 ], [ 2.1942887, 41.4392675 ], [ 2.1942996, 41.4392269 ], [ 2.1941042, 41.4386913 ], [ 2.1940528, 41.4385503 ], [ 2.1940109, 41.4384463 ], [ 2.1939154, 41.438079 ], [ 2.1937503, 41.4374823 ], [ 2.1936904, 41.4372349 ], [ 2.1936322, 41.4369544 ], [ 2.1935472, 41.4365671 ], [ 2.1935146, 41.4363396 ], [ 2.1935103, 41.4361382 ], [ 2.1935222, 41.4358882 ], [ 2.193557, 41.4356789 ], [ 2.1936004, 41.4354853 ], [ 2.1936418, 41.4353313 ], [ 2.1936954, 41.4351674 ], [ 2.1937516, 41.4350296 ], [ 2.1938158, 41.4348911 ], [ 2.193966, 41.4346199 ], [ 2.1940432, 41.4345125 ], [ 2.1942046, 41.434311 ], [ 2.1943218, 41.434157 ], [ 2.194652, 41.4337317 ], [ 2.1946907, 41.4336647 ], [ 2.1947327, 41.4335913 ], [ 2.1947593, 41.4335388 ], [ 2.1947757, 41.4335065 ], [ 2.1948691, 41.4333336 ], [ 2.1950392, 41.4330186 ], [ 2.195076, 41.4329505 ], [ 2.195217, 41.4326791 ], [ 2.1954958, 41.4321425 ], [ 2.1957138, 41.4317048 ], [ 2.1958127, 41.4315084 ], [ 2.1958543, 41.4314179 ], [ 2.1959078, 41.431295 ], [ 2.1959663, 41.4311532 ], [ 2.1960119, 41.4310336 ], [ 2.1960564, 41.4309 ], [ 2.1960987, 41.4307489 ], [ 2.1961365, 41.4305887 ], [ 2.1961659, 41.43044 ], [ 2.1961907, 41.4302876 ], [ 2.1962072, 41.4301318 ], [ 2.1962137, 41.429994 ], [ 2.1962127, 41.429824 ], [ 2.1962066, 41.4296611 ], [ 2.1961874, 41.4292908 ], [ 2.196185, 41.4292407 ], [ 2.1961678, 41.4289468 ], [ 2.196128, 41.4286654 ], [ 2.1958876, 41.4271456 ], [ 2.1958495, 41.4269794 ], [ 2.1948, 41.4274809 ], [ 2.1939485, 41.4278593 ], [ 2.193929, 41.4278727 ], [ 2.1939233, 41.4278862 ], [ 2.1939183, 41.4280741 ], [ 2.1939176, 41.4281006 ], [ 2.1939188, 41.4281449 ], [ 2.1939232, 41.4281664 ], [ 2.1939279, 41.4281771 ], [ 2.1939392, 41.4281902 ], [ 2.1936784, 41.4281899 ], [ 2.1936482, 41.4281893 ], [ 2.1936053, 41.4281844 ], [ 2.1935802, 41.4281784 ], [ 2.1934843, 41.4281512 ], [ 2.1934272, 41.428134 ], [ 2.1931954, 41.4280655 ], [ 2.1929981, 41.4280071 ], [ 2.1927878, 41.4279522 ], [ 2.1925494, 41.4278969 ], [ 2.1924815, 41.4278852 ], [ 2.1923921, 41.427869 ], [ 2.1923151, 41.4278567 ], [ 2.192281, 41.427853 ], [ 2.1918708, 41.4278081 ], [ 2.1918204, 41.4278026 ], [ 2.1917217, 41.4277928 ], [ 2.1916664, 41.4277843 ], [ 2.1915793, 41.4277752 ], [ 2.1915339, 41.4277718 ], [ 2.1914544, 41.4277657 ], [ 2.1914183, 41.427762 ], [ 2.1913335, 41.4277531 ], [ 2.1909625, 41.4277124 ], [ 2.1908873, 41.4277086 ], [ 2.1907591, 41.4277146 ], [ 2.1907222, 41.4277164 ], [ 2.1904688, 41.4277202 ], [ 2.1903682, 41.4277277 ], [ 2.1902185, 41.4277553 ], [ 2.1900342, 41.4278018 ], [ 2.1898359, 41.4278441 ], [ 2.1893148, 41.4279461 ], [ 2.1892203, 41.4279654 ], [ 2.1890095, 41.4280141 ], [ 2.1888743, 41.4280586 ], [ 2.1886123, 41.428177 ], [ 2.1883776, 41.4282964 ], [ 2.1881652, 41.4284135 ], [ 2.1880898, 41.4284513 ], [ 2.1879681, 41.4285074 ], [ 2.1878272, 41.4285588 ], [ 2.1877005, 41.4285929 ], [ 2.1876092, 41.4286096 ], [ 2.1875346, 41.428616 ], [ 2.1873136, 41.4286209 ], [ 2.1871964, 41.4286222 ], [ 2.1861623, 41.4286333 ], [ 2.1860024, 41.4286349 ], [ 2.1854511, 41.4286456 ], [ 2.1853618, 41.4286457 ], [ 2.1852188, 41.4286455 ], [ 2.1846238, 41.4286466 ], [ 2.1845735, 41.4286464 ], [ 2.1844471, 41.4286488 ], [ 2.1842638, 41.4286494 ], [ 2.1840777, 41.4286516 ], [ 2.1840188, 41.4287435 ], [ 2.1839849, 41.4287896 ], [ 2.1839636, 41.428825 ], [ 2.1839176, 41.4288948 ], [ 2.1838646, 41.4289754 ], [ 2.1837205, 41.4291808 ], [ 2.1835282, 41.4294547 ], [ 2.1832366, 41.4298347 ], [ 2.1830635, 41.4300527 ], [ 2.1830384, 41.4300815 ], [ 2.182944, 41.4301975 ], [ 2.1828508, 41.430338 ], [ 2.1828334, 41.4303619 ], [ 2.1828086, 41.4303998 ], [ 2.1827757, 41.4304629 ], [ 2.1827224, 41.4305702 ], [ 2.1826814, 41.4306689 ], [ 2.1826468, 41.4307781 ], [ 2.1826304, 41.4308288 ], [ 2.1826015, 41.4309349 ], [ 2.1825891, 41.4309922 ], [ 2.1825746, 41.4310747 ], [ 2.1825686, 41.4311647 ], [ 2.1825718, 41.431296 ], [ 2.1825833, 41.4314333 ], [ 2.1826095, 41.4316067 ] ] ] } },
{ "type": "Feature", "properties": { "neighborhood": "la Sagrera", "admin_level": "10" }, "geometry": { "type": "Polygon", "coordinates": [ [ [ 2.1839295, 41.4226899 ], [ 2.1839346, 41.4228804 ], [ 2.1839363, 41.4229427 ], [ 2.1839396, 41.4230684 ], [ 2.1839418, 41.4231507 ], [ 2.1839594, 41.4232497 ], [ 2.1840632, 41.4238466 ], [ 2.1840886, 41.4239921 ], [ 2.1841007, 41.4240452 ], [ 2.1841166, 41.4241475 ], [ 2.1841922, 41.4246602 ], [ 2.1841913, 41.4247346 ], [ 2.1841897, 41.425213 ], [ 2.1841885, 41.4252715 ], [ 2.1841914, 41.4254438 ], [ 2.1841898, 41.4256279 ], [ 2.1841924, 41.4258512 ], [ 2.1842033, 41.4267739 ], [ 2.1842033, 41.4268595 ], [ 2.1842207, 41.4270274 ], [ 2.1842767, 41.4275677 ], [ 2.1842928, 41.4276835 ], [ 2.1843058, 41.4277543 ], [ 2.1843369, 41.4280001 ], [ 2.1843438, 41.428053 ], [ 2.18435, 41.4281196 ], [ 2.1843424, 41.4282558 ], [ 2.1842052, 41.4284679 ], [ 2.1841512, 41.4285489 ], [ 2.1840777, 41.4286516 ], [ 2.1842638, 41.4286494 ], [ 2.1844471, 41.4286488 ], [ 2.1845735, 41.4286464 ], [ 2.1846238, 41.4286466 ], [ 2.1852188, 41.4286455 ], [ 2.1853618, 41.4286457 ], [ 2.1854511, 41.4286456 ], [ 2.1860024, 41.4286349 ], [ 2.1861623, 41.4286333 ], [ 2.1871964, 41.4286222 ], [ 2.1873136, 41.4286209 ], [ 2.1875346, 41.428616 ], [ 2.1876092, 41.4286096 ], [ 2.1877005, 41.4285929 ], [ 2.1878272, 41.4285588 ], [ 2.1879681, 41.4285074 ], [ 2.1880898, 41.4284513 ], [ 2.1881652, 41.4284135 ], [ 2.1883776, 41.4282964 ], [ 2.1886123, 41.428177 ], [ 2.1888743, 41.4280586 ], [ 2.1890095, 41.4280141 ], [ 2.1892203, 41.4279654 ], [ 2.1893148, 41.4279461 ], [ 2.1898359, 41.4278441 ], [ 2.1900342, 41.4278018 ], [ 2.1902185, 41.4277553 ], [ 2.1903682, 41.4277277 ], [ 2.1904688, 41.4277202 ], [ 2.1907222, 41.4277164 ], [ 2.1907591, 41.4277146 ], [ 2.1908873, 41.4277086 ], [ 2.1909625, 41.4277124 ], [ 2.1913335, 41.4277531 ], [ 2.1914183, 41.427762 ], [ 2.1914544, 41.4277657 ], [ 2.1915339, 41.4277718 ], [ 2.1915793, 41.4277752 ], [ 2.1916664, 41.4277843 ], [ 2.1917217, 41.4277928 ], [ 2.1918204, 41.4278026 ], [ 2.1918708, 41.4278081 ], [ 2.192281, 41.427853 ], [ 2.1923151, 41.4278567 ], [ 2.1923921, 41.427869 ], [ 2.1924815, 41.4278852 ], [ 2.1925494, 41.4278969 ], [ 2.1927878, 41.4279522 ], [ 2.1929981, 41.4280071 ], [ 2.1931954, 41.4280655 ], [ 2.1934272, 41.428134 ], [ 2.1934843, 41.4281512 ], [ 2.1935802, 41.4281784 ], [ 2.1936053, 41.4281844 ], [ 2.1936482, 41.4281893 ], [ 2.1936784, 41.4281899 ], [ 2.1939392, 41.4281902 ], [ 2.1939279, 41.4281771 ], [ 2.1939232, 41.4281664 ], [ 2.1939188, 41.4281449 ], [ 2.1939176, 41.4281006 ], [ 2.1939183, 41.4280741 ], [ 2.1939233, 41.4278862 ], [ 2.193929, 41.4278727 ], [ 2.1939485, 41.4278593 ], [ 2.1948, 41.4274809 ], [ 2.1958495, 41.4269794 ], [ 2.1963961, 41.4266977 ], [ 2.1961959, 41.4260705 ], [ 2.1955706, 41.4239557 ], [ 2.1951212, 41.4226028 ], [ 2.1950679, 41.4224192 ], [ 2.1945676, 41.420698 ], [ 2.1937338, 41.4185001 ], [ 2.1931932, 41.4169663 ], [ 2.1924246, 41.4148269 ], [ 2.1924111, 41.4145473 ], [ 2.1923046, 41.4146258 ], [ 2.1922958, 41.4146269 ], [ 2.1921558, 41.4147356 ], [ 2.1917722, 41.4150317 ], [ 2.1913161, 41.4153763 ], [ 2.1911541, 41.4154924 ], [ 2.1911216, 41.4155202 ], [ 2.1910741, 41.4155539 ], [ 2.191132, 41.4156818 ], [ 2.1911462, 41.4157114 ], [ 2.1913377, 41.4164114 ], [ 2.1913783, 41.4166282 ], [ 2.1913864, 41.416753 ], [ 2.1913909, 41.4168248 ], [ 2.1913997, 41.4169766 ], [ 2.1911426, 41.4171367 ], [ 2.1910916, 41.4171727 ], [ 2.1910583, 41.4171988 ], [ 2.1909723, 41.4172651 ], [ 2.19044, 41.4176757 ], [ 2.1902796, 41.4177994 ], [ 2.1902569, 41.4178186 ], [ 2.1901006, 41.4179375 ], [ 2.1899786, 41.4180317 ], [ 2.1899457, 41.4180577 ], [ 2.1897456, 41.4182115 ], [ 2.1896201, 41.4183084 ], [ 2.1895197, 41.4183859 ], [ 2.1893792, 41.4184943 ], [ 2.189221, 41.4186156 ], [ 2.1891997, 41.4186329 ], [ 2.1891547, 41.4186676 ], [ 2.1890764, 41.4187273 ], [ 2.1889786, 41.4188035 ], [ 2.1888199, 41.418926 ], [ 2.1888032, 41.4189389 ], [ 2.188368, 41.41927 ], [ 2.1881401, 41.4194644 ], [ 2.1873118, 41.4200952 ], [ 2.1872327, 41.4201562 ], [ 2.1871892, 41.420186 ], [ 2.1871504, 41.4202146 ], [ 2.187027, 41.4203127 ], [ 2.1869225, 41.4203962 ], [ 2.1868278, 41.4204658 ], [ 2.1866611, 41.4205976 ], [ 2.1866161, 41.4206318 ], [ 2.1866017, 41.4206426 ], [ 2.1860986, 41.4210439 ], [ 2.1859686, 41.4211418 ], [ 2.1859293, 41.4211703 ], [ 2.1856733, 41.4213693 ], [ 2.1854115, 41.4215784 ], [ 2.1851447, 41.4217848 ], [ 2.1850224, 41.4218773 ], [ 2.1848071, 41.4220401 ], [ 2.1847813, 41.4220587 ], [ 2.1846982, 41.4221228 ], [ 2.1845594, 41.422226 ], [ 2.1845132, 41.4222558 ], [ 2.1844935, 41.4222691 ], [ 2.1844553, 41.4222941 ], [ 2.1844312, 41.4223121 ], [ 2.1840701, 41.4225818 ], [ 2.1840393, 41.4226053 ], [ 2.1839866, 41.4226459 ], [ 2.1839295, 41.4226899 ] ] ] } },
{ "type": "Feature", "properties": { "neighborhood": "el Congrés i els Indians", "admin_level": "10" }, "geometry": { "type": "Polygon", "coordinates": [ [ [ 2.1759337, 41.4255242 ], [ 2.1764096, 41.4254654 ], [ 2.1765508, 41.4254689 ], [ 2.1771154, 41.4254775 ], [ 2.1771477, 41.4254796 ], [ 2.1772135, 41.425479 ], [ 2.1773189, 41.4254809 ], [ 2.1773151, 41.4255626 ], [ 2.1772853, 41.426196 ], [ 2.1772847, 41.42621 ], [ 2.1772625, 41.4266347 ], [ 2.1772531, 41.4267807 ], [ 2.1772502, 41.4268309 ], [ 2.1772484, 41.4268611 ], [ 2.1772442, 41.4270629 ], [ 2.1772425, 41.4272243 ], [ 2.1772404, 41.4274242 ], [ 2.1772415, 41.4274843 ], [ 2.1772431, 41.4275783 ], [ 2.1772437, 41.4275869 ], [ 2.1772463, 41.4276239 ], [ 2.1772537, 41.4276941 ], [ 2.1772585, 41.4277649 ], [ 2.177283, 41.4279966 ], [ 2.1772852, 41.4280222 ], [ 2.1772992, 41.4281938 ], [ 2.1774337, 41.4281694 ], [ 2.177471, 41.4281627 ], [ 2.1780747, 41.4280532 ], [ 2.1781569, 41.4280403 ], [ 2.1789301, 41.4279191 ], [ 2.1790288, 41.4279026 ], [ 2.1792289, 41.4278691 ], [ 2.1796199, 41.4278191 ], [ 2.1797371, 41.4278116 ], [ 2.1798164, 41.4278087 ], [ 2.1806647, 41.4277792 ], [ 2.1807267, 41.427777 ], [ 2.1808336, 41.4277733 ], [ 2.1816873, 41.4277436 ], [ 2.1820992, 41.4277292 ], [ 2.1824323, 41.4277176 ], [ 2.1825292, 41.4277142 ], [ 2.1825998, 41.4277118 ], [ 2.1841406, 41.4276723 ], [ 2.1842143, 41.4276715 ], [ 2.1842499, 41.4276758 ], [ 2.1842928, 41.4276835 ], [ 2.1842767, 41.4275677 ], [ 2.1842207, 41.4270274 ], [ 2.1842033, 41.4268595 ], [ 2.1842033, 41.4267739 ], [ 2.1841924, 41.4258512 ], [ 2.1841898, 41.4256279 ], [ 2.1841914, 41.4254438 ], [ 2.1841885, 41.4252715 ], [ 2.1841897, 41.425213 ], [ 2.1841913, 41.4247346 ], [ 2.1841922, 41.4246602 ], [ 2.1841166, 41.4241475 ], [ 2.1841007, 41.4240452 ], [ 2.1840886, 41.4239921 ], [ 2.1840632, 41.4238466 ], [ 2.1839594, 41.4232497 ], [ 2.1839418, 41.4231507 ], [ 2.1839396, 41.4230684 ], [ 2.1839363, 41.4229427 ], [ 2.1839346, 41.4228804 ], [ 2.1839295, 41.4226899 ], [ 2.1839302, 41.4226073 ], [ 2.1839261, 41.4225199 ], [ 2.1839292, 41.4222118 ], [ 2.1839292, 41.4220867 ], [ 2.1839291, 41.4219166 ], [ 2.183929, 41.4218064 ], [ 2.183929, 41.4217585 ], [ 2.1837959, 41.4216595 ], [ 2.1835432, 41.4214715 ], [ 2.1834095, 41.421372 ], [ 2.1832729, 41.4212704 ], [ 2.1826899, 41.4208367 ], [ 2.1823456, 41.4205806 ], [ 2.1822381, 41.4205006 ], [ 2.1821195, 41.4204123 ], [ 2.1820891, 41.4203897 ], [ 2.1817232, 41.4201176 ], [ 2.1816966, 41.4200978 ], [ 2.181656, 41.4200676 ], [ 2.1815053, 41.4199555 ], [ 2.1813595, 41.4198425 ], [ 2.1812407, 41.4197572 ], [ 2.1812223, 41.4197435 ], [ 2.181125, 41.4196713 ], [ 2.1810593, 41.4196238 ], [ 2.1809372, 41.4195389 ], [ 2.1809061, 41.419518 ], [ 2.1808058, 41.4194459 ], [ 2.1807169, 41.4193822 ], [ 2.1807342, 41.4194501 ], [ 2.1807412, 41.4194851 ], [ 2.180773, 41.4196061 ], [ 2.1807849, 41.4196449 ], [ 2.1808028, 41.419713 ], [ 2.1808254, 41.4198301 ], [ 2.1808321, 41.4198809 ], [ 2.1808367, 41.4199203 ], [ 2.18084, 41.4200012 ], [ 2.1808378, 41.4200593 ], [ 2.1808303, 41.420117 ], [ 2.1808175, 41.420179 ], [ 2.1808033, 41.4202374 ], [ 2.1807871, 41.4202865 ], [ 2.1807365, 41.4203881 ], [ 2.1807091, 41.4204336 ], [ 2.1806906, 41.4204641 ], [ 2.1806544, 41.4205184 ], [ 2.1804846, 41.4207145 ], [ 2.1803471, 41.4208633 ], [ 2.1802737, 41.4209424 ], [ 2.1802353, 41.4209831 ], [ 2.1802215, 41.4209976 ], [ 2.1800132, 41.4212184 ], [ 2.1798368, 41.4214052 ], [ 2.1797688, 41.4214773 ], [ 2.1797324, 41.4215158 ], [ 2.1796953, 41.4215555 ], [ 2.179672, 41.4215798 ], [ 2.1794244, 41.421842 ], [ 2.1794209, 41.4218458 ], [ 2.179312, 41.4219612 ], [ 2.1792628, 41.4220133 ], [ 2.1791372, 41.422148 ], [ 2.1790524, 41.4222361 ], [ 2.178938, 41.4223573 ], [ 2.178822, 41.4224829 ], [ 2.1787303, 41.4225823 ], [ 2.1787061, 41.42261 ], [ 2.1786253, 41.4227006 ], [ 2.1782886, 41.423086 ], [ 2.1782657, 41.4231099 ], [ 2.1782137, 41.4231699 ], [ 2.1780733, 41.4233095 ], [ 2.1778588, 41.4235424 ], [ 2.1778119, 41.4235949 ], [ 2.1777918, 41.4236175 ], [ 2.1776325, 41.4237946 ], [ 2.1774997, 41.4239421 ], [ 2.1773797, 41.4240754 ], [ 2.1772967, 41.4241608 ], [ 2.1772188, 41.4242465 ], [ 2.1771934, 41.4242728 ], [ 2.1771524, 41.4243153 ], [ 2.177009, 41.4244646 ], [ 2.1769901, 41.4244842 ], [ 2.1769212, 41.4245585 ], [ 2.1769113, 41.4245697 ], [ 2.1767006, 41.4248092 ], [ 2.1766763, 41.4248368 ], [ 2.176512, 41.4250236 ], [ 2.1762887, 41.4252707 ], [ 2.1762488, 41.4253115 ], [ 2.1762188, 41.4253392 ], [ 2.176092, 41.4254379 ], [ 2.1759656, 41.4255068 ], [ 2.1759337, 41.4255242 ] ] ] } },
{ "type": "Feature", "properties": { "neighborhood": "Navas", "admin_level": "10" }, "geometry": { "type": "Polygon", "coordinates": [ [ [ 2.1803926, 41.4171345 ], [ 2.1803957, 41.4172065 ], [ 2.180399, 41.4173647 ], [ 2.180405, 41.417536 ], [ 2.1804156, 41.4176888 ], [ 2.1804388, 41.417915 ], [ 2.1804598, 41.4180584 ], [ 2.1804683, 41.4181222 ], [ 2.1804715, 41.4181438 ], [ 2.1804906, 41.4182743 ], [ 2.1805071, 41.4183869 ], [ 2.180517, 41.4184434 ], [ 2.1805569, 41.4186707 ], [ 2.1805618, 41.4186923 ], [ 2.1806068, 41.4188923 ], [ 2.1806237, 41.4189672 ], [ 2.1806701, 41.4191771 ], [ 2.1806769, 41.4192037 ], [ 2.1807022, 41.4193167 ], [ 2.1807169, 41.4193822 ], [ 2.1808058, 41.4194459 ], [ 2.1809061, 41.419518 ], [ 2.1809372, 41.4195389 ], [ 2.1810593, 41.4196238 ], [ 2.181125, 41.4196713 ], [ 2.1812223, 41.4197435 ], [ 2.1812407, 41.4197572 ], [ 2.1813595, 41.4198425 ], [ 2.1815053, 41.4199555 ], [ 2.181656, 41.4200676 ], [ 2.1816966, 41.4200978 ], [ 2.1817232, 41.4201176 ], [ 2.1820891, 41.4203897 ], [ 2.1821195, 41.4204123 ], [ 2.1822381, 41.4205006 ], [ 2.1823456, 41.4205806 ], [ 2.1826899, 41.4208367 ], [ 2.1832729, 41.4212704 ], [ 2.1834095, 41.421372 ], [ 2.1835432, 41.4214715 ], [ 2.1837959, 41.4216595 ], [ 2.183929, 41.4217585 ], [ 2.183929, 41.4218064 ], [ 2.1839291, 41.4219166 ], [ 2.1839292, 41.4220867 ], [ 2.1839292, 41.4222118 ], [ 2.1839261, 41.4225199 ], [ 2.1839302, 41.4226073 ], [ 2.1839295, 41.4226899 ], [ 2.1839866, 41.4226459 ], [ 2.1840393, 41.4226053 ], [ 2.1840701, 41.4225818 ], [ 2.1844312, 41.4223121 ], [ 2.1844553, 41.4222941 ], [ 2.1844935, 41.4222691 ], [ 2.1845132, 41.4222558 ], [ 2.1845594, 41.422226 ], [ 2.1846982, 41.4221228 ], [ 2.1847813, 41.4220587 ], [ 2.1848071, 41.4220401 ], [ 2.1850224, 41.4218773 ], [ 2.1851447, 41.4217848 ], [ 2.1854115, 41.4215784 ], [ 2.1856733, 41.4213693 ], [ 2.1859293, 41.4211703 ], [ 2.1859686, 41.4211418 ], [ 2.1860986, 41.4210439 ], [ 2.1866017, 41.4206426 ], [ 2.1866161, 41.4206318 ], [ 2.1866611, 41.4205976 ], [ 2.1868278, 41.4204658 ], [ 2.1869225, 41.4203962 ], [ 2.187027, 41.4203127 ], [ 2.1871504, 41.4202146 ], [ 2.1871892, 41.420186 ], [ 2.1872327, 41.4201562 ], [ 2.1873118, 41.4200952 ], [ 2.1881401, 41.4194644 ], [ 2.188368, 41.41927 ], [ 2.1888032, 41.4189389 ], [ 2.1888199, 41.418926 ], [ 2.1889786, 41.4188035 ], [ 2.1890764, 41.4187273 ], [ 2.1891547, 41.4186676 ], [ 2.1891997, 41.4186329 ], [ 2.189221, 41.4186156 ], [ 2.1893792, 41.4184943 ], [ 2.1895197, 41.4183859 ], [ 2.1896201, 41.4183084 ], [ 2.1897456, 41.4182115 ], [ 2.1899457, 41.4180577 ], [ 2.1899786, 41.4180317 ], [ 2.1901006, 41.4179375 ], [ 2.1902569, 41.4178186 ], [ 2.1902796, 41.4177994 ], [ 2.19044, 41.4176757 ], [ 2.1909723, 41.4172651 ], [ 2.1910583, 41.4171988 ], [ 2.1910916, 41.4171727 ], [ 2.1911426, 41.4171367 ], [ 2.1913997, 41.4169766 ], [ 2.1913909, 41.4168248 ], [ 2.1913864, 41.416753 ], [ 2.1913783, 41.4166282 ], [ 2.1913377, 41.4164114 ], [ 2.1911462, 41.4157114 ], [ 2.191132, 41.4156818 ], [ 2.1910741, 41.4155539 ], [ 2.1909981, 41.4153707 ], [ 2.1909226, 41.4151622 ], [ 2.1908899, 41.4151068 ], [ 2.1907601, 41.4150002 ], [ 2.1906255, 41.4149021 ], [ 2.1903701, 41.4147174 ], [ 2.1903353, 41.414692 ], [ 2.1902386, 41.4146211 ], [ 2.1900699, 41.4144919 ], [ 2.1899677, 41.4144109 ], [ 2.1898108, 41.4142863 ], [ 2.1892584, 41.4138547 ], [ 2.1892176, 41.4138228 ], [ 2.1890676, 41.4137055 ], [ 2.1890307, 41.4136767 ], [ 2.1888395, 41.4138189 ], [ 2.1888147, 41.4138399 ], [ 2.1887702, 41.4138736 ], [ 2.1880821, 41.4143908 ], [ 2.1878903, 41.4145362 ], [ 2.1878575, 41.4145611 ], [ 2.1876811, 41.4146935 ], [ 2.1876502, 41.4147157 ], [ 2.1875319, 41.4148048 ], [ 2.1871723, 41.4150759 ], [ 2.1871279, 41.4151093 ], [ 2.1870142, 41.4152003 ], [ 2.1869106, 41.4152756 ], [ 2.1867971, 41.4153554 ], [ 2.1866592, 41.4154583 ], [ 2.1866228, 41.4154847 ], [ 2.1866074, 41.415496 ], [ 2.1863577, 41.4156774 ], [ 2.1862412, 41.4157661 ], [ 2.1858096, 41.4160946 ], [ 2.1856511, 41.4162153 ], [ 2.1855912, 41.4162609 ], [ 2.1854897, 41.4163381 ], [ 2.185423, 41.4163889 ], [ 2.1854094, 41.4163992 ], [ 2.1852541, 41.4165175 ], [ 2.1852462, 41.4165235 ], [ 2.1851159, 41.4166227 ], [ 2.1850313, 41.4166871 ], [ 2.1850132, 41.4167009 ], [ 2.1847804, 41.4168757 ], [ 2.184613, 41.4169991 ], [ 2.1845788, 41.4170243 ], [ 2.1844293, 41.4171353 ], [ 2.1843702, 41.4171797 ], [ 2.184205, 41.417303 ], [ 2.1841807, 41.4173213 ], [ 2.1836944, 41.417689 ], [ 2.183587, 41.4177734 ], [ 2.1835245, 41.4178185 ], [ 2.1834968, 41.4178378 ], [ 2.1833911, 41.4179144 ], [ 2.183339, 41.4179535 ], [ 2.1833377, 41.4179506 ], [ 2.1831627, 41.4178207 ], [ 2.1831415, 41.4178047 ], [ 2.182484, 41.4173157 ], [ 2.1824729, 41.4173074 ], [ 2.1824519, 41.4172918 ], [ 2.182447, 41.4172881 ], [ 2.1822125, 41.4171138 ], [ 2.1819865, 41.4169466 ], [ 2.1817802, 41.4167945 ], [ 2.1813445, 41.4164682 ], [ 2.1813124, 41.4164456 ], [ 2.1812611, 41.4164083 ], [ 2.1810997, 41.4162886 ], [ 2.1809207, 41.4161551 ], [ 2.1807177, 41.4160036 ], [ 2.1807138, 41.4160007 ], [ 2.1806561, 41.4159573 ], [ 2.1805733, 41.415896 ], [ 2.1804924, 41.4158355 ], [ 2.1804779, 41.4159062 ], [ 2.1804634, 41.4159768 ], [ 2.1804505, 41.4160639 ], [ 2.1804424, 41.4161223 ], [ 2.1804226, 41.4162802 ], [ 2.1804176, 41.416334 ], [ 2.180411, 41.4164715 ], [ 2.1804099, 41.4164984 ], [ 2.1804017, 41.4167556 ], [ 2.1803965, 41.4169245 ], [ 2.1803947, 41.4170243 ], [ 2.1803942, 41.4170506 ], [ 2.1803933, 41.4170972 ], [ 2.1803926, 41.4171345 ] ] ] } },
{ "type": "Feature", "properties": { "neighborhood": "el Camp de l'Arpa del Clot", "admin_level": "10" }, "geometry": { "type": "Polygon", "coordinates": [ [ [ 2.1754414, 41.4120331 ], [ 2.1756743, 41.4122071 ], [ 2.1756981, 41.4122248 ], [ 2.1763851, 41.412738 ], [ 2.1764386, 41.4127779 ], [ 2.1765489, 41.4128603 ], [ 2.1766181, 41.412912 ], [ 2.1768545, 41.4130923 ], [ 2.1768751, 41.413109 ], [ 2.1769872, 41.4131949 ], [ 2.1770344, 41.4132304 ], [ 2.1775087, 41.4135901 ], [ 2.1777178, 41.4137357 ], [ 2.1779455, 41.4139104 ], [ 2.1779665, 41.4139254 ], [ 2.1783702, 41.4142333 ], [ 2.1784942, 41.4143279 ], [ 2.1785479, 41.4143681 ], [ 2.178662, 41.4144526 ], [ 2.1787498, 41.4145192 ], [ 2.1788254, 41.4145751 ], [ 2.1789902, 41.4147001 ], [ 2.1790793, 41.4147674 ], [ 2.1790984, 41.4147819 ], [ 2.179111, 41.4147914 ], [ 2.1794106, 41.4150179 ], [ 2.1795171, 41.4150968 ], [ 2.1797394, 41.4152663 ], [ 2.1800134, 41.4154735 ], [ 2.1800356, 41.4154902 ], [ 2.1801889, 41.4156061 ], [ 2.1803739, 41.4157459 ], [ 2.1804189, 41.41578 ], [ 2.1804924, 41.4158355 ], [ 2.1805733, 41.415896 ], [ 2.1806561, 41.4159573 ], [ 2.1807138, 41.4160007 ], [ 2.1807177, 41.4160036 ], [ 2.1809207, 41.4161551 ], [ 2.1810997, 41.4162886 ], [ 2.1812611, 41.4164083 ], [ 2.1813124, 41.4164456 ], [ 2.1813445, 41.4164682 ], [ 2.1817802, 41.4167945 ], [ 2.1819865, 41.4169466 ], [ 2.1822125, 41.4171138 ], [ 2.182447, 41.4172881 ], [ 2.1824519, 41.4172918 ], [ 2.1824729, 41.4173074 ], [ 2.182484, 41.4173157 ], [ 2.1831415, 41.4178047 ], [ 2.1831627, 41.4178207 ], [ 2.1833377, 41.4179506 ], [ 2.183339, 41.4179535 ], [ 2.1833911, 41.4179144 ], [ 2.1834968, 41.4178378 ], [ 2.1835245, 41.4178185 ], [ 2.183587, 41.4177734 ], [ 2.1836944, 41.417689 ], [ 2.1841807, 41.4173213 ], [ 2.184205, 41.417303 ], [ 2.1843702, 41.4171797 ], [ 2.1844293, 41.4171353 ], [ 2.1845788, 41.4170243 ], [ 2.184613, 41.4169991 ], [ 2.1847804, 41.4168757 ], [ 2.1850132, 41.4167009 ], [ 2.1850313, 41.4166871 ], [ 2.1851159, 41.4166227 ], [ 2.1852462, 41.4165235 ], [ 2.1852541, 41.4165175 ], [ 2.1854094, 41.4163992 ], [ 2.185423, 41.4163889 ], [ 2.1854897, 41.4163381 ], [ 2.1855912, 41.4162609 ], [ 2.1856511, 41.4162153 ], [ 2.1858096, 41.4160946 ], [ 2.1862412, 41.4157661 ], [ 2.1863577, 41.4156774 ], [ 2.1866074, 41.415496 ], [ 2.1866228, 41.4154847 ], [ 2.1866592, 41.4154583 ], [ 2.1867971, 41.4153554 ], [ 2.1869106, 41.4152756 ], [ 2.1870142, 41.4152003 ], [ 2.187009, 41.4149201 ], [ 2.1870098, 41.4147989 ], [ 2.1870105, 41.4145434 ], [ 2.1870111, 41.4143298 ], [ 2.1870073, 41.4140655 ], [ 2.1870058, 41.4140238 ], [ 2.1870064, 41.4139695 ], [ 2.1870061, 41.4138836 ], [ 2.1870057, 41.413783 ], [ 2.1870036, 41.4135065 ], [ 2.1870025, 41.4133713 ], [ 2.1869974, 41.4131665 ], [ 2.1869999, 41.4124569 ], [ 2.1869962, 41.4121621 ], [ 2.1869962, 41.4121188 ], [ 2.1869974, 41.4120415 ], [ 2.1869963, 41.4119377 ], [ 2.1869956, 41.4118864 ], [ 2.1869953, 41.4118692 ], [ 2.1869963, 41.4118468 ], [ 2.1869978, 41.4116783 ], [ 2.1869971, 41.4112177 ], [ 2.186997, 41.411149 ], [ 2.1869969, 41.4111226 ], [ 2.186998, 41.4110619 ], [ 2.1869954, 41.4106944 ], [ 2.1869937, 41.4106211 ], [ 2.1869951, 41.4104766 ], [ 2.1869955, 41.4103497 ], [ 2.1869952, 41.4102791 ], [ 2.1869925, 41.4102089 ], [ 2.1869914, 41.4101751 ], [ 2.186993, 41.4101331 ], [ 2.1869907, 41.4100677 ], [ 2.1869905, 41.4100336 ], [ 2.1869898, 41.4098938 ], [ 2.1869871, 41.4093952 ], [ 2.1869875, 41.4092487 ], [ 2.1869904, 41.4091112 ], [ 2.1869979, 41.4090396 ], [ 2.187003, 41.4089871 ], [ 2.1870111, 41.4088946 ], [ 2.1869923, 41.4088817 ], [ 2.186954, 41.4088558 ], [ 2.1869087, 41.4088204 ], [ 2.1868551, 41.4087851 ], [ 2.1868012, 41.4087113 ], [ 2.1867668, 41.4086178 ], [ 2.1867346, 41.4085676 ], [ 2.1866657, 41.4085054 ], [ 2.1866032, 41.408457 ], [ 2.186572, 41.4084308 ], [ 2.1864968, 41.4083712 ], [ 2.1864593, 41.4083408 ], [ 2.1859639, 41.4079677 ], [ 2.1859233, 41.4079371 ], [ 2.1857511, 41.4078072 ], [ 2.1855657, 41.4076678 ], [ 2.1850961, 41.4073154 ], [ 2.1849474, 41.4072096 ], [ 2.1847729, 41.4070854 ], [ 2.1847395, 41.4070615 ], [ 2.1845323, 41.4069142 ], [ 2.1844885, 41.4068815 ], [ 2.1843463, 41.4067752 ], [ 2.1836225, 41.4062127 ], [ 2.183578, 41.4061806 ], [ 2.183377, 41.4060356 ], [ 2.1833084, 41.4060806 ], [ 2.183259, 41.4061159 ], [ 2.1832181, 41.406145 ], [ 2.1830986, 41.4062299 ], [ 2.1830087, 41.4062892 ], [ 2.1824251, 41.4067352 ], [ 2.1823861, 41.4067651 ], [ 2.1822443, 41.4068797 ], [ 2.1822149, 41.4069027 ], [ 2.1820355, 41.4070343 ], [ 2.1820208, 41.4070454 ], [ 2.1819917, 41.4070674 ], [ 2.1813023, 41.40759 ], [ 2.1812727, 41.4076124 ], [ 2.1811411, 41.4077121 ], [ 2.1811089, 41.4077373 ], [ 2.180857, 41.407933 ], [ 2.1808263, 41.4079569 ], [ 2.1804648, 41.4082386 ], [ 2.1802209, 41.4084224 ], [ 2.1800464, 41.4085527 ], [ 2.1800059, 41.4085836 ], [ 2.1797792, 41.4087563 ], [ 2.1791343, 41.4092415 ], [ 2.1790458, 41.4093081 ], [ 2.1788566, 41.4094433 ], [ 2.1788009, 41.409485 ], [ 2.1786127, 41.4096319 ], [ 2.1785809, 41.4096567 ], [ 2.1782898, 41.4098683 ], [ 2.177893, 41.4101761 ], [ 2.1777529, 41.4102814 ], [ 2.1777023, 41.4103174 ], [ 2.177505, 41.4104659 ], [ 2.1774745, 41.41049 ], [ 2.1771473, 41.4107507 ], [ 2.1770089, 41.4108585 ], [ 2.1768463, 41.4109851 ], [ 2.1767921, 41.4110296 ], [ 2.1767441, 41.4110686 ], [ 2.1765987, 41.4111712 ], [ 2.1765417, 41.4112134 ], [ 2.1763779, 41.4113396 ], [ 2.176324, 41.4113811 ], [ 2.1760229, 41.4116021 ], [ 2.176008, 41.4116132 ], [ 2.1756595, 41.4118714 ], [ 2.1754984, 41.411991 ], [ 2.1754414, 41.4120331 ] ] ] } },
{ "type": "Feature", "properties": { "neighborhood": "el Clot", "admin_level": "10" }, "geometry": { "type": "Polygon", "coordinates": [ [ [ 2.183377, 41.4060356 ], [ 2.183578, 41.4061806 ], [ 2.1836225, 41.4062127 ], [ 2.1843463, 41.4067752 ], [ 2.1844885, 41.4068815 ], [ 2.1845323, 41.4069142 ], [ 2.1847395, 41.4070615 ], [ 2.1847729, 41.4070854 ], [ 2.1849474, 41.4072096 ], [ 2.1850961, 41.4073154 ], [ 2.1855657, 41.4076678 ], [ 2.1857511, 41.4078072 ], [ 2.1859233, 41.4079371 ], [ 2.1859639, 41.4079677 ], [ 2.1864593, 41.4083408 ], [ 2.1864968, 41.4083712 ], [ 2.186572, 41.4084308 ], [ 2.1866032, 41.408457 ], [ 2.1866657, 41.4085054 ], [ 2.1867346, 41.4085676 ], [ 2.1867668, 41.4086178 ], [ 2.1868012, 41.4087113 ], [ 2.1868551, 41.4087851 ], [ 2.1869087, 41.4088204 ], [ 2.186954, 41.4088558 ], [ 2.1869923, 41.4088817 ], [ 2.1870111, 41.4088946 ], [ 2.187003, 41.4089871 ], [ 2.1869979, 41.4090396 ], [ 2.1869904, 41.4091112 ], [ 2.1869875, 41.4092487 ], [ 2.1869871, 41.4093952 ], [ 2.1869898, 41.4098938 ], [ 2.1869905, 41.4100336 ], [ 2.1869907, 41.4100677 ], [ 2.186993, 41.4101331 ], [ 2.1869914, 41.4101751 ], [ 2.1869925, 41.4102089 ], [ 2.1869952, 41.4102791 ], [ 2.1869955, 41.4103497 ], [ 2.1869951, 41.4104766 ], [ 2.1869937, 41.4106211 ], [ 2.1869954, 41.4106944 ], [ 2.186998, 41.4110619 ], [ 2.1869969, 41.4111226 ], [ 2.186997, 41.411149 ], [ 2.1869971, 41.4112177 ], [ 2.1869978, 41.4116783 ], [ 2.1869963, 41.4118468 ], [ 2.1869953, 41.4118692 ], [ 2.1869956, 41.4118864 ], [ 2.1869963, 41.4119377 ], [ 2.1869974, 41.4120415 ], [ 2.1869962, 41.4121188 ], [ 2.1869962, 41.4121621 ], [ 2.1869999, 41.4124569 ], [ 2.1869974, 41.4131665 ], [ 2.1870025, 41.4133713 ], [ 2.1870036, 41.4135065 ], [ 2.1870057, 41.413783 ], [ 2.1870061, 41.4138836 ], [ 2.1870064, 41.4139695 ], [ 2.1870058, 41.4140238 ], [ 2.1870073, 41.4140655 ], [ 2.1870111, 41.4143298 ], [ 2.1870105, 41.4145434 ], [ 2.1870098, 41.4147989 ], [ 2.187009, 41.4149201 ], [ 2.1870142, 41.4152003 ], [ 2.1871279, 41.4151093 ], [ 2.1871723, 41.4150759 ], [ 2.1875319, 41.4148048 ], [ 2.1876502, 41.4147157 ], [ 2.1876811, 41.4146935 ], [ 2.1878575, 41.4145611 ], [ 2.1878903, 41.4145362 ], [ 2.1880821, 41.4143908 ], [ 2.1887702, 41.4138736 ], [ 2.1888147, 41.4138399 ], [ 2.1888395, 41.4138189 ], [ 2.1890307, 41.4136767 ], [ 2.1890676, 41.4137055 ], [ 2.1892176, 41.4138228 ], [ 2.1892584, 41.4138547 ], [ 2.1898108, 41.4142863 ], [ 2.1899677, 41.4144109 ], [ 2.1900699, 41.4144919 ], [ 2.1902386, 41.4146211 ], [ 2.1903353, 41.414692 ], [ 2.1903701, 41.4147174 ], [ 2.1906255, 41.4149021 ], [ 2.1907601, 41.4150002 ], [ 2.1908899, 41.4151068 ], [ 2.1909226, 41.4151622 ], [ 2.1909981, 41.4153707 ], [ 2.1910741, 41.4155539 ], [ 2.1911216, 41.4155202 ], [ 2.1911541, 41.4154924 ], [ 2.1913161, 41.4153763 ], [ 2.1917722, 41.4150317 ], [ 2.1921558, 41.4147356 ], [ 2.1922958, 41.4146269 ], [ 2.1923046, 41.4146258 ], [ 2.1924111, 41.4145473 ], [ 2.1925435, 41.4144475 ], [ 2.1928927, 41.4141843 ], [ 2.1932537, 41.4139122 ], [ 2.1932826, 41.4138912 ], [ 2.193455, 41.4137605 ], [ 2.1934854, 41.4137376 ], [ 2.1935528, 41.4136868 ], [ 2.1935801, 41.4136662 ], [ 2.1936074, 41.4136456 ], [ 2.1936354, 41.4136245 ], [ 2.1936451, 41.4136172 ], [ 2.1937592, 41.4135305 ], [ 2.19445, 41.413006 ], [ 2.194488, 41.4129771 ], [ 2.1946731, 41.4128366 ], [ 2.1949372, 41.4126361 ], [ 2.1949572, 41.4126209 ], [ 2.1949891, 41.4125967 ], [ 2.195171, 41.4124587 ], [ 2.1952183, 41.4124228 ], [ 2.1952357, 41.4124096 ], [ 2.1955479, 41.4121726 ], [ 2.1955801, 41.4121482 ], [ 2.1958271, 41.4119606 ], [ 2.1960282, 41.411808 ], [ 2.196353, 41.4115617 ], [ 2.1965248, 41.411431 ], [ 2.1965458, 41.411415 ], [ 2.1965825, 41.4113871 ], [ 2.1968523, 41.4111822 ], [ 2.1969432, 41.4111124 ], [ 2.1969074, 41.4110856 ], [ 2.196007, 41.4104129 ], [ 2.1958557, 41.4102998 ], [ 2.1958307, 41.4102803 ], [ 2.1948967, 41.4096048 ], [ 2.1948902, 41.4096001 ], [ 2.1947738, 41.409516 ], [ 2.1947276, 41.409482 ], [ 2.1946958, 41.4094597 ], [ 2.1946529, 41.4094292 ], [ 2.194606, 41.4093947 ], [ 2.194265, 41.4091545 ], [ 2.1935927, 41.4086606 ], [ 2.1934614, 41.4085646 ], [ 2.1933717, 41.4084989 ], [ 2.1932798, 41.4083881 ], [ 2.1925467, 41.4078384 ], [ 2.1923847, 41.4077312 ], [ 2.1923142, 41.407687 ], [ 2.1918266, 41.4073175 ], [ 2.1912652, 41.4068914 ], [ 2.1911308, 41.406798 ], [ 2.1905134, 41.4063345 ], [ 2.1901657, 41.4060761 ], [ 2.1896609, 41.4056921 ], [ 2.1893678, 41.4054757 ], [ 2.1891348, 41.4053015 ], [ 2.1886212, 41.4048857 ], [ 2.1882174, 41.4045854 ], [ 2.1880722, 41.4044756 ], [ 2.1880228, 41.4044406 ], [ 2.187963, 41.4043996 ], [ 2.1878865, 41.4043708 ], [ 2.1867727, 41.403512 ], [ 2.1851055, 41.4047354 ], [ 2.1847064, 41.4050382 ], [ 2.1845871, 41.4051288 ], [ 2.1845751, 41.4051379 ], [ 2.1845192, 41.4051819 ], [ 2.1844755, 41.4052134 ], [ 2.1842883, 41.4053576 ], [ 2.184219, 41.4054091 ], [ 2.1835777, 41.4058856 ], [ 2.1834399, 41.4059891 ], [ 2.183377, 41.4060356 ] ] ] } },
{ "type": "Feature", "properties": { "neighborhood": "el Parc i la Llacuna del Poblenou", "admin_level": "10" }, "geometry": { "type": "Polygon", "coordinates": [ [ [ 2.1823811, 41.3914119 ], [ 2.1826029, 41.3915727 ], [ 2.1826386, 41.3916027 ], [ 2.1827889, 41.3917158 ], [ 2.1832855, 41.3920791 ], [ 2.1835358, 41.392266 ], [ 2.1837416, 41.3924157 ], [ 2.183814, 41.3924683 ], [ 2.1844573, 41.39294 ], [ 2.1846802, 41.3930985 ], [ 2.184896, 41.3932658 ], [ 2.1850025, 41.3933422 ], [ 2.185581, 41.3937798 ], [ 2.1858141, 41.3939561 ], [ 2.1858568, 41.3939897 ], [ 2.1860393, 41.3941217 ], [ 2.1862069, 41.394243 ], [ 2.186331, 41.394331 ], [ 2.186444, 41.3944179 ], [ 2.1864791, 41.3944443 ], [ 2.1867199, 41.3946252 ], [ 2.1866731, 41.3946689 ], [ 2.1866432, 41.3947202 ], [ 2.1866322, 41.3947756 ], [ 2.186666, 41.3948668 ], [ 2.1867099, 41.3949164 ], [ 2.1867349, 41.3949365 ], [ 2.186755, 41.3949503 ], [ 2.1867661, 41.3949579 ], [ 2.1867423, 41.3951469 ], [ 2.1867415, 41.395172 ], [ 2.1867416, 41.3951834 ], [ 2.1867419, 41.3952219 ], [ 2.1867447, 41.395984 ], [ 2.186751, 41.3964514 ], [ 2.1867524, 41.3965059 ], [ 2.186752, 41.3966454 ], [ 2.1867507, 41.3967187 ], [ 2.1867498, 41.397022 ], [ 2.1867497, 41.3970575 ], [ 2.1867514, 41.3978037 ], [ 2.1867513, 41.3978453 ], [ 2.1867494, 41.3979868 ], [ 2.1867636, 41.3984716 ], [ 2.1867587, 41.3986212 ], [ 2.1867602, 41.3987439 ], [ 2.1867605, 41.3987859 ], [ 2.1867632, 41.3995791 ], [ 2.1867636, 41.3996108 ], [ 2.1867715, 41.4000828 ], [ 2.1867685, 41.4001633 ], [ 2.1867677, 41.40029 ], [ 2.1867672, 41.4003204 ], [ 2.1867699, 41.4010475 ], [ 2.1867688, 41.4012398 ], [ 2.1867688, 41.4014337 ], [ 2.1867667, 41.4017784 ], [ 2.1867757, 41.4021168 ], [ 2.1867733, 41.402207 ], [ 2.1867727, 41.403512 ], [ 2.1878865, 41.4043708 ], [ 2.187963, 41.4043996 ], [ 2.1880228, 41.4044406 ], [ 2.1880722, 41.4044756 ], [ 2.1882174, 41.4045854 ], [ 2.1886212, 41.4048857 ], [ 2.1891348, 41.4053015 ], [ 2.1893678, 41.4054757 ], [ 2.1896609, 41.4056921 ], [ 2.1901657, 41.4060761 ], [ 2.1905134, 41.4063345 ], [ 2.1911308, 41.406798 ], [ 2.1912652, 41.4068914 ], [ 2.1913043, 41.4068636 ], [ 2.1913891, 41.4068051 ], [ 2.1914925, 41.4067383 ], [ 2.1915574, 41.406686 ], [ 2.1915883, 41.4066629 ], [ 2.1917263, 41.4065742 ], [ 2.1917501, 41.406556 ], [ 2.1917873, 41.4065315 ], [ 2.1925017, 41.4059887 ], [ 2.1925345, 41.4059634 ], [ 2.1926892, 41.4058486 ], [ 2.1928148, 41.4057489 ], [ 2.1928782, 41.4056995 ], [ 2.1929034, 41.405682 ], [ 2.1932022, 41.4054557 ], [ 2.1934419, 41.4052737 ], [ 2.1936275, 41.4051234 ], [ 2.1936862, 41.4050827 ], [ 2.1937343, 41.4050517 ], [ 2.1937716, 41.4050236 ], [ 2.1938074, 41.4049989 ], [ 2.1938767, 41.4049508 ], [ 2.1939241, 41.4049135 ], [ 2.194072, 41.4047937 ], [ 2.1941022, 41.4047685 ], [ 2.1947734, 41.4042649 ], [ 2.1949727, 41.404129 ], [ 2.1951438, 41.4039856 ], [ 2.1951741, 41.4039648 ], [ 2.1955021, 41.4037145 ], [ 2.1958915, 41.4034137 ], [ 2.1960557, 41.4032924 ], [ 2.1961008, 41.4032594 ], [ 2.1962795, 41.4031225 ], [ 2.1963084, 41.4031004 ], [ 2.1970114, 41.4025645 ], [ 2.1970385, 41.4025423 ], [ 2.1971608, 41.4024464 ], [ 2.1972594, 41.4023737 ], [ 2.1972993, 41.4023419 ], [ 2.1973392, 41.4023123 ], [ 2.197289, 41.4022455 ], [ 2.1972549, 41.4022063 ], [ 2.1971732, 41.4021015 ], [ 2.1965984, 41.4014278 ], [ 2.1965376, 41.4013566 ], [ 2.1964841, 41.401294 ], [ 2.1964302, 41.4012163 ], [ 2.1964132, 41.4011918 ], [ 2.195691, 41.4003212 ], [ 2.1956172, 41.4002322 ], [ 2.1955468, 41.4001457 ], [ 2.1948624, 41.3993114 ], [ 2.1948185, 41.399256 ], [ 2.1947915, 41.3992209 ], [ 2.1947456, 41.3991682 ], [ 2.1946271, 41.399013 ], [ 2.1944502, 41.3987943 ], [ 2.1943202, 41.3986325 ], [ 2.1940658, 41.398341 ], [ 2.1939971, 41.3982544 ], [ 2.1938727, 41.3980976 ], [ 2.1939816, 41.3980197 ], [ 2.1946935, 41.3974825 ], [ 2.1947435, 41.3974426 ], [ 2.1949089, 41.3973171 ], [ 2.1949529, 41.3972844 ], [ 2.1951359, 41.3971474 ], [ 2.1957954, 41.3966456 ], [ 2.195817, 41.3966292 ], [ 2.1960677, 41.3964391 ], [ 2.1958287, 41.3962765 ], [ 2.19581, 41.3962637 ], [ 2.1954087, 41.3959907 ], [ 2.195202, 41.3958501 ], [ 2.194964, 41.3956882 ], [ 2.1949346, 41.3956674 ], [ 2.1947303, 41.395527 ], [ 2.1946971, 41.395503 ], [ 2.1944229, 41.3952856 ], [ 2.1940212, 41.3949958 ], [ 2.1938295, 41.3948499 ], [ 2.1936414, 41.3947174 ], [ 2.1927239, 41.3940695 ], [ 2.1926789, 41.3940378 ], [ 2.1925083, 41.393932 ], [ 2.1922845, 41.3937669 ], [ 2.1922308, 41.3937272 ], [ 2.191622, 41.393281 ], [ 2.1915885, 41.3932564 ], [ 2.1914022, 41.3931083 ], [ 2.1911185, 41.392915 ], [ 2.1910804, 41.392889 ], [ 2.1910261, 41.3928472 ], [ 2.1908586, 41.3927253 ], [ 2.1905897, 41.3925337 ], [ 2.190544, 41.3925021 ], [ 2.1902736, 41.3923147 ], [ 2.1902025, 41.3922628 ], [ 2.1901696, 41.3922371 ], [ 2.1898761, 41.3920187 ], [ 2.189847, 41.391998 ], [ 2.1893324, 41.3916249 ], [ 2.1892561, 41.3915657 ], [ 2.1891572, 41.3915 ], [ 2.189113, 41.3914648 ], [ 2.1889425, 41.3913214 ], [ 2.1889005, 41.3912879 ], [ 2.1882802, 41.3907941 ], [ 2.1880128, 41.3905813 ], [ 2.1879495, 41.3906293 ], [ 2.1869599, 41.3913842 ], [ 2.1868895, 41.3914473 ], [ 2.186802, 41.391506 ], [ 2.1867524, 41.391547 ], [ 2.1866568, 41.3914131 ], [ 2.1866353, 41.3913881 ], [ 2.1860936, 41.3909767 ], [ 2.1857777, 41.3907367 ], [ 2.1856637, 41.3906538 ], [ 2.1856031, 41.3906097 ], [ 2.1853426, 41.3904167 ], [ 2.1849392, 41.3901151 ], [ 2.184676, 41.3899137 ], [ 2.1846389, 41.3898861 ], [ 2.1845158, 41.3897947 ], [ 2.1844385, 41.3898543 ], [ 2.1844082, 41.3898772 ], [ 2.1836565, 41.3904538 ], [ 2.1834634, 41.3906079 ], [ 2.1832362, 41.390779 ], [ 2.1826302, 41.3912341 ], [ 2.1825928, 41.39126 ], [ 2.1823811, 41.3914119 ] ] ] } },
{ "type": "Feature", "properties": { "neighborhood": "la Vila Olímpica del Poblenou", "admin_level": "10" }, "geometry": { "type": "Polygon", "coordinates": [ [ [ 2.1880128, 41.3905813 ], [ 2.1882802, 41.3907941 ], [ 2.1889005, 41.3912879 ], [ 2.1889425, 41.3913214 ], [ 2.189113, 41.3914648 ], [ 2.1891572, 41.3915 ], [ 2.1892561, 41.3915657 ], [ 2.1893324, 41.3916249 ], [ 2.189847, 41.391998 ], [ 2.1898761, 41.3920187 ], [ 2.1901696, 41.3922371 ], [ 2.1902025, 41.3922628 ], [ 2.1902736, 41.3923147 ], [ 2.190544, 41.3925021 ], [ 2.1905897, 41.3925337 ], [ 2.1908586, 41.3927253 ], [ 2.1910261, 41.3928472 ], [ 2.1910804, 41.392889 ], [ 2.1911185, 41.392915 ], [ 2.1914022, 41.3931083 ], [ 2.1915885, 41.3932564 ], [ 2.191622, 41.393281 ], [ 2.1922308, 41.3937272 ], [ 2.1922845, 41.3937669 ], [ 2.1925083, 41.393932 ], [ 2.1926789, 41.3940378 ], [ 2.1927239, 41.3940695 ], [ 2.1936414, 41.3947174 ], [ 2.1938295, 41.3948499 ], [ 2.1940212, 41.3949958 ], [ 2.1944229, 41.3952856 ], [ 2.1946971, 41.395503 ], [ 2.1947303, 41.395527 ], [ 2.1949346, 41.3956674 ], [ 2.194964, 41.3956882 ], [ 2.195202, 41.3958501 ], [ 2.1954087, 41.3959907 ], [ 2.19581, 41.3962637 ], [ 2.1958287, 41.3962765 ], [ 2.1960677, 41.3964391 ], [ 2.1962202, 41.3963236 ], [ 2.1962546, 41.3962975 ], [ 2.1966896, 41.3959679 ], [ 2.1968161, 41.3958721 ], [ 2.1969404, 41.395778 ], [ 2.1969708, 41.395755 ], [ 2.1971806, 41.395596 ], [ 2.1972155, 41.3955624 ], [ 2.1973512, 41.3954595 ], [ 2.1977698, 41.3951459 ], [ 2.1981433, 41.3948773 ], [ 2.1982792, 41.394776 ], [ 2.1983273, 41.3947375 ], [ 2.1985106, 41.3946044 ], [ 2.1996308, 41.3937615 ], [ 2.1996579, 41.3937439 ], [ 2.1997228, 41.3936934 ], [ 2.1998862, 41.3938317 ], [ 2.1999321, 41.3938713 ], [ 2.2005802, 41.3944304 ], [ 2.2007621, 41.3945858 ], [ 2.2007771, 41.3945739 ], [ 2.2008082, 41.3945492 ], [ 2.2008407, 41.3945234 ], [ 2.2009207, 41.39446 ], [ 2.2010821, 41.3943298 ], [ 2.2011197, 41.3942994 ], [ 2.2011695, 41.3942592 ], [ 2.2016713, 41.393862 ], [ 2.2018363, 41.3937314 ], [ 2.2019084, 41.3936812 ], [ 2.2020359, 41.3935877 ], [ 2.2020716, 41.3935615 ], [ 2.2025685, 41.3931969 ], [ 2.2025986, 41.3931748 ], [ 2.2027302, 41.3930685 ], [ 2.2028098, 41.3930078 ], [ 2.2028915, 41.3929455 ], [ 2.2031775, 41.3927274 ], [ 2.2033476, 41.3925977 ], [ 2.2036312, 41.3923764 ], [ 2.2036738, 41.3923432 ], [ 2.2038808, 41.3921771 ], [ 2.2043175, 41.3918856 ], [ 2.2046635, 41.392014 ], [ 2.2054058, 41.3914823 ], [ 2.2057583, 41.3912244 ], [ 2.2057322, 41.3911918 ], [ 2.2062714, 41.3907605 ], [ 2.2061479, 41.3906623 ], [ 2.2055918, 41.3910962 ], [ 2.2055658, 41.3910794 ], [ 2.204886, 41.3916067 ], [ 2.204824, 41.3916826 ], [ 2.2046595, 41.3915626 ], [ 2.2045091, 41.3914529 ], [ 2.2047826, 41.3913625 ], [ 2.2053743, 41.3908858 ], [ 2.2058995, 41.390486 ], [ 2.2057609, 41.3903861 ], [ 2.2056092, 41.3905005 ], [ 2.204612, 41.3912422 ], [ 2.2044339, 41.3911848 ], [ 2.2039644, 41.3910686 ], [ 2.2037453, 41.3909936 ], [ 2.2036675, 41.390967 ], [ 2.2035239, 41.3909178 ], [ 2.2031538, 41.3907363 ], [ 2.2029407, 41.3906009 ], [ 2.2026154, 41.3904219 ], [ 2.2023243, 41.390201 ], [ 2.2020543, 41.3899663 ], [ 2.201838, 41.3897051 ], [ 2.2016228, 41.3894101 ], [ 2.201556, 41.3892712 ], [ 2.2014594, 41.3890702 ], [ 2.2012993, 41.3887936 ], [ 2.20157, 41.3885982 ], [ 2.2016977, 41.388506 ], [ 2.202443, 41.3879459 ], [ 2.2028333, 41.3876526 ], [ 2.2029135, 41.3877199 ], [ 2.2029794, 41.3877752 ], [ 2.2029166, 41.3878321 ], [ 2.2029914, 41.3878873 ], [ 2.2030639, 41.387833 ], [ 2.2030738, 41.3878256 ], [ 2.2036206, 41.3874161 ], [ 2.2033768, 41.386997 ], [ 2.2032425, 41.3867947 ], [ 2.2031203, 41.3866171 ], [ 2.2028913, 41.3863044 ], [ 2.2026134, 41.3859733 ], [ 2.2023315, 41.3856474 ], [ 2.202101, 41.3854053 ], [ 2.2018453, 41.3851552 ], [ 2.2016199, 41.3849463 ], [ 2.2013204, 41.3846885 ], [ 2.2010284, 41.3844521 ], [ 2.2007229, 41.3842213 ], [ 2.2005471, 41.3841077 ], [ 2.2006405, 41.3839843 ], [ 2.200686, 41.3838383 ], [ 2.200497, 41.3837337 ], [ 2.2002003, 41.3835606 ], [ 2.1998791, 41.3833613 ], [ 2.1994663, 41.3833443 ], [ 2.1989924, 41.3835024 ], [ 2.1988698, 41.3835748 ], [ 2.1988498, 41.3836624 ], [ 2.1990995, 41.3837759 ], [ 2.1993489, 41.3838809 ], [ 2.1994189, 41.3839151 ], [ 2.1994828, 41.3839582 ], [ 2.1994199, 41.3840301 ], [ 2.1994529, 41.3840475 ], [ 2.1995158, 41.3839748 ], [ 2.1998968, 41.3841517 ], [ 2.2000315, 41.3841059 ], [ 2.2002205, 41.3842113 ], [ 2.2004015, 41.3843248 ], [ 2.2007783, 41.3846056 ], [ 2.2011466, 41.3849045 ], [ 2.2015486, 41.3852652 ], [ 2.2019503, 41.3856655 ], [ 2.2022866, 41.3860375 ], [ 2.2026012, 41.3864253 ], [ 2.2025156, 41.386462 ], [ 2.2025523, 41.3865095 ], [ 2.2026316, 41.3864772 ], [ 2.2027294, 41.3866053 ], [ 2.2026051, 41.3866987 ], [ 2.2023966, 41.3868553 ], [ 2.2021471, 41.3866668 ], [ 2.2021866, 41.3866379 ], [ 2.2021474, 41.3866061 ], [ 2.2020966, 41.3866446 ], [ 2.2012044, 41.3859725 ], [ 2.2014094, 41.3858154 ], [ 2.2011749, 41.3856373 ], [ 2.2010349, 41.3857416 ], [ 2.2009848, 41.385704 ], [ 2.2011249, 41.3855981 ], [ 2.2008375, 41.3853859 ], [ 2.200803, 41.3854101 ], [ 2.2007974, 41.3854052 ], [ 2.200224, 41.3858377 ], [ 2.2002299, 41.3858427 ], [ 2.2002202, 41.3858505 ], [ 2.2001989, 41.3858676 ], [ 2.2003008, 41.3859516 ], [ 2.2003279, 41.385972 ], [ 2.2006606, 41.3862223 ], [ 2.2006902, 41.3862446 ], [ 2.2010251, 41.3864965 ], [ 2.2010563, 41.38652 ], [ 2.2013874, 41.3867691 ], [ 2.2014112, 41.386787 ], [ 2.2016757, 41.3869861 ], [ 2.2017132, 41.3870143 ], [ 2.2019391, 41.3871842 ], [ 2.2012194, 41.387723 ], [ 2.2004383, 41.3883178 ], [ 2.2003396, 41.388245 ], [ 2.2002405, 41.3883172 ], [ 2.1983267, 41.3868849 ], [ 2.1984306, 41.3868073 ], [ 2.1983306, 41.3867334 ], [ 2.1995183, 41.385839 ], [ 2.1994988, 41.3858256 ], [ 2.1994898, 41.3858321 ], [ 2.1992868, 41.3856809 ], [ 2.199423, 41.3855794 ], [ 2.1995887, 41.3857001 ], [ 2.19984, 41.3853807 ], [ 2.1997622, 41.3853248 ], [ 2.199914, 41.3852105 ], [ 2.1999498, 41.3852394 ], [ 2.1999862, 41.3851923 ], [ 2.199739, 41.3849977 ], [ 2.1995754, 41.3848888 ], [ 2.1979982, 41.3862797 ], [ 2.1975926, 41.386581 ], [ 2.1970845, 41.3869665 ], [ 2.1970187, 41.3870142 ], [ 2.1964963, 41.3873963 ], [ 2.1964266, 41.3874327 ], [ 2.1963492, 41.3874644 ], [ 2.1962599, 41.3874572 ], [ 2.1962196, 41.3874534 ], [ 2.1961267, 41.3874592 ], [ 2.1960085, 41.3874941 ], [ 2.1959141, 41.3875455 ], [ 2.1958592, 41.3876016 ], [ 2.1958218, 41.3876742 ], [ 2.1958019, 41.3877747 ], [ 2.195814, 41.3878876 ], [ 2.1956218, 41.3877443 ], [ 2.1956061, 41.3877342 ], [ 2.1955518, 41.3876899 ], [ 2.1953297, 41.3875321 ], [ 2.1953005, 41.3875104 ], [ 2.1950218, 41.3873035 ], [ 2.1949931, 41.3872825 ], [ 2.1948545, 41.3871796 ], [ 2.194825, 41.3871577 ], [ 2.1946831, 41.3870565 ], [ 2.1946288, 41.3870138 ], [ 2.1943749, 41.3868328 ], [ 2.1942285, 41.3867284 ], [ 2.19411, 41.3866405 ], [ 2.1938692, 41.386462 ], [ 2.1938596, 41.3864548 ], [ 2.1936284, 41.3862834 ], [ 2.1925779, 41.3871854 ], [ 2.192606, 41.3873071 ], [ 2.1925208, 41.3873203 ], [ 2.1924324, 41.3873433 ], [ 2.1921051, 41.3875877 ], [ 2.1918792, 41.38777 ], [ 2.1917737, 41.3878443 ], [ 2.1915509, 41.3880096 ], [ 2.1915301, 41.388023 ], [ 2.1893227, 41.3896773 ], [ 2.1892992, 41.3896979 ], [ 2.1892211, 41.3897542 ], [ 2.1888145, 41.3900607 ], [ 2.1887744, 41.3900894 ], [ 2.1883124, 41.3903641 ], [ 2.1880699, 41.3905406 ], [ 2.1880128, 41.3905813 ] ] ] } },
{ "type": "Feature", "properties": { "neighborhood": "el Poblenou", "admin_level": "10" }, "geometry": { "type": "Polygon", "coordinates": [ [ [ 2.1938727, 41.3980976 ], [ 2.1939971, 41.3982544 ], [ 2.1940658, 41.398341 ], [ 2.1943202, 41.3986325 ], [ 2.1944502, 41.3987943 ], [ 2.1946271, 41.399013 ], [ 2.1947456, 41.3991682 ], [ 2.1947915, 41.3992209 ], [ 2.1948185, 41.399256 ], [ 2.1948624, 41.3993114 ], [ 2.1955468, 41.4001457 ], [ 2.1956172, 41.4002322 ], [ 2.195691, 41.4003212 ], [ 2.1964132, 41.4011918 ], [ 2.1964302, 41.4012163 ], [ 2.1964841, 41.401294 ], [ 2.1965376, 41.4013566 ], [ 2.1965984, 41.4014278 ], [ 2.1971732, 41.4021015 ], [ 2.1972549, 41.4022063 ], [ 2.197289, 41.4022455 ], [ 2.1973392, 41.4023123 ], [ 2.1972993, 41.4023419 ], [ 2.1972594, 41.4023737 ], [ 2.1971608, 41.4024464 ], [ 2.1970385, 41.4025423 ], [ 2.1970114, 41.4025645 ], [ 2.1963084, 41.4031004 ], [ 2.1962795, 41.4031225 ], [ 2.1961008, 41.4032594 ], [ 2.1960557, 41.4032924 ], [ 2.1958915, 41.4034137 ], [ 2.1955021, 41.4037145 ], [ 2.1951741, 41.4039648 ], [ 2.1951438, 41.4039856 ], [ 2.1949727, 41.404129 ], [ 2.1947734, 41.4042649 ], [ 2.1941022, 41.4047685 ], [ 2.194072, 41.4047937 ], [ 2.1939241, 41.4049135 ], [ 2.1942105, 41.4049855 ], [ 2.1951841, 41.4052384 ], [ 2.1956162, 41.4053431 ], [ 2.1956394, 41.4053485 ], [ 2.1956625, 41.4053548 ], [ 2.1965453, 41.4055742 ], [ 2.1966189, 41.4055925 ], [ 2.1966812, 41.405608 ], [ 2.1971009, 41.4057127 ], [ 2.1973332, 41.4057706 ], [ 2.1975665, 41.4058287 ], [ 2.198681, 41.4061066 ], [ 2.1987374, 41.4061206 ], [ 2.1990035, 41.4061918 ], [ 2.1990731, 41.4062067 ], [ 2.1992499, 41.4062481 ], [ 2.1995465, 41.4063223 ], [ 2.2004268, 41.4065417 ], [ 2.2004944, 41.4065603 ], [ 2.2007175, 41.4066142 ], [ 2.2011258, 41.4067162 ], [ 2.2020298, 41.4069413 ], [ 2.2020868, 41.4069566 ], [ 2.2023829, 41.4070293 ], [ 2.2026033, 41.4070828 ], [ 2.2030528, 41.407194 ], [ 2.2037077, 41.4073549 ], [ 2.2037682, 41.4073706 ], [ 2.2040448, 41.4074377 ], [ 2.2040964, 41.4074504 ], [ 2.2042543, 41.4073354 ], [ 2.2042739, 41.4073194 ], [ 2.2044097, 41.4072148 ], [ 2.2045389, 41.4071181 ], [ 2.2049118, 41.4068382 ], [ 2.2049329, 41.4068227 ], [ 2.2051108, 41.4066888 ], [ 2.2053063, 41.4065412 ], [ 2.2053265, 41.4065272 ], [ 2.205551, 41.4063564 ], [ 2.2060152, 41.4060111 ], [ 2.2062115, 41.405864 ], [ 2.2062533, 41.4058342 ], [ 2.2063955, 41.4057265 ], [ 2.2064218, 41.4057064 ], [ 2.2066493, 41.4055351 ], [ 2.2067338, 41.4054726 ], [ 2.2069695, 41.4053002 ], [ 2.2071931, 41.405129 ], [ 2.2073964, 41.404976 ], [ 2.2075979, 41.4048236 ], [ 2.2076337, 41.4047965 ], [ 2.2078671, 41.4046199 ], [ 2.207968, 41.4045436 ], [ 2.2083025, 41.4042825 ], [ 2.2083346, 41.4042576 ], [ 2.208514, 41.4041263 ], [ 2.2085686, 41.4040816 ], [ 2.2087368, 41.4039515 ], [ 2.2087536, 41.4039393 ], [ 2.2091598, 41.4036298 ], [ 2.2092388, 41.4035736 ], [ 2.2093118, 41.4035204 ], [ 2.2093433, 41.4034939 ], [ 2.2095651, 41.4033231 ], [ 2.2095922, 41.4033023 ], [ 2.2099035, 41.4030629 ], [ 2.2099313, 41.4030416 ], [ 2.2100244, 41.4029746 ], [ 2.2099743, 41.402933 ], [ 2.209894, 41.4028641 ], [ 2.2098646, 41.4028416 ], [ 2.2095967, 41.4026276 ], [ 2.2091374, 41.4022621 ], [ 2.209053, 41.4021945 ], [ 2.208914, 41.4020831 ], [ 2.2088267, 41.4020126 ], [ 2.2088006, 41.4019915 ], [ 2.2080154, 41.4013571 ], [ 2.2079797, 41.4013281 ], [ 2.2078554, 41.4012278 ], [ 2.2077252, 41.4011238 ], [ 2.2071037, 41.4006075 ], [ 2.2070663, 41.40058 ], [ 2.2068984, 41.4004482 ], [ 2.2068543, 41.4004112 ], [ 2.2068777, 41.4003909 ], [ 2.2070332, 41.4002818 ], [ 2.2071124, 41.4002215 ], [ 2.2071334, 41.400206 ], [ 2.2072073, 41.4001525 ], [ 2.2073364, 41.4000584 ], [ 2.2074803, 41.399948 ], [ 2.2075658, 41.3998859 ], [ 2.2076755, 41.3998065 ], [ 2.2076935, 41.399793 ], [ 2.2077806, 41.3997315 ], [ 2.2078461, 41.3996828 ], [ 2.2081233, 41.3994836 ], [ 2.2081807, 41.3994423 ], [ 2.2083362, 41.3993146 ], [ 2.2084961, 41.3992107 ], [ 2.2085418, 41.3991701 ], [ 2.2088778, 41.3989206 ], [ 2.2091314, 41.3987384 ], [ 2.2091661, 41.3987105 ], [ 2.2092438, 41.398661 ], [ 2.2093499, 41.3986121 ], [ 2.2094876, 41.3984897 ], [ 2.2095088, 41.3984742 ], [ 2.2097633, 41.3982887 ], [ 2.2102971, 41.3979137 ], [ 2.2107281, 41.3976036 ], [ 2.2107732, 41.3975918 ], [ 2.2108026, 41.3975851 ], [ 2.2104314, 41.3971543 ], [ 2.2100837, 41.397022 ], [ 2.2097492, 41.3968948 ], [ 2.2094898, 41.3967129 ], [ 2.2093211, 41.3965947 ], [ 2.2091063, 41.3964828 ], [ 2.2100444, 41.3956631 ], [ 2.2098647, 41.3956357 ], [ 2.2096782, 41.3955773 ], [ 2.2091708, 41.3954186 ], [ 2.2088647, 41.3952648 ], [ 2.2084968, 41.395026 ], [ 2.2082703, 41.3948605 ], [ 2.2080272, 41.394653 ], [ 2.2077215, 41.3943719 ], [ 2.2074022, 41.3940493 ], [ 2.2071511, 41.3937759 ], [ 2.2069101, 41.3934777 ], [ 2.2066099, 41.3931082 ], [ 2.2064626, 41.3929396 ], [ 2.2060642, 41.3924472 ], [ 2.2058327, 41.3921439 ], [ 2.2055488, 41.3917494 ], [ 2.2054058, 41.3914823 ], [ 2.2046635, 41.392014 ], [ 2.2043175, 41.3918856 ], [ 2.2038808, 41.3921771 ], [ 2.2036738, 41.3923432 ], [ 2.2036312, 41.3923764 ], [ 2.2033476, 41.3925977 ], [ 2.2031775, 41.3927274 ], [ 2.2028915, 41.3929455 ], [ 2.2028098, 41.3930078 ], [ 2.2027302, 41.3930685 ], [ 2.2025986, 41.3931748 ], [ 2.2025685, 41.3931969 ], [ 2.2020716, 41.3935615 ], [ 2.2020359, 41.3935877 ], [ 2.2019084, 41.3936812 ], [ 2.2018363, 41.3937314 ], [ 2.2016713, 41.393862 ], [ 2.2011695, 41.3942592 ], [ 2.2011197, 41.3942994 ], [ 2.2010821, 41.3943298 ], [ 2.2009207, 41.39446 ], [ 2.2008407, 41.3945234 ], [ 2.2008082, 41.3945492 ], [ 2.2007771, 41.3945739 ], [ 2.2007621, 41.3945858 ], [ 2.2005802, 41.3944304 ], [ 2.1999321, 41.3938713 ], [ 2.1998862, 41.3938317 ], [ 2.1997228, 41.3936934 ], [ 2.1996579, 41.3937439 ], [ 2.1996308, 41.3937615 ], [ 2.1985106, 41.3946044 ], [ 2.1983273, 41.3947375 ], [ 2.1982792, 41.394776 ], [ 2.1981433, 41.3948773 ], [ 2.1977698, 41.3951459 ], [ 2.1973512, 41.3954595 ], [ 2.1972155, 41.3955624 ], [ 2.1971806, 41.395596 ], [ 2.1969708, 41.395755 ], [ 2.1969404, 41.395778 ], [ 2.1968161, 41.3958721 ], [ 2.1966896, 41.3959679 ], [ 2.1962546, 41.3962975 ], [ 2.1962202, 41.3963236 ], [ 2.1960677, 41.3964391 ], [ 2.195817, 41.3966292 ], [ 2.1957954, 41.3966456 ], [ 2.1951359, 41.3971474 ], [ 2.1949529, 41.3972844 ], [ 2.1949089, 41.3973171 ], [ 2.1947435, 41.3974426 ], [ 2.1946935, 41.3974825 ], [ 2.1939816, 41.3980197 ], [ 2.1938727, 41.3980976 ] ] ] } },
{ "type": "Feature", "properties": { "neighborhood": "Diagonal Mar i el Front Marítim del Poblenou", "admin_level": "10" }, "geometry": { "type": "Polygon", "coordinates": [ [ [ 2.2040964, 41.4074504 ], [ 2.2041977, 41.4074777 ], [ 2.204299, 41.407505 ], [ 2.2049888, 41.407683 ], [ 2.2053946, 41.4077828 ], [ 2.20549, 41.4078104 ], [ 2.2058059, 41.4078839 ], [ 2.2066733, 41.408106 ], [ 2.206737, 41.4081229 ], [ 2.2071583, 41.4082273 ], [ 2.2072848, 41.4083226 ], [ 2.2073061, 41.4083375 ], [ 2.2073903, 41.4083929 ], [ 2.2074693, 41.4084505 ], [ 2.207536, 41.4085073 ], [ 2.2076092, 41.4085648 ], [ 2.2076244, 41.4085762 ], [ 2.207725, 41.4086519 ], [ 2.2078536, 41.4087488 ], [ 2.2080329, 41.4088839 ], [ 2.2080746, 41.4089151 ], [ 2.208286, 41.4090744 ], [ 2.2083293, 41.409107 ], [ 2.2083596, 41.4091298 ], [ 2.2085186, 41.4092496 ], [ 2.2085953, 41.4093048 ], [ 2.2086765, 41.4093659 ], [ 2.2087385, 41.4094125 ], [ 2.2091423, 41.4097161 ], [ 2.2091597, 41.4097292 ], [ 2.2094261, 41.4099296 ], [ 2.2096429, 41.4100927 ], [ 2.2098512, 41.4102477 ], [ 2.2098758, 41.410266 ], [ 2.2099017, 41.4102853 ], [ 2.2103918, 41.4106506 ], [ 2.2105719, 41.4107849 ], [ 2.2106307, 41.4108279 ], [ 2.2106924, 41.4108738 ], [ 2.2107802, 41.4109392 ], [ 2.2109257, 41.4110507 ], [ 2.2109999, 41.4111076 ], [ 2.2110828, 41.4111712 ], [ 2.2115068, 41.4114964 ], [ 2.2116885, 41.4116356 ], [ 2.2117012, 41.4116454 ], [ 2.2118292, 41.4117436 ], [ 2.2119132, 41.4118035 ], [ 2.2121386, 41.4116323 ], [ 2.2121633, 41.4116132 ], [ 2.2122247, 41.4115655 ], [ 2.2124813, 41.4113717 ], [ 2.2127414, 41.4111719 ], [ 2.2128378, 41.4110979 ], [ 2.2130478, 41.4109366 ], [ 2.2131843, 41.4108355 ], [ 2.2132379, 41.4107936 ], [ 2.2137418, 41.4104146 ], [ 2.2137647, 41.410397 ], [ 2.2139263, 41.4102894 ], [ 2.214045, 41.410213 ], [ 2.2141086, 41.4101606 ], [ 2.2142011, 41.4100917 ], [ 2.2142116, 41.4100839 ], [ 2.214279, 41.410034 ], [ 2.2144097, 41.410072 ], [ 2.2150628, 41.4102504 ], [ 2.2151369, 41.4102706 ], [ 2.2151837, 41.410283 ], [ 2.2152381, 41.4102981 ], [ 2.2162274, 41.4105395 ], [ 2.2163231, 41.4105629 ], [ 2.2163826, 41.4105775 ], [ 2.2173513, 41.4108093 ], [ 2.21741, 41.4108225 ], [ 2.2175118, 41.4108468 ], [ 2.2179439, 41.4109563 ], [ 2.2183086, 41.4110487 ], [ 2.2184691, 41.4110894 ], [ 2.2186038, 41.4111256 ], [ 2.2186248, 41.4111315 ], [ 2.2186522, 41.4111384 ], [ 2.2188659, 41.4111867 ], [ 2.2189671, 41.4112058 ], [ 2.2190354, 41.4112149 ], [ 2.2194028, 41.4113392 ], [ 2.2195007, 41.411281 ], [ 2.219549, 41.4112221 ], [ 2.2195905, 41.41119 ], [ 2.2190661, 41.4105867 ], [ 2.2192622, 41.4104851 ], [ 2.2205476, 41.4098234 ], [ 2.2205669, 41.4098134 ], [ 2.2205889, 41.4098021 ], [ 2.2207846, 41.4094945 ], [ 2.2209746, 41.4093294 ], [ 2.2209826, 41.4089703 ], [ 2.2209846, 41.4088821 ], [ 2.220849, 41.4086875 ], [ 2.2205922, 41.4083177 ], [ 2.220324, 41.4079847 ], [ 2.2197943, 41.4074547 ], [ 2.2189767, 41.4067451 ], [ 2.2187003, 41.4066556 ], [ 2.2189503, 41.4064662 ], [ 2.2190764, 41.4063707 ], [ 2.219103, 41.4063505 ], [ 2.2192489, 41.40624 ], [ 2.2193094, 41.4061622 ], [ 2.2193496, 41.4061336 ], [ 2.2194666, 41.4060507 ], [ 2.2198935, 41.4059109 ], [ 2.2201113, 41.4056672 ], [ 2.2207479, 41.4053 ], [ 2.2209719, 41.405138 ], [ 2.2213445, 41.4047779 ], [ 2.2213419, 41.4047559 ], [ 2.2214453, 41.4046515 ], [ 2.2215248, 41.4046994 ], [ 2.2217447, 41.4044855 ], [ 2.2216515, 41.4044323 ], [ 2.2216624, 41.4044156 ], [ 2.2216394, 41.4043953 ], [ 2.2219307, 41.4041656 ], [ 2.2219755, 41.4041277 ], [ 2.2219945, 41.4040811 ], [ 2.2219755, 41.4040517 ], [ 2.2219277, 41.4040128 ], [ 2.221874, 41.4040084 ], [ 2.2218239, 41.4040212 ], [ 2.2217356, 41.4040805 ], [ 2.2211294, 41.4045275 ], [ 2.2202772, 41.4051705 ], [ 2.2200824, 41.4052571 ], [ 2.2199728, 41.4052394 ], [ 2.2197021, 41.4051035 ], [ 2.2195822, 41.4050433 ], [ 2.2191545, 41.4048511 ], [ 2.2187577, 41.4046806 ], [ 2.2184762, 41.4045327 ], [ 2.2181483, 41.4043373 ], [ 2.2177776, 41.40405 ], [ 2.2175511, 41.4037979 ], [ 2.2174145, 41.403648 ], [ 2.2172274, 41.4034752 ], [ 2.2170355, 41.4032807 ], [ 2.2169602, 41.4030549 ], [ 2.2169957, 41.4030303 ], [ 2.2174062, 41.4027548 ], [ 2.2183391, 41.402101 ], [ 2.2182751, 41.402045 ], [ 2.2181903, 41.4020205 ], [ 2.217201, 41.4026909 ], [ 2.2169886, 41.4028427 ], [ 2.2166846, 41.4027309 ], [ 2.2161349, 41.4023846 ], [ 2.2158399, 41.402069 ], [ 2.2156839, 41.4018377 ], [ 2.2153225, 41.4015487 ], [ 2.2149976, 41.4011676 ], [ 2.2145723, 41.4007408 ], [ 2.2142985, 41.4003766 ], [ 2.2142082, 41.4001402 ], [ 2.2141804, 41.4001004 ], [ 2.2145462, 41.3997223 ], [ 2.2148309, 41.3995029 ], [ 2.2153598, 41.3991315 ], [ 2.2157525, 41.3988337 ], [ 2.2156677, 41.398758 ], [ 2.2154558, 41.3989518 ], [ 2.2153775, 41.3988929 ], [ 2.2153113, 41.398843 ], [ 2.2155645, 41.3986294 ], [ 2.2154668, 41.3985433 ], [ 2.2151921, 41.3987107 ], [ 2.2146748, 41.3991636 ], [ 2.2144348, 41.3994043 ], [ 2.2142607, 41.39938 ], [ 2.2139461, 41.3992915 ], [ 2.2137114, 41.3991874 ], [ 2.2135359, 41.399108 ], [ 2.213152, 41.3988663 ], [ 2.2128405, 41.3986339 ], [ 2.2123619, 41.3981847 ], [ 2.2119041, 41.3977215 ], [ 2.2115357, 41.3972795 ], [ 2.2112438, 41.3969315 ], [ 2.2109934, 41.396579 ], [ 2.2108433, 41.3963016 ], [ 2.2107788, 41.3961159 ], [ 2.2107545, 41.3960371 ], [ 2.2107323, 41.3959649 ], [ 2.2112763, 41.3955654 ], [ 2.211306, 41.395543 ], [ 2.2115585, 41.3953528 ], [ 2.2118486, 41.3951342 ], [ 2.2117206, 41.3950382 ], [ 2.2115263, 41.395188 ], [ 2.2113097, 41.395355 ], [ 2.2112548, 41.3953106 ], [ 2.2111425, 41.3953929 ], [ 2.2110344, 41.3953164 ], [ 2.2109224, 41.3952371 ], [ 2.2112919, 41.3949568 ], [ 2.211448, 41.3948382 ], [ 2.211318, 41.3947403 ], [ 2.2110087, 41.3949773 ], [ 2.2107798, 41.3951526 ], [ 2.2107447, 41.3951207 ], [ 2.2107404, 41.395124 ], [ 2.2100444, 41.3956631 ], [ 2.2091063, 41.3964828 ], [ 2.2093211, 41.3965947 ], [ 2.2094898, 41.3967129 ], [ 2.2097492, 41.3968948 ], [ 2.2100837, 41.397022 ], [ 2.2104314, 41.3971543 ], [ 2.2108026, 41.3975851 ], [ 2.2107732, 41.3975918 ], [ 2.2107281, 41.3976036 ], [ 2.2102971, 41.3979137 ], [ 2.2097633, 41.3982887 ], [ 2.2095088, 41.3984742 ], [ 2.2094876, 41.3984897 ], [ 2.2093499, 41.3986121 ], [ 2.2092438, 41.398661 ], [ 2.2091661, 41.3987105 ], [ 2.2091314, 41.3987384 ], [ 2.2088778, 41.3989206 ], [ 2.2085418, 41.3991701 ], [ 2.2084961, 41.3992107 ], [ 2.2083362, 41.3993146 ], [ 2.2081807, 41.3994423 ], [ 2.2081233, 41.3994836 ], [ 2.2078461, 41.3996828 ], [ 2.2077806, 41.3997315 ], [ 2.2076935, 41.399793 ], [ 2.2076755, 41.3998065 ], [ 2.2075658, 41.3998859 ], [ 2.2074803, 41.399948 ], [ 2.2073364, 41.4000584 ], [ 2.2072073, 41.4001525 ], [ 2.2071334, 41.400206 ], [ 2.2071124, 41.4002215 ], [ 2.2070332, 41.4002818 ], [ 2.2068777, 41.4003909 ], [ 2.2068543, 41.4004112 ], [ 2.2068984, 41.4004482 ], [ 2.2070663, 41.40058 ], [ 2.2071037, 41.4006075 ], [ 2.2077252, 41.4011238 ], [ 2.2078554, 41.4012278 ], [ 2.2079797, 41.4013281 ], [ 2.2080154, 41.4013571 ], [ 2.2088006, 41.4019915 ], [ 2.2088267, 41.4020126 ], [ 2.208914, 41.4020831 ], [ 2.209053, 41.4021945 ], [ 2.2091374, 41.4022621 ], [ 2.2095967, 41.4026276 ], [ 2.2098646, 41.4028416 ], [ 2.209894, 41.4028641 ], [ 2.2099743, 41.402933 ], [ 2.2100244, 41.4029746 ], [ 2.2099313, 41.4030416 ], [ 2.2099035, 41.4030629 ], [ 2.2095922, 41.4033023 ], [ 2.2095651, 41.4033231 ], [ 2.2093433, 41.4034939 ], [ 2.2093118, 41.4035204 ], [ 2.2092388, 41.4035736 ], [ 2.2091598, 41.4036298 ], [ 2.2087536, 41.4039393 ], [ 2.2087368, 41.4039515 ], [ 2.2085686, 41.4040816 ], [ 2.208514, 41.4041263 ], [ 2.2083346, 41.4042576 ], [ 2.2083025, 41.4042825 ], [ 2.207968, 41.4045436 ], [ 2.2078671, 41.4046199 ], [ 2.2076337, 41.4047965 ], [ 2.2075979, 41.4048236 ], [ 2.2073964, 41.404976 ], [ 2.2071931, 41.405129 ], [ 2.2069695, 41.4053002 ], [ 2.2067338, 41.4054726 ], [ 2.2066493, 41.4055351 ], [ 2.2064218, 41.4057064 ], [ 2.2063955, 41.4057265 ], [ 2.2062533, 41.4058342 ], [ 2.2062115, 41.405864 ], [ 2.2060152, 41.4060111 ], [ 2.205551, 41.4063564 ], [ 2.2053265, 41.4065272 ], [ 2.2053063, 41.4065412 ], [ 2.2051108, 41.4066888 ], [ 2.2049329, 41.4068227 ], [ 2.2049118, 41.4068382 ], [ 2.2045389, 41.4071181 ], [ 2.2044097, 41.4072148 ], [ 2.2042739, 41.4073194 ], [ 2.2042543, 41.4073354 ], [ 2.2040964, 41.4074504 ] ] ] } },
{ "type": "Feature", "properties": { "neighborhood": "el Besòs i el Maresme", "admin_level": "10" }, "geometry": { "type": "MultiPolygon", "coordinates": [ [ [ [ 2.2224032, 41.4040781 ], [ 2.2223726, 41.4041173 ], [ 2.2223996, 41.4042001 ], [ 2.2226075, 41.4045668 ], [ 2.2228529, 41.4049663 ], [ 2.2229802, 41.4050582 ], [ 2.2232293, 41.4052347 ], [ 2.2232983, 41.4053281 ], [ 2.2233982, 41.4053255 ], [ 2.2234685, 41.4052588 ], [ 2.2234587, 41.4051817 ], [ 2.2232765, 41.404998 ], [ 2.2230058, 41.4047198 ], [ 2.2228791, 41.4044389 ], [ 2.2226789, 41.4042538 ], [ 2.2226692, 41.404207 ], [ 2.2226995, 41.4041697 ], [ 2.2225572, 41.4038826 ], [ 2.2223848, 41.403651 ], [ 2.2222103, 41.40351 ], [ 2.2220995, 41.4034799 ], [ 2.221987, 41.4034954 ], [ 2.2219461, 41.4035631 ], [ 2.2220035, 41.4036635 ], [ 2.2221759, 41.403884 ], [ 2.222239, 41.4039684 ], [ 2.2224032, 41.4040781 ] ] ], [ [ [ 2.2279585, 41.4095191 ], [ 2.2280393, 41.409304 ], [ 2.2280467, 41.4090834 ], [ 2.2277673, 41.4086312 ], [ 2.2282232, 41.4084658 ], [ 2.2282967, 41.4084768 ], [ 2.2283555, 41.4084217 ], [ 2.2282673, 41.4083334 ], [ 2.2278261, 41.4084934 ], [ 2.2277011, 41.4085375 ], [ 2.2276349, 41.408361 ], [ 2.2275099, 41.4081845 ], [ 2.2273776, 41.4080908 ], [ 2.2271791, 41.4081128 ], [ 2.2270908, 41.4081459 ], [ 2.2269806, 41.4084051 ], [ 2.2272526, 41.4089456 ], [ 2.2273702, 41.4089786 ], [ 2.2275026, 41.4094143 ], [ 2.2277526, 41.4096238 ], [ 2.2278629, 41.4096128 ], [ 2.2279585, 41.4095191 ] ] ], [ [ [ 2.2073679, 41.4153588 ], [ 2.2076558, 41.4157054 ], [ 2.2078733, 41.4159677 ], [ 2.2081087, 41.4162625 ], [ 2.2081585, 41.4163272 ], [ 2.2082184, 41.4164013 ], [ 2.2085723, 41.4168435 ], [ 2.2086716, 41.4169621 ], [ 2.208921, 41.4172764 ], [ 2.2089436, 41.417304 ], [ 2.2089649, 41.4173319 ], [ 2.2090136, 41.4173892 ], [ 2.2090753, 41.4174624 ], [ 2.2093266, 41.4177799 ], [ 2.2095316, 41.418036 ], [ 2.2095571, 41.4180692 ], [ 2.209609, 41.4181347 ], [ 2.2096276, 41.4181591 ], [ 2.2096423, 41.418178 ], [ 2.2096678, 41.4182043 ], [ 2.2097252, 41.4183044 ], [ 2.2095939, 41.4184173 ], [ 2.2095306, 41.4184658 ], [ 2.2094006, 41.4185296 ], [ 2.2093193, 41.4185716 ], [ 2.2092816, 41.4185881 ], [ 2.2091541, 41.4186529 ], [ 2.2091025, 41.4186821 ], [ 2.208687, 41.4189211 ], [ 2.2085028, 41.4190271 ], [ 2.20845, 41.419063 ], [ 2.2082409, 41.4192057 ], [ 2.2082003, 41.419236 ], [ 2.2081767, 41.4192536 ], [ 2.208029, 41.4193671 ], [ 2.2079972, 41.4193915 ], [ 2.2080465, 41.4194275 ], [ 2.2080986, 41.4194662 ], [ 2.2085824, 41.4198255 ], [ 2.208653, 41.4198782 ], [ 2.2087078, 41.4199165 ], [ 2.2087578, 41.4199514 ], [ 2.2092002, 41.4202858 ], [ 2.2092068, 41.4202904 ], [ 2.209413, 41.4204443 ], [ 2.2095816, 41.4205681 ], [ 2.2096443, 41.4206142 ], [ 2.2096624, 41.4206278 ], [ 2.2098749, 41.4207895 ], [ 2.2101041, 41.4209663 ], [ 2.2103866, 41.4211841 ], [ 2.211466, 41.4219877 ], [ 2.2118553, 41.4212665 ], [ 2.2125201, 41.4208274 ], [ 2.2138276, 41.4201009 ], [ 2.2155899, 41.41891 ], [ 2.2159905, 41.4186227 ], [ 2.2161801, 41.4183308 ], [ 2.2165038, 41.4178723 ], [ 2.2170125, 41.4174338 ], [ 2.2174083, 41.4167106 ], [ 2.2200987, 41.4143961 ], [ 2.221251, 41.4132178 ], [ 2.2207503, 41.4125759 ], [ 2.2228301, 41.4123769 ], [ 2.2272081, 41.4103902 ], [ 2.2267427, 41.4096462 ], [ 2.2268027, 41.4094389 ], [ 2.226783, 41.4093429 ], [ 2.226636, 41.4092313 ], [ 2.2264148, 41.4088915 ], [ 2.2264541, 41.4086313 ], [ 2.2265546, 41.4086014 ], [ 2.2263909, 41.4083851 ], [ 2.2262364, 41.4084365 ], [ 2.2263531, 41.4086697 ], [ 2.2264103, 41.4086457 ], [ 2.2263767, 41.4088964 ], [ 2.2263551, 41.4088973 ], [ 2.2261565, 41.4085757 ], [ 2.2262211, 41.4085635 ], [ 2.2262188, 41.4085372 ], [ 2.2261618, 41.4085573 ], [ 2.2261158, 41.4085332 ], [ 2.2261314, 41.4085057 ], [ 2.2261751, 41.4084989 ], [ 2.2262202, 41.4085161 ], [ 2.2262443, 41.4085409 ], [ 2.2262766, 41.4085294 ], [ 2.2262364, 41.4084869 ], [ 2.2261785, 41.4084708 ], [ 2.225906, 41.4080427 ], [ 2.2261009, 41.407899 ], [ 2.22594, 41.4077405 ], [ 2.2258046, 41.4077668 ], [ 2.225833, 41.4079484 ], [ 2.2256956, 41.4077341 ], [ 2.2254277, 41.4073165 ], [ 2.2258539, 41.407039 ], [ 2.2259592, 41.4071257 ], [ 2.2261045, 41.4071766 ], [ 2.2262084, 41.40718 ], [ 2.2260365, 41.4069479 ], [ 2.2260903, 41.4069026 ], [ 2.226242, 41.4067991 ], [ 2.2260659, 41.4066071 ], [ 2.225893, 41.4066044 ], [ 2.2257105, 41.4067179 ], [ 2.225417, 41.4069585 ], [ 2.2254687, 41.4070207 ], [ 2.2250558, 41.4073078 ], [ 2.2250004, 41.407296 ], [ 2.2248826, 41.4071029 ], [ 2.2247681, 41.4069153 ], [ 2.225285, 41.4065289 ], [ 2.2253481, 41.4065315 ], [ 2.2257504, 41.406249 ], [ 2.2258216, 41.4061075 ], [ 2.2258402, 41.4060382 ], [ 2.2257578, 41.4059773 ], [ 2.225605, 41.4059379 ], [ 2.2254751, 41.4059929 ], [ 2.2250766, 41.4063177 ], [ 2.22489, 41.4064377 ], [ 2.2247777, 41.4064587 ], [ 2.2246669, 41.4064758 ], [ 2.224473, 41.4061979 ], [ 2.2243347, 41.4061735 ], [ 2.2241975, 41.4061843 ], [ 2.2240838, 41.4062317 ], [ 2.2239449, 41.4063237 ], [ 2.2238005, 41.406386 ], [ 2.2236566, 41.4063922 ], [ 2.2233887, 41.4061726 ], [ 2.2224773, 41.4054985 ], [ 2.2223185, 41.4053279 ], [ 2.2222499, 41.4053374 ], [ 2.2219252, 41.4050885 ], [ 2.2218925, 41.4050714 ], [ 2.2218339, 41.4050789 ], [ 2.2217779, 41.4051107 ], [ 2.2217564, 41.4051585 ], [ 2.2217734, 41.4051966 ], [ 2.2218877, 41.4052813 ], [ 2.2215372, 41.4055614 ], [ 2.2214116, 41.4054704 ], [ 2.2214384, 41.4054493 ], [ 2.2213708, 41.4053933 ], [ 2.2213455, 41.4054136 ], [ 2.2209719, 41.405138 ], [ 2.2207479, 41.4053 ], [ 2.2201113, 41.4056672 ], [ 2.2198935, 41.4059109 ], [ 2.2194666, 41.4060507 ], [ 2.2193496, 41.4061336 ], [ 2.2193094, 41.4061622 ], [ 2.2192489, 41.40624 ], [ 2.219103, 41.4063505 ], [ 2.2190764, 41.4063707 ], [ 2.2189503, 41.4064662 ], [ 2.2187003, 41.4066556 ], [ 2.2189767, 41.4067451 ], [ 2.2197943, 41.4074547 ], [ 2.220324, 41.4079847 ], [ 2.2205922, 41.4083177 ], [ 2.220849, 41.4086875 ], [ 2.2209846, 41.4088821 ], [ 2.2209826, 41.4089703 ], [ 2.2209746, 41.4093294 ], [ 2.2207846, 41.4094945 ], [ 2.2205889, 41.4098021 ], [ 2.2205669, 41.4098134 ], [ 2.2205476, 41.4098234 ], [ 2.2192622, 41.4104851 ], [ 2.2190661, 41.4105867 ], [ 2.2195905, 41.41119 ], [ 2.219549, 41.4112221 ], [ 2.2195007, 41.411281 ], [ 2.2194028, 41.4113392 ], [ 2.2190354, 41.4112149 ], [ 2.2189671, 41.4112058 ], [ 2.2188659, 41.4111867 ], [ 2.2186522, 41.4111384 ], [ 2.2186248, 41.4111315 ], [ 2.2186038, 41.4111256 ], [ 2.2184691, 41.4110894 ], [ 2.2183086, 41.4110487 ], [ 2.2179439, 41.4109563 ], [ 2.2175118, 41.4108468 ], [ 2.21741, 41.4108225 ], [ 2.2173513, 41.4108093 ], [ 2.2163826, 41.4105775 ], [ 2.2163231, 41.4105629 ], [ 2.2162274, 41.4105395 ], [ 2.2152381, 41.4102981 ], [ 2.2151837, 41.410283 ], [ 2.2151369, 41.4102706 ], [ 2.2150628, 41.4102504 ], [ 2.2144097, 41.410072 ], [ 2.214279, 41.410034 ], [ 2.2142116, 41.4100839 ], [ 2.2142011, 41.4100917 ], [ 2.2141086, 41.4101606 ], [ 2.214045, 41.410213 ], [ 2.2139263, 41.4102894 ], [ 2.2137647, 41.410397 ], [ 2.2137418, 41.4104146 ], [ 2.2132379, 41.4107936 ], [ 2.2131843, 41.4108355 ], [ 2.2130478, 41.4109366 ], [ 2.2128378, 41.4110979 ], [ 2.2127414, 41.4111719 ], [ 2.2124813, 41.4113717 ], [ 2.2122247, 41.4115655 ], [ 2.2121633, 41.4116132 ], [ 2.2121386, 41.4116323 ], [ 2.2119132, 41.4118035 ], [ 2.2116839, 41.4119788 ], [ 2.2110632, 41.4124506 ], [ 2.2109807, 41.4125073 ], [ 2.210788, 41.4126527 ], [ 2.2105985, 41.4127968 ], [ 2.2102666, 41.4130491 ], [ 2.209973, 41.4132722 ], [ 2.2099362, 41.4133007 ], [ 2.2099019, 41.4133263 ], [ 2.2096634, 41.4135076 ], [ 2.2094855, 41.413642 ], [ 2.2093277, 41.4137613 ], [ 2.2091084, 41.413927 ], [ 2.2087724, 41.4141786 ], [ 2.2087297, 41.41421 ], [ 2.2085929, 41.4143114 ], [ 2.2085392, 41.4143532 ], [ 2.2083301, 41.4145115 ], [ 2.2079913, 41.4147672 ], [ 2.2074753, 41.4151607 ], [ 2.2073892, 41.4152265 ], [ 2.2073113, 41.4152852 ], [ 2.2073599, 41.4153475 ], [ 2.2073679, 41.4153588 ] ] ] ] } },
{ "type": "Feature", "properties": { "neighborhood": "Provençals del Poblenou", "admin_level": "10" }, "geometry": { "type": "Polygon", "coordinates": [ [ [ 2.1912652, 41.4068914 ], [ 2.1918266, 41.4073175 ], [ 2.1923142, 41.407687 ], [ 2.1923847, 41.4077312 ], [ 2.1925467, 41.4078384 ], [ 2.1932798, 41.4083881 ], [ 2.1933717, 41.4084989 ], [ 2.1934614, 41.4085646 ], [ 2.1935927, 41.4086606 ], [ 2.194265, 41.4091545 ], [ 2.194606, 41.4093947 ], [ 2.1946529, 41.4094292 ], [ 2.1946958, 41.4094597 ], [ 2.1947276, 41.409482 ], [ 2.1947738, 41.409516 ], [ 2.1948902, 41.4096001 ], [ 2.1948967, 41.4096048 ], [ 2.1958307, 41.4102803 ], [ 2.1958557, 41.4102998 ], [ 2.196007, 41.4104129 ], [ 2.1969074, 41.4110856 ], [ 2.1969432, 41.4111124 ], [ 2.1970197, 41.4111768 ], [ 2.197058, 41.4112036 ], [ 2.1976609, 41.4116541 ], [ 2.1976877, 41.4116743 ], [ 2.1980062, 41.4119126 ], [ 2.1980595, 41.4119554 ], [ 2.1981042, 41.4119892 ], [ 2.1982025, 41.4120595 ], [ 2.198238, 41.4120854 ], [ 2.198332, 41.412157 ], [ 2.1990667, 41.4127167 ], [ 2.1992328, 41.4128423 ], [ 2.1992623, 41.4128646 ], [ 2.2004224, 41.4137415 ], [ 2.2004591, 41.4137683 ], [ 2.2006227, 41.4138789 ], [ 2.2006449, 41.4138963 ], [ 2.2008551, 41.4140573 ], [ 2.2011759, 41.4142898 ], [ 2.2014127, 41.4144615 ], [ 2.2014434, 41.4144874 ], [ 2.201504, 41.4145453 ], [ 2.2015405, 41.4145783 ], [ 2.2015938, 41.4146188 ], [ 2.2016086, 41.414629 ], [ 2.201854, 41.4148114 ], [ 2.2019609, 41.4148948 ], [ 2.2023967, 41.415215 ], [ 2.2026171, 41.4153764 ], [ 2.203414, 41.4159501 ], [ 2.2034193, 41.4159541 ], [ 2.2038041, 41.4162373 ], [ 2.2038372, 41.4162639 ], [ 2.2039756, 41.4163753 ], [ 2.2047887, 41.4169952 ], [ 2.2048123, 41.4170135 ], [ 2.2048694, 41.4170566 ], [ 2.2049199, 41.4170978 ], [ 2.2050091, 41.4171625 ], [ 2.2050453, 41.417185 ], [ 2.2051981, 41.4172989 ], [ 2.2058844, 41.4178125 ], [ 2.2060303, 41.4179206 ], [ 2.206068, 41.4179498 ], [ 2.2069323, 41.418589 ], [ 2.2069568, 41.4186071 ], [ 2.2071836, 41.4187748 ], [ 2.2072213, 41.4188026 ], [ 2.2073684, 41.4189114 ], [ 2.2079309, 41.4193409 ], [ 2.2079972, 41.4193915 ], [ 2.208029, 41.4193671 ], [ 2.2081767, 41.4192536 ], [ 2.2082003, 41.419236 ], [ 2.2082409, 41.4192057 ], [ 2.20845, 41.419063 ], [ 2.2085028, 41.4190271 ], [ 2.208687, 41.4189211 ], [ 2.2091025, 41.4186821 ], [ 2.2091541, 41.4186529 ], [ 2.2092816, 41.4185881 ], [ 2.2093193, 41.4185716 ], [ 2.2094006, 41.4185296 ], [ 2.2095306, 41.4184658 ], [ 2.2095939, 41.4184173 ], [ 2.2097252, 41.4183044 ], [ 2.2096678, 41.4182043 ], [ 2.2096423, 41.418178 ], [ 2.2096276, 41.4181591 ], [ 2.209609, 41.4181347 ], [ 2.2095571, 41.4180692 ], [ 2.2095316, 41.418036 ], [ 2.2093266, 41.4177799 ], [ 2.2090753, 41.4174624 ], [ 2.2090136, 41.4173892 ], [ 2.2089649, 41.4173319 ], [ 2.2089436, 41.417304 ], [ 2.208921, 41.4172764 ], [ 2.2086716, 41.4169621 ], [ 2.2085723, 41.4168435 ], [ 2.2082184, 41.4164013 ], [ 2.2081585, 41.4163272 ], [ 2.2081087, 41.4162625 ], [ 2.2078733, 41.4159677 ], [ 2.2076558, 41.4157054 ], [ 2.2073679, 41.4153588 ], [ 2.2073599, 41.4153475 ], [ 2.2073113, 41.4152852 ], [ 2.2073892, 41.4152265 ], [ 2.2074753, 41.4151607 ], [ 2.2079913, 41.4147672 ], [ 2.2083301, 41.4145115 ], [ 2.2085392, 41.4143532 ], [ 2.2085929, 41.4143114 ], [ 2.2087297, 41.41421 ], [ 2.2087724, 41.4141786 ], [ 2.2091084, 41.413927 ], [ 2.2093277, 41.4137613 ], [ 2.2094855, 41.413642 ], [ 2.2096634, 41.4135076 ], [ 2.2099019, 41.4133263 ], [ 2.2099362, 41.4133007 ], [ 2.209973, 41.4132722 ], [ 2.2102666, 41.4130491 ], [ 2.2105985, 41.4127968 ], [ 2.210788, 41.4126527 ], [ 2.2109807, 41.4125073 ], [ 2.2110632, 41.4124506 ], [ 2.2116839, 41.4119788 ], [ 2.2119132, 41.4118035 ], [ 2.2118292, 41.4117436 ], [ 2.2117012, 41.4116454 ], [ 2.2116885, 41.4116356 ], [ 2.2115068, 41.4114964 ], [ 2.2110828, 41.4111712 ], [ 2.2109999, 41.4111076 ], [ 2.2109257, 41.4110507 ], [ 2.2107802, 41.4109392 ], [ 2.2106924, 41.4108738 ], [ 2.2106307, 41.4108279 ], [ 2.2105719, 41.4107849 ], [ 2.2103918, 41.4106506 ], [ 2.2099017, 41.4102853 ], [ 2.2098758, 41.410266 ], [ 2.2098512, 41.4102477 ], [ 2.2096429, 41.4100927 ], [ 2.2094261, 41.4099296 ], [ 2.2091597, 41.4097292 ], [ 2.2091423, 41.4097161 ], [ 2.2087385, 41.4094125 ], [ 2.2086765, 41.4093659 ], [ 2.2085953, 41.4093048 ], [ 2.2085186, 41.4092496 ], [ 2.2083596, 41.4091298 ], [ 2.2083293, 41.409107 ], [ 2.208286, 41.4090744 ], [ 2.2080746, 41.4089151 ], [ 2.2080329, 41.4088839 ], [ 2.2078536, 41.4087488 ], [ 2.207725, 41.4086519 ], [ 2.2076244, 41.4085762 ], [ 2.2076092, 41.4085648 ], [ 2.207536, 41.4085073 ], [ 2.2074693, 41.4084505 ], [ 2.2073903, 41.4083929 ], [ 2.2073061, 41.4083375 ], [ 2.2072848, 41.4083226 ], [ 2.2071583, 41.4082273 ], [ 2.206737, 41.4081229 ], [ 2.2066733, 41.408106 ], [ 2.2058059, 41.4078839 ], [ 2.20549, 41.4078104 ], [ 2.2053946, 41.4077828 ], [ 2.2049888, 41.407683 ], [ 2.204299, 41.407505 ], [ 2.2041977, 41.4074777 ], [ 2.2040964, 41.4074504 ], [ 2.2040448, 41.4074377 ], [ 2.2037682, 41.4073706 ], [ 2.2037077, 41.4073549 ], [ 2.2030528, 41.407194 ], [ 2.2026033, 41.4070828 ], [ 2.2023829, 41.4070293 ], [ 2.2020868, 41.4069566 ], [ 2.2020298, 41.4069413 ], [ 2.2011258, 41.4067162 ], [ 2.2007175, 41.4066142 ], [ 2.2004944, 41.4065603 ], [ 2.2004268, 41.4065417 ], [ 2.1995465, 41.4063223 ], [ 2.1992499, 41.4062481 ], [ 2.1990731, 41.4062067 ], [ 2.1990035, 41.4061918 ], [ 2.1987374, 41.4061206 ], [ 2.198681, 41.4061066 ], [ 2.1975665, 41.4058287 ], [ 2.1973332, 41.4057706 ], [ 2.1971009, 41.4057127 ], [ 2.1966812, 41.405608 ], [ 2.1966189, 41.4055925 ], [ 2.1965453, 41.4055742 ], [ 2.1956625, 41.4053548 ], [ 2.1956394, 41.4053485 ], [ 2.1956162, 41.4053431 ], [ 2.1951841, 41.4052384 ], [ 2.1942105, 41.4049855 ], [ 2.1939241, 41.4049135 ], [ 2.1938767, 41.4049508 ], [ 2.1938074, 41.4049989 ], [ 2.1937716, 41.4050236 ], [ 2.1937343, 41.4050517 ], [ 2.1936862, 41.4050827 ], [ 2.1936275, 41.4051234 ], [ 2.1934419, 41.4052737 ], [ 2.1932022, 41.4054557 ], [ 2.1929034, 41.405682 ], [ 2.1928782, 41.4056995 ], [ 2.1928148, 41.4057489 ], [ 2.1926892, 41.4058486 ], [ 2.1925345, 41.4059634 ], [ 2.1925017, 41.4059887 ], [ 2.1917873, 41.4065315 ], [ 2.1917501, 41.406556 ], [ 2.1917263, 41.4065742 ], [ 2.1915883, 41.4066629 ], [ 2.1915574, 41.406686 ], [ 2.1914925, 41.4067383 ], [ 2.1913891, 41.4068051 ], [ 2.1913043, 41.4068636 ], [ 2.1912652, 41.4068914 ] ] ] } },
{ "type": "Feature", "properties": { "neighborhood": "Sant Martí de Provençals", "admin_level": "10" }, "geometry": { "type": "Polygon", "coordinates": [ [ [ 2.1924111, 41.4145473 ], [ 2.1924246, 41.4148269 ], [ 2.1931932, 41.4169663 ], [ 2.1937338, 41.4185001 ], [ 2.1945676, 41.420698 ], [ 2.1950679, 41.4224192 ], [ 2.1960162, 41.4223324 ], [ 2.1961224, 41.4222675 ], [ 2.1962299, 41.4222068 ], [ 2.196282, 41.4221773 ], [ 2.1965013, 41.4221327 ], [ 2.1977441, 41.4218799 ], [ 2.1979126, 41.4218456 ], [ 2.1983517, 41.4217698 ], [ 2.1983979, 41.4217647 ], [ 2.1984626, 41.4217455 ], [ 2.1986907, 41.4216512 ], [ 2.1987633, 41.4216252 ], [ 2.1987931, 41.4216063 ], [ 2.198889, 41.4215417 ], [ 2.1989899, 41.4214687 ], [ 2.1990262, 41.4214427 ], [ 2.1990499, 41.4214274 ], [ 2.1991494, 41.4213534 ], [ 2.1991781, 41.4213257 ], [ 2.1993305, 41.4212048 ], [ 2.1996549, 41.4209709 ], [ 2.1997112, 41.4209362 ], [ 2.1998701, 41.4208138 ], [ 2.1999082, 41.4207845 ], [ 2.2001168, 41.420624 ], [ 2.2001478, 41.4206027 ], [ 2.2003867, 41.4204923 ], [ 2.2005378, 41.4203764 ], [ 2.2005726, 41.4203497 ], [ 2.2010974, 41.4199472 ], [ 2.2011346, 41.4199187 ], [ 2.2011551, 41.419903 ], [ 2.2012166, 41.4198558 ], [ 2.2012781, 41.4198086 ], [ 2.2013, 41.4197918 ], [ 2.2013918, 41.4197214 ], [ 2.2014533, 41.4197083 ], [ 2.2015164, 41.419663 ], [ 2.201531, 41.419652 ], [ 2.2015768, 41.4196176 ], [ 2.2016095, 41.419593 ], [ 2.2016996, 41.4195258 ], [ 2.2017417, 41.4194941 ], [ 2.2023424, 41.4190423 ], [ 2.2025457, 41.4188911 ], [ 2.202569, 41.4188737 ], [ 2.2026604, 41.4188031 ], [ 2.2027311, 41.4187479 ], [ 2.2027772, 41.4187141 ], [ 2.2028089, 41.4186914 ], [ 2.2033958, 41.4182499 ], [ 2.203521, 41.4181557 ], [ 2.2036771, 41.4180359 ], [ 2.2037851, 41.417957 ], [ 2.2039777, 41.4178095 ], [ 2.2042156, 41.4176082 ], [ 2.2042991, 41.4175643 ], [ 2.2046062, 41.4173281 ], [ 2.2046369, 41.417305 ], [ 2.204675, 41.4172754 ], [ 2.2048387, 41.4171535 ], [ 2.2049199, 41.4170978 ], [ 2.2048694, 41.4170566 ], [ 2.2048123, 41.4170135 ], [ 2.2047887, 41.4169952 ], [ 2.2039756, 41.4163753 ], [ 2.2038372, 41.4162639 ], [ 2.2038041, 41.4162373 ], [ 2.2034193, 41.4159541 ], [ 2.203414, 41.4159501 ], [ 2.2026171, 41.4153764 ], [ 2.2023967, 41.415215 ], [ 2.2019609, 41.4148948 ], [ 2.201854, 41.4148114 ], [ 2.2016086, 41.414629 ], [ 2.2015938, 41.4146188 ], [ 2.2015405, 41.4145783 ], [ 2.201504, 41.4145453 ], [ 2.2014434, 41.4144874 ], [ 2.2014127, 41.4144615 ], [ 2.2011759, 41.4142898 ], [ 2.2008551, 41.4140573 ], [ 2.2006449, 41.4138963 ], [ 2.2006227, 41.4138789 ], [ 2.2004591, 41.4137683 ], [ 2.2004224, 41.4137415 ], [ 2.1992623, 41.4128646 ], [ 2.1992328, 41.4128423 ], [ 2.1990667, 41.4127167 ], [ 2.198332, 41.412157 ], [ 2.198238, 41.4120854 ], [ 2.1982025, 41.4120595 ], [ 2.1981042, 41.4119892 ], [ 2.1980595, 41.4119554 ], [ 2.1980062, 41.4119126 ], [ 2.1976877, 41.4116743 ], [ 2.1976609, 41.4116541 ], [ 2.197058, 41.4112036 ], [ 2.1970197, 41.4111768 ], [ 2.1969432, 41.4111124 ], [ 2.1968523, 41.4111822 ], [ 2.1965825, 41.4113871 ], [ 2.1965458, 41.411415 ], [ 2.1965248, 41.411431 ], [ 2.196353, 41.4115617 ], [ 2.1960282, 41.411808 ], [ 2.1958271, 41.4119606 ], [ 2.1955801, 41.4121482 ], [ 2.1955479, 41.4121726 ], [ 2.1952357, 41.4124096 ], [ 2.1952183, 41.4124228 ], [ 2.195171, 41.4124587 ], [ 2.1949891, 41.4125967 ], [ 2.1949572, 41.4126209 ], [ 2.1949372, 41.4126361 ], [ 2.1946731, 41.4128366 ], [ 2.194488, 41.4129771 ], [ 2.19445, 41.413006 ], [ 2.1937592, 41.4135305 ], [ 2.1936451, 41.4136172 ], [ 2.1936354, 41.4136245 ], [ 2.1936074, 41.4136456 ], [ 2.1935801, 41.4136662 ], [ 2.1935528, 41.4136868 ], [ 2.1934854, 41.4137376 ], [ 2.193455, 41.4137605 ], [ 2.1932826, 41.4138912 ], [ 2.1932537, 41.4139122 ], [ 2.1928927, 41.4141843 ], [ 2.1925435, 41.4144475 ], [ 2.1924111, 41.4145473 ] ] ] } },
{ "type": "Feature", "properties": { "neighborhood": "la Verneda i la Pau", "admin_level": "10" }, "geometry": { "type": "Polygon", "coordinates": [ [ [ 2.1950679, 41.4224192 ], [ 2.1951212, 41.4226028 ], [ 2.1955706, 41.4239557 ], [ 2.1961959, 41.4260705 ], [ 2.1963961, 41.4266977 ], [ 2.1966323, 41.4274379 ], [ 2.1971049, 41.4287279 ], [ 2.1972251, 41.428903 ], [ 2.1977517, 41.4294076 ], [ 2.1980718, 41.42966 ], [ 2.1991661, 41.4301239 ], [ 2.2004166, 41.4302363 ], [ 2.2013872, 41.4300995 ], [ 2.2028462, 41.4296551 ], [ 2.2038895, 41.429373 ], [ 2.2049319, 41.4288857 ], [ 2.2072969, 41.4277635 ], [ 2.2072716, 41.4277093 ], [ 2.2072057, 41.4275956 ], [ 2.2070453, 41.4272935 ], [ 2.2067992, 41.4268417 ], [ 2.2067219, 41.4266998 ], [ 2.2065476, 41.4263763 ], [ 2.2064469, 41.4261796 ], [ 2.2061447, 41.4256223 ], [ 2.2068221, 41.4254588 ], [ 2.2077023, 41.4251259 ], [ 2.2080841, 41.4249801 ], [ 2.2086288, 41.4250995 ], [ 2.2086365, 41.4251045 ], [ 2.2088482, 41.4251536 ], [ 2.2089209, 41.4251214 ], [ 2.2092689, 41.4249553 ], [ 2.2099752, 41.4246294 ], [ 2.2100382, 41.4242362 ], [ 2.2101351, 41.4238368 ], [ 2.2111974, 41.4222727 ], [ 2.211466, 41.4219877 ], [ 2.2103866, 41.4211841 ], [ 2.2101041, 41.4209663 ], [ 2.2098749, 41.4207895 ], [ 2.2096624, 41.4206278 ], [ 2.2096443, 41.4206142 ], [ 2.2095816, 41.4205681 ], [ 2.209413, 41.4204443 ], [ 2.2092068, 41.4202904 ], [ 2.2092002, 41.4202858 ], [ 2.2087578, 41.4199514 ], [ 2.2087078, 41.4199165 ], [ 2.208653, 41.4198782 ], [ 2.2085824, 41.4198255 ], [ 2.2080986, 41.4194662 ], [ 2.2080465, 41.4194275 ], [ 2.2079972, 41.4193915 ], [ 2.2079309, 41.4193409 ], [ 2.2073684, 41.4189114 ], [ 2.2072213, 41.4188026 ], [ 2.2071836, 41.4187748 ], [ 2.2069568, 41.4186071 ], [ 2.2069323, 41.418589 ], [ 2.206068, 41.4179498 ], [ 2.2060303, 41.4179206 ], [ 2.2058844, 41.4178125 ], [ 2.2051981, 41.4172989 ], [ 2.2050453, 41.417185 ], [ 2.2050091, 41.4171625 ], [ 2.2049199, 41.4170978 ], [ 2.2048387, 41.4171535 ], [ 2.204675, 41.4172754 ], [ 2.2046369, 41.417305 ], [ 2.2046062, 41.4173281 ], [ 2.2042991, 41.4175643 ], [ 2.2042156, 41.4176082 ], [ 2.2039777, 41.4178095 ], [ 2.2037851, 41.417957 ], [ 2.2036771, 41.4180359 ], [ 2.203521, 41.4181557 ], [ 2.2033958, 41.4182499 ], [ 2.2028089, 41.4186914 ], [ 2.2027772, 41.4187141 ], [ 2.2027311, 41.4187479 ], [ 2.2026604, 41.4188031 ], [ 2.202569, 41.4188737 ], [ 2.2025457, 41.4188911 ], [ 2.2023424, 41.4190423 ], [ 2.2017417, 41.4194941 ], [ 2.2016996, 41.4195258 ], [ 2.2016095, 41.419593 ], [ 2.2015768, 41.4196176 ], [ 2.201531, 41.419652 ], [ 2.2015164, 41.419663 ], [ 2.2014533, 41.4197083 ], [ 2.2013918, 41.4197214 ], [ 2.2013, 41.4197918 ], [ 2.2012781, 41.4198086 ], [ 2.2012166, 41.4198558 ], [ 2.2011551, 41.419903 ], [ 2.2011346, 41.4199187 ], [ 2.2010974, 41.4199472 ], [ 2.2005726, 41.4203497 ], [ 2.2005378, 41.4203764 ], [ 2.2003867, 41.4204923 ], [ 2.2001478, 41.4206027 ], [ 2.2001168, 41.420624 ], [ 2.1999082, 41.4207845 ], [ 2.1998701, 41.4208138 ], [ 2.1997112, 41.4209362 ], [ 2.1996549, 41.4209709 ], [ 2.1993305, 41.4212048 ], [ 2.1991781, 41.4213257 ], [ 2.1991494, 41.4213534 ], [ 2.1990499, 41.4214274 ], [ 2.1990262, 41.4214427 ], [ 2.1989899, 41.4214687 ], [ 2.198889, 41.4215417 ], [ 2.1987931, 41.4216063 ], [ 2.1987633, 41.4216252 ], [ 2.1986907, 41.4216512 ], [ 2.1984626, 41.4217455 ], [ 2.1983979, 41.4217647 ], [ 2.1983517, 41.4217698 ], [ 2.1979126, 41.4218456 ], [ 2.1977441, 41.4218799 ], [ 2.1965013, 41.4221327 ], [ 2.196282, 41.4221773 ], [ 2.1962299, 41.4222068 ], [ 2.1961224, 41.4222675 ], [ 2.1960162, 41.4223324 ], [ 2.1950679, 41.4224192 ] ] ] } },
{ "type": "Feature", "properties": { "neighborhood": "Bellvitge", "admin_level": "10" }, "geometry": { "type": "Polygon", "coordinates": [ [ [ 2.0895215, 41.3413005 ], [ 2.0899675, 41.3418316 ], [ 2.0903616, 41.3423746 ], [ 2.0906358, 41.3427865 ], [ 2.0909447, 41.3432852 ], [ 2.0911812, 41.3437348 ], [ 2.0913946, 41.3441668 ], [ 2.0916053, 41.3446741 ], [ 2.0918976, 41.3454645 ], [ 2.0920905, 41.3462271 ], [ 2.0921931, 41.3468035 ], [ 2.0922517, 41.3472073 ], [ 2.0922927, 41.3476477 ], [ 2.0922995, 41.3480736 ], [ 2.0950518, 41.3496419 ], [ 2.0952857, 41.3497612 ], [ 2.0953651, 41.3496618 ], [ 2.0953952, 41.3496334 ], [ 2.0957951, 41.34906 ], [ 2.0961835, 41.3484825 ], [ 2.0962274, 41.3484124 ], [ 2.096251, 41.3483784 ], [ 2.0962899, 41.3483121 ], [ 2.096308, 41.3482861 ], [ 2.0963683, 41.3481633 ], [ 2.0968286, 41.3474925 ], [ 2.0968731, 41.3474264 ], [ 2.0971083, 41.347085 ], [ 2.097181, 41.3470167 ], [ 2.0972404, 41.3469827 ], [ 2.0973123, 41.3469632 ], [ 2.0973748, 41.3469626 ], [ 2.0974486, 41.3469743 ], [ 2.0975475, 41.3470128 ], [ 2.0981047, 41.3472582 ], [ 2.0993358, 41.3479127 ], [ 2.0994173, 41.3479473 ], [ 2.0994723, 41.3479611 ], [ 2.0996835, 41.3480443 ], [ 2.0997847, 41.3480883 ], [ 2.0998775, 41.3480978 ], [ 2.099901, 41.3481002 ], [ 2.0999591, 41.3481136 ], [ 2.100222, 41.3482495 ], [ 2.1005532, 41.3484307 ], [ 2.1012005, 41.3487752 ], [ 2.1014209, 41.3488969 ], [ 2.1016435, 41.3490237 ], [ 2.1020706, 41.3492828 ], [ 2.1021304, 41.3493217 ], [ 2.10218, 41.3493529 ], [ 2.1022966, 41.3494295 ], [ 2.1025298, 41.3495736 ], [ 2.1026226, 41.3496289 ], [ 2.1026802, 41.3496676 ], [ 2.1028147, 41.3497588 ], [ 2.1029318, 41.3498378 ], [ 2.1030761, 41.3499412 ], [ 2.1031076, 41.3499683 ], [ 2.1039569, 41.3506013 ], [ 2.1041216, 41.3507427 ], [ 2.1041407, 41.3507569 ], [ 2.1041956, 41.3507977 ], [ 2.1042737, 41.3508209 ], [ 2.1042187, 41.3508493 ], [ 2.1041937, 41.3508719 ], [ 2.1041667, 41.3509177 ], [ 2.1041616, 41.3509626 ], [ 2.1041779, 41.3510112 ], [ 2.1042154, 41.3510527 ], [ 2.1042414, 41.3510695 ], [ 2.1043016, 41.3510912 ], [ 2.1043742, 41.3510956 ], [ 2.1044383, 41.3510816 ], [ 2.1044843, 41.3510578 ], [ 2.1045352, 41.3510198 ], [ 2.104586, 41.3510917 ], [ 2.1046205, 41.3511298 ], [ 2.1046463, 41.3511491 ], [ 2.1047001, 41.3511894 ], [ 2.1055014, 41.3517898 ], [ 2.1055635, 41.3518364 ], [ 2.1055658, 41.3518382 ], [ 2.1055944, 41.3518596 ], [ 2.1065897, 41.3526053 ], [ 2.1066182, 41.3526267 ], [ 2.1067346, 41.3527093 ], [ 2.106785, 41.3527291 ], [ 2.1068561, 41.3527626 ], [ 2.106772, 41.3528117 ], [ 2.1067064, 41.3528747 ], [ 2.1066725, 41.3529277 ], [ 2.1066519, 41.3529846 ], [ 2.1066453, 41.3530432 ], [ 2.1066485, 41.3530798 ], [ 2.1066497, 41.3531048 ], [ 2.1066661, 41.353148 ], [ 2.1066801, 41.3531758 ], [ 2.1067241, 41.3532273 ], [ 2.1067487, 41.3532529 ], [ 2.1067982, 41.353288 ], [ 2.1068802, 41.353329 ], [ 2.1069726, 41.3533481 ], [ 2.1070649, 41.3533561 ], [ 2.1071861, 41.3533421 ], [ 2.1072752, 41.353318 ], [ 2.107398, 41.3532565 ], [ 2.1074876, 41.3531385 ], [ 2.1074776, 41.3532244 ], [ 2.107502, 41.3532825 ], [ 2.107569, 41.353336 ], [ 2.1075911, 41.3533537 ], [ 2.107805, 41.3535155 ], [ 2.1083414, 41.3539211 ], [ 2.1085703, 41.3540976 ], [ 2.1087707, 41.3542394 ], [ 2.1089282, 41.3543601 ], [ 2.1092443, 41.3545966 ], [ 2.109438, 41.3547449 ], [ 2.1099941, 41.3551641 ], [ 2.1106144, 41.3556315 ], [ 2.1107395, 41.355731 ], [ 2.1107925, 41.3557731 ], [ 2.1108451, 41.3557729 ], [ 2.1108832, 41.3557833 ], [ 2.1109282, 41.3558062 ], [ 2.1109594, 41.3558395 ], [ 2.1109605, 41.3558426 ], [ 2.1109728, 41.355879 ], [ 2.1109667, 41.3559183 ], [ 2.1110437, 41.3559503 ], [ 2.1111562, 41.3560354 ], [ 2.1114972, 41.3562936 ], [ 2.1123164, 41.3569139 ], [ 2.1128538, 41.3573207 ], [ 2.1129346, 41.357382 ], [ 2.1132233, 41.3576006 ], [ 2.1135015, 41.3578112 ], [ 2.1135586, 41.3578544 ], [ 2.1135843, 41.3578735 ], [ 2.1138242, 41.3580653 ], [ 2.1139882, 41.3581872 ], [ 2.1140376, 41.3582238 ], [ 2.1142351, 41.3583691 ], [ 2.114367, 41.3584537 ], [ 2.1144867, 41.3585387 ], [ 2.1148467, 41.3588018 ], [ 2.1149404, 41.3588842 ], [ 2.1150369, 41.3589891 ], [ 2.115144, 41.3591042 ], [ 2.115281, 41.3592086 ], [ 2.1154844, 41.3593547 ], [ 2.1158491, 41.3595968 ], [ 2.1159688, 41.3596803 ], [ 2.115936, 41.3594809 ], [ 2.1158871, 41.3589826 ], [ 2.1157597, 41.3573114 ], [ 2.1157193, 41.3569351 ], [ 2.1156314, 41.3560314 ], [ 2.1155741, 41.3553626 ], [ 2.1155327, 41.3549952 ], [ 2.11552, 41.3548652 ], [ 2.1153149, 41.3527615 ], [ 2.1150902, 41.3505134 ], [ 2.1149901, 41.3494821 ], [ 2.1148907, 41.3484466 ], [ 2.1148657, 41.3481795 ], [ 2.1148482, 41.3479995 ], [ 2.114822, 41.3477552 ], [ 2.114799, 41.3474956 ], [ 2.1147646, 41.3471536 ], [ 2.1147413, 41.3469387 ], [ 2.114717, 41.3467506 ], [ 2.1146855, 41.346511 ], [ 2.1146602, 41.3463214 ], [ 2.1145978, 41.3458565 ], [ 2.1145595, 41.3455614 ], [ 2.1145334, 41.3453572 ], [ 2.1145103, 41.3451928 ], [ 2.1144545, 41.3447793 ], [ 2.1144283, 41.3445799 ], [ 2.1144078, 41.3443931 ], [ 2.1143769, 41.344125 ], [ 2.1143596, 41.3439168 ], [ 2.1143387, 41.3436946 ], [ 2.1143005, 41.3433194 ], [ 2.1142812, 41.3431156 ], [ 2.1142507, 41.342806 ], [ 2.1142301, 41.3425869 ], [ 2.1142059, 41.3423302 ], [ 2.1141881, 41.3421389 ], [ 2.1141742, 41.341998 ], [ 2.1141584, 41.3418345 ], [ 2.1141031, 41.3414375 ], [ 2.114086, 41.3413342 ], [ 2.1140669, 41.3412309 ], [ 2.1140436, 41.3411214 ], [ 2.1140074, 41.340981 ], [ 2.1139832, 41.340896 ], [ 2.1139514, 41.3407969 ], [ 2.1139275, 41.3407218 ], [ 2.113892, 41.3406269 ], [ 2.1138632, 41.3405513 ], [ 2.1138243, 41.3404583 ], [ 2.113784, 41.3403745 ], [ 2.1137436, 41.340291 ], [ 2.113694, 41.3401889 ], [ 2.1135775, 41.339955 ], [ 2.113233, 41.3395183 ], [ 2.1128523, 41.3391478 ], [ 2.1125118, 41.3388809 ], [ 2.1120499, 41.3385972 ], [ 2.1029193, 41.3353411 ], [ 2.1023932, 41.3351454 ], [ 2.1010709, 41.3358861 ], [ 2.0992844, 41.3370978 ], [ 2.0967111, 41.3385626 ], [ 2.0936482, 41.3400311 ], [ 2.0895215, 41.3413005 ] ] ] } },
{ "type": "Feature", "properties": { "neighborhood": "la Torrassa", "admin_level": "10" }, "geometry": { "type": "Polygon", "coordinates": [ [ [ 2.1165814, 41.3692539 ], [ 2.1166197, 41.3692615 ], [ 2.1166543, 41.3692758 ], [ 2.1166867, 41.3692993 ], [ 2.1167092, 41.3693287 ], [ 2.1167199, 41.3693616 ], [ 2.116718, 41.3693954 ], [ 2.1167037, 41.3694275 ], [ 2.1168069, 41.3694626 ], [ 2.1174314, 41.3698673 ], [ 2.1174846, 41.3698967 ], [ 2.1182953, 41.3704211 ], [ 2.1185188, 41.370564 ], [ 2.1185847, 41.3706165 ], [ 2.1192551, 41.3710638 ], [ 2.1193117, 41.3711029 ], [ 2.1199072, 41.3715146 ], [ 2.1199789, 41.3715642 ], [ 2.120247, 41.371738 ], [ 2.1203409, 41.3717989 ], [ 2.1203996, 41.3718369 ], [ 2.1204715, 41.3718855 ], [ 2.1209061, 41.3721794 ], [ 2.1209723, 41.3722248 ], [ 2.1209864, 41.3722345 ], [ 2.1210608, 41.3722855 ], [ 2.1211372, 41.3723379 ], [ 2.121292, 41.372444 ], [ 2.1216581, 41.3726774 ], [ 2.1219892, 41.3729129 ], [ 2.1220246, 41.3729381 ], [ 2.1221003, 41.3729898 ], [ 2.1226625, 41.3733711 ], [ 2.1227246, 41.3734148 ], [ 2.123202, 41.3737502 ], [ 2.1232463, 41.3737822 ], [ 2.1232622, 41.3737936 ], [ 2.1233065, 41.3738247 ], [ 2.1237737, 41.3741513 ], [ 2.123852, 41.3741898 ], [ 2.1242498, 41.3735552 ], [ 2.1242839, 41.3735331 ], [ 2.1253997, 41.3728934 ], [ 2.1257907, 41.3726604 ], [ 2.1267356, 41.3720104 ], [ 2.1267967, 41.3719716 ], [ 2.1269163, 41.3718956 ], [ 2.1272247, 41.3716809 ], [ 2.1279465, 41.3712681 ], [ 2.1280109, 41.371238 ], [ 2.1284597, 41.3710832 ], [ 2.128537, 41.3710566 ], [ 2.1292141, 41.3707066 ], [ 2.1292587, 41.3706779 ], [ 2.1293396, 41.3706099 ], [ 2.1299803, 41.3700629 ], [ 2.1301484, 41.369949 ], [ 2.1300267, 41.3698675 ], [ 2.1297532, 41.369686 ], [ 2.1293803, 41.3694619 ], [ 2.1290396, 41.3692747 ], [ 2.1288299, 41.3691653 ], [ 2.1285702, 41.3690422 ], [ 2.1283585, 41.3689516 ], [ 2.128125, 41.368858 ], [ 2.127818, 41.3687555 ], [ 2.1266511, 41.3684348 ], [ 2.1254915, 41.3681974 ], [ 2.1249399, 41.3681238 ], [ 2.1243848, 41.3680658 ], [ 2.1231112, 41.368028 ], [ 2.121778, 41.3680414 ], [ 2.1202459, 41.3680953 ], [ 2.1192321, 41.3681216 ], [ 2.1181026, 41.3681236 ], [ 2.1176526, 41.3681006 ], [ 2.1172445, 41.3680608 ], [ 2.1169067, 41.3680267 ], [ 2.1168122, 41.3680133 ], [ 2.1166803, 41.3679944 ], [ 2.1166764, 41.3680566 ], [ 2.1166773, 41.3683031 ], [ 2.1166494, 41.3683325 ], [ 2.1166576, 41.3684757 ], [ 2.1166445, 41.368538 ], [ 2.116635, 41.368592 ], [ 2.116633, 41.3686161 ], [ 2.1166251, 41.3687001 ], [ 2.1165941, 41.3690721 ], [ 2.1165912, 41.3691152 ], [ 2.1165895, 41.3691365 ], [ 2.1165814, 41.3692539 ] ] ] } },
{ "type": "Feature", "properties": { "neighborhood": "Collblanc", "admin_level": "10" }, "geometry": { "type": "Polygon", "coordinates": [ [ [ 2.1094116, 41.374861 ], [ 2.1094599, 41.3758552 ], [ 2.1095539, 41.3758537 ], [ 2.1095536, 41.3759593 ], [ 2.117582, 41.3757813 ], [ 2.1177666, 41.3757714 ], [ 2.121396, 41.3778951 ], [ 2.121638, 41.3774274 ], [ 2.1216526, 41.3760685 ], [ 2.1217958, 41.375702 ], [ 2.1217654, 41.3756783 ], [ 2.1218653, 41.3755898 ], [ 2.1222172, 41.3753532 ], [ 2.123361, 41.3747755 ], [ 2.1237863, 41.3742968 ], [ 2.123852, 41.3741898 ], [ 2.1237737, 41.3741513 ], [ 2.1233065, 41.3738247 ], [ 2.1232622, 41.3737936 ], [ 2.1232463, 41.3737822 ], [ 2.123202, 41.3737502 ], [ 2.1227246, 41.3734148 ], [ 2.1226625, 41.3733711 ], [ 2.1221003, 41.3729898 ], [ 2.1220246, 41.3729381 ], [ 2.1219892, 41.3729129 ], [ 2.1216581, 41.3726774 ], [ 2.121292, 41.372444 ], [ 2.1211372, 41.3723379 ], [ 2.1210608, 41.3722855 ], [ 2.1209864, 41.3722345 ], [ 2.1209723, 41.3722248 ], [ 2.1209061, 41.3721794 ], [ 2.1204715, 41.3718855 ], [ 2.1203996, 41.3718369 ], [ 2.1203409, 41.3717989 ], [ 2.120247, 41.371738 ], [ 2.1199789, 41.3715642 ], [ 2.1199072, 41.3715146 ], [ 2.1193117, 41.3711029 ], [ 2.1192551, 41.3710638 ], [ 2.1185847, 41.3706165 ], [ 2.1185188, 41.370564 ], [ 2.1182953, 41.3704211 ], [ 2.1174846, 41.3698967 ], [ 2.1174314, 41.3698673 ], [ 2.1168069, 41.3694626 ], [ 2.1167037, 41.3694275 ], [ 2.116689, 41.3694455 ], [ 2.1166703, 41.3694613 ], [ 2.1166288, 41.3694826 ], [ 2.1165806, 41.3694933 ], [ 2.1165304, 41.3694922 ], [ 2.116483, 41.3694797 ], [ 2.1164326, 41.3695716 ], [ 2.1164094, 41.3695944 ], [ 2.1163973, 41.3696063 ], [ 2.1162201, 41.3697759 ], [ 2.1159919, 41.3699935 ], [ 2.1159413, 41.3700417 ], [ 2.1158871, 41.3700938 ], [ 2.1156108, 41.3703564 ], [ 2.1154412, 41.3705174 ], [ 2.1154122, 41.3705459 ], [ 2.1153605, 41.3705962 ], [ 2.1150024, 41.3709476 ], [ 2.1149805, 41.3709695 ], [ 2.1149638, 41.3709857 ], [ 2.1145866, 41.3713512 ], [ 2.1142871, 41.3716323 ], [ 2.1142438, 41.3716706 ], [ 2.1142051, 41.3717096 ], [ 2.1138731, 41.3720249 ], [ 2.113787, 41.3721068 ], [ 2.1135597, 41.3723303 ], [ 2.1134044, 41.3724831 ], [ 2.1132675, 41.3726098 ], [ 2.1131714, 41.3726908 ], [ 2.1130955, 41.372758 ], [ 2.1127532, 41.3730839 ], [ 2.1127039, 41.3731344 ], [ 2.1126103, 41.3732246 ], [ 2.1125148, 41.3733174 ], [ 2.1124993, 41.3733324 ], [ 2.1122438, 41.3735755 ], [ 2.1119183, 41.3738893 ], [ 2.111781, 41.3740387 ], [ 2.1117662, 41.3740532 ], [ 2.1116243, 41.3741878 ], [ 2.1115649, 41.3742334 ], [ 2.1114687, 41.3743051 ], [ 2.1113325, 41.3743929 ], [ 2.1112834, 41.3744179 ], [ 2.1111158, 41.3744893 ], [ 2.110995, 41.3745238 ], [ 2.110402, 41.374653 ], [ 2.1103186, 41.3746712 ], [ 2.1101719, 41.3747032 ], [ 2.1099728, 41.3747467 ], [ 2.1099035, 41.3747618 ], [ 2.1094116, 41.374861 ] ] ] } },
{ "type": "Feature", "properties": { "neighborhood": "Santa Eulàlia", "admin_level": "10" }, "geometry": { "type": "Polygon", "coordinates": [ [ [ 2.1159688, 41.3596803 ], [ 2.1159976, 41.3598849 ], [ 2.1163065, 41.3628519 ], [ 2.1165576, 41.3648742 ], [ 2.1165815, 41.3650272 ], [ 2.1166236, 41.3652097 ], [ 2.1166732, 41.3653921 ], [ 2.1167371, 41.3655903 ], [ 2.1168002, 41.3657664 ], [ 2.116886, 41.3659476 ], [ 2.1169659, 41.3660808 ], [ 2.1170854, 41.3662677 ], [ 2.1172326, 41.3664646 ], [ 2.1174046, 41.366645 ], [ 2.1175814, 41.3668174 ], [ 2.1178211, 41.3670134 ], [ 2.1179897, 41.3671278 ], [ 2.1183992, 41.3673644 ], [ 2.1189779, 41.367621 ], [ 2.1194002, 41.3677537 ], [ 2.1197352, 41.3678445 ], [ 2.1201191, 41.36791 ], [ 2.120396, 41.3679475 ], [ 2.1207732, 41.3679927 ], [ 2.121778, 41.3680414 ], [ 2.1231112, 41.368028 ], [ 2.1243848, 41.3680658 ], [ 2.1249399, 41.3681238 ], [ 2.1254915, 41.3681974 ], [ 2.1266511, 41.3684348 ], [ 2.127818, 41.3687555 ], [ 2.128125, 41.368858 ], [ 2.1283585, 41.3689516 ], [ 2.1285702, 41.3690422 ], [ 2.1288299, 41.3691653 ], [ 2.1290396, 41.3692747 ], [ 2.1293803, 41.3694619 ], [ 2.1297532, 41.369686 ], [ 2.1300267, 41.3698675 ], [ 2.1301484, 41.369949 ], [ 2.1302873, 41.3698558 ], [ 2.1306834, 41.369419 ], [ 2.1308754, 41.3691638 ], [ 2.1312053, 41.3686774 ], [ 2.1312686, 41.3685806 ], [ 2.1314272, 41.3683267 ], [ 2.1314939, 41.3682106 ], [ 2.1316488, 41.3678894 ], [ 2.1316979, 41.3677758 ], [ 2.1318672, 41.3672862 ], [ 2.1318853, 41.3672409 ], [ 2.1319749, 41.366954 ], [ 2.1319842, 41.3669243 ], [ 2.1320559, 41.3667529 ], [ 2.1323204, 41.3663633 ], [ 2.1323639, 41.3662962 ], [ 2.1327722, 41.365714 ], [ 2.132896, 41.3655374 ], [ 2.1329784, 41.364365 ], [ 2.1336021, 41.363762 ], [ 2.1337999, 41.3635707 ], [ 2.1330989, 41.3630131 ], [ 2.1322107, 41.3623065 ], [ 2.1315305, 41.3617355 ], [ 2.1308942, 41.361279 ], [ 2.1306573, 41.3610837 ], [ 2.130585, 41.3610291 ], [ 2.1305669, 41.3610158 ], [ 2.1305058, 41.3609699 ], [ 2.1302633, 41.3607889 ], [ 2.1301332, 41.3606912 ], [ 2.1296583, 41.3603337 ], [ 2.1296163, 41.3603022 ], [ 2.1292, 41.3600007 ], [ 2.1289162, 41.3598707 ], [ 2.1286619, 41.3597225 ], [ 2.1286356, 41.3597063 ], [ 2.1282579, 41.3594213 ], [ 2.1281246, 41.3593261 ], [ 2.1278067, 41.3590981 ], [ 2.1277162, 41.3590332 ], [ 2.1276596, 41.3589926 ], [ 2.1276276, 41.3589697 ], [ 2.1275487, 41.358925 ], [ 2.1274533, 41.3588788 ], [ 2.1274997, 41.3588759 ], [ 2.1275415, 41.3588704 ], [ 2.1276061, 41.3588534 ], [ 2.1276576, 41.3588319 ], [ 2.1277155, 41.3587988 ], [ 2.1277667, 41.3587544 ], [ 2.1278049, 41.3587032 ], [ 2.1278285, 41.3586473 ], [ 2.1278389, 41.3585847 ], [ 2.1278332, 41.3585435 ], [ 2.1278181, 41.3585003 ], [ 2.1277551, 41.3584111 ], [ 2.1276551, 41.3583437 ], [ 2.1275771, 41.3583175 ], [ 2.1275001, 41.3583025 ], [ 2.127572, 41.3582535 ], [ 2.1276105, 41.3582251 ], [ 2.1276833, 41.3581634 ], [ 2.1278309, 41.3578961 ], [ 2.1278496, 41.3578648 ], [ 2.1278644, 41.3578412 ], [ 2.1278817, 41.3578135 ], [ 2.1281069, 41.3574465 ], [ 2.1284894, 41.3568231 ], [ 2.1285398, 41.3567432 ], [ 2.1285585, 41.3566607 ], [ 2.1285457, 41.3565981 ], [ 2.1282267, 41.3563645 ], [ 2.1279618, 41.3561706 ], [ 2.1277014, 41.3559873 ], [ 2.1275225, 41.3558535 ], [ 2.1274732, 41.355818 ], [ 2.1269329, 41.3554148 ], [ 2.1268496, 41.3553612 ], [ 2.1267912, 41.3553236 ], [ 2.1265195, 41.3552613 ], [ 2.1264266, 41.3552767 ], [ 2.1263316, 41.3552758 ], [ 2.1262393, 41.3552589 ], [ 2.1261317, 41.3552145 ], [ 2.126046, 41.3551484 ], [ 2.1259897, 41.3550665 ], [ 2.1259677, 41.3549758 ], [ 2.1259819, 41.3548842 ], [ 2.1259442, 41.3547919 ], [ 2.125892, 41.3547314 ], [ 2.1257853, 41.3546615 ], [ 2.1257301, 41.3546254 ], [ 2.1257007, 41.3546067 ], [ 2.1253488, 41.3543828 ], [ 2.125242, 41.3543186 ], [ 2.1245212, 41.3538916 ], [ 2.1240024, 41.3535843 ], [ 2.1232368, 41.3531301 ], [ 2.123024, 41.3530027 ], [ 2.1210301, 41.3517938 ], [ 2.1207823, 41.3516483 ], [ 2.1206143, 41.3515494 ], [ 2.1205844, 41.3515395 ], [ 2.120509, 41.3515144 ], [ 2.1204568, 41.3515154 ], [ 2.120392, 41.3515063 ], [ 2.1203358, 41.3514852 ], [ 2.1203042, 41.351467 ], [ 2.120261, 41.3515032 ], [ 2.1201407, 41.3516098 ], [ 2.119589, 41.3520649 ], [ 2.1195656, 41.3520823 ], [ 2.1193982, 41.3522251 ], [ 2.1192885, 41.352301 ], [ 2.1191842, 41.3523714 ], [ 2.1218345, 41.3543605 ], [ 2.1215402, 41.3548395 ], [ 2.1215499, 41.3548691 ], [ 2.1215568, 41.3548902 ], [ 2.1216037, 41.3550335 ], [ 2.1216342, 41.3551922 ], [ 2.1216336, 41.3552933 ], [ 2.1215994, 41.3553998 ], [ 2.1214695, 41.35562 ], [ 2.1213357, 41.3558179 ], [ 2.1205037, 41.3570707 ], [ 2.1203829, 41.3572105 ], [ 2.1202692, 41.3573852 ], [ 2.1202308, 41.3574431 ], [ 2.1201976, 41.3574925 ], [ 2.1199139, 41.3576564 ], [ 2.1199015, 41.3576688 ], [ 2.1198859, 41.3576912 ], [ 2.119876, 41.3577151 ], [ 2.1198765, 41.3577404 ], [ 2.1198814, 41.3577631 ], [ 2.1198921, 41.3577895 ], [ 2.1199061, 41.3578074 ], [ 2.1199349, 41.3578271 ], [ 2.1199731, 41.3578386 ], [ 2.1199991, 41.357843 ], [ 2.1199849, 41.3578669 ], [ 2.1198706, 41.3580478 ], [ 2.1197032, 41.3582919 ], [ 2.1196462, 41.3583779 ], [ 2.1195098, 41.358576 ], [ 2.119433, 41.3586891 ], [ 2.1194967, 41.3587104 ], [ 2.1195528, 41.3587306 ], [ 2.1213055, 41.3593966 ], [ 2.1214809, 41.3594627 ], [ 2.1213988, 41.3595895 ], [ 2.1213758, 41.3596246 ], [ 2.1209381, 41.3603026 ], [ 2.1208966, 41.3603758 ], [ 2.1207983, 41.3603466 ], [ 2.1203563, 41.3602253 ], [ 2.1199599, 41.3601111 ], [ 2.1190114, 41.3598378 ], [ 2.1188292, 41.3597853 ], [ 2.1188124, 41.3598075 ], [ 2.118782, 41.3598278 ], [ 2.1187439, 41.3598388 ], [ 2.1187034, 41.3598391 ], [ 2.1186667, 41.3598293 ], [ 2.118646, 41.3598562 ], [ 2.1185587, 41.3599696 ], [ 2.1183683, 41.3602035 ], [ 2.118345, 41.3602321 ], [ 2.118107, 41.3605243 ], [ 2.1180845, 41.3605541 ], [ 2.1179554, 41.3607288 ], [ 2.1179372, 41.3607537 ], [ 2.117816, 41.360885 ], [ 2.1176512, 41.3607749 ], [ 2.1176143, 41.3607503 ], [ 2.1175085, 41.3606797 ], [ 2.1174992, 41.360674 ], [ 2.1174639, 41.360651 ], [ 2.1167318, 41.3601754 ], [ 2.116168, 41.3598092 ], [ 2.1159688, 41.3596803 ] ] ] } },
{ "type": "Feature", "properties": { "neighborhood": "Granvia Sud", "admin_level": "10" }, "geometry": { "type": "Polygon", "coordinates": [ [ [ 2.1120499, 41.3385972 ], [ 2.1125118, 41.3388809 ], [ 2.1128523, 41.3391478 ], [ 2.113233, 41.3395183 ], [ 2.1135775, 41.339955 ], [ 2.113694, 41.3401889 ], [ 2.1137436, 41.340291 ], [ 2.113784, 41.3403745 ], [ 2.1138243, 41.3404583 ], [ 2.1138632, 41.3405513 ], [ 2.113892, 41.3406269 ], [ 2.1139275, 41.3407218 ], [ 2.1139514, 41.3407969 ], [ 2.1139832, 41.340896 ], [ 2.1140074, 41.340981 ], [ 2.1140436, 41.3411214 ], [ 2.1140669, 41.3412309 ], [ 2.114086, 41.3413342 ], [ 2.1141031, 41.3414375 ], [ 2.1141584, 41.3418345 ], [ 2.1141742, 41.341998 ], [ 2.1141881, 41.3421389 ], [ 2.1142059, 41.3423302 ], [ 2.1142301, 41.3425869 ], [ 2.1142507, 41.342806 ], [ 2.1142812, 41.3431156 ], [ 2.1143005, 41.3433194 ], [ 2.1143387, 41.3436946 ], [ 2.1143596, 41.3439168 ], [ 2.1143769, 41.344125 ], [ 2.1144078, 41.3443931 ], [ 2.1144283, 41.3445799 ], [ 2.1144545, 41.3447793 ], [ 2.1145103, 41.3451928 ], [ 2.1145334, 41.3453572 ], [ 2.1145595, 41.3455614 ], [ 2.1145978, 41.3458565 ], [ 2.1146602, 41.3463214 ], [ 2.1146855, 41.346511 ], [ 2.114717, 41.3467506 ], [ 2.1147413, 41.3469387 ], [ 2.1147646, 41.3471536 ], [ 2.114799, 41.3474956 ], [ 2.114822, 41.3477552 ], [ 2.1148482, 41.3479995 ], [ 2.1148657, 41.3481795 ], [ 2.1148907, 41.3484466 ], [ 2.1149901, 41.3494821 ], [ 2.1155722, 41.3499244 ], [ 2.1162726, 41.3504437 ], [ 2.1166767, 41.3507269 ], [ 2.1174421, 41.3511846 ], [ 2.1182548, 41.3516813 ], [ 2.1191842, 41.3523714 ], [ 2.1192885, 41.352301 ], [ 2.1193982, 41.3522251 ], [ 2.1195656, 41.3520823 ], [ 2.119589, 41.3520649 ], [ 2.1201407, 41.3516098 ], [ 2.120261, 41.3515032 ], [ 2.1203042, 41.351467 ], [ 2.1203358, 41.3514852 ], [ 2.120392, 41.3515063 ], [ 2.1204568, 41.3515154 ], [ 2.120509, 41.3515144 ], [ 2.1205844, 41.3515395 ], [ 2.1206143, 41.3515494 ], [ 2.1207823, 41.3516483 ], [ 2.1210301, 41.3517938 ], [ 2.123024, 41.3530027 ], [ 2.1232368, 41.3531301 ], [ 2.1240024, 41.3535843 ], [ 2.1245212, 41.3538916 ], [ 2.125242, 41.3543186 ], [ 2.1253488, 41.3543828 ], [ 2.1257007, 41.3546067 ], [ 2.1257301, 41.3546254 ], [ 2.1257853, 41.3546615 ], [ 2.125892, 41.3547314 ], [ 2.1259442, 41.3547919 ], [ 2.1259819, 41.3548842 ], [ 2.1259677, 41.3549758 ], [ 2.1259897, 41.3550665 ], [ 2.126046, 41.3551484 ], [ 2.1261317, 41.3552145 ], [ 2.1262393, 41.3552589 ], [ 2.1263316, 41.3552758 ], [ 2.1264266, 41.3552767 ], [ 2.1265195, 41.3552613 ], [ 2.1267912, 41.3553236 ], [ 2.1268496, 41.3553612 ], [ 2.1269329, 41.3554148 ], [ 2.1274732, 41.355818 ], [ 2.1275225, 41.3558535 ], [ 2.1277014, 41.3559873 ], [ 2.1279618, 41.3561706 ], [ 2.1282267, 41.3563645 ], [ 2.1285457, 41.3565981 ], [ 2.1285585, 41.3566607 ], [ 2.1285398, 41.3567432 ], [ 2.1284894, 41.3568231 ], [ 2.1281069, 41.3574465 ], [ 2.1278817, 41.3578135 ], [ 2.1278644, 41.3578412 ], [ 2.1278496, 41.3578648 ], [ 2.1278309, 41.3578961 ], [ 2.1276833, 41.3581634 ], [ 2.1276105, 41.3582251 ], [ 2.127572, 41.3582535 ], [ 2.1275001, 41.3583025 ], [ 2.1275771, 41.3583175 ], [ 2.1276551, 41.3583437 ], [ 2.1277551, 41.3584111 ], [ 2.1278181, 41.3585003 ], [ 2.1278332, 41.3585435 ], [ 2.1278389, 41.3585847 ], [ 2.1278285, 41.3586473 ], [ 2.1278049, 41.3587032 ], [ 2.1277667, 41.3587544 ], [ 2.1277155, 41.3587988 ], [ 2.1276576, 41.3588319 ], [ 2.1276061, 41.3588534 ], [ 2.1275415, 41.3588704 ], [ 2.1274997, 41.3588759 ], [ 2.1274533, 41.3588788 ], [ 2.1275487, 41.358925 ], [ 2.1276276, 41.3589697 ], [ 2.1276596, 41.3589926 ], [ 2.1277162, 41.3590332 ], [ 2.1278067, 41.3590981 ], [ 2.1281246, 41.3593261 ], [ 2.1282579, 41.3594213 ], [ 2.1286356, 41.3597063 ], [ 2.1286619, 41.3597225 ], [ 2.1289162, 41.3598707 ], [ 2.1292, 41.3600007 ], [ 2.1296163, 41.3603022 ], [ 2.1296583, 41.3603337 ], [ 2.1301332, 41.3606912 ], [ 2.1302633, 41.3607889 ], [ 2.1305058, 41.3609699 ], [ 2.1305669, 41.3610158 ], [ 2.130585, 41.3610291 ], [ 2.1306573, 41.3610837 ], [ 2.1308942, 41.361279 ], [ 2.1315305, 41.3617355 ], [ 2.1322107, 41.3623065 ], [ 2.1330989, 41.3630131 ], [ 2.1337999, 41.3635707 ], [ 2.1351242, 41.3625694 ], [ 2.1353016, 41.3622661 ], [ 2.1347862, 41.3612286 ], [ 2.1345117, 41.3609771 ], [ 2.1339548, 41.3606045 ], [ 2.1335089, 41.3601335 ], [ 2.1335041, 41.3600408 ], [ 2.1333635, 41.3599482 ], [ 2.1332963, 41.3596768 ], [ 2.133201, 41.3586476 ], [ 2.1332156, 41.3578001 ], [ 2.1331473, 41.3572532 ], [ 2.1330177, 41.3563307 ], [ 2.1327317, 41.3558849 ], [ 2.1325486, 41.3557937 ], [ 2.1320003, 41.3555787 ], [ 2.1339658, 41.3532007 ], [ 2.1374024, 41.3488503 ], [ 2.1368394, 41.348325 ], [ 2.1389866, 41.3467726 ], [ 2.1307468, 41.344179 ], [ 2.1179226, 41.3406943 ], [ 2.1120499, 41.3385972 ] ] ] } },
{ "type": "Feature", "properties": { "neighborhood": "Pubilla Cases", "admin_level": "10" }, "geometry": { "type": "Polygon", "coordinates": [ [ [ 2.0991823, 41.3686629 ], [ 2.0986632, 41.3701407 ], [ 2.0994321, 41.3712393 ], [ 2.1003467, 41.3725889 ], [ 2.1012008, 41.3738885 ], [ 2.1011862, 41.3742786 ], [ 2.1011572, 41.3745407 ], [ 2.1001304, 41.3761725 ], [ 2.1000578, 41.3762878 ], [ 2.1002099, 41.3764825 ], [ 2.1002769, 41.3765112 ], [ 2.1003011, 41.3765927 ], [ 2.1003306, 41.3766289 ], [ 2.1003856, 41.3767442 ], [ 2.1004915, 41.3768931 ], [ 2.1007624, 41.3770964 ], [ 2.1008255, 41.3772192 ], [ 2.1008724, 41.3772705 ], [ 2.1009395, 41.3774566 ], [ 2.1009522, 41.3774682 ], [ 2.1009609, 41.3774612 ], [ 2.1010394, 41.377516 ], [ 2.1011598, 41.3775051 ], [ 2.1011907, 41.3775264 ], [ 2.1012522, 41.3775241 ], [ 2.1014248, 41.3776257 ], [ 2.1021301, 41.3775816 ], [ 2.1021164, 41.3776336 ], [ 2.1025593, 41.3776779 ], [ 2.1029278, 41.3780581 ], [ 2.1017731, 41.3789009 ], [ 2.1016295, 41.3792698 ], [ 2.1015113, 41.3794091 ], [ 2.1016108, 41.3797286 ], [ 2.1021252, 41.3799859 ], [ 2.1024985, 41.3801717 ], [ 2.1028258, 41.380279 ], [ 2.1030283, 41.3802905 ], [ 2.1031775, 41.3802909 ], [ 2.1033545, 41.3802627 ], [ 2.1035153, 41.3802219 ], [ 2.1036577, 41.3801761 ], [ 2.1037956, 41.3801133 ], [ 2.1039853, 41.3799955 ], [ 2.1043655, 41.3797197 ], [ 2.1047601, 41.3794305 ], [ 2.1050741, 41.3794477 ], [ 2.1055452, 41.3794543 ], [ 2.1056615, 41.3794463 ], [ 2.1057262, 41.3794188 ], [ 2.105792, 41.3793576 ], [ 2.1058513, 41.3792756 ], [ 2.1059941, 41.3791603 ], [ 2.1060431, 41.3791086 ], [ 2.106192, 41.379097 ], [ 2.1062739, 41.3789687 ], [ 2.1063859, 41.3788923 ], [ 2.106512, 41.3788352 ], [ 2.1066411, 41.3788793 ], [ 2.1068555, 41.3788154 ], [ 2.1069227, 41.3787637 ], [ 2.1071133, 41.3785443 ], [ 2.1074155, 41.3784368 ], [ 2.1075432, 41.3783924 ], [ 2.1077359, 41.3783252 ], [ 2.1077447, 41.3782004 ], [ 2.1077767, 41.3781581 ], [ 2.1078903, 41.3781183 ], [ 2.1081215, 41.3780644 ], [ 2.10943, 41.3768277 ], [ 2.1095536, 41.3759593 ], [ 2.1095539, 41.3758537 ], [ 2.1094599, 41.3758552 ], [ 2.1094116, 41.374861 ], [ 2.108867, 41.3746385 ], [ 2.1078277, 41.374124 ], [ 2.1072948, 41.3738432 ], [ 2.1068615, 41.3736052 ], [ 2.1064421, 41.3733489 ], [ 2.1064089, 41.3733273 ], [ 2.1062516, 41.3732094 ], [ 2.1060941, 41.373082 ], [ 2.1057821, 41.3726949 ], [ 2.1050753, 41.3718702 ], [ 2.1045765, 41.3712886 ], [ 2.1033578, 41.3698675 ], [ 2.1032955, 41.3697786 ], [ 2.1032547, 41.3696935 ], [ 2.1032179, 41.3695923 ], [ 2.1031995, 41.3694896 ], [ 2.1031985, 41.3693946 ], [ 2.1032575, 41.3691058 ], [ 2.0991823, 41.3686629 ] ] ] } },
{ "type": "Feature", "properties": { "neighborhood": "Riu Sud", "admin_level": "10" }, "geometry": { "type": "Polygon", "coordinates": [ [ [ 2.2013718, 41.4490244 ], [ 2.2028069, 41.4495243 ], [ 2.2028408, 41.4495361 ], [ 2.2028781, 41.4495478 ], [ 2.2029563, 41.4495724 ], [ 2.2032424, 41.4496686 ], [ 2.2033438, 41.4496978 ], [ 2.2037956, 41.4498536 ], [ 2.2041108, 41.4499649 ], [ 2.2045164, 41.4501057 ], [ 2.2048613, 41.4502239 ], [ 2.2049144, 41.4502421 ], [ 2.2050242, 41.4502819 ], [ 2.2051693, 41.4503371 ], [ 2.2057685, 41.4505471 ], [ 2.2060849, 41.4506565 ], [ 2.2062669, 41.4507212 ], [ 2.206398, 41.4507758 ], [ 2.2065159, 41.4508157 ], [ 2.2066834, 41.4508721 ], [ 2.2067747, 41.4509066 ], [ 2.2068222, 41.4509162 ], [ 2.2068582, 41.4509232 ], [ 2.2070581, 41.4509466 ], [ 2.2072509, 41.4509664 ], [ 2.2075027, 41.4509932 ], [ 2.2079675, 41.4510398 ], [ 2.2080442, 41.4510472 ], [ 2.2080552, 41.4510246 ], [ 2.2080953, 41.4509568 ], [ 2.2083269, 41.4505537 ], [ 2.2083818, 41.4504545 ], [ 2.2091203, 41.4492063 ], [ 2.2091441, 41.4491649 ], [ 2.2091606, 41.4491344 ], [ 2.2095018, 41.4485524 ], [ 2.209543, 41.448481 ], [ 2.209644, 41.4483157 ], [ 2.2098306, 41.4479954 ], [ 2.209868, 41.4479317 ], [ 2.2098915, 41.4478897 ], [ 2.2099404, 41.4479046 ], [ 2.2103681, 41.4480348 ], [ 2.2104562, 41.4480673 ], [ 2.2104698, 41.4479928 ], [ 2.2105094, 41.4477814 ], [ 2.2107307, 41.4473206 ], [ 2.210734, 41.4472788 ], [ 2.2107937, 41.4468987 ], [ 2.2107954, 41.4468822 ], [ 2.2108021, 41.4468439 ], [ 2.2108196, 41.4467667 ], [ 2.210886, 41.4464742 ], [ 2.2109377, 41.4461738 ], [ 2.210949, 41.4460966 ], [ 2.2109543, 41.4460489 ], [ 2.2109611, 41.4459917 ], [ 2.2109968, 41.4458401 ], [ 2.2110308, 41.4457102 ], [ 2.2110415, 41.4455896 ], [ 2.2110236, 41.44545 ], [ 2.2109343, 41.4453001 ], [ 2.2108484, 41.4452076 ], [ 2.210714, 41.4450133 ], [ 2.2105478, 41.4448359 ], [ 2.2105181, 41.4447995 ], [ 2.2103948, 41.4447363 ], [ 2.2101322, 41.4444776 ], [ 2.2087321, 41.4438754 ], [ 2.2082788, 41.4437613 ], [ 2.2066279, 41.4435618 ], [ 2.2064078, 41.4434992 ], [ 2.2045136, 41.4457589 ], [ 2.2033902, 41.4469278 ], [ 2.2013922, 41.4490036 ], [ 2.2013718, 41.4490244 ] ] ] } },
{ "type": "Feature", "properties": { "neighborhood": "Riu Nord", "admin_level": "10" }, "geometry": { "type": "Polygon", "coordinates": [ [ [ 2.199382, 41.4508877 ], [ 2.20078, 41.4520716 ], [ 2.200909, 41.4519697 ], [ 2.2009425, 41.4519159 ], [ 2.2010252, 41.4519854 ], [ 2.2010818, 41.4520194 ], [ 2.2014843, 41.4522969 ], [ 2.2018496, 41.4525528 ], [ 2.2019919, 41.4526514 ], [ 2.2024032, 41.4529365 ], [ 2.2030603, 41.4533523 ], [ 2.2033699, 41.4535264 ], [ 2.2047678, 41.4543302 ], [ 2.2048892, 41.4544097 ], [ 2.2050079, 41.4544847 ], [ 2.205103, 41.4545448 ], [ 2.2051881, 41.4545962 ], [ 2.206255, 41.4553187 ], [ 2.2063278, 41.4553653 ], [ 2.2063808, 41.4552505 ], [ 2.2064842, 41.4550053 ], [ 2.2065211, 41.4548454 ], [ 2.2064794, 41.4545526 ], [ 2.2064448, 41.4544096 ], [ 2.2064351, 41.4543813 ], [ 2.2064281, 41.4543483 ], [ 2.2063951, 41.4541733 ], [ 2.2063768, 41.4540933 ], [ 2.2067175, 41.4538869 ], [ 2.2067147, 41.4538796 ], [ 2.2066901, 41.4538552 ], [ 2.2064767, 41.4537001 ], [ 2.2065738, 41.4536121 ], [ 2.206804, 41.4533007 ], [ 2.2072758, 41.4523842 ], [ 2.207306, 41.4523288 ], [ 2.2075664, 41.4518307 ], [ 2.2076985, 41.451612 ], [ 2.2079703, 41.4511704 ], [ 2.2080226, 41.4510853 ], [ 2.2080442, 41.4510472 ], [ 2.2079675, 41.4510398 ], [ 2.2075027, 41.4509932 ], [ 2.2072509, 41.4509664 ], [ 2.2070581, 41.4509466 ], [ 2.2068582, 41.4509232 ], [ 2.2068222, 41.4509162 ], [ 2.2067747, 41.4509066 ], [ 2.2066834, 41.4508721 ], [ 2.2065159, 41.4508157 ], [ 2.206398, 41.4507758 ], [ 2.2062669, 41.4507212 ], [ 2.2060849, 41.4506565 ], [ 2.2057685, 41.4505471 ], [ 2.2051693, 41.4503371 ], [ 2.2050242, 41.4502819 ], [ 2.2049144, 41.4502421 ], [ 2.2048613, 41.4502239 ], [ 2.2045164, 41.4501057 ], [ 2.2041108, 41.4499649 ], [ 2.2037956, 41.4498536 ], [ 2.2033438, 41.4496978 ], [ 2.2032424, 41.4496686 ], [ 2.2029563, 41.4495724 ], [ 2.2028781, 41.4495478 ], [ 2.2028408, 41.4495361 ], [ 2.2028069, 41.4495243 ], [ 2.2013718, 41.4490244 ], [ 2.201349, 41.4490485 ], [ 2.2009129, 41.4495054 ], [ 2.199382, 41.4508877 ] ] ] } },
{ "type": "Feature", "properties": { "neighborhood": "Singuerlin", "admin_level": "10" }, "geometry": { "type": "Polygon", "coordinates": [ [ [ 2.1972287, 41.4526858 ], [ 2.198565, 41.4537144 ], [ 2.1988966, 41.4554604 ], [ 2.1988428, 41.4563108 ], [ 2.1988698, 41.4564501 ], [ 2.1987474, 41.4568944 ], [ 2.1986673, 41.4568944 ], [ 2.198633, 41.4573315 ], [ 2.1986062, 41.4575754 ], [ 2.1985478, 41.4575498 ], [ 2.1985031, 41.4575287 ], [ 2.1984598, 41.4575076 ], [ 2.1984161, 41.4574864 ], [ 2.1983817, 41.4574696 ], [ 2.1983138, 41.4574365 ], [ 2.1981199, 41.4573893 ], [ 2.197992, 41.457553 ], [ 2.1979609, 41.4575927 ], [ 2.1979889, 41.4576093 ], [ 2.198651, 41.4580012 ], [ 2.1987663, 41.4580707 ], [ 2.1988235, 41.4581216 ], [ 2.1991976, 41.4582075 ], [ 2.1992641, 41.4582258 ], [ 2.1994136, 41.4582597 ], [ 2.1994704, 41.4582722 ], [ 2.199525, 41.4582843 ], [ 2.199518, 41.4583305 ], [ 2.1995133, 41.45838 ], [ 2.1991093, 41.4586509 ], [ 2.198938, 41.4588587 ], [ 2.1989174, 41.4588838 ], [ 2.1989002, 41.4589047 ], [ 2.1990662, 41.4589937 ], [ 2.1992613, 41.4590892 ], [ 2.1994258, 41.4591435 ], [ 2.199603, 41.4591644 ], [ 2.1996316, 41.4591677 ], [ 2.1998584, 41.4591737 ], [ 2.1999603, 41.4591989 ], [ 2.2000053, 41.4592246 ], [ 2.2000463, 41.459248 ], [ 2.2000126, 41.4593134 ], [ 2.1995381, 41.4602343 ], [ 2.1994683, 41.4602329 ], [ 2.1994041, 41.4602316 ], [ 2.1993162, 41.4602839 ], [ 2.1992344, 41.4603452 ], [ 2.1991511, 41.4604545 ], [ 2.1990202, 41.4608738 ], [ 2.1989536, 41.4610827 ], [ 2.198891, 41.4611512 ], [ 2.1987924, 41.4612043 ], [ 2.198651, 41.4612497 ], [ 2.1985139, 41.4612684 ], [ 2.1985716, 41.461377 ], [ 2.1986893, 41.4614925 ], [ 2.1988701, 41.4615754 ], [ 2.1989753, 41.461595 ], [ 2.1990922, 41.4615633 ], [ 2.1991854, 41.4614802 ], [ 2.1992411, 41.4614175 ], [ 2.1993123, 41.4612713 ], [ 2.199347, 41.4612145 ], [ 2.1994674, 41.4611703 ], [ 2.1995348, 41.4611542 ], [ 2.1996134, 41.4611388 ], [ 2.199689, 41.4611452 ], [ 2.1997494, 41.461167 ], [ 2.1998714, 41.4612316 ], [ 2.1998837, 41.4612399 ], [ 2.200017, 41.4613282 ], [ 2.2001007, 41.4613944 ], [ 2.2001628, 41.4614656 ], [ 2.2002371, 41.4615813 ], [ 2.2003138, 41.4616988 ], [ 2.2004353, 41.4618608 ], [ 2.2005665, 41.4620644 ], [ 2.200688, 41.4622841 ], [ 2.2007189, 41.462369 ], [ 2.2007162, 41.4625092 ], [ 2.2007728, 41.4625966 ], [ 2.2008418, 41.4626473 ], [ 2.2009314, 41.462713 ], [ 2.2009819, 41.462719 ], [ 2.2010644, 41.4626994 ], [ 2.201354, 41.4625904 ], [ 2.2014436, 41.4625544 ], [ 2.2014116, 41.4624989 ], [ 2.2010187, 41.461788 ], [ 2.2009645, 41.4616637 ], [ 2.2010175, 41.4616458 ], [ 2.201377, 41.4615247 ], [ 2.2022948, 41.4612146 ], [ 2.2023579, 41.4611703 ], [ 2.2024034, 41.4611371 ], [ 2.202432, 41.461091 ], [ 2.2024299, 41.4609974 ], [ 2.2024067, 41.4608686 ], [ 2.2023947, 41.4607861 ], [ 2.2023679, 41.4606286 ], [ 2.2023542, 41.4605513 ], [ 2.2024574, 41.4605602 ], [ 2.2025276, 41.4605562 ], [ 2.2028246, 41.4605327 ], [ 2.203308, 41.4605051 ], [ 2.2033531, 41.4605007 ], [ 2.2033913, 41.4604861 ], [ 2.2034749, 41.4604819 ], [ 2.2040568, 41.4604704 ], [ 2.2043657, 41.4604705 ], [ 2.2044544, 41.4604515 ], [ 2.2044926, 41.4604433 ], [ 2.2051044, 41.4603031 ], [ 2.2051831, 41.460287 ], [ 2.2052654, 41.4602702 ], [ 2.2053763, 41.4602454 ], [ 2.2054809, 41.4602218 ], [ 2.2057114, 41.4601647 ], [ 2.2059698, 41.4600939 ], [ 2.2061773, 41.4600296 ], [ 2.2063462, 41.4599441 ], [ 2.2063967, 41.4599208 ], [ 2.2065458, 41.4598104 ], [ 2.2066923, 41.4596999 ], [ 2.2068062, 41.4596316 ], [ 2.2069404, 41.459524 ], [ 2.2070067, 41.45947 ], [ 2.2070688, 41.4594171 ], [ 2.2072441, 41.4592718 ], [ 2.2073533, 41.459191 ], [ 2.2073849, 41.4591376 ], [ 2.2080407, 41.4580338 ], [ 2.2080627, 41.4579958 ], [ 2.2080923, 41.4579492 ], [ 2.2081244, 41.4578898 ], [ 2.2081401, 41.4578351 ], [ 2.2081392, 41.4577653 ], [ 2.2081294, 41.4576561 ], [ 2.2081536, 41.4575827 ], [ 2.2081632, 41.4575632 ], [ 2.2081775, 41.457534 ], [ 2.2082061, 41.4574837 ], [ 2.2082497, 41.4573954 ], [ 2.2083138, 41.4572941 ], [ 2.2083793, 41.4571976 ], [ 2.2084058, 41.4571585 ], [ 2.2085125, 41.4570653 ], [ 2.2084283, 41.4570028 ], [ 2.207731, 41.4564375 ], [ 2.2075987, 41.4563376 ], [ 2.2065567, 41.4555391 ], [ 2.2064106, 41.4554303 ], [ 2.2063278, 41.4553653 ], [ 2.206255, 41.4553187 ], [ 2.2051881, 41.4545962 ], [ 2.205103, 41.4545448 ], [ 2.2050079, 41.4544847 ], [ 2.2048892, 41.4544097 ], [ 2.2047678, 41.4543302 ], [ 2.2033699, 41.4535264 ], [ 2.2030603, 41.4533523 ], [ 2.2024032, 41.4529365 ], [ 2.2019919, 41.4526514 ], [ 2.2018496, 41.4525528 ], [ 2.2014843, 41.4522969 ], [ 2.2010818, 41.4520194 ], [ 2.2010252, 41.4519854 ], [ 2.2009425, 41.4519159 ], [ 2.200909, 41.4519697 ], [ 2.20078, 41.4520716 ], [ 2.199382, 41.4508877 ], [ 2.1980784, 41.4520647 ], [ 2.1972287, 41.4526858 ] ] ] } },
{ "type": "Feature", "properties": { "neighborhood": "les Oliveres", "admin_level": "10" }, "geometry": { "type": "Polygon", "coordinates": [ [ [ 2.1869945, 41.4674574 ], [ 2.1874206, 41.4679963 ], [ 2.1887829, 41.4702438 ], [ 2.1890368, 41.4706961 ], [ 2.1896224, 41.4705346 ], [ 2.1902214, 41.4703904 ], [ 2.1911341, 41.4711236 ], [ 2.1919331, 41.4714383 ], [ 2.1926328, 41.4715057 ], [ 2.1928501, 41.4718289 ], [ 2.1935876, 41.4722187 ], [ 2.194491, 41.4724389 ], [ 2.1958781, 41.472421 ], [ 2.1985139, 41.4612684 ], [ 2.198651, 41.4612497 ], [ 2.1987924, 41.4612043 ], [ 2.198891, 41.4611512 ], [ 2.1989536, 41.4610827 ], [ 2.1990202, 41.4608738 ], [ 2.1991511, 41.4604545 ], [ 2.1992344, 41.4603452 ], [ 2.1993162, 41.4602839 ], [ 2.1994041, 41.4602316 ], [ 2.1994683, 41.4602329 ], [ 2.1995381, 41.4602343 ], [ 2.2000126, 41.4593134 ], [ 2.2000463, 41.459248 ], [ 2.2000053, 41.4592246 ], [ 2.1999603, 41.4591989 ], [ 2.1998584, 41.4591737 ], [ 2.1996316, 41.4591677 ], [ 2.199603, 41.4591644 ], [ 2.1994258, 41.4591435 ], [ 2.1992613, 41.4590892 ], [ 2.1990662, 41.4589937 ], [ 2.1989002, 41.4589047 ], [ 2.1989174, 41.4588838 ], [ 2.198938, 41.4588587 ], [ 2.1991093, 41.4586509 ], [ 2.1995133, 41.45838 ], [ 2.199518, 41.4583305 ], [ 2.199525, 41.4582843 ], [ 2.1994704, 41.4582722 ], [ 2.1994136, 41.4582597 ], [ 2.1992641, 41.4582258 ], [ 2.1991976, 41.4582075 ], [ 2.1988235, 41.4581216 ], [ 2.1987663, 41.4580707 ], [ 2.198651, 41.4580012 ], [ 2.1979889, 41.4576093 ], [ 2.1979609, 41.4575927 ], [ 2.197992, 41.457553 ], [ 2.1981199, 41.4573893 ], [ 2.1983138, 41.4574365 ], [ 2.1983817, 41.4574696 ], [ 2.1984161, 41.4574864 ], [ 2.1984598, 41.4575076 ], [ 2.1985031, 41.4575287 ], [ 2.1985478, 41.4575498 ], [ 2.1986062, 41.4575754 ], [ 2.198633, 41.4573315 ], [ 2.1986673, 41.4568944 ], [ 2.1987474, 41.4568944 ], [ 2.1988698, 41.4564501 ], [ 2.1988428, 41.4563108 ], [ 2.1988966, 41.4554604 ], [ 2.198565, 41.4537144 ], [ 2.1972287, 41.4526858 ], [ 2.1905147, 41.4575929 ], [ 2.1884979, 41.4596108 ], [ 2.1878961, 41.4609165 ], [ 2.1876363, 41.4617481 ], [ 2.1875748, 41.4619449 ], [ 2.1875053, 41.4621675 ], [ 2.1869945, 41.4674574 ] ] ] } },
{ "type": "Feature", "properties": { "neighborhood": "Raval", "admin_level": "10" }, "geometry": { "type": "Polygon", "coordinates": [ [ [ 2.2064078, 41.4434992 ], [ 2.2066279, 41.4435618 ], [ 2.2082788, 41.4437613 ], [ 2.2087321, 41.4438754 ], [ 2.2101322, 41.4444776 ], [ 2.2103948, 41.4447363 ], [ 2.2105181, 41.4447995 ], [ 2.2105478, 41.4448359 ], [ 2.210714, 41.4450133 ], [ 2.2108301, 41.4449596 ], [ 2.2109485, 41.4449084 ], [ 2.2110633, 41.4448056 ], [ 2.2114581, 41.4443933 ], [ 2.2115276, 41.4443207 ], [ 2.2116262, 41.4443762 ], [ 2.2121247, 41.4446782 ], [ 2.2122005, 41.4447222 ], [ 2.212492, 41.4449091 ], [ 2.2125958, 41.4449491 ], [ 2.2127661, 41.4450114 ], [ 2.2131686, 41.4451207 ], [ 2.2138289, 41.4451282 ], [ 2.2139827, 41.44513 ], [ 2.2139387, 41.4448371 ], [ 2.2139312, 41.4447869 ], [ 2.2140626, 41.4447811 ], [ 2.2152815, 41.4447274 ], [ 2.2154268, 41.444721 ], [ 2.2158909, 41.4437076 ], [ 2.2169288, 41.4437095 ], [ 2.2162925, 41.4431447 ], [ 2.2159299, 41.4428171 ], [ 2.2154092, 41.4423467 ], [ 2.2146408, 41.4416322 ], [ 2.2144512, 41.4415682 ], [ 2.2144924, 41.4414402 ], [ 2.2133291, 41.4399211 ], [ 2.2133227, 41.4398636 ], [ 2.2133256, 41.4397242 ], [ 2.2133366, 41.4396391 ], [ 2.213395, 41.4394002 ], [ 2.2136889, 41.4386324 ], [ 2.2135506, 41.4383144 ], [ 2.2135469, 41.437986 ], [ 2.2135149, 41.4379134 ], [ 2.2134275, 41.4377688 ], [ 2.2132209, 41.4376227 ], [ 2.2132026, 41.4375806 ], [ 2.2132265, 41.4374482 ], [ 2.2131482, 41.4372406 ], [ 2.2131491, 41.4371872 ], [ 2.2132214, 41.4371149 ], [ 2.2132408, 41.437086 ], [ 2.2132308, 41.4370191 ], [ 2.2131814, 41.4369511 ], [ 2.2131479, 41.4369261 ], [ 2.2130952, 41.4369054 ], [ 2.2131114, 41.4368053 ], [ 2.213033, 41.4368048 ], [ 2.2127641, 41.4367907 ], [ 2.2121485, 41.4367636 ], [ 2.2115088, 41.4367148 ], [ 2.2112929, 41.4366947 ], [ 2.2111836, 41.4366786 ], [ 2.210914, 41.4366369 ], [ 2.2106686, 41.4365786 ], [ 2.2104554, 41.4365273 ], [ 2.2102328, 41.4364459 ], [ 2.2099364, 41.4363353 ], [ 2.2097057, 41.4362207 ], [ 2.2094951, 41.4361099 ], [ 2.20934, 41.436861 ], [ 2.2087896, 41.4386506 ], [ 2.2085312, 41.4399047 ], [ 2.207519, 41.4419043 ], [ 2.2064554, 41.4434424 ], [ 2.2064078, 41.4434992 ] ] ] } },
{ "type": "Feature", "properties": { "neighborhood": "Safaretjos", "admin_level": "10" }, "geometry": { "type": "Polygon", "coordinates": [ [ [ 2.2094951, 41.4361099 ], [ 2.2097057, 41.4362207 ], [ 2.2099364, 41.4363353 ], [ 2.2102328, 41.4364459 ], [ 2.2104554, 41.4365273 ], [ 2.2106686, 41.4365786 ], [ 2.210914, 41.4366369 ], [ 2.2111836, 41.4366786 ], [ 2.2112929, 41.4366947 ], [ 2.2115088, 41.4367148 ], [ 2.2121485, 41.4367636 ], [ 2.2127641, 41.4367907 ], [ 2.213033, 41.4368048 ], [ 2.2131114, 41.4368053 ], [ 2.2131265, 41.4367349 ], [ 2.2131641, 41.4366933 ], [ 2.2132243, 41.4366623 ], [ 2.2132609, 41.4366243 ], [ 2.2132918, 41.4365992 ], [ 2.2133552, 41.4365666 ], [ 2.2134261, 41.4365375 ], [ 2.2134552, 41.4365146 ], [ 2.2138137, 41.4360254 ], [ 2.214045, 41.435638 ], [ 2.2146227, 41.4349426 ], [ 2.2145663, 41.4348795 ], [ 2.2145089, 41.4348552 ], [ 2.214304, 41.4346982 ], [ 2.2139443, 41.4345033 ], [ 2.2136201, 41.4343917 ], [ 2.2135771, 41.4343977 ], [ 2.2135676, 41.4344111 ], [ 2.2132921, 41.434278 ], [ 2.2132382, 41.43437 ], [ 2.2129056, 41.4342817 ], [ 2.2128239, 41.4343997 ], [ 2.2127546, 41.4343988 ], [ 2.2121617, 41.4341634 ], [ 2.2120496, 41.4341185 ], [ 2.2111181, 41.433841 ], [ 2.2105604, 41.4336748 ], [ 2.2095296, 41.4359431 ], [ 2.2094951, 41.4361099 ] ] ] } }
]
}
