Location_Cluster_ID,Merged_Record_Count,Main_Type,id_final,Location,Address,Latitude,Longitude,Capacity_Sum,Zip_Code,ID,Company,Type,Infrastructure,Type Infrastructure,City,Company_raw,Type_raw,Infrastructure_raw,Type Infrastructure_raw,City_raw,Location_raw,Address_raw,Zip Code_raw,Import_Source,Import_Classification,Data_Quality_Flag,Record_Service_Type_Code,Record_Service_Type_Name,Type_Group_Code,Cluster_Record_Count,Cluster_Company_Count,Has_Locker,Has_PUDO,Has_Click_Collect,Has_Distribution_Center,Has_Last_Mile_Station,Has_Warehouse,Has_Convenience_Store,Has_Unknown,Cluster_Service_Type_Code,Cluster_Service_Type_Name,Cluster_Sharing_Type_Code,Cluster_Sharing_Type_Name,Cluster_Diameter_m,Cluster_Spatial_Confidence_Code,Cluster_Spatial_Confidence_Name,Cluster_Companies,Cluster_Review_Required
VAL_LOC_000013,2,PUDO,13,Milar Gran Via,"Gran Vía de Fernando el Católico, 3",39.469506177909025,-0.3846484034033351,240,46008.0,13 + 818,InPost + Mail Boxes Etc,Convenience Stores + Lsp Pudos,Privada,Premises,Valencia,InPost + Mail Boxes ETC,Convenience stores + LSP PUDOs,Private,Premises,Valencia,Milar Gran Via + Mail Boxes Etc. 0285,"Gran Vía de Fernando el Católico, 3 + Gran Vía de Fernando el Católico, 3",46008.0 + 46008.0,,,,7 + 2,Convenience Store + PUDO,1,2,2,False,True,False,False,False,False,True,False,7,Multiple services,4,"Multiple companies, multiple services",9.2,1,High,InPost | Mail Boxes Etc + InPost | Mail Boxes Etc,False
VAL_LOC_000014,5,PUDO,14,Naturalworld,"Carrer de Roteros, 2",39.47915177851796,-0.3763166011184274,600,46003.0,14 + 459 + 523 + 599 + 866,InPost + Dhl + Celeritas + Ctt Express + UPS,Convenience Stores,Privada,Premises,Valencia + Valecia,InPost + DHL + Celeritas + CTT Express + UPS,Convenience stores,Private,Premises,Valencia + Valecia,Naturalworld + Naturalworld + Naturalworld + Naturalworld + Naturalworld,"Carrer de Roteros, 2 + Pl. de los Fueros, 1 + Pl. de los Fueros, 1 + Pl. de los Fueros, 1 + Pl. de los Fueros, 1",46003.0 + 46003.0 + 46003.0 + 46003.0 + 46003.0,,,,7 + 7 + 7 + 7 + 7,Convenience Store + Convenience Store + Convenience Store + Convenience Store + Convenience Store,1,5,5,False,False,False,False,False,False,True,False,5,Convenience Store only,3,"Multiple companies, single service",25.15,2,Medium,Celeritas | Ctt Express | Dhl | InPost | UPS + Celeritas | Ctt Express | Dhl | InPost | UPS + Celeritas | Ctt Express | Dhl | InPost | UPS + Celeritas | Ctt Express | Dhl | InPost | UPS + Celeritas | Ctt Express | Dhl | InPost | UPS,False
VAL_LOC_000017,3,PUDO,17,Firdos Movil,"C. de Martín el Humano, 30",39.46976090886281,-0.390239529905619,360,46008.0,17 + 183 + 363,InPost + Amazon + SEUR,Convenience Stores,Privada,Premises,Valencia,InPost + Amazon + Seur,Convenience stores,Private,Premises,Valencia,Firdos Movil + Firdos Movil + Firdos Movil,"C. de Martín el Humano, 30 + C. de Martín el Humano, 30 + C. de Martín el Humano, 30",46008.0 + 46008.0 + 46008.0,,,,7 + 7 + 7,Convenience Store + Convenience Store + Convenience Store,1,3,3,False,False,False,False,False,False,True,False,5,Convenience Store only,3,"Multiple companies, single service",23.34,2,Medium,Amazon | InPost | SEUR + Amazon | InPost | SEUR + Amazon | InPost | SEUR,False
VAL_LOC_000020,4,PUDO,20,Bazar 28 De Septiembre,"C/ Guillem de Castro, 69",39.471419800924856,-0.38399199759730823,480,46008.0,20 + 519 + 639 + 845,InPost + Celeritas + Ctt Express + Nacex,Convenience Stores,Privada,Premises,Valencia + Valecia,InPost + Celeritas + CTT Express + Nacex,Convenience stores,Private,Premises,Valencia + Valecia,Bazar 28 De Septiembre + Bazar 28 De Septiembre + Bazar 28 De Septiembre + Bazar 28 De Septiembre (4604-61),"C/ Guillem de Castro, 69 + C/ Guillem de Castro, 69 + C/ Guillem de Castro, 69 + C/ Guillem de Castro, 69",46008.0 + 46008.0 + 46008.0 + 46008.0,,,,7 + 7 + 7 + 7,Convenience Store + Convenience Store + Convenience Store + Convenience Store,1,4,4,False,False,False,False,False,False,True,False,5,Convenience Store only,3,"Multiple companies, single service",19.7,2,Medium,Celeritas | Ctt Express | InPost | Nacex + Celeritas | Ctt Express | InPost | Nacex + Celeritas | Ctt Express | InPost | Nacex + Celeritas | Ctt Express | InPost | Nacex,False
VAL_LOC_000021,3,PUDO,21,Estanco Maria,"C/ de la Democracia, 50",39.473788772834475,-0.4004164781510347,360,46018.0,21 + 258 + 920,InPost + Amazon + UPS,Convenience Stores,Privada,Premises,Valencia,InPost + Amazon + UPS,Convenience stores,Private,Premises,Valencia,Estanco Maria + Estanco Valencia 63 + Estanco 63,"C/ de la Democracia, 50 + C/ de la Democracia, 50 + C/ de la Democracia, 50",46018.0 + 46018.0 + 46018.0,,,,7 + 7 + 7,Convenience Store + Convenience Store + Convenience Store,1,3,3,False,False,False,False,False,False,True,False,5,Convenience Store only,3,"Multiple companies, single service",19.7,2,Medium,Amazon | InPost | UPS + Amazon | InPost | UPS + Amazon | InPost | UPS,False
VAL_LOC_000022,3,PUDO,22,Eurollibreria,"C. Manolo Taberner, 38",39.47133502476721,-0.39815530835416885,360,46018.0,22 + 566 + 702,InPost + Celeritas + Ctt Express,Convenience Stores,Privada,Kiosk + Premises,Valencia + Valecia,InPost + Celeritas + CTT Express,Convenience stores,Private,Kiosk + Premises,Valencia + Valecia,Eurollibreria + Eurollibreria + Eurollibreria,"C. Manolo Taberner, 38 + C. Manolo Taberner, 38 + C. Manolo Taberner, 38",46018.0 + 46018.0 + 46018.0,,,,7 + 7 + 7,Convenience Store + Convenience Store + Convenience Store,1,3,3,False,False,False,False,False,False,True,False,5,Convenience Store only,3,"Multiple companies, single service",19.17,2,Medium,Celeritas | Ctt Express | InPost + Celeritas | Ctt Express | InPost + Celeritas | Ctt Express | InPost,False
VAL_LOC_000025,4,PUDO,25,Suico Papeleria Librería,"C. Brasil, 12",39.471265414665254,-0.395747009531191,480,46018.0,25 + 260 + 374 + 703,InPost + Amazon + SEUR + Ctt Express,Convenience Stores,Privada,Premises,Valencia + Valecia,InPost + Amazon + Seur + CTT Express,Convenience stores,Private,Premises,Valencia + Valecia,Suico Papeleria Librería + Seur - Papeleria Suico + Papeleria Suico + Suico,"C. Brasil, 12 + C. Brasil, 12 + C. Brasil, 12 + C. Brasil, 12",46018.0 + 46018.0 + 46018.0 + 46018.0,,,,7 + 7 + 7 + 7,Convenience Store + Convenience Store + Convenience Store + Convenience Store,1,4,4,False,False,False,False,False,False,True,False,5,Convenience Store only,3,"Multiple companies, single service",11.18,1,High,Amazon | Ctt Express | InPost | SEUR + Amazon | Ctt Express | InPost | SEUR + Amazon | Ctt Express | InPost | SEUR + Amazon | Ctt Express | InPost | SEUR,False
VAL_LOC_000026,2,PUDO,26,Miss Buye,"C. Buen Orden, 12",39.466910867209236,-0.38661374267146453,240,46008.0,26 + 364,InPost + SEUR,Convenience Stores,Privada,Premises,Valencia,InPost + Seur,Convenience stores,Private,Premises,Valencia,Miss Buye + Miss Buye,"C. Buen Orden, 12 + C. Buen Orden, 12",46008.0 + 46008.0,,,,7 + 7,Convenience Store + Convenience Store,1,2,2,False,False,False,False,False,False,True,False,5,Convenience Store only,3,"Multiple companies, single service",6.82,1,High,InPost | SEUR + InPost | SEUR,False
VAL_LOC_000029,3,PUDO,29,Tintoreria La Bruixeta,C/ de la Vall de la Ballestera,39.47923998392475,-0.400233445968482,300,46015.0,29 + 30 + 62,InPost + InPost + InPost,Convenience Stores + Locker,Privada,Premises + Service Station,Valencia,InPost + InPost + InPost,Convenience stores + Lockers,Private,Premises + Service Station,Valencia,Tintoreria La Bruixeta + Loteria Marcos Y Fotografias + 24/7 Lion Energy,C/ de la Vall de la Ballestera + C/ de la Vall de la Ballestera + C/ de la Vall de la Ballestera,46015.0 + 46015.0 + 46035.0,,,,7 + 7 + 1,Convenience Store + Convenience Store + Locker,1,3,1,True,False,False,False,False,False,True,False,7,Multiple services,2,"Same company, multiple records",19.93,2,Medium,InPost + InPost + InPost,False
VAL_LOC_000036,3,PUDO,37,Uno Electro,"C. de Honorato Juan, 2",39.464392933346524,-0.38622553435729995,360,46007.0,37 + 174 + 632,InPost + Amazon + Ctt Express,Convenience Stores,Privada,Premises,Valencia + Valecia,InPost + Amazon + CTT Express,Convenience stores,Private,Premises,Valencia + Valecia,Uno Electro + Uno Electro + Uno Electro,"C. de Honorato Juan, 2 + Calle HONORATO JUAN, 2 + C. de Honorato Juan, 2",46007.0 + 46007.0 + 46007.0,,,,7 + 7 + 7,Convenience Store + Convenience Store + Convenience Store,1,3,3,False,False,False,False,False,False,True,False,5,Convenience Store only,3,"Multiple companies, single service",10.08,1,High,Amazon | Ctt Express | InPost + Amazon | Ctt Express | InPost + Amazon | Ctt Express | InPost,False
VAL_LOC_000037,5,PUDO,38,Passatems I Oci,"C/ de Jesús, 94",39.46208666761457,-0.3873803027622066,600,46007.0,38 + 166 + 538 + 627 + 879,InPost + Amazon + Celeritas + Ctt Express + UPS,Convenience Stores,Privada,Premises,Valencia + Valecia,InPost + Amazon + Celeritas + CTT Express + UPS,Convenience stores,Private,Premises,Valencia + Valecia,Passatems I Oci + Loterias Passatemps I Oci + Passatemps I Oci. Loterias + Passatemps I Oci. Loterias + Fnx-Loterias Passatemps I Oci,"C/ de Jesús, 94 + C/ de Jesús, 94 + C/ de Jesús, 94 + C/ de Jesús, 94 + C/ de Jesús, 94",46007.0 + 46007.0 + 46007.0 + 46007.0 + 46007.0,,,,7 + 7 + 7 + 7 + 7,Convenience Store + Convenience Store + Convenience Store + Convenience Store + Convenience Store,1,5,5,False,False,False,False,False,False,True,False,5,Convenience Store only,3,"Multiple companies, single service",14.31,1,High,Amazon | Celeritas | Ctt Express | InPost | UPS + Amazon | Celeritas | Ctt Express | InPost | UPS + Amazon | Celeritas | Ctt Express | InPost | UPS + Amazon | Celeritas | Ctt Express | InPost | UPS + Amazon | Celeritas | Ctt Express | InPost | UPS,False
VAL_LOC_000038,2,PUDO,39,Mercamundo,Av. del Dr. Peset Aleixandre,39.49055236170719,-0.38173319067035283,180,46025.0,39 + 68,InPost + InPost,Convenience Stores + Locker,Privada,Premises + Kiosk,Valencia,InPost + InPost,Convenience stores + Lockers,Private,Premises + Kiosk,Valencia,Mercamundo + Kiosco Loterial Peset,Av. del Dr. Peset Aleixandre + Av. del Dr. Peset Aleixandre,46025.0 + 46025.0,,,,7 + 1,Convenience Store + Locker,1,2,1,True,False,False,False,False,False,True,False,7,Multiple services,2,"Same company, multiple records",17.14,2,Medium,InPost + InPost,False
VAL_LOC_000043,4,PUDO,44,Loterias Vimas,"C. Alboraya, 48",39.48478452791935,-0.36909008638091545,480,46010.0,44 + 546 + 656 + 892,InPost + Celeritas + Ctt Express + UPS,Convenience Stores,Privada,Premises,Valencia + Valecia,InPost + Celeritas + CTT Express + UPS,Convenience stores,Private,Premises,Valencia + Valecia,Loterias Vimas + Loterias Vimas + Loterias Vimas + Fnx-Loterias Vimas,"C. Alboraya, 48 + C. Alboraya, 48 + C. Alboraya, 48 + C. Alboraya, 48",46010.0 + 46010.0 + 46010.0 + 46010.0,,,,7 + 7 + 7 + 7,Convenience Store + Convenience Store + Convenience Store + Convenience Store,1,4,4,False,False,False,False,False,False,True,False,5,Convenience Store only,3,"Multiple companies, single service",27.68,2,Medium,Celeritas | Ctt Express | InPost | UPS + Celeritas | Ctt Express | InPost | UPS + Celeritas | Ctt Express | InPost | UPS + Celeritas | Ctt Express | InPost | UPS,False
VAL_LOC_000044,3,PUDO,45,Tentaciones,"Av. Tamarindos, 33",39.47887718942045,-0.40244679555520096,360,46015.0,45 + 477 + 907,InPost + Dhl + UPS,Convenience Stores,Privada,Premises,Valencia + Valecia,InPost + DHL + UPS,Convenience stores,Private,Premises,Valencia + Valecia,Tentaciones + Tentaciones + Fnx-Tentaciones,"Av. Tamarindos, 33 + Av. Tamarindos, 33 + Av. Tamarindos, 33",46015.0 + 46015.0 + 46015.0,,,,7 + 7 + 7,Convenience Store + Convenience Store + Convenience Store,1,3,3,False,False,False,False,False,False,True,False,5,Convenience Store only,3,"Multiple companies, single service",11.38,1,High,Dhl | InPost | UPS + Dhl | InPost | UPS + Dhl | InPost | UPS,False
VAL_LOC_000045,4,PUDO,46,Eco Estore Patraix,"Calle Maestro Bellver, 24",39.4656229650743,-0.391802203618816,480,46018.0,46 + 569 + 699 + 848,InPost + Celeritas + Ctt Express + Nacex,Convenience Stores,Privada,Premises,Valencia + Valecia,InPost + Celeritas + CTT Express + Nacex,Convenience stores,Private,Premises,Valencia + Valecia,Eco Estore Patraix + Eco Store + Eco Store + Eco Store (4604-48),"Calle Maestro Bellver, 24 + Calle Maestro Bellver, 24 + Calle Maestro Bellver, 24 + Calle Maestro Bellver, 24",46018.0 + 46018.0 + 46018.0 + 46018.0,,,,7 + 7 + 7 + 7,Convenience Store + Convenience Store + Convenience Store + Convenience Store,1,4,4,False,False,False,False,False,False,True,False,5,Convenience Store only,3,"Multiple companies, single service",16.33,2,Medium,Celeritas | Ctt Express | InPost | Nacex + Celeritas | Ctt Express | InPost | Nacex + Celeritas | Ctt Express | InPost | Nacex + Celeritas | Ctt Express | InPost | Nacex,False
VAL_LOC_000046,3,PUDO,47,Jd Market,"Carrer de Burgos, 3",39.46950037734553,-0.3996324470997499,360,46018.0,47 + 567 + 698,InPost + Celeritas + Ctt Express,Convenience Stores,Privada,Premises,Valencia + Valecia,InPost + Celeritas + CTT Express,Convenience stores,Private,Premises,Valencia + Valecia,Jd Market + Jd Market + Jd Market,"Carrer de Burgos, 3 + Carrer de Burgos, 3 + Carrer de Burgos, 3",46018.0 + 46018.0 + 46018.0,,,,7 + 7 + 7,Convenience Store + Convenience Store + Convenience Store,1,3,3,False,False,False,False,False,False,True,False,5,Convenience Store only,3,"Multiple companies, single service",3.48,1,High,Celeritas | Ctt Express | InPost + Celeritas | Ctt Express | InPost + Celeritas | Ctt Express | InPost,False
VAL_LOC_000049,2,PUDO,50,Papeleria Mapamundi,"Av. de la Constitución, 136",39.49013755325412,-0.37529575948617755,240,46009.0,50 + 474,InPost + Dhl,Convenience Stores,Privada,Premises,Valencia + Valecia,InPost + DHL,Convenience stores,Private,Premises,Valencia + Valecia,Papeleria Mapamundi + Papeleria Mapamundi,"Av. de la Constitución, 136 + Av. de la Constitución, 136",46009.0 + 46009.0,,,,7 + 7,Convenience Store + Convenience Store,1,2,2,False,False,False,False,False,False,True,False,5,Convenience Store only,3,"Multiple companies, single service",2.91,1,High,Dhl | InPost + Dhl | InPost,False
VAL_LOC_000051,5,PUDO,52,Kiosco Acme,"C/ del Padre Urbano, 37",39.48922937521793,-0.3721708842536594,600,46009.0,52 + 542 + 648 + 783 + 835,InPost + Celeritas + Ctt Express + Gls + Nacex,Convenience Stores,Privada,Kiosk,Valencia + Valecia,InPost + Celeritas + CTT Express + GLS + Nacex,Convenience stores,Private,Kiosk,Valencia + Valecia,Kiosco Acme + Kiosco Acme + Kiosco Acme + Ps Kiosco Acme + Kiosco Acme (4601-44),"C/ del Padre Urbano, 37 + C/ del Padre Urbano, 37 + C/ del Padre Urbano, 37 + C/ del Padre Urbano, 37 + C/ del Padre Urbano, 37",46009.0 + 46009.0 + 46009.0 + 46009.0 + 46009.0,,,,7 + 7 + 7 + 7 + 7,Convenience Store + Convenience Store + Convenience Store + Convenience Store + Convenience Store,1,5,5,False,False,False,False,False,False,True,False,5,Convenience Store only,3,"Multiple companies, single service",27.73,2,Medium,Celeritas | Ctt Express | Gls | InPost | Nacex + Celeritas | Ctt Express | Gls | InPost | Nacex + Celeritas | Ctt Express | Gls | InPost | Nacex + Celeritas | Ctt Express | Gls | InPost | Nacex + Celeritas | Ctt Express | Gls | InPost | Nacex,False
VAL_LOC_000053,2,PUDO,54,Fruteria Internacional,"Av. de Gaspar Aguilar, 13",39.45881058884622,-0.3887932287052047,240,46007.0,54 + 171,InPost + Amazon,Convenience Stores,Privada,Premises,Valencia,InPost + Amazon,Convenience stores,Private,Premises,Valencia,Fruteria Internacional + Frutería Internacional,"Av. de Gaspar Aguilar, 13 + Av. de Gaspar Aguilar, 13",46007.0 + 46007.0,,,,7 + 7,Convenience Store + Convenience Store,1,2,2,False,False,False,False,False,False,True,False,5,Convenience Store only,3,"Multiple companies, single service",17.36,2,Medium,Amazon | InPost + Amazon | InPost,False
VAL_LOC_000054,2,PUDO,55,Perfumarte Juan Xxiii,"Av. de Juan XXIII, 4",39.49094320169422,-0.38195988771781575,240,46025.0,55 + 406,InPost + SEUR,Convenience Stores,Privada,Premises,Valencia,InPost + Seur,Convenience stores,Private,Premises,Valencia,Perfumarte Juan Xxiii + Evc Juan Xxiii,"Av. de Juan XXIII, 4 + Av. de Juan XXIII, 4",46025.0 + 46025.0,,,,7 + 7,Convenience Store + Convenience Store,1,2,2,False,False,False,False,False,False,True,False,5,Convenience Store only,3,"Multiple companies, single service",24.05,2,Medium,InPost | SEUR + InPost | SEUR,False
VAL_LOC_000055,4,PUDO,56,Mioptico Campanar,"Av. de Manuel de Falla, 13",39.47722598903701,-0.40515241010049596,420,46015.0,56 + 426 + 908 + 959,InPost + SEUR + UPS + Pudo,Convenience Stores + Locker + Click&Collect,Privada,Premises + Mall,Valencia,InPost + Seur + UPS + PUDO,Convenience stores + Lockers + Click&Collect,Private,Premises + Mall,Valencia,Mioptico Campanar + Seur Lockers C.C. Carrefou + CC Carr Campanar + C.C. Carrefour Campanar,"Av. de Manuel de Falla, 13 + Av. de Manuel de Falla, 13 + Av. de Manuel de Falla, 13 + Av. de Manuel de Falla, 13",46015.0 + 46015.0 + 46015.0 + 46015.0,,,,7 + 1 + 7 + 3,Convenience Store + Locker + Convenience Store + Click & Collect,1,4,4,True,False,True,False,False,False,True,False,7,Multiple services,4,"Multiple companies, multiple services",26.31,2,Medium,InPost | Pudo | SEUR | UPS + InPost | Pudo | SEUR | UPS + InPost | Pudo | SEUR | UPS + InPost | Pudo | SEUR | UPS,False
VAL_LOC_000057,2,PUDO,58,La Presencia Magica,"C. del Mar, 11",39.474351782352606,-0.37472617197883684,240,46003.0,58 + 600,InPost + Ctt Express,Convenience Stores,Privada,Premises,Valencia + Valecia,InPost + CTT Express,Convenience stores,Private,Premises,Valencia + Valecia,La Presencia Magica + La Presencia Magica,"C. del Mar, 11 + C. del Mar, 11",46003.0 + 46003.0,,,,7 + 7,Convenience Store + Convenience Store,1,2,2,False,False,False,False,False,False,True,False,5,Convenience Store only,3,"Multiple companies, single service",13.05,1,High,Ctt Express | InPost + Ctt Express | InPost,False
VAL_LOC_000058,2,PUDO,59,Ilusionarte,Carrer de Fontanars dels Alforins,39.46028266536554,-0.39415905710536336,240,46018.0,59 + 72,InPost + InPost,Convenience Stores,Privada,Premises,Valencia,InPost + InPost,Convenience stores,Private,Premises,Valencia,Ilusionarte + Perfumarte,Carrer de Fontanars dels Alforins + Carrer de Fontanars dels Alforins,46018.0 + 46014.0,,,,7 + 7,Convenience Store + Convenience Store,1,2,1,False,False,False,False,False,False,True,False,5,Convenience Store only,2,"Same company, multiple records",10.32,1,High,InPost + InPost,False
VAL_LOC_000060,2,PUDO,61,Prink Primado Reig,"Av. Primado Reig, 54",39.487040208367574,-0.3669943437971901,240,46010.0,61 + 402,InPost + SEUR,Convenience Stores,Privada,Premises,Valencia,InPost + Seur,Convenience stores,Private,Premises,Valencia,Prink Primado Reig + Prink Iriparo,"Av. Primado Reig, 54 + Av. Primado Reig, 54",46010.0 + 46010.0,,,,7 + 7,Convenience Store + Convenience Store,1,2,2,False,False,False,False,False,False,True,False,5,Convenience Store only,3,"Multiple companies, single service",11.65,1,High,InPost | SEUR + InPost | SEUR,False
VAL_LOC_000065,3,PUDO,67,24/7 Galp Valencia Prima,"Av. Primado Reig, 10",39.49058748633797,-0.3720707193192085,300,46009.0,67 + 410 + 971,InPost + SEUR + Pudo,Convenience Stores + Locker + Click&Collect,Privada,Service Station,Valencia,InPost + Seur + PUDO,Convenience stores + Lockers + Click&Collect,Private,Service Station,Valencia,24/7 Galp Valencia Prima + Seur Lockers E.S. Galp Pri + E.S. Galp Primado Reig,"Av. Primado Reig, 10 + AVD/PRIMADO REIG, Nº10 + Av. Primado Reig, 10",46009.0 + 46009.0 + 46009.0,,,,7 + 1 + 3,Convenience Store + Locker + Click & Collect,1,3,3,True,False,True,False,False,False,True,False,7,Multiple services,4,"Multiple companies, multiple services",12.31,1,High,InPost | Pudo | SEUR + InPost | Pudo | SEUR + InPost | Pudo | SEUR,False
VAL_LOC_000073,5,PUDO,77,Ibertinta Valencia,"Av. de Peris y Valero, 85",39.45899575747238,-0.37202730243788834,600,46006.0,77 + 159 + 409 + 776 + 874,InPost + Amazon + SEUR + Gls + UPS,Convenience Stores,Privada,Premises,Valencia,InPost + Amazon + Seur + GLS + UPS,Convenience stores,Private,Premises,Valencia,Ibertinta Valencia + Seur - Ibertinta Valencia + Ibertinta Valencia + Ps Ibertinta Valencia + Ibertinta,"Av. de Peris y Valero, 85 + PERIS Y VALERO 85 + Av. de Peris y Valero, 85 + Av. de Peris y Valero, 85 + Av. de Peris y Valero, 85",46006.0 + 46006.0 + 46006.0 + 46006.0 + 46006.0,,,,7 + 7 + 7 + 7 + 7,Convenience Store + Convenience Store + Convenience Store + Convenience Store + Convenience Store,1,5,5,False,False,False,False,False,False,True,False,5,Convenience Store only,3,"Multiple companies, single service",23.74,2,Medium,Amazon | Gls | InPost | SEUR | UPS + Amazon | Gls | InPost | SEUR | UPS + Amazon | Gls | InPost | SEUR | UPS + Amazon | Gls | InPost | SEUR | UPS + Amazon | Gls | InPost | SEUR | UPS,False
VAL_LOC_000077,2,PUDO,81,Ferreteria Insa Valencia,"Calle de Matías Perelló, 8",39.46095095743507,-0.3689256083313728,240,46005.0,81 + 774,InPost + Gls,Convenience Stores,Privada,Premises,Valencia,InPost + GLS,Convenience stores,Private,Premises,Valencia,Ferreteria Insa Valencia + Ps Ferreteria Insa Valencia,"Calle de Matías Perelló, 8 + Calle de Matías Perelló, 8",46005.0 + 46005.0,,,,7 + 7,Convenience Store + Convenience Store,1,2,2,False,False,False,False,False,False,True,False,5,Convenience Store only,3,"Multiple companies, single service",18.65,2,Medium,Gls | InPost + Gls | InPost,False
VAL_LOC_000083,6,PUDO,87,Estanco Joaquin Costa,"C. Joaquín Costa, 44",39.46460380960883,-0.36624830253612867,720,46005.0,87 + 147 + 525 + 529 + 611 + 870,InPost + Amazon + Celeritas + Celeritas + Ctt Express + UPS,Convenience Stores,Privada,Premises,Valencia + Valecia,InPost + Amazon + Celeritas + Celeritas + CTT Express + UPS,Convenience stores,Private,Premises,Valencia + Valecia,Estanco Joaquin Costa + Estanco Joaquin Costa 44 + Estanco Prensa C/ Joaquin Costa 44 + Estanco Prensa C/ Joaquin Costa 44 + Estanco Prensa C/ Joaquin Costa 44 + Fnx-Estanco Joaquin Costa 44,"C. Joaquín Costa, 44 + C. Joaquín Costa, 44 + C. Joaquín Costa, 44 + C. Joaquín Costa, 44 + C. Joaquín Costa, 44 + C. Joaquín Costa, 44",46005.0 + 46005.0 + 46005.0 + 46005.0 + 46005.0 + 46005.0,,,,7 + 7 + 7 + 7 + 7 + 7,Convenience Store + Convenience Store + Convenience Store + Convenience Store + Convenience Store + Convenience Store,1,6,5,False,False,False,False,False,False,True,False,5,Convenience Store only,3,"Multiple companies, single service",20.7,2,Medium,Amazon | Celeritas | Ctt Express | InPost | UPS + Amazon | Celeritas | Ctt Express | InPost | UPS + Amazon | Celeritas | Ctt Express | InPost | UPS + Amazon | Celeritas | Ctt Express | InPost | UPS + Amazon | Celeritas | Ctt Express | InPost | UPS + Amazon | Celeritas | Ctt Express | InPost | UPS,False
VAL_LOC_000084,2,PUDO,88,Estanco Amadeo Saboya,"C. de Amadeo de Saboya, 24",39.47305570427204,-0.35945838257285523,240,46010.0,88 + 403,InPost + SEUR,Convenience Stores,Privada,Premises,Valencia,InPost + Seur,Convenience stores,Private,Premises,Valencia,Estanco Amadeo Saboya + Estanco Amadeo De Saboya,"C. de Amadeo de Saboya, 24 + C. de Amadeo de Saboya, 24",46010.0 + 46010.0,,,,7 + 7,Convenience Store + Convenience Store,1,2,2,False,False,False,False,False,False,True,False,5,Convenience Store only,3,"Multiple companies, single service",17.48,2,Medium,InPost | SEUR + InPost | SEUR,False
VAL_LOC_000087,4,PUDO,91,Kiosco Mestalla,"C. Micer Mascó, 19",39.475705026401315,-0.36205767167047165,480,46010.0,91 + 203 + 852 + 890,InPost + Amazon + Nacex + UPS,Convenience Stores,Privada,Kiosk + Premises,Valencia,InPost + Amazon + Nacex + UPS,Convenience stores,Private,Kiosk + Premises,Valencia,Kiosco Mestalla + Kioscomestalla + Kioscomestalla (4601-43) + Fnx-Kiosko Mestalla,"C. Micer Mascó, 19 + C. Micer Mascó, 19 + C. Micer Mascó, 19 + C. Micer Mascó, 19",46010.0 + 46010.0 + 46010.0 + 46010.0,,,,7 + 7 + 7 + 7,Convenience Store + Convenience Store + Convenience Store + Convenience Store,1,4,4,False,False,False,False,False,False,True,False,5,Convenience Store only,3,"Multiple companies, single service",25.62,2,Medium,Amazon | InPost | Nacex | UPS + Amazon | InPost | Nacex | UPS + Amazon | InPost | Nacex | UPS + Amazon | InPost | Nacex | UPS,False
VAL_LOC_000088,2,PUDO,92,Taller De Marcos,"C. Ramón Asensio, 5",39.482341238891735,-0.35876542754998914,240,46020.0,92 + 284,InPost + Amazon,Convenience Stores,Privada,Premises,Valencia,InPost + Amazon,Convenience stores,Private,Premises,Valencia,Taller De Marcos + Eva Taller De Marcos,"C. Ramón Asensio, 5 + C. Ramón Asensio, 5",46020.0 + 46020.0,,,,7 + 7,Convenience Store + Convenience Store,1,2,2,False,False,False,False,False,False,True,False,5,Convenience Store only,3,"Multiple companies, single service",2.91,1,High,Amazon | InPost + Amazon | InPost,False
VAL_LOC_000095,3,PUDO,99,Correos Valencia Suc 5. La SaãDia,"Av. de la Constitución, 111",39.49048499543196,-0.3754391090143861,240,46009.0,99 + 200 + 201,Correos + Amazon + Amazon,Locker + Convenience Stores,Pública,Public Facility,Valencia,Correos + Amazon + Amazon,Lockers + Convenience stores,Public,Public facility,Valencia,Correos Valencia Suc 5. La SaãDia + Citypaq Lockerss-Correos València Suc 5. La Saïdia + Correos - València Suc 5. La Saïdia,"Av. de la Constitución, 111 + Av. de la Constitución, 111 + Av. de la Constitución, 111",46009.0 + 46009.0 + 46009.0,,,,1 + 1 + 7,Locker + Locker + Convenience Store,1,3,2,True,False,False,False,False,False,True,False,7,Multiple services,4,"Multiple companies, multiple services",21.53,2,Medium,Amazon | Correos + Amazon | Correos + Amazon | Correos,False
VAL_LOC_000100,4,PUDO,104,Correos Valencia Suc 13. Algirã’s,"C. del Poeta Mas y Ros, 20",39.47102596559543,-0.34978710547625813,360,46021.0,104 + 106 + 301 + 302,Correos + Correos + Amazon + Amazon,Lsp Pudos + Locker + Convenience Stores,Pública,Public Facility,Valencia,Correos + Correos + Amazon + Amazon,LSP PUDOs + Lockers + Convenience stores,Public,Public facility,Valencia,Correos Valencia Suc 13. Algirã’s + Correos Valencia Suc 13. Algirã’s + Citypaq Lockerss-Correos València Suc 13. Algiròs + Correos - València Suc 13. Algiròs,"C. del Poeta Mas y Ros, 20 + C. del Poeta Mas y Ros, 20 + C. del Poeta Mas y Ros, 20 + C. del Poeta Mas y Ros, 21",46021.0 + 46021.0 + 46021.0 + 46021.0,,,,2 + 1 + 1 + 7,PUDO + Locker + Locker + Convenience Store,1,4,2,True,True,False,False,False,False,True,False,3,Locker and PUDO,4,"Multiple companies, multiple services",5.79,1,High,Amazon | Correos + Amazon | Correos + Amazon | Correos + Amazon | Correos,False
VAL_LOC_000101,5,PUDO,105,Correos Valencia Suc 6. Puerto,"C. Dr. Juan José Dómine, 13",39.46229692420616,-0.33138560345239754,480,46011.0,105 + 107 + 216 + 217 + 786,Correos + Correos + Amazon + Amazon + Gls,Lsp Pudos + Locker + Convenience Stores,Pública + Privada,Public Facility + Premises,Valencia,Correos + Correos + Amazon + Amazon + GLS,LSP PUDOs + Lockers + Convenience stores,Public + Private,Public facility + Premises,Valencia,Correos Valencia Suc 6. Puerto + Correos Valencia Suc 6. Puerto + Citypaq Lockerss-Correos València Suc 6. Puerto + Correos - València Suc 6. Puerto + Ps Gls Puerto Valencia,"C. Dr. Juan José Dómine, 13 + C. Dr. Juan José Dómine, 13 + C. Dr. Juan José Dómine, 13 + C. Dr. Juan José Dómine, 13 + C. Dr. Juan José Dómine, 14",46011.0 + 46011.0 + 46011.0 + 46011.0 + 46011.0,,,,2 + 1 + 1 + 7 + 2,PUDO + Locker + Locker + Convenience Store + PUDO,1,5,3,True,True,False,False,False,False,True,False,3,Locker and PUDO,4,"Multiple companies, multiple services",18.8,2,Medium,Amazon | Correos | Gls + Amazon | Correos | Gls + Amazon | Correos | Gls + Amazon | Correos | Gls + Amazon | Correos | Gls,False
VAL_LOC_000103,4,PUDO,109,Correos Valencia Suc 22. El Corte Inglã‰S Av. Francia,"C/ del Pintor Maella, 37",39.45705787252258,-0.34714342057389946,360,46023.0,109 + 111 + 321 + 326,Correos + Correos + Amazon + Amazon,Lsp Pudos + Locker + Convenience Stores,Pública,Public Facility,Valencia,Correos + Correos + Amazon + Amazon,LSP PUDOs + Lockers + Convenience stores,Public,Public facility,Valencia,Correos Valencia Suc 22. El Corte Inglã‰S Av. Francia + Correos Valencia Suc 22. El Corte Inglã‰S Av. Francia + Citypaq Lockerss-Correos València Suc 22. El Corte + Correos - València Suc 22. El Corte Inglés Av. Fra,"C/ del Pintor Maella, 37 + C/ del Pintor Maella, 37 + C/ del Pintor Maella, 37 + C/ del Pintor Maella, 37",46023.0 + 46023.0 + 46023.0 + 46023.0,,,,2 + 1 + 1 + 7,PUDO + Locker + Locker + Convenience Store,1,4,2,True,True,False,False,False,False,True,False,3,Locker and PUDO,4,"Multiple companies, multiple services",7.23,1,High,Amazon | Correos + Amazon | Correos + Amazon | Correos + Amazon | Correos,False
VAL_LOC_000104,3,PUDO,110,Correos Valencia Suc 10. Benicalap,"Av. del General Avilés, 8",39.48833016791059,-0.39135458086184033,300,46015.0,110 + 112 + 250,Correos + Correos + Amazon,Lsp Pudos + Locker + Convenience Stores,Pública,Public Facility,Valencia,Correos + Correos + Amazon,LSP PUDOs + Lockers + Convenience stores,Public,Public facility,Valencia,Correos Valencia Suc 10. Benicalap + Correos Valencia Suc 10. Benicalap + Correos - València Suc 10. Benicalap,"Av. del General Avilés, 8 + Av. del General Avilés, 8 + Av. del General Avilés, 8",46015.0 + 46015.0 + 46015.0,,,,2 + 1 + 7,PUDO + Locker + Convenience Store,1,3,2,True,True,False,False,False,False,True,False,3,Locker and PUDO,4,"Multiple companies, multiple services",13.82,1,High,Amazon | Correos + Amazon | Correos + Amazon | Correos,False
VAL_LOC_000105,2,PUDO,113,Uv Facultad Economia,"Av. de los Naranjos, S/N",39.47850697483116,-0.3415819654692117,120,46022.0,113 + 310,Correos + Amazon,Locker,Pública,Public Infrastructure + Public Facility,Valencia,Correos + Amazon,Lockers,Public,Public Infrastructure + Public facility,Valencia,Uv Facultad Economia + Citypaq Lockerss-Uv Facultad Economia,"Av. de los Naranjos, S/N + Av. de los Naranjos, S/N",46022.0 + 46022.0,,,,1 + 1,Locker + Locker,1,2,2,True,False,False,False,False,False,False,False,1,Locker only,3,"Multiple companies, single service",17.0,2,Medium,Amazon | Correos + Amazon | Correos,False
VAL_LOC_000120,3,PUDO,128,Oceanografic De Valencia,"C. de Eduardo Primo Yúfera, 1",39.48403884755583,-0.36242180723733486,240,46013.0,128 + 285 + 286,Correos + Amazon + Amazon,Locker + Convenience Stores,Pública,Public Infrastructure + Public Facility,Valencia,Correos + Amazon + Amazon,Lockers + Convenience stores,Public,Public Infrastructure + Public facility,Valencia,Oceanografic De Valencia + Correos - València Suc 12. Benimaclet + Citypaq Lockerss-Correos València Suc 12. Benimacle,"C. de Eduardo Primo Yúfera, 1 + Av. Primado Reig, 129 + Av. Primado Reig, 129",46013.0 + 46020.0 + 46020.0,,,,1 + 7 + 1,Locker + Convenience Store + Locker,1,3,2,True,False,False,False,False,False,True,False,7,Multiple services,4,"Multiple companies, multiple services",1.28,1,High,Amazon | Correos + Amazon | Correos + Amazon | Correos,False
VAL_LOC_000121,2,PUDO,129,Correos Valencia Suc 12. Benimaclet,"Av. Primado Reig, 129",39.45419625609644,-0.38995290076663064,120,46020.0,129 + 130,Correos + Correos,Locker,Pública,Public Facility,Valencia,Correos + Correos,Lockers,Public,Public facility,Valencia,Correos Valencia Suc 12. Benimaclet + Correos Valencia Suc 2. Patraix,"Av. Primado Reig, 129 + C/ de Jerónima Galés, 20",46020.0 + 46017.0,,,,1 + 1,Locker + Locker,1,2,1,True,False,False,False,False,False,False,False,1,Locker only,2,"Same company, multiple records",5.85,1,High,Correos + Correos,False
VAL_LOC_000125,2,PUDO,134,Seur - Herrajes Serra,"C. de la Linterna, 28",39.4725189940774,-0.37935066115168226,240,46001.0,134 + 348,Amazon + SEUR,Convenience Stores,Privada,Premises,Valencia,Amazon + Seur,Convenience stores,Private,Premises,Valencia,Seur - Herrajes Serra + Herrajes Serra,"C. de la Linterna, 28 + C. de la Linterna, 28",46001.0 + 46001.0,,,,7 + 7,Convenience Store + Convenience Store,1,2,2,False,False,False,False,False,False,True,False,5,Convenience Store only,3,"Multiple companies, single service",13.27,1,High,Amazon | SEUR + Amazon | SEUR,False
VAL_LOC_000132,2,PUDO,142,Seur - Merceria Ladelana,"Plaça de Mossén Sorell, 11",39.4780264006117,-0.3802511937022288,240,46003.0,142 + 351,Amazon + SEUR,Convenience Stores,Privada,Premises,Valencia,Amazon + Seur,Convenience stores,Private,Premises,Valencia,Seur - Merceria Ladelana + Merceria Ladelana,"Plaça de Mossén Sorell, 11 + Plaça de Mossén Sorell, 11",46003.0 + 46003.0,,,,7 + 7,Convenience Store + Convenience Store,1,2,2,False,False,False,False,False,False,True,False,5,Convenience Store only,3,"Multiple companies, single service",5.84,1,High,Amazon | SEUR + Amazon | SEUR,False
VAL_LOC_000134,3,PUDO,144,The Salon By Cristina Agüera,"C. de Pizarro, 8",39.468129043109386,-0.37262123938328906,360,46004.0,144 + 603 + 868,Amazon + Ctt Express + UPS,Convenience Stores,Privada,Premises,Valencia + Valecia,Amazon + CTT Express + UPS,Convenience stores,Private,Premises,Valencia + Valecia,The Salon By Cristina Agüera + The Salon By Cristina Agüera + The Salon By Cristina Aguera,"C. de Pizarro, 8 + C. de Pizarro, 8 + C. de Pizarro, 8",46004.0 + 46004.0 + 46004.0,,,,7 + 7 + 7,Convenience Store + Convenience Store + Convenience Store,1,3,3,False,False,False,False,False,False,True,False,5,Convenience Store only,3,"Multiple companies, single service",5.85,1,High,Amazon | Ctt Express | UPS + Amazon | Ctt Express | UPS + Amazon | Ctt Express | UPS,False
VAL_LOC_000136,2,PUDO,146,Patel Fruta Y Verdura,"Av. del Reino de Valencia, 34",39.46414588125951,-0.37001967196776253,240,46005.0,146 + 614,Amazon + Ctt Express,Convenience Stores,Privada,Premises,Valencia + Valecia,Amazon + CTT Express,Convenience stores,Private,Premises,Valencia + Valecia,Patel Fruta Y Verdura + Patel Fruta Y Verdura,"Av. del Reino de Valencia, 34 + Av. del Reino de Valencia, 34",46005.0 + 46005.0,,,,7 + 7,Convenience Store + Convenience Store,1,2,2,False,False,False,False,False,False,True,False,5,Convenience Store only,3,"Multiple companies, single service",9.62,1,High,Amazon | Ctt Express + Amazon | Ctt Express,False
VAL_LOC_000138,2,PUDO,149,Citypaq Lockerss-Correos València Suc 9. Joaquin Co,"C. de Joaquín Costa, 39",40.44436179791772,-0.368393150625944,180,46005.0,149 + 150,Amazon + Amazon,Locker + Convenience Stores,Pública,Public Facility,Valencia,Amazon + Amazon,Lockers + Convenience stores,Public,Public facility,Valencia,Citypaq Lockerss-Correos València Suc 9. Joaquin Co + Correos - València Suc 9. Joaquin Costa,"C. de Joaquín Costa, 39 + C. de Joaquín Costa, 39",46005.0 + 46005.0,,,,1 + 7,Locker + Convenience Store,1,2,1,True,False,False,False,False,False,True,False,7,Multiple services,2,"Same company, multiple records",0.0,1,High,Amazon + Amazon,False
VAL_LOC_000139,3,PUDO,152,Seur - Karpet Papeleria Tecnica,"C. Joaquín Costa, 46",39.46444324104525,-0.3660956671548424,360,46005.0,152 + 391 + 773,Amazon + SEUR + Gls,Convenience Stores,Privada,Premises,Valencia,Amazon + Seur + GLS,Convenience stores,Private,Premises,Valencia,Seur - Karpet Papeleria Tecnica + Karpet Papeleria Tecnica + Ps Karpet Papeleria Tecnica,"C. Joaquín Costa, 46 + C. Joaquín Costa, 46 + C. Joaquín Costa, 46",46005.0 + 46005.0 + 46005.0,,,,7 + 7 + 7,Convenience Store + Convenience Store + Convenience Store,1,3,3,False,False,False,False,False,False,True,False,5,Convenience Store only,3,"Multiple companies, single service",5.78,1,High,Amazon | Gls | SEUR + Amazon | Gls | SEUR + Amazon | Gls | SEUR,False
VAL_LOC_000140,2,PUDO,153,Seur - Texto Graf,"Calle de Matías Perelló, 27",39.461783053722904,-0.36758080841125773,240,46005.0,153 + 398,Amazon + SEUR,Convenience Stores,Privada,Premises,Valencia,Amazon + Seur,Convenience stores,Private,Premises,Valencia,Seur - Texto Graf + Texto Graf,"Calle de Matías Perelló, 27 + Calle de Matías Perelló, 27",46005.0 + 46005.0,,,,7 + 7,Convenience Store + Convenience Store,1,2,2,False,False,False,False,False,False,True,False,5,Convenience Store only,3,"Multiple companies, single service",8.06,1,High,Amazon | SEUR + Amazon | SEUR,False
VAL_LOC_000141,2,PUDO,154,Libreria Salamanca,"C. de Salamanca, 42",39.465022131582586,-0.36338115455058717,240,46005.0,154 + 615,Amazon + Ctt Express,Convenience Stores,Privada,Premises,Valencia + Valecia,Amazon + CTT Express,Convenience stores,Private,Premises,Valencia + Valecia,Libreria Salamanca + Libreria Salamanca,"C. de Salamanca, 42 + C. de Salamanca, 42",46005.0 + 46005.0,,,,7 + 7,Convenience Store + Convenience Store,1,2,2,False,False,False,False,False,False,True,False,5,Convenience Store only,3,"Multiple companies, single service",15.42,2,Medium,Amazon | Ctt Express + Amazon | Ctt Express,False
VAL_LOC_000142,3,PUDO,156,Estanco Garna,"C. de Luis Oliag, 25",39.45958934604073,-0.3668193010051411,360,46006.0,156 + 157 + 414,Amazon + Amazon + SEUR,Convenience Stores,Privada,Premises,Valencia,Amazon + Amazon + Seur,Convenience stores,Private,Premises,Valencia,Estanco Garna + Seur - Estanco Garna Valencia 13 + Estanco Garna Valencia 13,"C. de Luis Oliag, 25 + C. de Luis Oliag, 25 + C. de Luis Oliag, 25",46006.0 + 46006.0 + 46006.0,,,,7 + 7 + 7,Convenience Store + Convenience Store + Convenience Store,1,3,2,False,False,False,False,False,False,True,False,5,Convenience Store only,3,"Multiple companies, single service",6.22,1,High,Amazon | SEUR + Amazon | SEUR + Amazon | SEUR,False
VAL_LOC_000143,5,PUDO,158,1x2 Mercat Russafa,"C. del Consulat del Mar, 5",39.46300239466371,-0.3713126418826739,600,46006.0,158 + 163 + 381 + 876 + 877,Amazon + Amazon + SEUR + UPS + UPS,Convenience Stores,Privada,Premises,Valencia,Amazon + Amazon + Seur + UPS + UPS,Convenience stores,Private,Premises,Valencia,1x2 Mercat Russafa + Soluciones Móviles + Soluciones Móviles + Soluciones Moviles Roii + Fnx-1x2 Mercat Russafa,"C. del Consulat del Mar, 5 + C. del Consulat del Mar, 5 + C. del Consulat del Mar, 5 + C. del Consulat del Mar, 5 + C. del Consulat del Mar, 5",46006.0 + 46006.0 + 46006.0 + 46006.0 + 46006.0,,,,7 + 7 + 7 + 7 + 7,Convenience Store + Convenience Store + Convenience Store + Convenience Store + Convenience Store,1,5,3,False,False,False,False,False,False,True,False,5,Convenience Store only,3,"Multiple companies, single service",23.89,2,Medium,Amazon | SEUR | UPS + Amazon | SEUR | UPS + Amazon | SEUR | UPS + Amazon | SEUR | UPS + Amazon | SEUR | UPS,False
VAL_LOC_000146,2,PUDO,162,Global Tec,"Ctra. de la Fuente de San Luis, 34",39.456596670940655,-0.3718440491031731,240,46006.0,162 + 424,Amazon + SEUR,Convenience Stores,Privada,Premises,Valencia,Amazon + Seur,Convenience stores,Private,Premises,Valencia,Global Tec + Global Tec,"Ctra. de la Fuente de San Luis, 34 + Ctra. de la Fuente de San Luis, 34",46006.0 + 46004.0,,,,7 + 7,Convenience Store + Convenience Store,1,2,2,False,False,False,False,False,False,True,False,5,Convenience Store only,3,"Multiple companies, single service",6.63,1,High,Amazon | SEUR + Amazon | SEUR,False
VAL_LOC_000150,4,PUDO,168,Mariaca-Capritxos,"Carrer de Carcaixent, 12",39.460170615050394,-0.3868844041119785,480,46007.0,168 + 470 + 537 + 628,Amazon + Dhl + Celeritas + Ctt Express,Convenience Stores,Privada,Premises + Kiosk,Valencia + Valecia,Amazon + DHL + Celeritas + CTT Express,Convenience stores,Private,Premises + Kiosk,Valencia + Valecia,Mariaca-Capritxos + Kiosco Mariacabrandt Capritxsos + Mariacabrandt-Capritxos + Mariacabrandt-Capritxos,"Carrer de Carcaixent, 12 + Carrer de Carcaixent, 12 + Carrer de Carcaixent, 12 + Carrer de Carcaixent, 12",46007.0 + 46007.0 + 46007.0 + 46007.0,,,,7 + 7 + 7 + 7,Convenience Store + Convenience Store + Convenience Store + Convenience Store,1,4,4,False,False,False,False,False,False,True,False,5,Convenience Store only,3,"Multiple companies, single service",28.62,2,Medium,Amazon | Celeritas | Ctt Express | Dhl + Amazon | Celeritas | Ctt Express | Dhl + Amazon | Celeritas | Ctt Express | Dhl + Amazon | Celeritas | Ctt Express | Dhl,False
VAL_LOC_000151,2,PUDO,169,Locutorio Pack Latino,"Av. de Gaspar Aguilar, 9",39.459062349777106,-0.38852235485294456,240,46007.0,169 + 636,Amazon + Ctt Express,Convenience Stores,Privada,Premises,Valencia + Valecia,Amazon + CTT Express,Convenience stores,Private,Premises,Valencia + Valecia,Locutorio Pack Latino + Locutorio Pack Latino,"Av. de Gaspar Aguilar, 9 + Av. de Gaspar Aguilar, 9",46007.0 + 46007.0,,,,7 + 7,Convenience Store + Convenience Store,1,2,2,False,False,False,False,False,False,True,False,5,Convenience Store only,3,"Multiple companies, single service",5.55,1,High,Amazon | Ctt Express + Amazon | Ctt Express,False
VAL_LOC_000154,3,PUDO,173,Seur - Ferreteria Ferrototal,"C. de Albacete, 37",39.462276353990454,-0.38481971954598143,360,46007.0,173 + 378 + 878,Amazon + SEUR + UPS,Convenience Stores,Privada,Premises,Valencia,Amazon + Seur + UPS,Convenience stores,Private,Premises,Valencia,Seur - Ferreteria Ferrototal + Ferreteria Ferrototal + Ferreteria Ferro Total,"C. de Albacete, 37 + C. de Albacete, 37 + C. de Albacete, 37",46007.0 + 46007.0 + 46007.0,,,,7 + 7 + 7,Convenience Store + Convenience Store + Convenience Store,1,3,3,False,False,False,False,False,False,True,False,5,Convenience Store only,3,"Multiple companies, single service",16.87,2,Medium,Amazon | SEUR | UPS + Amazon | SEUR | UPS + Amazon | SEUR | UPS,False
VAL_LOC_000155,2,PUDO,177,88 Gafas,"C. de Calixto III, 19",39.471545739612154,-0.38827933264177983,240,46008.0,177 + 642,Amazon + Ctt Express,Convenience Stores,Privada,Premises,Valencia + Valecia,Amazon + CTT Express,Convenience stores,Private,Premises,Valencia + Valecia,88 Gafas + 88 Gafas,"C. de Calixto III, 19 + C. de Calixto III, 19",46008.0 + 46008.0,,,,7 + 7,Convenience Store + Convenience Store,1,2,2,False,False,False,False,False,False,True,False,5,Convenience Store only,3,"Multiple companies, single service",13.57,1,High,Amazon | Ctt Express + Amazon | Ctt Express,False
VAL_LOC_000156,4,PUDO,178,Candy,"Calle GRAN VIA FERNANDO EL CATOLICO, 34",39.47252150888956,-0.38595691125520337,480,46008.0,178 + 458 + 520 + 641,Amazon + Dhl + Celeritas + Ctt Express,Convenience Stores,Privada,Premises,Valencia + Valecia,Amazon + DHL + Celeritas + CTT Express,Convenience stores,Private,Premises,Valencia + Valecia,Candy + Candy 46007 + Candy + Candy,"Calle GRAN VIA FERNANDO EL CATOLICO, 34 + Gran Vía de Fernando el Católico, 34 + Gran Vía de Fernando el Católico, 34 + Gran Vía de Fernando el Católico, 34",46008.0 + 46008.0 + 46008.0 + 46008.0,,,,7 + 7 + 7 + 7,Convenience Store + Convenience Store + Convenience Store + Convenience Store,1,4,4,False,False,False,False,False,False,True,False,5,Convenience Store only,3,"Multiple companies, single service",16.57,2,Medium,Amazon | Celeritas | Ctt Express | Dhl + Amazon | Celeritas | Ctt Express | Dhl + Amazon | Celeritas | Ctt Express | Dhl + Amazon | Celeritas | Ctt Express | Dhl,False
VAL_LOC_000160,2,PUDO,184,Seur - Estanco Juan Lorrens 55,"C. de Juan Llorens, 55",39.47072434999677,-0.3888532591116549,240,46008.0,184 + 357,Amazon + SEUR,Convenience Stores,Privada,Premises,Valencia,Amazon + Seur,Convenience stores,Private,Premises,Valencia,Seur - Estanco Juan Lorrens 55 + Estanco Juan Lorrens 55,"C. de Juan Llorens, 55 + C. de Juan Llorens, 55",46008.0 + 46008.0,,,,7 + 7,Convenience Store + Convenience Store,1,2,2,False,False,False,False,False,False,True,False,5,Convenience Store only,3,"Multiple companies, single service",12.15,1,High,Amazon | SEUR + Amazon | SEUR,False
VAL_LOC_000162,2,PUDO,186,Seur - Hiperpapeleria San Jose,"Carrer de González Martí, 7",39.47419924673858,-0.3928963822970692,240,46008.0,186 + 366,Amazon + SEUR,Convenience Stores,Privada,Premises,Valencia,Amazon + Seur,Convenience stores,Private,Premises,Valencia,Seur - Hiperpapeleria San Jose + Hiperpapeleria San Jose,"Carrer de González Martí, 7 + Carrer de González Martí, 7",46008.0 + 46008.0,,,,7 + 7,Convenience Store + Convenience Store,1,2,2,False,False,False,False,False,False,True,False,5,Convenience Store only,3,"Multiple companies, single service",7.17,1,High,Amazon | SEUR + Amazon | SEUR,False
VAL_LOC_000163,2,PUDO,187,Asim Fruta Y Alimentacion,"C. de Calixto III, 16",39.47157094521261,-0.38920204479947873,240,46008.0,187 + 356,Amazon + SEUR,Convenience Stores,Privada,Premises,Valencia,Amazon + Seur,Convenience stores,Private,Premises,Valencia,Asim Fruta Y Alimentacion + Asim Fruta Y Alimentacion,"C. de Calixto III, 16 + C. de Calixto III, 16",46008.0 + 46008.0,,,,7 + 7,Convenience Store + Convenience Store,1,2,2,False,False,False,False,False,False,True,False,5,Convenience Store only,3,"Multiple companies, single service",23.96,2,Medium,Amazon | SEUR + Amazon | SEUR,False
VAL_LOC_000165,2,PUDO,189,El Trebol Del Turia,"Av. de Burjassot, 18",39.4837801349246,-0.38242575808493595,240,46009.0,189 + 884,Amazon + UPS,Convenience Stores,Privada,Premises,Valencia,Amazon + UPS,Convenience stores,Private,Premises,Valencia,El Trebol Del Turia + Fnx-El Trebol Del Turia,"Av. de Burjassot, 18 + Av. de Burjassot, 18",46009.0 + 46009.0,,,,7 + 7,Convenience Store + Convenience Store,1,2,2,False,False,False,False,False,False,True,False,5,Convenience Store only,3,"Multiple companies, single service",15.2,2,Medium,Amazon | UPS + Amazon | UPS,False
VAL_LOC_000170,2,PUDO,194,Kiosco Los Juniors,"C/ de Gregorio Gea, 1",39.48405017447606,-0.3837453870660219,240,46009.0,194 + 652,Amazon + Ctt Express,Convenience Stores,Privada,Kiosk,Valencia + Valecia,Amazon + CTT Express,Convenience stores,Private,Kiosk,Valencia + Valecia,Kiosco Los Juniors + Kiosco Los Juniors,"C/ de Gregorio Gea, 1 + C/ de Gregorio Gea, 1",46009.0 + 46009.0,,,,7 + 7,Convenience Store + Convenience Store,1,2,2,False,False,False,False,False,False,True,False,5,Convenience Store only,3,"Multiple companies, single service",27.37,2,Medium,Amazon | Ctt Express + Amazon | Ctt Express,False
VAL_LOC_000171,3,PUDO,195,La Bodeguita Latina Express,"C. Baeza, 1",39.49335765452633,-0.37268487924177157,360,46009.0,195 + 270 + 714,Amazon + Amazon + Ctt Express,Convenience Stores,Privada,Premises,Valencia + Valecia,Amazon + Amazon + CTT Express,Convenience stores,Private,Premises,Valencia + Valecia,La Bodeguita Latina Express + La Bodeguita Latina Express + La Bodeguita Latina Express,"C. Baeza, 1 + C. Baeza, 1 + C. Baeza, 1",46009.0 + 46019.0 + 46019.0,,,,7 + 7 + 7,Convenience Store + Convenience Store + Convenience Store,1,3,2,False,False,False,False,False,False,True,False,5,Convenience Store only,3,"Multiple companies, single service",14.78,1,High,Amazon | Ctt Express + Amazon | Ctt Express + Amazon | Ctt Express,False
VAL_LOC_000175,4,PUDO,202,Seur - Llibr. Tirant Lo Blanch,"C. Artes Gráficas, 14",39.476694175655,-0.36220390291701526,420,46010.0,202 + 388 + 389 + 889,Amazon + SEUR + SEUR + UPS,Convenience Stores + Locker,Privada,Premises,Valencia,Amazon + Seur + Seur + UPS,Convenience stores + Lockers,Private,Premises,Valencia,Seur - Llibr. Tirant Lo Blanch + Llibr. Tirant Lo Blanch + Seur Lockers Pcbox Valenci + Libreria Tirant Lo Blanch Artes Gra,"C. Artes Gráficas, 14 + C. Artes Gráficas, 14 + C. Artes Gráficas, 14 + C. Artes Gráficas, 14",46010.0 + 46010.0 + 46010.0 + 46010.0,,,,7 + 7 + 1 + 7,Convenience Store + Convenience Store + Locker + Convenience Store,1,4,3,True,False,False,False,False,False,True,False,7,Multiple services,4,"Multiple companies, multiple services",14.8,1,High,Amazon | SEUR | UPS + Amazon | SEUR | UPS + Amazon | SEUR | UPS + Amazon | SEUR | UPS,False
VAL_LOC_000178,4,PUDO,207,Loterias La Trinitat,"C. Pintor Vilar, 1",39.482536361208204,-0.3713938195125589,480,46010.0,207 + 545 + 655 + 891,Amazon + Celeritas + Ctt Express + UPS,Convenience Stores,Privada,Premises,Valencia + Valecia,Amazon + Celeritas + CTT Express + UPS,Convenience stores,Private,Premises,Valencia + Valecia,Loterias La Trinitat + Loterias La Trinitat + Loterias La Trinitat + Fnx-Loterias La Trinitat,"C. Pintor Vilar, 1 + C. Pintor Vilar, 1 + C. Pintor Vilar, 1 + C. Pintor Vilar, 1",46010.0 + 46010.0 + 46010.0 + 46010.0,,,,7 + 7 + 7 + 7,Convenience Store + Convenience Store + Convenience Store + Convenience Store,1,4,4,False,False,False,False,False,False,True,False,5,Convenience Store only,3,"Multiple companies, single service",4.12,1,High,Amazon | Celeritas | Ctt Express | UPS + Amazon | Celeritas | Ctt Express | UPS + Amazon | Celeritas | Ctt Express | UPS + Amazon | Celeritas | Ctt Express | UPS,False
VAL_LOC_000179,2,PUDO,208,Movil Center,"C. de Don Armando Palacio Valdes, 13",39.47530321391207,-0.36354751154869014,240,46010.0,208 + 661,Amazon + Ctt Express,Convenience Stores,Privada,Premises,Valencia + Valecia,Amazon + CTT Express,Convenience stores,Private,Premises,Valencia + Valecia,Movil Center + Movil Center,"C. de Don Armando Palacio Valdes, 13 + C. de Don Armando Palacio Valdes, 13",46010.0 + 46010.0,,,,7 + 7,Convenience Store + Convenience Store,1,2,2,False,False,False,False,False,False,True,False,5,Convenience Store only,3,"Multiple companies, single service",3.44,1,High,Amazon | Ctt Express + Amazon | Ctt Express,False
VAL_LOC_000186,2,PUDO,215,Locutorio La Reina.,"C/ de la Reina, 265",39.47407422755264,-0.32805427450054014,240,46011.0,215 + 665,Amazon + Ctt Express,Convenience Stores,Privada,Premises,Valencia + Valecia,Amazon + CTT Express,Convenience stores,Private,Premises,Valencia + Valecia,Locutorio La Reina. + Locutorio La Reina.,"C/ de la Reina, 265 + C/ de la Reina, 265",46011.0 + 46011.0,,,,7 + 7,Convenience Store + Convenience Store,1,2,2,False,False,False,False,False,False,True,False,5,Convenience Store only,3,"Multiple companies, single service",5.24,1,High,Amazon | Ctt Express + Amazon | Ctt Express,False
VAL_LOC_000198,2,PUDO,229,Seur - Supermarket Marianita,"C. José Andreu Alabarta, 1",39.455374807064345,-0.40532258515657205,240,46014.0,229 + 240,Amazon + Amazon,Convenience Stores,Privada,Supermarket,Valencia,Amazon + Amazon,Convenience stores,Private,Supermarket,Valencia,Seur - Supermarket Marianita + Supermarket Marianita,"C. José Andreu Alabarta, 1 + C. José Andreu Alabarta, 1",46014.0 + 46014.0,,,,7 + 7,Convenience Store + Convenience Store,1,2,1,False,False,False,False,False,False,True,False,5,Convenience Store only,2,"Same company, multiple records",13.03,1,High,Amazon + Amazon,False
VAL_LOC_000199,2,PUDO,230,Amazon Convenience stores - Kiosko Honduras,"C. Arquitecto Segura de Lago, 8",39.45552889175257,-0.4041493120796223,240,46014.0,230 + 492,Amazon + Dhl,Convenience Stores,Privada,Kiosk,Valencia + Valecia,Amazon + DHL,Convenience stores,Private,Kiosk,Valencia + Valecia,Amazon Convenience stores - Kiosko Honduras + Kiosko Honduras I,"C. Arquitecto Segura de Lago, 8 + C. Arquitecto Segura de Lago, 8",46014.0 + 46014.0,,,,7 + 7,Convenience Store + Convenience Store,1,2,2,False,False,False,False,False,False,True,False,5,Convenience Store only,3,"Multiple companies, single service",8.22,1,High,Amazon | Dhl + Amazon | Dhl,False
VAL_LOC_000203,2,PUDO,234,Kiosco Rico Rico,"Pl. de Benimarfull, 3",39.45807004719759,-0.39974759132968585,240,46014.0,234 + 675,Amazon + Ctt Express,Convenience Stores,Privada,Kiosk,Valencia + Valecia,Amazon + CTT Express,Convenience stores,Private,Kiosk + kiosk,Valencia + Valecia,Kiosco Rico Rico + Kiosco Rico Rico,"Pl. de Benimarfull, 3 + Pl. de Benimarfull, 3",46014.0 + 46014.0,,,,7 + 7,Convenience Store + Convenience Store,1,2,2,False,False,False,False,False,False,True,False,5,Convenience Store only,3,"Multiple companies, single service",4.59,1,High,Amazon | Ctt Express + Amazon | Ctt Express,False
VAL_LOC_000206,4,PUDO,237,Kiosco Mc Yanguez,"C. del Archiduque Carlos, 111",39.46107419193915,-0.39910064929371936,480,46014.0,237 + 674 + 851 + 901,Amazon + Ctt Express + Nacex + UPS,Convenience Stores,Privada,Kiosk,Valencia + Valecia,Amazon + CTT Express + Nacex + UPS,Convenience stores,Private,Kiosk,Valencia + Valecia,Kiosco Mc Yanguez + Kiosco M.C. Yanguez + Kiosko De La Suerte (4604-49) + Fnx-Kiosko De La Suerte Mc Yanguez,"C. del Archiduque Carlos, 111 + C. del Archiduque Carlos, 111 + C. del Archiduque Carlos, 111 + C. del Archiduque Carlos, 111",46014.0 + 46014.0 + 46014.0 + 46014.0,,,,7 + 7 + 7 + 7,Convenience Store + Convenience Store + Convenience Store + Convenience Store,1,4,4,False,False,False,False,False,False,True,False,5,Convenience Store only,3,"Multiple companies, single service",18.44,2,Medium,Amazon | Ctt Express | Nacex | UPS + Amazon | Ctt Express | Nacex | UPS + Amazon | Ctt Express | Nacex | UPS + Amazon | Ctt Express | Nacex | UPS,False
VAL_LOC_000207,3,PUDO,238,Allinone San Isidro,"C. Mariano de Cavia, 29",39.45309886109365,-0.40328341022045594,360,46014.0,238 + 679 + 827,Amazon + Ctt Express + Nacex,Convenience Stores,Privada,Premises,Valencia + Valecia,Amazon + CTT Express + Nacex,Convenience stores,Private,Premises,Valencia + Valecia,Allinone San Isidro + Allinone San Isidro + Allinone Comunicaciones (4604-91),"C. Mariano de Cavia, 29 + C. Mariano de Cavia, 29 + C. Mariano de Cavia, 29",46014.0 + 46014.0 + 46014.0,,,,7 + 7 + 7,Convenience Store + Convenience Store + Convenience Store,1,3,3,False,False,False,False,False,False,True,False,5,Convenience Store only,3,"Multiple companies, single service",6.64,1,High,Amazon | Ctt Express | Nacex + Amazon | Ctt Express | Nacex + Amazon | Ctt Express | Nacex,False
VAL_LOC_000208,2,PUDO,239,Droguería Paquetería Tarín,"C. Virgen de la Cabeza, 60",39.463393668078986,-0.39925682564770437,240,46014.0,239 + 676,Amazon + Ctt Express,Convenience Stores,Privada,Premises,Valencia + Valecia,Amazon + CTT Express,Convenience stores,Private,Premises,Valencia + Valecia,Droguería Paquetería Tarín + Droguería Paquetería Tarín,"C. Virgen de la Cabeza, 60 + C. Virgen de la Cabeza, 60",46014.0 + 46014.0,,,,7 + 7,Convenience Store + Convenience Store,1,2,2,False,False,False,False,False,False,True,False,5,Convenience Store only,3,"Multiple companies, single service",15.62,2,Medium,Amazon | Ctt Express + Amazon | Ctt Express,False
VAL_LOC_000216,2,PUDO,248,Lucel Iluminacion,"Av. del Maestro Rodrigo, 85",39.48374686917529,-0.40228814973719285,240,46015.0,248 + 686,Amazon + Ctt Express,Convenience Stores,Privada,Premises,Valencia + Valecia,Amazon + CTT Express,Convenience stores,Private,Premises,Valencia + Valecia,Lucel Iluminacion + Lucel Iluminacion,"Av. del Maestro Rodrigo, 85 + Av. del Maestro Rodrigo, 85",46015.0 + 46015.0,,,,7 + 7,Convenience Store + Convenience Store,1,2,2,False,False,False,False,False,False,True,False,5,Convenience Store only,3,"Multiple companies, single service",4.81,1,High,Amazon | Ctt Express + Amazon | Ctt Express,False
VAL_LOC_000217,2,PUDO,249,Lockers - Berrraco,"Calle Puerto de Sta. María, 3",39.48489200299912,-0.3999229764096253,180,46015.0,249 + 969,Amazon + Pudo,Locker + Click&Collect,Privada,Premises + Service Station,Valencia,Amazon + PUDO,Lockers + Click&Collect,Private,Premises + Service Station,Valencia,Lockers - Berrraco + Galp General Aviles,"Calle Puerto de Sta. María, 3 + Av. del General Avilés, 92",46015.0 + 46015.0,,,,1 + 3,Locker + Click & Collect,1,2,2,True,False,True,False,False,False,False,False,7,Multiple services,4,"Multiple companies, multiple services",8.62,1,High,Amazon | Pudo + Amazon | Pudo,False
VAL_LOC_000220,3,PUDO,253,Estanc De Bonafé,"C/ dels Carters, 68",39.44991947004548,-0.3893584865387308,360,46017.0,253 + 697 + 951,Amazon + Ctt Express + Pudo,Convenience Stores + Click&Collect,Privada,Premises,Valencia + Valecia,Amazon + CTT Express + PUDO,Convenience stores + Click&Collect,Private,Premises,Valencia + Valecia,Estanc De Bonafé + Estanco De Bonafe + Estanco Expenduría Tabacos 159,"C/ dels Carters, 68 + C/ dels Carters, 68 + C/ dels Carters, 68",46017.0 + 46017.0 + 46017.0,,,,7 + 7 + 3,Convenience Store + Convenience Store + Click & Collect,1,3,3,False,False,True,False,False,False,True,False,7,Multiple services,4,"Multiple companies, multiple services",7.43,1,High,Amazon | Ctt Express | Pudo + Amazon | Ctt Express | Pudo + Amazon | Ctt Express | Pudo,False
VAL_LOC_000221,3,PUDO,254,La Piñata,"C/ de Jerónima Galés, 19",39.454232210201425,-0.38971955844343276,360,46017.0,254 + 564 + 690,Amazon + Celeritas + Ctt Express,Convenience Stores,Privada,Premises,Valencia + Valecia,Amazon + Celeritas + CTT Express,Convenience stores,Private,Premises,Valencia + Valecia,La Piñata + La Piñata + La Piñata,"C/ de Jerónima Galés, 19 + C/ de Jerónima Galés, 19 + C/ de Jerónima Galés, 19",46017.0 + 46017.0 + 46017.0,,,,7 + 7 + 7,Convenience Store + Convenience Store + Convenience Store,1,3,3,False,False,False,False,False,False,True,False,5,Convenience Store only,3,"Multiple companies, single service",15.77,2,Medium,Amazon | Celeritas | Ctt Express + Amazon | Celeritas | Ctt Express + Amazon | Celeritas | Ctt Express,False
VAL_LOC_000222,2,PUDO,255,Material Didáctico,"Pl. de Holanda, 7",39.44933600190495,-0.38783449543655013,240,46017.0,255 + 490,Amazon + Dhl,Convenience Stores,Privada,Premises,Valencia + Valecia,Amazon + DHL,Convenience stores,Private,Premises,Valencia + Valecia,Material Didáctico + Material Didactico,"Pl. de Holanda, 7 + Pl. de Holanda, 7",46017.0 + 46017.0,,,,7 + 7,Convenience Store + Convenience Store,1,2,2,False,False,False,False,False,False,True,False,5,Convenience Store only,3,"Multiple companies, single service",21.97,2,Medium,Amazon | Dhl + Amazon | Dhl,False
VAL_LOC_000223,3,PUDO,256,Kiosco Roma.,"C. Brasil, 45",39.471896382701544,-0.3984475372670766,360,46018.0,256 + 565 + 704,Amazon + Celeritas + Ctt Express,Convenience Stores,Privada,Kiosk,Valencia + Valecia,Amazon + Celeritas + CTT Express,Convenience stores,Private,Kiosk,Valencia + Valecia,Kiosco Roma. + Kiosco Roma + Kiosco Roma,"C. Brasil, 45 + C. Brasil, 45 + C. Brasil, 45",46018.0 + 46018.0 + 46018.0,,,,7 + 7 + 7,Convenience Store + Convenience Store + Convenience Store,1,3,3,False,False,False,False,False,False,True,False,5,Convenience Store only,3,"Multiple companies, single service",20.28,2,Medium,Amazon | Celeritas | Ctt Express + Amazon | Celeritas | Ctt Express + Amazon | Celeritas | Ctt Express,False
VAL_LOC_000225,2,PUDO,261,Correos - València Suc 8. Av Del Cid,"Av. del Cid, 22",39.46823229265189,-0.3934402613860556,180,46018.0,261 + 265,Amazon + Amazon,Convenience Stores + Locker,Pública,Public Facility,Valencia,Amazon + Amazon,Convenience stores + Lockers,Public,Public facility,Valencia,Correos - València Suc 8. Av Del Cid + Citypaq Lockerss-Correos València Suc 8. Av Del Cid,"Av. del Cid, 22 + Av. del Cid, 22",46018.0 + 46018.0,,,,7 + 1,Convenience Store + Locker,1,2,1,True,False,False,False,False,False,True,False,7,Multiple services,2,"Same company, multiple records",13.02,1,High,Amazon + Amazon,False
VAL_LOC_000227,2,PUDO,263,Kiosco Vicmar Las Provincias,"C/ de la Democracia, 75",39.47284922691745,-0.4028188756152647,240,46018.0,263 + 706,Amazon + Ctt Express,Convenience Stores,Privada,Kiosk,Valencia + Valecia,Amazon + CTT Express,Convenience stores,Private,Kiosk,Valencia + Valecia,Kiosco Vicmar Las Provincias + Kiosco Vicmar Las Provincias,"C/ de la Democracia, 75 + C/ de la Democracia, 75",46018.0 + 46018.0,,,,7 + 7,Convenience Store + Convenience Store,1,2,2,False,False,False,False,False,False,True,False,5,Convenience Store only,3,"Multiple companies, single service",27.18,2,Medium,Amazon | Ctt Express + Amazon | Ctt Express,False
VAL_LOC_000228,2,PUDO,264,Locutorio Dabakh Malick,"C. de Francisco Moreno Usedo, 4",39.47377194572395,-0.39721679597942255,240,46018.0,264 + 379,Amazon + SEUR,Convenience Stores,Privada,Premises,Valencia,Amazon + Seur,Convenience stores,Private,Premises,Valencia,Locutorio Dabakh Malick + Locutorio Dabakh Malick,"C. de Francisco Moreno Usedo, 4 + C. de Francisco Moreno Usedo, 4",46018.0 + 46018.0,,,,7 + 7,Convenience Store + Convenience Store,1,2,2,False,False,False,False,False,False,True,False,5,Convenience Store only,3,"Multiple companies, single service",2.52,1,High,Amazon | SEUR + Amazon | SEUR,False
VAL_LOC_000229,2,PUDO,266,El Mar Locutorio,"Carrer de Burgos, 2",39.469394904038055,-0.3992437095837844,240,46018.0,266 + 471,Amazon + Dhl,Convenience Stores,Privada,Premises,Valencia + Valecia,Amazon + DHL,Convenience stores,Private,Premises,Valencia + Valecia,El Mar Locutorio + El Mar,"Carrer de Burgos, 2 + Carrer de Burgos, 2",46018.0 + 46018.0,,,,7 + 7,Convenience Store + Convenience Store,1,2,2,False,False,False,False,False,False,True,False,5,Convenience Store only,3,"Multiple companies, single service",1.84,1,High,Amazon | Dhl + Amazon | Dhl,False
VAL_LOC_000230,2,PUDO,267,Tuss Carcasas,"Av. del Cid, 82",39.46948497752027,-0.40049093063122776,240,46018.0,267 + 397,Amazon + SEUR,Convenience Stores,Privada,Premises,Valencia,Amazon + Seur,Convenience stores,Private,Premises,Valencia,Tuss Carcasas + Tuss Carcasas,"Av. del Cid, 82 + Av. del Cid, 82",46018.0 + 46018.0,,,,7 + 7,Convenience Store + Convenience Store,1,2,2,False,False,False,False,False,False,True,False,5,Convenience Store only,3,"Multiple companies, single service",7.59,1,High,Amazon | SEUR + Amazon | SEUR,False
VAL_LOC_000232,2,PUDO,269,Wilfer Envíos,"Av. de Pérez Galdós, 105",39.471044485756856,-0.39309488795847713,240,46018.0,269 + 368,Amazon + SEUR,Convenience Stores,Privada,Premises,Valencia,Amazon + Seur,Convenience stores,Private,Premises,Valencia,Wilfer Envíos + Wilfer Envios,"Av. de Pérez Galdós, 105 + Av. de Pérez Galdós, 105",46018.0 + 46018.0,,,,7 + 7,Convenience Store + Convenience Store,1,2,2,False,False,False,False,False,False,True,False,5,Convenience Store only,3,"Multiple companies, single service",7.43,1,High,Amazon | SEUR + Amazon | SEUR,False
VAL_LOC_000233,2,PUDO,271,Kiosco Mayte,"C. San Juan Bosco, 69",39.49531864757988,-0.37101011028183273,240,46019.0,271 + 924,Amazon + UPS,Convenience Stores,Privada,Kiosk,Valencia,Amazon + UPS,Convenience stores,Private,Kiosk,Valencia,Kiosco Mayte + Fnx-Kiosko Mayte,"C. San Juan Bosco, 69 + C. San Juan Bosco, 69",46019.0 + 46019.0,,,,7 + 7,Convenience Store + Convenience Store,1,2,2,False,False,False,False,False,False,True,False,5,Convenience Store only,3,"Multiple companies, single service",7.26,1,High,Amazon | UPS + Amazon | UPS,False
VAL_LOC_000234,2,PUDO,272,Cash Mid,"C/ del Duc de Mandas, 20",39.49411805937687,-0.36992678016495145,240,46019.0,272 + 712,Amazon + Ctt Express,Convenience Stores,Privada,Premises,Valencia + Valecia,Amazon + CTT Express,Convenience stores,Private,Premises,Valencia + Valecia,Cash Mid + Cash Mid,"C/ del Duc de Mandas, 20 + C/ del Duc de Mandas, 20",46019.0 + 46019.0,,,,7 + 7,Convenience Store + Convenience Store,1,2,2,False,False,False,False,False,False,True,False,5,Convenience Store only,3,"Multiple companies, single service",2.27,1,High,Amazon | Ctt Express + Amazon | Ctt Express,False
VAL_LOC_000239,2,PUDO,277,La Bodeguita Latina Expess,"C. Padre Viñas, 58",39.493384634423265,-0.3710079567971299,240,46019.0,277 + 713,Amazon + Ctt Express,Convenience Stores,Privada,Premises,Valencia + Valecia,Amazon + CTT Express,Convenience stores,Private,Premises,Valencia + Valecia,La Bodeguita Latina Expess + La Bodeguita Latina Expess,"C. Padre Viñas, 58 + C. Padre Viñas, 58",46019.0 + 46019.0,,,,7 + 7,Convenience Store + Convenience Store,1,2,2,False,False,False,False,False,False,True,False,5,Convenience Store only,3,"Multiple companies, single service",28.43,2,Medium,Amazon | Ctt Express + Amazon | Ctt Express,False
VAL_LOC_000241,4,PUDO,279,Seur - Oulet Destino 19,PEDRO CABANES 86,39.49460916218794,-0.37820336707861757,480,46019.0,279 + 438 + 793 + 927,Amazon + SEUR + Gls + UPS,Convenience Stores,Privada,Premises,Valencia,Amazon + Seur + GLS + UPS,Convenience stores,Private,Premises,Valencia,Seur - Oulet Destino 19 + Oulet Destino 19 + Ps Outlet Destino 19 + Outlet Destino 19,"PEDRO CABANES 86 + C/ de Pedro Cabanes, 86 + C/ de Pedro Cabanes, 86 + C/ de Pedro Cabanes, 86",46019.0 + 46019.0 + 46019.0 + 46019.0,,,,7 + 7 + 7 + 7,Convenience Store + Convenience Store + Convenience Store + Convenience Store,1,4,4,False,False,False,False,False,False,True,False,5,Convenience Store only,3,"Multiple companies, single service",8.41,1,High,Amazon | Gls | SEUR | UPS + Amazon | Gls | SEUR | UPS + Amazon | Gls | SEUR | UPS + Amazon | Gls | SEUR | UPS,False
VAL_LOC_000244,2,PUDO,282,Lockers - Puigbo,"C. de Dolores Marqués, 50",39.48765546378185,-0.36141957924228146,120,46020.0,282 + 283,Amazon + Amazon,Locker,Privada,Service Station + Premises,Valencia,Amazon + Amazon,Lockers,Private,Service Station + Premises,Valencia,Lockers - Puigbo + Lockers - Burrell,"C. de Dolores Marqués, 50 + C. Torreta de Miramar, 1",46020.0 + 46020.0,,,,1 + 1,Locker + Locker,1,2,1,True,False,False,False,False,False,False,False,1,Locker only,2,"Same company, multiple records",14.11,1,High,Amazon + Amazon,False
VAL_LOC_000245,3,PUDO,287,Seur - Kiosko Rosa,"Carrer de Cuenca Tramoyeres, 2",39.483032381896145,-0.36062169019599666,360,46020.0,287 + 420 + 929,Amazon + SEUR + UPS,Convenience Stores,Privada,Kiosk,Valencia,Amazon + Seur + UPS,Convenience stores,Private,Kiosk,Valencia,Seur - Kiosko Rosa + Kiosko Rosa + Fnx-Kiosko Rosa,"Carrer de Cuenca Tramoyeres, 2 + Carrer de Cuenca Tramoyeres, 2 + Carrer de Cuenca Tramoyeres, 2",46020.0 + 46020.0 + 46020.0,,,,7 + 7 + 7,Convenience Store + Convenience Store + Convenience Store,1,3,3,False,False,False,False,False,False,True,False,5,Convenience Store only,3,"Multiple companies, single service",27.37,2,Medium,Amazon | SEUR | UPS + Amazon | SEUR | UPS + Amazon | SEUR | UPS,False
VAL_LOC_000246,2,PUDO,288,Eurogiro Lare,"C. de la Virgen de los Desamparados, 25",39.48619923403608,-0.3614932556239534,240,46020.0,288 + 726,Amazon + Ctt Express,Convenience Stores,Privada,Premises,Valencia + Valecia,Amazon + CTT Express,Convenience stores,Private,Premises,Valencia + Valecia,Eurogiro Lare + Eurogiro Lare,"C. de la Virgen de los Desamparados, 25 + C. de la Virgen de los Desamparados, 25",46020.0 + 46020.0,,,,7 + 7,Convenience Store + Convenience Store,1,2,2,False,False,False,False,False,False,True,False,5,Convenience Store only,3,"Multiple companies, single service",5.66,1,High,Amazon | Ctt Express + Amazon | Ctt Express,False
VAL_LOC_000247,3,PUDO,289,Frutos Secos Oliguer,"Av. de Valladolid, 28",39.48893958835066,-0.35960514226701146,360,46020.0,289 + 833 + 928,Amazon + Nacex + UPS,Convenience Stores,Privada,Premises,Valencia,Amazon + Nacex + UPS,Convenience stores,Private,Premises,Valencia,Frutos Secos Oliguer + Frutos Secos Oliguer (4601-45) + Frutos Secos Oliguer,"Av. de Valladolid, 28 + Av. de Valladolid, 28 + Av. de Valladolid, 28",46020.0 + 46020.0 + 46020.0,,,,7 + 7 + 7,Convenience Store + Convenience Store + Convenience Store,1,3,3,False,False,False,False,False,False,True,False,5,Convenience Store only,3,"Multiple companies, single service",3.11,1,High,Amazon | Nacex | UPS + Amazon | Nacex | UPS + Amazon | Nacex | UPS,False
VAL_LOC_000248,2,PUDO,290,Firdos Movil.,"C/ Emilio Baró, 45",39.48712871174122,-0.3614104691956974,240,46020.0,290 + 725,Amazon + Ctt Express,Convenience Stores,Privada,Premises,Valencia + Valecia,Amazon + CTT Express,Convenience stores,Private,Premises,Valencia + Valecia,Firdos Movil. + Firdos Movil,"C/ Emilio Baró, 45 + C/ Emilio Baró, 45",46020.0 + 46020.0,,,,7 + 7,Convenience Store + Convenience Store,1,2,2,False,False,False,False,False,False,True,False,5,Convenience Store only,3,"Multiple companies, single service",5.44,1,High,Amazon | Ctt Express + Amazon | Ctt Express,False
VAL_LOC_000249,2,PUDO,291,Muizz Copy House,"C. del Dr. Vicente Zaragozá, 9",39.48565145707735,-0.36403875923255336,240,46020.0,291 + 722,Amazon + Ctt Express,Convenience Stores,Privada,Premises,Valencia + Valecia,Amazon + CTT Express,Convenience stores,Private,Premises,Valencia + Valecia,Muizz Copy House + Muizz Copy House,"C. del Dr. Vicente Zaragozá, 9 + C. del Dr. Vicente Zaragozá, 9",46020.0 + 46020.0,,,,7 + 7,Convenience Store + Convenience Store,1,2,2,False,False,False,False,False,False,True,False,5,Convenience Store only,3,"Multiple companies, single service",1.33,1,High,Amazon | Ctt Express + Amazon | Ctt Express,False
VAL_LOC_000253,2,PUDO,295,Lenceria Gracia.,"C. de l'Amistat, 1",39.474359101236345,-0.3524806519816325,240,46021.0,295 + 733,Amazon + Ctt Express,Convenience Stores,Privada,Premises,Valencia + Valecia,Amazon + CTT Express,Convenience stores,Private,Premises,Valencia + Valecia,Lenceria Gracia. + Lenceria Gracia.,"C. de l'Amistat, 1 + C. de l'Amistat, 1",46021.0 + 46021.0,,,,7 + 7,Convenience Store + Convenience Store,1,2,2,False,False,False,False,False,False,True,False,5,Convenience Store only,3,"Multiple companies, single service",24.47,2,Medium,Amazon | Ctt Express + Amazon | Ctt Express,False
VAL_LOC_000254,2,PUDO,296,Mobile Valencia,"Av. Cardenal Benlloch, 93",39.47392177342771,-0.3535034803869501,240,46021.0,296 + 736,Amazon + Ctt Express,Convenience Stores,Privada,Premises,Valencia + Valecia,Amazon + CTT Express,Convenience stores,Private,Premises,Valencia + Valecia,Mobile Valencia + Mobile Valencia,"Av. Cardenal Benlloch, 93 + Av. Cardenal Benlloch, 93",46021.0 + 46021.0,,,,7 + 7,Convenience Store + Convenience Store,1,2,2,False,False,False,False,False,False,True,False,5,Convenience Store only,3,"Multiple companies, single service",20.97,2,Medium,Amazon | Ctt Express + Amazon | Ctt Express,False
VAL_LOC_000255,2,PUDO,297,Seur - Bodaprix Fotografos,"Av. Cardenal Benlloch, 83",39.47333455178885,-0.3537605603955546,240,46021.0,297 + 441,Amazon + SEUR,Convenience Stores,Privada,Premises,Valencia,Amazon + Seur,Convenience stores,Private,Premises,Valencia,Seur - Bodaprix Fotografos + Bodaprix Fotografos,"Av. Cardenal Benlloch, 83 + Av. Cardenal Benlloch, 83",46021.0 + 46021.0,,,,7 + 7,Convenience Store + Convenience Store,1,2,2,False,False,False,False,False,False,True,False,5,Convenience Store only,3,"Multiple companies, single service",9.68,1,High,Amazon | SEUR + Amazon | SEUR,False
VAL_LOC_000256,4,PUDO,298,Lockers - Diestre,"C. del Gorgos, 4",39.47681561325822,-0.3530007507995886,420,46021.0,298 + 299 + 930 + 933,Amazon + Amazon + UPS + UPS,Locker + Convenience Stores,Privada,Premises,Valencia,Amazon + Amazon + UPS + UPS,Lockers + Convenience stores,Private,Premises,Valencia,Lockers - Diestre + Monalisa Ii + Fnx-Papeleria Paco + Full-Monalisa Locutorio,"C. del Gorgos, 4 + C. del Gorgos, 4 + C. del Gorgos, 4 + C. del Gorgos, 4",46021.0 + 46021.0 + 46020.0 + 46021.0,,,,1 + 7 + 7 + 7,Locker + Convenience Store + Convenience Store + Convenience Store,1,4,2,True,False,False,False,False,False,True,False,7,Multiple services,4,"Multiple companies, multiple services",17.74,2,Medium,Amazon | UPS + Amazon | UPS + Amazon | UPS + Amazon | UPS,False
VAL_LOC_000257,3,PUDO,300,Seur - Estanco 66,"Avda. de Blasco Ibáñez, 39",39.4761803036639,-0.35329011271266064,360,46021.0,300 + 444 + 932,Amazon + SEUR + UPS,Convenience Stores,Privada,Premises,Valencia,Amazon + Seur + UPS,Convenience stores,Private,Premises,Valencia,Seur - Estanco 66 + Estanco 66 + Costa De Valencia Formacion E Idiom,"Avda. de Blasco Ibáñez, 39 + Avda. de Blasco Ibáñez, 39 + Avda. de Blasco Ibáñez, 39",46021.0 + 46021.0 + 46021.0,,,,7 + 7 + 7,Convenience Store + Convenience Store + Convenience Store,1,3,3,False,False,False,False,False,False,True,False,5,Convenience Store only,3,"Multiple companies, single service",5.79,1,High,Amazon | SEUR | UPS + Amazon | SEUR | UPS + Amazon | SEUR | UPS,False
VAL_LOC_000259,6,PUDO,304,Amazon Convenience stores - Bellacor Telecomunicaciones,"C. del Dr. Manuel Candela, 66",39.4722077316213,-0.34830249608915836,720,46021.0,304 + 489 + 578 + 731 + 854 + 931,Amazon + Dhl + Celeritas + Ctt Express + Nacex + UPS,Convenience Stores,Privada,Premises,Valencia + Valecia,Amazon + DHL + Celeritas + CTT Express + Nacex + UPS,Convenience stores,Private,Premises,Valencia + Valecia,Amazon Convenience stores - Bellacor Telecomunicaciones + Bellacor Telecomunicaciones I + Bellacor Telecomunicaciones + Bellacor Telecomunicaciones + Bellacor Telecomunicaciones (4605-28) + Bellacor Telecomunicaciones,"C. del Dr. Manuel Candela, 66 + C. del Dr. Manuel Candela, 66 + C. del Dr. Manuel Candela, 66 + C. del Dr. Manuel Candela, 66 + C. del Dr. Manuel Candela, 66 + C. del Dr. Manuel Candela, 66",46021.0 + 46021.0 + 46021.0 + 46021.0 + 46021.0 + 46021.0,,,,7 + 7 + 7 + 7 + 7 + 7,Convenience Store + Convenience Store + Convenience Store + Convenience Store + Convenience Store + Convenience Store,1,6,6,False,False,False,False,False,False,True,False,5,Convenience Store only,3,"Multiple companies, single service",18.35,2,Medium,Amazon | Celeritas | Ctt Express | Dhl | Nacex | UPS + Amazon | Celeritas | Ctt Express | Dhl | Nacex | UPS + Amazon | Celeritas | Ctt Express | Dhl | Nacex | UPS + Amazon | Celeritas | Ctt Express | Dhl | Nacex | UPS + Amazon | Celeritas | Ctt Express | Dhl | Nacex | UPS + Amazon | Celeritas | Ctt Express | Dhl | Nacex | UPS,False
VAL_LOC_000263,3,PUDO,308,Interbox,"Avda. de Blasco Ibáñez, 162",39.47189268295412,-0.34176327244925725,300,46022.0,308 + 309 + 800,Amazon + Amazon + Gls,Convenience Stores + Locker,Privada,Premises,Valencia,Amazon + Amazon + GLS,Convenience stores + Lockers,Private,Premises,Valencia,Interbox + Lockers - Peten + Ps Interbox,"Avda. de Blasco Ibáñez, 162 + Avda. de Blasco Ibáñez, 163 + Avda. de Blasco Ibáñez, 162",46022.0 + 46022.0 + 46022.0,,,,7 + 1 + 7,Convenience Store + Locker + Convenience Store,1,3,2,True,False,False,False,False,False,True,False,7,Multiple services,4,"Multiple companies, multiple services",11.38,1,High,Amazon | Gls + Amazon | Gls + Amazon | Gls,False
VAL_LOC_000264,2,PUDO,311,Alimentación M.K,"C. del Explorador Andrés, 2",39.472591889386436,-0.3481135023219845,240,46022.0,311 + 742,Amazon + Ctt Express,Convenience Stores,Privada,Premises,Valencia + Valecia,Amazon + CTT Express,Convenience stores,Private,Premises,Valencia + Valecia,Alimentación M.K + Alimentación M.K,"C. del Explorador Andrés, 2 + C. del Explorador Andrés, 2",46022.0 + 46022.0,,,,7 + 7,Convenience Store + Convenience Store,1,2,2,False,False,False,False,False,False,True,False,5,Convenience Store only,3,"Multiple companies, single service",6.14,1,High,Amazon | Ctt Express + Amazon | Ctt Express,False
VAL_LOC_000269,4,PUDO,317,Amazon Lockers - Debernardo,"C/ Vicente Beltrán Grimal, 17",39.46196613554466,-0.3484688417229894,420,46023.0,317 + 588 + 749 + 941,Amazon + Celeritas + Ctt Express + UPS,Locker + Convenience Stores,Privada,Premises,Valencia + Valecia,Amazon + Celeritas + CTT Express + UPS,Lockers + Convenience stores,Private,Premises,Valencia + Valecia,Amazon Lockers - Debernardo + Estanco Valencia 2 + Estanco Valencia 2 + Estanco Valencia 2,"C/ Vicente Beltrán Grimal, 17 + C/ Vicente Beltrán Grimal, 17 + C/ Vicente Beltrán Grimal, 17 + C/ Vicente Beltrán Grimal, 17",46023.0 + 46023.0 + 46023.0 + 46023.0,,,,1 + 7 + 7 + 7,Locker + Convenience Store + Convenience Store + Convenience Store,1,4,4,True,False,False,False,False,False,True,False,7,Multiple services,4,"Multiple companies, multiple services",23.91,2,Medium,Amazon | Celeritas | Ctt Express | UPS + Amazon | Celeritas | Ctt Express | UPS + Amazon | Celeritas | Ctt Express | UPS + Amazon | Celeritas | Ctt Express | UPS,False
VAL_LOC_000271,2,PUDO,319,Raheem Locutorio,"C. de Higinio Noja, 23",39.46217127984059,-0.34599166432334083,240,46023.0,319 + 753,Amazon + Ctt Express,Convenience Stores,Privada,Premises,Valencia + Valecia,Amazon + CTT Express,Convenience stores,Private,Premises,Valencia + Valecia,Raheem Locutorio + Raheem Locutorio,"C. de Higinio Noja, 23 + C. de Higinio Noja, 23",46023.0 + 46023.0,,,,7 + 7,Convenience Store + Convenience Store,1,2,2,False,False,False,False,False,False,True,False,5,Convenience Store only,3,"Multiple companies, single service",8.75,1,High,Amazon | Ctt Express + Amazon | Ctt Express,False
VAL_LOC_000274,2,PUDO,323,Locutorio Openloc,"C. de Trafalgar, 14",39.46265479047443,-0.3446253121356302,240,46023.0,323 + 750,Amazon + Ctt Express,Convenience Stores,Privada,Premises,Valencia + Valecia,Amazon + CTT Express,Convenience stores,Private,Premises,Valencia + Valecia,Locutorio Openloc + Locutorio Openloc,"C. de Trafalgar, 14 + C. de Trafalgar, 14",46023.0 + 46023.0,,,,7 + 7,Convenience Store + Convenience Store,1,2,2,False,False,False,False,False,False,True,False,5,Convenience Store only,3,"Multiple companies, single service",2.85,1,High,Amazon | Ctt Express + Amazon | Ctt Express,False
VAL_LOC_000278,3,PUDO,328,Reparación De Calzado,"C/ de Rodrigo de Pertegás, 36",39.460998539826335,-0.34191609640153,360,46023.0,328 + 752 + 804,Amazon + Ctt Express + Gls,Convenience Stores,Privada,Premises,Valencia + Valecia,Amazon + CTT Express + GLS,Convenience stores,Private,Premises,Valencia + Valecia,Reparación De Calzado + Reparación De Calzado + Ps Tienda Reparacion De Calzado,"C/ de Rodrigo de Pertegás, 36 + C/ de Rodrigo de Pertegás, 36 + C/ de Rodrigo de Pertegás, 36",46023.0 + 46023.0 + 46023.0,,,,7 + 7 + 7,Convenience Store + Convenience Store + Convenience Store,1,3,3,False,False,False,False,False,False,True,False,5,Convenience Store only,3,"Multiple companies, single service",7.43,1,High,Amazon | Ctt Express | Gls + Amazon | Ctt Express | Gls + Amazon | Ctt Express | Gls,False
VAL_LOC_000290,3,PUDO,340,Bambini Moda Infantil Y Mujer,"C. Campamento, 44",39.50224108420227,-0.4221291979162394,360,46035.0,340 + 766 + 808,Amazon + Ctt Express + Gls,Convenience Stores,Privada,Premises,Valencia + Valecia,Amazon + CTT Express + GLS,Convenience stores,Private,Premises,Valencia + Valecia,Bambini Moda Infantil Y Mujer + Bambini Moda Infantil Y Mujer + Ps Bambini Moda Infantil Y Mujer,"C. Campamento, 44 + C. Campamento, 44 + C / Campamento 44 bajo",46035.0 + 46035.0 + 46035.0,,,,7 + 7 + 7,Convenience Store + Convenience Store + Convenience Store,1,3,3,False,False,False,False,False,False,True,False,5,Convenience Store only,3,"Multiple companies, single service",28.98,2,Medium,Amazon | Ctt Express | Gls + Amazon | Ctt Express | Gls + Amazon | Ctt Express | Gls,False
VAL_LOC_000291,2,PUDO,341,Mg Movil Valencia 2023,"C. Campamento, 38",39.502232428638635,-0.4218303822951547,240,46035.0,341 + 768,Amazon + Ctt Express,Convenience Stores,Privada,Premises,Valencia + Valecia,Amazon + CTT Express,Convenience stores,Private,Premises,Valencia + Valecia,Mg Movil Valencia 2023 + Mg Movil Valencia 2023,"C. Campamento, 38 + C. Campamento, 38",46035.0 + 46035.0,,,,7 + 7,Convenience Store + Convenience Store,1,2,2,False,False,False,False,False,False,True,False,5,Convenience Store only,3,"Multiple companies, single service",3.32,1,High,Amazon | Ctt Express + Amazon | Ctt Express,False
VAL_LOC_000295,3,PUDO,345,La Merceria De Maria Amparo,"C. Esperanza, 18",39.49998494358004,-0.41950673326983895,360,46035.0,345 + 595 + 765,Amazon + Celeritas + Ctt Express,Convenience Stores,Privada,Premises,Valencia + Valecia,Amazon + Celeritas + CTT Express,Convenience stores,Private,Premises,Valencia + Valecia,La Merceria De Maria Amparo + La Mercería De Maria Amparo + La Mercería De Maria Amparo,"C. Esperanza, 18 + CALLE ESPERANZA 18 + C. Esperanza, 18",46035.0 + 46035.0 + 46035.0,,,,7 + 7 + 7,Convenience Store + Convenience Store + Convenience Store,1,3,3,False,False,False,False,False,False,True,False,5,Convenience Store only,3,"Multiple companies, single service",18.32,2,Medium,Amazon | Celeritas | Ctt Express + Amazon | Celeritas | Ctt Express + Amazon | Celeritas | Ctt Express,False
VAL_LOC_000297,2,PUDO,349,Ruzafa Bike Rent,"C. de Quart, 48",39.476193011854285,-0.3827359751020161,240,46001.0,349 + 770,SEUR + Gls,Convenience Stores,Privada,Premises,Valencia,Seur + GLS,Convenience stores,Private,Premises,Valencia,Ruzafa Bike Rent + Ps Ruzafa Bike Rent,"C. de Quart, 48 + C. de Quart, 48",46001.0 + 46001.0,,,,7 + 7,Convenience Store + Convenience Store,1,2,2,False,False,False,False,False,False,True,False,5,Convenience Store only,3,"Multiple companies, single service",1.73,1,High,Gls | SEUR + Gls | SEUR,False
VAL_LOC_000299,2,PUDO,353,Phone Center,"C/ Angel Guimera, 13",39.47049832602181,-0.38591490346929425,240,46008.0,353 + 643,SEUR + Ctt Express,Convenience Stores,Privada,Premises,Valencia + Valecia,Seur + CTT Express,Convenience stores,Private,Premises,Valencia + Valecia,Phone Center + Phone Center,"C/ Angel Guimera, 13 + C/ Angel Guimera, 13",46008.0 + 46008.0,,,,7 + 7,Convenience Store + Convenience Store,1,2,2,False,False,False,False,False,False,True,False,5,Convenience Store only,3,"Multiple companies, single service",4.15,1,High,Ctt Express | SEUR + Ctt Express | SEUR,False
VAL_LOC_000301,2,PUDO,355,Seur Lockers Pcbox Valenci,"Gran Vía de Ramón y Cajal, 49",39.46799188766647,-0.3836575835832444,180,46007.0,355 + 966,SEUR + Pudo,Locker + Click&Collect,Privada,Premises,Valencia,Seur + PUDO,Lockers + Click&Collect,Private,Premises,Valencia,Seur Lockers Pcbox Valenci + Pcbox Valencia (Ramon Y Cajal),"Gran Vía de Ramón y Cajal, 49 + Gran Vía de Ramón y Cajal, 49",46007.0 + 46007.0,,,,1 + 3,Locker + Click & Collect,1,2,2,True,False,True,False,False,False,False,False,7,Multiple services,4,"Multiple companies, multiple services",6.72,1,High,Pudo | SEUR + Pudo | SEUR,False
VAL_LOC_000304,3,PUDO,360,Seur Lockers Latin Travel,"C. del Convento de Jerusalén, 28",39.46636509803549,-0.37974651998191095,300,46007.0,360 + 605 + 967,SEUR + Ctt Express + Pudo,Locker + Convenience Stores + Click&Collect,Privada,Premises,Valencia + Valecia,Seur + CTT Express + PUDO,Lockers + Convenience stores + Click&Collect,Private,Premises,Valencia + Valecia,Seur Lockers Latin Travel + Latin Travel España + Latin Travel Convent,"C. del Convento de Jerusalén, 28 + C. del Convento de Jerusalén, 28 + C. del Convento de Jerusalén, 28",46007.0 + 46004.0 + 46007.0,,,,1 + 7 + 3,Locker + Convenience Store + Click & Collect,1,3,3,True,False,True,False,False,False,True,False,7,Multiple services,4,"Multiple companies, multiple services",19.91,2,Medium,Ctt Express | Pudo | SEUR + Ctt Express | Pudo | SEUR + Ctt Express | Pudo | SEUR,False
VAL_LOC_000306,2,PUDO,365,Seur Lockers Alsa Valencia,"Av. de Menéndez Pidal, 11",39.48106613727252,-0.3865274590777011,120,46009.0,365 + 885,SEUR + UPS,Locker,Privada,Premises + Bus Station,Valencia,Seur + UPS,Lockers,Private,Premises + Bus station,Valencia,Seur Lockers Alsa Valencia + Est Alsa Valencia,"Av. de Menéndez Pidal, 11 + Av. de Menéndez Pidal, 11",46009.0 + 46009.0,,,,1 + 1,Locker + Locker,1,2,2,True,False,False,False,False,False,False,False,1,Locker only,3,"Multiple companies, single service",11.69,1,High,SEUR | UPS + SEUR | UPS,False
VAL_LOC_000310,3,PUDO,371,Seur Lockers Ipk Porta Mar,Av. de Navarro Reverter S/N,39.47142342871643,-0.36678097293049,240,46004.0,371 + 869 + 956,SEUR + UPS + Pudo,Locker + Click&Collect,Privada,Parking,Valencia,Seur + UPS + PUDO,Lockers + Click&Collect,Private,Parking,Valencia,Seur Lockers Ipk Porta Mar + Intpkg P De La Mar + Parking Interparking Porta De La Mar,Av. de Navarro Reverter S/N + Av. de Navarro Reverter + Av. de Navarro Reverter,46004.0 + 46004.0 + 46004.0,,,,1 + 1 + 3,Locker + Locker + Click & Collect,1,3,3,True,False,True,False,False,False,False,False,7,Multiple services,4,"Multiple companies, multiple services",11.31,1,High,Pudo | SEUR | UPS + Pudo | SEUR | UPS + Pudo | SEUR | UPS,False
VAL_LOC_000314,2,PUDO,376,Seur Lockers Lidl Valencia,"Gran Vía del Marqués del Turia, 52",39.46706468981391,-0.36814810110929597,180,46005.0,376 + 964,SEUR + Pudo,Locker + Click&Collect,Privada,Supermarket,Valencia,Seur + PUDO,Lockers + Click&Collect,Private,Supermarket,Valencia,Seur Lockers Lidl Valencia + Lidl Valencia Gran Vía,"Gran Vía del Marqués del Turia, 52 + Gran Vía del Marqués del Turia, 52",46005.0 + 46005.0,,,,1 + 3,Locker + Click & Collect,1,2,2,True,False,True,False,False,False,False,False,7,Multiple services,4,"Multiple companies, multiple services",13.39,1,High,Pudo | SEUR + Pudo | SEUR,False
VAL_LOC_000318,3,PUDO,383,Seur Lockers Lidl Sagunto,"C. de Sagunto, 118",39.48718193163574,-0.3748443595834174,240,46009.0,383 + 886 + 970,SEUR + UPS + Pudo,Locker + Click&Collect,Privada,Supermarket,Valencia,Seur + UPS + PUDO,Lockers + Click&Collect,Private,Supermarket,Valencia,Seur Lockers Lidl Sagunto + Lidl Cl Sagunto Vlc + Lidl C/ Sagunto Valencia,"C. de Sagunto, 118 + C. de Sagunto, 118 + C. de Sagunto, 118",46009.0 + 46009.0 + 46009.0,,,,1 + 1 + 3,Locker + Locker + Click & Collect,1,3,3,True,False,True,False,False,False,False,False,7,Multiple services,4,"Multiple companies, multiple services",23.69,2,Medium,Pudo | SEUR | UPS + Pudo | SEUR | UPS + Pudo | SEUR | UPS,False
VAL_LOC_000320,3,PUDO,385,Seur Lockers C.C. Mercado,"Av. de Tirso de Molina, 16",39.47764858961241,-0.3955609914382421,240,46015.0,385 + 911 + 960,SEUR + UPS + Pudo,Locker + Click&Collect,Privada,Mall,Valencia,Seur + UPS + PUDO,Lockers + Click&Collect,Private,Mall,Valencia,Seur Lockers C.C. Mercado + CC Merc Campanar + C.C. Mercado De Campanar,"Av. de Tirso de Molina, 16 + Av. de Tirso de Molina, 16 + Av. de Tirso de Molina, 16",46015.0 + 46015.0 + 46015.0,,,,1 + 1 + 3,Locker + Locker + Click & Collect,1,3,3,True,False,True,False,False,False,False,False,7,Multiple services,4,"Multiple companies, multiple services",10.98,1,High,Pudo | SEUR | UPS + Pudo | SEUR | UPS + Pudo | SEUR | UPS,False
VAL_LOC_000328,2,PUDO,400,Umar Locutorio,"C. Mondúver, 41",39.489858428670644,-0.3868176895540122,240,46025.0,400 + 761,SEUR + Ctt Express,Convenience Stores,Privada,Premises,Valencia + Valecia,Seur + CTT Express,Convenience stores,Private,Premises,Valencia + Valecia,Umar Locutorio + Umar Locutorio,"C. Mondúver, 41 + C. Mondúver, 41",46025.0 + 46025.0,,,,7 + 7,Convenience Store + Convenience Store,1,2,2,False,False,False,False,False,False,True,False,5,Convenience Store only,3,"Multiple companies, single service",5.53,1,High,Ctt Express | SEUR + Ctt Express | SEUR,False
VAL_LOC_000329,2,PUDO,401,Seur Lockers Pcbox Valenci,"CL/SALAMANCA, No48",39.4647975668487,-0.36322589580714365,180,46005.0,401 + 965,SEUR + Pudo,Locker + Click&Collect,Privada,Premises,Valencia,Seur + PUDO,Lockers + Click&Collect,Private,Premises,Valencia,Seur Lockers Pcbox Valenci + Pcbox Valencia (Salamanca),"CL/SALAMANCA, Nº48 + C. de Salamanca, 48",46005.0 + 46005.0,,,,1 + 3,Locker + Click & Collect,1,2,2,True,False,True,False,False,False,False,False,7,Multiple services,4,"Multiple companies, multiple services",21.18,2,Medium,Pudo | SEUR + Pudo | SEUR,False
VAL_LOC_000331,2,PUDO,407,Seur Lockers Lidl Peris,"Av. de Peris y Valero, 145",39.461100384937225,-0.3669758213588594,180,46005.0,407 + 952,SEUR + Pudo,Locker + Click&Collect,Privada,Premises + Supermarket,Valencia,Seur + PUDO,Lockers + Click&Collect,Private,Premises + Supermarket,Valencia,Seur Lockers Lidl Peris + Lidl Peris I Valero,"Av. de Peris y Valero, 145 + Av. de Peris y Valero, 145",46005.0 + 46005.0,,,,1 + 3,Locker + Click & Collect,1,2,2,True,False,True,False,False,False,False,False,7,Multiple services,4,"Multiple companies, multiple services",11.11,1,High,Pudo | SEUR + Pudo | SEUR,False
VAL_LOC_000332,2,PUDO,408,Locutorio Yurema,"Av. Primado Reig, 123",39.48445182765771,-0.3631967916938498,240,46020.0,408 + 720,SEUR + Ctt Express,Convenience Stores,Privada,Premises,Valencia + Valecia,Seur + CTT Express,Convenience stores,Private,Premises,Valencia + Valecia,Locutorio Yurema + Locutorio Catracho,"Av. Primado Reig, 123 + Av. Primado Reig, 123",46020.0 + 46020.0,,,,7 + 7,Convenience Store + Convenience Store,1,2,2,False,False,False,False,False,False,True,False,5,Convenience Store only,3,"Multiple companies, single service",5.35,1,High,Ctt Express | SEUR + Ctt Express | SEUR,False
VAL_LOC_000333,2,PUDO,411,Shopping Center Valencia,"CL/HUMANISTA MARINER, No19",39.460541441285976,-0.39366325504510624,240,46018.0,411 + 700,SEUR + Ctt Express,Convenience Stores,Privada,Mall + Premises,Valencia + Valecia,Seur + CTT Express,Convenience stores,Private,Mall + Premises,Valencia + Valecia,Shopping Center Valencia + Shopping Center Patraix,"CL/HUMANISTA MARINER, Nº19 + C. Humanista Mariner, 19",46018.0 + 46018.0,,,,7 + 7,Convenience Store + Convenience Store,1,2,2,False,False,False,False,False,False,True,False,5,Convenience Store only,3,"Multiple companies, single service",15.63,2,Medium,Ctt Express | SEUR + Ctt Express | SEUR,False
VAL_LOC_000334,2,PUDO,412,Call & More,"C/ de José Grollo, 6",39.49030722016978,-0.3893948412499819,240,46025.0,412 + 757,SEUR + Ctt Express,Convenience Stores,Privada,Premises,Valencia + Valecia,Seur + CTT Express,Convenience stores,Private,Premises,Valencia + Valecia,Call & More + Call & More,"C/ de José Grollo, 6 + C/ de José Grollo, 6",46025.0 + 46025.0,,,,7 + 7,Convenience Store + Convenience Store,1,2,2,False,False,False,False,False,False,True,False,5,Convenience Store only,3,"Multiple companies, single service",1.08,1,High,Ctt Express | SEUR + Ctt Express | SEUR,False
VAL_LOC_000337,2,PUDO,416,Locuvox,"C. Villa de Muro, 6",39.48376436094941,-0.3617458159483382,240,46020.0,416 + 723,SEUR + Ctt Express,Convenience Stores,Privada,Premises,Valencia + Valecia,Seur + CTT Express,Convenience stores,Private,Premises,Valencia + Valecia,Locuvox + Locuvox,"C. Villa de Muro, 6 + CC. Villa de Muro, 6",46020.0 + 46020.0,,,,7 + 7,Convenience Store + Convenience Store,1,2,2,False,False,False,False,False,False,True,False,5,Convenience Store only,3,"Multiple companies, single service",6.73,1,High,Ctt Express | SEUR + Ctt Express | SEUR,False
VAL_LOC_000339,3,PUDO,418,Seur Lockers Lidl Maestro,"Av. del Maestro Rodrigo, 41",39.481842210632344,-0.4014004262872464,240,46015.0,418 + 906 + 968,SEUR + UPS + Pudo,Locker + Click&Collect,Privada,Supermarket,Valencia,Seur + UPS + PUDO,Lockers + Click&Collect,Private,Supermarket,Valencia,Seur Lockers Lidl Maestro + Lidl Maestro Rodrig + Lidl Maestro Rodrigo,"Av. del Maestro Rodrigo, 41 + Av. del Maestro Rodrigo, 41 + Av. del Maestro Rodrigo, 41",46015.0 + 46015.0 + 46015.0,,,,1 + 1 + 3,Locker + Locker + Click & Collect,1,3,3,True,False,True,False,False,False,False,False,7,Multiple services,4,"Multiple companies, multiple services",21.2,2,Medium,Pudo | SEUR | UPS + Pudo | SEUR | UPS + Pudo | SEUR | UPS,False
VAL_LOC_000342,2,PUDO,422,Opensat,"C. Peñíscola, 25",39.49090209021467,-0.3696933583403522,240,46019.0,422 + 710,SEUR + Ctt Express,Convenience Stores,Privada,Premises,Valencia + Valecia,Seur + CTT Express,Convenience stores,Private,Premises,Valencia + Valecia,Opensat + Opensat,"C. Peñíscola, 25 + C. Peñíscola, 25",46019.0 + 46019.0,,,,7 + 7,Convenience Store + Convenience Store,1,2,2,False,False,False,False,False,False,True,False,5,Convenience Store only,3,"Multiple companies, single service",14.85,1,High,Ctt Express | SEUR + Ctt Express | SEUR,False
VAL_LOC_000344,2,PUDO,425,Az Soluciones Contables,"Calle Dr. Garcia Brustenga, 1",39.481245482111234,-0.3575375174081558,240,46020.0,425 + 721,SEUR + Ctt Express,Convenience Stores,Privada,Premises,Valencia + Valecia,Seur + CTT Express,Convenience stores,Private,Premises,Valencia + Valecia,Az Soluciones Contables + Az Soluciones Contables,"Calle Dr. Garcia Brustenga, 1 + Calle Dr. Garcia Brustenga, 1",46020.0 + 46020.0,,,,7 + 7,Convenience Store + Convenience Store,1,2,2,False,False,False,False,False,False,True,False,5,Convenience Store only,3,"Multiple companies, single service",17.79,2,Medium,Ctt Express | SEUR + Ctt Express | SEUR,False
VAL_LOC_000350,2,PUDO,432,Papeleria Daf,"Carrer de la Ciutat de Melilla, 16",39.457059183463684,-0.39245859053144855,240,46017.0,432 + 917,SEUR + UPS,Convenience Stores,Privada,Premises,Valencia,Seur + UPS,Convenience stores,Private,Premises,Valencia,Papeleria Daf + Kanguro Papeleria Daf,"Carrer de la Ciutat de Melilla, 16 + Carrer de la Ciutat de Melilla, 16",46017.0 + 46017.0,,,,7 + 7,Convenience Store + Convenience Store,1,2,2,False,False,False,False,False,False,True,False,5,Convenience Store only,3,"Multiple companies, single service",5.47,1,High,SEUR | UPS + SEUR | UPS,False
VAL_LOC_000352,3,PUDO,434,Punto Movil,"Carrer de Joaquin Benlloch, 21",39.45436638828181,-0.376793321416174,360,46006.0,434 + 484 + 621,SEUR + Dhl + Ctt Express,Convenience Stores,Privada,Premises,Valencia + Valecia,Seur + DHL + CTT Express,Convenience stores,Private,Premises,Valencia + Valecia,Punto Movil + Punto Movil Valencia + Punto Movil,"Carrer de Joaquin Benlloch, 21 + Carrer de Joaquin Benlloch, 21 + Carrer de Joaquin Benlloch, 21",46006.0 + 46006.0 + 46006.0,,,,7 + 7 + 7,Convenience Store + Convenience Store + Convenience Store,1,3,3,False,False,False,False,False,False,True,False,5,Convenience Store only,3,"Multiple companies, single service",15.71,2,Medium,Ctt Express | Dhl | SEUR + Ctt Express | Dhl | SEUR + Ctt Express | Dhl | SEUR,False
VAL_LOC_000354,2,PUDO,436,Woko Bike World,"C. Salvador Almenar, 7",39.48807017383008,-0.3618515839372056,240,46020.0,436 + 483,SEUR + Dhl,Convenience Stores,Privada,Premises,Valencia + Valecia,Seur + DHL,Convenience stores,Private,Premises,Valencia + Valecia,Woko Bike World + Woko Bike World,"C. Salvador Almenar, 7 + C. Salvador Almenar, 7",46020.0 + 46020.0,,,,7 + 7,Convenience Store + Convenience Store,1,2,2,False,False,False,False,False,False,True,False,5,Convenience Store only,3,"Multiple companies, single service",3.5,1,High,Dhl | SEUR + Dhl | SEUR,False
VAL_LOC_000358,2,PUDO,442,Estanco 136,"C. Padre Viñas, 62",39.49379620647095,-0.3710169942459227,240,46019.0,442 + 925,SEUR + UPS,Convenience Stores,Privada,Premises,Valencia,Seur + UPS,Convenience stores,Private,Premises,Valencia,Estanco 136 + Estanc 136 Valencia,"C. Padre Viñas, 62 + C. Padre Viñas, 62",46019.0 + 46019.0,,,,7 + 7,Convenience Store + Convenience Store,1,2,2,False,False,False,False,False,False,True,False,5,Convenience Store only,3,"Multiple companies, single service",1.81,1,High,SEUR | UPS + SEUR | UPS,False
VAL_LOC_000359,2,PUDO,443,Estanco 149,"Av. de Burjassot, 192",39.49303934458291,-0.393612589268288,240,46025.0,443 + 857,SEUR + Nacex,Convenience Stores,Privada,Premises,Valencia,Seur + Nacex,Convenience stores,Private,Premises,Valencia,Estanco 149 + Estanco Valencia-149 (4601-31),"Av. de Burjassot, 192 + Av. de Burjassot, 192",46025.0 + 46025.0,,,,7 + 7,Convenience Store + Convenience Store,1,2,2,False,False,False,False,False,False,True,False,5,Convenience Store only,3,"Multiple companies, single service",18.77,2,Medium,Nacex | SEUR + Nacex | SEUR,False
VAL_LOC_000367,2,PUDO,452,Tienda SEUR,"C/ dels Sants Just i Pastor, 80",39.470213821828295,-0.3462213585581684,240,46022.0,452 + 936,SEUR + UPS,Lsp Pudos + Convenience Stores,Privada,Premises,Valencia,Seur + UPS,LSP PUDOs + Convenience stores,Private,Premises,Valencia,Tienda SEUR + App Leones,"C/ dels Sants Just i Pastor, 80 + C. los Leones, 60",46022.0 + 46022.0,,,,2 + 7,PUDO + Convenience Store,1,2,2,False,True,False,False,False,False,True,False,7,Multiple services,4,"Multiple companies, multiple services",14.65,1,High,SEUR | UPS + SEUR | UPS,False
VAL_LOC_000374,2,PUDO,461,Informatica Ecoturia,"C. Alcira, 4",39.46736218431238,-0.38518111488735124,240,46007.0,461 + 880,Dhl + UPS,Convenience Stores,Privada,Premises,Valecia + Valencia,DHL + UPS,Convenience stores,Private,Premises,Valecia + Valencia,Informatica Ecoturia + Informatica Ecoturia,"C. Alcira, 4 + C. Alcira, 4",46007.0 + 46007.0,,,,7 + 7,Convenience Store + Convenience Store,1,2,2,False,False,False,False,False,False,True,False,5,Convenience Store only,3,"Multiple companies, single service",7.36,1,High,Dhl | UPS + Dhl | UPS,False
VAL_LOC_000379,6,PUDO,467,Carlin El Cid,"Av. del Cid, 48",39.46857475532586,-0.39676381160533875,720,46018.0,467 + 568 + 701 + 791 + 842 + 919,Dhl + Celeritas + Ctt Express + Gls + Nacex + UPS,Convenience Stores,Privada,Premises,Valecia + Valencia,DHL + Celeritas + CTT Express + GLS + Nacex + UPS,Convenience stores,Private,Premises,Valecia + Valencia,Carlin El Cid + Carlin Cid + Carlin Cid + Ps Carlin Cid Valencia + Carlin-Material Y Mecanizacion De Oficinas (4604-59) + Carlin,"Av. del Cid, 48 + Av. del Cid, 48 + Av. del Cid, 48 + Av. del Cid, 48 + Av. del Cid, 48 + Av. del Cid, 48",46018.0 + 46018.0 + 46018.0 + 46018.0 + 46018.0 + 46018.0,,,,7 + 7 + 7 + 7 + 7 + 7,Convenience Store + Convenience Store + Convenience Store + Convenience Store + Convenience Store + Convenience Store,1,6,6,False,False,False,False,False,False,True,False,5,Convenience Store only,3,"Multiple companies, single service",13.71,1,High,Celeritas | Ctt Express | Dhl | Gls | Nacex | UPS + Celeritas | Ctt Express | Dhl | Gls | Nacex | UPS + Celeritas | Ctt Express | Dhl | Gls | Nacex | UPS + Celeritas | Ctt Express | Dhl | Gls | Nacex | UPS + Celeritas | Ctt Express | Dhl | Gls | Nacex | UPS + Celeritas | Ctt Express | Dhl | Gls | Nacex | UPS,False
VAL_LOC_000380,3,PUDO,468,Planta Loca,"C. Alboraya, 45",39.48479199953149,-0.3694488703358147,360,46010.0,468 + 838 + 893,Dhl + Nacex + UPS,Convenience Stores,Privada,Premises,Valecia + Valencia,DHL + Nacex + UPS,Convenience stores,Private,Premises,Valecia + Valencia,Planta Loca + Planta Loca Shop (4601-37) + Planta Loca Shop,"C. Alboraya, 45 + C. Alboraya, 45 + C. Alboraya, 45",46010.0 + 46010.0 + 46010.0,,,,7 + 7 + 7,Convenience Store + Convenience Store + Convenience Store,1,3,3,False,False,False,False,False,False,True,False,5,Convenience Store only,3,"Multiple companies, single service",27.76,2,Medium,Dhl | Nacex | UPS + Dhl | Nacex | UPS + Dhl | Nacex | UPS,False
VAL_LOC_000381,4,PUDO,469,Loterias Marcos Fotografia Mas,"C/ de la Vall de la Ballestera, 36",39.47937106099524,-0.3982749846880632,480,46015.0,469 + 557 + 684 + 910,Dhl + Celeritas + Ctt Express + UPS,Convenience Stores,Privada,Premises,Valecia + Valencia,DHL + Celeritas + CTT Express + UPS,Convenience stores,Private,Premises,Valecia + Valencia,"Loterias Marcos Fotografia Mas + Loterias, Marcos Y Fotografia Mas + Loterias, Marcos Y Fotografia Mas + Fnx-Loterias Marcos Y Mas","C/ de la Vall de la Ballestera, 36 + C/ de la Vall de la Ballestera, 36 + C/ de la Vall de la Ballestera, 36 + C/ de la Vall de la Ballestera, 36",46015.0 + 46015.0 + 46015.0 + 46015.0,,,,7 + 7 + 7 + 7,Convenience Store + Convenience Store + Convenience Store + Convenience Store,1,4,4,False,False,False,False,False,False,True,False,5,Convenience Store only,3,"Multiple companies, single service",28.24,2,Medium,Celeritas | Ctt Express | Dhl | UPS + Celeritas | Ctt Express | Dhl | UPS + Celeritas | Ctt Express | Dhl | UPS + Celeritas | Ctt Express | Dhl | UPS,False
VAL_LOC_000382,3,PUDO,472,Papeleria Altea - Valencia,"C. Maestro Aguilar, 13",39.461581710383626,-0.3700860395679311,360,46006.0,472 + 528 + 619,Dhl + Celeritas + Ctt Express,Convenience Stores,Privada,Premises,Valecia,DHL + Celeritas + CTT Express,Convenience stores,Private,Premises,Valecia,Papeleria Altea - Valencia + Papeleria Altea + Papeleria Altea,"C. Maestro Aguilar, 13 + C. Maestro Aguilar, 13 + C. Maestro Aguilar, 13",46006.0 + 46006.0 + 46006.0,,,,7 + 7 + 7,Convenience Store + Convenience Store + Convenience Store,1,3,3,False,False,False,False,False,False,True,False,5,Convenience Store only,3,"Multiple companies, single service",23.08,2,Medium,Celeritas | Ctt Express | Dhl + Celeritas | Ctt Express | Dhl + Celeritas | Ctt Express | Dhl,False
VAL_LOC_000383,2,PUDO,473,La Union Kiosko,"C. Ministro Luis Mayans, 44",39.48832183633098,-0.37072799833958014,240,46009.0,473 + 887,Dhl + UPS,Convenience Stores,Privada,Kiosk,Valecia + Valencia,DHL + UPS,Convenience stores,Private,Kiosk,Valecia + Valencia,La Union Kiosko + Kiosko La Union,"C. Ministro Luis Mayans, 44 + C. Ministro Luis Mayans, 44",46009.0 + 46009.0,,,,7 + 7,Convenience Store + Convenience Store,1,2,2,False,False,False,False,False,False,True,False,5,Convenience Store only,3,"Multiple companies, single service",10.16,1,High,Dhl | UPS + Dhl | UPS,False
VAL_LOC_000384,2,PUDO,475,Ilusionarte,"Carrer de Fontanars dels Alforins, 70",39.46249708946969,-0.3965662560925456,240,46018.0,475 + 922,Dhl + UPS,Convenience Stores,Privada,Premises,Valecia + Valencia,DHL + UPS,Convenience stores,Private,Premises,Valecia + Valencia,Ilusionarte + Ilusionarte,"Carrer de Fontanars dels Alforins, 70 + Carrer de Fontanars dels Alforins, 70",46018.0 + 46018.0,,,,7 + 7,Convenience Store + Convenience Store,1,2,2,False,False,False,False,False,False,True,False,5,Convenience Store only,3,"Multiple companies, single service",1.74,1,High,Dhl | UPS + Dhl | UPS,False
VAL_LOC_000386,5,PUDO,478,Carlin Rv,"Av. del Reino de Valencia, 84",39.46279365429573,-0.3635565294112858,600,46005.0,478 + 531 + 607 + 775 + 873,Dhl + Celeritas + Ctt Express + Gls + UPS,Convenience Stores,Privada,Premises,Valecia + Valencia,DHL + Celeritas + CTT Express + GLS + UPS,Convenience stores,Private,Premises,Valecia + Valencia,Carlin Rv + Carlin Rv + Carlin Rv + Ps Carlin Reino + Carlin,"Av. del Reino de Valencia, 84 + Av. del Reino de Valencia, 84 + Av. del Reino de Valencia, 84 + Av. del Reino de Valencia, 84 + Av. del Reino de Valencia, 84",46005.0 + 46005.0 + 46005.0 + 46005.0 + 46005.0,,,,7 + 7 + 7 + 7 + 7,Convenience Store + Convenience Store + Convenience Store + Convenience Store + Convenience Store,1,5,5,False,False,False,False,False,False,True,False,5,Convenience Store only,3,"Multiple companies, single service",25.29,2,Medium,Celeritas | Ctt Express | Dhl | Gls | UPS + Celeritas | Ctt Express | Dhl | Gls | UPS + Celeritas | Ctt Express | Dhl | Gls | UPS + Celeritas | Ctt Express | Dhl | Gls | UPS + Celeritas | Ctt Express | Dhl | Gls | UPS,False
VAL_LOC_000389,2,PUDO,481,App Benicalap,CALLE POETA SERRANO CLAVERO 29,39.49251570697311,-0.3894159174526667,240,46025.0,481 + 981,Dhl + Mrw,Convenience Stores + Lsp Pudos,Privada,Premises,Valecia + Valencia,DHL + MRW,Convenience stores + LSP PUDOs,Private,Premises,Valecia + Valencia,App Benicalap + Oficina MRW 04328,"CALLE POETA SERRANO CLAVERO 29 + Carrer de segària, 4",46025.0 + 46009.0,,,,7 + 2,Convenience Store + PUDO,1,2,2,False,True,False,False,False,False,True,False,7,Multiple services,4,"Multiple companies, multiple services",11.8,1,High,Dhl | Mrw + Dhl | Mrw,False
VAL_LOC_000392,3,PUDO,486,Carlin Cb,"Av. Cardenal Benlloch, 110",39.47495392692916,-0.3526733852049487,360,46021.0,486 + 580 + 727,Dhl + Celeritas + Ctt Express,Convenience Stores,Privada,Premises,Valecia,DHL + Celeritas + CTT Express,Convenience stores,Private,Premises,Valecia,Carlin Cb + Carlin Cb + Carlin Cb,"Av. Cardenal Benlloch, 110 + Av. Cardenal Benlloch, 110 + Av. Cardenal Benlloch, 110",46021.0 + 46021.0 + 46021.0,,,,7 + 7 + 7,Convenience Store + Convenience Store + Convenience Store,1,3,3,False,False,False,False,False,False,True,False,5,Convenience Store only,3,"Multiple companies, single service",16.98,2,Medium,Celeritas | Ctt Express | Dhl + Celeritas | Ctt Express | Dhl + Celeritas | Ctt Express | Dhl,False
VAL_LOC_000396,4,PUDO,493,La Fonteta D ́Or,"Carrer del Gravador Jordán, 32",39.444996533977175,-0.36753183415152324,480,46013.0,493 + 550 + 667 + 821,Dhl + Celeritas + Ctt Express + Nacex,Convenience Stores,Privada,Premises,Valecia + Valencia,DHL + Celeritas + CTT Express + Nacex,Convenience stores,Private,Premises,Valecia + Valencia,La Fonteta D´Or + Estanco N 206 Y Loterias + Estanco N 206 Y Loterias + Estanco Valencia-206 (4604-18),"Carrer del Gravador Jordán, 32 + Carrer del Gravador Jordán, 32 + Carrer del Gravador Jordán, 32 + Carrer del Gravador Jordán, 32",46013.0 + 46013.0 + 46013.0 + 46003.0,,,,7 + 7 + 7 + 7,Convenience Store + Convenience Store + Convenience Store + Convenience Store,1,4,4,False,False,False,False,False,False,True,False,5,Convenience Store only,3,"Multiple companies, single service",8.49,1,High,Celeritas | Ctt Express | Dhl | Nacex + Celeritas | Ctt Express | Dhl | Nacex + Celeritas | Ctt Express | Dhl | Nacex + Celeritas | Ctt Express | Dhl | Nacex,False
VAL_LOC_000397,4,PUDO,494,Hiperoffice Alboraya,"Av. Ausiás March, 12",39.45648925395541,-0.3758759314785731,480,46120.0,494 + 688 + 832 + 912,Dhl + Ctt Express + Nacex + UPS,Convenience Stores,Privada,Premises,Valecia + Valencia,DHL + CTT Express + Nacex + UPS,Convenience stores,Private,Premises,Valecia + Valencia,Hiperoffice Alboraya + Tienda Latina Con Mucho Gusto + Tienda Latina Con Mucho Gusto (4630-88) + Con Mucho Gusto,"Av. Ausiás March, 12 + Av. Ausiás March, 2 + Av. Ausiás March, 2 + Av. Ausiás March, 2",46120.0 + 46016.0 + 46016.0 + 46016.0,,,,7 + 7 + 7 + 7,Convenience Store + Convenience Store + Convenience Store + Convenience Store,1,4,4,False,False,False,False,False,False,True,False,5,Convenience Store only,3,"Multiple companies, single service",6.56,1,High,Ctt Express | Dhl | Nacex | UPS + Ctt Express | Dhl | Nacex | UPS + Ctt Express | Dhl | Nacex | UPS + Ctt Express | Dhl | Nacex | UPS,False
VAL_LOC_000398,5,PUDO,495,Papeleria Ébano,"C. del Maestro Valls, 30",39.466157551733055,-0.3410818820573117,600,46022.0,495 + 584 + 737 + 801 + 937,Dhl + Celeritas + Ctt Express + Gls + UPS,Convenience Stores,Privada,Premises,Valecia + Valencia,DHL + Celeritas + CTT Express + GLS + UPS,Convenience stores,Private,Premises,Valecia + Valencia,Papeleria Ébano + Papeleria Ebano + Papeleria Ebano + Ps Papeleria Ebano + Papereria Ebano,"C. del Maestro Valls, 30 + C. del Maestro Valls, 30 + C. del Maestro Valls, 30 + C. del Maestro Valls, 30 + C. del Maestro Valls, 30",46022.0 + 46022.0 + 46022.0 + 46022.0 + 46022.0,,,,7 + 7 + 7 + 7 + 7,Convenience Store + Convenience Store + Convenience Store + Convenience Store + Convenience Store,1,5,5,False,False,False,False,False,False,True,False,5,Convenience Store only,3,"Multiple companies, single service",21.25,2,Medium,Celeritas | Ctt Express | Dhl | Gls | UPS + Celeritas | Ctt Express | Dhl | Gls | UPS + Celeritas | Ctt Express | Dhl | Gls | UPS + Celeritas | Ctt Express | Dhl | Gls | UPS + Celeritas | Ctt Express | Dhl | Gls | UPS,False
VAL_LOC_000400,4,PUDO,497,Expendeduria 164 Valencia,"C. del Stmo. Cristo del Grao, 3",39.46104939253338,-0.33452214453275236,480,46011.0,497 + 547 + 662 + 895,Dhl + Celeritas + Ctt Express + UPS,Convenience Stores,Privada,Premises,Valecia + Valencia,DHL + Celeritas + CTT Express + UPS,Convenience stores,Private,Premises,Valecia + Valencia,Expendeduria 164 Valencia + Drogueria Rafael + Drogueria Rafael + Expendeduria De Tabacos N 164,"C. del Stmo. Cristo del Grao, 3 + C. del Stmo. Cristo del Grao, 4 + C. del Stmo. Cristo del Grao, 4 + C. del Stmo. Cristo del Grao, 3",46011.0 + 46011.0 + 46011.0 + 46011.0,,,,7 + 7 + 7 + 7,Convenience Store + Convenience Store + Convenience Store + Convenience Store,1,4,4,False,False,False,False,False,False,True,False,5,Convenience Store only,3,"Multiple companies, single service",15.2,2,Medium,Celeritas | Ctt Express | Dhl | UPS + Celeritas | Ctt Express | Dhl | UPS + Celeritas | Ctt Express | Dhl | UPS + Celeritas | Ctt Express | Dhl | UPS,False
VAL_LOC_000418,2,PUDO,517,Merceria Lana Negra,"C. de Huesca, 6",39.46958569966354,-0.38043957013893065,240,46001.0,517 + 596,Celeritas + Ctt Express,Convenience Stores,Privada,Premises,Valecia,Celeritas + CTT Express,Convenience stores,Private,Premises,Valecia,Merceria Lana Negra + Merceria Lana Negra,"C. de Huesca, 6 + C. de Huesca, 6",46001.0 + 46001.0,,,,7 + 7,Convenience Store + Convenience Store,1,2,2,False,False,False,False,False,False,True,False,5,Convenience Store only,3,"Multiple companies, single service",2.06,1,High,Celeritas | Ctt Express + Celeritas | Ctt Express,False
VAL_LOC_000419,2,PUDO,518,Kiosco Guillen De Castro,"C/ Guillem de Castro, 55",39.470506736285344,-0.38327210100784503,240,46007.0,518 + 629,Celeritas + Ctt Express,Convenience Stores,Privada,Kiosk,Valecia,Celeritas + CTT Express,Convenience stores,Private,Kiosk + kiosk,Valecia,Kiosco Guillen De Castro + Kiosco Guillen De Castro,"C/ Guillem de Castro, 55 + C/ Guillem de Castro, 55",46007.0 + 46007.0,,,,7 + 7,Convenience Store + Convenience Store,1,2,2,False,False,False,False,False,False,True,False,5,Convenience Store only,3,"Multiple companies, single service",5.53,1,High,Celeritas | Ctt Express + Celeritas | Ctt Express,False
VAL_LOC_000421,3,PUDO,524,Joisfe,"C. del Historiador Sanchis Sivera, 24",39.46877263350182,-0.38733273573770055,360,46008.0,524 + 640 + 883,Celeritas + Ctt Express + UPS,Convenience Stores,Privada,Premises,Valecia + Valencia,Celeritas + CTT Express + UPS,Convenience stores,Private,Premises,Valecia + Valencia,Joisfe + Joisfe + Joisfe,"C. del Historiador Sanchis Sivera, 24 + C. del Historiador Sanchis Sivera, 21 + C. del Historiador Sanchis Sivera, 24",46008.0 + 46008.0 + 46008.0,,,,7 + 7 + 7,Convenience Store + Convenience Store + Convenience Store,1,3,3,False,False,False,False,False,False,True,False,5,Convenience Store only,3,"Multiple companies, single service",6.18,1,High,Celeritas | Ctt Express | UPS + Celeritas | Ctt Express | UPS + Celeritas | Ctt Express | UPS,False
VAL_LOC_000422,2,PUDO,526,Doctor Manzana,"Av. del Reino de Valencia, 18",39.46449950748694,-0.3715631709097168,240,46005.0,526 + 608,Celeritas + Ctt Express,Convenience Stores,Privada,Premises,Valecia,Celeritas + CTT Express,Convenience stores,Private,Premises,Valecia,Doctor Manzana + Doctor Manzana,"Av. del Reino de Valencia, 18 + Av. del Reino de Valencia, 18",46005.0 + 46005.0,,,,7 + 7,Convenience Store + Convenience Store,1,2,2,False,False,False,False,False,False,True,False,5,Convenience Store only,3,"Multiple companies, single service",6.51,1,High,Celeritas | Ctt Express + Celeritas | Ctt Express,False
VAL_LOC_000423,2,PUDO,527,Estanco Tres M's,"Av. de la Constitución, 33",39.4867918287804,-0.3780771703431383,240,46009.0,527 + 649,Celeritas + Ctt Express,Convenience Stores,Privada,Premises,Valecia,Celeritas + CTT Express,Convenience stores,Private,Premises,Valecia,Estanco Tres M's + Estanco Tres M's,"Av. de la Constitución, 33 + Av. de la Constitución, 33",46009.0 + 46009.0,,,,7 + 7,Convenience Store + Convenience Store,1,2,2,False,False,False,False,False,False,True,False,5,Convenience Store only,3,"Multiple companies, single service",9.79,1,High,Celeritas | Ctt Express + Celeritas | Ctt Express,False
VAL_LOC_000425,3,PUDO,533,Kiosko Nanos,"C. de Luis Oliag, 58",39.46137797983416,-0.3616414390097382,360,46006.0,533 + 618 + 624,Celeritas + Ctt Express + Ctt Express,Convenience Stores,Privada,Kiosk,Valecia,Celeritas + CTT Express + CTT Express,Convenience stores,Private,Kiosk,Valecia,Kiosko Nanos + Kiosko Nanos + Kiosko Nanos,"C. de Luis Oliag, 58 + C. de Luis Oliag, 58 + C. de Luis Oliag, 58",46006.0 + 46006.0 + 46006.0,,,,7 + 7 + 7,Convenience Store + Convenience Store + Convenience Store,1,3,2,False,False,False,False,False,False,True,False,5,Convenience Store only,3,"Multiple companies, single service",21.5,2,Medium,Celeritas | Ctt Express + Celeritas | Ctt Express + Celeritas | Ctt Express,False
VAL_LOC_000426,2,PUDO,534,Parkingave.Es,"C. San Vicente Mártir, 204",39.45887846336084,-0.3836717659677762,240,46007.0,534 + 630,Celeritas + Ctt Express,Convenience Stores,Privada,Parking,Valecia,Celeritas + CTT Express,Convenience stores,Private,Parking,Valecia,Parkingave.Es + Parkingave.Es,"C. San Vicente Mártir, 204 + C. San Vicente Mártir, 204",46007.0 + 46007.0,,,,7 + 7,Convenience Store + Convenience Store,1,2,2,False,False,False,False,False,False,True,False,5,Convenience Store only,3,"Multiple companies, single service",6.64,1,High,Celeritas | Ctt Express + Celeritas | Ctt Express,False
VAL_LOC_000428,3,PUDO,536,Expendeduria 117,"C. de los Zapadores, 63",39.45601606274122,-0.3667457455110846,360,46006.0,536 + 617 + 875,Celeritas + Ctt Express + UPS,Convenience Stores,Privada,Premises,Valecia + Valencia,Celeritas + CTT Express + UPS,Convenience stores,Private,Premises,Valecia + Valencia,Expendeduria 117 + Expendeduria 117 + Estanco 117,"C. de los Zapadores, 63 + C. de los Zapadores, 63 + C. de los Zapadores, 63",46006.0 + 46006.0 + 46006.0,,,,7 + 7 + 7,Convenience Store + Convenience Store + Convenience Store,1,3,3,False,False,False,False,False,False,True,False,5,Convenience Store only,3,"Multiple companies, single service",11.8,1,High,Celeritas | Ctt Express | UPS + Celeritas | Ctt Express | UPS + Celeritas | Ctt Express | UPS,False
VAL_LOC_000429,2,PUDO,539,Eco Store,"Av. Pío XII, 2",39.4802569469334,-0.3909776459286215,240,47008.0,539 + 540,Celeritas + Celeritas,Convenience Stores,Privada,Premises,Valecia,Celeritas + Celeritas,Convenience stores,Private,Premises,Valecia,Eco Store + Yoigo Novocentro,"Av. Pío XII, 2 + Av. Pío XII, 2",47008.0 + 46009.0,,,,7 + 7,Convenience Store + Convenience Store,1,2,1,False,False,False,False,False,False,True,False,5,Convenience Store only,2,"Same company, multiple records",0.0,1,High,Celeritas + Celeritas,False
VAL_LOC_000430,2,PUDO,541,Papelería La Zaidía,"C/ del Padre Urbano, 33",39.489344201455154,-0.37244224592479525,240,46009.0,541 + 650,Celeritas + Ctt Express,Convenience Stores,Privada,Premises,Valecia,Celeritas + CTT Express,Convenience stores,Private,Premises,Valecia,Papelería La Zaidía + Papelería La Zaidía,"C/ del Padre Urbano, 33 + C/ del Padre Urbano, 33",46009.0 + 46009.0,,,,7 + 7,Convenience Store + Convenience Store,1,2,2,False,False,False,False,False,False,True,False,5,Convenience Store only,3,"Multiple companies, single service",11.05,1,High,Celeritas | Ctt Express + Celeritas | Ctt Express,False
VAL_LOC_000431,2,PUDO,543,Papeleria Braille,"C/ de Luis Crumiere, 1",39.48947731994228,-0.3801803124920606,240,46009.0,543 + 646,Celeritas + Ctt Express,Convenience Stores,Privada,Premises,Valecia,Celeritas + CTT Express,Convenience stores,Private,Premises,Valecia,Papeleria Braille + Papeleria Braille,"C/ de Luis Crumiere, 1 + C/ de Luis Crumiere, 1",46009.0 + 46009.0,,,,7 + 7,Convenience Store + Convenience Store,1,2,2,False,False,False,False,False,False,True,False,5,Convenience Store only,3,"Multiple companies, single service",26.06,2,Medium,Celeritas | Ctt Express + Celeritas | Ctt Express,False
VAL_LOC_000432,2,PUDO,544,Tink Factoria Color,"Calle Dr. Rodríguez Fornos, 12",39.47615456418224,-0.3602050606836975,240,46010.0,544 + 657,Celeritas + Ctt Express,Convenience Stores,Privada,Premises,Valecia,Celeritas + CTT Express,Convenience stores,Private,Premises,Valecia,Tink Factoria Color + Tink Factoria Color,"Calle Dr. Rodríguez Fornos, 12 + Calle Dr. Rodríguez Fornos, 12",46010.0 + 46010.0,,,,7 + 7,Convenience Store + Convenience Store,1,2,2,False,False,False,False,False,False,True,False,5,Convenience Store only,3,"Multiple companies, single service",11.39,1,High,Celeritas | Ctt Express + Celeritas | Ctt Express,False
VAL_LOC_000433,2,PUDO,548,Kiosco Malvarrosa,"C. Fuente Encarroz, 3",39.481838415708,-0.3277140760213887,240,46011.0,548 + 663,Celeritas + Ctt Express,Convenience Stores,Privada,Kiosk,Valecia,Celeritas + CTT Express,Convenience stores,Private,Kiosk,Valecia,Kiosco Malvarrosa + Kiosco Malvarrosa,"C. Fuente Encarroz, 3 + C. Fuente Encarroz, 3",46011.0 + 46011.0,,,,7 + 7,Convenience Store + Convenience Store,1,2,2,False,False,False,False,False,False,True,False,5,Convenience Store only,3,"Multiple companies, single service",12.35,1,High,Celeritas | Ctt Express + Celeritas | Ctt Express,False
VAL_LOC_000434,3,PUDO,549,Larca Dels Blavets,"C/ de Mossèn Cuenca, 28",39.42244861388864,-0.33793828822205824,360,46012.0,549 + 666 + 896,Celeritas + Ctt Express + UPS,Convenience Stores,Privada,Premises,Valecia + Valencia,Celeritas + CTT Express + UPS,Convenience stores,Private,Premises,Valecia + Valencia,Larca Dels Blavets + Larca Dels Blavets + L Arca Dels Blavets,"C/ de Mossèn Cuenca, 28 + C/ de Mossèn Cuenca, 28 + C/ de Mossèn Cuenca, 28",46012.0 + 46012.0 + 46012.0,,,,7 + 7 + 7,Convenience Store + Convenience Store + Convenience Store,1,3,3,False,False,False,False,False,False,True,False,5,Convenience Store only,3,"Multiple companies, single service",9.62,1,High,Celeritas | Ctt Express | UPS + Celeritas | Ctt Express | UPS + Celeritas | Ctt Express | UPS,False
VAL_LOC_000435,4,PUDO,551,Estanco Ciudad De La Justicia,"C. del Poeta Josep Cervera i Grífol, 12",39.45455719431899,-0.3575069447804228,480,46013.0,551 + 668 + 829 + 899,Celeritas + Ctt Express + Nacex + UPS,Convenience Stores,Privada,Premises,Valecia + Valencia,Celeritas + CTT Express + Nacex + UPS,Convenience stores,Private,Premises,Valecia + Valencia,Estanco Ciudad De La Justicia + Estanco Ciudad De La Justicia + Estanco Ciudad De La Justicia (4604-60) + Fnx-Estanco Ciudad De La Justicia,"C. del Poeta Josep Cervera i Grífol, 12 + C. del Poeta Josep Cervera i Grífol, 12 + C. del Poeta Josep Cervera i Grífol, 12 + C. del Poeta Josep Cervera i Grífol, 12",46013.0 + 46013.0 + 46013.0 + 46013.0,,,,7 + 7 + 7 + 7,Convenience Store + Convenience Store + Convenience Store + Convenience Store,1,4,4,False,False,False,False,False,False,True,False,5,Convenience Store only,3,"Multiple companies, single service",28.45,2,Medium,Celeritas | Ctt Express | Nacex | UPS + Celeritas | Ctt Express | Nacex | UPS + Celeritas | Ctt Express | Nacex | UPS + Celeritas | Ctt Express | Nacex | UPS,False
VAL_LOC_000436,2,PUDO,552,Apvpvp Asociación Vendedores Prensa,"C. Músico Gomis, 32",39.4595672724401,-0.39963661495110536,240,46014.0,552 + 673,Celeritas + Ctt Express,Convenience Stores,Privada,Premises,Valecia,Celeritas + CTT Express,Convenience stores,Private,Premises,Valecia,Apvpvp Asociación Vendedores Prensa + Apvpvp Asociación Vendedores Prensa,"C. Músico Gomis, 32 + C. Músico Gomis, 32",46014.0 + 46014.0,,,,7 + 7,Convenience Store + Convenience Store,1,2,2,False,False,False,False,False,False,True,False,5,Convenience Store only,3,"Multiple companies, single service",16.93,2,Medium,Celeritas | Ctt Express + Celeritas | Ctt Express,False
VAL_LOC_000437,2,PUDO,553,Papeleria Gloria,"Carrer José María Mortes Lerma, 32",39.4632448665829,-0.40250706170053185,240,46014.0,553 + 672,Celeritas + Ctt Express,Convenience Stores,Privada,Premises,Valecia,Celeritas + CTT Express,Convenience stores,Private,Premises,Valecia,Papeleria Gloria + Papeleria Gloria,"Carrer José María Mortes Lerma, 32 + Carrer José María Mortes Lerma, 32",46014.0 + 46014.0,,,,7 + 7,Convenience Store + Convenience Store,1,2,2,False,False,False,False,False,False,True,False,5,Convenience Store only,3,"Multiple companies, single service",1.84,1,High,Celeritas | Ctt Express + Celeritas | Ctt Express,False
VAL_LOC_000438,2,PUDO,554,Informatica Ramirez,"Carrer José María Mortes Lerma, 29",39.46313246499814,-0.4026978447122213,240,46014.0,554 + 671,Celeritas + Ctt Express,Convenience Stores,Privada,Premises,Valecia,Celeritas + CTT Express,Convenience stores,Private,Premises,Valecia,Informatica Ramirez + Informatica Ramirez,"Carrer José María Mortes Lerma, 29 + Carrer José María Mortes Lerma, 29",46014.0 + 46014.0,,,,7 + 7,Convenience Store + Convenience Store,1,2,2,False,False,False,False,False,False,True,False,5,Convenience Store only,3,"Multiple companies, single service",7.37,1,High,Celeritas | Ctt Express + Celeritas | Ctt Express,False
VAL_LOC_000440,3,PUDO,558,Estanco Las Vías,"C. de la Florista, 1",39.49001225927396,-0.39126304023834074,360,46015.0,558 + 682 + 856,Celeritas + Ctt Express + Nacex,Convenience Stores,Privada,Premises,Valecia + Valencia,Celeritas + CTT Express + Nacex,Convenience stores,Private,Premises,Valecia + Valencia,Estanco Las Vías + Estanco Las Vías + Estanco Las Vias (4616-95),"C. de la Florista, 1 + C. de la Florista, 1 + C. de la Florista, 1",46015.0 + 46015.0 + 46015.0,,,,7 + 7 + 7,Convenience Store + Convenience Store + Convenience Store,1,3,3,False,False,False,False,False,False,True,False,5,Convenience Store only,3,"Multiple companies, single service",15.76,2,Medium,Celeritas | Ctt Express | Nacex + Celeritas | Ctt Express | Nacex + Celeritas | Ctt Express | Nacex,False
VAL_LOC_000441,3,PUDO,560,Estanco Carpesa,"Plaça del Poble, 7",39.51715342207933,-0.3783472591855818,360,46016.0,560 + 687 + 913,Celeritas + Ctt Express + UPS,Convenience Stores,Privada,Premises,Valecia + Valencia,Celeritas + CTT Express + UPS,Convenience stores,Private,Premises,Valecia + Valencia,Estanco Carpesa + Estanco Carpesa + Estanco Carpesa,"Plaça del Poble, 7 + Plaça del Poble, 7 + Plaça del Poble, 7",46016.0 + 46016.0 + 46016.0,,,,7 + 7 + 7,Convenience Store + Convenience Store + Convenience Store,1,3,3,False,False,False,False,False,False,True,False,5,Convenience Store only,3,"Multiple companies, single service",9.61,1,High,Celeritas | Ctt Express | UPS + Celeritas | Ctt Express | UPS + Celeritas | Ctt Express | UPS,False
VAL_LOC_000442,4,PUDO,561,Material Didactico,"Pl. de Holanda, 7",39.44881775384094,-0.3879580697745492,480,46017.0,561 + 689 + 825 + 914,Celeritas + Ctt Express + Nacex + UPS,Convenience Stores,Privada,Premises,Valecia + Valencia,Celeritas + CTT Express + Nacex + UPS,Convenience stores,Private,Premises,Valecia + Valencia,Material Didactico + Material Didactico + Material Didactico (4604-37) + Material Didactico,"Pl. de Holanda, 7 + Pl. de Holanda, 7 + Pl. de Holanda, 7 + Pl. de Holanda, 7",46017.0 + 46017.0 + 46017.0 + 46017.0,,,,7 + 7 + 7 + 7,Convenience Store + Convenience Store + Convenience Store + Convenience Store,1,4,4,False,False,False,False,False,False,True,False,5,Convenience Store only,3,"Multiple companies, single service",10.13,1,High,Celeritas | Ctt Express | Nacex | UPS + Celeritas | Ctt Express | Nacex | UPS + Celeritas | Ctt Express | Nacex | UPS + Celeritas | Ctt Express | Nacex | UPS,False
VAL_LOC_000443,2,PUDO,563,Kiosco Sonia,"Calle Juan de Garay, 40",39.454666866622276,-0.3939274870984235,240,46017.0,563 + 691,Celeritas + Ctt Express,Convenience Stores,Privada,Kiosk,Valecia,Celeritas + CTT Express,Convenience stores,Private,Kiosk,Valecia,Kiosco Sonia + Kiosco Sonia,"Calle Juan de Garay, 40 + Calle Juan de Garay, 40",46017.0 + 46017.0,,,,7 + 7,Convenience Store + Convenience Store,1,2,2,False,False,False,False,False,False,True,False,5,Convenience Store only,3,"Multiple companies, single service",6.51,1,High,Celeritas | Ctt Express + Celeritas | Ctt Express,False
VAL_LOC_000445,2,PUDO,571,Papeleria - Imprenta La Popular,"Av. de la Constitución, 245",39.497389877643954,-0.3707687819112858,240,46019.0,571 + 709,Celeritas + Ctt Express,Convenience Stores,Privada,Premises,Valecia,Celeritas + CTT Express,Convenience stores,Private,Premises,Valecia,Papeleria - Imprenta La Popular + Papeleria - Imprenta La Popular,"Av. de la Constitución, 245 + Av. de la Constitución, 245",46019.0 + 46019.0,,,,7 + 7,Convenience Store + Convenience Store,1,2,2,False,False,False,False,False,False,True,False,5,Convenience Store only,3,"Multiple companies, single service",3.59,1,High,Celeritas | Ctt Express + Celeritas | Ctt Express,False
VAL_LOC_000446,2,PUDO,572,Estanco Orriols,"C. Padre Viñas, 88",39.49569765929641,-0.3692924179189069,240,46019.0,572 + 708,Celeritas + Ctt Express,Convenience Stores,Privada,Premises,Valecia,Celeritas + CTT Express,Convenience stores,Private,Premises,Valecia,Estanco Orriols + Estanco Orriols,"C. Padre Viñas, 88 + C. Padre Viñas, 88",46019.0 + 46019.0,,,,7 + 7,Convenience Store + Convenience Store,1,2,2,False,False,False,False,False,False,True,False,5,Convenience Store only,3,"Multiple companies, single service",27.39,2,Medium,Celeritas | Ctt Express + Celeritas | Ctt Express,False
VAL_LOC_000448,2,PUDO,574,Papeleria Paco,"Av. Alfahuir, 34",39.48998330023491,-0.3644910866259454,240,46020.0,574 + 718,Celeritas + Ctt Express,Convenience Stores,Privada,Premises,Valecia,Celeritas + CTT Express,Convenience stores,Private,Premises,Valecia,Papeleria Paco + Papeleria Paco,"Av. Alfahuir, 34 + Av. Alfahuir, 34",46020.0 + 46020.0,,,,7 + 7,Convenience Store + Convenience Store,1,2,2,False,False,False,False,False,False,True,False,5,Convenience Store only,3,"Multiple companies, single service",0.92,1,High,Celeritas | Ctt Express + Celeritas | Ctt Express,False
VAL_LOC_000450,2,PUDO,576,Llibres & Co,"Calle la Guardia Civil, 4",39.482843895693634,-0.3599066945192563,240,46020.0,576 + 719,Celeritas + Ctt Express,Convenience Stores,Privada,Premises,Valecia,Celeritas + CTT Express,Convenience stores,Private,Premises,Valecia,Llibres & Co + Llibres & Co,"Calle la Guardia Civil, 4 + Calle la Guardia Civil, 4",46020.0 + 46020.0,,,,7 + 7,Convenience Store + Convenience Store,1,2,2,False,False,False,False,False,False,True,False,5,Convenience Store only,3,"Multiple companies, single service",9.39,1,High,Celeritas | Ctt Express + Celeritas | Ctt Express,False
VAL_LOC_000451,2,PUDO,577,Kiosco Paqui,"C. Abén al Abbar, 9",39.46768202426276,-0.3530417860430781,240,46021.0,577 + 728,Celeritas + Ctt Express,Convenience Stores,Privada,Kiosk,Valecia,Celeritas + CTT Express,Convenience stores,Private,Kiosk,Valecia,Kiosco Paqui + Kiosco Paqui,"C. Abén al Abbar, 9 + C. Abén al Abbar, 9",46021.0 + 46021.0,,,,7 + 7,Convenience Store + Convenience Store,1,2,2,False,False,False,False,False,False,True,False,5,Convenience Store only,3,"Multiple companies, single service",25.81,2,Medium,Celeritas | Ctt Express + Celeritas | Ctt Express,False
VAL_LOC_000452,3,PUDO,579,Kiosco Brenda,"C/ de la Puebla de Farnals, 13",39.47041837394214,-0.35356737861047177,360,46021.0,579 + 730 + 798,Celeritas + Ctt Express + Gls,Convenience Stores,Privada,Kiosk,Valecia + Valencia,Celeritas + CTT Express + GLS,Convenience stores,Private,Kiosk,Valecia + Valencia,Kiosco Brenda + Kiosco Brenda + Ps Kiosko Brenda,"C/ de la Puebla de Farnals, 13 + C/ de la Puebla de Farnals, 13 + C/ de la Puebla de Farnals, 13",46021.0 + 46021.0 + 46021.0,,,,7 + 7 + 7,Convenience Store + Convenience Store + Convenience Store,1,3,3,False,False,False,False,False,False,True,False,5,Convenience Store only,3,"Multiple companies, single service",23.39,2,Medium,Celeritas | Ctt Express | Gls + Celeritas | Ctt Express | Gls + Celeritas | Ctt Express | Gls,False
VAL_LOC_000453,3,PUDO,581,Copibalbi Slu,"C/ del Clariano, 19",39.47838857421927,-0.3517798845856535,360,46021.0,581 + 729 + 799,Celeritas + Ctt Express + Gls,Convenience Stores,Privada,Premises,Valecia + Valencia,Celeritas + CTT Express + GLS,Convenience stores,Private,Premises,Valecia + Valencia,Copibalbi Slu + Copibalbi Slu + Ps Copibalbi,"C/ del Clariano, 19 + C/ del Clariano, 19 + C/ del Clariano, 19",46021.0 + 46021.0 + 46021.0,,,,7 + 7 + 7,Convenience Store + Convenience Store + Convenience Store,1,3,3,False,False,False,False,False,False,True,False,5,Convenience Store only,3,"Multiple companies, single service",9.58,1,High,Celeritas | Ctt Express | Gls + Celeritas | Ctt Express | Gls + Celeritas | Ctt Express | Gls,False
VAL_LOC_000455,3,PUDO,583,El Gato De Papel,"C. los Leones, 37",39.46826437650189,-0.34777137568664607,360,46022.0,583 + 739 + 746,Celeritas + Ctt Express + Ctt Express,Convenience Stores,Privada,Premises,Valecia,Celeritas + CTT Express + CTT Express,Convenience stores,Private,Premises,Valecia,El Gato De Papel + El Gato De Papel + Zaman Supermercado,"C. los Leones, 37 + C. los Leones, 37 + C. los Leones, 39",46022.0 + 46022.0 + 46022.0,,,,7 + 7 + 7,Convenience Store + Convenience Store + Convenience Store,1,3,2,False,False,False,False,False,False,True,False,5,Convenience Store only,3,"Multiple companies, single service",3.83,1,High,Celeritas | Ctt Express + Celeritas | Ctt Express + Celeritas | Ctt Express,False
VAL_LOC_000456,2,PUDO,585,Kiosco Doan,"C. de José Aguilar, 53",39.46678429331348,-0.3397992143462475,240,46022.0,585 + 738,Celeritas + Ctt Express,Convenience Stores,Privada,Kiosk,Valecia,Celeritas + CTT Express,Convenience stores,Private,Kiosk,Valecia,Kiosco Doan + Kiosco Doan,"C. de José Aguilar, 53 + C. de José Aguilar, 53",46022.0 + 46022.0,,,,7 + 7,Convenience Store + Convenience Store,1,2,2,False,False,False,False,False,False,True,False,5,Convenience Store only,3,"Multiple companies, single service",18.22,2,Medium,Celeritas | Ctt Express + Celeritas | Ctt Express,False
VAL_LOC_000457,2,PUDO,586,Papeleria Mari,"C. del Pintor Ferrer Calatayud, 1",39.46812770271086,-0.3386397439084033,240,46022.0,586 + 740,Celeritas + Ctt Express,Convenience Stores,Privada,Premises,Valecia,Celeritas + CTT Express,Convenience stores,Private,Premises,Valecia,Papeleria Mari + Papeleria Mari,"C. del Pintor Ferrer Calatayud, 1 + C. del Pintor Ferrer Calatayud, 1",46022.0 + 46022.0,,,,7 + 7,Convenience Store + Convenience Store,1,2,2,False,False,False,False,False,False,True,False,5,Convenience Store only,3,"Multiple companies, single service",3.91,1,High,Celeritas | Ctt Express + Celeritas | Ctt Express,False
VAL_LOC_000459,2,PUDO,590,Ciber Giro Vale,"C. Islas Canarias, 199",39.46302522847712,-0.3439080356805839,240,46023.0,590 + 748,Celeritas + Ctt Express,Convenience Stores,Privada,Premises,Valecia,Celeritas + CTT Express,Convenience stores,Private,Premises,Valecia,Ciber Giro Vale + Ciber Giro Vale,"C. Islas Canarias, 199 + C. Islas Canarias, 199",46023.0 + 46023.0,,,,7 + 7,Convenience Store + Convenience Store,1,2,2,False,False,False,False,False,False,True,False,5,Convenience Store only,3,"Multiple companies, single service",6.18,1,High,Celeritas | Ctt Express + Celeritas | Ctt Express,False
VAL_LOC_000460,2,PUDO,591,Papeleria El Parque,"C/ de José Grollo, 135",39.494569450678256,-0.39459607514020634,240,46025.0,591 + 756,Celeritas + Ctt Express,Convenience Stores,Privada,Premises,Valecia,Celeritas + CTT Express,Convenience stores,Private,Premises,Valecia,Papeleria El Parque + Papeleria El Parque,"C/ de José Grollo, 135 + C/ de José Grollo, 135",46025.0 + 46025.0,,,,7 + 7,Convenience Store + Convenience Store,1,2,2,False,False,False,False,False,False,True,False,5,Convenience Store only,3,"Multiple companies, single service",9.49,1,High,Celeritas | Ctt Express + Celeritas | Ctt Express,False
VAL_LOC_000461,2,PUDO,593,Herboristeria La Terreta,"C/ de l'Illa Cabrera, 33",39.44930868039404,-0.37908387374302155,240,46026.0,593 + 762,Celeritas + Ctt Express,Convenience Stores,Privada,Premises,Valecia,Celeritas + CTT Express,Convenience stores,Private,Premises,Valecia,Herboristeria La Terreta + Herboristeria La Terreta,"C/ de l'Illa Cabrera, 33 + C/ de l'Illa Cabrera, 33",46026.0 + 46026.0,,,,7 + 7,Convenience Store + Convenience Store,1,2,2,False,False,False,False,False,False,True,False,5,Convenience Store only,3,"Multiple companies, single service",7.02,1,High,Celeritas | Ctt Express + Celeritas | Ctt Express,False
VAL_LOC_000462,2,PUDO,594,Papeleria Kiosco El Golosson,"Carr. de Malilla, 45",39.450679248816165,-0.3789023008978425,240,46026.0,594 + 763,Celeritas + Ctt Express,Convenience Stores,Privada,Premises,Valecia,Celeritas + CTT Express,Convenience stores,Private,Premises,Valecia,Papeleria Kiosco El Golosson + Papeleria Kiosco El Golosson,"Carr. de Malilla, 45 + Carr. de Malilla, 45",46026.0 + 46026.0,,,,7 + 7,Convenience Store + Convenience Store,1,2,2,False,False,False,False,False,False,True,False,5,Convenience Store only,3,"Multiple companies, single service",9.26,1,High,Celeritas | Ctt Express + Celeritas | Ctt Express,False
VAL_LOC_000482,2,PUDO,654,Lionnet,"Av. del Dr. Peset Aleixandre, 133",39.48918956233345,-0.3872573494166214,240,46009.0,654 + 782,Ctt Express + Gls,Convenience Stores,Privada,Premises,Valecia + Valencia,CTT Express + GLS,Convenience stores,Private,Premises,Valecia + Valencia,Lionnet + Ps Lionnet Telecomunicaciones,"Av. del Dr. Peset Aleixandre, 133 + Av. del Dr. Peset Aleixandre, 133",46009.0 + 46009.0,,,,7 + 7,Convenience Store + Convenience Store,1,2,2,False,False,False,False,False,False,True,False,5,Convenience Store only,3,"Multiple companies, single service",27.62,2,Medium,Ctt Express | Gls + Ctt Express | Gls,False
VAL_LOC_000491,2,PUDO,680,Multiservicios Llum,"Av. Marconi, 21",39.46752724045069,-0.41432218690574635,240,46014.0,680 + 902,Ctt Express + UPS,Convenience Stores,Privada,Premises,Valecia + Valencia,CTT Express + UPS,Convenience stores,Private,Premises,Valecia + Valencia,Multiservicios Llum + Multiservicios Llum,"Av. Marconi, 21 + Av. Marconi, 21",46014.0 + 46014.0,,,,7 + 7,Convenience Store + Convenience Store,1,2,2,False,False,False,False,False,False,True,False,5,Convenience Store only,3,"Multiple companies, single service",8.24,1,High,Ctt Express | UPS + Ctt Express | UPS,False
VAL_LOC_000494,2,PUDO,694,Kiosco La Cruz,"C. San Vicente Mártir, 340",39.44858392490796,-0.38586900249158984,240,46017.0,694 + 915,Ctt Express + UPS,Convenience Stores,Privada,Kiosk,Valecia + Valencia,CTT Express + UPS,Convenience stores,Private,Kiosk,Valecia + Valencia,Kiosco La Cruz + Kiosco La Cruz,"C. San Vicente Mártir, 340 + SAN VICENT MARTIR 340 BAJO",46017.0 + 46017.0,,,,7 + 7,Convenience Store + Convenience Store,1,2,2,False,False,False,False,False,False,True,False,5,Convenience Store only,3,"Multiple companies, single service",5.6,1,High,Ctt Express | UPS + Ctt Express | UPS,False
VAL_LOC_000508,2,PUDO,751,Yo Reparo,"Av. de Baleares, 41",39.462943905229,-0.3535163161326057,240,46023.0,751 + 940,Ctt Express + UPS,Convenience Stores,Privada,Premises,Valecia + Valencia,CTT Express + UPS,Convenience stores,Private,Premises,Valecia + Valencia,Yo Reparo + Yo Reparo,"Av. de Baleares, 41 + Av. de Baleares, 41",46023.0 + 46023.0,,,,7 + 7,Convenience Store + Convenience Store,1,2,2,False,False,False,False,False,False,True,False,5,Convenience Store only,3,"Multiple companies, single service",3.8,1,High,Ctt Express | UPS + Ctt Express | UPS,False
VAL_LOC_000522,2,PUDO,781,Ps Mobile Valencia,"C. de Sagunto, 103",39.48698338804718,-0.3751191704983261,240,46009.0,781 + 837,Gls + Nacex,Convenience Stores,Privada,Premises,Valencia,GLS + Nacex,Convenience stores,Private,Premises,Valencia,Ps Mobile Valencia + Mobile Valencia (4601-46),"C. de Sagunto, 103 + C. de Sagunto, 103",46009.0 + 46009.0,,,,7 + 7,Convenience Store + Convenience Store,1,2,2,False,False,False,False,False,False,True,False,5,Convenience Store only,3,"Multiple companies, single service",5.37,1,High,Gls | Nacex + Gls | Nacex,False
VAL_LOC_000542,2,PUDO,816,Mail Boxes Etc. 0327,"Av. del Cid, 41",39.468806704162226,-0.4002359703055355,240,46018.0,816 + 918,Mail Boxes Etc + UPS,Lsp Pudos + Convenience Stores,Privada,Premises,Valencia,Mail Boxes ETC + UPS,LSP PUDOs + Convenience stores,Private,Premises,Valencia,Mail Boxes Etc. 0327 + Mail Boxes Etc. 0327,"Av. del Cid, 41 + Av. del Cid, 41",46018.0 + 46018.0,,,,2 + 7,PUDO + Convenience Store,1,2,2,False,True,False,False,False,False,True,False,7,Multiple services,4,"Multiple companies, multiple services",16.93,2,Medium,Mail Boxes Etc | UPS + Mail Boxes Etc | UPS,False
VAL_LOC_000548,3,PUDO,824,Estanco Malilla 99 (4604-26),"Carr. de Malilla, 80",39.44875442144164,-0.3797724148189039,300,46026.0,824 + 948 + 950,Nacex + UPS + Pudo,Convenience Stores + Locker + Click&Collect,Privada,Premises,Valencia,Nacex + UPS + PUDO,Convenience stores + Lockers + Click&Collect,Private,Premises,Valencia,Estanco Malilla 99 (4604-26) + Estanco Malilla + Estanco Malilla,"Carr. de Malilla, 80 + Carr. de Malilla, 80 + Carr. de Malilla, 80",46026.0 + 46026.0 + 46026.0,,,,7 + 1 + 3,Convenience Store + Locker + Click & Collect,1,3,3,True,False,True,False,False,False,True,False,7,Multiple services,4,"Multiple companies, multiple services",2.76,1,High,Nacex | Pudo | UPS + Nacex | Pudo | UPS + Nacex | Pudo | UPS,False
VAL_LOC_000551,2,PUDO,834,La Barraca Smoke (4601-41),"C. San Vicente de Paul, 17",39.62747579420076,-0.5965554087810178,240,46019.0,834 + 926,Nacex + UPS,Convenience Stores,Privada,Premises,Valencia,Nacex + UPS,Convenience stores,Private,Premises,Valencia,La Barraca Smoke (4601-41) + La Barraca Smoke,"C. San Vicente de Paul, 17 + C. San Vicente de Paul, 17",46019.0 + 46019.0,,,,7 + 7,Convenience Store + Convenience Store,1,2,2,False,False,False,False,False,False,True,False,5,Convenience Store only,3,"Multiple companies, single service",10.72,1,High,Nacex | UPS + Nacex | UPS,False
