{
"type": "FeatureCollection",
"name": "limites_barrios",
"crs": { "type": "name", "properties": { "name": "urn:ogc:def:crs:OGC:1.3:CRS84" } },
"features": [
{ "type": "Feature", "properties": { "neighborhood": "Benimaclet", "admin_level": "10" }, "geometry": { "type": "Polygon", "coordinates": [ [ [ -0.3698967, 39.4862748 ], [ -0.369731, 39.4865319 ], [ -0.3696912, 39.4865956 ], [ -0.3696201, 39.4866913 ], [ -0.3695414, 39.4867692 ], [ -0.369209, 39.4873619 ], [ -0.3686854, 39.4877888 ], [ -0.3685473, 39.4878954 ], [ -0.3684664, 39.487953 ], [ -0.3684199, 39.4879844 ], [ -0.3683098, 39.4880554 ], [ -0.368203, 39.4881179 ], [ -0.3679638, 39.4882568 ], [ -0.3677226, 39.4883972 ], [ -0.3675031, 39.4885193 ], [ -0.3673469, 39.4885986 ], [ -0.3671413, 39.4887115 ], [ -0.3670607, 39.4887564 ], [ -0.3669649, 39.4888099 ], [ -0.3660578, 39.489328 ], [ -0.3654014, 39.4897008 ], [ -0.3652145, 39.4895522 ], [ -0.3651419, 39.4894993 ], [ -0.365118, 39.4894814 ], [ -0.3647396, 39.4891978 ], [ -0.3650482, 39.4889789 ], [ -0.3650721, 39.488962 ], [ -0.3653479, 39.4887664 ], [ -0.3656119, 39.4885842 ], [ -0.365953, 39.4883215 ], [ -0.3656793, 39.4881223 ], [ -0.3652411, 39.4878033 ], [ -0.3648134, 39.4874745 ], [ -0.3639842, 39.486868 ], [ -0.3634056, 39.4873366 ], [ -0.3628305, 39.4878032 ], [ -0.3629127, 39.4878677 ], [ -0.3630374, 39.4879655 ], [ -0.3629737, 39.4880161 ], [ -0.3623795, 39.4884885 ], [ -0.3623087, 39.4885861 ], [ -0.3619635, 39.4885645 ], [ -0.3618593, 39.488558 ], [ -0.3617109, 39.4885529 ], [ -0.3606573, 39.4885164 ], [ -0.360491, 39.4885106 ], [ -0.3603108, 39.4888764 ], [ -0.3602748, 39.4889496 ], [ -0.36025, 39.4889992 ], [ -0.3600859, 39.4889748 ], [ -0.358556, 39.4888033 ], [ -0.3572439, 39.4886369 ], [ -0.3572552, 39.4885841 ], [ -0.3573782, 39.4881214 ], [ -0.3574925, 39.4876145 ], [ -0.3575102, 39.4875398 ], [ -0.3575406, 39.4874111 ], [ -0.3575812, 39.4872322 ], [ -0.3576142, 39.4870814 ], [ -0.3575301, 39.4870742 ], [ -0.3573092, 39.4870551 ], [ -0.3572368, 39.4870488 ], [ -0.3568757, 39.4870179 ], [ -0.3562398, 39.4869665 ], [ -0.3562618, 39.4868382 ], [ -0.3563595, 39.4862679 ], [ -0.3563929, 39.486073 ], [ -0.3564087, 39.4859618 ], [ -0.3557875, 39.4859048 ], [ -0.3552655, 39.4858566 ], [ -0.3552183, 39.4858522 ], [ -0.3551293, 39.4858425 ], [ -0.3549673, 39.4858232 ], [ -0.3548845, 39.4858126 ], [ -0.3545998, 39.4857761 ], [ -0.3544808, 39.4857609 ], [ -0.3540045, 39.4856999 ], [ -0.35383, 39.4856775 ], [ -0.3538687, 39.4854458 ], [ -0.3539401, 39.4850571 ], [ -0.3539525, 39.4849873 ], [ -0.3539703, 39.4848871 ], [ -0.3539739, 39.484867 ], [ -0.3539889, 39.4847823 ], [ -0.3539929, 39.48476 ], [ -0.354006, 39.4846859 ], [ -0.3540083, 39.4846732 ], [ -0.3540241, 39.4845271 ], [ -0.3540271, 39.4845072 ], [ -0.3540477, 39.4843911 ], [ -0.3540588, 39.4843218 ], [ -0.3540584, 39.4843197 ], [ -0.3541825, 39.4836071 ], [ -0.3542481, 39.4832532 ], [ -0.3543266, 39.4828369 ], [ -0.3543376, 39.4827478 ], [ -0.3543769, 39.4824746 ], [ -0.3513409, 39.4815823 ], [ -0.3516651, 39.4813685 ], [ -0.3519387, 39.4811987 ], [ -0.352223, 39.4810207 ], [ -0.3525395, 39.4808157 ], [ -0.3528024, 39.4806397 ], [ -0.3530652, 39.4804451 ], [ -0.3532771, 39.4802712 ], [ -0.3534729, 39.4800994 ], [ -0.3536634, 39.4799048 ], [ -0.3538538, 39.4796957 ], [ -0.3540067, 39.4795032 ], [ -0.3541569, 39.4792879 ], [ -0.3543017, 39.4790581 ], [ -0.3544278, 39.4788324 ], [ -0.354569, 39.4785388 ], [ -0.3547381, 39.4781977 ], [ -0.3550415, 39.4782775 ], [ -0.3552454, 39.4783334 ], [ -0.3554278, 39.4783955 ], [ -0.3555941, 39.4784783 ], [ -0.3558004, 39.4786199 ], [ -0.3571318, 39.4796036 ], [ -0.3593129, 39.4812369 ], [ -0.3595453, 39.4814087 ], [ -0.3606662, 39.4822424 ], [ -0.3610677, 39.4825394 ], [ -0.3628119, 39.4838356 ], [ -0.3627923, 39.4838855 ], [ -0.3627419, 39.4840126 ], [ -0.3626306, 39.4842122 ], [ -0.3624332, 39.4845841 ], [ -0.3623494, 39.4847421 ], [ -0.362328, 39.4847872 ], [ -0.3623215, 39.4848002 ], [ -0.3635863, 39.4851691 ], [ -0.3635779, 39.4851858 ], [ -0.3635564, 39.4852282 ], [ -0.3635287, 39.485283 ], [ -0.3635103, 39.4853193 ], [ -0.3634843, 39.4853706 ], [ -0.3637444, 39.4855472 ], [ -0.3647119, 39.4862788 ], [ -0.3654157, 39.4857096 ], [ -0.3669518, 39.4861575 ], [ -0.3672088, 39.4862333 ], [ -0.3673655, 39.4862796 ], [ -0.3675895, 39.4863439 ], [ -0.367638, 39.4863578 ], [ -0.3678391, 39.4864126 ], [ -0.3679224, 39.486433 ], [ -0.3680457, 39.4864633 ], [ -0.3682053, 39.4865027 ], [ -0.3685204, 39.4865782 ], [ -0.3687243, 39.4866248 ], [ -0.3688825, 39.486277 ], [ -0.3693237, 39.4864033 ], [ -0.3694652, 39.486131 ], [ -0.3698967, 39.4862748 ] ] ] } },
{ "type": "Feature", "properties": { "neighborhood": "Camí de Vera", "admin_level": "10" }, "geometry": { "type": "Polygon", "coordinates": [ [ [ -0.36025, 39.4889992 ], [ -0.3602252, 39.4890487 ], [ -0.3601859, 39.4891251 ], [ -0.3601408, 39.4892127 ], [ -0.3601294, 39.4892348 ], [ -0.3600636, 39.4893622 ], [ -0.3600128, 39.4894611 ], [ -0.359619, 39.4902581 ], [ -0.3593011, 39.4909129 ], [ -0.3591825, 39.4911539 ], [ -0.3590282, 39.4914698 ], [ -0.3590178, 39.4914911 ], [ -0.3589766, 39.4915756 ], [ -0.3587752, 39.4919889 ], [ -0.3586096, 39.4923268 ], [ -0.3584951, 39.492543 ], [ -0.3583153, 39.4928823 ], [ -0.3579553, 39.4936239 ], [ -0.3579408, 39.4936538 ], [ -0.3573235, 39.4948837 ], [ -0.3570691, 39.4947698 ], [ -0.3570147, 39.4947179 ], [ -0.3569347, 39.4946651 ], [ -0.3568539, 39.4945336 ], [ -0.3568239, 39.4944292 ], [ -0.3568121, 39.4942965 ], [ -0.356828, 39.4941697 ], [ -0.3568517, 39.4940492 ], [ -0.3568437, 39.4939248 ], [ -0.3567981, 39.4938164 ], [ -0.3567013, 39.4936808 ], [ -0.3566553, 39.4936099 ], [ -0.3566051, 39.4935806 ], [ -0.3564307, 39.4933549 ], [ -0.3562733, 39.4931938 ], [ -0.3562178, 39.4931384 ], [ -0.3561759, 39.4931252 ], [ -0.3561351, 39.4930995 ], [ -0.3559506, 39.4929835 ], [ -0.3553083, 39.4925969 ], [ -0.3549311, 39.492201 ], [ -0.3548277, 39.4918801 ], [ -0.3547596, 39.491789 ], [ -0.3545885, 39.4916768 ], [ -0.3545352, 39.4916398 ], [ -0.3543388, 39.4914559 ], [ -0.354133, 39.4912719 ], [ -0.3539631, 39.4911668 ], [ -0.3538961, 39.4911254 ], [ -0.3537828, 39.4910489 ], [ -0.3536498, 39.4909134 ], [ -0.3534378, 39.4906671 ], [ -0.3533601, 39.4906003 ], [ -0.3532052, 39.4905028 ], [ -0.3531459, 39.4904637 ], [ -0.353077, 39.4903968 ], [ -0.3530728, 39.4903925 ], [ -0.3529078, 39.4902244 ], [ -0.3528205, 39.4901558 ], [ -0.3526943, 39.4900896 ], [ -0.3526291, 39.4900551 ], [ -0.3524278, 39.4899422 ], [ -0.3521398, 39.489737 ], [ -0.3520243, 39.4896486 ], [ -0.3519616, 39.4896064 ], [ -0.3517239, 39.4895012 ], [ -0.3506172, 39.4890023 ], [ -0.350395, 39.4889049 ], [ -0.3503327, 39.4888543 ], [ -0.3503111, 39.4887974 ], [ -0.3502781, 39.4887875 ], [ -0.3502483, 39.4887786 ], [ -0.3501413, 39.4887455 ], [ -0.3500161, 39.488716 ], [ -0.3498864, 39.4886968 ], [ -0.3496351, 39.4886761 ], [ -0.3495963, 39.4886729 ], [ -0.3495588, 39.4886693 ], [ -0.3492599, 39.4886433 ], [ -0.3471671, 39.4884509 ], [ -0.3467196, 39.4883687 ], [ -0.3466815, 39.4883602 ], [ -0.3460328, 39.4882147 ], [ -0.3457623, 39.488154 ], [ -0.3451849, 39.4880012 ], [ -0.3446628, 39.4878396 ], [ -0.3443103, 39.4877304 ], [ -0.3441237, 39.4876538 ], [ -0.3440592, 39.4875887 ], [ -0.3439293, 39.4873281 ], [ -0.3438808, 39.4872782 ], [ -0.3438194, 39.4872442 ], [ -0.3436821, 39.487199 ], [ -0.3431687, 39.4870553 ], [ -0.3429363, 39.4869855 ], [ -0.3436775, 39.4865107 ], [ -0.34537, 39.485428 ], [ -0.3464751, 39.4847097 ], [ -0.3477008, 39.4839231 ], [ -0.348881, 39.4831633 ], [ -0.3505466, 39.482093 ], [ -0.35089, 39.4818757 ], [ -0.3512038, 39.4816728 ], [ -0.3513409, 39.4815823 ], [ -0.3543769, 39.4824746 ], [ -0.3543376, 39.4827478 ], [ -0.3543266, 39.4828369 ], [ -0.3542481, 39.4832532 ], [ -0.3541825, 39.4836071 ], [ -0.3540584, 39.4843197 ], [ -0.3540588, 39.4843218 ], [ -0.3540477, 39.4843911 ], [ -0.3540271, 39.4845072 ], [ -0.3540241, 39.4845271 ], [ -0.3540083, 39.4846732 ], [ -0.354006, 39.4846859 ], [ -0.3539929, 39.48476 ], [ -0.3539889, 39.4847823 ], [ -0.3539739, 39.484867 ], [ -0.3539703, 39.4848871 ], [ -0.3539525, 39.4849873 ], [ -0.3539401, 39.4850571 ], [ -0.3538687, 39.4854458 ], [ -0.35383, 39.4856775 ], [ -0.3540045, 39.4856999 ], [ -0.3544808, 39.4857609 ], [ -0.3545998, 39.4857761 ], [ -0.3548845, 39.4858126 ], [ -0.3549673, 39.4858232 ], [ -0.3551293, 39.4858425 ], [ -0.3552183, 39.4858522 ], [ -0.3552655, 39.4858566 ], [ -0.3557875, 39.4859048 ], [ -0.3564087, 39.4859618 ], [ -0.3563929, 39.486073 ], [ -0.3563595, 39.4862679 ], [ -0.3562618, 39.4868382 ], [ -0.3562398, 39.4869665 ], [ -0.3568757, 39.4870179 ], [ -0.3572368, 39.4870488 ], [ -0.3573092, 39.4870551 ], [ -0.3575301, 39.4870742 ], [ -0.3576142, 39.4870814 ], [ -0.3575812, 39.4872322 ], [ -0.3575406, 39.4874111 ], [ -0.3575102, 39.4875398 ], [ -0.3574925, 39.4876145 ], [ -0.3573782, 39.4881214 ], [ -0.3572552, 39.4885841 ], [ -0.3572439, 39.4886369 ], [ -0.358556, 39.4888033 ], [ -0.3600859, 39.4889748 ], [ -0.36025, 39.4889992 ] ] ] } },
{ "type": "Feature", "properties": { "neighborhood": "el Carme", "admin_level": "10" }, "geometry": { "type": "Polygon", "coordinates": [ [ [ -0.3841017, 39.4753381 ], [ -0.3841564, 39.4757102 ], [ -0.3841466, 39.4757726 ], [ -0.3841029, 39.4761375 ], [ -0.3840599, 39.4765152 ], [ -0.3840259, 39.476723 ], [ -0.3840171, 39.4767801 ], [ -0.3839812, 39.4769615 ], [ -0.3838704, 39.4774835 ], [ -0.3838488, 39.4775856 ], [ -0.383727, 39.4781463 ], [ -0.383724, 39.4781676 ], [ -0.3837082, 39.4782846 ], [ -0.3836923, 39.4784076 ], [ -0.3833026, 39.4794224 ], [ -0.3830801, 39.4800319 ], [ -0.3830369, 39.4801505 ], [ -0.3829956, 39.4802747 ], [ -0.3829731, 39.4803233 ], [ -0.3829422, 39.48039 ], [ -0.383426, 39.481092 ], [ -0.3815322, 39.481835 ], [ -0.3812752, 39.4819221 ], [ -0.3811385, 39.4819684 ], [ -0.3808696, 39.4820536 ], [ -0.3805767, 39.4821166 ], [ -0.3802599, 39.4821426 ], [ -0.3797828, 39.4821277 ], [ -0.3792609, 39.4820667 ], [ -0.3791135, 39.4820357 ], [ -0.3786519, 39.4819385 ], [ -0.377869, 39.4817371 ], [ -0.3773628, 39.4815845 ], [ -0.3767769, 39.4814766 ], [ -0.3760974, 39.4810534 ], [ -0.3754964, 39.4807177 ], [ -0.3740739, 39.4798861 ], [ -0.3738988, 39.4797838 ], [ -0.3735214, 39.479568 ], [ -0.3761773, 39.4789249 ], [ -0.376276, 39.4787577 ], [ -0.3762883, 39.4787292 ], [ -0.3764156, 39.4784347 ], [ -0.3765823, 39.4780582 ], [ -0.3766419, 39.4779265 ], [ -0.3767192, 39.4777484 ], [ -0.3767896, 39.4775944 ], [ -0.3768775, 39.4773924 ], [ -0.3768945, 39.4772747 ], [ -0.3772349, 39.4772183 ], [ -0.3772101, 39.4771638 ], [ -0.3772347, 39.4770453 ], [ -0.377938, 39.4770141 ], [ -0.3779123, 39.4768996 ], [ -0.3779877, 39.4766474 ], [ -0.3782717, 39.4766584 ], [ -0.3784199, 39.4766417 ], [ -0.3787921, 39.4766042 ], [ -0.3791746, 39.4765435 ], [ -0.3797955, 39.4764303 ], [ -0.3800036, 39.4763927 ], [ -0.3801494, 39.4763611 ], [ -0.3801692, 39.4763568 ], [ -0.3803766, 39.4763121 ], [ -0.3804288, 39.4763011 ], [ -0.3804745, 39.4762952 ], [ -0.3811409, 39.4762225 ], [ -0.3819577, 39.4761238 ], [ -0.3822112, 39.4760643 ], [ -0.3825099, 39.4759888 ], [ -0.3828374, 39.4759265 ], [ -0.3828896, 39.4759164 ], [ -0.3831718, 39.4758598 ], [ -0.3832279, 39.4758493 ], [ -0.3832661, 39.4758551 ], [ -0.38333, 39.4758454 ], [ -0.3835125, 39.4758242 ], [ -0.383742, 39.4757991 ], [ -0.3837579, 39.4757973 ], [ -0.383775, 39.4755229 ], [ -0.3837784, 39.4755015 ], [ -0.3838419, 39.4754833 ], [ -0.3839097, 39.4754546 ], [ -0.3839831, 39.4754006 ], [ -0.3841017, 39.4753381 ] ] ] } },
{ "type": "Feature", "properties": { "neighborhood": "la Xerea", "admin_level": "10" }, "geometry": { "type": "Polygon", "coordinates": [ [ [ -0.3754097, 39.4716875 ], [ -0.3755404, 39.4720755 ], [ -0.3755688, 39.4721661 ], [ -0.3755457, 39.4723614 ], [ -0.375527, 39.4725583 ], [ -0.3753891, 39.4727662 ], [ -0.3752996, 39.4729231 ], [ -0.3752885, 39.4729332 ], [ -0.3752586, 39.472951 ], [ -0.3752407, 39.4729708 ], [ -0.3752359, 39.4729906 ], [ -0.3752438, 39.4730115 ], [ -0.3751565, 39.4729754 ], [ -0.3748134, 39.4728525 ], [ -0.3744512, 39.472751 ], [ -0.3743934, 39.4728292 ], [ -0.3743062, 39.4732021 ], [ -0.3743036, 39.4732572 ], [ -0.3743018, 39.4734591 ], [ -0.3742938, 39.473492 ], [ -0.3742609, 39.4735253 ], [ -0.3742591, 39.4735853 ], [ -0.3742651, 39.4739332 ], [ -0.3744524, 39.4739812 ], [ -0.3745636, 39.4740075 ], [ -0.3744424, 39.474273 ], [ -0.3742593, 39.4745133 ], [ -0.3741762, 39.4747328 ], [ -0.3741594, 39.4748158 ], [ -0.3738274, 39.4753883 ], [ -0.3737794, 39.4754022 ], [ -0.3737297, 39.4753955 ], [ -0.3736867, 39.4753785 ], [ -0.3735938, 39.4754744 ], [ -0.3734775, 39.475827 ], [ -0.3734702, 39.4758577 ], [ -0.3734539, 39.4761529 ], [ -0.3734458, 39.4762677 ], [ -0.3734437, 39.4763001 ], [ -0.3732533, 39.4762709 ], [ -0.3732201, 39.4763694 ], [ -0.3732149, 39.4763852 ], [ -0.3731316, 39.476641 ], [ -0.3730851, 39.4766971 ], [ -0.3729933, 39.4768079 ], [ -0.3729264, 39.4769348 ], [ -0.3727638, 39.4769123 ], [ -0.3727197, 39.4769062 ], [ -0.3726344, 39.4768955 ], [ -0.3723005, 39.4768523 ], [ -0.3716898, 39.476758 ], [ -0.3715939, 39.4767704 ], [ -0.3700655, 39.4774074 ], [ -0.3694463, 39.4769452 ], [ -0.3690396, 39.4766736 ], [ -0.3687467, 39.4764364 ], [ -0.3685964, 39.4762468 ], [ -0.3684056, 39.476037 ], [ -0.3675259, 39.4750099 ], [ -0.3669644, 39.4742773 ], [ -0.3669002, 39.4741982 ], [ -0.3663, 39.4734593 ], [ -0.3660115, 39.4730889 ], [ -0.366791, 39.4727116 ], [ -0.3668031, 39.4727059 ], [ -0.3668672, 39.4726754 ], [ -0.3669108, 39.4726548 ], [ -0.3669802, 39.4726207 ], [ -0.3674149, 39.4724433 ], [ -0.367986, 39.4722298 ], [ -0.3680218, 39.4722164 ], [ -0.3681239, 39.4721778 ], [ -0.3682637, 39.4721249 ], [ -0.3684693, 39.472015 ], [ -0.3686117, 39.4719173 ], [ -0.3687265, 39.4718636 ], [ -0.3689097, 39.4719234 ], [ -0.3700501, 39.4722822 ], [ -0.3700452, 39.4723705 ], [ -0.3700549, 39.4726471 ], [ -0.3701144, 39.4726951 ], [ -0.370206, 39.4727165 ], [ -0.3702836, 39.4727313 ], [ -0.3706825, 39.4728125 ], [ -0.3707077, 39.4727468 ], [ -0.3707142, 39.4727261 ], [ -0.3707923, 39.4724746 ], [ -0.3708738, 39.4722005 ], [ -0.3709024, 39.4722042 ], [ -0.370928, 39.4722077 ], [ -0.3715759, 39.4722959 ], [ -0.3716494, 39.4720682 ], [ -0.3717386, 39.4716995 ], [ -0.371788, 39.4714871 ], [ -0.3717961, 39.4714523 ], [ -0.3720169, 39.4714703 ], [ -0.3721529, 39.4714606 ], [ -0.3725299, 39.4715038 ], [ -0.372574, 39.4715185 ], [ -0.3727217, 39.4715677 ], [ -0.373591, 39.4718177 ], [ -0.3736974, 39.4718464 ], [ -0.3738025, 39.47187 ], [ -0.3738227, 39.4718745 ], [ -0.3741186, 39.4719064 ], [ -0.3742122, 39.4718958 ], [ -0.3742676, 39.4718822 ], [ -0.3743238, 39.4718512 ], [ -0.3744124, 39.4718268 ], [ -0.3745201, 39.471818 ], [ -0.3745668, 39.47181 ], [ -0.3746054, 39.4717891 ], [ -0.3746548, 39.4718641 ], [ -0.3746696, 39.4718831 ], [ -0.3746897, 39.4718962 ], [ -0.3747169, 39.4719036 ], [ -0.3747555, 39.4718976 ], [ -0.3749754, 39.4718314 ], [ -0.3751202, 39.4717752 ], [ -0.375359, 39.4716776 ], [ -0.3753802, 39.4716697 ], [ -0.3753997, 39.4716619 ], [ -0.3754097, 39.4716875 ] ] ] } },
{ "type": "Feature", "properties": { "neighborhood": "la Seu", "admin_level": "10" }, "geometry": { "type": "Polygon", "coordinates": [ [ [ -0.3793081, 39.4758259 ], [ -0.3792138, 39.4759055 ], [ -0.3791846, 39.4760747 ], [ -0.3791701, 39.47623 ], [ -0.3791619, 39.4763155 ], [ -0.3791746, 39.4765435 ], [ -0.3787921, 39.4766042 ], [ -0.3784199, 39.4766417 ], [ -0.3782717, 39.4766584 ], [ -0.3779877, 39.4766474 ], [ -0.3779123, 39.4768996 ], [ -0.377938, 39.4770141 ], [ -0.3772347, 39.4770453 ], [ -0.3772101, 39.4771638 ], [ -0.3772349, 39.4772183 ], [ -0.3768945, 39.4772747 ], [ -0.3768775, 39.4773924 ], [ -0.3767896, 39.4775944 ], [ -0.3767192, 39.4777484 ], [ -0.3766419, 39.4779265 ], [ -0.3765823, 39.4780582 ], [ -0.3764156, 39.4784347 ], [ -0.3762883, 39.4787292 ], [ -0.376276, 39.4787577 ], [ -0.3761773, 39.4789249 ], [ -0.3735214, 39.479568 ], [ -0.3728312, 39.4791733 ], [ -0.3724865, 39.4788775 ], [ -0.3723961, 39.4788355 ], [ -0.3710512, 39.4779223 ], [ -0.3700655, 39.4774074 ], [ -0.3715939, 39.4767704 ], [ -0.3716898, 39.476758 ], [ -0.3723005, 39.4768523 ], [ -0.3726344, 39.4768955 ], [ -0.3727197, 39.4769062 ], [ -0.3727638, 39.4769123 ], [ -0.3729264, 39.4769348 ], [ -0.3729933, 39.4768079 ], [ -0.3730851, 39.4766971 ], [ -0.3731316, 39.476641 ], [ -0.3732149, 39.4763852 ], [ -0.3732201, 39.4763694 ], [ -0.3732533, 39.4762709 ], [ -0.3734437, 39.4763001 ], [ -0.3734458, 39.4762677 ], [ -0.3734539, 39.4761529 ], [ -0.3734702, 39.4758577 ], [ -0.3734775, 39.475827 ], [ -0.3735938, 39.4754744 ], [ -0.3736867, 39.4753785 ], [ -0.3737297, 39.4753955 ], [ -0.3737794, 39.4754022 ], [ -0.3738274, 39.4753883 ], [ -0.3741594, 39.4748158 ], [ -0.3741762, 39.4747328 ], [ -0.3742593, 39.4745133 ], [ -0.3744424, 39.474273 ], [ -0.3745636, 39.4740075 ], [ -0.3744524, 39.4739812 ], [ -0.3742651, 39.4739332 ], [ -0.3742591, 39.4735853 ], [ -0.3742609, 39.4735253 ], [ -0.3743983, 39.4735526 ], [ -0.3748383, 39.4736411 ], [ -0.3752148, 39.4737214 ], [ -0.3753541, 39.4737529 ], [ -0.3755621, 39.473797 ], [ -0.3756018, 39.4737906 ], [ -0.3756262, 39.4737738 ], [ -0.3756511, 39.473752 ], [ -0.3756634, 39.4737366 ], [ -0.3757328, 39.4737703 ], [ -0.3757207, 39.473824 ], [ -0.3758498, 39.4738426 ], [ -0.3759081, 39.473851 ], [ -0.3760941, 39.4738775 ], [ -0.3763337, 39.4738959 ], [ -0.3765918, 39.473917 ], [ -0.3767079, 39.4739251 ], [ -0.3768085, 39.4739355 ], [ -0.3768406, 39.4738581 ], [ -0.377008, 39.4739522 ], [ -0.3771137, 39.4740282 ], [ -0.3769786, 39.4741526 ], [ -0.3768677, 39.474257 ], [ -0.3769726, 39.4743585 ], [ -0.377061, 39.4744211 ], [ -0.3770076, 39.474707 ], [ -0.3769844, 39.4748363 ], [ -0.3769583, 39.4749819 ], [ -0.3769557, 39.4749983 ], [ -0.3769388, 39.4751071 ], [ -0.3769351, 39.475131 ], [ -0.3769213, 39.4752198 ], [ -0.3768977, 39.4753717 ], [ -0.3771729, 39.4753748 ], [ -0.3774677, 39.4753767 ], [ -0.377678, 39.475386 ], [ -0.3777189, 39.4755758 ], [ -0.3783138, 39.4757023 ], [ -0.3784984, 39.4756748 ], [ -0.3786074, 39.4756519 ], [ -0.3787676, 39.4756171 ], [ -0.378942, 39.4756126 ], [ -0.3791215, 39.4756306 ], [ -0.379143, 39.4756328 ], [ -0.3792294, 39.4756335 ], [ -0.3792588, 39.4756398 ], [ -0.3792872, 39.4756583 ], [ -0.3792966, 39.4756901 ], [ -0.3792938, 39.4757879 ], [ -0.3792976, 39.4758081 ], [ -0.3793081, 39.4758259 ] ] ] } },
{ "type": "Feature", "properties": { "neighborhood": "el Pilar", "admin_level": "10" }, "geometry": { "type": "Polygon", "coordinates": [ [ [ -0.3841017, 39.4753381 ], [ -0.3839831, 39.4754006 ], [ -0.3839097, 39.4754546 ], [ -0.3838419, 39.4754833 ], [ -0.3837784, 39.4755015 ], [ -0.383775, 39.4755229 ], [ -0.3837579, 39.4757973 ], [ -0.383742, 39.4757991 ], [ -0.3835125, 39.4758242 ], [ -0.38333, 39.4758454 ], [ -0.3832661, 39.4758551 ], [ -0.3832279, 39.4758493 ], [ -0.3831718, 39.4758598 ], [ -0.3828896, 39.4759164 ], [ -0.3828374, 39.4759265 ], [ -0.3825099, 39.4759888 ], [ -0.3822112, 39.4760643 ], [ -0.3819577, 39.4761238 ], [ -0.3811409, 39.4762225 ], [ -0.3811413, 39.4762097 ], [ -0.3811169, 39.4759347 ], [ -0.3810715, 39.4754302 ], [ -0.3808025, 39.4753719 ], [ -0.3809885, 39.4751238 ], [ -0.3809991, 39.4751097 ], [ -0.3810182, 39.4750817 ], [ -0.3811287, 39.4748923 ], [ -0.3812286, 39.4747164 ], [ -0.3812526, 39.4746669 ], [ -0.3812911, 39.4744657 ], [ -0.3812939, 39.4744216 ], [ -0.3812489, 39.4741839 ], [ -0.3812404, 39.4741473 ], [ -0.3812371, 39.4741147 ], [ -0.3812351, 39.4737965 ], [ -0.3812346, 39.4737737 ], [ -0.381227, 39.4737526 ], [ -0.3811758, 39.4736114 ], [ -0.3810622, 39.4734597 ], [ -0.3806617, 39.4731988 ], [ -0.3804755, 39.4731505 ], [ -0.3804949, 39.4731235 ], [ -0.3807304, 39.4727997 ], [ -0.3807713, 39.4727313 ], [ -0.3808114, 39.4726816 ], [ -0.3809862, 39.4724614 ], [ -0.3809848, 39.47242 ], [ -0.3809519, 39.4723148 ], [ -0.3806175, 39.4723474 ], [ -0.3803721, 39.4723628 ], [ -0.380252, 39.4723725 ], [ -0.3801972, 39.472375 ], [ -0.3798603, 39.4724031 ], [ -0.3797491, 39.4723966 ], [ -0.3797382, 39.4721565 ], [ -0.3797362, 39.4721121 ], [ -0.3797323, 39.472026 ], [ -0.3797295, 39.4719632 ], [ -0.3797277, 39.4719088 ], [ -0.3797108, 39.4713706 ], [ -0.3797093, 39.4713242 ], [ -0.3797069, 39.471242 ], [ -0.3797788, 39.4712291 ], [ -0.3798092, 39.4712227 ], [ -0.379847, 39.4712146 ], [ -0.3799655, 39.4711864 ], [ -0.3801481, 39.4711183 ], [ -0.3802181, 39.4710946 ], [ -0.3803974, 39.4710465 ], [ -0.3804193, 39.4710406 ], [ -0.3806174, 39.470992 ], [ -0.3806863, 39.4709744 ], [ -0.3809212, 39.4709194 ], [ -0.381176, 39.4708517 ], [ -0.3814657, 39.4708773 ], [ -0.381478, 39.4709535 ], [ -0.381924, 39.4709481 ], [ -0.3820429, 39.4709443 ], [ -0.3820774, 39.4709429 ], [ -0.3825497, 39.4709319 ], [ -0.3826674, 39.4709269 ], [ -0.3834494, 39.4706862 ], [ -0.383467, 39.4706819 ], [ -0.3836051, 39.4706398 ], [ -0.3839244, 39.4715679 ], [ -0.3839477, 39.4716926 ], [ -0.3839901, 39.4719194 ], [ -0.3839941, 39.4721325 ], [ -0.3839947, 39.4721867 ], [ -0.3839962, 39.4724604 ], [ -0.3839915, 39.4726431 ], [ -0.383982, 39.4727597 ], [ -0.3839599, 39.4730377 ], [ -0.3839097, 39.4736654 ], [ -0.3839137, 39.4737662 ], [ -0.383932, 39.4739874 ], [ -0.3839389, 39.4740456 ], [ -0.3839461, 39.4741067 ], [ -0.3840115, 39.4746251 ], [ -0.3840175, 39.4746794 ], [ -0.3840252, 39.4747542 ], [ -0.3840856, 39.4751955 ], [ -0.3841017, 39.4753381 ] ] ] } },
{ "type": "Feature", "properties": { "neighborhood": "Sant Francesc", "admin_level": "10" }, "geometry": { "type": "Polygon", "coordinates": [ [ [ -0.3836051, 39.4706398 ], [ -0.383467, 39.4706819 ], [ -0.3834494, 39.4706862 ], [ -0.3826674, 39.4709269 ], [ -0.3825497, 39.4709319 ], [ -0.3820774, 39.4709429 ], [ -0.3820429, 39.4709443 ], [ -0.381924, 39.4709481 ], [ -0.381478, 39.4709535 ], [ -0.3814657, 39.4708773 ], [ -0.381176, 39.4708517 ], [ -0.3809212, 39.4709194 ], [ -0.3806863, 39.4709744 ], [ -0.3806174, 39.470992 ], [ -0.3804193, 39.4710406 ], [ -0.3803974, 39.4710465 ], [ -0.3802181, 39.4710946 ], [ -0.3801481, 39.4711183 ], [ -0.3799655, 39.4711864 ], [ -0.379847, 39.4712146 ], [ -0.3798092, 39.4712227 ], [ -0.3797788, 39.4712291 ], [ -0.3797069, 39.471242 ], [ -0.3797093, 39.4713242 ], [ -0.3797108, 39.4713706 ], [ -0.3797277, 39.4719088 ], [ -0.3796008, 39.4719095 ], [ -0.3792383, 39.4718087 ], [ -0.3790678, 39.4716804 ], [ -0.3789123, 39.4715658 ], [ -0.378879, 39.4715535 ], [ -0.3784969, 39.4713894 ], [ -0.3778674, 39.4709237 ], [ -0.3778363, 39.4708992 ], [ -0.3778079, 39.4709333 ], [ -0.377595, 39.4712218 ], [ -0.3775316, 39.4713076 ], [ -0.3771851, 39.471765 ], [ -0.3771542, 39.4718021 ], [ -0.3770459, 39.4718982 ], [ -0.3767258, 39.4723158 ], [ -0.3765277, 39.4725814 ], [ -0.3763008, 39.4728824 ], [ -0.3761132, 39.4731325 ], [ -0.3760921, 39.4731628 ], [ -0.3759032, 39.4734124 ], [ -0.3758698, 39.473457 ], [ -0.3756634, 39.4737366 ], [ -0.3756511, 39.473752 ], [ -0.3756262, 39.4737738 ], [ -0.3756018, 39.4737906 ], [ -0.3755621, 39.473797 ], [ -0.3753541, 39.4737529 ], [ -0.3752148, 39.4737214 ], [ -0.3748383, 39.4736411 ], [ -0.3743983, 39.4735526 ], [ -0.3742609, 39.4735253 ], [ -0.3742938, 39.473492 ], [ -0.3743018, 39.4734591 ], [ -0.3743036, 39.4732572 ], [ -0.3743062, 39.4732021 ], [ -0.3743934, 39.4728292 ], [ -0.3744512, 39.472751 ], [ -0.3748134, 39.4728525 ], [ -0.3751565, 39.4729754 ], [ -0.3752438, 39.4730115 ], [ -0.3752359, 39.4729906 ], [ -0.3752407, 39.4729708 ], [ -0.3752586, 39.472951 ], [ -0.3752885, 39.4729332 ], [ -0.3752996, 39.4729231 ], [ -0.3753891, 39.4727662 ], [ -0.375527, 39.4725583 ], [ -0.3755457, 39.4723614 ], [ -0.3755688, 39.4721661 ], [ -0.3755404, 39.4720755 ], [ -0.3754097, 39.4716875 ], [ -0.3753997, 39.4716619 ], [ -0.3753802, 39.4716697 ], [ -0.375359, 39.4716776 ], [ -0.3751202, 39.4717752 ], [ -0.3749754, 39.4718314 ], [ -0.3747555, 39.4718976 ], [ -0.3747169, 39.4719036 ], [ -0.3746897, 39.4718962 ], [ -0.3746696, 39.4718831 ], [ -0.3746548, 39.4718641 ], [ -0.3746054, 39.4717891 ], [ -0.3745668, 39.47181 ], [ -0.3745201, 39.471818 ], [ -0.3744124, 39.4718268 ], [ -0.3743238, 39.4718512 ], [ -0.3742676, 39.4718822 ], [ -0.3742122, 39.4718958 ], [ -0.3741186, 39.4719064 ], [ -0.3738227, 39.4718745 ], [ -0.3738025, 39.47187 ], [ -0.3736974, 39.4718464 ], [ -0.373591, 39.4718177 ], [ -0.3727217, 39.4715677 ], [ -0.372574, 39.4715185 ], [ -0.3725299, 39.4715038 ], [ -0.3721529, 39.4714606 ], [ -0.3720169, 39.4714703 ], [ -0.3717961, 39.4714523 ], [ -0.371788, 39.4714871 ], [ -0.3717386, 39.4716995 ], [ -0.3716494, 39.4720682 ], [ -0.3715759, 39.4722959 ], [ -0.370928, 39.4722077 ], [ -0.3709024, 39.4722042 ], [ -0.3708738, 39.4722005 ], [ -0.3707923, 39.4724746 ], [ -0.3707142, 39.4727261 ], [ -0.3707077, 39.4727468 ], [ -0.3706825, 39.4728125 ], [ -0.3702836, 39.4727313 ], [ -0.370206, 39.4727165 ], [ -0.3701144, 39.4726951 ], [ -0.3700549, 39.4726471 ], [ -0.3700452, 39.4723705 ], [ -0.3700501, 39.4722822 ], [ -0.3689097, 39.4719234 ], [ -0.3687265, 39.4718636 ], [ -0.3687485, 39.4718352 ], [ -0.3688006, 39.4717724 ], [ -0.3693102, 39.4712816 ], [ -0.3702823, 39.470397 ], [ -0.3711303, 39.4697003 ], [ -0.3712785, 39.4695951 ], [ -0.3721766, 39.4689908 ], [ -0.3727673, 39.4685825 ], [ -0.3728085, 39.4685531 ], [ -0.3729701, 39.4684381 ], [ -0.3730135, 39.4684086 ], [ -0.3736087, 39.4679891 ], [ -0.3736497, 39.4679616 ], [ -0.3737649, 39.467883 ], [ -0.3739198, 39.4677782 ], [ -0.3742817, 39.4675306 ], [ -0.3745999, 39.4673147 ], [ -0.3746551, 39.4672763 ], [ -0.3748174, 39.4671815 ], [ -0.3748618, 39.4671628 ], [ -0.3750385, 39.4671301 ], [ -0.3751932, 39.4671194 ], [ -0.3754457, 39.4671555 ], [ -0.3756941, 39.4672191 ], [ -0.3759395, 39.4672787 ], [ -0.376153, 39.4673494 ], [ -0.37626, 39.4673879 ], [ -0.3765126, 39.4674522 ], [ -0.376553, 39.4674621 ], [ -0.3766164, 39.4674777 ], [ -0.3766841, 39.4674941 ], [ -0.3768066, 39.4675237 ], [ -0.3769167, 39.4675498 ], [ -0.377121, 39.4676014 ], [ -0.3773067, 39.4676509 ], [ -0.3776865, 39.4677445 ], [ -0.3777751, 39.4677652 ], [ -0.3778413, 39.4677796 ], [ -0.3778837, 39.4677817 ], [ -0.3779796, 39.4677781 ], [ -0.3780669, 39.4677832 ], [ -0.3780949, 39.4677885 ], [ -0.3781548, 39.4678034 ], [ -0.378606, 39.4679194 ], [ -0.3787329, 39.4679552 ], [ -0.3788161, 39.4679817 ], [ -0.378876, 39.4679993 ], [ -0.3790073, 39.4680359 ], [ -0.3790612, 39.4680503 ], [ -0.3792701, 39.4681025 ], [ -0.3793927, 39.4681326 ], [ -0.3796018, 39.4681817 ], [ -0.3797712, 39.4682056 ], [ -0.3799285, 39.4682344 ], [ -0.3799993, 39.4682473 ], [ -0.3800809, 39.4682681 ], [ -0.3801034, 39.4682738 ], [ -0.3801456, 39.4682872 ], [ -0.3801786, 39.4682976 ], [ -0.3804527, 39.468394 ], [ -0.3805634, 39.4684329 ], [ -0.3806971, 39.4684807 ], [ -0.3807647, 39.468507 ], [ -0.3808871, 39.4685579 ], [ -0.3811792, 39.4686847 ], [ -0.3812531, 39.4687188 ], [ -0.3814294, 39.4688521 ], [ -0.3824845, 39.4696576 ], [ -0.3832628, 39.4702562 ], [ -0.3834231, 39.4704024 ], [ -0.3835629, 39.4705641 ], [ -0.3835825, 39.4706004 ], [ -0.3836051, 39.4706398 ] ] ] } },
{ "type": "Feature", "properties": { "neighborhood": "el Mercat", "admin_level": "10" }, "geometry": { "type": "Polygon", "coordinates": [ [ [ -0.3812346, 39.4737737 ], [ -0.3812351, 39.4737965 ], [ -0.3812371, 39.4741147 ], [ -0.3812404, 39.4741473 ], [ -0.3812489, 39.4741839 ], [ -0.3812939, 39.4744216 ], [ -0.3812911, 39.4744657 ], [ -0.3812526, 39.4746669 ], [ -0.3812286, 39.4747164 ], [ -0.3811287, 39.4748923 ], [ -0.3810182, 39.4750817 ], [ -0.3809991, 39.4751097 ], [ -0.3809885, 39.4751238 ], [ -0.3808025, 39.4753719 ], [ -0.3810715, 39.4754302 ], [ -0.3811169, 39.4759347 ], [ -0.3811413, 39.4762097 ], [ -0.3811409, 39.4762225 ], [ -0.3804745, 39.4762952 ], [ -0.3804288, 39.4763011 ], [ -0.3803766, 39.4763121 ], [ -0.3801692, 39.4763568 ], [ -0.3801494, 39.4763611 ], [ -0.3800036, 39.4763927 ], [ -0.3797955, 39.4764303 ], [ -0.3791746, 39.4765435 ], [ -0.3791619, 39.4763155 ], [ -0.3791701, 39.47623 ], [ -0.3791846, 39.4760747 ], [ -0.3792138, 39.4759055 ], [ -0.3793081, 39.4758259 ], [ -0.3792976, 39.4758081 ], [ -0.3792938, 39.4757879 ], [ -0.3792966, 39.4756901 ], [ -0.3792872, 39.4756583 ], [ -0.3792588, 39.4756398 ], [ -0.3792294, 39.4756335 ], [ -0.379143, 39.4756328 ], [ -0.3791215, 39.4756306 ], [ -0.378942, 39.4756126 ], [ -0.3787676, 39.4756171 ], [ -0.3786074, 39.4756519 ], [ -0.3784984, 39.4756748 ], [ -0.3783138, 39.4757023 ], [ -0.3777189, 39.4755758 ], [ -0.377678, 39.475386 ], [ -0.3774677, 39.4753767 ], [ -0.3771729, 39.4753748 ], [ -0.3768977, 39.4753717 ], [ -0.3769213, 39.4752198 ], [ -0.3769351, 39.475131 ], [ -0.3769388, 39.4751071 ], [ -0.3769557, 39.4749983 ], [ -0.3769583, 39.4749819 ], [ -0.3769844, 39.4748363 ], [ -0.3770076, 39.474707 ], [ -0.377061, 39.4744211 ], [ -0.3769726, 39.4743585 ], [ -0.3768677, 39.474257 ], [ -0.3769786, 39.4741526 ], [ -0.3771137, 39.4740282 ], [ -0.377008, 39.4739522 ], [ -0.3768406, 39.4738581 ], [ -0.3768085, 39.4739355 ], [ -0.3767079, 39.4739251 ], [ -0.3765918, 39.473917 ], [ -0.3763337, 39.4738959 ], [ -0.3760941, 39.4738775 ], [ -0.3759081, 39.473851 ], [ -0.3758498, 39.4738426 ], [ -0.3757207, 39.473824 ], [ -0.3757328, 39.4737703 ], [ -0.3756634, 39.4737366 ], [ -0.3758698, 39.473457 ], [ -0.3759032, 39.4734124 ], [ -0.3760921, 39.4731628 ], [ -0.3761132, 39.4731325 ], [ -0.3763008, 39.4728824 ], [ -0.3765277, 39.4725814 ], [ -0.3767258, 39.4723158 ], [ -0.3770459, 39.4718982 ], [ -0.3771542, 39.4718021 ], [ -0.3771851, 39.471765 ], [ -0.3775316, 39.4713076 ], [ -0.377595, 39.4712218 ], [ -0.3778079, 39.4709333 ], [ -0.3778363, 39.4708992 ], [ -0.3778674, 39.4709237 ], [ -0.3784969, 39.4713894 ], [ -0.378879, 39.4715535 ], [ -0.3789123, 39.4715658 ], [ -0.3790678, 39.4716804 ], [ -0.3792383, 39.4718087 ], [ -0.3796008, 39.4719095 ], [ -0.3797277, 39.4719088 ], [ -0.3797295, 39.4719632 ], [ -0.3797323, 39.472026 ], [ -0.3797362, 39.4721121 ], [ -0.3797382, 39.4721565 ], [ -0.3797491, 39.4723966 ], [ -0.3798603, 39.4724031 ], [ -0.3801972, 39.472375 ], [ -0.380252, 39.4723725 ], [ -0.3803721, 39.4723628 ], [ -0.3806175, 39.4723474 ], [ -0.3809519, 39.4723148 ], [ -0.3809848, 39.47242 ], [ -0.3809862, 39.4724614 ], [ -0.3808114, 39.4726816 ], [ -0.3807713, 39.4727313 ], [ -0.3807304, 39.4727997 ], [ -0.3804949, 39.4731235 ], [ -0.3804755, 39.4731505 ], [ -0.3806617, 39.4731988 ], [ -0.3810622, 39.4734597 ], [ -0.3811758, 39.4736114 ], [ -0.381227, 39.4737526 ], [ -0.3812346, 39.4737737 ] ] ] } },
{ "type": "Feature", "properties": { "neighborhood": "la Llum", "admin_level": "10" }, "geometry": { "type": "Polygon", "coordinates": [ [ [ -0.4181862, 39.4690849 ], [ -0.4177998, 39.4692102 ], [ -0.4103593, 39.4697517 ], [ -0.4102656, 39.469041 ], [ -0.4102211, 39.4686923 ], [ -0.4102338, 39.4682982 ], [ -0.410223, 39.4681868 ], [ -0.4101743, 39.4677108 ], [ -0.410106, 39.4671282 ], [ -0.4100462, 39.4665819 ], [ -0.4099919, 39.4661556 ], [ -0.4099808, 39.4660394 ], [ -0.4110646, 39.465982 ], [ -0.4111207, 39.4659772 ], [ -0.4116663, 39.4659472 ], [ -0.411628, 39.4660621 ], [ -0.411511, 39.4664593 ], [ -0.4124894, 39.4667282 ], [ -0.4134797, 39.4666752 ], [ -0.4140939, 39.4668015 ], [ -0.4147304, 39.4669594 ], [ -0.4149923, 39.4671596 ], [ -0.4151328, 39.4672053 ], [ -0.4152666, 39.4672719 ], [ -0.4153589, 39.4675186 ], [ -0.4154314, 39.4676057 ], [ -0.4156011, 39.4676957 ], [ -0.4158923, 39.4679427 ], [ -0.416159, 39.4680368 ], [ -0.416728, 39.4681436 ], [ -0.4173614, 39.4684675 ], [ -0.4174539, 39.4684938 ], [ -0.4175465, 39.46852 ], [ -0.4175929, 39.4685242 ], [ -0.4176963, 39.4685336 ], [ -0.4177312, 39.4685601 ], [ -0.4177903, 39.4686049 ], [ -0.4178283, 39.4686711 ], [ -0.4178577, 39.4687224 ], [ -0.4180131, 39.4688612 ], [ -0.4180806, 39.4689135 ], [ -0.4181972, 39.4689661 ], [ -0.4182233, 39.469072 ], [ -0.4181862, 39.4690849 ] ] ] } },
{ "type": "Feature", "properties": { "neighborhood": "la Fontsanta", "admin_level": "10" }, "geometry": { "type": "Polygon", "coordinates": [ [ [ -0.4129618, 39.4631001 ], [ -0.4129222, 39.4631843 ], [ -0.4128669, 39.4633075 ], [ -0.4128116, 39.4634106 ], [ -0.4125157, 39.4640301 ], [ -0.4116804, 39.4659049 ], [ -0.4116663, 39.4659472 ], [ -0.4111207, 39.4659772 ], [ -0.4110646, 39.465982 ], [ -0.4099808, 39.4660394 ], [ -0.4099919, 39.4661556 ], [ -0.4100462, 39.4665819 ], [ -0.410106, 39.4671282 ], [ -0.4101743, 39.4677108 ], [ -0.410223, 39.4681868 ], [ -0.4102338, 39.4682982 ], [ -0.4102211, 39.4686923 ], [ -0.4102656, 39.469041 ], [ -0.4103593, 39.4697517 ], [ -0.4091904, 39.4698162 ], [ -0.4076231, 39.4699272 ], [ -0.4069977, 39.4699406 ], [ -0.4065068, 39.4699224 ], [ -0.4055063, 39.4697859 ], [ -0.4059028, 39.4689326 ], [ -0.4060453, 39.4679956 ], [ -0.4057709, 39.4650887 ], [ -0.4055866, 39.4635128 ], [ -0.4057714, 39.4634652 ], [ -0.4059139, 39.4634364 ], [ -0.406054, 39.4634147 ], [ -0.4062104, 39.4633985 ], [ -0.4098694, 39.4632327 ], [ -0.410178, 39.4632192 ], [ -0.4122627, 39.4631281 ], [ -0.4129618, 39.4631001 ] ] ] } },
{ "type": "Feature", "properties": { "neighborhood": "Tres Forques", "admin_level": "10" }, "geometry": { "type": "Polygon", "coordinates": [ [ [ -0.4055866, 39.4635128 ], [ -0.4057709, 39.4650887 ], [ -0.4060453, 39.4679956 ], [ -0.4059028, 39.4689326 ], [ -0.4055063, 39.4697859 ], [ -0.4054026, 39.4697671 ], [ -0.3968025, 39.468212 ], [ -0.3954262, 39.4679989 ], [ -0.3954342, 39.467957 ], [ -0.3954395, 39.4679288 ], [ -0.3954484, 39.4678817 ], [ -0.3954531, 39.4678474 ], [ -0.3954437, 39.4678186 ], [ -0.3954397, 39.4678088 ], [ -0.3953363, 39.4675554 ], [ -0.3945144, 39.4655852 ], [ -0.3944506, 39.4654249 ], [ -0.394494, 39.4653865 ], [ -0.3945743, 39.4653151 ], [ -0.3945978, 39.4652942 ], [ -0.3946291, 39.4652704 ], [ -0.3947038, 39.4652136 ], [ -0.3948249, 39.4651036 ], [ -0.3956842, 39.4643003 ], [ -0.3958128, 39.4642045 ], [ -0.3958764, 39.4641494 ], [ -0.3959095, 39.4641225 ], [ -0.3959694, 39.464074 ], [ -0.3960522, 39.463998 ], [ -0.3960938, 39.4639538 ], [ -0.3965645, 39.4639411 ], [ -0.3974441, 39.4639055 ], [ -0.4007045, 39.4637735 ], [ -0.4041416, 39.4636311 ], [ -0.4050102, 39.4636004 ], [ -0.4052204, 39.4635896 ], [ -0.4053465, 39.4635716 ], [ -0.4054982, 39.4635355 ], [ -0.4055866, 39.4635128 ] ] ] } },
{ "type": "Feature", "properties": { "neighborhood": "Nou Moles", "admin_level": "10" }, "geometry": { "type": "Polygon", "coordinates": [ [ [ -0.4071406, 39.4735846 ], [ -0.4071079, 39.4735889 ], [ -0.4053983, 39.473814 ], [ -0.4049975, 39.4738538 ], [ -0.4044852, 39.473949 ], [ -0.4021921, 39.4744251 ], [ -0.3990224, 39.4750793 ], [ -0.3983443, 39.4752192 ], [ -0.3975347, 39.4753697 ], [ -0.3972931, 39.4754016 ], [ -0.3970249, 39.4754886 ], [ -0.3968079, 39.4756606 ], [ -0.3963393, 39.4757673 ], [ -0.3959668, 39.4752403 ], [ -0.3915521, 39.469053 ], [ -0.3900865, 39.4669947 ], [ -0.3901569, 39.4669919 ], [ -0.3903292, 39.4670239 ], [ -0.3903692, 39.4670314 ], [ -0.3906653, 39.4670864 ], [ -0.3907627, 39.4671155 ], [ -0.3908542, 39.4671419 ], [ -0.3909415, 39.4671579 ], [ -0.391432, 39.4672473 ], [ -0.3916761, 39.467292 ], [ -0.3917273, 39.4673012 ], [ -0.3917728, 39.4673095 ], [ -0.392232, 39.4673921 ], [ -0.3925926, 39.467457 ], [ -0.3927211, 39.46748 ], [ -0.392789, 39.4674933 ], [ -0.3928303, 39.4674996 ], [ -0.3933695, 39.4675998 ], [ -0.3941542, 39.4677414 ], [ -0.3943004, 39.4677678 ], [ -0.3944751, 39.4678002 ], [ -0.3945182, 39.4678085 ], [ -0.3950313, 39.4679023 ], [ -0.395124, 39.4679182 ], [ -0.3952919, 39.4679376 ], [ -0.3954342, 39.467957 ], [ -0.3954262, 39.4679989 ], [ -0.3968025, 39.468212 ], [ -0.4054026, 39.4697671 ], [ -0.4051358, 39.4706117 ], [ -0.4052259, 39.4710422 ], [ -0.4054712, 39.4722139 ], [ -0.405512, 39.47246 ], [ -0.4055164, 39.4724867 ], [ -0.4059746, 39.4725441 ], [ -0.4067424, 39.4726597 ], [ -0.4068908, 39.4727026 ], [ -0.4068959, 39.4727801 ], [ -0.4069487, 39.4730323 ], [ -0.4069904, 39.4733631 ], [ -0.4070065, 39.4734687 ], [ -0.4070628, 39.4735412 ], [ -0.4071406, 39.4735846 ] ] ] } },
{ "type": "Feature", "properties": { "neighborhood": "Soternes", "admin_level": "10" }, "geometry": { "type": "Polygon", "coordinates": [ [ [ -0.4177998, 39.4692102 ], [ -0.4174666, 39.469366 ], [ -0.4170002, 39.4695169 ], [ -0.4166032, 39.469609 ], [ -0.4161862, 39.469643 ], [ -0.4159882, 39.4696681 ], [ -0.4156952, 39.4698584 ], [ -0.4155645, 39.4699301 ], [ -0.4152179, 39.4701005 ], [ -0.4146889, 39.4703589 ], [ -0.414631, 39.4703876 ], [ -0.4143545, 39.4705203 ], [ -0.4140096, 39.4706858 ], [ -0.4135182, 39.4708746 ], [ -0.4133661, 39.4709173 ], [ -0.4133508, 39.4709205 ], [ -0.4132676, 39.4709381 ], [ -0.4129856, 39.4710222 ], [ -0.4124681, 39.4711798 ], [ -0.4124036, 39.4711994 ], [ -0.4121495, 39.4713561 ], [ -0.4117834, 39.4717402 ], [ -0.4116433, 39.4718393 ], [ -0.4115954, 39.4719538 ], [ -0.4115204, 39.4720216 ], [ -0.4111982, 39.4723611 ], [ -0.4110454, 39.4725154 ], [ -0.4109922, 39.4725692 ], [ -0.4080166, 39.4727228 ], [ -0.408018, 39.4727472 ], [ -0.4079346, 39.4727273 ], [ -0.4075709, 39.4727454 ], [ -0.4068959, 39.4727801 ], [ -0.4068908, 39.4727026 ], [ -0.4067424, 39.4726597 ], [ -0.4059746, 39.4725441 ], [ -0.4055164, 39.4724867 ], [ -0.405512, 39.47246 ], [ -0.4054712, 39.4722139 ], [ -0.4052259, 39.4710422 ], [ -0.4051358, 39.4706117 ], [ -0.4054026, 39.4697671 ], [ -0.4055063, 39.4697859 ], [ -0.4065068, 39.4699224 ], [ -0.4069977, 39.4699406 ], [ -0.4076231, 39.4699272 ], [ -0.4091904, 39.4698162 ], [ -0.4103593, 39.4697517 ], [ -0.4177998, 39.4692102 ] ] ] } },
{ "type": "Feature", "properties": { "neighborhood": "el Pla del Remei", "admin_level": "10" }, "geometry": { "type": "Polygon", "coordinates": [ [ [ -0.3750385, 39.4671301 ], [ -0.3748618, 39.4671628 ], [ -0.3748174, 39.4671815 ], [ -0.3746551, 39.4672763 ], [ -0.3745999, 39.4673147 ], [ -0.3742817, 39.4675306 ], [ -0.3739198, 39.4677782 ], [ -0.3737649, 39.467883 ], [ -0.3736497, 39.4679616 ], [ -0.3736087, 39.4679891 ], [ -0.3730135, 39.4684086 ], [ -0.3729701, 39.4684381 ], [ -0.3728085, 39.4685531 ], [ -0.3727673, 39.4685825 ], [ -0.3721766, 39.4689908 ], [ -0.3712785, 39.4695951 ], [ -0.3711303, 39.4697003 ], [ -0.3702823, 39.470397 ], [ -0.3693102, 39.4712816 ], [ -0.3688006, 39.4717724 ], [ -0.3687485, 39.4718352 ], [ -0.3687265, 39.4718636 ], [ -0.3686117, 39.4719173 ], [ -0.3684693, 39.472015 ], [ -0.3682637, 39.4721249 ], [ -0.3681239, 39.4721778 ], [ -0.3680218, 39.4722164 ], [ -0.367986, 39.4722298 ], [ -0.3674149, 39.4724433 ], [ -0.3669802, 39.4726207 ], [ -0.3669108, 39.4726548 ], [ -0.3668672, 39.4726754 ], [ -0.3668031, 39.4727059 ], [ -0.366791, 39.4727116 ], [ -0.3660115, 39.4730889 ], [ -0.364776, 39.4715632 ], [ -0.3642303, 39.47091 ], [ -0.3636767, 39.4702201 ], [ -0.3633366, 39.4697134 ], [ -0.3631577, 39.4693889 ], [ -0.3737658, 39.4649693 ], [ -0.3748837, 39.4670629 ], [ -0.3750385, 39.4671301 ] ] ] } },
{ "type": "Feature", "properties": { "neighborhood": "Gran Via", "admin_level": "10" }, "geometry": { "type": "Polygon", "coordinates": [ [ [ -0.3737658, 39.4649693 ], [ -0.3631577, 39.4693889 ], [ -0.3630203, 39.4691395 ], [ -0.3615493, 39.4666241 ], [ -0.3604816, 39.4647559 ], [ -0.3600783, 39.4639866 ], [ -0.3598269, 39.463398 ], [ -0.3612052, 39.4629389 ], [ -0.3621187, 39.4625593 ], [ -0.3633505, 39.4626814 ], [ -0.3633803, 39.4626845 ], [ -0.3737658, 39.4649693 ] ] ] } },
{ "type": "Feature", "properties": { "neighborhood": "Russafa", "admin_level": "10" }, "geometry": { "type": "Polygon", "coordinates": [ [ [ -0.3811515, 39.4546474 ], [ -0.3782542, 39.4630876 ], [ -0.3766841, 39.4674941 ], [ -0.3766164, 39.4674777 ], [ -0.376553, 39.4674621 ], [ -0.3765126, 39.4674522 ], [ -0.37626, 39.4673879 ], [ -0.376153, 39.4673494 ], [ -0.3759395, 39.4672787 ], [ -0.3756941, 39.4672191 ], [ -0.3754457, 39.4671555 ], [ -0.3751932, 39.4671194 ], [ -0.3750385, 39.4671301 ], [ -0.3748837, 39.4670629 ], [ -0.3737658, 39.4649693 ], [ -0.3633803, 39.4626845 ], [ -0.3633505, 39.4626814 ], [ -0.3621187, 39.4625593 ], [ -0.369242, 39.4595983 ], [ -0.3751842, 39.4571254 ], [ -0.3757312, 39.4569007 ], [ -0.3811515, 39.4546474 ] ] ] } },
{ "type": "Feature", "properties": { "neighborhood": "la Petxina", "admin_level": "10" }, "geometry": { "type": "Polygon", "coordinates": [ [ [ -0.3963393, 39.4757673 ], [ -0.39599, 39.4758993 ], [ -0.3943008, 39.4766524 ], [ -0.3919118, 39.4777178 ], [ -0.3915365, 39.4778702 ], [ -0.3912109, 39.477985 ], [ -0.3908923, 39.4780833 ], [ -0.390411, 39.4782145 ], [ -0.3859041, 39.4719275 ], [ -0.3874102, 39.4707281 ], [ -0.3886843, 39.4696282 ], [ -0.3915521, 39.469053 ], [ -0.3959668, 39.4752403 ], [ -0.3963393, 39.4757673 ] ] ] } },
{ "type": "Feature", "properties": { "neighborhood": "la Roqueta", "admin_level": "10" }, "geometry": { "type": "Polygon", "coordinates": [ [ [ -0.3840804, 39.4693835 ], [ -0.3834231, 39.4704024 ], [ -0.3832628, 39.4702562 ], [ -0.3824845, 39.4696576 ], [ -0.3814294, 39.4688521 ], [ -0.3812531, 39.4687188 ], [ -0.3811792, 39.4686847 ], [ -0.3808871, 39.4685579 ], [ -0.3807647, 39.468507 ], [ -0.3806971, 39.4684807 ], [ -0.3805634, 39.4684329 ], [ -0.3804527, 39.468394 ], [ -0.3801786, 39.4682976 ], [ -0.3801456, 39.4682872 ], [ -0.3801034, 39.4682738 ], [ -0.3800809, 39.4682681 ], [ -0.3799993, 39.4682473 ], [ -0.3799285, 39.4682344 ], [ -0.3797712, 39.4682056 ], [ -0.3796018, 39.4681817 ], [ -0.3793927, 39.4681326 ], [ -0.3792701, 39.4681025 ], [ -0.3790612, 39.4680503 ], [ -0.3790073, 39.4680359 ], [ -0.378876, 39.4679993 ], [ -0.3788161, 39.4679817 ], [ -0.3787329, 39.4679552 ], [ -0.378606, 39.4679194 ], [ -0.3781548, 39.4678034 ], [ -0.3780949, 39.4677885 ], [ -0.3780669, 39.4677832 ], [ -0.3779796, 39.4677781 ], [ -0.3778837, 39.4677817 ], [ -0.3778413, 39.4677796 ], [ -0.3777751, 39.4677652 ], [ -0.3776865, 39.4677445 ], [ -0.3773067, 39.4676509 ], [ -0.377121, 39.4676014 ], [ -0.3769167, 39.4675498 ], [ -0.3768066, 39.4675237 ], [ -0.3766841, 39.4674941 ], [ -0.3782542, 39.4630876 ], [ -0.379723, 39.4633044 ], [ -0.3840804, 39.4693835 ] ] ] } },
{ "type": "Feature", "properties": { "neighborhood": "el Botànic", "admin_level": "10" }, "geometry": { "type": "Polygon", "coordinates": [ [ [ -0.390411, 39.4782145 ], [ -0.3898254, 39.4783743 ], [ -0.3891173, 39.4785896 ], [ -0.38842, 39.4788297 ], [ -0.3872076, 39.4793018 ], [ -0.3863171, 39.4796993 ], [ -0.386211, 39.4797511 ], [ -0.3852657, 39.4802127 ], [ -0.3841528, 39.4807368 ], [ -0.383426, 39.481092 ], [ -0.3829422, 39.48039 ], [ -0.3829731, 39.4803233 ], [ -0.3829956, 39.4802747 ], [ -0.3830369, 39.4801505 ], [ -0.3830801, 39.4800319 ], [ -0.3833026, 39.4794224 ], [ -0.3836923, 39.4784076 ], [ -0.3837082, 39.4782846 ], [ -0.383724, 39.4781676 ], [ -0.383727, 39.4781463 ], [ -0.3838488, 39.4775856 ], [ -0.3838704, 39.4774835 ], [ -0.3839812, 39.4769615 ], [ -0.3840171, 39.4767801 ], [ -0.3840259, 39.476723 ], [ -0.3840599, 39.4765152 ], [ -0.3841029, 39.4761375 ], [ -0.3841466, 39.4757726 ], [ -0.3841564, 39.4757102 ], [ -0.3841017, 39.4753381 ], [ -0.3840856, 39.4751955 ], [ -0.3840252, 39.4747542 ], [ -0.3840175, 39.4746794 ], [ -0.3840115, 39.4746251 ], [ -0.3839461, 39.4741067 ], [ -0.3839389, 39.4740456 ], [ -0.383932, 39.4739874 ], [ -0.3839137, 39.4737662 ], [ -0.3839097, 39.4736654 ], [ -0.3839599, 39.4730377 ], [ -0.383982, 39.4727597 ], [ -0.3839915, 39.4726431 ], [ -0.3839962, 39.4724604 ], [ -0.3839947, 39.4721867 ], [ -0.3839941, 39.4721325 ], [ -0.3839901, 39.4719194 ], [ -0.3839477, 39.4716926 ], [ -0.3839244, 39.4715679 ], [ -0.3836051, 39.4706398 ], [ -0.3835825, 39.4706004 ], [ -0.3835629, 39.4705641 ], [ -0.3834231, 39.4704024 ], [ -0.3840804, 39.4693835 ], [ -0.3859041, 39.4719275 ], [ -0.390411, 39.4782145 ] ] ] } },
{ "type": "Feature", "properties": { "neighborhood": "Sant Pau", "admin_level": "10" }, "geometry": { "type": "Polygon", "coordinates": [ [ [ -0.4264108, 39.4950288 ], [ -0.4259281, 39.4950109 ], [ -0.4259388, 39.4953338 ], [ -0.4259656, 39.4954684 ], [ -0.4258946, 39.4954785 ], [ -0.4252712, 39.4955813 ], [ -0.4253411, 39.4958488 ], [ -0.4253541, 39.4962218 ], [ -0.4253411, 39.4965029 ], [ -0.4253481, 39.4968762 ], [ -0.4253407, 39.4970137 ], [ -0.425249, 39.4970119 ], [ -0.4251572, 39.4970197 ], [ -0.4247271, 39.4970679 ], [ -0.4246723, 39.4970682 ], [ -0.424597, 39.4970609 ], [ -0.4245362, 39.4970483 ], [ -0.4244891, 39.4970326 ], [ -0.4244421, 39.4970106 ], [ -0.4239528, 39.4966968 ], [ -0.4237742, 39.4966056 ], [ -0.423369, 39.4964513 ], [ -0.422375, 39.4965069 ], [ -0.4215085, 39.4965554 ], [ -0.419189, 39.4966655 ], [ -0.418953, 39.4966703 ], [ -0.4187644, 39.496676 ], [ -0.4187066, 39.4966795 ], [ -0.4180023, 39.496709 ], [ -0.4162008, 39.4967966 ], [ -0.4160559, 39.4968036 ], [ -0.4158958, 39.4968099 ], [ -0.4150454, 39.4968427 ], [ -0.4149331, 39.496847 ], [ -0.4148969, 39.4968484 ], [ -0.4146351, 39.4968569 ], [ -0.4143831, 39.4968641 ], [ -0.4140888, 39.4968572 ], [ -0.4138823, 39.4968303 ], [ -0.4136221, 39.4967847 ], [ -0.4133995, 39.4967433 ], [ -0.4131822, 39.4966937 ], [ -0.4129221, 39.4966192 ], [ -0.4126672, 39.4965384 ], [ -0.4124607, 39.4964494 ], [ -0.4119672, 39.4962321 ], [ -0.411648, 39.4961245 ], [ -0.4113878, 39.4960438 ], [ -0.4110794, 39.4959713 ], [ -0.4109345, 39.4959444 ], [ -0.4096122, 39.4957602 ], [ -0.4090489, 39.4956815 ], [ -0.4090114, 39.4956733 ], [ -0.4089685, 39.4956526 ], [ -0.4089417, 39.4956339 ], [ -0.4087539, 39.4953711 ], [ -0.4070114, 39.4929442 ], [ -0.406867, 39.492745 ], [ -0.403173, 39.4943346 ], [ -0.4024691, 39.4946494 ], [ -0.3997652, 39.490894 ], [ -0.3980558, 39.4885123 ], [ -0.396449, 39.4862671 ], [ -0.3961265, 39.485822 ], [ -0.4017949, 39.4833174 ], [ -0.398587, 39.4789037 ], [ -0.4000998, 39.4783489 ], [ -0.3990224, 39.4750793 ], [ -0.4021921, 39.4744251 ], [ -0.4044852, 39.473949 ], [ -0.4049975, 39.4738538 ], [ -0.4053983, 39.473814 ], [ -0.4071079, 39.4735889 ], [ -0.4071406, 39.4735846 ], [ -0.4072437, 39.4736159 ], [ -0.407601, 39.473677 ], [ -0.4084363, 39.4738449 ], [ -0.4086982, 39.4739187 ], [ -0.4088964, 39.4739815 ], [ -0.4090203, 39.4740362 ], [ -0.4091548, 39.4741099 ], [ -0.4094379, 39.4742902 ], [ -0.4098662, 39.4745662 ], [ -0.4100006, 39.4746591 ], [ -0.4101351, 39.4747711 ], [ -0.4102201, 39.4748749 ], [ -0.4102732, 39.4750033 ], [ -0.4102979, 39.4751972 ], [ -0.4102873, 39.4753748 ], [ -0.4102236, 39.4756808 ], [ -0.4107254, 39.4758648 ], [ -0.4108657, 39.4759154 ], [ -0.4112002, 39.4760388 ], [ -0.4113437, 39.4760954 ], [ -0.4113953, 39.4761661 ], [ -0.4114386, 39.4762251 ], [ -0.4115425, 39.4764215 ], [ -0.411779, 39.4769452 ], [ -0.4118753, 39.4770754 ], [ -0.4122566, 39.4775375 ], [ -0.412334, 39.4776282 ], [ -0.412365, 39.4776848 ], [ -0.4123734, 39.4777411 ], [ -0.4123508, 39.4778845 ], [ -0.4123428, 39.4779905 ], [ -0.4123623, 39.4780858 ], [ -0.4124591, 39.4781836 ], [ -0.4128817, 39.4784986 ], [ -0.4132425, 39.478899 ], [ -0.4132977, 39.4789276 ], [ -0.412901, 39.4791599 ], [ -0.4122978, 39.4795176 ], [ -0.4121573, 39.479623 ], [ -0.4108156, 39.480812 ], [ -0.4107358, 39.4809263 ], [ -0.4106831, 39.4810937 ], [ -0.4106319, 39.4811783 ], [ -0.4105673, 39.4812621 ], [ -0.4105118, 39.4812943 ], [ -0.4103971, 39.4813644 ], [ -0.4116124, 39.4820355 ], [ -0.4138389, 39.4824192 ], [ -0.4163486, 39.4832519 ], [ -0.4185709, 39.4839892 ], [ -0.4200019, 39.4846795 ], [ -0.4204226, 39.4851592 ], [ -0.4212787, 39.4856233 ], [ -0.4215045, 39.4856625 ], [ -0.4219103, 39.4859059 ], [ -0.4223449, 39.4861851 ], [ -0.4233561, 39.4868614 ], [ -0.424, 39.4871246 ], [ -0.4246198, 39.4873806 ], [ -0.4252709, 39.4875325 ], [ -0.4256558, 39.4875921 ], [ -0.4259358, 39.4876291 ], [ -0.4253014, 39.4889102 ], [ -0.4249253, 39.4887452 ], [ -0.4247838, 39.4892351 ], [ -0.4247708, 39.4893442 ], [ -0.4247764, 39.4894976 ], [ -0.4247656, 39.4896011 ], [ -0.4244614, 39.490634 ], [ -0.4249975, 39.490905 ], [ -0.4244827, 39.4912029 ], [ -0.4246131, 39.4913489 ], [ -0.4248233, 39.4915535 ], [ -0.4249447, 39.4916621 ], [ -0.4249731, 39.491697 ], [ -0.4249898, 39.4917388 ], [ -0.4249913, 39.491777 ], [ -0.4249786, 39.4918176 ], [ -0.4249349, 39.4919362 ], [ -0.4249214, 39.4919898 ], [ -0.4249308, 39.4920265 ], [ -0.4249502, 39.4920642 ], [ -0.424991, 39.4921223 ], [ -0.4251619, 39.4922999 ], [ -0.4252817, 39.492443 ], [ -0.4253672, 39.4925617 ], [ -0.4255971, 39.4929425 ], [ -0.4262915, 39.4942338 ], [ -0.4265199, 39.4949045 ], [ -0.4264108, 39.4950288 ] ] ] } },
{ "type": "Feature", "properties": { "neighborhood": "el Calvari", "admin_level": "10" }, "geometry": { "type": "Polygon", "coordinates": [ [ [ -0.3925756, 39.4857634 ], [ -0.3926057, 39.4858046 ], [ -0.3926383, 39.4858494 ], [ -0.3926752, 39.4859 ], [ -0.3931873, 39.4866015 ], [ -0.3933799, 39.4868583 ], [ -0.3934158, 39.4869097 ], [ -0.3934585, 39.4869664 ], [ -0.3907347, 39.4881508 ], [ -0.3904176, 39.4882826 ], [ -0.3902631, 39.4883454 ], [ -0.3901269, 39.4884003 ], [ -0.3899805, 39.4884552 ], [ -0.3898708, 39.4884944 ], [ -0.3897488, 39.4885352 ], [ -0.3896041, 39.4885802 ], [ -0.3895156, 39.4885955 ], [ -0.3894345, 39.4885196 ], [ -0.3893509, 39.4884406 ], [ -0.3883799, 39.4875114 ], [ -0.3883344, 39.4874675 ], [ -0.3883109, 39.4874489 ], [ -0.3882833, 39.4874364 ], [ -0.3882678, 39.4874299 ], [ -0.38813, 39.4873237 ], [ -0.3880953, 39.4872866 ], [ -0.3880677, 39.4872619 ], [ -0.3880164, 39.4872163 ], [ -0.3879144, 39.4871303 ], [ -0.3877054, 39.4869803 ], [ -0.3875297, 39.486842 ], [ -0.3873046, 39.4866634 ], [ -0.3873003, 39.4863729 ], [ -0.3881961, 39.4860334 ], [ -0.388636, 39.4866627 ], [ -0.3888828, 39.4867207 ], [ -0.3891832, 39.4858968 ], [ -0.3901088, 39.4854961 ], [ -0.3904438, 39.486021 ], [ -0.3913128, 39.4862984 ], [ -0.3925756, 39.4857634 ] ] ] } },
{ "type": "Feature", "properties": { "neighborhood": "les Tendetes", "admin_level": "10" }, "geometry": { "type": "Polygon", "coordinates": [ [ [ -0.3901088, 39.4854961 ], [ -0.3891832, 39.4858968 ], [ -0.3888828, 39.4867207 ], [ -0.388636, 39.4866627 ], [ -0.3881961, 39.4860334 ], [ -0.3873003, 39.4863729 ], [ -0.3873046, 39.4866634 ], [ -0.3869873, 39.4864045 ], [ -0.3866894, 39.4861682 ], [ -0.3861757, 39.4857394 ], [ -0.3851384, 39.485024 ], [ -0.3836534, 39.4839765 ], [ -0.3835491, 39.4839025 ], [ -0.3835155, 39.4838772 ], [ -0.3833764, 39.4837725 ], [ -0.3829893, 39.4834988 ], [ -0.3820199, 39.4828294 ], [ -0.3819717, 39.4827961 ], [ -0.3813785, 39.4823765 ], [ -0.3808696, 39.4820536 ], [ -0.3811385, 39.4819684 ], [ -0.3812752, 39.4819221 ], [ -0.3815322, 39.481835 ], [ -0.383426, 39.481092 ], [ -0.3841528, 39.4807368 ], [ -0.3852657, 39.4802127 ], [ -0.386211, 39.4797511 ], [ -0.3888345, 39.4834582 ], [ -0.3879333, 39.4838639 ], [ -0.3882418, 39.4842314 ], [ -0.3891391, 39.4855268 ], [ -0.3899127, 39.4851888 ], [ -0.3901088, 39.4854961 ] ] ] } },
{ "type": "Feature", "properties": { "neighborhood": "Campanar", "admin_level": "10" }, "geometry": { "type": "Polygon", "coordinates": [ [ [ -0.3990224, 39.4750793 ], [ -0.4000998, 39.4783489 ], [ -0.398587, 39.4789037 ], [ -0.4017949, 39.4833174 ], [ -0.3961265, 39.485822 ], [ -0.3952527, 39.4846159 ], [ -0.3925756, 39.4857634 ], [ -0.3913128, 39.4862984 ], [ -0.3904438, 39.486021 ], [ -0.3901088, 39.4854961 ], [ -0.3899127, 39.4851888 ], [ -0.3891391, 39.4855268 ], [ -0.3882418, 39.4842314 ], [ -0.3879333, 39.4838639 ], [ -0.3888345, 39.4834582 ], [ -0.386211, 39.4797511 ], [ -0.3863171, 39.4796993 ], [ -0.3872076, 39.4793018 ], [ -0.38842, 39.4788297 ], [ -0.3891173, 39.4785896 ], [ -0.3898254, 39.4783743 ], [ -0.390411, 39.4782145 ], [ -0.3908923, 39.4780833 ], [ -0.3912109, 39.477985 ], [ -0.3915365, 39.4778702 ], [ -0.3919118, 39.4777178 ], [ -0.3943008, 39.4766524 ], [ -0.39599, 39.4758993 ], [ -0.3963393, 39.4757673 ], [ -0.3968079, 39.4756606 ], [ -0.3970249, 39.4754886 ], [ -0.3972931, 39.4754016 ], [ -0.3975347, 39.4753697 ], [ -0.3983443, 39.4752192 ], [ -0.3990224, 39.4750793 ] ] ] } },
{ "type": "Feature", "properties": { "neighborhood": "Sant Llorenç", "admin_level": "10" }, "geometry": { "type": "Polygon", "coordinates": [ [ [ -0.3672268, 39.5042353 ], [ -0.3669355, 39.504101 ], [ -0.3668912, 39.5040944 ], [ -0.3668592, 39.5041022 ], [ -0.3668007, 39.5041147 ], [ -0.3667457, 39.5041209 ], [ -0.3661507, 39.50381 ], [ -0.3660507, 39.5037746 ], [ -0.3659729, 39.5037395 ], [ -0.3655894, 39.5037084 ], [ -0.3654613, 39.5037017 ], [ -0.3653629, 39.5040497 ], [ -0.3653567, 39.5040741 ], [ -0.3653483, 39.5041071 ], [ -0.3651443, 39.5040178 ], [ -0.3646428, 39.5037981 ], [ -0.3634812, 39.5033036 ], [ -0.3632471, 39.5032043 ], [ -0.3628755, 39.5028815 ], [ -0.3624454, 39.5025661 ], [ -0.3616038, 39.5020375 ], [ -0.3612592, 39.5022985 ], [ -0.3611486, 39.5024018 ], [ -0.3610428, 39.5025305 ], [ -0.3609004, 39.5027346 ], [ -0.3607837, 39.5029376 ], [ -0.3603962, 39.5033168 ], [ -0.360241, 39.5033291 ], [ -0.3600542, 39.503367 ], [ -0.3599138, 39.5034345 ], [ -0.3598032, 39.5035041 ], [ -0.3581591, 39.5028607 ], [ -0.3579512, 39.5027779 ], [ -0.3566674, 39.5022931 ], [ -0.3559847, 39.5019887 ], [ -0.3560037, 39.5019366 ], [ -0.3562399, 39.5015934 ], [ -0.3562518, 39.5015761 ], [ -0.3564179, 39.5013349 ], [ -0.3566325, 39.5010348 ], [ -0.35606, 39.5006938 ], [ -0.3560493, 39.5006489 ], [ -0.3560092, 39.500627 ], [ -0.355982, 39.5006122 ], [ -0.3556598, 39.500434 ], [ -0.3550067, 39.5000736 ], [ -0.3548242, 39.4999934 ], [ -0.3547592, 39.4996473 ], [ -0.3556998, 39.4989198 ], [ -0.3568491, 39.4979734 ], [ -0.3570915, 39.4977738 ], [ -0.3567419, 39.4974952 ], [ -0.3566725, 39.4974521 ], [ -0.3557271, 39.497083 ], [ -0.3556781, 39.497065 ], [ -0.3558059, 39.496915 ], [ -0.3563855, 39.4962444 ], [ -0.3567384, 39.4958361 ], [ -0.3571047, 39.4953788 ], [ -0.3571353, 39.495294 ], [ -0.3571577, 39.4952438 ], [ -0.3573613, 39.4950084 ], [ -0.3573235, 39.4948837 ], [ -0.3579408, 39.4936538 ], [ -0.3579553, 39.4936239 ], [ -0.3583153, 39.4928823 ], [ -0.3584951, 39.492543 ], [ -0.3586096, 39.4923268 ], [ -0.3587752, 39.4919889 ], [ -0.3589766, 39.4915756 ], [ -0.3590178, 39.4914911 ], [ -0.3590282, 39.4914698 ], [ -0.3591825, 39.4911539 ], [ -0.3593011, 39.4909129 ], [ -0.359619, 39.4902581 ], [ -0.3600128, 39.4894611 ], [ -0.3600636, 39.4893622 ], [ -0.3601294, 39.4892348 ], [ -0.3601408, 39.4892127 ], [ -0.3601859, 39.4891251 ], [ -0.3602252, 39.4890487 ], [ -0.36025, 39.4889992 ], [ -0.3602748, 39.4889496 ], [ -0.3603108, 39.4888764 ], [ -0.360491, 39.4885106 ], [ -0.3606573, 39.4885164 ], [ -0.3617109, 39.4885529 ], [ -0.3618593, 39.488558 ], [ -0.3619635, 39.4885645 ], [ -0.3623087, 39.4885861 ], [ -0.3623795, 39.4884885 ], [ -0.3629737, 39.4880161 ], [ -0.3630374, 39.4879655 ], [ -0.3629127, 39.4878677 ], [ -0.3628305, 39.4878032 ], [ -0.3634056, 39.4873366 ], [ -0.3639842, 39.486868 ], [ -0.3648134, 39.4874745 ], [ -0.3652411, 39.4878033 ], [ -0.3656793, 39.4881223 ], [ -0.365953, 39.4883215 ], [ -0.3656119, 39.4885842 ], [ -0.3653479, 39.4887664 ], [ -0.3650721, 39.488962 ], [ -0.3650482, 39.4889789 ], [ -0.3647396, 39.4891978 ], [ -0.365118, 39.4894814 ], [ -0.3651419, 39.4894993 ], [ -0.3652145, 39.4895522 ], [ -0.3654014, 39.4897008 ], [ -0.3660578, 39.489328 ], [ -0.3669649, 39.4888099 ], [ -0.3670607, 39.4887564 ], [ -0.3689861, 39.4902645 ], [ -0.3688145, 39.4904053 ], [ -0.3690773, 39.490604 ], [ -0.3683209, 39.4912084 ], [ -0.3688407, 39.4916004 ], [ -0.369156, 39.4918381 ], [ -0.3672481, 39.4933652 ], [ -0.36841, 39.4941507 ], [ -0.3678732, 39.4946222 ], [ -0.3681064, 39.4948472 ], [ -0.367409, 39.4954889 ], [ -0.3666848, 39.4949507 ], [ -0.366362, 39.495217 ], [ -0.3682083, 39.4965235 ], [ -0.3677523, 39.4970867 ], [ -0.369205, 39.4976465 ], [ -0.3692385, 39.4980077 ], [ -0.369108, 39.498309 ], [ -0.3690368, 39.498418 ], [ -0.3689992, 39.498463 ], [ -0.3689243, 39.4985272 ], [ -0.3688961, 39.4985748 ], [ -0.3684386, 39.4995538 ], [ -0.3684216, 39.4995902 ], [ -0.3683136, 39.4998212 ], [ -0.3683078, 39.4998337 ], [ -0.368301, 39.4998722 ], [ -0.3683235, 39.4998888 ], [ -0.368382, 39.4999036 ], [ -0.3692353, 39.5001181 ], [ -0.3691542, 39.5003318 ], [ -0.3685933, 39.5018592 ], [ -0.3682677, 39.501844 ], [ -0.3681976, 39.5020099 ], [ -0.3682919, 39.5020316 ], [ -0.3682293, 39.5021858 ], [ -0.3679377, 39.5027181 ], [ -0.3676558, 39.5033785 ], [ -0.3672268, 39.5042353 ] ] ] } },
{ "type": "Feature", "properties": { "neighborhood": "Torrefiel", "admin_level": "10" }, "geometry": { "type": "Polygon", "coordinates": [ [ [ -0.3821298, 39.4902549 ], [ -0.3822868, 39.4906753 ], [ -0.3828265, 39.4921387 ], [ -0.3832265, 39.4932204 ], [ -0.3831593, 39.493235 ], [ -0.3830505, 39.4932563 ], [ -0.383032, 39.4932603 ], [ -0.3829924, 39.4932688 ], [ -0.3824619, 39.4933827 ], [ -0.3823613, 39.4934046 ], [ -0.3818553, 39.4935136 ], [ -0.3817496, 39.4935364 ], [ -0.3816242, 39.4935632 ], [ -0.3815066, 39.4935888 ], [ -0.3812254, 39.4936495 ], [ -0.3802409, 39.4938608 ], [ -0.3800938, 39.4938924 ], [ -0.3801255, 39.4940016 ], [ -0.3802569, 39.4945377 ], [ -0.3803052, 39.4947033 ], [ -0.3803656, 39.4948808 ], [ -0.3804347, 39.4950455 ], [ -0.3805668, 39.4953513 ], [ -0.3808169, 39.495927 ], [ -0.381071, 39.4965105 ], [ -0.3811055, 39.4965921 ], [ -0.3811319, 39.4966674 ], [ -0.3811523, 39.4967286 ], [ -0.3811807, 39.4968384 ], [ -0.3812939, 39.4972701 ], [ -0.3813031, 39.4973513 ], [ -0.381307, 39.4974159 ], [ -0.3813078, 39.4977094 ], [ -0.3813072, 39.4983819 ], [ -0.3812923, 39.4986328 ], [ -0.3806482, 39.4987802 ], [ -0.3792334, 39.4990924 ], [ -0.3788695, 39.4991708 ], [ -0.3785158, 39.4992351 ], [ -0.3781702, 39.4992885 ], [ -0.3778857, 39.4993214 ], [ -0.3775503, 39.4993543 ], [ -0.3771722, 39.4993779 ], [ -0.3767128, 39.499392 ], [ -0.3763957, 39.499392 ], [ -0.3760277, 39.499381 ], [ -0.3756741, 39.4993622 ], [ -0.3753651, 39.4993339 ], [ -0.3750175, 39.4992947 ], [ -0.3746394, 39.4992351 ], [ -0.3742857, 39.4991724 ], [ -0.3738466, 39.4990767 ], [ -0.3735214, 39.4989936 ], [ -0.3730518, 39.4988602 ], [ -0.3727672, 39.4987771 ], [ -0.3712677, 39.4983419 ], [ -0.3713624, 39.4981137 ], [ -0.3713881, 39.4980459 ], [ -0.3714069, 39.4979996 ], [ -0.3715204, 39.4976942 ], [ -0.3718186, 39.4969874 ], [ -0.3708208, 39.4967887 ], [ -0.3710461, 39.4963002 ], [ -0.3702629, 39.4960187 ], [ -0.3710407, 39.4948627 ], [ -0.3716092, 39.4951479 ], [ -0.3716308, 39.4951587 ], [ -0.3719312, 39.4947313 ], [ -0.3720653, 39.4945988 ], [ -0.3722799, 39.4944498 ], [ -0.3725535, 39.4943215 ], [ -0.3734279, 39.4930299 ], [ -0.373935, 39.4920013 ], [ -0.3739903, 39.4920112 ], [ -0.3741261, 39.4920032 ], [ -0.3751412, 39.4917654 ], [ -0.3770031, 39.4913955 ], [ -0.3786236, 39.4910288 ], [ -0.3821298, 39.4902549 ] ] ] } },
{ "type": "Feature", "properties": { "neighborhood": "els Orriols", "admin_level": "10" }, "geometry": { "type": "Polygon", "coordinates": [ [ [ -0.373935, 39.4920013 ], [ -0.3734279, 39.4930299 ], [ -0.3725535, 39.4943215 ], [ -0.3722799, 39.4944498 ], [ -0.3720653, 39.4945988 ], [ -0.3719312, 39.4947313 ], [ -0.3716308, 39.4951587 ], [ -0.3716092, 39.4951479 ], [ -0.3710407, 39.4948627 ], [ -0.3702629, 39.4960187 ], [ -0.3710461, 39.4963002 ], [ -0.3708208, 39.4967887 ], [ -0.3718186, 39.4969874 ], [ -0.3715204, 39.4976942 ], [ -0.3714069, 39.4979996 ], [ -0.3713881, 39.4980459 ], [ -0.3713624, 39.4981137 ], [ -0.3712677, 39.4983419 ], [ -0.3710597, 39.4982815 ], [ -0.3704487, 39.4981031 ], [ -0.3704325, 39.4981791 ], [ -0.3704114, 39.4983245 ], [ -0.3704002, 39.4984 ], [ -0.3703721, 39.4985892 ], [ -0.370216, 39.4994033 ], [ -0.3702028, 39.4994567 ], [ -0.3701883, 39.4995211 ], [ -0.3701492, 39.4996586 ], [ -0.3701301, 39.4997199 ], [ -0.3701108, 39.4997819 ], [ -0.3699623, 39.5001693 ], [ -0.3698885, 39.5003516 ], [ -0.369844, 39.5004499 ], [ -0.369788, 39.5005538 ], [ -0.3695783, 39.5008384 ], [ -0.3690201, 39.5015833 ], [ -0.3688547, 39.5018102 ], [ -0.3688156, 39.5018809 ], [ -0.3687471, 39.5020049 ], [ -0.3686938, 39.5021366 ], [ -0.3683381, 39.503065 ], [ -0.3681356, 39.5035267 ], [ -0.3681231, 39.5035552 ], [ -0.3678021, 39.5044083 ], [ -0.3677371, 39.5043902 ], [ -0.3672268, 39.5042353 ], [ -0.3676558, 39.5033785 ], [ -0.3679377, 39.5027181 ], [ -0.3682293, 39.5021858 ], [ -0.3682919, 39.5020316 ], [ -0.3681976, 39.5020099 ], [ -0.3682677, 39.501844 ], [ -0.3685933, 39.5018592 ], [ -0.3691542, 39.5003318 ], [ -0.3692353, 39.5001181 ], [ -0.368382, 39.4999036 ], [ -0.3683235, 39.4998888 ], [ -0.368301, 39.4998722 ], [ -0.3683078, 39.4998337 ], [ -0.3683136, 39.4998212 ], [ -0.3684216, 39.4995902 ], [ -0.3684386, 39.4995538 ], [ -0.3688961, 39.4985748 ], [ -0.3689243, 39.4985272 ], [ -0.3689992, 39.498463 ], [ -0.3690368, 39.498418 ], [ -0.369108, 39.498309 ], [ -0.3692385, 39.4980077 ], [ -0.369205, 39.4976465 ], [ -0.3677523, 39.4970867 ], [ -0.3682083, 39.4965235 ], [ -0.366362, 39.495217 ], [ -0.3666848, 39.4949507 ], [ -0.367409, 39.4954889 ], [ -0.3681064, 39.4948472 ], [ -0.3678732, 39.4946222 ], [ -0.36841, 39.4941507 ], [ -0.3672481, 39.4933652 ], [ -0.369156, 39.4918381 ], [ -0.3688407, 39.4916004 ], [ -0.3683209, 39.4912084 ], [ -0.3690773, 39.490604 ], [ -0.3688145, 39.4904053 ], [ -0.3689861, 39.4902645 ], [ -0.3670607, 39.4887564 ], [ -0.3671413, 39.4887115 ], [ -0.3673469, 39.4885986 ], [ -0.3675031, 39.4885193 ], [ -0.3677226, 39.4883972 ], [ -0.3679638, 39.4882568 ], [ -0.368203, 39.4881179 ], [ -0.3683098, 39.4880554 ], [ -0.3684199, 39.4879844 ], [ -0.3710886, 39.4899819 ], [ -0.3714591, 39.4902505 ], [ -0.3724369, 39.4909595 ], [ -0.3732692, 39.4915819 ], [ -0.3737752, 39.4919346 ], [ -0.3738787, 39.4919913 ], [ -0.373935, 39.4920013 ] ] ] } },
{ "type": "Feature", "properties": { "neighborhood": "Tormos", "admin_level": "10" }, "geometry": { "type": "Polygon", "coordinates": [ [ [ -0.3858529, 39.489431 ], [ -0.3853455, 39.4895461 ], [ -0.3836355, 39.4899235 ], [ -0.3821298, 39.4902549 ], [ -0.3786236, 39.4910288 ], [ -0.3770031, 39.4913955 ], [ -0.3751412, 39.4917654 ], [ -0.3741261, 39.4920032 ], [ -0.3739903, 39.4920112 ], [ -0.373935, 39.4920013 ], [ -0.3758741, 39.4894531 ], [ -0.3772863, 39.487497 ], [ -0.3779125, 39.4866296 ], [ -0.3780907, 39.4863464 ], [ -0.3789715, 39.4864616 ], [ -0.3794468, 39.4877557 ], [ -0.3815389, 39.487234 ], [ -0.3849881, 39.4889722 ], [ -0.3857745, 39.4892644 ], [ -0.3858529, 39.489431 ] ] ] } },
{ "type": "Feature", "properties": { "neighborhood": "Trinitat", "admin_level": "10" }, "geometry": { "type": "Polygon", "coordinates": [ [ [ -0.3740739, 39.4798861 ], [ -0.3729853, 39.4814066 ], [ -0.3729161, 39.4815156 ], [ -0.3698967, 39.4862748 ], [ -0.3694652, 39.486131 ], [ -0.3693237, 39.4864033 ], [ -0.3688825, 39.486277 ], [ -0.3687243, 39.4866248 ], [ -0.3685204, 39.4865782 ], [ -0.3682053, 39.4865027 ], [ -0.3680457, 39.4864633 ], [ -0.3679224, 39.486433 ], [ -0.3678391, 39.4864126 ], [ -0.367638, 39.4863578 ], [ -0.3675895, 39.4863439 ], [ -0.3673655, 39.4862796 ], [ -0.3672088, 39.4862333 ], [ -0.3669518, 39.4861575 ], [ -0.3654157, 39.4857096 ], [ -0.3647119, 39.4862788 ], [ -0.3637444, 39.4855472 ], [ -0.3634843, 39.4853706 ], [ -0.3635103, 39.4853193 ], [ -0.3635287, 39.485283 ], [ -0.3635564, 39.4852282 ], [ -0.3635779, 39.4851858 ], [ -0.3635863, 39.4851691 ], [ -0.3635935, 39.4851549 ], [ -0.3636166, 39.4851109 ], [ -0.3636422, 39.4850556 ], [ -0.3638335, 39.484657 ], [ -0.3638774, 39.4845365 ], [ -0.3639056, 39.4844589 ], [ -0.363926, 39.4844029 ], [ -0.3641127, 39.4840097 ], [ -0.3641226, 39.4839898 ], [ -0.3644188, 39.4833945 ], [ -0.3644424, 39.4833468 ], [ -0.3644552, 39.483321 ], [ -0.3645946, 39.4830423 ], [ -0.364631, 39.4829662 ], [ -0.3647824, 39.4826615 ], [ -0.364811, 39.4826038 ], [ -0.3648683, 39.4824882 ], [ -0.3650609, 39.4821 ], [ -0.3651829, 39.4818539 ], [ -0.3652076, 39.4818042 ], [ -0.3653152, 39.4815872 ], [ -0.3657035, 39.4808045 ], [ -0.3657281, 39.4807532 ], [ -0.3658582, 39.4804893 ], [ -0.3659611, 39.4802849 ], [ -0.3662066, 39.4797903 ], [ -0.3662229, 39.4797572 ], [ -0.3663784, 39.4794112 ], [ -0.3668062, 39.4784351 ], [ -0.3670552, 39.4779095 ], [ -0.3673286, 39.4774682 ], [ -0.3674334, 39.4773445 ], [ -0.3675472, 39.4772494 ], [ -0.3676873, 39.4771665 ], [ -0.3679254, 39.47708 ], [ -0.3680609, 39.4770331 ], [ -0.3681963, 39.4769538 ], [ -0.3687467, 39.4764364 ], [ -0.3690396, 39.4766736 ], [ -0.3694463, 39.4769452 ], [ -0.3700655, 39.4774074 ], [ -0.3710512, 39.4779223 ], [ -0.3723961, 39.4788355 ], [ -0.3724865, 39.4788775 ], [ -0.3728312, 39.4791733 ], [ -0.3735214, 39.479568 ], [ -0.3738988, 39.4797838 ], [ -0.3740739, 39.4798861 ] ] ] } },
{ "type": "Feature", "properties": { "neighborhood": "Sant Antoni", "admin_level": "10" }, "geometry": { "type": "Polygon", "coordinates": [ [ [ -0.3772863, 39.487497 ], [ -0.3758741, 39.4894531 ], [ -0.373935, 39.4920013 ], [ -0.3738787, 39.4919913 ], [ -0.3737752, 39.4919346 ], [ -0.3732692, 39.4915819 ], [ -0.3724369, 39.4909595 ], [ -0.3714591, 39.4902505 ], [ -0.3710886, 39.4899819 ], [ -0.3684199, 39.4879844 ], [ -0.3684664, 39.487953 ], [ -0.3685473, 39.4878954 ], [ -0.3686854, 39.4877888 ], [ -0.369209, 39.4873619 ], [ -0.37103, 39.4878726 ], [ -0.3716201, 39.4865064 ], [ -0.3721887, 39.4866555 ], [ -0.3725535, 39.4867051 ], [ -0.3727755, 39.4867108 ], [ -0.3745316, 39.4865609 ], [ -0.3763729, 39.4863408 ], [ -0.3759974, 39.4869949 ], [ -0.3772863, 39.487497 ] ] ] } },
{ "type": "Feature", "properties": { "neighborhood": "Morvedre", "admin_level": "10" }, "geometry": { "type": "Polygon", "coordinates": [ [ [ -0.3791135, 39.4820357 ], [ -0.3787172, 39.4849818 ], [ -0.3785992, 39.4854372 ], [ -0.3784919, 39.4857187 ], [ -0.3781003, 39.4863318 ], [ -0.3780907, 39.4863464 ], [ -0.3779125, 39.4866296 ], [ -0.3772863, 39.487497 ], [ -0.3759974, 39.4869949 ], [ -0.3763729, 39.4863408 ], [ -0.3745316, 39.4865609 ], [ -0.3727755, 39.4867108 ], [ -0.3725535, 39.4867051 ], [ -0.3721887, 39.4866555 ], [ -0.3716201, 39.4865064 ], [ -0.37103, 39.4878726 ], [ -0.369209, 39.4873619 ], [ -0.3695414, 39.4867692 ], [ -0.3696201, 39.4866913 ], [ -0.3696912, 39.4865956 ], [ -0.369731, 39.4865319 ], [ -0.3698967, 39.4862748 ], [ -0.3729161, 39.4815156 ], [ -0.3729853, 39.4814066 ], [ -0.3740739, 39.4798861 ], [ -0.3754964, 39.4807177 ], [ -0.3760974, 39.4810534 ], [ -0.3767769, 39.4814766 ], [ -0.3773628, 39.4815845 ], [ -0.377869, 39.4817371 ], [ -0.3786519, 39.4819385 ], [ -0.3791135, 39.4820357 ] ] ] } },
{ "type": "Feature", "properties": { "neighborhood": "Marxalenes", "admin_level": "10" }, "geometry": { "type": "Polygon", "coordinates": [ [ [ -0.3895156, 39.4885955 ], [ -0.3880555, 39.4889362 ], [ -0.3865975, 39.4892622 ], [ -0.3858529, 39.489431 ], [ -0.3857745, 39.4892644 ], [ -0.3849881, 39.4889722 ], [ -0.3815389, 39.487234 ], [ -0.3794468, 39.4877557 ], [ -0.3789715, 39.4864616 ], [ -0.3780907, 39.4863464 ], [ -0.3781003, 39.4863318 ], [ -0.3784919, 39.4857187 ], [ -0.3785992, 39.4854372 ], [ -0.3787172, 39.4849818 ], [ -0.3791135, 39.4820357 ], [ -0.3792609, 39.4820667 ], [ -0.3797828, 39.4821277 ], [ -0.3802599, 39.4821426 ], [ -0.3805767, 39.4821166 ], [ -0.3808696, 39.4820536 ], [ -0.3813785, 39.4823765 ], [ -0.3819717, 39.4827961 ], [ -0.3820199, 39.4828294 ], [ -0.3829893, 39.4834988 ], [ -0.3833764, 39.4837725 ], [ -0.3835155, 39.4838772 ], [ -0.3835491, 39.4839025 ], [ -0.3836534, 39.4839765 ], [ -0.3851384, 39.485024 ], [ -0.3861757, 39.4857394 ], [ -0.3866894, 39.4861682 ], [ -0.3869873, 39.4864045 ], [ -0.3873046, 39.4866634 ], [ -0.3875297, 39.486842 ], [ -0.3877054, 39.4869803 ], [ -0.3879144, 39.4871303 ], [ -0.3880164, 39.4872163 ], [ -0.3880677, 39.4872619 ], [ -0.3880953, 39.4872866 ], [ -0.38813, 39.4873237 ], [ -0.3882678, 39.4874299 ], [ -0.3882833, 39.4874364 ], [ -0.3883109, 39.4874489 ], [ -0.3883344, 39.4874675 ], [ -0.3883799, 39.4875114 ], [ -0.3893509, 39.4884406 ], [ -0.3894345, 39.4885196 ], [ -0.3895156, 39.4885955 ] ] ] } },
{ "type": "Feature", "properties": { "neighborhood": "Ciutat Universitària", "admin_level": "10" }, "geometry": { "type": "Polygon", "coordinates": [ [ [ -0.3651959, 39.4790644 ], [ -0.3644921, 39.4803881 ], [ -0.3612453, 39.4794544 ], [ -0.3612309, 39.4794649 ], [ -0.3607049, 39.4804765 ], [ -0.3595453, 39.4814087 ], [ -0.3593129, 39.4812369 ], [ -0.3571318, 39.4796036 ], [ -0.3558004, 39.4786199 ], [ -0.3555941, 39.4784783 ], [ -0.3554278, 39.4783955 ], [ -0.3552454, 39.4783334 ], [ -0.3550415, 39.4782775 ], [ -0.3547381, 39.4781977 ], [ -0.354569, 39.4785388 ], [ -0.3542181, 39.4784679 ], [ -0.354211, 39.4784443 ], [ -0.3542026, 39.4784266 ], [ -0.3541794, 39.4784176 ], [ -0.3541362, 39.4784047 ], [ -0.3536121, 39.478232 ], [ -0.3535496, 39.4782128 ], [ -0.3527663, 39.4779849 ], [ -0.3529724, 39.4775398 ], [ -0.352989, 39.4775057 ], [ -0.3530926, 39.4773081 ], [ -0.3532795, 39.4768974 ], [ -0.3533043, 39.4768391 ], [ -0.353317, 39.4768095 ], [ -0.3533063, 39.4767905 ], [ -0.3532401, 39.4766728 ], [ -0.3532591, 39.4766209 ], [ -0.3534783, 39.4760813 ], [ -0.3534958, 39.4760409 ], [ -0.3534924, 39.4760261 ], [ -0.3534839, 39.4760098 ], [ -0.353696, 39.4756917 ], [ -0.356561, 39.4765282 ], [ -0.3581398, 39.476995 ], [ -0.3629708, 39.4784118 ], [ -0.3651959, 39.4790644 ] ] ] } },
{ "type": "Feature", "properties": { "neighborhood": "Jaume Roig", "admin_level": "10" }, "geometry": { "type": "Polygon", "coordinates": [ [ [ -0.3663784, 39.4794112 ], [ -0.3662229, 39.4797572 ], [ -0.3662066, 39.4797903 ], [ -0.3659611, 39.4802849 ], [ -0.3658582, 39.4804893 ], [ -0.3657281, 39.4807532 ], [ -0.3657035, 39.4808045 ], [ -0.3653152, 39.4815872 ], [ -0.3652076, 39.4818042 ], [ -0.3651829, 39.4818539 ], [ -0.3650609, 39.4821 ], [ -0.3648683, 39.4824882 ], [ -0.364811, 39.4826038 ], [ -0.3647824, 39.4826615 ], [ -0.364631, 39.4829662 ], [ -0.3645946, 39.4830423 ], [ -0.3644552, 39.483321 ], [ -0.3644424, 39.4833468 ], [ -0.3644188, 39.4833945 ], [ -0.3641226, 39.4839898 ], [ -0.3641127, 39.4840097 ], [ -0.363926, 39.4844029 ], [ -0.3639056, 39.4844589 ], [ -0.3638774, 39.4845365 ], [ -0.3638335, 39.484657 ], [ -0.3636422, 39.4850556 ], [ -0.3636166, 39.4851109 ], [ -0.3635935, 39.4851549 ], [ -0.3635863, 39.4851691 ], [ -0.3623215, 39.4848002 ], [ -0.362328, 39.4847872 ], [ -0.3623494, 39.4847421 ], [ -0.3624332, 39.4845841 ], [ -0.3626306, 39.4842122 ], [ -0.3627419, 39.4840126 ], [ -0.3627923, 39.4838855 ], [ -0.3628119, 39.4838356 ], [ -0.3610677, 39.4825394 ], [ -0.3606662, 39.4822424 ], [ -0.3595453, 39.4814087 ], [ -0.3607049, 39.4804765 ], [ -0.3612309, 39.4794649 ], [ -0.3612453, 39.4794544 ], [ -0.3644921, 39.4803881 ], [ -0.3651959, 39.4790644 ], [ -0.3663784, 39.4794112 ] ] ] } },
{ "type": "Feature", "properties": { "neighborhood": "Mestalla", "admin_level": "10" }, "geometry": { "type": "Polygon", "coordinates": [ [ [ -0.3660115, 39.4730889 ], [ -0.3637397, 39.4742081 ], [ -0.3606391, 39.4733054 ], [ -0.3599632, 39.4747216 ], [ -0.3593838, 39.474556 ], [ -0.3581398, 39.476995 ], [ -0.356561, 39.4765282 ], [ -0.353696, 39.4756917 ], [ -0.3524605, 39.4753349 ], [ -0.3526145, 39.4750115 ], [ -0.3532739, 39.4736868 ], [ -0.3541088, 39.4719767 ], [ -0.3543584, 39.471469 ], [ -0.354776, 39.4706189 ], [ -0.3557019, 39.4687241 ], [ -0.3564347, 39.4672295 ], [ -0.3565032, 39.4670897 ], [ -0.3569148, 39.4662502 ], [ -0.3570843, 39.4659032 ], [ -0.3577554, 39.4645287 ], [ -0.35784, 39.4643826 ], [ -0.3579553, 39.4642232 ], [ -0.3581297, 39.4640306 ], [ -0.3582396, 39.4639229 ], [ -0.3583818, 39.4638256 ], [ -0.3585454, 39.4637427 ], [ -0.3587063, 39.4636765 ], [ -0.3588673, 39.4636268 ], [ -0.3591033, 39.4635667 ], [ -0.3598269, 39.463398 ], [ -0.3600783, 39.4639866 ], [ -0.3604816, 39.4647559 ], [ -0.3615493, 39.4666241 ], [ -0.3630203, 39.4691395 ], [ -0.3631577, 39.4693889 ], [ -0.3633366, 39.4697134 ], [ -0.3636767, 39.4702201 ], [ -0.3642303, 39.47091 ], [ -0.364776, 39.4715632 ], [ -0.3660115, 39.4730889 ] ] ] } },
{ "type": "Feature", "properties": { "neighborhood": "Exposició", "admin_level": "10" }, "geometry": { "type": "Polygon", "coordinates": [ [ [ -0.3687467, 39.4764364 ], [ -0.3681963, 39.4769538 ], [ -0.3680609, 39.4770331 ], [ -0.3679254, 39.47708 ], [ -0.3676873, 39.4771665 ], [ -0.3675472, 39.4772494 ], [ -0.3674334, 39.4773445 ], [ -0.3673286, 39.4774682 ], [ -0.3670552, 39.4779095 ], [ -0.3668062, 39.4784351 ], [ -0.3663784, 39.4794112 ], [ -0.3651959, 39.4790644 ], [ -0.3629708, 39.4784118 ], [ -0.3581398, 39.476995 ], [ -0.3593838, 39.474556 ], [ -0.3599632, 39.4747216 ], [ -0.3606391, 39.4733054 ], [ -0.3637397, 39.4742081 ], [ -0.3660115, 39.4730889 ], [ -0.3663, 39.4734593 ], [ -0.3669002, 39.4741982 ], [ -0.3669644, 39.4742773 ], [ -0.3675259, 39.4750099 ], [ -0.3684056, 39.476037 ], [ -0.3685964, 39.4762468 ], [ -0.3687467, 39.4764364 ] ] ] } },
{ "type": "Feature", "properties": { "neighborhood": "Favara", "admin_level": "10" }, "geometry": { "type": "Polygon", "coordinates": [ [ [ -0.3982859, 39.454625 ], [ -0.3972244, 39.4555055 ], [ -0.3962803, 39.4559032 ], [ -0.3956044, 39.4561185 ], [ -0.3953843, 39.4561425 ], [ -0.3946173, 39.4562262 ], [ -0.3918922, 39.4564085 ], [ -0.390353, 39.4564692 ], [ -0.3904324, 39.456323 ], [ -0.3907322, 39.4558843 ], [ -0.3919701, 39.4540356 ], [ -0.3922006, 39.4536899 ], [ -0.3924237, 39.4533532 ], [ -0.3925957, 39.4531045 ], [ -0.3927164, 39.4529254 ], [ -0.3928632, 39.4527077 ], [ -0.3929301, 39.4526144 ], [ -0.3931863, 39.4522258 ], [ -0.3934262, 39.4518681 ], [ -0.3935109, 39.4517357 ], [ -0.3937724, 39.4513359 ], [ -0.3940114, 39.4509853 ], [ -0.3943411, 39.450501 ], [ -0.3944282, 39.4503724 ], [ -0.3948516, 39.4497725 ], [ -0.3969196, 39.4513652 ], [ -0.3987676, 39.4527838 ], [ -0.3986882, 39.4528494 ], [ -0.3986246, 39.4529035 ], [ -0.3985681, 39.4529469 ], [ -0.3984198, 39.4530607 ], [ -0.3983887, 39.4530859 ], [ -0.3973448, 39.4539332 ], [ -0.3974566, 39.4540101 ], [ -0.398195, 39.4545595 ], [ -0.3982859, 39.454625 ] ] ] } },
{ "type": "Feature", "properties": { "neighborhood": "Safranar", "admin_level": "10" }, "geometry": { "type": "Polygon", "coordinates": [ [ [ -0.4023206, 39.4581563 ], [ -0.3973585, 39.4628778 ], [ -0.390353, 39.4564692 ], [ -0.3918922, 39.4564085 ], [ -0.3946173, 39.4562262 ], [ -0.3953843, 39.4561425 ], [ -0.3956044, 39.4561185 ], [ -0.3962803, 39.4559032 ], [ -0.3972244, 39.4555055 ], [ -0.3982859, 39.454625 ], [ -0.3995097, 39.4554931 ], [ -0.3990376, 39.4558617 ], [ -0.4023206, 39.4581563 ] ] ] } },
{ "type": "Feature", "properties": { "neighborhood": "Vara de Quart", "admin_level": "10" }, "geometry": { "type": "Polygon", "coordinates": [ [ [ -0.4147528, 39.4591057 ], [ -0.4145115, 39.4602378 ], [ -0.4141022, 39.4606386 ], [ -0.4140422, 39.4608308 ], [ -0.4138497, 39.4611558 ], [ -0.4138019, 39.4612567 ], [ -0.4137385, 39.4614035 ], [ -0.4136545, 39.4615671 ], [ -0.4135209, 39.461867 ], [ -0.4130998, 39.4627938 ], [ -0.4129618, 39.4631001 ], [ -0.4122627, 39.4631281 ], [ -0.410178, 39.4632192 ], [ -0.4098694, 39.4632327 ], [ -0.4062104, 39.4633985 ], [ -0.406054, 39.4634147 ], [ -0.4059139, 39.4634364 ], [ -0.4057714, 39.4634652 ], [ -0.4055866, 39.4635128 ], [ -0.4054982, 39.4635355 ], [ -0.4053465, 39.4635716 ], [ -0.4052204, 39.4635896 ], [ -0.4050102, 39.4636004 ], [ -0.4041416, 39.4636311 ], [ -0.4007045, 39.4637735 ], [ -0.3974441, 39.4639055 ], [ -0.3973655, 39.4629615 ], [ -0.3973585, 39.4628778 ], [ -0.4023206, 39.4581563 ], [ -0.4045201, 39.4561765 ], [ -0.4053491, 39.4554954 ], [ -0.4069448, 39.4542049 ], [ -0.409604, 39.4520829 ], [ -0.4102798, 39.453019 ], [ -0.4137388, 39.4577243 ], [ -0.4147528, 39.4591057 ] ] ] } },
{ "type": "Feature", "properties": { "neighborhood": "Sant Isidre", "admin_level": "10" }, "geometry": { "type": "Polygon", "coordinates": [ [ [ -0.409604, 39.4520829 ], [ -0.4069448, 39.4542049 ], [ -0.4053491, 39.4554954 ], [ -0.4045201, 39.4561765 ], [ -0.4023206, 39.4581563 ], [ -0.3990376, 39.4558617 ], [ -0.3995097, 39.4554931 ], [ -0.3982859, 39.454625 ], [ -0.3983771, 39.4545519 ], [ -0.3984231, 39.454515 ], [ -0.3991816, 39.4539033 ], [ -0.4001324, 39.4531509 ], [ -0.400978, 39.4524587 ], [ -0.4013927, 39.4521181 ], [ -0.4016915, 39.4518591 ], [ -0.4019862, 39.4515939 ], [ -0.4022891, 39.4513098 ], [ -0.4025188, 39.45109 ], [ -0.4028766, 39.45074 ], [ -0.4034051, 39.450222 ], [ -0.4037872, 39.4498484 ], [ -0.4041531, 39.4494859 ], [ -0.4043828, 39.449252 ], [ -0.4046227, 39.4489961 ], [ -0.40483, 39.4487654 ], [ -0.4050292, 39.4485346 ], [ -0.4052711, 39.4482411 ], [ -0.4055069, 39.4479445 ], [ -0.4056797, 39.4477137 ], [ -0.4059013, 39.4474092 ], [ -0.4060612, 39.4471737 ], [ -0.4066148, 39.4479422 ], [ -0.409604, 39.4520829 ] ] ] } },
{ "type": "Feature", "properties": { "neighborhood": "Patraix", "admin_level": "10" }, "geometry": { "type": "Polygon", "coordinates": [ [ [ -0.3974441, 39.4639055 ], [ -0.3965645, 39.4639411 ], [ -0.3960938, 39.4639538 ], [ -0.3960522, 39.463998 ], [ -0.3959694, 39.464074 ], [ -0.3959095, 39.4641225 ], [ -0.3958764, 39.4641494 ], [ -0.3958128, 39.4642045 ], [ -0.3956842, 39.4643003 ], [ -0.3948249, 39.4651036 ], [ -0.3947038, 39.4652136 ], [ -0.3946291, 39.4652704 ], [ -0.3945978, 39.4652942 ], [ -0.3945743, 39.4653151 ], [ -0.394494, 39.4653865 ], [ -0.3944506, 39.4654249 ], [ -0.3945144, 39.4655852 ], [ -0.3953363, 39.4675554 ], [ -0.3954397, 39.4678088 ], [ -0.3954437, 39.4678186 ], [ -0.3954531, 39.4678474 ], [ -0.3954484, 39.4678817 ], [ -0.3954395, 39.4679288 ], [ -0.3954342, 39.467957 ], [ -0.3952919, 39.4679376 ], [ -0.395124, 39.4679182 ], [ -0.3950313, 39.4679023 ], [ -0.3945182, 39.4678085 ], [ -0.3944751, 39.4678002 ], [ -0.3943004, 39.4677678 ], [ -0.3941542, 39.4677414 ], [ -0.3933695, 39.4675998 ], [ -0.3928303, 39.4674996 ], [ -0.392789, 39.4674933 ], [ -0.3927211, 39.46748 ], [ -0.3925926, 39.467457 ], [ -0.392232, 39.4673921 ], [ -0.3917728, 39.4673095 ], [ -0.3917273, 39.4673012 ], [ -0.3916761, 39.467292 ], [ -0.391432, 39.4672473 ], [ -0.3909415, 39.4671579 ], [ -0.3908542, 39.4671419 ], [ -0.3907627, 39.4671155 ], [ -0.3906653, 39.4670864 ], [ -0.3903692, 39.4670314 ], [ -0.3903292, 39.4670239 ], [ -0.3901569, 39.4669919 ], [ -0.3900865, 39.4669947 ], [ -0.3869677, 39.4626502 ], [ -0.3870045, 39.4626327 ], [ -0.3870742, 39.4626029 ], [ -0.387133, 39.4625776 ], [ -0.3877708, 39.462303 ], [ -0.3878462, 39.4622716 ], [ -0.3879997, 39.4621921 ], [ -0.3876488, 39.4617306 ], [ -0.387495, 39.4615179 ], [ -0.3880934, 39.4608332 ], [ -0.3883317, 39.4605549 ], [ -0.3883573, 39.460527 ], [ -0.3884342, 39.4604634 ], [ -0.3884918, 39.4604061 ], [ -0.3885335, 39.4603542 ], [ -0.3888982, 39.4599365 ], [ -0.3882975, 39.4595647 ], [ -0.3885804, 39.4591402 ], [ -0.3886591, 39.4590224 ], [ -0.3888391, 39.4587556 ], [ -0.3890448, 39.4584417 ], [ -0.3890929, 39.4583727 ], [ -0.389372, 39.4579553 ], [ -0.3894464, 39.4578443 ], [ -0.3896514, 39.4575413 ], [ -0.3899286, 39.4571319 ], [ -0.3901747, 39.4567666 ], [ -0.3902187, 39.4567033 ], [ -0.390353, 39.4564692 ], [ -0.3973585, 39.4628778 ], [ -0.3973655, 39.4629615 ], [ -0.3974441, 39.4639055 ] ] ] } },
{ "type": "Feature", "properties": { "neighborhood": "Camí Real", "admin_level": "10" }, "geometry": { "type": "Polygon", "coordinates": [ [ [ -0.4060612, 39.4471737 ], [ -0.4059013, 39.4474092 ], [ -0.4056797, 39.4477137 ], [ -0.4055069, 39.4479445 ], [ -0.4052711, 39.4482411 ], [ -0.4050292, 39.4485346 ], [ -0.40483, 39.4487654 ], [ -0.4046227, 39.4489961 ], [ -0.4043828, 39.449252 ], [ -0.4041531, 39.4494859 ], [ -0.4037872, 39.4498484 ], [ -0.4034051, 39.450222 ], [ -0.4028766, 39.45074 ], [ -0.4025188, 39.45109 ], [ -0.4022891, 39.4513098 ], [ -0.4019862, 39.4515939 ], [ -0.4016915, 39.4518591 ], [ -0.4013927, 39.4521181 ], [ -0.400978, 39.4524587 ], [ -0.4001324, 39.4531509 ], [ -0.3991816, 39.4539033 ], [ -0.3984231, 39.454515 ], [ -0.3983771, 39.4545519 ], [ -0.3982859, 39.454625 ], [ -0.398195, 39.4545595 ], [ -0.3974566, 39.4540101 ], [ -0.3973448, 39.4539332 ], [ -0.3983887, 39.4530859 ], [ -0.3984198, 39.4530607 ], [ -0.3985681, 39.4529469 ], [ -0.3986246, 39.4529035 ], [ -0.3986882, 39.4528494 ], [ -0.3987676, 39.4527838 ], [ -0.3969196, 39.4513652 ], [ -0.3948516, 39.4497725 ], [ -0.3961301, 39.4480413 ], [ -0.3962052, 39.4475525 ], [ -0.3942096, 39.4475608 ], [ -0.3921282, 39.4476519 ], [ -0.3943598, 39.4418606 ], [ -0.3935766, 39.441844 ], [ -0.3923643, 39.4422665 ], [ -0.3892744, 39.4423743 ], [ -0.388062, 39.4421423 ], [ -0.385809, 39.4478508 ], [ -0.3835705, 39.4472157 ], [ -0.3853819, 39.4421025 ], [ -0.3871384, 39.4371596 ], [ -0.3890507, 39.4373471 ], [ -0.3915086, 39.4377876 ], [ -0.3928835, 39.4381276 ], [ -0.3930196, 39.4381696 ], [ -0.3944241, 39.4386035 ], [ -0.3956565, 39.4390318 ], [ -0.3972093, 39.4396695 ], [ -0.3989347, 39.4405737 ], [ -0.4001518, 39.4413339 ], [ -0.4010298, 39.4419728 ], [ -0.4018186, 39.4426105 ], [ -0.4027868, 39.443455 ], [ -0.4036795, 39.4442856 ], [ -0.4045546, 39.4452373 ], [ -0.4051729, 39.4459406 ], [ -0.4060612, 39.4471737 ] ] ] } },
{ "type": "Feature", "properties": { "neighborhood": "Sant Marcel·lí", "admin_level": "10" }, "geometry": { "type": "Polygon", "coordinates": [ [ [ -0.3921282, 39.4476519 ], [ -0.3896284, 39.4476933 ], [ -0.385809, 39.4478508 ], [ -0.388062, 39.4421423 ], [ -0.3892744, 39.4423743 ], [ -0.3923643, 39.4422665 ], [ -0.3935766, 39.441844 ], [ -0.3943598, 39.4418606 ], [ -0.3921282, 39.4476519 ] ] ] } },
{ "type": "Feature", "properties": { "neighborhood": "la Creu Coberta", "admin_level": "10" }, "geometry": { "type": "Polygon", "coordinates": [ [ [ -0.3896284, 39.4476933 ], [ -0.3885555, 39.4530866 ], [ -0.3878474, 39.452954 ], [ -0.3846476, 39.452544 ], [ -0.3844517, 39.4535111 ], [ -0.3841406, 39.4550789 ], [ -0.3811515, 39.4546474 ], [ -0.3835705, 39.4472157 ], [ -0.385809, 39.4478508 ], [ -0.3896284, 39.4476933 ] ] ] } },
{ "type": "Feature", "properties": { "neighborhood": "l'Hort de Senabre", "admin_level": "10" }, "geometry": { "type": "Polygon", "coordinates": [ [ [ -0.3948516, 39.4497725 ], [ -0.3944282, 39.4503724 ], [ -0.3943411, 39.450501 ], [ -0.3940114, 39.4509853 ], [ -0.3937724, 39.4513359 ], [ -0.3935109, 39.4517357 ], [ -0.3934262, 39.4518681 ], [ -0.3931863, 39.4522258 ], [ -0.3929301, 39.4526144 ], [ -0.3928632, 39.4527077 ], [ -0.3927164, 39.4529254 ], [ -0.3925957, 39.4531045 ], [ -0.3924237, 39.4533532 ], [ -0.3922006, 39.4536899 ], [ -0.3919701, 39.4540356 ], [ -0.3907322, 39.4558843 ], [ -0.3904324, 39.456323 ], [ -0.390353, 39.4564692 ], [ -0.3901207, 39.4563282 ], [ -0.3888153, 39.4556184 ], [ -0.3873142, 39.454933 ], [ -0.3870999, 39.4547892 ], [ -0.386437, 39.4543635 ], [ -0.3855663, 39.4537522 ], [ -0.3844517, 39.4535111 ], [ -0.3846476, 39.452544 ], [ -0.3878474, 39.452954 ], [ -0.3885555, 39.4530866 ], [ -0.3896284, 39.4476933 ], [ -0.3921282, 39.4476519 ], [ -0.3942096, 39.4475608 ], [ -0.3962052, 39.4475525 ], [ -0.3961301, 39.4480413 ], [ -0.3948516, 39.4497725 ] ] ] } },
{ "type": "Feature", "properties": { "neighborhood": "la Raïosa", "admin_level": "10" }, "geometry": { "type": "Polygon", "coordinates": [ [ [ -0.390353, 39.4564692 ], [ -0.3902187, 39.4567033 ], [ -0.3901747, 39.4567666 ], [ -0.3899286, 39.4571319 ], [ -0.3896514, 39.4575413 ], [ -0.3894464, 39.4578443 ], [ -0.389372, 39.4579553 ], [ -0.3890929, 39.4583727 ], [ -0.3890448, 39.4584417 ], [ -0.3888391, 39.4587556 ], [ -0.3886591, 39.4590224 ], [ -0.3885804, 39.4591402 ], [ -0.3882975, 39.4595647 ], [ -0.3888982, 39.4599365 ], [ -0.3885335, 39.4603542 ], [ -0.3884918, 39.4604061 ], [ -0.3884342, 39.4604634 ], [ -0.3883573, 39.460527 ], [ -0.3883317, 39.4605549 ], [ -0.3880934, 39.4608332 ], [ -0.387495, 39.4615179 ], [ -0.3876488, 39.4617306 ], [ -0.3879997, 39.4621921 ], [ -0.3878462, 39.4622716 ], [ -0.3877708, 39.462303 ], [ -0.387133, 39.4625776 ], [ -0.3870742, 39.4626029 ], [ -0.3870045, 39.4626327 ], [ -0.3869677, 39.4626502 ], [ -0.384633, 39.4593652 ], [ -0.3845848, 39.4593839 ], [ -0.384524, 39.4594102 ], [ -0.3843907, 39.4594672 ], [ -0.383287, 39.4599394 ], [ -0.3831589, 39.4599789 ], [ -0.3831079, 39.4599913 ], [ -0.3830355, 39.4599934 ], [ -0.3829256, 39.459978 ], [ -0.3829389, 39.4599309 ], [ -0.3829754, 39.4597974 ], [ -0.3829928, 39.4597343 ], [ -0.3830804, 39.4594195 ], [ -0.3831025, 39.4593404 ], [ -0.383247, 39.4588207 ], [ -0.3832825, 39.4586968 ], [ -0.3833351, 39.4585135 ], [ -0.3835257, 39.4578492 ], [ -0.3811515, 39.4546474 ], [ -0.3841406, 39.4550789 ], [ -0.3844517, 39.4535111 ], [ -0.3855663, 39.4537522 ], [ -0.386437, 39.4543635 ], [ -0.3870999, 39.4547892 ], [ -0.3873142, 39.454933 ], [ -0.3888153, 39.4556184 ], [ -0.3901207, 39.4563282 ], [ -0.390353, 39.4564692 ] ] ] } },
{ "type": "Feature", "properties": { "neighborhood": "Ciutat de les Arts i de les Ciències", "admin_level": "10" }, "geometry": { "type": "Polygon", "coordinates": [ [ [ -0.3678728, 39.4476956 ], [ -0.3671622, 39.4479916 ], [ -0.3631724, 39.4525631 ], [ -0.3624095, 39.4534386 ], [ -0.3626454, 39.4538901 ], [ -0.3616938, 39.4543289 ], [ -0.3607073, 39.4553833 ], [ -0.3588454, 39.4575733 ], [ -0.3581777, 39.4583558 ], [ -0.3579998, 39.4586699 ], [ -0.3584182, 39.4590675 ], [ -0.3590298, 39.4593823 ], [ -0.3590191, 39.4596971 ], [ -0.3573425, 39.4602285 ], [ -0.356879, 39.4600402 ], [ -0.3560822, 39.4597639 ], [ -0.3547893, 39.4593182 ], [ -0.3542771, 39.4590922 ], [ -0.3536673, 39.4587595 ], [ -0.3531875, 39.4584331 ], [ -0.349488, 39.4559345 ], [ -0.3491709, 39.455721 ], [ -0.3487854, 39.4553871 ], [ -0.3484689, 39.4550806 ], [ -0.3482114, 39.4547906 ], [ -0.3479486, 39.454567 ], [ -0.3475409, 39.4543226 ], [ -0.3471385, 39.4541693 ], [ -0.3467255, 39.4540741 ], [ -0.3457548, 39.4539196 ], [ -0.3466809, 39.4524156 ], [ -0.3470564, 39.4519765 ], [ -0.3517771, 39.4533434 ], [ -0.3663205, 39.4471563 ], [ -0.3674895, 39.4471258 ], [ -0.3678728, 39.4476956 ] ] ] } },
{ "type": "Feature", "properties": { "neighborhood": "la Punta", "admin_level": "10" }, "geometry": { "type": "Polygon", "coordinates": [ [ [ -0.3702395, 39.4355417 ], [ -0.3695655, 39.4414463 ], [ -0.3655207, 39.4409906 ], [ -0.3654027, 39.4415871 ], [ -0.3654349, 39.4417114 ], [ -0.3653276, 39.4418854 ], [ -0.3648394, 39.4417528 ], [ -0.3647375, 39.4423743 ], [ -0.3645122, 39.4430827 ], [ -0.3658801, 39.4433975 ], [ -0.3655207, 39.4444787 ], [ -0.3652847, 39.4455807 ], [ -0.3651023, 39.4457464 ], [ -0.3647643, 39.4456677 ], [ -0.3644586, 39.4461275 ], [ -0.364598, 39.4464465 ], [ -0.3663205, 39.4471563 ], [ -0.3517771, 39.4533434 ], [ -0.3470564, 39.4519765 ], [ -0.3466809, 39.4524156 ], [ -0.3457548, 39.4539196 ], [ -0.34532, 39.4538504 ], [ -0.3446655, 39.4537717 ], [ -0.34429, 39.4537551 ], [ -0.3435551, 39.4537883 ], [ -0.3425627, 39.4538835 ], [ -0.3416777, 39.4540048 ], [ -0.3407581, 39.4541257 ], [ -0.3395112, 39.4543017 ], [ -0.3361528, 39.454749 ], [ -0.3349697, 39.4549012 ], [ -0.3346028, 39.4549172 ], [ -0.3347372, 39.4541671 ], [ -0.3347841, 39.4539057 ], [ -0.3349105, 39.4531872 ], [ -0.3349419, 39.4529691 ], [ -0.3349634, 39.4527103 ], [ -0.3349768, 39.4525632 ], [ -0.3350036, 39.452381 ], [ -0.3354143, 39.4500649 ], [ -0.3354251, 39.4499572 ], [ -0.3354465, 39.4497024 ], [ -0.3354546, 39.4495761 ], [ -0.3355282, 39.4490724 ], [ -0.3356655, 39.4483605 ], [ -0.3353551, 39.4483014 ], [ -0.3354785, 39.4474689 ], [ -0.3355482, 39.446869 ], [ -0.335532, 39.4467984 ], [ -0.3355671, 39.4465861 ], [ -0.335578, 39.4464357 ], [ -0.3355698, 39.4463806 ], [ -0.3355624, 39.4463376 ], [ -0.3356405, 39.4456331 ], [ -0.335708, 39.4449334 ], [ -0.3357171, 39.4448386 ], [ -0.3357942, 39.4440992 ], [ -0.3358012, 39.4440289 ], [ -0.3358655, 39.4434072 ], [ -0.3358703, 39.4433513 ], [ -0.3358899, 39.4431762 ], [ -0.3358942, 39.4431313 ], [ -0.3359054, 39.4430102 ], [ -0.3359102, 39.4428531 ], [ -0.3359282, 39.442623 ], [ -0.3359309, 39.4425311 ], [ -0.3359322, 39.4425102 ], [ -0.3359635, 39.4422127 ], [ -0.3360989, 39.4411596 ], [ -0.3362764, 39.439872 ], [ -0.3364591, 39.4383875 ], [ -0.3366055, 39.4369181 ], [ -0.3366461, 39.4359259 ], [ -0.3366055, 39.435122 ], [ -0.3365951, 39.4349818 ], [ -0.336516, 39.43391 ], [ -0.3363615, 39.4325284 ], [ -0.3362233, 39.4312347 ], [ -0.33602, 39.4292752 ], [ -0.3357273, 39.4294825 ], [ -0.3355403, 39.4297462 ], [ -0.3354265, 39.4301168 ], [ -0.3353452, 39.4305062 ], [ -0.3353403, 39.4297 ], [ -0.3353939, 39.4290412 ], [ -0.335469, 39.428399 ], [ -0.3355334, 39.427997 ], [ -0.33563, 39.4277111 ], [ -0.3357373, 39.4274832 ], [ -0.3359036, 39.4272512 ], [ -0.3361342, 39.4270564 ], [ -0.3361601, 39.4258725 ], [ -0.336777, 39.4258922 ], [ -0.3375554, 39.4261729 ], [ -0.3406024, 39.4272337 ], [ -0.3437782, 39.4283873 ], [ -0.3457611, 39.4290832 ], [ -0.3463379, 39.4292856 ], [ -0.3512025, 39.4309927 ], [ -0.3580089, 39.4333329 ], [ -0.3587556, 39.4336113 ], [ -0.3602147, 39.4341284 ], [ -0.3626008, 39.4347383 ], [ -0.3650899, 39.4350167 ], [ -0.3683147, 39.4353605 ], [ -0.3702395, 39.4355417 ] ] ] } },
{ "type": "Feature", "properties": { "neighborhood": "Na Rovella", "admin_level": "10" }, "geometry": { "type": "Polygon", "coordinates": [ [ [ -0.3715503, 39.4508829 ], [ -0.3715107, 39.4512966 ], [ -0.3711709, 39.4522443 ], [ -0.3714216, 39.4531197 ], [ -0.3708422, 39.45336 ], [ -0.3688574, 39.4533434 ], [ -0.368042, 39.4536251 ], [ -0.3686106, 39.4544949 ], [ -0.3669567, 39.4550999 ], [ -0.3667331, 39.4551917 ], [ -0.3598832, 39.4581098 ], [ -0.358547, 39.4587031 ], [ -0.3584182, 39.4590675 ], [ -0.3579998, 39.4586699 ], [ -0.3581777, 39.4583558 ], [ -0.3588454, 39.4575733 ], [ -0.3607073, 39.4553833 ], [ -0.3616938, 39.4543289 ], [ -0.3626454, 39.4538901 ], [ -0.3624095, 39.4534386 ], [ -0.3631724, 39.4525631 ], [ -0.3671622, 39.4479916 ], [ -0.3678728, 39.4476956 ], [ -0.3682458, 39.4482153 ], [ -0.3694287, 39.447741 ], [ -0.3694797, 39.447859 ], [ -0.3715503, 39.4508829 ] ] ] } },
{ "type": "Feature", "properties": { "neighborhood": "Malilla", "admin_level": "10" }, "geometry": { "type": "Polygon", "coordinates": [ [ [ -0.3871384, 39.4371596 ], [ -0.3853819, 39.4421025 ], [ -0.3835705, 39.4472157 ], [ -0.3811515, 39.4546474 ], [ -0.3757312, 39.4569007 ], [ -0.3752385, 39.4561956 ], [ -0.3748329, 39.4556164 ], [ -0.3747713, 39.4555304 ], [ -0.3715503, 39.4508829 ], [ -0.3694797, 39.447859 ], [ -0.3694287, 39.447741 ], [ -0.3691578, 39.4471134 ], [ -0.3689647, 39.4460695 ], [ -0.3691149, 39.4449593 ], [ -0.3695655, 39.4414463 ], [ -0.3702395, 39.4355417 ], [ -0.3729177, 39.4357989 ], [ -0.3774324, 39.4362099 ], [ -0.3871384, 39.4371596 ] ] ] } },
{ "type": "Feature", "properties": { "neighborhood": "En Corts", "admin_level": "10" }, "geometry": { "type": "Polygon", "coordinates": [ [ [ -0.3757312, 39.4569007 ], [ -0.3751842, 39.4571254 ], [ -0.369242, 39.4595983 ], [ -0.3690934, 39.4591876 ], [ -0.3688252, 39.45879 ], [ -0.3686106, 39.4585001 ], [ -0.3681922, 39.4575641 ], [ -0.3681278, 39.4574398 ], [ -0.3667331, 39.4551917 ], [ -0.3669567, 39.4550999 ], [ -0.3686106, 39.4544949 ], [ -0.368042, 39.4536251 ], [ -0.3688574, 39.4533434 ], [ -0.3708422, 39.45336 ], [ -0.3714216, 39.4531197 ], [ -0.3711709, 39.4522443 ], [ -0.3715107, 39.4512966 ], [ -0.3715503, 39.4508829 ], [ -0.3747713, 39.4555304 ], [ -0.3748329, 39.4556164 ], [ -0.3752385, 39.4561956 ], [ -0.3757312, 39.4569007 ] ] ] } },
{ "type": "Feature", "properties": { "neighborhood": "Montolivet", "admin_level": "10" }, "geometry": { "type": "Polygon", "coordinates": [ [ [ -0.369242, 39.4595983 ], [ -0.3621187, 39.4625593 ], [ -0.3612052, 39.4629389 ], [ -0.3598269, 39.463398 ], [ -0.359587, 39.4628385 ], [ -0.3593183, 39.4623252 ], [ -0.3590906, 39.4619485 ], [ -0.3587572, 39.4614589 ], [ -0.3583832, 39.4609316 ], [ -0.3582175, 39.4607687 ], [ -0.3581149, 39.4606679 ], [ -0.3577409, 39.4604294 ], [ -0.3573425, 39.4602285 ], [ -0.3590191, 39.4596971 ], [ -0.3590298, 39.4593823 ], [ -0.3584182, 39.4590675 ], [ -0.358547, 39.4587031 ], [ -0.3598832, 39.4581098 ], [ -0.3667331, 39.4551917 ], [ -0.3681278, 39.4574398 ], [ -0.3681922, 39.4575641 ], [ -0.3686106, 39.4585001 ], [ -0.3688252, 39.45879 ], [ -0.3690934, 39.4591876 ], [ -0.369242, 39.4595983 ] ] ] } },
{ "type": "Feature", "properties": { "neighborhood": "la Fonteta de Sant Lluís", "admin_level": "10" }, "geometry": { "type": "Polygon", "coordinates": [ [ [ -0.3695655, 39.4414463 ], [ -0.3691149, 39.4449593 ], [ -0.3689647, 39.4460695 ], [ -0.3691578, 39.4471134 ], [ -0.3694287, 39.447741 ], [ -0.3682458, 39.4482153 ], [ -0.3678728, 39.4476956 ], [ -0.3674895, 39.4471258 ], [ -0.3663205, 39.4471563 ], [ -0.364598, 39.4464465 ], [ -0.3644586, 39.4461275 ], [ -0.3647643, 39.4456677 ], [ -0.3651023, 39.4457464 ], [ -0.3652847, 39.4455807 ], [ -0.3655207, 39.4444787 ], [ -0.3658801, 39.4433975 ], [ -0.3645122, 39.4430827 ], [ -0.3647375, 39.4423743 ], [ -0.3648394, 39.4417528 ], [ -0.3653276, 39.4418854 ], [ -0.3654349, 39.4417114 ], [ -0.3654027, 39.4415871 ], [ -0.3655207, 39.4409906 ], [ -0.3695655, 39.4414463 ] ] ] } },
{ "type": "Feature", "properties": { "neighborhood": "Natzaret", "admin_level": "10" }, "geometry": { "type": "Polygon", "coordinates": [ [ [ -0.3365951, 39.4349818 ], [ -0.3366055, 39.435122 ], [ -0.3366461, 39.4359259 ], [ -0.3366055, 39.4369181 ], [ -0.3364591, 39.4383875 ], [ -0.3362764, 39.439872 ], [ -0.3360989, 39.4411596 ], [ -0.3359635, 39.4422127 ], [ -0.3359322, 39.4425102 ], [ -0.3359309, 39.4425311 ], [ -0.3359282, 39.442623 ], [ -0.3359102, 39.4428531 ], [ -0.3359054, 39.4430102 ], [ -0.3358942, 39.4431313 ], [ -0.3358899, 39.4431762 ], [ -0.3358703, 39.4433513 ], [ -0.3358655, 39.4434072 ], [ -0.3358012, 39.4440289 ], [ -0.3357942, 39.4440992 ], [ -0.3357171, 39.4448386 ], [ -0.335708, 39.4449334 ], [ -0.3356405, 39.4456331 ], [ -0.3355624, 39.4463376 ], [ -0.3355698, 39.4463806 ], [ -0.335578, 39.4464357 ], [ -0.3355671, 39.4465861 ], [ -0.335532, 39.4467984 ], [ -0.3355482, 39.446869 ], [ -0.3354785, 39.4474689 ], [ -0.3353551, 39.4483014 ], [ -0.3356655, 39.4483605 ], [ -0.3355282, 39.4490724 ], [ -0.3354546, 39.4495761 ], [ -0.3354465, 39.4497024 ], [ -0.3354251, 39.4499572 ], [ -0.3354143, 39.4500649 ], [ -0.3350036, 39.452381 ], [ -0.3349768, 39.4525632 ], [ -0.3349634, 39.4527103 ], [ -0.3349419, 39.4529691 ], [ -0.3349105, 39.4531872 ], [ -0.3347841, 39.4539057 ], [ -0.3347372, 39.4541671 ], [ -0.3346028, 39.4549172 ], [ -0.3323794, 39.4549339 ], [ -0.330931, 39.4540393 ], [ -0.3316176, 39.4532937 ], [ -0.3271437, 39.4482899 ], [ -0.3273797, 39.4463015 ], [ -0.3332591, 39.4400046 ], [ -0.3357053, 39.4349832 ], [ -0.3365951, 39.4349818 ] ] ] } },
{ "type": "Feature", "properties": { "neighborhood": "Beteró", "admin_level": "10" }, "geometry": { "type": "Polygon", "coordinates": [ [ [ -0.3387229, 39.4712793 ], [ -0.3381478, 39.471108 ], [ -0.3380223, 39.4713663 ], [ -0.3379391, 39.4714627 ], [ -0.3379243, 39.471492 ], [ -0.3375992, 39.4721613 ], [ -0.3375151, 39.472331 ], [ -0.3374526, 39.4724571 ], [ -0.3374184, 39.4725521 ], [ -0.3374038, 39.4726422 ], [ -0.3374112, 39.4727051 ], [ -0.3374192, 39.4727403 ], [ -0.3374353, 39.4727869 ], [ -0.337446, 39.472821 ], [ -0.3374514, 39.472851 ], [ -0.3374514, 39.4728987 ], [ -0.337438, 39.4729535 ], [ -0.3374112, 39.4730353 ], [ -0.337379, 39.4731047 ], [ -0.3371363, 39.4735968 ], [ -0.3371178, 39.4736294 ], [ -0.3370647, 39.4737046 ], [ -0.3370381, 39.4737483 ], [ -0.3370172, 39.4738018 ], [ -0.3369448, 39.4739494 ], [ -0.3364823, 39.4749211 ], [ -0.3362458, 39.4754105 ], [ -0.3361405, 39.4756275 ], [ -0.3361279, 39.4756569 ], [ -0.3358235, 39.4762979 ], [ -0.335668, 39.4765745 ], [ -0.3334433, 39.4760587 ], [ -0.3341603, 39.4728499 ], [ -0.3343213, 39.4715165 ], [ -0.3347182, 39.4710859 ], [ -0.3349865, 39.4700092 ], [ -0.3350401, 39.4693963 ], [ -0.3346753, 39.4684977 ], [ -0.334893, 39.4685097 ], [ -0.3349693, 39.4685138 ], [ -0.3350733, 39.4685068 ], [ -0.3351309, 39.4685124 ], [ -0.3355906, 39.4685503 ], [ -0.3362353, 39.4686035 ], [ -0.3362695, 39.4686059 ], [ -0.3363177, 39.4686093 ], [ -0.336421, 39.4686166 ], [ -0.3373947, 39.4686876 ], [ -0.3384291, 39.4687746 ], [ -0.338499, 39.4687807 ], [ -0.3385598, 39.4687836 ], [ -0.3387449, 39.4686192 ], [ -0.3388544, 39.4686556 ], [ -0.3391678, 39.4687511 ], [ -0.3397683, 39.4689223 ], [ -0.3398496, 39.4689455 ], [ -0.3397768, 39.4690966 ], [ -0.3398698, 39.4691483 ], [ -0.3401018, 39.4692165 ], [ -0.3398177, 39.4697691 ], [ -0.3402321, 39.4698984 ], [ -0.3402081, 39.4699497 ], [ -0.34012, 39.4701377 ], [ -0.3394919, 39.4699391 ], [ -0.3393844, 39.4699082 ], [ -0.3393373, 39.4700049 ], [ -0.3389126, 39.4708772 ], [ -0.3388997, 39.4709037 ], [ -0.3388495, 39.4710067 ], [ -0.3387229, 39.4712793 ] ] ] } },
{ "type": "Feature", "properties": { "neighborhood": "la Malva-rosa", "admin_level": "10" }, "geometry": { "type": "Polygon", "coordinates": [ [ [ -0.3331927, 39.4764281 ], [ -0.3331682, 39.4769418 ], [ -0.3328266, 39.4792237 ], [ -0.3327572, 39.4796441 ], [ -0.3327444, 39.4797133 ], [ -0.3325458, 39.4807863 ], [ -0.3323363, 39.4819325 ], [ -0.3322691, 39.4822302 ], [ -0.332124, 39.4828285 ], [ -0.3317984, 39.4841342 ], [ -0.3315754, 39.4852268 ], [ -0.3314711, 39.4857323 ], [ -0.331408, 39.4857347 ], [ -0.3311913, 39.4856385 ], [ -0.3311245, 39.4855717 ], [ -0.3310577, 39.4855049 ], [ -0.3308405, 39.4853994 ], [ -0.3306661, 39.4852607 ], [ -0.3305186, 39.4851075 ], [ -0.3303979, 39.4850143 ], [ -0.3301646, 39.484946 ], [ -0.3299035, 39.4848665 ], [ -0.3291429, 39.4846348 ], [ -0.3283514, 39.484414 ], [ -0.3278981, 39.4842629 ], [ -0.3277506, 39.4842256 ], [ -0.3274153, 39.484209 ], [ -0.3256343, 39.4841697 ], [ -0.3249485, 39.4841673 ], [ -0.3233193, 39.4841197 ], [ -0.3233175, 39.4840125 ], [ -0.3233159, 39.4839686 ], [ -0.3234498, 39.4836937 ], [ -0.3235358, 39.4828561 ], [ -0.3234573, 39.4821334 ], [ -0.323356, 39.4810772 ], [ -0.3233453, 39.4802841 ], [ -0.3232313, 39.4788937 ], [ -0.3230838, 39.4780245 ], [ -0.3229749, 39.4765376 ], [ -0.3228355, 39.4757369 ], [ -0.3228186, 39.4752749 ], [ -0.3227084, 39.4745804 ], [ -0.3264034, 39.4745891 ], [ -0.3277338, 39.4747382 ], [ -0.3287101, 39.4751025 ], [ -0.3331927, 39.4764281 ] ] ] } },
{ "type": "Feature", "properties": { "neighborhood": "el Cabanyal - el Canyamelar", "admin_level": "10" }, "geometry": { "type": "Polygon", "coordinates": [ [ [ -0.3365822, 39.4636929 ], [ -0.3364809, 39.4638145 ], [ -0.3363207, 39.4640571 ], [ -0.3361512, 39.464345 ], [ -0.3358832, 39.4648088 ], [ -0.3356151, 39.4653606 ], [ -0.3355073, 39.4656104 ], [ -0.335421, 39.4658435 ], [ -0.3353802, 39.4659743 ], [ -0.3352958, 39.4662506 ], [ -0.3352166, 39.4665735 ], [ -0.3351488, 39.4668756 ], [ -0.3350995, 39.4671872 ], [ -0.3350348, 39.4675797 ], [ -0.334893, 39.4685097 ], [ -0.3346753, 39.4684977 ], [ -0.3350401, 39.4693963 ], [ -0.3349865, 39.4700092 ], [ -0.3347182, 39.4710859 ], [ -0.3343213, 39.4715165 ], [ -0.3341603, 39.4728499 ], [ -0.3334433, 39.4760587 ], [ -0.3332129, 39.4760053 ], [ -0.3331927, 39.4764281 ], [ -0.3287101, 39.4751025 ], [ -0.3277338, 39.4747382 ], [ -0.3264034, 39.4745891 ], [ -0.3227084, 39.4745804 ], [ -0.3225651, 39.4736069 ], [ -0.3225142, 39.4730393 ], [ -0.3222656, 39.4722033 ], [ -0.3220871, 39.4712815 ], [ -0.3218538, 39.4700816 ], [ -0.3217042, 39.4695945 ], [ -0.3214689, 39.4685321 ], [ -0.321273, 39.4679058 ], [ -0.3204314, 39.46553 ], [ -0.3200853, 39.4647465 ], [ -0.3199132, 39.4640641 ], [ -0.3195214, 39.4630238 ], [ -0.3273368, 39.4630849 ], [ -0.3301907, 39.462795 ], [ -0.3365822, 39.4636929 ] ] ] } },
{ "type": "Feature", "properties": { "neighborhood": "el Grau", "admin_level": "10" }, "geometry": { "type": "Polygon", "coordinates": [ [ [ -0.3416777, 39.4540048 ], [ -0.3415982, 39.4544558 ], [ -0.3413922, 39.4555995 ], [ -0.3412918, 39.456061 ], [ -0.3411984, 39.4564577 ], [ -0.341105, 39.4568291 ], [ -0.3409882, 39.4572563 ], [ -0.3408368, 39.457837 ], [ -0.3407758, 39.4580712 ], [ -0.3406777, 39.4584336 ], [ -0.3405913, 39.4587347 ], [ -0.3404915, 39.4590131 ], [ -0.3403869, 39.4593237 ], [ -0.3402105, 39.460005 ], [ -0.3401842, 39.4601065 ], [ -0.3400836, 39.4604455 ], [ -0.3400004, 39.4607381 ], [ -0.3399615, 39.4608499 ], [ -0.3399219, 39.46094 ], [ -0.3398728, 39.4610031 ], [ -0.3397818, 39.4610644 ], [ -0.3389889, 39.4615452 ], [ -0.3387639, 39.4616856 ], [ -0.3386242, 39.4617745 ], [ -0.3385883, 39.4617974 ], [ -0.3384312, 39.4619139 ], [ -0.3378161, 39.4624101 ], [ -0.3376856, 39.4625158 ], [ -0.3374144, 39.4627679 ], [ -0.3370755, 39.4631104 ], [ -0.3368537, 39.4633673 ], [ -0.3365822, 39.4636929 ], [ -0.3301907, 39.462795 ], [ -0.3273368, 39.4630849 ], [ -0.3195214, 39.4630238 ], [ -0.3177044, 39.4629399 ], [ -0.317468, 39.4629322 ], [ -0.3171179, 39.4629207 ], [ -0.3131818, 39.4627271 ], [ -0.3124652, 39.4626733 ], [ -0.3121276, 39.4625818 ], [ -0.3119382, 39.4625075 ], [ -0.3116557, 39.4623361 ], [ -0.3113967, 39.4620931 ], [ -0.3108853, 39.4613676 ], [ -0.3106863, 39.4612059 ], [ -0.3106338, 39.4612271 ], [ -0.3105197, 39.4610623 ], [ -0.311131, 39.4608179 ], [ -0.3113387, 39.4611303 ], [ -0.3112807, 39.4611533 ], [ -0.3113821, 39.4613059 ], [ -0.311653, 39.4611986 ], [ -0.3116627, 39.4610798 ], [ -0.3125841, 39.4611293 ], [ -0.3125829, 39.4611444 ], [ -0.3124899, 39.4623016 ], [ -0.3137712, 39.4623689 ], [ -0.3145049, 39.4624075 ], [ -0.3152394, 39.4624461 ], [ -0.3165641, 39.4625157 ], [ -0.3166551, 39.4612671 ], [ -0.3167782, 39.4612759 ], [ -0.3167089, 39.4620652 ], [ -0.3172439, 39.462091 ], [ -0.3177848, 39.46212 ], [ -0.3178252, 39.4616583 ], [ -0.3185012, 39.4616883 ], [ -0.3185326, 39.4613708 ], [ -0.3187525, 39.4613784 ], [ -0.319643, 39.4614295 ], [ -0.3200311, 39.4614511 ], [ -0.3209271, 39.4614945 ], [ -0.3213263, 39.4614874 ], [ -0.3216108, 39.4614671 ], [ -0.3220198, 39.4614267 ], [ -0.3224423, 39.4613431 ], [ -0.3228645, 39.4612278 ], [ -0.323176, 39.4611267 ], [ -0.3233849, 39.4610404 ], [ -0.3236048, 39.4609461 ], [ -0.3238429, 39.4608309 ], [ -0.3240193, 39.460732 ], [ -0.3241384, 39.4606593 ], [ -0.3244742, 39.4605182 ], [ -0.3250943, 39.4602635 ], [ -0.325206, 39.4604446 ], [ -0.3247648, 39.4606276 ], [ -0.3245895, 39.4607019 ], [ -0.3250236, 39.4613197 ], [ -0.3251949, 39.4615176 ], [ -0.3255318, 39.4609726 ], [ -0.3255688, 39.4609887 ], [ -0.3252456, 39.4615132 ], [ -0.3256153, 39.4616431 ], [ -0.3257824, 39.4613854 ], [ -0.3259674, 39.4614518 ], [ -0.3265503, 39.4614882 ], [ -0.3269495, 39.4615158 ], [ -0.3270448, 39.4615223 ], [ -0.3271527, 39.4615298 ], [ -0.3272467, 39.4615363 ], [ -0.3275402, 39.4615566 ], [ -0.3276523, 39.4615643 ], [ -0.3277782, 39.461573 ], [ -0.3279735, 39.4615865 ], [ -0.3280885, 39.4615945 ], [ -0.3282718, 39.4616071 ], [ -0.32845, 39.4616194 ], [ -0.3285523, 39.4616265 ], [ -0.328639, 39.4616325 ], [ -0.3286764, 39.4616306 ], [ -0.3287732, 39.4616255 ], [ -0.3292172, 39.4616024 ], [ -0.3294094, 39.4615832 ], [ -0.3295002, 39.4615063 ], [ -0.329563, 39.4614507 ], [ -0.3296746, 39.4613517 ], [ -0.3297656, 39.4612711 ], [ -0.3298924, 39.4611569 ], [ -0.3301326, 39.4613152 ], [ -0.3302621, 39.4611971 ], [ -0.3304913, 39.4609986 ], [ -0.3310362, 39.4605293 ], [ -0.3311949, 39.4603896 ], [ -0.3313362, 39.4602452 ], [ -0.3312382, 39.4601506 ], [ -0.3311831, 39.4601121 ], [ -0.331191, 39.4600886 ], [ -0.3289717, 39.4597448 ], [ -0.3289487, 39.4598302 ], [ -0.3285456, 39.45977 ], [ -0.3283946, 39.4603282 ], [ -0.3282279, 39.460305 ], [ -0.3285934, 39.4588771 ], [ -0.3287646, 39.4589025 ], [ -0.3286188, 39.459467 ], [ -0.3290231, 39.4595321 ], [ -0.3290026, 39.4596146 ], [ -0.3312378, 39.4599589 ], [ -0.3312455, 39.4599364 ], [ -0.3313038, 39.4599071 ], [ -0.3314798, 39.4598188 ], [ -0.3313901, 39.4597121 ], [ -0.3311953, 39.4595394 ], [ -0.3306671, 39.4588343 ], [ -0.3305048, 39.4589125 ], [ -0.330426, 39.458951 ], [ -0.3300469, 39.4585619 ], [ -0.329996, 39.4585 ], [ -0.3299446, 39.4584373 ], [ -0.3298899, 39.4583708 ], [ -0.3297325, 39.4581792 ], [ -0.3295419, 39.4579472 ], [ -0.3294621, 39.45785 ], [ -0.3294003, 39.4577748 ], [ -0.3292705, 39.4576168 ], [ -0.3292162, 39.4575507 ], [ -0.329153, 39.4574738 ], [ -0.3290877, 39.4573943 ], [ -0.3290679, 39.4573832 ], [ -0.3288249, 39.4572472 ], [ -0.3280986, 39.4568409 ], [ -0.3280063, 39.4567896 ], [ -0.3279241, 39.4567439 ], [ -0.327449, 39.4564801 ], [ -0.3272006, 39.4567227 ], [ -0.3275517, 39.4572236 ], [ -0.3267478, 39.4580762 ], [ -0.3266855, 39.4580411 ], [ -0.3274872, 39.4571874 ], [ -0.3271745, 39.4567508 ], [ -0.324073, 39.4597439 ], [ -0.3239319, 39.4598769 ], [ -0.323597, 39.4600881 ], [ -0.323164, 39.4603089 ], [ -0.3226087, 39.4605443 ], [ -0.3220014, 39.4607086 ], [ -0.3213765, 39.4607871 ], [ -0.3208813, 39.4607871 ], [ -0.3193369, 39.4607039 ], [ -0.3192623, 39.4606999 ], [ -0.3184562, 39.4606638 ], [ -0.3169757, 39.460584 ], [ -0.3170028, 39.4604328 ], [ -0.3138728, 39.4602696 ], [ -0.3139035, 39.460098 ], [ -0.3139289, 39.4600992 ], [ -0.3147828, 39.4601418 ], [ -0.3155033, 39.4601778 ], [ -0.3161001, 39.4602076 ], [ -0.3170725, 39.4602531 ], [ -0.3172279, 39.4601877 ], [ -0.3151578, 39.4571798 ], [ -0.314274, 39.4575323 ], [ -0.3138252, 39.4577164 ], [ -0.3132785, 39.4579407 ], [ -0.3126655, 39.4581922 ], [ -0.311644, 39.4586113 ], [ -0.312575, 39.4599766 ], [ -0.3125837, 39.4599893 ], [ -0.312167, 39.4601586 ], [ -0.3120734, 39.4600164 ], [ -0.3122171, 39.4599628 ], [ -0.3114607, 39.4588481 ], [ -0.3112636, 39.4587691 ], [ -0.3097925, 39.459375 ], [ -0.3098092, 39.4593975 ], [ -0.3084767, 39.4599451 ], [ -0.3083782, 39.462631 ], [ -0.3085347, 39.4626304 ], [ -0.3085305, 39.4628261 ], [ -0.3077894, 39.4628107 ], [ -0.3078012, 39.4625991 ], [ -0.3076441, 39.4624291 ], [ -0.3076884, 39.4620985 ], [ -0.2959733, 39.4582863 ], [ -0.2958335, 39.4585281 ], [ -0.2857612, 39.4549967 ], [ -0.2891163, 39.44883 ], [ -0.2898077, 39.4475591 ], [ -0.2897019, 39.4474069 ], [ -0.2897001, 39.4472769 ], [ -0.2900522, 39.4466553 ], [ -0.2903756, 39.4461603 ], [ -0.2904674, 39.445901 ], [ -0.2907009, 39.4455165 ], [ -0.2908928, 39.445259 ], [ -0.2909899, 39.445072 ], [ -0.291128, 39.4447386 ], [ -0.2913851, 39.4442472 ], [ -0.2914687, 39.4440836 ], [ -0.2921485, 39.4442998 ], [ -0.2919836, 39.4446059 ], [ -0.2917696, 39.4445393 ], [ -0.2862779, 39.4546322 ], [ -0.286479, 39.4547036 ], [ -0.2863184, 39.4550059 ], [ -0.2946043, 39.4579222 ], [ -0.2947872, 39.4576271 ], [ -0.2948269, 39.457601 ], [ -0.2948954, 39.4575927 ], [ -0.295965, 39.4578666 ], [ -0.2959514, 39.4579046 ], [ -0.2961665, 39.4579747 ], [ -0.2995994, 39.4590936 ], [ -0.2997104, 39.4588968 ], [ -0.299461, 39.4588148 ], [ -0.2995173, 39.4587119 ], [ -0.3042487, 39.4602615 ], [ -0.3055217, 39.4595765 ], [ -0.3083401, 39.45806 ], [ -0.3084158, 39.4581298 ], [ -0.3085955, 39.4580194 ], [ -0.3088787, 39.4574487 ], [ -0.3089932, 39.4574571 ], [ -0.3093333, 39.4575606 ], [ -0.3097155, 39.4565639 ], [ -0.309651, 39.4564336 ], [ -0.3095567, 39.4564029 ], [ -0.3095691, 39.4563282 ], [ -0.3096162, 39.4563224 ], [ -0.3096212, 39.4562285 ], [ -0.3094822, 39.4562093 ], [ -0.3095294, 39.4560234 ], [ -0.3096609, 39.456056 ], [ -0.3097404, 39.4559793 ], [ -0.3097056, 39.4559295 ], [ -0.3097205, 39.4558873 ], [ -0.3098049, 39.455826 ], [ -0.3098719, 39.4558337 ], [ -0.3099861, 39.4557263 ], [ -0.3100159, 39.4556497 ], [ -0.3098652, 39.4555386 ], [ -0.3092572, 39.4553402 ], [ -0.3087864, 39.4551866 ], [ -0.3023282, 39.4530793 ], [ -0.3029291, 39.4520178 ], [ -0.3030363, 39.4520555 ], [ -0.3025053, 39.4529995 ], [ -0.3026238, 39.453037 ], [ -0.3090238, 39.45506 ], [ -0.3100008, 39.4553688 ], [ -0.310078, 39.455344 ], [ -0.3101239, 39.4553603 ], [ -0.310248, 39.4553449 ], [ -0.3103361, 39.4552223 ], [ -0.3103225, 39.455114 ], [ -0.3103622, 39.4550325 ], [ -0.3103103, 39.4547371 ], [ -0.3103779, 39.4546239 ], [ -0.3104536, 39.4545422 ], [ -0.3104673, 39.4544471 ], [ -0.3105669, 39.4543805 ], [ -0.3105719, 39.4542938 ], [ -0.3106726, 39.454217 ], [ -0.3107606, 39.454193 ], [ -0.3108368, 39.4541354 ], [ -0.3108648, 39.4540944 ], [ -0.3109336, 39.4540745 ], [ -0.3109863, 39.454038 ], [ -0.3110089, 39.4540003 ], [ -0.3110797, 39.4539625 ], [ -0.3110481, 39.4539141 ], [ -0.3110118, 39.4538946 ], [ -0.3110064, 39.4538499 ], [ -0.3109823, 39.4538269 ], [ -0.3110026, 39.4537758 ], [ -0.311037, 39.4537356 ], [ -0.3110501, 39.4536791 ], [ -0.3110468, 39.4536209 ], [ -0.311019, 39.4535807 ], [ -0.3110527, 39.453545 ], [ -0.3110545, 39.4535148 ], [ -0.3110848, 39.453491 ], [ -0.3110734, 39.4534435 ], [ -0.3110946, 39.4534192 ], [ -0.3111085, 39.4533843 ], [ -0.3111103, 39.4533399 ], [ -0.3111008, 39.4533115 ], [ -0.3110832, 39.453294 ], [ -0.3110919, 39.4532552 ], [ -0.3110561, 39.4532332 ], [ -0.3110317, 39.4531809 ], [ -0.3110353, 39.4530943 ], [ -0.3109681, 39.4531244 ], [ -0.3108785, 39.453134 ], [ -0.3108359, 39.4530951 ], [ -0.3107226, 39.4530889 ], [ -0.3105313, 39.4530849 ], [ -0.3103309, 39.4530439 ], [ -0.3101589, 39.452899 ], [ -0.3099041, 39.4527602 ], [ -0.3098539, 39.4525673 ], [ -0.3098024, 39.452496 ], [ -0.3097753, 39.4523619 ], [ -0.3097265, 39.4522442 ], [ -0.3097203, 39.4521101 ], [ -0.3096724, 39.4520472 ], [ -0.3096963, 39.451928 ], [ -0.3096707, 39.4517955 ], [ -0.3097694, 39.4516488 ], [ -0.3095666, 39.4512431 ], [ -0.3096583, 39.4509329 ], [ -0.3094782, 39.4509278 ], [ -0.308242, 39.4509292 ], [ -0.3080399, 39.4509193 ], [ -0.3075135, 39.4508265 ], [ -0.3026257, 39.4492257 ], [ -0.3025728, 39.4493196 ], [ -0.3024049, 39.4493529 ], [ -0.3021591, 39.449352 ], [ -0.3019542, 39.4492644 ], [ -0.3019086, 39.4492016 ], [ -0.3019386, 39.4491356 ], [ -0.3019811, 39.4490622 ], [ -0.3020324, 39.4490026 ], [ -0.3020779, 39.4489802 ], [ -0.302093, 39.4489621 ], [ -0.3020737, 39.4488833 ], [ -0.3020247, 39.4488557 ], [ -0.3020117, 39.4488088 ], [ -0.3020277, 39.4486814 ], [ -0.3020862, 39.4485905 ], [ -0.3020862, 39.4479964 ], [ -0.3020448, 39.4479006 ], [ -0.3020393, 39.4475514 ], [ -0.3020586, 39.447496 ], [ -0.3020724, 39.4473044 ], [ -0.3020062, 39.4471915 ], [ -0.3020048, 39.447133 ], [ -0.3020503, 39.4470521 ], [ -0.3020655, 39.446804 ], [ -0.3020255, 39.4467188 ], [ -0.3020641, 39.4463334 ], [ -0.3020007, 39.4460736 ], [ -0.3020365, 39.4458671 ], [ -0.3020531, 39.4455519 ], [ -0.3020227, 39.4454901 ], [ -0.3020475, 39.4453688 ], [ -0.3019979, 39.4453049 ], [ -0.3020048, 39.4452453 ], [ -0.302042, 39.4451792 ], [ -0.3020448, 39.4450909 ], [ -0.3020255, 39.444994 ], [ -0.3020179, 39.444913 ], [ -0.3019962, 39.4448655 ], [ -0.3019227, 39.4448207 ], [ -0.2990645, 39.4447989 ], [ -0.2989728, 39.444818 ], [ -0.2988982, 39.4448608 ], [ -0.2955951, 39.4509231 ], [ -0.2955932, 39.4510194 ], [ -0.2956014, 39.451107 ], [ -0.2955868, 39.4511584 ], [ -0.2955335, 39.4512022 ], [ -0.2953441, 39.4512654 ], [ -0.295289, 39.4512557 ], [ -0.2952147, 39.4511787 ], [ -0.2952141, 39.4511113 ], [ -0.2969957, 39.4478297 ], [ -0.2969748, 39.4476845 ], [ -0.2973629, 39.4469459 ], [ -0.297803, 39.4462359 ], [ -0.2985277, 39.4448226 ], [ -0.2985549, 39.4447168 ], [ -0.2986588, 39.4445333 ], [ -0.2987424, 39.4444667 ], [ -0.3020637, 39.4444639 ], [ -0.302111, 39.4400578 ], [ -0.3021413, 39.4398938 ], [ -0.3021634, 39.439849 ], [ -0.3021772, 39.4397489 ], [ -0.3022102, 39.4397 ], [ -0.3022295, 39.4395381 ], [ -0.3021882, 39.4393326 ], [ -0.3021744, 39.4391974 ], [ -0.3021992, 39.4388162 ], [ -0.3021744, 39.4385436 ], [ -0.3021799, 39.4382412 ], [ -0.302202, 39.4381283 ], [ -0.3021854, 39.4380026 ], [ -0.3021661, 39.4378706 ], [ -0.3021689, 39.4377279 ], [ -0.3021373, 39.4376001 ], [ -0.3021712, 39.4344296 ], [ -0.3022378, 39.4342916 ], [ -0.3022158, 39.434184 ], [ -0.3022144, 39.4340818 ], [ -0.3022578, 39.4340035 ], [ -0.3022847, 39.4339854 ], [ -0.3022806, 39.4339556 ], [ -0.3022564, 39.4339402 ], [ -0.302263, 39.433881 ], [ -0.3023157, 39.4338374 ], [ -0.3023619, 39.4338167 ], [ -0.3023847, 39.4338193 ], [ -0.3024005, 39.4337682 ], [ -0.3024357, 39.4337576 ], [ -0.3024708, 39.4337336 ], [ -0.302489, 39.43369 ], [ -0.3025274, 39.4336676 ], [ -0.3025846, 39.4336473 ], [ -0.3026294, 39.4336388 ], [ -0.3026639, 39.4336138 ], [ -0.302735, 39.4335883 ], [ -0.3027872, 39.4336101 ], [ -0.3028438, 39.4336042 ], [ -0.3028879, 39.4336117 ], [ -0.3029237, 39.4335962 ], [ -0.3029579, 39.4335889 ], [ -0.3030237, 39.4336399 ], [ -0.3031161, 39.4336745 ], [ -0.3032222, 39.4336835 ], [ -0.3032829, 39.433708 ], [ -0.3033001, 39.4337325 ], [ -0.3032864, 39.433749 ], [ -0.3032968, 39.4337807 ], [ -0.303356, 39.4338332 ], [ -0.3033546, 39.4338912 ], [ -0.3033808, 39.4340017 ], [ -0.3033567, 39.4340957 ], [ -0.3033055, 39.434184 ], [ -0.3032829, 39.434223 ], [ -0.3030717, 39.4342488 ], [ -0.3029961, 39.4342346 ], [ -0.302943, 39.4342458 ], [ -0.3029079, 39.4342786 ], [ -0.3028541, 39.4343574 ], [ -0.3028572, 39.4343747 ], [ -0.3028748, 39.4343821 ], [ -0.3028241, 39.4344519 ], [ -0.3028076, 39.4344447 ], [ -0.3027859, 39.4344577 ], [ -0.302752, 39.4345047 ], [ -0.3027328, 39.4353341 ], [ -0.3027637, 39.4353612 ], [ -0.3053097, 39.4353778 ], [ -0.3056533, 39.4354151 ], [ -0.3056689, 39.4354265 ], [ -0.3056816, 39.4355048 ], [ -0.3056999, 39.4355231 ], [ -0.3056944, 39.4355412 ], [ -0.3056861, 39.4355471 ], [ -0.3056875, 39.4355692 ], [ -0.3057147, 39.4356057 ], [ -0.3057135, 39.435616 ], [ -0.3058614, 39.4356169 ], [ -0.3058586, 39.4357656 ], [ -0.3051122, 39.4357595 ], [ -0.3050165, 39.4444617 ], [ -0.3053965, 39.4444698 ], [ -0.3053909, 39.4447638 ], [ -0.3086461, 39.4447842 ], [ -0.3086465, 39.4449331 ], [ -0.30851, 39.4449331 ], [ -0.3085236, 39.444979 ], [ -0.3085694, 39.4450176 ], [ -0.3086312, 39.4450408 ], [ -0.3086921, 39.4450522 ], [ -0.3087787, 39.4450537 ], [ -0.308859, 39.4450458 ], [ -0.3103836, 39.4421591 ], [ -0.3105692, 39.4420989 ], [ -0.3127596, 39.4419209 ], [ -0.3127696, 39.441992 ], [ -0.3119364, 39.4420653 ], [ -0.3119875, 39.4424341 ], [ -0.3120091, 39.4425893 ], [ -0.3125009, 39.4427519 ], [ -0.3124984, 39.4427806 ], [ -0.3126698, 39.4428393 ], [ -0.3126832, 39.4428157 ], [ -0.3127754, 39.4428471 ], [ -0.3127618, 39.4428707 ], [ -0.3128912, 39.442915 ], [ -0.3101027, 39.4479063 ], [ -0.3090332, 39.44982 ], [ -0.3090326, 39.4498417 ], [ -0.3090274, 39.4498432 ], [ -0.3090085, 39.4498275 ], [ -0.3083854, 39.4496165 ], [ -0.3083941, 39.4496005 ], [ -0.3083666, 39.4495914 ], [ -0.3083982, 39.4495333 ], [ -0.308426, 39.4495419 ], [ -0.3084407, 39.4495149 ], [ -0.3080997, 39.4494084 ], [ -0.308109, 39.4499355 ], [ -0.3082139, 39.4501397 ], [ -0.3084097, 39.4504104 ], [ -0.3086819, 39.4505811 ], [ -0.3089732, 39.4506802 ], [ -0.3098951, 39.4506831 ], [ -0.3098852, 39.4502381 ], [ -0.3099471, 39.4502112 ], [ -0.3099863, 39.4500827 ], [ -0.3122811, 39.4500669 ], [ -0.3138717, 39.4463835 ], [ -0.3144612, 39.4461376 ], [ -0.319466, 39.4533232 ], [ -0.3195745, 39.4532789 ], [ -0.3214218, 39.4559348 ], [ -0.323051, 39.4583322 ], [ -0.3233833, 39.458186 ], [ -0.32363, 39.4583374 ], [ -0.3256298, 39.4564114 ], [ -0.3264901, 39.4555827 ], [ -0.3262299, 39.4554274 ], [ -0.3263098, 39.4553519 ], [ -0.3264043, 39.4551512 ], [ -0.3250451, 39.4547238 ], [ -0.3227959, 39.4540165 ], [ -0.3231042, 39.4534279 ], [ -0.3231781, 39.4533933 ], [ -0.3238081, 39.453381 ], [ -0.3238189, 39.4533574 ], [ -0.3238796, 39.4533495 ], [ -0.3240116, 39.4529777 ], [ -0.3239838, 39.4529722 ], [ -0.3240095, 39.4529008 ], [ -0.3253408, 39.4531449 ], [ -0.325362, 39.4531072 ], [ -0.3254028, 39.4531189 ], [ -0.3255222, 39.4528929 ], [ -0.3254952, 39.4528824 ], [ -0.3255008, 39.4528723 ], [ -0.3254771, 39.4528642 ], [ -0.3256325, 39.4525699 ], [ -0.3256123, 39.4525419 ], [ -0.3256224, 39.4525232 ], [ -0.3256612, 39.4525146 ], [ -0.326021, 39.452628 ], [ -0.3263121, 39.4520726 ], [ -0.3262599, 39.451942 ], [ -0.3235261, 39.4510577 ], [ -0.3236468, 39.4508322 ], [ -0.3205738, 39.4498512 ], [ -0.3213899, 39.4483367 ], [ -0.3216268, 39.4484041 ], [ -0.3214849, 39.4486606 ], [ -0.3252524, 39.4498667 ], [ -0.3252951, 39.4497892 ], [ -0.3253267, 39.4497318 ], [ -0.3253656, 39.4496613 ], [ -0.3256533, 39.4496329 ], [ -0.3250928, 39.446278 ], [ -0.324987, 39.4462899 ], [ -0.3247872, 39.4463096 ], [ -0.3243998, 39.4461876 ], [ -0.3245132, 39.4459667 ], [ -0.324441, 39.445941 ], [ -0.318612, 39.444083 ], [ -0.3187114, 39.4438864 ], [ -0.3186881, 39.443857 ], [ -0.3186773, 39.4437664 ], [ -0.3186832, 39.4437135 ], [ -0.3187037, 39.4436697 ], [ -0.3186793, 39.4436274 ], [ -0.3186754, 39.4435813 ], [ -0.318692, 39.4435488 ], [ -0.3186639, 39.4434283 ], [ -0.3177995, 39.4434242 ], [ -0.3176825, 39.4438321 ], [ -0.3177835, 39.4438508 ], [ -0.3177597, 39.443961 ], [ -0.3175251, 39.443921 ], [ -0.3175574, 39.443813 ], [ -0.3176353, 39.4438249 ], [ -0.3177403, 39.4434239 ], [ -0.3168733, 39.4434198 ], [ -0.3166749, 39.4434188 ], [ -0.316601, 39.4434069 ], [ -0.3165032, 39.4433698 ], [ -0.3164272, 39.4433207 ], [ -0.3163493, 39.4432382 ], [ -0.3162663, 39.4431 ], [ -0.3162368, 39.4429582 ], [ -0.3162704, 39.4428478 ], [ -0.3165002, 39.442369 ], [ -0.3172169, 39.4410322 ], [ -0.3172666, 39.4409927 ], [ -0.3173081, 39.4409759 ], [ -0.31737, 39.4409827 ], [ -0.3174262, 39.4409878 ], [ -0.3174787, 39.4410193 ], [ -0.3175133, 39.4410678 ], [ -0.3175216, 39.4411098 ], [ -0.3175152, 39.4411718 ], [ -0.3177419, 39.4412423 ], [ -0.3168367, 39.4429499 ], [ -0.3169023, 39.443042 ], [ -0.3171951, 39.4430434 ], [ -0.3176572, 39.4430457 ], [ -0.3181345, 39.4430481 ], [ -0.3185722, 39.4430502 ], [ -0.3189763, 39.4422991 ], [ -0.3191476, 39.4423544 ], [ -0.3191566, 39.4423358 ], [ -0.3191664, 39.4423156 ], [ -0.3189928, 39.4422605 ], [ -0.3190132, 39.442221 ], [ -0.3187802, 39.4421467 ], [ -0.3185746, 39.4420811 ], [ -0.3183853, 39.4420207 ], [ -0.3184561, 39.4418861 ], [ -0.3183957, 39.4418401 ], [ -0.318346, 39.4417808 ], [ -0.3183182, 39.4417354 ], [ -0.3182947, 39.4416521 ], [ -0.3183113, 39.4415744 ], [ -0.3186544, 39.4409061 ], [ -0.3184353, 39.4407245 ], [ -0.3182256, 39.4404481 ], [ -0.3181363, 39.4400461 ], [ -0.3190088, 39.4384206 ], [ -0.3193141, 39.4378695 ], [ -0.3194311, 39.4378722 ], [ -0.3194934, 39.4377513 ], [ -0.3196963, 39.4373789 ], [ -0.3279794, 39.4400984 ], [ -0.3303966, 39.4356329 ], [ -0.3301416, 39.4355383 ], [ -0.3303333, 39.435189 ], [ -0.3148441, 39.4301694 ], [ -0.3146547, 39.4305122 ], [ -0.3143754, 39.430419 ], [ -0.3128931, 39.4331738 ], [ -0.3126795, 39.4331129 ], [ -0.3125314, 39.433354 ], [ -0.3125669, 39.4334411 ], [ -0.3126331, 39.4334932 ], [ -0.3142026, 39.4347044 ], [ -0.3141722, 39.4348474 ], [ -0.3138474, 39.4351171 ], [ -0.3137662, 39.4352625 ], [ -0.3138024, 39.4353486 ], [ -0.3134681, 39.4354013 ], [ -0.3132673, 39.4352431 ], [ -0.3132463, 39.4350573 ], [ -0.3135043, 39.4347342 ], [ -0.3099019, 39.431949 ], [ -0.3097023, 39.4317698 ], [ -0.3094844, 39.4315379 ], [ -0.3093077, 39.4312929 ], [ -0.3091474, 39.4310248 ], [ -0.3090346, 39.4307218 ], [ -0.3090154, 39.430449 ], [ -0.309031, 39.4301719 ], [ -0.3090812, 39.4299271 ], [ -0.3091934, 39.4296209 ], [ -0.3122441, 39.4237354 ], [ -0.3125204, 39.4233201 ], [ -0.3129003, 39.4230243 ], [ -0.313246, 39.4228636 ], [ -0.3132812, 39.4228472 ], [ -0.3135995, 39.4227752 ], [ -0.3138416, 39.4227858 ], [ -0.3173335, 39.4206158 ], [ -0.3175354, 39.4206927 ], [ -0.3225625, 39.422557 ], [ -0.322652, 39.4224607 ], [ -0.3228395, 39.4225144 ], [ -0.3228977, 39.4226361 ], [ -0.3228286, 39.4227831 ], [ -0.3228561, 39.4228239 ], [ -0.3228273, 39.422875 ], [ -0.3220199, 39.4226121 ], [ -0.3214458, 39.4224246 ], [ -0.3208869, 39.4222422 ], [ -0.3203617, 39.4220707 ], [ -0.319842, 39.421901 ], [ -0.3193586, 39.4217432 ], [ -0.3188825, 39.4215877 ], [ -0.3184014, 39.4214307 ], [ -0.3179427, 39.4212809 ], [ -0.3176081, 39.4211717 ], [ -0.3174461, 39.4214803 ], [ -0.3171541, 39.4213853 ], [ -0.3171281, 39.4214325 ], [ -0.3170547, 39.4215659 ], [ -0.3169813, 39.4216994 ], [ -0.3169069, 39.4218345 ], [ -0.3168985, 39.4218498 ], [ -0.3164269, 39.4216945 ], [ -0.3163554, 39.4218256 ], [ -0.3163049, 39.4218089 ], [ -0.3162908, 39.4218043 ], [ -0.3156688, 39.4229457 ], [ -0.3156881, 39.4229528 ], [ -0.3164684, 39.4232086 ], [ -0.3172524, 39.4234631 ], [ -0.3182288, 39.423785 ], [ -0.3193993, 39.4241667 ], [ -0.3207533, 39.4246074 ], [ -0.3211693, 39.4247405 ], [ -0.3216041, 39.4248841 ], [ -0.3220591, 39.4250311 ], [ -0.3224311, 39.4251532 ], [ -0.3227946, 39.4252715 ], [ -0.3231156, 39.425376 ], [ -0.3234358, 39.4254803 ], [ -0.324014, 39.4256692 ], [ -0.3242924, 39.4251708 ], [ -0.3247699, 39.4253277 ], [ -0.3243984, 39.4260029 ], [ -0.3243683, 39.4260556 ], [ -0.3244149, 39.4260684 ], [ -0.324457, 39.4261793 ], [ -0.3245482, 39.4262689 ], [ -0.324684, 39.4263282 ], [ -0.3249369, 39.4264086 ], [ -0.325524, 39.4266002 ], [ -0.3261109, 39.4267902 ], [ -0.3267051, 39.4269826 ], [ -0.3273127, 39.4271793 ], [ -0.3279614, 39.4273888 ], [ -0.3282958, 39.4274976 ], [ -0.3289368, 39.4277044 ], [ -0.3293115, 39.4278264 ], [ -0.3293419, 39.4278134 ], [ -0.3293914, 39.4277923 ], [ -0.3294353, 39.4277735 ], [ -0.3294568, 39.4277643 ], [ -0.3294648, 39.4274185 ], [ -0.3294966, 39.4273613 ], [ -0.3296461, 39.4273455 ], [ -0.3297355, 39.4274287 ], [ -0.3298364, 39.4295632 ], [ -0.3298621, 39.4301062 ], [ -0.3298772, 39.4304267 ], [ -0.3299671, 39.4306357 ], [ -0.330106, 39.4307697 ], [ -0.3325118, 39.4317901 ], [ -0.33285, 39.4317882 ], [ -0.3328476, 39.4317118 ], [ -0.3333058, 39.4316973 ], [ -0.3332989, 39.4315931 ], [ -0.3328918, 39.4316129 ], [ -0.3328867, 39.4314704 ], [ -0.3328108, 39.4314707 ], [ -0.3327421, 39.4300565 ], [ -0.332218, 39.430065 ], [ -0.3315534, 39.4300869 ], [ -0.330818, 39.4301111 ], [ -0.3306018, 39.4301146 ], [ -0.3305482, 39.4300017 ], [ -0.3305658, 39.4298609 ], [ -0.3306644, 39.4298134 ], [ -0.3308273, 39.4298141 ], [ -0.3308888, 39.4298393 ], [ -0.3309107, 39.4299092 ], [ -0.3317483, 39.4298894 ], [ -0.3327821, 39.4293825 ], [ -0.3328757, 39.4293684 ], [ -0.3328274, 39.4283344 ], [ -0.3327261, 39.4282812 ], [ -0.3324901, 39.4282872 ], [ -0.3321178, 39.428298 ], [ -0.3316731, 39.4283108 ], [ -0.3311957, 39.4283247 ], [ -0.3304977, 39.4283449 ], [ -0.3302802, 39.428349 ], [ -0.3302759, 39.4282571 ], [ -0.3304546, 39.4282527 ], [ -0.3310611, 39.4282345 ], [ -0.3316195, 39.4282178 ], [ -0.3320722, 39.4282042 ], [ -0.3324418, 39.4281931 ], [ -0.3327216, 39.4281847 ], [ -0.3328098, 39.4281226 ], [ -0.332761, 39.4269232 ], [ -0.3305508, 39.4261382 ], [ -0.3304679, 39.4261352 ], [ -0.3304263, 39.4261898 ], [ -0.3298149, 39.4266418 ], [ -0.3298008, 39.4266309 ], [ -0.3296783, 39.4266628 ], [ -0.329541, 39.4266352 ], [ -0.3294682, 39.4265704 ], [ -0.3295369, 39.4261039 ], [ -0.326806, 39.4256999 ], [ -0.3267027, 39.4258749 ], [ -0.326659, 39.4258535 ], [ -0.3273912, 39.4246706 ], [ -0.3266544, 39.4243989 ], [ -0.3258829, 39.4241115 ], [ -0.3251146, 39.423828 ], [ -0.3247889, 39.423705 ], [ -0.3246103, 39.4236363 ], [ -0.3243088, 39.4241235 ], [ -0.3235561, 39.4238421 ], [ -0.3235334, 39.4238695 ], [ -0.3234618, 39.4238473 ], [ -0.3235118, 39.4237634 ], [ -0.3236288, 39.4238065 ], [ -0.3245362, 39.4233745 ], [ -0.3246307, 39.4233496 ], [ -0.3247162, 39.4233628 ], [ -0.3277782, 39.424507 ], [ -0.3278287, 39.4245829 ], [ -0.3278114, 39.4246717 ], [ -0.3276096, 39.4255293 ], [ -0.3296695, 39.4258235 ], [ -0.330941, 39.4253984 ], [ -0.3310756, 39.4254023 ], [ -0.3311188, 39.4255161 ], [ -0.3310537, 39.4255747 ], [ -0.3309474, 39.425591 ], [ -0.3308561, 39.4255578 ], [ -0.3306392, 39.4258954 ], [ -0.3328162, 39.4266898 ], [ -0.3330014, 39.4264114 ], [ -0.3315108, 39.4258656 ], [ -0.3313258, 39.4257563 ], [ -0.3312744, 39.4257026 ], [ -0.3313532, 39.4256581 ], [ -0.3317494, 39.4258445 ], [ -0.3325236, 39.4261445 ], [ -0.3332654, 39.426412 ], [ -0.3346567, 39.4269071 ], [ -0.3351114, 39.4270689 ], [ -0.3352084, 39.4269128 ], [ -0.3348098, 39.4267647 ], [ -0.3347277, 39.4266798 ], [ -0.3341906, 39.4264863 ], [ -0.3335921, 39.426293 ], [ -0.3333708, 39.4262336 ], [ -0.3331959, 39.4261527 ], [ -0.3332093, 39.4261322 ], [ -0.3332355, 39.4260924 ], [ -0.3324406, 39.4258277 ], [ -0.3323776, 39.4258289 ], [ -0.3320899, 39.4257229 ], [ -0.3319172, 39.4256022 ], [ -0.3319218, 39.4255058 ], [ -0.3320399, 39.4254698 ], [ -0.3321994, 39.4255121 ], [ -0.3324628, 39.4256216 ], [ -0.3325601, 39.4256824 ], [ -0.3328844, 39.4257756 ], [ -0.3336262, 39.4257634 ], [ -0.3337641, 39.42579 ], [ -0.3361601, 39.4258725 ], [ -0.3361342, 39.4270564 ], [ -0.3359036, 39.4272512 ], [ -0.3357373, 39.4274832 ], [ -0.33563, 39.4277111 ], [ -0.3355334, 39.427997 ], [ -0.335469, 39.428399 ], [ -0.3353939, 39.4290412 ], [ -0.3353403, 39.4297 ], [ -0.3353452, 39.4305062 ], [ -0.3354265, 39.4301168 ], [ -0.3355403, 39.4297462 ], [ -0.3357273, 39.4294825 ], [ -0.33602, 39.4292752 ], [ -0.3362233, 39.4312347 ], [ -0.3363615, 39.4325284 ], [ -0.336516, 39.43391 ], [ -0.3365951, 39.4349818 ], [ -0.3357053, 39.4349832 ], [ -0.3332591, 39.4400046 ], [ -0.3273797, 39.4463015 ], [ -0.3271437, 39.4482899 ], [ -0.3316176, 39.4532937 ], [ -0.330931, 39.4540393 ], [ -0.3323794, 39.4549339 ], [ -0.3346028, 39.4549172 ], [ -0.3349697, 39.4549012 ], [ -0.3361528, 39.454749 ], [ -0.3395112, 39.4543017 ], [ -0.3407581, 39.4541257 ], [ -0.3416777, 39.4540048 ] ] ] } },
{ "type": "Feature", "properties": { "neighborhood": "Benimàmet", "admin_level": "10" }, "geometry": { "type": "Polygon", "coordinates": [ [ [ -0.4264108, 39.4950288 ], [ -0.4267196, 39.4953052 ], [ -0.4273141, 39.4962116 ], [ -0.427206, 39.496268 ], [ -0.4272543, 39.4963189 ], [ -0.4272142, 39.4963379 ], [ -0.4277917, 39.4967885 ], [ -0.4280017, 39.4968084 ], [ -0.4283362, 39.4972377 ], [ -0.4282577, 39.4972957 ], [ -0.4282962, 39.4973939 ], [ -0.4281739, 39.4976271 ], [ -0.4283889, 39.4978027 ], [ -0.428374, 39.4978459 ], [ -0.4284159, 39.4979265 ], [ -0.4285507, 39.498014 ], [ -0.4285466, 39.4980442 ], [ -0.4286204, 39.4981224 ], [ -0.4286698, 39.498221 ], [ -0.4286956, 39.4983432 ], [ -0.4287879, 39.4987241 ], [ -0.4289577, 39.4990059 ], [ -0.4290367, 39.49898 ], [ -0.4298392, 39.5006635 ], [ -0.4301867, 39.5017982 ], [ -0.4304288, 39.5024824 ], [ -0.4315753, 39.5060891 ], [ -0.4311903, 39.5062774 ], [ -0.4299204, 39.5064608 ], [ -0.4289337, 39.5065913 ], [ -0.4285514, 39.5066336 ], [ -0.4277586, 39.5067142 ], [ -0.4259658, 39.507122 ], [ -0.4241377, 39.5073915 ], [ -0.418775, 39.504606 ], [ -0.417264, 39.5038024 ], [ -0.4172477, 39.5038022 ], [ -0.4171764, 39.5036882 ], [ -0.4171263, 39.5037118 ], [ -0.417002, 39.5036041 ], [ -0.4170451, 39.5035438 ], [ -0.4169865, 39.5035044 ], [ -0.4169455, 39.5034825 ], [ -0.4168368, 39.5034374 ], [ -0.4165972, 39.5033719 ], [ -0.4165302, 39.5033455 ], [ -0.4164002, 39.5033051 ], [ -0.4163821, 39.5033155 ], [ -0.4162885, 39.5032697 ], [ -0.4162934, 39.5032635 ], [ -0.41624, 39.5032302 ], [ -0.4162267, 39.5032445 ], [ -0.4160902, 39.503179 ], [ -0.4160918, 39.5031768 ], [ -0.415889, 39.5030968 ], [ -0.4157893, 39.5030585 ], [ -0.4157704, 39.5030805 ], [ -0.4156892, 39.5030522 ], [ -0.4157156, 39.5030439 ], [ -0.4155809, 39.5030121 ], [ -0.4155656, 39.5030304 ], [ -0.4153466, 39.5029583 ], [ -0.4152566, 39.5029293 ], [ -0.4152847, 39.5028955 ], [ -0.4152002, 39.5028551 ], [ -0.4150583, 39.5027694 ], [ -0.4150681, 39.5027567 ], [ -0.4149931, 39.5027171 ], [ -0.4148865, 39.5028464 ], [ -0.414878, 39.5028539 ], [ -0.4146933, 39.5027581 ], [ -0.4145833, 39.50272 ], [ -0.4145539, 39.5027525 ], [ -0.4145256, 39.5027826 ], [ -0.4144952, 39.5028214 ], [ -0.4143823, 39.5029322 ], [ -0.4143088, 39.502893 ], [ -0.4143022, 39.5028997 ], [ -0.41426, 39.5028815 ], [ -0.4142518, 39.5028917 ], [ -0.4141816, 39.5028566 ], [ -0.4141849, 39.5028524 ], [ -0.4141172, 39.502811 ], [ -0.414051, 39.5027654 ], [ -0.4139867, 39.5027215 ], [ -0.4139319, 39.5026775 ], [ -0.4137619, 39.5025386 ], [ -0.4136252, 39.5024477 ], [ -0.4136096, 39.5024655 ], [ -0.4134413, 39.5023808 ], [ -0.4133759, 39.5023486 ], [ -0.4133607, 39.5023681 ], [ -0.4132255, 39.5022989 ], [ -0.4132266, 39.5022968 ], [ -0.4130638, 39.5022127 ], [ -0.4131214, 39.5021809 ], [ -0.41279, 39.5020508 ], [ -0.4113497, 39.501304 ], [ -0.4113579, 39.5010173 ], [ -0.4113991, 39.5010286 ], [ -0.4114611, 39.5008826 ], [ -0.4116217, 39.5005193 ], [ -0.4116907, 39.5003682 ], [ -0.4117356, 39.5002124 ], [ -0.4117989, 39.5000351 ], [ -0.4118439, 39.4999117 ], [ -0.4118901, 39.499758 ], [ -0.4119734, 39.4995487 ], [ -0.4120527, 39.4993394 ], [ -0.4121196, 39.4991726 ], [ -0.412197, 39.4989757 ], [ -0.4122923, 39.4986987 ], [ -0.4123551, 39.4984984 ], [ -0.4124442, 39.4982096 ], [ -0.4124623, 39.4979854 ], [ -0.4124599, 39.4977181 ], [ -0.4125989, 39.4971136 ], [ -0.4127008, 39.4969046 ], [ -0.4128107, 39.4968176 ], [ -0.4126672, 39.4965384 ], [ -0.4129221, 39.4966192 ], [ -0.4131822, 39.4966937 ], [ -0.4133995, 39.4967433 ], [ -0.4136221, 39.4967847 ], [ -0.4138823, 39.4968303 ], [ -0.4140888, 39.4968572 ], [ -0.4143831, 39.4968641 ], [ -0.4146351, 39.4968569 ], [ -0.4148969, 39.4968484 ], [ -0.4149331, 39.496847 ], [ -0.4150454, 39.4968427 ], [ -0.4158958, 39.4968099 ], [ -0.4160559, 39.4968036 ], [ -0.4162008, 39.4967966 ], [ -0.4180023, 39.496709 ], [ -0.4187066, 39.4966795 ], [ -0.4187644, 39.496676 ], [ -0.418953, 39.4966703 ], [ -0.419189, 39.4966655 ], [ -0.4215085, 39.4965554 ], [ -0.422375, 39.4965069 ], [ -0.423369, 39.4964513 ], [ -0.4237742, 39.4966056 ], [ -0.4239528, 39.4966968 ], [ -0.4244421, 39.4970106 ], [ -0.4244891, 39.4970326 ], [ -0.4245362, 39.4970483 ], [ -0.424597, 39.4970609 ], [ -0.4246723, 39.4970682 ], [ -0.4247271, 39.4970679 ], [ -0.4251572, 39.4970197 ], [ -0.425249, 39.4970119 ], [ -0.4253407, 39.4970137 ], [ -0.4253481, 39.4968762 ], [ -0.4253411, 39.4965029 ], [ -0.4253541, 39.4962218 ], [ -0.4253411, 39.4958488 ], [ -0.4252712, 39.4955813 ], [ -0.4258946, 39.4954785 ], [ -0.4259656, 39.4954684 ], [ -0.4259388, 39.4953338 ], [ -0.4259281, 39.4950109 ], [ -0.4264108, 39.4950288 ] ] ] } },
{ "type": "Feature", "properties": { "neighborhood": "Beniferri", "admin_level": "10" }, "geometry": { "type": "Polygon", "coordinates": [ [ [ -0.4126672, 39.4965384 ], [ -0.4128107, 39.4968176 ], [ -0.4127008, 39.4969046 ], [ -0.4125989, 39.4971136 ], [ -0.4124599, 39.4977181 ], [ -0.4117777, 39.4977637 ], [ -0.4117177, 39.497707 ], [ -0.4114457, 39.4975913 ], [ -0.4113344, 39.4975315 ], [ -0.4111964, 39.4974726 ], [ -0.4111783, 39.4974732 ], [ -0.411123, 39.4974932 ], [ -0.4110512, 39.4975219 ], [ -0.4109438, 39.4975476 ], [ -0.4109097, 39.4975556 ], [ -0.4106263, 39.4975779 ], [ -0.4104496, 39.4976131 ], [ -0.4102117, 39.4977449 ], [ -0.4100624, 39.4979059 ], [ -0.4099381, 39.4979937 ], [ -0.4097902, 39.4980976 ], [ -0.4096934, 39.4981892 ], [ -0.4094543, 39.4984805 ], [ -0.4093089, 39.4986472 ], [ -0.4092104, 39.4987938 ], [ -0.4091839, 39.4989182 ], [ -0.4089106, 39.4987238 ], [ -0.4085119, 39.4984322 ], [ -0.4083383, 39.4981552 ], [ -0.4079602, 39.4984982 ], [ -0.4079398, 39.4984867 ], [ -0.4072884, 39.4981234 ], [ -0.406704, 39.4987901 ], [ -0.4051245, 39.4980537 ], [ -0.4050619, 39.4981082 ], [ -0.4049808, 39.4981526 ], [ -0.4048994, 39.4982025 ], [ -0.4048091, 39.4983048 ], [ -0.4047313, 39.4983903 ], [ -0.4046546, 39.4984912 ], [ -0.4045994, 39.4985865 ], [ -0.4045836, 39.4986683 ], [ -0.4045516, 39.4987562 ], [ -0.4045376, 39.4988226 ], [ -0.4044693, 39.4990578 ], [ -0.4043766, 39.4994421 ], [ -0.4043576, 39.499471 ], [ -0.4043067, 39.4995089 ], [ -0.4042501, 39.4995117 ], [ -0.4041425, 39.4995086 ], [ -0.4039915, 39.4994943 ], [ -0.4039111, 39.4994833 ], [ -0.4038055, 39.4994727 ], [ -0.4037074, 39.4994585 ], [ -0.4035762, 39.4994529 ], [ -0.403432, 39.499454 ], [ -0.403084, 39.4993391 ], [ -0.4030282, 39.4992949 ], [ -0.4029355, 39.4992349 ], [ -0.4028466, 39.499188 ], [ -0.4026882, 39.4991285 ], [ -0.4025079, 39.4990615 ], [ -0.4023373, 39.499016 ], [ -0.4021964, 39.4989807 ], [ -0.4019998, 39.498923 ], [ -0.4018254, 39.4989381 ], [ -0.4015324, 39.4989535 ], [ -0.4015021, 39.4988379 ], [ -0.4008569, 39.4983008 ], [ -0.4003182, 39.4978005 ], [ -0.4000729, 39.4975894 ], [ -0.3991763, 39.4968619 ], [ -0.3988836, 39.4966194 ], [ -0.3986488, 39.496403 ], [ -0.3982257, 39.496 ], [ -0.3982869, 39.4959643 ], [ -0.398841, 39.495645 ], [ -0.398992, 39.4955655 ], [ -0.3995738, 39.4952589 ], [ -0.3996927, 39.495199 ], [ -0.399864, 39.4955027 ], [ -0.3999072, 39.4955562 ], [ -0.3999193, 39.4955736 ], [ -0.4000112, 39.4957054 ], [ -0.401881, 39.4948996 ], [ -0.4024691, 39.4946494 ], [ -0.403173, 39.4943346 ], [ -0.406867, 39.492745 ], [ -0.4070114, 39.4929442 ], [ -0.4087539, 39.4953711 ], [ -0.4089417, 39.4956339 ], [ -0.4089685, 39.4956526 ], [ -0.4090114, 39.4956733 ], [ -0.4090489, 39.4956815 ], [ -0.4096122, 39.4957602 ], [ -0.4109345, 39.4959444 ], [ -0.4110794, 39.4959713 ], [ -0.4113878, 39.4960438 ], [ -0.411648, 39.4961245 ], [ -0.4119672, 39.4962321 ], [ -0.4124607, 39.4964494 ], [ -0.4126672, 39.4965384 ] ] ] } },
{ "type": "Feature", "properties": { "neighborhood": "Benicalap", "admin_level": "10" }, "geometry": { "type": "Polygon", "coordinates": [ [ [ -0.4024691, 39.4946494 ], [ -0.401881, 39.4948996 ], [ -0.4000112, 39.4957054 ], [ -0.3999193, 39.4955736 ], [ -0.3999072, 39.4955562 ], [ -0.399864, 39.4955027 ], [ -0.3996927, 39.495199 ], [ -0.3995738, 39.4952589 ], [ -0.398992, 39.4955655 ], [ -0.398841, 39.495645 ], [ -0.3982869, 39.4959643 ], [ -0.3982257, 39.496 ], [ -0.3975999, 39.4954102 ], [ -0.396972, 39.4957986 ], [ -0.3969508, 39.4958117 ], [ -0.396629, 39.495522 ], [ -0.3951501, 39.4964062 ], [ -0.3891742, 39.4999671 ], [ -0.3889242, 39.500124 ], [ -0.3867315, 39.4979819 ], [ -0.3863155, 39.4975789 ], [ -0.3862695, 39.4975488 ], [ -0.3862271, 39.4975297 ], [ -0.3861775, 39.4975243 ], [ -0.3861244, 39.4975325 ], [ -0.384169, 39.4979902 ], [ -0.3841101, 39.4980047 ], [ -0.3835833, 39.4981224 ], [ -0.3812923, 39.4986328 ], [ -0.3813072, 39.4983819 ], [ -0.3813078, 39.4977094 ], [ -0.381307, 39.4974159 ], [ -0.3813031, 39.4973513 ], [ -0.3812939, 39.4972701 ], [ -0.3811807, 39.4968384 ], [ -0.3811523, 39.4967286 ], [ -0.3811319, 39.4966674 ], [ -0.3811055, 39.4965921 ], [ -0.381071, 39.4965105 ], [ -0.3808169, 39.495927 ], [ -0.3805668, 39.4953513 ], [ -0.3804347, 39.4950455 ], [ -0.3803656, 39.4948808 ], [ -0.3803052, 39.4947033 ], [ -0.3802569, 39.4945377 ], [ -0.3801255, 39.4940016 ], [ -0.3800938, 39.4938924 ], [ -0.3802409, 39.4938608 ], [ -0.3812254, 39.4936495 ], [ -0.3815066, 39.4935888 ], [ -0.3816242, 39.4935632 ], [ -0.3817496, 39.4935364 ], [ -0.3818553, 39.4935136 ], [ -0.3823613, 39.4934046 ], [ -0.3824619, 39.4933827 ], [ -0.3829924, 39.4932688 ], [ -0.383032, 39.4932603 ], [ -0.3830505, 39.4932563 ], [ -0.3831593, 39.493235 ], [ -0.3832265, 39.4932204 ], [ -0.3828265, 39.4921387 ], [ -0.3822868, 39.4906753 ], [ -0.3821298, 39.4902549 ], [ -0.3836355, 39.4899235 ], [ -0.3853455, 39.4895461 ], [ -0.3858529, 39.489431 ], [ -0.3865975, 39.4892622 ], [ -0.3880555, 39.4889362 ], [ -0.3895156, 39.4885955 ], [ -0.3896041, 39.4885802 ], [ -0.3897488, 39.4885352 ], [ -0.3898708, 39.4884944 ], [ -0.3899805, 39.4884552 ], [ -0.3901269, 39.4884003 ], [ -0.3902631, 39.4883454 ], [ -0.3904176, 39.4882826 ], [ -0.3907347, 39.4881508 ], [ -0.3934585, 39.4869664 ], [ -0.3934158, 39.4869097 ], [ -0.3933799, 39.4868583 ], [ -0.3931873, 39.4866015 ], [ -0.3926752, 39.4859 ], [ -0.3926383, 39.4858494 ], [ -0.3926057, 39.4858046 ], [ -0.3925756, 39.4857634 ], [ -0.3952527, 39.4846159 ], [ -0.3961265, 39.485822 ], [ -0.396449, 39.4862671 ], [ -0.3980558, 39.4885123 ], [ -0.3997652, 39.490894 ], [ -0.4024691, 39.4946494 ] ] ] } },
{ "type": "Feature", "properties": { "neighborhood": "Ciutat Fallera", "admin_level": "10" }, "geometry": { "type": "Polygon", "coordinates": [ [ [ -0.4015324, 39.4989535 ], [ -0.4013116, 39.4990172 ], [ -0.4012833, 39.499025 ], [ -0.4012682, 39.499042 ], [ -0.4012629, 39.4990644 ], [ -0.401252, 39.4991442 ], [ -0.4012255, 39.4992795 ], [ -0.4012106, 39.4993973 ], [ -0.4011848, 39.4995249 ], [ -0.4011635, 39.4996229 ], [ -0.4011596, 39.4996511 ], [ -0.4011529, 39.4996826 ], [ -0.401142, 39.4997251 ], [ -0.4010889, 39.4998784 ], [ -0.3997722, 39.4998957 ], [ -0.3997569, 39.4999671 ], [ -0.3993009, 39.4999079 ], [ -0.3992761, 39.4999143 ], [ -0.3992526, 39.4999779 ], [ -0.3992021, 39.5001138 ], [ -0.3991954, 39.5001299 ], [ -0.399156, 39.5001278 ], [ -0.3983442, 39.4999265 ], [ -0.3979253, 39.4998234 ], [ -0.3976055, 39.4997443 ], [ -0.3975604, 39.4997374 ], [ -0.397477, 39.4997617 ], [ -0.3974564, 39.4997592 ], [ -0.3974468, 39.4998034 ], [ -0.397436, 39.4998548 ], [ -0.3974125, 39.4998686 ], [ -0.3973859, 39.4998671 ], [ -0.3973726, 39.4998945 ], [ -0.3973448, 39.4999858 ], [ -0.3973115, 39.5000572 ], [ -0.3972959, 39.500108 ], [ -0.3972839, 39.5001627 ], [ -0.3971339, 39.5005129 ], [ -0.3970675, 39.5007334 ], [ -0.3969969, 39.5010132 ], [ -0.3969384, 39.5011657 ], [ -0.3968929, 39.5012947 ], [ -0.3956999, 39.5021635 ], [ -0.393003, 39.5041036 ], [ -0.3908036, 39.50196 ], [ -0.3904458, 39.501618 ], [ -0.3890819, 39.5002788 ], [ -0.3890116, 39.5002098 ], [ -0.3889242, 39.500124 ], [ -0.3891742, 39.4999671 ], [ -0.3951501, 39.4964062 ], [ -0.396629, 39.495522 ], [ -0.3969508, 39.4958117 ], [ -0.396972, 39.4957986 ], [ -0.3975999, 39.4954102 ], [ -0.3982257, 39.496 ], [ -0.3986488, 39.496403 ], [ -0.3988836, 39.4966194 ], [ -0.3991763, 39.4968619 ], [ -0.4000729, 39.4975894 ], [ -0.4003182, 39.4978005 ], [ -0.4008569, 39.4983008 ], [ -0.4015021, 39.4988379 ], [ -0.4015324, 39.4989535 ] ] ] } },
{ "type": "Feature", "properties": { "neighborhood": "Albors", "admin_level": "10" }, "geometry": { "type": "Polygon", "coordinates": [ [ [ -0.3565032, 39.4670897 ], [ -0.3564347, 39.4672295 ], [ -0.3557019, 39.4687241 ], [ -0.354776, 39.4706189 ], [ -0.3543584, 39.471469 ], [ -0.352185, 39.4708439 ], [ -0.3494015, 39.4700215 ], [ -0.3485688, 39.4697754 ], [ -0.3483239, 39.4697054 ], [ -0.3487408, 39.4687254 ], [ -0.3498352, 39.4690484 ], [ -0.3512794, 39.4655367 ], [ -0.3565032, 39.4670897 ] ] ] } },
{ "type": "Feature", "properties": { "neighborhood": "Penya-roja", "admin_level": "10" }, "geometry": { "type": "Polygon", "coordinates": [ [ [ -0.3598269, 39.463398 ], [ -0.3591033, 39.4635667 ], [ -0.3588673, 39.4636268 ], [ -0.3587063, 39.4636765 ], [ -0.3585454, 39.4637427 ], [ -0.3583818, 39.4638256 ], [ -0.3582396, 39.4639229 ], [ -0.3581297, 39.4640306 ], [ -0.3579553, 39.4642232 ], [ -0.35784, 39.4643826 ], [ -0.3577554, 39.4645287 ], [ -0.3570843, 39.4659032 ], [ -0.354749, 39.4642362 ], [ -0.3546739, 39.4643853 ], [ -0.3539765, 39.4642031 ], [ -0.3542125, 39.4636896 ], [ -0.3522384, 39.4630849 ], [ -0.352571, 39.4623394 ], [ -0.3515518, 39.4620247 ], [ -0.3477645, 39.4609147 ], [ -0.3424001, 39.4595728 ], [ -0.3436983, 39.4584545 ], [ -0.3408368, 39.457837 ], [ -0.3409882, 39.4572563 ], [ -0.341105, 39.4568291 ], [ -0.3411984, 39.4564577 ], [ -0.3412918, 39.456061 ], [ -0.3413922, 39.4555995 ], [ -0.3415982, 39.4544558 ], [ -0.3416777, 39.4540048 ], [ -0.3425627, 39.4538835 ], [ -0.3435551, 39.4537883 ], [ -0.34429, 39.4537551 ], [ -0.3446655, 39.4537717 ], [ -0.34532, 39.4538504 ], [ -0.3457548, 39.4539196 ], [ -0.3467255, 39.4540741 ], [ -0.3471385, 39.4541693 ], [ -0.3475409, 39.4543226 ], [ -0.3479486, 39.454567 ], [ -0.3482114, 39.4547906 ], [ -0.3484689, 39.4550806 ], [ -0.3487854, 39.4553871 ], [ -0.3491709, 39.455721 ], [ -0.349488, 39.4559345 ], [ -0.3531875, 39.4584331 ], [ -0.3536673, 39.4587595 ], [ -0.3542771, 39.4590922 ], [ -0.3547893, 39.4593182 ], [ -0.3560822, 39.4597639 ], [ -0.356879, 39.4600402 ], [ -0.3573425, 39.4602285 ], [ -0.3577409, 39.4604294 ], [ -0.3581149, 39.4606679 ], [ -0.3582175, 39.4607687 ], [ -0.3583832, 39.4609316 ], [ -0.3587572, 39.4614589 ], [ -0.3590906, 39.4619485 ], [ -0.3593183, 39.4623252 ], [ -0.359587, 39.4628385 ], [ -0.3598269, 39.463398 ] ] ] } },
{ "type": "Feature", "properties": { "neighborhood": "Camí Fondo", "admin_level": "10" }, "geometry": { "type": "Polygon", "coordinates": [ [ [ -0.3570843, 39.4659032 ], [ -0.3569148, 39.4662502 ], [ -0.3565032, 39.4670897 ], [ -0.3512794, 39.4655367 ], [ -0.3482768, 39.4646441 ], [ -0.348376, 39.4643936 ], [ -0.3487469, 39.4645001 ], [ -0.3501356, 39.4648989 ], [ -0.3515518, 39.4620247 ], [ -0.352571, 39.4623394 ], [ -0.3522384, 39.4630849 ], [ -0.3542125, 39.4636896 ], [ -0.3539765, 39.4642031 ], [ -0.3546739, 39.4643853 ], [ -0.354749, 39.4642362 ], [ -0.3570843, 39.4659032 ] ] ] } },
{ "type": "Feature", "properties": { "neighborhood": "la Creu del Grau", "admin_level": "10" }, "geometry": { "type": "Polygon", "coordinates": [ [ [ -0.3515518, 39.4620247 ], [ -0.3501356, 39.4648989 ], [ -0.3487469, 39.4645001 ], [ -0.348376, 39.4643936 ], [ -0.3482768, 39.4646441 ], [ -0.3386242, 39.4617745 ], [ -0.3387639, 39.4616856 ], [ -0.3389889, 39.4615452 ], [ -0.3397818, 39.4610644 ], [ -0.3398728, 39.4610031 ], [ -0.3399219, 39.46094 ], [ -0.3399615, 39.4608499 ], [ -0.3400004, 39.4607381 ], [ -0.3400836, 39.4604455 ], [ -0.3401842, 39.4601065 ], [ -0.3402105, 39.460005 ], [ -0.3403869, 39.4593237 ], [ -0.3404915, 39.4590131 ], [ -0.3405913, 39.4587347 ], [ -0.3406777, 39.4584336 ], [ -0.3407758, 39.4580712 ], [ -0.3408368, 39.457837 ], [ -0.3436983, 39.4584545 ], [ -0.3424001, 39.4595728 ], [ -0.3477645, 39.4609147 ], [ -0.3515518, 39.4620247 ] ] ] } },
{ "type": "Feature", "properties": { "neighborhood": "Aiora", "admin_level": "10" }, "geometry": { "type": "Polygon", "coordinates": [ [ [ -0.3512794, 39.4655367 ], [ -0.3498352, 39.4690484 ], [ -0.3487408, 39.4687254 ], [ -0.3483239, 39.4697054 ], [ -0.344709, 39.4686724 ], [ -0.3446339, 39.4686537 ], [ -0.3445614, 39.4686413 ], [ -0.3444863, 39.4686351 ], [ -0.3444112, 39.4686454 ], [ -0.3443415, 39.4686661 ], [ -0.3441242, 39.4687386 ], [ -0.3440626, 39.4687572 ], [ -0.3440223, 39.4687635 ], [ -0.3439526, 39.4687676 ], [ -0.3438828, 39.4687593 ], [ -0.3438158, 39.4687407 ], [ -0.34373, 39.4687013 ], [ -0.3436951, 39.4686765 ], [ -0.3436549, 39.4686247 ], [ -0.3435851, 39.468515 ], [ -0.3435288, 39.4684322 ], [ -0.3434725, 39.4683742 ], [ -0.3434027, 39.4683266 ], [ -0.3433357, 39.4682914 ], [ -0.3432391, 39.4682603 ], [ -0.3431399, 39.4682334 ], [ -0.3395296, 39.4672001 ], [ -0.3353802, 39.4659743 ], [ -0.335421, 39.4658435 ], [ -0.3355073, 39.4656104 ], [ -0.3356151, 39.4653606 ], [ -0.3358832, 39.4648088 ], [ -0.3361512, 39.464345 ], [ -0.3363207, 39.4640571 ], [ -0.3364809, 39.4638145 ], [ -0.3365822, 39.4636929 ], [ -0.3368537, 39.4633673 ], [ -0.3370755, 39.4631104 ], [ -0.3374144, 39.4627679 ], [ -0.3376856, 39.4625158 ], [ -0.3378161, 39.4624101 ], [ -0.3384312, 39.4619139 ], [ -0.3385883, 39.4617974 ], [ -0.3386242, 39.4617745 ], [ -0.3482768, 39.4646441 ], [ -0.3512794, 39.4655367 ] ] ] } },
{ "type": "Feature", "properties": { "neighborhood": "la Carrasca", "admin_level": "10" }, "geometry": { "type": "Polygon", "coordinates": [ [ [ -0.354569, 39.4785388 ], [ -0.3544278, 39.4788324 ], [ -0.3543017, 39.4790581 ], [ -0.3541569, 39.4792879 ], [ -0.3540067, 39.4795032 ], [ -0.3538538, 39.4796957 ], [ -0.3536634, 39.4799048 ], [ -0.3534729, 39.4800994 ], [ -0.3532771, 39.4802712 ], [ -0.3530652, 39.4804451 ], [ -0.3528024, 39.4806397 ], [ -0.3525395, 39.4808157 ], [ -0.352223, 39.4810207 ], [ -0.3519387, 39.4811987 ], [ -0.3516651, 39.4813685 ], [ -0.3513409, 39.4815823 ], [ -0.3512038, 39.4816728 ], [ -0.35089, 39.4818757 ], [ -0.3505466, 39.482093 ], [ -0.348881, 39.4831633 ], [ -0.3477008, 39.4839231 ], [ -0.3464751, 39.4847097 ], [ -0.34537, 39.485428 ], [ -0.3436775, 39.4865107 ], [ -0.3429363, 39.4869855 ], [ -0.3426719, 39.4869258 ], [ -0.3424745, 39.486879 ], [ -0.3423101, 39.4868694 ], [ -0.3419425, 39.4869106 ], [ -0.3418557, 39.4869203 ], [ -0.3418031, 39.4869114 ], [ -0.3416674, 39.4868885 ], [ -0.3412728, 39.4867459 ], [ -0.3412077, 39.486706 ], [ -0.3410766, 39.4866082 ], [ -0.3399553, 39.4861775 ], [ -0.3397699, 39.4861415 ], [ -0.3395668, 39.4861255 ], [ -0.3392551, 39.4861431 ], [ -0.3391192, 39.4861244 ], [ -0.3389416, 39.4860643 ], [ -0.3387479, 39.486008 ], [ -0.338499, 39.4859921 ], [ -0.3383378, 39.4859751 ], [ -0.3381892, 39.4859483 ], [ -0.3380498, 39.4859175 ], [ -0.3379498, 39.4859012 ], [ -0.3377168, 39.4859056 ], [ -0.3375356, 39.4859081 ], [ -0.337248, 39.4859357 ], [ -0.3371602, 39.4859614 ], [ -0.3370913, 39.4859919 ], [ -0.3367337, 39.4862409 ], [ -0.3363894, 39.4864292 ], [ -0.3362639, 39.4865416 ], [ -0.3361058, 39.4868279 ], [ -0.3359835, 39.4869911 ], [ -0.3358686, 39.4871443 ], [ -0.3356955, 39.4873023 ], [ -0.335518, 39.4873834 ], [ -0.3353646, 39.4874302 ], [ -0.3346209, 39.4875752 ], [ -0.3342245, 39.4877304 ], [ -0.3341937, 39.4877069 ], [ -0.3336152, 39.4872598 ], [ -0.3333513, 39.4870619 ], [ -0.3331995, 39.486905 ], [ -0.3329388, 39.4867059 ], [ -0.3327474, 39.4865906 ], [ -0.3325984, 39.4864807 ], [ -0.3325079, 39.4863842 ], [ -0.3324221, 39.4863076 ], [ -0.332358, 39.4862653 ], [ -0.3322319, 39.4862073 ], [ -0.3321518, 39.4861614 ], [ -0.3321246, 39.4861359 ], [ -0.3321058, 39.486081 ], [ -0.3321082, 39.4859867 ], [ -0.3321082, 39.4859288 ], [ -0.3321005, 39.4858657 ], [ -0.3320754, 39.4857883 ], [ -0.3318026, 39.4857299 ], [ -0.3316443, 39.4857259 ], [ -0.3315035, 39.4857311 ], [ -0.3314711, 39.4857323 ], [ -0.3315754, 39.4852268 ], [ -0.3317984, 39.4841342 ], [ -0.332124, 39.4828285 ], [ -0.3322691, 39.4822302 ], [ -0.3323363, 39.4819325 ], [ -0.3325458, 39.4807863 ], [ -0.3327444, 39.4797133 ], [ -0.3327572, 39.4796441 ], [ -0.3328266, 39.4792237 ], [ -0.3331682, 39.4769418 ], [ -0.3331927, 39.4764281 ], [ -0.3332129, 39.4760053 ], [ -0.3334433, 39.4760587 ], [ -0.335668, 39.4765745 ], [ -0.3358235, 39.4762979 ], [ -0.3361279, 39.4756569 ], [ -0.3361405, 39.4756275 ], [ -0.3362458, 39.4754105 ], [ -0.3364823, 39.4749211 ], [ -0.3369448, 39.4739494 ], [ -0.3370172, 39.4738018 ], [ -0.3370381, 39.4737483 ], [ -0.3370647, 39.4737046 ], [ -0.3371178, 39.4736294 ], [ -0.3371363, 39.4735968 ], [ -0.337379, 39.4731047 ], [ -0.3374112, 39.4730353 ], [ -0.337438, 39.4729535 ], [ -0.3374514, 39.4728987 ], [ -0.3374514, 39.472851 ], [ -0.337446, 39.472821 ], [ -0.3374353, 39.4727869 ], [ -0.3374192, 39.4727403 ], [ -0.3374112, 39.4727051 ], [ -0.3374038, 39.4726422 ], [ -0.3374184, 39.4725521 ], [ -0.3374526, 39.4724571 ], [ -0.3375151, 39.472331 ], [ -0.3375992, 39.4721613 ], [ -0.3379243, 39.471492 ], [ -0.3379391, 39.4714627 ], [ -0.3380223, 39.4713663 ], [ -0.3381478, 39.471108 ], [ -0.3387229, 39.4712793 ], [ -0.3397486, 39.4715746 ], [ -0.3394067, 39.4722785 ], [ -0.3405236, 39.4725246 ], [ -0.3400505, 39.4734131 ], [ -0.341605, 39.4737972 ], [ -0.3470886, 39.4754835 ], [ -0.3463698, 39.4773303 ], [ -0.3485906, 39.4773137 ], [ -0.3485155, 39.4782826 ], [ -0.351305, 39.4782743 ], [ -0.3515518, 39.4776201 ], [ -0.3520801, 39.4777874 ], [ -0.3522267, 39.4778293 ], [ -0.3527663, 39.4779849 ], [ -0.3535496, 39.4782128 ], [ -0.3536121, 39.478232 ], [ -0.3541362, 39.4784047 ], [ -0.3541794, 39.4784176 ], [ -0.3542026, 39.4784266 ], [ -0.354211, 39.4784443 ], [ -0.3542181, 39.4784679 ], [ -0.354569, 39.4785388 ] ] ] } },
{ "type": "Feature", "properties": { "neighborhood": "la Vega Baixa", "admin_level": "10" }, "geometry": { "type": "Polygon", "coordinates": [ [ [ -0.353696, 39.4756917 ], [ -0.3534839, 39.4760098 ], [ -0.3534924, 39.4760261 ], [ -0.3534958, 39.4760409 ], [ -0.3534783, 39.4760813 ], [ -0.3532591, 39.4766209 ], [ -0.3532401, 39.4766728 ], [ -0.3533063, 39.4767905 ], [ -0.353317, 39.4768095 ], [ -0.3533043, 39.4768391 ], [ -0.3532795, 39.4768974 ], [ -0.3530926, 39.4773081 ], [ -0.352989, 39.4775057 ], [ -0.3529724, 39.4775398 ], [ -0.3527663, 39.4779849 ], [ -0.3522267, 39.4778293 ], [ -0.3520801, 39.4777874 ], [ -0.3515518, 39.4776201 ], [ -0.351305, 39.4782743 ], [ -0.3485155, 39.4782826 ], [ -0.3485906, 39.4773137 ], [ -0.3463698, 39.4773303 ], [ -0.3470886, 39.4754835 ], [ -0.347741, 39.4739428 ], [ -0.3524605, 39.4753349 ], [ -0.353696, 39.4756917 ] ] ] } },
{ "type": "Feature", "properties": { "neighborhood": "l'Amistat", "admin_level": "10" }, "geometry": { "type": "Polygon", "coordinates": [ [ [ -0.3543584, 39.471469 ], [ -0.3541088, 39.4719767 ], [ -0.3532739, 39.4736868 ], [ -0.3526145, 39.4750115 ], [ -0.3524605, 39.4753349 ], [ -0.347741, 39.4739428 ], [ -0.3493197, 39.4701712 ], [ -0.3494015, 39.4700215 ], [ -0.352185, 39.4708439 ], [ -0.3543584, 39.471469 ] ] ] } },
{ "type": "Feature", "properties": { "neighborhood": "Ciutat Jardí", "admin_level": "10" }, "geometry": { "type": "Polygon", "coordinates": [ [ [ -0.3494015, 39.4700215 ], [ -0.3493197, 39.4701712 ], [ -0.347741, 39.4739428 ], [ -0.3470886, 39.4754835 ], [ -0.341605, 39.4737972 ], [ -0.3400505, 39.4734131 ], [ -0.3405236, 39.4725246 ], [ -0.3394067, 39.4722785 ], [ -0.3397486, 39.4715746 ], [ -0.3419924, 39.4722205 ], [ -0.3436951, 39.4686765 ], [ -0.34373, 39.4687013 ], [ -0.3438158, 39.4687407 ], [ -0.3438828, 39.4687593 ], [ -0.3439526, 39.4687676 ], [ -0.3440223, 39.4687635 ], [ -0.3440626, 39.4687572 ], [ -0.3441242, 39.4687386 ], [ -0.3443415, 39.4686661 ], [ -0.3444112, 39.4686454 ], [ -0.3444863, 39.4686351 ], [ -0.3445614, 39.4686413 ], [ -0.3446339, 39.4686537 ], [ -0.344709, 39.4686724 ], [ -0.3483239, 39.4697054 ], [ -0.3485688, 39.4697754 ], [ -0.3494015, 39.4700215 ] ] ] } },
{ "type": "Feature", "properties": { "neighborhood": "l'Illa Perduda", "admin_level": "10" }, "geometry": { "type": "Polygon", "coordinates": [ [ [ -0.3436951, 39.4686765 ], [ -0.3419924, 39.4722205 ], [ -0.3397486, 39.4715746 ], [ -0.3387229, 39.4712793 ], [ -0.3388495, 39.4710067 ], [ -0.3388997, 39.4709037 ], [ -0.3389126, 39.4708772 ], [ -0.3393373, 39.4700049 ], [ -0.3393844, 39.4699082 ], [ -0.3394919, 39.4699391 ], [ -0.34012, 39.4701377 ], [ -0.3402081, 39.4699497 ], [ -0.3402321, 39.4698984 ], [ -0.3398177, 39.4697691 ], [ -0.3401018, 39.4692165 ], [ -0.3398698, 39.4691483 ], [ -0.3397768, 39.4690966 ], [ -0.3398496, 39.4689455 ], [ -0.3397683, 39.4689223 ], [ -0.3391678, 39.4687511 ], [ -0.3388544, 39.4686556 ], [ -0.3387449, 39.4686192 ], [ -0.3385598, 39.4687836 ], [ -0.338499, 39.4687807 ], [ -0.3384291, 39.4687746 ], [ -0.3373947, 39.4686876 ], [ -0.336421, 39.4686166 ], [ -0.3363177, 39.4686093 ], [ -0.3362695, 39.4686059 ], [ -0.3362353, 39.4686035 ], [ -0.3355906, 39.4685503 ], [ -0.3351309, 39.4685124 ], [ -0.3350733, 39.4685068 ], [ -0.3349693, 39.4685138 ], [ -0.334893, 39.4685097 ], [ -0.3350348, 39.4675797 ], [ -0.3350995, 39.4671872 ], [ -0.3351488, 39.4668756 ], [ -0.3352166, 39.4665735 ], [ -0.3352958, 39.4662506 ], [ -0.3353802, 39.4659743 ], [ -0.3395296, 39.4672001 ], [ -0.3431399, 39.4682334 ], [ -0.3432391, 39.4682603 ], [ -0.3433357, 39.4682914 ], [ -0.3434027, 39.4683266 ], [ -0.3434725, 39.4683742 ], [ -0.3435288, 39.4684322 ], [ -0.3435851, 39.468515 ], [ -0.3436549, 39.4686247 ], [ -0.3436951, 39.4686765 ] ] ] } },
{ "type": "Feature", "properties": { "neighborhood": "Massarojos", "admin_level": "10" }, "geometry": { "type": "Polygon", "coordinates": [ [ [ -0.4325512, 39.5611778 ], [ -0.426906, 39.5623459 ], [ -0.4243255, 39.5597953 ], [ -0.4204437, 39.555854 ], [ -0.4177383, 39.5522011 ], [ -0.4144825, 39.5499746 ], [ -0.414608, 39.5499442 ], [ -0.4134715, 39.5491657 ], [ -0.4091488, 39.5471449 ], [ -0.4070315, 39.5461551 ], [ -0.4061946, 39.5439077 ], [ -0.4054041, 39.5415333 ], [ -0.4030563, 39.5407587 ], [ -0.4025646, 39.5407561 ], [ -0.4017429, 39.5405707 ], [ -0.4010681, 39.5404549 ], [ -0.4012844, 39.5397599 ], [ -0.4012697, 39.5395642 ], [ -0.4013153, 39.5394165 ], [ -0.4013195, 39.5392717 ], [ -0.4013177, 39.5390946 ], [ -0.4013486, 39.538613 ], [ -0.4015144, 39.538408 ], [ -0.401607, 39.538371 ], [ -0.4024311, 39.5378489 ], [ -0.4024912, 39.537879 ], [ -0.4025791, 39.5378386 ], [ -0.4026221, 39.5378188 ], [ -0.4028626, 39.5377082 ], [ -0.4032941, 39.5375097 ], [ -0.4032683, 39.5374577 ], [ -0.4032323, 39.5374368 ], [ -0.403059, 39.537214 ], [ -0.402972, 39.5371002 ], [ -0.4029494, 39.537066 ], [ -0.4028805, 39.5369619 ], [ -0.4027355, 39.5368146 ], [ -0.4026175, 39.53671 ], [ -0.4025094, 39.5365874 ], [ -0.4024041, 39.5364815 ], [ -0.4023538, 39.5364285 ], [ -0.4022042, 39.536271 ], [ -0.4017951, 39.5359374 ], [ -0.401612, 39.5357726 ], [ -0.4015153, 39.5356877 ], [ -0.4014634, 39.5356451 ], [ -0.4013772, 39.5355882 ], [ -0.4009723, 39.5352654 ], [ -0.4006762, 39.5350186 ], [ -0.4002532, 39.5346626 ], [ -0.4001802, 39.5346163 ], [ -0.3996407, 39.5342742 ], [ -0.3995549, 39.5342181 ], [ -0.3991639, 39.5338975 ], [ -0.3990188, 39.533765 ], [ -0.3995332, 39.5332452 ], [ -0.3997054, 39.533088 ], [ -0.4006263, 39.5321442 ], [ -0.4004431, 39.5320557 ], [ -0.4003883, 39.5320421 ], [ -0.4003024, 39.531958 ], [ -0.400286, 39.5319292 ], [ -0.400258, 39.5318842 ], [ -0.400209, 39.5318392 ], [ -0.4001156, 39.5317779 ], [ -0.3998947, 39.5316114 ], [ -0.3998486, 39.5315768 ], [ -0.3995132, 39.5313475 ], [ -0.3994548, 39.5313133 ], [ -0.3993425, 39.531221 ], [ -0.399275, 39.5311404 ], [ -0.398987, 39.5309357 ], [ -0.3989512, 39.5308769 ], [ -0.3989201, 39.5308525 ], [ -0.39889, 39.5308431 ], [ -0.3987429, 39.530744 ], [ -0.3986562, 39.5306974 ], [ -0.3986054, 39.5306518 ], [ -0.3985436, 39.530611 ], [ -0.398447, 39.5305333 ], [ -0.3984075, 39.5305003 ], [ -0.397896, 39.5300939 ], [ -0.3978049, 39.5300687 ], [ -0.3973714, 39.529896 ], [ -0.397327, 39.5298546 ], [ -0.3971617, 39.5297764 ], [ -0.3971435, 39.529761 ], [ -0.3971469, 39.5297471 ], [ -0.3972279, 39.5296555 ], [ -0.3973567, 39.5295044 ], [ -0.3973708, 39.5294776 ], [ -0.3973721, 39.5294598 ], [ -0.3973481, 39.5294458 ], [ -0.3970968, 39.5293297 ], [ -0.3970888, 39.5293173 ], [ -0.3971205, 39.5291517 ], [ -0.3971387, 39.528935 ], [ -0.397176, 39.5286391 ], [ -0.3971782, 39.5285821 ], [ -0.3971534, 39.5285453 ], [ -0.3970763, 39.5285039 ], [ -0.3972115, 39.5283624 ], [ -0.3969999, 39.5281729 ], [ -0.3968541, 39.528033 ], [ -0.3962215, 39.5274906 ], [ -0.3961842, 39.5274317 ], [ -0.3959038, 39.5271776 ], [ -0.3957943, 39.5270979 ], [ -0.3957831, 39.5270889 ], [ -0.3960026, 39.5268353 ], [ -0.3962085, 39.5265817 ], [ -0.3964007, 39.5263485 ], [ -0.396418, 39.5263344 ], [ -0.396532, 39.5262415 ], [ -0.3966484, 39.5261636 ], [ -0.3968887, 39.5259834 ], [ -0.3977768, 39.5263728 ], [ -0.398073, 39.5265062 ], [ -0.3983207, 39.5266345 ], [ -0.3983986, 39.5266482 ], [ -0.3984375, 39.52667 ], [ -0.3985154, 39.5267492 ], [ -0.3986003, 39.5268065 ], [ -0.3987985, 39.5268802 ], [ -0.3988835, 39.5268966 ], [ -0.399048, 39.5268884 ], [ -0.3994438, 39.5271623 ], [ -0.3994501, 39.5272072 ], [ -0.3993703, 39.5272852 ], [ -0.3993188, 39.5273498 ], [ -0.3996162, 39.5275216 ], [ -0.3998568, 39.5275763 ], [ -0.4001602, 39.5276646 ], [ -0.4002319, 39.5276855 ], [ -0.4004513, 39.5277865 ], [ -0.4005504, 39.5278111 ], [ -0.4006318, 39.5278466 ], [ -0.4003835, 39.5281934 ], [ -0.400354, 39.5282596 ], [ -0.4002923, 39.5283217 ], [ -0.400295, 39.5283982 ], [ -0.4006983, 39.5288042 ], [ -0.4009057, 39.5289086 ], [ -0.4010863, 39.5290044 ], [ -0.4013564, 39.5291121 ], [ -0.4013524, 39.5291393 ], [ -0.4013319, 39.5292663 ], [ -0.4013474, 39.5292737 ], [ -0.401984, 39.5294711 ], [ -0.4018969, 39.5296387 ], [ -0.4023635, 39.5297746 ], [ -0.4027104, 39.5299002 ], [ -0.4031274, 39.5300889 ], [ -0.4031696, 39.530091 ], [ -0.4032284, 39.5300929 ], [ -0.4032803, 39.5301009 ], [ -0.4033346, 39.5300966 ], [ -0.4033867, 39.5300903 ], [ -0.4034489, 39.5301012 ], [ -0.4035084, 39.5301089 ], [ -0.4035861, 39.5300959 ], [ -0.4038239, 39.5300786 ], [ -0.4040769, 39.5300942 ], [ -0.4042969, 39.5302175 ], [ -0.4044391, 39.5302545 ], [ -0.4046115, 39.5302965 ], [ -0.40619, 39.5310144 ], [ -0.4063068, 39.5310308 ], [ -0.4068284, 39.5312145 ], [ -0.4068549, 39.5312267 ], [ -0.4069248, 39.5312476 ], [ -0.4073853, 39.5314403 ], [ -0.4073463, 39.5315651 ], [ -0.4073553, 39.5316905 ], [ -0.407427, 39.5318608 ], [ -0.4074408, 39.5320513 ], [ -0.4074199, 39.5321381 ], [ -0.4073717, 39.5322265 ], [ -0.407279, 39.5323458 ], [ -0.4072088, 39.5324291 ], [ -0.4071485, 39.5325176 ], [ -0.4071092, 39.5326143 ], [ -0.4070864, 39.5327123 ], [ -0.4070621, 39.5328342 ], [ -0.4070611, 39.5329776 ], [ -0.4070744, 39.5330836 ], [ -0.4070942, 39.5331616 ], [ -0.407194, 39.5333308 ], [ -0.407427, 39.5336535 ], [ -0.4075883, 39.5338955 ], [ -0.4076349, 39.5340056 ], [ -0.4076869, 39.5341285 ], [ -0.407715, 39.5341946 ], [ -0.4081151, 39.5340184 ], [ -0.4084542, 39.5340617 ], [ -0.4104276, 39.5348619 ], [ -0.4107039, 39.5356562 ], [ -0.4108087, 39.5360666 ], [ -0.4108059, 39.5363347 ], [ -0.4107924, 39.5366408 ], [ -0.410771, 39.5372718 ], [ -0.4107683, 39.5376048 ], [ -0.4107756, 39.5376545 ], [ -0.4107871, 39.537733 ], [ -0.4108461, 39.5379647 ], [ -0.4109292, 39.5383122 ], [ -0.4110033, 39.5386314 ], [ -0.4111143, 39.5392865 ], [ -0.4111196, 39.5393134 ], [ -0.4111469, 39.5394518 ], [ -0.4112216, 39.5398905 ], [ -0.4112645, 39.5401428 ], [ -0.4115789, 39.5408095 ], [ -0.413688, 39.542141 ], [ -0.4159948, 39.5458443 ], [ -0.4174016, 39.5470593 ], [ -0.4206742, 39.5483618 ], [ -0.4218546, 39.5486811 ], [ -0.4225965, 39.5491966 ], [ -0.4233259, 39.5495434 ], [ -0.424027, 39.5509678 ], [ -0.4241237, 39.5509514 ], [ -0.424186, 39.5510385 ], [ -0.4245215, 39.5515246 ], [ -0.4279324, 39.552284 ], [ -0.4290805, 39.5530272 ], [ -0.4291185, 39.55312 ], [ -0.4304612, 39.5538297 ], [ -0.4299673, 39.5541709 ], [ -0.4301757, 39.5544528 ], [ -0.4303247, 39.5545629 ], [ -0.4305855, 39.5548977 ], [ -0.430679, 39.5550554 ], [ -0.4311677, 39.555994 ], [ -0.4311942, 39.5560667 ], [ -0.4312098, 39.556154 ], [ -0.4312299, 39.5562375 ], [ -0.4316128, 39.5570674 ], [ -0.4321192, 39.5582073 ], [ -0.4321604, 39.5583499 ], [ -0.4321643, 39.5584553 ], [ -0.4321272, 39.5587538 ], [ -0.4321246, 39.5590193 ], [ -0.4321684, 39.5591907 ], [ -0.4322241, 39.5593275 ], [ -0.4323315, 39.5595171 ], [ -0.4324065, 39.5596965 ], [ -0.4324818, 39.5599892 ], [ -0.4325219, 39.5602147 ], [ -0.4325249, 39.560473 ], [ -0.4325122, 39.5607308 ], [ -0.4325512, 39.5611778 ] ] ] } },
{ "type": "Feature", "properties": { "neighborhood": "Benifaraig", "admin_level": "10" }, "geometry": { "type": "Polygon", "coordinates": [ [ [ -0.3939025, 39.5273264 ], [ -0.3938664, 39.5273508 ], [ -0.3938603, 39.5273548 ], [ -0.3937753, 39.5274098 ], [ -0.3934451, 39.5275053 ], [ -0.3933374, 39.5275546 ], [ -0.3933017, 39.5275864 ], [ -0.3934779, 39.5278262 ], [ -0.3935087, 39.5278745 ], [ -0.3935318, 39.5279194 ], [ -0.3935485, 39.5279556 ], [ -0.39361, 39.5281863 ], [ -0.3936512, 39.5283825 ], [ -0.3936859, 39.528427 ], [ -0.3937259, 39.5286172 ], [ -0.3937259, 39.528841 ], [ -0.3939213, 39.528977 ], [ -0.3938972, 39.5290832 ], [ -0.3938646, 39.5291872 ], [ -0.3938886, 39.5293607 ], [ -0.393889, 39.5294283 ], [ -0.3939033, 39.5295034 ], [ -0.3939607, 39.5296164 ], [ -0.3939958, 39.5297973 ], [ -0.3939421, 39.5298093 ], [ -0.3929615, 39.5299466 ], [ -0.3927072, 39.530005 ], [ -0.3925222, 39.5299953 ], [ -0.3924926, 39.5299064 ], [ -0.392343, 39.5298661 ], [ -0.3920105, 39.5298772 ], [ -0.3912488, 39.5298991 ], [ -0.3904804, 39.5299023 ], [ -0.3902161, 39.5299242 ], [ -0.3899071, 39.5299117 ], [ -0.3899634, 39.5303627 ], [ -0.3887543, 39.5305194 ], [ -0.3888885, 39.5311641 ], [ -0.3889248, 39.5313684 ], [ -0.3890368, 39.5318763 ], [ -0.3891317, 39.5321022 ], [ -0.3885879, 39.5322102 ], [ -0.3882245, 39.5322678 ], [ -0.3877087, 39.532237 ], [ -0.3876609, 39.5321974 ], [ -0.3876114, 39.5321838 ], [ -0.3873, 39.5321974 ], [ -0.3872968, 39.5321732 ], [ -0.3872849, 39.5318362 ], [ -0.3872437, 39.5318094 ], [ -0.3871613, 39.5317889 ], [ -0.3870395, 39.5317703 ], [ -0.3869131, 39.531764 ], [ -0.3866841, 39.5317546 ], [ -0.3866333, 39.5317636 ], [ -0.3864683, 39.5318166 ], [ -0.386434, 39.5318429 ], [ -0.3864088, 39.5318821 ], [ -0.3863692, 39.5319576 ], [ -0.3863326, 39.5320317 ], [ -0.3861531, 39.5322681 ], [ -0.3860596, 39.5323491 ], [ -0.3859941, 39.5323843 ], [ -0.3858989, 39.5324859 ], [ -0.3857423, 39.5327057 ], [ -0.3857013, 39.5326958 ], [ -0.3856713, 39.5327896 ], [ -0.3856046, 39.5330017 ], [ -0.3856195, 39.5330064 ], [ -0.3856235, 39.5330451 ], [ -0.3855859, 39.5331126 ], [ -0.385482, 39.5332207 ], [ -0.3846788, 39.5331792 ], [ -0.3846023, 39.5328396 ], [ -0.3846656, 39.5327152 ], [ -0.384776, 39.5323997 ], [ -0.3848353, 39.5321562 ], [ -0.3848507, 39.5321255 ], [ -0.3848618, 39.5320935 ], [ -0.385182, 39.5311519 ], [ -0.3852235, 39.5310433 ], [ -0.3852371, 39.5310077 ], [ -0.3852506, 39.5309725 ], [ -0.385315, 39.5306845 ], [ -0.3853975, 39.5302626 ], [ -0.3842618, 39.5303144 ], [ -0.3842315, 39.5303152 ], [ -0.3842019, 39.5303147 ], [ -0.3841794, 39.5303134 ], [ -0.3841572, 39.5303113 ], [ -0.3840294, 39.5303383 ], [ -0.3834329, 39.5303935 ], [ -0.3830405, 39.5304222 ], [ -0.3825541, 39.5304635 ], [ -0.3820626, 39.5305052 ], [ -0.3819319, 39.5305052 ], [ -0.3811481, 39.5304349 ], [ -0.3807998, 39.5304036 ], [ -0.3797866, 39.5303893 ], [ -0.3788085, 39.5303755 ], [ -0.3787431, 39.530324 ], [ -0.3787076, 39.5303027 ], [ -0.3786033, 39.5302607 ], [ -0.3784657, 39.5302447 ], [ -0.3783124, 39.5302302 ], [ -0.3779978, 39.5302064 ], [ -0.3775539, 39.5301607 ], [ -0.3775081, 39.5301415 ], [ -0.3774796, 39.5301098 ], [ -0.3774709, 39.5300668 ], [ -0.3774738, 39.5300268 ], [ -0.3774873, 39.5299151 ], [ -0.3775003, 39.5298105 ], [ -0.3775071, 39.5297421 ], [ -0.3775003, 39.529676 ], [ -0.377487, 39.5296253 ], [ -0.3774595, 39.5295782 ], [ -0.3774176, 39.5295257 ], [ -0.3773721, 39.5294768 ], [ -0.37727, 39.5293763 ], [ -0.377165, 39.5292929 ], [ -0.3769353, 39.5291253 ], [ -0.3768006, 39.5290067 ], [ -0.3766792, 39.5288881 ], [ -0.3766385, 39.528842 ], [ -0.3766053, 39.5287878 ], [ -0.3765887, 39.528737 ], [ -0.3765801, 39.5286863 ], [ -0.3765759, 39.5286077 ], [ -0.3765778, 39.5285327 ], [ -0.3765755, 39.5284787 ], [ -0.3765637, 39.5284175 ], [ -0.3765287, 39.5283644 ], [ -0.3764778, 39.5283218 ], [ -0.3764323, 39.5282857 ], [ -0.3763986, 39.5282552 ], [ -0.3764375, 39.5282352 ], [ -0.3766983, 39.5273623 ], [ -0.3767016, 39.5272991 ], [ -0.3767311, 39.5269534 ], [ -0.376742, 39.526807 ], [ -0.3774754, 39.5268065 ], [ -0.3777212, 39.526807 ], [ -0.3780116, 39.5268246 ], [ -0.3786976, 39.5268206 ], [ -0.378695, 39.5262838 ], [ -0.3786891, 39.5259375 ], [ -0.3790259, 39.5259547 ], [ -0.3790164, 39.5257682 ], [ -0.3788485, 39.5257547 ], [ -0.3787764, 39.5257475 ], [ -0.378729, 39.5257363 ], [ -0.3786897, 39.525727 ], [ -0.3786778, 39.5256687 ], [ -0.3786967, 39.5251318 ], [ -0.3787145, 39.5249619 ], [ -0.3787237, 39.5244873 ], [ -0.3787681, 39.5244395 ], [ -0.3787708, 39.5244268 ], [ -0.3786099, 39.5231854 ], [ -0.378444, 39.5231409 ], [ -0.3784207, 39.522706 ], [ -0.3784121, 39.5225621 ], [ -0.3784005, 39.5224092 ], [ -0.3783784, 39.5220529 ], [ -0.3783444, 39.5214107 ], [ -0.3782967, 39.5210504 ], [ -0.3782738, 39.520786 ], [ -0.3786342, 39.5206628 ], [ -0.3788882, 39.5205863 ], [ -0.3789185, 39.5205797 ], [ -0.3792648, 39.520424 ], [ -0.3793941, 39.5203028 ], [ -0.3797867, 39.5200199 ], [ -0.3799034, 39.5199641 ], [ -0.3799432, 39.5199355 ], [ -0.3799631, 39.5198756 ], [ -0.3799929, 39.5197888 ], [ -0.3802774, 39.5195953 ], [ -0.3804166, 39.5194544 ], [ -0.3804732, 39.5194537 ], [ -0.3805813, 39.5194736 ], [ -0.3808254, 39.5195315 ], [ -0.3812223, 39.5195957 ], [ -0.3814489, 39.5196401 ], [ -0.3815667, 39.5194731 ], [ -0.3817157, 39.5192581 ], [ -0.3818748, 39.519039 ], [ -0.3820195, 39.518853 ], [ -0.3820652, 39.5187894 ], [ -0.3820758, 39.5187535 ], [ -0.382067, 39.5187006 ], [ -0.3821059, 39.5186868 ], [ -0.382133, 39.5186639 ], [ -0.3821794, 39.5185799 ], [ -0.3823373, 39.518326 ], [ -0.382447, 39.5181379 ], [ -0.3827208, 39.5177298 ], [ -0.3829653, 39.5173716 ], [ -0.3830315, 39.5172834 ], [ -0.3831249, 39.5171701 ], [ -0.3831487, 39.5171412 ], [ -0.3832027, 39.5170759 ], [ -0.3862274, 39.5187246 ], [ -0.3867607, 39.5190224 ], [ -0.3867691, 39.5196256 ], [ -0.3877333, 39.5196317 ], [ -0.3878511, 39.519652 ], [ -0.3878743, 39.519664 ], [ -0.3878803, 39.5197426 ], [ -0.3878915, 39.5200608 ], [ -0.3878945, 39.5204168 ], [ -0.3879144, 39.5204296 ], [ -0.3879115, 39.5205828 ], [ -0.3880929, 39.5206381 ], [ -0.3883941, 39.5206716 ], [ -0.3884234, 39.5206886 ], [ -0.3884194, 39.5208237 ], [ -0.3884117, 39.5209028 ], [ -0.3883045, 39.5209385 ], [ -0.3882283, 39.5209538 ], [ -0.3881772, 39.520984 ], [ -0.3881486, 39.5211306 ], [ -0.3881317, 39.5212119 ], [ -0.3881011, 39.5212628 ], [ -0.3880556, 39.521322 ], [ -0.3880352, 39.5213689 ], [ -0.3880443, 39.5213797 ], [ -0.3881624, 39.5214232 ], [ -0.3881825, 39.5214347 ], [ -0.3881974, 39.52145 ], [ -0.3881986, 39.5214733 ], [ -0.3881473, 39.5216736 ], [ -0.3880862, 39.5219177 ], [ -0.3881088, 39.5220535 ], [ -0.3880983, 39.5221388 ], [ -0.3880533, 39.5222591 ], [ -0.387986, 39.5225521 ], [ -0.3879225, 39.5227468 ], [ -0.387906, 39.5229324 ], [ -0.3879106, 39.5230174 ], [ -0.3878954, 39.5231119 ], [ -0.3878926, 39.5231617 ], [ -0.387901, 39.5232155 ], [ -0.3878981, 39.5232864 ], [ -0.3878864, 39.5233411 ], [ -0.3890916, 39.5236621 ], [ -0.3889779, 39.5239835 ], [ -0.3888764, 39.5241665 ], [ -0.3888464, 39.5242189 ], [ -0.3888011, 39.5242862 ], [ -0.3893709, 39.5243606 ], [ -0.3892448, 39.5255314 ], [ -0.389697, 39.525583 ], [ -0.3897157, 39.5253926 ], [ -0.390016, 39.5254095 ], [ -0.390016, 39.5254199 ], [ -0.3903043, 39.5254305 ], [ -0.3908384, 39.5254481 ], [ -0.3908715, 39.5254582 ], [ -0.390889, 39.5255173 ], [ -0.3919797, 39.5253133 ], [ -0.392201, 39.5256101 ], [ -0.3923821, 39.525851 ], [ -0.3924811, 39.525984 ], [ -0.3927785, 39.5263453 ], [ -0.392825, 39.5263884 ], [ -0.3929654, 39.5265196 ], [ -0.3932357, 39.5267373 ], [ -0.3936811, 39.5271159 ], [ -0.3939025, 39.5273264 ] ] ] } },
{ "type": "Feature", "properties": { "neighborhood": "Borbotó", "admin_level": "10" }, "geometry": { "type": "Polygon", "coordinates": [ [ [ -0.4020929, 39.5154275 ], [ -0.4021199, 39.5154354 ], [ -0.4019308, 39.5159226 ], [ -0.4018293, 39.516217 ], [ -0.4017184, 39.5165315 ], [ -0.4016733, 39.5167203 ], [ -0.4015538, 39.5170201 ], [ -0.4014657, 39.5172266 ], [ -0.4014476, 39.5173103 ], [ -0.4014198, 39.5173819 ], [ -0.4012556, 39.5178328 ], [ -0.4011486, 39.5181467 ], [ -0.4011312, 39.5182291 ], [ -0.4011241, 39.5182452 ], [ -0.4004936, 39.5192935 ], [ -0.4001162, 39.5198978 ], [ -0.3995614, 39.520827 ], [ -0.3994851, 39.5208866 ], [ -0.3990957, 39.5215954 ], [ -0.3990553, 39.521647 ], [ -0.3989555, 39.5217986 ], [ -0.3988877, 39.5219226 ], [ -0.3988722, 39.5219251 ], [ -0.3987646, 39.5218991 ], [ -0.3987364, 39.5220664 ], [ -0.3986899, 39.5221906 ], [ -0.3985916, 39.5224226 ], [ -0.3985007, 39.5225449 ], [ -0.3984475, 39.5226788 ], [ -0.3983999, 39.5227621 ], [ -0.3983842, 39.5228038 ], [ -0.3983801, 39.5228278 ], [ -0.3983356, 39.5230746 ], [ -0.3982495, 39.5233194 ], [ -0.3982666, 39.5233389 ], [ -0.3982893, 39.5233467 ], [ -0.398312, 39.5233488 ], [ -0.3979151, 39.5236909 ], [ -0.3978647, 39.5236757 ], [ -0.3978116, 39.5236839 ], [ -0.3977267, 39.5237058 ], [ -0.3976771, 39.5237003 ], [ -0.3976524, 39.5236812 ], [ -0.3976205, 39.5236157 ], [ -0.3975851, 39.5235802 ], [ -0.3974683, 39.523531 ], [ -0.3973622, 39.5234846 ], [ -0.3972595, 39.5234082 ], [ -0.3971533, 39.5233809 ], [ -0.3969304, 39.5232744 ], [ -0.39681, 39.5232335 ], [ -0.3965556, 39.5231259 ], [ -0.396253, 39.5229991 ], [ -0.3958123, 39.523428 ], [ -0.3955221, 39.5237183 ], [ -0.395683, 39.5238507 ], [ -0.3958062, 39.5239658 ], [ -0.3959758, 39.5241436 ], [ -0.396195, 39.5243646 ], [ -0.396323, 39.524485 ], [ -0.3966514, 39.5247325 ], [ -0.3969345, 39.5249857 ], [ -0.3970116, 39.5250312 ], [ -0.3973011, 39.5251757 ], [ -0.3974784, 39.5253515 ], [ -0.3971858, 39.5256796 ], [ -0.3971482, 39.5257423 ], [ -0.3971067, 39.525803 ], [ -0.3968887, 39.5259834 ], [ -0.3966484, 39.5261636 ], [ -0.396532, 39.5262415 ], [ -0.396418, 39.5263344 ], [ -0.3964007, 39.5263485 ], [ -0.3962085, 39.5265817 ], [ -0.3960026, 39.5268353 ], [ -0.3957831, 39.5270889 ], [ -0.395574, 39.5268908 ], [ -0.3953669, 39.5266961 ], [ -0.3952413, 39.5265816 ], [ -0.3951331, 39.526505 ], [ -0.3948624, 39.5262315 ], [ -0.3943766, 39.5267811 ], [ -0.3943389, 39.5268668 ], [ -0.3943057, 39.5269943 ], [ -0.3942332, 39.5270912 ], [ -0.3941509, 39.527256 ], [ -0.394015, 39.5274382 ], [ -0.3939025, 39.5273264 ], [ -0.3936811, 39.5271159 ], [ -0.3932357, 39.5267373 ], [ -0.3929654, 39.5265196 ], [ -0.392825, 39.5263884 ], [ -0.3927785, 39.5263453 ], [ -0.3924811, 39.525984 ], [ -0.3923821, 39.525851 ], [ -0.392201, 39.5256101 ], [ -0.3919797, 39.5253133 ], [ -0.390889, 39.5255173 ], [ -0.3908715, 39.5254582 ], [ -0.3908384, 39.5254481 ], [ -0.3903043, 39.5254305 ], [ -0.390016, 39.5254199 ], [ -0.390016, 39.5254095 ], [ -0.3897157, 39.5253926 ], [ -0.389697, 39.525583 ], [ -0.3892448, 39.5255314 ], [ -0.3893709, 39.5243606 ], [ -0.3888011, 39.5242862 ], [ -0.3888464, 39.5242189 ], [ -0.3888764, 39.5241665 ], [ -0.3889779, 39.5239835 ], [ -0.3890916, 39.5236621 ], [ -0.3878864, 39.5233411 ], [ -0.3878981, 39.5232864 ], [ -0.387901, 39.5232155 ], [ -0.3878926, 39.5231617 ], [ -0.3878954, 39.5231119 ], [ -0.3879106, 39.5230174 ], [ -0.387906, 39.5229324 ], [ -0.3879225, 39.5227468 ], [ -0.387986, 39.5225521 ], [ -0.3880533, 39.5222591 ], [ -0.3880983, 39.5221388 ], [ -0.3881088, 39.5220535 ], [ -0.3880862, 39.5219177 ], [ -0.3881473, 39.5216736 ], [ -0.3881986, 39.5214733 ], [ -0.3881974, 39.52145 ], [ -0.3881825, 39.5214347 ], [ -0.3881624, 39.5214232 ], [ -0.3880443, 39.5213797 ], [ -0.3880352, 39.5213689 ], [ -0.3880556, 39.521322 ], [ -0.3881011, 39.5212628 ], [ -0.3881317, 39.5212119 ], [ -0.3881486, 39.5211306 ], [ -0.3881772, 39.520984 ], [ -0.3882283, 39.5209538 ], [ -0.3883045, 39.5209385 ], [ -0.3884117, 39.5209028 ], [ -0.3884194, 39.5208237 ], [ -0.3884234, 39.5206886 ], [ -0.3883941, 39.5206716 ], [ -0.3880929, 39.5206381 ], [ -0.3879115, 39.5205828 ], [ -0.3879144, 39.5204296 ], [ -0.3878945, 39.5204168 ], [ -0.3878915, 39.5200608 ], [ -0.3878803, 39.5197426 ], [ -0.3878743, 39.519664 ], [ -0.3878511, 39.519652 ], [ -0.3877333, 39.5196317 ], [ -0.3867691, 39.5196256 ], [ -0.3867607, 39.5190224 ], [ -0.3867599, 39.518878 ], [ -0.3867598, 39.5188429 ], [ -0.3867586, 39.5186225 ], [ -0.3867568, 39.5182755 ], [ -0.3867539, 39.5177325 ], [ -0.3867495, 39.5174848 ], [ -0.3867676, 39.5172383 ], [ -0.3868312, 39.5166251 ], [ -0.3868611, 39.5163105 ], [ -0.3869074, 39.5157542 ], [ -0.3869259, 39.5156029 ], [ -0.3869395, 39.5153523 ], [ -0.3870106, 39.5148015 ], [ -0.3868389, 39.5134772 ], [ -0.3867811, 39.5130949 ], [ -0.3864727, 39.512436 ], [ -0.3871498, 39.5122928 ], [ -0.3873162, 39.5122858 ], [ -0.3881375, 39.5122515 ], [ -0.3883587, 39.5122101 ], [ -0.388536, 39.5121933 ], [ -0.3887908, 39.5121719 ], [ -0.3888767, 39.5125223 ], [ -0.390355, 39.5126639 ], [ -0.3904285, 39.5126706 ], [ -0.3906494, 39.5128281 ], [ -0.3908761, 39.5129426 ], [ -0.3908993, 39.5129543 ], [ -0.3911666, 39.5130347 ], [ -0.3915496, 39.5131066 ], [ -0.3918494, 39.5131797 ], [ -0.3919502, 39.5132063 ], [ -0.3922016, 39.5132861 ], [ -0.3924428, 39.5133376 ], [ -0.3928151, 39.5133824 ], [ -0.3929355, 39.5133912 ], [ -0.3930187, 39.5134275 ], [ -0.3930776, 39.5134549 ], [ -0.3932028, 39.5135507 ], [ -0.3934607, 39.5138174 ], [ -0.3936047, 39.5139325 ], [ -0.3937515, 39.5140376 ], [ -0.3938794, 39.5141083 ], [ -0.3939482, 39.5141271 ], [ -0.3942026, 39.5142455 ], [ -0.3943479, 39.5142658 ], [ -0.3947225, 39.5143032 ], [ -0.3950164, 39.5143184 ], [ -0.395182, 39.5142997 ], [ -0.3952282, 39.5143196 ], [ -0.3952352, 39.514519 ], [ -0.395282, 39.5145465 ], [ -0.3953564, 39.5145267 ], [ -0.3962527, 39.5144747 ], [ -0.3976164, 39.5144132 ], [ -0.3976611, 39.5144019 ], [ -0.3976926, 39.5143803 ], [ -0.3977337, 39.5143332 ], [ -0.3977417, 39.5142748 ], [ -0.3977441, 39.5140527 ], [ -0.3977702, 39.51402 ], [ -0.3978148, 39.514001 ], [ -0.3983248, 39.514002 ], [ -0.3986313, 39.5139765 ], [ -0.3988373, 39.5139462 ], [ -0.3989985, 39.513898 ], [ -0.3990454, 39.5139166 ], [ -0.3990866, 39.5139231 ], [ -0.3997357, 39.5142848 ], [ -0.3997948, 39.5143389 ], [ -0.400043, 39.5144464 ], [ -0.4004219, 39.5146291 ], [ -0.4004756, 39.5146688 ], [ -0.4010117, 39.5149377 ], [ -0.4012828, 39.5151046 ], [ -0.4018986, 39.5153703 ], [ -0.4020929, 39.5154275 ] ] ] } },
{ "type": "Feature", "properties": { "neighborhood": "Mauella", "admin_level": "10" }, "geometry": { "type": "Polygon", "coordinates": [ [ [ -0.3425105, 39.5496294 ], [ -0.3424259, 39.5497963 ], [ -0.3423137, 39.5499941 ], [ -0.3422232, 39.5499623 ], [ -0.3422202, 39.5499675 ], [ -0.3417252, 39.5497588 ], [ -0.3409063, 39.5493712 ], [ -0.3401204, 39.5490269 ], [ -0.3396164, 39.5488151 ], [ -0.3395065, 39.5487689 ], [ -0.339131, 39.5492206 ], [ -0.3391077, 39.5492153 ], [ -0.3390081, 39.5492937 ], [ -0.3388274, 39.5494041 ], [ -0.3386997, 39.5494494 ], [ -0.3386116, 39.5494567 ], [ -0.3385564, 39.549458 ], [ -0.3385203, 39.5494874 ], [ -0.3381027, 39.5502734 ], [ -0.3380343, 39.5506981 ], [ -0.3380116, 39.5508112 ], [ -0.3379817, 39.5508899 ], [ -0.3379353, 39.5509684 ], [ -0.337802, 39.5511444 ], [ -0.3376916, 39.5513268 ], [ -0.3376378, 39.5513978 ], [ -0.3376023, 39.5514609 ], [ -0.3375863, 39.5514772 ], [ -0.33732, 39.5513591 ], [ -0.336738, 39.551165 ], [ -0.3361613, 39.5511195 ], [ -0.3357288, 39.5511092 ], [ -0.335101, 39.5513035 ], [ -0.3346962, 39.5518348 ], [ -0.3345224, 39.5519526 ], [ -0.334281, 39.5520229 ], [ -0.3320357, 39.5518542 ], [ -0.3329089, 39.5506368 ], [ -0.3333414, 39.5507893 ], [ -0.3337809, 39.5500971 ], [ -0.3336856, 39.5500556 ], [ -0.3341735, 39.5492841 ], [ -0.3339433, 39.5492105 ], [ -0.3334986, 39.5490581 ], [ -0.333079, 39.5489144 ], [ -0.3321645, 39.5485942 ], [ -0.3320848, 39.5485663 ], [ -0.3317721, 39.5484648 ], [ -0.33169, 39.5484381 ], [ -0.331632, 39.5484505 ], [ -0.3316493, 39.5483684 ], [ -0.3318426, 39.5481593 ], [ -0.3321286, 39.5478295 ], [ -0.3323207, 39.5475658 ], [ -0.3321753, 39.5475357 ], [ -0.3313959, 39.5472057 ], [ -0.3310681, 39.5470899 ], [ -0.3307326, 39.5469713 ], [ -0.3303074, 39.546821 ], [ -0.3302912, 39.5468153 ], [ -0.329526, 39.5465423 ], [ -0.329526, 39.546093 ], [ -0.3295258, 39.5459313 ], [ -0.3295341, 39.5453718 ], [ -0.3295347, 39.5452625 ], [ -0.3295324, 39.5452081 ], [ -0.3295358, 39.545137 ], [ -0.3295367, 39.5451129 ], [ -0.3295372, 39.5447378 ], [ -0.3295392, 39.5446426 ], [ -0.3298394, 39.5446993 ], [ -0.3304175, 39.5448152 ], [ -0.3306129, 39.5448567 ], [ -0.3309297, 39.5449516 ], [ -0.3310823, 39.5449879 ], [ -0.3312984, 39.5450268 ], [ -0.3316492, 39.5451072 ], [ -0.3318231, 39.5452984 ], [ -0.332008, 39.5454502 ], [ -0.3321205, 39.5455425 ], [ -0.3323479, 39.5453506 ], [ -0.3325294, 39.5451917 ], [ -0.3325413, 39.5451813 ], [ -0.3326305, 39.5451032 ], [ -0.3328018, 39.5448674 ], [ -0.3330551, 39.5445463 ], [ -0.3332217, 39.5443934 ], [ -0.3333983, 39.5441864 ], [ -0.3333963, 39.5441535 ], [ -0.3333385, 39.5441226 ], [ -0.3334196, 39.5440268 ], [ -0.3335658, 39.5438258 ], [ -0.3336608, 39.5437087 ], [ -0.3337196, 39.5436455 ], [ -0.3337626, 39.5435821 ], [ -0.3337693, 39.543539 ], [ -0.3337581, 39.5434882 ], [ -0.3337664, 39.5434435 ], [ -0.3338025, 39.5433781 ], [ -0.3339055, 39.5432196 ], [ -0.3341799, 39.5427832 ], [ -0.3342841, 39.5425906 ], [ -0.3342712, 39.5425858 ], [ -0.3331769, 39.5421828 ], [ -0.3331092, 39.5421579 ], [ -0.332839, 39.5420584 ], [ -0.332827, 39.542054 ], [ -0.333299, 39.5415224 ], [ -0.3333034, 39.5415174 ], [ -0.3328645, 39.5412793 ], [ -0.3322682, 39.5409559 ], [ -0.332359, 39.5409074 ], [ -0.3325529, 39.5407801 ], [ -0.3328007, 39.5405357 ], [ -0.3330415, 39.5402571 ], [ -0.3331514, 39.5400584 ], [ -0.3334927, 39.5395729 ], [ -0.333641, 39.539362 ], [ -0.3335999, 39.5393394 ], [ -0.333277, 39.5391617 ], [ -0.3328432, 39.5389229 ], [ -0.3325641, 39.5387693 ], [ -0.3321626, 39.5385483 ], [ -0.3320486, 39.5384651 ], [ -0.3313955, 39.5381187 ], [ -0.3313753, 39.538108 ], [ -0.3313458, 39.5381054 ], [ -0.3306643, 39.5378582 ], [ -0.3305603, 39.5378365 ], [ -0.3304809, 39.5374367 ], [ -0.3303875, 39.5369037 ], [ -0.3303969, 39.5368172 ], [ -0.3305103, 39.5366397 ], [ -0.3307484, 39.5363234 ], [ -0.3309673, 39.5364395 ], [ -0.3320314, 39.5370045 ], [ -0.3322754, 39.5371109 ], [ -0.3333251, 39.5374842 ], [ -0.3334592, 39.5375382 ], [ -0.3334796, 39.5375016 ], [ -0.3334915, 39.5374327 ], [ -0.333497, 39.5372689 ], [ -0.3335042, 39.5370556 ], [ -0.3334798, 39.5368863 ], [ -0.3334819, 39.5368472 ], [ -0.3334939, 39.5366212 ], [ -0.3335052, 39.5365221 ], [ -0.3335236, 39.5363605 ], [ -0.3335529, 39.536104 ], [ -0.3336092, 39.535775 ], [ -0.3336494, 39.5354834 ], [ -0.3336816, 39.5354379 ], [ -0.3337406, 39.5354172 ], [ -0.3344868, 39.5356393 ], [ -0.3345337, 39.5356532 ], [ -0.3347974, 39.5357317 ], [ -0.3352856, 39.5358889 ], [ -0.3352991, 39.5358957 ], [ -0.3356772, 39.5360875 ], [ -0.3358649, 39.5362116 ], [ -0.3369251, 39.5368279 ], [ -0.3369365, 39.5368345 ], [ -0.3369551, 39.5368112 ], [ -0.3379025, 39.5375281 ], [ -0.3379295, 39.5375485 ], [ -0.338661, 39.538102 ], [ -0.3393198, 39.5376235 ], [ -0.3395979, 39.5374111 ], [ -0.3397464, 39.5373313 ], [ -0.3397607, 39.5373242 ], [ -0.3397824, 39.5373305 ], [ -0.3405118, 39.5375435 ], [ -0.3404933, 39.537563 ], [ -0.3400368, 39.5380441 ], [ -0.3400316, 39.5380496 ], [ -0.3396968, 39.5384024 ], [ -0.3394872, 39.5386233 ], [ -0.3392961, 39.538848 ], [ -0.3392726, 39.5388756 ], [ -0.3393836, 39.5389545 ], [ -0.3396795, 39.5391649 ], [ -0.3401194, 39.5394338 ], [ -0.3402921, 39.5392267 ], [ -0.3405914, 39.538868 ], [ -0.3406165, 39.5388784 ], [ -0.3410713, 39.5390664 ], [ -0.3410323, 39.5391057 ], [ -0.3407486, 39.5393917 ], [ -0.3416466, 39.5397259 ], [ -0.341522, 39.5399863 ], [ -0.3409666, 39.5411471 ], [ -0.3409594, 39.54117 ], [ -0.3409029, 39.5413491 ], [ -0.3406516, 39.5419193 ], [ -0.3395426, 39.5416961 ], [ -0.3385362, 39.5414605 ], [ -0.3381321, 39.5413574 ], [ -0.338018, 39.5413283 ], [ -0.337729, 39.5412477 ], [ -0.3375137, 39.5411876 ], [ -0.3372748, 39.5411251 ], [ -0.3372477, 39.5411815 ], [ -0.336939, 39.541824 ], [ -0.3369412, 39.54186 ], [ -0.3367914, 39.5420637 ], [ -0.3375137, 39.5422471 ], [ -0.3373073, 39.5428498 ], [ -0.337223, 39.5430961 ], [ -0.3371911, 39.5431953 ], [ -0.3370772, 39.5435495 ], [ -0.3374647, 39.5436423 ], [ -0.3375029, 39.5440657 ], [ -0.3375234, 39.5441223 ], [ -0.3377436, 39.5444528 ], [ -0.3378907, 39.5446889 ], [ -0.3380049, 39.5448716 ], [ -0.338049, 39.5449803 ], [ -0.3380695, 39.5450799 ], [ -0.3380607, 39.5451614 ], [ -0.3380372, 39.5452361 ], [ -0.3379991, 39.5452791 ], [ -0.337911, 39.5453561 ], [ -0.337731, 39.5455621 ], [ -0.3377054, 39.5455984 ], [ -0.3376937, 39.5456436 ], [ -0.337682, 39.5457161 ], [ -0.3376989, 39.5457157 ], [ -0.3383928, 39.5456983 ], [ -0.3384042, 39.545698 ], [ -0.3385377, 39.5457406 ], [ -0.3390186, 39.5454206 ], [ -0.3390732, 39.5454066 ], [ -0.3395935, 39.5456423 ], [ -0.3397209, 39.5456844 ], [ -0.3398664, 39.5457209 ], [ -0.3400047, 39.5457517 ], [ -0.340092, 39.545777 ], [ -0.3401721, 39.5458107 ], [ -0.3402885, 39.5458752 ], [ -0.3405084, 39.5460296 ], [ -0.3406095, 39.5461188 ], [ -0.3406372, 39.5461413 ], [ -0.3408035, 39.5462323 ], [ -0.3410207, 39.5462985 ], [ -0.3411951, 39.5463481 ], [ -0.3414391, 39.5464494 ], [ -0.3416698, 39.5465818 ], [ -0.341938, 39.5467411 ], [ -0.3423162, 39.5469231 ], [ -0.3430351, 39.547225 ], [ -0.3436949, 39.5475187 ], [ -0.3434293, 39.5480245 ], [ -0.3433742, 39.5481295 ], [ -0.3430555, 39.5486696 ], [ -0.3429256, 39.5488962 ], [ -0.3426355, 39.5494024 ], [ -0.3425105, 39.5496294 ] ] ] } },
{ "type": "Feature", "properties": { "neighborhood": "les Cases de Bàrcena", "admin_level": "10" }, "geometry": { "type": "Polygon", "coordinates": [ [ [ -0.3664625, 39.5235257 ], [ -0.3663951, 39.5237084 ], [ -0.3661949, 39.5242514 ], [ -0.3658269, 39.525071 ], [ -0.3657532, 39.5250952 ], [ -0.3657266, 39.525154 ], [ -0.3653938, 39.5259641 ], [ -0.3652884, 39.5262207 ], [ -0.3653484, 39.526241 ], [ -0.3655684, 39.5263153 ], [ -0.3657861, 39.5263889 ], [ -0.366471, 39.5266203 ], [ -0.3663029, 39.5268742 ], [ -0.3663424, 39.5269186 ], [ -0.366382, 39.5269376 ], [ -0.3666706, 39.5270759 ], [ -0.3668431, 39.5271585 ], [ -0.3669264, 39.5271984 ], [ -0.3667893, 39.5274038 ], [ -0.3665125, 39.5278187 ], [ -0.3665002, 39.5278371 ], [ -0.366486, 39.5278586 ], [ -0.3664087, 39.527976 ], [ -0.3664024, 39.5279856 ], [ -0.3663579, 39.5280531 ], [ -0.3661853, 39.528315 ], [ -0.3661699, 39.5283384 ], [ -0.3659725, 39.528638 ], [ -0.3658681, 39.5287964 ], [ -0.3658589, 39.5288103 ], [ -0.3657838, 39.5289243 ], [ -0.3657399, 39.528991 ], [ -0.3645563, 39.528444 ], [ -0.3645213, 39.5284278 ], [ -0.364323, 39.5286859 ], [ -0.3642852, 39.5287233 ], [ -0.3640285, 39.5286194 ], [ -0.3639815, 39.5286004 ], [ -0.3637907, 39.5285277 ], [ -0.3634163, 39.5284262 ], [ -0.3632554, 39.5283309 ], [ -0.3631271, 39.528281 ], [ -0.3630415, 39.5282381 ], [ -0.3629973, 39.5282179 ], [ -0.3629653, 39.528184 ], [ -0.3629003, 39.5281672 ], [ -0.3619515, 39.5279221 ], [ -0.3615057, 39.5278069 ], [ -0.3612606, 39.5280054 ], [ -0.3611966, 39.5280572 ], [ -0.3611857, 39.528066 ], [ -0.3611374, 39.528116 ], [ -0.3611165, 39.5281376 ], [ -0.3614518, 39.528339 ], [ -0.3614365, 39.5283743 ], [ -0.3614232, 39.528405 ], [ -0.3613612, 39.5285327 ], [ -0.3613887, 39.5285446 ], [ -0.3619203, 39.5287729 ], [ -0.3622251, 39.529203 ], [ -0.3624105, 39.5292808 ], [ -0.362348, 39.5294056 ], [ -0.3623025, 39.5295331 ], [ -0.3622714, 39.5296203 ], [ -0.3621258, 39.5300655 ], [ -0.3620933, 39.5300844 ], [ -0.3619868, 39.5302973 ], [ -0.3620054, 39.5303042 ], [ -0.3623061, 39.5304163 ], [ -0.3620769, 39.531148 ], [ -0.3620399, 39.5312304 ], [ -0.3618383, 39.5315922 ], [ -0.3617845, 39.5316449 ], [ -0.3616875, 39.5318784 ], [ -0.3616459, 39.5321288 ], [ -0.3609526, 39.5318293 ], [ -0.3608363, 39.53182 ], [ -0.3602033, 39.5315818 ], [ -0.3599061, 39.5314327 ], [ -0.3598653, 39.5314122 ], [ -0.3598258, 39.5313997 ], [ -0.3592913, 39.5312301 ], [ -0.3588932, 39.531098 ], [ -0.3588385, 39.5310798 ], [ -0.3581751, 39.5308596 ], [ -0.3572825, 39.5305633 ], [ -0.3572436, 39.5305504 ], [ -0.357026, 39.5304637 ], [ -0.3563859, 39.5302088 ], [ -0.3561668, 39.5301215 ], [ -0.3561256, 39.5301051 ], [ -0.3561034, 39.5300977 ], [ -0.3549741, 39.5297227 ], [ -0.3549546, 39.5297167 ], [ -0.3542767, 39.5295096 ], [ -0.3541941, 39.5294843 ], [ -0.3540035, 39.529423 ], [ -0.353525, 39.5292799 ], [ -0.3534062, 39.5292479 ], [ -0.3534545, 39.5290616 ], [ -0.3535494, 39.5288206 ], [ -0.3535767, 39.5287405 ], [ -0.3536014, 39.5286754 ], [ -0.353625, 39.5286206 ], [ -0.3536442, 39.5285725 ], [ -0.3536634, 39.5285243 ], [ -0.353693, 39.5284523 ], [ -0.3537243, 39.5283761 ], [ -0.3537304, 39.5283612 ], [ -0.353735, 39.52835 ], [ -0.3537629, 39.5282996 ], [ -0.3538816, 39.5280858 ], [ -0.3543249, 39.5272696 ], [ -0.3543645, 39.5271967 ], [ -0.3546351, 39.5267058 ], [ -0.3547006, 39.5265898 ], [ -0.3547609, 39.5264825 ], [ -0.3548041, 39.526406 ], [ -0.35512, 39.5258566 ], [ -0.3552598, 39.5256135 ], [ -0.3554428, 39.5252702 ], [ -0.3557681, 39.5247107 ], [ -0.3559598, 39.5243514 ], [ -0.355064, 39.5240185 ], [ -0.3548279, 39.5239358 ], [ -0.354522, 39.5238165 ], [ -0.354352, 39.5237243 ], [ -0.3541796, 39.5236307 ], [ -0.3536735, 39.5233687 ], [ -0.3536104, 39.5233503 ], [ -0.3535461, 39.5233447 ], [ -0.3534649, 39.5233673 ], [ -0.3533924, 39.5234194 ], [ -0.3533177, 39.5234589 ], [ -0.3532551, 39.5234889 ], [ -0.3531495, 39.5235032 ], [ -0.3520224, 39.5231582 ], [ -0.3519, 39.5231109 ], [ -0.3511929, 39.5228635 ], [ -0.3513125, 39.5226981 ], [ -0.3514788, 39.5224988 ], [ -0.3516159, 39.5223791 ], [ -0.3521293, 39.5219541 ], [ -0.3523178, 39.521798 ], [ -0.3526105, 39.5215727 ], [ -0.3529476, 39.5213353 ], [ -0.35302, 39.5212921 ], [ -0.3532036, 39.5211823 ], [ -0.3534543, 39.5210393 ], [ -0.3535518, 39.520971 ], [ -0.3536101, 39.5209108 ], [ -0.3538109, 39.5207319 ], [ -0.3539114, 39.5206876 ], [ -0.3541438, 39.5207331 ], [ -0.3542136, 39.5206997 ], [ -0.3543626, 39.5205569 ], [ -0.3544711, 39.5205114 ], [ -0.3544898, 39.5204779 ], [ -0.3544941, 39.5204702 ], [ -0.3548606, 39.5198127 ], [ -0.3552377, 39.5199694 ], [ -0.355241, 39.5199643 ], [ -0.3553719, 39.5197608 ], [ -0.355375, 39.5197565 ], [ -0.3556359, 39.5193912 ], [ -0.356684, 39.5198365 ], [ -0.3570083, 39.5195318 ], [ -0.3573814, 39.5191357 ], [ -0.3574296, 39.519088 ], [ -0.3577247, 39.5187963 ], [ -0.3581217, 39.5184818 ], [ -0.3584902, 39.5182275 ], [ -0.3586806, 39.5180654 ], [ -0.3588487, 39.5179066 ], [ -0.3590488, 39.5177412 ], [ -0.3592371, 39.5176433 ], [ -0.3594879, 39.5175079 ], [ -0.3596231, 39.5174112 ], [ -0.3597258, 39.5173193 ], [ -0.3597828, 39.5172683 ], [ -0.3598582, 39.5171444 ], [ -0.3599201, 39.5169929 ], [ -0.3599888, 39.5168336 ], [ -0.3600666, 39.5167029 ], [ -0.3601448, 39.5166162 ], [ -0.3601995, 39.516505 ], [ -0.3602292, 39.5163388 ], [ -0.3602905, 39.5163597 ], [ -0.3610024, 39.5166018 ], [ -0.3613136, 39.5167077 ], [ -0.3614663, 39.5164484 ], [ -0.3615605, 39.5164884 ], [ -0.3615693, 39.5164953 ], [ -0.3616242, 39.5165379 ], [ -0.3616699, 39.516646 ], [ -0.3616744, 39.5166567 ], [ -0.361684, 39.5167051 ], [ -0.3616906, 39.5167385 ], [ -0.3617105, 39.5168395 ], [ -0.3617167, 39.5168708 ], [ -0.3617877, 39.5172301 ], [ -0.3617735, 39.5173284 ], [ -0.361823, 39.5177598 ], [ -0.3618426, 39.5178391 ], [ -0.3618938, 39.5180464 ], [ -0.3619349, 39.5182388 ], [ -0.3619469, 39.5182949 ], [ -0.3619559, 39.5184195 ], [ -0.3619589, 39.5184603 ], [ -0.3619722, 39.5186807 ], [ -0.3619929, 39.518931 ], [ -0.3620212, 39.5190675 ], [ -0.3620251, 39.51908 ], [ -0.3621203, 39.5193815 ], [ -0.3621239, 39.5196245 ], [ -0.362133, 39.5196835 ], [ -0.362177, 39.5199685 ], [ -0.362131, 39.5200313 ], [ -0.3619398, 39.5202333 ], [ -0.3618887, 39.5203589 ], [ -0.3618843, 39.5203697 ], [ -0.3619107, 39.5203912 ], [ -0.3621087, 39.5205522 ], [ -0.3621475, 39.5205837 ], [ -0.3623363, 39.5207373 ], [ -0.362539, 39.5209021 ], [ -0.3625921, 39.5212106 ], [ -0.3627231, 39.5213389 ], [ -0.3627832, 39.5215682 ], [ -0.3630972, 39.5220686 ], [ -0.3633862, 39.5221687 ], [ -0.3634822, 39.5222283 ], [ -0.364032, 39.5225807 ], [ -0.3642421, 39.522695 ], [ -0.3642611, 39.5227026 ], [ -0.3648968, 39.522957 ], [ -0.3653176, 39.5230763 ], [ -0.3653782, 39.5230935 ], [ -0.3656018, 39.5231879 ], [ -0.3657828, 39.5232643 ], [ -0.3660631, 39.5233827 ], [ -0.3663111, 39.5234874 ], [ -0.3664407, 39.5235202 ], [ -0.3664625, 39.5235257 ] ] ] } },
{ "type": "Feature", "properties": { "neighborhood": "Carpesa", "admin_level": "10" }, "geometry": { "type": "Polygon", "coordinates": [ [ [ -0.3867607, 39.5190224 ], [ -0.3862274, 39.5187246 ], [ -0.3832027, 39.5170759 ], [ -0.3831487, 39.5171412 ], [ -0.3831249, 39.5171701 ], [ -0.3830315, 39.5172834 ], [ -0.3829653, 39.5173716 ], [ -0.3827208, 39.5177298 ], [ -0.382447, 39.5181379 ], [ -0.3823373, 39.518326 ], [ -0.3821794, 39.5185799 ], [ -0.382133, 39.5186639 ], [ -0.3821059, 39.5186868 ], [ -0.382067, 39.5187006 ], [ -0.3820758, 39.5187535 ], [ -0.3820652, 39.5187894 ], [ -0.3820195, 39.518853 ], [ -0.3818748, 39.519039 ], [ -0.3817157, 39.5192581 ], [ -0.3815667, 39.5194731 ], [ -0.3814489, 39.5196401 ], [ -0.3812223, 39.5195957 ], [ -0.3808254, 39.5195315 ], [ -0.3805813, 39.5194736 ], [ -0.3804732, 39.5194537 ], [ -0.3804166, 39.5194544 ], [ -0.3802774, 39.5195953 ], [ -0.3799929, 39.5197888 ], [ -0.3799631, 39.5198756 ], [ -0.3799432, 39.5199355 ], [ -0.3799034, 39.5199641 ], [ -0.3797867, 39.5200199 ], [ -0.3793941, 39.5203028 ], [ -0.3792648, 39.520424 ], [ -0.3789185, 39.5205797 ], [ -0.3788882, 39.5205863 ], [ -0.3786342, 39.5206628 ], [ -0.3782738, 39.520786 ], [ -0.3782967, 39.5210504 ], [ -0.3783444, 39.5214107 ], [ -0.3783784, 39.5220529 ], [ -0.3784005, 39.5224092 ], [ -0.3784121, 39.5225621 ], [ -0.3784207, 39.522706 ], [ -0.378444, 39.5231409 ], [ -0.3786099, 39.5231854 ], [ -0.3787708, 39.5244268 ], [ -0.3787681, 39.5244395 ], [ -0.3787237, 39.5244873 ], [ -0.3787145, 39.5249619 ], [ -0.3786967, 39.5251318 ], [ -0.3786778, 39.5256687 ], [ -0.3786897, 39.525727 ], [ -0.378729, 39.5257363 ], [ -0.3787764, 39.5257475 ], [ -0.3788485, 39.5257547 ], [ -0.3790164, 39.5257682 ], [ -0.3790259, 39.5259547 ], [ -0.3786891, 39.5259375 ], [ -0.378695, 39.5262838 ], [ -0.3786976, 39.5268206 ], [ -0.3780116, 39.5268246 ], [ -0.3777212, 39.526807 ], [ -0.3774754, 39.5268065 ], [ -0.376742, 39.526807 ], [ -0.3767311, 39.5269534 ], [ -0.3767016, 39.5272991 ], [ -0.3766983, 39.5273623 ], [ -0.3764375, 39.5282352 ], [ -0.3763986, 39.5282552 ], [ -0.3752371, 39.5281812 ], [ -0.3750797, 39.5281621 ], [ -0.3745318, 39.5280887 ], [ -0.3744572, 39.5280355 ], [ -0.3744101, 39.5279681 ], [ -0.3743701, 39.5278543 ], [ -0.3743171, 39.5277526 ], [ -0.3742439, 39.5276981 ], [ -0.3741048, 39.5276385 ], [ -0.3733249, 39.5274728 ], [ -0.3721909, 39.5271641 ], [ -0.3721341, 39.5271486 ], [ -0.37205, 39.5270837 ], [ -0.370796, 39.5267197 ], [ -0.3707904, 39.5266291 ], [ -0.3707728, 39.5265525 ], [ -0.3707653, 39.5264852 ], [ -0.370782, 39.5263808 ], [ -0.370811, 39.5263022 ], [ -0.3708675, 39.5261924 ], [ -0.3709245, 39.526211 ], [ -0.372008, 39.526565 ], [ -0.3720325, 39.5265706 ], [ -0.3720467, 39.5265738 ], [ -0.3723594, 39.5266452 ], [ -0.3726538, 39.5267124 ], [ -0.3732273, 39.5268433 ], [ -0.3733029, 39.5268605 ], [ -0.3733006, 39.5268306 ], [ -0.3735243, 39.5267938 ], [ -0.3739719, 39.5267203 ], [ -0.3737115, 39.525513 ], [ -0.3736905, 39.5254158 ], [ -0.3736213, 39.5250408 ], [ -0.3735343, 39.5247387 ], [ -0.3734134, 39.5244514 ], [ -0.3730748, 39.5237799 ], [ -0.3729055, 39.5234517 ], [ -0.372775, 39.5231308 ], [ -0.3726347, 39.5227242 ], [ -0.372538, 39.5223959 ], [ -0.3722333, 39.5207918 ], [ -0.371919, 39.5190831 ], [ -0.3718029, 39.5186914 ], [ -0.3716626, 39.5183109 ], [ -0.3714789, 39.5179452 ], [ -0.3711258, 39.5173707 ], [ -0.3698152, 39.5153784 ], [ -0.3693945, 39.5146994 ], [ -0.3691865, 39.5144158 ], [ -0.368935, 39.5141285 ], [ -0.3686013, 39.5138226 ], [ -0.3683111, 39.5136025 ], [ -0.3678469, 39.5133226 ], [ -0.3666089, 39.5126385 ], [ -0.3668491, 39.5123903 ], [ -0.3670814, 39.5121364 ], [ -0.3671262, 39.5120911 ], [ -0.3672239, 39.5119727 ], [ -0.3672996, 39.5118635 ], [ -0.3674385, 39.5116023 ], [ -0.3675436, 39.5114806 ], [ -0.3676295, 39.5114123 ], [ -0.3677711, 39.5113643 ], [ -0.3680554, 39.5112878 ], [ -0.3681466, 39.5112485 ], [ -0.3684765, 39.5110829 ], [ -0.3686177, 39.5110276 ], [ -0.3687435, 39.5109701 ], [ -0.3688275, 39.5109421 ], [ -0.3688832, 39.5109247 ], [ -0.368907, 39.5109105 ], [ -0.3689143, 39.5108932 ], [ -0.3689453, 39.5108404 ], [ -0.369066, 39.5106723 ], [ -0.3691736, 39.5105801 ], [ -0.3691939, 39.5105673 ], [ -0.3692732, 39.5105162 ], [ -0.3694267, 39.5104621 ], [ -0.3695376, 39.510414 ], [ -0.3696295, 39.5103718 ], [ -0.3697514, 39.5102827 ], [ -0.3698837, 39.5101967 ], [ -0.3700177, 39.5101506 ], [ -0.3701556, 39.5101289 ], [ -0.3704191, 39.5101165 ], [ -0.3706086, 39.5101083 ], [ -0.3707323, 39.5100856 ], [ -0.3707991, 39.5100715 ], [ -0.3709391, 39.5100424 ], [ -0.3716224, 39.5098951 ], [ -0.3719017, 39.5098351 ], [ -0.3720135, 39.5097839 ], [ -0.3720927, 39.5097192 ], [ -0.3721164, 39.509697 ], [ -0.3721767, 39.5096401 ], [ -0.37222, 39.5095803 ], [ -0.3722569, 39.5095169 ], [ -0.3722866, 39.5094576 ], [ -0.3723109, 39.509404 ], [ -0.3723865, 39.5092309 ], [ -0.372463, 39.5090639 ], [ -0.3724942, 39.5089932 ], [ -0.3726292, 39.5086906 ], [ -0.3726891, 39.5085455 ], [ -0.3726983, 39.5085232 ], [ -0.3727559, 39.5082819 ], [ -0.3727988, 39.5080428 ], [ -0.372807, 39.5079269 ], [ -0.3728319, 39.5078577 ], [ -0.3729436, 39.5076824 ], [ -0.372974, 39.5076012 ], [ -0.3730088, 39.5074761 ], [ -0.3730523, 39.5074106 ], [ -0.3731033, 39.5073407 ], [ -0.3731216, 39.507298 ], [ -0.373125, 39.5072667 ], [ -0.3731138, 39.5072355 ], [ -0.3730831, 39.5071764 ], [ -0.3728995, 39.5069276 ], [ -0.3728485, 39.5068469 ], [ -0.3728297, 39.5067993 ], [ -0.3728029, 39.506702 ], [ -0.3727841, 39.5065933 ], [ -0.3727873, 39.5065116 ], [ -0.3727907, 39.5064875 ], [ -0.3728094, 39.5064674 ], [ -0.3728359, 39.506456 ], [ -0.3729091, 39.5064494 ], [ -0.3729612, 39.5064371 ], [ -0.3729862, 39.506429 ], [ -0.3730269, 39.5064012 ], [ -0.3730628, 39.5063596 ], [ -0.3731273, 39.5062646 ], [ -0.3731968, 39.5061869 ], [ -0.3732676, 39.5061003 ], [ -0.3732784, 39.5060844 ], [ -0.3732832, 39.5060656 ], [ -0.3732813, 39.5060414 ], [ -0.3732722, 39.5060182 ], [ -0.3732091, 39.5059092 ], [ -0.3731894, 39.5058646 ], [ -0.3731769, 39.5058131 ], [ -0.3731737, 39.5057062 ], [ -0.3731602, 39.5056801 ], [ -0.3731512, 39.5056605 ], [ -0.3730746, 39.50557 ], [ -0.3730218, 39.5055091 ], [ -0.3729918, 39.5054745 ], [ -0.3729853, 39.5054418 ], [ -0.37301, 39.5054256 ], [ -0.3730416, 39.505417 ], [ -0.3731094, 39.5054116 ], [ -0.3732391, 39.5053892 ], [ -0.3733072, 39.5053618 ], [ -0.3734123, 39.5053055 ], [ -0.3734928, 39.5052724 ], [ -0.3736001, 39.50526 ], [ -0.3736869, 39.5052582 ], [ -0.3737707, 39.505236 ], [ -0.3738465, 39.5051992 ], [ -0.3738924, 39.5051751 ], [ -0.3740051, 39.50514 ], [ -0.3742197, 39.5051048 ], [ -0.3743586, 39.5050589 ], [ -0.3745104, 39.5049965 ], [ -0.3746483, 39.5049451 ], [ -0.3747529, 39.504881 ], [ -0.3748473, 39.504844 ], [ -0.3749755, 39.5048106 ], [ -0.3750613, 39.5047796 ], [ -0.3752354, 39.5046956 ], [ -0.375343, 39.5046386 ], [ -0.3754574, 39.5045832 ], [ -0.3754926, 39.5045765 ], [ -0.3756128, 39.5045919 ], [ -0.3756725, 39.504601 ], [ -0.3757107, 39.5045999 ], [ -0.3757376, 39.5045901 ], [ -0.3757596, 39.5045767 ], [ -0.3757878, 39.5045528 ], [ -0.3764338, 39.5048447 ], [ -0.3768583, 39.5046624 ], [ -0.3771254, 39.5045703 ], [ -0.3772043, 39.5045516 ], [ -0.3781995, 39.5043185 ], [ -0.3783989, 39.5042508 ], [ -0.3784323, 39.5042336 ], [ -0.3784648, 39.5041911 ], [ -0.3784898, 39.5041475 ], [ -0.3785958, 39.5039025 ], [ -0.3789673, 39.5035756 ], [ -0.3793675, 39.5032031 ], [ -0.3795539, 39.5030096 ], [ -0.379623, 39.5029263 ], [ -0.3796961, 39.50285 ], [ -0.3797173, 39.5028596 ], [ -0.3809604, 39.5034664 ], [ -0.381162, 39.5033003 ], [ -0.38121, 39.5033066 ], [ -0.3813177, 39.5033465 ], [ -0.3814177, 39.5033999 ], [ -0.3815584, 39.5035225 ], [ -0.3815659, 39.5035559 ], [ -0.3815829, 39.5035796 ], [ -0.3817535, 39.5037468 ], [ -0.3818078, 39.5037786 ], [ -0.3818549, 39.5037963 ], [ -0.381835, 39.5039037 ], [ -0.3816837, 39.5040697 ], [ -0.3814907, 39.5042296 ], [ -0.3813836, 39.5043537 ], [ -0.3813873, 39.5043688 ], [ -0.3813592, 39.5044058 ], [ -0.3813105, 39.504397 ], [ -0.3812677, 39.5043776 ], [ -0.3812558, 39.5043862 ], [ -0.3812659, 39.5044548 ], [ -0.3812651, 39.5046215 ], [ -0.3812473, 39.5047151 ], [ -0.3812643, 39.5047201 ], [ -0.3812676, 39.5047459 ], [ -0.3812308, 39.5050051 ], [ -0.3811777, 39.505079 ], [ -0.3811159, 39.5053173 ], [ -0.381047, 39.5054464 ], [ -0.3810325, 39.5056861 ], [ -0.3810122, 39.5057773 ], [ -0.3809323, 39.5058861 ], [ -0.3808153, 39.5061827 ], [ -0.3807199, 39.5068447 ], [ -0.3807116, 39.5070555 ], [ -0.3809644, 39.5071133 ], [ -0.3809871, 39.5071232 ], [ -0.380986, 39.5072152 ], [ -0.3808856, 39.5073446 ], [ -0.3808181, 39.50752 ], [ -0.3807986, 39.5077161 ], [ -0.3809931, 39.5077153 ], [ -0.3809368, 39.5079294 ], [ -0.3809597, 39.5079597 ], [ -0.3808243, 39.5083645 ], [ -0.3806931, 39.5090031 ], [ -0.3806026, 39.5092695 ], [ -0.380554, 39.5093777 ], [ -0.3802159, 39.5092903 ], [ -0.3802004, 39.509339 ], [ -0.3801454, 39.5096431 ], [ -0.380163, 39.5096629 ], [ -0.380505, 39.5097538 ], [ -0.3814211, 39.5099901 ], [ -0.3814015, 39.5100541 ], [ -0.3813896, 39.5100722 ], [ -0.3813502, 39.5101017 ], [ -0.3812163, 39.5101366 ], [ -0.3811144, 39.5104535 ], [ -0.3810784, 39.5105461 ], [ -0.3809877, 39.5107312 ], [ -0.3809131, 39.5109122 ], [ -0.380817, 39.511069 ], [ -0.3806991, 39.5112162 ], [ -0.3807081, 39.5114324 ], [ -0.3806908, 39.5115342 ], [ -0.3805545, 39.5118033 ], [ -0.3816882, 39.512255 ], [ -0.3817367, 39.5122526 ], [ -0.381737, 39.5122761 ], [ -0.3817295, 39.5123029 ], [ -0.3817155, 39.512339 ], [ -0.3830434, 39.5127748 ], [ -0.3830413, 39.5127795 ], [ -0.382998, 39.5128662 ], [ -0.3841012, 39.5131908 ], [ -0.3841479, 39.5130284 ], [ -0.3841706, 39.5130173 ], [ -0.3842073, 39.5130129 ], [ -0.3842553, 39.5130192 ], [ -0.385188, 39.5131954 ], [ -0.385284, 39.5132007 ], [ -0.3854133, 39.5131999 ], [ -0.3854471, 39.5132033 ], [ -0.3855464, 39.5132169 ], [ -0.385676, 39.5132555 ], [ -0.3857377, 39.5132688 ], [ -0.3857891, 39.5132639 ], [ -0.3858141, 39.5132498 ], [ -0.3859057, 39.5131412 ], [ -0.3860726, 39.5128904 ], [ -0.3863313, 39.512573 ], [ -0.3864727, 39.512436 ], [ -0.3867811, 39.5130949 ], [ -0.3868389, 39.5134772 ], [ -0.3870106, 39.5148015 ], [ -0.3869395, 39.5153523 ], [ -0.3869259, 39.5156029 ], [ -0.3869074, 39.5157542 ], [ -0.3868611, 39.5163105 ], [ -0.3868312, 39.5166251 ], [ -0.3867676, 39.5172383 ], [ -0.3867495, 39.5174848 ], [ -0.3867539, 39.5177325 ], [ -0.3867568, 39.5182755 ], [ -0.3867586, 39.5186225 ], [ -0.3867598, 39.5188429 ], [ -0.3867599, 39.518878 ], [ -0.3867607, 39.5190224 ] ] ] } },
{ "type": "Feature", "properties": { "neighborhood": "Poble Nou", "admin_level": "10" }, "geometry": { "type": "Polygon", "coordinates": [ [ [ -0.401124, 39.5111912 ], [ -0.40023, 39.5111264 ], [ -0.4002135, 39.5111628 ], [ -0.4001143, 39.5113733 ], [ -0.4000627, 39.511477 ], [ -0.4000185, 39.5115825 ], [ -0.3998323, 39.5120053 ], [ -0.3997966, 39.51211 ], [ -0.3997859, 39.5121926 ], [ -0.3998002, 39.5122642 ], [ -0.3998323, 39.5123331 ], [ -0.399897, 39.5124347 ], [ -0.3999615, 39.5125558 ], [ -0.4001111, 39.5128994 ], [ -0.4002039, 39.513089 ], [ -0.4002282, 39.5131498 ], [ -0.4002536, 39.5132365 ], [ -0.4002629, 39.5133129 ], [ -0.400262, 39.5133454 ], [ -0.400259, 39.5133617 ], [ -0.4002436, 39.5135591 ], [ -0.4002456, 39.5136546 ], [ -0.4002965, 39.5139665 ], [ -0.400333, 39.5141525 ], [ -0.4003911, 39.5144585 ], [ -0.4003866, 39.5145146 ], [ -0.4004219, 39.5146291 ], [ -0.400043, 39.5144464 ], [ -0.3997948, 39.5143389 ], [ -0.3997357, 39.5142848 ], [ -0.3990866, 39.5139231 ], [ -0.3990454, 39.5139166 ], [ -0.3989985, 39.513898 ], [ -0.3988373, 39.5139462 ], [ -0.3986313, 39.5139765 ], [ -0.3983248, 39.514002 ], [ -0.3978148, 39.514001 ], [ -0.3977702, 39.51402 ], [ -0.3977441, 39.5140527 ], [ -0.3977417, 39.5142748 ], [ -0.3977337, 39.5143332 ], [ -0.3976926, 39.5143803 ], [ -0.3976611, 39.5144019 ], [ -0.3976164, 39.5144132 ], [ -0.3962527, 39.5144747 ], [ -0.3953564, 39.5145267 ], [ -0.395282, 39.5145465 ], [ -0.3952352, 39.514519 ], [ -0.3952282, 39.5143196 ], [ -0.395182, 39.5142997 ], [ -0.3950164, 39.5143184 ], [ -0.3947225, 39.5143032 ], [ -0.3943479, 39.5142658 ], [ -0.3942026, 39.5142455 ], [ -0.3939482, 39.5141271 ], [ -0.3938794, 39.5141083 ], [ -0.3937515, 39.5140376 ], [ -0.3936047, 39.5139325 ], [ -0.3934607, 39.5138174 ], [ -0.3932028, 39.5135507 ], [ -0.3930776, 39.5134549 ], [ -0.3930187, 39.5134275 ], [ -0.3929355, 39.5133912 ], [ -0.3928151, 39.5133824 ], [ -0.3924428, 39.5133376 ], [ -0.3922016, 39.5132861 ], [ -0.3919502, 39.5132063 ], [ -0.3918494, 39.5131797 ], [ -0.3915496, 39.5131066 ], [ -0.3911666, 39.5130347 ], [ -0.3908993, 39.5129543 ], [ -0.3908761, 39.5129426 ], [ -0.3906494, 39.5128281 ], [ -0.3904285, 39.5126706 ], [ -0.390355, 39.5126639 ], [ -0.3888767, 39.5125223 ], [ -0.3887908, 39.5121719 ], [ -0.388536, 39.5121933 ], [ -0.3883587, 39.5122101 ], [ -0.3881375, 39.5122515 ], [ -0.3873162, 39.5122858 ], [ -0.3871498, 39.5122928 ], [ -0.3864727, 39.512436 ], [ -0.3863313, 39.512573 ], [ -0.3860726, 39.5128904 ], [ -0.3859057, 39.5131412 ], [ -0.3858141, 39.5132498 ], [ -0.3857891, 39.5132639 ], [ -0.3857377, 39.5132688 ], [ -0.385676, 39.5132555 ], [ -0.3855464, 39.5132169 ], [ -0.3854471, 39.5132033 ], [ -0.3854133, 39.5131999 ], [ -0.385284, 39.5132007 ], [ -0.385188, 39.5131954 ], [ -0.3842553, 39.5130192 ], [ -0.3842073, 39.5130129 ], [ -0.3841706, 39.5130173 ], [ -0.3841479, 39.5130284 ], [ -0.3841012, 39.5131908 ], [ -0.382998, 39.5128662 ], [ -0.3830413, 39.5127795 ], [ -0.3830434, 39.5127748 ], [ -0.3817155, 39.512339 ], [ -0.3817295, 39.5123029 ], [ -0.381737, 39.5122761 ], [ -0.3817367, 39.5122526 ], [ -0.3816882, 39.512255 ], [ -0.3805545, 39.5118033 ], [ -0.3806908, 39.5115342 ], [ -0.3807081, 39.5114324 ], [ -0.3806991, 39.5112162 ], [ -0.380817, 39.511069 ], [ -0.3809131, 39.5109122 ], [ -0.3809877, 39.5107312 ], [ -0.3810784, 39.5105461 ], [ -0.3811144, 39.5104535 ], [ -0.3812163, 39.5101366 ], [ -0.3813502, 39.5101017 ], [ -0.3813896, 39.5100722 ], [ -0.3814015, 39.5100541 ], [ -0.3814211, 39.5099901 ], [ -0.380505, 39.5097538 ], [ -0.380163, 39.5096629 ], [ -0.3801454, 39.5096431 ], [ -0.3802004, 39.509339 ], [ -0.3802159, 39.5092903 ], [ -0.380554, 39.5093777 ], [ -0.3806026, 39.5092695 ], [ -0.3806931, 39.5090031 ], [ -0.3808243, 39.5083645 ], [ -0.3809597, 39.5079597 ], [ -0.3809368, 39.5079294 ], [ -0.3809931, 39.5077153 ], [ -0.3807986, 39.5077161 ], [ -0.3808181, 39.50752 ], [ -0.3808856, 39.5073446 ], [ -0.380986, 39.5072152 ], [ -0.3809871, 39.5071232 ], [ -0.3809644, 39.5071133 ], [ -0.3807116, 39.5070555 ], [ -0.3807199, 39.5068447 ], [ -0.3808153, 39.5061827 ], [ -0.3809323, 39.5058861 ], [ -0.3810122, 39.5057773 ], [ -0.3810325, 39.5056861 ], [ -0.381047, 39.5054464 ], [ -0.3811159, 39.5053173 ], [ -0.3811777, 39.505079 ], [ -0.3812308, 39.5050051 ], [ -0.3812676, 39.5047459 ], [ -0.3812643, 39.5047201 ], [ -0.3812473, 39.5047151 ], [ -0.3812651, 39.5046215 ], [ -0.3812659, 39.5044548 ], [ -0.3812558, 39.5043862 ], [ -0.3812677, 39.5043776 ], [ -0.3813105, 39.504397 ], [ -0.3813592, 39.5044058 ], [ -0.3813873, 39.5043688 ], [ -0.3813836, 39.5043537 ], [ -0.3814907, 39.5042296 ], [ -0.3816837, 39.5040697 ], [ -0.381835, 39.5039037 ], [ -0.3818549, 39.5037963 ], [ -0.3818078, 39.5037786 ], [ -0.3817535, 39.5037468 ], [ -0.3815829, 39.5035796 ], [ -0.3815659, 39.5035559 ], [ -0.3815584, 39.5035225 ], [ -0.3814177, 39.5033999 ], [ -0.3813177, 39.5033465 ], [ -0.38121, 39.5033066 ], [ -0.381162, 39.5033003 ], [ -0.3809604, 39.5034664 ], [ -0.3797173, 39.5028596 ], [ -0.3796961, 39.50285 ], [ -0.379623, 39.5029263 ], [ -0.3795539, 39.5030096 ], [ -0.3793675, 39.5032031 ], [ -0.3789673, 39.5035756 ], [ -0.3785958, 39.5039025 ], [ -0.3784898, 39.5041475 ], [ -0.3784648, 39.5041911 ], [ -0.3784323, 39.5042336 ], [ -0.3783989, 39.5042508 ], [ -0.3781995, 39.5043185 ], [ -0.3772043, 39.5045516 ], [ -0.3771254, 39.5045703 ], [ -0.3768583, 39.5046624 ], [ -0.3764338, 39.5048447 ], [ -0.3757878, 39.5045528 ], [ -0.3757596, 39.5045767 ], [ -0.3757376, 39.5045901 ], [ -0.3757107, 39.5045999 ], [ -0.3756725, 39.504601 ], [ -0.3756128, 39.5045919 ], [ -0.3754926, 39.5045765 ], [ -0.3754574, 39.5045832 ], [ -0.375343, 39.5046386 ], [ -0.3752354, 39.5046956 ], [ -0.3750613, 39.5047796 ], [ -0.3749755, 39.5048106 ], [ -0.3748473, 39.504844 ], [ -0.3747529, 39.504881 ], [ -0.3746483, 39.5049451 ], [ -0.3745104, 39.5049965 ], [ -0.3743586, 39.5050589 ], [ -0.3742197, 39.5051048 ], [ -0.3740051, 39.50514 ], [ -0.3738924, 39.5051751 ], [ -0.3738465, 39.5051992 ], [ -0.3737707, 39.505236 ], [ -0.3736869, 39.5052582 ], [ -0.3736001, 39.50526 ], [ -0.3734928, 39.5052724 ], [ -0.3734123, 39.5053055 ], [ -0.3733072, 39.5053618 ], [ -0.3732391, 39.5053892 ], [ -0.3731094, 39.5054116 ], [ -0.3730416, 39.505417 ], [ -0.37301, 39.5054256 ], [ -0.3729853, 39.5054418 ], [ -0.3729918, 39.5054745 ], [ -0.3730218, 39.5055091 ], [ -0.3730746, 39.50557 ], [ -0.3731512, 39.5056605 ], [ -0.3731602, 39.5056801 ], [ -0.3731737, 39.5057062 ], [ -0.3731769, 39.5058131 ], [ -0.3731894, 39.5058646 ], [ -0.3732091, 39.5059092 ], [ -0.3732722, 39.5060182 ], [ -0.3732813, 39.5060414 ], [ -0.3732832, 39.5060656 ], [ -0.3732784, 39.5060844 ], [ -0.3732676, 39.5061003 ], [ -0.3731968, 39.5061869 ], [ -0.3731273, 39.5062646 ], [ -0.3730628, 39.5063596 ], [ -0.3730269, 39.5064012 ], [ -0.3729862, 39.506429 ], [ -0.3729612, 39.5064371 ], [ -0.3729091, 39.5064494 ], [ -0.3728359, 39.506456 ], [ -0.3728094, 39.5064674 ], [ -0.3727907, 39.5064875 ], [ -0.3727873, 39.5065116 ], [ -0.3727841, 39.5065933 ], [ -0.3728029, 39.506702 ], [ -0.3728297, 39.5067993 ], [ -0.3728485, 39.5068469 ], [ -0.3728995, 39.5069276 ], [ -0.3730831, 39.5071764 ], [ -0.3731138, 39.5072355 ], [ -0.373125, 39.5072667 ], [ -0.3731216, 39.507298 ], [ -0.3731033, 39.5073407 ], [ -0.3730523, 39.5074106 ], [ -0.3730088, 39.5074761 ], [ -0.372974, 39.5076012 ], [ -0.3729436, 39.5076824 ], [ -0.3728319, 39.5078577 ], [ -0.372807, 39.5079269 ], [ -0.3727988, 39.5080428 ], [ -0.3727559, 39.5082819 ], [ -0.3726983, 39.5085232 ], [ -0.3726891, 39.5085455 ], [ -0.3726292, 39.5086906 ], [ -0.3724942, 39.5089932 ], [ -0.372463, 39.5090639 ], [ -0.3723865, 39.5092309 ], [ -0.3723109, 39.509404 ], [ -0.3722866, 39.5094576 ], [ -0.3718975, 39.5092631 ], [ -0.3717165, 39.5091748 ], [ -0.3716458, 39.5090026 ], [ -0.3715178, 39.5088922 ], [ -0.3713323, 39.5088701 ], [ -0.371209, 39.5088564 ], [ -0.3711469, 39.5088216 ], [ -0.3710508, 39.5086433 ], [ -0.3709526, 39.5085029 ], [ -0.3708776, 39.5084021 ], [ -0.3708483, 39.5083677 ], [ -0.370798, 39.5083456 ], [ -0.3706902, 39.508304 ], [ -0.3706144, 39.5082643 ], [ -0.3704109, 39.5081332 ], [ -0.3701939, 39.5079696 ], [ -0.370004, 39.5077601 ], [ -0.3699113, 39.5076697 ], [ -0.3695092, 39.5074451 ], [ -0.369487, 39.5074112 ], [ -0.3694993, 39.5073836 ], [ -0.3695389, 39.5073592 ], [ -0.3698695, 39.5071717 ], [ -0.3699527, 39.5069997 ], [ -0.3698404, 39.5069157 ], [ -0.3697662, 39.5068381 ], [ -0.3697103, 39.5067309 ], [ -0.3696595, 39.5065522 ], [ -0.3694864, 39.5064059 ], [ -0.3690461, 39.5060241 ], [ -0.3687557, 39.5056013 ], [ -0.3687174, 39.5055668 ], [ -0.3690469, 39.5053495 ], [ -0.3688828, 39.5051146 ], [ -0.3687975, 39.5050618 ], [ -0.3684672, 39.5048988 ], [ -0.3681426, 39.5047344 ], [ -0.3682073, 39.5045562 ], [ -0.368131, 39.5044971 ], [ -0.3678745, 39.5044206 ], [ -0.3678021, 39.5044083 ], [ -0.3681231, 39.5035552 ], [ -0.3681356, 39.5035267 ], [ -0.3683381, 39.503065 ], [ -0.3686938, 39.5021366 ], [ -0.3687471, 39.5020049 ], [ -0.3688156, 39.5018809 ], [ -0.3688547, 39.5018102 ], [ -0.3690201, 39.5015833 ], [ -0.3695783, 39.5008384 ], [ -0.369788, 39.5005538 ], [ -0.369844, 39.5004499 ], [ -0.3698885, 39.5003516 ], [ -0.3699623, 39.5001693 ], [ -0.3701108, 39.4997819 ], [ -0.3701301, 39.4997199 ], [ -0.3701492, 39.4996586 ], [ -0.3701883, 39.4995211 ], [ -0.3702028, 39.4994567 ], [ -0.370216, 39.4994033 ], [ -0.3703721, 39.4985892 ], [ -0.3704002, 39.4984 ], [ -0.3704114, 39.4983245 ], [ -0.3704325, 39.4981791 ], [ -0.3704487, 39.4981031 ], [ -0.3710597, 39.4982815 ], [ -0.3712677, 39.4983419 ], [ -0.3727672, 39.4987771 ], [ -0.3730518, 39.4988602 ], [ -0.3735214, 39.4989936 ], [ -0.3738466, 39.4990767 ], [ -0.3742857, 39.4991724 ], [ -0.3746394, 39.4992351 ], [ -0.3750175, 39.4992947 ], [ -0.3753651, 39.4993339 ], [ -0.3756741, 39.4993622 ], [ -0.3760277, 39.499381 ], [ -0.3763957, 39.499392 ], [ -0.3767128, 39.499392 ], [ -0.3771722, 39.4993779 ], [ -0.3775503, 39.4993543 ], [ -0.3778857, 39.4993214 ], [ -0.3781702, 39.4992885 ], [ -0.3785158, 39.4992351 ], [ -0.3788695, 39.4991708 ], [ -0.3792334, 39.4990924 ], [ -0.3806482, 39.4987802 ], [ -0.3812923, 39.4986328 ], [ -0.3835833, 39.4981224 ], [ -0.3841101, 39.4980047 ], [ -0.384169, 39.4979902 ], [ -0.3861244, 39.4975325 ], [ -0.3861775, 39.4975243 ], [ -0.3862271, 39.4975297 ], [ -0.3862695, 39.4975488 ], [ -0.3863155, 39.4975789 ], [ -0.3867315, 39.4979819 ], [ -0.3889242, 39.500124 ], [ -0.3890116, 39.5002098 ], [ -0.3890819, 39.5002788 ], [ -0.3904458, 39.501618 ], [ -0.3908036, 39.50196 ], [ -0.393003, 39.5041036 ], [ -0.3956999, 39.5021635 ], [ -0.3968929, 39.5012947 ], [ -0.396856, 39.5014008 ], [ -0.3968205, 39.5014667 ], [ -0.3967886, 39.5015045 ], [ -0.3967717, 39.5016307 ], [ -0.3967616, 39.501744 ], [ -0.3978783, 39.5021757 ], [ -0.3978351, 39.5023666 ], [ -0.3977991, 39.5025626 ], [ -0.3977039, 39.5027405 ], [ -0.3976007, 39.5030283 ], [ -0.3974838, 39.503328 ], [ -0.3974611, 39.5033984 ], [ -0.3974539, 39.5034349 ], [ -0.3974452, 39.5034841 ], [ -0.3974576, 39.5035404 ], [ -0.3974434, 39.5035775 ], [ -0.3973317, 39.5038616 ], [ -0.3972504, 39.5040691 ], [ -0.3972368, 39.5040964 ], [ -0.3971922, 39.5041804 ], [ -0.3971407, 39.5042969 ], [ -0.3970926, 39.5044063 ], [ -0.3970414, 39.5045202 ], [ -0.3970165, 39.5045579 ], [ -0.3992268, 39.505079 ], [ -0.3982233, 39.5068265 ], [ -0.3982633, 39.5068349 ], [ -0.3983081, 39.5068363 ], [ -0.3983777, 39.5068434 ], [ -0.39846, 39.5068683 ], [ -0.3984063, 39.5068994 ], [ -0.3983396, 39.5069364 ], [ -0.3981916, 39.5070459 ], [ -0.3980056, 39.5071934 ], [ -0.3979708, 39.5072251 ], [ -0.3978765, 39.5073198 ], [ -0.3977521, 39.5074499 ], [ -0.3976475, 39.5075539 ], [ -0.3976452, 39.5075641 ], [ -0.3976455, 39.5076013 ], [ -0.3976249, 39.5076267 ], [ -0.3975748, 39.5076784 ], [ -0.3975149, 39.507733 ], [ -0.3974648, 39.5077761 ], [ -0.3974287, 39.5078227 ], [ -0.3973434, 39.5078948 ], [ -0.3972931, 39.5079342 ], [ -0.397248, 39.5079741 ], [ -0.3972235, 39.5079942 ], [ -0.3972043, 39.5080176 ], [ -0.3971938, 39.5080437 ], [ -0.3971599, 39.5081063 ], [ -0.397119, 39.5081721 ], [ -0.397084, 39.5082247 ], [ -0.3970297, 39.5082968 ], [ -0.3969946, 39.5083439 ], [ -0.3969719, 39.5083646 ], [ -0.3969646, 39.5083749 ], [ -0.3969569, 39.5083869 ], [ -0.3970052, 39.5084011 ], [ -0.3970504, 39.5084198 ], [ -0.3971339, 39.5084505 ], [ -0.3972252, 39.5084818 ], [ -0.3973086, 39.5084971 ], [ -0.3973784, 39.5085173 ], [ -0.3975139, 39.5085893 ], [ -0.3978606, 39.5086985 ], [ -0.3980337, 39.5087547 ], [ -0.3981135, 39.5087767 ], [ -0.3982605, 39.5088223 ], [ -0.3984718, 39.50889 ], [ -0.3985285, 39.5089098 ], [ -0.3985883, 39.5089218 ], [ -0.398601, 39.5089177 ], [ -0.3986229, 39.5089178 ], [ -0.3986607, 39.5089194 ], [ -0.3987359, 39.5089207 ], [ -0.3989124, 39.5089239 ], [ -0.3991361, 39.5089289 ], [ -0.3995229, 39.5089412 ], [ -0.3995859, 39.5089552 ], [ -0.3996555, 39.5089722 ], [ -0.4000345, 39.5090652 ], [ -0.4001682, 39.5090995 ], [ -0.4003369, 39.5091053 ], [ -0.4005317, 39.5091143 ], [ -0.4008605, 39.5091275 ], [ -0.4009449, 39.5091277 ], [ -0.4010516, 39.5091342 ], [ -0.4010783, 39.5091372 ], [ -0.4010938, 39.5091418 ], [ -0.4011014, 39.5091451 ], [ -0.4011558, 39.5091687 ], [ -0.4011346, 39.5092228 ], [ -0.4011291, 39.509246 ], [ -0.4011317, 39.5092827 ], [ -0.4011588, 39.5095845 ], [ -0.4011708, 39.5097356 ], [ -0.4011264, 39.5097801 ], [ -0.4011397, 39.5099028 ], [ -0.4011559, 39.5100309 ], [ -0.4011703, 39.5101528 ], [ -0.4011837, 39.5102277 ], [ -0.4011863, 39.5103046 ], [ -0.4011615, 39.5104295 ], [ -0.4011464, 39.5105127 ], [ -0.4011361, 39.5105694 ], [ -0.4011311, 39.5106233 ], [ -0.4011446, 39.5108091 ], [ -0.4011406, 39.5108947 ], [ -0.4011215, 39.5110604 ], [ -0.4011156, 39.5111037 ], [ -0.4011166, 39.511155 ], [ -0.401124, 39.5111912 ] ] ] } },
{ "type": "Feature", "properties": { "neighborhood": "Faitanar", "admin_level": "10" }, "geometry": { "type": "Polygon", "coordinates": [ [ [ -0.4314839, 39.4506475 ], [ -0.4315013, 39.4507099 ], [ -0.4315539, 39.4508007 ], [ -0.43168, 39.4509629 ], [ -0.4318341, 39.4511468 ], [ -0.4319959, 39.4513131 ], [ -0.4312171, 39.4515024 ], [ -0.4304653, 39.4517043 ], [ -0.4296013, 39.4519567 ], [ -0.4295453, 39.4519063 ], [ -0.4294145, 39.4519279 ], [ -0.4284945, 39.4520685 ], [ -0.4282564, 39.4521154 ], [ -0.4277427, 39.4521623 ], [ -0.4273784, 39.4521911 ], [ -0.4271356, 39.4521911 ], [ -0.4267059, 39.4521803 ], [ -0.4262062, 39.4521767 ], [ -0.425898, 39.4521587 ], [ -0.4259074, 39.4520505 ], [ -0.4259074, 39.4519423 ], [ -0.4258887, 39.4518341 ], [ -0.4258373, 39.4517584 ], [ -0.4257533, 39.4517223 ], [ -0.4256552, 39.4517079 ], [ -0.4254123, 39.451661 ], [ -0.4251695, 39.4516106 ], [ -0.4249453, 39.451542 ], [ -0.4246278, 39.4514411 ], [ -0.424441, 39.4514122 ], [ -0.4242542, 39.4514303 ], [ -0.423932, 39.451506 ], [ -0.4235677, 39.4515781 ], [ -0.4233575, 39.4515673 ], [ -0.4231521, 39.451524 ], [ -0.4228999, 39.451488 ], [ -0.4225823, 39.4514735 ], [ -0.4220406, 39.4515168 ], [ -0.4219098, 39.4515529 ], [ -0.4218818, 39.4516647 ], [ -0.4217978, 39.4517079 ], [ -0.4209291, 39.4517332 ], [ -0.4203312, 39.4517971 ], [ -0.4197357, 39.4521244 ], [ -0.4195804, 39.4522083 ], [ -0.419553, 39.4522247 ], [ -0.4195569, 39.4522583 ], [ -0.419579, 39.4523198 ], [ -0.4195872, 39.4523716 ], [ -0.4196194, 39.4524766 ], [ -0.4196444, 39.4526002 ], [ -0.4195742, 39.4526128 ], [ -0.4194884, 39.4526392 ], [ -0.4193805, 39.4526412 ], [ -0.4193318, 39.4526411 ], [ -0.4191568, 39.4526825 ], [ -0.4191145, 39.4527048 ], [ -0.4189768, 39.4527515 ], [ -0.4189168, 39.4527791 ], [ -0.4188668, 39.4527952 ], [ -0.4187922, 39.4528214 ], [ -0.4187345, 39.4528357 ], [ -0.4186035, 39.452896 ], [ -0.4178147, 39.4530671 ], [ -0.4176748, 39.4531007 ], [ -0.4176211, 39.4531254 ], [ -0.4174519, 39.4531677 ], [ -0.4174426, 39.4531563 ], [ -0.4174198, 39.4531465 ], [ -0.4173852, 39.4531496 ], [ -0.4171079, 39.4532576 ], [ -0.4169777, 39.4533883 ], [ -0.4169431, 39.4534305 ], [ -0.4166455, 39.4535809 ], [ -0.4165348, 39.4536337 ], [ -0.4164972, 39.4536501 ], [ -0.4164784, 39.4536453 ], [ -0.4164443, 39.4536545 ], [ -0.4163624, 39.4537006 ], [ -0.4162834, 39.4537319 ], [ -0.4161141, 39.453776 ], [ -0.4159483, 39.4538358 ], [ -0.4159123, 39.4538624 ], [ -0.4158633, 39.4538753 ], [ -0.4158715, 39.4539229 ], [ -0.4159222, 39.4541526 ], [ -0.416045, 39.4546593 ], [ -0.4160129, 39.4546606 ], [ -0.4160586, 39.4548759 ], [ -0.4156922, 39.4549505 ], [ -0.4156424, 39.4549489 ], [ -0.4155971, 39.45498 ], [ -0.4156756, 39.455356 ], [ -0.4156583, 39.455456 ], [ -0.4154453, 39.4563795 ], [ -0.4153295, 39.4565869 ], [ -0.4152438, 39.4569027 ], [ -0.41513, 39.4572964 ], [ -0.4149461, 39.458205 ], [ -0.4147528, 39.4591057 ], [ -0.4137388, 39.4577243 ], [ -0.4102798, 39.453019 ], [ -0.409604, 39.4520829 ], [ -0.4066148, 39.4479422 ], [ -0.4060612, 39.4471737 ], [ -0.4051729, 39.4459406 ], [ -0.4045546, 39.4452373 ], [ -0.4036795, 39.4442856 ], [ -0.4027868, 39.443455 ], [ -0.4018186, 39.4426105 ], [ -0.4010298, 39.4419728 ], [ -0.4001518, 39.4413339 ], [ -0.3989347, 39.4405737 ], [ -0.3972093, 39.4396695 ], [ -0.3956565, 39.4390318 ], [ -0.3944241, 39.4386035 ], [ -0.3930196, 39.4381696 ], [ -0.3937805, 39.4357455 ], [ -0.3936839, 39.4355798 ], [ -0.3937912, 39.4347015 ], [ -0.3935874, 39.4337817 ], [ -0.3931582, 39.4336408 ], [ -0.3937698, 39.4321741 ], [ -0.3921497, 39.4318675 ], [ -0.3939986, 39.4272076 ], [ -0.3943024, 39.4272434 ], [ -0.394555, 39.4272445 ], [ -0.3949038, 39.4272476 ], [ -0.3951236, 39.427252 ], [ -0.3952347, 39.4272531 ], [ -0.3957795, 39.4272586 ], [ -0.3957771, 39.4273004 ], [ -0.3957585, 39.427624 ], [ -0.395791, 39.4277308 ], [ -0.3957727, 39.4278486 ], [ -0.3967853, 39.4278524 ], [ -0.3970081, 39.4278532 ], [ -0.3970289, 39.4278533 ], [ -0.3970676, 39.4280307 ], [ -0.3970899, 39.4280888 ], [ -0.3971513, 39.428192 ], [ -0.3973485, 39.4284919 ], [ -0.3974257, 39.4284981 ], [ -0.3975721, 39.4284746 ], [ -0.3976696, 39.4284746 ], [ -0.3978139, 39.4284006 ], [ -0.3986078, 39.4284872 ], [ -0.3987619, 39.4282329 ], [ -0.3987969, 39.4282094 ], [ -0.3994243, 39.4278819 ], [ -0.3994714, 39.4278673 ], [ -0.3995876, 39.4278662 ], [ -0.3996089, 39.4278602 ], [ -0.3996442, 39.4278456 ], [ -0.399728, 39.4277992 ], [ -0.3997558, 39.4277923 ], [ -0.399859, 39.4277716 ], [ -0.4000454, 39.4277069 ], [ -0.4000682, 39.4277022 ], [ -0.4001199, 39.4277001 ], [ -0.4001755, 39.4277006 ], [ -0.4003143, 39.4277151 ], [ -0.4004974, 39.4277177 ], [ -0.4007784, 39.4277239 ], [ -0.4009312, 39.4277136 ], [ -0.4010714, 39.427719 ], [ -0.4012635, 39.4277369 ], [ -0.4013444, 39.4277347 ], [ -0.4013777, 39.4277293 ], [ -0.4014461, 39.4277134 ], [ -0.4015966, 39.4277174 ], [ -0.4016236, 39.4277234 ], [ -0.4016464, 39.4277387 ], [ -0.4016742, 39.4277794 ], [ -0.4016863, 39.4278306 ], [ -0.4016876, 39.4278462 ], [ -0.4016903, 39.4279244 ], [ -0.4016984, 39.4279772 ], [ -0.4017081, 39.4279915 ], [ -0.4017248, 39.4279972 ], [ -0.4017378, 39.427997 ], [ -0.4025243, 39.4302803 ], [ -0.4025916, 39.4312552 ], [ -0.4026534, 39.4321301 ], [ -0.4025922, 39.4335188 ], [ -0.4024272, 39.4344111 ], [ -0.4024414, 39.4345109 ], [ -0.4024661, 39.4345341 ], [ -0.4024998, 39.434586 ], [ -0.4025263, 39.4347077 ], [ -0.4025263, 39.4347337 ], [ -0.4025298, 39.434787 ], [ -0.4025422, 39.4348225 ], [ -0.4025351, 39.4349742 ], [ -0.4025776, 39.4355359 ], [ -0.4025632, 39.4355854 ], [ -0.4023965, 39.4359434 ], [ -0.4023579, 39.4359795 ], [ -0.4023803, 39.4359826 ], [ -0.4023823, 39.4359967 ], [ -0.4022355, 39.4366022 ], [ -0.402427, 39.4366509 ], [ -0.4026208, 39.4366941 ], [ -0.4027832, 39.4366953 ], [ -0.4031422, 39.43662 ], [ -0.4041014, 39.4364614 ], [ -0.4046712, 39.4364232 ], [ -0.4047187, 39.4364188 ], [ -0.4055497, 39.4363425 ], [ -0.4061287, 39.4362931 ], [ -0.4063604, 39.4362178 ], [ -0.4074581, 39.4362052 ], [ -0.4081452, 39.4362115 ], [ -0.4086127, 39.4362052 ], [ -0.4093722, 39.4361965 ], [ -0.4103671, 39.4361309 ], [ -0.4104529, 39.4361245 ], [ -0.4104932, 39.4361201 ], [ -0.4105869, 39.4361099 ], [ -0.4116633, 39.4361379 ], [ -0.4121212, 39.4361361 ], [ -0.4143957, 39.4359409 ], [ -0.4148324, 39.4359189 ], [ -0.4153116, 39.4359004 ], [ -0.4158104, 39.4358683 ], [ -0.4162455, 39.4358252 ], [ -0.4166411, 39.4357801 ], [ -0.4170651, 39.4357376 ], [ -0.4175222, 39.4356904 ], [ -0.417967, 39.4356444 ], [ -0.4193194, 39.4354978 ], [ -0.4205503, 39.4351579 ], [ -0.4206045, 39.4352069 ], [ -0.4206551, 39.4352495 ], [ -0.4206541, 39.4352617 ], [ -0.4207391, 39.4353419 ], [ -0.4209154, 39.4354367 ], [ -0.4209803, 39.4354772 ], [ -0.4212074, 39.4355313 ], [ -0.4212457, 39.4355861 ], [ -0.4213764, 39.4356476 ], [ -0.4215008, 39.4357161 ], [ -0.4216178, 39.4357989 ], [ -0.4216829, 39.4358508 ], [ -0.4220237, 39.4361941 ], [ -0.4221382, 39.4363218 ], [ -0.4221899, 39.4363915 ], [ -0.4228197, 39.4373053 ], [ -0.4230385, 39.4376228 ], [ -0.4234452, 39.4381696 ], [ -0.4234961, 39.438259 ], [ -0.4236567, 39.438391 ], [ -0.42402, 39.4388137 ], [ -0.4240937, 39.4389153 ], [ -0.424186, 39.4392198 ], [ -0.4243614, 39.4396208 ], [ -0.424471, 39.4398379 ], [ -0.4245714, 39.4400518 ], [ -0.4246787, 39.4404453 ], [ -0.4247374, 39.4406719 ], [ -0.4247664, 39.4407673 ], [ -0.4247782, 39.4408296 ], [ -0.4248097, 39.44089 ], [ -0.4248399, 39.4409604 ], [ -0.4248865, 39.4410669 ], [ -0.4249289, 39.4411463 ], [ -0.4249736, 39.4412226 ], [ -0.4250144, 39.4412901 ], [ -0.4250556, 39.4413461 ], [ -0.4250822, 39.4413768 ], [ -0.4251087, 39.4414081 ], [ -0.4251349, 39.4414387 ], [ -0.4251602, 39.4414644 ], [ -0.425183, 39.441484 ], [ -0.4252448, 39.4415433 ], [ -0.4252729, 39.4415687 ], [ -0.4253308, 39.4416384 ], [ -0.4253698, 39.4416977 ], [ -0.425434, 39.4417976 ], [ -0.4255053, 39.4419098 ], [ -0.4256023, 39.4420766 ], [ -0.4256527, 39.4421351 ], [ -0.4256817, 39.4421748 ], [ -0.4257393, 39.4422601 ], [ -0.4259308, 39.4425292 ], [ -0.4260827, 39.4427435 ], [ -0.4261542, 39.4428445 ], [ -0.4262219, 39.4429388 ], [ -0.4262601, 39.442992 ], [ -0.4262865, 39.4430303 ], [ -0.4263197, 39.4430778 ], [ -0.4263475, 39.443119 ], [ -0.4263728, 39.4431567 ], [ -0.4263791, 39.4431683 ], [ -0.4263958, 39.4431989 ], [ -0.4264166, 39.4432363 ], [ -0.4264607, 39.4433202 ], [ -0.4264703, 39.4433403 ], [ -0.4265186, 39.4434406 ], [ -0.4265343, 39.4434736 ], [ -0.4265595, 39.4435259 ], [ -0.4266213, 39.4436465 ], [ -0.426696, 39.443777 ], [ -0.4267154, 39.443812 ], [ -0.4267629, 39.4438676 ], [ -0.4267869, 39.4438933 ], [ -0.4268559, 39.4439674 ], [ -0.4268959, 39.4440063 ], [ -0.4269307, 39.4440306 ], [ -0.4269915, 39.4440593 ], [ -0.4271046, 39.4441056 ], [ -0.4272436, 39.4441621 ], [ -0.4273228, 39.4441964 ], [ -0.4273977, 39.4442319 ], [ -0.4274458, 39.4442557 ], [ -0.4275124, 39.4442946 ], [ -0.4276263, 39.4443767 ], [ -0.4278888, 39.4445799 ], [ -0.4280103, 39.4446737 ], [ -0.4280699, 39.4447258 ], [ -0.428139, 39.4447853 ], [ -0.4281878, 39.4448257 ], [ -0.4282806, 39.4449023 ], [ -0.4284696, 39.445058 ], [ -0.4285038, 39.4450864 ], [ -0.4285308, 39.4451086 ], [ -0.4286126, 39.4451769 ], [ -0.4286592, 39.4452158 ], [ -0.4287154, 39.4452728 ], [ -0.4287584, 39.4453155 ], [ -0.4288258, 39.4453814 ], [ -0.4288588, 39.4454132 ], [ -0.4288739, 39.4454348 ], [ -0.4288859, 39.4454695 ], [ -0.4288873, 39.4454912 ], [ -0.4288819, 39.445518 ], [ -0.4288616, 39.4455669 ], [ -0.4288576, 39.4455743 ], [ -0.4288142, 39.4456619 ], [ -0.4287721, 39.4457509 ], [ -0.4287259, 39.4458558 ], [ -0.4286736, 39.4459728 ], [ -0.4286203, 39.4460937 ], [ -0.4285957, 39.4461417 ], [ -0.4285829, 39.446166 ], [ -0.4285686, 39.4461947 ], [ -0.4285519, 39.4462369 ], [ -0.4285506, 39.446314 ], [ -0.4285369, 39.446352 ], [ -0.428503, 39.4463833 ], [ -0.4284572, 39.4464199 ], [ -0.4284128, 39.446462 ], [ -0.4283912, 39.4465352 ], [ -0.4283869, 39.4465584 ], [ -0.4283488, 39.4466301 ], [ -0.4283375, 39.4466443 ], [ -0.4283621, 39.4466706 ], [ -0.4283928, 39.4467067 ], [ -0.4284397, 39.4467664 ], [ -0.4284635, 39.4468011 ], [ -0.4285091, 39.4468681 ], [ -0.4285218, 39.4468888 ], [ -0.4285364, 39.4469123 ], [ -0.4285519, 39.4469378 ], [ -0.4285702, 39.4469691 ], [ -0.4285751, 39.4469775 ], [ -0.4285868, 39.446998 ], [ -0.4285974, 39.4470167 ], [ -0.4286189, 39.447048 ], [ -0.4286368, 39.44707 ], [ -0.4286497, 39.4470856 ], [ -0.4286815, 39.4471205 ], [ -0.4287764, 39.4472238 ], [ -0.4288283, 39.4472798 ], [ -0.4288583, 39.447312 ], [ -0.4289108, 39.4473684 ], [ -0.4289544, 39.4474157 ], [ -0.4290135, 39.4474783 ], [ -0.4290688, 39.4475385 ], [ -0.4290943, 39.4475783 ], [ -0.4291288, 39.4476184 ], [ -0.4291698, 39.4476674 ], [ -0.4291996, 39.4477043 ], [ -0.4292646, 39.4477887 ], [ -0.4292851, 39.4478145 ], [ -0.4293321, 39.4479213 ], [ -0.429343, 39.4479459 ], [ -0.4293797, 39.4480123 ], [ -0.4294063, 39.4480661 ], [ -0.4294167, 39.4480872 ], [ -0.4294412, 39.4481329 ], [ -0.4294883, 39.4481986 ], [ -0.4295335, 39.4482578 ], [ -0.4297464, 39.4485259 ], [ -0.4298121, 39.4486081 ], [ -0.4299193, 39.4487089 ], [ -0.4299418, 39.4487297 ], [ -0.4300507, 39.4488461 ], [ -0.4300735, 39.4488595 ], [ -0.4301115, 39.4489365 ], [ -0.4301734, 39.4490577 ], [ -0.4302347, 39.4491765 ], [ -0.430279, 39.4492614 ], [ -0.4303373, 39.4493733 ], [ -0.430372, 39.4494397 ], [ -0.4304181, 39.4495256 ], [ -0.4304332, 39.4495463 ], [ -0.4304551, 39.4495643 ], [ -0.4305075, 39.4496009 ], [ -0.4306001, 39.4496633 ], [ -0.4307877, 39.4497837 ], [ -0.4308427, 39.4498268 ], [ -0.4309124, 39.4499208 ], [ -0.4309619, 39.4499845 ], [ -0.4310144, 39.4500516 ], [ -0.4311144, 39.4501825 ], [ -0.4311526, 39.4502348 ], [ -0.4312647, 39.4503754 ], [ -0.4313613, 39.4505013 ], [ -0.4314429, 39.450602 ], [ -0.4314753, 39.4506502 ], [ -0.4314839, 39.4506475 ] ] ] } },
{ "type": "Feature", "properties": { "neighborhood": "la Torre", "admin_level": "10" }, "geometry": { "type": "Polygon", "coordinates": [ [ [ -0.3939986, 39.4272076 ], [ -0.3921497, 39.4318675 ], [ -0.3937698, 39.4321741 ], [ -0.3931582, 39.4336408 ], [ -0.3935874, 39.4337817 ], [ -0.3937912, 39.4347015 ], [ -0.3936839, 39.4355798 ], [ -0.3937805, 39.4357455 ], [ -0.3930196, 39.4381696 ], [ -0.3928835, 39.4381276 ], [ -0.3915086, 39.4377876 ], [ -0.3890507, 39.4373471 ], [ -0.3871384, 39.4371596 ], [ -0.3886413, 39.433432 ], [ -0.3890225, 39.4335501 ], [ -0.3891846, 39.4336002 ], [ -0.3891878, 39.4335988 ], [ -0.3892084, 39.4334951 ], [ -0.3893652, 39.4327445 ], [ -0.3893992, 39.4326116 ], [ -0.3895934, 39.431919 ], [ -0.3896811, 39.4316095 ], [ -0.3899971, 39.4304991 ], [ -0.3899074, 39.4304855 ], [ -0.3899374, 39.4302555 ], [ -0.3899683, 39.4302458 ], [ -0.3899948, 39.4302321 ], [ -0.3900138, 39.4301959 ], [ -0.3900253, 39.4301614 ], [ -0.3900342, 39.430116 ], [ -0.390055, 39.4300078 ], [ -0.390062, 39.4299932 ], [ -0.3900814, 39.4299727 ], [ -0.3901035, 39.4299658 ], [ -0.3901388, 39.4299679 ], [ -0.3902667, 39.4294675 ], [ -0.3903973, 39.4289329 ], [ -0.3905021, 39.4284863 ], [ -0.3905534, 39.4282894 ], [ -0.3905973, 39.4280982 ], [ -0.390453, 39.4280848 ], [ -0.3909094, 39.4270132 ], [ -0.3909914, 39.4268005 ], [ -0.3910045, 39.4266914 ], [ -0.3912502, 39.4267328 ], [ -0.3916439, 39.4268048 ], [ -0.3919771, 39.4268705 ], [ -0.392357, 39.4269374 ], [ -0.3924032, 39.4269444 ], [ -0.3926032, 39.4269748 ], [ -0.3929459, 39.4270276 ], [ -0.3933472, 39.427097 ], [ -0.3937059, 39.4271518 ], [ -0.3939081, 39.4271806 ], [ -0.3939153, 39.4271828 ], [ -0.3939986, 39.4272076 ] ] ] } },
{ "type": "Feature", "properties": { "neighborhood": "el Perellonet", "admin_level": "10" }, "geometry": { "type": "Polygon", "coordinates": [ [ [ -0.3056236, 39.2992272 ], [ -0.3092051, 39.306974 ], [ -0.3109646, 39.3122204 ], [ -0.31178, 39.3131501 ], [ -0.3119517, 39.3142126 ], [ -0.3060294, 39.3124196 ], [ -0.3011799, 39.3102946 ], [ -0.2994204, 39.3100289 ], [ -0.2917839, 39.3082249 ], [ -0.291755, 39.3080146 ], [ -0.2913148, 39.307265 ], [ -0.2912464, 39.307058 ], [ -0.2911646, 39.3068912 ], [ -0.291102, 39.3067085 ], [ -0.2909419, 39.306532 ], [ -0.2908244, 39.3062774 ], [ -0.2905095, 39.3057139 ], [ -0.2903711, 39.3052562 ], [ -0.2901702, 39.3049852 ], [ -0.2900225, 39.3047472 ], [ -0.2897995, 39.304429 ], [ -0.28977, 39.3042243 ], [ -0.2894254, 39.3036924 ], [ -0.2893141, 39.3034543 ], [ -0.2892569, 39.3032223 ], [ -0.289144, 39.302929 ], [ -0.2888093, 39.3024639 ], [ -0.2884212, 39.3019301 ], [ -0.2881425, 39.3013844 ], [ -0.2880338, 39.3010936 ], [ -0.2877243, 39.300665 ], [ -0.2876664, 39.3004826 ], [ -0.2875653, 39.3002451 ], [ -0.2874531, 39.3000039 ], [ -0.2871957, 39.2996496 ], [ -0.2871758, 39.2995049 ], [ -0.2870167, 39.2992276 ], [ -0.286788, 39.2989412 ], [ -0.2865938, 39.298623 ], [ -0.2861579, 39.2977197 ], [ -0.2858079, 39.297086 ], [ -0.2855083, 39.2967043 ], [ -0.2853007, 39.2962623 ], [ -0.2850319, 39.2959952 ], [ -0.2848962, 39.2957115 ], [ -0.284382, 39.2945177 ], [ -0.2840433, 39.2940527 ], [ -0.2838563, 39.2937312 ], [ -0.2837265, 39.2934541 ], [ -0.2837096, 39.2932801 ], [ -0.2835867, 39.2930976 ], [ -0.2833464, 39.2928851 ], [ -0.2832501, 39.2926949 ], [ -0.28313, 39.2923296 ], [ -0.2830511, 39.2921984 ], [ -0.2828534, 39.2920234 ], [ -0.2827759, 39.2918679 ], [ -0.2827829, 39.2917648 ], [ -0.2825898, 39.2914812 ], [ -0.2819519, 39.290514 ], [ -0.2815302, 39.2900971 ], [ -0.2809557, 39.2892601 ], [ -0.2806682, 39.2887441 ], [ -0.2803023, 39.2881632 ], [ -0.279863, 39.2875184 ], [ -0.2795706, 39.2869662 ], [ -0.2791978, 39.2864514 ], [ -0.2789939, 39.2861366 ], [ -0.2787831, 39.2857389 ], [ -0.278465, 39.2852635 ], [ -0.278068, 39.2846954 ], [ -0.2776254, 39.2837021 ], [ -0.2773809, 39.2832434 ], [ -0.2769493, 39.2826402 ], [ -0.2766568, 39.2821986 ], [ -0.2764629, 39.2818177 ], [ -0.2761904, 39.2813427 ], [ -0.2759246, 39.2808422 ], [ -0.2755916, 39.2804142 ], [ -0.275548, 39.2802367 ], [ -0.2754798, 39.2800128 ], [ -0.2753108, 39.2796788 ], [ -0.2750858, 39.2791792 ], [ -0.2741027, 39.2791873 ], [ -0.2733032, 39.2791748 ], [ -0.2730729, 39.2791353 ], [ -0.2729172, 39.2790876 ], [ -0.2727904, 39.2790087 ], [ -0.2725205, 39.2787487 ], [ -0.2725326, 39.2786481 ], [ -0.2725671, 39.2786262 ], [ -0.2726225, 39.2786162 ], [ -0.2726733, 39.2785262 ], [ -0.2727165, 39.2784496 ], [ -0.2729242, 39.2785955 ], [ -0.273118, 39.2787118 ], [ -0.2733118, 39.2787944 ], [ -0.2734739, 39.2788495 ], [ -0.2736756, 39.278874 ], [ -0.2748342, 39.2788985 ], [ -0.2754866, 39.2788954 ], [ -0.2759928, 39.2788648 ], [ -0.2764198, 39.2788403 ], [ -0.2770288, 39.2788189 ], [ -0.2776694, 39.2788312 ], [ -0.2784946, 39.2788987 ], [ -0.2795358, 39.2790715 ], [ -0.2805764, 39.2792874 ], [ -0.2813972, 39.27952 ], [ -0.2821731, 39.279798 ], [ -0.2828004, 39.2800374 ], [ -0.2837017, 39.2804546 ], [ -0.28455, 39.2807966 ], [ -0.2851269, 39.280974 ], [ -0.286173, 39.2811567 ], [ -0.2866341, 39.2812517 ], [ -0.2870549, 39.2813686 ], [ -0.2883831, 39.2818003 ], [ -0.2904829, 39.2824975 ], [ -0.2919069, 39.2829794 ], [ -0.2923485, 39.283127 ], [ -0.2926463, 39.2832396 ], [ -0.2930569, 39.2834431 ], [ -0.2932105, 39.2835415 ], [ -0.2933413, 39.2836521 ], [ -0.2934491, 39.2838011 ], [ -0.2935652, 39.2839922 ], [ -0.2936673, 39.2841923 ], [ -0.2937528, 39.2843767 ], [ -0.2938312, 39.2845801 ], [ -0.2939165, 39.2848009 ], [ -0.2939875, 39.2849223 ], [ -0.294082, 39.2850397 ], [ -0.2943066, 39.2852882 ], [ -0.2951892, 39.2862822 ], [ -0.2960841, 39.2873014 ], [ -0.2964348, 39.2876611 ], [ -0.2973807, 39.2887655 ], [ -0.2981799, 39.2896329 ], [ -0.2988407, 39.2903736 ], [ -0.2993067, 39.2909211 ], [ -0.2998748, 39.291602 ], [ -0.3004656, 39.2922951 ], [ -0.3009959, 39.2929442 ], [ -0.3013039, 39.2933397 ], [ -0.3020821, 39.294266 ], [ -0.3025488, 39.2948121 ], [ -0.3028479, 39.2952221 ], [ -0.3031337, 39.2956566 ], [ -0.303441, 39.2961459 ], [ -0.303786, 39.2966568 ], [ -0.3044886, 39.2975999 ], [ -0.3047663, 39.2980227 ], [ -0.3051122, 39.2985428 ], [ -0.3054082, 39.2989881 ], [ -0.3055181, 39.2991216 ], [ -0.3056236, 39.2992272 ] ] ] } },
{ "type": "Feature", "properties": { "neighborhood": "el Palmar", "admin_level": "10" }, "geometry": { "type": "Polygon", "coordinates": [ [ [ -0.3951074, 39.3265739 ], [ -0.3958567, 39.3286297 ], [ -0.3964994, 39.3285497 ], [ -0.3971631, 39.328519 ], [ -0.3978727, 39.3312726 ], [ -0.3956947, 39.3312145 ], [ -0.3956518, 39.3326419 ], [ -0.3985776, 39.3337705 ], [ -0.3976293, 39.3358976 ], [ -0.396767, 39.3357387 ], [ -0.3935419, 39.3351258 ], [ -0.393307, 39.3350807 ], [ -0.39302, 39.3359058 ], [ -0.3952232, 39.3363749 ], [ -0.3934566, 39.3383691 ], [ -0.3923956, 39.3379857 ], [ -0.3921456, 39.3384641 ], [ -0.3912079, 39.3386264 ], [ -0.3906417, 39.3395591 ], [ -0.3916925, 39.3399425 ], [ -0.3880083, 39.3403364 ], [ -0.3889333, 39.3408601 ], [ -0.3881209, 39.3412763 ], [ -0.3887511, 39.3434711 ], [ -0.3870399, 39.3434439 ], [ -0.3867432, 39.3449221 ], [ -0.387404, 39.3480213 ], [ -0.3860885, 39.3475089 ], [ -0.3867786, 39.3493371 ], [ -0.3861207, 39.3506587 ], [ -0.3865047, 39.3514477 ], [ -0.3865949, 39.3519641 ], [ -0.3858947, 39.3520021 ], [ -0.3854275, 39.3528927 ], [ -0.386126, 39.3533962 ], [ -0.3849247, 39.3533373 ], [ -0.3840682, 39.3539364 ], [ -0.3827126, 39.3545461 ], [ -0.3826849, 39.3557107 ], [ -0.378754, 39.3573716 ], [ -0.3782944, 39.3582513 ], [ -0.3763382, 39.3581925 ], [ -0.3762285, 39.3584345 ], [ -0.3758915, 39.3583114 ], [ -0.3755619, 39.3581963 ], [ -0.3753044, 39.3580718 ], [ -0.3751982, 39.3579784 ], [ -0.3722635, 39.3591421 ], [ -0.3714639, 39.3596956 ], [ -0.3698854, 39.3623603 ], [ -0.3643054, 39.3599407 ], [ -0.3631385, 39.3594347 ], [ -0.3606658, 39.3618921 ], [ -0.3599237, 39.3633852 ], [ -0.3608743, 39.364232 ], [ -0.3579733, 39.3644116 ], [ -0.3560324, 39.3648063 ], [ -0.3537576, 39.3660138 ], [ -0.3536962, 39.3658687 ], [ -0.3536316, 39.365818 ], [ -0.3535847, 39.365856 ], [ -0.3535423, 39.3658905 ], [ -0.3535128, 39.3659829 ], [ -0.3515818, 39.3675272 ], [ -0.3520322, 39.3683031 ], [ -0.3475968, 39.3705589 ], [ -0.3470496, 39.3699617 ], [ -0.345628, 39.3682979 ], [ -0.3447987, 39.3673173 ], [ -0.3441644, 39.3664373 ], [ -0.3413374, 39.3674466 ], [ -0.3429494, 39.3708274 ], [ -0.3377376, 39.3735165 ], [ -0.3349365, 39.3684833 ], [ -0.332622, 39.3689464 ], [ -0.3315574, 39.365336 ], [ -0.3300717, 39.3653535 ], [ -0.3294826, 39.3613282 ], [ -0.3293753, 39.3593373 ], [ -0.3293324, 39.3579769 ], [ -0.3263498, 39.3581926 ], [ -0.3233028, 39.3487351 ], [ -0.3225947, 39.3458976 ], [ -0.3216076, 39.3423464 ], [ -0.3210068, 39.3395252 ], [ -0.3190971, 39.3399899 ], [ -0.3154063, 39.3349779 ], [ -0.3124023, 39.3311606 ], [ -0.3119946, 39.3297332 ], [ -0.3113938, 39.3270277 ], [ -0.3106213, 39.3250193 ], [ -0.3099776, 39.3238574 ], [ -0.3070808, 39.3194584 ], [ -0.3040552, 39.3155573 ], [ -0.3006864, 39.3131169 ], [ -0.2995062, 39.3120544 ], [ -0.2991414, 39.3113073 ], [ -0.2994204, 39.3100289 ], [ -0.3011799, 39.3102946 ], [ -0.3060294, 39.3124196 ], [ -0.3119517, 39.3142126 ], [ -0.31178, 39.3131501 ], [ -0.3109646, 39.3122204 ], [ -0.3092051, 39.306974 ], [ -0.3056236, 39.2992272 ], [ -0.3057671, 39.299326 ], [ -0.3060145, 39.2994757 ], [ -0.3062575, 39.2995938 ], [ -0.3066035, 39.2997835 ], [ -0.3069854, 39.3000646 ], [ -0.3074121, 39.3003083 ], [ -0.3076968, 39.3004934 ], [ -0.3080705, 39.3007168 ], [ -0.3086004, 39.3010519 ], [ -0.3090492, 39.3013808 ], [ -0.3094545, 39.3016424 ], [ -0.3102691, 39.3022055 ], [ -0.3108702, 39.3025711 ], [ -0.3119313, 39.3032205 ], [ -0.3120912, 39.3033087 ], [ -0.3123111, 39.3034042 ], [ -0.3126008, 39.3034955 ], [ -0.3129895, 39.3035572 ], [ -0.3134133, 39.3035696 ], [ -0.3139497, 39.3035738 ], [ -0.3143038, 39.3036526 ], [ -0.3145183, 39.303744 ], [ -0.3147866, 39.3038477 ], [ -0.3150387, 39.30391 ], [ -0.315264, 39.3039225 ], [ -0.3154303, 39.3038934 ], [ -0.3157736, 39.3037232 ], [ -0.3160365, 39.303553 ], [ -0.3162028, 39.3034285 ], [ -0.3163959, 39.3033828 ], [ -0.3170611, 39.3032957 ], [ -0.3177853, 39.3032043 ], [ -0.3181307, 39.3032107 ], [ -0.318142, 39.3033974 ], [ -0.3182252, 39.3035489 ], [ -0.318252, 39.3037896 ], [ -0.3182895, 39.3041383 ], [ -0.318311, 39.3043915 ], [ -0.3184397, 39.3057634 ], [ -0.3185685, 39.3065354 ], [ -0.3185872, 39.3066766 ], [ -0.3185926, 39.3070273 ], [ -0.3187026, 39.3076458 ], [ -0.3186624, 39.3086088 ], [ -0.3185792, 39.3091068 ], [ -0.3184987, 39.3095053 ], [ -0.3184612, 39.3098643 ], [ -0.3184183, 39.3106322 ], [ -0.3184317, 39.3111884 ], [ -0.3184612, 39.3116117 ], [ -0.3185658, 39.3116719 ], [ -0.3198627, 39.3117279 ], [ -0.3203547, 39.3117467 ], [ -0.3204088, 39.3118275 ], [ -0.3204414, 39.3119709 ], [ -0.3204912, 39.3124432 ], [ -0.3205252, 39.3128196 ], [ -0.3215827, 39.3136967 ], [ -0.3228757, 39.314769 ], [ -0.3240002, 39.3144535 ], [ -0.3284766, 39.3139265 ], [ -0.3295078, 39.3130735 ], [ -0.3301383, 39.3134184 ], [ -0.3308439, 39.3138013 ], [ -0.3311484, 39.3139854 ], [ -0.333299, 39.3152103 ], [ -0.3334167, 39.3137794 ], [ -0.3349974, 39.3138444 ], [ -0.3371861, 39.313919 ], [ -0.337422, 39.3156511 ], [ -0.3375468, 39.3167119 ], [ -0.3376401, 39.3173585 ], [ -0.3470778, 39.3164999 ], [ -0.3473213, 39.3160486 ], [ -0.3474983, 39.3158328 ], [ -0.3475842, 39.3157207 ], [ -0.3476807, 39.3154634 ], [ -0.3481152, 39.3147163 ], [ -0.3482386, 39.3146541 ], [ -0.3503575, 39.3113291 ], [ -0.3519784, 39.3116447 ], [ -0.3550662, 39.311805 ], [ -0.3560355, 39.3118552 ], [ -0.3563147, 39.3101243 ], [ -0.3569188, 39.309945 ], [ -0.3574739, 39.3083258 ], [ -0.3589866, 39.3071765 ], [ -0.3611216, 39.3068069 ], [ -0.3616902, 39.3055965 ], [ -0.362312, 39.3062496 ], [ -0.3632952, 39.3063755 ], [ -0.3638498, 39.3055835 ], [ -0.3641525, 39.3051868 ], [ -0.3644574, 39.3053357 ], [ -0.3650831, 39.3056341 ], [ -0.3660759, 39.306212 ], [ -0.3669598, 39.3069029 ], [ -0.3668173, 39.3071663 ], [ -0.3671155, 39.3074823 ], [ -0.3694295, 39.3076422 ], [ -0.3740467, 39.3071914 ], [ -0.3752292, 39.3076379 ], [ -0.3758369, 39.3089545 ], [ -0.3766372, 39.3098423 ], [ -0.3794243, 39.3110664 ], [ -0.3783371, 39.3117003 ], [ -0.3762906, 39.3121682 ], [ -0.3788791, 39.3148012 ], [ -0.3812427, 39.3166336 ], [ -0.3842973, 39.3175097 ], [ -0.3847257, 39.3166608 ], [ -0.3898296, 39.3148019 ], [ -0.3908887, 39.3180624 ], [ -0.3909963, 39.3221549 ], [ -0.3916693, 39.3231479 ], [ -0.3926436, 39.3231275 ], [ -0.3941677, 39.3229324 ], [ -0.3951074, 39.3265739 ] ] ] } },
{ "type": "Feature", "properties": { "neighborhood": "el Saler", "admin_level": "10" }, "geometry": { "type": "Polygon", "coordinates": [ [ [ -0.3375786, 39.3852925 ], [ -0.3360808, 39.3855623 ], [ -0.3352118, 39.3834561 ], [ -0.3344715, 39.3834478 ], [ -0.3343964, 39.3851809 ], [ -0.3320575, 39.3849736 ], [ -0.3318107, 39.3868891 ], [ -0.3313709, 39.3891611 ], [ -0.33077, 39.3904049 ], [ -0.3308988, 39.391433 ], [ -0.3298688, 39.3911843 ], [ -0.3287745, 39.3923617 ], [ -0.3269952, 39.3968334 ], [ -0.3269582, 39.3964674 ], [ -0.3268497, 39.3960229 ], [ -0.3266349, 39.3952698 ], [ -0.3260451, 39.3926514 ], [ -0.325804, 39.391891 ], [ -0.3257327, 39.3916522 ], [ -0.3255205, 39.390737 ], [ -0.3254543, 39.3904263 ], [ -0.3254009, 39.3902974 ], [ -0.3253124, 39.3900107 ], [ -0.3252537, 39.3897587 ], [ -0.3250822, 39.3891484 ], [ -0.325018, 39.3888511 ], [ -0.3249184, 39.3884484 ], [ -0.3248038, 39.3879898 ], [ -0.3246847, 39.3874072 ], [ -0.3243659, 39.3864711 ], [ -0.324201, 39.385934 ], [ -0.324067, 39.3856894 ], [ -0.3238658, 39.3849147 ], [ -0.3237479, 39.3845692 ], [ -0.3236047, 39.3842706 ], [ -0.3233776, 39.3835168 ], [ -0.32317, 39.3829612 ], [ -0.3230122, 39.3823539 ], [ -0.3227178, 39.3816758 ], [ -0.3224037, 39.3807587 ], [ -0.3220853, 39.3798395 ], [ -0.3218483, 39.3789924 ], [ -0.3215398, 39.3783142 ], [ -0.3212056, 39.3772047 ], [ -0.3210384, 39.3765948 ], [ -0.3206781, 39.3754652 ], [ -0.3204404, 39.374732 ], [ -0.3201509, 39.3736267 ], [ -0.319927, 39.3731868 ], [ -0.3196566, 39.3724839 ], [ -0.3194663, 39.3717689 ], [ -0.3192559, 39.3712672 ], [ -0.3189345, 39.3704189 ], [ -0.3186361, 39.3695064 ], [ -0.3184803, 39.3689912 ], [ -0.3182526, 39.3682795 ], [ -0.3180323, 39.3678417 ], [ -0.3178402, 39.367177 ], [ -0.3176275, 39.366485 ], [ -0.3174504, 39.366132 ], [ -0.3173571, 39.3657684 ], [ -0.3170536, 39.3650058 ], [ -0.3168198, 39.3642379 ], [ -0.3165748, 39.3635609 ], [ -0.3162993, 39.3626507 ], [ -0.3161054, 39.3620378 ], [ -0.3159131, 39.361426 ], [ -0.315789, 39.3609674 ], [ -0.3154681, 39.3602716 ], [ -0.3153774, 39.3598146 ], [ -0.3151811, 39.359309 ], [ -0.3150133, 39.3588794 ], [ -0.3148395, 39.3584076 ], [ -0.3145659, 39.3576464 ], [ -0.3143613, 39.3571247 ], [ -0.3139627, 39.3561952 ], [ -0.3136377, 39.3553068 ], [ -0.3132948, 39.3543708 ], [ -0.31311, 39.3538206 ], [ -0.3127638, 39.3530353 ], [ -0.3124951, 39.3522412 ], [ -0.3121914, 39.351495 ], [ -0.3119727, 39.3507646 ], [ -0.31196, 39.3507474 ], [ -0.3119443, 39.3507301 ], [ -0.3119262, 39.3507129 ], [ -0.3119035, 39.3506957 ], [ -0.3107462, 39.3504247 ], [ -0.310759, 39.3503698 ], [ -0.311488, 39.3505273 ], [ -0.3116359, 39.350149 ], [ -0.3110924, 39.3500073 ], [ -0.3111075, 39.3499585 ], [ -0.3112171, 39.3499868 ], [ -0.3112204, 39.3499304 ], [ -0.3112096, 39.3498693 ], [ -0.3111909, 39.3497614 ], [ -0.311175, 39.3496102 ], [ -0.3111444, 39.3494848 ], [ -0.3108754, 39.3487334 ], [ -0.3106705, 39.3482124 ], [ -0.3104116, 39.3477168 ], [ -0.310257, 39.3474587 ], [ -0.3100908, 39.3471811 ], [ -0.3096989, 39.3461168 ], [ -0.3095724, 39.3457733 ], [ -0.3092763, 39.345312 ], [ -0.3090778, 39.3447542 ], [ -0.3084716, 39.343507 ], [ -0.3084072, 39.3431948 ], [ -0.3082302, 39.3427299 ], [ -0.3079191, 39.3422736 ], [ -0.3077045, 39.341772 ], [ -0.3076455, 39.3414146 ], [ -0.3074416, 39.3410449 ], [ -0.3068408, 39.3397117 ], [ -0.3067335, 39.3392371 ], [ -0.3063902, 39.3384942 ], [ -0.3062078, 39.3379843 ], [ -0.3061327, 39.337507 ], [ -0.3057357, 39.3368367 ], [ -0.3053549, 39.3358175 ], [ -0.3049901, 39.3349379 ], [ -0.3045985, 39.3341665 ], [ -0.3043785, 39.3336487 ], [ -0.3040996, 39.3330716 ], [ -0.3038099, 39.3324693 ], [ -0.3034934, 39.3318629 ], [ -0.303218, 39.331256 ], [ -0.3030643, 39.3307056 ], [ -0.3025064, 39.3295984 ], [ -0.3023025, 39.3292795 ], [ -0.3017773, 39.3282425 ], [ -0.3015936, 39.3278101 ], [ -0.301353, 39.3272501 ], [ -0.3009678, 39.326541 ], [ -0.3007061, 39.3260785 ], [ -0.3004451, 39.325389 ], [ -0.3000747, 39.3247942 ], [ -0.2998515, 39.3242659 ], [ -0.2994481, 39.3234789 ], [ -0.2990696, 39.3227427 ], [ -0.298869, 39.3224363 ], [ -0.298615, 39.3217866 ], [ -0.2979775, 39.320581 ], [ -0.2976213, 39.3198749 ], [ -0.2973098, 39.319147 ], [ -0.2969553, 39.3184844 ], [ -0.2965634, 39.317759 ], [ -0.2964668, 39.3173027 ], [ -0.2961495, 39.3166546 ], [ -0.2955648, 39.3156544 ], [ -0.2954361, 39.3153155 ], [ -0.2949854, 39.3145884 ], [ -0.2946099, 39.3139148 ], [ -0.2936894, 39.3119475 ], [ -0.2932171, 39.3110001 ], [ -0.2929378, 39.3102854 ], [ -0.2925917, 39.3095456 ], [ -0.2923105, 39.3090921 ], [ -0.2922149, 39.3089161 ], [ -0.2921356, 39.3087142 ], [ -0.2919554, 39.3084282 ], [ -0.2915639, 39.3084344 ], [ -0.2915778, 39.3083787 ], [ -0.2918037, 39.308369 ], [ -0.2917839, 39.3082249 ], [ -0.2994204, 39.3100289 ], [ -0.2991414, 39.3113073 ], [ -0.2995062, 39.3120544 ], [ -0.3006864, 39.3131169 ], [ -0.3040552, 39.3155573 ], [ -0.3070808, 39.3194584 ], [ -0.3099776, 39.3238574 ], [ -0.3106213, 39.3250193 ], [ -0.3113938, 39.3270277 ], [ -0.3119946, 39.3297332 ], [ -0.3124023, 39.3311606 ], [ -0.3154063, 39.3349779 ], [ -0.3190971, 39.3399899 ], [ -0.3210068, 39.3395252 ], [ -0.3216076, 39.3423464 ], [ -0.3225947, 39.3458976 ], [ -0.3233028, 39.3487351 ], [ -0.3263498, 39.3581926 ], [ -0.3293324, 39.3579769 ], [ -0.3293753, 39.3593373 ], [ -0.3294826, 39.3613282 ], [ -0.3300717, 39.3653535 ], [ -0.3301434, 39.3657165 ], [ -0.3320557, 39.3729532 ], [ -0.3323521, 39.374075 ], [ -0.3330925, 39.3761455 ], [ -0.3335085, 39.3776387 ], [ -0.333637, 39.378087 ], [ -0.3337985, 39.3785838 ], [ -0.3341404, 39.3795086 ], [ -0.334265, 39.3796711 ], [ -0.3345982, 39.3801055 ], [ -0.3357721, 39.3821898 ], [ -0.3374731, 39.385193 ], [ -0.3375786, 39.3852925 ] ] ] } },
{ "type": "Feature", "properties": { "neighborhood": "Pinedo", "admin_level": "10" }, "geometry": { "type": "Polygon", "coordinates": [ [ [ -0.3501881, 39.4222661 ], [ -0.3501051, 39.4222711 ], [ -0.349942, 39.4222559 ], [ -0.3457046, 39.4214088 ], [ -0.3440738, 39.4213425 ], [ -0.3441382, 39.4224365 ], [ -0.3457611, 39.4290832 ], [ -0.3437782, 39.4283873 ], [ -0.3406024, 39.4272337 ], [ -0.3375554, 39.4261729 ], [ -0.336777, 39.4258922 ], [ -0.3361601, 39.4258725 ], [ -0.3337641, 39.42579 ], [ -0.3341505, 39.4249443 ], [ -0.3344499, 39.4241891 ], [ -0.334506, 39.4241063 ], [ -0.3345789, 39.4239989 ], [ -0.3345466, 39.4239795 ], [ -0.3345064, 39.4239598 ], [ -0.3343854, 39.424144 ], [ -0.3334252, 39.4238207 ], [ -0.3316318, 39.423138 ], [ -0.3302995, 39.4226274 ], [ -0.3301267, 39.4225659 ], [ -0.3299961, 39.4225659 ], [ -0.329881, 39.4225314 ], [ -0.3298618, 39.4224315 ], [ -0.3299078, 39.4223548 ], [ -0.3300153, 39.4223356 ], [ -0.3301305, 39.4223701 ], [ -0.3302419, 39.4224392 ], [ -0.3304223, 39.4225199 ], [ -0.3312803, 39.4228388 ], [ -0.3315237, 39.4225476 ], [ -0.3318615, 39.4220833 ], [ -0.3321557, 39.4215679 ], [ -0.3324466, 39.4211272 ], [ -0.3327093, 39.4205743 ], [ -0.3329224, 39.4201095 ], [ -0.3333641, 39.4190512 ], [ -0.3336446, 39.4177016 ], [ -0.3336846, 39.4172903 ], [ -0.3335189, 39.416765 ], [ -0.3333182, 39.4164569 ], [ -0.3332322, 39.4162595 ], [ -0.3319063, 39.4165902 ], [ -0.331881, 39.4165448 ], [ -0.3319566, 39.416494 ], [ -0.3331584, 39.4162047 ], [ -0.3332086, 39.4160563 ], [ -0.3331815, 39.4153284 ], [ -0.3331665, 39.4147334 ], [ -0.3328112, 39.4140357 ], [ -0.3328113, 39.4138795 ], [ -0.3328527, 39.4137758 ], [ -0.3328591, 39.4137602 ], [ -0.3328902, 39.4136842 ], [ -0.3328527, 39.4136093 ], [ -0.3324307, 39.4132156 ], [ -0.3318974, 39.4133025 ], [ -0.3309001, 39.413537 ], [ -0.3307683, 39.4135914 ], [ -0.3307246, 39.4135529 ], [ -0.3307297, 39.413503 ], [ -0.3312446, 39.4133751 ], [ -0.3312639, 39.4131744 ], [ -0.3313176, 39.4125515 ], [ -0.3312671, 39.4122016 ], [ -0.331029, 39.4110858 ], [ -0.3306972, 39.4097411 ], [ -0.3305476, 39.4092371 ], [ -0.3303621, 39.4086585 ], [ -0.3302667, 39.40833 ], [ -0.3301533, 39.4080485 ], [ -0.329951, 39.407544 ], [ -0.3298515, 39.4070972 ], [ -0.3297295, 39.406526 ], [ -0.3296162, 39.406208 ], [ -0.3294611, 39.4058102 ], [ -0.3290784, 39.4045359 ], [ -0.3284357, 39.4023139 ], [ -0.3279915, 39.4006882 ], [ -0.3277774, 39.3998299 ], [ -0.3276006, 39.3991972 ], [ -0.3274202, 39.3987075 ], [ -0.3273138, 39.3983186 ], [ -0.3272461, 39.3981256 ], [ -0.3271603, 39.3978119 ], [ -0.3271034, 39.3973872 ], [ -0.3269952, 39.3968334 ], [ -0.3287745, 39.3923617 ], [ -0.3298688, 39.3911843 ], [ -0.3308988, 39.391433 ], [ -0.33077, 39.3904049 ], [ -0.3313709, 39.3891611 ], [ -0.3318107, 39.3868891 ], [ -0.3320575, 39.3849736 ], [ -0.3343964, 39.3851809 ], [ -0.3344715, 39.3834478 ], [ -0.3352118, 39.3834561 ], [ -0.3360808, 39.3855623 ], [ -0.3375786, 39.3852925 ], [ -0.3407498, 39.3880024 ], [ -0.3417258, 39.3889372 ], [ -0.3426692, 39.3901914 ], [ -0.3441151, 39.3917823 ], [ -0.3442441, 39.3919243 ], [ -0.3449799, 39.3932755 ], [ -0.3453443, 39.3941896 ], [ -0.3456156, 39.3945224 ], [ -0.3465176, 39.3961674 ], [ -0.3466611, 39.3965133 ], [ -0.3470882, 39.3970599 ], [ -0.3475666, 39.3975219 ], [ -0.3483898, 39.3981763 ], [ -0.3487944, 39.3984171 ], [ -0.3489666, 39.3988332 ], [ -0.3496964, 39.3997373 ], [ -0.3502021, 39.4001703 ], [ -0.3505246, 39.4004174 ], [ -0.351044, 39.4017925 ], [ -0.3511506, 39.4022234 ], [ -0.3507912, 39.4052002 ], [ -0.3507927, 39.4081687 ], [ -0.3506321, 39.4089053 ], [ -0.3502857, 39.4109046 ], [ -0.3501439, 39.4115887 ], [ -0.3499774, 39.4129467 ], [ -0.3498491, 39.4136049 ], [ -0.3496262, 39.4156812 ], [ -0.3497191, 39.416207 ], [ -0.3497329, 39.4164263 ], [ -0.3497543, 39.4170167 ], [ -0.3497758, 39.4175001 ], [ -0.3498837, 39.4191067 ], [ -0.3500979, 39.4216154 ], [ -0.3501848, 39.422246 ], [ -0.3501881, 39.4222661 ] ] ] } },
{ "type": "Feature", "properties": { "neighborhood": "el Castellar - l'Oliveral", "admin_level": "10" }, "geometry": { "type": "Polygon", "coordinates": [ [ [ -0.3722816, 39.4260335 ], [ -0.370971, 39.4293068 ], [ -0.3707135, 39.4305664 ], [ -0.370574, 39.4334751 ], [ -0.3702395, 39.4355417 ], [ -0.3683147, 39.4353605 ], [ -0.3650899, 39.4350167 ], [ -0.3626008, 39.4347383 ], [ -0.3602147, 39.4341284 ], [ -0.3587556, 39.4336113 ], [ -0.3580089, 39.4333329 ], [ -0.3512025, 39.4309927 ], [ -0.3463379, 39.4292856 ], [ -0.3457611, 39.4290832 ], [ -0.3441382, 39.4224365 ], [ -0.3440738, 39.4213425 ], [ -0.3457046, 39.4214088 ], [ -0.349942, 39.4222559 ], [ -0.3501051, 39.4222711 ], [ -0.3501881, 39.4222661 ], [ -0.350276, 39.4222562 ], [ -0.3503225, 39.4222499 ], [ -0.3509676, 39.4221624 ], [ -0.3514654, 39.4221092 ], [ -0.3518193, 39.4220872 ], [ -0.3530493, 39.4220106 ], [ -0.3531879, 39.4220024 ], [ -0.3532608, 39.4219981 ], [ -0.3534438, 39.4219919 ], [ -0.3535329, 39.4219987 ], [ -0.3535488, 39.4219802 ], [ -0.353636, 39.4218791 ], [ -0.354387, 39.4213508 ], [ -0.354919, 39.4209823 ], [ -0.3549496, 39.4209611 ], [ -0.3549686, 39.4210195 ], [ -0.3553088, 39.4207743 ], [ -0.3562642, 39.4200859 ], [ -0.3563194, 39.4200474 ], [ -0.3567335, 39.4197583 ], [ -0.356921, 39.4196367 ], [ -0.3571305, 39.4195179 ], [ -0.3572209, 39.4195625 ], [ -0.3573082, 39.4196055 ], [ -0.3575731, 39.4196936 ], [ -0.3577488, 39.4197317 ], [ -0.3578751, 39.4197516 ], [ -0.3580268, 39.4197755 ], [ -0.3580661, 39.4197817 ], [ -0.3583311, 39.419765 ], [ -0.3583746, 39.4197561 ], [ -0.3584944, 39.4197317 ], [ -0.3586977, 39.4196722 ], [ -0.3588179, 39.4196317 ], [ -0.3588949, 39.4196151 ], [ -0.3589719, 39.4196151 ], [ -0.3590675, 39.4196198 ], [ -0.3592856, 39.4196434 ], [ -0.3597571, 39.4196943 ], [ -0.3599055, 39.4197103 ], [ -0.3599949, 39.4197127 ], [ -0.3600719, 39.4197031 ], [ -0.3601305, 39.4196844 ], [ -0.3601612, 39.4196746 ], [ -0.3603399, 39.4196079 ], [ -0.360759, 39.4194842 ], [ -0.3610447, 39.4194197 ], [ -0.3616226, 39.4192892 ], [ -0.3618342, 39.4192414 ], [ -0.3620592, 39.4192961 ], [ -0.3622101, 39.4193199 ], [ -0.3623703, 39.4193271 ], [ -0.3625309, 39.4193361 ], [ -0.3626724, 39.4193553 ], [ -0.3628069, 39.419399 ], [ -0.3630865, 39.4195111 ], [ -0.3634263, 39.4196341 ], [ -0.3637802, 39.4197599 ], [ -0.3640881, 39.4198501 ], [ -0.3643059, 39.419896 ], [ -0.3644084, 39.4199019 ], [ -0.3647883, 39.4200092 ], [ -0.3648196, 39.4200415 ], [ -0.3648277, 39.420083 ], [ -0.3647063, 39.4205383 ], [ -0.3646218, 39.4209205 ], [ -0.3645572, 39.4209979 ], [ -0.3651269, 39.4211304 ], [ -0.3653768, 39.4212212 ], [ -0.3660775, 39.421571 ], [ -0.3667781, 39.4218883 ], [ -0.3679503, 39.4223933 ], [ -0.3696715, 39.4230961 ], [ -0.3705245, 39.4234443 ], [ -0.3719631, 39.4241792 ], [ -0.3718444, 39.4244939 ], [ -0.3717072, 39.4248576 ], [ -0.3715413, 39.4252071 ], [ -0.3713995, 39.4255056 ], [ -0.3714002, 39.4255367 ], [ -0.3714014, 39.4255876 ], [ -0.3714629, 39.4256423 ], [ -0.3721735, 39.4259819 ], [ -0.3722816, 39.4260335 ] ] ] } },
{ "type": "Feature", "properties": { "neighborhood": "el Forn d'Alcedo", "admin_level": "10" }, "geometry": { "type": "Polygon", "coordinates": [ [ [ -0.3886413, 39.433432 ], [ -0.3871384, 39.4371596 ], [ -0.3774324, 39.4362099 ], [ -0.3729177, 39.4357989 ], [ -0.3702395, 39.4355417 ], [ -0.370574, 39.4334751 ], [ -0.3707135, 39.4305664 ], [ -0.370971, 39.4293068 ], [ -0.3722816, 39.4260335 ], [ -0.372756, 39.4262824 ], [ -0.3730644, 39.4264442 ], [ -0.3736607, 39.4266245 ], [ -0.3744028, 39.4267159 ], [ -0.3761584, 39.4270289 ], [ -0.3767028, 39.4271739 ], [ -0.3776383, 39.4275893 ], [ -0.3779125, 39.4276855 ], [ -0.3784331, 39.4279023 ], [ -0.378573, 39.4279646 ], [ -0.3787637, 39.4280785 ], [ -0.3791071, 39.4282509 ], [ -0.3796821, 39.4286553 ], [ -0.3803945, 39.4291658 ], [ -0.3807938, 39.4294571 ], [ -0.3813215, 39.429842 ], [ -0.3819199, 39.4302419 ], [ -0.3822636, 39.4304325 ], [ -0.3824049, 39.4305108 ], [ -0.3828284, 39.430775 ], [ -0.3833285, 39.4311571 ], [ -0.3836547, 39.4313345 ], [ -0.3840766, 39.4315884 ], [ -0.384279, 39.4316967 ], [ -0.384453, 39.4317832 ], [ -0.3850541, 39.4320805 ], [ -0.3856568, 39.4323298 ], [ -0.3859376, 39.4324632 ], [ -0.3865771, 39.43267 ], [ -0.3873286, 39.4328804 ], [ -0.3876, 39.4330093 ], [ -0.388249, 39.4333103 ], [ -0.3885036, 39.4333893 ], [ -0.3886413, 39.433432 ] ] ] } }
]
}
