ID,Company,Type,Infrastructure,Type Infrastructure,City,Zip Code,Location,Address,Latitude,Longitude,Company_raw,Type_raw,Infrastructure_raw,Type Infrastructure_raw,City_raw,Location_raw,Address_raw,Zip Code_raw,Import_Source,Import_Classification,Data_Quality_Flag
1,InPost,Convenience Stores,Privada,Premises,Valencia,46001,Perfumarte Maria Cristina,"C. de María Cristina, 9",39.47310955975495,-0.377633211837713,InPost,Convenience stores,Private,Premises,Valencia,Perfumarte Maria Cristina,"C. de María Cristina, 9",46001.0,,,
2,InPost,Locker,Privada,Premises,Valencia,46003,Carmen Laundry,"C. de Alejandra Soler, 9",39.47756090944269,-0.3828099665562772,InPost,Lockers,Private,Premises,Valencia,Carmen Laundry,"C. de Alejandra Soler, 9",46003.0,,,
3,InPost,Convenience Stores,Privada,Premises,Valencia,46001,Valira Tienda De Fabrica,"Calle del Músico Peydró, 30",39.47179659723847,-0.3784938211122619,InPost,Convenience stores,Private,Premises,Valencia,Valira Tienda De Fabrica,"Calle del Músico Peydró, 30",46001.0,,,
4,InPost,Convenience Stores,Privada,Premises,Valencia,46003,Economy Print,"C/ de Ripalda, 20",39.47889580112418,-0.3812462309078208,InPost,Convenience stores,Private,Premises,Valencia,Economy Print,"C/ de Ripalda, 20",46003.0,,,
5,InPost,Locker,Privada,Premises,Valencia,46008,Carmen Laundry 2,"C. de Quart, 125",39.47473011396571,-0.3901642470217949,InPost,Lockers,Private,Premises,Valencia,Carmen Laundry 2,"C. de Quart, 125",46008.0,,,
6,InPost,Locker,Privada,Supermarket,Valencia,46008,Dia C/ Juan Llorens,"C. de Juan Llorens, 10",39.47356343765982,-0.3913135158114307,InPost,Lockers,Private,Supermarket,Valencia,Dia C/ Juan Llorens,"C. de Juan Llorens, 10",46008.0,,,
7,InPost,Locker,Privada,Supermarket,Valencia,46003,Superm Charter C/Salvado,"C/ de Salvador Giner, 22",39.48075067455666,-0.3798377191040145,InPost,Lockers,Private,Supermarket,Valencia,Superm Charter C/Salvado,"C/ de Salvador Giner, 22",46003.0,,,
8,InPost,Convenience Stores,Privada,Kiosk,Valencia,46008,El Quiosc,C. de San Ignacio de Loyola,39.47389899460428,-0.3896573891830816,InPost,Convenience stores,Private,Kiosk,Valencia,El Quiosc,C. de San Ignacio de Loyola,46008.0,,,
9,InPost,Convenience Stores,Privada,Premises,Valencia,46008,Expendeduria 156,"C. de Calixto III, 1",39.47253854767568,-0.3867316660609,InPost,Convenience stores,Private,Premises,Valencia,Expendeduria 156,"C. de Calixto III, 1",46008.0,,,
10,InPost,Convenience Stores,Privada,Premises,Valencia,46008,Kalinopa,"Gran Vía de Fernando el Católico, 56",39.473999706363465,-0.3868670342211692,InPost,Convenience stores,Private,Premises,Valencia,Kalinopa,"Gran Vía de Fernando el Católico, 56",46008.0,,,
11,InPost,Convenience Stores,Privada,Premises,Valencia,46008,Outlet Destino 8,"C/ Angel Guimera, 30",39.47034447468592,-0.3868492440298763,InPost,Convenience stores,Private,Premises,Valencia,Outlet Destino 8,"C/ Angel Guimera, 30",46008.0,,,
12,InPost,Locker,Privada,Premises,Valencia,46003,Lacolada Ciutat Vella,"C. de la Blanqueria, 9",39.48015886194766,-0.377359092388655,InPost,Lockers,Private,Premises,Valencia,Lacolada Ciutat Vella,"C. de la Blanqueria, 9",46003.0,,,
13,InPost,Convenience Stores,Privada,Premises,Valencia,46008,Milar Gran Via,"Gran Vía de Fernando el Católico, 3",39.46946482690077,-0.3846478777238517,InPost,Convenience stores,Private,Premises,Valencia,Milar Gran Via,"Gran Vía de Fernando el Católico, 3",46008.0,,,
14,InPost,Convenience Stores,Privada,Premises,Valencia,46003,Naturalworld,"Carrer de Roteros, 2",39.47915825477076,-0.3762365408354187,InPost,Convenience stores,Private,Premises,Valencia,Naturalworld,"Carrer de Roteros, 2",46003.0,,,
15,InPost,Convenience Stores,Privada,Premises,Valencia,46008,Plantas Y Flores Lantana,Calle de Sta. María Micaela,39.47227140704873,-0.3920542507520121,InPost,Convenience stores,Private,Premises,Valencia,Plantas Y Flores Lantana,Calle de Sta. María Micaela,46008.0,,,
16,InPost,Convenience Stores,Privada,Premises,Valencia,46009,El Trebol Del Turia,"Av. de Burjassot, 18",39.484222876226845,-0.3825261752885064,InPost,Convenience stores,Private,Premises,Valencia,El Trebol Del Turia,"Av. de Burjassot, 18",46009.0,,,
17,InPost,Convenience Stores,Privada,Premises,Valencia,46008,Firdos Movil,"C. de Martín el Humano, 30",39.46981902183968,-0.3902598607606746,InPost,Convenience stores,Private,Premises,Valencia,Firdos Movil,"C. de Martín el Humano, 30",46008.0,,,
18,InPost,Locker,Privada,Gym,Valencia,46009,Gimnasio Deportivo Okina,"C. del Padre Ferris, 28",39.48456527859329,-0.3854917629750939,InPost,Lockers,Private,Gym,Valencia,Gimnasio Deportivo Okina,"C. del Padre Ferris, 28",46009.0,,,
19,InPost,Convenience Stores,Privada,Premises,Valencia,46003,Estanco N 3,"Pl. de Manises, 1",39.47706756476296,-0.3768830371436411,InPost,Convenience stores,Private,Premises,Valencia,Estanco N 3,"Pl. de Manises, 1",46003.0,,,
20,InPost,Convenience Stores,Privada,Premises,Valencia,46008,Bazar 28 De Septiembre,"C/ Guillem de Castro, 69",39.471498689873805,-0.3838940968876781,InPost,Convenience stores,Private,Premises,Valencia,Bazar 28 De Septiembre,"C/ Guillem de Castro, 69",46008.0,,,
21,InPost,Convenience Stores,Privada,Premises,Valencia,46018,Estanco Maria,"C/ de la Democracia, 50",39.47389837850953,-0.4004610214738694,InPost,Convenience stores,Private,Premises,Valencia,Estanco Maria,"C/ de la Democracia, 50",46018.0,,,
22,InPost,Convenience Stores,Privada,Kiosk,Valencia,46018,Eurollibreria,"C. Manolo Taberner, 38",39.471353308021655,-0.3981564036555148,InPost,Convenience stores,Private,Kiosk,Valencia,Eurollibreria,"C. Manolo Taberner, 38",46018.0,,,
23,InPost,Convenience Stores,Privada,Kiosk,Valencia,46015,Kiosco Papeleria Arco Iris,"Av. de Manuel de Falla, 3",39.47659387597814,-0.3985098410800225,InPost,Convenience stores,Private,Kiosk,Valencia,Kiosco Papeleria Arco Iris,"Av. de Manuel de Falla, 3",46015.0,,,
24,InPost,Convenience Stores,Privada,Supermarket,Valencia,46015,Supermercado Tandy,"Av. del Maestro Rodrigo, 15",39.47773862738112,-0.3980739071241684,InPost,Convenience stores,Private,Supermarket,Valencia,Supermercado Tandy,"Av. del Maestro Rodrigo, 15",46015.0,,,
25,InPost,Convenience Stores,Privada,Premises,Valencia,46018,Suico Papeleria Librería,"C. Brasil, 12",39.47131524227039,-0.3957866786862146,InPost,Convenience stores,Private,Premises,Valencia,Suico Papeleria Librería,"C. Brasil, 12",46018.0,,,
26,InPost,Convenience Stores,Privada,Premises,Valencia,46008,Miss Buye,"C. Buen Orden, 12",39.46689043663387,-0.3865841124502649,InPost,Convenience stores,Private,Premises,Valencia,Miss Buye,"C. Buen Orden, 12",46008.0,,,
27,InPost,Convenience Stores,Privada,Premises,Valencia,46007,Avalon Papeleria,"C. de Albacete, 4",39.465437552152615,-0.3827902412627987,InPost,Convenience stores,Private,Premises,Valencia,Avalon Papeleria,"C. de Albacete, 4",46007.0,,,
28,InPost,Convenience Stores,Privada,Premises,Valencia,46007,Mi Phone,"Calle del Matemàtico Marzal, 1",39.46701890244549,-0.3802005585216838,InPost,Convenience stores,Private,Premises,Valencia,Mi Phone,"Calle del Matemàtico Marzal, 1",46007.0,,,
29,InPost,Convenience Stores,Privada,Premises,Valencia,46015,Tintoreria La Bruixeta,C/ de la Vall de la Ballestera,39.47918045088472,-0.4002268027109057,InPost,Convenience stores,Private,Premises,Valencia,Tintoreria La Bruixeta,C/ de la Vall de la Ballestera,46015.0,,,
30,InPost,Convenience Stores,Privada,Premises,Valencia,46015,Loteria Marcos Y Fotografias,C/ de la Vall de la Ballestera,39.47918045088472,-0.4002268027109057,InPost,Convenience stores,Private,Premises,Valencia,Loteria Marcos Y Fotografias,C/ de la Vall de la Ballestera,46015.0,,,
31,InPost,Locker,Privada,Premises,Valencia,46015,Laundry Park Campanar,C. Marqués de San Juan,39.47818379223094,-0.3970245228082928,InPost,Lockers,Private,Premises,Valencia,Laundry Park Campanar,C. Marqués de San Juan,46015.0,,,
32,InPost,Convenience Stores,Privada,Premises,Valencia,46018,Herbolario Valle De Angeles,"C. de Linares, 20",39.46921563808978,-0.3945886314929473,InPost,Convenience stores,Private,Premises,Valencia,Herbolario Valle De Angeles,"C. de Linares, 20",46018.0,,,
33,InPost,Convenience Stores,Privada,Premises,Valencia,46018,Edpack,"C/ Luis Lamarca, 13",39.47117118324263,-0.4006219950671602,InPost,Convenience stores,Private,Premises,Valencia,Edpack,"C/ Luis Lamarca, 13",46018.0,,,
34,InPost,Locker,Privada,Premises,Valencia,46009,Lavanderia Pina Colada,"C. de Gil Roger, 8",39.486260366203446,-0.3895799694719423,InPost,Lockers,Private,Premises,Valencia,Lavanderia Pina Colada,"C. de Gil Roger, 8",46009.0,,,
35,InPost,Convenience Stores,Privada,Premises,Valencia,46009,Plasticos Mas Masia,"C. Maximiliano Thous, 10",39.48792112843391,-0.3759129429379055,InPost,Convenience stores,Private,Premises,Valencia,Plasticos Mas Masia,"C. Maximiliano Thous, 10",46009.0,,,
36,InPost,Convenience Stores,Privada,Premises,Valencia,46007,Outlet Destino 7,"C. de Pelayo, 34",39.46588619078027,-0.3792181958704386,InPost,Convenience stores,Private,Premises,Valencia,Outlet Destino 7,"C. de Pelayo, 34",46007.0,,,
37,InPost,Convenience Stores,Privada,Premises,Valencia,46007,Uno Electro,"C. de Honorato Juan, 2",39.46435932220713,-0.3861947452685974,InPost,Convenience stores,Private,Premises,Valencia,Uno Electro,"C. de Honorato Juan, 2",46007.0,,,
38,InPost,Convenience Stores,Privada,Premises,Valencia,46007,Passatems I Oci,"C/ de Jesús, 94",39.4620465826638,-0.387355635440246,InPost,Convenience stores,Private,Premises,Valencia,Passatems I Oci,"C/ de Jesús, 94",46007.0,,,
39,InPost,Convenience Stores,Privada,Premises,Valencia,46025,Mercamundo,Av. del Dr. Peset Aleixandre,39.49048168284261,-0.3817729828731399,InPost,Convenience stores,Private,Premises,Valencia,Mercamundo,Av. del Dr. Peset Aleixandre,46025.0,,,
40,InPost,Convenience Stores,Privada,Premises,Valencia,46003,Libreria Papeleria Regolf,"C. del Mar, 47",39.47357531882066,-0.3710040552328909,InPost,Convenience stores,Private,Premises,Valencia,Libreria Papeleria Regolf,"C. del Mar, 47",46003.0,,,
41,InPost,Convenience Stores,Privada,Premises,Valencia,46025,Reparacion De Calzado Soriano,"C/ Loriguilla, 3",39.49023373164648,-0.3864115537499547,InPost,Convenience stores,Private,Premises,Valencia,Reparacion De Calzado Soriano,"C/ Loriguilla, 3",46025.0,,,
42,InPost,Convenience Stores,Privada,Premises,Valencia,46009,Papeleria Mussol,"C. de Platero Suárez, 16",39.48580546265062,-0.3729528431558834,InPost,Convenience stores,Private,Premises,Valencia,Papeleria Mussol,"C. de Platero Suárez, 16",46009.0,,,
43,InPost,Convenience Stores,Privada,Premises,Valencia,46007,El Saloncito De Anna,"C/ Estrella, 15",39.46578806473263,-0.3806588887195551,InPost,Convenience stores,Private,Premises,Valencia,El Saloncito De Anna,"C/ Estrella, 15",46007.0,,,
44,InPost,Convenience Stores,Privada,Premises,Valencia,46010,Loterias Vimas,"C. Alboraya, 48",39.48495863469806,-0.3691181597630499,InPost,Convenience stores,Private,Premises,Valencia,Loterias Vimas,"C. Alboraya, 48",46010.0,,,
45,InPost,Convenience Stores,Privada,Premises,Valencia,46015,Tentaciones,"Av. Tamarindos, 33",39.47884661566245,-0.4024293543673231,InPost,Convenience stores,Private,Premises,Valencia,Tentaciones,"Av. Tamarindos, 33",46015.0,,,
46,InPost,Convenience Stores,Privada,Premises,Valencia,46018,Eco Estore Patraix,"Calle Maestro Bellver, 24",39.46555591042761,-0.3918721724721811,InPost,Convenience stores,Private,Premises,Valencia,Eco Estore Patraix,"Calle Maestro Bellver, 24",46018.0,,,
47,InPost,Convenience Stores,Privada,Premises,Valencia,46018,Jd Market,"Carrer de Burgos, 3",39.46951615581797,-0.3996254556775893,InPost,Convenience stores,Private,Premises,Valencia,Jd Market,"Carrer de Burgos, 3",46018.0,,,
48,InPost,Convenience Stores,Privada,Premises,Valencia,46003,Ferreteria Galan,"C/ de la Nave, 20",39.47212357470673,-0.3714693442645322,InPost,Convenience stores,Private,Premises,Valencia,Ferreteria Galan,"C/ de la Nave, 20",46003.0,,,
49,InPost,Convenience Stores,Privada,Premises,Valencia,46010,Power Navi Informatica,"C. Pintor Vilar, 14",39.48226440745045,-0.3702932937583059,InPost,Convenience stores,Private,Premises,Valencia,Power Navi Informatica,"C. Pintor Vilar, 14",46010.0,,,
50,InPost,Convenience Stores,Privada,Premises,Valencia,46009,Papeleria Mapamundi,"Av. de la Constitución, 136",39.49012512090312,-0.375301129334487,InPost,Convenience stores,Private,Premises,Valencia,Papeleria Mapamundi,"Av. de la Constitución, 136",46009.0,,,
51,InPost,Convenience Stores,Privada,Premises,Valencia,46007,Cbox Valencia,"Av. de Giorgeta, 30",39.459046547032166,-0.3844345345356533,InPost,Convenience stores,Private,Premises,Valencia,Cbox Valencia,"Av. de Giorgeta, 30",46007.0,,,
52,InPost,Convenience Stores,Privada,Kiosk,Valencia,46009,Kiosco Acme,"C/ del Padre Urbano, 37",39.48935970989911,-0.3722556236795907,InPost,Convenience stores,Private,Kiosk,Valencia,Kiosco Acme,"C/ del Padre Urbano, 37",46009.0,,,
53,InPost,Convenience Stores,Privada,Premises,Valencia,46010,Le Parisien Nailsbeauty Bar,"Pl. de la Legión Española, 12",39.47864157920949,-0.3665946555081119,InPost,Convenience stores,Private,Premises,Valencia,Le Parisien Nailsbeauty Bar,"Pl. de la Legión Española, 12",46010.0,,,
54,InPost,Convenience Stores,Privada,Premises,Valencia,46007,Fruteria Internacional,"Av. de Gaspar Aguilar, 13",39.45888094926895,-0.3888369565695674,InPost,Convenience stores,Private,Premises,Valencia,Fruteria Internacional,"Av. de Gaspar Aguilar, 13",46007.0,,,
55,InPost,Convenience Stores,Privada,Premises,Valencia,46025,Perfumarte Juan Xxiii,"Av. de Juan XXIII, 4",39.49083590068663,-0.3819775182880032,InPost,Convenience stores,Private,Premises,Valencia,Perfumarte Juan Xxiii,"Av. de Juan XXIII, 4",46025.0,,,
56,InPost,Convenience Stores,Privada,Premises,Valencia,46015,Mioptico Campanar,"Av. de Manuel de Falla, 13",39.47733539697087,-0.4050743724855861,InPost,Convenience stores,Private,Premises,Valencia,Mioptico Campanar,"Av. de Manuel de Falla, 13",46015.0,,,
57,InPost,Convenience Stores,Privada,Premises,Valencia,46025,Charmotal,"C. Félix del Río, 45",39.49135284886025,-0.3835763358986839,InPost,Convenience stores,Private,Premises,Valencia,Charmotal,"C. Félix del Río, 45",46025.0,,,
58,InPost,Convenience Stores,Privada,Premises,Valencia,46003,La Presencia Magica,"C. del Mar, 11",39.47429314252472,-0.3747231022641966,InPost,Convenience stores,Private,Premises,Valencia,La Presencia Magica,"C. del Mar, 11",46003.0,,,
59,InPost,Convenience Stores,Privada,Premises,Valencia,46018,Ilusionarte,Carrer de Fontanars dels Alforins,39.46032411304509,-0.3941860378088671,InPost,Convenience stores,Private,Premises,Valencia,Ilusionarte,Carrer de Fontanars dels Alforins,46018.0,,,
60,InPost,Convenience Stores,Privada,Premises,Valencia,46004,Uala Accesorios Ruzafa,"C/ de Russafa, 14",39.46663084053073,-0.3745823273944396,InPost,Convenience stores,Private,Premises,Valencia,Uala Accesorios Ruzafa,"C/ de Russafa, 14",46004.0,,,
61,InPost,Convenience Stores,Privada,Premises,Valencia,46010,Prink Primado Reig,"Av. Primado Reig, 54",39.48708988687053,-0.3670157966499422,InPost,Convenience stores,Private,Premises,Valencia,Prink Primado Reig,"Av. Primado Reig, 54",46010.0,,,
62,InPost,Locker,Privada,Service Station,Valencia,46035,24/7 Lion Energy,C/ de la Vall de la Ballestera,39.47935905000482,-0.4002467324836345,InPost,Lockers,Private,Service Station,Valencia,24/7 Lion Energy,C/ de la Vall de la Ballestera,46035.0,,,
63,InPost,Convenience Stores,Privada,Premises,Valencia,46004,Zeustreetwear,"C. de Cádiz, 58",39.461365138798726,-0.3731432506554337,InPost,Convenience stores,Private,Premises,Valencia,Zeustreetwear,"C. de Cádiz, 58",46004.0,,,
64,InPost,Locker,Privada,Gym,Valencia,46020,Gimnasio Forma Sport Alb,"Camí Vell d'Alboraia, 20",39.48830920971478,-0.3664734572569786,InPost,Lockers,Private,Gym,Valencia,Gimnasio Forma Sport Alb,"Camí Vell d'Alboraia, 20",46020.0,,,
65,InPost,Locker,Privada,Kiosk,Valencia,46018,Kiosco Patraix,C. Dibujante Manuel Gago,39.46233660602732,-0.3909836070460281,InPost,Lockers,Private,Kiosk,Valencia,Kiosco Patraix,C. Dibujante Manuel Gago,46018.0,,,
66,InPost,Locker,Privada,Premises,Valencia,46014,Laundry Park Patraix,"C/ de Torrent, 1",39.46232867970826,-0.399141610393207,InPost,Lockers,Private,Premises,Valencia,Laundry Park Patraix,"C/ de Torrent, 1",46014.0,,,
67,InPost,Convenience Stores,Privada,Service Station,Valencia,46009,24/7 Galp Valencia Prima,"Av. Primado Reig, 10",39.49060959797679,-0.3720488498338424,InPost,Convenience stores,Private,Service Station,Valencia,24/7 Galp Valencia Prima,"Av. Primado Reig, 10",46009.0,,,
68,InPost,Locker,Privada,Kiosk,Valencia,46025,Kiosco Loterial Peset,Av. del Dr. Peset Aleixandre,39.49062304057176,-0.3816933984675658,InPost,Lockers,Private,Kiosk,Valencia,Kiosco Loterial Peset,Av. del Dr. Peset Aleixandre,46025.0,,,
69,InPost,Convenience Stores,Privada,Gym,Valencia,46006,Gimnasio Forma Sport Ruz,"C. de Sueca, 20",39.46243751114118,-0.3759625429192373,InPost,Convenience stores,Private,Gym,Valencia,Gimnasio Forma Sport Ruz,"C. de Sueca, 20",46006.0,,,
70,InPost,Convenience Stores,Privada,Premises,Valencia,46005,Papeleria Alpe,"C. Músico Padilla, 4",39.463383738390085,-0.3706942417036159,InPost,Convenience stores,Private,Premises,Valencia,Papeleria Alpe,"C. Músico Padilla, 4",46005.0,,,
71,InPost,Convenience Stores,Privada,Premises,Valencia,46005,Floristeria Azalea,"C. del Maestro Gozalbo, 4",39.46624824876887,-0.3700545125434768,InPost,Convenience stores,Private,Premises,Valencia,Floristeria Azalea,"C. del Maestro Gozalbo, 4",46005.0,,,
72,InPost,Convenience Stores,Privada,Premises,Valencia,46014,Perfumarte,Carrer de Fontanars dels Alforins,39.460241217686,-0.3941320764018597,InPost,Convenience stores,Private,Premises,Valencia,Perfumarte,Carrer de Fontanars dels Alforins,46014.0,,,
73,InPost,Convenience Stores,Privada,Premises,Valencia,46004,Eton,"C. de Pizarro, 19",39.467201302079474,-0.3716966569178055,InPost,Convenience stores,Private,Premises,Valencia,Eton,"C. de Pizarro, 19",46004.0,,,
74,InPost,Convenience Stores,Privada,Premises,Valencia,46004,Mascleta Bike Rental,"C. de Cuba, 1",39.46340021298703,-0.3775945713577464,InPost,Convenience stores,Private,Premises,Valencia,Mascleta Bike Rental,"C. de Cuba, 1",46004.0,,,
75,InPost,Convenience Stores,Privada,Premises,Valencia,46020,Ananda,"Carrer d'Albocàsser, 25",39.48724186249662,-0.3643448615267514,InPost,Convenience stores,Private,Premises,Valencia,Ananda,"Carrer d'Albocàsser, 25",46020.0,,,
76,InPost,Convenience Stores,Privada,Premises,Valencia,46015,Herboristeria Flor Del Turia,"Carrer de la Serra Martés, 18",39.48866961346318,-0.3923688245138712,InPost,Convenience stores,Private,Premises,Valencia,Herboristeria Flor Del Turia,"Carrer de la Serra Martés, 18",46015.0,,,
77,InPost,Convenience Stores,Privada,Premises,Valencia,46006,Ibertinta Valencia,"Av. de Peris y Valero, 85",39.458962907307736,-0.3719899146829322,InPost,Convenience stores,Private,Premises,Valencia,Ibertinta Valencia,"Av. de Peris y Valero, 85",46006.0,,,
78,InPost,Locker,Privada,Premises,Valencia,46019,Lacolada Alcanyis,"C/ d'Alcanyís, 5",39.49197592604522,-0.3776732879921231,InPost,Lockers,Private,Premises,Valencia,Lacolada Alcanyis,"C/ d'Alcanyís, 5",46019.0,,,
79,InPost,Locker,Privada,Premises,Valencia,46010,Lavanda Mestalla,"Av. de Suecia, 5",39.47393398296257,-0.35997191289136,InPost,Lockers,Private,Premises,Valencia,Lavanda Mestalla,"Av. de Suecia, 5",46010.0,,,
80,InPost,Convenience Stores,Privada,Premises,Valencia,46004,Geles,"C/ Gral. San Martín, 12",39.4655823053066,-0.3749256409096501,InPost,Convenience stores,Private,Premises,Valencia,Geles,"C/ Gral. San Martín, 12",46004.0,,,
81,InPost,Convenience Stores,Privada,Premises,Valencia,46005,Ferreteria Insa Valencia,"Calle de Matías Perelló, 8",39.461033838370135,-0.3689090926299903,InPost,Convenience stores,Private,Premises,Valencia,Ferreteria Insa Valencia,"Calle de Matías Perelló, 8",46005.0,,,
82,InPost,Convenience Stores,Privada,Kiosk,Valencia,46010,Kiosco Jaime Roig,"C. Jaime Roig, 25",39.48356997429615,-0.363318719102657,InPost,Convenience stores,Private,Kiosk,Valencia,Kiosco Jaime Roig,"C. Jaime Roig, 25",46010.0,,,
83,InPost,Convenience Stores,Privada,Premises,Valencia,46020,Dulce Espacio,"C. de Dolores Marqués, 19",39.48744204422851,-0.3627402290939108,InPost,Convenience stores,Private,Premises,Valencia,Dulce Espacio,"C. de Dolores Marqués, 19",46020.0,,,
84,InPost,Convenience Stores,Privada,Premises,Valencia,46010,Papeleria Harcor,"C. de Álvaro de Bazán, 23",39.48101130540177,-0.3608479739821552,InPost,Convenience stores,Private,Premises,Valencia,Papeleria Harcor,"C. de Álvaro de Bazán, 23",46010.0,,,
85,InPost,Convenience Stores,Privada,Premises,Valencia,46005,Watermelon Phone World,Av. del Reino de Valencia,39.46382775645549,-0.367189808809757,InPost,Convenience stores,Private,Premises,Valencia,Watermelon Phone World,Av. del Reino de Valencia,46005.0,,,
86,InPost,Convenience Stores,Privada,Premises,Valencia,46023,Geekfy,"Av. del Puerto, 18",39.468388707949394,-0.3593242905828013,InPost,Convenience stores,Private,Premises,Valencia,Geekfy,"Av. del Puerto, 18",46023.0,,,
87,InPost,Convenience Stores,Privada,Premises,Valencia,46005,Estanco Joaquin Costa,"C. Joaquín Costa, 44",39.46457346458152,-0.3662468638862285,InPost,Convenience stores,Private,Premises,Valencia,Estanco Joaquin Costa,"C. Joaquín Costa, 44",46005.0,,,
88,InPost,Convenience Stores,Privada,Premises,Valencia,46010,Estanco Amadeo Saboya,"C. de Amadeo de Saboya, 24",39.47300758687527,-0.3595388945752227,InPost,Convenience stores,Private,Premises,Valencia,Estanco Amadeo Saboya,"C. de Amadeo de Saboya, 24",46010.0,,,
89,InPost,Convenience Stores,Privada,Premises,Valencia,46006,Holamobi Ruzafa,"C. Francisco Sempere, 11",39.46150757668239,-0.3714362578928818,InPost,Convenience stores,Private,Premises,Valencia,Holamobi Ruzafa,"C. Francisco Sempere, 11",46006.0,,,
90,InPost,Convenience Stores,Privada,Premises,Valencia,46005,Papeleria Barco De Papel,"C. de Salamanca, 47",39.46469930886759,-0.3628144795214239,InPost,Convenience stores,Private,Premises,Valencia,Papeleria Barco De Papel,"C. de Salamanca, 47",46005.0,,,
91,InPost,Convenience Stores,Privada,Kiosk,Valencia,46010,Kiosco Mestalla,"C. Micer Mascó, 19",39.47560756636007,-0.3620333555475531,InPost,Convenience stores,Private,Kiosk,Valencia,Kiosco Mestalla,"C. Micer Mascó, 19",46010.0,,,
92,InPost,Convenience Stores,Privada,Premises,Valencia,46020,Taller De Marcos,"C. Ramón Asensio, 5",39.482337124959365,-0.3587815235147008,InPost,Convenience stores,Private,Premises,Valencia,Taller De Marcos,"C. Ramón Asensio, 5",46020.0,,,
93,InPost,Convenience Stores,Privada,Premises,Valencia,46004,Cerdan Quilis Sl,Av. de Amado Granell Mesado,39.45590989080436,-0.3625946387268287,InPost,Convenience stores,Private,Premises,Valencia,Cerdan Quilis Sl,Av. de Amado Granell Mesado,46004.0,,,
94,InPost,Convenience Stores,Privada,Premises,Valencia,46020,Az Soluciones Contables,Calle Dr. Garcia Brustenga,39.480738704296485,-0.3570443322238815,InPost,Convenience stores,Private,Premises,Valencia,Az Soluciones Contables,Calle Dr. Garcia Brustenga,46020.0,,,
95,InPost,Convenience Stores,Privada,Premises,Valencia,46004,Locutorio Paris,"C. de Luis Oliag, 40",39.46101263079718,-0.3648091301718074,InPost,Convenience stores,Private,Premises,Valencia,Locutorio Paris,"C. de Luis Oliag, 40",46004.0,,,
96,InPost,Locker,Privada,Parking,Valencia,46021,24/7 Parking Apk2 Aragon,"Carrer de Xile, s/n",39.47178653962879,-0.356370271137981,InPost,Lockers,Private,Parking,Valencia,24/7 Parking Apk2 Aragon,"Carrer de Xile, s/n",46021.0,,,
97,InPost,Locker,Privada,Premises,Valencia,46010,Blue Onyx Lavanderia,"C. de Menéndez y Pelayo, 24",39.47846682104921,-0.3554090241374535,InPost,Lockers,Private,Premises,Valencia,Blue Onyx Lavanderia,"C. de Menéndez y Pelayo, 24",46010.0,,,
98,InPost,Convenience Stores,Privada,Premises,Valencia,46004,Js Moviles,"Av. Dr. Waksman, 25",39.45662198521995,-0.3725919512906043,InPost,Convenience stores,Private,Premises,Valencia,Js Moviles,"Av. Dr. Waksman, 25",46004.0,,,
99,Correos,Locker,Pública,Public Facility,Valencia,46009,Correos Valencia Suc 5. La SaãDia,"Av. de la Constitución, 111",39.49035630671944,-0.375452129865151,Correos,Lockers,Public,Public facility,Valencia,Correos Valencia Suc 5. La SaãDia,"Av. de la Constitución, 111",46009.0,,,
100,Correos,Locker,Privada,Supermarket,Valencia,46008,Supermercados Consum,"C/ Angel Guimera, 70",39.46979785891765,-0.3909711411682767,Correos,Lockers,Private,Supermarket,Valencia,Supermercados Consum,"C/ Angel Guimera, 70",46008.0,,,
101,Correos,Locker,Privada,Supermarket,Valencia,46021,Supermercados Consum,"Av. del Puerto, 79",39.466254800295886,-0.3524817336293045,Correos,Lockers,Private,Supermarket,Valencia,Supermercados Consum,"Av. del Puerto, 79",46021.0,,,
102,Correos,Locker,Privada,Supermarket,Valencia,46006,Supermercados Consum,"C. de Sueca, 34",39.46141306231918,-0.3750785067165566,Correos,Lockers,Private,Supermarket,Valencia,Supermercados Consum,"C. de Sueca, 34",46006.0,,,
103,Correos,Locker,Privada,Supermarket,Valencia,46010,Supermercados Consum,"C. Alboraya, 31",39.48285278565497,-0.3704926740639288,Correos,Lockers,Private,Supermarket,Valencia,Supermercados Consum,"C. Alboraya, 31",46010.0,,,
104,Correos,Lsp Pudos,Pública,Public Facility,Valencia,46021,Correos Valencia Suc 13. Algirã’s,"C. del Poeta Mas y Ros, 20",39.47105061897009,-0.3497979010943048,Correos,LSP PUDOs,Public,Public facility,Valencia,Correos Valencia Suc 13. Algirã’s,"C. del Poeta Mas y Ros, 20",46021.0,,,
105,Correos,Lsp Pudos,Pública,Public Facility,Valencia,46011,Correos Valencia Suc 6. Puerto,"C. Dr. Juan José Dómine, 13",39.46221975511138,-0.3314543872585992,Correos,LSP PUDOs,Public,Public facility,Valencia,Correos Valencia Suc 6. Puerto,"C. Dr. Juan José Dómine, 13",46011.0,,,
106,Correos,Locker,Pública,Public Facility,Valencia,46021,Correos Valencia Suc 13. Algirã’s,"C. del Poeta Mas y Ros, 20",39.47105061897009,-0.3497979010943048,Correos,Lockers,Public,Public facility,Valencia,Correos Valencia Suc 13. Algirã’s,"C. del Poeta Mas y Ros, 20",46021.0,,,
107,Correos,Locker,Pública,Public Facility,Valencia,46011,Correos Valencia Suc 6. Puerto,"C. Dr. Juan José Dómine, 13",39.46221975511138,-0.3314543872585992,Correos,Lockers,Public,Public facility,Valencia,Correos Valencia Suc 6. Puerto,"C. Dr. Juan José Dómine, 13",46011.0,,,
108,Correos,Locker,Pública,Public Infrastructure,Valencia,46004,Estacion De Metro Xativa,"C. Xátiva, s/n",39.46761031087426,-0.3768970377143659,Correos,Lockers,Public,Public Infrastructure,Valencia,Estacion De Metro Xativa,"C. Xátiva, s/n",46004.0,,,
109,Correos,Lsp Pudos,Pública,Public Facility,Valencia,46023,Correos Valencia Suc 22. El Corte Inglã‰S Av. Francia,"C/ del Pintor Maella, 37",39.45707810033234,-0.3471504219651575,Correos,LSP PUDOs,Public,Public facility,Valencia,Correos Valencia Suc 22. El Corte Inglã‰S Av. Francia,"C/ del Pintor Maella, 37",46023.0,,,
110,Correos,Lsp Pudos,Pública,Public Facility,Valencia,46015,Correos Valencia Suc 10. Benicalap,"Av. del General Avilés, 8",39.48837160586209,-0.3913537116204853,Correos,LSP PUDOs,Public,Public facility,Valencia,Correos Valencia Suc 10. Benicalap,"Av. del General Avilés, 8",46015.0,,,
111,Correos,Locker,Pública,Public Facility,Valencia,46023,Correos Valencia Suc 22. El Corte Inglã‰S Av. Francia,"C/ del Pintor Maella, 37",39.45707810033234,-0.3471504219651575,Correos,Lockers,Public,Public facility,Valencia,Correos Valencia Suc 22. El Corte Inglã‰S Av. Francia,"C/ del Pintor Maella, 37",46023.0,,,
112,Correos,Locker,Pública,Public Facility,Valencia,46015,Correos Valencia Suc 10. Benicalap,"Av. del General Avilés, 8",39.48837160586209,-0.3913537116204853,Correos,Lockers,Public,Public facility,Valencia,Correos Valencia Suc 10. Benicalap,"Av. del General Avilés, 8",46015.0,,,
113,Correos,Locker,Pública,Public Infrastructure,Valencia,46022,Uv Facultad Economia,"Av. de los Naranjos, S/N",39.47858149577945,-0.3416040955385684,Correos,Lockers,Public,Public Infrastructure,Valencia,Uv Facultad Economia,"Av. de los Naranjos, S/N",46022.0,,,
114,Correos,Locker,Pública,Public Infrastructure,Valencia,46022,Upv Casa Del Alumno,"Cmo. de Vera, s/n",39.47997327014948,-0.3361021243858664,Correos,Lockers,Public,Public Infrastructure,Valencia,Upv Casa Del Alumno,"Cmo. de Vera, s/n",46022.0,,,
115,Correos,Locker,Privada,Service Station,Valencia,46020,Galp,"C/ Emilio Baró, 69",39.48995046020082,-0.3604549257557267,Correos,Lockers,Private,Service Station,Valencia,Galp,"C/ Emilio Baró, 69",46020.0,,,
116,Correos,Locker,Privada,Supermarket,Valencia,46005,Supermercados Consum,"Calle de Matías Perelló, 46",39.46216982949079,-0.3661965701313084,Correos,Lockers,Private,Supermarket,Valencia,Supermercados Consum,"Calle de Matías Perelló, 46",46005.0,,,
117,Correos,Locker,Privada,Supermarket,Valencia,46020,Supermercados Consum,"C. de Dolores Marqués, s/n, Benimaclet",39.48752329175377,-0.3622390626191476,Correos,Lockers,Private,Supermarket,Valencia,Supermercados Consum,"C. de Dolores Marqués, s/n, Benimaclet",46020.0,,,
118,Correos,Locker,Privada,Supermarket,Valencia,46014,Supermercados Consum,"C. Virgen de la Cabeza, 63",39.46273897013709,-0.3996340441189897,Correos,Lockers,Private,Supermarket,Valencia,Supermercados Consum,"C. Virgen de la Cabeza, 63",46014.0,,,
119,Correos,Locker,Privada,Supermarket,Valencia,46008,Supermercados Consum,"Gran Vía de Fernando el Católico, 52-54",39.47341814981255,-0.3867335157129375,Correos,Lockers,Private,Supermarket,Valencia,Supermercados Consum,"Gran Vía de Fernando el Católico, 52-54",46008.0,,,
120,Correos,Locker,Privada,Supermarket,Valencia,46018,Consum LluãS Lamarca,"C/ de Lluís Lamarca, 7, L'Olivereta",39.47134827045046,-0.39999706450101,Correos,Lockers,Private,Supermarket,Valencia,Consum LluãS Lamarca,"C/ de Lluís Lamarca, 7, L'Olivereta",46018.0,,,
121,Correos,Locker,Privada,Supermarket,Valencia,46026,Supermercados Consum,"C. na Rovella, 4",39.45094275820016,-0.3722702652940619,Correos,Lockers,Private,Supermarket,Valencia,Supermercados Consum,"C. na Rovella, 4",46026.0,,,
122,Correos,Locker,Privada,Supermarket,Valencia,46025,Supermercados Consum,Av. Levante Ud S/N,39.49625055176592,-0.388874069027784,Correos,Lockers,Private,Supermarket,Valencia,Supermercados Consum,Av. Levante Ud S/N,46025.0,,,
123,Correos,Locker,Privada,Supermarket,Valencia,46007,Supermercados Consum,"C/ de Jesús, 98",39.462242250119616,-0.3881667989570933,Correos,Lockers,Private,Supermarket,Valencia,Supermercados Consum,"C/ de Jesús, 98",46007.0,,,
124,Correos,Locker,Privada,Supermarket,Valencia,46007,Supermercados Consum,"C. San Vicente Mártir, 136",39.4637948124916,-0.3821590036792012,Correos,Lockers,Private,Supermarket,Valencia,Supermercados Consum,"C. San Vicente Mártir, 136",46007.0,,,
125,Correos,Locker,Privada,Supermarket,Valencia,46015,Supermercados Consum,"C. Castielfabib, 22",39.479866159309154,-0.3964248349570103,Correos,Lockers,Private,Supermarket,Valencia,Supermercados Consum,"C. Castielfabib, 22",46015.0,,,
126,Correos,Locker,Privada,Supermarket,Valencia,46017,Supermercados Consum,"C. Almacera, 8",39.45302783489348,-0.3918299393243266,Correos,Lockers,Private,Supermarket,Valencia,Supermercados Consum,"C. Almacera, 8",46017.0,,,
127,Correos,Locker,Pública,Public Facility,Valencia,46007,Correos Valencia Suc 7. San Vicente,"C. San Vicente Mártir, 7",39.45373609621317,-0.3461698004126121,Correos,Lockers,Public,Public facility,Valencia,Correos Valencia Suc 7. San Vicente,"C. San Vicente Mártir, 7",46007.0,,,
128,Correos,Locker,Pública,Public Infrastructure,Valencia,46013,Oceanografic De Valencia,"C. de Eduardo Primo Yúfera, 1",39.48404428850442,-0.3624147804069448,Correos,Lockers,Public,Public Infrastructure,Valencia,Oceanografic De Valencia,"C. de Eduardo Primo Yúfera, 1",46013.0,,,
129,Correos,Locker,Pública,Public Facility,Valencia,46020,Correos Valencia Suc 12. Benimaclet,"Av. Primado Reig, 129",39.45417570876217,-0.389931655009256,Correos,Lockers,Public,Public facility,Valencia,Correos Valencia Suc 12. Benimaclet,"Av. Primado Reig, 129",46020.0,,,
130,Correos,Locker,Pública,Public Facility,Valencia,46017,Correos Valencia Suc 2. Patraix,"C/ de Jerónima Galés, 20",39.4542168034307,-0.3899741465240053,Correos,Lockers,Public,Public facility,Valencia,Correos Valencia Suc 2. Patraix,"C/ de Jerónima Galés, 20",46017.0,,,
131,Amazon,Locker,Privada,Premises,Valencia,46001,Lockers Heranz,"Av. de l'Oest, 19, Ciutat Vella",39.47275696663776,-0.3794055878932159,Amazon,Lockers,Private,Premises,Valencia,Lockers Heranz,"Av. de l'Oest, 19, Ciutat Vella",46001.0,,,
132,Amazon,Convenience Stores,Privada,Premises,Valencia,46001,El Móvil Store,"Av. del Oeste, 43",39.47051365579005,-0.3793715336407516,Amazon,Convenience stores,Private,Premises,Valencia,El Móvil Store,"Av. del Oeste, 43",46001.0,,,
133,Amazon,Convenience Stores,Privada,Premises,Valencia,46001,Iris Full Color,"Carrer de les Garrigues, 8",39.47131086044184,-0.3790943777566542,Amazon,Convenience stores,Private,Premises,Valencia,Iris Full Color,"Carrer de les Garrigues, 8",46001.0,,,
134,Amazon,Convenience Stores,Privada,Premises,Valencia,46001,Seur - Herrajes Serra,"C. de la Linterna, 28",39.4725078405794,-0.3792746962727489,Amazon,Convenience stores,Private,Premises,Valencia,Seur - Herrajes Serra,"C. de la Linterna, 28",46001.0,,,
135,Amazon,Convenience Stores,Privada,Premises,Valencia,46001,Estanco De La Lonja,"Pl. del Mercado, 25",39.47481708558849,-0.3790500528789917,Amazon,Convenience stores,Private,Premises,Valencia,Estanco De La Lonja,"Pl. del Mercado, 25",46001.0,,,
136,Amazon,Convenience Stores,Privada,Kiosk,Valencia,46001,Seur - Kiosko Carrusel,"C/ Carniceros, 2",39.474152983861416,-0.3813183500742215,Amazon,Convenience stores,Private,Kiosk,Valencia,Seur - Kiosko Carrusel,"C/ Carniceros, 2",46001.0,,,
137,Amazon,Convenience Stores,Privada,Premises,Valencia,46001,Seur - Seur Tipsa Plaza La Reina,"Carrer de Guillem Sorolla, 36",39.472817797843256,-0.3831757048038245,Amazon,Convenience stores,Private,Premises,Valencia,Seur - Seur Tipsa Plaza La Reina,"Carrer de Guillem Sorolla, 36",46001.0,,,
138,Amazon,Locker,Privada,Parking,Valencia,46002,Lockers Petróleo,"Carrer de Martínez Cubells, 5",39.468469048424026,-0.3745934370635651,Amazon,Lockers,Private,Parking,Valencia,Lockers Petróleo,"Carrer de Martínez Cubells, 5",46002.0,,,
139,Amazon,Locker,Pública,Public Facility,Valencia,46002,Citypaq Lockerss-Correos València Op,"Pl. del Ayuntamiento, 24",39.46960988841464,-0.3753758230706467,Amazon,Lockers,Public,Public facility,Valencia,Citypaq Lockerss-Correos València Op,"Pl. del Ayuntamiento, 24",46002.0,,,
140,Amazon,Convenience Stores,Pública,Public Facility,Valencia,46002,Correos - València Op,"Pl. del Ayuntamiento, 24",39.46960988841464,-0.3753758230706467,Amazon,Convenience stores,Public,Public facility,Valencia,Correos - València Op,"Pl. del Ayuntamiento, 24",46002.0,,,
141,Amazon,Convenience Stores,Privada,Premises,Valencia,46003,Estanco Gobernador Viejo,"C. del Gobernador Viejo, 4",39.474100707278886,-0.3716276624509042,Amazon,Convenience stores,Private,Premises,Valencia,Estanco Gobernador Viejo,"C. del Gobernador Viejo, 4",46003.0,,,
142,Amazon,Convenience Stores,Privada,Premises,Valencia,46003,Seur - Merceria Ladelana,"Plaça de Mossén Sorell, 11",39.47801810186552,-0.380283467527198,Amazon,Convenience stores,Private,Premises,Valencia,Seur - Merceria Ladelana,"Plaça de Mossén Sorell, 11",46003.0,,,
143,Amazon,Locker,Privada,Parking,Valencia,46004,Lockers Maradiaga,"Carrer de Colón, 60, L'Eixample",39.47023352877692,-0.3707007296418624,Amazon,Lockers,Private,Parking,Valencia,Lockers Maradiaga,"Carrer de Colón, 60, L'Eixample",46004.0,,,
144,Amazon,Convenience Stores,Privada,Premises,Valencia,46004,The Salon By Cristina Agüera,"C. de Pizarro, 8",39.4681511801645,-0.3726456598234621,Amazon,Convenience stores,Private,Premises,Valencia,The Salon By Cristina Agüera,"C. de Pizarro, 8",46004.0,,,
145,Amazon,Convenience Stores,Privada,Premises,Valencia,46004,Uala Accesorios,"P.o de Ruzafa, 14",39.468405108375066,-0.3753808407220454,Amazon,Convenience stores,Private,Premises,Valencia,Uala Accesorios,"P.º de Ruzafa, 14",46004.0,,,
146,Amazon,Convenience Stores,Privada,Premises,Valencia,46005,Patel Fruta Y Verdura,"Av. del Reino de Valencia, 34",39.46413767803893,-0.3699646503361933,Amazon,Convenience stores,Private,Premises,Valencia,Patel Fruta Y Verdura,"Av. del Reino de Valencia, 34",46005.0,,,
147,Amazon,Convenience Stores,Privada,Premises,Valencia,46005,Estanco Joaquin Costa 44,"C. Joaquín Costa, 44",39.46457344018159,-0.3662579604785022,Amazon,Convenience stores,Private,Premises,Valencia,Estanco Joaquin Costa 44,"C. Joaquín Costa, 44",46005.0,,,
148,Amazon,Convenience Stores,Privada,Premises,Valencia,46005,Nickname Store,"C. de Joaquín Costa, 37",40.44461476129101,-0.368444833308676,Amazon,Convenience stores,Private,Premises,Valencia,Nickname Store,"C. de Joaquín Costa, 37",46005.0,,,
149,Amazon,Locker,Pública,Public Facility,Valencia,46005,Citypaq Lockerss-Correos València Suc 9. Joaquin Co,"C. de Joaquín Costa, 39",40.44436179791772,-0.368393150625944,Amazon,Lockers,Public,Public facility,Valencia,Citypaq Lockerss-Correos València Suc 9. Joaquin Co,"C. de Joaquín Costa, 39",46005.0,,,
150,Amazon,Convenience Stores,Pública,Public Facility,Valencia,46005,Correos - València Suc 9. Joaquin Costa,"C. de Joaquín Costa, 39",40.44436179791772,-0.368393150625944,Amazon,Convenience stores,Public,Public facility,Valencia,Correos - València Suc 9. Joaquin Costa,"C. de Joaquín Costa, 39",46005.0,,,
151,Amazon,Convenience Stores,Privada,Kiosk,Valencia,46005,Kiosko Angeles,"C. del Pintor Salvador Abril, 18",39.463754935917095,-0.3707043261626431,Amazon,Convenience stores,Private,Kiosk,Valencia,Kiosko Angeles,"C. del Pintor Salvador Abril, 18",46005.0,,,
152,Amazon,Convenience Stores,Privada,Premises,Valencia,46005,Seur - Karpet Papeleria Tecnica,"C. Joaquín Costa, 46",39.46445347966288,-0.3660886744392533,Amazon,Convenience stores,Private,Premises,Valencia,Seur - Karpet Papeleria Tecnica,"C. Joaquín Costa, 46",46005.0,,,
153,Amazon,Convenience Stores,Privada,Premises,Valencia,46005,Seur - Texto Graf,"Calle de Matías Perelló, 27",39.461753537073136,-0.3676080029272786,Amazon,Convenience stores,Private,Premises,Valencia,Seur - Texto Graf,"Calle de Matías Perelló, 27",46005.0,,,
154,Amazon,Convenience Stores,Privada,Premises,Valencia,46005,Libreria Salamanca,"C. de Salamanca, 42",39.46508849807282,-0.3634071446984216,Amazon,Convenience stores,Private,Premises,Valencia,Libreria Salamanca,"C. de Salamanca, 42",46005.0,,,
155,Amazon,Convenience Stores,Privada,Premises,Valencia,46005,Papelería Barco De Papel,"C. de Salamanca, 47",39.46475085560623,-0.362671418673098,Amazon,Convenience stores,Private,Premises,Valencia,Papelería Barco De Papel,"C. de Salamanca, 47",46005.0,,,
156,Amazon,Convenience Stores,Privada,Premises,Valencia,46006,Estanco Garna,"C. de Luis Oliag, 25",39.45959149555638,-0.3668432804531931,Amazon,Convenience stores,Private,Premises,Valencia,Estanco Garna,"C. de Luis Oliag, 25",46006.0,,,
157,Amazon,Convenience Stores,Privada,Premises,Valencia,46006,Seur - Estanco Garna Valencia 13,"C. de Luis Oliag, 25",39.45959149555638,-0.3668432804531931,Amazon,Convenience stores,Private,Premises,Valencia,Seur - Estanco Garna Valencia 13,"C. de Luis Oliag, 25",46006.0,,,
158,Amazon,Convenience Stores,Privada,Premises,Valencia,46006,1x2 Mercat Russafa,"C. del Consulat del Mar, 5",39.463014162723226,-0.3712727802005577,Amazon,Convenience stores,Private,Premises,Valencia,1x2 Mercat Russafa,"C. del Consulat del Mar, 5",46006.0,,,
159,Amazon,Convenience Stores,Privada,Premises,Valencia,46006,Seur - Ibertinta Valencia,PERIS Y VALERO 85,39.45908593409706,-0.371954947725917,Amazon,Convenience stores,Private,Premises,Valencia,Seur - Ibertinta Valencia,PERIS Y VALERO 85,46006.0,,,
160,Amazon,Convenience Stores,Pública,Public Facility,Valencia,46006,Correos - València Suc 4. Ruzafa,"Carrer dels Sornells, 12",39.46124947574316,-0.3712430853111239,Amazon,Convenience stores,Public,Public facility,Valencia,Correos - València Suc 4. Ruzafa,"Carrer dels Sornells, 12",46006.0,,,
161,Amazon,Locker,Privada,Supermarket,Valencia,46006,Lockers Achig,"Avinguda del Doctor Waksman, 31",39.4564373341664,-0.3721672263166907,Amazon,Lockers,Private,Supermarket,Valencia,Lockers Achig,"Avinguda del Doctor Waksman, 31",46006.0,,,
162,Amazon,Convenience Stores,Privada,Premises,Valencia,46006,Global Tec,"Ctra. de la Fuente de San Luis, 34",39.45662123619916,-0.3718659207881171,Amazon,Convenience stores,Private,Premises,Valencia,Global Tec,"Ctra. de la Fuente de San Luis, 34",46006.0,,,
163,Amazon,Convenience Stores,Privada,Premises,Valencia,46006,Soluciones Móviles,"C. del Consulat del Mar, 5",39.46314124081307,-0.3713436500978351,Amazon,Convenience stores,Private,Premises,Valencia,Soluciones Móviles,"C. del Consulat del Mar, 5",46006.0,,,
164,Amazon,Locker,Privada,Parking,Valencia,46007,Lockers - Equipo,"C/ de Jeroni Munyós, s/n, Jesús",39.45986695935456,-0.3868210469635125,Amazon,Lockers,Private,Parking,Valencia,Lockers - Equipo,"C/ de Jeroni Munyós, s/n, Jesús",46007.0,,,
165,Amazon,Locker,Privada,Parking,Valencia,46007,Lockers - Aliende,"Gran Vía de Ramón y Cajal, C/ de Bailèn",39.46315133123412,-0.3792641468336018,Amazon,Lockers,Private,Parking,Valencia,Lockers - Aliende,"Gran Vía de Ramón y Cajal, C/ de Bailèn",46007.0,,,
166,Amazon,Convenience Stores,Privada,Premises,Valencia,46007,Loterias Passatemps I Oci,"C/ de Jesús, 94",39.4620212404318,-0.3873320061919131,Amazon,Convenience stores,Private,Premises,Valencia,Loterias Passatemps I Oci,"C/ de Jesús, 94",46007.0,,,
167,Amazon,Locker,Privada,Premises,Valencia,46007,Lockers - Playan,"C/ de Conca, 85, Patraix",39.46282957199021,-0.3893464297208002,Amazon,Lockers,Private,Premises,Valencia,Lockers - Playan,"C/ de Conca, 85, Patraix",46007.0,,,
168,Amazon,Convenience Stores,Privada,Premises,Valencia,46007,Mariaca-Capritxos,"Carrer de Carcaixent, 12",39.46032252850157,-0.3867724163754866,Amazon,Convenience stores,Private,Premises,Valencia,Mariaca-Capritxos,"Carrer de Carcaixent, 12",46007.0,,,
169,Amazon,Convenience Stores,Privada,Premises,Valencia,46007,Locutorio Pack Latino,"Av. de Gaspar Aguilar, 9",39.45904593575142,-0.3885467033793486,Amazon,Convenience stores,Private,Premises,Valencia,Locutorio Pack Latino,"Av. de Gaspar Aguilar, 9",46007.0,,,
170,Amazon,Convenience Stores,Pública,Public Facility,Valencia,46007,Correos - València Suc 7. San Vicente,"C. San Vicente Mártir, 175",39.4593089223084,-0.3828097246683444,Amazon,Convenience stores,Public,Public facility,Valencia,Correos - València Suc 7. San Vicente,"C. San Vicente Mártir, 175",46007.0,,,
171,Amazon,Convenience Stores,Privada,Premises,Valencia,46007,Frutería Internacional,"Av. de Gaspar Aguilar, 13",39.45874022842349,-0.388749500840842,Amazon,Convenience stores,Private,Premises,Valencia,Frutería Internacional,"Av. de Gaspar Aguilar, 13",46007.0,,,
172,Amazon,Convenience Stores,Privada,Premises,Valencia,46007,Bazar Estrella,"C. Uruguay, 31",39.45767621791904,-0.386599314724078,Amazon,Convenience stores,Private,Premises,Valencia,Bazar Estrella,"C. Uruguay, 31",46007.0,,,
173,Amazon,Convenience Stores,Privada,Premises,Valencia,46007,Seur - Ferreteria Ferrototal,"C. de Albacete, 37",39.46226460220759,-0.3847935235796096,Amazon,Convenience stores,Private,Premises,Valencia,Seur - Ferreteria Ferrototal,"C. de Albacete, 37",46007.0,,,
174,Amazon,Convenience Stores,Privada,Premises,Valencia,46007,Uno Electro,"Calle HONORATO JUAN, 2",39.464408725838005,-0.386190404807243,Amazon,Convenience stores,Private,Premises,Valencia,Uno Electro,"Calle HONORATO JUAN, 2",46007.0,,,
175,Amazon,Locker,Privada,Premises,Valencia,46008,Lockers - Herbosa,"C/ de Joan Llorenç, 10, Extramurs",39.47342320824859,-0.391289312456577,Amazon,Lockers,Private,Premises,Valencia,Lockers - Herbosa,"C/ de Joan Llorenç, 10, Extramurs",46008.0,,,
176,Amazon,Locker,Privada,Supermarket,Valencia,46008,Lockers - Cobo,"C. de Calixto III, 1",39.4720016664906,-0.3869614278921471,Amazon,Lockers,Private,Supermarket,Valencia,Lockers - Cobo,"C. de Calixto III, 1",46008.0,,,
177,Amazon,Convenience Stores,Privada,Premises,Valencia,46008,88 Gafas,"C. de Calixto III, 19",39.47157911748967,-0.388213175924343,Amazon,Convenience stores,Private,Premises,Valencia,88 Gafas,"C. de Calixto III, 19",46008.0,,,
178,Amazon,Convenience Stores,Privada,Premises,Valencia,46008,Candy,"Calle GRAN VIA FERNANDO EL CATOLICO, 34",39.47255864252722,-0.3860813243090696,Amazon,Convenience stores,Private,Premises,Valencia,Candy,"Calle GRAN VIA FERNANDO EL CATOLICO, 34",46008.0,,,
179,Amazon,Convenience Stores,Privada,Kiosk,Valencia,46008,Kiosko Lima Limon,"C. Erudito Orellana, 13",39.470657238903726,-0.3874400568109017,Amazon,Convenience stores,Private,Kiosk,Valencia,Kiosko Lima Limon,"C. Erudito Orellana, 13",46008.0,,,
180,Amazon,Locker,Privada,Parking,Valencia,46008,Lockers - Mitad,"Carrer del Pintor Navarro Llorens, S/n, Extramurs",39.467629662451365,-0.3885774338663401,Amazon,Lockers,Private,Parking,Valencia,Lockers - Mitad,"Carrer del Pintor Navarro Llorens, S/n, Extramurs",46008.0,,,
181,Amazon,Convenience Stores,Privada,Kiosk,Valencia,46008,Quiosc,"C. de San Ignacio de Loyola, 3",39.47428100916995,-0.388478121103926,Amazon,Convenience stores,Private,Kiosk,Valencia,Quiosc,"C. de San Ignacio de Loyola, 3",46008.0,,,
182,Amazon,Convenience Stores,Privada,Premises,Valencia,46008,Kalinopa,"Gran Vía de Fernando el Católico, 56",39.47367715046855,-0.3867777311708295,Amazon,Convenience stores,Private,Premises,Valencia,Kalinopa,"Gran Vía de Fernando el Católico, 56",46008.0,,,
183,Amazon,Convenience Stores,Privada,Premises,Valencia,46008,Firdos Movil,"C. de Martín el Humano, 30",39.46983501704226,-0.3902542572797386,Amazon,Convenience stores,Private,Premises,Valencia,Firdos Movil,"C. de Martín el Humano, 30",46008.0,,,
184,Amazon,Convenience Stores,Privada,Premises,Valencia,46008,Seur - Estanco Juan Lorrens 55,"C. de Juan Llorens, 55",39.47077822582264,-0.3888413606240415,Amazon,Convenience stores,Private,Premises,Valencia,Seur - Estanco Juan Lorrens 55,"C. de Juan Llorens, 55",46008.0,,,
185,Amazon,Convenience Stores,Privada,Kiosk,Valencia,46008,Kiosco Abastos,"Carrer D'Alberic, 31",39.46810455327177,-0.389228597861896,Amazon,Convenience stores,Private,Kiosk,Valencia,Kiosco Abastos,"Carrer D'Alberic, 31",46008.0,,,
186,Amazon,Convenience Stores,Privada,Premises,Valencia,46008,Seur - Hiperpapeleria San Jose,"Carrer de González Martí, 7",39.47423136599101,-0.3928924705118579,Amazon,Convenience stores,Private,Premises,Valencia,Seur - Hiperpapeleria San Jose,"Carrer de González Martí, 7",46008.0,,,
187,Amazon,Convenience Stores,Privada,Premises,Valencia,46008,Asim Fruta Y Alimentacion,"C. de Calixto III, 16",39.47167861196258,-0.3891964636910255,Amazon,Convenience stores,Private,Premises,Valencia,Asim Fruta Y Alimentacion,"C. de Calixto III, 16",46008.0,,,
188,Amazon,Convenience Stores,Privada,Premises,Valencia,46009,Magatef Sl,"C. del Dr. Olóriz, 7",39.48416241673,-0.380842338160903,Amazon,Convenience stores,Private,Premises,Valencia,Magatef Sl,"C. del Dr. Olóriz, 7",46009.0,,,
189,Amazon,Convenience Stores,Privada,Premises,Valencia,46009,El Trebol Del Turia,"Av. de Burjassot, 18",39.48379670178231,-0.3823398696307504,Amazon,Convenience stores,Private,Premises,Valencia, El Trebol Del Turia,"Av. de Burjassot, 18",46009.0,,,
190,Amazon,Locker,Privada,Premises,Valencia,46009,Lockers - Elhassani,"ALSA Estacion de Autobuses Valencia, Avda. Menendez Pidal, 13",39.48121313249212,-0.3876618972810423,Amazon,Lockers,Private,Premises,Valencia,Lockers - Elhassani,"ALSA Estacion de Autobuses Valencia, Avda. Menendez Pidal, 13",46009.0,,,
191,Amazon,Convenience Stores,Privada,Premises,Valencia,46009,Jns Mobile World,"Av. de Burjassot, 28",39.4842266961368,-0.3832559554544407,Amazon,Convenience stores,Private,Premises,Valencia, Jns Mobile World,"Av. de Burjassot, 28",46009.0,,,
192,Amazon,Convenience Stores,Pública,Public Facility,Valencia,46009,Correos - València Suc 14. El Corte Inglés Nuevo C,"Av. de Menéndez Pidal, 15",39.48049139637899,-0.3875802290099369,Amazon,Convenience stores,Public,Public facility,Valencia,Correos - València Suc 14. El Corte Inglés Nuevo C,"Av. de Menéndez Pidal, 15",46009.0,,,
193,Amazon,Convenience Stores,Privada,Premises,Valencia,46009,Bazar Burjasot,"Av. de Burjassot, 41",39.48555342459955,-0.3859295846891324,Amazon,Convenience stores,Private,Premises,Valencia,Bazar Burjasot,"Av. de Burjassot, 41",46009.0,,,
194,Amazon,Convenience Stores,Privada,Kiosk,Valencia,46009,Kiosco Los Juniors,"C/ de Gregorio Gea, 1",39.48393423745294,-0.3836918722178106,Amazon,Convenience stores,Private,Kiosk,Valencia,Kiosco Los Juniors,"C/ de Gregorio Gea, 1",46009.0,,,
195,Amazon,Convenience Stores,Privada,Premises,Valencia,46009,La Bodeguita Latina Express,"C. Baeza, 1",39.49342402221757,-0.3726730675839816,Amazon,Convenience stores,Private,Premises,Valencia, La Bodeguita Latina Express,"C. Baeza, 1",46009.0,,,
196,Amazon,Convenience Stores,Privada,Premises,Valencia,46009,Microchip Informatica Y Moviles I,"C. de Sagunto, 25",39.48349797513753,-0.3751324019632567,Amazon,Convenience stores,Private,Premises,Valencia,Microchip Informatica Y Moviles I,"C. de Sagunto, 25",46009.0,,,
197,Amazon,Locker,Privada,Supermarket,Valencia,46009,Lockers - Herbosa,"C. de Juan Llorens, 10",39.47373761063185,-0.3914103186078668,Amazon,Lockers,Private,Supermarket,Valencia,Lockers - Herbosa,"C. de Juan Llorens, 10",46009.0,,,
198,Amazon,Convenience Stores,Privada,Premises,Valencia,46009,Bazarfulitu,"C. de Lérida, 33",39.48394896737462,-0.3781419941179617,Amazon,Convenience stores,Private,Premises,Valencia,Bazarfulitu,"C. de Lérida, 33",46009.0,,,
199,Amazon,Convenience Stores,Privada,Premises,Valencia,46009,Locutorio Dalcon,"C. San Pancracio, 10",39.48780699513174,-0.3869703843508789,Amazon,Convenience stores,Private,Premises,Valencia,Locutorio Dalcon,"C. San Pancracio, 10",46009.0,,,
200,Amazon,Locker,Pública,Public Facility,Valencia,46009,Citypaq Lockerss-Correos València Suc 5. La Saïdia,"Av. de la Constitución, 111",39.490549339788224,-0.3754325985890037,Amazon,Lockers,Public,Public facility,Valencia,Citypaq Lockerss-Correos València Suc 5. La Saïdia,"Av. de la Constitución, 111",46009.0,,,
201,Amazon,Convenience Stores,Pública,Public Facility,Valencia,46009,Correos - València Suc 5. La Saïdia,"Av. de la Constitución, 111",39.490549339788224,-0.3754325985890037,Amazon,Convenience stores,Public,Public facility,Valencia,Correos - València Suc 5. La Saïdia,"Av. de la Constitución, 111",46009.0,,,
202,Amazon,Convenience Stores,Privada,Premises,Valencia,46010,Seur - Llibr. Tirant Lo Blanch,"C. Artes Gráficas, 14",39.47666929431132,-0.3620861456856895,Amazon,Convenience stores,Private,Premises,Valencia,Seur - Llibr. Tirant Lo Blanch,"C. Artes Gráficas, 14",46010.0,,,
203,Amazon,Convenience Stores,Privada,Premises,Valencia,46010,Kioscomestalla,"C. Micer Mascó, 19",39.47566556342325,-0.3620319807906748,Amazon,Convenience stores,Private,Premises,Valencia, Kioscomestalla,"C. Micer Mascó, 19",46010.0,,,
204,Amazon,Convenience Stores,Privada,Premises,Valencia,46010,Estanco Clinico,"Plaça Professor, Pl. Prof. Tamarit Olmos, 15",39.480555595196456,-0.3623880623329713,Amazon,Convenience stores,Private,Premises,Valencia, Estanco Clinico,"Plaça Professor, Pl. Prof. Tamarit Olmos, 15",46010.0,,,
205,Amazon,Convenience Stores,Privada,Premises,Valencia,46010,Numi Mascotas,"C/ del Bachiller, 10",39.48318105707553,-0.3630551680227338,Amazon,Convenience stores,Private,Premises,Valencia,Numi Mascotas,"C/ del Bachiller, 10",46010.0,,,
206,Amazon,Convenience Stores,Privada,Premises,Valencia,46010,Papeleria Harcor,"C. de Álvaro de Bazán, 23",39.48131073062,-0.3607624035793588,Amazon,Convenience stores,Private,Premises,Valencia,Papeleria Harcor,"C. de Álvaro de Bazán, 23",46010.0,,,
207,Amazon,Convenience Stores,Privada,Premises,Valencia,46010,Loterias La Trinitat,"C. Pintor Vilar, 1",39.48254309245368,-0.3713859217668308,Amazon,Convenience stores,Private,Premises,Valencia,Loterias La Trinitat,"C. Pintor Vilar, 1",46010.0,,,
208,Amazon,Convenience Stores,Privada,Premises,Valencia,46010,Movil Center,"C. de Don Armando Palacio Valdes, 13",39.47530208371417,-0.3635674915325341,Amazon,Convenience stores,Private,Premises,Valencia,Movil Center,"C. de Don Armando Palacio Valdes, 13",46010.0,,,
209,Amazon,Convenience Stores,Pública,Public Facility,Valencia,46011,Correos - València Suc 1. Cabañal,"C. del Dr. Lluch, 251",39.47263115941094,-0.3278650681688514,Amazon,Convenience stores,Public,Public facility,Valencia,Correos - València Suc 1. Cabañal,"C. del Dr. Lluch, 251",46011.0,,,
210,Amazon,Locker,Privada,Service Station,Valencia,46011,Lockers - Avellana,"C. de la Serrería, 14",39.46465681083377,-0.3355338535789134,Amazon,Lockers,Private,Service Station,Valencia,Lockers - Avellana,"C. de la Serrería, 14",46011.0,,,
211,Amazon,Convenience Stores,Privada,Kiosk,Valencia,46011,Kiosco Aquí,"C/ de la Barraca, 49",39.46571680314408,-0.3298519266855985,Amazon,Convenience stores,Private,Kiosk,Valencia, Kiosco Aquí,"C/ de la Barraca, 49",46011.0,,,
212,Amazon,Convenience Stores,Privada,Premises,Valencia,46011,Amazon Convenience stores - The Phone Shop,"C/ de la Reina, 77",39.46751532647195,-0.3289858590731283,Amazon,Convenience stores,Private,Premises,Valencia,Amazon Convenience stores - The Phone Shop,"C/ de la Reina, 77",46011.0,,,
213,Amazon,Convenience Stores,Privada,Premises,Valencia,46011,Bazar Barato,"C/ de Felip de Gauna, 3",39.47182773193878,-0.3338796296531097,Amazon,Convenience stores,Private,Premises,Valencia, Bazar Barato,"C/ de Felip de Gauna, 3",46011.0,,,
214,Amazon,Convenience Stores,Privada,Premises,Valencia,46011,Frutas Tajo 34,"C. del Río Tajo, 34",39.47707021910217,-0.3281610959325483,Amazon,Convenience stores,Private,Premises,Valencia,Frutas Tajo 34,"C. del Río Tajo, 34",46011.0,,,
215,Amazon,Convenience Stores,Privada,Premises,Valencia,46011,Locutorio La Reina.,"C/ de la Reina, 265",39.47409480423505,-0.3280394283435175,Amazon,Convenience stores,Private,Premises,Valencia,Locutorio La Reina.,"C/ de la Reina, 265",46011.0,,,
216,Amazon,Locker,Pública,Public Facility,Valencia,46011,Citypaq Lockerss-Correos València Suc 6. Puerto,"C. Dr. Juan José Dómine, 13",39.4623689194173,-0.3313513531076754,Amazon,Lockers,Public,Public facility,Valencia,Citypaq Lockerss-Correos València Suc 6. Puerto,"C. Dr. Juan José Dómine, 13",46011.0,,,
217,Amazon,Convenience Stores,Pública,Public Facility,Valencia,46011,Correos - València Suc 6. Puerto,"C. Dr. Juan José Dómine, 13",39.4623689194173,-0.3313513531076754,Amazon,Convenience stores,Public,Public facility,Valencia,Correos - València Suc 6. Puerto,"C. Dr. Juan José Dómine, 13",46011.0,,,
218,Amazon,Convenience Stores,Privada,Service Station,Valencia,46012,E.S. Dehesa,"Carrera del Riu, 513",39.39310662633599,-0.330733735467362,Amazon,Convenience stores,Private,Service Station,Valencia, E.S. Dehesa,"Carrera del Riu, 513",46012.0,,,
219,Amazon,Convenience Stores,Privada,Premises,Valencia,46012,Seur - Estanco El Saler,"Av. los Pinares, 14",39.38312730727363,-0.3325871058751362,Amazon,Convenience stores,Private,Premises,Valencia,Seur - Estanco El Saler,"Av. los Pinares, 14",46012.0,,,
220,Amazon,Convenience Stores,Privada,Premises,Valencia,46012,Cristaleria Soler,"Carrera del Riu, 511",39.39353777818218,-0.3308624653528065,Amazon,Convenience stores,Private,Premises,Valencia,Cristaleria Soler,"Carrera del Riu, 511",46012.0,,,
221,Amazon,Convenience Stores,Privada,Service Station,Valencia,46012,E.S. Pinedo,"Carrera del Riu, 317",39.4208063175379,-0.340043330886838,Amazon,Convenience stores,Private,Service Station,Valencia,E.S. Pinedo,"Carrera del Riu, 317",46012.0,,,
222,Amazon,Locker,Privada,Service Station,Valencia,46013,Lockers - Grigoras,"Carrera de la Font d'en Corts, 231",39.4366557158627,-0.3506829880454272,Amazon,Lockers,Private,Service Station,Valencia,Lockers - Grigoras,"Carrera de la Font d'en Corts, 231",46013.0,,,
223,Amazon,Locker,Privada,Premises,Valencia,46013,Lockers - Prudencio,"Av. d'Ausiàs March, 99, Quatre Carreres",39.445881984006725,-0.3682216516525919,Amazon,Lockers,Private,Premises,Valencia, Lockers - Prudencio,"Av. d'Ausiàs March, 99, Quatre Carreres",46013.0,,,
224,Amazon,Convenience Stores,Pública,Public Facility,Valencia,46013,Correos - Valéncia Suc 18. La Font De Sant Lluis,"Cl Antonio Sacramento Escultor, 7-9",39.45383622545942,-0.3588361558377775,Amazon,Convenience stores,Public,Public facility,Valencia,Correos - Valéncia Suc 18. La Font De Sant Lluis,"Cl Antonio Sacramento Escultor, 7-9",46013.0,,,
225,Amazon,Locker,Privada,Service Station,Valencia,46013,Lockers - Fermin,"C. de Cádiz, 98",39.45922810286757,-0.3717648543049757,Amazon,Lockers,Private,Service Station,Valencia, Lockers - Fermin,"C. de Cádiz, 98",46013.0,,,
226,Amazon,Locker,Privada,Premises,Valencia,46013,Lockers - Isabel,Autovia De El Saler 16,39.45286093872912,-0.3542794296198256,Amazon,Lockers,Private,Premises,Valencia, Lockers - Isabel,Autovia De El Saler 16,46013.0,,,
227,Amazon,Locker,Privada,Service Station,Valencia,46014,Lockers - Stephanotis,"Archiduque Carlos, Cl. Pedrapiquers, 9",39.45647149963597,-0.405205913828603,Amazon,Lockers,Private,Service Station,Valencia, Lockers - Stephanotis,"Archiduque Carlos, Cl. Pedrapiquers, 9",46014.0,,,
228,Amazon,Convenience Stores,Privada,Premises,Valencia,46014,Estanco 190 Valencia,"C. del Dr. Rafael Bartual, 25",39.45412318393608,-0.4035023885277023,Amazon,Convenience stores,Private,Premises,Valencia,Estanco 190 Valencia,"C. del Dr. Rafael Bartual, 25",46014.0,,,
229,Amazon,Convenience Stores,Privada,Supermarket,Valencia,46014,Seur - Supermarket Marianita,"C. José Andreu Alabarta, 1",39.45543280815268,-0.4053333196579022,Amazon,Convenience stores,Private,Supermarket,Valencia,Seur - Supermarket Marianita,"C. José Andreu Alabarta, 1",46014.0,,,
230,Amazon,Convenience Stores,Privada,Kiosk,Valencia,46014,Amazon Convenience stores - Kiosko Honduras,"C. Arquitecto Segura de Lago, 8",39.45549577804558,-0.4041705950739044,Amazon,Convenience stores,Private,Kiosk,Valencia,Amazon Convenience stores - Kiosko Honduras,"C. Arquitecto Segura de Lago, 8",46014.0,,,
231,Amazon,Locker,Privada,Service Station,Valencia,46014,Lockers - Alfonseca,"Carrer dels Coeters, 14, Patraix",39.457166691034814,-0.4042893882204077,Amazon,Lockers,Private,Service Station,Valencia,Lockers - Alfonseca,"Carrer dels Coeters, 14, Patraix",46014.0,,,
232,Amazon,Locker,Privada,Service Station,Valencia,46014,Lockers - Croquetas,"C/ dels Traginers, 2, Patraix",39.46325876771295,-0.4065426251817878,Amazon,Lockers,Private,Service Station,Valencia, Lockers - Croquetas,"C/ dels Traginers, 2, Patraix",46014.0,,,
233,Amazon,Convenience Stores,Pública,Public Facility,Valencia,46014,Correos - València Suc 3. Vara De Quart,"C. Nicolau Primitiu Gómez Serrano, 4",39.4564944588543,-0.4033780452058582,Amazon,Convenience stores,Public,Public facility,Valencia,Correos - València Suc 3. Vara De Quart,"C. Nicolau Primitiu Gómez Serrano, 4",46014.0,,,
234,Amazon,Convenience Stores,Privada,Kiosk,Valencia,46014,Kiosco Rico Rico,"Pl. de Benimarfull, 3",39.45805676161857,-0.3997271595470116,Amazon,Convenience stores,Private,Kiosk,Valencia,Kiosco Rico Rico,"Pl. de Benimarfull, 3",46014.0,,,
235,Amazon,Convenience Stores,Privada,Premises,Valencia,46014,Comercio Siete Mj Sanchez,"Carrer Ciutat de Carlet, 7",39.45854619713506,-0.40114669902558,Amazon,Convenience stores,Private,Premises,Valencia,Comercio Siete Mj Sanchez,"Carrer Ciutat de Carlet, 7",46014.0,,,
236,Amazon,Convenience Stores,Privada,Premises,Valencia,46014,World Markering Iluzion,"C. Arquitecto Segura de Lago, 46",39.45218513883052,-0.4021714112849679,Amazon,Convenience stores,Private,Premises,Valencia, World Markering Iluzion,"C. Arquitecto Segura de Lago, 46",46014.0,,,
237,Amazon,Convenience Stores,Privada,Kiosk,Valencia,46014,Kiosco Mc Yanguez,"C. del Archiduque Carlos, 111",39.46105767698485,-0.3990973392063291,Amazon,Convenience stores,Private,Kiosk,Valencia,Kiosco Mc Yanguez,"C. del Archiduque Carlos, 111",46014.0,,,
238,Amazon,Convenience Stores,Privada,Premises,Valencia,46014,Allinone San Isidro,"C. Mariano de Cavia, 29",39.45309366704569,-0.4032987882128698,Amazon,Convenience stores,Private,Premises,Valencia,Allinone San Isidro,"C. Mariano de Cavia, 29",46014.0,,,
239,Amazon,Convenience Stores,Privada,Premises,Valencia,46014,Droguería Paquetería Tarín,"C. Virgen de la Cabeza, 60",39.463463181537485,-0.3992436564523363,Amazon,Convenience stores,Private,Premises,Valencia, Droguería Paquetería Tarín,"C. Virgen de la Cabeza, 60",46014.0,,,
240,Amazon,Convenience Stores,Privada,Supermarket,Valencia,46014,Supermarket Marianita,"C. José Andreu Alabarta, 1",39.45531680597602,-0.4053118506552419,Amazon,Convenience stores,Private,Supermarket,Valencia,Supermarket Marianita,"C. José Andreu Alabarta, 1",46014.0,,,
241,Amazon,Locker,Privada,Supermarket,Valencia,46015,Lockers - Lasierra,"Av. del Maestro Rodrigo, 78",39.48918971720033,-0.4050808653522951,Amazon,Lockers,Private,Supermarket,Valencia,Lockers - Lasierra,"Av. del Maestro Rodrigo, 78",46015.0,,,
242,Amazon,Locker,Privada,Service Station,Valencia,46015,Lockers - Arcilla,Avda. General Aviles 92,39.48212340349695,-0.4062934586360768,Amazon,Lockers,Private,Service Station,Valencia,Lockers - Arcilla,Avda. General Aviles 92,46015.0,,,
243,Amazon,Locker,Privada,Premises,Valencia,46015,Lockers - Torre,"Avda Cortes Valencianas, 39",39.49248992613082,-0.4012183670127589,Amazon,Lockers,Private,Premises,Valencia,Lockers - Torre,"Avda Cortes Valencianas, 39",46015.0,,,
244,Amazon,Convenience Stores,Pública,Public Facility,Valencia,46015,Correos - València Suc 19. Beniferri,"C. Marina Alta, 6",39.492795450794496,-0.4034615574249229,Amazon,Convenience stores,Public,Public facility,Valencia,Correos - València Suc 19. Beniferri,"C. Marina Alta, 6",46015.0,,,
245,Amazon,Locker,Privada,Service Station,Valencia,46015,Lockers - Maiz,Cl. Valle Ballestera 44,39.47890775235937,-0.401214131863678,Amazon,Lockers,Private,Service Station,Valencia,Lockers - Maiz,Cl. Valle Ballestera 44,46015.0,,,
246,Amazon,Locker,Privada,Service Station,Valencia,46015,Lockers - Guti,"Calle Maestro Rodrigo, 31",39.47925573812374,-0.3992004951173634,Amazon,Lockers,Private,Service Station,Valencia,Lockers - Guti,"Calle Maestro Rodrigo, 31",46015.0,,,
247,Amazon,Locker,Privada,Premises,Valencia,46015,Lockers - Nervion,"Av. de las Cortes Valencianas, 35",39.49051870576586,-0.4004847808162927,Amazon,Lockers,Private,Premises,Valencia,Lockers - Nervion,"Av. de las Cortes Valencianas, 35",46015.0,,,
248,Amazon,Convenience Stores,Privada,Premises,Valencia,46015,Lucel Iluminacion,"Av. del Maestro Rodrigo, 85",39.48373044048528,-0.4022698909235742,Amazon,Convenience stores,Private,Premises,Valencia,Lucel Iluminacion,"Av. del Maestro Rodrigo, 85",46015.0,,,
249,Amazon,Locker,Privada,Premises,Valencia,46015,Lockers - Berrraco,"Calle Puerto de Sta. María, 3",39.48489766724511,-0.3999726362155948,Amazon,Lockers,Private,Premises,Valencia,Lockers - Berrraco,"Calle Puerto de Sta. María, 3",46015.0,,,
250,Amazon,Convenience Stores,Pública,Public Facility,Valencia,46015,Correos - València Suc 10. Benicalap,"Av. del General Avilés, 8",39.48824729200759,-0.3913563193445504,Amazon,Convenience stores,Public,Public facility,Valencia,Correos - València Suc 10. Benicalap,"Av. del General Avilés, 8",46015.0,,,
251,Amazon,Locker,Privada,Service Station,Valencia,46017,Lockers - Charneco,"C. San Vicente Mártir, 297",39.44878817112474,-0.3853741760574036,Amazon,Lockers,Private,Service Station,Valencia,Lockers - Charneco,"C. San Vicente Mártir, 297",46017.0,,,
252,Amazon,Locker,Privada,Supermarket,Valencia,46017,Lockers - Inoriza,"C/ de San Marcelino, 22",39.44521672801338,-0.3909964326912097,Amazon,Lockers,Private,Supermarket,Valencia,Lockers - Inoriza,"C/ de San Marcelino, 22",46017.0,,,
253,Amazon,Convenience Stores,Privada,Premises,Valencia,46017,Estanc De Bonafé,"C/ dels Carters, 68",39.44991514775474,-0.3893586472785895,Amazon,Convenience stores,Private,Premises,Valencia,Estanc De Bonafé,"C/ dels Carters, 68",46017.0,,,
254,Amazon,Convenience Stores,Privada,Premises,Valencia,46017,La Piñata,"C/ de Jerónima Galés, 19",39.4542173168015,-0.3896761177893769,Amazon,Convenience stores,Private,Premises,Valencia,La Piñata,"C/ de Jerónima Galés, 19",46017.0,,,
255,Amazon,Convenience Stores,Privada,Premises,Valencia,46017,Material Didáctico,"Pl. de Holanda, 7",39.44928548924205,-0.3879444640237011,Amazon,Convenience stores,Private,Premises,Valencia,Material Didáctico,"Pl. de Holanda, 7",46017.0,,,
256,Amazon,Convenience Stores,Privada,Kiosk,Valencia,46018,Kiosco Roma.,"C. Brasil, 45",39.47196830250115,-0.3983659751732326,Amazon,Convenience stores,Private,Kiosk,Valencia, Kiosco Roma.,"C. Brasil, 45",46018.0,,,
257,Amazon,Convenience Stores,Privada,Premises,Valencia,46018,Edpack,"C/ Luis Lamarca, 13",39.471302808591886,-0.4005586927827076,Amazon,Convenience stores,Private,Premises,Valencia,Edpack,"C/ Luis Lamarca, 13",46018.0,,,
258,Amazon,Convenience Stores,Privada,Premises,Valencia,46018,Estanco Valencia 63,"C/ de la Democracia, 50",39.47373376222032,-0.4004135634908962,Amazon,Convenience stores,Private,Premises,Valencia,Estanco Valencia 63,"C/ de la Democracia, 50",46018.0,,,
259,Amazon,Convenience Stores,Privada,Premises,Valencia,46018,Papeleria Cartagena,"C. Cartagena, 11",39.47067565688908,-0.3943422002621097,Amazon,Convenience stores,Private,Premises,Valencia,Papeleria Cartagena,"C. Cartagena, 11",46018.0,,,
260,Amazon,Convenience Stores,Privada,Premises,Valencia,46018,Seur - Papeleria Suico,"C. Brasil, 12",39.47124052704567,-0.3957479493592677,Amazon,Convenience stores,Private,Premises,Valencia,Seur - Papeleria Suico,"C. Brasil, 12",46018.0,,,
261,Amazon,Convenience Stores,Pública,Public Facility,Valencia,46018,Correos - València Suc 8. Av Del Cid,"Av. del Cid, 22",39.468240574217845,-0.393365156739387,Amazon,Convenience stores,Public,Public facility,Valencia,Correos - València Suc 8. Av Del Cid,"Av. del Cid, 22",46018.0,,,
262,Amazon,Convenience Stores,Privada,Premises,Valencia,46018,Dulces Migajas Hn,"C. Brasil, 36",39.47235844628303,-0.3992235182572831,Amazon,Convenience stores,Private,Premises,Valencia,Dulces Migajas Hn,"C. Brasil, 36",46018.0,,,
263,Amazon,Convenience Stores,Privada,Kiosk,Valencia,46018,Kiosco Vicmar Las Provincias,"C/ de la Democracia, 75",39.47296825301814,-0.4027828836991033,Amazon,Convenience stores,Private,Kiosk,Valencia,Kiosco Vicmar Las Provincias,"C/ de la Democracia, 75",46018.0,,,
264,Amazon,Convenience Stores,Privada,Premises,Valencia,46018,Locutorio Dabakh Malick,"C. de Francisco Moreno Usedo, 4",39.47378121524847,-0.3972083394778082,Amazon,Convenience stores,Private,Premises,Valencia,Locutorio Dabakh Malick,"C. de Francisco Moreno Usedo, 4",46018.0,,,
265,Amazon,Locker,Pública,Public Facility,Valencia,46018,Citypaq Lockerss-Correos València Suc 8. Av Del Cid,"Av. del Cid, 22",39.46822401108594,-0.3935153660327242,Amazon,Lockers,Public,Public facility,Valencia,Citypaq Lockerss-Correos València Suc 8. Av Del Cid,"Av. del Cid, 22",46018.0,,,
266,Amazon,Convenience Stores,Privada,Premises,Valencia,46018,El Mar Locutorio,"Carrer de Burgos, 2",39.46940319208094,-0.3992437092803554,Amazon,Convenience stores,Private,Premises,Valencia,El Mar Locutorio,"Carrer de Burgos, 2",46018.0,,,
267,Amazon,Convenience Stores,Privada,Premises,Valencia,46018,Tuss Carcasas,"Av. del Cid, 82",39.46945623958896,-0.4005147288031723,Amazon,Convenience stores,Private,Premises,Valencia,Tuss Carcasas,"Av. del Cid, 82",46018.0,,,
268,Amazon,Convenience Stores,Privada,Premises,Valencia,46018,Locutorio Khadim,"C. Cartagena, 5",39.47099077262767,-0.3937362353295469,Amazon,Convenience stores,Private,Premises,Valencia,Locutorio Khadim,"C. Cartagena, 5",46018.0,,,
269,Amazon,Convenience Stores,Privada,Premises,Valencia,46018,Wilfer Envíos,"Av. de Pérez Galdós, 105",39.471061069810176,-0.3930572911875118,Amazon,Convenience stores,Private,Premises,Valencia, Wilfer Envíos,"Av. de Pérez Galdós, 105",46018.0,,,
270,Amazon,Convenience Stores,Privada,Premises,Valencia,46019,La Bodeguita Latina Express,"C. Baeza, 1",39.49335766863904,-0.3727166622593798,Amazon,Convenience stores,Private,Premises,Valencia,La Bodeguita Latina Express,"C. Baeza, 1",46019.0,,,
271,Amazon,Convenience Stores,Privada,Kiosk,Valencia,46019,Kiosco Mayte,"C. San Juan Bosco, 69",39.4953434434344,-0.3710375825581891,Amazon,Convenience stores,Private,Kiosk,Valencia,Kiosco Mayte,"C. San Juan Bosco, 69",46019.0,,,
272,Amazon,Convenience Stores,Privada,Premises,Valencia,46019,Cash Mid,"C/ del Duc de Mandas, 20",39.494113865081225,-0.369938822324832,Amazon,Convenience stores,Private,Premises,Valencia,Cash Mid,"C/ del Duc de Mandas, 20",46019.0,,,
273,Amazon,Convenience Stores,Privada,Premises,Valencia,46019,Outlet Orriols,"C. San Juan Bosco, 77",39.495896697328455,-0.3705763147958665,Amazon,Convenience stores,Private,Premises,Valencia,Outlet Orriols,"C. San Juan Bosco, 77",46019.0,,,
274,Amazon,Convenience Stores,Privada,Premises,Valencia,46019,Economy Bazar,"C. San Juan Bosco, 73",39.49576655855252,-0.3706735695614766,Amazon,Convenience stores,Private,Premises,Valencia,Economy Bazar,"C. San Juan Bosco, 73",46019.0,,,
275,Amazon,Locker,Privada,Service Station,Valencia,46019,Lockers - Ursu,"Cam. Viejo de Godella, 139",39.49782295445473,-0.3839967025258262,Amazon,Lockers,Private,Service Station,Valencia,Lockers - Ursu,"Cam. Viejo de Godella, 139",46019.0,,,
276,Amazon,Locker,Privada,Premises,Valencia,46019,Lockers - Alderete,"C/ d'Alcanyís, 36",39.4955525327176,-0.3784821920082818,Amazon,Lockers,Private,Premises,Valencia,Lockers - Alderete,"C/ d'Alcanyís, 36",46019.0,,,
277,Amazon,Convenience Stores,Privada,Premises,Valencia,46019,La Bodeguita Latina Expess,"C. Padre Viñas, 58",39.49349943616908,-0.3709350907914239,Amazon,Convenience stores,Private,Premises,Valencia, La Bodeguita Latina Expess,"C. Padre Viñas, 58",46019.0,,,
278,Amazon,Convenience Stores,Privada,Premises,Valencia,46019,Techone Computers,"C/ de Pedro Cabanes, 73",39.4944382006223,-0.3779408834575601,Amazon,Convenience stores,Private,Premises,Valencia,Techone Computers,"C/ de Pedro Cabanes, 73",46019.0,,,
279,Amazon,Convenience Stores,Privada,Premises,Valencia,46019,Seur - Oulet Destino 19,PEDRO CABANES 86,39.49462563091356,-0.3781914991998286,Amazon,Convenience stores,Private,Premises,Valencia,Seur - Oulet Destino 19,PEDRO CABANES 86,46019.0,,,
280,Amazon,Locker,Privada,Service Station,Valencia,46020,Lockers - Eloy,"C/ Emilio Baró, 69",39.48947233451577,-0.3603818078213465,Amazon,Lockers,Private,Service Station,Valencia,Lockers - Eloy,"C/ Emilio Baró, 69",46020.0,,,
281,Amazon,Convenience Stores,Privada,Premises,Valencia,46020,Seur - Papeleria Benipaper,"C. de l'Arquitecte Arnau, 57",39.48630623707752,-0.3564583205410704,Amazon,Convenience stores,Private,Premises,Valencia,Seur - Papeleria Benipaper,"C. de l'Arquitecte Arnau, 57",46020.0,,,
282,Amazon,Locker,Privada,Service Station,Valencia,46020,Lockers - Puigbo,"C. de Dolores Marqués, 50",39.487689066866864,-0.3613498478129834,Amazon,Lockers,Private,Service Station,Valencia,Lockers - Puigbo,"C. de Dolores Marqués, 50",46020.0,,,
283,Amazon,Locker,Privada,Premises,Valencia,46020,Lockers - Burrell,"C. Torreta de Miramar, 1",39.48762186069683,-0.3614893106715795,Amazon,Lockers,Private,Premises,Valencia,Lockers - Burrell,"C. Torreta de Miramar, 1",46020.0,,,
284,Amazon,Convenience Stores,Privada,Premises,Valencia,46020,Eva Taller De Marcos,"C. Ramón Asensio, 5",39.482345352824105,-0.3587493315852775,Amazon,Convenience stores,Private,Premises,Valencia,Eva Taller De Marcos,"C. Ramón Asensio, 5",46020.0,,,
285,Amazon,Convenience Stores,Pública,Public Facility,Valencia,46020,Correos - València Suc 12. Benimaclet,"Av. Primado Reig, 129",39.48403612708153,-0.3624253206525299,Amazon,Convenience stores,Public,Public facility,Valencia,Correos - València Suc 12. Benimaclet,"Av. Primado Reig, 129",46020.0,,,
286,Amazon,Locker,Pública,Public Facility,Valencia,46020,Citypaq Lockerss-Correos València Suc 12. Benimacle,"Av. Primado Reig, 129",39.48403612708153,-0.3624253206525299,Amazon,Lockers,Public,Public facility,Valencia,Citypaq Lockerss-Correos València Suc 12. Benimacle,"Av. Primado Reig, 129",46020.0,,,
287,Amazon,Convenience Stores,Privada,Kiosk,Valencia,46020,Seur - Kiosko Rosa,"Carrer de Cuenca Tramoyeres, 2",39.48296016061813,-0.3606806540662172,Amazon,Convenience stores,Private,Kiosk,Valencia,Seur - Kiosko Rosa,"Carrer de Cuenca Tramoyeres, 2",46020.0,,,
288,Amazon,Convenience Stores,Privada,Premises,Valencia,46020,Eurogiro Lare,"C. de la Virgen de los Desamparados, 25",39.48618631742856,-0.3615216477628487,Amazon,Convenience stores,Private,Premises,Valencia,Eurogiro Lare,"C. de la Virgen de los Desamparados, 25",46020.0,,,
289,Amazon,Convenience Stores,Privada,Premises,Valencia,46020,Frutos Secos Oliguer,"Av. de Valladolid, 28",39.48895031992642,-0.3595890942626389,Amazon,Convenience stores,Private,Premises,Valencia,Frutos Secos Oliguer,"Av. de Valladolid, 28",46020.0,,,
290,Amazon,Convenience Stores,Privada,Premises,Valencia,46020,Firdos Movil.,"C/ Emilio Baró, 45",39.48715279651245,-0.3614050566014679,Amazon,Convenience stores,Private,Premises,Valencia,Firdos Movil.,"C/ Emilio Baró, 45",46020.0,,,
291,Amazon,Convenience Stores,Privada,Premises,Valencia,46020,Muizz Copy House,"C. del Dr. Vicente Zaragozá, 9",39.48565450186327,-0.3640321096114801,Amazon,Convenience stores,Private,Premises,Valencia,Muizz Copy House,"C. del Dr. Vicente Zaragozá, 9",46020.0,,,
292,Amazon,Convenience Stores,Privada,Premises,Valencia,46020,Seur - Mercado Del Libro Usado D,"C/ de Sant Columbà, 14",39.4899708406306,-0.3574755691825372,Amazon,Convenience stores,Private,Premises,Valencia,Seur - Mercado Del Libro Usado D,"C/ de Sant Columbà, 14",46020.0,,,
293,Amazon,Locker,Privada,Parking,Valencia,46021,Lockers - Servicio,"C. Chile, 13",39.4712090554096,-0.3568296790886824,Amazon,Lockers,Private,Parking,Valencia,Lockers - Servicio,"C. Chile, 13",46021.0,,,
294,Amazon,Locker,Privada,Service Station,Valencia,46021,Lockers - Ferran,"C/ del Clariano, 3",39.4767468317617,-0.3521613975095794,Amazon,Lockers,Private,Service Station,Valencia,Lockers - Ferran,"C/ del Clariano, 3",46021.0,,,
295,Amazon,Convenience Stores,Privada,Premises,Valencia,46021,Lenceria Gracia.,"C. de l'Amistat, 1",39.47446655030171,-0.3524500355324842,Amazon,Convenience stores,Private,Premises,Valencia,Lenceria Gracia.,"C. de l'Amistat, 1",46021.0,,,
296,Amazon,Convenience Stores,Privada,Premises,Valencia,46021,Mobile Valencia,"Av. Cardenal Benlloch, 93",39.47401591470189,-0.3534962103451357,Amazon,Convenience stores,Private,Premises,Valencia,Mobile Valencia,"Av. Cardenal Benlloch, 93",46021.0,,,
297,Amazon,Convenience Stores,Privada,Premises,Valencia,46021,Seur - Bodaprix Fotografos,"Av. Cardenal Benlloch, 83",39.47330184662008,-0.353797787553428,Amazon,Convenience stores,Private,Premises,Valencia,Seur - Bodaprix Fotografos,"Av. Cardenal Benlloch, 83",46021.0,,,
298,Amazon,Locker,Privada,Premises,Valencia,46021,Lockers - Diestre,"C. del Gorgos, 4",39.47675234466337,-0.3529562131633685,Amazon,Lockers,Private,Premises,Valencia,Lockers - Diestre,"C. del Gorgos, 4",46021.0,,,
299,Amazon,Convenience Stores,Privada,Premises,Valencia,46021,Monalisa Ii,"C. del Gorgos, 4",39.47675234466337,-0.3529562131633685,Amazon,Convenience stores,Private,Premises,Valencia,Monalisa Ii,"C. del Gorgos, 4",46021.0,,,
300,Amazon,Convenience Stores,Privada,Premises,Valencia,46021,Seur - Estanco 66,"Avda. de Blasco Ibáñez, 39",39.47616064369366,-0.353313793381064,Amazon,Convenience stores,Private,Premises,Valencia,Seur - Estanco 66,"Avda. de Blasco Ibáñez, 39",46021.0,,,
301,Amazon,Locker,Pública,Public Facility,Valencia,46021,Citypaq Lockerss-Correos València Suc 13. Algiròs,"C. del Poeta Mas y Ros, 20",39.47100131222077,-0.3497763098582114,Amazon,Lockers,Public,Public facility,Valencia,Citypaq Lockerss-Correos València Suc 13. Algiròs,"C. del Poeta Mas y Ros, 20",46021.0,,,
302,Amazon,Convenience Stores,Pública,Public Facility,Valencia,46021,Correos - València Suc 13. Algiròs,"C. del Poeta Mas y Ros, 21",39.47100131222077,-0.3497763098582114,Amazon,Convenience stores,Public,Public facility,Valencia,Correos - València Suc 13. Algiròs,"C. del Poeta Mas y Ros, 21",46021.0,,,
303,Amazon,Convenience Stores,Privada,Premises,Valencia,46021,Bazar Catay,"C/ de Polo y Peyrolón, 32",39.47406985163435,-0.3544688049609601,Amazon,Convenience stores,Private,Premises,Valencia,Bazar Catay,"C/ de Polo y Peyrolón, 32",46021.0,,,
304,Amazon,Convenience Stores,Privada,Premises,Valencia,46021,Amazon Convenience stores - Bellacor Telecomunicaciones,"C. del Dr. Manuel Candela, 66",39.47219700344144,-0.3482942369845347,Amazon,Convenience stores,Private,Premises,Valencia,Amazon Convenience stores - Bellacor Telecomunicaciones,"C. del Dr. Manuel Candela, 66",46021.0,,,
305,Amazon,Convenience Stores,Privada,Premises,Valencia,46021,Seur - Estanco 224 La Salud,"C. de los Santos Justo y Pastor, 37",39.47063745663269,-0.349747788517734,Amazon,Convenience stores,Private,Premises,Valencia,Seur - Estanco 224 La Salud,"C. de los Santos Justo y Pastor, 37",46021.0,,,
306,Amazon,Locker,Privada,Supermarket,Valencia,46021,Lockers - Altamirano,"C. del Serpis, 90",39.473082884505416,-0.338171517330584,Amazon,Lockers,Private,Supermarket,Valencia,Lockers - Altamirano,"C. del Serpis, 90",46021.0,,,
307,Amazon,Convenience Stores,Privada,Premises,Valencia,46022,Futurmovil,"C. Músico Ginés, 31",39.4718434396585,-0.3428762064316024,Amazon,Convenience stores,Private,Premises,Valencia,Futurmovil,"C. Músico Ginés, 31",46022.0,,,
308,Amazon,Convenience Stores,Privada,Premises,Valencia,46022,Interbox,"Avda. de Blasco Ibáñez, 162",39.47192585584584,-0.3417735256940558,Amazon,Convenience stores,Private,Premises,Valencia,Interbox,"Avda. de Blasco Ibáñez, 162",46022.0,,,
309,Amazon,Locker,Privada,Premises,Valencia,46022,Lockers - Peten,"Avda. de Blasco Ibáñez, 163",39.47192585584584,-0.3417735256940558,Amazon,Lockers,Private,Premises,Valencia,Lockers - Peten,"Avda. de Blasco Ibáñez, 163",46022.0,,,
310,Amazon,Locker,Pública,Public Facility,Valencia,46022,Citypaq Lockerss-Uv Facultad Economia,"Av. de los Naranjos, S/N",39.47843245388288,-0.341559835399855,Amazon,Lockers,Public,Public facility,Valencia,Citypaq Lockerss-Uv Facultad Economia,"Av. de los Naranjos, S/N",46022.0,,,
311,Amazon,Convenience Stores,Privada,Premises,Valencia,46022,Alimentación M.K,"C. del Explorador Andrés, 2",39.4726194782749,-0.3481141237645564,Amazon,Convenience stores,Private,Premises,Valencia,Alimentación M.K,"C. del Explorador Andrés, 2",46022.0,,,
312,Amazon,Locker,Privada,Supermarket,Valencia,46022,Amazon Lockers - Arena,"C. los Leones, 48",39.46903742863133,-0.3470300650377562,Amazon,Lockers,Private,Supermarket,Valencia,Amazon Lockers - Arena,"C. los Leones, 48",46022.0,,,
313,Amazon,Convenience Stores,Privada,Premises,Valencia,46022,Ayora Locutorio,"C. de los Santos Justo y Pastor, 111",39.46833371777775,-0.3420375373776447,Amazon,Convenience stores,Private,Premises,Valencia,Ayora Locutorio,"C. de los Santos Justo y Pastor, 111",46022.0,,,
314,Amazon,Locker,Privada,Service Station,Valencia,46011,Lockers - Leoncia,"C/ de la Serradora, 14",39.464657494082,-0.3358346356995185,Amazon,Lockers,Private,Service Station,Valencia,Lockers - Leoncia,"C/ de la Serradora, 14",46011.0,,,
315,Amazon,Locker,Privada,Supermarket,Valencia,46022,Lockers - Aldekoa,"C. la Fue, 12",39.4681859472287,-0.3408929810995075,Amazon,Lockers,Private,Supermarket,Valencia,Lockers - Aldekoa,"C. la Fue, 12",46022.0,,,
316,Amazon,Convenience Stores,Privada,Premises,Valencia,46022,Papeleria Y Libreria Titelles,"C Ramón de Campoamor, 103",39.46948385560077,-0.3398844686591548,Amazon,Convenience stores,Private,Premises,Valencia,Papeleria Y Libreria Titelles,"C Ramón de Campoamor, 103",46022.0,,,
317,Amazon,Locker,Privada,Premises,Valencia,46023,Amazon Lockers - Debernardo,"C/ Vicente Beltrán Grimal, 17",39.4619103211092,-0.3483943279396124,Amazon,Lockers,Private,Premises,Valencia,Amazon Lockers - Debernardo,"C/ Vicente Beltrán Grimal, 17",46023.0,,,
318,Amazon,Convenience Stores,Privada,Premises,Valencia,46023,Papeleria Baleares 18,"Av. de Baleares, 18",39.4632588182848,-0.3548579850595735,Amazon,Convenience stores,Private,Premises,Valencia,Papeleria Baleares 18,"Av. de Baleares, 18",46023.0,,,
319,Amazon,Convenience Stores,Privada,Premises,Valencia,46023,Raheem Locutorio,"C. de Higinio Noja, 23",39.46220852043066,-0.3460081496467025,Amazon,Convenience stores,Private,Premises,Valencia,Raheem Locutorio,"C. de Higinio Noja, 23",46023.0,,,
320,Amazon,Convenience Stores,Privada,Premises,Valencia,46023,Fix Valencia.,"C. de Higinio Noja, 61",39.458540437500126,-0.3474266741102961,Amazon,Convenience stores,Private,Premises,Valencia,Fix Valencia.,"C. de Higinio Noja, 61",46023.0,,,
321,Amazon,Locker,Pública,Public Facility,Valencia,46023,Citypaq Lockerss-Correos València Suc 22. El Corte,"C/ del Pintor Maella, 37",39.45701335390257,-0.3471431870954357,Amazon,Lockers,Public,Public facility,Valencia,Citypaq Lockerss-Correos València Suc 22. El Corte,"C/ del Pintor Maella, 37",46023.0,,,
322,Amazon,Locker,Privada,Premises,Valencia,46023,Lockers - Triadu,"Av. de Francia, 8",39.46024019905334,-0.3517039785122774,Amazon,Lockers,Private,Premises,Valencia, Lockers - Triadu,"Av. de Francia, 8",46023.0,,,
323,Amazon,Convenience Stores,Privada,Premises,Valencia,46023,Locutorio Openloc,"C. de Trafalgar, 14",39.4626628575563,-0.3446123856239071,Amazon,Convenience stores,Private,Premises,Valencia,Locutorio Openloc,"C. de Trafalgar, 14",46023.0,,,
324,Amazon,Convenience Stores,Privada,Premises,Valencia,46023,Seur - Yo Te Quiero En Bici,"Av. de Francia, 10",39.46023681979137,-0.3514386530128426,Amazon,Convenience stores,Private,Premises,Valencia,Seur - Yo Te Quiero En Bici,"Av. de Francia, 10",46023.0,,,
325,Amazon,Locker,Privada,Premises,Valencia,46023,Amazon Lockers - Ambres,"C/ Padre Tomás Montañana, 24",39.46354956924684,-0.3525680207618628,Amazon,Lockers,Private,Premises,Valencia,Amazon Lockers - Ambres,"C/ Padre Tomás Montañana, 24",46023.0,,,
326,Amazon,Convenience Stores,Pública,Public Facility,Valencia,46023,Correos - València Suc 22. El Corte Inglés Av. Fra,"C/ del Pintor Maella, 37",39.4570619355231,-0.3471296512698471,Amazon,Convenience stores,Public,Public facility,Valencia,Correos - València Suc 22. El Corte Inglés Av. Fra,"C/ del Pintor Maella, 37",46023.0,,,
327,Amazon,Locker,Privada,Premises,Valencia,46023,Lockers - Abascal,"Av. del Puerto, 250",39.46207676102283,-0.3399658589500474,Amazon,Lockers,Private,Premises,Valencia,Lockers - Abascal,"Av. del Puerto, 250",46023.0,,,
328,Amazon,Convenience Stores,Privada,Premises,Valencia,46023,Reparación De Calzado,"C/ de Rodrigo de Pertegás, 36",39.461012451330895,-0.3419073582280792,Amazon,Convenience stores,Private,Premises,Valencia,Reparación De Calzado,"C/ de Rodrigo de Pertegás, 36",46023.0,,,
329,Amazon,Convenience Stores,Privada,Premises,Valencia,46024,Seur - Ferreteria Garcia Sl,"C. Alta del Mar, 73",39.45059820358093,-0.3334717984264808,Amazon,Convenience stores,Private,Premises,Valencia,Seur - Ferreteria Garcia Sl,"C. Alta del Mar, 73",46024.0,,,
330,Amazon,Convenience Stores,Privada,Premises,Valencia,46024,Intermarche Super,"Plaça d' Aras de Los Olmos, 1",39.44882718140396,-0.3335983999844235,Amazon,Convenience stores,Private,Premises,Valencia,Intermarche Super,"Plaça d' Aras de Los Olmos, 1",46024.0,,,
331,Amazon,Convenience Stores,Privada,Premises,Valencia,46024,Kiosko Garcia,"Carrer de Fontilles, 25",39.44986284907746,-0.3338818318735558,Amazon,Convenience stores,Private,Premises,Valencia,Kiosko Garcia,"Carrer de Fontilles, 25",46024.0,,,
332,Amazon,Locker,Privada,Service Station,Valencia,46024,Lockers - Leoncia,"C/ Serreria Esq, C. del Riu Jalón, 19",39.46380209228302,-0.3370813375298563,Amazon,Lockers,Private,Service Station,Valencia,Lockers - Leoncia,"C/ Serreria Esq, C. del Riu Jalón, 19",46024.0,,,
333,Amazon,Locker,Privada,Premises,Valencia,46024,Lockers - Comabella,"Camí del Canal, 91, Poblats Marítims",39.42868511467931,-0.3334489379200772,Amazon,Lockers,Private,Premises,Valencia,Lockers - Comabella,"Camí del Canal, 91, Poblats Marítims",46024.0,,,
334,Amazon,Locker,Privada,Premises,Valencia,46025,Lockers - Cayarga,"C/ de José Grollo, 45",39.49098705930271,-0.3906882168597496,Amazon,Lockers,Private,Premises,Valencia,Lockers - Cayarga,"C/ de José Grollo, 45",46025.0,,,
335,Amazon,Locker,Privada,Premises,Valencia,46025,Lockers - Alfonsin,"C/ de José Grollo, 53",39.49116104185931,-0.390979792569934,Amazon,Lockers,Private,Premises,Valencia,Lockers - Alfonsin,"C/ de José Grollo, 53",46025.0,,,
336,Amazon,Convenience Stores,Privada,Premises,Valencia,46025,Locutorio Fm Latino,"C/ de José Grollo, 121",39.49398472188295,-0.3939234539206723,Amazon,Convenience stores,Private,Premises,Valencia,Locutorio Fm Latino,"C/ de José Grollo, 121",46025.0,,,
337,Amazon,Convenience Stores,Privada,Premises,Valencia,46026,La Bruixa De Castellar,"C. José Siurana, 4",39.42915167572524,-0.3633438034227074,Amazon,Convenience stores,Private,Premises,Valencia,La Bruixa De Castellar,"C. José Siurana, 4",46026.0,,,
338,Amazon,Convenience Stores,Pública,Public Facility,Valencia,46025,Correos - València Suc 16. Castellar-Oliveral,"C/ d'Ador, 69",39.42850323736826,-0.3625069041501895,Amazon,Convenience stores,Public,Public facility,Valencia,Correos - València Suc 16. Castellar-Oliveral,"C/ d'Ador, 69",46025.0,,,
339,Amazon,Convenience Stores,Privada,Premises,Valencia,46035,Locutorio Godwin,"C. Campamento, 5",39.50312082745291,-0.4200848029252991,Amazon,Convenience stores,Private,Premises,Valencia,Locutorio Godwin,"C. Campamento, 5",46035.0,,,
340,Amazon,Convenience Stores,Privada,Premises,Valencia,46035,Bambini Moda Infantil Y Mujer,"C. Campamento, 44",39.50210265339571,-0.4221057085577498,Amazon,Convenience stores,Private,Premises,Valencia,Bambini Moda Infantil Y Mujer,"C. Campamento, 44",46035.0,,,
341,Amazon,Convenience Stores,Privada,Premises,Valencia,46035,Mg Movil Valencia 2023,"C. Campamento, 38",39.50222844575271,-0.4218117129047962,Amazon,Convenience stores,Private,Premises,Valencia,Mg Movil Valencia 2023,"C. Campamento, 38",46035.0,,,
342,Amazon,Convenience Stores,Privada,Premises,Valencia,46035,Alimentacion Campamento,"C. Campamento, 48",39.50202720766179,-0.4224975646006371,Amazon,Convenience stores,Private,Premises,Valencia,Alimentacion Campamento,"C. Campamento, 48",46035.0,,,
343,Amazon,Convenience Stores,Pública,Public Facility,Valencia,46035,Correos - València Suc 20. Benimàmet,"C/ d'Elies Tormo, 39",39.50139573718788,-0.4196791254698175,Amazon,Convenience stores,Public,Public facility,Valencia,Correos - València Suc 20. Benimàmet,"C/ d'Elies Tormo, 39",46035.0,,,
344,Amazon,Convenience Stores,Privada,Premises,Valencia,46035,Free-0,"C/ de Felipe Valls, 76",39.50478614377848,-0.4206297420854873,Amazon,Convenience stores,Private,Premises,Valencia,Free-0,"C/ de Felipe Valls, 76",46035.0,,,
345,Amazon,Convenience Stores,Privada,Premises,Valencia,46035,La Merceria De Maria Amparo,"C. Esperanza, 18",39.50003455214736,-0.4194803835256651,Amazon,Convenience stores,Private,Premises,Valencia,La Merceria De Maria Amparo,"C. Esperanza, 18",46035.0,,,
346,Amazon,Convenience Stores,Privada,Premises,Valencia,46035,Carnicera Jose Maria Chuliá,"C/ de Benimodo, 38",39.50073919135443,-0.4207314807361977,Amazon,Convenience stores,Private,Premises,Valencia,Carnicera Jose Maria Chuliá,"C/ de Benimodo, 38",46035.0,,,
347,SEUR,Convenience Stores,Privada,Kiosk,Valencia,46001,Kiosko Carrusel,"C/ Carniceros, 2",39.47445071620904,-0.3814114649585055,Seur,Convenience stores,Private,Kiosk,Valencia,Kiosko Carrusel,"C/ Carniceros, 2",46001.0,,,
348,SEUR,Convenience Stores,Privada,Premises,Valencia,46001,Herrajes Serra,"C. de la Linterna, 28",39.4725301475754,-0.3794266260306156,Seur,Convenience stores,Private,Premises,Valencia,Herrajes Serra,"C. de la Linterna, 28",46001.0,,,
349,SEUR,Convenience Stores,Privada,Premises,Valencia,46001,Ruzafa Bike Rent,"C. de Quart, 48",39.47620060555277,-0.3827337994301053,Seur,Convenience stores,Private,Premises,Valencia,Ruzafa Bike Rent,"C. de Quart, 48",46001.0,,,
350,SEUR,Convenience Stores,Privada,Premises,Valencia,46001,Seur Tipsa Plaza La Reina,"Carrer de Guillem Sorolla, 36",39.47314715957151,-0.3831125893057512,Seur,Convenience stores,Private,Premises,Valencia,Seur Tipsa Plaza La Reina,"Carrer de Guillem Sorolla, 36",46001.0,,,
351,SEUR,Convenience Stores,Privada,Premises,Valencia,46003,Merceria Ladelana,"Plaça de Mossén Sorell, 11",39.47803469935788,-0.3802189198772597,Seur,Convenience stores,Private,Premises,Valencia,Merceria Ladelana,"Plaça de Mossén Sorell, 11",46003.0,,,
352,SEUR,Convenience Stores,Privada,Premises,Valencia,46007,Willshop,"C/ Guillem de Castro, 45",39.469790024424746,-0.3824795873213329,Seur,Convenience stores,Private,Premises,Valencia,Willshop,"C/ Guillem de Castro, 45",46007.0,,,
353,SEUR,Convenience Stores,Privada,Premises,Valencia,46008,Phone Center,"C/ Angel Guimera, 13",39.47051479175424,-0.3859262616179295,Seur,Convenience stores,Private,Premises,Valencia,Phone Center,"C/ Angel Guimera, 13",46008.0,,,
354,SEUR,Convenience Stores,Privada,Premises,Valencia,46003,Estanco Benavent,"C/ del Mur de Santa Anna, 4",39.47884513097026,-0.3745431221699176,Seur,Convenience stores,Private,Premises,Valencia,Estanco Benavent,"C/ del Mur de Santa Anna, 4",46003.0,,,
355,SEUR,Locker,Privada,Premises,Valencia,46007,Seur Lockers Pcbox Valenci,"Gran Vía de Ramón y Cajal, 49",39.467961991955725,-0.3836633604046577,Seur,Lockers,Private,Premises,Valencia,Seur Lockers Pcbox Valenci,"Gran Vía de Ramón y Cajal, 49",46007.0,,,
356,SEUR,Convenience Stores,Privada,Premises,Valencia,46008,Asim Fruta Y Alimentacion,"C. de Calixto III, 16",39.47146327846264,-0.3892076259079319,Seur,Convenience stores,Private,Premises,Valencia,Asim Fruta Y Alimentacion,"C. de Calixto III, 16",46008.0,,,
357,SEUR,Convenience Stores,Privada,Premises,Valencia,46008,Estanco Juan Lorrens 55,"C. de Juan Llorens, 55",39.470670474170895,-0.3888651575992684,Seur,Convenience stores,Private,Premises,Valencia,Estanco Juan Lorrens 55,"C. de Juan Llorens, 55",46008.0,,,
358,SEUR,Convenience Stores,Privada,Premises,Valencia,46007,Sellos Alepuz,"C. del Convento de Jerusalén, 16",39.46750589759393,-0.3794390267470018,Seur,Convenience stores,Private,Premises,Valencia,Sellos Alepuz,"C. del Convento de Jerusalén, 16",46007.0,,,
359,SEUR,Convenience Stores,Privada,Premises,Valencia,46008,Miimo Repair,"C. de Juan Llorens, 11",39.47355006070457,-0.3908557776924318,Seur,Convenience stores,Private,Premises,Valencia,Miimo Repair,"C. de Juan Llorens, 11",46008.0,,,
360,SEUR,Locker,Privada,Premises,Valencia,46007,Seur Lockers Latin Travel,"C. del Convento de Jerusalén, 28",39.466461956436646,-0.3796947161170054,Seur,Lockers,Private,Premises,Valencia,Seur Lockers Latin Travel,"C. del Convento de Jerusalén, 28",46007.0,,,
361,SEUR,Convenience Stores,Privada,Premises,Valencia,46007,Expendiduria Valencia 122,"C/ de Jesús, 46",39.466262576823965,-0.383706400310408,Seur,Convenience stores,Private,Premises,Valencia,Expendiduria Valencia 122,"C/ de Jesús, 46",46007.0,,,
362,SEUR,Locker,Privada,Premises,Valencia,46008,Seur Lockers Ipk Maria Mic,Calle de Sta. María Micaela S/N,39.47224687587429,-0.3920965090641229,Seur,Lockers,Private,Premises,Valencia,Seur Lockers Ipk Maria Mic,Calle de Sta. María Micaela S/N,46008.0,,,
363,SEUR,Convenience Stores,Privada,Premises,Valencia,46008,Firdos Movil,"C. de Martín el Humano, 30",39.469628687706496,-0.3902044716764439,Seur,Convenience stores,Private,Premises,Valencia,Firdos Movil,"C. de Martín el Humano, 30",46008.0,,,
364,SEUR,Convenience Stores,Privada,Premises,Valencia,46008,Miss Buye,"C. Buen Orden, 12",39.466931297784605,-0.3866433728926641,Seur,Convenience stores,Private,Premises,Valencia,Miss Buye,"C. Buen Orden, 12",46008.0,,,
365,SEUR,Locker,Privada,Premises,Valencia,46009,Seur Lockers Alsa Valencia,"Av. de Menéndez Pidal, 11",39.48101650295717,-0.3865051107938385,Seur,Lockers,Private,Premises,Valencia,Seur Lockers Alsa Valencia,"Av. de Menéndez Pidal, 11",46009.0,,,
366,SEUR,Convenience Stores,Privada,Premises,Valencia,46008,Hiperpapeleria San Jose,"Carrer de González Martí, 7",39.47416712748615,-0.3929002940822805,Seur,Convenience stores,Private,Premises,Valencia,Hiperpapeleria San Jose,"Carrer de González Martí, 7",46008.0,,,
367,SEUR,Convenience Stores,Privada,Premises,Valencia,46004,Trinket Store,"C. de Segorbe, 3",39.465311470769045,-0.3766167361727483,Seur,Convenience stores,Private,Premises,Valencia,Trinket Store,"C. de Segorbe, 3",46004.0,,,
368,SEUR,Convenience Stores,Privada,Premises,Valencia,46018,Wilfer Envios,"Av. de Pérez Galdós, 105",39.471027901703536,-0.3931324847294424,Seur,Convenience stores,Private,Premises,Valencia,Wilfer Envios,"Av. de Pérez Galdós, 105",46018.0,,,
369,SEUR,Convenience Stores,Privada,Premises,Valencia,46009,Todocostura,"C/ del Doctor Olóriz, 17",39.48472169760516,-0.3809874241775012,Seur,Convenience stores,Private,Premises,Valencia,Todocostura,"C/ del Doctor Olóriz, 17",46009.0,,,
370,SEUR,Locker,Privada,Premises,Valencia,46018,Seur Lockers Europhil Call,"C. de Linares, 7",39.46880287657388,-0.3928720848733025,Seur,Lockers,Private,Premises,Valencia,Seur Lockers Europhil Call,"C. de Linares, 7",46018.0,,,
371,SEUR,Locker,Privada,Parking,Valencia,46004,Seur Lockers Ipk Porta Mar,Av. de Navarro Reverter S/N,39.47143047095802,-0.3668473318911249,Seur,Lockers,Private,Parking,Valencia,Seur Lockers Ipk Porta Mar,Av. de Navarro Reverter S/N,46004.0,,,
372,SEUR,Convenience Stores,Privada,Premises,Valencia,46018,La Cueva De Medusa Lafarg,"C. Nicolás Estevanez, 18",39.46968182989814,-0.393639599968943,Seur,Convenience stores,Private,Premises,Valencia,La Cueva De Medusa Lafarg,"C. Nicolás Estevanez, 18",46018.0,,,
373,SEUR,Convenience Stores,Privada,Premises,Valencia,46018,Estanco 120,"Calle Maestro Bellver, 17",39.4658403621277,-0.3912539776404473,Seur,Convenience stores,Private,Premises,Valencia,Estanco 120,"Calle Maestro Bellver, 17",46018.0,,,
374,SEUR,Convenience Stores,Privada,Premises,Valencia,46018,Papeleria Suico,"C. Brasil, 12",39.47124026799458,-0.3956998288955967,Seur,Convenience stores,Private,Premises,Valencia,Papeleria Suico,"C. Brasil, 12",46018.0,,,
375,SEUR,Convenience Stores,Privada,Premises,Valencia,46005,Quiosco Cesar,"Gran Vía del Marqués del Turia, 54",39.4671932562867,-0.3678568493994056,Seur,Convenience stores,Private,Premises,Valencia,Quiosco Cesar,"Gran Vía del Marqués del Turia, 54",46005.0,,,
376,SEUR,Locker,Privada,Supermarket,Valencia,46005,Seur Lockers Lidl Valencia,"Gran Vía del Marqués del Turia, 52",39.46708561419848,-0.368074991547151,Seur,Lockers,Private,Supermarket,Valencia,Seur Lockers Lidl Valencia,"Gran Vía del Marqués del Turia, 52",46005.0,,,
377,SEUR,Convenience Stores,Privada,Premises,Valencia,46006,Locutorio Naveed,"C. de Denia, 3",39.46429781579148,-0.3726490363259342,Seur,Convenience stores,Private,Premises,Valencia,Locutorio Naveed,"C. de Denia, 3",46006.0,,,
378,SEUR,Convenience Stores,Privada,Premises,Valencia,46007,Ferreteria Ferrototal,"C. de Albacete, 37",39.46221632249733,-0.3847841872941504,Seur,Convenience stores,Private,Premises,Valencia,Ferreteria Ferrototal,"C. de Albacete, 37",46007.0,,,
379,SEUR,Convenience Stores,Privada,Premises,Valencia,46018,Locutorio Dabakh Malick,"C. de Francisco Moreno Usedo, 4",39.47376267619944,-0.3972252524810369,Seur,Convenience stores,Private,Premises,Valencia,Locutorio Dabakh Malick,"C. de Francisco Moreno Usedo, 4",46018.0,,,
380,SEUR,Convenience Stores,Privada,Premises,Valencia,46006,Hobbies El Fallero,"C. de Sueca, 31",39.46206107493819,-0.3751166371529928,Seur,Convenience stores,Private,Premises,Valencia,Hobbies El Fallero,"C. de Sueca, 31",46006.0,,,
381,SEUR,Convenience Stores,Privada,Premises,Valencia,46006,Soluciones Móviles,"C. del Consulat del Mar, 5",39.462927928417,-0.3713438928372528,Seur,Convenience stores,Private,Premises,Valencia,Soluciones Móviles,"C. del Consulat del Mar, 5",46006.0,,,
382,SEUR,Convenience Stores,Privada,Kiosk,Valencia,46015,Kiosco Papeleria Arco Iri,"C. Góngora, 3",39.4765857723437,-0.3976629725920819,Seur,Convenience stores,Private,Kiosk,Valencia,Kiosco Papeleria Arco Iri,"C. Góngora, 3",46015.0,,,
383,SEUR,Locker,Privada,Supermarket,Valencia,46009,Seur Lockers Lidl Sagunto,"C. de Sagunto, 118",39.48710428994175,-0.3746996625864507,Seur,Lockers,Private,Supermarket,Valencia,Seur Lockers Lidl Sagunto,"C. de Sagunto, 118",46009.0,,,
384,SEUR,Locker,Privada,Parking,Valencia,46009,Seur Lockers Ipk La Fe,"C/ d'Alfons Verdeguer, 1",39.48675322224607,-0.389256643833678,Seur,Lockers,Private,Parking,Valencia,Seur Lockers Ipk La Fe,"C/ d'Alfons Verdeguer, 1",46009.0,,,
385,SEUR,Locker,Privada,Mall,Valencia,46015,Seur Lockers C.C. Mercado,"Av. de Tirso de Molina, 16",39.47770133176126,-0.3955540970703128,Seur,Lockers,Private,Mall,Valencia,Seur Lockers C.C. Mercado,"Av. de Tirso de Molina, 16",46015.0,,,
386,SEUR,Convenience Stores,Privada,Kiosk,Valencia,46018,Kiosko Patraix,"C. Dibujante Manuel Gago, 12",39.4625149223486,-0.3912613079113965,Seur,Convenience stores,Private,Kiosk,Valencia,Kiosko Patraix,"C. Dibujante Manuel Gago, 12",46018.0,,,
387,SEUR,Convenience Stores,Privada,Premises,Valencia,46005,La Ventana Natural,"C/ de Pedro III el Grande, 2",39.462303839672565,-0.3703727480449764,Seur,Convenience stores,Private,Premises,Valencia,La Ventana Natural,"C/ de Pedro III el Grande, 2",46005.0,,,
388,SEUR,Convenience Stores,Privada,Premises,Valencia,46010,Llibr. Tirant Lo Blanch,"C. Artes Gráficas, 14",39.47668594063065,-0.362257189236052,Seur,Convenience stores,Private,Premises,Valencia,Llibr. Tirant Lo Blanch,"C. Artes Gráficas, 14",46010.0,,,
389,SEUR,Locker,Privada,Premises,Valencia,46010,Seur Lockers Pcbox Valenci,"C. Artes Gráficas, 14",39.47668594063065,-0.362257189236052,Seur,Lockers,Private,Premises,Valencia,Seur Lockers Pcbox Valenci,"C. Artes Gráficas, 14",46010.0,,,
390,SEUR,Convenience Stores,Privada,Premises,Valencia,46009,Newmotoclan,"C. Maximiliano Thous, 34",39.48746581460807,-0.3731179574174103,Seur,Convenience stores,Private,Premises,Valencia,Newmotoclan,"C. Maximiliano Thous, 34",46009.0,,,
391,SEUR,Convenience Stores,Privada,Premises,Valencia,46005,Karpet Papeleria Tecnica,"C. Joaquín Costa, 46",39.464420626286056,-0.3661240483373815,Seur,Convenience stores,Private,Premises,Valencia,Karpet Papeleria Tecnica,"C. Joaquín Costa, 46",46005.0,,,
392,SEUR,Convenience Stores,Privada,Premises,Valencia,46009,Maniqui Tienda Ideal,"Av. de la Constitución, 94",39.48862301359319,-0.3763590985535289,Seur,Convenience stores,Private,Premises,Valencia,Maniqui Tienda Ideal,"Av. de la Constitución, 94",46009.0,,,
393,SEUR,Convenience Stores,Privada,Premises,Valencia,46010,Fotocopias La Repera,"C/ del Bachiller, 4",39.48284976609428,-0.3640237891571929,Seur,Convenience stores,Private,Premises,Valencia,Fotocopias La Repera,"C/ del Bachiller, 4",46010.0,,,
394,SEUR,Convenience Stores,Privada,Premises,Valencia,46018,Edpack,"C/ Luis Lamarca, 13",39.471171421496486,-0.4005557524656348,Seur,Convenience stores,Private,Premises,Valencia,Edpack,"C/ Luis Lamarca, 13",46018.0,,,
395,SEUR,Convenience Stores,Privada,Premises,Valencia,46009,Estanco Peset,"Av. de Burjassot, 116",39.48909341745891,-0.3892359894613098,Seur,Convenience stores,Private,Premises,Valencia,Estanco Peset,"Av. de Burjassot, 116",46009.0,,,
396,SEUR,Convenience Stores,Privada,Premises,Valencia,46018,Olivetronic,"C. Brasil, 77",39.47283936490794,-0.4011718074337007,Seur,Convenience stores,Private,Premises,Valencia,Olivetronic,"C. Brasil, 77",46018.0,,,
397,SEUR,Convenience Stores,Privada,Premises,Valencia,46018,Tuss Carcasas,"Av. del Cid, 82",39.46951371545157,-0.4004671324592833,Seur,Convenience stores,Private,Premises,Valencia,Tuss Carcasas,"Av. del Cid, 82",46018.0,,,
398,SEUR,Convenience Stores,Privada,Premises,Valencia,46005,Texto Graf,"Calle de Matías Perelló, 27",39.46181257037267,-0.3675536138952369,Seur,Convenience stores,Private,Premises,Valencia,Texto Graf,"Calle de Matías Perelló, 27",46005.0,,,
399,SEUR,Convenience Stores,Privada,Premises,Valencia,46018,360 Y Mas,"C. Impresor Monfort, 23",39.46316540431745,-0.3957184023655882,Seur,Convenience stores,Private,Premises,Valencia,360 Y Mas,"C. Impresor Monfort, 23",46018.0,,,
400,SEUR,Convenience Stores,Privada,Premises,Valencia,46025,Umar Locutorio,"C. Mondúver, 41",39.48983357818956,-0.3868178454505351,Seur,Convenience stores,Private,Premises,Valencia,Umar Locutorio,"C. Mondúver, 41",46025.0,,,
401,SEUR,Locker,Privada,Premises,Valencia,46005,Seur Lockers Pcbox Valenci,"CL/SALAMANCA, No48",39.46487924233497,-0.3631624306766055,Seur,Lockers,Private,Premises,Valencia,Seur Lockers Pcbox Valenci,"CL/SALAMANCA, Nº48",46005.0,,,
402,SEUR,Convenience Stores,Privada,Premises,Valencia,46010,Prink Iriparo,"Av. Primado Reig, 54",39.48699052986463,-0.366972890944438,Seur,Convenience stores,Private,Premises,Valencia,Prink Iriparo,"Av. Primado Reig, 54",46010.0,,,
403,SEUR,Convenience Stores,Privada,Premises,Valencia,46010,Estanco Amadeo De Saboya,"C. de Amadeo de Saboya, 24",39.473103821668815,-0.3593778705704877,Seur,Convenience stores,Private,Premises,Valencia,Estanco Amadeo De Saboya,"C. de Amadeo de Saboya, 24",46010.0,,,
404,SEUR,Convenience Stores,Privada,Premises,Valencia,46005,Papeleria Barco De Papel,"C. de Salamanca, 47",39.464800380447045,-0.3626729093290575,Seur,Convenience stores,Private,Premises,Valencia,Papeleria Barco De Papel,"C. de Salamanca, 47",46005.0,,,
405,SEUR,Locker,Privada,Premises,Valencia,46009,Seur Lockers Washrocks Doc,"Av. del Dr. Peset Aleixandre, 77",39.49080814892403,-0.3796163167079696,Seur,Lockers,Private,Premises,Valencia,Seur Lockers Washrocks Doc,"Av. del Dr. Peset Aleixandre, 77",46009.0,,,
406,SEUR,Convenience Stores,Privada,Premises,Valencia,46025,Evc Juan Xxiii,"Av. de Juan XXIII, 4",39.4910505027018,-0.3819422571476283,Seur,Convenience stores,Private,Premises,Valencia,Evc Juan Xxiii,"Av. de Juan XXIII, 4",46025.0,,,
407,SEUR,Locker,Privada,Premises,Valencia,46005,Seur Lockers Lidl Peris,"Av. de Peris y Valero, 145",39.46111672624325,-0.3669147037673296,Seur,Lockers,Private,Premises,Valencia,Seur Lockers Lidl Peris,"Av. de Peris y Valero, 145",46005.0,,,
408,SEUR,Convenience Stores,Privada,Premises,Valencia,46020,Locutorio Yurema,"Av. Primado Reig, 123",39.48443888314838,-0.3632230758171728,Seur,Convenience stores,Private,Premises,Valencia,Locutorio Yurema,"Av. Primado Reig, 123",46020.0,,,
409,SEUR,Convenience Stores,Privada,Premises,Valencia,46006,Ibertinta Valencia,"Av. de Peris y Valero, 85",39.45905298212398,-0.3720402187569258,Seur,Convenience stores,Private,Premises,Valencia,Ibertinta Valencia,"Av. de Peris y Valero, 85",46006.0,,,
410,SEUR,Locker,Privada,Service Station,Valencia,46009,Seur Lockers E.S. Galp Pri,"AVD/PRIMADO REIG, No10",39.49062618167225,-0.372113113591215,Seur,Lockers,Private,Service Station,Valencia,Seur Lockers E.S. Galp Pri,"AVD/PRIMADO REIG, Nº10",46009.0,,,
411,SEUR,Convenience Stores,Privada,Mall,Valencia,46018,Shopping Center Valencia,"CL/HUMANISTA MARINER, No19",39.460591137595024,-0.3935989018388961,Seur,Convenience stores,Private,Mall,Valencia,Shopping Center Valencia,"CL/HUMANISTA MARINER, Nº19",46018.0,,,
412,SEUR,Convenience Stores,Privada,Premises,Valencia,46025,Call & More,"C/ de José Grollo, 6",39.49030236207663,-0.3893944761784307,Seur,Convenience stores,Private,Premises,Valencia,Call & More,"C/ de José Grollo, 6",46025.0,,,
413,SEUR,Convenience Stores,Privada,Supermarket,Valencia,46006,Mil Sabores Supermercado,"Av. de Peris y Valero, 126",39.46002747212775,-0.3680588002917755,Seur,Convenience stores,Private,Supermarket,Valencia,Mil Sabores Supermercado,"Av. de Peris y Valero, 126",46006.0,,,
414,SEUR,Convenience Stores,Privada,Premises,Valencia,46006,Estanco Garna Valencia 13,"C. de Luis Oliag, 25",39.45958504700943,-0.3667713421090372,Seur,Convenience stores,Private,Premises,Valencia,Estanco Garna Valencia 13,"C. de Luis Oliag, 25",46006.0,,,
415,SEUR,Convenience Stores,Privada,Premises,Valencia,46007,Ferreteria Alper,"C. San Vicente Mártir, 209",39.456988097937966,-0.3833307273812456,Seur,Convenience stores,Private,Premises,Valencia,Ferreteria Alper,"C. San Vicente Mártir, 209",46007.0,,,
416,SEUR,Convenience Stores,Privada,Premises,Valencia,46020,Locuvox,"C. Villa de Muro, 6",39.48378516890245,-0.3617173209244508,Seur,Convenience stores,Private,Premises,Valencia,Locuvox,"C. Villa de Muro, 6",46020.0,,,
417,SEUR,Convenience Stores,Privada,Premises,Valencia,46009,Gecko Movil,"Av. del Dr. Peset Aleixandre, 65",39.49114735825061,-0.377973677102131,Seur,Convenience stores,Private,Premises,Valencia,Gecko Movil,"Av. del Dr. Peset Aleixandre, 65",46009.0,,,
418,SEUR,Locker,Privada,Supermarket,Valencia,46015,Seur Lockers Lidl Maestro,"Av. del Maestro Rodrigo, 41",39.48195819858005,-0.4014035335884631,Seur,Lockers,Private,Supermarket,Valencia,Seur Lockers Lidl Maestro,"Av. del Maestro Rodrigo, 41",46015.0,,,
419,SEUR,Convenience Stores,Privada,Premises,Valencia,46007,Herbolario Estrella Psico,"Av. de Gaspar Aguilar, 25",39.458061849349406,-0.3893139296554906,Seur,Convenience stores,Private,Premises,Valencia,Herbolario Estrella Psico,"Av. de Gaspar Aguilar, 25",46007.0,,,
420,SEUR,Convenience Stores,Privada,Kiosk,Valencia,46020,Kiosko Rosa,"Carrer de Cuenca Tramoyeres, 2",39.48317615185064,-0.3605277368963703,Seur,Convenience stores,Private,Kiosk,Valencia,Kiosko Rosa,"Carrer de Cuenca Tramoyeres, 2",46020.0,,,
421,SEUR,Convenience Stores,Privada,Premises,Valencia,46015,Valientes Valencia,"C/ de Luis Buñuel Director de Cine, 19",39.48131601851524,-0.4022760727915815,Seur,Convenience stores,Private,Premises,Valencia,Valientes Valencia,"C/ de Luis Buñuel Director de Cine, 19",46015.0,,,
422,SEUR,Convenience Stores,Privada,Premises,Valencia,46019,Opensat,"C. Peñíscola, 25",39.490964263867134,-0.3697248963990993,Seur,Convenience stores,Private,Premises,Valencia,Opensat,"C. Peñíscola, 25",46019.0,,,
423,SEUR,Convenience Stores,Privada,Premises,Valencia,46025,Herbodietetica El Arbol,"C/ del Poeta Serrano Clavero, 22",39.49223432028396,-0.389082302499258,Seur,Convenience stores,Private,Premises,Valencia,Herbodietetica El Arbol,"C/ del Poeta Serrano Clavero, 22",46025.0,,,
424,SEUR,Convenience Stores,Privada,Premises,Valencia,46004,Global Tec,"Ctra. de la Fuente de San Luis, 34",39.45657210568214,-0.3718221774182291,Seur,Convenience stores,Private,Premises,Valencia,Global Tec,"Ctra. de la Fuente de San Luis, 34",46004.0,,,
425,SEUR,Convenience Stores,Privada,Premises,Valencia,46020,Az Soluciones Contables,"Calle Dr. Garcia Brustenga, 1",39.4813239838796,-0.3575174405905067,Seur,Convenience stores,Private,Premises,Valencia,Az Soluciones Contables,"Calle Dr. Garcia Brustenga, 1",46020.0,,,
426,SEUR,Locker,Privada,Mall,Valencia,46015,Seur Lockers C.C. Carrefou,"Av. de Manuel de Falla, 13",39.47728578679519,-0.4052030201728135,Seur,Lockers,Private,Mall,Valencia,Seur Lockers C.C. Carrefou,"Av. de Manuel de Falla, 13",46015.0,,,
427,SEUR,Convenience Stores,Privada,Premises,Valencia,46006,Estanco Valencia 173,"C. del Escultor José Capuz, 16",39.46162057872802,-0.3625841468967026,Seur,Convenience stores,Private,Premises,Valencia,Estanco Valencia 173,"C. del Escultor José Capuz, 16",46006.0,,,
428,SEUR,Locker,Privada,Premises,Valencia,46006,Seur Lockers Grupo Condor,"Av. de Amado Granell Mesado, 17",39.45959814724527,-0.3651225251130672,Seur,Lockers,Private,Premises,Valencia,Seur Lockers Grupo Condor,"Av. de Amado Granell Mesado, 17",46006.0,,,
429,SEUR,Convenience Stores,Privada,Premises,Valencia,46006,Sia Euro Tec,"Av. de Amado Granell Mesado, 21",39.459506015014256,-0.3648554656107188,Seur,Convenience stores,Private,Premises,Valencia,Sia Euro Tec,"Av. de Amado Granell Mesado, 21",46006.0,,,
430,SEUR,Convenience Stores,Privada,Premises,Valencia,46014,Copitex 109,"C. del Archiduque Carlos, 109",39.46144164074128,-0.3989722896646548,Seur,Convenience stores,Private,Premises,Valencia,Copitex 109,"C. del Archiduque Carlos, 109",46014.0,,,
431,SEUR,Convenience Stores,Privada,Premises,Valencia,46007,Santa Maria Fruteria,"C/ de Veneçuela, 16",39.45609996542844,-0.3896214218582491,Seur,Convenience stores,Private,Premises,Valencia,Santa Maria Fruteria,"C/ de Veneçuela, 16",46007.0,,,
432,SEUR,Convenience Stores,Privada,Premises,Valencia,46017,Papeleria Daf,"Carrer de la Ciutat de Melilla, 16",39.45705006451121,-0.3924881874507052,Seur,Convenience stores,Private,Premises,Valencia,Papeleria Daf,"Carrer de la Ciutat de Melilla, 16",46017.0,,,
433,SEUR,Convenience Stores,Privada,Premises,Valencia,46023,Tabacos Eduardo Bosca,"C/ d'Eduard Boscà, 26",39.46598988054017,-0.3573560892841591,Seur,Convenience stores,Private,Premises,Valencia,Tabacos Eduardo Bosca,"C/ d'Eduard Boscà, 26",46023.0,,,
434,SEUR,Convenience Stores,Privada,Premises,Valencia,46006,Punto Movil,"Carrer de Joaquin Benlloch, 21",39.45443002202134,-0.3768173661122911,Seur,Convenience stores,Private,Premises,Valencia,Punto Movil,"Carrer de Joaquin Benlloch, 21",46006.0,,,
435,SEUR,Convenience Stores,Privada,Premises,Valencia,46018,Caintex Ponent,"Av. de les Tres Creus, 17",39.468428063566286,-0.4055428738320949,Seur,Convenience stores,Private,Premises,Valencia,Caintex Ponent,"Av. de les Tres Creus, 17",46018.0,,,
436,SEUR,Convenience Stores,Privada,Premises,Valencia,46020,Woko Bike World,"C. Salvador Almenar, 7",39.48806100218046,-0.3618349873011147,Seur,Convenience stores,Private,Premises,Valencia,Woko Bike World,"C. Salvador Almenar, 7",46020.0,,,
437,SEUR,Locker,Privada,Premises,Valencia,46019,Seur Lockers Grupo Condor,"C. Padre Viñas, 56",39.49315723176797,-0.3711894607143044,Seur,Lockers,Private,Premises,Valencia,Seur Lockers Grupo Condor,"C. Padre Viñas, 56",46019.0,,,
438,SEUR,Convenience Stores,Privada,Premises,Valencia,46019,Oulet Destino 19,"C/ de Pedro Cabanes, 86",39.49465043294554,-0.3782130222964076,Seur,Convenience stores,Private,Premises,Valencia,Oulet Destino 19,"C/ de Pedro Cabanes, 86",46019.0,,,
439,SEUR,Convenience Stores,Privada,Premises,Valencia,46006,Estanco Expendeduría 202,"Av. de Amado Granell Mesado, 33",39.45828561640887,-0.3638917785582768,Seur,Convenience stores,Private,Premises,Valencia,Estanco Expendeduría 202,"Av. de Amado Granell Mesado, 33",46006.0,,,
440,SEUR,Convenience Stores,Privada,Premises,Valencia,46006,Movil Palace,"Av. de Amado Granell Mesado, 46",39.45722752866728,-0.3639916198092395,Seur,Convenience stores,Private,Premises,Valencia,Movil Palace,"Av. de Amado Granell Mesado, 46",46006.0,,,
441,SEUR,Convenience Stores,Privada,Premises,Valencia,46021,Bodaprix Fotografos,"Av. Cardenal Benlloch, 83",39.47336725695763,-0.3537233332376811,Seur,Convenience stores,Private,Premises,Valencia,Bodaprix Fotografos,"Av. Cardenal Benlloch, 83",46021.0,,,
442,SEUR,Convenience Stores,Privada,Premises,Valencia,46019,Estanco 136,"C. Padre Viñas, 62",39.4937956854127,-0.3710275375794448,Seur,Convenience stores,Private,Premises,Valencia,Estanco 136,"C. Padre Viñas, 62",46019.0,,,
443,SEUR,Convenience Stores,Privada,Premises,Valencia,46025,Estanco 149,"Av. de Burjassot, 192",39.493121200334926,-0.3935860140025105,Seur,Convenience stores,Private,Premises,Valencia,Estanco 149,"Av. de Burjassot, 192",46025.0,,,
444,SEUR,Convenience Stores,Privada,Premises,Valencia,46021,Estanco 66,"Avda. de Blasco Ibáñez, 39",39.47620140147745,-0.3532717204191384,Seur,Convenience stores,Private,Premises,Valencia,Estanco 66,"Avda. de Blasco Ibáñez, 39",46021.0,,,
445,SEUR,Lsp Pudos,Privada,Premises,Valencia,46011,Tienda SEUR,"C. del Dr. Josep Juan Dómine, 7",39.4635485855073,-0.332907060132136,Seur,LSP PUDOs,Private,Premises,Valencia,Tienda SEUR,"C. del Dr. Josep Juan Dómine, 7",46011.0,,,
446,SEUR,Lsp Pudos,Privada,Premises,Valencia,46023,Tienda SEUR,"Av. de França, 10",39.461241976289,-0.351552418619749,Seur,LSP PUDOs,Private,Premises,Valencia,Tienda SEUR,"Av. de França, 10",46023.0,,,
447,SEUR,Lsp Pudos,Privada,Premises,Valencia,46005,Tienda SEUR,"Carrer de Joaquín Costa, 46",39.465597318244,-0.366214075017618,Seur,LSP PUDOs,Private,Premises,Valencia,Tienda SEUR,"Carrer de Joaquín Costa, 46",46005.0,,,
448,SEUR,Lsp Pudos,Privada,Premises,Valencia,46007,Tienda SEUR,"C/ de Sant Vicent Màrtir, 209",39.4591125400743,-0.383043796596884,Seur,LSP PUDOs,Private,Premises,Valencia,Tienda SEUR,"C/ de Sant Vicent Màrtir, 209",46007.0,,,
449,SEUR,Lsp Pudos,Privada,Premises,Valencia,46007,Tienda SEUR,"Av. de Gaspar Aguilar, 25",39.4597822176399,-0.388722389506581,Seur,LSP PUDOs,Private,Premises,Valencia,Tienda SEUR,"Av. de Gaspar Aguilar, 25",46007.0,,,
450,SEUR,Lsp Pudos,Privada,Premises,Valencia,46014,Centro Logístico SEUR,"C/ de l'Arxiduc Carles, 109",39.463234525456,-0.399535324370553,Seur,LSP PUDOs,Private,Premises,Valencia,Centro Logístico SEUR,"C/ de l'Arxiduc Carles, 109",46014.0,,,
451,SEUR,Lsp Pudos,Privada,Premises,Valencia,46005,Tienda SEUR,"Gran Via del Marqués del Túria, 54",39.4684783785544,-0.368514897402946,Seur,LSP PUDOs,Private,Premises,Valencia,Tienda SEUR,"Gran Via del Marqués del Túria, 54",46005.0,,,
452,SEUR,Lsp Pudos,Privada,Premises,Valencia,46022,Tienda SEUR,"C/ dels Sants Just i Pastor, 80",39.4701561006567,-0.346180255757656,Seur,LSP PUDOs,Private,Premises,Valencia,Tienda SEUR,"C/ dels Sants Just i Pastor, 80",46022.0,,,
453,SEUR,Lsp Pudos,Privada,Premises,Valencia,46018,Tienda SEUR,"Brasil, 12",39.4725659989816,-0.396737104336434,Seur,LSP PUDOs,Private,Premises,Valencia,Tienda SEUR,"Brasil, 12",46018.0,,,
454,SEUR,Lsp Pudos,Privada,Premises,Valencia,46015,Tienda SEUR,"C/ de Miguel Servet, 11",39.4897289299847,-0.393829387389113,Seur,LSP PUDOs,Private,Premises,Valencia,Tienda SEUR,"C/ de Miguel Servet, 11",46015.0,,,
455,SEUR,Lsp Pudos,Privada,Premises,Valencia,46025,SEUR Pickup parcelshop,"Av. de Joan XXIII, 4",39.4931654418205,-0.382606572715425,Seur,LSP PUDOs,Private,Premises,Valencia,SEUR Pickup parcelshop,"Av. de Joan XXIII, 4",46025.0,,,
456,SEUR,Lsp Pudos,Privada,Premises,Valencia,46019,Tienda SEUR,"C/ de St. Joan de la Penya, 32",39.4971719253872,-0.367951109441583,Seur,LSP PUDOs,Private,Premises,Valencia,Tienda SEUR,"C/ de St. Joan de la Penya, 32",46019.0,,,
457,SEUR,Lsp Pudos,Privada,Premises,Valencia,46011,Tienda SEUR,"Av.de la Malva-Rosa, 35",39.4796692036677,-0.329398432389682,Seur,LSP PUDOs,Private,Premises,Valencia,Tienda SEUR,"Av.de la Malva-Rosa, 35",46011.0,,,
458,Dhl,Convenience Stores,Privada,Premises,Valecia,46008,Candy 46007,"Gran Vía de Fernando el Católico, 34",39.47249257289682,-0.3859082290873535,DHL,Convenience stores,Private,Premises,Valecia,Candy 46007,"Gran Vía de Fernando el Católico, 34",46008.0,,,
459,Dhl,Convenience Stores,Privada,Premises,Valecia,46003,Naturalworld,"Pl. de los Fueros, 1",39.47915549040668,-0.3763804351401032,DHL,Convenience stores,Private,Premises,Valecia,Naturalworld,"Pl. de los Fueros, 1",46003.0,,,
460,Dhl,Convenience Stores,Privada,Premises,Valecia,46008,Granujas Valencia,"C. de Calixto III, 18",39.47153989776263,-0.3894132998067504,DHL,Convenience stores,Private,Premises,Valecia,Granujas Valencia,"C. de Calixto III, 18",46008.0,,,
461,Dhl,Convenience Stores,Privada,Premises,Valecia,46007,Informatica Ecoturia,"C. Alcira, 4",39.467395252359736,-0.3851820337024889,DHL,Convenience stores,Private,Premises,Valecia,Informatica Ecoturia,"C. Alcira, 4",46007.0,,,
462,Dhl,Lsp Pudos,Privada,Premises,Valecia,46004,Dhl Express Center Valencia,"Cl. de Colón, 43",39.4713992063019,-0.3696393195908881,DHL,LSP PUDOs,Private,Premises,Valecia,Dhl Express Center Valencia,"Cl. de Colón, 43",46004.0,,,
463,Dhl,Convenience Stores,Privada,Premises,Valecia,46009,Alonso Salinas,"Av. de la Constitución, 9",39.484045898060806,-0.3790060857165573,DHL,Convenience stores,Private,Premises,Valecia,Alonso Salinas,"Av. de la Constitución, 9",46009.0,,,
464,Dhl,Convenience Stores,Privada,Premises,Valecia,46006,Mascletá Bike Rental,"C. de Cuba, 1",39.463010368404746,-0.3776497535013315,DHL,Convenience stores,Private,Premises,Valecia,Mascletá Bike Rental,"C. de Cuba, 1",46006.0,,,
465,Dhl,Convenience Stores,Privada,Premises,Valecia,46018,Estanco 61 Valencia,"Av. de Burjassot, 35",39.48526488673293,-0.3855126595941645,DHL,Convenience stores,Private,Premises,Valecia,Estanco 61 Valencia,"Av. de Burjassot, 35",46018.0,,,
466,Dhl,Convenience Stores,Privada,Kiosk,Valecia,46018,Kiosko Papeleria Totana,"C. Totana, 1",39.46952496526851,-0.3946429952320456,DHL,Convenience stores,Private,Kiosk,Valecia,Kiosko Papeleria Totana,"C. Totana, 1",46018.0,,,
467,Dhl,Convenience Stores,Privada,Premises,Valecia,46018,Carlin El Cid,"Av. del Cid, 48",39.468643854761005,-0.3967504664930497,DHL,Convenience stores,Private,Premises,Valecia,Carlin El Cid,"Av. del Cid, 48",46018.0,,,
468,Dhl,Convenience Stores,Privada,Premises,Valecia,46010,Planta Loca,"C. Alboraya, 45",39.4847093995961,-0.3694417856781476,DHL,Convenience stores,Private,Premises,Valecia,Planta Loca,"C. Alboraya, 45",46010.0,,,
469,Dhl,Convenience Stores,Privada,Premises,Valecia,46015,Loterias Marcos Fotografia Mas,"C/ de la Vall de la Ballestera, 36",39.47950491502379,-0.3981345548622465,DHL,Convenience stores,Private,Premises,Valecia,Loterias Marcos Fotografia Mas,"C/ de la Vall de la Ballestera, 36",46015.0,,,
470,Dhl,Convenience Stores,Privada,Kiosk,Valecia,46007,Kiosco Mariacabrandt Capritxsos,"Carrer de Carcaixent, 12",39.46009929012678,-0.3869171471227029,DHL,Convenience stores,Private,Kiosk,Valecia,Kiosco Mariacabrandt Capritxsos,"Carrer de Carcaixent, 12",46007.0,,,
471,Dhl,Convenience Stores,Privada,Premises,Valecia,46018,El Mar,"Carrer de Burgos, 2",39.46938661599516,-0.3992437098872134,DHL,Convenience stores,Private,Premises,Valecia,El Mar,"Carrer de Burgos, 2",46018.0,,,
472,Dhl,Convenience Stores,Privada,Premises,Valecia,46006,Papeleria Altea - Valencia,"C. Maestro Aguilar, 13",39.46170298369764,-0.3701233054676383,DHL,Convenience stores,Private,Premises,Valecia,Papeleria Altea - Valencia,"C. Maestro Aguilar, 13",46006.0,,,
473,Dhl,Convenience Stores,Privada,Kiosk,Valecia,46009,La Union Kiosko,"C. Ministro Luis Mayans, 44",39.48836718788233,-0.3707350747973731,DHL,Convenience stores,Private,Kiosk,Valecia,La Union Kiosko,"C. Ministro Luis Mayans, 44",46009.0,,,
474,Dhl,Convenience Stores,Privada,Premises,Valecia,46009,Papeleria Mapamundi,"Av. de la Constitución, 136",39.49014998560512,-0.3752903896378681,DHL,Convenience stores,Private,Premises,Valecia,Papeleria Mapamundi,"Av. de la Constitución, 136",46009.0,,,
475,Dhl,Convenience Stores,Privada,Premises,Valecia,46018,Ilusionarte,"Carrer de Fontanars dels Alforins, 70",39.46249179032204,-0.3965737474586537,DHL,Convenience stores,Private,Premises,Valecia,Ilusionarte,"Carrer de Fontanars dels Alforins, 70",46018.0,,,
476,Dhl,Convenience Stores,Privada,Premises,Valecia,46006,Estanco 57 - Ruzafa,"C. de Cádiz, 81",39.45945411827954,-0.3713443984057543,DHL,Convenience stores,Private,Premises,Valecia,Estanco 57 - Ruzafa,"C. de Cádiz, 81",46006.0,,,
477,Dhl,Convenience Stores,Privada,Premises,Valecia,46015,Tentaciones,"Av. Tamarindos, 33",39.47892152802865,-0.4024009641684061,DHL,Convenience stores,Private,Premises,Valecia,Tentaciones,"Av. Tamarindos, 33",46015.0,,,
478,Dhl,Convenience Stores,Privada,Premises,Valecia,46005,Carlin Rv,"Av. del Reino de Valencia, 84",39.46280207591605,-0.3635036514262996,DHL,Convenience stores,Private,Premises,Valecia,Carlin Rv,"Av. del Reino de Valencia, 84",46005.0,,,
479,Dhl,Convenience Stores,Privada,Premises,Valecia,46023,Geekfy,"Av. del Puerto, 18",39.46793530407445,-0.3591183479919826,DHL,Convenience stores,Private,Premises,Valecia,Geekfy,"Av. del Puerto, 18",46023.0,,,
480,Dhl,Convenience Stores,Privada,Premises,Valecia,46019,Agusti Papeleria,"C/ del Marqués de Montortal, 10",39.49338352401264,-0.374688921435725,DHL,Convenience stores,Private,Premises,Valecia,Agusti Papeleria,"C/ del Marqués de Montortal, 10",46019.0,,,
481,Dhl,Convenience Stores,Privada,Premises,Valecia,46025,App Benicalap,CALLE POETA SERRANO CLAVERO 29,39.49246373842232,-0.3894297681193773,DHL,Convenience stores,Private,Premises,Valecia,App Benicalap,CALLE POETA SERRANO CLAVERO 29,46025.0,,,
482,Dhl,Convenience Stores,Privada,Premises,Valecia,46014,Estanco 166 Valencia,"C/ de la Democracia, 85",39.472487547144006,-0.4059082675345219,DHL,Convenience stores,Private,Premises,Valecia,Estanco 166 Valencia,"C/ de la Democracia, 85",46014.0,,,
483,Dhl,Convenience Stores,Privada,Premises,Valecia,46020,Woko Bike World,"C. Salvador Almenar, 7",39.48807934547971,-0.3618681805732966,DHL,Convenience stores,Private,Premises,Valecia,Woko Bike World,"C. Salvador Almenar, 7",46020.0,,,
484,Dhl,Convenience Stores,Privada,Premises,Valecia,46006,Punto Movil Valencia,"Carrer de Joaquin Benlloch, 21",39.4543801329822,-0.376733017873785,DHL,Convenience stores,Private,Premises,Valecia,Punto Movil Valencia,"Carrer de Joaquin Benlloch, 21",46006.0,,,
485,Dhl,Convenience Stores,Privada,Premises,Valecia,46014,Mister Key,"C. de Emilio Lluch, 22",39.461804372187856,-0.4024288887470026,DHL,Convenience stores,Private,Premises,Valecia,Mister Key,"C. de Emilio Lluch, 22",46014.0,,,
486,Dhl,Convenience Stores,Privada,Premises,Valecia,46021,Carlin Cb,"Av. Cardenal Benlloch, 110",39.475009139738894,-0.352753849970654,DHL,Convenience stores,Private,Premises,Valecia,Carlin Cb,"Av. Cardenal Benlloch, 110",46021.0,,,
487,Dhl,Convenience Stores,Privada,Kiosk,Valecia,46017,Kiosko Senabre,"Pl. Santiago Suárez, 6",39.452912712102005,-0.3876999997492413,DHL,Convenience stores,Private,Kiosk,Valecia,Kiosko Senabre,"Pl. Santiago Suárez, 6",46017.0,,,
488,Dhl,Convenience Stores,Privada,Premises,Valecia,46015,Papeleria Enysa,"Carrer de Quartell, 4",39.49577645117417,-0.3972865668847983,DHL,Convenience stores,Private,Premises,Valecia,Papeleria Enysa,"Carrer de Quartell, 4",46015.0,,,
489,Dhl,Convenience Stores,Privada,Premises,Valecia,46021,Bellacor Telecomunicaciones I,"C. del Dr. Manuel Candela, 66",39.4722148463288,-0.3482955644148476,DHL,Convenience stores,Private,Premises,Valecia,Bellacor Telecomunicaciones I,"C. del Dr. Manuel Candela, 66",46021.0,,,
490,Dhl,Convenience Stores,Privada,Premises,Valecia,46017,Material Didactico,"Pl. de Holanda, 7",39.44938651456785,-0.3877245268493992,DHL,Convenience stores,Private,Premises,Valecia,Material Didactico,"Pl. de Holanda, 7",46017.0,,,
491,Dhl,Convenience Stores,Privada,Premises,Valecia,46022,Ladyvape,"C. de Ramiro de Maeztu, 21",39.46790837390523,-0.3481569202867798,DHL,Convenience stores,Private,Premises,Valecia,Ladyvape,"C. de Ramiro de Maeztu, 21",46022.0,,,
492,Dhl,Convenience Stores,Privada,Kiosk,Valecia,46014,Kiosko Honduras I,"C. Arquitecto Segura de Lago, 8",39.45556200545956,-0.4041280290853402,DHL,Convenience stores,Private,Kiosk,Valecia,Kiosko Honduras I,"C. Arquitecto Segura de Lago, 8",46014.0,,,
493,Dhl,Convenience Stores,Privada,Premises,Valecia,46013,La Fonteta D ́Or,"Carrer del Gravador Jordán, 32",39.44503588958428,-0.3675720660338978,DHL,Convenience stores,Private,Premises,Valecia,La Fonteta D´Or,"Carrer del Gravador Jordán, 32",46013.0,,,
494,Dhl,Convenience Stores,Privada,Premises,Valecia,46120,Hiperoffice Alboraya,"Av. Ausiás March, 12",39.456512321936586,-0.3758563476030624,DHL,Convenience stores,Private,Premises,Valecia,Hiperoffice Alboraya,"Av. Ausiás March, 12",46120.0,,,
495,Dhl,Convenience Stores,Privada,Premises,Valecia,46022,Papeleria Ébano,"C. del Maestro Valls, 30",39.46625694199772,-0.3409799537259802,DHL,Convenience stores,Private,Premises,Valecia,Papeleria Ébano,"C. del Maestro Valls, 30",46022.0,,,
496,Dhl,Convenience Stores,Privada,Premises,Valecia,46016,Viaje Secure,"Av. de las Cortes Valencianas, 17",39.489231762076194,-0.3992953942240986,DHL,Convenience stores,Private,Premises,Valecia,Viaje Secure,"Av. de las Cortes Valencianas, 17",46016.0,,,
497,Dhl,Convenience Stores,Privada,Premises,Valecia,46011,Expendeduria 164 Valencia,"C. del Stmo. Cristo del Grao, 3",39.46103562588986,-0.3346103942285312,DHL,Convenience stores,Private,Premises,Valecia,Expendeduria 164 Valencia,"C. del Stmo. Cristo del Grao, 3",46011.0,,,
498,Dhl,Convenience Stores,Privada,Premises,Valecia,46026,La Bruixa De Castellar,"C. José Siurana, 4",39.42930910360358,-0.3632477328164047,DHL,Convenience stores,Private,Premises,Valecia,La Bruixa De Castellar,"C. José Siurana, 4",46026.0,,,
499,Dhl,Convenience Stores,Privada,Premises,Valecia,46011,Punto de Venta DHL Express (FOLDER REINA VALENCIA),"C/ de la Reina, 7, Poblats Marítims",39.4666194172361,-0.32926405956372,DHL,Convenience stores,Private,Premises,Valecia,Punto de Venta DHL Express (FOLDER REINA VALENCIA),"C/ de la Reina, 7, Poblats Marítims",46011.0,,,
500,Dhl,Convenience Stores,Privada,Premises,Valecia,46023,Punto de Venta DHL Express (FIX VALENCIA),"Carrer de Higinio Noja (Professor), 61, Camins al Grau",39.4610655297565,-0.348493559671547,DHL,Convenience stores,Private,Premises,Valecia,Punto de Venta DHL Express (FIX VALENCIA),"Carrer de Higinio Noja (Professor), 61, Camins al Grau",46023.0,,,
501,Dhl,Convenience Stores,Privada,Premises,Valecia,46022,Punto de Venta DHL Express (THE PHONE SHOP),"Av. del Port, 121, Camins al Grau",39.467281500808,-0.348102700523227,DHL,Convenience stores,Private,Premises,Valecia,Punto de Venta DHL Express (THE PHONE SHOP),"Av. del Port, 121, Camins al Grau",46022.0,,,
502,Dhl,Convenience Stores,Privada,Premises,Valecia,46005,Punto de Venta DHL Express (PCBOX),"Carrer de Salamanca, 48",39.4666489565453,-0.362683251199248,DHL,Convenience stores,Private,Premises,Valecia,Punto de Venta DHL Express (PCBOX),"Carrer de Salamanca, 48",46005.0,,,
503,Dhl,Convenience Stores,Privada,Premises,Valecia,46004,Punto de Venta DHL Express (OHFFICE RUZAFA),"C/ de Russafa, 22",39.4674509538115,-0.374700374515458,DHL,Convenience stores,Private,Premises,Valecia,Punto de Venta DHL Express (OHFFICE RUZAFA),"C/ de Russafa, 22",46004.0,,,
504,Dhl,Lsp Pudos,Privada,Premises,Valecia,46007,Punto de Servicio DHL EXPRESS,"C/ d'Alzira, 4",39.4687692270648,-0.384785346389136,DHL,LSP PUDOs,Private,Premises,Valecia,Punto de Servicio DHL EXPRESS,"C/ d'Alzira, 4",46007.0,,,
505,Dhl,Convenience Stores,Privada,Premises,Valecia,46007,Punto de Venta DHL Express (PCBOX),"Gran Vía de Ramón y Cajal, 49",39.4707564697654,-0.383753127246853,DHL,Convenience stores,Private,Premises,Valecia,Punto de Venta DHL Express (PCBOX),"Gran Vía de Ramón y Cajal, 49",46007.0,,,
506,Dhl,Lsp Pudos,Privada,Premises,Valecia,46004,DHL Express Service Point,"Carrer de Colón, 37",39.4730263725691,-0.370032742026445,DHL,LSP PUDOs,Private,Premises,Valecia,DHL Express Service Point,"Carrer de Colón, 37",46004.0,,,
507,Dhl,Convenience Stores,Privada,Premises,Valecia,46014,Punto de Venta DHL Express (QHR),"Plaça de l'Alqueria Nova, 1",39.4725860779965,-0.418472707530678,DHL,Convenience stores,Private,Premises,Valecia,Punto de Venta DHL Express (QHR),"Plaça de l'Alqueria Nova, 1",46014.0,,,
508,Dhl,Convenience Stores,Privada,Premises,Valecia,46021,Punto de Venta DHL Express (MUPIPRINT),"Av. de Blasco Ibáñez, 72, Bajo Izqda",39.4780852761319,-0.352387578126343,DHL,Convenience stores,Private,Premises,Valecia,Punto de Venta DHL Express (MUPIPRINT),"Av. de Blasco Ibáñez, 72, Bajo Izqda",46021.0,,,
509,Dhl,Convenience Stores,Privada,Premises,Valecia,46010,Punto de Venta DHL Express (PCBOX),"C/ de les Arts Gràfiques, 14, Bajo",39.4799793489919,-0.361775676979371,DHL,Convenience stores,Private,Premises,Valecia,Punto de Venta DHL Express (PCBOX),"C/ de les Arts Gràfiques, 14, Bajo",46010.0,,,
510,Dhl,Convenience Stores,Privada,Premises,Valecia,46003,Punto de Venta DHL Express (FOLDER),"C/ de la Pau, 25, Ciutat Vella",39.4748873227361,-0.371757466617156,DHL,Convenience stores,Private,Premises,Valecia,Punto de Venta DHL Express (FOLDER),"C/ de la Pau, 25, Ciutat Vella",46003.0,,,
511,Dhl,Convenience Stores,Privada,Premises,Valecia,46011,Punto de Venta DHL Express (AUTOESCUELA MALVARROSA),"C/ de Gran Canària, 48, Poblats Marítims",39.4866135754436,-0.32966245478666,DHL,Convenience stores,Private,Premises,Valecia,Punto de Venta DHL Express (AUTOESCUELA MALVARROSA),"C/ de Gran Canària, 48, Poblats Marítims",46011.0,,,
512,Dhl,Convenience Stores,Privada,Premises,Valecia,46020,Punto de Venta DHL Express (FOLDER),"C. del Doctor Vicent Zaragoza, 17",39.488521435245,-0.362926583284197,DHL,Convenience stores,Private,Premises,Valecia,Punto de Venta DHL Express (FOLDER),"C. del Doctor Vicent Zaragoza, 17",46020.0,,,
513,Dhl,Lsp Pudos,Privada,Premises,Valecia,46025,SERVICE POINT DHL EXPRESS,"C/ de Gayano Lluch, 4, Benicalap",39.4938818032589,-0.380679383883916,DHL,LSP PUDOs,Private,Premises,Valecia,SERVICE POINT DHL EXPRESS,"C/ de Gayano Lluch, 4, Benicalap",46025.0,,,
514,Dhl,Convenience Stores,Privada,Premises,Valecia,46025,Punto de Venta DHL Express (VALFER EXPRESS),"C/ de Vicent Canet, 7, Bajo Dcha",39.5030218062036,-0.392236036556471,DHL,Convenience stores,Private,Premises,Valecia,Punto de Venta DHL Express (VALFER EXPRESS),"C/ de Vicent Canet, 7, Bajo Dcha",46025.0,,,
515,Celeritas,Convenience Stores,Privada,Premises,Valecia,46004,Uala Accesorios,"C. de Ruzafa, 14",39.466232012440535,-0.3743313920297572,Celeritas,Convenience stores,Private,Premises,Valecia,Uala Accesorios,"C. de Ruzafa, 14",46004.0,,,
516,Celeritas,Convenience Stores,Privada,Kiosk,Valecia,46004,Kiosko De Calle La Paraeta,"Av. de Navarro Reverter, 5",39.47244629205207,-0.3673876473012306,Celeritas,Convenience stores,Private,Kiosk,Valecia,Kiosko De Calle La Paraeta,"Av. de Navarro Reverter, 5",46004.0,,,
517,Celeritas,Convenience Stores,Privada,Premises,Valecia,46001,Merceria Lana Negra,"C. de Huesca, 6",39.46957741762155,-0.3804449349056476,Celeritas,Convenience stores,Private,Premises,Valecia,Merceria Lana Negra,"C. de Huesca, 6",46001.0,,,
518,Celeritas,Convenience Stores,Privada,Kiosk,Valecia,46007,Kiosco Guillen De Castro,"C/ Guillem de Castro, 55",39.470481889709696,-0.3832721019181088,Celeritas,Convenience stores,Private,Kiosk,Valecia,Kiosco Guillen De Castro,"C/ Guillem de Castro, 55",46007.0,,,
519,Celeritas,Convenience Stores,Privada,Premises,Valecia,46008,Bazar 28 De Septiembre,"C/ Guillem de Castro, 69",39.47136589622819,-0.3839602588172939,Celeritas,Convenience stores,Private,Premises,Valecia,Bazar 28 De Septiembre,"C/ Guillem de Castro, 69",46008.0,,,
520,Celeritas,Convenience Stores,Privada,Premises,Valecia,46008,Candy,"Gran Vía de Fernando el Católico, 34",39.47254225565486,-0.3859083159766075,Celeritas,Convenience stores,Private,Premises,Valecia,Candy,"Gran Vía de Fernando el Católico, 34",46008.0,,,
521,Celeritas,Convenience Stores,Privada,Premises,Valecia,46008,Expendeduria 156,"C. de Calixto III, 1",39.4721772951249,-0.3868310477620144,Celeritas,Convenience stores,Private,Premises,Valecia,Expendeduria 156,"C. de Calixto III, 1",46008.0,,,
522,Celeritas,Convenience Stores,Privada,Premises,Valecia,46008,Estanco Valencia 85,"Av. de Pérez Galdós, 100",39.471066370384285,-0.3925271334269611,Celeritas,Convenience stores,Private,Premises,Valecia,Estanco Valencia 85,"Av. de Pérez Galdós, 100",46008.0,,,
523,Celeritas,Convenience Stores,Privada,Premises,Valecia,46003,Naturalworld,"Pl. de los Fueros, 1",39.47904901005767,-0.3763810218837944,Celeritas,Convenience stores,Private,Premises,Valecia,Naturalworld,"Pl. de los Fueros, 1",46003.0,,,
524,Celeritas,Convenience Stores,Privada,Premises,Valecia,46008,Joisfe,"C. del Historiador Sanchis Sivera, 24",39.46874502509329,-0.387311279000244,Celeritas,Convenience stores,Private,Premises,Valecia,Joisfe,"C. del Historiador Sanchis Sivera, 24",46008.0,,,
525,Celeritas,Convenience Stores,Privada,Premises,Valecia,46005,Estanco Prensa C/ Joaquin Costa 44,"C. Joaquín Costa, 44",39.46458378558827,-0.3662221088197755,Celeritas,Convenience stores,Private,Premises,Valecia,Estanco Prensa C/ Joaquin Costa 44,"C. Joaquín Costa, 44",46005.0,,,
526,Celeritas,Convenience Stores,Privada,Premises,Valecia,46005,Doctor Manzana,"Av. del Reino de Valencia, 18",39.46447880097586,-0.3715899939196278,Celeritas,Convenience stores,Private,Premises,Valecia,Doctor Manzana,"Av. del Reino de Valencia, 18",46005.0,,,
527,Celeritas,Convenience Stores,Privada,Premises,Valecia,46009,Estanco Tres M's,"Av. de la Constitución, 33",39.48675870870327,-0.3781147221901585,Celeritas,Convenience stores,Private,Premises,Valecia,Estanco Tres M's,"Av. de la Constitución, 33",46009.0,,,
528,Celeritas,Convenience Stores,Privada,Premises,Valecia,46006,Papeleria Altea,"C. Maestro Aguilar, 13",39.46149622483173,-0.3700995942291572,Celeritas,Convenience stores,Private,Premises,Valecia,Papeleria Altea,"C. Maestro Aguilar, 13",46006.0,,,
529,Celeritas,Convenience Stores,Privada,Premises,Valecia,46005,Estanco Prensa C/ Joaquin Costa 44,"C. Joaquín Costa, 44",39.46472459357493,-0.3661899178703228,Celeritas,Convenience stores,Private,Premises,Valecia,Estanco Prensa C/ Joaquin Costa 44,"C. Joaquín Costa, 44",46005.0,,,
530,Celeritas,Convenience Stores,Privada,Premises,Valecia,46006,Maslife Valero,"Av. de Peris y Valero, 181",39.46244160234043,-0.3640977453217823,Celeritas,Convenience stores,Private,Premises,Valecia,Maslife Valero,"Av. de Peris y Valero, 181",46006.0,,,
531,Celeritas,Convenience Stores,Privada,Premises,Valecia,46005,Carlin Rv,"Av. del Reino de Valencia, 84",39.46283503566977,-0.3635912055529337,Celeritas,Convenience stores,Private,Premises,Valecia,Carlin Rv,"Av. del Reino de Valencia, 84",46005.0,,,
532,Celeritas,Convenience Stores,Privada,Premises,Valecia,46005,Papelería Barco De Papel,"C. de Salamanca, 47",39.46470069160538,-0.362674773773285,Celeritas,Convenience stores,Private,Premises,Valecia,Papelería Barco De Papel,"C. de Salamanca, 47",46005.0,,,
533,Celeritas,Convenience Stores,Privada,Kiosk,Valecia,46006,Kiosko Nanos,"C. de Luis Oliag, 58",39.46136417459758,-0.3616485924368312,Celeritas,Convenience stores,Private,Kiosk,Valecia,Kiosko Nanos,"C. de Luis Oliag, 58",46006.0,,,
534,Celeritas,Convenience Stores,Privada,Parking,Valecia,46007,Parkingave.Es,"C. San Vicente Mártir, 204",39.4588950311828,-0.3837039519962793,Celeritas,Convenience stores,Private,Parking,Valecia,Parkingave.Es,"C. San Vicente Mártir, 204",46007.0,,,
535,Celeritas,Convenience Stores,Privada,Premises,Valecia,46004,Maslife Peris,"Av. de Peris y Valero, 60",39.458275950565046,-0.3725596544778194,Celeritas,Convenience stores,Private,Premises,Valecia,Maslife Peris,"Av. de Peris y Valero, 60",46004.0,,,
536,Celeritas,Convenience Stores,Privada,Premises,Valecia,46006,Expendeduria 117,"C. de los Zapadores, 63",39.45596635857354,-0.3667135607271765,Celeritas,Convenience stores,Private,Premises,Valecia,Expendeduria 117,"C. de los Zapadores, 63",46006.0,,,
537,Celeritas,Convenience Stores,Privada,Premises,Valecia,46007,Mariacabrandt-Capritxos,"Carrer de Carcaixent, 12",39.460159312308726,-0.3869052498590928,Celeritas,Convenience stores,Private,Premises,Valecia,Mariacabrandt-Capritxos,"Carrer de Carcaixent, 12",46007.0,,,
538,Celeritas,Convenience Stores,Privada,Premises,Valecia,46007,Passatemps I Oci. Loterias,"C/ de Jesús, 94",39.46213840460541,-0.38740104715485,Celeritas,Convenience stores,Private,Premises,Valecia,Passatemps I Oci. Loterias,"C/ de Jesús, 94",46007.0,,,
539,Celeritas,Convenience Stores,Privada,Premises,Valecia,47008,Eco Store,"Av. Pío XII, 2",39.4802569469334,-0.3909776459286215,Celeritas,Convenience stores,Private,Premises,Valecia,Eco Store,"Av. Pío XII, 2",47008.0,,,
540,Celeritas,Convenience Stores,Privada,Premises,Valecia,46009,Yoigo Novocentro,"Av. Pío XII, 2",39.4802569469334,-0.3909776459286215,Celeritas,Convenience stores,Private,Premises,Valecia,Yoigo Novocentro,"Av. Pío XII, 2",46009.0,,,
541,Celeritas,Convenience Stores,Privada,Premises,Valecia,46009,Papelería La Zaidía,"C/ del Padre Urbano, 33",39.48939388114683,-0.3724422440920072,Celeritas,Convenience stores,Private,Premises,Valecia,Papelería La Zaidía,"C/ del Padre Urbano, 33",46009.0,,,
542,Celeritas,Convenience Stores,Privada,Kiosk,Valecia,46009,Kiosco Acme,"C/ del Padre Urbano, 37",39.489211281311405,-0.3721443346622708,Celeritas,Convenience stores,Private,Kiosk,Valecia,Kiosco Acme,"C/ del Padre Urbano, 37",46009.0,,,
543,Celeritas,Convenience Stores,Privada,Premises,Valecia,46009,Papeleria Braille,"C/ de Luis Crumiere, 1",39.48957667711605,-0.3800998425871935,Celeritas,Convenience stores,Private,Premises,Valecia,Papeleria Braille,"C/ de Luis Crumiere, 1",46009.0,,,
544,Celeritas,Convenience Stores,Privada,Premises,Valecia,46010,Tink Factoria Color,"Calle Dr. Rodríguez Fornos, 12",39.47616698493025,-0.3601406873960238,Celeritas,Convenience stores,Private,Premises,Valecia,Tink Factoria Color,"Calle Dr. Rodríguez Fornos, 12",46010.0,,,
545,Celeritas,Convenience Stores,Privada,Premises,Valecia,46010,Loterias La Trinitat,"C. Pintor Vilar, 1",39.48252031646549,-0.3714071814872526,Celeritas,Convenience stores,Private,Premises,Valecia,Loterias La Trinitat,"C. Pintor Vilar, 1",46010.0,,,
546,Celeritas,Convenience Stores,Privada,Premises,Valecia,46010,Loterias Vimas,"C. Alboraya, 48",39.48471821131446,-0.3690556948413905,Celeritas,Convenience stores,Private,Premises,Valecia,Loterias Vimas,"C. Alboraya, 48",46010.0,,,
547,Celeritas,Convenience Stores,Privada,Premises,Valecia,46011,Drogueria Rafael,"C. del Stmo. Cristo del Grao, 4",39.46106315965719,-0.3344553526071377,Celeritas,Convenience stores,Private,Premises,Valecia,Drogueria Rafael,"C. del Stmo. Cristo del Grao, 4",46011.0,,,
548,Celeritas,Convenience Stores,Privada,Kiosk,Valecia,46011,Kiosco Malvarrosa,"C. Fuente Encarroz, 3",39.481788731387184,-0.3277462645355945,Celeritas,Convenience stores,Private,Kiosk,Valecia,Kiosco Malvarrosa,"C. Fuente Encarroz, 3",46011.0,,,
549,Celeritas,Convenience Stores,Privada,Premises,Valecia,46012,Larca Dels Blavets,"C/ de Mossèn Cuenca, 28",39.42244308824031,-0.3379204069561743,Celeritas,Convenience stores,Private,Premises,Valecia,Larca Dels Blavets,"C/ de Mossèn Cuenca, 28",46012.0,,,
550,Celeritas,Convenience Stores,Privada,Premises,Valecia,46013,Estanco N 206 Y Loterias,"Carrer del Gravador Jordán, 32",39.44497789197538,-0.3675184237277678,Celeritas,Convenience stores,Private,Premises,Valecia,Estanco N 206 Y Loterias,"Carrer del Gravador Jordán, 32",46013.0,,,
551,Celeritas,Convenience Stores,Privada,Premises,Valecia,46013,Estanco Ciudad De La Justicia,"C. del Poeta Josep Cervera i Grífol, 12",39.45450955971305,-0.3574506193411057,Celeritas,Convenience stores,Private,Premises,Valecia,Estanco Ciudad De La Justicia,"C. del Poeta Josep Cervera i Grífol, 12",46013.0,,,
552,Celeritas,Convenience Stores,Privada,Premises,Valecia,46014,Apvpvp Asociación Vendedores Prensa,"C. Músico Gomis, 32",39.45963768276326,-0.3996741639400019,Celeritas,Convenience stores,Private,Premises,Valecia,Apvpvp Asociación Vendedores Prensa,"C. Músico Gomis, 32",46014.0,,,
553,Celeritas,Convenience Stores,Privada,Premises,Valecia,46014,Papeleria Gloria,"Carrer José María Mortes Lerma, 32",39.46324486680536,-0.4025177905915738,Celeritas,Convenience stores,Private,Premises,Valecia,Papeleria Gloria,"Carrer José María Mortes Lerma, 32",46014.0,,,
554,Celeritas,Convenience Stores,Privada,Premises,Valecia,46014,Informatica Ramirez,"Carrer José María Mortes Lerma, 29",39.46309933271251,-0.402697845934233,Celeritas,Convenience stores,Private,Premises,Valecia,Informatica Ramirez,"Carrer José María Mortes Lerma, 29",46014.0,,,
555,Celeritas,Convenience Stores,Privada,Premises,Valecia,46014,Yoigo Arxiduc,"C. del Archiduque Carlos, 32",39.46363388672092,-0.39694618027199,Celeritas,Convenience stores,Private,Premises,Valecia,Yoigo Arxiduc,"C. del Archiduque Carlos, 32",46014.0,,,
556,Celeritas,Convenience Stores,Privada,Kiosk,Valecia,46015,Kiosco Papeleria Arco-Iris,"Av. de Manuel de Falla, 3",39.47637069164149,-0.398442751994217,Celeritas,Convenience stores,Private,Kiosk,Valecia,Kiosco Papeleria Arco-Iris,"Av. de Manuel de Falla, 3",46015.0,,,
557,Celeritas,Convenience Stores,Privada,Premises,Valecia,46015,"Loterias, Marcos Y Fotografia Mas","C/ de la Vall de la Ballestera, 36",39.47937060848825,-0.3983003352146874,Celeritas,Convenience stores,Private,Premises,Valecia,"Loterias, Marcos Y Fotografia Mas","C/ de la Vall de la Ballestera, 36",46015.0,,,
558,Celeritas,Convenience Stores,Privada,Premises,Valecia,46015,Estanco Las Vías,"C. de la Florista, 1",39.49004813878845,-0.3912701918173265,Celeritas,Convenience stores,Private,Premises,Valecia,Estanco Las Vías,"C. de la Florista, 1",46015.0,,,
559,Celeritas,Convenience Stores,Privada,Premises,Valecia,46015,Papeleria Enysa,"Carrer de Quartell, 4",39.49595859235277,-0.3972919255039644,Celeritas,Convenience stores,Private,Premises,Valecia,Papeleria Enysa,"Carrer de Quartell, 4",46015.0,,,
560,Celeritas,Convenience Stores,Privada,Premises,Valecia,46016,Estanco Carpesa,"Plaça del Poble, 7",39.51710928016445,-0.3783544133851047,Celeritas,Convenience stores,Private,Premises,Valecia,Estanco Carpesa,"Plaça del Poble, 7",46016.0,,,
561,Celeritas,Convenience Stores,Privada,Premises,Valecia,46017,Material Didactico,"Pl. de Holanda, 7",39.44881775230278,-0.3878963786777758,Celeritas,Convenience stores,Private,Premises,Valecia,Material Didactico,"Pl. de Holanda, 7",46017.0,,,
562,Celeritas,Convenience Stores,Privada,Kiosk,Valecia,46017,Kiosco Senabre,"Pl. Santiago Suárez, 6",39.452879576987065,-0.3878019255137283,Celeritas,Convenience stores,Private,Kiosk,Valecia,Kiosco Senabre,"Pl. Santiago Suárez, 6",46017.0,,,
563,Celeritas,Convenience Stores,Privada,Kiosk,Valecia,46017,Kiosco Sonia,"Calle Juan de Garay, 40",39.45464615576378,-0.3939006656409155,Celeritas,Convenience stores,Private,Kiosk,Valecia,Kiosco Sonia,"Calle Juan de Garay, 40",46017.0,,,
564,Celeritas,Convenience Stores,Privada,Premises,Valecia,46017,La Piñata,"C/ de Jerónima Galés, 19",39.45416924162438,-0.3897305519859628,Celeritas,Convenience stores,Private,Premises,Valecia,La Piñata,"C/ de Jerónima Galés, 19",46017.0,,,
565,Celeritas,Convenience Stores,Privada,Kiosk,Valecia,46018,Kiosco Roma,"C. Brasil, 45",39.47191839726916,-0.3985124566612399,Celeritas,Convenience stores,Private,Kiosk,Valecia,Kiosco Roma,"C. Brasil, 45",46018.0,,,
566,Celeritas,Convenience Stores,Privada,Premises,Valecia,46018,Eurollibreria,"C. Manolo Taberner, 38",39.47140456372807,-0.3982003560638841,Celeritas,Convenience stores,Private,Premises,Valecia,Eurollibreria,"C. Manolo Taberner, 38",46018.0,,,
567,Celeritas,Convenience Stores,Privada,Premises,Valecia,46018,Jd Market,"Carrer de Burgos, 3",39.46949248835832,-0.3996520361352049,Celeritas,Convenience stores,Private,Premises,Valecia,Jd Market,"Carrer de Burgos, 3",46018.0,,,
568,Celeritas,Convenience Stores,Privada,Premises,Valecia,46018,Carlin Cid,"Av. del Cid, 48",39.46860400330176,-0.3967450212568051,Celeritas,Convenience stores,Private,Premises,Valecia,Carlin Cid,"Av. del Cid, 48",46018.0,,,
569,Celeritas,Convenience Stores,Privada,Premises,Valecia,46018,Eco Store,"Calle Maestro Bellver, 24",39.465689491449616,-0.3917931845253178,Celeritas,Convenience stores,Private,Premises,Valecia,Eco Store,"Calle Maestro Bellver, 24",46018.0,,,
570,Celeritas,Convenience Stores,Privada,Premises,Valecia,46019,Maslife Moncada,"Cmo. de Moncada, 79",39.49296831367004,-0.3798280507313286,Celeritas,Convenience stores,Private,Premises,Valecia,Maslife Moncada,"Cmo. de Moncada, 79",46019.0,,,
571,Celeritas,Convenience Stores,Privada,Premises,Valecia,46019,Papeleria - Imprenta La Popular,"Av. de la Constitución, 245",39.49740229565669,-0.3707553708317229,Celeritas,Convenience stores,Private,Premises,Valecia,Papeleria - Imprenta La Popular,"Av. de la Constitución, 245",46019.0,,,
572,Celeritas,Convenience Stores,Privada,Premises,Valecia,46019,Estanco Orriols,"C. Padre Viñas, 88",39.49580942951276,-0.3693594698790698,Celeritas,Convenience stores,Private,Premises,Valecia,Estanco Orriols,"C. Padre Viñas, 88",46019.0,,,
573,Celeritas,Convenience Stores,Privada,Mall,Valecia,46019,Yoigo Genoveva Torres,"C/ de Santa Genoveva Torres, 21",39.49387457193448,-0.3631358945197245,Celeritas,Convenience stores,Private,Mall,Valecia,Yoigo Genoveva Torres,"C/ de Santa Genoveva Torres, 21",46019.0,,,
574,Celeritas,Convenience Stores,Privada,Premises,Valecia,46020,Papeleria Paco,"Av. Alfahuir, 34",39.48998330000778,-0.3644857221757423,Celeritas,Convenience stores,Private,Premises,Valecia,Papeleria Paco,"Av. Alfahuir, 34",46020.0,,,
575,Celeritas,Convenience Stores,Privada,Premises,Valecia,46020,Maslife Baro,"C/ Emilio Baró, 38",39.486690009336186,-0.3613920088392829,Celeritas,Convenience stores,Private,Premises,Valecia,Maslife Baro,"C/ Emilio Baró, 38",46020.0,,,
576,Celeritas,Convenience Stores,Privada,Premises,Valecia,46020,Llibres & Co,"Calle la Guardia Civil, 4",39.48283561605956,-0.359960339239447,Celeritas,Convenience stores,Private,Premises,Valecia,Llibres & Co,"Calle la Guardia Civil, 4",46020.0,,,
577,Celeritas,Convenience Stores,Privada,Kiosk,Valecia,46021,Kiosco Paqui,"C. Abén al Abbar, 9",39.467793837200624,-0.3530015489747485,Celeritas,Convenience stores,Private,Kiosk,Valecia,Kiosco Paqui,"C. Abén al Abbar, 9",46021.0,,,
578,Celeritas,Convenience Stores,Privada,Premises,Valecia,46021,Bellacor Telecomunicaciones,"C. del Dr. Manuel Candela, 66",39.4721817191404,-0.3483384811733733,Celeritas,Convenience stores,Private,Premises,Valecia,Bellacor Telecomunicaciones,"C. del Dr. Manuel Candela, 66",46021.0,,,
579,Celeritas,Convenience Stores,Privada,Kiosk,Valecia,46021,Kiosco Brenda,"C/ de la Puebla de Farnals, 13",39.47051224112639,-0.3536925461640365,Celeritas,Convenience stores,Private,Kiosk,Valecia,Kiosco Brenda,"C/ de la Puebla de Farnals, 13",46021.0,,,
580,Celeritas,Convenience Stores,Privada,Premises,Valecia,46021,Carlin Cb,"Av. Cardenal Benlloch, 110",39.47494288436167,-0.3526626566615423,Celeritas,Convenience stores,Private,Premises,Valecia,Carlin Cb,"Av. Cardenal Benlloch, 110",46021.0,,,
581,Celeritas,Convenience Stores,Privada,Premises,Valecia,46021,Copibalbi Slu,"C/ del Clariano, 19",39.47836096874648,-0.3517262410857416,Celeritas,Convenience stores,Private,Premises,Valecia,Copibalbi Slu,"C/ del Clariano, 19",46021.0,,,
582,Celeritas,Convenience Stores,Privada,Premises,Valecia,46022,Maslife Justo Y Pastor,"C. de los Santos Justo y Pastor, 62",39.4698560961601,-0.3481182924367107,Celeritas,Convenience stores,Private,Premises,Valecia,Maslife Justo Y Pastor,"C. de los Santos Justo y Pastor, 62",46022.0,,,
583,Celeritas,Convenience Stores,Privada,Premises,Valecia,46022,El Gato De Papel,"C. los Leones, 37",39.46826179103513,-0.3477644072474793,Celeritas,Convenience stores,Private,Premises,Valecia,El Gato De Papel,"C. los Leones, 37",46022.0,,,
584,Celeritas,Convenience Stores,Privada,Premises,Valecia,46022,Papeleria Ebano,"C. del Maestro Valls, 30",39.46609129038727,-0.3411033423033456,Celeritas,Convenience stores,Private,Premises,Valecia,Papeleria Ebano,"C. del Maestro Valls, 30",46022.0,,,
585,Celeritas,Convenience Stores,Privada,Kiosk,Valecia,46022,Kiosco Doan,"C. de José Aguilar, 53",39.466862977445246,-0.3397697074196402,Celeritas,Convenience stores,Private,Kiosk,Valecia,Kiosco Doan,"C. de José Aguilar, 53",46022.0,,,
586,Celeritas,Convenience Stores,Privada,Premises,Valecia,46022,Papeleria Mari,"C. del Pintor Ferrer Calatayud, 1",39.46811527854255,-0.3386236510475983,Celeritas,Convenience stores,Private,Premises,Valecia,Papeleria Mari,"C. del Pintor Ferrer Calatayud, 1",46022.0,,,
587,Celeritas,Convenience Stores,Privada,Premises,Valecia,46023,Papeleria Baleares,"Av. de Baleares, 18",39.46312580072475,-0.3547913267477684,Celeritas,Convenience stores,Private,Premises,Valecia,Papeleria Baleares,"Av. de Baleares, 18",46023.0,,,
588,Celeritas,Convenience Stores,Privada,Premises,Valecia,46023,Estanco Valencia 2,"C/ Vicente Beltrán Grimal, 17",39.4619267576728,-0.3484829525962242,Celeritas,Convenience stores,Private,Premises,Valecia,Estanco Valencia 2,"C/ Vicente Beltrán Grimal, 17",46023.0,,,
589,Celeritas,Convenience Stores,Privada,Premises,Valecia,46023,Maslife Puerto,"Av. del Puerto, 169",39.4637130697646,-0.3441537377311539,Celeritas,Convenience stores,Private,Premises,Valecia,Maslife Puerto,"Av. del Puerto, 169",46023.0,,,
590,Celeritas,Convenience Stores,Privada,Premises,Valecia,46023,Ciber Giro Vale,"C. Islas Canarias, 199",39.46301280304861,-0.3438758494748868,Celeritas,Convenience stores,Private,Premises,Valecia,Ciber Giro Vale,"C. Islas Canarias, 199",46023.0,,,
591,Celeritas,Convenience Stores,Privada,Premises,Valecia,46025,Papeleria El Parque,"C/ de José Grollo, 135",39.49453633248933,-0.394561207412717,Celeritas,Convenience stores,Private,Premises,Valecia,Papeleria El Parque,"C/ de José Grollo, 135",46025.0,,,
592,Celeritas,Convenience Stores,Privada,Premises,Valecia,46026,La Bruixa De Castellar,"C. José Siurana, 4",39.42915993614334,-0.3632584662624933,Celeritas,Convenience stores,Private,Premises,Valecia,La Bruixa De Castellar,"C. José Siurana, 4",46026.0,,,
593,Celeritas,Convenience Stores,Privada,Premises,Valecia,46026,Herboristeria La Terreta,"C/ de l'Illa Cabrera, 33",39.44927968417651,-0.3790999681227902,Celeritas,Convenience stores,Private,Premises,Valecia,Herboristeria La Terreta,"C/ de l'Illa Cabrera, 33",46026.0,,,
594,Celeritas,Convenience Stores,Privada,Premises,Valecia,46026,Papeleria Kiosco El Golosson,"Carr. de Malilla, 45",39.45072067147276,-0.3789076637851337,Celeritas,Convenience stores,Private,Premises,Valecia,Papeleria Kiosco El Golosson,"Carr. de Malilla, 45",46026.0,,,
595,Celeritas,Convenience Stores,Privada,Premises,Valecia,46035,La Mercería De Maria Amparo,CALLE ESPERANZA 18,39.50003464622205,-0.4194743080390794,Celeritas,Convenience stores,Private,Premises,Valecia,La Mercería De Maria Amparo,CALLE ESPERANZA 18,46035.0,,,
596,Ctt Express,Convenience Stores,Privada,Premises,Valecia,46001,Merceria Lana Negra,"C. de Huesca, 6",39.469593981705536,-0.3804342053722137,CTT Express,Convenience stores,Private,Premises,Valecia,Merceria Lana Negra,"C. de Huesca, 6",46001.0,,,
597,Ctt Express,Convenience Stores,Privada,Premises,Valecia,46001,Estanco La Lonja,"Pl. del Mercado, 25",39.47527786770495,-0.3790096305028577,CTT Express,Convenience stores,Private,Premises,Valecia,Estanco La Lonja,"Pl. del Mercado, 25",46001.0,,,
598,Ctt Express,Convenience Stores,Privada,Premises,Valecia,46001,El Móvil Store,"Av. del Oeste, 43",39.47017122418601,-0.3792795489741823,CTT Express,Convenience stores,Private,Premises,Valecia,El Móvil Store,"Av. del Oeste, 43",46001.0,,,
599,Ctt Express,Convenience Stores,Privada,Premises,Valecia,46003,Naturalworld,"Pl. de los Fueros, 1",39.47914010114416,-0.3763220105587554,CTT Express,Convenience stores,Private,Premises,Valecia,Naturalworld,"Pl. de los Fueros, 1",46003.0,,,
600,Ctt Express,Convenience Stores,Privada,Premises,Valecia,46003,La Presencia Magica,"C. del Mar, 11",39.47441042218049,-0.3747292416934771,CTT Express,Convenience stores,Private,Premises,Valecia,La Presencia Magica,"C. del Mar, 11",46003.0,,,
601,Ctt Express,Convenience Stores,Privada,Premises,Valecia,46004,Uala Accesorios,"C. de Ruzafa, 14",39.46647220889913,-0.3742938326991145,CTT Express,Convenience stores,Private,Premises,Valecia,Uala Accesorios,"C. de Ruzafa, 14",46004.0,,,
602,Ctt Express,Convenience Stores,Privada,Kiosk,Valecia,46004,Kiosko De Calle La Paraeta,"Av. de Navarro Reverter, 5",39.47201848442166,-0.3674628961025677,CTT Express,Convenience stores,Private,Kiosk,Valecia,Kiosko De Calle La Paraeta,"Av. de Navarro Reverter, 5",46004.0,,,
603,Ctt Express,Convenience Stores,Privada,Premises,Valecia,46004,The Salon By Cristina Agüera,"C. de Pizarro, 8",39.46810969189085,-0.3726036650217084,CTT Express,Convenience stores,Private,Premises,Valecia,The Salon By Cristina Agüera,"C. de Pizarro, 8",46004.0,,,
604,Ctt Express,Convenience Stores,Privada,Premises,Valecia,46004,Microsshop Ruzafa,"Pl. Barón de Cortes, 20",39.46220146968222,-0.3720194105627081,CTT Express,Convenience stores,Private,Premises,Valecia,Microsshop Ruzafa,"Pl. Barón de Cortes, 20",46004.0,,,
605,Ctt Express,Convenience Stores,Privada,Premises,Valecia,46004,Latin Travel España,"C. del Convento de Jerusalén, 28",39.46630424545175,-0.3798046085398909,CTT Express,Convenience stores,Private,Premises,Valecia,Latin Travel España,"C. del Convento de Jerusalén, 28",46004.0,,,
606,Ctt Express,Convenience Stores,Privada,Premises,Valecia,46004,Locutorio Touba.,"C. de Alicante, 25",39.4643307852166,-0.377555238033821,CTT Express,Convenience stores,Private,Premises,Valecia,Locutorio Touba.,"C. de Alicante, 25",46004.0,,,
607,Ctt Express,Convenience Stores,Privada,Premises,Valecia,46005,Carlin Rv,"Av. del Reino de Valencia, 84",39.46269422211135,-0.3635590231005123,CTT Express,Convenience stores,Private,Premises,Valecia,Carlin Rv,"Av. del Reino de Valencia, 84",46005.0,,,
608,Ctt Express,Convenience Stores,Privada,Premises,Valecia,46005,Doctor Manzana,"Av. del Reino de Valencia, 18",39.46452021399802,-0.3715363478998058,CTT Express,Convenience stores,Private,Premises,Valecia,Doctor Manzana,"Av. del Reino de Valencia, 18",46005.0,,,
609,Ctt Express,Convenience Stores,Privada,Premises,Valecia,46005,Papelería Barco De Papel,"C. de Salamanca, 47",39.464518468837525,-0.3627069662603882,CTT Express,Convenience stores,Private,Premises,Valecia,Papelería Barco De Papel,"C. de Salamanca, 47",46005.0,,,
610,Ctt Express,Convenience Stores,Privada,Kiosk,Valecia,46005,Kiosco Inma Y Pepe,"C. Císcar, 30",39.466168112141375,-0.365560306163016,CTT Express,Convenience stores,Private,Kiosk,Valecia,Kiosco Inma Y Pepe,"C. Císcar, 30",46005.0,,,
611,Ctt Express,Convenience Stores,Privada,Premises,Valecia,46005,Estanco Prensa C/ Joaquin Costa 44,"C. Joaquín Costa, 44",39.4646003517812,-0.3662542948319047,CTT Express,Convenience stores,Private,Premises,Valecia,Estanco Prensa C/ Joaquin Costa 44,"C. Joaquín Costa, 44",46005.0,,,
612,Ctt Express,Convenience Stores,Privada,Premises,Valecia,46005,Watermelon,"Av. del Reino de Valencia, 70",39.46311055458117,-0.365150065951485,CTT Express,Convenience stores,Private,Premises,Valecia,Watermelon,"Av. del Reino de Valencia, 70",46005.0,,,
613,Ctt Express,Convenience Stores,Privada,Premises,Valecia,46005,Phonehub,"Av. de Peris y Valero, 143",39.460969609824055,-0.3671582805646152,CTT Express,Convenience stores,Private,Premises,Valecia,Phonehub,"Av. de Peris y Valero, 143",46005.0,,,
614,Ctt Express,Convenience Stores,Privada,Premises,Valecia,46005,Patel Fruta Y Verdura,"Av. del Reino de Valencia, 34",39.4641540844801,-0.3700746935993317,CTT Express,Convenience stores,Private,Premises,Valecia,Patel Fruta Y Verdura,"Av. del Reino de Valencia, 34",46005.0,,,
615,Ctt Express,Convenience Stores,Privada,Premises,Valecia,46005,Libreria Salamanca,"C. de Salamanca, 42",39.46495576509235,-0.3633551644027528,CTT Express,Convenience stores,Private,Premises,Valecia,Libreria Salamanca,"C. de Salamanca, 42",46005.0,,,
616,Ctt Express,Convenience Stores,Privada,Premises,Valecia,46005,Nickname Store,"C. Joaquín Costa, 37",39.46515668666708,-0.366293197600818,CTT Express,Convenience stores,Private,Premises,Valecia,Nickname Store,"C. Joaquín Costa, 37",46005.0,,,
617,Ctt Express,Convenience Stores,Privada,Premises,Valecia,46006,Expendeduria 117,"C. de los Zapadores, 63",39.45604919742322,-0.3667028286505708,CTT Express,Convenience stores,Private,Premises,Valecia,Expendeduria 117,"C. de los Zapadores, 63",46006.0,,,
618,Ctt Express,Convenience Stores,Privada,Kiosk,Valecia,46006,Kiosko Nanos,"C. de Luis Oliag, 58",39.46148014054465,-0.3616593170305479,CTT Express,Convenience stores,Private,Kiosk,Valecia,Kiosko Nanos,"C. de Luis Oliag, 58",46006.0,,,
619,Ctt Express,Convenience Stores,Privada,Premises,Valecia,46006,Papeleria Altea,"C. Maestro Aguilar, 13",39.46154592262152,-0.3700352190069981,CTT Express,Convenience stores,Private,Premises,Valecia,Papeleria Altea,"C. Maestro Aguilar, 13",46006.0,,,
620,Ctt Express,Convenience Stores,Privada,Premises,Valecia,46006,Bar Amistad,"C. Oltà, 33",39.45301602659711,-0.3769273205895329,CTT Express,Convenience stores,Private,Premises,Valecia,Bar Amistad,"C. Oltà, 33",46006.0,,,
621,Ctt Express,Convenience Stores,Privada,Premises,Valecia,46006,Punto Movil,"Carrer de Joaquin Benlloch, 21",39.45428900984189,-0.3768295802624458,CTT Express,Convenience stores,Private,Premises,Valecia,Punto Movil,"Carrer de Joaquin Benlloch, 21",46006.0,,,
622,Ctt Express,Convenience Stores,Privada,Premises,Valecia,46006,Arif Locutorio,"C. de Cuba, 40",39.46109737466986,-0.3763983683469671,CTT Express,Convenience stores,Private,Premises,Valecia,Arif Locutorio,"C. de Cuba, 40",46006.0,,,
623,Ctt Express,Convenience Stores,Privada,Premises,Valecia,46006,D Olta 51,"C. Oltà, 51",39.45344181196381,-0.3746927802621468,CTT Express,Convenience stores,Private,Premises,Valecia,D Olta 51,"C. Oltà, 51",46006.0,,,
624,Ctt Express,Convenience Stores,Privada,Kiosk,Valecia,46006,Kiosko Nanos,"C. de Luis Oliag, 58",39.461289624360255,-0.3616164075618356,CTT Express,Convenience stores,Private,Kiosk,Valecia,Kiosko Nanos,"C. de Luis Oliag, 58",46006.0,,,
625,Ctt Express,Convenience Stores,Privada,Premises,Valecia,46006,X-Force,"C. de Luis Oliag, 66",39.461624190816856,-0.3611416936006026,CTT Express,Convenience stores,Private,Premises,Valecia,X-Force,"C. de Luis Oliag, 66",46006.0,,,
626,Ctt Express,Convenience Stores,Privada,Supermarket,Valecia,46006,Minimarket Gustitos Dafer,"C. de Rubén Vela, 16",39.45619418804561,-0.3742797644038725,CTT Express,Convenience stores,Private,Supermarket,Valecia,Minimarket Gustitos Dafer,"C. de Rubén Vela, 16",46006.0,,,
627,Ctt Express,Convenience Stores,Privada,Premises,Valecia,46007,Passatemps I Oci. Loterias,"C/ de Jesús, 94",39.46212183756737,-0.3873688610833847,CTT Express,Convenience stores,Private,Premises,Valecia,Passatemps I Oci. Loterias,"C/ de Jesús, 94",46007.0,,,
628,Ctt Express,Convenience Stores,Privada,Premises,Valecia,46007,Mariacabrandt-Capritxos,"Carrer de Carcaixent, 12",39.46010132926452,-0.3869428030906317,CTT Express,Convenience stores,Private,Premises,Valecia,Mariacabrandt-Capritxos,"Carrer de Carcaixent, 12",46007.0,,,
629,Ctt Express,Convenience Stores,Privada,Kiosk,Valecia,46007,Kiosco Guillen De Castro,"C/ Guillem de Castro, 55",39.47053158286099,-0.3832721000975813,CTT Express,Convenience stores,Private,kiosk,Valecia,Kiosco Guillen De Castro,"C/ Guillem de Castro, 55",46007.0,,,
630,Ctt Express,Convenience Stores,Privada,Parking,Valecia,46007,Parkingave.Es,"C. San Vicente Mártir, 204",39.45886189553888,-0.3836395799392731,CTT Express,Convenience stores,Private,Parking,Valecia,Parkingave.Es,"C. San Vicente Mártir, 204",46007.0,,,
631,Ctt Express,Convenience Stores,Privada,Premises,Valecia,46007,Multimedia Karachi.,"Calle del Matemàtico Marzal, 19",39.466671183034535,-0.3790410532158622,CTT Express,Convenience stores,Private,Premises,Valecia,Multimedia Karachi.,"Calle del Matemàtico Marzal, 19",46007.0,,,
632,Ctt Express,Convenience Stores,Privada,Premises,Valecia,46007,Uno Electro,"C. de Honorato Juan, 2",39.46441075199444,-0.3862914529960596,CTT Express,Convenience stores,Private,Premises,Valecia,Uno Electro,"C. de Honorato Juan, 2",46007.0,,,
633,Ctt Express,Convenience Stores,Privada,Supermarket,Valecia,46007,Minimarket,"C. Maestro Sosa, 31",39.46121235866753,-0.3835795659621237,CTT Express,Convenience stores,Private,Supermarket,Valecia,Minimarket,"C. Maestro Sosa, 31",46007.0,,,
634,Ctt Express,Convenience Stores,Privada,Premises,Valecia,46007,Aap Tec,"C. de Cuenca, 3",39.47007393463967,-0.3835510218843908,CTT Express,Convenience stores,Private,Premises,Valecia,Aap Tec,"C. de Cuenca, 3",46007.0,,,
635,Ctt Express,Convenience Stores,Privada,Premises,Valecia,46007,Travel Grupo Logistico,"C/ Estrella, 12",39.46603908046134,-0.3806089513853344,CTT Express,Convenience stores,Private,Premises,Valecia,Travel Grupo Logistico,"C/ Estrella, 12",46007.0,,,
636,Ctt Express,Convenience Stores,Privada,Premises,Valecia,46007,Locutorio Pack Latino,"Av. de Gaspar Aguilar, 9",39.45907876380279,-0.3884980063265405,CTT Express,Convenience stores,Private,Premises,Valecia,Locutorio Pack Latino,"Av. de Gaspar Aguilar, 9",46007.0,,,
637,Ctt Express,Convenience Stores,Privada,Premises,Valecia,46008,Expendeduria 156,"C. de Calixto III, 1",39.47204478367598,-0.3868417805749368,CTT Express,Convenience stores,Private,Premises,Valecia,Expendeduria 156,"C. de Calixto III, 1",46008.0,,,
638,Ctt Express,Convenience Stores,Privada,Premises,Valecia,46008,Estanco Valencia 85,"Av. de Pérez Galdós, 100",39.47095042107119,-0.3925378656504522,CTT Express,Convenience stores,Private,Premises,Valecia,Estanco Valencia 85,"Av. de Pérez Galdós, 100",46008.0,,,
639,Ctt Express,Convenience Stores,Privada,Premises,Valecia,46008,Bazar 28 De Septiembre,"C/ Guillem de Castro, 69",39.47136589813788,-0.3840460899739469,CTT Express,Convenience stores,Private,Premises,Valecia,Bazar 28 De Septiembre,"C/ Guillem de Castro, 69",46008.0,,,
640,Ctt Express,Convenience Stores,Privada,Premises,Valecia,46008,Joisfe,"C. del Historiador Sanchis Sivera, 21",39.46879472008735,-0.3873434637970822,CTT Express,Convenience stores,Private,Premises,Valecia,Joisfe,"C. del Historiador Sanchis Sivera, 21",46008.0,,,
641,Ctt Express,Convenience Stores,Privada,Premises,Valecia,46008,Candy,"Gran Vía de Fernando el Católico, 34",39.472492564479325,-0.3859297756477829,CTT Express,Convenience stores,Private,Premises,Valecia,Candy,"Gran Vía de Fernando el Católico, 34",46008.0,,,
642,Ctt Express,Convenience Stores,Privada,Premises,Valecia,46008,88 Gafas,"C. de Calixto III, 19",39.47151236173463,-0.3883454893592167,CTT Express,Convenience stores,Private,Premises,Valecia,88 Gafas,"C. de Calixto III, 19",46008.0,,,
643,Ctt Express,Convenience Stores,Privada,Premises,Valecia,46008,Phone Center,"C/ Angel Guimera, 13",39.47048186028938,-0.385903545320659,CTT Express,Convenience stores,Private,Premises,Valecia,Phone Center,"C/ Angel Guimera, 13",46008.0,,,
644,Ctt Express,Convenience Stores,Privada,Premises,Valecia,46008,Expendeduría De Tabacos Valencia 156,"C. de Calixto III, 1",39.472226986103216,-0.3867881303231156,CTT Express,Convenience stores,Private,Premises,Valecia,Expendeduría De Tabacos Valencia 156,"C. de Calixto III, 1",46008.0,,,
645,Ctt Express,Convenience Stores,Privada,Premises,Valecia,46008,Toner Quart,"C. de Quart, 138",39.47493547350709,-0.3918107459292134,CTT Express,Convenience stores,Private,Premises,Valecia,Toner Quart,"C. de Quart, 138",46008.0,,,
646,Ctt Express,Convenience Stores,Privada,Premises,Valecia,46009,Papeleria Braille,"C/ de Luis Crumiere, 1",39.48937796276851,-0.3802607823969277,CTT Express,Convenience stores,Private,Premises,Valecia,Papeleria Braille,"C/ de Luis Crumiere, 1",46009.0,,,
647,Ctt Express,Convenience Stores,Privada,Premises,Valecia,46009,Audite Centrum,"C. Fray Pedro Vives, 5",39.487537603118064,-0.3745571883217641,CTT Express,Convenience stores,Private,Premises,Valecia,Audite Centrum,"C. Fray Pedro Vives, 5",46009.0,,,
648,Ctt Express,Convenience Stores,Privada,Kiosk,Valecia,46009,Kiosco Acme,"C/ del Padre Urbano, 37",39.4892609610415,-0.3721443328022392,CTT Express,Convenience stores,Private,Kiosk,Valecia,Kiosco Acme,"C/ del Padre Urbano, 37",46009.0,,,
649,Ctt Express,Convenience Stores,Privada,Premises,Valecia,46009,Estanco Tres M's,"Av. de la Constitución, 33",39.48682494885752,-0.3780396184961181,CTT Express,Convenience stores,Private,Premises,Valecia,Estanco Tres M's,"Av. de la Constitución, 33",46009.0,,,
650,Ctt Express,Convenience Stores,Privada,Premises,Valecia,46009,Papelería La Zaidía,"C/ del Padre Urbano, 33",39.48929452176348,-0.3724422477575832,CTT Express,Convenience stores,Private,Premises,Valecia,Papelería La Zaidía,"C/ del Padre Urbano, 33",46009.0,,,
651,Ctt Express,Convenience Stores,Privada,Premises,Valecia,46009,Fábrica De Sorpresas,"Av. del Dr. Peset Aleixandre, 103",39.49016903957808,-0.3826363650303246,CTT Express,Convenience stores,Private,Premises,Valecia,Fábrica De Sorpresas,"Av. del Dr. Peset Aleixandre, 103",46009.0,,,
652,Ctt Express,Convenience Stores,Privada,Kiosk,Valecia,46009,Kiosco Los Juniors,"C/ de Gregorio Gea, 1",39.48416611149918,-0.3837989019142332,CTT Express,Convenience stores,Private,Kiosk,Valecia,Kiosco Los Juniors,"C/ de Gregorio Gea, 1",46009.0,,,
653,Ctt Express,Convenience Stores,Privada,Premises,Valecia,46009,The Phone Outlet,"C/ de Just Ramírez, 4",39.490369318699095,-0.3757388508091345,CTT Express,Convenience stores,Private,Premises,Valecia,The Phone Outlet,"C/ de Just Ramírez, 4",46009.0,,,
654,Ctt Express,Convenience Stores,Privada,Premises,Valecia,46009,Lionnet,"Av. del Dr. Peset Aleixandre, 133",39.4893137616046,-0.3872573453137343,CTT Express,Convenience stores,Private,Premises,Valecia,Lionnet,"Av. del Dr. Peset Aleixandre, 133",46009.0,,,
655,Ctt Express,Convenience Stores,Privada,Premises,Valecia,46010,Loterias La Trinitat,"C. Pintor Vilar, 1",39.482553438946326,-0.3713857224957308,CTT Express,Convenience stores,Private,Premises,Valecia,Loterias La Trinitat,"C. Pintor Vilar, 1",46010.0,,,
656,Ctt Express,Convenience Stores,Privada,Premises,Valecia,46010,Loterias Vimas,"C. Alboraya, 48",39.48475133321271,-0.3690556936101418,CTT Express,Convenience stores,Private,Premises,Valecia,Loterias Vimas,"C. Alboraya, 48",46010.0,,,
657,Ctt Express,Convenience Stores,Privada,Premises,Valecia,46010,Tink Factoria Color,"Calle Dr. Rodríguez Fornos, 12",39.476142143434224,-0.3602694339713712,CTT Express,Convenience stores,Private,Premises,Valecia,Tink Factoria Color,"Calle Dr. Rodríguez Fornos, 12",46010.0,,,
658,Ctt Express,Convenience Stores,Privada,Premises,Valecia,46010,Mobile Shop,"Av. Primado Reig, 58",39.48569020864676,-0.3653889081943755,CTT Express,Convenience stores,Private,Premises,Valecia,Mobile Shop,"Av. Primado Reig, 58",46010.0,,,
659,Ctt Express,Convenience Stores,Privada,Premises,Valecia,46010,Numi Mascotas,"C/ del Bachiller, 10",39.48261200100933,-0.3631545085499395,CTT Express,Convenience stores,Private,Premises,Valecia,Numi Mascotas,"C/ del Bachiller, 10",46010.0,,,
660,Ctt Express,Convenience Stores,Privada,Premises,Valecia,46010,Avancestel,"C. Gasco Oliag, 6",39.47833795647766,-0.3575225459278803,CTT Express,Convenience stores,Private,Premises,Valecia,Avancestel,"C. Gasco Oliag, 6",46010.0,,,
661,Ctt Express,Convenience Stores,Privada,Premises,Valecia,46010,Movil Center,"C. de Don Armando Palacio Valdes, 13",39.47530434410997,-0.3635275315648462,CTT Express,Convenience stores,Private,Premises,Valecia,Movil Center,"C. de Don Armando Palacio Valdes, 13",46010.0,,,
662,Ctt Express,Convenience Stores,Privada,Premises,Valecia,46011,Drogueria Rafael,"C. del Stmo. Cristo del Grao, 4",39.461046592591615,-0.334433895458227,CTT Express,Convenience stores,Private,Premises,Valecia,Drogueria Rafael,"C. del Stmo. Cristo del Grao, 4",46011.0,,,
663,Ctt Express,Convenience Stores,Privada,Kiosk,Valecia,46011,Kiosco Malvarrosa,"C. Fuente Encarroz, 3",39.48188810002881,-0.3276818875071828,CTT Express,Convenience stores,Private,Kiosk,Valecia,Kiosco Malvarrosa,"C. Fuente Encarroz, 3",46011.0,,,
664,Ctt Express,Convenience Stores,Privada,Premises,Valecia,46011,Locutorio Grau.,"C/ de José Aguirre, 23",39.46217185764517,-0.335466881487222,CTT Express,Convenience stores,Private,Premises,Valecia,Locutorio Grau.,"C/ de José Aguirre, 23",46011.0,,,
665,Ctt Express,Convenience Stores,Privada,Premises,Valecia,46011,Locutorio La Reina.,"C/ de la Reina, 265",39.47405365087023,-0.3280691206575627,CTT Express,Convenience stores,Private,Premises,Valecia,Locutorio La Reina.,"C/ de la Reina, 265",46011.0,,,
666,Ctt Express,Convenience Stores,Privada,Premises,Valecia,46012,Larca Dels Blavets,"C/ de Mossèn Cuenca, 28",39.42249281582067,-0.3379311339815875,CTT Express,Convenience stores,Private,Premises,Valecia,Larca Dels Blavets,"C/ de Mossèn Cuenca, 28",46012.0,,,
667,Ctt Express,Convenience Stores,Privada,Premises,Valecia,46013,Estanco N 206 Y Loterias,"Carrer del Gravador Jordán, 32",39.44497789174236,-0.3675076948460785,CTT Express,Convenience stores,Private,Premises,Valecia,Estanco N 206 Y Loterias,"Carrer del Gravador Jordán, 32",46013.0,,,
668,Ctt Express,Convenience Stores,Privada,Premises,Valecia,46013,Estanco Ciudad De La Justicia,"C. del Poeta Josep Cervera i Grífol, 12",39.45459240321142,-0.3575793639419316,CTT Express,Convenience stores,Private,Premises,Valecia,Estanco Ciudad De La Justicia,"C. del Poeta Josep Cervera i Grífol, 12",46013.0,,,
669,Ctt Express,Convenience Stores,Privada,Kiosk,Valecia,46013,Kiosco Las Ciencias,"Av. del Professor López Piñero, 16",39.45300592640885,-0.3563232428832977,CTT Express,Convenience stores,Private,Kiosk,Valecia,Kiosco Las Ciencias,"Av. del Professor López Piñero, 16",46013.0,,,
670,Ctt Express,Convenience Stores,Privada,Kiosk,Valecia,46013,Kiosco Verde,"Av. del Professor López Piñero, 6",39.45585453379685,-0.3568351671978252,CTT Express,Convenience stores,Private,Kiosk,Valecia,Kiosco Verde,"Av. del Professor López Piñero, 6",46013.0,,,
671,Ctt Express,Convenience Stores,Privada,Premises,Valecia,46014,Informatica Ramirez,"Carrer José María Mortes Lerma, 29",39.46316559728376,-0.4026978434902096,CTT Express,Convenience stores,Private,Premises,Valecia,Informatica Ramirez,"Carrer José María Mortes Lerma, 29",46014.0,,,
672,Ctt Express,Convenience Stores,Privada,Premises,Valecia,46014,Papeleria Gloria,"Carrer José María Mortes Lerma, 32",39.46324486636043,-0.4024963328094899,CTT Express,Convenience stores,Private,Premises,Valecia,Papeleria Gloria,"Carrer José María Mortes Lerma, 32",46014.0,,,
673,Ctt Express,Convenience Stores,Privada,Premises,Valecia,46014,Apvpvp Asociación Vendedores Prensa,"C. Músico Gomis, 32",39.45949686211693,-0.3995990659622089,CTT Express,Convenience stores,Private,Premises,Valecia,Apvpvp Asociación Vendedores Prensa,"C. Músico Gomis, 32",46014.0,,,
674,Ctt Express,Convenience Stores,Privada,Kiosk,Valecia,46014,Kiosco M.C. Yanguez,"C. del Archiduque Carlos, 111",39.46099134241536,-0.3991303656536705,CTT Express,Convenience stores,Private,Kiosk,Valecia,Kiosco M.C. Yanguez,"C. del Archiduque Carlos, 111",46014.0,,,
675,Ctt Express,Convenience Stores,Privada,Kiosk,Valecia,46014,Kiosco Rico Rico,"Pl. de Benimarfull, 3",39.4580833327766,-0.3997680231123601,CTT Express,Convenience stores,Private,kiosk,Valecia,Kiosco Rico Rico,"Pl. de Benimarfull, 3",46014.0,,,
676,Ctt Express,Convenience Stores,Privada,Premises,Valecia,46014,Droguería Paquetería Tarín,"C. Virgen de la Cabeza, 60",39.46332415462049,-0.3992699948430724,CTT Express,Convenience stores,Private,Premises,Valecia,Droguería Paquetería Tarín,"C. Virgen de la Cabeza, 60",46014.0,,,
677,Ctt Express,Convenience Stores,Privada,Premises,Valecia,46014,Locutorio Jarral,"C/ d' Alcàsser, 3",39.47093359260587,-0.4067650303244122,CTT Express,Convenience stores,Private,Premises,Valecia,Locutorio Jarral,"C/ d' Alcàsser, 3",46014.0,,,
678,Ctt Express,Convenience Stores,Privada,Premises,Valecia,46014,Padbox,"C/ de les Tres Forques, 127",39.46389272871888,-0.4038470753718886,CTT Express,Convenience stores,Private,Premises,Valecia,Padbox,"C/ de les Tres Forques, 127",46014.0,,,
679,Ctt Express,Convenience Stores,Privada,Premises,Valecia,46014,Allinone San Isidro,"C. Mariano de Cavia, 29",39.45308489035329,-0.4033079085082172,CTT Express,Convenience stores,Private,Premises,Valecia,Allinone San Isidro,"C. Mariano de Cavia, 29",46014.0,,,
680,Ctt Express,Convenience Stores,Privada,Premises,Valecia,46014,Multiservicios Llum,"Av. Marconi, 21",39.46751067442765,-0.414279271894173,CTT Express,Convenience stores,Private,Premises,Valecia,Multiservicios Llum,"Av. Marconi, 21",46014.0,,,
681,Ctt Express,Convenience Stores,Privada,Kiosk,Valecia,46015,Kiosco Papeleria Arco-Iris,"Av. de Manuel de Falla, 3",39.47649491500457,-0.3985071217178095,CTT Express,Convenience stores,Private,Kiosk,Valecia,Kiosco Papeleria Arco-Iris,"Av. de Manuel de Falla, 3",46015.0,,,
682,Ctt Express,Convenience Stores,Privada,Premises,Valecia,46015,Estanco Las Vías,"C. de la Florista, 1",39.490064698469645,-0.3912701912011417,CTT Express,Convenience stores,Private,Premises,Valecia,Estanco Las Vías,"C. de la Florista, 1",46015.0,,,
683,Ctt Express,Convenience Stores,Privada,Premises,Valecia,46015,Papeleria Enysa,"Carrer de Quartell, 4",39.4961076179788,-0.3973187422543331,CTT Express,Convenience stores,Private,Premises,Valecia,Papeleria Enysa,"Carrer de Quartell, 4",46015.0,,,
684,Ctt Express,Convenience Stores,Privada,Premises,Valecia,46015,"Loterias, Marcos Y Fotografia Mas","C/ de la Vall de la Ballestera, 36",39.47929607887284,-0.3983217957645273,CTT Express,Convenience stores,Private,Premises,Valecia,"Loterias, Marcos Y Fotografia Mas","C/ de la Vall de la Ballestera, 36",46015.0,,,
685,Ctt Express,Convenience Stores,Privada,Premises,Valecia,46015,Lion Energy,"C/ de la Vall de la Ballestera, 73",39.47840414763996,-0.4045711202831689,CTT Express,Convenience stores,Private,Premises,Valecia,Lion Energy,"C/ de la Vall de la Ballestera, 73",46015.0,,,
686,Ctt Express,Convenience Stores,Privada,Premises,Valecia,46015,Lucel Iluminacion,"Av. del Maestro Rodrigo, 85",39.483763297865295,-0.4023064085508115,CTT Express,Convenience stores,Private,Premises,Valecia,Lucel Iluminacion,"Av. del Maestro Rodrigo, 85",46015.0,,,
687,Ctt Express,Convenience Stores,Privada,Premises,Valecia,46016,Estanco Carpesa,"Plaça del Poble, 7",39.51719204578374,-0.3783222237203681,CTT Express,Convenience stores,Private,Premises,Valecia,Estanco Carpesa,"Plaça del Poble, 7",46016.0,,,
688,Ctt Express,Convenience Stores,Privada,Premises,Valecia,46016,Tienda Latina Con Mucho Gusto,"Av. Ausiás March, 2",39.45646223596413,-0.3758967653433918,CTT Express,Convenience stores,Private,Premises,Valecia,Tienda Latina Con Mucho Gusto,"Av. Ausiás March, 2",46016.0,,,
689,Ctt Express,Convenience Stores,Privada,Premises,Valecia,46017,Material Didactico,"Pl. de Holanda, 7",39.448826039441336,-0.3879929383495685,CTT Express,Convenience stores,Private,Premises,Valecia,Material Didactico,"Pl. de Holanda, 7",46017.0,,,
690,Ctt Express,Convenience Stores,Privada,Premises,Valecia,46017,La Piñata,"C/ de Jerónima Galés, 19",39.4543100721784,-0.3897520055549586,CTT Express,Convenience stores,Private,Premises,Valecia,La Piñata,"C/ de Jerónima Galés, 19",46017.0,,,
691,Ctt Express,Convenience Stores,Privada,Kiosk,Valecia,46017,Kiosco Sonia,"Calle Juan de Garay, 40",39.45468757748077,-0.3939543085559315,CTT Express,Convenience stores,Private,Kiosk,Valecia,Kiosco Sonia,"Calle Juan de Garay, 40",46017.0,,,
692,Ctt Express,Convenience Stores,Privada,Kiosk,Valecia,46017,Kiosco Senabre,"Pl. Santiago Suárez, 6",39.45273874509147,-0.3878287519975664,CTT Express,Convenience stores,Private,Kiosk,Valecia,Kiosco Senabre,"Pl. Santiago Suárez, 6",46017.0,,,
693,Ctt Express,Convenience Stores,Privada,Supermarket,Valecia,46017,Mini Supermercado,"Av. de Gaspar Aguilar, 65",39.45500572756139,-0.3912780631798558,CTT Express,Convenience stores,Private,Supermarket,Valecia,Mini Supermercado,"Av. de Gaspar Aguilar, 65",46017.0,,,
694,Ctt Express,Convenience Stores,Privada,Kiosk,Valecia,46017,Kiosco La Cruz,"C. San Vicente Mártir, 340",39.4486087793686,-0.3858743660327216,CTT Express,Convenience stores,Private,Kiosk,Valecia,Kiosco La Cruz,"C. San Vicente Mártir, 340",46017.0,,,
695,Ctt Express,Convenience Stores,Privada,Premises,Valecia,46017,A12 Gestion Inmobiliaria,"C/ Calvo Acacio, 11",39.45357309654237,-0.3911595377459658,CTT Express,Convenience stores,Private,Premises,Valecia,A12 Gestion Inmobiliaria,"C/ Calvo Acacio, 11",46017.0,,,
696,Ctt Express,Convenience Stores,Privada,Premises,Valecia,46017,Jutlo Studio,"C. del Arzobispo Olaechea, 14",39.44366834979912,-0.389013007263923,CTT Express,Convenience stores,Private,Premises,Valecia,Jutlo Studio,"C. del Arzobispo Olaechea, 14",46017.0,,,
697,Ctt Express,Convenience Stores,Privada,Premises,Valecia,46017,Estanco De Bonafe,"C/ dels Carters, 68",39.44991748983278,-0.3894013218880107,CTT Express,Convenience stores,Private,Premises,Valecia,Estanco De Bonafe,"C/ dels Carters, 68",46017.0,,,
698,Ctt Express,Convenience Stores,Privada,Premises,Valecia,46018,Jd Market,"Carrer de Burgos, 3",39.46949248786032,-0.3996198494864555,CTT Express,Convenience stores,Private,Premises,Valecia,Jd Market,"Carrer de Burgos, 3",46018.0,,,
699,Ctt Express,Convenience Stores,Privada,Premises,Valecia,46018,Eco Store,"Calle Maestro Bellver, 24",39.465573532132005,-0.3917449078847396,CTT Express,Convenience stores,Private,Premises,Valecia,Eco Store,"Calle Maestro Bellver, 24",46018.0,,,
700,Ctt Express,Convenience Stores,Privada,Premises,Valecia,46018,Shopping Center Patraix,"C. Humanista Mariner, 19",39.46049174497693,-0.3937276082513164,CTT Express,Convenience stores,Private,Premises,Valecia,Shopping Center Patraix,"C. Humanista Mariner, 19",46018.0,,,
701,Ctt Express,Convenience Stores,Privada,Premises,Valecia,46018,Carlin Cid,"Av. del Cid, 48",39.46858743893981,-0.3967557507741752,CTT Express,Convenience stores,Private,Premises,Valecia,Carlin Cid,"Av. del Cid, 48",46018.0,,,
702,Ctt Express,Convenience Stores,Privada,Premises,Valecia,46018,Eurollibreria,"C. Manolo Taberner, 38",39.4712472025519,-0.3981091653431076,CTT Express,Convenience stores,Private,Premises,Valecia,Eurollibreria,"C. Manolo Taberner, 38",46018.0,,,
703,Ctt Express,Convenience Stores,Privada,Premises,Valecia,46018,Suico,"C. Brasil, 12",39.47126562135037,-0.3957535811836851,CTT Express,Convenience stores,Private,Premises,Valecia,Suico,"C. Brasil, 12",46018.0,,,
704,Ctt Express,Convenience Stores,Privada,Kiosk,Valecia,46018,Kiosco Roma,"C. Brasil, 45",39.47180244833432,-0.3984641799667572,CTT Express,Convenience stores,Private,Kiosk,Valecia,Kiosco Roma,"C. Brasil, 45",46018.0,,,
705,Ctt Express,Convenience Stores,Privada,Kiosk,Valecia,46018,Kiosko Patraix,"C. Dibujante Manuel Gago, 12",39.46254333842755,-0.391219221580323,CTT Express,Convenience stores,Private,Kiosk,Valecia,Kiosko Patraix,"C. Dibujante Manuel Gago, 12",46018.0,,,
706,Ctt Express,Convenience Stores,Privada,Kiosk,Valecia,46018,Kiosco Vicmar Las Provincias,"C/ de la Democracia, 75",39.47273020081675,-0.4028548675314261,CTT Express,Convenience stores,Private,Kiosk,Valecia,Kiosco Vicmar Las Provincias,"C/ de la Democracia, 75",46018.0,,,
707,Ctt Express,Convenience Stores,Privada,Premises,Valecia,46018,Edpack,"C/ Luis Lamarca, 13",39.47104032228096,-0.4006605389477014,CTT Express,Convenience stores,Private,Premises,Valecia,Edpack,"C/ Luis Lamarca, 13",46018.0,,,
708,Ctt Express,Convenience Stores,Privada,Premises,Valecia,46019,Estanco Orriols,"C. Padre Viñas, 88",39.49558588908007,-0.3692253659587439,CTT Express,Convenience stores,Private,Premises,Valecia,Estanco Orriols,"C. Padre Viñas, 88",46019.0,,,
709,Ctt Express,Convenience Stores,Privada,Premises,Valecia,46019,Papeleria - Imprenta La Popular,"Av. de la Constitución, 245",39.49737745963121,-0.3707821929908487,CTT Express,Convenience stores,Private,Premises,Valecia,Papeleria - Imprenta La Popular,"Av. de la Constitución, 245",46019.0,,,
710,Ctt Express,Convenience Stores,Privada,Premises,Valecia,46019,Opensat,"C. Peñíscola, 25",39.4908399165622,-0.3696618202816052,CTT Express,Convenience stores,Private,Premises,Valecia,Opensat,"C. Peñíscola, 25",46019.0,,,
711,Ctt Express,Convenience Stores,Privada,Premises,Valecia,46019,Coaliment,"Av. Primado Reig, 45",39.48985720092424,-0.3704525948409631,CTT Express,Convenience stores,Private,Premises,Valecia,Coaliment,"Av. Primado Reig, 45",46019.0,,,
712,Ctt Express,Convenience Stores,Privada,Premises,Valecia,46019,Cash Mid,"C/ del Duc de Mandas, 20",39.49412225367252,-0.3699147380050709,CTT Express,Convenience stores,Private,Premises,Valecia,Cash Mid,"C/ del Duc de Mandas, 20",46019.0,,,
713,Ctt Express,Convenience Stores,Privada,Premises,Valecia,46019,La Bodeguita Latina Expess,"C. Padre Viñas, 58",39.49326983267744,-0.3710808228028359,CTT Express,Convenience stores,Private,Premises,Valecia,La Bodeguita Latina Expess,"C. Padre Viñas, 58",46019.0,,,
714,Ctt Express,Convenience Stores,Privada,Premises,Valecia,46019,La Bodeguita Latina Express,"C. Baeza, 1",39.49329127272237,-0.3726649078819534,CTT Express,Convenience stores,Private,Premises,Valecia,La Bodeguita Latina Express,"C. Baeza, 1",46019.0,,,
715,Ctt Express,Convenience Stores,Privada,Premises,Valecia,46019,Locutorio Malsi Aa3,"C. San Juan de la Peña, 13",39.49607924658629,-0.3695759942244405,CTT Express,Convenience stores,Private,Premises,Valecia,Locutorio Malsi Aa3,"C. San Juan de la Peña, 13",46019.0,,,
716,Ctt Express,Convenience Stores,Privada,Premises,Valecia,46019,Locutorio Nino,"C/ d'Alcanyís, 34",39.49470296896304,-0.37845592122873,CTT Express,Convenience stores,Private,Premises,Valecia,Locutorio Nino,"C/ d'Alcanyís, 34",46019.0,,,
717,Ctt Express,Convenience Stores,Privada,Premises,Valecia,46019,Locutorio Venus,"C. Padre Viñas, 68",39.49405269263087,-0.3705868237211252,CTT Express,Convenience stores,Private,Premises,Valecia,Locutorio Venus,"C. Padre Viñas, 68",46019.0,,,
718,Ctt Express,Convenience Stores,Privada,Premises,Valecia,46020,Papeleria Paco,"Av. Alfahuir, 34",39.48998330046205,-0.3644964510761486,CTT Express,Convenience stores,Private,Premises,Valecia,Papeleria Paco,"Av. Alfahuir, 34",46020.0,,,
719,Ctt Express,Convenience Stores,Privada,Premises,Valecia,46020,Llibres & Co,"Calle la Guardia Civil, 4",39.48285217532771,-0.3598530497990655,CTT Express,Convenience stores,Private,Premises,Valecia,Llibres & Co,"Calle la Guardia Civil, 4",46020.0,,,
720,Ctt Express,Convenience Stores,Privada,Premises,Valecia,46020,Locutorio Catracho,"Av. Primado Reig, 123",39.48446477216703,-0.3631705075705267,CTT Express,Convenience stores,Private,Premises,Valecia,Locutorio Catracho,"Av. Primado Reig, 123",46020.0,,,
721,Ctt Express,Convenience Stores,Privada,Premises,Valecia,46020,Az Soluciones Contables,"Calle Dr. Garcia Brustenga, 1",39.48116698034287,-0.3575575942258049,CTT Express,Convenience stores,Private,Premises,Valecia,Az Soluciones Contables,"Calle Dr. Garcia Brustenga, 1",46020.0,,,
722,Ctt Express,Convenience Stores,Privada,Premises,Valecia,46020,Muizz Copy House,"C. del Dr. Vicente Zaragozá, 9",39.48564841229143,-0.3640454088536266,CTT Express,Convenience stores,Private,Premises,Valecia,Muizz Copy House,"C. del Dr. Vicente Zaragozá, 9",46020.0,,,
723,Ctt Express,Convenience Stores,Privada,Premises,Valecia,46020,Locuvox,"CC. Villa de Muro, 6",39.48374355299637,-0.3617743109722257,CTT Express,Convenience stores,Private,Premises,Valecia,Locuvox,"CC. Villa de Muro, 6",46020.0,,,
724,Ctt Express,Convenience Stores,Privada,Premises,Valecia,46020,Rincon Italiano,"Av. Primado Reig, 127",39.48429587206935,-0.3628295498011686,CTT Express,Convenience stores,Private,Premises,Valecia,Rincon Italiano,"Av. Primado Reig, 127",46020.0,,,
725,Ctt Express,Convenience Stores,Privada,Premises,Valecia,46020,Firdos Movil,"C/ Emilio Baró, 45",39.48710462697,-0.361415881789927,CTT Express,Convenience stores,Private,Premises,Valecia,Firdos Movil,"C/ Emilio Baró, 45",46020.0,,,
726,Ctt Express,Convenience Stores,Privada,Premises,Valecia,46020,Eurogiro Lare,"C. de la Virgen de los Desamparados, 25",39.4862121506436,-0.3614648634850581,CTT Express,Convenience stores,Private,Premises,Valecia,Eurogiro Lare,"C. de la Virgen de los Desamparados, 25",46020.0,,,
727,Ctt Express,Convenience Stores,Privada,Premises,Valecia,46021,Carlin Cb,"Av. Cardenal Benlloch, 110",39.47490975668693,-0.3526036489826498,CTT Express,Convenience stores,Private,Premises,Valecia,Carlin Cb,"Av. Cardenal Benlloch, 110",46021.0,,,
728,Ctt Express,Convenience Stores,Privada,Kiosk,Valecia,46021,Kiosco Paqui,"C. Abén al Abbar, 9",39.46757021132489,-0.3530820231114077,CTT Express,Convenience stores,Private,Kiosk,Valecia,Kiosco Paqui,"C. Abén al Abbar, 9",46021.0,,,
729,Ctt Express,Convenience Stores,Privada,Premises,Valecia,46021,Copibalbi Slu,"C/ del Clariano, 19",39.478410658424416,-0.3518174349419574,CTT Express,Convenience stores,Private,Premises,Valecia,Copibalbi Slu,"C/ del Clariano, 19",46021.0,,,
730,Ctt Express,Convenience Stores,Privada,Kiosk,Valecia,46021,Kiosco Brenda,"C/ de la Puebla de Farnals, 13",39.470388004006985,-0.353472607571295,CTT Express,Convenience stores,Private,Kiosk,Valecia,Kiosco Brenda,"C/ de la Puebla de Farnals, 13",46021.0,,,
731,Ctt Express,Convenience Stores,Privada,Premises,Valecia,46021,Bellacor Telecomunicaciones,"C. del Dr. Manuel Candela, 66",39.4722148463288,-0.3482955644148859,CTT Express,Convenience stores,Private,Premises,Valecia,Bellacor Telecomunicaciones,"C. del Dr. Manuel Candela, 66",46021.0,,,
732,Ctt Express,Convenience Stores,Privada,Premises,Valecia,46021,Futurmovil,"C. del Dr. Manuel Candela, 21",39.46746214085802,-0.3508929063270904,CTT Express,Convenience stores,Private,Premises,Valecia,Futurmovil,"C. del Dr. Manuel Candela, 21",46021.0,,,
733,Ctt Express,Convenience Stores,Privada,Premises,Valecia,46021,Lenceria Gracia.,"C. de l'Amistat, 1",39.47425165217097,-0.3525112684307807,CTT Express,Convenience stores,Private,Premises,Valecia,Lenceria Gracia.,"C. de l'Amistat, 1",46021.0,,,
734,Ctt Express,Convenience Stores,Privada,Premises,Valecia,46021,Fdphone,"C. de Rodríguez de Cepeda, 40",39.46827892680401,-0.3518401656519901,CTT Express,Convenience stores,Private,Premises,Valecia,Fdphone,"C. de Rodríguez de Cepeda, 40",46021.0,,,
735,Ctt Express,Convenience Stores,Privada,Premises,Valecia,46021,Estanco Valencia 180,"C. Abén al Abbar, 14",39.467591946676286,-0.3522716814878357,CTT Express,Convenience stores,Private,Premises,Valecia,Estanco Valencia 180,"C. Abén al Abbar, 14",46021.0,,,
736,Ctt Express,Convenience Stores,Privada,Premises,Valecia,46021,Mobile Valencia,"Av. Cardenal Benlloch, 93",39.47382763215354,-0.3535107504287645,CTT Express,Convenience stores,Private,Premises,Valecia,Mobile Valencia,"Av. Cardenal Benlloch, 93",46021.0,,,
737,Ctt Express,Convenience Stores,Privada,Premises,Valecia,46022,Papeleria Ebano,"C. del Maestro Valls, 30",39.46617411826487,-0.3411301615397064,CTT Express,Convenience stores,Private,Premises,Valecia,Papeleria Ebano,"C. del Maestro Valls, 30",46022.0,,,
738,Ctt Express,Convenience Stores,Privada,Kiosk,Valecia,46022,Kiosco Doan,"C. de José Aguilar, 53",39.46670560918171,-0.3398287212728548,CTT Express,Convenience stores,Private,Kiosk,Valecia,Kiosco Doan,"C. de José Aguilar, 53",46022.0,,,
739,Ctt Express,Convenience Stores,Privada,Premises,Valecia,46022,El Gato De Papel,"C. los Leones, 37",39.4682617919903,-0.3477965939193541,CTT Express,Convenience stores,Private,Premises,Valecia,El Gato De Papel,"C. los Leones, 37",46022.0,,,
740,Ctt Express,Convenience Stores,Privada,Premises,Valecia,46022,Papeleria Mari,"C. del Pintor Ferrer Calatayud, 1",39.46814012687916,-0.3386558367692083,CTT Express,Convenience stores,Private,Premises,Valecia,Papeleria Mari,"C. del Pintor Ferrer Calatayud, 1",46022.0,,,
741,Ctt Express,Convenience Stores,Privada,Premises,Valecia,46022,Expendeduría Valencia 135,"C. de Peris Brell, 37",39.46773812428149,-0.3465429082510721,CTT Express,Convenience stores,Private,Premises,Valecia,Expendeduría Valencia 135,"C. de Peris Brell, 37",46022.0,,,
742,Ctt Express,Convenience Stores,Privada,Premises,Valecia,46022,Alimentación M.K,"C. del Explorador Andrés, 2",39.47256430049797,-0.3481128808794126,CTT Express,Convenience stores,Private,Premises,Valecia,Alimentación M.K,"C. del Explorador Andrés, 2",46022.0,,,
743,Ctt Express,Convenience Stores,Privada,Premises,Valecia,46022,Bar Restaurante Luciérnaga,"C. del Poeta Mas y Ros, 92",39.46880246042001,-0.3424478085061047,CTT Express,Convenience stores,Private,Premises,Valecia,Bar Restaurante Luciérnaga,"C. del Poeta Mas y Ros, 92",46022.0,,,
744,Ctt Express,Convenience Stores,Privada,Supermarket,Valecia,46022,Mini Market Blasco Ibañez,"Avda. de Blasco Ibáñez, 135",39.47298541693712,-0.3423115945337471,CTT Express,Convenience stores,Private,Supermarket,Valecia,Mini Market Blasco Ibañez,"Avda. de Blasco Ibáñez, 135",46022.0,,,
745,Ctt Express,Convenience Stores,Privada,Premises,Valecia,46022,Futurmovil,"C. Músico Ginés, 31",39.472298521972334,-0.3428930384827942,CTT Express,Convenience stores,Private,Premises,Valecia,Futurmovil,"C. Músico Ginés, 31",46022.0,,,
746,Ctt Express,Convenience Stores,Privada,Premises,Valecia,46022,Zaman Supermercado,"C. los Leones, 39",39.46826954648024,-0.3477531258931049,CTT Express,Convenience stores,Private,Premises,Valecia,Zaman Supermercado,"C. los Leones, 39",46022.0,,,
747,Ctt Express,Convenience Stores,Privada,Premises,Valecia,46023,Papeleria Baleares,"Av. de Baleares, 18",39.46299327172749,-0.3547752373890019,CTT Express,Convenience stores,Private,Premises,Valecia,Papeleria Baleares,"Av. de Baleares, 18",46023.0,,,
748,Ctt Express,Convenience Stores,Privada,Premises,Valecia,46023,Ciber Giro Vale,"C. Islas Canarias, 199",39.46303765390563,-0.3439402218862811,CTT Express,Convenience stores,Private,Premises,Valecia,Ciber Giro Vale,"C. Islas Canarias, 199",46023.0,,,
749,Ctt Express,Convenience Stores,Privada,Premises,Valecia,46023,Estanco Valencia 2,"C/ Vicente Beltrán Grimal, 17",39.46211727068685,-0.3484614887456893,CTT Express,Convenience stores,Private,Premises,Valecia,Estanco Valencia 2,"C/ Vicente Beltrán Grimal, 17",46023.0,,,
750,Ctt Express,Convenience Stores,Privada,Premises,Valecia,46023,Locutorio Openloc,"C. de Trafalgar, 14",39.46264672339256,-0.3446382386473533,CTT Express,Convenience stores,Private,Premises,Valecia,Locutorio Openloc,"C. de Trafalgar, 14",46023.0,,,
751,Ctt Express,Convenience Stores,Privada,Premises,Valecia,46023,Yo Reparo,"Av. de Baleares, 41",39.46296047125768,-0.353510951081469,CTT Express,Convenience stores,Private,Premises,Valecia,Yo Reparo,"Av. de Baleares, 41",46023.0,,,
752,Ctt Express,Convenience Stores,Privada,Premises,Valecia,46023,Reparación De Calzado,"C/ de Rodrigo de Pertegás, 36",39.46096259298663,-0.3419419243386091,CTT Express,Convenience stores,Private,Premises,Valecia,Reparación De Calzado,"C/ de Rodrigo de Pertegás, 36",46023.0,,,
753,Ctt Express,Convenience Stores,Privada,Premises,Valecia,46023,Raheem Locutorio,"C. de Higinio Noja, 23",39.46213403925052,-0.3459751789999792,CTT Express,Convenience stores,Private,Premises,Valecia,Raheem Locutorio,"C. de Higinio Noja, 23",46023.0,,,
754,Ctt Express,Convenience Stores,Privada,Premises,Valecia,46024,Sun And Bikes Valencia,"C/ del Lliri, 9",39.46080472650421,-0.3380340923811266,CTT Express,Convenience stores,Private,Premises,Valecia,Sun And Bikes Valencia,"C/ del Lliri, 9",46024.0,,,
755,Ctt Express,Convenience Stores,Privada,Kiosk,Valecia,46025,Kiosco Peset,"Av. del Dr. Peset Aleixandre, 56",39.49174342625372,-0.3788110472344181,CTT Express,Convenience stores,Private,Kiosk,Valecia,Kiosco Peset,"Av. del Dr. Peset Aleixandre, 56",46025.0,,,
756,Ctt Express,Convenience Stores,Privada,Premises,Valecia,46025,Papeleria El Parque,"C/ de José Grollo, 135",39.49460256886718,-0.3946309428676956,CTT Express,Convenience stores,Private,Premises,Valecia,Papeleria El Parque,"C/ de José Grollo, 135",46025.0,,,
757,Ctt Express,Convenience Stores,Privada,Premises,Valecia,46025,Call & More,"C/ de José Grollo, 6",39.49031207826293,-0.3893952063215331,CTT Express,Convenience stores,Private,Premises,Valecia,Call & More,"C/ de José Grollo, 6",46025.0,,,
758,Ctt Express,Convenience Stores,Privada,Premises,Valecia,46025,Movismart,"C. Félix del Río, 50",39.49117023624774,-0.3845559494852875,CTT Express,Convenience stores,Private,Premises,Valecia,Movismart,"C. Félix del Río, 50",46025.0,,,
759,Ctt Express,Convenience Stores,Privada,Premises,Valecia,46025,Black & White,"Av. del Dr. Peset Aleixandre, 118",39.48984228081391,-0.3857436945319989,CTT Express,Convenience stores,Private,Premises,Valecia,Black & White,"Av. del Dr. Peset Aleixandre, 118",46025.0,,,
760,Ctt Express,Convenience Stores,Privada,Premises,Valecia,46025,Tienda Alimentacion Angels,"C. Mondúver, 23",39.49002513896298,-0.3882053494837607,CTT Express,Convenience stores,Private,Premises,Valecia,Tienda Alimentacion Angels,"C. Mondúver, 23",46025.0,,,
761,Ctt Express,Convenience Stores,Privada,Premises,Valecia,46025,Umar Locutorio,"C. Mondúver, 41",39.48988327915173,-0.3868175336574893,CTT Express,Convenience stores,Private,Premises,Valecia,Umar Locutorio,"C. Mondúver, 41",46025.0,,,
762,Ctt Express,Convenience Stores,Privada,Premises,Valecia,46026,Herboristeria La Terreta,"C/ de l'Illa Cabrera, 33",39.44933767661156,-0.379067779363253,CTT Express,Convenience stores,Private,Premises,Valecia,Herboristeria La Terreta,"C/ de l'Illa Cabrera, 33",46026.0,,,
763,Ctt Express,Convenience Stores,Privada,Premises,Valecia,46026,Papeleria Kiosco El Golosson,"Carr. de Malilla, 45",39.45063782615957,-0.3788969380105513,CTT Express,Convenience stores,Private,Premises,Valecia,Papeleria Kiosco El Golosson,"Carr. de Malilla, 45",46026.0,,,
764,Ctt Express,Convenience Stores,Privada,Premises,Valecia,46026,Calzados Famy,"Av. de Juan XXIII, 18",39.49222495647608,-0.3825940386451024,CTT Express,Convenience stores,Private,Premises,Valecia,Calzados Famy,"Av. de Juan XXIII, 18",46026.0,,,
765,Ctt Express,Convenience Stores,Privada,Premises,Valecia,46035,La Mercería De Maria Amparo,"C. Esperanza, 18",39.49988563237072,-0.4195655082447721,CTT Express,Convenience stores,Private,Premises,Valecia,La Mercería De Maria Amparo,"C. Esperanza, 18",46035.0,,,
766,Ctt Express,Convenience Stores,Privada,Premises,Valecia,46035,Bambini Moda Infantil Y Mujer,"C. Campamento, 44",39.50235169305381,-0.4222053145600453,CTT Express,Convenience stores,Private,Premises,Valecia,Bambini Moda Infantil Y Mujer,"C. Campamento, 44",46035.0,,,
767,Ctt Express,Convenience Stores,Privada,Premises,Valecia,46035,Locutorio Godwin,"C. Campamento, 5",39.50268293187335,-0.4202444231061734,CTT Express,Convenience stores,Private,Premises,Valecia,Locutorio Godwin,"C. Campamento, 5",46035.0,,,
768,Ctt Express,Convenience Stores,Privada,Premises,Valecia,46035,Mg Movil Valencia 2023,"C. Campamento, 38",39.50223641152456,-0.4218490516855132,CTT Express,Convenience stores,Private,Premises,Valecia,Mg Movil Valencia 2023,"C. Campamento, 38",46035.0,,,
769,Ctt Express,Convenience Stores,Privada,Premises,Valecia,46035,Baby Groom,"C/ de Felipe Valls, 3",39.49922245550703,-0.4183103085489731,CTT Express,Convenience stores,Private,Premises,Valecia,Baby Groom,"C/ de Felipe Valls, 3",46035.0,,,
770,Gls,Convenience Stores,Privada,Premises,Valencia,46001,Ps Ruzafa Bike Rent,"C. de Quart, 48",39.4761854181558,-0.3827381507739269,GLS,Convenience stores,Private,Premises,Valencia,Ps Ruzafa Bike Rent,"C. de Quart, 48",46001.0,,,
771,Gls,Convenience Stores,Privada,Premises,Valencia,46002,Ps Passion Bike,"C. de la Abadía San de Martín, 4",39.47328668800207,-0.3757519588160138,GLS,Convenience stores,Private,Premises,Valencia,Ps Passion Bike,"C. de la Abadía San de Martín, 4",46002.0,,,
772,Gls,Convenience Stores,Privada,Premises,Valencia,46003,Ps Ruzafa Bike Rent Ii,"C. de la Paz, 32",39.473431843878295,-0.3722743297010543,GLS,Convenience stores,Private,Premises,Valencia,Ps Ruzafa Bike Rent Ii,"C. de la Paz, 32",46003.0,,,
773,Gls,Convenience Stores,Privada,Premises,Valencia,46005,Ps Karpet Papeleria Tecnica,"C. Joaquín Costa, 46",39.464455617186815,-0.3660742786878922,GLS,Convenience stores,Private,Premises,Valencia,Ps Karpet Papeleria Tecnica,"C. Joaquín Costa, 46",46005.0,,,
774,Gls,Convenience Stores,Privada,Premises,Valencia,46005,Ps Ferreteria Insa Valencia,"Calle de Matías Perelló, 8",39.4608680765,-0.3689421240327553,GLS,Convenience stores,Private,Premises,Valencia,Ps Ferreteria Insa Valencia,"Calle de Matías Perelló, 8",46005.0,,,
775,Gls,Convenience Stores,Privada,Premises,Valencia,46005,Ps Carlin Reino,"Av. del Reino de Valencia, 84",39.4627190706978,-0.3635161066382396,GLS,Convenience stores,Private,Premises,Valencia,Ps Carlin Reino,"Av. del Reino de Valencia, 84",46005.0,,,
776,Gls,Convenience Stores,Privada,Premises,Valencia,46006,Ps Ibertinta Valencia,"Av. de Peris y Valero, 85",39.45890534829401,-0.3721025389506183,GLS,Convenience stores,Private,Premises,Valencia,Ps Ibertinta Valencia,"Av. de Peris y Valero, 85",46006.0,,,
777,Gls,Convenience Stores,Privada,Premises,Valencia,46007,Ps Servicios Logisticos Valencia,"C. Pianista Amparo Iturbi, 60",39.454196590118215,-0.3786656395517462,GLS,Convenience stores,Private,Premises,Valencia,Ps Servicios Logisticos Valencia,"C. Pianista Amparo Iturbi, 60",46007.0,,,
778,Gls,Convenience Stores,Privada,Premises,Valencia,46007,Ps Latin Viajes,"C. Uruguay, 18",39.45717280239315,-0.387086022500203,GLS,Convenience stores,Private,Premises,Valencia,Ps Latin Viajes,"C. Uruguay, 18",46007.0,,,
779,Gls,Convenience Stores,Privada,Premises,Valencia,46008,Ps Kalinopa,"Gran Vía de Fernando el Católico, 56",39.47419810154941,-0.3869230460503491,GLS,Convenience stores,Private,Premises,Valencia,Ps Kalinopa,"Gran Vía de Fernando el Católico, 56",46008.0,,,
780,Gls,Lsp Pudos,Privada,Premises,Valencia,46008,Ps Gls Juan Llorens Encicle,"C. de Juan Llorens, 48",39.47095143918753,-0.3896158948435991,GLS,LSP PUDOs,Private,Premises,Valencia,Ps Gls Juan Llorens Encicle,"C. de Juan Llorens, 48",46008.0,,,
781,Gls,Convenience Stores,Privada,Premises,Valencia,46009,Ps Mobile Valencia,"C. de Sagunto, 103",39.48696268791735,-0.375135264101973,GLS,Convenience stores,Private,Premises,Valencia,Ps Mobile Valencia,"C. de Sagunto, 103",46009.0,,,
782,Gls,Convenience Stores,Privada,Premises,Valencia,46009,Ps Lionnet Telecomunicaciones,"Av. del Dr. Peset Aleixandre, 133",39.489065363062295,-0.3872573535195085,GLS,Convenience stores,Private,Premises,Valencia,Ps Lionnet Telecomunicaciones,"Av. del Dr. Peset Aleixandre, 133",46009.0,,,
783,Gls,Convenience Stores,Privada,Kiosk,Valencia,46009,Ps Kiosco Acme,"C/ del Padre Urbano, 37",39.48912020241108,-0.3721657948406114,GLS,Convenience stores,Private,Kiosk,Valencia,Ps Kiosco Acme,"C/ del Padre Urbano, 37",46009.0,,,
784,Gls,Convenience Stores,Privada,Premises,Valencia,46010,Ps Fotocopias La Repera,"C/ del Bachiller, 4",39.4832940190086,-0.3642072981006448,GLS,Convenience stores,Private,Premises,Valencia,Ps Fotocopias La Repera,"C/ del Bachiller, 4",46010.0,,,
785,Gls,Convenience Stores,Privada,Premises,Valencia,46011,Ps Ruzafa Bike Rent Reina,"C/ de la Reina, 81",39.46769714135591,-0.3293199181495697,GLS,Convenience stores,Private,Premises,Valencia,Ps Ruzafa Bike Rent Reina,"C/ de la Reina, 81",46011.0,,,
786,Gls,Lsp Pudos,Privada,Premises,Valencia,46011,Ps Gls Puerto Valencia,"C. Dr. Juan José Dómine, 14",39.46230727197342,-0.3313165365294384,GLS,LSP PUDOs,Private,Premises,Valencia,Ps Gls Puerto Valencia,"C. Dr. Juan José Dómine, 14",46011.0,,,
787,Gls,Convenience Stores,Privada,Premises,Valencia,46012,Ps Expededuria 001 Perellonet,"Av. de les Gavines, 137",39.2992821026005,-0.2896259663546345,GLS,Convenience stores,Private,Premises,Valencia,Ps Expededuria 001 Perellonet,"Av. de les Gavines, 137",46012.0,,,
788,Gls,Convenience Stores,Privada,Kiosk,Valencia,46015,Ps Kiosco Papeleria Arco Iris,"Av. de Manuel de Falla, 3",39.47693927290205,-0.3985069460512153,GLS,Convenience stores,Private,Kiosk,Valencia,Ps Kiosco Papeleria Arco Iris,"Av. de Manuel de Falla, 3",46015.0,,,
789,Gls,Convenience Stores,Privada,Kiosk,Valencia,46017,Ps Kiosco Senabre,"Pl. Santiago Suárez, 6",39.45271389202147,-0.387818024032195,GLS,Convenience stores,Private,Kiosk,Valencia,Ps Kiosco Senabre,"Pl. Santiago Suárez, 6",46017.0,,,
790,Gls,Convenience Stores,Privada,Premises,Valencia,46017,Ps Papeleria Daf,"Carrer de la Ciutat de Melilla, 16",39.457554157381416,-0.3922142446616978,GLS,Convenience stores,Private,Premises,Valencia,Ps Papeleria Daf,"Carrer de la Ciutat de Melilla, 16",46017.0,,,
791,Gls,Convenience Stores,Privada,Premises,Valencia,46018,Ps Carlin Cid Valencia,"Av. del Cid, 48",39.468546027388605,-0.3967772100654455,GLS,Convenience stores,Private,Premises,Valencia,Ps Carlin Cid Valencia,"Av. del Cid, 48",46018.0,,,
792,Gls,Convenience Stores,Privada,Kiosk,Valencia,46018,Ps Kiosco Patraix,"C. Dibujante Manuel Gago, 12",39.46255162223386,-0.3912514079481667,GLS,Convenience stores,Private,Kiosk,Valencia,Ps Kiosco Patraix,"C. Dibujante Manuel Gago, 12",46018.0,,,
793,Gls,Convenience Stores,Privada,Premises,Valencia,46019,Ps Outlet Destino 19,"C/ de Pedro Cabanes, 86",39.49457615339137,-0.3782312957626054,GLS,Convenience stores,Private,Premises,Valencia,Ps Outlet Destino 19,"C/ de Pedro Cabanes, 86",46019.0,,,
794,Gls,Convenience Stores,Privada,Premises,Valencia,46020,Ps Cottonart,"C. Poeta Ricard Sanmartí, 5",39.49043101993815,-0.3591347951479539,GLS,Convenience stores,Private,Premises,Valencia,Ps Cottonart,"C. Poeta Ricard Sanmartí, 5",46020.0,,,
795,Gls,Lsp Pudos,Privada,Premises,Valencia,46020,Ps Gls Viveros,"C. de Dolores Marqués, 18",39.48669052788751,-0.3626627358338158,GLS,LSP PUDOs,Private,Premises,Valencia,Ps Gls Viveros,"C. de Dolores Marqués, 18",46020.0,,,
796,Gls,Convenience Stores,Privada,Premises,Valencia,46020,Ps Outlet Destino 20,"Carrer del Pintor Manolo Gil, 8",39.4925809521028,-0.3597053637932735,GLS,Convenience stores,Private,Premises,Valencia,Ps Outlet Destino 20,"Carrer del Pintor Manolo Gil, 8",46020.0,,,
797,Gls,Convenience Stores,Privada,Premises,Valencia,46021,Ps Mobile Valencia Benlloch,"Avinguda del Cardenal Benlloch, 93",39.49817349963601,-0.3771527936076824,GLS,Convenience stores,Private,Premises,Valencia,Ps Mobile Valencia Benlloch,"Avinguda del Cardenal Benlloch, 93",46021.0,,,
798,Gls,Convenience Stores,Privada,Kiosk,Valencia,46021,Ps Kiosko Brenda,"C/ de la Puebla de Farnals, 13",39.47035487669304,-0.3535369820960838,GLS,Convenience stores,Private,Kiosk,Valencia,Ps Kiosko Brenda,"C/ de la Puebla de Farnals, 13",46021.0,,,
799,Gls,Convenience Stores,Privada,Premises,Valencia,46021,Ps Copibalbi,"C/ del Clariano, 19",39.478394095486905,-0.3517959777292616,GLS,Convenience stores,Private,Premises,Valencia,Ps Copibalbi,"C/ del Clariano, 19",46021.0,,,
800,Gls,Convenience Stores,Privada,Premises,Valencia,46022,Ps Interbox,"Avda. de Blasco Ibáñez, 162",39.47182633717068,-0.3417427659596602,GLS,Convenience stores,Private,Premises,Valencia,Ps Interbox,"Avda. de Blasco Ibáñez, 162",46022.0,,,
801,Gls,Convenience Stores,Privada,Premises,Valencia,46022,Ps Papeleria Ebano,"C. del Maestro Valls, 30",39.466140987874766,-0.3411516205299673,GLS,Convenience stores,Private,Premises,Valencia,Ps Papeleria Ebano,"C. del Maestro Valls, 30",46022.0,,,
802,Gls,Convenience Stores,Privada,Premises,Valencia,46022,Ps Ladyvape,"C. de Ramiro de Maeztu, 21",39.468261687244464,-0.3483499156720102,GLS,Convenience stores,Private,Premises,Valencia,Ps Ladyvape,"C. de Ramiro de Maeztu, 21",46022.0,,,
803,Gls,Convenience Stores,Privada,Kiosk,Valencia,46023,Ps Quiosc El Barri,"C. Fuencaliente, 10",39.46299660427998,-0.3497289650340082,GLS,Convenience stores,Private,Kiosk,Valencia,Ps Quiosc El Barri,"C. Fuencaliente, 10",46023.0,,,
804,Gls,Convenience Stores,Privada,Premises,Valencia,46023,Ps Tienda Reparacion De Calzado,"C/ de Rodrigo de Pertegás, 36",39.46102057516149,-0.3418990066379016,GLS,Convenience stores,Private,Premises,Valencia,Ps Tienda Reparacion De Calzado,"C/ de Rodrigo de Pertegás, 36",46023.0,,,
805,Gls,Convenience Stores,Privada,Premises,Valencia,46023,Ps Papeleria Gamma,"C. Islas Canarias, 154",39.46167824326066,-0.341391554478097,GLS,Convenience stores,Private,Premises,Valencia,Ps Papeleria Gamma,"C. Islas Canarias, 154",46023.0,,,
806,Gls,Convenience Stores,Privada,Premises,Valencia,46024,Ps Cristaleria Molina,"Carrer de Bernabé Garcia, 38",39.447972871462746,-0.3352843100685846,GLS,Convenience stores,Private,Premises,Valencia,Ps Cristaleria Molina,"Carrer de Bernabé Garcia, 38",46024.0,,,
807,Gls,Convenience Stores,Privada,Premises,Valencia,46026,Ps Beauty Salon Academy Andreia Apostul,"C. Juan Ramón Jiménez, 102",39.44747462734282,-0.3712433091612351,GLS,Convenience stores,Private,Premises,Valencia,Ps Beauty Salon Academy Andreia Apostul,"C. Juan Ramón Jiménez, 102",46026.0,,,
808,Gls,Convenience Stores,Privada,Premises,Valencia,46035,Ps Bambini Moda Infantil Y Mujer,C / Campamento 44 bajo,39.50226890615729,-0.4220765706309232,GLS,Convenience stores,Private,Premises,Valencia,Ps Bambini Moda Infantil Y Mujer,C / Campamento 44 bajo,46035.0,,,
809,Gls,Lsp Pudos,Privada,Premises,Valencia,46026,"GLS Valencia Electrón Mensajeros, S.L.","C. Juan Ramón Jiménez, 67",39.4565611937853,-0.373775963887536,GLS,LSP PUDOs,Private,Premises,Valencia,"GLS Valencia Electrón Mensajeros, S.L.","C. Juan Ramón Jiménez, 67",46026.0,,,
810,Gls,Lsp Pudos,Privada,Premises,Valencia,46014,GLS Transporte Urgente,"Carrer de la Puebla de Valverde, 5",39.4647953150551,-0.401576166825694,GLS,LSP PUDOs,Private,Premises,Valencia,GLS Transporte Urgente,"Carrer de la Puebla de Valverde, 5",46014.0,,,
811,Gls,Lsp Pudos,Privada,Premises,Valencia,46005,GLS | Agencia Reino de Valencia,"Carrer de Borriana, 14",39.4706073629431,-0.365540073398382,GLS,LSP PUDOs,Private,Premises,Valencia,GLS | Agencia Reino de Valencia,"Carrer de Borriana, 14",46005.0,,,
812,Gls,Lsp Pudos,Privada,Premises,Valencia,46005,Gestimil Valencia GLS,"C. de Gregori Mayans, 4",39.4698182556109,-0.373436696551116,GLS,LSP PUDOs,Private,Premises,Valencia,Gestimil Valencia GLS,"C. de Gregori Mayans, 4",46005.0,,,
813,Gls,Lsp Pudos,Privada,Premises,Valencia,46001,GLS PS Encicle Ciutat Vella,"C/ de Roger de Flor, 30",39.4772441203406,-0.382697631036315,GLS,LSP PUDOs,Private,Premises,Valencia,GLS PS Encicle Ciutat Vella,"C/ de Roger de Flor, 30",46001.0,,,
814,Gls,Lsp Pudos,Privada,Premises,Valencia,46008,GLS PS Premium Juan Llorens. Encicle cero emisiones,"C/ de Joan Llorenç, 48",39.4759232720599,-0.389565162118261,GLS,LSP PUDOs,Private,Premises,Valencia,GLS PS Premium Juan Llorens. Encicle cero emisiones,"C/ de Joan Llorenç, 48",46008.0,,,
815,Gls,Lsp Pudos,Privada,Premises,Valencia,46025,GLS Valencia VALFER Logistics,"C/ de Vicent Canet, 7",39.5069284862875,-0.392626760949025,GLS,LSP PUDOs,Private,Premises,Valencia,GLS Valencia VALFER Logistics,"C/ de Vicent Canet, 7",46025.0,,,
816,Mail Boxes Etc,Lsp Pudos,Privada,Premises,Valencia,46018,Mail Boxes Etc. 0327,"Av. del Cid, 41",39.46873630311208,-0.4001984212710475,Mail Boxes ETC,LSP PUDOs,Private,Premises,Valencia,Mail Boxes Etc. 0327,"Av. del Cid, 41",46018.0,,,
817,Mail Boxes Etc,Lsp Pudos,Privada,Premises,Valencia,46007,Mail Boxes Etc. 0283,"C/ de Jerónimo Muñoz, 14",39.45913411276667,-0.3872451783747201,Mail Boxes ETC,LSP PUDOs,Private,Premises,Valencia,Mail Boxes Etc. 0283,"C/ de Jerónimo Muñoz, 14",46007.0,,,
818,Mail Boxes Etc,Lsp Pudos,Privada,Premises,Valencia,46008,Mail Boxes Etc. 0285,"Gran Vía de Fernando el Católico, 3",39.46954752891728,-0.3846489290828185,Mail Boxes ETC,LSP PUDOs,Private,Premises,Valencia,Mail Boxes Etc. 0285,"Gran Vía de Fernando el Católico, 3",46008.0,,,
819,Mail Boxes Etc,Lsp Pudos,Privada,Premises,Valencia,46021,Mail Boxes Etc. 0077,"C. Chile, 19",39.47147271291297,-0.3553698215783811,Mail Boxes ETC,LSP PUDOs,Private,Premises,Valencia,Mail Boxes Etc. 0077,"C. Chile, 19",46021.0,,,
820,Mail Boxes Etc,Lsp Pudos,Privada,Premises,Valencia,46021,Mail Boxes Etc. 0214,"C/ del Clariano, 44",39.47813063034445,-0.3510777066369881,Mail Boxes ETC,LSP PUDOs,Private,Premises,Valencia,Mail Boxes Etc. 0214,"C/ del Clariano, 44",46021.0,,,
821,Nacex,Convenience Stores,Privada,Premises,Valencia,46003,Estanco Valencia-206 (4604-18),"Carrer del Gravador Jordán, 32",39.444994462606665,-0.3675291519983489,Nacex,Convenience stores,Private,Premises,Valencia,Estanco Valencia-206 (4604-18),"Carrer del Gravador Jordán, 32",46003.0,,,
822,Nacex,Convenience Stores,Privada,Premises,Valencia,46026,Estanco-021 (4604-58),"C. Ayelo de Malferit, 1",39.44993326563328,-0.37286930788694,Nacex,Convenience stores,Private,Premises,Valencia,Estanco-021 (4604-58),"C. Ayelo de Malferit, 1",46026.0,,,
823,Nacex,Convenience Stores,Privada,Premises,Valencia,46006,Estesil (4604-54),"C. Oltà, 45",39.45298694570584,-0.3755550964166873,Nacex,Convenience stores,Private,Premises,Valencia,Estesil (4604-54),"C. Oltà, 45",46006.0,,,
824,Nacex,Convenience Stores,Privada,Premises,Valencia,46026,Estanco Malilla 99 (4604-26),"Carr. de Malilla, 80",39.44874337500674,-0.3797688389390932,Nacex,Convenience stores,Private,Premises,Valencia,Estanco Malilla 99 (4604-26),"Carr. de Malilla, 80",46026.0,,,
825,Nacex,Convenience Stores,Privada,Premises,Valencia,46017,Material Didactico (4604-37),"Pl. de Holanda, 7",39.44881775512137,-0.3880143964173847,Nacex,Convenience stores,Private,Premises,Valencia,Material Didactico (4604-37),"Pl. de Holanda, 7",46017.0,,,
826,Nacex,Convenience Stores,Privada,Kiosk,Valencia,46017,Kiosco Senabre (4604-89),"Pl. Santiago Suárez, 6",39.45301212773738,-0.3878931163676296,Nacex,Convenience stores,Private,Kiosk,Valencia,Kiosco Senabre (4604-89),"Pl. Santiago Suárez, 6",46017.0,,,
827,Nacex,Convenience Stores,Privada,Premises,Valencia,46014,Allinone Comunicaciones (4604-91),"C. Mariano de Cavia, 29",39.45311802588196,-0.4032435339402809,Nacex,Convenience stores,Private,Premises,Valencia,Allinone Comunicaciones (4604-91),"C. Mariano de Cavia, 29",46014.0,,,
828,Nacex,Convenience Stores,Privada,Premises,Valencia,46014,Disvesa (4604-38),"C. de Picapedreros, 5",39.45723288246333,-0.4054518085080089,Nacex,Convenience stores,Private,Premises,Valencia,Disvesa (4604-38),"C. de Picapedreros, 5",46014.0,,,
829,Nacex,Convenience Stores,Privada,Premises,Valencia,46013,Estanco Ciudad De La Justicia (4604-60),"C. del Poeta Josep Cervera i Grífol, 12",39.45445157040996,-0.3574184348984422,Nacex,Convenience stores,Private,Premises,Valencia,Estanco Ciudad De La Justicia (4604-60),"C. del Poeta Josep Cervera i Grífol, 12",46013.0,,,
830,Nacex,Convenience Stores,Privada,Premises,Valencia,46006,Gosilandia (4604-53),"C. de Luis Oliag, 54",39.46133050818051,-0.3623212453233206,Nacex,Convenience stores,Private,Premises,Valencia,Gosilandia (4604-53),"C. de Luis Oliag, 54",46006.0,,,
831,Nacex,Convenience Stores,Privada,Premises,Valencia,46015,Papelería Enysa (4601-39),"Carrer Cuartell, 4",39.49608694336176,-0.3973499019095927,Nacex,Convenience stores,Private,Premises,Valencia,Papelería Enysa (4601-39),"Carrer Cuartell, 4",46015.0,,,
832,Nacex,Convenience Stores,Privada,Premises,Valencia,46016,Tienda Latina Con Mucho Gusto (4630-88),"Av. Ausiás March, 2",39.45647051935249,-0.3758753072640278,Nacex,Convenience stores,Private,Premises,Valencia,Tienda Latina Con Mucho Gusto (4630-88),"Av. Ausiás March, 2",46016.0,,,
833,Nacex,Convenience Stores,Privada,Premises,Valencia,46020,Frutos Secos Oliguer (4601-45),"Av. de Valladolid, 28",39.48892594235334,-0.3596024376974705,Nacex,Convenience stores,Private,Premises,Valencia,Frutos Secos Oliguer (4601-45),"Av. de Valladolid, 28",46020.0,,,
834,Nacex,Convenience Stores,Privada,Premises,Valencia,46019,La Barraca Smoke (4601-41),"C. San Vicente de Paul, 17",39.62750058334698,-0.5965017634429719,Nacex,Convenience stores,Private,Premises,Valencia,La Barraca Smoke (4601-41),"C. San Vicente de Paul, 17",46019.0,,,
835,Nacex,Convenience Stores,Privada,Kiosk,Valencia,46009,Kiosco Acme (4601-44),"C/ del Padre Urbano, 37",39.48919472142655,-0.3721443352835848,Nacex,Convenience stores,Private,Kiosk,Valencia,Kiosco Acme (4601-44),"C/ del Padre Urbano, 37",46009.0,,,
836,Nacex,Convenience Stores,Privada,Premises,Valencia,46009,Papeleria Margen (4601-47),"C. de los Centelles, 9",39.46020591000375,-0.3705300091311182,Nacex,Convenience stores,Private,Premises,Valencia,Papeleria Margen (4601-47),"C. de los Centelles, 9",46009.0,,,
837,Nacex,Convenience Stores,Privada,Premises,Valencia,46009,Mobile Valencia (4601-46),"C. de Sagunto, 103",39.487004088177,-0.3751030768946792,Nacex,Convenience stores,Private,Premises,Valencia,Mobile Valencia (4601-46),"C. de Sagunto, 103",46009.0,,,
838,Nacex,Convenience Stores,Privada,Premises,Valencia,46010,Planta Loca Shop (4601-37),"C. Alboraya, 45",39.484957506937896,-0.3694685019122204,Nacex,Convenience stores,Private,Premises,Valencia,Planta Loca Shop (4601-37),"C. Alboraya, 45",46010.0,,,
839,Nacex,Convenience Stores,Privada,Supermarket,Valencia,46009,Rio Supermarket (4630-95),"Av. de Tirso de Molina, 4",39.47872188609558,-0.3926281231098099,Nacex,Convenience stores,Private,Supermarket,Valencia,Rio Supermarket (4630-95),"Av. de Tirso de Molina, 4",46009.0,,,
840,Nacex,Convenience Stores,Privada,Kiosk,Valencia,46015,Kiosco Papeleria Arco-Iris (4601-48),"Av. de Manuel de Falla, 3",39.47637069188367,-0.39845348087927,Nacex,Convenience stores,Private,Kiosk,Valencia,Kiosco Papeleria Arco-Iris (4601-48),"Av. de Manuel de Falla, 3",46015.0,,,
841,Nacex,Convenience Stores,Privada,Kiosk,Valencia,46018,Kiosco Roma (4604-86),"Pl. Roma, 5",39.47181129483773,-0.3986396166085459,Nacex,Convenience stores,Private,Kiosk,Valencia,Kiosco Roma (4604-86),"Pl. Roma, 5",46018.0,,,
842,Nacex,Convenience Stores,Privada,Premises,Valencia,46018,Carlin-Material Y Mecanizacion De Oficinas (4604-59),"Av. del Cid, 48",39.46854602762094,-0.3967879389480999,Nacex,Convenience stores,Private,Premises,Valencia,Carlin-Material Y Mecanizacion De Oficinas (4604-59),"Av. del Cid, 48",46018.0,,,
843,Nacex,Convenience Stores,Privada,Kiosk,Valencia,46008,Kiosco Abastos (4604-45),"Carrer Alberique, 31",38.27375074603635,-0.6804049512532211,Nacex,Convenience stores,Private,Kiosk,Valencia,Kiosco Abastos (4604-45),"Carrer Alberique, 31",46008.0,,,
844,Nacex,Convenience Stores,Privada,Premises,Valencia,46008,Estanco Valencia-156 (4604-17),"C. de Calixto III, 1",39.47260508451309,-0.3866806608629691,Nacex,Convenience stores,Private,Premises,Valencia,Estanco Valencia-156 (4604-17),"C. de Calixto III, 1",46008.0,,,
845,Nacex,Convenience Stores,Privada,Premises,Valencia,46008,Bazar 28 De Septiembre (4604-61),"C/ Guillem de Castro, 69",39.47144871945954,-0.3840675447103142,Nacex,Convenience stores,Private,Premises,Valencia,Bazar 28 De Septiembre (4604-61),"C/ Guillem de Castro, 69",46008.0,,,
846,Nacex,Convenience Stores,Privada,Premises,Valencia,46001,Estanco No 48 Valencia (4604-28),"Pl. del Mercado, 25",39.47489976690993,-0.3790848787493148,Nacex,Convenience stores,Private,Premises,Valencia,Estanco Nº 48 Valencia (4604-28),"Pl. del Mercado, 25",46001.0,,,
847,Nacex,Convenience Stores,Privada,Premises,Valencia,46007,Merceria La Tela De Araña (4604-47),"C. de Salas Quiroga, 13",39.46578601605661,-0.386039509764753,Nacex,Convenience stores,Private,Premises,Valencia,Merceria La Tela De Araña (4604-47),"C. de Salas Quiroga, 13",46007.0,,,
848,Nacex,Convenience Stores,Privada,Premises,Valencia,46018,Eco Store (4604-48),"Calle Maestro Bellver, 24",39.46567292628798,-0.3917985495930254,Nacex,Convenience stores,Private,Premises,Valencia,Eco Store (4604-48),"Calle Maestro Bellver, 24",46018.0,,,
849,Nacex,Convenience Stores,Privada,Premises,Valencia,46007,Estanco No 49 Valencia (4604-27),"C. de Albacete, 58",39.46220520759207,-0.385312024643427,Nacex,Convenience stores,Private,Premises,Valencia,Estanco Nº 49 Valencia (4604-27),"C. de Albacete, 58",46007.0,,,
850,Nacex,Convenience Stores,Privada,Kiosk,Valencia,46017,Kiosco Senabre (4604-89),"Pl. Santiago Suárez, 6",39.452995558246606,-0.3878502013160682,Nacex,Convenience stores,Private,Kiosk,Valencia,Kiosco Senabre (4604-89),"Pl. Santiago Suárez, 6",46017.0,,,
851,Nacex,Convenience Stores,Privada,Kiosk,Valencia,46014,Kiosko De La Suerte (4604-49),"C. del Archiduque Carlos, 111",39.46109073977187,-0.3990338029524937,Nacex,Convenience stores,Private,Kiosk,Valencia,Kiosko De La Suerte (4604-49),"C. del Archiduque Carlos, 111",46014.0,,,
852,Nacex,Convenience Stores,Privada,Kiosk,Valencia,46010,Kioscomestalla (4601-43),"C. Micer Mascó, 19",39.47579833514588,-0.3622006921627541,Nacex,Convenience stores,Private,Kiosk,Valencia,Kioscomestalla (4601-43),"C. Micer Mascó, 19",46010.0,,,
853,Nacex,Convenience Stores,Privada,Premises,Valencia,46021,Alos Soluciones Lingüisticas (4605-25),"C/ de Polo y Peyrolón, 23",39.47284304418598,-0.3554791255621338,Nacex,Convenience stores,Private,Premises,Valencia,Alos Soluciones Lingüisticas (4605-25),"C/ de Polo y Peyrolón, 23",46021.0,,,
854,Nacex,Convenience Stores,Privada,Premises,Valencia,46021,Bellacor Telecomunicaciones (4605-28),"C. del Dr. Manuel Candela, 66",39.47214030787274,-0.3482633805643519,Nacex,Convenience stores,Private,Premises,Valencia,Bellacor Telecomunicaciones (4605-28),"C. del Dr. Manuel Candela, 66",46021.0,,,
855,Nacex,Convenience Stores,Privada,Premises,Valencia,46023,Frutas Patel Sanaya (4605-27),"C. de Pedro II el Ceremonioso, 1",39.463477553172105,-0.3491457796638094,Nacex,Convenience stores,Private,Premises,Valencia,Frutas Patel Sanaya (4605-27),"C. de Pedro II el Ceremonioso, 1",46023.0,,,
856,Nacex,Convenience Stores,Privada,Premises,Valencia,46015,Estanco Las Vias (4616-95),"C. de la Florista, 1",39.48992394056378,-0.391248737696554,Nacex,Convenience stores,Private,Premises,Valencia,Estanco Las Vias (4616-95),"C. de la Florista, 1",46015.0,,,
857,Nacex,Convenience Stores,Privada,Premises,Valencia,46025,Estanco Valencia-149 (4601-31),"Av. de Burjassot, 192",39.49295748883089,-0.3936391645340655,Nacex,Convenience stores,Private,Premises,Valencia,Estanco Valencia-149 (4601-31),"Av. de Burjassot, 192",46025.0,,,
858,Nacex,Lsp Pudos,Privada,Premises,Valencia,46006,NACEX,"Carrer de la Pianista Empar Iturbi, 41",39.4562228373845,-0.380240560048162,Nacex,LSP PUDOs,Private,Premises,Valencia,NACEX,"Carrer de la Pianista Empar Iturbi, 41",46006.0,,,
859,Nacex,Lsp Pudos,Privada,Premises,Valencia,46022,NACEX,"C/ dels Sants Just i Pastor, 126",39.469141408287,-0.340389424252376,Nacex,LSP PUDOs,Private,Premises,Valencia,NACEX,"C/ dels Sants Just i Pastor, 126",46022.0,,,
860,Nacex,Lsp Pudos,Privada,Premises,Valencia,46015,NACEX,"C/ de la Serra d'Agullent, 23",39.4962273927173,-0.397550216921774,Nacex,LSP PUDOs,Private,Premises,Valencia,NACEX,"C/ de la Serra d'Agullent, 23",46015.0,,,
861,UPS,Convenience Stores,Privada,Premises,Valencia,46001,Feel Free,"C. de las Calabazas, 14",39.47313804366304,-0.378330735525546,UPS,Convenience stores,Private,Premises,Valencia,Feel Free,"C. de las Calabazas, 14",46001.0,,,
862,UPS,Convenience Stores,Privada,Premises,Valencia,46001,Store Bitbase Valencia Centro,"Calle del Músico Peydró, 52",39.47063458441795,-0.3791655628248326,UPS,Convenience stores,Private,Premises,Valencia,Store Bitbase Valencia Centro,"Calle del Músico Peydró, 52",46001.0,,,
863,UPS,Convenience Stores,Privada,Premises,Valencia,46001,Estanco Lonja,"Pl. del Mercado, 25",39.47481694873304,-0.3790097796245337,UPS,Convenience stores,Private,Premises,Valencia,Estanco Lonja,"Pl. del Mercado, 25",46001.0,,,
864,UPS,Convenience Stores,Privada,Premises,Valencia,46002,Piercing Lab Centre,"C. San Vicente Mártir, 57",39.470292439325874,-0.3782284504312014,UPS,Convenience stores,Private,Premises,Valencia,Piercing Lab Centre,"C. San Vicente Mártir, 57",46002.0,,,
865,UPS,Convenience Stores,Privada,Premises,Valencia,46002,Select Store Valencia,"Calle de Pérez Pujol, 5",39.46968831798212,-0.3747639215780122,UPS,Convenience stores,Private,Premises,Valencia,Select Store Valencia,"Calle de Pérez Pujol, 5",46002.0,,,
866,UPS,Convenience Stores,Privada,Premises,Valencia,46003,Naturalworld,"Pl. de los Fueros, 1",39.479256036210494,-0.3762629971740651,UPS,Convenience stores,Private,Premises,Valencia,Naturalworld,"Pl. de los Fueros, 1",46003.0,,,
867,UPS,Convenience Stores,Privada,Premises,Valencia,46003,Estanco Del Carmen,"Pl. San Jaime, 5",39.477095434071785,-0.3798353003837243,UPS,Convenience stores,Private,Premises,Valencia,Estanco Del Carmen,"Pl. San Jaime, 5",46003.0,,,
868,UPS,Convenience Stores,Privada,Premises,Valencia,46004,The Salon By Cristina Aguera,"C. de Pizarro, 8",39.4681262572728,-0.3726143933046967,UPS,Convenience stores,Private,Premises,Valencia,The Salon By Cristina Aguera,"C. de Pizarro, 8",46004.0,,,
869,UPS,Locker,Privada,Parking,Valencia,46004,Intpkg P De La Mar,Av. de Navarro Reverter,39.47140748519968,-0.3667799805749921,UPS,Lockers,Private,Parking,Valencia,Intpkg P De La Mar,Av. de Navarro Reverter,46004.0,,,
870,UPS,Convenience Stores,Privada,Premises,Valencia,46005,Fnx-Estanco Joaquin Costa 44,"C. Joaquín Costa, 44",39.46456722194545,-0.3663186693300383,UPS,Convenience stores,Private,Premises,Valencia,Fnx-Estanco Joaquin Costa 44,"C. Joaquín Costa, 44",46005.0,,,
871,UPS,Convenience Stores,Privada,Kiosk,Valencia,46005,Fnx-Kiosko Angeles,"C. del Pintor Salvador Abril, 18",39.46337783823957,-0.3706562811846617,UPS,Convenience stores,Private,Kiosk,Valencia,Fnx-Kiosko Angeles,"C. del Pintor Salvador Abril, 18",46005.0,,,
872,UPS,Convenience Stores,Privada,Premises,Valencia,46005,Unicrom,"Calle de Matías Perelló, 18",39.46134797595687,-0.3683207088564543,UPS,Convenience stores,Private,Premises,Valencia,Unicrom,"Calle de Matías Perelló, 18",46005.0,,,
873,UPS,Convenience Stores,Privada,Premises,Valencia,46005,Carlin,"Av. del Reino de Valencia, 84",39.46291786708365,-0.3636126603384441,UPS,Convenience stores,Private,Premises,Valencia,Carlin,"Av. del Reino de Valencia, 84",46005.0,,,
874,UPS,Convenience Stores,Privada,Premises,Valencia,46006,Ibertinta,"Av. de Peris y Valero, 85",39.458971615539134,-0.3720488920730485,UPS,Convenience stores,Private,Premises,Valencia,Ibertinta,"Av. de Peris y Valero, 85",46006.0,,,
875,UPS,Convenience Stores,Privada,Premises,Valencia,46006,Estanco 117,"C. de los Zapadores, 63",39.4560326322269,-0.3668208471555066,UPS,Convenience stores,Private,Premises,Valencia,Estanco 117,"C. de los Zapadores, 63",46006.0,,,
876,UPS,Convenience Stores,Privada,Premises,Valencia,46006,Soluciones Moviles Roii,"C. del Consulat del Mar, 5",39.46299745331277,-0.3713175352178303,UPS,Convenience stores,Private,Premises,Valencia,Soluciones Moviles Roii,"C. del Consulat del Mar, 5",46006.0,,,
877,UPS,Convenience Stores,Privada,Premises,Valencia,46006,Fnx-1x2 Mercat Russafa,"C. del Consulat del Mar, 5",39.46293118805247,-0.3712853510598937,UPS,Convenience stores,Private,Premises,Valencia,Fnx-1x2 Mercat Russafa,"C. del Consulat del Mar, 5",46006.0,,,
878,UPS,Convenience Stores,Privada,Premises,Valencia,46007,Ferreteria Ferro Total,"C. de Albacete, 37",39.46234813726643,-0.3848814477641842,UPS,Convenience stores,Private,Premises,Valencia,Ferreteria Ferro Total,"C. de Albacete, 37",46007.0,,,
879,UPS,Convenience Stores,Privada,Premises,Valencia,46007,Fnx-Loterias Passatemps I Oci,"C/ de Jesús, 94",39.46210527280448,-0.3874439639406392,UPS,Convenience stores,Private,Premises,Valencia,Fnx-Loterias Passatemps I Oci,"C/ de Jesús, 94",46007.0,,,
880,UPS,Convenience Stores,Privada,Premises,Valencia,46007,Informatica Ecoturia,"C. Alcira, 4",39.46732911626501,-0.3851801960722136,UPS,Convenience stores,Private,Premises,Valencia,Informatica Ecoturia,"C. Alcira, 4",46007.0,,,
881,UPS,Locker,Privada,Parking,Valencia,46008,Intpkg S M Micaela,Calle de Sta. María Micaela,39.472306774011976,-0.3919694631770469,UPS,Lockers,Private,Parking,Valencia,Intpkg S M Micaela,Calle de Sta. María Micaela,46008.0,,,
882,UPS,Convenience Stores,Privada,Premises,Valencia,46008,Estanco 85,"Av. de Pérez Galdós, 100",39.47146106531828,-0.3925913466485637,UPS,Convenience stores,Private,Premises,Valencia,Estanco 85,"Av. de Pérez Galdós, 100",46008.0,,,
883,UPS,Convenience Stores,Privada,Premises,Valencia,46008,Joisfe,"C. del Historiador Sanchis Sivera, 24",39.46877815532482,-0.3873434644157755,UPS,Convenience stores,Private,Premises,Valencia,Joisfe,"C. del Historiador Sanchis Sivera, 24",46008.0,,,
884,UPS,Convenience Stores,Privada,Premises,Valencia,46009,Fnx-El Trebol Del Turia,"Av. de Burjassot, 18",39.4837635680669,-0.3825116465391215,UPS,Convenience stores,Private,Premises,Valencia,Fnx-El Trebol Del Turia,"Av. de Burjassot, 18",46009.0,,,
885,UPS,Locker,Privada,Bus Station,Valencia,46009,Est Alsa Valencia,"Av. de Menéndez Pidal, 11",39.481115771587874,-0.3865498073615637,UPS,Lockers,Private,Bus station,Valencia,Est Alsa Valencia,"Av. de Menéndez Pidal, 11",46009.0,,,
886,UPS,Locker,Privada,Supermarket,Valencia,46009,Lidl Cl Sagunto Vlc,"C. de Sagunto, 118",39.48719591258512,-0.3749488956384582,UPS,Lockers,Private,Supermarket,Valencia,Lidl Cl Sagunto Vlc,"C. de Sagunto, 118",46009.0,,,
887,UPS,Convenience Stores,Privada,Kiosk,Valencia,46009,Kiosko La Union,"C. Ministro Luis Mayans, 44",39.488276484779625,-0.3707209218817872,UPS,Convenience stores,Private,Kiosk,Valencia,Kiosko La Union,"C. Ministro Luis Mayans, 44",46009.0,,,
888,UPS,Convenience Stores,Privada,Premises,Valencia,46009,Fnx-La Suerte De Las Hadas,"C. Bilbao, 59",39.48989078062138,-0.3715825507726075,UPS,Convenience stores,Private,Premises,Valencia,Fnx-La Suerte De Las Hadas,"C. Bilbao, 59",46009.0,,,
889,UPS,Convenience Stores,Privada,Premises,Valencia,46010,Libreria Tirant Lo Blanch Artes Gra,"C. Artes Gráficas, 14",39.47673552704735,-0.3622150875102676,UPS,Convenience stores,Private,Premises,Valencia,Libreria Tirant Lo Blanch Artes Gra,"C. Artes Gráficas, 14",46010.0,,,
890,UPS,Convenience Stores,Privada,Kiosk,Valencia,46010,Fnx-Kiosko Mestalla,"C. Micer Mascó, 19",39.47574864067606,-0.3619646581809045,UPS,Convenience stores,Private,Kiosk,Valencia,Fnx-Kiosko Mestalla,"C. Micer Mascó, 19",46010.0,,,
891,UPS,Convenience Stores,Privada,Premises,Valencia,46010,Fnx-Loterias La Trinitat,"C. Pintor Vilar, 1",39.48252859696731,-0.3713964523004213,UPS,Convenience stores,Private,Premises,Valencia,Fnx-Loterias La Trinitat,"C. Pintor Vilar, 1",46010.0,,,
892,UPS,Convenience Stores,Privada,Premises,Valencia,46010,Fnx-Loterias Vimas,"C. Alboraya, 48",39.48470993245217,-0.3691307973090795,UPS,Convenience stores,Private,Premises,Valencia,Fnx-Loterias Vimas,"C. Alboraya, 48",46010.0,,,
893,UPS,Convenience Stores,Privada,Premises,Valencia,46010,Planta Loca Shop,"C. Alboraya, 45",39.484709092060456,-0.369436323417076,UPS,Convenience stores,Private,Premises,Valencia,Planta Loca Shop,"C. Alboraya, 45",46010.0,,,
894,UPS,Convenience Stores,Privada,Premises,Valencia,46011,Yobo,"Av. de la Malvarrosa, 64",39.47988938529938,-0.3279254541785851,UPS,Convenience stores,Private,Premises,Valencia,Yobo,"Av. de la Malvarrosa, 64",46011.0,,,
895,UPS,Convenience Stores,Privada,Premises,Valencia,46011,Expendeduria De Tabacos N 164,"C. del Stmo. Cristo del Grao, 3",39.461052191994845,-0.3345889358371134,UPS,Convenience stores,Private,Premises,Valencia,Expendeduria De Tabacos N 164,"C. del Stmo. Cristo del Grao, 3",46011.0,,,
896,UPS,Convenience Stores,Privada,Premises,Valencia,46012,L Arca Dels Blavets,"C/ de Mossèn Cuenca, 28",39.42240993760495,-0.337963323728413,UPS,Convenience stores,Private,Premises,Valencia,L Arca Dels Blavets,"C/ de Mossèn Cuenca, 28",46012.0,,,
897,UPS,Convenience Stores,Privada,Premises,Valencia,46013,Kanguro Bar San Luis,"C. Ángel Villena, 6",39.448588629833246,-0.3674469668893684,UPS,Convenience stores,Private,Premises,Valencia,Kanguro Bar San Luis,"C. Ángel Villena, 6",46013.0,,,
898,UPS,Locker,Privada,Mall,Valencia,46013,CC El Saler,"Av. Autopista del Saler, 16",39.45315272102342,-0.3549630181555863,UPS,Lockers,Private,Mall,Valencia,CC El Saler,"Av. Autopista del Saler, 16",46013.0,,,
899,UPS,Convenience Stores,Privada,Premises,Valencia,46013,Fnx-Estanco Ciudad De La Justicia,"C. del Poeta Josep Cervera i Grífol, 12",39.45467524394152,-0.3575793609402116,UPS,Convenience stores,Private,Premises,Valencia,Fnx-Estanco Ciudad De La Justicia,"C. del Poeta Josep Cervera i Grífol, 12",46013.0,,,
900,UPS,Convenience Stores,Privada,Premises,Valencia,46014,Zafiro Tours,"C. de Emilio Lluch, 18",39.462158539738304,-0.402482850470554,UPS,Convenience stores,Private,Premises,Valencia,Zafiro Tours,"C. de Emilio Lluch, 18",46014.0,,,
901,UPS,Convenience Stores,Privada,Kiosk,Valencia,46014,Fnx-Kiosko De La Suerte Mc Yanguez,"C. del Archiduque Carlos, 111",39.4611570085845,-0.399141089362384,UPS,Convenience stores,Private,Kiosk,Valencia,Fnx-Kiosko De La Suerte Mc Yanguez,"C. del Archiduque Carlos, 111",46014.0,,,
902,UPS,Convenience Stores,Privada,Premises,Valencia,46014,Multiservicios Llum,"Av. Marconi, 21",39.46754380647374,-0.4143651019173197,UPS,Convenience stores,Private,Premises,Valencia,Multiservicios Llum,"Av. Marconi, 21",46014.0,,,
903,UPS,Convenience Stores,Privada,Kiosk,Valencia,46014,Kiosco Pardo,"C. Alcácer, 9",39.47103555126864,-0.4079373955170365,UPS,Convenience stores,Private,Kiosk,Valencia,Kiosco Pardo,"C. Alcácer, 9",46014.0,,,
904,UPS,Convenience Stores,Privada,Premises,Valencia,46015,Estanco 144,"Carrer del Garbí, 34",39.49184967580989,-0.3962154078812488,UPS,Convenience stores,Private,Premises,Valencia,Estanco 144,"Carrer del Garbí, 34",46015.0,,,
905,UPS,Convenience Stores,Privada,Kiosk,Valencia,46015,Fnx Kiosco Avenida,"Av. de Burjassot, 273",39.49687474959634,-0.3978855144747104,UPS,Convenience stores,Private,Kiosk,Valencia,Fnx Kiosco Avenida,"Av. de Burjassot, 273",46015.0,,,
906,UPS,Locker,Privada,Supermarket,Valencia,46015,Lidl Maestro Rodrig,"Av. del Maestro Rodrigo, 41",39.48180077842572,-0.4014042364557574,UPS,Lockers,Private,Supermarket,Valencia,Lidl Maestro Rodrig,"Av. del Maestro Rodrigo, 41",46015.0,,,
907,UPS,Convenience Stores,Privada,Premises,Valencia,46015,Fnx-Tentaciones,"Av. Tamarindos, 33",39.47886342457026,-0.4025100681298739,UPS,Convenience stores,Private,Premises,Valencia,Fnx-Tentaciones,"Av. Tamarindos, 33",46015.0,,,
908,UPS,Convenience Stores,Privada,Mall,Valencia,46015,CC Carr Campanar,"Av. de Manuel de Falla, 13",39.4771124016056,-0.4051768538250858,UPS,Convenience stores,Private,Mall,Valencia,CC Carr Campanar,"Av. de Manuel de Falla, 13",46015.0,,,
909,UPS,Convenience Stores,Privada,Premises,Valencia,46015,Estanco 101 Valencia,"C. Gaudencia Torres, 7",39.48177971401103,-0.394942211880086,UPS,Convenience stores,Private,Premises,Valencia,Estanco 101 Valencia,"C. Gaudencia Torres, 7",46015.0,,,
910,UPS,Convenience Stores,Privada,Premises,Valencia,46015,Fnx-Loterias Marcos Y Mas,"C/ de la Vall de la Ballestera, 36",39.4793126415961,-0.3983432529107916,UPS,Convenience stores,Private,Premises,Valencia,Fnx-Loterias Marcos Y Mas,"C/ de la Vall de la Ballestera, 36",46015.0,,,
911,UPS,Locker,Privada,Mall,Valencia,46015,CC Merc Campanar,"Av. de Tirso de Molina, 16",39.477605656386494,-0.3955858969947085,UPS,Lockers,Private,Mall,Valencia,CC Merc Campanar,"Av. de Tirso de Molina, 16",46015.0,,,
912,UPS,Convenience Stores,Privada,Premises,Valencia,46016,Con Mucho Gusto,"Av. Ausiás March, 2",39.45651193856843,-0.3758753057038104,UPS,Convenience stores,Private,Premises,Valencia,Con Mucho Gusto,"Av. Ausiás March, 2",46016.0,,,
913,UPS,Convenience Stores,Privada,Premises,Valencia,46016,Estanco Carpesa,"Plaça del Poble, 7",39.51715894028981,-0.3783651404512727,UPS,Convenience stores,Private,Premises,Valencia,Estanco Carpesa,"Plaça del Poble, 7",46016.0,,,
914,UPS,Convenience Stores,Privada,Premises,Valencia,46017,Material Didactico,"Pl. de Holanda, 7",39.4488094684983,-0.3879285656534679,UPS,Convenience stores,Private,Premises,Valencia,Material Didactico,"Pl. de Holanda, 7",46017.0,,,
915,UPS,Convenience Stores,Privada,Kiosk,Valencia,46017,Kiosco La Cruz,SAN VICENT MARTIR 340 BAJO,39.44855907044732,-0.385863638950458,UPS,Convenience stores,Private,Kiosk,Valencia,Kiosco La Cruz,SAN VICENT MARTIR 340 BAJO,46017.0,,,
916,UPS,Convenience Stores,Privada,Kiosk,Valencia,46017,Kiosco Senabre,"Pl. Santiago Suárez, 6",39.45297898969946,-0.3878502019225491,UPS,Convenience stores,Private,Kiosk,Valencia,Kiosco Senabre,"Pl. Santiago Suárez, 6",46017.0,,,
917,UPS,Convenience Stores,Privada,Premises,Valencia,46017,Kanguro Papeleria Daf,"Carrer de la Ciutat de Melilla, 16",39.45706830241616,-0.3924289936121919,UPS,Convenience stores,Private,Premises,Valencia,Kanguro Papeleria Daf,"Carrer de la Ciutat de Melilla, 16",46017.0,,,
918,UPS,Convenience Stores,Privada,Premises,Valencia,46018,Mail Boxes Etc. 0327,"Av. del Cid, 41",39.46887710521237,-0.4002735193400234,UPS,Convenience stores,Private,Premises,Valencia,Mail Boxes Etc. 0327,"Av. del Cid, 41",46018.0,,,
919,UPS,Convenience Stores,Privada,Premises,Valencia,46018,Carlin,"Av. del Cid, 48",39.468521179943046,-0.396766482094457,UPS,Convenience stores,Private,Premises,Valencia,Carlin,"Av. del Cid, 48",46018.0,,,
920,UPS,Convenience Stores,Privada,Premises,Valencia,46018,Estanco 63,"C/ de la Democracia, 50",39.473734177773565,-0.4003748494883386,UPS,Convenience stores,Private,Premises,Valencia,Estanco 63,"C/ de la Democracia, 50",46018.0,,,
921,UPS,Convenience Stores,Privada,Premises,Valencia,46018,Ozo Store,"Av. de Pérez Galdós, 75",39.46848010761411,-0.3913280771426595,UPS,Convenience stores,Private,Premises,Valencia,Ozo Store,"Av. de Pérez Galdós, 75",46018.0,,,
922,UPS,Convenience Stores,Privada,Premises,Valencia,46018,Ilusionarte,"Carrer de Fontanars dels Alforins, 70",39.46250238861735,-0.3965587647264375,UPS,Convenience stores,Private,Premises,Valencia,Ilusionarte,"Carrer de Fontanars dels Alforins, 70",46018.0,,,
923,UPS,Convenience Stores,Privada,Kiosk,Valencia,46018,Kiosko Patraix,"C. Dibujante Manuel Gago, 12",39.46255990289056,-0.3911441197600862,UPS,Convenience stores,Private,Kiosk,Valencia,Kiosko Patraix,"C. Dibujante Manuel Gago, 12",46018.0,,,
924,UPS,Convenience Stores,Privada,Kiosk,Valencia,46019,Fnx-Kiosko Mayte,"C. San Juan Bosco, 69",39.49529385172535,-0.3709826380054764,UPS,Convenience stores,Private,Kiosk,Valencia,Fnx-Kiosko Mayte,"C. San Juan Bosco, 69",46019.0,,,
925,UPS,Convenience Stores,Privada,Premises,Valencia,46019,Estanc 136 Valencia,"C. Padre Viñas, 62",39.4937967275292,-0.3710064509124006,UPS,Convenience stores,Private,Premises,Valencia,Estanc 136 Valencia,"C. Padre Viñas, 62",46019.0,,,
926,UPS,Convenience Stores,Privada,Premises,Valencia,46019,La Barraca Smoke,"C. San Vicente de Paul, 17",39.62745100505455,-0.5966090541190636,UPS,Convenience stores,Private,Premises,Valencia,La Barraca Smoke,"C. San Vicente de Paul, 17",46019.0,,,
927,UPS,Convenience Stores,Privada,Premises,Valencia,46019,Outlet Destino 19,"C/ de Pedro Cabanes, 86",39.4945844315013,-0.3781776510556288,UPS,Convenience stores,Private,Premises,Valencia,Outlet Destino 19,"C/ de Pedro Cabanes, 86",46019.0,,,
928,UPS,Convenience Stores,Privada,Premises,Valencia,46020,Frutos Secos Oliguer,"Av. de Valladolid, 28",39.48894250277224,-0.3596238948409249,UPS,Convenience stores,Private,Premises,Valencia,Frutos Secos Oliguer,"Av. de Valladolid, 28",46020.0,,,
929,UPS,Convenience Stores,Privada,Kiosk,Valencia,46020,Fnx-Kiosko Rosa,"Carrer de Cuenca Tramoyeres, 2",39.48296083321966,-0.3606566796254025,UPS,Convenience stores,Private,Kiosk,Valencia,Fnx-Kiosko Rosa,"Carrer de Cuenca Tramoyeres, 2",46020.0,,,
930,UPS,Convenience Stores,Privada,Premises,Valencia,46020,Fnx-Papeleria Paco,"C. del Gorgos, 4",39.476887163780646,-0.3530667459294384,UPS,Convenience stores,Private,Premises,Valencia,Fnx-Papeleria Paco,"C. del Gorgos, 4",46020.0,,,
931,UPS,Convenience Stores,Privada,Premises,Valencia,46021,Bellacor Telecomunicaciones,"C. del Dr. Manuel Candela, 66",39.47229766661568,-0.3483277489829566,UPS,Convenience stores,Private,Premises,Valencia,Bellacor Telecomunicaciones,"C. del Dr. Manuel Candela, 66",46021.0,,,
932,UPS,Convenience Stores,Privada,Premises,Valencia,46021,Costa De Valencia Formacion E Idiom,"Avda. de Blasco Ibáñez, 39",39.47617886582059,-0.3532848243377796,UPS,Convenience stores,Private,Premises,Valencia,Costa De Valencia Formacion E Idiom,"Avda. de Blasco Ibáñez, 39",46021.0,,,
933,UPS,Convenience Stores,Privada,Premises,Valencia,46021,Full-Monalisa Locutorio,"C. del Gorgos, 4",39.47687059992548,-0.3530238309421788,UPS,Convenience stores,Private,Premises,Valencia,Full-Monalisa Locutorio,"C. del Gorgos, 4",46021.0,,,
934,UPS,Convenience Stores,Privada,Premises,Valencia,46021,Libreria Tirant Lo Blanch Ramon Llu,"Carrer de Ramon Llull, 31",39.47726083767471,-0.3467278389369713,UPS,Convenience stores,Private,Premises,Valencia,Libreria Tirant Lo Blanch Ramon Llu,"Carrer de Ramon Llull, 31",46021.0,,,
935,UPS,Convenience Stores,Privada,Premises,Valencia,46022,Futurmovil,"C. Músico Ginés, 31",39.47223222446938,-0.3426355544148739,UPS,Convenience stores,Private,Premises,Valencia,Futurmovil,"C. Músico Ginés, 31",46022.0,,,
936,UPS,Convenience Stores,Privada,Premises,Valencia,46022,App Leones,"C. los Leones, 60",39.47027154299988,-0.3462624613586807,UPS,Convenience stores,Private,Premises,Valencia,App Leones,"C. los Leones, 60",46022.0,,,
937,UPS,Convenience Stores,Privada,Premises,Valencia,46022,Papereria Ebano,"C. del Maestro Valls, 30",39.46612442014067,-0.3410443321875591,UPS,Convenience stores,Private,Premises,Valencia,Papereria Ebano,"C. del Maestro Valls, 30",46022.0,,,
938,UPS,Locker,Privada,Service Station,Valencia,46022,Galp Serreria,"C. de la Serrería, 14",39.46486415570029,-0.335495857548284,UPS,Lockers,Private,Service Station,Valencia,Galp Serreria,"C. de la Serrería, 14",46022.0,,,
939,UPS,Locker,Privada,Supermarket,Valencia,46022,Lidl Av Del Puerto,"Av. del Puerto, 189",39.46328986641301,-0.3421682337747992,UPS,Lockers,Private,Supermarket,Valencia, Lidl Av Del Puerto,"Av. del Puerto, 189",46022.0,,,
940,UPS,Convenience Stores,Privada,Premises,Valencia,46023,Yo Reparo,"Av. de Baleares, 41",39.46292733920031,-0.3535216811837424,UPS,Convenience stores,Private,Premises,Valencia,Yo Reparo,"Av. de Baleares, 41",46023.0,,,
941,UPS,Convenience Stores,Privada,Premises,Valencia,46023,Estanco Valencia 2,"C/ Vicente Beltrán Grimal, 17",39.46191019270977,-0.3485365976104319,UPS,Convenience stores,Private,Premises,Valencia,Estanco Valencia 2,"C/ Vicente Beltrán Grimal, 17",46023.0,,,
942,UPS,Convenience Stores,Privada,Premises,Valencia,46024,Piercing Lab Grau,"C. de Juan Verdeguer, 46",39.45885442985541,-0.3345741786880147,UPS,Convenience stores,Private,Premises,Valencia,Piercing Lab Grau,"C. de Juan Verdeguer, 46",46024.0,,,
943,UPS,Convenience Stores,Privada,Premises,Valencia,46025,El Arca De Noe,"Av. de Juan XXIII, 25",39.492409424978526,-0.3829951153400062,UPS,Convenience stores,Private,Premises,Valencia,El Arca De Noe,"Av. de Juan XXIII, 25",46025.0,,,
944,UPS,Convenience Stores,Privada,Kiosk,Valencia,46025,Fnx-Kiosco Fernando Y Pepa,"C. Gayano Lluch, 17",39.4919972132126,-0.3811071930459749,UPS,Convenience stores,Private,Kiosk,Valencia,Fnx-Kiosco Fernando Y Pepa,"C. Gayano Lluch, 17",46025.0,,,
945,UPS,Convenience Stores,Privada,Kiosk,Valencia,46025,Fnx-Kiosco Loterias Peset,"Av. del Dr. Peset Aleixandre, 56",39.49134885702277,-0.3788648371368713,UPS,Convenience stores,Private,Kiosk,Valencia,Fnx-Kiosco Loterias Peset,"Av. del Dr. Peset Aleixandre, 56",46025.0,,,
946,UPS,Convenience Stores,Privada,Premises,Valencia,46026,Fnx-La Bruixa De Castellar,"C. José Siurana, 4",39.42945827016473,-0.3632048115701877,UPS,Convenience stores,Private,Premises,Valencia,Fnx-La Bruixa De Castellar,"C. José Siurana, 4",46026.0,,,
947,UPS,Convenience Stores,Privada,Premises,Valencia,46026,Ducaval Horno De Alcedo,"Av. de los Trabajadores, 14",39.43097456421008,-0.3799324984734899,UPS,Convenience stores,Private,Premises,Valencia,Ducaval Horno De Alcedo,"Av. de los Trabajadores, 14",46026.0,,,
948,UPS,Locker,Privada,Premises,Valencia,46026,Estanco Malilla,"Carr. de Malilla, 80",39.44875994430174,-0.3797581094428921,UPS,Lockers,Private,Premises,Valencia,Estanco Malilla,"Carr. de Malilla, 80",46026.0,,,
949,UPS,Convenience Stores,Privada,Premises,Valencia,46026,Essencials,"C. Oltà, 40",39.45253512751852,-0.3766438628299735,UPS,Convenience stores,Private,Premises,Valencia,Essencials,"C. Oltà, 40",46026.0,,,
950,Pudo,Click&Collect,Privada,Premises,Valencia,46026,Estanco Malilla,"Carr. de Malilla, 80",39.448759945016455,-0.3797902960747263,PUDO,Click&Collect,Private,Premises,Valencia,Estanco Malilla,"Carr. de Malilla, 80",46026.0,,,
951,Pudo,Click&Collect,Privada,Premises,Valencia,46017,Estanco Expenduría Tabacos 159,"C/ dels Carters, 68",39.44992577254893,-0.3893154904495923,PUDO,Click&Collect,Private,Premises,Valencia,Estanco Expenduría Tabacos 159,"C/ dels Carters, 68",46017.0,,,
952,Pudo,Click&Collect,Privada,Supermarket,Valencia,46005,Lidl Peris I Valero,"Av. de Peris y Valero, 145",39.46108404363121,-0.3670369389503893,PUDO,Click&Collect,Private,Supermarket,Valencia,Lidl Peris I Valero,"Av. de Peris y Valero, 145",46005.0,,,
953,Pudo,Click&Collect,Privada,Supermarket,Valencia,46022,Lidl Avenida Del Puerto,"Av. del Puerto, 189",39.463016521738695,-0.3419858516862331,PUDO,Click&Collect,Private,Supermarket,Valencia,Lidl Avenida Del Puerto,"Av. del Puerto, 189",46022.0,,,
954,Pudo,Click&Collect,Privada,Premises,Valencia,46022,Ladyvape Valencia,"C. de Ramiro de Maeztu, 21",39.46788352789232,-0.3482212945362192,PUDO,Click&Collect,Private,Premises,Valencia,Ladyvape Valencia,"C. de Ramiro de Maeztu, 21",46022.0,,,
955,Pudo,Click&Collect,Privada,Premises,Valencia,46022,Jiayu Mobile,"Ptge. d'Àngels i Federic, 2",39.466131444972575,-0.3395800568773284,PUDO,Click&Collect,Private,Premises,Valencia,Jiayu Mobile,"Ptge. d'Àngels i Federic, 2",46022.0,,,
956,Pudo,Click&Collect,Privada,Parking,Valencia,46004,Parking Interparking Porta De La Mar,Av. de Navarro Reverter,39.47143232999158,-0.3667156063253528,PUDO,Click&Collect,Private,Parking,Valencia,Parking Interparking Porta De La Mar,Av. de Navarro Reverter,46004.0,,,
957,Pudo,Click&Collect,Privada,Premises,Valencia,46010,Pcbox Valencia (Artes),"C. Artes Gráficas, 14",39.49747990059363,-1.1154374575479e+16,PUDO,Click&Collect,Private,Premises,Valencia,Pcbox Valencia (Artes),"C. Artes Gráficas, 14",46010.0,,,
958,Pudo,Click&Collect,Privada,Premises,Valencia,46014,Servicios Expressos Valencia - La Llum,"Calle del Padre Esteban Pernet, 8",39.46728321563718,-0.410815509441386,PUDO,Click&Collect,Private,Premises,Valencia,Servicios Expressos Valencia - La Llum,"Calle del Padre Esteban Pernet, 8",46014.0,,,
959,Pudo,Click&Collect,Privada,Mall,Valencia,46015,C.C. Carrefour Campanar,"Av. de Manuel de Falla, 13",39.47717037077638,-0.4051553939184985,PUDO,Click&Collect,Private,Mall,Valencia,C.C. Carrefour Campanar,"Av. de Manuel de Falla, 13",46015.0,,,
960,Pudo,Click&Collect,Privada,Mall,Valencia,46015,C.C. Mercado De Campanar,"Av. de Tirso de Molina, 16",39.47763878068947,-0.395542980249705,PUDO,Click&Collect,Private,Mall,Valencia,C.C. Mercado De Campanar,"Av. de Tirso de Molina, 16",46015.0,,,
961,Pudo,Click&Collect,Privada,Parking,Valencia,46008,Parking Interparking La Fé,"C/ d'Alfons Verdeguer, 1",39.48613113486887,-0.3891694899718394,PUDO,Click&Collect,Private,Parking,Valencia,Parking Interparking La Fé,"C/ d'Alfons Verdeguer, 1",46008.0,,,
962,Pudo,Click&Collect,Privada,Premises,Valencia,46011,Mensapacket,C-Ernesto Anatasio no 79 bajo,39.46673495077585,-0.3338878594553913,PUDO,Click&Collect,Private,Premises,Valencia,Mensapacket,C-Ernesto Anatasio nº 79 bajo,46011.0,,,
963,Pudo,Click&Collect,Privada,Service Station,Valencia,46022,Galp Serrería,"C. de la Serrería, 14",39.46481445947956,-0.3355387750227445,PUDO,Click&Collect,Private,Service Station,Valencia,Galp Serrería,"C. de la Serrería, 14",46022.0,,,
964,Pudo,Click&Collect,Privada,Supermarket,Valencia,46005,Lidl Valencia Gran Vía,"Gran Vía del Marqués del Turia, 52",39.46704376542933,-0.368221210671441,PUDO,Click&Collect,Private,Supermarket,Valencia,Lidl Valencia Gran Vía,"Gran Vía del Marqués del Turia, 52",46005.0,,,
965,Pudo,Click&Collect,Privada,Premises,Valencia,46005,Pcbox Valencia (Salamanca),"C. de Salamanca, 48",39.46471589136243,-0.3632893609376818,PUDO,Click&Collect,Private,Premises,Valencia,Pcbox Valencia (Salamanca),"C. de Salamanca, 48",46005.0,,,
966,Pudo,Click&Collect,Privada,Premises,Valencia,46007,Pcbox Valencia (Ramon Y Cajal),"Gran Vía de Ramón y Cajal, 49",39.46802178337722,-0.3836518067618311,PUDO,Click&Collect,Private,Premises,Valencia,Pcbox Valencia (Ramon Y Cajal),"Gran Vía de Ramón y Cajal, 49",46007.0,,,
967,Pudo,Click&Collect,Privada,Premises,Valencia,46007,Latin Travel Convent,"C. del Convento de Jerusalén, 28",39.46632909221806,-0.3797402352888365,PUDO,Click&Collect,Private,Premises,Valencia,Latin Travel Convent,"C. del Convento de Jerusalén, 28",46007.0,,,
968,Pudo,Click&Collect,Privada,Supermarket,Valencia,46015,Lidl Maestro Rodrigo,"Av. del Maestro Rodrigo, 41",39.481767654891264,-0.401393508817519,PUDO,Click&Collect,Private,Supermarket,Valencia,Lidl Maestro Rodrigo,"Av. del Maestro Rodrigo, 41",46015.0,,,
969,Pudo,Click&Collect,Privada,Service Station,Valencia,46015,Galp General Aviles,"Av. del General Avilés, 92",39.484886338753135,-0.3998733166036558,PUDO,Click&Collect,Private,Service Station,Valencia,Galp General Aviles,"Av. del General Avilés, 92",46015.0,,,
970,Pudo,Click&Collect,Privada,Supermarket,Valencia,46009,Lidl C/ Sagunto Valencia,"C. de Sagunto, 118",39.48724559238035,-0.3748845205253434,PUDO,Click&Collect,Private,Supermarket,Valencia,Lidl C/ Sagunto Valencia,"C. de Sagunto, 118",46009.0,,,
971,Pudo,Click&Collect,Privada,Service Station,Valencia,46009,E.S. Galp Primado Reig,"Av. Primado Reig, 10",39.49052667936488,-0.372050194532568,PUDO,Click&Collect,Private,Service Station,Valencia,E.S. Galp Primado Reig,"Av. Primado Reig, 10",46009.0,,,
972,Pudo,Click&Collect,Privada,Parking,Valencia,46009,Parking Interparking Tierno Galvan,"Plaça del Professor Tierno Galván, s/n",39.48894073468399,-0.3712984458158235,PUDO,Click&Collect,Private,Parking,Valencia,Parking Interparking Tierno Galvan,"Plaça del Professor Tierno Galván, s/n",46009.0,,,
973,Pudo,Click&Collect,Privada,Parking,Valencia,46008,Parking Interparking Santa María Micaela,"Carrer de Sta. Maria Micaela, s/n",39.47233570806871,-0.391563547644604,PUDO,Click&Collect,Private,Parking,Valencia,Parking Interparking Santa María Micaela,"Carrer de Sta. Maria Micaela, s/n",46008.0,,,
974,Mrw,Lsp Pudos,Privada,Premises,Valencia,46017,Oficina MRW 04323,"Carrer del Pintor Rafael Solbes, 21, bajo",39.4434357789999,-0.389936704499398,MRW,LSP PUDOs,Private,Premises,Valencia,Oficina MRW 04323,"Carrer del Pintor Rafael Solbes, 21, bajo",46017.0,,,
975,Mrw,Lsp Pudos,Privada,Premises,Valencia,46013,Oficina MRW 04326,"C/ de Ribelles Comín, 1, Quatre Carreres",39.4559697425573,-0.371669172978743,MRW,LSP PUDOs,Private,Premises,Valencia,Oficina MRW 04326,"C/ de Ribelles Comín, 1, Quatre Carreres",46013.0,,,
976,Mrw,Lsp Pudos,Privada,Premises,Valencia,46005,Oficina MRW 04321,"C/ del Pintor Salvador Abril, 47",39.4635766651273,-0.368002779328351,MRW,LSP PUDOs,Private,Premises,Valencia,Oficina MRW 04321,"C/ del Pintor Salvador Abril, 47",46005.0,,,
977,Mrw,Lsp Pudos,Privada,Premises,Valencia,46008,Oficina MRW 04300,"C/ de Sant Ignasi de Loiola, 16",39.4779132376225,-0.391173500829461,MRW,LSP PUDOs,Private,Premises,Valencia,Oficina MRW 04300,"C/ de Sant Ignasi de Loiola, 16",46008.0,,,
978,Mrw,Lsp Pudos,Privada,Premises,Valencia,46023,Oficina MRW 04320,"Carrer d'Astúries, 51, Camins al Grau",39.4682922517064,-0.351478307282819,MRW,LSP PUDOs,Private,Premises,Valencia,Oficina MRW 04320,"Carrer d'Astúries, 51, Camins al Grau",46023.0,,,
979,Mrw,Lsp Pudos,Privada,Premises,Valencia,46022,Oficina MRW 04327,"Carrer d'Esteve Ballester, 12",39.4778124556167,-0.335807855512432,MRW,LSP PUDOs,Private,Premises,Valencia,Oficina MRW 04327,"Carrer d'Esteve Ballester, 12",46022.0,,,
980,Mrw,Lsp Pudos,Privada,Premises,Valencia,46015,Oficina MRW 04322,"Av. dels Tamarindes, 4",39.4813858354092,-0.401616920644826,MRW,LSP PUDOs,Private,Premises,Valencia,Oficina MRW 04322,"Av. dels Tamarindes, 4",46015.0,,,
981,Mrw,Lsp Pudos,Privada,Premises,Valencia,46009,Oficina MRW 04328,"Carrer de segària, 4",39.4925676755239,-0.389402066785956,MRW,LSP PUDOs,Private,Premises,Valencia,Oficina MRW 04328,"Carrer de segària, 4",46009.0,,,
982,Mrw,Lsp Pudos,Privada,Premises,Valencia,46010,Oficina MRW 04325,"C/ de Molinell, 6",39.489865073955,-0.36962877877173,MRW,LSP PUDOs,Private,Premises,Valencia,Oficina MRW 04325,"C/ de Molinell, 6",46010.0,,,
983,Amazon,Almacén/E-Fulfilment,Privada,Industrial Estate,Castellon,12200,Amazon FC VLC1,"C. Panamá, 28, 12200 Onda, Castellón",39.9845187542928,-0.153303473041228,Amazon ,Almacén/E-fulfilment,Private,Industrial estate,Castellon,Amazon FC VLC1,"C. Panamá, 28, 12200 Onda, Castellón",12200.0,,,
984,Amazon,Centros De Distribución/Recepción,Privada,Industrial Estate,Valencia,46980,Amazon Fresh Valencia (UVL1),"Carrer del Carboner, 39, 46980 Paterna, Valencia",39.5197362996211,-0.459641460502284,Amazon ,Centros de distribución/recepción,Private,Industrial estate,Valencia,Amazon Fresh Valencia (UVL1),"Carrer del Carboner, 39, 46980 Paterna, Valencia",46980.0,,,
985,Amazon,Estación Logistica De Ultima Milla,Privada,Industrial Estate,Alicante,3007,Amazon DQV2,03007 Alicante,38.3385625936717,-0.531310683177458,Amazon ,Estación logistica de ultima milla,Private,Industrial estate,Alicante,Amazon DQV2,03007 Alicante,3007.0,,,
986,Amazon,Centros De Distribución/Recepción,Privada,Industrial Estate,Valencia,46229,Amazon DQV6,"C. N-2, 46229 Picassent, Valencia",39.3565283714094,-0.458137249078415,Amazon ,Centros de distribución/recepción,Private,Industrial estate,Valencia,Amazon DQV6,"C. N-2, 46229 Picassent, Valencia",46229.0,,,
987,Correos,Centros De Distribución/Recepción,Pública,Industrial Estate,Valencia,46930,CTA Valencia,"Carrer Riu Vinalopó, 93, 46930 Quart de Poblet, Valencia",39.4702274729905,-0.51116903170288,Correos,Centros de distribución/recepción,Public,Industrial estate,Valencia,CTA Valencia,"Carrer Riu Vinalopó, 93, 46930 Quart de Poblet, Valencia",46930.0,,,
988,Correos Express,Centros De Distribución/Recepción,Pública,Industrial Estate,Valencia,46190,Polígono Industrial El Oliveral,"Carrer A, Nave 4, 46190 Riba-roja de Túria, Valencia",39.4752064483412,-0.538374274047189,Correos Express,Centros de distribución/recepción,Public,Industrial estate,Valencia,Polígono Industrial El Oliveral,"Carrer A, Nave 4, 46190 Riba-roja de Túria, Valencia",46190.0,,,
989,Correos Express,Almacén/E-Fulfilment,Pública,Industrial Estate,Valencia,46440,,"C. Ponent P.I.Juan Carlos I, 3, Almusafes",39.3059895053551,-0.416795785891881,Correos Express,Almacén/E-fulfilment,Public,Industrial estate,Valencia,,"C. Ponent P.I.Juan Carlos I, 3, Almusafes",46440.0,,,
990,Mondial Relay (Impost),Estación Logistica De Ultima Milla,Privada,Industrial Estate,Valencia,46190,Centro de distribución urbana o estación de última milla,"Ctra. de Valencia, 76 (Riba-roja de Túria)",39.5449186735251,-0.563491174467596,Mondial Relay (Impost),Estación logistica de ultima milla,Private,Industrial estate,Valencia,Centro de distribución urbana o estación de última milla,"Ctra. de Valencia, 76 (Riba-roja de Túria)",46190.0,,,
991,SEUR,Estación Logistica De Ultima Milla,Privada,Industrial Estate,Valencia,46190,Centro de distribución urbana o estación de última milla,C. del Puerto de Denia,39.4888139509649,-0.531340347667524,Seur,Estación logistica de ultima milla,Private,Industrial estate,Valencia,Centro de distribución urbana o estación de última milla,C. del Puerto de Denia,46190.0,,,
992,SEUR,Estación Logistica De Ultima Milla,Privada,Industrial Estate,Valencia,46136,Almacén (Servicios de recogida y entrega de paquetes),"Avinguda de Barcelona, 3, Museros",39.552881998287,-0.341438702904099,Seur,Estación logistica de ultima milla,Private,Industrial estate,Valencia,Almacén (Servicios de recogida y entrega de paquetes),"Avinguda de Barcelona, 3, Museros",46136.0,,,
993,SEUR,Centros De Distribución/Recepción,Privada,Industrial Estate,Valencia,46988,Centro de distribución urbana o estación de última milla,"Carrer Ciutat de Barcelona, 26-27",39.5125722684962,-0.467887458764147,Seur,Centros de distribución/recepción,Private,Industrial estate,Valencia,Centro de distribución urbana o estación de última milla,"Carrer Ciutat de Barcelona, 26-27",46988.0,,,
994,SEUR,Centros De Distribución/Recepción,Privada,Industrial Estate,Valencia,46394,,"C. Mas de la Vallesa de Mandor s/n, 46394 Riba-roja de Túria",39.4755900757899,-0.58362737517902,Seur,Centros de distribución/recepción,Private,Industrial estate,Valencia,,"C. Mas de la Vallesa de Mandor s/n, 46394 Riba-roja de Túria",46394.0,,,
995,Dhl,Almacén/E-Fulfilment,Privada,Industrial Estate,Valencia,12550,Centro de distribución urbana o estación de última milla,"Parcelas 1-4 Autovía CV 10, ,Almassora, Castellón",39.9748018388788,-0.144557135500069,DHL,Almacén/E-fulfilment,Private,Industrial estate,Valencia,Centro de distribución urbana o estación de última milla,"Parcelas 1-4 Autovía CV 10, ,Almassora, Castellón",12550.0,,,
996,Dhl,Centros De Distribución/Recepción,Privada,Industrial Estate,Valencia,46210,Centro de distribución urbana o estación de última milla,"Autovia Valencia-Torrent, Km. 2,200, 46210 Picanya, Valencia",39.4418192200028,-0.427755507966062,DHL,Centros de distribución/recepción,Private,Industrial estate,Valencia,Centro de distribución urbana o estación de última milla,"Autovia Valencia-Torrent, Km. 2,200, 46210 Picanya, Valencia",46210.0,,,
997,Dhl,Centros De Distribución/Recepción,Privada,Industrial Estate,Valencia,46460,,"Avda. d'Espioca, 84-86, 46460 València, Valencia",39.3636510231943,-0.420303337979663,DHL,Centros de distribución/recepción,Private,Industrial estate,Valencia,,"Avda. d'Espioca, 84-86, 46460 València, Valencia",46460.0,,,
998,Dhl,Centros De Distribución/Recepción,Privada,Industrial Estate,Valencia,46270,,"Arrabal Sector el Placita, 1, 46270 Castelló, Valencia",39.0641942118188,-0.538355325024787,DHL,Centros de distribución/recepción,Private,Industrial estate,Valencia,,"Arrabal Sector el Placita, 1, 46270 Castelló, Valencia",46270.0,,,
999,Fedex,Centros De Distribución/Recepción,Privada,Industrial Estate,Valencia,46210,Centro de distribución urbana o estación de última milla,"Carrer Dissabtes, 6, 46210 Picanya",39.4400748633466,-0.427714989582253,Fedex,Centros de distribución/recepción,Private,Industrial estate,Valencia,Centro de distribución urbana o estación de última milla,"Carrer Dissabtes, 6, 46210 Picanya",46210.0,,,
1000,Fedex,Centros De Distribución/Recepción,Privada,Industrial Estate,Valencia,46190,,"P.I. Casanova, Av. Corregers, 3-4, Riba-roja de Túria",39.4816695569854,-0.554721126733899,Fedex,Centros de distribución/recepción,Private,Industrial estate,Valencia,,"P.I. Casanova, Av. Corregers, 3-4, Riba-roja de Túria",46190.0,,,
1001,Ctt Express,Estación Logistica De Ultima Milla,Privada,Industrial Estate,Valencia,46190,"Recepción, clasificación y envío (Colabora con red Tourline)","C. del Puerto de Denia, 5, 46190 Riba-roja de Túria",39.4869920150498,-0.53059446059356,CTT Express,Estación logistica de ultima milla,Private,Industrial estate,Valencia,"Recepción, clasificación y envío (Colabora con red Tourline)","C. del Puerto de Denia, 5, 46190 Riba-roja de Túria",46190.0,,,
1002,Gls,Centros De Distribución/Recepción,Privada,Industrial Estate,Valencia,46988,Recogida y entrega local o provincial,"P. I. Fuente del Jarro, Ciudad de Barcelona 1 nv 5, 46988 Paterna, Valencia",39.5091166517516,-0.463223171898043,GLS,Centros de distribución/recepción,Private,Industrial estate,Valencia,Recogida y entrega local o provincial,"P. I. Fuente del Jarro, Ciudad de Barcelona 1 nv 5, 46988 Paterna, Valencia",46988.0,,,
1003,Gls,Centros De Distribución/Recepción,Privada,Industrial Estate,Valencia,46190,Hub regional de GLS,"v. dels Fusters, 27 (Pol. Ind. Sur, Riba-roja de Túria)",39.4799112538207,-0.559299968461471,GLS,Centros de distribución/recepción,Private,Industrial estate,Valencia,Hub regional de GLS,"v. dels Fusters, 27 (Pol. Ind. Sur, Riba-roja de Túria)",46190.0,,,
1004,Gls,Estación Logistica De Ultima Milla,Privada,Industrial Estate,Valencia,46025,Centro de distribución urbana o estación de última milla,"C/ de Vicent Canet, 7, Benicalap",39.5006127784153,-0.392574702836162,GLS,Estación logistica de ultima milla,Private,Industrial estate,Valencia,Centro de distribución urbana o estación de última milla,"C/ de Vicent Canet, 7, Benicalap",46025.0,,,
1005,UPS,Centros De Distribución/Recepción,Privada,Industrial Estate,Valencia,46024,"Plataforma UPS (Recepción, clasificación y distribución)","ZAL Valencia (Puerto de Valencia, Valencia)",39.4305030502778,-0.338294847924942,UPS,Centros de distribución/recepción,Private,Industrial estate,Valencia,"Plataforma UPS (Recepción, clasificación y distribución)","ZAL Valencia (Puerto de Valencia, Valencia)",46024.0,,,
1006,UPS,Centros De Distribución/Recepción,Privada,Industrial Estate,Valencia,46940,Centro de Carga Aérea Aeropuerto de Valencia,"Parcela 121-122, Manises",39.4949226997715,-0.482754960505156,UPS,Centros de distribución/recepción,Private,Industrial estate,Valencia,Centro de Carga Aérea Aeropuerto de Valencia,"Parcela 121-122, Manises",46940.0,,,
1007,Nacex,Centros De Distribución/Recepción,Privada,Industrial Estate,Valencia,46190,"Plataforma NACEX (Recepción, clasificación y distribución)","Parc 4B, C/ Pouet de Nasio, Pol. Ind., 3,Riba-roja de Túria",39.4710919340291,-0.539133955516801,Nacex,Centros de distribución/recepción,Private,Industrial estate,Valencia,"Plataforma NACEX (Recepción, clasificación y distribución)","Parc 4B, C/ Pouet de Nasio, Pol. Ind., 3,Riba-roja de Túria",46190.0,,,
1008,Nacex,Centros De Distribución/Recepción,Privada,Industrial Estate,Valencia,46394,Centro de distribución urbana o estación de última milla,"C. Sector 13, nave 60, Riba-roja de Túria",39.4792594836801,-0.562909718095576,Nacex,Centros de distribución/recepción,Private,Industrial estate,Valencia,Centro de distribución urbana o estación de última milla,"C. Sector 13, nave 60, Riba-roja de Túria",46394.0,,,
1009,Nacex,Estación Logistica De Ultima Milla,Privada,Industrial Estate,Valencia,46988,Centro de distribución urbana o estación de última milla,"Carrer del Manyá, 12, 46988 Paterna, Valencia",39.5185298383897,-0.457164355179464,Nacex,Estación logistica de ultima milla,Private,Industrial estate,Valencia,Centro de distribución urbana o estación de última milla,"Carrer del Manyá, 12, 46988 Paterna, Valencia",46988.0,,,
1010,Mrw,Centros De Distribución/Recepción,Privada,Industrial Estate,Valencia,46394,"Plataforma MRW (Recepción, clasificación y distribución)","Calle Oliveral-S, 9, 46394 Riba-roja de Túria, Valencia",39.4760143410211,-0.544072799157762,MRW,Centros de distribución/recepción,Private,Industrial estate,Valencia,"Plataforma MRW (Recepción, clasificación y distribución)","Calle Oliveral-S, 9, 46394 Riba-roja de Túria, Valencia",46394.0,,,
1011,Mrw,Centros De Distribución/Recepción,Privada,Industrial Estate,Valencia,46900,Centro de distribución urbana o estación de última milla,"Carrer Dels Teixidors, 6 PI Masia del Juez, 46900 Torrent, Valencia",39.4400549014402,-0.488149697133458,MRW,Centros de distribución/recepción,Private,Industrial estate,Valencia,Centro de distribución urbana o estación de última milla,"Carrer Dels Teixidors, 6 PI Masia del Juez, 46900 Torrent, Valencia",46900.0,,,
1012,Mrw,Centros De Distribución/Recepción,Privada,Industrial Estate,Valencia,46960,Centro de distribución urbana o estación de última milla,"Camí de la Lloma, 40, 46960 Aldaia, Valencia",39.4690969834582,-0.473665416200721,MRW,Centros de distribución/recepción,Private,Industrial estate,Valencia,Centro de distribución urbana o estación de última milla,"Camí de la Lloma, 40, 46960 Aldaia, Valencia",46960.0,,,
1013,Mrw,Centros De Distribución/Recepción,Privada,Industrial Estate,Valencia,46470,Centro de distribución urbana o estación de última milla,"Polígono Industrial, Carrer 29, 24, 46470 Catarroja, Valencia",39.401609240283,-0.395450648847648,MRW,Centros de distribución/recepción,Private,Industrial estate,Valencia,Centro de distribución urbana o estación de última milla,"Polígono Industrial, Carrer 29, 24, 46470 Catarroja, Valencia",46470.0,,,
1014,Zeleris,Estación Logistica De Ultima Milla,Privada,Industrial Estate,Valencia,3006,,"C. Trueno, Nave 13-14, 03006 Alicante",38.3547571847556,-0.548561302118111,Zeleris,Estación logistica de ultima milla,Private,Industrial estate,Valencia,,"C. Trueno, Nave 13-14, 03006 Alicante",3006.0,,,
1015,Correos,Locker,Pública,Locker,Valencia,,VALÈNCIA SUC 11. AUSÍAS MARCH,"Av. Ausias March, 56",39.45155840091,-0.37232449882,Correos Citypaq,Locker,Public,Locker,València,VALÈNCIA SUC 11. AUSÍAS MARCH,"Av. Ausias March, 56",,Correos CityPaq,Possibly new,
1016,Correos,Locker,Pública,Locker,Valencia,,VALÈNCIA OP,Pz Del Ayuntamiento 24,39.4693935703,-0.37573811672,Correos Citypaq,Locker,Public,Locker,València,VALÈNCIA OP,Pz Del Ayuntamiento 24,,Correos CityPaq,Possibly new,
1017,Correos,Locker,Pública,Locker,Valencia,,VALÈNCIA SUC 8. AV DEL CID,Av Del Cid 22,39.46757160063,-0.3932784988,Correos Citypaq,Locker,Public,Locker,València,VALÈNCIA SUC 8. AV DEL CID,Av Del Cid 22,,Correos CityPaq,Possibly new,
1018,Correos,Locker,Pública,Locker,Valencia,,VALÈNCIA SUC 4. RUZAFA,"Sornells, 12",39.46081692693,-0.37116768651,Correos Citypaq,Locker,Public,Locker,València,VALÈNCIA SUC 4. RUZAFA,"Sornells, 12",,Correos CityPaq,Possibly new,
1019,Correos,Locker,Pública,Locker,Valencia,,VALÈNCIA SUC 10. BENICALAP,Cl General Aviles 8,39.48591086589,-0.39397796029,Correos Citypaq,Locker,Public,Locker,València,VALÈNCIA SUC 10. BENICALAP,Cl General Aviles 8,,Correos CityPaq,Possibly new,
1020,Correos,Locker,Pública,Locker,Valencia,,VALÈNCIA SUC 7. SAN VICENTE,"San Vicente Martir, 175",39.4587929,-0.3830704,Correos Citypaq,Locker,Public,Locker,València,VALÈNCIA SUC 7. SAN VICENTE,"San Vicente Martir, 175",,Correos CityPaq,Possibly new,
1021,Correos,Locker,Pública,Locker,Valencia,,,Cr Del Riu 263,39.42434881,-0.34081154,Correos Citypaq,Locker,Public,Locker,València,,Cr Del Riu 263,,Correos CityPaq,Possibly new,Missing location
