Location_Cluster_ID,Merged_Record_Count,Main_Type,id_final,Location,Address,Latitude,Longitude,Capacity_Sum,Zip_Code,ID,Company,Type,Infrastructure,Type Infrastructure,City,Company_raw,Type_raw,Infrastructure_raw,Type Infrastructure_raw,City_raw,Location_raw,Address_raw,Zip Code_raw,Import_Source,Import_Classification,Data_Quality_Flag,Record_Service_Type_Code,Record_Service_Type_Name,Type_Group_Code,Cluster_Record_Count,Cluster_Company_Count,Has_Locker,Has_PUDO,Has_Click_Collect,Has_Distribution_Center,Has_Last_Mile_Station,Has_Warehouse,Has_Convenience_Store,Has_Unknown,Cluster_Service_Type_Code,Cluster_Service_Type_Name,Cluster_Sharing_Type_Code,Cluster_Sharing_Type_Name,Cluster_Diameter_m,Cluster_Spatial_Confidence_Code,Cluster_Spatial_Confidence_Name,Cluster_Companies,Cluster_Review_Required
MAD_LOC_000001,2,PUDO,1,Supermercado Dia,"Calle de Nuñez de Balboa, 32",40.4259218465805,-3.68208097292823,120,28001.0,1 + 770,InPost + Amazon,Locker,Privada,Supermarket + Premises,Madrid,InPost + Amazon,Lockers,Private,Supermarket + Premises,Madrid,Supermercado Dia + Lockers Arruda,"Calle de Nuñez de Balboa, 32 + Calle de Núñez de Balboa, 32",28001 + 28001,,,,1 + 1,Locker + Locker,1,2,2,True,False,False,False,False,False,False,False,1,Locker only,3,"Multiple companies, single service",2.84,1,High,Amazon | InPost + Amazon | InPost,False
MAD_LOC_000003,4,PUDO,3,Grupo Hicorsa Artes Graficas,"Calle de Goya, 43",40.42544911386783,-3.6829077388721876,480,28001.0,3 + 773 + 2226 + 2636,InPost + Amazon + Ctt Express + Gls,Convenience Stores,Privada,Premises,Madrid,InPost + Amazon + CTT Express + GLS,Convenience stores,Private,Premises,Madrid,Grupo Hicorsa Artes Graficas + Grupo Hicorsa Artes Gráficas S.A. + Grupo Hicorsa Artes Gráficas S.A. + Ps Gls Dis Grupo Hicorsa Artes Gráficas S.A.,"Calle de Goya, 43 + Calle de Goya, 43 + Calle de Goya, 43 + Calle de Goya, 43, Galeria Comercial l160",28001 + 28001 + 28001 + 28001,,,,7 + 7 + 7 + 7,Convenience Store + Convenience Store + Convenience Store + Convenience Store,1,4,4,False,False,False,False,False,False,True,False,5,Convenience Store only,3,"Multiple companies, single service",8.48,1,High,Amazon | Ctt Express | Gls | InPost + Amazon | Ctt Express | Gls | InPost + Amazon | Ctt Express | Gls | InPost + Amazon | Ctt Express | Gls | InPost,False
MAD_LOC_000006,3,PUDO,6,La Capital,"Calle del Gral. Pardiñas, 3",40.424012986126534,-3.6788709194101403,360,28001.0,6 + 775 + 1919,InPost + Amazon + Dhl,Convenience Stores,Privada,Premises,Madrid,InPost + Amazon + DHL,Convenience stores,Private,Premises,Madrid,La Capital + La Capital Del Movil + La Capital Del Movil,"Calle del Gral. Pardiñas, 3 + Calle del Gral. Pardiñas, 3 + Calle del Gral. Pardiñas, 3",28001 + 28001 + 28001,,,,7 + 7 + 7,Convenience Store + Convenience Store + Convenience Store,1,3,3,False,False,False,False,False,False,True,False,5,Convenience Store only,3,"Multiple companies, single service",5.44,1,High,Amazon | Dhl | InPost + Amazon | Dhl | InPost + Amazon | Dhl | InPost,False
MAD_LOC_000015,2,PUDO,15,Mioptico Lopez De Hoyos,"C. de López de Hoyos, 135",40.44727304766385,-3.6698057173244196,240,28002.0,15 + 2872,InPost + UPS,Convenience Stores,Privada,Premises,Madrid,InPost + UPS,Convenience stores,Private,Premises,Madrid,Mioptico Lopez De Hoyos + Mioptico,"C. de López de Hoyos, 135 + C. de López de Hoyos, 135",28002 + 28002,,,,7 + 7,Convenience Store + Convenience Store,1,2,2,False,False,False,False,False,False,True,False,5,Convenience Store only,3,"Multiple companies, single service",5.31,1,High,InPost | UPS + InPost | UPS,False
MAD_LOC_000018,2,PUDO,18,Parking Clara Del Rey,"C. de Clara del Rey, 32",40.4434206605702,-3.66867834500266,120,28002.0,18 + 786,InPost + Amazon,Locker,Privada,Parking + Supermarket,Madrid,InPost + Amazon,Lockers,Private,Parking + Supermarket,Madrid,Parking Clara Del Rey + Lockers Tarodo,"C. de Clara del Rey, 32 + C. de Clara del Rey, 32",28002 + 28002,,,,1 + 1,Locker + Locker,1,2,2,True,False,False,False,False,False,False,False,1,Locker only,3,"Multiple companies, single service",7.43,1,High,Amazon | InPost + Amazon | InPost,False
MAD_LOC_000019,4,PUDO,19,Chip Inside,"C. de Clara del Rey, 20",40.442352353291575,-3.67036748579488,480,28002.0,19 + 1339 + 2048 + 2233,InPost + SEUR + Celeritas + Ctt Express,Convenience Stores,Privada,Premises,Madrid,InPost + Seur + Celeritas + CTT Express,Convenience stores,Private,Premises,Madrid,Chip Inside + Chip Inside + Chip Inside + Chip Inside,"C. de Clara del Rey, 20 + C. de Clara del Rey, 20 + C. de Clara del Rey, 20 + C. de Clara del Rey, 20",28002 + 28002 + 28002 + 28002,,,,7 + 7 + 7 + 7,Convenience Store + Convenience Store + Convenience Store + Convenience Store,1,4,4,False,False,False,False,False,False,True,False,5,Convenience Store only,3,"Multiple companies, single service",6.09,1,High,Celeritas | Ctt Express | InPost | SEUR + Celeritas | Ctt Express | InPost | SEUR + Celeritas | Ctt Express | InPost | SEUR + Celeritas | Ctt Express | InPost | SEUR,False
MAD_LOC_000027,2,PUDO,27,Baez Locutorio,"C. de Espronceda, 9",40.44105621693955,-3.698156657485875,240,28003.0,27 + 2244,InPost + Ctt Express,Convenience Stores,Privada,Premises,Madrid,InPost + CTT Express,Convenience stores,Private,Premises,Madrid,Baez Locutorio + Báez Locutorio,"C. de Espronceda, 9 + C. de Espronceda, 9",28003 + 28003,,,,7 + 7,Convenience Store + Convenience Store,1,2,2,False,False,False,False,False,False,True,False,5,Convenience Store only,3,"Multiple companies, single service",10.33,1,High,Ctt Express | InPost + Ctt Express | InPost,False
MAD_LOC_000032,2,PUDO,32,Bicicletas Y Calzado,"Av. de la Reina Victoria, 51",40.4464760248666,-3.712038422736115,240,28003.0,32 + 2881,InPost + UPS,Convenience Stores,Privada,Premises,Madrid,InPost + UPS,Convenience stores,Private,Premises,Madrid,Bicicletas Y Calzado + Bicicletas Y Reparacion De Calzado,"Av. de la Reina Victoria, 51 + Av. de la Reina Victoria, 51",28003 + 28003,,,,7 + 7,Convenience Store + Convenience Store,1,2,2,False,False,False,False,False,False,True,False,5,Convenience Store only,3,"Multiple companies, single service",7.81,1,High,InPost | UPS + InPost | UPS,False
MAD_LOC_000034,2,PUDO,34,El Jardin De Churruca,"C. de Churruca, 19",40.4282464373625,-3.701255507096815,240,28004.0,34 + 2624,InPost + Gls,Convenience Stores,Privada,Premises,Madrid,InPost + GLS,Convenience stores,Private,Premises,Madrid,El Jardin De Churruca + Ps El Jardín De Churruca,"C. de Churruca, 19 + C. de Churruca, 19",28004 + 28004,,,,7 + 7,Convenience Store + Convenience Store,1,2,2,False,False,False,False,False,False,True,False,5,Convenience Store only,3,"Multiple companies, single service",18.93,2,Medium,Gls | InPost + Gls | InPost,False
MAD_LOC_000036,3,PUDO,36,Fotocopias Javipar,"C. de Loreto y Chicote, 13",40.42176461610914,-3.704417658950803,360,28004.0,36 + 1361 + 2627,InPost + SEUR + Gls,Convenience Stores,Privada,Premises,Madrid,InPost + Seur + GLS,Convenience stores,Private,Premises,Madrid,Fotocopias Javipar + Fotocopias Javipar + Ps Fotocopias Javipar,"C. de Loreto y Chicote, 13 + C. de Loreto y Chicote, 13 + C. de Loreto y Chicote, 13",28004 + 28004 + 28004,,,,7 + 7 + 7,Convenience Store + Convenience Store + Convenience Store,1,3,3,False,False,False,False,False,False,True,False,5,Convenience Store only,3,"Multiple companies, single service",6.01,1,High,Gls | InPost | SEUR + Gls | InPost | SEUR + Gls | InPost | SEUR,False
MAD_LOC_000038,2,PUDO,38,El Jardin De Kika,"C. del Pez, 12",40.423582311000445,-3.70480713437651,240,28004.0,38 + 39,InPost + InPost,Convenience Stores,Privada,Premises,Madrid,InPost + InPost,Convenience stores,Private,Premises,Madrid,El Jardin De Kika + Copypez 12,"C. del Pez, 12 + C. del Pez, 12",28004 + 28004,,,,7 + 7,Convenience Store + Convenience Store,1,2,1,False,False,False,False,False,False,True,False,5,Convenience Store only,2,"Same company, multiple records",14.8,1,High,InPost + InPost,False
MAD_LOC_000040,3,PUDO,41,The Mad Plug,"C. de Valverde, 35",40.42321299232407,-3.701851524702363,360,28004.0,41 + 1923 + 2886,InPost + Dhl + UPS,Convenience Stores,Privada,Premises,Madrid,InPost + DHL + UPS,Convenience stores,Private,Premises,Madrid,The Mad Plug + Madplug + The Mad Plug,"C. de Valverde, 35 + C. de Valverde, 35 + C. de Valverde, 35",28004 + 28004 + 28004,,,,7 + 7 + 7,Convenience Store + Convenience Store + Convenience Store,1,3,3,False,False,False,False,False,False,True,False,5,Convenience Store only,3,"Multiple companies, single service",3.39,1,High,Dhl | InPost | UPS + Dhl | InPost | UPS + Dhl | InPost | UPS,False
MAD_LOC_000045,3,PUDO,46,Estanco Piramides,"P.o de las Acacias, 69",40.40123537596117,-3.713230986786067,360,28005.0,46 + 2062 + 2257,InPost + Celeritas + Ctt Express,Convenience Stores,Privada,Premises,Madrid,InPost + Celeritas + CTT Express,Convenience stores,Private,Premises,Madrid,Estanco Piramides + Estanco Piramides + Estanco Piramides,"P.º de las Acacias, 69 + P.º de las Acacias, 69 + P.º de las Acacias, 69",28005 + 28005 + 28005,,,,7 + 7 + 7,Convenience Store + Convenience Store + Convenience Store,1,3,3,False,False,False,False,False,False,True,False,5,Convenience Store only,3,"Multiple companies, single service",21.98,2,Medium,Celeritas | Ctt Express | InPost + Celeritas | Ctt Express | InPost + Celeritas | Ctt Express | InPost,False
MAD_LOC_000052,2,PUDO,53,Tr3sdland,"Pl. de Cascorro, 2",40.41134569917685,-3.707179527774775,240,28005.0,53 + 1378,InPost + SEUR,Convenience Stores,Privada,Premises,Madrid,InPost + Seur,Convenience stores,Private,Premises,Madrid,Tr3sdland + Tr3sdland,"Pl. de Cascorro, 2 + Pl. de Cascorro, 2",28005 + 28005,,,,7 + 7,Convenience Store + Convenience Store,1,2,2,False,False,False,False,False,False,True,False,5,Convenience Store only,3,"Multiple companies, single service",2.03,1,High,InPost | SEUR + InPost | SEUR,False
MAD_LOC_000053,3,PUDO,54,Quiosco Prensa Antonio,Pl. de Prta Cerrada S/N,40.41394567847163,-3.70843518499421,360,28005.0,54 + 2060 + 2255,InPost + Celeritas + Ctt Express,Convenience Stores,Privada,Premises,Madrid,InPost + Celeritas + CTT Express,Convenience stores,Private,Premises,Madrid,Quiosco Prensa Antonio + Prensa Antonio + Prensa Antonio,Pl. de Prta Cerrada S/N + Pl. de Prta Cerrada s/n + Pl. de Prta Cerrada s/n,28005 + 28005 + 28005,,,,7 + 7 + 7,Convenience Store + Convenience Store + Convenience Store,1,3,3,False,False,False,False,False,False,True,False,5,Convenience Store only,3,"Multiple companies, single service",12.56,1,High,Celeritas | Ctt Express | InPost + Celeritas | Ctt Express | InPost + Celeritas | Ctt Express | InPost,False
MAD_LOC_000058,4,PUDO,59,Cm26 Reprografia,"Calle de Maldonado, 26",40.43377467786855,-3.6813090609513974,480,28006.0,59 + 1385 + 2622 + 2894,InPost + SEUR + Gls + UPS,Convenience Stores,Privada,Premises,Madrid,InPost + Seur + GLS + UPS,Convenience stores,Private,Premises,Madrid,Cm26 Reprografia + Cm26 Reprografía + Ps Cm26 Reprografia + Cm26 Reprografia,"Calle de Maldonado, 26 + Calle de Maldonado, 26 + Calle de Maldonado, 26 + C. de Maldonado, 26",28006 + 28006 + 28006 + 28006,,,,7 + 7 + 7 + 7,Convenience Store + Convenience Store + Convenience Store + Convenience Store,1,4,4,False,False,False,False,False,False,True,False,5,Convenience Store only,3,"Multiple companies, single service",7.53,1,High,Gls | InPost | SEUR | UPS + Gls | InPost | SEUR | UPS + Gls | InPost | SEUR | UPS + Gls | InPost | SEUR | UPS,False
MAD_LOC_000059,3,PUDO,60,Estanco 837,"Calle del Gral. Pardiñas, 61",40.43207025249723,-3.678259413970307,360,28006.0,60 + 2067 + 2265,InPost + Celeritas + Ctt Express,Convenience Stores,Privada,Premises,Madrid,InPost + Celeritas + CTT Express,Convenience stores,Private,Premises,Madrid,Estanco 837 + Expendeduria 837 + Expendeduria 837,"Calle del Gral. Pardiñas, 61 + Calle del Gral. Pardiñas, 61 + Calle del Gral. Pardiñas, 61",28006 + 28006 + 28006,,,,7 + 7 + 7,Convenience Store + Convenience Store + Convenience Store,1,3,3,False,False,False,False,False,False,True,False,5,Convenience Store only,3,"Multiple companies, single service",3.35,1,High,Celeritas | Ctt Express | InPost + Celeritas | Ctt Express | InPost + Celeritas | Ctt Express | InPost,False
MAD_LOC_000062,2,PUDO,63,Herbolario Salamanca,"C. de Padilla, 52",40.431295202474104,-3.67776840157637,240,28006.0,63 + 2896,InPost + UPS,Convenience Stores,Privada,Premises,Madrid,InPost + UPS,Convenience stores,Private,Premises,Madrid,Herbolario Salamanca + Herbolario Salamanca,"C. de Padilla, 52 + C. de Padilla, 52",28006 + 28006,,,,7 + 7,Convenience Store + Convenience Store,1,2,2,False,False,False,False,False,False,True,False,5,Convenience Store only,3,"Multiple companies, single service",1.81,1,High,InPost | UPS + InPost | UPS,False
MAD_LOC_000063,3,PUDO,64,Locutorio Marandu,"Calle de Juan Bravo, 63",40.43287720993617,-3.6742434833520665,360,28006.0,64 + 1396 + 2272,InPost + SEUR + Ctt Express,Convenience Stores,Privada,Premises,Madrid,InPost + Seur + CTT Express,Convenience stores,Private,Premises,Madrid,Locutorio Marandu + Locutorio Marandu Jb + Locutorio Marandu Jb,"Calle de Juan Bravo, 63 + Calle de Juan Bravo, 63 + Calle de Juan Bravo, 63",28006 + 28006 + 28006,,,,7 + 7 + 7,Convenience Store + Convenience Store + Convenience Store,1,3,3,False,False,False,False,False,False,True,False,5,Convenience Store only,3,"Multiple companies, single service",24.37,2,Medium,Ctt Express | InPost | SEUR + Ctt Express | InPost | SEUR + Ctt Express | InPost | SEUR,False
MAD_LOC_000064,2,PUDO,65,24/7 Parking Juan Bravo,"Calle de Juan Bravo, 58",40.43236679819135,-3.67426250278364,120,28006.0,65 + 1397,InPost + SEUR,Locker,Privada,Parking,Madrid,InPost + Seur,Lockers,Private,Parking,Madrid,24/7 Parking Juan Bravo + Parking Bolto,"Calle de Juan Bravo, 58 + Calle de Juan Bravo, 58",28006 + 28006,,,,1 + 1,Locker + Locker,1,2,2,True,False,False,False,False,False,False,False,1,Locker only,3,"Multiple companies, single service",3.59,1,High,InPost | SEUR + InPost | SEUR,False
MAD_LOC_000067,2,PUDO,68,24/7 Gasolinera Repsol Es Mo,"Calle de María de Molina, 21",40.43823356198145,-3.68444865435326,120,28006.0,68 + 825,InPost + Amazon,Locker,Privada,Service Station,Madrid,InPost + Amazon,Lockers,Private,Service Station,Madrid,24/7 Gasolinera Repsol Es Mo + Lockers Marcos,"Calle de María de Molina, 21 + Calle de María de Molina, 21",28006 + 28006,,,,1 + 1,Locker + Locker,1,2,2,True,False,False,False,False,False,False,False,1,Locker only,3,"Multiple companies, single service",23.4,2,Medium,Amazon | InPost + Amazon | InPost,False
MAD_LOC_000068,2,PUDO,69,24/7 Parking,"Av. del Mediterráneo, 28 (garita)",40.4069586507282,-3.67341977589385,120,28007.0,69 + 1404,InPost + SEUR,Locker,Privada,Parking,Madrid,InPost + Seur,Lockers,Private,Parking,Madrid,24/7 Parking + Seur Lockers Parking Bolto,"Av. del Mediterráneo, 28 (garita) + Av. del Mediterráneo, 28",28007 + 28007,,,,1 + 1,Locker + Locker,1,2,2,True,False,False,False,False,False,False,False,1,Locker only,3,"Multiple companies, single service",19.79,2,Medium,InPost | SEUR + InPost | SEUR,False
MAD_LOC_000071,3,PUDO,72,Estanco Conde Casal,"C. del Dr. Esquerdo, 177",40.4060662985517,-3.67034969412123,360,28007.0,72 + 842 + 1401,InPost + Amazon + SEUR,Convenience Stores,Privada,Premises,Madrid,InPost + Amazon + Seur,Convenience stores,Private,Premises,Madrid,Estanco Conde Casal + Seur - Estanco Conde De Casal + Estanco Conde De Casal,"C. del Dr. Esquerdo, 177 + C. del Dr. Esquerdo, 177 + C. del Dr. Esquerdo, 177",28007 + 28007 + 28007,,,,7 + 7 + 7,Convenience Store + Convenience Store + Convenience Store,1,3,3,False,False,False,False,False,False,True,False,5,Convenience Store only,3,"Multiple companies, single service",3.63,1,High,Amazon | InPost | SEUR + Amazon | InPost | SEUR + Amazon | InPost | SEUR,False
MAD_LOC_000072,2,PUDO,73,Efecto 2000,"C. de Valderribas, 34",40.40418511408415,-3.675169742794365,180,28007.0,73 + 839,InPost + Amazon,Convenience Stores + Locker,Privada,Premises,Madrid,InPost + Amazon,Convenience stores + Lockers,Private,Premises,Madrid,Efecto 2000 + Amazon Locker - Echarri,"C. de Valderribas, 34 + C. de Valderribas, 34",28007 + 28007,,,,7 + 1,Convenience Store + Locker,1,2,2,True,False,False,False,False,False,True,False,7,Multiple services,4,"Multiple companies, multiple services",24.85,2,Medium,Amazon | InPost + Amazon | InPost,False
MAD_LOC_000074,4,PUDO,75,Sol Internacional 2,"C. de Granada, 46",40.40301693410605,-3.6753793339844023,480,28007.0,75 + 837 + 1407 + 2277,InPost + Amazon + SEUR + Ctt Express,Convenience Stores,Privada,Premises,Madrid,InPost + Amazon + Seur + CTT Express,Convenience stores,Private,Premises,Madrid,Sol Internacional 2 + Amazon Counter - Sol Internacional + Sol Internacional + Sol Internacional,"C. de Granada, 46 + C. de Granada, 46 + C. de Granada, 46 + C. de Granada, 46",28007 + 28007 + 28007 + 28007,,,,7 + 7 + 7 + 7,Convenience Store + Convenience Store + Convenience Store + Convenience Store,1,4,4,False,False,False,False,False,False,True,False,5,Convenience Store only,3,"Multiple companies, single service",10.19,1,High,Amazon | Ctt Express | InPost | SEUR + Amazon | Ctt Express | InPost | SEUR + Amazon | Ctt Express | InPost | SEUR + Amazon | Ctt Express | InPost | SEUR,False
MAD_LOC_000075,2,PUDO,76,Nirvana Espacio Holistico,"C. de Cavanilles, 10",40.407072889383,-3.6781805913987347,240,28007.0,76 + 1409,InPost + SEUR,Convenience Stores,Privada,Premises + Supermarket,Madrid,InPost + Seur,Convenience stores,Private,Premises + Supermarket,Madrid,Nirvana Espacio Holistico + Alimentacion Autoservicio,"C. de Cavanilles, 10 + C. de Cavanilles, 10",28007 + 28007,,,,7 + 7,Convenience Store + Convenience Store,1,2,2,False,False,False,False,False,False,True,False,5,Convenience Store only,3,"Multiple companies, single service",7.49,1,High,InPost | SEUR + InPost | SEUR,False
MAD_LOC_000076,2,PUDO,77,La Wash,"Av. de la Ciudad de Barcelona, 93",40.4002650546512,-3.672019205824335,120,28007.0,77 + 828,InPost + Amazon,Locker,Privada,Premises,Madrid,InPost + Amazon,Lockers,Private,Premises,Madrid,La Wash + Lockers - Virgo Lavanderia Autoservicio La Wash,"Av. de la Ciudad de Barcelona, 93 + Avenida de la Ciudad de Barcelona 93",28007 + 28007,,,,1 + 1,Locker + Locker,1,2,2,True,False,False,False,False,False,False,False,1,Locker only,3,"Multiple companies, single service",27.52,2,Medium,Amazon | InPost + Amazon | InPost,False
MAD_LOC_000083,4,PUDO,84,Na Tecnologia Market,"C. de Quintana, 9",40.42813860584525,-3.7168847144239074,420,28008.0,84 + 851 + 2288 + 3339,InPost + Amazon + Ctt Express + Correos,Convenience Stores + Locker,Privada + Pública,Premises + Locker,Madrid,InPost + Amazon + CTT Express + Correos Citypaq,Convenience stores + Locker,Private + Public,Premises + Locker,Madrid,Na Tecnologia Market + Amazon Counter - Ma Tecnologia Markt + Ma Tecnologia Markt + MADRID SUC 8. ARGÜELLES,"C. de Quintana, 9 + C. de Quintana, 9 + C. de Quintana, 9 + Martin De Los Heros, 57",28008 + 28008 + 28008,Correos CityPaq,Possibly new,,7 + 7 + 7 + 1,Convenience Store + Convenience Store + Convenience Store + Locker,1,4,4,True,False,False,False,False,False,True,False,7,Multiple services,4,"Multiple companies, multiple services",25.8,2,Medium,Amazon | Correos | Ctt Express | InPost + Amazon | Correos | Ctt Express | InPost + Amazon | Correos | Ctt Express | InPost + Amazon | Correos | Ctt Express | InPost,False
MAD_LOC_000084,5,PUDO,85,Estanco 804,"C. de Romero Robledo, 9",40.43243331216591,-3.719463646925206,480,28008.0,85 + 852 + 1419 + 1420 + 1791,InPost + Amazon + SEUR + SEUR + SEUR,Convenience Stores + Locker,Privada,Premises + Parking,Madrid,InPost + Amazon + Seur + Seur + Seur,Convenience stores + Lockers,Private,Premises + Parking,Madrid,Estanco 804 + Seur - Estanco 804 + Estanco 804 + Seur Lockers Parking Bolto + Seur Lockers Parking Bolto,"C. de Romero Robledo, 9 + C. de Romero Robledo, 9 + C. de Romero Robledo, 9 + C. de Romero Robledo, 9 + C. de Romero Robledo, 9",28008 + 28008 + 28008 + 28008 + 28040,,,,7 + 7 + 7 + 1 + 1,Convenience Store + Convenience Store + Convenience Store + Locker + Locker,1,5,3,True,False,False,False,False,False,True,False,7,Multiple services,4,"Multiple companies, multiple services",27.48,2,Medium,Amazon | InPost | SEUR + Amazon | InPost | SEUR + Amazon | InPost | SEUR + Amazon | InPost | SEUR + Amazon | InPost | SEUR,False
MAD_LOC_000087,2,PUDO,88,Locker 24/7 Grupo Bolton Princi,"Cta. de San Vicente, 38",40.42073559197455,-3.7175512062941296,120,28008.0,88 + 1425,InPost + SEUR,Locker,Privada,Parking,Madrid,InPost + Seur,Lockers,Private,Parking,Madrid,Locker 24/7 Grupo Bolton Princi + Seur Lockers Parking Bolto,"Cta. de San Vicente, 38 + Cta. de San Vicente, 38",28008 + 28008,,,,1 + 1,Locker + Locker,1,2,2,True,False,False,False,False,False,False,False,1,Locker only,3,"Multiple companies, single service",11.98,1,High,InPost | SEUR + InPost | SEUR,False
MAD_LOC_000091,4,PUDO,92,Supermarket,"P.o de la Florida, 23",40.42212032266512,-3.722292762099265,480,28008.0,92 + 1938 + 2285 + 2903,InPost + Dhl + Ctt Express + UPS,Convenience Stores,Privada,Supermarket,Madrid,InPost + DHL + CTT Express + UPS,Convenience stores,Private,Supermarket,Madrid,Supermarket + Supermarket E.M + Supermarket E.M. + Supermarket Em,"P.º de la Florida, 23 + P.º de la Florida, 23 + P.º de la Florida, 23 + P.º de la Florida, 23",28008 + 28008 + 28008 + 28008,,,,7 + 7 + 7 + 7,Convenience Store + Convenience Store + Convenience Store + Convenience Store,1,4,4,False,False,False,False,False,False,True,False,5,Convenience Store only,3,"Multiple companies, single service",16.37,2,Medium,Ctt Express | Dhl | InPost | UPS + Ctt Express | Dhl | InPost | UPS + Ctt Express | Dhl | InPost | UPS + Ctt Express | Dhl | InPost | UPS,False
MAD_LOC_000092,3,PUDO,93,Enmarcaciones Cuadros Tiziano,"C/ del Alcalde Sainz de Baranda, 11",40.41729453959527,-3.6765665751680268,360,28009.0,93 + 1427 + 2292,InPost + SEUR + Ctt Express,Convenience Stores,Privada,Premises,Madrid,InPost + Seur + CTT Express,Convenience stores,Private,Premises,Madrid,Enmarcaciones Cuadros Tiziano + Leurs Flurs + Estanco Narvaez,"C/ del Alcalde Sainz de Baranda, 11 + C. de Narváez, 76 + C. de Narváez, 76",28009 + 28009 + 28009,,,,7 + 7 + 7,Convenience Store + Convenience Store + Convenience Store,1,3,3,False,False,False,False,False,False,True,False,5,Convenience Store only,3,"Multiple companies, single service",13.44,1,High,Ctt Express | InPost | SEUR + Ctt Express | InPost | SEUR + Ctt Express | InPost | SEUR,False
MAD_LOC_000094,2,PUDO,95,Locutorio Luzcar,"C/ del Alcalde Sainz de Baranda, 54",40.4165234119083,-3.671010822668935,240,28009.0,95 + 1430,InPost + SEUR,Convenience Stores,Privada,Premises,Madrid,InPost + Seur,Convenience stores,Private,Premises,Madrid,Locutorio Luzcar + Locutorio Luzcar,"C/ del Alcalde Sainz de Baranda, 54 + C/ del Alcalde Sainz de Baranda, 54",28009 + 28009,,,,7 + 7,Convenience Store + Convenience Store,1,2,2,False,False,False,False,False,False,True,False,5,Convenience Store only,3,"Multiple companies, single service",8.12,1,High,InPost | SEUR + InPost | SEUR,False
MAD_LOC_000098,2,PUDO,99,Afg Lombia,"C. de Lombía, 12",40.42521884857125,-3.672772829757445,240,28009.0,99 + 2072,InPost + Celeritas,Convenience Stores,Privada,Premises,Madrid,InPost + Celeritas,Convenience stores,Private,Premises,Madrid,Afg Lombia + Prensa Y Revistas Lombia,"C. de Lombía, 12 + C. de Lombía, 12",28009 + 28009,,,,7 + 7,Convenience Store + Convenience Store,1,2,2,False,False,False,False,False,False,True,False,5,Convenience Store only,3,"Multiple companies, single service",3.06,1,High,Celeritas | InPost + Celeritas | InPost,False
MAD_LOC_000102,2,PUDO,103,Serrin Ultramarinos Chamberi,calle de alonso cano 10,40.4363627245395,-3.697544834465105,180,28010.0,103 + 858,InPost + Amazon,Convenience Stores + Locker,Privada,Supermarket,Madrid,InPost + Amazon,Convenience stores + Lockers,Private,Supermarket,Madrid,Serrin Ultramarinos Chamberi + Lockersbáscula,"calle de alonso cano 10 + Calle de Viriato, 55",28010 + 28010,,,,7 + 1,Convenience Store + Locker,1,2,2,True,False,False,False,False,False,True,False,7,Multiple services,4,"Multiple companies, multiple services",9.13,1,High,Amazon | InPost + Amazon | InPost,False
MAD_LOC_000103,2,PUDO,104,Locker Supermercado Dia Manuel,"Calle de Manuel Silvela, 9",40.42946680186425,-3.6987296350681103,120,28010.0,104 + 859,InPost + Amazon,Locker,Privada,Supermarket,Madrid,InPost + Amazon,Lockers,Private,Supermarket,Madrid,Locker Supermercado Dia Manuel + Lockers Galian,"Calle de Manuel Silvela, 9 + Calle de Manuel Silvela, 9",28010 + 28010,,,,1 + 1,Locker + Locker,1,2,2,True,False,False,False,False,False,False,False,1,Locker only,3,"Multiple companies, single service",13.77,1,High,Amazon | InPost + Amazon | InPost,False
MAD_LOC_000105,3,PUDO,106,Papeleria Ap,"Calle de García de Paredes, 84",40.436740679344865,-3.6927841816628733,360,28010.0,106 + 1435 + 2654,InPost + SEUR + Gls,Convenience Stores,Privada,Premises,Madrid,InPost + Seur + GLS,Convenience stores,Private,Premises,Madrid,Papeleria Ap + Papeleria Ap + Ps Acuatro,"Calle de García de Paredes, 84 + Calle de García de Paredes, 84 + Calle de García de Paredes, 84",28010 + 28010 + 28010,,,,7 + 7 + 7,Convenience Store + Convenience Store + Convenience Store,1,3,3,False,False,False,False,False,False,True,False,5,Convenience Store only,3,"Multiple companies, single service",26.22,2,Medium,Gls | InPost | SEUR + Gls | InPost | SEUR + Gls | InPost | SEUR,False
MAD_LOC_000109,8,PUDO,110,Locutorio Mila,"C. del Cardenal Cisneros, 64",40.434492718824785,-3.702727047782026,900,28010.0,110 + 866 + 1437 + 2076 + 2298 + 2303 + 2655 + 2790,InPost + Amazon + SEUR + Celeritas + Ctt Express + Ctt Express + Gls + Nacex,Locker + Convenience Stores,Privada,Premises,Madrid,InPost + Amazon + Seur + Celeritas + CTT Express + CTT Express + GLS + Nacex,Lockers + Convenience stores,Private,Premises,Madrid,Locutorio Mila + Seur - Locutorio Mila + Locutorio Mila + Locutorio Mila + Locutorio Mila + Locutorio Mila + Ps Locutorio Mila Nuevo + Locutorio Mila (2853-20),"C. del Cardenal Cisneros, 64 + C. del Cardenal Cisneros, 64 + C. del Cardenal Cisneros, 64 + C. del Cardenal Cisneros, 64 + C. del Cardenal Cisneros, 64 + C. del Cardenal Cisneros, 64 + C. del Cardenal Cisneros, 64 + C. del Cardenal Cisneros, 64",28010 + 28010 + 28010 + 28010 + 28010 + 28010 + 28010 + 28010,,,,1 + 7 + 7 + 7 + 7 + 7 + 7 + 7,Locker + Convenience Store + Convenience Store + Convenience Store + Convenience Store + Convenience Store + Convenience Store + Convenience Store,1,8,7,True,False,False,False,False,False,True,False,7,Multiple services,4,"Multiple companies, multiple services",9.35,1,High,Amazon | Celeritas | Ctt Express | Gls | InPost | Nacex | SEUR + Amazon | Celeritas | Ctt Express | Gls | InPost | Nacex | SEUR + Amazon | Celeritas | Ctt Express | Gls | InPost | Nacex | SEUR + Amazon | Celeritas | Ctt Express | Gls | InPost | Nacex | SEUR + Amazon | Celeritas | Ctt Express | Gls | InPost | Nacex | SEUR + Amazon | Celeritas | Ctt Express | Gls | InPost | Nacex | SEUR + Amazon | Celeritas | Ctt Express | Gls | InPost | Nacex | SEUR + Amazon | Celeritas | Ctt Express | Gls | InPost | Nacex | SEUR,False
MAD_LOC_000110,2,PUDO,111,Locker 24/7 Parking Bravo Muril,"C. de Bravo Murillo, 30",40.437047491528446,-3.7039129886305346,180,28010.0,111 + 1479,InPost + SEUR,Convenience Stores + Locker,Privada,Parking,Madrid,InPost + Seur,Convenience stores + Lockers,Private,Parking,Madrid,Locker 24/7 Parking Bravo Muril + Seur Lockers Parking Queve,"C. de Bravo Murillo, 30 + C. de Bravo Murillo, 30",28010 + 28015,,,,7 + 1,Convenience Store + Locker,1,2,2,True,False,False,False,False,False,True,False,7,Multiple services,4,"Multiple companies, multiple services",13.45,1,High,InPost | SEUR + InPost | SEUR,False
MAD_LOC_000111,3,PUDO,112,Estanco Batan Tabaco Y Loteria,"C. de Villamanín, 33",40.4068932495897,-3.7525532737979965,360,28011.0,112 + 1943 + 2910,InPost + Dhl + UPS,Convenience Stores,Privada,Premises,Madrid,InPost + DHL + UPS,Convenience stores,Private,Premises,Madrid,Estanco Batan Tabaco Y Loteria + Estanco Batan Metro + Estanco Batan Metro,"C. de Villamanín, 33 + C. de Villamanín, 33 + C. de Villamanín, 33",28011 + 28011 + 28011,,,,7 + 7 + 7,Convenience Store + Convenience Store + Convenience Store,1,3,3,False,False,False,False,False,False,True,False,5,Convenience Store only,3,"Multiple companies, single service",11.05,1,High,Dhl | InPost | UPS + Dhl | InPost | UPS + Dhl | InPost | UPS,False
MAD_LOC_000112,3,PUDO,113,Alimentacion Amigos,"C. de El Greco, 27",40.40754630329313,-3.7470995541630336,360,28011.0,113 + 2077 + 2306,InPost + Celeritas + Ctt Express,Convenience Stores,Privada,Premises,Madrid,InPost + Celeritas + CTT Express,Convenience stores,Private,Premises,Madrid,Alimentacion Amigos + Alimentacion Amigos + Alimentacion Amigos,"C. de El Greco, 27 + C. de El Greco, 27 + C. de El Greco, 27 LOCAL 6",28011 + 28011 + 28011,,,,7 + 7 + 7,Convenience Store + Convenience Store + Convenience Store,1,3,3,False,False,False,False,False,False,True,False,5,Convenience Store only,3,"Multiple companies, single service",28.18,2,Medium,Celeritas | Ctt Express | InPost + Celeritas | Ctt Express | InPost + Celeritas | Ctt Express | InPost,False
MAD_LOC_000113,2,PUDO,114,Expenduderia 747,"Calle de Villagarcía, 2",40.404889879118954,-3.754151054299565,240,28011.0,114 + 2911,InPost + UPS,Convenience Stores,Privada,Premises,Madrid,InPost + UPS,Convenience stores,Private,Premises,Madrid,Expenduderia 747 + Fnx-Estanco 747 Batan,"Calle de Villagarcía, 2 + Calle de Villagarcía, 2",28011 + 28011,,,,7 + 7,Convenience Store + Convenience Store,1,2,2,False,False,False,False,False,False,True,False,5,Convenience Store only,3,"Multiple companies, single service",17.98,2,Medium,InPost | UPS + InPost | UPS,False
MAD_LOC_000115,2,PUDO,116,Locker 24/7 Repsol Es El Batan,"Carretera Extremadura, Km 5,400 N 298",40.401622368365395,-3.76181781907782,120,28011.0,116 + 870,InPost + Amazon,Locker,Privada,Service Station,Madrid,InPost + Amazon,Lockers,Private,Service Station,Madrid,Locker 24/7 Repsol Es El Batan + Amazon Locker - Tranquila Repsol,"Carretera Extremadura, Km 5,400 N 298 + Carretera Extremadura, Km 5,400 N 298",28011 + 28011,,,,1 + 1,Locker + Locker,1,2,2,True,False,False,False,False,False,False,False,1,Locker only,3,"Multiple companies, single service",4.35,1,High,Amazon | InPost + Amazon | InPost,False
MAD_LOC_000117,4,PUDO,118,Mundo Movil 2,"C. de Cebreros, 12",40.4052026702255,-3.74256649797563,480,28011.0,118 + 875 + 1444 + 1946,InPost + Amazon + SEUR + Dhl,Convenience Stores,Privada,Premises,Madrid,InPost + Amazon + Seur + DHL,Convenience stores,Private,Premises,Madrid,Mundo Movil 2 + Seur - Mundo Movil 2 + Mundo Movil 2 + Mundo Movil,"C. de Cebreros, 12 + C. de Cebreros, 12 + C. de Cebreros, 12 + C. de Cebreros, 12",28011 + 28011 + 28011 + 28011,,,,7 + 7 + 7 + 7,Convenience Store + Convenience Store + Convenience Store + Convenience Store,1,4,4,False,False,False,False,False,False,True,False,5,Convenience Store only,3,"Multiple companies, single service",25.61,2,Medium,Amazon | Dhl | InPost | SEUR + Amazon | Dhl | InPost | SEUR + Amazon | Dhl | InPost | SEUR + Amazon | Dhl | InPost | SEUR,False
MAD_LOC_000119,2,PUDO,120,Optica Pedro Martin,"C. Jaime Tercero, 25",40.408756037442444,-3.7321519705843897,240,28011.0,120 + 2836,InPost + Nacex,Convenience Stores,Privada,Premises,Madrid,InPost + Nacex,Convenience stores,Private,Premises,Madrid,Optica Pedro Martin + Optica Pedro Martin (2886-15),"C. Jaime Tercero, 25 + C. Jaime Tercero, 25",28011 + 28011,,,,7 + 7,Convenience Store + Convenience Store,1,2,2,False,False,False,False,False,False,True,False,5,Convenience Store only,3,"Multiple companies, single service",17.49,2,Medium,InPost | Nacex + InPost | Nacex,False
MAD_LOC_000129,2,PUDO,130,Bazar El Chollo,"C. de la Cruz, 3",40.416411969311355,-3.70073033563474,240,28012.0,130 + 2915,InPost + UPS,Convenience Stores,Privada,Premises,Madrid,InPost + UPS,Convenience stores,Private,Premises,Madrid,Bazar El Chollo + Cbd Premium Store,"C. de la Cruz, 3 + C. de la Cruz, 3",28012 + 28012,,,,7 + 7,Convenience Store + Convenience Store,1,2,2,False,False,False,False,False,False,True,False,5,Convenience Store only,3,"Multiple companies, single service",2.93,1,High,InPost | UPS + InPost | UPS,False
MAD_LOC_000131,3,PUDO,132,Estanco Tirso De Molina,"Calle del Dr Cortezo, 17",40.412847115554364,-3.70380898760205,360,28012.0,132 + 2082 + 2316,InPost + Celeritas + Ctt Express,Convenience Stores,Privada,Premises,Madrid,InPost + Celeritas + CTT Express,Convenience stores,Private,Premises,Madrid,Estanco Tirso De Molina + Estanco De Tirso + Estanco De Tirso,"Calle del Dr Cortezo, 17 + Calle del Dr Cortezo, 17 + Calle del Dr Cortezo, 17",28012 + 28012 + 28012,,,,7 + 7 + 7,Convenience Store + Convenience Store + Convenience Store,1,3,3,False,False,False,False,False,False,True,False,5,Convenience Store only,3,"Multiple companies, single service",4.63,1,High,Celeritas | Ctt Express | InPost + Celeritas | Ctt Express | InPost + Celeritas | Ctt Express | InPost,False
MAD_LOC_000135,3,PUDO,136,24h Market,"Cost.a de los Ángeles, 15",40.41987030316557,-3.708135625891,360,28013.0,136 + 1463 + 2659,InPost + SEUR + Gls,Convenience Stores,Privada,Supermarket + Premises,Madrid,InPost + Seur + GLS,Convenience stores,Private,Supermarket + Premises,Madrid,24h Market + 24h Market + Ps Locutorio Pars Market,"Cost.ª de los Ángeles, 15 + Cost.ª de los Ángeles, 15 + Cost.ª de los Ángeles, 15",28013 + 28013 + 28013,,,,7 + 7 + 7,Convenience Store + Convenience Store + Convenience Store,1,3,3,False,False,False,False,False,False,True,False,5,Convenience Store only,3,"Multiple companies, single service",20.91,2,Medium,Gls | InPost | SEUR + Gls | InPost | SEUR + Gls | InPost | SEUR,False
MAD_LOC_000136,3,PUDO,137,Pharma La Font,"C. de las Fuentes, 7",40.41731320102487,-3.7087226755920635,360,28013.0,137 + 1950 + 2916,InPost + Dhl + UPS,Convenience Stores,Privada,Premises,Madrid,InPost + DHL + UPS,Convenience stores,Private,Premises,Madrid,Pharma La Font + Pharma La Font + Pharma La Font,"C. de las Fuentes, 7 + C. de las Fuentes, 7 + C. de las Fuentes, 7",28013 + 28013 + 28013,,,,7 + 7 + 7,Convenience Store + Convenience Store + Convenience Store,1,3,3,False,False,False,False,False,False,True,False,5,Convenience Store only,3,"Multiple companies, single service",8.19,1,High,Dhl | InPost | UPS + Dhl | InPost | UPS + Dhl | InPost | UPS,False
MAD_LOC_000137,2,PUDO,138,Locker 24/7 Parking Pl Del Carm,"C. de la Salud, 2",40.418608164957,-3.7041224501496597,120,28013.0,138 + 1464,InPost + SEUR,Locker,Privada,Parking,Madrid,InPost + Seur,Lockers,Private,Parking,Madrid,Locker 24/7 Parking Pl Del Carm + Seur Lockers Parking Bolto,"C. de la Salud, 2 + C. de la Salud, 2",28013 + 28013,,,,1 + 1,Locker + Locker,1,2,2,True,False,False,False,False,False,False,False,1,Locker only,3,"Multiple companies, single service",4.55,1,High,InPost | SEUR + InPost | SEUR,False
MAD_LOC_000138,2,PUDO,139,Locker 24/7 Apk2 Plaza De Orien,"Pl. de Ote., s/n, Centro",40.41618920030045,-3.7133693537249,120,28013.0,139 + 888,InPost + Amazon,Locker,Privada + Pública,Parking + Public Infrastructure,Madrid,InPost + Amazon,Lockers,Private + Public,Parking + Public Infrastructure,Madrid,Locker 24/7 Apk2 Plaza De Orien + Lockers University,"Pl. de Ote., s/n, Centro + Pl. de Ote., s/n",28013 + 28013,,,,1 + 1,Locker + Locker,1,2,2,True,False,False,False,False,False,False,False,1,Locker only,3,"Multiple companies, single service",2.48,1,High,Amazon | InPost + Amazon | InPost,False
MAD_LOC_000145,2,PUDO,146,Solfai,"C. de Andrés Mellado, 33",40.43389825835235,-3.7145253817299553,240,28015.0,146 + 2663,InPost + Gls,Convenience Stores,Privada,Premises,Madrid,InPost + GLS,Convenience stores,Private,Premises,Madrid,Solfai + Ps Autoescuela Moretti,"C. de Andrés Mellado, 33 + C. de Andrés Mellado, 33",28015 + 28015,,,,7 + 7,Convenience Store + Convenience Store,1,2,2,False,False,False,False,False,False,True,False,5,Convenience Store only,3,"Multiple companies, single service",4.56,1,High,Gls | InPost + Gls | InPost,False
MAD_LOC_000147,3,PUDO,148,Locker 24/7 Indigo Quevedo,"C. de Rodríguez San Pedro, 8",40.43188722249486,-3.7067277190849133,240,28015.0,148 + 1475 + 3133,InPost + SEUR + Pudo,Locker + Click&Collect,Privada,Parking,Madrid,InPost + Seur + PUDO,Lockers + Click&Collect,Private,Parking,Madrid,Locker 24/7 Indigo Quevedo + Seur Lockers Pk Quevedo + Parking Indigo Quevedo,"C. de Rodríguez San Pedro, 8 + C. de Rodríguez San Pedro, 8 + C. de Rodríguez San Pedro, 8",28015 + 28015 + 28015,,,,1 + 1 + 3,Locker + Locker + Click & Collect,1,3,3,True,False,True,False,False,False,False,False,7,Multiple services,4,"Multiple companies, multiple services",17.34,2,Medium,InPost | Pudo | SEUR + InPost | Pudo | SEUR + InPost | Pudo | SEUR,False
MAD_LOC_000148,3,PUDO,149,Locutorio Samy,"Calle de Antonio Grilo, 6",40.4237059038947,-3.707865476412667,360,28015.0,149 + 1478 + 2340,InPost + SEUR + Ctt Express,Convenience Stores,Privada,Premises,Madrid,InPost + Seur + CTT Express,Convenience stores,Private,Premises,Madrid,Locutorio Samy + Locutorio Samy + Locutorio Samy,"Calle de Antonio Grilo, 6 + Calle de Antonio Grilo, 6 + Calle de Antonio Grilo, 6",28015 + 28015 + 28015,,,,7 + 7 + 7,Convenience Store + Convenience Store + Convenience Store,1,3,3,False,False,False,False,False,False,True,False,5,Convenience Store only,3,"Multiple companies, single service",8.61,1,High,Ctt Express | InPost | SEUR + Ctt Express | InPost | SEUR + Ctt Express | InPost | SEUR,False
MAD_LOC_000150,2,PUDO,151,Movil Shop,"C. de Bravo Murillo, 11",40.4349525796065,-3.704601629035275,240,28015.0,151 + 2668,InPost + Gls,Convenience Stores,Privada,Premises,Madrid,InPost + GLS,Convenience stores,Private,Premises,Madrid,Movil Shop + Ps Movil Shop,"C. de Bravo Murillo, 11 + C. de Bravo Murillo, 11",28015 + 28015,,,,7 + 7,Convenience Store + Convenience Store,1,2,2,False,False,False,False,False,False,True,False,5,Convenience Store only,3,"Multiple companies, single service",19.49,2,Medium,Gls | InPost + Gls | InPost,False
MAD_LOC_000151,6,PUDO,152,Don Lector,"C. de Fernández de los Ríos, 60",40.43550231942527,-3.711596361976907,720,28015.0,152 + 912 + 1952 + 2085 + 2334 + 2665,InPost + Amazon + Dhl + Celeritas + Ctt Express + Gls,Convenience Stores,Privada,Premises,Madrid,InPost + Amazon + DHL + Celeritas + CTT Express + GLS,Convenience stores,Private,Premises,Madrid,Don Lector + Amazon Counter - Don Lector + De Buenas Tinta Chamberi + Don Lector + Happysim Fibra Express + Ps Don Lector,"C. de Fernández de los Ríos, 60 + C. de Fernández de los Ríos, 60 + C. de Fernández de los Ríos, 77 + C. de Fernández de los Ríos, 60 + C. de Blasco de Garay, 43 + C. de Fernández de los Ríos, 60",28015 + 28015 + 28015 + 28015 + 28015 + 28015,,,,7 + 7 + 7 + 7 + 7 + 7,Convenience Store + Convenience Store + Convenience Store + Convenience Store + Convenience Store + Convenience Store,1,6,6,False,False,False,False,False,False,True,False,5,Convenience Store only,3,"Multiple companies, single service",20.63,2,Medium,Amazon | Celeritas | Ctt Express | Dhl | Gls | InPost + Amazon | Celeritas | Ctt Express | Dhl | Gls | InPost + Amazon | Celeritas | Ctt Express | Dhl | Gls | InPost + Amazon | Celeritas | Ctt Express | Dhl | Gls | InPost + Amazon | Celeritas | Ctt Express | Dhl | Gls | InPost + Amazon | Celeritas | Ctt Express | Dhl | Gls | InPost,False
MAD_LOC_000153,3,PUDO,154,Locker 24/7 Saba Plaza Mostense,"Pl. de los Mostenses, S/N",40.437622284385235,-3.7045188070920365,300,28015.0,154 + 155 + 2339,InPost + InPost + Ctt Express,Locker + Convenience Stores,Privada,Parking + Premises,Madrid,InPost + InPost + CTT Express,Lockers + Convenience stores,Private,Parking + Premises,Madrid,Locker 24/7 Saba Plaza Mostense + Frutos Secos Carmen + Frutos Secos Carmen,"Pl. de los Mostenses, S/N + C. de Bravo Murillo, 41 + C. de Bravo Murillo, 41",28015 + 28015 + 28015,,,,1 + 7 + 7,Locker + Convenience Store + Convenience Store,1,3,2,True,False,False,False,False,False,True,False,7,Multiple services,4,"Multiple companies, multiple services",6.0,1,High,Ctt Express | InPost + Ctt Express | InPost + Ctt Express | InPost,False
MAD_LOC_000159,4,PUDO,161,Alimentacion Xiaofen,"Av. de Alfonso XIII, 145",40.46047039932573,-3.6756289183824826,480,28016.0,161 + 933 + 2346 + 2672,InPost + Amazon + Ctt Express + Gls,Convenience Stores,Privada,Premises,Madrid,InPost + Amazon + CTT Express + GLS,Convenience stores,Private,Premises,Madrid,Alimentacion Xiaofen + Amazon Counter - Alimentacion Xiaofen + Alimentacion Xiaofen + Ps Alimentacion Xiaofen,"Av. de Alfonso XIII, 145 + Av. de Alfonso XIII, 145 + Av. de Alfonso XIII, 145 + Av. de Alfonso XIII, 145",28016 + 28016 + 28016 + 28016,,,,7 + 7 + 7 + 7,Convenience Store + Convenience Store + Convenience Store + Convenience Store,1,4,4,False,False,False,False,False,False,True,False,5,Convenience Store only,3,"Multiple companies, single service",22.68,2,Medium,Amazon | Ctt Express | Gls | InPost + Amazon | Ctt Express | Gls | InPost + Amazon | Ctt Express | Gls | InPost + Amazon | Ctt Express | Gls | InPost,False
MAD_LOC_000160,8,PUDO,162,Estanco Infanta - Paseo Habana,"C. de la Infanta María Teresa, 8",40.45427500083001,-3.6813469629998576,960,28016.0,162 + 926 + 927 + 930 + 1489 + 1955 + 2089 + 2923,InPost + Amazon + Amazon + Amazon + SEUR + Dhl + Celeritas + UPS,Convenience Stores,Privada,Premises,Madrid,InPost + Amazon + Amazon + Amazon + Seur + DHL + Celeritas + UPS,Convenience stores,Private,Premises,Madrid,Estanco Infanta - Paseo Habana + Estanco Bernabéu - Paseo Habana + Amazon Counter - Estanco Bernabéu - Paseo Habana + Seur Estanco 869 + Estanco 869 Madrid + Estanco 869 Madrid + Expendeduria 869 + Estanco 869 Madrid,"C. de la Infanta María Teresa, 8 + C. de la Infanta María Teresa, 8 + C. de la Infanta María Teresa, 8 + C. de la Infanta María Teresa, 8 + C. de la Infanta María Teresa, 8 + C. de la Infanta María Teresa, 8 + C. de la Infanta María Teresa, 8 + C. de la Infanta María Teresa, 8",28016 + 28016 + 28016 + 28016 + 28016 + 28016 + 28016 + 28016,,,,7 + 7 + 7 + 7 + 7 + 7 + 7 + 7,Convenience Store + Convenience Store + Convenience Store + Convenience Store + Convenience Store + Convenience Store + Convenience Store + Convenience Store,1,8,6,False,False,False,False,False,False,True,False,5,Convenience Store only,3,"Multiple companies, single service",26.05,2,Medium,Amazon | Celeritas | Dhl | InPost | SEUR | UPS + Amazon | Celeritas | Dhl | InPost | SEUR | UPS + Amazon | Celeritas | Dhl | InPost | SEUR | UPS + Amazon | Celeritas | Dhl | InPost | SEUR | UPS + Amazon | Celeritas | Dhl | InPost | SEUR | UPS + Amazon | Celeritas | Dhl | InPost | SEUR | UPS + Amazon | Celeritas | Dhl | InPost | SEUR | UPS + Amazon | Celeritas | Dhl | InPost | SEUR | UPS,False
MAD_LOC_000161,6,PUDO,163,Estanco 416 Y Loterias,"C. de la Drácena, 19",40.4634389305072,-3.6711001998383463,720,28016.0,163 + 1490 + 2092 + 2342 + 2797 + 2925,InPost + SEUR + Celeritas + Ctt Express + Nacex + UPS,Convenience Stores,Privada,Premises,Madrid,InPost + Seur + Celeritas + CTT Express + Nacex + UPS,Convenience stores,Private,Premises,Madrid,Estanco 416 Y Loterias + Estanco 416 Y Loterias + Estanco 416 + Estanco 416 + Estanco Nº 416 Madrid (2846-03) + Fnx-Estanco 416,"C. de la Drácena, 19 + C. de la Drácena, 19 + C. de la Drácena, 19 + C. de la Drácena, 19 + C. de la Drácena, 19 + C. de la Drácena, 19",28016 + 28016 + 28016 + 28016 + 28016 + 28016,,,,7 + 7 + 7 + 7 + 7 + 7,Convenience Store + Convenience Store + Convenience Store + Convenience Store + Convenience Store + Convenience Store,1,6,6,False,False,False,False,False,False,True,False,5,Convenience Store only,3,"Multiple companies, single service",15.69,2,Medium,Celeritas | Ctt Express | InPost | Nacex | SEUR | UPS + Celeritas | Ctt Express | InPost | Nacex | SEUR | UPS + Celeritas | Ctt Express | InPost | Nacex | SEUR | UPS + Celeritas | Ctt Express | InPost | Nacex | SEUR | UPS + Celeritas | Ctt Express | InPost | Nacex | SEUR | UPS + Celeritas | Ctt Express | InPost | Nacex | SEUR | UPS,False
MAD_LOC_000162,3,PUDO,164,Unioptica,CALLE VICTOR DE LA SERNA 7,40.467004936794496,-3.67366017489083,360,28016.0,164 + 165 + 1491,InPost + InPost + SEUR,Convenience Stores,Privada,Premises,Madrid,InPost + InPost + Seur,Convenience stores,Private,Premises,Madrid,Unioptica + Agm Arora Gestiones Y Mensajeri + Arora Gestiones Agm,"CALLE VICTOR DE LA SERNA 7 + C. de los Caídos de la División Azul, 18 + C. de los Caídos de la División Azul, 18",28016 + 28016 + 28016,,,,7 + 7 + 7,Convenience Store + Convenience Store + Convenience Store,1,3,2,False,False,False,False,False,False,True,False,5,Convenience Store only,3,"Multiple companies, single service",22.41,2,Medium,InPost | SEUR + InPost | SEUR + InPost | SEUR,False
MAD_LOC_000163,3,PUDO,166,Autoescuela Villajimena,"C. de Fco. Villaespesa, 10",40.429177232781534,-3.6452481170870965,360,28017.0,166 + 944 + 1496,InPost + Amazon + SEUR,Convenience Stores,Privada,Premises,Madrid,InPost + Amazon + Seur,Convenience stores,Private,Premises,Madrid,Autoescuela Villajimena + Seur - Autoescuela Villajimena + Autoescuela Villajimena,"C. de Fco. Villaespesa, 10 + C. de Fco. Villaespesa, 10 + C. de Fco. Villaespesa, 10",28017 + 28017 + 28017,,,,7 + 7 + 7,Convenience Store + Convenience Store + Convenience Store,1,3,3,False,False,False,False,False,False,True,False,5,Convenience Store only,3,"Multiple companies, single service",7.29,1,High,Amazon | InPost | SEUR + Amazon | InPost | SEUR + Amazon | InPost | SEUR,False
MAD_LOC_000166,4,PUDO,169,Papeleria Minfi,"C. de Emilio Ferrari, 88",40.42901798508435,-3.639463283340443,480,28017.0,169 + 2094 + 2348 + 2927,InPost + Celeritas + Ctt Express + UPS,Convenience Stores,Privada,Premises,Madrid,InPost + Celeritas + CTT Express + UPS,Convenience stores,Private,Premises,Madrid,Papeleria Minfi + Papeleria Minfi + Papeleria Minfi + Papeleria Minfi,"C. de Emilio Ferrari, 88 + C. de Emilio Ferrari, 88 + C. de Emilio Ferrari, 88 + C. de Emilio Ferrari, 88",28017 + 28017 + 28017 + 28017,,,,7 + 7 + 7 + 7,Convenience Store + Convenience Store + Convenience Store + Convenience Store,1,4,4,False,False,False,False,False,False,True,False,5,Convenience Store only,3,"Multiple companies, single service",8.73,1,High,Celeritas | Ctt Express | InPost | UPS + Celeritas | Ctt Express | InPost | UPS + Celeritas | Ctt Express | InPost | UPS + Celeritas | Ctt Express | InPost | UPS,False
MAD_LOC_000168,4,PUDO,171,Papeleria Adelfa,"C. del Poeta Blas de Otero, 32",40.42164987188232,-3.6517496786706825,480,28017.0,171 + 947 + 1494 + 2097,InPost + Amazon + SEUR + Celeritas,Convenience Stores,Privada,Premises,Madrid,InPost + Amazon + Seur + Celeritas,Convenience stores,Private,Premises,Madrid,"Papeleria Adelfa + Seur - Papeleria Libreria Adelfa + Papeleria Libreria Adelfa + Prensa,Papeleria Y Fotocopias","C. del Poeta Blas de Otero, 32 + C. del Poeta Blas de Otero, 32 + C. del Poeta Blas de Otero, 32 + C. del Poeta Blas de Otero, 32",28017 + 28017 + 28017 + 28017,,,,7 + 7 + 7 + 7,Convenience Store + Convenience Store + Convenience Store + Convenience Store,1,4,4,False,False,False,False,False,False,True,False,5,Convenience Store only,3,"Multiple companies, single service",9.48,1,High,Amazon | Celeritas | InPost | SEUR + Amazon | Celeritas | InPost | SEUR + Amazon | Celeritas | InPost | SEUR + Amazon | Celeritas | InPost | SEUR,False
MAD_LOC_000169,2,PUDO,172,Papeleria Libreria Gonzalo,"C/ de José Arcones Gil, 84",40.43035543275225,-3.635895829729975,240,28017.0,172 + 1504,InPost + SEUR,Convenience Stores,Privada,Premises,Madrid,InPost + Seur,Convenience stores,Private,Premises,Madrid,Papeleria Libreria Gonzalo + Papeleria Libreria Gonzal,"C/ de José Arcones Gil, 84 + C/ de José Arcones Gil, 84",28017 + 28017,,,,7 + 7,Convenience Store + Convenience Store,1,2,2,False,False,False,False,False,False,True,False,5,Convenience Store only,3,"Multiple companies, single service",17.31,2,Medium,InPost | SEUR + InPost | SEUR,False
MAD_LOC_000171,2,PUDO,174,Locutorio El Grande,"C. del Río Ulla, 3",40.43527082234135,-3.64294158062083,240,28017.0,174 + 2355,InPost + Ctt Express,Convenience Stores,Privada,Premises,Madrid,InPost + CTT Express,Convenience stores,Private,Premises,Madrid,Locutorio El Grande + Locutorio El Grande,"C. del Río Ulla, 3 + C. del Río Ulla, 3",28017 + 28017,,,,7 + 7,Convenience Store + Convenience Store,1,2,2,False,False,False,False,False,False,True,False,5,Convenience Store only,3,"Multiple companies, single service",8.63,1,High,Ctt Express | InPost + Ctt Express | InPost,False
MAD_LOC_000173,2,PUDO,176,Foto Rossny,"C. de Ricardo Ortiz, 8",40.4298610249984,-3.6582025029065,240,28017.0,176 + 1507,InPost + SEUR,Convenience Stores,Privada,Premises,Madrid,InPost + Seur,Convenience stores,Private,Premises,Madrid,Foto Rossny + Foto Rossny,"C. de Ricardo Ortiz, 8 + C. de Ricardo Ortiz, 8",28017 + 28017,,,,7 + 7,Convenience Store + Convenience Store,1,2,2,False,False,False,False,False,False,True,False,5,Convenience Store only,3,"Multiple companies, single service",8.06,1,High,InPost | SEUR + InPost | SEUR,False
MAD_LOC_000177,2,PUDO,180,Bosco Shop,"C. de Ricardo Ortiz, 22",40.4283259340024,-3.6582132107014402,240,28017.0,180 + 2930,InPost + UPS,Convenience Stores,Privada,Premises,Madrid,InPost + UPS,Convenience stores,Private,Premises,Madrid,Bosco Shop + Print Camisetas,"C. de Ricardo Ortiz, 22 + C. de Ricardo Ortiz, 22",28017 + 28017,,,,7 + 7,Convenience Store + Convenience Store,1,2,2,False,False,False,False,False,False,True,False,5,Convenience Store only,3,"Multiple companies, single service",3.69,1,High,InPost | UPS + InPost | UPS,False
MAD_LOC_000181,2,PUDO,184,Locker Lavanderia De Vallecas,"C. de Carlos Martín Álvarez, 11",40.39061031152685,-3.66251489084206,120,28018.0,184 + 1515,InPost + SEUR,Locker,Privada,Premises,Madrid,InPost + Seur,Lockers,Private,Premises,Madrid,Locker Lavanderia De Vallecas + Seur Locker Patas Felices,"C. de Carlos Martín Álvarez, 11 + C. de Carlos Martín Álvarez, 11",28018 + 28018,,,,1 + 1,Locker + Locker,1,2,2,True,False,False,False,False,False,False,False,1,Locker only,3,"Multiple companies, single service",20.24,2,Medium,InPost | SEUR + InPost | SEUR,False
MAD_LOC_000185,2,PUDO,188,Alimentacion Bazar,"Tr.a de Felipe de Diego, 25",40.379148250770754,-3.659820935395145,240,28018.0,188 + 2099,InPost + Celeritas,Convenience Stores,Privada,Premises,Madrid,InPost + Celeritas,Convenience stores,Private,Premises,Madrid,Alimentacion Bazar + Alimentacion Bazar,"Tr.ª de Felipe de Diego, 25 + Tr.ª de Felipe de Diego, 25",28018 + 28018,,,,7 + 7,Convenience Store + Convenience Store,1,2,2,False,False,False,False,False,False,True,False,5,Convenience Store only,3,"Multiple companies, single service",17.2,2,Medium,Celeritas | InPost + Celeritas | InPost,False
MAD_LOC_000191,2,PUDO,194,Locker 24/7 Grupo Bolton Pedro,"Av. de Pedro Diez, 21",40.39165534617415,-3.73157557259299,120,28019.0,194 + 1522,InPost + SEUR,Locker,Privada,Parking,Madrid,InPost + Seur,Lockers,Private,Parking,Madrid,Locker 24/7 Grupo Bolton Pedro + Seur Locker Parking Pedro,"Av. de Pedro Diez, 21 + Av. de Pedro Diez, 21",28019 + 28019,,,,1 + 1,Locker + Locker,1,2,2,True,False,False,False,False,False,False,False,1,Locker only,3,"Multiple companies, single service",27.97,2,Medium,InPost | SEUR + InPost | SEUR,False
MAD_LOC_000193,3,PUDO,196,Copytex,"C. Castellflorite, 7",40.39420754900021,-3.73877960183851,360,28019.0,196 + 1530 + 2947,InPost + SEUR + UPS,Convenience Stores,Privada,Premises,Madrid,InPost + Seur + UPS,Convenience stores,Private,Premises,Madrid,Copytex + Copytex + Copytex,"C. Castellflorite, 7 + C. Castellflorite, 7 + C. Castellflorite, 7",28019 + 28019 + 28019,,,,7 + 7 + 7,Convenience Store + Convenience Store + Convenience Store,1,3,3,False,False,False,False,False,False,True,False,5,Convenience Store only,3,"Multiple companies, single service",10.6,1,High,InPost | SEUR | UPS + InPost | SEUR | UPS + InPost | SEUR | UPS,False
MAD_LOC_000194,4,PUDO,197,Essenzia,"Calle de Antonio López, 7",40.39730163581078,-3.714157443239327,480,28019.0,197 + 2104 + 2369 + 2705,InPost + Celeritas + Ctt Express + Gls,Convenience Stores,Privada,Premises,Madrid,InPost + Celeritas + CTT Express + GLS,Convenience stores,Private,Premises,Madrid,Essenzia + Essenzia + Essenzia + Ps Essenzia,"Calle de Antonio López, 7 + Calle de Antonio López, 7 + Calle de Antonio López, 7 + Calle de Antonio López, 7",28019 + 28019 + 28019 + 28019,,,,7 + 7 + 7 + 7,Convenience Store + Convenience Store + Convenience Store + Convenience Store,1,4,4,False,False,False,False,False,False,True,False,5,Convenience Store only,3,"Multiple companies, single service",16.03,2,Medium,Celeritas | Ctt Express | Gls | InPost + Celeritas | Ctt Express | Gls | InPost + Celeritas | Ctt Express | Gls | InPost + Celeritas | Ctt Express | Gls | InPost,False
MAD_LOC_000196,2,PUDO,199,Foto Juanjo,"C. Inmaculada Concepción, 6",40.39561992541995,-3.7118456465040204,180,28019.0,199 + 1531,InPost + SEUR,Convenience Stores + Locker,Privada,Premises,Madrid,InPost + Seur,Convenience stores + Lockers,Private,Premises,Madrid,Foto Juanjo + Seur Locker Foto Juanjo,"C. Inmaculada Concepción, 6 + C. Inmaculada Concepción, 6",28019 + 28019,,,,7 + 1,Convenience Store + Locker,1,2,2,True,False,False,False,False,False,True,False,7,Multiple services,4,"Multiple companies, multiple services",8.75,1,High,InPost | SEUR + InPost | SEUR,False
MAD_LOC_000199,2,PUDO,202,Molduras Perez,"C. de Valle de Oro, 28",40.387882431754,-3.72762010503896,240,28019.0,202 + 2941,InPost + UPS,Convenience Stores,Privada,Premises,Madrid,InPost + UPS,Convenience stores,Private,Premises,Madrid,Molduras Perez + Molduras Perez,"C. de Valle de Oro, 28 + C. de Valle de Oro, 28",28019 + 28019,,,,7 + 7,Convenience Store + Convenience Store,1,2,2,False,False,False,False,False,False,True,False,5,Convenience Store only,3,"Multiple companies, single service",20.09,2,Medium,InPost | UPS + InPost | UPS,False
MAD_LOC_000201,6,PUDO,204,Triple B Electrodomesticos,"C. de la Vía, 30",40.386272136976025,-3.7200557495749664,720,28019.0,204 + 1528 + 2106 + 2712 + 2822 + 2940,InPost + SEUR + Celeritas + Gls + Nacex + UPS,Convenience Stores,Privada,Premises,Madrid,InPost + Seur + Celeritas + GLS + Nacex + UPS,Convenience stores,Private,Premises,Madrid,Triple B Electrodomesticos + Triple B Electrodomestico + Triple B Electrodomesticos + Ps Triple B + Triple B Electrodomesticos (2883-35) + Triple B Electrodomesticos,"C. de la Vía, 30 + C. de la Vía, 30 + C. de la Vía, 30 + Calle de la Vía 30 local + C. de la Vía, 30 + C. de la Vía, 30",28019 + 28019 + 28019 + 28019 + 28019 + 28019,,,,7 + 7 + 7 + 7 + 7 + 7,Convenience Store + Convenience Store + Convenience Store + Convenience Store + Convenience Store + Convenience Store,1,6,6,False,False,False,False,False,False,True,False,5,Convenience Store only,3,"Multiple companies, single service",24.73,2,Medium,Celeritas | Gls | InPost | Nacex | SEUR | UPS + Celeritas | Gls | InPost | Nacex | SEUR | UPS + Celeritas | Gls | InPost | Nacex | SEUR | UPS + Celeritas | Gls | InPost | Nacex | SEUR | UPS + Celeritas | Gls | InPost | Nacex | SEUR | UPS + Celeritas | Gls | InPost | Nacex | SEUR | UPS,False
MAD_LOC_000202,4,PUDO,205,Estanco Pedro Yague,"C. Pedro Yagüe, 2",40.393111803400856,-3.708463313601175,480,28019.0,205 + 1533 + 2108 + 2367,InPost + SEUR + Celeritas + Ctt Express,Convenience Stores,Privada,Premises,Madrid,InPost + Seur + Celeritas + CTT Express,Convenience stores,Private,Premises,Madrid,Estanco Pedro Yague + Estanco Pedro Yagüe + Estanco Pedro Yague + Estanco Pedro Yague,"C. Pedro Yagüe, 2 + C. Pedro Yagüe, 2 + C. Pedro Yagüe, 2 + C. Pedro Yagüe, 2",28019 + 28019 + 28019 + 28019,,,,7 + 7 + 7 + 7,Convenience Store + Convenience Store + Convenience Store + Convenience Store,1,4,4,False,False,False,False,False,False,True,False,5,Convenience Store only,3,"Multiple companies, single service",20.05,2,Medium,Celeritas | Ctt Express | InPost | SEUR + Celeritas | Ctt Express | InPost | SEUR + Celeritas | Ctt Express | InPost | SEUR + Celeritas | Ctt Express | InPost | SEUR,False
MAD_LOC_000206,4,PUDO,209,Estanco 504,"C. de Orense, 35",40.45352081005427,-3.695124893433918,480,28020.0,209 + 2112 + 2378 + 2949,InPost + Celeritas + Ctt Express + UPS,Convenience Stores,Privada,Premises,Madrid,InPost + Celeritas + CTT Express + UPS,Convenience stores,Private,Premises,Madrid,Estanco 504 + Estanco + Estanco + Estanco N 504,"C. de Orense, 35 + C. de Orense, 35 + C. de Orense, 35 + C. de Orense, 35",28020 + 28020 + 28020 + 28020,,,,7 + 7 + 7 + 7,Convenience Store + Convenience Store + Convenience Store + Convenience Store,1,4,4,False,False,False,False,False,False,True,False,5,Convenience Store only,3,"Multiple companies, single service",6.44,1,High,Celeritas | Ctt Express | InPost | UPS + Celeritas | Ctt Express | InPost | UPS + Celeritas | Ctt Express | InPost | UPS + Celeritas | Ctt Express | InPost | UPS,False
MAD_LOC_000209,2,PUDO,212,Waterproof Lavanderia,"C. de San Enrique, 16",40.45597437838785,-3.70054581399432,120,28020.0,212 + 655,InPost + Correos,Locker,Privada + Pública,Premises + Mall,Madrid,InPost + Correos,Lockers,Private + Public,Premises + Mall,Madrid,Waterproof Lavanderia + Mercado San Enrique,"C. de San Enrique, 16 + C. de San Enrique, 16",28020 + 28020,,,,1 + 1,Locker + Locker,1,2,2,True,False,False,False,False,False,False,False,1,Locker only,3,"Multiple companies, single service",6.09,1,High,Correos | InPost + Correos | InPost,False
MAD_LOC_000213,2,PUDO,216,Europay Transpera,"C. de Bravo Murillo, 297",40.4616593201306,-3.698313646178725,180,28020.0,216 + 1782,InPost + SEUR,Convenience Stores + Locker,Privada,Premises,Madrid,InPost + Seur,Convenience stores + Lockers,Private,Premises,Madrid,Europay Transpera + Seur Lockers Europhil Brav,"C. de Bravo Murillo, 297 + C. de Bravo Murillo, 297",28020 + 28039,,,,7 + 1,Convenience Store + Locker,1,2,2,True,False,False,False,False,False,True,False,7,Multiple services,4,"Multiple companies, multiple services",24.43,2,Medium,InPost | SEUR + InPost | SEUR,False
MAD_LOC_000217,2,PUDO,220,Locker Supermercado Dia Calle B,"C. de Bravo Murillo, 308",40.46336641841479,-3.69640493895221,180,28020.0,220 + 988,InPost + Amazon,Convenience Stores + Locker,Privada,Supermarket + Premises,Madrid,InPost + Amazon,Convenience stores + Lockers,Private,Supermarket + Premises,Madrid,Locker Supermercado Dia Calle B + Amazon Locker - Udaondo,"C. de Bravo Murillo, 308 + DIA Bravo Murillo, Calle de Bravo Murillo 308",28020 + 28020,,,,7 + 1,Convenience Store + Locker,1,2,2,True,False,False,False,False,False,True,False,7,Multiple services,4,"Multiple companies, multiple services",0.94,1,High,Amazon | InPost + Amazon | InPost,False
MAD_LOC_000219,3,PUDO,222,Estanco 216,"C. de Raimundo Fernández Villaverde, 49",40.44688589147957,-3.6966765632722898,360,28020.0,222 + 2056 + 2239,InPost + Celeritas + Ctt Express,Convenience Stores,Privada,Premises,Madrid,InPost + Celeritas + CTT Express,Convenience stores,Private,Premises,Madrid,Estanco 216 + Estanco Exp. 216 + Estanco Exp. 216,"C. de Raimundo Fernández Villaverde, 49 + C. de Raimundo Fernández Villaverde, 49 + C. de Raimundo Fernández Villaverde, 49",28020 + 28003 + 28003,,,,7 + 7 + 7,Convenience Store + Convenience Store + Convenience Store,1,3,3,False,False,False,False,False,False,True,False,5,Convenience Store only,3,"Multiple companies, single service",9.35,1,High,Celeritas | Ctt Express | InPost + Celeritas | Ctt Express | InPost + Celeritas | Ctt Express | InPost,False
MAD_LOC_000221,2,PUDO,224,Mandalo Market,"C. de Bravo Murillo, 122",40.4492933244359,-3.7028148078960497,240,28020.0,224 + 2798,InPost + Nacex,Convenience Stores,Privada,Premises,Madrid,InPost + Nacex,Convenience stores,Private,Premises,Madrid,Mandalo Market + Amuleto Maravilla (2861-09),"C. de Bravo Murillo, 122 + C. de Bravo Murillo, 122",28020 + 28020,,,,7 + 7,Convenience Store + Convenience Store,1,2,2,False,False,False,False,False,False,True,False,5,Convenience Store only,3,"Multiple companies, single service",25.57,2,Medium,InPost | Nacex + InPost | Nacex,False
MAD_LOC_000223,2,PUDO,226,Multiservicios Madhouse Villave,"C. de la Aladierna, 9",40.34605500949845,-3.711043136104525,240,28021.0,226 + 2814,InPost + Nacex,Convenience Stores,Privada,Premises,Madrid,InPost + Nacex,Convenience stores,Private,Premises,Madrid,Multiservicios Madhouse Villave + Euroconexion Villaverde Alto (2882-19),"C. de la Aladierna, 9 + C. de la Aladierna, 9",28021 + 28021,,,,7 + 7,Convenience Store + Convenience Store,1,2,2,False,False,False,False,False,False,True,False,5,Convenience Store only,3,"Multiple companies, single service",19.2,2,Medium,InPost | Nacex + InPost | Nacex,False
MAD_LOC_000224,3,PUDO,227,Estanco Madrid 763,"Calle del Dr. Martín Arévalo, 4",40.34642198972197,-3.708283601975527,360,28021.0,227 + 2122 + 2388,InPost + Celeritas + Ctt Express,Convenience Stores,Privada,Premises,Madrid,InPost + Celeritas + CTT Express,Convenience stores,Private,Premises,Madrid,Estanco Madrid 763 + Estanco - Madrid 763 + Estanco - Madrid 763,"Calle del Dr. Martín Arévalo, 4 + Calle del Dr. Martín Arévalo, 4 + Calle del Dr. Martín Arévalo, 4",28021 + 28021 + 28021,,,,7 + 7 + 7,Convenience Store + Convenience Store + Convenience Store,1,3,3,False,False,False,False,False,False,True,False,5,Convenience Store only,3,"Multiple companies, single service",24.29,2,Medium,Celeritas | Ctt Express | InPost + Celeritas | Ctt Express | InPost + Celeritas | Ctt Express | InPost,False
MAD_LOC_000225,2,PUDO,228,Locutorio Sunmoon 2,"Av. Real de Pinto, 6",40.348475878809296,-3.706280960518185,240,28021.0,228 + 2396,InPost + Ctt Express,Convenience Stores,Privada,Premises,Madrid,InPost + CTT Express,Convenience stores,Private,Premises,Madrid,Locutorio Sunmoon 2 + Locutorio Sunmoon 2,"Av. Real de Pinto, 6 + Av. Real de Pinto, 6",28021 + 28021,,,,7 + 7,Convenience Store + Convenience Store,1,2,2,False,False,False,False,False,False,True,False,5,Convenience Store only,3,"Multiple companies, single service",19.97,2,Medium,Ctt Express | InPost + Ctt Express | InPost,False
MAD_LOC_000228,2,PUDO,231,Regalos Y Algo Mas,"C. Esperanza Macarena, 22",40.349761199152,-3.690437880875855,240,28021.0,231 + 1000,InPost + Amazon,Convenience Stores,Privada,Premises,Madrid,InPost + Amazon,Convenience stores,Private,Premises,Madrid,Regalos Y Algo Mas + Amazon Counter - Regalos Y Algo Más,"C. Esperanza Macarena, 22 + C. Esperanza Macarena, 22",28021 + 28021,,,,7 + 7,Convenience Store + Convenience Store,1,2,2,False,False,False,False,False,False,True,False,5,Convenience Store only,3,"Multiple companies, single service",7.8,1,High,Amazon | InPost + Amazon | InPost,False
MAD_LOC_000230,4,PUDO,233,Locutorio Medina,"Calle Encarnación Oviol, 48",40.3507255239708,-3.687343191835802,480,28021.0,233 + 2118 + 2389 + 2698,InPost + Celeritas + Ctt Express + Gls,Convenience Stores,Privada,Premises,Madrid,InPost + Celeritas + CTT Express + GLS,Convenience stores,Private,Premises,Madrid,Locutorio Medina + Locutorio Medina + Locutorio Medina + Ps Locutorio Medina,"Calle Encarnación Oviol, 48 + Calle Encarnación Oviol, 48 + Calle Encarnación Oviol, 48 + Calle Encarnación Oviol, 48",28021 + 28021 + 28021 + 28021,,,,7 + 7 + 7 + 7,Convenience Store + Convenience Store + Convenience Store + Convenience Store,1,4,4,False,False,False,False,False,False,True,False,5,Convenience Store only,3,"Multiple companies, single service",17.58,2,Medium,Celeritas | Ctt Express | Gls | InPost + Celeritas | Ctt Express | Gls | InPost + Celeritas | Ctt Express | Gls | InPost + Celeritas | Ctt Express | Gls | InPost,False
MAD_LOC_000231,3,PUDO,234,Locutorio Zulema,"C. de Juan José Martínez Seco, 82",40.35262222513103,-3.684625160558717,360,28021.0,234 + 994 + 1562,InPost + Amazon + SEUR,Convenience Stores,Privada,Premises,Madrid,InPost + Amazon + Seur,Convenience stores,Private,Premises,Madrid,Locutorio Zulema + Amazon Counter - Locutorio Zulema + Locutorio Zulema,"C. de Juan José Martínez Seco, 82 + C. de Juan José Martínez Seco, 82 + C. de Juan José Martínez Seco, 82",28021 + 28021 + 28021,,,,7 + 7 + 7,Convenience Store + Convenience Store + Convenience Store,1,3,3,False,False,False,False,False,False,True,False,5,Convenience Store only,3,"Multiple companies, single service",13.32,1,High,Amazon | InPost | SEUR + Amazon | InPost | SEUR + Amazon | InPost | SEUR,False
MAD_LOC_000232,3,PUDO,235,El Rincon De La Lectura,"C. Once, 2",40.4447210008094,-3.5953665173614664,360,28022.0,235 + 2127 + 2397,InPost + Celeritas + Ctt Express,Convenience Stores,Privada,Premises,Madrid,InPost + Celeritas + CTT Express,Convenience stores,Private,Premises,Madrid,El Rincon De La Lectura + El Rincon De La Lectura + El Rincon De La Lectura,"C. Once, 2 + C. Once, 2 + C. Once, 2, LOCAL 4",28022 + 28022 + 28022,,,,7 + 7 + 7,Convenience Store + Convenience Store + Convenience Store,1,3,3,False,False,False,False,False,False,True,False,5,Convenience Store only,3,"Multiple companies, single service",16.81,2,Medium,Celeritas | Ctt Express | InPost + Celeritas | Ctt Express | InPost + Celeritas | Ctt Express | InPost,False
MAD_LOC_000236,3,PUDO,239,Locutorio Jlm,"C. de Troya, 32",40.43533292470767,-3.611338094463773,360,28022.0,239 + 1571 + 2406,InPost + SEUR + Ctt Express,Convenience Stores,Privada,Premises,Madrid,InPost + Seur + CTT Express,Convenience stores,Private,Premises,Madrid,Locutorio Jlm + Locutorio Jlm + Locutorio Jlm,"C. de Troya, 32 + C. de Troya, 32 + C. de Troya, 32",28022 + 28022 + 28022,,,,7 + 7 + 7,Convenience Store + Convenience Store + Convenience Store,1,3,3,False,False,False,False,False,False,True,False,5,Convenience Store only,3,"Multiple companies, single service",21.04,2,Medium,Ctt Express | InPost | SEUR + Ctt Express | InPost | SEUR + Ctt Express | InPost | SEUR,False
MAD_LOC_000238,2,PUDO,241,Locutorio Las Musas,"C. de Julia García Boután, 5",40.4302932850115,-3.60997985102846,240,28022.0,241 + 2128,InPost + Celeritas,Convenience Stores,Privada,Premises,Madrid,InPost + Celeritas,Convenience stores,Private,Premises,Madrid,Locutorio Las Musas + Locutorio Las Musas,"C. de Julia García Boután, 5 + C. de Julia García Boután, 5",28022 + 28022,,,,7 + 7,Convenience Store + Convenience Store,1,2,2,False,False,False,False,False,False,True,False,5,Convenience Store only,3,"Multiple companies, single service",7.25,1,High,Celeritas | InPost + Celeritas | InPost,False
MAD_LOC_000239,7,PUDO,242,Papeleria Fotografia Odin,"C. de Sofía, 56",40.42848604287002,-3.6011791387331202,840,28022.0,242 + 1565 + 1970 + 2126 + 2404 + 2859 + 2970,InPost + SEUR + Dhl + Celeritas + Ctt Express + Nacex + UPS,Convenience Stores,Privada,Premises,Madrid,InPost + Seur + DHL + Celeritas + CTT Express + Nacex + UPS,Convenience stores,Private,Premises,Madrid,Papeleria Fotografia Odin + Papelería Odín + Papeleria Fotografia Odin + Bel Art + Bel Art + Odin Papelería Fotografía  (2828-20) + Fnx-Belart,"C. de Sofía, 56 + C. de Sofía, 56 + C. de Sofía, 56 + C. de Sofía, 56 + C. de Sofía, 56 + C. de Sofía, 56, LOCAL 2 + C. de Sofía, 56",28022 + 28022 + 28022 + 28022 + 28022 + 28022 + 28022,,,,7 + 7 + 7 + 7 + 7 + 7 + 7,Convenience Store + Convenience Store + Convenience Store + Convenience Store + Convenience Store + Convenience Store + Convenience Store,1,7,7,False,False,False,False,False,False,True,False,5,Convenience Store only,3,"Multiple companies, single service",21.7,2,Medium,Celeritas | Ctt Express | Dhl | InPost | Nacex | SEUR | UPS + Celeritas | Ctt Express | Dhl | InPost | Nacex | SEUR | UPS + Celeritas | Ctt Express | Dhl | InPost | Nacex | SEUR | UPS + Celeritas | Ctt Express | Dhl | InPost | Nacex | SEUR | UPS + Celeritas | Ctt Express | Dhl | InPost | Nacex | SEUR | UPS + Celeritas | Ctt Express | Dhl | InPost | Nacex | SEUR | UPS + Celeritas | Ctt Express | Dhl | InPost | Nacex | SEUR | UPS,False
MAD_LOC_000241,3,PUDO,244,Estanco Vega,"C. Ribadumia, 2",40.441744886660565,-3.6108378743101404,360,28022.0,244 + 2130 + 2400,InPost + Celeritas + Ctt Express,Convenience Stores,Privada,Premises,Madrid,InPost + Celeritas + CTT Express,Convenience stores,Private,Premises,Madrid,Estanco Vega + Estanco Vega + Estanco Vega,"C. Ribadumia, 2 + C. Ribadumia, 2 + C. Ribadumia, 2",28022 + 28022 + 28022,,,,7 + 7 + 7,Convenience Store + Convenience Store + Convenience Store,1,3,3,False,False,False,False,False,False,True,False,5,Convenience Store only,3,"Multiple companies, single service",15.35,2,Medium,Celeritas | Ctt Express | InPost + Celeritas | Ctt Express | InPost + Celeritas | Ctt Express | InPost,False
MAD_LOC_000242,4,PUDO,245,New Mascota Canillejas,"C/ de Boltaña, 59",40.448007421838724,-3.609537710015557,480,28022.0,245 + 1015 + 1567 + 2134,InPost + Amazon + SEUR + Celeritas,Convenience Stores,Privada,Premises,Madrid,InPost + Amazon + Seur + Celeritas,Convenience stores,Private,Premises,Madrid,New Mascota Canillejas + Amazon Counter - New Mascota Canillejas + New Mascota Canillejas + New Mascota Canillejas,"C/ de Boltaña, 59 + C/ de Boltaña, 59 + C/ de Boltaña, 59 + C/ de Boltaña, 59",28022 + 28022 + 28022 + 28022,,,,7 + 7 + 7 + 7,Convenience Store + Convenience Store + Convenience Store + Convenience Store,1,4,4,False,False,False,False,False,False,True,False,5,Convenience Store only,3,"Multiple companies, single service",23.58,2,Medium,Amazon | Celeritas | InPost | SEUR + Amazon | Celeritas | InPost | SEUR + Amazon | Celeritas | InPost | SEUR + Amazon | Celeritas | InPost | SEUR,False
MAD_LOC_000243,4,PUDO,246,Papeleria Alfilbe Las Rosas,"C. de Suecia, 21",40.42330266628582,-3.6067985045329047,480,28022.0,246 + 1974 + 2131 + 2403,InPost + Dhl + Celeritas + Ctt Express,Convenience Stores,Privada,Premises,Madrid,InPost + DHL + Celeritas + CTT Express,Convenience stores,Private,Premises,Madrid,Papeleria Alfilbe Las Rosas + Papeleria & Hobby + Papeleria &Hobby + Papeleria &Hobby,"C. de Suecia, 21 + C. de Suecia, 21 + C. de Suecia, 21 + C. de Suecia, 21",28022 + 28022 + 28022 + 28022,,,,7 + 7 + 7 + 7,Convenience Store + Convenience Store + Convenience Store + Convenience Store,1,4,4,False,False,False,False,False,False,True,False,5,Convenience Store only,3,"Multiple companies, single service",18.68,2,Medium,Celeritas | Ctt Express | Dhl | InPost + Celeritas | Ctt Express | Dhl | InPost + Celeritas | Ctt Express | Dhl | InPost + Celeritas | Ctt Express | Dhl | InPost,False
MAD_LOC_000244,2,PUDO,247,Gran Bazar Plaza China,"C/ de Boltaña, 40",40.44548629812585,-3.612737968041865,240,28022.0,247 + 1011,InPost + Amazon,Convenience Stores,Privada,Premises,Madrid,InPost + Amazon,Convenience stores,Private,Premises,Madrid,Gran Bazar Plaza China + Amazon Counter - Gran Bazar Plaza China,"C/ de Boltaña, 40 + C/ de Boltaña, 40",28022 + 28022,,,,7 + 7,Convenience Store + Convenience Store,1,2,2,False,False,False,False,False,False,True,False,5,Convenience Store only,3,"Multiple companies, single service",4.56,1,High,Amazon | InPost + Amazon | InPost,False
MAD_LOC_000245,2,PUDO,248,Locker Supermercado Dia Calle D,"Calle de San Faustino, 20",40.4460316684187,-3.60912616744005,120,28022.0,248 + 1008,InPost + Amazon,Locker,Privada,Supermarket,Madrid,InPost + Amazon,Lockers,Private,Supermarket,Madrid,Locker Supermercado Dia Calle D + Amazon Locker - Edgar Supermercado,"Calle de San Faustino, 20 + Calle de San Faustino, 20",28022 + 28022,,,,1 + 1,Locker + Locker,1,2,2,True,False,False,False,False,False,False,False,1,Locker only,3,"Multiple companies, single service",3.23,1,High,Amazon | InPost + Amazon | InPost,False
MAD_LOC_000246,3,PUDO,249,Locker San Mariano 3 Lava Y Sec,"C. de San Mariano, 3",40.44514905695857,-3.6139585355768866,180,28022.0,249 + 1006 + 1574,InPost + Amazon + SEUR,Locker,Privada,Premises,Madrid,InPost + Amazon + Seur,Lockers,Private,Premises,Madrid,Locker San Mariano 3 Lava Y Sec + Amazon Locker - Chaola Lavanderia + Seur Locker Lavanderia Sa,"C. de San Mariano, 3 + Calle San Mariano 3 semiesquina + C. de San Mariano, 3",28022 + 28022 + 28022,,,,1 + 1 + 1,Locker + Locker + Locker,1,3,3,True,False,False,False,False,False,False,False,1,Locker only,3,"Multiple companies, single service",16.19,2,Medium,Amazon | InPost | SEUR + Amazon | InPost | SEUR + Amazon | InPost | SEUR,False
MAD_LOC_000247,2,PUDO,250,Casa Cuadro,"Av. de Niza, 5",40.42630271929795,-3.6062949681775853,240,28022.0,250 + 1973,InPost + Dhl,Convenience Stores,Privada,Premises,Madrid,InPost + DHL,Convenience stores,Private,Premises,Madrid,Casa Cuadro + Casa Cuadro,"Av. de Niza, 5 + Av. de Niza, 5",28022 + 28022,,,,7 + 7,Convenience Store + Convenience Store,1,2,2,False,False,False,False,False,False,True,False,5,Convenience Store only,3,"Multiple companies, single service",28.62,2,Medium,Dhl | InPost + Dhl | InPost,False
MAD_LOC_000250,2,PUDO,253,Locker 24/7 Repsol Aravaca El P,"Av. de la Victoria, 34",40.46916690802115,-3.82007070896114,120,28023.0,253 + 1020,InPost + Amazon,Locker,Privada,Service Station,Madrid,InPost + Amazon,Lockers,Private,Service Station,Madrid,Locker 24/7 Repsol Aravaca El P + Amazon Locker - Raiz Repsol,"Av. de la Victoria, 34 + EL PLANTIO, Av. de la Victoria, 34",28023 + 28023,,,,1 + 1,Locker + Locker,1,2,2,True,False,False,False,False,False,False,False,1,Locker only,3,"Multiple companies, single service",5.48,1,High,Amazon | InPost + Amazon | InPost,False
MAD_LOC_000252,2,PUDO,255,Smartrepair,"C. de Maqueda, 134",40.388082761000604,-3.7623005194108847,240,28024.0,255 + 2417,InPost + Ctt Express,Convenience Stores,Privada,Premises,Madrid,InPost + CTT Express,Convenience stores,Private,Premises,Madrid,Smartrepair + Smart Repair,"C. de Maqueda, 134 + C. de Maqueda, 134, local 2",28024 + 28024,,,,7 + 7,Convenience Store + Convenience Store,1,2,2,False,False,False,False,False,False,True,False,5,Convenience Store only,3,"Multiple companies, single service",5.5,1,High,Ctt Express | InPost + Ctt Express | InPost,False
MAD_LOC_000254,2,PUDO,257,Taymar,"C. de Illescas, 145",40.393504249363346,-3.7606814264213453,240,28024.0,257 + 1585,InPost + SEUR,Convenience Stores,Privada,Premises,Madrid,InPost + Seur,Convenience stores,Private,Premises,Madrid,Taymar + Taymar,"C. de Illescas, 145 + C. de Illescas, 145",28024 + 28024,,,,7 + 7,Convenience Store + Convenience Store,1,2,2,False,False,False,False,False,False,True,False,5,Convenience Store only,3,"Multiple companies, single service",5.83,1,High,InPost | SEUR + InPost | SEUR,False
MAD_LOC_000259,3,PUDO,262,Locutorio Khan 2,"P.o Castellanos, 65",40.375038292608274,-3.7428114400468235,360,28025.0,262 + 1591 + 2986,InPost + SEUR + UPS,Convenience Stores,Privada,Premises,Madrid,InPost + Seur + UPS,Convenience stores,Private,Premises,Madrid,Locutorio Khan 2 + Locutorio Khan 2 + Full-Locutorio Khan 2,"P.º Castellanos, 65 + P.º Castellanos, 65 + C. Aliseda, 32",28025 + 28025 + 28025,,,,7 + 7 + 7,Convenience Store + Convenience Store + Convenience Store,1,3,3,False,False,False,False,False,False,True,False,5,Convenience Store only,3,"Multiple companies, single service",23.61,2,Medium,InPost | SEUR | UPS + InPost | SEUR | UPS + InPost | SEUR | UPS,False
MAD_LOC_000262,2,PUDO,265,La Tienda Del Barrio,"C. de Eugenia de Montijo, 29",40.3820092579466,-3.74282674966052,240,28025.0,265 + 1589,InPost + SEUR,Convenience Stores,Privada,Premises,Madrid,InPost + Seur,Convenience stores,Private,Premises,Madrid,La Tienda Del Barrio + La Tienda Del Barrio,"C. de Eugenia de Montijo, 29 + C. de Eugenia de Montijo, 29",28025 + 28025,,,,7 + 7,Convenience Store + Convenience Store,1,2,2,False,False,False,False,False,False,True,False,5,Convenience Store only,3,"Multiple companies, single service",6.67,1,High,InPost | SEUR + InPost | SEUR,False
MAD_LOC_000263,3,PUDO,266,Locker 24/7 Galp Madrid Argenti,"Av. de los Poblados, 83",40.373850568839835,-3.7432765892701334,240,28025.0,266 + 1844 + 3188,InPost + SEUR + Pudo,Locker + Click&Collect,Privada,Service Station,Madrid,InPost + Seur + PUDO,Lockers + Click&Collect,Private,Service Station,Madrid,Locker 24/7 Galp Madrid Argenti + Seur Locker Galp Poblados + Gasolinera Galp Avenida De Los Poblados,"Av. de los Poblados, 83 + Av. de los Poblados, 83 + Av. de los Poblados, 83",28025 + 28044 + 28044,,,,1 + 1 + 3,Locker + Locker + Click & Collect,1,3,3,True,False,True,False,False,False,False,False,7,Multiple services,4,"Multiple companies, multiple services",22.88,2,Medium,InPost | Pudo | SEUR + InPost | Pudo | SEUR + InPost | Pudo | SEUR,False
MAD_LOC_000269,3,PUDO,272,Tizas91,"Av. de Ntra. Sra. de Valvanera, 91",40.3913122973786,-3.7376673770955264,360,28025.0,272 + 1603 + 1982,InPost + SEUR + Dhl,Convenience Stores,Privada,Premises,Madrid,InPost + Seur + DHL,Convenience stores,Private,Premises,Madrid,Tizas91 + Tizas 91 + Tizas 91,"Av. de Ntra. Sra. de Valvanera, 91 + Av. de Ntra. Sra. de Valvanera, 91 + Av. de Ntra. Sra. de Valvanera, 91",28025 + 28025 + 28025,,,,7 + 7 + 7,Convenience Store + Convenience Store + Convenience Store,1,3,3,False,False,False,False,False,False,True,False,5,Convenience Store only,3,"Multiple companies, single service",13.48,1,High,Dhl | InPost | SEUR + Dhl | InPost | SEUR + Dhl | InPost | SEUR,False
MAD_LOC_000270,4,PUDO,273,Ecoink Oca 88,"C. de la Oca, 88",40.38881070604522,-3.7417856843208472,420,28025.0,273 + 677 + 1044 + 1598,InPost + Correos + Amazon + SEUR,Convenience Stores + Locker,Privada,Premises + Supermarket,Madrid,InPost + Correos + Amazon + Seur,Convenience stores + Lockers,Private,Premises + Supermarket,Madrid,Ecoink Oca 88 + Carrefour + Seur - Ecoink Carabanchel + Ecoink Carabanchel,"C. de la Oca, 88 + C. de la Laguna, 115 + C. de la Oca, 88 + C. de la Oca, 88",28025 + 28025 + 28025 + 28025,,,,7 + 1 + 7 + 7,Convenience Store + Locker + Convenience Store + Convenience Store,1,4,4,True,False,False,False,False,False,True,False,7,Multiple services,4,"Multiple companies, multiple services",19.31,2,Medium,Amazon | Correos | InPost | SEUR + Amazon | Correos | InPost | SEUR + Amazon | Correos | InPost | SEUR + Amazon | Correos | InPost | SEUR,False
MAD_LOC_000277,5,PUDO,280,Damalar Viajes,"C. de la Cuesta, 15",40.38876251533721,-3.707823562659402,600,28026.0,280 + 1616 + 2142 + 2693 + 2990,InPost + SEUR + Celeritas + Gls + UPS,Convenience Stores,Privada,Premises,Madrid,InPost + Seur + Celeritas + GLS + UPS,Convenience stores,Private,Premises,Madrid,Damalar Viajes + Damalar Viajes + Damalar Viajes + Ps Damalar + Damalar Viajes,"C. de la Cuesta, 15 + C. de la Cuesta, 15 + C. de la Cuesta, 15 + C. de la Cuesta, 15 + C. de la Cuesta, 15",28026 + 28026 + 28026 + 28026 + 28026,,,,7 + 7 + 7 + 7 + 7,Convenience Store + Convenience Store + Convenience Store + Convenience Store + Convenience Store,1,5,5,False,False,False,False,False,False,True,False,5,Convenience Store only,3,"Multiple companies, single service",21.89,2,Medium,Celeritas | Gls | InPost | SEUR | UPS + Celeritas | Gls | InPost | SEUR | UPS + Celeritas | Gls | InPost | SEUR | UPS + Celeritas | Gls | InPost | SEUR | UPS + Celeritas | Gls | InPost | SEUR | UPS,False
MAD_LOC_000281,3,PUDO,284,El Dedal De Cristal,"C. San Armengol, 5",40.38980166420637,-3.699874420596893,360,28026.0,284 + 2143 + 2429,InPost + Celeritas + Ctt Express,Convenience Stores,Privada,Premises,Madrid,InPost + Celeritas + CTT Express,Convenience stores,Private,Premises,Madrid,El Dedal De Cristal + El Dedal De Cristal + El Dedal De Cristal,"C. San Armengol, 5 + C. San Armengol, 5 + C. San Armengol, 5",28026 + 28026 + 28026,,,,7 + 7 + 7,Convenience Store + Convenience Store + Convenience Store,1,3,3,False,False,False,False,False,False,True,False,5,Convenience Store only,3,"Multiple companies, single service",19.71,2,Medium,Celeritas | Ctt Express | InPost + Celeritas | Ctt Express | InPost + Celeritas | Ctt Express | InPost,False
MAD_LOC_000282,2,PUDO,285,Alimentacion Lili,"C. Tomelloso, 13",40.3810954627845,-3.6984519460292002,240,28026.0,285 + 1626,InPost + SEUR,Convenience Stores,Privada,Premises,Madrid,InPost + Seur,Convenience stores,Private,Premises,Madrid,Alimentacion Lili + Alimentacion Lili,"C. Tomelloso, 13 + C. Tomelloso, 13",28026 + 28026,,,,7 + 7,Convenience Store + Convenience Store,1,2,2,False,False,False,False,False,False,True,False,5,Convenience Store only,3,"Multiple companies, single service",10.58,1,High,InPost | SEUR + InPost | SEUR,False
MAD_LOC_000284,3,PUDO,287,Esperanza Locutorio,"Av Cerro de los Ángeles, 1",40.3810480254004,-3.7130840777721335,360,28026.0,287 + 1061 + 2987,InPost + Amazon + UPS,Convenience Stores,Privada,Premises,Madrid,InPost + Amazon + UPS,Convenience stores,Private,Premises,Madrid,Esperanza Locutorio + Amazon Counter - Esperanza Locutorio + Kanguro Esperanza Loc Y Envio,"Av Cerro de los Ángeles, 1 + Av Cerro de los Ángeles, 1, LOCAL C + Av Cerro de los Ángeles, 1c",28026 + 28026 + 28026,,,,7 + 7 + 7,Convenience Store + Convenience Store + Convenience Store,1,3,3,False,False,False,False,False,False,True,False,5,Convenience Store only,3,"Multiple companies, single service",28.63,2,Medium,Amazon | InPost | UPS + Amazon | InPost | UPS + Amazon | InPost | UPS,False
MAD_LOC_000285,2,PUDO,288,Aromas Artesanales Cc Plaza Rio,"Av del Manzanares, 210",40.3914656624638,-3.701448933746245,240,28026.0,288 + 1627,InPost + SEUR,Convenience Stores,Privada,Premises,Madrid,InPost + Seur,Convenience stores,Private,Premises,Madrid,Aromas Artesanales Cc Plaza Rio + Aromas Artesanales Plaza,"Av del Manzanares, 210 + Av del Manzanares, 210",28026 + 28026,,,,7 + 7,Convenience Store + Convenience Store,1,2,2,False,False,False,False,False,False,True,False,5,Convenience Store only,3,"Multiple companies, single service",7.37,1,High,InPost | SEUR + InPost | SEUR,False
MAD_LOC_000288,2,PUDO,291,Huerta De Amin,"C. Virgen del Sagrario, 34",40.438708692070605,-3.6509737012107,240,28027.0,291 + 2447,InPost + Ctt Express,Convenience Stores,Privada,Premises,Madrid,InPost + CTT Express,Convenience stores,Private,Premises,Madrid,Huerta De Amin + Huerta De Amin,"C. Virgen del Sagrario, 34 + C. Virgen del Sagrario, 34",28027 + 28027,,,,7 + 7,Convenience Store + Convenience Store,1,2,2,False,False,False,False,False,False,True,False,5,Convenience Store only,3,"Multiple companies, single service",5.8,1,High,Ctt Express | InPost + Ctt Express | InPost,False
MAD_LOC_000293,2,PUDO,296,Herbolario Mygreenes,"C. de Virgen de Lluc, 4",40.4345219762059,-3.655541285784115,240,28027.0,296 + 1640,InPost + SEUR,Convenience Stores,Privada,Premises,Madrid,InPost + Seur,Convenience stores,Private,Premises,Madrid,Herbolario Mygreenes + Herbolario Mygreen.Es,"C. de Virgen de Lluc, 4 + C. de Virgen de Lluc, 4",28027 + 28027,,,,7 + 7,Convenience Store + Convenience Store,1,2,2,False,False,False,False,False,False,True,False,5,Convenience Store only,3,"Multiple companies, single service",9.58,1,High,InPost | SEUR + InPost | SEUR,False
MAD_LOC_000294,6,PUDO,297,Locker Denver75 Servicios Sl,"C. de Alcalá, 311",40.43292673082803,-3.6519566814421176,600,28027.0,297 + 1637 + 1638 + 1986 + 2996 + 3225,InPost + SEUR + SEUR + Dhl + UPS + Pudo,Locker + Convenience Stores + Click&Collect,Privada,Premises,Madrid,InPost + Seur + Seur + DHL + UPS + PUDO,Lockers + Convenience stores + Click&Collect,Private,Premises,Madrid,Locker Denver75 Servicios Sl + Seur Locker Calderon Alca + Denver75 + Denver75 + Denver75 + Autoescuela Calderón Iv Alcala 311,"C. de Alcalá, 311 + C. de Alcalá, 311 + C. de Alcalá, 311 + C. de Alcalá, 311 + C. de Alcalá, 311 + C. de Alcalá, 311",28027 + 28027 + 28027 + 28027 + 28027 + 28027,,,,1 + 1 + 7 + 7 + 7 + 3,Locker + Locker + Convenience Store + Convenience Store + Convenience Store + Click & Collect,1,6,5,True,False,True,False,False,False,True,False,7,Multiple services,4,"Multiple companies, multiple services",27.11,2,Medium,Dhl | InPost | Pudo | SEUR | UPS + Dhl | InPost | Pudo | SEUR | UPS + Dhl | InPost | Pudo | SEUR | UPS + Dhl | InPost | Pudo | SEUR | UPS + Dhl | InPost | Pudo | SEUR | UPS + Dhl | InPost | Pudo | SEUR | UPS,False
MAD_LOC_000296,2,PUDO,299,Estanco Alcala 499,"C. de Alcalá, 499",40.44063392884515,-3.62970004163795,240,28027.0,299 + 1639,InPost + SEUR,Convenience Stores,Privada,Premises,Madrid,InPost + Seur,Convenience stores,Private,Premises,Madrid,Estanco Alcala 499 + Expendiduria 535,"C. de Alcalá, 499 + C. de Alcalá, 499",28027 + 28027,,,,7 + 7,Convenience Store + Convenience Store,1,2,2,False,False,False,False,False,False,True,False,5,Convenience Store only,3,"Multiple companies, single service",6.42,1,High,InPost | SEUR + InPost | SEUR,False
MAD_LOC_000297,2,PUDO,300,Asiya Telecom,"C. de Alcalá, 256",40.43220616031875,-3.65464523138183,240,28027.0,300 + 2445,InPost + Ctt Express,Convenience Stores,Privada,Premises,Madrid,InPost + CTT Express,Convenience stores,Private,Premises,Madrid,Asiya Telecom + Asiya Telecom,"C. de Alcalá, 256 + C. de Alcalá, 256",28027 + 28027,,,,7 + 7,Convenience Store + Convenience Store,1,2,2,False,False,False,False,False,False,True,False,5,Convenience Store only,3,"Multiple companies, single service",5.54,1,High,Ctt Express | InPost + Ctt Express | InPost,False
MAD_LOC_000299,3,PUDO,302,El Geniux Impresion Digital,"Av. de los Toreros, 43",40.43247979982513,-3.66757549185076,360,28028.0,302 + 1642 + 2456,InPost + SEUR + Ctt Express,Convenience Stores,Privada,Premises,Madrid,InPost + Seur + CTT Express,Convenience stores,Private,Premises,Madrid,El Geniux Impresion Digital + El Geniux + El Geniux,"Av. de los Toreros, 43 + Av. de los Toreros, 43 + Av. de los Toreros, 43",28028 + 28028 + 28028,,,,7 + 7 + 7,Convenience Store + Convenience Store + Convenience Store,1,3,3,False,False,False,False,False,False,True,False,5,Convenience Store only,3,"Multiple companies, single service",5.81,1,High,Ctt Express | InPost | SEUR + Ctt Express | InPost | SEUR + Ctt Express | InPost | SEUR,False
MAD_LOC_000301,2,PUDO,304,Em Movil,"P.o del Marqués de Zafra, 17",40.42683578736835,-3.66643979310714,240,28028.0,304 + 2677,InPost + Gls,Convenience Stores,Privada,Premises,Madrid,InPost + GLS,Convenience stores,Private,Premises,Madrid,Em Movil + Ps Em Movil Zafra,"P.º del Marqués de Zafra, 17 + P.º del Marqués de Zafra, 17",28028 + 28028,,,,7 + 7,Convenience Store + Convenience Store,1,2,2,False,False,False,False,False,False,True,False,5,Convenience Store only,3,"Multiple companies, single service",23.77,2,Medium,Gls | InPost + Gls | InPost,False
MAD_LOC_000302,5,PUDO,305,Mundo Del Movil,"Calle de Colomer, 3",40.43422999827814,-3.664583816870265,600,28028.0,305 + 1643 + 2454 + 2675 + 3171,InPost + SEUR + Ctt Express + Gls + Pudo,Convenience Stores + Click&Collect,Privada,Premises,Madrid,InPost + Seur + CTT Express + GLS + PUDO,Convenience stores + Click&Collect,Private,Premises,Madrid,Mundo Del Movil + Mundo Del Movil + Mundo Del Movil + Ps Mundo Movil Diagnostico Colomer + Mundo Movil Colomer,"Calle de Colomer, 3 + Calle de Colomer, 3 + Calle de Colomer, 3 + Calle de Colomer, 3,  local 3 + Calle de Colomer, 3",28028 + 28028 + 28028 + 28028 + 28028,,,,7 + 7 + 7 + 7 + 3,Convenience Store + Convenience Store + Convenience Store + Convenience Store + Click & Collect,1,5,5,False,False,True,False,False,False,True,False,7,Multiple services,4,"Multiple companies, multiple services",13.89,1,High,Ctt Express | Gls | InPost | Pudo | SEUR + Ctt Express | Gls | InPost | Pudo | SEUR + Ctt Express | Gls | InPost | Pudo | SEUR + Ctt Express | Gls | InPost | Pudo | SEUR + Ctt Express | Gls | InPost | Pudo | SEUR,False
MAD_LOC_000306,5,PUDO,309,La Casa Del Cartucho,"C/ de Francisco Silvela, 72",40.436278859722,-3.6756306586682057,600,28028.0,309 + 1652 + 2151 + 2451 + 3003,InPost + SEUR + Celeritas + Ctt Express + UPS,Convenience Stores,Privada,Premises,Madrid,InPost + Seur + Celeritas + CTT Express + UPS,Convenience stores,Private,Premises,Madrid,La Casa Del Cartucho + La Casa Del Cartucho + La Casa Del Cartucho + La Casa Del Cartucho + La Casa Del Cartucho,"C/ de Francisco Silvela, 72 + C/ de Francisco Silvela, 72 + C/ de Francisco Silvela, 72 + C/ de Francisco Silvela, 72 + C/ de Francisco Silvela, 72",28028 + 28028 + 28028 + 28028 + 28028,,,,7 + 7 + 7 + 7 + 7,Convenience Store + Convenience Store + Convenience Store + Convenience Store + Convenience Store,1,5,5,False,False,False,False,False,False,True,False,5,Convenience Store only,3,"Multiple companies, single service",20.71,2,Medium,Celeritas | Ctt Express | InPost | SEUR | UPS + Celeritas | Ctt Express | InPost | SEUR | UPS + Celeritas | Ctt Express | InPost | SEUR | UPS + Celeritas | Ctt Express | InPost | SEUR | UPS + Celeritas | Ctt Express | InPost | SEUR | UPS,False
MAD_LOC_000309,3,PUDO,312,Locutorio Marandu,"C. de Ardemans, 44",40.43562588475206,-3.673359802075977,360,28028.0,312 + 1650 + 2457,InPost + SEUR + Ctt Express,Convenience Stores,Privada,Premises,Madrid,InPost + Seur + CTT Express,Convenience stores,Private,Premises,Madrid,Locutorio Marandu + Locutorio Marandu + Locutorio Marandu,"C. de Ardemans, 44 + C. de Ardemans, 44 + C. de Ardemans, 44",28028 + 28028 + 28028,,,,7 + 7 + 7,Convenience Store + Convenience Store + Convenience Store,1,3,3,False,False,False,False,False,False,True,False,5,Convenience Store only,3,"Multiple companies, single service",17.32,2,Medium,Ctt Express | InPost | SEUR + Ctt Express | InPost | SEUR + Ctt Express | InPost | SEUR,False
MAD_LOC_000311,2,PUDO,314,Rsm Artes Graficas,"C. de Melchor Fernández Almagro, 34",40.4778584134339,-3.702669275668725,240,28029.0,314 + 1654,InPost + SEUR,Convenience Stores,Privada,Premises,Madrid,InPost + Seur,Convenience stores,Private,Premises,Madrid,Rsm Artes Graficas + Rsm Artes Graficas,"C. de Melchor Fernández Almagro, 34 + C. de Melchor Fernández Almagro, 34",28029 + 28029,,,,7 + 7,Convenience Store + Convenience Store,1,2,2,False,False,False,False,False,False,True,False,5,Convenience Store only,3,"Multiple companies, single service",20.39,2,Medium,InPost | SEUR + InPost | SEUR,False
MAD_LOC_000312,2,PUDO,315,24/7 Galp,"C. de Sinesio Delgado, 15",40.474054235748156,-3.70066198437741,120,28029.0,315 + 1655,InPost + SEUR,Locker,Privada,Service Station + Premises,Madrid,InPost + Seur,Lockers,Private,Service Station + Premises,Madrid,24/7 Galp + Seur Lockers Galp Sinesio,"C. de Sinesio Delgado, 15 + C. de Sinesio Delgado, 15",28029 + 28029,,,,1 + 1,Locker + Locker,1,2,2,True,False,False,False,False,False,False,False,1,Locker only,3,"Multiple companies, single service",9.34,1,High,InPost | SEUR + InPost | SEUR,False
MAD_LOC_000315,9,PUDO,318,Envios Masivo,"C. de Álvarez, 19",40.471219143866115,-3.700038732842321,960,28029.0,318 + 1658 + 1660 + 1991 + 2154 + 2681 + 2806 + 3005 + 3156,InPost + SEUR + SEUR + Dhl + Celeritas + Gls + Nacex + UPS + Pudo,Locker + Convenience Stores + Click&Collect,Privada,Premises,Madrid,InPost + Seur + Seur + DHL + Celeritas + GLS + Nacex + UPS + PUDO,Lockers + Convenience stores + Click&Collect,Private,Premises,Madrid,Envios Masivo + Envios Masivos + Seur Lockers Inv Masivos + Envios Masivo + Envios Masivo + Ps Envíos Masivo + Envíos Masivo (2845-10) + Inversiones Masivo + Inversiones Masivo S.L.,"C. de Álvarez, 19 + C. de Álvarez, 19 + C. de Álvarez, 19 + C. de Álvarez, 19 + C. de Álvarez, 19, Local 1 + C. de Álvarez, 19 + C. de Álvarez, 19,  Planta baja, Local 1 + C. de Álvarez, 19 + C. de Álvarez, 19",28029 + 28029 + 28029 + 28029 + 28029 + 28029 + 28029 + 28029 + 28029,,,,1 + 7 + 1 + 7 + 7 + 7 + 7 + 7 + 3,Locker + Convenience Store + Locker + Convenience Store + Convenience Store + Convenience Store + Convenience Store + Convenience Store + Click & Collect,1,9,8,True,False,True,False,False,False,True,False,7,Multiple services,4,"Multiple companies, multiple services",21.74,2,Medium,Celeritas | Dhl | Gls | InPost | Nacex | Pudo | SEUR | UPS + Celeritas | Dhl | Gls | InPost | Nacex | Pudo | SEUR | UPS + Celeritas | Dhl | Gls | InPost | Nacex | Pudo | SEUR | UPS + Celeritas | Dhl | Gls | InPost | Nacex | Pudo | SEUR | UPS + Celeritas | Dhl | Gls | InPost | Nacex | Pudo | SEUR | UPS + Celeritas | Dhl | Gls | InPost | Nacex | Pudo | SEUR | UPS + Celeritas | Dhl | Gls | InPost | Nacex | Pudo | SEUR | UPS + Celeritas | Dhl | Gls | InPost | Nacex | Pudo | SEUR | UPS + Celeritas | Dhl | Gls | InPost | Nacex | Pudo | SEUR | UPS,False
MAD_LOC_000316,2,PUDO,319,Envios Yien,"Pl. de Fonsagrada, 5",40.4776610261426,-3.7078459704627997,240,28029.0,319 + 2804,InPost + Nacex,Convenience Stores,Privada,Premises,Madrid,InPost + Nacex,Convenience stores,Private,Premises,Madrid,Envios Yien + Envios Yien (2845-13),"Pl. de Fonsagrada, 5 + Pl. de Fonsagrada, 5",28029 + 28029,,,,7 + 7,Convenience Store + Convenience Store,1,2,2,False,False,False,False,False,False,True,False,5,Convenience Store only,3,"Multiple companies, single service",3.85,1,High,InPost | Nacex + InPost | Nacex,False
MAD_LOC_000317,2,PUDO,320,Locutorio Silver Envios Ii,"C. de los Mártires de la Ventilla, 85",40.47151829104555,-3.6930717985827997,240,28029.0,320 + 1082,InPost + Amazon,Convenience Stores,Privada,Premises,Madrid,InPost + Amazon,Convenience stores,Private,Premises,Madrid,Locutorio Silver Envios Ii + Silver Envios 2,"C. de los Mártires de la Ventilla, 85 + C. de los Mártires de la Ventilla, 85",28029 + 28029,,,,7 + 7,Convenience Store + Convenience Store,1,2,2,False,False,False,False,False,False,True,False,5,Convenience Store only,3,"Multiple companies, single service",11.0,1,High,Amazon | InPost + Amazon | InPost,False
MAD_LOC_000320,3,PUDO,323,Adalve Opticas,"C. del Puerto de Maspalomas, 4",40.47809197471153,-3.7137635494272967,360,28029.0,323 + 1668 + 2158,InPost + SEUR + Celeritas,Convenience Stores,Privada,Premises,Madrid,InPost + Seur + Celeritas,Convenience stores,Private,Premises,Madrid,Adalve Opticas + Vartex Informatica + Adalve Óptica,"C. del Puerto de Maspalomas, 4 + C. del Puerto de Maspalomas, 6 + C. del Puerto de Maspalomas, 4 Posterior",28029 + 28029 + 28029,,,,7 + 7 + 7,Convenience Store + Convenience Store + Convenience Store,1,3,3,False,False,False,False,False,False,True,False,5,Convenience Store only,3,"Multiple companies, single service",5.31,1,High,Celeritas | InPost | SEUR + Celeritas | InPost | SEUR + Celeritas | InPost | SEUR,False
MAD_LOC_000322,2,PUDO,325,Ferreteria Alvaro,"Av. de Betanzos, 14",40.4731970986451,-3.7118513408690452,240,28029.0,325 + 1665,InPost + SEUR,Convenience Stores,Privada,Premises,Madrid,InPost + Seur,Convenience stores,Private,Premises,Madrid,Ferreteria Alvaro + Ferreteria Alvaro,"Av. de Betanzos, 14 + Av. de Betanzos, 14",28029 + 28029,,,,7 + 7,Convenience Store + Convenience Store,1,2,2,False,False,False,False,False,False,True,False,5,Convenience Store only,3,"Multiple companies, single service",29.67,2,Medium,InPost | SEUR + InPost | SEUR,False
MAD_LOC_000324,3,PUDO,327,Doble C Servicios Informaticos,"C. de Sarria, 2",40.47397813440863,-3.7137413405573567,360,28029.0,327 + 1671 + 3012,InPost + SEUR + UPS,Convenience Stores,Privada,Premises,Madrid,InPost + Seur + UPS,Convenience stores,Private,Premises,Madrid,Doble C Servicios Informaticos + Doblec Servicios Informat + Doble C Servicios Informaticos,"C. de Sarria, 2 + C. de Sarria, 2 + C. de Sarria, 2",28029 + 28029 + 28029,,,,7 + 7 + 7,Convenience Store + Convenience Store + Convenience Store,1,3,3,False,False,False,False,False,False,True,False,5,Convenience Store only,3,"Multiple companies, single service",21.25,2,Medium,InPost | SEUR | UPS + InPost | SEUR | UPS + InPost | SEUR | UPS,False
MAD_LOC_000326,2,PUDO,329,Silver Envios,"C. de González Sola, 16",40.46719055882325,-3.6956999184370503,240,28029.0,329 + 1092,InPost + Amazon,Convenience Stores,Privada,Premises,Madrid,InPost + Amazon,Convenience stores,Private,Premises,Madrid,Silver Envios + Amazon Counter - Locutorio Silvers Envios..,"C. de González Sola, 16 + C. de González Sola, 16",28029 + 28029,,,,7 + 7,Convenience Store + Convenience Store,1,2,2,False,False,False,False,False,False,True,False,5,Convenience Store only,3,"Multiple companies, single service",16.41,2,Medium,Amazon | InPost + Amazon | InPost,False
MAD_LOC_000327,7,PUDO,330,Disache,"C. Pinos Alta, 33",40.46678452232276,-3.6967150855057516,840,28029.0,330 + 1091 + 1669 + 2153 + 2462 + 2683 + 3006,InPost + Amazon + SEUR + Celeritas + Ctt Express + Gls + UPS,Convenience Stores,Privada,Premises,Madrid,InPost + Amazon + Seur + Celeritas + CTT Express + GLS + UPS,Convenience stores,Private,Premises,Madrid,Disache + Amazon Counter - Disache C.B. + Disache C.B. + Disache + Disache + Ps Disache + Disache,"C. Pinos Alta, 33 + C. Pinos Alta, 33 + C. Pinos Alta, 33 + C. Pinos Alta, 33 + C. Pinos Alta, 33 + Calle Pinos Alta 33 + C. Pinos Alta, 33",28029 + 28029 + 28029 + 28029 + 28029 + 28029 + 28029,,,,7 + 7 + 7 + 7 + 7 + 7 + 7,Convenience Store + Convenience Store + Convenience Store + Convenience Store + Convenience Store + Convenience Store + Convenience Store,1,7,7,False,False,False,False,False,False,True,False,5,Convenience Store only,3,"Multiple companies, single service",22.17,2,Medium,Amazon | Celeritas | Ctt Express | Gls | InPost | SEUR | UPS + Amazon | Celeritas | Ctt Express | Gls | InPost | SEUR | UPS + Amazon | Celeritas | Ctt Express | Gls | InPost | SEUR | UPS + Amazon | Celeritas | Ctt Express | Gls | InPost | SEUR | UPS + Amazon | Celeritas | Ctt Express | Gls | InPost | SEUR | UPS + Amazon | Celeritas | Ctt Express | Gls | InPost | SEUR | UPS + Amazon | Celeritas | Ctt Express | Gls | InPost | SEUR | UPS,False
MAD_LOC_000330,3,PUDO,333,Estanco El Organillo,"C. del Camino de los Vinateros, 167",40.4059293850368,-3.6419775025659065,360,28030.0,333 + 1093 + 1675,InPost + Amazon + SEUR,Convenience Stores,Privada,Premises,Madrid,InPost + Amazon + Seur,Convenience stores,Private,Premises,Madrid,Estanco El Organillo + Seur - Estanco El Organillo + Estanco El Organillo,"C. del Camino de los Vinateros, 167 + C. del Camino de los Vinateros, 167 + C. del Camino de los Vinateros, 167",28030 + 28030 + 28030,,,,7 + 7 + 7,Convenience Store + Convenience Store + Convenience Store,1,3,3,False,False,False,False,False,False,True,False,5,Convenience Store only,3,"Multiple companies, single service",6.87,1,High,Amazon | InPost | SEUR + Amazon | InPost | SEUR + Amazon | InPost | SEUR,False
MAD_LOC_000331,2,PUDO,334,Locutorio Chasquinet,"C. del Camino de los Vinateros, 152",40.40670773846265,-3.6449040815353246,240,28030.0,334 + 1095,InPost + Amazon,Convenience Stores,Privada,Premises,Madrid,InPost + Amazon,Convenience stores,Private,Premises,Madrid,Locutorio Chasquinet + Amazon Counter - Locutorio Chasquinet,"C. del Camino de los Vinateros, 152 + C. del Camino de los Vinateros, 154, LOCAL 82",28030 + 28030,,,,7 + 7,Convenience Store + Convenience Store,1,2,2,False,False,False,False,False,False,True,False,5,Convenience Store only,3,"Multiple companies, single service",5.04,1,High,Amazon | InPost + Amazon | InPost,False
MAD_LOC_000334,6,PUDO,337,Locutorio Mi Llajta,"C. del Camino de los Vinateros, 93",40.40984974020543,-3.6479944164749285,720,28030.0,337 + 1097 + 1104 + 1679 + 2163 + 2469,InPost + Amazon + Amazon + SEUR + Celeritas + Ctt Express,Convenience Stores,Privada,Premises,Madrid,InPost + Amazon + Amazon + Seur + Celeritas + CTT Express,Convenience stores,Private,Premises,Madrid,Locutorio Mi Llajta + Amazon Counter - Locutorio Mi Llajta + Seur - Locutorio Mi Llajta + Locutorio Mi Llajta + Locutorio Mi Llajta + Locutorio Mi Llajta,"C. del Camino de los Vinateros, 93 + C. del Camino de los Vinateros, 93, BAJO 1 + C. del Camino de los Vinateros, 93 + C. del Vinateros, 93 + C. del Camino de los Vinateros, 93 + C. del Camino de los Vinateros, 93",28030 + 28030 + 28030 + 28030 + 28030 + 28030,,,,7 + 7 + 7 + 7 + 7 + 7,Convenience Store + Convenience Store + Convenience Store + Convenience Store + Convenience Store + Convenience Store,1,6,5,False,False,False,False,False,False,True,False,5,Convenience Store only,3,"Multiple companies, single service",25.76,2,Medium,Amazon | Celeritas | Ctt Express | InPost | SEUR + Amazon | Celeritas | Ctt Express | InPost | SEUR + Amazon | Celeritas | Ctt Express | InPost | SEUR + Amazon | Celeritas | Ctt Express | InPost | SEUR + Amazon | Celeritas | Ctt Express | InPost | SEUR + Amazon | Celeritas | Ctt Express | InPost | SEUR,False
MAD_LOC_000337,2,PUDO,340,Summer Papeleria,"C. de la Fuente Carrantona, 27",40.40636914937255,-3.632714151688455,240,28030.0,340 + 1677,InPost + SEUR,Convenience Stores,Privada,Premises,Madrid,InPost + Seur,Convenience stores,Private,Premises,Madrid,Summer Papeleria + Summer Papeleria,"C. de la Fuente Carrantona, 27 + C. de la Fuente Carrantona, 27",28030 + 28030,,,,7 + 7,Convenience Store + Convenience Store,1,2,2,False,False,False,False,False,False,True,False,5,Convenience Store only,3,"Multiple companies, single service",3.95,1,High,InPost | SEUR + InPost | SEUR,False
MAD_LOC_000345,6,PUDO,348,Estanco Tacona,"C. de la Tacona, 33",40.39721186614288,-3.6411189706149867,720,28030.0,348 + 1107 + 1686 + 2160 + 2470 + 2477,InPost + Amazon + SEUR + Celeritas + Ctt Express + Ctt Express,Convenience Stores,Privada,Premises,Madrid,InPost + Amazon + Seur + Celeritas + CTT Express + CTT Express,Convenience stores,Private,Premises,Madrid,Estanco Tacona + Amazon Counter - Estanco Tacona 534 + Estanco Tacona + Estanco Tacona + Estanco Tacona + Estanco Tacona 534,"C. de la Tacona, 33 + C. de la Tacona, 33 + C. de la Tacona, 33 + C. de la Tacona, 33 + C. de la Tacona, 33 + C. de la Tacona, 33",28030 + 28030 + 28030 + 28030 + 28030 + 28030,,,,7 + 7 + 7 + 7 + 7 + 7,Convenience Store + Convenience Store + Convenience Store + Convenience Store + Convenience Store + Convenience Store,1,6,5,False,False,False,False,False,False,True,False,5,Convenience Store only,3,"Multiple companies, single service",12.81,1,High,Amazon | Celeritas | Ctt Express | InPost | SEUR + Amazon | Celeritas | Ctt Express | InPost | SEUR + Amazon | Celeritas | Ctt Express | InPost | SEUR + Amazon | Celeritas | Ctt Express | InPost | SEUR + Amazon | Celeritas | Ctt Express | InPost | SEUR + Amazon | Celeritas | Ctt Express | InPost | SEUR,False
MAD_LOC_000348,3,PUDO,351,Estanco Metro Estrella,"C. del Camino de los Vinateros, 10",40.410430397803935,-3.6604838318217134,360,28030.0,351 + 1689 + 2164,InPost + SEUR + Celeritas,Convenience Stores,Privada,Premises,Madrid,InPost + Seur + Celeritas,Convenience stores,Private,Premises,Madrid,Estanco Metro Estrella + Estanco Metro Estrella + Estanco Metro Estrella 017,"C. del Camino de los Vinateros, 10 + C. del Camino de los Vinateros, 10 + C. del Camino de los Vinateros, 10",28030 + 28030 + 28030,,,,7 + 7 + 7,Convenience Store + Convenience Store + Convenience Store,1,3,3,False,False,False,False,False,False,True,False,5,Convenience Store only,3,"Multiple companies, single service",25.93,2,Medium,Celeritas | InPost | SEUR + Celeritas | InPost | SEUR + Celeritas | InPost | SEUR,False
MAD_LOC_000350,3,PUDO,353,Frutos Secos Jesus,"C. de Castrillo de Aza, 15",40.38391370033333,-3.60982820484319,360,28031.0,353 + 1694 + 2753,InPost + SEUR + Gls,Convenience Stores,Privada,Premises,Madrid,InPost + Seur + GLS,Convenience stores,Private,Premises,Madrid,Frutos Secos Jesus + Frutos Secos Jesus + Ps Frutos Secos Jesus,"C. de Castrillo de Aza, 15 + C. de Castrillo de Aza, 15 + Calle de Castrillo de Aza 15",28031 + 28031 + 28031,,,,7 + 7 + 7,Convenience Store + Convenience Store + Convenience Store,1,3,3,False,False,False,False,False,False,True,False,5,Convenience Store only,3,"Multiple companies, single service",6.89,1,High,Gls | InPost | SEUR + Gls | InPost | SEUR + Gls | InPost | SEUR,False
MAD_LOC_000351,2,PUDO,354,Panaderia Pek,"C. de la Sierra del Torcal, 3",40.3790437908092,-3.61743510545506,240,28031.0,354 + 2863,InPost + Nacex,Convenience Stores,Privada,Premises,Madrid,InPost + Nacex,Convenience stores,Private,Premises,Madrid,Panaderia Pek + Pek (2813-29),"C. de la Sierra del Torcal, 3 + C. de la Sierra del Torcal, 3",28031 + 28031,,,,7 + 7,Convenience Store + Convenience Store,1,2,2,False,False,False,False,False,False,True,False,5,Convenience Store only,3,"Multiple companies, single service",3.71,1,High,InPost | Nacex + InPost | Nacex,False
MAD_LOC_000359,2,PUDO,362,Locker Supermercado Dia Calle D,"C. de San Jaime, 1",40.37797832829035,-3.62992158785484,120,28031.0,362 + 1127,InPost + Amazon,Locker,Privada,Supermarket,Madrid,InPost + Amazon,Lockers,Private,Supermarket,Madrid,Locker Supermercado Dia Calle D + Amazon Locker - Iriondo Supermercado,"C. de San Jaime, 1 + C. de San Jaime, 1",28031 + 28031,,,,1 + 1,Locker + Locker,1,2,2,True,False,False,False,False,False,False,False,1,Locker only,3,"Multiple companies, single service",23.94,2,Medium,Amazon | InPost + Amazon | InPost,False
MAD_LOC_000361,3,PUDO,364,Frutas Y Productos Latinos Gael,"C. de Villajimena, 6",40.40739241566704,-3.6076789937355467,360,28032.0,364 + 1143 + 2498,InPost + Amazon + Ctt Express,Convenience Stores,Privada,Premises,Madrid,InPost + Amazon + CTT Express,Convenience stores,Private,Premises,Madrid,Frutas Y Productos Latinos Gael + Amazon Counter - Fruteria Y Productos Latinos Gael + Fruteria Y Productos Latinos Gael,"C. de Villajimena, 6 + C. de Villajimena, 6 + C. de Villajimena, 6",28032 + 28032 + 28032,,,,7 + 7 + 7,Convenience Store + Convenience Store + Convenience Store,1,3,3,False,False,False,False,False,False,True,False,5,Convenience Store only,3,"Multiple companies, single service",23.88,2,Medium,Amazon | Ctt Express | InPost + Amazon | Ctt Express | InPost + Amazon | Ctt Express | InPost,False
MAD_LOC_000362,6,PUDO,365,Cyber Locutorio Mym,"C. de Calahorra, 25",40.406274924942565,-3.6140819718371446,720,28032.0,365 + 1141 + 1142 + 1702 + 2496 + 2752,InPost + Amazon + Amazon + SEUR + Ctt Express + Gls,Convenience Stores,Privada,Premises,Madrid,InPost + Amazon + Amazon + Seur + CTT Express + GLS,Convenience stores,Private,Premises,Madrid,Cyber Locutorio Mym + Seur - Multiservicios Mym + Amazon Counter - Cyberlocutorio M&M + Multiservicios Mym + Cyberlocutorio M&M + Ps Cyberlocutorio Mym,"C. de Calahorra, 25 + C. de Calahorra, 25 + C. de Calahorra, 25 + C. de Calahorra, 25 + C. de Calahorra, 25 + Calle de Calahorra 25",28032 + 28032 + 28032 + 28032 + 28032 + 28032,,,,7 + 7 + 7 + 7 + 7 + 7,Convenience Store + Convenience Store + Convenience Store + Convenience Store + Convenience Store + Convenience Store,1,6,5,False,False,False,False,False,False,True,False,5,Convenience Store only,3,"Multiple companies, single service",28.2,2,Medium,Amazon | Ctt Express | Gls | InPost | SEUR + Amazon | Ctt Express | Gls | InPost | SEUR + Amazon | Ctt Express | Gls | InPost | SEUR + Amazon | Ctt Express | Gls | InPost | SEUR + Amazon | Ctt Express | Gls | InPost | SEUR + Amazon | Ctt Express | Gls | InPost | SEUR,False
MAD_LOC_000367,4,PUDO,370,Papeleria Y Loterias Los Trabal,"C. de Minerva, 89",40.39692944521043,-3.6055069404755073,480,28032.0,370 + 1709 + 2169 + 2492,InPost + SEUR + Celeritas + Ctt Express,Convenience Stores,Privada,Premises,Madrid,InPost + Seur + Celeritas + CTT Express,Convenience stores,Private,Premises,Madrid,Papeleria Y Loterias Los Trabal + Papeleria Trabalenguas + Papelería Trabalenguas + Papelería Trabalenguas,"C. de Minerva, 89 + C. de Minerva, 89 + C. de Minerva, 89 + C. de Minerva, 89",28032 + 28032 + 28032 + 28032,,,,7 + 7 + 7 + 7,Convenience Store + Convenience Store + Convenience Store + Convenience Store,1,4,4,False,False,False,False,False,False,True,False,5,Convenience Store only,3,"Multiple companies, single service",27.74,2,Medium,Celeritas | Ctt Express | InPost | SEUR + Celeritas | Ctt Express | InPost | SEUR + Celeritas | Ctt Express | InPost | SEUR + Celeritas | Ctt Express | InPost | SEUR,False
MAD_LOC_000369,3,PUDO,372,Locker Cc Valdebernardo,"Centro Comercial Valdebernardo, Blvr. de José Prat, 35",40.397811604837166,-3.6184627762502664,240,28032.0,372 + 1711 + 3242,InPost + SEUR + Pudo,Locker + Click&Collect,Privada,Premises + Mall,Madrid,InPost + Seur + PUDO,Lockers + Click&Collect,Private,Premises + Mall,Madrid,Locker Cc Valdebernardo + Seur Locker Valdebernardo + C.C. Valdebernardo,"Centro Comercial Valdebernardo, Blvr. de José Prat, 35 + C. de los Pinillas, 48 + C. de los Pinillas, 48",28032 + 28032 + 28032,,,,1 + 1 + 3,Locker + Locker + Click & Collect,1,3,3,True,False,True,False,False,False,False,False,7,Multiple services,4,"Multiple companies, multiple services",18.34,2,Medium,InPost | Pudo | SEUR + InPost | Pudo | SEUR + InPost | Pudo | SEUR,False
MAD_LOC_000374,2,PUDO,377,Baby Gallery,"C. de Lorca, 1",40.472053279358846,-3.65560389707594,240,28033.0,377 + 1715,InPost + SEUR,Convenience Stores,Privada,Premises,Madrid,InPost + Seur,Convenience stores,Private,Premises,Madrid,Baby Gallery + Baby Gallery,"C. de Lorca, 1 + C. de Lorca, 1",28033 + 28033,,,,7 + 7,Convenience Store + Convenience Store,1,2,2,False,False,False,False,False,False,True,False,5,Convenience Store only,3,"Multiple companies, single service",20.01,2,Medium,InPost | SEUR + InPost | SEUR,False
MAD_LOC_000376,2,PUDO,379,Famishop Alimentacion,"C. de Manuel Chaves Nogales, 1",40.4748434614945,-3.652538036923345,240,28033.0,379 + 2500,InPost + Ctt Express,Convenience Stores,Privada,Premises,Madrid,InPost + CTT Express,Convenience stores,Private,Premises,Madrid,Famishop Alimentacion + Famishop Alimentacion,"C. de Manuel Chaves Nogales, 1 + C. de Manuel Chaves Nogales, 1",28033 + 28033,,,,7 + 7,Convenience Store + Convenience Store,1,2,2,False,False,False,False,False,False,True,False,5,Convenience Store only,3,"Multiple companies, single service",12.72,1,High,Ctt Express | InPost + Ctt Express | InPost,False
MAD_LOC_000377,2,PUDO,380,Pachulla Vida Bar,"C. Arzúa, 15",40.47422196339315,-3.645936257262645,240,28033.0,380 + 2504,InPost + Ctt Express,Convenience Stores,Privada,Premises,Madrid,InPost + CTT Express,Convenience stores,Private,Premises,Madrid,Pachulla Vida Bar + Pa Chulla Vida Bar,"C. Arzúa, 15 + C. Arzúa, 13",28033 + 28033,,,,7 + 7,Convenience Store + Convenience Store,1,2,2,False,False,False,False,False,False,True,False,5,Convenience Store only,3,"Multiple companies, single service",7.37,1,High,Ctt Express | InPost + Ctt Express | InPost,False
MAD_LOC_000380,3,PUDO,383,Peluqueria Y Estetica Roseni Li,"Av. de San Luis, 146",40.476031492998366,-3.6670186595382965,360,28033.0,383 + 1150 + 3027,InPost + Amazon + UPS,Convenience Stores,Privada,Premises,Madrid,InPost + Amazon + UPS,Convenience stores,Private,Premises,Madrid,Peluqueria Y Estetica Roseni Li + Amazon Counter - Peluquería Y Estética Roseni Lima + Kanguro Peluq Est Roseni Lima,"Av. de San Luis, 146 + Av. de San Luis, 146 + Av. de San Luis, 146",28033 + 28033 + 28033,,,,7 + 7 + 7,Convenience Store + Convenience Store + Convenience Store,1,3,3,False,False,False,False,False,False,True,False,5,Convenience Store only,3,"Multiple companies, single service",16.79,2,Medium,Amazon | InPost | UPS + Amazon | InPost | UPS + Amazon | InPost | UPS,False
MAD_LOC_000383,3,PUDO,386,Kiosko De Castro,"C. de Añastro, 9",40.4680462668236,-3.6632002497381966,360,28033.0,386 + 2172 + 2499,InPost + Celeritas + Ctt Express,Convenience Stores,Privada,Kiosk,Madrid,InPost + Celeritas + CTT Express,Convenience stores,Private,Kiosk,Madrid,Kiosko De Castro + Kiosco De Castro + Kiosco De Castro,"C. de Añastro, 9 + C. de Añastro, 9 + C. de Añastro, 9",28033 + 28033 + 28033,,,,7 + 7 + 7,Convenience Store + Convenience Store + Convenience Store,1,3,3,False,False,False,False,False,False,True,False,5,Convenience Store only,3,"Multiple companies, single service",10.45,1,High,Celeritas | Ctt Express | InPost + Celeritas | Ctt Express | InPost + Celeritas | Ctt Express | InPost,False
MAD_LOC_000385,4,PUDO,388,Herbolario Arahal,"C. de Arturo Soria, 324",40.479204887536675,-3.6677906608273645,480,28033.0,388 + 1152 + 1725 + 3216,InPost + Amazon + SEUR + Pudo,Convenience Stores + Click&Collect,Privada,Premises + Mall,Madrid,InPost + Amazon + Seur + PUDO,Convenience stores + Click&Collect,Private,Premises + Mall,Madrid,Herbolario Arahal + Seur - Herbolario Arahal + Herbolario Arahal + C.C. Colombia,"C. de Arturo Soria, 324 + C. de Arturo Soria, 324 + C. de Arturo Soria, 324 + Av. de Bucaramanga, 2",28033 + 28033 + 28033 + 28033,,,,7 + 7 + 7 + 3,Convenience Store + Convenience Store + Convenience Store + Click & Collect,1,4,4,False,False,True,False,False,False,True,False,7,Multiple services,4,"Multiple companies, multiple services",11.84,1,High,Amazon | InPost | Pudo | SEUR + Amazon | InPost | Pudo | SEUR + Amazon | InPost | Pudo | SEUR + Amazon | InPost | Pudo | SEUR,False
MAD_LOC_000386,4,PUDO,389,Suma Supermercados,"C. de la Dulzaina, 6",40.48101323879855,-3.6633901101124624,480,28033.0,389 + 1151 + 1723 + 2501,InPost + Amazon + SEUR + Ctt Express,Convenience Stores,Privada,Premises + Supermarket,Madrid,InPost + Amazon + Seur + CTT Express,Convenience stores,Private,Premises + Supermarket,Madrid,Suma Supermercados + Amazon Counter - Supermercado Suma + Supermercado Suma + Supermercado Suma,"C. de la Dulzaina, 6 + C. de la Dulzaina, 6 + C. de la Dulzaina, 6 + C. de la Dulzaina, 6",28033 + 28033 + 28033 + 28033,,,,7 + 7 + 7 + 7,Convenience Store + Convenience Store + Convenience Store + Convenience Store,1,4,4,False,False,False,False,False,False,True,False,5,Convenience Store only,3,"Multiple companies, single service",10.39,1,High,Amazon | Ctt Express | InPost | SEUR + Amazon | Ctt Express | InPost | SEUR + Amazon | Ctt Express | InPost | SEUR + Amazon | Ctt Express | InPost | SEUR,False
MAD_LOC_000388,5,PUDO,391,Tresolibros,"Pl. Tres Olivos, 4",40.5012902802304,-3.690735205047858,600,28034.0,391 + 1158 + 1729 + 2173 + 2505,InPost + Amazon + SEUR + Celeritas + Ctt Express,Convenience Stores,Privada,Premises,Madrid,InPost + Amazon + Seur + Celeritas + CTT Express,Convenience stores,Private,Premises,Madrid,Tresolibros + Seur - Pasapagina + Pasapagina + Pasapagina + Pasapagina,"Pl. Tres Olivos, 4 + Pl. Tres Olivos, 3 + Pl. Tres Olivos, 3 + Pl. Tres Olivos, 3 + Pl. Tres Olivos, 3",28034 + 28034 + 28034 + 28034 + 28034,,,,7 + 7 + 7 + 7 + 7,Convenience Store + Convenience Store + Convenience Store + Convenience Store + Convenience Store,1,5,5,False,False,False,False,False,False,True,False,5,Convenience Store only,3,"Multiple companies, single service",29.0,2,Medium,Amazon | Celeritas | Ctt Express | InPost | SEUR + Amazon | Celeritas | Ctt Express | InPost | SEUR + Amazon | Celeritas | Ctt Express | InPost | SEUR + Amazon | Celeritas | Ctt Express | InPost | SEUR + Amazon | Celeritas | Ctt Express | InPost | SEUR,False
MAD_LOC_000389,2,PUDO,392,Locker 24/7 Repsol Cred Fuencar,"CL AVENIDA, Calle de Ntra. Sra. de Valverde, 175",40.5036395125055,-3.685856631098175,120,28034.0,392 + 1156,InPost + Amazon,Locker,Privada,Service Station,Madrid,InPost + Amazon,Lockers,Private,Service Station,Madrid,Locker 24/7 Repsol Cred Fuencar + Amazon Locker - Telefono Repsol,"CL AVENIDA, Calle de Ntra. Sra. de Valverde, 175 + Calle de Ntra. Sra. de Valverde, 175",28034 + 28034,,,,1 + 1,Locker + Locker,1,2,2,True,False,False,False,False,False,False,False,1,Locker only,3,"Multiple companies, single service",20.12,2,Medium,Amazon | InPost + Amazon | InPost,False
MAD_LOC_000393,3,PUDO,396,La Tienda De Lara,"C. de Sabadell, 86",40.49179947958077,-3.69682808687744,360,28034.0,396 + 1732 + 3034,InPost + SEUR + UPS,Convenience Stores,Privada,Premises,Madrid,InPost + Seur + UPS,Convenience stores,Private,Premises,Madrid,La Tienda De Lara + La Tienda De Lara + La Tienda De Lara,"C. de Sabadell, 86 + C. de Sabadell, 86 + C. de Sabadell, 86",28034 + 28034 + 28034,,,,7 + 7 + 7,Convenience Store + Convenience Store + Convenience Store,1,3,3,False,False,False,False,False,False,True,False,5,Convenience Store only,3,"Multiple companies, single service",18.17,2,Medium,InPost | SEUR | UPS + InPost | SEUR | UPS + InPost | SEUR | UPS,False
MAD_LOC_000398,2,PUDO,401,Expendeduria 280760,"C. de Santiago de Compostela, 34",40.48377600921795,-3.701897284201215,240,28034.0,401 + 2845,InPost + Nacex,Convenience Stores,Privada,Premises,Madrid,InPost + Nacex,Convenience stores,Private,Premises,Madrid,Expendeduria 280760 + Estanco Nº 760 Madrid (2880-04),"C. de Santiago de Compostela, 34 + C. de Santiago de Compostela, 34",28034 + 28034,,,,7 + 7,Convenience Store + Convenience Store,1,2,2,False,False,False,False,False,False,True,False,5,Convenience Store only,3,"Multiple companies, single service",10.89,1,High,InPost | Nacex + InPost | Nacex,False
MAD_LOC_000399,4,PUDO,402,Locutorio Casandra,"C. de Isidro Fernández, 11",40.48468496905292,-3.68751404938394,420,28034.0,402 + 1736 + 3037 + 3206,InPost + SEUR + UPS + Pudo,Convenience Stores + Locker + Click&Collect,Privada,Premises,Madrid,InPost + Seur + UPS + PUDO,Convenience stores + Lockers + Click&Collect,Private,Premises,Madrid,Locutorio Casandra + Seur Locker Locutorio Cas + Locutorio Casandra + Locutorio Casandra,"C. de Isidro Fernández, 11 + C. de Isidro Fernández, 11 + C. de Isidro Fernández, 11 + C. de Isidro Fernández, 11",28034 + 28034 + 28034 + 28034,,,,7 + 1 + 7 + 3,Convenience Store + Locker + Convenience Store + Click & Collect,1,4,4,True,False,True,False,False,False,True,False,7,Multiple services,4,"Multiple companies, multiple services",23.63,2,Medium,InPost | Pudo | SEUR | UPS + InPost | Pudo | SEUR | UPS + InPost | Pudo | SEUR | UPS + InPost | Pudo | SEUR | UPS,False
MAD_LOC_000402,2,PUDO,405,Misu Cuidado Y Belleza,"C. del Pico Balaitus, 12",40.482339960798456,-3.720617595308485,240,28035.0,405 + 3043,InPost + UPS,Convenience Stores,Privada,Premises,Madrid,InPost + UPS,Convenience stores,Private,Premises,Madrid,Misu Cuidado Y Belleza + Kanguro Misu Cuidado Y Belleza,"C. del Pico Balaitus, 12 + C. del Pico Balaitus, 12",28035 + 28035,,,,7 + 7,Convenience Store + Convenience Store,1,2,2,False,False,False,False,False,False,True,False,5,Convenience Store only,3,"Multiple companies, single service",14.64,1,High,InPost | UPS + InPost | UPS,False
MAD_LOC_000403,3,PUDO,406,Tabacos N691,"C. de Ramón Gómez de la Serna, 115",40.48193757676864,-3.7261631810611466,360,28035.0,406 + 1163 + 1743,InPost + Amazon + SEUR,Convenience Stores,Privada,Premises,Madrid,InPost + Amazon + Seur,Convenience stores,Private,Premises,Madrid,Tabacos N691 + Seur - Estanco Alma Cabero + Estanco Alma Cabero,"C. de Ramón Gómez de la Serna, 115 + C. de Ramón Gómez de la Serna, 115 + C. de Ramón Gómez de la Serna, 115",28035 + 28035 + 28035,,,,7 + 7 + 7,Convenience Store + Convenience Store + Convenience Store,1,3,3,False,False,False,False,False,False,True,False,5,Convenience Store only,3,"Multiple companies, single service",9.03,1,High,Amazon | InPost | SEUR + Amazon | InPost | SEUR + Amazon | InPost | SEUR,False
MAD_LOC_000404,2,PUDO,407,24/7 Gasolinera Repsol,"Av del Cardenal Herrera Oria, 290",40.47935315660645,-3.7259614151451297,120,28035.0,407 + 1162,InPost + Amazon,Locker,Privada,Service Station,Madrid,InPost + Amazon,Lockers,Private,Service Station,Madrid,24/7 Gasolinera Repsol + Amazon Locker - Adil Repsol,"Av del Cardenal Herrera Oria, 290 + Av del Cardenal Herrera Oria, 290",28035 + 28035,,,,1 + 1,Locker + Locker,1,2,2,True,False,False,False,False,False,False,False,1,Locker only,3,"Multiple companies, single service",9.14,1,High,Amazon | InPost + Amazon | InPost,False
MAD_LOC_000407,2,PUDO,410,Cbd Premium Store Ilustracion,"C. de las Islas Cíes, 13",40.48050431457005,-3.7182539720482497,240,28035.0,410 + 2508,InPost + Ctt Express,Convenience Stores,Privada,Premises,Madrid,InPost + CTT Express,Convenience stores,Private,Premises,Madrid,Cbd Premium Store Ilustracion + Expendeduria 889,"C. de las Islas Cíes, 13 + C. de las Islas Cíes, 13",28035 + 28035,,,,7 + 7,Convenience Store + Convenience Store,1,2,2,False,False,False,False,False,False,True,False,5,Convenience Store only,3,"Multiple companies, single service",1.28,1,High,Ctt Express | InPost + Ctt Express | InPost,False
MAD_LOC_000410,2,PUDO,413,Drogueria Perfumeria Peral,"C. de la Isla de Oza, 62",40.4643350420584,-3.723223233984865,240,28035.0,413 + 3041,InPost + UPS,Convenience Stores,Privada,Premises,Madrid,InPost + UPS,Convenience stores,Private,Premises,Madrid,Drogueria Perfumeria Peral + Kanguro Drogueria Cosmet Peral,"C. de la Isla de Oza, 62 + C. de la Isla de Oza, 62",28035 + 28035,,,,7 + 7,Convenience Store + Convenience Store,1,2,2,False,False,False,False,False,False,True,False,5,Convenience Store only,3,"Multiple companies, single service",3.79,1,High,InPost | UPS + InPost | UPS,False
MAD_LOC_000415,2,PUDO,418,Supermercado Dia,"Calle del Dr. Fleming, 29",40.46097503227675,-3.6880089082462497,120,28036.0,418 + 1165,InPost + Amazon,Locker,Privada,Supermarket,Madrid,InPost + Amazon,Lockers,Private,Supermarket,Madrid,Supermercado Dia + Lockers Valentin,"Calle del Dr. Fleming, 29 + Calle del Dr. Fleming 29",28036 + 28036,,,,1 + 1,Locker + Locker,1,2,2,True,False,False,False,False,False,False,False,1,Locker only,3,"Multiple companies, single service",6.35,1,High,Amazon | InPost + Amazon | InPost,False
MAD_LOC_000418,2,PUDO,421,Locker 24/7 Emt Mad Nuestra Sen,"C. de la Hiedra, 26",40.47239510745895,-3.679060228978285,120,28036.0,421 + 1164,InPost + Amazon,Locker,Pública + Privada,Parking,Madrid,InPost + Amazon,Lockers,Public + Private,Parking,Madrid,Locker 24/7 Emt Mad Nuestra Sen + Lockers Tocumen,"C. de la Hiedra, 26 + Calle de la Hiedra 26B",28036 + 28036,,,,1 + 1,Locker + Locker,1,2,2,True,False,False,False,False,False,False,False,1,Locker only,3,"Multiple companies, single service",15.13,2,Medium,Amazon | InPost + Amazon | InPost,False
MAD_LOC_000423,4,PUDO,426,Agencia De Viajes,"C. de Argos, 9",40.4368968143987,-3.635404120972745,480,28037.0,426 + 2185 + 2855 + 3049,InPost + Celeritas + Nacex + UPS,Convenience Stores,Privada,Premises,Madrid,InPost + Celeritas + Nacex + UPS,Convenience stores,Private,Premises,Madrid,Agencia De Viajes + Agencia Viajes International Travelling + Agencia De Viajes International Travelling (2878-15) + International Travelling,"C. de Argos, 9 + C. de Argos, 9 + C. de Argos, 9 + C. de Argos, 9",28037 + 28037 + 28037 + 28037,,,,7 + 7 + 7 + 7,Convenience Store + Convenience Store + Convenience Store + Convenience Store,1,4,4,False,False,False,False,False,False,True,False,5,Convenience Store only,3,"Multiple companies, single service",19.21,2,Medium,Celeritas | InPost | Nacex | UPS + Celeritas | InPost | Nacex | UPS + Celeritas | InPost | Nacex | UPS + Celeritas | InPost | Nacex | UPS,False
MAD_LOC_000427,3,PUDO,430,Modas Martinez,"C. de Amposta, 14",40.42690517328713,-3.62205359758814,360,28037.0,430 + 1172 + 1756,InPost + Amazon + SEUR,Convenience Stores,Privada,Premises,Madrid,InPost + Amazon + Seur,Convenience stores,Private,Premises,Madrid,Modas Martinez + Seur - Modas Martinez Amposta + Modas Martinez Amposta,"C. de Amposta, 14 + C. de Amposta, 14 + C. de Amposta, 14",28037 + 28037 + 28037,,,,7 + 7 + 7,Convenience Store + Convenience Store + Convenience Store,1,3,3,False,False,False,False,False,False,True,False,5,Convenience Store only,3,"Multiple companies, single service",11.52,1,High,Amazon | InPost | SEUR + Amazon | InPost | SEUR + Amazon | InPost | SEUR,False
MAD_LOC_000428,3,PUDO,431,Market La Esquina 38,"C. de los Tejedores, 39",40.4291509123892,-3.61933094478742,300,28037.0,431 + 2519 + 2857,InPost + Ctt Express + Nacex,Locker + Convenience Stores,Privada,Premises,Madrid,InPost + CTT Express + Nacex,Lockers + Convenience stores,Private,Premises,Madrid,Market La Esquina 38 + Market La Esquina 38 + Market La Esquina 38 (2878-13),"C. de los Tejedores, 39 + C. de los Tejedores, 39 + C. de los Tejedores, 39",28037 + 28037 + 28037,,,,1 + 7 + 7,Locker + Convenience Store + Convenience Store,1,3,3,True,False,False,False,False,False,True,False,7,Multiple services,4,"Multiple companies, multiple services",23.54,2,Medium,Ctt Express | InPost | Nacex + Ctt Express | InPost | Nacex + Ctt Express | InPost | Nacex,False
MAD_LOC_000430,3,PUDO,433,Frutas Y Verduras Chinchon,"C. de Alconera, 7",40.43120968881197,-3.618203433683257,360,28037.0,433 + 1170 + 1754,InPost + Amazon + SEUR,Convenience Stores,Privada,Premises,Madrid,InPost + Amazon + Seur,Convenience stores,Private,Premises,Madrid,Frutas Y Verduras Chinchon + Seur - Frutas Chinchon + Frutas Chinchon,"C. de Alconera, 7 + C. de Alconera, 7 + C. de Alconera, 7",28037 + 28037 + 28037,,,,7 + 7 + 7,Convenience Store + Convenience Store + Convenience Store,1,3,3,False,False,False,False,False,False,True,False,5,Convenience Store only,3,"Multiple companies, single service",3.27,1,High,Amazon | InPost | SEUR + Amazon | InPost | SEUR + Amazon | InPost | SEUR,False
MAD_LOC_000435,3,PUDO,438,Envios Caribe,"C. Picos de Europa, 9",40.395643911581,-3.6621593213867865,360,28038.0,438 + 1185 + 1764,InPost + Amazon + SEUR,Convenience Stores,Privada,Premises,Madrid,InPost + Amazon + Seur,Convenience stores,Private,Premises,Madrid,Envios Caribe + Seur - Envios Caribe + Envios Caribe,"C. Picos de Europa, 9 + C. de los Picos de Europa, 9 + C. Picos de Europa, 9",28038 + 28038 + 28038,,,,7 + 7 + 7,Convenience Store + Convenience Store + Convenience Store,1,3,3,False,False,False,False,False,False,True,False,5,Convenience Store only,3,"Multiple companies, single service",27.49,2,Medium,Amazon | InPost | SEUR + Amazon | InPost | SEUR + Amazon | InPost | SEUR,False
MAD_LOC_000436,2,PUDO,439,Multifoto,"C. Diego Manchado, 25",40.3901260667028,-3.64756509830567,240,28038.0,439 + 3250,InPost + Pudo,Convenience Stores + Click&Collect,Privada,Premises,Madrid,InPost + PUDO,Convenience stores + Click&Collect,Private,Premises,Madrid,Multifoto + Confección Aurora Chalo,"C. Diego Manchado, 25 + C. Diego Manchado, 52",28038 + 28018,,,,7 + 3,Convenience Store + Click & Collect,1,2,2,False,False,True,False,False,False,True,False,7,Multiple services,4,"Multiple companies, multiple services",8.33,1,High,InPost | Pudo + InPost | Pudo,False
MAD_LOC_000437,6,PUDO,440,Locker Locutorio Geomil,"Av. de Peña Prieta, 75",40.40350396955097,-3.6630991275253564,540,28038.0,440 + 1177 + 1182 + 1769 + 2188 + 2525,InPost + Amazon + Amazon + SEUR + Celeritas + Ctt Express,Locker + Convenience Stores,Privada,Premises,Madrid,InPost + Amazon + Amazon + Seur + Celeritas + CTT Express,Lockers + Convenience stores,Private,Premises,Madrid,Locker Locutorio Geomil + Amazon Locker - Grifol + Amazon Counter - Geomil Exprees + Seur Locker Locutorio Tau + Geomil Express + Geomil Express,"Av. de Peña Prieta, 75 + Av. de Peña Prieta, 75 + Av. de Peña Prieta, 75 + Av. de Peña Prieta, 75 + Av. de Peña Prieta, 75 + Av. de Peña Prieta, 75",28038 + 28038 + 28038 + 28038 + 28038 + 28038,,,,1 + 1 + 7 + 1 + 7 + 7,Locker + Locker + Convenience Store + Locker + Convenience Store + Convenience Store,1,6,5,True,False,False,False,False,False,True,False,7,Multiple services,4,"Multiple companies, multiple services",23.01,2,Medium,Amazon | Celeritas | Ctt Express | InPost | SEUR + Amazon | Celeritas | Ctt Express | InPost | SEUR + Amazon | Celeritas | Ctt Express | InPost | SEUR + Amazon | Celeritas | Ctt Express | InPost | SEUR + Amazon | Celeritas | Ctt Express | InPost | SEUR + Amazon | Celeritas | Ctt Express | InPost | SEUR,False
MAD_LOC_000444,2,PUDO,447,Hidroseco,"C. de Numancia, 6",40.45437823981735,-3.7123237688366597,240,28039.0,447 + 1776,InPost + SEUR,Convenience Stores,Privada,Premises,Madrid,InPost + Seur,Convenience stores,Private,Premises,Madrid,Hidroseco + Tintoreria Hidroseco,"C. de Numancia, 6 + C. de Numancia, 6",28039 + 28039,,,,7 + 7,Convenience Store + Convenience Store,1,2,2,False,False,False,False,False,False,True,False,5,Convenience Store only,3,"Multiple companies, single service",13.89,1,High,InPost | SEUR + InPost | SEUR,False
MAD_LOC_000445,2,PUDO,448,24/7 Gasolinera Repsol,"C. de Ofelia Nieto, 64",40.461560576635705,-3.7085257877483953,120,28039.0,448 + 1191,InPost + Amazon,Locker,Privada,Service Station,Madrid,InPost + Amazon,Lockers,Private,Service Station,Madrid,24/7 Gasolinera Repsol + Lockers - Isidro,"C. de Ofelia Nieto, 64 + C. de Ofelia Nieto, 64",28039 + 28039,,,,1 + 1,Locker + Locker,1,2,2,True,False,False,False,False,False,False,False,1,Locker only,3,"Multiple companies, single service",6.09,1,High,Amazon | InPost + Amazon | InPost,False
MAD_LOC_000450,2,PUDO,453,Locutorio El Grande,"C. de Almansa, 21",40.448879556844,-3.7055846728293247,240,28039.0,453 + 1788,InPost + SEUR,Convenience Stores,Privada,Premises,Madrid,InPost + Seur,Convenience stores,Private,Premises,Madrid,Locutorio El Grande + Locutorio El Grande,"C. de Almansa, 21 + C. de Almansa, 21",28039 + 28039,,,,7 + 7,Convenience Store + Convenience Store,1,2,2,False,False,False,False,False,False,True,False,5,Convenience Store only,3,"Multiple companies, single service",11.08,1,High,InPost | SEUR + InPost | SEUR,False
MAD_LOC_000451,3,PUDO,454,Latin Travel,"Calle de Sta Juliana, 7",40.45260932599209,-3.7042031544003033,300,28039.0,454 + 1783 + 3149,InPost + SEUR + Pudo,Convenience Stores + Locker + Click&Collect,Privada,Premises,Madrid,InPost + Seur + PUDO,Convenience stores + Lockers + Click&Collect,Private,Premises,Madrid,Latin Travel + Seur Lockers Latin Travel + Latin Travel Santa Juliana,"Calle de Sta Juliana, 7 + Calle de Sta Juliana, 7 + Calle de Sta Juliana, 7",28039 + 28039 + 28039,,,,7 + 1 + 3,Convenience Store + Locker + Click & Collect,1,3,3,True,False,True,False,False,False,True,False,7,Multiple services,4,"Multiple companies, multiple services",16.74,2,Medium,InPost | Pudo | SEUR + InPost | Pudo | SEUR + InPost | Pudo | SEUR,False
MAD_LOC_000452,4,PUDO,455,Lanas Adriana,"C. de Artajona, 43",40.465435465846326,-3.7177477884776375,480,28039.0,455 + 1778 + 2011 + 3053,InPost + SEUR + Dhl + UPS,Convenience Stores,Privada,Premises,Madrid,InPost + Seur + DHL + UPS,Convenience stores,Private,Premises,Madrid,Lanas Adriana + Lanas Adriana + Lanas Adriana + Kanguro Lanas Adriana,"C. de Artajona, 43 + C. de Artajona, 43 + C. de Artajona, 43 + C. de Artajona, 43",28039 + 28039 + 28039 + 28039,,,,7 + 7 + 7 + 7,Convenience Store + Convenience Store + Convenience Store + Convenience Store,1,4,4,False,False,False,False,False,False,True,False,5,Convenience Store only,3,"Multiple companies, single service",5.73,1,High,Dhl | InPost | SEUR | UPS + Dhl | InPost | SEUR | UPS + Dhl | InPost | SEUR | UPS + Dhl | InPost | SEUR | UPS,False
MAD_LOC_000454,5,PUDO,457,Kurama,"C. de Valderrodrigo, 45",40.47020221219318,-3.71889356237622,600,28039.0,457 + 2014 + 2533 + 2809 + 3054,InPost + Dhl + Ctt Express + Nacex + UPS,Convenience Stores,Privada,Premises,Madrid,InPost + DHL + CTT Express + Nacex + UPS,Convenience stores,Private,Premises,Madrid,Kurama + Kurama + Kurama + Kurama (2844-10) + Kurama,"C. de Valderrodrigo, 45 + C. de Valderrodrigo, 45 + C. de Valderrodrigo, 45 + C. de Valderrodrigo, 45 + C. de Valderrodrigo, 45",28039 + 28039 + 28039 + 28039 + 28039,,,,7 + 7 + 7 + 7 + 7,Convenience Store + Convenience Store + Convenience Store + Convenience Store + Convenience Store,1,5,5,False,False,False,False,False,False,True,False,5,Convenience Store only,3,"Multiple companies, single service",22.42,2,Medium,Ctt Express | Dhl | InPost | Nacex | UPS + Ctt Express | Dhl | InPost | Nacex | UPS + Ctt Express | Dhl | InPost | Nacex | UPS + Ctt Express | Dhl | InPost | Nacex | UPS + Ctt Express | Dhl | InPost | Nacex | UPS,False
MAD_LOC_000458,2,PUDO,461,Locker 24/7 Repsol Cred Avda An,"A-4, P.K. 6,70 D, Usera",40.3665870993717,-3.6945265392179447,120,28041.0,461 + 1207,InPost + Amazon,Locker,Privada,Service Station,Madrid,InPost + Amazon,Lockers,Private,Service Station,Madrid,Locker 24/7 Repsol Cred Avda An + Amazon Locker - Adolfo Repsol,"A-4, P.K. 6,70 D, Usera + A-4, P.K. 6,70 D, Usera, 28041 Madrid",28041 + 28041,,,,1 + 1,Locker + Locker,1,2,2,True,False,False,False,False,False,False,False,1,Locker only,3,"Multiple companies, single service",3.15,1,High,Amazon | InPost + Amazon | InPost,False
MAD_LOC_000459,3,PUDO,462,Asesoria Latina,"Av. de la Perla, 13",40.37168132188183,-3.6940166354696267,360,28041.0,462 + 1203 + 2817,InPost + Amazon + Nacex,Convenience Stores,Privada,Premises,Madrid,InPost + Amazon + Nacex,Convenience stores,Private,Premises,Madrid,Asesoria Latina + Amazon Counter - Asesoría Latina + Asesoria Latina (2882-20),"Av. de la Perla, 13 + Av. de la Perla, 13, OFICINA 01 LOCAL 01 + Av. de la Perla, 13",28041 + 28041 + 28041,,,,7 + 7 + 7,Convenience Store + Convenience Store + Convenience Store,1,3,3,False,False,False,False,False,False,True,False,5,Convenience Store only,3,"Multiple companies, single service",5.59,1,High,Amazon | InPost | Nacex + Amazon | InPost | Nacex + Amazon | InPost | Nacex,False
MAD_LOC_000460,4,PUDO,463,Libreria 7 Colores,"C. Fitero, 3C",40.37214662339307,-3.693534414692298,480,28041.0,463 + 1206 + 1794 + 3055,InPost + Amazon + SEUR + UPS,Convenience Stores,Privada,Premises,Madrid,InPost + Amazon + Seur + UPS,Convenience stores,Private,Premises,Madrid,Libreria 7 Colores + Seur - Libreria 7 Colores + Libreria 7 Colores + Libreria 7 Colores,"C. Fitero, 3C + C. Fitero, 3 + C. Fitero, 3 + C. Fitero, 3C",28041 + 28041 + 28041 + 28041,,,,7 + 7 + 7 + 7,Convenience Store + Convenience Store + Convenience Store + Convenience Store,1,4,4,False,False,False,False,False,False,True,False,5,Convenience Store only,3,"Multiple companies, single service",19.22,2,Medium,Amazon | InPost | SEUR | UPS + Amazon | InPost | SEUR | UPS + Amazon | InPost | SEUR | UPS + Amazon | InPost | SEUR | UPS,False
MAD_LOC_000466,4,PUDO,469,Expofotshop,"Av. de Orovilla, 46",40.3604555990152,-3.6899597926171,420,28041.0,469 + 1217 + 2017 + 2543,InPost + Amazon + Dhl + Ctt Express,Convenience Stores + Locker,Privada,Premises + Supermarket,Madrid,InPost + Amazon + DHL + CTT Express,Convenience stores + Lockers,Private,Premises + Supermarket,Madrid,Expofotshop + Amazon Locker - Belando Expofort + Expofotshop + Expofot,"Av. de Orovilla, 46 + Avenida de Orovilla 46, Madrid, Madrid, 28041 + Av. de Orovilla, 46 + Av. de Orovilla, 46",28041 + 28041 + 28041 + 28041,,,,7 + 1 + 7 + 7,Convenience Store + Locker + Convenience Store + Convenience Store,1,4,4,True,False,False,False,False,False,True,False,7,Multiple services,4,"Multiple companies, multiple services",23.01,2,Medium,Amazon | Ctt Express | Dhl | InPost + Amazon | Ctt Express | Dhl | InPost + Amazon | Ctt Express | Dhl | InPost + Amazon | Ctt Express | Dhl | InPost,False
MAD_LOC_000468,5,PUDO,471,Khan Multan,"C. Pan y Toros, 11",40.360331168269866,-3.69450862147162,540,28041.0,471 + 1796 + 1797 + 2547 + 2816,InPost + SEUR + SEUR + Ctt Express + Nacex,Convenience Stores + Locker,Privada,Premises,Madrid,InPost + Seur + Seur + CTT Express + Nacex,Convenience stores + Lockers,Private,Premises,Madrid,Khan Multan + Khan Multan + Seur Locker Pan Y Toro + Khan Multan + Locutorio (2882-14),"C. Pan y Toros, 11 + C. Pan y Toros, 11 + C. Pan y Toros, 11 + C. Pan y Toros, 11, BJ 2 + C. Pan y Toros, 11",28041 + 28041 + 28041 + 28041 + 28041,,,,7 + 7 + 1 + 7 + 7,Convenience Store + Convenience Store + Locker + Convenience Store + Convenience Store,1,5,4,True,False,False,False,False,False,True,False,7,Multiple services,4,"Multiple companies, multiple services",29.38,2,Medium,Ctt Express | InPost | Nacex | SEUR + Ctt Express | InPost | Nacex | SEUR + Ctt Express | InPost | Nacex | SEUR + Ctt Express | InPost | Nacex | SEUR + Ctt Express | InPost | Nacex | SEUR,False
MAD_LOC_000473,3,PUDO,476,Locutorio Lym,"C. Alcocer, Villaverde",40.3500282528989,-3.700361876237457,360,28041.0,476 + 2020 + 2965,InPost + Dhl + UPS,Convenience Stores,Privada,Premises,Madrid,InPost + DHL + UPS,Convenience stores,Private,Premises,Madrid,Locutorio Lym + Locutorio Lym + Locutorio L&M,"C. Alcocer, Villaverde + C. de la Vírgen de los Desamparados, 30 + C. Alcocer, 34",28041 + 28041 + 28021,,,,7 + 7 + 7,Convenience Store + Convenience Store + Convenience Store,1,3,3,False,False,False,False,False,False,True,False,5,Convenience Store only,3,"Multiple companies, single service",17.4,2,Medium,Dhl | InPost | UPS + Dhl | InPost | UPS + Dhl | InPost | UPS,False
MAD_LOC_000475,2,PUDO,478,Tintoreria Elite Orcasitas,"C. de Guetaria, 102",40.3667014374912,-3.71588864046529,240,28041.0,478 + 1803,InPost + SEUR,Convenience Stores,Privada,Premises,Madrid,InPost + Seur,Convenience stores,Private,Premises,Madrid,Tintoreria Elite Orcasitas + Tintoreria Elite,"C. de Guetaria, 102 + C. de Guetaria, 102",28041 + 28041,,,,7 + 7,Convenience Store + Convenience Store,1,2,2,False,False,False,False,False,False,True,False,5,Convenience Store only,3,"Multiple companies, single service",2.96,1,High,InPost | SEUR + InPost | SEUR,False
MAD_LOC_000477,4,PUDO,480,Locker 24/7 Galp Barajas Aeropu,"Camino Cuartel, 9",40.468080973306,-3.57884909252201,240,28042.0,480 + 1218 + 1805 + 3061,InPost + Amazon + SEUR + UPS,Locker,Privada,Service Station + Premises,Madrid,InPost + Amazon + Seur + UPS,Lockers,Private,Service Station + Premises,Madrid,Locker 24/7 Galp Barajas Aeropu + Amazon Locker - Sheila Gasolinera + Seur Locker Galp Barajas + P Taquilla Galp Aeropuerto,"Camino Cuartel, 9 + Camino Cuartel, 9, Barajas, 28042 Madrid + Camino Cuartel, 9 + Camino Cuartel, 9",28042 + 28042 + 28042 + 28042,,,,1 + 1 + 1 + 1,Locker + Locker + Locker + Locker,1,4,4,True,False,False,False,False,False,False,False,1,Locker only,3,"Multiple companies, single service",15.22,2,Medium,Amazon | InPost | SEUR | UPS + Amazon | InPost | SEUR | UPS + Amazon | InPost | SEUR | UPS + Amazon | InPost | SEUR | UPS,False
MAD_LOC_000480,2,PUDO,483,Eben Ezer Bazar,"C. de la Botica, 12",40.473234521544256,-3.57881881552285,240,28042.0,483 + 1219,InPost + Amazon,Convenience Stores,Privada,Premises,Madrid,InPost + Amazon,Convenience stores,Private,Premises,Madrid,Eben Ezer Bazar + Amazon Counter - Eben Ezer Bazar,"C. de la Botica, 12 + C. de la Botica, 12",28042 + 28042,,,,7 + 7,Convenience Store + Convenience Store,1,2,2,False,False,False,False,False,False,True,False,5,Convenience Store only,3,"Multiple companies, single service",7.71,1,High,Amazon | InPost + Amazon | InPost,False
MAD_LOC_000484,2,PUDO,487,Mini Market Vida Feliz,"C. del Sándalo, 5",40.4527753832713,-3.61608132290604,240,28042.0,487 + 2196,InPost + Celeritas,Convenience Stores,Privada,Premises,Madrid,InPost + Celeritas,Convenience stores,Private,Premises,Madrid,Mini Market Vida Feliz + Mini Market Vida Feliz,"C. del Sándalo, 5 + C. del Sándalo, 5",28042 + 28042,,,,7 + 7,Convenience Store + Convenience Store,1,2,2,False,False,False,False,False,False,True,False,5,Convenience Store only,3,"Multiple companies, single service",25.7,2,Medium,Celeritas | InPost + Celeritas | InPost,False
MAD_LOC_000489,2,PUDO,492,Libreria Papeleria Unipa,"Calle de Calanda, 1",40.4613891200014,-3.64530726520255,240,28043.0,492 + 1813,InPost + SEUR,Convenience Stores,Privada,Premises,Madrid,InPost + Seur,Convenience stores,Private,Premises,Madrid,Libreria Papeleria Unipa + Librería Unipa,"Calle de Calanda, 1 + Calle de Calanda, 1",28043 + 28043,,,,7 + 7,Convenience Store + Convenience Store,1,2,2,False,False,False,False,False,False,True,False,5,Convenience Store only,3,"Multiple companies, single service",11.42,1,High,InPost | SEUR + InPost | SEUR,False
MAD_LOC_000490,5,PUDO,493,Locker 24/7 Shell Machupichu,"Av. de Machupichu, 105",40.465033757558665,-3.63613879669903,360,28043.0,493 + 1233 + 1820 + 3071 + 3219,InPost + Amazon + SEUR + UPS + Pudo,Locker + Click&Collect,Privada,Service Station + Premises,Madrid,InPost + Amazon + Seur + UPS + PUDO,Lockers + Click&Collect,Private,Service Station + Premises,Madrid,Locker 24/7 Shell Machupichu + Amazon Locker - Riesgo Shell + Seur Locker Shell Machupi + P Taquilla Shell Machupichu + E.S. Shell Machupichu,"Av. de Machupichu, 105 + Av. de Machupichu, 105 + Av. de Machupichu, 105 + Av. de Machupichu, 105 + Av. de Machupichu, 105",28043 + 28043 + 28043 + 28043 + 28043,,,,1 + 1 + 1 + 1 + 3,Locker + Locker + Locker + Locker + Click & Collect,1,5,5,True,False,True,False,False,False,False,False,7,Multiple services,4,"Multiple companies, multiple services",11.47,1,High,Amazon | InPost | Pudo | SEUR | UPS + Amazon | InPost | Pudo | SEUR | UPS + Amazon | InPost | Pudo | SEUR | UPS + Amazon | InPost | Pudo | SEUR | UPS + Amazon | InPost | Pudo | SEUR | UPS,False
MAD_LOC_000491,2,PUDO,494,Locker24/7 Bolton Lopez De Hoyo,"C. de López de Hoyos, 299",40.4581141915551,-3.660572762339105,120,28043.0,494 + 1823,InPost + SEUR,Locker,Privada,Parking,Madrid,InPost + Seur,Lockers,Private,Parking,Madrid,Locker24/7 Bolton Lopez De Hoyo + Seur Locker Parking Bolto,"C. de López de Hoyos, 299 + C. de López de Hoyos, 299",28043 + 28043,,,,1 + 1,Locker + Locker,1,2,2,True,False,False,False,False,False,False,False,1,Locker only,3,"Multiple companies, single service",20.78,2,Medium,InPost | SEUR + InPost | SEUR,False
MAD_LOC_000493,4,PUDO,496,Locker Cc Palacio De Hielo Acce,"C. de Silvano, 77",40.46344544535135,-3.6369863803573774,300,28043.0,496 + 1817 + 3069 + 3218,InPost + SEUR + UPS + Pudo,Locker + Click&Collect,Privada,Mall + Premises,Madrid,InPost + Seur + UPS + PUDO,Lockers + Click&Collect,Private,Mall + Premises,Madrid,Locker Cc Palacio De Hielo Acce + Seur Locker Palacio Hielo + P Taquilla Palacio Del Hielo + C.C. Palacio De Hielo,"C. de Silvano, 77 + C. de Silvano, 77 + C. de Silvano, 77 + C. de Silvano, 77",28043 + 28043 + 28043 + 28043,,,,1 + 1 + 1 + 3,Locker + Locker + Locker + Click & Collect,1,4,4,True,False,True,False,False,False,False,False,7,Multiple services,4,"Multiple companies, multiple services",23.73,2,Medium,InPost | Pudo | SEUR | UPS + InPost | Pudo | SEUR | UPS + InPost | Pudo | SEUR | UPS + InPost | Pudo | SEUR | UPS,False
MAD_LOC_000494,2,PUDO,497,Color Y Unas,"C. Emigrantes, 13",40.46786544022635,-3.63797800834775,240,28043.0,497 + 2025,InPost + Dhl,Convenience Stores,Privada,Premises,Madrid,InPost + DHL,Convenience stores,Private,Premises,Madrid,Color Y Unas + Color Y Uñas,"C. Emigrantes, 13 + C. Emigrantes, 13",28043 + 28043,,,,7 + 7,Convenience Store + Convenience Store,1,2,2,False,False,False,False,False,False,True,False,5,Convenience Store only,3,"Multiple companies, single service",1.93,1,High,Dhl | InPost + Dhl | InPost,False
MAD_LOC_000496,2,PUDO,499,Estanco Villa Rosa,"C. Motilla del Palancar, 8",40.46571932273061,-3.631969214413085,240,28043.0,499 + 1828,InPost + SEUR,Convenience Stores,Privada,Premises,Madrid,InPost + Seur,Convenience stores,Private,Premises,Madrid,Estanco Villa Rosa + Estanco Villarosa,"C. Motilla del Palancar, 8 + C. Motilla del Palancar, 8",28043 + 28043,,,,7 + 7,Convenience Store + Convenience Store,1,2,2,False,False,False,False,False,False,True,False,5,Convenience Store only,3,"Multiple companies, single service",7.36,1,High,InPost | SEUR + InPost | SEUR,False
MAD_LOC_000497,2,PUDO,500,Estanco 13,"C. de Silvano, 158",40.46266740022075,-3.6282305029798954,240,28043.0,500 + 1829,InPost + SEUR,Convenience Stores,Privada,Premises,Madrid,InPost + Seur,Convenience stores,Private,Premises,Madrid,Estanco 13 + Expendiduria 13,"C. de Silvano, 158 + C. de Silvano, 158",28043 + 28043,,,,7 + 7,Convenience Store + Convenience Store,1,2,2,False,False,False,False,False,False,True,False,5,Convenience Store only,3,"Multiple companies, single service",13.79,1,High,InPost | SEUR + InPost | SEUR,False
MAD_LOC_000498,2,PUDO,501,Look Find Conde Orgaz,"Av. de Machupichu, 23",40.4584793218643,-3.6259269678106802,240,28043.0,501 + 2739,InPost + Gls,Convenience Stores,Privada,Premises,Madrid,InPost + GLS,Convenience stores,Private,Premises,Madrid,Look Find Conde Orgaz + Ps Look & Find,"Av. de Machupichu, 23 + Avenida de Machupichu 23",28043 + 28043,,,,7 + 7,Convenience Store + Convenience Store,1,2,2,False,False,False,False,False,False,True,False,5,Convenience Store only,3,"Multiple companies, single service",7.52,1,High,Gls | InPost + Gls | InPost,False
MAD_LOC_000499,3,PUDO,502,Ciber Space,"C. de Valle Inclán, 40",40.37969525227853,-3.7728369361252567,360,28044.0,502 + 1241 + 2026,InPost + Amazon + Dhl,Convenience Stores,Privada,Premises,Madrid,InPost + Amazon + DHL,Convenience stores,Private,Premises,Madrid,Ciber Space + Amazon Counter - Ciber Space + Ciber Space,"C. de Valle Inclán, 40 + C. de Valle Inclán, 40, LOCAL 20 + C. de Valle Inclán, 40",28044 + 28044 + 28044,,,,7 + 7 + 7,Convenience Store + Convenience Store + Convenience Store,1,3,3,False,False,False,False,False,False,True,False,5,Convenience Store only,3,"Multiple companies, single service",28.4,2,Medium,Amazon | Dhl | InPost + Amazon | Dhl | InPost + Amazon | Dhl | InPost,False
MAD_LOC_000501,5,PUDO,504,Burman,"Av de la Aviación, 99",40.3746408900116,-3.7713773789356844,600,28044.0,504 + 1831 + 2200 + 2574 + 3077,InPost + SEUR + Celeritas + Ctt Express + UPS,Convenience Stores,Privada,Premises,Madrid,InPost + Seur + Celeritas + CTT Express + UPS,Convenience stores,Private,Premises,Madrid,Burman + Burman + Burman + Burman + Burman,"Av de la Aviación, 99 + Av de la Aviación, 99 + Av de la Aviación, 99 + Av de la Aviación, 99 + Av de la Aviación, 99",28044 + 28044 + 28044 + 28044 + 28044,,,,7 + 7 + 7 + 7 + 7,Convenience Store + Convenience Store + Convenience Store + Convenience Store + Convenience Store,1,5,5,False,False,False,False,False,False,True,False,5,Convenience Store only,3,"Multiple companies, single service",25.52,2,Medium,Celeritas | Ctt Express | InPost | SEUR | UPS + Celeritas | Ctt Express | InPost | SEUR | UPS + Celeritas | Ctt Express | InPost | SEUR | UPS + Celeritas | Ctt Express | InPost | SEUR | UPS + Celeritas | Ctt Express | InPost | SEUR | UPS,False
MAD_LOC_000502,4,PUDO,505,Perfumeria Drogueria,"C. de Navalmoral de la Mata, 38",40.37670853473652,-3.777307549431373,480,28044.0,505 + 1238 + 1240 + 1834,InPost + Amazon + Amazon + SEUR,Convenience Stores,Privada,Premises,Madrid,InPost + Amazon + Amazon + Seur,Convenience stores,Private,Premises,Madrid,Perfumeria Drogueria + Amazon Counter - Perfumeria-Drogueria + Seur - Perfumeria Drogueria Cuat + Perfumeria Drogueria Cuat,"C. de Navalmoral de la Mata, 38 + C. de Navalmoral de la Mata, 38 + C. de Navalmoral de la Mata, 38 + C. de Navalmoral de la Mata, 38",28044 + 28044 + 28044 + 28044,,,,7 + 7 + 7 + 7,Convenience Store + Convenience Store + Convenience Store + Convenience Store,1,4,3,False,False,False,False,False,False,True,False,5,Convenience Store only,3,"Multiple companies, single service",23.54,2,Medium,Amazon | InPost | SEUR + Amazon | InPost | SEUR + Amazon | InPost | SEUR + Amazon | InPost | SEUR,False
MAD_LOC_000503,9,PUDO,506,Locutorio Carlita,"C. de Oliva de Plasencia, 1",40.37873627082756,-3.7792573627158035,1080,28044.0,506 + 1235 + 1239 + 1835 + 2028 + 2567 + 2575 + 2830 + 3074,InPost + Amazon + Amazon + SEUR + Dhl + Ctt Express + Ctt Express + Nacex + UPS,Convenience Stores,Privada,Premises,Madrid,InPost + Amazon + Amazon + Seur + DHL + CTT Express + CTT Express + Nacex + UPS,Convenience stores,Private,Premises,Madrid,Locutorio Carlita + Amazon Counter - Locutorio Carlita + Seur - Estanco Papeleria Menende + Estanco Papeleria Menende + Locutorio Carlita + Locutorio Carlita + Locutorio Carlita + Locutorio Carlita (2883-26) + Locutorio Carlita,"C. de Oliva de Plasencia, 1 + C. de Oliva de Plasencia, 1, LOCAL 334 + C. de Oliva de Plasencia, 1 + C. de Oliva de Plasencia, 1 + C. de Oliva de Plasencia, 1 + C. de Oliva de Plasencia, 1 + C. de Oliva de Plasencia, 1, LOCAL 334 + C. de Oliva de Plasencia, 1 + C. de Oliva de Plasencia, 1",28044 + 28044 + 28044 + 28044 + 28044 + 28044 + 28044 + 28044 + 28044,,,,7 + 7 + 7 + 7 + 7 + 7 + 7 + 7 + 7,Convenience Store + Convenience Store + Convenience Store + Convenience Store + Convenience Store + Convenience Store + Convenience Store + Convenience Store + Convenience Store,1,9,7,False,False,False,False,False,False,True,False,5,Convenience Store only,3,"Multiple companies, single service",6.91,1,High,Amazon | Ctt Express | Dhl | InPost | Nacex | SEUR | UPS + Amazon | Ctt Express | Dhl | InPost | Nacex | SEUR | UPS + Amazon | Ctt Express | Dhl | InPost | Nacex | SEUR | UPS + Amazon | Ctt Express | Dhl | InPost | Nacex | SEUR | UPS + Amazon | Ctt Express | Dhl | InPost | Nacex | SEUR | UPS + Amazon | Ctt Express | Dhl | InPost | Nacex | SEUR | UPS + Amazon | Ctt Express | Dhl | InPost | Nacex | SEUR | UPS + Amazon | Ctt Express | Dhl | InPost | Nacex | SEUR | UPS + Amazon | Ctt Express | Dhl | InPost | Nacex | SEUR | UPS,False
MAD_LOC_000506,2,PUDO,509,Damar Natura Herbolario,"C. de Aguilar del Río, 2",40.3714713620016,-3.75929082097001,240,28044.0,509 + 2570,InPost + Ctt Express,Convenience Stores,Privada,Premises,Madrid,InPost + CTT Express,Convenience stores,Private,Premises,Madrid,Damar Natura Herbolario + Damarnatura Herbolario,"C. de Aguilar del Río, 2 + C. de Aguilar del Río, 2",28044 + 28044,,,,7 + 7,Convenience Store + Convenience Store,1,2,2,False,False,False,False,False,False,True,False,5,Convenience Store only,3,"Multiple companies, single service",29.07,2,Medium,Ctt Express | InPost + Ctt Express | InPost,False
MAD_LOC_000507,3,PUDO,510,Aromas Artesanales Aluche,"Av. de los Poblados, 58",40.38603223070646,-3.76303682784857,360,28044.0,510 + 1838 + 2029,InPost + SEUR + Dhl,Convenience Stores,Privada,Premises,Madrid,InPost + Seur + DHL,Convenience stores,Private,Premises,Madrid,Aromas Artesanales Aluche + Kasual + Fast Computer Software,"Av. de los Poblados, 58 + Av. de los Poblados, 58 + Av. de los Poblados, 58",28044 + 28044 + 28044,,,,7 + 7 + 7,Convenience Store + Convenience Store + Convenience Store,1,3,3,False,False,False,False,False,False,True,False,5,Convenience Store only,3,"Multiple companies, single service",19.23,2,Medium,Dhl | InPost | SEUR + Dhl | InPost | SEUR + Dhl | InPost | SEUR,False
MAD_LOC_000509,3,PUDO,512,The Fox,"C. Alfredo Aleix, 9",40.3686284347312,-3.7552095871799764,360,28044.0,512 + 2030 + 2569,InPost + Dhl + Ctt Express,Convenience Stores,Privada,Premises,Madrid,InPost + DHL + CTT Express,Convenience stores,Private,Premises,Madrid,The Fox + The Fox + The Fox,"C. Alfredo Aleix, 9 + C. Alfredo Aleix, 9 + C. Alfredo Aleix, 9",28044 + 28044 + 28044,,,,7 + 7 + 7,Convenience Store + Convenience Store + Convenience Store,1,3,3,False,False,False,False,False,False,True,False,5,Convenience Store only,3,"Multiple companies, single service",30.0,2,Medium,Ctt Express | Dhl | InPost + Ctt Express | Dhl | InPost + Ctt Express | Dhl | InPost,False
MAD_LOC_000510,2,PUDO,513,Ferreteria Simarsan,"C. de la Ciruela, 1",40.37209215061395,-3.74936425811134,240,28044.0,513 + 1843,InPost + SEUR,Convenience Stores,Privada,Premises,Madrid,InPost + Seur,Convenience stores,Private,Premises,Madrid,Ferreteria Simarsan + Ferreteria Simarsan,"C. de la Ciruela, 1 + C. de la Ciruela, 1",28044 + 28044,,,,7 + 7,Convenience Store + Convenience Store,1,2,2,False,False,False,False,False,False,True,False,5,Convenience Store only,3,"Multiple companies, single service",16.22,2,Medium,InPost | SEUR + InPost | SEUR,False
MAD_LOC_000511,4,PUDO,514,Pastel Y Miga,"Av. de Carabanchel Alto, 110",40.36667937831325,-3.7536512735153327,480,28044.0,514 + 1842 + 2723 + 3079,InPost + SEUR + Gls + UPS,Convenience Stores,Privada,Premises,Madrid,InPost + Seur + GLS + UPS,Convenience stores,Private,Premises,Madrid,Pastel Y Miga + Pastel Y Miga + Ps Pastel Y Miga + Pastel Y Miga,"Av. de Carabanchel Alto, 110 + Av. de Carabanchel Alto, 110 + Av. de Carabanchel Alto, 110 + Av. de Carabanchel Alto, 110",28044 + 28044 + 28044 + 28044,,,,7 + 7 + 7 + 7,Convenience Store + Convenience Store + Convenience Store + Convenience Store,1,4,4,False,False,False,False,False,False,True,False,5,Convenience Store only,3,"Multiple companies, single service",11.87,1,High,Gls | InPost | SEUR | UPS + Gls | InPost | SEUR | UPS + Gls | InPost | SEUR | UPS + Gls | InPost | SEUR | UPS,False
MAD_LOC_000513,4,PUDO,516,Dulces La Ciudad,"C. de Embajadores, 208",40.3909383482428,-3.6928295881041375,480,28045.0,516 + 1851 + 2205 + 3087,InPost + SEUR + Celeritas + UPS,Convenience Stores,Privada,Premises,Madrid,InPost + Seur + Celeritas + UPS,Convenience stores,Private,Premises,Madrid,Dulces La Ciudad + Dulces La Ciudad + Dulces La Ciudad + Dulces La Ciudad,"C. de Embajadores, 208 + C. de Embajadores, 208 + C. de Embajadores, 208 + C. de Embajadores, 208",28045 + 28045 + 28045 + 28045,,,,7 + 7 + 7 + 7,Convenience Store + Convenience Store + Convenience Store + Convenience Store,1,4,4,False,False,False,False,False,False,True,False,5,Convenience Store only,3,"Multiple companies, single service",9.79,1,High,Celeritas | InPost | SEUR | UPS + Celeritas | InPost | SEUR | UPS + Celeritas | InPost | SEUR | UPS + Celeritas | InPost | SEUR | UPS,False
MAD_LOC_000517,2,PUDO,520,Papeleria El Inca,"Pl. de Rutilio Gaci, 8",40.394903702938294,-3.6964547548051403,240,28045.0,520 + 2586,InPost + Ctt Express,Convenience Stores,Privada,Premises,Madrid,InPost + CTT Express,Convenience stores,Private,Premises,Madrid,Papeleria El Inca + Papeleria El Inca,"Pl. de Rutilio Gaci, 8 + Pl. de Rutilio Gaci, 8",28045 + 28046,,,,7 + 7,Convenience Store + Convenience Store,1,2,2,False,False,False,False,False,False,True,False,5,Convenience Store only,3,"Multiple companies, single service",17.29,2,Medium,Ctt Express | InPost + Ctt Express | InPost,False
MAD_LOC_000518,2,PUDO,521,Rue Du Blond,"C. de Embajadores, 152",40.3969995027238,-3.69693768000033,240,28045.0,521 + 3086,InPost + UPS,Convenience Stores,Privada,Premises,Madrid,InPost + UPS,Convenience stores,Private,Premises,Madrid,Rue Du Blond + Rue Du Blond,"C. de Embajadores, 152 + C. de Embajadores, 152",28045 + 28045,,,,7 + 7,Convenience Store + Convenience Store,1,2,2,False,False,False,False,False,False,True,False,5,Convenience Store only,3,"Multiple companies, single service",9.19,1,High,InPost | UPS + InPost | UPS,False
MAD_LOC_000519,3,PUDO,522,Sv Moda Y Complementos,"C. de la Batalla del Salado, 45",40.398494975128166,-3.6962306942733267,360,28045.0,522 + 1263 + 1852,InPost + Amazon + SEUR,Convenience Stores,Privada,Premises,Madrid,InPost + Amazon + Seur,Convenience stores,Private,Premises,Madrid,Sv Moda Y Complementos + Seur - Sv Moda Y Complementos + Sv Moda Y Complementos,"C. de la Batalla del Salado, 45 + C. de la Batalla del Salado, 45 + C. de la Batalla del Salado, 45",28045 + 28045 + 28045,,,,7 + 7 + 7,Convenience Store + Convenience Store + Convenience Store,1,3,3,False,False,False,False,False,False,True,False,5,Convenience Store only,3,"Multiple companies, single service",4.1,1,High,Amazon | InPost | SEUR + Amazon | InPost | SEUR + Amazon | InPost | SEUR,False
MAD_LOC_000520,4,PUDO,523,Expendeduria 538 Madrid,"Glorieta Sta. María de la Cabeza, 7",40.40062729823423,-3.6987188637832626,480,28045.0,523 + 1858 + 2207 + 2577,InPost + SEUR + Celeritas + Ctt Express,Convenience Stores,Privada,Premises,Madrid,InPost + Seur + Celeritas + CTT Express,Convenience stores,Private,Premises,Madrid,Expendeduria 538 Madrid + Estanco 538 + Expendeduria 538 + Expendeduria 538,"Glorieta Sta. María de la Cabeza, 7 + Glorieta Sta. María de la Cabeza, 7 + Glorieta Sta. María de la Cabeza, 7 + Glorieta Sta. María de la Cabeza, 7",28045 + 28045 + 28045 + 28045,,,,7 + 7 + 7 + 7,Convenience Store + Convenience Store + Convenience Store + Convenience Store,1,4,4,False,False,False,False,False,False,True,False,5,Convenience Store only,3,"Multiple companies, single service",9.12,1,High,Celeritas | Ctt Express | InPost | SEUR + Celeritas | Ctt Express | InPost | SEUR + Celeritas | Ctt Express | InPost | SEUR + Celeritas | Ctt Express | InPost | SEUR,False
MAD_LOC_000522,2,PUDO,525,Locker Supermercado Dia Plaza L,"Pl. Luca de Tena, 3",40.4024005083016,-3.693066623272995,120,28045.0,525 + 1254,InPost + Amazon,Locker,Privada,Supermarket,Madrid,InPost + Amazon,Lockers,Private,Supermarket,Madrid,Locker Supermercado Dia Plaza L + Lockers - Anturio,"Pl. Luca de Tena, 3 + Pl. Luca de Tena, 3",28045 + 28045,,,,1 + 1,Locker + Locker,1,2,2,True,False,False,False,False,False,False,False,1,Locker only,3,"Multiple companies, single service",6.01,1,High,Amazon | InPost + Amazon | InPost,False
MAD_LOC_000525,2,PUDO,528,Locutorio Talal 1,"C. de la Batalla del Salado, 14",40.402860182333555,-3.6960623001549253,240,28045.0,528 + 1252,InPost + Amazon,Convenience Stores,Privada,Premises,Madrid,InPost + Amazon,Convenience stores,Private,Premises,Madrid,Locutorio Talal 1 + Talal Locutorio 1,"C. de la Batalla del Salado, 14 + C. de la Batalla del Salado, 14",28045 + 28045,,,,7 + 7,Convenience Store + Convenience Store,1,2,2,False,False,False,False,False,False,True,False,5,Convenience Store only,3,"Multiple companies, single service",5.91,1,High,Amazon | InPost + Amazon | InPost,False
MAD_LOC_000529,2,PUDO,532,Locker Estacion Sur De Autobuse,"C. de Méndez Álvaro, 83",40.3950200775069,-3.67780434549349,180,28045.0,532 + 2691,InPost + Gls,Locker + Convenience Stores,Privada,Public Infrastructure + Premises,Madrid,InPost + GLS,Lockers + Convenience stores,Private,Public Infrastructure + Premises,Madrid,Locker Estacion Sur De Autobuse + Ps Aromas Artesanales Mendez Alvaro,"C. de Méndez Álvaro, 83 + C. de Méndez Álvaro, 83",28045 + 28045,,,,1 + 7,Locker + Convenience Store,1,2,2,True,False,False,False,False,False,True,False,7,Multiple services,4,"Multiple companies, multiple services",8.0,1,High,Gls | InPost + Gls | InPost,False
MAD_LOC_000531,2,PUDO,534,Chevere Cargo,"C. de Mauricio Legendre, 7",40.46957130672335,-3.68699541804553,240,28046.0,534 + 1868,InPost + SEUR,Convenience Stores,Privada,Premises,Madrid,InPost + Seur,Convenience stores,Private,Premises,Madrid,Chevere Cargo + Herbolario Artume,"C. de Mauricio Legendre, 7 + C. de Mauricio Legendre, 7",28046 + 28046,,,,7 + 7,Convenience Store + Convenience Store,1,2,2,False,False,False,False,False,False,True,False,5,Convenience Store only,3,"Multiple companies, single service",7.18,1,High,InPost | SEUR + InPost | SEUR,False
MAD_LOC_000532,3,PUDO,535,Locker 24/7 Indigo Plaza Castil,"P.o de la Castellana, 193",40.46782348449386,-3.6895762052087466,240,28046.0,535 + 1869 + 3160,InPost + SEUR + Pudo,Locker + Click&Collect,Privada,Parking,Madrid,InPost + Seur + PUDO,Lockers + Click&Collect,Private,Parking,Madrid,Locker 24/7 Indigo Plaza Castil + Seur Locker Pk Pza Castil + Parking Indigo Plaza Castilla,"P.º de la Castellana, 193 + P.º de la Castellana, 193 + P.º de la Castellana, 193",28046 + 28046 + 28046,,,,1 + 1 + 3,Locker + Locker + Click & Collect,1,3,3,True,False,True,False,False,False,False,False,7,Multiple services,4,"Multiple companies, multiple services",17.24,2,Medium,InPost | Pudo | SEUR + InPost | Pudo | SEUR + InPost | Pudo | SEUR,False
MAD_LOC_000533,6,PUDO,536,Estanco 729,"C. de Cuart de Poblet, 65",40.39677614589824,-3.748720237380574,720,28047.0,536 + 1277 + 1873 + 2210 + 2588 + 3096,InPost + Amazon + SEUR + Celeritas + Ctt Express + UPS,Convenience Stores,Privada,Premises,Madrid,InPost + Amazon + Seur + Celeritas + CTT Express + UPS,Convenience stores,Private,Premises,Madrid,Estanco 729 + Seur - Estanco 729 + Estanco 729 + Estanco 729 + Estanco 729 + Estanco 729,"C. de Cuart de Poblet, 65 + C. de Cuart de Poblet, 65 + C. de Cuart de Poblet, 65 + C. de Cuart de Poblet, 65 + C. de Cuart de Poblet, 65 + C. de Cuart de Poblet, 65",28047 + 28047 + 28047 + 28047 + 28047 + 28047,,,,7 + 7 + 7 + 7 + 7 + 7,Convenience Store + Convenience Store + Convenience Store + Convenience Store + Convenience Store + Convenience Store,1,6,6,False,False,False,False,False,False,True,False,5,Convenience Store only,3,"Multiple companies, single service",16.88,2,Medium,Amazon | Celeritas | Ctt Express | InPost | SEUR | UPS + Amazon | Celeritas | Ctt Express | InPost | SEUR | UPS + Amazon | Celeritas | Ctt Express | InPost | SEUR | UPS + Amazon | Celeritas | Ctt Express | InPost | SEUR | UPS + Amazon | Celeritas | Ctt Express | InPost | SEUR | UPS + Amazon | Celeritas | Ctt Express | InPost | SEUR | UPS,False
MAD_LOC_000535,6,PUDO,538,Estanco Y Regalos,"Cl. de los Yébenes, 159",40.39314135405369,-3.7515720368991317,720,28047.0,538 + 1267 + 1268 + 1272 + 1874 + 2594,InPost + Amazon + Amazon + Amazon + SEUR + Ctt Express,Convenience Stores,Privada,Premises,Madrid,InPost + Amazon + Amazon + Amazon + Seur + CTT Express,Convenience stores,Private,Premises,Madrid,Estanco Y Regalos + Amazon Counter - Loterias Y Apuestas + Amazon Counter - Expendeduria 474 + Seur - Estanco 474 + Estanco 474 + Expendeduria 474,"Cl. de los Yébenes, 159 + Cl. de los Yébenes, 123 + Cl. de los Yébenes, 159 + Cl. de los Yébenes, 159 + Cl. de los Yébenes, 159 + Cl. de los Yébenes, 159",28047 + 28047 + 28047 + 28047 + 28047 + 28047,,,,7 + 7 + 7 + 7 + 7 + 7,Convenience Store + Convenience Store + Convenience Store + Convenience Store + Convenience Store + Convenience Store,1,6,4,False,False,False,False,False,False,True,False,5,Convenience Store only,3,"Multiple companies, single service",24.18,2,Medium,Amazon | Ctt Express | InPost | SEUR + Amazon | Ctt Express | InPost | SEUR + Amazon | Ctt Express | InPost | SEUR + Amazon | Ctt Express | InPost | SEUR + Amazon | Ctt Express | InPost | SEUR + Amazon | Ctt Express | InPost | SEUR,False
MAD_LOC_000536,5,PUDO,539,Fotocopias Aluche,"C. de Illescas, 187",40.39202593295012,-3.7541676808137936,600,28047.0,539 + 2037 + 2590 + 2833 + 3089,InPost + Dhl + Ctt Express + Nacex + UPS,Convenience Stores,Privada,Premises,Madrid,InPost + DHL + CTT Express + Nacex + UPS,Convenience stores,Private,Premises,Madrid,Fotocopias Aluche + Fotocopias Aluche + Fotocopias Aluche + Fotocopias Aluche (2883-11) + Fotocopias Aluche,"C. de Illescas, 187 + C. de Illescas, 187 + C. de Illescas, 187, LOCAL 5 + C. de Illescas, 187 + C. de Illescas, 187",28047 + 28047 + 28047 + 28047 + 28047,,,,7 + 7 + 7 + 7 + 7,Convenience Store + Convenience Store + Convenience Store + Convenience Store + Convenience Store,1,5,5,False,False,False,False,False,False,True,False,5,Convenience Store only,3,"Multiple companies, single service",20.41,2,Medium,Ctt Express | Dhl | InPost | Nacex | UPS + Ctt Express | Dhl | InPost | Nacex | UPS + Ctt Express | Dhl | InPost | Nacex | UPS + Ctt Express | Dhl | InPost | Nacex | UPS + Ctt Express | Dhl | InPost | Nacex | UPS,False
MAD_LOC_000537,3,PUDO,540,Autoescuela Maqueda Los Yebenes,"Cl. de los Yébenes, 148",40.39062537170117,-3.7518223835149933,360,28047.0,540 + 1270 + 1878,InPost + Amazon + SEUR,Convenience Stores,Privada,Premises,Madrid,InPost + Amazon + Seur,Convenience stores,Private,Premises,Madrid,Autoescuela Maqueda Los Yebenes + Seur - Maqueda Autoescuela + Maqueda Autoescuela,"Cl. de los Yébenes, 148 + Cl. de los Yébenes, 148 + Cl. de los Yébenes, 148",28047 + 28047 + 28047,,,,7 + 7 + 7,Convenience Store + Convenience Store + Convenience Store,1,3,3,False,False,False,False,False,False,True,False,5,Convenience Store only,3,"Multiple companies, single service",21.19,2,Medium,Amazon | InPost | SEUR + Amazon | InPost | SEUR + Amazon | InPost | SEUR,False
MAD_LOC_000539,2,PUDO,542,Locker 24/7 Parking Gomez Ulla,"Calle Carlos Domingo, 5",40.39063615432225,-3.744022851791525,120,28047.0,542 + 1882,InPost + SEUR,Locker,Privada,Parking,Madrid,InPost + Seur,Lockers,Private,Parking,Madrid,Locker 24/7 Parking Gomez Ulla + Seur Locker Parking Gomez,"Calle Carlos Domingo, 5 + Calle Carlos Domingo, 5",28047 + 28047,,,,1 + 1,Locker + Locker,1,2,2,True,False,False,False,False,False,False,False,1,Locker only,3,"Multiple companies, single service",7.33,1,High,InPost | SEUR + InPost | SEUR,False
MAD_LOC_000543,3,PUDO,546,Locker Locutorio Shati Telecom,"C. del Espinar, 3",40.38768477867884,-3.7449698972599,300,28047.0,546 + 3093 + 3196,InPost + UPS + Pudo,Locker + Convenience Stores + Click&Collect,Privada,Premises,Madrid,InPost + UPS + PUDO,Lockers + Convenience stores + Click&Collect,Private,Premises,Madrid,Locker Locutorio Shati Telecom + Shati Telecom Ii + Shati Telecom Espinar,"C. del Espinar, 3 + C. del Espinar, 3 + C. del Espinar, 3",28047 + 28047 + 28047,,,,1 + 7 + 3,Locker + Convenience Store + Click & Collect,1,3,3,True,False,True,False,False,False,True,False,7,Multiple services,4,"Multiple companies, multiple services",16.51,2,Medium,InPost | Pudo | UPS + InPost | Pudo | UPS + InPost | Pudo | UPS,False
MAD_LOC_000547,2,PUDO,550,Papeleria Libreria De Colores,"C. Jacobinia, 20",40.3770884886682,-3.749975030630835,240,28047.0,550 + 3097,InPost + UPS,Convenience Stores,Privada,Premises,Madrid,InPost + UPS,Convenience stores,Private,Premises,Madrid,Papeleria Libreria De Colores + Papeleria De Colores,"C. Jacobinia, 20 + C. Jacobinia, 20",28047 + 28047,,,,7 + 7,Convenience Store + Convenience Store,1,2,2,False,False,False,False,False,False,True,False,5,Convenience Store only,3,"Multiple companies, single service",4.95,1,High,InPost | UPS + InPost | UPS,False
MAD_LOC_000548,7,PUDO,551,Estanco El Pardo,"C. Carboneros, 2",40.520331337245736,-3.7779871783613643,840,28048.0,551 + 1278 + 1886 + 2213 + 2597 + 2842 + 3098,InPost + Amazon + SEUR + Celeritas + Ctt Express + Nacex + UPS,Convenience Stores,Privada,Premises,Madrid,InPost + Amazon + Seur + Celeritas + CTT Express + Nacex + UPS,Convenience stores,Private,Premises,Madrid,Estanco El Pardo + Seur - Estanco 403 El Pardo + Estanco 403 El Pardo + Estanco 403 + Estanco 403 + Estanco 403 (2862-14) + Estanco El Pardo,"C. Carboneros, 2 + C. Carboneros, 2 + C. Carboneros, 2 + C. Carboneros, 2 + C. Carboneros, 2 + C. Carboneros, 2 + C. Carboneros, 2",28048 + 28048 + 28048 + 28048 + 28048 + 28048 + 28048,,,,7 + 7 + 7 + 7 + 7 + 7 + 7,Convenience Store + Convenience Store + Convenience Store + Convenience Store + Convenience Store + Convenience Store + Convenience Store,1,7,7,False,False,False,False,False,False,True,False,5,Convenience Store only,3,"Multiple companies, single service",12.79,1,High,Amazon | Celeritas | Ctt Express | InPost | Nacex | SEUR | UPS + Amazon | Celeritas | Ctt Express | InPost | Nacex | SEUR | UPS + Amazon | Celeritas | Ctt Express | InPost | Nacex | SEUR | UPS + Amazon | Celeritas | Ctt Express | InPost | Nacex | SEUR | UPS + Amazon | Celeritas | Ctt Express | InPost | Nacex | SEUR | UPS + Amazon | Celeritas | Ctt Express | InPost | Nacex | SEUR | UPS + Amazon | Celeritas | Ctt Express | InPost | Nacex | SEUR | UPS,False
MAD_LOC_000550,2,PUDO,553,Telelavo Las Tablas,"Av. del Camino de Santiago, 15",40.49802434487075,-3.67472851846621,240,28050.0,553 + 3100,InPost + UPS,Convenience Stores,Privada,Premises,Madrid,InPost + UPS,Convenience stores,Private,Premises,Madrid,Telelavo Las Tablas + Kanguro Tele Lavo Las Tablas,"Av. del Camino de Santiago, 15 + Av. del Camino de Santiago, 15",28050 + 28050,,,,7 + 7,Convenience Store + Convenience Store,1,2,2,False,False,False,False,False,False,True,False,5,Convenience Store only,3,"Multiple companies, single service",20.07,2,Medium,InPost | UPS + InPost | UPS,False
MAD_LOC_000556,2,PUDO,559,Estanco Sanchinarro,"C. de Américo Castro, 12",40.494169428136004,-3.6559673708953753,240,28050.0,559 + 1890,InPost + SEUR,Convenience Stores,Privada,Premises,Madrid,InPost + Seur,Convenience stores,Private,Premises,Madrid,Estanco Sanchinarro + Estanco Sanchinarro,"C. de Américo Castro, 12 + C. de Américo Castro, 12",28050 + 28050,,,,7 + 7,Convenience Store + Convenience Store,1,2,2,False,False,False,False,False,False,True,False,5,Convenience Store only,3,"Multiple companies, single service",7.34,1,High,InPost | SEUR + InPost | SEUR,False
MAD_LOC_000559,4,PUDO,562,Locker 24/7 Indigo Co Manoteras,"Av. de Manoteras, 40",40.48646438373455,-3.6660641263138323,300,28050.0,562 + 1894 + 3101 + 3213,InPost + SEUR + UPS + Pudo,Locker + Click&Collect,Privada,Parking + Premises + Mall,Madrid,InPost + Seur + UPS + PUDO,Lockers + Click&Collect,Private,Parking + Premises + Mall,Madrid,Locker 24/7 Indigo Co Manoteras + Seur Locker Manoteras + P Taquilla Cc Manoteras + C.C. Manoteras,"Av. de Manoteras, 40 + Av. de Manoteras, 40 + Av. de Manoteras, 40 + Av. de Manoteras, 40",28050 + 28050 + 28050 + 28050,,,,1 + 1 + 1 + 3,Locker + Locker + Locker + Click & Collect,1,4,4,True,False,True,False,False,False,False,False,7,Multiple services,4,"Multiple companies, multiple services",10.26,1,High,InPost | Pudo | SEUR | UPS + InPost | Pudo | SEUR | UPS + InPost | Pudo | SEUR | UPS + InPost | Pudo | SEUR | UPS,False
MAD_LOC_000561,2,PUDO,564,Locker 24/7 Galp Sanchinarro,"Av. de Niceto Alcalá Zamora, 20",40.494184347487646,-3.648153015888015,120,28050.0,564 + 1896,InPost + SEUR,Locker,Privada,Service Station,Madrid,InPost + Seur,Lockers,Private,Service Station,Madrid,Locker 24/7 Galp Sanchinarro + Seur Locker Galp Sanchina,"Av. de Niceto Alcalá Zamora, 20 + Av. de Niceto Alcalá Zamora, 20",28050 + 28050,,,,1 + 1,Locker + Locker,1,2,2,True,False,False,False,False,False,False,False,1,Locker only,3,"Multiple companies, single service",4.45,1,High,InPost | SEUR + InPost | SEUR,False
MAD_LOC_000562,3,PUDO,565,Merca Oasis,"Av de las Suertes, 98",40.3626085042548,-3.5918642061631867,360,28051.0,565 + 1898 + 2760,InPost + SEUR + Gls,Convenience Stores,Privada,Premises,Madrid,InPost + Seur + GLS,Convenience stores,Private,Premises,Madrid,Merca Oasis + Merca Oasis + Ps Merca Oasis,"Av de las Suertes, 98 + Av de las Suertes, 98 + Avenida de las Suertes 98",28051 + 28051 + 28051,,,,7 + 7 + 7,Convenience Store + Convenience Store + Convenience Store,1,3,3,False,False,False,False,False,False,True,False,5,Convenience Store only,3,"Multiple companies, single service",20.3,2,Medium,Gls | InPost | SEUR + Gls | InPost | SEUR + Gls | InPost | SEUR,False
MAD_LOC_000563,2,PUDO,566,El Yaque Market,"C. de José Tamayo, 17",40.366837248849,-3.5999971618367397,240,28051.0,566 + 1900,InPost + SEUR,Convenience Stores,Privada,Premises,Madrid,InPost + Seur,Convenience stores,Private,Premises,Madrid,El Yaque Market + El Yaque Market,"C. de José Tamayo, 17 + C. de José Tamayo, 17",28051 + 28051,,,,7 + 7,Convenience Store + Convenience Store,1,2,2,False,False,False,False,False,False,True,False,5,Convenience Store only,3,"Multiple companies, single service",3.85,1,High,InPost | SEUR + InPost | SEUR,False
MAD_LOC_000565,3,PUDO,568,Risbar Sl,"Calle Baños de Valdearados, 10",40.36802420783087,-3.6109236695722466,360,28051.0,568 + 1899 + 3104,InPost + SEUR + UPS,Convenience Stores,Privada,Premises,Madrid,InPost + Seur + UPS,Convenience stores,Private,Premises,Madrid,Risbar Sl + Risbar + Risbar Mensajeria,"Calle Baños de Valdearados, 10 + Calle Baños de Valdearados, 10 + Calle Baños de Valdearados, 10",28051 + 28051 + 28051,,,,7 + 7 + 7,Convenience Store + Convenience Store + Convenience Store,1,3,3,False,False,False,False,False,False,True,False,5,Convenience Store only,3,"Multiple companies, single service",10.16,1,High,InPost | SEUR | UPS + InPost | SEUR | UPS + InPost | SEUR | UPS,False
MAD_LOC_000566,2,PUDO,569,Locker 24/7 Galp Madrid Valleca,"Av. del Mayorazgo, 20",40.36959821634055,-3.6315748984827048,120,28051.0,569 + 1698,InPost + SEUR,Locker,Privada,Service Station,Madrid,InPost + Seur,Lockers,Private,Service Station,Madrid,Locker 24/7 Galp Madrid Valleca + Seur Locker Galp Vallecas,"Av. del Mayorazgo, 20 + Av. del Mayorazgo, 20",28051 + 28031,,,,1 + 1,Locker + Locker,1,2,2,True,False,False,False,False,False,False,False,1,Locker only,3,"Multiple companies, single service",14.2,1,High,InPost | SEUR + InPost | SEUR,False
MAD_LOC_000569,2,PUDO,572,Locker 24/7 Repsol Cred Vicalva,"CR M-214 P.K, 4,60 D",40.398807351525505,-3.589851739856675,120,28052.0,572 + 1305,InPost + Amazon,Locker,Privada,Service Station,Madrid,InPost + Amazon,Lockers,Private,Service Station,Madrid,Locker 24/7 Repsol Cred Vicalva + Amazon Locker - Astasia Repsol,"CR M-214 P.K, 4,60 D + CR M-214 P.K, 4,60 D",28052 + 28052,,,,1 + 1,Locker + Locker,1,2,2,True,False,False,False,False,False,False,False,1,Locker only,3,"Multiple companies, single service",2.0,1,High,Amazon | InPost + Amazon | InPost,False
MAD_LOC_000571,3,PUDO,574,Modas Alicia,"C. Campiña, 4",40.3796742094554,-3.6709808982668934,360,28053.0,574 + 1309 + 1906,InPost + Amazon + SEUR,Convenience Stores,Privada,Premises,Madrid,InPost + Amazon + Seur,Convenience stores,Private,Premises,Madrid,Modas Alicia + Seur - Modas Alicia + Modas Alicia,"C. Campiña, 4 + C. Campiña, 4 + C. Campiña, 4",28053 + 28053 + 28053,,,,7 + 7 + 7,Convenience Store + Convenience Store + Convenience Store,1,3,3,False,False,False,False,False,False,True,False,5,Convenience Store only,3,"Multiple companies, single service",26.45,2,Medium,Amazon | InPost | SEUR + Amazon | InPost | SEUR + Amazon | InPost | SEUR,False
MAD_LOC_000572,2,PUDO,575,Iris Tienda Vaquero,"C. Sierra de Contraviesa, 24",40.38388956540925,-3.671291471064825,240,28053.0,575 + 3108,InPost + UPS,Convenience Stores,Privada,Premises,Madrid,InPost + UPS,Convenience stores,Private,Premises,Madrid,Iris Tienda Vaquero + Iris,"C. Sierra de Contraviesa, 24 + C. Sierra de Contraviesa, 24",28053 + 28053,,,,7 + 7,Convenience Store + Convenience Store,1,2,2,False,False,False,False,False,False,True,False,5,Convenience Store only,3,"Multiple companies, single service",22.61,2,Medium,InPost | UPS + InPost | UPS,False
MAD_LOC_000573,5,PUDO,576,Alimentacion Dtodo,"Av del Monte Igueldo, 108",40.39066754639706,-3.671112383032496,600,28053.0,576 + 1312 + 1910 + 2610 + 2756,InPost + Amazon + SEUR + Ctt Express + Gls,Convenience Stores,Privada,Premises,Madrid,InPost + Amazon + Seur + CTT Express + GLS,Convenience stores,Private,Premises,Madrid,Alimentacion Dtodo + Amazon Counter - Alimentacion & Dtodo + Alimentacion Y De Todo + Alimentacion & Dtodo + Ps Alimentacion De Todo,"Av del Monte Igueldo, 108 + Av del Monte Igueldo, 108 + Av del Monte Igueldo, 108 + Av del Monte Igueldo, 108 + Avenida del Monte Igueldo 108",28053 + 28053 + 28053 + 28055 + 28053,,,,7 + 7 + 7 + 7 + 7,Convenience Store + Convenience Store + Convenience Store + Convenience Store + Convenience Store,1,5,5,False,False,False,False,False,False,True,False,5,Convenience Store only,3,"Multiple companies, single service",23.51,2,Medium,Amazon | Ctt Express | Gls | InPost | SEUR + Amazon | Ctt Express | Gls | InPost | SEUR + Amazon | Ctt Express | Gls | InPost | SEUR + Amazon | Ctt Express | Gls | InPost | SEUR + Amazon | Ctt Express | Gls | InPost | SEUR,False
MAD_LOC_000575,2,PUDO,578,Atemprana Ortopedia,"C. de Eduardo Sanz, 14",40.392724990636296,-3.66936442121244,240,28053.0,578 + 3110,InPost + UPS,Convenience Stores,Privada,Premises,Madrid,InPost + UPS,Convenience stores,Private,Premises,Madrid,Atemprana Ortopedia + Ortopedia Atemprana,"C. de Eduardo Sanz, 14 + C. de Eduardo Sanz, 14",28053 + 28053,,,,7 + 7,Convenience Store + Convenience Store,1,2,2,False,False,False,False,False,False,True,False,5,Convenience Store only,3,"Multiple companies, single service",7.39,1,High,InPost | UPS + InPost | UPS,False
MAD_LOC_000576,3,PUDO,579,Loterias Y Prensa La Fabrica De,"Av. de la Peseta, 58",40.3623370369919,-3.7565337064649964,360,28054.0,579 + 2223 + 2618,InPost + Celeritas + Ctt Express,Convenience Stores,Privada,Premises,Madrid,InPost + Celeritas + CTT Express,Convenience stores,Private,Premises,Madrid,Loterias Y Prensa La Fabrica De + Loteria Prensa Fabrica De Los Sueños + Loteria Prensa Fabrica De Los Sueños,"Av. de la Peseta, 58 + Av. de la Peseta, 58 + Av. de la Peseta, 58",28054 + 28054 + 28054,,,,7 + 7 + 7,Convenience Store + Convenience Store + Convenience Store,1,3,3,False,False,False,False,False,False,True,False,5,Convenience Store only,3,"Multiple companies, single service",23.1,2,Medium,Celeritas | Ctt Express | InPost + Celeritas | Ctt Express | InPost + Celeritas | Ctt Express | InPost,False
MAD_LOC_000577,3,PUDO,580,Estanco 903 Madrid,"Av. de Carabanchel Alto, 136",40.364071269376495,-3.753908268929233,360,28054.0,580 + 2620 + 2827,InPost + Ctt Express + Nacex,Convenience Stores,Privada,Premises,Madrid,InPost + CTT Express + Nacex,Convenience stores,Private,Premises,Madrid,Estanco 903 Madrid + Estanco 903 + Estanco 903 (2883-31),"Av. de Carabanchel Alto, 136 + Av. de Carabanchel Alto, 136 + Av. de Carabanchel Alto, 136",28054 + 28056 + 28054,,,,7 + 7 + 7,Convenience Store + Convenience Store + Convenience Store,1,3,3,False,False,False,False,False,False,True,False,5,Convenience Store only,3,"Multiple companies, single service",29.2,2,Medium,Ctt Express | InPost | Nacex + Ctt Express | InPost | Nacex + Ctt Express | InPost | Nacex,False
MAD_LOC_000580,4,PUDO,583,Locker Cc Islazul,"C. de la Calderilla, 1",40.363920970802354,-3.7374940923949,300,28054.0,583 + 1913 + 1914 + 3187,InPost + SEUR + SEUR + Pudo,Locker + Click&Collect,Pública + Privada,Mall + Supermarket,Madrid,InPost + Seur + Seur + PUDO,Lockers + Click&Collect,Public + Private,Mall + Supermarket,Madrid,Locker Cc Islazul + Seur Locker Lidl Isla Az + Seur Locker Cc Isla Azul + C.C. Isla Azul,"C. de la Calderilla, 1 + C. de la Calderilla, 1 + C. de la Calderilla, 1 + C. de la Calderilla, 1",28054 + 28054 + 28054 + 28054,,,,1 + 1 + 1 + 3,Locker + Locker + Locker + Click & Collect,1,4,3,True,False,True,False,False,False,False,False,7,Multiple services,4,"Multiple companies, multiple services",8.82,1,High,InPost | Pudo | SEUR + InPost | Pudo | SEUR + InPost | Pudo | SEUR + InPost | Pudo | SEUR,False
MAD_LOC_000581,2,PUDO,584,Locker 24/7 Shell Avda Aviacion,"Av de la Aviación, 26",40.37433137481255,-3.7739614700748048,120,28054.0,584 + 1317,InPost + Amazon,Locker,Privada,Service Station,Madrid,InPost + Amazon,Lockers,Private,Service Station,Madrid,Locker 24/7 Shell Avda Aviacion + Amazon Locker - Marcia Disa,"Av de la Aviación, 26 + Avda. De La Aviacion",28054 + 28054,,,,1 + 1,Locker + Locker,1,2,2,True,False,False,False,False,False,False,False,1,Locker only,3,"Multiple companies, single service",7.96,1,High,Amazon | InPost + Amazon | InPost,False
MAD_LOC_000591,2,PUDO,595,Correos Madrid Sucursal 13,"Av. de América, 3",40.4384200698212,-3.67728172172886,180,28002.0,595 + 596,Correos + Correos,Lsp Pudos + Locker,Pública,Public Facility,Madrid,Correos + Correos,LSP PUDOs + Lockers,Public,Public facility,Madrid,Correos Madrid Sucursal 13 + Correos Madrid Sucursal 13,"Av. de América, 3 + Av. de América, 3",28002 + 28002,,,,2 + 1,PUDO + Locker,1,2,1,True,True,False,False,False,False,False,False,3,Locker and PUDO,2,"Same company, multiple records",0.0,1,High,Correos + Correos,False
MAD_LOC_000593,2,PUDO,598,Correos Madrid Sucursal 46,"C. de Guzmán el Bueno, 86",40.4401313928777,-3.71260551281086,180,28003.0,598 + 599,Correos + Correos,Lsp Pudos + Locker,Pública,Public Facility,Madrid,Correos + Correos,LSP PUDOs + Lockers,Public,Public facility,Madrid,Correos Madrid Sucursal 46 + Correos Madrid Sucursal 46,"C. de Guzmán el Bueno, 86 + C. de Guzmán el Bueno, 86",28003 + 28003,,,,2 + 1,PUDO + Locker,1,2,1,True,True,False,False,False,False,False,False,3,Locker and PUDO,2,"Same company, multiple records",0.0,1,High,Correos + Correos,False
MAD_LOC_000597,3,PUDO,603,Correos Madrid Sucursal 88,"C. de Mejía Lequerica, 7",40.426672477045706,-3.698208916874377,240,28004.0,603 + 604 + 809,Correos + Correos + Amazon,Lsp Pudos + Locker,Pública,Public Facility,Madrid,Correos + Correos + Amazon,LSP PUDOs + Lockers,Public,Public facility,Madrid,Correos Madrid Sucursal 88 + Correos Madrid Sucursal 88 + Lockers Correos Madrid Sucursal 88,"C. de Mejía Lequerica, 7 + C. de Mejía Lequerica, 7 + C. de Mejía Lequerica, 7",28004 + 28004 + 28004,,,,2 + 1 + 1,PUDO + Locker + Locker,1,3,2,True,True,False,False,False,False,False,False,3,Locker and PUDO,4,"Multiple companies, multiple services",1.62,1,High,Amazon | Correos + Amazon | Correos + Amazon | Correos,False
MAD_LOC_000599,4,PUDO,606,Correos Madrid Sucursal 5,"Carrera de San Francisco, 13",40.41082867590955,-3.7135242935748245,360,28005.0,606 + 607 + 820 + 822,Correos + Correos + Amazon + Amazon,Lsp Pudos + Locker + Convenience Stores,Pública,Public Facility,Madrid,Correos + Correos + Amazon + Amazon,LSP PUDOs + Lockers + Convenience stores,Public,Public facility,Madrid,Correos Madrid Sucursal 5 + Correos Madrid Sucursal 5 + Correos Madrid Sucursal 5 + Lockers Correos Madrid Sucursal 5,"Carrera de San Francisco, 13 + Carrera de San Francisco, 13 + Carrera de San Francisco, 13 + Carrera de San Francisco, 13",28005 + 28005 + 28005 + 28005,,,,2 + 1 + 7 + 1,PUDO + Locker + Convenience Store + Locker,1,4,2,True,True,False,False,False,False,True,False,3,Locker and PUDO,4,"Multiple companies, multiple services",21.19,2,Medium,Amazon | Correos + Amazon | Correos + Amazon | Correos + Amazon | Correos,False
MAD_LOC_000601,2,PUDO,610,Madrid Suc 4. Carabanchel Bajo,"Calle General Ricardos, 212",40.3851710912019,-3.7380914761557,180,28025.0,610 + 1041,Correos + Amazon,Lsp Pudos + Locker,Pública,Public Facility,Madrid,Correos + Amazon,LSP PUDOs + Lockers,Public,Public facility,Madrid,Madrid Suc 4. Carabanchel Bajo + Correos - Madrid Suc 4. Carabanchel Bajo,"Calle General Ricardos, 212 + Calle del Gral. Ricardos, 212",28025 + 28025,,,,2 + 1,PUDO + Locker,1,2,2,True,True,False,False,False,False,False,False,3,Locker and PUDO,4,"Multiple companies, multiple services",26.9,2,Medium,Amazon | Correos + Amazon | Correos,False
MAD_LOC_000603,2,PUDO,612,Correos Madrid Sucursal 9,"C. de las Mártires Concepcionistas, 21",40.429357452302,-3.67081239983178,180,28006.0,612 + 614,Correos + Correos,Lsp Pudos + Locker,Pública,Public Facility,Madrid,Correos + Correos,LSP PUDOs + Lockers,Public,Public facility,Madrid,Correos Madrid Sucursal 9 + Correos Madrid Sucursal 9,"C. de las Mártires Concepcionistas, 21 + C. de las Mártires Concepcionistas, 21",28006 + 28006,,,,2 + 1,PUDO + Locker,1,2,1,True,True,False,False,False,False,False,False,3,Locker and PUDO,2,"Same company, multiple records",0.0,1,High,Correos + Correos,False
MAD_LOC_000604,2,PUDO,613,Correos Madrid Sucursal 53,"C. del Conde de Peñalver, 19 Bis",40.4270002224076,-3.6757209237996,180,28006.0,613 + 615,Correos + Correos,Lsp Pudos + Locker,Pública,Public Facility,Madrid,Correos + Correos,LSP PUDOs + Lockers,Public,Public facility,Madrid,Correos Madrid Sucursal 53 + Correos Madrid Sucursal 53,"C. del Conde de Peñalver, 19 Bis + C. del Conde de Peñalver, 19 Bis",28006 + 28006,,,,2 + 1,PUDO + Locker,1,2,1,True,True,False,False,False,False,False,False,3,Locker and PUDO,2,"Same company, multiple records",0.0,1,High,Correos + Correos,False
MAD_LOC_000607,4,PUDO,618,Correos Madrid Sucursal 40,"C. de Téllez, 27",40.40224951184985,-3.6784739364309926,300,28007.0,618 + 620 + 743 + 843,Correos + Correos + Correos + Amazon,Lsp Pudos + Locker,Pública,Public Facility + Public Infrastructure,Madrid,Correos + Correos + Correos + Amazon,LSP PUDOs + Lockers,Public,Public facility + Public Infrastructure,Madrid,Correos Madrid Sucursal 40 + Correos Madrid Sucursal 40 + Estación De Autobuses Madrid Sur + Correos - Madrid Suc 40. Pacifico,"C. de Téllez, 27 + C. de Téllez, 27 + C. de Méndez Álvaro, 28045 Madrid + C. de Téllez, 27",28007 + 28007 + 28045 + 28007,,,,2 + 1 + 1 + 1,PUDO + Locker + Locker + Locker,1,4,2,True,True,False,False,False,False,False,False,3,Locker and PUDO,4,"Multiple companies, multiple services",22.07,2,Medium,Amazon | Correos + Amazon | Correos + Amazon | Correos + Amazon | Correos,False
MAD_LOC_000611,2,PUDO,623,Correos Madrid Sucursal 45,"Av. de Valladolid, 39",40.428543618506,-3.72935629224862,180,28008.0,623 + 624,Correos + Correos,Lsp Pudos + Locker,Pública,Public Facility,Madrid,Correos + Correos,LSP PUDOs + Lockers,Public,Public facility,Madrid,Correos Madrid Sucursal 45 + Correos Madrid Sucursal 45,"Av. de Valladolid, 39 + Av. de Valladolid, 39",28008 + 28008,,,,2 + 1,PUDO + Locker,1,2,1,True,True,False,False,False,False,False,False,3,Locker and PUDO,2,"Same company, multiple records",0.0,1,High,Correos + Correos,False
MAD_LOC_000613,2,PUDO,626,Correos Madrid Sucursal 21,"Calle de Antonio Arias, 2",40.4181096720039,-3.6715078150819,180,28009.0,626 + 627,Correos + Correos,Lsp Pudos + Locker,Pública,Public Facility,Madrid,Correos + Correos,LSP PUDOs + Lockers,Public,Public facility,Madrid,Correos Madrid Sucursal 21 + Correos Madrid Sucursal 21,"Calle de Antonio Arias, 2 + Calle de Antonio Arias, 2",28009 + 28009,,,,2 + 1,PUDO + Locker,1,2,1,True,True,False,False,False,False,False,False,3,Locker and PUDO,2,"Same company, multiple records",0.0,1,High,Correos + Correos,False
MAD_LOC_000620,4,PUDO,635,Correos Madrid Sucursal 7,"C. de Palos de la Frontera, 10",40.402801177263726,-3.699828799752435,360,28012.0,635 + 636 + 883 + 884,Correos + Correos + Amazon + Amazon,Lsp Pudos + Locker + Convenience Stores,Pública,Public Facility,Madrid,Correos + Correos + Amazon + Amazon,LSP PUDOs + Lockers + Convenience stores,Public,Public facility,Madrid,Correos Madrid Sucursal 7 + Correos Madrid Sucursal 7 + Correos - Madrid Suc 7. Embajadores + Citypaq Lockers-Correos Madrid Suc 7. Embajadores,"C. de Palos de la Frontera, 10 + C. de Palos de la Frontera, 10 + C. de Palos de la Frontera, 6 + C. de Palos de la Frontera, 6",28012 + 28012 + 28012 + 28012,,,,2 + 1 + 7 + 1,PUDO + Locker + Convenience Store + Locker,1,4,2,True,True,False,False,False,False,True,False,3,Locker and PUDO,4,"Multiple companies, multiple services",8.56,1,High,Amazon | Correos + Amazon | Correos + Amazon | Correos + Amazon | Correos,False
MAD_LOC_000621,2,PUDO,637,Carrefour,"C. de Valencia, 2",40.4083247444783,-3.70090517525427,180,28012.0,637 + 639,Correos + Correos,Locker + Lsp Pudos,Privada,Supermarket,Madrid,Correos + Correos,Lockers + LSP PUDOs,Private,Supermarket,Madrid,Carrefour + Carrefour,"C. de Valencia, 2 + C. de Valencia, 2",28012 + 28012,,,,1 + 2,Locker + PUDO,1,2,1,True,True,False,False,False,False,False,False,3,Locker and PUDO,2,"Same company, multiple records",23.7,2,Medium,Correos + Correos,False
MAD_LOC_000624,4,PUDO,641,Correos Madrid Sucursal Op,"P.o del Prado, 1",40.41878359164278,-3.69253620462757,300,28014.0,641 + 642 + 899 + 900,Correos + Correos + Amazon + Amazon,Lsp Pudos + Locker,Pública,Public Facility,Madrid,Correos + Correos + Amazon + Amazon,LSP PUDOs + Lockers,Public,Public facility,Madrid,Correos Madrid Sucursal Op + Correos Madrid Sucursal Op + Citypaq Lockers-Correos Madrid Op + Correos - Madrid Op,"P.º del Prado, 1 + P.º del Prado, 1 + P.º del Prado, 1 + P.º del Prado, 1",28014 + 28014 + 28014 + 28014,,,,2 + 1 + 1 + 1,PUDO + Locker + Locker + Locker,1,4,2,True,True,False,False,False,False,False,False,3,Locker and PUDO,4,"Multiple companies, multiple services",4.8,1,High,Amazon | Correos + Amazon | Correos + Amazon | Correos + Amazon | Correos,False
MAD_LOC_000628,4,PUDO,647,Correos Madrid Sucursal 19,"C. de Chile, 4",40.455654334755806,-3.6759437939475252,360,28016.0,647 + 648 + 920 + 921,Correos + Correos + Amazon + Amazon,Lsp Pudos + Locker + Convenience Stores,Pública,Public Facility,Madrid,Correos + Correos + Amazon + Amazon,LSP PUDOs + Lockers + Convenience stores,Public,Public facility,Madrid,Correos Madrid Sucursal 19 + Correos Madrid Sucursal 19 + Lockers Correos Madrid Sucursal 19 + Correos Madrid Sucursal 19,"C. de Chile, 4 + C. de Chile, 4 + C. de Chile, 4 + C. de Chile, 4",28016 + 28016 + 28016 + 28016,,,,2 + 1 + 1 + 7,PUDO + Locker + Locker + Convenience Store,1,4,2,True,True,False,False,False,False,True,False,3,Locker and PUDO,4,"Multiple companies, multiple services",2.03,1,High,Amazon | Correos + Amazon | Correos + Amazon | Correos + Amazon | Correos,False
MAD_LOC_000631,2,PUDO,651,Madrid Suc 37. La Elipa,"Av. del Marqués de Corbera, 27",40.42434766749,-3.653994085965,240,28017.0,651 + 652,Correos + Correos,Lsp Pudos,Pública,Public Facility,Madrid,Correos + Correos,LSP PUDOs,Public,Public facility,Madrid,Madrid Suc 37. La Elipa + Correos Madrid Suc 37. La Elipa,"Av. del Marqués de Corbera, 27 + Av. del Marqués de Corbera, 27",28017 + 28017,,,,2 + 2,PUDO + PUDO,1,2,1,False,True,False,False,False,False,False,False,2,PUDO only,2,"Same company, multiple records",10.83,1,High,Correos + Correos,False
MAD_LOC_000632,2,PUDO,653,Madrid Suc 15. Marquã‰S De Vadillo,"C. de Jacinto Verdaguer, 4",40.396249725905,-3.7141807611699997,240,28019.0,653 + 654,Correos + Correos,Lsp Pudos,Pública,Public Facility,Madrid,Correos + Correos,LSP PUDOs,Public,Public facility,Madrid,Madrid Suc 15. Marquã‰S De Vadillo + Correos Madrid Suc 15. Marquã‰S De Vadillo,"C. de Jacinto Verdaguer, 4 + C. de Jacinto Verdaguer, 4",28019 + 28019,,,,2 + 2,PUDO + PUDO,1,2,1,False,True,False,False,False,False,False,False,2,PUDO only,2,"Same company, multiple records",8.08,1,High,Correos + Correos,False
MAD_LOC_000637,2,PUDO,663,Madrid Suc 30. Villaverde Alto,"AV REAL DE PINTO, C. Pedro Jiménez, 66",40.34334565691,-3.707264680155,240,28021.0,663 + 664,Correos + Correos,Lsp Pudos,Pública,Public Facility,Madrid,Correos + Correos,LSP PUDOs,Public + public,Public facility,Madrid,Madrid Suc 30. Villaverde Alto + Correos Madrid Suc 30. Villaverde Alto,"AV REAL DE PINTO, C. Pedro Jiménez, 66 + AV REAL DE PINTO, C. Pedro Jiménez, 66",28021 + 28021,,,,2 + 2,PUDO + PUDO,1,2,1,False,True,False,False,False,False,False,False,2,PUDO only,2,"Same company, multiple records",13.93,1,High,Correos + Correos,False
MAD_LOC_000639,2,PUDO,666,Madrid Suc 24. Canillejas,"Pl. del Párroco Luis Calleja, 12",40.44484874455185,-3.61163661346397,180,28022.0,666 + 1005,Correos + Amazon,Lsp Pudos + Locker,Pública,Public Facility,Madrid,Correos + Amazon,LSP PUDOs + Lockers,Public,Public facility,Madrid,Madrid Suc 24. Canillejas + Correos - Madrid Suc 24. Canillejas,"Pl. del Párroco Luis Calleja, 12 + Pl. del Párroco Luis Calleja, 12",28022 + 28022,,,,2 + 1,PUDO + Locker,1,2,2,True,True,False,False,False,False,False,False,3,Locker and PUDO,4,"Multiple companies, multiple services",20.44,2,Medium,Amazon | Correos + Amazon | Correos,False
MAD_LOC_000640,2,PUDO,667,Madrid Suc 26. Las Musas,"C. de Longares, 30",40.429403635575,-3.609406107605,240,28022.0,667 + 668,Correos + Correos,Lsp Pudos,Pública,Public Facility,Madrid,Correos + Correos,LSP PUDOs,Public + public,Public facility,Madrid,Madrid Suc 26. Las Musas + Correos Madrid Suc 26. Las Musas,"C. de Longares, 30 + C. de Longares, 30",28022 + 28022,,,,2 + 2,PUDO + PUDO,1,2,1,False,True,False,False,False,False,False,False,2,PUDO only,2,"Same company, multiple records",3.67,1,High,Correos + Correos,False
MAD_LOC_000644,2,PUDO,673,Madrid Suc 50. Campamento,"Av. del Padre Piquer, 13",40.394015383310006,-3.7678069434549997,240,28024.0,673 + 674,Correos + Correos,Lsp Pudos,Pública,Public Facility,Madrid,Correos + Correos,LSP PUDOs,Public + public,Public facility,Madrid,Madrid Suc 50. Campamento + Correos Madrid Suc 50. Campamento,"Av. del Padre Piquer, 13 + Av. del Padre Piquer, 13",28024 + 28024,,,,2 + 2,PUDO + PUDO,1,2,1,False,True,False,False,False,False,False,False,2,PUDO only,2,"Same company, multiple records",19.16,2,Medium,Correos + Correos,False
MAD_LOC_000645,4,PUDO,676,Madrid Suc 93. Vista Alegre,"C. Hermanas Alonso Barceló, 7",40.38760953330385,-3.7396309938212147,300,28025.0,676 + 678 + 1030 + 1031,Correos + Correos + Amazon + Amazon,Locker + Lsp Pudos,Pública,Public Facility,Madrid,Correos + Correos + Amazon + Amazon,Lockers + LSP PUDOs,public + Public,Public facility,Madrid,Madrid Suc 93. Vista Alegre + Correos Madrid Suc 93. Vista Alegre + Correos - Madrid Suc 93. Vista Alegre + Citypaq Lockers-Correos Madrid Suc 93. Vista Alegr,"C. Hermanas Alonso Barceló, 7 + C. Hermanas Alonso Barceló, 7 + C. Hermanas Alonso Barceló, 7 + C. Hermanas Alonso Barceló, 7",28025 + 28025 + 28025 + 28025,,,,1 + 2 + 1 + 1,Locker + PUDO + Locker + Locker,1,4,2,True,True,False,False,False,False,False,False,3,Locker and PUDO,4,"Multiple companies, multiple services",16.31,2,Medium,Amazon | Correos + Amazon | Correos + Amazon | Correos + Amazon | Correos,False
MAD_LOC_000646,2,PUDO,679,Madrid Suc 34. Plaza ElãPtica,"C. de San Magín, 5",40.384310346015,-3.7157837048999998,240,28026.0,679 + 682,Correos + Correos,Lsp Pudos,Pública,Public Facility,Madrid,Correos + Correos,LSP PUDOs,public + Public,Public facility,Madrid,Madrid Suc 34. Plaza ElãPtica + Correos Madrid Suc 34. Plaza ElãPtica,"C. de San Magín, 5 + C. de San Magín, 5",28026 + 28026,,,,2 + 2,PUDO + PUDO,1,2,1,False,True,False,False,False,False,False,False,2,PUDO only,2,"Same company, multiple records",25.66,2,Medium,Correos + Correos,False
MAD_LOC_000650,2,PUDO,684,Madrid Suc 20. El Carmen,"Calle Alcalde López Casero, 3",40.43264798596,-3.65556887823,240,28027.0,684 + 685,Correos + Correos,Lsp Pudos,Pública,Public Facility,Madrid,Correos + Correos,LSP PUDOs,public,Public facility,Madrid,Madrid Suc 20. El Carmen + Correos Madrid Suc 20. El Carmen,"Calle Alcalde López Casero, 3 + Calle Alcalde López Casero, 3",28027 + 28027,,,,2 + 2,PUDO + PUDO,1,2,1,False,True,False,False,False,False,False,False,2,PUDO only,2,"Same company, multiple records",2.31,1,High,Correos + Correos,False
MAD_LOC_000652,4,PUDO,687,Correos Madrid Sucursal 44,"C. del Padre Rubio, 43",40.4711390157533,-3.693855769048745,360,28029.0,687 + 690 + 1084 + 1085,Correos + Correos + Amazon + Amazon,Lsp Pudos + Locker + Convenience Stores,Pública,Public Facility,Madrid,Correos + Correos + Amazon + Amazon,LSP PUDOs + Lockers + Convenience stores,Public,Public facility,Madrid,Correos Madrid Sucursal 44 + Correos Madrid Sucursal 44 + Correos Madrid Sucursal 44 + Lockers Correos Madrid Sucursal 44,"C. del Padre Rubio, 43 + C. del Padre Rubio, 43 + C. del Padre Rubio, 43 + C. del Padre Rubio, 43",28029 + 28029 + 28029 + 28029,,,,2 + 1 + 7 + 1,PUDO + Locker + Convenience Store + Locker,1,4,2,True,True,False,False,False,False,True,False,3,Locker and PUDO,4,"Multiple companies, multiple services",13.4,1,High,Amazon | Correos + Amazon | Correos + Amazon | Correos + Amazon | Correos,False
MAD_LOC_000658,2,PUDO,695,Madrid Suc 38. Villa De Vallecas,"C. de Sierra Gádor, 50",40.380496115305,-3.623647175545,240,28031.0,695 + 696,Correos + Correos,Lsp Pudos,Pública,Public Facility,Madrid,Correos + Correos,LSP PUDOs,Public,Public facility,Madrid,Madrid Suc 38. Villa De Vallecas + Correos Madrid Suc 38. Villa De Vallecas,"C. de Sierra Gádor, 50 + C. de Sierra Gádor, 50",28031 + 28031,,,,2 + 2,PUDO + PUDO,1,2,1,False,True,False,False,False,False,False,False,2,PUDO only,2,"Same company, multiple records",3.21,1,High,Correos + Correos,False
MAD_LOC_000662,2,PUDO,701,Madrid Suc 47. Hortaleza,"C. del Mar Caspio, 10",40.473209064805005,-3.64346456133,240,28033.0,701 + 703,Correos + Correos,Lsp Pudos,Pública,Public Facility,Madrid,Correos + Correos,LSP PUDOs,Public,Public facility,Madrid,Madrid Suc 47. Hortaleza + Correos Madrid Suc 47. Hortaleza,"C. del Mar Caspio, 10 + C. del Mar Caspio, 10",28033 + 28033,,,,2 + 2,PUDO + PUDO,1,2,1,False,True,False,False,False,False,False,False,2,PUDO only,2,"Same company, multiple records",7.34,1,High,Correos + Correos,False
MAD_LOC_000664,2,PUDO,704,Madrid Suc 31. Fuencarral Pueblo,"C. de las Islas Palaos, 30",40.4976602175,-3.68640182528609,240,28034.0,704 + 1157,Correos + Amazon,Lsp Pudos + Convenience Stores,Pública,Public Facility,Madrid,Correos + Amazon,LSP PUDOs + Convenience stores,Public,Public facility,Madrid,Madrid Suc 31. Fuencarral Pueblo + Correos - Madrid Suc 31. Fuencarral Pueblo,"C. de las Islas Palaos, 30 + Calle De Las, C. de las Islas Palaos, 30",28034 + 28034,,,,2 + 7,PUDO + Convenience Store,1,2,2,False,True,False,False,False,False,True,False,7,Multiple services,4,"Multiple companies, multiple services",8.25,1,High,Amazon | Correos + Amazon | Correos,False
MAD_LOC_000665,2,PUDO,705,Madrid Suc 51. Begoã‘A,"VIRGEN DE ARANZAZU, 31",40.487090449565,-3.6895545855,240,28034.0,705 + 706,Correos + Correos,Lsp Pudos,Pública,Public Facility,Madrid,Correos + Correos,LSP PUDOs,Public,Public facility,Madrid,Madrid Suc 51. Begoã‘A + Correos Madrid Suc 51. Begoã‘A,"VIRGEN DE ARANZAZU, 31 + Calle de la Virgen de Aránzazu, 31",28034 + 28034,,,,2 + 2,PUDO + PUDO,1,2,1,False,True,False,False,False,False,False,False,2,PUDO only,2,"Same company, multiple records",14.85,1,High,Correos + Correos,False
MAD_LOC_000669,2,PUDO,711,Correos Madrid Suc 35. Ciudad Lineal,"C. de los Hermanos García Noblejas, 30",40.43450697033795,-3.635803203639205,240,28037.0,711 + 1175,Correos + Amazon,Lsp Pudos + Convenience Stores,Pública,Public Facility,Madrid,Correos + Amazon,LSP PUDOs + Convenience stores,Public,Public facility,Madrid,Correos Madrid Suc 35. Ciudad Lineal + Correos - Madrid Suc 35. Ciudad Lineal,"C. de los Hermanos García Noblejas, 30 + C. de los Hermanos García Noblejas, 30",28037 + 28037,,,,2 + 7,PUDO + Convenience Store,1,2,2,False,True,False,False,False,False,True,False,7,Multiple services,4,"Multiple companies, multiple services",6.89,1,High,Amazon | Correos + Amazon | Correos,False
MAD_LOC_000678,3,PUDO,721,Correos Madrid Sucursal 25,"C. de Mariano Fernández, 1",40.4561263249906,-3.7030082524967765,240,28039.0,721 + 722 + 1194,Correos + Correos + Amazon,Lsp Pudos + Locker,Pública,Public Facility,Madrid,Correos + Correos + Amazon,LSP PUDOs + Lockers,Public,Public facility,Madrid,Correos Madrid Sucursal 25 + Correos Madrid Sucursal 25 + Lockers Correos Madrid Sucursal 25,"C. de Mariano Fernández, 1 + C. de Mariano Fernández, 1 + C. de Mariano Fernández, 1",28039 + 28039 + 28039,,,,2 + 1 + 1,PUDO + Locker + Locker,1,3,2,True,True,False,False,False,False,False,False,3,Locker and PUDO,4,"Multiple companies, multiple services",2.72,1,High,Amazon | Correos + Amazon | Correos + Amazon | Correos,False
MAD_LOC_000679,4,PUDO,723,Correos Madrid Sucursal 60,"C. del Arquitecto López Otero, 3",40.44327835793133,-3.728799287670185,360,28040.0,723 + 724 + 1199 + 1200,Correos + Correos + Amazon + Amazon,Locker + Lsp Pudos + Convenience Stores,Pública,Public Facility,Madrid,Correos + Correos + Amazon + Amazon,Lockers + LSP PUDOs + Convenience stores,Public,Public facility,Madrid,Correos Madrid Sucursal 60 + Correos Madrid Sucursal 60 + Correos Madrid Sucursal 60 + Lockers Correos Madrid Sucursal 60,"C. del Arquitecto López Otero, 3 + C. del Arquitecto López Otero, 3 + C. del Arquitecto López Otero, 3 + C. del Arquitecto López Otero, 3",28040 + 28040 + 28040 + 28040,,,,1 + 2 + 7 + 1,Locker + PUDO + Convenience Store + Locker,1,4,2,True,True,False,False,False,False,True,False,3,Locker and PUDO,4,"Multiple companies, multiple services",5.74,1,High,Amazon | Correos + Amazon | Correos + Amazon | Correos + Amazon | Correos,False
MAD_LOC_000682,2,PUDO,727,Madrid Suc 57. Orcasitas,"Pl. Movimiento Ciudadano, 1",40.3706295471126,-3.70811370111222,240,28041.0,727 + 1215,Correos + Amazon,Lsp Pudos + Convenience Stores,Pública,Public Facility + Premises,Madrid,Correos + Amazon,LSP PUDOs + Convenience stores,Public,Public facility + Premises,Madrid,Madrid Suc 57. Orcasitas + Correos - Madrid Suc 57. Orcasitas,"Pl. Movimiento Ciudadano, 1 + Pl. Movimiento Ciudadano, 1",28041 + 28041,,,,2 + 7,PUDO + Convenience Store,1,2,2,False,True,False,False,False,False,True,False,7,Multiple services,4,"Multiple companies, multiple services",10.4,1,High,Amazon | Correos + Amazon | Correos,False
MAD_LOC_000686,2,PUDO,731,Asociacion Proyecto San Fermin,"Av. de los Fueros, 36",40.3703212390829,-3.6886172520538096,120,28041.0,731 + 1210,Correos + Amazon,Locker,Pública,Public Infrastructure + Public Facility,Madrid,Correos + Amazon,Lockers,Public,Public Infrastructure + Public facility,Madrid,Asociacion Proyecto San Fermin + Citypaq Lockers-Asociacion Proyecto San Fermin,"Av. de los Fueros, 36 + Av. de los Fueros, 36",28041 + 28041,,,,1 + 1,Locker + Locker,1,2,2,True,False,False,False,False,False,False,False,1,Locker only,3,"Multiple companies, single service",1.67,1,High,Amazon | Correos + Amazon | Correos,False
MAD_LOC_000688,2,PUDO,733,Madrid Suc 59. Barajas Pueblo,"C. Alanís, 1",40.471398491310154,-3.58314012366397,240,28042.0,733 + 1220,Correos + Amazon,Lsp Pudos + Convenience Stores,Pública,Public Facility,Madrid,Correos + Amazon,LSP PUDOs + Convenience stores,Public,Public facility,Madrid,Madrid Suc 59. Barajas Pueblo + Correos - Madrid Suc 59. Barajas Pueblo,"C. Alanís, 1 + C. Alanís, 1",28042 + 28042,,,,2 + 7,PUDO + Convenience Store,1,2,2,False,True,False,False,False,False,True,False,7,Multiple services,4,"Multiple companies, multiple services",18.85,2,Medium,Amazon | Correos + Amazon | Correos,False
MAD_LOC_000693,2,PUDO,738,Madrid Suc 99,"C. de Pegaso, 24",40.46476127389325,-3.649379756493855,180,28043.0,738 + 1232,Correos + Amazon,Locker + Convenience Stores,Pública,Public Facility,Madrid,Correos + Amazon,Lockers + Convenience stores,Public,Public facility,Madrid,Madrid Suc 99 + Correos - Madrid Suc 99,"C. de Pegaso, 24 + C. de Pegaso, 24",28043 + 28043,,,,1 + 7,Locker + Convenience Store,1,2,2,True,False,False,False,False,False,True,False,7,Multiple services,4,"Multiple companies, multiple services",23.76,2,Medium,Amazon | Correos + Amazon | Correos,False
MAD_LOC_000698,3,PUDO,744,Madrid Suc 17. Legazpi,"C. de Tomás Borrás, 5-7",40.3954983740522,-3.6967757129213132,300,28045.0,744 + 745 + 1265,Correos + Correos + Amazon,Lsp Pudos + Locker,Pública,Public Facility,Madrid,Correos + Correos + Amazon,LSP PUDOs + Lockers,Public,Public facility,Madrid,Madrid Suc 17. Legazpi + Correos Madrid Suc 17. Legazpi + Lockers Correos Madrid Sucursal 17,"C. de Tomás Borrás, 5-7 + C. de Tomás Borrás, 5-7 + C. de Tomás Borrás, 5-7",28045 + 28045 + 28045,,,,2 + 2 + 1,PUDO + PUDO + Locker,1,3,2,True,True,False,False,False,False,False,False,3,Locker and PUDO,4,"Multiple companies, multiple services",25.51,2,Medium,Amazon | Correos + Amazon | Correos + Amazon | Correos,False
MAD_LOC_000704,2,PUDO,753,Madrid Suc 82. Monte Carmelo,"Av del Santuario de Valverde, 45",40.507746327875,-3.696869216485,180,28049.0,753 + 755,Correos + Correos,Lsp Pudos + Locker,Pública,Public Facility,Madrid,Correos + Correos,LSP PUDOs + Lockers,Public,Public facility,Madrid,Madrid Suc 82. Monte Carmelo + Correos Madrid Suc 82. Monte Carmelo,"Av del Santuario de Valverde, 45 + Av del Santuario de Valverde, 45",28049 + 28049,,,,2 + 1,PUDO + Locker,1,2,1,True,True,False,False,False,False,False,False,3,Locker and PUDO,2,"Same company, multiple records",7.69,1,High,Correos + Correos,False
MAD_LOC_000707,4,PUDO,757,Madrid Suc 81. Las Tablas,"C. de Capiscol, 12",40.50772961128907,-3.674721644732828,420,28050.0,757 + 759 + 1293 + 1295,Correos + Correos + Amazon + Amazon,Lsp Pudos + Convenience Stores + Locker,Pública,Public Facility,Madrid,Correos + Correos + Amazon + Amazon,LSP PUDOs + Convenience stores + Lockers,Public,Public facility,Madrid,Madrid Suc 81. Las Tablas + Correos Madrid Suc 81. Las Tablas + Correos - Madrid Suc 81. Las Tablas + Citypaq Lockers-Correos Madrid Suc 81. Las Tablas,"C. de Capiscol, 12 + C. de Capiscol, 12 + C. de Capiscol, 12 + C. de Capiscol, 12",28050 + 28050 + 28050 + 28050,,,,2 + 2 + 7 + 1,PUDO + PUDO + Convenience Store + Locker,1,4,2,True,True,False,False,False,False,True,False,3,Locker and PUDO,4,"Multiple companies, multiple services",25.07,2,Medium,Amazon | Correos + Amazon | Correos + Amazon | Correos + Amazon | Correos,False
MAD_LOC_000711,2,PUDO,763,Madrid Suc 55. San Diego-Palomeras Bajas,"C/ de Sierra Carbonera, 75",40.389754769350006,-3.66534299152,240,28053.0,763 + 764,Correos + Correos,Lsp Pudos,Pública,Public Facility,Madrid,Correos + Correos,LSP PUDOs,Public,Public facility,Madrid,Madrid Suc 55. San Diego-Palomeras Bajas + Correos Madrid Suc 55. San Diego-Palomeras Bajas,"C/ de Sierra Carbonera, 75 + C/ de Sierra Carbonera, 75",28053 + 28053,,,,2 + 2,PUDO + PUDO,1,2,1,False,True,False,False,False,False,False,False,2,PUDO only,2,"Same company, multiple records",10.06,1,High,Correos + Correos,False
MAD_LOC_000715,2,PUDO,768,Seur Velazquez Farma,"Calle Velázquez, 30",40.4249721605026,-3.68389298250484,180,28001.0,768 + 1321,Amazon + SEUR,Locker + Convenience Stores,Privada,Premises,Madrid,Amazon + Seur,Lockers + Convenience stores,Private,Premises,Madrid,Seur Velazquez Farma + Velazquez Farma,"Calle Velázquez, 30 + Calle Velázquez, 30",28001 + 28001,,,,1 + 7,Locker + Convenience Store,1,2,2,True,False,False,False,False,False,True,False,7,Multiple services,4,"Multiple companies, multiple services",18.14,2,Medium,Amazon | SEUR + Amazon | SEUR,False
MAD_LOC_000717,2,PUDO,774,Seur Aroma Style Home,"C. de Hermosilla, 62",40.426431912808454,-3.6796430484841647,180,28001.0,774 + 1324,Amazon + SEUR,Locker + Convenience Stores,Privada,Premises,Madrid,Amazon + Seur,Lockers + Convenience stores,Private,Premises,Madrid,Seur Aroma Style Home + Aroma Style Home,"C. de Hermosilla, 62 + C. de Hermosilla, 62",28001 + 28001,,,,1 + 7,Locker + Convenience Store,1,2,2,True,False,False,False,False,False,True,False,7,Multiple services,4,"Multiple companies, multiple services",22.53,2,Medium,Amazon | SEUR + Amazon | SEUR,False
MAD_LOC_000720,3,PUDO,779,World Tech Mobile,"C. de Eugenio Salazar, 47",40.447835884888036,-3.675572650860133,360,28002.0,779 + 2051 + 2229,Amazon + Celeritas + Ctt Express,Convenience Stores,Privada,Premises,Madrid,Amazon + Celeritas + CTT Express,Convenience stores,Private,Premises,Madrid,World Tech Mobile + World Tech Mobile + World Tech Mobile,"C. de Eugenio Salazar, 47 + C. de Eugenio Salazar, 47 + C. de Eugenio Salazar, 47",28002 + 28002 + 28002,,,,7 + 7 + 7,Convenience Store + Convenience Store + Convenience Store,1,3,3,False,False,False,False,False,False,True,False,5,Convenience Store only,3,"Multiple companies, single service",17.44,2,Medium,Amazon | Celeritas | Ctt Express + Amazon | Celeritas | Ctt Express + Amazon | Celeritas | Ctt Express,False
MAD_LOC_000722,2,PUDO,782,Locutorio Conectame,"C. de Eugenio Salazar, 58",40.448551817065095,-3.6752390800323553,240,28002.0,782 + 1328,Amazon + SEUR,Convenience Stores,Privada,Premises,Madrid,Amazon + Seur,Convenience stores,Private,Premises,Madrid,Locutorio Conectame + Locutorio Conectame,"C. de Eugenio Salazar, 58 + C. de Eugenio Salazar, 58",28002 + 28002,,,,7 + 7,Convenience Store + Convenience Store,1,2,2,False,False,False,False,False,False,True,False,5,Convenience Store only,3,"Multiple companies, single service",18.45,2,Medium,Amazon | SEUR + Amazon | SEUR,False
MAD_LOC_000725,2,PUDO,785,Seur Vaspstore Prosperidad,"C/ de Sta Hortensia, 2",40.4461536943343,-3.6705297921528297,180,28002.0,785 + 1332,Amazon + SEUR,Locker + Convenience Stores,Privada,Premises,Madrid,Amazon + Seur,Lockers + Convenience stores,Private,Premises,Madrid,Seur Vaspstore Prosperidad + Vapstore Prosperidad,"C/ de Sta Hortensia, 2 + C/ de Sta Hortensia, 2",28002 + 28002,,,,1 + 7,Locker + Convenience Store,1,2,2,True,False,False,False,False,False,True,False,7,Multiple services,4,"Multiple companies, multiple services",8.39,1,High,Amazon | SEUR + Amazon | SEUR,False
MAD_LOC_000726,4,PUDO,787,Ferretotal,"C. de Mantuano, 9",40.445351193844175,-3.6745348178656103,480,28002.0,787 + 789 + 1329 + 2235,Amazon + Amazon + SEUR + Ctt Express,Convenience Stores,Privada,Premises,Madrid,Amazon + Amazon + Seur + CTT Express,Convenience stores,Private,Premises,Madrid,Ferretotal + Seur Ferretotal + Ferretotal + Ferretotal,"C. de Mantuano, 9 + C. de Mantuano, 9 + C. de Mantuano, 9 + C. de Mantuano, 9, Local",28002 + 28002 + 28002 + 28002,,,,7 + 7 + 7 + 7,Convenience Store + Convenience Store + Convenience Store + Convenience Store,1,4,3,False,False,False,False,False,False,True,False,5,Convenience Store only,3,"Multiple companies, single service",14.18,1,High,Amazon | Ctt Express | SEUR + Amazon | Ctt Express | SEUR + Amazon | Ctt Express | SEUR + Amazon | Ctt Express | SEUR,False
MAD_LOC_000730,3,PUDO,792,Seur Optica Golf,"C. del Príncipe de Vergara, 205",40.4499188586345,-3.6785301939015205,300,28002.0,792 + 1334 + 2871,Amazon + SEUR + UPS,Locker + Convenience Stores,Privada,Premises,Madrid,Amazon + Seur + UPS,Lockers + Convenience stores,Private,Premises,Madrid,Seur Optica Golf + Optica Golf + Optica Golf,"C. del Príncipe de Vergara, 205 + Calle del Príncipe de Vergara, 205 + C. del Príncipe de Vergara, 205",28002 + 28002 + 28002,,,,1 + 7 + 7,Locker + Convenience Store + Convenience Store,1,3,3,True,False,False,False,False,False,True,False,7,Multiple services,4,"Multiple companies, multiple services",17.14,2,Medium,Amazon | SEUR | UPS + Amazon | SEUR | UPS + Amazon | SEUR | UPS,False
MAD_LOC_000732,2,PUDO,794,Emovigo,"C. de López de Hoyos, 196",40.4485192165241,-3.6676381874382598,240,28002.0,794 + 2234,Amazon + Ctt Express,Convenience Stores,Privada,Premises,Madrid,Amazon + CTT Express,Convenience stores,Private,Premises,Madrid,Emovigo + Emovigo,"C. de López de Hoyos, 196 + C. de López de Hoyos, 196",28002 + 28002,,,,7 + 7,Convenience Store + Convenience Store,1,2,2,False,False,False,False,False,False,True,False,5,Convenience Store only,3,"Multiple companies, single service",11.84,1,High,Amazon | Ctt Express + Amazon | Ctt Express,False
MAD_LOC_000733,3,PUDO,795,Jose Locutorios,"C. Luis Vives, 19",40.44499261283617,-3.6753636995970402,360,28002.0,795 + 2236 + 2238,Amazon + Ctt Express + Ctt Express,Convenience Stores,Privada,Premises,Madrid,Amazon + CTT Express + CTT Express,Convenience stores,Private,Premises,Madrid,Jose Locutorios + Locutorio Prosperidad + Jose Locutorios,"C. Luis Vives, 19 + C. Luis Vives, 19, local izqdo + C. Luis Vives, 19, local d",28002 + 28002 + 28003,,,,7 + 7 + 7,Convenience Store + Convenience Store + Convenience Store,1,3,2,False,False,False,False,False,False,True,False,5,Convenience Store only,3,"Multiple companies, single service",3.27,1,High,Amazon | Ctt Express + Amazon | Ctt Express + Amazon | Ctt Express,False
MAD_LOC_000734,5,PUDO,796,Seur - Achalay,"C. de Alonso Cano, 81",40.443329206068675,-3.697478806553132,600,28003.0,796 + 1346 + 2055 + 2242 + 2878,Amazon + SEUR + Celeritas + Ctt Express + UPS,Convenience Stores,Privada,Premises,Madrid,Amazon + Seur + Celeritas + CTT Express + UPS,Convenience stores,Private,Premises,Madrid,Seur - Achalay + Achalay + Achalay Prensa Y Revistas + Achalay Prensa Y Revistas + Achalay,"C. de Alonso Cano, 81 + C. de Alonso Cano, 81 + C. de Alonso Cano & C. del Robledillo + C. de Alonso Cano & C. del Robledillo s/n + C. de Alonso Cano, 81",28003 + 28003 + 28003 + 28003 + 28003,,,,7 + 7 + 7 + 7 + 7,Convenience Store + Convenience Store + Convenience Store + Convenience Store + Convenience Store,1,5,5,False,False,False,False,False,False,True,False,5,Convenience Store only,3,"Multiple companies, single service",14.79,1,High,Amazon | Celeritas | Ctt Express | SEUR | UPS + Amazon | Celeritas | Ctt Express | SEUR | UPS + Amazon | Celeritas | Ctt Express | SEUR | UPS + Amazon | Celeritas | Ctt Express | SEUR | UPS + Amazon | Celeritas | Ctt Express | SEUR | UPS,False
MAD_LOC_000737,2,PUDO,799,Estanco 81,"Calle de Bretón de los Herreros, 37",40.439939706215,-3.6973077631033,240,28003.0,799 + 2246,Amazon + Ctt Express,Convenience Stores,Privada,Premises,Madrid,Amazon + CTT Express,Convenience stores,Private,Premises,Madrid,Estanco 81 + Estanco 81,"Calle de Bretón de los Herreros, 37 + Calle de Bretón de los Herreros, 37",28003 + 28003,,,,7 + 7,Convenience Store + Convenience Store,1,2,2,False,False,False,False,False,False,True,False,5,Convenience Store only,3,"Multiple companies, single service",0.0,1,High,Amazon | Ctt Express + Amazon | Ctt Express,False
MAD_LOC_000738,4,PUDO,800,Seur Fotografia La Fontana,"C. de Alonso Cano, 50",40.44226743007748,-3.6972927175745047,420,28003.0,800 + 1343 + 1344 + 3141,Amazon + SEUR + SEUR + Pudo,Convenience Stores + Locker + Click&Collect,Privada,Premises,Madrid,Amazon + Seur + Seur + PUDO,Convenience stores + Lockers + Click&Collect,Private,Premises,Madrid,Seur Fotografia La Fontana + Fotografia La Fontana + Foto Fontana + Foto La Fontana,"C. de Alonso Cano, 50 + C. de Alonso Cano, 50 + C. de Alonso Cano, 50 + C. de Alonso Cano, 50",28003 + 28003 + 28003 + 28003,,,,7 + 7 + 1 + 3,Convenience Store + Convenience Store + Locker + Click & Collect,1,4,3,True,False,True,False,False,False,True,False,7,Multiple services,4,"Multiple companies, multiple services",27.44,2,Medium,Amazon | Pudo | SEUR + Amazon | Pudo | SEUR + Amazon | Pudo | SEUR + Amazon | Pudo | SEUR,False
MAD_LOC_000749,2,PUDO,813,Seur Estanco 149,"P.o de Juan Antonio Vallejo-Nájera Botas, 50",40.40436370310715,-3.714992272755505,240,28005.0,813 + 1364,Amazon + SEUR,Convenience Stores,Privada,Premises,Madrid,Amazon + Seur,Convenience stores,Private,Premises,Madrid,Seur Estanco 149 + Estanco 149,"P.º de Juan Antonio Vallejo-Nájera Botas, 50 + P.º de Juan Antonio Vallejo-Nájera Botas, 50",28005 + 28005,,,,7 + 7,Convenience Store + Convenience Store,1,2,2,False,False,False,False,False,False,True,False,5,Convenience Store only,3,"Multiple companies, single service",6.28,1,High,Amazon | SEUR + Amazon | SEUR,False
MAD_LOC_000754,2,PUDO,818,Seur Prink Madrid Toledo,"C. de Toledo, 107",40.4092166406022,-3.70991543447723,240,28005.0,818 + 819,Amazon + Amazon,Convenience Stores,Privada,Premises,Madrid,Amazon + Amazon,Convenience stores,Private,Premises,Madrid,Seur Prink Madrid Toledo + Prink Madrid 3,"C. de Toledo, 107 + C. de Toledo, 107",28005 + 28005,,,,7 + 7,Convenience Store + Convenience Store,1,2,1,False,False,False,False,False,False,True,False,5,Convenience Store only,2,"Same company, multiple records",0.0,1,High,Amazon + Amazon,False
MAD_LOC_000755,2,PUDO,821,Mehdi Telcom,"C. de Toledo, 90",40.4089594082314,-3.7111932797050553,240,28005.0,821 + 2260,Amazon + Ctt Express,Convenience Stores,Privada,Premises,Madrid,Amazon + CTT Express,Convenience stores,Private,Premises,Madrid,Mehdi Telcom + Mehdi Telcom,"C. de Toledo, 90 + C. de Toledo, 90",28005 + 28005,,,,7 + 7,Convenience Store + Convenience Store,1,2,2,False,False,False,False,False,False,True,False,5,Convenience Store only,3,"Multiple companies, single service",17.14,2,Medium,Amazon | Ctt Express + Amazon | Ctt Express,False
MAD_LOC_000756,2,PUDO,824,Seur El Patin De Oro,"P.o de los Pontones, 17",40.405677903867854,-3.713964808878325,240,28005.0,824 + 1363,Amazon + SEUR,Convenience Stores,Privada,Premises,Madrid,Amazon + Seur,Convenience stores,Private,Premises,Madrid,Seur El Patin De Oro + El Patin De Oro,"P.º de los Pontones, 17 + P.º de los Pontones, 17",28005 + 28005,,,,7 + 7,Convenience Store + Convenience Store,1,2,2,False,False,False,False,False,False,True,False,5,Convenience Store only,3,"Multiple companies, single service",22.44,2,Medium,Amazon | SEUR + Amazon | SEUR,False
MAD_LOC_000758,2,PUDO,827,Seur - Hilltop Bs,"C. del Gral. Oráa, 18",40.436199256680354,-3.684881126036605,180,28006.0,827 + 1390,Amazon + SEUR,Locker + Convenience Stores,Privada,Premises,Madrid,Amazon + Seur,Lockers + Convenience stores,Private,Premises,Madrid,Seur - Hilltop Bs + Hilltop Bs,"C. del Gral. Oráa, 18 + C. del Gral. Oráa, 18",28006 + 28006,,,,1 + 7,Locker + Convenience Store,1,2,2,True,False,False,False,False,False,True,False,7,Multiple services,4,"Multiple companies, multiple services",29.18,2,Medium,Amazon | SEUR + Amazon | SEUR,False
MAD_LOC_000765,2,PUDO,835,Tienda Seur - Jativa,"C. de Játiva, 43",40.398395954783254,-3.6724828349227803,240,28007.0,835 + 1413,Amazon + SEUR,Convenience Stores + Lsp Pudos,Privada,Premises,Madrid,Amazon + Seur,Convenience stores + LSP PUDOs,Private,Premises,Madrid,Tienda Seur - Jativa + Jativa,"C. de Játiva, 43 + C. de Játiva, 43",28007 + 28007,,,,7 + 2,Convenience Store + PUDO,1,2,2,False,True,False,False,False,False,True,False,7,Multiple services,4,"Multiple companies, multiple services",23.02,2,Medium,Amazon | SEUR + Amazon | SEUR,False
MAD_LOC_000766,2,PUDO,836,Móviles Ciudad De Barcelona,"Av. de la Ciudad de Barcelona, 75",40.4019414245233,-3.675308478604485,240,28007.0,836 + 2278,Amazon + Ctt Express,Convenience Stores,Privada,Premises,Madrid,Amazon + CTT Express,Convenience stores,Private,Premises,Madrid,Móviles Ciudad De Barcelona + Móviles Ciudad De Barcelona 75,"Av. de la Ciudad de Barcelona, 75 + Av. de la Ciudad de Barcelona, 75",28007 + 28007,,,,7 + 7,Convenience Store + Convenience Store,1,2,2,False,False,False,False,False,False,True,False,5,Convenience Store only,3,"Multiple companies, single service",19.16,2,Medium,Amazon | Ctt Express + Amazon | Ctt Express,False
MAD_LOC_000771,2,PUDO,847,Amazon Counter - Locutorio Talal 2,"C. de Benito Gutiérrez, 10",40.432213649575104,-3.71842126837789,240,28008.0,847 + 2286,Amazon + Ctt Express,Convenience Stores,Privada,Premises,Madrid,Amazon + CTT Express,Convenience stores,Private,Premises,Madrid,Amazon Counter - Locutorio Talal 2 + Locutorio Talal 2,"C. de Benito Gutiérrez, 10 + C. de Benito Gutiérrez, 10",28008 + 28008,,,,7 + 7,Convenience Store + Convenience Store,1,2,2,False,False,False,False,False,False,True,False,5,Convenience Store only,3,"Multiple companies, single service",19.48,2,Medium,Amazon | Ctt Express + Amazon | Ctt Express,False
MAD_LOC_000772,2,PUDO,848,Amazon Counter - Deportes Princesa,"Calle de la Princesa, 72",40.432296797901,-3.717160551564295,240,28008.0,848 + 2899,Amazon + UPS,Convenience Stores,Privada,Premises,Madrid,Amazon + UPS,Convenience stores,Private,Premises,Madrid,Amazon Counter - Deportes Princesa + Kanguro Deportes Princesa,"Calle de la Princesa, 72 + Calle de la Princesa, 72",28008 + 28008,,,,7 + 7,Convenience Store + Convenience Store,1,2,2,False,False,False,False,False,False,True,False,5,Convenience Store only,3,"Multiple companies, single service",2.82,1,High,Amazon | UPS + Amazon | UPS,False
MAD_LOC_000774,2,PUDO,850,Seur - Telex 24,"C. de Quintana, 6",40.42871922217225,-3.71644540863179,240,28008.0,850 + 1421,Amazon + SEUR,Convenience Stores + Lsp Pudos,Privada,Premises,Madrid,Amazon + Seur,Convenience stores + LSP PUDOs,Private,Premises,Madrid,Seur - Telex 24 + Telex 24,"C. de Quintana, 6 + C. de Quintana, 6",28008 + 28008,,,,7 + 2,Convenience Store + PUDO,1,2,2,False,True,False,False,False,False,True,False,7,Multiple services,4,"Multiple companies, multiple services",15.48,2,Medium,Amazon | SEUR + Amazon | SEUR,False
MAD_LOC_000784,2,PUDO,865,Seur - Zerowastemad,"Calle de García de Paredes, 35",40.4370641047679,-3.698228044792815,240,28010.0,865 + 1436,Amazon + SEUR,Convenience Stores,Privada,Premises,Madrid,Amazon + Seur,Convenience stores,Private,Premises,Madrid,Seur - Zerowastemad + Zerowastemad,"Calle de García de Paredes, 35 + Calle de García de Paredes, 35",28010 + 28010,,,,7 + 7,Convenience Store + Convenience Store,1,2,2,False,False,False,False,False,False,True,False,5,Convenience Store only,3,"Multiple companies, single service",21.84,2,Medium,Amazon | SEUR + Amazon | SEUR,False
MAD_LOC_000786,4,PUDO,871,Amazon Counter - Candy Fiesta,"P.o de Extremadura, 200",40.40754025698243,-3.74658020105134,480,28011.0,871 + 1442 + 2310 + 2835,Amazon + SEUR + Ctt Express + Nacex,Convenience Stores,Privada,Premises,Madrid,Amazon + Seur + CTT Express + Nacex,Convenience stores,Private,Premises,Madrid,Amazon Counter - Candy Fiesta + Candy Fiesta + Candy Fiesta + Candy Fiesta (2886-16),"P.º de Extremadura, 200 + P.º de Extremadura, 200 + P.º de Extremadura, 200 + P.º de Extremadura, 200",28011 + 28011 + 28011 + 28011,,,,7 + 7 + 7 + 7,Convenience Store + Convenience Store + Convenience Store + Convenience Store,1,4,4,False,False,False,False,False,False,True,False,5,Convenience Store only,3,"Multiple companies, single service",23.69,2,Medium,Amazon | Ctt Express | Nacex | SEUR + Amazon | Ctt Express | Nacex | SEUR + Amazon | Ctt Express | Nacex | SEUR + Amazon | Ctt Express | Nacex | SEUR,False
MAD_LOC_000789,2,PUDO,876,Amazon Counter - Chollo De Batán,"C. de Villamanín, 46",40.4067845621377,-3.753468503086205,240,28011.0,876 + 1441,Amazon + SEUR,Convenience Stores,Privada,Premises,Madrid,Amazon + Seur,Convenience stores,Private,Premises,Madrid,Amazon Counter - Chollo De Batán + El Chollo De Batan,"C. de Villamanín, 46 + C. de Villamanín, 46",28011 + 28011,,,,7 + 7,Convenience Store + Convenience Store,1,2,2,False,False,False,False,False,False,True,False,5,Convenience Store only,3,"Multiple companies, single service",6.95,1,High,Amazon | SEUR + Amazon | SEUR,False
MAD_LOC_000791,2,PUDO,878,Seur Pisamorena De Jq,"Cl. de Alonso del Barco, 3",40.40490313040265,-3.70127905918473,240,28012.0,878 + 1459,Amazon + SEUR,Convenience Stores,Privada,Premises,Madrid,Amazon + Seur,Convenience stores,Private,Premises,Madrid,Seur Pisamorena De Jq + Pisamorena De Jq,"Cl. de Alonso del Barco, 3 + Cl. de Alonso del Barco, 3",28012 + 28012,,,,7 + 7,Convenience Store + Convenience Store,1,2,2,False,False,False,False,False,False,True,False,5,Convenience Store only,3,"Multiple companies, single service",4.54,1,High,Amazon | SEUR + Amazon | SEUR,False
MAD_LOC_000794,2,PUDO,882,Amazon Counter - Sr Tecnologia,"C. de Tribulete, 4",40.408441392985594,-3.701626828880205,180,28012.0,882 + 2320,Amazon + Ctt Express,Locker + Convenience Stores,Privada,Premises,Madrid,Amazon + CTT Express,Lockers + Convenience stores,Private,Premises,Madrid,Amazon Counter - Sr Tecnologia + Sr Tecnologia,"C. de Tribulete, 4 + C. de Tribulete, 4",28012 + 28012,,,,1 + 7,Locker + Convenience Store,1,2,2,True,False,False,False,False,False,True,False,7,Multiple services,4,"Multiple companies, multiple services",23.57,2,Medium,Amazon | Ctt Express + Amazon | Ctt Express,False
MAD_LOC_000796,2,PUDO,886,Seur - Phonelectric,"Rda. de Atocha, 26",40.4066857413965,-3.698361993134265,240,28012.0,886 + 1458,Amazon + SEUR,Convenience Stores,Privada,Premises,Madrid,Amazon + Seur,Convenience stores,Private,Premises,Madrid,Seur - Phonelectric + Phonelectric,"Rda. de Atocha, 26 + Rda. de Atocha, 26",28012 + 28012,,,,7 + 7,Convenience Store + Convenience Store,1,2,2,False,False,False,False,False,False,True,False,5,Convenience Store only,3,"Multiple companies, single service",9.66,1,High,Amazon | SEUR + Amazon | SEUR,False
MAD_LOC_000802,2,PUDO,893,Correos - Madrid Suc 86. Corte Ingles Callao,"Pl. del Callao, 2, Planta 8",40.41960391924985,-3.704960954788815,120,28013.0,893 + 3338,Amazon + Correos,Locker,Pública,Public Facility + Locker,Madrid,Amazon + Correos Citypaq,Lockers + Locker,Public,Public facility + Locker,Madrid,Correos - Madrid Suc 86. Corte Ingles Callao + MADRID SUC 86. CORTE INGLES CALLAO,"Pl. del Callao, 2, Planta 8 + Pz De Callao 2 Planta 8",28013,Correos CityPaq,Possibly new,,1 + 1,Locker + Locker,1,2,2,True,False,False,False,False,False,False,False,1,Locker only,3,"Multiple companies, single service",20.24,2,Medium,Amazon | Correos + Amazon | Correos,False
MAD_LOC_000804,2,PUDO,895,Amazon Counter - Alimentacion,"Cuesta de Sto. Domingo, 10",40.4197491695181,-3.7095316304586,240,28013.0,895 + 2325,Amazon + Ctt Express,Convenience Stores,Privada,Premises,Madrid,Amazon + CTT Express,Convenience stores,Private,Premises,Madrid,Amazon Counter - Alimentacion + Alimentacion,"Cuesta de Sto. Domingo, 10 + Cuesta de Sto. Domingo, 10",28013 + 28013,,,,7 + 7,Convenience Store + Convenience Store,1,2,2,False,False,False,False,False,False,True,False,5,Convenience Store only,3,"Multiple companies, single service",15.97,2,Medium,Amazon | Ctt Express + Amazon | Ctt Express,False
MAD_LOC_000808,2,PUDO,901,Amazon Counter - Tahrim Telecom.,"C. de Jesús, 7",40.4128467946106,-3.6955769504225,240,28014.0,901 + 2330,Amazon + Ctt Express,Convenience Stores,Privada,Premises,Madrid,Amazon + CTT Express,Convenience stores,Private,Premises,Madrid,Amazon Counter - Tahrim Telecom. + Tahrim Telecom.,"C. de Jesús, 7 + C. de Jesús, 7",28014 + 28014,,,,7 + 7,Convenience Store + Convenience Store,1,2,2,False,False,False,False,False,False,True,False,5,Convenience Store only,3,"Multiple companies, single service",10.09,1,High,Amazon | Ctt Express + Amazon | Ctt Express,False
MAD_LOC_000809,2,PUDO,902,Pc Factory Computer,"C. de Gaztambide, 26, Local L 40",40.43440545173665,-3.71546458692645,240,28015.0,902 + 2666,Amazon + Gls,Convenience Stores,Privada,Premises,Madrid,Amazon + GLS,Convenience stores,Private,Premises,Madrid,Pc Factory Computer + Ps Pc Factory Computer,"C. de Gaztambide, 26, Local L 40 + C. de Gaztambide, 26",28015 + 28015,,,,7 + 7,Convenience Store + Convenience Store,1,2,2,False,False,False,False,False,False,True,False,5,Convenience Store only,3,"Multiple companies, single service",14.36,1,High,Amazon | Gls + Amazon | Gls,False
MAD_LOC_000810,2,PUDO,903,Wifi Locutorio.,"Calle GASTAMBIDE, 36",40.43539226607115,-3.715388222683445,240,28015.0,903 + 905,Amazon + Amazon,Convenience Stores,Privada,Premises,Madrid,Amazon + Amazon,Convenience stores,Private,Premises,Madrid,Wifi Locutorio. + Imovil-Fix,"Calle GASTAMBIDE, 36 + C. de Gaztambide, 36",28015 + 28015,,,,7 + 7,Convenience Store + Convenience Store,1,2,1,False,False,False,False,False,False,True,False,5,Convenience Store only,2,"Same company, multiple records",7.49,1,High,Amazon + Amazon,False
MAD_LOC_000814,3,PUDO,908,Dgv Soluciones,"C. de Fernando el Católico, 80",40.4348051974492,-3.71629110245552,360,28015.0,908 + 911 + 1477,Amazon + Amazon + SEUR,Convenience Stores,Privada,Premises,Madrid,Amazon + Amazon + Seur,Convenience stores,Private,Premises,Madrid,Dgv Soluciones + Seur - Dgv Soluciones + Dgv Soluciones,"C. de Fernando el Católico, 80 + C. de Fernando el Católico, 80 + C. de Fernando el Católico, 80",28015 + 28015 + 28015,,,,7 + 7 + 7,Convenience Store + Convenience Store + Convenience Store,1,3,2,False,False,False,False,False,False,True,False,5,Convenience Store only,3,"Multiple companies, single service",7.59,1,High,Amazon | SEUR + Amazon | SEUR + Amazon | SEUR,False
MAD_LOC_000817,2,PUDO,913,Amazon Counter - Moviltech.,"C. de Meléndez Valdés, 52, Local 12",40.43332880383795,-3.7148435366810197,240,28015.0,913 + 914,Amazon + Amazon,Convenience Stores,Privada,Premises,Madrid,Amazon + Amazon,Convenience stores,Private,Premises,Madrid,Amazon Counter - Moviltech. + Amazon Counter - New Technology,"C. de Meléndez Valdés, 52, Local 12 + C. de Meléndez Valdés, 52, LOCAL 13",28015 + 28015,,,,7 + 7,Convenience Store + Convenience Store,1,2,1,False,False,False,False,False,False,True,False,5,Convenience Store only,2,"Same company, multiple records",24.53,2,Medium,Amazon + Amazon,False
MAD_LOC_000819,4,PUDO,916,Amazon Counter - Space Mobil,"C. de Rodríguez San Pedro, 49",40.4318457225931,-3.7139337234452,480,28015.0,916 + 918 + 1474 + 2341,Amazon + Amazon + SEUR + Ctt Express,Convenience Stores,Privada,Premises,Madrid,Amazon + Amazon + Seur + CTT Express,Convenience stores,Private,Premises,Madrid,Amazon Counter - Space Mobil + Seur - Space Mobil + Space Mobil + Space Mobil,"C. de Rodríguez San Pedro, 49 + C. de Rodríguez San Pedro, 49 + C. de Rodríguez San Pedro, 49 + C. de Rodríguez San Pedro, 49",28015 + 28015 + 28015 + 28015,,,,7 + 7 + 7 + 7,Convenience Store + Convenience Store + Convenience Store + Convenience Store,1,4,3,False,False,False,False,False,False,True,False,5,Convenience Store only,3,"Multiple companies, single service",6.89,1,High,Amazon | Ctt Express | SEUR + Amazon | Ctt Express | SEUR + Amazon | Ctt Express | SEUR + Amazon | Ctt Express | SEUR,False
MAD_LOC_000822,2,PUDO,923,Vanse Artesanos Gourmet,"C. de Colombia, 16",40.4569149261144,-3.6752035380096952,240,28016.0,923 + 925,Amazon + Amazon,Convenience Stores,Privada,Premises,Madrid,Amazon + Amazon,Convenience stores,Private,Premises,Madrid,Vanse Artesanos Gourmet + Amazon Counter - Vanse Artesanos Gourmet,"C. de Colombia, 16 + C. de Colombia, 16",28016 + 28016,,,,7 + 7,Convenience Store + Convenience Store,1,2,1,False,False,False,False,False,False,True,False,5,Convenience Store only,2,"Same company, multiple records",2.57,1,High,Amazon + Amazon,False
MAD_LOC_000823,2,PUDO,929,Seur Kukos,"Calle de Puerto Rico, 29",40.4570505034324,-3.6744870560107596,240,28016.0,929 + 1481,Amazon + SEUR,Convenience Stores,Privada,Premises,Madrid,Amazon + Seur,Convenience stores,Private,Premises,Madrid,Seur Kukos + Kukos,"Calle de Puerto Rico, 29 + Calle de Puerto Rico, 29",28016 + 28016,,,,7 + 7,Convenience Store + Convenience Store,1,2,2,False,False,False,False,False,False,True,False,5,Convenience Store only,3,"Multiple companies, single service",22.42,2,Medium,Amazon | SEUR + Amazon | SEUR,False
MAD_LOC_000824,2,PUDO,931,Seur - Electrodomesticos Escoria,"Calle de Puerto Rico, 2",40.45258519562875,-3.6743971261652897,240,28016.0,931 + 1488,Amazon + SEUR,Convenience Stores,Privada,Premises,Madrid,Amazon + Seur,Convenience stores,Private,Premises,Madrid,Seur - Electrodomesticos Escoria + Electrodomesticos Escoria,"Calle de Puerto Rico, 2 + Calle de Puerto Rico, 2",28016 + 28016,,,,7 + 7,Convenience Store + Convenience Store,1,2,2,False,False,False,False,False,False,True,False,5,Convenience Store only,3,"Multiple companies, single service",16.31,2,Medium,Amazon | SEUR + Amazon | SEUR,False
MAD_LOC_000828,2,PUDO,936,Seur - Fiesta Lovers,"C. de Santurce, 8",40.42544668885475,-3.63979486512161,240,28017.0,936 + 1492,Amazon + SEUR,Convenience Stores,Privada,Premises,Madrid,Amazon + Seur,Convenience stores,Private,Premises,Madrid,Seur - Fiesta Lovers + Fiesta Lovers,"C. de Santurce, 8 + C. de Santurce, 8",28017 + 28017,,,,7 + 7,Convenience Store + Convenience Store,1,2,2,False,False,False,False,False,False,True,False,5,Convenience Store only,3,"Multiple companies, single service",7.08,1,High,Amazon | SEUR + Amazon | SEUR,False
MAD_LOC_000833,2,PUDO,942,Amazon Counter - Tecno Cell,"C. de Ezequiel Solana, 100",40.42755595458545,-3.6425436455984,240,28017.0,942 + 2352,Amazon + Ctt Express,Convenience Stores,Privada,Premises,Madrid,Amazon + CTT Express,Convenience stores,Private,Premises,Madrid,Amazon Counter - Tecno Cell + Tecno Cell,"C. de Ezequiel Solana, 100 + C. de Ezequiel Solana, 100",28017 + 28017,,,,7 + 7,Convenience Store + Convenience Store,1,2,2,False,False,False,False,False,False,True,False,5,Convenience Store only,3,"Multiple companies, single service",6.91,1,High,Amazon | Ctt Express + Amazon | Ctt Express,False
MAD_LOC_000834,2,PUDO,943,Amazon Counter - La Clinica Del Movil,"C. de Gutierre de Cetina, 78, LOCAL 2",40.4282833916889,-3.6399140590014802,240,28017.0,943 + 2351,Amazon + Ctt Express,Convenience Stores,Privada,Premises,Madrid,Amazon + CTT Express,Convenience stores,Private,Premises,Madrid,Amazon Counter - La Clinica Del Movil + La Clinica Del Movil,"C. de Gutierre de Cetina, 78, LOCAL 2 + C. de Gutierre de Cetina, 78",28017 + 28017,,,,7 + 7,Convenience Store + Convenience Store,1,2,2,False,False,False,False,False,False,True,False,5,Convenience Store only,3,"Multiple companies, single service",3.71,1,High,Amazon | Ctt Express + Amazon | Ctt Express,False
MAD_LOC_000838,2,PUDO,950,Seur - Contrasenya Pc,"Av. de Rafael Alberti, 28",40.3858084871869,-3.64208774969559,240,28018.0,950 + 1519,Amazon + SEUR,Convenience Stores,Privada,Premises,Madrid,Amazon + Seur,Convenience stores,Private,Premises,Madrid,Seur - Contrasenya Pc + Contraseña Pc,"Av. de Rafael Alberti, 28 + Av. de Rafael Alberti, 28",28018 + 28018,,,,7 + 7,Convenience Store + Convenience Store,1,2,2,False,False,False,False,False,False,True,False,5,Convenience Store only,3,"Multiple companies, single service",7.22,1,High,Amazon | SEUR + Amazon | SEUR,False
MAD_LOC_000841,2,PUDO,953,Seur - Maturana Decorhogar,"Av. de Palomeras, 129",40.38684405607695,-3.65074106459932,240,28018.0,953 + 1510,Amazon + SEUR,Convenience Stores,Privada,Premises,Madrid,Amazon + Seur,Convenience stores,Private,Premises,Madrid,Seur - Maturana Decorhogar + Maturana Decorhogar,"Av. de Palomeras, 129 + Av. de Palomeras, 129",28018 + 28018,,,,7 + 7,Convenience Store + Convenience Store,1,2,2,False,False,False,False,False,False,True,False,5,Convenience Store only,3,"Multiple companies, single service",3.26,1,High,Amazon | SEUR + Amazon | SEUR,False
MAD_LOC_000842,2,PUDO,954,Seur - Zeta Home,"Av. de Pablo Neruda, 59",40.38255682144435,-3.64908815107028,240,28018.0,954 + 1512,Amazon + SEUR,Convenience Stores,Privada,Premises,Madrid,Amazon + Seur,Convenience stores,Private,Premises,Madrid,Seur - Zeta Home + Zeta Homezeta Home,"Av. de Pablo Neruda, 59 + Av. de Pablo Neruda, 59",28018 + 28018,,,,7 + 7,Convenience Store + Convenience Store,1,2,2,False,False,False,False,False,False,True,False,5,Convenience Store only,3,"Multiple companies, single service",4.57,1,High,Amazon | SEUR + Amazon | SEUR,False
MAD_LOC_000847,2,PUDO,959,Seur - Relojeria Julio Gayo,"C. de Jacinto Verdaguer, 34",40.39562357244575,-3.718645609608605,240,28019.0,959 + 1523,Amazon + SEUR,Convenience Stores,Privada,Premises,Madrid,Amazon + Seur,Convenience stores,Private,Premises,Madrid,Seur - Relojeria Julio Gayo + Relojeria Julio Gayo,"C. de Jacinto Verdaguer, 34 + C. de Jacinto Verdaguer, 34",28019 + 28019,,,,7 + 7,Convenience Store + Convenience Store,1,2,2,False,False,False,False,False,False,True,False,5,Convenience Store only,3,"Multiple companies, single service",17.54,2,Medium,Amazon | SEUR + Amazon | SEUR,False
MAD_LOC_000852,2,PUDO,964,Seur - Saneamientos Palomo Fonta,"C. del Camino Viejo de Leganés, 47",40.3910053490018,-3.7248657805832046,240,28019.0,964 + 1521,Amazon + SEUR,Convenience Stores,Privada,Premises,Madrid,Amazon + Seur,Convenience stores,Private,Premises,Madrid,Seur - Saneamientos Palomo Fonta + Saneamientos Palomo Fonta,"C. del Camino Viejo de Leganés, 47 + C. del Camino Viejo de Leganés, 47",28019 + 28019,,,,7 + 7,Convenience Store + Convenience Store,1,2,2,False,False,False,False,False,False,True,False,5,Convenience Store only,3,"Multiple companies, single service",1.82,1,High,Amazon | SEUR + Amazon | SEUR,False
MAD_LOC_000853,2,PUDO,965,Amazon Counter - Estanco Nieves,"C. San Patricio, 6",40.391946751368295,-3.72544248174683,240,28019.0,965 + 2942,Amazon + UPS,Convenience Stores,Privada,Premises,Madrid,Amazon + UPS,Convenience stores,Private,Premises,Madrid,Amazon Counter - Estanco Nieves + Fnx-Estanco San Patricio,"C. San Patricio, 6 + C. San Patricio, 6",28019 + 28019,,,,7 + 7,Convenience Store + Convenience Store,1,2,2,False,False,False,False,False,False,True,False,5,Convenience Store only,3,"Multiple companies, single service",13.69,1,High,Amazon | UPS + Amazon | UPS,False
MAD_LOC_000856,3,PUDO,969,Amazon Counter - Latin Travel España,"C. Castro de Oro, 12",40.38923410532036,-3.72953056184094,300,28019.0,969 + 1524 + 3191,Amazon + SEUR + Pudo,Convenience Stores + Locker + Click&Collect,Privada,Premises,Madrid,Amazon + Seur + PUDO,Convenience stores + Lockers + Click&Collect,Private,Premises,Madrid,Amazon Counter - Latin Travel España + Seur Locker Latin Travel + Latin Travel Castro De Oro,"C. Castro de Oro, 12 + C. Castro de Oro, 12 + C. Castro de Oro, 12",28019 + 28019 + 28019,,,,7 + 1 + 3,Convenience Store + Locker + Click & Collect,1,3,3,True,False,True,False,False,False,True,False,7,Multiple services,4,"Multiple companies, multiple services",26.45,2,Medium,Amazon | Pudo | SEUR + Amazon | Pudo | SEUR + Amazon | Pudo | SEUR,False
MAD_LOC_000862,2,PUDO,980,Tienda Seur Punto Orense,"C. de Orense, 28",40.4522814143263,-3.69474220331923,240,28020.0,980 + 1540,Amazon + SEUR,Convenience Stores + Lsp Pudos,Privada,Premises,Madrid,Amazon + Seur,Convenience stores + LSP PUDOs,Private,Premises,Madrid,Tienda Seur Punto Orense + Punto Orense,"C. de Orense, 28 + C. de Orense, 28",28020 + 28020,,,,7 + 2,Convenience Store + PUDO,1,2,2,False,True,False,False,False,False,True,False,7,Multiple services,4,"Multiple companies, multiple services",12.84,1,High,Amazon | SEUR + Amazon | SEUR,False
MAD_LOC_000863,5,PUDO,981,Lockers Delauz Expendeduria N706,Calle de Bravo Murillo 223,40.457185853675085,-3.702146888096768,480,28020.0,981 + 1543 + 2386 + 2955 + 3151,Amazon + SEUR + Ctt Express + UPS + Pudo,Locker + Convenience Stores + Click&Collect,Privada,Premises,Madrid,Amazon + Seur + CTT Express + UPS + PUDO,Lockers + Convenience stores + Click&Collect,Private,Premises,Madrid,Lockers Delauz Expendeduria N706 + Seur Lockers Tienda Consum + Raj Telefonia + La T Del Consumible + La Tienda Del Consumible Bravo Murillo,"Calle de Bravo Murillo 223 + C. de Bravo Murillo, 221 + C. de Bravo Murillo, 225 + C. de Bravo Murillo, 221 + C. de Bravo Murillo, 221",28020 + 28020 + 28020 + 28020 + 28020,,,,1 + 1 + 7 + 7 + 3,Locker + Locker + Convenience Store + Convenience Store + Click & Collect,1,5,5,True,False,True,False,False,False,True,False,7,Multiple services,4,"Multiple companies, multiple services",17.08,2,Medium,Amazon | Ctt Express | Pudo | SEUR | UPS + Amazon | Ctt Express | Pudo | SEUR | UPS + Amazon | Ctt Express | Pudo | SEUR | UPS + Amazon | Ctt Express | Pudo | SEUR | UPS + Amazon | Ctt Express | Pudo | SEUR | UPS,False
MAD_LOC_000865,3,PUDO,983,Seur Locutorio San German,"C. de San Germán, 49C",40.457305320215134,-3.70019744203242,360,28020.0,983 + 984 + 1538,Amazon + Amazon + SEUR,Convenience Stores,Privada,Premises,Madrid,Amazon + Amazon + Seur,Convenience stores,Private,Premises,Madrid,Seur Locutorio San German + Amazon Counter - Locutorio San German + Locutorio San German,"C. de San Germán, 49C + C. de San Germán, 49 + C. de San Germán, 49",28020 + 28020 + 28020,,,,7 + 7 + 7,Convenience Store + Convenience Store + Convenience Store,1,3,2,False,False,False,False,False,False,True,False,5,Convenience Store only,3,"Multiple companies, single service",15.43,2,Medium,Amazon | SEUR + Amazon | SEUR + Amazon | SEUR,False
MAD_LOC_000866,2,PUDO,985,Seur - Print It Peron,"Av. del General Perón, 4",40.45257201165305,-3.698916296329045,240,28020.0,985 + 1542,Amazon + SEUR,Convenience Stores,Privada,Premises,Madrid,Amazon + Seur,Convenience stores,Private,Premises,Madrid,Seur - Print It Peron + Print It Peron,"Av. del General Perón, 4 + Av. del General Perón, 4",28020 + 28020,,,,7 + 7,Convenience Store + Convenience Store,1,2,2,False,False,False,False,False,False,True,False,5,Convenience Store only,3,"Multiple companies, single service",20.42,2,Medium,Amazon | SEUR + Amazon | SEUR,False
MAD_LOC_000868,3,PUDO,987,Amazon Counter - Alimentación Bazar,"C. de la Infanta Mercedes, 70",40.461278905408825,-3.69582244648592,360,28020.0,987 + 2117 + 2380,Amazon + Celeritas + Ctt Express,Convenience Stores,Privada,Premises,Madrid,Amazon + Celeritas + CTT Express,Convenience stores,Private,Premises,Madrid,Amazon Counter - Alimentación Bazar + Estanco Infanta Mercedes 70 + Estanco Infanta Mercedes 70,"C. de la Infanta Mercedes, 70 + C. de la Infanta Mercedes, 70 + C. de la Infanta Mercedes, 70",28020 + 28020 + 28020,,,,7 + 7 + 7,Convenience Store + Convenience Store + Convenience Store,1,3,3,False,False,False,False,False,False,True,False,5,Convenience Store only,3,"Multiple companies, single service",12.74,1,High,Amazon | Celeritas | Ctt Express + Amazon | Celeritas | Ctt Express + Amazon | Celeritas | Ctt Express,False
MAD_LOC_000869,2,PUDO,989,Amazon Counter - Parada Amarilla Rocafort,"C. de Rocafort, 22",40.341516099608,-3.687277421868745,240,28021.0,989 + 2961,Amazon + UPS,Convenience Stores,Privada,Premises,Madrid,Amazon + UPS,Convenience stores,Private,Premises,Madrid,Amazon Counter - Parada Amarilla Rocafort + Locutorio Pago Pronto,"C. de Rocafort, 22 + C. de Rocafort, 22",28021 + 28021,,,,7 + 7,Convenience Store + Convenience Store,1,2,2,False,False,False,False,False,False,True,False,5,Convenience Store only,3,"Multiple companies, single service",9.18,1,High,Amazon | UPS + Amazon | UPS,False
MAD_LOC_000876,3,PUDO,997,Amazon Counter - Papeleria Del Pino,"C. de José del Pino, 80",40.35126091025243,-3.6866833009284434,360,28021.0,997 + 2120 + 2387,Amazon + Celeritas + Ctt Express,Convenience Stores,Privada,Premises,Madrid,Amazon + Celeritas + CTT Express,Convenience stores,Private,Premises,Madrid,"Amazon Counter - Papeleria Del Pino + Papeleria Del Pino, Regalos Y Loteria + Papeleria Del Pino, Regalos Y Loteria","C. de José del Pino, 80 + C. de José del Pino, 80 + C. de José del Pino, 80",28021 + 28021 + 28021,,,,7 + 7 + 7,Convenience Store + Convenience Store + Convenience Store,1,3,3,False,False,False,False,False,False,True,False,5,Convenience Store only,3,"Multiple companies, single service",10.94,1,High,Amazon | Celeritas | Ctt Express + Amazon | Celeritas | Ctt Express + Amazon | Celeritas | Ctt Express,False
MAD_LOC_000877,5,PUDO,998,Amazon Counter - Papeleria Y Libreria Arcoiris,"C. de Juan José Martínez Seco, 68",40.3519683821036,-3.685633562958496,600,28021.0,998 + 1560 + 2123 + 2391 + 2392,Amazon + SEUR + Celeritas + Ctt Express + Ctt Express,Convenience Stores,Privada,Premises,Madrid,Amazon + Seur + Celeritas + CTT Express + CTT Express,Convenience stores,Private,Premises,Madrid,Amazon Counter - Papeleria Y Libreria Arcoiris + Papeleria Y Libreria Arco + Papeleria Libreria Arcoiris + Papeleria Y Libreria Arcoiris + El Rincón De La Costura,"C. de Juan José Martínez Seco, 68 + C. de Juan José Martínez Seco, 68 + C. de Juan José Martínez Seco, 68 + C. de Juan José Martínez Seco, 68 + C. de Andrea Jordán, 11, A",28021 + 28021 + 28021 + 28021 + 28021,,,,7 + 7 + 7 + 7 + 7,Convenience Store + Convenience Store + Convenience Store + Convenience Store + Convenience Store,1,5,4,False,False,False,False,False,False,True,False,5,Convenience Store only,3,"Multiple companies, single service",22.02,2,Medium,Amazon | Celeritas | Ctt Express | SEUR + Amazon | Celeritas | Ctt Express | SEUR + Amazon | Celeritas | Ctt Express | SEUR + Amazon | Celeritas | Ctt Express | SEUR + Amazon | Celeritas | Ctt Express | SEUR,False
MAD_LOC_000881,3,PUDO,1003,Amazon Locker - Lima Lanaderia,"C. de San Mariano, 33",40.44266162207484,-3.6123085855285004,300,28022.0,1003 + 2132 + 2398,Amazon + Celeritas + Ctt Express,Locker + Convenience Stores,Privada,Premises,Madrid,Amazon + Celeritas + CTT Express,Lockers + Convenience stores,Private,Premises,Madrid,Amazon Locker - Lima Lanaderia + Peluqueria Almudena + Peluqueria Almudena,"C. de San Mariano, 33 + C. de San Mariano, 33 + C. de San Mariano, 33",28022 + 28022 + 28022,,,,1 + 7 + 7,Locker + Convenience Store + Convenience Store,1,3,3,True,False,False,False,False,False,True,False,7,Multiple services,4,"Multiple companies, multiple services",6.34,1,High,Amazon | Celeritas | Ctt Express + Amazon | Celeritas | Ctt Express + Amazon | Celeritas | Ctt Express,False
MAD_LOC_000882,2,PUDO,1004,Amazon Counter - Global Locutorio,"C. de Torre Arias, 8",40.44604270456225,-3.61195695661038,240,28022.0,1004 + 1007,Amazon + Amazon,Convenience Stores,Privada,Premises,Madrid,Amazon + Amazon,Convenience stores,Private,Premises,Madrid,Amazon Counter - Global Locutorio + Amazon Counter - Estrella Envios,"C. de Torre Arias, 8 + C. de Torre Arias, 8",28022 + 28022,,,,7 + 7,Convenience Store + Convenience Store,1,2,1,False,False,False,False,False,False,True,False,5,Convenience Store only,2,"Same company, multiple records",2.04,1,High,Amazon + Amazon,False
MAD_LOC_000884,2,PUDO,1010,Seur - Herbolario Jupa San Maria,"C. de San Mariano, 44",40.443048402380455,-3.612702191784665,240,28022.0,1010 + 1569,Amazon + SEUR,Convenience Stores,Privada,Premises,Madrid,Amazon + Seur,Convenience stores,Private,Premises,Madrid,Seur - Herbolario Jupa San Maria + Herbolario Jupa San Maria,"C. de San Mariano, 44 + C. de San Mariano, 44",28022 + 28022,,,,7 + 7,Convenience Store + Convenience Store,1,2,2,False,False,False,False,False,False,True,False,5,Convenience Store only,3,"Multiple companies, single service",6.35,1,High,Amazon | SEUR + Amazon | SEUR,False
MAD_LOC_000885,6,PUDO,1012,Seur - Rmc Servicios,"C. de Nicolasa Gómez, 72",40.43954542829008,-3.6124583470375318,720,28022.0,1012 + 1570 + 1972 + 2129 + 2401 + 2969,Amazon + SEUR + Dhl + Celeritas + Ctt Express + UPS,Convenience Stores,Privada,Premises,Madrid,Amazon + Seur + DHL + Celeritas + CTT Express + UPS,Convenience stores,Private,Premises,Madrid,Seur - Rmc Servicios + Rmc Servicios + Rmc Servicios + Rmc Servicios + Rmc Servicios + 3d Distribución Documental,"C. de Nicolasa Gómez, 72 + C. de Nicolasa Gómez, 72 + C. de Nicolasa Gómez, 72 + C. de Nicolasa Gómez, 72 + C. de Nicolasa Gómez, 72 + C. de Nicolasa Gómez, 72",28022 + 28022 + 28022 + 28022 + 28022 + 28022,,,,7 + 7 + 7 + 7 + 7 + 7,Convenience Store + Convenience Store + Convenience Store + Convenience Store + Convenience Store + Convenience Store,1,6,6,False,False,False,False,False,False,True,False,5,Convenience Store only,3,"Multiple companies, single service",25.56,2,Medium,Amazon | Celeritas | Ctt Express | Dhl | SEUR | UPS + Amazon | Celeritas | Ctt Express | Dhl | SEUR | UPS + Amazon | Celeritas | Ctt Express | Dhl | SEUR | UPS + Amazon | Celeritas | Ctt Express | Dhl | SEUR | UPS + Amazon | Celeritas | Ctt Express | Dhl | SEUR | UPS + Amazon | Celeritas | Ctt Express | Dhl | SEUR | UPS,False
MAD_LOC_000886,2,PUDO,1013,Amazon Counter - Multiservicios A Y J,"C. de Alcalá, 644",40.4490940793364,-3.608250215448565,240,28022.0,1013 + 2405,Amazon + Ctt Express,Convenience Stores,Privada,Premises,Madrid,Amazon + CTT Express,Convenience stores,Private,Premises,Madrid,Amazon Counter - Multiservicios A Y J + Multiservicios A Y J,"C. de Alcalá, 644 + C. de Alcalá, 644",28022 + 28022,,,,7 + 7,Convenience Store + Convenience Store,1,2,2,False,False,False,False,False,False,True,False,5,Convenience Store only,3,"Multiple companies, single service",4.9,1,High,Amazon | Ctt Express + Amazon | Ctt Express,False
MAD_LOC_000887,3,PUDO,1014,Amazon Counter - Golden Express Alcala,"C. de Alcalá, 662",40.44941167452213,-3.6075866025907097,360,28022.0,1014 + 1969 + 2740,Amazon + Dhl + Gls,Convenience Stores,Privada,Premises,Madrid,Amazon + DHL + GLS,Convenience stores,Private,Premises,Madrid,Amazon Counter - Golden Express Alcala + Remesas Golden Express + Ps Remesas Golden,"C. de Alcalá, 662 + C. de Alcalá, 662 + Calle de Alcalá 662",28022 + 28022 + 28022,,,,7 + 7 + 7,Convenience Store + Convenience Store + Convenience Store,1,3,3,False,False,False,False,False,False,True,False,5,Convenience Store only,3,"Multiple companies, single service",23.64,2,Medium,Amazon | Dhl | Gls + Amazon | Dhl | Gls + Amazon | Dhl | Gls,False
MAD_LOC_000888,2,PUDO,1017,Amazon Counter - Locutorio El Profe,"C. de Caroli, 14",40.4576498726342,-3.7841117171012453,240,28023.0,1017 + 2407,Amazon + Ctt Express,Convenience Stores,Privada,Premises,Madrid,Amazon + CTT Express,Convenience stores,Private,Premises,Madrid,Amazon Counter - Locutorio El Profe + Locutorio El Profe,"C. de Caroli, 14 + C. de Caroli, 14",28023 + 28023,,,,7 + 7,Convenience Store + Convenience Store,1,2,2,False,False,False,False,False,False,True,False,5,Convenience Store only,3,"Multiple companies, single service",6.87,1,High,Amazon | Ctt Express + Amazon | Ctt Express,False
MAD_LOC_000894,5,PUDO,1028,Seur - Bazar El Parque,"C. de Fuente de Lima, 5",40.38392745551097,-3.7833604060242423,600,28024.0,1028 + 1578 + 2136 + 2412 + 2975,Amazon + SEUR + Celeritas + Ctt Express + UPS,Convenience Stores,Privada,Premises,Madrid,Amazon + Seur + Celeritas + CTT Express + UPS,Convenience stores,Private,Premises,Madrid,Seur - Bazar El Parque + Bazar El Parque + Bazar El Parque + Bazar El Parque + Bazar El Parque,"C. de Fuente de Lima, 5 + C. de Fuente de Lima, 5 + C. de Fuente de Lima, 5 + C. de Fuente de Lima, 5 + C. de Fuente de Lima, 5",28024 + 28024 + 28024 + 28024 + 28024,,,,7 + 7 + 7 + 7 + 7,Convenience Store + Convenience Store + Convenience Store + Convenience Store + Convenience Store,1,5,5,False,False,False,False,False,False,True,False,5,Convenience Store only,3,"Multiple companies, single service",8.53,1,High,Amazon | Celeritas | Ctt Express | SEUR | UPS + Amazon | Celeritas | Ctt Express | SEUR | UPS + Amazon | Celeritas | Ctt Express | SEUR | UPS + Amazon | Celeritas | Ctt Express | SEUR | UPS + Amazon | Celeritas | Ctt Express | SEUR | UPS,False
MAD_LOC_000896,7,PUDO,1032,Amazon Counter - Locutorio Bala,"Calle del Gral. Ricardos, 244",40.38396034063097,-3.74084463436037,840,28025.0,1032 + 1033 + 1039 + 1590 + 2138 + 2419 + 2981,Amazon + Amazon + Amazon + SEUR + Celeritas + Ctt Express + UPS,Convenience Stores,Privada,Premises,Madrid,Amazon + Amazon + Amazon + Seur + Celeritas + CTT Express + UPS,Convenience stores,Private,Premises,Madrid,Amazon Counter - Locutorio Bala + Amazon Counter - Expendeduria 574 + Seur - Expendeduria 574 + Expendeduria 574 + Expendiduria 574 + Expendiduria 574 + Expendeduria 574,"Calle del Gral. Ricardos, 244 + Calle del Gral. Ricardos, 244 + Calle del Gral. Ricardos, 244 + Calle del Gral. Ricardos, 244 + Calle del Gral. Ricardos, 244 + Calle del Gral. Ricardos, 244 + Calle del Gral. Ricardos, 244",28025 + 28025 + 28025 + 28025 + 28025 + 28025 + 28025,,,,7 + 7 + 7 + 7 + 7 + 7 + 7,Convenience Store + Convenience Store + Convenience Store + Convenience Store + Convenience Store + Convenience Store + Convenience Store,1,7,5,False,False,False,False,False,False,True,False,5,Convenience Store only,3,"Multiple companies, single service",9.1,1,High,Amazon | Celeritas | Ctt Express | SEUR | UPS + Amazon | Celeritas | Ctt Express | SEUR | UPS + Amazon | Celeritas | Ctt Express | SEUR | UPS + Amazon | Celeritas | Ctt Express | SEUR | UPS + Amazon | Celeritas | Ctt Express | SEUR | UPS + Amazon | Celeritas | Ctt Express | SEUR | UPS + Amazon | Celeritas | Ctt Express | SEUR | UPS,False
MAD_LOC_000897,3,PUDO,1034,Amazon Locker - Estambul Estanco,"P.o de Marcelino Camacho, 29",40.38664476226577,-3.74215735302257,300,28025.0,1034 + 1042 + 2716,Amazon + Amazon + Gls,Locker + Convenience Stores,Privada,Premises,Madrid,Amazon + Amazon + GLS,Lockers + Convenience stores,Private,Premises,Madrid,Amazon Locker - Estambul Estanco + Amazon Counter - Fix Mi Movil + Ps Fix Mi Movil,"P.º de Marcelino Camacho, 29 + P.º de Marcelino Camacho, 29 + Paseo de Marcelino Camacho 29",28025 + 28025 + 28025,,,,1 + 7 + 7,Locker + Convenience Store + Convenience Store,1,3,2,True,False,False,False,False,False,True,False,7,Multiple services,4,"Multiple companies, multiple services",7.42,1,High,Amazon | Gls + Amazon | Gls + Amazon | Gls,False
MAD_LOC_000898,4,PUDO,1035,Amazon Counter - Yp Belleza Y Glamur,"C. de la Laguna, 74",40.38742077361165,-3.7421370483170975,480,28025.0,1035 + 1038 + 1595 + 2427,Amazon + Amazon + SEUR + Ctt Express,Convenience Stores,Privada,Premises + Supermarket,Madrid,Amazon + Amazon + Seur + CTT Express,Convenience stores,Private,Premises + Supermarket,Madrid,Amazon Counter - Yp Belleza Y Glamur + Amazon Counter - Super Mercado La Laguna + Supermercado El Ahorro + Yp Belleza Y Glamur,"C. de la Laguna, 74 + C. de la Laguna, 74 + C. de la Laguna, 74 + C. de la Laguna, 74",28025 + 28025 + 28025 + 28025,,,,7 + 7 + 7 + 7,Convenience Store + Convenience Store + Convenience Store + Convenience Store,1,4,3,False,False,False,False,False,False,True,False,5,Convenience Store only,3,"Multiple companies, single service",3.93,1,High,Amazon | Ctt Express | SEUR + Amazon | Ctt Express | SEUR + Amazon | Ctt Express | SEUR + Amazon | Ctt Express | SEUR,False
MAD_LOC_000899,2,PUDO,1036,Amazon Counter - Cositas De Mi Tierra,"C. Alondra, 41",40.388098749717344,-3.73875143342475,240,28025.0,1036 + 2422,Amazon + Ctt Express,Convenience Stores,Privada,Premises,Madrid,Amazon + CTT Express,Convenience stores,Private,Premises,Madrid,Amazon Counter - Cositas De Mi Tierra + Cositas De Mi Tierra,"C. Alondra, 41 + C. Alondra, 41",28025 + 28025,,,,7 + 7,Convenience Store + Convenience Store,1,2,2,False,False,False,False,False,False,True,False,5,Convenience Store only,3,"Multiple companies, single service",5.76,1,High,Amazon | Ctt Express + Amazon | Ctt Express,False
MAD_LOC_000902,4,PUDO,1043,Amazon Locker - Mokhtari Dia,"C. de la Laguna, 28",40.39086355693968,-3.7423029504723075,360,28025.0,1043 + 1604 + 1606 + 3198,Amazon + SEUR + SEUR + Pudo,Locker + Convenience Stores + Click&Collect,Privada,Supermarket + Premises,Madrid,Amazon + Seur + Seur + PUDO,Lockers + Convenience stores + Click&Collect,Private,Supermarket + Premises,Madrid,Amazon Locker - Mokhtari  Dia + Latin Travel + Seur Locker Latin Travel + Latin Travel La Laguna,"C. de la Laguna, 28 + C. de la Laguna, 30 + C. de la Laguna, 30 + C. de la Laguna, 30",28025 + 28025 + 28025 + 28025,,,,1 + 7 + 1 + 3,Locker + Convenience Store + Locker + Click & Collect,1,4,3,True,False,True,False,False,False,True,False,7,Multiple services,4,"Multiple companies, multiple services",14.07,1,High,Amazon | Pudo | SEUR + Amazon | Pudo | SEUR + Amazon | Pudo | SEUR + Amazon | Pudo | SEUR,False
MAD_LOC_000903,2,PUDO,1045,Amazon Counter - America Tu Tienda Latina,"C. de la Laguna, 66",40.3878245595565,-3.742371347723765,240,28025.0,1045 + 1596,Amazon + SEUR,Convenience Stores,Privada,Premises,Madrid,Amazon + Seur,Convenience stores,Private,Premises,Madrid,Amazon Counter - America Tu Tienda Latina + America Tu Tienda Latina,"C. de la Laguna, 66 + C. de la Laguna, 66",28025 + 28025,,,,7 + 7,Convenience Store + Convenience Store,1,2,2,False,False,False,False,False,False,True,False,5,Convenience Store only,3,"Multiple companies, single service",4.63,1,High,Amazon | SEUR + Amazon | SEUR,False
MAD_LOC_000907,2,PUDO,1050,Amazon Locker - Bodigo Dia,"C. de Isabelita Usera, 49",40.3822861145394,-3.707445987704655,180,28026.0,1050 + 1051,Amazon + Amazon,Locker + Convenience Stores,Privada,Supermarket + Premises,Madrid,Amazon + Amazon,Lockers + Convenience stores,Private,Supermarket + Premises,Madrid,Amazon Locker - Bodigo Dia + Amazon Counter - Dani Locutorio,"C. de Isabelita Usera, 49 + C. de Isabelita Usera, 47",28026 + 28026,,,,1 + 7,Locker + Convenience Store,1,2,1,True,False,False,False,False,False,True,False,7,Multiple services,2,"Same company, multiple records",13.84,1,High,Amazon + Amazon,False
MAD_LOC_000908,2,PUDO,1052,Seur - Recambios 90,"C. del Teniente Compaired, 5",40.382072120460805,-3.7079714352747,240,28026.0,1052 + 1613,Amazon + SEUR,Convenience Stores,Privada,Premises,Madrid,Amazon + Seur,Convenience stores,Private,Premises,Madrid,Seur - Recambios 90 + Recambios 90,"C. del Teniente Compaired, 5 + C. del Teniente Compaired, 5",28026 + 28026,,,,7 + 7,Convenience Store + Convenience Store,1,2,2,False,False,False,False,False,False,True,False,5,Convenience Store only,3,"Multiple companies, single service",7.33,1,High,Amazon | SEUR + Amazon | SEUR,False
MAD_LOC_000909,2,PUDO,1053,Seur - El Rincon De Yois 2 0,"Av. de Rafaela Ybarra, 42",40.38019577308435,-3.711595100029575,240,28026.0,1053 + 1625,Amazon + SEUR,Convenience Stores,Privada,Premises,Madrid,Amazon + Seur,Convenience stores,Private,Premises,Madrid,Seur - El Rincon De Yois 2 0 + El Rincon De Yois 2 0,"Av. de Rafaela Ybarra, 42 + Av. de Rafaela Ybarra, 42",28026 + 28026,,,,7 + 7,Convenience Store + Convenience Store,1,2,2,False,False,False,False,False,False,True,False,5,Convenience Store only,3,"Multiple companies, single service",9.11,1,High,Amazon | SEUR + Amazon | SEUR,False
MAD_LOC_000910,2,PUDO,1054,Amazon Counter - Alimentación Y Bazar Frutas,"Av Cerro de los Ángeles, 25",40.378601931362,-3.712207933781295,240,28026.0,1054 + 2434,Amazon + Ctt Express,Convenience Stores,Privada,Premises,Madrid,Amazon + CTT Express,Convenience stores,Private,Premises,Madrid,Amazon Counter - Alimentación Y Bazar Frutas + Alimentación Y Bazar Frutas,"Av Cerro de los Ángeles, 25 + Av Cerro de los Ángeles, 25",28026 + 28026,,,,7 + 7,Convenience Store + Convenience Store,1,2,2,False,False,False,False,False,False,True,False,5,Convenience Store only,3,"Multiple companies, single service",8.59,1,High,Amazon | Ctt Express + Amazon | Ctt Express,False
MAD_LOC_000911,3,PUDO,1055,Seur - Papeleria Multifuncional,"C. Francisco Ruiz, 5",40.3824516476431,-3.7030022713592836,360,28026.0,1055 + 1063 + 1611,Amazon + Amazon + SEUR,Convenience Stores,Privada,Premises,Madrid,Amazon + Amazon + Seur,Convenience stores,Private,Premises,Madrid,Seur - Papeleria Multifuncional + Amazon Counter - Papeleria Y Moviles Elisa + Papeleria Multifuncional,"C. Francisco Ruiz, 5 + C. Francisco Ruiz, 5 + C. Francisco Ruiz, 5",28026 + 28026 + 28026,,,,7 + 7 + 7,Convenience Store + Convenience Store + Convenience Store,1,3,2,False,False,False,False,False,False,True,False,5,Convenience Store only,3,"Multiple companies, single service",25.75,2,Medium,Amazon | SEUR + Amazon | SEUR + Amazon | SEUR,False
MAD_LOC_000913,2,PUDO,1057,Amazon Counter - Bazar Verde,"Av Cerro de los Ángeles, 24",40.379341454795494,-3.712818547725255,240,28026.0,1057 + 2438,Amazon + Ctt Express,Convenience Stores,Privada,Premises,Madrid,Amazon + CTT Express,Convenience stores,Private,Premises,Madrid,Amazon Counter - Bazar Verde + Bazar Verde,"Av Cerro de los Ángeles, 24 + Av Cerro de los Ángeles, 24",28026 + 28026,,,,7 + 7,Convenience Store + Convenience Store,1,2,2,False,False,False,False,False,False,True,False,5,Convenience Store only,3,"Multiple companies, single service",1.48,1,High,Amazon | Ctt Express + Amazon | Ctt Express,False
MAD_LOC_000914,3,PUDO,1058,Seur - Drogueria Y Tienda De Rop,"C. del Santuario, 60",40.382246025734595,-3.6997348832908834,360,28026.0,1058 + 1062 + 1618,Amazon + Amazon + SEUR,Convenience Stores,Privada,Premises,Madrid,Amazon + Amazon + Seur,Convenience stores,Private,Premises,Madrid,Seur - Drogueria Y Tienda De Rop + Amazon Counter - Tienda De Ropa Anayka + Drogueria Y Tienda De Rop,"C. del Santuario, 60 + C. del Santuario, 60, LOCAL 1 + C. del Santuario, 60",28026 + 28026 + 28026,,,,7 + 7 + 7,Convenience Store + Convenience Store + Convenience Store,1,3,2,False,False,False,False,False,False,True,False,5,Convenience Store only,3,"Multiple companies, single service",18.29,2,Medium,Amazon | SEUR + Amazon | SEUR + Amazon | SEUR,False
MAD_LOC_000915,2,PUDO,1059,Amazon Counter - Edisosa Sl,"Calle Isidra Jiménez, 3",40.383460794786146,-3.7063862398660996,240,28026.0,1059 + 2437,Amazon + Ctt Express,Convenience Stores,Privada,Premises,Madrid,Amazon + CTT Express,Convenience stores,Private,Premises,Madrid,Amazon Counter - Edisosa Sl + Edisosa Sl,"Calle Isidra Jiménez, 3 + Calle Isidra Jiménez, 3",28026 + 28026,,,,7 + 7,Convenience Store + Convenience Store,1,2,2,False,False,False,False,False,False,True,False,5,Convenience Store only,3,"Multiple companies, single service",6.61,1,High,Amazon | Ctt Express + Amazon | Ctt Express,False
MAD_LOC_000916,2,PUDO,1060,Seur - Alimentacion Y Dtodo User,"C. de Elisa, 15",40.38599950306135,-3.70963775166103,240,28026.0,1060 + 1612,Amazon + SEUR,Convenience Stores,Privada,Premises,Madrid,Amazon + Seur,Convenience stores,Private,Premises,Madrid,Seur - Alimentacion Y Dtodo User + Alimentacion Y Dtodo User,"C. de Elisa, 15 + C. de Elisa, 15",28026 + 28026,,,,7 + 7,Convenience Store + Convenience Store,1,2,2,False,False,False,False,False,False,True,False,5,Convenience Store only,3,"Multiple companies, single service",21.07,2,Medium,Amazon | SEUR + Amazon | SEUR,False
MAD_LOC_000923,3,PUDO,1070,Seur - Papeleria Emejota,"C. de Esteban Mora, 32",40.439527136111664,-3.652976187617133,360,28027.0,1070 + 1632 + 2448,Amazon + SEUR + Ctt Express,Convenience Stores,Privada,Premises,Madrid,Amazon + Seur + CTT Express,Convenience stores,Private,Premises,Madrid,Seur - Papeleria Emejota + Papeleria Emejota + Locutorio Kamy,"C. de Esteban Mora, 32 + C. de Esteban Mora, 32 + C. de Esteban Mora, 51",28027 + 28027 + 28027,,,,7 + 7 + 7,Convenience Store + Convenience Store + Convenience Store,1,3,3,False,False,False,False,False,False,True,False,5,Convenience Store only,3,"Multiple companies, single service",29.91,2,Medium,Amazon | Ctt Express | SEUR + Amazon | Ctt Express | SEUR + Amazon | Ctt Express | SEUR,False
MAD_LOC_000926,2,PUDO,1073,Amazon Locker - Bartola Cepsa,Cl. Hernandez Tejada S/N Esq. Agastia S/N,40.43233784521625,-3.656004102234775,180,28027.0,1073 + 1641,Amazon + SEUR,Locker + Convenience Stores,Privada,Service Station + Premises,Madrid,Amazon + Seur,Lockers + Convenience stores,Private,Service Station + Premises,Madrid,Amazon Locker - Bartola Cepsa + Fokus Mobile,"Cl. Hernandez Tejada S/N Esq. Agastia S/N + C. de Alcalá, 273",28027 + 28027,,,,1 + 7,Locker + Convenience Store,1,2,2,True,False,False,False,False,False,True,False,7,Multiple services,4,"Multiple companies, multiple services",4.59,1,High,Amazon | SEUR + Amazon | SEUR,False
MAD_LOC_000928,2,PUDO,1075,Amazon Locker - Cadaya Supermercado,Calle Virgen de la Alegría 10,40.44111752290645,-3.642620568190535,120,28027.0,1075 + 1076,Amazon + Amazon,Locker,Privada,Supermarket,Madrid,Amazon + Amazon,Lockers,Private,Supermarket,Madrid,Amazon Locker - Cadaya Supermercado + Amazon Locker - Baidez Supermercado,"Calle Virgen de la Alegría 10 + C. de José del Hierro, 57",28027 + 28027,,,,1 + 1,Locker + Locker,1,2,1,True,False,False,False,False,False,False,False,1,Locker only,2,"Same company, multiple records",3.58,1,High,Amazon + Amazon,False
MAD_LOC_000930,3,PUDO,1078,Copipc,"P.o del Marqués de Zafra, 23",40.42646861923357,-3.6656649056420867,360,28028.0,1078 + 1648 + 1989,Amazon + SEUR + Dhl,Convenience Stores,Privada,Premises,Madrid,Amazon + Seur + DHL,Convenience stores,Private,Premises,Madrid,Copipc + Copipc. + Copi Pc,"P.º del Marqués de Zafra, 23 + P.º del Marqués de Zafra, 23 + P.º del Marqués de Zafra, 23",28028 + 28028 + 28028,,,,7 + 7 + 7,Convenience Store + Convenience Store + Convenience Store,1,3,3,False,False,False,False,False,False,True,False,5,Convenience Store only,3,"Multiple companies, single service",7.32,1,High,Amazon | Dhl | SEUR + Amazon | Dhl | SEUR + Amazon | Dhl | SEUR,False
MAD_LOC_000934,2,PUDO,1086,Seur Ferreteria Lauro Chichon,"C. del Padre Rubio, 15",40.4704800582791,-3.69188763397388,240,28029.0,1086 + 1664,Amazon + SEUR,Convenience Stores,Privada,Premises,Madrid,Amazon + Seur,Convenience stores,Private,Premises,Madrid,Seur Ferreteria Lauro Chichon + Ferreteria Lauro Chichon,"C. del Padre Rubio, 15 + C. del Padre Rubio, 15",28029 + 28029,,,,7 + 7,Convenience Store + Convenience Store,1,2,2,False,False,False,False,False,False,True,False,5,Convenience Store only,3,"Multiple companies, single service",16.44,2,Medium,Amazon | SEUR + Amazon | SEUR,False
MAD_LOC_000941,5,PUDO,1098,Amazon Counter - Ciberinformatica Moratalaz,"Cl. de la Hacienda de Pavones, 12",40.40391404963712,-3.6478583238457603,600,28030.0,1098 + 1100 + 1680 + 2475 + 3014,Amazon + Amazon + SEUR + Ctt Express + UPS,Convenience Stores,Privada,Premises,Madrid,Amazon + Amazon + Seur + CTT Express + UPS,Convenience stores,Private,Premises,Madrid,Amazon Counter - Ciberinformatica Moratalaz + Seur - Ciberinformatia Moratalaz + Ciberinformatia Moratalaz + Ciberinformatica Moratalaz + Ciberinformatica Moratalaz,"Cl. de la Hacienda de Pavones, 12 + Cl. de la Hacienda de Pavones, 12 + Cl. de la Hacienda de Pavones, 12 + Cl. de la Hacienda de Pavones, 12 + Cl. de la Hacienda de Pavones, 12",28030 + 28030 + 28030 + 28030 + 28030,,,,7 + 7 + 7 + 7 + 7,Convenience Store + Convenience Store + Convenience Store + Convenience Store + Convenience Store,1,5,4,False,False,False,False,False,False,True,False,5,Convenience Store only,3,"Multiple companies, single service",24.57,2,Medium,Amazon | Ctt Express | SEUR | UPS + Amazon | Ctt Express | SEUR | UPS + Amazon | Ctt Express | SEUR | UPS + Amazon | Ctt Express | SEUR | UPS + Amazon | Ctt Express | SEUR | UPS,False
MAD_LOC_000942,4,PUDO,1099,Amazon Counter - Estanco Irati,"Av. de Moratalaz, 121",40.40646904095132,-3.65006134867883,480,28030.0,1099 + 1102 + 1683 + 2162,Amazon + Amazon + SEUR + Celeritas,Convenience Stores,Privada,Premises,Madrid,Amazon + Amazon + Seur + Celeritas,Convenience stores,Private,Premises,Madrid,Amazon Counter - Estanco Irati + Seur - Estanco Irati + Estanco Irati + Estanco Irati,"Av. de Moratalaz, 121 + Av. de Moratalaz, 121 + Av. de Moratalaz, 121 + Av. de Moratalaz, 121",28030 + 28030 + 28030 + 28030,,,,7 + 7 + 7 + 7,Convenience Store + Convenience Store + Convenience Store + Convenience Store,1,4,3,False,False,False,False,False,False,True,False,5,Convenience Store only,3,"Multiple companies, single service",10.87,1,High,Amazon | Celeritas | SEUR + Amazon | Celeritas | SEUR + Amazon | Celeritas | SEUR + Amazon | Celeritas | SEUR,False
MAD_LOC_000944,3,PUDO,1103,Amazon Counter - Estanco Fuente Carrantona,"C. de Mario Cabré, 31",40.406287747790095,-3.6330789494528664,360,28030.0,1103 + 3016 + 3243,Amazon + UPS + Pudo,Convenience Stores + Click&Collect,Privada,Premises,Madrid,Amazon + UPS + PUDO,Convenience stores + Click&Collect,Private,Premises,Madrid,Amazon Counter - Estanco Fuente Carrantona + Fnx Estanco Fuente Carrantona + Estanco Arroyo Belincoso,"C. de Mario Cabré, 31 + C. de Mario Cabré, 31 + Calle Mario Cabré, 31, 28030 - Madrid",28030 + 28030 + 28030,,,,7 + 7 + 3,Convenience Store + Convenience Store + Click & Collect,1,3,3,False,False,True,False,False,False,True,False,7,Multiple services,4,"Multiple companies, multiple services",7.31,1,High,Amazon | Pudo | UPS + Amazon | Pudo | UPS + Amazon | Pudo | UPS,False
MAD_LOC_000945,2,PUDO,1106,Amazon Counter - La Perla De Moratalaz,"C. del Corregidor Alonso de Tobar, 2, Local G6",40.4031314009463,-3.64866246857803,240,28030.0,1106 + 1994,Amazon + Dhl,Convenience Stores,Privada,Premises,Madrid,Amazon + DHL,Convenience stores,Private,Premises,Madrid,Amazon Counter - La Perla De Moratalaz + La Perla Servicios Moratalaz,"C. del Corregidor Alonso de Tobar, 2, Local G6 + C. del Corregidor Alonso de Tobar, 2",28030 + 28030,,,,7 + 7,Convenience Store + Convenience Store,1,2,2,False,False,False,False,False,False,True,False,5,Convenience Store only,3,"Multiple companies, single service",29.52,2,Medium,Amazon | Dhl + Amazon | Dhl,False
MAD_LOC_000951,2,PUDO,1115,Amazon Counter - Techwaves Hub,"C. del Congosto, 1",40.37623508492155,-3.620237149586745,240,28031.0,1115 + 2488,Amazon + Ctt Express,Convenience Stores,Privada,Premises,Madrid,Amazon + CTT Express,Convenience stores,Private,Premises,Madrid,Amazon Counter - Techwaves Hub + Techwaves Hub,"C. del Congosto, 1 + C. del Congosto, 1",28031 + 28031,,,,7 + 7,Convenience Store + Convenience Store,1,2,2,False,False,False,False,False,False,True,False,5,Convenience Store only,3,"Multiple companies, single service",2.88,1,High,Amazon | Ctt Express + Amazon | Ctt Express,False
MAD_LOC_000952,2,PUDO,1117,Seur - Libreria Sanabria,"C. Sierra Aitana, 2",40.3744107204425,-3.6191834017008,180,28031.0,1117 + 1696,Amazon + SEUR,Locker + Convenience Stores,Privada,Premises,Madrid,Amazon + Seur,Lockers + Convenience stores,Private,Premises,Madrid,Seur - Libreria Sanabria + Libreria Sanabria,"C. Sierra Aitana, 2 + C. Sierra Aitana, 2",28031 + 28031,,,,1 + 7,Locker + Convenience Store,1,2,2,True,False,False,False,False,False,True,False,7,Multiple services,4,"Multiple companies, multiple services",15.07,2,Medium,Amazon | SEUR + Amazon | SEUR,False
MAD_LOC_000953,2,PUDO,1118,Amazon Counter - Fruto Secos Las Chuches,"C. Sierra Aitana, 5",40.37465308114395,-3.619505741926205,240,28031.0,1118 + 2487,Amazon + Ctt Express,Convenience Stores,Privada,Premises,Madrid,Amazon + CTT Express,Convenience stores,Private,Premises,Madrid,Amazon Counter - Fruto Secos Las Chuches + Fruto Secos Las Chuches,"C. Sierra Aitana, 5 + C. Sierra Aitana, 5",28031 + 28031,,,,7 + 7,Convenience Store + Convenience Store,1,2,2,False,False,False,False,False,False,True,False,5,Convenience Store only,3,"Multiple companies, single service",2.23,1,High,Amazon | Ctt Express + Amazon | Ctt Express,False
MAD_LOC_000956,2,PUDO,1121,Seur - Tienda Shambhala,"C. del Monte Aya, 4",40.3784426640025,-3.6230300502412502,240,28031.0,1121 + 1697,Amazon + SEUR,Convenience Stores,Privada,Premises,Madrid,Amazon + Seur,Convenience stores,Private,Premises,Madrid,Seur - Tienda Shambhala + Tienda Shambhala,"C. del Monte Aya, 4 + C. del Monte Aya, 4",28031 + 28031,,,,7 + 7,Convenience Store + Convenience Store,1,2,2,False,False,False,False,False,False,True,False,5,Convenience Store only,3,"Multiple companies, single service",25.45,2,Medium,Amazon | SEUR + Amazon | SEUR,False
MAD_LOC_000957,2,PUDO,1122,Seur - El Charrua Peluqueria,"Calle de Montes de Barbanza, 5",40.3782104416599,-3.61882058974683,240,28031.0,1122 + 1695,Amazon + SEUR,Convenience Stores,Privada,Premises,Madrid,Amazon + Seur,Convenience stores,Private,Premises,Madrid,Seur - El Charrua Peluqueria + El Charrua Peluqueria,"Calle de Montes de Barbanza, 5 + Calle de Montes de Barbanza, 5",28031 + 28031,,,,7 + 7,Convenience Store + Convenience Store,1,2,2,False,False,False,False,False,False,True,False,5,Convenience Store only,3,"Multiple companies, single service",15.52,2,Medium,Amazon | SEUR + Amazon | SEUR,False
MAD_LOC_000958,2,PUDO,1123,Amazon Counter - Movil Show,"P.o de Federico García Lorca, 16, A",40.37872311568875,-3.62133544192712,240,28031.0,1123 + 2480,Amazon + Ctt Express,Convenience Stores,Privada,Premises,Madrid,Amazon + CTT Express,Convenience stores,Private,Premises,Madrid,Amazon Counter - Movil Show + Movil Show,"P.º de Federico García Lorca, 16, A + P.º de Federico García Lorca, 16, A",28031 + 28031,,,,7 + 7,Convenience Store + Convenience Store,1,2,2,False,False,False,False,False,False,True,False,5,Convenience Store only,3,"Multiple companies, single service",2.73,1,High,Amazon | Ctt Express + Amazon | Ctt Express,False
MAD_LOC_000964,4,PUDO,1131,Amazon Counter - Estanco 687,"C. Villalmanzo, 11",40.4050344929856,-3.6070621683750823,480,28032.0,1131 + 1134 + 1701 + 2497,Amazon + Amazon + SEUR + Ctt Express,Convenience Stores,Privada,Premises,Madrid,Amazon + Amazon + Seur + CTT Express,Convenience stores,Private,Premises,Madrid,Amazon Counter - Estanco 687 + Amazon Counter - Butt Locutorio + Butt Locutorio + Butt Locutorio,"C. Villalmanzo, 11 + C. del Lago Erie, 7 + C. del Lago Erie, 7 + C. del Lago Erie, 7",28032 + 28032 + 28032 + 28032,,,,7 + 7 + 7 + 7,Convenience Store + Convenience Store + Convenience Store + Convenience Store,1,4,3,False,False,False,False,False,False,True,False,5,Convenience Store only,3,"Multiple companies, single service",17.68,2,Medium,Amazon | Ctt Express | SEUR + Amazon | Ctt Express | SEUR + Amazon | Ctt Express | SEUR + Amazon | Ctt Express | SEUR,False
MAD_LOC_000977,2,PUDO,1153,Amazon Locker - Galant Lavanderia,"Av. de la Virgen del Carmen, 39",40.47543240110055,-3.65010889410848,120,28033.0,1153 + 1719,Amazon + SEUR,Locker,Privada,Premises,Madrid,Amazon + Seur,Lockers,Private,Premises,Madrid,Amazon Locker - Galant Lavanderia + Seur Locker Lavanderia Bu,"Av. de la Virgen del Carmen, 39 + Av. de la Virgen del Carmen, 39",28033 + 28033,,,,1 + 1,Locker + Locker,1,2,2,True,False,False,False,False,False,False,False,1,Locker only,3,"Multiple companies, single service",15.79,2,Medium,Amazon | SEUR + Amazon | SEUR,False
MAD_LOC_000980,2,PUDO,1160,Alimentación Fruto Seco,"C. de San Gerardo, 10",40.4665960397979,-3.721206222593495,240,28035.0,1160 + 1746,Amazon + SEUR,Convenience Stores,Privada,Premises,Madrid,Amazon + Seur,Convenience stores,Private,Premises,Madrid,Alimentación Fruto Seco + Alimentación Fruto Seco,"C. de San Gerardo, 10 + C. de San Gerardo, 10",28035 + 28035,,,,7 + 7,Convenience Store + Convenience Store,1,2,2,False,False,False,False,False,False,True,False,5,Convenience Store only,3,"Multiple companies, single service",11.04,1,High,Amazon | SEUR + Amazon | SEUR,False
MAD_LOC_000982,2,PUDO,1166,Seur Dietflash Medical,"C. de Félix Boix, 14",40.463234777281,-3.6866514814093847,240,28036.0,1166 + 1747,Amazon + SEUR,Convenience Stores,Privada,Premises,Madrid,Amazon + Seur,Convenience stores,Private,Premises,Madrid,Seur Dietflash Medical + Dietflash Medical,"C. de Félix Boix, 14 + C. de Félix Boix, 14",28036 + 28036,,,,7 + 7,Convenience Store + Convenience Store,1,2,2,False,False,False,False,False,False,True,False,5,Convenience Store only,3,"Multiple companies, single service",11.48,1,High,Amazon | SEUR + Amazon | SEUR,False
MAD_LOC_000987,2,PUDO,1174,Amazon Counter - Multiservicios Simancas,"C. de Amposta, 10, LOCAL 20",40.4271440156197,-3.622245149783735,180,28037.0,1174 + 2520,Amazon + Ctt Express,Locker + Convenience Stores,Privada,Premises,Madrid,Amazon + CTT Express,Lockers + Convenience stores,Private,Premises,Madrid,Amazon Counter - Multiservicios Simancas + Multiservicios Simancas,"C. de Amposta, 10, LOCAL 20 + C. de Amposta, 10, LOCAL 20",28037 + 28037,,,,1 + 7,Locker + Convenience Store,1,2,2,True,False,False,False,False,False,True,False,7,Multiple services,4,"Multiple companies, multiple services",6.35,1,High,Amazon | Ctt Express + Amazon | Ctt Express,False
MAD_LOC_000988,3,PUDO,1176,Amazon Counter - Locutorio Amposta,"C. de Amposta, 5",40.427391127305036,-3.621907794253907,300,28037.0,1176 + 2008 + 3045,Amazon + Dhl + UPS,Locker + Convenience Stores,Privada,Premises,Madrid,Amazon + DHL + UPS,Lockers + Convenience stores,Private,Premises,Madrid,Amazon Counter - Locutorio Amposta + Multiservicios Amposta + Multiservicios Amposta,"C. de Amposta, 5 + C. de Amposta, 5 + C. de Amposta, 5",28037 + 28037 + 28037,,,,1 + 7 + 7,Locker + Convenience Store + Convenience Store,1,3,3,True,False,False,False,False,False,True,False,7,Multiple services,4,"Multiple companies, multiple services",23.83,2,Medium,Amazon | Dhl | UPS + Amazon | Dhl | UPS + Amazon | Dhl | UPS,False
MAD_LOC_000996,2,PUDO,1187,Seur - Usb Informatica,"C. del Pico de Almanzor, 13",40.402582932673795,-3.661538620984555,240,28038.0,1187 + 1767,Amazon + SEUR,Convenience Stores,Privada,Premises,Madrid,Amazon + Seur,Convenience stores,Private,Premises,Madrid,Seur - Usb Informatica + Usb Informatica,"C. del Pico de Almanzor, 13 + C. del Pico de Almanzor, 13",28038 + 28038,,,,7 + 7,Convenience Store + Convenience Store,1,2,2,False,False,False,False,False,False,True,False,5,Convenience Store only,3,"Multiple companies, single service",4.04,1,High,Amazon | SEUR + Amazon | SEUR,False
MAD_LOC_000998,2,PUDO,1189,Amazon Locker - Guisante Supermercado,"Cl. Monleon, S/N",40.39344581278365,-3.6546602358751,120,28038.0,1189 + 3051,Amazon + UPS,Locker,Privada,Supermarket + Premises,Madrid,Amazon + UPS,Lockers,Private,Supermarket + Premises,Madrid,Amazon Locker - Guisante Supermercado + P Taquilla Alcampo Vallecas,"Cl. Monleon, S/N + C. Monleón, SN",28038 + 28038,,,,1 + 1,Locker + Locker,1,2,2,True,False,False,False,False,False,False,False,1,Locker only,3,"Multiple companies, single service",20.3,2,Medium,Amazon | UPS + Amazon | UPS,False
MAD_LOC_001001,2,PUDO,1196,Seur Print It,"C. de Francos Rodríguez, 19",40.45666741458835,-3.70514521440621,240,28039.0,1196 + 1775,Amazon + SEUR,Convenience Stores,Privada,Premises,Madrid,Amazon + Seur,Convenience stores,Private,Premises,Madrid,Seur Print It + Print It,"C. de Francos Rodríguez, 19 + C. de Francos Rodríguez, 19",28039 + 28039,,,,7 + 7,Convenience Store + Convenience Store,1,2,2,False,False,False,False,False,False,True,False,5,Convenience Store only,3,"Multiple companies, single service",8.61,1,High,Amazon | SEUR + Amazon | SEUR,False
MAD_LOC_001002,2,PUDO,1197,Seur - Copygrap,"C. de Villaamil, 43",40.459598679227454,-3.707654291296695,240,28039.0,1197 + 1773,Amazon + SEUR,Convenience Stores,Privada,Premises,Madrid,Amazon + Seur,Convenience stores,Private,Premises,Madrid,Seur - Copygrap + Copygrap,"C. de Villaamil, 43 + C. de Villaamil, 43",28039 + 28039,,,,7 + 7,Convenience Store + Convenience Store,1,2,2,False,False,False,False,False,False,True,False,5,Convenience Store only,3,"Multiple companies, single service",2.67,1,High,Amazon | SEUR + Amazon | SEUR,False
MAD_LOC_001006,2,PUDO,1204,Amazon Counter - Recarga_Ahorra,"C. de la Estafeta, 22, LOCAL 2",40.37290191597005,-3.69256185655704,240,28041.0,1204 + 2015,Amazon + Dhl,Convenience Stores,Privada,Premises,Madrid,Amazon + DHL,Convenience stores,Private,Premises,Madrid,Amazon Counter - Recarga_Ahorra + Recarga - Aki,"C. de la Estafeta, 22, LOCAL 2 + C. de la Estafeta, 22",28041 + 28041,,,,7 + 7,Convenience Store + Convenience Store,1,2,2,False,False,False,False,False,False,True,False,5,Convenience Store only,3,"Multiple companies, single service",20.17,2,Medium,Amazon | Dhl + Amazon | Dhl,False
MAD_LOC_001011,2,PUDO,1212,Seur - Papeleria Maripaz,"C. Salado, 2",40.37096410561,-3.6982937749047,240,28041.0,1212 + 1792,Amazon + SEUR,Convenience Stores,Privada,Premises,Madrid,Amazon + Seur,Convenience stores,Private,Premises,Madrid,Seur - Papeleria Maripaz + Papeleria Maripaz,"C. Salado, 2 + C. Salado, 2",28041 + 28041,,,,7 + 7,Convenience Store + Convenience Store,1,2,2,False,False,False,False,False,False,True,False,5,Convenience Store only,3,"Multiple companies, single service",24.82,2,Medium,Amazon | SEUR + Amazon | SEUR,False
MAD_LOC_001012,2,PUDO,1214,Amazon Counter - Fruteria Los Hermanos,"C. Sta. María Reina, 6, LOCAL 4",40.3706678464494,-3.6972481059645403,240,28041.0,1214 + 2546,Amazon + Ctt Express,Convenience Stores,Privada,Premises,Madrid,Amazon + CTT Express,Convenience stores,Private,Premises,Madrid,Amazon Counter - Fruteria Los Hermanos + Fruteria Los Hermanos,"C. Sta. María Reina, 6, LOCAL 4 + C. Sta. María Reina, 6, LOCAL 4",28041 + 28041,,,,7 + 7,Convenience Store + Convenience Store,1,2,2,False,False,False,False,False,False,True,False,5,Convenience Store only,3,"Multiple companies, single service",4.8,1,High,Amazon | Ctt Express + Amazon | Ctt Express,False
MAD_LOC_001014,2,PUDO,1222,Seur - Prink Barajas,"Av. de Logroño, 112",40.470275943653604,-3.5812210919804697,240,28042.0,1222 + 1806,Amazon + SEUR,Convenience Stores,Privada,Premises,Madrid,Amazon + Seur,Convenience stores,Private,Premises,Madrid,Seur - Prink Barajas + Prink Barajas,"Av. de Logroño, 112 + Av. de Logroño, 112",28042 + 28042,,,,7 + 7,Convenience Store + Convenience Store,1,2,2,False,False,False,False,False,False,True,False,5,Convenience Store only,3,"Multiple companies, single service",9.31,1,High,Amazon | SEUR + Amazon | SEUR,False
MAD_LOC_001019,3,PUDO,1228,Seur - Libreria Solis,"C. de López de Hoyos, 295",40.45761273474687,-3.66089948608769,360,28043.0,1228 + 1825 + 3065,Amazon + SEUR + UPS,Convenience Stores,Privada,Premises,Madrid,Amazon + Seur + UPS,Convenience stores,Private,Premises,Madrid,Seur - Libreria Solis + Libreria Solis + Librería Solis,"C. de López de Hoyos, 295 + C. de López de Hoyos, 295 + C. de López de Hoyos, 295",28043 + 28043 + 28043,,,,7 + 7 + 7,Convenience Store + Convenience Store + Convenience Store,1,3,3,False,False,False,False,False,False,True,False,5,Convenience Store only,3,"Multiple companies, single service",24.2,2,Medium,Amazon | SEUR | UPS + Amazon | SEUR | UPS + Amazon | SEUR | UPS,False
MAD_LOC_001022,3,PUDO,1234,Seur - Estanco Madrid 307,"C. Biosca, 29",40.471003659329234,-3.6493563695198366,300,28043.0,1234 + 1822 + 2738,Amazon + SEUR + Gls,Locker + Convenience Stores,Privada,Premises,Madrid,Amazon + Seur + GLS,Lockers + Convenience stores,Private,Premises,Madrid,Seur - Estanco Madrid 307 + Estanco Madrid 307 + Ps Estanco Biosca Nuevo,"C. Biosca, 29 + C. Biosca, 29 + Calle Biosca 29",28043 + 28043 + 28043,,,,1 + 7 + 7,Locker + Convenience Store + Convenience Store,1,3,3,True,False,False,False,False,False,True,False,7,Multiple services,4,"Multiple companies, multiple services",27.0,2,Medium,Amazon | Gls | SEUR + Amazon | Gls | SEUR + Amazon | Gls | SEUR,False
MAD_LOC_001024,2,PUDO,1237,Seur - Moda Begonya,"C. de Valle Inclán, 34",40.37978276141815,-3.772511600825955,240,28044.0,1237 + 1830,Amazon + SEUR,Convenience Stores,Privada,Premises,Madrid,Amazon + Seur,Convenience stores,Private,Premises,Madrid,Seur - Moda Begonya + Moda Begoña,"C. de Valle Inclán, 34 + C. de Valle Inclán, 34",28044 + 28044,,,,7 + 7,Convenience Store + Convenience Store,1,2,2,False,False,False,False,False,False,True,False,5,Convenience Store only,3,"Multiple companies, single service",2.52,1,High,Amazon | SEUR + Amazon | SEUR,False
MAD_LOC_001027,2,PUDO,1244,Seur - Papeleria Libreria Cosas,"Pl. Virgen de los Llanos, 7",40.378181513409004,-3.779347253705455,240,28044.0,1244 + 1836,Amazon + SEUR,Convenience Stores,Privada,Premises,Madrid,Amazon + Seur,Convenience stores,Private,Premises,Madrid,Seur - Papeleria Libreria Cosas + Papeleria Libreria Cosas,"Pl. Virgen de los Llanos, 7 + Pl. Virgen de los Llanos, 7",28044 + 28044,,,,7 + 7,Convenience Store + Convenience Store,1,2,2,False,False,False,False,False,False,True,False,5,Convenience Store only,3,"Multiple companies, single service",3.08,1,High,Amazon | SEUR + Amazon | SEUR,False
MAD_LOC_001028,5,PUDO,1246,Amazon Counter - Mix Regalos,"C. de Blas Cabrera, 137",40.37827426079205,-3.766921175381922,600,28044.0,1246 + 1832 + 2027 + 2199 + 2829,Amazon + SEUR + Dhl + Celeritas + Nacex,Convenience Stores,Privada,Premises,Madrid,Amazon + Seur + DHL + Celeritas + Nacex,Convenience stores,Private,Premises,Madrid,Amazon Counter - Mix Regalos + Mix Regalos + Pinturas Aluche Multiservicios + Pinturas Aluche Multiservicios + Pinturas Aluche Multiservicios (2883-33),"C. de Blas Cabrera, 137 + C. de Blas Cabrera, 137 + C. de Blas Cabrera, 137 + C. de Blas Cabrera, 137 + C. de Blas Cabrera, 137",28044 + 28044 + 28044 + 28044 + 28044,,,,7 + 7 + 7 + 7 + 7,Convenience Store + Convenience Store + Convenience Store + Convenience Store + Convenience Store,1,5,5,False,False,False,False,False,False,True,False,5,Convenience Store only,3,"Multiple companies, single service",10.49,1,High,Amazon | Celeritas | Dhl | Nacex | SEUR + Amazon | Celeritas | Dhl | Nacex | SEUR + Amazon | Celeritas | Dhl | Nacex | SEUR + Amazon | Celeritas | Dhl | Nacex | SEUR + Amazon | Celeritas | Dhl | Nacex | SEUR,False
MAD_LOC_001031,3,PUDO,1251,Tabacos Exp. N884,"C. de Palos de la Frontera, 25",40.403375056449995,-3.6947790131979663,360,28045.0,1251 + 1264 + 1864,Amazon + Amazon + SEUR,Convenience Stores,Privada,Premises,Madrid,Amazon + Amazon + Seur,Convenience stores,Private,Premises,Madrid,Tabacos Exp. N884 + Seur - Expendeduria 884 + Expendeduria 884,"C. de Palos de la Frontera, 25 + C. de Palos de la Frontera, 25 + C. de Palos de la Frontera, 25",28045 + 28045 + 28045,,,,7 + 7 + 7,Convenience Store + Convenience Store + Convenience Store,1,3,2,False,False,False,False,False,False,True,False,5,Convenience Store only,3,"Multiple companies, single service",8.13,1,High,Amazon | SEUR + Amazon | SEUR + Amazon | SEUR,False
MAD_LOC_001040,3,PUDO,1262,Seur - Libreria El Dedal,"C. de Rafael de Riego, 13",40.404422190336966,-3.69191032647397,360,28045.0,1262 + 1861 + 3081,Amazon + SEUR + UPS,Convenience Stores,Privada,Premises,Madrid,Amazon + Seur + UPS,Convenience stores,Private,Premises,Madrid,Seur - Libreria El Dedal + Libreria El Dedal + El Dedal,"C. de Rafael de Riego, 13 + C. de Rafael de Riego, 13 + C. de Rafael de Riego, 13",28045 + 28045 + 28045,,,,7 + 7 + 7,Convenience Store + Convenience Store + Convenience Store,1,3,3,False,False,False,False,False,False,True,False,5,Convenience Store only,3,"Multiple companies, single service",24.17,2,Medium,Amazon | SEUR | UPS + Amazon | SEUR | UPS + Amazon | SEUR | UPS,False
MAD_LOC_001041,2,PUDO,1266,Amazon Counter - Cafeteria Lupy,"C. de Illescas, 209",40.39065556227855,-3.7529681912157553,240,28047.0,1266 + 3090,Amazon + UPS,Convenience Stores,Privada,Premises,Madrid,Amazon + UPS,Convenience stores,Private,Premises,Madrid,Amazon Counter - Cafeteria Lupy + Fnx-Cafeteria Lupy,"C. de Illescas, 209 + C. de Illescas, 209",28047 + 28047,,,,7 + 7,Convenience Store + Convenience Store,1,2,2,False,False,False,False,False,False,True,False,5,Convenience Store only,3,"Multiple companies, single service",1.84,1,High,Amazon | UPS + Amazon | UPS,False
MAD_LOC_001044,2,PUDO,1276,Amazon Counter - Locutorio Ledesma,"C. de Camarena, 298",40.3864259910702,-3.75753580825559,240,28047.0,1276 + 3092,Amazon + UPS,Convenience Stores,Privada,Premises,Madrid,Amazon + UPS,Convenience stores,Private,Premises,Madrid,Amazon Counter - Locutorio Ledesma + Locutorio Ledesma,"C. de Camarena, 298 + C. de Camarena, 298",28047 + 28047,,,,7 + 7,Convenience Store + Convenience Store,1,2,2,False,False,False,False,False,False,True,False,5,Convenience Store only,3,"Multiple companies, single service",5.46,1,High,Amazon | UPS + Amazon | UPS,False
MAD_LOC_001046,2,PUDO,1282,Amazon Counter - 7-Express Y Bazar,"C. Eugenio Pérez, 1",40.51958979848705,-3.77690643067396,240,28048.0,1282 + 2599,Amazon + Ctt Express,Convenience Stores,Privada,Premises,Madrid,Amazon + CTT Express,Convenience stores,Private,Premises,Madrid,Amazon Counter - 7-Express Y Bazar + 7-Express Y Bazar,"C. Eugenio Pérez, 1 + C. Eugenio Pérez, 1",28048 + 28048,,,,7 + 7,Convenience Store + Convenience Store,1,2,2,False,False,False,False,False,False,True,False,5,Convenience Store only,3,"Multiple companies, single service",7.68,1,High,Amazon | Ctt Express + Amazon | Ctt Express,False
MAD_LOC_001047,2,PUDO,1283,Amazon Counter - Martín&Merino,"C. San Pancracio, 1, Local 4",40.516030518014006,-3.7750297259294,240,28048.0,1283 + 2598,Amazon + Ctt Express,Convenience Stores,Privada,Premises,Madrid,Amazon + CTT Express,Convenience stores,Private,Premises,Madrid,Amazon Counter - Martín&Merino + Martín&Merino,"C. San Pancracio, 1, Local 4 + C. San Pancracio, 1, Local 4",28048 + 28048,,,,7 + 7,Convenience Store + Convenience Store,1,2,2,False,False,False,False,False,False,True,False,5,Convenience Store only,3,"Multiple companies, single service",4.5,1,High,Amazon | Ctt Express + Amazon | Ctt Express,False
MAD_LOC_001066,2,PUDO,1307,Amazon Counter - Novaestanco,"Av. de las Glorietas, 20",40.37425426631695,-3.660553540098435,240,28053.0,1307 + 1904,Amazon + SEUR,Convenience Stores,Privada,Premises,Madrid,Amazon + Seur,Convenience stores,Private,Premises,Madrid,Amazon Counter - Novaestanco + Novaestanco,"Av. de las Glorietas, 20 + Av. de las Glorietas, 20",28053 + 28053,,,,7 + 7,Convenience Store + Convenience Store,1,2,2,False,False,False,False,False,False,True,False,5,Convenience Store only,3,"Multiple companies, single service",2.93,1,High,Amazon | SEUR + Amazon | SEUR,False
MAD_LOC_001076,3,PUDO,1323,Ipk Velaz,"Calle Velázquez, 14",40.423068290791065,-3.68406722155504,300,28001.0,1323 + 3123 + 3173,SEUR + Pudo + Pudo,Locker + Click&Collect,Privada,Parking,Madrid,Seur + PUDO + PUDO,Lockers + Click&Collect,Private,Parking,Madrid,Ipk Velaz + Parking Interparking Velazquez - Jorge Juan + Parking Interparking Velazquez - Jorge Juan,"Calle Velázquez, 14 + Calle Velázquez, 14 + Calle Velázquez, 14, 16",28001 + 28001 + 28001,,,,1 + 3 + 3,Locker + Click & Collect + Click & Collect,1,3,2,True,False,True,False,False,False,False,False,7,Multiple services,4,"Multiple companies, multiple services",4.84,1,High,Pudo | SEUR + Pudo | SEUR + Pudo | SEUR,False
MAD_LOC_001079,5,PUDO,1327,Estanco Florida,"Calle del Gral. Pardiñas, 64",40.429745691121,-3.6778888013237903,600,28001.0,1327 + 1920 + 2044 + 2227 + 2870,SEUR + Dhl + Celeritas + Ctt Express + UPS,Convenience Stores,Privada,Premises,Madrid,Seur + DHL + Celeritas + CTT Express + UPS,Convenience stores,Private,Premises,Madrid,Estanco Florida + Estanco Florida + Estanco Florida + Estanco Florida + Estanco Florida,"Calle del Gral. Pardiñas, 64 + Calle del Gral. Pardiñas, 64 + Calle del Gral. Pardiñas, 64 + Calle del Gral. Pardiñas, 64 + Calle del Gral. Pardiñas, 64",28001 + 28001 + 28001 + 28001 + 28001,,,,7 + 7 + 7 + 7 + 7,Convenience Store + Convenience Store + Convenience Store + Convenience Store + Convenience Store,1,5,5,False,False,False,False,False,False,True,False,5,Convenience Store only,3,"Multiple companies, single service",8.92,1,High,Celeritas | Ctt Express | Dhl | SEUR | UPS + Celeritas | Ctt Express | Dhl | SEUR | UPS + Celeritas | Ctt Express | Dhl | SEUR | UPS + Celeritas | Ctt Express | Dhl | SEUR | UPS + Celeritas | Ctt Express | Dhl | SEUR | UPS,False
MAD_LOC_001080,2,PUDO,1331,Remesas Suero,"Cl. de Suero de Quiñones, 3",40.44446026123035,-3.675541352884815,180,28002.0,1331 + 3178,SEUR + Pudo,Locker + Click&Collect,Privada,Premises,Madrid,Seur + PUDO,Lockers + Click&Collect,Private,Premises,Madrid,Remesas Suero + Remesas Dinámicas Suero De Quiñones,"Cl. de Suero de Quiñones, 3 + Calle de Suero de Quiñones, 3",28002 + 28002,,,,1 + 3,Locker + Click & Collect,1,2,2,True,False,True,False,False,False,False,False,7,Multiple services,4,"Multiple companies, multiple services",19.35,2,Medium,Pudo | SEUR + Pudo | SEUR,False
MAD_LOC_001081,3,PUDO,1333,Remesas Zabal,"Calle del Gral. Zabala, 1",40.4427291734736,-3.6744870092131,300,28002.0,1333 + 2778 + 3165,SEUR + Nacex + Pudo,Locker + Convenience Stores + Click&Collect,Privada,Premises,Madrid,Seur + Nacex + PUDO,Lockers + Convenience stores + Click&Collect,Private,Premises,Madrid,Remesas Zabal + Locutorio Caribe (2804-06) + Remesas Dinámicas Zabala,"Calle del Gral. Zabala, 1 + Calle del Gral. Zabala, 1 + Calle del Gral. Zabala, 1",28002 + 28002 + 28002,,,,1 + 7 + 3,Locker + Convenience Store + Click & Collect,1,3,3,True,False,True,False,False,False,True,False,7,Multiple services,4,"Multiple companies, multiple services",8.97,1,High,Nacex | Pudo | SEUR + Nacex | Pudo | SEUR + Nacex | Pudo | SEUR,False
MAD_LOC_001082,3,PUDO,1335,Seur Locker Remesas Ramon,"C. de Ramos Carrión, 5",40.4469367108359,-3.669005761823763,300,28002.0,1335 + 2237 + 3164,SEUR + Ctt Express + Pudo,Locker + Convenience Stores + Click&Collect,Privada,Premises,Madrid,Seur + CTT Express + PUDO,Lockers + Convenience stores + Click&Collect,Private,Premises,Madrid,Seur Locker Remesas Ramon + Locutorio A&M + Remesas Dinámicas Ramos Carrión,"C. de Ramos Carrión, 5 + C. de Ramos Carrión, 5 + C. de Ramos Carrión, 5",28002 + 28002 + 28008,,,,1 + 7 + 3,Locker + Convenience Store + Click & Collect,1,3,3,True,False,True,False,False,False,True,False,7,Multiple services,4,"Multiple companies, multiple services",6.64,1,High,Ctt Express | Pudo | SEUR + Ctt Express | Pudo | SEUR + Ctt Express | Pudo | SEUR,False
MAD_LOC_001084,2,PUDO,1337,Micro Ware,"C. de Clara del Rey, 58",40.4469598649939,-3.66773910648058,240,28002.0,1337 + 2874,SEUR + UPS,Convenience Stores,Privada,Premises,Madrid,Seur + UPS,Convenience stores,Private,Premises,Madrid,Micro Ware + Micro Ware S. L.,"C. de Clara del Rey, 58 + C. de Clara del Rey, 58",28002 + 28002,,,,7 + 7,Convenience Store + Convenience Store,1,2,2,False,False,False,False,False,False,True,False,5,Convenience Store only,3,"Multiple companies, single service",4.15,1,High,SEUR | UPS + SEUR | UPS,False
MAD_LOC_001085,3,PUDO,1338,Pc Box,"C. de Cartagena, 115",40.441299892748766,-3.674799445655347,240,28002.0,1338 + 2875 + 3166,SEUR + UPS + Pudo,Locker + Click&Collect,Privada,Premises,Madrid,Seur + UPS + PUDO,Lockers + Click&Collect,Private,Premises,Madrid,Pc Box + Pcbox Madrid + Pcbox Madrid (Cartagena),"C. de Cartagena, 115 + C. de Cartagena, 115 + C. de Cartagena, 115",28002 + 28002 + 28002,,,,1 + 1 + 3,Locker + Locker + Click & Collect,1,3,3,True,False,True,False,False,False,False,False,7,Multiple services,4,"Multiple companies, multiple services",18.81,2,Medium,Pudo | SEUR | UPS + Pudo | SEUR | UPS + Pudo | SEUR | UPS,False
MAD_LOC_001088,3,PUDO,1342,Lara Serrano,"C. de Serrano, 162",40.44652578088497,-3.684754724600243,240,28002.0,1342 + 2876 + 3144,SEUR + UPS + Pudo,Locker + Click&Collect,Privada,Premises,Madrid,Seur + UPS + PUDO,Lockers + Click&Collect,Private,Premises,Madrid,Lara Serrano + Aut Lara S El Viso + Autoescuela Lara Serrano El Viso,"C. de Serrano, 162 + C. de Serrano, 162 + C. de Serrano, 162",28002 + 28002 + 28002,,,,1 + 1 + 3,Locker + Locker + Click & Collect,1,3,3,True,False,True,False,False,False,False,False,7,Multiple services,4,"Multiple companies, multiple services",21.39,2,Medium,Pudo | SEUR | UPS + Pudo | SEUR | UPS + Pudo | SEUR | UPS,False
MAD_LOC_001089,2,PUDO,1345,Pillmarq,"Calle de Fernández de la Hoz, 72",40.439248068153006,-3.694314885905225,240,28003.0,1345 + 2626,SEUR + Gls,Convenience Stores,Privada,Premises,Madrid,Seur + GLS,Convenience stores,Private,Premises,Madrid,Pillmarq + Ps Papeleria Pillmarq,"Calle de Fernández de la Hoz, 72 + Calle de Fernández de la Hoz, 72",28003 + 28003,,,,7 + 7,Convenience Store + Convenience Store,1,2,2,False,False,False,False,False,False,True,False,5,Convenience Store only,3,"Multiple companies, single service",23.15,2,Medium,Gls | SEUR + Gls | SEUR,False
MAD_LOC_001092,3,PUDO,1349,Seur Locker Lidl Bravo Mu,"C. de Bravo Murillo, 62",40.44396208100513,-3.7035886986262896,240,28003.0,1349 + 2879 + 3140,SEUR + UPS + Pudo,Locker + Click&Collect,Privada,Supermarket,Madrid,Seur + UPS + PUDO,Lockers + Click&Collect,Private,Supermarket,Madrid,Seur Locker Lidl Bravo Mu + Lidl Bravo Murillo + Lidl Bravo Murillo,"C. de Bravo Murillo, 62 + C. de Bravo Murillo, 62 + C. de Bravo Murillo, 62",28003 + 28003 + 28003,,,,1 + 1 + 3,Locker + Locker + Click & Collect,1,3,3,True,False,True,False,False,False,False,False,7,Multiple services,4,"Multiple companies, multiple services",1.99,1,High,Pudo | SEUR | UPS + Pudo | SEUR | UPS + Pudo | SEUR | UPS,False
MAD_LOC_001094,2,PUDO,1351,Mr Long,"C. Galería Vallehermoso, 4",40.439531176104154,-3.707868799248815,240,28003.0,1351 + 2243,SEUR + Ctt Express,Convenience Stores,Privada,Premises,Madrid,Seur + CTT Express,Convenience stores,Private,Premises,Madrid,Mr Long + Mr. Long,"C. Galería Vallehermoso, 4 + C. Galería Vallehermoso, 4",28003 + 28003,,,,7 + 7,Convenience Store + Convenience Store,1,2,2,False,False,False,False,False,False,True,False,5,Convenience Store only,3,"Multiple companies, single service",1.61,1,High,Ctt Express | SEUR + Ctt Express | SEUR,False
MAD_LOC_001095,2,PUDO,1352,Seur Locker Jaime 24 H Av,"Av. de Filipinas, 30",40.4407113613415,-3.708557792347965,180,28003.0,1352 + 2880,SEUR + UPS,Locker + Convenience Stores,Privada,Premises,Madrid,Seur + UPS,Lockers + Convenience stores,Private,Premises,Madrid,Seur Locker Jaime 24 H Av + Tiendas 7x24 Filipinas,"Av. de Filipinas, 30 + Av. de Filipinas, 30",28003 + 28003,,,,1 + 7,Locker + Convenience Store,1,2,2,True,False,False,False,False,False,True,False,7,Multiple services,4,"Multiple companies, multiple services",21.39,2,Medium,SEUR | UPS + SEUR | UPS,False
MAD_LOC_001097,2,PUDO,1354,Moran Opticos,"C. de Cea Bermúdez, 65",40.43923520386965,-3.716566343036815,240,28003.0,1354 + 2883,SEUR + UPS,Convenience Stores,Privada,Premises,Madrid,Seur + UPS,Convenience stores,Private,Premises,Madrid,Moran Opticos + Moran Opticos,"C. de Cea Bermúdez, 65 + C. de Cea Bermúdez, 65",28003 + 28003,,,,7 + 7,Convenience Store + Convenience Store,1,2,2,False,False,False,False,False,False,True,False,5,Convenience Store only,3,"Multiple companies, single service",17.45,2,Medium,SEUR | UPS + SEUR | UPS,False
MAD_LOC_001101,2,PUDO,1358,Js Accesorios Y Movil,"C. del Espíritu Santo, 3",40.4250253567657,-3.7023606166329497,240,28004.0,1358 + 2250,SEUR + Ctt Express,Convenience Stores,Privada,Premises,Madrid,Seur + CTT Express,Convenience stores,Private,Premises,Madrid,Js Accesorios Y Movil + Movil Asesorias Malasaña,"C. del Espíritu Santo, 3 + C. del Espíritu Santo, 3",28004 + 28004,,,,7 + 7,Convenience Store + Convenience Store,1,2,2,False,False,False,False,False,False,True,False,5,Convenience Store only,3,"Multiple companies, single service",2.72,1,High,Ctt Express | SEUR + Ctt Express | SEUR,False
MAD_LOC_001104,2,PUDO,1362,Autoescuela,"Calle de Ruiz, 14",40.42853938586045,-3.703720387168655,180,28004.0,1362 + 3131,SEUR + Pudo,Locker + Click&Collect,Privada,Premises,Madrid,Seur + PUDO,Lockers + Click&Collect,Private,Premises,Madrid,Autoescuela + Autoescuela Lara Bilbao,"Calle de Ruiz, 14 + Calle de Ruiz, 14",28004 + 28004,,,,1 + 3,Locker + Click & Collect,1,2,2,True,False,True,False,False,False,False,False,7,Multiple services,4,"Multiple companies, multiple services",10.24,1,High,Pudo | SEUR + Pudo | SEUR,False
MAD_LOC_001105,2,PUDO,1365,Vinoteca La Cristaleria,"P.o de las Acacias, 59",40.4018513241445,-3.712152007258155,240,28005.0,1365 + 2889,SEUR + UPS,Convenience Stores,Privada,Premises,Madrid,Seur + UPS,Convenience stores,Private,Premises,Madrid,Vinoteca La Cristaleria + Vinoteca La Cristalería,"P.º de las Acacias, 59 + P.º de las Acacias, 59",28005 + 28005,,,,7 + 7,Convenience Store + Convenience Store,1,2,2,False,False,False,False,False,False,True,False,5,Convenience Store only,3,"Multiple companies, single service",11.11,1,High,SEUR | UPS + SEUR | UPS,False
MAD_LOC_001106,2,PUDO,1366,Seur Locker Lidl Cl Soria,"C. de Soria, 2",40.405390215865154,-3.70602270685768,180,28005.0,1366 + 3117,SEUR + Pudo,Locker + Click&Collect,Privada,Supermarket,Madrid,Seur + PUDO,Lockers + Click&Collect,Private,Supermarket,Madrid,Seur Locker Lidl Cl Soria + Lidl C/ Soria,"C. de Soria, 2 + C. de Soria, 2",28005 + 28005,,,,1 + 3,Locker + Click & Collect,1,2,2,True,False,True,False,False,False,False,False,7,Multiple services,4,"Multiple companies, multiple services",0.95,1,High,Pudo | SEUR + Pudo | SEUR,False
MAD_LOC_001112,3,PUDO,1372,Seur Locker Locutorio Cib,"C. de Ercilla, 12",40.40341390274883,-3.703449321343733,300,28005.0,1372 + 1373 + 2891,SEUR + SEUR + UPS,Locker + Convenience Stores,Privada,Premises,Madrid,Seur + Seur + UPS,Lockers + Convenience stores,Private,Premises,Madrid,Seur Locker Locutorio Cib + Locutorio Ciber Marco + Ciber Marco,"C. de Ercilla, 12 + C. de Ercilla, 12 + C. de Ercilla, 12",28005 + 28005 + 28005,,,,1 + 7 + 7,Locker + Convenience Store + Convenience Store,1,3,2,True,False,False,False,False,False,True,False,7,Multiple services,4,"Multiple companies, multiple services",5.47,1,High,SEUR | UPS + SEUR | UPS + SEUR | UPS,False
MAD_LOC_001113,2,PUDO,1375,25 Olivas.,"C. de la Ruda, 12",40.410749342177596,-3.708102288593455,240,28005.0,1375 + 2262,SEUR + Ctt Express,Convenience Stores,Privada,Premises,Madrid,Seur + CTT Express,Convenience stores,Private,Premises,Madrid,25 Olivas. + 25 Olivas,"C. de la Ruda, 12 + C. de la Ruda, 12",28005 + 28005,,,,7 + 7,Convenience Store + Convenience Store,1,2,2,False,False,False,False,False,False,True,False,5,Convenience Store only,3,"Multiple companies, single service",2.0,1,High,Ctt Express | SEUR + Ctt Express | SEUR,False
MAD_LOC_001119,3,PUDO,1386,Prink Iriparo Velazquez,"Calle Velázquez, 118",40.4365986112035,-3.683006590872503,360,28006.0,1386 + 2066 + 2266,SEUR + Celeritas + Ctt Express,Convenience Stores,Privada,Premises,Madrid,Seur + Celeritas + CTT Express,Convenience stores,Private,Premises,Madrid,Prink Iriparo Velazquez + Prink Velazquez + Prink Velazquez,"Calle Velázquez, 118 + Calle Velázquez, 118 + Calle Velázquez, 118",28006 + 28006 + 28006,,,,7 + 7 + 7,Convenience Store + Convenience Store + Convenience Store,1,3,3,False,False,False,False,False,False,True,False,5,Convenience Store only,3,"Multiple companies, single service",22.09,2,Medium,Celeritas | Ctt Express | SEUR + Celeritas | Ctt Express | SEUR + Celeritas | Ctt Express | SEUR,False
MAD_LOC_001123,3,PUDO,1393,Ipk Diego De Leon,"Calle de Diego de León, 53",40.43494137452716,-3.6775647954837702,240,28006.0,1393 + 2893 + 3169,SEUR + UPS + Pudo,Locker + Click&Collect,Privada,Parking,Madrid,Seur + UPS + PUDO,Lockers + Click&Collect,Private,Parking,Madrid,Ipk Diego De Leon + Intpkg Diego D Leon + Parking Interparking Diego De León,"Calle de Diego de León, 53 + Calle de Diego de León, 53 + Calle de Diego de León, 53",28006 + 28006 + 28006,,,,1 + 1 + 3,Locker + Locker + Click & Collect,1,3,3,True,False,True,False,False,False,False,False,7,Multiple services,4,"Multiple companies, multiple services",9.33,1,High,Pudo | SEUR | UPS + Pudo | SEUR | UPS + Pudo | SEUR | UPS,False
MAD_LOC_001127,4,PUDO,1400,Lara Conde De Casal,"Av. del Mediterráneo, 41",40.407166607126825,-3.66940009538687,420,28007.0,1400 + 2897 + 3121 + 3175,SEUR + UPS + Pudo + Pudo,Locker + Convenience Stores + Click&Collect,Privada,Premises,Madrid,Seur + UPS + PUDO + PUDO,Lockers + Convenience stores + Click&Collect,Private,Premises,Madrid,Lara Conde De Casal + Aut Lara Cond Casal + Autoescuela Lara Conde De Casal + Autoescuela Lara Conde De Casal,"Av. del Mediterráneo, 41 + Av. del Mediterráneo, 41 + Av. del Mediterráneo, 41 + Av. del Mediterráneo, 41",28007 + 28007 + 28007 + 28007,,,,1 + 7 + 3 + 3,Locker + Convenience Store + Click & Collect + Click & Collect,1,4,3,True,False,True,False,False,False,True,False,7,Multiple services,4,"Multiple companies, multiple services",21.24,2,Medium,Pudo | SEUR | UPS + Pudo | SEUR | UPS + Pudo | SEUR | UPS + Pudo | SEUR | UPS,False
MAD_LOC_001132,2,PUDO,1410,Seur Lockers Lidl,"Calle de Narciso Serra, 13",40.4055270275518,-3.678880202988265,180,28007.0,1410 + 3176,SEUR + Pudo,Locker + Click&Collect,Privada,Supermarket,Madrid,Seur + PUDO,Lockers + Click&Collect,Private,Supermarket,Madrid,Seur Lockers Lidl + Lidl Narciso Serra,"Calle de Narciso Serra, 13 + Calle de Narciso Serra, 13, 15",28007 + 28007,,,,1 + 3,Locker + Click & Collect,1,2,2,True,False,True,False,False,False,False,False,7,Multiple services,4,"Multiple companies, multiple services",8.48,1,High,Pudo | SEUR + Pudo | SEUR,False
MAD_LOC_001135,2,PUDO,1415,Seur Lockers Lara Menendez,"Av. de la Ciudad de Barcelona, 7",40.4052817581802,-3.68260284816024,180,28007.0,1415 + 3120,SEUR + Pudo,Locker + Click&Collect,Privada,Premises,Madrid,Seur + PUDO,Lockers + Click&Collect,Private,Premises,Madrid,Seur Lockers Lara Menendez + Autoescuela Lara Menedez Pelayo,"Av. de la Ciudad de Barcelona, 7 + Av. de la Ciudad de Barcelona, 7",28007 + 28007,,,,1 + 3,Locker + Click & Collect,1,2,2,True,False,True,False,False,False,False,False,7,Multiple services,4,"Multiple companies, multiple services",16.51,2,Medium,Pudo | SEUR + Pudo | SEUR,False
MAD_LOC_001136,2,PUDO,1416,Kallpaprincipe,"Av. de Valladolid, 9",40.42647989915435,-3.72725510469165,240,28008.0,1416 + 2287,SEUR + Ctt Express,Convenience Stores,Privada,Premises,Madrid,Seur + CTT Express,Convenience stores,Private,Premises,Madrid,Kallpaprincipe + Kallpaprincipe,"Av. de Valladolid, 9 + Av. de Valladolid, 9",28008 + 28008,,,,7 + 7,Convenience Store + Convenience Store,1,2,2,False,False,False,False,False,False,True,False,5,Convenience Store only,3,"Multiple companies, single service",5.14,1,High,Ctt Express | SEUR + Ctt Express | SEUR,False
MAD_LOC_001137,3,PUDO,1417,Seur Locker Autoescuela X,"Gta. de San Antonio de la Florida, 1",40.42588406228484,-3.72673775130224,300,28008.0,1417 + 2069 + 2284,SEUR + Celeritas + Ctt Express,Locker + Convenience Stores,Privada,Premises,Madrid,Seur + Celeritas + CTT Express,Lockers + Convenience stores,Private,Premises,Madrid,Seur Locker Autoescuela X + Autoescuela Xtreme + Autoescuela Xtreme,"Gta. de San Antonio de la Florida, 1 + Gta. de San Antonio de la Florida, 1 + Gta. de San Antonio de la Florida, 1",28008 + 28008 + 28008,,,,1 + 7 + 7,Locker + Convenience Store + Convenience Store,1,3,3,True,False,False,False,False,False,True,False,7,Multiple services,4,"Multiple companies, multiple services",22.26,2,Medium,Celeritas | Ctt Express | SEUR + Celeritas | Ctt Express | SEUR + Celeritas | Ctt Express | SEUR,False
MAD_LOC_001139,3,PUDO,1422,Seur Lockers Principe Pio,"P.o de la Florida, 2",40.421912921653295,-3.7202365144864267,300,28008.0,1422 + 2902 + 3127,SEUR + UPS + Pudo,Locker + Convenience Stores + Click&Collect,Privada,Premises + Mall,Madrid,Seur + UPS + PUDO,Lockers + Convenience stores + Click&Collect,Private,Premises + Mall,Madrid,Seur Lockers Principe Pio + Cc Principe Pio + C.C. Principe Pío,"P.º de la Florida, 2 + P.º de la Florida, 2 + P.º de la Florida, 2",28008 + 28008 + 28008,,,,1 + 7 + 3,Locker + Convenience Store + Click & Collect,1,3,3,True,False,True,False,False,False,True,False,7,Multiple services,4,"Multiple companies, multiple services",12.79,1,High,Pudo | SEUR | UPS + Pudo | SEUR | UPS + Pudo | SEUR | UPS,False
MAD_LOC_001146,3,PUDO,1434,Seur Lockers Autoescuela G,"Calle de García de Paredes, 74",40.4367529033632,-3.69447674463623,300,28010.0,1434 + 2909 + 3142,SEUR + UPS + Pudo,Locker + Convenience Stores + Click&Collect,Privada,Premises,Madrid,Seur + UPS + PUDO,Lockers + Convenience stores + Click&Collect,Private,Premises,Madrid,Seur Lockers Autoescuela G + Auto Gala G Paredes + Autoescuela Gala García Paredes,"Calle de García de Paredes, 74 + Calle de García de Paredes, 74 + Calle de García de Paredes, 74",28010 + 28010 + 28010,,,,1 + 7 + 3,Locker + Convenience Store + Click & Collect,1,3,3,True,False,True,False,False,False,True,False,7,Multiple services,4,"Multiple companies, multiple services",6.66,1,High,Pudo | SEUR | UPS + Pudo | SEUR | UPS + Pudo | SEUR | UPS,False
MAD_LOC_001148,3,PUDO,1440,Pekes Pet Shop,"Calle de García de Paredes, 6",40.43723314254253,-3.7034883345487564,360,28010.0,1440 + 2304 + 2908,SEUR + Ctt Express + UPS,Convenience Stores,Privada,Premises,Madrid,Seur + CTT Express + UPS,Convenience stores,Private,Premises,Madrid,Pekes Pet Shop + Pekes Pet Shop + Pekes Pet Shoppekes Pet Shop,"Calle de García de Paredes, 6 + Calle de García de Paredes, 6, L20 + Calle de García de Paredes, 6",28010 + 28010 + 28010,,,,7 + 7 + 7,Convenience Store + Convenience Store + Convenience Store,1,3,3,False,False,False,False,False,False,True,False,5,Convenience Store only,3,"Multiple companies, single service",27.86,2,Medium,Ctt Express | SEUR | UPS + Ctt Express | SEUR | UPS + Ctt Express | SEUR | UPS,False
MAD_LOC_001159,3,PUDO,1454,Estanco 635,"C. de los Cabestreros, 17",40.4090682527275,-3.705197476523247,360,28012.0,1454 + 2080 + 2317,SEUR + Celeritas + Ctt Express,Convenience Stores,Privada,Premises,Madrid,Seur + Celeritas + CTT Express,Convenience stores,Private,Premises,Madrid,Estanco 635 + Estanco Cabestreros + Estanco Cabestreros,"C. de los Cabestreros, 17 + C. de los Cabestreros, 17 + C. de los Cabestreros, 17",28012 + 28012 + 28012,,,,7 + 7 + 7,Convenience Store + Convenience Store + Convenience Store,1,3,3,False,False,False,False,False,False,True,False,5,Convenience Store only,3,"Multiple companies, single service",7.49,1,High,Celeritas | Ctt Express | SEUR + Celeritas | Ctt Express | SEUR + Celeritas | Ctt Express | SEUR,False
MAD_LOC_001160,2,PUDO,1455,Siddiqui Telecom,"Calle de la Magdalena, 4",40.41265613368955,-3.70272600218871,180,28012.0,1455 + 1457,SEUR + SEUR,Convenience Stores + Locker,Privada,Premises,Madrid,Seur + Seur,Convenience stores + Lockers,Private,Premises,Madrid,Siddiqui Telecom + Seur Lockers Lara Tirso Mo,"Calle de la Magdalena, 4 + Calle de la Magdalena, 5",28012 + 28012,,,,7 + 1,Convenience Store + Locker,1,2,1,True,False,False,False,False,False,True,False,7,Multiple services,2,"Same company, multiple records",11.79,1,High,SEUR + SEUR,False
MAD_LOC_001163,2,PUDO,1462,Herbolario Niño Del Remed,"C. de los Donados, 1",40.4183324740928,-3.7084170198429147,240,28013.0,1462 + 2658,SEUR + Gls,Convenience Stores,Privada,Premises,Madrid,Seur + GLS,Convenience stores,Private,Premises,Madrid,Herbolario Niño Del Remed + Ps Copy Centro Opera,"C. de los Donados, 1 + C. de los Donados, 1",28013 + 28013,,,,7 + 7,Convenience Store + Convenience Store,1,2,2,False,False,False,False,False,False,True,False,5,Convenience Store only,3,"Multiple companies, single service",25.12,2,Medium,Gls | SEUR + Gls | SEUR,False
MAD_LOC_001165,2,PUDO,1466,Seur Lockers Canalejas,"Pl. de Canalejas, 1",40.4171166158732,-3.70047975063355,180,28014.0,1466 + 1467,SEUR + SEUR,Locker + Lsp Pudos,Privada,Premises,Madrid,Seur + Seur,Lockers + LSP PUDOs,Private,Premises,Madrid,Seur Lockers Canalejas + Tienda Seur Canalejas,"Pl. de Canalejas, 1 + Pl. de Canalejas, 1",28014 + 28014,,,,1 + 2,Locker + PUDO,1,2,1,True,True,False,False,False,False,False,False,3,Locker and PUDO,2,"Same company, multiple records",0.0,1,High,SEUR + SEUR,False
MAD_LOC_001167,2,PUDO,1470,Seur Lockers Lidl Rodrigue,"C. de Rodríguez San Pedro, 22",40.431997681966095,-3.70961861549819,180,28015.0,1470 + 3134,SEUR + Pudo,Locker + Click&Collect,Privada,Premises + Supermarket,Madrid,Seur + PUDO,Lockers + Click&Collect,Private,Premises + Supermarket,Madrid,Seur Lockers Lidl Rodrigue + Lidl Rodriguez San Pedro,"C. de Rodríguez San Pedro, 22 + C. de Rodríguez San Pedro, 22",28015 + 28015,,,,1 + 3,Locker + Click & Collect,1,2,2,True,False,True,False,False,False,False,False,7,Multiple services,4,"Multiple companies, multiple services",2.63,1,High,Pudo | SEUR + Pudo | SEUR,False
MAD_LOC_001168,2,PUDO,1471,Seur Lockers Midas,"C. del Conde Duque, 36",40.428439160760405,-3.7097850346792454,180,28015.0,1471 + 3132,SEUR + Pudo,Locker + Click&Collect,Privada,Premises,Madrid,Seur + PUDO,Lockers + Click&Collect,Private,Premises,Madrid,Seur Lockers Midas + Midas Conde Duque,"C. del Conde Duque, 36 + C. del Conde Duque, 36",28015 + 28015,,,,1 + 3,Locker + Click & Collect,1,2,2,True,False,True,False,False,False,False,False,7,Multiple services,4,"Multiple companies, multiple services",7.35,1,High,Pudo | SEUR + Pudo | SEUR,False
MAD_LOC_001169,2,PUDO,1472,Herbolario Santa Ana,"Calle del Acuerdo, 31",40.42922668393325,-3.7079782425864947,240,28015.0,1472 + 2662,SEUR + Gls,Convenience Stores,Privada,Premises,Madrid,Seur + GLS,Convenience stores,Private,Premises,Madrid,Herbolario Santa Ana + Ps Herbolario Santa Ana,"Calle del Acuerdo, 31 + Calle del Acuerdo, 31",28015 + 28015,,,,7 + 7,Convenience Store + Convenience Store,1,2,2,False,False,False,False,False,False,True,False,5,Convenience Store only,3,"Multiple companies, single service",16.97,2,Medium,Gls | SEUR + Gls | SEUR,False
MAD_LOC_001171,2,PUDO,1476,Seur Lockers Lara Fdez Rio,"C. de Fernández de los Ríos, 25",40.43516140725875,-3.707517325466935,180,28015.0,1476 + 3135,SEUR + Pudo,Locker + Click&Collect,Privada,Premises,Madrid,Seur + PUDO,Lockers + Click&Collect,Private,Premises,Madrid,Seur Lockers Lara Fdez Rio + Autoescuela Lara Fernandez De Los Ríos,"C. de Fernández de los Ríos, 25 + C. de Fernández de los Ríos, 25",28015 + 28015,,,,1 + 3,Locker + Click & Collect,1,2,2,True,False,True,False,False,False,False,False,7,Multiple services,4,"Multiple companies, multiple services",11.69,1,High,Pudo | SEUR + Pudo | SEUR,False
MAD_LOC_001172,2,PUDO,1480,Seur Lockers Lidl Guzman E,"C. de Guzmán el Bueno, 72",40.43855573511735,-3.71270975525128,180,28015.0,1480 + 3137,SEUR + Pudo,Locker + Click&Collect,Privada,Supermarket,Madrid,Seur + PUDO,Lockers + Click&Collect,Private,Supermarket,Madrid,Seur Lockers Lidl Guzman E + Lidl Guzman El Bueno,"C. de Guzmán el Bueno, 72 + C. de Guzmán el Bueno, 72",28015 + 28015,,,,1 + 3,Locker + Click & Collect,1,2,2,True,False,True,False,False,False,False,False,7,Multiple services,4,"Multiple companies, multiple services",5.98,1,High,Pudo | SEUR + Pudo | SEUR,False
MAD_LOC_001173,2,PUDO,1482,Seur Lockers Lara Costa Ri,"C. de Costa Rica, 12",40.4585173731664,-3.675405882869155,180,28016.0,1482 + 3163,SEUR + Pudo,Locker + Click&Collect,Privada,Premises,Madrid,Seur + PUDO,Lockers + Click&Collect,Private,Premises,Madrid,Seur Lockers Lara Costa Ri + Autoescuela Lara Costa Rica,"C. de Costa Rica, 12 + C. de Costa Rica, 12",28016 + 28016,,,,1 + 3,Locker + Click & Collect,1,2,2,True,False,True,False,False,False,False,False,7,Multiple services,4,"Multiple companies, multiple services",5.29,1,High,Pudo | SEUR + Pudo | SEUR,False
MAD_LOC_001174,3,PUDO,1485,Prink Alberto Alcocer,"Av. de Alberto de Alcocer, 48",40.45855956744307,-3.6793179712552533,360,28016.0,1485 + 1954 + 2090,SEUR + Dhl + Celeritas,Convenience Stores,Privada,Premises,Madrid,Seur + DHL + Celeritas,Convenience stores,Private,Premises,Madrid,Prink Alberto Alcocer + Ayb Print Works Media Image + Prink,"Av. de Alberto de Alcocer, 48 + Av. de Alberto de Alcocer, 48 + Av. de Alberto de Alcocer, 48",28016 + 28016 + 28016,,,,7 + 7 + 7,Convenience Store + Convenience Store + Convenience Store,1,3,3,False,False,False,False,False,False,True,False,5,Convenience Store only,3,"Multiple companies, single service",5.52,1,High,Celeritas | Dhl | SEUR + Celeritas | Dhl | SEUR + Celeritas | Dhl | SEUR,False
MAD_LOC_001176,3,PUDO,1493,Seur Locker Euroenvios Ez,"C. de Ezequiel Solana, 102",40.42735645253247,-3.6423311780505565,240,28017.0,1493 + 2926 + 3231,SEUR + UPS + Pudo,Locker + Click&Collect,Privada,Premises,Madrid,Seur + UPS + PUDO,Lockers + Click&Collect,Private,Premises,Madrid,Seur Locker Euroenvios Ez + P Taquilla Loc Euro Ezq Solana + Locutorio Euroenvíos V Ezequiel Solana,"C. de Ezequiel Solana, 102 + C. de Ezequiel Solana, 102 + C. de Ezequiel Solana, 102",28017 + 28017 + 28017,,,,1 + 1 + 3,Locker + Locker + Click & Collect,1,3,3,True,False,True,False,False,False,False,False,7,Multiple services,4,"Multiple companies, multiple services",10.24,1,High,Pudo | SEUR | UPS + Pudo | SEUR | UPS + Pudo | SEUR | UPS,False
MAD_LOC_001177,3,PUDO,1495,Locutorio La Elipa,"Cl. de San Maximiliano, 45",40.425829141667,-3.6528497890932834,300,28017.0,1495 + 1497 + 3232,SEUR + SEUR + Pudo,Convenience Stores + Locker + Click&Collect,Privada,Premises,Madrid,Seur + Seur + PUDO,Convenience stores + Lockers + Click&Collect,Private,Premises,Madrid,Locutorio La Elipa + Seur Locker Euroenvios Ma + Locutorio Euroenvíos Calle San Maximiliano,"Cl. de San Maximiliano, 45 + Cl. de San Maximiliano, 45 + Cl. de San Maximiliano, 45",28017 + 28017 + 28017,,,,7 + 1 + 3,Convenience Store + Locker + Click & Collect,1,3,2,True,False,True,False,False,False,True,False,7,Multiple services,4,"Multiple companies, multiple services",12.15,1,High,Pudo | SEUR + Pudo | SEUR + Pudo | SEUR,False
MAD_LOC_001179,2,PUDO,1499,Seur Locker Calderon Asca,"C. de Ascao, 29",40.4304849238879,-3.6411129156047597,180,28017.0,1499 + 3230,SEUR + Pudo,Locker + Click&Collect,Privada,Premises,Madrid,Seur + PUDO,Lockers + Click&Collect,Private,Premises,Madrid,Seur Locker Calderon Asca + Autoescuela Calderon I Ascao,"C. de Ascao, 29 + C. de Ascao, 29",28017 + 28017,,,,1 + 3,Locker + Click & Collect,1,2,2,True,False,True,False,False,False,False,False,7,Multiple services,4,"Multiple companies, multiple services",23.4,2,Medium,Pudo | SEUR + Pudo | SEUR,False
MAD_LOC_001181,2,PUDO,1502,Tinta Y Toner Pueblo Nuev,"C. de Emilio Ferrari, 40",40.432435394048156,-3.6422423079797097,240,28017.0,1502 + 2928,SEUR + UPS,Convenience Stores,Privada,Premises,Madrid,Seur + UPS,Convenience stores,Private,Premises,Madrid,Tinta Y Toner Pueblo Nuev + Tinta Y Toner Pueblo Nuevo,"C. de Emilio Ferrari, 40 + C. de Emilio Ferrari, 40",28017 + 28017,,,,7 + 7,Convenience Store + Convenience Store,1,2,2,False,False,False,False,False,False,True,False,5,Convenience Store only,3,"Multiple companies, single service",5.72,1,High,SEUR | UPS + SEUR | UPS,False
MAD_LOC_001183,2,PUDO,1505,Seur Locker Latin Travel,"C. Amos de Escalante, 1",40.434881410373805,-3.6433228322511546,180,28017.0,1505 + 3228,SEUR + Pudo,Locker + Click&Collect,Privada,Premises,Madrid,Seur + PUDO,Lockers + Click&Collect,Private,Premises,Madrid,Seur Locker Latin Travel + Latin Travel Escalante,"C. Amos de Escalante, 1 + C. Amos de Escalante, 1",28017 + 28017,,,,1 + 3,Locker + Click & Collect,1,2,2,True,False,True,False,False,False,False,False,7,Multiple services,4,"Multiple companies, multiple services",10.94,1,High,Pudo | SEUR + Pudo | SEUR,False
MAD_LOC_001185,2,PUDO,1508,Dismicro Bros Sl,"Av. de Palomeras, 82",40.3875470427351,-3.65545206812046,240,28018.0,1508 + 2934,SEUR + UPS,Convenience Stores,Privada,Premises,Madrid,Seur + UPS,Convenience stores,Private,Premises,Madrid,Dismicro Bros Sl + Dismicro Bros,"Av. de Palomeras, 82 + Av. de Palomeras, 82",28018 + 28018,,,,7 + 7,Convenience Store + Convenience Store,1,2,2,False,False,False,False,False,False,True,False,5,Convenience Store only,3,"Multiple companies, single service",2.52,1,High,SEUR | UPS + SEUR | UPS,False
MAD_LOC_001186,3,PUDO,1509,Seur Locker New Linea Dig,"Av. de Palomeras, 126",40.386581779354934,-3.6507936015063467,240,28018.0,1509 + 2933 + 3252,SEUR + UPS + Pudo,Locker + Click&Collect,Privada,Premises,Madrid,Seur + UPS + PUDO,Lockers + Click&Collect,Private,Premises,Madrid,Seur Locker New Linea Dig + P Taquilla New Linea Digital + New Linea Digital,"Av. de Palomeras, 126 + Av. de Palomeras, 126 + Av. de Palomeras, 126",28018 + 28018 + 28018,,,,1 + 1 + 3,Locker + Locker + Click & Collect,1,3,3,True,False,True,False,False,False,False,False,7,Multiple services,4,"Multiple companies, multiple services",18.34,2,Medium,Pudo | SEUR | UPS + Pudo | SEUR | UPS + Pudo | SEUR | UPS,False
MAD_LOC_001187,3,PUDO,1511,Seur Locker Lara Pedro La,"C. de Pedro Laborde, 45",40.38697709466506,-3.64927316435242,240,28018.0,1511 + 2931 + 3251,SEUR + UPS + Pudo,Locker + Click&Collect,Privada,Premises,Madrid,Seur + UPS + PUDO,Lockers + Click&Collect,Private,Premises,Madrid,Seur Locker Lara Pedro La + P Taquilla Aut Lara P Laborde + Autoescuela Lara Vallecas Pedro Laborde,"C. de Pedro Laborde, 45 + C. de Pedro Laborde, 45 + C. de Pedro Laborde, 45",28018 + 28018 + 28018,,,,1 + 1 + 3,Locker + Locker + Click & Collect,1,3,3,True,False,True,False,False,False,False,False,7,Multiple services,4,"Multiple companies, multiple services",25.5,2,Medium,Pudo | SEUR | UPS + Pudo | SEUR | UPS + Pudo | SEUR | UPS,False
MAD_LOC_001189,3,PUDO,1514,Seur Locker Lidl P Neruda,"Av. de Pablo Neruda, 138",40.3819878428725,-3.6604655537038,240,28018.0,1514 + 2936 + 3253,SEUR + UPS + Pudo,Locker + Click&Collect,Privada,Supermarket + Premises,Madrid,Seur + UPS + PUDO,Lockers + Click&Collect,Private,Supermarket + Premises,Madrid,Seur Locker Lidl P Neruda + P Taquilla Lidl Pablo Neruda + Lidl Pablo Neruda 138,"Av. de Pablo Neruda, 138 + Av. de Pablo Neruda, 138 + Av. de Pablo Neruda, 138",28018 + 28018 + 28018,,,,1 + 1 + 3,Locker + Locker + Click & Collect,1,3,3,True,False,True,False,False,False,False,False,7,Multiple services,4,"Multiple companies, multiple services",6.74,1,High,Pudo | SEUR | UPS + Pudo | SEUR | UPS + Pudo | SEUR | UPS,False
MAD_LOC_001191,2,PUDO,1517,Seur Locker Cc Madrid Sur,"Av. de Pablo Neruda, 91",40.3813479093091,-3.66342118303923,180,28018.0,1517 + 3254,SEUR + Pudo,Locker + Click&Collect,Privada,Mall,Madrid,Seur + PUDO,Lockers + Click&Collect,Private,Mall,Madrid,Seur Locker Cc Madrid Sur + C.C. Madrid Sur,"Av. de Pablo Neruda, 91 + Av. de Pablo Neruda, 91",28018 + 28018,,,,1 + 3,Locker + Click & Collect,1,2,2,True,False,True,False,False,False,False,False,7,Multiple services,4,"Multiple companies, multiple services",4.64,1,High,Pudo | SEUR + Pudo | SEUR,False
MAD_LOC_001193,2,PUDO,1520,Alimentacion Paulina Odia,"C. Paulina Odiaga, 43",40.39381615386555,-3.7264757695036552,240,28019.0,1520 + 2710,SEUR + Gls,Convenience Stores,Privada,Premises,Madrid,Seur + GLS,Convenience stores,Private,Premises,Madrid,Alimentacion Paulina Odia + Ps La Maña,"C. Paulina Odiaga, 43 + Calle Paulina Odiaga 43",28019 + 28019,,,,7 + 7,Convenience Store + Convenience Store,1,2,2,False,False,False,False,False,False,True,False,5,Convenience Store only,3,"Multiple companies, single service",4.43,1,High,Gls | SEUR + Gls | SEUR,False
MAD_LOC_001195,2,PUDO,1527,Seur Locker Lara Marques,"Gta. Marqués de Vadillo, 4",40.3973572014268,-3.715877447810835,120,28019.0,1527 + 2945,SEUR + UPS,Locker,Privada,Premises,Madrid,Seur + UPS,Lockers,Private,Premises,Madrid,Seur Locker Lara Marques + P Taquilla Aut Lara Md Vadillo,"Gta. Marqués de Vadillo, 4 + Gta. Marqués de Vadillo, 4",28019 + 28019,,,,1 + 1,Locker + Locker,1,2,2,True,False,False,False,False,False,False,False,1,Locker only,3,"Multiple companies, single service",10.6,1,High,SEUR | UPS + SEUR | UPS,False
MAD_LOC_001196,2,PUDO,1529,La Perla 2,"C. Vicente Martín Arias, 2",40.39642094406205,-3.71353851935717,240,28019.0,1529 + 2375,SEUR + Ctt Express,Convenience Stores,Privada,Premises,Madrid,Seur + CTT Express,Convenience stores,Private,Premises,Madrid,La Perla 2 + Western Union Martin Arias,"C. Vicente Martín Arias, 2 + C. Vicente Martín Arias, 2",28019 + 28019,,,,7 + 7,Convenience Store + Convenience Store,1,2,2,False,False,False,False,False,False,True,False,5,Convenience Store only,3,"Multiple companies, single service",26.35,2,Medium,Ctt Express | SEUR + Ctt Express | SEUR,False
MAD_LOC_001198,2,PUDO,1534,Seur Locker Lidl Puente D,"Calle de Antonio López, 78",40.3944139618325,-3.7083423773298,180,28019.0,1534 + 3126,SEUR + Pudo,Locker + Click&Collect,Privada,Supermarket,Madrid,Seur + PUDO,Lockers + Click&Collect,Private,Supermarket,Madrid,Seur Locker Lidl Puente D + Lidl Puente De Praga,"Calle de Antonio López, 78 + Calle de Antonio López, 78",28019 + 28019,,,,1 + 3,Locker + Click & Collect,1,2,2,True,False,True,False,False,False,False,False,7,Multiple services,4,"Multiple companies, multiple services",12.38,1,High,Pudo | SEUR + Pudo | SEUR,False
MAD_LOC_001200,5,PUDO,1537,Seur Lockers Midas Infanta,"C. de la Infanta Mercedes, 53",40.45900109644366,-3.697298101611648,540,28020.0,1537 + 2768 + 2950 + 2953 + 3150,SEUR + Mail Boxes Etc + UPS + UPS + Pudo,Locker + Lsp Pudos + Convenience Stores + Click&Collect,Privada,Premises,Madrid,Seur + Mail Boxes ETC + UPS + UPS + PUDO,Lockers + LSP PUDOs + Convenience stores + Click&Collect,Private,Premises,Madrid,Seur Lockers Midas Infanta + Mbe 0116 + Mail Boxes Etc + Mail Boxes Etc. 0116 + Midas Infanta Mercedes,"C. de la Infanta Mercedes, 53 + C. de la Infanta Mercedes, 53 + C. de la Infanta Mercedes, 53 + C. de la Infanta Mercedes, 53 + C. de la Infanta Mercedes, 53",28020 + 28020 + 28020 + 28020 + 28020,,,,1 + 2 + 7 + 7 + 3,Locker + PUDO + Convenience Store + Convenience Store + Click & Collect,1,5,4,True,True,True,False,False,False,True,False,3,Locker and PUDO,4,"Multiple companies, multiple services",19.7,2,Medium,Mail Boxes Etc | Pudo | SEUR | UPS + Mail Boxes Etc | Pudo | SEUR | UPS + Mail Boxes Etc | Pudo | SEUR | UPS + Mail Boxes Etc | Pudo | SEUR | UPS + Mail Boxes Etc | Pudo | SEUR | UPS,False
MAD_LOC_001202,4,PUDO,1544,Seur Lockers Lidl Tetuan,"C. de Bravo Murillo, 291",40.46129237885212,-3.6984446889825677,420,28020.0,1544 + 2116 + 2384 + 3152,SEUR + Celeritas + Ctt Express + Pudo,Locker + Convenience Stores + Click&Collect,Privada,Supermarket + Premises,Madrid,Seur + Celeritas + CTT Express + PUDO,Lockers + Convenience stores + Click&Collect,Private,Supermarket + Premises,Madrid,Seur Lockers Lidl Tetuan + Estanco Tetuán 777 + Estanco Tetuán 777 + Lidl Mercado De Tetuan,"C. de Bravo Murillo, 291 + C. de Bravo Murillo, 293 + C. de Bravo Murillo, 293 + C. de Bravo Murillo, 291",28020 + 28020 + 28020 + 28020,,,,1 + 7 + 7 + 3,Locker + Convenience Store + Convenience Store + Click & Collect,1,4,4,True,False,True,False,False,False,True,False,7,Multiple services,4,"Multiple companies, multiple services",24.1,2,Medium,Celeritas | Ctt Express | Pudo | SEUR + Celeritas | Ctt Express | Pudo | SEUR + Celeritas | Ctt Express | Pudo | SEUR + Celeritas | Ctt Express | Pudo | SEUR,False
MAD_LOC_001203,2,PUDO,1545,Papeleria Tetuan,"C. de Bravo Murillo, 325",40.46407052861855,-3.6963548868503997,240,28020.0,1545 + 2674,SEUR + Gls,Convenience Stores,Privada,Premises,Madrid,Seur + GLS,Convenience stores,Private,Premises,Madrid,Papeleria Tetuan + Ps Papeleria Prensa Tetuan,"C. de Bravo Murillo, 325 + C. de Bravo Murillo, 325",28020 + 28020,,,,7 + 7,Convenience Store + Convenience Store,1,2,2,False,False,False,False,False,False,True,False,5,Convenience Store only,3,"Multiple companies, single service",15.02,2,Medium,Gls | SEUR + Gls | SEUR,False
MAD_LOC_001204,3,PUDO,1546,Seur Lockers Pki Hernani,"C. de Hernani, 75",40.448311818953265,-3.6960540598815097,300,28020.0,1546 + 2957 + 3146,SEUR + UPS + Pudo,Locker + Convenience Stores + Click&Collect,Privada,Parking,Madrid,Seur + UPS + PUDO,Lockers + Convenience stores + Click&Collect,Private,Parking,Madrid,Seur Lockers Pki Hernani + Int Pkg Hernani + Parking Interparking Hernani,"C. de Hernani, 75 + C. de Hernani, 75 + C. de Hernani, 75",28020 + 28020 + 28020,,,,1 + 7 + 3,Locker + Convenience Store + Click & Collect,1,3,3,True,False,True,False,False,False,True,False,7,Multiple services,4,"Multiple companies, multiple services",8.56,1,High,Pudo | SEUR | UPS + Pudo | SEUR | UPS + Pudo | SEUR | UPS,False
MAD_LOC_001206,2,PUDO,1548,Seur Lockers Lidl 4 Camino,"C. de Bravo Murillo, 121",40.449184248322,-3.703946145325115,180,28020.0,1548 + 3148,SEUR + Pudo,Locker + Click&Collect,Privada,Supermarket,Madrid,Seur + PUDO,Lockers + Click&Collect,Private,Supermarket,Madrid,Seur Lockers Lidl 4 Camino + Lidl Cuatro Caminos,"C. de Bravo Murillo, 121 + C. de Bravo Murillo, 121",28020 + 28020,,,,1 + 3,Locker + Click & Collect,1,2,2,True,False,True,False,False,False,False,False,7,Multiple services,4,"Multiple companies, multiple services",6.0,1,High,Pudo | SEUR + Pudo | SEUR,False
MAD_LOC_001207,3,PUDO,1549,Seur Lockers Latin Travel,"C. de los Artistas, 19",40.44766940344727,-3.7021298341091566,300,28020.0,1549 + 1550 + 3139,SEUR + SEUR + Pudo,Locker + Convenience Stores + Click&Collect,Privada,Premises,Madrid,Seur + Seur + PUDO,Lockers + Convenience stores + Click&Collect,Private,Premises,Madrid,Seur Lockers Latin Travel + Latin Travel España + Latin Travel Artistas,"C. de los Artistas, 19 + C. de los Artistas, 19 + C. de los Artistas, 19",28020 + 28020 + 28020,,,,1 + 7 + 3,Locker + Convenience Store + Click & Collect,1,3,2,True,False,True,False,False,False,True,False,7,Multiple services,4,"Multiple companies, multiple services",15.7,2,Medium,Pudo | SEUR + Pudo | SEUR + Pudo | SEUR,False
MAD_LOC_001211,3,PUDO,1554,La Planada,"P.o Talleres, 66",40.34754482747217,-3.70539617699469,360,28021.0,1554 + 2395 + 2699,SEUR + Ctt Express + Gls,Convenience Stores,Privada,Premises,Madrid,Seur + CTT Express + GLS,Convenience stores,Private,Premises,Madrid,La Planada + La Planada + Ps La Planada,"P.º Talleres, 66 + P.º Talleres, 66 + P.º Talleres, 66",28021 + 28021 + 28021,,,,7 + 7 + 7,Convenience Store + Convenience Store + Convenience Store,1,3,3,False,False,False,False,False,False,True,False,5,Convenience Store only,3,"Multiple companies, single service",8.55,1,High,Ctt Express | Gls | SEUR + Ctt Express | Gls | SEUR + Ctt Express | Gls | SEUR,False
MAD_LOC_001214,3,PUDO,1557,Ecuazaruma Sl,"C. de Juan Peñalver, 66",40.344316393166736,-3.7138557027001333,360,28021.0,1557 + 2393 + 2700,SEUR + Ctt Express + Gls,Convenience Stores,Privada,Premises,Madrid,Seur + CTT Express + GLS,Convenience stores,Private,Premises,Madrid,Ecuazaruma Sl + Ecuazaruma Sociedad Limitada + Ps Locutorio Estefania,"C. de Juan Peñalver, 66 + C. de Juan Peñalver, 66, LOCAL 2 + C. de Juan Peñalver, 66",28021 + 28021 + 28021,,,,7 + 7 + 7,Convenience Store + Convenience Store + Convenience Store,1,3,3,False,False,False,False,False,False,True,False,5,Convenience Store only,3,"Multiple companies, single service",10.89,1,High,Ctt Express | Gls | SEUR + Ctt Express | Gls | SEUR + Ctt Express | Gls | SEUR,False
MAD_LOC_001217,2,PUDO,1563,Seur Locker Go Autoescuel,"C. del Bario, 16",40.34845169422855,-3.6784004531438104,180,28021.0,1563 + 2963,SEUR + UPS,Locker + Convenience Stores,Privada,Premises,Madrid,Seur + UPS,Lockers + Convenience stores,Private,Premises,Madrid,Seur Locker Go Autoescuel + Autoescuela Go Ginger,"C. del Bario, 16 + C. del Bario, 16",28021 + 28021,,,,1 + 7,Locker + Convenience Store,1,2,2,True,False,False,False,False,False,True,False,7,Multiple services,4,"Multiple companies, multiple services",9.76,1,High,SEUR | UPS + SEUR | UPS,False
MAD_LOC_001218,2,PUDO,1564,Seur Locker Plenilunio,C. de Aracne SN,40.446171448545,-3.5890632713142647,180,28022.0,1564 + 2971,SEUR + UPS,Locker + Convenience Stores,Privada,Mall + Premises,Madrid,Seur + UPS,Lockers + Convenience stores,Private,Mall + Premises,Madrid,Seur Locker Plenilunio + Aromas Artesanales Plenilunio,C. de Aracne SN + C. de Aracne SN,28022 + 28022,,,,1 + 7,Locker + Convenience Store,1,2,2,True,False,False,False,False,False,True,False,7,Multiple services,4,"Multiple companies, multiple services",4.01,1,High,SEUR | UPS + SEUR | UPS,False
MAD_LOC_001222,2,PUDO,1573,Seur Locker Lidl Canillej,"Av. de Canillejas a Vicálvaro, 43",40.439135528108395,-3.6138423616971247,180,28022.0,1573 + 3229,SEUR + Pudo,Locker + Click&Collect,Privada,Mall + Supermarket,Madrid,Seur + PUDO,Lockers + Click&Collect,Private,Mall + Supermarket,Madrid,Seur Locker Lidl Canillej + Lidl Canillejas,"Av. de Canillejas a Vicálvaro, 43 + Av. de Canillejas a Vicálvaro, 43",28022 + 28022,,,,1 + 3,Locker + Click & Collect,1,2,2,True,False,True,False,False,False,False,False,7,Multiple services,4,"Multiple companies, multiple services",14.16,1,High,Pudo | SEUR + Pudo | SEUR,False
MAD_LOC_001226,2,PUDO,1580,Seur Locker Gala Jardin,"C. Fuentesaúco, 11",40.3980004032032,-3.772026350078995,180,28024.0,1580 + 2414,SEUR + Ctt Express,Locker + Convenience Stores,Privada,Premises,Madrid,Seur + CTT Express,Lockers + Convenience stores,Private,Premises,Madrid,Seur Locker Gala Jardin + €Uroconexion 06 Fuentesauco,"C. Fuentesaúco, 11 + C. Fuentesaúco, 11",28024 + 28024,,,,1 + 7,Locker + Convenience Store,1,2,2,True,False,False,False,False,False,True,False,7,Multiple services,4,"Multiple companies, multiple services",4.8,1,High,Ctt Express | SEUR + Ctt Express | SEUR,False
MAD_LOC_001228,2,PUDO,1582,Seur Locker Lidl Cl Illes,C. de Illescas SN,40.39256013869945,-3.757944298343065,180,28024.0,1582 + 3193,SEUR + Pudo,Locker + Click&Collect,Privada,Supermarket,Madrid,Seur + PUDO,Lockers + Click&Collect,Private,Supermarket,Madrid,Seur Locker Lidl Cl Illes + Lidl Calle Illescas,C. de Illescas SN + C. de Illescas,28024 + 28024,,,,1 + 3,Locker + Click & Collect,1,2,2,True,False,True,False,False,False,False,False,7,Multiple services,4,"Multiple companies, multiple services",2.49,1,High,Pudo | SEUR + Pudo | SEUR,False
MAD_LOC_001230,4,PUDO,1584,Pharmanatur,"C. de Illescas, 81",40.395310386583,-3.7624527798098253,480,28024.0,1584 + 2410 + 2834 + 2979,SEUR + Ctt Express + Nacex + UPS,Convenience Stores,Privada,Premises,Madrid,Seur + CTT Express + Nacex + UPS,Convenience stores,Private,Premises,Madrid,Pharmanatur + Pharmanatur + Pharmanatur (2883-13) + Pharmanatur,"C. de Illescas, 81 + C. de Illescas, 81 + C. de Illescas, 81 + C. de Illescas, 81",28024 + 28024 + 28024 + 28024,,,,7 + 7 + 7 + 7,Convenience Store + Convenience Store + Convenience Store + Convenience Store,1,4,4,False,False,False,False,False,False,True,False,5,Convenience Store only,3,"Multiple companies, single service",4.05,1,High,Ctt Express | Nacex | SEUR | UPS + Ctt Express | Nacex | SEUR | UPS + Ctt Express | Nacex | SEUR | UPS + Ctt Express | Nacex | SEUR | UPS,False
MAD_LOC_001234,2,PUDO,1592,Papeleria Los Pinos,"C. de Argüeso, 38",40.38414041241155,-3.726600816551885,240,28025.0,1592 + 2725,SEUR + Gls,Convenience Stores,Privada,Premises,Madrid,Seur + GLS,Convenience stores,Private,Premises,Madrid,Papeleria Los Pinos + Ps Papeleria Los Pinos,"C. de Argüeso, 38 + Calle de Argüeso 38",28025 + 28025,,,,7 + 7,Convenience Store + Convenience Store,1,2,2,False,False,False,False,False,False,True,False,5,Convenience Store only,3,"Multiple companies, single service",12.15,1,High,Gls | SEUR + Gls | SEUR,False
MAD_LOC_001237,2,PUDO,1599,Info Repuestos,"C. Eduardo Morales, 7",40.3897785874538,-3.73733781536875,240,28025.0,1599 + 2424,SEUR + Ctt Express,Convenience Stores,Privada,Premises,Madrid,Seur + CTT Express,Convenience stores,Private,Premises,Madrid,Info Repuestos + Info Repuestos,"C. Eduardo Morales, 7 + C. Eduardo Morales, 7",28025 + 28025,,,,7 + 7,Convenience Store + Convenience Store,1,2,2,False,False,False,False,False,False,True,False,5,Convenience Store only,3,"Multiple companies, single service",8.34,1,High,Ctt Express | SEUR + Ctt Express | SEUR,False
MAD_LOC_001239,2,PUDO,1601,La Plaza Del Movil,"C. de la Laguna, 40",40.38997182507,-3.74224933998368,240,28025.0,1601 + 2428,SEUR + Ctt Express,Convenience Stores,Privada,Premises,Madrid,Seur + CTT Express,Convenience stores,Private,Premises,Madrid,La Plaza Del Movil + La Plaza Del Movil,"C. de la Laguna, 40 + C. de la Laguna, 40",28025 + 28025,,,,7 + 7,Convenience Store + Convenience Store,1,2,2,False,False,False,False,False,False,True,False,5,Convenience Store only,3,"Multiple companies, single service",2.6,1,High,Ctt Express | SEUR + Ctt Express | SEUR,False
MAD_LOC_001240,2,PUDO,1602,Seur Locker Locutorio Los,"C. de Tucán, 48",40.390233016214054,-3.74187763902375,180,28025.0,1602 + 2426,SEUR + Ctt Express,Locker + Convenience Stores,Privada,Premises,Madrid,Seur + CTT Express,Lockers + Convenience stores,Private,Premises,Madrid,Seur Locker Locutorio Los + Los Ramirez,"C. de Tucán, 48 + C. de la Laguna, 101",28025 + 28025,,,,1 + 7,Locker + Convenience Store,1,2,2,True,False,False,False,False,False,True,False,7,Multiple services,4,"Multiple companies, multiple services",14.55,1,High,Ctt Express | SEUR + Ctt Express | SEUR,False
MAD_LOC_001244,2,PUDO,1609,Seur Locker Latin Travel,"C. de la Pilarica, 22",40.38591822032775,-3.70354001648279,180,28026.0,1609 + 3183,SEUR + Pudo,Locker + Click&Collect,Privada,Premises,Madrid,Seur + PUDO,Lockers + Click&Collect,Private,Premises,Madrid,Seur Locker Latin Travel + Latin Travel Pilarica,"C. de la Pilarica, 22 + C. de la Pilarica, 22",28026 + 28026,,,,1 + 3,Locker + Click & Collect,1,2,2,True,False,True,False,False,False,False,False,7,Multiple services,4,"Multiple companies, multiple services",12.49,1,High,Pudo | SEUR + Pudo | SEUR,False
MAD_LOC_001246,2,PUDO,1614,Seur Locker Medina Envios,"C. de Marcelo Usera, 129",40.385588834823196,-3.71023543761675,180,28026.0,1614 + 2820,SEUR + Nacex,Locker + Convenience Stores,Privada,Premises,Madrid,Seur + Nacex,Lockers + Convenience stores,Private,Premises,Madrid,Seur Locker Medina Envios + Colada Expres (2884-18),"C. de Marcelo Usera, 129 + C. de Marcelo Usera, 128",28026 + 28026,,,,1 + 7,Locker + Convenience Store,1,2,2,True,False,False,False,False,False,True,False,7,Multiple services,4,"Multiple companies, multiple services",8.53,1,High,Nacex | SEUR + Nacex | SEUR,False
MAD_LOC_001247,2,PUDO,1615,Seur Locker Lidl Marcelo,"C. de Marcelo Usera, 26",40.38727943924915,-3.70135146903983,180,28026.0,1615 + 3184,SEUR + Pudo,Locker + Click&Collect,Privada,Supermarket,Madrid,Seur + PUDO,Lockers + Click&Collect,Private,Supermarket,Madrid,Seur Locker Lidl Marcelo + Lidl Marcelo Usera,"C. de Marcelo Usera, 26 + C. de Marcelo Usera, 26",28026 + 28026,,,,1 + 3,Locker + Click & Collect,1,2,2,True,False,True,False,False,False,False,False,7,Multiple services,4,"Multiple companies, multiple services",12.85,1,High,Pudo | SEUR + Pudo | SEUR,False
MAD_LOC_001250,2,PUDO,1620,Seur Locker Autoescuela M,"C. de Manuel Noya, 29",40.3855246386931,-3.711802018600725,180,28026.0,1620 + 3182,SEUR + Pudo,Locker + Click&Collect,Privada,Premises,Madrid,Seur + PUDO,Lockers + Click&Collect,Private,Premises,Madrid,Seur Locker Autoescuela M + Autoescuela Marcelo Usera,"C. de Manuel Noya, 29 + C. de Manuel Noya, 29",28026 + 28026,,,,1 + 3,Locker + Click & Collect,1,2,2,True,False,True,False,False,False,False,False,7,Multiple services,4,"Multiple companies, multiple services",8.52,1,High,Pudo | SEUR + Pudo | SEUR,False
MAD_LOC_001251,2,PUDO,1621,Seur Locker Lara Usera,"Av. de Córdoba, 8",40.38668009986,-3.6992427908300254,180,28026.0,1621 + 3185,SEUR + Pudo,Locker + Click&Collect,Privada,Premises,Madrid,Seur + PUDO,Lockers + Click&Collect,Private,Premises,Madrid,Seur Locker Lara Usera + Autoescuela Lara Usera,"Av. de Córdoba, 8 + Av. de Córdoba, 8",28026 + 28026,,,,1 + 3,Locker + Click & Collect,1,2,2,True,False,True,False,False,False,False,False,7,Multiple services,4,"Multiple companies, multiple services",4.07,1,High,Pudo | SEUR + Pudo | SEUR,False
MAD_LOC_001252,4,PUDO,1623,Locutorio Hazif,"Calle de Antonio López, 156",40.389718018897725,-3.7013509414356704,420,28026.0,1623 + 2433 + 2948 + 3186,SEUR + Ctt Express + UPS + Pudo,Convenience Stores + Locker + Click&Collect,Privada,Premises,Madrid,Seur + CTT Express + UPS + PUDO,Convenience stores + Lockers + Click&Collect,Private,Premises,Madrid,Locutorio Hazif + Aks Locutorio + P Taquilla Auto Gala Ant Lopez + Autoescuela Gala Antonio López,"Calle de Antonio López, 156 + Calle de Antonio López, 156 + Calle de Antonio López, 156 + Calle de Antonio López, 156",28026 + 28026 + 28019 + 28019,,,,7 + 7 + 1 + 3,Convenience Store + Convenience Store + Locker + Click & Collect,1,4,4,True,False,True,False,False,False,True,False,7,Multiple services,4,"Multiple companies, multiple services",8.92,1,High,Ctt Express | Pudo | SEUR | UPS + Ctt Express | Pudo | SEUR | UPS + Ctt Express | Pudo | SEUR | UPS + Ctt Express | Pudo | SEUR | UPS,False
MAD_LOC_001255,4,PUDO,1629,El Arbol De La Vida,"C. del Gral. Aranaz, 42",40.4424989520936,-3.63782427790047,480,28027.0,1629 + 2146 + 2441 + 2997,SEUR + Celeritas + Ctt Express + UPS,Convenience Stores,Privada,Premises,Madrid,Seur + Celeritas + CTT Express + UPS,Convenience stores,Private,Premises,Madrid,El Arbol De La Vida + El Árbol De La Vida + El Árbol De La Vida + Centro Arbol De La Vida,"C. del Gral. Aranaz, 42 + C. del Gral. Aranaz, 42 + C. del Gral. Aranaz, 42 + C. del Gral. Aranaz, 42",28027 + 28027 + 28027 + 28027,,,,7 + 7 + 7 + 7,Convenience Store + Convenience Store + Convenience Store + Convenience Store,1,4,4,False,False,False,False,False,False,True,False,5,Convenience Store only,3,"Multiple companies, single service",24.65,2,Medium,Celeritas | Ctt Express | SEUR | UPS + Celeritas | Ctt Express | SEUR | UPS + Celeritas | Ctt Express | SEUR | UPS + Celeritas | Ctt Express | SEUR | UPS,False
MAD_LOC_001256,3,PUDO,1630,Seur Locker Papeleria Man,"C. de la Madre Antonia París, 4",40.44481196945787,-3.65128858060989,240,28027.0,1630 + 2993 + 3221,SEUR + UPS + Pudo,Locker + Click&Collect,Privada,Premises,Madrid,Seur + UPS + PUDO,Lockers + Click&Collect,Private,Premises,Madrid,Seur Locker Papeleria Man + P Taquilla Papeleria Manil + Papelería Manil,"C. de la Madre Antonia París, 4 + C. de la Madre Antonia París, 4 + C. de la Madre Antonia París, 4",28027 + 28027 + 28027,,,,1 + 1 + 3,Locker + Locker + Click & Collect,1,3,3,True,False,True,False,False,False,False,False,7,Multiple services,4,"Multiple companies, multiple services",23.03,2,Medium,Pudo | SEUR | UPS + Pudo | SEUR | UPS + Pudo | SEUR | UPS,False
MAD_LOC_001258,3,PUDO,1633,Seur Locker Alcala Norte,"C. de Alcalá, 414",40.437177141553036,-3.638139592802464,300,28027.0,1633 + 2145 + 3226,SEUR + Celeritas + Pudo,Locker + Convenience Stores + Click&Collect,Privada,Premises + Mall,Madrid,Seur + Celeritas + PUDO,Lockers + Convenience stores + Click&Collect,Private,Premises + Mall,Madrid,Seur Locker Alcala Norte + Maslife Marcelo Usera + C.C. Alcala Norte,"C. de Alcalá, 414 + C. de Alcalá, 414 + Calle de Alcalá, 414, 28027 Madrid",28027 + 28027 + 28027,,,,1 + 7 + 3,Locker + Convenience Store + Click & Collect,1,3,3,True,False,True,False,False,False,True,False,7,Multiple services,4,"Multiple companies, multiple services",10.43,1,High,Celeritas | Pudo | SEUR + Celeritas | Pudo | SEUR + Celeritas | Pudo | SEUR,False
MAD_LOC_001260,2,PUDO,1635,Seur Locker Autoescuela G,"Av. de Badajoz, 5",40.44218799053335,-3.65524377521617,120,28027.0,1635 + 2991,SEUR + UPS,Locker,Privada,Premises,Madrid,Seur + UPS,Lockers,Private,Premises,Madrid,Seur Locker Autoescuela G + P Taquilla Auto Gala B Blanco,"Av. de Badajoz, 5 + Av. de Badajoz, 5",28027 + 28027,,,,1 + 1,Locker + Locker,1,2,2,True,False,False,False,False,False,False,False,1,Locker only,3,"Multiple companies, single service",10.61,1,High,SEUR | UPS + SEUR | UPS,False
MAD_LOC_001261,3,PUDO,1636,Seur Locker Calderon Alca,"C. de Alcalá, 460",40.4390735801884,-3.6339944216960434,240,28027.0,1636 + 2999 + 3223,SEUR + UPS + Pudo,Locker + Click&Collect,Privada,Premises,Madrid,Seur + UPS + PUDO,Lockers + Click&Collect,Private,Premises,Madrid,Seur Locker Calderon Alca + P Taquilla Aut Calderon Iii + Autoescuela Calderón Iii Alcala 460,"C. de Alcalá, 460 + C. de Alcalá, 460 + C. de Alcalá, 460",28027 + 28027 + 28027,,,,1 + 1 + 3,Locker + Locker + Click & Collect,1,3,3,True,False,True,False,False,False,False,False,7,Multiple services,4,"Multiple companies, multiple services",17.32,2,Medium,Pudo | SEUR | UPS + Pudo | SEUR | UPS + Pudo | SEUR | UPS,False
MAD_LOC_001263,2,PUDO,1646,Seur Lockers Estanco Alfon,"C. de Azcona, 18",40.43361987511035,-3.67103118528147,180,28028.0,1646 + 3170,SEUR + Pudo,Locker + Click&Collect,Privada,Premises,Madrid,Seur + PUDO,Lockers + Click&Collect,Private,Premises,Madrid,Seur Lockers Estanco Alfon + Estanco Alfonso Verdugo,"C. de Azcona, 18 + calle Azcona, 18",28028 + 28028,,,,1 + 3,Locker + Click & Collect,1,2,2,True,False,True,False,False,False,False,False,7,Multiple services,4,"Multiple companies, multiple services",9.46,1,High,Pudo | SEUR + Pudo | SEUR,False
MAD_LOC_001266,3,PUDO,1651,Seur Lockers Calderon Cart,"C. de Cartagena, 73",40.43743153722104,-3.671328166708573,300,28028.0,1651 + 3002 + 3168,SEUR + UPS + Pudo,Locker + Convenience Stores + Click&Collect,Privada,Premises,Madrid,Seur + UPS + PUDO,Lockers + Convenience stores + Click&Collect,Private,Premises,Madrid,Seur Lockers Calderon Cart + Autesc Calderon V + Autoescuela Calderon V Cartagena,"C. de Cartagena, 73 + C. de Cartagena, 73 + C. de Cartagena, 73",28028 + 28028 + 28028,,,,1 + 7 + 3,Locker + Convenience Store + Click & Collect,1,3,3,True,False,True,False,False,False,True,False,7,Multiple services,4,"Multiple companies, multiple services",17.19,2,Medium,Pudo | SEUR | UPS + Pudo | SEUR | UPS + Pudo | SEUR | UPS,False
MAD_LOC_001267,3,PUDO,1653,Seur Lockers Lara Avda Ame,"C. de Cartagena, 110",40.44014268348564,-3.67379799372239,300,28028.0,1653 + 3004 + 3167,SEUR + UPS + Pudo,Locker + Convenience Stores + Click&Collect,Privada,Premises,Madrid,Seur + UPS + PUDO,Lockers + Convenience stores + Click&Collect,Private,Premises,Madrid,Seur Lockers Lara Avda Ame + Aut Lara Av America + Autoescuela Lara Avda De América,"C. de Cartagena, 110 + C. de Cartagena, 110 + C. de Cartagena, 110",28028 + 28028 + 28028,,,,1 + 7 + 3,Locker + Convenience Store + Click & Collect,1,3,3,True,False,True,False,False,False,True,False,7,Multiple services,4,"Multiple companies, multiple services",29.35,2,Medium,Pudo | SEUR | UPS + Pudo | SEUR | UPS + Pudo | SEUR | UPS,False
MAD_LOC_001271,2,PUDO,1661,Seur Lockers Lavanderia,"C. de Pinos Baja, 55",40.46977121389565,-3.70172129405275,180,28029.0,1661 + 3155,SEUR + Pudo,Locker + Click&Collect,Privada,Premises,Madrid,Seur + PUDO,Lockers + Click&Collect,Private,Premises,Madrid,Seur Lockers Lavanderia + Lavandería Arroyo,"C. de Pinos Baja, 55 + C. de Pinos Baja, 55",28029 + 28029,,,,1 + 3,Locker + Click & Collect,1,2,2,True,False,True,False,False,False,False,False,7,Multiple services,4,"Multiple companies, multiple services",10.35,1,High,Pudo | SEUR + Pudo | SEUR,False
MAD_LOC_001274,3,PUDO,1666,Seur Lockers Lidl,"C. de Sinesio Delgado, 64",40.4720481666065,-3.711544481126943,300,28029.0,1666 + 3010 + 3157,SEUR + UPS + Pudo,Locker + Convenience Stores + Click&Collect,Privada,Supermarket,Madrid,Seur + UPS + PUDO,Lockers + Convenience stores + Click&Collect,Private,Supermarket,Madrid,Seur Lockers Lidl + Lidl S Delgado + Lidl Sinesio Delgado,"C. de Sinesio Delgado, 64 + C. de Sinesio Delgado, 64 + C. de Sinesio Delgado, 64",28029 + 28029 + 28029,,,,1 + 7 + 3,Locker + Convenience Store + Click & Collect,1,3,3,True,False,True,False,False,False,True,False,7,Multiple services,4,"Multiple companies, multiple services",24.28,2,Medium,Pudo | SEUR | UPS + Pudo | SEUR | UPS + Pudo | SEUR | UPS,False
MAD_LOC_001278,2,PUDO,1673,Seur Lockers Lara Barrio P,"C. de La Bañeza, 32",40.4765310749901,-3.715065118673285,180,28029.0,1673 + 3158,SEUR + Pudo,Locker + Click&Collect,Privada,Premises,Madrid,Seur + PUDO,Lockers + Click&Collect,Private,Premises,Madrid,Seur Lockers Lara Barrio P + Autoescuela Lara Barrio Del Pilar,"C. de La Bañeza, 32 + C. de La Bañeza, 32",28029 + 28029,,,,1 + 3,Locker + Click & Collect,1,2,2,True,False,True,False,False,False,False,False,7,Multiple services,4,"Multiple companies, multiple services",10.85,1,High,Pudo | SEUR + Pudo | SEUR,False
MAD_LOC_001279,2,PUDO,1674,Seur Lockers Marduk On Lin,"C. del Dr. Ramón Castroviejo, 29",40.47884444300395,-3.71582821835246,180,28029.0,1674 + 2803,SEUR + Nacex,Locker + Convenience Stores,Privada,Premises,Madrid,Seur + Nacex,Lockers + Convenience stores,Private,Premises,Madrid,Seur Lockers Marduk On Lin + Marduk Online (2845-15),"C. del Dr. Ramón Castroviejo, 29 + C. del Dr. Ramón Castroviejo, 29",28029 + 28029,,,,1 + 7,Locker + Convenience Store,1,2,2,True,False,False,False,False,False,True,False,7,Multiple services,4,"Multiple companies, multiple services",10.14,1,High,Nacex | SEUR + Nacex | SEUR,False
MAD_LOC_001280,2,PUDO,1678,Seur Locker Lara Carranto,"C. de la Fuente Carrantona, 26",40.4062206668912,-3.63221628222775,180,28030.0,1678 + 3244,SEUR + Pudo,Locker + Click&Collect,Privada,Premises,Madrid,Seur + PUDO,Lockers + Click&Collect,Private,Premises,Madrid,Seur Locker Lara Carranto + Autoescuela Lara Moratalaz Carrantona,"C. de la Fuente Carrantona, 26 + C. de la Fuente Carrantona, 26",28030 + 28030,,,,1 + 3,Locker + Click & Collect,1,2,2,True,False,True,False,False,False,False,False,7,Multiple services,4,"Multiple companies, multiple services",6.53,1,High,Pudo | SEUR + Pudo | SEUR,False
MAD_LOC_001282,2,PUDO,1682,Seur Locker Lidl Hacienda,"Cl. de la Hacienda de Pavones, 342",40.400307805054,-3.6348439038082,180,28030.0,1682 + 3240,SEUR + Pudo,Locker + Click&Collect,Privada,Supermarket,Madrid,Seur + PUDO,Lockers + Click&Collect,Private,Supermarket,Madrid,Seur Locker Lidl Hacienda + Lidl Hacienda De Pavones,"Cl. de la Hacienda de Pavones, 342 + Cl. de la Hacienda de Pavones, 342",28030 + 28030,,,,1 + 3,Locker + Click & Collect,1,2,2,True,False,True,False,False,False,False,False,7,Multiple services,4,"Multiple companies, multiple services",3.63,1,High,Pudo | SEUR + Pudo | SEUR,False
MAD_LOC_001283,3,PUDO,1684,Supermercado,"Av. del Dr. García Tapia, 222",40.406896212719694,-3.6283571669744163,300,28030.0,1684 + 1685 + 2472,SEUR + SEUR + Ctt Express,Convenience Stores + Locker,Privada,Supermarket + Premises,Madrid,Seur + Seur + CTT Express,Convenience stores + Lockers,Private,Supermarket + Premises,Madrid,Supermercado + Seur Locker Mybikesport + Supermercado,"Av. del Dr. García Tapia, 222 + Av. del Dr. García Tapia, 224 + Av. del Dr. García Tapia, 222",28030 + 28030 + 28030,,,,7 + 1 + 7,Convenience Store + Locker + Convenience Store,1,3,2,True,False,False,False,False,False,True,False,7,Multiple services,4,"Multiple companies, multiple services",14.42,1,High,Ctt Express | SEUR + Ctt Express | SEUR + Ctt Express | SEUR,False
MAD_LOC_001287,7,PUDO,1691,Floristeria Jema,"C. Virgen de las Viñas, 16",40.38125430925111,-3.6072407435425524,780,28031.0,1691 + 1692 + 1995 + 2165 + 2481 + 2862 + 3019,SEUR + SEUR + Dhl + Celeritas + Ctt Express + Nacex + UPS,Convenience Stores + Locker,Privada,Premises,Madrid,Seur + Seur + DHL + Celeritas + CTT Express + Nacex + UPS,Convenience stores + Lockers,Private,Premises,Madrid,Floristeria Jema + Seur Locker Wash Up Santa + Estanco De Santa Eugenia + Estanco Santa Eugenia + Tu Armario En Mis Manos + Estanco Nº 693 Madrid (2813-21) + Fnx-Estanco De Santa Eugenia,"C. Virgen de las Viñas, 16 + C. Virgen de las Viñas, 16 + C. Virgen de las Viñas, 16 + C. Virgen de las Viñas, 16 + C. Virgen de las Viñas, 16 + C. Virgen de las Viñas, 16 + C. Virgen de las Viñas, 16",28031 + 28031 + 28031 + 28031 + 28031 + 28031 + 28031,,,,7 + 1 + 7 + 7 + 7 + 7 + 7,Convenience Store + Locker + Convenience Store + Convenience Store + Convenience Store + Convenience Store + Convenience Store,1,7,6,True,False,False,False,False,False,True,False,7,Multiple services,4,"Multiple companies, multiple services",11.42,1,High,Celeritas | Ctt Express | Dhl | Nacex | SEUR | UPS + Celeritas | Ctt Express | Dhl | Nacex | SEUR | UPS + Celeritas | Ctt Express | Dhl | Nacex | SEUR | UPS + Celeritas | Ctt Express | Dhl | Nacex | SEUR | UPS + Celeritas | Ctt Express | Dhl | Nacex | SEUR | UPS + Celeritas | Ctt Express | Dhl | Nacex | SEUR | UPS + Celeritas | Ctt Express | Dhl | Nacex | SEUR | UPS,False
MAD_LOC_001292,4,PUDO,1704,Libros De Arena,"C/ de Capri, 15",40.41865323863225,-3.61984114469802,480,28032.0,1704 + 1998 + 2494 + 2751,SEUR + Dhl + Ctt Express + Gls,Convenience Stores,Privada,Premises,Madrid,Seur + DHL + CTT Express + GLS,Convenience stores,Private,Premises,Madrid,Libros De Arena + Libros De Arena + Librería Libros De Arena + Ps Libros De Arena,"C/ de Capri, 15 + C/ de Capri, 15 + C/ de Capri, 15 + Calle de Capri 15",28032 + 28032 + 28032 + 28032,,,,7 + 7 + 7 + 7,Convenience Store + Convenience Store + Convenience Store + Convenience Store,1,4,4,False,False,False,False,False,False,True,False,5,Convenience Store only,3,"Multiple companies, single service",9.61,1,High,Ctt Express | Dhl | Gls | SEUR + Ctt Express | Dhl | Gls | SEUR + Ctt Express | Dhl | Gls | SEUR + Ctt Express | Dhl | Gls | SEUR,False
MAD_LOC_001293,2,PUDO,1705,Seur Locker Estanco 670,"C. del Tren de Arganda, 8",40.4039909416906,-3.620595430145325,180,28032.0,1705 + 3241,SEUR + Pudo,Locker + Click&Collect,Privada,Premises,Madrid,Seur + PUDO,Lockers + Click&Collect,Private,Premises,Madrid,Seur Locker Estanco 670 + Estanco 670,"C. del Tren de Arganda, 8 + C. del Tren de Arganda, 8",28032 + 28032,,,,1 + 3,Locker + Click & Collect,1,2,2,True,False,True,False,False,False,False,False,7,Multiple services,4,"Multiple companies, multiple services",5.53,1,High,Pudo | SEUR + Pudo | SEUR,False
MAD_LOC_001300,5,PUDO,1717,Locutorio Darell,"C. de la Costa del Sol, 15",40.47367776867244,-3.6527126436324457,600,28033.0,1717 + 2001 + 2503 + 2849 + 3030,SEUR + Dhl + Ctt Express + Nacex + UPS,Convenience Stores,Privada,Premises,Madrid,Seur + DHL + CTT Express + Nacex + UPS,Convenience stores,Private,Premises,Madrid,Locutorio Darell + Locutorio Y Paqueteria Darell + Locutorio Y Paqueteria Darell. + Locutorio Y Paqueteria Darell (2841-06) + Locutorio Y Paqueteria Darell,"C. de la Costa del Sol, 15 + C. de la Costa del Sol, 15 + C. de la Costa del Sol, 15 + C. de la Costa del Sol, 15 + C. de la Costa del Sol, 15",28033 + 28033 + 28033 + 28033 + 28033,,,,7 + 7 + 7 + 7 + 7,Convenience Store + Convenience Store + Convenience Store + Convenience Store + Convenience Store,1,5,5,False,False,False,False,False,False,True,False,5,Convenience Store only,3,"Multiple companies, single service",26.01,2,Medium,Ctt Express | Dhl | Nacex | SEUR | UPS + Ctt Express | Dhl | Nacex | SEUR | UPS + Ctt Express | Dhl | Nacex | SEUR | UPS + Ctt Express | Dhl | Nacex | SEUR | UPS + Ctt Express | Dhl | Nacex | SEUR | UPS,False
MAD_LOC_001303,3,PUDO,1721,Seur Locker Lara Mar Meno,"C. del Mar Menor, 2",40.474436363744466,-3.64357726562817,240,28033.0,1721 + 3031 + 3215,SEUR + UPS + Pudo,Locker + Click&Collect,Privada,Premises,Madrid,Seur + UPS + PUDO,Lockers + Click&Collect,Private,Premises,Madrid,Seur Locker Lara Mar Meno + P Taquilla Auto Lara Mar Menor + Autoescuela Lara Mar Menor Hortaleza,"C. del Mar Menor, 2 + C. del Mar Menor, 2 + C. del Mar Menor, 2",28033 + 28033 + 28033,,,,1 + 1 + 3,Locker + Locker + Click & Collect,1,3,3,True,False,True,False,False,False,False,False,7,Multiple services,4,"Multiple companies, multiple services",15.62,2,Medium,Pudo | SEUR | UPS + Pudo | SEUR | UPS + Pudo | SEUR | UPS,False
MAD_LOC_001305,2,PUDO,1724,Seur Locker Gala Arturo S,"C. de Arturo Soria, 310",40.47617255643695,-3.668117974628235,180,28033.0,1724 + 2848,SEUR + Nacex,Locker + Convenience Stores,Privada,Premises,Madrid,Seur + Nacex,Lockers + Convenience stores,Private,Premises,Madrid,Seur Locker Gala Arturo S + Madridphone Pinar (2841-08),"C. de Arturo Soria, 310 + C. de Arturo Soria, 310",28033 + 28033,,,,1 + 7,Locker + Convenience Store,1,2,2,True,False,False,False,False,False,True,False,7,Multiple services,4,"Multiple companies, multiple services",3.84,1,High,Nacex | SEUR + Nacex | SEUR,False
MAD_LOC_001306,3,PUDO,1726,Seur Locker Lara Arturo S,"C. de Arturo Soria, 329",40.48075811077266,-3.6674313534391536,240,28033.0,1726 + 3029 + 3214,SEUR + UPS + Pudo,Locker + Click&Collect,Privada,Premises,Madrid,Seur + UPS + PUDO,Lockers + Click&Collect,Private,Premises,Madrid,Seur Locker Lara Arturo S + P Taquilla Autesc Lara A Soria + Autoescuela Lara Arturo Soria,"C. de Arturo Soria, 329 + C. de Arturo Soria, 329 + C. de Arturo Soria, 329",28033 + 28033 + 28033,,,,1 + 1 + 3,Locker + Locker + Click & Collect,1,3,3,True,False,True,False,False,False,False,False,7,Multiple services,4,"Multiple companies, multiple services",15.8,2,Medium,Pudo | SEUR | UPS + Pudo | SEUR | UPS + Pudo | SEUR | UPS,False
MAD_LOC_001307,4,PUDO,1727,Aqui Es,"Av. de Bucaramanga, 2",40.47218456480995,-3.6364367878607977,360,28033.0,1727 + 1728 + 2502 + 3032,SEUR + SEUR + Ctt Express + UPS,Convenience Stores + Locker,Privada,Premises + Mall,Madrid,Seur + Seur + CTT Express + UPS,Convenience stores + Lockers,Private,Premises + Mall,Madrid,Aqui Es + Seur Locker Cc Colombia + Aquies! + P Taquilla Cc Colombia,"Av. de Bucaramanga, 2 + Av. de Bucaramanga, 2 + Av. de Bucaramanga, 2 + Av. de Bucaramanga, 2",28033 + 28033 + 28033 + 28033,,,,7 + 1 + 7 + 1,Convenience Store + Locker + Convenience Store + Locker,1,4,3,True,False,False,False,False,False,True,False,7,Multiple services,4,"Multiple companies, multiple services",26.89,2,Medium,Ctt Express | SEUR | UPS + Ctt Express | SEUR | UPS + Ctt Express | SEUR | UPS + Ctt Express | SEUR | UPS,False
MAD_LOC_001309,2,PUDO,1731,Seur Locker Lidl Lezama,"C. de Lezama, 6",40.4905254268621,-3.6907590715953997,180,28034.0,1731 + 3208,SEUR + Pudo,Locker + Click&Collect,Privada,Supermarket,Madrid,Seur + PUDO,Lockers + Click&Collect,Private,Supermarket,Madrid,Seur Locker Lidl Lezama + Lidl Lezama,"C. de Lezama, 6 + C. de Lezama, 6",28034 + 28034,,,,1 + 3,Locker + Click & Collect,1,2,2,True,False,True,False,False,False,False,False,7,Multiple services,4,"Multiple companies, multiple services",3.72,1,High,Pudo | SEUR + Pudo | SEUR,False
MAD_LOC_001311,3,PUDO,1735,Seur Locker Vapor Madrid,"Calle de la Virgen de Aránzazu, 23",40.48657176681627,-3.6898906031358734,240,28034.0,1735 + 3036 + 3207,SEUR + UPS + Pudo,Locker + Click&Collect,Privada,Premises,Madrid,Seur + UPS + PUDO,Lockers + Click&Collect,Private,Premises,Madrid,Seur Locker Vapor Madrid + P Taquilla Vapor Mad Aranzazu + Vapor Madrid Virgen De Aranzazu,"Calle de la Virgen de Aránzazu, 23 + Calle de la Virgen de Aránzazu, 23 + Calle de la Virgen de Aránzazu, 23",28034 + 28034 + 28034,,,,1 + 1 + 3,Locker + Locker + Click & Collect,1,3,3,True,False,True,False,False,False,False,False,7,Multiple services,4,"Multiple companies, multiple services",4.55,1,High,Pudo | SEUR | UPS + Pudo | SEUR | UPS + Pudo | SEUR | UPS,False
MAD_LOC_001312,8,PUDO,1737,Seur Locker Telotengo Mar,"C. de Marcos de Orueta, 3",40.484676542775304,-3.685789221503125,900,28034.0,1737 + 1738 + 2005 + 2174 + 2734 + 2846 + 3038 + 3205,SEUR + SEUR + Dhl + Celeritas + Gls + Nacex + UPS + Pudo,Locker + Convenience Stores + Click&Collect,Privada,Premises,Madrid,Seur + Seur + DHL + Celeritas + GLS + Nacex + UPS + PUDO,Lockers + Convenience stores + Click&Collect,Private,Premises,Madrid,Seur Locker Telotengo Mar + Telotengo + Telotengo + Te Lo Tengo + Ps Te Lo Tengo Madrid + Telotengo (2880-06) + Telotengo + Telotengo Marcos Orueta,"C. de Marcos de Orueta, 3 + C. de Marcos de Orueta, 3 + C. de Marcos de Orueta, 3 + C. de Marcos de Orueta, 3 + Calle de Marcos de Orueta 3 + C. de Marcos de Orueta, 3 + C. de Marcos de Orueta, 3 + C. de Marcos de Orueta, 3, local 1",28034 + 28034 + 28034 + 28034 + 28034 + 28034 + 28034 + 28034,,,,1 + 7 + 7 + 7 + 7 + 7 + 7 + 3,Locker + Convenience Store + Convenience Store + Convenience Store + Convenience Store + Convenience Store + Convenience Store + Click & Collect,1,8,7,True,False,True,False,False,False,True,False,7,Multiple services,4,"Multiple companies, multiple services",24.44,2,Medium,Celeritas | Dhl | Gls | Nacex | Pudo | SEUR | UPS + Celeritas | Dhl | Gls | Nacex | Pudo | SEUR | UPS + Celeritas | Dhl | Gls | Nacex | Pudo | SEUR | UPS + Celeritas | Dhl | Gls | Nacex | Pudo | SEUR | UPS + Celeritas | Dhl | Gls | Nacex | Pudo | SEUR | UPS + Celeritas | Dhl | Gls | Nacex | Pudo | SEUR | UPS + Celeritas | Dhl | Gls | Nacex | Pudo | SEUR | UPS + Celeritas | Dhl | Gls | Nacex | Pudo | SEUR | UPS,False
MAD_LOC_001315,4,PUDO,1741,Prink Fermín Caballero,"C. de Fermín Caballero, 70",40.482480578452346,-3.712551301801955,480,28034.0,1741 + 2175 + 2178 + 3040,SEUR + Celeritas + Celeritas + UPS,Convenience Stores,Privada,Premises,Madrid,Seur + Celeritas + Celeritas + UPS,Convenience stores,Private,Premises,Madrid,Prink Fermín Caballero + Arfe Video Y Fotos + Arfe Video Y Fotos + Visual Arfe,"C. de Fermín Caballero, 70 + C/ FERMIN CABALLERO, 70 + C. de Fermín Caballero, 70 + C. de Fermín Caballero, 70",28034 + 28034 + 28035 + 28034,,,,7 + 7 + 7 + 7,Convenience Store + Convenience Store + Convenience Store + Convenience Store,1,4,3,False,False,False,False,False,False,True,False,5,Convenience Store only,3,"Multiple companies, single service",19.38,2,Medium,Celeritas | SEUR | UPS + Celeritas | SEUR | UPS + Celeritas | SEUR | UPS + Celeritas | SEUR | UPS,False
MAD_LOC_001327,2,PUDO,1761,Seur Locker Galp Vicalvar,Av. de Canillejas a Vicálvaro SN,40.4267589236893,-3.611617448937825,180,28037.0,1761 + 3235,SEUR + Pudo,Locker + Click&Collect,Privada,Service Station,Madrid,Seur + PUDO,Lockers + Click&Collect,Private,Service Station,Madrid,Seur Locker Galp Vicalvar + E.S. Galp Vicálvaro,"Av. de Canillejas a Vicálvaro SN + Av. de Canillejas a Vicálvaro, 80",28037 + 28037,,,,1 + 3,Locker + Click & Collect,1,2,2,True,False,True,False,False,False,False,False,7,Multiple services,4,"Multiple companies, multiple services",20.47,2,Medium,Pudo | SEUR + Pudo | SEUR,False
MAD_LOC_001328,4,PUDO,1762,Seur Locker Euroenvios Zu,"C. Zumel, 14",40.42932536675467,-3.626161529982387,360,28037.0,1762 + 2521 + 3048 + 3233,SEUR + Ctt Express + UPS + Pudo,Locker + Convenience Stores + Click&Collect,Privada,Premises,Madrid,Seur + CTT Express + UPS + PUDO,Lockers + Convenience stores + Click&Collect,Private,Premises,Madrid,Seur Locker Euroenvios Zu + Euro Express + P Taquilla Loc Euro Cl Zumel + Locutorio Euroenvíos Iv Calle Zumel,"C. Zumel, 14 + C. Zumel, 14 + C. Zumel, 14 + C. Zumel, 14",28037 + 28037 + 28037 + 28037,,,,1 + 7 + 1 + 3,Locker + Convenience Store + Locker + Click & Collect,1,4,4,True,False,True,False,False,False,True,False,7,Multiple services,4,"Multiple companies, multiple services",19.93,2,Medium,Ctt Express | Pudo | SEUR | UPS + Ctt Express | Pudo | SEUR | UPS + Ctt Express | Pudo | SEUR | UPS + Ctt Express | Pudo | SEUR | UPS,False
MAD_LOC_001330,2,PUDO,1766,Seur Locker Lidl Toledana,"C. de Sierra Toledana, 33",40.4026896974591,-3.66049850625786,180,28038.0,1766 + 3246,SEUR + Pudo,Locker + Click&Collect,Privada,Supermarket,Madrid,Seur + PUDO,Lockers + Click&Collect,Private,Supermarket,Madrid,Seur Locker Lidl Toledana + Lidl Sierra Toledana,"C. de Sierra Toledana, 33 + C. de Sierra Toledana, 33",28038 + 28038,,,,1 + 3,Locker + Click & Collect,1,2,2,True,False,True,False,False,False,False,False,7,Multiple services,4,"Multiple companies, multiple services",4.5,1,High,Pudo | SEUR + Pudo | SEUR,False
MAD_LOC_001332,2,PUDO,1770,Seur Locker Latin Travel,"C. de la Sierra de Javalambre, 6",40.3982725968718,-3.66713915378513,180,28038.0,1770 + 3248,SEUR + Pudo,Locker + Click&Collect,Privada,Premises,Madrid,Seur + PUDO,Lockers + Click&Collect,Private,Premises,Madrid,Seur Locker Latin Travel + Latin Travel Javalambre,"C. de la Sierra de Javalambre, 6 + C. de la Sierra de Javalambre, 6",28038 + 28039,,,,1 + 3,Locker + Click & Collect,1,2,2,True,False,True,False,False,False,False,False,7,Multiple services,4,"Multiple companies, multiple services",3.26,1,High,Pudo | SEUR + Pudo | SEUR,False
MAD_LOC_001339,2,PUDO,1784,Libreria Jumi,"C. de Valdevarnes, 24",40.469120527894006,-3.718279844600525,240,28039.0,1784 + 2688,SEUR + Gls,Convenience Stores,Privada,Premises,Madrid,Seur + GLS,Convenience stores,Private,Premises,Madrid,Libreria Jumi + Ps Libreria Jumi,"C. de Valdevarnes, 24 + C. de Valdevarnes, 24",28039 + 28039,,,,7 + 7,Convenience Store + Convenience Store,1,2,2,False,False,False,False,False,False,True,False,5,Convenience Store only,3,"Multiple companies, single service",2.87,1,High,Gls | SEUR + Gls | SEUR,False
MAD_LOC_001340,2,PUDO,1785,Locutorio El Grande,"C. de San Raimundo, 11",40.452057129635904,-3.704072617583745,240,28039.0,1785 + 2541,SEUR + Ctt Express,Convenience Stores,Privada,Premises,Madrid,Seur + CTT Express,Convenience stores,Private,Premises,Madrid,Locutorio El Grande + Locutorio El Grande,"C. de San Raimundo, 11 + C. de San Raimundo, 11",28039 + 28039,,,,7 + 7,Convenience Store + Convenience Store,1,2,2,False,False,False,False,False,False,True,False,5,Convenience Store only,3,"Multiple companies, single service",17.13,2,Medium,Ctt Express | SEUR + Ctt Express | SEUR,False
MAD_LOC_001341,2,PUDO,1786,Seur Lockers Latin Travel,"C. de Almansa, 13",40.448760860280345,-3.70483619289748,180,28039.0,1786 + 3147,SEUR + Pudo,Locker + Click&Collect,Privada,Premises,Madrid,Seur + PUDO,Lockers + Click&Collect,Private,Premises,Madrid,Seur Lockers Latin Travel + Latin Travel Almansa,"C. de Almansa, 13 + C. de Almansa, 13",28039 + 28039,,,,1 + 3,Locker + Click & Collect,1,2,2,True,False,True,False,False,False,False,False,7,Multiple services,4,"Multiple companies, multiple services",3.53,1,High,Pudo | SEUR + Pudo | SEUR,False
MAD_LOC_001344,3,PUDO,1793,Seur Locker Lidl Andaluci,"Av. de Andalucía, 7",40.37314623619844,-3.694916860441863,240,28041.0,1793 + 3056 + 3181,SEUR + UPS + Pudo,Locker + Click&Collect,Privada,Supermarket + Premises,Madrid,Seur + UPS + PUDO,Lockers + Click&Collect,Private,Supermarket + Premises,Madrid,Seur Locker Lidl Andaluci + P Taquilla Lidl Av Andalucia 7 + Lidl Avda Andalucia 7,"Av. de Andalucía, 7 + Av. de Andalucía, 7 + Av. de Andalucía, 7",28041 + 28041 + 28041,,,,1 + 1 + 3,Locker + Locker + Click & Collect,1,3,3,True,False,True,False,False,False,False,False,7,Multiple services,4,"Multiple companies, multiple services",10.19,1,High,Pudo | SEUR | UPS + Pudo | SEUR | UPS + Pudo | SEUR | UPS,False
MAD_LOC_001345,2,PUDO,1795,Seur Locker Carref Angele,"Av. de Andalucía, Km. 7",40.36341337667875,-3.692104676589115,120,28041.0,1795 + 3057,SEUR + UPS,Locker,Privada,Supermarket + Premises,Madrid,Seur + UPS,Lockers,Private,Supermarket + Premises,Madrid,Seur Locker Carref Angele + P Taquilla Cc Carr Los Angeles,"Av. de Andalucía, Km. 7 + Av. de Andalucía, Km. 7, 100",28041 + 28041,,,,1 + 1,Locker + Locker,1,2,2,True,False,False,False,False,False,False,False,1,Locker only,3,"Multiple companies, single service",16.37,2,Medium,SEUR | UPS + SEUR | UPS,False
MAD_LOC_001348,2,PUDO,1800,Zapatos Zapp,"C. los Bohemios, 4",40.356833219299205,-3.6941335355727203,240,28041.0,1800 + 2696,SEUR + Gls,Convenience Stores,Privada,Premises,Madrid,Seur + GLS,Convenience stores,Private,Premises,Madrid,Zapatos Zapp + Ps Calzados Bohemios,"C. los Bohemios, 4 + C. los Bohemios, 4",28041 + 28041,,,,7 + 7,Convenience Store + Convenience Store,1,2,2,False,False,False,False,False,False,True,False,5,Convenience Store only,3,"Multiple companies, single service",9.14,1,High,Gls | SEUR + Gls | SEUR,False
MAD_LOC_001352,2,PUDO,1807,Copygor,"C. de La Rioja, 17",40.4587139741189,-3.58721113083406,240,28042.0,1807 + 2022,SEUR + Dhl,Convenience Stores,Privada,Premises,Madrid,Seur + DHL,Convenience stores,Private,Premises,Madrid,Copygor + Copygor,"C. de La Rioja, 17 + C. de La Rioja, 17",28042 + 28042,,,,7 + 7,Convenience Store + Convenience Store,1,2,2,False,False,False,False,False,False,True,False,5,Convenience Store only,3,"Multiple companies, single service",10.99,1,High,Dhl | SEUR + Dhl | SEUR,False
MAD_LOC_001353,2,PUDO,1808,Seur Locker Bahia Center,"C. Bahía de Pollensa, 5",40.465025237978196,-3.593256702810505,120,28042.0,1808 + 3062,SEUR + UPS,Locker,Privada,Premises,Madrid,Seur + UPS,Lockers,Private,Premises,Madrid,Seur Locker Bahia Center + P Taquilla Cc Bahia Center,"C. Bahía de Pollensa, 5 + C. Bahía de Pollensa, 5",28042 + 28042,,,,1 + 1,Locker + Locker,1,2,2,True,False,False,False,False,False,False,False,1,Locker only,3,"Multiple companies, single service",9.72,1,High,SEUR | UPS + SEUR | UPS,False
MAD_LOC_001360,2,PUDO,1821,Tac Informatica,"C. de Torquemada, 22",40.46826478804314,-3.63971545375648,240,28043.0,1821 + 3070,SEUR + UPS,Convenience Stores,Privada,Premises,Madrid,Seur + UPS,Convenience stores,Private,Premises,Madrid,Tac Informatica + Tac Informatica,"C. de Torquemada, 22 + C. de Torquemada, 22",28043 + 28043,,,,7 + 7,Convenience Store + Convenience Store,1,2,2,False,False,False,False,False,False,True,False,5,Convenience Store only,3,"Multiple companies, single service",5.57,1,High,SEUR | UPS + SEUR | UPS,False
MAD_LOC_001363,2,PUDO,1833,Seur Locker Lidl Aviacio,"Av de la Aviación, 28",40.374335857444905,-3.77260643796961,180,28044.0,1833 + 3189,SEUR + Pudo,Locker + Click&Collect,Privada,Supermarket,Madrid,Seur + PUDO,Lockers + Click&Collect,Private,Supermarket,Madrid,Seur Locker Lidl Aviacio + Lidl Avda. Aviación,"Av de la Aviación, 28 + Av de la Aviación, 28",28044 + 28044,,,,1 + 3,Locker + Click & Collect,1,2,2,True,False,True,False,False,False,False,False,7,Multiple services,4,"Multiple companies, multiple services",16.32,2,Medium,Pudo | SEUR + Pudo | SEUR,False
MAD_LOC_001365,3,PUDO,1840,La Tienda De Ana,"C. de Joaquín Turina, 31",40.37242139789643,-3.7533840574315165,360,28044.0,1840 + 2573 + 2720,SEUR + Ctt Express + Gls,Convenience Stores,Privada,Premises,Madrid,Seur + CTT Express + GLS,Convenience stores,Private,Premises,Madrid,La Tienda De Ana + Agencia De Viajes Y Envios Leon + Ps Viajes Y Envios Leon,"C. de Joaquín Turina, 31 + C. de Joaquín Turina, 31 BIS + Calle de Joaquín Turina 31",28044 + 28044 + 28044,,,,7 + 7 + 7,Convenience Store + Convenience Store + Convenience Store,1,3,3,False,False,False,False,False,False,True,False,5,Convenience Store only,3,"Multiple companies, single service",29.33,2,Medium,Ctt Express | Gls | SEUR + Ctt Express | Gls | SEUR + Ctt Express | Gls | SEUR,False
MAD_LOC_001367,2,PUDO,1845,Martuchela Abalorios,"C. de Bolívar, 26",40.39278978420605,-3.690366492546625,240,28045.0,1845 + 2690,SEUR + Gls,Convenience Stores,Privada,Premises,Madrid,Seur + GLS,Convenience stores,Private,Premises,Madrid,Martuchela Abalorios + Ps Martuchela Tienda De Abalorios Y Bisutería,"C. de Bolívar, 26 + C. de Bolívar, 26",28045 + 28045,,,,7 + 7,Convenience Store + Convenience Store,1,2,2,False,False,False,False,False,False,True,False,5,Convenience Store only,3,"Multiple companies, single service",22.79,2,Medium,Gls | SEUR + Gls | SEUR,False
MAD_LOC_001368,2,PUDO,1846,Seur Lockers Lara Embajado,"C. de Embajadores, 176",40.39502644798905,-3.695329363165955,180,28045.0,1846 + 3112,SEUR + Pudo,Locker + Click&Collect,Privada,Premises,Madrid,Seur + PUDO,Lockers + Click&Collect,Private,Premises,Madrid,Seur Lockers Lara Embajado + Autoescuela Lara Calle Embajadores,"C. de Embajadores, 176 + C. de Embajadores, 176",28045 + 28045,,,,1 + 3,Locker + Click & Collect,1,2,2,True,False,True,False,False,False,False,False,7,Multiple services,4,"Multiple companies, multiple services",2.71,1,High,Pudo | SEUR + Pudo | SEUR,False
MAD_LOC_001371,2,PUDO,1849,Alimentacion Eyc,"Pl. de Rutilio Gaci, 5",40.394685599038,-3.69603523146501,240,28045.0,1849 + 2580,SEUR + Ctt Express,Convenience Stores,Privada,Premises,Madrid,Seur + CTT Express,Convenience stores,Private,Premises,Madrid,Alimentacion Eyc + Alimentación Eyc,"Pl. de Rutilio Gaci, 5 + Pl. de Rutilio Gaci, 5",28045 + 28045,,,,7 + 7,Convenience Store + Convenience Store,1,2,2,False,False,False,False,False,False,True,False,5,Convenience Store only,3,"Multiple companies, single service",8.07,1,High,Ctt Express | SEUR + Ctt Express | SEUR,False
MAD_LOC_001372,2,PUDO,1850,Seur Lockers Locutorio Del,"C. de Cáceres, 1",40.3986612684846,-3.69458143675688,180,28045.0,1850 + 3114,SEUR + Pudo,Locker + Click&Collect,Privada,Premises,Madrid,Seur + PUDO,Lockers + Click&Collect,Private,Premises,Madrid,Seur Lockers Locutorio Del + Locutorio Delicias Caceres,"C. de Cáceres, 1 + C. de Cáceres, 1",28045 + 28045,,,,1 + 3,Locker + Click & Collect,1,2,2,True,False,True,False,False,False,False,False,7,Multiple services,4,"Multiple companies, multiple services",11.79,1,High,Pudo | SEUR + Pudo | SEUR,False
MAD_LOC_001373,2,PUDO,1853,Expendenduria 518,"C. de Tomás Borrás, 11",40.39535273151165,-3.6973614834790647,240,28045.0,1853 + 2033,SEUR + Dhl,Convenience Stores,Privada,Premises,Madrid,Seur + DHL,Convenience stores,Private,Premises,Madrid,Expendenduria 518 + Estanco 518 Madrid,"C. de Tomás Borrás, 11 + C. de Tomás Borrás, 11",28045 + 28045,,,,7 + 7,Convenience Store + Convenience Store,1,2,2,False,False,False,False,False,False,True,False,5,Convenience Store only,3,"Multiple companies, single service",5.3,1,High,Dhl | SEUR + Dhl | SEUR,False
MAD_LOC_001374,3,PUDO,1854,Phonedoctors,"C. de Jaime el Conquistador, 22",40.39710411447273,-3.698508642294186,300,28045.0,1854 + 1855 + 3113,SEUR + SEUR + Pudo,Convenience Stores + Locker + Click&Collect,Privada,Premises,Madrid,Seur + Seur + PUDO,Convenience stores + Lockers + Click&Collect,Private,Premises,Madrid,Phonedoctors + Seur Lockers Phone Doctors + Phone Doctors Jaime Conquistador,"C. de Jaime el Conquistador, 22 + C. de Jaime el Conquistador, 22 + C. de Jaime el Conquistador, 22",28045 + 28045 + 28045,,,,7 + 1 + 3,Convenience Store + Locker + Click & Collect,1,3,2,True,False,True,False,False,False,True,False,7,Multiple services,4,"Multiple companies, multiple services",4.47,1,High,Pudo | SEUR + Pudo | SEUR + Pudo | SEUR,False
MAD_LOC_001375,2,PUDO,1856,Locutorio Canarias,"C. de Canarias, 29",40.402163207813544,-3.6925564033103697,240,28045.0,1856 + 2583,SEUR + Ctt Express,Convenience Stores,Privada,Premises,Madrid,Seur + CTT Express,Convenience stores,Private,Premises,Madrid,Locutorio Canarias + Locutorio Canarias,"C. de Canarias, 29 + C. de Canarias, 29",28045 + 28045,,,,7 + 7,Convenience Store + Convenience Store,1,2,2,False,False,False,False,False,False,True,False,5,Convenience Store only,3,"Multiple companies, single service",18.14,2,Medium,Ctt Express | SEUR + Ctt Express | SEUR,False
MAD_LOC_001379,2,PUDO,1863,Seur Lockers Flor Rosistir,"P.o de Sta. María de la Cabeza, 76",40.399297237523,-3.70127006912569,180,28045.0,1863 + 3115,SEUR + Pudo,Locker + Click&Collect,Privada,Premises,Madrid,Seur + PUDO,Lockers + Click&Collect,Private,Premises,Madrid,Seur Lockers Flor Rosistir + Floristería Rosistiremos,"P.º de Sta. María de la Cabeza, 76 + P.º de Sta. María de la Cabeza, 76",28045 + 28009,,,,1 + 3,Locker + Click & Collect,1,2,2,True,False,True,False,False,False,False,False,7,Multiple services,4,"Multiple companies, multiple services",20.91,2,Medium,Pudo | SEUR + Pudo | SEUR,False
MAD_LOC_001387,3,PUDO,1876,Seur Locker Papeleria Lib,"Cl. de los Yébenes, 223",40.392150910022565,-3.7507849945477503,300,28047.0,1876 + 2036 + 3091,SEUR + Dhl + UPS,Locker + Convenience Stores,Privada,Premises,Madrid,Seur + DHL + UPS,Lockers + Convenience stores,Private,Premises,Madrid,Seur Locker Papeleria Lib + Jmb Suministros + Papeleria Jmb Suministros Informati,"Cl. de los Yébenes, 223 + Cl. de los Yébenes, 223 + Cl. de los Yébenes, 223",28047 + 28047 + 28047,,,,1 + 7 + 7,Locker + Convenience Store + Convenience Store,1,3,3,True,False,False,False,False,False,True,False,7,Multiple services,4,"Multiple companies, multiple services",23.47,2,Medium,Dhl | SEUR | UPS + Dhl | SEUR | UPS + Dhl | SEUR | UPS,False
MAD_LOC_001389,2,PUDO,1879,Seur Locker Shati Telecom,"C. Vía Carpetana, 157",40.3915705172164,-3.74260637834739,180,28047.0,1879 + 1881,SEUR + SEUR,Locker + Convenience Stores,Privada,Premises,Madrid,Seur + Seur,Lockers + Convenience stores,Private,Premises,Madrid,Seur Locker Shati Telecom + Shati Telecom,"C. Vía Carpetana, 157 + C. Vía Carpetana, 157",28047 + 28047,,,,1 + 7,Locker + Convenience Store,1,2,1,True,False,False,False,False,False,True,False,7,Multiple services,2,"Same company, multiple records",3.29,1,High,SEUR + SEUR,False
MAD_LOC_001390,2,PUDO,1880,Seur Locker Lidl Carpetan,"C. Vía Carpetana, 145",40.392464136840104,-3.741579183374495,180,28047.0,1880 + 3197,SEUR + Pudo,Locker + Click&Collect,Privada,Supermarket,Madrid,Seur + PUDO,Lockers + Click&Collect,Private,Supermarket,Madrid,Seur Locker Lidl Carpetan + Lidl Via Carpetana 145,"C. Vía Carpetana, 145 + C. Vía Carpetana, 145",28047 + 28047,,,,1 + 3,Locker + Click & Collect,1,2,2,True,False,True,False,False,False,False,False,7,Multiple services,4,"Multiple companies, multiple services",30.0,2,Medium,Pudo | SEUR + Pudo | SEUR,False
MAD_LOC_001392,2,PUDO,1884,Alhambra Locutorio,"C. de la Alhambra, 19",40.403222047786144,-3.7446940468832652,240,28047.0,1884 + 2595,SEUR + Ctt Express,Convenience Stores,Privada,Premises,Madrid,Seur + CTT Express,Convenience stores,Private,Premises,Madrid,Alhambra Locutorio + Alhambra Locutorio,"C. de la Alhambra, 19 + C. de la Alhambra, 19",28047 + 28047,,,,7 + 7,Convenience Store + Convenience Store,1,2,2,False,False,False,False,False,False,True,False,5,Convenience Store only,3,"Multiple companies, single service",1.09,1,High,Ctt Express | SEUR + Ctt Express | SEUR,False
MAD_LOC_001396,2,PUDO,1893,Seur Tipsa Manoteras,"Av. de Manoteras, 22",40.4869580130939,-3.66764512320722,240,28050.0,1893 + 2847,SEUR + Nacex,Convenience Stores + Lsp Pudos,Privada,Premises,Madrid,Seur + Nacex,Convenience stores + LSP PUDOs,Private,Premises,Madrid,Seur Tipsa Manoteras + Madrid(2841),"Av. de Manoteras, 22 + Av. de Manoteras, 22",28050 + 28050,,,,7 + 2,Convenience Store + PUDO,1,2,2,False,True,False,False,False,False,True,False,7,Multiple services,4,"Multiple companies, multiple services",7.26,1,High,Nacex | SEUR + Nacex | SEUR,False
MAD_LOC_001399,2,PUDO,1901,Seur Locker La Gavia,"C. Adolfo Bioy Casares, 2",40.37127380529115,-3.598443641194915,120,28051.0,1901 + 3103,SEUR + UPS,Locker,Privada,Mall + Premises,Madrid,Seur + UPS,Lockers,Private,Mall + Premises,Madrid,Seur Locker La Gavia + P Taquilla Cc La Gavia,"C. Adolfo Bioy Casares, 2 + C. Adolfo Bioy Casares, 2",28051 + 28051,,,,1 + 1,Locker + Locker,1,2,2,True,False,False,False,False,False,False,False,1,Locker only,3,"Multiple companies, single service",25.41,2,Medium,SEUR | UPS + SEUR | UPS,False
MAD_LOC_001400,2,PUDO,1902,Seur Locker Lara Ensanche,"C. del Barranco del Novillo, 24",40.3712765806205,-3.609759407032835,120,28051.0,1902 + 3105,SEUR + UPS,Locker,Privada,Premises,Madrid,Seur + UPS,Lockers,Private,Premises,Madrid,Seur Locker Lara Ensanche + P Taquilla Aut Lara Ensanche V,"C. del Barranco del Novillo, 24 + C. del Barranco del Novillo, 24",28051 + 28051,,,,1 + 1,Locker + Locker,1,2,2,True,False,False,False,False,False,False,False,1,Locker only,3,"Multiple companies, single service",23.23,2,Medium,SEUR | UPS + SEUR | UPS,False
MAD_LOC_001401,2,PUDO,1903,Seur Locker Estanco 807,"C. de la Serena, 25",40.378042558404104,-3.66719774876739,180,28053.0,1903 + 3255,SEUR + Pudo,Locker + Click&Collect,Privada,Premises,Madrid,Seur + PUDO,Lockers + Click&Collect,Private,Premises,Madrid,Seur Locker Estanco 807 + Estanco 807,"C. de la Serena, 25 + C. de la Serena, 25",28053 + 28053,,,,1 + 3,Locker + Click & Collect,1,2,2,True,False,True,False,False,False,False,False,7,Multiple services,4,"Multiple companies, multiple services",11.8,1,High,Pudo | SEUR + Pudo | SEUR,False
MAD_LOC_001402,3,PUDO,1905,Seur Locker Mercado Entre,"C. Campiña, 5",40.3787942972652,-3.6694551127051436,240,28053.0,1905 + 3106 + 3256,SEUR + UPS + Pudo,Locker + Click&Collect,Privada,Mall + Premises,Madrid,Seur + UPS + PUDO,Lockers + Click&Collect,Private,Mall + Premises,Madrid,Seur Locker Mercado Entre + P Taquilla Mercado M Entrevias + Mercado De Mediodía Entrevías,"C. Campiña, 5 + C. Campiña, 5 + C. Campiña, 5",28053 + 28053 + 28053,,,,1 + 1 + 3,Locker + Locker + Click & Collect,1,3,3,True,False,True,False,False,False,False,False,7,Multiple services,4,"Multiple companies, multiple services",18.34,2,Medium,Pudo | SEUR | UPS + Pudo | SEUR | UPS + Pudo | SEUR | UPS,False
MAD_LOC_001404,3,PUDO,1908,Seur Locker Locutorio Min,"C. de Sta. Alicia, 23",40.387137174805694,-3.6660433192702797,300,28053.0,1908 + 2040 + 2614,SEUR + Dhl + Ctt Express,Locker + Convenience Stores,Privada,Premises,Madrid,Seur + DHL + CTT Express,Lockers + Convenience stores,Private,Premises,Madrid,Seur Locker Locutorio Min + Locutorio Minimarket Ml + Locutorio Mini Market Ml,"C. de Sta. Alicia, 23 + C. de Sta. Alicia, 23 + C. de Sta. Alicia, 23",28053 + 28053 + 28059,,,,1 + 7 + 7,Locker + Convenience Store + Convenience Store,1,3,3,True,False,False,False,False,False,True,False,7,Multiple services,4,"Multiple companies, multiple services",10.6,1,High,Ctt Express | Dhl | SEUR + Ctt Express | Dhl | SEUR + Ctt Express | Dhl | SEUR,False
MAD_LOC_001406,2,PUDO,1911,Modas Martinez Monte Igue,"Av del Monte Igueldo, 26",40.3959022748887,-3.66884088252959,240,28053.0,1911 + 2609,SEUR + Ctt Express,Convenience Stores,Privada,Premises,Madrid,Seur + CTT Express,Convenience stores,Private,Premises,Madrid,Modas Martinez Monte Igue + Modas Martínez,"Av del Monte Igueldo, 26 + Av del Monte Igueldo, 26",28053 + 28054,,,,7 + 7,Convenience Store + Convenience Store,1,2,2,False,False,False,False,False,False,True,False,5,Convenience Store only,3,"Multiple companies, single service",6.51,1,High,Ctt Express | SEUR + Ctt Express | SEUR,False
MAD_LOC_001417,3,PUDO,1929,Servipronto-Ferreteria San Isidro,"P.o de los Melancólicos, 41",40.405094748954234,-3.72037801752127,360,28005.0,1929 + 2064 + 2780,Dhl + Celeritas + Nacex,Convenience Stores,Privada,Premises,Madrid,DHL + Celeritas + Nacex,Convenience stores,Private,Premises,Madrid,Servipronto-Ferreteria San Isidro + Servipronto + Ferreteria San Isidro (2850-16),"P.º de los Melancólicos, 41 + P.º de los Melancólicos, 41 + P.º de los Melancólicos, 41",28005 + 28005 + 28005,,,,7 + 7 + 7,Convenience Store + Convenience Store + Convenience Store,1,3,3,False,False,False,False,False,False,True,False,5,Convenience Store only,3,"Multiple companies, single service",10.36,1,High,Celeritas | Dhl | Nacex + Celeritas | Dhl | Nacex + Celeritas | Dhl | Nacex,False
MAD_LOC_001419,2,PUDO,1931,Chevere Cargo,"Cl. de Ayala, 144",40.42720120246765,-3.671869022950635,240,28006.0,1931 + 2641,Dhl + Gls,Convenience Stores,Privada,Premises,Madrid,DHL + GLS,Convenience stores,Private,Premises,Madrid,Chevere Cargo + Ps Autana Trading S. L,"Cl. de Ayala, 144 + Cl. de Ayala, 144",28006 + 28006,,,,7 + 7,Convenience Store + Convenience Store,1,2,2,False,False,False,False,False,False,True,False,5,Convenience Store only,3,"Multiple companies, single service",5.81,1,High,Dhl | Gls + Dhl | Gls,False
MAD_LOC_001424,2,PUDO,1936,Copyart,"C. de Granada, 10",40.40506587724355,-3.67994511340529,240,28007.0,1936 + 2898,Dhl + UPS,Convenience Stores,Privada,Premises,Madrid,DHL + UPS,Convenience stores,Private,Premises,Madrid,Copyart + Copyart,"C. de Granada, 10 + C. de Granada, 10",28007 + 28007,,,,7 + 7,Convenience Store + Convenience Store,1,2,2,False,False,False,False,False,False,True,False,5,Convenience Store only,3,"Multiple companies, single service",3.62,1,High,Dhl | UPS + Dhl | UPS,False
MAD_LOC_001428,2,PUDO,1942,Directo De España,"C. del Cardenal Cisneros, 75",40.43572378478165,-3.70323758716851,240,28010.0,1942 + 2656,Dhl + Gls,Convenience Stores,Privada,Premises,Madrid,DHL + GLS,Convenience stores,Private,Premises,Madrid,Directo De España + Ps Deusa Logistica,"C. del Cardenal Cisneros, 75 + C. del Cardenal Cisneros, 75",28010 + 28010,,,,7 + 7,Convenience Store + Convenience Store,1,2,2,False,False,False,False,False,False,True,False,5,Convenience Store only,3,"Multiple companies, single service",10.59,1,High,Dhl | Gls + Dhl | Gls,False
MAD_LOC_001429,3,PUDO,1944,Envios Ing,"C. de Villavaliente, 3",40.40665326551717,-3.7493563454353604,360,28011.0,1944 + 2078 + 2307,Dhl + Celeritas + Ctt Express,Convenience Stores,Privada,Premises,Madrid,DHL + Celeritas + CTT Express,Convenience stores,Private,Premises,Madrid,Envios Ing + Envios Ing + Envios Ing,"C. de Villavaliente, 3 + C. de Villavaliente, 3 + C. de Villavaliente, 3",28011 + 28011 + 28011,,,,7 + 7 + 7,Convenience Store + Convenience Store + Convenience Store,1,3,3,False,False,False,False,False,False,True,False,5,Convenience Store only,3,"Multiple companies, single service",25.64,2,Medium,Celeritas | Ctt Express | Dhl + Celeritas | Ctt Express | Dhl + Celeritas | Ctt Express | Dhl,False
MAD_LOC_001430,2,PUDO,1945,Smart Mobile,"P.o de Extremadura, 154",40.410311694588444,-3.738693142707035,240,28011.0,1945 + 2313,Dhl + Ctt Express,Convenience Stores,Privada,Premises,Madrid,DHL + CTT Express,Convenience stores,Private,Premises,Madrid,Smart Mobile + Smart Mobile,"P.º de Extremadura, 154 + P.º de Extremadura, 154",28011 + 28011,,,,7 + 7,Convenience Store + Convenience Store,1,2,2,False,False,False,False,False,False,True,False,5,Convenience Store only,3,"Multiple companies, single service",24.77,2,Medium,Ctt Express | Dhl + Ctt Express | Dhl,False
MAD_LOC_001433,3,PUDO,1953,Marjane,"C. de San Bernardo, 10",40.42217661040177,-3.707591758389063,360,28015.0,1953 + 2670 + 2796,Dhl + Gls + Nacex,Convenience Stores,Privada,Premises,Madrid,DHL + GLS + Nacex,Convenience stores,Private,Premises,Madrid,Marjane + Ps Marjane Almeria S.L + Marjane Almeria (2853-18),"C. de San Bernardo, 10 + C. de San Bernardo, 10 + C. de San Bernardo, 10",28015 + 28015 + 28015,,,,7 + 7 + 7,Convenience Store + Convenience Store + Convenience Store,1,3,3,False,False,False,False,False,False,True,False,5,Convenience Store only,3,"Multiple companies, single service",6.55,1,High,Dhl | Gls | Nacex + Dhl | Gls | Nacex + Dhl | Gls | Nacex,False
MAD_LOC_001434,2,PUDO,1956,Gm Montons,"Av. del Marqués de Corbera, 62",40.427487416285004,-3.649474922852415,240,28017.0,1956 + 2356,Dhl + Ctt Express,Convenience Stores,Privada,Premises,Madrid,DHL + CTT Express,Convenience stores,Private,Premises,Madrid,Gm Montons + Gm Montos,"Av. del Marqués de Corbera, 62 + Av. del Marqués de Corbera, 62, LOCAL 1",28017 + 28017,,,,7 + 7,Convenience Store + Convenience Store,1,2,2,False,False,False,False,False,False,True,False,5,Convenience Store only,3,"Multiple companies, single service",27.56,2,Medium,Ctt Express | Dhl + Ctt Express | Dhl,False
MAD_LOC_001435,2,PUDO,1957,Ciber Carola,"C. de Gutierre de Cetina, 6",40.43438210929435,-3.6448031190587598,240,28017.0,1957 + 2747,Dhl + Gls,Convenience Stores,Privada,Premises,Madrid,DHL + GLS,Convenience stores,Private,Premises,Madrid,Ciber Carola + Ps Ciber Carola,"C. de Gutierre de Cetina, 6 + C. de Gutierre de Cetina, 6",28017 + 28017,,,,7 + 7,Convenience Store + Convenience Store,1,2,2,False,False,False,False,False,False,True,False,5,Convenience Store only,3,"Multiple companies, single service",25.72,2,Medium,Dhl | Gls + Dhl | Gls,False
MAD_LOC_001438,2,PUDO,1960,Estanco 562 Mad,"C. del Radio, 18",40.3924956495753,-3.722916886409775,240,28019.0,1960 + 2102,Dhl + Celeritas,Convenience Stores,Privada,Premises,Madrid,DHL + Celeritas,Convenience stores,Private,Premises,Madrid,Estanco 562 Mad + Expendiduria 562 Y Receptor,"C. del Radio, 18 + C. del Radio, 18",28019 + 28019,,,,7 + 7,Convenience Store + Convenience Store,1,2,2,False,False,False,False,False,False,True,False,5,Convenience Store only,3,"Multiple companies, single service",16.73,2,Medium,Celeritas | Dhl + Celeritas | Dhl,False
MAD_LOC_001440,4,PUDO,1962,Cool Madrid,"Calle de Antonio López, 59",40.39479925378967,-3.708806711100925,480,28019.0,1962 + 2704 + 2821 + 2946,Dhl + Gls + Nacex + UPS,Convenience Stores,Privada,Premises,Madrid,DHL + GLS + Nacex + UPS,Convenience stores,Private,Premises,Madrid,Cool Madrid + Ps Fersay + Cool Accesorios Y Tecnologia (2883-37) + Cool Madrid Accesorios,"Calle de Antonio López, 59 + Calle de Antonio López 59 + Calle de Antonio López, 59, LOCAL 40 + Calle de Antonio López, 59",28019 + 28019 + 28019 + 28019,,,,7 + 7 + 7 + 7,Convenience Store + Convenience Store + Convenience Store + Convenience Store,1,4,4,False,False,False,False,False,False,True,False,5,Convenience Store only,3,"Multiple companies, single service",13.44,1,High,Dhl | Gls | Nacex | UPS + Dhl | Gls | Nacex | UPS + Dhl | Gls | Nacex | UPS + Dhl | Gls | Nacex | UPS,False
MAD_LOC_001442,2,PUDO,1965,Tecno 3,"C. de Hernani, 3",40.44867563604435,-3.7032826753750303,240,28020.0,1965 + 2960,Dhl + UPS,Convenience Stores,Privada,Premises,Madrid,DHL + UPS,Convenience stores,Private,Premises,Madrid,Tecno 3 + Full-Tecno 3,"C. de Hernani, 3 + C. de Hernani, 3",28020 + 28020,,,,7 + 7,Convenience Store + Convenience Store,1,2,2,False,False,False,False,False,False,True,False,5,Convenience Store only,3,"Multiple companies, single service",18.09,2,Medium,Dhl | UPS + Dhl | UPS,False
MAD_LOC_001443,3,PUDO,1966,Locutorio Cibao 2,"Av. Real de Pinto, 32",40.346021205261536,-3.706445368242983,360,28021.0,1966 + 2394 + 2966,Dhl + Ctt Express + UPS,Convenience Stores,Privada,Premises,Madrid,DHL + CTT Express + UPS,Convenience stores,Private,Premises,Madrid,Locutorio Cibao 2 + Locutorio Cibao 2. + Locutorio Cibao 2,"Av. Real de Pinto, 32 + Av. Real de Pinto, 32 + Av. Real de Pinto, 32",28021 + 28021 + 28021,,,,7 + 7 + 7,Convenience Store + Convenience Store + Convenience Store,1,3,3,False,False,False,False,False,False,True,False,5,Convenience Store only,3,"Multiple companies, single service",6.2,1,High,Ctt Express | Dhl | UPS + Ctt Express | Dhl | UPS + Ctt Express | Dhl | UPS,False
MAD_LOC_001444,4,PUDO,1967,Betania Libreria Y Papeleria,"C. de San Aureliano, 3",40.343048865547054,-3.71531332127846,480,28021.0,1967 + 2125 + 2390 + 2968,Dhl + Celeritas + Ctt Express + UPS,Convenience Stores,Privada,Premises,Madrid,DHL + Celeritas + CTT Express + UPS,Convenience stores,Private,Premises,Madrid,Betania Libreria Y Papeleria + Betania Libreria Y Papelería + Betania Libreria Y Papelería + Betania Libreria Y Papeleria,"C. de San Aureliano, 3 + C. de San Aureliano, 3 + C. de San Aureliano, 3 + C. de San Aureliano, 3",28021 + 28021 + 28021 + 28021,,,,7 + 7 + 7 + 7,Convenience Store + Convenience Store + Convenience Store + Convenience Store,1,4,4,False,False,False,False,False,False,True,False,5,Convenience Store only,3,"Multiple companies, single service",27.61,2,Medium,Celeritas | Ctt Express | Dhl | UPS + Celeritas | Ctt Express | Dhl | UPS + Celeritas | Ctt Express | Dhl | UPS + Celeritas | Ctt Express | Dhl | UPS,False
MAD_LOC_001447,2,PUDO,1975,Carlin Pozuelo,"Av. de Europa, 27",40.445106203602094,-3.78692162951107,240,28023.0,1975 + 2973,Dhl + UPS,Convenience Stores,Privada,Premises,Madrid,DHL + UPS,Convenience stores,Private,Premises,Madrid,Carlin Pozuelo + Carlin,"Av. de Europa, 27 + Av. de Europa, 27",28023 + 28023,,,,7 + 7,Convenience Store + Convenience Store,1,2,2,False,False,False,False,False,False,True,False,5,Convenience Store only,3,"Multiple companies, single service",21.58,2,Medium,Dhl | UPS + Dhl | UPS,False
MAD_LOC_001448,2,PUDO,1976,Smart Mobile Ii,"C. de Illescas, 91",40.3947040074387,-3.76260492317666,240,28024.0,1976 + 2415,Dhl + Ctt Express,Convenience Stores,Privada,Premises,Madrid,DHL + CTT Express,Convenience stores,Private,Premises,Madrid,Smart Mobile Ii + Western Unión Illescas,"C. de Illescas, 91 + C. de Illescas, 91",28024 + 28024,,,,7 + 7,Convenience Store + Convenience Store,1,2,2,False,False,False,False,False,False,True,False,5,Convenience Store only,3,"Multiple companies, single service",17.24,2,Medium,Ctt Express | Dhl + Ctt Express | Dhl,False
MAD_LOC_001449,2,PUDO,1977,Lempira Hn Locutorio,"C. de Quero, 13",40.3923497285051,-3.760616819635615,240,28024.0,1977 + 2978,Dhl + UPS,Convenience Stores,Privada,Premises,Madrid,DHL + UPS,Convenience stores,Private,Premises,Madrid,Lempira Hn Locutorio + Lempira Hn Locutorio,"C. de Quero, 13 + C. de Quero, 13",28024 + 28024,,,,7 + 7,Convenience Store + Convenience Store,1,2,2,False,False,False,False,False,False,True,False,5,Convenience Store only,3,"Multiple companies, single service",4.56,1,High,Dhl | UPS + Dhl | UPS,False
MAD_LOC_001454,5,PUDO,1984,Workme,"C. de José del Hierro, 52",40.4403621033863,-3.6436368844308995,600,28027.0,1984 + 2144 + 2439 + 2854 + 2994,Dhl + Celeritas + Ctt Express + Nacex + UPS,Convenience Stores,Privada,Premises,Madrid,DHL + Celeritas + CTT Express + Nacex + UPS,Convenience stores,Private,Premises,Madrid,Workme + Workme Tecnologia . Papeleria + Workme Tecnologia . Papeleria + Workme (2878-11) + Workme,"C. de José del Hierro, 52 + C. de José del Hierro, 52 + C. de José del Hierro, 52 + C. de José del Hierro, 52 + C. de José del Hierro, 52",28027 + 28027 + 28027 + 28027 + 28027,,,,7 + 7 + 7 + 7 + 7,Convenience Store + Convenience Store + Convenience Store + Convenience Store + Convenience Store,1,5,5,False,False,False,False,False,False,True,False,5,Convenience Store only,3,"Multiple companies, single service",8.38,1,High,Celeritas | Ctt Express | Dhl | Nacex | UPS + Celeritas | Ctt Express | Dhl | Nacex | UPS + Celeritas | Ctt Express | Dhl | Nacex | UPS + Celeritas | Ctt Express | Dhl | Nacex | UPS + Celeritas | Ctt Express | Dhl | Nacex | UPS,False
MAD_LOC_001455,4,PUDO,1985,Workme Ii,"C. de Aristóteles, 5",40.4430747049323,-3.651666196758565,480,28027.0,1985 + 2148 + 2440 + 2992,Dhl + Celeritas + Ctt Express + UPS,Convenience Stores,Privada,Premises,Madrid,DHL + Celeritas + CTT Express + UPS,Convenience stores,Private,Premises,Madrid,Workme Ii + Tienda Workme + Tienda Workme + Workme Aristoteles,"C. de Aristóteles, 5 + C. de Aristóteles, 5 + C. de Aristóteles, 5 + C. de Aristóteles, 5",28027 + 28027 + 28027 + 28027,,,,7 + 7 + 7 + 7,Convenience Store + Convenience Store + Convenience Store + Convenience Store,1,4,4,False,False,False,False,False,False,True,False,5,Convenience Store only,3,"Multiple companies, single service",29.96,2,Medium,Celeritas | Ctt Express | Dhl | UPS + Celeritas | Ctt Express | Dhl | UPS + Celeritas | Ctt Express | Dhl | UPS + Celeritas | Ctt Express | Dhl | UPS,False
MAD_LOC_001457,2,PUDO,1990,La Tienduca De Oscar,"C. de Melchor Fernández Almagro, 62",40.4765902183315,-3.707100410810945,240,28029.0,1990 + 2802,Dhl + Nacex,Convenience Stores,Privada,Premises,Madrid,DHL + Nacex,Convenience stores,Private,Premises,Madrid,La Tienduca De Oscar + La Tienduca De Óscar (2845-11),"C. de Melchor Fernández Almagro, 62 + C. de Melchor Fernández Almagro, 62",28029 + 28029,,,,7 + 7,Convenience Store + Convenience Store,1,2,2,False,False,False,False,False,False,True,False,5,Convenience Store only,3,"Multiple companies, single service",14.52,1,High,Dhl | Nacex + Dhl | Nacex,False
MAD_LOC_001458,2,PUDO,1992,La Guarida De Harley,"Av. de Monforte de Lemos, 169",40.47715706785725,-3.715256367649615,240,28029.0,1992 + 3013,Dhl + UPS,Convenience Stores,Privada,Premises,Madrid,DHL + UPS,Convenience stores,Private,Premises,Madrid,La Guarida De Harley + Hispanos Envios Multiservicios,"Av. de Monforte de Lemos, 169 + Av. de Monforte de Lemos, 169",28029 + 28029,,,,7 + 7,Convenience Store + Convenience Store,1,2,2,False,False,False,False,False,False,True,False,5,Convenience Store only,3,"Multiple companies, single service",16.04,2,Medium,Dhl | UPS + Dhl | UPS,False
MAD_LOC_001463,2,PUDO,2002,Libreria Papeleria Sanchez,"C. de las Cuevas de Almanzora, 22",40.4775908442301,-3.658257237122835,240,28033.0,2002 + 3028,Dhl + UPS,Convenience Stores,Privada,Premises,Madrid,DHL + UPS,Convenience stores,Private,Premises,Madrid,Libreria Papeleria Sanchez + Fnx-Papeleria Libreria Sanchez,"C. de las Cuevas de Almanzora, 22 + C. de las Cuevas de Almanzora, 22",28033 + 28033,,,,7 + 7,Convenience Store + Convenience Store,1,2,2,False,False,False,False,False,False,True,False,5,Convenience Store only,3,"Multiple companies, single service",10.32,1,High,Dhl | UPS + Dhl | UPS,False
MAD_LOC_001466,3,PUDO,2006,Expendeduría 742,"Calle de la, C. Isla de Tavira, 30",40.481361310663836,-3.7193285881004403,360,28035.0,2006 + 2807 + 3042,Dhl + Nacex + UPS,Convenience Stores,Privada,Premises,Madrid,DHL + Nacex + UPS,Convenience stores,Private,Premises,Madrid,Expendeduría 742 + Estanco Madrid-742 (2844-12) + Expendeduria N742 Estanco,"Calle de la, C. Isla de Tavira, 30 + Calle de la C. Isla de Tavira, 30 + Calle de la, C. Isla de Tavira, 30",28035 + 28035 + 28035,,,,7 + 7 + 7,Convenience Store + Convenience Store + Convenience Store,1,3,3,False,False,False,False,False,False,True,False,5,Convenience Store only,3,"Multiple companies, single service",21.46,2,Medium,Dhl | Nacex | UPS + Dhl | Nacex | UPS + Dhl | Nacex | UPS,False
MAD_LOC_001479,3,PUDO,2038,Locutorio Cacil Envios,"C. Vía Carpetana, 328",40.3917937446501,-3.7428728105497364,360,28047.0,2038 + 2596 + 3094,Dhl + Ctt Express + UPS,Convenience Stores,Privada,Premises,Madrid,DHL + CTT Express + UPS,Convenience stores,Private,Premises,Madrid,Locutorio Cacil Envios + Cacils Envios + Cacil Envios,"C. Vía Carpetana, 328 + C. Vía Carpetana, 328 + C. Vía Carpetana, 328",28047 + 28047 + 28047,,,,7 + 7 + 7,Convenience Store + Convenience Store + Convenience Store,1,3,3,False,False,False,False,False,False,True,False,5,Convenience Store only,3,"Multiple companies, single service",18.17,2,Medium,Ctt Express | Dhl | UPS + Ctt Express | Dhl | UPS + Ctt Express | Dhl | UPS,False
MAD_LOC_001483,2,PUDO,2043,Take Up,"Calle del Gral. Pardiñas, 31",40.42762099599345,-3.67867352449818,240,28001.0,2043 + 2224,Celeritas + Ctt Express,Convenience Stores,Privada,Premises,Madrid,Celeritas + CTT Express,Convenience stores,Private,Premises,Madrid,Take Up + Take Up,"Calle del Gral. Pardiñas, 31 + Calle del Gral. Pardiñas, 31",28001 + 28001,,,,7 + 7,Convenience Store + Convenience Store,1,2,2,False,False,False,False,False,False,True,False,5,Convenience Store only,3,"Multiple companies, single service",18.16,2,Medium,Celeritas | Ctt Express + Celeritas | Ctt Express,False
MAD_LOC_001484,2,PUDO,2045,Quiosco Marcos,"C. de Gabriel Lobo, 10",40.4425587450354,-3.680555379522895,240,28002.0,2045 + 2228,Celeritas + Ctt Express,Convenience Stores,Privada,Premises + Kiosk,Madrid,Celeritas + CTT Express,Convenience stores,Private,Premises + Kiosk,Madrid,Quiosco Marcos + Quiosco Marcos,"C. de Gabriel Lobo, 10 + C. de Gabriel Lobo, 10",28002 + 28002,,,,7 + 7,Convenience Store + Convenience Store,1,2,2,False,False,False,False,False,False,True,False,5,Convenience Store only,3,"Multiple companies, single service",4.06,1,High,Celeritas | Ctt Express + Celeritas | Ctt Express,False
MAD_LOC_001486,2,PUDO,2047,Kiosco Clara Del Rey 14,"C. de Clara del Rey, 14",40.44191586789505,-3.67114111616878,240,28002.0,2047 + 2231,Celeritas + Ctt Express,Convenience Stores,Privada,Premises + Kiosk,Madrid,Celeritas + CTT Express,Convenience stores,Private,Premises + Kiosk,Madrid,Kiosco Clara Del Rey 14 + Kiosco Clara Del Rey 14,"C. de Clara del Rey, 14 + C. de Clara del Rey, 14",28002 + 28002,,,,7 + 7,Convenience Store + Convenience Store,1,2,2,False,False,False,False,False,False,True,False,5,Convenience Store only,3,"Multiple companies, single service",6.91,1,High,Celeritas | Ctt Express + Celeritas | Ctt Express,False
MAD_LOC_001488,2,PUDO,2050,Expendeduria De Tabaco 532,"C. de López de Hoyos, 174",40.4472899726877,-3.66944165187581,240,28002.0,2050 + 2230,Celeritas + Ctt Express,Convenience Stores,Privada,Premises,Madrid,Celeritas + CTT Express,Convenience stores,Private,Premises,Madrid,Expendeduria De Tabaco 532 + Expendeduria De Tabaco 532,"C. de López de Hoyos, 174 + C. de López de Hoyos, 174",28002 + 28002,,,,7 + 7,Convenience Store + Convenience Store,1,2,2,False,False,False,False,False,False,True,False,5,Convenience Store only,3,"Multiple companies, single service",3.63,1,High,Celeritas | Ctt Express + Celeritas | Ctt Express,False
MAD_LOC_001489,2,PUDO,2052,Quiosco De Prensa Rodríguez Marín,"C. de Rodríguez Marín, 80",40.45045599051395,-3.6785808912932954,240,28002.0,2052 + 2232,Celeritas + Ctt Express,Convenience Stores,Privada,Kiosk,Madrid,Celeritas + CTT Express,Convenience stores,Private,Kiosk,Madrid,Quiosco De Prensa Rodríguez Marín + Quiosco De Prensa Rodríguez Marín,"C. de Rodríguez Marín, 80 + C. de Rodríguez Marín, 80",28002 + 28002,,,,7 + 7,Convenience Store + Convenience Store,1,2,2,False,False,False,False,False,False,True,False,5,Convenience Store only,3,"Multiple companies, single service",11.8,1,High,Celeritas | Ctt Express + Celeritas | Ctt Express,False
MAD_LOC_001490,2,PUDO,2053,The Times Café,"Calle de José Abascal, 25",40.43892106990225,-3.6991145164818198,240,28003.0,2053 + 2241,Celeritas + Ctt Express,Convenience Stores,Privada,Premises,Madrid,Celeritas + CTT Express,Convenience stores,Private,Premises,Madrid,The Times Café + The Times Café,"Calle de José Abascal, 25 + Calle de José Abascal, 25",28003 + 28003,,,,7 + 7,Convenience Store + Convenience Store,1,2,2,False,False,False,False,False,False,True,False,5,Convenience Store only,3,"Multiple companies, single service",15.62,2,Medium,Celeritas | Ctt Express + Celeritas | Ctt Express,False
MAD_LOC_001491,2,PUDO,2054,Kiosko Eldorado,"Pl. de San Juan de la Cruz, 2",40.44133849721485,-3.69319901629388,240,28003.0,2054 + 2240,Celeritas + Ctt Express,Convenience Stores,Privada,Kiosk,Madrid,Celeritas + CTT Express,Convenience stores,Private,Kiosk,Madrid,Kiosko Eldorado + Kiosko Eldorado,"Pl. de San Juan de la Cruz, 2 + Pl. de San Juan de la Cruz, 2",28003 + 28003,,,,7 + 7,Convenience Store + Convenience Store,1,2,2,False,False,False,False,False,False,True,False,5,Convenience Store only,3,"Multiple companies, single service",18.16,2,Medium,Celeritas | Ctt Express + Celeritas | Ctt Express,False
MAD_LOC_001492,6,PUDO,2057,Kiosco Teresa Sanchez,"C. del Barquillo, 17",40.42202729999959,-3.6958609459837586,720,28004.0,2057 + 2059 + 2248 + 2640 + 2784 + 2885,Celeritas + Celeritas + Ctt Express + Gls + Nacex + UPS,Convenience Stores,Privada,Premises + Kiosk,Madrid,Celeritas + Celeritas + CTT Express + GLS + Nacex + UPS,Convenience stores,Private,Premises + Kiosk,Madrid,Kiosco Teresa Sanchez + Kiosco Teresa Sanchez + Kiosco Teresa Sanchez + Ps Kiosko Teresa Sanchez + Kiosko Teresa Sánchez (2853-12) + Kiosco De Prensa Teresa,"C. del Barquillo, 17 + C. del Barquillo, 17 + C. del Barquillo, 17 + C. del Barquillo, 17 + C. del Barquillo, 17 + C. del Barquillo, 17",28004 + 28004 + 28004 + 28004 + 28004 + 28004,,,,7 + 7 + 7 + 7 + 7 + 7,Convenience Store + Convenience Store + Convenience Store + Convenience Store + Convenience Store + Convenience Store,1,6,5,False,False,False,False,False,False,True,False,5,Convenience Store only,3,"Multiple companies, single service",22.27,2,Medium,Celeritas | Ctt Express | Gls | Nacex | UPS + Celeritas | Ctt Express | Gls | Nacex | UPS + Celeritas | Ctt Express | Gls | Nacex | UPS + Celeritas | Ctt Express | Gls | Nacex | UPS + Celeritas | Ctt Express | Gls | Nacex | UPS + Celeritas | Ctt Express | Gls | Nacex | UPS,False
MAD_LOC_001493,4,PUDO,2058,Imagen On,"C. de Pelayo, 80",40.42523633999937,-3.6964533174058625,480,28004.0,2058 + 2249 + 2639 + 2884,Celeritas + Ctt Express + Gls + UPS,Convenience Stores,Privada,Premises,Madrid,Celeritas + CTT Express + GLS + UPS,Convenience stores,Private,Premises,Madrid,Imagen On + Imagen On + Ps Imagen On + Imagen On,"C. de Pelayo, 80 + C. de Pelayo, 80 + C. de Pelayo, 80 + C. de Pelayo, 80",28004 + 28004 + 28004 + 28004,,,,7 + 7 + 7 + 7,Convenience Store + Convenience Store + Convenience Store + Convenience Store,1,4,4,False,False,False,False,False,False,True,False,5,Convenience Store only,3,"Multiple companies, single service",11.23,1,High,Celeritas | Ctt Express | Gls | UPS + Celeritas | Ctt Express | Gls | UPS + Celeritas | Ctt Express | Gls | UPS + Celeritas | Ctt Express | Gls | UPS,False
MAD_LOC_001494,2,PUDO,2063,Librería Papelería Águeda,"Calle de las Peñuelas, 26",40.4024317158257,-3.703471864592305,240,28005.0,2063 + 2258,Celeritas + Ctt Express,Convenience Stores,Privada,Premises,Madrid,Celeritas + CTT Express,Convenience stores,Private,Premises,Madrid,Librería Papelería Águeda + Librería Papelería Águeda,"Calle de las Peñuelas, 26 + Calle de las Peñuelas, 26",28005 + 28005,,,,7 + 7,Convenience Store + Convenience Store,1,2,2,False,False,False,False,False,False,True,False,5,Convenience Store only,3,"Multiple companies, single service",5.75,1,High,Celeritas | Ctt Express + Celeritas | Ctt Express,False
MAD_LOC_001495,2,PUDO,2065,Prensa Y Revistas M Paz,"P.o de las Acacias, 11",40.4044461407271,-3.704550370920945,240,28005.0,2065 + 2259,Celeritas + Ctt Express,Convenience Stores,Privada,Premises,Madrid,Celeritas + CTT Express,Convenience stores,Private,Premises,Madrid,Prensa Y Revistas M Paz + Prensa Y Revistas M Paz,"P.º de las Acacias, 11 + P.º de las Acacias, 11",28005 + 28005,,,,7 + 7,Convenience Store + Convenience Store,1,2,2,False,False,False,False,False,False,True,False,5,Convenience Store only,3,"Multiple companies, single service",7.47,1,High,Celeritas | Ctt Express + Celeritas | Ctt Express,False
MAD_LOC_001496,2,PUDO,2071,Quiosco Narvaez,"C. de Narváez, 24",40.42212389498985,-3.67616492361775,240,28009.0,2071 + 2289,Celeritas + Ctt Express,Convenience Stores,Privada,Kiosk,Madrid,Celeritas + CTT Express,Convenience stores,Private,Kiosk,Madrid,Quiosco Narvaez + Quiosco Narvaez,"C. de Narváez, 24 + C. de Narváez, 24",28009 + 28009,,,,7 + 7,Convenience Store + Convenience Store,1,2,2,False,False,False,False,False,False,True,False,5,Convenience Store only,3,"Multiple companies, single service",4.06,1,High,Celeritas | Ctt Express + Celeritas | Ctt Express,False
MAD_LOC_001497,2,PUDO,2073,Quiosco Plaza Del Doctor Laguna,"Plaza del Dr. Laguna, 1",40.41558544025765,-3.6733745994733447,240,28009.0,2073 + 2296,Celeritas + Ctt Express,Convenience Stores,Privada,Kiosk,Madrid,Celeritas + CTT Express,Convenience stores,Private,Kiosk + kiosk,Madrid,Quiosco Plaza Del Doctor Laguna + Quiosco Plaza Del Doctor Laguna,"Plaza del Dr. Laguna, 1 + Plaza del Doctor Laguna 1, 28009, Madrid",28009 + 28009,,,,7 + 7,Convenience Store + Convenience Store,1,2,2,False,False,False,False,False,False,True,False,5,Convenience Store only,3,"Multiple companies, single service",3.75,1,High,Celeritas | Ctt Express + Celeritas | Ctt Express,False
MAD_LOC_001499,2,PUDO,2075,Estanco Chamberi,"Calle de Sta Engracia, 36",40.43212854032945,-3.697241493474945,240,28010.0,2075 + 2297,Celeritas + Ctt Express,Convenience Stores,Privada,Premises,Madrid,Celeritas + CTT Express,Convenience stores,Private,Premises,Madrid,Estanco Chamberi + Estanco Chamberi,"Calle de Sta Engracia, 36 + Calle de Sta Engracia, 36",28010 + 28010,,,,7 + 7,Convenience Store + Convenience Store,1,2,2,False,False,False,False,False,False,True,False,5,Convenience Store only,3,"Multiple companies, single service",4.06,1,High,Celeritas | Ctt Express + Celeritas | Ctt Express,False
MAD_LOC_001500,2,PUDO,2079,Expendeduria 519,"C. de Guadarrama, 18",40.4110954283181,-3.73101839130886,240,28011.0,2079 + 2305,Celeritas + Ctt Express,Convenience Stores,Privada,Premises,Madrid,Celeritas + CTT Express,Convenience stores,Private,Premises,Madrid,Expendeduria 519 + Expendeduria 519,"C. de Guadarrama, 18 + C. de Guadarrama, 18",28011 + 28011,,,,7 + 7,Convenience Store + Convenience Store,1,2,2,False,False,False,False,False,False,True,False,5,Convenience Store only,3,"Multiple companies, single service",12.73,1,High,Celeritas | Ctt Express + Celeritas | Ctt Express,False
MAD_LOC_001501,2,PUDO,2081,El Estanco De Lavapies,"C. de Lavapiés, 41",40.409865498354,-3.70207827713463,240,28012.0,2081 + 2315,Celeritas + Ctt Express,Convenience Stores,Privada,Premises,Madrid,Celeritas + CTT Express,Convenience stores,Private,Premises,Madrid,El Estanco De Lavapies + El Estanco De Lavapies,"C. de Lavapiés, 41 + C. de Lavapiés, 41",28012 + 28012,,,,7 + 7,Convenience Store + Convenience Store,1,2,2,False,False,False,False,False,False,True,False,5,Convenience Store only,3,"Multiple companies, single service",21.88,2,Medium,Celeritas | Ctt Express + Celeritas | Ctt Express,False
MAD_LOC_001503,3,PUDO,2084,Shipxpress,"C. de Fernández de los Ríos, 33",40.4352149402013,-3.7083441892206466,360,28015.0,2084 + 2664 + 2920,Celeritas + Gls + UPS,Convenience Stores,Privada,Premises,Madrid,Celeritas + GLS + UPS,Convenience stores,Private,Premises,Madrid,Shipxpress + Ps Shipxpress + Shipxpress,"C. de Fernández de los Ríos, 33 + C. de Fernández de los Ríos, 33 + C. de Fernández de los Ríos, 33",28015 + 28015 + 28015,,,,7 + 7 + 7,Convenience Store + Convenience Store + Convenience Store,1,3,3,False,False,False,False,False,False,True,False,5,Convenience Store only,3,"Multiple companies, single service",8.37,1,High,Celeritas | Gls | UPS + Celeritas | Gls | UPS + Celeritas | Gls | UPS,False
MAD_LOC_001505,2,PUDO,2091,Kiosco Santiago,"C. de Sta. María Magdalena, 18",40.4637879377243,-3.67067229005011,240,28016.0,2091 + 2343,Celeritas + Ctt Express,Convenience Stores,Privada,Kiosk,Madrid,Celeritas + CTT Express,Convenience stores,Private,Kiosk,Madrid,Kiosco Santiago + Kiosco Santiago,"C. de Sta. María Magdalena, 18 + C. de Sta. María Magdalena, 18",28016 + 28016,,,,7 + 7,Convenience Store + Convenience Store,1,2,2,False,False,False,False,False,False,True,False,5,Convenience Store only,3,"Multiple companies, single service",7.48,1,High,Celeritas | Ctt Express + Celeritas | Ctt Express,False
MAD_LOC_001509,3,PUDO,2098,El Estanco De Olga,"C. del Río Ulla, 34",40.43280486728856,-3.641652466565253,360,28017.0,2098 + 2349 + 2929,Celeritas + Ctt Express + UPS,Convenience Stores,Privada,Premises,Madrid,Celeritas + CTT Express + UPS,Convenience stores,Private,Premises,Madrid,El Estanco De Olga + El Estanco De Olga + El Estanco De Olga,"C. del Río Ulla, 34 + C. del Río Ulla, 34 + C. del Río Ulla, 34",28017 + 28017 + 28017,,,,7 + 7 + 7,Convenience Store + Convenience Store + Convenience Store,1,3,3,False,False,False,False,False,False,True,False,5,Convenience Store only,3,"Multiple companies, single service",10.48,1,High,Celeritas | Ctt Express | UPS + Celeritas | Ctt Express | UPS + Celeritas | Ctt Express | UPS,False
MAD_LOC_001510,2,PUDO,2100,Estanco Torremolinos,"C. de Torremolinos, 8",40.38454174221195,-3.640972017399755,240,28018.0,2100 + 2358,Celeritas + Ctt Express,Convenience Stores,Privada,Premises,Madrid,Celeritas + CTT Express,Convenience stores,Private,Premises,Madrid,Estanco Torremolinos + Estanco Torremolinos,"C. de Torremolinos, 8 + C. de Torremolinos, 8",28018 + 28018,,,,7 + 7,Convenience Store + Convenience Store,1,2,2,False,False,False,False,False,False,True,False,5,Convenience Store only,3,"Multiple companies, single service",21.69,2,Medium,Celeritas | Ctt Express + Celeritas | Ctt Express,False
MAD_LOC_001511,2,PUDO,2101,Frutos Secos Pikoteo,"C. del Puerto de la Morcuera, 30",40.382927093070904,-3.6657792777498797,240,28018.0,2101 + 2357,Celeritas + Ctt Express,Convenience Stores,Privada,Premises,Madrid,Celeritas + CTT Express,Convenience stores,Private,Premises,Madrid,Frutos Secos Pikoteo + Frutos Secos Pikoteo,"C. del Puerto de la Morcuera, 30 + C. del Puerto de la Morcuera, 30",28018 + 28018,,,,7 + 7,Convenience Store + Convenience Store,1,2,2,False,False,False,False,False,False,True,False,5,Convenience Store only,3,"Multiple companies, single service",10.88,1,High,Celeritas | Ctt Express + Celeritas | Ctt Express,False
MAD_LOC_001512,3,PUDO,2103,Estanco 236,"C. de Jacinto Verdaguer, 36",40.3956210745146,-3.718948172770703,360,28019.0,2103 + 2371 + 2944,Celeritas + Ctt Express + UPS,Convenience Stores,Privada,Premises,Madrid,Celeritas + CTT Express + UPS,Convenience stores,Private,Premises,Madrid,Estanco 236 + Estanco 236-Madrid + Estanco 236,"C. de Jacinto Verdaguer, 36 + C. de Jacinto Verdaguer, 36 + C. de Jacinto Verdaguer, 36",28019 + 28019 + 28019,,,,7 + 7 + 7,Convenience Store + Convenience Store + Convenience Store,1,3,3,False,False,False,False,False,False,True,False,5,Convenience Store only,3,"Multiple companies, single service",20.98,2,Medium,Celeritas | Ctt Express | UPS + Celeritas | Ctt Express | UPS + Celeritas | Ctt Express | UPS,False
MAD_LOC_001513,2,PUDO,2105,Expenduduria 394,"Calle de Antonio López, 28",40.396395727825606,-3.7130821778643046,240,28019.0,2105 + 2370,Celeritas + Ctt Express,Convenience Stores,Privada,Premises,Madrid,Celeritas + CTT Express,Convenience stores,Private,Premises,Madrid,Expenduduria 394 + Expenduduria 394,"Calle de Antonio López, 28 + Calle de Antonio López, 28",28019 + 28019,,,,7 + 7,Convenience Store + Convenience Store,1,2,2,False,False,False,False,False,False,True,False,5,Convenience Store only,3,"Multiple companies, single service",3.19,1,High,Celeritas | Ctt Express + Celeritas | Ctt Express,False
MAD_LOC_001514,2,PUDO,2107,Viajes Solparaiso,"Calle de Antonio López, 61",40.3947480839191,-3.708416126543585,240,28019.0,2107 + 2368,Celeritas + Ctt Express,Convenience Stores,Privada,Premises,Madrid,Celeritas + CTT Express,Convenience stores,Private,Premises,Madrid,Viajes Solparaiso + Viajes Solparaiso,"Calle de Antonio López, 61 + Calle de Antonio López, 61",28019 + 28019,,,,7 + 7,Convenience Store + Convenience Store,1,2,2,False,False,False,False,False,False,True,False,5,Convenience Store only,3,"Multiple companies, single service",13.86,1,High,Celeritas | Ctt Express + Celeritas | Ctt Express,False
MAD_LOC_001515,3,PUDO,2109,Estanco Dulcinea,"C. de Dulcinea, 67",40.45252177772857,-3.6995856752763365,360,28020.0,2109 + 2379 + 2951,Celeritas + Ctt Express + UPS,Convenience Stores,Privada,Premises,Madrid,Celeritas + CTT Express + UPS,Convenience stores,Private,Premises,Madrid,Estanco Dulcinea + Estanco Dulcinea + Estanco Dulcinea,"C. de Dulcinea, 67 + C. de Dulcinea, 67 + C. de Dulcinea, 67",28020 + 28020 + 28020,,,,7 + 7 + 7,Convenience Store + Convenience Store + Convenience Store,1,3,3,False,False,False,False,False,False,True,False,5,Convenience Store only,3,"Multiple companies, single service",6.49,1,High,Celeritas | Ctt Express | UPS + Celeritas | Ctt Express | UPS + Celeritas | Ctt Express | UPS,False
MAD_LOC_001516,2,PUDO,2110,Expendeduria 330 Madrid,"Av. del General Perón, 16",40.45240495341235,-3.696928279823815,240,28020.0,2110 + 2381,Celeritas + Ctt Express,Convenience Stores,Privada,Premises,Madrid,Celeritas + CTT Express,Convenience stores,Private,Premises,Madrid,Expendeduria 330 Madrid + Expendeduria 330 Madrid.,"Av. del General Perón, 16 + Av. del General Perón, 16",28020 + 28020,,,,7 + 7,Convenience Store + Convenience Store,1,2,2,False,False,False,False,False,False,True,False,5,Convenience Store only,3,"Multiple companies, single service",4.06,1,High,Celeritas | Ctt Express + Celeritas | Ctt Express,False
MAD_LOC_001517,2,PUDO,2111,Kiosco Ronda,"C. de Orense, 33",40.45330750525375,-3.6951478091813303,240,28020.0,2111 + 2377,Celeritas + Ctt Express,Convenience Stores,Privada,Kiosk,Madrid,Celeritas + CTT Express,Convenience stores,Private,Kiosk,Madrid,Kiosco Ronda + Kiosco Ronda,"C. de Orense, 33 + C. de Orense, 33",28020 + 28020,,,,7 + 7,Convenience Store + Convenience Store,1,2,2,False,False,False,False,False,False,True,False,5,Convenience Store only,3,"Multiple companies, single service",4.54,1,High,Celeritas | Ctt Express + Celeritas | Ctt Express,False
MAD_LOC_001518,2,PUDO,2113,Estanco 692 Infanta Mercedes,"C. de la Infanta Mercedes, 10",40.4543280017748,-3.698887693636445,240,28020.0,2113 + 2382,Celeritas + Ctt Express,Convenience Stores,Privada,Premises,Madrid,Celeritas + CTT Express,Convenience stores,Private,Premises,Madrid,Estanco 692 Infanta Mercedes + Estanco 692 Infanta Mercedes,"C. de la Infanta Mercedes, 10 + C. de la Infanta Mercedes, 10",28020 + 28020,,,,7 + 7,Convenience Store + Convenience Store,1,2,2,False,False,False,False,False,False,True,False,5,Convenience Store only,3,"Multiple companies, single service",3.74,1,High,Celeritas | Ctt Express + Celeritas | Ctt Express,False
MAD_LOC_001519,2,PUDO,2115,Alvera Impresión,"C. de San Germán, 72",40.45772573893555,-3.7007882514103603,240,28020.0,2115 + 2383,Celeritas + Ctt Express,Convenience Stores,Privada,Premises,Madrid,Celeritas + CTT Express,Convenience stores,Private,Premises,Madrid,Alvera Impresión + Alvera Impresión,"C. de San Germán, 72 + C. de San Germán, 72",28020 + 28020,,,,7 + 7,Convenience Store + Convenience Store,1,2,2,False,False,False,False,False,False,True,False,5,Convenience Store only,3,"Multiple companies, single service",10.89,1,High,Celeritas | Ctt Express + Celeritas | Ctt Express,False
MAD_LOC_001522,2,PUDO,2124,Fundiland,"C. Limonita, 5",40.343982690845905,-3.6751335138308248,240,28021.0,2124 + 2964,Celeritas + UPS,Convenience Stores,Privada,Premises,Madrid,Celeritas + UPS,Convenience stores,Private,Premises,Madrid,Fundiland + Fnx-Fundiland,"C. Limonita, 5 + C. Limonita, 5",28021 + 28021,,,,7 + 7,Convenience Store + Convenience Store,1,2,2,False,False,False,False,False,False,True,False,5,Convenience Store only,3,"Multiple companies, single service",0.86,1,High,Celeritas | UPS + Celeritas | UPS,False
MAD_LOC_001523,2,PUDO,2133,Expendeduria 255,"C. Valderrobres, 4",40.4446968893675,-3.611243108814535,240,28022.0,2133 + 2399,Celeritas + Ctt Express,Convenience Stores,Privada,Premises,Madrid,Celeritas + CTT Express,Convenience stores,Private,Premises,Madrid,Expendeduria 255 + Expendeduria 255,"C. Valderrobres, 4 + C. Valderrobres, 4",28022 + 28022,,,,7 + 7,Convenience Store + Convenience Store,1,2,2,False,False,False,False,False,False,True,False,5,Convenience Store only,3,"Multiple companies, single service",2.83,1,High,Celeritas | Ctt Express + Celeritas | Ctt Express,False
MAD_LOC_001524,3,PUDO,2137,Nelpa,"C. de Galicia, 3",40.397388603130565,-3.7710270092052904,360,28024.0,2137 + 2409 + 2418,Celeritas + Ctt Express + Ctt Express,Convenience Stores,Privada,Premises,Madrid,Celeritas + CTT Express + CTT Express,Convenience stores,Private,Premises,Madrid,Nelpa + Nelpa + Locutorio Azua,"C. de Galicia, 3 + C. de Galicia, 3 + C. de Galicia, 3",28024 + 28024 + 28024,,,,7 + 7 + 7,Convenience Store + Convenience Store + Convenience Store,1,3,2,False,False,False,False,False,False,True,False,5,Convenience Store only,3,"Multiple companies, single service",18.25,2,Medium,Celeritas | Ctt Express + Celeritas | Ctt Express + Celeritas | Ctt Express,False
MAD_LOC_001528,2,PUDO,2147,Estanco 404 De Madrid,"C. de Alcalá, 461",40.4394773307029,-3.63389164759493,240,28027.0,2147 + 2442,Celeritas + Ctt Express,Convenience Stores,Privada,Premises,Madrid,Celeritas + CTT Express,Convenience stores,Private,Premises,Madrid,Estanco 404 De Madrid + Estanco 404 De Madrid,"C. de Alcalá, 461 + C. de Alcalá, 461",28027 + 28027,,,,7 + 7,Convenience Store + Convenience Store,1,2,2,False,False,False,False,False,False,True,False,5,Convenience Store only,3,"Multiple companies, single service",28.36,2,Medium,Celeritas | Ctt Express + Celeritas | Ctt Express,False
MAD_LOC_001529,2,PUDO,2149,Kiosco Galindo,"Pl. de América Española, 2",40.42936018502955,-3.66237960146025,240,28028.0,2149 + 2449,Celeritas + Ctt Express,Convenience Stores,Privada,Kiosk,Madrid,Celeritas + CTT Express,Convenience stores,Private,Kiosk,Madrid,Kiosco Galindo + Kiosco Galindo,"Pl. de América Española, 2 + Pl. de América Española, 2",28028 + 28028,,,,7 + 7,Convenience Store + Convenience Store,1,2,2,False,False,False,False,False,False,True,False,5,Convenience Store only,3,"Multiple companies, single service",2.57,1,High,Celeritas | Ctt Express + Celeritas | Ctt Express,False
MAD_LOC_001531,2,PUDO,2152,The Phone Shop,"C. de Cartagena, 5",40.43133534347555,-3.6707122365470504,240,28028.0,2152 + 2450,Celeritas + Ctt Express,Convenience Stores,Privada,Premises,Madrid,Celeritas + CTT Express,Convenience stores,Private,Premises,Madrid,The Phone Shop + The Phone Shop,"C. de Cartagena, 5 + C. de Cartagena, 5",28028 + 28028,,,,7 + 7,Convenience Store + Convenience Store,1,2,2,False,False,False,False,False,False,True,False,5,Convenience Store only,3,"Multiple companies, single service",20.71,2,Medium,Celeritas | Ctt Express + Celeritas | Ctt Express,False
MAD_LOC_001532,2,PUDO,2155,Kiosco Prensa Maria Luisa,"C/ de Ribadavia, 29",40.47316978976655,-3.708322971904905,240,28029.0,2155 + 2459,Celeritas + Ctt Express,Convenience Stores,Privada,Kiosk,Madrid,Celeritas + CTT Express,Convenience stores,Private,Kiosk,Madrid,Kiosco Prensa Maria Luisa + Kiosco Prensa Maria Luisa,"C/ de Ribadavia, 29 + C/ de Ribadavia, 29",28029 + 28029,,,,7 + 7,Convenience Store + Convenience Store,1,2,2,False,False,False,False,False,False,True,False,5,Convenience Store only,3,"Multiple companies, single service",4.06,1,High,Celeritas | Ctt Express + Celeritas | Ctt Express,False
MAD_LOC_001533,3,PUDO,2157,Quiosco Prensa Pablo,C. de Melchor Fernández Almagro & C. de la Villa de Marín,40.478079378945104,-3.6990636947105773,360,28029.0,2157 + 2461 + 2801,Celeritas + Ctt Express + Nacex,Convenience Stores,Privada,Kiosk,Madrid,Celeritas + CTT Express + Nacex,Convenience stores,Private,Kiosk,Madrid,Quiosco Prensa Pablo + Quiosco Prensa Pablo + Quiosco Pablo (2845-06),C. de Melchor Fernández Almagro & C. de la Villa de Marín + C. de Melchor Fernández Almagro & C. de la Villa de Marín + C. de Melchor Fernández Almagro & C. de la Villa de Marín,28029 + 28029 + 28029,,,,7 + 7 + 7,Convenience Store + Convenience Store + Convenience Store,1,3,3,False,False,False,False,False,False,True,False,5,Convenience Store only,3,"Multiple companies, single service",7.48,1,High,Celeritas | Ctt Express | Nacex + Celeritas | Ctt Express | Nacex + Celeritas | Ctt Express | Nacex,False
MAD_LOC_001534,2,PUDO,2159,Expendeduria Tabacos 793,"Cl. de la Hacienda de Pavones, 144",40.402788380248055,-3.6428608802930302,240,28030.0,2159 + 2471,Celeritas + Ctt Express,Convenience Stores,Privada,Premises,Madrid,Celeritas + CTT Express,Convenience stores,Private,Premises,Madrid,Expendeduria Tabacos 793 + Expendeduria Tabacos 793,"Cl. de la Hacienda de Pavones, 144 + Cl. de la Hacienda de Pavones, 144",28030 + 28030,,,,7 + 7,Convenience Store + Convenience Store,1,2,2,False,False,False,False,False,False,True,False,5,Convenience Store only,3,"Multiple companies, single service",12.73,1,High,Celeritas | Ctt Express + Celeritas | Ctt Express,False
MAD_LOC_001536,2,PUDO,2168,Bar Caffetteria La Margarita,"C. Villardondiego, 21",40.4069208819616,-3.6080900401595404,240,28032.0,2168 + 2489,Celeritas + Ctt Express,Convenience Stores,Privada,Premises,Madrid,Celeritas + CTT Express,Convenience stores,Private,Premises,Madrid,Bar Caffetteria La Margarita + Bar Caffetteria La Margarita,"C. Villardondiego, 21 + C. Villardondiego, 21",28032 + 28032,,,,7 + 7,Convenience Store + Convenience Store,1,2,2,False,False,False,False,False,False,True,False,5,Convenience Store only,3,"Multiple companies, single service",15.89,2,Medium,Celeritas | Ctt Express + Celeritas | Ctt Express,False
MAD_LOC_001538,2,PUDO,2177,Kiosco De Prensa,"C. de Ramón Gómez de la Serna, 105",40.48305465597005,-3.7262847189562303,240,28035.0,2177 + 2509,Celeritas + Ctt Express,Convenience Stores,Privada,Kiosk,Madrid,Celeritas + CTT Express,Convenience stores,Private,Kiosk,Madrid,Kiosco De Prensa + Kiosco De Prensa,"C. de Ramón Gómez de la Serna, 105 + C. de Ramón Gómez de la Serna, 105",28035 + 28035,,,,7 + 7,Convenience Store + Convenience Store,1,2,2,False,False,False,False,False,False,True,False,5,Convenience Store only,3,"Multiple companies, single service",13.82,1,High,Celeritas | Ctt Express + Celeritas | Ctt Express,False
MAD_LOC_001539,2,PUDO,2179,Kiosco Av Burgos 8,"Av. de Burgos, 8",40.4735865911254,-3.675376505460875,240,28036.0,2179 + 2511,Celeritas + Ctt Express,Convenience Stores,Privada,Kiosk,Madrid,Celeritas + CTT Express,Convenience stores,Private,Kiosk,Madrid,Kiosco Av Burgos 8 + Kiosco Av Burgos 8,"Av. de Burgos, 8 + Av. de Burgos, 8",28036 + 28036,,,,7 + 7,Convenience Store + Convenience Store,1,2,2,False,False,False,False,False,False,True,False,5,Convenience Store only,3,"Multiple companies, single service",7.7,1,High,Celeritas | Ctt Express + Celeritas | Ctt Express,False
MAD_LOC_001543,2,PUDO,2184,Autoescuela Alamo Xtreme,"Plaza Obra, 4",40.427201453147205,-3.6156369825624246,240,28037.0,2184 + 2515,Celeritas + Ctt Express,Convenience Stores,Privada,Premises,Madrid,Celeritas + CTT Express,Convenience stores,Private,Premises,Madrid,Autoescuela Alamo Xtreme + Autoescuela Alamo Xtreme,"Plaza Obra, 4 + Plaza Obra, 4",28037 + 28037,,,,7 + 7,Convenience Store + Convenience Store,1,2,2,False,False,False,False,False,False,True,False,5,Convenience Store only,3,"Multiple companies, single service",12.05,1,High,Celeritas | Ctt Express + Celeritas | Ctt Express,False
MAD_LOC_001545,2,PUDO,2187,Kiosco Armenteros,"C. de los Andaluces, 18",40.3902790472697,-3.6390694576424,240,28038.0,2187 + 2524,Celeritas + Ctt Express,Convenience Stores,Privada,Kiosk,Madrid,Celeritas + CTT Express,Convenience stores,Private,Kiosk,Madrid,Kiosco Armenteros + Kiosco Armenteros,"C. de los Andaluces, 18 + C. de los Andaluces, 18",28038 + 28038,,,,7 + 7,Convenience Store + Convenience Store,1,2,2,False,False,False,False,False,False,True,False,5,Convenience Store only,3,"Multiple companies, single service",24.6,2,Medium,Celeritas | Ctt Express + Celeritas | Ctt Express,False
MAD_LOC_001546,2,PUDO,2189,Estanco 429,"Av. de Peña Prieta, 20",40.399754667524704,-3.667343907528265,240,28038.0,2189 + 2522,Celeritas + Ctt Express,Convenience Stores,Privada,Premises,Madrid,Celeritas + CTT Express,Convenience stores,Private,Premises,Madrid,Estanco 429 + Estanco 429,"Av. de Peña Prieta, 20 + Av. de Peña Prieta, 20",28038 + 28038,,,,7 + 7,Convenience Store + Convenience Store,1,2,2,False,False,False,False,False,False,True,False,5,Convenience Store only,3,"Multiple companies, single service",7.08,1,High,Celeritas | Ctt Express + Celeritas | Ctt Express,False
MAD_LOC_001547,3,PUDO,2190,Papeleria Irasi,"C/ de León Felipe, 6",40.3882498683955,-3.6383734342964265,360,28038.0,2190 + 2523 + 2755,Celeritas + Ctt Express + Gls,Convenience Stores,Privada,Premises,Madrid,Celeritas + CTT Express + GLS,Convenience stores,Private,Premises,Madrid,Papeleria Irasi + Papeleria Irasi + Ps Papeleria Irasi,"C/ de León Felipe, 6 + C/ de León Felipe, 6 + C/ de León Felipe, 6, PORTAL 1",28038 + 28038 + 28038,,,,7 + 7 + 7,Convenience Store + Convenience Store + Convenience Store,1,3,3,False,False,False,False,False,False,True,False,5,Convenience Store only,3,"Multiple companies, single service",20.79,2,Medium,Celeritas | Ctt Express | Gls + Celeritas | Ctt Express | Gls + Celeritas | Ctt Express | Gls,False
MAD_LOC_001548,2,PUDO,2191,Estanco 188 Madrid,"C. de Francos Rodríguez, 50",40.4572591550081,-3.7061626567412,240,28039.0,2191 + 2532,Celeritas + Ctt Express,Convenience Stores,Privada,Premises,Madrid,Celeritas + CTT Express,Convenience stores,Private,Premises,Madrid,Estanco 188 Madrid + Estanco 188 Madrid,"C. de Francos Rodríguez, 50 + C. de Francos Rodríguez, 50",28039 + 28039,,,,7 + 7,Convenience Store + Convenience Store,1,2,2,False,False,False,False,False,False,True,False,5,Convenience Store only,3,"Multiple companies, single service",20.05,2,Medium,Celeritas | Ctt Express + Celeritas | Ctt Express,False
MAD_LOC_001551,2,PUDO,2197,Bar Kalanda,"Calle de Calanda, 12",40.4608045390664,-3.643968251934485,240,28043.0,2197 + 2559,Celeritas + Ctt Express,Convenience Stores,Privada,Premises,Madrid,Celeritas + CTT Express,Convenience stores,Private,Premises,Madrid,Bar Kalanda + Bar Kalanda,"Calle de Calanda, 12 + Calle de Calanda, 12",28043 + 28043,,,,7 + 7,Convenience Store + Convenience Store,1,2,2,False,False,False,False,False,False,True,False,5,Convenience Store only,3,"Multiple companies, single service",9.52,1,High,Celeritas | Ctt Express + Celeritas | Ctt Express,False
MAD_LOC_001552,2,PUDO,2203,Perfumeria Las Cruces,"C. Condesa de Teba, 5",40.373430838972354,-3.757600989958455,240,28044.0,2203 + 2568,Celeritas + Ctt Express,Convenience Stores,Privada,Premises,Madrid,Celeritas + CTT Express,Convenience stores,Private,Premises,Madrid,Perfumeria Las Cruces + Perfumeria Las Cruces,"C. Condesa de Teba, 5 + C. Condesa de Teba, 5",28044 + 28044,,,,7 + 7,Convenience Store + Convenience Store,1,2,2,False,False,False,False,False,False,True,False,5,Convenience Store only,3,"Multiple companies, single service",1.84,1,High,Celeritas | Ctt Express + Celeritas | Ctt Express,False
MAD_LOC_001553,2,PUDO,2204,Tu Librería,"C. de Bolívar, 7, Local 2 7",40.39184838313515,-3.69385239828978,240,28045.0,2204 + 2578,Celeritas + Ctt Express,Convenience Stores,Privada,Premises,Madrid,Celeritas + CTT Express,Convenience stores,Private,Premises,Madrid,Tu Librería + Tu Librería,"C. de Bolívar, 7, Local 2 7 + C. de Bolívar, 7, LOCAL 2 7",28045 + 28045,,,,7 + 7,Convenience Store + Convenience Store,1,2,2,False,False,False,False,False,False,True,False,5,Convenience Store only,3,"Multiple companies, single service",10.37,1,High,Celeritas | Ctt Express + Celeritas | Ctt Express,False
MAD_LOC_001554,2,PUDO,2206,Copiserve Madrid,"C. de Alejandro Ferrant, 1",40.39557406904645,-3.694196702726165,240,28045.0,2206 + 2576,Celeritas + Ctt Express,Convenience Stores,Privada,Premises,Madrid,Celeritas + CTT Express,Convenience stores,Private,Premises,Madrid,Copiserve Madrid + Copiserve Madrid,"C. de Alejandro Ferrant, 1 + C. de Alejandro Ferrant, 1",28045 + 28045,,,,7 + 7,Convenience Store + Convenience Store,1,2,2,False,False,False,False,False,False,True,False,5,Convenience Store only,3,"Multiple companies, single service",10.6,1,High,Celeritas | Ctt Express + Celeritas | Ctt Express,False
MAD_LOC_001558,2,PUDO,2215,Ferreteria Silos,"C. del Arroyo del Monte, 127",40.4948434916607,-3.7208700922925,240,28049.0,2215 + 2600,Celeritas + Ctt Express,Convenience Stores,Privada,Premises,Madrid,Celeritas + CTT Express,Convenience stores,Private,Premises,Madrid,Ferreteria Silos + Ferreteria Silos,"C. del Arroyo del Monte, 127 + C. del Arroyo del Monte, 127",28049 + 28049,,,,7 + 7,Convenience Store + Convenience Store,1,2,2,False,False,False,False,False,False,True,False,5,Convenience Store only,3,"Multiple companies, single service",26.68,2,Medium,Celeritas | Ctt Express + Celeritas | Ctt Express,False
MAD_LOC_001559,2,PUDO,2216,Exp. No 897 Estanco Las Tablas,"C. de Furelos, 1",40.5063950170758,-3.66519146453391,240,28050.0,2216 + 2604,Celeritas + Ctt Express,Convenience Stores,Privada,Premises,Madrid,Celeritas + CTT Express,Convenience stores,Private,Premises,Madrid,Exp. Nº 897 Estanco Las Tablas + Exp. Nº 897 Estanco Las Tablas,"C. de Furelos, 1 + C. de Furelos, 1",28050 + 28050,,,,7 + 7,Convenience Store + Convenience Store,1,2,2,False,False,False,False,False,False,True,False,5,Convenience Store only,3,"Multiple companies, single service",27.32,2,Medium,Celeritas | Ctt Express + Celeritas | Ctt Express,False
MAD_LOC_001560,3,PUDO,2217,Estanco Las Tablas - Expendeduría 896,"C. San Juan de Ortega, 108",40.508121794201465,-3.674782056910473,360,28050.0,2217 + 2605 + 2843,Celeritas + Ctt Express + Nacex,Convenience Stores,Privada,Premises,Madrid,Celeritas + CTT Express + Nacex,Convenience stores,Private,Premises,Madrid,Estanco Las Tablas - Expendeduría 896 + Estanco Las Tablas - Expendeduría 896 + Estanco Las Tablas (2841-05),"C. San Juan de Ortega, 108 + C. San Juan de Ortega, 108 + C. San Juan de Ortega, 108",28050 + 28050 + 28050,,,,7 + 7 + 7,Convenience Store + Convenience Store + Convenience Store,1,3,3,False,False,False,False,False,False,True,False,5,Convenience Store only,3,"Multiple companies, single service",3.69,1,High,Celeritas | Ctt Express | Nacex + Celeritas | Ctt Express | Nacex + Celeritas | Ctt Express | Nacex,False
MAD_LOC_001565,2,PUDO,2222,Naz Beauty,"C. Palmeral de Elche, 6",40.3652345827508,-3.7623384400769497,240,28054.0,2222 + 2619,Celeritas + Ctt Express,Convenience Stores,Privada,Premises,Madrid,Celeritas + CTT Express,Convenience stores,Private,Premises,Madrid,Naz Beauty + Naz Beauty,"C. Palmeral de Elche, 6 + C. Palmeral de Elche, 6",28054 + 28055,,,,7 + 7,Convenience Store + Convenience Store,1,2,2,False,False,False,False,False,False,True,False,5,Convenience Store only,3,"Multiple companies, single service",0.91,1,High,Celeritas | Ctt Express + Celeritas | Ctt Express,False
MAD_LOC_001569,2,PUDO,2251,Estanco Madrid-161,"C. del Pez, 40",40.42452364619585,-3.706991982625005,240,28004.0,2251 + 2253,Ctt Express + Ctt Express,Convenience Stores,Privada,Premises,Madrid,CTT Express + CTT Express,Convenience stores,Private,Premises,Madrid,Estanco Madrid-161 + Estanco Pez,"C. del Pez, 40 + Calle del Pez 40, 28004, Madrid",28004 + 28004,,,,7 + 7,Convenience Store + Convenience Store,1,2,1,False,False,False,False,False,False,True,False,5,Convenience Store only,2,"Same company, multiple records",9.03,1,High,Ctt Express + Ctt Express,False
MAD_LOC_001571,3,PUDO,2254,La Huerta Del Gato,"P.o de la Esperanza, 47",40.39914119359883,-3.7026688698488734,360,28005.0,2254 + 2631 + 2779,Ctt Express + Gls + Nacex,Convenience Stores,Privada,Premises,Madrid,CTT Express + GLS + Nacex,Convenience stores,Private,Premises,Madrid,La Huerta Del Gato + Ps La Huerta Del Gato + La Huerta Del Gato (2850-07),"P.º de la Esperanza, 47 + P.º de la Esperanza, 47 + P.º de la Esperanza, 47",28005 + 28005 + 28005,,,,7 + 7 + 7,Convenience Store + Convenience Store + Convenience Store,1,3,3,False,False,False,False,False,False,True,False,5,Convenience Store only,3,"Multiple companies, single service",14.19,1,High,Ctt Express | Gls | Nacex + Ctt Express | Gls | Nacex + Ctt Express | Gls | Nacex,False
MAD_LOC_001574,2,PUDO,2269,Logitec Global Sl,"C. del Gral. Oráa, 59",40.43614744647695,-3.677966537150115,240,28006.0,2269 + 2762,Ctt Express + Mail Boxes Etc,Convenience Stores + Lsp Pudos,Privada,Premises,Madrid,CTT Express + Mail Boxes ETC,Convenience stores + LSP PUDOs,Private,Premises,Madrid,Logitec Global Sl + Mbe 3379,"C. del Gral. Oráa, 59 + C. del Gral. Oráa, 59",28006 + 28006,,,,7 + 2,Convenience Store + PUDO,1,2,2,False,True,False,False,False,False,True,False,7,Multiple services,4,"Multiple companies, multiple services",4.89,1,High,Ctt Express | Mail Boxes Etc + Ctt Express | Mail Boxes Etc,False
MAD_LOC_001577,3,PUDO,2273,Kiosko Gutierrez,"C. de José Ortega y Gasset, 68",40.42987886929243,-3.674550908921957,360,28006.0,2273 + 2623 + 2646,Ctt Express + Gls + Gls,Convenience Stores,Privada,Kiosk,Madrid,CTT Express + GLS + GLS,Convenience stores,Private,Kiosk,Madrid,Kiosko Gutierrez + Ps Kiosko Gutierrez + Ps Gls Dis Kiosko Gutierrez,"C. de José Ortega y Gasset, 68 + C. de José Ortega y Gasset, 68 + C. de José Ortega y Gasset, 68",28006 + 28006 + 28006,,,,7 + 7 + 7,Convenience Store + Convenience Store + Convenience Store,1,3,2,False,False,False,False,False,False,True,False,5,Convenience Store only,3,"Multiple companies, single service",10.94,1,High,Ctt Express | Gls + Ctt Express | Gls + Ctt Express | Gls,False
MAD_LOC_001590,2,PUDO,2301,To Refill Chamberí.,"Calle de Zurbano, 54",40.434545296195296,-3.692979204633525,240,28010.0,2301 + 2653,Ctt Express + Gls,Convenience Stores,Privada,Premises,Madrid,CTT Express + GLS,Convenience stores,Private,Premises,Madrid,To Refill Chamberí. + Ps To Refill,"Calle de Zurbano, 54 + Calle de Zurbano, 54",28010 + 28010,,,,7 + 7,Convenience Store + Convenience Store,1,2,2,False,False,False,False,False,False,True,False,5,Convenience Store only,3,"Multiple companies, single service",5.74,1,High,Ctt Express | Gls + Ctt Express | Gls,False
MAD_LOC_001603,2,PUDO,2331,Sae Vigo,"C. de las Infantas, 1",40.42136531792425,-3.70102794380288,240,28014.0,2331 + 2644,Ctt Express + Gls,Convenience Stores,Privada,Premises,Madrid,CTT Express + GLS,Convenience stores,Private,Premises,Madrid,Sae Vigo + Ps Moex Fuencarral,"C. de las Infantas, 1 + C. de las Infantas, 1",28014 + 28004,,,,7 + 7,Convenience Store + Convenience Store,1,2,2,False,False,False,False,False,False,True,False,5,Convenience Store only,3,"Multiple companies, single service",6.2,1,High,Ctt Express | Gls + Ctt Express | Gls,False
MAD_LOC_001611,2,PUDO,2350,Origen Place.,"C. de Gutierre de Cetina, 73",40.4306157538098,-3.641404431524375,240,28017.0,2350 + 2745,Ctt Express + Gls,Convenience Stores,Privada,Premises,Madrid,CTT Express + GLS,Convenience stores,Private,Premises,Madrid,Origen Place. + Ps Origen Place,"C. de Gutierre de Cetina, 73 + C. de Gutierre de Cetina, 73",28017 + 28017,,,,7 + 7,Convenience Store + Convenience Store,1,2,2,False,False,False,False,False,False,True,False,5,Convenience Store only,3,"Multiple companies, single service",8.23,1,High,Ctt Express | Gls + Ctt Express | Gls,False
MAD_LOC_001629,2,PUDO,2420,Locutorio Internet.,"P.o de Marcelino Camacho, 54",40.3875356534778,-3.743553893226215,240,28025.0,2420 + 2983,Ctt Express + UPS,Convenience Stores,Privada,Premises,Madrid,CTT Express + UPS,Convenience stores,Private,Premises,Madrid,Locutorio Internet. + Full-Locutorio Internet,"P.º de Marcelino Camacho, 54 + P.º de Marcelino Camacho, 54",28025 + 28025,,,,7 + 7,Convenience Store + Convenience Store,1,2,2,False,False,False,False,False,False,True,False,5,Convenience Store only,3,"Multiple companies, single service",3.22,1,High,Ctt Express | UPS + Ctt Express | UPS,False
MAD_LOC_001633,2,PUDO,2432,Parada Amarilla Olvido,"C. del Olvido, 29",40.386052180452154,-3.70249043924417,240,28026.0,2432 + 2988,Ctt Express + UPS,Convenience Stores,Privada,Premises,Madrid,CTT Express + UPS,Convenience stores,Private,Premises,Madrid,Parada Amarilla Olvido + Parada Amarilla,"C. del Olvido, 29 + C. de Manuel Muñoz, 6",28026 + 28026,,,,7 + 7,Convenience Store + Convenience Store,1,2,2,False,False,False,False,False,False,True,False,5,Convenience Store only,3,"Multiple companies, single service",23.57,2,Medium,Ctt Express | UPS + Ctt Express | UPS,False
MAD_LOC_001636,2,PUDO,2443,Bar Cafe 204,"C. de Emilio Gastesi Fernández, 22",40.4360721441831,-3.64703374187379,240,28027.0,2443 + 2995,Ctt Express + UPS,Convenience Stores,Privada,Premises,Madrid,CTT Express + UPS,Convenience stores,Private,Premises,Madrid,Bar Cafe 204 + Cafe 204,"C. de Emilio Gastesi Fernández, 22 + C. de Emilio Gastesi Fernández, 22",28027 + 28027,,,,7 + 7,Convenience Store + Convenience Store,1,2,2,False,False,False,False,False,False,True,False,5,Convenience Store only,3,"Multiple companies, single service",20.11,2,Medium,Ctt Express | UPS + Ctt Express | UPS,False
MAD_LOC_001644,2,PUDO,2464,Mini Market Las Delicias,"C. de La Bañeza, 11",40.47656303947785,-3.71292834194769,240,28029.0,2464 + 2467,Ctt Express + Ctt Express,Convenience Stores,Privada,Premises,Madrid,CTT Express + CTT Express,Convenience stores,Private,Premises,Madrid,Mini Market Las Delicias + Mini Market Las Delicias,"C. de La Bañeza, 11 + C. de La Bañeza, 11, L10",28029 + 28029,,,,7 + 7,Convenience Store + Convenience Store,1,2,1,False,False,False,False,False,False,True,False,5,Convenience Store only,2,"Same company, multiple records",27.24,2,Medium,Ctt Express + Ctt Express,False
MAD_LOC_001657,2,PUDO,2506,Y&R Estilo Peluquería Dominicana,"Calle de Ntra. Sra. de Valverde, 21",40.49307478206395,-3.68713654366078,240,28034.0,2506 + 3035,Ctt Express + UPS,Convenience Stores,Privada,Premises,Madrid,CTT Express + UPS,Convenience stores,Private,Premises,Madrid,Y&R Estilo Peluquería Dominicana + Locunet Sl,"Calle de Ntra. Sra. de Valverde, 21 + C. de las Islas Bermudas, 1",28034 + 28034,,,,7 + 7,Convenience Store + Convenience Store,1,2,2,False,False,False,False,False,False,True,False,5,Convenience Store only,3,"Multiple companies, single service",10.0,1,High,Ctt Express | UPS + Ctt Express | UPS,False
MAD_LOC_001683,2,PUDO,2551,Ecuazaruma Sociedad Limitada,"C/ de la Giralda, 5",40.374774677331104,-3.691534740556855,240,28041.0,2551 + 2694,Ctt Express + Gls,Convenience Stores,Privada,Premises,Madrid,CTT Express + GLS,Convenience stores,Private,Premises,Madrid,Ecuazaruma Sociedad Limitada + Ps Locutorio M And I,"C/ de la Giralda, 5 + C/ de la Giralda, 5",28041 + 28041,,,,7 + 7,Convenience Store + Convenience Store,1,2,2,False,False,False,False,False,False,True,False,5,Convenience Store only,3,"Multiple companies, single service",3.78,1,High,Ctt Express | Gls + Ctt Express | Gls,False
MAD_LOC_001685,2,PUDO,2556,Consentirme,"C. Canal de Suez, 9",40.472058057213346,-3.58034744756566,240,28042.0,2556 + 2852,Ctt Express + Nacex,Convenience Stores,Privada,Premises,Madrid,CTT Express + Nacex,Convenience stores,Private,Premises,Madrid,Consentirme + Consentirme (2881-09),"C. Canal de Suez, 9 + C. Canal de Suez, 9",28042 + 28042,,,,7 + 7,Convenience Store + Convenience Store,1,2,2,False,False,False,False,False,False,True,False,5,Convenience Store only,3,"Multiple companies, single service",10.61,1,High,Ctt Express | Nacex + Ctt Express | Nacex,False
MAD_LOC_001711,2,PUDO,2633,Lockers Pdn Gls Villanueva,"C. de Villanueva, 43",40.4226006355577,-3.68190339222371,180,28001.0,2633 + 2637,Gls + Gls,Locker + Lsp Pudos,Privada,Premises,Madrid,GLS + GLS,Lockers + LSP PUDOs,Private,Premises,Madrid,Lockers Pdn Gls Villanueva + Gls Parcel Shop,"C. de Villanueva, 43 + C. de Villanueva, 43",28001 + 28001,,,,1 + 2,Locker + PUDO,1,2,1,True,True,False,False,False,False,False,False,3,Locker and PUDO,2,"Same company, multiple records",0.0,1,High,Gls + Gls,False
MAD_LOC_001715,2,PUDO,2645,Ps Multiservicios Silvela,"C/ de Francisco Silvela, 96",40.43882570947515,-3.6783158164735648,240,28002.0,2645 + 2649,Gls + Gls,Convenience Stores,Privada,Premises,Madrid,GLS + GLS,Convenience stores,Private,Premises,Madrid,Ps Multiservicios Silvela + Ps Multiservicios Silvela,"C/ de Francisco Silvela, 96 + C/ de Francisco Silvela, 96",28002 + 28006,,,,7 + 7,Convenience Store + Convenience Store,1,2,1,False,False,False,False,False,False,True,False,5,Convenience Store only,2,"Same company, multiple records",2.87,1,High,Gls + Gls,False
MAD_LOC_001728,2,PUDO,2682,Ps Max Envios,"Pl. de Ribadeo, 1",40.4778219129334,-3.7106683027172203,240,28029.0,2682 + 3011,Gls + UPS,Convenience Stores,Privada,Premises,Madrid,GLS + UPS,Convenience stores,Private,Premises,Madrid,Ps Max Envios + Max Envios Locutorio,"Pl. de Ribadeo, 1 + Pl. de Ribadeo, 1",28029 + 28029,,,,7 + 7,Convenience Store + Convenience Store,1,2,2,False,False,False,False,False,False,True,False,5,Convenience Store only,3,"Multiple companies, single service",16.32,2,Medium,Gls | UPS + Gls | UPS,False
MAD_LOC_001735,2,PUDO,2695,Ps Armeria Gran Avenida,"C. Gran Avenida, 18",40.369262720435,-3.7084376578903,240,28041.0,2695 + 3059,Gls + UPS,Convenience Stores,Privada,Premises,Madrid,GLS + UPS,Convenience stores,Private,Premises,Madrid,Ps Armeria Gran Avenida + Kanguro Armeria Gran Avenida,"C. Gran Avenida, 18 + C. Gran Avenida, 18",28041 + 28041,,,,7 + 7,Convenience Store + Convenience Store,1,2,2,False,False,False,False,False,False,True,False,5,Convenience Store only,3,"Multiple companies, single service",29.8,2,Medium,Gls | UPS + Gls | UPS,False
MAD_LOC_001741,2,PUDO,2707,Ps Mercachip,Calle de la Huerta de Castañeda 40,40.405399390265345,-3.742372438216605,240,28011.0,2707 + 2708,Gls + Gls,Convenience Stores,Privada,Premises,Madrid,GLS + GLS,Convenience stores,Private,Premises,Madrid,Ps Mercachip + Ps J.L.S. Pinturas,Calle de la Huerta de Castañeda 40 + Calle Higueras 36,28011 + 28047,,,,7 + 7,Convenience Store + Convenience Store,1,2,1,False,False,False,False,False,False,True,False,5,Convenience Store only,2,"Same company, multiple records",2.15,1,High,Gls + Gls,False
MAD_LOC_001749,2,PUDO,2726,Ps Lucia & Co Nuevo,Calle Barlovento 30,40.419648095504996,-3.797113578202745,240,28223.0,2726 + 3200,Gls + Pudo,Convenience Stores + Click&Collect,Privada,Premises + Mall,Madrid,GLS + PUDO,Convenience stores + Click&Collect,Private,Premises + Mall,Madrid,Ps Lucia & Co Nuevo + C.C. Zoco Pozuelo,"Calle Barlovento 30 + C. Barlovento, 30",28223 + 28223,,,,7 + 3,Convenience Store + Click & Collect,1,2,2,False,False,True,False,False,False,True,False,7,Multiple services,4,"Multiple companies, multiple services",4.74,1,High,Gls | Pudo + Gls | Pudo,False
MAD_LOC_001753,2,PUDO,2730,Agencia Aravaca New 755,Calle Santa Fe 1,40.431190497618545,-3.7354857795640646,240,28023.0,2730 + 2731,Gls + Gls,Lsp Pudos + Convenience Stores,Privada,Premises,Madrid,GLS + GLS,LSP PUDOs + Convenience stores,Private,Premises,Madrid,Agencia Aravaca New 755 + Ps Universal Grow,Calle Santa Fe 1 + Calle de Newton Nave 16 Bloque E3,28023 + 28914,,,,2 + 7,PUDO + Convenience Store,1,2,1,False,True,False,False,False,False,True,False,7,Multiple services,2,"Same company, multiple records",5.72,1,High,Gls + Gls,False
MAD_LOC_001772,2,PUDO,2765,Mbe 3227,"C. de Rafael de Riego, 17",40.40390323146271,-3.692069788263285,240,28045.0,2765 + 3080,Mail Boxes Etc + UPS,Lsp Pudos + Convenience Stores,Privada,Premises,Madrid,Mail Boxes ETC + UPS,LSP PUDOs + Convenience stores,Private,Premises,Madrid,Mbe 3227 + Mail Boxes Etc 3227,"C. de Rafael de Riego, 17 + C. de Rafael de Riego, 17",28045 + 28045,,,,2 + 7,PUDO + Convenience Store,1,2,2,False,True,False,False,False,False,True,False,7,Multiple services,4,"Multiple companies, multiple services",3.62,1,High,Mail Boxes Etc | UPS + Mail Boxes Etc | UPS,False
MAD_LOC_001774,2,PUDO,2767,Mbe 0278,"C. de Vallehermoso, 58",40.436496720538045,-3.708202245114875,240,28015.0,2767 + 2921,Mail Boxes Etc + UPS,Lsp Pudos + Convenience Stores,Privada,Premises,Madrid,Mail Boxes ETC + UPS,LSP PUDOs + Convenience stores,Private,Premises,Madrid,Mbe 0278 + Mail Boxes Etc. 0278,"C. de Vallehermoso, 58 + C. de Vallehermoso, 58",28015 + 28015,,,,2 + 7,PUDO + Convenience Store,1,2,2,False,True,False,False,False,False,True,False,7,Multiple services,4,"Multiple companies, multiple services",3.82,1,High,Mail Boxes Etc | UPS + Mail Boxes Etc | UPS,False
MAD_LOC_001775,2,PUDO,2769,Mbe 3041,"C. de Chile, 23, Local 6",40.45951374226535,-3.67576924915393,240,28016.0,2769 + 2924,Mail Boxes Etc + UPS,Lsp Pudos + Convenience Stores,Privada,Premises,Madrid,Mail Boxes ETC + UPS,LSP PUDOs + Convenience stores,Private,Premises,Madrid,Mbe 3041 + Mail Boxes Etc. 3041,"C. de Chile, 23, Local 6 + C. de Chile, 23",28016 + 28016,,,,2 + 7,PUDO + Convenience Store,1,2,2,False,True,False,False,False,False,True,False,7,Multiple services,4,"Multiple companies, multiple services",8.36,1,High,Mail Boxes Etc | UPS + Mail Boxes Etc | UPS,False
MAD_LOC_001776,3,PUDO,2770,Mbe 3330,"C. de Pedro Rico, 45",40.48232169554047,-3.7026319851502536,360,28029.0,2770 + 2775 + 3009,Mail Boxes Etc + Mail Boxes Etc + UPS,Lsp Pudos + Convenience Stores,Privada,Premises,Madrid,Mail Boxes ETC + Mail Boxes ETC + UPS,LSP PUDOs + Convenience stores,Private,Premises,Madrid,Mbe 3330 + Mbe 3330 + Mail Boxes Etc 3330,"C. de Pedro Rico, 45 + Calle Pedro Rico 45 + C. de Pedro Rico, 45",28029 + 28029 + 28029,,,,2 + 2 + 7,PUDO + PUDO + Convenience Store,1,3,2,False,True,False,False,False,False,True,False,7,Multiple services,4,"Multiple companies, multiple services",25.81,2,Medium,Mail Boxes Etc | UPS + Mail Boxes Etc | UPS + Mail Boxes Etc | UPS,False
MAD_LOC_001777,2,PUDO,2771,Mail Boxes Etc. 0135,"Calle Del Corregidor Diego De Valderrábano, 1",40.40857244602045,-3.66218485277414,240,28030.0,2771 + 3018,Mail Boxes Etc + UPS,Lsp Pudos + Convenience Stores,Privada,Premises,Madrid,Mail Boxes ETC + UPS,LSP PUDOs + Convenience stores,Private,Premises,Madrid,Mail Boxes Etc. 0135 + Enviexpress Canarias S.L.,"Calle Del Corregidor Diego De Valderrábano, 1 + C. del Corregidor Diego de Valderrábano, 1",28030 + 28030,,,,2 + 7,PUDO + Convenience Store,1,2,2,False,True,False,False,False,False,True,False,7,Multiple services,4,"Multiple companies, multiple services",10.89,1,High,Mail Boxes Etc | UPS + Mail Boxes Etc | UPS,False
MAD_LOC_001792,2,PUDO,2794,Estanco No 47 Madrid (2886-10),"C. del León, 28",40.4132665537845,-3.699342756453285,240,28014.0,2794 + 2918,Nacex + UPS,Convenience Stores,Privada,Premises,Madrid,Nacex + UPS,Convenience stores,Private,Premises,Madrid,Estanco Nº 47 Madrid (2886-10) + Estanco 47,"C. del León, 28 + C. del León, 28",28014 + 28014,,,,7 + 7,Convenience Store + Convenience Store,1,2,2,False,False,False,False,False,False,True,False,5,Convenience Store only,3,"Multiple companies, single service",5.74,1,High,Nacex | UPS + Nacex | UPS,False
MAD_LOC_001801,2,PUDO,2815,Estanco-342 (2882-21),"C. Calamina, 14",40.3467643320919,-3.71197513973569,240,28021.0,2815 + 2967,Nacex + UPS,Convenience Stores,Privada,Premises,Madrid,Nacex + UPS,Convenience stores,Private,Premises,Madrid,Estanco-342 (2882-21) + Estanco 342,"C. Calamina, 14 + C. Calamina, 14",28021 + 28021,,,,7 + 7,Convenience Store + Convenience Store,1,2,2,False,False,False,False,False,False,True,False,5,Convenience Store only,3,"Multiple companies, single service",1.84,1,High,Nacex | UPS + Nacex | UPS,False
MAD_LOC_001808,2,PUDO,2837,Pozuelo(2829),"C. Luis Béjar, 34",40.4366861736385,-3.8160379454736804,240,28223.0,2837 + 2838,Nacex + Nacex,Convenience Stores,Privada,Premises,Madrid,Nacex + Nacex,Convenience stores,Private,Premises,Madrid,"Pozuelo(2829) + Tienda Jardinería Pozuelo, S.L (2829-04)","C. Luis Béjar, 34 + C. Luis Béjar, 30",28223 + 28223,,,,7 + 7,Convenience Store + Convenience Store,1,2,1,False,False,False,False,False,False,True,False,5,Convenience Store only,2,"Same company, multiple records",14.32,1,High,Nacex + Nacex,False
MAD_LOC_001814,2,PUDO,2851,Estanco No 32 (2841-04),"C. Chiquinquirá, 54",40.471374675551644,-3.632912253652095,240,28033.0,2851 + 3033,Nacex + UPS,Convenience Stores,Privada,Premises,Madrid,Nacex + UPS,Convenience stores,Private,Premises,Madrid,Estanco Nº 32 (2841-04) + Estanco Expendeduria 32,"C. Chiquinquirá, 54 + C. Chiquinquirá, 54",28033 + 28033,,,,7 + 7,Convenience Store + Convenience Store,1,2,2,False,False,False,False,False,False,True,False,5,Convenience Store only,3,"Multiple companies, single service",5.34,1,High,Nacex | UPS + Nacex | UPS,False
MAD_LOC_001828,2,PUDO,2895,Cc Abc Serrano,"C. de Serrano, 61",40.4320787925724,-3.68743626119976,180,28006.0,2895 + 3179,UPS + Pudo,Locker + Click&Collect,Privada,Premises + Mall,Madrid,UPS + PUDO,Lockers + Click&Collect,Private,Premises + Mall,Madrid,Cc Abc Serrano + C.C. Abc Serrano,"C. de Serrano, 61 + C. de Serrano, 61",28006 + 28006,,,,1 + 3,Locker + Click & Collect,1,2,2,True,False,True,False,False,False,False,False,7,Multiple services,4,"Multiple companies, multiple services",1.56,1,High,Pudo | UPS + Pudo | UPS,False
MAD_LOC_001836,2,PUDO,2917,Pkg Cnt C Canalejas,"C. de Alcalá, 17",40.418133410558355,-3.70016191196222,240,28014.0,2917 + 3125,UPS + Pudo,Convenience Stores + Click&Collect,Privada + Pública,Parking,Madrid,UPS + PUDO,Convenience stores + Click&Collect,Private + Public,Parking,Madrid,Pkg Cnt C Canalejas + Parking Emt Centro De Canalejas,"C. de Alcalá, 17 + C. de Alcalá, 17",28014 + 28014,,,,7 + 3,Convenience Store + Click & Collect,1,2,2,False,False,True,False,False,False,True,False,7,Multiple services,4,"Multiple companies, multiple services",18.23,2,Medium,Pudo | UPS + Pudo | UPS,False
MAD_LOC_001858,2,PUDO,3022,P Taquilla Cc Valdebernardo,"Blvr. de José Prat, 5",40.398917080935504,-3.62481302080851,180,28032.0,3022 + 3024,UPS + UPS,Locker + Convenience Stores,Privada,Premises,Madrid,UPS + UPS,Lockers + Convenience stores,Private,Premises,Madrid,P Taquilla Cc Valdebernardo + Prensa Y Revistas R Y T,"Blvr. de José Prat, 5 + Blvr. de José Prat, 5",28032 + 28032,,,,1 + 7,Locker + Convenience Store,1,2,1,True,False,False,False,False,False,True,False,7,Multiple services,2,"Same company, multiple records",5.73,1,High,UPS + UPS,False
