customer_id,lon,lat,demand,scenario,instance_size,districte,barri,seccio_censal,poblacion_seccion,postal_code,codi_carrer,numpost,lletra,x_etrs89,y_etrs89
0,2.1136148505161776,41.334186225912575,2,low,1000,3,12,3025,3174,40,701485,26,,425831.063,4576234.905
1,2.1673842733624453,41.37003770358623,2,low,1000,3,11,3024,2031,38,213307,57,,430368.518,4580170.478
2,2.1303021479272095,41.371622706078725,1,low,1000,3,17,3071,1422,28,328808,104,,427269.083,4580376.893
3,2.1568284938475566,41.4210116796082,1,low,1000,7,37,7065,1856,32,6801,48,,429540.805,4585838.074
4,2.1570106228076,41.42049197802133,1,low,1000,7,37,7065,1856,32,6801,64,,429555.463,4585780.229
5,2.1898544162313986,41.439178708721315,2,low,1000,9,60,9038,1751,30,176506,19,,432319.495,4587828.618
6,2.177997542643066,41.400145741466574,1,low,1000,2,5,2020,1713,13,89004,482,,431287.817,4583504.553
7,2.1271541944810535,41.37512021652511,1,low,1000,3,17,3078,1754,28,50905,4,,427009.734,4580767.827
8,2.1397788987232342,41.40486423026391,2,low,1000,5,25,5038,1450,22,32700,381,,428098.246,4584059.412
9,2.1884829587982404,41.42154802996353,1,low,1000,9,61,9066,1468,27,297001,508,,432186.575,4585872.347
10,2.174818509014889,41.41141459589421,1,low,1000,2,6,2040,1783,25,297001,226,,431033.993,4584758.134
11,2.1787099639135867,41.443353570607584,1,low,1000,8,52,8088,1334,16,174307,120,,431392.864,4588300.882
12,2.1835532791927674,41.43290157167342,2,low,1000,9,60,9048,1345,30,209900,424,,431786.514,4587136.68
13,2.1769215728988818,41.387788196387554,2,low,1000,1,4,1050,1593,3,48109,3,,431184.842,4582133.49
14,2.148461160544418,41.40189124230258,2,low,1000,5,27,5081,1621,6,205900,12,,428820.717,4583722.184
15,2.17013912076305,41.394001065250805,1,low,1000,2,7,2071,1695,9,49509,80,,430624.382,4582828.642
16,2.1770194950878756,41.381377274352666,2,low,1000,1,2,1027,1622,2,264501,4,,431186.27,4581421.682
17,2.1377764704551745,41.37448849000422,2,low,1000,3,18,3101,6718,14,319603,66,,427897.315,4580688.803
18,2.1915419013651753,41.37891184514216,1,low,1000,1,3,1035,1151,3,293306,43,,432398.022,4581136.545
19,2.180704878967339,41.39701060829666,1,low,1000,2,5,2008,1944,13,71600,133,,431510.837,4583154.351
20,2.1450522928717275,41.40517189626661,1,low,1000,5,27,5085,1355,6,240208,64,,428539.365,4584089.205
21,2.188007618694266,41.394290227475246,2,low,1000,10,66,10044,1623,18,197302,102,,432118.486,4582846.591
22,2.1642588468178703,41.373173196064926,1,low,1000,3,11,3014,1875,4,330504,35,,430110.493,4580521.09
23,2.140224613486322,41.38167924062285,1,low,1000,3,18,3107,1857,14,110100,16,,428109.96,4581485.075
24,2.139608557807494,41.37324514056297,2,low,1000,3,18,3103,1140,14,151200,36,,428049.153,4580549.246
25,2.1395355967369163,41.38721808397187,1,low,1000,4,19,4014,757,29,219100,16,,428058.453,4582100.561
26,2.1624979506594686,41.425836354506956,2,low,1000,7,36,7055,1226,32,60002,9,,430019.755,4586369.108
27,2.1400960349476614,41.36100516963649,1,low,1000,3,13,3033,1547,38,137300,42,,428076.44,4579189.982
28,2.134348554440023,41.36709339075703,1,low,1000,3,16,3065,1393,14,30602,34,,427602.457,4579870.669
29,2.1322326761466526,41.38899558104459,2,low,1000,4,19,4027,1404,14,700809,1,,427449.842,4582303.985
30,2.1808024196805813,41.395895048425814,2,low,1000,2,5,2005,4045,13,325005,105,,431517.82,4583030.426
31,2.1655777714402844,41.37278010395659,1,low,1000,3,11,3014,1875,4,294207,45,,430220.37,4580476.387
32,2.1874284901552636,41.41343122584381,2,low,1000,10,65,10028,1808,26,257608,6,,432090.004,4584972.054
33,2.200557026137849,41.42180369659896,2,low,1000,10,73,10132,1246,20,208205,94,,433195.8,4585891.346
34,2.1723351316822543,41.427904417013366,1,low,1000,8,44,8010,1141,31,69109,42,,430843.935,4586590.799
35,2.1397715788571223,41.39936343434492,2,low,1000,5,26,5052,1424,21,134404,45,,428091.57,4583448.726
36,2.1624050623333173,41.414834870437105,1,low,1000,7,34,7020,1725,24,351107,20,,430000.18,4585147.808
37,2.145119224787817,41.38423199290987,2,low,1000,2,9,2124,1148,29,289105,41,,428522.022,4581764.429
38,2.1710969359959296,41.425615284388314,1,low,1000,7,36,7053,1449,32,307309,9,,430738.043,4586337.651
39,2.137537462878636,41.364200182468494,1,low,1000,3,13,3212,2612,38,212406,14,,427865.964,4579546.812
40,2.143993185664015,41.4108176146288,2,low,1000,5,27,5091,1557,23,95608,77,,428457.033,4584716.861
41,2.1662652268409968,41.38587984354578,2,low,1000,2,7,2077,1843,1,250904,7,,430291.85,4581930.145
42,2.1623412293512763,41.40056308541404,1,low,1000,6,31,6056,1702,12,178909,45,,429979.523,4583563.422
43,2.1763213924335485,41.380284080519246,2,low,1000,1,2,1029,1522,2,112401,7,,431126.744,4581300.872
44,2.171824532952208,41.407468309559064,1,low,1000,2,6,2045,1214,25,161407,116,,430779.575,4584322.41
45,2.1470398722133432,41.37235460280398,2,low,1000,3,14,3046,1521,4,300004,9,,428669.635,4580444.238
46,2.17730074879826,41.423504646879664,2,low,1000,7,35,7044,1365,41,152905,253,,431254.203,4586098.386
47,2.1758603486347927,41.41933616085721,2,low,1000,7,35,7033,1493,41,364506,16,,431129.436,4585636.749
48,2.179112439267305,41.43189162604456,2,low,1000,8,45,8021,1476,16,319104,100,,431414.419,4587028.065
49,2.1412366435225603,41.42434979807239,2,low,1000,7,39,7089,1433,35,252455,6,,428241.543,4586221.473
50,2.1938133939417717,41.433138792877756,2,low,1000,9,60,9016,1261,30,245405,32,,432643.991,4587154.983
51,2.170139957753988,41.41847226350525,2,low,1000,7,35,7028,1532,41,50100,44,,430650.479,4585545.405
52,2.17676026360483,41.41461008975194,1,low,1000,7,35,7039,1650,41,310008,72,,431199.652,4585111.35
53,2.164628570868415,41.40881334669421,2,low,1000,6,32,6079,1180,25,356304,62,,430179.558,4584477.51
54,2.1812874713263946,41.417375098988806,2,low,1000,9,63,9085,1785,41,11404,15,,431580.908,4585414.732
55,2.188115507736634,41.415807086237436,1,low,1000,9,63,9095,2278,27,43900,22,,432149.894,4585235.281
56,2.185576468889818,41.44648779195877,2,low,1000,8,52,8097,1367,16,120807,450,,431969.742,4588643.422
57,2.162255113800071,41.40400526339094,2,low,1000,6,32,6064,1926,24,344101,222,,429976.02,4583945.638
58,2.1853363488609476,41.41699584694731,1,low,1000,9,63,9088,2002,27,103900,1,,431918.876,4585369.437
59,2.1865363472033317,41.425931462939715,1,low,1000,9,61,9055,1871,27,250609,3,,432028.479,4586360.518
60,2.139697378068615,41.413661971152244,1,low,1000,6,28,6007,2012,23,147508,86,,428101.133,4585036.196
61,2.1750053924703967,41.447701733507024,2,low,1000,8,50,8068,2039,42,212304,50,,431087.998,4588786.556
62,2.1642529356665894,41.403096813748164,2,low,1000,6,32,6064,1926,37,305100,179,,430142.039,4583843.17
63,2.1303021479272095,41.371622706078725,2,low,1000,3,17,3071,1422,28,328808,100,,427269.083,4580376.893
64,2.176770309604842,41.406342613025025,2,low,1000,2,6,2034,1202,25,268003,481,,431191.768,4584193.496
65,2.1501437356486544,41.42380322715277,1,low,1000,7,38,7081,1948,32,312604,41,,428985.233,4586153.45
66,2.186057081696451,41.44421210769204,2,low,1000,8,52,8097,1367,16,127205,4,,432007.513,4588390.399
67,2.1754409982804215,41.42514438990924,1,low,1000,7,35,7047,1567,32,202504,7,,431100.532,4586281.907
68,2.1285861583130874,41.37350861744853,1,low,1000,3,17,3075,1764,28,300106,1,,427127.682,4580587.705
69,2.1364907523512,41.38306732397128,1,low,1000,4,19,4005,1217,14,52605,48,,427799.286,4581642.282
70,2.1386011462648646,41.381960509247065,2,low,1000,3,18,3112,1896,14,285104,51,,427974.523,4581517.649
71,2.157940687780776,41.4233989820594,1,low,1000,7,37,7070,1483,32,3600,36,,429636.323,4586102.206
72,2.1685030083640435,41.372092845231634,1,low,1000,3,11,3022,1442,4,43502,27,,430464.267,4580397.738
73,2.146090803420509,41.40525092071385,1,low,1000,5,27,5084,1396,6,353408,78,,428626.256,4584097.122
74,2.1402713075768145,41.4030540482766,1,low,1000,5,26,5078,2121,6,155700,5,,428137.41,4583858.039
75,2.1515773945498275,41.38280479492458,2,low,1000,2,9,2138,1983,15,54509,166,,429060.454,4581600.677
76,2.1308670585367504,41.38045658289712,2,low,1000,4,19,4035,1343,28,187207,153,,427326.16,4581357.142
77,2.132606258837793,41.38007297065319,2,low,1000,3,18,3087,1551,28,172403,91,,427471.161,4581313.097
78,2.1995420902946785,41.40521973535958,2,low,1000,10,68,10068,1610,18,249304,205,,433093.972,4584050.997
79,2.2075764931088373,41.41728976779675,2,low,1000,10,71,10102,2663,20,244800,27,,433777.79,4585384.823
80,2.175853289192799,41.398576132358166,2,low,1000,2,5,2017,1978,13,89004,446,,431106.917,4583332.0
81,2.145132911771523,41.38532278659953,1,low,1000,2,9,2124,1148,29,285807,241,,428524.361,4581885.516
82,2.192029355896482,41.45388750298063,2,low,1000,9,57,9001,2835,33,701913,4,,432516.437,4589459.883
83,2.1834438425852163,41.410163151321306,2,low,1000,10,64,10020,1507,26,286300,82,,431753.567,4584612.368
84,2.1424416221140548,41.374277311133866,2,low,1000,3,15,3051,1849,14,222603,69,,428287.206,4580661.488
85,2.174688602629069,41.402803286544774,1,low,1000,2,6,2051,1906,13,191204,406,,431014.027,4583802.22
86,2.1421272017038535,41.375168711794295,1,low,1000,3,15,3051,1849,14,94809,117,,428261.892,4580760.71
87,2.1757613360808903,41.39878037616484,2,low,1000,2,5,2018,1851,13,89004,463,,431099.446,4583354.748
88,2.186925391989728,41.44094052535059,2,low,1000,9,60,9034,1467,30,35800,25,,432076.636,4588026.508
89,2.1429277207076014,41.37003568587108,1,low,1000,3,14,3043,1628,4,169409,234,,428323.2,4580190.188
90,2.1745665962672414,41.43704122319347,2,low,1000,8,45,8033,1518,16,166502,7,,431040.059,4587603.381
91,2.1672031566330943,41.43099407275466,1,low,1000,8,46,8045,1894,31,54000,1,,430418.425,4586937.922
92,2.1841925816655983,41.44488280714624,2,low,1000,8,52,8098,1342,16,127205,38,,431852.463,4588466.326
93,2.1605391614022516,41.41102199300929,1,low,1000,6,32,6086,1009,24,234453,1,,429840.138,4584726.016
94,2.1237095766252705,41.39546026334873,1,low,1000,5,23,5015,1591,34,130709,17,,426744.515,4583028.857
95,2.1407255214264223,41.375409653272285,2,low,1000,3,15,3050,1695,14,312400,2,,428144.943,4580788.62
96,2.179207098538943,41.408502758586884,2,low,1000,2,6,2038,1543,25,268003,533,,431397.717,4584431.38
97,2.184569524391814,41.40541490467453,1,low,1000,10,65,10041,1620,13,89004,593,,431842.688,4584084.337
98,2.1951729540704914,41.41307389392156,1,low,1000,10,72,10107,1524,18,86200,84,,432736.878,4584926.34
99,2.185009059672391,41.43364566747213,2,low,1000,9,60,9046,1304,30,279203,14,,431908.922,4587218.143
100,2.163787887843165,41.37905015772864,1,low,1000,1,1,1012,2139,1,267306,1,,430077.403,4581173.92
101,2.1345592506084397,41.36454762722001,2,low,1000,3,16,3064,2171,14,160903,4,,427617.257,4579587.867
102,2.2050236714998324,41.40275802590167,2,low,1000,10,68,10071,1719,5,168009,16,,433549.644,4583773.482
103,2.1917014337641976,41.4520802392458,2,low,1000,9,57,9002,2313,33,131100,56,,432487.174,4589259.497
104,2.2111456347522602,41.42051070543458,1,low,1000,10,70,10087,1960,20,205105,6,,434079.32,4585739.685
105,2.1338237706847187,41.403066508295,1,low,1000,5,25,5047,1233,22,191703,31,,427598.485,4583864.791
106,2.1720290347009232,41.445878847492466,2,low,1000,8,50,8072,1235,42,140804,18,,430837.444,4588586.554
107,2.172165215401973,41.42756957656246,1,low,1000,8,44,8008,1640,31,14107,52,,430829.382,4586553.761
108,2.1692052192497684,41.43540842138095,2,low,1000,8,48,8050,1368,42,45950,8,,430590.405,4587426.393
109,2.160588309399649,41.39391778722717,1,low,1000,2,7,2081,2268,8,268003,278,,429825.846,4582827.088
110,2.1838996783732383,41.414502890768986,2,low,1000,10,64,10002,1939,26,291005,48,,431796.205,4585093.802
111,2.179745937977434,41.42912810219228,1,low,1000,8,44,8015,1531,16,25409,2,,431464.442,4586720.759
112,2.1533554681710503,41.42539809496573,2,low,1000,7,37,7080,1770,32,97807,158,,429255.342,4586327.882
113,2.133553535741831,41.38036921253721,2,low,1000,3,18,3088,1394,28,138802,161,,427550.699,4581345.193
114,2.179286585491225,41.44299449740453,1,low,1000,8,52,8088,1334,16,61504,26,,431440.655,4588260.561
115,2.175232604791994,41.43537111217971,1,low,1000,8,45,8035,7056,16,322404,63,,431093.934,4587417.436
116,2.177362700165026,41.42207122866498,1,low,1000,7,35,7044,1365,41,152905,210,,431257.868,4585939.2
117,2.1944868218331175,41.415963590390035,1,low,1000,10,72,10112,1489,20,158504,38,,432682.518,4585247.684
118,2.1574161373909138,41.40633402205495,1,low,1000,6,31,6033,1346,24,293805,7,,429574.059,4584208.097
119,2.1611631256467194,41.4229341118633,1,low,1000,7,36,7056,1260,32,195806,59,,429905.097,4586047.983
120,2.131121451967922,41.382073154008324,2,low,1000,4,19,4033,1171,28,125006,41,,427349.231,4581536.398
121,2.186299253245717,41.44604706634531,2,low,1000,8,52,8097,1367,16,209900,569,,432029.658,4588593.925
122,2.1652833448895845,41.38037106046475,1,low,1000,1,1,1013,1472,1,282106,43,,430203.864,4581319.359
123,2.1988858507225446,41.41531703353963,1,low,1000,10,72,10109,1787,20,266802,2,,433049.488,4585172.494
124,2.174531361987867,41.41629691824715,1,low,1000,7,35,7040,1586,41,310008,134,,431015.16,4585300.393
125,2.1614433799141124,41.41003501771496,2,low,1000,6,32,6084,1499,24,201104,136,,429914.65,4584615.711
126,2.1352664247161397,41.40613891021868,1,low,1000,5,25,5040,1478,22,302203,97,,427722.479,4584204.681
127,2.148774707137641,41.380868485883326,1,low,1000,2,9,2135,2079,15,110803,113,,428823.998,4581388.009
128,2.139818590035464,41.42057667623599,1,low,1000,7,39,7089,1433,35,166900,1,,428118.888,4585803.76
129,2.138728759589625,41.402079197870044,2,low,1000,5,26,5050,1762,21,223606,467,,428007.395,4583751.093
130,2.1497318765352045,41.39085533970911,1,low,1000,2,8,2105,2195,36,245802,132,,428914.912,4582495.949
131,2.1212163038376857,41.396908557429065,2,low,1000,5,23,5013,1667,34,168701,15,,426537.713,4583191.756
132,2.141022773279505,41.39248933132679,1,low,1000,5,26,5057,1684,21,167550,3,,428188.595,4582684.534
133,2.12538995647185,41.392840800029674,1,low,1000,5,23,5018,1305,34,120308,15,,426882.056,4582736.628
134,2.1455509773506365,41.41037233556695,1,low,1000,5,27,5091,1557,23,95700,2,,428586.743,4584666.141
135,2.1392784339271858,41.413833402280254,1,low,1000,6,28,6008,2123,23,147508,59,,428066.309,4585055.576
136,2.1770778086145937,41.43040558862947,2,low,1000,8,45,8024,1403,16,119003,228,,431242.855,4586864.7
137,2.195165575211833,41.410914848506664,1,low,1000,10,65,10035,1911,18,180401,238,,432734.034,4584686.651
138,2.19574081654406,41.40799624885363,1,low,1000,10,71,10097,1574,18,253902,74,,432779.103,4584362.185
139,2.1503090518670867,41.37878944291849,1,low,1000,2,9,2148,1601,15,362001,72,,428950.032,4581155.938
140,2.149452975109711,41.40824719249771,2,low,1000,6,28,6002,1595,23,158107,10,,428910.551,4584427.0
141,2.109660694610576,41.39501157527169,1,low,1000,4,21,4056,1977,34,218402,11,,425569.543,4582991.018
142,2.134750229727652,41.380223549377334,2,low,1000,3,18,3110,1439,14,7407,145,,427650.602,4581328.022
143,2.147578211385293,41.417073369980265,2,low,1000,6,29,6014,1488,23,327204,3,,428763.499,4585408.414
144,2.1347239583537196,41.41981609257871,2,low,1000,6,28,6009,1389,35,2210,57,,427692.307,4585723.562
145,2.1588876069181984,41.40329274813951,2,low,1000,6,31,6054,1574,12,341908,23,,429693.772,4583869.263
146,2.175999591535192,41.399815818710415,2,low,1000,2,5,2019,1989,13,325005,242,,431120.456,4583469.512
147,2.150727525996154,41.38677825891766,1,low,1000,2,9,2117,1223,29,268003,105,,428993.716,4582042.501
148,2.1499381279687078,41.38761374872592,2,low,1000,2,9,2117,1223,29,289105,98,,428928.625,4582135.903
149,2.1519697761427756,41.38392900547395,2,low,1000,2,9,2138,1983,15,361406,184,,429094.484,4581725.164
150,2.185440426883257,41.429512286859584,1,low,1000,9,60,9054,1109,30,701326,61,,431940.645,4586758.919
151,2.15550502673583,41.37355577973481,1,low,1000,3,11,3004,1544,4,234500,47,,429378.855,4580570.659
152,2.201281210332294,41.402851645337584,2,low,1000,10,68,10065,1649,5,177203,5,,433236.913,4583786.753
153,2.153056624576725,41.416472156762666,2,low,1000,6,30,6018,1401,24,237804,44,,429220.679,4585337.176
154,2.180782177432901,41.414128218487434,2,low,1000,10,64,10006,1900,26,194406,21,,431535.271,4585054.666
155,2.1828968950920262,41.422538476772885,1,low,1000,9,62,9081,1810,27,168905,29,,431720.816,4585986.695
156,2.187992005496719,41.42220244388995,1,low,1000,9,61,9067,1496,27,104006,2,,432146.23,4585945.384
157,2.139483746766204,41.40752688386772,2,low,1000,5,27,5094,2827,22,72001,31,,428076.512,4584355.262
158,2.1264200190186733,41.38411625452329,1,low,1000,4,20,4084,1435,28,207202,42,,426958.406,4581767.172
159,2.1258632407305913,41.38056981576501,2,low,1000,4,20,4036,1806,28,84703,30,,426907.881,4581373.921
160,2.2074297873497866,41.425009806534,2,low,1000,10,73,10138,3322,20,357500,24,,433773.374,4586242.006
161,2.1743229128370505,41.3925507721637,1,low,1000,2,7,2073,1800,10,145003,32,,430972.612,4582664.291
162,2.1582206062341323,41.40392885155011,2,low,1000,6,31,6053,1547,12,341908,39,,429638.705,4583940.424
163,2.133169091647654,41.37980204155277,1,low,1000,3,18,3088,1394,28,365000,124,,427517.923,4581282.548
164,2.1891371338345484,41.38161578302309,1,low,1000,1,3,1037,1304,3,27700,1,,432199.746,4581438.61
165,2.1612617823056417,41.37376817142967,1,low,1000,3,11,3011,1823,4,108007,53,,429860.498,4580589.564
166,2.1453388067297725,41.37584342171322,2,low,1000,3,15,3047,1799,14,246703,12,,428531.198,4580832.962
167,2.180259587093206,41.41605245524186,2,low,1000,7,35,7035,1855,41,194406,51,,431493.618,4585268.706
168,2.170437578146634,41.39308755993152,1,low,1000,2,7,2071,1695,9,100800,315,,430648.362,4582726.987
169,2.1812482560258597,41.38797947053053,2,low,1000,1,4,1054,1234,3,336103,6,,431546.787,4582151.298
170,2.1925391888072685,41.437648188033805,2,low,1000,9,60,9027,1308,30,173508,34,,432542.201,4587656.605
171,2.1353945886383556,41.37825993608912,2,low,1000,3,18,3109,1578,14,210808,8,,427702.307,4581109.487
172,2.202337987953584,41.41592679360214,2,low,1000,10,72,10122,1451,20,700731,4,,433338.615,4585237.526
173,2.12509255387129,41.37590633664937,2,low,1000,3,17,3081,2038,28,23800,1,,426838.212,4580856.839
174,2.146147768697211,41.40212239773722,2,low,1000,5,27,5080,1391,6,32700,296,,428627.594,4583749.75
175,2.189586485200748,41.45184239815059,2,low,1000,9,57,9003,2302,33,213704,42,,432310.275,4589234.744
176,2.1761941464178376,41.44550731680548,1,low,1000,8,50,8074,1659,42,120807,207,,431184.977,4588541.987
177,2.1602083433244785,41.379915617391994,1,low,1000,2,10,2162,1392,15,127704,95,,429779.016,4581272.896
178,2.1281260914421667,41.381013759636225,1,low,1000,4,20,4036,1806,28,196208,25,,427097.59,4581421.301
179,2.148814179005533,41.40272846065172,2,low,1000,5,27,5082,1701,6,152508,20,,428851.139,4583814.841
180,2.1470843361522496,41.39666375548461,2,low,1000,5,26,5066,1386,21,196900,133,,428699.915,4583142.967
181,2.1893918057590547,41.41497311234704,2,low,1000,9,63,9095,2278,27,367300,323,,432255.69,4585141.695
182,2.1757595979650346,41.43145267095633,1,low,1000,8,45,8024,1403,16,8206,61,,431133.821,4586981.994
183,2.1782258469339864,41.43157171115463,1,low,1000,8,45,8023,1477,16,108903,72,,431340.006,4586993.251
184,2.1374483739993893,41.37309366642638,1,low,1000,3,18,3101,6718,14,289207,18,,427868.337,4580534.225
185,2.1705317769057415,41.39486198700937,2,low,1000,2,7,2070,1248,9,89004,395,,430658.123,4582923.906
186,2.174065633094201,41.42482367689378,1,low,1000,7,35,7049,1208,32,200101,28,,430985.267,4586247.397
187,2.158907901869773,41.41257147903157,1,low,1000,6,30,6024,1753,24,366002,70,,429705.471,4584899.361
188,2.175782433983906,41.46278996447231,2,low,1000,8,55,8114,2029,33,248301,62,,431168.859,4590461.029
189,2.1897612197043865,41.41547378274494,1,low,1000,9,63,9094,2039,27,224100,34,,432287.083,4585196.99
190,2.1621454566308227,41.413323752028795,2,low,1000,7,33,7019,1657,24,56606,7,,429976.861,4584980.255
191,2.1904887199743537,41.42478610209959,2,low,1000,9,61,9059,1447,27,216509,56,,432357.546,4586230.266
192,2.1761028393001958,41.45075820415339,1,low,1000,8,54,8109,965,33,12305,297,,431182.899,4589125.011
193,2.1670051016761303,41.373233381532096,1,low,1000,3,11,3015,3301,4,130006,32,,430340.217,4580525.561
194,2.116548179222597,41.37841127457942,1,low,1000,4,20,4043,1583,28,65200,35,,426126.539,4581142.181
195,2.1625021281788093,41.37655095632075,1,low,1000,2,10,2172,1502,15,246000,27,,429967.208,4580897.501
196,2.142472870870901,41.37085277492522,1,low,1000,3,15,3056,973,14,222603,10,,428286.058,4580281.276
197,2.178350272082238,41.396043346682404,1,low,1000,2,5,2007,1283,13,225500,133,,431312.983,4583048.831
198,2.1877826551354635,41.40093024755119,1,low,1000,10,66,10043,3301,18,4908,153,,432106.59,4583583.933
199,2.1875494155719246,41.40873033796432,2,low,1000,10,65,10039,1889,18,209900,128,,432095.215,4584450.072
200,2.206085006123917,41.43695072280788,1,low,1000,9,59,9011,1988,30,81002,44,,433673.16,4587568.706
201,2.130188995801637,41.399018464390785,2,low,1000,5,24,5025,1294,17,357103,23,,427290.148,4583418.426
202,2.138210355866846,41.421330156694935,2,low,1000,7,39,7089,1433,35,148409,66,,427985.327,4585888.747
203,2.1258316450360275,41.37436381404995,1,low,1000,3,17,3077,1455,28,50905,31,,426898.29,4580684.967
204,2.2182368653900677,41.41429511122102,2,low,1000,10,70,10081,2297,19,165408,22,,434665.675,4585044.263
205,2.1316456167056246,41.401242550552325,1,low,1000,5,24,5026,1430,17,101405,57,,427414.387,4583664.12
206,2.181014783565879,41.42211400252425,2,low,1000,9,62,9082,2187,27,269403,39,,431563.095,4585941.056
207,2.138375971777567,41.37256722631829,1,low,1000,3,18,3102,1411,14,119900,4,,427945.328,4580475.009
208,2.137171569067638,41.35966446730134,2,low,1000,3,13,3029,1291,38,206607,21,,427830.35,4579043.57
209,2.1921364045497325,41.39794073913309,2,low,1000,10,66,10043,3301,18,4908,94,,432467.429,4583248.639
210,2.13775582332907,41.36229983217241,2,low,1000,3,13,3212,2612,38,369408,218,,427882.129,4579335.657
211,2.152614340673481,41.39533579214832,1,low,1000,5,26,5067,1390,6,348408,1,,429160.762,4582991.002
212,2.155098944692808,41.37808086299376,2,low,1000,2,10,2159,1966,15,285807,52,,429349.793,4581073.357
213,2.1393802899149468,41.36296925467551,2,low,1000,3,13,3035,2269,38,230601,353,,428018.738,4579408.625
214,2.1728533558982566,41.44359941426247,2,low,1000,8,51,8078,1720,42,9800,33,,430903.884,4588332.834
215,2.1734291801602983,41.46117194156127,2,low,1000,8,55,8110,2092,33,3701,120,,430970.619,4590283.271
216,2.176888431508872,41.40746485365894,1,low,1000,2,6,2034,1202,25,73900,289,,431202.825,4584317.992
217,2.191906438632879,41.439118136558925,1,low,1000,9,60,9029,1080,30,78700,39,,432490.862,4587820.291
218,2.1872877763234353,41.42510174643212,2,low,1000,9,61,9057,1845,27,17604,4,,432090.403,4586267.814
219,2.155878586382905,41.37550520915045,2,low,1000,2,10,2154,1035,15,110803,5,,429412.202,4580786.777
220,2.1717611513714496,41.401306607656906,2,low,1000,2,6,2053,1920,13,225500,252,,430767.737,4583638.396
221,2.1714210807298513,41.41268816444851,2,low,1000,7,33,7012,1599,25,186102,70,,430751.397,4584902.235
222,2.1251119593693084,41.401070255285575,2,low,1000,5,24,5029,1671,17,16907,40,,426868.041,4583650.487
223,2.187845290690215,41.422709564219346,2,low,1000,9,61,9067,1496,27,140407,55,,432134.498,4586001.799
224,2.1377971795095343,41.426956047122246,1,low,1000,7,39,7093,1852,35,168803,20,,427957.019,4586513.673
225,2.1901997114159117,41.42610912821521,1,low,1000,9,61,9060,1449,27,263906,17,,432334.77,4586377.373
226,2.149164349692665,41.41083195883602,1,low,1000,6,30,6019,1583,23,140305,19,,428889.246,4584714.195
227,2.159131839080692,41.42687436423752,2,low,1000,7,43,7120,1266,32,149300,76,,429739.605,4586487.073
228,2.1406126863583554,41.41145635372692,2,low,1000,5,27,5098,1588,22,365407,7,,428175.2,4584790.571
229,2.1634493526315053,41.406522779341046,2,low,1000,6,32,6081,1342,25,144306,20,,430078.542,4584224.165
230,2.183706462273498,41.44424743368173,1,low,1000,8,52,8100,1349,16,23709,89,,431811.19,4588396.17
231,2.1974639973775627,41.39424678053107,2,low,1000,10,67,10052,2435,5,367504,103,,432908.989,4582834.402
232,2.141329973866608,41.36054009139735,2,low,1000,3,13,3033,1547,38,28906,12,,428179.138,4579137.327
233,2.152856792177521,41.40235650915448,2,low,1000,6,31,6051,1277,12,206403,164,,429188.652,4583770.235
234,2.1855236254596466,41.43178103244796,1,low,1000,9,60,9050,1574,30,168100,1,,431949.966,4587010.728
235,2.17802282709051,41.39999139855675,1,low,1000,2,5,2020,1713,13,76807,260,,431289.768,4583487.398
236,2.1328384869310306,41.38330707426037,1,low,1000,4,19,4009,1467,14,229602,43,,427494.172,4581671.948
237,2.158123993233067,41.385530046673765,2,low,1000,2,8,2096,1433,11,89004,229,,429610.782,4581897.892
238,2.154618952796756,41.39181943743593,2,low,1000,2,8,2087,1449,36,23403,131,,429324.535,4582598.984
239,2.1868279561320043,41.42559239410055,2,low,1000,9,61,9056,1139,27,209900,326,,432052.492,4586322.646
240,2.1501374028022666,41.39377789063535,1,low,1000,2,8,2086,1428,36,223606,218,,428951.998,4582820.074
241,2.153737690608871,41.38423130659504,1,low,1000,2,9,2139,1743,15,87009,178,,429242.632,4581757.28
242,2.160874485651639,41.38760099453289,2,low,1000,2,8,2091,1857,11,89004,271,,429842.979,4582125.575
243,2.167826570978551,41.41557212012243,1,low,1000,7,33,7015,1422,24,365702,94,,430454.059,4585225.289
244,2.1777661399330066,41.404515404733125,2,low,1000,2,6,2026,2098,13,350104,9,,431273.078,4583989.851
245,2.149783268837008,41.38482140357661,1,low,1000,2,9,2120,1185,29,361406,213,,428912.636,4581826.028
246,2.1517745688503833,41.406683835300896,2,low,1000,6,31,6037,1112,12,208001,213,,429102.894,4584251.535
247,2.1508756931243056,41.38149496173373,2,low,1000,2,9,2141,1231,15,18505,48,,429000.357,4581455.836
248,2.173265915430253,41.375888374992996,2,low,1000,1,1,1001,1423,1,21306,57,,430866.598,4580815.301
249,2.1479537017038424,41.38225723180678,1,low,1000,2,9,2136,892,15,287201,58,,428756.864,4581542.86
250,2.2139614431867307,41.41379478139778,2,low,1000,10,70,10090,1539,19,195409,64,,434307.858,4584991.951
251,2.187803497536947,41.40784136383774,2,low,1000,10,65,10039,1889,18,210003,20,,432115.526,4584351.18
252,2.1625024703506757,41.42937634984819,2,low,1000,7,43,7123,1488,31,312706,74,,430023.934,4586762.112
253,2.1274617402020968,41.39639069804967,1,low,1000,5,24,5023,1483,17,211505,3,,427059.229,4583128.987
254,2.1860821684757323,41.393611851475484,2,low,1000,10,66,10045,1262,18,76807,83,,431956.812,4582772.789
255,2.184047506893532,41.420974696900934,1,low,1000,9,63,9083,1754,27,115603,416,,431815.329,4585812.179
256,2.129999958370671,41.37869926739104,1,low,1000,3,18,3086,1271,28,365000,67,,427251.697,4581162.775
257,2.180821024561809,41.39616435201429,2,low,1000,2,5,2004,1494,13,325005,178,,431519.658,4583060.309
258,2.1809226806290285,41.435408703110134,2,low,1000,8,45,8029,1511,16,701558,1,,431569.361,4587417.096
259,2.1354226013336226,41.40270318315568,1,low,1000,5,25,5042,1374,22,23505,51,,427731.726,4583823.12
260,2.15220625594169,41.39071832661805,1,low,1000,2,8,2102,1385,36,70607,164,,429121.631,4582478.711
261,2.215802147811986,41.40864956554043,2,low,1000,10,69,10080,2516,19,143609,29,,434456.522,4584419.341
262,2.1684386463399825,41.43931652240677,2,low,1000,8,48,8058,1698,42,138303,1,,430530.528,4587860.883
263,2.1556278179172836,41.37569397752646,1,low,1000,2,10,2154,1035,15,110803,11,,429391.436,4580807.938
264,2.170072923553159,41.37289464366671,2,low,1000,3,11,3022,1442,4,257700,25,,430596.408,4580485.494
265,2.171906632452064,41.37670047490112,2,low,1000,1,1,1003,3829,1,86902,65,,430753.792,4580906.544
266,2.144435627058956,41.39063666902764,2,low,1000,2,8,2109,2232,29,51205,3,,428471.885,4582476.031
267,2.140142945175367,41.41310657822939,1,low,1000,6,28,6008,2123,23,147508,43,,428137.759,4584974.167
268,2.1578270004816,41.3913779686951,2,low,1000,2,8,2088,1745,8,110304,52,,429592.26,4582547.361
269,2.1476723469795393,41.41753927558517,2,low,1000,6,29,6014,1488,23,230000,74,,428771.875,4585460.061
270,2.1624899956046733,41.39878009101735,2,low,1000,2,7,2059,1705,37,90502,370,,429990.045,4583365.356
271,2.1334257415206195,41.39537670670862,2,low,1000,5,24,5022,1681,17,16204,5,,427556.675,4583011.411
272,2.1911380934983016,41.44031930979904,1,low,1000,9,60,9030,1465,30,339101,94,,432427.919,4587954.244
273,2.170549156817209,41.42021570812187,1,low,1000,7,35,7029,1309,41,141206,36,,430686.529,4585738.633
274,2.1497001548930146,41.37717498618191,1,low,1000,2,9,2149,1872,15,100800,4,,428897.358,4580977.203
275,2.1525174129904125,41.40833674946994,1,low,1000,6,31,6035,1096,24,356803,178,,429166.779,4584434.432
276,2.11788095359424,41.403693379241034,1,low,1000,5,23,5007,1796,17,188006,25,,426266.56,4583947.833
277,2.1951729540704914,41.41307389392156,1,low,1000,10,72,10107,1524,18,86200,88,,432736.878,4584926.34
278,2.1944959004114417,41.427545415727685,2,low,1000,9,61,9061,1841,27,157206,47,,432695.237,4586533.48
279,2.1121947531544185,41.4073447574235,2,low,1000,5,23,5005,1250,17,359801,37,,425795.419,4584358.061
280,2.1765124998829344,41.44395530212571,2,low,1000,8,51,8077,1440,42,36700,37,,431209.931,4588369.43
281,2.1466799705334245,41.38782989825598,2,low,1000,2,9,2110,2019,29,361406,276,,428656.453,4582162.577
282,2.1502369340820104,41.39854720052442,1,low,1000,5,26,5069,1801,6,196900,33,,428965.512,4583349.475
283,2.1914712516901753,41.379728376658186,1,low,1000,1,3,1035,1151,3,316605,20,,432392.96,4581227.25
284,2.1630265191039575,41.40639230239847,1,low,1000,6,32,6082,3330,24,144306,9,,430043.06,4584210.021
285,2.144437810887752,41.40123817634012,1,low,1000,5,26,5079,1333,6,299506,22,,428483.69,4583652.995
286,2.14490035951821,41.37046028507037,1,low,1000,3,14,3043,1628,4,301608,73,,428488.638,4580235.697
287,2.1664951528222436,41.38065753754629,2,low,1000,1,1,1014,1773,1,183206,1,,430305.498,4581350.188
288,2.15008078659072,41.40150821270128,2,low,1000,5,27,5082,1701,6,369306,14,,428955.684,4583678.331
289,2.183481883829109,41.40654788108696,2,low,1000,10,64,10018,1476,26,109101,98,,431752.963,4584210.975
290,2.1942574754504323,41.393555671482844,1,low,1000,10,67,10052,2435,5,110009,49,,432640.212,4582760.164
291,2.1776468399907722,41.38802171351161,2,low,1000,1,4,1051,1825,3,206800,26,,431245.726,4582158.839
292,2.1757351315728113,41.396319277376286,2,low,1000,2,7,2068,1721,13,286504,123,,431094.656,4583081.541
293,2.17179814755694,41.410289162603384,1,low,1000,7,33,7010,1325,25,344101,417,,430780.364,4584635.599
294,2.1761691217663652,41.40303303109041,1,low,1000,2,6,2051,1906,13,197302,241,,431138.024,4583826.548
295,2.10625737358904,41.414360849541495,2,low,1000,5,22,5002,1654,17,90400,20,,425307.193,4585142.085
296,2.1631435531699723,41.41505019948331,1,low,1000,7,34,7020,1725,24,351209,6,,430062.129,4585171.117
297,2.172277564353387,41.445570366390314,2,low,1000,8,50,8072,1235,42,7203,17,,430857.877,4588552.108
298,2.1707587386187273,41.411299358270945,1,low,1000,7,33,7010,1325,25,313108,30,,430694.565,4584748.581
299,2.1526582668297185,41.400162499573504,1,low,1000,6,31,6042,1756,12,39108,9,,429169.675,4583526.821
300,2.1655345706006663,41.37833363381716,2,low,1000,1,1,1009,2388,1,76501,41,,430222.693,4581092.965
301,2.137094625408849,41.3743086600147,1,low,1000,3,18,3101,6718,14,159405,5,,427840.097,4580669.406
302,2.175923729496196,41.404724050741066,1,low,1000,2,6,2049,2119,13,142355,4,,431119.298,4584014.478
303,2.1501870812299173,41.386621312245026,1,low,1000,2,9,2116,1001,29,87009,235,,428948.359,4582025.52
304,2.184966692392697,41.420282800660054,1,low,1000,9,63,9083,1754,27,115603,398,,431891.418,4585734.642
305,2.157410118769013,41.401392626840206,2,low,1000,6,31,6050,1274,12,61708,4,,429568.22,4583659.514
306,2.1520830087498126,41.39119878823577,1,low,1000,2,8,2105,2195,36,90502,211,,429111.849,4582532.152
307,2.1661808955416464,41.39870138412355,1,low,1000,2,7,2060,1767,37,145003,148,,430298.497,4583353.642
308,2.1853176493937236,41.436365668521816,2,low,1000,9,60,9043,1392,30,212905,33,,431937.546,4587519.873
309,2.1669791448831472,41.39781730698431,2,low,1000,2,7,2063,1241,37,145003,131,,430364.282,4583254.851
310,2.153892707344718,41.436243418831886,1,low,1000,7,43,7111,944,31,700651,74,,429312.0,4587531.484
311,2.175782433983906,41.46278996447231,2,low,1000,8,55,8114,2029,33,248301,92,,431168.859,4590461.029
312,2.1604333544191645,41.37745989055068,1,low,1000,2,10,2168,2320,15,361406,54,,429795.19,4581000.083
313,2.1886726795972447,41.408712611072126,2,low,1000,10,65,10038,1659,18,81603,90,,432189.08,4584447.224
314,2.170302333229214,41.43211475251042,2,low,1000,8,46,8041,2743,31,218901,11,,430678.561,4587059.853
315,2.1832430343632945,41.39090992808683,2,low,1000,10,66,10046,1261,18,286504,24,,431716.632,4582475.059
316,2.135434013279042,41.38034965994966,1,low,1000,3,18,3110,1439,14,313301,70,,427707.918,4581341.452
317,2.1830892722729316,41.40219513498498,1,low,1000,2,5,2014,1389,13,144601,229,,431715.59,4583728.048
318,2.1451184325063233,41.38703626675071,2,low,1000,2,9,2113,2260,29,54509,261,,428525.027,4582075.756
319,2.1365326643342644,41.37071713532742,2,low,1000,3,16,3062,1707,14,173905,155,,427789.131,4580271.149
320,2.204303244683043,41.40048323744571,1,low,1000,10,68,10061,1737,5,196707,108,,433487.105,4583521.491
321,2.1326265943060267,41.398399091544455,1,low,1000,5,24,5025,1294,17,288805,55,,427493.227,4583347.621
322,2.169931947081399,41.41157691541974,1,low,1000,7,33,7009,1317,25,186102,30,,430625.759,4584780.057
323,2.1524921735461877,41.41066724673415,2,low,1000,6,30,6018,1401,24,299200,11,,429167.201,4584693.182
324,2.188907879517584,41.39517710574534,1,low,1000,10,66,10043,3301,18,171400,104,,432194.669,4582944.346
325,2.1752456022621196,41.402732527460586,2,low,1000,2,6,2051,1906,13,129007,20,,431060.511,4583793.921
326,2.1373557938164485,41.40726985471927,2,low,1000,5,25,5037,1490,22,128503,50,,427898.368,4584328.496
327,2.1400731165074105,41.40337205337588,2,low,1000,5,26,5078,2121,6,40402,1,,428121.194,4583893.508
328,2.173516166744328,41.44713054791486,1,low,1000,8,50,8069,1668,42,212304,19,,430962.996,4588724.33
329,2.1226231962601374,41.37557929767011,2,low,1000,3,17,3080,1537,28,312400,431,,426631.349,4580822.619
330,2.2070317428715818,41.42814011964468,2,low,1000,9,59,9015,2047,20,357602,58,,433743.296,4586589.835
331,2.1838437139820117,41.395947413045015,1,low,1000,2,5,2003,1119,13,9209,113,,431772.119,4583033.84
332,2.1823076220198625,41.38416969050566,2,low,1000,1,4,1045,2056,3,46409,3,,431631.367,4581727.506
333,2.1643479574111413,41.3816252787819,2,low,1000,1,1,1015,2630,1,122609,65,,430126.992,4581459.354
334,2.1788132406338896,41.41687266542777,2,low,1000,7,35,7035,1855,41,363605,34,,431373.608,4585360.91
335,2.1908561966371893,41.41532463271901,2,low,1000,9,63,9094,2039,27,81603,185,,432378.438,4585179.576
336,2.1756340910877485,41.38556544625488,1,low,1000,1,2,1023,2296,2,210502,4,,431074.851,4581887.747
337,2.1166436469215184,41.39068258969078,2,low,1000,4,21,4055,1647,34,336001,23,,426148.409,4582504.444
338,2.1468956028646584,41.40771799409491,2,low,1000,5,27,5089,1823,23,33509,46,,428696.223,4584370.351
339,2.178244336941725,41.40979190936901,1,low,1000,2,6,2038,1543,25,105304,299,,431318.606,4584575.263
340,2.1905375178187443,41.418422753497055,2,low,1000,9,61,9064,1183,27,241608,35,,432355.02,4585523.775
341,2.1227306169720794,41.39692466213504,1,low,1000,5,23,5013,1667,34,54804,20,,426664.322,4583192.261
342,2.116085002216861,41.376881404112254,2,low,1000,4,20,4045,1408,28,96509,10,,426086.076,4580972.732
343,2.144097500082006,41.37614899921449,2,low,1000,3,15,3049,1707,14,339509,12,,428427.731,4580867.911
344,2.1857648458687313,41.38110774309638,1,low,1000,1,3,1032,1748,39,248050,4,,431917.24,4581384.852
345,2.178578052849833,41.439287494609445,1,low,1000,8,52,8084,1197,16,43604,10,,431377.561,4587849.573
346,2.1887608343437663,41.416776266460495,1,low,1000,9,63,9093,1293,27,241608,34,,432204.833,4585342.373
347,2.1503606912006155,41.38165607873497,2,low,1000,2,9,2137,1503,15,285807,136,,428957.47,4581474.145
348,2.187434946171228,41.45104385427241,1,low,1000,8,53,8106,1432,33,241200,70,,432129.734,4589147.775
349,2.153835794240848,41.39966186416485,2,low,1000,6,31,6042,1756,12,179107,25,,429267.564,4583470.279
350,2.20922202458765,41.41026959811243,1,low,1000,10,71,10094,3664,19,342503,61,,433908.191,4584604.195
351,2.15736214911996,41.42337857772057,2,low,1000,7,37,7068,1385,32,182600,50,,429587.957,4586100.411
352,2.1628062629379694,41.40820486896752,2,low,1000,6,32,6083,1681,24,109203,109,,430026.595,4584411.428
353,2.150674019186349,41.4174998539911,1,low,1000,6,29,6017,1497,23,165204,3,,429022.681,4585453.22
354,2.1699319073360517,41.39781350703044,2,low,1000,2,7,2062,1608,9,350308,343,,430611.114,4583252.06
355,2.2094235820463117,41.42194987116014,2,low,1000,10,73,10142,1736,20,15201,283,,433936.874,4585900.772
356,2.1859800016539324,41.44015847071599,1,low,1000,9,60,9035,1612,30,209900,540,,431996.842,4587940.427
357,2.1506293548491846,41.387920541598156,1,low,1000,2,9,2117,1223,36,349706,171,,428986.751,4582169.396
358,2.117748556965066,41.38110603642901,2,low,1000,4,20,4049,1357,28,102306,28,,426229.96,4581440.327
359,2.1515684744294905,41.41887675818061,1,low,1000,7,37,7061,1403,23,263600,5,,429098.928,4585605.35
360,2.1987365506078684,41.402006415712414,1,low,1000,10,68,10066,2077,5,242906,213,,433023.341,4583694.881
361,2.1183489537156817,41.39659586021827,2,low,1000,5,23,5006,1807,34,110202,27,,426297.66,4583159.476
362,2.1990648231323244,41.393452474490694,2,low,1000,10,67,10052,2435,5,143303,3,,433042.002,4582744.981
363,2.178830198000818,41.39595927400664,1,low,1000,2,5,2008,1944,13,225500,122,,431353.015,4583039.117
364,2.1226828880543613,41.40354310002565,1,low,1000,5,23,5008,1761,17,16907,62,,426667.773,4583927.073
365,2.1599232719807455,41.38489820528016,1,low,1000,2,8,2094,1526,11,100800,180,,429760.541,4581826.286
366,2.1339300058270436,41.36769933062401,2,low,1000,3,16,3067,1752,14,30602,46,,427568.124,4579938.289
367,2.186374962745036,41.43162346333094,1,low,1000,9,60,9050,1574,30,163209,7,,432020.932,4586992.566
368,2.188225201740548,41.40919568762476,2,low,1000,10,65,10039,1889,18,273808,8,,432152.182,4584501.205
369,2.179198017975503,41.462726439592046,2,low,1000,8,55,8115,1829,33,275600,42,,431454.033,4590451.265
370,2.163666509068823,41.44210662974638,2,low,1000,8,49,8060,1241,42,18254,9,,430134.848,4588174.48
371,2.1524951607960707,41.43691328252174,2,low,1000,7,41,7098,2226,35,700651,75,,429195.969,4587606.994
372,2.1689262074012428,41.38043270210417,2,low,1000,1,1,1019,3083,1,286708,8,,430508.536,4581323.275
373,2.1570953882984973,41.38168623473912,1,low,1000,2,9,2144,1567,15,87009,116,,429520.629,4581471.994
374,2.1931203009331703,41.39882321717963,1,low,1000,10,66,10042,3713,18,29206,102,,432550.59,4583345.844
375,2.1242079351610625,41.374311167868605,1,low,1000,3,17,3080,1537,28,36100,55,,426762.448,4580680.493
376,2.170620754948093,41.43622319753387,2,low,1000,8,48,8215,1642,42,180751,10,,430709.535,4587515.715
377,2.1392968959856176,41.37244159960564,2,low,1000,3,16,3058,1896,14,228600,41,,428022.204,4580460.297
378,2.2186604467817594,41.413987320543086,1,low,1000,10,70,10081,2297,19,96600,2,,434700.767,4585009.773
379,2.1531484282353173,41.40363209775146,1,low,1000,6,31,6039,1635,12,345658,7,,429214.414,4583911.611
380,2.178296715244561,41.396619083853764,2,low,1000,2,5,2008,1944,13,169409,726,,431309.112,4583112.791
381,2.12262623497616,41.37832339637403,2,low,1000,4,20,4039,1245,28,343903,66,,426634.687,4581127.262
382,2.175326407826669,41.41093786888013,1,low,1000,2,6,2040,1783,25,231900,18,,431075.938,4584704.804
383,2.143382800915262,41.37240861261417,2,low,1000,3,15,3055,1603,14,701620,11,,428363.862,4580453.25
384,2.1587732736829546,41.37353382536827,2,low,1000,3,11,3007,1684,4,43706,1,,429652.142,4580565.564
385,2.1373539520400735,41.37411386213166,2,low,1000,3,18,3102,1411,14,159405,1,,427861.568,4580647.564
386,2.141545728307673,41.37403747129553,1,low,1000,3,15,3051,1849,14,355403,24,,428212.023,4580635.603
387,2.1387351523244504,41.39532230883617,2,low,1000,5,26,5054,1008,21,173304,5,,428000.472,4583000.946
388,2.177318368509269,41.447795428776864,2,low,1000,8,50,8067,1987,42,259002,37,,431281.302,4588795.119
389,2.1858702306220836,41.391048463868735,2,low,1000,10,66,10047,2092,18,271100,29,,431936.42,4582488.372
390,2.138420932034546,41.397965599335876,1,low,1000,5,26,5052,1424,21,28000,228,,427977.122,4583294.662
391,2.1781443937402756,41.446574018099675,2,low,1000,8,50,8074,1659,42,236109,15,,431349.013,4588658.863
392,2.1581885279206388,41.422505716277854,2,low,1000,7,37,7067,1654,32,67103,96,,429656.069,4586002.835
393,2.178628074698281,41.4106252831035,1,low,1000,10,64,10011,1252,26,90604,20,,431351.556,4584667.479
394,2.161535228060916,41.40445299676302,2,low,1000,6,31,6060,1775,24,274800,85,,429916.328,4583995.927
395,2.162993172265374,41.434815352355926,1,low,1000,7,43,7106,1234,31,154300,9,,430070.772,4587365.55
396,2.1884352139756573,41.40739608684754,2,low,1000,10,65,10039,1889,18,209004,5,,432167.863,4584301.251
397,2.1752436617369004,41.41929917063652,2,low,1000,7,35,7037,1564,41,26208,73,,431077.862,4585633.133
398,2.155818398370972,41.386224891895594,2,low,1000,2,8,2099,1532,11,287201,133,,429418.761,4581976.908
399,2.1780714147058955,41.43112013657252,1,low,1000,8,45,8023,1477,16,108903,63,,431326.627,4586943.24
400,2.181869261321957,41.440943608261186,1,low,1000,8,52,8093,1354,16,364700,9,,431654.252,4588030.83
401,2.17046599344658,41.405047444987275,2,low,1000,6,32,6073,1325,25,90502,527,,430663.451,4584054.735
402,2.179392589970957,41.39574676406982,1,low,1000,2,5,2005,4045,13,71600,140,,431399.806,4583015.079
403,2.1665030052820335,41.398040018909185,2,low,1000,2,7,2063,1241,37,144601,343,,430324.717,4583279.959
404,2.1721639742370216,41.44542213355039,2,low,1000,8,50,8072,1235,42,7203,11,,430848.231,4588535.742
405,2.1225731114826685,41.41131398513488,2,low,1000,5,25,5032,1893,17,701352,40,,426667.336,4584789.882
406,2.1517745688503833,41.406683835300896,2,low,1000,6,31,6037,1112,12,208001,209,,429102.894,4584251.535
407,2.186595760860679,41.41479051429876,1,low,1000,10,64,10001,1654,26,209900,195,,432021.826,4585123.614
408,2.1350186214053135,41.408855321514174,2,low,1000,5,25,5036,1818,22,128503,1,,427704.778,4584506.461
409,2.148659336337133,41.39005092988809,1,low,1000,2,8,2104,1171,36,245802,116,,428824.366,4582407.525
410,2.128497810587836,41.37597237810046,2,low,1000,3,17,3083,1359,28,300605,7,,427123.044,4580861.302
411,2.1821250393936675,41.39108799176169,2,low,1000,1,4,1055,1382,18,11200,2,,431623.35,4582495.709
412,2.172203410495046,41.412378192154975,2,low,1000,7,33,7012,1599,25,313108,72,,430816.452,4584867.197
413,2.195788020539167,41.40576634286505,1,low,1000,10,71,10096,1664,18,144601,166,,432780.75,4584114.587
414,2.1973199816271483,41.39926323477511,2,low,1000,10,68,10058,1202,5,270901,119,,432902.109,4583391.433
415,2.1486095638825686,41.39150689402632,2,low,1000,2,8,2107,1632,36,363809,204,,428821.793,4582569.205
416,2.1912527716064196,41.43868486106047,2,low,1000,9,60,9029,1080,30,339101,58,,432435.804,4587772.699
417,2.160240942272129,41.39939970799598,2,low,1000,6,31,6046,1172,12,208001,23,,429802.705,4583435.965
418,2.1633456883403124,41.37549148450122,2,low,1000,2,10,2172,1502,15,198407,1,,430036.613,4580779.199
419,2.144091955776499,41.37957549863405,2,low,1000,2,9,2130,1070,15,331507,98,,428431.024,4581248.32
420,2.1549324480464134,41.387952279558235,2,low,1000,2,8,2099,1532,36,191204,158,,429346.557,4582169.402
421,2.1686957868061425,41.41528470652993,2,low,1000,7,33,7015,1422,24,365702,104,,430526.395,4585192.683
422,2.1416043714564372,41.3961626931516,2,low,1000,5,26,5060,1143,21,55603,59,,428241.258,4583091.864
423,2.204707240126398,41.42362895473013,1,low,1000,10,73,10138,3322,20,25806,4,,433544.47,4586090.791
424,2.18152484700806,41.424713888096115,1,low,1000,9,62,9074,1805,27,121402,168,,431608.446,4586229.29
425,2.162366205534957,41.42485725837117,1,low,1000,7,36,7057,1490,32,60002,22,,430007.695,4586260.516
426,2.208237237569591,41.4071974509409,2,low,1000,10,69,10076,2286,19,270901,336,,433822.766,4584263.881
427,2.1729217872726485,41.43837903844479,2,low,1000,8,48,8055,1798,42,351901,214,,430904.063,4587753.216
428,2.144490489476124,41.384384446943585,1,low,1000,2,9,2124,1148,29,110803,182,,428469.619,4581781.873
429,2.1813298405326957,41.38116767419801,1,low,1000,1,2,1031,1790,2,18006,6,,431546.464,4581394.999
430,2.191755459899329,41.42717909318306,2,low,1000,9,61,9061,1841,27,39709,118,,432465.875,4586494.945
431,2.1444763777805598,41.38545826199687,1,low,1000,2,9,2125,1689,29,90502,79,,428469.616,4581901.098
432,2.174578835500317,41.43610074553466,1,low,1000,8,45,8035,7056,16,7600,50,,431040.086,4587498.96
433,2.1863267560963355,41.39342711699869,1,low,1000,10,66,10045,1262,18,76807,77,,431977.067,4582752.088
434,2.1402598815776175,41.393268357294495,2,low,1000,5,26,5057,1684,21,37408,15,,428125.674,4582771.653
435,2.1761892904278892,41.407996182234115,1,low,1000,2,6,2036,1206,25,73900,301,,431144.95,4584377.535
436,2.1581631307488514,41.431432413892864,1,low,1000,7,43,7114,1271,32,89208,23,,429663.582,4586993.891
437,2.1742372596498014,41.38153742004678,2,low,1000,1,2,1028,2024,2,45508,23,,430953.8,4581441.674
438,2.2069756112183194,41.40369204420146,1,low,1000,10,68,10073,1463,5,115603,50,,433713.753,4583875.68
439,2.139582630789991,41.3806429828587,1,low,1000,3,18,3107,1857,14,270209,35,,428055.138,4581370.564
440,2.155624062807332,41.39304425325773,2,low,1000,2,8,2084,2105,8,110304,90,,429409.89,4582734.142
441,2.179500260545238,41.39346490481237,2,low,1000,2,5,2006,1629,13,286504,77,,431406.408,4582761.665
442,2.2061865119216564,41.42473575776042,1,low,1000,10,73,10138,3322,20,701882,20,,433669.207,4586212.533
443,2.19518657653442,41.40870336108009,1,low,1000,10,71,10098,1719,18,700908,18,,432733.508,4584441.118
444,2.1734584464646223,41.42254915816351,1,low,1000,7,35,7051,1939,32,202504,58,,430932.12,4585995.366
445,2.163289935041054,41.43569067385956,2,low,1000,7,43,7105,1148,31,88602,20,,430096.505,4587462.488
446,2.146934936895037,41.38082965816957,2,low,1000,2,9,2134,1515,15,362001,120,,428670.12,4581385.211
447,2.141865567533933,41.38556386276397,1,low,1000,4,19,4016,1074,29,52503,1,,428251.44,4581914.98
448,2.1737199766753412,41.39861395821077,2,low,1000,2,7,2066,1806,13,18505,396,,430928.625,4583337.898
449,2.161532174870531,41.43821148628168,2,low,1000,7,43,7104,1644,42,136705,9,,429952.361,4587743.768
450,2.154398513872306,41.38782487303115,1,low,1000,2,8,2101,2248,36,191204,157,,429301.778,4582155.693
451,2.1382878234905776,41.36391132942132,1,low,1000,3,13,3213,2420,38,230601,391,,427928.404,4579514.12
452,2.1797861177165534,41.39432906904236,2,low,1000,2,5,2002,5278,13,28305,78,,431431.214,4582857.377
453,2.1788631423846945,41.3828504297055,2,low,1000,1,2,1026,12589,2,71701,1,,431341.978,4581583.767
454,2.2138162857864194,41.407850893093034,2,low,1000,10,69,10080,2516,19,342503,2,,434289.737,4584332.178
455,2.1704602945820923,41.406723903479325,1,low,1000,2,6,2043,1536,25,161407,101,,430664.757,4584240.858
456,2.1346275905946186,41.37533373552531,1,low,1000,3,18,3096,1593,28,312400,119,,427634.927,4580785.265
457,2.1579882845443645,41.37589695534654,1,low,1000,2,10,2156,1316,15,285807,16,,429589.045,4580828.552
458,2.1517574353647912,41.43402222463921,1,low,1000,7,41,7098,2226,35,700812,8,,429131.191,4587286.634
459,2.161592598746016,41.39297056687711,1,low,1000,2,7,2081,2268,8,191204,242,,429908.787,4582721.116
460,2.180682998636561,41.38186940417733,1,low,1000,1,2,1026,12589,2,16102,2,,431493.114,4581473.415
461,2.1764466997213323,41.429075212292474,2,low,1000,8,44,8014,1279,16,114702,15,,431188.719,4586717.504
462,2.1556887183230042,41.37592820566926,2,low,1000,2,10,2155,1816,15,110803,20,,429396.782,4580833.892
463,2.129166382903479,41.39499551726676,2,low,1000,5,24,5022,1681,17,196106,17,,427200.175,4582972.662
464,2.1726280037394927,41.434560610538725,2,low,1000,8,45,8037,1637,16,103003,104,,430875.468,4587329.531
465,2.1885854402118627,41.41786435693675,1,low,1000,9,63,9092,1893,27,43900,59,,432191.307,4585463.309
466,2.122939393368897,41.378136184648845,2,low,1000,4,20,4039,1245,28,257007,18,,426660.663,4581106.213
467,2.1648626733909277,41.4381653375336,1,low,1000,8,48,8051,1340,42,363503,112,,430230.552,4587735.955
468,2.185063114529851,41.422008917234066,2,low,1000,9,61,9068,1579,27,121402,124,,431901.279,4585926.198
469,2.1882914276644407,41.41628574153405,2,low,1000,9,63,9093,1293,27,241608,22,,432165.094,4585288.283
470,2.176495514851494,41.45027728170668,1,low,1000,8,50,8066,1742,42,700113,1,,431215.19,4589071.307
471,2.1781171241050883,41.41678990618509,2,low,1000,7,35,7036,1497,41,79102,9,,431315.346,4585352.274
472,2.1898392114465057,41.42416334814925,2,low,1000,9,61,9058,1586,27,246500,35,,432302.626,4586161.636
473,2.179052330911462,41.406690970364,1,low,1000,2,6,2032,1247,13,362704,30,,431382.875,4584230.36
474,2.1535064385041913,41.3885952289748,1,low,1000,2,8,2101,2248,36,268003,182,,429228.029,4582241.945
475,2.126808803551756,41.37627362961616,2,low,1000,3,17,3082,1884,28,263407,15,,426982.141,4580896.168
476,2.1627870673234573,41.3825091535453,1,low,1000,2,10,2164,1625,11,70607,6,,429997.425,4581558.74
477,2.1925631597201996,41.42457180045774,2,low,1000,9,61,9062,1692,27,39709,80,,432530.665,4586204.856
478,2.1911042602647814,41.40178111203049,1,low,1000,10,66,10042,3713,18,30500,153,,432385.128,4583675.797
479,2.1279728674378378,41.39676956355605,2,low,1000,5,24,5023,1483,17,167902,5,,427102.381,4583170.618
480,2.1510258417347417,41.404941608435664,1,low,1000,6,31,6040,1779,12,206403,229,,429038.417,4584058.728
481,2.1562724147555534,41.40870228089337,1,low,1000,6,31,6028,1339,24,203904,60,,429481.023,4584471.949
482,2.15584477029045,41.39117351092536,2,low,1000,2,8,2084,2105,36,23403,124,,429426.318,4582526.275
483,2.1722113842129076,41.376753334974296,1,low,1000,1,1,1003,3829,1,140203,27,,430779.332,4580912.169
484,2.160409564099213,41.40593369745515,2,low,1000,6,31,6062,1231,24,340406,43,,429823.831,4584161.224
485,2.185006854963623,41.42264562542373,1,low,1000,9,61,9068,1579,27,233701,70,,431897.243,4585996.929
486,2.1751899862087067,41.436519462033075,1,low,1000,8,45,8035,7056,16,256401,85,,431091.588,4587544.959
487,2.1446017159791926,41.37341637138917,2,low,1000,3,15,3053,2278,14,45803,68,,428466.901,4580564.123
488,2.193325108867346,41.426665164454974,1,low,1000,9,61,9061,1841,27,701973,11,,432596.499,4586436.666
489,2.144437810887752,41.40123817634012,1,low,1000,5,26,5079,1333,6,299506,24,,428483.69,4583652.995
490,2.1297281089935574,41.372525333486145,2,low,1000,3,17,3072,1387,28,328808,75,,427222.083,4580477.583
491,2.1727318885350146,41.39375204209515,2,low,1000,2,7,2072,1264,9,145003,50,,430840.873,4582798.923
492,2.157174052403967,41.376232829928966,2,low,1000,2,10,2155,1816,15,285807,25,,429521.319,4580866.502
493,2.180478672388749,41.41443486915962,2,low,1000,10,64,10006,1900,41,161407,273,,431510.228,4585088.95
494,2.1629307624189775,41.37557224589931,2,low,1000,2,10,2172,1502,15,361406,6,,430002.002,4580788.5
495,2.1788936917736,41.427816626934764,2,low,1000,9,62,9076,1565,27,282300,51,,431391.852,4586575.835
496,2.1757780018956563,41.44536744110324,2,low,1000,8,50,8074,1659,42,120807,199,,431150.067,4588526.789
497,2.169168310304106,41.41680954387721,1,low,1000,7,35,7027,2167,41,50100,11,,430567.509,4585361.59
498,2.1376726372027477,41.41287051409761,2,low,1000,5,25,5034,1199,22,140101,16,,427931.041,4584950.012
499,2.162205101671516,41.38949574550049,1,low,1000,2,8,2091,1857,7,32700,55,,429956.263,4582334.851
500,2.1725684378188723,41.40212947639418,2,low,1000,2,6,2053,1920,13,292201,4,,430836.091,4583729.105
501,2.1912883685565094,41.380201707135605,1,low,1000,1,3,1035,1151,3,316605,6,,432378.158,4581279.941
502,2.125295343486725,41.3781725562411,2,low,1000,4,20,4038,1231,28,38604,12,,426857.709,4581108.26
503,2.176833152398035,41.38701126042058,2,low,1000,1,4,1050,1593,3,365906,3,,431176.63,4582047.306
504,2.180194635438427,41.443173518445114,2,low,1000,8,52,8088,1334,16,202005,8,,431516.699,4588279.717
505,2.166768103350306,41.39313984306039,2,low,1000,2,7,2078,1380,9,247659,132,,430341.646,4582735.735
506,2.17639220233964,41.45914117426136,1,low,1000,8,55,8112,1896,33,351606,33,,431215.926,4590055.456
507,2.1570213191909975,41.43169932019055,1,low,1000,7,43,7114,1271,32,89208,51,,429568.47,4587024.451
508,2.1398669449558763,41.38596070899728,1,low,1000,4,19,4015,1934,29,107004,43,,428084.771,4581960.694
509,2.1814589330441905,41.382766788202645,2,low,1000,1,4,1046,1919,3,56209,3,,431558.935,4581572.428
510,2.1638587008329986,41.38291602364949,2,low,1000,1,1,1016,2172,1,296508,68,,430087.465,4581603.045
511,2.161594989753107,41.40932550500662,1,low,1000,6,32,6084,1499,24,268105,117,,429926.559,4584536.819
512,2.146486262251643,41.37121577459887,1,low,1000,3,14,3042,1401,4,301608,41,,428622.093,4580318.263
513,2.1821417830427197,41.43554408418349,1,low,1000,8,45,8029,1511,16,700021,36,,431671.355,4587431.163
514,2.149816090385466,41.39231258250008,2,low,1000,2,8,2106,1430,36,70607,226,,428923.54,4582657.661
515,2.1686165126231494,41.4079756595303,1,low,1000,7,33,7003,1343,25,344101,316,,430511.981,4584381.304
516,2.1440187407895563,41.400841927832076,2,low,1000,5,26,5075,1926,6,299506,29,,428448.225,4583609.35
517,2.169768041848483,41.433459428830105,2,low,1000,8,46,8040,2025,31,342707,19,,430635.352,4587209.566
518,2.1809783095769557,41.40413003292672,1,low,1000,2,6,2024,1218,13,18505,488,,431541.167,4583944.524
519,2.1475307053378145,41.387192555050014,1,low,1000,2,9,2110,2019,29,361406,250,,428726.885,4582091.12
520,2.1837647884106066,41.44580887043545,2,low,1000,8,52,8101,1765,16,358004,8,,431817.697,4588569.474
521,2.1373498989863298,41.386053721105014,1,low,1000,4,19,4012,1297,29,227800,117,,427874.423,4581973.112
522,2.1914369945042926,41.39265914914496,2,low,1000,10,67,10051,1688,5,44200,63,,432403.49,4582662.83
523,2.1831087105264295,41.40776397172733,2,low,1000,10,64,10016,1288,26,350308,563,,431723.045,4584346.278
524,2.185063114529851,41.422008917234066,2,low,1000,9,61,9068,1579,27,121402,118,,431901.279,4585926.198
525,2.1737228028974243,41.394431545259955,2,low,1000,2,7,2072,1264,9,31300,53,,430924.433,4582873.57
526,2.172495922963866,41.372455069267815,2,low,1000,3,11,3021,1086,4,218606,24,,430798.57,4580434.756
527,2.157971146129984,41.416138771248015,1,low,1000,7,34,7021,1094,24,700050,5,,429631.031,4585296.159
528,2.1410440174076313,41.38267888861549,1,low,1000,3,18,3113,1595,29,285104,104,,428179.575,4581595.375
529,2.165863274366219,41.40549498729844,1,low,1000,6,32,6066,1006,25,225500,347,,430279.208,4584108.115
530,2.1664369256732954,41.41102425023729,2,low,1000,7,33,7007,1398,25,309202,5,,430333.064,4584721.506
531,2.1690553247256483,41.377714308463815,2,low,1000,1,1,1004,3097,1,282605,31,,430516.439,4581021.38
532,2.131274138338484,41.400257282656305,1,low,1000,5,24,5026,1430,17,113007,64,,427382.238,4583555.048
533,2.136754419248098,41.362143312749,1,low,1000,3,13,3028,2705,38,369102,7,,427798.198,4579319.114
534,2.1650183805787293,41.409057567678346,2,low,1000,6,32,6079,1180,25,228803,67,,430212.4,4584504.309
535,2.162305264648476,41.430610302820405,1,low,1000,7,43,7117,4580,31,157104,13,,430008.782,4586899.264
536,2.1852005184100145,41.41914745361343,2,low,1000,9,63,9089,1520,27,297001,446,,431909.772,4585608.413
537,2.1921500739774,41.430205783963906,2,low,1000,9,60,9022,1238,30,201603,54,,432501.983,4586830.658
538,2.195262155228664,41.42888306184855,1,low,1000,9,60,9019,2618,30,701507,10,,432760.643,4586681.389
539,2.209166261755526,41.40240874562261,1,low,1000,10,68,10072,2075,5,701278,197,,433895.563,4583731.536
540,2.1715641107724,41.416839214497436,1,low,1000,7,35,7038,1338,41,354502,174,,430767.759,4585362.966
541,2.1995435700159502,41.41845198767053,2,low,1000,10,72,10118,1001,20,153205,77,,433107.672,4585520.025
542,2.1600952920052148,41.38966207261372,1,low,1000,2,8,2090,1787,7,110304,16,,429780.05,4582355.024
543,2.1702881475759,41.43409812454619,1,low,1000,8,46,8040,2025,31,295403,61,,430679.486,4587280.057
544,2.1148808365940828,41.37773401332963,2,low,1000,4,20,4046,2370,28,65200,23,,425986.348,4581068.415
545,2.1615909916398377,41.377568044371415,1,low,1000,2,10,2168,2320,15,192502,49,,429892.109,4581011.153
546,2.179795829921221,41.38028939750038,2,low,1000,1,2,1027,1622,2,144204,29,,431417.273,4581298.707
547,2.127419511062455,41.38351853418019,1,low,1000,4,20,4084,1435,28,66508,61,,427041.308,4581699.972
548,2.1463595337928374,41.37597014997645,1,low,1000,3,15,3047,1799,14,267102,1,,428616.693,4580846.19
549,2.206802252031205,41.40781337136136,1,low,1000,10,69,10076,2286,19,242906,356,,433703.452,4584333.357
550,2.159954720318678,41.39910814494864,1,low,1000,6,31,6046,1172,12,201501,10,,429778.465,4583403.828
551,2.210040999680549,41.41770596336633,1,low,1000,10,70,10089,7337,19,131304,30,,433984.17,4585429.147
552,2.1663822614111665,41.37984434050194,2,low,1000,1,1,1013,1472,1,67307,114,,430295.19,4581259.999
553,2.1435331994711357,41.39925197968955,1,low,1000,5,26,5076,1487,6,28000,166,,428405.893,4583433.237
554,2.1328512630445795,41.36586699250424,2,low,1000,3,16,3064,2171,14,701377,28,,427475.87,4579735.768
555,2.1932504354659264,41.4077270272713,2,low,1000,10,71,10098,1719,18,169409,908,,432570.674,4584334.232
556,2.1837348836804877,41.40788258572887,2,low,1000,10,64,10017,1672,26,350308,572,,431775.506,4584358.953
557,2.1486316215560057,41.404083753448525,2,low,1000,5,27,5084,1396,6,339305,7,,428837.358,4583965.454
558,2.1561268885048355,41.42285368488425,1,low,1000,7,37,7068,1385,32,85900,37,,429484.168,4586043.143
559,2.1463533407618853,41.41476211659062,1,low,1000,6,29,6013,1922,23,32200,23,,428658.607,4585152.829
560,2.1396609771493047,41.398650079400994,2,low,1000,5,26,5052,1424,21,275508,47,,428081.538,4583369.622
561,2.1797754048425104,41.432156327603174,2,low,1000,8,45,8021,1476,16,340803,27,,431470.089,4587056.927
562,2.188582685493523,41.43797053159215,1,low,1000,9,60,9039,1558,30,4205,8,,432211.995,4587695.482
563,2.19384314322679,41.45062012345576,2,low,1000,9,57,9005,2020,33,34400,82,,432664.551,4589095.727
564,2.1575034931879236,41.41660215935235,2,low,1000,7,34,7021,1094,24,274200,52,,429592.449,4585347.984
565,2.190087290172499,41.431351205617645,2,low,1000,9,60,9022,1238,30,285909,28,,432330.82,4586959.432
566,2.1549447647631736,41.37649237133322,1,low,1000,2,10,2153,1407,15,110803,22,,429335.181,4580897.131
567,2.172498845891361,41.38096371786835,1,low,1000,1,1,1006,1845,1,157909,21,,430807.833,4581379.369
568,2.1781662389130103,41.38026103424799,1,low,1000,1,2,1031,1790,2,63408,6,,431280.981,4581296.849
569,2.182147754463986,41.41179330632987,1,low,1000,10,64,10021,1319,26,184209,40,,431646.95,4584794.368
570,2.175935332345497,41.43540742196467,1,low,1000,8,45,8035,7056,16,113404,111,,431152.683,4587420.908
571,2.180110678367608,41.38230334539018,1,low,1000,1,2,1026,12589,2,261503,4,,431445.715,4581522.043
572,2.175194008766042,41.44273983390747,1,low,1000,8,51,8080,1647,42,9901,37,,431098.504,4588235.538
573,2.1424934770524757,41.369710674787925,1,low,1000,3,14,3043,1628,4,169409,224,,428286.527,4580154.465
574,2.1379634354201507,41.37826968844058,1,low,1000,3,18,3107,1857,14,352904,4,,427917.125,4581108.43
575,2.1978172529135143,41.41414354297429,1,low,1000,10,72,10109,1787,20,107503,10,,432958.976,4585043.041
576,2.1922054334665173,41.41390785231968,1,low,1000,10,65,10030,1775,18,350308,704,,432489.73,4585021.234
577,2.1529390393668093,41.379430036826555,2,low,1000,2,9,2146,1268,15,285807,101,,429170.645,4581224.903
578,2.1569266907450038,41.425483166682206,2,low,1000,7,37,7075,1282,32,337401,50,,429553.844,4586334.415
579,2.1729126581548615,41.40421901308154,2,low,1000,2,6,2049,2119,25,325800,7,,430867.079,4583960.808
580,2.2109472246375095,41.40609550900189,2,low,1000,10,69,10079,1668,19,110009,333,,434048.16,4584139.478
581,2.17922657291672,41.44089250092253,1,low,1000,8,52,8085,1605,16,301302,36,,431433.429,4588027.246
582,2.1445698683971615,41.39891859633829,2,low,1000,5,26,5074,1661,21,246805,16,,428492.186,4583395.369
583,2.174805701399613,41.38135795173057,1,low,1000,1,2,1028,2024,2,275803,6,,431001.141,4581421.297
584,2.169448359406601,41.404492817793574,2,low,1000,6,32,6071,1100,25,325005,285,,430577.801,4583993.976
585,2.152132780303877,41.42430925057731,1,low,1000,7,37,7078,1516,32,221407,51,,429151.991,4586207.999
586,2.170831572195165,41.43496216287019,1,low,1000,8,48,8050,1368,42,349808,135,,430725.807,4587375.547
587,2.154931616492157,41.38452688040928,1,low,1000,2,9,2139,1743,11,18505,124,,429342.779,4581789.12
588,2.174227419168306,41.43596512067,1,low,1000,8,45,8034,1334,16,7600,47,,431010.583,4587484.183
589,2.1801216632650124,41.38130217455119,2,low,1000,1,2,1026,12589,2,145400,21,,431445.582,4581410.886
590,2.1897421931343004,41.41054508182777,2,low,1000,10,65,10038,1659,18,18505,634,,432280.374,4584649.826
591,2.170977682900174,41.37335028106457,1,low,1000,3,11,3019,1527,4,204204,4,,430672.554,4580535.354
592,2.1513716295758942,41.38833731012304,1,low,1000,2,8,2103,1699,36,36609,4,,429049.264,4582215.057
593,2.2028186447022975,41.40135919077309,2,low,1000,10,68,10062,1485,5,186703,202,,433363.9,4583619.879
594,2.1677124347131667,41.40635908119693,2,low,1000,6,32,6075,1120,25,297001,51,,430434.692,4584202.559
595,2.160511993055341,41.37541033371601,2,low,1000,2,10,2173,1502,15,54509,3,,429799.562,4580772.481
596,2.171400949182656,41.432486102873014,2,low,1000,8,46,8040,2025,31,701538,3,,430770.746,4587100.201
597,2.178796345047536,41.43953292933895,2,low,1000,8,52,8084,1197,16,43604,14,,431396.056,4587876.648
598,2.1725580143978664,41.406073418988136,2,low,1000,2,6,2047,1901,25,197302,318,,430839.402,4584166.965
599,2.17645968075512,41.381808035126845,2,low,1000,1,2,1027,1622,2,93500,2,,431139.915,4581469.949
600,2.1383503789183056,41.392830937568064,1,low,1000,5,26,5057,1684,17,46103,31,,427965.555,4582724.677
601,2.172223579930198,41.40409062795949,2,low,1000,2,6,2054,2020,25,76807,325,,430809.345,4583947.105
602,2.1885796037566556,41.42098270063739,1,low,1000,9,61,9066,1468,27,156509,48,,432194.063,4585809.509
603,2.1520131742496673,41.37870597580343,1,low,1000,2,9,2146,1268,15,110803,66,,429092.439,4581145.276
604,2.154323224084688,41.40401104520125,2,low,1000,6,31,6039,1635,12,205400,11,,429313.023,4583952.722
605,2.1498603186663936,41.39843779678483,1,low,1000,5,26,5070,1521,6,196900,52,,428933.91,4583337.638
606,2.1910770554898615,41.45134050270437,2,low,1000,9,57,9002,2313,33,364404,20,,432434.255,4589177.859
607,2.1772271775167096,41.40498474208278,2,low,1000,2,6,2027,2073,13,191204,429,,431228.523,4584042.384
608,2.178981680653203,41.38199330921922,1,low,1000,1,2,1026,12589,2,85706,4,,431350.988,4581488.517
609,2.1308670585367504,41.38045658289712,1,low,1000,4,19,4035,1343,28,187207,137,,427326.16,4581357.142
610,2.213384394451221,41.403490691767,2,low,1000,10,69,10078,2438,19,700892,59,,434249.243,4583848.442
611,2.2038248981068738,41.405139263004735,2,low,1000,10,68,10074,1804,5,80407,8,,433451.87,4584038.764
612,2.189909502294571,41.37797875912099,2,low,1000,1,3,1034,997,3,187706,32,,432260.554,4581034.23
613,2.156054395666465,41.40062929548293,1,low,1000,6,31,6049,1135,12,252808,8,,429454.069,4583575.873
614,2.1909856406629755,41.400171647429254,2,low,1000,10,66,10042,3713,18,29206,137,,432373.544,4583497.209
615,2.1793803111656644,41.386891576492054,1,low,1000,1,4,1048,2263,3,128900,17,,431389.469,4582031.999
616,2.1896133201919263,41.43081912159949,1,low,1000,9,60,9021,1408,30,296202,118,,432290.666,4586900.731
617,2.1875955010374577,41.39850329751971,1,low,1000,10,66,10043,3301,18,330107,10,,432088.419,4583314.643
618,2.173629251616576,41.41945686320757,1,low,1000,7,35,7032,1514,41,293601,15,,430943.117,4585651.926
619,2.1313721118998843,41.377224519989504,2,low,1000,3,18,3094,1244,28,210808,83,,427364.795,4580997.9
620,2.214687036911352,41.412962265662685,2,low,1000,10,70,10093,1636,19,195409,37,,434367.661,4584898.976
621,2.1794698587305716,41.39409134001588,1,low,1000,2,5,2002,5278,13,28305,76,,431404.525,4582831.235
622,2.158070462325754,41.392011860745285,2,low,1000,2,8,2088,1745,8,268003,244,,429613.298,4582617.537
623,2.146776936616652,41.38094903425648,1,low,1000,2,9,2134,1515,15,362001,126,,428657.039,4581398.594
624,2.18991988944176,41.43213257602881,2,low,1000,9,60,9024,1218,30,245405,3,,432317.645,4587046.31
625,2.189191996919807,41.43687036255047,1,low,1000,9,60,9040,1746,30,324501,8,,432261.755,4587572.865
626,2.135490425159288,41.38683004753052,1,low,1000,4,19,4012,1297,29,231502,122,,427719.812,4582060.848
627,2.173623797357782,41.40689600376941,2,low,1000,2,6,2047,1901,25,178308,330,,430929.356,4584257.437
628,2.1258657186871965,41.39479033897148,2,low,1000,5,23,5016,1930,34,38900,60,,426924.014,4582952.662
629,2.182164220105944,41.42348999799634,2,low,1000,9,62,9081,1810,27,204907,47,,431660.589,4586092.91
630,2.1243253637526887,41.398071779964795,2,low,1000,5,23,5011,1479,17,165805,34,,426798.924,4583318.264
631,2.1976779214546625,41.418356033481,1,low,1000,10,72,10119,1231,20,158504,90,,432951.664,4585510.815
632,2.1169729368827936,41.4259721481318,1,low,1000,5,22,5002,1654,35,299007,61,,426215.879,4586421.977
633,2.162562533333936,41.43065542058779,2,low,1000,7,43,7117,4580,31,157104,8,,430030.326,4586904.065
634,2.1800101163876873,41.442210426181916,2,low,1000,8,52,8091,1463,16,314905,98,,431500.272,4588172.941
635,2.1626814291078618,41.41501110452725,1,low,1000,7,34,7020,1725,24,351107,22,,430023.466,4585167.15
636,2.1558233231601864,41.38236919991391,1,low,1000,2,9,2143,1593,15,87009,155,,429415.003,4581548.851
637,2.1553931858201207,41.38660098756436,2,low,1000,2,8,2099,1532,11,350308,160,,429383.616,4582019.008
638,2.1480342146616485,41.3729928922142,1,low,1000,3,14,3046,1521,4,207304,16,,428753.486,4580514.282
639,2.1758922739241444,41.42860862850023,1,low,1000,8,44,8013,1221,16,121402,273,,431141.901,4586666.145
640,2.1894841966330088,41.42936292325994,2,low,1000,9,60,9052,1244,30,227301,119,,432278.364,4586739.166
641,2.164438702611862,41.412669949635784,1,low,1000,7,33,7017,1805,24,805,5,,430167.819,4584905.819
642,2.1490476929205116,41.38407354015582,1,low,1000,2,9,2122,1102,29,54509,193,,428850.318,4581743.605
643,2.194247073988805,41.41160481495881,2,low,1000,10,65,10035,1911,18,180401,258,,432657.98,4584763.964
644,2.1785837169651527,41.38014562029495,1,low,1000,1,2,1031,1790,2,63408,11,,431315.768,4581283.705
645,2.14138911887902,41.37359603314517,2,low,1000,3,16,3057,1511,14,355403,9,,428198.441,4580586.725
646,2.18059965826004,41.38053231951842,2,low,1000,1,2,1031,1790,2,209208,19,,431484.742,4581325.04
647,2.1810022879571913,41.42123796503325,1,low,1000,9,62,9082,2187,27,269403,14,,431561.131,4585843.809
648,2.178360928450615,41.43824827867871,2,low,1000,8,45,8031,1298,16,113404,203,,431358.327,4587734.372
649,2.186766399216155,41.43963195447496,2,low,1000,9,60,9035,1612,30,700645,3,,432061.989,4587881.356
650,2.170423748304659,41.38453803777329,1,low,1000,1,1,1021,2259,2,34308,121,,430638.119,4581777.843
651,2.201069939723882,41.41578998082071,2,low,1000,10,72,10121,1623,20,15201,150,,433232.502,4585223.314
652,2.155798892771595,41.38860559479881,1,low,1000,2,8,2098,1529,36,191204,170,,429419.705,4582241.226
653,2.2106543695097187,41.42341886504212,1,low,1000,10,73,10143,1837,20,150852,103,,434041.21,4586062.92
654,2.190821561319512,41.39150763537429,2,low,1000,10,67,10051,1688,5,197302,57,,432350.845,4582535.471
655,2.183007332145008,41.43805463542956,2,low,1000,8,45,8029,1511,16,700021,70,,431746.299,4587709.2
656,2.178451994923484,41.40732273961158,2,low,1000,2,6,2032,1247,25,268003,520,,431333.362,4584300.974
657,2.17453266410543,41.408871383098806,2,low,1000,2,6,2039,1910,25,142300,54,,431007.412,4584476.017
658,2.177901208142339,41.43924841342125,2,low,1000,8,52,8083,1388,16,135509,5,,431320.975,4587845.771
659,2.1275713990049874,41.37920311743247,1,low,1000,4,20,4037,2256,28,84703,15,,427049.185,4581220.753
660,2.167459816648671,41.40522303147263,1,low,1000,6,32,6076,1246,25,184708,13,,430412.365,4584076.639
661,2.150062236642842,41.3811578037909,2,low,1000,2,9,2135,2079,15,18505,69,,428931.972,4581419.072
662,2.1715352342785232,41.37984038284007,2,low,1000,1,1,1006,1845,1,175208,15,,430726.067,4581255.428
663,2.1841874030912,41.44636942787165,1,low,1000,8,52,8101,1765,16,120807,412,,431853.586,4588631.374
664,2.185135008943171,41.40839074144616,1,low,1000,10,64,10018,1476,26,92701,20,,431893.062,4584414.266
665,2.162992582064949,41.42891787989689,2,low,1000,7,43,7122,1431,31,128401,2,,430064.393,4586710.817
666,2.1417267330986025,41.38887425532421,1,low,1000,4,19,4020,1494,29,180900,5,,428243.472,4582282.61
667,2.204371470157578,41.437270052289655,1,low,1000,9,59,9010,1807,30,321004,22,,433530.329,4587605.472
668,2.178844025085084,41.38262938384951,2,low,1000,1,2,1026,12589,2,183909,4,,431340.147,4581559.242
669,2.204521769725926,41.40136530358976,1,low,1000,10,68,10062,1485,5,174908,37,,433506.271,4583619.249
670,2.2114434734876207,41.41129636763697,2,low,1000,10,69,10235,1421,19,242906,422,,434094.895,4584716.493
671,2.205848565558754,41.405738402517954,2,low,1000,10,68,10075,1539,5,270901,287,,433621.629,4584103.727
672,2.2033705236965924,41.41751148977424,2,low,1000,10,72,10122,1451,20,15201,188,,433426.524,4585412.663
673,2.1654798792060963,41.37710933087022,2,low,1000,1,1,1009,2388,1,308709,42,,430216.811,4580957.089
674,2.1375165628053443,41.362626589170674,2,low,1000,3,13,3212,2612,38,369408,226,,427862.478,4579372.132
675,2.1481318875152557,41.37102590292266,2,low,1000,3,14,3045,1093,4,14504,19,,428759.508,4580295.83
676,2.1813175405217198,41.391252698222665,1,low,1000,1,4,1055,1382,18,359109,22,,431556.013,4582514.632
677,2.1753672400410617,41.40264212644616,2,low,1000,2,6,2051,1906,13,129007,12,,431070.583,4583783.788
678,2.1570374974934783,41.403624023528664,2,low,1000,6,31,6052,1483,12,356803,21,,429539.483,4583907.544
679,2.1434907049461778,41.38865601489771,1,low,1000,2,9,2111,1975,29,162002,94,,428390.712,4582256.922
680,2.201099556824294,41.42162101970707,1,low,1000,10,73,10132,1246,20,270107,287,,433240.949,4585870.647
681,2.1333117903977086,41.36904138271623,1,low,1000,3,16,3067,1752,14,89707,133,,427517.91,4580087.798
682,2.1705890735075046,41.382374155876185,1,low,1000,1,1,1019,3083,1,67307,23,,430649.643,4581537.48
683,2.1756251824009385,41.41747036327726,1,low,1000,7,35,7036,1497,41,152905,136,,431107.812,4585429.797
684,2.18738521614605,41.38720142668982,2,low,1000,1,4,1043,1797,3,701223,2,,432059.073,4582060.091
685,2.186955171866561,41.438922926411834,1,low,1000,9,60,9035,1612,30,105552,13,,432077.02,4587802.492
686,2.126238271030887,41.39347736405124,1,low,1000,5,23,5018,1305,34,38900,43,,426953.689,4582806.583
687,2.175247829730095,41.434330114525736,1,low,1000,8,45,8035,7056,16,113404,65,,431094.105,4587301.853
688,2.16781233230038,41.38166827494123,1,low,1000,1,1,1018,1635,1,254803,1,,430416.714,4581461.34
689,2.1460263249689695,41.3942146164859,2,low,1000,5,26,5065,1772,21,13909,2,,428608.789,4582871.938
690,2.1827034088686728,41.41445846814977,1,low,1000,10,64,10003,1632,26,173009,84,,431696.182,4585089.813
691,2.1674453643987976,41.42986152750602,2,low,1000,8,44,8004,1538,31,114804,16,,430437.453,4586811.993
692,2.1510711165742764,41.406631537925655,1,low,1000,6,31,6037,1112,12,253006,40,,429044.04,4584246.305
693,2.175635500334577,41.43503565356716,1,low,1000,8,45,8035,7056,16,352008,40,,431127.24,4587379.873
694,2.134996819028759,41.40913877570572,2,low,1000,5,25,5036,1818,22,302000,26,,427703.27,4584537.948
695,2.1358759573785457,41.37370268549639,1,low,1000,3,18,3100,1357,14,219802,8,,427737.515,4580603.147
696,2.214638406704776,41.41229401075636,2,low,1000,10,70,10093,1636,19,270901,421,,434362.924,4584824.824
697,2.1806631913917305,41.388810941833036,2,low,1000,1,4,1053,1848,3,269006,27,,431498.744,4582244.069
698,2.1565982218382445,41.407610405660236,2,low,1000,6,31,6032,1169,24,201104,49,,429507.074,4584350.465
699,2.1876922514605917,41.43115060347476,1,low,1000,9,60,9050,1574,30,216203,17,,432130.501,4586939.036
700,2.1436305902584207,41.40815472256199,1,low,1000,5,27,5090,1956,23,191408,26,,428423.805,4584421.529
701,2.1696202603908383,41.412380150483145,1,low,1000,7,33,7013,1232,25,192604,39,,430600.564,4584869.481
702,2.134986223344598,41.377975238023545,1,low,1000,3,18,3089,1209,28,138802,81,,427667.844,4581078.221
703,2.1865633604175416,41.40754421912234,1,low,1000,10,65,10039,1889,26,209900,103,,432011.563,4584319.164
704,2.1785696073932908,41.38243007041149,2,low,1000,1,2,1026,12589,2,242203,6,,431316.992,4581537.332
705,2.1749253780975186,41.4353444629643,1,low,1000,8,45,8035,7056,16,352008,50,,431068.238,4587414.722
706,2.1721222101778705,41.41050797155523,2,low,1000,7,33,7010,1325,25,344101,425,,430807.681,4584659.632
707,2.1647062526134295,41.38391106938032,1,low,1000,1,1,1021,2259,1,297602,1,,430159.397,4581712.83
708,2.1781554715005718,41.41420450494278,1,low,1000,7,35,7039,1650,41,297001,181,,431315.827,4585065.215
709,2.1750517571284265,41.43475029286424,2,low,1000,8,45,8036,1647,16,352008,17,,431078.168,4587348.657
710,2.1903328834033298,41.45111897208768,1,low,1000,9,57,9003,2302,33,131100,11,,432371.867,4589153.846
711,2.1403318033092344,41.411258982477555,1,low,1000,5,27,5098,1588,22,365407,13,,428151.507,4584768.892
712,2.178275779924972,41.43417775888425,2,low,1000,8,45,8028,1079,16,71009,32,,431346.924,4587282.533
713,2.1709586731229367,41.41071396217665,2,low,1000,7,33,7010,1325,25,288703,19,,430710.653,4584683.431
714,2.1745701629138043,41.43397469365666,2,low,1000,8,45,8037,1637,16,100209,35,,431037.111,4587262.934
715,2.205917241962235,41.41908496540236,2,low,1000,10,73,10124,1049,20,142901,5,,433640.954,4585585.394
716,2.1139384062634035,41.38654384311192,2,low,1000,4,21,4053,1811,34,172006,19,,425917.541,4582047.275
717,2.177231575451471,41.4064104691377,2,low,1000,2,6,2027,2073,25,268003,496,,431230.394,4584200.663
718,2.177849805239617,41.45559672100968,2,low,1000,8,54,8108,2271,33,129700,29,,431333.921,4589660.794
719,2.198486635496734,41.43558237090846,1,low,1000,9,59,9009,1419,30,295709,63,,433036.95,4587422.642
720,2.1363383091145427,41.364242639865274,2,low,1000,3,13,3036,2422,38,369408,252,,427765.716,4579552.524
721,2.1968827291625095,41.392431197662894,1,low,1000,10,67,10053,1669,5,700664,27,,432858.527,4582633.289
722,2.1944827649557466,41.401923938669526,1,low,1000,10,66,10042,3713,18,311703,146,,432667.684,4583689.022
723,2.169821104381011,41.37688577496325,1,low,1000,1,1,1004,3097,1,308505,97,,430579.593,4580928.784
724,2.1749309953392104,41.39267211457962,2,low,1000,2,7,2073,1800,10,71600,51,,431023.577,4582677.278
725,2.182931658840083,41.38717019460936,1,low,1000,1,4,1044,1412,3,266904,56,,431686.685,4582060.125
726,2.1460140192309516,41.374948024892305,2,low,1000,3,15,3053,2278,14,61800,17,,428586.682,4580733.0
727,2.198811140793599,41.421403924265654,1,low,1000,10,72,10116,1936,20,60807,47,,433049.496,4585848.312
728,2.1544026022678184,41.42802295459465,2,low,1000,7,42,7102,1123,32,179901,84,,429345.686,4586618.437
729,2.1443755244561635,41.39099318022745,2,low,1000,2,8,2109,2232,29,87009,313,,428467.251,4582515.66
730,2.152775592175354,41.40957443106763,2,low,1000,6,30,6021,1403,24,700658,10,,429189.702,4584571.627
731,2.2072369546296615,41.40155316839085,1,low,1000,10,68,10071,1719,5,180401,9,,433733.425,4583638.025
732,2.159644756880765,41.395194711209875,2,low,1000,2,7,2083,2002,8,289105,255,,429748.34,4582969.615
733,2.128252819149384,41.376704896017465,1,low,1000,3,17,3084,1455,28,173202,16,,427103.375,4580942.831
734,2.1256681126354016,41.37726979206078,2,low,1000,3,17,3082,1884,28,187207,46,,426887.869,4581007.722
735,2.14537817379395,41.405773602702915,1,low,1000,5,27,5089,1823,23,143904,227,,428567.263,4584155.737
736,2.155607101854311,41.42055065550598,2,low,1000,7,37,7064,1685,32,224405,155,,429438.24,4585787.886
737,2.174123762291066,41.41913018253232,2,low,1000,7,35,7032,1514,41,203201,22,,430984.096,4585615.264
738,2.140331309381134,41.367301259381385,2,low,1000,3,14,3040,2019,38,212406,62,,428103.05,4579888.767
739,2.184451460545715,41.4351840151961,2,low,1000,9,60,9045,1421,30,344906,10,,431863.944,4587389.368
740,2.1752049665513478,41.401490031343435,1,low,1000,2,6,2052,1834,13,350308,412,,431055.801,4583656.013
741,2.1801208572324966,41.38460828898758,2,low,1000,1,4,1045,2056,3,64105,6,,431448.987,4581777.926
742,2.1441321022552238,41.38465400665533,1,low,1000,2,9,2124,1148,29,110803,192,,428439.949,4581812.095
743,2.1418134309945693,41.36832765119209,2,low,1000,3,14,3040,2019,4,343302,12,,428228.134,4580001.487
744,2.1800443759154677,41.381062699294496,1,low,1000,1,2,1027,1622,2,277503,26,,431438.868,4581384.361
745,2.136670388534607,41.37355884447082,2,low,1000,3,18,3101,6718,14,97400,6,,427803.791,4580586.516
746,2.1660038230129777,41.371532685872324,2,low,1000,3,11,3023,1839,4,189202,3,,430254.667,4580337.558
747,2.1851233549597042,41.46627486847927,2,low,1000,8,56,8116,1440,33,255602,171,,431952.578,4590840.534
748,2.149377560451611,41.43277557891291,2,low,1000,7,41,7099,1038,35,356406,13,,428930.996,4587150.183
749,2.174743552140092,41.43485591939767,1,low,1000,8,45,8036,1647,16,352008,31,,431052.53,4587360.629
750,2.17860390893407,41.384366769722526,2,low,1000,1,4,1047,1781,3,46205,5,,431321.898,4581752.314
751,2.132002117706074,41.37595362068099,2,low,1000,3,18,3094,1244,28,112605,42,,427416.064,4580856.279
752,2.148663049751466,41.384936361533796,2,low,1000,2,9,2120,1185,29,268003,100,,428819.098,4581839.71
753,2.171150826289588,41.41956610270427,2,low,1000,7,35,7029,1309,41,141206,22,,430736.118,4585666.033
754,2.1545181950110557,41.38423606244356,2,low,1000,2,9,2139,1743,15,18505,114,,429307.897,4581757.171
755,2.157323032770935,41.37260542811903,1,low,1000,3,11,3002,1913,4,281806,42,,429529.862,4580463.673
756,2.136180074405657,41.371132032896156,2,low,1000,3,16,3062,1707,14,173905,150,,427760.103,4580317.504
757,2.1375725885567327,41.38813073670929,2,low,1000,4,19,4013,1217,29,343903,308,,427895.337,4582203.514
758,2.1557324113763165,41.421400095382566,2,low,1000,7,37,7065,1856,32,55002,55,,429449.631,4585882.088
759,2.1524421988841262,41.40300051727362,1,low,1000,6,31,6039,1635,12,206403,186,,429154.696,4583842.071
760,2.1692302727694965,41.42166931844855,2,low,1000,7,36,7052,1347,32,141206,82,,430577.863,4585901.068
761,2.193755748519956,41.433591706651995,2,low,1000,9,60,9024,1218,30,170758,49,,432639.643,4587205.31
762,2.2031784663498546,41.41626537184733,1,low,1000,10,72,10122,1451,20,169409,1087,,433409.201,4585274.468
763,2.1807919722982234,41.44400668225737,1,low,1000,8,52,8089,1220,16,214605,66,,431567.474,4588371.742
764,2.1393802899149468,41.36296925467551,1,low,1000,3,13,3035,2269,38,230601,375,,428018.738,4579408.625
765,2.1747088743940695,41.390804022445785,2,low,1000,2,7,2076,1592,10,28305,19,,431003.032,4582470.062
766,2.17435047361095,41.449148291883795,1,low,1000,8,50,8065,1868,42,186408,49,,431034.824,4588947.674
767,2.152106537448514,41.38858258876427,2,low,1000,2,8,2103,1699,36,363809,179,,429110.974,4582241.686
768,2.1478164434878573,41.371278210119684,2,low,1000,3,14,3042,1401,4,14504,22,,428733.403,4580324.1
769,2.1612317117366806,41.3878708788819,1,low,1000,2,8,2091,1857,11,89004,281,,429873.136,4582155.248
770,2.1466390118773626,41.379999295038495,1,low,1000,2,9,2132,1037,15,350308,28,,428644.468,4581293.269
771,2.1852200794123933,41.40927429331259,1,low,1000,10,64,10019,1589,26,350308,595,,431901.095,4584512.29
772,2.1751609516194303,41.40658911498863,2,low,1000,2,6,2035,1363,25,289105,432,,431057.512,4584222.142
773,2.1975808502755427,41.41737036248186,1,low,1000,10,72,10114,1606,20,322608,239,,432942.538,4585401.462
774,2.142885550605359,41.39806568111605,1,low,1000,5,26,5063,1615,21,318804,98,,428350.451,4583302.071
775,2.17631455576591,41.38807376842043,1,low,1000,1,4,1050,1593,3,12407,28,,431134.392,4582165.676
776,2.170584751495359,41.408900160993426,1,low,1000,7,33,7004,1587,25,178308,363,,430677.473,4584482.364
777,2.1434147190183,41.37360609435289,2,low,1000,3,15,3052,1459,14,3803,12,,428367.845,4580586.166
778,2.177899394216442,41.41060443269578,2,low,1000,10,64,10009,1684,26,90502,655,,431290.632,4584665.742
779,2.1928236487244437,41.452196757676155,1,low,1000,9,57,9002,2313,33,365600,69,,432581.028,4589271.558
780,2.175956943327561,41.42149423882152,1,low,1000,7,35,7045,1723,41,3202,47,,431139.788,4585876.26
781,2.1989509419277176,41.426312910919776,1,low,1000,10,73,10135,1198,20,266405,231,,433066.22,4586393.195
782,2.151361704806001,41.41141182109816,2,low,1000,6,30,6018,1401,24,83609,67,,429073.528,4584776.769
783,2.1268271352824333,41.39650420613395,1,low,1000,5,24,5023,1483,17,273706,28,,427006.305,4583142.123
784,2.172066555575009,41.45396499271337,2,low,1000,8,54,8109,965,33,73503,52,,430849.166,4589484.245
785,2.1600791459810553,41.389196410901135,2,low,1000,2,8,2090,1787,7,102805,18,,429778.199,4582303.34
786,2.1432481842697544,41.39637487524198,1,low,1000,5,26,5063,1615,21,13909,58,,428378.909,4583114.06
787,2.195786149523507,41.39982668014122,1,low,1000,10,68,10056,1877,5,242906,165,,432774.472,4583455.175
788,2.131570763164389,41.38232730592319,1,low,1000,4,19,4033,1171,28,172403,141,,427387.083,4581564.237
789,2.1633217399105282,41.38178287523365,2,low,1000,2,10,2166,2099,11,296508,35,,430041.353,4581477.678
790,2.195019806624862,41.39113939235212,1,low,1000,10,67,10053,1669,5,700678,2,,432701.451,4582491.32
791,2.1726502364515317,41.38214997995035,1,low,1000,1,2,1028,2024,2,34308,96,,430821.749,4581510.945
792,2.1782871647525384,41.42424513769035,1,low,1000,9,62,9078,1545,27,1309,10,,431337.41,4586179.812
793,2.157178059348382,41.37702568344864,1,low,1000,2,10,2157,1284,15,213908,24,,429522.51,4580954.52
794,2.204026535130507,41.406933211961395,1,low,1000,10,68,10069,2884,5,17579,97,,433470.554,4584237.771
795,2.1972292738916517,41.405215511450585,2,low,1000,10,68,10068,1610,18,305507,189,,432900.65,4584052.317
796,2.141376529537416,41.36397712171719,1,low,1000,3,13,3039,2760,38,701537,1,,428186.811,4579518.861
797,2.1264750979274725,41.37490738601311,1,low,1000,3,17,3078,1754,28,68401,11,,426952.707,4580744.771
798,2.163470550666136,41.371608408523635,1,low,1000,3,11,3024,2031,4,330504,64,,430042.894,4580348.006
799,2.149197767786804,41.4029947125625,2,low,1000,5,27,5082,1701,6,152508,12,,428883.493,4583844.085
800,2.1750957345471655,41.396807044916436,1,low,1000,2,7,2067,1715,13,286504,129,,431041.72,4583136.201
801,2.138284589336534,41.40268409304746,1,low,1000,5,26,5078,2121,6,223606,482,,427970.935,4583818.617
802,2.130210498484224,41.37073446605565,1,low,1000,3,17,3070,1459,28,68401,110,,427260.429,4580278.359
803,2.1894466405240918,41.44110009458111,2,low,1000,9,60,9037,1743,30,107900,18,,432287.426,4588042.248
804,2.158481597725158,41.4080247227291,2,low,1000,6,31,6030,1373,24,340406,110,,429664.938,4584394.931
805,2.156925485562901,41.37840787488813,2,low,1000,2,10,2158,1676,15,54509,66,,429502.882,4581108.174
806,2.1656922815172988,41.40562634662224,2,low,1000,6,32,6066,1006,25,225500,355,,430265.056,4584122.836
807,2.1948764018341635,41.432445385785456,2,low,1000,9,60,9016,1261,30,170758,39,,432732.089,4587077.175
808,2.1668374927139578,41.41154057762133,1,low,1000,7,33,7007,1398,25,45100,7,,430367.094,4584778.506
809,2.138035247847488,41.40925147399224,1,low,1000,5,27,5094,2827,22,131202,8,,427957.348,4584547.928
810,2.2126981997275568,41.41809290763247,1,low,1000,10,70,10086,2121,19,8705,50,,434206.621,4585470.083
811,2.1594750699480274,41.405966462234396,2,low,1000,6,31,6061,1377,12,109203,34,,429745.757,4584165.619
812,2.1744472204229606,41.40241271958285,2,low,1000,2,6,2052,1834,13,76807,291,,430993.437,4583759.052
813,2.189769351433846,41.42052973231294,2,low,1000,9,61,9066,1468,27,80258,7,,432293.014,4585758.29
814,2.174312327464943,41.413429403942295,2,low,1000,7,35,7039,1650,41,186102,88,,430993.82,4584982.219
815,2.1778471123909293,41.431606710309865,1,low,1000,8,45,8023,1477,16,255500,137,,431308.399,4586997.437
816,2.1962957161783017,41.391529365332964,1,low,1000,10,67,10053,1669,5,700663,18,,432808.523,4582533.624
817,2.1329720623409694,41.37445186762836,1,low,1000,3,18,3096,1593,28,307604,22,,427495.506,4580688.745
818,2.1753993033090753,41.43514686901523,2,low,1000,8,45,8035,7056,16,352008,42,,431107.624,4587392.408
819,2.2070607430255738,41.43477083178916,2,low,1000,9,59,9013,2168,30,128208,113,,433752.461,4587325.949
820,2.1438407241757593,41.402326279188316,1,low,1000,5,26,5079,1333,6,90105,89,,428434.973,4583774.288
821,2.1339712379506026,41.38304618186191,1,low,1000,4,19,4008,1036,14,118703,41,,427588.596,4581642.037
822,2.131525285937204,41.379277965925866,2,low,1000,3,18,3087,1551,28,365000,97,,427379.888,4581225.742
823,2.165684297955263,41.38211549998854,2,low,1000,1,1,1017,2805,1,122609,18,,430239.255,4581512.701
824,2.2053477065036193,41.39810667440078,2,low,1000,10,68,10059,1839,5,346800,14,,433571.993,4583256.847
825,2.1477407709098437,41.40557379537111,2,low,1000,5,27,5084,1396,6,323101,22,,428764.522,4584131.609
826,2.1868317703411506,41.42719443299136,1,low,1000,9,61,9156,1267,27,326052,5,,432054.481,4586500.5
827,2.192902472654373,41.40416019761815,1,low,1000,10,66,10042,3713,18,181608,150,,432537.901,4583938.518
828,2.166275790754528,41.38487781632409,2,low,1000,1,1,1021,2259,1,329800,77,,430291.663,4581818.893
829,2.1772662002310534,41.39244473249572,2,low,1000,2,7,2074,1259,10,28305,52,,431218.564,4582650.178
830,2.1557968928795033,41.37442548128856,2,low,1000,3,11,3004,1544,4,129459,2,,429404.203,4580666.974
831,2.1539626059369734,41.3817468240668,2,low,1000,2,9,2142,1978,15,89004,142,,429258.745,4581481.273
832,2.177077301101765,41.44703617147229,2,low,1000,8,50,8067,1987,42,341409,24,,431260.364,4588711.018
833,2.1426232074360017,41.37429633701171,1,low,1000,3,15,3052,1459,14,222603,70,,428302.412,4580663.45
834,2.173044728368655,41.42668275926516,1,low,1000,8,44,8009,1797,31,700904,20,,430901.931,4586454.605
835,2.1755120982576126,41.44130680752986,2,low,1000,8,51,8081,1747,42,70403,214,,431123.561,4588076.191
836,2.1741270353254656,41.44495469784036,2,low,1000,8,50,8073,1998,42,9901,74,,431011.718,4588482.281
837,2.2045973180026635,41.4212266601938,1,low,1000,10,73,10129,1124,20,195409,248,,433532.835,4585824.175
838,2.180501000617994,41.408367637108846,2,low,1000,10,64,10015,2043,13,105304,252,,431505.721,4584415.355
839,2.1630996201319967,41.372544512401554,1,low,1000,3,11,3013,1792,4,195500,52,,430012.877,4580452.23
840,2.1456077008093284,41.3980032655689,1,low,1000,5,26,5074,1661,21,332204,6,,428577.94,4583292.894
841,2.155274695618382,41.42518024322082,2,low,1000,7,37,7076,1495,32,164609,6,,429415.476,4586302.13
842,2.131472507112947,41.40263992488791,2,low,1000,5,24,5026,1430,22,139805,127,,427401.472,4583819.4
843,2.1702285083598762,41.43359792565079,1,low,1000,8,46,8040,2025,31,219904,26,,430673.971,4587224.573
844,2.151919618261786,41.41687122445082,1,low,1000,6,29,6017,1497,23,237804,42,,429126.092,4585382.41
845,2.170409490406348,41.44099258653571,2,low,1000,8,48,8057,1392,42,74109,75,,430696.959,4588045.379
846,2.1896914328975536,41.450440862652464,2,low,1000,9,57,9005,2020,33,213704,17,,432317.584,4589079.064
847,2.1759124221463177,41.418945564928286,1,low,1000,7,35,7037,1564,41,290807,74,,431133.375,4585593.344
848,2.196401493003472,41.415028564794845,2,low,1000,10,72,10110,1980,20,86200,97,,432841.567,4585142.392
849,2.1740136350484516,41.402107568604634,1,low,1000,2,6,2052,1834,13,206200,27,,430956.871,4583725.52
850,2.197945133839754,41.406848463573056,2,low,1000,10,71,10096,1664,18,42306,151,,432962.164,4584233.051
851,2.139578876709906,41.357329315400406,1,low,1000,3,13,3030,1660,38,701624,5,,428029.134,4578782.325
852,2.178203641477447,41.387370368041786,2,low,1000,1,4,1049,1469,3,189100,23,,431291.593,4582086.086
853,2.1763133364709217,41.43214017585544,2,low,1000,8,45,8025,1329,16,190100,25,,431180.813,4587057.88
854,2.176255710735577,41.40822394354818,2,low,1000,2,6,2037,1191,25,73900,298,,431150.742,4584402.768
855,2.1682039421350927,41.3848086495623,2,low,1000,1,1,1021,2259,1,329800,43,,430452.805,4581809.665
856,2.1693948335962063,41.40309873927852,2,low,1000,6,32,6072,1689,25,225500,284,,430571.843,4583839.25
857,2.149585810803827,41.3927290988023,2,low,1000,2,8,2106,1430,36,180208,77,,428904.742,4582704.091
858,2.1754822064249306,41.44765187320529,2,low,1000,8,50,8068,2039,42,359700,79,,431127.774,4588780.641
859,2.1834608150985715,41.408676821342446,2,low,1000,10,64,10014,1408,26,36201,9,,431753.43,4584447.344
860,2.1834280423321704,41.420212116616796,2,low,1000,9,63,9083,1754,27,85808,10,,431762.765,4585728.006
861,2.1557895932153848,41.40084670314259,2,low,1000,6,31,6049,1135,12,252808,14,,429432.169,4583600.225
862,2.195087986040896,41.430410768380234,2,low,1000,9,60,9018,1450,30,322007,106,,432747.667,4586851.129
863,2.1788938945738447,41.387283959619616,2,low,1000,1,4,1048,2263,3,128900,36,,431349.213,4582075.946
864,2.1690208837710534,41.371776350340994,1,low,1000,3,11,3022,1442,4,218606,52,,430507.239,4580362.186
865,2.1794846173670845,41.393757654222306,2,low,1000,2,5,2002,5278,13,286504,88,,431405.408,4582794.178
866,2.1296576623090084,41.37485077637362,1,low,1000,3,17,3073,1631,28,122201,5,,427218.784,4580735.809
867,2.1795274841343573,41.3838614616921,2,low,1000,1,4,1046,1919,3,260103,19,,431398.589,4581695.484
868,2.1747019165088406,41.39935130628612,1,low,1000,2,5,2018,1851,13,18505,412,,431011.489,4583418.975
869,2.1498406362405644,41.40434084939786,2,low,1000,5,27,5083,1275,6,365509,12,,428938.696,4583993.004
870,2.1365869130788875,41.373280083894876,1,low,1000,3,18,3101,6718,14,235208,27,,427796.502,4580555.638
871,2.1831073936110483,41.39941940636183,2,low,1000,2,5,2010,1223,13,178308,167,,431714.199,4583419.876
872,2.1739527938839593,41.44306243711147,2,low,1000,8,51,8078,1720,42,9800,26,,430995.158,4588272.342
873,2.2076083485201643,41.39924888772029,1,low,1000,10,68,10059,1839,5,359903,22,,433762.13,4583381.923
874,2.141144589939539,41.432190203669755,2,low,1000,7,40,7095,1636,35,354706,32,,428242.485,4587091.986
875,2.140320834462612,41.40771025551619,1,low,1000,5,27,5097,1716,23,238705,7,,428146.68,4584374.925
876,2.1770017279990808,41.3899461764882,2,low,1000,2,7,2075,1212,10,342900,37,,431193.819,4582373.002
877,2.1877120225056723,41.41370284874375,2,low,1000,10,65,10028,1808,26,257608,26,,432113.983,4585001.987
878,2.164503270926181,41.4386913739371,1,low,1000,8,48,8051,1340,42,122303,97,,430201.09,4587794.645
879,2.207047378880955,41.42955202020123,1,low,1000,9,59,9015,2047,20,334753,55,,433746.038,4586746.571
880,2.1318121966274157,41.37450201358509,1,low,1000,3,18,3095,1624,28,333808,13,,427398.568,4580695.283
881,2.174284337358678,41.43216073260569,1,low,1000,8,45,8026,1466,16,263101,4,,431011.31,4587061.777
882,2.10887376901169,41.42659047010611,1,low,1000,5,22,5002,1654,17,700800,84,,425539.827,4586497.556
883,2.1931851382210135,41.426049045668606,2,low,1000,9,61,9061,1841,27,205309,15,,432584.166,4586368.374
884,2.1443963176272254,41.37799129539916,2,low,1000,3,15,3048,1974,14,37601,69,,428454.738,4581072.193
885,2.136294254873992,41.37487915457697,1,low,1000,3,18,3101,6718,14,235208,7,,427773.797,4580733.408
886,2.1663491043906,41.376665516446636,1,low,1000,1,1,1009,2388,1,177305,22,,430289.023,4580907.118
887,2.1578636304435195,41.37942338865074,1,low,1000,2,10,2161,1150,15,361406,100,,429582.425,4581220.152
888,2.1371378584476406,41.37526743837681,2,low,1000,3,18,3101,6718,14,312400,77,,427844.772,4580775.812
889,2.192210380764226,41.449609737537614,1,low,1000,9,57,9004,1837,33,187400,10,,432527.124,4588984.826
890,2.176782724476726,41.43652152985221,1,low,1000,8,45,8032,1287,16,113404,151,,431224.656,4587543.922
891,2.1656764331183163,41.378626947609376,1,low,1000,1,1,1011,3772,1,76501,28,,430234.869,4581125.414
892,2.1289035181808225,41.40078645530563,1,low,1000,5,24,5029,1671,17,54906,47,,427184.664,4583615.786
893,2.1085627586689224,41.381698461406174,2,low,1000,4,20,4047,1929,28,700761,8,,425462.552,4581513.957
894,2.171700037096182,41.406447847600376,1,low,1000,2,6,2044,1312,25,197302,299,,430768.086,4584209.219
895,2.1898077096122526,41.41243075450681,2,low,1000,10,65,10031,1584,26,350308,678,,432287.808,4584859.12
896,2.1454467916485878,41.3811703233183,2,low,1000,2,9,2133,874,15,287201,22,,428546.059,4581424.257
897,2.130579368264572,41.37147851877971,2,low,1000,3,17,3070,1459,28,328808,103,,427292.106,4580360.653
898,2.2057615993959168,41.42660045019973,1,low,1000,10,73,10138,3322,20,700037,30,,433635.6,4586419.875
899,2.187701218231925,41.4405985894731,2,low,1000,9,60,9036,1504,30,25001,18,,432141.092,4587987.938
900,2.1343434930395837,41.3686884510758,1,low,1000,3,16,3067,1752,14,244901,11,,427603.802,4580047.754
901,2.208630733687451,41.422367302793035,2,low,1000,10,73,10142,1736,20,86200,324,,433871.044,4585947.72
902,2.1824322814027726,41.422305323625416,2,low,1000,9,62,9081,1810,27,255704,19,,431681.747,4585961.177
903,2.1970318810750444,41.42325464174372,1,low,1000,10,73,10135,1198,20,318906,11,,432902.718,4586055.154
904,2.171088009279,41.404015166512835,2,low,1000,6,32,6072,1689,25,90309,13,,430714.346,4583939.635
905,2.1750053924703967,41.447701733507024,2,low,1000,8,50,8068,2039,42,212304,46,,431087.998,4588786.556
906,2.158131158465554,41.37807385794835,2,low,1000,2,10,2167,2244,15,127704,68,,429603.34,4581070.112
907,2.116724851912071,41.40671780122501,1,low,1000,5,23,5004,1052,17,309600,15,,426173.348,4584284.586
908,2.203719715258701,41.43297614281135,2,low,1000,9,59,9015,2047,30,134007,69,,433471.494,4587129.266
909,2.174447731015359,41.41898722631678,1,low,1000,7,35,7032,1514,41,26208,96,,431011.018,4585599.135
910,2.1639512982751836,41.41147109946166,1,low,1000,7,33,7018,1715,24,152905,28,,430125.799,4584773.117
911,2.1857401296760193,41.412687296633514,2,low,1000,10,64,10024,1575,26,224802,17,,431948.123,4584890.789
912,2.2065438249446703,41.416515006449075,1,low,1000,10,71,10102,2663,20,244800,5,,433690.702,4585299.6
913,2.1659287679738344,41.40248983595331,2,low,1000,6,32,6068,1592,37,305100,162,,430281.47,4583774.434
914,2.126196014360194,41.379524013421346,1,low,1000,4,20,4037,2256,28,121708,7,,426934.536,4581257.537
915,2.135241586116493,41.40015929084918,1,low,1000,5,26,5049,1746,21,143904,92,,427713.776,4583540.851
916,2.173324367750723,41.43280535569784,1,low,1000,8,46,8038,1721,31,103003,53,,430931.787,4587134.108
917,2.141860838135251,41.35898934915475,2,low,1000,3,13,3031,2534,38,12600,76,,428221.837,4578964.727
918,2.181735310695203,41.44745825844218,2,low,1000,8,53,8103,1871,33,14708,8,,431649.899,4588754.189
919,2.142695830596324,41.39051680030797,1,low,1000,4,19,4018,1565,29,320704,53,,428326.299,4582464.161
920,2.1885657163867696,41.43389168950352,2,low,1000,9,60,9044,1593,30,296257,12,,432206.333,4587242.665
921,2.200752245507016,41.448141869824944,1,low,1000,9,58,9006,1322,30,335508,14,,433239.108,4588815.24
922,2.183703891460656,41.422643377640185,2,low,1000,9,62,9081,1810,27,121402,139,,431788.361,4585997.705
923,2.162658340747161,41.399184932915624,1,low,1000,6,31,6057,1532,37,90502,373,,430004.552,4583410.165
924,2.121093107318229,41.4076455869602,2,low,1000,5,23,5004,1052,17,261707,67,,426539.508,4584383.874
925,2.1407074436393665,41.39587807209849,1,low,1000,5,26,5060,1143,21,123000,16,,428165.964,4583061.009
926,2.2123340424816718,41.4187982404383,1,low,1000,10,70,10086,2121,19,182509,22,,434176.901,4585548.665
927,2.1608552856837075,41.37323094423175,2,low,1000,3,11,3011,1823,4,273400,39,,429825.927,4580530.251
928,2.155311073220489,41.3936312173965,2,low,1000,2,8,2085,1447,8,90502,265,,429384.359,4582799.561
929,2.1366209102034563,41.35933635392808,1,low,1000,3,13,3029,1291,38,298810,7,,427783.928,4579007.602
930,2.167959616957582,41.3956464340285,2,low,1000,2,7,2065,1952,9,49509,112,,430443.93,4583013.056
931,2.190111884665206,41.41236738470764,2,low,1000,10,65,10031,1584,26,81603,182,,432313.164,4584851.847
932,2.137331248053126,41.373447414562776,1,low,1000,3,18,3101,6718,14,289207,10,,427858.933,4580573.595
933,2.185891625355458,41.43454372537812,1,low,1000,9,60,9045,1421,30,290308,68,,431983.597,4587317.151
934,2.204489932287906,41.41809147111925,2,low,1000,10,73,10123,1349,20,15201,206,,433520.664,4585476.192
935,2.1471278950182544,41.3743812818358,2,low,1000,3,15,3053,2278,14,178807,92,,428679.21,4580669.164
936,2.1693067374825366,41.4299329459054,2,low,1000,8,44,8004,1538,31,332703,5,,430593.054,4586818.428
937,2.1379650035653808,41.40998099387738,2,low,1000,5,27,5094,2827,22,131202,9,,427952.283,4584628.977
938,2.2107928832896078,41.41682780539023,2,low,1000,10,70,10089,7337,19,27903,26,,434046.116,4585331.082
939,2.142395239122927,41.41199454682973,2,low,1000,6,28,6007,2012,23,147508,28,,428324.773,4584848.844
940,2.18208164562365,41.44310609998769,2,low,1000,8,52,8090,1335,16,229409,31,,431674.263,4588270.741
941,2.164169916247535,41.372771480826216,1,low,1000,3,11,3013,1792,4,108007,19,,430102.626,4580476.564
942,2.1652885503527175,41.38357109981792,2,low,1000,1,1,1018,1635,1,352100,23,,430207.721,4581674.618
943,2.1572109592353477,41.409303535896484,2,low,1000,6,31,6029,1441,24,340406,152,,429560.117,4584537.936
944,2.1755954867523477,41.38105899653374,1,low,1000,1,2,1029,1522,2,37204,5,,431066.864,4581387.479
945,2.176860771051755,41.38913612274087,2,low,1000,1,4,1052,2410,3,324308,12,,431181.18,4582283.183
946,2.202674896434034,41.416754519912885,2,low,1000,10,72,10122,1451,20,15201,170,,433367.617,4585329.16
947,2.176060949102763,41.39607081522212,1,low,1000,2,7,2068,1721,13,286504,115,,431121.631,4583053.698
948,2.1603508646869294,41.41396967331565,1,low,1000,7,34,7021,1094,24,274200,2,,429827.573,4585053.417
949,2.1728957281108086,41.42699691287599,1,low,1000,8,44,8009,1797,31,262801,3,,430889.814,4586489.601
950,2.1345414326691725,41.399959356765734,1,low,1000,5,25,5048,1283,22,143904,97,,427655.027,4583519.239
951,2.186475017494558,41.39331513016298,1,low,1000,10,66,10045,1262,18,76807,69,,431989.345,4582739.539
952,2.15968743650237,41.42834688061559,1,low,1000,7,43,7121,1268,32,97807,48,,429787.616,4586650.1
953,2.132510629052817,41.384242356279024,1,low,1000,4,19,4010,880,14,58554,27,,427467.798,4581776.056
954,2.191381466587781,41.43682227974482,1,low,1000,9,60,9027,1308,30,339101,10,,432444.624,4587565.816
955,2.1607560017486898,41.429936081578745,1,low,1000,7,43,7117,4580,32,208704,5,,429878.611,4586825.666
956,2.186003099138593,41.43098039425422,2,low,1000,9,60,9050,1574,30,163107,12,,431989.191,4586921.465
957,2.1887608343437663,41.416776266460495,1,low,1000,9,63,9093,1293,27,241608,38,,432204.833,4585342.373
958,2.142884625328137,41.38464299155904,2,low,1000,2,9,2125,1689,29,162002,52,,428335.633,4581811.903
959,2.187643585773657,41.42184546850915,1,low,1000,9,61,9067,1496,27,82209,5,,432116.743,4585906.026
960,2.1565883719053427,41.413630773755095,2,low,1000,6,30,6023,1279,24,304606,4,,429512.759,4585018.848
961,2.201171842596425,41.429979237605686,2,low,1000,10,73,10137,1631,20,700033,14,,433255.55,4586798.513
962,2.176094923282189,41.41141694290105,2,low,1000,2,6,2040,1783,25,105304,317,,431140.675,4584757.379
963,2.1301833645462582,41.37774847879247,1,low,1000,3,18,3093,1456,28,289400,3,,427265.974,4581057.066
964,2.1838625323723364,41.41117673415643,2,low,1000,10,64,10020,1507,26,98209,20,,431789.621,4584724.565
965,2.1415128135176724,41.396577201208025,1,low,1000,5,26,5062,1651,21,246805,59,,428234.06,4583137.958
966,2.1561767151042877,41.37416121205082,1,low,1000,3,11,3003,1618,4,268309,15,,429435.68,4580637.326
967,2.176447965346674,41.449179883028236,2,low,1000,8,50,8066,1742,42,212304,103,,431210.059,4588949.512
968,2.1798662374908053,41.40412012065912,1,low,1000,2,6,2025,1198,13,238400,208,,431448.202,4583944.303
969,2.179812903529729,41.38152706280768,1,low,1000,1,2,1026,12589,2,150706,1,,431420.001,4581436.097
970,2.125295343486725,41.3781725562411,2,low,1000,4,20,4038,1231,28,38604,12,,426857.709,4581108.26
971,2.1508821169518675,41.38817530182312,1,low,1000,2,8,2103,1699,36,349706,202,,429008.161,4582197.472
972,2.1728938888843508,41.431955408853284,2,low,1000,8,46,8042,1334,31,295403,29,,430894.919,4587040.091
973,2.204692556392934,41.42276982028754,1,low,1000,10,73,10139,1733,20,266405,200,,433542.367,4585995.422
974,2.134538976156532,41.37892420339143,1,low,1000,3,18,3089,1209,28,138802,111,,427631.497,4581183.947
975,2.1992395735159818,41.40296291970661,1,low,1000,10,68,10066,2077,5,17579,3,,433066.37,4583800.682
976,2.180558620261165,41.39464836761316,1,low,1000,2,5,2002,5278,13,225500,102,,431496.13,4582892.214
977,2.1729655201779834,41.44798878952127,1,low,1000,8,50,8065,1868,42,186408,10,,430917.91,4588820.051
978,2.1270270928969337,41.379879434560586,1,low,1000,4,20,4037,2256,28,84703,12,,427004.427,4581296.295
979,2.1561223350911254,41.41517820764154,1,low,1000,6,30,6023,1279,24,67001,11,,429475.484,4585191.022
980,2.1390413129764334,41.42643071895663,1,low,1000,7,39,7093,1852,35,168803,11,,428060.396,4586454.317
981,2.173639450365714,41.40478160054613,1,low,1000,2,6,2049,2119,25,325800,25,,430928.425,4584022.686
982,2.145688439683922,41.404564797755626,2,low,1000,5,27,5085,1355,6,323101,52,,428591.873,4584021.281
983,2.1424312044546947,41.36860159993617,2,low,1000,3,14,3041,1400,4,301608,143,,428280.101,4580031.389
984,2.161641320664531,41.4106085067998,2,low,1000,6,32,6085,1357,24,321605,113,,429931.81,4584679.219
985,2.151804031979399,41.38703984178285,2,low,1000,2,9,2118,1446,36,349706,151,,429084.006,4582070.66
986,2.1617483792674714,41.41582793472281,1,low,1000,7,34,7024,1574,24,69404,20,,429946.366,4585258.588
987,2.1550111586650944,41.42203362683793,1,low,1000,7,37,7069,1541,32,275304,93,,429390.046,4585953.01
988,2.1539759750747334,41.42450630158825,2,low,1000,7,37,7079,1573,32,40800,23,,429306.224,4586228.369
989,2.159008502551302,41.39515091591504,1,low,1000,2,7,2083,2002,8,289105,251,,429695.103,4582965.269
990,2.1594262467988377,41.377355319882845,2,low,1000,2,10,2168,2320,15,329902,130,,429710.862,4580989.29
991,2.166162032965252,41.37658902022555,1,low,1000,1,1,1009,2388,1,308709,32,,430273.298,4580898.776
992,2.117740984054699,41.397448757088256,1,low,1000,5,23,5006,1807,34,110202,35,,426247.8,4583254.681
993,2.1821303272171813,41.44232847448811,2,low,1000,8,52,8091,1463,16,23709,15,,431677.514,4588184.371
994,2.1399083348945305,41.41108442349388,2,low,1000,5,27,5096,1166,22,365407,16,,428115.922,4584749.864
995,2.1631420104824355,41.40681724161616,2,low,1000,6,32,6082,3330,24,144306,21,,430053.169,4584257.104
996,2.1729419420719362,41.40382677644616,1,low,1000,2,6,2049,2119,25,76807,324,,430869.111,4583917.239
997,2.206898548630507,41.41942091236489,1,low,1000,10,73,10125,1112,20,169409,1147,,433723.301,4585621.939
998,2.17786991077455,41.38337187173365,2,low,1000,1,2,1025,1483,2,96804,6,,431259.479,4581642.444
999,2.1681728823227195,41.44269040464296,1,low,1000,8,49,8063,1075,42,120807,53,,430511.925,4588235.663
