{
"type": "FeatureCollection",
"name": "limites_distritos",
"crs": { "type": "name", "properties": { "name": "urn:ogc:def:crs:OGC:1.3:CRS84" } },
"features": [
{ "type": "Feature", "properties": { "distrito": "l'Eixample", "admin_level": "9" }, "geometry": { "type": "Polygon", "coordinates": [ [ [ 2.1420218, 41.380798 ], [ 2.142085, 41.3808489 ], [ 2.1421224, 41.3809004 ], [ 2.1421456, 41.380948 ], [ 2.1421497, 41.3809792 ], [ 2.1421524, 41.3810046 ], [ 2.1421537, 41.3810208 ], [ 2.1421596, 41.3810956 ], [ 2.142161, 41.3811256 ], [ 2.1421665, 41.3811878 ], [ 2.1421712, 41.3813152 ], [ 2.1422419, 41.3823546 ], [ 2.1422527, 41.382514 ], [ 2.1422659, 41.3826625 ], [ 2.1422694, 41.3827115 ], [ 2.1422768, 41.3827992 ], [ 2.1422919, 41.3829772 ], [ 2.1422944, 41.3830071 ], [ 2.1423081, 41.3832083 ], [ 2.1423326, 41.383571 ], [ 2.1423494, 41.383816 ], [ 2.1423648, 41.3840713 ], [ 2.1423703, 41.3841828 ], [ 2.142384, 41.3844679 ], [ 2.142387, 41.3845062 ], [ 2.1424377, 41.3851778 ], [ 2.1424506, 41.3853454 ], [ 2.1424582, 41.3854948 ], [ 2.1424657, 41.3856206 ], [ 2.1424773, 41.3857773 ], [ 2.1424882, 41.3858921 ], [ 2.1424967, 41.3859921 ], [ 2.142512, 41.3861351 ], [ 2.1425162, 41.3861671 ], [ 2.1425203, 41.386203 ], [ 2.1425231, 41.3862316 ], [ 2.1425451, 41.3864108 ], [ 2.1427074, 41.3873808 ], [ 2.1427291, 41.3875001 ], [ 2.1427515, 41.3875996 ], [ 2.1427657, 41.3876663 ], [ 2.1427946, 41.3877868 ], [ 2.1428006, 41.3878093 ], [ 2.1428606, 41.3880676 ], [ 2.1429908, 41.38864 ], [ 2.1430186, 41.3887522 ], [ 2.1430621, 41.3889096 ], [ 2.143069, 41.3889358 ], [ 2.1431477, 41.3892388 ], [ 2.1432121, 41.3894959 ], [ 2.1432543, 41.3896641 ], [ 2.1434401, 41.3904052 ], [ 2.1434684, 41.3905182 ], [ 2.1435087, 41.3906587 ], [ 2.1435168, 41.3906857 ], [ 2.1435788, 41.3908916 ], [ 2.1436912, 41.3912789 ], [ 2.1437088, 41.3913298 ], [ 2.1437282, 41.391383 ], [ 2.1437704, 41.3914848 ], [ 2.1438298, 41.391625 ], [ 2.143875, 41.3917347 ], [ 2.1439221, 41.3918428 ], [ 2.1440133, 41.3920574 ], [ 2.1440556, 41.3921592 ], [ 2.1440771, 41.3922144 ], [ 2.1440877, 41.392236 ], [ 2.1441139, 41.3922896 ], [ 2.1441928, 41.3924418 ], [ 2.1444956, 41.3926972 ], [ 2.1448566, 41.3928846 ], [ 2.1449218, 41.3929221 ], [ 2.1450117, 41.3929073 ], [ 2.1450581, 41.3929087 ], [ 2.1451053, 41.3929126 ], [ 2.1451608, 41.3929192 ], [ 2.1452046, 41.3929258 ], [ 2.1453337, 41.3929451 ], [ 2.1455482, 41.3930039 ], [ 2.1456004, 41.3930171 ], [ 2.1457538, 41.3930564 ], [ 2.1458119, 41.3930707 ], [ 2.1459331, 41.3931005 ], [ 2.1460772, 41.3931369 ], [ 2.1462577, 41.3931826 ], [ 2.1464255, 41.3932262 ], [ 2.1476713, 41.3935407 ], [ 2.1477231, 41.3935538 ], [ 2.1479156, 41.3936 ], [ 2.1481276, 41.3936553 ], [ 2.1481776, 41.393668 ], [ 2.1493841, 41.3939748 ], [ 2.1494187, 41.3939838 ], [ 2.1496249, 41.3940367 ], [ 2.1498079, 41.3940812 ], [ 2.1498589, 41.394094 ], [ 2.1504411, 41.3942399 ], [ 2.1504742, 41.3942481 ], [ 2.1509755, 41.3943729 ], [ 2.1510815, 41.394399 ], [ 2.1511118, 41.3944065 ], [ 2.1513026, 41.3944543 ], [ 2.1515113, 41.3945083 ], [ 2.1515715, 41.3945236 ], [ 2.1530474, 41.3948998 ], [ 2.1530954, 41.394912 ], [ 2.1531484, 41.3949261 ], [ 2.1532039, 41.3949402 ], [ 2.1544991, 41.3952685 ], [ 2.1545312, 41.3952766 ], [ 2.1547106, 41.3953225 ], [ 2.154918, 41.3953749 ], [ 2.1549764, 41.3953896 ], [ 2.1550156, 41.3953995 ], [ 2.1553217, 41.3954795 ], [ 2.1554327, 41.3955053 ], [ 2.1554885, 41.3955191 ], [ 2.1555235, 41.3955277 ], [ 2.1556097, 41.3955488 ], [ 2.1556638, 41.395562 ], [ 2.1558673, 41.395612 ], [ 2.155903, 41.3956214 ], [ 2.1559577, 41.3956355 ], [ 2.1568968, 41.3958768 ], [ 2.1569464, 41.3958891 ], [ 2.1583322, 41.396238 ], [ 2.1589555, 41.396395 ], [ 2.158998, 41.3964044 ], [ 2.1592558, 41.3965486 ], [ 2.1593728, 41.396702 ], [ 2.1595526, 41.3967327 ], [ 2.1596746, 41.3967553 ], [ 2.1597886, 41.3968659 ], [ 2.1598199, 41.396889 ], [ 2.1598619, 41.3969221 ], [ 2.1598941, 41.3969431 ], [ 2.1601453, 41.3971357 ], [ 2.1603945, 41.3973269 ], [ 2.160509, 41.3974113 ], [ 2.1605458, 41.3974418 ], [ 2.1606375, 41.397508 ], [ 2.1607972, 41.3976222 ], [ 2.1609478, 41.3977296 ], [ 2.160962, 41.3977385 ], [ 2.1611132, 41.39786 ], [ 2.1611859, 41.3979158 ], [ 2.1615785, 41.3982034 ], [ 2.1616698, 41.3982703 ], [ 2.1617167, 41.3983078 ], [ 2.161808, 41.3983797 ], [ 2.1618256, 41.3983927 ], [ 2.1620467, 41.3985698 ], [ 2.1620824, 41.3985972 ], [ 2.1624039, 41.3988373 ], [ 2.1627284, 41.3990733 ], [ 2.1629609, 41.3992441 ], [ 2.163195, 41.3994271 ], [ 2.1634185, 41.3995975 ], [ 2.1639065, 41.3999695 ], [ 2.1640916, 41.4001106 ], [ 2.1643074, 41.4002751 ], [ 2.1643343, 41.4002956 ], [ 2.1645512, 41.400461 ], [ 2.1650345, 41.4008294 ], [ 2.1652342, 41.4009816 ], [ 2.1654582, 41.4011499 ], [ 2.1654925, 41.4011756 ], [ 2.1657216, 41.4013534 ], [ 2.1659186, 41.4015051 ], [ 2.166014, 41.4015758 ], [ 2.1660673, 41.4016148 ], [ 2.1661061, 41.4016659 ], [ 2.1661242, 41.4016911 ], [ 2.166154, 41.4017435 ], [ 2.166257, 41.4016643 ], [ 2.1665045, 41.4014792 ], [ 2.1666998, 41.4013319 ], [ 2.1670917, 41.4010316 ], [ 2.1671193, 41.4010125 ], [ 2.1673388, 41.4008318 ], [ 2.1673755, 41.4008591 ], [ 2.1674667, 41.4009269 ], [ 2.1675128, 41.4009612 ], [ 2.1676523, 41.4010649 ], [ 2.1676784, 41.4010843 ], [ 2.1678664, 41.4012273 ], [ 2.1684477, 41.4016632 ], [ 2.1684664, 41.4016768 ], [ 2.1686726, 41.4018319 ], [ 2.168865, 41.4019727 ], [ 2.1692472, 41.4022583 ], [ 2.1695608, 41.4024994 ], [ 2.1695767, 41.4025118 ], [ 2.1697614, 41.4026545 ], [ 2.1698077, 41.4026916 ], [ 2.1699869, 41.402834 ], [ 2.1702371, 41.4030251 ], [ 2.1702867, 41.4030634 ], [ 2.1705636, 41.4032682 ], [ 2.1706842, 41.4033573 ], [ 2.1707053, 41.403373 ], [ 2.170901, 41.4035224 ], [ 2.1710994, 41.4036672 ], [ 2.1718181, 41.4041966 ], [ 2.1718373, 41.404212 ], [ 2.1720527, 41.4043697 ], [ 2.1718291, 41.4045406 ], [ 2.1718069, 41.4045575 ], [ 2.1711227, 41.4050751 ], [ 2.1710791, 41.405108 ], [ 2.1709113, 41.4052311 ], [ 2.1706773, 41.4054065 ], [ 2.170648, 41.4054278 ], [ 2.1706373, 41.4054362 ], [ 2.1706261, 41.405445 ], [ 2.1704587, 41.4055792 ], [ 2.1700176, 41.4059108 ], [ 2.1699746, 41.4059432 ], [ 2.1698152, 41.4060666 ], [ 2.1697697, 41.4061008 ], [ 2.169571, 41.4062503 ], [ 2.1695363, 41.4062764 ], [ 2.168871, 41.4067817 ], [ 2.1688492, 41.4067982 ], [ 2.1686751, 41.4069301 ], [ 2.1686938, 41.4069443 ], [ 2.168867, 41.4070732 ], [ 2.1689019, 41.4070992 ], [ 2.1697709, 41.4077575 ], [ 2.1697886, 41.4077709 ], [ 2.1699226, 41.4078725 ], [ 2.1699549, 41.4078969 ], [ 2.1701999, 41.4080882 ], [ 2.1702336, 41.4081145 ], [ 2.1703928, 41.4082388 ], [ 2.1707822, 41.4085289 ], [ 2.1707959, 41.4085391 ], [ 2.1710223, 41.4087147 ], [ 2.1712107, 41.408851 ], [ 2.171233, 41.4088675 ], [ 2.1713998, 41.4089904 ], [ 2.1718791, 41.4093434 ], [ 2.1719078, 41.4093645 ], [ 2.1721309, 41.409531 ], [ 2.1722982, 41.409655 ], [ 2.1723244, 41.4096748 ], [ 2.1723732, 41.4097116 ], [ 2.1723923, 41.409726 ], [ 2.1724231, 41.4097492 ], [ 2.1726395, 41.4099121 ], [ 2.1730119, 41.4101924 ], [ 2.1732395, 41.4103634 ], [ 2.1732768, 41.4103925 ], [ 2.1734463, 41.4105228 ], [ 2.1734767, 41.4105454 ], [ 2.1738299, 41.4108143 ], [ 2.1740232, 41.41096 ], [ 2.1742534, 41.4111291 ], [ 2.1743418, 41.4111937 ], [ 2.1745364, 41.4113572 ], [ 2.1745785, 41.4113887 ], [ 2.1746765, 41.4114618 ], [ 2.1749114, 41.4116373 ], [ 2.1751644, 41.4118263 ], [ 2.1752032, 41.4118552 ], [ 2.1754414, 41.4120331 ], [ 2.1754984, 41.411991 ], [ 2.1756595, 41.4118714 ], [ 2.176008, 41.4116132 ], [ 2.1760229, 41.4116021 ], [ 2.176324, 41.4113811 ], [ 2.1763779, 41.4113396 ], [ 2.1765417, 41.4112134 ], [ 2.1765987, 41.4111712 ], [ 2.1767441, 41.4110686 ], [ 2.1767921, 41.4110296 ], [ 2.1768463, 41.4109851 ], [ 2.1770089, 41.4108585 ], [ 2.1771473, 41.4107507 ], [ 2.1774745, 41.41049 ], [ 2.177505, 41.4104659 ], [ 2.1777023, 41.4103174 ], [ 2.1777529, 41.4102814 ], [ 2.177893, 41.4101761 ], [ 2.1782898, 41.4098683 ], [ 2.1785809, 41.4096567 ], [ 2.1786127, 41.4096319 ], [ 2.1788009, 41.409485 ], [ 2.1788566, 41.4094433 ], [ 2.1790458, 41.4093081 ], [ 2.1791343, 41.4092415 ], [ 2.1797792, 41.4087563 ], [ 2.1800059, 41.4085836 ], [ 2.1800464, 41.4085527 ], [ 2.1802209, 41.4084224 ], [ 2.1804648, 41.4082386 ], [ 2.1808263, 41.4079569 ], [ 2.180857, 41.407933 ], [ 2.1811089, 41.4077373 ], [ 2.1811411, 41.4077121 ], [ 2.1812727, 41.4076124 ], [ 2.1813023, 41.40759 ], [ 2.1819917, 41.4070674 ], [ 2.1820208, 41.4070454 ], [ 2.1820355, 41.4070343 ], [ 2.1822149, 41.4069027 ], [ 2.1822443, 41.4068797 ], [ 2.1823861, 41.4067651 ], [ 2.1824251, 41.4067352 ], [ 2.1830087, 41.4062892 ], [ 2.1830986, 41.4062299 ], [ 2.1832181, 41.406145 ], [ 2.183259, 41.4061159 ], [ 2.1833084, 41.4060806 ], [ 2.183377, 41.4060356 ], [ 2.1834399, 41.4059891 ], [ 2.1835777, 41.4058856 ], [ 2.184219, 41.4054091 ], [ 2.1842883, 41.4053576 ], [ 2.1844755, 41.4052134 ], [ 2.1845192, 41.4051819 ], [ 2.1845751, 41.4051379 ], [ 2.1845871, 41.4051288 ], [ 2.1847064, 41.4050382 ], [ 2.1851055, 41.4047354 ], [ 2.1867727, 41.403512 ], [ 2.1867733, 41.402207 ], [ 2.1867757, 41.4021168 ], [ 2.1867667, 41.4017784 ], [ 2.1867688, 41.4014337 ], [ 2.1867688, 41.4012398 ], [ 2.1867699, 41.4010475 ], [ 2.1867672, 41.4003204 ], [ 2.1867677, 41.40029 ], [ 2.1867685, 41.4001633 ], [ 2.1867715, 41.4000828 ], [ 2.1867636, 41.3996108 ], [ 2.1867632, 41.3995791 ], [ 2.1867605, 41.3987859 ], [ 2.1867602, 41.3987439 ], [ 2.1867587, 41.3986212 ], [ 2.1867636, 41.3984716 ], [ 2.1867494, 41.3979868 ], [ 2.1867513, 41.3978453 ], [ 2.1867514, 41.3978037 ], [ 2.1867497, 41.3970575 ], [ 2.1867498, 41.397022 ], [ 2.1867507, 41.3967187 ], [ 2.186752, 41.3966454 ], [ 2.1867524, 41.3965059 ], [ 2.186751, 41.3964514 ], [ 2.1867447, 41.395984 ], [ 2.1867419, 41.3952219 ], [ 2.1867416, 41.3951834 ], [ 2.1867415, 41.395172 ], [ 2.1867423, 41.3951469 ], [ 2.1867661, 41.3949579 ], [ 2.186755, 41.3949503 ], [ 2.1867349, 41.3949365 ], [ 2.1867099, 41.3949164 ], [ 2.186666, 41.3948668 ], [ 2.1866322, 41.3947756 ], [ 2.1866432, 41.3947202 ], [ 2.1866731, 41.3946689 ], [ 2.1867199, 41.3946252 ], [ 2.1864791, 41.3944443 ], [ 2.186444, 41.3944179 ], [ 2.186331, 41.394331 ], [ 2.1862069, 41.394243 ], [ 2.1860393, 41.3941217 ], [ 2.1858568, 41.3939897 ], [ 2.1858141, 41.3939561 ], [ 2.185581, 41.3937798 ], [ 2.1850025, 41.3933422 ], [ 2.184896, 41.3932658 ], [ 2.1846802, 41.3930985 ], [ 2.1844573, 41.39294 ], [ 2.183814, 41.3924683 ], [ 2.1837416, 41.3924157 ], [ 2.1835358, 41.392266 ], [ 2.1832855, 41.3920791 ], [ 2.1827889, 41.3917158 ], [ 2.1826386, 41.3916027 ], [ 2.1826029, 41.3915727 ], [ 2.1823811, 41.3914119 ], [ 2.1821609, 41.3915798 ], [ 2.1815128, 41.3920799 ], [ 2.1814834, 41.3921026 ], [ 2.181334, 41.3922164 ], [ 2.1811778, 41.3920815 ], [ 2.1811689, 41.3920745 ], [ 2.1806628, 41.3916762 ], [ 2.180643, 41.3916606 ], [ 2.1805473, 41.3915888 ], [ 2.1804348, 41.3915034 ], [ 2.1803099, 41.3914057 ], [ 2.1802518, 41.3913548 ], [ 2.1802381, 41.3913427 ], [ 2.1802089, 41.3913232 ], [ 2.1801883, 41.3913086 ], [ 2.1800147, 41.3911709 ], [ 2.1799183, 41.3911006 ], [ 2.1797633, 41.3910091 ], [ 2.1796961, 41.3909826 ], [ 2.1791186, 41.3907553 ], [ 2.1784705, 41.3905049 ], [ 2.177557, 41.3901653 ], [ 2.1773975, 41.3900937 ], [ 2.1773652, 41.3900703 ], [ 2.1772564, 41.3899932 ], [ 2.1772217, 41.3899686 ], [ 2.1769405, 41.3897513 ], [ 2.176903, 41.389722 ], [ 2.1764867, 41.389417 ], [ 2.1762337, 41.3892243 ], [ 2.1761528, 41.3891609 ], [ 2.1760538, 41.3890847 ], [ 2.1760227, 41.3890608 ], [ 2.1758863, 41.3889575 ], [ 2.1756722, 41.3889572 ], [ 2.1756383, 41.3889566 ], [ 2.1739023, 41.3889554 ], [ 2.1737424, 41.3889558 ], [ 2.1737004, 41.3889557 ], [ 2.1736617, 41.3889565 ], [ 2.1736039, 41.3889556 ], [ 2.1735489, 41.3889531 ], [ 2.1735033, 41.3889497 ], [ 2.1734584, 41.3889423 ], [ 2.173386, 41.3889147 ], [ 2.1733529, 41.3888884 ], [ 2.1732975, 41.3888443 ], [ 2.1732607, 41.3888171 ], [ 2.1729477, 41.3885995 ], [ 2.1729275, 41.3885828 ], [ 2.1727801, 41.3884717 ], [ 2.1726872, 41.3883875 ], [ 2.1726538, 41.3883555 ], [ 2.1724313, 41.3880631 ], [ 2.1722873, 41.3878901 ], [ 2.1716374, 41.3871508 ], [ 2.1715873, 41.3871051 ], [ 2.1715574, 41.3870769 ], [ 2.1715179, 41.3870514 ], [ 2.171476, 41.3870271 ], [ 2.1713707, 41.3869857 ], [ 2.1712248, 41.3869292 ], [ 2.1711846, 41.3869032 ], [ 2.1711329, 41.3868709 ], [ 2.1711143, 41.3868517 ], [ 2.170912, 41.3866204 ], [ 2.1708387, 41.3865361 ], [ 2.1703254, 41.3859449 ], [ 2.1702358, 41.3858532 ], [ 2.1701372, 41.3857548 ], [ 2.169962, 41.3856746 ], [ 2.169884, 41.3856436 ], [ 2.1697998, 41.385609 ], [ 2.1695921, 41.3855616 ], [ 2.1694138, 41.3855548 ], [ 2.1693407, 41.3855539 ], [ 2.169282, 41.385557 ], [ 2.1677232, 41.3856996 ], [ 2.1676769, 41.3857051 ], [ 2.1676016, 41.3857142 ], [ 2.1674744, 41.3857356 ], [ 2.1671768, 41.3857286 ], [ 2.1671584, 41.38573 ], [ 2.1671374, 41.3857316 ], [ 2.1670994, 41.3857345 ], [ 2.1668613, 41.3857546 ], [ 2.166705, 41.3857677 ], [ 2.1658141, 41.3858428 ], [ 2.165642, 41.3858604 ], [ 2.1652965, 41.3858885 ], [ 2.1652568, 41.3858924 ], [ 2.1651743, 41.3858996 ], [ 2.1651046, 41.385906 ], [ 2.1648808, 41.3859271 ], [ 2.1646966, 41.3859404 ], [ 2.1645084, 41.3857815 ], [ 2.1644509, 41.3857352 ], [ 2.1643742, 41.385673 ], [ 2.164162, 41.3854931 ], [ 2.1640511, 41.3854069 ], [ 2.1640191, 41.3853676 ], [ 2.1639971, 41.3853293 ], [ 2.1639821, 41.3852581 ], [ 2.1639756, 41.3852185 ], [ 2.1639684, 41.3851723 ], [ 2.1639291, 41.3849124 ], [ 2.1638444, 41.3842301 ], [ 2.1638315, 41.3841429 ], [ 2.1638149, 41.3840063 ], [ 2.1637329, 41.3833762 ], [ 2.1637243, 41.3832989 ], [ 2.163721, 41.3832695 ], [ 2.1636954, 41.383043 ], [ 2.1636354, 41.3825593 ], [ 2.163631, 41.3825236 ], [ 2.1636068, 41.3823278 ], [ 2.1635848, 41.3821704 ], [ 2.1635804, 41.3821324 ], [ 2.1635526, 41.3819025 ], [ 2.1635389, 41.3817868 ], [ 2.1635285, 41.3817305 ], [ 2.1635208, 41.3816887 ], [ 2.1633882, 41.380773 ], [ 2.1633853, 41.3807532 ], [ 2.1633823, 41.3807362 ], [ 2.16332, 41.3803658 ], [ 2.1633153, 41.3803494 ], [ 2.1633129, 41.3803315 ], [ 2.1633099, 41.3803098 ], [ 2.1633038, 41.3802653 ], [ 2.1631034, 41.3788707 ], [ 2.1630917, 41.3787247 ], [ 2.1631907, 41.3786495 ], [ 2.1633763, 41.3785003 ], [ 2.1633962, 41.3784866 ], [ 2.1636125, 41.3783181 ], [ 2.1637341, 41.3782234 ], [ 2.1642763, 41.3778011 ], [ 2.1643135, 41.3777713 ], [ 2.1645771, 41.3775781 ], [ 2.1646424, 41.3775275 ], [ 2.164717, 41.3774714 ], [ 2.1651967, 41.3771095 ], [ 2.1654438, 41.3769209 ], [ 2.1657417, 41.3766911 ], [ 2.1659314, 41.3765498 ], [ 2.1660522, 41.3764608 ], [ 2.1660878, 41.3764345 ], [ 2.1661245, 41.3764073 ], [ 2.1663537, 41.3762374 ], [ 2.1665538, 41.3760979 ], [ 2.1665916, 41.3760716 ], [ 2.1666453, 41.3760316 ], [ 2.1668349, 41.3758906 ], [ 2.1668595, 41.375873 ], [ 2.1670088, 41.3757663 ], [ 2.1670789, 41.375709 ], [ 2.1672629, 41.375572 ], [ 2.167491, 41.3754011 ], [ 2.1677437, 41.3752145 ], [ 2.167822, 41.3751435 ], [ 2.1679184, 41.3750379 ], [ 2.1678468, 41.3749141 ], [ 2.1677355, 41.3749139 ], [ 2.1673981, 41.3749101 ], [ 2.167378, 41.3749101 ], [ 2.1673467, 41.3749104 ], [ 2.1673267, 41.3749103 ], [ 2.1672695, 41.374911 ], [ 2.1668054, 41.3749154 ], [ 2.1661303, 41.3749163 ], [ 2.1656838, 41.3749168 ], [ 2.1656315, 41.3749169 ], [ 2.1656035, 41.3749169 ], [ 2.1654799, 41.3749171 ], [ 2.1653594, 41.374916 ], [ 2.1653021, 41.3749154 ], [ 2.1651897, 41.3749149 ], [ 2.1650405, 41.3749144 ], [ 2.1645586, 41.3749145 ], [ 2.1640438, 41.3749145 ], [ 2.1635175, 41.3749138 ], [ 2.1634565, 41.3749141 ], [ 2.1634276, 41.3749141 ], [ 2.1633916, 41.3749143 ], [ 2.1633288, 41.3749145 ], [ 2.1631965, 41.374915 ], [ 2.1629987, 41.3749157 ], [ 2.1629283, 41.3749161 ], [ 2.1629001, 41.3749163 ], [ 2.1621371, 41.3749204 ], [ 2.1617114, 41.3749227 ], [ 2.1616284, 41.3749232 ], [ 2.1615159, 41.3749237 ], [ 2.1613282, 41.3749247 ], [ 2.1611245, 41.3749259 ], [ 2.1610624, 41.3749262 ], [ 2.1610412, 41.3749263 ], [ 2.1609341, 41.3749269 ], [ 2.1607527, 41.3749273 ], [ 2.1605916, 41.3749276 ], [ 2.1604586, 41.3749279 ], [ 2.1604534, 41.3749279 ], [ 2.160225, 41.3749283 ], [ 2.1601635, 41.3749285 ], [ 2.1601047, 41.3749286 ], [ 2.160032, 41.3749287 ], [ 2.159916, 41.374929 ], [ 2.1598614, 41.3749291 ], [ 2.1593365, 41.3749302 ], [ 2.1592311, 41.3749304 ], [ 2.1588542, 41.3749334 ], [ 2.1588094, 41.3749334 ], [ 2.1587905, 41.3749335 ], [ 2.1586154, 41.3749307 ], [ 2.1584648, 41.3749319 ], [ 2.1584083, 41.3749321 ], [ 2.1583672, 41.3749321 ], [ 2.157667, 41.3749336 ], [ 2.1566335, 41.3749357 ], [ 2.1565726, 41.3749358 ], [ 2.1565441, 41.3749361 ], [ 2.1560223, 41.374937 ], [ 2.1557967, 41.3749377 ], [ 2.1557259, 41.3749379 ], [ 2.1556936, 41.3749379 ], [ 2.1554345, 41.3749399 ], [ 2.1545145, 41.3749415 ], [ 2.1544529, 41.3749415 ], [ 2.1544325, 41.3749417 ], [ 2.1543329, 41.374942 ], [ 2.1540314, 41.3749429 ], [ 2.1539824, 41.3750158 ], [ 2.1539725, 41.3750778 ], [ 2.1538196, 41.3750751 ], [ 2.1537516, 41.3750739 ], [ 2.1535303, 41.375074 ], [ 2.1534433, 41.3750749 ], [ 2.1533916, 41.3750749 ], [ 2.1528436, 41.375078 ], [ 2.1522976, 41.375081 ], [ 2.1522578, 41.3750812 ], [ 2.1522001, 41.3750819 ], [ 2.1521314, 41.3750824 ], [ 2.1517345, 41.3750831 ], [ 2.150165, 41.3750967 ], [ 2.150112, 41.3750952 ], [ 2.1500565, 41.3751023 ], [ 2.1499719, 41.3751123 ], [ 2.1498811, 41.3751364 ], [ 2.1498484, 41.3751478 ], [ 2.1498349, 41.3751531 ], [ 2.1497577, 41.3751834 ], [ 2.1497028, 41.3752096 ], [ 2.1496767, 41.375222 ], [ 2.1496463, 41.3752377 ], [ 2.1496064, 41.3752764 ], [ 2.1495683, 41.3753089 ], [ 2.1495358, 41.3753327 ], [ 2.1495085, 41.3753492 ], [ 2.149443, 41.3753847 ], [ 2.1493626, 41.3754157 ], [ 2.1493023, 41.3754326 ], [ 2.1492443, 41.3754462 ], [ 2.1491428, 41.3754561 ], [ 2.1491335, 41.3754564 ], [ 2.1490352, 41.3754525 ], [ 2.1489408, 41.3754359 ], [ 2.1489148, 41.3754278 ], [ 2.1488463, 41.3754064 ], [ 2.1489044, 41.3754426 ], [ 2.1489232, 41.3754644 ], [ 2.1489382, 41.3754863 ], [ 2.1489586, 41.3755391 ], [ 2.1489642, 41.3755742 ], [ 2.148961, 41.3756023 ], [ 2.1489504, 41.3756414 ], [ 2.1489389, 41.375666 ], [ 2.1488992, 41.3757166 ], [ 2.1488664, 41.3757485 ], [ 2.1488308, 41.3757779 ], [ 2.1487469, 41.3758397 ], [ 2.148468, 41.3760459 ], [ 2.1483355, 41.3761497 ], [ 2.1482575, 41.3762205 ], [ 2.1482216, 41.3762532 ], [ 2.1481897, 41.3763201 ], [ 2.1481444, 41.3763849 ], [ 2.147988, 41.3765108 ], [ 2.1479633, 41.3765304 ], [ 2.1478391, 41.3766288 ], [ 2.1477373, 41.3767045 ], [ 2.1475208, 41.3768657 ], [ 2.1472199, 41.377089 ], [ 2.1471451, 41.3771503 ], [ 2.1469894, 41.377269 ], [ 2.1468927, 41.3773417 ], [ 2.1468644, 41.3773626 ], [ 2.1465372, 41.3776051 ], [ 2.1460663, 41.3779553 ], [ 2.1460224, 41.377989 ], [ 2.1459075, 41.3780769 ], [ 2.1458693, 41.3781076 ], [ 2.1457414, 41.3782109 ], [ 2.1457139, 41.3782325 ], [ 2.145686, 41.3782534 ], [ 2.1454121, 41.3784593 ], [ 2.1450317, 41.3787433 ], [ 2.1450074, 41.3787633 ], [ 2.1448953, 41.3788522 ], [ 2.1448608, 41.3788778 ], [ 2.1447096, 41.3789857 ], [ 2.1446804, 41.379006 ], [ 2.1444111, 41.3792072 ], [ 2.1439323, 41.3795626 ], [ 2.1438965, 41.3795891 ], [ 2.1438061, 41.3796618 ], [ 2.1436277, 41.3797959 ], [ 2.1435451, 41.3798576 ], [ 2.1433981, 41.3799674 ], [ 2.1432679, 41.3800646 ], [ 2.1432238, 41.3800979 ], [ 2.1430869, 41.380194 ], [ 2.1429359, 41.380259 ], [ 2.1428045, 41.3803312 ], [ 2.1427435, 41.3803779 ], [ 2.1426102, 41.3804778 ], [ 2.1424974, 41.3805597 ], [ 2.1424327, 41.380596 ], [ 2.1423173, 41.3806591 ], [ 2.1422195, 41.3807089 ], [ 2.1420218, 41.380798 ] ] ] } },
{ "type": "Feature", "properties": { "distrito": "Ciutat Vella", "admin_level": "9" }, "geometry": { "type": "Polygon", "coordinates": [ [ [ 2.1630917, 41.3787247 ], [ 2.1631034, 41.3788707 ], [ 2.1633038, 41.3802653 ], [ 2.1633099, 41.3803098 ], [ 2.1633129, 41.3803315 ], [ 2.1633153, 41.3803494 ], [ 2.16332, 41.3803658 ], [ 2.1633823, 41.3807362 ], [ 2.1633853, 41.3807532 ], [ 2.1633882, 41.380773 ], [ 2.1635208, 41.3816887 ], [ 2.1635285, 41.3817305 ], [ 2.1635389, 41.3817868 ], [ 2.1635526, 41.3819025 ], [ 2.1635804, 41.3821324 ], [ 2.1635848, 41.3821704 ], [ 2.1636068, 41.3823278 ], [ 2.163631, 41.3825236 ], [ 2.1636354, 41.3825593 ], [ 2.1636954, 41.383043 ], [ 2.163721, 41.3832695 ], [ 2.1637243, 41.3832989 ], [ 2.1637329, 41.3833762 ], [ 2.1638149, 41.3840063 ], [ 2.1638315, 41.3841429 ], [ 2.1638444, 41.3842301 ], [ 2.1639291, 41.3849124 ], [ 2.1639684, 41.3851723 ], [ 2.1639756, 41.3852185 ], [ 2.1639821, 41.3852581 ], [ 2.1639971, 41.3853293 ], [ 2.1640191, 41.3853676 ], [ 2.1640511, 41.3854069 ], [ 2.164162, 41.3854931 ], [ 2.1643742, 41.385673 ], [ 2.1644509, 41.3857352 ], [ 2.1645084, 41.3857815 ], [ 2.1646966, 41.3859404 ], [ 2.1648808, 41.3859271 ], [ 2.1651046, 41.385906 ], [ 2.1651743, 41.3858996 ], [ 2.1652568, 41.3858924 ], [ 2.1652965, 41.3858885 ], [ 2.165642, 41.3858604 ], [ 2.1658141, 41.3858428 ], [ 2.166705, 41.3857677 ], [ 2.1668613, 41.3857546 ], [ 2.1670994, 41.3857345 ], [ 2.1671374, 41.3857316 ], [ 2.1671584, 41.38573 ], [ 2.1671768, 41.3857286 ], [ 2.1674744, 41.3857356 ], [ 2.1676016, 41.3857142 ], [ 2.1676769, 41.3857051 ], [ 2.1677232, 41.3856996 ], [ 2.169282, 41.385557 ], [ 2.1693407, 41.3855539 ], [ 2.1694138, 41.3855548 ], [ 2.1695921, 41.3855616 ], [ 2.1697998, 41.385609 ], [ 2.169884, 41.3856436 ], [ 2.169962, 41.3856746 ], [ 2.1701372, 41.3857548 ], [ 2.1702358, 41.3858532 ], [ 2.1703254, 41.3859449 ], [ 2.1708387, 41.3865361 ], [ 2.170912, 41.3866204 ], [ 2.1711143, 41.3868517 ], [ 2.1711329, 41.3868709 ], [ 2.1711846, 41.3869032 ], [ 2.1712248, 41.3869292 ], [ 2.1713707, 41.3869857 ], [ 2.171476, 41.3870271 ], [ 2.1715179, 41.3870514 ], [ 2.1715574, 41.3870769 ], [ 2.1715873, 41.3871051 ], [ 2.1716374, 41.3871508 ], [ 2.1722873, 41.3878901 ], [ 2.1724313, 41.3880631 ], [ 2.1726538, 41.3883555 ], [ 2.1726872, 41.3883875 ], [ 2.1727801, 41.3884717 ], [ 2.1729275, 41.3885828 ], [ 2.1729477, 41.3885995 ], [ 2.1732607, 41.3888171 ], [ 2.1732975, 41.3888443 ], [ 2.1733529, 41.3888884 ], [ 2.173386, 41.3889147 ], [ 2.1734584, 41.3889423 ], [ 2.1735033, 41.3889497 ], [ 2.1735489, 41.3889531 ], [ 2.1736039, 41.3889556 ], [ 2.1736617, 41.3889565 ], [ 2.1737004, 41.3889557 ], [ 2.1737424, 41.3889558 ], [ 2.1739023, 41.3889554 ], [ 2.1756383, 41.3889566 ], [ 2.1756722, 41.3889572 ], [ 2.1758863, 41.3889575 ], [ 2.1760227, 41.3890608 ], [ 2.1760538, 41.3890847 ], [ 2.1761528, 41.3891609 ], [ 2.1762337, 41.3892243 ], [ 2.1764867, 41.389417 ], [ 2.176903, 41.389722 ], [ 2.1769405, 41.3897513 ], [ 2.1772217, 41.3899686 ], [ 2.1772564, 41.3899932 ], [ 2.1773652, 41.3900703 ], [ 2.1773975, 41.3900937 ], [ 2.177557, 41.3901653 ], [ 2.1784705, 41.3905049 ], [ 2.1791186, 41.3907553 ], [ 2.1796961, 41.3909826 ], [ 2.1797633, 41.3910091 ], [ 2.1799183, 41.3911006 ], [ 2.1800147, 41.3911709 ], [ 2.1801883, 41.3913086 ], [ 2.1802089, 41.3913232 ], [ 2.1802381, 41.3913427 ], [ 2.1802518, 41.3913548 ], [ 2.1803099, 41.3914057 ], [ 2.1804348, 41.3915034 ], [ 2.1805473, 41.3915888 ], [ 2.180643, 41.3916606 ], [ 2.1806628, 41.3916762 ], [ 2.1811689, 41.3920745 ], [ 2.1811778, 41.3920815 ], [ 2.181334, 41.3922164 ], [ 2.1814834, 41.3921026 ], [ 2.1815128, 41.3920799 ], [ 2.1821609, 41.3915798 ], [ 2.1823811, 41.3914119 ], [ 2.1825928, 41.39126 ], [ 2.1826302, 41.3912341 ], [ 2.1832362, 41.390779 ], [ 2.1834634, 41.3906079 ], [ 2.1836565, 41.3904538 ], [ 2.1844082, 41.3898772 ], [ 2.1844385, 41.3898543 ], [ 2.1845158, 41.3897947 ], [ 2.1846389, 41.3898861 ], [ 2.184676, 41.3899137 ], [ 2.1849392, 41.3901151 ], [ 2.1853426, 41.3904167 ], [ 2.1856031, 41.3906097 ], [ 2.1856637, 41.3906538 ], [ 2.1857777, 41.3907367 ], [ 2.1860936, 41.3909767 ], [ 2.1866353, 41.3913881 ], [ 2.1866568, 41.3914131 ], [ 2.1867524, 41.391547 ], [ 2.186802, 41.391506 ], [ 2.1868895, 41.3914473 ], [ 2.1869599, 41.3913842 ], [ 2.1879495, 41.3906293 ], [ 2.1880128, 41.3905813 ], [ 2.1880699, 41.3905406 ], [ 2.1883124, 41.3903641 ], [ 2.1887744, 41.3900894 ], [ 2.1888145, 41.3900607 ], [ 2.1892211, 41.3897542 ], [ 2.1892992, 41.3896979 ], [ 2.1893227, 41.3896773 ], [ 2.1915301, 41.388023 ], [ 2.1915509, 41.3880096 ], [ 2.1917737, 41.3878443 ], [ 2.1918792, 41.38777 ], [ 2.1921051, 41.3875877 ], [ 2.1924324, 41.3873433 ], [ 2.1925208, 41.3873203 ], [ 2.192606, 41.3873071 ], [ 2.1925779, 41.3871854 ], [ 2.1936284, 41.3862834 ], [ 2.1938596, 41.3864548 ], [ 2.1938692, 41.386462 ], [ 2.19411, 41.3866405 ], [ 2.1942285, 41.3867284 ], [ 2.1943749, 41.3868328 ], [ 2.1946288, 41.3870138 ], [ 2.1946831, 41.3870565 ], [ 2.194825, 41.3871577 ], [ 2.1948545, 41.3871796 ], [ 2.1949931, 41.3872825 ], [ 2.1950218, 41.3873035 ], [ 2.1953005, 41.3875104 ], [ 2.1953297, 41.3875321 ], [ 2.1955518, 41.3876899 ], [ 2.1956061, 41.3877342 ], [ 2.1956218, 41.3877443 ], [ 2.195814, 41.3878876 ], [ 2.1958019, 41.3877747 ], [ 2.1958218, 41.3876742 ], [ 2.1958592, 41.3876016 ], [ 2.1959141, 41.3875455 ], [ 2.1960085, 41.3874941 ], [ 2.1961267, 41.3874592 ], [ 2.1962196, 41.3874534 ], [ 2.1962599, 41.3874572 ], [ 2.1963492, 41.3874644 ], [ 2.1964266, 41.3874327 ], [ 2.1964963, 41.3873963 ], [ 2.1970187, 41.3870142 ], [ 2.1970845, 41.3869665 ], [ 2.1975926, 41.386581 ], [ 2.1979982, 41.3862797 ], [ 2.1995754, 41.3848888 ], [ 2.1995081, 41.3848488 ], [ 2.1993079, 41.3847408 ], [ 2.1990833, 41.3846373 ], [ 2.1990391, 41.3846707 ], [ 2.1990444, 41.384675 ], [ 2.1986076, 41.3850022 ], [ 2.1984871, 41.3847899 ], [ 2.1982355, 41.3846627 ], [ 2.1983197, 41.3843509 ], [ 2.1982757, 41.3843297 ], [ 2.1982317, 41.3843651 ], [ 2.1981708, 41.384518 ], [ 2.1978884, 41.3844644 ], [ 2.1974898, 41.3843449 ], [ 2.1971673, 41.3841943 ], [ 2.1966713, 41.3838911 ], [ 2.1963099, 41.3835941 ], [ 2.1959158, 41.3831878 ], [ 2.1956859, 41.3828432 ], [ 2.1955936, 41.3826177 ], [ 2.1955097, 41.3822961 ], [ 2.1954426, 41.3820412 ], [ 2.1954413, 41.3819809 ], [ 2.195437, 41.381787 ], [ 2.1955491, 41.3816355 ], [ 2.1955659, 41.3816705 ], [ 2.1956048, 41.3816917 ], [ 2.1956462, 41.3817044 ], [ 2.1956919, 41.3816992 ], [ 2.1957375, 41.3816853 ], [ 2.1966037, 41.3813747 ], [ 2.1966516, 41.3813306 ], [ 2.1969777, 41.3812091 ], [ 2.1969936, 41.381232 ], [ 2.1970908, 41.3812236 ], [ 2.1971781, 41.3812359 ], [ 2.1972406, 41.3812123 ], [ 2.1972397, 41.3811777 ], [ 2.1973159, 41.3811181 ], [ 2.1972542, 41.3810266 ], [ 2.1971475, 41.3809625 ], [ 2.1970252, 41.3809576 ], [ 2.1970092, 41.3810015 ], [ 2.1969463, 41.3809915 ], [ 2.196944, 41.381034 ], [ 2.1969719, 41.3810649 ], [ 2.1963208, 41.3812898 ], [ 2.1956462, 41.3814601 ], [ 2.195579, 41.3813548 ], [ 2.1955238, 41.3812641 ], [ 2.1954494, 41.381142 ], [ 2.1954054, 41.3810701 ], [ 2.1953956, 41.3810432 ], [ 2.1954516, 41.3809742 ], [ 2.1968167, 41.380458 ], [ 2.1967387, 41.3803361 ], [ 2.1958569, 41.3806457 ], [ 2.1948974, 41.3809886 ], [ 2.1947008, 41.3808693 ], [ 2.1944635, 41.3806823 ], [ 2.1942241, 41.3804769 ], [ 2.1939829, 41.3802549 ], [ 2.1937411, 41.3800286 ], [ 2.1934219, 41.3796396 ], [ 2.1932509, 41.3794166 ], [ 2.1930306, 41.3790654 ], [ 2.1928639, 41.3786081 ], [ 2.1927732, 41.3782367 ], [ 2.1927507, 41.3779011 ], [ 2.1927688, 41.377626 ], [ 2.1928467, 41.3773735 ], [ 2.1928627, 41.3773392 ], [ 2.1929239, 41.3772077 ], [ 2.1929176, 41.3771347 ], [ 2.1928122, 41.3770535 ], [ 2.1925907, 41.3769525 ], [ 2.1924989, 41.3769062 ], [ 2.1923816, 41.376847 ], [ 2.1922043, 41.3767452 ], [ 2.1919087, 41.3765297 ], [ 2.1914644, 41.3761332 ], [ 2.1912693, 41.3758482 ], [ 2.1910829, 41.3755885 ], [ 2.1908914, 41.3752473 ], [ 2.1907294, 41.3749931 ], [ 2.1905181, 41.3745871 ], [ 2.1902989, 41.373907 ], [ 2.1901071, 41.3735233 ], [ 2.1899507, 41.3732104 ], [ 2.1898354, 41.3728558 ], [ 2.1897399, 41.372588 ], [ 2.1896177, 41.3721133 ], [ 2.189547, 41.371864 ], [ 2.1894804, 41.3715425 ], [ 2.1894285, 41.3711251 ], [ 2.1894634, 41.3706802 ], [ 2.1895045, 41.3704862 ], [ 2.1895921, 41.3702851 ], [ 2.1897254, 41.3700267 ], [ 2.1899154, 41.3697954 ], [ 2.1901772, 41.3695587 ], [ 2.1911299, 41.3693096 ], [ 2.1915263, 41.3699889 ], [ 2.1916517, 41.3700077 ], [ 2.1917647, 41.3699752 ], [ 2.1918626, 41.3699308 ], [ 2.1918919, 41.369846 ], [ 2.1879423, 41.3636642 ], [ 2.1877605, 41.3634052 ], [ 2.1870926, 41.3615364 ], [ 2.1868522, 41.3615806 ], [ 2.1853612, 41.3577346 ], [ 2.1845976, 41.3579036 ], [ 2.1846602, 41.3580588 ], [ 2.1850357, 41.3579774 ], [ 2.1850576, 41.3579806 ], [ 2.185123, 41.3581446 ], [ 2.1852818, 41.3581115 ], [ 2.1866224, 41.3616249 ], [ 2.1865957, 41.3616801 ], [ 2.1870632, 41.3629389 ], [ 2.1865227, 41.3630571 ], [ 2.1865745, 41.3631975 ], [ 2.1866193, 41.3633042 ], [ 2.1866503, 41.3633849 ], [ 2.1871136, 41.3635094 ], [ 2.1873555, 41.3635915 ], [ 2.1892317, 41.3665742 ], [ 2.1888942, 41.3667027 ], [ 2.1890022, 41.3668718 ], [ 2.187951, 41.3672613 ], [ 2.1876619, 41.3667826 ], [ 2.1872925, 41.3661711 ], [ 2.1867787, 41.3653206 ], [ 2.1862021, 41.3643661 ], [ 2.1867241, 41.3641639 ], [ 2.1866543, 41.364029 ], [ 2.1865439, 41.3640217 ], [ 2.186171, 41.3641272 ], [ 2.1859747, 41.3642256 ], [ 2.1856782, 41.364639 ], [ 2.185362, 41.3646722 ], [ 2.1851391, 41.365294 ], [ 2.1849339, 41.3652546 ], [ 2.1849304, 41.3655951 ], [ 2.1849342, 41.3656316 ], [ 2.1849766, 41.3656709 ], [ 2.1850925, 41.3657053 ], [ 2.1851363, 41.3656892 ], [ 2.1853627, 41.36536 ], [ 2.1853691, 41.3653608 ], [ 2.1852864, 41.3656378 ], [ 2.1852657, 41.3656349 ], [ 2.185261, 41.3656527 ], [ 2.1853154, 41.3656618 ], [ 2.1853166, 41.3656556 ], [ 2.1853086, 41.3656538 ], [ 2.1853719, 41.3654399 ], [ 2.1854157, 41.3654194 ], [ 2.1854629, 41.3654755 ], [ 2.185405, 41.3656787 ], [ 2.18545, 41.3656857 ], [ 2.1854541, 41.3656689 ], [ 2.185435, 41.365666 ], [ 2.1854822, 41.365501 ], [ 2.1866807, 41.3669119 ], [ 2.1868617, 41.3677985 ], [ 2.1868663, 41.3678187 ], [ 2.1869456, 41.3681694 ], [ 2.186973, 41.3682908 ], [ 2.1868765, 41.3682989 ], [ 2.1871992, 41.3700043 ], [ 2.1861771, 41.3701236 ], [ 2.1858735, 41.3684784 ], [ 2.1859924, 41.3684093 ], [ 2.185994, 41.3683068 ], [ 2.1859537, 41.3680271 ], [ 2.1858202, 41.3680351 ], [ 2.1858199, 41.3680313 ], [ 2.1856795, 41.3680438 ], [ 2.185689, 41.3681004 ], [ 2.1860502, 41.3700263 ], [ 2.185596, 41.3700744 ], [ 2.1852482, 41.3681408 ], [ 2.18524, 41.3680952 ], [ 2.1851472, 41.3681047 ], [ 2.1851504, 41.3681261 ], [ 2.185146, 41.3681263 ], [ 2.1851488, 41.368144 ], [ 2.1851454, 41.3681445 ], [ 2.1851603, 41.3682168 ], [ 2.1851451, 41.3682181 ], [ 2.1851925, 41.3684818 ], [ 2.1847126, 41.3685333 ], [ 2.1846847, 41.368541 ], [ 2.1846577, 41.3685557 ], [ 2.184636, 41.3685783 ], [ 2.1846249, 41.3686044 ], [ 2.1849647, 41.3704165 ], [ 2.1846355, 41.3704453 ], [ 2.184604, 41.3704562 ], [ 2.1845796, 41.3704755 ], [ 2.184563, 41.3705027 ], [ 2.1845602, 41.3705333 ], [ 2.1846658, 41.371174 ], [ 2.1847126, 41.3711997 ], [ 2.1859675, 41.3710804 ], [ 2.1859995, 41.3712596 ], [ 2.1847415, 41.3713752 ], [ 2.184705, 41.3714061 ], [ 2.1847778, 41.3718367 ], [ 2.185808, 41.3717407 ], [ 2.1859223, 41.3724059 ], [ 2.1874038, 41.3722793 ], [ 2.18745, 41.3725943 ], [ 2.1875438, 41.3731532 ], [ 2.1871273, 41.3731919 ], [ 2.1868161, 41.3732866 ], [ 2.1870928, 41.3737846 ], [ 2.1868417, 41.3735379 ], [ 2.1868024, 41.3735599 ], [ 2.1871193, 41.3738747 ], [ 2.1874892, 41.374557 ], [ 2.1866613, 41.3748155 ], [ 2.1859351, 41.374533 ], [ 2.1856452, 41.3726473 ], [ 2.1856084, 41.3726033 ], [ 2.1855477, 41.3725886 ], [ 2.1849137, 41.3726429 ], [ 2.1849186, 41.3726972 ], [ 2.1849894, 41.3731608 ], [ 2.1850584, 41.3736023 ], [ 2.1851323, 41.374048 ], [ 2.1852042, 41.3745016 ], [ 2.1852724, 41.374921 ], [ 2.185285, 41.3749478 ], [ 2.1853081, 41.3749761 ], [ 2.1850573, 41.3749962 ], [ 2.1850862, 41.3751018 ], [ 2.1852878, 41.375072 ], [ 2.185307, 41.3751469 ], [ 2.1855852, 41.3751069 ], [ 2.1856184, 41.3752329 ], [ 2.1858167, 41.375204 ], [ 2.1858523, 41.3753357 ], [ 2.1860752, 41.3753034 ], [ 2.1861167, 41.3754628 ], [ 2.1863926, 41.3754223 ], [ 2.1864364, 41.3755854 ], [ 2.1867169, 41.3755442 ], [ 2.1867579, 41.3757042 ], [ 2.1868007, 41.3756984 ], [ 2.1868417, 41.3758559 ], [ 2.1865152, 41.3759047 ], [ 2.1865516, 41.3760532 ], [ 2.1867832, 41.3759107 ], [ 2.1868651, 41.3758974 ], [ 2.1868679, 41.375902 ], [ 2.1868369, 41.3759065 ], [ 2.186603, 41.3760497 ], [ 2.1868954, 41.3760097 ], [ 2.1871975, 41.3772227 ], [ 2.1864487, 41.377337 ], [ 2.1864434, 41.3774115 ], [ 2.1872794, 41.3775567 ], [ 2.1866239, 41.3792023 ], [ 2.186462, 41.3796466 ], [ 2.1863622, 41.37992 ], [ 2.1859264, 41.380106 ], [ 2.1858773, 41.3801332 ], [ 2.1855726, 41.3802728 ], [ 2.184664, 41.3807064 ], [ 2.183671, 41.3804973 ], [ 2.1843091, 41.3788139 ], [ 2.1850331, 41.3769751 ], [ 2.1851716, 41.3769376 ], [ 2.1852192, 41.3767963 ], [ 2.1849693, 41.3767305 ], [ 2.1841222, 41.3756714 ], [ 2.1839029, 41.3753972 ], [ 2.1830563, 41.3743386 ], [ 2.1829213, 41.3743151 ], [ 2.1825708, 41.37447 ], [ 2.1822771, 41.3746045 ], [ 2.1820908, 41.3746887 ], [ 2.1816534, 41.3748901 ], [ 2.1816064, 41.3750347 ], [ 2.1815977, 41.3750615 ], [ 2.1815827, 41.3750576 ], [ 2.181491, 41.3753559 ], [ 2.1816134, 41.3755126 ], [ 2.1815567, 41.3755409 ], [ 2.1816508, 41.3756572 ], [ 2.1817049, 41.3756328 ], [ 2.181773, 41.375716 ], [ 2.1817898, 41.3757108 ], [ 2.1817981, 41.3757209 ], [ 2.1821044, 41.3760978 ], [ 2.1821224, 41.37612 ], [ 2.1824196, 41.3764883 ], [ 2.1824811, 41.3765634 ], [ 2.1827874, 41.3769874 ], [ 2.1829313, 41.3771797 ], [ 2.1830877, 41.3773592 ], [ 2.1832514, 41.3775416 ], [ 2.1827736, 41.3787685 ], [ 2.1825116, 41.3794588 ], [ 2.1823048, 41.3795522 ], [ 2.1804278, 41.3771999 ], [ 2.1798472, 41.3764755 ], [ 2.1795254, 41.376074 ], [ 2.1793569, 41.3758665 ], [ 2.1791928, 41.3756596 ], [ 2.1790064, 41.3754177 ], [ 2.1790258, 41.3754073 ], [ 2.1790072, 41.3753855 ], [ 2.1787991, 41.3751197 ], [ 2.1787752, 41.3751287 ], [ 2.1786188, 41.3749345 ], [ 2.1785144, 41.3748048 ], [ 2.1780746, 41.3742623 ], [ 2.1779776, 41.3741423 ], [ 2.178106, 41.3740818 ], [ 2.1782597, 41.3740095 ], [ 2.1781263, 41.3738184 ], [ 2.1785931, 41.3736108 ], [ 2.1830472, 41.3715837 ], [ 2.1829288, 41.3714355 ], [ 2.1820578, 41.3703449 ], [ 2.1776078, 41.372354 ], [ 2.1766742, 41.3727543 ], [ 2.1763393, 41.3729003 ], [ 2.1754317, 41.3732971 ], [ 2.1756106, 41.3735033 ], [ 2.1755509, 41.373572 ], [ 2.1754951, 41.3736446 ], [ 2.1754603, 41.3737178 ], [ 2.1754389, 41.3737895 ], [ 2.1754325, 41.3738614 ], [ 2.1754369, 41.3739333 ], [ 2.1754508, 41.3739958 ], [ 2.1754844, 41.3740638 ], [ 2.175543, 41.3741448 ], [ 2.1755621, 41.3742014 ], [ 2.1755753, 41.374256 ], [ 2.1755761, 41.3743129 ], [ 2.1755589, 41.3743571 ], [ 2.1755368, 41.3744017 ], [ 2.1755092, 41.374433 ], [ 2.1754765, 41.3744634 ], [ 2.175453, 41.3744808 ], [ 2.1753598, 41.3745321 ], [ 2.1752865, 41.3745587 ], [ 2.1752204, 41.3745759 ], [ 2.1751466, 41.3745839 ], [ 2.175035, 41.374593 ], [ 2.1749374, 41.3745966 ], [ 2.17486, 41.374602 ], [ 2.1748351, 41.3746033 ], [ 2.1747454, 41.3746082 ], [ 2.1740546, 41.3746491 ], [ 2.1736724, 41.374675 ], [ 2.1733967, 41.3746945 ], [ 2.1733292, 41.374699 ], [ 2.1732011, 41.3747067 ], [ 2.1730771, 41.3747167 ], [ 2.1730104, 41.3747215 ], [ 2.1729709, 41.3747239 ], [ 2.1729014, 41.3747276 ], [ 2.1728064, 41.3747327 ], [ 2.1722336, 41.3747633 ], [ 2.1718837, 41.3747883 ], [ 2.1717991, 41.3747943 ], [ 2.1717313, 41.3747976 ], [ 2.1716849, 41.3748011 ], [ 2.1709183, 41.374848 ], [ 2.1706518, 41.3748662 ], [ 2.1701489, 41.3748945 ], [ 2.1700946, 41.3748967 ], [ 2.1699777, 41.374902 ], [ 2.1697218, 41.3749119 ], [ 2.1696599, 41.3749122 ], [ 2.1696032, 41.3749118 ], [ 2.1695532, 41.3749116 ], [ 2.1680222, 41.3749126 ], [ 2.1679584, 41.3749133 ], [ 2.1679377, 41.3749129 ], [ 2.1678468, 41.3749141 ], [ 2.1679184, 41.3750379 ], [ 2.167822, 41.3751435 ], [ 2.1677437, 41.3752145 ], [ 2.167491, 41.3754011 ], [ 2.1672629, 41.375572 ], [ 2.1670789, 41.375709 ], [ 2.1670088, 41.3757663 ], [ 2.1668595, 41.375873 ], [ 2.1668349, 41.3758906 ], [ 2.1666453, 41.3760316 ], [ 2.1665916, 41.3760716 ], [ 2.1665538, 41.3760979 ], [ 2.1663537, 41.3762374 ], [ 2.1661245, 41.3764073 ], [ 2.1660878, 41.3764345 ], [ 2.1660522, 41.3764608 ], [ 2.1659314, 41.3765498 ], [ 2.1657417, 41.3766911 ], [ 2.1654438, 41.3769209 ], [ 2.1651967, 41.3771095 ], [ 2.164717, 41.3774714 ], [ 2.1646424, 41.3775275 ], [ 2.1645771, 41.3775781 ], [ 2.1643135, 41.3777713 ], [ 2.1642763, 41.3778011 ], [ 2.1637341, 41.3782234 ], [ 2.1636125, 41.3783181 ], [ 2.1633962, 41.3784866 ], [ 2.1633763, 41.3785003 ], [ 2.1631907, 41.3786495 ], [ 2.1630917, 41.3787247 ] ] ] } },
{ "type": "Feature", "properties": { "distrito": "Sants-Montjuïc", "admin_level": "9" }, "geometry": { "type": "MultiPolygon", "coordinates": [ [ [ [ 2.1710876, 41.3351194 ], [ 2.1707292, 41.3351805 ], [ 2.1707444, 41.3353849 ], [ 2.1704956, 41.3355643 ], [ 2.1709906, 41.3377959 ], [ 2.1700356, 41.3379176 ], [ 2.1699763, 41.3376657 ], [ 2.1698185, 41.3376808 ], [ 2.1699319, 41.338203 ], [ 2.1699009, 41.338206 ], [ 2.169893, 41.3381526 ], [ 2.1695084, 41.3381988 ], [ 2.1695383, 41.3383193 ], [ 2.1699103, 41.3382697 ], [ 2.1699033, 41.3382222 ], [ 2.1699334, 41.3382211 ], [ 2.1699748, 41.3383941 ], [ 2.1699375, 41.3383982 ], [ 2.1699247, 41.3383481 ], [ 2.1695551, 41.3383951 ], [ 2.1695782, 41.3385164 ], [ 2.1699565, 41.338466 ], [ 2.1699439, 41.3384156 ], [ 2.1699779, 41.3384121 ], [ 2.1700166, 41.338606 ], [ 2.1699827, 41.3386107 ], [ 2.1699701, 41.3385404 ], [ 2.1695952, 41.3385853 ], [ 2.1696199, 41.3387052 ], [ 2.1699897, 41.3386647 ], [ 2.1699862, 41.3386316 ], [ 2.170025, 41.3386252 ], [ 2.1707454, 41.3419363 ], [ 2.17222, 41.3488109 ], [ 2.1718686, 41.3488534 ], [ 2.1719165, 41.3490654 ], [ 2.1719452, 41.3491248 ], [ 2.171992, 41.3492329 ], [ 2.1721025, 41.3494042 ], [ 2.1724232, 41.3492887 ], [ 2.1728277, 41.3499207 ], [ 2.1733161, 41.350662 ], [ 2.1735937, 41.3510956 ], [ 2.1742269, 41.3520849 ], [ 2.1744933, 41.3525106 ], [ 2.1748793, 41.3531274 ], [ 2.1750411, 41.3533766 ], [ 2.1756902, 41.3543767 ], [ 2.1762441, 41.3552299 ], [ 2.1766176, 41.3558054 ], [ 2.1770622, 41.3564902 ], [ 2.1775732, 41.3572774 ], [ 2.1781644, 41.3581882 ], [ 2.1784015, 41.3585529 ], [ 2.178514, 41.3587271 ], [ 2.1790537, 41.3595634 ], [ 2.1795714, 41.3603655 ], [ 2.1801252, 41.3612235 ], [ 2.1805635, 41.3619027 ], [ 2.1811838, 41.3628637 ], [ 2.1816813, 41.3636344 ], [ 2.1822557, 41.3645243 ], [ 2.1823389, 41.3646532 ], [ 2.1824014, 41.3647489 ], [ 2.1829011, 41.3648546 ], [ 2.1828636, 41.3651587 ], [ 2.182893, 41.3651956 ], [ 2.1830123, 41.3652225 ], [ 2.183063, 41.3652001 ], [ 2.1832815, 41.3649084 ], [ 2.1830721, 41.3648624 ], [ 2.1833206, 41.3641977 ], [ 2.1834675, 41.3632566 ], [ 2.1830737, 41.3631975 ], [ 2.1804936, 41.3590677 ], [ 2.1795948, 41.357632 ], [ 2.1760567, 41.352099 ], [ 2.1760447, 41.3519029 ], [ 2.1760088, 41.3516709 ], [ 2.1759423, 41.3515021 ], [ 2.1754775, 41.3508286 ], [ 2.175257, 41.349753 ], [ 2.1750156, 41.3491815 ], [ 2.1749139, 41.3486996 ], [ 2.172993, 41.340239 ], [ 2.1724582, 41.3374784 ], [ 2.1723849, 41.3373644 ], [ 2.1718828, 41.3348789 ], [ 2.1718353, 41.3346827 ], [ 2.1715907, 41.3338774 ], [ 2.1714625, 41.3330627 ], [ 2.1708509, 41.3304767 ], [ 2.1701858, 41.3276972 ], [ 2.1698895, 41.3264313 ], [ 2.1728502, 41.3176954 ], [ 2.1729567, 41.3172054 ], [ 2.1727995, 41.3170503 ], [ 2.1725577, 41.3170353 ], [ 2.1723601, 41.317107 ], [ 2.1722961, 41.3173321 ], [ 2.1724251, 41.31742 ], [ 2.1707329, 41.3225003 ], [ 2.1699068, 41.3247725 ], [ 2.1693732, 41.3263405 ], [ 2.1694777, 41.3266901 ], [ 2.1703467, 41.330525 ], [ 2.1711678, 41.3339224 ], [ 2.1700729, 41.3340607 ], [ 2.1699849, 41.3341251 ], [ 2.1699631, 41.3341844 ], [ 2.1700427, 41.3345483 ], [ 2.1700759, 41.3345968 ], [ 2.1701307, 41.3346221 ], [ 2.1702064, 41.3346134 ], [ 2.1702463, 41.3345919 ], [ 2.1702688, 41.3345572 ], [ 2.170242, 41.3345226 ], [ 2.1702027, 41.3345066 ], [ 2.1701316, 41.3341947 ], [ 2.1707913, 41.3341102 ], [ 2.1708395, 41.3341046 ], [ 2.1710876, 41.3351194 ] ] ], [ [ [ 2.1120499, 41.3385972 ], [ 2.1179226, 41.3406943 ], [ 2.1307468, 41.344179 ], [ 2.1389866, 41.3467726 ], [ 2.1368394, 41.348325 ], [ 2.1374024, 41.3488503 ], [ 2.1339658, 41.3532007 ], [ 2.1320003, 41.3555787 ], [ 2.1325486, 41.3557937 ], [ 2.1327317, 41.3558849 ], [ 2.1330177, 41.3563307 ], [ 2.1331473, 41.3572532 ], [ 2.1332156, 41.3578001 ], [ 2.133201, 41.3586476 ], [ 2.1332963, 41.3596768 ], [ 2.1333635, 41.3599482 ], [ 2.1335041, 41.3600408 ], [ 2.1335089, 41.3601335 ], [ 2.1339548, 41.3606045 ], [ 2.1345117, 41.3609771 ], [ 2.1347862, 41.3612286 ], [ 2.1353016, 41.3622661 ], [ 2.1351242, 41.3625694 ], [ 2.1337999, 41.3635707 ], [ 2.1336021, 41.363762 ], [ 2.1329784, 41.364365 ], [ 2.132896, 41.3655374 ], [ 2.1327722, 41.365714 ], [ 2.1323639, 41.3662962 ], [ 2.1323204, 41.3663633 ], [ 2.1320559, 41.3667529 ], [ 2.1319842, 41.3669243 ], [ 2.1319749, 41.366954 ], [ 2.1318853, 41.3672409 ], [ 2.1318672, 41.3672862 ], [ 2.1316979, 41.3677758 ], [ 2.1316488, 41.3678894 ], [ 2.1314939, 41.3682106 ], [ 2.1314272, 41.3683267 ], [ 2.1312686, 41.3685806 ], [ 2.1312053, 41.3686774 ], [ 2.1308754, 41.3691638 ], [ 2.1306834, 41.369419 ], [ 2.1302873, 41.3698558 ], [ 2.1301484, 41.369949 ], [ 2.1299803, 41.3700629 ], [ 2.1293396, 41.3706099 ], [ 2.1292587, 41.3706779 ], [ 2.1292141, 41.3707066 ], [ 2.128537, 41.3710566 ], [ 2.1284597, 41.3710832 ], [ 2.1280109, 41.371238 ], [ 2.1279465, 41.3712681 ], [ 2.1272247, 41.3716809 ], [ 2.1269163, 41.3718956 ], [ 2.1267967, 41.3719716 ], [ 2.1267356, 41.3720104 ], [ 2.1257907, 41.3726604 ], [ 2.1253997, 41.3728934 ], [ 2.1242839, 41.3735331 ], [ 2.1242498, 41.3735552 ], [ 2.123852, 41.3741898 ], [ 2.1237863, 41.3742968 ], [ 2.123361, 41.3747755 ], [ 2.1222172, 41.3753532 ], [ 2.1218653, 41.3755898 ], [ 2.1217654, 41.3756783 ], [ 2.1219217, 41.3756741 ], [ 2.1224592, 41.3756715 ], [ 2.1224999, 41.3756698 ], [ 2.1227243, 41.3756664 ], [ 2.1227729, 41.3756952 ], [ 2.1228226, 41.3757245 ], [ 2.1228666, 41.3757476 ], [ 2.1230383, 41.3758457 ], [ 2.123183, 41.3759308 ], [ 2.1232476, 41.3759704 ], [ 2.1232741, 41.3759866 ], [ 2.1235881, 41.3761789 ], [ 2.1236188, 41.3761977 ], [ 2.1236414, 41.3762115 ], [ 2.1237359, 41.3762695 ], [ 2.1238714, 41.3763524 ], [ 2.1243133, 41.376623 ], [ 2.1245762, 41.3767952 ], [ 2.1245962, 41.3768094 ], [ 2.1247162, 41.3768813 ], [ 2.1248469, 41.3769611 ], [ 2.1248688, 41.3769745 ], [ 2.1250611, 41.377092 ], [ 2.1251853, 41.3771679 ], [ 2.1252039, 41.3771792 ], [ 2.1252504, 41.3772076 ], [ 2.1252823, 41.377226 ], [ 2.1255328, 41.3773707 ], [ 2.1256371, 41.3774309 ], [ 2.1256563, 41.377442 ], [ 2.1257574, 41.3775004 ], [ 2.12586, 41.3775596 ], [ 2.1260783, 41.3776857 ], [ 2.1261115, 41.3777049 ], [ 2.1262291, 41.3777728 ], [ 2.1267889, 41.3780943 ], [ 2.1268158, 41.3781092 ], [ 2.1269557, 41.3781905 ], [ 2.1270529, 41.3782441 ], [ 2.1273758, 41.3784324 ], [ 2.1274062, 41.3784506 ], [ 2.1275287, 41.3785204 ], [ 2.1277635, 41.3786483 ], [ 2.1279411, 41.3787443 ], [ 2.127968, 41.3787584 ], [ 2.1280673, 41.3788161 ], [ 2.1281585, 41.3788673 ], [ 2.1282038, 41.3788928 ], [ 2.1283776, 41.3789853 ], [ 2.1287487, 41.379179 ], [ 2.1287901, 41.3792012 ], [ 2.1288305, 41.3792209 ], [ 2.1289458, 41.379279 ], [ 2.1290552, 41.3793386 ], [ 2.1290732, 41.3793484 ], [ 2.1291124, 41.3793697 ], [ 2.1291931, 41.3794137 ], [ 2.1292739, 41.3794577 ], [ 2.1293553, 41.379502 ], [ 2.1294535, 41.3795623 ], [ 2.1295166, 41.379597 ], [ 2.1299338, 41.3798397 ], [ 2.1302691, 41.3800168 ], [ 2.13046, 41.3801157 ], [ 2.1304789, 41.3801255 ], [ 2.1306667, 41.3802195 ], [ 2.1310716, 41.3803999 ], [ 2.1313694, 41.3805265 ], [ 2.131585, 41.3806012 ], [ 2.1317526, 41.3806635 ], [ 2.1322227, 41.3808043 ], [ 2.1322603, 41.3808155 ], [ 2.132378, 41.3808474 ], [ 2.1324349, 41.3808627 ], [ 2.1324814, 41.3808752 ], [ 2.132556, 41.3808955 ], [ 2.1326773, 41.3809284 ], [ 2.1334246, 41.3811335 ], [ 2.1334668, 41.3811451 ], [ 2.1335455, 41.3811652 ], [ 2.1336482, 41.3811929 ], [ 2.1340882, 41.3813041 ], [ 2.1342867, 41.3813587 ], [ 2.134706, 41.3814985 ], [ 2.1351349, 41.3816462 ], [ 2.1353348, 41.3817228 ], [ 2.1353689, 41.3817359 ], [ 2.1354973, 41.3817813 ], [ 2.1356499, 41.3818404 ], [ 2.1356821, 41.3818516 ], [ 2.1360125, 41.3819703 ], [ 2.1360968, 41.3820021 ], [ 2.1361538, 41.3820254 ], [ 2.1362824, 41.3820768 ], [ 2.1363815, 41.3821154 ], [ 2.1374066, 41.3824907 ], [ 2.137438, 41.3825022 ], [ 2.1375783, 41.382557 ], [ 2.137955, 41.3827134 ], [ 2.1382632, 41.3828442 ], [ 2.1384773, 41.3829425 ], [ 2.1386037, 41.3830005 ], [ 2.1387278, 41.3830598 ], [ 2.1387621, 41.3830748 ], [ 2.1390586, 41.3832245 ], [ 2.1391538, 41.3832749 ], [ 2.1393359, 41.3833693 ], [ 2.1394806, 41.3834417 ], [ 2.1397166, 41.3835674 ], [ 2.1399479, 41.3836937 ], [ 2.1400503, 41.3837525 ], [ 2.1402209, 41.3838506 ], [ 2.1402397, 41.3838614 ], [ 2.140359, 41.3839353 ], [ 2.1407071, 41.3841598 ], [ 2.1407617, 41.3841968 ], [ 2.1407691, 41.384202 ], [ 2.1410476, 41.3843999 ], [ 2.1413117, 41.3845876 ], [ 2.1413262, 41.3845993 ], [ 2.1415462, 41.3847575 ], [ 2.1416184, 41.3848154 ], [ 2.141773, 41.3849394 ], [ 2.1420456, 41.3851483 ], [ 2.1420715, 41.3851695 ], [ 2.1421642, 41.3852477 ], [ 2.1421753, 41.3852564 ], [ 2.1422385, 41.3853109 ], [ 2.1422876, 41.3853505 ], [ 2.1424582, 41.3854948 ], [ 2.1424506, 41.3853454 ], [ 2.1424377, 41.3851778 ], [ 2.142387, 41.3845062 ], [ 2.142384, 41.3844679 ], [ 2.1423703, 41.3841828 ], [ 2.1423648, 41.3840713 ], [ 2.1423494, 41.383816 ], [ 2.1423326, 41.383571 ], [ 2.1423081, 41.3832083 ], [ 2.1422944, 41.3830071 ], [ 2.1422919, 41.3829772 ], [ 2.1422768, 41.3827992 ], [ 2.1422694, 41.3827115 ], [ 2.1422659, 41.3826625 ], [ 2.1422527, 41.382514 ], [ 2.1422419, 41.3823546 ], [ 2.1421712, 41.3813152 ], [ 2.1421665, 41.3811878 ], [ 2.142161, 41.3811256 ], [ 2.1421596, 41.3810956 ], [ 2.1421537, 41.3810208 ], [ 2.1421524, 41.3810046 ], [ 2.1421497, 41.3809792 ], [ 2.1421456, 41.380948 ], [ 2.1421224, 41.3809004 ], [ 2.142085, 41.3808489 ], [ 2.1420218, 41.380798 ], [ 2.1422195, 41.3807089 ], [ 2.1423173, 41.3806591 ], [ 2.1424327, 41.380596 ], [ 2.1424974, 41.3805597 ], [ 2.1426102, 41.3804778 ], [ 2.1427435, 41.3803779 ], [ 2.1428045, 41.3803312 ], [ 2.1429359, 41.380259 ], [ 2.1430869, 41.380194 ], [ 2.1432238, 41.3800979 ], [ 2.1432679, 41.3800646 ], [ 2.1433981, 41.3799674 ], [ 2.1435451, 41.3798576 ], [ 2.1436277, 41.3797959 ], [ 2.1438061, 41.3796618 ], [ 2.1438965, 41.3795891 ], [ 2.1439323, 41.3795626 ], [ 2.1444111, 41.3792072 ], [ 2.1446804, 41.379006 ], [ 2.1447096, 41.3789857 ], [ 2.1448608, 41.3788778 ], [ 2.1448953, 41.3788522 ], [ 2.1450074, 41.3787633 ], [ 2.1450317, 41.3787433 ], [ 2.1454121, 41.3784593 ], [ 2.145686, 41.3782534 ], [ 2.1457139, 41.3782325 ], [ 2.1457414, 41.3782109 ], [ 2.1458693, 41.3781076 ], [ 2.1459075, 41.3780769 ], [ 2.1460224, 41.377989 ], [ 2.1460663, 41.3779553 ], [ 2.1465372, 41.3776051 ], [ 2.1468644, 41.3773626 ], [ 2.1468927, 41.3773417 ], [ 2.1469894, 41.377269 ], [ 2.1471451, 41.3771503 ], [ 2.1472199, 41.377089 ], [ 2.1475208, 41.3768657 ], [ 2.1477373, 41.3767045 ], [ 2.1478391, 41.3766288 ], [ 2.1479633, 41.3765304 ], [ 2.147988, 41.3765108 ], [ 2.1481444, 41.3763849 ], [ 2.1481897, 41.3763201 ], [ 2.1482216, 41.3762532 ], [ 2.1482575, 41.3762205 ], [ 2.1483355, 41.3761497 ], [ 2.148468, 41.3760459 ], [ 2.1487469, 41.3758397 ], [ 2.1488308, 41.3757779 ], [ 2.1488664, 41.3757485 ], [ 2.1488992, 41.3757166 ], [ 2.1489389, 41.375666 ], [ 2.1489504, 41.3756414 ], [ 2.148961, 41.3756023 ], [ 2.1489642, 41.3755742 ], [ 2.1489586, 41.3755391 ], [ 2.1489382, 41.3754863 ], [ 2.1489232, 41.3754644 ], [ 2.1489044, 41.3754426 ], [ 2.1488463, 41.3754064 ], [ 2.1489148, 41.3754278 ], [ 2.1489408, 41.3754359 ], [ 2.1490352, 41.3754525 ], [ 2.1491335, 41.3754564 ], [ 2.1491428, 41.3754561 ], [ 2.1492443, 41.3754462 ], [ 2.1493023, 41.3754326 ], [ 2.1493626, 41.3754157 ], [ 2.149443, 41.3753847 ], [ 2.1495085, 41.3753492 ], [ 2.1495358, 41.3753327 ], [ 2.1495683, 41.3753089 ], [ 2.1496064, 41.3752764 ], [ 2.1496463, 41.3752377 ], [ 2.1496767, 41.375222 ], [ 2.1497028, 41.3752096 ], [ 2.1497577, 41.3751834 ], [ 2.1498349, 41.3751531 ], [ 2.1498484, 41.3751478 ], [ 2.1498811, 41.3751364 ], [ 2.149839, 41.3750303 ], [ 2.1498171, 41.3749804 ], [ 2.1497822, 41.3749177 ], [ 2.1497372, 41.374823 ], [ 2.1498063, 41.3748728 ], [ 2.1498294, 41.3748855 ], [ 2.1498691, 41.3749075 ], [ 2.1499319, 41.374933 ], [ 2.1500284, 41.3749564 ], [ 2.1500538, 41.3749603 ], [ 2.1501141, 41.3749689 ], [ 2.1505384, 41.3749648 ], [ 2.1509325, 41.3749609 ], [ 2.151159, 41.3749587 ], [ 2.1515228, 41.3749574 ], [ 2.1521454, 41.3749554 ], [ 2.152197, 41.3749552 ], [ 2.1522543, 41.374955 ], [ 2.1528563, 41.37495 ], [ 2.1530746, 41.3749501 ], [ 2.1532334, 41.3749517 ], [ 2.1533974, 41.3749511 ], [ 2.1534313, 41.3749507 ], [ 2.1537063, 41.3749473 ], [ 2.1537514, 41.3749468 ], [ 2.1540314, 41.3749429 ], [ 2.1543329, 41.374942 ], [ 2.1544325, 41.3749417 ], [ 2.1544529, 41.3749415 ], [ 2.1545145, 41.3749415 ], [ 2.1554345, 41.3749399 ], [ 2.1556936, 41.3749379 ], [ 2.1557259, 41.3749379 ], [ 2.1557967, 41.3749377 ], [ 2.1560223, 41.374937 ], [ 2.1565441, 41.3749361 ], [ 2.1565726, 41.3749358 ], [ 2.1566335, 41.3749357 ], [ 2.157667, 41.3749336 ], [ 2.1583672, 41.3749321 ], [ 2.1584083, 41.3749321 ], [ 2.1584648, 41.3749319 ], [ 2.1586154, 41.3749307 ], [ 2.1587905, 41.3749335 ], [ 2.1588094, 41.3749334 ], [ 2.1588542, 41.3749334 ], [ 2.1592311, 41.3749304 ], [ 2.1593365, 41.3749302 ], [ 2.1598614, 41.3749291 ], [ 2.159916, 41.374929 ], [ 2.160032, 41.3749287 ], [ 2.1601047, 41.3749286 ], [ 2.1601635, 41.3749285 ], [ 2.160225, 41.3749283 ], [ 2.1604534, 41.3749279 ], [ 2.1604586, 41.3749279 ], [ 2.1605916, 41.3749276 ], [ 2.1607527, 41.3749273 ], [ 2.1609341, 41.3749269 ], [ 2.1610412, 41.3749263 ], [ 2.1610624, 41.3749262 ], [ 2.1611245, 41.3749259 ], [ 2.1613282, 41.3749247 ], [ 2.1615159, 41.3749237 ], [ 2.1616284, 41.3749232 ], [ 2.1617114, 41.3749227 ], [ 2.1621371, 41.3749204 ], [ 2.1629001, 41.3749163 ], [ 2.1629283, 41.3749161 ], [ 2.1629987, 41.3749157 ], [ 2.1631965, 41.374915 ], [ 2.1633288, 41.3749145 ], [ 2.1633916, 41.3749143 ], [ 2.1634276, 41.3749141 ], [ 2.1634565, 41.3749141 ], [ 2.1635175, 41.3749138 ], [ 2.1640438, 41.3749145 ], [ 2.1645586, 41.3749145 ], [ 2.1650405, 41.3749144 ], [ 2.1651897, 41.3749149 ], [ 2.1653021, 41.3749154 ], [ 2.1653594, 41.374916 ], [ 2.1654799, 41.3749171 ], [ 2.1656035, 41.3749169 ], [ 2.1656315, 41.3749169 ], [ 2.1656838, 41.3749168 ], [ 2.1661303, 41.3749163 ], [ 2.1668054, 41.3749154 ], [ 2.1672695, 41.374911 ], [ 2.1673267, 41.3749103 ], [ 2.1673467, 41.3749104 ], [ 2.167378, 41.3749101 ], [ 2.1673981, 41.3749101 ], [ 2.1677355, 41.3749139 ], [ 2.1678468, 41.3749141 ], [ 2.1679377, 41.3749129 ], [ 2.1679584, 41.3749133 ], [ 2.1680222, 41.3749126 ], [ 2.1695532, 41.3749116 ], [ 2.1696032, 41.3749118 ], [ 2.1696599, 41.3749122 ], [ 2.1697218, 41.3749119 ], [ 2.1699777, 41.374902 ], [ 2.1700946, 41.3748967 ], [ 2.1701489, 41.3748945 ], [ 2.1706518, 41.3748662 ], [ 2.1709183, 41.374848 ], [ 2.1716849, 41.3748011 ], [ 2.1717313, 41.3747976 ], [ 2.1717991, 41.3747943 ], [ 2.1718837, 41.3747883 ], [ 2.1722336, 41.3747633 ], [ 2.1728064, 41.3747327 ], [ 2.1729014, 41.3747276 ], [ 2.1729709, 41.3747239 ], [ 2.1730104, 41.3747215 ], [ 2.1730771, 41.3747167 ], [ 2.1732011, 41.3747067 ], [ 2.1733292, 41.374699 ], [ 2.1733967, 41.3746945 ], [ 2.1736724, 41.374675 ], [ 2.1740546, 41.3746491 ], [ 2.1747454, 41.3746082 ], [ 2.1748351, 41.3746033 ], [ 2.17486, 41.374602 ], [ 2.1749374, 41.3745966 ], [ 2.175035, 41.374593 ], [ 2.1751466, 41.3745839 ], [ 2.1752204, 41.3745759 ], [ 2.1752865, 41.3745587 ], [ 2.1753598, 41.3745321 ], [ 2.175453, 41.3744808 ], [ 2.1754765, 41.3744634 ], [ 2.1755092, 41.374433 ], [ 2.1755368, 41.3744017 ], [ 2.1755589, 41.3743571 ], [ 2.1755761, 41.3743129 ], [ 2.1755753, 41.374256 ], [ 2.1755621, 41.3742014 ], [ 2.175543, 41.3741448 ], [ 2.1754844, 41.3740638 ], [ 2.1754508, 41.3739958 ], [ 2.1754369, 41.3739333 ], [ 2.1754325, 41.3738614 ], [ 2.1754389, 41.3737895 ], [ 2.1754603, 41.3737178 ], [ 2.1754951, 41.3736446 ], [ 2.1755509, 41.373572 ], [ 2.1756106, 41.3735033 ], [ 2.1754317, 41.3732971 ], [ 2.1763393, 41.3729003 ], [ 2.1766742, 41.3727543 ], [ 2.1776078, 41.372354 ], [ 2.1774677, 41.372162 ], [ 2.1773815, 41.3721176 ], [ 2.1770929, 41.3721396 ], [ 2.1767492, 41.3698518 ], [ 2.1771087, 41.3698208 ], [ 2.1770407, 41.3693537 ], [ 2.1766825, 41.3693797 ], [ 2.1764361, 41.3677105 ], [ 2.1763939, 41.3674243 ], [ 2.1766905, 41.3674001 ], [ 2.1765255, 41.3671374 ], [ 2.1796905, 41.3659648 ], [ 2.1798436, 41.366228 ], [ 2.1807766, 41.3658488 ], [ 2.1804469, 41.3653304 ], [ 2.1804387, 41.3653176 ], [ 2.1803756, 41.3652184 ], [ 2.1797706, 41.364267 ], [ 2.1793213, 41.3635605 ], [ 2.1789923, 41.3636792 ], [ 2.179276, 41.3641218 ], [ 2.1759898, 41.3653257 ], [ 2.1748949, 41.3638711 ], [ 2.1737703, 41.3624155 ], [ 2.1734844, 41.3620391 ], [ 2.1738501, 41.3618847 ], [ 2.1737016, 41.3616529 ], [ 2.1761651, 41.3607441 ], [ 2.1761783, 41.3607654 ], [ 2.1767418, 41.3605565 ], [ 2.1754746, 41.3586415 ], [ 2.17537, 41.3586084 ], [ 2.1729093, 41.3595178 ], [ 2.1709307, 41.3602517 ], [ 2.1699011, 41.3586476 ], [ 2.1730395, 41.3565352 ], [ 2.1730504, 41.3565263 ], [ 2.1730549, 41.3565153 ], [ 2.1730497, 41.3565 ], [ 2.1724229, 41.3555389 ], [ 2.166981, 41.3472579 ], [ 2.1669062, 41.347144 ], [ 2.1635648, 41.3483951 ], [ 2.1636332, 41.3485037 ], [ 2.1636869, 41.3484851 ], [ 2.1636933, 41.3485014 ], [ 2.1637053, 41.3485162 ], [ 2.1633808, 41.348635 ], [ 2.1633454, 41.3486289 ], [ 2.1630328, 41.3484441 ], [ 2.1630611, 41.3484186 ], [ 2.1631425, 41.3484641 ], [ 2.163239, 41.3483698 ], [ 2.1576856, 41.3452035 ], [ 2.1576993, 41.3451858 ], [ 2.1533088, 41.3427025 ], [ 2.1531138, 41.3427347 ], [ 2.1530067, 41.3429432 ], [ 2.153219, 41.3444628 ], [ 2.1528559, 41.3444937 ], [ 2.1530084, 41.3456005 ], [ 2.152641, 41.3456281 ], [ 2.1527381, 41.3463372 ], [ 2.1519563, 41.3464019 ], [ 2.1519355, 41.3462495 ], [ 2.1519491, 41.3462482 ], [ 2.1519238, 41.3460601 ], [ 2.1519094, 41.3460607 ], [ 2.1518867, 41.3459041 ], [ 2.151901, 41.3459028 ], [ 2.1518815, 41.3457756 ], [ 2.1518722, 41.3457518 ], [ 2.1518624, 41.3457372 ], [ 2.1518478, 41.3457274 ], [ 2.1518383, 41.3457227 ], [ 2.1518257, 41.3457191 ], [ 2.1518116, 41.3457191 ], [ 2.1517986, 41.3457238 ], [ 2.1517881, 41.3457323 ], [ 2.1517787, 41.3457446 ], [ 2.1517688, 41.345768 ], [ 2.1517872, 41.3459125 ], [ 2.1518024, 41.3459114 ], [ 2.1518216, 41.3460683 ], [ 2.1518098, 41.3460692 ], [ 2.1518362, 41.3462583 ], [ 2.1518497, 41.3462582 ], [ 2.1518706, 41.3464088 ], [ 2.1512114, 41.3464582 ], [ 2.1509158, 41.3464852 ], [ 2.1507131, 41.3449165 ], [ 2.1499407, 41.3393576 ], [ 2.14962, 41.3370498 ], [ 2.1495681, 41.3366763 ], [ 2.1495568, 41.3366685 ], [ 2.1456111, 41.3365517 ], [ 2.1456274, 41.3363244 ], [ 2.1456132, 41.336323 ], [ 2.1453154, 41.3364273 ], [ 2.144685, 41.3354128 ], [ 2.144278, 41.3347455 ], [ 2.1472837, 41.3336998 ], [ 2.1458539, 41.3313722 ], [ 2.1460872, 41.33129 ], [ 2.1459118, 41.3309856 ], [ 2.148672, 41.3300255 ], [ 2.1488238, 41.3299727 ], [ 2.1489362, 41.3300004 ], [ 2.1491873, 41.3304336 ], [ 2.1489107, 41.3305304 ], [ 2.1488529, 41.330438 ], [ 2.1487909, 41.3304597 ], [ 2.148916, 41.3306629 ], [ 2.1489759, 41.330642 ], [ 2.1489213, 41.3305488 ], [ 2.1491955, 41.3304511 ], [ 2.1495274, 41.3309569 ], [ 2.1494872, 41.3310615 ], [ 2.1495032, 41.3311274 ], [ 2.1495578, 41.3312238 ], [ 2.1494286, 41.3312774 ], [ 2.1492806, 41.3310372 ], [ 2.1491768, 41.3310735 ], [ 2.1494002, 41.3314346 ], [ 2.1495027, 41.3313987 ], [ 2.149471, 41.3313467 ], [ 2.1496412, 41.3312864 ], [ 2.149745, 41.331325 ], [ 2.1499671, 41.3317021 ], [ 2.1500336, 41.3317978 ], [ 2.1500807, 41.3318091 ], [ 2.1503691, 41.332285 ], [ 2.1502931, 41.3323636 ], [ 2.1503086, 41.3324092 ], [ 2.1501595, 41.3324607 ], [ 2.1501088, 41.332384 ], [ 2.1500065, 41.3324204 ], [ 2.150123, 41.3326021 ], [ 2.1502258, 41.3325635 ], [ 2.1501978, 41.3325158 ], [ 2.1503521, 41.3324647 ], [ 2.1504035, 41.3324851 ], [ 2.1504897, 41.3325146 ], [ 2.1505276, 41.3325521 ], [ 2.1507738, 41.3329723 ], [ 2.151165, 41.3335778 ], [ 2.1510721, 41.3336262 ], [ 2.1510699, 41.3336647 ], [ 2.1509323, 41.3337098 ], [ 2.150894, 41.3336516 ], [ 2.1507782, 41.3336893 ], [ 2.1509006, 41.333878 ], [ 2.1510153, 41.3338403 ], [ 2.1509771, 41.3337771 ], [ 2.151129, 41.3337271 ], [ 2.1511672, 41.333755 ], [ 2.1512568, 41.333732 ], [ 2.1519708, 41.3348711 ], [ 2.1519651, 41.3349073 ], [ 2.151877, 41.3349274 ], [ 2.1518814, 41.3349702 ], [ 2.1517374, 41.3350171 ], [ 2.1517162, 41.3349786 ], [ 2.1516024, 41.3350138 ], [ 2.1516861, 41.3351537 ], [ 2.1517955, 41.3351152 ], [ 2.1517765, 41.3350783 ], [ 2.1519328, 41.335028 ], [ 2.1519808, 41.3350532 ], [ 2.1520728, 41.3350405 ], [ 2.1526624, 41.3359814 ], [ 2.1528276, 41.3362485 ], [ 2.1527968, 41.3362819 ], [ 2.1527284, 41.3363127 ], [ 2.1527363, 41.3363461 ], [ 2.1525983, 41.3363958 ], [ 2.1525789, 41.3363615 ], [ 2.1524603, 41.3363984 ], [ 2.1525482, 41.3365388 ], [ 2.1526531, 41.3365037 ], [ 2.152633, 41.3364648 ], [ 2.1527772, 41.3364179 ], [ 2.1527995, 41.3364321 ], [ 2.1528994, 41.3364266 ], [ 2.1529397, 41.3364445 ], [ 2.1536858, 41.337652 ], [ 2.1535808, 41.3377063 ], [ 2.1535854, 41.337736 ], [ 2.1534468, 41.3377877 ], [ 2.1534246, 41.3377535 ], [ 2.1533151, 41.3377877 ], [ 2.153399, 41.3379294 ], [ 2.1535085, 41.3378926 ], [ 2.1534841, 41.3378515 ], [ 2.1536332, 41.3378043 ], [ 2.1536577, 41.3378384 ], [ 2.1536915, 41.3378401 ], [ 2.1537687, 41.3378059 ], [ 2.1544139, 41.3388785 ], [ 2.1543377, 41.3389312 ], [ 2.1543401, 41.3389706 ], [ 2.1542092, 41.3390161 ], [ 2.1541842, 41.3389759 ], [ 2.1541145, 41.3389999 ], [ 2.1540723, 41.3390144 ], [ 2.1541616, 41.3391493 ], [ 2.1542699, 41.3391154 ], [ 2.1542378, 41.3390716 ], [ 2.1543675, 41.3390251 ], [ 2.1544258, 41.3390599 ], [ 2.1545032, 41.3390626 ], [ 2.1546948, 41.3393218 ], [ 2.1546282, 41.3393441 ], [ 2.1545599, 41.3392391 ], [ 2.1543738, 41.3392992 ], [ 2.1546283, 41.3397202 ], [ 2.1548163, 41.3396559 ], [ 2.1547497, 41.3395397 ], [ 2.1548283, 41.3395129 ], [ 2.1550616, 41.3398721 ], [ 2.1555942, 41.3407734 ], [ 2.1554525, 41.3408316 ], [ 2.1554021, 41.3407494 ], [ 2.1553267, 41.3407745 ], [ 2.1552895, 41.3407879 ], [ 2.1553406, 41.3408768 ], [ 2.1553537, 41.340898 ], [ 2.155343, 41.3409025 ], [ 2.1553945, 41.3409881 ], [ 2.1554457, 41.3409695 ], [ 2.1555188, 41.3409454 ], [ 2.1554954, 41.3409035 ], [ 2.1556394, 41.3408558 ], [ 2.1562926, 41.3418602 ], [ 2.157034, 41.3421983 ], [ 2.1569959, 41.3422528 ], [ 2.1569102, 41.3422135 ], [ 2.1568435, 41.342293 ], [ 2.1570935, 41.3424047 ], [ 2.1571577, 41.3423216 ], [ 2.1570542, 41.3422787 ], [ 2.1570975, 41.3422273 ], [ 2.1579154, 41.3425897 ], [ 2.158063, 41.3425838 ], [ 2.1582485, 41.342563 ], [ 2.1583179, 41.3425725 ], [ 2.1584176, 41.34273 ], [ 2.158475, 41.3427797 ], [ 2.159141, 41.3432046 ], [ 2.1591554, 41.3431946 ], [ 2.159266, 41.3432631 ], [ 2.1593101, 41.343267 ], [ 2.1594648, 41.3432285 ], [ 2.159476, 41.3432511 ], [ 2.1611152, 41.3426169 ], [ 2.1611896, 41.3425881 ], [ 2.1611628, 41.3424761 ], [ 2.1610265, 41.3420969 ], [ 2.1613801, 41.3420329 ], [ 2.1614938, 41.342046 ], [ 2.1618289, 41.3419552 ], [ 2.1620697, 41.3419391 ], [ 2.162801, 41.3417935 ], [ 2.1628556, 41.341995 ], [ 2.1627522, 41.3420145 ], [ 2.1626292, 41.3420391 ], [ 2.1625903, 41.3420768 ], [ 2.1625944, 41.3421199 ], [ 2.162644, 41.342358 ], [ 2.1624923, 41.3423803 ], [ 2.1624983, 41.3424055 ], [ 2.1625231, 41.3425087 ], [ 2.1642452, 41.3422354 ], [ 2.1642229, 41.3421516 ], [ 2.1642105, 41.3421052 ], [ 2.1640649, 41.3421284 ], [ 2.1639626, 41.3418775 ], [ 2.1638877, 41.3418426 ], [ 2.1636688, 41.3418775 ], [ 2.163607, 41.3416703 ], [ 2.1642424, 41.3415426 ], [ 2.1648227, 41.3415135 ], [ 2.164969, 41.3414908 ], [ 2.1650855, 41.3414322 ], [ 2.1658681, 41.3413191 ], [ 2.1659464, 41.3413583 ], [ 2.1661811, 41.3413321 ], [ 2.1662429, 41.3412812 ], [ 2.1662391, 41.3411711 ], [ 2.1661898, 41.3410797 ], [ 2.1661099, 41.3410625 ], [ 2.1653475, 41.3411915 ], [ 2.1651089, 41.3405642 ], [ 2.1650058, 41.3402978 ], [ 2.164913, 41.3402558 ], [ 2.1640708, 41.3383162 ], [ 2.1649149, 41.3381603 ], [ 2.1649245, 41.3381087 ], [ 2.1651538, 41.3380726 ], [ 2.1652353, 41.3383393 ], [ 2.1652502, 41.3383365 ], [ 2.1653892, 41.3383132 ], [ 2.1651785, 41.3375876 ], [ 2.1650369, 41.3376104 ], [ 2.1650229, 41.3376132 ], [ 2.165099, 41.3378768 ], [ 2.1648767, 41.3379122 ], [ 2.1648615, 41.3378699 ], [ 2.1639414, 41.3380183 ], [ 2.160519, 41.330136 ], [ 2.1592481, 41.3273031 ], [ 2.159123, 41.3271493 ], [ 2.1589076, 41.3271199 ], [ 2.1587726, 41.3271882 ], [ 2.1587317, 41.3273499 ], [ 2.1588225, 41.3275289 ], [ 2.1588811, 41.3275501 ], [ 2.1589644, 41.3277675 ], [ 2.1588679, 41.3278257 ], [ 2.154324, 41.3278565 ], [ 2.1542616, 41.3278448 ], [ 2.1542668, 41.3278198 ], [ 2.1543657, 41.3277338 ], [ 2.1544093, 41.3277175 ], [ 2.1544504, 41.327648 ], [ 2.1544649, 41.3275569 ], [ 2.154488, 41.3275293 ], [ 2.1544758, 41.3274579 ], [ 2.1544235, 41.3274062 ], [ 2.1544202, 41.3273488 ], [ 2.1543733, 41.3273251 ], [ 2.1543331, 41.3272509 ], [ 2.1542392, 41.3272116 ], [ 2.1542292, 41.3272183 ], [ 2.1542059, 41.3272196 ], [ 2.1542002, 41.3272148 ], [ 2.1541818, 41.3272163 ], [ 2.1541612, 41.3272429 ], [ 2.1541303, 41.3272566 ], [ 2.154093, 41.3272465 ], [ 2.154053, 41.3272695 ], [ 2.1540625, 41.3273087 ], [ 2.1541925, 41.3274266 ], [ 2.1542385, 41.327485 ], [ 2.1542331, 41.3275389 ], [ 2.1542088, 41.327598 ], [ 2.1541861, 41.3276006 ], [ 2.1541589, 41.3276177 ], [ 2.1541064, 41.3276488 ], [ 2.1539693, 41.327683 ], [ 2.153922, 41.3275748 ], [ 2.1538708, 41.327594 ], [ 2.1538251, 41.3275226 ], [ 2.1538861, 41.3275012 ], [ 2.1537745, 41.3271797 ], [ 2.1528875, 41.3243971 ], [ 2.1525494, 41.3235069 ], [ 2.1523921, 41.3232574 ], [ 2.1523693, 41.3231455 ], [ 2.1523008, 41.3230236 ], [ 2.1521613, 41.3228866 ], [ 2.1520542, 41.3227857 ], [ 2.1520146, 41.3227272 ], [ 2.1520765, 41.3226528 ], [ 2.1522144, 41.3225779 ], [ 2.1524354, 41.3226622 ], [ 2.152451, 41.3227496 ], [ 2.1523875, 41.3228849 ], [ 2.1524081, 41.3229349 ], [ 2.1524721, 41.3229802 ], [ 2.1525548, 41.3229819 ], [ 2.1526262, 41.3229481 ], [ 2.1526729, 41.3228701 ], [ 2.1526817, 41.3227699 ], [ 2.1525672, 41.3225436 ], [ 2.1524315, 41.322398 ], [ 2.1524698, 41.3222857 ], [ 2.1525949, 41.3221268 ], [ 2.1525963, 41.3220009 ], [ 2.1524041, 41.3218199 ], [ 2.1521754, 41.3218031 ], [ 2.1520686, 41.321768 ], [ 2.1520968, 41.3216877 ], [ 2.1514501, 41.3217336 ], [ 2.1508142, 41.3217698 ], [ 2.1504164, 41.3215715 ], [ 2.148838, 41.3203369 ], [ 2.1484514, 41.3201292 ], [ 2.1480012, 41.3200233 ], [ 2.1474264, 41.3200041 ], [ 2.1468454, 41.3200571 ], [ 2.1459256, 41.3202064 ], [ 2.144551, 41.3204931 ], [ 2.1392541, 41.3211715 ], [ 2.138421, 41.3212088 ], [ 2.1328285, 41.3208648 ], [ 2.1309859, 41.3208212 ], [ 2.1299505, 41.3208674 ], [ 2.1269719, 41.3212616 ], [ 2.1188194, 41.3228408 ], [ 2.1160431, 41.3238379 ], [ 2.1148538, 41.324359 ], [ 2.1144007, 41.3246159 ], [ 2.1143116, 41.3247861 ], [ 2.1140582, 41.3251192 ], [ 2.1137766, 41.3252883 ], [ 2.1131712, 41.3259438 ], [ 2.1129952, 41.3261658 ], [ 2.1129108, 41.3262346 ], [ 2.1127911, 41.3264354 ], [ 2.1127841, 41.326631 ], [ 2.1126433, 41.3268848 ], [ 2.1123054, 41.3272918 ], [ 2.1121505, 41.3273817 ], [ 2.1120097, 41.327535 ], [ 2.1118478, 41.3277411 ], [ 2.1115099, 41.3281376 ], [ 2.1110101, 41.3286927 ], [ 2.1106652, 41.3290045 ], [ 2.110447, 41.3292477 ], [ 2.1102077, 41.3295067 ], [ 2.1100317, 41.3298027 ], [ 2.1095389, 41.3302573 ], [ 2.1093911, 41.3304529 ], [ 2.1092292, 41.3305216 ], [ 2.1091869, 41.3306326 ], [ 2.1090673, 41.3307331 ], [ 2.1087646, 41.3310925 ], [ 2.1083915, 41.3314202 ], [ 2.1080466, 41.3317427 ], [ 2.1080395, 41.3317532 ], [ 2.1076242, 41.3320281 ], [ 2.1073074, 41.3323294 ], [ 2.1069766, 41.3325937 ], [ 2.1067302, 41.3328368 ], [ 2.1062234, 41.3332544 ], [ 2.105984, 41.3334711 ], [ 2.10509, 41.3341265 ], [ 2.104731, 41.3343115 ], [ 2.1044846, 41.3344172 ], [ 2.1044565, 41.3345282 ], [ 2.1042242, 41.3346445 ], [ 2.1039778, 41.3347291 ], [ 2.1038933, 41.3348137 ], [ 2.10383, 41.3348771 ], [ 2.1036751, 41.3349035 ], [ 2.1034217, 41.3350304 ], [ 2.1033443, 41.3351202 ], [ 2.1032246, 41.3351308 ], [ 2.1031401, 41.3351837 ], [ 2.1029193, 41.3353411 ], [ 2.1120499, 41.3385972 ] ] ] ] } },
{ "type": "Feature", "properties": { "distrito": "les Corts", "admin_level": "9" }, "geometry": { "type": "Polygon", "coordinates": [ [ [ 2.0978182, 41.3937665 ], [ 2.0985271, 41.3950314 ], [ 2.1000493, 41.3970615 ], [ 2.100595, 41.3985318 ], [ 2.1008649, 41.3987719 ], [ 2.1021865, 41.3996135 ], [ 2.102467, 41.3999882 ], [ 2.1029066, 41.4011406 ], [ 2.1034053, 41.4011423 ], [ 2.1044241, 41.4008385 ], [ 2.1048505, 41.4007822 ], [ 2.1051136, 41.4006757 ], [ 2.1054735, 41.4005951 ], [ 2.1060345, 41.4002593 ], [ 2.1063994, 41.4002125 ], [ 2.1069232, 41.3999757 ], [ 2.1073372, 41.3995537 ], [ 2.1078608, 41.3992981 ], [ 2.1082016, 41.398939 ], [ 2.1084559, 41.398602 ], [ 2.1087148, 41.3983681 ], [ 2.1086369, 41.3981465 ], [ 2.108687, 41.3980176 ], [ 2.1087716, 41.3978919 ], [ 2.1090034, 41.3975479 ], [ 2.1090977, 41.3974078 ], [ 2.1091482, 41.3973329 ], [ 2.1092, 41.3972538 ], [ 2.1098569, 41.396252 ], [ 2.1099362, 41.3961751 ], [ 2.1099404, 41.3961125 ], [ 2.110076, 41.3959903 ], [ 2.1102171, 41.3958924 ], [ 2.1103529, 41.3958267 ], [ 2.1104692, 41.395825 ], [ 2.1105604, 41.3958537 ], [ 2.1107254, 41.3958243 ], [ 2.1109885, 41.3958504 ], [ 2.1110219, 41.3958674 ], [ 2.1110304, 41.3958718 ], [ 2.1111939, 41.3959552 ], [ 2.1112143, 41.3959657 ], [ 2.1117695, 41.3962578 ], [ 2.1119655, 41.3963827 ], [ 2.1120485, 41.3964324 ], [ 2.1121032, 41.3964681 ], [ 2.1123285, 41.3966643 ], [ 2.1125917, 41.3969156 ], [ 2.1126745, 41.3969858 ], [ 2.1127489, 41.3970365 ], [ 2.1130111, 41.3971867 ], [ 2.113044, 41.3972075 ], [ 2.1130974, 41.3972417 ], [ 2.1131293, 41.3972621 ], [ 2.1132544, 41.3971882 ], [ 2.1138598, 41.3968294 ], [ 2.1139699, 41.3967642 ], [ 2.1140793, 41.396707 ], [ 2.1146058, 41.3964319 ], [ 2.1147552, 41.3963453 ], [ 2.1149643, 41.3962293 ], [ 2.1152638, 41.3960502 ], [ 2.1156649, 41.3958318 ], [ 2.1157659, 41.3957912 ], [ 2.1158727, 41.3957873 ], [ 2.1161288, 41.3956968 ], [ 2.116495, 41.3956024 ], [ 2.1166793, 41.3955638 ], [ 2.1171898, 41.3954519 ], [ 2.1173177, 41.3954116 ], [ 2.1174441, 41.3953652 ], [ 2.1175599, 41.3953178 ], [ 2.1176992, 41.39524 ], [ 2.1177988, 41.3951715 ], [ 2.1179258, 41.3950787 ], [ 2.1180307, 41.3949893 ], [ 2.1181146, 41.3949023 ], [ 2.1181757, 41.3948293 ], [ 2.1182619, 41.3947122 ], [ 2.1183182, 41.3946198 ], [ 2.1183733, 41.3945099 ], [ 2.1184097, 41.3944068 ], [ 2.1184374, 41.3943102 ], [ 2.1184558, 41.3942206 ], [ 2.1184757, 41.3941002 ], [ 2.1184164, 41.3940154 ], [ 2.1184259, 41.3938686 ], [ 2.1184219, 41.3937063 ], [ 2.1184147, 41.3935693 ], [ 2.1183996, 41.3934432 ], [ 2.1183911, 41.3933125 ], [ 2.1183203, 41.3931242 ], [ 2.118269, 41.3930157 ], [ 2.1182114, 41.3929106 ], [ 2.1181214, 41.3927742 ], [ 2.1180494, 41.3926682 ], [ 2.1179448, 41.392545 ], [ 2.1178226, 41.3924255 ], [ 2.1176548, 41.3922874 ], [ 2.1175574, 41.3922087 ], [ 2.117652, 41.3921399 ], [ 2.1178871, 41.3919699 ], [ 2.1180329, 41.3918931 ], [ 2.1181182, 41.3918634 ], [ 2.1182036, 41.3918435 ], [ 2.1186975, 41.3917384 ], [ 2.118837, 41.3917063 ], [ 2.1189909, 41.391676 ], [ 2.1193494, 41.3915625 ], [ 2.1196229, 41.3914639 ], [ 2.1197, 41.3914284 ], [ 2.1199061, 41.3913337 ], [ 2.1201753, 41.3911324 ], [ 2.1203355, 41.391003 ], [ 2.1203927, 41.3909568 ], [ 2.1205718, 41.3907541 ], [ 2.1207215, 41.3905446 ], [ 2.1208241, 41.3903018 ], [ 2.1208473, 41.3902279 ], [ 2.1208881, 41.390098 ], [ 2.1210087, 41.3901453 ], [ 2.1216044, 41.390378 ], [ 2.1221769, 41.3905984 ], [ 2.1222107, 41.3906063 ], [ 2.1224724, 41.3906703 ], [ 2.1231342, 41.3908347 ], [ 2.1233422, 41.3908877 ], [ 2.123638, 41.3909643 ], [ 2.1236762, 41.3909745 ], [ 2.1239248, 41.3910405 ], [ 2.1243354, 41.3911497 ], [ 2.1250241, 41.3913148 ], [ 2.1254165, 41.3914088 ], [ 2.1255824, 41.3914486 ], [ 2.1257143, 41.3914815 ], [ 2.1258687, 41.39152 ], [ 2.1269487, 41.3917895 ], [ 2.1270892, 41.3918245 ], [ 2.1272238, 41.3918578 ], [ 2.1282944, 41.3921229 ], [ 2.128893, 41.3922761 ], [ 2.1290979, 41.3923189 ], [ 2.1291721, 41.3923357 ], [ 2.1293157, 41.39237 ], [ 2.1293619, 41.3923945 ], [ 2.1294025, 41.392415 ], [ 2.1295941, 41.392514 ], [ 2.1296402, 41.3925848 ], [ 2.1296599, 41.3926045 ], [ 2.1297305, 41.3926438 ], [ 2.129799, 41.3926819 ], [ 2.1298646, 41.3926972 ], [ 2.1299594, 41.3927035 ], [ 2.1300274, 41.3926988 ], [ 2.1300958, 41.3926909 ], [ 2.1301599, 41.3926706 ], [ 2.1302082, 41.3926412 ], [ 2.1302413, 41.3926146 ], [ 2.130263, 41.3925811 ], [ 2.1302733, 41.3925384 ], [ 2.1305254, 41.3925002 ], [ 2.1306198, 41.3924859 ], [ 2.1306721, 41.3924782 ], [ 2.1307197, 41.3924712 ], [ 2.1308032, 41.392459 ], [ 2.1318466, 41.392306 ], [ 2.1320997, 41.3922671 ], [ 2.1321431, 41.3922605 ], [ 2.1324011, 41.3922209 ], [ 2.1327291, 41.3921705 ], [ 2.1330679, 41.3921186 ], [ 2.1332054, 41.3920975 ], [ 2.133243, 41.3920917 ], [ 2.1334666, 41.3920574 ], [ 2.1341815, 41.3919476 ], [ 2.134222, 41.3919414 ], [ 2.1342515, 41.3919374 ], [ 2.1345945, 41.3918843 ], [ 2.1349757, 41.3918258 ], [ 2.1361294, 41.3916487 ], [ 2.1362403, 41.3916317 ], [ 2.1362778, 41.3916269 ], [ 2.1364065, 41.3916062 ], [ 2.1365082, 41.391592 ], [ 2.1366942, 41.3915601 ], [ 2.136742, 41.3915539 ], [ 2.1370149, 41.3915096 ], [ 2.1373707, 41.3914531 ], [ 2.1376557, 41.3914073 ], [ 2.1378859, 41.3913748 ], [ 2.1382012, 41.3913263 ], [ 2.13831, 41.3913117 ], [ 2.138347, 41.3913062 ], [ 2.1388032, 41.3912391 ], [ 2.1393629, 41.3913812 ], [ 2.1397244, 41.391473 ], [ 2.1397892, 41.3914894 ], [ 2.1400036, 41.3915439 ], [ 2.1400511, 41.3915559 ], [ 2.1406307, 41.391703 ], [ 2.1412186, 41.3918523 ], [ 2.1415136, 41.3919272 ], [ 2.1419375, 41.3920348 ], [ 2.1421647, 41.3920925 ], [ 2.1428813, 41.3922744 ], [ 2.1433677, 41.3923979 ], [ 2.1436039, 41.3924578 ], [ 2.143662, 41.3924726 ], [ 2.143694, 41.3924807 ], [ 2.1437709, 41.3925002 ], [ 2.1439136, 41.3925038 ], [ 2.1441103, 41.3924948 ], [ 2.1444956, 41.3926972 ], [ 2.1441928, 41.3924418 ], [ 2.1441139, 41.3922896 ], [ 2.1440877, 41.392236 ], [ 2.1440771, 41.3922144 ], [ 2.1440556, 41.3921592 ], [ 2.1440133, 41.3920574 ], [ 2.1439221, 41.3918428 ], [ 2.143875, 41.3917347 ], [ 2.1438298, 41.391625 ], [ 2.1437704, 41.3914848 ], [ 2.1437282, 41.391383 ], [ 2.1437088, 41.3913298 ], [ 2.1436912, 41.3912789 ], [ 2.1435788, 41.3908916 ], [ 2.1435168, 41.3906857 ], [ 2.1435087, 41.3906587 ], [ 2.1434684, 41.3905182 ], [ 2.1434401, 41.3904052 ], [ 2.1432543, 41.3896641 ], [ 2.1432121, 41.3894959 ], [ 2.1431477, 41.3892388 ], [ 2.143069, 41.3889358 ], [ 2.1430621, 41.3889096 ], [ 2.1430186, 41.3887522 ], [ 2.1429908, 41.38864 ], [ 2.1428606, 41.3880676 ], [ 2.1428006, 41.3878093 ], [ 2.1427946, 41.3877868 ], [ 2.1427657, 41.3876663 ], [ 2.1427515, 41.3875996 ], [ 2.1427291, 41.3875001 ], [ 2.1427074, 41.3873808 ], [ 2.1425451, 41.3864108 ], [ 2.1425231, 41.3862316 ], [ 2.1425203, 41.386203 ], [ 2.1425162, 41.3861671 ], [ 2.142512, 41.3861351 ], [ 2.1424967, 41.3859921 ], [ 2.1424882, 41.3858921 ], [ 2.1424773, 41.3857773 ], [ 2.1424657, 41.3856206 ], [ 2.1424582, 41.3854948 ], [ 2.1422876, 41.3853505 ], [ 2.1422385, 41.3853109 ], [ 2.1421753, 41.3852564 ], [ 2.1421642, 41.3852477 ], [ 2.1420715, 41.3851695 ], [ 2.1420456, 41.3851483 ], [ 2.141773, 41.3849394 ], [ 2.1416184, 41.3848154 ], [ 2.1415462, 41.3847575 ], [ 2.1413262, 41.3845993 ], [ 2.1413117, 41.3845876 ], [ 2.1410476, 41.3843999 ], [ 2.1407691, 41.384202 ], [ 2.1407617, 41.3841968 ], [ 2.1407071, 41.3841598 ], [ 2.140359, 41.3839353 ], [ 2.1402397, 41.3838614 ], [ 2.1402209, 41.3838506 ], [ 2.1400503, 41.3837525 ], [ 2.1399479, 41.3836937 ], [ 2.1397166, 41.3835674 ], [ 2.1394806, 41.3834417 ], [ 2.1393359, 41.3833693 ], [ 2.1391538, 41.3832749 ], [ 2.1390586, 41.3832245 ], [ 2.1387621, 41.3830748 ], [ 2.1387278, 41.3830598 ], [ 2.1386037, 41.3830005 ], [ 2.1384773, 41.3829425 ], [ 2.1382632, 41.3828442 ], [ 2.137955, 41.3827134 ], [ 2.1375783, 41.382557 ], [ 2.137438, 41.3825022 ], [ 2.1374066, 41.3824907 ], [ 2.1363815, 41.3821154 ], [ 2.1362824, 41.3820768 ], [ 2.1361538, 41.3820254 ], [ 2.1360968, 41.3820021 ], [ 2.1360125, 41.3819703 ], [ 2.1356821, 41.3818516 ], [ 2.1356499, 41.3818404 ], [ 2.1354973, 41.3817813 ], [ 2.1353689, 41.3817359 ], [ 2.1353348, 41.3817228 ], [ 2.1351349, 41.3816462 ], [ 2.134706, 41.3814985 ], [ 2.1342867, 41.3813587 ], [ 2.1340882, 41.3813041 ], [ 2.1336482, 41.3811929 ], [ 2.1335455, 41.3811652 ], [ 2.1334668, 41.3811451 ], [ 2.1334246, 41.3811335 ], [ 2.1326773, 41.3809284 ], [ 2.132556, 41.3808955 ], [ 2.1324814, 41.3808752 ], [ 2.1324349, 41.3808627 ], [ 2.132378, 41.3808474 ], [ 2.1322603, 41.3808155 ], [ 2.1322227, 41.3808043 ], [ 2.1317526, 41.3806635 ], [ 2.131585, 41.3806012 ], [ 2.1313694, 41.3805265 ], [ 2.1310716, 41.3803999 ], [ 2.1306667, 41.3802195 ], [ 2.1304789, 41.3801255 ], [ 2.13046, 41.3801157 ], [ 2.1302691, 41.3800168 ], [ 2.1299338, 41.3798397 ], [ 2.1295166, 41.379597 ], [ 2.1294535, 41.3795623 ], [ 2.1293553, 41.379502 ], [ 2.1292739, 41.3794577 ], [ 2.1291931, 41.3794137 ], [ 2.1291124, 41.3793697 ], [ 2.1290732, 41.3793484 ], [ 2.1290552, 41.3793386 ], [ 2.1289458, 41.379279 ], [ 2.1288305, 41.3792209 ], [ 2.1287901, 41.3792012 ], [ 2.1287487, 41.379179 ], [ 2.1283776, 41.3789853 ], [ 2.1282038, 41.3788928 ], [ 2.1281585, 41.3788673 ], [ 2.1280673, 41.3788161 ], [ 2.127968, 41.3787584 ], [ 2.1279411, 41.3787443 ], [ 2.1277635, 41.3786483 ], [ 2.1275287, 41.3785204 ], [ 2.1274062, 41.3784506 ], [ 2.1273758, 41.3784324 ], [ 2.1270529, 41.3782441 ], [ 2.1269557, 41.3781905 ], [ 2.1268158, 41.3781092 ], [ 2.1267889, 41.3780943 ], [ 2.1262291, 41.3777728 ], [ 2.1261115, 41.3777049 ], [ 2.1260783, 41.3776857 ], [ 2.12586, 41.3775596 ], [ 2.1257574, 41.3775004 ], [ 2.1256563, 41.377442 ], [ 2.1256371, 41.3774309 ], [ 2.1255328, 41.3773707 ], [ 2.1252823, 41.377226 ], [ 2.1252504, 41.3772076 ], [ 2.1252039, 41.3771792 ], [ 2.1251853, 41.3771679 ], [ 2.1250611, 41.377092 ], [ 2.1248688, 41.3769745 ], [ 2.1248469, 41.3769611 ], [ 2.1247162, 41.3768813 ], [ 2.1245962, 41.3768094 ], [ 2.1245762, 41.3767952 ], [ 2.1243133, 41.376623 ], [ 2.1238714, 41.3763524 ], [ 2.1237359, 41.3762695 ], [ 2.1236414, 41.3762115 ], [ 2.1236188, 41.3761977 ], [ 2.1235881, 41.3761789 ], [ 2.1232741, 41.3759866 ], [ 2.1232476, 41.3759704 ], [ 2.123183, 41.3759308 ], [ 2.1230383, 41.3758457 ], [ 2.1228666, 41.3757476 ], [ 2.1228226, 41.3757245 ], [ 2.1227729, 41.3756952 ], [ 2.1227243, 41.3756664 ], [ 2.1224999, 41.3756698 ], [ 2.1224592, 41.3756715 ], [ 2.1219217, 41.3756741 ], [ 2.1217654, 41.3756783 ], [ 2.1217958, 41.375702 ], [ 2.1216526, 41.3760685 ], [ 2.121638, 41.3774274 ], [ 2.121396, 41.3778951 ], [ 2.1177666, 41.3757714 ], [ 2.117582, 41.3757813 ], [ 2.1095536, 41.3759593 ], [ 2.10943, 41.3768277 ], [ 2.1081215, 41.3780644 ], [ 2.1078903, 41.3781183 ], [ 2.1077767, 41.3781581 ], [ 2.1077447, 41.3782004 ], [ 2.1077359, 41.3783252 ], [ 2.1075432, 41.3783924 ], [ 2.1074155, 41.3784368 ], [ 2.1071133, 41.3785443 ], [ 2.1069227, 41.3787637 ], [ 2.1068555, 41.3788154 ], [ 2.1066411, 41.3788793 ], [ 2.106512, 41.3788352 ], [ 2.1063859, 41.3788923 ], [ 2.1062739, 41.3789687 ], [ 2.106192, 41.379097 ], [ 2.1060431, 41.3791086 ], [ 2.1059941, 41.3791603 ], [ 2.1058513, 41.3792756 ], [ 2.105792, 41.3793576 ], [ 2.1057262, 41.3794188 ], [ 2.1056615, 41.3794463 ], [ 2.1055452, 41.3794543 ], [ 2.1050741, 41.3794477 ], [ 2.1047601, 41.3794305 ], [ 2.1043655, 41.3797197 ], [ 2.1039853, 41.3799955 ], [ 2.1037956, 41.3801133 ], [ 2.1036577, 41.3801761 ], [ 2.1035153, 41.3802219 ], [ 2.1033545, 41.3802627 ], [ 2.1031775, 41.3802909 ], [ 2.1030283, 41.3802905 ], [ 2.1028258, 41.380279 ], [ 2.102532, 41.3806733 ], [ 2.102485, 41.3807546 ], [ 2.1024791, 41.3810191 ], [ 2.1022824, 41.381218 ], [ 2.1017309, 41.3817732 ], [ 2.1016914, 41.3818732 ], [ 2.1012772, 41.3829386 ], [ 2.1016776, 41.3830793 ], [ 2.1019219, 41.3831789 ], [ 2.1021422, 41.3832733 ], [ 2.1022018, 41.3833129 ], [ 2.1023419, 41.3833744 ], [ 2.1024274, 41.3834201 ], [ 2.1024507, 41.3834949 ], [ 2.1023815, 41.383613 ], [ 2.1024548, 41.3836376 ], [ 2.1025166, 41.3836645 ], [ 2.1025977, 41.3837103 ], [ 2.1026813, 41.3837658 ], [ 2.1027577, 41.3838288 ], [ 2.1028352, 41.3839002 ], [ 2.1031353, 41.3841919 ], [ 2.1033975, 41.3844398 ], [ 2.1033294, 41.3845651 ], [ 2.1033773, 41.3845725 ], [ 2.1033829, 41.3845794 ], [ 2.1033375, 41.3846631 ], [ 2.1033089, 41.3847161 ], [ 2.1032657, 41.3847957 ], [ 2.1031626, 41.3849862 ], [ 2.1031356, 41.3850362 ], [ 2.103114, 41.3850759 ], [ 2.1029824, 41.3853192 ], [ 2.102938, 41.3853997 ], [ 2.1028922, 41.3854931 ], [ 2.1028015, 41.3855213 ], [ 2.1027495, 41.3855755 ], [ 2.1027659, 41.3856408 ], [ 2.1022793, 41.3860556 ], [ 2.1016867, 41.3877514 ], [ 2.1011247, 41.3879024 ], [ 2.1007141, 41.3881547 ], [ 2.1002826, 41.3887501 ], [ 2.100181, 41.3891328 ], [ 2.0996239, 41.3920926 ], [ 2.0993703, 41.392365 ], [ 2.0983989, 41.3931507 ], [ 2.0981335, 41.3933653 ], [ 2.0978182, 41.3937665 ] ] ] } },
{ "type": "Feature", "properties": { "distrito": "Sarrià - Sant Gervasi", "admin_level": "9" }, "geometry": { "type": "MultiPolygon", "coordinates": [ [ [ [ 2.0775692, 41.4031725 ], [ 2.0759695, 41.4033603 ], [ 2.074841, 41.4029961 ], [ 2.0743874, 41.4033133 ], [ 2.0738686, 41.4035613 ], [ 2.0736338, 41.4036167 ], [ 2.0729763, 41.4034657 ], [ 2.0724435, 41.4035343 ], [ 2.072182, 41.4037079 ], [ 2.0717774, 41.4045001 ], [ 2.0706535, 41.4061883 ], [ 2.0699404, 41.4071652 ], [ 2.0703252, 41.4073463 ], [ 2.071341, 41.4071843 ], [ 2.0716803, 41.4072414 ], [ 2.0720876, 41.4075565 ], [ 2.0720763, 41.407719 ], [ 2.0713934, 41.4084695 ], [ 2.0713197, 41.409211 ], [ 2.0717388, 41.4102909 ], [ 2.0721272, 41.4109784 ], [ 2.0722908, 41.4111116 ], [ 2.0725644, 41.4111719 ], [ 2.0726341, 41.4112644 ], [ 2.0730203, 41.4114133 ], [ 2.0733476, 41.4117875 ], [ 2.0734978, 41.4118679 ], [ 2.07412, 41.411884 ], [ 2.07434, 41.4120007 ], [ 2.0745063, 41.4121898 ], [ 2.0748389, 41.4122501 ], [ 2.0754611, 41.4123266 ], [ 2.0760405, 41.4127168 ], [ 2.0759976, 41.4128013 ], [ 2.0761746, 41.413276 ], [ 2.076298, 41.413453 ], [ 2.0763141, 41.4135617 ], [ 2.0765608, 41.4138634 ], [ 2.0767647, 41.413968 ], [ 2.0768827, 41.414137 ], [ 2.0771509, 41.4143824 ], [ 2.0773119, 41.4144266 ], [ 2.0773655, 41.4146439 ], [ 2.0784484, 41.415045 ], [ 2.0791067, 41.415511 ], [ 2.0794005, 41.4159031 ], [ 2.0794622, 41.4162335 ], [ 2.0793668, 41.4166969 ], [ 2.079296, 41.4167091 ], [ 2.0791923, 41.4169117 ], [ 2.0782745, 41.4180238 ], [ 2.0787764, 41.4189379 ], [ 2.0772655, 41.4187347 ], [ 2.0766063, 41.4199433 ], [ 2.0768825, 41.4210294 ], [ 2.075119, 41.4221879 ], [ 2.0786712, 41.4226429 ], [ 2.0799376, 41.422929 ], [ 2.0800988, 41.423462 ], [ 2.0801991, 41.4241328 ], [ 2.0800035, 41.4243846 ], [ 2.0781193, 41.4249182 ], [ 2.0773431, 41.4249345 ], [ 2.0766566, 41.4250279 ], [ 2.0747303, 41.42487 ], [ 2.0742802, 41.4247729 ], [ 2.0727269, 41.4251027 ], [ 2.072661, 41.4257899 ], [ 2.0731446, 41.4275421 ], [ 2.0765421, 41.4286163 ], [ 2.0766003, 41.4287488 ], [ 2.07527, 41.4296359 ], [ 2.0745554, 41.4296765 ], [ 2.0745098, 41.4298586 ], [ 2.0741886, 41.4301879 ], [ 2.0723245, 41.4311347 ], [ 2.0720531, 41.4313358 ], [ 2.0716968, 41.4318287 ], [ 2.071844, 41.4324884 ], [ 2.0717995, 41.4325755 ], [ 2.07122, 41.4337091 ], [ 2.0709782, 41.434182 ], [ 2.0708752, 41.4343837 ], [ 2.0708269, 41.4344781 ], [ 2.0708451, 41.4345539 ], [ 2.0710854, 41.435553 ], [ 2.0711633, 41.4358767 ], [ 2.0726291, 41.4364152 ], [ 2.0731242, 41.4363213 ], [ 2.0729819, 41.4360304 ], [ 2.0728585, 41.4358288 ], [ 2.0727666, 41.4354187 ], [ 2.0729483, 41.4352936 ], [ 2.0731938, 41.4352198 ], [ 2.0742268, 41.4352731 ], [ 2.0745775, 41.4351676 ], [ 2.0748405, 41.4350119 ], [ 2.0749941, 41.434834 ], [ 2.0750909, 41.4345416 ], [ 2.0750874, 41.4341907 ], [ 2.0749738, 41.4336555 ], [ 2.0749787, 41.4334122 ], [ 2.0750931, 41.4331911 ], [ 2.0753077, 41.4330285 ], [ 2.0766381, 41.4327536 ], [ 2.0780827, 41.4321044 ], [ 2.0791887, 41.4318664 ], [ 2.0799734, 41.4318046 ], [ 2.0802588, 41.4316299 ], [ 2.0800793, 41.4310167 ], [ 2.0801375, 41.430843 ], [ 2.0804902, 41.4306113 ], [ 2.0807771, 41.4306076 ], [ 2.081005, 41.4307686 ], [ 2.0813956, 41.4316336 ], [ 2.0815731, 41.4317608 ], [ 2.081568, 41.4318225 ], [ 2.0822126, 41.4318315 ], [ 2.0824441, 41.4317312 ], [ 2.082571, 41.4315185 ], [ 2.0825261, 41.4312504 ], [ 2.0826768, 41.4308836 ], [ 2.082944, 41.4307817 ], [ 2.0832413, 41.4307596 ], [ 2.0836481, 41.4309126 ], [ 2.0838508, 41.4309036 ], [ 2.0839959, 41.4307711 ], [ 2.0840029, 41.4305548 ], [ 2.0837785, 41.4302856 ], [ 2.0837364, 41.4300534 ], [ 2.085399, 41.4291334 ], [ 2.085716, 41.4289033 ], [ 2.0871353, 41.4286963 ], [ 2.0875553, 41.4285606 ], [ 2.0878484, 41.4283315 ], [ 2.0881597, 41.4281827 ], [ 2.0889312, 41.4291748 ], [ 2.0892784, 41.4291774 ], [ 2.0896661, 41.4290882 ], [ 2.0901605, 41.4288322 ], [ 2.0921852, 41.4299398 ], [ 2.0932416, 41.4313604 ], [ 2.0947863, 41.4332095 ], [ 2.0950879, 41.4333942 ], [ 2.0960066, 41.4333624 ], [ 2.096632, 41.4326414 ], [ 2.0987132, 41.4317206 ], [ 2.0989603, 41.4302961 ], [ 2.1001482, 41.4301893 ], [ 2.1009139, 41.4298852 ], [ 2.101392, 41.4295758 ], [ 2.1025445, 41.4285612 ], [ 2.1032001, 41.4282259 ], [ 2.105504, 41.4289247 ], [ 2.1058012, 41.4287494 ], [ 2.1062002, 41.4286506 ], [ 2.1083896, 41.4288053 ], [ 2.1090305, 41.4287407 ], [ 2.1094658, 41.4284962 ], [ 2.1100725, 41.4286043 ], [ 2.1105457, 41.4283851 ], [ 2.1115506, 41.4283854 ], [ 2.1122226, 41.4287156 ], [ 2.1124329, 41.4286522 ], [ 2.1131419, 41.4286926 ], [ 2.1137119, 41.4284871 ], [ 2.1151735, 41.4276027 ], [ 2.1152461, 41.4270052 ], [ 2.1168277, 41.4264305 ], [ 2.1179412, 41.4262908 ], [ 2.1195306, 41.4257817 ], [ 2.1198967, 41.4259064 ], [ 2.1204001, 41.42592 ], [ 2.1207157, 41.4258633 ], [ 2.1207957, 41.4258755 ], [ 2.1208645, 41.4258831 ], [ 2.120934, 41.4258827 ], [ 2.1210026, 41.4258742 ], [ 2.1210686, 41.425858 ], [ 2.1211306, 41.4258344 ], [ 2.121187, 41.425804 ], [ 2.1212365, 41.4257674 ], [ 2.1212793, 41.425724 ], [ 2.1213123, 41.425676 ], [ 2.1213347, 41.4256246 ], [ 2.121346, 41.4255713 ], [ 2.1213458, 41.4255173 ], [ 2.1213342, 41.425464 ], [ 2.1213064, 41.4254103 ], [ 2.1212847, 41.4253623 ], [ 2.1211395, 41.4251233 ], [ 2.1211181, 41.4250881 ], [ 2.1209183, 41.424761 ], [ 2.1205558, 41.424175 ], [ 2.1204937, 41.4240367 ], [ 2.1204562, 41.423903 ], [ 2.1204451, 41.423803 ], [ 2.1204495, 41.4237007 ], [ 2.1204891, 41.4234674 ], [ 2.120527, 41.4232548 ], [ 2.1205407, 41.4231458 ], [ 2.1205327, 41.4230415 ], [ 2.1205047, 41.422955 ], [ 2.1204658, 41.4228684 ], [ 2.1204278, 41.4227936 ], [ 2.1204259, 41.4227572 ], [ 2.1204364, 41.4227184 ], [ 2.1204751, 41.422665 ], [ 2.1205369, 41.4226231 ], [ 2.1205837, 41.4226065 ], [ 2.1206336, 41.4225969 ], [ 2.1207179, 41.4225985 ], [ 2.1207726, 41.4226016 ], [ 2.1207303, 41.4224852 ], [ 2.120712, 41.4224281 ], [ 2.120697, 41.4223707 ], [ 2.1206908, 41.4223378 ], [ 2.12069, 41.4223038 ], [ 2.1206919, 41.4222703 ], [ 2.1206975, 41.4222373 ], [ 2.1207087, 41.4221929 ], [ 2.1207343, 41.4221296 ], [ 2.1208112, 41.4219852 ], [ 2.1208951, 41.4218544 ], [ 2.1209458, 41.4217969 ], [ 2.1210009, 41.4217407 ], [ 2.1212051, 41.4215568 ], [ 2.1212748, 41.4214923 ], [ 2.1213366, 41.4214263 ], [ 2.1213931, 41.421355 ], [ 2.1214334, 41.4212948 ], [ 2.121456, 41.4212552 ], [ 2.121475, 41.4212152 ], [ 2.1214922, 41.4211754 ], [ 2.1215058, 41.421136 ], [ 2.1215211, 41.4210834 ], [ 2.1215326, 41.4210301 ], [ 2.1215394, 41.4209717 ], [ 2.1215394, 41.4209421 ], [ 2.1215361, 41.420918 ], [ 2.1215268, 41.4208947 ], [ 2.1215119, 41.4208731 ], [ 2.1214877, 41.4208509 ], [ 2.1214576, 41.4208332 ], [ 2.1213032, 41.4207641 ], [ 2.1211743, 41.4207119 ], [ 2.1211474, 41.4207031 ], [ 2.1211816, 41.420681 ], [ 2.1247125, 41.4191734 ], [ 2.124893, 41.4191203 ], [ 2.1255351, 41.4188433 ], [ 2.1258854, 41.4186719 ], [ 2.1288265, 41.417405 ], [ 2.128853, 41.417408 ], [ 2.1289328, 41.417417 ], [ 2.128937, 41.417448 ], [ 2.1289339, 41.4174788 ], [ 2.1289233, 41.4175082 ], [ 2.1289058, 41.4175356 ], [ 2.1288818, 41.4175601 ], [ 2.1286435, 41.4177716 ], [ 2.1285338, 41.4178774 ], [ 2.1283834, 41.4179711 ], [ 2.1280242, 41.4181681 ], [ 2.1279806, 41.4181918 ], [ 2.1279444, 41.4182217 ], [ 2.1279171, 41.4182565 ], [ 2.1279, 41.4182948 ], [ 2.1278937, 41.4183349 ], [ 2.1278968, 41.4183677 ], [ 2.1279072, 41.4183996 ], [ 2.1279246, 41.4184298 ], [ 2.1279485, 41.4184574 ], [ 2.1280667, 41.4185506 ], [ 2.1281305, 41.4186057 ], [ 2.1281484, 41.418634 ], [ 2.1281608, 41.4186639 ], [ 2.1281675, 41.4186949 ], [ 2.1281674, 41.4187355 ], [ 2.1281574, 41.4187754 ], [ 2.1281379, 41.4188132 ], [ 2.1281095, 41.4188478 ], [ 2.1279807, 41.4189676 ], [ 2.127931, 41.4190046 ], [ 2.1276603, 41.4191509 ], [ 2.1275867, 41.419142 ], [ 2.1274856, 41.4191511 ], [ 2.1274555, 41.4191538 ], [ 2.1273587, 41.4191706 ], [ 2.1272724, 41.4191953 ], [ 2.1272318, 41.419219 ], [ 2.1272022, 41.4192463 ], [ 2.1271847, 41.4192706 ], [ 2.1271795, 41.4192955 ], [ 2.1271782, 41.4193272 ], [ 2.1271924, 41.419364 ], [ 2.1272151, 41.419394 ], [ 2.1272476, 41.4194213 ], [ 2.127321, 41.4194605 ], [ 2.1274775, 41.4195163 ], [ 2.1276223, 41.4195608 ], [ 2.1277459, 41.4195866 ], [ 2.1278532, 41.419599 ], [ 2.1280296, 41.4197189 ], [ 2.1280582, 41.4197331 ], [ 2.1280914, 41.4197423 ], [ 2.128121, 41.4197472 ], [ 2.1281368, 41.4197468 ], [ 2.1281525, 41.4197464 ], [ 2.1281893, 41.4197391 ], [ 2.1282233, 41.4197247 ], [ 2.1282524, 41.4197117 ], [ 2.1282841, 41.4197026 ], [ 2.1283173, 41.4196978 ], [ 2.1283618, 41.4196981 ], [ 2.1284051, 41.419706 ], [ 2.1284575, 41.4197313 ], [ 2.128556, 41.4198018 ], [ 2.1286704, 41.4198939 ], [ 2.1287016, 41.4199138 ], [ 2.128739, 41.4199264 ], [ 2.1287795, 41.4199308 ], [ 2.128814, 41.4199278 ], [ 2.1288466, 41.4199189 ], [ 2.1288755, 41.4199046 ], [ 2.1288991, 41.4198855 ], [ 2.1289161, 41.4198629 ], [ 2.1289788, 41.4197107 ], [ 2.1289948, 41.41968 ], [ 2.1290026, 41.419665 ], [ 2.1290419, 41.4196216 ], [ 2.1290852, 41.4195879 ], [ 2.1291361, 41.4195639 ], [ 2.1291987, 41.419546 ], [ 2.1293765, 41.4195082 ], [ 2.1294273, 41.4195021 ], [ 2.1294787, 41.4195024 ], [ 2.1295363, 41.4195105 ], [ 2.1295894, 41.419528 ], [ 2.1296365, 41.4195537 ], [ 2.1296782, 41.4195827 ], [ 2.1297176, 41.4196157 ], [ 2.1299896, 41.4196033 ], [ 2.1301645, 41.4193803 ], [ 2.1302928, 41.4187552 ], [ 2.1306072, 41.4183172 ], [ 2.1306645, 41.4183106 ], [ 2.1307196, 41.4182968 ], [ 2.1308662, 41.4182594 ], [ 2.1310316, 41.4182273 ], [ 2.1311084, 41.4182209 ], [ 2.1311843, 41.4182223 ], [ 2.1312587, 41.4182307 ], [ 2.1313327, 41.4182447 ], [ 2.1314505, 41.4182714 ], [ 2.1315654, 41.4183022 ], [ 2.1316546, 41.4183356 ], [ 2.131739, 41.4183737 ], [ 2.1318995, 41.4184566 ], [ 2.1319728, 41.4185013 ], [ 2.1320202, 41.4185352 ], [ 2.1320544, 41.4185532 ], [ 2.1320868, 41.418565 ], [ 2.1321187, 41.4185741 ], [ 2.1321824, 41.4185831 ], [ 2.1322409, 41.4185844 ], [ 2.1322897, 41.4185754 ], [ 2.1323296, 41.4185613 ], [ 2.1323652, 41.4185419 ], [ 2.1325126, 41.4184424 ], [ 2.1325835, 41.4183983 ], [ 2.1326606, 41.418355 ], [ 2.1326854, 41.4183434 ], [ 2.1328114, 41.4182922 ], [ 2.1330649, 41.4182128 ], [ 2.1332181, 41.4181585 ], [ 2.13367, 41.4179984 ], [ 2.1339245, 41.4179166 ], [ 2.1341018, 41.4178327 ], [ 2.1342622, 41.4177568 ], [ 2.134697, 41.4174146 ], [ 2.1349189, 41.4172245 ], [ 2.1351629, 41.4170155 ], [ 2.1351733, 41.4170065 ], [ 2.1352358, 41.416953 ], [ 2.1352802, 41.4169145 ], [ 2.1359396, 41.4163302 ], [ 2.1360904, 41.4161921 ], [ 2.1362015, 41.416078 ], [ 2.1362875, 41.4159829 ], [ 2.1362118, 41.4159261 ], [ 2.136158, 41.4158449 ], [ 2.1361148, 41.4157556 ], [ 2.136085, 41.4156577 ], [ 2.1360714, 41.4155638 ], [ 2.1360707, 41.4155031 ], [ 2.1360757, 41.4154406 ], [ 2.1360963, 41.4153621 ], [ 2.1361236, 41.4153053 ], [ 2.1361593, 41.4152436 ], [ 2.1362031, 41.4151855 ], [ 2.1362144, 41.4151705 ], [ 2.1363268, 41.415064 ], [ 2.1367235, 41.4147194 ], [ 2.1369443, 41.4145273 ], [ 2.1369967, 41.4144836 ], [ 2.137124, 41.4143942 ], [ 2.1373992, 41.414256 ], [ 2.1376499, 41.4141433 ], [ 2.1377272, 41.4141116 ], [ 2.1378192, 41.4140645 ], [ 2.1379164, 41.4140052 ], [ 2.1379306, 41.4139946 ], [ 2.1379792, 41.4139586 ], [ 2.1386682, 41.413419 ], [ 2.1387271, 41.4133729 ], [ 2.1396858, 41.412622 ], [ 2.1397202, 41.412595 ], [ 2.139928, 41.4124216 ], [ 2.1400152, 41.4123567 ], [ 2.140041, 41.4123382 ], [ 2.1401115, 41.4122932 ], [ 2.140686, 41.411852 ], [ 2.1407726, 41.4117942 ], [ 2.1408408, 41.4117626 ], [ 2.1408608, 41.4117533 ], [ 2.140955, 41.4117247 ], [ 2.1416749, 41.4116432 ], [ 2.1419751, 41.4116085 ], [ 2.1425004, 41.411556 ], [ 2.1430979, 41.4114963 ], [ 2.1431306, 41.411493 ], [ 2.1432823, 41.411481 ], [ 2.1434639, 41.4114638 ], [ 2.1435194, 41.4114587 ], [ 2.1439814, 41.4114163 ], [ 2.1445742, 41.4113714 ], [ 2.1447353, 41.4113502 ], [ 2.1448148, 41.4113316 ], [ 2.1448849, 41.411314 ], [ 2.1450067, 41.4112699 ], [ 2.145031, 41.4112601 ], [ 2.1451214, 41.4112166 ], [ 2.1451763, 41.4111894 ], [ 2.1452253, 41.4111603 ], [ 2.1453178, 41.4110939 ], [ 2.1454045, 41.4110225 ], [ 2.1454671, 41.410965 ], [ 2.14558, 41.4108494 ], [ 2.1456215, 41.4108067 ], [ 2.1456549, 41.4107557 ], [ 2.1456731, 41.4107226 ], [ 2.1456958, 41.4106815 ], [ 2.1457571, 41.4105338 ], [ 2.1458599, 41.4103037 ], [ 2.1459207, 41.4101748 ], [ 2.1459687, 41.4100975 ], [ 2.1462592, 41.4097343 ], [ 2.1462718, 41.4097185 ], [ 2.1462959, 41.4096883 ], [ 2.146341, 41.4096327 ], [ 2.1467172, 41.4091682 ], [ 2.1471246, 41.4086651 ], [ 2.1471613, 41.4086198 ], [ 2.1471937, 41.4085797 ], [ 2.1473869, 41.408336 ], [ 2.1474043, 41.408314 ], [ 2.1474757, 41.4082311 ], [ 2.1474882, 41.4082129 ], [ 2.1475724, 41.4081259 ], [ 2.1479802, 41.4077384 ], [ 2.1479979, 41.4077216 ], [ 2.1480663, 41.4076648 ], [ 2.1486572, 41.407186 ], [ 2.1483725, 41.4069905 ], [ 2.1484734, 41.4069038 ], [ 2.1483676, 41.4068207 ], [ 2.148449, 41.4067475 ], [ 2.1485369, 41.4067621 ], [ 2.1487454, 41.4065899 ], [ 2.1487959, 41.4066229 ], [ 2.1489196, 41.4065264 ], [ 2.1490059, 41.4065826 ], [ 2.1489115, 41.4066668 ], [ 2.1491253, 41.4068067 ], [ 2.1492743, 41.406686 ], [ 2.1492987, 41.4066662 ], [ 2.1494377, 41.4065536 ], [ 2.1495251, 41.4064912 ], [ 2.1495944, 41.4064429 ], [ 2.1496238, 41.4064226 ], [ 2.1497343, 41.4063377 ], [ 2.1498444, 41.406255 ], [ 2.149919, 41.4061876 ], [ 2.1499739, 41.4061381 ], [ 2.1500598, 41.4060605 ], [ 2.1500712, 41.4059738 ], [ 2.1500732, 41.405959 ], [ 2.1500727, 41.4059458 ], [ 2.1500717, 41.4059204 ], [ 2.1500512, 41.4058277 ], [ 2.1500343, 41.4057505 ], [ 2.150025, 41.4057139 ], [ 2.1499986, 41.4056098 ], [ 2.1499783, 41.4055165 ], [ 2.1499853, 41.4054175 ], [ 2.1500412, 41.4052651 ], [ 2.15005, 41.4052411 ], [ 2.1502089, 41.4048082 ], [ 2.1503334, 41.4044867 ], [ 2.1503708, 41.4043709 ], [ 2.1503765, 41.4043213 ], [ 2.1503754, 41.4042588 ], [ 2.1503663, 41.4042003 ], [ 2.1503345, 41.4041345 ], [ 2.1502987, 41.4040784 ], [ 2.1502709, 41.4040424 ], [ 2.1502436, 41.404013 ], [ 2.150117, 41.4038961 ], [ 2.1500733, 41.4038491 ], [ 2.150039, 41.4038062 ], [ 2.1500181, 41.4037648 ], [ 2.1500052, 41.4037248 ], [ 2.1499877, 41.403634 ], [ 2.14996, 41.4035123 ], [ 2.1499565, 41.4034964 ], [ 2.1499205, 41.4033332 ], [ 2.1499175, 41.4032683 ], [ 2.1499132, 41.4032353 ], [ 2.1499141, 41.403193 ], [ 2.1499291, 41.4031312 ], [ 2.1499697, 41.4030422 ], [ 2.1500033, 41.4029957 ], [ 2.1500217, 41.4029685 ], [ 2.1500518, 41.402924 ], [ 2.1501463, 41.4027981 ], [ 2.1503948, 41.4024775 ], [ 2.1504168, 41.4024492 ], [ 2.1505689, 41.402253 ], [ 2.1507996, 41.4019578 ], [ 2.1508087, 41.4019461 ], [ 2.1508584, 41.4018826 ], [ 2.1509794, 41.4017201 ], [ 2.1510958, 41.4016002 ], [ 2.1511281, 41.4015453 ], [ 2.1511581, 41.401492 ], [ 2.1511749, 41.4014636 ], [ 2.1511985, 41.4014001 ], [ 2.1512224, 41.4012098 ], [ 2.1512261, 41.4011332 ], [ 2.1512265, 41.4011203 ], [ 2.1512261, 41.4010614 ], [ 2.1512147, 41.4009642 ], [ 2.1511871, 41.4008496 ], [ 2.1511588, 41.400781 ], [ 2.151141, 41.4007478 ], [ 2.1511262, 41.4007163 ], [ 2.1511071, 41.4006725 ], [ 2.1510957, 41.4006285 ], [ 2.1510938, 41.4005971 ], [ 2.1510939, 41.4005731 ], [ 2.1511025, 41.4005314 ], [ 2.1511235, 41.4004639 ], [ 2.1511973, 41.4004104 ], [ 2.1512746, 41.400354 ], [ 2.1513517, 41.4002976 ], [ 2.1514712, 41.4002 ], [ 2.1515936, 41.4001047 ], [ 2.1516304, 41.4000742 ], [ 2.1517026, 41.4000359 ], [ 2.1517717, 41.399968 ], [ 2.1519906, 41.3997452 ], [ 2.1520556, 41.399679 ], [ 2.1521251, 41.3996082 ], [ 2.1521566, 41.3995761 ], [ 2.1521925, 41.3995398 ], [ 2.1522384, 41.3994937 ], [ 2.1523125, 41.3994177 ], [ 2.1524337, 41.3992933 ], [ 2.1524883, 41.3992386 ], [ 2.1527836, 41.3989397 ], [ 2.1528866, 41.3988342 ], [ 2.1529439, 41.3987778 ], [ 2.153041, 41.3986782 ], [ 2.1531514, 41.3985663 ], [ 2.1531701, 41.3985473 ], [ 2.1532431, 41.3984728 ], [ 2.1532576, 41.3983712 ], [ 2.1532965, 41.3983292 ], [ 2.1539068, 41.3977065 ], [ 2.1539276, 41.3976839 ], [ 2.1539777, 41.3976346 ], [ 2.1540233, 41.3975896 ], [ 2.15437, 41.3972381 ], [ 2.1544113, 41.3971957 ], [ 2.1544636, 41.3971425 ], [ 2.154817, 41.3967837 ], [ 2.1549054, 41.3966891 ], [ 2.1549625, 41.3966228 ], [ 2.1550777, 41.3964689 ], [ 2.1552087, 41.3962952 ], [ 2.1552337, 41.3962598 ], [ 2.1553283, 41.3961206 ], [ 2.155526, 41.3957898 ], [ 2.1555452, 41.3957576 ], [ 2.1555972, 41.395676 ], [ 2.1556053, 41.3956614 ], [ 2.155637, 41.3956076 ], [ 2.1556638, 41.395562 ], [ 2.1556097, 41.3955488 ], [ 2.1555235, 41.3955277 ], [ 2.1554885, 41.3955191 ], [ 2.1554327, 41.3955053 ], [ 2.1553217, 41.3954795 ], [ 2.1550156, 41.3953995 ], [ 2.1549764, 41.3953896 ], [ 2.154918, 41.3953749 ], [ 2.1547106, 41.3953225 ], [ 2.1545312, 41.3952766 ], [ 2.1544991, 41.3952685 ], [ 2.1532039, 41.3949402 ], [ 2.1531484, 41.3949261 ], [ 2.1530954, 41.394912 ], [ 2.1530474, 41.3948998 ], [ 2.1515715, 41.3945236 ], [ 2.1515113, 41.3945083 ], [ 2.1513026, 41.3944543 ], [ 2.1511118, 41.3944065 ], [ 2.1510815, 41.394399 ], [ 2.1509755, 41.3943729 ], [ 2.1504742, 41.3942481 ], [ 2.1504411, 41.3942399 ], [ 2.1498589, 41.394094 ], [ 2.1498079, 41.3940812 ], [ 2.1496249, 41.3940367 ], [ 2.1494187, 41.3939838 ], [ 2.1493841, 41.3939748 ], [ 2.1481776, 41.393668 ], [ 2.1481276, 41.3936553 ], [ 2.1479156, 41.3936 ], [ 2.1477231, 41.3935538 ], [ 2.1476713, 41.3935407 ], [ 2.1464255, 41.3932262 ], [ 2.1462577, 41.3931826 ], [ 2.1460772, 41.3931369 ], [ 2.1459331, 41.3931005 ], [ 2.1458119, 41.3930707 ], [ 2.1457538, 41.3930564 ], [ 2.1456004, 41.3930171 ], [ 2.1455482, 41.3930039 ], [ 2.1453337, 41.3929451 ], [ 2.1452046, 41.3929258 ], [ 2.1451608, 41.3929192 ], [ 2.1451053, 41.3929126 ], [ 2.1450581, 41.3929087 ], [ 2.1450117, 41.3929073 ], [ 2.1449218, 41.3929221 ], [ 2.1448566, 41.3928846 ], [ 2.1444956, 41.3926972 ], [ 2.1441103, 41.3924948 ], [ 2.1439136, 41.3925038 ], [ 2.1437709, 41.3925002 ], [ 2.143694, 41.3924807 ], [ 2.143662, 41.3924726 ], [ 2.1436039, 41.3924578 ], [ 2.1433677, 41.3923979 ], [ 2.1428813, 41.3922744 ], [ 2.1421647, 41.3920925 ], [ 2.1419375, 41.3920348 ], [ 2.1415136, 41.3919272 ], [ 2.1412186, 41.3918523 ], [ 2.1406307, 41.391703 ], [ 2.1400511, 41.3915559 ], [ 2.1400036, 41.3915439 ], [ 2.1397892, 41.3914894 ], [ 2.1397244, 41.391473 ], [ 2.1393629, 41.3913812 ], [ 2.1388032, 41.3912391 ], [ 2.138347, 41.3913062 ], [ 2.13831, 41.3913117 ], [ 2.1382012, 41.3913263 ], [ 2.1378859, 41.3913748 ], [ 2.1376557, 41.3914073 ], [ 2.1373707, 41.3914531 ], [ 2.1370149, 41.3915096 ], [ 2.136742, 41.3915539 ], [ 2.1366942, 41.3915601 ], [ 2.1365082, 41.391592 ], [ 2.1364065, 41.3916062 ], [ 2.1362778, 41.3916269 ], [ 2.1362403, 41.3916317 ], [ 2.1361294, 41.3916487 ], [ 2.1349757, 41.3918258 ], [ 2.1345945, 41.3918843 ], [ 2.1342515, 41.3919374 ], [ 2.134222, 41.3919414 ], [ 2.1341815, 41.3919476 ], [ 2.1334666, 41.3920574 ], [ 2.133243, 41.3920917 ], [ 2.1332054, 41.3920975 ], [ 2.1330679, 41.3921186 ], [ 2.1327291, 41.3921705 ], [ 2.1324011, 41.3922209 ], [ 2.1321431, 41.3922605 ], [ 2.1320997, 41.3922671 ], [ 2.1318466, 41.392306 ], [ 2.1308032, 41.392459 ], [ 2.1307197, 41.3924712 ], [ 2.1306721, 41.3924782 ], [ 2.1306198, 41.3924859 ], [ 2.1305254, 41.3925002 ], [ 2.1302733, 41.3925384 ], [ 2.130263, 41.3925811 ], [ 2.1302413, 41.3926146 ], [ 2.1302082, 41.3926412 ], [ 2.1301599, 41.3926706 ], [ 2.1300958, 41.3926909 ], [ 2.1300274, 41.3926988 ], [ 2.1299594, 41.3927035 ], [ 2.1298646, 41.3926972 ], [ 2.129799, 41.3926819 ], [ 2.1297305, 41.3926438 ], [ 2.1296599, 41.3926045 ], [ 2.1296402, 41.3925848 ], [ 2.1295941, 41.392514 ], [ 2.1294025, 41.392415 ], [ 2.1293619, 41.3923945 ], [ 2.1293157, 41.39237 ], [ 2.1291721, 41.3923357 ], [ 2.1290979, 41.3923189 ], [ 2.128893, 41.3922761 ], [ 2.1282944, 41.3921229 ], [ 2.1272238, 41.3918578 ], [ 2.1270892, 41.3918245 ], [ 2.1269487, 41.3917895 ], [ 2.1258687, 41.39152 ], [ 2.1257143, 41.3914815 ], [ 2.1255824, 41.3914486 ], [ 2.1254165, 41.3914088 ], [ 2.1250241, 41.3913148 ], [ 2.1243354, 41.3911497 ], [ 2.1239248, 41.3910405 ], [ 2.1236762, 41.3909745 ], [ 2.123638, 41.3909643 ], [ 2.1233422, 41.3908877 ], [ 2.1231342, 41.3908347 ], [ 2.1224724, 41.3906703 ], [ 2.1222107, 41.3906063 ], [ 2.1221769, 41.3905984 ], [ 2.1216044, 41.390378 ], [ 2.1210087, 41.3901453 ], [ 2.1208881, 41.390098 ], [ 2.1208473, 41.3902279 ], [ 2.1208241, 41.3903018 ], [ 2.1207215, 41.3905446 ], [ 2.1205718, 41.3907541 ], [ 2.1203927, 41.3909568 ], [ 2.1203355, 41.391003 ], [ 2.1201753, 41.3911324 ], [ 2.1199061, 41.3913337 ], [ 2.1197, 41.3914284 ], [ 2.1196229, 41.3914639 ], [ 2.1193494, 41.3915625 ], [ 2.1189909, 41.391676 ], [ 2.118837, 41.3917063 ], [ 2.1186975, 41.3917384 ], [ 2.1182036, 41.3918435 ], [ 2.1181182, 41.3918634 ], [ 2.1180329, 41.3918931 ], [ 2.1178871, 41.3919699 ], [ 2.117652, 41.3921399 ], [ 2.1175574, 41.3922087 ], [ 2.1176548, 41.3922874 ], [ 2.1178226, 41.3924255 ], [ 2.1179448, 41.392545 ], [ 2.1180494, 41.3926682 ], [ 2.1181214, 41.3927742 ], [ 2.1182114, 41.3929106 ], [ 2.118269, 41.3930157 ], [ 2.1183203, 41.3931242 ], [ 2.1183911, 41.3933125 ], [ 2.1183996, 41.3934432 ], [ 2.1184147, 41.3935693 ], [ 2.1184219, 41.3937063 ], [ 2.1184259, 41.3938686 ], [ 2.1184164, 41.3940154 ], [ 2.1184757, 41.3941002 ], [ 2.1184558, 41.3942206 ], [ 2.1184374, 41.3943102 ], [ 2.1184097, 41.3944068 ], [ 2.1183733, 41.3945099 ], [ 2.1183182, 41.3946198 ], [ 2.1182619, 41.3947122 ], [ 2.1181757, 41.3948293 ], [ 2.1181146, 41.3949023 ], [ 2.1180307, 41.3949893 ], [ 2.1179258, 41.3950787 ], [ 2.1177988, 41.3951715 ], [ 2.1176992, 41.39524 ], [ 2.1175599, 41.3953178 ], [ 2.1174441, 41.3953652 ], [ 2.1173177, 41.3954116 ], [ 2.1171898, 41.3954519 ], [ 2.1166793, 41.3955638 ], [ 2.116495, 41.3956024 ], [ 2.1161288, 41.3956968 ], [ 2.1158727, 41.3957873 ], [ 2.1157659, 41.3957912 ], [ 2.1156649, 41.3958318 ], [ 2.1152638, 41.3960502 ], [ 2.1149643, 41.3962293 ], [ 2.1147552, 41.3963453 ], [ 2.1146058, 41.3964319 ], [ 2.1140793, 41.396707 ], [ 2.1139699, 41.3967642 ], [ 2.1138598, 41.3968294 ], [ 2.1132544, 41.3971882 ], [ 2.1131293, 41.3972621 ], [ 2.1130974, 41.3972417 ], [ 2.113044, 41.3972075 ], [ 2.1130111, 41.3971867 ], [ 2.1127489, 41.3970365 ], [ 2.1126745, 41.3969858 ], [ 2.1125917, 41.3969156 ], [ 2.1123285, 41.3966643 ], [ 2.1121032, 41.3964681 ], [ 2.1120485, 41.3964324 ], [ 2.1119655, 41.3963827 ], [ 2.1117695, 41.3962578 ], [ 2.1112143, 41.3959657 ], [ 2.1111939, 41.3959552 ], [ 2.1110304, 41.3958718 ], [ 2.1110219, 41.3958674 ], [ 2.1109885, 41.3958504 ], [ 2.1107254, 41.3958243 ], [ 2.1105604, 41.3958537 ], [ 2.1104692, 41.395825 ], [ 2.1103529, 41.3958267 ], [ 2.1102171, 41.3958924 ], [ 2.110076, 41.3959903 ], [ 2.1099404, 41.3961125 ], [ 2.1099362, 41.3961751 ], [ 2.1098569, 41.396252 ], [ 2.1092, 41.3972538 ], [ 2.1091482, 41.3973329 ], [ 2.1090977, 41.3974078 ], [ 2.1090034, 41.3975479 ], [ 2.1087716, 41.3978919 ], [ 2.108687, 41.3980176 ], [ 2.1086369, 41.3981465 ], [ 2.1087148, 41.3983681 ], [ 2.1084559, 41.398602 ], [ 2.1082016, 41.398939 ], [ 2.1078608, 41.3992981 ], [ 2.1073372, 41.3995537 ], [ 2.1069232, 41.3999757 ], [ 2.1063994, 41.4002125 ], [ 2.1060345, 41.4002593 ], [ 2.1054735, 41.4005951 ], [ 2.1051136, 41.4006757 ], [ 2.1048505, 41.4007822 ], [ 2.1044241, 41.4008385 ], [ 2.1034053, 41.4011423 ], [ 2.1029066, 41.4011406 ], [ 2.1037164, 41.4032638 ], [ 2.1037384, 41.403848 ], [ 2.1036102, 41.4041959 ], [ 2.1031666, 41.4046388 ], [ 2.1016982, 41.4052803 ], [ 2.1015378, 41.4055215 ], [ 2.1014324, 41.4069217 ], [ 2.1009881, 41.4076617 ], [ 2.1006805, 41.4080085 ], [ 2.1001029, 41.4084213 ], [ 2.0988489, 41.4089002 ], [ 2.0986341, 41.4089302 ], [ 2.098565, 41.4089399 ], [ 2.0972596, 41.4087638 ], [ 2.0968585, 41.4085295 ], [ 2.0966146, 41.4084683 ], [ 2.0961623, 41.4081913 ], [ 2.0956611, 41.4080515 ], [ 2.0945905, 41.407973 ], [ 2.0918594, 41.4083733 ], [ 2.0906271, 41.4084708 ], [ 2.0901343, 41.4086323 ], [ 2.0897697, 41.4085651 ], [ 2.088988, 41.4086628 ], [ 2.0879337, 41.4089436 ], [ 2.0862821, 41.4096921 ], [ 2.0858075, 41.4097402 ], [ 2.0839063, 41.4094373 ], [ 2.0835592, 41.4086694 ], [ 2.0832527, 41.4083596 ], [ 2.0817673, 41.4068581 ], [ 2.0815108, 41.4067884 ], [ 2.0804228, 41.4061793 ], [ 2.0802279, 41.4058278 ], [ 2.0801459, 41.4053903 ], [ 2.0797555, 41.4045253 ], [ 2.0794898, 41.4043389 ], [ 2.0789325, 41.4036343 ], [ 2.0785407, 41.4032836 ], [ 2.0784054, 41.4031625 ], [ 2.0778699, 41.4030421 ], [ 2.0775692, 41.4031725 ] ] ], [ [ [ 2.0552726, 41.4144659 ], [ 2.055623, 41.4149726 ], [ 2.0559994, 41.4151991 ], [ 2.0561437, 41.4154605 ], [ 2.0562082, 41.4155771 ], [ 2.0566014, 41.4157128 ], [ 2.0568524, 41.4158638 ], [ 2.0568226, 41.4167114 ], [ 2.0572063, 41.4184141 ], [ 2.0568659, 41.4191134 ], [ 2.0563886, 41.4205119 ], [ 2.0564754, 41.4210123 ], [ 2.0564178, 41.421348 ], [ 2.0561954, 41.4217179 ], [ 2.0558482, 41.4220213 ], [ 2.0552605, 41.4223083 ], [ 2.0546833, 41.4224238 ], [ 2.0544203, 41.4227325 ], [ 2.0539385, 41.4228437 ], [ 2.0532286, 41.4235592 ], [ 2.0525988, 41.423767 ], [ 2.0524977, 41.4241586 ], [ 2.0532246, 41.4247388 ], [ 2.054019, 41.4249559 ], [ 2.0559333, 41.4251147 ], [ 2.056572, 41.4254827 ], [ 2.0579748, 41.4264472 ], [ 2.0578463, 41.4271011 ], [ 2.0578483, 41.4274342 ], [ 2.0584321, 41.4284798 ], [ 2.0586458, 41.4292267 ], [ 2.058691, 41.4304221 ], [ 2.0583875, 41.4319031 ], [ 2.0578549, 41.433052 ], [ 2.0577626, 41.4344786 ], [ 2.0574167, 41.4347999 ], [ 2.0573829, 41.4352876 ], [ 2.057511, 41.4358582 ], [ 2.0578575, 41.4358519 ], [ 2.0594434, 41.4351941 ], [ 2.0596049, 41.4346314 ], [ 2.0602636, 41.4340261 ], [ 2.0612694, 41.4337297 ], [ 2.0618916, 41.4334231 ], [ 2.0623411, 41.4333583 ], [ 2.0626777, 41.4333794 ], [ 2.0631181, 41.4335041 ], [ 2.0630572, 41.4330296 ], [ 2.0635271, 41.4330719 ], [ 2.0634305, 41.4324459 ], [ 2.0632657, 41.4323271 ], [ 2.0634763, 41.4311924 ], [ 2.0643757, 41.4299913 ], [ 2.0657691, 41.4300648 ], [ 2.0660973, 41.4299783 ], [ 2.0664887, 41.429781 ], [ 2.0675827, 41.4295436 ], [ 2.0677925, 41.4288591 ], [ 2.0667822, 41.4275622 ], [ 2.0667444, 41.4273838 ], [ 2.0668385, 41.4264433 ], [ 2.0673582, 41.4262043 ], [ 2.0679199, 41.4260444 ], [ 2.0695911, 41.4250792 ], [ 2.0695358, 41.4242174 ], [ 2.0692933, 41.4234088 ], [ 2.069757, 41.422605 ], [ 2.0698286, 41.4215304 ], [ 2.0701113, 41.4208607 ], [ 2.0700525, 41.420107 ], [ 2.0701431, 41.4194278 ], [ 2.0708402, 41.4185506 ], [ 2.0702891, 41.4183859 ], [ 2.0685243, 41.4184549 ], [ 2.0675687, 41.418164 ], [ 2.0657966, 41.4180644 ], [ 2.0648796, 41.4180165 ], [ 2.064471, 41.4180127 ], [ 2.0640601, 41.4181118 ], [ 2.0646226, 41.4173487 ], [ 2.0647883, 41.4167112 ], [ 2.0649601, 41.4163075 ], [ 2.0646392, 41.4154123 ], [ 2.0639861, 41.4140906 ], [ 2.0636182, 41.4135126 ], [ 2.0626226, 41.4136286 ], [ 2.0619762, 41.4136211 ], [ 2.0614618, 41.4128515 ], [ 2.0609928, 41.4126651 ], [ 2.0605245, 41.4126407 ], [ 2.0590816, 41.4128484 ], [ 2.0585081, 41.4128557 ], [ 2.059006, 41.4123386 ], [ 2.059065, 41.4121739 ], [ 2.0587752, 41.4109082 ], [ 2.0576234, 41.4105538 ], [ 2.057024, 41.4105353 ], [ 2.056562, 41.4105916 ], [ 2.0562401, 41.4107589 ], [ 2.0556818, 41.4114227 ], [ 2.0552181, 41.4120734 ], [ 2.0547371, 41.4140393 ], [ 2.0552726, 41.4144659 ] ] ] ] } },
{ "type": "Feature", "properties": { "distrito": "Gràcia", "admin_level": "9" }, "geometry": { "type": "Polygon", "coordinates": [ [ [ 2.1297176, 41.4196157 ], [ 2.129758, 41.4196606 ], [ 2.1297875, 41.4197075 ], [ 2.129901, 41.4199741 ], [ 2.129924, 41.4200056 ], [ 2.1299558, 41.4200324 ], [ 2.1299948, 41.4200531 ], [ 2.1300343, 41.4200657 ], [ 2.1300764, 41.420072 ], [ 2.1301194, 41.4200717 ], [ 2.1301613, 41.420065 ], [ 2.1302006, 41.420052 ], [ 2.1303432, 41.4200156 ], [ 2.1304632, 41.4199759 ], [ 2.1305027, 41.4199624 ], [ 2.1305395, 41.4199451 ], [ 2.1305728, 41.4199243 ], [ 2.1306104, 41.4198922 ], [ 2.13064, 41.4198558 ], [ 2.1306879, 41.4197824 ], [ 2.1308064, 41.4195251 ], [ 2.1308265, 41.4194859 ], [ 2.1308577, 41.419451 ], [ 2.1308983, 41.4194221 ], [ 2.1309465, 41.4194007 ], [ 2.1309998, 41.4193878 ], [ 2.131056, 41.419384 ], [ 2.1311119, 41.4193897 ], [ 2.1311646, 41.4194046 ], [ 2.1312117, 41.419428 ], [ 2.1313636, 41.4195178 ], [ 2.1313797, 41.4195273 ], [ 2.1315456, 41.4196116 ], [ 2.1316999, 41.4196739 ], [ 2.1318399, 41.419715 ], [ 2.1318708, 41.4197241 ], [ 2.1320915, 41.419804 ], [ 2.1321307, 41.4198326 ], [ 2.1321635, 41.4198654 ], [ 2.1321885, 41.4199005 ], [ 2.1322062, 41.4199381 ], [ 2.1322077, 41.4199759 ], [ 2.1321871, 41.420012 ], [ 2.1320506, 41.4201741 ], [ 2.1318596, 41.4204181 ], [ 2.1316557, 41.4206822 ], [ 2.1315771, 41.420775 ], [ 2.1314818, 41.4208723 ], [ 2.1313571, 41.4209864 ], [ 2.131304, 41.4210423 ], [ 2.1312756, 41.4210888 ], [ 2.131259, 41.4211349 ], [ 2.1312292, 41.421254 ], [ 2.1312265, 41.4212799 ], [ 2.1312312, 41.4213056 ], [ 2.1312388, 41.421321 ], [ 2.1312432, 41.42133 ], [ 2.1312618, 41.4213519 ], [ 2.1312926, 41.4213738 ], [ 2.13133, 41.4213889 ], [ 2.1313713, 41.4213962 ], [ 2.1316105, 41.4214026 ], [ 2.1318584, 41.4214265 ], [ 2.1324312, 41.4215067 ], [ 2.1325977, 41.4215109 ], [ 2.1327236, 41.4215049 ], [ 2.1327626, 41.4215282 ], [ 2.1328269, 41.4215666 ], [ 2.1329093, 41.4216444 ], [ 2.1330889, 41.4217853 ], [ 2.133134, 41.4218061 ], [ 2.1331828, 41.4218213 ], [ 2.1332342, 41.4218307 ], [ 2.133279, 41.421834 ], [ 2.1333241, 41.4218328 ], [ 2.1333685, 41.4218271 ], [ 2.1335718, 41.4217829 ], [ 2.1336351, 41.4217786 ], [ 2.1336988, 41.421779 ], [ 2.1337657, 41.4217844 ], [ 2.1338315, 41.421795 ], [ 2.1341091, 41.4218744 ], [ 2.1341865, 41.4218873 ], [ 2.1343014, 41.4218965 ], [ 2.1344149, 41.4219002 ], [ 2.1345873, 41.4218955 ], [ 2.1346253, 41.4218916 ], [ 2.1346613, 41.4218816 ], [ 2.1346925, 41.4218667 ], [ 2.1347189, 41.4218473 ], [ 2.1351726, 41.421424 ], [ 2.135197, 41.4214051 ], [ 2.1352258, 41.4213901 ], [ 2.135258, 41.4213797 ], [ 2.1352908, 41.4213742 ], [ 2.1353243, 41.4213735 ], [ 2.1353798, 41.4213839 ], [ 2.1353263, 41.4214959 ], [ 2.135292, 41.4215489 ], [ 2.1352361, 41.4216459 ], [ 2.1352247, 41.421763 ], [ 2.135215, 41.4220171 ], [ 2.1351044, 41.4220299 ], [ 2.1350685, 41.4220346 ], [ 2.1350333, 41.422051 ], [ 2.1349201, 41.4220781 ], [ 2.1347084, 41.422291 ], [ 2.1345685, 41.4223738 ], [ 2.1344552, 41.4224671 ], [ 2.1343311, 41.4225458 ], [ 2.1342648, 41.4226243 ], [ 2.1342369, 41.4226872 ], [ 2.1342325, 41.4227564 ], [ 2.1342505, 41.4228878 ], [ 2.134281, 41.4230124 ], [ 2.134322, 41.4231254 ], [ 2.1343801, 41.4232319 ], [ 2.1345282, 41.4233733 ], [ 2.1346571, 41.4236147 ], [ 2.1347793, 41.4235877 ], [ 2.1348294, 41.4236968 ], [ 2.1349002, 41.42376 ], [ 2.1350421, 41.4238593 ], [ 2.1352017, 41.4240171 ], [ 2.1353395, 41.4242156 ], [ 2.1353514, 41.4243319 ], [ 2.1353514, 41.4244259 ], [ 2.1351607, 41.4245731 ], [ 2.1350577, 41.4247018 ], [ 2.1351105, 41.4248532 ], [ 2.1351332, 41.4248921 ], [ 2.1358322, 41.4246586 ], [ 2.135896, 41.4246281 ], [ 2.1359547, 41.4245924 ], [ 2.1360076, 41.4245518 ], [ 2.1360574, 41.4245033 ], [ 2.1360988, 41.4244505 ], [ 2.1361335, 41.4243948 ], [ 2.1361511, 41.4243482 ], [ 2.136162, 41.4243005 ], [ 2.1361661, 41.4242521 ], [ 2.1361606, 41.4238572 ], [ 2.1361668, 41.4238187 ], [ 2.1361796, 41.4237759 ], [ 2.1362009, 41.4237351 ], [ 2.1362303, 41.4236972 ], [ 2.1362669, 41.423663 ], [ 2.1363091, 41.4236358 ], [ 2.1363558, 41.4236136 ], [ 2.1364055, 41.4235966 ], [ 2.1364576, 41.4235834 ], [ 2.1365153, 41.4235735 ], [ 2.1369831, 41.4235386 ], [ 2.1370642, 41.423527 ], [ 2.1371442, 41.4235116 ], [ 2.1372607, 41.423482 ], [ 2.1373642, 41.4234481 ], [ 2.1374679, 41.4234059 ], [ 2.1375727, 41.4233547 ], [ 2.1376715, 41.4232971 ], [ 2.1377774, 41.4232169 ], [ 2.1378742, 41.4231306 ], [ 2.1379446, 41.4230574 ], [ 2.1380084, 41.4229809 ], [ 2.1380619, 41.4229033 ], [ 2.1381082, 41.4228232 ], [ 2.1381753, 41.4226626 ], [ 2.1381797, 41.4225893 ], [ 2.1381933, 41.4225522 ], [ 2.1382424, 41.4224274 ], [ 2.1383516, 41.4221496 ], [ 2.13839, 41.4220519 ], [ 2.1383968, 41.4220309 ], [ 2.1384037, 41.4220094 ], [ 2.1384244, 41.4219454 ], [ 2.1384388, 41.4218903 ], [ 2.1384442, 41.421834 ], [ 2.1384419, 41.4217838 ], [ 2.1384306, 41.4217343 ], [ 2.1384132, 41.4216921 ], [ 2.1383893, 41.4216518 ], [ 2.1383509, 41.4216043 ], [ 2.1382993, 41.4215584 ], [ 2.1382572, 41.4215288 ], [ 2.1382115, 41.4215023 ], [ 2.1381626, 41.4214793 ], [ 2.1379556, 41.4213969 ], [ 2.1378575, 41.4213606 ], [ 2.1378001, 41.4213329 ], [ 2.1377527, 41.4212995 ], [ 2.1377205, 41.421267 ], [ 2.1376955, 41.4212312 ], [ 2.1376781, 41.421193 ], [ 2.1376688, 41.4211531 ], [ 2.1376679, 41.4211127 ], [ 2.1376755, 41.4210721 ], [ 2.1376915, 41.4210329 ], [ 2.1377155, 41.4209961 ], [ 2.1377469, 41.4209626 ], [ 2.1377907, 41.4209313 ], [ 2.1378375, 41.4209069 ], [ 2.1379421, 41.420867 ], [ 2.1384954, 41.4206894 ], [ 2.138694, 41.4206272 ], [ 2.1387171, 41.42062 ], [ 2.1388671, 41.4205665 ], [ 2.1399313, 41.4202708 ], [ 2.1399864, 41.4203832 ], [ 2.1399953, 41.420401 ], [ 2.1400453, 41.4205009 ], [ 2.1400711, 41.4204774 ], [ 2.1401177, 41.4204471 ], [ 2.1401474, 41.4204384 ], [ 2.1401851, 41.4204314 ], [ 2.1401983, 41.4204313 ], [ 2.1402382, 41.4204369 ], [ 2.1402903, 41.4204545 ], [ 2.1403184, 41.4205161 ], [ 2.1405827, 41.4210645 ], [ 2.1406642, 41.4211929 ], [ 2.1407904, 41.4212424 ], [ 2.1409453, 41.4213031 ], [ 2.1409778, 41.4213093 ], [ 2.141012, 41.421319 ], [ 2.1417759, 41.4215344 ], [ 2.1418734, 41.4215515 ], [ 2.1419728, 41.4215451 ], [ 2.1420781, 41.4215174 ], [ 2.1421585, 41.4214716 ], [ 2.1422542, 41.4213994 ], [ 2.1430007, 41.4208362 ], [ 2.1431897, 41.4206891 ], [ 2.1432496, 41.4206437 ], [ 2.1433484, 41.4205675 ], [ 2.1436948, 41.4203005 ], [ 2.1438142, 41.4202005 ], [ 2.1438509, 41.42016 ], [ 2.1439165, 41.4201689 ], [ 2.1439837, 41.4201748 ], [ 2.1440836, 41.4202011 ], [ 2.1442397, 41.4203259 ], [ 2.1444586, 41.4205192 ], [ 2.1445425, 41.4206035 ], [ 2.1446468, 41.420737 ], [ 2.1447122, 41.4208121 ], [ 2.1448043, 41.4208351 ], [ 2.1449822, 41.4208704 ], [ 2.1451643, 41.4209134 ], [ 2.1453627, 41.4209578 ], [ 2.1454098, 41.4209643 ], [ 2.1455529, 41.4209839 ], [ 2.145782, 41.4210131 ], [ 2.1458524, 41.4210194 ], [ 2.1460725, 41.4210391 ], [ 2.1463118, 41.4210284 ], [ 2.1468397, 41.4212288 ], [ 2.1477756, 41.4215833 ], [ 2.1478764, 41.4216215 ], [ 2.1479686, 41.4216191 ], [ 2.1480955, 41.4216105 ], [ 2.14886, 41.4216292 ], [ 2.1491052, 41.4216311 ], [ 2.1492201, 41.421637 ], [ 2.149415, 41.4216336 ], [ 2.1494658, 41.4216101 ], [ 2.1494784, 41.4212331 ], [ 2.1494878, 41.420946 ], [ 2.1494913, 41.4208391 ], [ 2.1494948, 41.4206558 ], [ 2.1493802, 41.4205172 ], [ 2.1493527, 41.4204853 ], [ 2.1493371, 41.4204678 ], [ 2.1492456, 41.4203648 ], [ 2.1493908, 41.4203575 ], [ 2.1494331, 41.4203555 ], [ 2.1496072, 41.4203474 ], [ 2.149813, 41.4203357 ], [ 2.1500134, 41.4203167 ], [ 2.1501999, 41.420298 ], [ 2.1503897, 41.4202785 ], [ 2.1509861, 41.4202066 ], [ 2.1510919, 41.4201984 ], [ 2.1513999, 41.4201771 ], [ 2.1515152, 41.4201771 ], [ 2.1515477, 41.4201789 ], [ 2.1515972, 41.42018 ], [ 2.1517976, 41.4201746 ], [ 2.1517782, 41.4201485 ], [ 2.1517502, 41.420031 ], [ 2.1517249, 41.4199227 ], [ 2.1516969, 41.4198518 ], [ 2.1516822, 41.4198046 ], [ 2.1516784, 41.4197566 ], [ 2.1516657, 41.4195357 ], [ 2.1516526, 41.4194128 ], [ 2.1516502, 41.4193898 ], [ 2.15164, 41.4192935 ], [ 2.1516025, 41.4191811 ], [ 2.1515589, 41.4190504 ], [ 2.1515115, 41.418959 ], [ 2.1514448, 41.4188538 ], [ 2.1512918, 41.4186576 ], [ 2.1512342, 41.4185881 ], [ 2.1512723, 41.4185652 ], [ 2.1512775, 41.4185341 ], [ 2.151251, 41.4184869 ], [ 2.1511739, 41.4183755 ], [ 2.1511132, 41.4182761 ], [ 2.1510657, 41.4181801 ], [ 2.1510033, 41.4180425 ], [ 2.1509713, 41.4179632 ], [ 2.1509659, 41.4179234 ], [ 2.1509723, 41.4178829 ], [ 2.1509953, 41.4178277 ], [ 2.1510253, 41.4177812 ], [ 2.1510616, 41.417741 ], [ 2.1511103, 41.4177074 ], [ 2.1511656, 41.4176805 ], [ 2.1512301, 41.4176591 ], [ 2.1512818, 41.4176476 ], [ 2.1513069, 41.4176434 ], [ 2.1514871, 41.4176204 ], [ 2.1515855, 41.417602 ], [ 2.1516621, 41.4175845 ], [ 2.1517334, 41.4175657 ], [ 2.1517978, 41.4175417 ], [ 2.1518561, 41.417511 ], [ 2.1519267, 41.4174632 ], [ 2.152077, 41.4173515 ], [ 2.1522166, 41.4172469 ], [ 2.15231, 41.4171739 ], [ 2.152571, 41.4169867 ], [ 2.152636, 41.4169361 ], [ 2.1526882, 41.4168898 ], [ 2.1527278, 41.4168363 ], [ 2.1527527, 41.4167649 ], [ 2.1529914, 41.4165833 ], [ 2.1530165, 41.4165662 ], [ 2.1530402, 41.4165501 ], [ 2.1531751, 41.4164582 ], [ 2.1536002, 41.4160995 ], [ 2.1536888, 41.4160096 ], [ 2.1546997, 41.4151959 ], [ 2.1547396, 41.4151648 ], [ 2.1548322, 41.4151898 ], [ 2.1551344, 41.4152181 ], [ 2.1552291, 41.4152601 ], [ 2.1552876, 41.4152068 ], [ 2.1553257, 41.4151797 ], [ 2.1553775, 41.4151526 ], [ 2.1554263, 41.4151329 ], [ 2.1554874, 41.4151127 ], [ 2.1556241, 41.4150992 ], [ 2.1557247, 41.4151042 ], [ 2.1558233, 41.4151223 ], [ 2.1558829, 41.4151404 ], [ 2.1559453, 41.4151631 ], [ 2.1560016, 41.4151917 ], [ 2.1560566, 41.4152269 ], [ 2.1561685, 41.4153036 ], [ 2.1564361, 41.4154874 ], [ 2.1566479, 41.4156297 ], [ 2.1566871, 41.4157162 ], [ 2.1567049, 41.4157554 ], [ 2.156776, 41.4158771 ], [ 2.1568192, 41.4159437 ], [ 2.1571447, 41.4164457 ], [ 2.1571796, 41.4164885 ], [ 2.1572265, 41.4165247 ], [ 2.1572534, 41.4165402 ], [ 2.1572862, 41.4165553 ], [ 2.1573325, 41.4165659 ], [ 2.1573808, 41.4165699 ], [ 2.1574558, 41.4165669 ], [ 2.1574981, 41.4165599 ], [ 2.1575369, 41.4165465 ], [ 2.1575852, 41.4165146 ], [ 2.1576201, 41.4164774 ], [ 2.1576523, 41.4164276 ], [ 2.1577167, 41.4163054 ], [ 2.1577602, 41.4162099 ], [ 2.1578226, 41.4160721 ], [ 2.1578574, 41.4159832 ], [ 2.1578816, 41.4159213 ], [ 2.1579835, 41.4157478 ], [ 2.1581022, 41.4155588 ], [ 2.1582121, 41.4154034 ], [ 2.1583382, 41.41524 ], [ 2.1584347, 41.4151314 ], [ 2.1584637, 41.4150981 ], [ 2.1585675, 41.4149785 ], [ 2.1586446, 41.4148991 ], [ 2.1586664, 41.4148764 ], [ 2.1587056, 41.4148357 ], [ 2.158843, 41.4147075 ], [ 2.158932, 41.4146468 ], [ 2.1589804, 41.4146103 ], [ 2.1591464, 41.4144742 ], [ 2.1592046, 41.4144354 ], [ 2.1592477, 41.4144078 ], [ 2.1593258, 41.4143652 ], [ 2.1595234, 41.4142425 ], [ 2.1596342, 41.4141842 ], [ 2.1597509, 41.4141277 ], [ 2.1598635, 41.4140762 ], [ 2.1599967, 41.4140191 ], [ 2.160207, 41.4139411 ], [ 2.160318, 41.4139115 ], [ 2.1603888, 41.4138954 ], [ 2.1604571, 41.4138966 ], [ 2.1605159, 41.4139027 ], [ 2.160564, 41.4139114 ], [ 2.1606387, 41.4139413 ], [ 2.1607136, 41.413973 ], [ 2.1607666, 41.4139984 ], [ 2.1608207, 41.4140207 ], [ 2.1609702, 41.4140839 ], [ 2.1610506, 41.4141025 ], [ 2.1610895, 41.4141047 ], [ 2.1611163, 41.4141019 ], [ 2.1611635, 41.4140961 ], [ 2.1613063, 41.4140192 ], [ 2.161368, 41.4139664 ], [ 2.1613895, 41.4139282 ], [ 2.1614242, 41.4138526 ], [ 2.1614363, 41.413828 ], [ 2.1614628, 41.4137347 ], [ 2.1613207, 41.4136296 ], [ 2.1612419, 41.4135782 ], [ 2.1612988, 41.4135116 ], [ 2.1616014, 41.413156 ], [ 2.161919, 41.412787 ], [ 2.1619481, 41.4127532 ], [ 2.1620127, 41.4126842 ], [ 2.1620409, 41.4126536 ], [ 2.1621085, 41.4125793 ], [ 2.1621727, 41.4125065 ], [ 2.1622372, 41.4124343 ], [ 2.1622634, 41.4124049 ], [ 2.1623442, 41.4123049 ], [ 2.1623978, 41.4122384 ], [ 2.162414, 41.4122132 ], [ 2.1628922, 41.4116519 ], [ 2.1631946, 41.4112981 ], [ 2.1635605, 41.4108701 ], [ 2.163705, 41.4107035 ], [ 2.1637642, 41.4106463 ], [ 2.1637931, 41.4106182 ], [ 2.1638125, 41.4105994 ], [ 2.1638382, 41.4105746 ], [ 2.1639165, 41.4105021 ], [ 2.1641031, 41.4103668 ], [ 2.1641459, 41.4103319 ], [ 2.1642813, 41.4102356 ], [ 2.1643321, 41.4101965 ], [ 2.1644535, 41.4101098 ], [ 2.1650884, 41.4096236 ], [ 2.1651478, 41.4095786 ], [ 2.1652355, 41.4095164 ], [ 2.1657801, 41.4091067 ], [ 2.1658125, 41.4090824 ], [ 2.1658678, 41.4090409 ], [ 2.1659312, 41.4089932 ], [ 2.1659491, 41.4089797 ], [ 2.1664852, 41.4085761 ], [ 2.1671273, 41.4080935 ], [ 2.1675601, 41.4077682 ], [ 2.1675772, 41.4077553 ], [ 2.1677461, 41.4076276 ], [ 2.1677978, 41.4075882 ], [ 2.1680077, 41.4074299 ], [ 2.168433, 41.407109 ], [ 2.1684668, 41.407084 ], [ 2.1686751, 41.4069301 ], [ 2.1688492, 41.4067982 ], [ 2.168871, 41.4067817 ], [ 2.1695363, 41.4062764 ], [ 2.169571, 41.4062503 ], [ 2.1697697, 41.4061008 ], [ 2.1698152, 41.4060666 ], [ 2.1699746, 41.4059432 ], [ 2.1700176, 41.4059108 ], [ 2.1704587, 41.4055792 ], [ 2.1706261, 41.405445 ], [ 2.1706373, 41.4054362 ], [ 2.170648, 41.4054278 ], [ 2.1706773, 41.4054065 ], [ 2.1709113, 41.4052311 ], [ 2.1710791, 41.405108 ], [ 2.1711227, 41.4050751 ], [ 2.1718069, 41.4045575 ], [ 2.1718291, 41.4045406 ], [ 2.1720527, 41.4043697 ], [ 2.1718373, 41.404212 ], [ 2.1718181, 41.4041966 ], [ 2.1710994, 41.4036672 ], [ 2.170901, 41.4035224 ], [ 2.1707053, 41.403373 ], [ 2.1706842, 41.4033573 ], [ 2.1705636, 41.4032682 ], [ 2.1702867, 41.4030634 ], [ 2.1702371, 41.4030251 ], [ 2.1699869, 41.402834 ], [ 2.1698077, 41.4026916 ], [ 2.1697614, 41.4026545 ], [ 2.1695767, 41.4025118 ], [ 2.1695608, 41.4024994 ], [ 2.1692472, 41.4022583 ], [ 2.168865, 41.4019727 ], [ 2.1686726, 41.4018319 ], [ 2.1684664, 41.4016768 ], [ 2.1684477, 41.4016632 ], [ 2.1678664, 41.4012273 ], [ 2.1676784, 41.4010843 ], [ 2.1676523, 41.4010649 ], [ 2.1675128, 41.4009612 ], [ 2.1674667, 41.4009269 ], [ 2.1673755, 41.4008591 ], [ 2.1673388, 41.4008318 ], [ 2.1671193, 41.4010125 ], [ 2.1670917, 41.4010316 ], [ 2.1666998, 41.4013319 ], [ 2.1665045, 41.4014792 ], [ 2.166257, 41.4016643 ], [ 2.166154, 41.4017435 ], [ 2.1661242, 41.4016911 ], [ 2.1661061, 41.4016659 ], [ 2.1660673, 41.4016148 ], [ 2.166014, 41.4015758 ], [ 2.1659186, 41.4015051 ], [ 2.1657216, 41.4013534 ], [ 2.1654925, 41.4011756 ], [ 2.1654582, 41.4011499 ], [ 2.1652342, 41.4009816 ], [ 2.1650345, 41.4008294 ], [ 2.1645512, 41.400461 ], [ 2.1643343, 41.4002956 ], [ 2.1643074, 41.4002751 ], [ 2.1640916, 41.4001106 ], [ 2.1639065, 41.3999695 ], [ 2.1634185, 41.3995975 ], [ 2.163195, 41.3994271 ], [ 2.1629609, 41.3992441 ], [ 2.1627284, 41.3990733 ], [ 2.1624039, 41.3988373 ], [ 2.1620824, 41.3985972 ], [ 2.1620467, 41.3985698 ], [ 2.1618256, 41.3983927 ], [ 2.161808, 41.3983797 ], [ 2.1617167, 41.3983078 ], [ 2.1616698, 41.3982703 ], [ 2.1615785, 41.3982034 ], [ 2.1611859, 41.3979158 ], [ 2.1611132, 41.39786 ], [ 2.160962, 41.3977385 ], [ 2.1609478, 41.3977296 ], [ 2.1607972, 41.3976222 ], [ 2.1606375, 41.397508 ], [ 2.1605458, 41.3974418 ], [ 2.160509, 41.3974113 ], [ 2.1603945, 41.3973269 ], [ 2.1601453, 41.3971357 ], [ 2.1598941, 41.3969431 ], [ 2.1598619, 41.3969221 ], [ 2.1598199, 41.396889 ], [ 2.1597886, 41.3968659 ], [ 2.1596746, 41.3967553 ], [ 2.1595526, 41.3967327 ], [ 2.1593728, 41.396702 ], [ 2.1592558, 41.3965486 ], [ 2.158998, 41.3964044 ], [ 2.1589555, 41.396395 ], [ 2.1583322, 41.396238 ], [ 2.1569464, 41.3958891 ], [ 2.1568968, 41.3958768 ], [ 2.1559577, 41.3956355 ], [ 2.155903, 41.3956214 ], [ 2.1558673, 41.395612 ], [ 2.1556638, 41.395562 ], [ 2.155637, 41.3956076 ], [ 2.1556053, 41.3956614 ], [ 2.1555972, 41.395676 ], [ 2.1555452, 41.3957576 ], [ 2.155526, 41.3957898 ], [ 2.1553283, 41.3961206 ], [ 2.1552337, 41.3962598 ], [ 2.1552087, 41.3962952 ], [ 2.1550777, 41.3964689 ], [ 2.1549625, 41.3966228 ], [ 2.1549054, 41.3966891 ], [ 2.154817, 41.3967837 ], [ 2.1544636, 41.3971425 ], [ 2.1544113, 41.3971957 ], [ 2.15437, 41.3972381 ], [ 2.1540233, 41.3975896 ], [ 2.1539777, 41.3976346 ], [ 2.1539276, 41.3976839 ], [ 2.1539068, 41.3977065 ], [ 2.1532965, 41.3983292 ], [ 2.1532576, 41.3983712 ], [ 2.1532431, 41.3984728 ], [ 2.1531701, 41.3985473 ], [ 2.1531514, 41.3985663 ], [ 2.153041, 41.3986782 ], [ 2.1529439, 41.3987778 ], [ 2.1528866, 41.3988342 ], [ 2.1527836, 41.3989397 ], [ 2.1524883, 41.3992386 ], [ 2.1524337, 41.3992933 ], [ 2.1523125, 41.3994177 ], [ 2.1522384, 41.3994937 ], [ 2.1521925, 41.3995398 ], [ 2.1521566, 41.3995761 ], [ 2.1521251, 41.3996082 ], [ 2.1520556, 41.399679 ], [ 2.1519906, 41.3997452 ], [ 2.1517717, 41.399968 ], [ 2.1517026, 41.4000359 ], [ 2.1516304, 41.4000742 ], [ 2.1515936, 41.4001047 ], [ 2.1514712, 41.4002 ], [ 2.1513517, 41.4002976 ], [ 2.1512746, 41.400354 ], [ 2.1511973, 41.4004104 ], [ 2.1511235, 41.4004639 ], [ 2.1511025, 41.4005314 ], [ 2.1510939, 41.4005731 ], [ 2.1510938, 41.4005971 ], [ 2.1510957, 41.4006285 ], [ 2.1511071, 41.4006725 ], [ 2.1511262, 41.4007163 ], [ 2.151141, 41.4007478 ], [ 2.1511588, 41.400781 ], [ 2.1511871, 41.4008496 ], [ 2.1512147, 41.4009642 ], [ 2.1512261, 41.4010614 ], [ 2.1512265, 41.4011203 ], [ 2.1512261, 41.4011332 ], [ 2.1512224, 41.4012098 ], [ 2.1511985, 41.4014001 ], [ 2.1511749, 41.4014636 ], [ 2.1511581, 41.401492 ], [ 2.1511281, 41.4015453 ], [ 2.1510958, 41.4016002 ], [ 2.1509794, 41.4017201 ], [ 2.1508584, 41.4018826 ], [ 2.1508087, 41.4019461 ], [ 2.1507996, 41.4019578 ], [ 2.1505689, 41.402253 ], [ 2.1504168, 41.4024492 ], [ 2.1503948, 41.4024775 ], [ 2.1501463, 41.4027981 ], [ 2.1500518, 41.402924 ], [ 2.1500217, 41.4029685 ], [ 2.1500033, 41.4029957 ], [ 2.1499697, 41.4030422 ], [ 2.1499291, 41.4031312 ], [ 2.1499141, 41.403193 ], [ 2.1499132, 41.4032353 ], [ 2.1499175, 41.4032683 ], [ 2.1499205, 41.4033332 ], [ 2.1499565, 41.4034964 ], [ 2.14996, 41.4035123 ], [ 2.1499877, 41.403634 ], [ 2.1500052, 41.4037248 ], [ 2.1500181, 41.4037648 ], [ 2.150039, 41.4038062 ], [ 2.1500733, 41.4038491 ], [ 2.150117, 41.4038961 ], [ 2.1502436, 41.404013 ], [ 2.1502709, 41.4040424 ], [ 2.1502987, 41.4040784 ], [ 2.1503345, 41.4041345 ], [ 2.1503663, 41.4042003 ], [ 2.1503754, 41.4042588 ], [ 2.1503765, 41.4043213 ], [ 2.1503708, 41.4043709 ], [ 2.1503334, 41.4044867 ], [ 2.1502089, 41.4048082 ], [ 2.15005, 41.4052411 ], [ 2.1500412, 41.4052651 ], [ 2.1499853, 41.4054175 ], [ 2.1499783, 41.4055165 ], [ 2.1499986, 41.4056098 ], [ 2.150025, 41.4057139 ], [ 2.1500343, 41.4057505 ], [ 2.1500512, 41.4058277 ], [ 2.1500717, 41.4059204 ], [ 2.1500727, 41.4059458 ], [ 2.1500732, 41.405959 ], [ 2.1500712, 41.4059738 ], [ 2.1500598, 41.4060605 ], [ 2.1499739, 41.4061381 ], [ 2.149919, 41.4061876 ], [ 2.1498444, 41.406255 ], [ 2.1497343, 41.4063377 ], [ 2.1496238, 41.4064226 ], [ 2.1495944, 41.4064429 ], [ 2.1495251, 41.4064912 ], [ 2.1494377, 41.4065536 ], [ 2.1492987, 41.4066662 ], [ 2.1492743, 41.406686 ], [ 2.1491253, 41.4068067 ], [ 2.1489115, 41.4066668 ], [ 2.1490059, 41.4065826 ], [ 2.1489196, 41.4065264 ], [ 2.1487959, 41.4066229 ], [ 2.1487454, 41.4065899 ], [ 2.1485369, 41.4067621 ], [ 2.148449, 41.4067475 ], [ 2.1483676, 41.4068207 ], [ 2.1484734, 41.4069038 ], [ 2.1483725, 41.4069905 ], [ 2.1486572, 41.407186 ], [ 2.1480663, 41.4076648 ], [ 2.1479979, 41.4077216 ], [ 2.1479802, 41.4077384 ], [ 2.1475724, 41.4081259 ], [ 2.1474882, 41.4082129 ], [ 2.1474757, 41.4082311 ], [ 2.1474043, 41.408314 ], [ 2.1473869, 41.408336 ], [ 2.1471937, 41.4085797 ], [ 2.1471613, 41.4086198 ], [ 2.1471246, 41.4086651 ], [ 2.1467172, 41.4091682 ], [ 2.146341, 41.4096327 ], [ 2.1462959, 41.4096883 ], [ 2.1462718, 41.4097185 ], [ 2.1462592, 41.4097343 ], [ 2.1459687, 41.4100975 ], [ 2.1459207, 41.4101748 ], [ 2.1458599, 41.4103037 ], [ 2.1457571, 41.4105338 ], [ 2.1456958, 41.4106815 ], [ 2.1456731, 41.4107226 ], [ 2.1456549, 41.4107557 ], [ 2.1456215, 41.4108067 ], [ 2.14558, 41.4108494 ], [ 2.1454671, 41.410965 ], [ 2.1454045, 41.4110225 ], [ 2.1453178, 41.4110939 ], [ 2.1452253, 41.4111603 ], [ 2.1451763, 41.4111894 ], [ 2.1451214, 41.4112166 ], [ 2.145031, 41.4112601 ], [ 2.1450067, 41.4112699 ], [ 2.1448849, 41.411314 ], [ 2.1448148, 41.4113316 ], [ 2.1447353, 41.4113502 ], [ 2.1445742, 41.4113714 ], [ 2.1439814, 41.4114163 ], [ 2.1435194, 41.4114587 ], [ 2.1434639, 41.4114638 ], [ 2.1432823, 41.411481 ], [ 2.1431306, 41.411493 ], [ 2.1430979, 41.4114963 ], [ 2.1425004, 41.411556 ], [ 2.1419751, 41.4116085 ], [ 2.1416749, 41.4116432 ], [ 2.140955, 41.4117247 ], [ 2.1408608, 41.4117533 ], [ 2.1408408, 41.4117626 ], [ 2.1407726, 41.4117942 ], [ 2.140686, 41.411852 ], [ 2.1401115, 41.4122932 ], [ 2.140041, 41.4123382 ], [ 2.1400152, 41.4123567 ], [ 2.139928, 41.4124216 ], [ 2.1397202, 41.412595 ], [ 2.1396858, 41.412622 ], [ 2.1387271, 41.4133729 ], [ 2.1386682, 41.413419 ], [ 2.1379792, 41.4139586 ], [ 2.1379306, 41.4139946 ], [ 2.1379164, 41.4140052 ], [ 2.1378192, 41.4140645 ], [ 2.1377272, 41.4141116 ], [ 2.1376499, 41.4141433 ], [ 2.1373992, 41.414256 ], [ 2.137124, 41.4143942 ], [ 2.1369967, 41.4144836 ], [ 2.1369443, 41.4145273 ], [ 2.1367235, 41.4147194 ], [ 2.1363268, 41.415064 ], [ 2.1362144, 41.4151705 ], [ 2.1362031, 41.4151855 ], [ 2.1361593, 41.4152436 ], [ 2.1361236, 41.4153053 ], [ 2.1360963, 41.4153621 ], [ 2.1360757, 41.4154406 ], [ 2.1360707, 41.4155031 ], [ 2.1360714, 41.4155638 ], [ 2.136085, 41.4156577 ], [ 2.1361148, 41.4157556 ], [ 2.136158, 41.4158449 ], [ 2.1362118, 41.4159261 ], [ 2.1362875, 41.4159829 ], [ 2.1362015, 41.416078 ], [ 2.1360904, 41.4161921 ], [ 2.1359396, 41.4163302 ], [ 2.1352802, 41.4169145 ], [ 2.1352358, 41.416953 ], [ 2.1351733, 41.4170065 ], [ 2.1351629, 41.4170155 ], [ 2.1349189, 41.4172245 ], [ 2.134697, 41.4174146 ], [ 2.1342622, 41.4177568 ], [ 2.1341018, 41.4178327 ], [ 2.1339245, 41.4179166 ], [ 2.13367, 41.4179984 ], [ 2.1332181, 41.4181585 ], [ 2.1330649, 41.4182128 ], [ 2.1328114, 41.4182922 ], [ 2.1326854, 41.4183434 ], [ 2.1326606, 41.418355 ], [ 2.1325835, 41.4183983 ], [ 2.1325126, 41.4184424 ], [ 2.1323652, 41.4185419 ], [ 2.1323296, 41.4185613 ], [ 2.1322897, 41.4185754 ], [ 2.1322409, 41.4185844 ], [ 2.1321824, 41.4185831 ], [ 2.1321187, 41.4185741 ], [ 2.1320868, 41.418565 ], [ 2.1320544, 41.4185532 ], [ 2.1320202, 41.4185352 ], [ 2.1319728, 41.4185013 ], [ 2.1318995, 41.4184566 ], [ 2.131739, 41.4183737 ], [ 2.1316546, 41.4183356 ], [ 2.1315654, 41.4183022 ], [ 2.1314505, 41.4182714 ], [ 2.1313327, 41.4182447 ], [ 2.1312587, 41.4182307 ], [ 2.1311843, 41.4182223 ], [ 2.1311084, 41.4182209 ], [ 2.1310316, 41.4182273 ], [ 2.1308662, 41.4182594 ], [ 2.1307196, 41.4182968 ], [ 2.1306645, 41.4183106 ], [ 2.1306072, 41.4183172 ], [ 2.1302928, 41.4187552 ], [ 2.1301645, 41.4193803 ], [ 2.1299896, 41.4196033 ], [ 2.1297176, 41.4196157 ] ] ] } },
{ "type": "Feature", "properties": { "distrito": "Horta-Guinardó", "admin_level": "9" }, "geometry": { "type": "Polygon", "coordinates": [ [ [ 2.1204562, 41.423903 ], [ 2.1204937, 41.4240367 ], [ 2.1205558, 41.424175 ], [ 2.1209183, 41.424761 ], [ 2.1211181, 41.4250881 ], [ 2.1211395, 41.4251233 ], [ 2.1212847, 41.4253623 ], [ 2.1213064, 41.4254103 ], [ 2.1213342, 41.425464 ], [ 2.1213458, 41.4255173 ], [ 2.121346, 41.4255713 ], [ 2.1213347, 41.4256246 ], [ 2.1213123, 41.425676 ], [ 2.1212793, 41.425724 ], [ 2.1212365, 41.4257674 ], [ 2.121187, 41.425804 ], [ 2.1211306, 41.4258344 ], [ 2.1210686, 41.425858 ], [ 2.1210026, 41.4258742 ], [ 2.120934, 41.4258827 ], [ 2.1208645, 41.4258831 ], [ 2.1207957, 41.4258755 ], [ 2.1207157, 41.4258633 ], [ 2.1221105, 41.4271311 ], [ 2.1221635, 41.427804 ], [ 2.1236884, 41.4293925 ], [ 2.1248637, 41.4304924 ], [ 2.1260263, 41.4319504 ], [ 2.1272137, 41.4334395 ], [ 2.1279054, 41.4337147 ], [ 2.1286074, 41.4356371 ], [ 2.1286281, 41.4360503 ], [ 2.128519, 41.4364873 ], [ 2.1293053, 41.4384149 ], [ 2.1293808, 41.4399781 ], [ 2.129817, 41.4408049 ], [ 2.1297497, 41.4413071 ], [ 2.1297417, 41.4413665 ], [ 2.1295722, 41.4416081 ], [ 2.1295266, 41.4416732 ], [ 2.1294115, 41.4419071 ], [ 2.1294119, 41.4420384 ], [ 2.129524, 41.4423106 ], [ 2.1297883, 41.4429525 ], [ 2.129856, 41.443117 ], [ 2.1301566, 41.4435897 ], [ 2.1304416, 41.4438651 ], [ 2.1322426, 41.4445498 ], [ 2.1325689, 41.4447423 ], [ 2.1326085, 41.4448144 ], [ 2.1328188, 41.4451976 ], [ 2.1332774, 41.4456829 ], [ 2.1336247, 41.4458691 ], [ 2.1335946, 41.4459118 ], [ 2.134104, 41.4469063 ], [ 2.1345555, 41.4474713 ], [ 2.1349954, 41.4475867 ], [ 2.1367624, 41.4476876 ], [ 2.1376417, 41.4480624 ], [ 2.1379524, 41.4480575 ], [ 2.1415253, 41.4470871 ], [ 2.1421846, 41.4471026 ], [ 2.1430354, 41.4477217 ], [ 2.1448707, 41.4480805 ], [ 2.1459177, 41.4478535 ], [ 2.1488599, 41.4469292 ], [ 2.1495032, 41.4470444 ], [ 2.1509969, 41.4474725 ], [ 2.1523994, 41.4472024 ], [ 2.1535056, 41.447873 ], [ 2.153541, 41.4487717 ], [ 2.154058, 41.4494057 ], [ 2.1560531, 41.4502703 ], [ 2.1573736, 41.4500219 ], [ 2.1589415, 41.4507081 ], [ 2.1593781, 41.4493342 ], [ 2.159345, 41.4493208 ], [ 2.1593118, 41.4492979 ], [ 2.1592762, 41.4492631 ], [ 2.1592144, 41.4491861 ], [ 2.159138, 41.449075 ], [ 2.159083, 41.448997 ], [ 2.158912, 41.448805 ], [ 2.1587371, 41.4485327 ], [ 2.1583073, 41.4480384 ], [ 2.158103, 41.447858 ], [ 2.157923, 41.4477 ], [ 2.157825, 41.447628 ], [ 2.1576315, 41.4475293 ], [ 2.1575345, 41.4474909 ], [ 2.1574284, 41.4474616 ], [ 2.1571645, 41.4474551 ], [ 2.1571157, 41.4474514 ], [ 2.1570845, 41.4474456 ], [ 2.1570619, 41.4474385 ], [ 2.157045, 41.4474279 ], [ 2.1570332, 41.4474122 ], [ 2.1570299, 41.4473979 ], [ 2.1570317, 41.4473836 ], [ 2.1570435, 41.4473606 ], [ 2.157062, 41.4473376 ], [ 2.1571038, 41.4472996 ], [ 2.1571993, 41.4472445 ], [ 2.1573254, 41.4471872 ], [ 2.1574245, 41.447125 ], [ 2.1574664, 41.4470936 ], [ 2.1575005, 41.4470632 ], [ 2.1575234, 41.4470331 ], [ 2.1575404, 41.4470063 ], [ 2.1575542, 41.446975 ], [ 2.1575613, 41.4469436 ], [ 2.15758, 41.446807 ], [ 2.1576371, 41.4466583 ], [ 2.1576409, 41.4466365 ], [ 2.1576362, 41.4466146 ], [ 2.1576106, 41.4465805 ], [ 2.1574271, 41.4463783 ], [ 2.1572812, 41.446102 ], [ 2.1571824, 41.4459832 ], [ 2.157071, 41.4459597 ], [ 2.1567479, 41.4458997 ], [ 2.1565691, 41.445868 ], [ 2.1562919, 41.4458117 ], [ 2.1562334, 41.4457998 ], [ 2.1560499, 41.445781 ], [ 2.1558554, 41.4457763 ], [ 2.1557252, 41.445734 ], [ 2.1556987, 41.4456808 ], [ 2.1556907, 41.4456646 ], [ 2.1557205, 41.4455835 ], [ 2.1558852, 41.4455576 ], [ 2.1559944, 41.445548 ], [ 2.1561416, 41.4455112 ], [ 2.1561925, 41.4454962 ], [ 2.1562333, 41.4454836 ], [ 2.156316, 41.4454581 ], [ 2.156703, 41.445277 ], [ 2.1569374, 41.4451748 ], [ 2.157038, 41.4451229 ], [ 2.1571118, 41.4450849 ], [ 2.1572154, 41.445055 ], [ 2.1574079, 41.4449896 ], [ 2.1575224, 41.4449447 ], [ 2.1576659, 41.4448439 ], [ 2.1577804, 41.4447554 ], [ 2.1578494, 41.444675 ], [ 2.1579148, 41.4445865 ], [ 2.157972, 41.444452 ], [ 2.1579746, 41.4443255 ], [ 2.1579942, 41.4441848 ], [ 2.158058, 41.444113 ], [ 2.1581428, 41.4440895 ], [ 2.1582542, 41.4440338 ], [ 2.1583246, 41.4439664 ], [ 2.1583735, 41.4438975 ], [ 2.158452, 41.443743 ], [ 2.1584791, 41.443619 ], [ 2.158557, 41.443403 ], [ 2.1585941, 41.4432545 ], [ 2.1587106, 41.4430097 ], [ 2.1587861, 41.442906 ], [ 2.158939, 41.4426938 ], [ 2.1590012, 41.4425978 ], [ 2.1590357, 41.4425447 ], [ 2.1590811, 41.442478 ], [ 2.1591383, 41.4424112 ], [ 2.1591994, 41.442369 ], [ 2.159638, 41.4421329 ], [ 2.1596871, 41.4421011 ], [ 2.1597153, 41.4421568 ], [ 2.1597403, 41.4422015 ], [ 2.1597708, 41.4422421 ], [ 2.159809, 41.4422796 ], [ 2.1598545, 41.4423154 ], [ 2.1599183, 41.4423543 ], [ 2.1599766, 41.4423853 ], [ 2.1599922, 41.4423566 ], [ 2.1601269, 41.4422018 ], [ 2.1604269, 41.4420997 ], [ 2.1613763, 41.4416769 ], [ 2.1614862, 41.4418152 ], [ 2.1615093, 41.4417668 ], [ 2.161551, 41.4417237 ], [ 2.1615975, 41.4416903 ], [ 2.1616651, 41.441655 ], [ 2.1617383, 41.4416211 ], [ 2.161816, 41.4415862 ], [ 2.1621423, 41.4414335 ], [ 2.162255, 41.4413843 ], [ 2.1624187, 41.4413156 ], [ 2.1624232, 41.4412535 ], [ 2.1624345, 41.4410963 ], [ 2.1625409, 41.4409128 ], [ 2.1626227, 41.4407722 ], [ 2.1625552, 41.440782 ], [ 2.1624864, 41.4407901 ], [ 2.1624363, 41.4407929 ], [ 2.1623465, 41.4407918 ], [ 2.1622766, 41.4407853 ], [ 2.1621767, 41.4407703 ], [ 2.16208, 41.4407464 ], [ 2.1619878, 41.4407141 ], [ 2.1619014, 41.4406737 ], [ 2.1618221, 41.4406258 ], [ 2.161776, 41.4405919 ], [ 2.1617334, 41.4405554 ], [ 2.1616947, 41.4405166 ], [ 2.16166, 41.4404757 ], [ 2.1616063, 41.4403706 ], [ 2.1615752, 41.4402544 ], [ 2.1615641, 41.4401964 ], [ 2.1615601, 41.440138 ], [ 2.1615633, 41.4400795 ], [ 2.1615736, 41.4400215 ], [ 2.1615971, 41.4399485 ], [ 2.1616319, 41.4398781 ], [ 2.1616774, 41.4398113 ], [ 2.1617331, 41.4397489 ], [ 2.1617982, 41.4396919 ], [ 2.1618079, 41.4396832 ], [ 2.1618731, 41.4396345 ], [ 2.161953, 41.439581 ], [ 2.1617759, 41.4392502 ], [ 2.1618439, 41.4391623 ], [ 2.161902, 41.4390826 ], [ 2.1620607, 41.438911 ], [ 2.1622691, 41.438722 ], [ 2.1624188, 41.4386005 ], [ 2.1627236, 41.4384062 ], [ 2.1628388, 41.4383328 ], [ 2.1628746, 41.4383081 ], [ 2.1629251, 41.4382798 ], [ 2.1636518, 41.4378718 ], [ 2.1631263, 41.4373295 ], [ 2.1635454, 41.4371546 ], [ 2.1633883, 41.4368425 ], [ 2.1632399, 41.4365477 ], [ 2.1634008, 41.4365014 ], [ 2.164138, 41.4362905 ], [ 2.1642672, 41.4362535 ], [ 2.1642178, 41.4361484 ], [ 2.1641158, 41.4359312 ], [ 2.1638693, 41.4353874 ], [ 2.1638306, 41.435302 ], [ 2.1638013, 41.4352149 ], [ 2.1637226, 41.4349806 ], [ 2.1636204, 41.4346877 ], [ 2.1635809, 41.434563 ], [ 2.1635433, 41.4344429 ], [ 2.1634759, 41.4341931 ], [ 2.1633933, 41.4339407 ], [ 2.1633457, 41.4337946 ], [ 2.1633306, 41.4337358 ], [ 2.1633177, 41.4336856 ], [ 2.1633053, 41.433637 ], [ 2.1632308, 41.4333461 ], [ 2.1631955, 41.4332084 ], [ 2.1631901, 41.4331874 ], [ 2.1631574, 41.4330599 ], [ 2.1631179, 41.4328934 ], [ 2.1631177, 41.4328591 ], [ 2.1631171, 41.4327443 ], [ 2.1631168, 41.4326749 ], [ 2.1630861, 41.4325604 ], [ 2.1630964, 41.4323334 ], [ 2.163133, 41.4322807 ], [ 2.1631638, 41.4321303 ], [ 2.1632294, 41.4319378 ], [ 2.163345, 41.43174 ], [ 2.1634183, 41.4316375 ], [ 2.1635355, 41.4314847 ], [ 2.163716, 41.4312874 ], [ 2.1639724, 41.4310392 ], [ 2.1640687, 41.4309591 ], [ 2.1640943, 41.4309378 ], [ 2.1644119, 41.4306749 ], [ 2.1645565, 41.4305733 ], [ 2.1648173, 41.4303857 ], [ 2.1648367, 41.4303716 ], [ 2.1652112, 41.430171 ], [ 2.1652951, 41.4301279 ], [ 2.1658165, 41.4298195 ], [ 2.1660592, 41.429676 ], [ 2.1661527, 41.4296207 ], [ 2.1661279, 41.4296062 ], [ 2.1660972, 41.4295883 ], [ 2.1660537, 41.4295629 ], [ 2.1660277, 41.4295477 ], [ 2.1657505, 41.4293921 ], [ 2.1653696, 41.4291796 ], [ 2.165033, 41.4289916 ], [ 2.164979, 41.4289595 ], [ 2.1648094, 41.4288587 ], [ 2.1647222, 41.4288014 ], [ 2.1638872, 41.4282533 ], [ 2.1638374, 41.4282206 ], [ 2.1637336, 41.4281512 ], [ 2.1636379, 41.4280873 ], [ 2.1637226, 41.4280428 ], [ 2.1638493, 41.427992 ], [ 2.1639172, 41.4279769 ], [ 2.163952, 41.4279668 ], [ 2.1640923, 41.4279315 ], [ 2.1641885, 41.4279169 ], [ 2.1644491, 41.4278774 ], [ 2.1645713, 41.427861 ], [ 2.1647386, 41.4278386 ], [ 2.1648958, 41.4278175 ], [ 2.165014, 41.4278032 ], [ 2.1651422, 41.4277903 ], [ 2.1657491, 41.4277292 ], [ 2.1659834, 41.4277056 ], [ 2.1661894, 41.4276861 ], [ 2.1669592, 41.427613 ], [ 2.1671969, 41.4275831 ], [ 2.1673238, 41.4275672 ], [ 2.1674932, 41.4275444 ], [ 2.1681618, 41.4274544 ], [ 2.1683565, 41.4274282 ], [ 2.1686432, 41.4273896 ], [ 2.1688379, 41.4273634 ], [ 2.169079, 41.4273276 ], [ 2.1691206, 41.4273214 ], [ 2.1697051, 41.4272389 ], [ 2.1698548, 41.4272109 ], [ 2.1699319, 41.4271916 ], [ 2.1699708, 41.4271818 ], [ 2.1702478, 41.4271145 ], [ 2.1703027, 41.4270993 ], [ 2.1703339, 41.4270907 ], [ 2.1710165, 41.4269021 ], [ 2.1711696, 41.4268583 ], [ 2.1711972, 41.4268504 ], [ 2.1722098, 41.426561 ], [ 2.172363, 41.4265172 ], [ 2.1725051, 41.4264777 ], [ 2.1725499, 41.4264652 ], [ 2.1727007, 41.4264233 ], [ 2.1729053, 41.4263664 ], [ 2.173013, 41.4263365 ], [ 2.1734128, 41.4262253 ], [ 2.1734453, 41.4262163 ], [ 2.1735092, 41.4261985 ], [ 2.1737642, 41.4261295 ], [ 2.1741728, 41.426019 ], [ 2.1748022, 41.4258484 ], [ 2.1749811, 41.4257999 ], [ 2.1751122, 41.4257642 ], [ 2.1751499, 41.4257539 ], [ 2.1754967, 41.4256595 ], [ 2.1755815, 41.4256349 ], [ 2.1756687, 41.4256097 ], [ 2.1758087, 41.4255663 ], [ 2.1759144, 41.4255307 ], [ 2.1759337, 41.4255242 ], [ 2.1759656, 41.4255068 ], [ 2.176092, 41.4254379 ], [ 2.1762188, 41.4253392 ], [ 2.1762488, 41.4253115 ], [ 2.1762887, 41.4252707 ], [ 2.176512, 41.4250236 ], [ 2.1766763, 41.4248368 ], [ 2.1767006, 41.4248092 ], [ 2.1769113, 41.4245697 ], [ 2.1769212, 41.4245585 ], [ 2.1769901, 41.4244842 ], [ 2.177009, 41.4244646 ], [ 2.1771524, 41.4243153 ], [ 2.1771934, 41.4242728 ], [ 2.1772188, 41.4242465 ], [ 2.1772967, 41.4241608 ], [ 2.1773797, 41.4240754 ], [ 2.1774997, 41.4239421 ], [ 2.1776325, 41.4237946 ], [ 2.1777918, 41.4236175 ], [ 2.1778119, 41.4235949 ], [ 2.1778588, 41.4235424 ], [ 2.1780733, 41.4233095 ], [ 2.1782137, 41.4231699 ], [ 2.1782657, 41.4231099 ], [ 2.1782886, 41.423086 ], [ 2.1786253, 41.4227006 ], [ 2.1787061, 41.42261 ], [ 2.1787303, 41.4225823 ], [ 2.178822, 41.4224829 ], [ 2.178938, 41.4223573 ], [ 2.1790524, 41.4222361 ], [ 2.1791372, 41.422148 ], [ 2.1792628, 41.4220133 ], [ 2.179312, 41.4219612 ], [ 2.1794209, 41.4218458 ], [ 2.1794244, 41.421842 ], [ 2.179672, 41.4215798 ], [ 2.1796953, 41.4215555 ], [ 2.1797324, 41.4215158 ], [ 2.1797688, 41.4214773 ], [ 2.1798368, 41.4214052 ], [ 2.1800132, 41.4212184 ], [ 2.1802215, 41.4209976 ], [ 2.1802353, 41.4209831 ], [ 2.1802737, 41.4209424 ], [ 2.1803471, 41.4208633 ], [ 2.1804846, 41.4207145 ], [ 2.1806544, 41.4205184 ], [ 2.1806906, 41.4204641 ], [ 2.1807091, 41.4204336 ], [ 2.1807365, 41.4203881 ], [ 2.1807871, 41.4202865 ], [ 2.1808033, 41.4202374 ], [ 2.1808175, 41.420179 ], [ 2.1808303, 41.420117 ], [ 2.1808378, 41.4200593 ], [ 2.18084, 41.4200012 ], [ 2.1808367, 41.4199203 ], [ 2.1808321, 41.4198809 ], [ 2.1808254, 41.4198301 ], [ 2.1808028, 41.419713 ], [ 2.1807849, 41.4196449 ], [ 2.180773, 41.4196061 ], [ 2.1807412, 41.4194851 ], [ 2.1807342, 41.4194501 ], [ 2.1807169, 41.4193822 ], [ 2.1807022, 41.4193167 ], [ 2.1806769, 41.4192037 ], [ 2.1806701, 41.4191771 ], [ 2.1806237, 41.4189672 ], [ 2.1806068, 41.4188923 ], [ 2.1805618, 41.4186923 ], [ 2.1805569, 41.4186707 ], [ 2.180517, 41.4184434 ], [ 2.1805071, 41.4183869 ], [ 2.1804906, 41.4182743 ], [ 2.1804715, 41.4181438 ], [ 2.1804683, 41.4181222 ], [ 2.1804598, 41.4180584 ], [ 2.1804388, 41.417915 ], [ 2.1804156, 41.4176888 ], [ 2.180405, 41.417536 ], [ 2.180399, 41.4173647 ], [ 2.1803957, 41.4172065 ], [ 2.1803926, 41.4171345 ], [ 2.1803933, 41.4170972 ], [ 2.1803942, 41.4170506 ], [ 2.1803947, 41.4170243 ], [ 2.1803965, 41.4169245 ], [ 2.1804017, 41.4167556 ], [ 2.1804099, 41.4164984 ], [ 2.180411, 41.4164715 ], [ 2.1804176, 41.416334 ], [ 2.1804226, 41.4162802 ], [ 2.1804424, 41.4161223 ], [ 2.1804505, 41.4160639 ], [ 2.1804634, 41.4159768 ], [ 2.1804779, 41.4159062 ], [ 2.1804924, 41.4158355 ], [ 2.1804189, 41.41578 ], [ 2.1803739, 41.4157459 ], [ 2.1801889, 41.4156061 ], [ 2.1800356, 41.4154902 ], [ 2.1800134, 41.4154735 ], [ 2.1797394, 41.4152663 ], [ 2.1795171, 41.4150968 ], [ 2.1794106, 41.4150179 ], [ 2.179111, 41.4147914 ], [ 2.1790984, 41.4147819 ], [ 2.1790793, 41.4147674 ], [ 2.1789902, 41.4147001 ], [ 2.1788254, 41.4145751 ], [ 2.1787498, 41.4145192 ], [ 2.178662, 41.4144526 ], [ 2.1785479, 41.4143681 ], [ 2.1784942, 41.4143279 ], [ 2.1783702, 41.4142333 ], [ 2.1779665, 41.4139254 ], [ 2.1779455, 41.4139104 ], [ 2.1777178, 41.4137357 ], [ 2.1775087, 41.4135901 ], [ 2.1770344, 41.4132304 ], [ 2.1769872, 41.4131949 ], [ 2.1768751, 41.413109 ], [ 2.1768545, 41.4130923 ], [ 2.1766181, 41.412912 ], [ 2.1765489, 41.4128603 ], [ 2.1764386, 41.4127779 ], [ 2.1763851, 41.412738 ], [ 2.1756981, 41.4122248 ], [ 2.1756743, 41.4122071 ], [ 2.1754414, 41.4120331 ], [ 2.1752032, 41.4118552 ], [ 2.1751644, 41.4118263 ], [ 2.1749114, 41.4116373 ], [ 2.1746765, 41.4114618 ], [ 2.1745785, 41.4113887 ], [ 2.1745364, 41.4113572 ], [ 2.1743418, 41.4111937 ], [ 2.1742534, 41.4111291 ], [ 2.1740232, 41.41096 ], [ 2.1738299, 41.4108143 ], [ 2.1734767, 41.4105454 ], [ 2.1734463, 41.4105228 ], [ 2.1732768, 41.4103925 ], [ 2.1732395, 41.4103634 ], [ 2.1730119, 41.4101924 ], [ 2.1726395, 41.4099121 ], [ 2.1724231, 41.4097492 ], [ 2.1723923, 41.409726 ], [ 2.1723732, 41.4097116 ], [ 2.1723244, 41.4096748 ], [ 2.1722982, 41.409655 ], [ 2.1721309, 41.409531 ], [ 2.1719078, 41.4093645 ], [ 2.1718791, 41.4093434 ], [ 2.1713998, 41.4089904 ], [ 2.171233, 41.4088675 ], [ 2.1712107, 41.408851 ], [ 2.1710223, 41.4087147 ], [ 2.1707959, 41.4085391 ], [ 2.1707822, 41.4085289 ], [ 2.1703928, 41.4082388 ], [ 2.1702336, 41.4081145 ], [ 2.1701999, 41.4080882 ], [ 2.1699549, 41.4078969 ], [ 2.1699226, 41.4078725 ], [ 2.1697886, 41.4077709 ], [ 2.1697709, 41.4077575 ], [ 2.1689019, 41.4070992 ], [ 2.168867, 41.4070732 ], [ 2.1686938, 41.4069443 ], [ 2.1686751, 41.4069301 ], [ 2.1684668, 41.407084 ], [ 2.168433, 41.407109 ], [ 2.1680077, 41.4074299 ], [ 2.1677978, 41.4075882 ], [ 2.1677461, 41.4076276 ], [ 2.1675772, 41.4077553 ], [ 2.1675601, 41.4077682 ], [ 2.1671273, 41.4080935 ], [ 2.1664852, 41.4085761 ], [ 2.1659491, 41.4089797 ], [ 2.1659312, 41.4089932 ], [ 2.1658678, 41.4090409 ], [ 2.1658125, 41.4090824 ], [ 2.1657801, 41.4091067 ], [ 2.1652355, 41.4095164 ], [ 2.1651478, 41.4095786 ], [ 2.1650884, 41.4096236 ], [ 2.1644535, 41.4101098 ], [ 2.1643321, 41.4101965 ], [ 2.1642813, 41.4102356 ], [ 2.1641459, 41.4103319 ], [ 2.1641031, 41.4103668 ], [ 2.1639165, 41.4105021 ], [ 2.1638382, 41.4105746 ], [ 2.1638125, 41.4105994 ], [ 2.1637931, 41.4106182 ], [ 2.1637642, 41.4106463 ], [ 2.163705, 41.4107035 ], [ 2.1635605, 41.4108701 ], [ 2.1631946, 41.4112981 ], [ 2.1628922, 41.4116519 ], [ 2.162414, 41.4122132 ], [ 2.1623978, 41.4122384 ], [ 2.1623442, 41.4123049 ], [ 2.1622634, 41.4124049 ], [ 2.1622372, 41.4124343 ], [ 2.1621727, 41.4125065 ], [ 2.1621085, 41.4125793 ], [ 2.1620409, 41.4126536 ], [ 2.1620127, 41.4126842 ], [ 2.1619481, 41.4127532 ], [ 2.161919, 41.412787 ], [ 2.1616014, 41.413156 ], [ 2.1612988, 41.4135116 ], [ 2.1612419, 41.4135782 ], [ 2.1613207, 41.4136296 ], [ 2.1614628, 41.4137347 ], [ 2.1614363, 41.413828 ], [ 2.1614242, 41.4138526 ], [ 2.1613895, 41.4139282 ], [ 2.161368, 41.4139664 ], [ 2.1613063, 41.4140192 ], [ 2.1611635, 41.4140961 ], [ 2.1611163, 41.4141019 ], [ 2.1610895, 41.4141047 ], [ 2.1610506, 41.4141025 ], [ 2.1609702, 41.4140839 ], [ 2.1608207, 41.4140207 ], [ 2.1607666, 41.4139984 ], [ 2.1607136, 41.413973 ], [ 2.1606387, 41.4139413 ], [ 2.160564, 41.4139114 ], [ 2.1605159, 41.4139027 ], [ 2.1604571, 41.4138966 ], [ 2.1603888, 41.4138954 ], [ 2.160318, 41.4139115 ], [ 2.160207, 41.4139411 ], [ 2.1599967, 41.4140191 ], [ 2.1598635, 41.4140762 ], [ 2.1597509, 41.4141277 ], [ 2.1596342, 41.4141842 ], [ 2.1595234, 41.4142425 ], [ 2.1593258, 41.4143652 ], [ 2.1592477, 41.4144078 ], [ 2.1592046, 41.4144354 ], [ 2.1591464, 41.4144742 ], [ 2.1589804, 41.4146103 ], [ 2.158932, 41.4146468 ], [ 2.158843, 41.4147075 ], [ 2.1587056, 41.4148357 ], [ 2.1586664, 41.4148764 ], [ 2.1586446, 41.4148991 ], [ 2.1585675, 41.4149785 ], [ 2.1584637, 41.4150981 ], [ 2.1584347, 41.4151314 ], [ 2.1583382, 41.41524 ], [ 2.1582121, 41.4154034 ], [ 2.1581022, 41.4155588 ], [ 2.1579835, 41.4157478 ], [ 2.1578816, 41.4159213 ], [ 2.1578574, 41.4159832 ], [ 2.1578226, 41.4160721 ], [ 2.1577602, 41.4162099 ], [ 2.1577167, 41.4163054 ], [ 2.1576523, 41.4164276 ], [ 2.1576201, 41.4164774 ], [ 2.1575852, 41.4165146 ], [ 2.1575369, 41.4165465 ], [ 2.1574981, 41.4165599 ], [ 2.1574558, 41.4165669 ], [ 2.1573808, 41.4165699 ], [ 2.1573325, 41.4165659 ], [ 2.1572862, 41.4165553 ], [ 2.1572534, 41.4165402 ], [ 2.1572265, 41.4165247 ], [ 2.1571796, 41.4164885 ], [ 2.1571447, 41.4164457 ], [ 2.1568192, 41.4159437 ], [ 2.156776, 41.4158771 ], [ 2.1567049, 41.4157554 ], [ 2.1566871, 41.4157162 ], [ 2.1566479, 41.4156297 ], [ 2.1564361, 41.4154874 ], [ 2.1561685, 41.4153036 ], [ 2.1560566, 41.4152269 ], [ 2.1560016, 41.4151917 ], [ 2.1559453, 41.4151631 ], [ 2.1558829, 41.4151404 ], [ 2.1558233, 41.4151223 ], [ 2.1557247, 41.4151042 ], [ 2.1556241, 41.4150992 ], [ 2.1554874, 41.4151127 ], [ 2.1554263, 41.4151329 ], [ 2.1553775, 41.4151526 ], [ 2.1553257, 41.4151797 ], [ 2.1552876, 41.4152068 ], [ 2.1552291, 41.4152601 ], [ 2.1551344, 41.4152181 ], [ 2.1548322, 41.4151898 ], [ 2.1547396, 41.4151648 ], [ 2.1546997, 41.4151959 ], [ 2.1536888, 41.4160096 ], [ 2.1536002, 41.4160995 ], [ 2.1531751, 41.4164582 ], [ 2.1530402, 41.4165501 ], [ 2.1530165, 41.4165662 ], [ 2.1529914, 41.4165833 ], [ 2.1527527, 41.4167649 ], [ 2.1527278, 41.4168363 ], [ 2.1526882, 41.4168898 ], [ 2.152636, 41.4169361 ], [ 2.152571, 41.4169867 ], [ 2.15231, 41.4171739 ], [ 2.1522166, 41.4172469 ], [ 2.152077, 41.4173515 ], [ 2.1519267, 41.4174632 ], [ 2.1518561, 41.417511 ], [ 2.1517978, 41.4175417 ], [ 2.1517334, 41.4175657 ], [ 2.1516621, 41.4175845 ], [ 2.1515855, 41.417602 ], [ 2.1514871, 41.4176204 ], [ 2.1513069, 41.4176434 ], [ 2.1512818, 41.4176476 ], [ 2.1512301, 41.4176591 ], [ 2.1511656, 41.4176805 ], [ 2.1511103, 41.4177074 ], [ 2.1510616, 41.417741 ], [ 2.1510253, 41.4177812 ], [ 2.1509953, 41.4178277 ], [ 2.1509723, 41.4178829 ], [ 2.1509659, 41.4179234 ], [ 2.1509713, 41.4179632 ], [ 2.1510033, 41.4180425 ], [ 2.1510657, 41.4181801 ], [ 2.1511132, 41.4182761 ], [ 2.1511739, 41.4183755 ], [ 2.151251, 41.4184869 ], [ 2.1512775, 41.4185341 ], [ 2.1512723, 41.4185652 ], [ 2.1512342, 41.4185881 ], [ 2.1512918, 41.4186576 ], [ 2.1514448, 41.4188538 ], [ 2.1515115, 41.418959 ], [ 2.1515589, 41.4190504 ], [ 2.1516025, 41.4191811 ], [ 2.15164, 41.4192935 ], [ 2.1516502, 41.4193898 ], [ 2.1516526, 41.4194128 ], [ 2.1516657, 41.4195357 ], [ 2.1516784, 41.4197566 ], [ 2.1516822, 41.4198046 ], [ 2.1516969, 41.4198518 ], [ 2.1517249, 41.4199227 ], [ 2.1517502, 41.420031 ], [ 2.1517782, 41.4201485 ], [ 2.1517976, 41.4201746 ], [ 2.1515972, 41.42018 ], [ 2.1515477, 41.4201789 ], [ 2.1515152, 41.4201771 ], [ 2.1513999, 41.4201771 ], [ 2.1510919, 41.4201984 ], [ 2.1509861, 41.4202066 ], [ 2.1503897, 41.4202785 ], [ 2.1501999, 41.420298 ], [ 2.1500134, 41.4203167 ], [ 2.149813, 41.4203357 ], [ 2.1496072, 41.4203474 ], [ 2.1494331, 41.4203555 ], [ 2.1493908, 41.4203575 ], [ 2.1492456, 41.4203648 ], [ 2.1493371, 41.4204678 ], [ 2.1493527, 41.4204853 ], [ 2.1493802, 41.4205172 ], [ 2.1494948, 41.4206558 ], [ 2.1494913, 41.4208391 ], [ 2.1494878, 41.420946 ], [ 2.1494784, 41.4212331 ], [ 2.1494658, 41.4216101 ], [ 2.149415, 41.4216336 ], [ 2.1492201, 41.421637 ], [ 2.1491052, 41.4216311 ], [ 2.14886, 41.4216292 ], [ 2.1480955, 41.4216105 ], [ 2.1479686, 41.4216191 ], [ 2.1478764, 41.4216215 ], [ 2.1477756, 41.4215833 ], [ 2.1468397, 41.4212288 ], [ 2.1463118, 41.4210284 ], [ 2.1460725, 41.4210391 ], [ 2.1458524, 41.4210194 ], [ 2.145782, 41.4210131 ], [ 2.1455529, 41.4209839 ], [ 2.1454098, 41.4209643 ], [ 2.1453627, 41.4209578 ], [ 2.1451643, 41.4209134 ], [ 2.1449822, 41.4208704 ], [ 2.1448043, 41.4208351 ], [ 2.1447122, 41.4208121 ], [ 2.1446468, 41.420737 ], [ 2.1445425, 41.4206035 ], [ 2.1444586, 41.4205192 ], [ 2.1442397, 41.4203259 ], [ 2.1440836, 41.4202011 ], [ 2.1439837, 41.4201748 ], [ 2.1439165, 41.4201689 ], [ 2.1438509, 41.42016 ], [ 2.1438142, 41.4202005 ], [ 2.1436948, 41.4203005 ], [ 2.1433484, 41.4205675 ], [ 2.1432496, 41.4206437 ], [ 2.1431897, 41.4206891 ], [ 2.1430007, 41.4208362 ], [ 2.1422542, 41.4213994 ], [ 2.1421585, 41.4214716 ], [ 2.1420781, 41.4215174 ], [ 2.1419728, 41.4215451 ], [ 2.1418734, 41.4215515 ], [ 2.1417759, 41.4215344 ], [ 2.141012, 41.421319 ], [ 2.1409778, 41.4213093 ], [ 2.1409453, 41.4213031 ], [ 2.1407904, 41.4212424 ], [ 2.1406642, 41.4211929 ], [ 2.1405827, 41.4210645 ], [ 2.1403184, 41.4205161 ], [ 2.1402903, 41.4204545 ], [ 2.1402382, 41.4204369 ], [ 2.1401983, 41.4204313 ], [ 2.1401851, 41.4204314 ], [ 2.1401474, 41.4204384 ], [ 2.1401177, 41.4204471 ], [ 2.1400711, 41.4204774 ], [ 2.1400453, 41.4205009 ], [ 2.1399953, 41.420401 ], [ 2.1399864, 41.4203832 ], [ 2.1399313, 41.4202708 ], [ 2.1388671, 41.4205665 ], [ 2.1387171, 41.42062 ], [ 2.138694, 41.4206272 ], [ 2.1384954, 41.4206894 ], [ 2.1379421, 41.420867 ], [ 2.1378375, 41.4209069 ], [ 2.1377907, 41.4209313 ], [ 2.1377469, 41.4209626 ], [ 2.1377155, 41.4209961 ], [ 2.1376915, 41.4210329 ], [ 2.1376755, 41.4210721 ], [ 2.1376679, 41.4211127 ], [ 2.1376688, 41.4211531 ], [ 2.1376781, 41.421193 ], [ 2.1376955, 41.4212312 ], [ 2.1377205, 41.421267 ], [ 2.1377527, 41.4212995 ], [ 2.1378001, 41.4213329 ], [ 2.1378575, 41.4213606 ], [ 2.1379556, 41.4213969 ], [ 2.1381626, 41.4214793 ], [ 2.1382115, 41.4215023 ], [ 2.1382572, 41.4215288 ], [ 2.1382993, 41.4215584 ], [ 2.1383509, 41.4216043 ], [ 2.1383893, 41.4216518 ], [ 2.1384132, 41.4216921 ], [ 2.1384306, 41.4217343 ], [ 2.1384419, 41.4217838 ], [ 2.1384442, 41.421834 ], [ 2.1384388, 41.4218903 ], [ 2.1384244, 41.4219454 ], [ 2.1384037, 41.4220094 ], [ 2.1383968, 41.4220309 ], [ 2.13839, 41.4220519 ], [ 2.1383516, 41.4221496 ], [ 2.1382424, 41.4224274 ], [ 2.1381933, 41.4225522 ], [ 2.1381797, 41.4225893 ], [ 2.1381753, 41.4226626 ], [ 2.1381082, 41.4228232 ], [ 2.1380619, 41.4229033 ], [ 2.1380084, 41.4229809 ], [ 2.1379446, 41.4230574 ], [ 2.1378742, 41.4231306 ], [ 2.1377774, 41.4232169 ], [ 2.1376715, 41.4232971 ], [ 2.1375727, 41.4233547 ], [ 2.1374679, 41.4234059 ], [ 2.1373642, 41.4234481 ], [ 2.1372607, 41.423482 ], [ 2.1371442, 41.4235116 ], [ 2.1370642, 41.423527 ], [ 2.1369831, 41.4235386 ], [ 2.1365153, 41.4235735 ], [ 2.1364576, 41.4235834 ], [ 2.1364055, 41.4235966 ], [ 2.1363558, 41.4236136 ], [ 2.1363091, 41.4236358 ], [ 2.1362669, 41.423663 ], [ 2.1362303, 41.4236972 ], [ 2.1362009, 41.4237351 ], [ 2.1361796, 41.4237759 ], [ 2.1361668, 41.4238187 ], [ 2.1361606, 41.4238572 ], [ 2.1361661, 41.4242521 ], [ 2.136162, 41.4243005 ], [ 2.1361511, 41.4243482 ], [ 2.1361335, 41.4243948 ], [ 2.1360988, 41.4244505 ], [ 2.1360574, 41.4245033 ], [ 2.1360076, 41.4245518 ], [ 2.1359547, 41.4245924 ], [ 2.135896, 41.4246281 ], [ 2.1358322, 41.4246586 ], [ 2.1351332, 41.4248921 ], [ 2.1351105, 41.4248532 ], [ 2.1350577, 41.4247018 ], [ 2.1351607, 41.4245731 ], [ 2.1353514, 41.4244259 ], [ 2.1353514, 41.4243319 ], [ 2.1353395, 41.4242156 ], [ 2.1352017, 41.4240171 ], [ 2.1350421, 41.4238593 ], [ 2.1349002, 41.42376 ], [ 2.1348294, 41.4236968 ], [ 2.1347793, 41.4235877 ], [ 2.1346571, 41.4236147 ], [ 2.1345282, 41.4233733 ], [ 2.1343801, 41.4232319 ], [ 2.134322, 41.4231254 ], [ 2.134281, 41.4230124 ], [ 2.1342505, 41.4228878 ], [ 2.1342325, 41.4227564 ], [ 2.1342369, 41.4226872 ], [ 2.1342648, 41.4226243 ], [ 2.1343311, 41.4225458 ], [ 2.1344552, 41.4224671 ], [ 2.1345685, 41.4223738 ], [ 2.1347084, 41.422291 ], [ 2.1349201, 41.4220781 ], [ 2.1350333, 41.422051 ], [ 2.1350685, 41.4220346 ], [ 2.1351044, 41.4220299 ], [ 2.135215, 41.4220171 ], [ 2.1352247, 41.421763 ], [ 2.1352361, 41.4216459 ], [ 2.135292, 41.4215489 ], [ 2.1353263, 41.4214959 ], [ 2.1353798, 41.4213839 ], [ 2.1353243, 41.4213735 ], [ 2.1352908, 41.4213742 ], [ 2.135258, 41.4213797 ], [ 2.1352258, 41.4213901 ], [ 2.135197, 41.4214051 ], [ 2.1351726, 41.421424 ], [ 2.1347189, 41.4218473 ], [ 2.1346925, 41.4218667 ], [ 2.1346613, 41.4218816 ], [ 2.1346253, 41.4218916 ], [ 2.1345873, 41.4218955 ], [ 2.1344149, 41.4219002 ], [ 2.1343014, 41.4218965 ], [ 2.1341865, 41.4218873 ], [ 2.1341091, 41.4218744 ], [ 2.1338315, 41.421795 ], [ 2.1337657, 41.4217844 ], [ 2.1336988, 41.421779 ], [ 2.1336351, 41.4217786 ], [ 2.1335718, 41.4217829 ], [ 2.1333685, 41.4218271 ], [ 2.1333241, 41.4218328 ], [ 2.133279, 41.421834 ], [ 2.1332342, 41.4218307 ], [ 2.1331828, 41.4218213 ], [ 2.133134, 41.4218061 ], [ 2.1330889, 41.4217853 ], [ 2.1329093, 41.4216444 ], [ 2.1328269, 41.4215666 ], [ 2.1327626, 41.4215282 ], [ 2.1327236, 41.4215049 ], [ 2.1325977, 41.4215109 ], [ 2.1324312, 41.4215067 ], [ 2.1318584, 41.4214265 ], [ 2.1316105, 41.4214026 ], [ 2.1313713, 41.4213962 ], [ 2.13133, 41.4213889 ], [ 2.1312926, 41.4213738 ], [ 2.1312618, 41.4213519 ], [ 2.1312432, 41.42133 ], [ 2.1312388, 41.421321 ], [ 2.1312312, 41.4213056 ], [ 2.1312265, 41.4212799 ], [ 2.1312292, 41.421254 ], [ 2.131259, 41.4211349 ], [ 2.1312756, 41.4210888 ], [ 2.131304, 41.4210423 ], [ 2.1313571, 41.4209864 ], [ 2.1314818, 41.4208723 ], [ 2.1315771, 41.420775 ], [ 2.1316557, 41.4206822 ], [ 2.1318596, 41.4204181 ], [ 2.1320506, 41.4201741 ], [ 2.1321871, 41.420012 ], [ 2.1322077, 41.4199759 ], [ 2.1322062, 41.4199381 ], [ 2.1321885, 41.4199005 ], [ 2.1321635, 41.4198654 ], [ 2.1321307, 41.4198326 ], [ 2.1320915, 41.419804 ], [ 2.1318708, 41.4197241 ], [ 2.1318399, 41.419715 ], [ 2.1316999, 41.4196739 ], [ 2.1315456, 41.4196116 ], [ 2.1313797, 41.4195273 ], [ 2.1313636, 41.4195178 ], [ 2.1312117, 41.419428 ], [ 2.1311646, 41.4194046 ], [ 2.1311119, 41.4193897 ], [ 2.131056, 41.419384 ], [ 2.1309998, 41.4193878 ], [ 2.1309465, 41.4194007 ], [ 2.1308983, 41.4194221 ], [ 2.1308577, 41.419451 ], [ 2.1308265, 41.4194859 ], [ 2.1308064, 41.4195251 ], [ 2.1306879, 41.4197824 ], [ 2.13064, 41.4198558 ], [ 2.1306104, 41.4198922 ], [ 2.1305728, 41.4199243 ], [ 2.1305395, 41.4199451 ], [ 2.1305027, 41.4199624 ], [ 2.1304632, 41.4199759 ], [ 2.1303432, 41.4200156 ], [ 2.1302006, 41.420052 ], [ 2.1301613, 41.420065 ], [ 2.1301194, 41.4200717 ], [ 2.1300764, 41.420072 ], [ 2.1300343, 41.4200657 ], [ 2.1299948, 41.4200531 ], [ 2.1299558, 41.4200324 ], [ 2.129924, 41.4200056 ], [ 2.129901, 41.4199741 ], [ 2.1297875, 41.4197075 ], [ 2.129758, 41.4196606 ], [ 2.1297176, 41.4196157 ], [ 2.1296782, 41.4195827 ], [ 2.1296365, 41.4195537 ], [ 2.1295894, 41.419528 ], [ 2.1295363, 41.4195105 ], [ 2.1294787, 41.4195024 ], [ 2.1294273, 41.4195021 ], [ 2.1293765, 41.4195082 ], [ 2.1291987, 41.419546 ], [ 2.1291361, 41.4195639 ], [ 2.1290852, 41.4195879 ], [ 2.1290419, 41.4196216 ], [ 2.1290026, 41.419665 ], [ 2.1289948, 41.41968 ], [ 2.1289788, 41.4197107 ], [ 2.1289161, 41.4198629 ], [ 2.1288991, 41.4198855 ], [ 2.1288755, 41.4199046 ], [ 2.1288466, 41.4199189 ], [ 2.128814, 41.4199278 ], [ 2.1287795, 41.4199308 ], [ 2.128739, 41.4199264 ], [ 2.1287016, 41.4199138 ], [ 2.1286704, 41.4198939 ], [ 2.128556, 41.4198018 ], [ 2.1284575, 41.4197313 ], [ 2.1284051, 41.419706 ], [ 2.1283618, 41.4196981 ], [ 2.1283173, 41.4196978 ], [ 2.1282841, 41.4197026 ], [ 2.1282524, 41.4197117 ], [ 2.1282233, 41.4197247 ], [ 2.1281893, 41.4197391 ], [ 2.1281525, 41.4197464 ], [ 2.1281368, 41.4197468 ], [ 2.128121, 41.4197472 ], [ 2.1280914, 41.4197423 ], [ 2.1280582, 41.4197331 ], [ 2.1280296, 41.4197189 ], [ 2.1278532, 41.419599 ], [ 2.1277459, 41.4195866 ], [ 2.1276223, 41.4195608 ], [ 2.1274775, 41.4195163 ], [ 2.127321, 41.4194605 ], [ 2.1272476, 41.4194213 ], [ 2.1272151, 41.419394 ], [ 2.1271924, 41.419364 ], [ 2.1271782, 41.4193272 ], [ 2.1271795, 41.4192955 ], [ 2.1271847, 41.4192706 ], [ 2.1272022, 41.4192463 ], [ 2.1272318, 41.419219 ], [ 2.1272724, 41.4191953 ], [ 2.1273587, 41.4191706 ], [ 2.1274555, 41.4191538 ], [ 2.1274856, 41.4191511 ], [ 2.1275867, 41.419142 ], [ 2.1276603, 41.4191509 ], [ 2.127931, 41.4190046 ], [ 2.1279807, 41.4189676 ], [ 2.1281095, 41.4188478 ], [ 2.1281379, 41.4188132 ], [ 2.1281574, 41.4187754 ], [ 2.1281674, 41.4187355 ], [ 2.1281675, 41.4186949 ], [ 2.1281608, 41.4186639 ], [ 2.1281484, 41.418634 ], [ 2.1281305, 41.4186057 ], [ 2.1280667, 41.4185506 ], [ 2.1279485, 41.4184574 ], [ 2.1279246, 41.4184298 ], [ 2.1279072, 41.4183996 ], [ 2.1278968, 41.4183677 ], [ 2.1278937, 41.4183349 ], [ 2.1279, 41.4182948 ], [ 2.1279171, 41.4182565 ], [ 2.1279444, 41.4182217 ], [ 2.1279806, 41.4181918 ], [ 2.1280242, 41.4181681 ], [ 2.1283834, 41.4179711 ], [ 2.1285338, 41.4178774 ], [ 2.1286435, 41.4177716 ], [ 2.1288818, 41.4175601 ], [ 2.1289058, 41.4175356 ], [ 2.1289233, 41.4175082 ], [ 2.1289339, 41.4174788 ], [ 2.128937, 41.417448 ], [ 2.1289328, 41.417417 ], [ 2.128853, 41.417408 ], [ 2.1288265, 41.417405 ], [ 2.1258854, 41.4186719 ], [ 2.1255351, 41.4188433 ], [ 2.124893, 41.4191203 ], [ 2.1247125, 41.4191734 ], [ 2.1211816, 41.420681 ], [ 2.1211474, 41.4207031 ], [ 2.1211743, 41.4207119 ], [ 2.1213032, 41.4207641 ], [ 2.1214576, 41.4208332 ], [ 2.1214877, 41.4208509 ], [ 2.1215119, 41.4208731 ], [ 2.1215268, 41.4208947 ], [ 2.1215361, 41.420918 ], [ 2.1215394, 41.4209421 ], [ 2.1215394, 41.4209717 ], [ 2.1215326, 41.4210301 ], [ 2.1215211, 41.4210834 ], [ 2.1215058, 41.421136 ], [ 2.1214922, 41.4211754 ], [ 2.121475, 41.4212152 ], [ 2.121456, 41.4212552 ], [ 2.1214334, 41.4212948 ], [ 2.1213931, 41.421355 ], [ 2.1213366, 41.4214263 ], [ 2.1212748, 41.4214923 ], [ 2.1212051, 41.4215568 ], [ 2.1210009, 41.4217407 ], [ 2.1209458, 41.4217969 ], [ 2.1208951, 41.4218544 ], [ 2.1208112, 41.4219852 ], [ 2.1207343, 41.4221296 ], [ 2.1207087, 41.4221929 ], [ 2.1206975, 41.4222373 ], [ 2.1206919, 41.4222703 ], [ 2.12069, 41.4223038 ], [ 2.1206908, 41.4223378 ], [ 2.120697, 41.4223707 ], [ 2.120712, 41.4224281 ], [ 2.1207303, 41.4224852 ], [ 2.1207726, 41.4226016 ], [ 2.1207179, 41.4225985 ], [ 2.1206336, 41.4225969 ], [ 2.1205837, 41.4226065 ], [ 2.1205369, 41.4226231 ], [ 2.1204751, 41.422665 ], [ 2.1204364, 41.4227184 ], [ 2.1204259, 41.4227572 ], [ 2.1204278, 41.4227936 ], [ 2.1204658, 41.4228684 ], [ 2.1205047, 41.422955 ], [ 2.1205327, 41.4230415 ], [ 2.1205407, 41.4231458 ], [ 2.120527, 41.4232548 ], [ 2.1204891, 41.4234674 ], [ 2.1204495, 41.4237007 ], [ 2.1204451, 41.423803 ], [ 2.1204562, 41.423903 ] ] ] } },
{ "type": "Feature", "properties": { "distrito": "Nou Barris", "admin_level": "9" }, "geometry": { "type": "Polygon", "coordinates": [ [ [ 2.1574271, 41.4463783 ], [ 2.1576106, 41.4465805 ], [ 2.1576362, 41.4466146 ], [ 2.1576409, 41.4466365 ], [ 2.1576371, 41.4466583 ], [ 2.15758, 41.446807 ], [ 2.1575613, 41.4469436 ], [ 2.1575542, 41.446975 ], [ 2.1575404, 41.4470063 ], [ 2.1575234, 41.4470331 ], [ 2.1575005, 41.4470632 ], [ 2.1574664, 41.4470936 ], [ 2.1574245, 41.447125 ], [ 2.1573254, 41.4471872 ], [ 2.1571993, 41.4472445 ], [ 2.1571038, 41.4472996 ], [ 2.157062, 41.4473376 ], [ 2.1570435, 41.4473606 ], [ 2.1570317, 41.4473836 ], [ 2.1570299, 41.4473979 ], [ 2.1570332, 41.4474122 ], [ 2.157045, 41.4474279 ], [ 2.1570619, 41.4474385 ], [ 2.1570845, 41.4474456 ], [ 2.1571157, 41.4474514 ], [ 2.1571645, 41.4474551 ], [ 2.1574284, 41.4474616 ], [ 2.1575345, 41.4474909 ], [ 2.1576315, 41.4475293 ], [ 2.157825, 41.447628 ], [ 2.157923, 41.4477 ], [ 2.158103, 41.447858 ], [ 2.1583073, 41.4480384 ], [ 2.1587371, 41.4485327 ], [ 2.158912, 41.448805 ], [ 2.159083, 41.448997 ], [ 2.159138, 41.449075 ], [ 2.1592144, 41.4491861 ], [ 2.1592762, 41.4492631 ], [ 2.1593118, 41.4492979 ], [ 2.159345, 41.4493208 ], [ 2.1593781, 41.4493342 ], [ 2.1589415, 41.4507081 ], [ 2.1592082, 41.4508217 ], [ 2.1611914, 41.4504804 ], [ 2.1620492, 41.4504328 ], [ 2.1630313, 41.4499925 ], [ 2.1642089, 41.4499034 ], [ 2.1648291, 41.4510819 ], [ 2.1656669, 41.4518364 ], [ 2.1648552, 41.4527643 ], [ 2.1651421, 41.4548671 ], [ 2.1646545, 41.4553572 ], [ 2.1644501, 41.4559596 ], [ 2.164424, 41.4560698 ], [ 2.1644859, 41.4561581 ], [ 2.1646289, 41.4563619 ], [ 2.1650376, 41.4569447 ], [ 2.1653012, 41.4573206 ], [ 2.1656181, 41.4577725 ], [ 2.1659358, 41.4582255 ], [ 2.1659143, 41.4583654 ], [ 2.1658885, 41.4585337 ], [ 2.1664449, 41.4586077 ], [ 2.1670195, 41.4591316 ], [ 2.1675674, 41.4596285 ], [ 2.1686668, 41.4602091 ], [ 2.1700407, 41.4608474 ], [ 2.1711235, 41.461061 ], [ 2.1720148, 41.4613726 ], [ 2.1724913, 41.4619453 ], [ 2.1730858, 41.4621976 ], [ 2.1737701, 41.4623738 ], [ 2.1746277, 41.4635235 ], [ 2.1779278, 41.4643829 ], [ 2.1790221, 41.4643409 ], [ 2.1792798, 41.4643316 ], [ 2.1803656, 41.4645506 ], [ 2.180041, 41.4651914 ], [ 2.1804374, 41.4656516 ], [ 2.180469, 41.4659192 ], [ 2.1795103, 41.4656298 ], [ 2.1790791, 41.4661047 ], [ 2.1788805, 41.4669822 ], [ 2.1786475, 41.4679046 ], [ 2.1787876, 41.467813 ], [ 2.17883, 41.4677853 ], [ 2.1796126, 41.4672739 ], [ 2.180085, 41.4673909 ], [ 2.1806563, 41.467274 ], [ 2.1826228, 41.4676391 ], [ 2.183149, 41.4677122 ], [ 2.1843704, 41.4678721 ], [ 2.184673, 41.4679135 ], [ 2.1853639, 41.4674966 ], [ 2.1856892, 41.4673003 ], [ 2.1869945, 41.4674574 ], [ 2.1875053, 41.4621675 ], [ 2.1875748, 41.4619449 ], [ 2.1874649, 41.4619468 ], [ 2.1874985, 41.4613693 ], [ 2.1876804, 41.4596007 ], [ 2.1878628, 41.4588197 ], [ 2.1882536, 41.4580386 ], [ 2.1888138, 41.457282 ], [ 2.1876125, 41.4566881 ], [ 2.1877179, 41.4565588 ], [ 2.1877899, 41.4564618 ], [ 2.1878553, 41.4563658 ], [ 2.1879215, 41.4562617 ], [ 2.188148, 41.455867 ], [ 2.1881997, 41.455748 ], [ 2.1882976, 41.455535 ], [ 2.1883851, 41.4553251 ], [ 2.1884687, 41.4551025 ], [ 2.1885371, 41.4548926 ], [ 2.1885928, 41.4547069 ], [ 2.1886429, 41.4545166 ], [ 2.1886924, 41.4542919 ], [ 2.1887155, 41.4541825 ], [ 2.1887311, 41.4540579 ], [ 2.1887369, 41.4539668 ], [ 2.1887324, 41.4536216 ], [ 2.1887457, 41.4534372 ], [ 2.1887488, 41.4533942 ], [ 2.1887578, 41.4531846 ], [ 2.1887516, 41.4524908 ], [ 2.1887058, 41.4517175 ], [ 2.1887013, 41.4516458 ], [ 2.1886512, 41.4508539 ], [ 2.1886124, 41.4505454 ], [ 2.1885605, 41.4502662 ], [ 2.1885289, 41.4501556 ], [ 2.1883926, 41.4496281 ], [ 2.1883814, 41.4495648 ], [ 2.1883447, 41.4493691 ], [ 2.1882757, 41.4491491 ], [ 2.1882548, 41.4490816 ], [ 2.1881307, 41.4487018 ], [ 2.1880673, 41.4484835 ], [ 2.1879751, 41.4481515 ], [ 2.1878334, 41.4476942 ], [ 2.1876962, 41.4472678 ], [ 2.1875608, 41.4468385 ], [ 2.1874911, 41.4466142 ], [ 2.1874425, 41.4464866 ], [ 2.1872162, 41.4457659 ], [ 2.1871444, 41.4455452 ], [ 2.1870683, 41.4453115 ], [ 2.1869318, 41.444906 ], [ 2.1867337, 41.4443311 ], [ 2.1866578, 41.4440874 ], [ 2.1866451, 41.4440525 ], [ 2.1866218, 41.4439719 ], [ 2.1864026, 41.4432921 ], [ 2.1863569, 41.4431292 ], [ 2.1863438, 41.4430827 ], [ 2.1863046, 41.4429729 ], [ 2.1862097, 41.4426915 ], [ 2.1861859, 41.4426186 ], [ 2.1861726, 41.4425754 ], [ 2.1861585, 41.4425298 ], [ 2.186122, 41.442401 ], [ 2.1860795, 41.4422374 ], [ 2.1859559, 41.4418353 ], [ 2.1858482, 41.4414451 ], [ 2.1854918, 41.4402592 ], [ 2.1853449, 41.4398149 ], [ 2.1852655, 41.4395627 ], [ 2.1847797, 41.4381464 ], [ 2.1845826, 41.4375498 ], [ 2.1842803, 41.4366265 ], [ 2.1842682, 41.4365926 ], [ 2.1842272, 41.4364704 ], [ 2.1841335, 41.4361935 ], [ 2.1839072, 41.4355245 ], [ 2.1838713, 41.4354101 ], [ 2.1835476, 41.4344523 ], [ 2.1834875, 41.4342615 ], [ 2.1834738, 41.4342279 ], [ 2.1834305, 41.4340962 ], [ 2.1832413, 41.4335402 ], [ 2.1831132, 41.4331639 ], [ 2.1830465, 41.4329679 ], [ 2.1829461, 41.432711 ], [ 2.1827994, 41.4323095 ], [ 2.1827623, 41.4321991 ], [ 2.1827259, 41.4320906 ], [ 2.1827081, 41.4320341 ], [ 2.1826963, 41.4320005 ], [ 2.1826442, 41.4318005 ], [ 2.1826095, 41.4316067 ], [ 2.1825833, 41.4314333 ], [ 2.1825718, 41.431296 ], [ 2.1825686, 41.4311647 ], [ 2.1825746, 41.4310747 ], [ 2.1825891, 41.4309922 ], [ 2.1826015, 41.4309349 ], [ 2.1826304, 41.4308288 ], [ 2.1826468, 41.4307781 ], [ 2.1826814, 41.4306689 ], [ 2.1827224, 41.4305702 ], [ 2.1827757, 41.4304629 ], [ 2.1828086, 41.4303998 ], [ 2.1828334, 41.4303619 ], [ 2.1828508, 41.430338 ], [ 2.182944, 41.4301975 ], [ 2.1830384, 41.4300815 ], [ 2.1830635, 41.4300527 ], [ 2.1832366, 41.4298347 ], [ 2.1835282, 41.4294547 ], [ 2.1837205, 41.4291808 ], [ 2.1838646, 41.4289754 ], [ 2.1839176, 41.4288948 ], [ 2.1839636, 41.428825 ], [ 2.1839849, 41.4287896 ], [ 2.1840188, 41.4287435 ], [ 2.1840777, 41.4286516 ], [ 2.1841512, 41.4285489 ], [ 2.1842052, 41.4284679 ], [ 2.1843424, 41.4282558 ], [ 2.18435, 41.4281196 ], [ 2.1843438, 41.428053 ], [ 2.1843369, 41.4280001 ], [ 2.1843058, 41.4277543 ], [ 2.1842928, 41.4276835 ], [ 2.1842499, 41.4276758 ], [ 2.1842143, 41.4276715 ], [ 2.1841406, 41.4276723 ], [ 2.1825998, 41.4277118 ], [ 2.1825292, 41.4277142 ], [ 2.1824323, 41.4277176 ], [ 2.1820992, 41.4277292 ], [ 2.1816873, 41.4277436 ], [ 2.1808336, 41.4277733 ], [ 2.1807267, 41.427777 ], [ 2.1806647, 41.4277792 ], [ 2.1798164, 41.4278087 ], [ 2.1797371, 41.4278116 ], [ 2.1796199, 41.4278191 ], [ 2.1792289, 41.4278691 ], [ 2.1790288, 41.4279026 ], [ 2.1789301, 41.4279191 ], [ 2.1781569, 41.4280403 ], [ 2.1780747, 41.4280532 ], [ 2.177471, 41.4281627 ], [ 2.1774337, 41.4281694 ], [ 2.1772992, 41.4281938 ], [ 2.1772852, 41.4280222 ], [ 2.177283, 41.4279966 ], [ 2.1772585, 41.4277649 ], [ 2.1772537, 41.4276941 ], [ 2.1772463, 41.4276239 ], [ 2.1772437, 41.4275869 ], [ 2.1772431, 41.4275783 ], [ 2.1772415, 41.4274843 ], [ 2.1772404, 41.4274242 ], [ 2.1772425, 41.4272243 ], [ 2.1772442, 41.4270629 ], [ 2.1772484, 41.4268611 ], [ 2.1772502, 41.4268309 ], [ 2.1772531, 41.4267807 ], [ 2.1772625, 41.4266347 ], [ 2.1772847, 41.42621 ], [ 2.1772853, 41.426196 ], [ 2.1773151, 41.4255626 ], [ 2.1773189, 41.4254809 ], [ 2.1772135, 41.425479 ], [ 2.1771477, 41.4254796 ], [ 2.1771154, 41.4254775 ], [ 2.1765508, 41.4254689 ], [ 2.1764096, 41.4254654 ], [ 2.1759337, 41.4255242 ], [ 2.1759144, 41.4255307 ], [ 2.1758087, 41.4255663 ], [ 2.1756687, 41.4256097 ], [ 2.1755815, 41.4256349 ], [ 2.1754967, 41.4256595 ], [ 2.1751499, 41.4257539 ], [ 2.1751122, 41.4257642 ], [ 2.1749811, 41.4257999 ], [ 2.1748022, 41.4258484 ], [ 2.1741728, 41.426019 ], [ 2.1737642, 41.4261295 ], [ 2.1735092, 41.4261985 ], [ 2.1734453, 41.4262163 ], [ 2.1734128, 41.4262253 ], [ 2.173013, 41.4263365 ], [ 2.1729053, 41.4263664 ], [ 2.1727007, 41.4264233 ], [ 2.1725499, 41.4264652 ], [ 2.1725051, 41.4264777 ], [ 2.172363, 41.4265172 ], [ 2.1722098, 41.426561 ], [ 2.1711972, 41.4268504 ], [ 2.1711696, 41.4268583 ], [ 2.1710165, 41.4269021 ], [ 2.1703339, 41.4270907 ], [ 2.1703027, 41.4270993 ], [ 2.1702478, 41.4271145 ], [ 2.1699708, 41.4271818 ], [ 2.1699319, 41.4271916 ], [ 2.1698548, 41.4272109 ], [ 2.1697051, 41.4272389 ], [ 2.1691206, 41.4273214 ], [ 2.169079, 41.4273276 ], [ 2.1688379, 41.4273634 ], [ 2.1686432, 41.4273896 ], [ 2.1683565, 41.4274282 ], [ 2.1681618, 41.4274544 ], [ 2.1674932, 41.4275444 ], [ 2.1673238, 41.4275672 ], [ 2.1671969, 41.4275831 ], [ 2.1669592, 41.427613 ], [ 2.1661894, 41.4276861 ], [ 2.1659834, 41.4277056 ], [ 2.1657491, 41.4277292 ], [ 2.1651422, 41.4277903 ], [ 2.165014, 41.4278032 ], [ 2.1648958, 41.4278175 ], [ 2.1647386, 41.4278386 ], [ 2.1645713, 41.427861 ], [ 2.1644491, 41.4278774 ], [ 2.1641885, 41.4279169 ], [ 2.1640923, 41.4279315 ], [ 2.163952, 41.4279668 ], [ 2.1639172, 41.4279769 ], [ 2.1638493, 41.427992 ], [ 2.1637226, 41.4280428 ], [ 2.1636379, 41.4280873 ], [ 2.1637336, 41.4281512 ], [ 2.1638374, 41.4282206 ], [ 2.1638872, 41.4282533 ], [ 2.1647222, 41.4288014 ], [ 2.1648094, 41.4288587 ], [ 2.164979, 41.4289595 ], [ 2.165033, 41.4289916 ], [ 2.1653696, 41.4291796 ], [ 2.1657505, 41.4293921 ], [ 2.1660277, 41.4295477 ], [ 2.1660537, 41.4295629 ], [ 2.1660972, 41.4295883 ], [ 2.1661279, 41.4296062 ], [ 2.1661527, 41.4296207 ], [ 2.1660592, 41.429676 ], [ 2.1658165, 41.4298195 ], [ 2.1652951, 41.4301279 ], [ 2.1652112, 41.430171 ], [ 2.1648367, 41.4303716 ], [ 2.1648173, 41.4303857 ], [ 2.1645565, 41.4305733 ], [ 2.1644119, 41.4306749 ], [ 2.1640943, 41.4309378 ], [ 2.1640687, 41.4309591 ], [ 2.1639724, 41.4310392 ], [ 2.163716, 41.4312874 ], [ 2.1635355, 41.4314847 ], [ 2.1634183, 41.4316375 ], [ 2.163345, 41.43174 ], [ 2.1632294, 41.4319378 ], [ 2.1631638, 41.4321303 ], [ 2.163133, 41.4322807 ], [ 2.1630964, 41.4323334 ], [ 2.1630861, 41.4325604 ], [ 2.1631168, 41.4326749 ], [ 2.1631171, 41.4327443 ], [ 2.1631177, 41.4328591 ], [ 2.1631179, 41.4328934 ], [ 2.1631574, 41.4330599 ], [ 2.1631901, 41.4331874 ], [ 2.1631955, 41.4332084 ], [ 2.1632308, 41.4333461 ], [ 2.1633053, 41.433637 ], [ 2.1633177, 41.4336856 ], [ 2.1633306, 41.4337358 ], [ 2.1633457, 41.4337946 ], [ 2.1633933, 41.4339407 ], [ 2.1634759, 41.4341931 ], [ 2.1635433, 41.4344429 ], [ 2.1635809, 41.434563 ], [ 2.1636204, 41.4346877 ], [ 2.1637226, 41.4349806 ], [ 2.1638013, 41.4352149 ], [ 2.1638306, 41.435302 ], [ 2.1638693, 41.4353874 ], [ 2.1641158, 41.4359312 ], [ 2.1642178, 41.4361484 ], [ 2.1642672, 41.4362535 ], [ 2.164138, 41.4362905 ], [ 2.1634008, 41.4365014 ], [ 2.1632399, 41.4365477 ], [ 2.1633883, 41.4368425 ], [ 2.1635454, 41.4371546 ], [ 2.1631263, 41.4373295 ], [ 2.1636518, 41.4378718 ], [ 2.1629251, 41.4382798 ], [ 2.1628746, 41.4383081 ], [ 2.1628388, 41.4383328 ], [ 2.1627236, 41.4384062 ], [ 2.1624188, 41.4386005 ], [ 2.1622691, 41.438722 ], [ 2.1620607, 41.438911 ], [ 2.161902, 41.4390826 ], [ 2.1618439, 41.4391623 ], [ 2.1617759, 41.4392502 ], [ 2.161953, 41.439581 ], [ 2.1618731, 41.4396345 ], [ 2.1618079, 41.4396832 ], [ 2.1617982, 41.4396919 ], [ 2.1617331, 41.4397489 ], [ 2.1616774, 41.4398113 ], [ 2.1616319, 41.4398781 ], [ 2.1615971, 41.4399485 ], [ 2.1615736, 41.4400215 ], [ 2.1615633, 41.4400795 ], [ 2.1615601, 41.440138 ], [ 2.1615641, 41.4401964 ], [ 2.1615752, 41.4402544 ], [ 2.1616063, 41.4403706 ], [ 2.16166, 41.4404757 ], [ 2.1616947, 41.4405166 ], [ 2.1617334, 41.4405554 ], [ 2.161776, 41.4405919 ], [ 2.1618221, 41.4406258 ], [ 2.1619014, 41.4406737 ], [ 2.1619878, 41.4407141 ], [ 2.16208, 41.4407464 ], [ 2.1621767, 41.4407703 ], [ 2.1622766, 41.4407853 ], [ 2.1623465, 41.4407918 ], [ 2.1624363, 41.4407929 ], [ 2.1624864, 41.4407901 ], [ 2.1625552, 41.440782 ], [ 2.1626227, 41.4407722 ], [ 2.1625409, 41.4409128 ], [ 2.1624345, 41.4410963 ], [ 2.1624232, 41.4412535 ], [ 2.1624187, 41.4413156 ], [ 2.162255, 41.4413843 ], [ 2.1621423, 41.4414335 ], [ 2.161816, 41.4415862 ], [ 2.1617383, 41.4416211 ], [ 2.1616651, 41.441655 ], [ 2.1615975, 41.4416903 ], [ 2.161551, 41.4417237 ], [ 2.1615093, 41.4417668 ], [ 2.1614862, 41.4418152 ], [ 2.1613763, 41.4416769 ], [ 2.1604269, 41.4420997 ], [ 2.1601269, 41.4422018 ], [ 2.1599922, 41.4423566 ], [ 2.1599766, 41.4423853 ], [ 2.1599183, 41.4423543 ], [ 2.1598545, 41.4423154 ], [ 2.159809, 41.4422796 ], [ 2.1597708, 41.4422421 ], [ 2.1597403, 41.4422015 ], [ 2.1597153, 41.4421568 ], [ 2.1596871, 41.4421011 ], [ 2.159638, 41.4421329 ], [ 2.1591994, 41.442369 ], [ 2.1591383, 41.4424112 ], [ 2.1590811, 41.442478 ], [ 2.1590357, 41.4425447 ], [ 2.1590012, 41.4425978 ], [ 2.158939, 41.4426938 ], [ 2.1587861, 41.442906 ], [ 2.1587106, 41.4430097 ], [ 2.1585941, 41.4432545 ], [ 2.158557, 41.443403 ], [ 2.1584791, 41.443619 ], [ 2.158452, 41.443743 ], [ 2.1583735, 41.4438975 ], [ 2.1583246, 41.4439664 ], [ 2.1582542, 41.4440338 ], [ 2.1581428, 41.4440895 ], [ 2.158058, 41.444113 ], [ 2.1579942, 41.4441848 ], [ 2.1579746, 41.4443255 ], [ 2.157972, 41.444452 ], [ 2.1579148, 41.4445865 ], [ 2.1578494, 41.444675 ], [ 2.1577804, 41.4447554 ], [ 2.1576659, 41.4448439 ], [ 2.1575224, 41.4449447 ], [ 2.1574079, 41.4449896 ], [ 2.1572154, 41.445055 ], [ 2.1571118, 41.4450849 ], [ 2.157038, 41.4451229 ], [ 2.1569374, 41.4451748 ], [ 2.156703, 41.445277 ], [ 2.156316, 41.4454581 ], [ 2.1562333, 41.4454836 ], [ 2.1561925, 41.4454962 ], [ 2.1561416, 41.4455112 ], [ 2.1559944, 41.445548 ], [ 2.1558852, 41.4455576 ], [ 2.1557205, 41.4455835 ], [ 2.1556907, 41.4456646 ], [ 2.1556987, 41.4456808 ], [ 2.1557252, 41.445734 ], [ 2.1558554, 41.4457763 ], [ 2.1560499, 41.445781 ], [ 2.1562334, 41.4457998 ], [ 2.1562919, 41.4458117 ], [ 2.1565691, 41.445868 ], [ 2.1567479, 41.4458997 ], [ 2.157071, 41.4459597 ], [ 2.1571824, 41.4459832 ], [ 2.1572812, 41.446102 ], [ 2.1574271, 41.4463783 ] ] ] } },
{ "type": "Feature", "properties": { "distrito": "Sant Andreu", "admin_level": "9" }, "geometry": { "type": "Polygon", "coordinates": [ [ [ 2.1759337, 41.4255242 ], [ 2.1764096, 41.4254654 ], [ 2.1765508, 41.4254689 ], [ 2.1771154, 41.4254775 ], [ 2.1771477, 41.4254796 ], [ 2.1772135, 41.425479 ], [ 2.1773189, 41.4254809 ], [ 2.1773151, 41.4255626 ], [ 2.1772853, 41.426196 ], [ 2.1772847, 41.42621 ], [ 2.1772625, 41.4266347 ], [ 2.1772531, 41.4267807 ], [ 2.1772502, 41.4268309 ], [ 2.1772484, 41.4268611 ], [ 2.1772442, 41.4270629 ], [ 2.1772425, 41.4272243 ], [ 2.1772404, 41.4274242 ], [ 2.1772415, 41.4274843 ], [ 2.1772431, 41.4275783 ], [ 2.1772437, 41.4275869 ], [ 2.1772463, 41.4276239 ], [ 2.1772537, 41.4276941 ], [ 2.1772585, 41.4277649 ], [ 2.177283, 41.4279966 ], [ 2.1772852, 41.4280222 ], [ 2.1772992, 41.4281938 ], [ 2.1774337, 41.4281694 ], [ 2.177471, 41.4281627 ], [ 2.1780747, 41.4280532 ], [ 2.1781569, 41.4280403 ], [ 2.1789301, 41.4279191 ], [ 2.1790288, 41.4279026 ], [ 2.1792289, 41.4278691 ], [ 2.1796199, 41.4278191 ], [ 2.1797371, 41.4278116 ], [ 2.1798164, 41.4278087 ], [ 2.1806647, 41.4277792 ], [ 2.1807267, 41.427777 ], [ 2.1808336, 41.4277733 ], [ 2.1816873, 41.4277436 ], [ 2.1820992, 41.4277292 ], [ 2.1824323, 41.4277176 ], [ 2.1825292, 41.4277142 ], [ 2.1825998, 41.4277118 ], [ 2.1841406, 41.4276723 ], [ 2.1842143, 41.4276715 ], [ 2.1842499, 41.4276758 ], [ 2.1842928, 41.4276835 ], [ 2.1843058, 41.4277543 ], [ 2.1843369, 41.4280001 ], [ 2.1843438, 41.428053 ], [ 2.18435, 41.4281196 ], [ 2.1843424, 41.4282558 ], [ 2.1842052, 41.4284679 ], [ 2.1841512, 41.4285489 ], [ 2.1840777, 41.4286516 ], [ 2.1840188, 41.4287435 ], [ 2.1839849, 41.4287896 ], [ 2.1839636, 41.428825 ], [ 2.1839176, 41.4288948 ], [ 2.1838646, 41.4289754 ], [ 2.1837205, 41.4291808 ], [ 2.1835282, 41.4294547 ], [ 2.1832366, 41.4298347 ], [ 2.1830635, 41.4300527 ], [ 2.1830384, 41.4300815 ], [ 2.182944, 41.4301975 ], [ 2.1828508, 41.430338 ], [ 2.1828334, 41.4303619 ], [ 2.1828086, 41.4303998 ], [ 2.1827757, 41.4304629 ], [ 2.1827224, 41.4305702 ], [ 2.1826814, 41.4306689 ], [ 2.1826468, 41.4307781 ], [ 2.1826304, 41.4308288 ], [ 2.1826015, 41.4309349 ], [ 2.1825891, 41.4309922 ], [ 2.1825746, 41.4310747 ], [ 2.1825686, 41.4311647 ], [ 2.1825718, 41.431296 ], [ 2.1825833, 41.4314333 ], [ 2.1826095, 41.4316067 ], [ 2.1826442, 41.4318005 ], [ 2.1826963, 41.4320005 ], [ 2.1827081, 41.4320341 ], [ 2.1827259, 41.4320906 ], [ 2.1827623, 41.4321991 ], [ 2.1827994, 41.4323095 ], [ 2.1829461, 41.432711 ], [ 2.1830465, 41.4329679 ], [ 2.1831132, 41.4331639 ], [ 2.1832413, 41.4335402 ], [ 2.1834305, 41.4340962 ], [ 2.1834738, 41.4342279 ], [ 2.1834875, 41.4342615 ], [ 2.1835476, 41.4344523 ], [ 2.1838713, 41.4354101 ], [ 2.1839072, 41.4355245 ], [ 2.1841335, 41.4361935 ], [ 2.1842272, 41.4364704 ], [ 2.1842682, 41.4365926 ], [ 2.1842803, 41.4366265 ], [ 2.1845826, 41.4375498 ], [ 2.1847797, 41.4381464 ], [ 2.1852655, 41.4395627 ], [ 2.1853449, 41.4398149 ], [ 2.1854918, 41.4402592 ], [ 2.1858482, 41.4414451 ], [ 2.1859559, 41.4418353 ], [ 2.1860795, 41.4422374 ], [ 2.186122, 41.442401 ], [ 2.1861585, 41.4425298 ], [ 2.1861726, 41.4425754 ], [ 2.1861859, 41.4426186 ], [ 2.1862097, 41.4426915 ], [ 2.1863046, 41.4429729 ], [ 2.1863438, 41.4430827 ], [ 2.1863569, 41.4431292 ], [ 2.1864026, 41.4432921 ], [ 2.1866218, 41.4439719 ], [ 2.1866451, 41.4440525 ], [ 2.1866578, 41.4440874 ], [ 2.1867337, 41.4443311 ], [ 2.1869318, 41.444906 ], [ 2.1870683, 41.4453115 ], [ 2.1871444, 41.4455452 ], [ 2.1872162, 41.4457659 ], [ 2.1874425, 41.4464866 ], [ 2.1874911, 41.4466142 ], [ 2.1875608, 41.4468385 ], [ 2.1876962, 41.4472678 ], [ 2.1878334, 41.4476942 ], [ 2.1879751, 41.4481515 ], [ 2.1880673, 41.4484835 ], [ 2.1881307, 41.4487018 ], [ 2.1882548, 41.4490816 ], [ 2.1882757, 41.4491491 ], [ 2.1883447, 41.4493691 ], [ 2.1883814, 41.4495648 ], [ 2.1883926, 41.4496281 ], [ 2.1885289, 41.4501556 ], [ 2.1885605, 41.4502662 ], [ 2.1886124, 41.4505454 ], [ 2.1886512, 41.4508539 ], [ 2.1887013, 41.4516458 ], [ 2.1887058, 41.4517175 ], [ 2.1887516, 41.4524908 ], [ 2.1887578, 41.4531846 ], [ 2.1887488, 41.4533942 ], [ 2.1887457, 41.4534372 ], [ 2.1887324, 41.4536216 ], [ 2.1887369, 41.4539668 ], [ 2.1887311, 41.4540579 ], [ 2.1887155, 41.4541825 ], [ 2.1886924, 41.4542919 ], [ 2.1886429, 41.4545166 ], [ 2.1885928, 41.4547069 ], [ 2.1885371, 41.4548926 ], [ 2.1884687, 41.4551025 ], [ 2.1883851, 41.4553251 ], [ 2.1882976, 41.455535 ], [ 2.1881997, 41.455748 ], [ 2.188148, 41.455867 ], [ 2.1879215, 41.4562617 ], [ 2.1878553, 41.4563658 ], [ 2.1877899, 41.4564618 ], [ 2.1877179, 41.4565588 ], [ 2.1876125, 41.4566881 ], [ 2.1888138, 41.457282 ], [ 2.1882536, 41.4580386 ], [ 2.1878628, 41.4588197 ], [ 2.1876804, 41.4596007 ], [ 2.1874985, 41.4613693 ], [ 2.1874649, 41.4619468 ], [ 2.1875748, 41.4619449 ], [ 2.1876363, 41.4617481 ], [ 2.1878961, 41.4609165 ], [ 2.1884979, 41.4596108 ], [ 2.1905147, 41.4575929 ], [ 2.1972287, 41.4526858 ], [ 2.1980784, 41.4520647 ], [ 2.199382, 41.4508877 ], [ 2.2009129, 41.4495054 ], [ 2.201349, 41.4490485 ], [ 2.2013718, 41.4490244 ], [ 2.2013922, 41.4490036 ], [ 2.2033902, 41.4469278 ], [ 2.2045136, 41.4457589 ], [ 2.2064078, 41.4434992 ], [ 2.2064554, 41.4434424 ], [ 2.207519, 41.4419043 ], [ 2.2085312, 41.4399047 ], [ 2.2087896, 41.4386506 ], [ 2.20934, 41.436861 ], [ 2.2094951, 41.4361099 ], [ 2.2095296, 41.4359431 ], [ 2.2105604, 41.4336748 ], [ 2.2096384, 41.4336655 ], [ 2.2090823, 41.433659 ], [ 2.2059186, 41.4329591 ], [ 2.2061683, 41.4323312 ], [ 2.2063873, 41.431459 ], [ 2.206464, 41.4311615 ], [ 2.2065341, 41.4309564 ], [ 2.2066629, 41.4305804 ], [ 2.2066807, 41.4305219 ], [ 2.2068516, 41.4300534 ], [ 2.2069678, 41.4297199 ], [ 2.20712, 41.4292942 ], [ 2.2074462, 41.4280262 ], [ 2.2072969, 41.4277635 ], [ 2.2049319, 41.4288857 ], [ 2.2038895, 41.429373 ], [ 2.2028462, 41.4296551 ], [ 2.2013872, 41.4300995 ], [ 2.2004166, 41.4302363 ], [ 2.1991661, 41.4301239 ], [ 2.1980718, 41.42966 ], [ 2.1977517, 41.4294076 ], [ 2.1972251, 41.428903 ], [ 2.1971049, 41.4287279 ], [ 2.1966323, 41.4274379 ], [ 2.1963961, 41.4266977 ], [ 2.1961959, 41.4260705 ], [ 2.1955706, 41.4239557 ], [ 2.1951212, 41.4226028 ], [ 2.1950679, 41.4224192 ], [ 2.1945676, 41.420698 ], [ 2.1937338, 41.4185001 ], [ 2.1931932, 41.4169663 ], [ 2.1924246, 41.4148269 ], [ 2.1924111, 41.4145473 ], [ 2.1923046, 41.4146258 ], [ 2.1922958, 41.4146269 ], [ 2.1921558, 41.4147356 ], [ 2.1917722, 41.4150317 ], [ 2.1913161, 41.4153763 ], [ 2.1911541, 41.4154924 ], [ 2.1911216, 41.4155202 ], [ 2.1910741, 41.4155539 ], [ 2.1909981, 41.4153707 ], [ 2.1909226, 41.4151622 ], [ 2.1908899, 41.4151068 ], [ 2.1907601, 41.4150002 ], [ 2.1906255, 41.4149021 ], [ 2.1903701, 41.4147174 ], [ 2.1903353, 41.414692 ], [ 2.1902386, 41.4146211 ], [ 2.1900699, 41.4144919 ], [ 2.1899677, 41.4144109 ], [ 2.1898108, 41.4142863 ], [ 2.1892584, 41.4138547 ], [ 2.1892176, 41.4138228 ], [ 2.1890676, 41.4137055 ], [ 2.1890307, 41.4136767 ], [ 2.1888395, 41.4138189 ], [ 2.1888147, 41.4138399 ], [ 2.1887702, 41.4138736 ], [ 2.1880821, 41.4143908 ], [ 2.1878903, 41.4145362 ], [ 2.1878575, 41.4145611 ], [ 2.1876811, 41.4146935 ], [ 2.1876502, 41.4147157 ], [ 2.1875319, 41.4148048 ], [ 2.1871723, 41.4150759 ], [ 2.1871279, 41.4151093 ], [ 2.1870142, 41.4152003 ], [ 2.1869106, 41.4152756 ], [ 2.1867971, 41.4153554 ], [ 2.1866592, 41.4154583 ], [ 2.1866228, 41.4154847 ], [ 2.1866074, 41.415496 ], [ 2.1863577, 41.4156774 ], [ 2.1862412, 41.4157661 ], [ 2.1858096, 41.4160946 ], [ 2.1856511, 41.4162153 ], [ 2.1855912, 41.4162609 ], [ 2.1854897, 41.4163381 ], [ 2.185423, 41.4163889 ], [ 2.1854094, 41.4163992 ], [ 2.1852541, 41.4165175 ], [ 2.1852462, 41.4165235 ], [ 2.1851159, 41.4166227 ], [ 2.1850313, 41.4166871 ], [ 2.1850132, 41.4167009 ], [ 2.1847804, 41.4168757 ], [ 2.184613, 41.4169991 ], [ 2.1845788, 41.4170243 ], [ 2.1844293, 41.4171353 ], [ 2.1843702, 41.4171797 ], [ 2.184205, 41.417303 ], [ 2.1841807, 41.4173213 ], [ 2.1836944, 41.417689 ], [ 2.183587, 41.4177734 ], [ 2.1835245, 41.4178185 ], [ 2.1834968, 41.4178378 ], [ 2.1833911, 41.4179144 ], [ 2.183339, 41.4179535 ], [ 2.1833377, 41.4179506 ], [ 2.1831627, 41.4178207 ], [ 2.1831415, 41.4178047 ], [ 2.182484, 41.4173157 ], [ 2.1824729, 41.4173074 ], [ 2.1824519, 41.4172918 ], [ 2.182447, 41.4172881 ], [ 2.1822125, 41.4171138 ], [ 2.1819865, 41.4169466 ], [ 2.1817802, 41.4167945 ], [ 2.1813445, 41.4164682 ], [ 2.1813124, 41.4164456 ], [ 2.1812611, 41.4164083 ], [ 2.1810997, 41.4162886 ], [ 2.1809207, 41.4161551 ], [ 2.1807177, 41.4160036 ], [ 2.1807138, 41.4160007 ], [ 2.1806561, 41.4159573 ], [ 2.1805733, 41.415896 ], [ 2.1804924, 41.4158355 ], [ 2.1804779, 41.4159062 ], [ 2.1804634, 41.4159768 ], [ 2.1804505, 41.4160639 ], [ 2.1804424, 41.4161223 ], [ 2.1804226, 41.4162802 ], [ 2.1804176, 41.416334 ], [ 2.180411, 41.4164715 ], [ 2.1804099, 41.4164984 ], [ 2.1804017, 41.4167556 ], [ 2.1803965, 41.4169245 ], [ 2.1803947, 41.4170243 ], [ 2.1803942, 41.4170506 ], [ 2.1803933, 41.4170972 ], [ 2.1803926, 41.4171345 ], [ 2.1803957, 41.4172065 ], [ 2.180399, 41.4173647 ], [ 2.180405, 41.417536 ], [ 2.1804156, 41.4176888 ], [ 2.1804388, 41.417915 ], [ 2.1804598, 41.4180584 ], [ 2.1804683, 41.4181222 ], [ 2.1804715, 41.4181438 ], [ 2.1804906, 41.4182743 ], [ 2.1805071, 41.4183869 ], [ 2.180517, 41.4184434 ], [ 2.1805569, 41.4186707 ], [ 2.1805618, 41.4186923 ], [ 2.1806068, 41.4188923 ], [ 2.1806237, 41.4189672 ], [ 2.1806701, 41.4191771 ], [ 2.1806769, 41.4192037 ], [ 2.1807022, 41.4193167 ], [ 2.1807169, 41.4193822 ], [ 2.1807342, 41.4194501 ], [ 2.1807412, 41.4194851 ], [ 2.180773, 41.4196061 ], [ 2.1807849, 41.4196449 ], [ 2.1808028, 41.419713 ], [ 2.1808254, 41.4198301 ], [ 2.1808321, 41.4198809 ], [ 2.1808367, 41.4199203 ], [ 2.18084, 41.4200012 ], [ 2.1808378, 41.4200593 ], [ 2.1808303, 41.420117 ], [ 2.1808175, 41.420179 ], [ 2.1808033, 41.4202374 ], [ 2.1807871, 41.4202865 ], [ 2.1807365, 41.4203881 ], [ 2.1807091, 41.4204336 ], [ 2.1806906, 41.4204641 ], [ 2.1806544, 41.4205184 ], [ 2.1804846, 41.4207145 ], [ 2.1803471, 41.4208633 ], [ 2.1802737, 41.4209424 ], [ 2.1802353, 41.4209831 ], [ 2.1802215, 41.4209976 ], [ 2.1800132, 41.4212184 ], [ 2.1798368, 41.4214052 ], [ 2.1797688, 41.4214773 ], [ 2.1797324, 41.4215158 ], [ 2.1796953, 41.4215555 ], [ 2.179672, 41.4215798 ], [ 2.1794244, 41.421842 ], [ 2.1794209, 41.4218458 ], [ 2.179312, 41.4219612 ], [ 2.1792628, 41.4220133 ], [ 2.1791372, 41.422148 ], [ 2.1790524, 41.4222361 ], [ 2.178938, 41.4223573 ], [ 2.178822, 41.4224829 ], [ 2.1787303, 41.4225823 ], [ 2.1787061, 41.42261 ], [ 2.1786253, 41.4227006 ], [ 2.1782886, 41.423086 ], [ 2.1782657, 41.4231099 ], [ 2.1782137, 41.4231699 ], [ 2.1780733, 41.4233095 ], [ 2.1778588, 41.4235424 ], [ 2.1778119, 41.4235949 ], [ 2.1777918, 41.4236175 ], [ 2.1776325, 41.4237946 ], [ 2.1774997, 41.4239421 ], [ 2.1773797, 41.4240754 ], [ 2.1772967, 41.4241608 ], [ 2.1772188, 41.4242465 ], [ 2.1771934, 41.4242728 ], [ 2.1771524, 41.4243153 ], [ 2.177009, 41.4244646 ], [ 2.1769901, 41.4244842 ], [ 2.1769212, 41.4245585 ], [ 2.1769113, 41.4245697 ], [ 2.1767006, 41.4248092 ], [ 2.1766763, 41.4248368 ], [ 2.176512, 41.4250236 ], [ 2.1762887, 41.4252707 ], [ 2.1762488, 41.4253115 ], [ 2.1762188, 41.4253392 ], [ 2.176092, 41.4254379 ], [ 2.1759656, 41.4255068 ], [ 2.1759337, 41.4255242 ] ] ] } },
{ "type": "Feature", "properties": { "distrito": "Sant Martí", "admin_level": "9" }, "geometry": { "type": "MultiPolygon", "coordinates": [ [ [ [ 2.2224032, 41.4040781 ], [ 2.2223726, 41.4041173 ], [ 2.2223996, 41.4042001 ], [ 2.2226075, 41.4045668 ], [ 2.2228529, 41.4049663 ], [ 2.2229802, 41.4050582 ], [ 2.2232293, 41.4052347 ], [ 2.2232983, 41.4053281 ], [ 2.2233982, 41.4053255 ], [ 2.2234685, 41.4052588 ], [ 2.2234587, 41.4051817 ], [ 2.2232765, 41.404998 ], [ 2.2230058, 41.4047198 ], [ 2.2228791, 41.4044389 ], [ 2.2226789, 41.4042538 ], [ 2.2226692, 41.404207 ], [ 2.2226995, 41.4041697 ], [ 2.2225572, 41.4038826 ], [ 2.2223848, 41.403651 ], [ 2.2222103, 41.40351 ], [ 2.2220995, 41.4034799 ], [ 2.221987, 41.4034954 ], [ 2.2219461, 41.4035631 ], [ 2.2220035, 41.4036635 ], [ 2.2221759, 41.403884 ], [ 2.222239, 41.4039684 ], [ 2.2224032, 41.4040781 ] ] ], [ [ [ 2.1756981, 41.4122248 ], [ 2.1763851, 41.412738 ], [ 2.1764386, 41.4127779 ], [ 2.1765489, 41.4128603 ], [ 2.1766181, 41.412912 ], [ 2.1768545, 41.4130923 ], [ 2.1768751, 41.413109 ], [ 2.1769872, 41.4131949 ], [ 2.1770344, 41.4132304 ], [ 2.1775087, 41.4135901 ], [ 2.1777178, 41.4137357 ], [ 2.1779455, 41.4139104 ], [ 2.1779665, 41.4139254 ], [ 2.1783702, 41.4142333 ], [ 2.1784942, 41.4143279 ], [ 2.1785479, 41.4143681 ], [ 2.178662, 41.4144526 ], [ 2.1787498, 41.4145192 ], [ 2.1788254, 41.4145751 ], [ 2.1789902, 41.4147001 ], [ 2.1790793, 41.4147674 ], [ 2.1790984, 41.4147819 ], [ 2.179111, 41.4147914 ], [ 2.1794106, 41.4150179 ], [ 2.1795171, 41.4150968 ], [ 2.1797394, 41.4152663 ], [ 2.1800134, 41.4154735 ], [ 2.1800356, 41.4154902 ], [ 2.1801889, 41.4156061 ], [ 2.1803739, 41.4157459 ], [ 2.1804189, 41.41578 ], [ 2.1804924, 41.4158355 ], [ 2.1805733, 41.415896 ], [ 2.1806561, 41.4159573 ], [ 2.1807138, 41.4160007 ], [ 2.1807177, 41.4160036 ], [ 2.1809207, 41.4161551 ], [ 2.1810997, 41.4162886 ], [ 2.1812611, 41.4164083 ], [ 2.1813124, 41.4164456 ], [ 2.1813445, 41.4164682 ], [ 2.1817802, 41.4167945 ], [ 2.1819865, 41.4169466 ], [ 2.1822125, 41.4171138 ], [ 2.182447, 41.4172881 ], [ 2.1824519, 41.4172918 ], [ 2.1824729, 41.4173074 ], [ 2.182484, 41.4173157 ], [ 2.1831415, 41.4178047 ], [ 2.1831627, 41.4178207 ], [ 2.1833377, 41.4179506 ], [ 2.183339, 41.4179535 ], [ 2.1833911, 41.4179144 ], [ 2.1834968, 41.4178378 ], [ 2.1835245, 41.4178185 ], [ 2.183587, 41.4177734 ], [ 2.1836944, 41.417689 ], [ 2.1841807, 41.4173213 ], [ 2.184205, 41.417303 ], [ 2.1843702, 41.4171797 ], [ 2.1844293, 41.4171353 ], [ 2.1845788, 41.4170243 ], [ 2.184613, 41.4169991 ], [ 2.1847804, 41.4168757 ], [ 2.1850132, 41.4167009 ], [ 2.1850313, 41.4166871 ], [ 2.1851159, 41.4166227 ], [ 2.1852462, 41.4165235 ], [ 2.1852541, 41.4165175 ], [ 2.1854094, 41.4163992 ], [ 2.185423, 41.4163889 ], [ 2.1854897, 41.4163381 ], [ 2.1855912, 41.4162609 ], [ 2.1856511, 41.4162153 ], [ 2.1858096, 41.4160946 ], [ 2.1862412, 41.4157661 ], [ 2.1863577, 41.4156774 ], [ 2.1866074, 41.415496 ], [ 2.1866228, 41.4154847 ], [ 2.1866592, 41.4154583 ], [ 2.1867971, 41.4153554 ], [ 2.1869106, 41.4152756 ], [ 2.1870142, 41.4152003 ], [ 2.1871279, 41.4151093 ], [ 2.1871723, 41.4150759 ], [ 2.1875319, 41.4148048 ], [ 2.1876502, 41.4147157 ], [ 2.1876811, 41.4146935 ], [ 2.1878575, 41.4145611 ], [ 2.1878903, 41.4145362 ], [ 2.1880821, 41.4143908 ], [ 2.1887702, 41.4138736 ], [ 2.1888147, 41.4138399 ], [ 2.1888395, 41.4138189 ], [ 2.1890307, 41.4136767 ], [ 2.1890676, 41.4137055 ], [ 2.1892176, 41.4138228 ], [ 2.1892584, 41.4138547 ], [ 2.1898108, 41.4142863 ], [ 2.1899677, 41.4144109 ], [ 2.1900699, 41.4144919 ], [ 2.1902386, 41.4146211 ], [ 2.1903353, 41.414692 ], [ 2.1903701, 41.4147174 ], [ 2.1906255, 41.4149021 ], [ 2.1907601, 41.4150002 ], [ 2.1908899, 41.4151068 ], [ 2.1909226, 41.4151622 ], [ 2.1909981, 41.4153707 ], [ 2.1910741, 41.4155539 ], [ 2.1911216, 41.4155202 ], [ 2.1911541, 41.4154924 ], [ 2.1913161, 41.4153763 ], [ 2.1917722, 41.4150317 ], [ 2.1921558, 41.4147356 ], [ 2.1922958, 41.4146269 ], [ 2.1923046, 41.4146258 ], [ 2.1924111, 41.4145473 ], [ 2.1924246, 41.4148269 ], [ 2.1931932, 41.4169663 ], [ 2.1937338, 41.4185001 ], [ 2.1945676, 41.420698 ], [ 2.1950679, 41.4224192 ], [ 2.1951212, 41.4226028 ], [ 2.1955706, 41.4239557 ], [ 2.1961959, 41.4260705 ], [ 2.1963961, 41.4266977 ], [ 2.1966323, 41.4274379 ], [ 2.1971049, 41.4287279 ], [ 2.1972251, 41.428903 ], [ 2.1977517, 41.4294076 ], [ 2.1980718, 41.42966 ], [ 2.1991661, 41.4301239 ], [ 2.2004166, 41.4302363 ], [ 2.2013872, 41.4300995 ], [ 2.2028462, 41.4296551 ], [ 2.2038895, 41.429373 ], [ 2.2049319, 41.4288857 ], [ 2.2072969, 41.4277635 ], [ 2.2072716, 41.4277093 ], [ 2.2072057, 41.4275956 ], [ 2.2070453, 41.4272935 ], [ 2.2067992, 41.4268417 ], [ 2.2067219, 41.4266998 ], [ 2.2065476, 41.4263763 ], [ 2.2064469, 41.4261796 ], [ 2.2061447, 41.4256223 ], [ 2.2068221, 41.4254588 ], [ 2.2077023, 41.4251259 ], [ 2.2080841, 41.4249801 ], [ 2.2086288, 41.4250995 ], [ 2.2086365, 41.4251045 ], [ 2.2088482, 41.4251536 ], [ 2.2089209, 41.4251214 ], [ 2.2092689, 41.4249553 ], [ 2.2099752, 41.4246294 ], [ 2.2100382, 41.4242362 ], [ 2.2101351, 41.4238368 ], [ 2.2111974, 41.4222727 ], [ 2.211466, 41.4219877 ], [ 2.2118553, 41.4212665 ], [ 2.2125201, 41.4208274 ], [ 2.2138276, 41.4201009 ], [ 2.2155899, 41.41891 ], [ 2.2159905, 41.4186227 ], [ 2.2161801, 41.4183308 ], [ 2.2165038, 41.4178723 ], [ 2.2170125, 41.4174338 ], [ 2.2174083, 41.4167106 ], [ 2.2200987, 41.4143961 ], [ 2.221251, 41.4132178 ], [ 2.2207503, 41.4125759 ], [ 2.2228301, 41.4123769 ], [ 2.2272081, 41.4103902 ], [ 2.2267427, 41.4096462 ], [ 2.2268027, 41.4094389 ], [ 2.226783, 41.4093429 ], [ 2.226636, 41.4092313 ], [ 2.2264148, 41.4088915 ], [ 2.2264541, 41.4086313 ], [ 2.2265546, 41.4086014 ], [ 2.2263909, 41.4083851 ], [ 2.2262364, 41.4084365 ], [ 2.2263531, 41.4086697 ], [ 2.2264103, 41.4086457 ], [ 2.2263767, 41.4088964 ], [ 2.2263551, 41.4088973 ], [ 2.2261565, 41.4085757 ], [ 2.2262211, 41.4085635 ], [ 2.2262188, 41.4085372 ], [ 2.2261618, 41.4085573 ], [ 2.2261158, 41.4085332 ], [ 2.2261314, 41.4085057 ], [ 2.2261751, 41.4084989 ], [ 2.2262202, 41.4085161 ], [ 2.2262443, 41.4085409 ], [ 2.2262766, 41.4085294 ], [ 2.2262364, 41.4084869 ], [ 2.2261785, 41.4084708 ], [ 2.225906, 41.4080427 ], [ 2.2261009, 41.407899 ], [ 2.22594, 41.4077405 ], [ 2.2258046, 41.4077668 ], [ 2.225833, 41.4079484 ], [ 2.2256956, 41.4077341 ], [ 2.2254277, 41.4073165 ], [ 2.2258539, 41.407039 ], [ 2.2259592, 41.4071257 ], [ 2.2261045, 41.4071766 ], [ 2.2262084, 41.40718 ], [ 2.2260365, 41.4069479 ], [ 2.2260903, 41.4069026 ], [ 2.226242, 41.4067991 ], [ 2.2260659, 41.4066071 ], [ 2.225893, 41.4066044 ], [ 2.2257105, 41.4067179 ], [ 2.225417, 41.4069585 ], [ 2.2254687, 41.4070207 ], [ 2.2250558, 41.4073078 ], [ 2.2250004, 41.407296 ], [ 2.2248826, 41.4071029 ], [ 2.2247681, 41.4069153 ], [ 2.225285, 41.4065289 ], [ 2.2253481, 41.4065315 ], [ 2.2257504, 41.406249 ], [ 2.2258216, 41.4061075 ], [ 2.2258402, 41.4060382 ], [ 2.2257578, 41.4059773 ], [ 2.225605, 41.4059379 ], [ 2.2254751, 41.4059929 ], [ 2.2250766, 41.4063177 ], [ 2.22489, 41.4064377 ], [ 2.2247777, 41.4064587 ], [ 2.2246669, 41.4064758 ], [ 2.224473, 41.4061979 ], [ 2.2243347, 41.4061735 ], [ 2.2241975, 41.4061843 ], [ 2.2240838, 41.4062317 ], [ 2.2239449, 41.4063237 ], [ 2.2238005, 41.406386 ], [ 2.2236566, 41.4063922 ], [ 2.2233887, 41.4061726 ], [ 2.2224773, 41.4054985 ], [ 2.2223185, 41.4053279 ], [ 2.2222499, 41.4053374 ], [ 2.2219252, 41.4050885 ], [ 2.2218925, 41.4050714 ], [ 2.2218339, 41.4050789 ], [ 2.2217779, 41.4051107 ], [ 2.2217564, 41.4051585 ], [ 2.2217734, 41.4051966 ], [ 2.2218877, 41.4052813 ], [ 2.2215372, 41.4055614 ], [ 2.2214116, 41.4054704 ], [ 2.2214384, 41.4054493 ], [ 2.2213708, 41.4053933 ], [ 2.2213455, 41.4054136 ], [ 2.2209719, 41.405138 ], [ 2.2213445, 41.4047779 ], [ 2.2213419, 41.4047559 ], [ 2.2214453, 41.4046515 ], [ 2.2215248, 41.4046994 ], [ 2.2217447, 41.4044855 ], [ 2.2216515, 41.4044323 ], [ 2.2216624, 41.4044156 ], [ 2.2216394, 41.4043953 ], [ 2.2219307, 41.4041656 ], [ 2.2219755, 41.4041277 ], [ 2.2219945, 41.4040811 ], [ 2.2219755, 41.4040517 ], [ 2.2219277, 41.4040128 ], [ 2.221874, 41.4040084 ], [ 2.2218239, 41.4040212 ], [ 2.2217356, 41.4040805 ], [ 2.2211294, 41.4045275 ], [ 2.2202772, 41.4051705 ], [ 2.2200824, 41.4052571 ], [ 2.2199728, 41.4052394 ], [ 2.2197021, 41.4051035 ], [ 2.2195822, 41.4050433 ], [ 2.2191545, 41.4048511 ], [ 2.2187577, 41.4046806 ], [ 2.2184762, 41.4045327 ], [ 2.2181483, 41.4043373 ], [ 2.2177776, 41.40405 ], [ 2.2175511, 41.4037979 ], [ 2.2174145, 41.403648 ], [ 2.2172274, 41.4034752 ], [ 2.2170355, 41.4032807 ], [ 2.2169602, 41.4030549 ], [ 2.2169957, 41.4030303 ], [ 2.2174062, 41.4027548 ], [ 2.2183391, 41.402101 ], [ 2.2182751, 41.402045 ], [ 2.2181903, 41.4020205 ], [ 2.217201, 41.4026909 ], [ 2.2169886, 41.4028427 ], [ 2.2166846, 41.4027309 ], [ 2.2161349, 41.4023846 ], [ 2.2158399, 41.402069 ], [ 2.2156839, 41.4018377 ], [ 2.2153225, 41.4015487 ], [ 2.2149976, 41.4011676 ], [ 2.2145723, 41.4007408 ], [ 2.2142985, 41.4003766 ], [ 2.2142082, 41.4001402 ], [ 2.2141804, 41.4001004 ], [ 2.2145462, 41.3997223 ], [ 2.2148309, 41.3995029 ], [ 2.2153598, 41.3991315 ], [ 2.2157525, 41.3988337 ], [ 2.2156677, 41.398758 ], [ 2.2154558, 41.3989518 ], [ 2.2153775, 41.3988929 ], [ 2.2153113, 41.398843 ], [ 2.2155645, 41.3986294 ], [ 2.2154668, 41.3985433 ], [ 2.2151921, 41.3987107 ], [ 2.2146748, 41.3991636 ], [ 2.2144348, 41.3994043 ], [ 2.2142607, 41.39938 ], [ 2.2139461, 41.3992915 ], [ 2.2137114, 41.3991874 ], [ 2.2135359, 41.399108 ], [ 2.213152, 41.3988663 ], [ 2.2128405, 41.3986339 ], [ 2.2123619, 41.3981847 ], [ 2.2119041, 41.3977215 ], [ 2.2115357, 41.3972795 ], [ 2.2112438, 41.3969315 ], [ 2.2109934, 41.396579 ], [ 2.2108433, 41.3963016 ], [ 2.2107788, 41.3961159 ], [ 2.2107545, 41.3960371 ], [ 2.2107323, 41.3959649 ], [ 2.2112763, 41.3955654 ], [ 2.211306, 41.395543 ], [ 2.2115585, 41.3953528 ], [ 2.2118486, 41.3951342 ], [ 2.2117206, 41.3950382 ], [ 2.2115263, 41.395188 ], [ 2.2113097, 41.395355 ], [ 2.2112548, 41.3953106 ], [ 2.2111425, 41.3953929 ], [ 2.2110344, 41.3953164 ], [ 2.2109224, 41.3952371 ], [ 2.2112919, 41.3949568 ], [ 2.211448, 41.3948382 ], [ 2.211318, 41.3947403 ], [ 2.2110087, 41.3949773 ], [ 2.2107798, 41.3951526 ], [ 2.2107447, 41.3951207 ], [ 2.2107404, 41.395124 ], [ 2.2100444, 41.3956631 ], [ 2.2098647, 41.3956357 ], [ 2.2096782, 41.3955773 ], [ 2.2091708, 41.3954186 ], [ 2.2088647, 41.3952648 ], [ 2.2084968, 41.395026 ], [ 2.2082703, 41.3948605 ], [ 2.2080272, 41.394653 ], [ 2.2077215, 41.3943719 ], [ 2.2074022, 41.3940493 ], [ 2.2071511, 41.3937759 ], [ 2.2069101, 41.3934777 ], [ 2.2066099, 41.3931082 ], [ 2.2064626, 41.3929396 ], [ 2.2060642, 41.3924472 ], [ 2.2058327, 41.3921439 ], [ 2.2055488, 41.3917494 ], [ 2.2054058, 41.3914823 ], [ 2.2057583, 41.3912244 ], [ 2.2057322, 41.3911918 ], [ 2.2062714, 41.3907605 ], [ 2.2061479, 41.3906623 ], [ 2.2055918, 41.3910962 ], [ 2.2055658, 41.3910794 ], [ 2.204886, 41.3916067 ], [ 2.204824, 41.3916826 ], [ 2.2046595, 41.3915626 ], [ 2.2045091, 41.3914529 ], [ 2.2047826, 41.3913625 ], [ 2.2053743, 41.3908858 ], [ 2.2058995, 41.390486 ], [ 2.2057609, 41.3903861 ], [ 2.2056092, 41.3905005 ], [ 2.204612, 41.3912422 ], [ 2.2044339, 41.3911848 ], [ 2.2039644, 41.3910686 ], [ 2.2037453, 41.3909936 ], [ 2.2036675, 41.390967 ], [ 2.2035239, 41.3909178 ], [ 2.2031538, 41.3907363 ], [ 2.2029407, 41.3906009 ], [ 2.2026154, 41.3904219 ], [ 2.2023243, 41.390201 ], [ 2.2020543, 41.3899663 ], [ 2.201838, 41.3897051 ], [ 2.2016228, 41.3894101 ], [ 2.201556, 41.3892712 ], [ 2.2014594, 41.3890702 ], [ 2.2012993, 41.3887936 ], [ 2.20157, 41.3885982 ], [ 2.2016977, 41.388506 ], [ 2.202443, 41.3879459 ], [ 2.2028333, 41.3876526 ], [ 2.2029135, 41.3877199 ], [ 2.2029794, 41.3877752 ], [ 2.2029166, 41.3878321 ], [ 2.2029914, 41.3878873 ], [ 2.2030639, 41.387833 ], [ 2.2030738, 41.3878256 ], [ 2.2036206, 41.3874161 ], [ 2.2033768, 41.386997 ], [ 2.2032425, 41.3867947 ], [ 2.2031203, 41.3866171 ], [ 2.2028913, 41.3863044 ], [ 2.2026134, 41.3859733 ], [ 2.2023315, 41.3856474 ], [ 2.202101, 41.3854053 ], [ 2.2018453, 41.3851552 ], [ 2.2016199, 41.3849463 ], [ 2.2013204, 41.3846885 ], [ 2.2010284, 41.3844521 ], [ 2.2007229, 41.3842213 ], [ 2.2005471, 41.3841077 ], [ 2.2006405, 41.3839843 ], [ 2.200686, 41.3838383 ], [ 2.200497, 41.3837337 ], [ 2.2002003, 41.3835606 ], [ 2.1998791, 41.3833613 ], [ 2.1994663, 41.3833443 ], [ 2.1989924, 41.3835024 ], [ 2.1988698, 41.3835748 ], [ 2.1988498, 41.3836624 ], [ 2.1990995, 41.3837759 ], [ 2.1993489, 41.3838809 ], [ 2.1994189, 41.3839151 ], [ 2.1994828, 41.3839582 ], [ 2.1994199, 41.3840301 ], [ 2.1994529, 41.3840475 ], [ 2.1995158, 41.3839748 ], [ 2.1998968, 41.3841517 ], [ 2.2000315, 41.3841059 ], [ 2.2002205, 41.3842113 ], [ 2.2004015, 41.3843248 ], [ 2.2007783, 41.3846056 ], [ 2.2011466, 41.3849045 ], [ 2.2015486, 41.3852652 ], [ 2.2019503, 41.3856655 ], [ 2.2022866, 41.3860375 ], [ 2.2026012, 41.3864253 ], [ 2.2025156, 41.386462 ], [ 2.2025523, 41.3865095 ], [ 2.2026316, 41.3864772 ], [ 2.2027294, 41.3866053 ], [ 2.2026051, 41.3866987 ], [ 2.2023966, 41.3868553 ], [ 2.2021471, 41.3866668 ], [ 2.2021866, 41.3866379 ], [ 2.2021474, 41.3866061 ], [ 2.2020966, 41.3866446 ], [ 2.2012044, 41.3859725 ], [ 2.2014094, 41.3858154 ], [ 2.2011749, 41.3856373 ], [ 2.2010349, 41.3857416 ], [ 2.2009848, 41.385704 ], [ 2.2011249, 41.3855981 ], [ 2.2008375, 41.3853859 ], [ 2.200803, 41.3854101 ], [ 2.2007974, 41.3854052 ], [ 2.200224, 41.3858377 ], [ 2.2002299, 41.3858427 ], [ 2.2002202, 41.3858505 ], [ 2.2001989, 41.3858676 ], [ 2.2003008, 41.3859516 ], [ 2.2003279, 41.385972 ], [ 2.2006606, 41.3862223 ], [ 2.2006902, 41.3862446 ], [ 2.2010251, 41.3864965 ], [ 2.2010563, 41.38652 ], [ 2.2013874, 41.3867691 ], [ 2.2014112, 41.386787 ], [ 2.2016757, 41.3869861 ], [ 2.2017132, 41.3870143 ], [ 2.2019391, 41.3871842 ], [ 2.2012194, 41.387723 ], [ 2.2004383, 41.3883178 ], [ 2.2003396, 41.388245 ], [ 2.2002405, 41.3883172 ], [ 2.1983267, 41.3868849 ], [ 2.1984306, 41.3868073 ], [ 2.1983306, 41.3867334 ], [ 2.1995183, 41.385839 ], [ 2.1994988, 41.3858256 ], [ 2.1994898, 41.3858321 ], [ 2.1992868, 41.3856809 ], [ 2.199423, 41.3855794 ], [ 2.1995887, 41.3857001 ], [ 2.19984, 41.3853807 ], [ 2.1997622, 41.3853248 ], [ 2.199914, 41.3852105 ], [ 2.1999498, 41.3852394 ], [ 2.1999862, 41.3851923 ], [ 2.199739, 41.3849977 ], [ 2.1995754, 41.3848888 ], [ 2.1979982, 41.3862797 ], [ 2.1975926, 41.386581 ], [ 2.1970845, 41.3869665 ], [ 2.1970187, 41.3870142 ], [ 2.1964963, 41.3873963 ], [ 2.1964266, 41.3874327 ], [ 2.1963492, 41.3874644 ], [ 2.1962599, 41.3874572 ], [ 2.1962196, 41.3874534 ], [ 2.1961267, 41.3874592 ], [ 2.1960085, 41.3874941 ], [ 2.1959141, 41.3875455 ], [ 2.1958592, 41.3876016 ], [ 2.1958218, 41.3876742 ], [ 2.1958019, 41.3877747 ], [ 2.195814, 41.3878876 ], [ 2.1956218, 41.3877443 ], [ 2.1956061, 41.3877342 ], [ 2.1955518, 41.3876899 ], [ 2.1953297, 41.3875321 ], [ 2.1953005, 41.3875104 ], [ 2.1950218, 41.3873035 ], [ 2.1949931, 41.3872825 ], [ 2.1948545, 41.3871796 ], [ 2.194825, 41.3871577 ], [ 2.1946831, 41.3870565 ], [ 2.1946288, 41.3870138 ], [ 2.1943749, 41.3868328 ], [ 2.1942285, 41.3867284 ], [ 2.19411, 41.3866405 ], [ 2.1938692, 41.386462 ], [ 2.1938596, 41.3864548 ], [ 2.1936284, 41.3862834 ], [ 2.1925779, 41.3871854 ], [ 2.192606, 41.3873071 ], [ 2.1925208, 41.3873203 ], [ 2.1924324, 41.3873433 ], [ 2.1921051, 41.3875877 ], [ 2.1918792, 41.38777 ], [ 2.1917737, 41.3878443 ], [ 2.1915509, 41.3880096 ], [ 2.1915301, 41.388023 ], [ 2.1893227, 41.3896773 ], [ 2.1892992, 41.3896979 ], [ 2.1892211, 41.3897542 ], [ 2.1888145, 41.3900607 ], [ 2.1887744, 41.3900894 ], [ 2.1883124, 41.3903641 ], [ 2.1880699, 41.3905406 ], [ 2.1880128, 41.3905813 ], [ 2.1879495, 41.3906293 ], [ 2.1869599, 41.3913842 ], [ 2.1868895, 41.3914473 ], [ 2.186802, 41.391506 ], [ 2.1867524, 41.391547 ], [ 2.1866568, 41.3914131 ], [ 2.1866353, 41.3913881 ], [ 2.1860936, 41.3909767 ], [ 2.1857777, 41.3907367 ], [ 2.1856637, 41.3906538 ], [ 2.1856031, 41.3906097 ], [ 2.1853426, 41.3904167 ], [ 2.1849392, 41.3901151 ], [ 2.184676, 41.3899137 ], [ 2.1846389, 41.3898861 ], [ 2.1845158, 41.3897947 ], [ 2.1844385, 41.3898543 ], [ 2.1844082, 41.3898772 ], [ 2.1836565, 41.3904538 ], [ 2.1834634, 41.3906079 ], [ 2.1832362, 41.390779 ], [ 2.1826302, 41.3912341 ], [ 2.1825928, 41.39126 ], [ 2.1823811, 41.3914119 ], [ 2.1826029, 41.3915727 ], [ 2.1826386, 41.3916027 ], [ 2.1827889, 41.3917158 ], [ 2.1832855, 41.3920791 ], [ 2.1835358, 41.392266 ], [ 2.1837416, 41.3924157 ], [ 2.183814, 41.3924683 ], [ 2.1844573, 41.39294 ], [ 2.1846802, 41.3930985 ], [ 2.184896, 41.3932658 ], [ 2.1850025, 41.3933422 ], [ 2.185581, 41.3937798 ], [ 2.1858141, 41.3939561 ], [ 2.1858568, 41.3939897 ], [ 2.1860393, 41.3941217 ], [ 2.1862069, 41.394243 ], [ 2.186331, 41.394331 ], [ 2.186444, 41.3944179 ], [ 2.1864791, 41.3944443 ], [ 2.1867199, 41.3946252 ], [ 2.1866731, 41.3946689 ], [ 2.1866432, 41.3947202 ], [ 2.1866322, 41.3947756 ], [ 2.186666, 41.3948668 ], [ 2.1867099, 41.3949164 ], [ 2.1867349, 41.3949365 ], [ 2.186755, 41.3949503 ], [ 2.1867661, 41.3949579 ], [ 2.1867423, 41.3951469 ], [ 2.1867415, 41.395172 ], [ 2.1867416, 41.3951834 ], [ 2.1867419, 41.3952219 ], [ 2.1867447, 41.395984 ], [ 2.186751, 41.3964514 ], [ 2.1867524, 41.3965059 ], [ 2.186752, 41.3966454 ], [ 2.1867507, 41.3967187 ], [ 2.1867498, 41.397022 ], [ 2.1867497, 41.3970575 ], [ 2.1867514, 41.3978037 ], [ 2.1867513, 41.3978453 ], [ 2.1867494, 41.3979868 ], [ 2.1867636, 41.3984716 ], [ 2.1867587, 41.3986212 ], [ 2.1867602, 41.3987439 ], [ 2.1867605, 41.3987859 ], [ 2.1867632, 41.3995791 ], [ 2.1867636, 41.3996108 ], [ 2.1867715, 41.4000828 ], [ 2.1867685, 41.4001633 ], [ 2.1867677, 41.40029 ], [ 2.1867672, 41.4003204 ], [ 2.1867699, 41.4010475 ], [ 2.1867688, 41.4012398 ], [ 2.1867688, 41.4014337 ], [ 2.1867667, 41.4017784 ], [ 2.1867757, 41.4021168 ], [ 2.1867733, 41.402207 ], [ 2.1867727, 41.403512 ], [ 2.1851055, 41.4047354 ], [ 2.1847064, 41.4050382 ], [ 2.1845871, 41.4051288 ], [ 2.1845751, 41.4051379 ], [ 2.1845192, 41.4051819 ], [ 2.1844755, 41.4052134 ], [ 2.1842883, 41.4053576 ], [ 2.184219, 41.4054091 ], [ 2.1835777, 41.4058856 ], [ 2.1834399, 41.4059891 ], [ 2.183377, 41.4060356 ], [ 2.1833084, 41.4060806 ], [ 2.183259, 41.4061159 ], [ 2.1832181, 41.406145 ], [ 2.1830986, 41.4062299 ], [ 2.1830087, 41.4062892 ], [ 2.1824251, 41.4067352 ], [ 2.1823861, 41.4067651 ], [ 2.1822443, 41.4068797 ], [ 2.1822149, 41.4069027 ], [ 2.1820355, 41.4070343 ], [ 2.1820208, 41.4070454 ], [ 2.1819917, 41.4070674 ], [ 2.1813023, 41.40759 ], [ 2.1812727, 41.4076124 ], [ 2.1811411, 41.4077121 ], [ 2.1811089, 41.4077373 ], [ 2.180857, 41.407933 ], [ 2.1808263, 41.4079569 ], [ 2.1804648, 41.4082386 ], [ 2.1802209, 41.4084224 ], [ 2.1800464, 41.4085527 ], [ 2.1800059, 41.4085836 ], [ 2.1797792, 41.4087563 ], [ 2.1791343, 41.4092415 ], [ 2.1790458, 41.4093081 ], [ 2.1788566, 41.4094433 ], [ 2.1788009, 41.409485 ], [ 2.1786127, 41.4096319 ], [ 2.1785809, 41.4096567 ], [ 2.1782898, 41.4098683 ], [ 2.177893, 41.4101761 ], [ 2.1777529, 41.4102814 ], [ 2.1777023, 41.4103174 ], [ 2.177505, 41.4104659 ], [ 2.1774745, 41.41049 ], [ 2.1771473, 41.4107507 ], [ 2.1770089, 41.4108585 ], [ 2.1768463, 41.4109851 ], [ 2.1767921, 41.4110296 ], [ 2.1767441, 41.4110686 ], [ 2.1765987, 41.4111712 ], [ 2.1765417, 41.4112134 ], [ 2.1763779, 41.4113396 ], [ 2.176324, 41.4113811 ], [ 2.1760229, 41.4116021 ], [ 2.176008, 41.4116132 ], [ 2.1756595, 41.4118714 ], [ 2.1754984, 41.411991 ], [ 2.1754414, 41.4120331 ], [ 2.1756743, 41.4122071 ], [ 2.1756981, 41.4122248 ] ] ], [ [ [ 2.2279585, 41.4095191 ], [ 2.2280393, 41.409304 ], [ 2.2280467, 41.4090834 ], [ 2.2277673, 41.4086312 ], [ 2.2282232, 41.4084658 ], [ 2.2282967, 41.4084768 ], [ 2.2283555, 41.4084217 ], [ 2.2282673, 41.4083334 ], [ 2.2278261, 41.4084934 ], [ 2.2277011, 41.4085375 ], [ 2.2276349, 41.408361 ], [ 2.2275099, 41.4081845 ], [ 2.2273776, 41.4080908 ], [ 2.2271791, 41.4081128 ], [ 2.2270908, 41.4081459 ], [ 2.2269806, 41.4084051 ], [ 2.2272526, 41.4089456 ], [ 2.2273702, 41.4089786 ], [ 2.2275026, 41.4094143 ], [ 2.2277526, 41.4096238 ], [ 2.2278629, 41.4096128 ], [ 2.2279585, 41.4095191 ] ] ] ] } },
{ "type": "Feature", "properties": { "distrito": "Districte II", "admin_level": "9" }, "geometry": { "type": "Polygon", "coordinates": [ [ [ 2.1094116, 41.374861 ], [ 2.1094599, 41.3758552 ], [ 2.1095539, 41.3758537 ], [ 2.1095536, 41.3759593 ], [ 2.117582, 41.3757813 ], [ 2.1177666, 41.3757714 ], [ 2.121396, 41.3778951 ], [ 2.121638, 41.3774274 ], [ 2.1216526, 41.3760685 ], [ 2.1217958, 41.375702 ], [ 2.1217654, 41.3756783 ], [ 2.1218653, 41.3755898 ], [ 2.1222172, 41.3753532 ], [ 2.123361, 41.3747755 ], [ 2.1237863, 41.3742968 ], [ 2.123852, 41.3741898 ], [ 2.1242498, 41.3735552 ], [ 2.1242839, 41.3735331 ], [ 2.1253997, 41.3728934 ], [ 2.1257907, 41.3726604 ], [ 2.1267356, 41.3720104 ], [ 2.1267967, 41.3719716 ], [ 2.1269163, 41.3718956 ], [ 2.1272247, 41.3716809 ], [ 2.1279465, 41.3712681 ], [ 2.1280109, 41.371238 ], [ 2.1284597, 41.3710832 ], [ 2.128537, 41.3710566 ], [ 2.1292141, 41.3707066 ], [ 2.1292587, 41.3706779 ], [ 2.1293396, 41.3706099 ], [ 2.1299803, 41.3700629 ], [ 2.1301484, 41.369949 ], [ 2.1300267, 41.3698675 ], [ 2.1297532, 41.369686 ], [ 2.1293803, 41.3694619 ], [ 2.1290396, 41.3692747 ], [ 2.1288299, 41.3691653 ], [ 2.1285702, 41.3690422 ], [ 2.1283585, 41.3689516 ], [ 2.128125, 41.368858 ], [ 2.127818, 41.3687555 ], [ 2.1266511, 41.3684348 ], [ 2.1254915, 41.3681974 ], [ 2.1249399, 41.3681238 ], [ 2.1243848, 41.3680658 ], [ 2.1231112, 41.368028 ], [ 2.121778, 41.3680414 ], [ 2.1202459, 41.3680953 ], [ 2.1192321, 41.3681216 ], [ 2.1181026, 41.3681236 ], [ 2.1176526, 41.3681006 ], [ 2.1172445, 41.3680608 ], [ 2.1169067, 41.3680267 ], [ 2.1168122, 41.3680133 ], [ 2.1166803, 41.3679944 ], [ 2.1166764, 41.3680566 ], [ 2.1166773, 41.3683031 ], [ 2.1166494, 41.3683325 ], [ 2.1166576, 41.3684757 ], [ 2.1166445, 41.368538 ], [ 2.116635, 41.368592 ], [ 2.116633, 41.3686161 ], [ 2.1166251, 41.3687001 ], [ 2.1165941, 41.3690721 ], [ 2.1165912, 41.3691152 ], [ 2.1165895, 41.3691365 ], [ 2.1165814, 41.3692539 ], [ 2.1166197, 41.3692615 ], [ 2.1166543, 41.3692758 ], [ 2.1166867, 41.3692993 ], [ 2.1167092, 41.3693287 ], [ 2.1167199, 41.3693616 ], [ 2.116718, 41.3693954 ], [ 2.1167037, 41.3694275 ], [ 2.116689, 41.3694455 ], [ 2.1166703, 41.3694613 ], [ 2.1166288, 41.3694826 ], [ 2.1165806, 41.3694933 ], [ 2.1165304, 41.3694922 ], [ 2.116483, 41.3694797 ], [ 2.1164326, 41.3695716 ], [ 2.1164094, 41.3695944 ], [ 2.1163973, 41.3696063 ], [ 2.1162201, 41.3697759 ], [ 2.1159919, 41.3699935 ], [ 2.1159413, 41.3700417 ], [ 2.1158871, 41.3700938 ], [ 2.1156108, 41.3703564 ], [ 2.1154412, 41.3705174 ], [ 2.1154122, 41.3705459 ], [ 2.1153605, 41.3705962 ], [ 2.1150024, 41.3709476 ], [ 2.1149805, 41.3709695 ], [ 2.1149638, 41.3709857 ], [ 2.1145866, 41.3713512 ], [ 2.1142871, 41.3716323 ], [ 2.1142438, 41.3716706 ], [ 2.1142051, 41.3717096 ], [ 2.1138731, 41.3720249 ], [ 2.113787, 41.3721068 ], [ 2.1135597, 41.3723303 ], [ 2.1134044, 41.3724831 ], [ 2.1132675, 41.3726098 ], [ 2.1131714, 41.3726908 ], [ 2.1130955, 41.372758 ], [ 2.1127532, 41.3730839 ], [ 2.1127039, 41.3731344 ], [ 2.1126103, 41.3732246 ], [ 2.1125148, 41.3733174 ], [ 2.1124993, 41.3733324 ], [ 2.1122438, 41.3735755 ], [ 2.1119183, 41.3738893 ], [ 2.111781, 41.3740387 ], [ 2.1117662, 41.3740532 ], [ 2.1116243, 41.3741878 ], [ 2.1115649, 41.3742334 ], [ 2.1114687, 41.3743051 ], [ 2.1113325, 41.3743929 ], [ 2.1112834, 41.3744179 ], [ 2.1111158, 41.3744893 ], [ 2.110995, 41.3745238 ], [ 2.110402, 41.374653 ], [ 2.1103186, 41.3746712 ], [ 2.1101719, 41.3747032 ], [ 2.1099728, 41.3747467 ], [ 2.1099035, 41.3747618 ], [ 2.1094116, 41.374861 ] ] ] } },
{ "type": "Feature", "properties": { "distrito": "Districte III", "admin_level": "9" }, "geometry": { "type": "Polygon", "coordinates": [ [ [ 2.1120499, 41.3385972 ], [ 2.1125118, 41.3388809 ], [ 2.1128523, 41.3391478 ], [ 2.113233, 41.3395183 ], [ 2.1135775, 41.339955 ], [ 2.113694, 41.3401889 ], [ 2.1137436, 41.340291 ], [ 2.113784, 41.3403745 ], [ 2.1138243, 41.3404583 ], [ 2.1138632, 41.3405513 ], [ 2.113892, 41.3406269 ], [ 2.1139275, 41.3407218 ], [ 2.1139514, 41.3407969 ], [ 2.1139832, 41.340896 ], [ 2.1140074, 41.340981 ], [ 2.1140436, 41.3411214 ], [ 2.1140669, 41.3412309 ], [ 2.114086, 41.3413342 ], [ 2.1141031, 41.3414375 ], [ 2.1141584, 41.3418345 ], [ 2.1141742, 41.341998 ], [ 2.1141881, 41.3421389 ], [ 2.1142059, 41.3423302 ], [ 2.1142301, 41.3425869 ], [ 2.1142507, 41.342806 ], [ 2.1142812, 41.3431156 ], [ 2.1143005, 41.3433194 ], [ 2.1143387, 41.3436946 ], [ 2.1143596, 41.3439168 ], [ 2.1143769, 41.344125 ], [ 2.1144078, 41.3443931 ], [ 2.1144283, 41.3445799 ], [ 2.1144545, 41.3447793 ], [ 2.1145103, 41.3451928 ], [ 2.1145334, 41.3453572 ], [ 2.1145595, 41.3455614 ], [ 2.1145978, 41.3458565 ], [ 2.1146602, 41.3463214 ], [ 2.1146855, 41.346511 ], [ 2.114717, 41.3467506 ], [ 2.1147413, 41.3469387 ], [ 2.1147646, 41.3471536 ], [ 2.114799, 41.3474956 ], [ 2.114822, 41.3477552 ], [ 2.1148482, 41.3479995 ], [ 2.1148657, 41.3481795 ], [ 2.1148907, 41.3484466 ], [ 2.1149901, 41.3494821 ], [ 2.1155722, 41.3499244 ], [ 2.1162726, 41.3504437 ], [ 2.1166767, 41.3507269 ], [ 2.1174421, 41.3511846 ], [ 2.1182548, 41.3516813 ], [ 2.1191842, 41.3523714 ], [ 2.1218345, 41.3543605 ], [ 2.1215402, 41.3548395 ], [ 2.1215499, 41.3548691 ], [ 2.1215568, 41.3548902 ], [ 2.1216037, 41.3550335 ], [ 2.1216342, 41.3551922 ], [ 2.1216336, 41.3552933 ], [ 2.1215994, 41.3553998 ], [ 2.1214695, 41.35562 ], [ 2.1213357, 41.3558179 ], [ 2.1205037, 41.3570707 ], [ 2.1203829, 41.3572105 ], [ 2.1202692, 41.3573852 ], [ 2.1202308, 41.3574431 ], [ 2.1201976, 41.3574925 ], [ 2.1199139, 41.3576564 ], [ 2.1199015, 41.3576688 ], [ 2.1198859, 41.3576912 ], [ 2.119876, 41.3577151 ], [ 2.1198765, 41.3577404 ], [ 2.1198814, 41.3577631 ], [ 2.1198921, 41.3577895 ], [ 2.1199061, 41.3578074 ], [ 2.1199349, 41.3578271 ], [ 2.1199731, 41.3578386 ], [ 2.1199991, 41.357843 ], [ 2.1199849, 41.3578669 ], [ 2.1198706, 41.3580478 ], [ 2.1197032, 41.3582919 ], [ 2.1196462, 41.3583779 ], [ 2.1195098, 41.358576 ], [ 2.119433, 41.3586891 ], [ 2.1194967, 41.3587104 ], [ 2.1195528, 41.3587306 ], [ 2.1213055, 41.3593966 ], [ 2.1214809, 41.3594627 ], [ 2.1213988, 41.3595895 ], [ 2.1213758, 41.3596246 ], [ 2.1209381, 41.3603026 ], [ 2.1208966, 41.3603758 ], [ 2.1207983, 41.3603466 ], [ 2.1203563, 41.3602253 ], [ 2.1199599, 41.3601111 ], [ 2.1190114, 41.3598378 ], [ 2.1188292, 41.3597853 ], [ 2.1188124, 41.3598075 ], [ 2.118782, 41.3598278 ], [ 2.1187439, 41.3598388 ], [ 2.1187034, 41.3598391 ], [ 2.1186667, 41.3598293 ], [ 2.118646, 41.3598562 ], [ 2.1185587, 41.3599696 ], [ 2.1183683, 41.3602035 ], [ 2.118345, 41.3602321 ], [ 2.118107, 41.3605243 ], [ 2.1180845, 41.3605541 ], [ 2.1179554, 41.3607288 ], [ 2.1179372, 41.3607537 ], [ 2.117816, 41.360885 ], [ 2.1176512, 41.3607749 ], [ 2.1176143, 41.3607503 ], [ 2.1175085, 41.3606797 ], [ 2.1174992, 41.360674 ], [ 2.1174639, 41.360651 ], [ 2.1167318, 41.3601754 ], [ 2.116168, 41.3598092 ], [ 2.1159688, 41.3596803 ], [ 2.1159976, 41.3598849 ], [ 2.1163065, 41.3628519 ], [ 2.1165576, 41.3648742 ], [ 2.1165815, 41.3650272 ], [ 2.1166236, 41.3652097 ], [ 2.1166732, 41.3653921 ], [ 2.1167371, 41.3655903 ], [ 2.1168002, 41.3657664 ], [ 2.116886, 41.3659476 ], [ 2.1169659, 41.3660808 ], [ 2.1170854, 41.3662677 ], [ 2.1172326, 41.3664646 ], [ 2.1174046, 41.366645 ], [ 2.1175814, 41.3668174 ], [ 2.1178211, 41.3670134 ], [ 2.1179897, 41.3671278 ], [ 2.1183992, 41.3673644 ], [ 2.1189779, 41.367621 ], [ 2.1194002, 41.3677537 ], [ 2.1197352, 41.3678445 ], [ 2.1201191, 41.36791 ], [ 2.120396, 41.3679475 ], [ 2.1207732, 41.3679927 ], [ 2.121778, 41.3680414 ], [ 2.1231112, 41.368028 ], [ 2.1243848, 41.3680658 ], [ 2.1249399, 41.3681238 ], [ 2.1254915, 41.3681974 ], [ 2.1266511, 41.3684348 ], [ 2.127818, 41.3687555 ], [ 2.128125, 41.368858 ], [ 2.1283585, 41.3689516 ], [ 2.1285702, 41.3690422 ], [ 2.1288299, 41.3691653 ], [ 2.1290396, 41.3692747 ], [ 2.1293803, 41.3694619 ], [ 2.1297532, 41.369686 ], [ 2.1300267, 41.3698675 ], [ 2.1301484, 41.369949 ], [ 2.1302873, 41.3698558 ], [ 2.1306834, 41.369419 ], [ 2.1308754, 41.3691638 ], [ 2.1312053, 41.3686774 ], [ 2.1312686, 41.3685806 ], [ 2.1314272, 41.3683267 ], [ 2.1314939, 41.3682106 ], [ 2.1316488, 41.3678894 ], [ 2.1316979, 41.3677758 ], [ 2.1318672, 41.3672862 ], [ 2.1318853, 41.3672409 ], [ 2.1319749, 41.366954 ], [ 2.1319842, 41.3669243 ], [ 2.1320559, 41.3667529 ], [ 2.1323204, 41.3663633 ], [ 2.1323639, 41.3662962 ], [ 2.1327722, 41.365714 ], [ 2.132896, 41.3655374 ], [ 2.1329784, 41.364365 ], [ 2.1336021, 41.363762 ], [ 2.1337999, 41.3635707 ], [ 2.1351242, 41.3625694 ], [ 2.1353016, 41.3622661 ], [ 2.1347862, 41.3612286 ], [ 2.1345117, 41.3609771 ], [ 2.1339548, 41.3606045 ], [ 2.1335089, 41.3601335 ], [ 2.1335041, 41.3600408 ], [ 2.1333635, 41.3599482 ], [ 2.1332963, 41.3596768 ], [ 2.133201, 41.3586476 ], [ 2.1332156, 41.3578001 ], [ 2.1331473, 41.3572532 ], [ 2.1330177, 41.3563307 ], [ 2.1327317, 41.3558849 ], [ 2.1325486, 41.3557937 ], [ 2.1320003, 41.3555787 ], [ 2.1339658, 41.3532007 ], [ 2.1374024, 41.3488503 ], [ 2.1368394, 41.348325 ], [ 2.1389866, 41.3467726 ], [ 2.1307468, 41.344179 ], [ 2.1179226, 41.3406943 ], [ 2.1120499, 41.3385972 ] ] ] } },
{ "type": "Feature", "properties": { "distrito": "Districte V", "admin_level": "9" }, "geometry": { "type": "Polygon", "coordinates": [ [ [ 2.0955586, 41.3674372 ], [ 2.0959197, 41.3675606 ], [ 2.0963039, 41.3675912 ], [ 2.096666, 41.3676935 ], [ 2.0966225, 41.3677581 ], [ 2.0966191, 41.3678 ], [ 2.0968773, 41.3678872 ], [ 2.0968639, 41.3679451 ], [ 2.0968856, 41.3679657 ], [ 2.0978797, 41.3682873 ], [ 2.097894, 41.3682889 ], [ 2.0979391, 41.368293 ], [ 2.0979694, 41.3682971 ], [ 2.0979808, 41.3682983 ], [ 2.0982209, 41.3683093 ], [ 2.0982156, 41.3683487 ], [ 2.0988716, 41.3684047 ], [ 2.0988694, 41.3684119 ], [ 2.0990202, 41.3684312 ], [ 2.0989828, 41.3685897 ], [ 2.0990119, 41.3686303 ], [ 2.0991823, 41.3686629 ], [ 2.0986632, 41.3701407 ], [ 2.0994321, 41.3712393 ], [ 2.1003467, 41.3725889 ], [ 2.1012008, 41.3738885 ], [ 2.1011862, 41.3742786 ], [ 2.1011572, 41.3745407 ], [ 2.1001304, 41.3761725 ], [ 2.1000578, 41.3762878 ], [ 2.1002099, 41.3764825 ], [ 2.1002769, 41.3765112 ], [ 2.1003011, 41.3765927 ], [ 2.1003306, 41.3766289 ], [ 2.1003856, 41.3767442 ], [ 2.1004915, 41.3768931 ], [ 2.1007624, 41.3770964 ], [ 2.1008255, 41.3772192 ], [ 2.1008724, 41.3772705 ], [ 2.1009395, 41.3774566 ], [ 2.1009522, 41.3774682 ], [ 2.1009609, 41.3774612 ], [ 2.1010394, 41.377516 ], [ 2.1011598, 41.3775051 ], [ 2.1011907, 41.3775264 ], [ 2.1012522, 41.3775241 ], [ 2.1014248, 41.3776257 ], [ 2.1021301, 41.3775816 ], [ 2.1021164, 41.3776336 ], [ 2.1025593, 41.3776779 ], [ 2.1029278, 41.3780581 ], [ 2.1017731, 41.3789009 ], [ 2.1016295, 41.3792698 ], [ 2.1015113, 41.3794091 ], [ 2.1016108, 41.3797286 ], [ 2.1021252, 41.3799859 ], [ 2.1024985, 41.3801717 ], [ 2.1028258, 41.380279 ], [ 2.1030283, 41.3802905 ], [ 2.1031775, 41.3802909 ], [ 2.1033545, 41.3802627 ], [ 2.1035153, 41.3802219 ], [ 2.1036577, 41.3801761 ], [ 2.1037956, 41.3801133 ], [ 2.1039853, 41.3799955 ], [ 2.1043655, 41.3797197 ], [ 2.1047601, 41.3794305 ], [ 2.1050741, 41.3794477 ], [ 2.1055452, 41.3794543 ], [ 2.1056615, 41.3794463 ], [ 2.1057262, 41.3794188 ], [ 2.105792, 41.3793576 ], [ 2.1058513, 41.3792756 ], [ 2.1059941, 41.3791603 ], [ 2.1060431, 41.3791086 ], [ 2.106192, 41.379097 ], [ 2.1062739, 41.3789687 ], [ 2.1063859, 41.3788923 ], [ 2.106512, 41.3788352 ], [ 2.1066411, 41.3788793 ], [ 2.1068555, 41.3788154 ], [ 2.1069227, 41.3787637 ], [ 2.1071133, 41.3785443 ], [ 2.1074155, 41.3784368 ], [ 2.1075432, 41.3783924 ], [ 2.1077359, 41.3783252 ], [ 2.1077447, 41.3782004 ], [ 2.1077767, 41.3781581 ], [ 2.1078903, 41.3781183 ], [ 2.1081215, 41.3780644 ], [ 2.10943, 41.3768277 ], [ 2.1095536, 41.3759593 ], [ 2.1095539, 41.3758537 ], [ 2.1094599, 41.3758552 ], [ 2.1094116, 41.374861 ], [ 2.108867, 41.3746385 ], [ 2.1078277, 41.374124 ], [ 2.1072948, 41.3738432 ], [ 2.1068615, 41.3736052 ], [ 2.1064421, 41.3733489 ], [ 2.1064089, 41.3733273 ], [ 2.1062516, 41.3732094 ], [ 2.1060941, 41.373082 ], [ 2.1057821, 41.3726949 ], [ 2.1050753, 41.3718702 ], [ 2.1045765, 41.3712886 ], [ 2.1033578, 41.3698675 ], [ 2.1032955, 41.3697786 ], [ 2.1032547, 41.3696935 ], [ 2.1032179, 41.3695923 ], [ 2.1031995, 41.3694896 ], [ 2.1031985, 41.3693946 ], [ 2.1032575, 41.3691058 ], [ 2.1033364, 41.3687201 ], [ 2.1042283, 41.3649765 ], [ 2.103266, 41.3648039 ], [ 2.1031133, 41.3647742 ], [ 2.1006837, 41.364251 ], [ 2.0997628, 41.3640518 ], [ 2.0992344, 41.3639364 ], [ 2.0986708, 41.3638144 ], [ 2.0985144, 41.3638803 ], [ 2.0984772, 41.363937 ], [ 2.0984561, 41.3639724 ], [ 2.0982121, 41.3642649 ], [ 2.0981137, 41.3643693 ], [ 2.0976528, 41.3649209 ], [ 2.097284, 41.3653623 ], [ 2.0971915, 41.3654721 ], [ 2.0969604, 41.3657518 ], [ 2.0967939, 41.3659509 ], [ 2.0962196, 41.3666379 ], [ 2.0960947, 41.3667873 ], [ 2.0960249, 41.3668665 ], [ 2.0959045, 41.36702 ], [ 2.0958257, 41.3671192 ], [ 2.0957026, 41.3672638 ], [ 2.0955687, 41.3674262 ], [ 2.0955586, 41.3674372 ] ] ] } },
{ "type": "Feature", "properties": { "distrito": "Districte VI", "admin_level": "9" }, "geometry": { "type": "Polygon", "coordinates": [ [ [ 2.0895215, 41.3413005 ], [ 2.0899675, 41.3418316 ], [ 2.0903616, 41.3423746 ], [ 2.0906358, 41.3427865 ], [ 2.0909447, 41.3432852 ], [ 2.0911812, 41.3437348 ], [ 2.0913946, 41.3441668 ], [ 2.0916053, 41.3446741 ], [ 2.0918976, 41.3454645 ], [ 2.0920905, 41.3462271 ], [ 2.0921931, 41.3468035 ], [ 2.0922517, 41.3472073 ], [ 2.0922927, 41.3476477 ], [ 2.0922995, 41.3480736 ], [ 2.0950518, 41.3496419 ], [ 2.0952857, 41.3497612 ], [ 2.0953651, 41.3496618 ], [ 2.0953952, 41.3496334 ], [ 2.0957951, 41.34906 ], [ 2.0961835, 41.3484825 ], [ 2.0962274, 41.3484124 ], [ 2.096251, 41.3483784 ], [ 2.0962899, 41.3483121 ], [ 2.096308, 41.3482861 ], [ 2.0963683, 41.3481633 ], [ 2.0968286, 41.3474925 ], [ 2.0968731, 41.3474264 ], [ 2.0971083, 41.347085 ], [ 2.097181, 41.3470167 ], [ 2.0972404, 41.3469827 ], [ 2.0973123, 41.3469632 ], [ 2.0973748, 41.3469626 ], [ 2.0974486, 41.3469743 ], [ 2.0975475, 41.3470128 ], [ 2.0981047, 41.3472582 ], [ 2.0993358, 41.3479127 ], [ 2.0994173, 41.3479473 ], [ 2.0994723, 41.3479611 ], [ 2.0996835, 41.3480443 ], [ 2.0997847, 41.3480883 ], [ 2.0998775, 41.3480978 ], [ 2.099901, 41.3481002 ], [ 2.0999591, 41.3481136 ], [ 2.100222, 41.3482495 ], [ 2.1005532, 41.3484307 ], [ 2.1012005, 41.3487752 ], [ 2.1014209, 41.3488969 ], [ 2.1016435, 41.3490237 ], [ 2.1020706, 41.3492828 ], [ 2.1021304, 41.3493217 ], [ 2.10218, 41.3493529 ], [ 2.1022966, 41.3494295 ], [ 2.1025298, 41.3495736 ], [ 2.1026226, 41.3496289 ], [ 2.1026802, 41.3496676 ], [ 2.1028147, 41.3497588 ], [ 2.1029318, 41.3498378 ], [ 2.1030761, 41.3499412 ], [ 2.1031076, 41.3499683 ], [ 2.1039569, 41.3506013 ], [ 2.1041216, 41.3507427 ], [ 2.1041407, 41.3507569 ], [ 2.1041956, 41.3507977 ], [ 2.1042737, 41.3508209 ], [ 2.1042187, 41.3508493 ], [ 2.1041937, 41.3508719 ], [ 2.1041667, 41.3509177 ], [ 2.1041616, 41.3509626 ], [ 2.1041779, 41.3510112 ], [ 2.1042154, 41.3510527 ], [ 2.1042414, 41.3510695 ], [ 2.1043016, 41.3510912 ], [ 2.1043742, 41.3510956 ], [ 2.1044383, 41.3510816 ], [ 2.1044843, 41.3510578 ], [ 2.1045352, 41.3510198 ], [ 2.104586, 41.3510917 ], [ 2.1046205, 41.3511298 ], [ 2.1046463, 41.3511491 ], [ 2.1047001, 41.3511894 ], [ 2.1055014, 41.3517898 ], [ 2.1055635, 41.3518364 ], [ 2.1055658, 41.3518382 ], [ 2.1055944, 41.3518596 ], [ 2.1065897, 41.3526053 ], [ 2.1066182, 41.3526267 ], [ 2.1067346, 41.3527093 ], [ 2.106785, 41.3527291 ], [ 2.1068561, 41.3527626 ], [ 2.106772, 41.3528117 ], [ 2.1067064, 41.3528747 ], [ 2.1066725, 41.3529277 ], [ 2.1066519, 41.3529846 ], [ 2.1066453, 41.3530432 ], [ 2.1066485, 41.3530798 ], [ 2.1066497, 41.3531048 ], [ 2.1066661, 41.353148 ], [ 2.1066801, 41.3531758 ], [ 2.1067241, 41.3532273 ], [ 2.1067487, 41.3532529 ], [ 2.1067982, 41.353288 ], [ 2.1068802, 41.353329 ], [ 2.1069726, 41.3533481 ], [ 2.1070649, 41.3533561 ], [ 2.1071861, 41.3533421 ], [ 2.1072752, 41.353318 ], [ 2.107398, 41.3532565 ], [ 2.1074876, 41.3531385 ], [ 2.1074776, 41.3532244 ], [ 2.107502, 41.3532825 ], [ 2.107569, 41.353336 ], [ 2.1075911, 41.3533537 ], [ 2.107805, 41.3535155 ], [ 2.1083414, 41.3539211 ], [ 2.1085703, 41.3540976 ], [ 2.1087707, 41.3542394 ], [ 2.1089282, 41.3543601 ], [ 2.1092443, 41.3545966 ], [ 2.109438, 41.3547449 ], [ 2.1099941, 41.3551641 ], [ 2.1106144, 41.3556315 ], [ 2.1107395, 41.355731 ], [ 2.1107925, 41.3557731 ], [ 2.1108451, 41.3557729 ], [ 2.1108832, 41.3557833 ], [ 2.1109282, 41.3558062 ], [ 2.1109594, 41.3558395 ], [ 2.1109605, 41.3558426 ], [ 2.1109728, 41.355879 ], [ 2.1109667, 41.3559183 ], [ 2.1110437, 41.3559503 ], [ 2.1111562, 41.3560354 ], [ 2.1114972, 41.3562936 ], [ 2.1123164, 41.3569139 ], [ 2.1128538, 41.3573207 ], [ 2.1129346, 41.357382 ], [ 2.1132233, 41.3576006 ], [ 2.1135015, 41.3578112 ], [ 2.1135586, 41.3578544 ], [ 2.1135843, 41.3578735 ], [ 2.1138242, 41.3580653 ], [ 2.1139882, 41.3581872 ], [ 2.1140376, 41.3582238 ], [ 2.1142351, 41.3583691 ], [ 2.114367, 41.3584537 ], [ 2.1144867, 41.3585387 ], [ 2.1148467, 41.3588018 ], [ 2.1149404, 41.3588842 ], [ 2.1150369, 41.3589891 ], [ 2.115144, 41.3591042 ], [ 2.115281, 41.3592086 ], [ 2.1154844, 41.3593547 ], [ 2.1158491, 41.3595968 ], [ 2.1159688, 41.3596803 ], [ 2.116168, 41.3598092 ], [ 2.1167318, 41.3601754 ], [ 2.1174639, 41.360651 ], [ 2.1174992, 41.360674 ], [ 2.1175085, 41.3606797 ], [ 2.1176143, 41.3607503 ], [ 2.1176512, 41.3607749 ], [ 2.117816, 41.360885 ], [ 2.1179372, 41.3607537 ], [ 2.1179554, 41.3607288 ], [ 2.1180845, 41.3605541 ], [ 2.118107, 41.3605243 ], [ 2.118345, 41.3602321 ], [ 2.1183683, 41.3602035 ], [ 2.1185587, 41.3599696 ], [ 2.118646, 41.3598562 ], [ 2.1186667, 41.3598293 ], [ 2.1187034, 41.3598391 ], [ 2.1187439, 41.3598388 ], [ 2.118782, 41.3598278 ], [ 2.1188124, 41.3598075 ], [ 2.1188292, 41.3597853 ], [ 2.1190114, 41.3598378 ], [ 2.1199599, 41.3601111 ], [ 2.1203563, 41.3602253 ], [ 2.1207983, 41.3603466 ], [ 2.1208966, 41.3603758 ], [ 2.1209381, 41.3603026 ], [ 2.1213758, 41.3596246 ], [ 2.1213988, 41.3595895 ], [ 2.1214809, 41.3594627 ], [ 2.1213055, 41.3593966 ], [ 2.1195528, 41.3587306 ], [ 2.1194967, 41.3587104 ], [ 2.119433, 41.3586891 ], [ 2.1195098, 41.358576 ], [ 2.1196462, 41.3583779 ], [ 2.1197032, 41.3582919 ], [ 2.1198706, 41.3580478 ], [ 2.1199849, 41.3578669 ], [ 2.1199991, 41.357843 ], [ 2.1199731, 41.3578386 ], [ 2.1199349, 41.3578271 ], [ 2.1199061, 41.3578074 ], [ 2.1198921, 41.3577895 ], [ 2.1198814, 41.3577631 ], [ 2.1198765, 41.3577404 ], [ 2.119876, 41.3577151 ], [ 2.1198859, 41.3576912 ], [ 2.1199015, 41.3576688 ], [ 2.1199139, 41.3576564 ], [ 2.1201976, 41.3574925 ], [ 2.1202308, 41.3574431 ], [ 2.1202692, 41.3573852 ], [ 2.1203829, 41.3572105 ], [ 2.1205037, 41.3570707 ], [ 2.1213357, 41.3558179 ], [ 2.1214695, 41.35562 ], [ 2.1215994, 41.3553998 ], [ 2.1216336, 41.3552933 ], [ 2.1216342, 41.3551922 ], [ 2.1216037, 41.3550335 ], [ 2.1215568, 41.3548902 ], [ 2.1215499, 41.3548691 ], [ 2.1215402, 41.3548395 ], [ 2.1218345, 41.3543605 ], [ 2.1191842, 41.3523714 ], [ 2.1182548, 41.3516813 ], [ 2.1174421, 41.3511846 ], [ 2.1166767, 41.3507269 ], [ 2.1162726, 41.3504437 ], [ 2.1155722, 41.3499244 ], [ 2.1149901, 41.3494821 ], [ 2.1148907, 41.3484466 ], [ 2.1148657, 41.3481795 ], [ 2.1148482, 41.3479995 ], [ 2.114822, 41.3477552 ], [ 2.114799, 41.3474956 ], [ 2.1147646, 41.3471536 ], [ 2.1147413, 41.3469387 ], [ 2.114717, 41.3467506 ], [ 2.1146855, 41.346511 ], [ 2.1146602, 41.3463214 ], [ 2.1145978, 41.3458565 ], [ 2.1145595, 41.3455614 ], [ 2.1145334, 41.3453572 ], [ 2.1145103, 41.3451928 ], [ 2.1144545, 41.3447793 ], [ 2.1144283, 41.3445799 ], [ 2.1144078, 41.3443931 ], [ 2.1143769, 41.344125 ], [ 2.1143596, 41.3439168 ], [ 2.1143387, 41.3436946 ], [ 2.1143005, 41.3433194 ], [ 2.1142812, 41.3431156 ], [ 2.1142507, 41.342806 ], [ 2.1142301, 41.3425869 ], [ 2.1142059, 41.3423302 ], [ 2.1141881, 41.3421389 ], [ 2.1141742, 41.341998 ], [ 2.1141584, 41.3418345 ], [ 2.1141031, 41.3414375 ], [ 2.114086, 41.3413342 ], [ 2.1140669, 41.3412309 ], [ 2.1140436, 41.3411214 ], [ 2.1140074, 41.340981 ], [ 2.1139832, 41.340896 ], [ 2.1139514, 41.3407969 ], [ 2.1139275, 41.3407218 ], [ 2.113892, 41.3406269 ], [ 2.1138632, 41.3405513 ], [ 2.1138243, 41.3404583 ], [ 2.113784, 41.3403745 ], [ 2.1137436, 41.340291 ], [ 2.113694, 41.3401889 ], [ 2.1135775, 41.339955 ], [ 2.113233, 41.3395183 ], [ 2.1128523, 41.3391478 ], [ 2.1125118, 41.3388809 ], [ 2.1120499, 41.3385972 ], [ 2.1029193, 41.3353411 ], [ 2.1023932, 41.3351454 ], [ 2.1010709, 41.3358861 ], [ 2.0992844, 41.3370978 ], [ 2.0967111, 41.3385626 ], [ 2.0936482, 41.3400311 ], [ 2.0895215, 41.3413005 ] ] ] } },
{ "type": "Feature", "properties": { "distrito": "el Besòs", "admin_level": "9" }, "geometry": { "type": "Polygon", "coordinates": [ [ [ 2.2111974, 41.4222727 ], [ 2.21137, 41.4223404 ], [ 2.2113633, 41.4232223 ], [ 2.211594, 41.4256217 ], [ 2.220345, 41.4214701 ], [ 2.2161801, 41.4183308 ], [ 2.2159905, 41.4186227 ], [ 2.2155899, 41.41891 ], [ 2.2138276, 41.4201009 ], [ 2.2125201, 41.4208274 ], [ 2.2118553, 41.4212665 ], [ 2.211466, 41.4219877 ], [ 2.2111974, 41.4222727 ] ] ] } },
{ "type": "Feature", "properties": { "distrito": "la Mina", "admin_level": "9" }, "geometry": { "type": "MultiPolygon", "coordinates": [ [ [ [ 2.2322603, 41.4148071 ], [ 2.2327546, 41.4149636 ], [ 2.2329807, 41.4149964 ], [ 2.2331065, 41.4149505 ], [ 2.2332493, 41.4151666 ], [ 2.2332835, 41.4151914 ], [ 2.2333248, 41.4152052 ], [ 2.2333642, 41.4152062 ], [ 2.2334037, 41.4151978 ], [ 2.2334382, 41.4151787 ], [ 2.2334624, 41.4151531 ], [ 2.2334722, 41.4151205 ], [ 2.2334688, 41.4150891 ], [ 2.2296842, 41.4092302 ], [ 2.2297867, 41.4091604 ], [ 2.2298426, 41.40902 ], [ 2.2297544, 41.408928 ], [ 2.2296574, 41.4088528 ], [ 2.2295902, 41.40882 ], [ 2.2295122, 41.4087995 ], [ 2.2293836, 41.4087877 ], [ 2.2292621, 41.4088301 ], [ 2.2291383, 41.4089027 ], [ 2.2290724, 41.4089403 ], [ 2.2290323, 41.4089861 ], [ 2.2290274, 41.4090957 ], [ 2.2290609, 41.4092031 ], [ 2.2291592, 41.4093372 ], [ 2.229231, 41.4093605 ], [ 2.2293063, 41.4093643 ], [ 2.2294528, 41.4093027 ], [ 2.2329449, 41.414695 ], [ 2.2328427, 41.4146995 ], [ 2.2327299, 41.4147336 ], [ 2.2326234, 41.4146858 ], [ 2.2326561, 41.414645 ], [ 2.2325902, 41.4146152 ], [ 2.2324789, 41.4145662 ], [ 2.2323474, 41.4145085 ], [ 2.2321976, 41.4144459 ], [ 2.2320346, 41.4143736 ], [ 2.2318572, 41.4143024 ], [ 2.2316782, 41.4142183 ], [ 2.2316558, 41.4142078 ], [ 2.2314851, 41.4141335 ], [ 2.2314648, 41.4141247 ], [ 2.2312736, 41.4140439 ], [ 2.2312504, 41.4140342 ], [ 2.2310462, 41.4139487 ], [ 2.2310119, 41.4139347 ], [ 2.230812, 41.4138442 ], [ 2.2307826, 41.4138314 ], [ 2.2305516, 41.4137311 ], [ 2.2305314, 41.4137222 ], [ 2.2302513, 41.4135969 ], [ 2.23022, 41.4135829 ], [ 2.2300627, 41.4135165 ], [ 2.2307094, 41.4126685 ], [ 2.2305507, 41.4126029 ], [ 2.2303866, 41.4128305 ], [ 2.2303447, 41.4128141 ], [ 2.2298679, 41.4134372 ], [ 2.2296721, 41.4133531 ], [ 2.229647, 41.4133424 ], [ 2.2292283, 41.4131643 ], [ 2.2292015, 41.4131524 ], [ 2.2288944, 41.4130112 ], [ 2.228872, 41.4130015 ], [ 2.2286579, 41.4129149 ], [ 2.2284448, 41.4131977 ], [ 2.2284673, 41.413207 ], [ 2.2285847, 41.4130525 ], [ 2.2292396, 41.4133347 ], [ 2.228729, 41.4140012 ], [ 2.2287189, 41.4140147 ], [ 2.2283614, 41.4144952 ], [ 2.228348, 41.4145132 ], [ 2.228069, 41.4148819 ], [ 2.2280525, 41.4149036 ], [ 2.2278112, 41.4152182 ], [ 2.2277954, 41.4152388 ], [ 2.2277256, 41.4153257 ], [ 2.2276832, 41.415365 ], [ 2.2322603, 41.4148071 ] ] ], [ [ [ 2.220345, 41.4214701 ], [ 2.222591, 41.4204045 ], [ 2.2230309, 41.4202034 ], [ 2.2236317, 41.4200345 ], [ 2.2239536, 41.4198172 ], [ 2.2245866, 41.4191937 ], [ 2.2249728, 41.4185621 ], [ 2.2251713, 41.4182001 ], [ 2.2253323, 41.4176248 ], [ 2.2254181, 41.4172306 ], [ 2.2254208, 41.4168022 ], [ 2.2253658, 41.4163144 ], [ 2.2274828, 41.4154591 ], [ 2.2269522, 41.414824 ], [ 2.2264356, 41.4143076 ], [ 2.2265437, 41.4140418 ], [ 2.2263872, 41.4140048 ], [ 2.2264151, 41.4139344 ], [ 2.2264069, 41.4139333 ], [ 2.2262498, 41.4138989 ], [ 2.2261459, 41.4138777 ], [ 2.2260872, 41.4140159 ], [ 2.226021, 41.413965 ], [ 2.2260127, 41.4139568 ], [ 2.2260001, 41.4139637 ], [ 2.2250271, 41.4132305 ], [ 2.2255396, 41.4128452 ], [ 2.2260365, 41.4136134 ], [ 2.2267229, 41.413526 ], [ 2.226599, 41.4137863 ], [ 2.226627, 41.4138097 ], [ 2.2267678, 41.4138464 ], [ 2.2268768, 41.4136012 ], [ 2.226804, 41.4135836 ], [ 2.2268362, 41.4135125 ], [ 2.2272081, 41.4134568 ], [ 2.2273947, 41.4133936 ], [ 2.2275679, 41.4133034 ], [ 2.2279489, 41.4130141 ], [ 2.227815, 41.4129169 ], [ 2.2278586, 41.412883 ], [ 2.2279898, 41.4129824 ], [ 2.2280449, 41.4129463 ], [ 2.2279146, 41.4128512 ], [ 2.228039, 41.4127446 ], [ 2.2281775, 41.4128446 ], [ 2.2292853, 41.4120077 ], [ 2.2291981, 41.4119386 ], [ 2.2288176, 41.4119335 ], [ 2.2288243, 41.4118556 ], [ 2.2294713, 41.4118694 ], [ 2.2295684, 41.4117946 ], [ 2.2288706, 41.4107171 ], [ 2.2287231, 41.4105007 ], [ 2.2289915, 41.4104025 ], [ 2.2288991, 41.4102415 ], [ 2.2287189, 41.4102544 ], [ 2.2284785, 41.4100226 ], [ 2.2280751, 41.4101256 ], [ 2.2280151, 41.4102673 ], [ 2.2282733, 41.4103496 ], [ 2.2283876, 41.4105291 ], [ 2.2284865, 41.4106843 ], [ 2.2279375, 41.4108822 ], [ 2.2276069, 41.4103701 ], [ 2.2272705, 41.41049 ], [ 2.2272081, 41.4103902 ], [ 2.2228301, 41.4123769 ], [ 2.2207503, 41.4125759 ], [ 2.221251, 41.4132178 ], [ 2.2200987, 41.4143961 ], [ 2.2174083, 41.4167106 ], [ 2.2170125, 41.4174338 ], [ 2.2165038, 41.4178723 ], [ 2.2161801, 41.4183308 ], [ 2.220345, 41.4214701 ] ] ] ] } },
{ "type": "Feature", "properties": { "distrito": "la Verneda", "admin_level": "9" }, "geometry": { "type": "Polygon", "coordinates": [ [ [ 2.2072969, 41.4277635 ], [ 2.2074462, 41.4280262 ], [ 2.20712, 41.4292942 ], [ 2.2069678, 41.4297199 ], [ 2.2068516, 41.4300534 ], [ 2.2066807, 41.4305219 ], [ 2.2066629, 41.4305804 ], [ 2.2065341, 41.4309564 ], [ 2.206464, 41.4311615 ], [ 2.2063873, 41.431459 ], [ 2.2061683, 41.4323312 ], [ 2.2059186, 41.4329591 ], [ 2.2090823, 41.433659 ], [ 2.2096384, 41.4336655 ], [ 2.2105604, 41.4336748 ], [ 2.2111181, 41.433841 ], [ 2.2119963, 41.4324794 ], [ 2.2124791, 41.4318842 ], [ 2.2136485, 41.4305649 ], [ 2.2129002, 41.4295212 ], [ 2.2117281, 41.4279727 ], [ 2.2117791, 41.4270496 ], [ 2.211594, 41.4256217 ], [ 2.2113633, 41.4232223 ], [ 2.21137, 41.4223404 ], [ 2.2111974, 41.4222727 ], [ 2.2101351, 41.4238368 ], [ 2.2100382, 41.4242362 ], [ 2.2099752, 41.4246294 ], [ 2.2092689, 41.4249553 ], [ 2.2089209, 41.4251214 ], [ 2.2088482, 41.4251536 ], [ 2.2086365, 41.4251045 ], [ 2.2086288, 41.4250995 ], [ 2.2080841, 41.4249801 ], [ 2.2077023, 41.4251259 ], [ 2.2068221, 41.4254588 ], [ 2.2061447, 41.4256223 ], [ 2.2064469, 41.4261796 ], [ 2.2065476, 41.4263763 ], [ 2.2067219, 41.4266998 ], [ 2.2067992, 41.4268417 ], [ 2.2070453, 41.4272935 ], [ 2.2072057, 41.4275956 ], [ 2.2072716, 41.4277093 ], [ 2.2072969, 41.4277635 ] ] ] } },
{ "type": "Feature", "properties": { "distrito": "Districte V", "admin_level": "9" }, "geometry": { "type": "Polygon", "coordinates": [ [ [ 2.2064078, 41.4434992 ], [ 2.2066279, 41.4435618 ], [ 2.2082788, 41.4437613 ], [ 2.2087321, 41.4438754 ], [ 2.2101322, 41.4444776 ], [ 2.2103948, 41.4447363 ], [ 2.2105181, 41.4447995 ], [ 2.2105478, 41.4448359 ], [ 2.210714, 41.4450133 ], [ 2.2108484, 41.4452076 ], [ 2.2109343, 41.4453001 ], [ 2.2110236, 41.44545 ], [ 2.2110415, 41.4455896 ], [ 2.2110308, 41.4457102 ], [ 2.2109968, 41.4458401 ], [ 2.2109611, 41.4459917 ], [ 2.2109543, 41.4460489 ], [ 2.210949, 41.4460966 ], [ 2.2109377, 41.4461738 ], [ 2.210886, 41.4464742 ], [ 2.2108196, 41.4467667 ], [ 2.2108021, 41.4468439 ], [ 2.2107954, 41.4468822 ], [ 2.2107937, 41.4468987 ], [ 2.210734, 41.4472788 ], [ 2.2107307, 41.4473206 ], [ 2.2108078, 41.4473278 ], [ 2.2118862, 41.4474143 ], [ 2.2122744, 41.4474994 ], [ 2.2124516, 41.4475349 ], [ 2.2124953, 41.4475423 ], [ 2.2125655, 41.4475558 ], [ 2.2136931, 41.4476353 ], [ 2.2137668, 41.4476386 ], [ 2.2138564, 41.4476462 ], [ 2.2147509, 41.4477688 ], [ 2.2148617, 41.4477798 ], [ 2.21497, 41.4478024 ], [ 2.2156472, 41.4481469 ], [ 2.2157213, 41.448171 ], [ 2.2158091, 41.4481996 ], [ 2.216314, 41.4483589 ], [ 2.2163985, 41.4483843 ], [ 2.2164313, 41.4483398 ], [ 2.216792, 41.4478381 ], [ 2.2168314, 41.4477833 ], [ 2.2168793, 41.4477155 ], [ 2.2173781, 41.4472825 ], [ 2.2174326, 41.4472352 ], [ 2.2174807, 41.4471939 ], [ 2.2178073, 41.4469134 ], [ 2.2178412, 41.4468817 ], [ 2.2178978, 41.4468239 ], [ 2.2179961, 41.446728 ], [ 2.2181219, 41.44663 ], [ 2.2182653, 41.4465583 ], [ 2.2184638, 41.4465243 ], [ 2.2185109, 41.4465164 ], [ 2.218549, 41.4465429 ], [ 2.2186776, 41.4466305 ], [ 2.2188569, 41.4467262 ], [ 2.2188997, 41.446749 ], [ 2.2189596, 41.4467375 ], [ 2.2195607, 41.4466217 ], [ 2.2198579, 41.4465662 ], [ 2.2199616, 41.4465858 ], [ 2.2199671, 41.4465837 ], [ 2.2197336, 41.4463202 ], [ 2.2196772, 41.4462664 ], [ 2.2196105, 41.4462181 ], [ 2.2195303, 41.4461721 ], [ 2.2194368, 41.4461115 ], [ 2.2193283, 41.4460294 ], [ 2.2192043, 41.4459063 ], [ 2.2188014, 41.4453582 ], [ 2.2186003, 41.4451021 ], [ 2.2185999, 41.4450708 ], [ 2.2180469, 41.4447706 ], [ 2.2176716, 41.4444905 ], [ 2.2175657, 41.4442746 ], [ 2.2169288, 41.4437095 ], [ 2.2162925, 41.4431447 ], [ 2.2159299, 41.4428171 ], [ 2.2154092, 41.4423467 ], [ 2.2146408, 41.4416322 ], [ 2.2144512, 41.4415682 ], [ 2.2144924, 41.4414402 ], [ 2.2133291, 41.4399211 ], [ 2.2133227, 41.4398636 ], [ 2.2133256, 41.4397242 ], [ 2.2133366, 41.4396391 ], [ 2.213395, 41.4394002 ], [ 2.2136889, 41.4386324 ], [ 2.2135506, 41.4383144 ], [ 2.2135469, 41.437986 ], [ 2.2135149, 41.4379134 ], [ 2.2134275, 41.4377688 ], [ 2.2132209, 41.4376227 ], [ 2.2132026, 41.4375806 ], [ 2.2132265, 41.4374482 ], [ 2.2131482, 41.4372406 ], [ 2.2131491, 41.4371872 ], [ 2.2132214, 41.4371149 ], [ 2.2132408, 41.437086 ], [ 2.2132308, 41.4370191 ], [ 2.2131814, 41.4369511 ], [ 2.2131479, 41.4369261 ], [ 2.2130952, 41.4369054 ], [ 2.2131114, 41.4368053 ], [ 2.2131265, 41.4367349 ], [ 2.2131641, 41.4366933 ], [ 2.2132243, 41.4366623 ], [ 2.2132609, 41.4366243 ], [ 2.2132918, 41.4365992 ], [ 2.2133552, 41.4365666 ], [ 2.2134261, 41.4365375 ], [ 2.2134552, 41.4365146 ], [ 2.2138137, 41.4360254 ], [ 2.214045, 41.435638 ], [ 2.2146227, 41.4349426 ], [ 2.2145663, 41.4348795 ], [ 2.2145089, 41.4348552 ], [ 2.214304, 41.4346982 ], [ 2.2139443, 41.4345033 ], [ 2.2136201, 41.4343917 ], [ 2.2135771, 41.4343977 ], [ 2.2135676, 41.4344111 ], [ 2.2132921, 41.434278 ], [ 2.2132382, 41.43437 ], [ 2.2129056, 41.4342817 ], [ 2.2128239, 41.4343997 ], [ 2.2127546, 41.4343988 ], [ 2.2121617, 41.4341634 ], [ 2.2120496, 41.4341185 ], [ 2.2111181, 41.433841 ], [ 2.2105604, 41.4336748 ], [ 2.2095296, 41.4359431 ], [ 2.2094951, 41.4361099 ], [ 2.20934, 41.436861 ], [ 2.2087896, 41.4386506 ], [ 2.2085312, 41.4399047 ], [ 2.207519, 41.4419043 ], [ 2.2064554, 41.4434424 ], [ 2.2064078, 41.4434992 ] ] ] } },
{ "type": "Feature", "properties": { "distrito": "Districte IV", "admin_level": "9" }, "geometry": { "type": "Polygon", "coordinates": [ [ [ 2.199382, 41.4508877 ], [ 2.20078, 41.4520716 ], [ 2.200909, 41.4519697 ], [ 2.2009425, 41.4519159 ], [ 2.2010252, 41.4519854 ], [ 2.2010818, 41.4520194 ], [ 2.2014843, 41.4522969 ], [ 2.2018496, 41.4525528 ], [ 2.2019919, 41.4526514 ], [ 2.2024032, 41.4529365 ], [ 2.2030603, 41.4533523 ], [ 2.2033699, 41.4535264 ], [ 2.2047678, 41.4543302 ], [ 2.2048892, 41.4544097 ], [ 2.2050079, 41.4544847 ], [ 2.205103, 41.4545448 ], [ 2.2051881, 41.4545962 ], [ 2.206255, 41.4553187 ], [ 2.2063278, 41.4553653 ], [ 2.2063808, 41.4552505 ], [ 2.2064842, 41.4550053 ], [ 2.2065211, 41.4548454 ], [ 2.2064794, 41.4545526 ], [ 2.2064448, 41.4544096 ], [ 2.2064351, 41.4543813 ], [ 2.2064281, 41.4543483 ], [ 2.2063951, 41.4541733 ], [ 2.2063768, 41.4540933 ], [ 2.2067175, 41.4538869 ], [ 2.2067147, 41.4538796 ], [ 2.2066901, 41.4538552 ], [ 2.2064767, 41.4537001 ], [ 2.2065738, 41.4536121 ], [ 2.206804, 41.4533007 ], [ 2.2072758, 41.4523842 ], [ 2.207306, 41.4523288 ], [ 2.2075664, 41.4518307 ], [ 2.2076985, 41.451612 ], [ 2.2079703, 41.4511704 ], [ 2.2080226, 41.4510853 ], [ 2.2080442, 41.4510472 ], [ 2.2080552, 41.4510246 ], [ 2.2080953, 41.4509568 ], [ 2.2083269, 41.4505537 ], [ 2.2083818, 41.4504545 ], [ 2.2091203, 41.4492063 ], [ 2.2091441, 41.4491649 ], [ 2.2091606, 41.4491344 ], [ 2.2095018, 41.4485524 ], [ 2.209543, 41.448481 ], [ 2.209644, 41.4483157 ], [ 2.2098306, 41.4479954 ], [ 2.209868, 41.4479317 ], [ 2.2098915, 41.4478897 ], [ 2.2099404, 41.4479046 ], [ 2.2103681, 41.4480348 ], [ 2.2104562, 41.4480673 ], [ 2.2104698, 41.4479928 ], [ 2.2105094, 41.4477814 ], [ 2.2107307, 41.4473206 ], [ 2.210734, 41.4472788 ], [ 2.2107937, 41.4468987 ], [ 2.2107954, 41.4468822 ], [ 2.2108021, 41.4468439 ], [ 2.2108196, 41.4467667 ], [ 2.210886, 41.4464742 ], [ 2.2109377, 41.4461738 ], [ 2.210949, 41.4460966 ], [ 2.2109543, 41.4460489 ], [ 2.2109611, 41.4459917 ], [ 2.2109968, 41.4458401 ], [ 2.2110308, 41.4457102 ], [ 2.2110415, 41.4455896 ], [ 2.2110236, 41.44545 ], [ 2.2109343, 41.4453001 ], [ 2.2108484, 41.4452076 ], [ 2.210714, 41.4450133 ], [ 2.2105478, 41.4448359 ], [ 2.2105181, 41.4447995 ], [ 2.2103948, 41.4447363 ], [ 2.2101322, 41.4444776 ], [ 2.2087321, 41.4438754 ], [ 2.2082788, 41.4437613 ], [ 2.2066279, 41.4435618 ], [ 2.2064078, 41.4434992 ], [ 2.2045136, 41.4457589 ], [ 2.2033902, 41.4469278 ], [ 2.2013922, 41.4490036 ], [ 2.2013718, 41.4490244 ], [ 2.201349, 41.4490485 ], [ 2.2009129, 41.4495054 ], [ 2.199382, 41.4508877 ] ] ] } },
{ "type": "Feature", "properties": { "distrito": "Districte III", "admin_level": "9" }, "geometry": { "type": "Polygon", "coordinates": [ [ [ 2.1869945, 41.4674574 ], [ 2.1874206, 41.4679963 ], [ 2.1887829, 41.4702438 ], [ 2.1890368, 41.4706961 ], [ 2.1896224, 41.4705346 ], [ 2.1902214, 41.4703904 ], [ 2.1911341, 41.4711236 ], [ 2.1919331, 41.4714383 ], [ 2.1926328, 41.4715057 ], [ 2.1928501, 41.4718289 ], [ 2.1935876, 41.4722187 ], [ 2.194491, 41.4724389 ], [ 2.1958781, 41.472421 ], [ 2.1982408, 41.4729262 ], [ 2.1990119, 41.4732874 ], [ 2.2000188, 41.4733047 ], [ 2.2014384, 41.4726462 ], [ 2.2023455, 41.4718668 ], [ 2.2028555, 41.4718076 ], [ 2.2038991, 41.4714623 ], [ 2.2042425, 41.4710425 ], [ 2.2057371, 41.4704255 ], [ 2.2066678, 41.4702392 ], [ 2.2076068, 41.4702892 ], [ 2.2095889, 41.4703946 ], [ 2.2103492, 41.4706212 ], [ 2.2110511, 41.4711509 ], [ 2.2141668, 41.4693877 ], [ 2.2178991, 41.4672754 ], [ 2.220869, 41.4655945 ], [ 2.2215488, 41.4651421 ], [ 2.2215137, 41.4651228 ], [ 2.2214774, 41.465103 ], [ 2.2214357, 41.4650803 ], [ 2.2214189, 41.4650712 ], [ 2.2213458, 41.4650335 ], [ 2.2211889, 41.4649566 ], [ 2.2210378, 41.4648728 ], [ 2.2208811, 41.4647737 ], [ 2.2207213, 41.4646763 ], [ 2.2206067, 41.4646085 ], [ 2.2205016, 41.4645416 ], [ 2.2204252, 41.4644878 ], [ 2.2203561, 41.464434 ], [ 2.2203065, 41.4643828 ], [ 2.2202709, 41.4643371 ], [ 2.2202428, 41.4642959 ], [ 2.2202173, 41.4642461 ], [ 2.2201992, 41.4642004 ], [ 2.2201878, 41.4641426 ], [ 2.2201838, 41.4640918 ], [ 2.2201802, 41.4640267 ], [ 2.2201775, 41.4639302 ], [ 2.2201694, 41.4638517 ], [ 2.2201569, 41.4638044 ], [ 2.2201408, 41.4637763 ], [ 2.220114, 41.4637361 ], [ 2.2200711, 41.4636969 ], [ 2.2200255, 41.4636667 ], [ 2.2199424, 41.4636265 ], [ 2.2198537, 41.4635945 ], [ 2.219768, 41.4635733 ], [ 2.2197574, 41.4635722 ], [ 2.2196391, 41.4635593 ], [ 2.2194446, 41.4635592 ], [ 2.2193094, 41.4635763 ], [ 2.2191978, 41.4635904 ], [ 2.2190894, 41.4635984 ], [ 2.2189969, 41.4636004 ], [ 2.2188453, 41.4635863 ], [ 2.2187112, 41.4635733 ], [ 2.2185917, 41.4635563 ], [ 2.2185034, 41.4635301 ], [ 2.2184148, 41.4634989 ], [ 2.2182836, 41.4634294 ], [ 2.2182122, 41.4633859 ], [ 2.2181634, 41.4633577 ], [ 2.2181185, 41.4633276 ], [ 2.2180501, 41.4632768 ], [ 2.2179615, 41.4632039 ], [ 2.2178972, 41.4631492 ], [ 2.2178569, 41.4631095 ], [ 2.2177843, 41.4630367 ], [ 2.2176817, 41.4629422 ], [ 2.2176343, 41.4628949 ], [ 2.2176075, 41.4628632 ], [ 2.217584, 41.4628225 ], [ 2.2175686, 41.4627698 ], [ 2.2175565, 41.4626804 ], [ 2.217425, 41.462651 ], [ 2.217243, 41.462605 ], [ 2.216919, 41.462504 ], [ 2.216551, 41.462384 ], [ 2.216339, 41.462293 ], [ 2.2161101, 41.462477 ], [ 2.2160542, 41.4623765 ], [ 2.2152321, 41.4615879 ], [ 2.2145663, 41.4609196 ], [ 2.2143854, 41.4607836 ], [ 2.2140145, 41.4604999 ], [ 2.2137621, 41.4603994 ], [ 2.2135945, 41.4603694 ], [ 2.2135414, 41.4603679 ], [ 2.2134513, 41.4603608 ], [ 2.2133853, 41.4604651 ], [ 2.2133429, 41.4602794 ], [ 2.2133562, 41.4602215 ], [ 2.2133716, 41.4601411 ], [ 2.2133873, 41.459981 ], [ 2.2133414, 41.4599999 ], [ 2.213247, 41.46002 ], [ 2.2131351, 41.4600918 ], [ 2.2130618, 41.4601004 ], [ 2.213014, 41.4600951 ], [ 2.2129434, 41.4600673 ], [ 2.212851, 41.4600275 ], [ 2.2117463, 41.4595431 ], [ 2.2111361, 41.4592891 ], [ 2.2102312, 41.4588776 ], [ 2.2097353, 41.4586415 ], [ 2.2091384, 41.4583592 ], [ 2.2090592, 41.4583224 ], [ 2.2097333, 41.4579661 ], [ 2.2096568, 41.4579104 ], [ 2.2087522, 41.4572531 ], [ 2.2086554, 41.4571805 ], [ 2.2085125, 41.4570653 ], [ 2.2084283, 41.4570028 ], [ 2.207731, 41.4564375 ], [ 2.2075987, 41.4563376 ], [ 2.2065567, 41.4555391 ], [ 2.2064106, 41.4554303 ], [ 2.2063278, 41.4553653 ], [ 2.206255, 41.4553187 ], [ 2.2051881, 41.4545962 ], [ 2.205103, 41.4545448 ], [ 2.2050079, 41.4544847 ], [ 2.2048892, 41.4544097 ], [ 2.2047678, 41.4543302 ], [ 2.2033699, 41.4535264 ], [ 2.2030603, 41.4533523 ], [ 2.2024032, 41.4529365 ], [ 2.2019919, 41.4526514 ], [ 2.2018496, 41.4525528 ], [ 2.2014843, 41.4522969 ], [ 2.2010818, 41.4520194 ], [ 2.2010252, 41.4519854 ], [ 2.2009425, 41.4519159 ], [ 2.200909, 41.4519697 ], [ 2.20078, 41.4520716 ], [ 2.199382, 41.4508877 ], [ 2.1980784, 41.4520647 ], [ 2.1972287, 41.4526858 ], [ 2.1905147, 41.4575929 ], [ 2.1884979, 41.4596108 ], [ 2.1878961, 41.4609165 ], [ 2.1876363, 41.4617481 ], [ 2.1875748, 41.4619449 ], [ 2.1875053, 41.4621675 ], [ 2.1869945, 41.4674574 ] ] ] } }
]
}
