Index_1,Index_2,ID_1,ID_2,Company_1,Company_2,Type_1,Type_2,Location_1,Location_2,Address_1,Address_2,Distance_m,Address_Similarity,Location_Similarity,Address_Numbers_Available,Same_Address_Number,Same_Company,Same_Type,Should_Cluster,Possible_Duplicate,Pair_Classification,Pair_Rule
0,769,1,770,InPost,Amazon,Locker,Locker,Supermercado Dia,Lockers Arruda,"Calle de Nuñez de Balboa, 32","Calle de Núñez de Balboa, 32",2.84,100.0,26.67,True,True,False,True,True,False,Co-location,distance <= 5m
2,772,3,773,InPost,Amazon,Convenience Stores,Convenience Stores,Grupo Hicorsa Artes Graficas,Grupo Hicorsa Artes Gráficas S.A.,"Calle de Goya, 43","Calle de Goya, 43",3.69,100.0,93.33,True,True,False,True,True,False,Co-location,distance <= 5m
2,2225,3,2226,InPost,Ctt Express,Convenience Stores,Convenience Stores,Grupo Hicorsa Artes Graficas,Grupo Hicorsa Artes Gráficas S.A.,"Calle de Goya, 43","Calle de Goya, 43",5.92,100.0,93.33,True,True,False,True,True,False,Co-location,distance <= 15m and strong text match
5,774,6,775,InPost,Amazon,Convenience Stores,Convenience Stores,La Capital,La Capital Del Movil,"Calle del Gral. Pardiñas, 3","Calle del Gral. Pardiñas, 3",0.0,100.0,66.67,True,True,False,True,True,False,Co-location,distance <= 5m
5,1918,6,1919,InPost,Dhl,Convenience Stores,Convenience Stores,La Capital,La Capital Del Movil,"Calle del Gral. Pardiñas, 3","Calle del Gral. Pardiñas, 3",5.44,100.0,66.67,True,True,False,True,True,False,Co-location,distance <= 15m and strong text match
14,2871,15,2872,InPost,UPS,Convenience Stores,Convenience Stores,Mioptico Lopez De Hoyos,Mioptico,"C. de López de Hoyos, 135","C. de López de Hoyos, 135",5.31,100.0,51.61,True,True,False,True,True,False,Co-location,distance <= 15m and strong text match
17,785,18,786,InPost,Amazon,Locker,Locker,Parking Clara Del Rey,Lockers Tarodo,"C. de Clara del Rey, 32","C. de Clara del Rey, 32",7.43,100.0,17.14,True,True,False,True,True,False,Co-location,distance <= 15m and strong text match
18,1338,19,1339,InPost,SEUR,Convenience Stores,Convenience Stores,Chip Inside,Chip Inside,"C. de Clara del Rey, 20","C. de Clara del Rey, 20",3.94,100.0,100.0,True,True,False,True,True,False,Co-location,distance <= 5m
18,2232,19,2233,InPost,Ctt Express,Convenience Stores,Convenience Stores,Chip Inside,Chip Inside,"C. de Clara del Rey, 20","C. de Clara del Rey, 20",4.16,100.0,100.0,True,True,False,True,True,False,Co-location,distance <= 5m
18,2047,19,2048,InPost,Celeritas,Convenience Stores,Convenience Stores,Chip Inside,Chip Inside,"C. de Clara del Rey, 20","C. de Clara del Rey, 20",4.52,100.0,100.0,True,True,False,True,True,False,Co-location,distance <= 5m
26,2243,27,2244,InPost,Ctt Express,Convenience Stores,Convenience Stores,Baez Locutorio,Báez Locutorio,"C. de Espronceda, 9","C. de Espronceda, 9",10.33,100.0,100.0,True,True,False,True,True,False,Co-location,distance <= 15m and strong text match
31,2880,32,2881,InPost,UPS,Convenience Stores,Convenience Stores,Bicicletas Y Calzado,Bicicletas Y Reparacion De Calzado,"Av. de la Reina Victoria, 51","Av. de la Reina Victoria, 51",7.81,100.0,74.07,True,True,False,True,True,False,Co-location,distance <= 15m and strong text match
35,1360,36,1361,InPost,SEUR,Convenience Stores,Convenience Stores,Fotocopias Javipar,Fotocopias Javipar,"C. de Loreto y Chicote, 13","C. de Loreto y Chicote, 13",4.04,100.0,100.0,True,True,False,True,True,False,Co-location,distance <= 5m
35,2626,36,2627,InPost,Gls,Convenience Stores,Convenience Stores,Fotocopias Javipar,Ps Fotocopias Javipar,"C. de Loreto y Chicote, 13","C. de Loreto y Chicote, 13",6.01,100.0,92.31,True,True,False,True,True,False,Co-location,distance <= 15m and strong text match
37,38,38,39,InPost,InPost,Convenience Stores,Convenience Stores,El Jardin De Kika,Copypez 12,"C. del Pez, 12","C. del Pez, 12",14.8,100.0,14.81,True,True,True,True,True,True,Possible duplicate,distance <= 15m and strong text match
40,2885,41,2886,InPost,UPS,Convenience Stores,Convenience Stores,The Mad Plug,The Mad Plug,"C. de Valverde, 35","C. de Valverde, 35",0.0,100.0,100.0,True,True,False,True,True,False,Co-location,distance <= 5m
40,1922,41,1923,InPost,Dhl,Convenience Stores,Convenience Stores,The Mad Plug,Madplug,"C. de Valverde, 35","C. de Valverde, 35",3.39,100.0,73.68,True,True,False,True,True,False,Co-location,distance <= 5m
45,2256,46,2257,InPost,Ctt Express,Convenience Stores,Convenience Stores,Estanco Piramides,Estanco Piramides,"P.o de las Acacias, 69","P.o de las Acacias, 69",13.08,100.0,100.0,True,True,False,True,True,False,Co-location,distance <= 15m and strong text match
46,3123,47,3124,InPost,Pudo,Convenience Stores,Click&Collect,Nuvole Di Profumo Mercado De La,Mercado De La Cebada,"Pl. de la Cebada, S/N","Pl. de la Cebada, S/N",4.37,100.0,50.98,False,False,False,False,True,False,Co-location,distance <= 5m
52,1377,53,1378,InPost,SEUR,Convenience Stores,Convenience Stores,Tr3sdland,Tr3sdland,"Pl. de Cascorro, 2","Pl. de Cascorro, 2",2.03,100.0,100.0,True,True,False,True,True,False,Co-location,distance <= 5m
53,2059,54,2060,InPost,Celeritas,Convenience Stores,Convenience Stores,Quiosco Prensa Antonio,Prensa Antonio,Pl. de Prta Cerrada S/N,Pl. de Prta Cerrada s/n,6.08,100.0,77.78,False,False,False,True,True,False,Co-location,distance <= 15m and strong text match
53,2254,54,2255,InPost,Ctt Express,Convenience Stores,Convenience Stores,Quiosco Prensa Antonio,Prensa Antonio,Pl. de Prta Cerrada S/N,Pl. de Prta Cerrada s/n,12.56,100.0,77.78,False,False,False,True,True,False,Co-location,distance <= 15m and strong text match
58,2621,59,2622,InPost,Gls,Convenience Stores,Convenience Stores,Cm26 Reprografia,Ps Cm26 Reprografia,"Calle de Maldonado, 26","Calle de Maldonado, 26",1.88,100.0,91.43,True,True,False,True,True,False,Co-location,distance <= 5m
58,1384,59,1385,InPost,SEUR,Convenience Stores,Convenience Stores,Cm26 Reprografia,Cm26 Reprografía,"Calle de Maldonado, 26","Calle de Maldonado, 26",4.4,100.0,100.0,True,True,False,True,True,False,Co-location,distance <= 5m
58,2893,59,2894,InPost,UPS,Convenience Stores,Convenience Stores,Cm26 Reprografia,Cm26 Reprografia,"Calle de Maldonado, 26","C. de Maldonado, 26",6.13,89.47,100.0,True,True,False,True,True,False,Co-location,distance <= 15m and strong text match
59,2066,60,2067,InPost,Celeritas,Convenience Stores,Convenience Stores,Estanco 837,Expendeduria 837,"Calle del Gral. Pardiñas, 61","Calle del Gral. Pardiñas, 61",2.9,100.0,44.44,True,True,False,True,True,False,Co-location,distance <= 5m
59,2264,60,2265,InPost,Ctt Express,Convenience Stores,Convenience Stores,Estanco 837,Expendeduria 837,"Calle del Gral. Pardiñas, 61","Calle del Gral. Pardiñas, 61",3.35,100.0,44.44,True,True,False,True,True,False,Co-location,distance <= 5m
61,1386,62,1387,InPost,SEUR,Convenience Stores,Convenience Stores,Herbolario Vilaflor,Herbolario Vilaflor,"Calle de Castelló, 120","Calle de Castelló, 120",12.76,100.0,100.0,True,True,False,True,True,False,Co-location,distance <= 15m and strong text match
62,2895,63,2896,InPost,UPS,Convenience Stores,Convenience Stores,Herbolario Salamanca,Herbolario Salamanca,"C. de Padilla, 52","C. de Padilla, 52",1.81,100.0,100.0,True,True,False,True,True,False,Co-location,distance <= 5m
63,1395,64,1396,InPost,SEUR,Convenience Stores,Convenience Stores,Locutorio Marandu,Locutorio Marandu Jb,"Calle de Juan Bravo, 63","Calle de Juan Bravo, 63",3.32,100.0,91.89,True,True,False,True,True,False,Co-location,distance <= 5m
64,1396,65,1397,InPost,SEUR,Locker,Locker,24/7 Parking Juan Bravo,Parking Bolto,"Calle de Juan Bravo, 58","Calle de Juan Bravo, 58",3.59,100.0,55.56,True,True,False,True,True,False,Co-location,distance <= 5m
65,2266,66,2267,InPost,Ctt Express,Convenience Stores,Convenience Stores,Quiosco Ortega Y Gasset,Quiosco Ortega Y Gasset.,"C. de José Ortega y Gasset, 29","C. de José Ortega y Gasset, 29",9.31,100.0,100.0,True,True,False,True,True,False,Co-location,distance <= 15m and strong text match
70,1404,71,1405,InPost,SEUR,Convenience Stores,Convenience Stores,Doce Treinta Y Cuatro,Doce Treinta Y Cuatro,"C. del Dr. Esquerdo, 96","C. del Dr. Esquerdo, 96",7.32,100.0,100.0,True,True,False,True,True,False,Co-location,distance <= 15m and strong text match
71,1400,72,1401,InPost,SEUR,Convenience Stores,Convenience Stores,Estanco Conde Casal,Estanco Conde De Casal,"C. del Dr. Esquerdo, 177","C. del Dr. Esquerdo, 177",0.91,100.0,92.68,True,True,False,True,True,False,Co-location,distance <= 5m
71,841,72,842,InPost,Amazon,Convenience Stores,Convenience Stores,Estanco Conde Casal,Seur - Estanco Conde De Casal,"C. del Dr. Esquerdo, 177","C. del Dr. Esquerdo, 177",3.63,100.0,82.61,True,True,False,True,True,False,Co-location,distance <= 5m
74,1406,75,1407,InPost,SEUR,Convenience Stores,Convenience Stores,Sol Internacional 2,Sol Internacional,"C. de Granada, 46","C. de Granada, 46",4.54,100.0,94.44,True,True,False,True,True,False,Co-location,distance <= 5m
74,836,75,837,InPost,Amazon,Convenience Stores,Convenience Stores,Sol Internacional 2,Amazon Counter - Sol Internacional,"C. de Granada, 46","C. de Granada, 46",8.42,100.0,66.67,True,True,False,True,True,False,Co-location,distance <= 15m and strong text match
74,2276,75,2277,InPost,Ctt Express,Convenience Stores,Convenience Stores,Sol Internacional 2,Sol Internacional,"C. de Granada, 46","C. de Granada, 46",9.83,100.0,94.44,True,True,False,True,True,False,Co-location,distance <= 15m and strong text match
75,1408,76,1409,InPost,SEUR,Convenience Stores,Convenience Stores,Nirvana Espacio Holistico,Alimentacion Autoservicio,"C. de Cavanilles, 10","C. de Cavanilles, 10",7.49,100.0,44.0,True,True,False,True,True,False,Co-location,distance <= 15m and strong text match
83,2287,84,2288,InPost,Ctt Express,Convenience Stores,Convenience Stores,Na Tecnologia Market,Ma Tecnologia Markt,"C. de Quintana, 9","C. de Quintana, 9",14.98,100.0,92.31,True,True,False,True,True,False,Co-location,distance <= 15m and strong text match
84,851,85,852,InPost,Amazon,Convenience Stores,Convenience Stores,Estanco 804,Seur - Estanco 804,"C. de Romero Robledo, 9","C. de Romero Robledo, 9",6.18,100.0,81.48,True,True,False,True,True,False,Co-location,distance <= 15m and strong text match
84,1418,85,1419,InPost,SEUR,Convenience Stores,Convenience Stores,Estanco 804,Estanco 804,"C. de Romero Robledo, 9","C. de Romero Robledo, 9",7.76,100.0,100.0,True,True,False,True,True,False,Co-location,distance <= 15m and strong text match
84,1419,85,1420,InPost,SEUR,Convenience Stores,Locker,Estanco 804,Seur Lockers Parking Bolto,"C. de Romero Robledo, 9","C. de Romero Robledo, 9",7.76,100.0,21.62,True,True,False,False,True,False,Co-location,distance <= 15m and strong text match
86,2787,87,2788,InPost,Nacex,Convenience Stores,Convenience Stores,Mobile Centre,Mobile Centre (2886-04),"Calle de la Princesa, 3","Calle de la Princesa, 3, Loocal 6",1.95,83.02,76.47,True,True,False,True,True,False,Co-location,distance <= 5m
86,2649,87,2650,InPost,Gls,Convenience Stores,Convenience Stores,Mobile Centre,Ps Mobile Centre,"Calle de la Princesa, 3","Calle de la Princesa, 3",6.1,100.0,89.66,True,True,False,True,True,False,Co-location,distance <= 15m and strong text match
86,2069,87,2070,InPost,Celeritas,Convenience Stores,Convenience Stores,Mobile Centre,Mobile Centre,"Calle de la Princesa, 3","Calle de la Princesa, 3",6.99,100.0,100.0,True,True,False,True,True,False,Co-location,distance <= 15m and strong text match
86,1938,87,1939,InPost,Dhl,Convenience Stores,Convenience Stores,Mobile Centre,Mobile Centre,"Calle de la Princesa, 3","Calle de la Princesa, 3",13.39,100.0,100.0,True,True,False,True,True,False,Co-location,distance <= 15m and strong text match
87,1424,88,1425,InPost,SEUR,Locker,Locker,Locker 24/7 Grupo Bolton Princi,Seur Lockers Parking Bolto,"Cta. de San Vicente, 38","Cta. de San Vicente, 38",11.98,100.0,49.12,True,True,False,True,True,False,Co-location,distance <= 15m and strong text match
91,2902,92,2903,InPost,UPS,Convenience Stores,Convenience Stores,Supermarket,Supermarket Em,"P.o de la Florida, 23","P.o de la Florida, 23",3.85,100.0,88.0,True,True,False,True,True,False,Co-location,distance <= 5m
91,2284,92,2285,InPost,Ctt Express,Convenience Stores,Convenience Stores,Supermarket,Supermarket E.M.,"P.o de la Florida, 23","P.o de la Florida, 23",4.98,100.0,84.62,True,True,False,True,True,False,Co-location,distance <= 5m
91,1937,92,1938,InPost,Dhl,Convenience Stores,Convenience Stores,Supermarket,Supermarket E.M,"P.o de la Florida, 23","P.o de la Florida, 23",11.39,100.0,84.62,True,True,False,True,True,False,Co-location,distance <= 15m and strong text match
94,1429,95,1430,InPost,SEUR,Convenience Stores,Convenience Stores,Locutorio Luzcar,Locutorio Luzcar,"C/ del Alcalde Sainz de Baranda, 54","C/ del Alcalde Sainz de Baranda, 54",8.12,100.0,100.0,True,True,False,True,True,False,Co-location,distance <= 15m and strong text match
98,2071,99,2072,InPost,Celeritas,Convenience Stores,Convenience Stores,Afg Lombia,Prensa Y Revistas Lombia,"C. de Lombía, 12","C. de Lombía, 12",3.06,100.0,47.06,True,True,False,True,True,False,Co-location,distance <= 5m
103,858,104,859,InPost,Amazon,Locker,Locker,Locker Supermercado Dia Manuel,Lockers Galian,"Calle de Manuel Silvela, 9","Calle de Manuel Silvela, 9",13.77,100.0,50.0,True,True,False,True,True,False,Co-location,distance <= 15m and strong text match
106,2301,107,2302,InPost,Ctt Express,Convenience Stores,Convenience Stores,Casa Julian,Casa Julian,"C. del Cardenal Cisneros, 9","C. del Cardenal Cisneros, 9",2.41,100.0,100.0,True,True,False,True,True,False,Co-location,distance <= 5m
106,866,107,867,InPost,Amazon,Convenience Stores,Convenience Stores,Casa Julian,Seur - Alimentacion Casa Julian,"C. del Cardenal Cisneros, 9","C. del Cardenal Cisneros, 9",8.1,100.0,55.0,True,True,False,True,True,False,Co-location,distance <= 15m and strong text match
107,867,108,868,InPost,Amazon,Locker,Convenience Stores,Multiservicios Inti,Seur - Multiservicios Inti,"Calle de García de Paredes, 18","Calle de García de Paredes, 18",5.16,100.0,88.37,True,True,False,False,True,False,Co-location,distance <= 15m and strong text match
107,1438,108,1439,InPost,SEUR,Locker,Convenience Stores,Multiservicios Inti,Multiservicios Inti,"Calle de García de Paredes, 18","Calle de García de Paredes, 18",14.58,100.0,100.0,True,True,False,False,True,False,Co-location,distance <= 15m and strong text match
109,2789,110,2790,InPost,Nacex,Locker,Convenience Stores,Locutorio Mila,Locutorio Mila (2853-20),"C. del Cardenal Cisneros, 64","C. del Cardenal Cisneros, 64",0.73,100.0,77.78,True,True,False,False,True,False,Co-location,distance <= 5m
109,865,110,866,InPost,Amazon,Locker,Convenience Stores,Locutorio Mila,Seur - Locutorio Mila,"C. del Cardenal Cisneros, 64","C. del Cardenal Cisneros, 64",0.9,100.0,84.85,True,True,False,False,True,False,Co-location,distance <= 5m
109,2297,110,2298,InPost,Ctt Express,Locker,Convenience Stores,Locutorio Mila,Locutorio Mila,"C. del Cardenal Cisneros, 64","C. del Cardenal Cisneros, 64",1.1,100.0,100.0,True,True,False,False,True,False,Co-location,distance <= 5m
109,2654,110,2655,InPost,Gls,Locker,Convenience Stores,Locutorio Mila,Ps Locutorio Mila Nuevo,"C. del Cardenal Cisneros, 64","C. del Cardenal Cisneros, 64",1.8,100.0,75.68,True,True,False,False,True,False,Co-location,distance <= 5m
109,2075,110,2076,InPost,Celeritas,Locker,Convenience Stores,Locutorio Mila,Locutorio Mila,"C. del Cardenal Cisneros, 64","C. del Cardenal Cisneros, 64",3.83,100.0,100.0,True,True,False,False,True,False,Co-location,distance <= 5m
109,2302,110,2303,InPost,Ctt Express,Locker,Convenience Stores,Locutorio Mila,Locutorio Mila,"C. del Cardenal Cisneros, 64","C. del Cardenal Cisneros, 64",7.09,100.0,100.0,True,True,False,False,True,False,Co-location,distance <= 15m and strong text match
109,1436,110,1437,InPost,SEUR,Locker,Convenience Stores,Locutorio Mila,Locutorio Mila,"C. del Cardenal Cisneros, 64","C. del Cardenal Cisneros, 64",8.49,100.0,100.0,True,True,False,False,True,False,Co-location,distance <= 15m and strong text match
110,1478,111,1479,InPost,SEUR,Convenience Stores,Locker,Locker 24/7 Parking Bravo Muril,Seur Lockers Parking Queve,"C. de Bravo Murillo, 30","C. de Bravo Murillo, 30",13.45,100.0,56.14,True,True,False,False,True,False,Co-location,distance <= 15m and strong text match
111,1942,112,1943,InPost,Dhl,Convenience Stores,Convenience Stores,Estanco Batan Tabaco Y Loteria,Estanco Batan Metro,"C. de Villamanín, 33","C. de Villamanín, 33",10.46,100.0,65.31,True,True,False,True,True,False,Co-location,distance <= 15m and strong text match
111,2909,112,2910,InPost,UPS,Convenience Stores,Convenience Stores,Estanco Batan Tabaco Y Loteria,Estanco Batan Metro,"C. de Villamanín, 33","C. de Villamanín, 33",11.05,100.0,65.31,True,True,False,True,True,False,Co-location,distance <= 15m and strong text match
112,2305,113,2306,InPost,Ctt Express,Convenience Stores,Convenience Stores,Alimentacion Amigos,Alimentacion Amigos,"C. de El Greco, 27","C. de El Greco, 27 LOCAL 6",11.28,80.0,100.0,True,True,False,True,True,False,Co-location,distance <= 15m and strong text match
115,869,116,870,InPost,Amazon,Locker,Locker,Locker 24/7 Repsol Es El Batan,Amazon Locker - Tranquila Repsol,"Carretera Extremadura, Km 5,400 N 298","Carretera Extremadura, Km 5,400 N 298",4.35,100.0,46.67,True,True,False,True,True,False,Co-location,distance <= 5m
117,1945,118,1946,InPost,Dhl,Convenience Stores,Convenience Stores,Mundo Movil 2,Mundo Movil,"C. de Cebreros, 12","C. de Cebreros, 12",3.71,100.0,91.67,True,True,False,True,True,False,Co-location,distance <= 5m
129,2914,130,2915,InPost,UPS,Convenience Stores,Convenience Stores,Bazar El Chollo,Cbd Premium Store,"C. de la Cruz, 3","C. de la Cruz, 3",2.93,100.0,25.0,True,True,False,True,True,False,Co-location,distance <= 5m
131,2315,132,2316,InPost,Ctt Express,Convenience Stores,Convenience Stores,Estanco Tirso De Molina,Estanco De Tirso,"Calle del Dr Cortezo, 17","Calle del Dr Cortezo, 17",1.95,100.0,66.67,True,True,False,True,True,False,Co-location,distance <= 5m
131,2081,132,2082,InPost,Celeritas,Convenience Stores,Convenience Stores,Estanco Tirso De Molina,Estanco De Tirso,"Calle del Dr Cortezo, 17","Calle del Dr Cortezo, 17",3.61,100.0,66.67,True,True,False,True,True,False,Co-location,distance <= 5m
135,1462,136,1463,InPost,SEUR,Convenience Stores,Convenience Stores,24h Market,24h Market,"Cost.a de los Ángeles, 15","Cost.a de los Ángeles, 15",9.65,100.0,100.0,True,True,False,True,True,False,Co-location,distance <= 15m and strong text match
136,2915,137,2916,InPost,UPS,Convenience Stores,Convenience Stores,Pharma La Font,Pharma La Font,"C. de las Fuentes, 7","C. de las Fuentes, 7",2.03,100.0,100.0,True,True,False,True,True,False,Co-location,distance <= 5m
136,1949,137,1950,InPost,Dhl,Convenience Stores,Convenience Stores,Pharma La Font,Pharma La Font,"C. de las Fuentes, 7","C. de las Fuentes, 7",8.19,100.0,100.0,True,True,False,True,True,False,Co-location,distance <= 15m and strong text match
137,1463,138,1464,InPost,SEUR,Locker,Locker,Locker 24/7 Parking Pl Del Carm,Seur Lockers Parking Bolto,"C. de la Salud, 2","C. de la Salud, 2",4.55,100.0,56.14,True,True,False,True,True,False,Co-location,distance <= 5m
138,887,139,888,InPost,Amazon,Locker,Locker,Locker 24/7 Apk2 Plaza De Orien,Lockers University,"Pl. de Ote., s/n, Centro","Pl. de Ote., s/n",2.48,78.79,40.82,False,False,False,True,True,False,Co-location,distance <= 5m
143,2921,144,2922,InPost,UPS,Convenience Stores,Convenience Stores,Expendeduria 204,Expendeduria 204,"C. de Vallehermoso, 11","C. de Vallehermoso, 11",10.97,100.0,100.0,True,True,False,True,True,False,Co-location,distance <= 15m and strong text match
145,2662,146,2663,InPost,Gls,Convenience Stores,Convenience Stores,Solfai,Ps Autoescuela Moretti,"C. de Andrés Mellado, 33","C. de Andrés Mellado, 33",4.56,100.0,35.71,True,True,False,True,True,False,Co-location,distance <= 5m
148,1477,149,1478,InPost,SEUR,Convenience Stores,Convenience Stores,Locutorio Samy,Locutorio Samy,"Calle de Antonio Grilo, 6","Calle de Antonio Grilo, 6",5.23,100.0,100.0,True,True,False,True,True,False,Co-location,distance <= 15m and strong text match
148,2339,149,2340,InPost,Ctt Express,Convenience Stores,Convenience Stores,Locutorio Samy,Locutorio Samy,"Calle de Antonio Grilo, 6","Calle de Antonio Grilo, 6",8.61,100.0,100.0,True,True,False,True,True,False,Co-location,distance <= 15m and strong text match
151,911,152,912,InPost,Amazon,Convenience Stores,Convenience Stores,Don Lector,Amazon Counter - Don Lector,"C. de Fernández de los Ríos, 60","C. de Fernández de los Ríos, 60",3.65,100.0,57.14,True,True,False,True,True,False,Co-location,distance <= 5m
151,2664,152,2665,InPost,Gls,Convenience Stores,Convenience Stores,Don Lector,Ps Don Lector,"C. de Fernández de los Ríos, 60","C. de Fernández de los Ríos, 60",4.24,100.0,86.96,True,True,False,True,True,False,Co-location,distance <= 5m
151,2084,152,2085,InPost,Celeritas,Convenience Stores,Convenience Stores,Don Lector,Don Lector,"C. de Fernández de los Ríos, 60","C. de Fernández de los Ríos, 60",7.05,100.0,100.0,True,True,False,True,True,False,Co-location,distance <= 15m and strong text match
153,2338,154,2339,InPost,Ctt Express,Locker,Convenience Stores,Locker 24/7 Saba Plaza Mostense,Frutos Secos Carmen,"Pl. de los Mostenses, S/N","C. de Bravo Murillo, 41",1.93,31.82,28.0,False,False,False,False,True,False,Co-location,distance <= 5m
154,2338,155,2339,InPost,Ctt Express,Convenience Stores,Convenience Stores,Frutos Secos Carmen,Frutos Secos Carmen,"C. de Bravo Murillo, 41","C. de Bravo Murillo, 41",4.08,100.0,100.0,True,True,False,True,True,False,Co-location,distance <= 5m
157,918,158,919,InPost,Amazon,Locker,Locker,24/7 Indigo,Lockers Carquesa,"Pl. de la R. Dominicana, s/n","Pl. de la R. Dominicana, s/n",4.89,100.0,7.41,False,False,False,True,True,False,Co-location,distance <= 5m
159,1486,160,1487,InPost,SEUR,Convenience Stores,Convenience Stores,Estanco 401,Expendeduria 401,"C. de Víctor Andrés Belaunde, 2","C. de Víctor Andrés Belaunde, 2",6.55,100.0,44.44,True,True,False,True,True,False,Co-location,distance <= 15m and strong text match
160,932,161,933,InPost,Amazon,Convenience Stores,Convenience Stores,Alimentacion Xiaofen,Amazon Counter - Alimentacion Xiaofen,"Av. de Alfonso XIII, 145","Av. de Alfonso XIII, 145",3.76,100.0,72.73,True,True,False,True,True,False,Co-location,distance <= 5m
160,2345,161,2346,InPost,Ctt Express,Convenience Stores,Convenience Stores,Alimentacion Xiaofen,Alimentacion Xiaofen,"Av. de Alfonso XIII, 145","Av. de Alfonso XIII, 145",9.15,100.0,100.0,True,True,False,True,True,False,Co-location,distance <= 15m and strong text match
161,2088,162,2089,InPost,Celeritas,Convenience Stores,Convenience Stores,Estanco Infanta - Paseo Habana,Expendeduria 869,"C. de la Infanta María Teresa, 8","C. de la Infanta María Teresa, 8",1.55,100.0,22.73,True,True,False,True,True,False,Co-location,distance <= 5m
161,926,162,927,InPost,Amazon,Convenience Stores,Convenience Stores,Estanco Infanta - Paseo Habana,Amazon Counter - Estanco Bernabéu - Paseo Habana,"C. de la Infanta María Teresa, 8","C. de la Infanta María Teresa, 8",2.68,100.0,63.89,True,True,False,True,True,False,Co-location,distance <= 5m
161,929,162,930,InPost,Amazon,Convenience Stores,Convenience Stores,Estanco Infanta - Paseo Habana,Seur Estanco 869,"C. de la Infanta María Teresa, 8","C. de la Infanta María Teresa, 8",5.4,100.0,36.36,True,True,False,True,True,False,Co-location,distance <= 15m and strong text match
161,2922,162,2923,InPost,UPS,Convenience Stores,Convenience Stores,Estanco Infanta - Paseo Habana,Estanco 869 Madrid,"C. de la Infanta María Teresa, 8","C. de la Infanta María Teresa, 8",6.28,100.0,39.13,True,True,False,True,True,False,Co-location,distance <= 15m and strong text match
161,925,162,926,InPost,Amazon,Convenience Stores,Convenience Stores,Estanco Infanta - Paseo Habana,Estanco Bernabéu - Paseo Habana,"C. de la Infanta María Teresa, 8","C. de la Infanta María Teresa, 8",6.33,100.0,80.7,True,True,False,True,True,False,Co-location,distance <= 15m and strong text match
162,2091,163,2092,InPost,Celeritas,Convenience Stores,Convenience Stores,Estanco 416 Y Loterias,Estanco 416,"C. de la Drácena, 19","C. de la Drácena, 19",3.48,100.0,66.67,True,True,False,True,True,False,Co-location,distance <= 5m
162,2924,163,2925,InPost,UPS,Convenience Stores,Convenience Stores,Estanco 416 Y Loterias,Fnx-Estanco 416,"C. de la Drácena, 19","C. de la Drácena, 19",4.55,100.0,59.46,True,True,False,True,True,False,Co-location,distance <= 5m
162,2341,163,2342,InPost,Ctt Express,Convenience Stores,Convenience Stores,Estanco 416 Y Loterias,Estanco 416,"C. de la Drácena, 19","C. de la Drácena, 19",9.79,100.0,66.67,True,True,False,True,True,False,Co-location,distance <= 15m and strong text match
162,2796,163,2797,InPost,Nacex,Convenience Stores,Convenience Stores,Estanco 416 Y Loterias,Estanco No 416 Madrid (2846-03),"C. de la Drácena, 19","C. de la Drácena, 19",11.37,100.0,54.9,True,True,False,True,True,False,Co-location,distance <= 15m and strong text match
162,1489,163,1490,InPost,SEUR,Convenience Stores,Convenience Stores,Estanco 416 Y Loterias,Estanco 416 Y Loterias,"C. de la Drácena, 19","C. de la Drácena, 19",12.93,100.0,100.0,True,True,False,True,True,False,Co-location,distance <= 15m and strong text match
165,943,166,944,InPost,Amazon,Convenience Stores,Convenience Stores,Autoescuela Villajimena,Seur - Autoescuela Villajimena,"C. de Fco. Villaespesa, 10","C. de Fco. Villaespesa, 10",2.72,100.0,90.2,True,True,False,True,True,False,Co-location,distance <= 5m
165,1495,166,1496,InPost,SEUR,Convenience Stores,Convenience Stores,Autoescuela Villajimena,Autoescuela Villajimena,"C. de Fco. Villaespesa, 10","C. de Fco. Villaespesa, 10",7.29,100.0,100.0,True,True,False,True,True,False,Co-location,distance <= 15m and strong text match
168,2093,169,2094,InPost,Celeritas,Convenience Stores,Convenience Stores,Papeleria Minfi,Papeleria Minfi,"C. de Emilio Ferrari, 88","C. de Emilio Ferrari, 88",3.68,100.0,100.0,True,True,False,True,True,False,Co-location,distance <= 5m
168,2926,169,2927,InPost,UPS,Convenience Stores,Convenience Stores,Papeleria Minfi,Papeleria Minfi,"C. de Emilio Ferrari, 88","C. de Emilio Ferrari, 88",7.15,100.0,100.0,True,True,False,True,True,False,Co-location,distance <= 15m and strong text match
168,2347,169,2348,InPost,Ctt Express,Convenience Stores,Convenience Stores,Papeleria Minfi,Papeleria Minfi,"C. de Emilio Ferrari, 88","C. de Emilio Ferrari, 88",8.73,100.0,100.0,True,True,False,True,True,False,Co-location,distance <= 15m and strong text match
169,2748,170,2749,InPost,Gls,,Convenience Stores,Locutorio Y Transporte Orion,Ps Locutorio Orion 2,"C. de Ma Teresa Sáenz de Heredia, 7",Calle de María Teresa Sáenz de Heredia 7,9.15,90.41,62.5,True,True,False,False,True,False,Co-location,distance <= 15m and strong text match
170,1493,171,1494,InPost,SEUR,Convenience Stores,Convenience Stores,Papeleria Adelfa,Papeleria Libreria Adelfa,"C. del Poeta Blas de Otero, 32","C. del Poeta Blas de Otero, 32",2.79,100.0,78.05,True,True,False,True,True,False,Co-location,distance <= 5m
170,946,171,947,InPost,Amazon,Convenience Stores,Convenience Stores,Papeleria Adelfa,Seur - Papeleria Libreria Adelfa,"C. del Poeta Blas de Otero, 32","C. del Poeta Blas de Otero, 32",3.87,100.0,69.57,True,True,False,True,True,False,Co-location,distance <= 5m
170,2096,171,2097,InPost,Celeritas,Convenience Stores,Convenience Stores,Papeleria Adelfa,"Prensa,Papeleria Y Fotocopias","C. del Poeta Blas de Otero, 32","C. del Poeta Blas de Otero, 32",5.86,100.0,48.89,True,True,False,True,True,False,Co-location,distance <= 15m and strong text match
173,2354,174,2355,InPost,Ctt Express,Convenience Stores,Convenience Stores,Locutorio El Grande,Locutorio El Grande,"C. del Río Ulla, 3","C. del Río Ulla, 3",8.63,100.0,100.0,True,True,False,True,True,False,Co-location,distance <= 15m and strong text match
175,1506,176,1507,InPost,SEUR,Convenience Stores,Convenience Stores,Foto Rossny,Foto Rossny,"C. de Ricardo Ortiz, 8","C. de Ricardo Ortiz, 8",8.06,100.0,100.0,True,True,False,True,True,False,Co-location,distance <= 15m and strong text match
179,2929,180,2930,InPost,UPS,Convenience Stores,Convenience Stores,Bosco Shop,Print Camisetas,"C. de Ricardo Ortiz, 22","C. de Ricardo Ortiz, 22",3.69,100.0,16.0,True,True,False,True,True,False,Co-location,distance <= 5m
182,2361,183,2362,InPost,Ctt Express,Convenience Stores,Convenience Stores,Dimoda,Di+Moda,"C. Historias de la Radio, 4","C. Historias de la Radio, 4",6.45,100.0,92.31,True,True,False,True,True,False,Co-location,distance <= 15m and strong text match
195,2946,196,2947,InPost,UPS,Convenience Stores,Convenience Stores,Copytex,Copytex,"C. Castellflorite, 7","C. Castellflorite, 7",7.58,100.0,100.0,True,True,False,True,True,False,Co-location,distance <= 15m and strong text match
195,1529,196,1530,InPost,SEUR,Convenience Stores,Convenience Stores,Copytex,Copytex,"C. Castellflorite, 7","C. Castellflorite, 7",10.6,100.0,100.0,True,True,False,True,True,False,Co-location,distance <= 15m and strong text match
196,2704,197,2705,InPost,Gls,Convenience Stores,Convenience Stores,Essenzia,Ps Essenzia,"Calle de Antonio López, 7","Calle de Antonio López, 7",2.33,100.0,84.21,True,True,False,True,True,False,Co-location,distance <= 5m
196,2368,197,2369,InPost,Ctt Express,Convenience Stores,Convenience Stores,Essenzia,Essenzia,"Calle de Antonio López, 7","Calle de Antonio López, 7",2.79,100.0,100.0,True,True,False,True,True,False,Co-location,distance <= 5m
196,2103,197,2104,InPost,Celeritas,Convenience Stores,Convenience Stores,Essenzia,Essenzia,"Calle de Antonio López, 7","Calle de Antonio López, 7",14.24,100.0,100.0,True,True,False,True,True,False,Co-location,distance <= 15m and strong text match
198,1530,199,1531,InPost,SEUR,Convenience Stores,Locker,Foto Juanjo,Seur Locker Foto Juanjo,"C. Inmaculada Concepción, 6","C. Inmaculada Concepción, 6",8.75,100.0,64.71,True,True,False,False,True,False,Co-location,distance <= 15m and strong text match
203,1527,204,1528,InPost,SEUR,Convenience Stores,Convenience Stores,Triple B Electrodomesticos,Triple B Electrodomestico,"C. de la Vía, 30","C. de la Vía, 30",3.66,100.0,98.04,True,True,False,True,True,False,Co-location,distance <= 5m
203,2939,204,2940,InPost,UPS,Convenience Stores,Convenience Stores,Triple B Electrodomesticos,Triple B Electrodomesticos,"C. de la Vía, 30","C. de la Vía, 30",4.8,100.0,100.0,True,True,False,True,True,False,Co-location,distance <= 5m
203,2105,204,2106,InPost,Celeritas,Convenience Stores,Convenience Stores,Triple B Electrodomesticos,Triple B Electrodomesticos,"C. de la Vía, 30","C. de la Vía, 30",13.63,100.0,100.0,True,True,False,True,True,False,Co-location,distance <= 15m and strong text match
203,2821,204,2822,InPost,Nacex,Convenience Stores,Convenience Stores,Triple B Electrodomesticos,Triple B Electrodomesticos (2883-35),"C. de la Vía, 30","C. de la Vía, 30",13.91,100.0,86.67,True,True,False,True,True,False,Co-location,distance <= 15m and strong text match
204,1532,205,1533,InPost,SEUR,Convenience Stores,Convenience Stores,Estanco Pedro Yague,Estanco Pedro Yagüe,"C. Pedro Yagüe, 2","C. Pedro Yagüe, 2",1.88,100.0,100.0,True,True,False,True,True,False,Co-location,distance <= 5m
207,3152,208,3153,InPost,Pudo,Convenience Stores,Click&Collect,24/7 Indigo,Parking Indigo Orense,"C. de Orense, 50","C. de Orense, 50",6.09,100.0,43.75,True,True,False,False,True,False,Co-location,distance <= 15m and strong text match
207,1534,208,1535,InPost,SEUR,Convenience Stores,Locker,24/7 Indigo,Seur Lockers Pk Orense,"C. de Orense, 50","C. de Orense, 50",12.64,100.0,18.18,True,True,False,False,True,False,Co-location,distance <= 15m and strong text match
208,2377,209,2378,InPost,Ctt Express,Convenience Stores,Convenience Stores,Estanco 504,Estanco,"C. de Orense, 35","C. de Orense, 35",2.57,100.0,77.78,True,True,False,True,True,False,Co-location,distance <= 5m
208,2111,209,2112,InPost,Celeritas,Convenience Stores,Convenience Stores,Estanco 504,Estanco,"C. de Orense, 35","C. de Orense, 35",5.52,100.0,77.78,True,True,False,True,True,False,Co-location,distance <= 15m and strong text match
208,2948,209,2949,InPost,UPS,Convenience Stores,Convenience Stores,Estanco 504,Estanco N 504,"C. de Orense, 35","C. de Orense, 35",6.44,100.0,91.67,True,True,False,True,True,False,Co-location,distance <= 15m and strong text match
211,654,212,655,InPost,Correos,Locker,Locker,Waterproof Lavanderia,Mercado San Enrique,"C. de San Enrique, 16","C. de San Enrique, 16",6.09,100.0,45.0,True,True,False,True,True,False,Co-location,distance <= 15m and strong text match
219,987,220,988,InPost,Amazon,Convenience Stores,Locker,Locker Supermercado Dia Calle B,Amazon Locker - Udaondo,"C. de Bravo Murillo, 308","DIA Bravo Murillo, Calle de Bravo Murillo 308",0.94,66.67,42.31,True,True,False,False,True,False,Co-location,distance <= 5m
221,2238,222,2239,InPost,Ctt Express,Convenience Stores,Convenience Stores,Estanco 216,Estanco Exp. 216,"C. de Raimundo Fernández Villaverde, 49","C. de Raimundo Fernández Villaverde, 49",6.22,100.0,84.62,True,True,False,True,True,False,Co-location,distance <= 15m and strong text match
221,2055,222,2056,InPost,Celeritas,Convenience Stores,Convenience Stores,Estanco 216,Estanco Exp. 216,"C. de Raimundo Fernández Villaverde, 49","C. de Raimundo Fernández Villaverde, 49",9.35,100.0,84.62,True,True,False,True,True,False,Co-location,distance <= 15m and strong text match
226,2387,227,2388,InPost,Ctt Express,Convenience Stores,Convenience Stores,Estanco Madrid 763,Estanco - Madrid 763,"Calle del Dr. Martín Arévalo, 4","Calle del Dr. Martín Arévalo, 4",3.9,100.0,100.0,True,True,False,True,True,False,Co-location,distance <= 5m
229,1558,230,1559,InPost,SEUR,Convenience Stores,Convenience Stores,Estanco Madrid 382,Estanco Alberto Palacios,"P.o de Alberto Palacios, 82","P.o de Alberto Palacios, 82",13.83,100.0,52.38,True,True,False,True,True,False,Co-location,distance <= 15m and strong text match
230,999,231,1000,InPost,Amazon,Convenience Stores,Convenience Stores,Regalos Y Algo Mas,Amazon Counter - Regalos Y Algo Más,"C. Esperanza Macarena, 22","C. Esperanza Macarena, 22",7.8,100.0,70.59,True,True,False,True,True,False,Co-location,distance <= 15m and strong text match
232,2697,233,2698,InPost,Gls,Convenience Stores,Convenience Stores,Locutorio Medina,Ps Locutorio Medina,"Calle Encarnación Oviol, 48","Calle Encarnación Oviol, 48",2.02,100.0,91.43,True,True,False,True,True,False,Co-location,distance <= 5m
232,2388,233,2389,InPost,Ctt Express,Convenience Stores,Convenience Stores,Locutorio Medina,Locutorio Medina,"Calle Encarnación Oviol, 48","Calle Encarnación Oviol, 48",4.61,100.0,100.0,True,True,False,True,True,False,Co-location,distance <= 5m
233,993,234,994,InPost,Amazon,Convenience Stores,Convenience Stores,Locutorio Zulema,Amazon Counter - Locutorio Zulema,"C. de Juan José Martínez Seco, 82","C. de Juan José Martínez Seco, 82",8.91,100.0,68.09,True,True,False,True,True,False,Co-location,distance <= 15m and strong text match
233,1561,234,1562,InPost,SEUR,Convenience Stores,Convenience Stores,Locutorio Zulema,Locutorio Zulema,"C. de Juan José Martínez Seco, 82","C. de Juan José Martínez Seco, 82",13.32,100.0,100.0,True,True,False,True,True,False,Co-location,distance <= 15m and strong text match
234,2396,235,2397,InPost,Ctt Express,Convenience Stores,Convenience Stores,El Rincon De La Lectura,El Rincon De La Lectura,"C. Once, 2","C. Once, 2, LOCAL 4",12.04,66.67,100.0,True,True,False,True,True,False,Co-location,distance <= 15m and strong text match
234,2126,235,2127,InPost,Celeritas,Convenience Stores,Convenience Stores,El Rincon De La Lectura,El Rincon De La Lectura,"C. Once, 2","C. Once, 2",14.31,100.0,100.0,True,True,False,True,True,False,Co-location,distance <= 15m and strong text match
238,1570,239,1571,InPost,SEUR,Convenience Stores,Convenience Stores,Locutorio Jlm,Locutorio Jlm,"C. de Troya, 32","C. de Troya, 32",5.92,100.0,100.0,True,True,False,True,True,False,Co-location,distance <= 15m and strong text match
240,2127,241,2128,InPost,Celeritas,Convenience Stores,Convenience Stores,Locutorio Las Musas,Locutorio Las Musas,"C. de Julia García Boután, 5","C. de Julia García Boután, 5",7.25,100.0,100.0,True,True,False,True,True,False,Co-location,distance <= 15m and strong text match
241,1564,242,1565,InPost,SEUR,Convenience Stores,Convenience Stores,Papeleria Fotografia Odin,Papelería Odín,"C. de Sofía, 56","C. de Sofía, 56",3.69,100.0,71.79,True,True,False,True,True,False,Co-location,distance <= 5m
241,2125,242,2126,InPost,Celeritas,Convenience Stores,Convenience Stores,Papeleria Fotografia Odin,Bel Art,"C. de Sofía, 56","C. de Sofía, 56",6.15,100.0,25.0,True,True,False,True,True,False,Co-location,distance <= 15m and strong text match
241,2969,242,2970,InPost,UPS,Convenience Stores,Convenience Stores,Papeleria Fotografia Odin,Fnx-Belart,"C. de Sofía, 56","C. de Sofía, 56",9.24,100.0,22.86,True,True,False,True,True,False,Co-location,distance <= 15m and strong text match
244,1566,245,1567,InPost,SEUR,Convenience Stores,Convenience Stores,New Mascota Canillejas,New Mascota Canillejas,"C/ de Boltaña, 59","C/ de Boltaña, 59",12.75,100.0,100.0,True,True,False,True,True,False,Co-location,distance <= 15m and strong text match
245,1973,246,1974,InPost,Dhl,Convenience Stores,Convenience Stores,Papeleria Alfilbe Las Rosas,Papeleria & Hobby,"C. de Suecia, 21","C. de Suecia, 21",7.93,100.0,52.38,True,True,False,True,True,False,Co-location,distance <= 15m and strong text match
245,2130,246,2131,InPost,Celeritas,Convenience Stores,Convenience Stores,Papeleria Alfilbe Las Rosas,Papeleria &Hobby,"C. de Suecia, 21","C. de Suecia, 21",8.54,100.0,52.38,True,True,False,True,True,False,Co-location,distance <= 15m and strong text match
245,2402,246,2403,InPost,Ctt Express,Convenience Stores,Convenience Stores,Papeleria Alfilbe Las Rosas,Papeleria &Hobby,"C. de Suecia, 21","C. de Suecia, 21",11.62,100.0,52.38,True,True,False,True,True,False,Co-location,distance <= 15m and strong text match
246,1010,247,1011,InPost,Amazon,Convenience Stores,Convenience Stores,Gran Bazar Plaza China,Amazon Counter - Gran Bazar Plaza China,"C/ de Boltaña, 40","C/ de Boltaña, 40",4.56,100.0,74.58,True,True,False,True,True,False,Co-location,distance <= 5m
247,1007,248,1008,InPost,Amazon,Locker,Locker,Locker Supermercado Dia Calle D,Amazon Locker - Edgar Supermercado,"Calle de San Faustino, 20","Calle de San Faustino, 20",3.23,100.0,60.32,True,True,False,True,True,False,Co-location,distance <= 5m
248,1573,249,1574,InPost,SEUR,Locker,Locker,Locker San Mariano 3 Lava Y Sec,Seur Locker Lavanderia Sa,"C. de San Mariano, 3","C. de San Mariano, 3",2.25,100.0,46.43,True,True,False,True,True,False,Co-location,distance <= 5m
253,2412,254,2413,InPost,Ctt Express,Convenience Stores,Convenience Stores,Peluqueria Canina Cuatro Viento,Beverly,"P.o de los Lanceros, 2","P.o de los Lanceros, 2",1.98,100.0,15.79,True,True,False,True,True,False,Co-location,distance <= 5m
253,2973,254,2974,InPost,UPS,Convenience Stores,Convenience Stores,Peluqueria Canina Cuatro Viento,Beverly Beer,"P.o de los Lanceros, 2","P.o de los Lanceros, 2",5.24,100.0,23.26,True,True,False,True,True,False,Co-location,distance <= 15m and strong text match
253,1024,254,1025,InPost,Amazon,Convenience Stores,Convenience Stores,Peluqueria Canina Cuatro Viento,Amazon Counter - Beverly,"P.o de los Lanceros, 2","P.o de los Lanceros, 2",6.19,100.0,18.87,True,True,False,True,True,False,Co-location,distance <= 15m and strong text match
253,1022,254,1023,InPost,Amazon,Convenience Stores,Locker,Peluqueria Canina Cuatro Viento,Citypaq Lockers-Cc Lanceros,"P.o de los Lanceros, 2","P.o de los Lanceros, 2",6.58,100.0,37.93,True,True,False,False,True,False,Co-location,distance <= 15m and strong text match
253,2134,254,2135,InPost,Celeritas,Convenience Stores,Convenience Stores,Peluqueria Canina Cuatro Viento,Cafeteria Beverly-Beer,"P.o de los Lanceros, 2","P.o de los Lanceros, 2",6.95,100.0,30.19,True,True,False,True,True,False,Co-location,distance <= 15m and strong text match
254,2416,255,2417,InPost,Ctt Express,Convenience Stores,Convenience Stores,Smartrepair,Smart Repair,"C. de Maqueda, 134","C. de Maqueda, 134, local 2",5.5,80.0,95.65,True,True,False,True,True,False,Co-location,distance <= 15m and strong text match
256,1584,257,1585,InPost,SEUR,Convenience Stores,Convenience Stores,Taymar,Taymar,"C. de Illescas, 145","C. de Illescas, 145",5.83,100.0,100.0,True,True,False,True,True,False,Co-location,distance <= 15m and strong text match
261,1590,262,1591,InPost,SEUR,Convenience Stores,Convenience Stores,Locutorio Khan 2,Locutorio Khan 2,"P.o Castellanos, 65","P.o Castellanos, 65",14.51,100.0,100.0,True,True,False,True,True,False,Co-location,distance <= 15m and strong text match
264,1588,265,1589,InPost,SEUR,Convenience Stores,Convenience Stores,La Tienda Del Barrio,La Tienda Del Barrio,"C. de Eugenia de Montijo, 29","C. de Eugenia de Montijo, 29",6.67,100.0,100.0,True,True,False,True,True,False,Co-location,distance <= 15m and strong text match
265,3187,266,3188,InPost,Pudo,Locker,Click&Collect,Locker 24/7 Galp Madrid Argenti,Gasolinera Galp Avenida De Los Poblados,"Av. de los Poblados, 83","Av. de los Poblados, 83",14.3,100.0,31.43,True,True,False,False,True,False,Co-location,distance <= 15m and strong text match
266,1979,267,1980,InPost,Dhl,Convenience Stores,Convenience Stores,Master Ocio,Master Ocio,"C. de Eugenia de Montijo, 63","C. de Eugenia de Montijo, 63",14.01,100.0,100.0,True,True,False,True,True,False,Co-location,distance <= 15m and strong text match
271,1602,272,1603,InPost,SEUR,Convenience Stores,Convenience Stores,Tizas91,Tizas 91,"Av. de Ntra. Sra. de Valvanera, 91","Av. de Ntra. Sra. de Valvanera, 91",7.54,100.0,93.33,True,True,False,True,True,False,Co-location,distance <= 15m and strong text match
271,1981,272,1982,InPost,Dhl,Convenience Stores,Convenience Stores,Tizas91,Tizas 91,"Av. de Ntra. Sra. de Valvanera, 91","Av. de Ntra. Sra. de Valvanera, 91",13.48,100.0,93.33,True,True,False,True,True,False,Co-location,distance <= 15m and strong text match
272,1597,273,1598,InPost,SEUR,Convenience Stores,Convenience Stores,Ecoink Oca 88,Ecoink Carabanchel,"C. de la Oca, 88","C. de la Oca, 88",1.27,100.0,58.06,True,True,False,True,True,False,Co-location,distance <= 5m
272,1043,273,1044,InPost,Amazon,Convenience Stores,Convenience Stores,Ecoink Oca 88,Seur - Ecoink Carabanchel,"C. de la Oca, 88","C. de la Oca, 88",4.69,100.0,50.0,True,True,False,True,True,False,Co-location,distance <= 5m
279,2989,280,2990,InPost,UPS,Convenience Stores,Convenience Stores,Damalar Viajes,Damalar Viajes,"C. de la Cuesta, 15","C. de la Cuesta, 15",9.4,100.0,100.0,True,True,False,True,True,False,Co-location,distance <= 15m and strong text match
279,2141,280,2142,InPost,Celeritas,Convenience Stores,Convenience Stores,Damalar Viajes,Damalar Viajes,"C. de la Cuesta, 15","C. de la Cuesta, 15",11.69,100.0,100.0,True,True,False,True,True,False,Co-location,distance <= 15m and strong text match
279,1615,280,1616,InPost,SEUR,Convenience Stores,Convenience Stores,Damalar Viajes,Damalar Viajes,"C. de la Cuesta, 15","C. de la Cuesta, 15",12.29,100.0,100.0,True,True,False,True,True,False,Co-location,distance <= 15m and strong text match
280,1621,281,1622,InPost,SEUR,Convenience Stores,Convenience Stores,Libreria Trazos,Papeleria Libreria Trazos,"C. Cristo de la Victoria, 113","C. Cristo de la Victoria, 113",9.39,100.0,75.0,True,True,False,True,True,False,Co-location,distance <= 15m and strong text match
284,1625,285,1626,InPost,SEUR,Convenience Stores,Convenience Stores,Alimentacion Lili,Alimentacion Lili,"C. Tomelloso, 13","C. Tomelloso, 13",10.58,100.0,100.0,True,True,False,True,True,False,Co-location,distance <= 15m and strong text match
287,1626,288,1627,InPost,SEUR,Convenience Stores,Convenience Stores,Aromas Artesanales Cc Plaza Rio,Aromas Artesanales Plaza,"Av del Manzanares, 210","Av del Manzanares, 210",7.37,100.0,87.27,True,True,False,True,True,False,Co-location,distance <= 15m and strong text match
290,2446,291,2447,InPost,Ctt Express,Convenience Stores,Convenience Stores,Huerta De Amin,Huerta De Amin,"C. Virgen del Sagrario, 34","C. Virgen del Sagrario, 34",5.8,100.0,100.0,True,True,False,True,True,False,Co-location,distance <= 15m and strong text match
295,1639,296,1640,InPost,SEUR,Convenience Stores,Convenience Stores,Herbolario Mygreenes,Herbolario Mygreen.Es,"C. de Virgen de Lluc, 4","C. de Virgen de Lluc, 4",9.58,100.0,97.56,True,True,False,True,True,False,Co-location,distance <= 15m and strong text match
296,2995,297,2996,InPost,UPS,Locker,Convenience Stores,Locker Denver75 Servicios Sl,Denver75,"C. de Alcalá, 311","C. de Alcalá, 311",0.0,100.0,44.44,True,True,False,False,True,False,Co-location,distance <= 5m
296,3224,297,3225,InPost,Pudo,Locker,Click&Collect,Locker Denver75 Servicios Sl,Autoescuela Calderón Iv Alcala 311,"C. de Alcalá, 311","C. de Alcalá, 311",5.11,100.0,29.03,True,True,False,False,True,False,Co-location,distance <= 15m and strong text match
296,1637,297,1638,InPost,SEUR,Locker,Convenience Stores,Locker Denver75 Servicios Sl,Denver75,"C. de Alcalá, 311","C. de Alcalá, 311",6.58,100.0,44.44,True,True,False,False,True,False,Co-location,distance <= 15m and strong text match
296,1636,297,1637,InPost,SEUR,Locker,Locker,Locker Denver75 Servicios Sl,Seur Locker Calderon Alca,"C. de Alcalá, 311","C. de Alcalá, 311",6.58,100.0,45.28,True,True,False,True,True,False,Co-location,distance <= 15m and strong text match
298,1638,299,1639,InPost,SEUR,Convenience Stores,Convenience Stores,Estanco Alcala 499,Expendiduria 535,"C. de Alcalá, 499","C. de Alcalá, 499",6.42,100.0,23.53,True,True,False,True,True,False,Co-location,distance <= 15m and strong text match
299,2444,300,2445,InPost,Ctt Express,Convenience Stores,Convenience Stores,Asiya Telecom,Asiya Telecom,"C. de Alcalá, 256","C. de Alcalá, 256",5.54,100.0,100.0,True,True,False,True,True,False,Co-location,distance <= 15m and strong text match
301,1641,302,1642,InPost,SEUR,Convenience Stores,Convenience Stores,El Geniux Impresion Digital,El Geniux,"Av. de los Toreros, 43","Av. de los Toreros, 43",0.92,100.0,50.0,True,True,False,True,True,False,Co-location,distance <= 5m
301,2455,302,2456,InPost,Ctt Express,Convenience Stores,Convenience Stores,El Geniux Impresion Digital,El Geniux,"Av. de los Toreros, 43","Av. de los Toreros, 43",4.98,100.0,50.0,True,True,False,True,True,False,Co-location,distance <= 5m
302,1080,303,1081,InPost,Amazon,Convenience Stores,Convenience Stores,Debuenatinta,Seur - De Buena Tinta,"C/ de Francisco Silvela, 20","C/ de Francisco Silvela, 20",2.0,100.0,77.42,True,True,False,True,True,False,Co-location,distance <= 5m
302,3000,303,3001,InPost,UPS,Convenience Stores,Convenience Stores,Debuenatinta,De Buena Tinta,"C/ de Francisco Silvela, 20","C/ de Francisco Silvela, 20",3.94,100.0,92.31,True,True,False,True,True,False,Co-location,distance <= 5m
304,2674,305,2675,InPost,Gls,Convenience Stores,Convenience Stores,Mundo Del Movil,Ps Mundo Movil Diagnostico Colomer,"Calle de Colomer, 3","Calle de Colomer, 3, local 3",5.43,81.82,44.9,True,True,False,True,True,False,Co-location,distance <= 15m and strong text match
304,1642,305,1643,InPost,SEUR,Convenience Stores,Convenience Stores,Mundo Del Movil,Mundo Del Movil,"Calle de Colomer, 3","Calle de Colomer, 3",10.04,100.0,100.0,True,True,False,True,True,False,Co-location,distance <= 15m and strong text match
304,3170,305,3171,InPost,Pudo,Convenience Stores,Click&Collect,Mundo Del Movil,Mundo Movil Colomer,"Calle de Colomer, 3","Calle de Colomer, 3",10.67,100.0,64.71,True,True,False,False,True,False,Co-location,distance <= 15m and strong text match
304,2453,305,2454,InPost,Ctt Express,Convenience Stores,Convenience Stores,Mundo Del Movil,Mundo Del Movil,"Calle de Colomer, 3","Calle de Colomer, 3",12.69,100.0,100.0,True,True,False,True,True,False,Co-location,distance <= 15m and strong text match
308,1651,309,1652,InPost,SEUR,Convenience Stores,Convenience Stores,La Casa Del Cartucho,La Casa Del Cartucho,"C/ de Francisco Silvela, 72","C/ de Francisco Silvela, 72",4.76,100.0,100.0,True,True,False,True,True,False,Co-location,distance <= 5m
308,2150,309,2151,InPost,Celeritas,Convenience Stores,Convenience Stores,La Casa Del Cartucho,La Casa Del Cartucho,"C/ de Francisco Silvela, 72","C/ de Francisco Silvela, 72",5.88,100.0,100.0,True,True,False,True,True,False,Co-location,distance <= 15m and strong text match
311,2456,312,2457,InPost,Ctt Express,Convenience Stores,Convenience Stores,Locutorio Marandu,Locutorio Marandu,"C. de Ardemans, 44","C. de Ardemans, 44",13.92,100.0,100.0,True,True,False,True,True,False,Co-location,distance <= 15m and strong text match
314,1654,315,1655,InPost,SEUR,Locker,Locker,24/7 Galp,Seur Lockers Galp Sinesio,"C. de Sinesio Delgado, 15","C. de Sinesio Delgado, 15",9.34,100.0,35.29,True,True,False,True,True,False,Co-location,distance <= 15m and strong text match
317,2153,318,2154,InPost,Celeritas,Locker,Convenience Stores,Envios Masivo,Envios Masivo,"C. de Álvarez, 19","C. de Álvarez, 19, Local 1",5.74,78.95,100.0,True,True,False,False,True,False,Co-location,distance <= 15m and strong text match
317,2680,318,2681,InPost,Gls,Locker,Convenience Stores,Envios Masivo,Ps Envíos Masivo,"C. de Álvarez, 19","C. de Álvarez, 19",6.54,100.0,89.66,True,True,False,False,True,False,Co-location,distance <= 15m and strong text match
317,1659,318,1660,InPost,SEUR,Locker,Locker,Envios Masivo,Seur Lockers Inv Masivos,"C. de Álvarez, 19","C. de Álvarez, 19",8.12,100.0,54.05,True,True,False,True,True,False,Co-location,distance <= 15m and strong text match
317,3004,318,3005,InPost,UPS,Locker,Convenience Stores,Envios Masivo,Inversiones Masivo,"C. de Álvarez, 19","C. de Álvarez, 19",8.75,100.0,77.42,True,True,False,False,True,False,Co-location,distance <= 15m and strong text match
317,1657,318,1658,InPost,SEUR,Locker,Convenience Stores,Envios Masivo,Envios Masivos,"C. de Álvarez, 19","C. de Álvarez, 19",9.82,100.0,96.3,True,True,False,False,True,False,Co-location,distance <= 15m and strong text match
317,3155,318,3156,InPost,Pudo,Locker,Click&Collect,Envios Masivo,Inversiones Masivo S.L.,"C. de Álvarez, 19","C. de Álvarez, 19",11.2,100.0,68.57,True,True,False,False,True,False,Co-location,distance <= 15m and strong text match
317,1990,318,1991,InPost,Dhl,Locker,Convenience Stores,Envios Masivo,Envios Masivo,"C. de Álvarez, 19","C. de Álvarez, 19",13.49,100.0,100.0,True,True,False,False,True,False,Co-location,distance <= 15m and strong text match
318,2803,319,2804,InPost,Nacex,Convenience Stores,Convenience Stores,Envios Yien,Envios Yien (2845-13),"Pl. de Fonsagrada, 5","Pl. de Fonsagrada, 5",3.85,100.0,73.33,True,True,False,True,True,False,Co-location,distance <= 5m
319,1081,320,1082,InPost,Amazon,Convenience Stores,Convenience Stores,Locutorio Silver Envios Ii,Silver Envios 2,"C. de los Mártires de la Ventilla, 85","C. de los Mártires de la Ventilla, 85",11.0,100.0,68.29,True,True,False,True,True,False,Co-location,distance <= 15m and strong text match
322,2157,323,2158,InPost,Celeritas,Convenience Stores,Convenience Stores,Adalve Opticas,Adalve Óptica,"C. del Puerto de Maspalomas, 4","C. del Puerto de Maspalomas, 4 Posterior",3.63,84.85,96.3,True,True,False,True,True,False,Co-location,distance <= 5m
329,2461,330,2462,InPost,Ctt Express,Convenience Stores,Convenience Stores,Disache,Disache,"C. Pinos Alta, 33","C. Pinos Alta, 33",5.5,100.0,100.0,True,True,False,True,True,False,Co-location,distance <= 15m and strong text match
329,2682,330,2683,InPost,Gls,Convenience Stores,Convenience Stores,Disache,Ps Disache,"C. Pinos Alta, 33",Calle Pinos Alta 33,9.4,88.24,82.35,True,True,False,True,True,False,Co-location,distance <= 15m and strong text match
329,2152,330,2153,InPost,Celeritas,Convenience Stores,Convenience Stores,Disache,Disache,"C. Pinos Alta, 33","C. Pinos Alta, 33",10.42,100.0,100.0,True,True,False,True,True,False,Co-location,distance <= 15m and strong text match
332,1092,333,1093,InPost,Amazon,Convenience Stores,Convenience Stores,Estanco El Organillo,Seur - Estanco El Organillo,"C. del Camino de los Vinateros, 167","C. del Camino de los Vinateros, 167",2.8,100.0,88.89,True,True,False,True,True,False,Co-location,distance <= 5m
332,1674,333,1675,InPost,SEUR,Convenience Stores,Convenience Stores,Estanco El Organillo,Estanco El Organillo,"C. del Camino de los Vinateros, 167","C. del Camino de los Vinateros, 167",5.03,100.0,100.0,True,True,False,True,True,False,Co-location,distance <= 15m and strong text match
336,1096,337,1097,InPost,Amazon,Convenience Stores,Convenience Stores,Locutorio Mi Llajta,Amazon Counter - Locutorio Mi Llajta,"C. del Camino de los Vinateros, 93","C. del Camino de los Vinateros, 93, BAJO 1",2.31,90.14,71.7,True,True,False,True,True,False,Co-location,distance <= 5m
336,1103,337,1104,InPost,Amazon,Convenience Stores,Convenience Stores,Locutorio Mi Llajta,Seur - Locutorio Mi Llajta,"C. del Camino de los Vinateros, 93","C. del Camino de los Vinateros, 93",2.8,100.0,88.37,True,True,False,True,True,False,Co-location,distance <= 5m
336,2468,337,2469,InPost,Ctt Express,Convenience Stores,Convenience Stores,Locutorio Mi Llajta,Locutorio Mi Llajta,"C. del Camino de los Vinateros, 93","C. del Camino de los Vinateros, 93",4.19,100.0,100.0,True,True,False,True,True,False,Co-location,distance <= 5m
339,1676,340,1677,InPost,SEUR,Convenience Stores,Convenience Stores,Summer Papeleria,Summer Papeleria,"C. de la Fuente Carrantona, 27","C. de la Fuente Carrantona, 27",3.95,100.0,100.0,True,True,False,True,True,False,Co-location,distance <= 5m
347,1106,348,1107,InPost,Amazon,Convenience Stores,Convenience Stores,Estanco Tacona,Amazon Counter - Estanco Tacona 534,"C. de la Tacona, 33","C. de la Tacona, 33",2.94,100.0,59.57,True,True,False,True,True,False,Co-location,distance <= 5m
347,2476,348,2477,InPost,Ctt Express,Convenience Stores,Convenience Stores,Estanco Tacona,Estanco Tacona 534,"C. de la Tacona, 33","C. de la Tacona, 33",5.43,100.0,87.5,True,True,False,True,True,False,Co-location,distance <= 15m and strong text match
347,1685,348,1686,InPost,SEUR,Convenience Stores,Convenience Stores,Estanco Tacona,Estanco Tacona,"C. de la Tacona, 33","C. de la Tacona, 33",5.91,100.0,100.0,True,True,False,True,True,False,Co-location,distance <= 15m and strong text match
347,2469,348,2470,InPost,Ctt Express,Convenience Stores,Convenience Stores,Estanco Tacona,Estanco Tacona,"C. de la Tacona, 33","C. de la Tacona, 33",8.6,100.0,100.0,True,True,False,True,True,False,Co-location,distance <= 15m and strong text match
347,2159,348,2160,InPost,Celeritas,Convenience Stores,Convenience Stores,Estanco Tacona,Estanco Tacona,"C. de la Tacona, 33","C. de la Tacona, 33",9.06,100.0,100.0,True,True,False,True,True,False,Co-location,distance <= 15m and strong text match
350,2163,351,2164,InPost,Celeritas,Convenience Stores,Convenience Stores,Estanco Metro Estrella,Estanco Metro Estrella 017,"C. del Camino de los Vinateros, 10","C. del Camino de los Vinateros, 10",6.06,100.0,91.67,True,True,False,True,True,False,Co-location,distance <= 15m and strong text match
352,2752,353,2753,InPost,Gls,Convenience Stores,Convenience Stores,Frutos Secos Jesus,Ps Frutos Secos Jesus,"C. de Castrillo de Aza, 15",Calle de Castrillo de Aza 15,6.54,92.31,92.31,True,True,False,True,True,False,Co-location,distance <= 15m and strong text match
352,1693,353,1694,InPost,SEUR,Convenience Stores,Convenience Stores,Frutos Secos Jesus,Frutos Secos Jesus,"C. de Castrillo de Aza, 15","C. de Castrillo de Aza, 15",6.89,100.0,100.0,True,True,False,True,True,False,Co-location,distance <= 15m and strong text match
353,2862,354,2863,InPost,Nacex,Convenience Stores,Convenience Stores,Panaderia Pek,Pek (2813-29),"C. de la Sierra del Torcal, 3","C. de la Sierra del Torcal, 3",3.71,100.0,25.0,True,True,False,True,True,False,Co-location,distance <= 5m
363,1142,364,1143,InPost,Amazon,Convenience Stores,Convenience Stores,Frutas Y Productos Latinos Gael,Amazon Counter - Fruteria Y Productos Latinos Gael,"C. de Villajimena, 6","C. de Villajimena, 6",12.95,100.0,75.95,True,True,False,True,True,False,Co-location,distance <= 15m and strong text match
363,2497,364,2498,InPost,Ctt Express,Convenience Stores,Convenience Stores,Frutas Y Productos Latinos Gael,Fruteria Y Productos Latinos Gael,"C. de Villajimena, 6","C. de Villajimena, 6",13.27,100.0,93.75,True,True,False,True,True,False,Co-location,distance <= 15m and strong text match
369,1708,370,1709,InPost,SEUR,Convenience Stores,Convenience Stores,Papeleria Y Loterias Los Trabal,Papeleria Trabalenguas,"C. de Minerva, 89","C. de Minerva, 89",2.74,100.0,60.38,True,True,False,True,True,False,Co-location,distance <= 5m
369,2491,370,2492,InPost,Ctt Express,Convenience Stores,Convenience Stores,Papeleria Y Loterias Los Trabal,Papelería Trabalenguas,"C. de Minerva, 89","C. de Minerva, 89",3.89,100.0,60.38,True,True,False,True,True,False,Co-location,distance <= 5m
373,2169,374,2170,InPost,Celeritas,Convenience Stores,Convenience Stores,Arte Contreras,Arte Contreras,C. de Aquitania & C/ de Capri,C. de Aquitania & C/ de Capri,10.72,100.0,100.0,False,False,False,True,True,False,Co-location,distance <= 15m and strong text match
378,2499,379,2500,InPost,Ctt Express,Convenience Stores,Convenience Stores,Famishop Alimentacion,Famishop Alimentacion,"C. de Manuel Chaves Nogales, 1","C. de Manuel Chaves Nogales, 1",12.72,100.0,100.0,True,True,False,True,True,False,Co-location,distance <= 15m and strong text match
379,2503,380,2504,InPost,Ctt Express,Convenience Stores,Convenience Stores,Pachulla Vida Bar,Pa Chulla Vida Bar,"C. Arzúa, 15","C. Arzúa, 13",7.37,90.0,97.14,True,False,False,True,True,False,Co-location,distance <= 15m and strong text match
382,1149,383,1150,InPost,Amazon,Convenience Stores,Convenience Stores,Peluqueria Y Estetica Roseni Li,Amazon Counter - Peluquería Y Estética Roseni Lima,"Av. de San Luis, 146","Av. de San Luis, 146",0.89,100.0,78.48,True,True,False,True,True,False,Co-location,distance <= 5m
385,2498,386,2499,InPost,Ctt Express,Convenience Stores,Convenience Stores,Kiosko De Castro,Kiosco De Castro,"C. de Añastro, 9","C. de Añastro, 9",4.56,100.0,93.75,True,True,False,True,True,False,Co-location,distance <= 5m
385,2171,386,2172,InPost,Celeritas,Convenience Stores,Convenience Stores,Kiosko De Castro,Kiosco De Castro,"C. de Añastro, 9","C. de Añastro, 9",6.24,100.0,93.75,True,True,False,True,True,False,Co-location,distance <= 15m and strong text match
387,1151,388,1152,InPost,Amazon,Convenience Stores,Convenience Stores,Herbolario Arahal,Seur - Herbolario Arahal,"C. de Arturo Soria, 324","C. de Arturo Soria, 324",0.94,100.0,87.18,True,True,False,True,True,False,Co-location,distance <= 5m
387,1724,388,1725,InPost,SEUR,Convenience Stores,Convenience Stores,Herbolario Arahal,Herbolario Arahal,"C. de Arturo Soria, 324","C. de Arturo Soria, 324",6.01,100.0,100.0,True,True,False,True,True,False,Co-location,distance <= 15m and strong text match
388,2500,389,2501,InPost,Ctt Express,Convenience Stores,Convenience Stores,Suma Supermercados,Supermercado Suma,"C. de la Dulzaina, 6","C. de la Dulzaina, 6",4.76,100.0,74.29,True,True,False,True,True,False,Co-location,distance <= 5m
388,1722,389,1723,InPost,SEUR,Convenience Stores,Convenience Stores,Suma Supermercados,Supermercado Suma,"C. de la Dulzaina, 6","C. de la Dulzaina, 6",6.09,100.0,74.29,True,True,False,True,True,False,Co-location,distance <= 15m and strong text match
388,1150,389,1151,InPost,Amazon,Convenience Stores,Convenience Stores,Suma Supermercados,Amazon Counter - Supermercado Suma,"C. de la Dulzaina, 6","C. de la Dulzaina, 6",6.97,100.0,64.0,True,True,False,True,True,False,Co-location,distance <= 15m and strong text match
395,1731,396,1732,InPost,SEUR,Convenience Stores,Convenience Stores,La Tienda De Lara,La Tienda De Lara,"C. de Sabadell, 86","C. de Sabadell, 86",10.75,100.0,100.0,True,True,False,True,True,False,Co-location,distance <= 15m and strong text match
400,2844,401,2845,InPost,Nacex,Convenience Stores,Convenience Stores,Expendeduria 280760,Estanco No 760 Madrid (2880-04),"C. de Santiago de Compostela, 34","C. de Santiago de Compostela, 34",10.89,100.0,41.67,True,True,False,True,True,False,Co-location,distance <= 15m and strong text match
401,3036,402,3037,InPost,UPS,Convenience Stores,Convenience Stores,Locutorio Casandra,Locutorio Casandra,"C. de Isidro Fernández, 11","C. de Isidro Fernández, 11",6.28,100.0,100.0,True,True,False,True,True,False,Co-location,distance <= 15m and strong text match
401,3205,402,3206,InPost,Pudo,Convenience Stores,Click&Collect,Locutorio Casandra,Locutorio Casandra,"C. de Isidro Fernández, 11","C. de Isidro Fernández, 11",10.46,100.0,100.0,True,True,False,False,True,False,Co-location,distance <= 15m and strong text match
404,3042,405,3043,InPost,UPS,Convenience Stores,Convenience Stores,Misu Cuidado Y Belleza,Kanguro Misu Cuidado Y Belleza,"C. del Pico Balaitus, 12","C. del Pico Balaitus, 12",14.64,100.0,84.62,True,True,False,True,True,False,Co-location,distance <= 15m and strong text match
405,1162,406,1163,InPost,Amazon,Convenience Stores,Convenience Stores,Tabacos N691,Seur - Estanco Alma Cabero,"C. de Ramón Gómez de la Serna, 115","C. de Ramón Gómez de la Serna, 115",3.31,100.0,27.78,True,True,False,True,True,False,Co-location,distance <= 5m
405,1742,406,1743,InPost,SEUR,Convenience Stores,Convenience Stores,Tabacos N691,Estanco Alma Cabero,"C. de Ramón Gómez de la Serna, 115","C. de Ramón Gómez de la Serna, 115",6.42,100.0,32.26,True,True,False,True,True,False,Co-location,distance <= 15m and strong text match
406,1161,407,1162,InPost,Amazon,Locker,Locker,24/7 Gasolinera Repsol,Amazon Locker - Adil Repsol,"Av del Cardenal Herrera Oria, 290","Av del Cardenal Herrera Oria, 290",9.14,100.0,51.06,True,True,False,True,True,False,Co-location,distance <= 15m and strong text match
409,2507,410,2508,InPost,Ctt Express,Convenience Stores,Convenience Stores,Cbd Premium Store Ilustracion,Expendeduria 889,"C. de las Islas Cíes, 13","C. de las Islas Cíes, 13",1.28,100.0,8.89,True,True,False,True,True,False,Co-location,distance <= 5m
412,3040,413,3041,InPost,UPS,Convenience Stores,Convenience Stores,Drogueria Perfumeria Peral,Kanguro Drogueria Cosmet Peral,"C. de la Isla de Oza, 62","C. de la Isla de Oza, 62",3.79,100.0,64.29,True,True,False,True,True,False,Co-location,distance <= 5m
417,1164,418,1165,InPost,Amazon,Locker,Locker,Supermercado Dia,Lockers Valentin,"Calle del Dr. Fleming, 29",Calle del Dr. Fleming 29,6.35,100.0,25.0,True,True,False,True,True,False,Co-location,distance <= 15m and strong text match
429,1171,430,1172,InPost,Amazon,Convenience Stores,Convenience Stores,Modas Martinez,Seur - Modas Martinez Amposta,"C. de Amposta, 14","C. de Amposta, 14",5.81,100.0,68.29,True,True,False,True,True,False,Co-location,distance <= 15m and strong text match
429,1755,430,1756,InPost,SEUR,Convenience Stores,Convenience Stores,Modas Martinez,Modas Martinez Amposta,"C. de Amposta, 14","C. de Amposta, 14",11.52,100.0,77.78,True,True,False,True,True,False,Co-location,distance <= 15m and strong text match
430,2518,431,2519,InPost,Ctt Express,Locker,Convenience Stores,Market La Esquina 38,Market La Esquina 38,"C. de los Tejedores, 39","C. de los Tejedores, 39",5.28,100.0,100.0,True,True,False,False,True,False,Co-location,distance <= 15m and strong text match
431,1756,432,1757,InPost,SEUR,Convenience Stores,Locker,Locker 24/7 Galp Ctra Ajalvir V,Seur Locker Galp Arcental,"Av. de Arcentales, 7","Av. de Arcentales, 7",2.55,100.0,57.14,True,True,False,False,True,False,Co-location,distance <= 5m
431,1170,432,1171,InPost,Amazon,Convenience Stores,Locker,Locker 24/7 Galp Ctra Ajalvir V,Amazon Locker - Calor Gasolinera,"Av. de Arcentales, 7","Av. de Arcentales, 7",8.28,100.0,42.62,True,True,False,False,True,False,Co-location,distance <= 15m and strong text match
432,1169,433,1170,InPost,Amazon,Convenience Stores,Convenience Stores,Frutas Y Verduras Chinchon,Seur - Frutas Chinchon,"C. de Alconera, 7","C. de Alconera, 7",2.91,100.0,65.22,True,True,False,True,True,False,Co-location,distance <= 5m
432,1753,433,1754,InPost,SEUR,Convenience Stores,Convenience Stores,Frutas Y Verduras Chinchon,Frutas Chinchon,"C. de Alconera, 7","C. de Alconera, 7",3.27,100.0,73.17,True,True,False,True,True,False,Co-location,distance <= 5m
437,1763,438,1764,InPost,SEUR,Convenience Stores,Convenience Stores,Envios Caribe,Envios Caribe,"C. Picos de Europa, 9","C. Picos de Europa, 9",9.35,100.0,100.0,True,True,False,True,True,False,Co-location,distance <= 15m and strong text match
439,2187,440,2188,InPost,Celeritas,Locker,Convenience Stores,Locker Locutorio Geomil,Geomil Express,"Av. de Peña Prieta, 75","Av. de Peña Prieta, 75",11.34,100.0,32.43,True,True,False,False,True,False,Co-location,distance <= 15m and strong text match
439,2524,440,2525,InPost,Ctt Express,Locker,Convenience Stores,Locker Locutorio Geomil,Geomil Express,"Av. de Peña Prieta, 75","Av. de Peña Prieta, 75",12.77,100.0,32.43,True,True,False,False,True,False,Co-location,distance <= 15m and strong text match
439,1768,440,1769,InPost,SEUR,Locker,Locker,Locker Locutorio Geomil,Seur Locker Locutorio Tau,"Av. de Peña Prieta, 75","Av. de Peña Prieta, 75",13.92,100.0,70.83,True,True,False,True,True,False,Co-location,distance <= 15m and strong text match
446,1775,447,1776,InPost,SEUR,Convenience Stores,Convenience Stores,Hidroseco,Tintoreria Hidroseco,"C. de Numancia, 6","C. de Numancia, 6",13.89,100.0,62.07,True,True,False,True,True,False,Co-location,distance <= 15m and strong text match
447,1190,448,1191,InPost,Amazon,Locker,Locker,24/7 Gasolinera Repsol,Lockers - Isidro,"C. de Ofelia Nieto, 64","C. de Ofelia Nieto, 64",6.09,100.0,33.33,True,True,False,True,True,False,Co-location,distance <= 15m and strong text match
452,1787,453,1788,InPost,SEUR,Convenience Stores,Convenience Stores,Locutorio El Grande,Locutorio El Grande,"C. de Almansa, 21","C. de Almansa, 21",11.08,100.0,100.0,True,True,False,True,True,False,Co-location,distance <= 15m and strong text match
453,3148,454,3149,InPost,Pudo,Convenience Stores,Click&Collect,Latin Travel,Latin Travel Santa Juliana,"Calle de Sta Juliana, 7","Calle de Sta Juliana, 7",9.34,100.0,63.16,True,True,False,False,True,False,Co-location,distance <= 15m and strong text match
454,2010,455,2011,InPost,Dhl,Convenience Stores,Convenience Stores,Lanas Adriana,Lanas Adriana,"C. de Artajona, 43","C. de Artajona, 43",1.12,100.0,100.0,True,True,False,True,True,False,Co-location,distance <= 5m
454,1777,455,1778,InPost,SEUR,Convenience Stores,Convenience Stores,Lanas Adriana,Lanas Adriana,"C. de Artajona, 43","C. de Artajona, 43",4.5,100.0,100.0,True,True,False,True,True,False,Co-location,distance <= 5m
454,3052,455,3053,InPost,UPS,Convenience Stores,Convenience Stores,Lanas Adriana,Kanguro Lanas Adriana,"C. de Artajona, 43","C. de Artajona, 43",5.2,100.0,76.47,True,True,False,True,True,False,Co-location,distance <= 15m and strong text match
456,2013,457,2014,InPost,Dhl,Convenience Stores,Convenience Stores,Kurama,Kurama,"C. de Valderrodrigo, 45","C. de Valderrodrigo, 45",14.72,100.0,100.0,True,True,False,True,True,False,Co-location,distance <= 15m and strong text match
460,1206,461,1207,InPost,Amazon,Locker,Locker,Locker 24/7 Repsol Cred Avda An,Amazon Locker - Adolfo Repsol,"A-4, P.K. 6,70 D, Usera","A-4, P.K. 6,70 D, Usera, 28041 Madrid",3.15,75.47,48.28,True,True,False,True,True,False,Co-location,distance <= 5m
461,1202,462,1203,InPost,Amazon,Convenience Stores,Convenience Stores,Asesoria Latina,Amazon Counter - Asesoría Latina,"Av. de la Perla, 13","Av. de la Perla, 13, OFICINA 01 LOCAL 01",3.89,62.96,66.67,True,True,False,True,True,False,Co-location,distance <= 5m
461,2816,462,2817,InPost,Nacex,Convenience Stores,Convenience Stores,Asesoria Latina,Asesoria Latina (2882-20),"Av. de la Perla, 13","Av. de la Perla, 13",5.59,100.0,78.95,True,True,False,True,True,False,Co-location,distance <= 15m and strong text match
462,3054,463,3055,InPost,UPS,Convenience Stores,Convenience Stores,Libreria 7 Colores,Libreria 7 Colores,"C. Fitero, 3C","C. Fitero, 3C",2.88,100.0,100.0,False,False,False,True,True,False,Co-location,distance <= 5m
462,1205,463,1206,InPost,Amazon,Convenience Stores,Convenience Stores,Libreria 7 Colores,Seur - Libreria 7 Colores,"C. Fitero, 3C","C. Fitero, 3",12.9,95.24,87.8,False,False,False,True,True,False,Co-location,distance <= 15m and strong text match
468,2542,469,2543,InPost,Ctt Express,Convenience Stores,Convenience Stores,Expofotshop,Expofot,"Av. de Orovilla, 46","Av. de Orovilla, 46",1.72,100.0,77.78,True,True,False,True,True,False,Co-location,distance <= 5m
470,1795,471,1796,InPost,SEUR,Convenience Stores,Convenience Stores,Khan Multan,Khan Multan,"C. Pan y Toros, 11","C. Pan y Toros, 11",2.9,100.0,100.0,True,True,False,True,True,False,Co-location,distance <= 5m
470,1796,471,1797,InPost,SEUR,Convenience Stores,Locker,Khan Multan,Seur Locker Pan Y Toro,"C. Pan y Toros, 11","C. Pan y Toros, 11",2.9,100.0,30.3,True,True,False,False,True,False,Co-location,distance <= 5m
470,2546,471,2547,InPost,Ctt Express,Convenience Stores,Convenience Stores,Khan Multan,Khan Multan,"C. Pan y Toros, 11","C. Pan y Toros, 11, BJ 2",13.01,86.49,100.0,True,True,False,True,True,False,Co-location,distance <= 15m and strong text match
475,2019,476,2020,InPost,Dhl,Convenience Stores,Convenience Stores,Locutorio Lym,Locutorio Lym,"C. Alcocer, Villaverde","C. de la Vírgen de los Desamparados, 30",6.91,31.58,100.0,False,False,False,True,True,False,Co-location,distance <= 15m and strong text match
477,1802,478,1803,InPost,SEUR,Convenience Stores,Convenience Stores,Tintoreria Elite Orcasitas,Tintoreria Elite,"C. de Guetaria, 102","C. de Guetaria, 102",2.96,100.0,76.19,True,True,False,True,True,False,Co-location,distance <= 5m
479,3060,480,3061,InPost,UPS,Locker,Locker,Locker 24/7 Galp Barajas Aeropu,P Taquilla Galp Aeropuerto,"Camino Cuartel, 9","Camino Cuartel, 9",5.07,100.0,45.61,True,True,False,True,True,False,Co-location,distance <= 15m and strong text match
479,1804,480,1805,InPost,SEUR,Locker,Locker,Locker 24/7 Galp Barajas Aeropu,Seur Locker Galp Barajas,"Camino Cuartel, 9","Camino Cuartel, 9",9.09,100.0,69.09,True,True,False,True,True,False,Co-location,distance <= 15m and strong text match
482,1218,483,1219,InPost,Amazon,Convenience Stores,Convenience Stores,Eben Ezer Bazar,Amazon Counter - Eben Ezer Bazar,"C. de la Botica, 12","C. de la Botica, 12",7.71,100.0,66.67,True,True,False,True,True,False,Co-location,distance <= 15m and strong text match
485,1808,486,1809,InPost,SEUR,Convenience Stores,Convenience Stores,Fotografia Yenes,Fotografia Yenes,"P.o de la Alameda de Osuna, 71","P.o de la Alameda de Osuna, 71",8.91,100.0,100.0,True,True,False,True,True,False,Co-location,distance <= 15m and strong text match
485,2193,486,2194,InPost,Celeritas,Convenience Stores,Convenience Stores,Fotografia Yenes,Fotografia Yenes,"P.o de la Alameda de Osuna, 71","P.o de la Alameda de Osuna, 71",13.71,100.0,100.0,True,True,False,True,True,False,Co-location,distance <= 15m and strong text match
487,1809,488,1810,InPost,SEUR,Convenience Stores,Convenience Stores,Ferreteria Ema,Brico Ema,"C. del Balandro, 39","C. del Balandro, 39",7.93,100.0,52.17,True,True,False,True,True,False,Co-location,distance <= 15m and strong text match
488,3066,489,3067,InPost,UPS,Convenience Stores,Convenience Stores,Perla Y Chocolate,Perla Y Chocolate,"Calle Nápoles, 53","Calle Nápoles, 53",11.17,100.0,100.0,True,True,False,True,True,False,Co-location,distance <= 15m and strong text match
491,1812,492,1813,InPost,SEUR,Convenience Stores,Convenience Stores,Libreria Papeleria Unipa,Librería Unipa,"Calle de Calanda, 1","Calle de Calanda, 1",11.42,100.0,73.68,True,True,False,True,True,False,Co-location,distance <= 15m and strong text match
492,3218,493,3219,InPost,Pudo,Locker,Click&Collect,Locker 24/7 Shell Machupichu,E.S. Shell Machupichu,"Av. de Machupichu, 105","Av. de Machupichu, 105",2.87,100.0,79.17,True,True,False,False,True,False,Co-location,distance <= 5m
492,3070,493,3071,InPost,UPS,Locker,Locker,Locker 24/7 Shell Machupichu,P Taquilla Shell Machupichu,"Av. de Machupichu, 105","Av. de Machupichu, 105",2.87,100.0,65.45,True,True,False,True,True,False,Co-location,distance <= 5m
492,1819,493,1820,InPost,SEUR,Locker,Locker,Locker 24/7 Shell Machupichu,Seur Locker Shell Machupi,"Av. de Machupichu, 105","Av. de Machupichu, 105",6.09,100.0,75.47,True,True,False,True,True,False,Co-location,distance <= 15m and strong text match
492,1232,493,1233,InPost,Amazon,Locker,Locker,Locker 24/7 Shell Machupichu,Amazon Locker - Riesgo Shell,"Av. de Machupichu, 105","Av. de Machupichu, 105",7.4,100.0,48.15,True,True,False,True,True,False,Co-location,distance <= 15m and strong text match
495,3217,496,3218,InPost,Pudo,Locker,Click&Collect,Locker Cc Palacio De Hielo Acce,C.C. Palacio De Hielo,"C. de Silvano, 77","C. de Silvano, 77",3.53,100.0,78.43,True,True,False,False,True,False,Co-location,distance <= 5m
496,2024,497,2025,InPost,Dhl,Convenience Stores,Convenience Stores,Color Y Unas,Color Y Uñas,"C. Emigrantes, 13","C. Emigrantes, 13",1.93,100.0,100.0,True,True,False,True,True,False,Co-location,distance <= 5m
498,1827,499,1828,InPost,SEUR,Convenience Stores,Convenience Stores,Estanco Villa Rosa,Estanco Villarosa,"C. Motilla del Palancar, 8","C. Motilla del Palancar, 8",7.36,100.0,97.14,True,True,False,True,True,False,Co-location,distance <= 15m and strong text match
499,1828,500,1829,InPost,SEUR,Convenience Stores,Convenience Stores,Estanco 13,Expendiduria 13,"C. de Silvano, 158","C. de Silvano, 158",13.79,100.0,40.0,True,True,False,True,True,False,Co-location,distance <= 15m and strong text match
500,2738,501,2739,InPost,Gls,Convenience Stores,Convenience Stores,Look Find Conde Orgaz,Ps Look & Find,"Av. de Machupichu, 23",Avenida de Machupichu 23,7.52,88.37,54.55,True,True,False,True,True,False,Co-location,distance <= 15m and strong text match
501,1240,502,1241,InPost,Amazon,Convenience Stores,Convenience Stores,Ciber Space,Amazon Counter - Ciber Space,"C. de Valle Inclán, 40","C. de Valle Inclán, 40, LOCAL 20",7.87,81.63,59.46,True,True,False,True,True,False,Co-location,distance <= 15m and strong text match
502,1248,503,1249,InPost,Amazon,Convenience Stores,Convenience Stores,Gespain Actividades Inmobiliari,Amazon Counter - Gespain Inmobiliaria,"C. de José de Cadalso, 53",C. de José de Cadalso,4.82,93.02,57.58,False,False,False,True,True,False,Co-location,distance <= 5m
503,1830,504,1831,InPost,SEUR,Convenience Stores,Convenience Stores,Burman,Burman,"Av de la Aviación, 99","Av de la Aviación, 99",6.81,100.0,100.0,True,True,False,True,True,False,Co-location,distance <= 15m and strong text match
503,2573,504,2574,InPost,Ctt Express,Convenience Stores,Convenience Stores,Burman,Burman,"Av de la Aviación, 99","Av de la Aviación, 99",11.11,100.0,100.0,True,True,False,True,True,False,Co-location,distance <= 15m and strong text match
503,2199,504,2200,InPost,Celeritas,Convenience Stores,Convenience Stores,Burman,Burman,"Av de la Aviación, 99","Av de la Aviación, 99",12.92,100.0,100.0,True,True,False,True,True,False,Co-location,distance <= 15m and strong text match
503,3076,504,3077,InPost,UPS,Convenience Stores,Convenience Stores,Burman,Burman,"Av de la Aviación, 99","Av de la Aviación, 99",14.99,100.0,100.0,True,True,False,True,True,False,Co-location,distance <= 15m and strong text match
504,1237,505,1238,InPost,Amazon,Convenience Stores,Convenience Stores,Perfumeria Drogueria,Amazon Counter - Perfumeria-Drogueria,"C. de Navalmoral de la Mata, 38","C. de Navalmoral de la Mata, 38",4.36,100.0,72.73,True,True,False,True,True,False,Co-location,distance <= 5m
504,1239,505,1240,InPost,Amazon,Convenience Stores,Convenience Stores,Perfumeria Drogueria,Seur - Perfumeria Drogueria Cuat,"C. de Navalmoral de la Mata, 38","C. de Navalmoral de la Mata, 38",4.58,100.0,80.0,True,True,False,True,True,False,Co-location,distance <= 5m
505,2566,506,2567,InPost,Ctt Express,Convenience Stores,Convenience Stores,Locutorio Carlita,Locutorio Carlita,"C. de Oliva de Plasencia, 1","C. de Oliva de Plasencia, 1",2.87,100.0,100.0,True,True,False,True,True,False,Co-location,distance <= 5m
505,1238,506,1239,InPost,Amazon,Convenience Stores,Convenience Stores,Locutorio Carlita,Seur - Estanco Papeleria Menende,"C. de Oliva de Plasencia, 1","C. de Oliva de Plasencia, 1",2.87,100.0,17.02,True,True,False,True,True,False,Co-location,distance <= 5m
505,3073,506,3074,InPost,UPS,Convenience Stores,Convenience Stores,Locutorio Carlita,Locutorio Carlita,"C. de Oliva de Plasencia, 1","C. de Oliva de Plasencia, 1",3.63,100.0,100.0,True,True,False,True,True,False,Co-location,distance <= 5m
505,1834,506,1835,InPost,SEUR,Convenience Stores,Convenience Stores,Locutorio Carlita,Estanco Papeleria Menende,"C. de Oliva de Plasencia, 1","C. de Oliva de Plasencia, 1",4.89,100.0,19.05,True,True,False,True,True,False,Co-location,distance <= 5m
505,2027,506,2028,InPost,Dhl,Convenience Stores,Convenience Stores,Locutorio Carlita,Locutorio Carlita,"C. de Oliva de Plasencia, 1","C. de Oliva de Plasencia, 1",5.13,100.0,100.0,True,True,False,True,True,False,Co-location,distance <= 15m and strong text match
505,1234,506,1235,InPost,Amazon,Convenience Stores,Convenience Stores,Locutorio Carlita,Amazon Counter - Locutorio Carlita,"C. de Oliva de Plasencia, 1","C. de Oliva de Plasencia, 1, LOCAL 334",5.29,83.33,69.39,True,True,False,True,True,False,Co-location,distance <= 15m and strong text match
505,2829,506,2830,InPost,Nacex,Convenience Stores,Convenience Stores,Locutorio Carlita,Locutorio Carlita (2883-26),"C. de Oliva de Plasencia, 1","C. de Oliva de Plasencia, 1",6.54,100.0,80.95,True,True,False,True,True,False,Co-location,distance <= 15m and strong text match
505,2574,506,2575,InPost,Ctt Express,Convenience Stores,Convenience Stores,Locutorio Carlita,Locutorio Carlita,"C. de Oliva de Plasencia, 1","C. de Oliva de Plasencia, 1, LOCAL 334",6.91,83.33,100.0,True,True,False,True,True,False,Co-location,distance <= 15m and strong text match
506,1244,507,1245,InPost,Amazon,Convenience Stores,Convenience Stores,Cristaleria Aluche Ii,Amazon Counter - Cristaleria Aluche 2,"Av. de Las Águilas, 60","Av. de Las Águilas, 60, LOCAL 29",13.6,81.63,67.86,True,True,False,True,True,False,Co-location,distance <= 15m and strong text match
509,2028,510,2029,InPost,Dhl,Convenience Stores,Convenience Stores,Aromas Artesanales Aluche,Fast Computer Software,"Av. de los Poblados, 58","Av. de los Poblados, 58",13.75,100.0,12.77,True,True,False,True,True,False,Co-location,distance <= 15m and strong text match
511,2029,512,2030,InPost,Dhl,Convenience Stores,Convenience Stores,The Fox,The Fox,"C. Alfredo Aleix, 9","C. Alfredo Aleix, 9",2.28,100.0,100.0,True,True,False,True,True,False,Co-location,distance <= 5m
513,2722,514,2723,InPost,Gls,Convenience Stores,Convenience Stores,Pastel Y Miga,Ps Pastel Y Miga,"Av. de Carabanchel Alto, 110","Av. de Carabanchel Alto, 110",4.34,100.0,89.66,True,True,False,True,True,False,Co-location,distance <= 5m
513,1841,514,1842,InPost,SEUR,Convenience Stores,Convenience Stores,Pastel Y Miga,Pastel Y Miga,"Av. de Carabanchel Alto, 110","Av. de Carabanchel Alto, 110",10.28,100.0,100.0,True,True,False,True,True,False,Co-location,distance <= 15m and strong text match
513,3078,514,3079,InPost,UPS,Convenience Stores,Convenience Stores,Pastel Y Miga,Pastel Y Miga,"Av. de Carabanchel Alto, 110","Av. de Carabanchel Alto, 110",11.87,100.0,100.0,True,True,False,True,True,False,Co-location,distance <= 15m and strong text match
515,1850,516,1851,InPost,SEUR,Convenience Stores,Convenience Stores,Dulces La Ciudad,Dulces La Ciudad,"C. de Embajadores, 208","C. de Embajadores, 208",4.06,100.0,100.0,True,True,False,True,True,False,Co-location,distance <= 5m
515,3086,516,3087,InPost,UPS,Convenience Stores,Convenience Stores,Dulces La Ciudad,Dulces La Ciudad,"C. de Embajadores, 208","C. de Embajadores, 208",7.32,100.0,100.0,True,True,False,True,True,False,Co-location,distance <= 15m and strong text match
515,2204,516,2205,InPost,Celeritas,Convenience Stores,Convenience Stores,Dulces La Ciudad,Dulces La Ciudad,"C. de Embajadores, 208","C. de Embajadores, 208",9.79,100.0,100.0,True,True,False,True,True,False,Co-location,distance <= 15m and strong text match
520,3085,521,3086,InPost,UPS,Convenience Stores,Convenience Stores,Rue Du Blond,Rue Du Blond,"C. de Embajadores, 152","C. de Embajadores, 152",9.19,100.0,100.0,True,True,False,True,True,False,Co-location,distance <= 15m and strong text match
521,1262,522,1263,InPost,Amazon,Convenience Stores,Convenience Stores,Sv Moda Y Complementos,Seur - Sv Moda Y Complementos,"C. de la Batalla del Salado, 45","C. de la Batalla del Salado, 45",0.56,100.0,89.8,True,True,False,True,True,False,Co-location,distance <= 5m
521,1851,522,1852,InPost,SEUR,Convenience Stores,Convenience Stores,Sv Moda Y Complementos,Sv Moda Y Complementos,"C. de la Batalla del Salado, 45","C. de la Batalla del Salado, 45",4.1,100.0,100.0,True,True,False,True,True,False,Co-location,distance <= 5m
522,2576,523,2577,InPost,Ctt Express,Convenience Stores,Convenience Stores,Expendeduria 538 Madrid,Expendeduria 538,"Glorieta Sta. María de la Cabeza, 7","Glorieta Sta. María de la Cabeza, 7",2.84,100.0,82.05,True,True,False,True,True,False,Co-location,distance <= 5m
522,1857,523,1858,InPost,SEUR,Convenience Stores,Convenience Stores,Expendeduria 538 Madrid,Estanco 538,"Glorieta Sta. María de la Cabeza, 7","Glorieta Sta. María de la Cabeza, 7",4.85,100.0,35.29,True,True,False,True,True,False,Co-location,distance <= 5m
522,2206,523,2207,InPost,Celeritas,Convenience Stores,Convenience Stores,Expendeduria 538 Madrid,Expendeduria 538,"Glorieta Sta. María de la Cabeza, 7","Glorieta Sta. María de la Cabeza, 7",7.58,100.0,82.05,True,True,False,True,True,False,Co-location,distance <= 15m and strong text match
524,1253,525,1254,InPost,Amazon,Locker,Locker,Locker Supermercado Dia Plaza L,Lockers - Anturio,"Pl. Luca de Tena, 3","Pl. Luca de Tena, 3",6.01,100.0,43.48,True,True,False,True,True,False,Co-location,distance <= 15m and strong text match
527,1251,528,1252,InPost,Amazon,Convenience Stores,Convenience Stores,Locutorio Talal 1,Talal Locutorio 1,"C. de la Batalla del Salado, 14","C. de la Batalla del Salado, 14",5.91,100.0,64.71,True,True,False,True,True,False,Co-location,distance <= 15m and strong text match
531,2690,532,2691,InPost,Gls,Locker,Convenience Stores,Locker Estacion Sur De Autobuse,Ps Aromas Artesanales Mendez Alvaro,"C. de Méndez Álvaro, 83","C. de Méndez Álvaro, 83",8.0,100.0,36.36,True,True,False,False,True,False,Co-location,distance <= 15m and strong text match
533,1867,534,1868,InPost,SEUR,Convenience Stores,Convenience Stores,Chevere Cargo,Herbolario Artume,"C. de Mauricio Legendre, 7","C. de Mauricio Legendre, 7",7.18,100.0,40.0,True,True,False,True,True,False,Co-location,distance <= 15m and strong text match
535,2209,536,2210,InPost,Celeritas,Convenience Stores,Convenience Stores,Estanco 729,Estanco 729,"C. de Cuart de Poblet, 65","C. de Cuart de Poblet, 65",1.28,100.0,100.0,True,True,False,True,True,False,Co-location,distance <= 5m
535,1872,536,1873,InPost,SEUR,Convenience Stores,Convenience Stores,Estanco 729,Estanco 729,"C. de Cuart de Poblet, 65","C. de Cuart de Poblet, 65",2.9,100.0,100.0,True,True,False,True,True,False,Co-location,distance <= 5m
535,1276,536,1277,InPost,Amazon,Convenience Stores,Convenience Stores,Estanco 729,Seur - Estanco 729,"C. de Cuart de Poblet, 65","C. de Cuart de Poblet, 65",3.77,100.0,81.48,True,True,False,True,True,False,Co-location,distance <= 5m
535,2587,536,2588,InPost,Ctt Express,Convenience Stores,Convenience Stores,Estanco 729,Estanco 729,"C. de Cuart de Poblet, 65","C. de Cuart de Poblet, 65",4.66,100.0,100.0,True,True,False,True,True,False,Co-location,distance <= 5m
538,2589,539,2590,InPost,Ctt Express,Convenience Stores,Convenience Stores,Fotocopias Aluche,Fotocopias Aluche,"C. de Illescas, 187","C. de Illescas, 187, LOCAL 5",3.83,80.95,100.0,True,True,False,True,True,False,Co-location,distance <= 5m
538,3088,539,3089,InPost,UPS,Convenience Stores,Convenience Stores,Fotocopias Aluche,Fotocopias Aluche,"C. de Illescas, 187","C. de Illescas, 187",5.74,100.0,100.0,True,True,False,True,True,False,Co-location,distance <= 15m and strong text match
538,2832,539,2833,InPost,Nacex,Convenience Stores,Convenience Stores,Fotocopias Aluche,Fotocopias Aluche (2883-11),"C. de Illescas, 187","C. de Illescas, 187",8.79,100.0,80.95,True,True,False,True,True,False,Co-location,distance <= 15m and strong text match
541,1881,542,1882,InPost,SEUR,Locker,Locker,Locker 24/7 Parking Gomez Ulla,Seur Locker Parking Gomez,"Calle Carlos Domingo, 5","Calle Carlos Domingo, 5",7.33,100.0,72.73,True,True,False,True,True,False,Co-location,distance <= 15m and strong text match
543,3094,544,3095,InPost,UPS,Convenience Stores,Convenience Stores,Loterias Latina,Fnx-Loterias Latina,"C. de Latina, 18","C. de Latina, 18",5.4,100.0,88.24,True,True,False,True,True,False,Co-location,distance <= 15m and strong text match
544,2717,545,2718,InPost,Gls,Convenience Stores,Convenience Stores,Cristaleria Aluche I,Ps Cristaleria Aluche,"C. de Camarena, 235",Calle de Camarena 235,4.6,89.47,87.8,True,True,False,True,True,False,Co-location,distance <= 5m
544,2590,545,2591,InPost,Ctt Express,Convenience Stores,Convenience Stores,Cristaleria Aluche I,Tintoreria Elba Y Victoria,"C. de Camarena, 235","C. de Camarena, 235, LOCAL 7",6.0,80.95,39.13,True,True,False,True,True,False,Co-location,distance <= 15m and strong text match
544,1884,545,1885,InPost,SEUR,Convenience Stores,Convenience Stores,Cristaleria Aluche I,Cristaleria Aluche,"C. de Camarena, 235","C. de Camarena, 235",10.08,100.0,94.74,True,True,False,True,True,False,Co-location,distance <= 15m and strong text match
544,1272,545,1273,InPost,Amazon,Convenience Stores,Convenience Stores,Cristaleria Aluche I,Seur - Cristaleria Aluche,"C. de Camarena, 235","C. de Camarena, 235",10.48,100.0,83.72,True,True,False,True,True,False,Co-location,distance <= 15m and strong text match
544,2210,545,2211,InPost,Celeritas,Convenience Stores,Convenience Stores,Cristaleria Aluche I,Cristaleria Aluche,"C. de Camarena, 235","C. de Camarena, 235",10.51,100.0,94.74,True,True,False,True,True,False,Co-location,distance <= 15m and strong text match
544,1270,545,1271,InPost,Amazon,Convenience Stores,Convenience Stores,Cristaleria Aluche I,Amazon Counter - Tintoreria Elba Y Victoria,"C. de Camarena, 235","C. de Camarena, 235, LOCAL 7",13.14,80.95,39.34,True,True,False,True,True,False,Co-location,distance <= 15m and strong text match
545,3195,546,3196,InPost,Pudo,Locker,Click&Collect,Locker Locutorio Shati Telecom,Shati Telecom Espinar,"C. del Espinar, 3","C. del Espinar, 3",3.06,100.0,50.98,True,True,False,False,True,False,Co-location,distance <= 5m
549,3096,550,3097,InPost,UPS,Convenience Stores,Convenience Stores,Papeleria Libreria De Colores,Papeleria De Colores,"C. Jacobinia, 20","C. Jacobinia, 20",4.95,100.0,81.63,True,True,False,True,True,False,Co-location,distance <= 5m
550,1277,551,1278,InPost,Amazon,Convenience Stores,Convenience Stores,Estanco El Pardo,Seur - Estanco 403 El Pardo,"C. Carboneros, 2","C. Carboneros, 2",1.27,100.0,78.05,True,True,False,True,True,False,Co-location,distance <= 5m
550,3097,551,3098,InPost,UPS,Convenience Stores,Convenience Stores,Estanco El Pardo,Estanco El Pardo,"C. Carboneros, 2","C. Carboneros, 2",8.95,100.0,100.0,True,True,False,True,True,False,Co-location,distance <= 15m and strong text match
550,1885,551,1886,InPost,SEUR,Convenience Stores,Convenience Stores,Estanco El Pardo,Estanco 403 El Pardo,"C. Carboneros, 2","C. Carboneros, 2",9.54,100.0,88.89,True,True,False,True,True,False,Co-location,distance <= 15m and strong text match
550,2841,551,2842,InPost,Nacex,Convenience Stores,Convenience Stores,Estanco El Pardo,Estanco 403 (2862-14),"C. Carboneros, 2","C. Carboneros, 2",9.63,100.0,51.43,True,True,False,True,True,False,Co-location,distance <= 15m and strong text match
550,2596,551,2597,InPost,Ctt Express,Convenience Stores,Convenience Stores,Estanco El Pardo,Estanco 403,"C. Carboneros, 2","C. Carboneros, 2",9.73,100.0,59.26,True,True,False,True,True,False,Co-location,distance <= 15m and strong text match
550,2212,551,2213,InPost,Celeritas,Convenience Stores,Convenience Stores,Estanco El Pardo,Estanco 403,"C. Carboneros, 2","C. Carboneros, 2",10.01,100.0,59.26,True,True,False,True,True,False,Co-location,distance <= 15m and strong text match
558,1889,559,1890,InPost,SEUR,Convenience Stores,Convenience Stores,Estanco Sanchinarro,Estanco Sanchinarro,"C. de Américo Castro, 12","C. de Américo Castro, 12",7.34,100.0,100.0,True,True,False,True,True,False,Co-location,distance <= 15m and strong text match
561,3100,562,3101,InPost,UPS,Locker,Locker,Locker 24/7 Indigo Co Manoteras,P Taquilla Cc Manoteras,"Av. de Manoteras, 40","Av. de Manoteras, 40",2.01,100.0,48.15,True,True,False,True,True,False,Co-location,distance <= 5m
561,3212,562,3213,InPost,Pudo,Locker,Click&Collect,Locker 24/7 Indigo Co Manoteras,C.C. Manoteras,"Av. de Manoteras, 40","Av. de Manoteras, 40",3.82,100.0,59.09,True,True,False,False,True,False,Co-location,distance <= 5m
561,1893,562,1894,InPost,SEUR,Locker,Locker,Locker 24/7 Indigo Co Manoteras,Seur Locker Manoteras,"Av. de Manoteras, 40","Av. de Manoteras, 40",8.3,100.0,61.54,True,True,False,True,True,False,Co-location,distance <= 15m and strong text match
563,1895,564,1896,InPost,SEUR,Locker,Locker,Locker 24/7 Galp Sanchinarro,Seur Locker Galp Sanchina,"Av. de Niceto Alcalá Zamora, 20","Av. de Niceto Alcalá Zamora, 20",4.45,100.0,75.47,True,True,False,True,True,False,Co-location,distance <= 5m
564,2759,565,2760,InPost,Gls,Convenience Stores,Convenience Stores,Merca Oasis,Ps Merca Oasis,"Av de las Suertes, 98",Avenida de las Suertes 98,7.47,88.89,88.0,True,True,False,True,True,False,Co-location,distance <= 15m and strong text match
565,1899,566,1900,InPost,SEUR,Convenience Stores,Convenience Stores,El Yaque Market,El Yaque Market,"C. de José Tamayo, 17","C. de José Tamayo, 17",3.85,100.0,100.0,True,True,False,True,True,False,Co-location,distance <= 5m
567,3103,568,3104,InPost,UPS,Convenience Stores,Convenience Stores,Risbar Sl,Risbar Mensajeria,"Calle Baños de Valdearados, 10","Calle Baños de Valdearados, 10",7.36,100.0,61.54,True,True,False,True,True,False,Co-location,distance <= 15m and strong text match
567,1898,568,1899,InPost,SEUR,Convenience Stores,Convenience Stores,Risbar Sl,Risbar,"Calle Baños de Valdearados, 10","Calle Baños de Valdearados, 10",7.76,100.0,80.0,True,True,False,True,True,False,Co-location,distance <= 15m and strong text match
568,1697,569,1698,InPost,SEUR,Locker,Locker,Locker 24/7 Galp Madrid Valleca,Seur Locker Galp Vallecas,"Av. del Mayorazgo, 20","Av. del Mayorazgo, 20",14.2,100.0,67.86,True,True,False,True,True,False,Co-location,distance <= 15m and strong text match
571,1304,572,1305,InPost,Amazon,Locker,Locker,Locker 24/7 Repsol Cred Vicalva,Amazon Locker - Astasia Repsol,"CR M-214 P.K, 4,60 D","CR M-214 P.K, 4,60 D",2.0,100.0,47.46,True,True,False,True,True,False,Co-location,distance <= 5m
575,2755,576,2756,InPost,Gls,Convenience Stores,Convenience Stores,Alimentacion Dtodo,Ps Alimentacion De Todo,"Av del Monte Igueldo, 108",Avenida del Monte Igueldo 108,12.22,90.57,87.8,True,True,False,True,True,False,Co-location,distance <= 15m and strong text match
577,3109,578,3110,InPost,UPS,Convenience Stores,Convenience Stores,Atemprana Ortopedia,Ortopedia Atemprana,"C. de Eduardo Sanz, 14","C. de Eduardo Sanz, 14",7.39,100.0,47.37,True,True,False,True,True,False,Co-location,distance <= 15m and strong text match
578,2222,579,2223,InPost,Celeritas,Convenience Stores,Convenience Stores,Loterias Y Prensa La Fabrica De,Loteria Prensa Fabrica De Los Sueños,"Av. de la Peseta, 58","Av. de la Peseta, 58",5.48,100.0,74.63,True,True,False,True,True,False,Co-location,distance <= 15m and strong text match
582,3186,583,3187,InPost,Pudo,Locker,Click&Collect,Locker Cc Islazul,C.C. Isla Azul,"C. de la Calderilla, 1","C. de la Calderilla, 1",2.86,100.0,73.33,True,True,False,False,True,False,Co-location,distance <= 5m
582,1913,583,1914,InPost,SEUR,Locker,Locker,Locker Cc Islazul,Seur Locker Cc Isla Azul,"C. de la Calderilla, 1","C. de la Calderilla, 1",8.82,100.0,82.93,True,True,False,True,True,False,Co-location,distance <= 15m and strong text match
582,1912,583,1913,InPost,SEUR,Locker,Locker,Locker Cc Islazul,Seur Locker Lidl Isla Az,"C. de la Calderilla, 1","C. de la Calderilla, 1",8.82,100.0,63.41,True,True,False,True,True,False,Co-location,distance <= 15m and strong text match
583,1316,584,1317,InPost,Amazon,Locker,Locker,Locker 24/7 Shell Avda Aviacion,Amazon Locker - Marcia Disa,"Av de la Aviación, 26",Avda. De La Aviacion,7.96,87.18,39.29,False,False,False,True,True,False,Co-location,distance <= 15m and strong text match
589,590,590,591,Correos,Correos,Lsp Pudos,Locker,Correos Madrid Sucursal 1,Correos Madrid Sucursal 1,"C. de Villanueva, 30","C. de Villanueva, 30",0.0,100.0,100.0,True,True,True,False,True,False,Multi-service same company,distance <= 5m
593,2872,594,2873,Correos,UPS,Locker,Locker,Mercado De Prosperidad,Mercado Prosperidad,"C. de López de Hoyos, 81","C. de López de Hoyos, 81",12.12,100.0,92.68,True,True,False,True,True,False,Co-location,distance <= 15m and strong text match
594,595,595,596,Correos,Correos,Lsp Pudos,Locker,Correos Madrid Sucursal 13,Correos Madrid Sucursal 13,"Av. de América, 3","Av. de América, 3",0.0,100.0,100.0,True,True,True,False,True,False,Multi-service same company,distance <= 5m
597,598,598,599,Correos,Correos,Lsp Pudos,Locker,Correos Madrid Sucursal 46,Correos Madrid Sucursal 46,"C. de Guzmán el Bueno, 86","C. de Guzmán el Bueno, 86",0.0,100.0,100.0,True,True,True,False,True,False,Multi-service same company,distance <= 5m
602,603,603,604,Correos,Correos,Lsp Pudos,Locker,Correos Madrid Sucursal 88,Correos Madrid Sucursal 88,"C. de Mejía Lequerica, 7","C. de Mejía Lequerica, 7",0.0,100.0,100.0,True,True,True,False,True,False,Multi-service same company,distance <= 5m
602,808,603,809,Correos,Amazon,Lsp Pudos,Locker,Correos Madrid Sucursal 88,Lockers Correos Madrid Sucursal 88,"C. de Mejía Lequerica, 7","C. de Mejía Lequerica, 7",1.62,100.0,86.67,True,True,False,False,True,False,Co-location,distance <= 5m
603,808,604,809,Correos,Amazon,Locker,Locker,Correos Madrid Sucursal 88,Lockers Correos Madrid Sucursal 88,"C. de Mejía Lequerica, 7","C. de Mejía Lequerica, 7",1.62,100.0,86.67,True,True,False,True,True,False,Co-location,distance <= 5m
605,606,606,607,Correos,Correos,Lsp Pudos,Locker,Correos Madrid Sucursal 5,Correos Madrid Sucursal 5,"Carrera de San Francisco, 13","Carrera de San Francisco, 13",0.0,100.0,100.0,True,True,True,False,True,False,Multi-service same company,distance <= 5m
605,819,606,820,Correos,Amazon,Lsp Pudos,Convenience Stores,Correos Madrid Sucursal 5,Correos Madrid Sucursal 5,"Carrera de San Francisco, 13","Carrera de San Francisco, 13",3.23,100.0,100.0,True,True,False,False,True,False,Co-location,distance <= 5m
606,819,607,820,Correos,Amazon,Locker,Convenience Stores,Correos Madrid Sucursal 5,Correos Madrid Sucursal 5,"Carrera de San Francisco, 13","Carrera de San Francisco, 13",3.23,100.0,100.0,True,True,False,False,True,False,Co-location,distance <= 5m
607,3123,608,3124,Correos,Pudo,Locker,Click&Collect,Mercado De La Cebada,Mercado De La Cebada,"Pl. de la Cebada, S/N","Pl. de la Cebada, S/N",14.29,100.0,100.0,False,False,False,False,True,False,Co-location,distance <= 15m and strong text match
611,613,612,614,Correos,Correos,Lsp Pudos,Locker,Correos Madrid Sucursal 9,Correos Madrid Sucursal 9,"C. de las Mártires Concepcionistas, 21","C. de las Mártires Concepcionistas, 21",0.0,100.0,100.0,True,True,True,False,True,False,Multi-service same company,distance <= 5m
612,614,613,615,Correos,Correos,Lsp Pudos,Locker,Correos Madrid Sucursal 53,Correos Madrid Sucursal 53,"C. del Conde de Peñalver, 19 Bis","C. del Conde de Peñalver, 19 Bis",0.0,100.0,100.0,True,True,True,False,True,False,Multi-service same company,distance <= 5m
617,619,618,620,Correos,Correos,Lsp Pudos,Locker,Correos Madrid Sucursal 40,Correos Madrid Sucursal 40,"C. de Téllez, 27","C. de Téllez, 27",0.0,100.0,100.0,True,True,True,False,True,False,Multi-service same company,distance <= 5m
617,742,618,743,Correos,Correos,Lsp Pudos,Locker,Correos Madrid Sucursal 40,Estación De Autobuses Madrid Sur,"C. de Téllez, 27","C. de Méndez Álvaro, 28045 Madrid",3.63,44.44,55.17,True,False,True,False,True,False,Multi-service same company,distance <= 5m
619,742,620,743,Correos,Correos,Locker,Locker,Correos Madrid Sucursal 40,Estación De Autobuses Madrid Sur,"C. de Téllez, 27","C. de Méndez Álvaro, 28045 Madrid",3.63,44.44,55.17,True,False,True,True,True,True,Possible duplicate,distance <= 5m
622,623,623,624,Correos,Correos,Lsp Pudos,Locker,Correos Madrid Sucursal 45,Correos Madrid Sucursal 45,"Av. de Valladolid, 39","Av. de Valladolid, 39",0.0,100.0,100.0,True,True,True,False,True,False,Multi-service same company,distance <= 5m
625,626,626,627,Correos,Correos,Lsp Pudos,Locker,Correos Madrid Sucursal 21,Correos Madrid Sucursal 21,"Calle de Antonio Arias, 2","Calle de Antonio Arias, 2",0.0,100.0,100.0,True,True,True,False,True,False,Multi-service same company,distance <= 5m
634,635,635,636,Correos,Correos,Lsp Pudos,Locker,Correos Madrid Sucursal 7,Correos Madrid Sucursal 7,"C. de Palos de la Frontera, 10","C. de Palos de la Frontera, 10",0.0,100.0,100.0,True,True,True,False,True,False,Multi-service same company,distance <= 5m
634,882,635,883,Correos,Amazon,Lsp Pudos,Convenience Stores,Correos Madrid Sucursal 7,Correos - Madrid Suc 7. Embajadores,"C. de Palos de la Frontera, 10","C. de Palos de la Frontera, 6",1.11,94.55,70.18,True,False,False,False,True,False,Co-location,distance <= 5m
635,882,636,883,Correos,Amazon,Locker,Convenience Stores,Correos Madrid Sucursal 7,Correos - Madrid Suc 7. Embajadores,"C. de Palos de la Frontera, 10","C. de Palos de la Frontera, 6",1.11,94.55,70.18,True,False,False,False,True,False,Co-location,distance <= 5m
640,641,641,642,Correos,Correos,Lsp Pudos,Locker,Correos Madrid Sucursal Op,Correos Madrid Sucursal Op,"P.o del Prado, 1","P.o del Prado, 1",0.0,100.0,100.0,True,True,True,False,True,False,Multi-service same company,distance <= 5m
640,899,641,900,Correos,Amazon,Lsp Pudos,Locker,Correos Madrid Sucursal Op,Correos - Madrid Op,"P.o del Prado, 1","P.o del Prado, 1",1.26,100.0,79.07,True,True,False,False,True,False,Co-location,distance <= 5m
640,898,641,899,Correos,Amazon,Lsp Pudos,Locker,Correos Madrid Sucursal Op,Citypaq Lockers-Correos Madrid Op,"P.o del Prado, 1","P.o del Prado, 1",4.8,100.0,57.63,True,True,False,False,True,False,Co-location,distance <= 5m
641,899,642,900,Correos,Amazon,Locker,Locker,Correos Madrid Sucursal Op,Correos - Madrid Op,"P.o del Prado, 1","P.o del Prado, 1",1.26,100.0,79.07,True,True,False,True,True,False,Co-location,distance <= 5m
641,898,642,899,Correos,Amazon,Locker,Locker,Correos Madrid Sucursal Op,Citypaq Lockers-Correos Madrid Op,"P.o del Prado, 1","P.o del Prado, 1",4.8,100.0,57.63,True,True,False,True,True,False,Co-location,distance <= 5m
646,647,647,648,Correos,Correos,Lsp Pudos,Locker,Correos Madrid Sucursal 19,Correos Madrid Sucursal 19,"C. de Chile, 4","C. de Chile, 4",0.0,100.0,100.0,True,True,True,False,True,False,Multi-service same company,distance <= 5m
646,920,647,921,Correos,Amazon,Lsp Pudos,Convenience Stores,Correos Madrid Sucursal 19,Correos Madrid Sucursal 19,"C. de Chile, 4","C. de Chile, 4",2.03,100.0,100.0,True,True,False,False,True,False,Co-location,distance <= 5m
646,919,647,920,Correos,Amazon,Lsp Pudos,Locker,Correos Madrid Sucursal 19,Lockers Correos Madrid Sucursal 19,"C. de Chile, 4","C. de Chile, 4",2.03,100.0,86.67,True,True,False,False,True,False,Co-location,distance <= 5m
647,920,648,921,Correos,Amazon,Locker,Convenience Stores,Correos Madrid Sucursal 19,Correos Madrid Sucursal 19,"C. de Chile, 4","C. de Chile, 4",2.03,100.0,100.0,True,True,False,False,True,False,Co-location,distance <= 5m
647,919,648,920,Correos,Amazon,Locker,Locker,Correos Madrid Sucursal 19,Lockers Correos Madrid Sucursal 19,"C. de Chile, 4","C. de Chile, 4",2.03,100.0,86.67,True,True,False,True,True,False,Co-location,distance <= 5m
650,651,651,652,Correos,Correos,Lsp Pudos,Lsp Pudos,Madrid Suc 37. La Elipa,Correos Madrid Suc 37. La Elipa,"Av. del Marqués de Corbera, 27","Av. del Marqués de Corbera, 27",10.83,100.0,84.62,True,True,True,True,True,True,Possible duplicate,distance <= 15m and strong text match
652,653,653,654,Correos,Correos,Lsp Pudos,Lsp Pudos,Madrid Suc 15. Marquã‰S De Vadillo,Correos Madrid Suc 15. Marquã‰S De Vadillo,"C. de Jacinto Verdaguer, 4","C. de Jacinto Verdaguer, 4",8.08,100.0,89.19,True,True,True,True,True,True,Possible duplicate,distance <= 15m and strong text match
655,656,656,657,Correos,Correos,Lsp Pudos,Locker,Correos Madrid Sucursal 36,Correos Madrid Sucursal 36,"C. de Orense, 55","C. de Orense, 55",0.0,100.0,100.0,True,True,True,False,True,False,Multi-service same company,distance <= 5m
658,659,659,660,Correos,Correos,Locker,Lsp Pudos,Correos Madrid Sucursal 36,Correos Madrid Sucursal 36,"C. de Orense, 55","C. de Orense, 55",0.0,100.0,100.0,True,True,True,False,True,False,Multi-service same company,distance <= 5m
658,975,659,976,Correos,Amazon,Locker,Locker,Correos Madrid Sucursal 36,Lockers Correos Madrid Sucursal 36,"C. de Orense, 55","C. de Orense, 55",4.89,100.0,86.67,True,True,False,True,True,False,Co-location,distance <= 5m
658,973,659,974,Correos,Amazon,Locker,Locker,Correos Madrid Sucursal 36,Lockers Correos Madrid Sucursal 36 Juli,"C. de Orense, 55","C. de Orense, 55",4.89,100.0,80.0,True,True,False,True,True,False,Co-location,distance <= 5m
658,974,659,975,Correos,Amazon,Locker,Convenience Stores,Correos Madrid Sucursal 36,Correos Madrid Sucursal 36,"C. de Orense, 55","Julian Besteiro S/n Esquina San Germán Madrid Suc. 36, C. de Orense",10.58,28.21,100.0,True,False,False,False,True,False,Co-location,distance <= 15m and strong text match
659,975,660,976,Correos,Amazon,Lsp Pudos,Locker,Correos Madrid Sucursal 36,Lockers Correos Madrid Sucursal 36,"C. de Orense, 55","C. de Orense, 55",4.89,100.0,86.67,True,True,False,False,True,False,Co-location,distance <= 5m
659,973,660,974,Correos,Amazon,Lsp Pudos,Locker,Correos Madrid Sucursal 36,Lockers Correos Madrid Sucursal 36 Juli,"C. de Orense, 55","C. de Orense, 55",4.89,100.0,80.0,True,True,False,False,True,False,Co-location,distance <= 5m
659,974,660,975,Correos,Amazon,Lsp Pudos,Convenience Stores,Correos Madrid Sucursal 36,Correos Madrid Sucursal 36,"C. de Orense, 55","Julian Besteiro S/n Esquina San Germán Madrid Suc. 36, C. de Orense",10.58,28.21,100.0,True,False,False,False,True,False,Co-location,distance <= 15m and strong text match
662,663,663,664,Correos,Correos,Lsp Pudos,Lsp Pudos,Madrid Suc 30. Villaverde Alto,Correos Madrid Suc 30. Villaverde Alto,"AV REAL DE PINTO, C. Pedro Jiménez, 66","AV REAL DE PINTO, C. Pedro Jiménez, 66",13.93,100.0,87.88,True,True,True,True,True,True,Possible duplicate,distance <= 15m and strong text match
666,667,667,668,Correos,Correos,Lsp Pudos,Lsp Pudos,Madrid Suc 26. Las Musas,Correos Madrid Suc 26. Las Musas,"C. de Longares, 30","C. de Longares, 30",3.67,100.0,85.19,True,True,True,True,True,True,Possible duplicate,distance <= 5m
675,677,676,678,Correos,Correos,Locker,Lsp Pudos,Madrid Suc 93. Vista Alegre,Correos Madrid Suc 93. Vista Alegre,"C. Hermanas Alonso Barceló, 7","C. Hermanas Alonso Barceló, 7",8.7,100.0,86.67,True,True,True,False,True,False,Multi-service same company,distance <= 15m and strong text match
675,1030,676,1031,Correos,Amazon,Locker,Locker,Madrid Suc 93. Vista Alegre,Citypaq Lockers-Correos Madrid Suc 93. Vista Alegr,"C. Hermanas Alonso Barceló, 7","C. Hermanas Alonso Barceló, 7",13.25,100.0,66.67,True,True,False,True,True,False,Co-location,distance <= 15m and strong text match
675,1029,676,1030,Correos,Amazon,Locker,Locker,Madrid Suc 93. Vista Alegre,Correos - Madrid Suc 93. Vista Alegre,"C. Hermanas Alonso Barceló, 7","C. Hermanas Alonso Barceló, 7",13.25,100.0,86.67,True,True,False,True,True,False,Co-location,distance <= 15m and strong text match
683,684,684,685,Correos,Correos,Lsp Pudos,Lsp Pudos,Madrid Suc 20. El Carmen,Correos Madrid Suc 20. El Carmen,"Calle Alcalde López Casero, 3","Calle Alcalde López Casero, 3",2.31,100.0,85.19,True,True,True,True,True,True,Possible duplicate,distance <= 5m
686,689,687,690,Correos,Correos,Lsp Pudos,Locker,Correos Madrid Sucursal 44,Correos Madrid Sucursal 44,"C. del Padre Rubio, 43","C. del Padre Rubio, 43",0.0,100.0,100.0,True,True,True,False,True,False,Multi-service same company,distance <= 5m
686,1084,687,1085,Correos,Amazon,Lsp Pudos,Locker,Correos Madrid Sucursal 44,Lockers Correos Madrid Sucursal 44,"C. del Padre Rubio, 43","C. del Padre Rubio, 43",13.4,100.0,86.67,True,True,False,False,True,False,Co-location,distance <= 15m and strong text match
686,1083,687,1084,Correos,Amazon,Lsp Pudos,Convenience Stores,Correos Madrid Sucursal 44,Correos Madrid Sucursal 44,"C. del Padre Rubio, 43","C. del Padre Rubio, 43",13.4,100.0,100.0,True,True,False,False,True,False,Co-location,distance <= 15m and strong text match
689,1084,690,1085,Correos,Amazon,Locker,Locker,Correos Madrid Sucursal 44,Lockers Correos Madrid Sucursal 44,"C. del Padre Rubio, 43","C. del Padre Rubio, 43",13.4,100.0,86.67,True,True,False,True,True,False,Co-location,distance <= 15m and strong text match
689,1083,690,1084,Correos,Amazon,Locker,Convenience Stores,Correos Madrid Sucursal 44,Correos Madrid Sucursal 44,"C. del Padre Rubio, 43","C. del Padre Rubio, 43",13.4,100.0,100.0,True,True,False,False,True,False,Co-location,distance <= 15m and strong text match
694,695,695,696,Correos,Correos,Lsp Pudos,Lsp Pudos,Madrid Suc 38. Villa De Vallecas,Correos Madrid Suc 38. Villa De Vallecas,"C. de Sierra Gádor, 50","C. de Sierra Gádor, 50",3.21,100.0,88.57,True,True,True,True,True,True,Possible duplicate,distance <= 5m
697,699,698,700,Correos,Correos,Lsp Pudos,Lsp Pudos,Madrid Suc 49. VicãLvaro,Correos Madrid Suc 49. VicãLvaro,"C/ de la Condesa de la Vega del Pozo, 29","C/ de la Condesa de la Vega del Pozo, 29",12.7,100.0,85.71,True,True,True,True,True,True,Possible duplicate,distance <= 15m and strong text match
700,702,701,703,Correos,Correos,Lsp Pudos,Lsp Pudos,Madrid Suc 47. Hortaleza,Correos Madrid Suc 47. Hortaleza,"C. del Mar Caspio, 10","C. del Mar Caspio, 10",7.34,100.0,85.19,True,True,True,True,True,True,Possible duplicate,distance <= 15m and strong text match
703,1156,704,1157,Correos,Amazon,Lsp Pudos,Convenience Stores,Madrid Suc 31. Fuencarral Pueblo,Correos - Madrid Suc 31. Fuencarral Pueblo,"C. de las Islas Palaos, 30","Calle De Las, C. de las Islas Palaos, 30",8.25,78.69,88.57,True,True,False,False,True,False,Co-location,distance <= 15m and strong text match
704,705,705,706,Correos,Correos,Lsp Pudos,Lsp Pudos,Madrid Suc 51. Begoã‘A,Correos Madrid Suc 51. Begoã‘A,"VIRGEN DE ARANZAZU, 31","Calle de la Virgen de Aránzazu, 31",14.85,77.78,84.0,True,True,True,True,True,True,Possible duplicate,distance <= 15m and strong text match
710,1174,711,1175,Correos,Amazon,Lsp Pudos,Convenience Stores,Correos Madrid Suc 35. Ciudad Lineal,Correos - Madrid Suc 35. Ciudad Lineal,"C. de los Hermanos García Noblejas, 30","C. de los Hermanos García Noblejas, 30",6.89,100.0,100.0,True,True,False,False,True,False,Co-location,distance <= 15m and strong text match
718,1762,719,1763,Correos,SEUR,Locker,Locker,Alcampo,Seur Locker Alc Vallecas,C. Monleón S/N,C. Monleón SN,13.13,96.0,25.81,False,False,False,True,True,False,Co-location,distance <= 15m and strong text match
720,721,721,722,Correos,Correos,Lsp Pudos,Locker,Correos Madrid Sucursal 25,Correos Madrid Sucursal 25,"C. de Mariano Fernández, 1","C. de Mariano Fernández, 1",0.0,100.0,100.0,True,True,True,False,True,False,Multi-service same company,distance <= 5m
720,1193,721,1194,Correos,Amazon,Lsp Pudos,Locker,Correos Madrid Sucursal 25,Lockers Correos Madrid Sucursal 25,"C. de Mariano Fernández, 1","C. de Mariano Fernández, 1",2.72,100.0,86.67,True,True,False,False,True,False,Co-location,distance <= 5m
721,1193,722,1194,Correos,Amazon,Locker,Locker,Correos Madrid Sucursal 25,Lockers Correos Madrid Sucursal 25,"C. de Mariano Fernández, 1","C. de Mariano Fernández, 1",2.72,100.0,86.67,True,True,False,True,True,False,Co-location,distance <= 5m
722,723,723,724,Correos,Correos,Locker,Lsp Pudos,Correos Madrid Sucursal 60,Correos Madrid Sucursal 60,"C. del Arquitecto López Otero, 3","C. del Arquitecto López Otero, 3",0.0,100.0,100.0,True,True,True,False,True,False,Multi-service same company,distance <= 5m
722,1198,723,1199,Correos,Amazon,Locker,Convenience Stores,Correos Madrid Sucursal 60,Correos Madrid Sucursal 60,"C. del Arquitecto López Otero, 3","C. del Arquitecto López Otero, 3",0.91,100.0,100.0,True,True,False,False,True,False,Co-location,distance <= 5m
722,1199,723,1200,Correos,Amazon,Locker,Locker,Correos Madrid Sucursal 60,Lockers Correos Madrid Sucursal 60,"C. del Arquitecto López Otero, 3","C. del Arquitecto López Otero, 3",5.74,100.0,86.67,True,True,False,True,True,False,Co-location,distance <= 15m and strong text match
723,1198,724,1199,Correos,Amazon,Lsp Pudos,Convenience Stores,Correos Madrid Sucursal 60,Correos Madrid Sucursal 60,"C. del Arquitecto López Otero, 3","C. del Arquitecto López Otero, 3",0.91,100.0,100.0,True,True,False,False,True,False,Co-location,distance <= 5m
723,1199,724,1200,Correos,Amazon,Lsp Pudos,Locker,Correos Madrid Sucursal 60,Lockers Correos Madrid Sucursal 60,"C. del Arquitecto López Otero, 3","C. del Arquitecto López Otero, 3",5.74,100.0,86.67,True,True,False,False,True,False,Co-location,distance <= 15m and strong text match
726,1214,727,1215,Correos,Amazon,Lsp Pudos,Convenience Stores,Madrid Suc 57. Orcasitas,Correos - Madrid Suc 57. Orcasitas,"Pl. Movimiento Ciudadano, 1","Pl. Movimiento Ciudadano, 1",10.4,100.0,85.19,True,True,False,False,True,False,Co-location,distance <= 15m and strong text match
730,1209,731,1210,Correos,Amazon,Locker,Locker,Asociacion Proyecto San Fermin,Citypaq Lockers-Asociacion Proyecto San Fermin,"Av. de los Fueros, 36","Av. de los Fueros, 36",1.67,100.0,78.95,True,True,False,True,True,False,Co-location,distance <= 5m
743,1264,744,1265,Correos,Amazon,Lsp Pudos,Locker,Madrid Suc 17. Legazpi,Lockers Correos Madrid Sucursal 17,"C. de Tomás Borrás, 5-7","C. de Tomás Borrás, 5-7",13.29,100.0,47.27,True,True,False,False,True,False,Co-location,distance <= 15m and strong text match
744,1264,745,1265,Correos,Amazon,Lsp Pudos,Locker,Correos Madrid Suc 17. Legazpi,Lockers Correos Madrid Sucursal 17,"C. de Tomás Borrás, 5-7","C. de Tomás Borrás, 5-7",13.33,100.0,66.67,True,True,False,False,True,False,Co-location,distance <= 15m and strong text match
752,754,753,755,Correos,Correos,Lsp Pudos,Locker,Madrid Suc 82. Monte Carmelo,Correos Madrid Suc 82. Monte Carmelo,"Av del Santuario de Valverde, 45","Av del Santuario de Valverde, 45",7.69,100.0,87.1,True,True,True,False,True,False,Multi-service same company,distance <= 15m and strong text match
753,1732,754,1733,Correos,SEUR,Locker,Locker,Cc Montecarmelo,Seur Locker Montecarmelo,"C. del Monasterio de Arlanza, 20","C. del Monasterio de Arlanza, 20",9.16,100.0,71.79,True,True,False,True,True,False,Co-location,distance <= 15m and strong text match
756,758,757,759,Correos,Correos,Lsp Pudos,Lsp Pudos,Madrid Suc 81. Las Tablas,Correos Madrid Suc 81. Las Tablas,"C. de Capiscol, 12","C. de Capiscol, 12",1.82,100.0,85.71,True,True,True,True,True,True,Possible duplicate,distance <= 5m
762,763,763,764,Correos,Correos,Lsp Pudos,Lsp Pudos,Madrid Suc 55. San Diego-Palomeras Bajas,Correos Madrid Suc 55. San Diego-Palomeras Bajas,"C/ de Sierra Carbonera, 75","C/ de Sierra Carbonera, 75",10.06,100.0,90.7,True,True,True,True,True,True,Possible duplicate,distance <= 15m and strong text match
770,771,771,772,Amazon,Amazon,Locker,Locker,Correos Madrid Sucursal 1,Lockers Correos Madrid Sucursal 1,"C. de Villanueva, 30","C. de Villanueva, 30",5.71,100.0,86.21,True,True,True,True,True,True,Possible duplicate,distance <= 15m and strong text match
772,2225,773,2226,Amazon,Ctt Express,Convenience Stores,Convenience Stores,Grupo Hicorsa Artes Gráficas S.A.,Grupo Hicorsa Artes Gráficas S.A.,"Calle de Goya, 43","Calle de Goya, 43",7.71,100.0,100.0,True,True,False,True,True,False,Co-location,distance <= 15m and strong text match
772,2635,773,2636,Amazon,Gls,Convenience Stores,Convenience Stores,Grupo Hicorsa Artes Gráficas S.A.,Ps Gls Dis Grupo Hicorsa Artes Gráficas S.A.,"Calle de Goya, 43","Calle de Goya, 43, Galeria Comercial l160",8.48,58.18,85.33,True,True,False,True,True,False,Co-location,distance <= 15m and strong text match
774,1918,775,1919,Amazon,Dhl,Convenience Stores,Convenience Stores,La Capital Del Movil,La Capital Del Movil,"Calle del Gral. Pardiñas, 3","Calle del Gral. Pardiñas, 3",5.44,100.0,100.0,True,True,False,True,True,False,Co-location,distance <= 15m and strong text match
778,2050,779,2051,Amazon,Celeritas,Convenience Stores,Convenience Stores,World Tech Mobile,World Tech Mobile,"C. de Eugenio Salazar, 47","C. de Eugenio Salazar, 47",10.96,100.0,100.0,True,True,False,True,True,False,Co-location,distance <= 15m and strong text match
779,3176,780,3177,Amazon,Pudo,Locker,Click&Collect,Lockers Calabres,Mercado De Prosperidad,"C. de López de Hoyos, 81","C. de López de Hoyos, 81",3.06,100.0,26.32,True,True,False,False,True,False,Co-location,distance <= 5m
779,1329,780,1330,Amazon,SEUR,Locker,Locker,Lockers Calabres,Mercado Prosperidad,"C. de López de Hoyos, 81","C. de López de Hoyos, 81",12.15,100.0,28.57,True,True,False,True,True,False,Co-location,distance <= 15m and strong text match
784,1331,785,1332,Amazon,SEUR,Locker,Convenience Stores,Seur Vaspstore Prosperidad,Vapstore Prosperidad,"C/ de Sta Hortensia, 2","C/ de Sta Hortensia, 2",8.39,100.0,86.96,True,True,False,False,True,False,Co-location,distance <= 15m and strong text match
786,1328,787,1329,Amazon,SEUR,Convenience Stores,Convenience Stores,Ferretotal,Ferretotal,"C. de Mantuano, 9","C. de Mantuano, 9",9.78,100.0,100.0,True,True,False,True,True,False,Co-location,distance <= 15m and strong text match
786,2234,787,2235,Amazon,Ctt Express,Convenience Stores,Convenience Stores,Ferretotal,Ferretotal,"C. de Mantuano, 9","C. de Mantuano, 9, Local",12.18,83.33,100.0,True,True,False,True,True,False,Co-location,distance <= 15m and strong text match
786,788,787,789,Amazon,Amazon,Convenience Stores,Convenience Stores,Ferretotal,Seur Ferretotal,"C. de Mantuano, 9","C. de Mantuano, 9",14.18,100.0,80.0,True,True,True,True,True,True,Possible duplicate,distance <= 15m and strong text match
788,2234,789,2235,Amazon,Ctt Express,Convenience Stores,Convenience Stores,Seur Ferretotal,Ferretotal,"C. de Mantuano, 9","C. de Mantuano, 9, Local",3.63,83.33,80.0,True,True,False,True,True,False,Co-location,distance <= 5m
788,1328,789,1329,Amazon,SEUR,Convenience Stores,Convenience Stores,Seur Ferretotal,Ferretotal,"C. de Mantuano, 9","C. de Mantuano, 9",5.74,100.0,80.0,True,True,False,True,True,False,Co-location,distance <= 15m and strong text match
793,2233,794,2234,Amazon,Ctt Express,Convenience Stores,Convenience Stores,Emovigo,Emovigo,"C. de López de Hoyos, 196","C. de López de Hoyos, 196",11.84,100.0,100.0,True,True,False,True,True,False,Co-location,distance <= 15m and strong text match
794,2237,795,2238,Amazon,Ctt Express,Convenience Stores,Convenience Stores,Jose Locutorios,Jose Locutorios,"C. Luis Vives, 19","C. Luis Vives, 19, local d",3.27,78.95,100.0,True,True,False,True,True,False,Co-location,distance <= 5m
794,2235,795,2236,Amazon,Ctt Express,Convenience Stores,Convenience Stores,Jose Locutorios,Locutorio Prosperidad,"C. Luis Vives, 19","C. Luis Vives, 19, local izqdo",3.27,71.43,55.56,True,True,False,True,True,False,Co-location,distance <= 5m
795,2877,796,2878,Amazon,UPS,Convenience Stores,Convenience Stores,Seur - Achalay,Achalay,"C. de Alonso Cano, 81","C. de Alonso Cano, 81",2.52,100.0,73.68,True,True,False,True,True,False,Co-location,distance <= 5m
795,1345,796,1346,Amazon,SEUR,Convenience Stores,Convenience Stores,Seur - Achalay,Achalay,"C. de Alonso Cano, 81","C. de Alonso Cano, 81",8.52,100.0,73.68,True,True,False,True,True,False,Co-location,distance <= 15m and strong text match
798,2245,799,2246,Amazon,Ctt Express,Convenience Stores,Convenience Stores,Estanco 81,Estanco 81,"Calle de Bretón de los Herreros, 37","Calle de Bretón de los Herreros, 37",0.0,100.0,100.0,True,True,False,True,True,False,Co-location,distance <= 5m
812,1363,813,1364,Amazon,SEUR,Convenience Stores,Convenience Stores,Seur Estanco 149,Estanco 149,"P.o de Juan Antonio Vallejo-Nájera Botas, 50","P.o de Juan Antonio Vallejo-Nájera Botas, 50",6.28,100.0,81.48,True,True,False,True,True,False,Co-location,distance <= 15m and strong text match
817,818,818,819,Amazon,Amazon,Convenience Stores,Convenience Stores,Seur Prink Madrid Toledo,Prink Madrid 3,"C. de Toledo, 107","C. de Toledo, 107",0.0,100.0,68.42,True,True,True,True,True,True,Possible duplicate,distance <= 5m
822,2887,823,2888,Amazon,UPS,Convenience Stores,Convenience Stores,Estanco Melancólicos,Estanco Paseo Los Melancolicos,"P.o de los Melancólicos, 35","P.o de los Melancólicos, 35",7.83,100.0,80.0,True,True,False,True,True,False,Co-location,distance <= 15m and strong text match
825,3142,826,3143,Amazon,Pudo,Locker,Click&Collect,Lockers Arcarons,Parking Indigo María De Molina,"Calle de María de Molina, 48 - 50","Calle de María de Molina, 48-50",13.49,100.0,26.09,True,True,False,False,True,False,Co-location,distance <= 15m and strong text match
836,1406,837,1407,Amazon,SEUR,Convenience Stores,Convenience Stores,Amazon Counter - Sol Internacional,Sol Internacional,"C. de Granada, 46","C. de Granada, 46",5.28,100.0,69.39,True,True,False,True,True,False,Co-location,distance <= 15m and strong text match
836,2276,837,2277,Amazon,Ctt Express,Convenience Stores,Convenience Stores,Amazon Counter - Sol Internacional,Sol Internacional,"C. de Granada, 46","C. de Granada, 46",10.19,100.0,69.39,True,True,False,True,True,False,Co-location,distance <= 15m and strong text match
840,1411,841,1412,Amazon,SEUR,Locker,Convenience Stores,Amazon Locker - Timor,Estanco Tellez,"C. de Téllez, 19","C. de Téllez, 19",12.57,100.0,24.24,True,True,False,False,True,False,Co-location,distance <= 15m and strong text match
841,1400,842,1401,Amazon,SEUR,Convenience Stores,Convenience Stores,Seur - Estanco Conde De Casal,Estanco Conde De Casal,"C. del Dr. Esquerdo, 177","C. del Dr. Esquerdo, 177",2.72,100.0,89.8,True,True,False,True,True,False,Co-location,distance <= 5m
847,2898,848,2899,Amazon,UPS,Convenience Stores,Convenience Stores,Amazon Counter - Deportes Princesa,Kanguro Deportes Princesa,"Calle de la Princesa, 72","Calle de la Princesa, 72",2.82,100.0,70.18,True,True,False,True,True,False,Co-location,distance <= 5m
851,1418,852,1419,Amazon,SEUR,Convenience Stores,Convenience Stores,Seur - Estanco 804,Estanco 804,"C. de Romero Robledo, 9","C. de Romero Robledo, 9",11.53,100.0,81.48,True,True,False,True,True,False,Co-location,distance <= 15m and strong text match
851,1419,852,1420,Amazon,SEUR,Convenience Stores,Locker,Seur - Estanco 804,Seur Lockers Parking Bolto,"C. de Romero Robledo, 9","C. de Romero Robledo, 9",11.53,100.0,42.86,True,True,False,False,True,False,Co-location,distance <= 15m and strong text match
865,2789,866,2790,Amazon,Nacex,Convenience Stores,Convenience Stores,Seur - Locutorio Mila,Locutorio Mila (2853-20),"C. del Cardenal Cisneros, 64","C. del Cardenal Cisneros, 64",0.23,100.0,68.29,True,True,False,True,True,False,Co-location,distance <= 5m
865,2654,866,2655,Amazon,Gls,Convenience Stores,Convenience Stores,Seur - Locutorio Mila,Ps Locutorio Mila Nuevo,"C. del Cardenal Cisneros, 64","C. del Cardenal Cisneros, 64",1.06,100.0,76.19,True,True,False,True,True,False,Co-location,distance <= 5m
865,2297,866,2298,Amazon,Ctt Express,Convenience Stores,Convenience Stores,Seur - Locutorio Mila,Locutorio Mila,"C. del Cardenal Cisneros, 64","C. del Cardenal Cisneros, 64",2.0,100.0,84.85,True,True,False,True,True,False,Co-location,distance <= 5m
865,2075,866,2076,Amazon,Celeritas,Convenience Stores,Convenience Stores,Seur - Locutorio Mila,Locutorio Mila,"C. del Cardenal Cisneros, 64","C. del Cardenal Cisneros, 64",3.3,100.0,84.85,True,True,False,True,True,False,Co-location,distance <= 5m
865,2302,866,2303,Amazon,Ctt Express,Convenience Stores,Convenience Stores,Seur - Locutorio Mila,Locutorio Mila,"C. del Cardenal Cisneros, 64","C. del Cardenal Cisneros, 64",6.32,100.0,84.85,True,True,False,True,True,False,Co-location,distance <= 15m and strong text match
865,1436,866,1437,Amazon,SEUR,Convenience Stores,Convenience Stores,Seur - Locutorio Mila,Locutorio Mila,"C. del Cardenal Cisneros, 64","C. del Cardenal Cisneros, 64",7.75,100.0,84.85,True,True,False,True,True,False,Co-location,distance <= 15m and strong text match
866,2301,867,2302,Amazon,Ctt Express,Convenience Stores,Convenience Stores,Seur - Alimentacion Casa Julian,Casa Julian,"C. del Cardenal Cisneros, 9","C. del Cardenal Cisneros, 9",6.3,100.0,55.0,True,True,False,True,True,False,Co-location,distance <= 15m and strong text match
870,2834,871,2835,Amazon,Nacex,Convenience Stores,Convenience Stores,Amazon Counter - Candy Fiesta,Candy Fiesta (2886-16),"P.o de Extremadura, 200","P.o de Extremadura, 200",6.0,100.0,51.06,True,True,False,True,True,False,Co-location,distance <= 15m and strong text match
870,1441,871,1442,Amazon,SEUR,Convenience Stores,Convenience Stores,Amazon Counter - Candy Fiesta,Candy Fiesta,"P.o de Extremadura, 200","P.o de Extremadura, 200",9.79,100.0,61.54,True,True,False,True,True,False,Co-location,distance <= 15m and strong text match
874,1443,875,1444,Amazon,SEUR,Convenience Stores,Convenience Stores,Seur - Mundo Movil 2,Mundo Movil 2,"C. de Cebreros, 12","C. de Cebreros, 12",5.29,100.0,83.87,True,True,False,True,True,False,Co-location,distance <= 15m and strong text match
875,1440,876,1441,Amazon,SEUR,Convenience Stores,Convenience Stores,Amazon Counter - Chollo De Batán,El Chollo De Batan,"C. de Villamanín, 46","C. de Villamanín, 46",6.95,100.0,70.83,True,True,False,True,True,False,Co-location,distance <= 15m and strong text match
877,1458,878,1459,Amazon,SEUR,Convenience Stores,Convenience Stores,Seur Pisamorena De Jq,Pisamorena De Jq,"Cl. de Alonso del Barco, 3","Cl. de Alonso del Barco, 3",4.54,100.0,86.49,True,True,False,True,True,False,Co-location,distance <= 5m
882,883,883,884,Amazon,Amazon,Convenience Stores,Locker,Correos - Madrid Suc 7. Embajadores,Citypaq Lockers-Correos Madrid Suc 7. Embajadores,"C. de Palos de la Frontera, 6","C. de Palos de la Frontera, 6",8.56,100.0,80.0,True,True,True,False,True,False,Multi-service same company,distance <= 15m and strong text match
885,1457,886,1458,Amazon,SEUR,Convenience Stores,Convenience Stores,Seur - Phonelectric,Phonelectric,"Rda. de Atocha, 26","Rda. de Atocha, 26",9.66,100.0,82.76,True,True,False,True,True,False,Co-location,distance <= 15m and strong text match
898,899,899,900,Amazon,Amazon,Locker,Locker,Citypaq Lockers-Correos Madrid Op,Correos - Madrid Op,"P.o del Prado, 1","P.o del Prado, 1",3.7,100.0,68.0,True,True,True,True,True,True,Possible duplicate,distance <= 5m
900,2329,901,2330,Amazon,Ctt Express,Convenience Stores,Convenience Stores,Amazon Counter - Tahrim Telecom.,Tahrim Telecom.,"C. de Jesús, 7","C. de Jesús, 7",10.09,100.0,65.12,True,True,False,True,True,False,Co-location,distance <= 15m and strong text match
901,2665,902,2666,Amazon,Gls,Convenience Stores,Convenience Stores,Pc Factory Computer,Ps Pc Factory Computer,"C. de Gaztambide, 26, Local L 40","C. de Gaztambide, 26",14.36,76.6,92.68,True,True,False,True,True,False,Co-location,distance <= 15m and strong text match
902,904,903,905,Amazon,Amazon,Convenience Stores,Convenience Stores,Wifi Locutorio.,Imovil-Fix,"Calle GASTAMBIDE, 36","C. de Gaztambide, 36",7.49,81.08,25.0,True,True,True,True,True,True,Possible duplicate,distance <= 15m and strong text match
907,1476,908,1477,Amazon,SEUR,Convenience Stores,Convenience Stores,Dgv Soluciones,Dgv Soluciones,"C. de Fernando el Católico, 80","C. de Fernando el Católico, 80",2.03,100.0,100.0,True,True,False,True,True,False,Co-location,distance <= 5m
907,910,908,911,Amazon,Amazon,Convenience Stores,Convenience Stores,Dgv Soluciones,Seur - Dgv Soluciones,"C. de Fernando el Católico, 80","C. de Fernando el Católico, 80",7.59,100.0,84.85,True,True,True,True,True,True,Possible duplicate,distance <= 15m and strong text match
910,1476,911,1477,Amazon,SEUR,Convenience Stores,Convenience Stores,Seur - Dgv Soluciones,Dgv Soluciones,"C. de Fernando el Católico, 80","C. de Fernando el Católico, 80",5.58,100.0,84.85,True,True,False,True,True,False,Co-location,distance <= 15m and strong text match
911,2664,912,2665,Amazon,Gls,Convenience Stores,Convenience Stores,Amazon Counter - Don Lector,Ps Don Lector,"C. de Fernández de los Ríos, 60","C. de Fernández de los Ríos, 60",6.93,100.0,57.89,True,True,False,True,True,False,Co-location,distance <= 15m and strong text match
911,2084,912,2085,Amazon,Celeritas,Convenience Stores,Convenience Stores,Amazon Counter - Don Lector,Don Lector,"C. de Fernández de los Ríos, 60","C. de Fernández de los Ríos, 60",10.68,100.0,57.14,True,True,False,True,True,False,Co-location,distance <= 15m and strong text match
915,1473,916,1474,Amazon,SEUR,Convenience Stores,Convenience Stores,Amazon Counter - Space Mobil,Space Mobil,"C. de Rodríguez San Pedro, 49","C. de Rodríguez San Pedro, 49",2.29,100.0,59.46,True,True,False,True,True,False,Co-location,distance <= 5m
915,2340,916,2341,Amazon,Ctt Express,Convenience Stores,Convenience Stores,Amazon Counter - Space Mobil,Space Mobil,"C. de Rodríguez San Pedro, 49","C. de Rodríguez San Pedro, 49",6.01,100.0,59.46,True,True,False,True,True,False,Co-location,distance <= 15m and strong text match
915,917,916,918,Amazon,Amazon,Convenience Stores,Convenience Stores,Amazon Counter - Space Mobil,Seur - Space Mobil,"C. de Rodríguez San Pedro, 49","C. de Rodríguez San Pedro, 49",6.89,100.0,66.67,True,True,True,True,True,True,Possible duplicate,distance <= 15m and strong text match
917,2340,918,2341,Amazon,Ctt Express,Convenience Stores,Convenience Stores,Seur - Space Mobil,Space Mobil,"C. de Rodríguez San Pedro, 49","C. de Rodríguez San Pedro, 49",5.38,100.0,81.48,True,True,False,True,True,False,Co-location,distance <= 15m and strong text match
917,1473,918,1474,Amazon,SEUR,Convenience Stores,Convenience Stores,Seur - Space Mobil,Space Mobil,"C. de Rodríguez San Pedro, 49","C. de Rodríguez San Pedro, 49",5.41,100.0,81.48,True,True,False,True,True,False,Co-location,distance <= 15m and strong text match
919,920,920,921,Amazon,Amazon,Locker,Convenience Stores,Lockers Correos Madrid Sucursal 19,Correos Madrid Sucursal 19,"C. de Chile, 4","C. de Chile, 4",0.0,100.0,86.67,True,True,True,False,True,False,Multi-service same company,distance <= 5m
922,924,923,925,Amazon,Amazon,Convenience Stores,Convenience Stores,Vanse Artesanos Gourmet,Amazon Counter - Vanse Artesanos Gourmet,"C. de Colombia, 16","C. de Colombia, 16",2.57,100.0,75.41,True,True,True,True,True,True,Possible duplicate,distance <= 5m
923,2085,924,2086,Amazon,Celeritas,Convenience Stores,Convenience Stores,Seur Expendeduria 401,Estanco Moncloa,"C. de Víctor Andrés Belaunde, 2","C. de Víctor Andrés Belaunde, 2",6.61,100.0,22.22,True,True,False,True,True,False,Co-location,distance <= 15m and strong text match
923,2087,924,2088,Amazon,Celeritas,Convenience Stores,Convenience Stores,Seur Expendeduria 401,Estanco 401,"C. de Víctor Andrés Belaunde, 2","C. de Víctor Andrés Belaunde, 2",6.61,100.0,37.5,True,True,False,True,True,False,Co-location,distance <= 15m and strong text match
925,926,926,927,Amazon,Amazon,Convenience Stores,Convenience Stores,Estanco Bernabéu - Paseo Habana,Amazon Counter - Estanco Bernabéu - Paseo Habana,"C. de la Infanta María Teresa, 8","C. de la Infanta María Teresa, 8",5.53,100.0,79.45,True,True,True,True,True,True,Possible duplicate,distance <= 15m and strong text match
925,2088,926,2089,Amazon,Celeritas,Convenience Stores,Convenience Stores,Estanco Bernabéu - Paseo Habana,Expendeduria 869,"C. de la Infanta María Teresa, 8","C. de la Infanta María Teresa, 8",6.61,100.0,13.33,True,True,False,True,True,False,Co-location,distance <= 15m and strong text match
925,929,926,930,Amazon,Amazon,Convenience Stores,Convenience Stores,Estanco Bernabéu - Paseo Habana,Seur Estanco 869,"C. de la Infanta María Teresa, 8","C. de la Infanta María Teresa, 8",11.48,100.0,35.56,True,True,True,True,True,True,Possible duplicate,distance <= 15m and strong text match
925,2922,926,2923,Amazon,UPS,Convenience Stores,Convenience Stores,Estanco Bernabéu - Paseo Habana,Estanco 869 Madrid,"C. de la Infanta María Teresa, 8","C. de la Infanta María Teresa, 8",12.58,100.0,38.3,True,True,False,True,True,False,Co-location,distance <= 15m and strong text match
926,2088,927,2089,Amazon,Celeritas,Convenience Stores,Convenience Stores,Amazon Counter - Estanco Bernabéu - Paseo Habana,Expendeduria 869,"C. de la Infanta María Teresa, 8","C. de la Infanta María Teresa, 8",1.62,100.0,6.67,True,True,False,True,True,False,Co-location,distance <= 5m
926,929,927,930,Amazon,Amazon,Convenience Stores,Convenience Stores,Amazon Counter - Estanco Bernabéu - Paseo Habana,Seur Estanco 869,"C. de la Infanta María Teresa, 8","C. de la Infanta María Teresa, 8",6.26,100.0,36.67,True,True,True,True,True,True,Possible duplicate,distance <= 15m and strong text match
926,2922,927,2923,Amazon,UPS,Convenience Stores,Convenience Stores,Amazon Counter - Estanco Bernabéu - Paseo Habana,Estanco 869 Madrid,"C. de la Infanta María Teresa, 8","C. de la Infanta María Teresa, 8",7.65,100.0,29.03,True,True,False,True,True,False,Co-location,distance <= 15m and strong text match
929,2922,930,2923,Amazon,UPS,Convenience Stores,Convenience Stores,Seur Estanco 869,Estanco 869 Madrid,"C. de la Infanta María Teresa, 8","C. de la Infanta María Teresa, 8",1.78,100.0,64.71,True,True,False,True,True,False,Co-location,distance <= 5m
929,2088,930,2089,Amazon,Celeritas,Convenience Stores,Convenience Stores,Seur Estanco 869,Expendeduria 869,"C. de la Infanta María Teresa, 8","C. de la Infanta María Teresa, 8",4.89,100.0,50.0,True,True,False,True,True,False,Co-location,distance <= 5m
929,1488,930,1489,Amazon,SEUR,Convenience Stores,Convenience Stores,Seur Estanco 869,Estanco 869 Madrid,"C. de la Infanta María Teresa, 8","C. de la Infanta María Teresa, 8",11.23,100.0,64.71,True,True,False,True,True,False,Co-location,distance <= 15m and strong text match
929,1954,930,1955,Amazon,Dhl,Convenience Stores,Convenience Stores,Seur Estanco 869,Estanco 869 Madrid,"C. de la Infanta María Teresa, 8","C. de la Infanta María Teresa, 8",14.7,100.0,64.71,True,True,False,True,True,False,Co-location,distance <= 15m and strong text match
932,2345,933,2346,Amazon,Ctt Express,Convenience Stores,Convenience Stores,Amazon Counter - Alimentacion Xiaofen,Alimentacion Xiaofen,"Av. de Alfonso XIII, 145","Av. de Alfonso XIII, 145",11.18,100.0,72.73,True,True,False,True,True,False,Co-location,distance <= 15m and strong text match
935,1491,936,1492,Amazon,SEUR,Convenience Stores,Convenience Stores,Seur - Fiesta Lovers,Fiesta Lovers,"C. de Santurce, 8","C. de Santurce, 8",7.08,100.0,83.87,True,True,False,True,True,False,Co-location,distance <= 15m and strong text match
941,2351,942,2352,Amazon,Ctt Express,Convenience Stores,Convenience Stores,Amazon Counter - Tecno Cell,Tecno Cell,"C. de Ezequiel Solana, 100","C. de Ezequiel Solana, 100",6.91,100.0,57.14,True,True,False,True,True,False,Co-location,distance <= 15m and strong text match
942,2350,943,2351,Amazon,Ctt Express,Convenience Stores,Convenience Stores,Amazon Counter - La Clinica Del Movil,La Clinica Del Movil,"C. de Gutierre de Cetina, 78, LOCAL 2","C. de Gutierre de Cetina, 78",3.71,86.67,72.73,True,True,False,True,True,False,Co-location,distance <= 5m
943,1495,944,1496,Amazon,SEUR,Convenience Stores,Convenience Stores,Seur - Autoescuela Villajimena,Autoescuela Villajimena,"C. de Fco. Villaespesa, 10","C. de Fco. Villaespesa, 10",4.61,100.0,90.2,True,True,False,True,True,False,Co-location,distance <= 5m
946,1493,947,1494,Amazon,SEUR,Convenience Stores,Convenience Stores,Seur - Papeleria Libreria Adelfa,Papeleria Libreria Adelfa,"C. del Poeta Blas de Otero, 32","C. del Poeta Blas de Otero, 32",6.5,100.0,90.91,True,True,False,True,True,False,Co-location,distance <= 15m and strong text match
946,2096,947,2097,Amazon,Celeritas,Convenience Stores,Convenience Stores,Seur - Papeleria Libreria Adelfa,"Prensa,Papeleria Y Fotocopias","C. del Poeta Blas de Otero, 32","C. del Poeta Blas de Otero, 32",9.48,100.0,47.46,True,True,False,True,True,False,Co-location,distance <= 15m and strong text match
949,1518,950,1519,Amazon,SEUR,Convenience Stores,Convenience Stores,Seur - Contrasenya Pc,Contraseña Pc,"Av. de Rafael Alberti, 28","Av. de Rafael Alberti, 28",7.22,100.0,81.25,True,True,False,True,True,False,Co-location,distance <= 15m and strong text match
952,1509,953,1510,Amazon,SEUR,Convenience Stores,Convenience Stores,Seur - Maturana Decorhogar,Maturana Decorhogar,"Av. de Palomeras, 129","Av. de Palomeras, 129",3.26,100.0,88.37,True,True,False,True,True,False,Co-location,distance <= 5m
953,1511,954,1512,Amazon,SEUR,Convenience Stores,Convenience Stores,Seur - Zeta Home,Zeta Homezeta Home,"Av. de Pablo Neruda, 59","Av. de Pablo Neruda, 59",4.57,100.0,56.25,True,True,False,True,True,False,Co-location,distance <= 5m
959,2824,960,2825,Amazon,Nacex,Convenience Stores,Convenience Stores,Amazon Counter - Estanco Valle De Oro,Estanco Valle De Oro (2883-09),"C. Juan Francisco, 1","C. Juan Francisco, 1",11.85,100.0,63.49,True,True,False,True,True,False,Co-location,distance <= 15m and strong text match
959,2714,960,2715,Amazon,Gls,Convenience Stores,Convenience Stores,Amazon Counter - Estanco Valle De Oro,Ps Estanco Valle De Oro,"C. Juan Francisco, 1",Calle Juan Francisco 1,12.13,90.0,72.41,True,True,False,True,True,False,Co-location,distance <= 15m and strong text match
963,1520,964,1521,Amazon,SEUR,Convenience Stores,Convenience Stores,Seur - Saneamientos Palomo Fonta,Saneamientos Palomo Fonta,"C. del Camino Viejo de Leganés, 47","C. del Camino Viejo de Leganés, 47",1.82,100.0,90.91,True,True,False,True,True,False,Co-location,distance <= 5m
964,2941,965,2942,Amazon,UPS,Convenience Stores,Convenience Stores,Amazon Counter - Estanco Nieves,Fnx-Estanco San Patricio,"C. San Patricio, 6","C. San Patricio, 6",13.69,100.0,45.28,True,True,False,True,True,False,Co-location,distance <= 15m and strong text match
971,3152,972,3153,Amazon,Pudo,Locker,Click&Collect,Lockers Cadascuna,Parking Indigo Orense,"C. de Orense, 50","C. de Orense, 50",14.99,100.0,15.79,True,True,False,False,True,False,Co-location,distance <= 15m and strong text match
973,975,974,976,Amazon,Amazon,Locker,Locker,Lockers Correos Madrid Sucursal 36 Juli,Lockers Correos Madrid Sucursal 36,"C. de Orense, 55","C. de Orense, 55",0.0,100.0,93.15,True,True,True,True,True,True,Possible duplicate,distance <= 5m
973,974,974,975,Amazon,Amazon,Locker,Convenience Stores,Lockers Correos Madrid Sucursal 36 Juli,Correos Madrid Sucursal 36,"C. de Orense, 55","Julian Besteiro S/n Esquina San Germán Madrid Suc. 36, C. de Orense",14.2,28.21,80.0,True,False,True,False,True,False,Multi-service same company,distance <= 15m and strong text match
974,975,975,976,Amazon,Amazon,Convenience Stores,Locker,Correos Madrid Sucursal 36,Lockers Correos Madrid Sucursal 36,"Julian Besteiro S/n Esquina San Germán Madrid Suc. 36, C. de Orense","C. de Orense, 55",14.2,28.21,86.67,True,False,True,False,True,False,Multi-service same company,distance <= 15m and strong text match
979,1539,980,1540,Amazon,SEUR,Convenience Stores,Lsp Pudos,Tienda Seur Punto Orense,Punto Orense,"C. de Orense, 28","C. de Orense, 28",12.84,100.0,66.67,True,True,False,False,True,False,Co-location,distance <= 15m and strong text match
982,983,983,984,Amazon,Amazon,Convenience Stores,Convenience Stores,Seur Locutorio San German,Amazon Counter - Locutorio San German,"C. de San Germán, 49C","C. de San Germán, 49",7.74,97.3,76.67,False,False,True,True,True,True,Possible duplicate,distance <= 15m and strong text match
982,1537,983,1538,Amazon,SEUR,Convenience Stores,Convenience Stores,Seur Locutorio San German,Locutorio San German,"C. de San Germán, 49C","C. de San Germán, 49",14.64,97.3,88.89,False,False,False,True,True,False,Co-location,distance <= 15m and strong text match
986,2379,987,2380,Amazon,Ctt Express,Convenience Stores,Convenience Stores,Amazon Counter - Alimentación Bazar,Estanco Infanta Mercedes 70,"C. de la Infanta Mercedes, 70","C. de la Infanta Mercedes, 70",4.3,100.0,36.67,True,True,False,True,True,False,Co-location,distance <= 5m
986,2116,987,2117,Amazon,Celeritas,Convenience Stores,Convenience Stores,Amazon Counter - Alimentación Bazar,Estanco Infanta Mercedes 70,"C. de la Infanta Mercedes, 70","C. de la Infanta Mercedes, 70",9.13,100.0,36.67,True,True,False,True,True,False,Co-location,distance <= 15m and strong text match
988,2960,989,2961,Amazon,UPS,Convenience Stores,Convenience Stores,Amazon Counter - Parada Amarilla Rocafort,Locutorio Pago Pronto,"C. de Rocafort, 22","C. de Rocafort, 22",9.18,100.0,36.67,True,True,False,True,True,False,Co-location,distance <= 15m and strong text match
993,1561,994,1562,Amazon,SEUR,Convenience Stores,Convenience Stores,Amazon Counter - Locutorio Zulema,Locutorio Zulema,"C. de Juan José Martínez Seco, 82","C. de Juan José Martínez Seco, 82",11.07,100.0,68.09,True,True,False,True,True,False,Co-location,distance <= 15m and strong text match
996,2386,997,2387,Amazon,Ctt Express,Convenience Stores,Convenience Stores,Amazon Counter - Papeleria Del Pino,"Papeleria Del Pino, Regalos Y Loteria","C. de José del Pino, 80","C. de José del Pino, 80",2.87,100.0,52.17,True,True,False,True,True,False,Co-location,distance <= 5m
996,2119,997,2120,Amazon,Celeritas,Convenience Stores,Convenience Stores,Amazon Counter - Papeleria Del Pino,"Papeleria Del Pino, Regalos Y Loteria","C. de José del Pino, 80","C. de José del Pino, 80",10.88,100.0,52.17,True,True,False,True,True,False,Co-location,distance <= 15m and strong text match
997,2390,998,2391,Amazon,Ctt Express,Convenience Stores,Convenience Stores,Amazon Counter - Papeleria Y Libreria Arcoiris,Papeleria Y Libreria Arcoiris,"C. de Juan José Martínez Seco, 68","C. de Juan José Martínez Seco, 68",7.69,100.0,79.45,True,True,False,True,True,False,Co-location,distance <= 15m and strong text match
997,2122,998,2123,Amazon,Celeritas,Convenience Stores,Convenience Stores,Amazon Counter - Papeleria Y Libreria Arcoiris,Papeleria Libreria Arcoiris,"C. de Juan José Martínez Seco, 68","C. de Juan José Martínez Seco, 68",8.36,100.0,76.06,True,True,False,True,True,False,Co-location,distance <= 15m and strong text match
1002,2131,1003,2132,Amazon,Celeritas,Locker,Convenience Stores,Amazon Locker - Lima Lanaderia,Peluqueria Almudena,"C. de San Mariano, 33","C. de San Mariano, 33",2.04,100.0,21.28,True,True,False,False,True,False,Co-location,distance <= 5m
1002,2397,1003,2398,Amazon,Ctt Express,Locker,Convenience Stores,Amazon Locker - Lima Lanaderia,Peluqueria Almudena,"C. de San Mariano, 33","C. de San Mariano, 33",6.34,100.0,21.28,True,True,False,False,True,False,Co-location,distance <= 15m and strong text match
1003,1006,1004,1007,Amazon,Amazon,Convenience Stores,Convenience Stores,Amazon Counter - Global Locutorio,Amazon Counter - Estrella Envios,"C. de Torre Arias, 8","C. de Torre Arias, 8",2.04,100.0,65.57,True,True,True,True,True,True,Possible duplicate,distance <= 5m
1009,1568,1010,1569,Amazon,SEUR,Convenience Stores,Convenience Stores,Seur - Herbolario Jupa San Maria,Herbolario Jupa San Maria,"C. de San Mariano, 44","C. de San Mariano, 44",6.35,100.0,90.91,True,True,False,True,True,False,Co-location,distance <= 15m and strong text match
1011,2400,1012,2401,Amazon,Ctt Express,Convenience Stores,Convenience Stores,Seur - Rmc Servicios,Rmc Servicios,"C. de Nicolasa Gómez, 72","C. de Nicolasa Gómez, 72",7.48,100.0,83.87,True,True,False,True,True,False,Co-location,distance <= 15m and strong text match
1011,2968,1012,2969,Amazon,UPS,Convenience Stores,Convenience Stores,Seur - Rmc Servicios,3d Distribución Documental,"C. de Nicolasa Gómez, 72","C. de Nicolasa Gómez, 72",9.06,100.0,22.73,True,True,False,True,True,False,Co-location,distance <= 15m and strong text match
1012,2404,1013,2405,Amazon,Ctt Express,Convenience Stores,Convenience Stores,Amazon Counter - Multiservicios A Y J,Multiservicios A Y J,"C. de Alcalá, 644","C. de Alcalá, 644",4.9,100.0,72.73,True,True,False,True,True,False,Co-location,distance <= 5m
1013,1968,1014,1969,Amazon,Dhl,Convenience Stores,Convenience Stores,Amazon Counter - Golden Express Alcala,Remesas Golden Express,"C. de Alcalá, 662","C. de Alcalá, 662",0.91,100.0,55.17,True,True,False,True,True,False,Co-location,distance <= 5m
1014,2133,1015,2134,Amazon,Celeritas,Convenience Stores,Convenience Stores,Amazon Counter - New Mascota Canillejas,New Mascota Canillejas,"C/ de Boltaña, 59","C/ de Boltaña, 59",2.81,100.0,74.58,True,True,False,True,True,False,Co-location,distance <= 5m
1014,1566,1015,1567,Amazon,SEUR,Convenience Stores,Convenience Stores,Amazon Counter - New Mascota Canillejas,New Mascota Canillejas,"C/ de Boltaña, 59","C/ de Boltaña, 59",10.9,100.0,74.58,True,True,False,True,True,False,Co-location,distance <= 15m and strong text match
1015,1017,1016,1018,Amazon,Amazon,Locker,Locker,Correos - Madrid Suc 33. Aravaca,Citypaq Lockers-Correos Madrid Suc 33. Aravaca,"C. de Caroli, 10","C. de Caroli, 10",7.1,100.0,78.38,True,True,True,True,True,True,Possible duplicate,distance <= 15m and strong text match
1016,2406,1017,2407,Amazon,Ctt Express,Convenience Stores,Convenience Stores,Amazon Counter - Locutorio El Profe,Locutorio El Profe,"C. de Caroli, 14","C. de Caroli, 14",6.87,100.0,70.59,True,True,False,True,True,False,Co-location,distance <= 15m and strong text match
1020,1576,1021,1577,Amazon,SEUR,Locker,Locker,Amazon Locker - Vanesa Cc,Seur Locker Sexta Avenida,"Av. de la Victoria, 2","Av. de la Victoria, 2",13.68,100.0,45.83,True,True,False,True,True,False,Co-location,distance <= 15m and strong text match
1022,2134,1023,2135,Amazon,Celeritas,Locker,Convenience Stores,Citypaq Lockers-Cc Lanceros,Cafeteria Beverly-Beer,"P.o de los Lanceros, 2","P.o de los Lanceros, 2",4.77,100.0,28.57,True,True,False,False,True,False,Co-location,distance <= 5m
1022,1024,1023,1025,Amazon,Amazon,Locker,Convenience Stores,Citypaq Lockers-Cc Lanceros,Amazon Counter - Beverly,"P.o de los Lanceros, 2","P.o de los Lanceros, 2",6.4,100.0,28.57,True,True,True,False,True,False,Multi-service same company,distance <= 15m and strong text match
1022,2412,1023,2413,Amazon,Ctt Express,Locker,Convenience Stores,Citypaq Lockers-Cc Lanceros,Beverly,"P.o de los Lanceros, 2","P.o de los Lanceros, 2",6.5,100.0,17.65,True,True,False,False,True,False,Co-location,distance <= 15m and strong text match
1022,2973,1023,2974,Amazon,UPS,Locker,Convenience Stores,Citypaq Lockers-Cc Lanceros,Beverly Beer,"P.o de los Lanceros, 2","P.o de los Lanceros, 2",8.91,100.0,25.64,True,True,False,False,True,False,Co-location,distance <= 15m and strong text match
1024,2134,1025,2135,Amazon,Celeritas,Convenience Stores,Convenience Stores,Amazon Counter - Beverly,Cafeteria Beverly-Beer,"P.o de los Lanceros, 2","P.o de los Lanceros, 2",2.29,100.0,54.55,True,True,False,True,True,False,Co-location,distance <= 5m
1024,2973,1025,2974,Amazon,UPS,Convenience Stores,Convenience Stores,Amazon Counter - Beverly,Beverly Beer,"P.o de los Lanceros, 2","P.o de los Lanceros, 2",3.74,100.0,41.18,True,True,False,True,True,False,Co-location,distance <= 5m
1024,2412,1025,2413,Amazon,Ctt Express,Convenience Stores,Convenience Stores,Amazon Counter - Beverly,Beverly,"P.o de los Lanceros, 2","P.o de los Lanceros, 2",4.36,100.0,48.28,True,True,False,True,True,False,Co-location,distance <= 5m
1027,2974,1028,2975,Amazon,UPS,Convenience Stores,Convenience Stores,Seur - Bazar El Parque,Bazar El Parque,"C. de Fuente de Lima, 5","C. de Fuente de Lima, 5",0.05,100.0,85.71,True,True,False,True,True,False,Co-location,distance <= 5m
1027,1577,1028,1578,Amazon,SEUR,Convenience Stores,Convenience Stores,Seur - Bazar El Parque,Bazar El Parque,"C. de Fuente de Lima, 5","C. de Fuente de Lima, 5",0.96,100.0,85.71,True,True,False,True,True,False,Co-location,distance <= 5m
1027,2411,1028,2412,Amazon,Ctt Express,Convenience Stores,Convenience Stores,Seur - Bazar El Parque,Bazar El Parque,"C. de Fuente de Lima, 5","C. de Fuente de Lima, 5",5.39,100.0,85.71,True,True,False,True,True,False,Co-location,distance <= 15m and strong text match
1027,2135,1028,2136,Amazon,Celeritas,Convenience Stores,Convenience Stores,Seur - Bazar El Parque,Bazar El Parque,"C. de Fuente de Lima, 5","C. de Fuente de Lima, 5",7.95,100.0,85.71,True,True,False,True,True,False,Co-location,distance <= 15m and strong text match
1029,1030,1030,1031,Amazon,Amazon,Locker,Locker,Correos - Madrid Suc 93. Vista Alegre,Citypaq Lockers-Correos Madrid Suc 93. Vista Alegr,"C. Hermanas Alonso Barceló, 7","C. Hermanas Alonso Barceló, 7",0.0,100.0,79.52,True,True,True,True,True,True,Possible duplicate,distance <= 5m
1031,2980,1032,2981,Amazon,UPS,Convenience Stores,Convenience Stores,Amazon Counter - Locutorio Bala,Expendeduria 574,"Calle del Gral. Ricardos, 244","Calle del Gral. Ricardos, 244",1.33,100.0,22.22,True,True,False,True,True,False,Co-location,distance <= 5m
1031,1589,1032,1590,Amazon,SEUR,Convenience Stores,Convenience Stores,Amazon Counter - Locutorio Bala,Expendeduria 574,"Calle del Gral. Ricardos, 244","Calle del Gral. Ricardos, 244",1.81,100.0,22.22,True,True,False,True,True,False,Co-location,distance <= 5m
1031,2137,1032,2138,Amazon,Celeritas,Convenience Stores,Convenience Stores,Amazon Counter - Locutorio Bala,Expendiduria 574,"Calle del Gral. Ricardos, 244","Calle del Gral. Ricardos, 244",2.63,100.0,22.22,True,True,False,True,True,False,Co-location,distance <= 5m
1031,1038,1032,1039,Amazon,Amazon,Convenience Stores,Convenience Stores,Amazon Counter - Locutorio Bala,Seur - Expendeduria 574,"Calle del Gral. Ricardos, 244","Calle del Gral. Ricardos, 244",3.24,100.0,28.0,True,True,True,True,True,True,Possible duplicate,distance <= 5m
1031,2418,1032,2419,Amazon,Ctt Express,Convenience Stores,Convenience Stores,Amazon Counter - Locutorio Bala,Expendiduria 574,"Calle del Gral. Ricardos, 244","Calle del Gral. Ricardos, 244",3.74,100.0,22.22,True,True,False,True,True,False,Co-location,distance <= 5m
1031,1032,1032,1033,Amazon,Amazon,Convenience Stores,Convenience Stores,Amazon Counter - Locutorio Bala,Amazon Counter - Expendeduria 574,"Calle del Gral. Ricardos, 244","Calle del Gral. Ricardos, 244",6.91,100.0,63.33,True,True,True,True,True,True,Possible duplicate,distance <= 15m and strong text match
1032,1589,1033,1590,Amazon,SEUR,Convenience Stores,Convenience Stores,Amazon Counter - Expendeduria 574,Expendeduria 574,"Calle del Gral. Ricardos, 244","Calle del Gral. Ricardos, 244",5.64,100.0,68.09,True,True,False,True,True,False,Co-location,distance <= 15m and strong text match
1032,2980,1033,2981,Amazon,UPS,Convenience Stores,Convenience Stores,Amazon Counter - Expendeduria 574,Expendeduria 574,"Calle del Gral. Ricardos, 244","Calle del Gral. Ricardos, 244",6.93,100.0,68.09,True,True,False,True,True,False,Co-location,distance <= 15m and strong text match
1032,2137,1033,2138,Amazon,Celeritas,Convenience Stores,Convenience Stores,Amazon Counter - Expendeduria 574,Expendiduria 574,"Calle del Gral. Ricardos, 244","Calle del Gral. Ricardos, 244",7.15,100.0,63.83,True,True,False,True,True,False,Co-location,distance <= 15m and strong text match
1032,1038,1033,1039,Amazon,Amazon,Convenience Stores,Convenience Stores,Amazon Counter - Expendeduria 574,Seur - Expendeduria 574,"Calle del Gral. Ricardos, 244","Calle del Gral. Ricardos, 244",8.52,100.0,73.08,True,True,True,True,True,True,Possible duplicate,distance <= 15m and strong text match
1032,2418,1033,2419,Amazon,Ctt Express,Convenience Stores,Convenience Stores,Amazon Counter - Expendeduria 574,Expendiduria 574,"Calle del Gral. Ricardos, 244","Calle del Gral. Ricardos, 244",9.1,100.0,63.83,True,True,False,True,True,False,Co-location,distance <= 15m and strong text match
1033,2715,1034,2716,Amazon,Gls,Locker,Convenience Stores,Amazon Locker - Estambul Estanco,Ps Fix Mi Movil,"P.o de Marcelino Camacho, 29",Paseo de Marcelino Camacho 29,5.0,92.86,13.33,True,True,False,False,True,False,Co-location,distance <= 15m and strong text match
1033,1041,1034,1042,Amazon,Amazon,Locker,Convenience Stores,Amazon Locker - Estambul Estanco,Amazon Counter - Fix Mi Movil,"P.o de Marcelino Camacho, 29","P.o de Marcelino Camacho, 29",7.42,100.0,45.61,True,True,True,False,True,False,Multi-service same company,distance <= 15m and strong text match
1034,1037,1035,1038,Amazon,Amazon,Convenience Stores,Convenience Stores,Amazon Counter - Yp Belleza Y Glamur,Amazon Counter - Super Mercado La Laguna,"C. de la Laguna, 74","C. de la Laguna, 74",2.28,100.0,66.67,True,True,True,True,True,True,Possible duplicate,distance <= 5m
1034,1594,1035,1595,Amazon,SEUR,Convenience Stores,Convenience Stores,Amazon Counter - Yp Belleza Y Glamur,Supermercado El Ahorro,"C. de la Laguna, 74","C. de la Laguna, 74",2.28,100.0,28.57,True,True,False,True,True,False,Co-location,distance <= 5m
1034,2426,1035,2427,Amazon,Ctt Express,Convenience Stores,Convenience Stores,Amazon Counter - Yp Belleza Y Glamur,Yp Belleza Y Glamur,"C. de la Laguna, 74","C. de la Laguna, 74",3.93,100.0,71.7,True,True,False,True,True,False,Co-location,distance <= 5m
1035,2421,1036,2422,Amazon,Ctt Express,Convenience Stores,Convenience Stores,Amazon Counter - Cositas De Mi Tierra,Cositas De Mi Tierra,"C. Alondra, 41","C. Alondra, 41",5.76,100.0,72.73,True,True,False,True,True,False,Co-location,distance <= 15m and strong text match
1037,1594,1038,1595,Amazon,SEUR,Convenience Stores,Convenience Stores,Amazon Counter - Super Mercado La Laguna,Supermercado El Ahorro,"C. de la Laguna, 74","C. de la Laguna, 74",0.0,100.0,50.0,True,True,False,True,True,False,Co-location,distance <= 5m
1037,2426,1038,2427,Amazon,Ctt Express,Convenience Stores,Convenience Stores,Amazon Counter - Super Mercado La Laguna,Yp Belleza Y Glamur,"C. de la Laguna, 74","C. de la Laguna, 74",1.99,100.0,14.04,True,True,False,True,True,False,Co-location,distance <= 5m
1038,2980,1039,2981,Amazon,UPS,Convenience Stores,Convenience Stores,Seur - Expendeduria 574,Expendeduria 574,"Calle del Gral. Ricardos, 244","Calle del Gral. Ricardos, 244",4.55,100.0,86.49,True,True,False,True,True,False,Co-location,distance <= 5m
1038,1589,1039,1590,Amazon,SEUR,Convenience Stores,Convenience Stores,Seur - Expendeduria 574,Expendeduria 574,"Calle del Gral. Ricardos, 244","Calle del Gral. Ricardos, 244",4.88,100.0,86.49,True,True,False,True,True,False,Co-location,distance <= 5m
1038,2137,1039,2138,Amazon,Celeritas,Convenience Stores,Convenience Stores,Seur - Expendeduria 574,Expendiduria 574,"Calle del Gral. Ricardos, 244","Calle del Gral. Ricardos, 244",5.83,100.0,81.08,True,True,False,True,True,False,Co-location,distance <= 15m and strong text match
1038,2418,1039,2419,Amazon,Ctt Express,Convenience Stores,Convenience Stores,Seur - Expendeduria 574,Expendiduria 574,"Calle del Gral. Ricardos, 244","Calle del Gral. Ricardos, 244",6.5,100.0,81.08,True,True,False,True,True,False,Co-location,distance <= 15m and strong text match
1041,2715,1042,2716,Amazon,Gls,Convenience Stores,Convenience Stores,Amazon Counter - Fix Mi Movil,Ps Fix Mi Movil,"P.o de Marcelino Camacho, 29",Paseo de Marcelino Camacho 29,3.36,92.86,61.9,True,True,False,True,True,False,Co-location,distance <= 5m
1043,1597,1044,1598,Amazon,SEUR,Convenience Stores,Convenience Stores,Seur - Ecoink Carabanchel,Ecoink Carabanchel,"C. de la Oca, 88","C. de la Oca, 88",5.69,100.0,87.8,True,True,False,True,True,False,Co-location,distance <= 15m and strong text match
1044,1595,1045,1596,Amazon,SEUR,Convenience Stores,Convenience Stores,Amazon Counter - America Tu Tienda Latina,America Tu Tienda Latina,"C. de la Laguna, 66","C. de la Laguna, 66",4.63,100.0,76.19,True,True,False,True,True,False,Co-location,distance <= 5m
1051,1612,1052,1613,Amazon,SEUR,Convenience Stores,Convenience Stores,Seur - Recambios 90,Recambios 90,"C. del Teniente Compaired, 5","C. del Teniente Compaired, 5",7.33,100.0,82.76,True,True,False,True,True,False,Co-location,distance <= 15m and strong text match
1052,1624,1053,1625,Amazon,SEUR,Convenience Stores,Convenience Stores,Seur - El Rincon De Yois 2 0,El Rincon De Yois 2 0,"Av. de Rafaela Ybarra, 42","Av. de Rafaela Ybarra, 42",9.11,100.0,89.36,True,True,False,True,True,False,Co-location,distance <= 15m and strong text match
1053,2433,1054,2434,Amazon,Ctt Express,Convenience Stores,Convenience Stores,Amazon Counter - Alimentación Y Bazar Frutas,Alimentación Y Bazar Frutas,"Av Cerro de los Ángeles, 25","Av Cerro de los Ángeles, 25",8.59,100.0,78.26,True,True,False,True,True,False,Co-location,distance <= 15m and strong text match
1054,1062,1055,1063,Amazon,Amazon,Convenience Stores,Convenience Stores,Seur - Papeleria Multifuncional,Amazon Counter - Papeleria Y Moviles Elisa,"C. Francisco Ruiz, 5","C. Francisco Ruiz, 5",1.83,100.0,49.28,True,True,True,True,True,True,Possible duplicate,distance <= 5m
1056,2437,1057,2438,Amazon,Ctt Express,Convenience Stores,Convenience Stores,Amazon Counter - Bazar Verde,Bazar Verde,"Av Cerro de los Ángeles, 24","Av Cerro de los Ángeles, 24",1.48,100.0,59.46,True,True,False,True,True,False,Co-location,distance <= 5m
1057,1061,1058,1062,Amazon,Amazon,Convenience Stores,Convenience Stores,Seur - Drogueria Y Tienda De Rop,Amazon Counter - Tienda De Ropa Anayka,"C. del Santuario, 60","C. del Santuario, 60, LOCAL 1",2.86,81.82,51.52,True,True,True,True,True,True,Possible duplicate,distance <= 5m
1058,2436,1059,2437,Amazon,Ctt Express,Convenience Stores,Convenience Stores,Amazon Counter - Edisosa Sl,Edisosa Sl,"Calle Isidra Jiménez, 3","Calle Isidra Jiménez, 3",6.61,100.0,57.14,True,True,False,True,True,False,Co-location,distance <= 15m and strong text match
1060,2986,1061,2987,Amazon,UPS,Convenience Stores,Convenience Stores,Amazon Counter - Esperanza Locutorio,Kanguro Esperanza Loc Y Envio,"Av Cerro de los Ángeles, 1, LOCAL C","Av Cerro de los Ángeles, 1c",2.11,88.14,57.14,False,False,False,True,True,False,Co-location,distance <= 5m
1072,1640,1073,1641,Amazon,SEUR,Locker,Convenience Stores,Amazon Locker - Bartola Cepsa,Fokus Mobile,Cl. Hernandez Tejada S/N Esq. Agastia S/N,"C. de Alcalá, 273",4.59,29.63,20.51,False,False,False,False,True,False,Co-location,distance <= 5m
1074,1075,1075,1076,Amazon,Amazon,Locker,Locker,Amazon Locker - Cadaya Supermercado,Amazon Locker - Baidez Supermercado,Calle Virgen de la Alegría 10,"C. de José del Hierro, 57",3.58,38.46,87.88,True,False,True,True,True,True,Possible duplicate,distance <= 5m
1077,1647,1078,1648,Amazon,SEUR,Convenience Stores,Convenience Stores,Copipc,Copipc.,"P.o del Marqués de Zafra, 23","P.o del Marqués de Zafra, 23",2.87,100.0,100.0,True,True,False,True,True,False,Co-location,distance <= 5m
1077,1988,1078,1989,Amazon,Dhl,Convenience Stores,Convenience Stores,Copipc,Copi Pc,"P.o del Marqués de Zafra, 23","P.o del Marqués de Zafra, 23",7.32,100.0,92.31,True,True,False,True,True,False,Co-location,distance <= 15m and strong text match
1080,3000,1081,3001,Amazon,UPS,Convenience Stores,Convenience Stores,Seur - De Buena Tinta,De Buena Tinta,"C/ de Francisco Silvela, 20","C/ de Francisco Silvela, 20",4.47,100.0,84.85,True,True,False,True,True,False,Co-location,distance <= 5m
1083,1084,1084,1085,Amazon,Amazon,Convenience Stores,Locker,Correos Madrid Sucursal 44,Lockers Correos Madrid Sucursal 44,"C. del Padre Rubio, 43","C. del Padre Rubio, 43",0.0,100.0,86.67,True,True,True,False,True,False,Multi-service same company,distance <= 5m
1090,3005,1091,3006,Amazon,UPS,Convenience Stores,Convenience Stores,Amazon Counter - Disache C.B.,Disache,"C. Pinos Alta, 33","C. Pinos Alta, 33",0.9,100.0,42.42,True,True,False,True,True,False,Co-location,distance <= 5m
1090,1668,1091,1669,Amazon,SEUR,Convenience Stores,Convenience Stores,Amazon Counter - Disache C.B.,Disache C.B.,"C. Pinos Alta, 33","C. Pinos Alta, 33",4.74,100.0,59.46,True,True,False,True,True,False,Co-location,distance <= 5m
1090,2152,1091,2153,Amazon,Celeritas,Convenience Stores,Convenience Stores,Amazon Counter - Disache C.B.,Disache,"C. Pinos Alta, 33","C. Pinos Alta, 33",13.98,100.0,42.42,True,True,False,True,True,False,Co-location,distance <= 15m and strong text match
1092,1674,1093,1675,Amazon,SEUR,Convenience Stores,Convenience Stores,Seur - Estanco El Organillo,Estanco El Organillo,"C. del Camino de los Vinateros, 167","C. del Camino de los Vinateros, 167",6.87,100.0,88.89,True,True,False,True,True,False,Co-location,distance <= 15m and strong text match
1096,1103,1097,1104,Amazon,Amazon,Convenience Stores,Convenience Stores,Amazon Counter - Locutorio Mi Llajta,Seur - Locutorio Mi Llajta,"C. del Camino de los Vinateros, 93, BAJO 1","C. del Camino de los Vinateros, 93",1.07,90.14,75.86,True,True,True,True,True,True,Possible duplicate,distance <= 5m
1096,2468,1097,2469,Amazon,Ctt Express,Convenience Stores,Convenience Stores,Amazon Counter - Locutorio Mi Llajta,Locutorio Mi Llajta,"C. del Camino de los Vinateros, 93, BAJO 1","C. del Camino de los Vinateros, 93",3.25,90.14,71.7,True,True,False,True,True,False,Co-location,distance <= 5m
1097,3013,1098,3014,Amazon,UPS,Convenience Stores,Convenience Stores,Amazon Counter - Ciberinformatica Moratalaz,Ciberinformatica Moratalaz,"Cl. de la Hacienda de Pavones, 12","Cl. de la Hacienda de Pavones, 12",14.56,100.0,77.61,True,True,False,True,True,False,Co-location,distance <= 15m and strong text match
1098,1682,1099,1683,Amazon,SEUR,Convenience Stores,Convenience Stores,Amazon Counter - Estanco Irati,Estanco Irati,"Av. de Moratalaz, 121","Av. de Moratalaz, 121",5.7,100.0,63.41,True,True,False,True,True,False,Co-location,distance <= 15m and strong text match
1098,1101,1099,1102,Amazon,Amazon,Convenience Stores,Convenience Stores,Amazon Counter - Estanco Irati,Seur - Estanco Irati,"Av. de Moratalaz, 121","Av. de Moratalaz, 121",6.65,100.0,69.57,True,True,True,True,True,True,Possible duplicate,distance <= 15m and strong text match
1098,2161,1099,2162,Amazon,Celeritas,Convenience Stores,Convenience Stores,Amazon Counter - Estanco Irati,Estanco Irati,"Av. de Moratalaz, 121","Av. de Moratalaz, 121",10.87,100.0,63.41,True,True,False,True,True,False,Co-location,distance <= 15m and strong text match
1099,2474,1100,2475,Amazon,Ctt Express,Convenience Stores,Convenience Stores,Seur - Ciberinformatia Moratalaz,Ciberinformatica Moratalaz,"Cl. de la Hacienda de Pavones, 12","Cl. de la Hacienda de Pavones, 12",7.46,100.0,89.29,True,True,False,True,True,False,Co-location,distance <= 15m and strong text match
1099,1679,1100,1680,Amazon,SEUR,Convenience Stores,Convenience Stores,Seur - Ciberinformatia Moratalaz,Ciberinformatia Moratalaz,"Cl. de la Hacienda de Pavones, 12","Cl. de la Hacienda de Pavones, 12",8.55,100.0,90.91,True,True,False,True,True,False,Co-location,distance <= 15m and strong text match
1099,3013,1100,3014,Amazon,UPS,Convenience Stores,Convenience Stores,Seur - Ciberinformatia Moratalaz,Ciberinformatica Moratalaz,"Cl. de la Hacienda de Pavones, 12","Cl. de la Hacienda de Pavones, 12",10.3,100.0,89.29,True,True,False,True,True,False,Co-location,distance <= 15m and strong text match
1100,1675,1101,1676,Amazon,SEUR,Locker,Convenience Stores,Amazon Locker - Allueva Estanco,Estanco 627,"Av. del Dr. García Tapia, 139","Av. del Dr. García Tapia, 139",8.11,100.0,35.0,True,True,False,False,True,False,Co-location,distance <= 15m and strong text match
1101,1682,1102,1683,Amazon,SEUR,Convenience Stores,Convenience Stores,Seur - Estanco Irati,Estanco Irati,"Av. de Moratalaz, 121","Av. de Moratalaz, 121",3.66,100.0,83.87,True,True,False,True,True,False,Co-location,distance <= 5m
1101,2161,1102,2162,Amazon,Celeritas,Convenience Stores,Convenience Stores,Seur - Estanco Irati,Estanco Irati,"Av. de Moratalaz, 121","Av. de Moratalaz, 121",5.49,100.0,83.87,True,True,False,True,True,False,Co-location,distance <= 15m and strong text match
1102,3015,1103,3016,Amazon,UPS,Convenience Stores,Convenience Stores,Amazon Counter - Estanco Fuente Carrantona,Fnx Estanco Fuente Carrantona,"C. de Mario Cabré, 31","C. de Mario Cabré, 31",1.25,100.0,78.26,True,True,False,True,True,False,Co-location,distance <= 5m
1103,2468,1104,2469,Amazon,Ctt Express,Convenience Stores,Convenience Stores,Seur - Locutorio Mi Llajta,Locutorio Mi Llajta,"C. del Camino de los Vinateros, 93","C. del Camino de los Vinateros, 93",4.26,100.0,88.37,True,True,False,True,True,False,Co-location,distance <= 5m
1103,1678,1104,1679,Amazon,SEUR,Convenience Stores,Convenience Stores,Seur - Locutorio Mi Llajta,Locutorio Mi Llajta,"C. del Camino de los Vinateros, 93","C. del Vinateros, 93",14.58,72.0,88.37,True,True,False,True,True,False,Co-location,distance <= 15m and strong text match
1104,3014,1105,3015,Amazon,UPS,Convenience Stores,Convenience Stores,Amazon Counter - Gallardo Saez Nuria,Caprichos Y Tentaciones,"C. de Arroyo de Fontarrón, 1","C. de Arroyo de Fontarrón, 1",13.83,100.0,21.05,True,True,False,True,True,False,Co-location,distance <= 15m and strong text match
1106,2476,1107,2477,Amazon,Ctt Express,Convenience Stores,Convenience Stores,Amazon Counter - Estanco Tacona 534,Estanco Tacona 534,"C. de la Tacona, 33","C. de la Tacona, 33",2.52,100.0,70.59,True,True,False,True,True,False,Co-location,distance <= 5m
1106,1685,1107,1686,Amazon,SEUR,Convenience Stores,Convenience Stores,Amazon Counter - Estanco Tacona 534,Estanco Tacona,"C. de la Tacona, 33","C. de la Tacona, 33",3.27,100.0,59.57,True,True,False,True,True,False,Co-location,distance <= 5m
1106,2159,1107,2160,Amazon,Celeritas,Convenience Stores,Convenience Stores,Amazon Counter - Estanco Tacona 534,Estanco Tacona,"C. de la Tacona, 33","C. de la Tacona, 33",9.33,100.0,59.57,True,True,False,True,True,False,Co-location,distance <= 15m and strong text match
1106,2469,1107,2470,Amazon,Ctt Express,Convenience Stores,Convenience Stores,Amazon Counter - Estanco Tacona 534,Estanco Tacona,"C. de la Tacona, 33","C. de la Tacona, 33",10.91,100.0,59.57,True,True,False,True,True,False,Co-location,distance <= 15m and strong text match
1113,1115,1114,1116,Amazon,Amazon,Convenience Stores,Convenience Stores,Amazon Counter - Aziz Locutorio,Amazon Counter - Bismillah Locutorio,"C. del Congosto, 19","C. del Congosto, 27",7.29,88.24,82.54,True,False,True,True,True,True,Possible duplicate,distance <= 15m and strong text match
1114,2487,1115,2488,Amazon,Ctt Express,Convenience Stores,Convenience Stores,Amazon Counter - Techwaves Hub,Techwaves Hub,"C. del Congosto, 1","C. del Congosto, 1",2.88,100.0,63.41,True,True,False,True,True,False,Co-location,distance <= 5m
1117,2486,1118,2487,Amazon,Ctt Express,Convenience Stores,Convenience Stores,Amazon Counter - Fruto Secos Las Chuches,Fruto Secos Las Chuches,"C. Sierra Aitana, 5","C. Sierra Aitana, 5",2.23,100.0,75.41,True,True,False,True,True,False,Co-location,distance <= 5m
1122,2479,1123,2480,Amazon,Ctt Express,Convenience Stores,Convenience Stores,Amazon Counter - Movil Show,Movil Show,"P.o de Federico García Lorca, 16, A","P.o de Federico García Lorca, 16, A",2.73,100.0,57.14,True,True,False,True,True,False,Co-location,distance <= 5m
1125,3295,1126,3296,Amazon,Correos,Locker,Estación Logistica De Ultima Milla,Citypaq Lockers-Correos Madrid Suc 61. Ccp Chamart,"CTA Madrid CAM 3 (Recepción, clasificación y envío)","Cam. de las Hormigueras, 169","Cam. de las Hormigueras, 169, Vallecas",1.7,85.25,35.05,True,True,False,False,True,False,Co-location,distance <= 5m
1129,2165,1130,2166,Amazon,Celeritas,Convenience Stores,Convenience Stores,Amazon Counter - Congosto Locutorio,Congosto Locutorio,"C. Sierra de Mira, 3","C. Sierra de Mira, 3",1.79,100.0,70.59,True,True,False,True,True,False,Co-location,distance <= 5m
1129,2485,1130,2486,Amazon,Ctt Express,Convenience Stores,Convenience Stores,Amazon Counter - Congosto Locutorio,Congosto Locutorio,"C. Sierra de Mira, 3","C. Sierra de Mira, 3",3.69,100.0,70.59,True,True,False,True,True,False,Co-location,distance <= 5m
1129,2478,1130,2479,Amazon,Ctt Express,Convenience Stores,Convenience Stores,Amazon Counter - Congosto Locutorio,Congosto Locutorio,"C. Sierra de Mira, 3","C. Sierra de Mira, 3",4.52,100.0,70.59,True,True,False,True,True,False,Co-location,distance <= 5m
1133,1700,1134,1701,Amazon,SEUR,Convenience Stores,Convenience Stores,Amazon Counter - Butt Locutorio,Butt Locutorio,"C. del Lago Erie, 7","C. del Lago Erie, 7",2.82,100.0,65.12,True,True,False,True,True,False,Co-location,distance <= 5m
1133,2496,1134,2497,Amazon,Ctt Express,Convenience Stores,Convenience Stores,Amazon Counter - Butt Locutorio,Butt Locutorio,"C. del Lago Erie, 7","C. del Lago Erie, 7",3.71,100.0,65.12,True,True,False,True,True,False,Co-location,distance <= 5m
1135,1136,1136,1137,Amazon,Amazon,Convenience Stores,Locker,Correos - Madrid Suc 49. Vicálvaro,Citypaq Lockers-Correos Madrid Suc 49. Vicálvaro,"C/ de la Condesa de la Vega del Pozo, 29","C/ de la Condesa de la Vega del Pozo, 29",5.12,100.0,79.49,True,True,True,False,True,False,Multi-service same company,distance <= 15m and strong text match
1140,1701,1141,1702,Amazon,SEUR,Convenience Stores,Convenience Stores,Seur - Multiservicios Mym,Multiservicios Mym,"C. de Calahorra, 25","C. de Calahorra, 25",2.58,100.0,87.8,True,True,False,True,True,False,Co-location,distance <= 5m
1140,2751,1141,2752,Amazon,Gls,Convenience Stores,Convenience Stores,Seur - Multiservicios Mym,Ps Cyberlocutorio Mym,"C. de Calahorra, 25",Calle de Calahorra 25,3.87,89.47,50.0,True,True,False,True,True,False,Co-location,distance <= 5m
1140,1141,1141,1142,Amazon,Amazon,Convenience Stores,Convenience Stores,Seur - Multiservicios Mym,Amazon Counter - Cyberlocutorio M&M,"C. de Calahorra, 25","C. de Calahorra, 25",5.29,100.0,39.29,True,True,True,True,True,True,Possible duplicate,distance <= 15m and strong text match
1140,2495,1141,2496,Amazon,Ctt Express,Convenience Stores,Convenience Stores,Seur - Multiservicios Mym,Cyberlocutorio M&M,"C. de Calahorra, 25","C. de Calahorra, 25",6.11,100.0,34.15,True,True,False,True,True,False,Co-location,distance <= 15m and strong text match
1141,2751,1142,2752,Amazon,Gls,Convenience Stores,Convenience Stores,Amazon Counter - Cyberlocutorio M&M,Ps Cyberlocutorio Mym,"C. de Calahorra, 25",Calle de Calahorra 25,1.8,89.47,66.67,True,True,False,True,True,False,Co-location,distance <= 5m
1141,1701,1142,1702,Amazon,SEUR,Convenience Stores,Convenience Stores,Amazon Counter - Cyberlocutorio M&M,Multiservicios Mym,"C. de Calahorra, 25","C. de Calahorra, 25",2.86,100.0,43.14,True,True,False,True,True,False,Co-location,distance <= 5m
1141,2495,1142,2496,Amazon,Ctt Express,Convenience Stores,Convenience Stores,Amazon Counter - Cyberlocutorio M&M,Cyberlocutorio M&M,"C. de Calahorra, 25","C. de Calahorra, 25",3.28,100.0,70.59,True,True,False,True,True,False,Co-location,distance <= 5m
1143,1709,1144,1710,Amazon,SEUR,Convenience Stores,Convenience Stores,Seur - Videomania Mrmicro Ordena,Videomania Mrmicro Ordena,"C. de la Raya, 13","C. de la Raya, 13",5.61,100.0,90.91,True,True,False,True,True,False,Co-location,distance <= 15m and strong text match
1150,1722,1151,1723,Amazon,SEUR,Convenience Stores,Convenience Stores,Amazon Counter - Supermercado Suma,Supermercado Suma,"C. de la Dulzaina, 6","C. de la Dulzaina, 6",5.7,100.0,69.39,True,True,False,True,True,False,Co-location,distance <= 15m and strong text match
1150,2500,1151,2501,Amazon,Ctt Express,Convenience Stores,Convenience Stores,Amazon Counter - Supermercado Suma,Supermercado Suma,"C. de la Dulzaina, 6","C. de la Dulzaina, 6",10.39,100.0,69.39,True,True,False,True,True,False,Co-location,distance <= 15m and strong text match
1151,1724,1152,1725,Amazon,SEUR,Convenience Stores,Convenience Stores,Seur - Herbolario Arahal,Herbolario Arahal,"C. de Arturo Soria, 324","C. de Arturo Soria, 324",6.75,100.0,87.18,True,True,False,True,True,False,Co-location,distance <= 15m and strong text match
1157,1728,1158,1729,Amazon,SEUR,Convenience Stores,Convenience Stores,Seur - Pasapagina,Pasapagina,"Pl. Tres Olivos, 3","Pl. Tres Olivos, 3",6.13,100.0,80.0,True,True,False,True,True,False,Co-location,distance <= 15m and strong text match
1157,2172,1158,2173,Amazon,Celeritas,Convenience Stores,Convenience Stores,Seur - Pasapagina,Pasapagina,"Pl. Tres Olivos, 3","Pl. Tres Olivos, 3",7.49,100.0,80.0,True,True,False,True,True,False,Co-location,distance <= 15m and strong text match
1157,2504,1158,2505,Amazon,Ctt Express,Convenience Stores,Convenience Stores,Seur - Pasapagina,Pasapagina,"Pl. Tres Olivos, 3","Pl. Tres Olivos, 3",13.77,100.0,80.0,True,True,False,True,True,False,Co-location,distance <= 15m and strong text match
1159,1745,1160,1746,Amazon,SEUR,Convenience Stores,Convenience Stores,Alimentación Fruto Seco,Alimentación Fruto Seco,"C. de San Gerardo, 10","C. de San Gerardo, 10",11.04,100.0,100.0,True,True,False,True,True,False,Co-location,distance <= 15m and strong text match
1162,1742,1163,1743,Amazon,SEUR,Convenience Stores,Convenience Stores,Seur - Estanco Alma Cabero,Estanco Alma Cabero,"C. de Ramón Gómez de la Serna, 115","C. de Ramón Gómez de la Serna, 115",9.03,100.0,88.37,True,True,False,True,True,False,Co-location,distance <= 15m and strong text match
1165,1746,1166,1747,Amazon,SEUR,Convenience Stores,Convenience Stores,Seur Dietflash Medical,Dietflash Medical,"C. de Félix Boix, 14","C. de Félix Boix, 14",11.48,100.0,87.18,True,True,False,True,True,False,Co-location,distance <= 15m and strong text match
1169,1753,1170,1754,Amazon,SEUR,Convenience Stores,Convenience Stores,Seur - Frutas Chinchon,Frutas Chinchon,"C. de Alconera, 7","C. de Alconera, 7",2.95,100.0,85.71,True,True,False,True,True,False,Co-location,distance <= 5m
1170,1756,1171,1757,Amazon,SEUR,Locker,Locker,Amazon Locker - Calor Gasolinera,Seur Locker Galp Arcental,"Av. de Arcentales, 7","Av. de Arcentales, 7",10.31,100.0,47.27,True,True,False,True,True,False,Co-location,distance <= 15m and strong text match
1171,1755,1172,1756,Amazon,SEUR,Convenience Stores,Convenience Stores,Seur - Modas Martinez Amposta,Modas Martinez Amposta,"C. de Amposta, 14","C. de Amposta, 14",11.31,100.0,89.8,True,True,False,True,True,False,Co-location,distance <= 15m and strong text match
1173,2519,1174,2520,Amazon,Ctt Express,Locker,Convenience Stores,Amazon Counter - Multiservicios Simancas,Multiservicios Simancas,"C. de Amposta, 10, LOCAL 20","C. de Amposta, 10, LOCAL 20",6.35,100.0,75.41,True,True,False,False,True,False,Co-location,distance <= 15m and strong text match
1175,3044,1176,3045,Amazon,UPS,Locker,Convenience Stores,Amazon Counter - Locutorio Amposta,Multiservicios Amposta,"C. de Amposta, 5","C. de Amposta, 5",6.09,100.0,59.26,True,True,False,False,True,False,Co-location,distance <= 15m and strong text match
1176,1181,1177,1182,Amazon,Amazon,Locker,Convenience Stores,Amazon Locker - Grifol,Amazon Counter - Geomil Exprees,"Av. de Peña Prieta, 75","Av. de Peña Prieta, 75",5.04,100.0,53.06,True,True,True,False,True,False,Multi-service same company,distance <= 15m and strong text match
1176,2524,1177,2525,Amazon,Ctt Express,Locker,Convenience Stores,Amazon Locker - Grifol,Geomil Express,"Av. de Peña Prieta, 75","Av. de Peña Prieta, 75",8.43,100.0,23.53,True,True,False,False,True,False,Co-location,distance <= 15m and strong text match
1176,1768,1177,1769,Amazon,SEUR,Locker,Locker,Amazon Locker - Grifol,Seur Locker Locutorio Tau,"Av. de Peña Prieta, 75","Av. de Peña Prieta, 75",9.36,100.0,48.89,True,True,False,True,True,False,Co-location,distance <= 15m and strong text match
1181,2524,1182,2525,Amazon,Ctt Express,Convenience Stores,Convenience Stores,Amazon Counter - Geomil Exprees,Geomil Express,"Av. de Peña Prieta, 75","Av. de Peña Prieta, 75",9.45,100.0,60.47,True,True,False,True,True,False,Co-location,distance <= 15m and strong text match
1181,1768,1182,1769,Amazon,SEUR,Convenience Stores,Locker,Amazon Counter - Geomil Exprees,Seur Locker Locutorio Tau,"Av. de Peña Prieta, 75","Av. de Peña Prieta, 75",13.31,100.0,29.63,True,True,False,False,True,False,Co-location,distance <= 15m and strong text match
1186,1766,1187,1767,Amazon,SEUR,Convenience Stores,Convenience Stores,Seur - Usb Informatica,Usb Informatica,"C. del Pico de Almanzor, 13","C. del Pico de Almanzor, 13",4.04,100.0,85.71,True,True,False,True,True,False,Co-location,distance <= 5m
1195,1774,1196,1775,Amazon,SEUR,Convenience Stores,Convenience Stores,Seur Print It,Print It,"C. de Francos Rodríguez, 19","C. de Francos Rodríguez, 19",8.61,100.0,76.19,True,True,False,True,True,False,Co-location,distance <= 15m and strong text match
1196,1772,1197,1773,Amazon,SEUR,Convenience Stores,Convenience Stores,Seur - Copygrap,Copygrap,"C. de Villaamil, 43","C. de Villaamil, 43",2.67,100.0,76.19,True,True,False,True,True,False,Co-location,distance <= 5m
1198,1199,1199,1200,Amazon,Amazon,Convenience Stores,Locker,Correos Madrid Sucursal 60,Lockers Correos Madrid Sucursal 60,"C. del Arquitecto López Otero, 3","C. del Arquitecto López Otero, 3",4.89,100.0,86.67,True,True,True,False,True,False,Multi-service same company,distance <= 5m
1202,2816,1203,2817,Amazon,Nacex,Convenience Stores,Convenience Stores,Amazon Counter - Asesoría Latina,Asesoria Latina (2882-20),"Av. de la Perla, 13, OFICINA 01 LOCAL 01","Av. de la Perla, 13",2.22,62.96,56.6,True,True,False,True,True,False,Co-location,distance <= 5m
1205,3054,1206,3055,Amazon,UPS,Convenience Stores,Convenience Stores,Seur - Libreria 7 Colores,Libreria 7 Colores,"C. Fitero, 3","C. Fitero, 3C",10.36,95.24,87.8,False,False,False,True,True,False,Co-location,distance <= 15m and strong text match
1213,2545,1214,2546,Amazon,Ctt Express,Convenience Stores,Convenience Stores,Amazon Counter - Fruteria Los Hermanos,Fruteria Los Hermanos,"C. Sta. María Reina, 6, LOCAL 4","C. Sta. María Reina, 6, LOCAL 4",4.8,100.0,73.68,True,True,False,True,True,False,Co-location,distance <= 5m
1220,2554,1221,2555,Amazon,Ctt Express,Convenience Stores,Convenience Stores,Amazon Counter - Dgc Movilnet,Vía Electrónica.,"C. del Balandro, 39, B local 1","C. del Balandro, 39, B- LOCAL 21",6.09,98.18,19.05,True,True,False,True,True,False,Co-location,distance <= 15m and strong text match
1221,1805,1222,1806,Amazon,SEUR,Convenience Stores,Convenience Stores,Seur - Prink Barajas,Prink Barajas,"Av. de Logroño, 112","Av. de Logroño, 112",9.31,100.0,83.87,True,True,False,True,True,False,Co-location,distance <= 15m and strong text match
1223,2554,1224,2555,Amazon,Ctt Express,Convenience Stores,Convenience Stores,Amazon Counter - Vía Electrónica.,Vía Electrónica.,"C. del Balandro, 39, B- LOCAL 21","C. del Balandro, 39, B- LOCAL 21",13.95,100.0,66.67,True,True,False,True,True,False,Co-location,distance <= 15m and strong text match
1227,1824,1228,1825,Amazon,SEUR,Convenience Stores,Convenience Stores,Seur - Libreria Solis,Libreria Solis,"C. de López de Hoyos, 295","C. de López de Hoyos, 295",10.16,100.0,84.85,True,True,False,True,True,False,Co-location,distance <= 15m and strong text match
1232,3218,1233,3219,Amazon,Pudo,Locker,Click&Collect,Amazon Locker - Riesgo Shell,E.S. Shell Machupichu,"Av. de Machupichu, 105","Av. de Machupichu, 105",7.02,100.0,34.78,True,True,False,False,True,False,Co-location,distance <= 15m and strong text match
1232,3070,1233,3071,Amazon,UPS,Locker,Locker,Amazon Locker - Riesgo Shell,P Taquilla Shell Machupichu,"Av. de Machupichu, 105","Av. de Machupichu, 105",10.16,100.0,30.19,True,True,False,True,True,False,Co-location,distance <= 15m and strong text match
1232,1819,1233,1820,Amazon,SEUR,Locker,Locker,Amazon Locker - Riesgo Shell,Seur Locker Shell Machupi,"Av. de Machupichu, 105","Av. de Machupichu, 105",11.47,100.0,50.98,True,True,False,True,True,False,Co-location,distance <= 15m and strong text match
1233,1821,1234,1822,Amazon,SEUR,Locker,Convenience Stores,Seur - Estanco Madrid 307,Estanco Madrid 307,"C. Biosca, 29","C. Biosca, 29",0.0,100.0,87.8,True,True,False,False,True,False,Co-location,distance <= 5m
1234,2027,1235,2028,Amazon,Dhl,Convenience Stores,Convenience Stores,Amazon Counter - Locutorio Carlita,Locutorio Carlita,"C. de Oliva de Plasencia, 1, LOCAL 334","C. de Oliva de Plasencia, 1",1.28,83.33,69.39,True,True,False,True,True,False,Co-location,distance <= 5m
1234,1238,1235,1239,Amazon,Amazon,Convenience Stores,Convenience Stores,Amazon Counter - Locutorio Carlita,Seur - Estanco Papeleria Menende,"C. de Oliva de Plasencia, 1, LOCAL 334","C. de Oliva de Plasencia, 1",2.57,83.33,22.58,True,True,True,True,True,True,Possible duplicate,distance <= 5m
1234,2829,1235,2830,Amazon,Nacex,Convenience Stores,Convenience Stores,Amazon Counter - Locutorio Carlita,Locutorio Carlita (2883-26),"C. de Oliva de Plasencia, 1, LOCAL 334","C. de Oliva de Plasencia, 1",2.87,83.33,59.65,True,True,False,True,True,False,Co-location,distance <= 5m
1234,3073,1235,3074,Amazon,UPS,Convenience Stores,Convenience Stores,Amazon Counter - Locutorio Carlita,Locutorio Carlita,"C. de Oliva de Plasencia, 1, LOCAL 334","C. de Oliva de Plasencia, 1",2.87,83.33,69.39,True,True,False,True,True,False,Co-location,distance <= 5m
1234,1834,1235,1835,Amazon,SEUR,Convenience Stores,Convenience Stores,Amazon Counter - Locutorio Carlita,Estanco Papeleria Menende,"C. de Oliva de Plasencia, 1, LOCAL 334","C. de Oliva de Plasencia, 1",3.27,83.33,24.56,True,True,False,True,True,False,Co-location,distance <= 5m
1234,2566,1235,2567,Amazon,Ctt Express,Convenience Stores,Convenience Stores,Amazon Counter - Locutorio Carlita,Locutorio Carlita,"C. de Oliva de Plasencia, 1, LOCAL 334","C. de Oliva de Plasencia, 1",3.63,83.33,69.39,True,True,False,True,True,False,Co-location,distance <= 5m
1234,2574,1235,2575,Amazon,Ctt Express,Convenience Stores,Convenience Stores,Amazon Counter - Locutorio Carlita,Locutorio Carlita,"C. de Oliva de Plasencia, 1, LOCAL 334","C. de Oliva de Plasencia, 1, LOCAL 334",4.06,100.0,69.39,True,True,False,True,True,False,Co-location,distance <= 5m
1236,1829,1237,1830,Amazon,SEUR,Convenience Stores,Convenience Stores,Seur - Moda Begonya,Moda Begoña,"C. de Valle Inclán, 34","C. de Valle Inclán, 34",2.52,100.0,78.57,True,True,False,True,True,False,Co-location,distance <= 5m
1237,1239,1238,1240,Amazon,Amazon,Convenience Stores,Convenience Stores,Amazon Counter - Perfumeria-Drogueria,Seur - Perfumeria Drogueria Cuat,"C. de Navalmoral de la Mata, 38","C. de Navalmoral de la Mata, 38",5.97,100.0,70.77,True,True,True,True,True,True,Possible duplicate,distance <= 15m and strong text match
1238,3073,1239,3074,Amazon,UPS,Convenience Stores,Convenience Stores,Seur - Estanco Papeleria Menende,Locutorio Carlita,"C. de Oliva de Plasencia, 1","C. de Oliva de Plasencia, 1",1.28,100.0,21.28,True,True,False,True,True,False,Co-location,distance <= 5m
1238,2566,1239,2567,Amazon,Ctt Express,Convenience Stores,Convenience Stores,Seur - Estanco Papeleria Menende,Locutorio Carlita,"C. de Oliva de Plasencia, 1","C. de Oliva de Plasencia, 1",2.57,100.0,21.28,True,True,False,True,True,False,Co-location,distance <= 5m
1238,2027,1239,2028,Amazon,Dhl,Convenience Stores,Convenience Stores,Seur - Estanco Papeleria Menende,Locutorio Carlita,"C. de Oliva de Plasencia, 1","C. de Oliva de Plasencia, 1",2.87,100.0,21.28,True,True,False,True,True,False,Co-location,distance <= 5m
1238,1834,1239,1835,Amazon,SEUR,Convenience Stores,Convenience Stores,Seur - Estanco Papeleria Menende,Estanco Papeleria Menende,"C. de Oliva de Plasencia, 1","C. de Oliva de Plasencia, 1",3.74,100.0,90.91,True,True,False,True,True,False,Co-location,distance <= 5m
1238,2829,1239,2830,Amazon,Nacex,Convenience Stores,Convenience Stores,Seur - Estanco Papeleria Menende,Locutorio Carlita (2883-26),"C. de Oliva de Plasencia, 1","C. de Oliva de Plasencia, 1",4.63,100.0,25.45,True,True,False,True,True,False,Co-location,distance <= 5m
1238,2574,1239,2575,Amazon,Ctt Express,Convenience Stores,Convenience Stores,Seur - Estanco Papeleria Menende,Locutorio Carlita,"C. de Oliva de Plasencia, 1","C. de Oliva de Plasencia, 1, LOCAL 334",5.44,83.33,21.28,True,True,False,True,True,False,Co-location,distance <= 15m and strong text match
1243,1835,1244,1836,Amazon,SEUR,Convenience Stores,Convenience Stores,Seur - Papeleria Libreria Cosas,Papeleria Libreria Cosas,"Pl. Virgen de los Llanos, 7","Pl. Virgen de los Llanos, 7",3.08,100.0,90.57,True,True,False,True,True,False,Co-location,distance <= 5m
1244,1836,1245,1837,Amazon,SEUR,Convenience Stores,Convenience Stores,Amazon Counter - Cristaleria Aluche 2,Cristaleria Aluche Ii,"Av. de Las Águilas, 60, LOCAL 29","Av. de Las Águilas, 60",4.2,81.63,67.86,True,True,False,True,True,False,Co-location,distance <= 5m
1244,3072,1245,3073,Amazon,UPS,Convenience Stores,Convenience Stores,Amazon Counter - Cristaleria Aluche 2,Cristaleria Aluche Ii,"Av. de Las Águilas, 60, LOCAL 29","Av. de Las Águilas, 60",4.48,81.63,67.86,True,True,False,True,True,False,Co-location,distance <= 5m
1244,2201,1245,2202,Amazon,Celeritas,Convenience Stores,Convenience Stores,Amazon Counter - Cristaleria Aluche 2,Cristaleria Aluche 2,"Av. de Las Águilas, 60, LOCAL 29","Av. de Las Águilas, 60",8.21,81.63,72.73,True,True,False,True,True,False,Co-location,distance <= 15m and strong text match
1244,1246,1245,1247,Amazon,Amazon,Convenience Stores,Convenience Stores,Amazon Counter - Cristaleria Aluche 2,Seur - Cristaleria Aluche Ii,"Av. de Las Águilas, 60, LOCAL 29","Av. de Las Águilas, 60",8.21,81.63,72.13,True,True,True,True,True,True,Possible duplicate,distance <= 15m and strong text match
1245,2198,1246,2199,Amazon,Celeritas,Convenience Stores,Convenience Stores,Amazon Counter - Mix Regalos,Pinturas Aluche Multiservicios,"C. de Blas Cabrera, 137","C. de Blas Cabrera, 137",5.29,100.0,25.0,True,True,False,True,True,False,Co-location,distance <= 15m and strong text match
1245,1831,1246,1832,Amazon,SEUR,Convenience Stores,Convenience Stores,Amazon Counter - Mix Regalos,Mix Regalos,"C. de Blas Cabrera, 137","C. de Blas Cabrera, 137",8.09,100.0,59.46,True,True,False,True,True,False,Co-location,distance <= 15m and strong text match
1245,2828,1246,2829,Amazon,Nacex,Convenience Stores,Convenience Stores,Amazon Counter - Mix Regalos,Pinturas Aluche Multiservicios (2883-33),"C. de Blas Cabrera, 137","C. de Blas Cabrera, 137",8.6,100.0,21.88,True,True,False,True,True,False,Co-location,distance <= 15m and strong text match
1245,2026,1246,2027,Amazon,Dhl,Convenience Stores,Convenience Stores,Amazon Counter - Mix Regalos,Pinturas Aluche Multiservicios,"C. de Blas Cabrera, 137","C. de Blas Cabrera, 137",9.27,100.0,25.0,True,True,False,True,True,False,Co-location,distance <= 15m and strong text match
1246,2201,1247,2202,Amazon,Celeritas,Convenience Stores,Convenience Stores,Seur - Cristaleria Aluche Ii,Cristaleria Aluche 2,"Av. de Las Águilas, 60","Av. de Las Águilas, 60",0.0,100.0,82.61,True,True,False,True,True,False,Co-location,distance <= 5m
1246,3072,1247,3073,Amazon,UPS,Convenience Stores,Convenience Stores,Seur - Cristaleria Aluche Ii,Cristaleria Aluche Ii,"Av. de Las Águilas, 60","Av. de Las Águilas, 60",3.76,100.0,89.36,True,True,False,True,True,False,Co-location,distance <= 5m
1246,1836,1247,1837,Amazon,SEUR,Convenience Stores,Convenience Stores,Seur - Cristaleria Aluche Ii,Cristaleria Aluche Ii,"Av. de Las Águilas, 60","Av. de Las Águilas, 60",4.84,100.0,89.36,True,True,False,True,True,False,Co-location,distance <= 5m
1250,1863,1251,1864,Amazon,SEUR,Convenience Stores,Convenience Stores,Tabacos Exp. N884,Expendeduria 884,"C. de Palos de la Frontera, 25","C. de Palos de la Frontera, 25",2.73,100.0,43.75,True,True,False,True,True,False,Co-location,distance <= 5m
1250,1263,1251,1264,Amazon,Amazon,Convenience Stores,Convenience Stores,Tabacos Exp. N884,Seur - Expendeduria 884,"C. de Palos de la Frontera, 25","C. de Palos de la Frontera, 25",7.32,100.0,48.65,True,True,True,True,True,True,Possible duplicate,distance <= 15m and strong text match
1261,1860,1262,1861,Amazon,SEUR,Convenience Stores,Convenience Stores,Seur - Libreria El Dedal,Libreria El Dedal,"C. de Rafael de Riego, 13","C. de Rafael de Riego, 13",4.07,100.0,87.18,True,True,False,True,True,False,Co-location,distance <= 5m
1262,1851,1263,1852,Amazon,SEUR,Convenience Stores,Convenience Stores,Seur - Sv Moda Y Complementos,Sv Moda Y Complementos,"C. de la Batalla del Salado, 45","C. de la Batalla del Salado, 45",4.06,100.0,89.8,True,True,False,True,True,False,Co-location,distance <= 5m
1263,1863,1264,1864,Amazon,SEUR,Convenience Stores,Convenience Stores,Seur - Expendeduria 884,Expendeduria 884,"C. de Palos de la Frontera, 25","C. de Palos de la Frontera, 25",8.13,100.0,86.49,True,True,False,True,True,False,Co-location,distance <= 15m and strong text match
1265,3089,1266,3090,Amazon,UPS,Convenience Stores,Convenience Stores,Amazon Counter - Cafeteria Lupy,Fnx-Cafeteria Lupy,"C. de Illescas, 209","C. de Illescas, 209",1.84,100.0,68.09,True,True,False,True,True,False,Co-location,distance <= 5m
1267,1873,1268,1874,Amazon,SEUR,Convenience Stores,Convenience Stores,Amazon Counter - Expendeduria 474,Estanco 474,"Cl. de los Yébenes, 159","Cl. de los Yébenes, 159",3.1,100.0,38.1,True,True,False,True,True,False,Co-location,distance <= 5m
1267,2593,1268,2594,Amazon,Ctt Express,Convenience Stores,Convenience Stores,Amazon Counter - Expendeduria 474,Expendeduria 474,"Cl. de los Yébenes, 159","Cl. de los Yébenes, 159",5.07,100.0,68.09,True,True,False,True,True,False,Co-location,distance <= 15m and strong text match
1267,1271,1268,1272,Amazon,Amazon,Convenience Stores,Convenience Stores,Amazon Counter - Expendeduria 474,Seur - Estanco 474,"Cl. de los Yébenes, 159","Cl. de los Yébenes, 159",7.58,100.0,38.3,True,True,True,True,True,True,Possible duplicate,distance <= 15m and strong text match
1269,1877,1270,1878,Amazon,SEUR,Convenience Stores,Convenience Stores,Seur - Maqueda Autoescuela,Maqueda Autoescuela,"Cl. de los Yébenes, 148","Cl. de los Yébenes, 148",12.11,100.0,88.37,True,True,False,True,True,False,Co-location,distance <= 15m and strong text match
1270,1884,1271,1885,Amazon,SEUR,Convenience Stores,Convenience Stores,Amazon Counter - Tintoreria Elba Y Victoria,Cristaleria Aluche,"C. de Camarena, 235, LOCAL 7","C. de Camarena, 235",3.72,80.95,23.73,True,True,False,True,True,False,Co-location,distance <= 5m
1270,1272,1271,1273,Amazon,Amazon,Convenience Stores,Convenience Stores,Amazon Counter - Tintoreria Elba Y Victoria,Seur - Cristaleria Aluche,"C. de Camarena, 235, LOCAL 7","C. de Camarena, 235",8.99,80.95,28.12,True,True,True,True,True,True,Possible duplicate,distance <= 15m and strong text match
1270,2590,1271,2591,Amazon,Ctt Express,Convenience Stores,Convenience Stores,Amazon Counter - Tintoreria Elba Y Victoria,Tintoreria Elba Y Victoria,"C. de Camarena, 235, LOCAL 7","C. de Camarena, 235, LOCAL 7",10.08,100.0,77.61,True,True,False,True,True,False,Co-location,distance <= 15m and strong text match
1270,2210,1271,2211,Amazon,Celeritas,Convenience Stores,Convenience Stores,Amazon Counter - Tintoreria Elba Y Victoria,Cristaleria Aluche,"C. de Camarena, 235, LOCAL 7","C. de Camarena, 235",10.98,80.95,23.73,True,True,False,True,True,False,Co-location,distance <= 15m and strong text match
1271,2593,1272,2594,Amazon,Ctt Express,Convenience Stores,Convenience Stores,Seur - Estanco 474,Expendeduria 474,"Cl. de los Yébenes, 159","Cl. de los Yébenes, 159",4.81,100.0,50.0,True,True,False,True,True,False,Co-location,distance <= 5m
1271,1873,1272,1874,Amazon,SEUR,Convenience Stores,Convenience Stores,Seur - Estanco 474,Estanco 474,"Cl. de los Yébenes, 159","Cl. de los Yébenes, 159",5.64,100.0,81.48,True,True,False,True,True,False,Co-location,distance <= 15m and strong text match
1272,2210,1273,2211,Amazon,Celeritas,Convenience Stores,Convenience Stores,Seur - Cristaleria Aluche,Cristaleria Aluche,"C. de Camarena, 235","C. de Camarena, 235",2.01,100.0,87.8,True,True,False,True,True,False,Co-location,distance <= 5m
1272,2590,1273,2591,Amazon,Ctt Express,Convenience Stores,Convenience Stores,Seur - Cristaleria Aluche,Tintoreria Elba Y Victoria,"C. de Camarena, 235","C. de Camarena, 235, LOCAL 7",4.52,80.95,32.65,True,True,False,True,True,False,Co-location,distance <= 5m
1272,1884,1273,1885,Amazon,SEUR,Convenience Stores,Convenience Stores,Seur - Cristaleria Aluche,Cristaleria Aluche,"C. de Camarena, 235","C. de Camarena, 235",5.75,100.0,87.8,True,True,False,True,True,False,Co-location,distance <= 15m and strong text match
1272,2717,1273,2718,Amazon,Gls,Convenience Stores,Convenience Stores,Seur - Cristaleria Aluche,Ps Cristaleria Aluche,"C. de Camarena, 235",Calle de Camarena 235,9.93,89.47,90.91,True,True,False,True,True,False,Co-location,distance <= 15m and strong text match
1275,3091,1276,3092,Amazon,UPS,Convenience Stores,Convenience Stores,Amazon Counter - Locutorio Ledesma,Locutorio Ledesma,"C. de Camarena, 298","C. de Camarena, 298",5.46,100.0,69.39,True,True,False,True,True,False,Co-location,distance <= 15m and strong text match
1276,2587,1277,2588,Amazon,Ctt Express,Convenience Stores,Convenience Stores,Seur - Estanco 729,Estanco 729,"C. de Cuart de Poblet, 65","C. de Cuart de Poblet, 65",0.91,100.0,81.48,True,True,False,True,True,False,Co-location,distance <= 5m
1276,1872,1277,1873,Amazon,SEUR,Convenience Stores,Convenience Stores,Seur - Estanco 729,Estanco 729,"C. de Cuart de Poblet, 65","C. de Cuart de Poblet, 65",3.28,100.0,81.48,True,True,False,True,True,False,Co-location,distance <= 5m
1276,2209,1277,2210,Amazon,Celeritas,Convenience Stores,Convenience Stores,Seur - Estanco 729,Estanco 729,"C. de Cuart de Poblet, 65","C. de Cuart de Poblet, 65",3.3,100.0,81.48,True,True,False,True,True,False,Co-location,distance <= 5m
1276,3095,1277,3096,Amazon,UPS,Convenience Stores,Convenience Stores,Seur - Estanco 729,Estanco 729,"C. de Cuart de Poblet, 65","C. de Cuart de Poblet, 65",13.11,100.0,81.48,True,True,False,True,True,False,Co-location,distance <= 15m and strong text match
1277,3097,1278,3098,Amazon,UPS,Convenience Stores,Convenience Stores,Seur - Estanco 403 El Pardo,Estanco El Pardo,"C. Carboneros, 2","C. Carboneros, 2",10.21,100.0,78.05,True,True,False,True,True,False,Co-location,distance <= 15m and strong text match
1277,2841,1278,2842,Amazon,Nacex,Convenience Stores,Convenience Stores,Seur - Estanco 403 El Pardo,Estanco 403 (2862-14),"C. Carboneros, 2","C. Carboneros, 2",10.62,100.0,59.09,True,True,False,True,True,False,Co-location,distance <= 15m and strong text match
1277,1885,1278,1886,Amazon,SEUR,Convenience Stores,Convenience Stores,Seur - Estanco 403 El Pardo,Estanco 403 El Pardo,"C. Carboneros, 2","C. Carboneros, 2",10.81,100.0,88.89,True,True,False,True,True,False,Co-location,distance <= 15m and strong text match
1277,2596,1278,2597,Amazon,Ctt Express,Convenience Stores,Convenience Stores,Seur - Estanco 403 El Pardo,Estanco 403,"C. Carboneros, 2","C. Carboneros, 2",10.97,100.0,61.11,True,True,False,True,True,False,Co-location,distance <= 15m and strong text match
1277,2212,1278,2213,Amazon,Celeritas,Convenience Stores,Convenience Stores,Seur - Estanco 403 El Pardo,Estanco 403,"C. Carboneros, 2","C. Carboneros, 2",11.01,100.0,61.11,True,True,False,True,True,False,Co-location,distance <= 15m and strong text match
1278,1279,1279,1280,Amazon,Amazon,Convenience Stores,Locker,Correos - Madrid Suc 32. El Pardo,Citypaq Lockers-Correos Madrid Suc 32. El Pardo,"Pl. de Rogelio Enriquez, 5","Pl. de Rogelio Enriquez, 5",2.7,100.0,78.95,True,True,True,False,True,False,Multi-service same company,distance <= 5m
1281,2598,1282,2599,Amazon,Ctt Express,Convenience Stores,Convenience Stores,Amazon Counter - 7-Express Y Bazar,7-Express Y Bazar,"C. Eugenio Pérez, 1","C. Eugenio Pérez, 1",7.68,100.0,69.39,True,True,False,True,True,False,Co-location,distance <= 15m and strong text match
1282,2597,1283,2598,Amazon,Ctt Express,Convenience Stores,Convenience Stores,Amazon Counter - Martín&Merino,Martín&Merino,"C. San Pancracio, 1, Local 4","C. San Pancracio, 1, Local 4",4.5,100.0,63.41,True,True,False,True,True,False,Co-location,distance <= 5m
1288,3098,1289,3099,Amazon,UPS,Locker,Locker,Amazon Locker - Felicitas Gasolinera,P Taquilla Shell Las Tablas,Avda. Santo Domingo De La Calzada 10,"Av. de Santo Domingo de la Calzada, 10",2.95,95.77,29.51,True,True,False,True,True,False,Co-location,distance <= 5m
1288,3209,1289,3210,Amazon,Pudo,Locker,Click&Collect,Amazon Locker - Felicitas Gasolinera,E.S. Shell Las Tablas,Avda. Santo Domingo De La Calzada 10,"Av. de Santo Domingo de la Calzada, 10",4.41,95.77,25.93,True,True,False,False,True,False,Co-location,distance <= 5m
1288,1890,1289,1891,Amazon,SEUR,Locker,Locker,Amazon Locker - Felicitas Gasolinera,Seur Locker Shell Las Tab,Avda. Santo Domingo De La Calzada 10,"Av. de Santo Domingo de la Calzada, 10",8.04,95.77,47.46,True,True,False,True,True,False,Co-location,distance <= 15m and strong text match
1292,1294,1293,1295,Amazon,Amazon,Convenience Stores,Locker,Correos - Madrid Suc 81. Las Tablas,Citypaq Lockers-Correos Madrid Suc 81. Las Tablas,"C. de Capiscol, 12","C. de Capiscol, 12",3.54,100.0,80.0,True,True,True,False,True,False,Multi-service same company,distance <= 5m
1295,1887,1296,1888,Amazon,SEUR,Convenience Stores,Convenience Stores,Seur - Aldea Dulce,Aldea Dulce,"C. de Furelos, 3","C. de Furelos, 3",8.04,100.0,81.48,True,True,False,True,True,False,Co-location,distance <= 15m and strong text match
1306,1903,1307,1904,Amazon,SEUR,Convenience Stores,Convenience Stores,Amazon Counter - Novaestanco,Novaestanco,"Av. de las Glorietas, 20","Av. de las Glorietas, 20",2.93,100.0,59.46,True,True,False,True,True,False,Co-location,distance <= 5m
1308,1905,1309,1906,Amazon,SEUR,Convenience Stores,Convenience Stores,Seur - Modas Alicia,Modas Alicia,"C. Campiña, 4","C. Campiña, 4",5.68,100.0,82.76,True,True,False,True,True,False,Co-location,distance <= 15m and strong text match
1311,2609,1312,2610,Amazon,Ctt Express,Convenience Stores,Convenience Stores,Amazon Counter - Alimentacion & Dtodo,Alimentacion & Dtodo,"Av del Monte Igueldo, 108","Av del Monte Igueldo, 108",1.84,100.0,70.59,True,True,False,True,True,False,Co-location,distance <= 5m
1311,1909,1312,1910,Amazon,SEUR,Convenience Stores,Convenience Stores,Amazon Counter - Alimentacion & Dtodo,Alimentacion Y De Todo,"Av del Monte Igueldo, 108","Av del Monte Igueldo, 108",2.31,100.0,65.45,True,True,False,True,True,False,Co-location,distance <= 5m
1322,3122,1323,3123,SEUR,Pudo,Locker,Click&Collect,Ipk Velaz,Parking Interparking Velazquez - Jorge Juan,"Calle Velázquez, 14","Calle Velázquez, 14",4.37,100.0,36.0,True,True,False,False,True,False,Co-location,distance <= 5m
1322,3172,1323,3173,SEUR,Pudo,Locker,Click&Collect,Ipk Velaz,Parking Interparking Velazquez - Jorge Juan,"Calle Velázquez, 14","Calle Velázquez, 14, 16",4.84,92.31,36.0,True,True,False,False,True,False,Co-location,distance <= 5m
1326,2226,1327,2227,SEUR,Ctt Express,Convenience Stores,Convenience Stores,Estanco Florida,Estanco Florida,"Calle del Gral. Pardiñas, 64","Calle del Gral. Pardiñas, 64",1.92,100.0,100.0,True,True,False,True,True,False,Co-location,distance <= 5m
1326,1919,1327,1920,SEUR,Dhl,Convenience Stores,Convenience Stores,Estanco Florida,Estanco Florida,"Calle del Gral. Pardiñas, 64","Calle del Gral. Pardiñas, 64",2.17,100.0,100.0,True,True,False,True,True,False,Co-location,distance <= 5m
1326,2043,1327,2044,SEUR,Celeritas,Convenience Stores,Convenience Stores,Estanco Florida,Estanco Florida,"Calle del Gral. Pardiñas, 64","Calle del Gral. Pardiñas, 64",6.31,100.0,100.0,True,True,False,True,True,False,Co-location,distance <= 15m and strong text match
1326,2869,1327,2870,SEUR,UPS,Convenience Stores,Convenience Stores,Estanco Florida,Estanco Florida,"Calle del Gral. Pardiñas, 64","Calle del Gral. Pardiñas, 64",8.92,100.0,100.0,True,True,False,True,True,False,Co-location,distance <= 15m and strong text match
1328,2234,1329,2235,SEUR,Ctt Express,Convenience Stores,Convenience Stores,Ferretotal,Ferretotal,"C. de Mantuano, 9","C. de Mantuano, 9, Local",2.57,83.33,100.0,True,True,False,True,True,False,Co-location,distance <= 5m
1329,3176,1330,3177,SEUR,Pudo,Locker,Click&Collect,Mercado Prosperidad,Mercado De Prosperidad,"C. de López de Hoyos, 81","C. de López de Hoyos, 81",11.85,100.0,92.68,True,True,False,False,True,False,Co-location,distance <= 15m and strong text match
1332,2777,1333,2778,SEUR,Nacex,Locker,Convenience Stores,Remesas Zabal,Locutorio Caribe (2804-06),"Calle del Gral. Zabala, 1","Calle del Gral. Zabala, 1",4.06,100.0,16.22,True,True,False,False,True,False,Co-location,distance <= 5m
1332,3164,1333,3165,SEUR,Pudo,Locker,Click&Collect,Remesas Zabal,Remesas Dinámicas Zabala,"Calle del Gral. Zabala, 1","Calle del Gral. Zabala, 1",8.97,100.0,70.27,True,True,False,False,True,False,Co-location,distance <= 15m and strong text match
1333,2870,1334,2871,SEUR,UPS,Convenience Stores,Convenience Stores,Optica Golf,Optica Golf,"Calle del Príncipe de Vergara, 205","C. del Príncipe de Vergara, 205",2.89,93.55,100.0,True,True,False,True,True,False,Co-location,distance <= 5m
1334,3163,1335,3164,SEUR,Pudo,Locker,Click&Collect,Seur Locker Remesas Ramon,Remesas Dinámicas Ramos Carrión,"C. de Ramos Carrión, 5","C. de Ramos Carrión, 5",1.45,100.0,46.43,True,True,False,False,True,False,Co-location,distance <= 5m
1334,2236,1335,2237,SEUR,Ctt Express,Locker,Convenience Stores,Seur Locker Remesas Ramon,Locutorio A&M,"C. de Ramos Carrión, 5","C. de Ramos Carrión, 5",5.41,100.0,31.58,True,True,False,False,True,False,Co-location,distance <= 15m and strong text match
1336,2873,1337,2874,SEUR,UPS,Convenience Stores,Convenience Stores,Micro Ware,Micro Ware S. L.,"C. de Clara del Rey, 58","C. de Clara del Rey, 58",4.15,100.0,83.33,True,True,False,True,True,False,Co-location,distance <= 5m
1337,3165,1338,3166,SEUR,Pudo,Locker,Click&Collect,Pc Box,Pcbox Madrid (Cartagena),"C. de Cartagena, 115","C. de Cartagena, 115",5.76,100.0,35.71,True,True,False,False,True,False,Co-location,distance <= 15m and strong text match
1338,2232,1339,2233,SEUR,Ctt Express,Convenience Stores,Convenience Stores,Chip Inside,Chip Inside,"C. de Clara del Rey, 20","C. de Clara del Rey, 20",4.54,100.0,100.0,True,True,False,True,True,False,Co-location,distance <= 5m
1338,2047,1339,2048,SEUR,Celeritas,Convenience Stores,Convenience Stores,Chip Inside,Chip Inside,"C. de Clara del Rey, 20","C. de Clara del Rey, 20",6.09,100.0,100.0,True,True,False,True,True,False,Co-location,distance <= 15m and strong text match
1341,3143,1342,3144,SEUR,Pudo,Locker,Click&Collect,Lara Serrano,Autoescuela Lara Serrano El Viso,"C. de Serrano, 162","C. de Serrano, 162",10.78,100.0,54.55,True,True,False,False,True,False,Co-location,distance <= 15m and strong text match
1342,1343,1343,1344,SEUR,SEUR,Convenience Stores,Locker,Fotografia La Fontana,Foto Fontana,"C. de Alonso Cano, 50","C. de Alonso Cano, 50",0.0,100.0,72.73,True,True,True,False,True,False,Multi-service same company,distance <= 5m
1342,3140,1343,3141,SEUR,Pudo,Convenience Stores,Click&Collect,Fotografia La Fontana,Foto La Fontana,"C. de Alonso Cano, 50","C. de Alonso Cano, 50",5.45,100.0,83.33,True,True,False,False,True,False,Co-location,distance <= 15m and strong text match
1343,3140,1344,3141,SEUR,Pudo,Locker,Click&Collect,Foto Fontana,Foto La Fontana,"C. de Alonso Cano, 50","C. de Alonso Cano, 50",5.45,100.0,88.89,True,True,False,False,True,False,Co-location,distance <= 15m and strong text match
1345,2877,1346,2878,SEUR,UPS,Convenience Stores,Convenience Stores,Achalay,Achalay,"C. de Alonso Cano, 81","C. de Alonso Cano, 81",6.03,100.0,100.0,True,True,False,True,True,False,Co-location,distance <= 15m and strong text match
1347,2958,1348,2959,SEUR,UPS,Locker,Locker,Seur Locker Pki Villaverd,P Taquilla Intpkg Villaverde,"C. de Raimundo Fernández Villaverde, 57","C. de Raimundo Fernández Villaverde, 57",5.53,100.0,52.83,True,True,False,True,True,False,Co-location,distance <= 15m and strong text match
1348,3139,1349,3140,SEUR,Pudo,Locker,Click&Collect,Seur Locker Lidl Bravo Mu,Lidl Bravo Murillo,"C. de Bravo Murillo, 62","C. de Bravo Murillo, 62",1.29,100.0,60.47,True,True,False,False,True,False,Co-location,distance <= 5m
1348,2878,1349,2879,SEUR,UPS,Locker,Locker,Seur Locker Lidl Bravo Mu,Lidl Bravo Murillo,"C. de Bravo Murillo, 62","C. de Bravo Murillo, 62",1.98,100.0,60.47,True,True,False,True,True,False,Co-location,distance <= 5m
1350,2242,1351,2243,SEUR,Ctt Express,Convenience Stores,Convenience Stores,Mr Long,Mr. Long,"C. Galería Vallehermoso, 4","C. Galería Vallehermoso, 4",1.61,100.0,100.0,True,True,False,True,True,False,Co-location,distance <= 5m
1357,2249,1358,2250,SEUR,Ctt Express,Convenience Stores,Convenience Stores,Js Accesorios Y Movil,Movil Asesorias Malasaña,"C. del Espíritu Santo, 3","C. del Espíritu Santo, 3",2.72,100.0,48.89,True,True,False,True,True,False,Co-location,distance <= 5m
1360,2626,1361,2627,SEUR,Gls,Convenience Stores,Convenience Stores,Fotocopias Javipar,Ps Fotocopias Javipar,"C. de Loreto y Chicote, 13","C. de Loreto y Chicote, 13",2.03,100.0,92.31,True,True,False,True,True,False,Co-location,distance <= 5m
1361,3130,1362,3131,SEUR,Pudo,Locker,Click&Collect,Autoescuela,Autoescuela Lara Bilbao,"Calle de Ruiz, 14","Calle de Ruiz, 14",10.24,100.0,64.71,True,True,False,False,True,False,Co-location,distance <= 15m and strong text match
1364,2888,1365,2889,SEUR,UPS,Convenience Stores,Convenience Stores,Vinoteca La Cristaleria,Vinoteca La Cristalería,"P.o de las Acacias, 59","P.o de las Acacias, 59",11.11,100.0,100.0,True,True,False,True,True,False,Co-location,distance <= 15m and strong text match
1365,3116,1366,3117,SEUR,Pudo,Locker,Click&Collect,Seur Locker Lidl Cl Soria,Lidl C/ Soria,"C. de Soria, 2","C. de Soria, 2",0.95,100.0,64.86,True,True,False,False,True,False,Co-location,distance <= 5m
1371,1372,1372,1373,SEUR,SEUR,Locker,Convenience Stores,Seur Locker Locutorio Cib,Locutorio Ciber Marco,"C. de Ercilla, 12","C. de Ercilla, 12",0.0,100.0,56.52,True,True,True,False,True,False,Multi-service same company,distance <= 5m
1371,2890,1372,2891,SEUR,UPS,Locker,Convenience Stores,Seur Locker Locutorio Cib,Ciber Marco,"C. de Ercilla, 12","C. de Ercilla, 12",5.47,100.0,27.78,True,True,False,False,True,False,Co-location,distance <= 15m and strong text match
1372,2890,1373,2891,SEUR,UPS,Convenience Stores,Convenience Stores,Locutorio Ciber Marco,Ciber Marco,"C. de Ercilla, 12","C. de Ercilla, 12",5.47,100.0,68.75,True,True,False,True,True,False,Co-location,distance <= 15m and strong text match
1373,1923,1374,1924,SEUR,Dhl,Convenience Stores,Convenience Stores,Vapstore La Latina,Vapstore La Latina,"Pl. de Cascorro, 8","Pl. de Cascorro, 8",5.95,100.0,100.0,True,True,False,True,True,False,Co-location,distance <= 15m and strong text match
1374,2261,1375,2262,SEUR,Ctt Express,Convenience Stores,Convenience Stores,25 Olivas.,25 Olivas,"C. de la Ruda, 12","C. de la Ruda, 12",2.0,100.0,100.0,True,True,False,True,True,False,Co-location,distance <= 5m
1375,1376,1376,1377,SEUR,SEUR,Convenience Stores,Locker,Nuvole Di Profumo,Seur Locker Mercado Cebad,C. de la Cebada SN,C. de la Cebada SN,0.0,100.0,28.57,False,False,True,False,True,False,Multi-service same company,distance <= 5m
1378,2263,1379,2264,SEUR,Ctt Express,Convenience Stores,Convenience Stores,Estanco Melancólicos,Estanco Melancólicos,"P.o de los Melancólicos, 35","P.o de los Melancólicos, 35",7.71,100.0,100.0,True,True,False,True,True,False,Co-location,distance <= 15m and strong text match
1384,2621,1385,2622,SEUR,Gls,Convenience Stores,Convenience Stores,Cm26 Reprografía,Ps Cm26 Reprografia,"Calle de Maldonado, 26","Calle de Maldonado, 26",2.87,100.0,91.43,True,True,False,True,True,False,Co-location,distance <= 5m
1384,2893,1385,2894,SEUR,UPS,Convenience Stores,Convenience Stores,Cm26 Reprografía,Cm26 Reprografia,"Calle de Maldonado, 26","C. de Maldonado, 26",7.53,89.47,100.0,True,True,False,True,True,False,Co-location,distance <= 15m and strong text match
1392,3168,1393,3169,SEUR,Pudo,Locker,Click&Collect,Ipk Diego De Leon,Parking Interparking Diego De León,"Calle de Diego de León, 53","Calle de Diego de León, 53",6.35,100.0,66.67,True,True,False,False,True,False,Co-location,distance <= 15m and strong text match
1392,2892,1393,2893,SEUR,UPS,Locker,Locker,Ipk Diego De Leon,Intpkg Diego D Leon,"Calle de Diego de León, 53","Calle de Diego de León, 53",7.01,100.0,88.89,True,True,False,True,True,False,Co-location,distance <= 15m and strong text match
1399,3120,1400,3121,SEUR,Pudo,Locker,Click&Collect,Lara Conde De Casal,Autoescuela Lara Conde De Casal,"Av. del Mediterráneo, 41","Av. del Mediterráneo, 41",3.4,100.0,76.0,True,True,False,False,True,False,Co-location,distance <= 5m
1399,3174,1400,3175,SEUR,Pudo,Locker,Click&Collect,Lara Conde De Casal,Autoescuela Lara Conde De Casal,"Av. del Mediterráneo, 41","Av. del Mediterráneo, 41",3.76,100.0,76.0,True,True,False,False,True,False,Co-location,distance <= 5m
1404,2274,1405,2275,SEUR,Ctt Express,Convenience Stores,Convenience Stores,Doce Treinta Y Cuatro,Doce Treinta Y Cuatro,"C. del Dr. Esquerdo, 96","C. del Dr. Esquerdo, 96",14.1,100.0,100.0,True,True,False,True,True,False,Co-location,distance <= 15m and strong text match
1406,2276,1407,2277,SEUR,Ctt Express,Convenience Stores,Convenience Stores,Sol Internacional,Sol Internacional,"C. de Granada, 46","C. de Granada, 46",6.55,100.0,100.0,True,True,False,True,True,False,Co-location,distance <= 15m and strong text match
1409,3175,1410,3176,SEUR,Pudo,Locker,Click&Collect,Seur Lockers Lidl,Lidl Narciso Serra,"Calle de Narciso Serra, 13","Calle de Narciso Serra, 13, 15",8.48,94.34,22.86,True,True,False,False,True,False,Co-location,distance <= 15m and strong text match
1415,2286,1416,2287,SEUR,Ctt Express,Convenience Stores,Convenience Stores,Kallpaprincipe,Kallpaprincipe,"Av. de Valladolid, 9","Av. de Valladolid, 9",5.14,100.0,100.0,True,True,False,True,True,False,Co-location,distance <= 15m and strong text match
1416,2068,1417,2069,SEUR,Celeritas,Locker,Convenience Stores,Seur Locker Autoescuela X,Autoescuela Xtreme,"Gta. de San Antonio de la Florida, 1","Gta. de San Antonio de la Florida, 1",3.9,100.0,60.47,True,True,False,False,True,False,Co-location,distance <= 5m
1418,1419,1419,1420,SEUR,SEUR,Convenience Stores,Locker,Estanco 804,Seur Lockers Parking Bolto,"C. de Romero Robledo, 9","C. de Romero Robledo, 9",0.0,100.0,21.62,True,True,True,False,True,False,Multi-service same company,distance <= 5m
1421,2901,1422,2902,SEUR,UPS,Locker,Convenience Stores,Seur Lockers Principe Pio,Cc Principe Pio,"P.o de la Florida, 2","P.o de la Florida, 2",9.46,100.0,70.0,True,True,False,False,True,False,Co-location,distance <= 15m and strong text match
1421,3126,1422,3127,SEUR,Pudo,Locker,Click&Collect,Seur Lockers Principe Pio,C.C. Principe Pío,"P.o de la Florida, 2","P.o de la Florida, 2",12.79,100.0,73.17,True,True,False,False,True,False,Co-location,distance <= 15m and strong text match
1426,2291,1427,2292,SEUR,Ctt Express,Convenience Stores,Convenience Stores,Leurs Flurs,Estanco Narvaez,"C. de Narváez, 76","C. de Narváez, 76",2.87,100.0,15.38,True,True,False,True,True,False,Co-location,distance <= 5m
1433,2908,1434,2909,SEUR,UPS,Locker,Convenience Stores,Seur Lockers Autoescuela G,Auto Gala G Paredes,"Calle de García de Paredes, 74","Calle de García de Paredes, 74",1.53,100.0,35.56,True,True,False,False,True,False,Co-location,distance <= 5m
1433,3141,1434,3142,SEUR,Pudo,Locker,Click&Collect,Seur Lockers Autoescuela G,Autoescuela Gala García Paredes,"Calle de García de Paredes, 74","Calle de García de Paredes, 74",6.66,100.0,45.61,True,True,False,False,True,False,Co-location,distance <= 15m and strong text match
1436,2075,1437,2076,SEUR,Celeritas,Convenience Stores,Convenience Stores,Locutorio Mila,Locutorio Mila,"C. del Cardenal Cisneros, 64","C. del Cardenal Cisneros, 64",4.89,100.0,100.0,True,True,False,True,True,False,Co-location,distance <= 5m
1436,2654,1437,2655,SEUR,Gls,Convenience Stores,Convenience Stores,Locutorio Mila,Ps Locutorio Mila Nuevo,"C. del Cardenal Cisneros, 64","C. del Cardenal Cisneros, 64",7.71,100.0,75.68,True,True,False,True,True,False,Co-location,distance <= 15m and strong text match
1436,2789,1437,2790,SEUR,Nacex,Convenience Stores,Convenience Stores,Locutorio Mila,Locutorio Mila (2853-20),"C. del Cardenal Cisneros, 64","C. del Cardenal Cisneros, 64",7.81,100.0,77.78,True,True,False,True,True,False,Co-location,distance <= 15m and strong text match
1436,2302,1437,2303,SEUR,Ctt Express,Convenience Stores,Convenience Stores,Locutorio Mila,Locutorio Mila,"C. del Cardenal Cisneros, 64","C. del Cardenal Cisneros, 64",8.22,100.0,100.0,True,True,False,True,True,False,Co-location,distance <= 15m and strong text match
1436,2297,1437,2298,SEUR,Ctt Express,Convenience Stores,Convenience Stores,Locutorio Mila,Locutorio Mila,"C. del Cardenal Cisneros, 64","C. del Cardenal Cisneros, 64",9.35,100.0,100.0,True,True,False,True,True,False,Co-location,distance <= 15m and strong text match
1439,2907,1440,2908,SEUR,UPS,Convenience Stores,Convenience Stores,Pekes Pet Shop,Pekes Pet Shoppekes Pet Shop,"Calle de García de Paredes, 6","Calle de García de Paredes, 6",6.12,100.0,66.67,True,True,False,True,True,False,Co-location,distance <= 15m and strong text match
1441,2834,1442,2835,SEUR,Nacex,Convenience Stores,Convenience Stores,Candy Fiesta,Candy Fiesta (2886-16),"P.o de Extremadura, 200","P.o de Extremadura, 200",7.03,100.0,75.0,True,True,False,True,True,False,Co-location,distance <= 15m and strong text match
1446,2307,1447,2308,SEUR,Ctt Express,Convenience Stores,Convenience Stores,Mundo Móvil,Mundo Movil,"C. de Caramuel, 5","C. de Caramuel, 5",5.46,100.0,100.0,True,True,False,True,True,False,Co-location,distance <= 15m and strong text match
1453,2079,1454,2080,SEUR,Celeritas,Convenience Stores,Convenience Stores,Estanco 635,Estanco Cabestreros,"C. de los Cabestreros, 17","C. de los Cabestreros, 17",3.63,100.0,53.33,True,True,False,True,True,False,Co-location,distance <= 5m
1453,2316,1454,2317,SEUR,Ctt Express,Convenience Stores,Convenience Stores,Estanco 635,Estanco Cabestreros,"C. de los Cabestreros, 17","C. de los Cabestreros, 17",7.49,100.0,53.33,True,True,False,True,True,False,Co-location,distance <= 15m and strong text match
1462,2658,1463,2659,SEUR,Gls,Convenience Stores,Convenience Stores,24h Market,Ps Locutorio Pars Market,"Cost.a de los Ángeles, 15","Cost.a de los Ángeles, 15",14.67,100.0,41.18,True,True,False,True,True,False,Co-location,distance <= 15m and strong text match
1465,1466,1466,1467,SEUR,SEUR,Locker,Lsp Pudos,Seur Lockers Canalejas,Tienda Seur Canalejas,"Pl. de Canalejas, 1","Pl. de Canalejas, 1",0.0,100.0,65.12,True,True,True,False,True,False,Multi-service same company,distance <= 5m
1469,3133,1470,3134,SEUR,Pudo,Locker,Click&Collect,Seur Lockers Lidl Rodrigue,Lidl Rodriguez San Pedro,"C. de Rodríguez San Pedro, 22","C. de Rodríguez San Pedro, 22",2.63,100.0,52.0,True,True,False,False,True,False,Co-location,distance <= 5m
1470,3131,1471,3132,SEUR,Pudo,Locker,Click&Collect,Seur Lockers Midas,Midas Conde Duque,"C. del Conde Duque, 36","C. del Conde Duque, 36",7.35,100.0,28.57,True,True,False,False,True,False,Co-location,distance <= 15m and strong text match
1473,2340,1474,2341,SEUR,Ctt Express,Convenience Stores,Convenience Stores,Space Mobil,Space Mobil,"C. de Rodríguez San Pedro, 49","C. de Rodríguez San Pedro, 49",3.74,100.0,100.0,True,True,False,True,True,False,Co-location,distance <= 5m
1474,3132,1475,3133,SEUR,Pudo,Locker,Click&Collect,Seur Lockers Pk Quevedo,Parking Indigo Quevedo,"C. de Rodríguez San Pedro, 8","C. de Rodríguez San Pedro, 8",2.23,100.0,48.89,True,True,False,False,True,False,Co-location,distance <= 5m
1475,3134,1476,3135,SEUR,Pudo,Locker,Click&Collect,Seur Lockers Lara Fdez Rio,Autoescuela Lara Fernandez De Los Ríos,"C. de Fernández de los Ríos, 25","C. de Fernández de los Ríos, 25",11.69,100.0,53.12,True,True,False,False,True,False,Co-location,distance <= 15m and strong text match
1477,2339,1478,2340,SEUR,Ctt Express,Convenience Stores,Convenience Stores,Locutorio Samy,Locutorio Samy,"Calle de Antonio Grilo, 6","Calle de Antonio Grilo, 6",5.74,100.0,100.0,True,True,False,True,True,False,Co-location,distance <= 15m and strong text match
1479,3136,1480,3137,SEUR,Pudo,Locker,Click&Collect,Seur Lockers Lidl Guzman E,Lidl Guzman El Bueno,"C. de Guzmán el Bueno, 72","C. de Guzmán el Bueno, 72",5.98,100.0,56.52,True,True,False,False,True,False,Co-location,distance <= 15m and strong text match
1481,3162,1482,3163,SEUR,Pudo,Locker,Click&Collect,Seur Lockers Lara Costa Ri,Autoescuela Lara Costa Rica,"C. de Costa Rica, 12","C. de Costa Rica, 12",5.29,100.0,64.15,True,True,False,False,True,False,Co-location,distance <= 15m and strong text match
1484,1953,1485,1954,SEUR,Dhl,Convenience Stores,Convenience Stores,Prink Alberto Alcocer,Ayb Print Works Media Image,"Av. de Alberto de Alcocer, 48","Av. de Alberto de Alcocer, 48",2.03,100.0,33.33,True,True,False,True,True,False,Co-location,distance <= 5m
1484,2089,1485,2090,SEUR,Celeritas,Convenience Stores,Convenience Stores,Prink Alberto Alcocer,Prink,"Av. de Alberto de Alcocer, 48","Av. de Alberto de Alcocer, 48",3.63,100.0,38.46,True,True,False,True,True,False,Co-location,distance <= 5m
1488,1954,1489,1955,SEUR,Dhl,Convenience Stores,Convenience Stores,Estanco 869 Madrid,Estanco 869 Madrid,"C. de la Infanta María Teresa, 8","C. de la Infanta María Teresa, 8",10.2,100.0,100.0,True,True,False,True,True,False,Co-location,distance <= 15m and strong text match
1488,2922,1489,2923,SEUR,UPS,Convenience Stores,Convenience Stores,Estanco 869 Madrid,Estanco 869 Madrid,"C. de la Infanta María Teresa, 8","C. de la Infanta María Teresa, 8",11.3,100.0,100.0,True,True,False,True,True,False,Co-location,distance <= 15m and strong text match
1489,2341,1490,2342,SEUR,Ctt Express,Convenience Stores,Convenience Stores,Estanco 416 Y Loterias,Estanco 416,"C. de la Drácena, 19","C. de la Drácena, 19",4.88,100.0,66.67,True,True,False,True,True,False,Co-location,distance <= 5m
1489,2796,1490,2797,SEUR,Nacex,Convenience Stores,Convenience Stores,Estanco 416 Y Loterias,Estanco No 416 Madrid (2846-03),"C. de la Drácena, 19","C. de la Drácena, 19",8.35,100.0,54.9,True,True,False,True,True,False,Co-location,distance <= 15m and strong text match
1489,2091,1490,2092,SEUR,Celeritas,Convenience Stores,Convenience Stores,Estanco 416 Y Loterias,Estanco 416,"C. de la Drácena, 19","C. de la Drácena, 19",9.5,100.0,66.67,True,True,False,True,True,False,Co-location,distance <= 15m and strong text match
1492,3230,1493,3231,SEUR,Pudo,Locker,Click&Collect,Seur Locker Euroenvios Ez,Locutorio Euroenvíos V Ezequiel Solana,"C. de Ezequiel Solana, 102","C. de Ezequiel Solana, 102",3.84,100.0,57.14,True,True,False,False,True,False,Co-location,distance <= 5m
1492,2925,1493,2926,SEUR,UPS,Locker,Locker,Seur Locker Euroenvios Ez,P Taquilla Loc Euro Ezq Solana,"C. de Ezequiel Solana, 102","C. de Ezequiel Solana, 102",6.4,100.0,47.27,True,True,False,True,True,False,Co-location,distance <= 15m and strong text match
1493,2096,1494,2097,SEUR,Celeritas,Convenience Stores,Convenience Stores,Papeleria Libreria Adelfa,"Prensa,Papeleria Y Fotocopias","C. del Poeta Blas de Otero, 32","C. del Poeta Blas de Otero, 32",3.07,100.0,44.44,True,True,False,True,True,False,Co-location,distance <= 5m
1494,1496,1495,1497,SEUR,SEUR,Convenience Stores,Locker,Locutorio La Elipa,Seur Locker Euroenvios Ma,"Cl. de San Maximiliano, 45","Cl. de San Maximiliano, 45",6.49,100.0,41.86,True,True,True,False,True,False,Multi-service same company,distance <= 15m and strong text match
1494,3231,1495,3232,SEUR,Pudo,Convenience Stores,Click&Collect,Locutorio La Elipa,Locutorio Euroenvíos Calle San Maximiliano,"Cl. de San Maximiliano, 45","Cl. de San Maximiliano, 45",12.15,100.0,53.33,True,True,False,False,True,False,Co-location,distance <= 15m and strong text match
1496,3231,1497,3232,SEUR,Pudo,Locker,Click&Collect,Seur Locker Euroenvios Ma,Locutorio Euroenvíos Calle San Maximiliano,"Cl. de San Maximiliano, 45","Cl. de San Maximiliano, 45",8.73,100.0,53.73,True,True,False,False,True,False,Co-location,distance <= 15m and strong text match
1501,2927,1502,2928,SEUR,UPS,Convenience Stores,Convenience Stores,Tinta Y Toner Pueblo Nuev,Tinta Y Toner Pueblo Nuevo,"C. de Emilio Ferrari, 40","C. de Emilio Ferrari, 40",5.72,100.0,98.04,True,True,False,True,True,False,Co-location,distance <= 15m and strong text match
1504,3227,1505,3228,SEUR,Pudo,Locker,Click&Collect,Seur Locker Latin Travel,Latin Travel Escalante,"C. Amos de Escalante, 1","C. Amos de Escalante, 1",10.94,100.0,52.17,True,True,False,False,True,False,Co-location,distance <= 15m and strong text match
1507,2933,1508,2934,SEUR,UPS,Convenience Stores,Convenience Stores,Dismicro Bros Sl,Dismicro Bros,"Av. de Palomeras, 82","Av. de Palomeras, 82",2.52,100.0,89.66,True,True,False,True,True,False,Co-location,distance <= 5m
1508,3251,1509,3252,SEUR,Pudo,Locker,Click&Collect,Seur Locker New Linea Dig,New Linea Digital,"Av. de Palomeras, 126","Av. de Palomeras, 126",3.96,100.0,61.9,True,True,False,False,True,False,Co-location,distance <= 5m
1510,2930,1511,2931,SEUR,UPS,Locker,Locker,Seur Locker Lara Pedro La,P Taquilla Aut Lara P Laborde,"C. de Pedro Laborde, 45","C. de Pedro Laborde, 45",7.35,100.0,44.44,True,True,False,True,True,False,Co-location,distance <= 15m and strong text match
1513,2935,1514,2936,SEUR,UPS,Locker,Locker,Seur Locker Lidl P Neruda,P Taquilla Lidl Pablo Neruda,"Av. de Pablo Neruda, 138","Av. de Pablo Neruda, 138",1.32,100.0,60.38,True,True,False,True,True,False,Co-location,distance <= 5m
1513,3252,1514,3253,SEUR,Pudo,Locker,Click&Collect,Seur Locker Lidl P Neruda,Lidl Pablo Neruda 138,"Av. de Pablo Neruda, 138","Av. de Pablo Neruda, 138",6.74,100.0,56.52,True,True,False,False,True,False,Co-location,distance <= 15m and strong text match
1516,3253,1517,3254,SEUR,Pudo,Locker,Click&Collect,Seur Locker Cc Madrid Sur,C.C. Madrid Sur,"Av. de Pablo Neruda, 91","Av. de Pablo Neruda, 91",4.64,100.0,66.67,True,True,False,False,True,False,Co-location,distance <= 5m
1519,2709,1520,2710,SEUR,Gls,Convenience Stores,Convenience Stores,Alimentacion Paulina Odia,Ps La Maña,"C. Paulina Odiaga, 43",Calle Paulina Odiaga 43,4.43,90.48,28.57,True,True,False,True,True,False,Co-location,distance <= 5m
1523,3190,1524,3191,SEUR,Pudo,Locker,Click&Collect,Seur Locker Latin Travel,Latin Travel Castro De Oro,"C. Castro de Oro, 12","C. Castro de Oro, 12",9.35,100.0,48.0,True,True,False,False,True,False,Co-location,distance <= 15m and strong text match
1526,2944,1527,2945,SEUR,UPS,Locker,Locker,Seur Locker Lara Marques,P Taquilla Aut Lara Md Vadillo,"Gta. Marqués de Vadillo, 4","Gta. Marqués de Vadillo, 4",10.6,100.0,37.04,True,True,False,True,True,False,Co-location,distance <= 15m and strong text match
1527,2939,1528,2940,SEUR,UPS,Convenience Stores,Convenience Stores,Triple B Electrodomestico,Triple B Electrodomesticos,"C. de la Vía, 30","C. de la Vía, 30",3.62,100.0,98.04,True,True,False,True,True,False,Co-location,distance <= 5m
1529,2946,1530,2947,SEUR,UPS,Convenience Stores,Convenience Stores,Copytex,Copytex,"C. Castellflorite, 7","C. Castellflorite, 7",5.9,100.0,100.0,True,True,False,True,True,False,Co-location,distance <= 15m and strong text match
1533,3125,1534,3126,SEUR,Pudo,Locker,Click&Collect,Seur Locker Lidl Puente D,Lidl Puente De Praga,"Calle de Antonio López, 78","Calle de Antonio López, 78",12.38,100.0,57.78,True,True,False,False,True,False,Co-location,distance <= 15m and strong text match
1534,2951,1535,2952,SEUR,UPS,Locker,Convenience Stores,Seur Lockers Pk Orense,Pkg Indigo Orense,"C. de Orense, 50","C. de Orense, 50",13.67,100.0,46.15,True,True,False,False,True,False,Co-location,distance <= 15m and strong text match
1534,3152,1535,3153,SEUR,Pudo,Locker,Click&Collect,Seur Lockers Pk Orense,Parking Indigo Orense,"C. de Orense, 50","C. de Orense, 50",14.88,100.0,46.51,True,True,False,False,True,False,Co-location,distance <= 15m and strong text match
1535,2384,1536,2385,SEUR,Ctt Express,Locker,Convenience Stores,Seur Lockers Ferretería Cu,Ferreteria Perfumeria Cuzco Ferrcash,"C. del Poeta Joan Maragall, 19","C. del Poeta Joan Maragall, 19",6.55,100.0,41.94,True,True,False,False,True,False,Co-location,distance <= 15m and strong text match
1542,3150,1543,3151,SEUR,Pudo,Locker,Click&Collect,Seur Lockers Tienda Consum,La Tienda Del Consumible Bravo Murillo,"C. de Bravo Murillo, 221","C. de Bravo Murillo, 221",3.43,100.0,46.88,True,True,False,False,True,False,Co-location,distance <= 5m
1542,2954,1543,2955,SEUR,UPS,Locker,Convenience Stores,Seur Lockers Tienda Consum,La T Del Consumible,"C. de Bravo Murillo, 221","C. de Bravo Murillo, 221",5.74,100.0,48.89,True,True,False,False,True,False,Co-location,distance <= 15m and strong text match
1545,2956,1546,2957,SEUR,UPS,Locker,Convenience Stores,Seur Lockers Pki Hernani,Int Pkg Hernani,"C. de Hernani, 75","C. de Hernani, 75",6.8,100.0,56.41,True,True,False,False,True,False,Co-location,distance <= 15m and strong text match
1545,3145,1546,3146,SEUR,Pudo,Locker,Click&Collect,Seur Lockers Pki Hernani,Parking Interparking Hernani,"C. de Hernani, 75","C. de Hernani, 75",8.56,100.0,57.69,True,True,False,False,True,False,Co-location,distance <= 15m and strong text match
1547,3147,1548,3148,SEUR,Pudo,Locker,Click&Collect,Seur Lockers Lidl 4 Camino,Lidl Cuatro Caminos,"C. de Bravo Murillo, 121","C. de Bravo Murillo, 121",6.0,100.0,53.33,True,True,False,False,True,False,Co-location,distance <= 15m and strong text match
1548,1549,1549,1550,SEUR,SEUR,Locker,Convenience Stores,Seur Lockers Latin Travel,Latin Travel España,"C. de los Artistas, 19","C. de los Artistas, 19",0.0,100.0,54.55,True,True,True,False,True,False,Multi-service same company,distance <= 5m
1553,2394,1554,2395,SEUR,Ctt Express,Convenience Stores,Convenience Stores,La Planada,La Planada,"P.o Talleres, 66","P.o Talleres, 66",2.39,100.0,100.0,True,True,False,True,True,False,Co-location,distance <= 5m
1553,2698,1554,2699,SEUR,Gls,Convenience Stores,Convenience Stores,La Planada,Ps La Planada,"P.o Talleres, 66","P.o Talleres, 66",8.55,100.0,86.96,True,True,False,True,True,False,Co-location,distance <= 15m and strong text match
1556,2392,1557,2393,SEUR,Ctt Express,Convenience Stores,Convenience Stores,Ecuazaruma Sl,Ecuazaruma Sociedad Limitada,"C. de Juan Peñalver, 66","C. de Juan Peñalver, 66, LOCAL 2",5.75,84.0,63.41,True,True,False,True,True,False,Co-location,distance <= 15m and strong text match
1556,2699,1557,2700,SEUR,Gls,Convenience Stores,Convenience Stores,Ecuazaruma Sl,Ps Locutorio Estefania,"C. de Juan Peñalver, 66","C. de Juan Peñalver, 66",6.1,100.0,22.86,True,True,False,True,True,False,Co-location,distance <= 15m and strong text match
1562,2962,1563,2963,SEUR,UPS,Locker,Convenience Stores,Seur Locker Go Autoescuel,Autoescuela Go Ginger,"C. del Bario, 16","C. del Bario, 16",9.76,100.0,43.48,True,True,False,False,True,False,Co-location,distance <= 15m and strong text match
1563,2970,1564,2971,SEUR,UPS,Locker,Convenience Stores,Seur Locker Plenilunio,Aromas Artesanales Plenilunio,C. de Aracne SN,C. de Aracne SN,4.01,100.0,58.82,False,False,False,False,True,False,Co-location,distance <= 5m
1564,2125,1565,2126,SEUR,Celeritas,Convenience Stores,Convenience Stores,Papelería Odín,Bel Art,"C. de Sofía, 56","C. de Sofía, 56",5.56,100.0,28.57,True,True,False,True,True,False,Co-location,distance <= 15m and strong text match
1564,2969,1565,2970,SEUR,UPS,Convenience Stores,Convenience Stores,Papelería Odín,Fnx-Belart,"C. de Sofía, 56","C. de Sofía, 56",6.29,100.0,25.0,True,True,False,True,True,False,Co-location,distance <= 15m and strong text match
1564,1969,1565,1970,SEUR,Dhl,Convenience Stores,Convenience Stores,Papelería Odín,Papeleria Fotografia Odin,"C. de Sofía, 56","C. de Sofía, 56",14.57,100.0,71.79,True,True,False,True,True,False,Co-location,distance <= 15m and strong text match
1566,2133,1567,2134,SEUR,Celeritas,Convenience Stores,Convenience Stores,New Mascota Canillejas,New Mascota Canillejas,"C/ de Boltaña, 59","C/ de Boltaña, 59",8.09,100.0,100.0,True,True,False,True,True,False,Co-location,distance <= 15m and strong text match
1569,1971,1570,1972,SEUR,Dhl,Convenience Stores,Convenience Stores,Rmc Servicios,Rmc Servicios,"C. de Nicolasa Gómez, 72","C. de Nicolasa Gómez, 72",7.22,100.0,100.0,True,True,False,True,True,False,Co-location,distance <= 15m and strong text match
1569,2400,1570,2401,SEUR,Ctt Express,Convenience Stores,Convenience Stores,Rmc Servicios,Rmc Servicios,"C. de Nicolasa Gómez, 72","C. de Nicolasa Gómez, 72",7.75,100.0,100.0,True,True,False,True,True,False,Co-location,distance <= 15m and strong text match
1569,2968,1570,2969,SEUR,UPS,Convenience Stores,Convenience Stores,Rmc Servicios,3d Distribución Documental,"C. de Nicolasa Gómez, 72","C. de Nicolasa Gómez, 72",9.47,100.0,25.64,True,True,False,True,True,False,Co-location,distance <= 15m and strong text match
1569,2128,1570,2129,SEUR,Celeritas,Convenience Stores,Convenience Stores,Rmc Servicios,Rmc Servicios,"C. de Nicolasa Gómez, 72","C. de Nicolasa Gómez, 72",11.04,100.0,100.0,True,True,False,True,True,False,Co-location,distance <= 15m and strong text match
1572,3228,1573,3229,SEUR,Pudo,Locker,Click&Collect,Seur Locker Lidl Canillej,Lidl Canillejas,"Av. de Canillejas a Vicálvaro, 43","Av. de Canillejas a Vicálvaro, 43",14.16,100.0,65.0,True,True,False,False,True,False,Co-location,distance <= 15m and strong text match
1576,3202,1577,3203,SEUR,Pudo,Locker,Click&Collect,Seur Locker Sexta Avenida,C.C. Sexta Avenida,"Av. de la Victoria, 2","Av. de la Victoria, 2",13.71,100.0,76.19,True,True,False,False,True,False,Co-location,distance <= 15m and strong text match
1577,2974,1578,2975,SEUR,UPS,Convenience Stores,Convenience Stores,Bazar El Parque,Bazar El Parque,"C. de Fuente de Lima, 5","C. de Fuente de Lima, 5",0.92,100.0,100.0,True,True,False,True,True,False,Co-location,distance <= 5m
1577,2411,1578,2412,SEUR,Ctt Express,Convenience Stores,Convenience Stores,Bazar El Parque,Bazar El Parque,"C. de Fuente de Lima, 5","C. de Fuente de Lima, 5",5.93,100.0,100.0,True,True,False,True,True,False,Co-location,distance <= 15m and strong text match
1577,2135,1578,2136,SEUR,Celeritas,Convenience Stores,Convenience Stores,Bazar El Parque,Bazar El Parque,"C. de Fuente de Lima, 5","C. de Fuente de Lima, 5",8.53,100.0,100.0,True,True,False,True,True,False,Co-location,distance <= 15m and strong text match
1579,2413,1580,2414,SEUR,Ctt Express,Locker,Convenience Stores,Seur Locker Gala Jardin,€Uroconexion 06 Fuentesauco,"C. Fuentesaúco, 11","C. Fuentesaúco, 11",4.8,100.0,28.57,True,True,False,False,True,False,Co-location,distance <= 5m
1581,3192,1582,3193,SEUR,Pudo,Locker,Click&Collect,Seur Locker Lidl Cl Illes,Lidl Calle Illescas,C. de Illescas SN,C. de Illescas,2.49,89.66,59.09,False,False,False,False,True,False,Co-location,distance <= 5m
1583,2409,1584,2410,SEUR,Ctt Express,Convenience Stores,Convenience Stores,Pharmanatur,Pharmanatur,"C. de Illescas, 81","C. de Illescas, 81",0.93,100.0,100.0,True,True,False,True,True,False,Co-location,distance <= 5m
1583,2978,1584,2979,SEUR,UPS,Convenience Stores,Convenience Stores,Pharmanatur,Pharmanatur,"C. de Illescas, 81","C. de Illescas, 81",1.29,100.0,100.0,True,True,False,True,True,False,Co-location,distance <= 5m
1583,2833,1584,2834,SEUR,Nacex,Convenience Stores,Convenience Stores,Pharmanatur,Pharmanatur (2883-13),"C. de Illescas, 81","C. de Illescas, 81",4.05,100.0,73.33,True,True,False,True,True,False,Co-location,distance <= 5m
1589,2980,1590,2981,SEUR,UPS,Convenience Stores,Convenience Stores,Expendeduria 574,Expendeduria 574,"Calle del Gral. Ricardos, 244","Calle del Gral. Ricardos, 244",1.29,100.0,100.0,True,True,False,True,True,False,Co-location,distance <= 5m
1589,2137,1590,2138,SEUR,Celeritas,Convenience Stores,Convenience Stores,Expendeduria 574,Expendiduria 574,"Calle del Gral. Ricardos, 244","Calle del Gral. Ricardos, 244",1.84,100.0,93.75,True,True,False,True,True,False,Co-location,distance <= 5m
1589,2418,1590,2419,SEUR,Ctt Express,Convenience Stores,Convenience Stores,Expendeduria 574,Expendiduria 574,"Calle del Gral. Ricardos, 244","Calle del Gral. Ricardos, 244",3.68,100.0,93.75,True,True,False,True,True,False,Co-location,distance <= 5m
1590,2985,1591,2986,SEUR,UPS,Convenience Stores,Convenience Stores,Locutorio Khan 2,Full-Locutorio Khan 2,"P.o Castellanos, 65","C. Aliseda, 32",10.69,13.33,86.49,True,False,False,True,True,False,Co-location,distance <= 15m and strong text match
1591,2724,1592,2725,SEUR,Gls,Convenience Stores,Convenience Stores,Papeleria Los Pinos,Ps Papeleria Los Pinos,"C. de Argüeso, 38",Calle de Argüeso 38,12.15,88.24,92.68,True,True,False,True,True,False,Co-location,distance <= 15m and strong text match
1592,2984,1593,2985,SEUR,UPS,Convenience Stores,Convenience Stores,Master Ocio,Master Ocio,"C. de Eugenia de Montijo, 65","C. de Eugenia de Montijo, 65",0.91,100.0,100.0,True,True,False,True,True,False,Co-location,distance <= 5m
1592,2825,1593,2826,SEUR,Nacex,Convenience Stores,Convenience Stores,Master Ocio,Master Ocio (2883-22),"C. de Eugenia de Montijo, 65","C. de Eugenia de Montijo, 65",2.88,100.0,73.33,True,True,False,True,True,False,Co-location,distance <= 5m
1592,2420,1593,2421,SEUR,Ctt Express,Convenience Stores,Convenience Stores,Master Ocio,Master Ocio,"C. de Eugenia de Montijo, 65","C. de Eugenia de Montijo, 65",11.99,100.0,100.0,True,True,False,True,True,False,Co-location,distance <= 15m and strong text match
1594,2426,1595,2427,SEUR,Ctt Express,Convenience Stores,Convenience Stores,Supermercado El Ahorro,Yp Belleza Y Glamur,"C. de la Laguna, 74","C. de la Laguna, 74",1.99,100.0,34.15,True,True,False,True,True,False,Co-location,distance <= 5m
1598,2423,1599,2424,SEUR,Ctt Express,Convenience Stores,Convenience Stores,Info Repuestos,Info Repuestos,"C. Eduardo Morales, 7","C. Eduardo Morales, 7",8.34,100.0,100.0,True,True,False,True,True,False,Co-location,distance <= 15m and strong text match
1600,2427,1601,2428,SEUR,Ctt Express,Convenience Stores,Convenience Stores,La Plaza Del Movil,La Plaza Del Movil,"C. de la Laguna, 40","C. de la Laguna, 40",2.6,100.0,100.0,True,True,False,True,True,False,Co-location,distance <= 5m
1602,1981,1603,1982,SEUR,Dhl,Convenience Stores,Convenience Stores,Tizas 91,Tizas 91,"Av. de Ntra. Sra. de Valvanera, 91","Av. de Ntra. Sra. de Valvanera, 91",13.48,100.0,100.0,True,True,False,True,True,False,Co-location,distance <= 15m and strong text match
1603,1605,1604,1606,SEUR,SEUR,Convenience Stores,Locker,Latin Travel,Seur Locker Latin Travel,"C. de la Laguna, 30","C. de la Laguna, 30",4.03,100.0,66.67,True,True,True,False,True,False,Multi-service same company,distance <= 5m
1603,3197,1604,3198,SEUR,Pudo,Convenience Stores,Click&Collect,Latin Travel,Latin Travel La Laguna,"C. de la Laguna, 30","C. de la Laguna, 30",5.37,100.0,70.59,True,True,False,False,True,False,Co-location,distance <= 15m and strong text match
1605,3197,1606,3198,SEUR,Pudo,Locker,Click&Collect,Seur Locker Latin Travel,Latin Travel La Laguna,"C. de la Laguna, 30","C. de la Laguna, 30",2.54,100.0,52.17,True,True,False,False,True,False,Co-location,distance <= 5m
1608,3182,1609,3183,SEUR,Pudo,Locker,Click&Collect,Seur Locker Latin Travel,Latin Travel Pilarica,"C. de la Pilarica, 22","C. de la Pilarica, 22",12.49,100.0,53.33,True,True,False,False,True,False,Co-location,distance <= 15m and strong text match
1614,3183,1615,3184,SEUR,Pudo,Locker,Click&Collect,Seur Locker Lidl Marcelo,Lidl Marcelo Usera,"C. de Marcelo Usera, 26","C. de Marcelo Usera, 26",12.85,100.0,57.14,True,True,False,False,True,False,Co-location,distance <= 15m and strong text match
1615,2141,1616,2142,SEUR,Celeritas,Convenience Stores,Convenience Stores,Damalar Viajes,Damalar Viajes,"C. de la Cuesta, 15","C. de la Cuesta, 15",10.48,100.0,100.0,True,True,False,True,True,False,Co-location,distance <= 15m and strong text match
1615,2989,1616,2990,SEUR,UPS,Convenience Stores,Convenience Stores,Damalar Viajes,Damalar Viajes,"C. de la Cuesta, 15","C. de la Cuesta, 15",10.86,100.0,100.0,True,True,False,True,True,False,Co-location,distance <= 15m and strong text match
1619,3181,1620,3182,SEUR,Pudo,Locker,Click&Collect,Seur Locker Autoescuela M,Autoescuela Marcelo Usera,"C. de Manuel Noya, 29","C. de Manuel Noya, 29",8.52,100.0,52.0,True,True,False,False,True,False,Co-location,distance <= 15m and strong text match
1620,3184,1621,3185,SEUR,Pudo,Locker,Click&Collect,Seur Locker Lara Usera,Autoescuela Lara Usera,"Av. de Córdoba, 8","Av. de Córdoba, 8",4.07,100.0,63.64,True,True,False,False,True,False,Co-location,distance <= 5m
1622,2432,1623,2433,SEUR,Ctt Express,Convenience Stores,Convenience Stores,Locutorio Hazif,Aks Locutorio,"Calle de Antonio López, 156","Calle de Antonio López, 156",2.93,100.0,64.29,True,True,False,True,True,False,Co-location,distance <= 5m
1622,2947,1623,2948,SEUR,UPS,Convenience Stores,Locker,Locutorio Hazif,P Taquilla Auto Gala Ant Lopez,"Calle de Antonio López, 156","Calle de Antonio López, 156",6.4,100.0,26.67,True,True,False,False,True,False,Co-location,distance <= 15m and strong text match
1622,3185,1623,3186,SEUR,Pudo,Convenience Stores,Click&Collect,Locutorio Hazif,Autoescuela Gala Antonio López,"Calle de Antonio López, 156","Calle de Antonio López, 156",8.92,100.0,31.11,True,True,False,False,True,False,Co-location,distance <= 15m and strong text match
1628,2996,1629,2997,SEUR,UPS,Convenience Stores,Convenience Stores,El Arbol De La Vida,Centro Arbol De La Vida,"C. del Gral. Aranaz, 42","C. del Gral. Aranaz, 42",6.52,100.0,85.71,True,True,False,True,True,False,Co-location,distance <= 15m and strong text match
1629,3220,1630,3221,SEUR,Pudo,Locker,Click&Collect,Seur Locker Papeleria Man,Papelería Manil,"C. de la Madre Antonia París, 4","C. de la Madre Antonia París, 4",1.28,100.0,65.0,True,True,False,False,True,False,Co-location,distance <= 5m
1632,2144,1633,2145,SEUR,Celeritas,Locker,Convenience Stores,Seur Locker Alcala Norte,Maslife Marcelo Usera,"C. de Alcalá, 414","C. de Alcalá, 414",10.43,100.0,17.78,True,True,False,False,True,False,Co-location,distance <= 15m and strong text match
1634,2990,1635,2991,SEUR,UPS,Locker,Locker,Seur Locker Autoescuela G,P Taquilla Auto Gala B Blanco,"Av. de Badajoz, 5","Av. de Badajoz, 5",10.61,100.0,37.04,True,True,False,True,True,False,Co-location,distance <= 15m and strong text match
1636,1637,1637,1638,SEUR,SEUR,Locker,Convenience Stores,Seur Locker Calderon Alca,Denver75,"C. de Alcalá, 311","C. de Alcalá, 311",0.0,100.0,18.18,True,True,True,False,True,False,Multi-service same company,distance <= 5m
1636,2995,1637,2996,SEUR,UPS,Locker,Convenience Stores,Seur Locker Calderon Alca,Denver75,"C. de Alcalá, 311","C. de Alcalá, 311",6.58,100.0,18.18,True,True,False,False,True,False,Co-location,distance <= 15m and strong text match
1636,3224,1637,3225,SEUR,Pudo,Locker,Click&Collect,Seur Locker Calderon Alca,Autoescuela Calderón Iv Alcala 311,"C. de Alcalá, 311","C. de Alcalá, 311",10.11,100.0,57.63,True,True,False,False,True,False,Co-location,distance <= 15m and strong text match
1637,2995,1638,2996,SEUR,UPS,Convenience Stores,Convenience Stores,Denver75,Denver75,"C. de Alcalá, 311","C. de Alcalá, 311",6.58,100.0,100.0,True,True,False,True,True,False,Co-location,distance <= 15m and strong text match
1637,3224,1638,3225,SEUR,Pudo,Convenience Stores,Click&Collect,Denver75,Autoescuela Calderón Iv Alcala 311,"C. de Alcalá, 311","C. de Alcalá, 311",10.11,100.0,19.05,True,True,False,False,True,False,Co-location,distance <= 15m and strong text match
1641,2455,1642,2456,SEUR,Ctt Express,Convenience Stores,Convenience Stores,El Geniux,El Geniux,"Av. de los Toreros, 43","Av. de los Toreros, 43",5.81,100.0,100.0,True,True,False,True,True,False,Co-location,distance <= 15m and strong text match
1642,3170,1643,3171,SEUR,Pudo,Convenience Stores,Click&Collect,Mundo Del Movil,Mundo Movil Colomer,"Calle de Colomer, 3","Calle de Colomer, 3",4.9,100.0,64.71,True,True,False,False,True,False,Co-location,distance <= 5m
1642,2674,1643,2675,SEUR,Gls,Convenience Stores,Convenience Stores,Mundo Del Movil,Ps Mundo Movil Diagnostico Colomer,"Calle de Colomer, 3","Calle de Colomer, 3, local 3",7.49,81.82,44.9,True,True,False,True,True,False,Co-location,distance <= 15m and strong text match
1642,2453,1643,2454,SEUR,Ctt Express,Convenience Stores,Convenience Stores,Mundo Del Movil,Mundo Del Movil,"Calle de Colomer, 3","Calle de Colomer, 3",9.08,100.0,100.0,True,True,False,True,True,False,Co-location,distance <= 15m and strong text match
1644,1987,1645,1988,SEUR,Dhl,Convenience Stores,Convenience Stores,De Buena Tinta,Bazar De Buena Tinta,"C/ de Francisco Silvela, 20","C/ de Francisco Silvela, 20",9.08,100.0,82.35,True,True,False,True,True,False,Co-location,distance <= 15m and strong text match
1645,3169,1646,3170,SEUR,Pudo,Locker,Click&Collect,Seur Lockers Estanco Alfon,Estanco Alfonso Verdugo,"C. de Azcona, 18","calle Azcona, 18",9.46,82.76,53.06,True,True,False,False,True,False,Co-location,distance <= 15m and strong text match
1647,1988,1648,1989,SEUR,Dhl,Convenience Stores,Convenience Stores,Copipc.,Copi Pc,"P.o del Marqués de Zafra, 23","P.o del Marqués de Zafra, 23",4.89,100.0,92.31,True,True,False,True,True,False,Co-location,distance <= 5m
1649,2456,1650,2457,SEUR,Ctt Express,Convenience Stores,Convenience Stores,Locutorio Marandu,Locutorio Marandu,"C. de Ardemans, 44","C. de Ardemans, 44",9.08,100.0,100.0,True,True,False,True,True,False,Co-location,distance <= 15m and strong text match
1651,2150,1652,2151,SEUR,Celeritas,Convenience Stores,Convenience Stores,La Casa Del Cartucho,La Casa Del Cartucho,"C/ de Francisco Silvela, 72","C/ de Francisco Silvela, 72",6.55,100.0,100.0,True,True,False,True,True,False,Co-location,distance <= 15m and strong text match
1651,2450,1652,2451,SEUR,Ctt Express,Convenience Stores,Convenience Stores,La Casa Del Cartucho,La Casa Del Cartucho,"C/ de Francisco Silvela, 72","C/ de Francisco Silvela, 72",11.84,100.0,100.0,True,True,False,True,True,False,Co-location,distance <= 15m and strong text match
1652,3166,1653,3167,SEUR,Pudo,Locker,Click&Collect,Seur Lockers Lara Avda Ame,Autoescuela Lara Avda De América,"C. de Cartagena, 110","C. de Cartagena, 110",3.52,100.0,58.62,True,True,False,False,True,False,Co-location,distance <= 5m
1657,3004,1658,3005,SEUR,UPS,Convenience Stores,Convenience Stores,Envios Masivos,Inversiones Masivo,"C. de Álvarez, 19","C. de Álvarez, 19",4.04,100.0,75.0,True,True,False,True,True,False,Co-location,distance <= 5m
1657,2680,1658,2681,SEUR,Gls,Convenience Stores,Convenience Stores,Envios Masivos,Ps Envíos Masivo,"C. de Álvarez, 19","C. de Álvarez, 19",4.54,100.0,86.67,True,True,False,True,True,False,Co-location,distance <= 5m
1657,1990,1658,1991,SEUR,Dhl,Convenience Stores,Convenience Stores,Envios Masivos,Envios Masivo,"C. de Álvarez, 19","C. de Álvarez, 19",8.12,100.0,96.3,True,True,False,True,True,False,Co-location,distance <= 15m and strong text match
1657,2153,1658,2154,SEUR,Celeritas,Convenience Stores,Convenience Stores,Envios Masivos,Envios Masivo,"C. de Álvarez, 19","C. de Álvarez, 19, Local 1",9.98,78.95,96.3,True,True,False,True,True,False,Co-location,distance <= 15m and strong text match
1657,1659,1658,1660,SEUR,SEUR,Convenience Stores,Locker,Envios Masivos,Seur Lockers Inv Masivos,"C. de Álvarez, 19","C. de Álvarez, 19",11.94,100.0,57.89,True,True,True,False,True,False,Multi-service same company,distance <= 15m and strong text match
1657,3155,1658,3156,SEUR,Pudo,Convenience Stores,Click&Collect,Envios Masivos,Inversiones Masivo S.L.,"C. de Álvarez, 19","C. de Álvarez, 19",14.43,100.0,72.22,True,True,False,False,True,False,Co-location,distance <= 15m and strong text match
1659,2153,1660,2154,SEUR,Celeritas,Locker,Convenience Stores,Seur Lockers Inv Masivos,Envios Masivo,"C. de Álvarez, 19","C. de Álvarez, 19, Local 1",2.57,78.95,54.05,True,True,False,False,True,False,Co-location,distance <= 5m
1659,2680,1660,2681,SEUR,Gls,Locker,Convenience Stores,Seur Lockers Inv Masivos,Ps Envíos Masivo,"C. de Álvarez, 19","C. de Álvarez, 19",7.48,100.0,55.0,True,True,False,False,True,False,Co-location,distance <= 15m and strong text match
1659,3004,1660,3005,SEUR,UPS,Locker,Convenience Stores,Seur Lockers Inv Masivos,Inversiones Masivo,"C. de Álvarez, 19","C. de Álvarez, 19",8.27,100.0,57.14,True,True,False,False,True,False,Co-location,distance <= 15m and strong text match
1659,1990,1660,1991,SEUR,Dhl,Locker,Convenience Stores,Seur Lockers Inv Masivos,Envios Masivo,"C. de Álvarez, 19","C. de Álvarez, 19",9.82,100.0,54.05,True,True,False,False,True,False,Co-location,distance <= 15m and strong text match
1660,3154,1661,3155,SEUR,Pudo,Locker,Click&Collect,Seur Lockers Lavanderia,Lavandería Arroyo,"C. de Pinos Baja, 55","C. de Pinos Baja, 55",10.35,100.0,50.0,True,True,False,False,True,False,Co-location,distance <= 15m and strong text match
1665,3156,1666,3157,SEUR,Pudo,Locker,Click&Collect,Seur Lockers Lidl,Lidl Sinesio Delgado,"C. de Sinesio Delgado, 64","C. de Sinesio Delgado, 64",0.26,100.0,21.62,True,True,False,False,True,False,Co-location,distance <= 5m
1667,2157,1668,2158,SEUR,Celeritas,Convenience Stores,Convenience Stores,Vartex Informatica,Adalve Óptica,"C. del Puerto de Maspalomas, 6","C. del Puerto de Maspalomas, 4 Posterior",4.96,81.82,51.61,True,False,False,True,True,False,Co-location,distance <= 5m
1668,3005,1669,3006,SEUR,UPS,Convenience Stores,Convenience Stores,Disache C.B.,Disache,"C. Pinos Alta, 33","C. Pinos Alta, 33",4.06,100.0,77.78,True,True,False,True,True,False,Co-location,distance <= 5m
1668,2152,1669,2153,SEUR,Celeritas,Convenience Stores,Convenience Stores,Disache C.B.,Disache,"C. Pinos Alta, 33","C. Pinos Alta, 33",11.37,100.0,77.78,True,True,False,True,True,False,Co-location,distance <= 15m and strong text match
1668,2461,1669,2462,SEUR,Ctt Express,Convenience Stores,Convenience Stores,Disache C.B.,Disache,"C. Pinos Alta, 33","C. Pinos Alta, 33",12.34,100.0,77.78,True,True,False,True,True,False,Co-location,distance <= 15m and strong text match
1670,3011,1671,3012,SEUR,UPS,Convenience Stores,Convenience Stores,Doblec Servicios Informat,Doble C Servicios Informaticos,"C. de Sarria, 2","C. de Sarria, 2",10.18,100.0,90.91,True,True,False,True,True,False,Co-location,distance <= 15m and strong text match
1672,3157,1673,3158,SEUR,Pudo,Locker,Click&Collect,Seur Lockers Lara Barrio P,Autoescuela Lara Barrio Del Pilar,"C. de La Bañeza, 32","C. de La Bañeza, 32",10.85,100.0,57.63,True,True,False,False,True,False,Co-location,distance <= 15m and strong text match
1673,2802,1674,2803,SEUR,Nacex,Locker,Convenience Stores,Seur Lockers Marduk On Lin,Marduk Online (2845-15),"C. del Dr. Ramón Castroviejo, 29","C. del Dr. Ramón Castroviejo, 29",10.14,100.0,51.06,True,True,False,False,True,False,Co-location,distance <= 15m and strong text match
1677,3243,1678,3244,SEUR,Pudo,Locker,Click&Collect,Seur Locker Lara Carranto,Autoescuela Lara Moratalaz Carrantona,"C. de la Fuente Carrantona, 26","C. de la Fuente Carrantona, 26",6.53,100.0,54.84,True,True,False,False,True,False,Co-location,distance <= 15m and strong text match
1678,2468,1679,2469,SEUR,Ctt Express,Convenience Stores,Convenience Stores,Locutorio Mi Llajta,Locutorio Mi Llajta,"C. del Vinateros, 93","C. del Camino de los Vinateros, 93",14.66,72.0,100.0,True,True,False,True,True,False,Co-location,distance <= 15m and strong text match
1679,2474,1680,2475,SEUR,Ctt Express,Convenience Stores,Convenience Stores,Ciberinformatia Moratalaz,Ciberinformatica Moratalaz,"Cl. de la Hacienda de Pavones, 12","Cl. de la Hacienda de Pavones, 12",1.27,100.0,98.04,True,True,False,True,True,False,Co-location,distance <= 5m
1679,3013,1680,3014,SEUR,UPS,Convenience Stores,Convenience Stores,Ciberinformatia Moratalaz,Ciberinformatica Moratalaz,"Cl. de la Hacienda de Pavones, 12","Cl. de la Hacienda de Pavones, 12",1.82,100.0,98.04,True,True,False,True,True,False,Co-location,distance <= 5m
1681,3239,1682,3240,SEUR,Pudo,Locker,Click&Collect,Seur Locker Lidl Hacienda,Lidl Hacienda De Pavones,"Cl. de la Hacienda de Pavones, 342","Cl. de la Hacienda de Pavones, 342",3.63,100.0,53.06,True,True,False,False,True,False,Co-location,distance <= 5m
1682,2161,1683,2162,SEUR,Celeritas,Convenience Stores,Convenience Stores,Estanco Irati,Estanco Irati,"Av. de Moratalaz, 121","Av. de Moratalaz, 121",5.35,100.0,100.0,True,True,False,True,True,False,Co-location,distance <= 15m and strong text match
1683,2471,1684,2472,SEUR,Ctt Express,Convenience Stores,Convenience Stores,Supermercado,Supermercado,"Av. del Dr. García Tapia, 222","Av. del Dr. García Tapia, 222",4.56,100.0,100.0,True,True,False,True,True,False,Co-location,distance <= 5m
1685,2476,1686,2477,SEUR,Ctt Express,Convenience Stores,Convenience Stores,Estanco Tacona,Estanco Tacona 534,"C. de la Tacona, 33","C. de la Tacona, 33",1.41,100.0,87.5,True,True,False,True,True,False,Co-location,distance <= 5m
1685,2159,1686,2160,SEUR,Celeritas,Convenience Stores,Convenience Stores,Estanco Tacona,Estanco Tacona,"C. de la Tacona, 33","C. de la Tacona, 33",8.68,100.0,100.0,True,True,False,True,True,False,Co-location,distance <= 15m and strong text match
1685,2469,1686,2470,SEUR,Ctt Express,Convenience Stores,Convenience Stores,Estanco Tacona,Estanco Tacona,"C. de la Tacona, 33","C. de la Tacona, 33",12.47,100.0,100.0,True,True,False,True,True,False,Co-location,distance <= 15m and strong text match
1690,1691,1691,1692,SEUR,SEUR,Convenience Stores,Locker,Floristeria Jema,Seur Locker Wash Up Santa,"C. Virgen de las Viñas, 16","C. Virgen de las Viñas, 16",0.0,100.0,34.15,True,True,True,False,True,False,Multi-service same company,distance <= 5m
1690,2861,1691,2862,SEUR,Nacex,Convenience Stores,Convenience Stores,Floristeria Jema,Estanco No 693 Madrid (2813-21),"C. Virgen de las Viñas, 16","C. Virgen de las Viñas, 16",0.9,100.0,17.78,True,True,False,True,True,False,Co-location,distance <= 5m
1690,2480,1691,2481,SEUR,Ctt Express,Convenience Stores,Convenience Stores,Floristeria Jema,Tu Armario En Mis Manos,"C. Virgen de las Viñas, 16","C. Virgen de las Viñas, 16",1.79,100.0,30.77,True,True,False,True,True,False,Co-location,distance <= 5m
1690,3018,1691,3019,SEUR,UPS,Convenience Stores,Convenience Stores,Floristeria Jema,Fnx-Estanco De Santa Eugenia,"C. Virgen de las Viñas, 16","C. Virgen de las Viñas, 16",2.83,100.0,27.27,True,True,False,True,True,False,Co-location,distance <= 5m
1690,2164,1691,2165,SEUR,Celeritas,Convenience Stores,Convenience Stores,Floristeria Jema,Estanco Santa Eugenia,"C. Virgen de las Viñas, 16","C. Virgen de las Viñas, 16",6.02,100.0,27.03,True,True,False,True,True,False,Co-location,distance <= 15m and strong text match
1690,1994,1691,1995,SEUR,Dhl,Convenience Stores,Convenience Stores,Floristeria Jema,Estanco De Santa Eugenia,"C. Virgen de las Viñas, 16","C. Virgen de las Viñas, 16",8.97,100.0,25.0,True,True,False,True,True,False,Co-location,distance <= 15m and strong text match
1691,2861,1692,2862,SEUR,Nacex,Locker,Convenience Stores,Seur Locker Wash Up Santa,Estanco No 693 Madrid (2813-21),"C. Virgen de las Viñas, 16","C. Virgen de las Viñas, 16",0.9,100.0,14.81,True,True,False,False,True,False,Co-location,distance <= 5m
1691,2480,1692,2481,SEUR,Ctt Express,Locker,Convenience Stores,Seur Locker Wash Up Santa,Tu Armario En Mis Manos,"C. Virgen de las Viñas, 16","C. Virgen de las Viñas, 16",1.79,100.0,16.67,True,True,False,False,True,False,Co-location,distance <= 5m
1691,3018,1692,3019,SEUR,UPS,Locker,Convenience Stores,Seur Locker Wash Up Santa,Fnx-Estanco De Santa Eugenia,"C. Virgen de las Viñas, 16","C. Virgen de las Viñas, 16",2.83,100.0,30.19,True,True,False,False,True,False,Co-location,distance <= 5m
1691,2164,1692,2165,SEUR,Celeritas,Locker,Convenience Stores,Seur Locker Wash Up Santa,Estanco Santa Eugenia,"C. Virgen de las Viñas, 16","C. Virgen de las Viñas, 16",6.02,100.0,34.78,True,True,False,False,True,False,Co-location,distance <= 15m and strong text match
1691,1994,1692,1995,SEUR,Dhl,Locker,Convenience Stores,Seur Locker Wash Up Santa,Estanco De Santa Eugenia,"C. Virgen de las Viñas, 16","C. Virgen de las Viñas, 16",8.97,100.0,32.65,True,True,False,False,True,False,Co-location,distance <= 15m and strong text match
1693,2752,1694,2753,SEUR,Gls,Convenience Stores,Convenience Stores,Frutos Secos Jesus,Ps Frutos Secos Jesus,"C. de Castrillo de Aza, 15",Calle de Castrillo de Aza 15,3.83,92.31,92.31,True,True,False,True,True,False,Co-location,distance <= 5m
1700,2496,1701,2497,SEUR,Ctt Express,Convenience Stores,Convenience Stores,Butt Locutorio,Butt Locutorio,"C. del Lago Erie, 7","C. del Lago Erie, 7",1.87,100.0,100.0,True,True,False,True,True,False,Co-location,distance <= 5m
1701,2751,1702,2752,SEUR,Gls,Convenience Stores,Convenience Stores,Multiservicios Mym,Ps Cyberlocutorio Mym,"C. de Calahorra, 25",Calle de Calahorra 25,1.29,89.47,51.28,True,True,False,True,True,False,Co-location,distance <= 5m
1701,2495,1702,2496,SEUR,Ctt Express,Convenience Stores,Convenience Stores,Multiservicios Mym,Cyberlocutorio M&M,"C. de Calahorra, 25","C. de Calahorra, 25",3.76,100.0,44.44,True,True,False,True,True,False,Co-location,distance <= 5m
1702,3236,1703,3237,SEUR,Pudo,Locker,Click&Collect,Seur Locker Estanco 893,Estanco 893,C. de Aquitania SN,"C. de Aquitania, s/n",6.15,97.14,64.71,False,False,False,False,True,False,Co-location,distance <= 15m and strong text match
1702,3024,1703,3025,SEUR,UPS,Locker,Locker,Seur Locker Estanco 893,P Taquilla Estanco 893,C. de Aquitania SN,C. de Aquitania SN,12.45,100.0,62.22,False,False,False,True,True,False,Co-location,distance <= 15m and strong text match
1703,1997,1704,1998,SEUR,Dhl,Convenience Stores,Convenience Stores,Libros De Arena,Libros De Arena,"C/ de Capri, 15","C/ de Capri, 15",2.73,100.0,100.0,True,True,False,True,True,False,Co-location,distance <= 5m
1703,2493,1704,2494,SEUR,Ctt Express,Convenience Stores,Convenience Stores,Libros De Arena,Librería Libros De Arena,"C/ de Capri, 15","C/ de Capri, 15",6.5,100.0,76.92,True,True,False,True,True,False,Co-location,distance <= 15m and strong text match
1703,2750,1704,2751,SEUR,Gls,Convenience Stores,Convenience Stores,Libros De Arena,Ps Libros De Arena,"C/ de Capri, 15",Calle de Capri 15,8.37,86.67,90.91,True,True,False,True,True,False,Co-location,distance <= 15m and strong text match
1704,3240,1705,3241,SEUR,Pudo,Locker,Click&Collect,Seur Locker Estanco 670,Estanco 670,"C. del Tren de Arganda, 8","C. del Tren de Arganda, 8",5.53,100.0,64.71,True,True,False,False,True,False,Co-location,distance <= 15m and strong text match
1708,2491,1709,2492,SEUR,Ctt Express,Convenience Stores,Convenience Stores,Papeleria Trabalenguas,Papelería Trabalenguas,"C. de Minerva, 89","C. de Minerva, 89",2.74,100.0,100.0,True,True,False,True,True,False,Co-location,distance <= 5m
1710,3241,1711,3242,SEUR,Pudo,Locker,Click&Collect,Seur Locker Valdebernardo,C.C. Valdebernardo,"C. de los Pinillas, 48","C. de los Pinillas, 48",2.85,100.0,76.19,True,True,False,False,True,False,Co-location,distance <= 5m
1716,2848,1717,2849,SEUR,Nacex,Convenience Stores,Convenience Stores,Locutorio Darell,Locutorio Y Paqueteria Darell (2841-06),"C. de la Costa del Sol, 15","C. de la Costa del Sol, 15",12.92,100.0,60.38,True,True,False,True,True,False,Co-location,distance <= 15m and strong text match
1716,3029,1717,3030,SEUR,UPS,Convenience Stores,Convenience Stores,Locutorio Darell,Locutorio Y Paqueteria Darell,"C. de la Costa del Sol, 15","C. de la Costa del Sol, 15",12.92,100.0,71.11,True,True,False,True,True,False,Co-location,distance <= 15m and strong text match
1716,2000,1717,2001,SEUR,Dhl,Convenience Stores,Convenience Stores,Locutorio Darell,Locutorio Y Paqueteria Darell,"C. de la Costa del Sol, 15","C. de la Costa del Sol, 15",13.62,100.0,71.11,True,True,False,True,True,False,Co-location,distance <= 15m and strong text match
1716,2502,1717,2503,SEUR,Ctt Express,Convenience Stores,Convenience Stores,Locutorio Darell,Locutorio Y Paqueteria Darell.,"C. de la Costa del Sol, 15","C. de la Costa del Sol, 15",14.54,100.0,71.11,True,True,False,True,True,False,Co-location,distance <= 15m and strong text match
1720,3030,1721,3031,SEUR,UPS,Locker,Locker,Seur Locker Lara Mar Meno,P Taquilla Auto Lara Mar Menor,"C. del Mar Menor, 2","C. del Mar Menor, 2",9.25,100.0,61.82,True,True,False,True,True,False,Co-location,distance <= 15m and strong text match
1722,2500,1723,2501,SEUR,Ctt Express,Convenience Stores,Convenience Stores,Supermercado Suma,Supermercado Suma,"C. de la Dulzaina, 6","C. de la Dulzaina, 6",6.48,100.0,100.0,True,True,False,True,True,False,Co-location,distance <= 15m and strong text match
1723,2847,1724,2848,SEUR,Nacex,Locker,Convenience Stores,Seur Locker Gala Arturo S,Madridphone Pinar (2841-08),"C. de Arturo Soria, 310","C. de Arturo Soria, 310",3.84,100.0,16.0,True,True,False,False,True,False,Co-location,distance <= 5m
1725,3213,1726,3214,SEUR,Pudo,Locker,Click&Collect,Seur Locker Lara Arturo S,Autoescuela Lara Arturo Soria,"C. de Arturo Soria, 329","C. de Arturo Soria, 329",12.53,100.0,62.96,True,True,False,False,True,False,Co-location,distance <= 15m and strong text match
1726,3031,1727,3032,SEUR,UPS,Convenience Stores,Locker,Aqui Es,P Taquilla Cc Colombia,"Av. de Bucaramanga, 2","Av. de Bucaramanga, 2",3.26,100.0,34.48,True,True,False,False,True,False,Co-location,distance <= 5m
1726,1727,1727,1728,SEUR,SEUR,Convenience Stores,Locker,Aqui Es,Seur Locker Cc Colombia,"Av. de Bucaramanga, 2","Av. de Bucaramanga, 2",10.83,100.0,6.67,True,True,True,False,True,False,Multi-service same company,distance <= 15m and strong text match
1727,3031,1728,3032,SEUR,UPS,Locker,Locker,Seur Locker Cc Colombia,P Taquilla Cc Colombia,"Av. de Bucaramanga, 2","Av. de Bucaramanga, 2",7.65,100.0,62.22,True,True,False,True,True,False,Co-location,distance <= 15m and strong text match
1728,2172,1729,2173,SEUR,Celeritas,Convenience Stores,Convenience Stores,Pasapagina,Pasapagina,"Pl. Tres Olivos, 3","Pl. Tres Olivos, 3",5.05,100.0,100.0,True,True,False,True,True,False,Co-location,distance <= 15m and strong text match
1728,2504,1729,2505,SEUR,Ctt Express,Convenience Stores,Convenience Stores,Pasapagina,Pasapagina,"Pl. Tres Olivos, 3","Pl. Tres Olivos, 3",12.65,100.0,100.0,True,True,False,True,True,False,Co-location,distance <= 15m and strong text match
1730,3207,1731,3208,SEUR,Pudo,Locker,Click&Collect,Seur Locker Lidl Lezama,Lidl Lezama,"C. de Lezama, 6","C. de Lezama, 6",3.72,100.0,64.71,True,True,False,False,True,False,Co-location,distance <= 5m
1731,3033,1732,3034,SEUR,UPS,Convenience Stores,Convenience Stores,La Tienda De Lara,La Tienda De Lara,"C. de Sabadell, 86","C. de Sabadell, 86",9.81,100.0,100.0,True,True,False,True,True,False,Co-location,distance <= 15m and strong text match
1734,3035,1735,3036,SEUR,UPS,Locker,Locker,Seur Locker Vapor Madrid,P Taquilla Vapor Mad Aranzazu,"Calle de la Virgen de Aránzazu, 23","Calle de la Virgen de Aránzazu, 23",0.9,100.0,49.06,True,True,False,True,True,False,Co-location,distance <= 5m
1734,3206,1735,3207,SEUR,Pudo,Locker,Click&Collect,Seur Locker Vapor Madrid,Vapor Madrid Virgen De Aranzazu,"Calle de la Virgen de Aránzazu, 23","Calle de la Virgen de Aránzazu, 23",3.88,100.0,43.64,True,True,False,False,True,False,Co-location,distance <= 5m
1736,1737,1737,1738,SEUR,SEUR,Locker,Convenience Stores,Seur Locker Telotengo Mar,Telotengo,"C. de Marcos de Orueta, 3","C. de Marcos de Orueta, 3",2.56,100.0,52.94,True,True,True,False,True,False,Multi-service same company,distance <= 5m
1736,3037,1737,3038,SEUR,UPS,Locker,Convenience Stores,Seur Locker Telotengo Mar,Telotengo,"C. de Marcos de Orueta, 3","C. de Marcos de Orueta, 3",6.07,100.0,52.94,True,True,False,False,True,False,Co-location,distance <= 15m and strong text match
1736,3204,1737,3205,SEUR,Pudo,Locker,Click&Collect,Seur Locker Telotengo Mar,Telotengo Marcos Orueta,"C. de Marcos de Orueta, 3","C. de Marcos de Orueta, 3, local 1",7.0,85.19,54.17,True,True,False,False,True,False,Co-location,distance <= 15m and strong text match
1736,2173,1737,2174,SEUR,Celeritas,Locker,Convenience Stores,Seur Locker Telotengo Mar,Te Lo Tengo,"C. de Marcos de Orueta, 3","C. de Marcos de Orueta, 3",9.09,100.0,55.56,True,True,False,False,True,False,Co-location,distance <= 15m and strong text match
1737,3037,1738,3038,SEUR,UPS,Convenience Stores,Convenience Stores,Telotengo,Telotengo,"C. de Marcos de Orueta, 3","C. de Marcos de Orueta, 3",5.79,100.0,100.0,True,True,False,True,True,False,Co-location,distance <= 15m and strong text match
1737,2173,1738,2174,SEUR,Celeritas,Convenience Stores,Convenience Stores,Telotengo,Te Lo Tengo,"C. de Marcos de Orueta, 3","C. de Marcos de Orueta, 3",7.85,100.0,90.0,True,True,False,True,True,False,Co-location,distance <= 15m and strong text match
1737,3204,1738,3205,SEUR,Pudo,Convenience Stores,Click&Collect,Telotengo,Telotengo Marcos Orueta,"C. de Marcos de Orueta, 3","C. de Marcos de Orueta, 3, local 1",9.46,85.19,56.25,True,True,False,False,True,False,Co-location,distance <= 15m and strong text match
1737,2004,1738,2005,SEUR,Dhl,Convenience Stores,Convenience Stores,Telotengo,Telotengo,"C. de Marcos de Orueta, 3","C. de Marcos de Orueta, 3",14.53,100.0,100.0,True,True,False,True,True,False,Co-location,distance <= 15m and strong text match
1740,2174,1741,2175,SEUR,Celeritas,Convenience Stores,Convenience Stores,Prink Fermín Caballero,Arfe Video Y Fotos,"C. de Fermín Caballero, 70","C/ FERMIN CABALLERO, 70",6.41,93.33,25.0,True,True,False,True,True,False,Co-location,distance <= 15m and strong text match
1740,2177,1741,2178,SEUR,Celeritas,Convenience Stores,Convenience Stores,Prink Fermín Caballero,Arfe Video Y Fotos,"C. de Fermín Caballero, 70","C. de Fermín Caballero, 70",10.14,100.0,25.0,True,True,False,True,True,False,Co-location,distance <= 15m and strong text match
1751,2006,1752,2007,SEUR,Dhl,Convenience Stores,Convenience Stores,Fruteria Eder,Agh Fotodigital,"C. de la Virgen de la Oliva, 2","C. de la Virgen de la Oliva, 2",1.31,100.0,28.57,True,True,False,True,True,False,Co-location,distance <= 5m
1751,2179,1752,2180,SEUR,Celeritas,Convenience Stores,Convenience Stores,Fruteria Eder,Agh Fotodigital,"C. de la Virgen de la Oliva, 2","C. de la Virgen de la Oliva, 2",1.97,100.0,28.57,True,True,False,True,True,False,Co-location,distance <= 5m
1751,3045,1752,3046,SEUR,UPS,Convenience Stores,Convenience Stores,Fruteria Eder,Estanco Virgen De La Oliva,"C. de la Virgen de la Oliva, 2","C. de la Virgen de la Oliva, 2",10.03,100.0,20.51,True,True,False,True,True,False,Co-location,distance <= 15m and strong text match
1761,3047,1762,3048,SEUR,UPS,Locker,Locker,Seur Locker Euroenvios Zu,P Taquilla Loc Euro Cl Zumel,"C. Zumel, 14","C. Zumel, 14",4.6,100.0,49.06,True,True,False,True,True,False,Co-location,distance <= 5m
1761,2520,1762,2521,SEUR,Ctt Express,Locker,Convenience Stores,Seur Locker Euroenvios Zu,Euro Express,"C. Zumel, 14","C. Zumel, 14",7.72,100.0,32.43,True,True,False,False,True,False,Co-location,distance <= 15m and strong text match
1765,3245,1766,3246,SEUR,Pudo,Locker,Click&Collect,Seur Locker Lidl Toledana,Lidl Sierra Toledana,"C. de Sierra Toledana, 33","C. de Sierra Toledana, 33",4.5,100.0,57.78,True,True,False,False,True,False,Co-location,distance <= 5m
1768,2524,1769,2525,SEUR,Ctt Express,Locker,Convenience Stores,Seur Locker Locutorio Tau,Geomil Express,"Av. de Peña Prieta, 75","Av. de Peña Prieta, 75",7.27,100.0,5.13,True,True,False,False,True,False,Co-location,distance <= 15m and strong text match
1768,2187,1769,2188,SEUR,Celeritas,Locker,Convenience Stores,Seur Locker Locutorio Tau,Geomil Express,"Av. de Peña Prieta, 75","Av. de Peña Prieta, 75",9.96,100.0,5.13,True,True,False,False,True,False,Co-location,distance <= 15m and strong text match
1769,3247,1770,3248,SEUR,Pudo,Locker,Click&Collect,Seur Locker Latin Travel,Latin Travel Javalambre,"C. de la Sierra de Javalambre, 6","C. de la Sierra de Javalambre, 6",3.26,100.0,51.06,True,True,False,False,True,False,Co-location,distance <= 5m
1777,2010,1778,2011,SEUR,Dhl,Convenience Stores,Convenience Stores,Lanas Adriana,Lanas Adriana,"C. de Artajona, 43","C. de Artajona, 43",5.13,100.0,100.0,True,True,False,True,True,False,Co-location,distance <= 15m and strong text match
1777,3052,1778,3053,SEUR,UPS,Convenience Stores,Convenience Stores,Lanas Adriana,Kanguro Lanas Adriana,"C. de Artajona, 43","C. de Artajona, 43",5.73,100.0,76.47,True,True,False,True,True,False,Co-location,distance <= 15m and strong text match
1782,3148,1783,3149,SEUR,Pudo,Locker,Click&Collect,Seur Lockers Latin Travel,Latin Travel Santa Juliana,"Calle de Sta Juliana, 7","Calle de Sta Juliana, 7",12.95,100.0,47.06,True,True,False,False,True,False,Co-location,distance <= 15m and strong text match
1783,2687,1784,2688,SEUR,Gls,Convenience Stores,Convenience Stores,Libreria Jumi,Ps Libreria Jumi,"C. de Valdevarnes, 24","C. de Valdevarnes, 24",2.87,100.0,89.66,True,True,False,True,True,False,Co-location,distance <= 5m
1785,3146,1786,3147,SEUR,Pudo,Locker,Click&Collect,Seur Lockers Latin Travel,Latin Travel Almansa,"C. de Almansa, 13","C. de Almansa, 13",3.53,100.0,53.33,True,True,False,False,True,False,Co-location,distance <= 5m
1792,3180,1793,3181,SEUR,Pudo,Locker,Click&Collect,Seur Locker Lidl Andaluci,Lidl Avda Andalucia 7,"Av. de Andalucía, 7","Av. de Andalucía, 7",4.65,100.0,56.52,True,True,False,False,True,False,Co-location,distance <= 5m
1792,3055,1793,3056,SEUR,UPS,Locker,Locker,Seur Locker Lidl Andaluci,P Taquilla Lidl Av Andalucia 7,"Av. de Andalucía, 7","Av. de Andalucía, 7",7.12,100.0,58.18,True,True,False,True,True,False,Co-location,distance <= 15m and strong text match
1795,1796,1796,1797,SEUR,SEUR,Convenience Stores,Locker,Khan Multan,Seur Locker Pan Y Toro,"C. Pan y Toros, 11","C. Pan y Toros, 11",0.0,100.0,30.3,True,True,True,False,True,False,Multi-service same company,distance <= 5m
1795,2546,1796,2547,SEUR,Ctt Express,Convenience Stores,Convenience Stores,Khan Multan,Khan Multan,"C. Pan y Toros, 11","C. Pan y Toros, 11, BJ 2",10.35,86.49,100.0,True,True,False,True,True,False,Co-location,distance <= 15m and strong text match
1796,2546,1797,2547,SEUR,Ctt Express,Locker,Convenience Stores,Seur Locker Pan Y Toro,Khan Multan,"C. Pan y Toros, 11","C. Pan y Toros, 11, BJ 2",10.35,86.49,30.3,True,True,False,False,True,False,Co-location,distance <= 15m and strong text match
1799,2695,1800,2696,SEUR,Gls,Convenience Stores,Convenience Stores,Zapatos Zapp,Ps Calzados Bohemios,"C. los Bohemios, 4","C. los Bohemios, 4",9.14,100.0,31.25,True,True,False,True,True,False,Co-location,distance <= 15m and strong text match
1804,3060,1805,3061,SEUR,UPS,Locker,Locker,Seur Locker Galp Barajas,P Taquilla Galp Aeropuerto,"Camino Cuartel, 9","Camino Cuartel, 9",4.17,100.0,40.0,True,True,False,True,True,False,Co-location,distance <= 5m
1806,2021,1807,2022,SEUR,Dhl,Convenience Stores,Convenience Stores,Copygor,Copygor,"C. de La Rioja, 17","C. de La Rioja, 17",10.99,100.0,100.0,True,True,False,True,True,False,Co-location,distance <= 15m and strong text match
1807,3061,1808,3062,SEUR,UPS,Locker,Locker,Seur Locker Bahia Center,P Taquilla Cc Bahia Center,"C. Bahía de Pollensa, 5","C. Bahía de Pollensa, 5",9.72,100.0,64.0,True,True,False,True,True,False,Co-location,distance <= 15m and strong text match
1808,2193,1809,2194,SEUR,Celeritas,Convenience Stores,Convenience Stores,Fotografia Yenes,Fotografia Yenes,"P.o de la Alameda de Osuna, 71","P.o de la Alameda de Osuna, 71",7.08,100.0,100.0,True,True,False,True,True,False,Co-location,distance <= 15m and strong text match
1811,2560,1812,2561,SEUR,Ctt Express,Convenience Stores,Convenience Stores,Perla Y Chocolate,Perla Y Chocolate,"Calle Nápoles, 53","Calle Nápoles, 53, LOCAL 1",7.38,80.0,100.0,True,True,False,True,True,False,Co-location,distance <= 15m and strong text match
1814,2197,1815,2198,SEUR,Celeritas,Convenience Stores,Convenience Stores,Lhstore,Lhstore,"C. de Agustín Calvo, 26","C. de Agustín Calvo, 2",0.91,97.56,100.0,True,False,False,True,True,False,Co-location,distance <= 5m
1816,3068,1817,3069,SEUR,UPS,Locker,Locker,Seur Locker Palacio Hielo,P Taquilla Palacio Del Hielo,"C. de Silvano, 77","C. de Silvano, 77",5.02,100.0,60.38,True,True,False,True,True,False,Co-location,distance <= 15m and strong text match
1819,3218,1820,3219,SEUR,Pudo,Locker,Click&Collect,Seur Locker Shell Machupi,E.S. Shell Machupichu,"Av. de Machupichu, 105","Av. de Machupichu, 105",4.54,100.0,66.67,True,True,False,False,True,False,Co-location,distance <= 5m
1819,3070,1820,3071,SEUR,UPS,Locker,Locker,Seur Locker Shell Machupi,P Taquilla Shell Machupichu,"Av. de Machupichu, 105","Av. de Machupichu, 105",4.54,100.0,61.54,True,True,False,True,True,False,Co-location,distance <= 5m
1820,3069,1821,3070,SEUR,UPS,Convenience Stores,Convenience Stores,Tac Informatica,Tac Informatica,"C. de Torquemada, 22","C. de Torquemada, 22",5.57,100.0,100.0,True,True,False,True,True,False,Co-location,distance <= 15m and strong text match
1823,3219,1824,3220,SEUR,Pudo,Locker,Click&Collect,Seur Locker Cc Arturo Sor,C.C. Arturo Soria Plaza,"C. de Arturo Soria, 126","C. de Arturo Soria, 126",6.35,100.0,55.32,True,True,False,False,True,False,Co-location,distance <= 15m and strong text match
1823,3065,1824,3066,SEUR,UPS,Locker,Locker,Seur Locker Cc Arturo Sor,P Taquilla Cc Arturo Soria,"C. de Arturo Soria, 126","C. de Arturo Soria, 126",10.14,100.0,62.75,True,True,False,True,True,False,Co-location,distance <= 15m and strong text match
1830,2573,1831,2574,SEUR,Ctt Express,Convenience Stores,Convenience Stores,Burman,Burman,"Av de la Aviación, 99","Av de la Aviación, 99",8.11,100.0,100.0,True,True,False,True,True,False,Co-location,distance <= 15m and strong text match
1831,2828,1832,2829,SEUR,Nacex,Convenience Stores,Convenience Stores,Mix Regalos,Pinturas Aluche Multiservicios (2883-33),"C. de Blas Cabrera, 137","C. de Blas Cabrera, 137",1.3,100.0,24.49,True,True,False,True,True,False,Co-location,distance <= 5m
1831,2026,1832,2027,SEUR,Dhl,Convenience Stores,Convenience Stores,Mix Regalos,Pinturas Aluche Multiservicios,"C. de Blas Cabrera, 137","C. de Blas Cabrera, 137",2.61,100.0,29.27,True,True,False,True,True,False,Co-location,distance <= 5m
1831,2198,1832,2199,SEUR,Celeritas,Convenience Stores,Convenience Stores,Mix Regalos,Pinturas Aluche Multiservicios,"C. de Blas Cabrera, 137","C. de Blas Cabrera, 137",8.22,100.0,29.27,True,True,False,True,True,False,Co-location,distance <= 15m and strong text match
1834,2566,1835,2567,SEUR,Ctt Express,Convenience Stores,Convenience Stores,Estanco Papeleria Menende,Locutorio Carlita,"C. de Oliva de Plasencia, 1","C. de Oliva de Plasencia, 1",2.03,100.0,9.52,True,True,False,True,True,False,Co-location,distance <= 5m
1834,2829,1835,2830,SEUR,Nacex,Convenience Stores,Convenience Stores,Estanco Papeleria Menende,Locutorio Carlita (2883-26),"C. de Oliva de Plasencia, 1","C. de Oliva de Plasencia, 1",2.03,100.0,16.0,True,True,False,True,True,False,Co-location,distance <= 5m
1834,2027,1835,2028,SEUR,Dhl,Convenience Stores,Convenience Stores,Estanco Papeleria Menende,Locutorio Carlita,"C. de Oliva de Plasencia, 1","C. de Oliva de Plasencia, 1",2.03,100.0,9.52,True,True,False,True,True,False,Co-location,distance <= 5m
1834,2574,1835,2575,SEUR,Ctt Express,Convenience Stores,Convenience Stores,Estanco Papeleria Menende,Locutorio Carlita,"C. de Oliva de Plasencia, 1","C. de Oliva de Plasencia, 1, LOCAL 334",2.03,83.33,9.52,True,True,False,True,True,False,Co-location,distance <= 5m
1834,3073,1835,3074,SEUR,UPS,Convenience Stores,Convenience Stores,Estanco Papeleria Menende,Locutorio Carlita,"C. de Oliva de Plasencia, 1","C. de Oliva de Plasencia, 1",4.89,100.0,9.52,True,True,False,True,True,False,Co-location,distance <= 5m
1836,3072,1837,3073,SEUR,UPS,Convenience Stores,Convenience Stores,Cristaleria Aluche Ii,Cristaleria Aluche Ii,"Av. de Las Águilas, 60","Av. de Las Águilas, 60",2.3,100.0,100.0,True,True,False,True,True,False,Co-location,distance <= 5m
1836,2201,1837,2202,SEUR,Celeritas,Convenience Stores,Convenience Stores,Cristaleria Aluche Ii,Cristaleria Aluche 2,"Av. de Las Águilas, 60","Av. de Las Águilas, 60",4.84,100.0,92.68,True,True,False,True,True,False,Co-location,distance <= 5m
1837,2028,1838,2029,SEUR,Dhl,Convenience Stores,Convenience Stores,Kasual,Fast Computer Software,"Av. de los Poblados, 58","Av. de los Poblados, 58",5.79,100.0,28.57,True,True,False,True,True,False,Co-location,distance <= 15m and strong text match
1839,2572,1840,2573,SEUR,Ctt Express,Convenience Stores,Convenience Stores,La Tienda De Ana,Agencia De Viajes Y Envios Leon,"C. de Joaquín Turina, 31","C. de Joaquín Turina, 31 BIS",4.7,91.67,42.55,True,True,False,True,True,False,Co-location,distance <= 5m
1841,3078,1842,3079,SEUR,UPS,Convenience Stores,Convenience Stores,Pastel Y Miga,Pastel Y Miga,"Av. de Carabanchel Alto, 110","Av. de Carabanchel Alto, 110",4.02,100.0,100.0,True,True,False,True,True,False,Co-location,distance <= 5m
1841,2722,1842,2723,SEUR,Gls,Convenience Stores,Convenience Stores,Pastel Y Miga,Ps Pastel Y Miga,"Av. de Carabanchel Alto, 110","Av. de Carabanchel Alto, 110",6.31,100.0,89.66,True,True,False,True,True,False,Co-location,distance <= 15m and strong text match
1843,3187,1844,3188,SEUR,Pudo,Locker,Click&Collect,Seur Locker Galp Poblados,Gasolinera Galp Avenida De Los Poblados,"Av. de los Poblados, 83","Av. de los Poblados, 83",12.75,100.0,56.25,True,True,False,False,True,False,Co-location,distance <= 15m and strong text match
1845,3111,1846,3112,SEUR,Pudo,Locker,Click&Collect,Seur Lockers Lara Embajado,Autoescuela Lara Calle Embajadores,"C. de Embajadores, 176","C. de Embajadores, 176",2.71,100.0,56.67,True,True,False,False,True,False,Co-location,distance <= 5m
1848,2579,1849,2580,SEUR,Ctt Express,Convenience Stores,Convenience Stores,Alimentacion Eyc,Alimentación Eyc,"Pl. de Rutilio Gaci, 5","Pl. de Rutilio Gaci, 5",8.07,100.0,100.0,True,True,False,True,True,False,Co-location,distance <= 15m and strong text match
1849,3113,1850,3114,SEUR,Pudo,Locker,Click&Collect,Seur Lockers Locutorio Del,Locutorio Delicias Caceres,"C. de Cáceres, 1","C. de Cáceres, 1",11.79,100.0,50.0,True,True,False,False,True,False,Co-location,distance <= 15m and strong text match
1850,3086,1851,3087,SEUR,UPS,Convenience Stores,Convenience Stores,Dulces La Ciudad,Dulces La Ciudad,"C. de Embajadores, 208","C. de Embajadores, 208",6.08,100.0,100.0,True,True,False,True,True,False,Co-location,distance <= 15m and strong text match
1850,2204,1851,2205,SEUR,Celeritas,Convenience Stores,Convenience Stores,Dulces La Ciudad,Dulces La Ciudad,"C. de Embajadores, 208","C. de Embajadores, 208",7.71,100.0,100.0,True,True,False,True,True,False,Co-location,distance <= 15m and strong text match
1852,2032,1853,2033,SEUR,Dhl,Convenience Stores,Convenience Stores,Expendenduria 518,Estanco 518 Madrid,"C. de Tomás Borrás, 11","C. de Tomás Borrás, 11",5.3,100.0,34.29,True,True,False,True,True,False,Co-location,distance <= 15m and strong text match
1853,1854,1854,1855,SEUR,SEUR,Convenience Stores,Locker,Phonedoctors,Seur Lockers Phone Doctors,"C. de Jaime el Conquistador, 22","C. de Jaime el Conquistador, 22",0.0,100.0,63.16,True,True,True,False,True,False,Multi-service same company,distance <= 5m
1853,3112,1854,3113,SEUR,Pudo,Convenience Stores,Click&Collect,Phonedoctors,Phone Doctors Jaime Conquistador,"C. de Jaime el Conquistador, 22","C. de Jaime el Conquistador, 22",4.47,100.0,54.55,True,True,False,False,True,False,Co-location,distance <= 5m
1854,3112,1855,3113,SEUR,Pudo,Locker,Click&Collect,Seur Lockers Phone Doctors,Phone Doctors Jaime Conquistador,"C. de Jaime el Conquistador, 22","C. de Jaime el Conquistador, 22",4.47,100.0,44.83,True,True,False,False,True,False,Co-location,distance <= 5m
1857,2576,1858,2577,SEUR,Ctt Express,Convenience Stores,Convenience Stores,Estanco 538,Expendeduria 538,"Glorieta Sta. María de la Cabeza, 7","Glorieta Sta. María de la Cabeza, 7",4.07,100.0,44.44,True,True,False,True,True,False,Co-location,distance <= 5m
1857,2206,1858,2207,SEUR,Celeritas,Convenience Stores,Convenience Stores,Estanco 538,Expendeduria 538,"Glorieta Sta. María de la Cabeza, 7","Glorieta Sta. María de la Cabeza, 7",6.42,100.0,44.44,True,True,False,True,True,False,Co-location,distance <= 15m and strong text match
1861,3081,1862,3082,SEUR,UPS,Locker,Convenience Stores,Seur Lockers Mercado Sta M,Mer Sm De La Cabeza,"P.o de Sta. María de la Cabeza, 41","P.o de Sta. María de la Cabeza, 41",3.4,100.0,26.67,True,True,False,False,True,False,Co-location,distance <= 5m
1861,3117,1862,3118,SEUR,Pudo,Locker,Click&Collect,Seur Lockers Mercado Sta M,Mercado Santa María De La Cabeza,"P.o de Sta. María de la Cabeza, 41","P.o de Sta. María de la Cabeza, 41",7.4,100.0,44.83,True,True,False,False,True,False,Co-location,distance <= 15m and strong text match
1868,3159,1869,3160,SEUR,Pudo,Locker,Click&Collect,Seur Locker Pk Pza Castil,Parking Indigo Plaza Castilla,"P.o de la Castellana, 193","P.o de la Castellana, 193",0.98,100.0,51.85,True,True,False,False,True,False,Co-location,distance <= 5m
1872,2209,1873,2210,SEUR,Celeritas,Convenience Stores,Convenience Stores,Estanco 729,Estanco 729,"C. de Cuart de Poblet, 65","C. de Cuart de Poblet, 65",3.66,100.0,100.0,True,True,False,True,True,False,Co-location,distance <= 5m
1872,2587,1873,2588,SEUR,Ctt Express,Convenience Stores,Convenience Stores,Estanco 729,Estanco 729,"C. de Cuart de Poblet, 65","C. de Cuart de Poblet, 65",4.07,100.0,100.0,True,True,False,True,True,False,Co-location,distance <= 5m
1873,2593,1874,2594,SEUR,Ctt Express,Convenience Stores,Convenience Stores,Estanco 474,Expendeduria 474,"Cl. de los Yébenes, 159","Cl. de los Yébenes, 159",1.98,100.0,44.44,True,True,False,True,True,False,Co-location,distance <= 5m
1878,1880,1879,1881,SEUR,SEUR,Locker,Convenience Stores,Seur Locker Shati Telecom,Shati Telecom,"C. Vía Carpetana, 157","C. Vía Carpetana, 157",3.29,100.0,68.42,True,True,True,False,True,False,Multi-service same company,distance <= 5m
1883,2594,1884,2595,SEUR,Ctt Express,Convenience Stores,Convenience Stores,Alhambra Locutorio,Alhambra Locutorio,"C. de la Alhambra, 19","C. de la Alhambra, 19",1.09,100.0,100.0,True,True,False,True,True,False,Co-location,distance <= 5m
1884,2590,1885,2591,SEUR,Ctt Express,Convenience Stores,Convenience Stores,Cristaleria Aluche,Tintoreria Elba Y Victoria,"C. de Camarena, 235","C. de Camarena, 235, LOCAL 7",6.37,80.95,36.36,True,True,False,True,True,False,Co-location,distance <= 15m and strong text match
1884,2717,1885,2718,SEUR,Gls,Convenience Stores,Convenience Stores,Cristaleria Aluche,Ps Cristaleria Aluche,"C. de Camarena, 235",Calle de Camarena 235,7.04,89.47,92.31,True,True,False,True,True,False,Co-location,distance <= 15m and strong text match
1884,2210,1885,2211,SEUR,Celeritas,Convenience Stores,Convenience Stores,Cristaleria Aluche,Cristaleria Aluche,"C. de Camarena, 235","C. de Camarena, 235",7.63,100.0,100.0,True,True,False,True,True,False,Co-location,distance <= 15m and strong text match
1885,3097,1886,3098,SEUR,UPS,Convenience Stores,Convenience Stores,Estanco 403 El Pardo,Estanco El Pardo,"C. Carboneros, 2","C. Carboneros, 2",0.96,100.0,88.89,True,True,False,True,True,False,Co-location,distance <= 5m
1885,2596,1886,2597,SEUR,Ctt Express,Convenience Stores,Convenience Stores,Estanco 403 El Pardo,Estanco 403,"C. Carboneros, 2","C. Carboneros, 2",2.59,100.0,70.97,True,True,False,True,True,False,Co-location,distance <= 5m
1885,2212,1886,2213,SEUR,Celeritas,Convenience Stores,Convenience Stores,Estanco 403 El Pardo,Estanco 403,"C. Carboneros, 2","C. Carboneros, 2",6.13,100.0,70.97,True,True,False,True,True,False,Co-location,distance <= 15m and strong text match
1885,2841,1886,2842,SEUR,Nacex,Convenience Stores,Convenience Stores,Estanco 403 El Pardo,Estanco 403 (2862-14),"C. Carboneros, 2","C. Carboneros, 2",7.31,100.0,66.67,True,True,False,True,True,False,Co-location,distance <= 15m and strong text match
1890,3209,1891,3210,SEUR,Pudo,Locker,Click&Collect,Seur Locker Shell Las Tab,E.S. Shell Las Tablas,"Av. de Santo Domingo de la Calzada, 10","Av. de Santo Domingo de la Calzada, 10",3.63,100.0,66.67,True,True,False,False,True,False,Co-location,distance <= 5m
1890,3098,1891,3099,SEUR,UPS,Locker,Locker,Seur Locker Shell Las Tab,P Taquilla Shell Las Tablas,"Av. de Santo Domingo de la Calzada, 10","Av. de Santo Domingo de la Calzada, 10",5.74,100.0,61.54,True,True,False,True,True,False,Co-location,distance <= 15m and strong text match
1892,2846,1893,2847,SEUR,Nacex,Convenience Stores,Lsp Pudos,Seur Tipsa Manoteras,Madrid(2841),"Av. de Manoteras, 22","Av. de Manoteras, 22",7.26,100.0,19.35,True,True,False,False,True,False,Co-location,distance <= 15m and strong text match
1893,3212,1894,3213,SEUR,Pudo,Locker,Click&Collect,Seur Locker Manoteras,C.C. Manoteras,"Av. de Manoteras, 40","Av. de Manoteras, 40",7.03,100.0,70.59,True,True,False,False,True,False,Co-location,distance <= 15m and strong text match
1893,3100,1894,3101,SEUR,UPS,Locker,Locker,Seur Locker Manoteras,P Taquilla Cc Manoteras,"Av. de Manoteras, 40","Av. de Manoteras, 40",10.26,100.0,59.09,True,True,False,True,True,False,Co-location,distance <= 15m and strong text match
1898,3103,1899,3104,SEUR,UPS,Convenience Stores,Convenience Stores,Risbar,Risbar Mensajeria,"Calle Baños de Valdearados, 10","Calle Baños de Valdearados, 10",10.16,100.0,52.17,True,True,False,True,True,False,Co-location,distance <= 15m and strong text match
1902,3254,1903,3255,SEUR,Pudo,Locker,Click&Collect,Seur Locker Estanco 807,Estanco 807,"C. de la Serena, 25","C. de la Serena, 25",11.8,100.0,64.71,True,True,False,False,True,False,Co-location,distance <= 15m and strong text match
1904,3255,1905,3256,SEUR,Pudo,Locker,Click&Collect,Seur Locker Mercado Entre,Mercado De Mediodía Entrevías,"C. Campiña, 5","C. Campiña, 5",0.91,100.0,48.15,True,True,False,False,True,False,Co-location,distance <= 5m
1907,2613,1908,2614,SEUR,Ctt Express,Locker,Convenience Stores,Seur Locker Locutorio Min,Locutorio Mini Market Ml,"C. de Sta. Alicia, 23","C. de Sta. Alicia, 23",2.03,100.0,53.06,True,True,False,False,True,False,Co-location,distance <= 5m
1907,2039,1908,2040,SEUR,Dhl,Locker,Convenience Stores,Seur Locker Locutorio Min,Locutorio Minimarket Ml,"C. de Sta. Alicia, 23","C. de Sta. Alicia, 23",10.09,100.0,54.17,True,True,False,False,True,False,Co-location,distance <= 15m and strong text match
1909,2609,1910,2610,SEUR,Ctt Express,Convenience Stores,Convenience Stores,Alimentacion Y De Todo,Alimentacion & Dtodo,"Av del Monte Igueldo, 108","Av del Monte Igueldo, 108",2.56,100.0,90.0,True,True,False,True,True,False,Co-location,distance <= 5m
1910,2608,1911,2609,SEUR,Ctt Express,Convenience Stores,Convenience Stores,Modas Martinez Monte Igue,Modas Martínez,"Av del Monte Igueldo, 26","Av del Monte Igueldo, 26",6.51,100.0,71.79,True,True,False,True,True,False,Co-location,distance <= 15m and strong text match
1912,1913,1913,1914,SEUR,SEUR,Locker,Locker,Seur Locker Lidl Isla Az,Seur Locker Cc Isla Azul,"C. de la Calderilla, 1","C. de la Calderilla, 1",0.0,100.0,83.33,True,True,True,True,True,True,Possible duplicate,distance <= 5m
1912,3186,1913,3187,SEUR,Pudo,Locker,Click&Collect,Seur Locker Lidl Isla Az,C.C. Isla Azul,"C. de la Calderilla, 1","C. de la Calderilla, 1",7.0,100.0,54.05,True,True,False,False,True,False,Co-location,distance <= 15m and strong text match
1913,3186,1914,3187,SEUR,Pudo,Locker,Click&Collect,Seur Locker Cc Isla Azul,C.C. Isla Azul,"C. de la Calderilla, 1","C. de la Calderilla, 1",7.0,100.0,64.86,True,True,False,False,True,False,Co-location,distance <= 15m and strong text match
1919,2226,1920,2227,Dhl,Ctt Express,Convenience Stores,Convenience Stores,Estanco Florida,Estanco Florida,"Calle del Gral. Pardiñas, 64","Calle del Gral. Pardiñas, 64",1.78,100.0,100.0,True,True,False,True,True,False,Co-location,distance <= 5m
1919,2043,1920,2044,Dhl,Celeritas,Convenience Stores,Convenience Stores,Estanco Florida,Estanco Florida,"Calle del Gral. Pardiñas, 64","Calle del Gral. Pardiñas, 64",4.8,100.0,100.0,True,True,False,True,True,False,Co-location,distance <= 5m
1919,2869,1920,2870,Dhl,UPS,Convenience Stores,Convenience Stores,Estanco Florida,Estanco Florida,"Calle del Gral. Pardiñas, 64","Calle del Gral. Pardiñas, 64",8.02,100.0,100.0,True,True,False,True,True,False,Co-location,distance <= 15m and strong text match
1922,2885,1923,2886,Dhl,UPS,Convenience Stores,Convenience Stores,Madplug,The Mad Plug,"C. de Valverde, 35","C. de Valverde, 35",3.39,100.0,73.68,True,True,False,True,True,False,Co-location,distance <= 5m
1928,2063,1929,2064,Dhl,Celeritas,Convenience Stores,Convenience Stores,Servipronto-Ferreteria San Isidro,Servipronto,"P.o de los Melancólicos, 41","P.o de los Melancólicos, 41",7.32,100.0,50.0,True,True,False,True,True,False,Co-location,distance <= 15m and strong text match
1928,2779,1929,2780,Dhl,Nacex,Convenience Stores,Convenience Stores,Servipronto-Ferreteria San Isidro,Ferreteria San Isidro (2850-16),"P.o de los Melancólicos, 41","P.o de los Melancólicos, 41",10.36,100.0,67.74,True,True,False,True,True,False,Co-location,distance <= 15m and strong text match
1930,2647,1931,2648,Dhl,Gls,Convenience Stores,Convenience Stores,Chevere Cargo,Ps Autana Trading S. L,"Cl. de Ayala, 144","Cl. de Ayala, 144",5.81,100.0,11.76,True,True,False,True,True,False,Co-location,distance <= 15m and strong text match
1930,2640,1931,2641,Dhl,Gls,Convenience Stores,Convenience Stores,Chevere Cargo,Ps Autana Trading S. L,"Cl. de Ayala, 144","Cl. de Ayala, 144",5.81,100.0,11.76,True,True,False,True,True,False,Co-location,distance <= 15m and strong text match
1935,2897,1936,2898,Dhl,UPS,Convenience Stores,Convenience Stores,Copyart,Copyart,"C. de Granada, 10","C. de Granada, 10",3.62,100.0,100.0,True,True,False,True,True,False,Co-location,distance <= 5m
1937,2902,1938,2903,Dhl,UPS,Convenience Stores,Convenience Stores,Supermarket E.M,Supermarket Em,"P.o de la Florida, 23","P.o de la Florida, 23",7.66,100.0,96.55,True,True,False,True,True,False,Co-location,distance <= 15m and strong text match
1938,2649,1939,2650,Dhl,Gls,Convenience Stores,Convenience Stores,Mobile Centre,Ps Mobile Centre,"Calle de la Princesa, 3","Calle de la Princesa, 3",8.57,100.0,89.66,True,True,False,True,True,False,Co-location,distance <= 15m and strong text match
1938,2069,1939,2070,Dhl,Celeritas,Convenience Stores,Convenience Stores,Mobile Centre,Mobile Centre,"Calle de la Princesa, 3","Calle de la Princesa, 3",9.78,100.0,100.0,True,True,False,True,True,False,Co-location,distance <= 15m and strong text match
1938,2787,1939,2788,Dhl,Nacex,Convenience Stores,Convenience Stores,Mobile Centre,Mobile Centre (2886-04),"Calle de la Princesa, 3","Calle de la Princesa, 3, Loocal 6",11.84,83.02,76.47,True,True,False,True,True,False,Co-location,distance <= 15m and strong text match
1941,2655,1942,2656,Dhl,Gls,Convenience Stores,Convenience Stores,Directo De España,Ps Deusa Logistica,"C. del Cardenal Cisneros, 75","C. del Cardenal Cisneros, 75",10.59,100.0,34.29,True,True,False,True,True,False,Co-location,distance <= 15m and strong text match
1942,2909,1943,2910,Dhl,UPS,Convenience Stores,Convenience Stores,Estanco Batan Metro,Estanco Batan Metro,"C. de Villamanín, 33","C. de Villamanín, 33",7.31,100.0,100.0,True,True,False,True,True,False,Co-location,distance <= 15m and strong text match
1949,2915,1950,2916,Dhl,UPS,Convenience Stores,Convenience Stores,Pharma La Font,Pharma La Font,"C. de las Fuentes, 7","C. de las Fuentes, 7",6.16,100.0,100.0,True,True,False,True,True,False,Co-location,distance <= 15m and strong text match
1951,2333,1952,2334,Dhl,Ctt Express,Convenience Stores,Convenience Stores,De Buenas Tinta Chamberi,Happysim Fibra Express,"C. de Fernández de los Ríos, 77","C. de Blasco de Garay, 43",3.99,42.31,26.09,True,False,False,True,True,False,Co-location,distance <= 5m
1952,2795,1953,2796,Dhl,Nacex,Convenience Stores,Convenience Stores,Marjane,Marjane Almeria (2853-18),"C. de San Bernardo, 10","C. de San Bernardo, 10",3.27,100.0,46.67,True,True,False,True,True,False,Co-location,distance <= 5m
1952,2669,1953,2670,Dhl,Gls,Convenience Stores,Convenience Stores,Marjane,Ps Marjane Almeria S.L,"C. de San Bernardo, 10","C. de San Bernardo, 10",3.74,100.0,48.28,True,True,False,True,True,False,Co-location,distance <= 5m
1953,2089,1954,2090,Dhl,Celeritas,Convenience Stores,Convenience Stores,Ayb Print Works Media Image,Prink,"Av. de Alberto de Alcocer, 48","Av. de Alberto de Alcocer, 48",5.52,100.0,31.25,True,True,False,True,True,False,Co-location,distance <= 15m and strong text match
1954,2922,1955,2923,Dhl,UPS,Convenience Stores,Convenience Stores,Estanco 869 Madrid,Estanco 869 Madrid,"C. de la Infanta María Teresa, 8","C. de la Infanta María Teresa, 8",13.48,100.0,100.0,True,True,False,True,True,False,Co-location,distance <= 15m and strong text match
1958,2756,1959,2757,Dhl,Gls,Convenience Stores,Convenience Stores,Estanco 712 Humos Madrid,Ps Estanco Humos,"C. del Puerto de Balbarán, 43",Calle del Puerto de Balbarán 43,8.1,93.1,65.0,True,True,False,True,True,False,Co-location,distance <= 15m and strong text match
1961,2703,1962,2704,Dhl,Gls,Convenience Stores,Convenience Stores,Cool Madrid,Ps Fersay,"Calle de Antonio López, 59",Calle de Antonio López 59,10.95,100.0,20.0,True,True,False,True,True,False,Co-location,distance <= 15m and strong text match
1961,2945,1962,2946,Dhl,UPS,Convenience Stores,Convenience Stores,Cool Madrid,Cool Madrid Accesorios,"Calle de Antonio López, 59","Calle de Antonio López, 59",11.11,100.0,66.67,True,True,False,True,True,False,Co-location,distance <= 15m and strong text match
1961,2820,1962,2821,Dhl,Nacex,Convenience Stores,Convenience Stores,Cool Madrid,Cool Accesorios Y Tecnologia (2883-37),"Calle de Antonio López, 59","Calle de Antonio López, 59, LOCAL 40",13.44,84.75,34.04,True,True,False,True,True,False,Co-location,distance <= 15m and strong text match
1965,2393,1966,2394,Dhl,Ctt Express,Convenience Stores,Convenience Stores,Locutorio Cibao 2,Locutorio Cibao 2.,"Av. Real de Pinto, 32","Av. Real de Pinto, 32",4.95,100.0,100.0,True,True,False,True,True,False,Co-location,distance <= 5m
1965,2965,1966,2966,Dhl,UPS,Convenience Stores,Convenience Stores,Locutorio Cibao 2,Locutorio Cibao 2,"Av. Real de Pinto, 32","Av. Real de Pinto, 32",6.2,100.0,100.0,True,True,False,True,True,False,Co-location,distance <= 15m and strong text match
1966,2124,1967,2125,Dhl,Celeritas,Convenience Stores,Convenience Stores,Betania Libreria Y Papeleria,Betania Libreria Y Papelería,"C. de San Aureliano, 3","C. de San Aureliano, 3",10.32,100.0,100.0,True,True,False,True,True,False,Co-location,distance <= 15m and strong text match
1966,2389,1967,2390,Dhl,Ctt Express,Convenience Stores,Convenience Stores,Betania Libreria Y Papeleria,Betania Libreria Y Papelería,"C. de San Aureliano, 3","C. de San Aureliano, 3",14.42,100.0,100.0,True,True,False,True,True,False,Co-location,distance <= 15m and strong text match
1969,2403,1970,2404,Dhl,Ctt Express,Convenience Stores,Convenience Stores,Papeleria Fotografia Odin,Bel Art,"C. de Sofía, 56","C. de Sofía, 56",6.05,100.0,25.0,True,True,False,True,True,False,Co-location,distance <= 15m and strong text match
1969,2969,1970,2970,Dhl,UPS,Convenience Stores,Convenience Stores,Papeleria Fotografia Odin,Fnx-Belart,"C. de Sofía, 56","C. de Sofía, 56",12.63,100.0,22.86,True,True,False,True,True,False,Co-location,distance <= 15m and strong text match
1971,2128,1972,2129,Dhl,Celeritas,Convenience Stores,Convenience Stores,Rmc Servicios,Rmc Servicios,"C. de Nicolasa Gómez, 72","C. de Nicolasa Gómez, 72",10.96,100.0,100.0,True,True,False,True,True,False,Co-location,distance <= 15m and strong text match
1971,2968,1972,2969,Dhl,UPS,Convenience Stores,Convenience Stores,Rmc Servicios,3d Distribución Documental,"C. de Nicolasa Gómez, 72","C. de Nicolasa Gómez, 72",13.08,100.0,25.64,True,True,False,True,True,False,Co-location,distance <= 15m and strong text match
1971,2400,1972,2401,Dhl,Ctt Express,Convenience Stores,Convenience Stores,Rmc Servicios,Rmc Servicios,"C. de Nicolasa Gómez, 72","C. de Nicolasa Gómez, 72",14.05,100.0,100.0,True,True,False,True,True,False,Co-location,distance <= 15m and strong text match
1973,2130,1974,2131,Dhl,Celeritas,Convenience Stores,Convenience Stores,Papeleria & Hobby,Papeleria &Hobby,"C. de Suecia, 21","C. de Suecia, 21",11.5,100.0,100.0,True,True,False,True,True,False,Co-location,distance <= 15m and strong text match
1976,2977,1977,2978,Dhl,UPS,Convenience Stores,Convenience Stores,Lempira Hn Locutorio,Lempira Hn Locutorio,"C. de Quero, 13","C. de Quero, 13",4.56,100.0,100.0,True,True,False,True,True,False,Co-location,distance <= 5m
1979,2420,1980,2421,Dhl,Ctt Express,Convenience Stores,Convenience Stores,Master Ocio,Master Ocio,"C. de Eugenia de Montijo, 63","C. de Eugenia de Montijo, 65",14.53,96.15,100.0,True,False,False,True,True,False,Co-location,distance <= 15m and strong text match
1983,2853,1984,2854,Dhl,Nacex,Convenience Stores,Convenience Stores,Workme,Workme (2878-11),"C. de José del Hierro, 52","C. de José del Hierro, 52",4.05,100.0,60.0,True,True,False,True,True,False,Co-location,distance <= 5m
1983,2993,1984,2994,Dhl,UPS,Convenience Stores,Convenience Stores,Workme,Workme,"C. de José del Hierro, 52","C. de José del Hierro, 52",4.89,100.0,100.0,True,True,False,True,True,False,Co-location,distance <= 5m
1983,2438,1984,2439,Dhl,Ctt Express,Convenience Stores,Convenience Stores,Workme,Workme Tecnologia . Papeleria,"C. de José del Hierro, 52","C. de José del Hierro, 52",7.74,100.0,36.36,True,True,False,True,True,False,Co-location,distance <= 15m and strong text match
1983,2143,1984,2144,Dhl,Celeritas,Convenience Stores,Convenience Stores,Workme,Workme Tecnologia . Papeleria,"C. de José del Hierro, 52","C. de José del Hierro, 52",8.23,100.0,36.36,True,True,False,True,True,False,Co-location,distance <= 15m and strong text match
1984,2147,1985,2148,Dhl,Celeritas,Convenience Stores,Convenience Stores,Workme Ii,Tienda Workme,"C. de Aristóteles, 5","C. de Aristóteles, 5",2.89,100.0,54.55,True,True,False,True,True,False,Co-location,distance <= 5m
1984,2439,1985,2440,Dhl,Ctt Express,Convenience Stores,Convenience Stores,Workme Ii,Tienda Workme,"C. de Aristóteles, 5","C. de Aristóteles, 5",4.4,100.0,54.55,True,True,False,True,True,False,Co-location,distance <= 5m
1989,2801,1990,2802,Dhl,Nacex,Convenience Stores,Convenience Stores,La Tienduca De Oscar,La Tienduca De Óscar (2845-11),"C. de Melchor Fernández Almagro, 62","C. de Melchor Fernández Almagro, 62",14.52,100.0,83.33,True,True,False,True,True,False,Co-location,distance <= 15m and strong text match
1990,2805,1991,2806,Dhl,Nacex,Convenience Stores,Convenience Stores,Envios Masivo,Envíos Masivo (2845-10),"C. de Álvarez, 19","C. de Álvarez, 19, Planta baja, Local 1",4.06,60.0,76.47,True,True,False,True,True,False,Co-location,distance <= 5m
1990,3004,1991,3005,Dhl,UPS,Convenience Stores,Convenience Stores,Envios Masivo,Inversiones Masivo,"C. de Álvarez, 19","C. de Álvarez, 19",5.29,100.0,77.42,True,True,False,True,True,False,Co-location,distance <= 15m and strong text match
1990,2680,1991,2681,Dhl,Gls,Convenience Stores,Convenience Stores,Envios Masivo,Ps Envíos Masivo,"C. de Álvarez, 19","C. de Álvarez, 19",7.32,100.0,89.66,True,True,False,True,True,False,Co-location,distance <= 15m and strong text match
1990,2153,1991,2154,Dhl,Celeritas,Convenience Stores,Convenience Stores,Envios Masivo,Envios Masivo,"C. de Álvarez, 19","C. de Álvarez, 19, Local 1",9.65,78.95,100.0,True,True,False,True,True,False,Co-location,distance <= 15m and strong text match
1994,2164,1995,2165,Dhl,Celeritas,Convenience Stores,Convenience Stores,Estanco De Santa Eugenia,Estanco Santa Eugenia,"C. Virgen de las Viñas, 16","C. Virgen de las Viñas, 16",3.22,100.0,93.33,True,True,False,True,True,False,Co-location,distance <= 5m
1994,2480,1995,2481,Dhl,Ctt Express,Convenience Stores,Convenience Stores,Estanco De Santa Eugenia,Tu Armario En Mis Manos,"C. Virgen de las Viñas, 16","C. Virgen de las Viñas, 16",8.02,100.0,25.53,True,True,False,True,True,False,Co-location,distance <= 15m and strong text match
1994,2861,1995,2862,Dhl,Nacex,Convenience Stores,Convenience Stores,Estanco De Santa Eugenia,Estanco No 693 Madrid (2813-21),"C. Virgen de las Viñas, 16","C. Virgen de las Viñas, 16",8.46,100.0,41.51,True,True,False,True,True,False,Co-location,distance <= 15m and strong text match
1994,3018,1995,3019,Dhl,UPS,Convenience Stores,Convenience Stores,Estanco De Santa Eugenia,Fnx-Estanco De Santa Eugenia,"C. Virgen de las Viñas, 16","C. Virgen de las Viñas, 16",11.42,100.0,92.31,True,True,False,True,True,False,Co-location,distance <= 15m and strong text match
1997,2493,1998,2494,Dhl,Ctt Express,Convenience Stores,Convenience Stores,Libros De Arena,Librería Libros De Arena,"C/ de Capri, 15","C/ de Capri, 15",4.37,100.0,76.92,True,True,False,True,True,False,Co-location,distance <= 5m
1997,2750,1998,2751,Dhl,Gls,Convenience Stores,Convenience Stores,Libros De Arena,Ps Libros De Arena,"C/ de Capri, 15",Calle de Capri 15,6.9,86.67,90.91,True,True,False,True,True,False,Co-location,distance <= 15m and strong text match
2001,3027,2002,3028,Dhl,UPS,Convenience Stores,Convenience Stores,Libreria Papeleria Sanchez,Fnx-Papeleria Libreria Sanchez,"C. de las Cuevas de Almanzora, 22","C. de las Cuevas de Almanzora, 22",10.32,100.0,64.29,True,True,False,True,True,False,Co-location,distance <= 15m and strong text match
2004,2733,2005,2734,Dhl,Gls,Convenience Stores,Convenience Stores,Telotengo,Ps Te Lo Tengo Madrid,"C. de Marcos de Orueta, 3",Calle de Marcos de Orueta 3,3.93,92.0,60.0,True,True,False,True,True,False,Co-location,distance <= 5m
2004,2845,2005,2846,Dhl,Nacex,Convenience Stores,Convenience Stores,Telotengo,Telotengo (2880-06),"C. de Marcos de Orueta, 3","C. de Marcos de Orueta, 3",5.59,100.0,69.23,True,True,False,True,True,False,Co-location,distance <= 15m and strong text match
2004,2173,2005,2174,Dhl,Celeritas,Convenience Stores,Convenience Stores,Telotengo,Te Lo Tengo,"C. de Marcos de Orueta, 3","C. de Marcos de Orueta, 3",7.79,100.0,90.0,True,True,False,True,True,False,Co-location,distance <= 15m and strong text match
2004,3037,2005,3038,Dhl,UPS,Convenience Stores,Convenience Stores,Telotengo,Telotengo,"C. de Marcos de Orueta, 3","C. de Marcos de Orueta, 3",11.6,100.0,100.0,True,True,False,True,True,False,Co-location,distance <= 15m and strong text match
2005,2806,2006,2807,Dhl,Nacex,Convenience Stores,Convenience Stores,Expendeduría 742,Estanco Madrid-742 (2844-12),"Calle de la, C. Isla de Tavira, 30","Calle de la C. Isla de Tavira, 30",14.77,100.0,42.86,True,True,False,True,True,False,Co-location,distance <= 15m and strong text match
2006,2179,2007,2180,Dhl,Celeritas,Convenience Stores,Convenience Stores,Agh Fotodigital,Agh Fotodigital,"C. de la Virgen de la Oliva, 2","C. de la Virgen de la Oliva, 2",2.7,100.0,100.0,True,True,False,True,True,False,Co-location,distance <= 5m
2006,3045,2007,3046,Dhl,UPS,Convenience Stores,Convenience Stores,Agh Fotodigital,Estanco Virgen De La Oliva,"C. de la Virgen de la Oliva, 2","C. de la Virgen de la Oliva, 2",10.53,100.0,14.63,True,True,False,True,True,False,Co-location,distance <= 15m and strong text match
2010,3052,2011,3053,Dhl,UPS,Convenience Stores,Convenience Stores,Lanas Adriana,Kanguro Lanas Adriana,"C. de Artajona, 43","C. de Artajona, 43",4.51,100.0,76.47,True,True,False,True,True,False,Co-location,distance <= 5m
2013,2532,2014,2533,Dhl,Ctt Express,Convenience Stores,Convenience Stores,Kurama,Kurama,"C. de Valderrodrigo, 45","C. de Valderrodrigo, 45",1.28,100.0,100.0,True,True,False,True,True,False,Co-location,distance <= 5m
2013,3053,2014,3054,Dhl,UPS,Convenience Stores,Convenience Stores,Kurama,Kurama,"C. de Valderrodrigo, 45","C. de Valderrodrigo, 45",6.76,100.0,100.0,True,True,False,True,True,False,Co-location,distance <= 15m and strong text match
2013,2808,2014,2809,Dhl,Nacex,Convenience Stores,Convenience Stores,Kurama,Kurama (2844-10),"C. de Valderrodrigo, 45","C. de Valderrodrigo, 45",7.75,100.0,60.0,True,True,False,True,True,False,Co-location,distance <= 15m and strong text match
2019,2964,2020,2965,Dhl,UPS,Convenience Stores,Convenience Stores,Locutorio Lym,Locutorio L&M,"C. de la Vírgen de los Desamparados, 30","C. Alcocer, 34",11.33,24.49,92.31,True,False,False,True,True,False,Co-location,distance <= 15m and strong text match
2023,3067,2024,3068,Dhl,UPS,Convenience Stores,Convenience Stores,Lhstore,Locutorio Hablales,"C. de Agustín Calvo, 26","C. de Agustín Calvo, 26",13.13,100.0,40.0,True,True,False,True,True,False,Co-location,distance <= 15m and strong text match
2026,2828,2027,2829,Dhl,Nacex,Convenience Stores,Convenience Stores,Pinturas Aluche Multiservicios,Pinturas Aluche Multiservicios (2883-33),"C. de Blas Cabrera, 137","C. de Blas Cabrera, 137",1.3,100.0,88.24,True,True,False,True,True,False,Co-location,distance <= 5m
2026,2198,2027,2199,Dhl,Celeritas,Convenience Stores,Convenience Stores,Pinturas Aluche Multiservicios,Pinturas Aluche Multiservicios,"C. de Blas Cabrera, 137","C. de Blas Cabrera, 137",10.49,100.0,100.0,True,True,False,True,True,False,Co-location,distance <= 15m and strong text match
2027,2829,2028,2830,Dhl,Nacex,Convenience Stores,Convenience Stores,Locutorio Carlita,Locutorio Carlita (2883-26),"C. de Oliva de Plasencia, 1","C. de Oliva de Plasencia, 1",1.81,100.0,80.95,True,True,False,True,True,False,Co-location,distance <= 5m
2027,2566,2028,2567,Dhl,Ctt Express,Convenience Stores,Convenience Stores,Locutorio Carlita,Locutorio Carlita,"C. de Oliva de Plasencia, 1","C. de Oliva de Plasencia, 1",2.87,100.0,100.0,True,True,False,True,True,False,Co-location,distance <= 5m
2027,2574,2028,2575,Dhl,Ctt Express,Convenience Stores,Convenience Stores,Locutorio Carlita,Locutorio Carlita,"C. de Oliva de Plasencia, 1","C. de Oliva de Plasencia, 1, LOCAL 334",2.87,83.33,100.0,True,True,False,True,True,False,Co-location,distance <= 5m
2027,3073,2028,3074,Dhl,UPS,Convenience Stores,Convenience Stores,Locutorio Carlita,Locutorio Carlita,"C. de Oliva de Plasencia, 1","C. de Oliva de Plasencia, 1",3.63,100.0,100.0,True,True,False,True,True,False,Co-location,distance <= 5m
2035,3090,2036,3091,Dhl,UPS,Convenience Stores,Convenience Stores,Jmb Suministros,Papeleria Jmb Suministros Informati,"Cl. de los Yébenes, 223","Cl. de los Yébenes, 223",9.97,100.0,60.0,True,True,False,True,True,False,Co-location,distance <= 15m and strong text match
2037,3093,2038,3094,Dhl,UPS,Convenience Stores,Convenience Stores,Locutorio Cacil Envios,Cacil Envios,"C. Vía Carpetana, 328","C. Vía Carpetana, 328",5.01,100.0,70.59,True,True,False,True,True,False,Co-location,distance <= 15m and strong text match
2039,2613,2040,2614,Dhl,Ctt Express,Convenience Stores,Convenience Stores,Locutorio Minimarket Ml,Locutorio Mini Market Ml,"C. de Sta. Alicia, 23","C. de Sta. Alicia, 23",10.6,100.0,97.87,True,True,False,True,True,False,Co-location,distance <= 15m and strong text match
2043,2869,2044,2870,Celeritas,UPS,Convenience Stores,Convenience Stores,Estanco Florida,Estanco Florida,"Calle del Gral. Pardiñas, 64","Calle del Gral. Pardiñas, 64",3.73,100.0,100.0,True,True,False,True,True,False,Co-location,distance <= 5m
2043,2226,2044,2227,Celeritas,Ctt Express,Convenience Stores,Convenience Stores,Estanco Florida,Estanco Florida,"Calle del Gral. Pardiñas, 64","Calle del Gral. Pardiñas, 64",4.46,100.0,100.0,True,True,False,True,True,False,Co-location,distance <= 5m
2044,2227,2045,2228,Celeritas,Ctt Express,Convenience Stores,Convenience Stores,Quiosco Marcos,Quiosco Marcos,"C. de Gabriel Lobo, 10","C. de Gabriel Lobo, 10",4.06,100.0,100.0,True,True,False,True,True,False,Co-location,distance <= 5m
2046,2230,2047,2231,Celeritas,Ctt Express,Convenience Stores,Convenience Stores,Kiosco Clara Del Rey 14,Kiosco Clara Del Rey 14,"C. de Clara del Rey, 14","C. de Clara del Rey, 14",6.91,100.0,100.0,True,True,False,True,True,False,Co-location,distance <= 15m and strong text match
2047,2232,2048,2233,Celeritas,Ctt Express,Convenience Stores,Convenience Stores,Chip Inside,Chip Inside,"C. de Clara del Rey, 20","C. de Clara del Rey, 20",1.82,100.0,100.0,True,True,False,True,True,False,Co-location,distance <= 5m
2049,2229,2050,2230,Celeritas,Ctt Express,Convenience Stores,Convenience Stores,Expendeduria De Tabaco 532,Expendeduria De Tabaco 532,"C. de López de Hoyos, 174","C. de López de Hoyos, 174",3.63,100.0,100.0,True,True,False,True,True,False,Co-location,distance <= 5m
2050,2228,2051,2229,Celeritas,Ctt Express,Convenience Stores,Convenience Stores,World Tech Mobile,World Tech Mobile,"C. de Eugenio Salazar, 47","C. de Eugenio Salazar, 47",9.78,100.0,100.0,True,True,False,True,True,False,Co-location,distance <= 15m and strong text match
2051,2231,2052,2232,Celeritas,Ctt Express,Convenience Stores,Convenience Stores,Quiosco De Prensa Rodríguez Marín,Quiosco De Prensa Rodríguez Marín,"C. de Rodríguez Marín, 80","C. de Rodríguez Marín, 80",11.8,100.0,100.0,True,True,False,True,True,False,Co-location,distance <= 15m and strong text match
2054,2241,2055,2242,Celeritas,Ctt Express,Convenience Stores,Convenience Stores,Achalay Prensa Y Revistas,Achalay Prensa Y Revistas,C. de Alonso Cano & C. del Robledillo,C. de Alonso Cano & C. del Robledillo s/n,4.89,94.29,100.0,False,False,False,True,True,False,Co-location,distance <= 5m
2055,2238,2056,2239,Celeritas,Ctt Express,Convenience Stores,Convenience Stores,Estanco Exp. 216,Estanco Exp. 216,"C. de Raimundo Fernández Villaverde, 49","C. de Raimundo Fernández Villaverde, 49",3.27,100.0,100.0,True,True,False,True,True,False,Co-location,distance <= 5m
2056,2783,2057,2784,Celeritas,Nacex,Convenience Stores,Convenience Stores,Kiosco Teresa Sanchez,Kiosko Teresa Sánchez (2853-12),"C. del Barquillo, 17","C. del Barquillo, 17",4.89,100.0,80.0,True,True,False,True,True,False,Co-location,distance <= 5m
2056,2058,2057,2059,Celeritas,Celeritas,Convenience Stores,Convenience Stores,Kiosco Teresa Sanchez,Kiosco Teresa Sanchez,"C. del Barquillo, 17","C. del Barquillo, 17",5.52,100.0,100.0,True,True,True,True,True,True,Possible duplicate,distance <= 15m and strong text match
2056,2247,2057,2248,Celeritas,Ctt Express,Convenience Stores,Convenience Stores,Kiosco Teresa Sanchez,Kiosco Teresa Sanchez,"C. del Barquillo, 17","C. del Barquillo, 17",7.32,100.0,100.0,True,True,False,True,True,False,Co-location,distance <= 15m and strong text match
2057,2883,2058,2884,Celeritas,UPS,Convenience Stores,Convenience Stores,Imagen On,Imagen On,"C. de Pelayo, 80","C. de Pelayo, 80",4.45,100.0,100.0,True,True,False,True,True,False,Co-location,distance <= 5m
2057,2248,2058,2249,Celeritas,Ctt Express,Convenience Stores,Convenience Stores,Imagen On,Imagen On,"C. de Pelayo, 80","C. de Pelayo, 80",11.09,100.0,100.0,True,True,False,True,True,False,Co-location,distance <= 15m and strong text match
2057,2638,2058,2639,Celeritas,Gls,Convenience Stores,Convenience Stores,Imagen On,Ps Imagen On,"C. de Pelayo, 80","C. de Pelayo, 80",11.23,100.0,85.71,True,True,False,True,True,False,Co-location,distance <= 15m and strong text match
2058,2783,2059,2784,Celeritas,Nacex,Convenience Stores,Convenience Stores,Kiosco Teresa Sanchez,Kiosko Teresa Sánchez (2853-12),"C. del Barquillo, 17","C. del Barquillo, 17",1.28,100.0,80.0,True,True,False,True,True,False,Co-location,distance <= 5m
2058,2247,2059,2248,Celeritas,Ctt Express,Convenience Stores,Convenience Stores,Kiosco Teresa Sanchez,Kiosco Teresa Sanchez,"C. del Barquillo, 17","C. del Barquillo, 17",2.87,100.0,100.0,True,True,False,True,True,False,Co-location,distance <= 5m
2059,2254,2060,2255,Celeritas,Ctt Express,Convenience Stores,Convenience Stores,Prensa Antonio,Prensa Antonio,Pl. de Prta Cerrada s/n,Pl. de Prta Cerrada s/n,9.35,100.0,100.0,False,False,False,True,True,False,Co-location,distance <= 15m and strong text match
2060,2781,2061,2782,Celeritas,Nacex,Convenience Stores,Convenience Stores,Vapstore La Latina,Vapstore La Latina (2850-15),"Pl. de Cascorro, 8","Pl. de Cascorro, 8, local 20",8.12,78.05,81.82,True,True,False,True,True,False,Co-location,distance <= 15m and strong text match
2060,2255,2061,2256,Celeritas,Ctt Express,Convenience Stores,Convenience Stores,Vapstore La Latina,Vapstore La Latina,"Pl. de Cascorro, 8","Pl. de Cascorro, 8",14.98,100.0,100.0,True,True,False,True,True,False,Co-location,distance <= 15m and strong text match
2061,2256,2062,2257,Celeritas,Ctt Express,Convenience Stores,Convenience Stores,Estanco Piramides,Estanco Piramides,"P.o de las Acacias, 69","P.o de las Acacias, 69",9.26,100.0,100.0,True,True,False,True,True,False,Co-location,distance <= 15m and strong text match
2062,2257,2063,2258,Celeritas,Ctt Express,Convenience Stores,Convenience Stores,Librería Papelería Águeda,Librería Papelería Águeda,"Calle de las Peñuelas, 26","Calle de las Peñuelas, 26",5.75,100.0,100.0,True,True,False,True,True,False,Co-location,distance <= 15m and strong text match
2063,2779,2064,2780,Celeritas,Nacex,Convenience Stores,Convenience Stores,Servipronto,Ferreteria San Isidro (2850-16),"P.o de los Melancólicos, 41","P.o de los Melancólicos, 41",7.32,100.0,25.0,True,True,False,True,True,False,Co-location,distance <= 15m and strong text match
2064,2258,2065,2259,Celeritas,Ctt Express,Convenience Stores,Convenience Stores,Prensa Y Revistas M Paz,Prensa Y Revistas M Paz,"P.o de las Acacias, 11","P.o de las Acacias, 11",7.47,100.0,100.0,True,True,False,True,True,False,Co-location,distance <= 15m and strong text match
2065,2265,2066,2266,Celeritas,Ctt Express,Convenience Stores,Convenience Stores,Prink Velazquez,Prink Velazquez,"Calle Velázquez, 118","Calle Velázquez, 118",12.84,100.0,100.0,True,True,False,True,True,False,Co-location,distance <= 15m and strong text match
2066,2264,2067,2265,Celeritas,Ctt Express,Convenience Stores,Convenience Stores,Expendeduria 837,Expendeduria 837,"Calle del Gral. Pardiñas, 61","Calle del Gral. Pardiñas, 61",2.03,100.0,100.0,True,True,False,True,True,False,Co-location,distance <= 5m
2067,2278,2068,2279,Celeritas,Ctt Express,Convenience Stores,Convenience Stores,Doce Treinta Y Cuatro,Doce Treinta Y Cuatro,"C. del Dr. Esquerdo, 96","C. del Dr. Esquerdo, 96, Local 2",11.05,83.33,100.0,True,True,False,True,True,False,Co-location,distance <= 15m and strong text match
2067,2274,2068,2275,Celeritas,Ctt Express,Convenience Stores,Convenience Stores,Doce Treinta Y Cuatro,Doce Treinta Y Cuatro,"C. del Dr. Esquerdo, 96","C. del Dr. Esquerdo, 96",14.53,100.0,100.0,True,True,False,True,True,False,Co-location,distance <= 15m and strong text match
2069,2649,2070,2650,Celeritas,Gls,Convenience Stores,Convenience Stores,Mobile Centre,Ps Mobile Centre,"Calle de la Princesa, 3","Calle de la Princesa, 3",2.03,100.0,89.66,True,True,False,True,True,False,Co-location,distance <= 5m
2069,2787,2070,2788,Celeritas,Nacex,Convenience Stores,Convenience Stores,Mobile Centre,Mobile Centre (2886-04),"Calle de la Princesa, 3","Calle de la Princesa, 3, Loocal 6",6.92,83.02,76.47,True,True,False,True,True,False,Co-location,distance <= 15m and strong text match
2070,2288,2071,2289,Celeritas,Ctt Express,Convenience Stores,Convenience Stores,Quiosco Narvaez,Quiosco Narvaez,"C. de Narváez, 24","C. de Narváez, 24",4.06,100.0,100.0,True,True,False,True,True,False,Co-location,distance <= 5m
2072,2295,2073,2296,Celeritas,Ctt Express,Convenience Stores,Convenience Stores,Quiosco Plaza Del Doctor Laguna,Quiosco Plaza Del Doctor Laguna,"Plaza del Dr. Laguna, 1","Plaza del Doctor Laguna 1, 28009, Madrid",3.75,71.19,100.0,True,True,False,True,True,False,Co-location,distance <= 5m
2074,2296,2075,2297,Celeritas,Ctt Express,Convenience Stores,Convenience Stores,Estanco Chamberi,Estanco Chamberi,"Calle de Sta Engracia, 36","Calle de Sta Engracia, 36",4.06,100.0,100.0,True,True,False,True,True,False,Co-location,distance <= 5m
2075,2789,2076,2790,Celeritas,Nacex,Convenience Stores,Convenience Stores,Locutorio Mila,Locutorio Mila (2853-20),"C. del Cardenal Cisneros, 64","C. del Cardenal Cisneros, 64",3.27,100.0,77.78,True,True,False,True,True,False,Co-location,distance <= 5m
2075,2654,2076,2655,Celeritas,Gls,Convenience Stores,Convenience Stores,Locutorio Mila,Ps Locutorio Mila Nuevo,"C. del Cardenal Cisneros, 64","C. del Cardenal Cisneros, 64",3.74,100.0,75.68,True,True,False,True,True,False,Co-location,distance <= 5m
2075,2297,2076,2298,Celeritas,Ctt Express,Convenience Stores,Convenience Stores,Locutorio Mila,Locutorio Mila,"C. del Cardenal Cisneros, 64","C. del Cardenal Cisneros, 64",4.54,100.0,100.0,True,True,False,True,True,False,Co-location,distance <= 5m
2075,2302,2076,2303,Celeritas,Ctt Express,Convenience Stores,Convenience Stores,Locutorio Mila,Locutorio Mila,"C. del Cardenal Cisneros, 64","C. del Cardenal Cisneros, 64",7.32,100.0,100.0,True,True,False,True,True,False,Co-location,distance <= 15m and strong text match
2077,2306,2078,2307,Celeritas,Ctt Express,Convenience Stores,Convenience Stores,Envios Ing,Envios Ing,"C. de Villavaliente, 3","C. de Villavaliente, 3",2.88,100.0,100.0,True,True,False,True,True,False,Co-location,distance <= 5m
2078,2304,2079,2305,Celeritas,Ctt Express,Convenience Stores,Convenience Stores,Expendeduria 519,Expendeduria 519,"C. de Guadarrama, 18","C. de Guadarrama, 18",12.73,100.0,100.0,True,True,False,True,True,False,Co-location,distance <= 15m and strong text match
2079,2316,2080,2317,Celeritas,Ctt Express,Convenience Stores,Convenience Stores,Estanco Cabestreros,Estanco Cabestreros,"C. de los Cabestreros, 17","C. de los Cabestreros, 17",4.06,100.0,100.0,True,True,False,True,True,False,Co-location,distance <= 5m
2081,2315,2082,2316,Celeritas,Ctt Express,Convenience Stores,Convenience Stores,Estanco De Tirso,Estanco De Tirso,"Calle del Dr Cortezo, 17","Calle del Dr Cortezo, 17",4.63,100.0,100.0,True,True,False,True,True,False,Co-location,distance <= 5m
2083,2919,2084,2920,Celeritas,UPS,Convenience Stores,Convenience Stores,Shipxpress,Shipxpress,"C. de Fernández de los Ríos, 33","C. de Fernández de los Ríos, 33",7.63,100.0,100.0,True,True,False,True,True,False,Co-location,distance <= 15m and strong text match
2083,2663,2084,2664,Celeritas,Gls,Convenience Stores,Convenience Stores,Shipxpress,Ps Shipxpress,"C. de Fernández de los Ríos, 33","C. de Fernández de los Ríos, 33",8.37,100.0,86.96,True,True,False,True,True,False,Co-location,distance <= 15m and strong text match
2084,2664,2085,2665,Celeritas,Gls,Convenience Stores,Convenience Stores,Don Lector,Ps Don Lector,"C. de Fernández de los Ríos, 60","C. de Fernández de los Ríos, 60",6.55,100.0,86.96,True,True,False,True,True,False,Co-location,distance <= 15m and strong text match
2085,2087,2086,2088,Celeritas,Celeritas,Convenience Stores,Convenience Stores,Estanco Moncloa,Estanco 401,"C. de Víctor Andrés Belaunde, 2","C. de Víctor Andrés Belaunde, 2",0.0,100.0,61.54,True,True,True,True,True,True,Possible duplicate,distance <= 5m
2088,2922,2089,2923,Celeritas,UPS,Convenience Stores,Convenience Stores,Expendeduria 869,Estanco 869 Madrid,"C. de la Infanta María Teresa, 8","C. de la Infanta María Teresa, 8",6.14,100.0,35.29,True,True,False,True,True,False,Co-location,distance <= 15m and strong text match
2090,2342,2091,2343,Celeritas,Ctt Express,Convenience Stores,Convenience Stores,Kiosco Santiago,Kiosco Santiago,"C. de Sta. María Magdalena, 18","C. de Sta. María Magdalena, 18",7.48,100.0,100.0,True,True,False,True,True,False,Co-location,distance <= 15m and strong text match
2091,2341,2092,2342,Celeritas,Ctt Express,Convenience Stores,Convenience Stores,Estanco 416,Estanco 416,"C. de la Drácena, 19","C. de la Drácena, 19",6.42,100.0,100.0,True,True,False,True,True,False,Co-location,distance <= 15m and strong text match
2091,2924,2092,2925,Celeritas,UPS,Convenience Stores,Convenience Stores,Estanco 416,Fnx-Estanco 416,"C. de la Drácena, 19","C. de la Drácena, 19",7.18,100.0,84.62,True,True,False,True,True,False,Co-location,distance <= 15m and strong text match
2091,2796,2092,2797,Celeritas,Nacex,Convenience Stores,Convenience Stores,Estanco 416,Estanco No 416 Madrid (2846-03),"C. de la Drácena, 19","C. de la Drácena, 19",8.61,100.0,55.0,True,True,False,True,True,False,Co-location,distance <= 15m and strong text match
2093,2926,2094,2927,Celeritas,UPS,Convenience Stores,Convenience Stores,Papeleria Minfi,Papeleria Minfi,"C. de Emilio Ferrari, 88","C. de Emilio Ferrari, 88",4.02,100.0,100.0,True,True,False,True,True,False,Co-location,distance <= 5m
2093,2347,2094,2348,Celeritas,Ctt Express,Convenience Stores,Convenience Stores,Papeleria Minfi,Papeleria Minfi,"C. de Emilio Ferrari, 88","C. de Emilio Ferrari, 88",6.4,100.0,100.0,True,True,False,True,True,False,Co-location,distance <= 15m and strong text match
2097,2348,2098,2349,Celeritas,Ctt Express,Convenience Stores,Convenience Stores,El Estanco De Olga,El Estanco De Olga,"C. del Río Ulla, 34","C. del Río Ulla, 34",4.07,100.0,100.0,True,True,False,True,True,False,Co-location,distance <= 5m
2097,2928,2098,2929,Celeritas,UPS,Convenience Stores,Convenience Stores,El Estanco De Olga,El Estanco De Olga,"C. del Río Ulla, 34","C. del Río Ulla, 34",10.48,100.0,100.0,True,True,False,True,True,False,Co-location,distance <= 15m and strong text match
2100,2356,2101,2357,Celeritas,Ctt Express,Convenience Stores,Convenience Stores,Frutos Secos Pikoteo,Frutos Secos Pikoteo,"C. del Puerto de la Morcuera, 30","C. del Puerto de la Morcuera, 30",10.88,100.0,100.0,True,True,False,True,True,False,Co-location,distance <= 15m and strong text match
2102,2943,2103,2944,Celeritas,UPS,Convenience Stores,Convenience Stores,Estanco 236,Estanco 236,"C. de Jacinto Verdaguer, 36","C. de Jacinto Verdaguer, 36",3.23,100.0,100.0,True,True,False,True,True,False,Co-location,distance <= 5m
2103,2704,2104,2705,Celeritas,Gls,Convenience Stores,Convenience Stores,Essenzia,Ps Essenzia,"Calle de Antonio López, 7","Calle de Antonio López, 7",13.86,100.0,84.21,True,True,False,True,True,False,Co-location,distance <= 15m and strong text match
2104,2369,2105,2370,Celeritas,Ctt Express,Convenience Stores,Convenience Stores,Expenduduria 394,Expenduduria 394,"Calle de Antonio López, 28","Calle de Antonio López, 28",3.19,100.0,100.0,True,True,False,True,True,False,Co-location,distance <= 5m
2105,2821,2106,2822,Celeritas,Nacex,Convenience Stores,Convenience Stores,Triple B Electrodomesticos,Triple B Electrodomesticos (2883-35),"C. de la Vía, 30","C. de la Vía, 30",5.34,100.0,86.67,True,True,False,True,True,False,Co-location,distance <= 15m and strong text match
2106,2367,2107,2368,Celeritas,Ctt Express,Convenience Stores,Convenience Stores,Viajes Solparaiso,Viajes Solparaiso,"Calle de Antonio López, 61","Calle de Antonio López, 61",13.86,100.0,100.0,True,True,False,True,True,False,Co-location,distance <= 15m and strong text match
2107,2366,2108,2367,Celeritas,Ctt Express,Convenience Stores,Convenience Stores,Estanco Pedro Yague,Estanco Pedro Yague,"C. Pedro Yagüe, 2","C. Pedro Yagüe, 2",2.22,100.0,100.0,True,True,False,True,True,False,Co-location,distance <= 5m
2108,2378,2109,2379,Celeritas,Ctt Express,Convenience Stores,Convenience Stores,Estanco Dulcinea,Estanco Dulcinea,"C. de Dulcinea, 67","C. de Dulcinea, 67",4.63,100.0,100.0,True,True,False,True,True,False,Co-location,distance <= 5m
2108,2950,2109,2951,Celeritas,UPS,Convenience Stores,Convenience Stores,Estanco Dulcinea,Estanco Dulcinea,"C. de Dulcinea, 67","C. de Dulcinea, 67",6.49,100.0,100.0,True,True,False,True,True,False,Co-location,distance <= 15m and strong text match
2109,2380,2110,2381,Celeritas,Ctt Express,Convenience Stores,Convenience Stores,Expendeduria 330 Madrid,Expendeduria 330 Madrid.,"Av. del General Perón, 16","Av. del General Perón, 16",4.06,100.0,100.0,True,True,False,True,True,False,Co-location,distance <= 5m
2110,2376,2111,2377,Celeritas,Ctt Express,Convenience Stores,Convenience Stores,Kiosco Ronda,Kiosco Ronda,"C. de Orense, 33","C. de Orense, 33",4.54,100.0,100.0,True,True,False,True,True,False,Co-location,distance <= 5m
2111,2948,2112,2949,Celeritas,UPS,Convenience Stores,Convenience Stores,Estanco,Estanco N 504,"C. de Orense, 35","C. de Orense, 35",0.93,100.0,70.0,True,True,False,True,True,False,Co-location,distance <= 5m
2111,2377,2112,2378,Celeritas,Ctt Express,Convenience Stores,Convenience Stores,Estanco,Estanco,"C. de Orense, 35","C. de Orense, 35",3.74,100.0,100.0,True,True,False,True,True,False,Co-location,distance <= 5m
2112,2381,2113,2382,Celeritas,Ctt Express,Convenience Stores,Convenience Stores,Estanco 692 Infanta Mercedes,Estanco 692 Infanta Mercedes,"C. de la Infanta Mercedes, 10","C. de la Infanta Mercedes, 10",3.74,100.0,100.0,True,True,False,True,True,False,Co-location,distance <= 5m
2113,2384,2114,2385,Celeritas,Ctt Express,Convenience Stores,Convenience Stores,Ferreteria Perfumeria Cuzco Ferrcash,Ferreteria Perfumeria Cuzco Ferrcash,"C. del Poeta Joan Maragall, 19","C. del Poeta Joan Maragall, 19",13.09,100.0,100.0,True,True,False,True,True,False,Co-location,distance <= 15m and strong text match
2114,2382,2115,2383,Celeritas,Ctt Express,Convenience Stores,Convenience Stores,Alvera Impresión,Alvera Impresión,"C. de San Germán, 72","C. de San Germán, 72",10.89,100.0,100.0,True,True,False,True,True,False,Co-location,distance <= 15m and strong text match
2115,2383,2116,2384,Celeritas,Ctt Express,Convenience Stores,Convenience Stores,Estanco Tetuán 777,Estanco Tetuán 777,"C. de Bravo Murillo, 293","C. de Bravo Murillo, 293",12.84,100.0,100.0,True,True,False,True,True,False,Co-location,distance <= 15m and strong text match
2116,2379,2117,2380,Celeritas,Ctt Express,Convenience Stores,Convenience Stores,Estanco Infanta Mercedes 70,Estanco Infanta Mercedes 70,"C. de la Infanta Mercedes, 70","C. de la Infanta Mercedes, 70",12.74,100.0,100.0,True,True,False,True,True,False,Co-location,distance <= 15m and strong text match
2119,2386,2120,2387,Celeritas,Ctt Express,Convenience Stores,Convenience Stores,"Papeleria Del Pino, Regalos Y Loteria","Papeleria Del Pino, Regalos Y Loteria","C. de José del Pino, 80","C. de José del Pino, 80",10.94,100.0,100.0,True,True,False,True,True,False,Co-location,distance <= 15m and strong text match
2122,2391,2123,2392,Celeritas,Ctt Express,Convenience Stores,Convenience Stores,Papeleria Libreria Arcoiris,El Rincón De La Costura,"C. de Juan José Martínez Seco, 68","C. de Andrea Jordán, 11, A",1.81,40.74,36.0,True,False,False,True,True,False,Co-location,distance <= 5m
2122,2390,2123,2391,Celeritas,Ctt Express,Convenience Stores,Convenience Stores,Papeleria Libreria Arcoiris,Papeleria Y Libreria Arcoiris,"C. de Juan José Martínez Seco, 68","C. de Juan José Martínez Seco, 68",6.46,100.0,96.43,True,True,False,True,True,False,Co-location,distance <= 15m and strong text match
2123,2963,2124,2964,Celeritas,UPS,Convenience Stores,Convenience Stores,Fundiland,Fnx-Fundiland,"C. Limonita, 5","C. Limonita, 5",0.86,100.0,81.82,True,True,False,True,True,False,Co-location,distance <= 5m
2125,2969,2126,2970,Celeritas,UPS,Convenience Stores,Convenience Stores,Bel Art,Fnx-Belart,"C. de Sofía, 56","C. de Sofía, 56",11.32,100.0,70.59,True,True,False,True,True,False,Co-location,distance <= 15m and strong text match
2129,2399,2130,2400,Celeritas,Ctt Express,Convenience Stores,Convenience Stores,Estanco Vega,Estanco Vega,"C. Ribadumia, 2","C. Ribadumia, 2",3.4,100.0,100.0,True,True,False,True,True,False,Co-location,distance <= 5m
2131,2397,2132,2398,Celeritas,Ctt Express,Convenience Stores,Convenience Stores,Peluqueria Almudena,Peluqueria Almudena,"C. de San Mariano, 33","C. de San Mariano, 33",5.42,100.0,100.0,True,True,False,True,True,False,Co-location,distance <= 15m and strong text match
2132,2398,2133,2399,Celeritas,Ctt Express,Convenience Stores,Convenience Stores,Expendeduria 255,Expendeduria 255,"C. Valderrobres, 4","C. Valderrobres, 4",2.83,100.0,100.0,True,True,False,True,True,False,Co-location,distance <= 5m
2134,2412,2135,2413,Celeritas,Ctt Express,Convenience Stores,Convenience Stores,Cafeteria Beverly-Beer,Beverly,"P.o de los Lanceros, 2","P.o de los Lanceros, 2",5.52,100.0,48.28,True,True,False,True,True,False,Co-location,distance <= 15m and strong text match
2134,2973,2135,2974,Celeritas,UPS,Convenience Stores,Convenience Stores,Cafeteria Beverly-Beer,Beverly Beer,"P.o de los Lanceros, 2","P.o de los Lanceros, 2",5.92,100.0,70.59,True,True,False,True,True,False,Co-location,distance <= 15m and strong text match
2135,2411,2136,2412,Celeritas,Ctt Express,Convenience Stores,Convenience Stores,Bazar El Parque,Bazar El Parque,"C. de Fuente de Lima, 5","C. de Fuente de Lima, 5",2.61,100.0,100.0,True,True,False,True,True,False,Co-location,distance <= 5m
2135,2974,2136,2975,Celeritas,UPS,Convenience Stores,Convenience Stores,Bazar El Parque,Bazar El Parque,"C. de Fuente de Lima, 5","C. de Fuente de Lima, 5",7.94,100.0,100.0,True,True,False,True,True,False,Co-location,distance <= 15m and strong text match
2137,2980,2138,2981,Celeritas,UPS,Convenience Stores,Convenience Stores,Expendiduria 574,Expendeduria 574,"Calle del Gral. Ricardos, 244","Calle del Gral. Ricardos, 244",1.29,100.0,93.75,True,True,False,True,True,False,Co-location,distance <= 5m
2137,2418,2138,2419,Celeritas,Ctt Express,Convenience Stores,Convenience Stores,Expendiduria 574,Expendiduria 574,"Calle del Gral. Ricardos, 244","Calle del Gral. Ricardos, 244",1.95,100.0,100.0,True,True,False,True,True,False,Co-location,distance <= 5m
2141,2989,2142,2990,Celeritas,UPS,Convenience Stores,Convenience Stores,Damalar Viajes,Damalar Viajes,"C. de la Cuesta, 15","C. de la Cuesta, 15",2.58,100.0,100.0,True,True,False,True,True,False,Co-location,distance <= 5m
2141,2692,2142,2693,Celeritas,Gls,Convenience Stores,Convenience Stores,Damalar Viajes,Ps Damalar,"C. de la Cuesta, 15","C. de la Cuesta, 15",11.42,100.0,58.33,True,True,False,True,True,False,Co-location,distance <= 15m and strong text match
2143,2438,2144,2439,Celeritas,Ctt Express,Convenience Stores,Convenience Stores,Workme Tecnologia . Papeleria,Workme Tecnologia . Papeleria,"C. de José del Hierro, 52","C. de José del Hierro, 52",3.67,100.0,100.0,True,True,False,True,True,False,Co-location,distance <= 5m
2143,2853,2144,2854,Celeritas,Nacex,Convenience Stores,Convenience Stores,Workme Tecnologia . Papeleria,Workme (2878-11),"C. de José del Hierro, 52","C. de José del Hierro, 52",7.82,100.0,39.02,True,True,False,True,True,False,Co-location,distance <= 15m and strong text match
2143,2993,2144,2994,Celeritas,UPS,Convenience Stores,Convenience Stores,Workme Tecnologia . Papeleria,Workme,"C. de José del Hierro, 52","C. de José del Hierro, 52",8.38,100.0,36.36,True,True,False,True,True,False,Co-location,distance <= 15m and strong text match
2145,2440,2146,2441,Celeritas,Ctt Express,Convenience Stores,Convenience Stores,El Árbol De La Vida,El Árbol De La Vida,"C. del Gral. Aranaz, 42","C. del Gral. Aranaz, 42",4.11,100.0,100.0,True,True,False,True,True,False,Co-location,distance <= 5m
2147,2439,2148,2440,Celeritas,Ctt Express,Convenience Stores,Convenience Stores,Tienda Workme,Tienda Workme,"C. de Aristóteles, 5","C. de Aristóteles, 5",2.53,100.0,100.0,True,True,False,True,True,False,Co-location,distance <= 5m
2148,2448,2149,2449,Celeritas,Ctt Express,Convenience Stores,Convenience Stores,Kiosco Galindo,Kiosco Galindo,"Pl. de América Española, 2","Pl. de América Española, 2",2.57,100.0,100.0,True,True,False,True,True,False,Co-location,distance <= 5m
2150,2450,2151,2451,Celeritas,Ctt Express,Convenience Stores,Convenience Stores,La Casa Del Cartucho,La Casa Del Cartucho,"C/ de Francisco Silvela, 72","C/ de Francisco Silvela, 72",13.65,100.0,100.0,True,True,False,True,True,False,Co-location,distance <= 15m and strong text match
2152,2461,2153,2462,Celeritas,Ctt Express,Convenience Stores,Convenience Stores,Disache,Disache,"C. Pinos Alta, 33","C. Pinos Alta, 33",9.26,100.0,100.0,True,True,False,True,True,False,Co-location,distance <= 15m and strong text match
2152,3005,2153,3006,Celeritas,UPS,Convenience Stores,Convenience Stores,Disache,Disache,"C. Pinos Alta, 33","C. Pinos Alta, 33",13.09,100.0,100.0,True,True,False,True,True,False,Co-location,distance <= 15m and strong text match
2153,2680,2154,2681,Celeritas,Gls,Convenience Stores,Convenience Stores,Envios Masivo,Ps Envíos Masivo,"C. de Álvarez, 19, Local 1","C. de Álvarez, 19",5.45,78.95,89.66,True,True,False,True,True,False,Co-location,distance <= 15m and strong text match
2154,2458,2155,2459,Celeritas,Ctt Express,Convenience Stores,Convenience Stores,Kiosco Prensa Maria Luisa,Kiosco Prensa Maria Luisa,"C/ de Ribadavia, 29","C/ de Ribadavia, 29",4.06,100.0,100.0,True,True,False,True,True,False,Co-location,distance <= 5m
2156,2800,2157,2801,Celeritas,Nacex,Convenience Stores,Convenience Stores,Quiosco Prensa Pablo,Quiosco Pablo (2845-06),C. de Melchor Fernández Almagro & C. de la Villa de Marín,C. de Melchor Fernández Almagro & C. de la Villa de Marín,5.74,100.0,63.41,False,False,False,True,True,False,Co-location,distance <= 15m and strong text match
2156,2460,2157,2461,Celeritas,Ctt Express,Convenience Stores,Convenience Stores,Quiosco Prensa Pablo,Quiosco Prensa Pablo,C. de Melchor Fernández Almagro & C. de la Villa de Marín,C. de Melchor Fernández Almagro & C. de la Villa de Marín,6.54,100.0,100.0,False,False,False,True,True,False,Co-location,distance <= 15m and strong text match
2158,2470,2159,2471,Celeritas,Ctt Express,Convenience Stores,Convenience Stores,Expendeduria Tabacos 793,Expendeduria Tabacos 793,"Cl. de la Hacienda de Pavones, 144","Cl. de la Hacienda de Pavones, 144",12.73,100.0,100.0,True,True,False,True,True,False,Co-location,distance <= 15m and strong text match
2159,2469,2160,2470,Celeritas,Ctt Express,Convenience Stores,Convenience Stores,Estanco Tacona,Estanco Tacona,"C. de la Tacona, 33","C. de la Tacona, 33",7.5,100.0,100.0,True,True,False,True,True,False,Co-location,distance <= 15m and strong text match
2159,2476,2160,2477,Celeritas,Ctt Express,Convenience Stores,Convenience Stores,Estanco Tacona,Estanco Tacona 534,"C. de la Tacona, 33","C. de la Tacona, 33",9.77,100.0,87.5,True,True,False,True,True,False,Co-location,distance <= 15m and strong text match
2164,2480,2165,2481,Celeritas,Ctt Express,Convenience Stores,Convenience Stores,Estanco Santa Eugenia,Tu Armario En Mis Manos,"C. Virgen de las Viñas, 16","C. Virgen de las Viñas, 16",5.45,100.0,27.27,True,True,False,True,True,False,Co-location,distance <= 15m and strong text match
2164,2861,2165,2862,Celeritas,Nacex,Convenience Stores,Convenience Stores,Estanco Santa Eugenia,Estanco No 693 Madrid (2813-21),"C. Virgen de las Viñas, 16","C. Virgen de las Viñas, 16",5.67,100.0,40.0,True,True,False,True,True,False,Co-location,distance <= 15m and strong text match
2164,3018,2165,3019,Celeritas,UPS,Convenience Stores,Convenience Stores,Estanco Santa Eugenia,Fnx-Estanco De Santa Eugenia,"C. Virgen de las Viñas, 16","C. Virgen de las Viñas, 16",8.28,100.0,85.71,True,True,False,True,True,False,Co-location,distance <= 15m and strong text match
2165,2485,2166,2486,Celeritas,Ctt Express,Convenience Stores,Convenience Stores,Congosto Locutorio,Congosto Locutorio,"C. Sierra de Mira, 3","C. Sierra de Mira, 3",5.44,100.0,100.0,True,True,False,True,True,False,Co-location,distance <= 15m and strong text match
2165,2478,2166,2479,Celeritas,Ctt Express,Convenience Stores,Convenience Stores,Congosto Locutorio,Congosto Locutorio,"C. Sierra de Mira, 3","C. Sierra de Mira, 3",5.77,100.0,100.0,True,True,False,True,True,False,Co-location,distance <= 15m and strong text match
2170,2489,2171,2490,Celeritas,Ctt Express,Convenience Stores,Convenience Stores,Expendeduria 839,Expendeduria 839,"C. de Aquitania, 33","C. de Aquitania, 33",8.48,100.0,100.0,True,True,False,True,True,False,Co-location,distance <= 15m and strong text match
2171,2498,2172,2499,Celeritas,Ctt Express,Convenience Stores,Convenience Stores,Kiosco De Castro,Kiosco De Castro,"C. de Añastro, 9","C. de Añastro, 9",10.45,100.0,100.0,True,True,False,True,True,False,Co-location,distance <= 15m and strong text match
2173,3037,2174,3038,Celeritas,UPS,Convenience Stores,Convenience Stores,Te Lo Tengo,Telotengo,"C. de Marcos de Orueta, 3","C. de Marcos de Orueta, 3",3.81,100.0,90.0,True,True,False,True,True,False,Co-location,distance <= 5m
2173,2733,2174,2734,Celeritas,Gls,Convenience Stores,Convenience Stores,Te Lo Tengo,Ps Te Lo Tengo Madrid,"C. de Marcos de Orueta, 3",Calle de Marcos de Orueta 3,9.21,92.0,68.75,True,True,False,True,True,False,Co-location,distance <= 15m and strong text match
2173,2845,2174,2846,Celeritas,Nacex,Convenience Stores,Convenience Stores,Te Lo Tengo,Telotengo (2880-06),"C. de Marcos de Orueta, 3","C. de Marcos de Orueta, 3",9.55,100.0,64.29,True,True,False,True,True,False,Co-location,distance <= 15m and strong text match
2174,2177,2175,2178,Celeritas,Celeritas,Convenience Stores,Convenience Stores,Arfe Video Y Fotos,Arfe Video Y Fotos,"C/ FERMIN CABALLERO, 70","C. de Fermín Caballero, 70",12.03,93.33,100.0,True,True,True,True,True,True,Possible duplicate,distance <= 15m and strong text match
2176,2508,2177,2509,Celeritas,Ctt Express,Convenience Stores,Convenience Stores,Kiosco De Prensa,Kiosco De Prensa,"C. de Ramón Gómez de la Serna, 105","C. de Ramón Gómez de la Serna, 105",13.82,100.0,100.0,True,True,False,True,True,False,Co-location,distance <= 15m and strong text match
2177,3039,2178,3040,Celeritas,UPS,Convenience Stores,Convenience Stores,Arfe Video Y Fotos,Visual Arfe,"C. de Fermín Caballero, 70","C. de Fermín Caballero, 70",8.03,100.0,27.59,True,True,False,True,True,False,Co-location,distance <= 15m and strong text match
2178,2510,2179,2511,Celeritas,Ctt Express,Convenience Stores,Convenience Stores,Kiosco Av Burgos 8,Kiosco Av Burgos 8,"Av. de Burgos, 8","Av. de Burgos, 8",7.7,100.0,100.0,True,True,False,True,True,False,Co-location,distance <= 15m and strong text match
2179,3045,2180,3046,Celeritas,UPS,Convenience Stores,Convenience Stores,Agh Fotodigital,Estanco Virgen De La Oliva,"C. de la Virgen de la Oliva, 2","C. de la Virgen de la Oliva, 2",8.06,100.0,14.63,True,True,False,True,True,False,Co-location,distance <= 15m and strong text match
2183,2514,2184,2515,Celeritas,Ctt Express,Convenience Stores,Convenience Stores,Autoescuela Alamo Xtreme,Autoescuela Alamo Xtreme,"Plaza Obra, 4","Plaza Obra, 4",12.05,100.0,100.0,True,True,False,True,True,False,Co-location,distance <= 15m and strong text match
2184,3048,2185,3049,Celeritas,UPS,Convenience Stores,Convenience Stores,Agencia Viajes International Travelling,International Travelling,"C. de Argos, 9","C. de Argos, 9",3.31,100.0,76.19,True,True,False,True,True,False,Co-location,distance <= 5m
2184,2854,2185,2855,Celeritas,Nacex,Convenience Stores,Convenience Stores,Agencia Viajes International Travelling,Agencia De Viajes International Travelling (2878-15),"C. de Argos, 9","C. de Argos, 9",3.74,100.0,87.64,True,True,False,True,True,False,Co-location,distance <= 5m
2187,2524,2188,2525,Celeritas,Ctt Express,Convenience Stores,Convenience Stores,Geomil Express,Geomil Express,"Av. de Peña Prieta, 75","Av. de Peña Prieta, 75",14.93,100.0,100.0,True,True,False,True,True,False,Co-location,distance <= 15m and strong text match
2188,2521,2189,2522,Celeritas,Ctt Express,Convenience Stores,Convenience Stores,Estanco 429,Estanco 429,"Av. de Peña Prieta, 20","Av. de Peña Prieta, 20",7.08,100.0,100.0,True,True,False,True,True,False,Co-location,distance <= 15m and strong text match
2189,2754,2190,2755,Celeritas,Gls,Convenience Stores,Convenience Stores,Papeleria Irasi,Ps Papeleria Irasi,"C/ de León Felipe, 6","C/ de León Felipe, 6, PORTAL 1",12.62,80.0,90.91,True,True,False,True,True,False,Co-location,distance <= 15m and strong text match
2194,2553,2195,2554,Celeritas,Ctt Express,Convenience Stores,Convenience Stores,Via Electronica,Via Electronica,Calle Balandro 39B,"Calle Balandro 39B, Local 21, Galeria comercial",14.15,57.14,100.0,False,False,False,True,True,False,Co-location,distance <= 15m and strong text match
2196,2558,2197,2559,Celeritas,Ctt Express,Convenience Stores,Convenience Stores,Bar Kalanda,Bar Kalanda,"Calle de Calanda, 12","Calle de Calanda, 12",9.52,100.0,100.0,True,True,False,True,True,False,Co-location,distance <= 15m and strong text match
2198,2828,2199,2829,Celeritas,Nacex,Convenience Stores,Convenience Stores,Pinturas Aluche Multiservicios,Pinturas Aluche Multiservicios (2883-33),"C. de Blas Cabrera, 137","C. de Blas Cabrera, 137",9.33,100.0,88.24,True,True,False,True,True,False,Co-location,distance <= 15m and strong text match
2199,3076,2200,3077,Celeritas,UPS,Convenience Stores,Convenience Stores,Burman,Burman,"Av de la Aviación, 99","Av de la Aviación, 99",5.75,100.0,100.0,True,True,False,True,True,False,Co-location,distance <= 15m and strong text match
2200,2565,2201,2566,Celeritas,Ctt Express,Convenience Stores,Convenience Stores,App Informatica Las Aguilas,App Informatica Las Aguilas,"C. Osa de la Vega, 4","C. Osa de la Vega, 4",1.34,100.0,100.0,True,True,False,True,True,False,Co-location,distance <= 5m
2200,3074,2201,3075,Celeritas,UPS,Convenience Stores,Convenience Stores,App Informatica Las Aguilas,App Informatica Las Aguilas,"C. Osa de la Vega, 4","C. Osa de la Vega, 4",11.36,100.0,100.0,True,True,False,True,True,False,Co-location,distance <= 15m and strong text match
2201,3072,2202,3073,Celeritas,UPS,Convenience Stores,Convenience Stores,Cristaleria Aluche 2,Cristaleria Aluche Ii,"Av. de Las Águilas, 60","Av. de Las Águilas, 60",3.76,100.0,92.68,True,True,False,True,True,False,Co-location,distance <= 5m
2202,2567,2203,2568,Celeritas,Ctt Express,Convenience Stores,Convenience Stores,Perfumeria Las Cruces,Perfumeria Las Cruces,"C. Condesa de Teba, 5","C. Condesa de Teba, 5",1.84,100.0,100.0,True,True,False,True,True,False,Co-location,distance <= 5m
2203,2577,2204,2578,Celeritas,Ctt Express,Convenience Stores,Convenience Stores,Tu Librería,Tu Librería,"C. de Bolívar, 7, Local 2 7","C. de Bolívar, 7, LOCAL 2 7",10.37,100.0,100.0,True,True,False,True,True,False,Co-location,distance <= 15m and strong text match
2204,3086,2205,3087,Celeritas,UPS,Convenience Stores,Convenience Stores,Dulces La Ciudad,Dulces La Ciudad,"C. de Embajadores, 208","C. de Embajadores, 208",2.73,100.0,100.0,True,True,False,True,True,False,Co-location,distance <= 5m
2205,2575,2206,2576,Celeritas,Ctt Express,Convenience Stores,Convenience Stores,Copiserve Madrid,Copiserve Madrid,"C. de Alejandro Ferrant, 1","C. de Alejandro Ferrant, 1",10.6,100.0,100.0,True,True,False,True,True,False,Co-location,distance <= 15m and strong text match
2206,2576,2207,2577,Celeritas,Ctt Express,Convenience Stores,Convenience Stores,Expendeduria 538,Expendeduria 538,"Glorieta Sta. María de la Cabeza, 7","Glorieta Sta. María de la Cabeza, 7",9.12,100.0,100.0,True,True,False,True,True,False,Co-location,distance <= 15m and strong text match
2209,2587,2210,2588,Celeritas,Ctt Express,Convenience Stores,Convenience Stores,Estanco 729,Estanco 729,"C. de Cuart de Poblet, 65","C. de Cuart de Poblet, 65",4.09,100.0,100.0,True,True,False,True,True,False,Co-location,distance <= 5m
2210,2590,2211,2591,Celeritas,Ctt Express,Convenience Stores,Convenience Stores,Cristaleria Aluche,Tintoreria Elba Y Victoria,"C. de Camarena, 235","C. de Camarena, 235, LOCAL 7",4.61,80.95,36.36,True,True,False,True,True,False,Co-location,distance <= 5m
2210,2717,2211,2718,Celeritas,Gls,Convenience Stores,Convenience Stores,Cristaleria Aluche,Ps Cristaleria Aluche,"C. de Camarena, 235",Calle de Camarena 235,10.82,89.47,92.31,True,True,False,True,True,False,Co-location,distance <= 15m and strong text match
2211,2586,2212,2587,Celeritas,Ctt Express,Convenience Stores,Convenience Stores,Loterias Latina,Loterias Latina,"C. de Latina, 18","C. de Latina, 18",5.84,100.0,100.0,True,True,False,True,True,False,Co-location,distance <= 15m and strong text match
2212,3097,2213,3098,Celeritas,UPS,Convenience Stores,Convenience Stores,Estanco 403,Estanco El Pardo,"C. Carboneros, 2","C. Carboneros, 2",5.29,100.0,59.26,True,True,False,True,True,False,Co-location,distance <= 15m and strong text match
2212,2596,2213,2597,Celeritas,Ctt Express,Convenience Stores,Convenience Stores,Estanco 403,Estanco 403,"C. Carboneros, 2","C. Carboneros, 2",8.63,100.0,100.0,True,True,False,True,True,False,Co-location,distance <= 15m and strong text match
2212,2841,2213,2842,Celeritas,Nacex,Convenience Stores,Convenience Stores,Estanco 403,Estanco 403 (2862-14),"C. Carboneros, 2","C. Carboneros, 2",12.79,100.0,73.33,True,True,False,True,True,False,Co-location,distance <= 15m and strong text match
2216,2604,2217,2605,Celeritas,Ctt Express,Convenience Stores,Convenience Stores,Estanco Las Tablas - Expendeduría 896,Estanco Las Tablas - Expendeduría 896,"C. San Juan de Ortega, 108","C. San Juan de Ortega, 108",2.03,100.0,100.0,True,True,False,True,True,False,Co-location,distance <= 5m
2216,2842,2217,2843,Celeritas,Nacex,Convenience Stores,Convenience Stores,Estanco Las Tablas - Expendeduría 896,Estanco Las Tablas (2841-05),"C. San Juan de Ortega, 108","C. San Juan de Ortega, 108",3.69,100.0,65.57,True,True,False,True,True,False,Co-location,distance <= 5m
2221,2618,2222,2619,Celeritas,Ctt Express,Convenience Stores,Convenience Stores,Naz Beauty,Naz Beauty,"C. Palmeral de Elche, 6","C. Palmeral de Elche, 6",0.91,100.0,100.0,True,True,False,True,True,False,Co-location,distance <= 5m
2225,2635,2226,2636,Ctt Express,Gls,Convenience Stores,Convenience Stores,Grupo Hicorsa Artes Gráficas S.A.,Ps Gls Dis Grupo Hicorsa Artes Gráficas S.A.,"Calle de Goya, 43","Calle de Goya, 43, Galeria Comercial l160",2.03,58.18,85.33,True,True,False,True,True,False,Co-location,distance <= 5m
2226,2869,2227,2870,Ctt Express,UPS,Convenience Stores,Convenience Stores,Estanco Florida,Estanco Florida,"Calle del Gral. Pardiñas, 64","Calle del Gral. Pardiñas, 64",7.03,100.0,100.0,True,True,False,True,True,False,Co-location,distance <= 15m and strong text match
2235,2237,2236,2238,Ctt Express,Ctt Express,Convenience Stores,Convenience Stores,Locutorio Prosperidad,Jose Locutorios,"C. Luis Vives, 19, local izqdo","C. Luis Vives, 19, local d",0.0,92.0,55.56,True,True,True,True,True,True,Possible duplicate,distance <= 5m
2236,3163,2237,3164,Ctt Express,Pudo,Convenience Stores,Click&Collect,Locutorio A&M,Remesas Dinámicas Ramos Carrión,"C. de Ramos Carrión, 5","C. de Ramos Carrión, 5",6.64,100.0,22.73,True,True,False,False,True,False,Co-location,distance <= 15m and strong text match
2247,2783,2248,2784,Ctt Express,Nacex,Convenience Stores,Convenience Stores,Kiosco Teresa Sanchez,Kiosko Teresa Sánchez (2853-12),"C. del Barquillo, 17","C. del Barquillo, 17",2.57,100.0,80.0,True,True,False,True,True,False,Co-location,distance <= 5m
2248,2638,2249,2639,Ctt Express,Gls,Convenience Stores,Convenience Stores,Imagen On,Ps Imagen On,"C. de Pelayo, 80","C. de Pelayo, 80",4.06,100.0,85.71,True,True,False,True,True,False,Co-location,distance <= 5m
2248,2883,2249,2884,Ctt Express,UPS,Convenience Stores,Convenience Stores,Imagen On,Imagen On,"C. de Pelayo, 80","C. de Pelayo, 80",7.0,100.0,100.0,True,True,False,True,True,False,Co-location,distance <= 15m and strong text match
2253,2630,2254,2631,Ctt Express,Gls,Convenience Stores,Convenience Stores,La Huerta Del Gato,Ps La Huerta Del Gato,"P.o de la Esperanza, 47","P.o de la Esperanza, 47",7.27,100.0,92.31,True,True,False,True,True,False,Co-location,distance <= 15m and strong text match
2253,2778,2254,2779,Ctt Express,Nacex,Convenience Stores,Convenience Stores,La Huerta Del Gato,La Huerta Del Gato (2850-07),"P.o de la Esperanza, 47","P.o de la Esperanza, 47",9.79,100.0,81.82,True,True,False,True,True,False,Co-location,distance <= 15m and strong text match
2255,2781,2256,2782,Ctt Express,Nacex,Convenience Stores,Convenience Stores,Vapstore La Latina,Vapstore La Latina (2850-15),"Pl. de Cascorro, 8","Pl. de Cascorro, 8, local 20",7.27,78.05,81.82,True,True,False,True,True,False,Co-location,distance <= 15m and strong text match
2255,2627,2256,2628,Ctt Express,Gls,Convenience Stores,Convenience Stores,Vapstore La Latina,Ps Vapstore,"Pl. de Cascorro, 8","Pl. de Cascorro, 8",11.49,100.0,55.17,True,True,False,True,True,False,Co-location,distance <= 15m and strong text match
2267,2642,2268,2643,Ctt Express,Gls,Convenience Stores,Convenience Stores,Estanco 198,Ps Estanco 198,"Calle de Don Ramón de la Cruz, 115","Calle de Don Ramón de la Cruz, 115",14.53,100.0,88.0,True,True,False,True,True,False,Co-location,distance <= 15m and strong text match
2268,2761,2269,2762,Ctt Express,Mail Boxes Etc,Convenience Stores,Lsp Pudos,Logitec Global Sl,Mbe 3379,"C. del Gral. Oráa, 59","C. del Gral. Oráa, 59",4.89,100.0,16.0,True,True,False,False,True,False,Co-location,distance <= 5m
2272,2645,2273,2646,Ctt Express,Gls,Convenience Stores,Convenience Stores,Kiosko Gutierrez,Ps Gls Dis Kiosko Gutierrez,"C. de José Ortega y Gasset, 68","C. de José Ortega y Gasset, 68",5.52,100.0,74.42,True,True,False,True,True,False,Co-location,distance <= 15m and strong text match
2272,2622,2273,2623,Ctt Express,Gls,Convenience Stores,Convenience Stores,Kiosko Gutierrez,Ps Kiosko Gutierrez,"C. de José Ortega y Gasset, 68","C. de José Ortega y Gasset, 68",10.94,100.0,91.43,True,True,False,True,True,False,Co-location,distance <= 15m and strong text match
2274,2278,2275,2279,Ctt Express,Ctt Express,Convenience Stores,Convenience Stores,Doce Treinta Y Cuatro,Doce Treinta Y Cuatro,"C. del Dr. Esquerdo, 96","C. del Dr. Esquerdo, 96, Local 2",4.06,83.33,100.0,True,True,True,True,True,True,Possible duplicate,distance <= 5m
2284,2902,2285,2903,Ctt Express,UPS,Convenience Stores,Convenience Stores,Supermarket E.M.,Supermarket Em,"P.o de la Florida, 23","P.o de la Florida, 23",8.79,100.0,96.55,True,True,False,True,True,False,Co-location,distance <= 15m and strong text match
2297,2789,2298,2790,Ctt Express,Nacex,Convenience Stores,Convenience Stores,Locutorio Mila,Locutorio Mila (2853-20),"C. del Cardenal Cisneros, 64","C. del Cardenal Cisneros, 64",1.82,100.0,77.78,True,True,False,True,True,False,Co-location,distance <= 5m
2297,2654,2298,2655,Ctt Express,Gls,Convenience Stores,Convenience Stores,Locutorio Mila,Ps Locutorio Mila Nuevo,"C. del Cardenal Cisneros, 64","C. del Cardenal Cisneros, 64",2.87,100.0,75.68,True,True,False,True,True,False,Co-location,distance <= 5m
2297,2302,2298,2303,Ctt Express,Ctt Express,Convenience Stores,Convenience Stores,Locutorio Mila,Locutorio Mila,"C. del Cardenal Cisneros, 64","C. del Cardenal Cisneros, 64",8.12,100.0,100.0,True,True,True,True,True,True,Possible duplicate,distance <= 15m and strong text match
2300,2652,2301,2653,Ctt Express,Gls,Convenience Stores,Convenience Stores,To Refill Chamberí.,Ps To Refill,"Calle de Zurbano, 54","Calle de Zurbano, 54",5.74,100.0,60.0,True,True,False,True,True,False,Co-location,distance <= 15m and strong text match
2302,2654,2303,2655,Ctt Express,Gls,Convenience Stores,Convenience Stores,Locutorio Mila,Ps Locutorio Mila Nuevo,"C. del Cardenal Cisneros, 64","C. del Cardenal Cisneros, 64",5.29,100.0,75.68,True,True,False,True,True,False,Co-location,distance <= 15m and strong text match
2302,2789,2303,2790,Ctt Express,Nacex,Convenience Stores,Convenience Stores,Locutorio Mila,Locutorio Mila (2853-20),"C. del Cardenal Cisneros, 64","C. del Cardenal Cisneros, 64",6.55,100.0,77.78,True,True,False,True,True,False,Co-location,distance <= 15m and strong text match
2330,2643,2331,2644,Ctt Express,Gls,Convenience Stores,Convenience Stores,Sae Vigo,Ps Moex Fuencarral,"C. de las Infantas, 1","C. de las Infantas, 1",6.2,100.0,15.38,True,True,False,True,True,False,Co-location,distance <= 15m and strong text match
2341,2796,2342,2797,Ctt Express,Nacex,Convenience Stores,Convenience Stores,Estanco 416,Estanco No 416 Madrid (2846-03),"C. de la Drácena, 19","C. de la Drácena, 19",4.06,100.0,55.0,True,True,False,True,True,False,Co-location,distance <= 5m
2341,2924,2342,2925,Ctt Express,UPS,Convenience Stores,Convenience Stores,Estanco 416,Fnx-Estanco 416,"C. de la Drácena, 19","C. de la Drácena, 19",13.51,100.0,84.62,True,True,False,True,True,False,Co-location,distance <= 15m and strong text match
2345,2671,2346,2672,Ctt Express,Gls,Convenience Stores,Convenience Stores,Alimentacion Xiaofen,Ps Alimentacion Xiaofen,"Av. de Alfonso XIII, 145","Av. de Alfonso XIII, 145",11.62,100.0,93.02,True,True,False,True,True,False,Co-location,distance <= 15m and strong text match
2347,2926,2348,2927,Ctt Express,UPS,Convenience Stores,Convenience Stores,Papeleria Minfi,Papeleria Minfi,"C. de Emilio Ferrari, 88","C. de Emilio Ferrari, 88",2.91,100.0,100.0,True,True,False,True,True,False,Co-location,distance <= 5m
2348,2928,2349,2929,Ctt Express,UPS,Convenience Stores,Convenience Stores,El Estanco De Olga,El Estanco De Olga,"C. del Río Ulla, 34","C. del Río Ulla, 34",6.53,100.0,100.0,True,True,False,True,True,False,Co-location,distance <= 15m and strong text match
2349,2744,2350,2745,Ctt Express,Gls,Convenience Stores,Convenience Stores,Origen Place.,Ps Origen Place,"C. de Gutierre de Cetina, 73","C. de Gutierre de Cetina, 73",8.23,100.0,88.89,True,True,False,True,True,False,Co-location,distance <= 15m and strong text match
2368,2704,2369,2705,Ctt Express,Gls,Convenience Stores,Convenience Stores,Essenzia,Ps Essenzia,"Calle de Antonio López, 7","Calle de Antonio López, 7",2.2,100.0,84.21,True,True,False,True,True,False,Co-location,distance <= 5m
2377,2948,2378,2949,Ctt Express,UPS,Convenience Stores,Convenience Stores,Estanco,Estanco N 504,"C. de Orense, 35","C. de Orense, 35",4.56,100.0,70.0,True,True,False,True,True,False,Co-location,distance <= 5m
2378,2950,2379,2951,Ctt Express,UPS,Convenience Stores,Convenience Stores,Estanco Dulcinea,Estanco Dulcinea,"C. de Dulcinea, 67","C. de Dulcinea, 67",2.53,100.0,100.0,True,True,False,True,True,False,Co-location,distance <= 5m
2385,3150,2386,3151,Ctt Express,Pudo,Convenience Stores,Click&Collect,Raj Telefonia,La Tienda Del Consumible Bravo Murillo,"C. de Bravo Murillo, 225","C. de Bravo Murillo, 221",3.73,95.45,19.61,True,False,False,False,True,False,Co-location,distance <= 5m
2388,2697,2389,2698,Ctt Express,Gls,Convenience Stores,Convenience Stores,Locutorio Medina,Ps Locutorio Medina,"Calle Encarnación Oviol, 48","Calle Encarnación Oviol, 48",6.32,100.0,91.43,True,True,False,True,True,False,Co-location,distance <= 15m and strong text match
2389,2967,2390,2968,Ctt Express,UPS,Convenience Stores,Convenience Stores,Betania Libreria Y Papelería,Betania Libreria Y Papeleria,"C. de San Aureliano, 3","C. de San Aureliano, 3",7.72,100.0,100.0,True,True,False,True,True,False,Co-location,distance <= 15m and strong text match
2392,2699,2393,2700,Ctt Express,Gls,Convenience Stores,Convenience Stores,Ecuazaruma Sociedad Limitada,Ps Locutorio Estefania,"C. de Juan Peñalver, 66, LOCAL 2","C. de Juan Peñalver, 66",10.89,84.0,16.0,True,True,False,True,True,False,Co-location,distance <= 15m and strong text match
2393,2965,2394,2966,Ctt Express,UPS,Convenience Stores,Convenience Stores,Locutorio Cibao 2.,Locutorio Cibao 2,"Av. Real de Pinto, 32","Av. Real de Pinto, 32",1.27,100.0,100.0,True,True,False,True,True,False,Co-location,distance <= 5m
2394,2698,2395,2699,Ctt Express,Gls,Convenience Stores,Convenience Stores,La Planada,Ps La Planada,"P.o Talleres, 66","P.o Talleres, 66",7.64,100.0,86.96,True,True,False,True,True,False,Co-location,distance <= 15m and strong text match
2400,2968,2401,2969,Ctt Express,UPS,Convenience Stores,Convenience Stores,Rmc Servicios,3d Distribución Documental,"C. de Nicolasa Gómez, 72","C. de Nicolasa Gómez, 72",5.73,100.0,25.64,True,True,False,True,True,False,Co-location,distance <= 15m and strong text match
2408,2417,2409,2418,Ctt Express,Ctt Express,Convenience Stores,Convenience Stores,Nelpa,Locutorio Azua,"C. de Galicia, 3","C. de Galicia, 3",3.71,100.0,21.05,True,True,True,True,True,True,Possible duplicate,distance <= 5m
2409,2978,2410,2979,Ctt Express,UPS,Convenience Stores,Convenience Stores,Pharmanatur,Pharmanatur,"C. de Illescas, 81","C. de Illescas, 81",0.91,100.0,100.0,True,True,False,True,True,False,Co-location,distance <= 5m
2409,2833,2410,2834,Ctt Express,Nacex,Convenience Stores,Convenience Stores,Pharmanatur,Pharmanatur (2883-13),"C. de Illescas, 81","C. de Illescas, 81",3.25,100.0,73.33,True,True,False,True,True,False,Co-location,distance <= 5m
2411,2974,2412,2975,Ctt Express,UPS,Convenience Stores,Convenience Stores,Bazar El Parque,Bazar El Parque,"C. de Fuente de Lima, 5","C. de Fuente de Lima, 5",5.38,100.0,100.0,True,True,False,True,True,False,Co-location,distance <= 15m and strong text match
2412,2973,2413,2974,Ctt Express,UPS,Convenience Stores,Convenience Stores,Beverly,Beverly Beer,"P.o de los Lanceros, 2","P.o de los Lanceros, 2",3.42,100.0,73.68,True,True,False,True,True,False,Co-location,distance <= 5m
2418,2980,2419,2981,Ctt Express,UPS,Convenience Stores,Convenience Stores,Expendiduria 574,Expendeduria 574,"Calle del Gral. Ricardos, 244","Calle del Gral. Ricardos, 244",2.65,100.0,93.75,True,True,False,True,True,False,Co-location,distance <= 5m
2419,2982,2420,2983,Ctt Express,UPS,Convenience Stores,Convenience Stores,Locutorio Internet.,Full-Locutorio Internet,"P.o de Marcelino Camacho, 54","P.o de Marcelino Camacho, 54",3.22,100.0,87.8,True,True,False,True,True,False,Co-location,distance <= 5m
2420,2718,2421,2719,Ctt Express,Gls,Convenience Stores,Convenience Stores,Master Ocio,Ps Master Ocio S.L.U,"C. de Eugenia de Montijo, 65",Calle de Eugenia de Montijo 63 - local,1.86,80.65,70.97,True,False,False,True,True,False,Co-location,distance <= 5m
2420,2825,2421,2826,Ctt Express,Nacex,Convenience Stores,Convenience Stores,Master Ocio,Master Ocio (2883-22),"C. de Eugenia de Montijo, 65","C. de Eugenia de Montijo, 65",9.3,100.0,73.33,True,True,False,True,True,False,Co-location,distance <= 15m and strong text match
2420,2984,2421,2985,Ctt Express,UPS,Convenience Stores,Convenience Stores,Master Ocio,Master Ocio,"C. de Eugenia de Montijo, 65","C. de Eugenia de Montijo, 65",11.09,100.0,100.0,True,True,False,True,True,False,Co-location,distance <= 15m and strong text match
2432,2947,2433,2948,Ctt Express,UPS,Convenience Stores,Locker,Aks Locutorio,P Taquilla Auto Gala Ant Lopez,"Calle de Antonio López, 156","Calle de Antonio López, 156",3.84,100.0,18.6,True,True,False,False,True,False,Co-location,distance <= 5m
2432,3185,2433,3186,Ctt Express,Pudo,Convenience Stores,Click&Collect,Aks Locutorio,Autoescuela Gala Antonio López,"Calle de Antonio López, 156","Calle de Antonio López, 156",6.4,100.0,23.26,True,True,False,False,True,False,Co-location,distance <= 15m and strong text match
2438,2853,2439,2854,Ctt Express,Nacex,Convenience Stores,Convenience Stores,Workme Tecnologia . Papeleria,Workme (2878-11),"C. de José del Hierro, 52","C. de José del Hierro, 52",5.55,100.0,39.02,True,True,False,True,True,False,Co-location,distance <= 15m and strong text match
2438,2993,2439,2994,Ctt Express,UPS,Convenience Stores,Convenience Stores,Workme Tecnologia . Papeleria,Workme,"C. de José del Hierro, 52","C. de José del Hierro, 52",5.78,100.0,36.36,True,True,False,True,True,False,Co-location,distance <= 15m and strong text match
2450,3002,2451,3003,Ctt Express,UPS,Convenience Stores,Convenience Stores,La Casa Del Cartucho,La Casa Del Cartucho,"C/ de Francisco Silvela, 72","C/ de Francisco Silvela, 72",5.76,100.0,100.0,True,True,False,True,True,False,Co-location,distance <= 15m and strong text match
2453,2674,2454,2675,Ctt Express,Gls,Convenience Stores,Convenience Stores,Mundo Del Movil,Ps Mundo Movil Diagnostico Colomer,"Calle de Colomer, 3","Calle de Colomer, 3, local 3",7.26,81.82,44.9,True,True,False,True,True,False,Co-location,distance <= 15m and strong text match
2453,3170,2454,3171,Ctt Express,Pudo,Convenience Stores,Click&Collect,Mundo Del Movil,Mundo Movil Colomer,"Calle de Colomer, 3","Calle de Colomer, 3",13.89,100.0,64.71,True,True,False,False,True,False,Co-location,distance <= 15m and strong text match
2460,2800,2461,2801,Ctt Express,Nacex,Convenience Stores,Convenience Stores,Quiosco Prensa Pablo,Quiosco Pablo (2845-06),C. de Melchor Fernández Almagro & C. de la Villa de Marín,C. de Melchor Fernández Almagro & C. de la Villa de Marín,7.48,100.0,63.41,False,False,False,True,True,False,Co-location,distance <= 15m and strong text match
2461,2682,2462,2683,Ctt Express,Gls,Convenience Stores,Convenience Stores,Disache,Ps Disache,"C. Pinos Alta, 33",Calle Pinos Alta 33,7.48,88.24,82.35,True,True,False,True,True,False,Co-location,distance <= 15m and strong text match
2469,2476,2470,2477,Ctt Express,Ctt Express,Convenience Stores,Convenience Stores,Estanco Tacona,Estanco Tacona 534,"C. de la Tacona, 33","C. de la Tacona, 33",12.81,100.0,87.5,True,True,True,True,True,True,Possible duplicate,distance <= 15m and strong text match
2474,3013,2475,3014,Ctt Express,UPS,Convenience Stores,Convenience Stores,Ciberinformatica Moratalaz,Ciberinformatica Moratalaz,"Cl. de la Hacienda de Pavones, 12","Cl. de la Hacienda de Pavones, 12",2.85,100.0,100.0,True,True,False,True,True,False,Co-location,distance <= 5m
2478,2485,2479,2486,Ctt Express,Ctt Express,Convenience Stores,Convenience Stores,Congosto Locutorio,Congosto Locutorio,"C. Sierra de Mira, 3","C. Sierra de Mira, 3",2.85,100.0,100.0,True,True,True,True,True,True,Possible duplicate,distance <= 5m
2480,2861,2481,2862,Ctt Express,Nacex,Convenience Stores,Convenience Stores,Tu Armario En Mis Manos,Estanco No 693 Madrid (2813-21),"C. Virgen de las Viñas, 16","C. Virgen de las Viñas, 16",0.9,100.0,34.62,True,True,False,True,True,False,Co-location,distance <= 5m
2480,3018,2481,3019,Ctt Express,UPS,Convenience Stores,Convenience Stores,Tu Armario En Mis Manos,Fnx-Estanco De Santa Eugenia,"C. Virgen de las Viñas, 16","C. Virgen de las Viñas, 16",4.57,100.0,31.37,True,True,False,True,True,False,Co-location,distance <= 5m
2493,2750,2494,2751,Ctt Express,Gls,Convenience Stores,Convenience Stores,Librería Libros De Arena,Ps Libros De Arena,"C/ de Capri, 15",Calle de Capri 15,9.61,86.67,76.19,True,True,False,True,True,False,Co-location,distance <= 15m and strong text match
2495,2751,2496,2752,Ctt Express,Gls,Convenience Stores,Convenience Stores,Cyberlocutorio M&M,Ps Cyberlocutorio Mym,"C. de Calahorra, 25",Calle de Calahorra 25,2.73,89.47,87.18,True,True,False,True,True,False,Co-location,distance <= 5m
2502,3029,2503,3030,Ctt Express,UPS,Convenience Stores,Convenience Stores,Locutorio Y Paqueteria Darell.,Locutorio Y Paqueteria Darell,"C. de la Costa del Sol, 15","C. de la Costa del Sol, 15",9.61,100.0,100.0,True,True,False,True,True,False,Co-location,distance <= 15m and strong text match
2502,2848,2503,2849,Ctt Express,Nacex,Convenience Stores,Convenience Stores,Locutorio Y Paqueteria Darell.,Locutorio Y Paqueteria Darell (2841-06),"C. de la Costa del Sol, 15","C. de la Costa del Sol, 15",9.61,100.0,87.88,True,True,False,True,True,False,Co-location,distance <= 15m and strong text match
2520,3047,2521,3048,Ctt Express,UPS,Convenience Stores,Locker,Euro Express,P Taquilla Loc Euro Cl Zumel,"C. Zumel, 14","C. Zumel, 14",6.61,100.0,30.0,True,True,False,False,True,False,Co-location,distance <= 15m and strong text match
2520,3232,2521,3233,Ctt Express,Pudo,Convenience Stores,Click&Collect,Euro Express,Locutorio Euroenvíos Iv Calle Zumel,"C. Zumel, 14","C. Zumel, 14",12.98,100.0,29.79,True,True,False,False,True,False,Co-location,distance <= 15m and strong text match
2532,3053,2533,3054,Ctt Express,UPS,Convenience Stores,Convenience Stores,Kurama,Kurama,"C. de Valderrodrigo, 45","C. de Valderrodrigo, 45",5.58,100.0,100.0,True,True,False,True,True,False,Co-location,distance <= 15m and strong text match
2532,2808,2533,2809,Ctt Express,Nacex,Convenience Stores,Convenience Stores,Kurama,Kurama (2844-10),"C. de Valderrodrigo, 45","C. de Valderrodrigo, 45",7.32,100.0,60.0,True,True,False,True,True,False,Co-location,distance <= 15m and strong text match
2550,2693,2551,2694,Ctt Express,Gls,Convenience Stores,Convenience Stores,Ecuazaruma Sociedad Limitada,Ps Locutorio M And I,"C/ de la Giralda, 5","C/ de la Giralda, 5",3.78,100.0,25.0,True,True,False,True,True,False,Co-location,distance <= 5m
2555,2851,2556,2852,Ctt Express,Nacex,Convenience Stores,Convenience Stores,Consentirme,Consentirme (2881-09),"C. Canal de Suez, 9","C. Canal de Suez, 9",10.61,100.0,73.33,True,True,False,True,True,False,Co-location,distance <= 15m and strong text match
2565,3074,2566,3075,Ctt Express,UPS,Convenience Stores,Convenience Stores,App Informatica Las Aguilas,App Informatica Las Aguilas,"C. Osa de la Vega, 4","C. Osa de la Vega, 4",11.08,100.0,100.0,True,True,False,True,True,False,Co-location,distance <= 15m and strong text match
2566,3073,2567,3074,Ctt Express,UPS,Convenience Stores,Convenience Stores,Locutorio Carlita,Locutorio Carlita,"C. de Oliva de Plasencia, 1","C. de Oliva de Plasencia, 1",3.85,100.0,100.0,True,True,False,True,True,False,Co-location,distance <= 5m
2566,2829,2567,2830,Ctt Express,Nacex,Convenience Stores,Convenience Stores,Locutorio Carlita,Locutorio Carlita (2883-26),"C. de Oliva de Plasencia, 1","C. de Oliva de Plasencia, 1",3.85,100.0,80.95,True,True,False,True,True,False,Co-location,distance <= 5m
2566,2574,2567,2575,Ctt Express,Ctt Express,Convenience Stores,Convenience Stores,Locutorio Carlita,Locutorio Carlita,"C. de Oliva de Plasencia, 1","C. de Oliva de Plasencia, 1, LOCAL 334",4.06,83.33,100.0,True,True,True,True,True,True,Possible duplicate,distance <= 5m
2574,2829,2575,2830,Ctt Express,Nacex,Convenience Stores,Convenience Stores,Locutorio Carlita,Locutorio Carlita (2883-26),"C. de Oliva de Plasencia, 1, LOCAL 334","C. de Oliva de Plasencia, 1",1.28,83.33,80.95,True,True,False,True,True,False,Co-location,distance <= 5m
2574,3073,2575,3074,Ctt Express,UPS,Convenience Stores,Convenience Stores,Locutorio Carlita,Locutorio Carlita,"C. de Oliva de Plasencia, 1, LOCAL 334","C. de Oliva de Plasencia, 1",6.42,83.33,100.0,True,True,False,True,True,False,Co-location,distance <= 15m and strong text match
2587,3095,2588,3096,Ctt Express,UPS,Convenience Stores,Convenience Stores,Estanco 729,Estanco 729,"C. de Cuart de Poblet, 65","C. de Cuart de Poblet, 65",12.23,100.0,100.0,True,True,False,True,True,False,Co-location,distance <= 15m and strong text match
2589,3088,2590,3089,Ctt Express,UPS,Convenience Stores,Convenience Stores,Fotocopias Aluche,Fotocopias Aluche,"C. de Illescas, 187, LOCAL 5","C. de Illescas, 187",5.29,80.95,100.0,True,True,False,True,True,False,Co-location,distance <= 15m and strong text match
2589,2832,2590,2833,Ctt Express,Nacex,Convenience Stores,Convenience Stores,Fotocopias Aluche,Fotocopias Aluche (2883-11),"C. de Illescas, 187, LOCAL 5","C. de Illescas, 187",8.95,80.95,80.95,True,True,False,True,True,False,Co-location,distance <= 15m and strong text match
2595,3093,2596,3094,Ctt Express,UPS,Convenience Stores,Convenience Stores,Cacils Envios,Cacil Envios,"C. Vía Carpetana, 328","C. Vía Carpetana, 328",14.8,100.0,96.0,True,True,False,True,True,False,Co-location,distance <= 15m and strong text match
2596,3097,2597,3098,Ctt Express,UPS,Convenience Stores,Convenience Stores,Estanco 403,Estanco El Pardo,"C. Carboneros, 2","C. Carboneros, 2",3.34,100.0,59.26,True,True,False,True,True,False,Co-location,distance <= 5m
2596,2841,2597,2842,Ctt Express,Nacex,Convenience Stores,Convenience Stores,Estanco 403,Estanco 403 (2862-14),"C. Carboneros, 2","C. Carboneros, 2",4.91,100.0,73.33,True,True,False,True,True,False,Co-location,distance <= 5m
2604,2842,2605,2843,Ctt Express,Nacex,Convenience Stores,Convenience Stores,Estanco Las Tablas - Expendeduría 896,Estanco Las Tablas (2841-05),"C. San Juan de Ortega, 108","C. San Juan de Ortega, 108",1.84,100.0,65.57,True,True,False,True,True,False,Co-location,distance <= 5m
2619,2826,2620,2827,Ctt Express,Nacex,Convenience Stores,Convenience Stores,Estanco 903,Estanco 903 (2883-31),"Av. de Carabanchel Alto, 136","Av. de Carabanchel Alto, 136",4.73,100.0,73.33,True,True,False,True,True,False,Co-location,distance <= 5m
2621,2893,2622,2894,Gls,UPS,Convenience Stores,Convenience Stores,Ps Cm26 Reprografia,Cm26 Reprografia,"Calle de Maldonado, 26","C. de Maldonado, 26",7.2,89.47,91.43,True,True,False,True,True,False,Co-location,distance <= 15m and strong text match
2622,2645,2623,2646,Gls,Gls,Convenience Stores,Convenience Stores,Ps Kiosko Gutierrez,Ps Gls Dis Kiosko Gutierrez,"C. de José Ortega y Gasset, 68","C. de José Ortega y Gasset, 68",5.45,100.0,82.61,True,True,True,True,True,True,Possible duplicate,distance <= 15m and strong text match
2630,2778,2631,2779,Gls,Nacex,Convenience Stores,Convenience Stores,Ps La Huerta Del Gato,La Huerta Del Gato (2850-07),"P.o de la Esperanza, 47","P.o de la Esperanza, 47",14.19,100.0,76.6,True,True,False,True,True,False,Co-location,distance <= 15m and strong text match
2632,2636,2633,2637,Gls,Gls,Locker,Lsp Pudos,Lockers Pdn Gls Villanueva,Gls Parcel Shop,"C. de Villanueva, 43","C. de Villanueva, 43",0.0,100.0,24.39,True,True,True,False,True,False,Multi-service same company,distance <= 5m
2638,2883,2639,2884,Gls,UPS,Convenience Stores,Convenience Stores,Ps Imagen On,Imagen On,"C. de Pelayo, 80","C. de Pelayo, 80",8.27,100.0,85.71,True,True,False,True,True,False,Co-location,distance <= 15m and strong text match
2639,2884,2640,2885,Gls,UPS,Convenience Stores,Convenience Stores,Ps Kiosko Teresa Sanchez,Kiosco De Prensa Teresa,"C. del Barquillo, 17","C. del Barquillo, 17",12.18,100.0,51.06,True,True,False,True,True,False,Co-location,distance <= 15m and strong text match
2640,2647,2641,2648,Gls,Gls,Convenience Stores,Convenience Stores,Ps Autana Trading S. L,Ps Autana Trading S. L,"Cl. de Ayala, 144","Cl. de Ayala, 144",0.0,100.0,100.0,True,True,True,True,True,True,Possible duplicate,distance <= 5m
2644,2648,2645,2649,Gls,Gls,Convenience Stores,Convenience Stores,Ps Multiservicios Silvela,Ps Multiservicios Silvela,"C/ de Francisco Silvela, 96","C/ de Francisco Silvela, 96",2.87,100.0,100.0,True,True,True,True,True,True,Possible duplicate,distance <= 5m
2649,2787,2650,2788,Gls,Nacex,Convenience Stores,Convenience Stores,Ps Mobile Centre,Mobile Centre (2886-04),"Calle de la Princesa, 3","Calle de la Princesa, 3, Loocal 6",5.52,83.02,70.27,True,True,False,True,True,False,Co-location,distance <= 15m and strong text match
2654,2789,2655,2790,Gls,Nacex,Convenience Stores,Convenience Stores,Ps Locutorio Mila Nuevo,Locutorio Mila (2853-20),"C. del Cardenal Cisneros, 64","C. del Cardenal Cisneros, 64",1.28,100.0,66.67,True,True,False,True,True,False,Co-location,distance <= 5m
2663,2919,2664,2920,Gls,UPS,Convenience Stores,Convenience Stores,Ps Shipxpress,Shipxpress,"C. de Fernández de los Ríos, 33","C. de Fernández de los Ríos, 33",1.35,100.0,86.96,True,True,False,True,True,False,Co-location,distance <= 5m
2669,2795,2670,2796,Gls,Nacex,Convenience Stores,Convenience Stores,Ps Marjane Almeria S.L,Marjane Almeria (2853-18),"C. de San Bernardo, 10","C. de San Bernardo, 10",6.55,100.0,75.56,True,True,False,True,True,False,Co-location,distance <= 15m and strong text match
2674,3170,2675,3171,Gls,Pudo,Convenience Stores,Click&Collect,Ps Mundo Movil Diagnostico Colomer,Mundo Movil Colomer,"Calle de Colomer, 3, local 3","Calle de Colomer, 3",10.58,81.82,71.7,True,True,False,False,True,False,Co-location,distance <= 15m and strong text match
2680,3004,2681,3005,Gls,UPS,Convenience Stores,Convenience Stores,Ps Envíos Masivo,Inversiones Masivo,"C. de Álvarez, 19","C. de Álvarez, 19",2.21,100.0,70.59,True,True,False,True,True,False,Co-location,distance <= 5m
2680,3155,2681,3156,Gls,Pudo,Convenience Stores,Click&Collect,Ps Envíos Masivo,Inversiones Masivo S.L.,"C. de Álvarez, 19","C. de Álvarez, 19",14.7,100.0,63.16,True,True,False,False,True,False,Co-location,distance <= 15m and strong text match
2692,2989,2693,2990,Gls,UPS,Convenience Stores,Convenience Stores,Ps Damalar,Damalar Viajes,"C. de la Cuesta, 15","C. de la Cuesta, 15",11.48,100.0,58.33,True,True,False,True,True,False,Co-location,distance <= 15m and strong text match
2703,2945,2704,2946,Gls,UPS,Convenience Stores,Convenience Stores,Ps Fersay,Cool Madrid Accesorios,Calle de Antonio López 59,"Calle de Antonio López, 59",4.5,100.0,19.35,True,True,False,True,True,False,Co-location,distance <= 5m
2703,2820,2704,2821,Gls,Nacex,Convenience Stores,Convenience Stores,Ps Fersay,Cool Accesorios Y Tecnologia (2883-37),Calle de Antonio López 59,"Calle de Antonio López, 59, LOCAL 40",6.85,84.75,17.78,True,True,False,True,True,False,Co-location,distance <= 15m and strong text match
2706,2707,2707,2708,Gls,Gls,Convenience Stores,Convenience Stores,Ps Mercachip,Ps J.L.S. Pinturas,Calle de la Huerta de Castañeda 40,Calle Higueras 36,2.15,50.98,34.48,True,False,True,True,True,True,Possible duplicate,distance <= 5m
2714,2942,2715,2943,Gls,UPS,Convenience Stores,Convenience Stores,Ps Estanco Valle De Oro,Estanco Valle De Oro,Calle Juan Francisco 1,"C. Juan Francisco, 1",5.02,90.0,93.02,True,True,False,True,True,False,Co-location,distance <= 15m and strong text match
2722,3078,2723,3079,Gls,UPS,Convenience Stores,Convenience Stores,Ps Pastel Y Miga,Pastel Y Miga,"Av. de Carabanchel Alto, 110","Av. de Carabanchel Alto, 110",7.53,100.0,89.66,True,True,False,True,True,False,Co-location,distance <= 15m and strong text match
2725,3199,2726,3200,Gls,Pudo,Convenience Stores,Click&Collect,Ps Lucia & Co Nuevo,C.C. Zoco Pozuelo,Calle Barlovento 30,"C. Barlovento, 30",4.74,88.24,54.55,True,True,False,False,True,False,Co-location,distance <= 5m
2733,2845,2734,2846,Gls,Nacex,Convenience Stores,Convenience Stores,Ps Te Lo Tengo Madrid,Telotengo (2880-06),Calle de Marcos de Orueta 3,"C. de Marcos de Orueta, 3",1.81,92.0,52.63,True,True,False,True,True,False,Co-location,distance <= 5m
2733,3037,2734,3038,Gls,UPS,Convenience Stores,Convenience Stores,Ps Te Lo Tengo Madrid,Telotengo,Calle de Marcos de Orueta 3,"C. de Marcos de Orueta, 3",12.75,92.0,60.0,True,True,False,True,True,False,Co-location,distance <= 15m and strong text match
2764,3079,2765,3080,Mail Boxes Etc,UPS,Lsp Pudos,Convenience Stores,Mbe 3227,Mail Boxes Etc 3227,"C. de Rafael de Riego, 17","C. de Rafael de Riego, 17",3.62,100.0,59.26,True,True,False,False,True,False,Co-location,distance <= 5m
2766,2920,2767,2921,Mail Boxes Etc,UPS,Lsp Pudos,Convenience Stores,Mbe 0278,Mail Boxes Etc. 0278,"C. de Vallehermoso, 58","C. de Vallehermoso, 58",3.82,100.0,59.26,True,True,False,False,True,False,Co-location,distance <= 5m
2767,3149,2768,3150,Mail Boxes Etc,Pudo,Lsp Pudos,Click&Collect,Mbe 0116,Midas Infanta Mercedes,"C. de la Infanta Mercedes, 53","C. de la Infanta Mercedes, 53",1.59,100.0,13.33,True,True,False,False,True,False,Co-location,distance <= 5m
2767,2952,2768,2953,Mail Boxes Etc,UPS,Lsp Pudos,Convenience Stores,Mbe 0116,Mail Boxes Etc. 0116,"C. de la Infanta Mercedes, 53","C. de la Infanta Mercedes, 53",1.75,100.0,59.26,True,True,False,False,True,False,Co-location,distance <= 5m
2767,2949,2768,2950,Mail Boxes Etc,UPS,Lsp Pudos,Convenience Stores,Mbe 0116,Mail Boxes Etc,"C. de la Infanta Mercedes, 53","C. de la Infanta Mercedes, 53",4.35,100.0,36.36,True,True,False,False,True,False,Co-location,distance <= 5m
2769,2774,2770,2775,Mail Boxes Etc,Mail Boxes Etc,Lsp Pudos,Lsp Pudos,Mbe 3330,Mbe 3330,"C. de Pedro Rico, 45",Calle Pedro Rico 45,8.85,86.49,100.0,True,True,True,True,True,True,Possible duplicate,distance <= 15m and strong text match
2770,3017,2771,3018,Mail Boxes Etc,UPS,Lsp Pudos,Convenience Stores,Mail Boxes Etc. 0135,Enviexpress Canarias S.L.,"Calle Del Corregidor Diego De Valderrábano, 1","C. del Corregidor Diego de Valderrábano, 1",10.89,95.24,32.56,True,True,False,False,True,False,Co-location,distance <= 15m and strong text match
2777,3164,2778,3165,Nacex,Pudo,Convenience Stores,Click&Collect,Locutorio Caribe (2804-06),Remesas Dinámicas Zabala,"Calle del Gral. Zabala, 1","Calle del Gral. Zabala, 1",4.92,100.0,20.83,True,True,False,False,True,False,Co-location,distance <= 5m
2793,2917,2794,2918,Nacex,UPS,Convenience Stores,Convenience Stores,Estanco No 47 Madrid (2886-10),Estanco 47,"C. del León, 28","C. del León, 28",5.74,100.0,52.63,True,True,False,True,True,False,Co-location,distance <= 15m and strong text match
2806,3041,2807,3042,Nacex,UPS,Convenience Stores,Convenience Stores,Estanco Madrid-742 (2844-12),Expendeduria N742 Estanco,"Calle de la C. Isla de Tavira, 30","Calle de la, C. Isla de Tavira, 30",11.52,100.0,27.45,True,True,False,True,True,False,Co-location,distance <= 15m and strong text match
2808,3053,2809,3054,Nacex,UPS,Convenience Stores,Convenience Stores,Kurama (2844-10),Kurama,"C. de Valderrodrigo, 45","C. de Valderrodrigo, 45",10.01,100.0,60.0,True,True,False,True,True,False,Co-location,distance <= 15m and strong text match
2814,2966,2815,2967,Nacex,UPS,Convenience Stores,Convenience Stores,Estanco-342 (2882-21),Estanco 342,"C. Calamina, 14","C. Calamina, 14",1.84,100.0,73.33,True,True,False,True,True,False,Co-location,distance <= 5m
2820,2945,2821,2946,Nacex,UPS,Convenience Stores,Convenience Stores,Cool Accesorios Y Tecnologia (2883-37),Cool Madrid Accesorios,"Calle de Antonio López, 59, LOCAL 40","Calle de Antonio López, 59",2.77,84.75,51.72,True,True,False,True,True,False,Co-location,distance <= 5m
2825,2984,2826,2985,Nacex,UPS,Convenience Stores,Convenience Stores,Master Ocio (2883-22),Master Ocio,"C. de Eugenia de Montijo, 65","C. de Eugenia de Montijo, 65",1.99,100.0,73.33,True,True,False,True,True,False,Co-location,distance <= 5m
2829,3073,2830,3074,Nacex,UPS,Convenience Stores,Convenience Stores,Locutorio Carlita (2883-26),Locutorio Carlita,"C. de Oliva de Plasencia, 1","C. de Oliva de Plasencia, 1",5.44,100.0,80.95,True,True,False,True,True,False,Co-location,distance <= 15m and strong text match
2832,3088,2833,3089,Nacex,UPS,Convenience Stores,Convenience Stores,Fotocopias Aluche (2883-11),Fotocopias Aluche,"C. de Illescas, 187","C. de Illescas, 187",3.66,100.0,80.95,True,True,False,True,True,False,Co-location,distance <= 5m
2833,2978,2834,2979,Nacex,UPS,Convenience Stores,Convenience Stores,Pharmanatur (2883-13),Pharmanatur,"C. de Illescas, 81","C. de Illescas, 81",3.84,100.0,73.33,True,True,False,True,True,False,Co-location,distance <= 5m
2841,3097,2842,3098,Nacex,UPS,Convenience Stores,Convenience Stores,Estanco 403 (2862-14),Estanco El Pardo,"C. Carboneros, 2","C. Carboneros, 2",7.8,100.0,51.43,True,True,False,True,True,False,Co-location,distance <= 15m and strong text match
2845,3037,2846,3038,Nacex,UPS,Convenience Stores,Convenience Stores,Telotengo (2880-06),Telotengo,"C. de Marcos de Orueta, 3","C. de Marcos de Orueta, 3",12.81,100.0,69.23,True,True,False,True,True,False,Co-location,distance <= 15m and strong text match
2848,3029,2849,3030,Nacex,UPS,Convenience Stores,Convenience Stores,Locutorio Y Paqueteria Darell (2841-06),Locutorio Y Paqueteria Darell,"C. de la Costa del Sol, 15","C. de la Costa del Sol, 15",0.0,100.0,87.88,True,True,False,True,True,False,Co-location,distance <= 5m
2850,3032,2851,3033,Nacex,UPS,Convenience Stores,Convenience Stores,Estanco No 32 (2841-04),Estanco Expendeduria 32,"C. Chiquinquirá, 54","C. Chiquinquirá, 54",5.34,100.0,54.55,True,True,False,True,True,False,Co-location,distance <= 15m and strong text match
2853,2993,2854,2994,Nacex,UPS,Convenience Stores,Convenience Stores,Workme (2878-11),Workme,"C. de José del Hierro, 52","C. de José del Hierro, 52",0.91,100.0,60.0,True,True,False,True,True,False,Co-location,distance <= 5m
2854,3048,2855,3049,Nacex,UPS,Convenience Stores,Convenience Stores,Agencia De Viajes International Travelling (2878-15),International Travelling,"C. de Argos, 9","C. de Argos, 9",2.64,100.0,64.86,True,True,False,True,True,False,Co-location,distance <= 5m
2861,3018,2862,3019,Nacex,UPS,Convenience Stores,Convenience Stores,Estanco No 693 Madrid (2813-21),Fnx-Estanco De Santa Eugenia,"C. Virgen de las Viñas, 16","C. Virgen de las Viñas, 16",3.69,100.0,38.6,True,True,False,True,True,False,Co-location,distance <= 5m
2875,3143,2876,3144,UPS,Pudo,Locker,Click&Collect,Aut Lara S El Viso,Autoescuela Lara Serrano El Viso,"C. de Serrano, 162","C. de Serrano, 162",11.78,100.0,72.0,True,True,False,False,True,False,Co-location,distance <= 15m and strong text match
2878,3139,2879,3140,UPS,Pudo,Locker,Click&Collect,Lidl Bravo Murillo,Lidl Bravo Murillo,"C. de Bravo Murillo, 62","C. de Bravo Murillo, 62",1.99,100.0,100.0,True,True,False,False,True,False,Co-location,distance <= 5m
2892,3168,2893,3169,UPS,Pudo,Locker,Click&Collect,Intpkg Diego D Leon,Parking Interparking Diego De León,"Calle de Diego de León, 53","Calle de Diego de León, 53",9.33,100.0,71.7,True,True,False,False,True,False,Co-location,distance <= 15m and strong text match
2894,3178,2895,3179,UPS,Pudo,Locker,Click&Collect,Cc Abc Serrano,C.C. Abc Serrano,"C. de Serrano, 61","C. de Serrano, 61",1.56,100.0,96.55,True,True,False,False,True,False,Co-location,distance <= 5m
2901,3126,2902,3127,UPS,Pudo,Convenience Stores,Click&Collect,Cc Principe Pio,C.C. Principe Pío,"P.o de la Florida, 2","P.o de la Florida, 2",5.17,100.0,96.77,True,True,False,False,True,False,Co-location,distance <= 15m and strong text match
2904,3173,2905,3174,UPS,Pudo,Convenience Stores,Click&Collect,Aut Lara Sd Baranda,Autoescuela Lara Sainz De Baranda,"C/ del Alcalde Sainz de Baranda, 30","C/ del Alcalde Sainz de Baranda, 30",1.61,100.0,73.08,True,True,False,False,True,False,Co-location,distance <= 5m
2904,3121,2905,3122,UPS,Pudo,Convenience Stores,Click&Collect,Aut Lara Sd Baranda,Autoescuela Lara Sainz De Baranda,"C/ del Alcalde Sainz de Baranda, 30","C/ del Alcalde Sainz de Baranda, 30",5.83,100.0,73.08,True,True,False,False,True,False,Co-location,distance <= 15m and strong text match
2908,3141,2909,3142,UPS,Pudo,Convenience Stores,Click&Collect,Auto Gala G Paredes,Autoescuela Gala García Paredes,"Calle de García de Paredes, 74","Calle de García de Paredes, 74",5.26,100.0,76.0,True,True,False,False,True,False,Co-location,distance <= 15m and strong text match
2925,3230,2926,3231,UPS,Pudo,Locker,Click&Collect,P Taquilla Loc Euro Ezq Solana,Locutorio Euroenvíos V Ezequiel Solana,"C. de Ezequiel Solana, 102","C. de Ezequiel Solana, 102",10.24,100.0,55.88,True,True,False,False,True,False,Co-location,distance <= 15m and strong text match
2935,3252,2936,3253,UPS,Pudo,Locker,Click&Collect,P Taquilla Lidl Pablo Neruda,Lidl Pablo Neruda 138,"Av. de Pablo Neruda, 138","Av. de Pablo Neruda, 138",5.83,100.0,69.39,True,True,False,False,True,False,Co-location,distance <= 15m and strong text match
2947,3185,2948,3186,UPS,Pudo,Locker,Click&Collect,P Taquilla Auto Gala Ant Lopez,Autoescuela Gala Antonio López,"Calle de Antonio López, 156","Calle de Antonio López, 156",6.59,100.0,63.33,True,True,False,False,True,False,Co-location,distance <= 15m and strong text match
2949,2952,2950,2953,UPS,UPS,Convenience Stores,Convenience Stores,Mail Boxes Etc,Mail Boxes Etc. 0116,"C. de la Infanta Mercedes, 53","C. de la Infanta Mercedes, 53",2.7,100.0,84.85,True,True,True,True,True,True,Possible duplicate,distance <= 5m
2949,3149,2950,3150,UPS,Pudo,Convenience Stores,Click&Collect,Mail Boxes Etc,Midas Infanta Mercedes,"C. de la Infanta Mercedes, 53","C. de la Infanta Mercedes, 53",2.86,100.0,33.33,True,True,False,False,True,False,Co-location,distance <= 5m
2952,3149,2953,3150,UPS,Pudo,Convenience Stores,Click&Collect,Mail Boxes Etc. 0116,Midas Infanta Mercedes,"C. de la Infanta Mercedes, 53","C. de la Infanta Mercedes, 53",0.9,100.0,29.27,True,True,False,False,True,False,Co-location,distance <= 5m
2954,3150,2955,3151,UPS,Pudo,Convenience Stores,Click&Collect,La T Del Consumible,La Tienda Del Consumible Bravo Murillo,"C. de Bravo Murillo, 221","C. de Bravo Murillo, 221",6.17,100.0,66.67,True,True,False,False,True,False,Co-location,distance <= 15m and strong text match
2956,3145,2957,3146,UPS,Pudo,Convenience Stores,Click&Collect,Int Pkg Hernani,Parking Interparking Hernani,"C. de Hernani, 75","C. de Hernani, 75",6.67,100.0,65.12,True,True,False,False,True,False,Co-location,distance <= 15m and strong text match
2995,3224,2996,3225,UPS,Pudo,Convenience Stores,Click&Collect,Denver75,Autoescuela Calderón Iv Alcala 311,"C. de Alcalá, 311","C. de Alcalá, 311",5.11,100.0,19.05,True,True,False,False,True,False,Co-location,distance <= 15m and strong text match
3001,3167,3002,3168,UPS,Pudo,Convenience Stores,Click&Collect,Autesc Calderon V,Autoescuela Calderon V Cartagena,"C. de Cartagena, 73","C. de Cartagena, 73",1.82,100.0,69.39,True,True,False,False,True,False,Co-location,distance <= 5m
3021,3023,3022,3024,UPS,UPS,Locker,Convenience Stores,P Taquilla Cc Valdebernardo,Prensa Y Revistas R Y T,"Blvr. de José Prat, 5","Blvr. de José Prat, 5",5.73,100.0,12.0,True,True,True,False,True,False,Multi-service same company,distance <= 15m and strong text match
3024,3236,3025,3237,UPS,Pudo,Locker,Click&Collect,P Taquilla Estanco 893,Estanco 893,C. de Aquitania SN,"C. de Aquitania, s/n",8.9,97.14,66.67,False,False,False,False,True,False,Co-location,distance <= 15m and strong text match
3028,3213,3029,3214,UPS,Pudo,Locker,Click&Collect,P Taquilla Autesc Lara A Soria,Autoescuela Lara Arturo Soria,"C. de Arturo Soria, 329","C. de Arturo Soria, 329",4.09,100.0,64.41,True,True,False,False,True,False,Co-location,distance <= 5m
3030,3214,3031,3215,UPS,Pudo,Locker,Click&Collect,P Taquilla Auto Lara Mar Menor,Autoescuela Lara Mar Menor Hortaleza,"C. del Mar Menor, 2","C. del Mar Menor, 2",8.14,100.0,57.58,True,True,False,False,True,False,Co-location,distance <= 15m and strong text match
3035,3206,3036,3207,UPS,Pudo,Locker,Click&Collect,P Taquilla Vapor Mad Aranzazu,Vapor Madrid Virgen De Aranzazu,"Calle de la Virgen de Aránzazu, 23","Calle de la Virgen de Aránzazu, 23",4.55,100.0,60.0,True,True,False,False,True,False,Co-location,distance <= 5m
3036,3205,3037,3206,UPS,Pudo,Convenience Stores,Click&Collect,Locutorio Casandra,Locutorio Casandra,"C. de Isidro Fernández, 11","C. de Isidro Fernández, 11",4.8,100.0,100.0,True,True,False,False,True,False,Co-location,distance <= 5m
3037,3204,3038,3205,UPS,Pudo,Convenience Stores,Click&Collect,Telotengo,Telotengo Marcos Orueta,"C. de Marcos de Orueta, 3","C. de Marcos de Orueta, 3, local 1",11.69,85.19,56.25,True,True,False,False,True,False,Co-location,distance <= 15m and strong text match
3038,3208,3039,3209,UPS,Pudo,Locker,Click&Collect,P Taquilla Cc Montecarmelo,C.C. Montecarmelo,"C. del Monasterio de Arlanza, 20","C. del Monasterio de Arlanza, 20",5.79,100.0,71.43,True,True,False,False,True,False,Co-location,distance <= 15m and strong text match
3046,3233,3047,3234,UPS,Pudo,Locker,Click&Collect,P Taquilla Galp Arcentales,E.S. Galp Arcentales,"Av. de Arcentales, 7","Av. de Arcentales, 7",7.64,100.0,75.56,True,True,False,False,True,False,Co-location,distance <= 15m and strong text match
3055,3180,3056,3181,UPS,Pudo,Locker,Click&Collect,P Taquilla Lidl Av Andalucia 7,Lidl Avda Andalucia 7,"Av. de Andalucía, 7","Av. de Andalucía, 7",10.19,100.0,74.51,True,True,False,False,True,False,Co-location,distance <= 15m and strong text match
3065,3219,3066,3220,UPS,Pudo,Locker,Click&Collect,P Taquilla Cc Arturo Soria,C.C. Arturo Soria Plaza,"C. de Arturo Soria, 126","C. de Arturo Soria, 126",4.58,100.0,62.5,True,True,False,False,True,False,Co-location,distance <= 5m
3070,3218,3071,3219,UPS,Pudo,Locker,Click&Collect,P Taquilla Shell Machupichu,E.S. Shell Machupichu,"Av. de Machupichu, 105","Av. de Machupichu, 105",4.06,100.0,76.6,True,True,False,False,True,False,Co-location,distance <= 5m
3081,3117,3082,3118,UPS,Pudo,Convenience Stores,Click&Collect,Mer Sm De La Cabeza,Mercado Santa María De La Cabeza,"P.o de Sta. María de la Cabeza, 41","P.o de Sta. María de la Cabeza, 41",10.53,100.0,74.51,True,True,False,False,True,False,Co-location,distance <= 15m and strong text match
3092,3195,3093,3196,UPS,Pudo,Convenience Stores,Click&Collect,Shati Telecom Ii,Shati Telecom Espinar,"C. del Espinar, 3","C. del Espinar, 3",13.64,100.0,81.08,True,True,False,False,True,False,Co-location,distance <= 15m and strong text match
3098,3209,3099,3210,UPS,Pudo,Locker,Click&Collect,P Taquilla Shell Las Tablas,E.S. Shell Las Tablas,"Av. de Santo Domingo de la Calzada, 10","Av. de Santo Domingo de la Calzada, 10",2.56,100.0,76.6,True,True,False,False,True,False,Co-location,distance <= 5m
3100,3212,3101,3213,UPS,Pudo,Locker,Click&Collect,P Taquilla Cc Manoteras,C.C. Manoteras,"Av. de Manoteras, 40","Av. de Manoteras, 40",4.85,100.0,66.67,True,True,False,False,True,False,Co-location,distance <= 5m
3120,3174,3121,3175,Pudo,Pudo,Click&Collect,Click&Collect,Autoescuela Lara Conde De Casal,Autoescuela Lara Conde De Casal,"Av. del Mediterráneo, 41","Av. del Mediterráneo, 41",4.56,100.0,100.0,True,True,True,True,True,True,Possible duplicate,distance <= 5m
3121,3173,3122,3174,Pudo,Pudo,Click&Collect,Click&Collect,Autoescuela Lara Sainz De Baranda,Autoescuela Lara Sainz De Baranda,"C/ del Alcalde Sainz de Baranda, 30","C/ del Alcalde Sainz de Baranda, 30",6.43,100.0,100.0,True,True,True,True,True,True,Possible duplicate,distance <= 15m and strong text match
3122,3172,3123,3173,Pudo,Pudo,Click&Collect,Click&Collect,Parking Interparking Velazquez - Jorge Juan,Parking Interparking Velazquez - Jorge Juan,"Calle Velázquez, 14","Calle Velázquez, 14, 16",4.67,92.31,100.0,True,True,True,True,True,True,Possible duplicate,distance <= 5m
