City,Location_Cluster_ID,Representative_Latitude,Representative_Longitude,Record_Count,Company_Count,Companies,Addresses,Locations,Has_Locker,Has_PUDO,Has_Click_Collect,Has_Distribution_Center,Has_Last_Mile_Station,Has_Warehouse,Has_Convenience_Store,Has_Unknown,Cluster_Service_Type_Code,Cluster_Service_Type_Name,Cluster_Sharing_Type_Code,Cluster_Sharing_Type_Name,Cluster_Diameter_m,Cluster_Spatial_Confidence_Code,Cluster_Spatial_Confidence_Name,Cluster_Review_Required
madrid,MAD_LOC_000001,40.4259218465805,-3.68208097292823,2,2,Amazon | InPost,"Calle de Nuñez de Balboa, 32 | Calle de Núñez de Balboa, 32",Lockers Arruda | Supermercado Dia,True,False,False,False,False,False,False,False,1,Locker only,3,"Multiple companies, single service",2.84,1,High,False
madrid,MAD_LOC_000002,40.4280518867301,-3.6845655804811246,2,2,InPost | SEUR,"Cl. de Ayala, 38",24/7 Parking Ayala Grupo | Parking,True,False,False,False,False,False,False,False,1,Locker only,3,"Multiple companies, single service",39.15,3,Review,True
madrid,MAD_LOC_000003,40.42544911386783,-3.6829077388721876,4,4,Amazon | Ctt Express | Gls | InPost,"Calle de Goya, 43 | Calle de Goya, 43, Galeria Comercial l160",Grupo Hicorsa Artes Graficas | Grupo Hicorsa Artes Gráficas S.A. | Ps Gls Dis Grupo Hicorsa Artes Gráficas S.A.,False,False,False,False,False,False,True,False,5,Convenience Store only,3,"Multiple companies, single service",8.48,1,High,False
madrid,MAD_LOC_000004,40.4212867752639,-3.68557037997434,1,1,InPost,"Calle de Lagasca, 6",Panaderia Alimentacion Lagasca,False,False,False,False,False,False,True,False,5,Convenience Store only,1,Single record,0.0,1,High,False
madrid,MAD_LOC_000005,40.4216836164103,-3.68356702300901,1,1,InPost,"C. de Alcalá, 99",Jesus Rodriguez Cuadros,False,False,False,False,False,False,True,False,5,Convenience Store only,1,Single record,0.0,1,High,False
madrid,MAD_LOC_000006,40.424012986126534,-3.6788709194101403,3,3,Amazon | Dhl | InPost,"Calle del Gral. Pardiñas, 3",La Capital | La Capital Del Movil,False,False,False,False,False,False,True,False,5,Convenience Store only,3,"Multiple companies, single service",5.44,1,High,False
madrid,MAD_LOC_000007,40.4271067637238,-3.67874588879956,1,1,InPost,"Calle del Gral. Pardiñas, 31",Take Up,False,False,False,False,False,False,True,False,5,Convenience Store only,1,Single record,0.0,1,High,False
madrid,MAD_LOC_000008,40.4207388653189,-3.6918522423678,1,1,InPost,"P.o de Recoletos, 4",24/7 Emt Parking Recoletos,True,False,False,False,False,False,False,False,1,Locker only,1,Single record,0.0,1,High,False
madrid,MAD_LOC_000009,40.4477458306326,-3.67234765257941,1,1,InPost,C. de Sánchez Pacheco,Locker Eroski City Sanchez Pach,True,False,False,False,False,False,False,False,1,Locker only,1,Single record,0.0,1,High,False
madrid,MAD_LOC_000010,40.4451542325239,-3.67340205034153,1,1,InPost,"C. de López de Hoyos, 128",Moran Opticos,False,False,False,False,False,False,True,False,5,Convenience Store only,1,Single record,0.0,1,High,False
madrid,MAD_LOC_000011,40.4489601877465,-3.67549662131465,1,1,InPost,"C. de Pradillo, 7",Herbolario Sana Sana,False,False,False,False,False,False,True,False,5,Convenience Store only,1,Single record,0.0,1,High,False
madrid,MAD_LOC_000012,40.444972082564,-3.67505069555944,1,1,InPost,"C. de Vinaroz, 2",Locutorio Robert Multiservices,False,False,False,False,False,False,True,False,5,Convenience Store only,1,Single record,0.0,1,High,False
madrid,MAD_LOC_000013,40.4419071580472,-3.67853443382289,1,1,InPost,C. del Príncipe de Vergara 2,Optica Golf,False,False,False,False,False,False,True,False,5,Convenience Store only,1,Single record,0.0,1,High,False
madrid,MAD_LOC_000014,40.446350548375946,-3.674644835291585,2,2,Amazon | InPost,"C. de Eugenio Salazar, 27",Lockers Dobson | Supermercado Dia,True,False,False,False,False,False,False,False,1,Locker only,3,"Multiple companies, single service",42.13,3,Review,True
madrid,MAD_LOC_000015,40.44727304766385,-3.6698057173244196,2,2,InPost | UPS,"C. de López de Hoyos, 135",Mioptico | Mioptico Lopez De Hoyos,False,False,False,False,False,False,True,False,5,Convenience Store only,3,"Multiple companies, single service",5.31,1,High,False
madrid,MAD_LOC_000016,40.4456140483529,-3.66927210385134,1,1,InPost,"C/ de Baeza, 4",Digital Y Envios,False,False,False,False,False,False,True,False,5,Convenience Store only,1,Single record,0.0,1,High,False
madrid,MAD_LOC_000017,40.4402449747403,-3.67355205269051,1,1,InPost,"C. de Clara del Rey, 2",Luisipo,False,False,False,False,False,False,True,False,5,Convenience Store only,1,Single record,0.0,1,High,False
madrid,MAD_LOC_000018,40.4434206605702,-3.66867834500266,2,2,Amazon | InPost,"C. de Clara del Rey, 32",Lockers Tarodo | Parking Clara Del Rey,True,False,False,False,False,False,False,False,1,Locker only,3,"Multiple companies, single service",7.43,1,High,False
madrid,MAD_LOC_000019,40.442352353291575,-3.67036748579488,4,4,Celeritas | Ctt Express | InPost | SEUR,"C. de Clara del Rey, 20",Chip Inside,False,False,False,False,False,False,True,False,5,Convenience Store only,3,"Multiple companies, single service",6.09,1,High,False
madrid,MAD_LOC_000020,40.43878960635033,-3.6759954770354,3,3,Dhl | Gls | InPost,"Intercambiador de Avenida de América | Intercambiador de Avenida de América, Nivel -3 | Intercambiador de Avenida de América, Nivel -3, local 14",Abp Comunicaciones | Ps Abp Comunicaciones,False,False,False,False,False,False,True,False,5,Convenience Store only,3,"Multiple companies, single service",49.06,3,Review,True
madrid,MAD_LOC_000021,40.4462567647464,-3.6679253485369,1,1,InPost,"C. de Clara del Rey, 52",Estanco 677,False,False,False,False,False,False,True,False,5,Convenience Store only,1,Single record,0.0,1,High,False
madrid,MAD_LOC_000022,40.4465465183871,-3.68943215510239,1,1,InPost,"C. de Joaquín Costa, 9",Razas Pet Shop,False,False,False,False,False,False,True,False,5,Convenience Store only,1,Single record,0.0,1,High,False
madrid,MAD_LOC_000023,40.4481732569314,-3.66467600802435,1,1,InPost,"C/ del Padre Claret, 17",Estanco Claret,False,False,False,False,False,False,True,False,5,Convenience Store only,1,Single record,0.0,1,High,False
madrid,MAD_LOC_000024,40.4417460972663,-3.69544739417121,1,1,InPost,"C. de Ríos Rosas, 54",Market Express Food,False,False,False,False,False,False,True,False,5,Convenience Store only,1,Single record,0.0,1,High,False
madrid,MAD_LOC_000025,40.4409396078823,-3.69274012739735,1,1,InPost,"Calle de Zurbano, 93",La Tienda De Almudena,False,False,False,False,False,False,True,False,5,Convenience Store only,1,Single record,0.0,1,High,False
madrid,MAD_LOC_000026,40.4443571523765,-3.6973242486283,1,1,InPost,"C. de Alonso Cano, 91",Mis Miss,False,False,False,False,False,False,True,False,5,Convenience Store only,1,Single record,0.0,1,High,False
madrid,MAD_LOC_000027,40.44105621693955,-3.698156657485875,2,2,Ctt Express | InPost,"C. de Espronceda, 9",Baez Locutorio | Báez Locutorio,False,False,False,False,False,False,True,False,5,Convenience Store only,3,"Multiple companies, single service",10.33,1,High,False
madrid,MAD_LOC_000028,40.4424435315694,-3.70215102644343,1,1,InPost,"Calle de Sta Engracia, 131",Barullo Company,False,False,False,False,False,False,True,False,5,Convenience Store only,1,Single record,0.0,1,High,False
madrid,MAD_LOC_000029,40.4392263146699,-3.6996289914806,1,1,InPost,"C/ de Ponzano, 25",Expendeduria 791,False,False,False,False,False,False,True,False,5,Convenience Store only,1,Single record,0.0,1,High,False
madrid,MAD_LOC_000030,40.4444164821042,-3.70047585561674,1,1,InPost,"C. de Alenza, 18",Locker 24/7 Parking Empark Ponz,True,False,False,False,False,False,False,False,1,Locker only,1,Single record,0.0,1,High,False
madrid,MAD_LOC_000031,40.4472219332854,-3.70215322619916,1,1,InPost,"C. de Raimundo Fernández Villaverde, 13",Money Exchang,True,False,False,False,False,False,False,False,1,Locker only,1,Single record,0.0,1,High,False
madrid,MAD_LOC_000032,40.4464760248666,-3.712038422736115,2,2,InPost | UPS,"Av. de la Reina Victoria, 51",Bicicletas Y Calzado | Bicicletas Y Reparacion De Calzado,False,False,False,False,False,False,True,False,5,Convenience Store only,3,"Multiple companies, single service",7.81,1,High,False
madrid,MAD_LOC_000033,40.4242522650422,-3.70126629020633,1,1,InPost,"C. de Sta. Bárbara, 7",Nails Nactory Santa Barbara,False,False,False,False,False,False,True,False,5,Convenience Store only,1,Single record,0.0,1,High,False
madrid,MAD_LOC_000034,40.4282464373625,-3.701255507096815,2,2,Gls | InPost,"C. de Churruca, 19",El Jardin De Churruca | Ps El Jardín De Churruca,False,False,False,False,False,False,True,False,5,Convenience Store only,3,"Multiple companies, single service",18.93,2,Medium,False
madrid,MAD_LOC_000035,40.42361227981,-3.6985475042361,1,1,InPost,"C. de Gravina, 1",Dirtypop,False,False,False,False,False,False,True,False,5,Convenience Store only,1,Single record,0.0,1,High,False
madrid,MAD_LOC_000036,40.42176461610914,-3.704417658950803,3,3,Gls | InPost | SEUR,"C. de Loreto y Chicote, 13",Fotocopias Javipar | Ps Fotocopias Javipar,False,False,False,False,False,False,True,False,5,Convenience Store only,3,"Multiple companies, single service",6.01,1,High,False
madrid,MAD_LOC_000037,40.4225192259598,-3.69910060715877,1,1,InPost,"C. de Pelayo, 9",Ixion Man,False,False,False,False,False,False,True,False,5,Convenience Store only,1,Single record,0.0,1,High,False
madrid,MAD_LOC_000038,40.423582311000445,-3.70480713437651,2,1,InPost,"C. del Pez, 12",Copypez 12 | El Jardin De Kika,False,False,False,False,False,False,True,False,5,Convenience Store only,2,"Same company, multiple records",14.8,1,High,False
madrid,MAD_LOC_000039,40.4203257122258,-3.69616955268168,1,1,InPost,Plaza del Rey s/n,24/7 Parking Apk2 Plaza,True,False,False,False,False,False,False,False,1,Locker only,1,Single record,0.0,1,High,False
madrid,MAD_LOC_000040,40.42321299232407,-3.701851524702363,3,3,Dhl | InPost | UPS,"C. de Valverde, 35",Madplug | The Mad Plug,False,False,False,False,False,False,True,False,5,Convenience Store only,3,"Multiple companies, single service",3.39,1,High,False
madrid,MAD_LOC_000041,40.4246383266876,-3.70494733021802,1,1,InPost,Cl. del Marqués de Sta. Ana,Pcservice,False,False,False,False,False,False,True,False,5,Convenience Store only,1,Single record,0.0,1,High,False
madrid,MAD_LOC_000042,40.4213882788135,-3.70123843898177,1,1,InPost,Calle de Fuencarral & C. de las Infantas,Money Exchange Fuencarral,True,False,False,False,False,False,False,False,1,Locker only,1,Single record,0.0,1,High,False
madrid,MAD_LOC_000043,40.4088257503958,-3.71091942348049,1,1,InPost,"C. de Toledo, 88",Locker Parking Latina,False,False,False,False,False,False,True,False,5,Convenience Store only,1,Single record,0.0,1,High,False
madrid,MAD_LOC_000044,40.4006470168725,-3.71031765006968,1,1,InPost,"C. de Melilla, 39",Golochuches,False,False,False,False,False,False,True,False,5,Convenience Store only,1,Single record,0.0,1,High,False
madrid,MAD_LOC_000045,40.40123537596117,-3.713230986786067,3,3,Celeritas | Ctt Express | InPost,"P.o de las Acacias, 69",Estanco Piramides,False,False,False,False,False,False,True,False,5,Convenience Store only,3,"Multiple companies, single service",21.98,2,Medium,False
madrid,MAD_LOC_000046,40.411133396300876,-3.7099230131680314,6,5,Correos | Gls | InPost | Pudo | SEUR,"C. de la Cebada SN | Pl. de la Cebada, S/N | Plaza de la Cebada Mercado de la Cebada Puesto 109",Mercado De La Cebada | Nuvole Di Profumo | Nuvole Di Profumo Mercado De La | Ps Cuchilleria Viuda De Balsa | Seur Locker Mercado Cebad,True,False,True,False,False,False,True,False,7,Multiple services,4,"Multiple companies, multiple services",51.5,3,Review,True
madrid,MAD_LOC_000047,40.4021137886677,-3.70803286634464,1,1,InPost,P.o de Juan Antonio Vallejo-Nájera Botas,Optica Piramides,False,False,False,False,False,False,True,False,5,Convenience Store only,1,Single record,0.0,1,High,False
madrid,MAD_LOC_000048,40.4047208374753,-3.7033279724209,1,1,InPost,"C. de Martín de Vargas, 2",Mioptico Embajadores,False,False,False,False,False,False,True,False,5,Convenience Store only,1,Single record,0.0,1,High,False
madrid,MAD_LOC_000049,40.4071217227613,-3.70732024046187,1,1,InPost,C/ de la Ribera de Curtidores,Locker 24/7 Grupo Bolton Garage,True,False,False,False,False,False,False,False,1,Locker only,1,Single record,0.0,1,High,False
madrid,MAD_LOC_000050,40.4050258024552,-3.71481862196178,1,1,InPost,"Pasillo Verde, P.o de Juan Antonio Vallejo-Nájera Botas, 50",Estanco 149 Pasillo Verde,False,False,False,False,False,False,True,False,5,Convenience Store only,1,Single record,0.0,1,High,False
madrid,MAD_LOC_000051,40.40104049805,-3.71929063869584,1,1,InPost,"C. San Epifanio, 9",Locker 24/7 Emt Mad Parking San,True,False,False,False,False,False,False,False,1,Locker only,1,Single record,0.0,1,High,False
madrid,MAD_LOC_000052,40.41134569917685,-3.707179527774775,2,2,InPost | SEUR,"Pl. de Cascorro, 2",Tr3sdland,False,False,False,False,False,False,True,False,5,Convenience Store only,3,"Multiple companies, single service",2.03,1,High,False
madrid,MAD_LOC_000053,40.41394567847163,-3.70843518499421,3,3,Celeritas | Ctt Express | InPost,Pl. de Prta Cerrada S/N | Pl. de Prta Cerrada s/n,Prensa Antonio | Quiosco Prensa Antonio,False,False,False,False,False,False,True,False,5,Convenience Store only,3,"Multiple companies, single service",12.56,1,High,False
madrid,MAD_LOC_000054,40.40566748499164,-3.720381564889718,5,5,Amazon | Ctt Express | InPost | SEUR | UPS,"P.o de los Melancólicos, 35",Estanco Melancolicos | Estanco Melancólicos | Estanco Paseo Los Melancolicos,False,False,False,False,False,False,True,False,5,Convenience Store only,3,"Multiple companies, single service",68.56,3,Review,True
madrid,MAD_LOC_000055,40.4115235264424,-3.71960948106962,1,1,InPost,"C. de Juan Duque, 28",Locker 24/7 Supermercado Dia Ca,True,False,False,False,False,False,False,False,1,Locker only,1,Single record,0.0,1,High,False
madrid,MAD_LOC_000056,40.3991086556909,-3.70286984746391,1,1,InPost,"P.o de la Esperanza, 45",Locker La Wash Paseo De La Espe,True,False,False,False,False,False,False,False,1,Locker only,1,Single record,0.0,1,High,False
madrid,MAD_LOC_000057,40.4136180105458,-3.72082904933452,1,1,InPost,"P.o de la Virgen del Puerto, 7",Expendeduria 355,False,False,False,False,False,False,True,False,5,Convenience Store only,1,Single record,0.0,1,High,False
madrid,MAD_LOC_000058,40.43377467786855,-3.6813090609513974,4,4,Gls | InPost | SEUR | UPS,"C. de Maldonado, 26 | Calle de Maldonado, 26",Cm26 Reprografia | Cm26 Reprografía | Ps Cm26 Reprografia,False,False,False,False,False,False,True,False,5,Convenience Store only,3,"Multiple companies, single service",7.53,1,High,False
madrid,MAD_LOC_000059,40.43207025249723,-3.678259413970307,3,3,Celeritas | Ctt Express | InPost,"Calle del Gral. Pardiñas, 61",Estanco 837 | Expendeduria 837,False,False,False,False,False,False,True,False,5,Convenience Store only,3,"Multiple companies, single service",3.35,1,High,False
madrid,MAD_LOC_000060,40.437367593277,-3.68078027199472,1,1,InPost,"Calle de María de Molina, 50",24/7 Indigo Maria De Mol,True,False,False,False,False,False,False,False,1,Locker only,1,Single record,0.0,1,High,False
madrid,MAD_LOC_000061,40.43739885537257,-3.68000588847563,3,3,Gls | InPost | SEUR,"Calle de Castelló, 120",Herbolario Vilaflor | Ps Herbolario Vilaflor,False,False,False,False,False,False,True,False,5,Convenience Store only,3,"Multiple companies, single service",47.34,3,Review,True
madrid,MAD_LOC_000062,40.431295202474104,-3.67776840157637,2,2,InPost | UPS,"C. de Padilla, 52",Herbolario Salamanca,False,False,False,False,False,False,True,False,5,Convenience Store only,3,"Multiple companies, single service",1.81,1,High,False
madrid,MAD_LOC_000063,40.43287720993617,-3.6742434833520665,3,3,Ctt Express | InPost | SEUR,"Calle de Juan Bravo, 63",Locutorio Marandu | Locutorio Marandu Jb,False,False,False,False,False,False,True,False,5,Convenience Store only,3,"Multiple companies, single service",24.37,2,Medium,False
madrid,MAD_LOC_000064,40.43236679819135,-3.67426250278364,2,2,InPost | SEUR,"Calle de Juan Bravo, 58",24/7 Parking Juan Bravo | Parking Bolto,True,False,False,False,False,False,False,False,1,Locker only,3,"Multiple companies, single service",3.59,1,High,False
madrid,MAD_LOC_000065,40.4308267109275,-3.6831042890119066,3,3,Ctt Express | InPost | SEUR,"C. de José Ortega y Gasset, 29",Quiosco Ortega Y Gasset | Quiosco Ortega Y Gasset.,False,False,False,False,False,False,True,False,5,Convenience Store only,3,"Multiple companies, single service",43.64,3,Review,True
madrid,MAD_LOC_000066,40.4284756576145,-3.66975709581587,1,1,InPost,"Calle de Don Ramón de la Cruz, 102",Ecuatoriana De Productos,False,False,False,False,False,False,True,False,5,Convenience Store only,1,Single record,0.0,1,High,False
madrid,MAD_LOC_000067,40.43823356198145,-3.68444865435326,2,2,Amazon | InPost,"Calle de María de Molina, 21",24/7 Gasolinera Repsol Es Mo | Lockers Marcos,True,False,False,False,False,False,False,False,1,Locker only,3,"Multiple companies, single service",23.4,2,Medium,False
madrid,MAD_LOC_000068,40.4069586507282,-3.67341977589385,2,2,InPost | SEUR,"Av. del Mediterráneo, 28 | Av. del Mediterráneo, 28 (garita)",24/7 Parking | Seur Lockers Parking Bolto,True,False,False,False,False,False,False,False,1,Locker only,3,"Multiple companies, single service",19.79,2,Medium,False
madrid,MAD_LOC_000069,40.4095423897814,-3.66972116554276,1,1,InPost,"C. del Dr. Esquerdo, 155",Supermercado Dia,True,False,False,False,False,False,False,False,1,Locker only,1,Single record,0.0,1,High,False
madrid,MAD_LOC_000070,40.41108318284108,-3.6703068406719055,5,4,Celeritas | Ctt Express | InPost | SEUR,"C. del Dr. Esquerdo, 96 | C. del Dr. Esquerdo, 96, Local 2",Doce Treinta Y Cuatro,False,False,False,False,False,False,True,False,5,Convenience Store only,3,"Multiple companies, single service",31.04,3,Review,True
madrid,MAD_LOC_000071,40.4060662985517,-3.67034969412123,3,3,Amazon | InPost | SEUR,"C. del Dr. Esquerdo, 177",Estanco Conde Casal | Estanco Conde De Casal | Seur - Estanco Conde De Casal,False,False,False,False,False,False,True,False,5,Convenience Store only,3,"Multiple companies, single service",3.63,1,High,False
madrid,MAD_LOC_000072,40.40418511408415,-3.675169742794365,2,2,Amazon | InPost,"C. de Valderribas, 34",Amazon Locker - Echarri | Efecto 2000,True,False,False,False,False,False,True,False,7,Multiple services,4,"Multiple companies, multiple services",24.85,2,Medium,False
madrid,MAD_LOC_000073,40.3996957743422,-3.67165619709406,1,1,InPost,"Av. de la Ciudad de Barcelona, 208-210",Parking Avda Ciudad De Barcelona - Seco,True,False,False,False,False,False,False,False,1,Locker only,1,Single record,0.0,1,High,False
madrid,MAD_LOC_000074,40.40301693410605,-3.6753793339844023,4,4,Amazon | Ctt Express | InPost | SEUR,"C. de Granada, 46",Amazon Counter - Sol Internacional | Sol Internacional | Sol Internacional 2,False,False,False,False,False,False,True,False,5,Convenience Store only,3,"Multiple companies, single service",10.19,1,High,False
madrid,MAD_LOC_000075,40.407072889383,-3.6781805913987347,2,2,InPost | SEUR,"C. de Cavanilles, 10",Alimentacion Autoservicio | Nirvana Espacio Holistico,False,False,False,False,False,False,True,False,5,Convenience Store only,3,"Multiple companies, single service",7.49,1,High,False
madrid,MAD_LOC_000076,40.4002650546512,-3.672019205824335,2,2,Amazon | InPost,"Av. de la Ciudad de Barcelona, 93 | Avenida de la Ciudad de Barcelona 93",La Wash | Lockers - Virgo Lavanderia Autoservicio La Wash,True,False,False,False,False,False,False,False,1,Locker only,3,"Multiple companies, single service",27.52,2,Medium,False
madrid,MAD_LOC_000077,40.4071161259573,-3.67593922362224,1,1,InPost,"Av. del Mediterráneo, 16",Incerco Ventanas,False,False,False,False,False,False,True,False,5,Convenience Store only,1,Single record,0.0,1,High,False
madrid,MAD_LOC_000078,40.3991220068563,-3.67197048786089,1,1,InPost,"C. de Seco, 3",Floristeria Cala,False,False,False,False,False,False,True,False,5,Convenience Store only,1,Single record,0.0,1,High,False
madrid,MAD_LOC_000079,40.3969398457762,-3.67199850977412,1,1,InPost,"C. del Cerro Negro, 12",Locker Open Wash Cerro Negro,True,False,False,False,False,False,False,False,1,Locker only,1,Single record,0.0,1,High,False
madrid,MAD_LOC_000080,40.4039197297301,-3.67916457357909,1,1,InPost,"Av. de la Ciudad de Barcelona, 39, Retiro",Biofitness Nutricion Deportiva,False,False,False,False,False,False,True,False,5,Convenience Store only,1,Single record,0.0,1,High,False
madrid,MAD_LOC_000081,40.4045371106488,-3.67956725779444,1,1,InPost,"Calle de Narciso Serra, 5",Locutorio Madrid,False,False,False,False,False,False,True,False,5,Convenience Store only,1,Single record,0.0,1,High,False
madrid,MAD_LOC_000082,40.402817395384,-3.67972925917327,3,3,Amazon | InPost | SEUR,"C. de Téllez, 17 | C. de Téllez, 19",Amazon Locker - Timor | Estanco Tellez | Estanco Tellez Madrid,True,False,False,False,False,False,True,False,7,Multiple services,4,"Multiple companies, multiple services",31.68,3,Review,True
madrid,MAD_LOC_000083,40.42813860584525,-3.7168847144239074,4,4,Amazon | Correos | Ctt Express | InPost,"C. de Quintana, 9 | Martin De Los Heros, 57",Amazon Counter - Ma Tecnologia Markt | MADRID SUC 8. ARGÜELLES | Ma Tecnologia Markt | Na Tecnologia Market,True,False,False,False,False,False,True,False,7,Multiple services,4,"Multiple companies, multiple services",25.8,2,Medium,False
madrid,MAD_LOC_000084,40.43243331216591,-3.719463646925206,5,3,Amazon | InPost | SEUR,"C. de Romero Robledo, 9",Estanco 804 | Seur - Estanco 804 | Seur Lockers Parking Bolto,True,False,False,False,False,False,True,False,7,Multiple services,4,"Multiple companies, multiple services",27.48,2,Medium,False
madrid,MAD_LOC_000085,40.4261394537421,-3.71473009442362,1,1,InPost,"Calle de Luisa Fernanda, 13",Brothers Telecom,False,False,False,False,False,False,True,False,5,Convenience Store only,1,Single record,0.0,1,High,False
madrid,MAD_LOC_000086,40.42526663595097,-3.713472540228973,7,7,Celeritas | Dhl | Gls | InPost | Nacex | SEUR | UPS,"Calle de la Princesa, 3 | Calle de la Princesa, 3, Loocal 6",Mobile Centre | Mobile Centre (2886-04) | Ps Mobile Centre,False,False,False,False,False,False,True,False,5,Convenience Store only,3,"Multiple companies, single service",42.23,3,Review,True
madrid,MAD_LOC_000087,40.42073559197455,-3.7175512062941296,2,2,InPost | SEUR,"Cta. de San Vicente, 38",Locker 24/7 Grupo Bolton Princi | Seur Lockers Parking Bolto,True,False,False,False,False,False,False,False,1,Locker only,3,"Multiple companies, single service",11.98,1,High,False
madrid,MAD_LOC_000088,40.4347425563978,-3.71946967860913,1,1,InPost,"Calle de la Princesa, 89",Angel Duarte Intercambiador Mon,False,False,False,False,False,False,True,False,5,Convenience Store only,1,Single record,0.0,1,High,False
madrid,MAD_LOC_000089,40.4213557983657,-3.72049894301766,1,1,InPost,INTERCAMBIADOR PRINCIPE PIO,Locker Intercambiador Principe,False,False,False,False,False,False,True,False,5,Convenience Store only,1,Single record,0.0,1,High,False
madrid,MAD_LOC_000090,40.426918918188,-3.72771754974073,1,1,InPost,"Av. de Valladolid, 15",Estanco 876,True,False,False,False,False,False,False,False,1,Locker only,1,Single record,0.0,1,High,False
madrid,MAD_LOC_000091,40.42212032266512,-3.722292762099265,4,4,Ctt Express | Dhl | InPost | UPS,"P.o de la Florida, 23",Supermarket | Supermarket E.M | Supermarket E.M. | Supermarket Em,False,False,False,False,False,False,True,False,5,Convenience Store only,3,"Multiple companies, single service",16.37,2,Medium,False
madrid,MAD_LOC_000092,40.41729453959527,-3.6765665751680268,3,3,Ctt Express | InPost | SEUR,"C. de Narváez, 76 | C/ del Alcalde Sainz de Baranda, 11",Enmarcaciones Cuadros Tiziano | Estanco Narvaez | Leurs Flurs,False,False,False,False,False,False,True,False,5,Convenience Store only,3,"Multiple companies, single service",13.44,1,High,False
madrid,MAD_LOC_000093,40.4181925609006,-3.67583430967644,1,1,InPost,"C. de Ibiza, 22",Don Piso,False,False,False,False,False,False,True,False,5,Convenience Store only,1,Single record,0.0,1,High,False
madrid,MAD_LOC_000094,40.4165234119083,-3.671010822668935,2,2,InPost | SEUR,"C/ del Alcalde Sainz de Baranda, 54",Locutorio Luzcar,False,False,False,False,False,False,True,False,5,Convenience Store only,3,"Multiple companies, single service",8.12,1,High,False
madrid,MAD_LOC_000095,40.4172099779182,-3.67571023570897,1,1,InPost,"C/ del Alcalde Sainz de Baranda, 17, Local",Imovil Fix,False,False,False,False,False,False,True,False,5,Convenience Store only,1,Single record,0.0,1,High,False
madrid,MAD_LOC_000096,40.4210788361928,-3.67577496427887,1,1,InPost,"C. de Narváez, 31",Espana Tech 6g,False,False,False,False,False,False,True,False,5,Convenience Store only,1,Single record,0.0,1,High,False
madrid,MAD_LOC_000097,40.4245446443088,-3.6729522137992,1,1,InPost,"C. de Antonia Mercé, 8",Liberator Madrid,False,False,False,False,False,False,True,False,5,Convenience Store only,1,Single record,0.0,1,High,False
madrid,MAD_LOC_000098,40.42521884857125,-3.672772829757445,2,2,Celeritas | InPost,"C. de Lombía, 12",Afg Lombia | Prensa Y Revistas Lombia,False,False,False,False,False,False,True,False,5,Convenience Store only,3,"Multiple companies, single service",3.06,1,High,False
madrid,MAD_LOC_000099,40.4263980168757,-3.67218878556753,1,1,InPost,"C. de Alcalá, 120",Estanco 251,False,False,False,False,False,False,True,False,5,Convenience Store only,1,Single record,0.0,1,High,False
madrid,MAD_LOC_000100,40.4351069000973,-3.6945439652258,1,1,InPost,"P.o del Gral. Martínez Campos, 24",Carrefour Express,True,False,False,False,False,False,False,False,1,Locker only,1,Single record,0.0,1,High,False
madrid,MAD_LOC_000101,40.4345493965308,-3.70137733253659,1,1,InPost,C. de Eloy Gonzalo,Fruteria Mendoza,False,False,False,False,False,False,True,False,5,Convenience Store only,1,Single record,0.0,1,High,False
madrid,MAD_LOC_000102,40.4363627245395,-3.697544834465105,2,2,Amazon | InPost,"Calle de Viriato, 55 | calle de alonso cano 10",Lockersbáscula | Serrin Ultramarinos Chamberi,True,False,False,False,False,False,True,False,7,Multiple services,4,"Multiple companies, multiple services",9.13,1,High,False
madrid,MAD_LOC_000103,40.42946680186425,-3.6987296350681103,2,2,Amazon | InPost,"Calle de Manuel Silvela, 9",Locker Supermercado Dia Manuel | Lockers Galian,True,False,False,False,False,False,False,False,1,Locker only,3,"Multiple companies, single service",13.77,1,High,False
madrid,MAD_LOC_000104,40.4320887990284,-3.70174268308019,1,1,InPost,"C. de Olid, 14",Reparacion De Calzado Luis,False,False,False,False,False,False,True,False,5,Convenience Store only,1,Single record,0.0,1,High,False
madrid,MAD_LOC_000105,40.436740679344865,-3.6927841816628733,3,3,Gls | InPost | SEUR,"Calle de García de Paredes, 84",Papeleria Ap | Ps Acuatro,False,False,False,False,False,False,True,False,5,Convenience Store only,3,"Multiple companies, single service",26.22,2,Medium,False
madrid,MAD_LOC_000106,40.43019710186442,-3.7018325498286253,4,4,Amazon | Ctt Express | InPost | SEUR,"C. del Cardenal Cisneros, 9",Alimentacion Casa Julian | Casa Julian | Seur - Alimentacion Casa Julian,False,False,False,False,False,False,True,False,5,Convenience Store only,3,"Multiple companies, single service",37.95,3,Review,True
madrid,MAD_LOC_000107,40.43697920881262,-3.7014724299518544,4,4,Amazon | Ctt Express | InPost | SEUR,"Calle de García de Paredes, 18",Multiservicios Inti | Seur - Multiservicios Inti,True,False,False,False,False,False,True,False,7,Multiple services,4,"Multiple companies, multiple services",39.47,3,Review,True
madrid,MAD_LOC_000108,40.4383781779947,-3.70265254866216,1,1,InPost,Gta. del Gral. Álvarez de Castro,Locker Metro24st Chamberi,False,False,False,False,False,False,True,False,5,Convenience Store only,1,Single record,0.0,1,High,False
madrid,MAD_LOC_000109,40.434492718824785,-3.702727047782026,8,7,Amazon | Celeritas | Ctt Express | Gls | InPost | Nacex | SEUR,"C. del Cardenal Cisneros, 64",Locutorio Mila | Locutorio Mila (2853-20) | Ps Locutorio Mila Nuevo | Seur - Locutorio Mila,True,False,False,False,False,False,True,False,7,Multiple services,4,"Multiple companies, multiple services",9.35,1,High,False
madrid,MAD_LOC_000110,40.437047491528446,-3.7039129886305346,2,2,InPost | SEUR,"C. de Bravo Murillo, 30",Locker 24/7 Parking Bravo Muril | Seur Lockers Parking Queve,True,False,False,False,False,False,True,False,7,Multiple services,4,"Multiple companies, multiple services",13.45,1,High,False
madrid,MAD_LOC_000111,40.4068932495897,-3.7525532737979965,3,3,Dhl | InPost | UPS,"C. de Villamanín, 33",Estanco Batan Metro | Estanco Batan Tabaco Y Loteria,False,False,False,False,False,False,True,False,5,Convenience Store only,3,"Multiple companies, single service",11.05,1,High,False
madrid,MAD_LOC_000112,40.40754630329313,-3.7470995541630336,3,3,Celeritas | Ctt Express | InPost,"C. de El Greco, 27 | C. de El Greco, 27 LOCAL 6",Alimentacion Amigos,False,False,False,False,False,False,True,False,5,Convenience Store only,3,"Multiple companies, single service",28.18,2,Medium,False
madrid,MAD_LOC_000113,40.404889879118954,-3.754151054299565,2,2,InPost | UPS,"Calle de Villagarcía, 2",Expenduderia 747 | Fnx-Estanco 747 Batan,False,False,False,False,False,False,True,False,5,Convenience Store only,3,"Multiple companies, single service",17.98,2,Medium,False
madrid,MAD_LOC_000114,40.4050449573196,-3.74484907011233,1,1,InPost,"C. de Cebreros, 39",Supermercado Dia C/ De Cebreros,False,False,False,False,False,False,True,False,5,Convenience Store only,1,Single record,0.0,1,High,False
madrid,MAD_LOC_000115,40.401622368365395,-3.76181781907782,2,2,Amazon | InPost,"Carretera Extremadura, Km 5,400 N 298",Amazon Locker - Tranquila Repsol | Locker 24/7 Repsol Es El Batan,True,False,False,False,False,False,False,False,1,Locker only,3,"Multiple companies, single service",4.35,1,High,False
madrid,MAD_LOC_000116,40.4087568473656,-3.73519355973125,1,1,InPost,"Pl. Sisenando, 7",Diaspora Salon,False,False,False,False,False,False,True,False,5,Convenience Store only,1,Single record,0.0,1,High,False
madrid,MAD_LOC_000117,40.4052026702255,-3.74256649797563,4,4,Amazon | Dhl | InPost | SEUR,"C. de Cebreros, 12",Mundo Movil | Mundo Movil 2 | Seur - Mundo Movil 2,False,False,False,False,False,False,True,False,5,Convenience Store only,3,"Multiple companies, single service",25.61,2,Medium,False
madrid,MAD_LOC_000118,40.4125940673771,-3.73127436944222,1,1,InPost,"P.o de Extremadura, 61",Kanouka Madrid,False,False,False,False,False,False,True,False,5,Convenience Store only,1,Single record,0.0,1,High,False
madrid,MAD_LOC_000119,40.408756037442444,-3.7321519705843897,2,2,InPost | Nacex,"C. Jaime Tercero, 25",Optica Pedro Martin | Optica Pedro Martin (2886-15),False,False,False,False,False,False,True,False,5,Convenience Store only,3,"Multiple companies, single service",17.49,2,Medium,False
madrid,MAD_LOC_000120,40.4139252209134,-3.725445546355,1,1,InPost,"P.o de Extremadura, 5",Estanco 091,False,False,False,False,False,False,True,False,5,Convenience Store only,1,Single record,0.0,1,High,False
madrid,MAD_LOC_000121,40.408128462102,-3.69946043634256,1,1,InPost,"C. de Alonso Cano, 10",Centrotour Lavapies,False,False,False,False,False,False,True,False,5,Convenience Store only,1,Single record,0.0,1,High,False
madrid,MAD_LOC_000122,40.4077723326829,-3.69668226490886,1,1,InPost,"C. de Argumosa, 26",Expendeduria 31,False,False,False,False,False,False,True,False,5,Convenience Store only,1,Single record,0.0,1,High,False
madrid,MAD_LOC_000123,40.4110973322041,-3.70573509285289,1,1,InPost,"C. de la Encomienda, 12",Skinny Lola Vintage,False,False,False,False,False,False,True,False,5,Convenience Store only,1,Single record,0.0,1,High,False
madrid,MAD_LOC_000124,40.41072503398549,-3.7069577009367203,9,8,Celeritas | Ctt Express | Dhl | Gls | InPost | Nacex | SEUR | UPS,"C. de Embajadores, 5 | Pl. de Cascorro, 8 | Pl. de Cascorro, 8, local 20",Madina Telecom Money Transfer. | Madina Telecom Money Transfer2 | Ps Vapstore | Vap Store La Latina | Vapstore La Latina | Vapstore La Latina (2850-15),False,False,False,False,False,False,True,False,5,Convenience Store only,3,"Multiple companies, single service",57.43,3,Review,True
madrid,MAD_LOC_000125,40.40443461583815,-3.698709784620175,2,2,Amazon | InPost,"C. de Fray Luis de León, 12, Local B | C. de Sebastián Herrera, 23",Alimentacion Pep | Alimentación Pep,False,False,False,False,False,False,True,False,5,Convenience Store only,3,"Multiple companies, single service",37.39,3,Review,True
madrid,MAD_LOC_000126,40.4132256853258,-3.70476604530863,1,1,InPost,"Calle del Conde de Romanones, 11",Nwhite Tirso,False,False,False,False,False,False,True,False,5,Convenience Store only,1,Single record,0.0,1,High,False
madrid,MAD_LOC_000127,40.4127001251895,-3.70055496800035,1,1,InPost,"Calle de la Magdalena, 25",Exp197 Madrid,False,False,False,False,False,False,True,False,5,Convenience Store only,1,Single record,0.0,1,High,False
madrid,MAD_LOC_000128,40.4123843974473,-3.69920777558887,1,1,InPost,"C. de Atocha, 52",Greenery Atocha,False,False,False,False,False,False,True,False,5,Convenience Store only,1,Single record,0.0,1,High,False
madrid,MAD_LOC_000129,40.416411969311355,-3.70073033563474,2,2,InPost | UPS,"C. de la Cruz, 3",Bazar El Chollo | Cbd Premium Store,False,False,False,False,False,False,True,False,5,Convenience Store only,3,"Multiple companies, single service",2.93,1,High,False
madrid,MAD_LOC_000130,40.4146119950351,-3.70729036102281,1,1,InPost,"C. Imperial, 1",Locutorio Imperial,False,False,False,False,False,False,True,False,5,Convenience Store only,1,Single record,0.0,1,High,False
madrid,MAD_LOC_000131,40.412847115554364,-3.70380898760205,3,3,Celeritas | Ctt Express | InPost,"Calle del Dr Cortezo, 17",Estanco De Tirso | Estanco Tirso De Molina,False,False,False,False,False,False,True,False,5,Convenience Store only,3,"Multiple companies, single service",4.63,1,High,False
madrid,MAD_LOC_000132,40.4073072614008,-3.69436880019914,1,1,InPost,"Rda. de Atocha, 3",Locker Money Exchange Madrid,True,False,False,False,False,False,False,False,1,Locker only,1,Single record,0.0,1,High,False
madrid,MAD_LOC_000133,40.4161076094088,-3.70832374702195,1,1,InPost,CALLE MAYOR 43,Fun And Tickets,False,False,False,False,False,False,True,False,5,Convenience Store only,1,Single record,0.0,1,High,False
madrid,MAD_LOC_000134,40.419435377061,-3.70828429254041,1,1,InPost,"Cost.a de los Ángeles, 11",Are You Ready,False,False,False,False,False,False,True,False,5,Convenience Store only,1,Single record,0.0,1,High,False
madrid,MAD_LOC_000135,40.41987030316557,-3.708135625891,3,3,Gls | InPost | SEUR,"Cost.a de los Ángeles, 15",24h Market | Ps Locutorio Pars Market,False,False,False,False,False,False,True,False,5,Convenience Store only,3,"Multiple companies, single service",20.91,2,Medium,False
madrid,MAD_LOC_000136,40.41731320102487,-3.7087226755920635,3,3,Dhl | InPost | UPS,"C. de las Fuentes, 7",Pharma La Font,False,False,False,False,False,False,True,False,5,Convenience Store only,3,"Multiple companies, single service",8.19,1,High,False
madrid,MAD_LOC_000137,40.418608164957,-3.7041224501496597,2,2,InPost | SEUR,"C. de la Salud, 2",Locker 24/7 Parking Pl Del Carm | Seur Lockers Parking Bolto,True,False,False,False,False,False,False,False,1,Locker only,3,"Multiple companies, single service",4.55,1,High,False
madrid,MAD_LOC_000138,40.41618920030045,-3.7133693537249,2,2,Amazon | InPost,"Pl. de Ote., s/n | Pl. de Ote., s/n, Centro",Locker 24/7 Apk2 Plaza De Orien | Lockers University,True,False,False,False,False,False,False,False,1,Locker only,3,"Multiple companies, single service",2.48,1,High,False
madrid,MAD_LOC_000139,40.4187864578212,-3.71210676230519,1,1,InPost,Plaza de Oriente,"Plaza De Oriente, S/N",False,False,False,False,False,False,True,False,5,Convenience Store only,1,Single record,0.0,1,High,False
madrid,MAD_LOC_000140,40.4295946464378,-3.70842132330657,1,1,InPost,"C. de Alberto Aguilera, 9",24/7 Gasolinera Repsol,True,False,False,False,False,False,False,False,1,Locker only,1,Single record,0.0,1,High,False
madrid,MAD_LOC_000141,40.4317146743065,-3.71216763602234,1,1,InPost,"C. de Rodríguez San Pedro, 31",Locutorio Internet,False,False,False,False,False,False,True,False,5,Convenience Store only,1,Single record,0.0,1,High,False
madrid,MAD_LOC_000142,40.4339168704017,-3.70882149473503,1,1,InPost,"C. de Vallehermoso, 41",Restore 7,False,False,False,False,False,False,True,False,5,Convenience Store only,1,Single record,0.0,1,High,False
madrid,MAD_LOC_000143,40.43117765284902,-3.709153905609482,4,4,Gls | InPost | SEUR | UPS,"C. de Vallehermoso, 11 | Calle de Vallehermoso 11",Estanco Vallehermoso 204 | Expendeduria 204 | Ps Estanco Vallehermoso,False,False,False,False,False,False,True,False,5,Convenience Store only,3,"Multiple companies, single service",58.9,3,Review,True
madrid,MAD_LOC_000144,40.4268550196238,-3.7081040229948,1,1,InPost,"C. de la Palma, 67",Carapazona,False,False,False,False,False,False,True,False,5,Convenience Store only,1,Single record,0.0,1,High,False
madrid,MAD_LOC_000145,40.43389825835235,-3.7145253817299553,2,2,Gls | InPost,"C. de Andrés Mellado, 33",Ps Autoescuela Moretti | Solfai,False,False,False,False,False,False,True,False,5,Convenience Store only,3,"Multiple companies, single service",4.56,1,High,False
madrid,MAD_LOC_000146,40.4364298569432,-3.70844297642743,1,1,InPost,"C. de Fernández de los Ríos, 33",Shipxpress,False,False,False,False,False,False,True,False,5,Convenience Store only,1,Single record,0.0,1,High,False
madrid,MAD_LOC_000147,40.43188722249486,-3.7067277190849133,3,3,InPost | Pudo | SEUR,"C. de Rodríguez San Pedro, 8",Locker 24/7 Indigo Quevedo | Parking Indigo Quevedo | Seur Lockers Pk Quevedo,True,False,True,False,False,False,False,False,7,Multiple services,4,"Multiple companies, multiple services",17.34,2,Medium,False
madrid,MAD_LOC_000148,40.4237059038947,-3.707865476412667,3,3,Ctt Express | InPost | SEUR,"Calle de Antonio Grilo, 6",Locutorio Samy,False,False,False,False,False,False,True,False,5,Convenience Store only,3,"Multiple companies, single service",8.61,1,High,False
madrid,MAD_LOC_000149,40.4363647014302,-3.71107242060945,1,1,InPost,"C/ de Donoso Cortés, 41",Div Peluqueria Estetica,False,False,False,False,False,False,True,False,5,Convenience Store only,1,Single record,0.0,1,High,False
madrid,MAD_LOC_000150,40.4349525796065,-3.704601629035275,2,2,Gls | InPost,"C. de Bravo Murillo, 11",Movil Shop | Ps Movil Shop,False,False,False,False,False,False,True,False,5,Convenience Store only,3,"Multiple companies, single service",19.49,2,Medium,False
madrid,MAD_LOC_000151,40.43550231942527,-3.711596361976907,6,6,Amazon | Celeritas | Ctt Express | Dhl | Gls | InPost,"C. de Blasco de Garay, 43 | C. de Fernández de los Ríos, 60 | C. de Fernández de los Ríos, 77",Amazon Counter - Don Lector | De Buenas Tinta Chamberi | Don Lector | Happysim Fibra Express | Ps Don Lector,False,False,False,False,False,False,True,False,5,Convenience Store only,3,"Multiple companies, single service",20.63,2,Medium,False
madrid,MAD_LOC_000152,40.4363293035553,-3.71782656904771,1,1,InPost,"C. de Isaac Peral, 14",Nila Decoracion,False,False,False,False,False,False,True,False,5,Convenience Store only,1,Single record,0.0,1,High,False
madrid,MAD_LOC_000153,40.437622284385235,-3.7045188070920365,3,2,Ctt Express | InPost,"C. de Bravo Murillo, 41 | Pl. de los Mostenses, S/N",Frutos Secos Carmen | Locker 24/7 Saba Plaza Mostense,True,False,False,False,False,False,True,False,7,Multiple services,4,"Multiple companies, multiple services",6.0,1,High,False
madrid,MAD_LOC_000154,40.4379741826605,-3.7127886478917,1,1,InPost,"C. de Guzmán el Bueno, 66",Locutorio Internet,False,False,False,False,False,False,True,False,5,Convenience Store only,1,Single record,0.0,1,High,False
madrid,MAD_LOC_000155,40.4563982863813,-3.67566085000249,1,1,InPost,"C. de Chile, 14",Tortuga Imprime,False,False,False,False,False,False,True,False,5,Convenience Store only,1,Single record,0.0,1,High,False
madrid,MAD_LOC_000156,40.45897848806587,-3.6766086042628268,3,3,Amazon | InPost | SEUR,"Pl. de la R. Dominicana S/N | Pl. de la R. Dominicana, s/n",24/7 Indigo | Lockers Carquesa | Seur Lockers Pk Rpca Domin,True,False,False,False,False,False,False,False,1,Locker only,3,"Multiple companies, single service",43.66,3,Review,True
madrid,MAD_LOC_000157,40.4603877722333,-3.676876541661408,5,5,Amazon | Ctt Express | Gls | InPost | SEUR,"C. del Príncipe de Vergara, 291 | Calle del Príncipe de Vergara, 291",Mundo Del Movil | Mundo Movil Ppe De Vergar | Ps Movil Diagnostico Principe | Seur - Mundo Movil Ppe De Vergar,False,False,False,False,False,False,True,False,5,Convenience Store only,3,"Multiple companies, single service",91.98,3,Review,True
madrid,MAD_LOC_000158,40.45462862324982,-3.6789495208086818,5,4,Amazon | Celeritas | InPost | SEUR,"C. de Víctor Andrés Belaunde, 2",Estanco 401 | Estanco Moncloa | Expendeduria 401 | Seur Expendeduria 401,False,False,False,False,False,False,True,False,5,Convenience Store only,3,"Multiple companies, single service",38.4,3,Review,True
madrid,MAD_LOC_000159,40.46047039932573,-3.6756289183824826,4,4,Amazon | Ctt Express | Gls | InPost,"Av. de Alfonso XIII, 145",Alimentacion Xiaofen | Amazon Counter - Alimentacion Xiaofen | Ps Alimentacion Xiaofen,False,False,False,False,False,False,True,False,5,Convenience Store only,3,"Multiple companies, single service",22.68,2,Medium,False
madrid,MAD_LOC_000160,40.45427500083001,-3.6813469629998576,8,6,Amazon | Celeritas | Dhl | InPost | SEUR | UPS,"C. de la Infanta María Teresa, 8",Amazon Counter - Estanco Bernabéu - Paseo Habana | Estanco 869 Madrid | Estanco Bernabéu - Paseo Habana | Estanco Infanta - Paseo Habana | Expendeduria 869 | Seur Estanco 869,False,False,False,False,False,False,True,False,5,Convenience Store only,3,"Multiple companies, single service",26.05,2,Medium,False
madrid,MAD_LOC_000161,40.4634389305072,-3.6711001998383463,6,6,Celeritas | Ctt Express | InPost | Nacex | SEUR | UPS,"C. de la Drácena, 19",Estanco 416 | Estanco 416 Y Loterias | Estanco No 416 Madrid (2846-03) | Fnx-Estanco 416,False,False,False,False,False,False,True,False,5,Convenience Store only,3,"Multiple companies, single service",15.69,2,Medium,False
madrid,MAD_LOC_000162,40.467004936794496,-3.67366017489083,3,2,InPost | SEUR,"C. de los Caídos de la División Azul, 18 | CALLE VICTOR DE LA SERNA 7",Agm Arora Gestiones Y Mensajeri | Arora Gestiones Agm | Unioptica,False,False,False,False,False,False,True,False,5,Convenience Store only,3,"Multiple companies, single service",22.41,2,Medium,False
madrid,MAD_LOC_000163,40.429177232781534,-3.6452481170870965,3,3,Amazon | InPost | SEUR,"C. de Fco. Villaespesa, 10",Autoescuela Villajimena | Seur - Autoescuela Villajimena,False,False,False,False,False,False,True,False,5,Convenience Store only,3,"Multiple companies, single service",7.29,1,High,False
madrid,MAD_LOC_000164,40.42561740313495,-3.6503531782828054,2,2,Amazon | InPost,"Calle de Sta Felicidad, 20",Amazon Counter - Loterias Felicidad 20 | Loterias Felicidad 20,False,False,False,False,False,False,True,False,5,Convenience Store only,3,"Multiple companies, single service",33.76,3,Review,True
madrid,MAD_LOC_000165,40.4242903656773,-3.65444988809573,1,1,InPost,"Av. del Marqués de Corbera, 23",Gestorres Global Locutorio,False,False,False,False,False,False,True,False,5,Convenience Store only,1,Single record,0.0,1,High,False
madrid,MAD_LOC_000166,40.42901798508435,-3.639463283340443,4,4,Celeritas | Ctt Express | InPost | UPS,"C. de Emilio Ferrari, 88",Papeleria Minfi,False,False,False,False,False,False,True,False,5,Convenience Store only,3,"Multiple companies, single service",8.73,1,High,False
madrid,MAD_LOC_000167,40.4225318878561,-3.65463419854755,1,1,InPost,"C. de Ma Teresa Sáenz de Heredia, 7",Locutorio Y Transporte Orion,False,False,False,False,False,False,False,True,6,Other single service,1,Single record,0.0,1,High,True
madrid,MAD_LOC_000168,40.42164987188232,-3.6517496786706825,4,4,Amazon | Celeritas | InPost | SEUR,"C. del Poeta Blas de Otero, 32","Papeleria Adelfa | Papeleria Libreria Adelfa | Prensa,Papeleria Y Fotocopias | Seur - Papeleria Libreria Adelfa",False,False,False,False,False,False,True,False,5,Convenience Store only,3,"Multiple companies, single service",9.48,1,High,False
madrid,MAD_LOC_000169,40.43035543275225,-3.635895829729975,2,2,InPost | SEUR,"C/ de José Arcones Gil, 84",Papeleria Libreria Gonzal | Papeleria Libreria Gonzalo,False,False,False,False,False,False,True,False,5,Convenience Store only,3,"Multiple companies, single service",17.31,2,Medium,False
madrid,MAD_LOC_000170,40.4295754263135,-3.65360360964401,1,1,InPost,"Av. de Daroca, 56",Peluqueria Y Estetica Vilans,False,False,False,False,False,False,True,False,5,Convenience Store only,1,Single record,0.0,1,High,False
madrid,MAD_LOC_000171,40.43527082234135,-3.64294158062083,2,2,Ctt Express | InPost,"C. del Río Ulla, 3",Locutorio El Grande,False,False,False,False,False,False,True,False,5,Convenience Store only,3,"Multiple companies, single service",8.63,1,High,False
madrid,MAD_LOC_000172,40.4324070599973,-3.64075296261501,1,1,InPost,"C. de Vital Aza, 48",Electric Family,False,False,False,False,False,False,True,False,5,Convenience Store only,1,Single record,0.0,1,High,False
madrid,MAD_LOC_000173,40.4298610249984,-3.6582025029065,2,2,InPost | SEUR,"C. de Ricardo Ortiz, 8",Foto Rossny,False,False,False,False,False,False,True,False,5,Convenience Store only,3,"Multiple companies, single service",8.06,1,High,False
madrid,MAD_LOC_000174,40.4362168310289,-3.64105587035495,1,1,InPost,"C. de Vicente Espinel, 3",Locutorio Wilson,False,False,False,False,False,False,True,False,5,Convenience Store only,1,Single record,0.0,1,High,False
madrid,MAD_LOC_000175,40.4318570429113,-3.65738691781485,1,1,InPost,"C. de Alcalá, 234",Estanco Alcala 234,False,False,False,False,False,False,True,False,5,Convenience Store only,1,Single record,0.0,1,High,False
madrid,MAD_LOC_000176,40.427103242375566,-3.6348640265128167,3,3,Amazon | InPost | SEUR,"Calle de Portugalete, 17",Seur - Tribuna Libros | Tribuna Libros,False,False,False,False,False,False,True,False,5,Convenience Store only,3,"Multiple companies, single service",54.22,3,Review,True
madrid,MAD_LOC_000177,40.4283259340024,-3.6582132107014402,2,2,InPost | UPS,"C. de Ricardo Ortiz, 22",Bosco Shop | Print Camisetas,False,False,False,False,False,False,True,False,5,Convenience Store only,3,"Multiple companies, single service",3.69,1,High,False
madrid,MAD_LOC_000178,40.4203245907865,-3.62733960110455,1,1,InPost,"C. Paredes de Nava, 19",Frada Fruit,False,False,False,False,False,False,True,False,5,Convenience Store only,1,Single record,0.0,1,High,False
madrid,MAD_LOC_000179,40.3885022547458,-3.64911714742812,1,1,InPost,"C. del Arroyo del Olivar, 97",Cpumania,False,False,False,False,False,False,True,False,5,Convenience Store only,1,Single record,0.0,1,High,False
madrid,MAD_LOC_000180,40.38022239311003,-3.6558365450202035,3,3,Ctt Express | InPost | UPS,"C. Historias de la Radio, 4",Di+Moda | Dimoda,False,False,False,False,False,False,True,False,5,Convenience Store only,3,"Multiple companies, single service",32.58,3,Review,True
madrid,MAD_LOC_000181,40.39061031152685,-3.66251489084206,2,2,InPost | SEUR,"C. de Carlos Martín Álvarez, 11",Locker Lavanderia De Vallecas | Seur Locker Patas Felices,True,False,False,False,False,False,False,False,1,Locker only,3,"Multiple companies, single service",20.24,2,Medium,False
madrid,MAD_LOC_000182,40.3960422523631,-3.66207634354206,1,1,InPost,"C. de Carlos Martín Álvarez, 3",Santería Y Artículos Esotéricos Luna Mágica,False,False,False,False,False,False,True,False,5,Convenience Store only,1,Single record,0.0,1,High,False
madrid,MAD_LOC_000183,40.3883052370346,-3.66188989919648,1,1,InPost,"C. de Javier de Miguel, 28",Libreria Amaya,False,False,False,False,False,False,True,False,5,Convenience Store only,1,Single record,0.0,1,High,False
madrid,MAD_LOC_000184,40.3864340130757,-3.64660241561155,1,1,InPost,"Av. de Pablo Neruda, 72",Eva Pavon Formacion Peluqueria,False,False,False,False,False,False,True,False,5,Convenience Store only,1,Single record,0.0,1,High,False
madrid,MAD_LOC_000185,40.379148250770754,-3.659820935395145,2,2,Celeritas | InPost,"Tr.a de Felipe de Diego, 25",Alimentacion Bazar,False,False,False,False,False,False,True,False,5,Convenience Store only,3,"Multiple companies, single service",17.2,2,Medium,False
madrid,MAD_LOC_000186,40.3816626091079,-3.66388422814703,1,1,InPost,"Av. de Pablo Neruda, 91-97",Locker Cc Madrid Sur,True,False,False,False,False,False,False,False,1,Locker only,1,Single record,0.0,1,High,False
madrid,MAD_LOC_000187,40.3841330481083,-3.66788514776099,1,1,InPost,"C. del Puerto de la Morcuera, 6, local 2",Pretty Queens Nails,False,False,False,False,False,False,True,False,5,Convenience Store only,1,Single record,0.0,1,High,False
madrid,MAD_LOC_000188,40.38172851807025,-3.6672060241474,2,2,InPost | Nacex,"C. del Puerto de Balbarán, 49",Euroconexion Entrevias (2882-15) | Multiservicios Madhouse Entrevi,False,False,False,False,False,False,True,False,5,Convenience Store only,3,"Multiple companies, single service",30.94,3,Review,True
madrid,MAD_LOC_000189,40.3942321384589,-3.72210693951664,1,1,InPost,"Calle del Gral. Ricardos, 69",La Ventana Natural General Rica,False,False,False,False,False,False,True,False,5,Convenience Store only,1,Single record,0.0,1,High,False
madrid,MAD_LOC_000190,40.392791699615,-3.7334311790747,1,1,InPost,"C. Cañete, 2",Expendeduria 555,False,False,False,False,False,False,True,False,5,Convenience Store only,1,Single record,0.0,1,High,False
madrid,MAD_LOC_000191,40.39165534617415,-3.73157557259299,2,2,InPost | SEUR,"Av. de Pedro Diez, 21",Locker 24/7 Grupo Bolton Pedro | Seur Locker Parking Pedro,True,False,False,False,False,False,False,False,1,Locker only,3,"Multiple companies, single service",27.97,2,Medium,False
madrid,MAD_LOC_000192,40.3925651631052,-3.72501621081145,1,1,InPost,"C. Azabache, 4",Ferreteria Barrio,False,False,False,False,False,False,True,False,5,Convenience Store only,1,Single record,0.0,1,High,False
madrid,MAD_LOC_000193,40.39420754900021,-3.73877960183851,3,3,InPost | SEUR | UPS,"C. Castellflorite, 7",Copytex,False,False,False,False,False,False,True,False,5,Convenience Store only,3,"Multiple companies, single service",10.6,1,High,False
madrid,MAD_LOC_000194,40.39730163581078,-3.714157443239327,4,4,Celeritas | Ctt Express | Gls | InPost,"Calle de Antonio López, 7",Essenzia | Ps Essenzia,False,False,False,False,False,False,True,False,5,Convenience Store only,3,"Multiple companies, single service",16.03,2,Medium,False
madrid,MAD_LOC_000195,40.3961399184314,-3.71213770028845,1,1,InPost,"Calle de Antonio López, 36",Bolsos Mary,False,False,False,False,False,False,True,False,5,Convenience Store only,1,Single record,0.0,1,High,False
madrid,MAD_LOC_000196,40.39561992541995,-3.7118456465040204,2,2,InPost | SEUR,"C. Inmaculada Concepción, 6",Foto Juanjo | Seur Locker Foto Juanjo,True,False,False,False,False,False,True,False,7,Multiple services,4,"Multiple companies, multiple services",8.75,1,High,False
madrid,MAD_LOC_000197,40.3895544897504,-3.71629803989434,1,1,InPost,"C. de Antonio de Leyva, 80",Locker Supermercado Dia Calle A,True,False,False,False,False,False,False,False,1,Locker only,1,Single record,0.0,1,High,False
madrid,MAD_LOC_000198,40.394121387166,-3.71187997581217,1,1,InPost,"C. Inmaculada Concepción, 15",Locker Express Laundry Center C,True,False,False,False,False,False,False,False,1,Locker only,1,Single record,0.0,1,High,False
madrid,MAD_LOC_000199,40.387882431754,-3.72762010503896,2,2,InPost | UPS,"C. de Valle de Oro, 28",Molduras Perez,False,False,False,False,False,False,True,False,5,Convenience Store only,3,"Multiple companies, single service",20.09,2,Medium,False
madrid,MAD_LOC_000200,40.3939963637505,-3.70717659171881,1,1,InPost,"Calle de Antonio López, 67",Locker Supermercado Dia Calle A,True,False,False,False,False,False,False,False,1,Locker only,1,Single record,0.0,1,High,False
madrid,MAD_LOC_000201,40.386272136976025,-3.7200557495749664,6,6,Celeritas | Gls | InPost | Nacex | SEUR | UPS,"C. de la Vía, 30 | Calle de la Vía 30 local",Ps Triple B | Triple B Electrodomestico | Triple B Electrodomesticos | Triple B Electrodomesticos (2883-35),False,False,False,False,False,False,True,False,5,Convenience Store only,3,"Multiple companies, single service",24.73,2,Medium,False
madrid,MAD_LOC_000202,40.393111803400856,-3.708463313601175,4,4,Celeritas | Ctt Express | InPost | SEUR,"C. Pedro Yagüe, 2",Estanco Pedro Yague | Estanco Pedro Yagüe,False,False,False,False,False,False,True,False,5,Convenience Store only,3,"Multiple companies, single service",20.05,2,Medium,False
madrid,MAD_LOC_000203,40.387007591673,-3.72268637383919,1,1,InPost,"C. de la Vía, 2",Locker Lav La Wash C De La Via,True,False,False,False,False,False,False,False,1,Locker only,1,Single record,0.0,1,High,False
madrid,MAD_LOC_000204,40.3975183659004,-3.7178186588199,1,1,InPost,"C. de Vicenta Parra, 4",Quero,False,False,False,False,False,False,True,False,5,Convenience Store only,1,Single record,0.0,1,High,False
madrid,MAD_LOC_000205,40.45824890576232,-3.694174819425284,5,5,Amazon | InPost | Pudo | SEUR | UPS,"C. de Orense, 50",24/7 Indigo | Lockers Cadascuna | Parking Indigo Orense | Pkg Indigo Orense | Seur Lockers Pk Orense,True,False,True,False,False,False,True,False,7,Multiple services,4,"Multiple companies, multiple services",37.3,3,Review,True
madrid,MAD_LOC_000206,40.45352081005427,-3.695124893433918,4,4,Celeritas | Ctt Express | InPost | UPS,"C. de Orense, 35",Estanco | Estanco 504 | Estanco N 504,False,False,False,False,False,False,True,False,5,Convenience Store only,3,"Multiple companies, single service",6.44,1,High,False
madrid,MAD_LOC_000207,40.4550897810512,-3.69277150681452,1,1,InPost,"C. de Pedro Teixeira, 10",Interzoo,False,False,False,False,False,False,True,False,5,Convenience Store only,1,Single record,0.0,1,High,False
madrid,MAD_LOC_000208,40.4532920117736,-3.694119186332455,2,2,Amazon | InPost,"Av. del General Perón, 27",24/7 Parking Emt | Lockers Borao,True,False,False,False,False,False,False,False,1,Locker only,3,"Multiple companies, single service",38.54,3,Review,True
madrid,MAD_LOC_000209,40.45597437838785,-3.70054581399432,2,2,Correos | InPost,"C. de San Enrique, 16",Mercado San Enrique | Waterproof Lavanderia,True,False,False,False,False,False,False,False,1,Locker only,3,"Multiple companies, single service",6.09,1,High,False
madrid,MAD_LOC_000210,40.4584997285927,-3.70003088117126,1,1,InPost,"C. de Huesca, 3",Luis Locutorios,False,False,False,False,False,False,True,False,5,Convenience Store only,1,Single record,0.0,1,High,False
madrid,MAD_LOC_000211,40.4584817128411,-3.69144677658692,1,1,InPost,"P.o de la Castellana, 129",Locker 24/7 Parking Castellana,True,False,False,False,False,False,False,False,1,Locker only,1,Single record,0.0,1,High,False
madrid,MAD_LOC_000212,40.453059542742,-3.70159256369567,1,1,InPost,"C. de Ávila, 13",Kashem Telefonica Movil,False,False,False,False,False,False,True,False,5,Convenience Store only,1,Single record,0.0,1,High,False
madrid,MAD_LOC_000213,40.4616593201306,-3.698313646178725,2,2,InPost | SEUR,"C. de Bravo Murillo, 297",Europay Transpera | Seur Lockers Europhil Brav,True,False,False,False,False,False,True,False,7,Multiple services,4,"Multiple companies, multiple services",24.43,2,Medium,False
madrid,MAD_LOC_000214,40.4602431935169,-3.694552543135395,2,2,InPost | SEUR,"C. de Orense, 83",Estanco 863,False,False,False,False,False,False,True,False,5,Convenience Store only,3,"Multiple companies, single service",30.57,3,Review,True
madrid,MAD_LOC_000215,40.4601462928307,-3.69777490890054,1,1,InPost,"C. Lino, 9",Viajes Viacour,False,False,False,False,False,False,True,False,5,Convenience Store only,1,Single record,0.0,1,High,False
madrid,MAD_LOC_000216,40.4494113981513,-3.69853637585477,1,1,InPost,"C. del Aviador Zorita, 23",Comercial Basilica,True,False,False,False,False,False,False,False,1,Locker only,1,Single record,0.0,1,High,False
madrid,MAD_LOC_000217,40.46336641841479,-3.69640493895221,2,2,Amazon | InPost,"C. de Bravo Murillo, 308 | DIA Bravo Murillo, Calle de Bravo Murillo 308",Amazon Locker - Udaondo | Locker Supermercado Dia Calle B,True,False,False,False,False,False,True,False,7,Multiple services,4,"Multiple companies, multiple services",0.94,1,High,False
madrid,MAD_LOC_000218,40.4643766242736,-3.69646124950157,1,1,InPost,"C. de Bravo Murillo, 327",Sela Express,False,False,False,False,False,False,True,False,5,Convenience Store only,1,Single record,0.0,1,High,False
madrid,MAD_LOC_000219,40.44688589147957,-3.6966765632722898,3,3,Celeritas | Ctt Express | InPost,"C. de Raimundo Fernández Villaverde, 49",Estanco 216 | Estanco Exp. 216,False,False,False,False,False,False,True,False,5,Convenience Store only,3,"Multiple companies, single service",9.35,1,High,False
madrid,MAD_LOC_000220,40.4639599279782,-3.69520059013554,1,1,InPost,"C. de Oñate, 9",Jl Envios,False,False,False,False,False,False,True,False,5,Convenience Store only,1,Single record,0.0,1,High,False
madrid,MAD_LOC_000221,40.4492933244359,-3.7028148078960497,2,2,InPost | Nacex,"C. de Bravo Murillo, 122",Amuleto Maravilla (2861-09) | Mandalo Market,False,False,False,False,False,False,True,False,5,Convenience Store only,3,"Multiple companies, single service",25.57,2,Medium,False
madrid,MAD_LOC_000222,40.4485487393613,-3.70282256116872,1,1,InPost,"C. de Hernani, 9",Herbolario Hernani,False,False,False,False,False,False,True,False,5,Convenience Store only,1,Single record,0.0,1,High,False
madrid,MAD_LOC_000223,40.34605500949845,-3.711043136104525,2,2,InPost | Nacex,"C. de la Aladierna, 9",Euroconexion Villaverde Alto (2882-19) | Multiservicios Madhouse Villave,False,False,False,False,False,False,True,False,5,Convenience Store only,3,"Multiple companies, single service",19.2,2,Medium,False
madrid,MAD_LOC_000224,40.34642198972197,-3.708283601975527,3,3,Celeritas | Ctt Express | InPost,"Calle del Dr. Martín Arévalo, 4",Estanco - Madrid 763 | Estanco Madrid 763,False,False,False,False,False,False,True,False,5,Convenience Store only,3,"Multiple companies, single service",24.29,2,Medium,False
madrid,MAD_LOC_000225,40.348475878809296,-3.706280960518185,2,2,Ctt Express | InPost,"Av. Real de Pinto, 6",Locutorio Sunmoon 2,False,False,False,False,False,False,True,False,5,Convenience Store only,3,"Multiple companies, single service",19.97,2,Medium,False
madrid,MAD_LOC_000226,40.3409413039679,-3.68626014694503,1,1,InPost,"C. de Godella, 321",Locutorio Pronto Pago 1,False,False,False,False,False,False,True,False,5,Convenience Store only,1,Single record,0.0,1,High,False
madrid,MAD_LOC_000227,40.34373793783197,-3.716380802671893,3,3,InPost | Nacex | SEUR,"P.o de Alberto Palacios, 82",Estanco Alberto Palacios | Estanco Madrid 382 | Estanco Madrid 382 (2882-22),False,False,False,False,False,False,True,False,5,Convenience Store only,3,"Multiple companies, single service",31.71,3,Review,True
madrid,MAD_LOC_000228,40.349761199152,-3.690437880875855,2,2,Amazon | InPost,"C. Esperanza Macarena, 22",Amazon Counter - Regalos Y Algo Más | Regalos Y Algo Mas,False,False,False,False,False,False,True,False,5,Convenience Store only,3,"Multiple companies, single service",7.8,1,High,False
madrid,MAD_LOC_000229,40.3426547958308,-3.68500764826671,1,1,InPost,"C. de Rocafort, 76",Noble Telecom Madrid,False,False,False,False,False,False,True,False,5,Convenience Store only,1,Single record,0.0,1,High,False
madrid,MAD_LOC_000230,40.3507255239708,-3.687343191835802,4,4,Celeritas | Ctt Express | Gls | InPost,"Calle Encarnación Oviol, 48",Locutorio Medina | Ps Locutorio Medina,False,False,False,False,False,False,True,False,5,Convenience Store only,3,"Multiple companies, single service",17.58,2,Medium,False
madrid,MAD_LOC_000231,40.35262222513103,-3.684625160558717,3,3,Amazon | InPost | SEUR,"C. de Juan José Martínez Seco, 82",Amazon Counter - Locutorio Zulema | Locutorio Zulema,False,False,False,False,False,False,True,False,5,Convenience Store only,3,"Multiple companies, single service",13.32,1,High,False
madrid,MAD_LOC_000232,40.4447210008094,-3.5953665173614664,3,3,Celeritas | Ctt Express | InPost,"C. Once, 2 | C. Once, 2, LOCAL 4",El Rincon De La Lectura,False,False,False,False,False,False,True,False,5,Convenience Store only,3,"Multiple companies, single service",16.81,2,Medium,False
madrid,MAD_LOC_000233,40.449312479138,-3.56541825132347,1,1,InPost,"CR, N-2, P.K. 12,60 D",Locker 24/7 Repsol Cred Barajas,True,False,False,False,False,False,False,False,1,Locker only,1,Single record,0.0,1,High,False
madrid,MAD_LOC_000234,40.4333428475413,-3.60111639952449,1,1,InPost,"Av. de Arcentales, 39",Locker 24/7 Emt Parking E Metro,True,False,False,False,False,False,False,False,1,Locker only,1,Single record,0.0,1,High,False
madrid,MAD_LOC_000235,40.4378053649311,-3.60160305144731,1,1,InPost,"Av. de Luis Aragonés, 4",Locker 24/7 Estadio Civitas Met,True,False,False,False,False,False,False,False,1,Locker only,1,Single record,0.0,1,High,False
madrid,MAD_LOC_000236,40.43533292470767,-3.611338094463773,3,3,Ctt Express | InPost | SEUR,"C. de Troya, 32",Locutorio Jlm,False,False,False,False,False,False,True,False,5,Convenience Store only,3,"Multiple companies, single service",21.04,2,Medium,False
madrid,MAD_LOC_000237,40.4378405239231,-3.61183477455294,1,1,InPost,"C. de Fenelón, 5",Papeleria Prensa Cervantes,False,False,False,False,False,False,True,False,5,Convenience Store only,1,Single record,0.0,1,High,False
madrid,MAD_LOC_000238,40.4302932850115,-3.60997985102846,2,2,Celeritas | InPost,"C. de Julia García Boután, 5",Locutorio Las Musas,False,False,False,False,False,False,True,False,5,Convenience Store only,3,"Multiple companies, single service",7.25,1,High,False
madrid,MAD_LOC_000239,40.42848604287002,-3.6011791387331202,7,7,Celeritas | Ctt Express | Dhl | InPost | Nacex | SEUR | UPS,"C. de Sofía, 56 | C. de Sofía, 56, LOCAL 2",Bel Art | Fnx-Belart | Odin Papelería Fotografía (2828-20) | Papeleria Fotografia Odin | Papelería Odín,False,False,False,False,False,False,True,False,5,Convenience Store only,3,"Multiple companies, single service",21.7,2,Medium,False
madrid,MAD_LOC_000240,40.4488804818175,-3.60823107081394,1,1,InPost,"C/ de Boltaña, 73",Alimentacion Y Panaderia,False,False,False,False,False,False,True,False,5,Convenience Store only,1,Single record,0.0,1,High,False
madrid,MAD_LOC_000241,40.441744886660565,-3.6108378743101404,3,3,Celeritas | Ctt Express | InPost,"C. Ribadumia, 2",Estanco Vega,False,False,False,False,False,False,True,False,5,Convenience Store only,3,"Multiple companies, single service",15.35,2,Medium,False
madrid,MAD_LOC_000242,40.448007421838724,-3.609537710015557,4,4,Amazon | Celeritas | InPost | SEUR,"C/ de Boltaña, 59",Amazon Counter - New Mascota Canillejas | New Mascota Canillejas,False,False,False,False,False,False,True,False,5,Convenience Store only,3,"Multiple companies, single service",23.58,2,Medium,False
madrid,MAD_LOC_000243,40.42330266628582,-3.6067985045329047,4,4,Celeritas | Ctt Express | Dhl | InPost,"C. de Suecia, 21",Papeleria & Hobby | Papeleria &Hobby | Papeleria Alfilbe Las Rosas,False,False,False,False,False,False,True,False,5,Convenience Store only,3,"Multiple companies, single service",18.68,2,Medium,False
madrid,MAD_LOC_000244,40.44548629812585,-3.612737968041865,2,2,Amazon | InPost,"C/ de Boltaña, 40",Amazon Counter - Gran Bazar Plaza China | Gran Bazar Plaza China,False,False,False,False,False,False,True,False,5,Convenience Store only,3,"Multiple companies, single service",4.56,1,High,False
madrid,MAD_LOC_000245,40.4460316684187,-3.60912616744005,2,2,Amazon | InPost,"Calle de San Faustino, 20",Amazon Locker - Edgar Supermercado | Locker Supermercado Dia Calle D,True,False,False,False,False,False,False,False,1,Locker only,3,"Multiple companies, single service",3.23,1,High,False
madrid,MAD_LOC_000246,40.44514905695857,-3.6139585355768866,3,3,Amazon | InPost | SEUR,"C. de San Mariano, 3 | Calle San Mariano 3 semiesquina",Amazon Locker - Chaola Lavanderia | Locker San Mariano 3 Lava Y Sec | Seur Locker Lavanderia Sa,True,False,False,False,False,False,False,False,1,Locker only,3,"Multiple companies, single service",16.19,2,Medium,False
madrid,MAD_LOC_000247,40.42630271929795,-3.6062949681775853,2,2,Dhl | InPost,"Av. de Niza, 5",Casa Cuadro,False,False,False,False,False,False,True,False,5,Convenience Store only,3,"Multiple companies, single service",28.62,2,Medium,False
madrid,MAD_LOC_000248,40.4591783020617,-3.78180014126251,1,1,InPost,"C. Olivo, 32",Frutos Secos Olivo,False,False,False,False,False,False,True,False,5,Convenience Store only,1,Single record,0.0,1,High,False
madrid,MAD_LOC_000249,40.4579763812121,-3.7855658838652,1,1,InPost,"Av. de la Galaxia, 20",Cafe Bar El Garaje,False,False,False,False,False,False,True,False,5,Convenience Store only,1,Single record,0.0,1,High,False
madrid,MAD_LOC_000250,40.46916690802115,-3.82007070896114,2,2,Amazon | InPost,"Av. de la Victoria, 34 | EL PLANTIO, Av. de la Victoria, 34",Amazon Locker - Raiz Repsol | Locker 24/7 Repsol Aravaca El P,True,False,False,False,False,False,False,False,1,Locker only,3,"Multiple companies, single service",5.48,1,High,False
madrid,MAD_LOC_000251,40.37943419461216,-3.792692624746296,8,7,Amazon | Celeritas | Correos | Ctt Express | InPost | Nacex | UPS,"P.o de los Lanceros, 2",Amazon Counter - Beverly | Beverly | Beverly Beer | Beverly Bovel (2883-27) | Cafeteria Beverly-Beer | Cc Lanceros | Citypaq Lockers-Cc Lanceros | Peluqueria Canina Cuatro Viento,True,True,False,False,False,False,True,False,3,Locker and PUDO,4,"Multiple companies, multiple services",68.74,3,Review,True
madrid,MAD_LOC_000252,40.388082761000604,-3.7623005194108847,2,2,Ctt Express | InPost,"C. de Maqueda, 134 | C. de Maqueda, 134, local 2",Smart Repair | Smartrepair,False,False,False,False,False,False,True,False,5,Convenience Store only,3,"Multiple companies, single service",5.5,1,High,False
madrid,MAD_LOC_000253,40.3977707946528,-3.76166778279073,1,1,InPost,"C. de Escalona, 12",Estanco 648,False,False,False,False,False,False,True,False,5,Convenience Store only,1,Single record,0.0,1,High,False
madrid,MAD_LOC_000254,40.393504249363346,-3.7606814264213453,2,2,InPost | SEUR,"C. de Illescas, 145",Taymar,False,False,False,False,False,False,True,False,5,Convenience Store only,3,"Multiple companies, single service",5.83,1,High,False
madrid,MAD_LOC_000255,40.3978655194102,-3.75843337319774,1,1,InPost,"C. de Seseña, 7",Locker 24/7 Farmacia Sesena 7,True,False,False,False,False,False,False,False,1,Locker only,1,Single record,0.0,1,High,False
madrid,MAD_LOC_000256,40.3970679381503,-3.77167890568646,1,1,InPost,"C/ de Villaviciosa, 40",Herbolario Hierbabuena I,False,False,False,False,False,False,True,False,5,Convenience Store only,1,Single record,0.0,1,High,False
madrid,MAD_LOC_000257,40.3992976049349,-3.77244808093249,1,1,InPost,"C. de Galicia, 52",La Casa Del Cartucho,False,False,False,False,False,False,True,False,5,Convenience Store only,1,Single record,0.0,1,High,False
madrid,MAD_LOC_000258,40.3816464895602,-3.7308269611103,1,1,InPost,"C. del Camino Viejo de Leganés, 177",Locker Supermercado Dia Cam Vie,True,False,False,False,False,False,False,False,1,Locker only,1,Single record,0.0,1,High,False
madrid,MAD_LOC_000259,40.375038292608274,-3.7428114400468235,3,3,InPost | SEUR | UPS,"C. Aliseda, 32 | P.o Castellanos, 65",Full-Locutorio Khan 2 | Locutorio Khan 2,False,False,False,False,False,False,True,False,5,Convenience Store only,3,"Multiple companies, single service",23.61,2,Medium,False
madrid,MAD_LOC_000260,40.3839996370158,-3.72996929292517,1,1,InPost,"C. Jilguero, 4",Tintoreria Casablanca,False,False,False,False,False,False,True,False,5,Convenience Store only,1,Single record,0.0,1,High,False
madrid,MAD_LOC_000261,40.3847159511262,-3.7303752303585,1,1,InPost,"Pl. Tarifa, 1",Locker Lavanderia Bloomet Carab,True,False,False,False,False,False,False,False,1,Locker only,1,Single record,0.0,1,High,False
madrid,MAD_LOC_000262,40.3820092579466,-3.74282674966052,2,2,InPost | SEUR,"C. de Eugenia de Montijo, 29",La Tienda Del Barrio,False,False,False,False,False,False,True,False,5,Convenience Store only,3,"Multiple companies, single service",6.67,1,High,False
madrid,MAD_LOC_000263,40.373850568839835,-3.7432765892701334,3,3,InPost | Pudo | SEUR,"Av. de los Poblados, 83",Gasolinera Galp Avenida De Los Poblados | Locker 24/7 Galp Madrid Argenti | Seur Locker Galp Poblados,True,False,True,False,False,False,False,False,7,Multiple services,4,"Multiple companies, multiple services",22.88,2,Medium,False
madrid,MAD_LOC_000264,40.378234973192,-3.7481557130144645,7,7,Ctt Express | Dhl | Gls | InPost | Nacex | SEUR | UPS,"C. de Eugenia de Montijo, 63 | C. de Eugenia de Montijo, 65 | Calle de Eugenia de Montijo 63 - local",Master Ocio | Master Ocio (2883-22) | Ps Master Ocio S.L.U,False,False,False,False,False,False,True,False,5,Convenience Store only,3,"Multiple companies, single service",36.22,3,Review,True
madrid,MAD_LOC_000265,40.3878674103904,-3.73620170578914,1,1,InPost,"C. de Matilde Hernández, 78",Herbolario Rincon Verde Mavione,False,False,False,False,False,False,True,False,5,Convenience Store only,1,Single record,0.0,1,High,False
madrid,MAD_LOC_000266,40.3860497222018,-3.74104268481267,1,1,InPost,"P.o de Marcelino Camacho, 19",Libreria Papeleria Carabanchel,False,False,False,False,False,False,True,False,5,Convenience Store only,1,Single record,0.0,1,High,False
madrid,MAD_LOC_000267,40.386594162073,-3.73887436679212,1,1,InPost,"C. de Matilde Hernández, 100",Charcuteria Frey,False,False,False,False,False,False,True,False,5,Convenience Store only,1,Single record,0.0,1,High,False
madrid,MAD_LOC_000268,40.3897849466315,-3.73406824314063,1,1,InPost,"C. de la Oca, 26",Expendeduria 464,False,False,False,False,False,False,True,False,5,Convenience Store only,1,Single record,0.0,1,High,False
madrid,MAD_LOC_000269,40.3913122973786,-3.7376673770955264,3,3,Dhl | InPost | SEUR,"Av. de Ntra. Sra. de Valvanera, 91",Tizas 91 | Tizas91,False,False,False,False,False,False,True,False,5,Convenience Store only,3,"Multiple companies, single service",13.48,1,High,False
madrid,MAD_LOC_000270,40.38881070604522,-3.7417856843208472,4,4,Amazon | Correos | InPost | SEUR,"C. de la Laguna, 115 | C. de la Oca, 88",Carrefour | Ecoink Carabanchel | Ecoink Oca 88 | Seur - Ecoink Carabanchel,True,False,False,False,False,False,True,False,7,Multiple services,4,"Multiple companies, multiple services",19.31,2,Medium,False
madrid,MAD_LOC_000271,40.3915890773859,-3.74233522887804,1,1,InPost,"C. de la Laguna, 16",Madrid 516,False,False,False,False,False,False,True,False,5,Convenience Store only,1,Single record,0.0,1,High,False
madrid,MAD_LOC_000272,40.3860960339129,-3.70550083444451,1,1,InPost,"C. de Marcelo Usera, 71",Locker Money Exchange Usera,True,False,False,False,False,False,False,False,1,Locker only,1,Single record,0.0,1,High,False
madrid,MAD_LOC_000273,40.3871380610286,-3.70603827183682,1,1,InPost,"C. de Nicolás Usera, 4",Alimentacion Rosmery,False,False,False,False,False,False,True,False,5,Convenience Store only,1,Single record,0.0,1,High,False
madrid,MAD_LOC_000274,40.3857266773653,-3.70903323077442,1,1,InPost,"C. de Marcelo Usera, 117",Aromas Artesanales,False,False,False,False,False,False,True,False,5,Convenience Store only,1,Single record,0.0,1,High,False
madrid,MAD_LOC_000275,40.3837254732764,-3.70319954668041,1,1,InPost,"C. de Dolores Barranco, 8",Que Me Das,False,False,False,False,False,False,True,False,5,Convenience Store only,1,Single record,0.0,1,High,False
madrid,MAD_LOC_000276,40.3831171741307,-3.70967695698654,1,1,InPost,"C. de Dolores Barranco, 80",Locker La Wash Dolores Barranco,True,False,False,False,False,False,False,False,1,Locker only,1,Single record,0.0,1,High,False
madrid,MAD_LOC_000277,40.38876251533721,-3.707823562659402,5,5,Celeritas | Gls | InPost | SEUR | UPS,"C. de la Cuesta, 15",Damalar Viajes | Ps Damalar,False,False,False,False,False,False,True,False,5,Convenience Store only,3,"Multiple companies, single service",21.89,2,Medium,False
madrid,MAD_LOC_000278,40.3799350046857,-3.7046072756234003,3,3,Amazon | InPost | SEUR,"C. Cristo de la Victoria, 113",Libreria Trazos | Papeleria Libreria Trazos | Seur - Papeleria Libreria Trazos,True,False,False,False,False,False,True,False,7,Multiple services,4,"Multiple companies, multiple services",30.94,3,Review,True
madrid,MAD_LOC_000279,40.3876864640436,-3.70292718806417,1,1,InPost,"C. del Olvido, 1",Spirits Viajes Madrid,False,False,False,False,False,False,True,False,5,Convenience Store only,1,Single record,0.0,1,High,False
madrid,MAD_LOC_000280,40.3862345880564,-3.70051263050059,1,1,InPost,"C. de Jesús del Gran Poder, 50",Estanco Valera,False,False,False,False,False,False,True,False,5,Convenience Store only,1,Single record,0.0,1,High,False
madrid,MAD_LOC_000281,40.38980166420637,-3.699874420596893,3,3,Celeritas | Ctt Express | InPost,"C. San Armengol, 5",El Dedal De Cristal,False,False,False,False,False,False,True,False,5,Convenience Store only,3,"Multiple companies, single service",19.71,2,Medium,False
madrid,MAD_LOC_000282,40.3810954627845,-3.6984519460292002,2,2,InPost | SEUR,"C. Tomelloso, 13",Alimentacion Lili,False,False,False,False,False,False,True,False,5,Convenience Store only,3,"Multiple companies, single service",10.58,1,High,False
madrid,MAD_LOC_000283,40.3819717287381,-3.71398083573791,1,1,InPost,"C. de Marina Usera, 10",Locker Express Laundry Center,True,False,False,False,False,False,False,False,1,Locker only,1,Single record,0.0,1,High,False
madrid,MAD_LOC_000284,40.3810480254004,-3.7130840777721335,3,3,Amazon | InPost | UPS,"Av Cerro de los Ángeles, 1 | Av Cerro de los Ángeles, 1, LOCAL C | Av Cerro de los Ángeles, 1c",Amazon Counter - Esperanza Locutorio | Esperanza Locutorio | Kanguro Esperanza Loc Y Envio,False,False,False,False,False,False,True,False,5,Convenience Store only,3,"Multiple companies, single service",28.63,2,Medium,False
madrid,MAD_LOC_000285,40.3914656624638,-3.701448933746245,2,2,InPost | SEUR,"Av del Manzanares, 210",Aromas Artesanales Cc Plaza Rio | Aromas Artesanales Plaza,False,False,False,False,False,False,True,False,5,Convenience Store only,3,"Multiple companies, single service",7.37,1,High,False
madrid,MAD_LOC_000286,40.4409455842728,-3.64384310679676,1,1,InPost,"C. de José del Hierro, 41",La Boutique Del Rotulo,False,False,False,False,False,False,True,False,5,Convenience Store only,1,Single record,0.0,1,High,False
madrid,MAD_LOC_000287,40.4391816496689,-3.64808383578478,1,1,InPost,"C/ de Virgen del Portillo, 39",Europinturas,False,False,False,False,False,False,True,False,5,Convenience Store only,1,Single record,0.0,1,High,False
madrid,MAD_LOC_000288,40.438708692070605,-3.6509737012107,2,2,Ctt Express | InPost,"C. Virgen del Sagrario, 34",Huerta De Amin,False,False,False,False,False,False,True,False,5,Convenience Store only,3,"Multiple companies, single service",5.8,1,High,False
madrid,MAD_LOC_000289,40.4382245208116,-3.64031990066613,1,1,InPost,"C. de Florencio García, 6",Locutorio El Encuentro 2,False,False,False,False,False,False,True,False,5,Convenience Store only,1,Single record,0.0,1,High,False
madrid,MAD_LOC_000290,40.4363854495413,-3.64586289286239,1,1,InPost,"C. de Federico Gutiérrez, 22",Latelier De Flor,False,False,False,False,False,False,True,False,5,Convenience Store only,1,Single record,0.0,1,High,False
madrid,MAD_LOC_000291,40.4366900630187,-3.64717864101463,1,1,InPost,"C. de Emilio Gastesi Fernández, 22",Cafe Bar 204,False,False,False,False,False,False,True,False,5,Convenience Store only,1,Single record,0.0,1,High,False
madrid,MAD_LOC_000292,40.4392054569027,-3.63501581293788,1,1,InPost,"C. de Alcalá, 451",Locker Supermercado Dia Calle A,True,False,False,False,False,False,False,False,1,Locker only,1,Single record,0.0,1,High,False
madrid,MAD_LOC_000293,40.4345219762059,-3.655541285784115,2,2,InPost | SEUR,"C. de Virgen de Lluc, 4",Herbolario Mygreen.Es | Herbolario Mygreenes,False,False,False,False,False,False,True,False,5,Convenience Store only,3,"Multiple companies, single service",9.58,1,High,False
madrid,MAD_LOC_000294,40.43292673082803,-3.6519566814421176,6,5,Dhl | InPost | Pudo | SEUR | UPS,"C. de Alcalá, 311",Autoescuela Calderón Iv Alcala 311 | Denver75 | Locker Denver75 Servicios Sl | Seur Locker Calderon Alca,True,False,True,False,False,False,True,False,7,Multiple services,4,"Multiple companies, multiple services",27.11,2,Medium,False
madrid,MAD_LOC_000295,40.4328676445885,-3.65015879418925,1,1,InPost,"C. de Alcalá, 296",Lusai Informatica,False,False,False,False,False,False,True,False,5,Convenience Store only,1,Single record,0.0,1,High,False
madrid,MAD_LOC_000296,40.44063392884515,-3.62970004163795,2,2,InPost | SEUR,"C. de Alcalá, 499",Estanco Alcala 499 | Expendiduria 535,False,False,False,False,False,False,True,False,5,Convenience Store only,3,"Multiple companies, single service",6.42,1,High,False
madrid,MAD_LOC_000297,40.43220616031875,-3.65464523138183,2,2,Ctt Express | InPost,"C. de Alcalá, 256",Asiya Telecom,False,False,False,False,False,False,True,False,5,Convenience Store only,3,"Multiple companies, single service",5.54,1,High,False
madrid,MAD_LOC_000298,40.4302159131831,-3.66523593760446,1,1,InPost,"C. de Alcalá, 227",Estanco Ventas,False,False,False,False,False,False,True,False,5,Convenience Store only,1,Single record,0.0,1,High,False
madrid,MAD_LOC_000299,40.43247979982513,-3.66757549185076,3,3,Ctt Express | InPost | SEUR,"Av. de los Toreros, 43",El Geniux | El Geniux Impresion Digital,False,False,False,False,False,False,True,False,5,Convenience Store only,3,"Multiple companies, single service",5.81,1,High,False
madrid,MAD_LOC_000300,40.43138393939124,-3.671006781020722,5,5,Amazon | Dhl | InPost | SEUR | UPS,"C/ de Francisco Silvela, 20",Bazar De Buena Tinta | De Buena Tinta | Debuenatinta | Seur - De Buena Tinta,False,False,False,False,False,False,True,False,5,Convenience Store only,3,"Multiple companies, single service",30.13,3,Review,True
madrid,MAD_LOC_000301,40.42683578736835,-3.66643979310714,2,2,Gls | InPost,"P.o del Marqués de Zafra, 17",Em Movil | Ps Em Movil Zafra,False,False,False,False,False,False,True,False,5,Convenience Store only,3,"Multiple companies, single service",23.77,2,Medium,False
madrid,MAD_LOC_000302,40.43422999827814,-3.664583816870265,5,5,Ctt Express | Gls | InPost | Pudo | SEUR,"Calle de Colomer, 3 | Calle de Colomer, 3, local 3",Mundo Del Movil | Mundo Movil Colomer | Ps Mundo Movil Diagnostico Colomer,False,False,True,False,False,False,True,False,7,Multiple services,4,"Multiple companies, multiple services",13.89,1,High,False
madrid,MAD_LOC_000303,40.4356589450752,-3.66796934402949,1,1,InPost,"C. de Francisco Santos, 29",Locker Lavandviva Tere,True,False,False,False,False,False,False,False,1,Locker only,1,Single record,0.0,1,High,False
madrid,MAD_LOC_000304,40.4373418948126,-3.67044526298219,1,1,InPost,"C. de Cartagena, 62",Locker Lavapiu Cartagena,True,False,False,False,False,False,False,False,1,Locker only,1,Single record,0.0,1,High,False
madrid,MAD_LOC_000305,40.4245676947784,-3.66690980034629,1,1,InPost,"C. de Antonio Toledano, 28",Decomisos Hobby,False,False,False,False,False,False,True,False,5,Convenience Store only,1,Single record,0.0,1,High,False
madrid,MAD_LOC_000306,40.436278859722,-3.6756306586682057,5,5,Celeritas | Ctt Express | InPost | SEUR | UPS,"C/ de Francisco Silvela, 72",La Casa Del Cartucho,False,False,False,False,False,False,True,False,5,Convenience Store only,3,"Multiple companies, single service",20.71,2,Medium,False
madrid,MAD_LOC_000307,40.4405740390024,-3.66278716593347,1,1,InPost,"Av. de Bruselas, 66",Estanco Av Bruselas 66,False,False,False,False,False,False,True,False,5,Convenience Store only,1,Single record,0.0,1,High,False
madrid,MAD_LOC_000308,40.4378334856518,-3.67641578470345,1,1,InPost,"Av. de América, 4",Mioptico Avenida De America,False,False,False,False,False,False,True,False,5,Convenience Store only,1,Single record,0.0,1,High,False
madrid,MAD_LOC_000309,40.43562588475206,-3.673359802075977,3,3,Ctt Express | InPost | SEUR,"C. de Ardemans, 44",Locutorio Marandu,False,False,False,False,False,False,True,False,5,Convenience Store only,3,"Multiple companies, single service",17.32,2,Medium,False
madrid,MAD_LOC_000310,40.478609546067,-3.69914100514753,1,1,InPost,"C. de Melchor Fernández Almagro, 14",Quiosco Prensa Pablo,False,False,False,False,False,False,True,False,5,Convenience Store only,1,Single record,0.0,1,High,False
madrid,MAD_LOC_000311,40.4778584134339,-3.702669275668725,2,2,InPost | SEUR,"C. de Melchor Fernández Almagro, 34",Rsm Artes Graficas,False,False,False,False,False,False,True,False,5,Convenience Store only,3,"Multiple companies, single service",20.39,2,Medium,False
madrid,MAD_LOC_000312,40.474054235748156,-3.70066198437741,2,2,InPost | SEUR,"C. de Sinesio Delgado, 15",24/7 Galp | Seur Lockers Galp Sinesio,True,False,False,False,False,False,False,False,1,Locker only,3,"Multiple companies, single service",9.34,1,High,False
madrid,MAD_LOC_000313,40.4799708757163,-3.70704445249233,1,1,InPost,"Av. de Monforte de Lemos, 36",Mioptico La Vaguada,False,False,False,False,False,False,True,False,5,Convenience Store only,1,Single record,0.0,1,High,False
madrid,MAD_LOC_000314,40.4779587427008,-3.7040880134543133,3,3,Celeritas | Ctt Express | InPost,"C. de Ginzo de Limia, 25",El Kiosko De Jesus,False,False,False,False,False,False,True,False,5,Convenience Store only,3,"Multiple companies, single service",58.9,3,Review,True
madrid,MAD_LOC_000315,40.471219143866115,-3.700038732842321,9,8,Celeritas | Dhl | Gls | InPost | Nacex | Pudo | SEUR | UPS,"C. de Álvarez, 19 | C. de Álvarez, 19, Local 1 | C. de Álvarez, 19, Planta baja, Local 1",Envios Masivo | Envios Masivos | Envíos Masivo (2845-10) | Inversiones Masivo | Inversiones Masivo S.L. | Ps Envíos Masivo | Seur Lockers Inv Masivos,True,False,True,False,False,False,True,False,7,Multiple services,4,"Multiple companies, multiple services",21.74,2,Medium,False
madrid,MAD_LOC_000316,40.4776610261426,-3.7078459704627997,2,2,InPost | Nacex,"Pl. de Fonsagrada, 5",Envios Yien | Envios Yien (2845-13),False,False,False,False,False,False,True,False,5,Convenience Store only,3,"Multiple companies, single service",3.85,1,High,False
madrid,MAD_LOC_000317,40.47151829104555,-3.6930717985827997,2,2,Amazon | InPost,"C. de los Mártires de la Ventilla, 85",Locutorio Silver Envios Ii | Silver Envios 2,False,False,False,False,False,False,True,False,5,Convenience Store only,3,"Multiple companies, single service",11.0,1,High,False
madrid,MAD_LOC_000318,40.470875056842,-3.69035080995004,1,1,InPost,"C. de Alemania, 10",Unide Market,False,False,False,False,False,False,True,False,5,Convenience Store only,1,Single record,0.0,1,High,False
madrid,MAD_LOC_000319,40.4675262745724,-3.70468089284784,1,1,InPost,"C. del Capitán Blanco Argibay, 138",Beauty Bar,False,False,False,False,False,False,True,False,5,Convenience Store only,1,Single record,0.0,1,High,False
madrid,MAD_LOC_000320,40.47809197471153,-3.7137635494272967,3,3,Celeritas | InPost | SEUR,"C. del Puerto de Maspalomas, 4 | C. del Puerto de Maspalomas, 4 Posterior | C. del Puerto de Maspalomas, 6",Adalve Opticas | Adalve Óptica | Vartex Informatica,False,False,False,False,False,False,True,False,5,Convenience Store only,3,"Multiple companies, single service",5.31,1,High,False
madrid,MAD_LOC_000321,40.4727729136151,-3.71155342298843,1,1,InPost,"C/ de Ribadavia, 3",Supermercado Dia,True,False,False,False,False,False,False,False,1,Locker only,1,Single record,0.0,1,High,False
madrid,MAD_LOC_000322,40.4731970986451,-3.7118513408690452,2,2,InPost | SEUR,"Av. de Betanzos, 14",Ferreteria Alvaro,False,False,False,False,False,False,True,False,5,Convenience Store only,3,"Multiple companies, single service",29.67,2,Medium,False
madrid,MAD_LOC_000323,40.4677877113069,-3.70150494498065,1,1,InPost,"C. del Capitán Blanco Argibay, 84, Local 6",Egalan Abogados,False,False,False,False,False,False,True,False,5,Convenience Store only,1,Single record,0.0,1,High,False
madrid,MAD_LOC_000324,40.47397813440863,-3.7137413405573567,3,3,InPost | SEUR | UPS,"C. de Sarria, 2",Doble C Servicios Informaticos | Doblec Servicios Informat,False,False,False,False,False,False,True,False,5,Convenience Store only,3,"Multiple companies, single service",21.25,2,Medium,False
madrid,MAD_LOC_000325,40.4759899263268,-3.7131189097087,1,1,InPost,"C. de Ponferrada, 41",Carniceria Alyusr,False,False,False,False,False,False,True,False,5,Convenience Store only,1,Single record,0.0,1,High,False
madrid,MAD_LOC_000326,40.46719055882325,-3.6956999184370503,2,2,Amazon | InPost,"C. de González Sola, 16",Amazon Counter - Locutorio Silvers Envios.. | Silver Envios,False,False,False,False,False,False,True,False,5,Convenience Store only,3,"Multiple companies, single service",16.41,2,Medium,False
madrid,MAD_LOC_000327,40.46678452232276,-3.6967150855057516,7,7,Amazon | Celeritas | Ctt Express | Gls | InPost | SEUR | UPS,"C. Pinos Alta, 33 | Calle Pinos Alta 33",Amazon Counter - Disache C.B. | Disache | Disache C.B. | Ps Disache,False,False,False,False,False,False,True,False,5,Convenience Store only,3,"Multiple companies, single service",22.17,2,Medium,False
madrid,MAD_LOC_000328,40.4750320963764,-3.72326696025111,1,1,InPost,C. del Dr. Ramón Castroviejo,Marduk Online,False,False,False,False,False,False,True,False,5,Convenience Store only,1,Single record,0.0,1,High,False
madrid,MAD_LOC_000329,40.4107398185672,-3.64230848687287,1,1,InPost,"Av. de Moratalaz, 197",Herbolario Botica De Los Perfum,False,False,False,False,False,False,True,False,5,Convenience Store only,1,Single record,0.0,1,High,False
madrid,MAD_LOC_000330,40.4059293850368,-3.6419775025659065,3,3,Amazon | InPost | SEUR,"C. del Camino de los Vinateros, 167",Estanco El Organillo | Seur - Estanco El Organillo,False,False,False,False,False,False,True,False,5,Convenience Store only,3,"Multiple companies, single service",6.87,1,High,False
madrid,MAD_LOC_000331,40.40670773846265,-3.6449040815353246,2,2,Amazon | InPost,"C. del Camino de los Vinateros, 152 | C. del Camino de los Vinateros, 154, LOCAL 82",Amazon Counter - Locutorio Chasquinet | Locutorio Chasquinet,False,False,False,False,False,False,True,False,5,Convenience Store only,3,"Multiple companies, single service",5.04,1,High,False
madrid,MAD_LOC_000332,40.4041536656307,-3.64628658963538,1,1,InPost,"Cl. de la Hacienda de Pavones, 89",Fotoclick,False,False,False,False,False,False,True,False,5,Convenience Store only,1,Single record,0.0,1,High,False
madrid,MAD_LOC_000333,40.407306812979,-3.63205825005738,1,1,InPost,"C. de la Fuente Carrantona, 37",Autoescuela Punto Fuente Carran,False,False,False,False,False,False,True,False,5,Convenience Store only,1,Single record,0.0,1,High,False
madrid,MAD_LOC_000334,40.40984974020543,-3.6479944164749285,6,5,Amazon | Celeritas | Ctt Express | InPost | SEUR,"C. del Camino de los Vinateros, 93 | C. del Camino de los Vinateros, 93, BAJO 1 | C. del Vinateros, 93",Amazon Counter - Locutorio Mi Llajta | Locutorio Mi Llajta | Seur - Locutorio Mi Llajta,False,False,False,False,False,False,True,False,5,Convenience Store only,3,"Multiple companies, single service",25.76,2,Medium,False
madrid,MAD_LOC_000335,40.4037952926639,-3.64836497568759,1,1,InPost,"C. del Corregidor Alonso de Tobar, 14",Papeleria Libreria Cucu,False,False,False,False,False,False,True,False,5,Convenience Store only,1,Single record,0.0,1,High,False
madrid,MAD_LOC_000336,40.4060383782227,-3.65080191404313,1,1,InPost,"Cl. de la Hacienda de Pavones, 4",Lavandería Autoservicio Speedqueen,False,False,False,False,False,False,True,False,5,Convenience Store only,1,Single record,0.0,1,High,False
madrid,MAD_LOC_000337,40.40636914937255,-3.632714151688455,2,2,InPost | SEUR,"C. de la Fuente Carrantona, 27",Summer Papeleria,False,False,False,False,False,False,True,False,5,Convenience Store only,3,"Multiple companies, single service",3.95,1,High,False
madrid,MAD_LOC_000338,40.4078949343362,-3.6509956323033,1,1,InPost,"C. del Arroyo de las Pilillas, 16",Locker Galeria Efe,True,False,False,False,False,False,False,False,1,Locker only,1,Single record,0.0,1,High,False
madrid,MAD_LOC_000339,40.4061869377476,-3.63282046151785,1,1,InPost,"C. de la Fuente Carrantona, 25",Locker Speedqueen Lavanderia Mo,True,False,False,False,False,False,False,False,1,Locker only,1,Single record,0.0,1,High,False
madrid,MAD_LOC_000340,40.4107046455781,-3.65207324951183,1,1,InPost,"C. del Camino de los Vinateros, 63",Expendeduria 601,False,False,False,False,False,False,True,False,5,Convenience Store only,1,Single record,0.0,1,High,False
madrid,MAD_LOC_000341,40.4020414812333,-3.64083673373084,1,1,InPost,"Cl. de la Hacienda de Pavones, 196",Locker 24/7 Galería De Alimentación Moratalaz Ii,True,False,False,False,False,False,False,False,1,Locker only,1,Single record,0.0,1,High,False
madrid,MAD_LOC_000342,40.40528951664926,-3.651187854459593,3,3,Amazon | InPost | UPS,"C. de Arroyo de Fontarrón, 1 | C. de Arroyo de Fontarrón, 3",Amazon Counter - Gallardo Saez Nuria | Caprichos Y Tentaciones,False,False,False,False,False,False,True,False,5,Convenience Store only,3,"Multiple companies, single service",37.16,3,Review,True
madrid,MAD_LOC_000343,40.4111242552879,-3.65491817527648,1,1,InPost,"C. del Camino de los Vinateros, 47",Hiper Bazar Vinateros,False,False,False,False,False,False,True,False,5,Convenience Store only,1,Single record,0.0,1,High,False
madrid,MAD_LOC_000344,40.408951456963,-3.63089952627447,1,1,InPost,"C. de la Fuente Carrantona, 43",Fotomaton Parafarmacia Fuente C,False,False,False,False,False,False,True,False,5,Convenience Store only,1,Single record,0.0,1,High,False
madrid,MAD_LOC_000345,40.39721186614288,-3.6411189706149867,6,5,Amazon | Celeritas | Ctt Express | InPost | SEUR,"C. de la Tacona, 33",Amazon Counter - Estanco Tacona 534 | Estanco Tacona | Estanco Tacona 534,False,False,False,False,False,False,True,False,5,Convenience Store only,3,"Multiple companies, single service",12.81,1,High,False
madrid,MAD_LOC_000346,40.4043480726437,-3.65102542920393,1,1,InPost,"C. de Arroyo de Fontarrón, 39",Alimentacion 391,False,False,False,False,False,False,True,False,5,Convenience Store only,1,Single record,0.0,1,High,False
madrid,MAD_LOC_000347,40.4123040217193,-3.66067068957627,1,1,InPost,"C. del Camino de los Vinateros, s/n",Locker Alcampo Moratalaz,True,False,False,False,False,False,False,False,1,Locker only,1,Single record,0.0,1,High,False
madrid,MAD_LOC_000348,40.410430397803935,-3.6604838318217134,3,3,Celeritas | InPost | SEUR,"C. del Camino de los Vinateros, 10",Estanco Metro Estrella | Estanco Metro Estrella 017,False,False,False,False,False,False,True,False,5,Convenience Store only,3,"Multiple companies, single service",25.93,2,Medium,False
madrid,MAD_LOC_000349,40.3759043915037,-3.60437774023658,1,1,InPost,"C. Real de Arganda, 76",Locker 24/7 Eess Repsol Cred Gp,True,False,False,False,False,False,False,False,1,Locker only,1,Single record,0.0,1,High,False
madrid,MAD_LOC_000350,40.38391370033333,-3.60982820484319,3,3,Gls | InPost | SEUR,"C. de Castrillo de Aza, 15 | Calle de Castrillo de Aza 15",Frutos Secos Jesus | Ps Frutos Secos Jesus,False,False,False,False,False,False,True,False,5,Convenience Store only,3,"Multiple companies, single service",6.89,1,High,False
madrid,MAD_LOC_000351,40.3790437908092,-3.61743510545506,2,2,InPost | Nacex,"C. de la Sierra del Torcal, 3",Panaderia Pek | Pek (2813-29),False,False,False,False,False,False,True,False,5,Convenience Store only,3,"Multiple companies, single service",3.71,1,High,False
madrid,MAD_LOC_000352,40.3779931708545,-3.61877374622383,1,1,InPost,"Calle de Montes de Barbanza, 7",Horneando Ilusiones,False,False,False,False,False,False,True,False,5,Convenience Store only,1,Single record,0.0,1,High,False
madrid,MAD_LOC_000353,40.3744160601706,-3.62013462311361,1,1,InPost,"C. del Congosto, 20",Moda Infantil Y Personalizacion,False,False,False,False,False,False,True,False,5,Convenience Store only,1,Single record,0.0,1,High,False
madrid,MAD_LOC_000354,40.380817398631,-3.61893698697484,1,1,InPost,"C. de Sierra Gorda, 15",Mia Barber Shop Madrid2,False,False,False,False,False,False,True,False,5,Convenience Store only,1,Single record,0.0,1,High,False
madrid,MAD_LOC_000355,40.3719112237683,-3.61836667873104,1,1,InPost,"C. del Congosto, 37",Perrockeria,False,False,False,False,False,False,True,False,5,Convenience Store only,1,Single record,0.0,1,High,False
madrid,MAD_LOC_000356,40.3865304686186,-3.62523371309878,1,1,InPost,"Av. de la Democracia, 11",Locker Indie Padel Club,False,False,False,False,False,False,True,False,5,Convenience Store only,1,Single record,0.0,1,High,False
madrid,MAD_LOC_000357,40.3805035439202,-3.62178477553113,1,1,InPost,"C. de Sierra Gádor, 45",Autoescuela Santa Eugenia Sl,False,False,False,False,False,False,True,False,5,Convenience Store only,1,Single record,0.0,1,High,False
madrid,MAD_LOC_000358,40.3790119691324,-3.62441180919065,1,1,InPost,"C. Sierra Morena, 32",Consultoria Inmobiliaria Cortes,False,False,False,False,False,False,True,False,5,Convenience Store only,1,Single record,0.0,1,High,False
madrid,MAD_LOC_000359,40.37797832829035,-3.62992158785484,2,2,Amazon | InPost,"C. de San Jaime, 1",Amazon Locker - Iriondo Supermercado | Locker Supermercado Dia Calle D,True,False,False,False,False,False,False,False,1,Locker only,3,"Multiple companies, single service",23.94,2,Medium,False
madrid,MAD_LOC_000360,40.3822202775161,-3.6317288750163,1,1,InPost,"C. del Cocherón de la Villa, 15",Papeleria Tecnica Jsa,False,False,False,False,False,False,True,False,5,Convenience Store only,1,Single record,0.0,1,High,False
madrid,MAD_LOC_000361,40.40739241566704,-3.6076789937355467,3,3,Amazon | Ctt Express | InPost,"C. de Villajimena, 6",Amazon Counter - Fruteria Y Productos Latinos Gael | Frutas Y Productos Latinos Gael | Fruteria Y Productos Latinos Gael,False,False,False,False,False,False,True,False,5,Convenience Store only,3,"Multiple companies, single service",23.88,2,Medium,False
madrid,MAD_LOC_000362,40.406274924942565,-3.6140819718371446,6,5,Amazon | Ctt Express | Gls | InPost | SEUR,"C. de Calahorra, 25 | Calle de Calahorra 25",Amazon Counter - Cyberlocutorio M&M | Cyber Locutorio Mym | Cyberlocutorio M&M | Multiservicios Mym | Ps Cyberlocutorio Mym | Seur - Multiservicios Mym,False,False,False,False,False,False,True,False,5,Convenience Store only,3,"Multiple companies, single service",28.2,2,Medium,False
madrid,MAD_LOC_000363,40.4042772768224,-3.60684751287196,1,1,InPost,"C. de S. Cipriano, 26",Akiomoda,False,False,False,False,False,False,True,False,5,Convenience Store only,1,Single record,0.0,1,High,False
madrid,MAD_LOC_000364,40.4076930615961,-3.6151667956373,1,1,InPost,"C. de Casalarreina, 31",Dadoo Candyparty,False,False,False,False,False,False,True,False,5,Convenience Store only,1,Single record,0.0,1,High,False
madrid,MAD_LOC_000365,40.4012736729726,-3.62061217227159,1,1,InPost,"Blvr. de Indalecio Prieto, 17",Baz Stop,False,False,False,False,False,False,True,False,5,Convenience Store only,1,Single record,0.0,1,High,False
madrid,MAD_LOC_000366,40.4217043777673,-3.61623738620414,1,1,InPost,"Av. de Guadalajara, 77",Mercaser,False,False,False,False,False,False,True,False,5,Convenience Store only,1,Single record,0.0,1,High,False
madrid,MAD_LOC_000367,40.39692944521043,-3.6055069404755073,4,4,Celeritas | Ctt Express | InPost | SEUR,"C. de Minerva, 89",Papeleria Trabalenguas | Papeleria Y Loterias Los Trabal | Papelería Trabalenguas,False,False,False,False,False,False,True,False,5,Convenience Store only,3,"Multiple companies, single service",27.74,2,Medium,False
madrid,MAD_LOC_000368,40.3976241814024,-3.61802851468887,1,1,InPost,"Blvr. de José Prat, 41",Cmb Superkit,False,False,False,False,False,False,True,False,5,Convenience Store only,1,Single record,0.0,1,High,False
madrid,MAD_LOC_000369,40.397811604837166,-3.6184627762502664,3,3,InPost | Pudo | SEUR,"C. de los Pinillas, 48 | Centro Comercial Valdebernardo, Blvr. de José Prat, 35",C.C. Valdebernardo | Locker Cc Valdebernardo | Seur Locker Valdebernardo,True,False,True,False,False,False,False,False,7,Multiple services,4,"Multiple companies, multiple services",18.34,2,Medium,False
madrid,MAD_LOC_000370,40.4065044725275,-3.66937523576341,1,1,InPost,"Av. de Guadalajara, 2",Mioptico Las Rosas,False,False,False,False,False,False,True,False,5,Convenience Store only,1,Single record,0.0,1,High,False
madrid,MAD_LOC_000371,40.418300402405464,-3.6196458757847894,3,3,Celeritas | Ctt Express | InPost,"C. de Aquitania & C/ de Capri | Calle de Aquitania, s/n Esquina, C/ de Capri",Arte Contreras,False,False,False,False,False,False,True,False,5,Convenience Store only,3,"Multiple companies, single service",47.72,3,Review,True
madrid,MAD_LOC_000372,40.3958602410987,-3.62292198820054,1,1,InPost,"Blvr. de Indalecio Prieto, 45",Fruteria La Vida Verde,False,False,False,False,False,False,True,False,5,Convenience Store only,1,Single record,0.0,1,High,False
madrid,MAD_LOC_000373,40.4045661497303,-3.62314795501049,1,1,InPost,"C. de Ladera de los Almendros, 2",Locker Dia Calle De Ladera,True,False,False,False,False,False,False,False,1,Locker only,1,Single record,0.0,1,High,False
madrid,MAD_LOC_000374,40.472053279358846,-3.65560389707594,2,2,InPost | SEUR,"C. de Lorca, 1",Baby Gallery,False,False,False,False,False,False,True,False,5,Convenience Store only,3,"Multiple companies, single service",20.01,2,Medium,False
madrid,MAD_LOC_000375,40.4733701719595,-3.65266353300668,1,1,InPost,"C. de la Costa del Sol, 9",Herranz Moreno,False,False,False,False,False,False,True,False,5,Convenience Store only,1,Single record,0.0,1,High,False
madrid,MAD_LOC_000376,40.4748434614945,-3.652538036923345,2,2,Ctt Express | InPost,"C. de Manuel Chaves Nogales, 1",Famishop Alimentacion,False,False,False,False,False,False,True,False,5,Convenience Store only,3,"Multiple companies, single service",12.72,1,High,False
madrid,MAD_LOC_000377,40.47422196339315,-3.645936257262645,2,2,Ctt Express | InPost,"C. Arzúa, 13 | C. Arzúa, 15",Pa Chulla Vida Bar | Pachulla Vida Bar,False,False,False,False,False,False,True,False,5,Convenience Store only,3,"Multiple companies, single service",7.37,1,High,False
madrid,MAD_LOC_000378,40.4779255831909,-3.64609278182218,1,1,InPost,"C. de Sta. Susana, 10",Panaderia Danymar,False,False,False,False,False,False,True,False,5,Convenience Store only,1,Single record,0.0,1,High,False
madrid,MAD_LOC_000379,40.47101985874125,-3.6592794921079497,2,2,Amazon | InPost,"Av. de San Luis, 29",Amazon Counter - Quiosco Oquina Gls Parcel Shop | Kiosko San Luis,False,False,False,False,False,False,True,False,5,Convenience Store only,3,"Multiple companies, single service",31.75,3,Review,True
madrid,MAD_LOC_000380,40.476031492998366,-3.6670186595382965,3,3,Amazon | InPost | UPS,"Av. de San Luis, 146",Amazon Counter - Peluquería Y Estética Roseni Lima | Kanguro Peluq Est Roseni Lima | Peluqueria Y Estetica Roseni Li,False,False,False,False,False,False,True,False,5,Convenience Store only,3,"Multiple companies, single service",16.79,2,Medium,False
madrid,MAD_LOC_000381,40.4770804705416,-3.65818084392397,1,1,InPost,"C. de Cuevas de Almanzora, 22",Papeleria Libreria Sanchez,False,False,False,False,False,False,True,False,5,Convenience Store only,1,Single record,0.0,1,High,False
madrid,MAD_LOC_000382,40.47410184766,-3.64264410298807,1,1,InPost,"Plaza Dr. Calvo Pérez, 3",Plaza China,False,False,False,False,False,False,True,False,5,Convenience Store only,1,Single record,0.0,1,High,False
madrid,MAD_LOC_000383,40.4680462668236,-3.6632002497381966,3,3,Celeritas | Ctt Express | InPost,"C. de Añastro, 9",Kiosco De Castro | Kiosko De Castro,False,False,False,False,False,False,True,False,5,Convenience Store only,3,"Multiple companies, single service",10.45,1,High,False
madrid,MAD_LOC_000384,40.4727449586814,-3.63615856760395,1,1,InPost,"C. Guayabal, 6",Spyral Soluciones,False,False,False,False,False,False,True,False,5,Convenience Store only,1,Single record,0.0,1,High,False
madrid,MAD_LOC_000385,40.479204887536675,-3.6677906608273645,4,4,Amazon | InPost | Pudo | SEUR,"Av. de Bucaramanga, 2 | C. de Arturo Soria, 324",C.C. Colombia | Herbolario Arahal | Seur - Herbolario Arahal,False,False,True,False,False,False,True,False,7,Multiple services,4,"Multiple companies, multiple services",11.84,1,High,False
madrid,MAD_LOC_000386,40.48101323879855,-3.6633901101124624,4,4,Amazon | Ctt Express | InPost | SEUR,"C. de la Dulzaina, 6",Amazon Counter - Supermercado Suma | Suma Supermercados | Supermercado Suma,False,False,False,False,False,False,True,False,5,Convenience Store only,3,"Multiple companies, single service",10.39,1,High,False
madrid,MAD_LOC_000387,40.4831648832766,-3.67048316499856,1,1,InPost,"C/ del Arte, 16",Zapateria El Rincon De Mi Reina,False,False,False,False,False,False,True,False,5,Convenience Store only,1,Single record,0.0,1,High,False
madrid,MAD_LOC_000388,40.5012902802304,-3.690735205047858,5,5,Amazon | Celeritas | Ctt Express | InPost | SEUR,"Pl. Tres Olivos, 3 | Pl. Tres Olivos, 4",Pasapagina | Seur - Pasapagina | Tresolibros,False,False,False,False,False,False,True,False,5,Convenience Store only,3,"Multiple companies, single service",29.0,2,Medium,False
madrid,MAD_LOC_000389,40.5036395125055,-3.685856631098175,2,2,Amazon | InPost,"CL AVENIDA, Calle de Ntra. Sra. de Valverde, 175 | Calle de Ntra. Sra. de Valverde, 175",Amazon Locker - Telefono Repsol | Locker 24/7 Repsol Cred Fuencar,True,False,False,False,False,False,False,False,1,Locker only,3,"Multiple companies, single service",20.12,2,Medium,False
madrid,MAD_LOC_000390,40.4956821679717,-3.68770083278981,1,1,InPost,"Calle de Ntra. Sra. de Valverde, 56",Fruteria Primavera,False,False,False,False,False,False,True,False,5,Convenience Store only,1,Single record,0.0,1,High,False
madrid,MAD_LOC_000391,40.5079782458704,-3.6911856870413,1,1,InPost,"M-607, 11, 7",Locker 24/7 Repsol Montecarmelo,True,False,False,False,False,False,False,False,1,Locker only,1,Single record,0.0,1,High,False
madrid,MAD_LOC_000392,40.5044996730314,-3.70504802263278,1,1,InPost,"Av. del Monasterio de El Escorial, 28",Estanco 894,False,False,False,False,False,False,True,False,5,Convenience Store only,1,Single record,0.0,1,High,False
madrid,MAD_LOC_000393,40.49179947958077,-3.69682808687744,3,3,InPost | SEUR | UPS,"C. de Sabadell, 86",La Tienda De Lara,False,False,False,False,False,False,True,False,5,Convenience Store only,3,"Multiple companies, single service",18.17,2,Medium,False
madrid,MAD_LOC_000394,40.4933621053173,-3.69267985017366,1,1,InPost,"C. de Badalona, 33",Estanco 776,False,False,False,False,False,False,True,False,5,Convenience Store only,1,Single record,0.0,1,High,False
madrid,MAD_LOC_000395,40.4846397912337,-3.68493201175965,1,1,InPost,"C. de San Modesto, 3",Locker 24/7 Parking La Paz Llan,True,False,False,False,False,False,False,False,1,Locker only,1,Single record,0.0,1,High,False
madrid,MAD_LOC_000396,40.4922347916219,-3.70463844060834,1,1,InPost,"C. de Nuria, 26",Estanco Exp232,False,False,False,False,False,False,True,False,5,Convenience Store only,1,Single record,0.0,1,High,False
madrid,MAD_LOC_000397,40.4858532969113,-3.69990472504238,1,1,InPost,"C. de Sangenjo, 29",Tintoreria Beclean,False,False,False,False,False,False,True,False,5,Convenience Store only,1,Single record,0.0,1,High,False
madrid,MAD_LOC_000398,40.48377600921795,-3.701897284201215,2,2,InPost | Nacex,"C. de Santiago de Compostela, 34",Estanco No 760 Madrid (2880-04) | Expendeduria 280760,False,False,False,False,False,False,True,False,5,Convenience Store only,3,"Multiple companies, single service",10.89,1,High,False
madrid,MAD_LOC_000399,40.48468496905292,-3.68751404938394,4,4,InPost | Pudo | SEUR | UPS,"C. de Isidro Fernández, 11",Locutorio Casandra | Seur Locker Locutorio Cas,True,False,True,False,False,False,True,False,7,Multiple services,4,"Multiple companies, multiple services",23.63,2,Medium,False
madrid,MAD_LOC_000400,40.4816378915397,-3.71233964257369,1,1,InPost,"Pl. Villafranca de los Barros, s/n, local 2",Beep Informatica,False,False,False,False,False,False,True,False,5,Convenience Store only,1,Single record,0.0,1,High,False
madrid,MAD_LOC_000401,40.4794438957458,-3.725312369688285,2,2,InPost | SEUR,"Av del Cardenal Herrera Oria, 305",Alimentacion Risueno | Alimentacion Risueño,False,False,False,False,False,False,True,False,5,Convenience Store only,3,"Multiple companies, single service",42.07,3,Review,True
madrid,MAD_LOC_000402,40.482339960798456,-3.720617595308485,2,2,InPost | UPS,"C. del Pico Balaitus, 12",Kanguro Misu Cuidado Y Belleza | Misu Cuidado Y Belleza,False,False,False,False,False,False,True,False,5,Convenience Store only,3,"Multiple companies, single service",14.64,1,High,False
madrid,MAD_LOC_000403,40.48193757676864,-3.7261631810611466,3,3,Amazon | InPost | SEUR,"C. de Ramón Gómez de la Serna, 115",Estanco Alma Cabero | Seur - Estanco Alma Cabero | Tabacos N691,False,False,False,False,False,False,True,False,5,Convenience Store only,3,"Multiple companies, single service",9.03,1,High,False
madrid,MAD_LOC_000404,40.47935315660645,-3.7259614151451297,2,2,Amazon | InPost,"Av del Cardenal Herrera Oria, 290",24/7 Gasolinera Repsol | Amazon Locker - Adil Repsol,True,False,False,False,False,False,False,False,1,Locker only,3,"Multiple companies, single service",9.14,1,High,False
madrid,MAD_LOC_000405,40.4803131922218,-3.71959466679793,1,1,InPost,"C. de las Islas Cíes, 35",Ferreteria Norte,False,False,False,False,False,False,True,False,5,Convenience Store only,1,Single record,0.0,1,High,False
madrid,MAD_LOC_000406,40.4822611521579,-3.72686642267252,1,1,InPost,"C. de Ramón Gómez de la Serna, 105",Quiosco Prensa Ramon Gomez De La Serna,False,False,False,False,False,False,True,False,5,Convenience Store only,1,Single record,0.0,1,High,False
madrid,MAD_LOC_000407,40.48050431457005,-3.7182539720482497,2,2,Ctt Express | InPost,"C. de las Islas Cíes, 13",Cbd Premium Store Ilustracion | Expendeduria 889,False,False,False,False,False,False,True,False,5,Convenience Store only,3,"Multiple companies, single service",1.28,1,High,False
madrid,MAD_LOC_000408,40.4687103463155,-3.72201933835219,1,1,InPost,"C. de San Gerardo, 28",Arreglos Tint Yellow Metric,False,False,False,False,False,False,True,False,5,Convenience Store only,1,Single record,0.0,1,High,False
madrid,MAD_LOC_000409,40.4822167727689,-3.73301286426891,1,1,InPost,"C. Alfonso Rodríguez Castelao, 36, Local 36",Expendeduria Número 114,False,False,False,False,False,False,True,False,5,Convenience Store only,1,Single record,0.0,1,High,False
madrid,MAD_LOC_000410,40.4643350420584,-3.723223233984865,2,2,InPost | UPS,"C. de la Isla de Oza, 62",Drogueria Perfumeria Peral | Kanguro Drogueria Cosmet Peral,False,False,False,False,False,False,True,False,5,Convenience Store only,3,"Multiple companies, single service",3.79,1,High,False
madrid,MAD_LOC_000411,40.4665197557947,-3.71936285910403,1,1,InPost,"C. de Antonio Machado, 14",Herbodietetica Rocio,False,False,False,False,False,False,True,False,5,Convenience Store only,1,Single record,0.0,1,High,False
madrid,MAD_LOC_000412,40.4872976764635,-3.71828641914939,1,1,InPost,"C. del Cerro Minguete, 14",Estanco 775,False,False,False,False,False,False,True,False,5,Convenience Store only,1,Single record,0.0,1,High,False
madrid,MAD_LOC_000413,40.4975456241812,-3.71431904434005,1,1,InPost,"C. de la Costa Brava, 36",Locker Cc Mirasierra Gallery,True,False,False,False,False,False,False,False,1,Locker only,1,Single record,0.0,1,High,False
madrid,MAD_LOC_000414,40.4640871229569,-3.68677449161306,1,1,InPost,"C. Joaquín Bau, 3",La Vita Herbolario,False,False,False,False,False,False,True,False,5,Convenience Store only,1,Single record,0.0,1,High,False
madrid,MAD_LOC_000415,40.46097503227675,-3.6880089082462497,2,2,Amazon | InPost,"Calle del Dr. Fleming 29 | Calle del Dr. Fleming, 29",Lockers Valentin | Supermercado Dia,True,False,False,False,False,False,False,False,1,Locker only,3,"Multiple companies, single service",6.35,1,High,False
madrid,MAD_LOC_000416,40.4560039893186,-3.68722438847426,1,1,InPost,"Travesía Dr. Fleming, 15",Arreglos Angelina,False,False,False,False,False,False,True,False,5,Convenience Store only,1,Single record,0.0,1,High,False
madrid,MAD_LOC_000417,40.4594580938032,-3.68140270592714,1,1,InPost,"P.o de La Habana, 168",24/7 Gasolinera Repsol,True,False,False,False,False,False,False,False,1,Locker only,1,Single record,0.0,1,High,False
madrid,MAD_LOC_000418,40.47239510745895,-3.679060228978285,2,2,Amazon | InPost,"C. de la Hiedra, 26 | Calle de la Hiedra 26B",Locker 24/7 Emt Mad Nuestra Sen | Lockers Tocumen,True,False,False,False,False,False,False,False,1,Locker only,3,"Multiple companies, single service",15.13,2,Medium,False
madrid,MAD_LOC_000419,40.430625972041824,-3.6263221930670313,7,6,Celeritas | Ctt Express | Dhl | InPost | SEUR | UPS,"C. de la Virgen de la Oliva, 2",Agh Fotodigital | Estanco Virgen De La Oliva | Expendeduria 12 | Fruteria Eder,False,False,False,False,False,False,True,False,5,Convenience Store only,3,"Multiple companies, single service",41.3,3,Review,True
madrid,MAD_LOC_000420,40.4331152054377,-3.62817256538729,1,1,InPost,"C. de Santa Leonor, 65",Locker 24/7 Indigo Avalon,True,False,False,False,False,False,False,False,1,Locker only,1,Single record,0.0,1,High,False
madrid,MAD_LOC_000421,40.4368670800452,-3.62030666370563,1,1,InPost,"C. de Cronos, 10",Multishop,False,False,False,False,False,False,True,False,5,Convenience Store only,1,Single record,0.0,1,High,False
madrid,MAD_LOC_000422,40.432019508362444,-3.63314550805215,2,2,Dhl | InPost,"C. de los Hermanos García Noblejas, 41",Copy41 | Hangover,False,False,False,False,False,False,True,False,5,Convenience Store only,3,"Multiple companies, single service",31.47,3,Review,True
madrid,MAD_LOC_000423,40.4368968143987,-3.635404120972745,4,4,Celeritas | InPost | Nacex | UPS,"C. de Argos, 9",Agencia De Viajes | Agencia De Viajes International Travelling (2878-15) | Agencia Viajes International Travelling | International Travelling,False,False,False,False,False,False,True,False,5,Convenience Store only,3,"Multiple companies, single service",19.21,2,Medium,False
madrid,MAD_LOC_000424,40.4227051640879,-3.62757064670605,1,1,InPost,"C. de Pepe Isbert, 12, bajo, local A",Faces Solutions,False,False,False,False,False,False,True,False,5,Convenience Store only,1,Single record,0.0,1,High,False
madrid,MAD_LOC_000425,40.422830700915,-3.62446318136928,1,1,InPost,"C. de Pobladura del Valle, 6",Locker Super Dia Pobladura Del,True,False,False,False,False,False,False,False,1,Locker only,1,Single record,0.0,1,High,False
madrid,MAD_LOC_000426,40.4244784336329,-3.62289573773564,1,1,InPost,"C. de la Fotografía, 8",Autoescuela Punto,False,False,False,False,False,False,True,False,5,Convenience Store only,1,Single record,0.0,1,High,False
madrid,MAD_LOC_000427,40.42690517328713,-3.62205359758814,3,3,Amazon | InPost | SEUR,"C. de Amposta, 14",Modas Martinez | Modas Martinez Amposta | Seur - Modas Martinez Amposta,False,False,False,False,False,False,True,False,5,Convenience Store only,3,"Multiple companies, single service",11.52,1,High,False
madrid,MAD_LOC_000428,40.4291509123892,-3.61933094478742,3,3,Ctt Express | InPost | Nacex,"C. de los Tejedores, 39",Market La Esquina 38 | Market La Esquina 38 (2878-13),True,False,False,False,False,False,True,False,7,Multiple services,4,"Multiple companies, multiple services",23.54,2,Medium,False
madrid,MAD_LOC_000429,40.42669598290067,-3.6260652728020886,6,6,Amazon | Correos | InPost | Pudo | SEUR | UPS,"Av. de Arcentales, 7",Amazon Locker - Calor Gasolinera | E.S. Galp Arcentales | Galp | Locker 24/7 Galp Ctra Ajalvir V | P Taquilla Galp Arcentales | Seur Locker Galp Arcental,True,False,True,False,False,False,True,False,7,Multiple services,4,"Multiple companies, multiple services",57.52,3,Review,True
madrid,MAD_LOC_000430,40.43120968881197,-3.618203433683257,3,3,Amazon | InPost | SEUR,"C. de Alconera, 7",Frutas Chinchon | Frutas Y Verduras Chinchon | Seur - Frutas Chinchon,False,False,False,False,False,False,True,False,5,Convenience Store only,3,"Multiple companies, single service",3.27,1,High,False
madrid,MAD_LOC_000431,40.395685159904,-3.64941496590734,1,1,InPost,"C. de Humanes, 5",Papeleri Libreria La Karmela,False,False,False,False,False,False,True,False,5,Convenience Store only,1,Single record,0.0,1,High,False
madrid,MAD_LOC_000432,40.3919796208553,-3.6550911030439,1,1,InPost,"Av. de la Albufera, 173",Fusion Latina,False,False,False,False,False,False,True,False,5,Convenience Store only,1,Single record,0.0,1,High,False
madrid,MAD_LOC_000433,40.3936043420112,-3.65766018079814,1,1,InPost,"C. de Josefa Díaz, 4",Locker 24/7 Grupo Bolton Parkin,True,False,False,False,False,False,False,False,1,Locker only,1,Single record,0.0,1,High,False
madrid,MAD_LOC_000434,40.4033009438178,-3.65973046780365,1,1,InPost,"Calle del Dr. Lozano, 16",Jd Marquita,False,False,False,False,False,False,True,False,5,Convenience Store only,1,Single record,0.0,1,High,False
madrid,MAD_LOC_000435,40.395643911581,-3.6621593213867865,3,3,Amazon | InPost | SEUR,"C. Picos de Europa, 9 | C. de los Picos de Europa, 9",Envios Caribe | Seur - Envios Caribe,False,False,False,False,False,False,True,False,5,Convenience Store only,3,"Multiple companies, single service",27.49,2,Medium,False
madrid,MAD_LOC_000436,40.3901260667028,-3.64756509830567,2,2,InPost | Pudo,"C. Diego Manchado, 25 | C. Diego Manchado, 52",Confección Aurora Chalo | Multifoto,False,False,True,False,False,False,True,False,7,Multiple services,4,"Multiple companies, multiple services",8.33,1,High,False
madrid,MAD_LOC_000437,40.40350396955097,-3.6630991275253564,6,5,Amazon | Celeritas | Ctt Express | InPost | SEUR,"Av. de Peña Prieta, 75",Amazon Counter - Geomil Exprees | Amazon Locker - Grifol | Geomil Express | Locker Locutorio Geomil | Seur Locker Locutorio Tau,True,False,False,False,False,False,True,False,7,Multiple services,4,"Multiple companies, multiple services",23.01,2,Medium,False
madrid,MAD_LOC_000438,40.3905508098196,-3.63959927867939,1,1,InPost,"C. de San Claudio, 53",Antonio Aguado Gil,False,False,False,False,False,False,True,False,5,Convenience Store only,1,Single record,0.0,1,High,False
madrid,MAD_LOC_000439,40.3895813407915,-3.64045507259031,1,1,InPost,"C. de San Claudio, 146",Peluqueria Y Estetica Lilas,False,False,False,False,False,False,True,False,5,Convenience Store only,1,Single record,0.0,1,High,False
madrid,MAD_LOC_000440,40.3876479945095,-3.63635794465791,1,1,InPost,"C/ de León Felipe, 18",Alpefpre,False,False,False,False,False,False,True,False,5,Convenience Store only,1,Single record,0.0,1,High,False
madrid,MAD_LOC_000441,40.3846014238124,-3.63299954528252,1,1,InPost,"Av. de la Albufera, 309",Locker 24/7 Lavalava Av Albufer,True,False,False,False,False,False,False,False,1,Locker only,1,Single record,0.0,1,High,False
madrid,MAD_LOC_000442,40.4597202062614,-3.71134253602048,1,1,InPost,"C/ de Sánchez Preciado, 27",Tintoreria Capricho,False,False,False,False,False,False,True,False,5,Convenience Store only,1,Single record,0.0,1,High,False
madrid,MAD_LOC_000443,40.4572071386393,-3.7072373675168833,3,3,Amazon | InPost | SEUR,"C. de Francos Rodríguez, 58 | C. de Francos Rodríguez, 58, Local 2 Bajo",Creaciones Slenny,False,False,False,False,False,False,True,False,5,Convenience Store only,3,"Multiple companies, single service",57.36,3,Review,True
madrid,MAD_LOC_000444,40.45437823981735,-3.7123237688366597,2,2,InPost | SEUR,"C. de Numancia, 6",Hidroseco | Tintoreria Hidroseco,False,False,False,False,False,False,True,False,5,Convenience Store only,3,"Multiple companies, single service",13.89,1,High,False
madrid,MAD_LOC_000445,40.461560576635705,-3.7085257877483953,2,2,Amazon | InPost,"C. de Ofelia Nieto, 64",24/7 Gasolinera Repsol | Lockers - Isidro,True,False,False,False,False,False,False,False,1,Locker only,3,"Multiple companies, single service",6.09,1,High,False
madrid,MAD_LOC_000446,40.4614626390145,-3.70773203633274,1,1,InPost,"C. de Isla de la Gomera, 6",Panaderia Rojas,False,False,False,False,False,False,True,False,5,Convenience Store only,1,Single record,0.0,1,High,False
madrid,MAD_LOC_000447,40.4563816524911,-3.70562690037154,1,1,InPost,"C. de Jerónima Llorente, 8",Locutorio El Grande,False,False,False,False,False,False,True,False,5,Convenience Store only,1,Single record,0.0,1,High,False
madrid,MAD_LOC_000448,40.4562930246671,-3.70486175249899,1,1,InPost,"C. de Francos Rodríguez, 18",Regalos Y Decoracion Bambu,False,False,False,False,False,False,True,False,5,Convenience Store only,1,Single record,0.0,1,High,False
madrid,MAD_LOC_000449,40.4511573695771,-3.70934062940598,1,1,InPost,"Av. del Dr. Federico Rubio y Galí, 32",Bioclub,False,False,False,False,False,False,True,False,5,Convenience Store only,1,Single record,0.0,1,High,False
madrid,MAD_LOC_000450,40.448879556844,-3.7055846728293247,2,2,InPost | SEUR,"C. de Almansa, 21",Locutorio El Grande,False,False,False,False,False,False,True,False,5,Convenience Store only,3,"Multiple companies, single service",11.08,1,High,False
madrid,MAD_LOC_000451,40.45260932599209,-3.7042031544003033,3,3,InPost | Pudo | SEUR,"Calle de Sta Juliana, 7",Latin Travel | Latin Travel Santa Juliana | Seur Lockers Latin Travel,True,False,True,False,False,False,True,False,7,Multiple services,4,"Multiple companies, multiple services",16.74,2,Medium,False
madrid,MAD_LOC_000452,40.465435465846326,-3.7177477884776375,4,4,Dhl | InPost | SEUR | UPS,"C. de Artajona, 43",Kanguro Lanas Adriana | Lanas Adriana,False,False,False,False,False,False,True,False,5,Convenience Store only,3,"Multiple companies, single service",5.73,1,High,False
madrid,MAD_LOC_000453,40.4501150565824,-3.70493520578667,1,1,InPost,"C. de Juan Pantoja, 13",Locutorio El Grande,False,False,False,False,False,False,True,False,5,Convenience Store only,1,Single record,0.0,1,High,False
madrid,MAD_LOC_000454,40.47020221219318,-3.71889356237622,5,5,Ctt Express | Dhl | InPost | Nacex | UPS,"C. de Valderrodrigo, 45",Kurama | Kurama (2844-10),False,False,False,False,False,False,True,False,5,Convenience Store only,3,"Multiple companies, single service",22.42,2,Medium,False
madrid,MAD_LOC_000455,40.468375897575,-3.71702011171106,1,1,InPost,"C. de Valdesangil, 26",Estanco Exp16,False,False,False,False,False,False,True,False,5,Convenience Store only,1,Single record,0.0,1,High,False
madrid,MAD_LOC_000456,40.4612385929514,-3.75787913543877,1,1,InPost,"A-6, P.K. 8,00 D, Moncloa - Aravaca",Locker 24/7 Repsol Cred Hipodro,True,False,False,False,False,False,False,False,1,Locker only,1,Single record,0.0,1,High,False
madrid,MAD_LOC_000457,40.447411924434746,-3.7138995961064296,2,2,InPost | SEUR,"C. de Beatriz de Bobadilla, 6",Locker 24/7 Parking Beatriz De | Seur Lockers Parking Bolto,True,False,False,False,False,False,False,False,1,Locker only,3,"Multiple companies, single service",47.82,3,Review,True
madrid,MAD_LOC_000458,40.3665870993717,-3.6945265392179447,2,2,Amazon | InPost,"A-4, P.K. 6,70 D, Usera | A-4, P.K. 6,70 D, Usera, 28041 Madrid",Amazon Locker - Adolfo Repsol | Locker 24/7 Repsol Cred Avda An,True,False,False,False,False,False,False,False,1,Locker only,3,"Multiple companies, single service",3.15,1,High,False
madrid,MAD_LOC_000459,40.37168132188183,-3.6940166354696267,3,3,Amazon | InPost | Nacex,"Av. de la Perla, 13 | Av. de la Perla, 13, OFICINA 01 LOCAL 01",Amazon Counter - Asesoría Latina | Asesoria Latina | Asesoria Latina (2882-20),False,False,False,False,False,False,True,False,5,Convenience Store only,3,"Multiple companies, single service",5.59,1,High,False
madrid,MAD_LOC_000460,40.37214662339307,-3.693534414692298,4,4,Amazon | InPost | SEUR | UPS,"C. Fitero, 3 | C. Fitero, 3C",Libreria 7 Colores | Seur - Libreria 7 Colores,False,False,False,False,False,False,True,False,5,Convenience Store only,3,"Multiple companies, single service",19.22,2,Medium,False
madrid,MAD_LOC_000461,40.3592844856394,-3.69753023119633,1,1,InPost,"C. de la del Manojo de Rosas, 44",Ferreteria Gamero,False,False,False,False,False,False,True,False,5,Convenience Store only,1,Single record,0.0,1,High,False
madrid,MAD_LOC_000462,40.3704702163279,-3.6904245523359,1,1,InPost,"Av. de los Fueros, 30",Udaco Avda De Los Fueros,False,False,False,False,False,False,True,False,5,Convenience Store only,1,Single record,0.0,1,High,False
madrid,MAD_LOC_000463,40.3736645025975,-3.69131273753689,1,1,InPost,"C. de la Mezquita, 16",Peluqueria Colores,False,False,False,False,False,False,True,False,5,Convenience Store only,1,Single record,0.0,1,High,False
madrid,MAD_LOC_000464,40.3590532937682,-3.69585009525635,1,1,InPost,"Av. de la Verbena de la Paloma, 23",Locker Ms Locutorio,True,False,False,False,False,False,False,False,1,Locker only,1,Single record,0.0,1,High,False
madrid,MAD_LOC_000465,40.3688933145048,-3.70802167125241,1,1,InPost,"Pl. Asambleas, 1",Ferreteria Jm,False,False,False,False,False,False,True,False,5,Convenience Store only,1,Single record,0.0,1,High,False
madrid,MAD_LOC_000466,40.3604555990152,-3.6899597926171,4,4,Amazon | Ctt Express | Dhl | InPost,"Av. de Orovilla, 46 | Avenida de Orovilla 46, Madrid, Madrid, 28041",Amazon Locker - Belando Expofort | Expofot | Expofotshop,True,False,False,False,False,False,True,False,7,Multiple services,4,"Multiple companies, multiple services",23.01,2,Medium,False
madrid,MAD_LOC_000467,40.366797724323,-3.68629521612812,1,1,InPost,"C. Rutilo, 21",Uni Mas,False,False,False,False,False,False,True,False,5,Convenience Store only,1,Single record,0.0,1,High,False
madrid,MAD_LOC_000468,40.360331168269866,-3.69450862147162,5,4,Ctt Express | InPost | Nacex | SEUR,"C. Pan y Toros, 11 | C. Pan y Toros, 11, BJ 2",Khan Multan | Locutorio (2882-14) | Seur Locker Pan Y Toro,True,False,False,False,False,False,True,False,7,Multiple services,4,"Multiple companies, multiple services",29.38,2,Medium,False
madrid,MAD_LOC_000469,40.3552366148369,-3.6957370682831,1,1,InPost,"C. de la Alegría de la Huerta, 12",Astenet Informatica Sl,False,False,False,False,False,False,True,False,5,Convenience Store only,1,Single record,0.0,1,High,False
madrid,MAD_LOC_000470,40.354067549459,-3.69079687310554,1,1,InPost,"C. de Villajoyosa, 99",Estanco Madrid 628,False,False,False,False,False,False,True,False,5,Convenience Store only,1,Single record,0.0,1,High,False
madrid,MAD_LOC_000471,40.3576311216174,-3.68552553548719,1,1,InPost,"Ctra. Villaverde a Vallecas, 29",Farmacia El Espinillo,False,False,False,False,False,False,True,False,5,Convenience Store only,1,Single record,0.0,1,High,False
madrid,MAD_LOC_000472,40.3773806697093,-3.6944531236523,1,1,InPost,"Calle de Antonio López, 249",Cafeteria Restaurante Vertice,False,False,False,False,False,False,True,False,5,Convenience Store only,1,Single record,0.0,1,High,False
madrid,MAD_LOC_000473,40.3500282528989,-3.700361876237457,3,3,Dhl | InPost | UPS,"C. Alcocer, 34 | C. Alcocer, Villaverde | C. de la Vírgen de los Desamparados, 30",Locutorio L&M | Locutorio Lym,False,False,False,False,False,False,True,False,5,Convenience Store only,3,"Multiple companies, single service",17.4,2,Medium,False
madrid,MAD_LOC_000474,40.3693197040866,-3.71604987416499,1,1,InPost,"C. de Guetaria, 84",Fruteria Orcasitas,False,False,False,False,False,False,True,False,5,Convenience Store only,1,Single record,0.0,1,High,False
madrid,MAD_LOC_000475,40.3667014374912,-3.71588864046529,2,2,InPost | SEUR,"C. de Guetaria, 102",Tintoreria Elite | Tintoreria Elite Orcasitas,False,False,False,False,False,False,True,False,5,Convenience Store only,3,"Multiple companies, single service",2.96,1,High,False
madrid,MAD_LOC_000476,40.4695631065016,-3.58101433567268,1,1,InPost,"Av. de Logroño, 104",Herbolario Ortopedia Neovitale,False,False,False,False,False,False,True,False,5,Convenience Store only,1,Single record,0.0,1,High,False
madrid,MAD_LOC_000477,40.468080973306,-3.57884909252201,4,4,Amazon | InPost | SEUR | UPS,"Camino Cuartel, 9 | Camino Cuartel, 9, Barajas, 28042 Madrid",Amazon Locker - Sheila Gasolinera | Locker 24/7 Galp Barajas Aeropu | P Taquilla Galp Aeropuerto | Seur Locker Galp Barajas,True,False,False,False,False,False,False,False,1,Locker only,3,"Multiple companies, single service",15.22,2,Medium,False
madrid,MAD_LOC_000478,40.4724284112769,-3.57885898642025,1,1,InPost,"Av. General, 29",Locker Supermercado Dia Avenida,True,False,False,False,False,False,False,False,1,Locker only,1,Single record,0.0,1,High,False
madrid,MAD_LOC_000479,40.4727605064697,-3.58066865104357,1,1,InPost,"C. de Algemesí, 56",La Pinata,False,False,False,False,False,False,True,False,5,Convenience Store only,1,Single record,0.0,1,High,False
madrid,MAD_LOC_000480,40.473234521544256,-3.57881881552285,2,2,Amazon | InPost,"C. de la Botica, 12",Amazon Counter - Eben Ezer Bazar | Eben Ezer Bazar,False,False,False,False,False,False,True,False,5,Convenience Store only,3,"Multiple companies, single service",7.71,1,High,False
madrid,MAD_LOC_000481,40.4739651907136,-3.57708573628574,1,1,InPost,"Pl. Mayor de Barajas, 15",Maison De Fruits,False,False,False,False,False,False,True,False,5,Convenience Store only,1,Single record,0.0,1,High,False
madrid,MAD_LOC_000482,40.471234420989,-3.58264610348842,1,1,InPost,"C. Alaró, 7",Comercial Barajas,False,False,False,False,False,False,True,False,5,Convenience Store only,1,Single record,0.0,1,High,False
madrid,MAD_LOC_000483,40.45777817158437,-3.59064549953776,4,4,Celeritas | Ctt Express | InPost | SEUR,"P.o de la Alameda de Osuna, 71",Fotografia Yenes,False,False,False,False,False,False,True,False,5,Convenience Store only,3,"Multiple companies, single service",30.07,3,Review,True
madrid,MAD_LOC_000484,40.4527753832713,-3.61608132290604,2,2,Celeritas | InPost,"C. del Sándalo, 5",Mini Market Vida Feliz,False,False,False,False,False,False,True,False,5,Convenience Store only,3,"Multiple companies, single service",25.7,2,Medium,False
madrid,MAD_LOC_000485,40.45435357830383,-3.5910152195838814,9,6,Amazon | Celeritas | Ctt Express | InPost | SEUR | UPS,"C. del Balandro, 39 | C. del Balandro, 39, B local 1 | C. del Balandro, 39, B- LOCAL 21 | C. del Balandro, 39B | Calle Balandro 39B | Calle Balandro 39B, Local 21, Galeria comercial",Amazon Counter - Dgc Movilnet | Amazon Counter - Vía Electrónica. | Brico Ema | Dgc Movilnet | Ferreteria Ema | Kanguro Via Electronica | Via Electronica | Vía Electrónica.,False,False,False,False,False,False,True,False,5,Convenience Store only,3,"Multiple companies, single service",72.1,3,Review,True
madrid,MAD_LOC_000486,40.46038536995032,-3.647739321184635,4,4,Ctt Express | InPost | SEUR | UPS,"Calle Nápoles, 53 | Calle Nápoles, 53, LOCAL 1",Perla Y Chocolate,False,False,False,False,False,False,True,False,5,Convenience Store only,3,"Multiple companies, single service",38.62,3,Review,True
madrid,MAD_LOC_000487,40.4639138990648,-3.64653452373765,1,1,InPost,"Carr. de Canillas, 45",Ok Mascota Hortaleza,False,False,False,False,False,False,True,False,5,Convenience Store only,1,Single record,0.0,1,High,False
madrid,MAD_LOC_000488,40.4650797286523,-3.6389342532452,1,1,InPost,"Carr. de Canillas, 142",Alfilbe Canillas,False,False,False,False,False,False,True,False,5,Convenience Store only,1,Single record,0.0,1,High,False
madrid,MAD_LOC_000489,40.4613891200014,-3.64530726520255,2,2,InPost | SEUR,"Calle de Calanda, 1",Libreria Papeleria Unipa | Librería Unipa,False,False,False,False,False,False,True,False,5,Convenience Store only,3,"Multiple companies, single service",11.42,1,High,False
madrid,MAD_LOC_000490,40.465033757558665,-3.63613879669903,5,5,Amazon | InPost | Pudo | SEUR | UPS,"Av. de Machupichu, 105",Amazon Locker - Riesgo Shell | E.S. Shell Machupichu | Locker 24/7 Shell Machupichu | P Taquilla Shell Machupichu | Seur Locker Shell Machupi,True,False,True,False,False,False,False,False,7,Multiple services,4,"Multiple companies, multiple services",11.47,1,High,False
madrid,MAD_LOC_000491,40.4581141915551,-3.660572762339105,2,2,InPost | SEUR,"C. de López de Hoyos, 299",Locker24/7 Bolton Lopez De Hoyo | Seur Locker Parking Bolto,True,False,False,False,False,False,False,False,1,Locker only,3,"Multiple companies, single service",20.78,2,Medium,False
madrid,MAD_LOC_000492,40.4680103177324,-3.65319766554577,1,1,InPost,"C. de López de Hoyos, 450",Foto Express 450,False,False,False,False,False,False,True,False,5,Convenience Store only,1,Single record,0.0,1,High,False
madrid,MAD_LOC_000493,40.46344544535135,-3.6369863803573774,4,4,InPost | Pudo | SEUR | UPS,"C. de Silvano, 77",C.C. Palacio De Hielo | Locker Cc Palacio De Hielo Acce | P Taquilla Palacio Del Hielo | Seur Locker Palacio Hielo,True,False,True,False,False,False,False,False,7,Multiple services,4,"Multiple companies, multiple services",23.73,2,Medium,False
madrid,MAD_LOC_000494,40.46786544022635,-3.63797800834775,2,2,Dhl | InPost,"C. Emigrantes, 13",Color Y Unas | Color Y Uñas,False,False,False,False,False,False,True,False,5,Convenience Store only,3,"Multiple companies, single service",1.93,1,High,False
madrid,MAD_LOC_000495,40.450050115564,-3.65772847231092,1,1,InPost,"C. de Torrelaguna, 70",Papeleria Hatillo De Cartama,False,False,False,False,False,False,True,False,5,Convenience Store only,1,Single record,0.0,1,High,False
madrid,MAD_LOC_000496,40.46571932273061,-3.631969214413085,2,2,InPost | SEUR,"C. Motilla del Palancar, 8",Estanco Villa Rosa | Estanco Villarosa,False,False,False,False,False,False,True,False,5,Convenience Store only,3,"Multiple companies, single service",7.36,1,High,False
madrid,MAD_LOC_000497,40.46266740022075,-3.6282305029798954,2,2,InPost | SEUR,"C. de Silvano, 158",Estanco 13 | Expendiduria 13,False,False,False,False,False,False,True,False,5,Convenience Store only,3,"Multiple companies, single service",13.79,1,High,False
madrid,MAD_LOC_000498,40.4584793218643,-3.6259269678106802,2,2,Gls | InPost,"Av. de Machupichu, 23 | Avenida de Machupichu 23",Look Find Conde Orgaz | Ps Look & Find,False,False,False,False,False,False,True,False,5,Convenience Store only,3,"Multiple companies, single service",7.52,1,High,False
madrid,MAD_LOC_000499,40.37969525227853,-3.7728369361252567,3,3,Amazon | Dhl | InPost,"C. de Valle Inclán, 40 | C. de Valle Inclán, 40, LOCAL 20",Amazon Counter - Ciber Space | Ciber Space,False,False,False,False,False,False,True,False,5,Convenience Store only,3,"Multiple companies, single service",28.4,2,Medium,False
madrid,MAD_LOC_000500,40.37739554460766,-3.767994238417143,3,3,Amazon | InPost | UPS,"C. de José de Cadalso | C. de José de Cadalso, 53",Amazon Counter - Gespain Inmobiliaria | Gespain Actividades Inmobiliari | Kanguro Gespain Inmobiliaria,False,False,False,False,False,False,True,False,5,Convenience Store only,3,"Multiple companies, single service",32.09,3,Review,True
madrid,MAD_LOC_000501,40.3746408900116,-3.7713773789356844,5,5,Celeritas | Ctt Express | InPost | SEUR | UPS,"Av de la Aviación, 99",Burman,False,False,False,False,False,False,True,False,5,Convenience Store only,3,"Multiple companies, single service",25.52,2,Medium,False
madrid,MAD_LOC_000502,40.37670853473652,-3.777307549431373,4,3,Amazon | InPost | SEUR,"C. de Navalmoral de la Mata, 38",Amazon Counter - Perfumeria-Drogueria | Perfumeria Drogueria | Perfumeria Drogueria Cuat | Seur - Perfumeria Drogueria Cuat,False,False,False,False,False,False,True,False,5,Convenience Store only,3,"Multiple companies, single service",23.54,2,Medium,False
madrid,MAD_LOC_000503,40.37873627082756,-3.7792573627158035,9,7,Amazon | Ctt Express | Dhl | InPost | Nacex | SEUR | UPS,"C. de Oliva de Plasencia, 1 | C. de Oliva de Plasencia, 1, LOCAL 334",Amazon Counter - Locutorio Carlita | Estanco Papeleria Menende | Locutorio Carlita | Locutorio Carlita (2883-26) | Seur - Estanco Papeleria Menende,False,False,False,False,False,False,True,False,5,Convenience Store only,3,"Multiple companies, single service",6.91,1,High,False
madrid,MAD_LOC_000504,40.38220662268797,-3.779144073110017,7,6,Amazon | Celeritas | Ctt Express | InPost | SEUR | UPS,"Av. de Las Águilas, 60 | Av. de Las Águilas, 60, LOCAL 29",Amazon Counter - Cristaleria Aluche 2 | Cristaleria Aluche 2 | Cristaleria Aluche Ii | Seur - Cristaleria Aluche Ii,False,False,False,False,False,False,True,False,5,Convenience Store only,3,"Multiple companies, single service",47.32,3,Review,True
madrid,MAD_LOC_000505,40.3725809336205,-3.76192327400957,1,1,InPost,"C. del Jacobeo, 3",Locker Supermercado Dia Calle D,True,False,False,False,False,False,False,False,1,Locker only,1,Single record,0.0,1,High,False
madrid,MAD_LOC_000506,40.3714713620016,-3.75929082097001,2,2,Ctt Express | InPost,"C. de Aguilar del Río, 2",Damar Natura Herbolario | Damarnatura Herbolario,False,False,False,False,False,False,True,False,5,Convenience Store only,3,"Multiple companies, single service",29.07,2,Medium,False
madrid,MAD_LOC_000507,40.38603223070646,-3.76303682784857,3,3,Dhl | InPost | SEUR,"Av. de los Poblados, 58",Aromas Artesanales Aluche | Fast Computer Software | Kasual,False,False,False,False,False,False,True,False,5,Convenience Store only,3,"Multiple companies, single service",19.23,2,Medium,False
madrid,MAD_LOC_000508,40.3740108127579,-3.7516713123001,1,1,InPost,"Pl. de la Emperatriz, 14",Locutorio Internet Emperatriz,False,False,False,False,False,False,True,False,5,Convenience Store only,1,Single record,0.0,1,High,False
madrid,MAD_LOC_000509,40.3686284347312,-3.7552095871799764,3,3,Ctt Express | Dhl | InPost,"C. Alfredo Aleix, 9",The Fox,False,False,False,False,False,False,True,False,5,Convenience Store only,3,"Multiple companies, single service",30.0,2,Medium,False
madrid,MAD_LOC_000510,40.37209215061395,-3.74936425811134,2,2,InPost | SEUR,"C. de la Ciruela, 1",Ferreteria Simarsan,False,False,False,False,False,False,True,False,5,Convenience Store only,3,"Multiple companies, single service",16.22,2,Medium,False
madrid,MAD_LOC_000511,40.36667937831325,-3.7536512735153327,4,4,Gls | InPost | SEUR | UPS,"Av. de Carabanchel Alto, 110",Pastel Y Miga | Ps Pastel Y Miga,False,False,False,False,False,False,True,False,5,Convenience Store only,3,"Multiple companies, single service",11.87,1,High,False
madrid,MAD_LOC_000512,40.3701898540264,-3.74840419981362,1,1,InPost,"C. de Isabel Patacón, 15",Locker 24/7 Mega Autolavados,True,False,False,False,False,False,False,False,1,Locker only,1,Single record,0.0,1,High,False
madrid,MAD_LOC_000513,40.3909383482428,-3.6928295881041375,4,4,Celeritas | InPost | SEUR | UPS,"C. de Embajadores, 208",Dulces La Ciudad,False,False,False,False,False,False,True,False,5,Convenience Store only,3,"Multiple companies, single service",9.79,1,High,False
madrid,MAD_LOC_000514,40.3962178782574,-3.6932228577192,1,1,InPost,"C. de Juan de Vera, 6",Locker Supermercado Dia C/ Juan,True,False,False,False,False,False,False,False,1,Locker only,1,Single record,0.0,1,High,False
madrid,MAD_LOC_000515,40.3923856630062,-3.6951830863055,1,1,InPost,"Paseo de las Delicias, 146",Locker Money Exchange Delicias,True,False,False,False,False,False,False,False,1,Locker only,1,Single record,0.0,1,High,False
madrid,MAD_LOC_000516,40.3933888540605,-3.6949999947432,1,1,InPost,"Paseo de las Delicias, 132",Repair World Store,False,False,False,False,False,False,True,False,5,Convenience Store only,1,Single record,0.0,1,High,False
madrid,MAD_LOC_000517,40.394903702938294,-3.6964547548051403,2,2,Ctt Express | InPost,"Pl. de Rutilio Gaci, 8",Papeleria El Inca,False,False,False,False,False,False,True,False,5,Convenience Store only,3,"Multiple companies, single service",17.29,2,Medium,False
madrid,MAD_LOC_000518,40.3969995027238,-3.69693768000033,2,2,InPost | UPS,"C. de Embajadores, 152",Rue Du Blond,False,False,False,False,False,False,True,False,5,Convenience Store only,3,"Multiple companies, single service",9.19,1,High,False
madrid,MAD_LOC_000519,40.398494975128166,-3.6962306942733267,3,3,Amazon | InPost | SEUR,"C. de la Batalla del Salado, 45",Seur - Sv Moda Y Complementos | Sv Moda Y Complementos,False,False,False,False,False,False,True,False,5,Convenience Store only,3,"Multiple companies, single service",4.1,1,High,False
madrid,MAD_LOC_000520,40.40062729823423,-3.6987188637832626,4,4,Celeritas | Ctt Express | InPost | SEUR,"Glorieta Sta. María de la Cabeza, 7",Estanco 538 | Expendeduria 538 | Expendeduria 538 Madrid,False,False,False,False,False,False,True,False,5,Convenience Store only,3,"Multiple companies, single service",9.12,1,High,False
madrid,MAD_LOC_000521,40.3993599470705,-3.69746216454373,1,1,InPost,"Calle del Gral. Palanca, 24",Centro Esoterico Shaddai,False,False,False,False,False,False,True,False,5,Convenience Store only,1,Single record,0.0,1,High,False
madrid,MAD_LOC_000522,40.4024005083016,-3.693066623272995,2,2,Amazon | InPost,"Pl. Luca de Tena, 3",Locker Supermercado Dia Plaza L | Lockers - Anturio,True,False,False,False,False,False,False,False,1,Locker only,3,"Multiple companies, single service",6.01,1,High,False
madrid,MAD_LOC_000523,40.3974531319259,-3.70156344160398,1,1,InPost,"C. de Aguilón, 4",Locker Speed Queen Aguilon,True,False,False,False,False,False,False,False,1,Locker only,1,Single record,0.0,1,High,False
madrid,MAD_LOC_000524,40.3994350412449,-3.69847578208348,1,1,InPost,"C. de Embajadores, 128",Bambu Tintoreria,False,False,False,False,False,False,True,False,5,Convenience Store only,1,Single record,0.0,1,High,False
madrid,MAD_LOC_000525,40.402860182333555,-3.6960623001549253,2,2,Amazon | InPost,"C. de la Batalla del Salado, 14",Locutorio Talal 1 | Talal Locutorio 1,False,False,False,False,False,False,True,False,5,Convenience Store only,3,"Multiple companies, single service",5.91,1,High,False
madrid,MAD_LOC_000526,40.3996728260084,-3.70105444225871,1,1,InPost,"P.o de Sta. María de la Cabeza, 74",Foto Sur Digital,False,False,False,False,False,False,True,False,5,Convenience Store only,1,Single record,0.0,1,High,False
madrid,MAD_LOC_000527,40.4004767231651,-3.68644780955614,1,1,InPost,"C. de Bustamante, 30",Levaduramadre Calle De Bustamen,False,False,False,False,False,False,True,False,5,Convenience Store only,1,Single record,0.0,1,High,False
madrid,MAD_LOC_000528,40.4025459175835,-3.69835240050574,1,1,InPost,P.o de Sta. María de la Cabeza,Nutricion Bronce,False,False,False,False,False,False,True,False,5,Convenience Store only,1,Single record,0.0,1,High,False
madrid,MAD_LOC_000529,40.3950200775069,-3.67780434549349,2,2,Gls | InPost,"C. de Méndez Álvaro, 83",Locker Estacion Sur De Autobuse | Ps Aromas Artesanales Mendez Alvaro,True,False,False,False,False,False,True,False,7,Multiple services,4,"Multiple companies, multiple services",8.0,1,High,False
madrid,MAD_LOC_000530,40.4707278034947,-3.68658947293264,1,1,InPost,"C. de Mauricio Legendre, 15",Vuelacar,False,False,False,False,False,False,True,False,5,Convenience Store only,1,Single record,0.0,1,High,False
madrid,MAD_LOC_000531,40.46957130672335,-3.68699541804553,2,2,InPost | SEUR,"C. de Mauricio Legendre, 7",Chevere Cargo | Herbolario Artume,False,False,False,False,False,False,True,False,5,Convenience Store only,3,"Multiple companies, single service",7.18,1,High,False
madrid,MAD_LOC_000532,40.46782348449386,-3.6895762052087466,3,3,InPost | Pudo | SEUR,"P.o de la Castellana, 193",Locker 24/7 Indigo Plaza Castil | Parking Indigo Plaza Castilla | Seur Locker Pk Pza Castil,True,False,True,False,False,False,False,False,7,Multiple services,4,"Multiple companies, multiple services",17.24,2,Medium,False
madrid,MAD_LOC_000533,40.39677614589824,-3.748720237380574,6,6,Amazon | Celeritas | Ctt Express | InPost | SEUR | UPS,"C. de Cuart de Poblet, 65",Estanco 729 | Seur - Estanco 729,False,False,False,False,False,False,True,False,5,Convenience Store only,3,"Multiple companies, single service",16.88,2,Medium,False
madrid,MAD_LOC_000534,40.395814753313,-3.7439685253286,1,1,InPost,"C. de la Duquesa de Parcent, 2",Andalucia Sol Perfumeria Drogue,False,False,False,False,False,False,True,False,5,Convenience Store only,1,Single record,0.0,1,High,False
madrid,MAD_LOC_000535,40.39314135405369,-3.7515720368991317,6,4,Amazon | Ctt Express | InPost | SEUR,"Cl. de los Yébenes, 123 | Cl. de los Yébenes, 159",Amazon Counter - Expendeduria 474 | Amazon Counter - Loterias Y Apuestas | Estanco 474 | Estanco Y Regalos | Expendeduria 474 | Seur - Estanco 474,False,False,False,False,False,False,True,False,5,Convenience Store only,3,"Multiple companies, single service",24.18,2,Medium,False
madrid,MAD_LOC_000536,40.39202593295012,-3.7541676808137936,5,5,Ctt Express | Dhl | InPost | Nacex | UPS,"C. de Illescas, 187 | C. de Illescas, 187, LOCAL 5",Fotocopias Aluche | Fotocopias Aluche (2883-11),False,False,False,False,False,False,True,False,5,Convenience Store only,3,"Multiple companies, single service",20.41,2,Medium,False
madrid,MAD_LOC_000537,40.39062537170117,-3.7518223835149933,3,3,Amazon | InPost | SEUR,"Cl. de los Yébenes, 148",Autoescuela Maqueda Los Yebenes | Maqueda Autoescuela | Seur - Maqueda Autoescuela,False,False,False,False,False,False,True,False,5,Convenience Store only,3,"Multiple companies, single service",21.19,2,Medium,False
madrid,MAD_LOC_000538,40.3925459551394,-3.75711303829636,1,1,InPost,"C. de Camarena, 104",Fotocopias Animo,False,False,False,False,False,False,True,False,5,Convenience Store only,1,Single record,0.0,1,High,False
madrid,MAD_LOC_000539,40.39063615432225,-3.744022851791525,2,2,InPost | SEUR,"Calle Carlos Domingo, 5",Locker 24/7 Parking Gomez Ulla | Seur Locker Parking Gomez,True,False,False,False,False,False,False,False,1,Locker only,3,"Multiple companies, single service",7.33,1,High,False
madrid,MAD_LOC_000540,40.3885880698003,-3.75627996094969,1,1,InPost,"C. de Camarena, 222",Decomisos Bazar Aluche,False,False,False,False,False,False,True,False,5,Convenience Store only,1,Single record,0.0,1,High,False
madrid,MAD_LOC_000541,40.4015006281185,-3.7514581447435256,5,5,Celeritas | Ctt Express | Gls | InPost | UPS,"C. de Latina, 18 | Calle de Latina 18 ( CC Mercadona - loterias )",Fnx-Loterias Latina | Loterias Latina | Ps Loterias Latina,False,False,False,False,False,False,True,False,5,Convenience Store only,3,"Multiple companies, single service",50.14,3,Review,True
madrid,MAD_LOC_000542,40.386438637749976,-3.757116860619396,9,6,Amazon | Celeritas | Ctt Express | Gls | InPost | SEUR,"C. de Camarena, 235 | C. de Camarena, 235, LOCAL 7 | C. de Camarena, 235, Local 8 | Calle Camarena FRENTE AL 298 | Calle de Camarena 235",Amazon Counter - Cristaleria Aluche | Amazon Counter - Tintoreria Elba Y Victoria | Cristaleria Aluche | Cristaleria Aluche I | Ps Cristaleria Aluche | Seur - Cristaleria Aluche | Tintoreria Elba Y Victoria,False,False,False,False,False,False,True,False,5,Convenience Store only,3,"Multiple companies, single service",33.04,3,Review,True
madrid,MAD_LOC_000543,40.38768477867884,-3.7449698972599,3,3,InPost | Pudo | UPS,"C. del Espinar, 3",Locker Locutorio Shati Telecom | Shati Telecom Espinar | Shati Telecom Ii,True,False,True,False,False,False,True,False,7,Multiple services,4,"Multiple companies, multiple services",16.51,2,Medium,False
madrid,MAD_LOC_000544,40.3877076357873,-3.74537211093692,1,1,InPost,"C. Guabairo, 2",Remesas Ayubi,False,False,False,False,False,False,True,False,5,Convenience Store only,1,Single record,0.0,1,High,False
madrid,MAD_LOC_000545,40.3852183360092,-3.75346912052526,1,1,InPost,"C. de Ocaña, 46",Ddetalles,False,False,False,False,False,False,True,False,5,Convenience Store only,1,Single record,0.0,1,High,False
madrid,MAD_LOC_000546,40.4051953647894,-3.73124314153905,1,1,InPost,"C. de Pablo Sarasate, 6",Restaurante Solanito,False,False,False,False,False,False,True,False,5,Convenience Store only,1,Single record,0.0,1,High,False
madrid,MAD_LOC_000547,40.3770884886682,-3.749975030630835,2,2,InPost | UPS,"C. Jacobinia, 20",Papeleria De Colores | Papeleria Libreria De Colores,False,False,False,False,False,False,True,False,5,Convenience Store only,3,"Multiple companies, single service",4.95,1,High,False
madrid,MAD_LOC_000548,40.520331337245736,-3.7779871783613643,7,7,Amazon | Celeritas | Ctt Express | InPost | Nacex | SEUR | UPS,"C. Carboneros, 2",Estanco 403 | Estanco 403 (2862-14) | Estanco 403 El Pardo | Estanco El Pardo | Seur - Estanco 403 El Pardo,False,False,False,False,False,False,True,False,5,Convenience Store only,3,"Multiple companies, single service",12.79,1,High,False
madrid,MAD_LOC_000549,40.5052659945712,-3.69948190436791,1,1,InPost,"Av. del Monasterio de El Escorial, 43, local 4",Sely Montecarmelo,False,False,False,False,False,False,True,False,5,Convenience Store only,1,Single record,0.0,1,High,False
madrid,MAD_LOC_000550,40.49802434487075,-3.67472851846621,2,2,InPost | UPS,"Av. del Camino de Santiago, 15",Kanguro Tele Lavo Las Tablas | Telelavo Las Tablas,False,False,False,False,False,False,True,False,5,Convenience Store only,3,"Multiple companies, single service",20.07,2,Medium,False
madrid,MAD_LOC_000551,40.5014159493935,-3.66282226024343,1,1,InPost,C. del Abetal,Locker 24/7 Repsol Cred Gpv Las,True,False,False,False,False,False,False,False,1,Locker only,1,Single record,0.0,1,High,False
madrid,MAD_LOC_000552,40.5066191962816,-3.6648586349172767,3,3,Amazon | InPost | SEUR,"C. de Furelos, 3",Aldea Dulce | Aldeadulce Y Mas | Seur - Aldea Dulce,False,False,False,False,False,False,True,False,5,Convenience Store only,3,"Multiple companies, single service",35.74,3,Review,True
madrid,MAD_LOC_000553,40.5046483655804,-3.67675815145318,1,1,InPost,"C. de Castiello de Jaca, 21",Locker Dia Calle De Castiello D,True,False,False,False,False,False,False,False,1,Locker only,1,Single record,0.0,1,High,False
madrid,MAD_LOC_000554,40.511481701983,-3.66941505973441,1,1,InPost,"P.o de la Tierra de Melide, 38",Sely Beauty Concept,False,False,False,False,False,False,True,False,5,Convenience Store only,1,Single record,0.0,1,High,False
madrid,MAD_LOC_000555,40.4949730659552,-3.65451940282871,1,1,InPost,"C. de Isabel Clara Eugenia, 49",Multitienda Alimentacion,False,False,False,False,False,False,True,False,5,Convenience Store only,1,Single record,0.0,1,High,False
madrid,MAD_LOC_000556,40.494169428136004,-3.6559673708953753,2,2,InPost | SEUR,"C. de Américo Castro, 12",Estanco Sanchinarro,False,False,False,False,False,False,True,False,5,Convenience Store only,3,"Multiple companies, single service",7.34,1,High,False
madrid,MAD_LOC_000557,40.4879776484088,-3.65676657064607,1,1,InPost,"C. de la Princesa de Éboli, 9",El Taller De Rafael,False,False,False,False,False,False,True,False,5,Convenience Store only,1,Single record,0.0,1,High,False
madrid,MAD_LOC_000558,40.508536389263256,-3.67877052487385,5,5,Amazon | InPost | Pudo | SEUR | UPS,"Av. de Santo Domingo de la Calzada, 10 | Avda. Santo Domingo De La Calzada 10",Amazon Locker - Felicitas Gasolinera | E.S. Shell Las Tablas | Locker 24/7 Shell Las Tablas | P Taquilla Shell Las Tablas | Seur Locker Shell Las Tab,True,False,True,False,False,False,False,False,7,Multiple services,4,"Multiple companies, multiple services",33.35,3,Review,True
madrid,MAD_LOC_000559,40.48646438373455,-3.6660641263138323,4,4,InPost | Pudo | SEUR | UPS,"Av. de Manoteras, 40",C.C. Manoteras | Locker 24/7 Indigo Co Manoteras | P Taquilla Cc Manoteras | Seur Locker Manoteras,True,False,True,False,False,False,False,False,7,Multiple services,4,"Multiple companies, multiple services",10.26,1,High,False
madrid,MAD_LOC_000560,40.4849248094918,-3.66460109422704,1,1,InPost,"Av. de Manoteras, 1D",Locker 24/7 Emt Parking Fuente,True,False,False,False,False,False,False,False,1,Locker only,1,Single record,0.0,1,High,False
madrid,MAD_LOC_000561,40.494184347487646,-3.648153015888015,2,2,InPost | SEUR,"Av. de Niceto Alcalá Zamora, 20",Locker 24/7 Galp Sanchinarro | Seur Locker Galp Sanchina,True,False,False,False,False,False,False,False,1,Locker only,3,"Multiple companies, single service",4.45,1,High,False
madrid,MAD_LOC_000562,40.3626085042548,-3.5918642061631867,3,3,Gls | InPost | SEUR,"Av de las Suertes, 98 | Avenida de las Suertes 98",Merca Oasis | Ps Merca Oasis,False,False,False,False,False,False,True,False,5,Convenience Store only,3,"Multiple companies, single service",20.3,2,Medium,False
madrid,MAD_LOC_000563,40.366837248849,-3.5999971618367397,2,2,InPost | SEUR,"C. de José Tamayo, 17",El Yaque Market,False,False,False,False,False,False,True,False,5,Convenience Store only,3,"Multiple companies, single service",3.85,1,High,False
madrid,MAD_LOC_000564,40.3716254466076,-3.61076482029285,1,1,InPost,"Av. del Ensanche de Vallecas, 25",Expendeduria 899,False,False,False,False,False,False,True,False,5,Convenience Store only,1,Single record,0.0,1,High,False
madrid,MAD_LOC_000565,40.36802420783087,-3.6109236695722466,3,3,InPost | SEUR | UPS,"Calle Baños de Valdearados, 10",Risbar | Risbar Mensajeria | Risbar Sl,False,False,False,False,False,False,True,False,5,Convenience Store only,3,"Multiple companies, single service",10.16,1,High,False
madrid,MAD_LOC_000566,40.36959821634055,-3.6315748984827048,2,2,InPost | SEUR,"Av. del Mayorazgo, 20",Locker 24/7 Galp Madrid Valleca | Seur Locker Galp Vallecas,True,False,False,False,False,False,False,False,1,Locker only,3,"Multiple companies, single service",14.2,1,High,False
madrid,MAD_LOC_000567,40.4065431586854,-3.56199396549075,1,1,InPost,"Av. de Miguel Delibes, 25",Megafruta,False,False,False,False,False,False,True,False,5,Convenience Store only,1,Single record,0.0,1,High,False
madrid,MAD_LOC_000568,40.402841250875,-3.56364142152164,1,1,InPost,"C. Victoria Kent,",Peludos Del Canaveral,False,False,False,False,False,False,True,False,5,Convenience Store only,1,Single record,0.0,1,High,False
madrid,MAD_LOC_000569,40.398807351525505,-3.589851739856675,2,2,Amazon | InPost,"CR M-214 P.K, 4,60 D",Amazon Locker - Astasia Repsol | Locker 24/7 Repsol Cred Vicalva,True,False,False,False,False,False,False,False,1,Locker only,3,"Multiple companies, single service",2.0,1,High,False
madrid,MAD_LOC_000570,40.3558732340631,-3.66921985490894,1,1,InPost,"Mercamadrid, S.A., C. 11, 3",Locker 24/7 Repsol Cred Mercama,True,False,False,False,False,False,False,False,1,Locker only,1,Single record,0.0,1,High,False
madrid,MAD_LOC_000571,40.3796742094554,-3.6709808982668934,3,3,Amazon | InPost | SEUR,"C. Campiña, 4",Modas Alicia | Seur - Modas Alicia,False,False,False,False,False,False,True,False,5,Convenience Store only,3,"Multiple companies, single service",26.45,2,Medium,False
madrid,MAD_LOC_000572,40.38388956540925,-3.671291471064825,2,2,InPost | UPS,"C. Sierra de Contraviesa, 24",Iris | Iris Tienda Vaquero,False,False,False,False,False,False,True,False,5,Convenience Store only,3,"Multiple companies, single service",22.61,2,Medium,False
madrid,MAD_LOC_000573,40.39066754639706,-3.671112383032496,5,5,Amazon | Ctt Express | Gls | InPost | SEUR,"Av del Monte Igueldo, 108 | Avenida del Monte Igueldo 108",Alimentacion & Dtodo | Alimentacion Dtodo | Alimentacion Y De Todo | Amazon Counter - Alimentacion & Dtodo | Ps Alimentacion De Todo,False,False,False,False,False,False,True,False,5,Convenience Store only,3,"Multiple companies, single service",23.51,2,Medium,False
madrid,MAD_LOC_000574,40.3932280644719,-3.66389177091003,1,1,InPost,"C/ de Sierra Carbonera, 18",Pasteleria Cafeteria Luque,False,False,False,False,False,False,True,False,5,Convenience Store only,1,Single record,0.0,1,High,False
madrid,MAD_LOC_000575,40.392724990636296,-3.66936442121244,2,2,InPost | UPS,"C. de Eduardo Sanz, 14",Atemprana Ortopedia | Ortopedia Atemprana,False,False,False,False,False,False,True,False,5,Convenience Store only,3,"Multiple companies, single service",7.39,1,High,False
madrid,MAD_LOC_000576,40.3623370369919,-3.7565337064649964,3,3,Celeritas | Ctt Express | InPost,"Av. de la Peseta, 58",Loteria Prensa Fabrica De Los Sueños | Loterias Y Prensa La Fabrica De,False,False,False,False,False,False,True,False,5,Convenience Store only,3,"Multiple companies, single service",23.1,2,Medium,False
madrid,MAD_LOC_000577,40.364071269376495,-3.753908268929233,3,3,Ctt Express | InPost | Nacex,"Av. de Carabanchel Alto, 136",Estanco 903 | Estanco 903 (2883-31) | Estanco 903 Madrid,False,False,False,False,False,False,True,False,5,Convenience Store only,3,"Multiple companies, single service",29.2,2,Medium,False
madrid,MAD_LOC_000578,40.3681682169085,-3.75912629145904,1,1,InPost,"C. Piqueñas, 8",Locker Supermercado Dia C/ Piqu,True,False,False,False,False,False,False,False,1,Locker only,1,Single record,0.0,1,High,False
madrid,MAD_LOC_000579,40.36867377917495,-3.765886843297665,2,2,Amazon | InPost,"Av. de la Peseta, 6 | Avenida de la Peseta, 6",Amazon Locker - Bornear Repsol | Locker 24/7 Repsol Cred Pau Car,True,False,False,False,False,False,False,False,1,Locker only,3,"Multiple companies, single service",30.55,3,Review,True
madrid,MAD_LOC_000580,40.363920970802354,-3.7374940923949,4,3,InPost | Pudo | SEUR,"C. de la Calderilla, 1",C.C. Isla Azul | Locker Cc Islazul | Seur Locker Cc Isla Azul | Seur Locker Lidl Isla Az,True,False,True,False,False,False,False,False,7,Multiple services,4,"Multiple companies, multiple services",8.82,1,High,False
madrid,MAD_LOC_000581,40.37433137481255,-3.7739614700748048,2,2,Amazon | InPost,"Av de la Aviación, 26 | Avda. De La Aviacion",Amazon Locker - Marcia Disa | Locker 24/7 Shell Avda Aviacion,True,False,False,False,False,False,False,False,1,Locker only,3,"Multiple companies, single service",7.96,1,High,False
madrid,MAD_LOC_000582,40.3727874952183,-3.7291700094593,1,1,InPost,"C. Hilario Herranz Establos, 20",Locker 24/7 Es Low Cost Repost,True,False,False,False,False,False,False,False,1,Locker only,1,Single record,0.0,1,High,False
madrid,MAD_LOC_000583,40.4888559827721,-3.60803741187368,1,1,InPost,"Av. de Manuel Fraga Iribarne, 38",La Cava De Valdebebas Expendedu,False,False,False,False,False,False,True,False,5,Convenience Store only,1,Single record,0.0,1,High,False
madrid,MAD_LOC_000584,40.4918063850731,-3.6077212453823,1,1,InPost,"C. de José Antonio Fernández Ordóñez, 45",Farmacia Valdepuente,False,False,False,False,False,False,True,False,5,Convenience Store only,1,Single record,0.0,1,High,False
madrid,MAD_LOC_000585,40.498107851333,-3.62625173334561,1,1,InPost,"C/ Francisco Javier Saenz De Oiza, Gta. de Juan de Haro, 5",Locker 24/7 Shell La Moraleja,True,False,False,False,False,False,False,False,1,Locker only,1,Single record,0.0,1,High,False
madrid,MAD_LOC_000586,40.4857420218374,-3.64333594652413,1,1,InPost,"Gta. de José Luis Fernández del Amo, Sn",Locker 24/7 Shell Parque Forest,True,False,False,False,False,False,False,False,1,Locker only,1,Single record,0.0,1,High,False
madrid,MAD_LOC_000587,40.42249860681613,-3.685067699043945,4,2,Amazon | Correos,"C. de Villanueva, 30",Correos Madrid Sucursal 1 | Lockers Correos Madrid Sucursal 1,True,True,False,False,False,False,False,False,3,Locker and PUDO,4,"Multiple companies, multiple services",32.92,3,Review,True
madrid,MAD_LOC_000588,40.4272952522399,-3.68140252516513,1,1,Correos,"Calle de Castelló, 36",Carrefour Express,True,False,False,False,False,False,False,False,1,Locker only,1,Single record,0.0,1,High,False
madrid,MAD_LOC_000589,40.42631963466,-3.68463779047,1,1,Correos,"Calle Hermosilla, 28",Carrefour Express,True,False,False,False,False,False,False,False,1,Locker only,1,Single record,0.0,1,High,False
madrid,MAD_LOC_000590,40.44484476917664,-3.67425962668871,5,5,Amazon | Correos | Pudo | SEUR | UPS,"C. de López de Hoyos, 81",Lockers Calabres | Mercado De Prosperidad | Mercado Prosperidad,True,False,True,False,False,False,False,False,7,Multiple services,4,"Multiple companies, multiple services",32.88,3,Review,True
madrid,MAD_LOC_000591,40.4384200698212,-3.67728172172886,2,1,Correos,"Av. de América, 3",Correos Madrid Sucursal 13,True,True,False,False,False,False,False,False,3,Locker and PUDO,2,"Same company, multiple records",0.0,1,High,False
madrid,MAD_LOC_000592,40.44424564657,-3.67196824588,1,1,Correos,"Calle Ros de Olano, 7",Bm Supermercados,True,False,False,False,False,False,False,False,1,Locker only,1,Single record,0.0,1,High,False
madrid,MAD_LOC_000593,40.4401313928777,-3.71260551281086,2,1,Correos,"C. de Guzmán el Bueno, 86",Correos Madrid Sucursal 46,True,True,False,False,False,False,False,False,3,Locker and PUDO,2,"Same company, multiple records",0.0,1,High,False
madrid,MAD_LOC_000594,40.4464266219122,-3.69260122037163,1,1,Correos,C. de Raimundo Fernández Villaverde,Cercanias Nuevos Ministerios,True,False,False,False,False,False,False,False,1,Locker only,1,Single record,0.0,1,High,False
madrid,MAD_LOC_000595,40.4394382522202,-3.71483994377236,1,1,Correos,"C. de Cea Bermúdez, 53",Carrefour Express,True,False,False,False,False,False,False,False,1,Locker only,1,Single record,0.0,1,High,False
madrid,MAD_LOC_000596,40.4452880375149,-3.6979861800355946,2,2,Amazon | Correos,"C. de Maudes, 39 | Calle Maudes, 39",Lockers Correos Madrid Sucursal 3 | Madrid Suc 3. Maudes,True,True,False,False,False,False,False,False,3,Locker and PUDO,4,"Multiple companies, multiple services",46.48,3,Review,True
madrid,MAD_LOC_000597,40.426672477045706,-3.698208916874377,3,2,Amazon | Correos,"C. de Mejía Lequerica, 7",Correos Madrid Sucursal 88 | Lockers Correos Madrid Sucursal 88,True,True,False,False,False,False,False,False,3,Locker and PUDO,4,"Multiple companies, multiple services",1.62,1,High,False
madrid,MAD_LOC_000598,40.42330288685,-3.70580478433,1,1,Correos,"Calle Pizarro, 17",Madrid Suc 18. Malasaã‘A,False,True,False,False,False,False,False,False,2,PUDO only,1,Single record,0.0,1,High,False
madrid,MAD_LOC_000599,40.41082867590955,-3.7135242935748245,4,2,Amazon | Correos,"Carrera de San Francisco, 13",Correos Madrid Sucursal 5 | Lockers Correos Madrid Sucursal 5,True,True,False,False,False,False,True,False,3,Locker and PUDO,4,"Multiple companies, multiple services",21.19,2,Medium,False
madrid,MAD_LOC_000600,40.402904684473,-3.70736328642603,1,1,Correos,"Calle del Gasómetro, s/n",Carrefour Market,True,False,False,False,False,False,False,False,1,Locker only,1,Single record,0.0,1,High,False
madrid,MAD_LOC_000601,40.3851710912019,-3.7380914761557,2,2,Amazon | Correos,"Calle General Ricardos, 212 | Calle del Gral. Ricardos, 212",Correos - Madrid Suc 4. Carabanchel Bajo | Madrid Suc 4. Carabanchel Bajo,True,True,False,False,False,False,False,False,3,Locker and PUDO,4,"Multiple companies, multiple services",26.9,2,Medium,False
madrid,MAD_LOC_000602,40.4263417230403,-3.67571255607502,1,1,Correos,"C. del Conde de Peñalver, 15",Carrefour,True,False,False,False,False,False,False,False,1,Locker only,1,Single record,0.0,1,High,False
madrid,MAD_LOC_000603,40.429357452302,-3.67081239983178,2,1,Correos,"C. de las Mártires Concepcionistas, 21",Correos Madrid Sucursal 9,True,True,False,False,False,False,False,False,3,Locker and PUDO,2,"Same company, multiple records",0.0,1,High,False
madrid,MAD_LOC_000604,40.4270002224076,-3.6757209237996,2,1,Correos,"C. del Conde de Peñalver, 19 Bis",Correos Madrid Sucursal 53,True,True,False,False,False,False,False,False,3,Locker and PUDO,2,"Same company, multiple records",0.0,1,High,False
madrid,MAD_LOC_000605,40.4390734502209,-3.68293522597005,1,1,Correos,"Calle Velázquez, 134",Sepi Oficinas Administrativas,True,False,False,False,False,False,False,False,1,Locker only,1,Single record,0.0,1,High,False
madrid,MAD_LOC_000606,40.43359505154,-3.68559585063,1,1,Correos,"Calle Coello, 100",Madrid Suc 6. Claudio Coello,False,True,False,False,False,False,False,False,2,PUDO only,1,Single record,0.0,1,High,False
madrid,MAD_LOC_000607,40.40224951184985,-3.6784739364309926,4,2,Amazon | Correos,"C. de Méndez Álvaro, 28045 Madrid | C. de Téllez, 27",Correos - Madrid Suc 40. Pacifico | Correos Madrid Sucursal 40 | Estación De Autobuses Madrid Sur,True,True,False,False,False,False,False,False,3,Locker and PUDO,4,"Multiple companies, multiple services",22.07,2,Medium,False
madrid,MAD_LOC_000608,40.4061019904797,-3.69128825527378,1,1,Correos,"Pl. del Emperador Carlos V, s/n",Estación De Madrid Atocha,True,False,False,False,False,False,False,False,1,Locker only,1,Single record,0.0,1,High,False
madrid,MAD_LOC_000609,40.40712020775,-3.69320350639,1,1,Correos,Pl. del Emperador Carlos V,Cercanias Atocha,True,False,False,False,False,False,False,False,1,Locker only,1,Single record,0.0,1,High,False
madrid,MAD_LOC_000610,40.40324282899,-3.67528061384,1,1,Correos,"C. de Sánchez Barcáiztegui, 10",Bm Supermercados,True,False,False,False,False,False,False,False,1,Locker only,1,Single record,0.0,1,High,False
madrid,MAD_LOC_000611,40.428543618506,-3.72935629224862,2,1,Correos,"Av. de Valladolid, 39",Correos Madrid Sucursal 45,True,True,False,False,False,False,False,False,3,Locker and PUDO,2,"Same company, multiple records",0.0,1,High,False
madrid,MAD_LOC_000612,40.43002564935925,-3.71571744605547,2,2,Amazon | Correos,"Calle de la Princesa, 47 | Calle de la Princesa, 56",Correos - Madrid Suc 73. El Corte Inglés Princesa | Madrid Suc 73. El Corte Inglã‰S Princesa,True,True,False,False,False,False,False,False,3,Locker and PUDO,4,"Multiple companies, multiple services",32.97,3,Review,True
madrid,MAD_LOC_000613,40.4181096720039,-3.6715078150819,2,1,Correos,"Calle de Antonio Arias, 2",Correos Madrid Sucursal 21,True,True,False,False,False,False,False,False,3,Locker and PUDO,2,"Same company, multiple records",0.0,1,High,False
madrid,MAD_LOC_000614,40.4332824683603,-3.70380334743817,1,1,Correos,"Calle de Fuencarral, 158",Carrefour,True,False,False,False,False,False,False,False,1,Locker only,1,Single record,0.0,1,High,False
madrid,MAD_LOC_000615,40.4311630623542,-3.702891116822145,2,2,Amazon | Correos,"AC. de Alburquerque, 2 | C. de Alburquerque, 2",Correos - Madrid Suc 10. Alburquerque | Madrid Suc 10. Alburquerque,True,True,False,False,False,False,False,False,3,Locker and PUDO,4,"Multiple companies, multiple services",39.72,3,Review,True
madrid,MAD_LOC_000616,40.41158469993,-3.73521024932,1,1,Correos,"TC. de Turismundo, 4",Madrid Suc 11. Puerta Del Angel,False,True,False,False,False,False,False,False,2,PUDO only,1,Single record,0.0,1,High,False
madrid,MAD_LOC_000617,40.40460225966803,-3.751313987612517,3,2,Amazon | Correos,"C. Carlina, 10 | C. Carlina, 8",Correos - Madrid Suc 56. Batán | Correos Madrid Suc 56. BatãN | Madrid Suc 56. BatãN,True,True,False,False,False,False,False,False,3,Locker and PUDO,4,"Multiple companies, multiple services",49.23,3,Review,True
madrid,MAD_LOC_000618,40.40794649521,-3.7350322514,1,1,Correos,"P.o de los Jesuitas, 44",Mercado Alto Extremadura,True,False,False,False,False,False,False,False,1,Locker only,1,Single record,0.0,1,High,False
madrid,MAD_LOC_000619,40.41296671192,-3.72606658811,1,1,Correos,"Calle de Doña Urraca, 15",Mercado Tirso De Molina,True,False,False,False,False,False,False,False,1,Locker only,1,Single record,0.0,1,High,False
madrid,MAD_LOC_000620,40.402801177263726,-3.699828799752435,4,2,Amazon | Correos,"C. de Palos de la Frontera, 10 | C. de Palos de la Frontera, 6",Citypaq Lockers-Correos Madrid Suc 7. Embajadores | Correos - Madrid Suc 7. Embajadores | Correos Madrid Sucursal 7,True,True,False,False,False,False,True,False,3,Locker and PUDO,4,"Multiple companies, multiple services",8.56,1,High,False
madrid,MAD_LOC_000621,40.4083247444783,-3.70090517525427,2,1,Correos,"C. de Valencia, 2",Carrefour,True,True,False,False,False,False,False,False,3,Locker and PUDO,2,"Same company, multiple records",23.7,2,Medium,False
madrid,MAD_LOC_000622,40.411330650842345,-3.69865109181604,2,2,Correos | Ctt Express,"C. de Sta. Isabel | C. de Sta. Isabel, 28",Mercado Anton Martin | Mobi Zone,True,False,False,False,False,False,True,False,7,Multiple services,4,"Multiple companies, multiple services",30.34,3,Review,True
madrid,MAD_LOC_000623,40.41943998081,-3.70569069845,1,1,Correos,"Pl. del Callao, 2",Madrid Suc 86. Corte Ingles Callao,False,True,False,False,False,False,False,False,2,PUDO only,1,Single record,0.0,1,High,False
madrid,MAD_LOC_000624,40.41878359164278,-3.69253620462757,4,2,Amazon | Correos,"P.o del Prado, 1",Citypaq Lockers-Correos Madrid Op | Correos - Madrid Op | Correos Madrid Sucursal Op,True,True,False,False,False,False,False,False,3,Locker and PUDO,4,"Multiple companies, multiple services",4.8,1,High,False
madrid,MAD_LOC_000625,40.423432434974,-3.708727650650545,2,1,Correos,"Pl. de los Mostenses | Pl. de los Mostenses, 13",Copisteria Centro Gran Via | Mercado Mostenses,True,False,False,False,False,False,False,False,1,Locker only,2,"Same company, multiple records",38.77,3,Review,True
madrid,MAD_LOC_000626,40.4353949324689,-3.71250585125458,1,1,Correos,"C. de Fernández de los Ríos, 59",Gimnasio Gym Smart Club,True,False,False,False,False,False,False,False,1,Locker only,1,Single record,0.0,1,High,False
madrid,MAD_LOC_000627,40.4317092740903,-3.71487168911276,1,1,Correos,"C. de Andrés Mellado, 9",Carrefour Express,True,False,False,False,False,False,False,False,1,Locker only,1,Single record,0.0,1,High,False
madrid,MAD_LOC_000628,40.455654334755806,-3.6759437939475252,4,2,Amazon | Correos,"C. de Chile, 4",Correos Madrid Sucursal 19 | Lockers Correos Madrid Sucursal 19,True,True,False,False,False,False,True,False,3,Locker and PUDO,4,"Multiple companies, multiple services",2.03,1,High,False
madrid,MAD_LOC_000629,40.45782182693745,-3.6783391960739946,2,2,Correos | Ctt Express,"C. de Bolivia, 9",Emovigo Mercado Chamartin | Mercado Chamartin,True,False,False,False,False,False,True,False,7,Multiple services,4,"Multiple companies, multiple services",37.79,3,Review,True
madrid,MAD_LOC_000630,40.4611039631246,-3.67616281507068,1,1,Correos,"Av. de Pío XII, 2",Alcampo,True,False,False,False,False,False,False,False,1,Locker only,1,Single record,0.0,1,High,False
madrid,MAD_LOC_000631,40.42434766749,-3.653994085965,2,1,Correos,"Av. del Marqués de Corbera, 27",Correos Madrid Suc 37. La Elipa | Madrid Suc 37. La Elipa,False,True,False,False,False,False,False,False,2,PUDO only,2,"Same company, multiple records",10.83,1,High,False
madrid,MAD_LOC_000632,40.396249725905,-3.7141807611699997,2,1,Correos,"C. de Jacinto Verdaguer, 4",Correos Madrid Suc 15. Marquã‰S De Vadillo | Madrid Suc 15. Marquã‰S De Vadillo,False,True,False,False,False,False,False,False,2,PUDO only,2,"Same company, multiple records",8.08,1,High,False
madrid,MAD_LOC_000633,40.45644018467983,-3.694795216064915,7,2,Amazon | Correos,"C. de Orense, 55 | Julian Besteiro S/n Esquina San Germán Madrid Suc. 36, C. de Orense",Correos Madrid Sucursal 36 | Lockers Correos Madrid Sucursal 36 | Lockers Correos Madrid Sucursal 36 Juli,True,True,False,False,False,False,True,False,3,Locker and PUDO,4,"Multiple companies, multiple services",44.16,3,Review,True
madrid,MAD_LOC_000634,40.4575123317163,-3.69432025343271,1,1,Correos,"C. de Orense, 48",Carrefour,True,False,False,False,False,False,False,False,1,Locker only,1,Single record,0.0,1,High,False
madrid,MAD_LOC_000635,40.45621770234,-3.69515530271,1,1,Correos,Julian Besteiro S/n Esquina San Germán,Madrid Suc 36. Orense,False,True,False,False,False,False,False,False,2,PUDO only,1,Single record,0.0,1,High,False
madrid,MAD_LOC_000636,404.47219706,-3.70380064413,1,1,Correos,"Gta. de Cuatro Caminos, 4",Carrefour Market,True,False,False,False,False,False,False,False,1,Locker only,1,Single record,0.0,1,High,False
madrid,MAD_LOC_000637,40.34334565691,-3.707264680155,2,1,Correos,"AV REAL DE PINTO, C. Pedro Jiménez, 66",Correos Madrid Suc 30. Villaverde Alto | Madrid Suc 30. Villaverde Alto,False,True,False,False,False,False,False,False,2,PUDO only,2,"Same company, multiple records",13.93,1,High,False
madrid,MAD_LOC_000638,40.34341057046,-3.69467175637,1,1,Correos,"Calle de S. Dalmacio, 13",Itv Itevelesa Villaverde,True,False,False,False,False,False,False,False,1,Locker only,1,Single record,0.0,1,High,False
madrid,MAD_LOC_000639,40.44484874455185,-3.61163661346397,2,2,Amazon | Correos,"Pl. del Párroco Luis Calleja, 12",Correos - Madrid Suc 24. Canillejas | Madrid Suc 24. Canillejas,True,True,False,False,False,False,False,False,3,Locker and PUDO,4,"Multiple companies, multiple services",20.44,2,Medium,False
madrid,MAD_LOC_000640,40.429403635575,-3.609406107605,2,1,Correos,"C. de Longares, 30",Correos Madrid Suc 26. Las Musas | Madrid Suc 26. Las Musas,False,True,False,False,False,False,False,False,2,PUDO only,2,"Same company, multiple records",3.67,1,High,False
madrid,MAD_LOC_000641,40.44806246197,-3.57951352502,1,1,Correos,"Av. de Aragón, 330",Parque Empresarial Las Mercedes Centro De Trabajo,True,False,False,False,False,False,False,False,1,Locker only,1,Single record,0.0,1,High,False
madrid,MAD_LOC_000642,40.4585400967721,-3.784705587704285,4,2,Amazon | Correos,"C. de Caroli, 10",Citypaq Lockers-Correos Madrid Suc 33. Aravaca | Correos - Madrid Suc 33. Aravaca | Correos Madrid Suc 33. Aravaca | Madrid Suc 33. Aravaca,True,True,False,False,False,False,False,False,3,Locker and PUDO,4,"Multiple companies, multiple services",65.11,3,Review,True
madrid,MAD_LOC_000643,40.467981419370545,-3.8152110037196376,4,4,Amazon | Correos | Pudo | SEUR,"Av. de la Victoria, 2",Amazon Locker - Vanesa Cc | C.C. Sexta Avenida | Cc Sexta Avenida | Seur Locker Sexta Avenida,True,True,True,False,False,False,False,False,3,Locker and PUDO,4,"Multiple companies, multiple services",53.77,3,Review,True
madrid,MAD_LOC_000644,40.394015383310006,-3.7678069434549997,2,1,Correos,"Av. del Padre Piquer, 13",Correos Madrid Suc 50. Campamento | Madrid Suc 50. Campamento,False,True,False,False,False,False,False,False,2,PUDO only,2,"Same company, multiple records",19.16,2,Medium,False
madrid,MAD_LOC_000645,40.38760953330385,-3.7396309938212147,4,2,Amazon | Correos,"C. Hermanas Alonso Barceló, 7",Citypaq Lockers-Correos Madrid Suc 93. Vista Alegr | Correos - Madrid Suc 93. Vista Alegre | Correos Madrid Suc 93. Vista Alegre | Madrid Suc 93. Vista Alegre,True,True,False,False,False,False,False,False,3,Locker and PUDO,4,"Multiple companies, multiple services",16.31,2,Medium,False
madrid,MAD_LOC_000646,40.384310346015,-3.7157837048999998,2,1,Correos,"C. de San Magín, 5",Correos Madrid Suc 34. Plaza ElãPtica | Madrid Suc 34. Plaza ElãPtica,False,True,False,False,False,False,False,False,2,PUDO only,2,"Same company, multiple records",25.66,2,Medium,False
madrid,MAD_LOC_000647,40.38217158455,-3.70361984656,1,1,Correos,"C. Francisco Ruiz, 9",Cc Los Arrayanes,True,False,False,False,False,False,False,False,1,Locker only,1,Single record,0.0,1,High,False
madrid,MAD_LOC_000648,40.38639336211,-3.70110002314,1,1,Correos,"C. de Jesús del Gran Poder, 42",Mercado Jesus Del Gran Poder,True,False,False,False,False,False,False,False,1,Locker only,1,Single record,0.0,1,High,False
madrid,MAD_LOC_000649,40.43827613658,-3.65363939749,1,1,Correos,"C. de Virgen del Val, 7",Galeria Comercial Virgen Del Val,True,False,False,False,False,False,False,False,1,Locker only,1,Single record,0.0,1,High,False
madrid,MAD_LOC_000650,40.43264798596,-3.65556887823,2,1,Correos,"Calle Alcalde López Casero, 3",Correos Madrid Suc 20. El Carmen | Madrid Suc 20. El Carmen,False,True,False,False,False,False,False,False,2,PUDO only,2,"Same company, multiple records",2.31,1,High,False
madrid,MAD_LOC_000651,40.4371078733038,-3.66208548471044,1,1,Correos,"Calle de Brescia, 19",Carrefour,True,False,False,False,False,False,False,False,1,Locker only,1,Single record,0.0,1,High,False
madrid,MAD_LOC_000652,40.4711390157533,-3.693855769048745,4,2,Amazon | Correos,"C. del Padre Rubio, 43",Correos Madrid Sucursal 44 | Lockers Correos Madrid Sucursal 44,True,True,False,False,False,False,True,False,3,Locker and PUDO,4,"Multiple companies, multiple services",13.4,1,High,False
madrid,MAD_LOC_000653,40.4649107945917,-3.71935625156345,1,1,Correos,"C. de Sinesio Delgado, 10",Hospital Carlos Iii,True,False,False,False,False,False,False,False,1,Locker only,1,Single record,0.0,1,High,False
madrid,MAD_LOC_000654,40.4719861841506,-3.70968131180516,1,1,Correos,"C. de Sinesio Delgado, 56",Carrefour Market,True,False,False,False,False,False,False,False,1,Locker only,1,Single record,0.0,1,High,False
madrid,MAD_LOC_000655,40.4104175916275,-3.6556238643915635,3,2,Amazon | Correos,"C. del Arroyo de la Media Legua, 56",Correos - Madrid Suc 39. Moratalaz | Correos Madrid Suc 39. Moratalaz | Madrid Suc 39. Moratalaz,True,True,False,False,False,False,False,False,3,Locker and PUDO,4,"Multiple companies, multiple services",31.27,3,Review,True
madrid,MAD_LOC_000656,40.40155978258,-3.63109390252,1,1,Correos,"C. de Valdebernardo, 10",Supermercado La Despensa,True,False,False,False,False,False,False,False,1,Locker only,1,Single record,0.0,1,High,False
madrid,MAD_LOC_000657,40.40501095116,-3.64537066926,1,1,Correos,"C. de la Cañada, 17",Mercado Moratalaz,True,False,False,False,False,False,False,False,1,Locker only,1,Single record,0.0,1,High,False
madrid,MAD_LOC_000658,40.380496115305,-3.623647175545,2,1,Correos,"C. de Sierra Gádor, 50",Correos Madrid Suc 38. Villa De Vallecas | Madrid Suc 38. Villa De Vallecas,False,True,False,False,False,False,False,False,2,PUDO only,2,"Same company, multiple records",3.21,1,High,False
madrid,MAD_LOC_000659,40.37704005436,-3.6338438974,1,1,Correos,"Cam. de las Hormigueras, 169",Correos Madrid Suc 61. Ccp ChamartãN,False,True,False,False,False,False,False,False,2,PUDO only,1,Single record,0.0,1,High,False
madrid,MAD_LOC_000660,40.40330228482157,-3.6060398087554404,4,2,Amazon | Correos,"C/ de la Condesa de la Vega del Pozo, 29",Citypaq Lockers-Correos Madrid Suc 49. Vicálvaro | Correos - Madrid Suc 49. Vicálvaro | Correos Madrid Suc 49. VicãLvaro | Madrid Suc 49. VicãLvaro,True,True,False,False,False,False,True,False,3,Locker and PUDO,4,"Multiple companies, multiple services",34.86,3,Review,True
madrid,MAD_LOC_000661,40.39683980457,-3.6183240946,1,1,Correos,"Blvr. de José Prat, 35",Madrid Suc 78. Cc Valdebernardo,False,True,False,False,False,False,False,False,2,PUDO only,1,Single record,0.0,1,High,False
madrid,MAD_LOC_000662,40.473209064805005,-3.64346456133,2,1,Correos,"C. del Mar Caspio, 10",Correos Madrid Suc 47. Hortaleza | Madrid Suc 47. Hortaleza,False,True,False,False,False,False,False,False,2,PUDO only,2,"Same company, multiple records",7.34,1,High,False
madrid,MAD_LOC_000663,40.48288786655,-3.66930749454,1,1,Correos,"C. de Caleruega, 90",Bm Supermercados,True,False,False,False,False,False,False,False,1,Locker only,1,Single record,0.0,1,High,False
madrid,MAD_LOC_000664,40.4976602175,-3.68640182528609,2,2,Amazon | Correos,"C. de las Islas Palaos, 30 | Calle De Las, C. de las Islas Palaos, 30",Correos - Madrid Suc 31. Fuencarral Pueblo | Madrid Suc 31. Fuencarral Pueblo,False,True,False,False,False,False,True,False,7,Multiple services,4,"Multiple companies, multiple services",8.25,1,High,False
madrid,MAD_LOC_000665,40.487090449565,-3.6895545855,2,1,Correos,"Calle de la Virgen de Aránzazu, 31 | VIRGEN DE ARANZAZU, 31",Correos Madrid Suc 51. Begoã‘A | Madrid Suc 51. Begoã‘A,False,True,False,False,False,False,False,False,2,PUDO only,2,"Same company, multiple records",14.85,1,High,False
madrid,MAD_LOC_000666,40.488415205,-3.69294741104,1,1,Correos,"C. de Francisco Sancha, 42",Parking Zity Oficinas,True,False,False,False,False,False,False,False,1,Locker only,1,Single record,0.0,1,High,False
madrid,MAD_LOC_000667,40.48122720877,-3.72009395178,1,1,Correos,"Av del Cardenal Herrera Oria, 241",Madrid Suc 54. Herrera Oria,False,True,False,False,False,False,False,False,2,PUDO only,1,Single record,0.0,1,High,False
madrid,MAD_LOC_000668,40.42356460142,-3.62499597186,1,1,Correos,"C. de los Hermanos García Noblejas, 30",Madrid Suc 35. Ciudad Lineal,False,True,False,False,False,False,False,False,2,PUDO only,1,Single record,0.0,1,High,False
madrid,MAD_LOC_000669,40.43450697033795,-3.635803203639205,2,2,Amazon | Correos,"C. de los Hermanos García Noblejas, 30",Correos - Madrid Suc 35. Ciudad Lineal | Correos Madrid Suc 35. Ciudad Lineal,False,True,False,False,False,False,True,False,7,Multiple services,4,"Multiple companies, multiple services",6.89,1,High,False
madrid,MAD_LOC_000670,40.39772314052157,-3.6662898039031564,3,2,Amazon | Correos,"C. del Monte Oliveti, 29",Citypaq Lockers-Correos Madrid Suc 52. Puente De V | Correos Madrid Suc 52. Puente De Vallecas | Madrid Suc 52. Puente De Vallecas,False,True,False,False,False,False,True,False,7,Multiple services,4,"Multiple companies, multiple services",68.05,3,Review,True
madrid,MAD_LOC_000671,40.38821012551,-3.64619973512,1,1,Correos,"C. de Santiago Alió, 10A",Madrid Suc 72. Alto Del Arenal,False,True,False,False,False,False,False,False,2,PUDO only,1,Single record,0.0,1,High,False
madrid,MAD_LOC_000672,40.4032557,-3.661248,1,1,Correos,"Calle del Dr. Lozano, 16",Mercado Doã‘A Carlota,True,False,False,False,False,False,False,False,1,Locker only,1,Single record,0.0,1,High,False
madrid,MAD_LOC_000673,40.39319605024,-3.65839322454,1,1,Correos,"C. de Josefa Díaz, 4",Mercado Numancia,True,False,False,False,False,False,False,False,1,Locker only,1,Single record,0.0,1,High,False
madrid,MAD_LOC_000674,40.38862954096,-3.64585295541,1,1,Correos,"C. de Santiago Alió, 10A",Correos Madrid Suc 72. Alto Del Arenal,False,True,False,False,False,False,False,False,2,PUDO only,1,Single record,0.0,1,High,False
madrid,MAD_LOC_000675,40.39037790772,-3.64170469878,1,1,Correos,"C. de Antonio Mairena, 2-6",Cash Ecofamilia,True,False,False,False,False,False,False,False,1,Locker only,1,Single record,0.0,1,High,False
madrid,MAD_LOC_000676,40.39772528198,-3.66793641105,1,1,Correos,"Av. de la Albufera, 9",Carrefour,True,False,False,False,False,False,False,False,1,Locker only,1,Single record,0.0,1,High,False
madrid,MAD_LOC_000677,40.39264858647226,-3.654632457355427,3,3,Correos | Pudo | SEUR,"C. Monleón S/N | C. Monleón SN | C. Monleón, s/n",Alcampo | C.C. Alcampo Vallecas | Seur Locker Alc Vallecas,True,False,True,False,False,False,False,False,7,Multiple services,4,"Multiple companies, multiple services",31.58,3,Review,True
madrid,MAD_LOC_000678,40.4561263249906,-3.7030082524967765,3,2,Amazon | Correos,"C. de Mariano Fernández, 1",Correos Madrid Sucursal 25 | Lockers Correos Madrid Sucursal 25,True,True,False,False,False,False,False,False,3,Locker and PUDO,4,"Multiple companies, multiple services",2.72,1,High,False
madrid,MAD_LOC_000679,40.44327835793133,-3.728799287670185,4,2,Amazon | Correos,"C. del Arquitecto López Otero, 3",Correos Madrid Sucursal 60 | Lockers Correos Madrid Sucursal 60,True,True,False,False,False,False,True,False,3,Locker and PUDO,4,"Multiple companies, multiple services",5.74,1,High,False
madrid,MAD_LOC_000680,40.4518128366676,-3.71954141442616,1,1,Correos,"C. de Leonardo Prieto Castro, 2",University Cunef,True,False,False,False,False,False,False,False,1,Locker only,1,Single record,0.0,1,High,False
madrid,MAD_LOC_000681,40.35477435,-3.692409949,1,1,Correos,"C. de Sáhara, 42,44",Madrid Suc 41. Villaverde Bajo,False,True,False,False,False,False,False,False,2,PUDO only,1,Single record,0.0,1,High,False
madrid,MAD_LOC_000682,40.3706295471126,-3.70811370111222,2,2,Amazon | Correos,"Pl. Movimiento Ciudadano, 1",Correos - Madrid Suc 57. Orcasitas | Madrid Suc 57. Orcasitas,False,True,False,False,False,False,True,False,7,Multiple services,4,"Multiple companies, multiple services",10.4,1,High,False
madrid,MAD_LOC_000683,40.373484278979404,-3.695448552813575,2,2,Amazon | Correos,"C/ de Eduardo Barreiros, 3, 5 | C/ de Eduardo Barreiros, 3, Y 5",Correos - Madrid Suc 77. San Fermin | Madrid Suc 77. San Fermin,False,True,False,False,False,False,True,False,7,Multiple services,4,"Multiple companies, multiple services",35.84,3,Review,True
madrid,MAD_LOC_000684,40.35867117128,-3.69412710912,1,1,Correos,"C. Pan y Toros, 27",Galeria Comercial Los Angeles,True,False,False,False,False,False,False,False,1,Locker only,1,Single record,0.0,1,High,False
madrid,MAD_LOC_000685,40.36875904906,-3.71512932408,1,1,Correos,"C. Villabona, 2",Mercado De Orcasitas,True,False,False,False,False,False,False,False,1,Locker only,1,Single record,0.0,1,High,False
madrid,MAD_LOC_000686,40.3703212390829,-3.6886172520538096,2,2,Amazon | Correos,"Av. de los Fueros, 36",Asociacion Proyecto San Fermin | Citypaq Lockers-Asociacion Proyecto San Fermin,True,False,False,False,False,False,False,False,1,Locker only,3,"Multiple companies, single service",1.67,1,High,False
madrid,MAD_LOC_000687,40.35398356761,-3.69268879921,1,1,Correos,"C. de Sáhara, 42,44",Correos Madrid Suc 41. Villaverde Bajo,False,True,False,False,False,False,False,False,2,PUDO only,1,Single record,0.0,1,High,False
madrid,MAD_LOC_000688,40.471398491310154,-3.58314012366397,2,2,Amazon | Correos,"C. Alanís, 1",Correos - Madrid Suc 59. Barajas Pueblo | Madrid Suc 59. Barajas Pueblo,False,True,False,False,False,False,True,False,7,Multiple services,4,"Multiple companies, multiple services",18.85,2,Medium,False
madrid,MAD_LOC_000689,40.45743888468,-3.58846179525,1,1,Correos,"C. de La Rioja, 11",Madrid Suc 62. Alameda De Osuna,False,True,False,False,False,False,False,False,2,PUDO only,1,Single record,0.0,1,High,False
madrid,MAD_LOC_000690,40.45675591373,-3.61824709156,1,1,Correos,"Av. de los Andes, 50",Madrid Suc 14. Hipercor Campo De Las Naciones,False,True,False,False,False,False,False,False,2,PUDO only,1,Single record,0.0,1,High,False
madrid,MAD_LOC_000691,40.45386814027,-3.58300968714,1,1,Correos,"C. Trespaderne, 25",Bluespace,True,False,False,False,False,False,False,False,1,Locker only,1,Single record,0.0,1,High,False
madrid,MAD_LOC_000692,40.45856812375095,-3.659372322484035,2,2,Amazon | Correos,"C. de Arturo Soria, 189",Correos - Madrid Suc 29. Arturo Soria | Madrid Suc 29. Arturo Soria,False,True,False,False,False,False,True,False,7,Multiple services,4,"Multiple companies, multiple services",42.27,3,Review,True
madrid,MAD_LOC_000693,40.46476127389325,-3.649379756493855,2,2,Amazon | Correos,"C. de Pegaso, 24",Correos - Madrid Suc 99 | Madrid Suc 99,True,False,False,False,False,False,True,False,7,Multiple services,4,"Multiple companies, multiple services",23.76,2,Medium,False
madrid,MAD_LOC_000694,40.38181595324,-3.76489855085,1,1,Correos,"C. del Sanguiño, 6-8",Madrid Suc 43. Las ÃGuilas,False,True,False,False,False,False,False,False,2,PUDO only,1,Single record,0.0,1,High,False
madrid,MAD_LOC_000695,40.3821979775,-3.76420981168,1,1,Correos,"C. del Sanguiño, 6-8",Correos Madrid Suc 43. Las ÃGuilas,False,True,False,False,False,False,False,False,2,PUDO only,1,Single record,0.0,1,High,False
madrid,MAD_LOC_000696,40.4050369190266,-3.69224506372505,1,1,Correos,"C. de Rafael de Riego, 14",Bm Supermercados,True,False,False,False,False,False,False,False,1,Locker only,1,Single record,0.0,1,High,False
madrid,MAD_LOC_000697,40.40301130541924,-3.6970084872033198,5,4,Correos | Pudo | SEUR | UPS,"P.o de Sta. María de la Cabeza, 41",Mer Sm De La Cabeza | Mercado Santa Maria Cabeza | Mercado Santa María De La Cabeza | Seur Lockers Mercado Sta M,True,False,True,False,False,False,True,False,7,Multiple services,4,"Multiple companies, multiple services",52.2,3,Review,True
madrid,MAD_LOC_000698,40.3954983740522,-3.6967757129213132,3,2,Amazon | Correos,"C. de Tomás Borrás, 5-7",Correos Madrid Suc 17. Legazpi | Lockers Correos Madrid Sucursal 17 | Madrid Suc 17. Legazpi,True,True,False,False,False,False,False,False,3,Locker and PUDO,4,"Multiple companies, multiple services",25.51,2,Medium,False
madrid,MAD_LOC_000699,40.39724591919,-3.69449591168,1,1,Correos,"Paseo de las Delicias, 92",Bm Supermercados,True,False,False,False,False,False,False,False,1,Locker only,1,Single record,0.0,1,High,False
madrid,MAD_LOC_000700,40.39464281874,-3.67860601091,1,1,Correos,C. de Méndez Núñez,Estacion Autobuses Madrid Sur,True,False,False,False,False,False,False,False,1,Locker only,1,Single record,0.0,1,High,False
madrid,MAD_LOC_000701,40.46613733795,-3.68884546622,1,1,Correos,"Pl. Castilla, s/n",Intercambiador Plaza De Castilla,True,False,False,False,False,False,False,False,1,Locker only,1,Single record,0.0,1,High,False
madrid,MAD_LOC_000702,40.5191654435176,-3.7769447637529074,4,2,Amazon | Correos,"Pl. de Rogelio Enriquez, 5",Citypaq Lockers-Correos Madrid Suc 32. El Pardo | Correos - Madrid Suc 32. El Pardo | Correos Madrid Suc 32. El Pardo | Madrid Suc 32. El Pardo,True,True,False,False,False,False,True,False,3,Locker and PUDO,4,"Multiple companies, multiple services",33.09,3,Review,True
madrid,MAD_LOC_000703,40.54453118746,-3.69535793901,1,1,Correos,"Rectorado Universidad Autonoma de Madrid, Kant, s/n",Madrid Suc 58. Universidad Autã“Noma Cantoblanco,False,True,False,False,False,False,False,False,2,PUDO only,1,Single record,0.0,1,High,False
madrid,MAD_LOC_000704,40.507746327875,-3.696869216485,2,1,Correos,"Av del Santuario de Valverde, 45",Correos Madrid Suc 82. Monte Carmelo | Madrid Suc 82. Monte Carmelo,True,True,False,False,False,False,False,False,3,Locker and PUDO,2,"Same company, multiple records",7.69,1,High,False
madrid,MAD_LOC_000705,40.510599217697816,-3.6900950997113737,5,5,Correos | Ctt Express | Pudo | SEUR | UPS,"C. del Monasterio de Arlanza, 20",C.C. Montecarmelo | Cc Montecarmelo | Crazy Phone | P Taquilla Cc Montecarmelo | Seur Locker Montecarmelo,True,False,True,False,False,False,True,False,7,Multiple services,4,"Multiple companies, multiple services",45.27,3,Review,True
madrid,MAD_LOC_000706,40.53915001804,-3.6942915665,1,1,Correos,Carr. de Colmenar S/N,Hospital Cantoblanco,True,False,False,False,False,False,False,False,1,Locker only,1,Single record,0.0,1,High,False
madrid,MAD_LOC_000707,40.50772961128907,-3.674721644732828,4,2,Amazon | Correos,"C. de Capiscol, 12",Citypaq Lockers-Correos Madrid Suc 81. Las Tablas | Correos - Madrid Suc 81. Las Tablas | Correos Madrid Suc 81. Las Tablas | Madrid Suc 81. Las Tablas,True,True,False,False,False,False,True,False,3,Locker and PUDO,4,"Multiple companies, multiple services",25.07,2,Medium,False
madrid,MAD_LOC_000708,40.49831659991,-3.66022790027,1,1,Correos,"C. de Margarita de Parma, 1",Madrid Suc 74. El Corte Inglã‰S Sanchinarro,False,True,False,False,False,False,False,False,2,PUDO only,1,Single record,0.0,1,High,False
madrid,MAD_LOC_000709,40.50040979262,-3.67299649467,1,1,Correos,"C. de la Sierra de Atapuerca, 13",Correoslabs,True,False,False,False,False,False,False,False,1,Locker only,1,Single record,0.0,1,High,False
madrid,MAD_LOC_000710,40.361315192945,-3.595187141525,2,1,Correos,"Av. del Ensanche de Vallecas, 106-108",Correos Madrid Suc 102 | Madrid Suc 102,False,True,False,False,False,False,False,False,2,PUDO only,2,"Same company, multiple records",42.28,3,Review,True
madrid,MAD_LOC_000711,40.389754769350006,-3.66534299152,2,1,Correos,"C/ de Sierra Carbonera, 75",Correos Madrid Suc 55. San Diego-Palomeras Bajas | Madrid Suc 55. San Diego-Palomeras Bajas,False,True,False,False,False,False,False,False,2,PUDO only,2,"Same company, multiple records",10.06,1,High,False
madrid,MAD_LOC_000712,40.36414323752,-3.65151939409,1,1,Correos,"Carretera Villaverde a Vallecas Km 3.5, CTM",Correos Madrid Cam 4 Centro De Trabajo,False,True,False,False,False,False,False,False,2,PUDO only,1,Single record,0.0,1,High,False
madrid,MAD_LOC_000713,40.37298864416,-3.74042542704,1,1,Correos,"C. Dobla, 5",Correos Madrid Suc 27. Carabanchel Alto,False,True,False,False,False,False,False,False,2,PUDO only,1,Single record,0.0,1,High,False
madrid,MAD_LOC_000714,40.3722634079,-3.74024861515,1,1,Correos,"C. Dobla, 5",Madrid Suc 27. Carabanchel Alto,False,True,False,False,False,False,False,False,2,PUDO only,1,Single record,0.0,1,High,False
madrid,MAD_LOC_000715,40.4249721605026,-3.68389298250484,2,2,Amazon | SEUR,"Calle Velázquez, 30",Seur Velazquez Farma | Velazquez Farma,True,False,False,False,False,False,True,False,7,Multiple services,4,"Multiple companies, multiple services",18.14,2,Medium,False
madrid,MAD_LOC_000716,40.4250615000703,-3.68290758049647,1,1,Amazon,"Calle de Goya, 24 Madrid",Lockers Tolosana,True,False,False,False,False,False,False,False,1,Locker only,1,Single record,0.0,1,High,False
madrid,MAD_LOC_000717,40.426431912808454,-3.6796430484841647,2,2,Amazon | SEUR,"C. de Hermosilla, 62",Aroma Style Home | Seur Aroma Style Home,True,False,False,False,False,False,True,False,7,Multiple services,4,"Multiple companies, multiple services",22.53,2,Medium,False
madrid,MAD_LOC_000718,40.4295550932003,-3.6768137506515,1,1,Amazon,"Calle del General Díaz Porlier, 50",Lockers Anchia,True,False,False,False,False,False,False,False,1,Locker only,1,Single record,0.0,1,High,False
madrid,MAD_LOC_000719,40.4474110673086,-3.67452006182682,1,1,Amazon,"C. de Sánchez Pacheco, 44",Lockers Arguez,True,False,False,False,False,False,False,False,1,Locker only,1,Single record,0.0,1,High,False
madrid,MAD_LOC_000720,40.447835884888036,-3.675572650860133,3,3,Amazon | Celeritas | Ctt Express,"C. de Eugenio Salazar, 47",World Tech Mobile,False,False,False,False,False,False,True,False,5,Convenience Store only,3,"Multiple companies, single service",17.44,2,Medium,False
madrid,MAD_LOC_000721,40.4450446820152,-3.67245333194234,1,1,Amazon,"C. de Ros de Olano, 2",Lockers Akrouh,True,False,False,False,False,False,False,False,1,Locker only,1,Single record,0.0,1,High,False
madrid,MAD_LOC_000722,40.448551817065095,-3.6752390800323553,2,2,Amazon | SEUR,"C. de Eugenio Salazar, 58",Locutorio Conectame,False,False,False,False,False,False,True,False,5,Convenience Store only,3,"Multiple companies, single service",18.45,2,Medium,False
madrid,MAD_LOC_000723,40.4449008816799,-3.66694261636505,1,1,Amazon,"C. del Corazón de María, 46",Lockers Formación,True,False,False,False,False,False,False,False,1,Locker only,1,Single record,0.0,1,High,False
madrid,MAD_LOC_000724,40.4482511265437,-3.66660873067585,1,1,Amazon,"C. del Corazón de María, 65",Lockers Nuez,True,False,False,False,False,False,False,False,1,Locker only,1,Single record,0.0,1,High,False
madrid,MAD_LOC_000725,40.4461536943343,-3.6705297921528297,2,2,Amazon | SEUR,"C/ de Sta Hortensia, 2",Seur Vaspstore Prosperidad | Vapstore Prosperidad,True,False,False,False,False,False,True,False,7,Multiple services,4,"Multiple companies, multiple services",8.39,1,High,False
madrid,MAD_LOC_000726,40.445351193844175,-3.6745348178656103,4,3,Amazon | Ctt Express | SEUR,"C. de Mantuano, 9 | C. de Mantuano, 9, Local",Ferretotal | Seur Ferretotal,False,False,False,False,False,False,True,False,5,Convenience Store only,3,"Multiple companies, single service",14.18,1,High,False
madrid,MAD_LOC_000727,40.447722907262,-3.66610418106778,1,1,Amazon,"C. del Corazón de María, 76",Lockers Bicos,True,False,False,False,False,False,False,False,1,Locker only,1,Single record,0.0,1,High,False
madrid,MAD_LOC_000728,40.4454096814762,-3.66758656616494,1,1,Amazon,"C. de Sta. Rita, 12",Lockers Camarero,True,False,False,False,False,False,False,False,1,Locker only,1,Single record,0.0,1,High,False
madrid,MAD_LOC_000729,40.4449971731581,-3.67585345743013,1,1,Amazon,"Cl. de Suero de Quiñones, 12",Amazon Counter - Cincocopias,False,False,False,False,False,False,True,False,5,Convenience Store only,1,Single record,0.0,1,High,False
madrid,MAD_LOC_000730,40.4499188586345,-3.6785301939015205,3,3,Amazon | SEUR | UPS,"C. del Príncipe de Vergara, 205 | Calle del Príncipe de Vergara, 205",Optica Golf | Seur Optica Golf,True,False,False,False,False,False,True,False,7,Multiple services,4,"Multiple companies, multiple services",17.14,2,Medium,False
madrid,MAD_LOC_000731,40.4409890845786,-3.67464643413704,1,1,Amazon,"C. de Cartagena, 113",Lockers Arribillaga,True,False,False,False,False,False,False,False,1,Locker only,1,Single record,0.0,1,High,False
madrid,MAD_LOC_000732,40.4485192165241,-3.6676381874382598,2,2,Amazon | Ctt Express,"C. de López de Hoyos, 196",Emovigo,False,False,False,False,False,False,True,False,5,Convenience Store only,3,"Multiple companies, single service",11.84,1,High,False
madrid,MAD_LOC_000733,40.44499261283617,-3.6753636995970402,3,2,Amazon | Ctt Express,"C. Luis Vives, 19 | C. Luis Vives, 19, local d | C. Luis Vives, 19, local izqdo",Jose Locutorios | Locutorio Prosperidad,False,False,False,False,False,False,True,False,5,Convenience Store only,3,"Multiple companies, single service",3.27,1,High,False
madrid,MAD_LOC_000734,40.443329206068675,-3.697478806553132,5,5,Amazon | Celeritas | Ctt Express | SEUR | UPS,"C. de Alonso Cano & C. del Robledillo | C. de Alonso Cano & C. del Robledillo s/n | C. de Alonso Cano, 81",Achalay | Achalay Prensa Y Revistas | Seur - Achalay,False,False,False,False,False,False,True,False,5,Convenience Store only,3,"Multiple companies, single service",14.79,1,High,False
madrid,MAD_LOC_000735,40.4418032502951,-3.70020699107737,1,1,Amazon,"C. de Ríos Rosas, 26",Amazon Locker - Berrendo,True,False,False,False,False,False,False,False,1,Locker only,1,Single record,0.0,1,High,False
madrid,MAD_LOC_000736,40.4457626596939,-3.69955140160945,1,1,Amazon,"C. de Maudes, 23",Lockers Estocolmo,True,False,False,False,False,False,False,False,1,Locker only,1,Single record,0.0,1,High,False
madrid,MAD_LOC_000737,40.439939706215,-3.6973077631033,2,2,Amazon | Ctt Express,"Calle de Bretón de los Herreros, 37",Estanco 81,False,False,False,False,False,False,True,False,5,Convenience Store only,3,"Multiple companies, single service",0.0,1,High,False
madrid,MAD_LOC_000738,40.44226743007748,-3.6972927175745047,4,3,Amazon | Pudo | SEUR,"C. de Alonso Cano, 50",Foto Fontana | Foto La Fontana | Fotografia La Fontana | Seur Fotografia La Fontana,True,False,True,False,False,False,True,False,7,Multiple services,4,"Multiple companies, multiple services",27.44,2,Medium,False
madrid,MAD_LOC_000739,40.44341764217,-3.70004482173688,1,1,Amazon,"C. de Cristóbal Bordiú, 19-21",Lockers Falla,True,False,False,False,False,False,False,False,1,Locker only,1,Single record,0.0,1,High,False
madrid,MAD_LOC_000740,40.4459357123104,-3.69806648295024,1,1,Amazon,"C. de Maudes, 39",Correos Madrid Sucursal 3,False,False,False,False,False,False,True,False,5,Convenience Store only,1,Single record,0.0,1,High,False
madrid,MAD_LOC_000741,40.4467695880956,-3.69735790576891,1,1,Amazon,C. de Raimundo Fernández Villaverde,Lockers Cercanias Nuevos Ministerios,True,False,False,False,False,False,False,False,1,Locker only,1,Single record,0.0,1,High,False
madrid,MAD_LOC_000742,40.4469647391391,-3.69335246710442,1,1,Amazon,"C. de Raimundo Fernández Villaverde, 79",Correos Madrid Sucursal 71,False,False,False,False,False,False,True,False,5,Convenience Store only,1,Single record,0.0,1,High,False
madrid,MAD_LOC_000743,40.4252451317366,-3.69315219594831,1,1,Amazon,Pl. de la Villa de París,Lockers Tisameno,True,False,False,False,False,False,False,False,1,Locker only,1,Single record,0.0,1,High,False
madrid,MAD_LOC_000744,40.4207624759563,-3.69662141928238,1,1,Amazon,"Pl. del Rey, 1",Lockers Estudio,True,False,False,False,False,False,False,False,1,Locker only,1,Single record,0.0,1,High,False
madrid,MAD_LOC_000745,40.4209642235565,-3.6997338628623,1,1,Amazon,"Pl. de Pedro Zerolo, 13",Lockers Kolkaa,True,False,False,False,False,False,False,False,1,Locker only,1,Single record,0.0,1,High,False
madrid,MAD_LOC_000746,40.4228206938719,-3.70184345943282,1,1,Amazon,"C. de Valverde, 27",Lockers Guilarte,True,False,False,False,False,False,False,False,1,Locker only,1,Single record,0.0,1,High,False
madrid,MAD_LOC_000747,40.4269246684742,-3.69899843288545,1,1,Amazon,"C. de Barceló, 6",Seur - Koiki Home,False,False,False,False,False,False,True,False,5,Convenience Store only,1,Single record,0.0,1,High,False
madrid,MAD_LOC_000748,40.4263294676686,-3.69734853004998,1,1,Amazon,"C/ de Hortaleza, 81",Bazar Súper Hogar,False,False,False,False,False,False,True,False,5,Convenience Store only,1,Single record,0.0,1,High,False
madrid,MAD_LOC_000749,40.40436370310715,-3.714992272755505,2,2,Amazon | SEUR,"P.o de Juan Antonio Vallejo-Nájera Botas, 50",Estanco 149 | Seur Estanco 149,False,False,False,False,False,False,True,False,5,Convenience Store only,3,"Multiple companies, single service",6.28,1,High,False
madrid,MAD_LOC_000750,40.4064325656853,-3.71133822540318,1,1,Amazon,"Gta. de la Prta de Toledo, 3",Lockers Bisulca,True,False,False,False,False,False,False,False,1,Locker only,1,Single record,0.0,1,High,False
madrid,MAD_LOC_000751,40.4014597593545,-3.71725692174695,1,1,Amazon,"C. San Epifanio, 9",Lockers Dolon,True,False,False,False,False,False,False,False,1,Locker only,1,Single record,0.0,1,High,False
madrid,MAD_LOC_000752,40.4086801700273,-3.71043255094573,1,1,Amazon,"C. de Toledo, 109",Lockers Albar,True,False,False,False,False,False,False,False,1,Locker only,1,Single record,0.0,1,High,False
madrid,MAD_LOC_000753,40.4059585753962,-3.70777451983555,1,1,Amazon,"Ronda de Toledo, 14",Lockers Eneo,True,False,False,False,False,False,False,False,1,Locker only,1,Single record,0.0,1,High,False
madrid,MAD_LOC_000754,40.4092166406022,-3.70991543447723,2,1,Amazon,"C. de Toledo, 107",Prink Madrid 3 | Seur Prink Madrid Toledo,False,False,False,False,False,False,True,False,5,Convenience Store only,2,"Same company, multiple records",0.0,1,High,False
madrid,MAD_LOC_000755,40.4089594082314,-3.7111932797050553,2,2,Amazon | Ctt Express,"C. de Toledo, 90",Mehdi Telcom,False,False,False,False,False,False,True,False,5,Convenience Store only,3,"Multiple companies, single service",17.14,2,Medium,False
madrid,MAD_LOC_000756,40.405677903867854,-3.713964808878325,2,2,Amazon | SEUR,"P.o de los Pontones, 17",El Patin De Oro | Seur El Patin De Oro,False,False,False,False,False,False,True,False,5,Convenience Store only,3,"Multiple companies, single service",22.44,2,Medium,False
madrid,MAD_LOC_000757,40.43735921921062,-3.6814004195022574,4,4,Amazon | Pudo | SEUR | UPS,"Calle de María de Molina, 48 | Calle de María de Molina, 48 - 50 | Calle de María de Molina, 48-50",Lockers Arcarons | Parking Indigo María De Molina | Pk Indigo Md Molina | Pk Maria De Molina,True,False,True,False,False,False,False,False,7,Multiple services,4,"Multiple companies, multiple services",54.27,3,Review,True
madrid,MAD_LOC_000758,40.436199256680354,-3.684881126036605,2,2,Amazon | SEUR,"C. del Gral. Oráa, 18",Hilltop Bs | Seur - Hilltop Bs,True,False,False,False,False,False,True,False,7,Multiple services,4,"Multiple companies, multiple services",29.18,2,Medium,False
madrid,MAD_LOC_000759,40.3989576545692,-3.6704679226858,1,1,Amazon,Avenida de la Ciudad de Barcelona 222,Lockers Miu Dia,True,False,False,False,False,False,False,False,1,Locker only,1,Single record,0.0,1,High,False
madrid,MAD_LOC_000760,40.400326178904,-3.67216330532322,1,1,Amazon,"Av. de la Ciudad de Barcelona, 91",Movil-Tech,False,False,False,False,False,False,True,False,5,Convenience Store only,1,Single record,0.0,1,High,False
madrid,MAD_LOC_000761,40.4012441494756,-3.67421238045225,1,1,Amazon,"Av. de la Ciudad de Barcelona, 81, Local B",Entredulces,False,False,False,False,False,False,True,False,5,Convenience Store only,1,Single record,0.0,1,High,False
madrid,MAD_LOC_000762,40.3982091320843,-3.67163299568018,1,1,Amazon,"C. de Gandía, 6",Bar Cafetería Impuls,False,False,False,False,False,False,True,False,5,Convenience Store only,1,Single record,0.0,1,High,False
madrid,MAD_LOC_000763,40.3989259146051,-3.67203486771983,1,1,Amazon,"C. de Seco, 3, local 4",Mobile World,False,False,False,False,False,False,True,False,5,Convenience Store only,1,Single record,0.0,1,High,False
madrid,MAD_LOC_000764,40.3998865687089,-3.67088069495024,1,1,Amazon,"Av. de la Ciudad de Barcelona, 107",Accesorios Chowdhury B107,False,False,False,False,False,False,True,False,5,Convenience Store only,1,Single record,0.0,1,High,False
madrid,MAD_LOC_000765,40.398395954783254,-3.6724828349227803,2,2,Amazon | SEUR,"C. de Játiva, 43",Jativa | Tienda Seur - Jativa,False,True,False,False,False,False,True,False,7,Multiple services,4,"Multiple companies, multiple services",23.02,2,Medium,False
madrid,MAD_LOC_000766,40.4019414245233,-3.675308478604485,2,2,Amazon | Ctt Express,"Av. de la Ciudad de Barcelona, 75",Móviles Ciudad De Barcelona | Móviles Ciudad De Barcelona 75,False,False,False,False,False,False,True,False,5,Convenience Store only,3,"Multiple companies, single service",19.16,2,Medium,False
madrid,MAD_LOC_000767,40.403032570915,-3.67913735261199,1,1,Amazon,"Calle León Gil de Palacio, 2",Amazon Locker - Aneiros,True,False,False,False,False,False,False,False,1,Locker only,1,Single record,0.0,1,High,False
madrid,MAD_LOC_000768,40.4043754285125,-3.67538364837439,1,1,Amazon,"C. de Valderribas, 30",Amazon Locker - Calomarde,True,False,False,False,False,False,False,False,1,Locker only,1,Single record,0.0,1,High,False
madrid,MAD_LOC_000769,40.4297454467978,-3.71491610995358,1,1,Amazon,"Calle de la Princesa, 56",Lockers - Ismaelsa,True,False,False,False,False,False,False,False,1,Locker only,1,Single record,0.0,1,High,False
madrid,MAD_LOC_000770,40.4306184116397,-3.71944560964415,1,1,Amazon,"C. de Altamirano, 15",Pc Movil Servicios Mac,False,False,False,False,False,False,True,False,5,Convenience Store only,1,Single record,0.0,1,High,False
madrid,MAD_LOC_000771,40.432213649575104,-3.71842126837789,2,2,Amazon | Ctt Express,"C. de Benito Gutiérrez, 10",Amazon Counter - Locutorio Talal 2 | Locutorio Talal 2,False,False,False,False,False,False,True,False,5,Convenience Store only,3,"Multiple companies, single service",19.48,2,Medium,False
madrid,MAD_LOC_000772,40.432296797901,-3.717160551564295,2,2,Amazon | UPS,"Calle de la Princesa, 72",Amazon Counter - Deportes Princesa | Kanguro Deportes Princesa,False,False,False,False,False,False,True,False,5,Convenience Store only,3,"Multiple companies, single service",2.82,1,High,False
madrid,MAD_LOC_000773,40.4253336461724,-3.71276249971948,1,1,Amazon,"Calle de la Princesa, 5, Moncloa - Aravaca",Amazon Locker - Centaurea Parking,True,False,False,False,False,False,False,False,1,Locker only,1,Single record,0.0,1,High,False
madrid,MAD_LOC_000774,40.42871922217225,-3.71644540863179,2,2,Amazon | SEUR,"C. de Quintana, 6",Seur - Telex 24 | Telex 24,False,True,False,False,False,False,True,False,7,Multiple services,4,"Multiple companies, multiple services",15.48,2,Medium,False
madrid,MAD_LOC_000775,40.424970577737,-3.67183420693035,1,1,Amazon,"Calle de Goya, 115",Amazon Locker - Juan Parking,True,False,False,False,False,False,False,False,1,Locker only,1,Single record,0.0,1,High,False
madrid,MAD_LOC_000776,40.4173857137039,-3.67319213487795,1,1,Amazon,"C. de Máiquez, 21",Amazon Locker - Ghazaryan Parking,True,False,False,False,False,False,False,False,1,Locker only,1,Single record,0.0,1,High,False
madrid,MAD_LOC_000777,40.4160774557554,-3.67577321540792,1,1,Amazon,"C. del Doce de Octubre, 11",Amazon Locker - Fanega Dia,True,False,False,False,False,False,False,False,1,Locker only,1,Single record,0.0,1,High,False
madrid,MAD_LOC_000778,40.4334342675812,-3.70063173408192,1,1,Amazon,Plaza de Olavide 17,Lockers Bordonado,True,False,False,False,False,False,False,False,1,Locker only,1,Single record,0.0,1,High,False
madrid,MAD_LOC_000779,40.4318476739515,-3.69766270808717,1,1,Amazon,"Calle de Sta Engracia, 37",Lockers Corus,True,False,False,False,False,False,False,False,1,Locker only,1,Single record,0.0,1,High,False
madrid,MAD_LOC_000780,40.4346397221688,-3.69180701250449,1,1,Amazon,"C. de Rafael Calvo, 33",Correos Eo Direccion General De La Policia,False,False,False,False,False,False,True,False,5,Convenience Store only,1,Single record,0.0,1,High,False
madrid,MAD_LOC_000781,40.4305880865905,-3.69298870620255,1,1,Amazon,"C. de Almagro, 15",Amazon Locker - Toth Parking Emt,True,False,False,False,False,False,False,False,1,Locker only,1,Single record,0.0,1,High,False
madrid,MAD_LOC_000782,40.4300726820491,-3.70281658041698,1,1,Amazon,"Gta. de Bilbao, 4",Amazon Locker - Laverna Parking Emt,True,False,False,False,False,False,False,False,1,Locker only,1,Single record,0.0,1,High,False
madrid,MAD_LOC_000783,40.4327688900143,-3.70424204786559,1,1,Amazon,"Calle de Fuencarral, 145",Amazon Locker - Ararute,True,False,False,False,False,False,False,False,1,Locker only,1,Single record,0.0,1,High,False
madrid,MAD_LOC_000784,40.4370641047679,-3.698228044792815,2,2,Amazon | SEUR,"Calle de García de Paredes, 35",Seur - Zerowastemad | Zerowastemad,False,False,False,False,False,False,True,False,5,Convenience Store only,3,"Multiple companies, single service",21.84,2,Medium,False
madrid,MAD_LOC_000785,40.4113085033263,-3.73780863057002,1,1,Amazon,"Av. de Portugal, 155",Amazon Locker - Lando Parking Emt,True,False,False,False,False,False,False,False,1,Locker only,1,Single record,0.0,1,High,False
madrid,MAD_LOC_000786,40.40754025698243,-3.74658020105134,4,4,Amazon | Ctt Express | Nacex | SEUR,"P.o de Extremadura, 200",Amazon Counter - Candy Fiesta | Candy Fiesta | Candy Fiesta (2886-16),False,False,False,False,False,False,True,False,5,Convenience Store only,3,"Multiple companies, single service",23.69,2,Medium,False
madrid,MAD_LOC_000787,40.4048604631367,-3.74383450553042,1,1,Amazon,"C. de Sepúlveda, 89",Amazon Counter - Mini Latino 89,False,False,False,False,False,False,True,False,5,Convenience Store only,1,Single record,0.0,1,High,False
madrid,MAD_LOC_000788,40.4049897593093,-3.75111565949511,1,1,Amazon,"C. Carlina, 10",Citypaq Lockers-Correos Madrid Suc 56. Batán,True,False,False,False,False,False,False,False,1,Locker only,1,Single record,0.0,1,High,False
madrid,MAD_LOC_000789,40.4067845621377,-3.753468503086205,2,2,Amazon | SEUR,"C. de Villamanín, 46",Amazon Counter - Chollo De Batán | El Chollo De Batan,False,False,False,False,False,False,True,False,5,Convenience Store only,3,"Multiple companies, single service",6.95,1,High,False
madrid,MAD_LOC_000790,40.4040660930331,-3.70207711088296,1,1,Amazon,"C. de Embajadores, 78",Movileo,False,False,False,False,False,False,True,False,5,Convenience Store only,1,Single record,0.0,1,High,False
madrid,MAD_LOC_000791,40.40490313040265,-3.70127905918473,2,2,Amazon | SEUR,"Cl. de Alonso del Barco, 3",Pisamorena De Jq | Seur Pisamorena De Jq,False,False,False,False,False,False,True,False,5,Convenience Store only,3,"Multiple companies, single service",4.54,1,High,False
madrid,MAD_LOC_000792,40.4059558600061,-3.701700377716005,2,2,Amazon | Dhl,"Rda. de Valencia, 16",Alimentacion Panaderias | Carlin Ronda De Valencia,False,False,False,False,False,False,True,False,5,Convenience Store only,3,"Multiple companies, single service",35.48,3,Review,True
madrid,MAD_LOC_000793,40.40600344050123,-3.69956964161154,3,3,Amazon | Pudo | SEUR,"Rda. de Valencia, 1 | Rda. de Valencia, sn",Amazon Locker - Adroher Gym | Lidl Ronda De Valencia | Seur Lockers Lidl Ronda De,True,False,True,False,False,False,False,False,7,Multiple services,4,"Multiple companies, multiple services",43.94,3,Review,True
madrid,MAD_LOC_000794,40.408441392985594,-3.701626828880205,2,2,Amazon | Ctt Express,"C. de Tribulete, 4",Amazon Counter - Sr Tecnologia | Sr Tecnologia,True,False,False,False,False,False,True,False,7,Multiple services,4,"Multiple companies, multiple services",23.57,2,Medium,False
madrid,MAD_LOC_000795,40.4074525487978,-3.70042404271296,1,1,Amazon,"C. de Valencia, 16",Amazon Counter - T-Ephone,True,False,False,False,False,False,False,False,1,Locker only,1,Single record,0.0,1,High,False
madrid,MAD_LOC_000796,40.4066857413965,-3.698361993134265,2,2,Amazon | SEUR,"Rda. de Atocha, 26",Phonelectric | Seur - Phonelectric,False,False,False,False,False,False,True,False,5,Convenience Store only,3,"Multiple companies, single service",9.66,1,High,False
madrid,MAD_LOC_000797,40.4081088619354,-3.70193930933802,1,1,Amazon,"C. de Tribulete, 5",Amazon Counter - Swades Money Transfer,False,False,False,False,False,False,True,False,5,Convenience Store only,1,Single record,0.0,1,High,False
madrid,MAD_LOC_000798,40.4187342821349,-3.70365151726625,1,1,Amazon,"Pl. del Carmen, 2",Amazon Locker - Urano Mediamark,True,False,False,False,False,False,False,False,1,Locker only,1,Single record,0.0,1,High,False
madrid,MAD_LOC_000799,40.4228870008717,-3.71223834859835,1,1,Amazon,"Plaza de España, s/n, Moncloa - Aravaca",Amazon Locker - Bonoso Parking Emt,True,False,False,False,False,False,False,False,1,Locker only,1,Single record,0.0,1,High,False
madrid,MAD_LOC_000800,40.4165801988355,-3.70786733608441,1,1,Amazon,"C. de Bordadores, 3",Amazon Counter - Mehrab Telecom,False,False,False,False,False,False,True,False,5,Convenience Store only,1,Single record,0.0,1,High,False
madrid,MAD_LOC_000801,40.4219884014512,-3.70925854525033,1,1,Amazon,"C. de Isabel la Católica, 12",Amazon Locker - Clase Parking,True,False,False,False,False,False,False,False,1,Locker only,1,Single record,0.0,1,High,False
madrid,MAD_LOC_000802,40.41960391924985,-3.704960954788815,2,2,Amazon | Correos,"Pl. del Callao, 2, Planta 8 | Pz De Callao 2 Planta 8",Correos - Madrid Suc 86. Corte Ingles Callao | MADRID SUC 86. CORTE INGLES CALLAO,True,False,False,False,False,False,False,False,1,Locker only,3,"Multiple companies, single service",20.24,2,Medium,False
madrid,MAD_LOC_000803,40.4205537905748,-3.7087583767634,1,1,Amazon,"Pl. de Santo Domingo, 1",Amazon Locker - Andueza Dia,True,False,False,False,False,False,False,False,1,Locker only,1,Single record,0.0,1,High,False
madrid,MAD_LOC_000804,40.4197491695181,-3.7095316304586,2,2,Amazon | Ctt Express,"Cuesta de Sto. Domingo, 10",Alimentacion | Amazon Counter - Alimentacion,False,False,False,False,False,False,True,False,5,Convenience Store only,3,"Multiple companies, single service",15.97,2,Medium,False
madrid,MAD_LOC_000805,40.4177197875648,-3.69947570252904,1,1,Amazon,"EMT Parking Canalejas, Calle de Alcalá 16",Amazon Locker - Burcet Emt Parking,True,False,False,False,False,False,False,False,1,Locker only,1,Single record,0.0,1,High,False
madrid,MAD_LOC_000806,40.4152191437549,-3.70364368284907,1,1,Amazon,"Parking EMT Benavente, Plaza de Jacinto Benavente, s/n,",Amazon Locker - Levana,True,False,False,False,False,False,False,False,1,Locker only,1,Single record,0.0,1,High,False
madrid,MAD_LOC_000807,40.4184317973686,-3.69103077001814,1,1,Amazon,"EMT Parking Montalbán, Calle de Montalbán 3",Amazon Locker - Bonel,True,False,False,False,False,False,False,False,1,Locker only,1,Single record,0.0,1,High,False
madrid,MAD_LOC_000808,40.4128467946106,-3.6955769504225,2,2,Amazon | Ctt Express,"C. de Jesús, 7",Amazon Counter - Tahrim Telecom. | Tahrim Telecom.,False,False,False,False,False,False,True,False,5,Convenience Store only,3,"Multiple companies, single service",10.09,1,High,False
madrid,MAD_LOC_000809,40.43440545173665,-3.71546458692645,2,2,Amazon | Gls,"C. de Gaztambide, 26 | C. de Gaztambide, 26, Local L 40",Pc Factory Computer | Ps Pc Factory Computer,False,False,False,False,False,False,True,False,5,Convenience Store only,3,"Multiple companies, single service",14.36,1,High,False
madrid,MAD_LOC_000810,40.43539226607115,-3.715388222683445,2,1,Amazon,"C. de Gaztambide, 36 | Calle GASTAMBIDE, 36",Imovil-Fix | Wifi Locutorio.,False,False,False,False,False,False,True,False,5,Convenience Store only,2,"Same company, multiple records",7.49,1,High,False
madrid,MAD_LOC_000811,40.4352945865473,-3.71061890628058,1,1,Amazon,"C. de Fernández de los Ríos, 45",Amazon Locker - Cerifero Dia,True,False,False,False,False,False,False,False,1,Locker only,1,Single record,0.0,1,High,False
madrid,MAD_LOC_000812,40.4370715962723,-3.71631225187722,1,1,Amazon,Calle de Hilarión Eslava 46,Lockers Estepa,True,False,False,False,False,False,False,False,1,Locker only,1,Single record,0.0,1,High,False
madrid,MAD_LOC_000813,40.4371631277519,-3.71118922237097,1,1,Amazon,Calle de Blasco de Garay 74,Lockers Agud,True,False,False,False,False,False,False,False,1,Locker only,1,Single record,0.0,1,High,False
madrid,MAD_LOC_000814,40.4348051974492,-3.71629110245552,3,2,Amazon | SEUR,"C. de Fernando el Católico, 80",Dgv Soluciones | Seur - Dgv Soluciones,False,False,False,False,False,False,True,False,5,Convenience Store only,3,"Multiple companies, single service",7.59,1,High,False
madrid,MAD_LOC_000815,40.435132603825,-3.71455538262019,1,1,Amazon,"C. de Andrés Mellado, 43",Lockers Aboy,True,False,False,False,False,False,False,False,1,Locker only,1,Single record,0.0,1,High,False
madrid,MAD_LOC_000816,40.4336372097528,-3.71692720352665,1,1,Amazon,"C. de Hilarión Eslava, 15",Amazon Locker - Algarate Lavanderia,True,False,False,False,False,False,False,False,1,Locker only,1,Single record,0.0,1,High,False
madrid,MAD_LOC_000817,40.43332880383795,-3.7148435366810197,2,1,Amazon,"C. de Meléndez Valdés, 52, LOCAL 13 | C. de Meléndez Valdés, 52, Local 12",Amazon Counter - Moviltech. | Amazon Counter - New Technology,False,False,False,False,False,False,True,False,5,Convenience Store only,2,"Same company, multiple records",24.53,2,Medium,False
madrid,MAD_LOC_000818,40.4302722869667,-3.70872722141773,1,1,Amazon,"C. de Alberto Aguilera, 18",Amazon Locker - Alba Gasolinera,True,False,False,False,False,False,False,False,1,Locker only,1,Single record,0.0,1,High,False
madrid,MAD_LOC_000819,40.4318457225931,-3.7139337234452,4,3,Amazon | Ctt Express | SEUR,"C. de Rodríguez San Pedro, 49",Amazon Counter - Space Mobil | Seur - Space Mobil | Space Mobil,False,False,False,False,False,False,True,False,5,Convenience Store only,3,"Multiple companies, single service",6.89,1,High,False
madrid,MAD_LOC_000820,40.4314556461451,-3.71557709385731,1,1,Amazon,"C. de Gaztambide, 6",Amazon Locker - Rectángulo Supermecado,True,False,False,False,False,False,False,False,1,Locker only,1,Single record,0.0,1,High,False
madrid,MAD_LOC_000821,40.4554716623745,-3.67454122392489,1,1,Amazon,"C. de Uruguay, 13",Alimentacion Bazar,False,False,False,False,False,False,True,False,5,Convenience Store only,1,Single record,0.0,1,High,False
madrid,MAD_LOC_000822,40.4569149261144,-3.6752035380096952,2,1,Amazon,"C. de Colombia, 16",Amazon Counter - Vanse Artesanos Gourmet | Vanse Artesanos Gourmet,False,False,False,False,False,False,True,False,5,Convenience Store only,2,"Same company, multiple records",2.57,1,High,False
madrid,MAD_LOC_000823,40.4570505034324,-3.6744870560107596,2,2,Amazon | SEUR,"Calle de Puerto Rico, 29",Kukos | Seur Kukos,False,False,False,False,False,False,True,False,5,Convenience Store only,3,"Multiple companies, single service",22.42,2,Medium,False
madrid,MAD_LOC_000824,40.45258519562875,-3.6743971261652897,2,2,Amazon | SEUR,"Calle de Puerto Rico, 2",Electrodomesticos Escoria | Seur - Electrodomesticos Escoria,False,False,False,False,False,False,True,False,5,Convenience Store only,3,"Multiple companies, single service",16.31,2,Medium,False
madrid,MAD_LOC_000825,40.4628631503267,-3.67505155143972,1,1,Amazon,"Alcampo Pio XII, Cl. Pio Xii, 2",Amazon Locker - Hopkins Alcampo,True,False,False,False,False,False,False,False,1,Locker only,1,Single record,0.0,1,High,False
madrid,MAD_LOC_000826,40.45732321641,-3.67796358266079,1,1,Amazon,"Calle Bolivia Esquina Colombia, Madrid, Madrid, 28016",Amazon Locker - Costilla,True,False,False,False,False,False,False,False,1,Locker only,1,Single record,0.0,1,High,False
madrid,MAD_LOC_000827,40.4251084644422,-3.64024469760089,1,1,Amazon,"Pasaje Arriaga, s/n cv Santurce, 2",Amazon Locker - Cuchillo Supemercado,True,False,False,False,False,False,False,False,1,Locker only,1,Single record,0.0,1,High,False
madrid,MAD_LOC_000828,40.42544668885475,-3.63979486512161,2,2,Amazon | SEUR,"C. de Santurce, 8",Fiesta Lovers | Seur - Fiesta Lovers,False,False,False,False,False,False,True,False,5,Convenience Store only,3,"Multiple companies, single service",7.08,1,High,False
madrid,MAD_LOC_000829,40.4279332832068,-3.64185171508084,1,1,Amazon,Calle de Gonzalo de Berceo 29,Amazon Locker - Abou,True,False,False,False,False,False,False,False,1,Locker only,1,Single record,0.0,1,High,False
madrid,MAD_LOC_000830,40.4180848329117,-3.62944923392645,1,1,Amazon,"E.S. BP CONQUISTA, Avenida Daroca Km 0.4",Amazon Locker - Cerca Bp,True,False,False,False,False,False,False,False,1,Locker only,1,Single record,0.0,1,High,False
madrid,MAD_LOC_000831,40.4293337927235,-3.64046336117263,1,1,Amazon,"Lavaxpres Gutierre Cetina, Calle de Gutierre de Cetina 89",Amazon Locker - Tricas,True,False,False,False,False,False,False,False,1,Locker only,1,Single record,0.0,1,High,False
madrid,MAD_LOC_000832,40.4305380517311,-3.64171119872731,1,1,Amazon,"DIA Gutierrez, Gutierrez De Cetina, 50",Amazon Locker - Sustancia,True,False,False,False,False,False,False,False,1,Locker only,1,Single record,0.0,1,High,False
madrid,MAD_LOC_000833,40.42755595458545,-3.6425436455984,2,2,Amazon | Ctt Express,"C. de Ezequiel Solana, 100",Amazon Counter - Tecno Cell | Tecno Cell,False,False,False,False,False,False,True,False,5,Convenience Store only,3,"Multiple companies, single service",6.91,1,High,False
madrid,MAD_LOC_000834,40.4282833916889,-3.6399140590014802,2,2,Amazon | Ctt Express,"C. de Gutierre de Cetina, 78 | C. de Gutierre de Cetina, 78, LOCAL 2",Amazon Counter - La Clinica Del Movil | La Clinica Del Movil,False,False,False,False,False,False,True,False,5,Convenience Store only,3,"Multiple companies, single service",3.71,1,High,False
madrid,MAD_LOC_000835,40.4328178880285,-3.64133400531421,1,1,Amazon,"C. de Vicente Espinel, 43",Amazon Counter - Locutorio Mendez Lora,False,False,False,False,False,False,True,False,5,Convenience Store only,1,Single record,0.0,1,High,False
madrid,MAD_LOC_000836,40.4336823901019,-3.64574171234898,1,1,Amazon,"Ahorramas Los Urquiza, Calle de los Urquiza 5",Amazon Locker - Cardelus,True,False,False,False,False,False,False,False,1,Locker only,1,Single record,0.0,1,High,False
madrid,MAD_LOC_000837,40.3851375935454,-3.64265365951523,1,1,Amazon,"Av. de Rafael Alberti, 32",Amazon Counter - Linea Digital.Info,False,False,False,False,False,False,True,False,5,Convenience Store only,1,Single record,0.0,1,High,False
madrid,MAD_LOC_000838,40.3858084871869,-3.64208774969559,2,2,Amazon | SEUR,"Av. de Rafael Alberti, 28",Contraseña Pc | Seur - Contrasenya Pc,False,False,False,False,False,False,True,False,5,Convenience Store only,3,"Multiple companies, single service",7.22,1,High,False
madrid,MAD_LOC_000839,40.3867575386774,-3.65189018681606,1,1,Amazon,"Speed Queen, Avenida de Palomeras 114",Amazon Locker - Claque,True,False,False,False,False,False,False,False,1,Locker only,1,Single record,0.0,1,High,False
madrid,MAD_LOC_000840,40.3828356273106,-3.6498177554962,1,1,Amazon,"Don Limpio Lavandería, Avenida Pablo Neruda 106",Amazon Locker - Basagana,True,False,False,False,False,False,False,False,1,Locker only,1,Single record,0.0,1,High,False
madrid,MAD_LOC_000841,40.38684405607695,-3.65074106459932,2,2,Amazon | SEUR,"Av. de Palomeras, 129",Maturana Decorhogar | Seur - Maturana Decorhogar,False,False,False,False,False,False,True,False,5,Convenience Store only,3,"Multiple companies, single service",3.26,1,High,False
madrid,MAD_LOC_000842,40.38255682144435,-3.64908815107028,2,2,Amazon | SEUR,"Av. de Pablo Neruda, 59",Seur - Zeta Home | Zeta Homezeta Home,False,False,False,False,False,False,True,False,5,Convenience Store only,3,"Multiple companies, single service",4.57,1,High,False
madrid,MAD_LOC_000843,40.390643713456,-3.64851780510397,1,1,Amazon,"C. Pedro Callejo, 1",Amazon Counter - Alimentacion Y Productos Lati,False,False,False,False,False,False,True,False,5,Convenience Store only,1,Single record,0.0,1,High,False
madrid,MAD_LOC_000844,40.3905687154824,-3.72357455176122,1,1,Amazon,"C. de Alejandro Sánchez, 35",Amazon Locker - Vanuatu Lavaxpres,True,False,False,False,False,False,False,False,1,Locker only,1,Single record,0.0,1,High,False
madrid,MAD_LOC_000845,40.389394429386,-3.72988030477403,1,1,Amazon,"C. Castro de Oro, 2",Amazon Counter - Ciber Comunitel,False,False,False,False,False,False,True,False,5,Convenience Store only,1,Single record,0.0,1,High,False
madrid,MAD_LOC_000846,40.3869649068344,-3.71677409476448,1,1,Amazon,"Disa E.S. Shell Plaza Eliptica, Po De Santa Maria De La Cabeza No168",Amazon Locker - Celestina,True,False,False,False,False,False,False,False,1,Locker only,1,Single record,0.0,1,High,False
madrid,MAD_LOC_000847,40.39562357244575,-3.718645609608605,2,2,Amazon | SEUR,"C. de Jacinto Verdaguer, 34",Relojeria Julio Gayo | Seur - Relojeria Julio Gayo,False,False,False,False,False,False,True,False,5,Convenience Store only,3,"Multiple companies, single service",17.54,2,Medium,False
madrid,MAD_LOC_000848,40.38813143065,-3.73106891425684,6,5,Amazon | Gls | Nacex | SEUR | UPS,"C. Juan Francisco, 1 | C. Juan Francisco, 2 | Calle Juan Francisco 1 | Gta. Valle de Oro, 12",Amazon Counter - Estanco Valle De Oro | Amazon Counter - Locutorio 3115. | Estanco Valle De Oro | Estanco Valle De Oro (2883-09) | Ps Estanco Valle De Oro | Seur Locker Europhil Juan,True,False,False,False,False,False,True,False,7,Multiple services,4,"Multiple companies, multiple services",36.06,3,Review,True
madrid,MAD_LOC_000849,40.3857049066558,-3.71896495154845,1,1,Amazon,"C. de la Vía, 48",Amazon Counter - Paquito Colombiano S.L.,False,False,False,False,False,False,True,False,5,Convenience Store only,1,Single record,0.0,1,High,False
madrid,MAD_LOC_000850,40.389382303605,-3.7214097252546,1,1,Amazon,"Ahorramas Victor Manuel III, Calle de Víctor Manuel III 1",Amazon Locker - Catano,True,False,False,False,False,False,False,False,1,Locker only,1,Single record,0.0,1,High,False
madrid,MAD_LOC_000851,40.3885981442721,-3.73066003695979,1,1,Amazon,"Gta. Valle de Oro, 4",Amazon Counter - Kiosko Oporto.,False,False,False,False,False,False,True,False,5,Convenience Store only,1,Single record,0.0,1,High,False
madrid,MAD_LOC_000852,40.3910053490018,-3.7248657805832046,2,2,Amazon | SEUR,"C. del Camino Viejo de Leganés, 47",Saneamientos Palomo Fonta | Seur - Saneamientos Palomo Fonta,False,False,False,False,False,False,True,False,5,Convenience Store only,3,"Multiple companies, single service",1.82,1,High,False
madrid,MAD_LOC_000853,40.391946751368295,-3.72544248174683,2,2,Amazon | UPS,"C. San Patricio, 6",Amazon Counter - Estanco Nieves | Fnx-Estanco San Patricio,False,False,False,False,False,False,True,False,5,Convenience Store only,3,"Multiple companies, single service",13.69,1,High,False
madrid,MAD_LOC_000854,40.3868970122146,-3.72911824022445,1,1,Amazon,"Av. de Oporto, 69",Amazon Counter - Movilatino,False,False,False,False,False,False,True,False,5,Convenience Store only,1,Single record,0.0,1,High,False
madrid,MAD_LOC_000855,40.3958690046592,-3.7200286895458,1,1,Amazon,Calle del General Ricardos 36,Amazon Locker - Artalejo Gym,True,False,False,False,False,False,False,False,1,Locker only,1,Single record,0.0,1,High,False
madrid,MAD_LOC_000856,40.38923410532036,-3.72953056184094,3,3,Amazon | Pudo | SEUR,"C. Castro de Oro, 12",Amazon Counter - Latin Travel España | Latin Travel Castro De Oro | Seur Locker Latin Travel,True,False,True,False,False,False,True,False,7,Multiple services,4,"Multiple companies, multiple services",26.45,2,Medium,False
madrid,MAD_LOC_000857,40.4564763779808,-3.69347126458778,1,1,Amazon,"C. de San Germán, 11",Lockers Rimbau,True,False,False,False,False,False,False,False,1,Locker only,1,Single record,0.0,1,High,False
madrid,MAD_LOC_000858,40.45242068415635,-3.69405732287527,2,2,Amazon | Dhl,"Av. del General Perón, 32",Dhl Express Center General Peron | Lockers Halibut,True,True,False,False,False,False,False,False,3,Locker and PUDO,4,"Multiple companies, multiple services",46.99,3,Review,True
madrid,MAD_LOC_000859,40.4502385314418,-3.6930769481414,1,1,Amazon,"Pl. Pablo Ruiz Picasso, 1",Correos Madrid Sucursal 66,False,False,False,False,False,False,True,False,5,Convenience Store only,1,Single record,0.0,1,High,False
madrid,MAD_LOC_000860,40.4589545059345,-3.69583877603379,1,1,Amazon,"C. del Pensamiento, 26",Lockers Clavell,True,False,False,False,False,False,False,False,1,Locker only,1,Single record,0.0,1,High,False
madrid,MAD_LOC_000861,40.4588803718642,-3.69786526459087,1,1,Amazon,"C. Alonso Castrillo, 22",Lockers Jarama,True,False,False,False,False,False,False,False,1,Locker only,1,Single record,0.0,1,High,False
madrid,MAD_LOC_000862,40.4522814143263,-3.69474220331923,2,2,Amazon | SEUR,"C. de Orense, 28",Punto Orense | Tienda Seur Punto Orense,False,True,False,False,False,False,True,False,7,Multiple services,4,"Multiple companies, multiple services",12.84,1,High,False
madrid,MAD_LOC_000863,40.457185853675085,-3.702146888096768,5,5,Amazon | Ctt Express | Pudo | SEUR | UPS,"C. de Bravo Murillo, 221 | C. de Bravo Murillo, 225 | Calle de Bravo Murillo 223",La T Del Consumible | La Tienda Del Consumible Bravo Murillo | Lockers Delauz Expendeduria N706 | Raj Telefonia | Seur Lockers Tienda Consum,True,False,True,False,False,False,True,False,7,Multiple services,4,"Multiple companies, multiple services",17.08,2,Medium,False
madrid,MAD_LOC_000864,40.4471701835147,-3.69720902341933,1,1,Amazon,"C. de Edgar Neville, 1",Amazon Locker - Herrarte Parking,True,False,False,False,False,False,False,False,1,Locker only,1,Single record,0.0,1,High,False
madrid,MAD_LOC_000865,40.457305320215134,-3.70019744203242,3,2,Amazon | SEUR,"C. de San Germán, 49 | C. de San Germán, 49C",Amazon Counter - Locutorio San German | Locutorio San German | Seur Locutorio San German,False,False,False,False,False,False,True,False,5,Convenience Store only,3,"Multiple companies, single service",15.43,2,Medium,False
madrid,MAD_LOC_000866,40.45257201165305,-3.698916296329045,2,2,Amazon | SEUR,"Av. del General Perón, 4",Print It Peron | Seur - Print It Peron,False,False,False,False,False,False,True,False,5,Convenience Store only,3,"Multiple companies, single service",20.42,2,Medium,False
madrid,MAD_LOC_000867,40.4602571341047,-3.69851994312221,1,1,Amazon,"Speed Queen Lino Lavanderia, Calle Lino 2",Amazon Locker - Parcae,True,False,False,False,False,False,False,False,1,Locker only,1,Single record,0.0,1,High,False
madrid,MAD_LOC_000868,40.461278905408825,-3.69582244648592,3,3,Amazon | Celeritas | Ctt Express,"C. de la Infanta Mercedes, 70",Amazon Counter - Alimentación Bazar | Estanco Infanta Mercedes 70,False,False,False,False,False,False,True,False,5,Convenience Store only,3,"Multiple companies, single service",12.74,1,High,False
madrid,MAD_LOC_000869,40.341516099608,-3.687277421868745,2,2,Amazon | UPS,"C. de Rocafort, 22",Amazon Counter - Parada Amarilla Rocafort | Locutorio Pago Pronto,False,False,False,False,False,False,True,False,5,Convenience Store only,3,"Multiple companies, single service",9.18,1,High,False
madrid,MAD_LOC_000870,40.3425007381261,-3.68641298882393,1,1,Amazon,"C. de Rocafort, 87",Amazon Counter - Locutorio Roas,False,False,False,False,False,False,True,False,5,Convenience Store only,1,Single record,0.0,1,High,False
madrid,MAD_LOC_000871,40.3426634672624,-3.69102619883639,1,1,Amazon,"Pl. Pinazo, LOCAL 134",Amazon Counter - M Electronics,False,False,False,False,False,False,True,False,5,Convenience Store only,1,Single record,0.0,1,High,False
madrid,MAD_LOC_000872,40.3434443041951,-3.69314980810349,1,1,Amazon,"Calle de S. Dalmacio, 13",Citypaq Lockers-Itv Itevelesa Villaverde,True,False,False,False,False,False,False,False,1,Locker only,1,Single record,0.0,1,High,False
madrid,MAD_LOC_000873,40.3428102962111,-3.6915898048466,1,1,Amazon,"Pl. Pinazo, 12",Amazon Counter - Ciberlocutorio.Com,False,False,False,False,False,False,True,False,5,Convenience Store only,1,Single record,0.0,1,High,False
madrid,MAD_LOC_000874,40.33930003463,-3.70934173394826,1,1,Amazon,"Av. Real de Pinto, 106",Amazon Locker - Alubias Galp,True,False,False,False,False,False,False,False,1,Locker only,1,Single record,0.0,1,High,False
madrid,MAD_LOC_000875,40.3544791586643,-3.68694788655566,1,1,Amazon,"C. Delmira Agustini, 2",Amazon Locker - Amadoz Lavanderia,True,False,False,False,False,False,False,False,1,Locker only,1,Single record,0.0,1,High,False
madrid,MAD_LOC_000876,40.35126091025243,-3.6866833009284434,3,3,Amazon | Celeritas | Ctt Express,"C. de José del Pino, 80","Amazon Counter - Papeleria Del Pino | Papeleria Del Pino, Regalos Y Loteria",False,False,False,False,False,False,True,False,5,Convenience Store only,3,"Multiple companies, single service",10.94,1,High,False
madrid,MAD_LOC_000877,40.3519683821036,-3.685633562958496,5,4,Amazon | Celeritas | Ctt Express | SEUR,"C. de Andrea Jordán, 11, A | C. de Juan José Martínez Seco, 68",Amazon Counter - Papeleria Y Libreria Arcoiris | El Rincón De La Costura | Papeleria Libreria Arcoiris | Papeleria Y Libreria Arco | Papeleria Y Libreria Arcoiris,False,False,False,False,False,False,True,False,5,Convenience Store only,3,"Multiple companies, single service",22.02,2,Medium,False
madrid,MAD_LOC_000878,40.3338936787346,-3.70049957074885,1,1,Amazon,"Calle Principal, 23","Amazon Counter - Frutas, Verduras, Marconi",False,False,False,False,False,False,True,False,5,Convenience Store only,1,Single record,0.0,1,High,False
madrid,MAD_LOC_000879,40.3399927054538,-3.66870981895913,1,1,Amazon,"Av. de los Rosales, 147",Amazon Locker - Aristeo Repsol,True,False,False,False,False,False,False,False,1,Locker only,1,Single record,0.0,1,High,False
madrid,MAD_LOC_000880,40.4453723759214,-3.61318120409898,1,1,Amazon,"C/ de Boltaña, 17",Amazon Locker - Cirpaci Supermercado,True,False,False,False,False,False,False,False,1,Locker only,1,Single record,0.0,1,High,False
madrid,MAD_LOC_000881,40.44266162207484,-3.6123085855285004,3,3,Amazon | Celeritas | Ctt Express,"C. de San Mariano, 33",Amazon Locker - Lima Lanaderia | Peluqueria Almudena,True,False,False,False,False,False,True,False,7,Multiple services,4,"Multiple companies, multiple services",6.34,1,High,False
madrid,MAD_LOC_000882,40.44604270456225,-3.61195695661038,2,1,Amazon,"C. de Torre Arias, 8",Amazon Counter - Estrella Envios | Amazon Counter - Global Locutorio,False,False,False,False,False,False,True,False,5,Convenience Store only,2,"Same company, multiple records",2.04,1,High,False
madrid,MAD_LOC_000883,40.4443640108113,-3.61321925952163,1,1,Amazon,"C. de San Mariano, 15",Amazon Counter - Eurovzla,False,False,False,False,False,False,True,False,5,Convenience Store only,1,Single record,0.0,1,High,False
madrid,MAD_LOC_000884,40.443048402380455,-3.612702191784665,2,2,Amazon | SEUR,"C. de San Mariano, 44",Herbolario Jupa San Maria | Seur - Herbolario Jupa San Maria,False,False,False,False,False,False,True,False,5,Convenience Store only,3,"Multiple companies, single service",6.35,1,High,False
madrid,MAD_LOC_000885,40.43954542829008,-3.6124583470375318,6,6,Amazon | Celeritas | Ctt Express | Dhl | SEUR | UPS,"C. de Nicolasa Gómez, 72",3d Distribución Documental | Rmc Servicios | Seur - Rmc Servicios,False,False,False,False,False,False,True,False,5,Convenience Store only,3,"Multiple companies, single service",25.56,2,Medium,False
madrid,MAD_LOC_000886,40.4490940793364,-3.608250215448565,2,2,Amazon | Ctt Express,"C. de Alcalá, 644",Amazon Counter - Multiservicios A Y J | Multiservicios A Y J,False,False,False,False,False,False,True,False,5,Convenience Store only,3,"Multiple companies, single service",4.9,1,High,False
madrid,MAD_LOC_000887,40.44941167452213,-3.6075866025907097,3,3,Amazon | Dhl | Gls,"C. de Alcalá, 662 | Calle de Alcalá 662",Amazon Counter - Golden Express Alcala | Ps Remesas Golden | Remesas Golden Express,False,False,False,False,False,False,True,False,5,Convenience Store only,3,"Multiple companies, single service",23.64,2,Medium,False
madrid,MAD_LOC_000888,40.4576498726342,-3.7841117171012453,2,2,Amazon | Ctt Express,"C. de Caroli, 14",Amazon Counter - Locutorio El Profe | Locutorio El Profe,False,False,False,False,False,False,True,False,5,Convenience Store only,3,"Multiple companies, single service",6.87,1,High,False
madrid,MAD_LOC_000889,40.4473916880448,-3.78882504888917,1,1,Amazon,"Av. del Talgo, 155",Amazon Locker - Evangelista Edificio,True,False,False,False,False,False,False,False,1,Locker only,1,Single record,0.0,1,High,False
madrid,MAD_LOC_000890,40.4660247598859,-3.80107463019782,1,1,Amazon,"A-6 PK: 11,6, 28023 Madrid",Amazon Locker - Barbar Cepsa,True,False,False,False,False,False,False,False,1,Locker only,1,Single record,0.0,1,High,False
madrid,MAD_LOC_000891,40.3787624383988,-3.79038909187999,1,1,Amazon,"CR A-5, P.K. 9,00",Amazon Locker - Emmanuel Repsol,True,False,False,False,False,False,False,False,1,Locker only,1,Single record,0.0,1,High,False
madrid,MAD_LOC_000892,40.3833891883127,-3.78360956137138,1,1,Amazon,"C. de Fuente de Lima, 14",Amazon Locker - Perseo Emt Parking,True,False,False,False,False,False,False,False,1,Locker only,1,Single record,0.0,1,High,False
madrid,MAD_LOC_000893,40.3974098228081,-3.77442984789724,1,1,Amazon,"Carr. de Carabanchel a Aravaca, Latina",Amazon Locker - Claudia Local,True,False,False,False,False,False,False,False,1,Locker only,1,Single record,0.0,1,High,False
madrid,MAD_LOC_000894,40.38392745551097,-3.7833604060242423,5,5,Amazon | Celeritas | Ctt Express | SEUR | UPS,"C. de Fuente de Lima, 5",Bazar El Parque | Seur - Bazar El Parque,False,False,False,False,False,False,True,False,5,Convenience Store only,3,"Multiple companies, single service",8.53,1,High,False
madrid,MAD_LOC_000895,40.3870132095462,-3.73916625311847,1,1,Amazon,"C. de Matilde Hernández, s/n",Amazon Locker - Damajagua Mercado,True,False,False,False,False,False,False,False,1,Locker only,1,Single record,0.0,1,High,False
madrid,MAD_LOC_000896,40.38396034063097,-3.74084463436037,7,5,Amazon | Celeritas | Ctt Express | SEUR | UPS,"Calle del Gral. Ricardos, 244",Amazon Counter - Expendeduria 574 | Amazon Counter - Locutorio Bala | Expendeduria 574 | Expendiduria 574 | Seur - Expendeduria 574,False,False,False,False,False,False,True,False,5,Convenience Store only,3,"Multiple companies, single service",9.1,1,High,False
madrid,MAD_LOC_000897,40.38664476226577,-3.74215735302257,3,2,Amazon | Gls,"P.o de Marcelino Camacho, 29 | Paseo de Marcelino Camacho 29",Amazon Counter - Fix Mi Movil | Amazon Locker - Estambul Estanco | Ps Fix Mi Movil,True,False,False,False,False,False,True,False,7,Multiple services,4,"Multiple companies, multiple services",7.42,1,High,False
madrid,MAD_LOC_000898,40.38742077361165,-3.7421370483170975,4,3,Amazon | Ctt Express | SEUR,"C. de la Laguna, 74",Amazon Counter - Super Mercado La Laguna | Amazon Counter - Yp Belleza Y Glamur | Supermercado El Ahorro | Yp Belleza Y Glamur,False,False,False,False,False,False,True,False,5,Convenience Store only,3,"Multiple companies, single service",3.93,1,High,False
madrid,MAD_LOC_000899,40.388098749717344,-3.73875143342475,2,2,Amazon | Ctt Express,"C. Alondra, 41",Amazon Counter - Cositas De Mi Tierra | Cositas De Mi Tierra,False,False,False,False,False,False,True,False,5,Convenience Store only,3,"Multiple companies, single service",5.76,1,High,False
madrid,MAD_LOC_000900,40.3893108127506,-3.73801561398987,1,1,Amazon,"C. de la Oca, 49",Amazon Counter - Estanco Nieto García,False,False,False,False,False,False,True,False,5,Convenience Store only,1,Single record,0.0,1,High,False
madrid,MAD_LOC_000901,40.389105350703,-3.73891918383386,1,1,Amazon,"C. de la Oca, 59",Amazon Counter - The Mobile Zone,False,False,False,False,False,False,True,False,5,Convenience Store only,1,Single record,0.0,1,High,False
madrid,MAD_LOC_000902,40.39086355693968,-3.7423029504723075,4,3,Amazon | Pudo | SEUR,"C. de la Laguna, 28 | C. de la Laguna, 30",Amazon Locker - Mokhtari Dia | Latin Travel | Latin Travel La Laguna | Seur Locker Latin Travel,True,False,True,False,False,False,True,False,7,Multiple services,4,"Multiple companies, multiple services",14.07,1,High,False
madrid,MAD_LOC_000903,40.3878245595565,-3.742371347723765,2,2,Amazon | SEUR,"C. de la Laguna, 66",Amazon Counter - America Tu Tienda Latina | America Tu Tienda Latina,False,False,False,False,False,False,True,False,5,Convenience Store only,3,"Multiple companies, single service",4.63,1,High,False
madrid,MAD_LOC_000904,40.3810114120099,-3.74090395844172,1,1,Amazon,"Pl. Carabanchel, 4",Amazon Locker - Puyuelo La Wash,True,False,False,False,False,False,False,False,1,Locker only,1,Single record,0.0,1,High,False
madrid,MAD_LOC_000905,40.3888877288863,-3.73476818272717,1,1,Amazon,"Calle de la Gaviota, 6",Amazon Locker - Carafi Supermecado,True,False,False,False,False,False,False,False,1,Locker only,1,Single record,0.0,1,High,False
madrid,MAD_LOC_000906,40.3798764718529,-3.7073603704509,1,1,Amazon,"C. de Isabelita Usera, 84, LOCAL 3",Amazon Counter - Supermercados Jordan,False,False,False,False,False,False,True,False,5,Convenience Store only,1,Single record,0.0,1,High,False
madrid,MAD_LOC_000907,40.3822861145394,-3.707445987704655,2,1,Amazon,"C. de Isabelita Usera, 47 | C. de Isabelita Usera, 49",Amazon Counter - Dani Locutorio | Amazon Locker - Bodigo Dia,True,False,False,False,False,False,True,False,7,Multiple services,2,"Same company, multiple records",13.84,1,High,False
madrid,MAD_LOC_000908,40.382072120460805,-3.7079714352747,2,2,Amazon | SEUR,"C. del Teniente Compaired, 5",Recambios 90 | Seur - Recambios 90,False,False,False,False,False,False,True,False,5,Convenience Store only,3,"Multiple companies, single service",7.33,1,High,False
madrid,MAD_LOC_000909,40.38019577308435,-3.711595100029575,2,2,Amazon | SEUR,"Av. de Rafaela Ybarra, 42",El Rincon De Yois 2 0 | Seur - El Rincon De Yois 2 0,False,False,False,False,False,False,True,False,5,Convenience Store only,3,"Multiple companies, single service",9.11,1,High,False
madrid,MAD_LOC_000910,40.378601931362,-3.712207933781295,2,2,Amazon | Ctt Express,"Av Cerro de los Ángeles, 25",Alimentación Y Bazar Frutas | Amazon Counter - Alimentación Y Bazar Frutas,False,False,False,False,False,False,True,False,5,Convenience Store only,3,"Multiple companies, single service",8.59,1,High,False
madrid,MAD_LOC_000911,40.3824516476431,-3.7030022713592836,3,2,Amazon | SEUR,"C. Francisco Ruiz, 5",Amazon Counter - Papeleria Y Moviles Elisa | Papeleria Multifuncional | Seur - Papeleria Multifuncional,False,False,False,False,False,False,True,False,5,Convenience Store only,3,"Multiple companies, single service",25.75,2,Medium,False
madrid,MAD_LOC_000912,40.3830431856589,-3.70788578732073,1,1,Amazon,"C. de Isabelita Usera, 40, local C",Amazon Counter - Supermax.,False,False,False,False,False,False,True,False,5,Convenience Store only,1,Single record,0.0,1,High,False
madrid,MAD_LOC_000913,40.379341454795494,-3.712818547725255,2,2,Amazon | Ctt Express,"Av Cerro de los Ángeles, 24",Amazon Counter - Bazar Verde | Bazar Verde,False,False,False,False,False,False,True,False,5,Convenience Store only,3,"Multiple companies, single service",1.48,1,High,False
madrid,MAD_LOC_000914,40.382246025734595,-3.6997348832908834,3,2,Amazon | SEUR,"C. del Santuario, 60 | C. del Santuario, 60, LOCAL 1",Amazon Counter - Tienda De Ropa Anayka | Drogueria Y Tienda De Rop | Seur - Drogueria Y Tienda De Rop,False,False,False,False,False,False,True,False,5,Convenience Store only,3,"Multiple companies, single service",18.29,2,Medium,False
madrid,MAD_LOC_000915,40.383460794786146,-3.7063862398660996,2,2,Amazon | Ctt Express,"Calle Isidra Jiménez, 3",Amazon Counter - Edisosa Sl | Edisosa Sl,False,False,False,False,False,False,True,False,5,Convenience Store only,3,"Multiple companies, single service",6.61,1,High,False
madrid,MAD_LOC_000916,40.38599950306135,-3.70963775166103,2,2,Amazon | SEUR,"C. de Elisa, 15",Alimentacion Y Dtodo User | Seur - Alimentacion Y Dtodo User,False,False,False,False,False,False,True,False,5,Convenience Store only,3,"Multiple companies, single service",21.07,2,Medium,False
madrid,MAD_LOC_000917,40.3801318716116,-3.71300974425597,1,1,Amazon,"Av Cerro de los Ángeles, 10",Amazon Counter - Locutorio Watan,False,False,False,False,False,False,True,False,5,Convenience Store only,1,Single record,0.0,1,High,False
madrid,MAD_LOC_000918,40.3835465937525,-3.7040400847825,1,1,Amazon,"C. de Ramón Luján, 79",Amazon Counter - Ciber Usera-Mohammed,False,False,False,False,False,False,True,False,5,Convenience Store only,1,Single record,0.0,1,High,False
madrid,MAD_LOC_000919,40.3836984779009,-3.70444276772092,1,1,Amazon,"C. de Dolores Barranco, 22",Amazon Counter - Locutorio Informatica,False,False,False,False,False,False,True,False,5,Convenience Store only,1,Single record,0.0,1,High,False
madrid,MAD_LOC_000920,40.4466169930932,-3.65184614032159,1,1,Amazon,"C. de Agastia, 48",Amazon Locker - Eulogio Supermercado,True,False,False,False,False,False,False,False,1,Locker only,1,Single record,0.0,1,High,False
madrid,MAD_LOC_000921,40.4487505343379,-3.64462965388603,1,1,Amazon,"C. de Josefa Valcárcel, 28",Correos - Eo Direccion General De Trafico,True,False,False,False,False,False,False,False,1,Locker only,1,Single record,0.0,1,High,False
madrid,MAD_LOC_000922,40.4413873025404,-3.64107344457956,1,1,Amazon,"C. de Arturo Soria, 29",Amazon Locker - Piteo Repsol,True,False,False,False,False,False,False,False,1,Locker only,1,Single record,0.0,1,High,False
madrid,MAD_LOC_000923,40.439527136111664,-3.652976187617133,3,3,Amazon | Ctt Express | SEUR,"C. de Esteban Mora, 32 | C. de Esteban Mora, 51",Locutorio Kamy | Papeleria Emejota | Seur - Papeleria Emejota,False,False,False,False,False,False,True,False,5,Convenience Store only,3,"Multiple companies, single service",29.91,2,Medium,False
madrid,MAD_LOC_000924,40.4390876230015,-3.65131886902819,1,1,Amazon,"C. de Esteban Mora, 51",Amazon Counter - Locutorio Kamy,False,False,False,False,False,False,True,False,5,Convenience Store only,1,Single record,0.0,1,High,False
madrid,MAD_LOC_000925,40.4471312348067,-3.65200220546414,1,1,Amazon,"Pl. Virgen del Romero, 7",Amazon Counter - Locutorio La Red,False,False,False,False,False,False,True,False,5,Convenience Store only,1,Single record,0.0,1,High,False
madrid,MAD_LOC_000926,40.43233784521625,-3.656004102234775,2,2,Amazon | SEUR,"C. de Alcalá, 273 | Cl. Hernandez Tejada S/N Esq. Agastia S/N",Amazon Locker - Bartola Cepsa | Fokus Mobile,True,False,False,False,False,False,True,False,7,Multiple services,4,"Multiple companies, multiple services",4.59,1,High,False
madrid,MAD_LOC_000927,40.4334030416052,-3.65699808607936,1,1,Amazon,"C. de Alcalá, 273",Seur - Fokus Mobile,False,False,False,False,False,False,True,False,5,Convenience Store only,1,Single record,0.0,1,High,False
madrid,MAD_LOC_000928,40.44111752290645,-3.642620568190535,2,1,Amazon,"C. de José del Hierro, 57 | Calle Virgen de la Alegría 10",Amazon Locker - Baidez Supermercado | Amazon Locker - Cadaya Supermercado,True,False,False,False,False,False,False,False,1,Locker only,2,"Same company, multiple records",3.58,1,High,False
madrid,MAD_LOC_000929,40.4269952536649,-3.66761272236815,1,1,Amazon,"P.o del Marqués de Zafra, 7",Mahi Mobile Center,False,False,False,False,False,False,True,False,5,Convenience Store only,1,Single record,0.0,1,High,False
madrid,MAD_LOC_000930,40.42646861923357,-3.6656649056420867,3,3,Amazon | Dhl | SEUR,"P.o del Marqués de Zafra, 23",Copi Pc | Copipc | Copipc.,False,False,False,False,False,False,True,False,5,Convenience Store only,3,"Multiple companies, single service",7.32,1,High,False
madrid,MAD_LOC_000931,40.4252633858529,-3.66929076679897,1,1,Amazon,"C. del Dr. Esquerdo, 20",Lockers Guadaira,True,False,False,False,False,False,False,False,1,Locker only,1,Single record,0.0,1,High,False
madrid,MAD_LOC_000932,40.4301498789124,-3.66419514247379,1,1,Amazon,Calle de Bocángel,Amazon Counter - Arreglo Y Venta De Ropa Brysep,False,False,False,False,False,False,True,False,5,Convenience Store only,1,Single record,0.0,1,High,False
madrid,MAD_LOC_000933,40.4729485506631,-3.68969740776954,1,1,Amazon,Calle de las Magnolias 110,Lockers Archidona Lavandería Autoservicio Magnolias,True,False,False,False,False,False,False,False,1,Locker only,1,Single record,0.0,1,High,False
madrid,MAD_LOC_000934,40.4704800582791,-3.69188763397388,2,2,Amazon | SEUR,"C. del Padre Rubio, 15",Ferreteria Lauro Chichon | Seur Ferreteria Lauro Chichon,False,False,False,False,False,False,True,False,5,Convenience Store only,3,"Multiple companies, single service",16.44,2,Medium,False
madrid,MAD_LOC_000935,40.4699768360377,-3.6928214202453,1,1,Amazon,"C. del Cañaveral, 75",Amazon Counter - Bar La Sirena,False,False,False,False,False,False,True,False,5,Convenience Store only,1,Single record,0.0,1,High,False
madrid,MAD_LOC_000936,40.4703317755441,-3.69595804032883,1,1,Amazon,Av. de Asturias 40,Amazon Locker - Iliescu Supermercado,True,False,False,False,False,False,False,False,1,Locker only,1,Single record,0.0,1,High,False
madrid,MAD_LOC_000937,40.4717490628899,-3.69705431200499,1,1,Amazon,Calle de Emilia 46,Amazon Locker - Buxeda Supermercado,True,False,False,False,False,False,False,False,1,Locker only,1,Single record,0.0,1,High,False
madrid,MAD_LOC_000938,40.4777261547011,-3.69122222647367,1,1,Amazon,"Av. de Monforte de Lemos, 7",Amazon Locker - Arteaga Cepsa,True,False,False,False,False,False,False,False,1,Locker only,1,Single record,0.0,1,High,False
madrid,MAD_LOC_000939,40.4079984675173,-3.64658404698995,1,1,Amazon,"Av. de Moratalaz, 181",Amazon Locker - Ardisia Supermercado,True,False,False,False,False,False,False,False,1,Locker only,1,Single record,0.0,1,High,False
madrid,MAD_LOC_000940,40.4072602390989,-3.6367154462855,1,1,Amazon,"Calle MERIDA, 10, UDACO",Amazon Counter - Udaco,False,False,False,False,False,False,True,False,5,Convenience Store only,1,Single record,0.0,1,High,False
madrid,MAD_LOC_000941,40.40391404963712,-3.6478583238457603,5,4,Amazon | Ctt Express | SEUR | UPS,"Cl. de la Hacienda de Pavones, 12",Amazon Counter - Ciberinformatica Moratalaz | Ciberinformatia Moratalaz | Ciberinformatica Moratalaz | Seur - Ciberinformatia Moratalaz,False,False,False,False,False,False,True,False,5,Convenience Store only,3,"Multiple companies, single service",24.57,2,Medium,False
madrid,MAD_LOC_000942,40.40646904095132,-3.65006134867883,4,3,Amazon | Celeritas | SEUR,"Av. de Moratalaz, 121",Amazon Counter - Estanco Irati | Estanco Irati | Seur - Estanco Irati,False,False,False,False,False,False,True,False,5,Convenience Store only,3,"Multiple companies, single service",10.87,1,High,False
madrid,MAD_LOC_000943,40.4092441286272,-3.6363099103500165,3,2,Amazon | SEUR,"Av. del Dr. García Tapia, 139",Amazon Locker - Allueva Estanco | Estanco 627 | Seur - Estanco 627,True,False,False,False,False,False,True,False,7,Multiple services,4,"Multiple companies, multiple services",33.48,3,Review,True
madrid,MAD_LOC_000944,40.406287747790095,-3.6330789494528664,3,3,Amazon | Pudo | UPS,"C. de Mario Cabré, 31 | Calle Mario Cabré, 31, 28030 - Madrid",Amazon Counter - Estanco Fuente Carrantona | Estanco Arroyo Belincoso | Fnx Estanco Fuente Carrantona,False,False,True,False,False,False,True,False,7,Multiple services,4,"Multiple companies, multiple services",7.31,1,High,False
madrid,MAD_LOC_000945,40.4031314009463,-3.64866246857803,2,2,Amazon | Dhl,"C. del Corregidor Alonso de Tobar, 2 | C. del Corregidor Alonso de Tobar, 2, Local G6",Amazon Counter - La Perla De Moratalaz | La Perla Servicios Moratalaz,False,False,False,False,False,False,True,False,5,Convenience Store only,3,"Multiple companies, single service",29.52,2,Medium,False
madrid,MAD_LOC_000946,40.4045287878443,-3.6490855566558,1,1,Amazon,"Cl. de la Hacienda de Pavones, 8",Amazon Counter - Fiac,False,False,False,False,False,False,True,False,5,Convenience Store only,1,Single record,0.0,1,High,False
madrid,MAD_LOC_000947,40.410572689212,-3.65486430725936,1,1,Amazon,Calle del Camino de los Vinateros 40,Amazon Locker - Castejon Supermercdo,True,False,False,False,False,False,False,False,1,Locker only,1,Single record,0.0,1,High,False
madrid,MAD_LOC_000948,40.3989593292066,-3.64029769526014,1,1,Amazon,"C. de la Encomienda de Palacios, 250",Amazon Counter - Frutas Y Verduras Cuenca,False,False,False,False,False,False,True,False,5,Convenience Store only,1,Single record,0.0,1,High,False
madrid,MAD_LOC_000949,40.3730151468536,-3.61958813075367,1,1,Amazon,"Calle del Congosto 32, Madrid, Madrid, 28031",Amazon Locker - Clausell Supermercado,True,False,False,False,False,False,False,False,1,Locker only,1,Single record,0.0,1,High,False
madrid,MAD_LOC_000950,40.37319023272975,-3.6188659103347387,6,3,Amazon | Celeritas | Ctt Express,"C. Sierra de Mira, 3 | C. del Congosto, 19 | C. del Congosto, 27",Amazon Counter - Aziz Locutorio | Amazon Counter - Bismillah Locutorio | Amazon Counter - Congosto Locutorio | Congosto Locutorio,False,False,False,False,False,False,True,False,5,Convenience Store only,3,"Multiple companies, single service",49.97,3,Review,True
madrid,MAD_LOC_000951,40.37623508492155,-3.620237149586745,2,2,Amazon | Ctt Express,"C. del Congosto, 1",Amazon Counter - Techwaves Hub | Techwaves Hub,False,False,False,False,False,False,True,False,5,Convenience Store only,3,"Multiple companies, single service",2.88,1,High,False
madrid,MAD_LOC_000952,40.3744107204425,-3.6191834017008,2,2,Amazon | SEUR,"C. Sierra Aitana, 2",Libreria Sanabria | Seur - Libreria Sanabria,True,False,False,False,False,False,True,False,7,Multiple services,4,"Multiple companies, multiple services",15.07,2,Medium,False
madrid,MAD_LOC_000953,40.37465308114395,-3.619505741926205,2,2,Amazon | Ctt Express,"C. Sierra Aitana, 5",Amazon Counter - Fruto Secos Las Chuches | Fruto Secos Las Chuches,False,False,False,False,False,False,True,False,5,Convenience Store only,3,"Multiple companies, single service",2.23,1,High,False
madrid,MAD_LOC_000954,40.376699773628,-3.62932876748212,1,1,Amazon,"C. Cabeza Mesada, 5",Citypaq Lockers-Correos Edificio Villa Centro De T,True,False,False,False,False,False,False,False,1,Locker only,1,Single record,0.0,1,High,False
madrid,MAD_LOC_000955,40.3787129078922,-3.6144061200592,1,1,Amazon,"Av. del Ensanche de Vallecas, 2",Amazon Locker - Vitor Cepsa,True,False,False,False,False,False,False,False,1,Locker only,1,Single record,0.0,1,High,False
madrid,MAD_LOC_000956,40.3784426640025,-3.6230300502412502,2,2,Amazon | SEUR,"C. del Monte Aya, 4",Seur - Tienda Shambhala | Tienda Shambhala,False,False,False,False,False,False,True,False,5,Convenience Store only,3,"Multiple companies, single service",25.45,2,Medium,False
madrid,MAD_LOC_000957,40.3782104416599,-3.61882058974683,2,2,Amazon | SEUR,"Calle de Montes de Barbanza, 5",El Charrua Peluqueria | Seur - El Charrua Peluqueria,False,False,False,False,False,False,True,False,5,Convenience Store only,3,"Multiple companies, single service",15.52,2,Medium,False
madrid,MAD_LOC_000958,40.37872311568875,-3.62133544192712,2,2,Amazon | Ctt Express,"P.o de Federico García Lorca, 16, A",Amazon Counter - Movil Show | Movil Show,False,False,False,False,False,False,True,False,5,Convenience Store only,3,"Multiple companies, single service",2.73,1,High,False
madrid,MAD_LOC_000959,40.3778770375548,-3.62047816085342,1,1,Amazon,"C. Pico Mampodre, 17",Amazon Counter - Alimentación,False,False,False,False,False,False,True,False,5,Convenience Store only,1,Single record,0.0,1,High,False
madrid,MAD_LOC_000960,40.3669488647662,-3.6187425846023,1,1,Amazon,"Comunidad De Propietarios, Calle Canencia de la Sierra, 16-38",Amazon Locker - Prenda,True,False,False,False,False,False,False,False,1,Locker only,1,Single record,0.0,1,High,False
madrid,MAD_LOC_000961,40.3776622109043,-3.63481372794762,1,1,Amazon,"Cam. de las Hormigueras, 169",Citypaq Lockers-Correos Madrid Suc 61. Ccp Chamart,True,False,False,False,False,False,False,False,1,Locker only,1,Single record,0.0,1,High,False
madrid,MAD_LOC_000962,40.3792644799071,-3.62284587158626,1,1,Amazon,"Cl. de la Sierra Vieja, 71",Amazon Counter - Geysa Locutorio.,False,False,False,False,False,False,True,False,5,Convenience Store only,1,Single record,0.0,1,High,False
madrid,MAD_LOC_000963,40.3725563282445,-3.64028776961198,1,1,Amazon,Ctra. De Villaverde A Vallecas 269,Amazon Locker - Advincula Gasolinera,True,False,False,False,False,False,False,False,1,Locker only,1,Single record,0.0,1,High,False
madrid,MAD_LOC_000964,40.4050344929856,-3.6070621683750823,4,3,Amazon | Ctt Express | SEUR,"C. Villalmanzo, 11 | C. del Lago Erie, 7",Amazon Counter - Butt Locutorio | Amazon Counter - Estanco 687 | Butt Locutorio,False,False,False,False,False,False,True,False,5,Convenience Store only,3,"Multiple companies, single service",17.68,2,Medium,False
madrid,MAD_LOC_000965,40.4045982272597,-3.61077723427557,1,1,Amazon,"Av. de Daroca, 336",Amazon Locker - Enciu Gasolinera,True,False,False,False,False,False,False,False,1,Locker only,1,Single record,0.0,1,High,False
madrid,MAD_LOC_000966,40.4043951725891,-3.60759172112956,1,1,Amazon,"C. de S. Cipriano, 1",Amazon Locker - Castarnado Supermercado,True,False,False,False,False,False,False,False,1,Locker only,1,Single record,0.0,1,High,False
madrid,MAD_LOC_000967,40.4041888022056,-3.60805211146587,1,1,Amazon,"C. de S. Cipriano, 12",Amazon Counter - Movil Show,False,False,False,False,False,False,True,False,5,Convenience Store only,1,Single record,0.0,1,High,False
madrid,MAD_LOC_000968,40.4032681098854,-3.60638045481464,1,1,Amazon,"C/ de la Condesa de la Vega del Pozo, 18",Amazon Counter - Amrit Locutorio,False,False,False,False,False,False,True,False,5,Convenience Store only,1,Single record,0.0,1,High,False
madrid,MAD_LOC_000969,40.4008982757297,-3.61611705018488,1,1,Amazon,"Av. de la Democracia, 41",Amazon Locker - Mallo Cepsa,True,False,False,False,False,False,False,False,1,Locker only,1,Single record,0.0,1,High,False
madrid,MAD_LOC_000970,40.4079412948474,-3.61588850021577,1,1,Amazon,"Av. de Daroca, 300",Amazon Locker - Trif Supermercado,True,False,False,False,False,False,False,False,1,Locker only,1,Single record,0.0,1,High,False
madrid,MAD_LOC_000971,40.4014671705211,-3.6222493756180176,4,4,Amazon | Ctt Express | Dhl | SEUR,"C. de la Raya, 13 | C. de la Raya, 13, LOCAL 1",Seur - Videomania Mrmicro Ordena | Videomania | Videomania Mrmicro Ordena | Videomania-Mrmicro Ordenadores,False,False,False,False,False,False,True,False,5,Convenience Store only,3,"Multiple companies, single service",32.5,3,Review,True
madrid,MAD_LOC_000972,40.397803440169156,-3.61858483085956,2,2,Amazon | SEUR,"Blvr. de José Prat, 35",Correos - Madrid Suc 78. Cc Valdebernardo | La Ventana Natural,False,False,False,False,False,False,True,False,5,Convenience Store only,3,"Multiple companies, single service",45.97,3,Review,True
madrid,MAD_LOC_000973,40.4759529549477,-3.66536366210539,1,1,Amazon,"C. del Golfo de Salónica, 6",Amazon Locker - Olaru Supermercado,True,False,False,False,False,False,False,False,1,Locker only,1,Single record,0.0,1,High,False
madrid,MAD_LOC_000974,40.4781372619033,-3.66287857148419,1,1,Amazon,"C. de Chirivel, 1",Amazon Locker - Caballe Supermrcado,True,False,False,False,False,False,False,False,1,Locker only,1,Single record,0.0,1,High,False
madrid,MAD_LOC_000975,40.4778272841279,-3.65846575739512,1,1,Amazon,"C. de las Cuevas de Almanzora, 187",Amazon Locker - Cegaton,True,False,False,False,False,False,False,False,1,Locker only,1,Single record,0.0,1,High,False
madrid,MAD_LOC_000976,40.4818391207094,-3.66117138534794,1,1,Amazon,"C. del Golfo de Salónica, 64",Amazon Locker - Carabero,True,False,False,False,False,False,False,False,1,Locker only,1,Single record,0.0,1,High,False
madrid,MAD_LOC_000977,40.47543240110055,-3.65010889410848,2,2,Amazon | SEUR,"Av. de la Virgen del Carmen, 39",Amazon Locker - Galant Lavanderia | Seur Locker Lavanderia Bu,True,False,False,False,False,False,False,False,1,Locker only,3,"Multiple companies, single service",15.79,2,Medium,False
madrid,MAD_LOC_000978,40.4893158960568,-3.70063937199497,1,1,Amazon,"Av del Cardenal Herrera Oria, 81",Amazon Locker - Tincu Gasolinera,True,False,False,False,False,False,False,False,1,Locker only,1,Single record,0.0,1,High,False
madrid,MAD_LOC_000979,40.4666945160924,-3.71921295343229,1,1,Amazon,Calle de Antonio Machado 20,Lockers Baigorria,False,False,False,False,False,False,True,False,5,Convenience Store only,1,Single record,0.0,1,High,False
madrid,MAD_LOC_000980,40.4665960397979,-3.721206222593495,2,2,Amazon | SEUR,"C. de San Gerardo, 10",Alimentación Fruto Seco,False,False,False,False,False,False,True,False,5,Convenience Store only,3,"Multiple companies, single service",11.04,1,High,False
madrid,MAD_LOC_000981,40.4761568436365,-3.72206680776557,1,1,Amazon,"Gta. de Mariano Salvador Maella, S/N",Lockers Rbib,True,False,False,False,False,False,False,False,1,Locker only,1,Single record,0.0,1,High,False
madrid,MAD_LOC_000982,40.463234777281,-3.6866514814093847,2,2,Amazon | SEUR,"C. de Félix Boix, 14",Dietflash Medical | Seur Dietflash Medical,False,False,False,False,False,False,True,False,5,Convenience Store only,3,"Multiple companies, single service",11.48,1,High,False
madrid,MAD_LOC_000983,40.4324650153345,-3.61368267898545,1,1,Amazon,"C. de Hinojosa del Duque, S/N",Amazon Locker - Cirion Supermercado,True,False,False,False,False,False,False,False,1,Locker only,1,Single record,0.0,1,High,False
madrid,MAD_LOC_000984,40.4275369741374,-3.61587870291746,1,1,Amazon,"C. de la Vidriería, 4",Amazon Counter - Locutorio Ronald,False,False,False,False,False,False,True,False,5,Convenience Store only,1,Single record,0.0,1,High,False
madrid,MAD_LOC_000985,40.4292730178453,-3.61916127746896,1,1,Amazon,"C. de Alberique, 39",Amazon Counter - Market La Esquina 38,False,False,False,False,False,False,True,False,5,Convenience Store only,1,Single record,0.0,1,High,False
madrid,MAD_LOC_000986,40.4288747498901,-3.62778638731724,1,1,Amazon,"C. del Castillo de Madrigal de las Altas Torres, 9",Amazon Locker - Novoa Supermercdao,True,False,False,False,False,False,False,False,1,Locker only,1,Single record,0.0,1,High,False
madrid,MAD_LOC_000987,40.4271440156197,-3.622245149783735,2,2,Amazon | Ctt Express,"C. de Amposta, 10, LOCAL 20",Amazon Counter - Multiservicios Simancas | Multiservicios Simancas,True,False,False,False,False,False,True,False,7,Multiple services,4,"Multiple companies, multiple services",6.35,1,High,False
madrid,MAD_LOC_000988,40.427391127305036,-3.621907794253907,3,3,Amazon | Dhl | UPS,"C. de Amposta, 5",Amazon Counter - Locutorio Amposta | Multiservicios Amposta,True,False,False,False,False,False,True,False,7,Multiple services,4,"Multiple companies, multiple services",23.83,2,Medium,False
madrid,MAD_LOC_000989,40.3992064194992,-3.66139552188581,1,1,Amazon,"C. del Puerto Canfranc, 58",Amazon Counter - Loteria Calixto,False,False,False,False,False,False,True,False,5,Convenience Store only,1,Single record,0.0,1,High,False
madrid,MAD_LOC_000990,40.4046917975175,-3.66125531974377,1,1,Amazon,"C. de Manuel Arranz, 20",Amazon Locker - Avelar Supermercado,True,False,False,False,False,False,False,False,1,Locker only,1,Single record,0.0,1,High,False
madrid,MAD_LOC_000991,40.3953966239107,-3.6610836233798,1,1,Amazon,Calle Picos de Europa 13,Amazon Locker - Castanyersupermercado,True,False,False,False,False,False,False,False,1,Locker only,1,Single record,0.0,1,High,False
madrid,MAD_LOC_000992,40.3990215944402,-3.66208191267299,1,1,Amazon,"C. del Puerto Canfranc, 39",Amazon Counter - Hunain Locutorio.,False,False,False,False,False,False,True,False,5,Convenience Store only,1,Single record,0.0,1,High,False
madrid,MAD_LOC_000993,40.4024354011524,-3.66465994334023,1,1,Amazon,"Av. de Peña Prieta, 55",Amazon Counter - Ferreteria Valen Ii,False,False,False,False,False,False,True,False,5,Convenience Store only,1,Single record,0.0,1,High,False
madrid,MAD_LOC_000994,40.4007004584157,-3.66574057424534,1,1,Amazon,"Cmo de Valderribas, 16",Amazon Locker - Dhaka Supermercado,True,False,False,False,False,False,False,False,1,Locker only,1,Single record,0.0,1,High,False
madrid,MAD_LOC_000995,40.3923284230244,-3.65599008882676,1,1,Amazon,"Av. de la Albufera, 153",Amazon Locker - Benancio Mall,True,False,False,False,False,False,False,False,1,Locker only,1,Single record,0.0,1,High,False
madrid,MAD_LOC_000996,40.402582932673795,-3.661538620984555,2,2,Amazon | SEUR,"C. del Pico de Almanzor, 13",Seur - Usb Informatica | Usb Informatica,False,False,False,False,False,False,True,False,5,Convenience Store only,3,"Multiple companies, single service",4.04,1,High,False
madrid,MAD_LOC_000997,40.3964080100819,-3.66012715103582,1,1,Amazon,"C. Almonacid, 3",Amazon Counter - Locutorio Almonacid,False,False,False,False,False,False,True,False,5,Convenience Store only,1,Single record,0.0,1,High,False
madrid,MAD_LOC_000998,40.39344581278365,-3.6546602358751,2,2,Amazon | UPS,"C. Monleón, SN | Cl. Monleon, S/N",Amazon Locker - Guisante Supermercado | P Taquilla Alcampo Vallecas,True,False,False,False,False,False,False,False,1,Locker only,3,"Multiple companies, single service",20.3,2,Medium,False
madrid,MAD_LOC_000999,40.4577621803939,-3.70536936263854,1,1,Amazon,"C. Cenicientos, 8, LOCAL 3",Amazon Counter - Charmaine`S Tiendecita,False,False,False,False,False,False,True,False,5,Convenience Store only,1,Single record,0.0,1,High,False
madrid,MAD_LOC_001000,40.4559777983445,-3.70586134969032,1,1,Amazon,"C. de Jerónima Llorente, 14",Lockers Calzada,True,False,False,False,False,False,False,False,1,Locker only,1,Single record,0.0,1,High,False
madrid,MAD_LOC_001001,40.45666741458835,-3.70514521440621,2,2,Amazon | SEUR,"C. de Francos Rodríguez, 19",Print It | Seur Print It,False,False,False,False,False,False,True,False,5,Convenience Store only,3,"Multiple companies, single service",8.61,1,High,False
madrid,MAD_LOC_001002,40.459598679227454,-3.707654291296695,2,2,Amazon | SEUR,"C. de Villaamil, 43",Copygrap | Seur - Copygrap,False,False,False,False,False,False,True,False,5,Convenience Store only,3,"Multiple companies, single service",2.67,1,High,False
madrid,MAD_LOC_001003,40.4548579854522,-3.70651302486156,1,1,Amazon,"C. de Jerónima Llorente, 31",Amazon Counter - Expendeduría No 451,False,False,False,False,False,False,True,False,5,Convenience Store only,1,Single record,0.0,1,High,False
madrid,MAD_LOC_001004,40.452758286994,-3.72640170681523,1,1,Amazon,"Av. Complutense, 30",Lockers Lacort,True,False,False,False,False,False,False,False,1,Locker only,1,Single record,0.0,1,High,False
madrid,MAD_LOC_001005,40.4575287749149,-3.71295401288611,1,1,Amazon,"Av. del Dr. Federico Rubio y Galí, 112, LOCAL 2",Amazon Counter - Estanco Y Administracion De Loter,False,False,False,False,False,False,True,False,5,Convenience Store only,1,Single record,0.0,1,High,False
madrid,MAD_LOC_001006,40.37290191597005,-3.69256185655704,2,2,Amazon | Dhl,"C. de la Estafeta, 22 | C. de la Estafeta, 22, LOCAL 2",Amazon Counter - Recarga_Ahorra | Recarga - Aki,False,False,False,False,False,False,True,False,5,Convenience Store only,3,"Multiple companies, single service",20.17,2,Medium,False
madrid,MAD_LOC_001007,40.3702038931359,-3.69315184009797,1,1,Amazon,"C. Popular Madrilena, 32, 0",Amazon Counter - Panaderia Y Pasteleria Turro,False,False,False,False,False,False,True,False,5,Convenience Store only,1,Single record,0.0,1,High,False
madrid,MAD_LOC_001008,40.3671878463705,-3.6938489122008,1,1,Amazon,"A-4, P.K. 6,70 I, Usera, 28041 Madrid",Amazon Locker - Labaka Repsol,True,False,False,False,False,False,False,False,1,Locker only,1,Single record,0.0,1,High,False
madrid,MAD_LOC_001009,40.3746130524051,-3.69117921021139,1,1,Amazon,"Calle MEZQUITA, C. de Elizondo, 15, LOCAL 6",Amazon Counter - Cargo Ágil Envíos,False,False,False,False,False,False,True,False,5,Convenience Store only,1,Single record,0.0,1,High,False
madrid,MAD_LOC_001010,40.3704277489815,-3.69394580556706,1,1,Amazon,"Av. de la Perla, 27",Amazon Counter - Locutorio Perla,False,False,False,False,False,False,True,False,5,Convenience Store only,1,Single record,0.0,1,High,False
madrid,MAD_LOC_001011,40.37096410561,-3.6982937749047,2,2,Amazon | SEUR,"C. Salado, 2",Papeleria Maripaz | Seur - Papeleria Maripaz,False,False,False,False,False,False,True,False,5,Convenience Store only,3,"Multiple companies, single service",24.82,2,Medium,False
madrid,MAD_LOC_001012,40.3706678464494,-3.6972481059645403,2,2,Amazon | Ctt Express,"C. Sta. María Reina, 6, LOCAL 4",Amazon Counter - Fruteria Los Hermanos | Fruteria Los Hermanos,False,False,False,False,False,False,True,False,5,Convenience Store only,3,"Multiple companies, single service",4.8,1,High,False
madrid,MAD_LOC_001013,40.3544674595478,-3.70612211384399,1,1,Amazon,Calle de Eduardo Barreiros 120,Amazon Locker - Ahrika Supermercado,True,False,False,False,False,False,False,False,1,Locker only,1,Single record,0.0,1,High,False
madrid,MAD_LOC_001014,40.470275943653604,-3.5812210919804697,2,2,Amazon | SEUR,"Av. de Logroño, 112",Prink Barajas | Seur - Prink Barajas,False,False,False,False,False,False,True,False,5,Convenience Store only,3,"Multiple companies, single service",9.31,1,High,False
madrid,MAD_LOC_001015,40.4585844087282,-3.61599245695467,1,1,Amazon,"M-40, PK 7.4",Amazon Locker - Conrado Gasolinera,True,False,False,False,False,False,False,False,1,Locker only,1,Single record,0.0,1,High,False
madrid,MAD_LOC_001016,40.4753817108516,-3.58098045457862,1,1,Amazon,"C. de Géminis, 17",Amazon Locker - Cimpoesu Supermrcado,True,False,False,False,False,False,False,False,1,Locker only,1,Single record,0.0,1,High,False
madrid,MAD_LOC_001017,40.4749629730885,-3.57824547704666,1,1,Amazon,"C. Orión, 4",Amazon Counter - Locutorio Internet Barajas,False,False,False,False,False,False,True,False,5,Convenience Store only,1,Single record,0.0,1,High,False
madrid,MAD_LOC_001018,40.4575755088302,-3.6583498681739,1,1,Amazon,"C. de Arturo Soria, 175",Amazon Locker - Luis Repsol,True,False,False,False,False,False,False,False,1,Locker only,1,Single record,0.0,1,High,False
madrid,MAD_LOC_001019,40.45761273474687,-3.66089948608769,3,3,Amazon | SEUR | UPS,"C. de López de Hoyos, 295",Libreria Solis | Librería Solis | Seur - Libreria Solis,False,False,False,False,False,False,True,False,5,Convenience Store only,3,"Multiple companies, single service",24.2,2,Medium,False
madrid,MAD_LOC_001020,40.45010737160763,-3.65089485355447,4,4,Amazon | Pudo | SEUR | UPS,"C. de Arturo Soria, 126",Amazon Locker - Miguel Centro Comercial | C.C. Arturo Soria Plaza | P Taquilla Cc Arturo Soria | Seur Locker Cc Arturo Sor,True,False,True,False,False,False,False,False,7,Multiple services,4,"Multiple companies, multiple services",54.85,3,Review,True
madrid,MAD_LOC_001021,40.4624455305345,-3.63847206331067,1,1,Amazon,"C. de Silvano, 88, 90",Amazon Locker - Filemon Repsol,True,False,False,False,False,False,False,False,1,Locker only,1,Single record,0.0,1,High,False
madrid,MAD_LOC_001022,40.471003659329234,-3.6493563695198366,3,3,Amazon | Gls | SEUR,"C. Biosca, 29 | Calle Biosca 29",Estanco Madrid 307 | Ps Estanco Biosca Nuevo | Seur - Estanco Madrid 307,True,False,False,False,False,False,True,False,7,Multiple services,4,"Multiple companies, multiple services",27.0,2,Medium,False
madrid,MAD_LOC_001023,40.3773584610946,-3.78020197830866,1,1,Amazon,"C. Madrigal de la Vera, 7",Amazon Locker - Andrade,True,False,False,False,False,False,False,False,1,Locker only,1,Single record,0.0,1,High,False
madrid,MAD_LOC_001024,40.37978276141815,-3.772511600825955,2,2,Amazon | SEUR,"C. de Valle Inclán, 34",Moda Begoña | Seur - Moda Begonya,False,False,False,False,False,False,True,False,5,Convenience Store only,3,"Multiple companies, single service",2.52,1,High,False
madrid,MAD_LOC_001025,40.375334175950705,-3.7737599997992626,4,4,Amazon | Celeritas | Ctt Express | UPS,"C. Osa de la Vega, 4 | C. Osa de la Vega, s/n",Amazon Locker - Crisipo Supermercado | App Informatica Las Aguilas,True,False,False,False,False,False,True,False,7,Multiple services,4,"Multiple companies, multiple services",53.8,3,Review,True
madrid,MAD_LOC_001026,40.3800013507977,-3.77247084480808,1,1,Amazon,"C. de Valle Inclán, 32",Amazon Counter - Tesalis Informatica,False,False,False,False,False,False,True,False,5,Convenience Store only,1,Single record,0.0,1,High,False
madrid,MAD_LOC_001027,40.378181513409004,-3.779347253705455,2,2,Amazon | SEUR,"Pl. Virgen de los Llanos, 7",Papeleria Libreria Cosas | Seur - Papeleria Libreria Cosas,False,False,False,False,False,False,True,False,5,Convenience Store only,3,"Multiple companies, single service",3.08,1,High,False
madrid,MAD_LOC_001028,40.37827426079205,-3.766921175381922,5,5,Amazon | Celeritas | Dhl | Nacex | SEUR,"C. de Blas Cabrera, 137",Amazon Counter - Mix Regalos | Mix Regalos | Pinturas Aluche Multiservicios | Pinturas Aluche Multiservicios (2883-33),False,False,False,False,False,False,True,False,5,Convenience Store only,3,"Multiple companies, single service",10.49,1,High,False
madrid,MAD_LOC_001029,40.3827218907426,-3.77935028938387,1,1,Amazon,"Av. de Las Águilas, 54",Amazon Counter - Locutorio Churruca,False,False,False,False,False,False,True,False,5,Convenience Store only,1,Single record,0.0,1,High,False
madrid,MAD_LOC_001030,40.3779827867922,-3.76781940011642,1,1,Amazon,"C. de Blas Cabrera, 125",Citypaq Lockers-Mercado Las Aguilas,True,False,False,False,False,False,False,False,1,Locker only,1,Single record,0.0,1,High,False
madrid,MAD_LOC_001031,40.403375056449995,-3.6947790131979663,3,2,Amazon | SEUR,"C. de Palos de la Frontera, 25",Expendeduria 884 | Seur - Expendeduria 884 | Tabacos Exp. N884,False,False,False,False,False,False,True,False,5,Convenience Store only,3,"Multiple companies, single service",8.13,1,High,False
madrid,MAD_LOC_001032,40.4037568721824,-3.69567873634255,1,1,Amazon,"C. de la Batalla del Salado, 7",Pepa Envios,False,False,False,False,False,False,True,False,5,Convenience Store only,1,Single record,0.0,1,High,False
madrid,MAD_LOC_001033,40.4040049693426,-3.69115059413652,1,1,Amazon,"Calle de las Delicias, 36",Amazon Counter - +Que Guap@S,False,False,False,False,False,False,True,False,5,Convenience Store only,1,Single record,0.0,1,High,False
madrid,MAD_LOC_001034,40.4014659119255,-3.69629736556265,1,1,Amazon,"C. de la Batalla del Salado, 24",El Huerto Latino,False,False,False,False,False,False,True,False,5,Convenience Store only,1,Single record,0.0,1,High,False
madrid,MAD_LOC_001035,40.4060506467834,-3.69519985063899,1,1,Amazon,"P.o de Sta. María de la Cabeza, 18, D",Lockers Rafael,True,False,False,False,False,False,False,False,1,Locker only,1,Single record,0.0,1,High,False
madrid,MAD_LOC_001036,40.3996552106594,-3.68881457889076,1,1,Amazon,"C. de Ramírez de Prado, 5, 5 Bis","Lockers Amaya Amazon Eu S.A.R.L. , Sucursal En España",True,False,False,False,False,False,False,False,1,Locker only,1,Single record,0.0,1,High,False
madrid,MAD_LOC_001037,40.4033973444776,-3.69267710933964,1,1,Amazon,"C/ del Áncora, 7",Los Caribeños Ancora.,False,False,False,False,False,False,True,False,5,Convenience Store only,1,Single record,0.0,1,High,False
madrid,MAD_LOC_001038,40.3988486728743,-3.69625168169286,1,1,Amazon,"C. de Cáceres, 16",Bazar Bharat,False,False,False,False,False,False,True,False,5,Convenience Store only,1,Single record,0.0,1,High,False
madrid,MAD_LOC_001039,40.400374733495,-3.69470733901725,1,1,Amazon,"C. de Cdad. Real, 8",Amazon Counter - Tapicerías Barajas,False,False,False,False,False,False,True,False,5,Convenience Store only,1,Single record,0.0,1,High,False
madrid,MAD_LOC_001040,40.404422190336966,-3.69191032647397,3,3,Amazon | SEUR | UPS,"C. de Rafael de Riego, 13",El Dedal | Libreria El Dedal | Seur - Libreria El Dedal,False,False,False,False,False,False,True,False,5,Convenience Store only,3,"Multiple companies, single service",24.17,2,Medium,False
madrid,MAD_LOC_001041,40.39065556227855,-3.7529681912157553,2,2,Amazon | UPS,"C. de Illescas, 209",Amazon Counter - Cafeteria Lupy | Fnx-Cafeteria Lupy,False,False,False,False,False,False,True,False,5,Convenience Store only,3,"Multiple companies, single service",1.84,1,High,False
madrid,MAD_LOC_001042,40.384795921499,-3.75842192381997,1,1,Amazon,"C. de Ocaña, 19",Amazon Locker - Mohand Supermercado,True,False,False,False,False,False,False,False,1,Locker only,1,Single record,0.0,1,High,False
madrid,MAD_LOC_001043,40.3862042579526,-3.75849272837883,1,1,Amazon,"C. de Ocaña, 5",Amazon Counter - Estanco Tabacosplaza,False,False,False,False,False,False,True,False,5,Convenience Store only,1,Single record,0.0,1,High,False
madrid,MAD_LOC_001044,40.3864259910702,-3.75753580825559,2,2,Amazon | UPS,"C. de Camarena, 298",Amazon Counter - Locutorio Ledesma | Locutorio Ledesma,False,False,False,False,False,False,True,False,5,Convenience Store only,3,"Multiple companies, single service",5.46,1,High,False
madrid,MAD_LOC_001045,40.5196862735787,-3.77706584924816,1,1,Amazon,"C. Caballeros, 3",Amazon Locker - Negrea Lavanderia,True,False,False,False,False,False,False,False,1,Locker only,1,Single record,0.0,1,High,False
madrid,MAD_LOC_001046,40.51958979848705,-3.77690643067396,2,2,Amazon | Ctt Express,"C. Eugenio Pérez, 1",7-Express Y Bazar | Amazon Counter - 7-Express Y Bazar,False,False,False,False,False,False,True,False,5,Convenience Store only,3,"Multiple companies, single service",7.68,1,High,False
madrid,MAD_LOC_001047,40.516030518014006,-3.7750297259294,2,2,Amazon | Ctt Express,"C. San Pancracio, 1, Local 4",Amazon Counter - Martín&Merino | Martín&Merino,False,False,False,False,False,False,True,False,5,Convenience Store only,3,"Multiple companies, single service",4.5,1,High,False
madrid,MAD_LOC_001048,40.5451838535717,-3.69510246130016,1,1,Amazon,"Rectorado Universidad Autonoma de Madrid, Kant, s/n",Correos - Madrid Suc 58. Universidad Autónoma Cant,False,False,False,False,False,False,True,False,5,Convenience Store only,1,Single record,0.0,1,High,False
madrid,MAD_LOC_001049,40.5168483563882,-3.68520329111397,1,1,Amazon,"M-607, Pk 13, Fuencarral-El Pardo",Amazon Locker - Margara Cepsa,True,False,False,False,False,False,False,False,1,Locker only,1,Single record,0.0,1,High,False
madrid,MAD_LOC_001050,40.5079842441469,-3.67129379075359,1,1,Amazon,"Av. del Camino de Santiago, 58",Amazon Locker - Abdou Supermercado,True,False,False,False,False,False,False,False,1,Locker only,1,Single record,0.0,1,High,False
madrid,MAD_LOC_001051,40.5068119562377,-3.67580074735269,1,1,Amazon,"C. de Grañón, 22, Fuencarral-El Pardo",Amazon Locker - Carreiras Supermercado,True,False,False,False,False,False,False,False,1,Locker only,1,Single record,0.0,1,High,False
madrid,MAD_LOC_001052,40.5027540217043,-3.67103523185178,1,1,Amazon,"C. de la Sierra de Atapuerca, 13",Citypaq Lockers-Correoslabs,True,False,False,False,False,False,False,False,1,Locker only,1,Single record,0.0,1,High,False
madrid,MAD_LOC_001053,40.51028163935,-3.67979249989727,1,1,Amazon,"Calle de Isabel Colbrand, 22",Amazon Locker - Cuarto,True,False,False,False,False,False,False,False,1,Locker only,1,Single record,0.0,1,High,False
madrid,MAD_LOC_001054,40.5023744480119,-3.66302478582009,1,1,Amazon,"Calle Del Abetal, 8",Amazon Locker - Chapinero Gaoslinera,True,False,False,False,False,False,False,False,1,Locker only,1,Single record,0.0,1,High,False
madrid,MAD_LOC_001055,40.4984321455632,-3.66687697380729,1,1,Amazon,"C. Quintanapalla, 3, Fuencarral-El Pardo",Amazon Locker - Angarita Supermercado,True,False,False,False,False,False,False,False,1,Locker only,1,Single record,0.0,1,High,False
madrid,MAD_LOC_001056,40.512695063741,-3.68108721903238,1,1,Amazon,"Ctra. Fuencarral a Alcobendas, 4, Fuencarral-El Pardo",Amazon Locker - Nagore,True,False,False,False,False,False,False,False,1,Locker only,1,Single record,0.0,1,High,False
madrid,MAD_LOC_001057,40.5046551607707,-3.67695640049962,1,1,Amazon,"C. de Castiello de Jaca, 21, Fuencarral-El Pardo",Amazon Locker - Palop Supermercado,True,False,False,False,False,False,False,False,1,Locker only,1,Single record,0.0,1,High,False
madrid,MAD_LOC_001058,40.4876167881533,-3.66103139963892,1,1,Amazon,"Av. de Manoteras, 51",Amazon Locker - Agulles Metro Ligero,True,False,False,False,False,False,False,False,1,Locker only,1,Single record,0.0,1,High,False
madrid,MAD_LOC_001059,40.5139299031252,-3.67585014443603,1,1,Amazon,Carretera Fuencarral a Alcobendas 16,Amazon Locker - Bujia Farmacia,True,False,False,False,False,False,False,False,1,Locker only,1,Single record,0.0,1,High,False
madrid,MAD_LOC_001060,40.4856179741709,-3.66458638391677,1,1,Amazon,Cam. de la Fuente de la Mora,Amazon Locker - Agui Metro Ligero,True,False,False,False,False,False,False,False,1,Locker only,1,Single record,0.0,1,High,False
madrid,MAD_LOC_001061,40.4942089386968,-3.67365468333957,1,1,Amazon,"Av. de Burgos, 89, Fuencarral-El Pardo",Amazon Locker - Aguas Gym,True,False,False,False,False,False,False,False,1,Locker only,1,Single record,0.0,1,High,False
madrid,MAD_LOC_001062,40.3629127503075,-3.59534884106336,1,1,Amazon,"Calle de Antonio Gades, 24",Amazon Locker - Tampa Supermercado,True,False,False,False,False,False,False,False,1,Locker only,1,Single record,0.0,1,High,False
madrid,MAD_LOC_001063,40.3693501171597,-3.59910595260347,1,1,Amazon,Calle Adolfo Bioy Casares 2,Amazon Locker - Estefania Centro Comercial,True,False,False,False,False,False,False,False,1,Locker only,1,Single record,0.0,1,High,False
madrid,MAD_LOC_001064,40.3691719506926,-3.6310132347257,1,1,Amazon,"Av. del Mayorazgo, 20",Amazon Locker - Luciana Gasolinera,True,False,False,False,False,False,False,False,1,Locker only,1,Single record,0.0,1,High,False
madrid,MAD_LOC_001065,40.3955527334369,-3.59311996949361,1,1,Amazon,"Amazon Logistics - DMA3, Cl. Pirotecnia 32, Madrid",Amazon Locker - Benigno Amazon Logsitics,True,False,False,False,False,False,False,False,1,Locker only,1,Single record,0.0,1,High,False
madrid,MAD_LOC_001066,40.37425426631695,-3.660553540098435,2,2,Amazon | SEUR,"Av. de las Glorietas, 20",Amazon Counter - Novaestanco | Novaestanco,False,False,False,False,False,False,True,False,5,Convenience Store only,3,"Multiple companies, single service",2.93,1,High,False
madrid,MAD_LOC_001067,40.3666975749036,-3.65579414659338,1,1,Amazon,"Ctra. Villaverde-Vallecas, Km. 3,6",Amazon Locker - Petrut Repsol,True,False,False,False,False,False,False,False,1,Locker only,1,Single record,0.0,1,High,False
madrid,MAD_LOC_001068,40.3731353228554,-3.65946689218503,1,1,Amazon,"Av. de las Glorietas, 20",Seur - Novaestanco,False,False,False,False,False,False,True,False,5,Convenience Store only,1,Single record,0.0,1,High,False
madrid,MAD_LOC_001069,40.3583564782868,-3.65989971599926,1,1,Amazon,"Ctra. Villaverde-Vallecas, P.K. 3,8 - Recinto Mercamadrid",Amazon Locker - Povill Repsol,True,False,False,False,False,False,False,False,1,Locker only,1,Single record,0.0,1,High,False
madrid,MAD_LOC_001070,40.3848641894121,-3.6718541753292,1,1,Amazon,Calle del Conde Rodríguez San Pedro 39,Amazon Locker - Aberasturi Supermercado,True,False,False,False,False,False,False,False,1,Locker only,1,Single record,0.0,1,High,False
madrid,MAD_LOC_001071,40.3646694249912,-3.65022749046512,1,1,Amazon,"CTM MADRID, Calle Eje 8, nave S9 B No:S/N",Citypaq Lockers-Correos Madrid Cam 4 Centro De Tra,True,False,False,False,False,False,False,False,1,Locker only,1,Single record,0.0,1,High,False
madrid,MAD_LOC_001072,40.3826890250119,-3.67089745966008,1,1,Amazon,Calle Miguel de la Roca 26,Amazon Counter - Tintorería Francesa,False,False,False,False,False,False,True,False,5,Convenience Store only,1,Single record,0.0,1,High,False
madrid,MAD_LOC_001073,40.3633987574371,-3.7430730114175,1,1,Amazon,"Calle Real M-40, Vía Lusitana, SALIDA 27",Amazon Locker - Dinis Bp,True,False,False,False,False,False,False,False,1,Locker only,1,Single record,0.0,1,High,False
madrid,MAD_LOC_001074,40.4917217171845,-3.60699277344741,1,1,Amazon,"Calle José Antonio Fernández Ordóñez 51,",Amazon Locker - Carregal Supermercado,True,False,False,False,False,False,False,False,1,Locker only,1,Single record,0.0,1,High,False
madrid,MAD_LOC_001075,40.4851645579169,-3.64283434964135,1,1,Amazon,Gta. De Jose Luis Fernandez Del Amo S/N,Amazon Locker - Juliana Disa,True,False,False,False,False,False,False,False,1,Locker only,1,Single record,0.0,1,High,False
madrid,MAD_LOC_001076,40.423068290791065,-3.68406722155504,3,2,Pudo | SEUR,"Calle Velázquez, 14 | Calle Velázquez, 14, 16",Ipk Velaz | Parking Interparking Velazquez - Jorge Juan,True,False,True,False,False,False,False,False,7,Multiple services,4,"Multiple companies, multiple services",4.84,1,High,False
madrid,MAD_LOC_001077,40.4280944327802,-3.67691889688538,1,1,SEUR,"Calle del General Díaz Porlier, 30",Seur Tipsa Barrio Salamanca,False,True,False,False,False,False,False,False,2,PUDO only,1,Single record,0.0,1,High,False
madrid,MAD_LOC_001078,40.4261992154057,-3.67628348793452,1,1,SEUR,"C. de Hermosilla, 86",Ferreteria Iturdi,False,False,False,False,False,False,True,False,5,Convenience Store only,1,Single record,0.0,1,High,False
madrid,MAD_LOC_001079,40.429745691121,-3.6778888013237903,5,5,Celeritas | Ctt Express | Dhl | SEUR | UPS,"Calle del Gral. Pardiñas, 64",Estanco Florida,False,False,False,False,False,False,True,False,5,Convenience Store only,3,"Multiple companies, single service",8.92,1,High,False
madrid,MAD_LOC_001080,40.44446026123035,-3.675541352884815,2,2,Pudo | SEUR,"Calle de Suero de Quiñones, 3 | Cl. de Suero de Quiñones, 3",Remesas Dinámicas Suero De Quiñones | Remesas Suero,True,False,True,False,False,False,False,False,7,Multiple services,4,"Multiple companies, multiple services",19.35,2,Medium,False
madrid,MAD_LOC_001081,40.4427291734736,-3.6744870092131,3,3,Nacex | Pudo | SEUR,"Calle del Gral. Zabala, 1",Locutorio Caribe (2804-06) | Remesas Dinámicas Zabala | Remesas Zabal,True,False,True,False,False,False,True,False,7,Multiple services,4,"Multiple companies, multiple services",8.97,1,High,False
madrid,MAD_LOC_001082,40.4469367108359,-3.669005761823763,3,3,Ctt Express | Pudo | SEUR,"C. de Ramos Carrión, 5",Locutorio A&M | Remesas Dinámicas Ramos Carrión | Seur Locker Remesas Ramon,True,False,True,False,False,False,True,False,7,Multiple services,4,"Multiple companies, multiple services",6.64,1,High,False
madrid,MAD_LOC_001083,40.4436927499776,-3.66997236585358,1,1,SEUR,"Calle del Cardenal Silíceo, 29",Prosperidad,False,False,False,False,False,False,True,False,5,Convenience Store only,1,Single record,0.0,1,High,False
madrid,MAD_LOC_001084,40.4469598649939,-3.66773910648058,2,2,SEUR | UPS,"C. de Clara del Rey, 58",Micro Ware | Micro Ware S. L.,False,False,False,False,False,False,True,False,5,Convenience Store only,3,"Multiple companies, single service",4.15,1,High,False
madrid,MAD_LOC_001085,40.441299892748766,-3.674799445655347,3,3,Pudo | SEUR | UPS,"C. de Cartagena, 115",Pc Box | Pcbox Madrid | Pcbox Madrid (Cartagena),True,False,True,False,False,False,False,False,7,Multiple services,4,"Multiple companies, multiple services",18.81,2,Medium,False
madrid,MAD_LOC_001086,40.4410318495397,-3.67731410840684,1,1,SEUR,"C. del Padre Jesús Ordóñez, 1",Copisteria Huray Copy,False,False,False,False,False,False,True,False,5,Convenience Store only,1,Single record,0.0,1,High,False
madrid,MAD_LOC_001087,40.446307158199,-3.66584326815085,1,1,SEUR,"C. del Corazón de María, 64",Seur Locker Autoescuela L,True,False,False,False,False,False,False,False,1,Locker only,1,Single record,0.0,1,High,False
madrid,MAD_LOC_001088,40.44652578088497,-3.684754724600243,3,3,Pudo | SEUR | UPS,"C. de Serrano, 162",Aut Lara S El Viso | Autoescuela Lara Serrano El Viso | Lara Serrano,True,False,True,False,False,False,False,False,7,Multiple services,4,"Multiple companies, multiple services",21.39,2,Medium,False
madrid,MAD_LOC_001089,40.439248068153006,-3.694314885905225,2,2,Gls | SEUR,"Calle de Fernández de la Hoz, 72",Pillmarq | Ps Papeleria Pillmarq,False,False,False,False,False,False,True,False,5,Convenience Store only,3,"Multiple companies, single service",23.15,2,Medium,False
madrid,MAD_LOC_001090,40.4447036999357,-3.69894185519961,1,1,SEUR,"C/ de Ponzano, 85",Seur Locker Parking Isolu,True,False,False,False,False,False,False,False,1,Locker only,1,Single record,0.0,1,High,False
madrid,MAD_LOC_001091,40.447330610696,-3.6961558621886863,3,3,Pudo | SEUR | UPS,"C. de Raimundo Fernández Villaverde, 57",P Taquilla Intpkg Villaverde | Parking Interparking Villaverde | Seur Locker Pki Villaverd,True,False,True,False,False,False,False,False,7,Multiple services,4,"Multiple companies, multiple services",37.46,3,Review,True
madrid,MAD_LOC_001092,40.44396208100513,-3.7035886986262896,3,3,Pudo | SEUR | UPS,"C. de Bravo Murillo, 62",Lidl Bravo Murillo | Seur Locker Lidl Bravo Mu,True,False,True,False,False,False,False,False,7,Multiple services,4,"Multiple companies, multiple services",1.99,1,High,False
madrid,MAD_LOC_001093,40.4457792061441,-3.70377383191187,1,1,SEUR,"C. de Bravo Murillo, 90",Bondu Moviles,False,False,False,False,False,False,True,False,5,Convenience Store only,1,Single record,0.0,1,High,False
madrid,MAD_LOC_001094,40.439531176104154,-3.707868799248815,2,2,Ctt Express | SEUR,"C. Galería Vallehermoso, 4",Mr Long | Mr. Long,False,False,False,False,False,False,True,False,5,Convenience Store only,3,"Multiple companies, single service",1.61,1,High,False
madrid,MAD_LOC_001095,40.4407113613415,-3.708557792347965,2,2,SEUR | UPS,"Av. de Filipinas, 30",Seur Locker Jaime 24 H Av | Tiendas 7x24 Filipinas,True,False,False,False,False,False,True,False,7,Multiple services,4,"Multiple companies, multiple services",21.39,2,Medium,False
madrid,MAD_LOC_001096,40.4474120380435,-3.70986631549302,1,1,SEUR,"Av. de la Reina Victoria, 30",Seur Locker Gala Reina Vi,True,False,False,False,False,False,False,False,1,Locker only,1,Single record,0.0,1,High,False
madrid,MAD_LOC_001097,40.43923520386965,-3.716566343036815,2,2,SEUR | UPS,"C. de Cea Bermúdez, 65",Moran Opticos,False,False,False,False,False,False,True,False,5,Convenience Store only,3,"Multiple companies, single service",17.45,2,Medium,False
madrid,MAD_LOC_001098,40.4274221795259,-3.69907131091368,1,1,SEUR,"C. de Barceló, 6",Koiki Home,False,False,False,False,False,False,True,False,5,Convenience Store only,1,Single record,0.0,1,High,False
madrid,MAD_LOC_001099,40.4276024171582,-3.69964765106015,1,1,SEUR,"C. de Barceló, 11",Teatro Pki Barcelo,True,False,False,False,False,False,False,False,1,Locker only,1,Single record,0.0,1,High,False
madrid,MAD_LOC_001100,40.4221684766346,-3.70007240716558,1,1,SEUR,"C/ de Hortaleza, 27",Equivalenza,False,False,False,False,False,False,True,False,5,Convenience Store only,1,Single record,0.0,1,High,False
madrid,MAD_LOC_001101,40.4250253567657,-3.7023606166329497,2,2,Ctt Express | SEUR,"C. del Espíritu Santo, 3",Js Accesorios Y Movil | Movil Asesorias Malasaña,False,False,False,False,False,False,True,False,5,Convenience Store only,3,"Multiple companies, single service",2.72,1,High,False
madrid,MAD_LOC_001102,40.4252527366428,-3.70370361518701,1,1,SEUR,"Cl. del Marqués de Sta. Ana, 30",Pc Service,False,False,False,False,False,False,True,False,5,Convenience Store only,1,Single record,0.0,1,High,False
madrid,MAD_LOC_001103,40.4283949633833,-3.70209159975603,1,1,SEUR,"Calle de Fuencarral, 101",Lidl,True,False,False,False,False,False,False,False,1,Locker only,1,Single record,0.0,1,High,False
madrid,MAD_LOC_001104,40.42853938586045,-3.703720387168655,2,2,Pudo | SEUR,"Calle de Ruiz, 14",Autoescuela | Autoescuela Lara Bilbao,True,False,True,False,False,False,False,False,7,Multiple services,4,"Multiple companies, multiple services",10.24,1,High,False
madrid,MAD_LOC_001105,40.4018513241445,-3.712152007258155,2,2,SEUR | UPS,"P.o de las Acacias, 59",Vinoteca La Cristaleria | Vinoteca La Cristalería,False,False,False,False,False,False,True,False,5,Convenience Store only,3,"Multiple companies, single service",11.11,1,High,False
madrid,MAD_LOC_001106,40.405390215865154,-3.70602270685768,2,2,Pudo | SEUR,"C. de Soria, 2",Lidl C/ Soria | Seur Locker Lidl Cl Soria,True,False,True,False,False,False,False,False,7,Multiple services,4,"Multiple companies, multiple services",0.95,1,High,False
madrid,MAD_LOC_001107,40.4055893533825,-3.70777147275677,1,1,SEUR,"Ronda de Toledo, 107",Prink Madrid Toledo,False,False,False,False,False,False,True,False,5,Convenience Store only,1,Single record,0.0,1,High,False
madrid,MAD_LOC_001108,40.4053070121762,-3.70423025125728,1,1,SEUR,"Ronda de Toledo, 88",Seur Locker Parking Bolto,True,False,False,False,False,False,False,False,1,Locker only,1,Single record,0.0,1,High,False
madrid,MAD_LOC_001109,40.4008081440263,-3.71007909353761,1,1,SEUR,"C. de Melilla, 45",Basanta Fotografos,False,False,False,False,False,False,True,False,5,Convenience Store only,1,Single record,0.0,1,High,False
madrid,MAD_LOC_001110,40.4035740199549,-3.70844537223101,1,1,SEUR,P.o de las Acacias,Seur Locker Estanco Piram,True,False,False,False,False,False,False,False,1,Locker only,1,Single record,0.0,1,High,False
madrid,MAD_LOC_001111,40.4093943930792,-3.70656647780564,1,1,SEUR,"C/ de la Ribera de Curtidores, 15",Seur Locker Parking Bolto,True,False,False,False,False,False,False,False,1,Locker only,1,Single record,0.0,1,High,False
madrid,MAD_LOC_001112,40.40341390274883,-3.703449321343733,3,2,SEUR | UPS,"C. de Ercilla, 12",Ciber Marco | Locutorio Ciber Marco | Seur Locker Locutorio Cib,True,False,False,False,False,False,True,False,7,Multiple services,4,"Multiple companies, multiple services",5.47,1,High,False
madrid,MAD_LOC_001113,40.410749342177596,-3.708102288593455,2,2,Ctt Express | SEUR,"C. de la Ruda, 12",25 Olivas | 25 Olivas.,False,False,False,False,False,False,True,False,5,Convenience Store only,3,"Multiple companies, single service",2.0,1,High,False
madrid,MAD_LOC_001114,40.4106453945808,-3.71966315576118,1,1,SEUR,"C. de Juan Duque, 32",Baby Merceria Zapateria,False,False,False,False,False,False,True,False,5,Convenience Store only,1,Single record,0.0,1,High,False
madrid,MAD_LOC_001115,40.3983607208955,-3.70226955940416,1,1,SEUR,"P.o de la Esperanza, 59",Extreme Land Bmx,False,False,False,False,False,False,True,False,5,Convenience Store only,1,Single record,0.0,1,High,False
madrid,MAD_LOC_001116,40.413964280743,-3.70765469036756,1,1,SEUR,"Cl. de Tintoreros, 2",Europhil Tintoreros,True,False,False,False,False,False,False,False,1,Locker only,1,Single record,0.0,1,High,False
madrid,MAD_LOC_001117,40.4143368967825,-3.70845122427215,1,1,SEUR,"C. de Cuchilleros, 12",Spain Here,False,False,False,False,False,False,True,False,5,Convenience Store only,1,Single record,0.0,1,High,False
madrid,MAD_LOC_001118,40.4349354996398,-3.68248042205348,1,1,SEUR,"Calle de Diego de León, 26",Mercado Diego,True,False,False,False,False,False,False,False,1,Locker only,1,Single record,0.0,1,High,False
madrid,MAD_LOC_001119,40.4365986112035,-3.683006590872503,3,3,Celeritas | Ctt Express | SEUR,"Calle Velázquez, 118",Prink Iriparo Velazquez | Prink Velazquez,False,False,False,False,False,False,True,False,5,Convenience Store only,3,"Multiple companies, single service",22.09,2,Medium,False
madrid,MAD_LOC_001120,40.4333557371883,-3.6825919792113,1,1,SEUR,"Calle de Juan Bravo, 13",Parking Juan,True,False,False,False,False,False,False,False,1,Locker only,1,Single record,0.0,1,High,False
madrid,MAD_LOC_001121,40.4380519288572,-3.68377113883301,1,1,SEUR,"Calle de María de Molina, 27",Parking,True,False,False,False,False,False,False,False,1,Locker only,1,Single record,0.0,1,High,False
madrid,MAD_LOC_001122,40.4326696678311,-3.678039930763,1,1,SEUR,"Calle del Gral. Pardiñas, 61",Estanco 837,False,False,False,False,False,False,True,False,5,Convenience Store only,1,Single record,0.0,1,High,False
madrid,MAD_LOC_001123,40.43494137452716,-3.6775647954837702,3,3,Pudo | SEUR | UPS,"Calle de Diego de León, 53",Intpkg Diego D Leon | Ipk Diego De Leon | Parking Interparking Diego De León,True,False,True,False,False,False,False,False,7,Multiple services,4,"Multiple companies, multiple services",9.33,1,High,False
madrid,MAD_LOC_001124,40.4234524293805,-3.68820850649902,1,1,SEUR,C. de Serrano,Abc Serrano,True,False,False,False,False,False,False,False,1,Locker only,1,Single record,0.0,1,High,False
madrid,MAD_LOC_001125,40.430995543002,-3.671657264594,1,1,SEUR,"C. de Padilla, 88",Vapesmoke,False,False,False,False,False,False,True,False,5,Convenience Store only,1,Single record,0.0,1,High,False
madrid,MAD_LOC_001126,40.4289027238693,-3.6697462018065337,3,3,Ctt Express | Gls | SEUR,"Calle de Don Ramón de la Cruz, 115",Estanco 198 | Ps Estanco 198,False,False,False,False,False,False,True,False,5,Convenience Store only,3,"Multiple companies, single service",50.67,3,Review,True
madrid,MAD_LOC_001127,40.407166607126825,-3.66940009538687,4,3,Pudo | SEUR | UPS,"Av. del Mediterráneo, 41",Aut Lara Cond Casal | Autoescuela Lara Conde De Casal | Lara Conde De Casal,True,False,True,False,False,False,True,False,7,Multiple services,4,"Multiple companies, multiple services",21.24,2,Medium,False
madrid,MAD_LOC_001128,40.4067281742915,-3.67272173539386,1,1,SEUR,"C. de Sánchez Barcáiztegui, 43",Bisuteria El Tallercito B,False,False,False,False,False,False,True,False,5,Convenience Store only,1,Single record,0.0,1,High,False
madrid,MAD_LOC_001129,40.4072854859937,-3.67269626648734,1,1,SEUR,"Av. del Mediterráneo, 33",Seur Lockers Lidl,True,False,False,False,False,False,False,False,1,Locker only,1,Single record,0.0,1,High,False
madrid,MAD_LOC_001130,40.4049459302213,-3.67673319474235,1,1,SEUR,"C. de Valderribas, 22",Zapatos San Roman,False,False,False,False,False,False,True,False,5,Convenience Store only,1,Single record,0.0,1,High,False
madrid,MAD_LOC_001131,40.4098795668056,-3.67595365094387,1,1,SEUR,C. de los Reyes Magos S/N,Seur Lockers Pk,True,False,False,False,False,False,False,False,1,Locker only,1,Single record,0.0,1,High,False
madrid,MAD_LOC_001132,40.4055270275518,-3.678880202988265,2,2,Pudo | SEUR,"Calle de Narciso Serra, 13 | Calle de Narciso Serra, 13, 15",Lidl Narciso Serra | Seur Lockers Lidl,True,False,True,False,False,False,False,False,7,Multiple services,4,"Multiple companies, multiple services",8.48,1,High,False
madrid,MAD_LOC_001133,40.3993532429238,-3.67170313915074,1,1,SEUR,"C. de Seco, 1",Seur Lockers Parking Bolto,True,False,False,False,False,False,False,False,1,Locker only,1,Single record,0.0,1,High,False
madrid,MAD_LOC_001134,40.4035893039641,-3.68131020995921,1,1,SEUR,"C. del Comercio, 3",Ferreteria Ibermadrid,False,False,False,False,False,False,True,False,5,Convenience Store only,1,Single record,0.0,1,High,False
madrid,MAD_LOC_001135,40.4052817581802,-3.68260284816024,2,2,Pudo | SEUR,"Av. de la Ciudad de Barcelona, 7",Autoescuela Lara Menedez Pelayo | Seur Lockers Lara Menendez,True,False,True,False,False,False,False,False,7,Multiple services,4,"Multiple companies, multiple services",16.51,2,Medium,False
madrid,MAD_LOC_001136,40.42647989915435,-3.72725510469165,2,2,Ctt Express | SEUR,"Av. de Valladolid, 9",Kallpaprincipe,False,False,False,False,False,False,True,False,5,Convenience Store only,3,"Multiple companies, single service",5.14,1,High,False
madrid,MAD_LOC_001137,40.42588406228484,-3.72673775130224,3,3,Celeritas | Ctt Express | SEUR,"Gta. de San Antonio de la Florida, 1",Autoescuela Xtreme | Seur Locker Autoescuela X,True,False,False,False,False,False,True,False,7,Multiple services,4,"Multiple companies, multiple services",22.26,2,Medium,False
madrid,MAD_LOC_001138,40.4268444503522,-3.73143806648255,1,1,SEUR,"P.o del Comandante Fortea, 38",Ferreteria Escalona,False,False,False,False,False,False,True,False,5,Convenience Store only,1,Single record,0.0,1,High,False
madrid,MAD_LOC_001139,40.421912921653295,-3.7202365144864267,3,3,Pudo | SEUR | UPS,"P.o de la Florida, 2",C.C. Principe Pío | Cc Principe Pio | Seur Lockers Principe Pio,True,False,True,False,False,False,True,False,7,Multiple services,4,"Multiple companies, multiple services",12.79,1,High,False
madrid,MAD_LOC_001140,40.4253487824695,-3.71425858409086,1,1,SEUR,"C. de Ventura Rodríguez, 16",Ferreteria Ferrocentro,False,False,False,False,False,False,True,False,5,Convenience Store only,1,Single record,0.0,1,High,False
madrid,MAD_LOC_001141,40.4248494717315,-3.71218620531911,1,1,SEUR,"Calle de la Princesa, 5",Seur Lockers Pk Princesa,True,False,False,False,False,False,False,False,1,Locker only,1,Single record,0.0,1,High,False
madrid,MAD_LOC_001142,40.41690815797827,-3.674534097033305,4,3,Pudo | SEUR | UPS,"C/ del Alcalde Sainz de Baranda, 30",Aut Lara Sd Baranda | Autoescuela Lara Sainz De Baranda | Seur Lockers Lara Sainz Ba,True,False,True,False,False,False,True,False,7,Multiple services,4,"Multiple companies, multiple services",31.89,3,Review,True
madrid,MAD_LOC_001143,40.4213226038918,-3.67457192174264,1,1,SEUR,"C/ de Fernán González, 32",Odonnell,False,True,False,False,False,False,False,False,2,PUDO only,1,Single record,0.0,1,High,False
madrid,MAD_LOC_001144,40.427401768199,-3.6701380831835,1,1,SEUR,"C. de Alcalá, 140",Chipa - Manuel Becerra,False,False,False,False,False,False,True,False,5,Convenience Store only,1,Single record,0.0,1,High,False
madrid,MAD_LOC_001145,40.435026992024,-3.69304099130069,1,1,SEUR,"Calle de Zurbano, 58",Carlin,False,False,False,False,False,False,True,False,5,Convenience Store only,1,Single record,0.0,1,High,False
madrid,MAD_LOC_001146,40.4367529033632,-3.69447674463623,3,3,Pudo | SEUR | UPS,"Calle de García de Paredes, 74",Auto Gala G Paredes | Autoescuela Gala García Paredes | Seur Lockers Autoescuela G,True,False,True,False,False,False,True,False,7,Multiple services,4,"Multiple companies, multiple services",6.66,1,High,False
madrid,MAD_LOC_001147,40.4303598452194,-3.70421588107174,1,1,SEUR,"Calle de Sandoval, 12",Seur Lockers Pcbox Madrid,True,False,False,False,False,False,False,False,1,Locker only,1,Single record,0.0,1,High,False
madrid,MAD_LOC_001148,40.43723314254253,-3.7034883345487564,3,3,Ctt Express | SEUR | UPS,"Calle de García de Paredes, 6 | Calle de García de Paredes, 6, L20",Pekes Pet Shop | Pekes Pet Shoppekes Pet Shop,False,False,False,False,False,False,True,False,5,Convenience Store only,3,"Multiple companies, single service",27.86,2,Medium,False
madrid,MAD_LOC_001149,40.4102148418376,-3.73749912505941,1,1,SEUR,"C. de Herminio Puertas, 3",Parada Amarilla Locutorio,False,False,False,False,False,False,True,False,5,Convenience Store only,1,Single record,0.0,1,High,False
madrid,MAD_LOC_001150,40.4081870454455,-3.73595984858116,1,1,SEUR,"C. Genserico, 5",Te Cosen Las Cosas,False,False,False,False,False,False,True,False,5,Convenience Store only,1,Single record,0.0,1,High,False
madrid,MAD_LOC_001151,40.413009647548,-3.73030222001737,1,1,SEUR,"P.o de Extremadura, 53",Prink Paseo Extremadura,False,False,False,False,False,False,True,False,5,Convenience Store only,1,Single record,0.0,1,High,False
madrid,MAD_LOC_001152,40.413417935460934,-3.72689558980021,3,3,Ctt Express | Dhl | SEUR,"C. de Caramuel, 5",Mundo Movil | Mundo Movil Ii | Mundo Móvil,False,False,False,False,False,False,True,False,5,Convenience Store only,3,"Multiple companies, single service",31.77,3,Review,True
madrid,MAD_LOC_001153,43.3469192371946,-8.43099843880957,1,1,SEUR,"C. R. la Ermita, 48",Seur Locker La Ermita,True,False,False,False,False,False,False,False,1,Locker only,1,Single record,0.0,1,High,False
madrid,MAD_LOC_001154,40.4067578965226,-3.72310938943172,1,1,SEUR,"Av del Manzanares, 32",La Tienda Azul,False,False,False,False,False,False,True,False,5,Convenience Store only,1,Single record,0.0,1,High,False
madrid,MAD_LOC_001155,40.4085126846172,-3.70259226116921,1,1,SEUR,"C. del Sombrerete, 13",Seur Lockers Centro Tour E,True,False,False,False,False,False,False,False,1,Locker only,1,Single record,0.0,1,High,False
madrid,MAD_LOC_001156,40.4079380805423,-3.70367485001491,1,1,SEUR,"C. de Embajadores, 41",Seur Lockers Mercado San F,True,False,False,False,False,False,False,False,1,Locker only,1,Single record,0.0,1,High,False
madrid,MAD_LOC_001157,40.4112305824887,-3.70389357161047,1,1,SEUR,"C. del Amparo, 9",La Tia Maria Cbd Shop,False,False,False,False,False,False,True,False,5,Convenience Store only,1,Single record,0.0,1,High,False
madrid,MAD_LOC_001158,40.4116452581214,-3.70304054380046,1,1,SEUR,"C. de Lavapiés, 14",Gash Market,False,False,False,False,False,False,True,False,5,Convenience Store only,1,Single record,0.0,1,High,False
madrid,MAD_LOC_001159,40.4090682527275,-3.705197476523247,3,3,Celeritas | Ctt Express | SEUR,"C. de los Cabestreros, 17",Estanco 635 | Estanco Cabestreros,False,False,False,False,False,False,True,False,5,Convenience Store only,3,"Multiple companies, single service",7.49,1,High,False
madrid,MAD_LOC_001160,40.41265613368955,-3.70272600218871,2,1,SEUR,"Calle de la Magdalena, 4 | Calle de la Magdalena, 5",Seur Lockers Lara Tirso Mo | Siddiqui Telecom,True,False,False,False,False,False,True,False,7,Multiple services,2,"Same company, multiple records",11.79,1,High,False
madrid,MAD_LOC_001161,40.4038566031947,-3.70182457797468,1,1,SEUR,"C. de Embajadores, 82",Seur Lockers Lara Embajado,True,False,False,False,False,False,False,False,1,Locker only,1,Single record,0.0,1,High,False
madrid,MAD_LOC_001162,40.4149300526175,-3.70501426427841,1,1,SEUR,"C. de Atocha, 5",Mridha Shopping,False,False,False,False,False,False,True,False,5,Convenience Store only,1,Single record,0.0,1,High,False
madrid,MAD_LOC_001163,40.4183324740928,-3.7084170198429147,2,2,Gls | SEUR,"C. de los Donados, 1",Herbolario Niño Del Remed | Ps Copy Centro Opera,False,False,False,False,False,False,True,False,5,Convenience Store only,3,"Multiple companies, single service",25.12,2,Medium,False
madrid,MAD_LOC_001164,40.4123382168015,-3.69510132578526,1,1,SEUR,"C. de San Pedro, 8",Bodegas Trigo,False,False,False,False,False,False,True,False,5,Convenience Store only,1,Single record,0.0,1,High,False
madrid,MAD_LOC_001165,40.4171166158732,-3.70047975063355,2,1,SEUR,"Pl. de Canalejas, 1",Seur Lockers Canalejas | Tienda Seur Canalejas,True,True,False,False,False,False,False,False,3,Locker and PUDO,2,"Same company, multiple records",0.0,1,High,False
madrid,MAD_LOC_001166,40.4320219394783,-3.71009959320099,1,1,SEUR,"C. de Galileo, 20",Eaxy Group,False,False,False,False,False,False,True,False,5,Convenience Store only,1,Single record,0.0,1,High,False
madrid,MAD_LOC_001167,40.431997681966095,-3.70961861549819,2,2,Pudo | SEUR,"C. de Rodríguez San Pedro, 22",Lidl Rodriguez San Pedro | Seur Lockers Lidl Rodrigue,True,False,True,False,False,False,False,False,7,Multiple services,4,"Multiple companies, multiple services",2.63,1,High,False
madrid,MAD_LOC_001168,40.428439160760405,-3.7097850346792454,2,2,Pudo | SEUR,"C. del Conde Duque, 36",Midas Conde Duque | Seur Lockers Midas,True,False,True,False,False,False,False,False,7,Multiple services,4,"Multiple companies, multiple services",7.35,1,High,False
madrid,MAD_LOC_001169,40.42922668393325,-3.7079782425864947,2,2,Gls | SEUR,"Calle del Acuerdo, 31",Herbolario Santa Ana | Ps Herbolario Santa Ana,False,False,False,False,False,False,True,False,5,Convenience Store only,3,"Multiple companies, single service",16.97,2,Medium,False
madrid,MAD_LOC_001170,40.4332672722195,-3.71049675249885,1,1,SEUR,"C. de Galileo, 33",Tipicos Market,False,False,False,False,False,False,True,False,5,Convenience Store only,1,Single record,0.0,1,High,False
madrid,MAD_LOC_001171,40.43516140725875,-3.707517325466935,2,2,Pudo | SEUR,"C. de Fernández de los Ríos, 25",Autoescuela Lara Fernandez De Los Ríos | Seur Lockers Lara Fdez Rio,True,False,True,False,False,False,False,False,7,Multiple services,4,"Multiple companies, multiple services",11.69,1,High,False
madrid,MAD_LOC_001172,40.43855573511735,-3.71270975525128,2,2,Pudo | SEUR,"C. de Guzmán el Bueno, 72",Lidl Guzman El Bueno | Seur Lockers Lidl Guzman E,True,False,True,False,False,False,False,False,7,Multiple services,4,"Multiple companies, multiple services",5.98,1,High,False
madrid,MAD_LOC_001173,40.4585173731664,-3.675405882869155,2,2,Pudo | SEUR,"C. de Costa Rica, 12",Autoescuela Lara Costa Rica | Seur Lockers Lara Costa Ri,True,False,True,False,False,False,False,False,7,Multiple services,4,"Multiple companies, multiple services",5.29,1,High,False
madrid,MAD_LOC_001174,40.45855956744307,-3.6793179712552533,3,3,Celeritas | Dhl | SEUR,"Av. de Alberto de Alcocer, 48",Ayb Print Works Media Image | Prink | Prink Alberto Alcocer,False,False,False,False,False,False,True,False,5,Convenience Store only,3,"Multiple companies, single service",5.52,1,High,False
madrid,MAD_LOC_001175,40.4595556799787,-3.67892209991615,1,1,SEUR,"Av. de Alberto de Alcocer, 47",Seur Lockers Lara Alberto,True,False,False,False,False,False,False,False,1,Locker only,1,Single record,0.0,1,High,False
madrid,MAD_LOC_001176,40.42735645253247,-3.6423311780505565,3,3,Pudo | SEUR | UPS,"C. de Ezequiel Solana, 102",Locutorio Euroenvíos V Ezequiel Solana | P Taquilla Loc Euro Ezq Solana | Seur Locker Euroenvios Ez,True,False,True,False,False,False,False,False,7,Multiple services,4,"Multiple companies, multiple services",10.24,1,High,False
madrid,MAD_LOC_001177,40.425829141667,-3.6528497890932834,3,2,Pudo | SEUR,"Cl. de San Maximiliano, 45",Locutorio Euroenvíos Calle San Maximiliano | Locutorio La Elipa | Seur Locker Euroenvios Ma,True,False,True,False,False,False,True,False,7,Multiple services,4,"Multiple companies, multiple services",12.15,1,High,False
madrid,MAD_LOC_001178,40.4229393080752,-3.65543991387344,1,1,SEUR,"Av. del Marqués de Corbera, 12",Arancartuchos,False,False,False,False,False,False,True,False,5,Convenience Store only,1,Single record,0.0,1,High,False
madrid,MAD_LOC_001179,40.4304849238879,-3.6411129156047597,2,2,Pudo | SEUR,"C. de Ascao, 29",Autoescuela Calderon I Ascao | Seur Locker Calderon Asca,True,False,True,False,False,False,False,False,7,Multiple services,4,"Multiple companies, multiple services",23.4,2,Medium,False
madrid,MAD_LOC_001180,40.4317180103315,-3.63908061825768,1,1,SEUR,"C. de Luis Ruiz, 22",Locutorio Digame,False,False,False,False,False,False,True,False,5,Convenience Store only,1,Single record,0.0,1,High,False
madrid,MAD_LOC_001181,40.432435394048156,-3.6422423079797097,2,2,SEUR | UPS,"C. de Emilio Ferrari, 40",Tinta Y Toner Pueblo Nuev | Tinta Y Toner Pueblo Nuevo,False,False,False,False,False,False,True,False,5,Convenience Store only,3,"Multiple companies, single service",5.72,1,High,False
madrid,MAD_LOC_001182,40.4323221127043,-3.64903472975936,1,1,SEUR,"C. San Juan de la Cuesta, 2",Locutorio Don Elias,False,False,False,False,False,False,True,False,5,Convenience Store only,1,Single record,0.0,1,High,False
madrid,MAD_LOC_001183,40.434881410373805,-3.6433228322511546,2,2,Pudo | SEUR,"C. Amos de Escalante, 1",Latin Travel Escalante | Seur Locker Latin Travel,True,False,True,False,False,False,False,False,7,Multiple services,4,"Multiple companies, multiple services",10.94,1,High,False
madrid,MAD_LOC_001184,40.4350903064161,-3.64302368831476,1,1,SEUR,"C. del Río Ulla, 4",Smartworld Rio Huya,False,False,False,False,False,False,True,False,5,Convenience Store only,1,Single record,0.0,1,High,False
madrid,MAD_LOC_001185,40.3875470427351,-3.65545206812046,2,2,SEUR | UPS,"Av. de Palomeras, 82",Dismicro Bros | Dismicro Bros Sl,False,False,False,False,False,False,True,False,5,Convenience Store only,3,"Multiple companies, single service",2.52,1,High,False
madrid,MAD_LOC_001186,40.386581779354934,-3.6507936015063467,3,3,Pudo | SEUR | UPS,"Av. de Palomeras, 126",New Linea Digital | P Taquilla New Linea Digital | Seur Locker New Linea Dig,True,False,True,False,False,False,False,False,7,Multiple services,4,"Multiple companies, multiple services",18.34,2,Medium,False
madrid,MAD_LOC_001187,40.38697709466506,-3.64927316435242,3,3,Pudo | SEUR | UPS,"C. de Pedro Laborde, 45",Autoescuela Lara Vallecas Pedro Laborde | P Taquilla Aut Lara P Laborde | Seur Locker Lara Pedro La,True,False,True,False,False,False,False,False,7,Multiple services,4,"Multiple companies, multiple services",25.5,2,Medium,False
madrid,MAD_LOC_001188,40.3810663591272,-3.65686787984534,1,1,SEUR,"C. Historias de la Radio, 2",Merceria Nubecitas,False,False,False,False,False,False,True,False,5,Convenience Store only,1,Single record,0.0,1,High,False
madrid,MAD_LOC_001189,40.3819878428725,-3.6604655537038,3,3,Pudo | SEUR | UPS,"Av. de Pablo Neruda, 138",Lidl Pablo Neruda 138 | P Taquilla Lidl Pablo Neruda | Seur Locker Lidl P Neruda,True,False,True,False,False,False,False,False,7,Multiple services,4,"Multiple companies, multiple services",6.74,1,High,False
madrid,MAD_LOC_001190,40.3916991761367,-3.6616874197765,1,1,SEUR,"C. Monte Calobro, 3",Luna Magica,False,False,False,False,False,False,True,False,5,Convenience Store only,1,Single record,0.0,1,High,False
madrid,MAD_LOC_001191,40.3813479093091,-3.66342118303923,2,2,Pudo | SEUR,"Av. de Pablo Neruda, 91",C.C. Madrid Sur | Seur Locker Cc Madrid Sur,True,False,True,False,False,False,False,False,7,Multiple services,4,"Multiple companies, multiple services",4.64,1,High,False
madrid,MAD_LOC_001192,40.3851836492113,-3.66652629593452,1,1,SEUR,"C. de la Imagen, 4",Dejame Verte,False,False,False,False,False,False,True,False,5,Convenience Store only,1,Single record,0.0,1,High,False
madrid,MAD_LOC_001193,40.39381615386555,-3.7264757695036552,2,2,Gls | SEUR,"C. Paulina Odiaga, 43 | Calle Paulina Odiaga 43",Alimentacion Paulina Odia | Ps La Maña,False,False,False,False,False,False,True,False,5,Convenience Store only,3,"Multiple companies, single service",4.43,1,High,False
madrid,MAD_LOC_001194,40.3933139100247,-3.73574461199058,1,1,SEUR,"C. de Zaida, 75",Seur Locker Locutorio Zai,True,False,False,False,False,False,False,False,1,Locker only,1,Single record,0.0,1,High,False
madrid,MAD_LOC_001195,40.3973572014268,-3.715877447810835,2,2,SEUR | UPS,"Gta. Marqués de Vadillo, 4",P Taquilla Aut Lara Md Vadillo | Seur Locker Lara Marques,True,False,False,False,False,False,False,False,1,Locker only,3,"Multiple companies, single service",10.6,1,High,False
madrid,MAD_LOC_001196,40.39642094406205,-3.71353851935717,2,2,Ctt Express | SEUR,"C. Vicente Martín Arias, 2",La Perla 2 | Western Union Martin Arias,False,False,False,False,False,False,True,False,5,Convenience Store only,3,"Multiple companies, single service",26.35,2,Medium,False
madrid,MAD_LOC_001197,40.3954794444232,-3.71012756928579,1,1,SEUR,"Calle de Antonio López, 49",Jarul Mercedes Atelier,False,False,False,False,False,False,True,False,5,Convenience Store only,1,Single record,0.0,1,High,False
madrid,MAD_LOC_001198,40.3944139618325,-3.7083423773298,2,2,Pudo | SEUR,"Calle de Antonio López, 78",Lidl Puente De Praga | Seur Locker Lidl Puente D,True,False,True,False,False,False,False,False,7,Multiple services,4,"Multiple companies, multiple services",12.38,1,High,False
madrid,MAD_LOC_001199,40.45743637693808,-3.6924303770053726,4,4,Celeritas | Ctt Express | SEUR | UPS,"C. del Poeta Joan Maragall, 19",Ferreteria Cuzco | Ferreteria Perfumeria Cuzco Ferrcash | Seur Lockers Ferretería Cu,True,False,False,False,False,False,True,False,7,Multiple services,4,"Multiple companies, multiple services",53.19,3,Review,True
madrid,MAD_LOC_001200,40.45900109644366,-3.697298101611648,5,4,Mail Boxes Etc | Pudo | SEUR | UPS,"C. de la Infanta Mercedes, 53",Mail Boxes Etc | Mail Boxes Etc. 0116 | Mbe 0116 | Midas Infanta Mercedes | Seur Lockers Midas Infanta,True,True,True,False,False,False,True,False,3,Locker and PUDO,4,"Multiple companies, multiple services",19.7,2,Medium,False
madrid,MAD_LOC_001201,40.4597968784633,-3.69940756086457,1,1,SEUR,"C. de Bravo Murillo, 246",Malik Cash Y Carry,False,False,False,False,False,False,True,False,5,Convenience Store only,1,Single record,0.0,1,High,False
madrid,MAD_LOC_001202,40.46129237885212,-3.6984446889825677,4,4,Celeritas | Ctt Express | Pudo | SEUR,"C. de Bravo Murillo, 291 | C. de Bravo Murillo, 293",Estanco Tetuán 777 | Lidl Mercado De Tetuan | Seur Lockers Lidl Tetuan,True,False,True,False,False,False,True,False,7,Multiple services,4,"Multiple companies, multiple services",24.1,2,Medium,False
madrid,MAD_LOC_001203,40.46407052861855,-3.6963548868503997,2,2,Gls | SEUR,"C. de Bravo Murillo, 325",Papeleria Tetuan | Ps Papeleria Prensa Tetuan,False,False,False,False,False,False,True,False,5,Convenience Store only,3,"Multiple companies, single service",15.02,2,Medium,False
madrid,MAD_LOC_001204,40.448311818953265,-3.6960540598815097,3,3,Pudo | SEUR | UPS,"C. de Hernani, 75",Int Pkg Hernani | Parking Interparking Hernani | Seur Lockers Pki Hernani,True,False,True,False,False,False,True,False,7,Multiple services,4,"Multiple companies, multiple services",8.56,1,High,False
madrid,MAD_LOC_001205,40.4488001531839,-3.70115433138295,1,1,SEUR,"C. de Hernani, 23",Mensos,False,False,False,False,False,False,True,False,5,Convenience Store only,1,Single record,0.0,1,High,False
madrid,MAD_LOC_001206,40.449184248322,-3.703946145325115,2,2,Pudo | SEUR,"C. de Bravo Murillo, 121",Lidl Cuatro Caminos | Seur Lockers Lidl 4 Camino,True,False,True,False,False,False,False,False,7,Multiple services,4,"Multiple companies, multiple services",6.0,1,High,False
madrid,MAD_LOC_001207,40.44766940344727,-3.7021298341091566,3,2,Pudo | SEUR,"C. de los Artistas, 19",Latin Travel Artistas | Latin Travel España | Seur Lockers Latin Travel,True,False,True,False,False,False,True,False,7,Multiple services,4,"Multiple companies, multiple services",15.7,2,Medium,False
madrid,MAD_LOC_001208,40.4544522127429,-3.69572977611053,1,1,SEUR,"C. de Fortunata y Jacinta, 27",Seur Tipsa Azca,False,False,False,False,False,False,True,False,5,Convenience Store only,1,Single record,0.0,1,High,False
madrid,MAD_LOC_001209,40.3422720764001,-3.7093956034743,1,1,SEUR,"Pl. de Gómez Acebo, 1",Seur Locker Colada Expres,True,False,False,False,False,False,False,False,1,Locker only,1,Single record,0.0,1,High,False
madrid,MAD_LOC_001210,40.3462702804851,-3.70799362684173,1,1,SEUR,"Calle del Dr. Martín Arévalo, 12",Locutorio Cibao,False,False,False,False,False,False,True,False,5,Convenience Store only,1,Single record,0.0,1,High,False
madrid,MAD_LOC_001211,40.34754482747217,-3.70539617699469,3,3,Ctt Express | Gls | SEUR,"P.o Talleres, 66",La Planada | Ps La Planada,False,False,False,False,False,False,True,False,5,Convenience Store only,3,"Multiple companies, single service",8.55,1,High,False
madrid,MAD_LOC_001212,40.336290649847,-3.71427333120332,1,1,SEUR,"C. Cdad. de Frías, 11",Villaverde,False,False,False,False,False,False,True,False,5,Convenience Store only,1,Single record,0.0,1,High,False
madrid,MAD_LOC_001213,40.3440819577462,-3.71274592254905,1,1,SEUR,"Camino Leganés, 28",Ainhoa Multiservice,False,False,False,False,False,False,True,False,5,Convenience Store only,1,Single record,0.0,1,High,False
madrid,MAD_LOC_001214,40.344316393166736,-3.7138557027001333,3,3,Ctt Express | Gls | SEUR,"C. de Juan Peñalver, 66 | C. de Juan Peñalver, 66, LOCAL 2",Ecuazaruma Sl | Ecuazaruma Sociedad Limitada | Ps Locutorio Estefania,False,False,False,False,False,False,True,False,5,Convenience Store only,3,"Multiple companies, single service",10.89,1,High,False
madrid,MAD_LOC_001215,40.3515952083587,-3.69190737846388,1,1,SEUR,"Calle de Sta. Petronila, 1",Seur Locker Lidl Santa Pe,True,False,False,False,False,False,False,False,1,Locker only,1,Single record,0.0,1,High,False
madrid,MAD_LOC_001216,40.3464185215189,-3.67751365927504,1,1,SEUR,"C. del Canchal, 30",Caprichos,False,False,False,False,False,False,True,False,5,Convenience Store only,1,Single record,0.0,1,High,False
madrid,MAD_LOC_001217,40.34845169422855,-3.6784004531438104,2,2,SEUR | UPS,"C. del Bario, 16",Autoescuela Go Ginger | Seur Locker Go Autoescuel,True,False,False,False,False,False,True,False,7,Multiple services,4,"Multiple companies, multiple services",9.76,1,High,False
madrid,MAD_LOC_001218,40.446171448545,-3.5890632713142647,2,2,SEUR | UPS,C. de Aracne SN,Aromas Artesanales Plenilunio | Seur Locker Plenilunio,True,False,False,False,False,False,True,False,7,Multiple services,4,"Multiple companies, multiple services",4.01,1,High,False
madrid,MAD_LOC_001219,40.4460326624156,-3.61009408753414,1,1,SEUR,"C. de San Venancio, 2",Ferretería Fonjal,False,False,False,False,False,False,True,False,5,Convenience Store only,1,Single record,0.0,1,High,False
madrid,MAD_LOC_001220,40.430840838474,-3.60573599406262,1,1,SEUR,"C. de Julia García Boután, 35",Estanco Garcia Boutan,False,False,False,False,False,False,True,False,5,Convenience Store only,1,Single record,0.0,1,High,False
madrid,MAD_LOC_001221,40.4266807520548,-3.60424466574913,1,1,SEUR,"C. de Suecia, 42",Paravi Decoracion,False,False,False,False,False,False,True,False,5,Convenience Store only,1,Single record,0.0,1,High,False
madrid,MAD_LOC_001222,40.439135528108395,-3.6138423616971247,2,2,Pudo | SEUR,"Av. de Canillejas a Vicálvaro, 43",Lidl Canillejas | Seur Locker Lidl Canillej,True,False,True,False,False,False,False,False,7,Multiple services,4,"Multiple companies, multiple services",14.16,1,High,False
madrid,MAD_LOC_001223,40.4244682868566,-3.60673565721265,1,1,SEUR,"Av. de Guadalajara, 128",Prink Las Rosas,False,False,False,False,False,False,True,False,5,Convenience Store only,1,Single record,0.0,1,High,False
madrid,MAD_LOC_001224,40.4256584801902,-3.55369352668125,1,1,SEUR,"C. de Uruguay, 11",El Rincon De Alis,False,False,False,False,False,False,True,False,5,Convenience Store only,1,Single record,0.0,1,High,False
madrid,MAD_LOC_001225,40.3977118287627,-3.77334457368295,1,1,SEUR,"C. Fuentesaúco, 38",Seur Locker Euroenvios Fu,True,False,False,False,False,False,False,False,1,Locker only,1,Single record,0.0,1,High,False
madrid,MAD_LOC_001226,40.3980004032032,-3.772026350078995,2,2,Ctt Express | SEUR,"C. Fuentesaúco, 11",Seur Locker Gala Jardin | €Uroconexion 06 Fuentesauco,True,False,False,False,False,False,True,False,7,Multiple services,4,"Multiple companies, multiple services",4.8,1,High,False
madrid,MAD_LOC_001227,40.3977789281932,-3.76834652646019,1,1,SEUR,"C. Carabias, 18",Estanco Muelle 639,False,False,False,False,False,False,True,False,5,Convenience Store only,1,Single record,0.0,1,High,False
madrid,MAD_LOC_001228,40.39256013869945,-3.757944298343065,2,2,Pudo | SEUR,C. de Illescas | C. de Illescas SN,Lidl Calle Illescas | Seur Locker Lidl Cl Illes,True,False,True,False,False,False,False,False,7,Multiple services,4,"Multiple companies, multiple services",2.49,1,High,False
madrid,MAD_LOC_001229,40.3940685701508,-3.76341202063516,1,1,SEUR,"C. de Illescas, 28",Papeleria Fluxy,False,False,False,False,False,False,True,False,5,Convenience Store only,1,Single record,0.0,1,High,False
madrid,MAD_LOC_001230,40.395310386583,-3.7624527798098253,4,4,Ctt Express | Nacex | SEUR | UPS,"C. de Illescas, 81",Pharmanatur | Pharmanatur (2883-13),False,False,False,False,False,False,True,False,5,Convenience Store only,3,"Multiple companies, single service",4.05,1,High,False
madrid,MAD_LOC_001231,40.3769248831956,-3.73361670975249,1,1,SEUR,"Av. de Abrantes, 118",Seur Locker Locutorio Ne,True,False,False,False,False,False,False,False,1,Locker only,1,Single record,0.0,1,High,False
madrid,MAD_LOC_001232,40.3798294103291,-3.74017657067649,1,1,SEUR,"C. Padre Amigo, 8",Papelería El Lapicero,False,False,False,False,False,False,True,False,5,Convenience Store only,1,Single record,0.0,1,High,False
madrid,MAD_LOC_001233,40.3826280953457,-3.73155773934312,1,1,SEUR,"C. Falcinelo, 22",Seur Tipsa Carabanchel 02,False,False,False,False,False,False,True,False,5,Convenience Store only,1,Single record,0.0,1,High,False
madrid,MAD_LOC_001234,40.38414041241155,-3.726600816551885,2,2,Gls | SEUR,"C. de Argüeso, 38 | Calle de Argüeso 38",Papeleria Los Pinos | Ps Papeleria Los Pinos,False,False,False,False,False,False,True,False,5,Convenience Store only,3,"Multiple companies, single service",12.15,1,High,False
madrid,MAD_LOC_001235,40.3858779683058,-3.72767405254755,1,1,SEUR,"C. del Camino Viejo de Leganés, 115",Fariha Technology,False,False,False,False,False,False,True,False,5,Convenience Store only,1,Single record,0.0,1,High,False
madrid,MAD_LOC_001236,40.389384565360004,-3.739554477443225,2,2,Ctt Express | SEUR,"C. de la Oca, 70",Mobile Bazar Ii,False,False,False,False,False,False,True,False,5,Convenience Store only,3,"Multiple companies, single service",31.9,3,Review,True
madrid,MAD_LOC_001237,40.3897785874538,-3.73733781536875,2,2,Ctt Express | SEUR,"C. Eduardo Morales, 7",Info Repuestos,False,False,False,False,False,False,True,False,5,Convenience Store only,3,"Multiple companies, single service",8.34,1,High,False
madrid,MAD_LOC_001238,40.3896605115487,-3.74189907828008,1,1,SEUR,"C. de la Laguna, 107",Mk Mobile Shop,False,False,False,False,False,False,True,False,5,Convenience Store only,1,Single record,0.0,1,High,False
madrid,MAD_LOC_001239,40.38997182507,-3.74224933998368,2,2,Ctt Express | SEUR,"C. de la Laguna, 40",La Plaza Del Movil,False,False,False,False,False,False,True,False,5,Convenience Store only,3,"Multiple companies, single service",2.6,1,High,False
madrid,MAD_LOC_001240,40.390233016214054,-3.74187763902375,2,2,Ctt Express | SEUR,"C. de Tucán, 48 | C. de la Laguna, 101",Los Ramirez | Seur Locker Locutorio Los,True,False,False,False,False,False,True,False,7,Multiple services,4,"Multiple companies, multiple services",14.55,1,High,False
madrid,MAD_LOC_001241,40.3905600290671,-3.74234471771649,1,1,SEUR,"C. de la Laguna, 32",Seur Locker Europhil Lagu,True,False,False,False,False,False,False,False,1,Locker only,1,Single record,0.0,1,High,False
madrid,MAD_LOC_001242,40.3857911162,-3.70649652876046,1,1,SEUR,"C. de Marcelo Usera, 83",Seur Locker Europhil Marc,True,False,False,False,False,False,False,False,1,Locker only,1,Single record,0.0,1,High,False
madrid,MAD_LOC_001243,40.3860881944689,-3.7038077021465,1,1,SEUR,"C. del Amor Hermoso, 33",Alimentacion Amor Hermoso,False,False,False,False,False,False,True,False,5,Convenience Store only,1,Single record,0.0,1,High,False
madrid,MAD_LOC_001244,40.38591822032775,-3.70354001648279,2,2,Pudo | SEUR,"C. de la Pilarica, 22",Latin Travel Pilarica | Seur Locker Latin Travel,True,False,True,False,False,False,False,False,7,Multiple services,4,"Multiple companies, multiple services",12.49,1,High,False
madrid,MAD_LOC_001245,40.3866294256536,-3.70354847030614,1,1,SEUR,"C. de la Pilarica, 14",Seur Locker Parking Bolto,True,False,False,False,False,False,False,False,1,Locker only,1,Single record,0.0,1,High,False
madrid,MAD_LOC_001246,40.385588834823196,-3.71023543761675,2,2,Nacex | SEUR,"C. de Marcelo Usera, 128 | C. de Marcelo Usera, 129",Colada Expres (2884-18) | Seur Locker Medina Envios,True,False,False,False,False,False,True,False,7,Multiple services,4,"Multiple companies, multiple services",8.53,1,High,False
madrid,MAD_LOC_001247,40.38727943924915,-3.70135146903983,2,2,Pudo | SEUR,"C. de Marcelo Usera, 26",Lidl Marcelo Usera | Seur Locker Lidl Marcelo,True,False,True,False,False,False,False,False,7,Multiple services,4,"Multiple companies, multiple services",12.85,1,High,False
madrid,MAD_LOC_001248,40.3849460703629,-3.7110137346989,1,1,SEUR,"C. de Rodrigo Uhagón, 13",Licoreria Hernanas Fernan,False,False,False,False,False,False,True,False,5,Convenience Store only,1,Single record,0.0,1,High,False
madrid,MAD_LOC_001249,40.387229608241,-3.70042079962884,1,1,SEUR,"C. Felipe Díaz, 7",Sebastian Barberia Y Pelu,False,False,False,False,False,False,True,False,5,Convenience Store only,1,Single record,0.0,1,High,False
madrid,MAD_LOC_001250,40.3855246386931,-3.711802018600725,2,2,Pudo | SEUR,"C. de Manuel Noya, 29",Autoescuela Marcelo Usera | Seur Locker Autoescuela M,True,False,True,False,False,False,False,False,7,Multiple services,4,"Multiple companies, multiple services",8.52,1,High,False
madrid,MAD_LOC_001251,40.38668009986,-3.6992427908300254,2,2,Pudo | SEUR,"Av. de Córdoba, 8",Autoescuela Lara Usera | Seur Locker Lara Usera,True,False,True,False,False,False,False,False,7,Multiple services,4,"Multiple companies, multiple services",4.07,1,High,False
madrid,MAD_LOC_001252,40.389718018897725,-3.7013509414356704,4,4,Ctt Express | Pudo | SEUR | UPS,"Calle de Antonio López, 156",Aks Locutorio | Autoescuela Gala Antonio López | Locutorio Hazif | P Taquilla Auto Gala Ant Lopez,True,False,True,False,False,False,True,False,7,Multiple services,4,"Multiple companies, multiple services",8.92,1,High,False
madrid,MAD_LOC_001253,40.3899454427893,-3.70080901308163,1,1,SEUR,"Calle de Antonio López, 113",Speed Master Madrid,False,False,False,False,False,False,True,False,5,Convenience Store only,1,Single record,0.0,1,High,False
madrid,MAD_LOC_001254,40.3829557837705,-3.69553663505456,1,1,SEUR,"Calle de Antonio López, 205",Estanco 470,False,False,False,False,False,False,True,False,5,Convenience Store only,1,Single record,0.0,1,High,False
madrid,MAD_LOC_001255,40.4424989520936,-3.63782427790047,4,4,Celeritas | Ctt Express | SEUR | UPS,"C. del Gral. Aranaz, 42",Centro Arbol De La Vida | El Arbol De La Vida | El Árbol De La Vida,False,False,False,False,False,False,True,False,5,Convenience Store only,3,"Multiple companies, single service",24.65,2,Medium,False
madrid,MAD_LOC_001256,40.44481196945787,-3.65128858060989,3,3,Pudo | SEUR | UPS,"C. de la Madre Antonia París, 4",P Taquilla Papeleria Manil | Papelería Manil | Seur Locker Papeleria Man,True,False,True,False,False,False,False,False,7,Multiple services,4,"Multiple companies, multiple services",23.03,2,Medium,False
madrid,MAD_LOC_001257,40.4356293703235,-3.64394655985858,1,1,SEUR,"C. de Alcalá, 373",Seur Locker Europhil Alc,True,False,False,False,False,False,False,False,1,Locker only,1,Single record,0.0,1,High,False
madrid,MAD_LOC_001258,40.437177141553036,-3.638139592802464,3,3,Celeritas | Pudo | SEUR,"C. de Alcalá, 414 | Calle de Alcalá, 414, 28027 Madrid",C.C. Alcala Norte | Maslife Marcelo Usera | Seur Locker Alcala Norte,True,False,True,False,False,False,True,False,7,Multiple services,4,"Multiple companies, multiple services",10.43,1,High,False
madrid,MAD_LOC_001259,40.4389968860928,-3.63603148561512,1,1,SEUR,"C. de Alcalá, 441",Prink Alcalá,False,False,False,False,False,False,True,False,5,Convenience Store only,1,Single record,0.0,1,High,False
madrid,MAD_LOC_001260,40.44218799053335,-3.65524377521617,2,2,SEUR | UPS,"Av. de Badajoz, 5",P Taquilla Auto Gala B Blanco | Seur Locker Autoescuela G,True,False,False,False,False,False,False,False,1,Locker only,3,"Multiple companies, single service",10.61,1,High,False
madrid,MAD_LOC_001261,40.4390735801884,-3.6339944216960434,3,3,Pudo | SEUR | UPS,"C. de Alcalá, 460",Autoescuela Calderón Iii Alcala 460 | P Taquilla Aut Calderon Iii | Seur Locker Calderon Alca,True,False,True,False,False,False,False,False,7,Multiple services,4,"Multiple companies, multiple services",17.32,2,Medium,False
madrid,MAD_LOC_001262,40.4357703365435,-3.66691335576522,1,1,SEUR,"C. de Azcona, 43",Seur Lockers Washrocks Azc,True,False,False,False,False,False,False,False,1,Locker only,1,Single record,0.0,1,High,False
madrid,MAD_LOC_001263,40.43361987511035,-3.67103118528147,2,2,Pudo | SEUR,"C. de Azcona, 18 | calle Azcona, 18",Estanco Alfonso Verdugo | Seur Lockers Estanco Alfon,True,False,True,False,False,False,False,False,7,Multiple services,4,"Multiple companies, multiple services",9.46,1,High,False
madrid,MAD_LOC_001264,40.4342797643729,-3.67095949237926,1,1,SEUR,"C. de Eraso, 14",Regalos Sonia,False,False,False,False,False,False,True,False,5,Convenience Store only,1,Single record,0.0,1,High,False
madrid,MAD_LOC_001265,40.4384465050474,-3.66324461571093,1,1,SEUR,"Av. de Bruselas, 48",Estanco 676,False,False,False,False,False,False,True,False,5,Convenience Store only,1,Single record,0.0,1,High,False
madrid,MAD_LOC_001266,40.43743153722104,-3.671328166708573,3,3,Pudo | SEUR | UPS,"C. de Cartagena, 73",Autesc Calderon V | Autoescuela Calderon V Cartagena | Seur Lockers Calderon Cart,True,False,True,False,False,False,True,False,7,Multiple services,4,"Multiple companies, multiple services",17.19,2,Medium,False
madrid,MAD_LOC_001267,40.44014268348564,-3.67379799372239,3,3,Pudo | SEUR | UPS,"C. de Cartagena, 110",Aut Lara Av America | Autoescuela Lara Avda De América | Seur Lockers Lara Avda Ame,True,False,True,False,False,False,True,False,7,Multiple services,4,"Multiple companies, multiple services",29.35,2,Medium,False
madrid,MAD_LOC_001268,40.479258181778,-3.70453538014341,1,1,SEUR,"Av. de Monforte de Lemos, 101",Zapatos Zapp Montorte De,False,False,False,False,False,False,True,False,5,Convenience Store only,1,Single record,0.0,1,High,False
madrid,MAD_LOC_001269,40.4782638817491,-3.70683384767248,1,1,SEUR,"Pl. de Arteijo, 12",Repuestos De Automovil Ar,False,False,False,False,False,False,True,False,5,Convenience Store only,1,Single record,0.0,1,High,False
madrid,MAD_LOC_001270,40.4743041867135,-3.70705637764276,1,1,SEUR,"Av. de El Ferrol, 39",Tu Peine Peluqueria,False,False,False,False,False,False,True,False,5,Convenience Store only,1,Single record,0.0,1,High,False
madrid,MAD_LOC_001271,40.46977121389565,-3.70172129405275,2,2,Pudo | SEUR,"C. de Pinos Baja, 55",Lavandería Arroyo | Seur Lockers Lavanderia,True,False,True,False,False,False,False,False,7,Multiple services,4,"Multiple companies, multiple services",10.35,1,High,False
madrid,MAD_LOC_001272,40.4758945278717,-3.70969097804262,1,1,SEUR,"C. de Melchor Fernández Almagro, 78",Estanco Madrid 530,False,False,False,False,False,False,True,False,5,Convenience Store only,1,Single record,0.0,1,High,False
madrid,MAD_LOC_001273,40.4680436473204,-3.70016077795695,1,1,SEUR,"C. del Plátano, 23",Arreglos Coser Y Cantar,False,False,False,False,False,False,True,False,5,Convenience Store only,1,Single record,0.0,1,High,False
madrid,MAD_LOC_001274,40.4720481666065,-3.711544481126943,3,3,Pudo | SEUR | UPS,"C. de Sinesio Delgado, 64",Lidl S Delgado | Lidl Sinesio Delgado | Seur Lockers Lidl,True,False,True,False,False,False,True,False,7,Multiple services,4,"Multiple companies, multiple services",24.28,2,Medium,False
madrid,MAD_LOC_001275,40.4671144384425,-3.70408032168041,1,1,SEUR,"C. del Capitán Blanco Argibay, 107",Los Cachorros,False,False,False,False,False,False,True,False,5,Convenience Store only,1,Single record,0.0,1,High,False
madrid,MAD_LOC_001276,40.4800286608932,-3.71335491870615,1,1,SEUR,"C. del Dr. Ramón Castroviejo, 3",Vaper Zoe Madrid,False,False,False,False,False,False,True,False,5,Convenience Store only,1,Single record,0.0,1,High,False
madrid,MAD_LOC_001277,40.465696055791,-3.69987240937321,1,1,SEUR,"C. del Capitán Blanco Argibay, 41",Arcoiris Mascotas,False,False,False,False,False,False,True,False,5,Convenience Store only,1,Single record,0.0,1,High,False
madrid,MAD_LOC_001278,40.4765310749901,-3.715065118673285,2,2,Pudo | SEUR,"C. de La Bañeza, 32",Autoescuela Lara Barrio Del Pilar | Seur Lockers Lara Barrio P,True,False,True,False,False,False,False,False,7,Multiple services,4,"Multiple companies, multiple services",10.85,1,High,False
madrid,MAD_LOC_001279,40.47884444300395,-3.71582821835246,2,2,Nacex | SEUR,"C. del Dr. Ramón Castroviejo, 29",Marduk Online (2845-15) | Seur Lockers Marduk On Lin,True,False,False,False,False,False,True,False,7,Multiple services,4,"Multiple companies, multiple services",10.14,1,High,False
madrid,MAD_LOC_001280,40.4062206668912,-3.63221628222775,2,2,Pudo | SEUR,"C. de la Fuente Carrantona, 26",Autoescuela Lara Moratalaz Carrantona | Seur Locker Lara Carranto,True,False,True,False,False,False,False,False,7,Multiple services,4,"Multiple companies, multiple services",6.53,1,High,False
madrid,MAD_LOC_001281,40.4050969772805,-3.6495109260924132,3,3,Celeritas | Pudo | SEUR,"Cl. de la Hacienda de Pavones, 6 | Cl. de la Hacienda de Pavones, 6B | Cl. de la Hacienda de Pavones, 9",Autoescuela Lara Moratalaz Pavones | Seur Locker Lara Moratala | Yoigo Pavones,True,False,True,False,False,False,True,False,7,Multiple services,4,"Multiple companies, multiple services",48.47,3,Review,True
madrid,MAD_LOC_001282,40.400307805054,-3.6348439038082,2,2,Pudo | SEUR,"Cl. de la Hacienda de Pavones, 342",Lidl Hacienda De Pavones | Seur Locker Lidl Hacienda,True,False,True,False,False,False,False,False,7,Multiple services,4,"Multiple companies, multiple services",3.63,1,High,False
madrid,MAD_LOC_001283,40.406896212719694,-3.6283571669744163,3,2,Ctt Express | SEUR,"Av. del Dr. García Tapia, 222 | Av. del Dr. García Tapia, 224",Seur Locker Mybikesport | Supermercado,True,False,False,False,False,False,True,False,7,Multiple services,4,"Multiple companies, multiple services",14.42,1,High,False
madrid,MAD_LOC_001284,40.4086765412589,-3.6532461586764,1,1,SEUR,"C. del Arroyo Belincoso, 3",Seur Locker Estanco Arroy,True,False,False,False,False,False,False,False,1,Locker only,1,Single record,0.0,1,High,False
madrid,MAD_LOC_001285,40.3956143558443,-3.63663967445635,1,1,SEUR,"C. de Arroyo de Fontarrón, 391",Fruteria Y Alimentacion 3,False,False,False,False,False,False,True,False,5,Convenience Store only,1,Single record,0.0,1,High,False
madrid,MAD_LOC_001286,40.4102312475516,-3.65152494498359,1,1,SEUR,C. del Camino de los Vinateros SN,Seur Locker C.C. Alcampo,True,False,False,False,False,False,False,False,1,Locker only,1,Single record,0.0,1,High,False
madrid,MAD_LOC_001287,40.38125430925111,-3.6072407435425524,7,6,Celeritas | Ctt Express | Dhl | Nacex | SEUR | UPS,"C. Virgen de las Viñas, 16",Estanco De Santa Eugenia | Estanco No 693 Madrid (2813-21) | Estanco Santa Eugenia | Floristeria Jema | Fnx-Estanco De Santa Eugenia | Seur Locker Wash Up Santa | Tu Armario En Mis Manos,True,False,False,False,False,False,True,False,7,Multiple services,4,"Multiple companies, multiple services",11.42,1,High,False
madrid,MAD_LOC_001288,40.3829714742127,-3.60777519660501,1,1,SEUR,"C. de Puentelarra, 7",La Casita De Paula,False,False,False,False,False,False,True,False,5,Convenience Store only,1,Single record,0.0,1,High,False
madrid,MAD_LOC_001289,40.3713587235317,-3.64663280676177,1,1,SEUR,"C. Gamonal, 2",Vallecas,False,False,False,False,False,False,True,False,5,Convenience Store only,1,Single record,0.0,1,High,False
madrid,MAD_LOC_001290,40.4037853218145,-3.60745969632344,1,1,SEUR,"C/ de la Condesa de la Vega del Pozo, 15",Seur Locker Europhil Cond,True,False,False,False,False,False,False,False,1,Locker only,1,Single record,0.0,1,High,False
madrid,MAD_LOC_001291,40.4193646917053,-3.61705316602133,5,5,Celeritas | Ctt Express | Pudo | SEUR | UPS,"C. de Aquitania SN | C. de Aquitania, 33 | C. de Aquitania, s/n",Estanco 893 | Expendeduria 839 | P Taquilla Estanco 893 | Seur Locker Estanco 893,True,False,True,False,False,False,True,False,7,Multiple services,4,"Multiple companies, multiple services",52.92,3,Review,True
madrid,MAD_LOC_001292,40.41865323863225,-3.61984114469802,4,4,Ctt Express | Dhl | Gls | SEUR,"C/ de Capri, 15 | Calle de Capri 15",Librería Libros De Arena | Libros De Arena | Ps Libros De Arena,False,False,False,False,False,False,True,False,5,Convenience Store only,3,"Multiple companies, single service",9.61,1,High,False
madrid,MAD_LOC_001293,40.4039909416906,-3.620595430145325,2,2,Pudo | SEUR,"C. del Tren de Arganda, 8",Estanco 670 | Seur Locker Estanco 670,True,False,True,False,False,False,False,False,7,Multiple services,4,"Multiple companies, multiple services",5.53,1,High,False
madrid,MAD_LOC_001294,40.4033452127855,-3.61988646692126,1,1,SEUR,"Blvr. de Indalecio Prieto, 9",Seur Locker Gala Indaleci,True,False,False,False,False,False,False,False,1,Locker only,1,Single record,0.0,1,High,False
madrid,MAD_LOC_001295,40.4053561583589,-3.59112189987498,1,1,SEUR,"Carr. de Vicálvaro a la Estación de O'donnell, 13",Seur Locker Lidl Catalana,True,False,False,False,False,False,False,False,1,Locker only,1,Single record,0.0,1,High,False
madrid,MAD_LOC_001296,40.4009110681296,-3.62157138348484,1,1,SEUR,"Blvr. de Indalecio Prieto, 22",Seur Locker Colada Vicalv,True,False,False,False,False,False,False,False,1,Locker only,1,Single record,0.0,1,High,False
madrid,MAD_LOC_001297,40.3976391168728,-3.62600882810062,1,1,SEUR,"C. de Ladera de los Almendros, 40",Seur Locker Wash Up Vical,True,False,False,False,False,False,False,False,1,Locker only,1,Single record,0.0,1,High,False
madrid,MAD_LOC_001298,40.3949873114752,-3.62281611860461,1,1,SEUR,"C. de Ana Mariscal, 3",Seur Locker Lavanderia Op,True,False,False,False,False,False,False,False,1,Locker only,1,Single record,0.0,1,High,False
madrid,MAD_LOC_001299,40.4727350345501,-3.65260739483294,1,1,SEUR,"C. de la Costa del Sol, 1",Locutorio Hermanos Castil,False,False,False,False,False,False,True,False,5,Convenience Store only,1,Single record,0.0,1,High,False
madrid,MAD_LOC_001300,40.47367776867244,-3.6527126436324457,5,5,Ctt Express | Dhl | Nacex | SEUR | UPS,"C. de la Costa del Sol, 15",Locutorio Darell | Locutorio Y Paqueteria Darell | Locutorio Y Paqueteria Darell (2841-06) | Locutorio Y Paqueteria Darell.,False,False,False,False,False,False,True,False,5,Convenience Store only,3,"Multiple companies, single service",26.01,2,Medium,False
madrid,MAD_LOC_001301,40.4740604782476,-3.65030542743348,1,1,SEUR,"C. de la Bahía de Algeciras, 1",Textil Hogar Fernando,False,False,False,False,False,False,True,False,5,Convenience Store only,1,Single record,0.0,1,High,False
madrid,MAD_LOC_001302,40.4778831371077,-3.64672384409666,1,1,SEUR,"C. de Sta. Susana, 33",Papeleria Lapiceros,False,False,False,False,False,False,True,False,5,Convenience Store only,1,Single record,0.0,1,High,False
madrid,MAD_LOC_001303,40.474436363744466,-3.64357726562817,3,3,Pudo | SEUR | UPS,"C. del Mar Menor, 2",Autoescuela Lara Mar Menor Hortaleza | P Taquilla Auto Lara Mar Menor | Seur Locker Lara Mar Meno,True,False,True,False,False,False,False,False,7,Multiple services,4,"Multiple companies, multiple services",15.62,2,Medium,False
madrid,MAD_LOC_001304,40.4769004307284,-3.64237043451622,1,1,SEUR,"C/ de Sta. Virgilia, 14",Kotherm,False,False,False,False,False,False,True,False,5,Convenience Store only,1,Single record,0.0,1,High,False
madrid,MAD_LOC_001305,40.47617255643695,-3.668117974628235,2,2,Nacex | SEUR,"C. de Arturo Soria, 310",Madridphone Pinar (2841-08) | Seur Locker Gala Arturo S,True,False,False,False,False,False,True,False,7,Multiple services,4,"Multiple companies, multiple services",3.84,1,High,False
madrid,MAD_LOC_001306,40.48075811077266,-3.6674313534391536,3,3,Pudo | SEUR | UPS,"C. de Arturo Soria, 329",Autoescuela Lara Arturo Soria | P Taquilla Autesc Lara A Soria | Seur Locker Lara Arturo S,True,False,True,False,False,False,False,False,7,Multiple services,4,"Multiple companies, multiple services",15.8,2,Medium,False
madrid,MAD_LOC_001307,40.47218456480995,-3.6364367878607977,4,3,Ctt Express | SEUR | UPS,"Av. de Bucaramanga, 2",Aqui Es | Aquies! | P Taquilla Cc Colombia | Seur Locker Cc Colombia,True,False,False,False,False,False,True,False,7,Multiple services,4,"Multiple companies, multiple services",26.89,2,Medium,False
madrid,MAD_LOC_001308,40.4919657260348,-3.68956637719778,1,1,SEUR,"C. de Sanchonuno, 6",Seur Locker Cubis Lavande,True,False,False,False,False,False,False,False,1,Locker only,1,Single record,0.0,1,High,False
madrid,MAD_LOC_001309,40.4905254268621,-3.6907590715953997,2,2,Pudo | SEUR,"C. de Lezama, 6",Lidl Lezama | Seur Locker Lidl Lezama,True,False,True,False,False,False,False,False,7,Multiple services,4,"Multiple companies, multiple services",3.72,1,High,False
madrid,MAD_LOC_001310,40.4875638567474,-3.68986562171196,1,1,SEUR,"Calle de la Virgen de Aránzazu, 37",Seur Tipsa Fuencarral,False,False,False,False,False,False,True,False,5,Convenience Store only,1,Single record,0.0,1,High,False
madrid,MAD_LOC_001311,40.48657176681627,-3.6898906031358734,3,3,Pudo | SEUR | UPS,"Calle de la Virgen de Aránzazu, 23",P Taquilla Vapor Mad Aranzazu | Seur Locker Vapor Madrid | Vapor Madrid Virgen De Aranzazu,True,False,True,False,False,False,False,False,7,Multiple services,4,"Multiple companies, multiple services",4.55,1,High,False
madrid,MAD_LOC_001312,40.484676542775304,-3.685789221503125,8,7,Celeritas | Dhl | Gls | Nacex | Pudo | SEUR | UPS,"C. de Marcos de Orueta, 3 | C. de Marcos de Orueta, 3, local 1 | Calle de Marcos de Orueta 3",Ps Te Lo Tengo Madrid | Seur Locker Telotengo Mar | Te Lo Tengo | Telotengo | Telotengo (2880-06) | Telotengo Marcos Orueta,True,False,True,False,False,False,True,False,7,Multiple services,4,"Multiple companies, multiple services",24.44,2,Medium,False
madrid,MAD_LOC_001313,40.4842776626195,-3.68508951221583,1,1,SEUR,"Av. del Llano Castellano, 3",Seur Locker Parking La Pa,True,False,False,False,False,False,False,False,1,Locker only,1,Single record,0.0,1,High,False
madrid,MAD_LOC_001314,40.4868722315134,-3.70075127795558,1,1,SEUR,"C. de Fermín Caballero, 14",Taller Arreglos Adi,False,False,False,False,False,False,True,False,5,Convenience Store only,1,Single record,0.0,1,High,False
madrid,MAD_LOC_001315,40.482480578452346,-3.712551301801955,4,3,Celeritas | SEUR | UPS,"C. de Fermín Caballero, 70 | C/ FERMIN CABALLERO, 70",Arfe Video Y Fotos | Prink Fermín Caballero | Visual Arfe,False,False,False,False,False,False,True,False,5,Convenience Store only,3,"Multiple companies, single service",19.38,2,Medium,False
madrid,MAD_LOC_001316,40.4817444923248,-3.73314083651459,1,1,SEUR,"C. Leopoldo Alas Clarín, 47",Papeleria Mayte,False,False,False,False,False,False,True,False,5,Convenience Store only,1,Single record,0.0,1,High,False
madrid,MAD_LOC_001317,40.4808457604355,-3.72125609488193,1,1,SEUR,"Av del Cardenal Herrera Oria, 251",El Jardin De Aralia,False,False,False,False,False,False,True,False,5,Convenience Store only,1,Single record,0.0,1,High,False
madrid,MAD_LOC_001318,40.459617877642,-3.68490462946568,1,1,SEUR,"Av. de Alberto de Alcocer, 17",Floristeria Los Sauces,False,False,False,False,False,False,True,False,5,Convenience Store only,1,Single record,0.0,1,High,False
madrid,MAD_LOC_001319,40.4710771249318,-3.68536895480796,1,1,SEUR,"C. de Agustín de Foxá, 27",Seur Lockers Parking Centr,True,False,False,False,False,False,False,False,1,Locker only,1,Single record,0.0,1,High,False
madrid,MAD_LOC_001320,40.4760341828189,-3.67581384516446,1,1,SEUR,"Av. de Burgos, 16",Estanco 215 Madrid,False,False,False,False,False,False,True,False,5,Convenience Store only,1,Single record,0.0,1,High,False
madrid,MAD_LOC_001321,40.4832620207528,-3.67509836147393,1,1,SEUR,"C. de Pastora Imperio, 2",Seur Lockers Pastora Imper,True,False,False,False,False,False,False,False,1,Locker only,1,Single record,0.0,1,High,False
madrid,MAD_LOC_001322,40.4330864474515,-3.62757998572216,1,1,SEUR,"C. de Santa Leonor, 65",Seur Locker Parkin Indigo,True,False,False,False,False,False,False,False,1,Locker only,1,Single record,0.0,1,High,False
madrid,MAD_LOC_001323,40.4292352436846,-3.62950304316726,1,1,SEUR,"C. de Mieres, 15",Herbolario Jupa,False,False,False,False,False,False,True,False,5,Convenience Store only,1,Single record,0.0,1,High,False
madrid,MAD_LOC_001324,40.4408663515191,-3.6251354507194,1,1,SEUR,"C. de Miguel Yuste, 5",Miguel Yuste,False,False,False,False,False,False,True,False,5,Convenience Store only,1,Single record,0.0,1,High,False
madrid,MAD_LOC_001325,40.4341437087823,-3.63465169033565,1,1,SEUR,"C. de los Hermanos García Noblejas, 23",Seur Locker Lidl Garcia N,True,False,False,False,False,False,False,False,1,Locker only,1,Single record,0.0,1,High,False
madrid,MAD_LOC_001326,40.4247437273523,-3.62233402564991,1,1,SEUR,"C. Sillería, 1",Herbolario Magnolia,False,False,False,False,False,False,True,False,5,Convenience Store only,1,Single record,0.0,1,High,False
madrid,MAD_LOC_001327,40.4267589236893,-3.611617448937825,2,2,Pudo | SEUR,"Av. de Canillejas a Vicálvaro SN | Av. de Canillejas a Vicálvaro, 80",E.S. Galp Vicálvaro | Seur Locker Galp Vicalvar,True,False,True,False,False,False,False,False,7,Multiple services,4,"Multiple companies, multiple services",20.47,2,Medium,False
madrid,MAD_LOC_001328,40.42932536675467,-3.626161529982387,4,4,Ctt Express | Pudo | SEUR | UPS,"C. Zumel, 14",Euro Express | Locutorio Euroenvíos Iv Calle Zumel | P Taquilla Loc Euro Cl Zumel | Seur Locker Euroenvios Zu,True,False,True,False,False,False,True,False,7,Multiple services,4,"Multiple companies, multiple services",19.93,2,Medium,False
madrid,MAD_LOC_001329,40.3978264598577,-3.66324670791644,1,1,SEUR,"C. López Recuero, 15",Locutorio Yani,False,False,False,False,False,False,True,False,5,Convenience Store only,1,Single record,0.0,1,High,False
madrid,MAD_LOC_001330,40.4026896974591,-3.66049850625786,2,2,Pudo | SEUR,"C. de Sierra Toledana, 33",Lidl Sierra Toledana | Seur Locker Lidl Toledana,True,False,True,False,False,False,False,False,7,Multiple services,4,"Multiple companies, multiple services",4.5,1,High,False
madrid,MAD_LOC_001331,40.3909031683359,-3.64781177870356,1,1,SEUR,"Av. de la Albufera, 234",Prink Avenida Albufera,False,False,False,False,False,False,True,False,5,Convenience Store only,1,Single record,0.0,1,High,False
madrid,MAD_LOC_001332,40.3982725968718,-3.66713915378513,2,2,Pudo | SEUR,"C. de la Sierra de Javalambre, 6",Latin Travel Javalambre | Seur Locker Latin Travel,True,False,True,False,False,False,False,False,7,Multiple services,4,"Multiple companies, multiple services",3.26,1,High,False
madrid,MAD_LOC_001333,40.3895815309508,-3.63861397228425,1,1,SEUR,"C. de San Claudio, 91",Locutorio San Claudio,False,False,False,False,False,False,True,False,5,Convenience Store only,1,Single record,0.0,1,High,False
madrid,MAD_LOC_001334,40.3902766619872,-3.63698425944169,1,1,SEUR,"C. de los Andaluces, 9",Alimentacion,False,False,False,False,False,False,True,False,5,Convenience Store only,1,Single record,0.0,1,High,False
madrid,MAD_LOC_001335,40.4536809497047,-3.70792782231465,1,1,SEUR,"C. de Jerónima Llorente, 61",Micro Computer,False,False,False,False,False,False,True,False,5,Convenience Store only,1,Single record,0.0,1,High,False
madrid,MAD_LOC_001336,40.4583105567548,-3.70148629528936,1,1,SEUR,"C. de Bravo Murillo, 237",Seur Lockers Gala Bravo Mu,True,False,False,False,False,False,False,False,1,Locker only,1,Single record,0.0,1,High,False
madrid,MAD_LOC_001337,40.4529714506605,-3.71128250664363,1,1,SEUR,"C. de María Pedraza, 46",Seur Tipsa Bellas Vistas,False,False,False,False,False,False,True,False,5,Convenience Store only,1,Single record,0.0,1,High,False
madrid,MAD_LOC_001338,40.4602038671898,-3.69964539128515,1,1,SEUR,"C. de los Algodonales, 4",Seur Lockers Familia Envio,True,False,False,False,False,False,False,False,1,Locker only,1,Single record,0.0,1,High,False
madrid,MAD_LOC_001339,40.469120527894006,-3.718279844600525,2,2,Gls | SEUR,"C. de Valdevarnes, 24",Libreria Jumi | Ps Libreria Jumi,False,False,False,False,False,False,True,False,5,Convenience Store only,3,"Multiple companies, single service",2.87,1,High,False
madrid,MAD_LOC_001340,40.452057129635904,-3.704072617583745,2,2,Ctt Express | SEUR,"C. de San Raimundo, 11",Locutorio El Grande,False,False,False,False,False,False,True,False,5,Convenience Store only,3,"Multiple companies, single service",17.13,2,Medium,False
madrid,MAD_LOC_001341,40.448760860280345,-3.70483619289748,2,2,Pudo | SEUR,"C. de Almansa, 13",Latin Travel Almansa | Seur Lockers Latin Travel,True,False,True,False,False,False,False,False,7,Multiple services,4,"Multiple companies, multiple services",3.53,1,High,False
madrid,MAD_LOC_001342,40.4491844945027,-3.70429030613015,1,1,SEUR,"C. de Almansa, 8",Seur Lockers Europhil Alma,True,False,False,False,False,False,False,False,1,Locker only,1,Single record,0.0,1,High,False
madrid,MAD_LOC_001343,40.4660763536444,-3.69835806479418,1,1,SEUR,"C. del Estudiante, 4",Regalos Marian,False,False,False,False,False,False,True,False,5,Convenience Store only,1,Single record,0.0,1,High,False
madrid,MAD_LOC_001344,40.37314623619844,-3.694916860441863,3,3,Pudo | SEUR | UPS,"Av. de Andalucía, 7",Lidl Avda Andalucia 7 | P Taquilla Lidl Av Andalucia 7 | Seur Locker Lidl Andaluci,True,False,True,False,False,False,False,False,7,Multiple services,4,"Multiple companies, multiple services",10.19,1,High,False
madrid,MAD_LOC_001345,40.36341337667875,-3.692104676589115,2,2,SEUR | UPS,"Av. de Andalucía, Km. 7 | Av. de Andalucía, Km. 7, 100",P Taquilla Cc Carr Los Angeles | Seur Locker Carref Angele,True,False,False,False,False,False,False,False,1,Locker only,3,"Multiple companies, single service",16.37,2,Medium,False
madrid,MAD_LOC_001346,40.3663128500198,-3.70790648677515,1,1,SEUR,"C. del Simca, 8",El Rincon De Yois,False,False,False,False,False,False,True,False,5,Convenience Store only,1,Single record,0.0,1,High,False
madrid,MAD_LOC_001347,40.3739574059106,-3.69021957889992,1,1,SEUR,"C. de la Mezquita, 15",Cargo Agil Envaos,False,False,False,False,False,False,True,False,5,Convenience Store only,1,Single record,0.0,1,High,False
madrid,MAD_LOC_001348,40.356833219299205,-3.6941335355727203,2,2,Gls | SEUR,"C. los Bohemios, 4",Ps Calzados Bohemios | Zapatos Zapp,False,False,False,False,False,False,True,False,5,Convenience Store only,3,"Multiple companies, single service",9.14,1,High,False
madrid,MAD_LOC_001349,40.3554276085603,-3.69741179287517,1,1,SEUR,"C. de la del Manojo de Rosas, 65",Drogueria Doyce,False,False,False,False,False,False,True,False,5,Convenience Store only,1,Single record,0.0,1,High,False
madrid,MAD_LOC_001350,40.3554532803921,-3.69545573772858,1,1,SEUR,"C. de la Alegría de la Huerta, 10",Herbosalud,False,False,False,False,False,False,True,False,5,Convenience Store only,1,Single record,0.0,1,High,False
madrid,MAD_LOC_001351,40.3498988946318,-3.69920910528375,1,1,SEUR,"C. de la Vírgen de los Desamparados, 42",Estanco Y Loterias Madrid,False,False,False,False,False,False,True,False,5,Convenience Store only,1,Single record,0.0,1,High,False
madrid,MAD_LOC_001352,40.4587139741189,-3.58721113083406,2,2,Dhl | SEUR,"C. de La Rioja, 17",Copygor,False,False,False,False,False,False,True,False,5,Convenience Store only,3,"Multiple companies, single service",10.99,1,High,False
madrid,MAD_LOC_001353,40.465025237978196,-3.593256702810505,2,2,SEUR | UPS,"C. Bahía de Pollensa, 5",P Taquilla Cc Bahia Center | Seur Locker Bahia Center,True,False,False,False,False,False,False,False,1,Locker only,3,"Multiple companies, single service",9.72,1,High,False
madrid,MAD_LOC_001354,40.4190098743534,-3.62214460534607,1,1,SEUR,"Av. de Guadalajara, 11",Autoescuela Futuro Guadal,False,False,False,False,False,False,True,False,5,Convenience Store only,1,Single record,0.0,1,High,False
madrid,MAD_LOC_001355,40.4635699535167,-3.64940293130321,1,1,SEUR,"C. de Pegaso, 3",Seur Tipsa Hortaleza 0280,False,False,False,False,False,False,True,False,5,Convenience Store only,1,Single record,0.0,1,High,False
madrid,MAD_LOC_001356,40.464319895602124,-3.648964685736016,5,5,Celeritas | Ctt Express | Dhl | SEUR | UPS,"C. de Agustín Calvo, 2 | C. de Agustín Calvo, 25, 27 | C. de Agustín Calvo, 26",Autoservicio Lopez | Lhstore | Locutorio Hablales,False,False,False,False,False,False,True,False,5,Convenience Store only,3,"Multiple companies, single service",40.08,3,Review,True
madrid,MAD_LOC_001357,40.4436345573993,-3.66784384180044,1,1,SEUR,"C. de Canillas, 142",Papeleria Alfil Canillas,False,False,False,False,False,False,True,False,5,Convenience Store only,1,Single record,0.0,1,High,False
madrid,MAD_LOC_001358,40.4684565742512,-3.64604172062547,1,1,SEUR,"Gran Vía de Hortaleza, 76",Seur Locker Lara Granvia,True,False,False,False,False,False,False,False,1,Locker only,1,Single record,0.0,1,High,False
madrid,MAD_LOC_001359,40.469059965852,-3.65267245987296,1,1,SEUR,"C. de López de Hoyos, 347",Albena Merceria Labores,False,False,False,False,False,False,True,False,5,Convenience Store only,1,Single record,0.0,1,High,False
madrid,MAD_LOC_001360,40.46826478804314,-3.63971545375648,2,2,SEUR | UPS,"C. de Torquemada, 22",Tac Informatica,False,False,False,False,False,False,True,False,5,Convenience Store only,3,"Multiple companies, single service",5.57,1,High,False
madrid,MAD_LOC_001361,40.4697666998218,-3.64103764464366,1,1,SEUR,"Gran Vía de Hortaleza, s/n",Seur Locker Carref Gv Hor,True,False,False,False,False,False,False,False,1,Locker only,1,Single record,0.0,1,High,False
madrid,MAD_LOC_001362,40.4675394284648,-3.63675016628482,1,1,SEUR,"C. Emigrantes, 14",Prink Hortaleza,False,False,False,False,False,False,True,False,5,Convenience Store only,1,Single record,0.0,1,High,False
madrid,MAD_LOC_001363,40.374335857444905,-3.77260643796961,2,2,Pudo | SEUR,"Av de la Aviación, 28",Lidl Avda. Aviación | Seur Locker Lidl Aviacio,True,False,True,False,False,False,False,False,7,Multiple services,4,"Multiple companies, multiple services",16.32,2,Medium,False
madrid,MAD_LOC_001364,40.3862305056085,-3.76423419114205,1,1,SEUR,"Av. de los Poblados, 58",Seur Locker Europhil Pobl,True,False,False,False,False,False,False,False,1,Locker only,1,Single record,0.0,1,High,False
madrid,MAD_LOC_001365,40.37242139789643,-3.7533840574315165,3,3,Ctt Express | Gls | SEUR,"C. de Joaquín Turina, 31 | C. de Joaquín Turina, 31 BIS | Calle de Joaquín Turina 31",Agencia De Viajes Y Envios Leon | La Tienda De Ana | Ps Viajes Y Envios Leon,False,False,False,False,False,False,True,False,5,Convenience Store only,3,"Multiple companies, single service",29.33,2,Medium,False
madrid,MAD_LOC_001366,40.3676098342257,-3.75764471988205,1,1,SEUR,"Tr.a Alfredo Aleix, 9",The Fox,False,False,False,False,False,False,True,False,5,Convenience Store only,1,Single record,0.0,1,High,False
madrid,MAD_LOC_001367,40.39278978420605,-3.690366492546625,2,2,Gls | SEUR,"C. de Bolívar, 26",Martuchela Abalorios | Ps Martuchela Tienda De Abalorios Y Bisutería,False,False,False,False,False,False,True,False,5,Convenience Store only,3,"Multiple companies, single service",22.79,2,Medium,False
madrid,MAD_LOC_001368,40.39502644798905,-3.695329363165955,2,2,Pudo | SEUR,"C. de Embajadores, 176",Autoescuela Lara Calle Embajadores | Seur Lockers Lara Embajado,True,False,True,False,False,False,False,False,7,Multiple services,4,"Multiple companies, multiple services",2.71,1,High,False
madrid,MAD_LOC_001369,40.3945854650893,-3.69539019403649,1,1,SEUR,"Pl. de la Beata María Ana de Jesús, 12",Kokas Tienda De Animales,False,False,False,False,False,False,True,False,5,Convenience Store only,1,Single record,0.0,1,High,False
madrid,MAD_LOC_001370,40.3975616708834,-3.69532227984369,1,1,SEUR,"C. de Tomás Bretón, 10",Ke-An,False,False,False,False,False,False,True,False,5,Convenience Store only,1,Single record,0.0,1,High,False
madrid,MAD_LOC_001371,40.394685599038,-3.69603523146501,2,2,Ctt Express | SEUR,"Pl. de Rutilio Gaci, 5",Alimentacion Eyc | Alimentación Eyc,False,False,False,False,False,False,True,False,5,Convenience Store only,3,"Multiple companies, single service",8.07,1,High,False
madrid,MAD_LOC_001372,40.3986612684846,-3.69458143675688,2,2,Pudo | SEUR,"C. de Cáceres, 1",Locutorio Delicias Caceres | Seur Lockers Locutorio Del,True,False,True,False,False,False,False,False,7,Multiple services,4,"Multiple companies, multiple services",11.79,1,High,False
madrid,MAD_LOC_001373,40.39535273151165,-3.6973614834790647,2,2,Dhl | SEUR,"C. de Tomás Borrás, 11",Estanco 518 Madrid | Expendenduria 518,False,False,False,False,False,False,True,False,5,Convenience Store only,3,"Multiple companies, single service",5.3,1,High,False
madrid,MAD_LOC_001374,40.39710411447273,-3.698508642294186,3,2,Pudo | SEUR,"C. de Jaime el Conquistador, 22",Phone Doctors Jaime Conquistador | Phonedoctors | Seur Lockers Phone Doctors,True,False,True,False,False,False,True,False,7,Multiple services,4,"Multiple companies, multiple services",4.47,1,High,False
madrid,MAD_LOC_001375,40.402163207813544,-3.6925564033103697,2,2,Ctt Express | SEUR,"C. de Canarias, 29",Locutorio Canarias,False,False,False,False,False,False,True,False,5,Convenience Store only,3,"Multiple companies, single service",18.14,2,Medium,False
madrid,MAD_LOC_001376,40.4038120704119,-3.69310687048998,2,2,Pudo | SEUR,"C/ del Áncora, 3",Lidl Ancora | Seur Lockers Lidl Ancora,True,False,True,False,False,False,False,False,7,Multiple services,4,"Multiple companies, multiple services",44.68,3,Review,True
madrid,MAD_LOC_001377,40.3872739815127,-3.69086477960849,1,1,SEUR,"C. de Embajadores, 262",Ferreteria Sanbarri,False,False,False,False,False,False,True,False,5,Convenience Store only,1,Single record,0.0,1,High,False
madrid,MAD_LOC_001378,40.4044124916409,-3.69136127921798,1,1,SEUR,"Calle de las Delicias, 37",Seur Lockers Europhil Deli,True,False,False,False,False,False,False,False,1,Locker only,1,Single record,0.0,1,High,False
madrid,MAD_LOC_001379,40.399297237523,-3.70127006912569,2,2,Pudo | SEUR,"P.o de Sta. María de la Cabeza, 76",Floristería Rosistiremos | Seur Lockers Flor Rosistir,True,False,True,False,False,False,False,False,7,Multiple services,4,"Multiple companies, multiple services",20.91,2,Medium,False
madrid,MAD_LOC_001380,40.4060136976245,-3.69427606575348,1,1,SEUR,"P.o de Sta. María de la Cabeza, 15",Prink Atocha,False,False,False,False,False,False,True,False,5,Convenience Store only,1,Single record,0.0,1,High,False
madrid,MAD_LOC_001381,40.4066795762253,-3.69252923798607,1,1,SEUR,"C. de Méndez Álvaro, 8",Ucramarket,False,False,False,False,False,False,True,False,5,Convenience Store only,1,Single record,0.0,1,High,False
madrid,MAD_LOC_001382,40.407252266051,-3.69412474706716,1,1,SEUR,"P.o de Sta. María de la Cabeza, 2",Seur Lockers Lara Atocha,True,False,False,False,False,False,False,False,1,Locker only,1,Single record,0.0,1,High,False
madrid,MAD_LOC_001383,40.4819861782468,-3.68760682215155,1,1,SEUR,"P.o de la Castellana, 261",Seur Locker Pk La Paz,True,False,False,False,False,False,False,False,1,Locker only,1,Single record,0.0,1,High,False
madrid,MAD_LOC_001384,40.4619119206526,-3.6886233601662,1,1,SEUR,"P.o de la Castellana, 196",Seur Locker Castellana200,True,False,False,False,False,False,False,False,1,Locker only,1,Single record,0.0,1,High,False
madrid,MAD_LOC_001385,40.4583389143805,-3.69073698291203,1,1,SEUR,"P.o de la Castellana, 123",Seur Locker Parking Caste,True,False,False,False,False,False,False,False,1,Locker only,1,Single record,0.0,1,High,False
madrid,MAD_LOC_001386,40.395536190955795,-3.74307653489174,2,2,Ctt Express | SEUR,"Gta. de los Carmenes, 1",Estanco Los Carmenes,False,False,False,False,False,False,True,False,5,Convenience Store only,3,"Multiple companies, single service",30.65,3,Review,True
madrid,MAD_LOC_001387,40.392150910022565,-3.7507849945477503,3,3,Dhl | SEUR | UPS,"Cl. de los Yébenes, 223",Jmb Suministros | Papeleria Jmb Suministros Informati | Seur Locker Papeleria Lib,True,False,False,False,False,False,True,False,7,Multiple services,4,"Multiple companies, multiple services",23.47,2,Medium,False
madrid,MAD_LOC_001388,40.4013689287861,-3.75067803664286,1,1,SEUR,"C. de Latina, 13",Caprichos Catrachos,False,False,False,False,False,False,True,False,5,Convenience Store only,1,Single record,0.0,1,High,False
madrid,MAD_LOC_001389,40.3915705172164,-3.74260637834739,2,1,SEUR,"C. Vía Carpetana, 157",Seur Locker Shati Telecom | Shati Telecom,True,False,False,False,False,False,True,False,7,Multiple services,2,"Same company, multiple records",3.29,1,High,False
madrid,MAD_LOC_001390,40.392464136840104,-3.741579183374495,2,2,Pudo | SEUR,"C. Vía Carpetana, 145",Lidl Via Carpetana 145 | Seur Locker Lidl Carpetan,True,False,True,False,False,False,False,False,7,Multiple services,4,"Multiple companies, multiple services",30.0,2,Medium,False
madrid,MAD_LOC_001391,40.3949084550162,-3.73896142668401,1,1,SEUR,"C. Vía Carpetana, 228",Seur Locker Mcm Carpetana,True,False,False,False,False,False,False,False,1,Locker only,1,Single record,0.0,1,High,False
madrid,MAD_LOC_001392,40.403222047786144,-3.7446940468832652,2,2,Ctt Express | SEUR,"C. de la Alhambra, 19",Alhambra Locutorio,False,False,False,False,False,False,True,False,5,Convenience Store only,3,"Multiple companies, single service",1.09,1,High,False
madrid,MAD_LOC_001393,40.5026138001141,-3.70907245353151,1,1,SEUR,"C. del Monasterio de Las Huelgas, 15",Fundación A La Par,False,False,False,False,False,False,True,False,5,Convenience Store only,1,Single record,0.0,1,High,False
madrid,MAD_LOC_001394,40.5071875458902,-3.66676910482225,1,1,SEUR,"C. de Palas de Rey, 30",Seur Locker Gala Palas De,True,False,False,False,False,False,False,False,1,Locker only,1,Single record,0.0,1,High,False
madrid,MAD_LOC_001395,40.4892256693371,-3.66150363079276,1,1,SEUR,"C. de Oña, 115",Floristeria Mi Locura,False,False,False,False,False,False,True,False,5,Convenience Store only,1,Single record,0.0,1,High,False
madrid,MAD_LOC_001396,40.4869580130939,-3.66764512320722,2,2,Nacex | SEUR,"Av. de Manoteras, 22",Madrid(2841) | Seur Tipsa Manoteras,False,True,False,False,False,False,True,False,7,Multiple services,4,"Multiple companies, multiple services",7.26,1,High,False
madrid,MAD_LOC_001397,40.5138152409533,-3.66438871511838,1,1,SEUR,Ronda de la Comunicación SN,Ronda De La Fortuna Las H,False,False,False,False,False,False,True,False,5,Convenience Store only,1,Single record,0.0,1,High,False
madrid,MAD_LOC_001398,40.3646475187563,-3.60193744694235,1,1,SEUR,"Av. del Ensanche de Vallecas, 70",Seur Locker Autoescuela G,True,False,False,False,False,False,False,False,1,Locker only,1,Single record,0.0,1,High,False
madrid,MAD_LOC_001399,40.37127380529115,-3.598443641194915,2,2,SEUR | UPS,"C. Adolfo Bioy Casares, 2",P Taquilla Cc La Gavia | Seur Locker La Gavia,True,False,False,False,False,False,False,False,1,Locker only,3,"Multiple companies, single service",25.41,2,Medium,False
madrid,MAD_LOC_001400,40.3712765806205,-3.609759407032835,2,2,SEUR | UPS,"C. del Barranco del Novillo, 24",P Taquilla Aut Lara Ensanche V | Seur Locker Lara Ensanche,True,False,False,False,False,False,False,False,1,Locker only,3,"Multiple companies, single service",23.23,2,Medium,False
madrid,MAD_LOC_001401,40.378042558404104,-3.66719774876739,2,2,Pudo | SEUR,"C. de la Serena, 25",Estanco 807 | Seur Locker Estanco 807,True,False,True,False,False,False,False,False,7,Multiple services,4,"Multiple companies, multiple services",11.8,1,High,False
madrid,MAD_LOC_001402,40.3787942972652,-3.6694551127051436,3,3,Pudo | SEUR | UPS,"C. Campiña, 5",Mercado De Mediodía Entrevías | P Taquilla Mercado M Entrevias | Seur Locker Mercado Entre,True,False,True,False,False,False,False,False,7,Multiple services,4,"Multiple companies, multiple services",18.34,2,Medium,False
madrid,MAD_LOC_001403,40.3835431590102,-3.67106739312715,1,1,SEUR,"C. Sierra de Contraviesa, 25",Locutorio Chimborazo,False,False,False,False,False,False,True,False,5,Convenience Store only,1,Single record,0.0,1,High,False
madrid,MAD_LOC_001404,40.387137174805694,-3.6660433192702797,3,3,Ctt Express | Dhl | SEUR,"C. de Sta. Alicia, 23",Locutorio Mini Market Ml | Locutorio Minimarket Ml | Seur Locker Locutorio Min,True,False,False,False,False,False,True,False,7,Multiple services,4,"Multiple companies, multiple services",10.6,1,High,False
madrid,MAD_LOC_001405,40.3867128571486,-3.66741486770991,1,1,SEUR,"C. del Puerto de Arlabán, 44",Seur Locker Europhil Puer,True,False,False,False,False,False,False,False,1,Locker only,1,Single record,0.0,1,High,False
madrid,MAD_LOC_001406,40.3959022748887,-3.66884088252959,2,2,Ctt Express | SEUR,"Av del Monte Igueldo, 26",Modas Martinez Monte Igue | Modas Martínez,False,False,False,False,False,False,True,False,5,Convenience Store only,3,"Multiple companies, single service",6.51,1,High,False
madrid,MAD_LOC_001407,40.3620427399601,-3.75203014232695,1,1,SEUR,"Av. de la Peseta, 84",Cristaleria Onix,False,False,False,False,False,False,True,False,5,Convenience Store only,1,Single record,0.0,1,High,False
madrid,MAD_LOC_001408,40.4902809247229,-3.60679942807567,1,1,SEUR,"C. de Gustavo Pérez Puig, 67",E-Lentillas Global Sl.,False,False,False,False,False,False,True,False,5,Convenience Store only,1,Single record,0.0,1,High,False
madrid,MAD_LOC_001409,40.4968646221961,-3.61211823494835,1,1,SEUR,"C. de César Cort Botí, 16",Farmacia Vitalis,False,False,False,False,False,False,True,False,5,Convenience Store only,1,Single record,0.0,1,High,False
madrid,MAD_LOC_001410,40.4826398670979,-3.63591942340269,1,1,SEUR,"C. Cacabelos, 1",Seur Tipsa Valdebebas,False,False,False,False,False,False,True,False,5,Convenience Store only,1,Single record,0.0,1,High,False
madrid,MAD_LOC_001411,40.4236402950142,-3.6831247518619,1,1,Dhl,"Calle de Núñez de Balboa, 19",Dhl Express Center Nuñez De Balboa,False,True,False,False,False,False,False,False,2,PUDO only,1,Single record,0.0,1,High,False
madrid,MAD_LOC_001412,40.4451273432729,-3.67403210550633,1,1,Dhl,"C. de Mantuano, 4",Mdc Eventos Y Viajes,False,False,False,False,False,False,True,False,5,Convenience Store only,1,Single record,0.0,1,High,False
madrid,MAD_LOC_001413,40.4113884327401,-3.71073593767513,1,1,Dhl,"C. del Humilladero, 4",Papeleria La Latina,False,False,False,False,False,False,True,False,5,Convenience Store only,1,Single record,0.0,1,High,False
madrid,MAD_LOC_001414,40.4047855762406,-3.70638455788502,1,1,Dhl,"C/ de la Ribera de Curtidores, 45",Carlin Acacias,False,False,False,False,False,False,True,False,5,Convenience Store only,1,Single record,0.0,1,High,False
madrid,MAD_LOC_001415,40.4004219008668,-3.70290394706832,1,1,Dhl,"C. de la Arquitectura, 6",Estanco Arquitectura,False,False,False,False,False,False,True,False,5,Convenience Store only,1,Single record,0.0,1,High,False
madrid,MAD_LOC_001416,40.4052777363844,-3.71382817740197,1,1,Dhl,"Calle de Santa Casilda, 3",Digiteco Ii,False,False,False,False,False,False,True,False,5,Convenience Store only,1,Single record,0.0,1,High,False
madrid,MAD_LOC_001417,40.405094748954234,-3.72037801752127,3,3,Celeritas | Dhl | Nacex,"P.o de los Melancólicos, 41",Ferreteria San Isidro (2850-16) | Servipronto | Servipronto-Ferreteria San Isidro,False,False,False,False,False,False,True,False,5,Convenience Store only,3,"Multiple companies, single service",10.36,1,High,False
madrid,MAD_LOC_001418,40.4376138671377,-3.68269747079822,1,1,Dhl,"Calle de María de Molina, 40",Punto De Venta Dhl Express,False,True,False,False,False,False,False,False,2,PUDO only,1,Single record,0.0,1,High,False
madrid,MAD_LOC_001419,40.42720120246765,-3.671869022950635,2,2,Dhl | Gls,"Cl. de Ayala, 144",Chevere Cargo | Ps Autana Trading S. L,False,False,False,False,False,False,True,False,5,Convenience Store only,3,"Multiple companies, single service",5.81,1,High,False
madrid,MAD_LOC_001420,40.4382870291456,-3.68993160887872,1,1,Dhl,"Calle de María de Molina, 1",Dhl Express Center Maria De Molina,False,True,False,False,False,False,False,False,2,PUDO only,1,Single record,0.0,1,High,False
madrid,MAD_LOC_001421,40.4303147583962,-3.67714039806737,1,1,Dhl,"C/ Conde De Penalver, C. de José Ortega y Gasset, 51",Punto De Venta Dhl Express,False,True,False,False,False,False,False,False,2,PUDO only,1,Single record,0.0,1,High,False
madrid,MAD_LOC_001422,40.4042711119965,-3.67261595155095,1,1,Dhl,"C. del Dr. Esquerdo, 148",Digiteco I,False,False,False,False,False,False,True,False,5,Convenience Store only,1,Single record,0.0,1,High,False
madrid,MAD_LOC_001423,40.4111014459412,-3.66456038922769,1,1,Dhl,"C/ de la Estrella Polar, 28",Librería Papeleria Ayvar.Com,False,False,False,False,False,False,True,False,5,Convenience Store only,1,Single record,0.0,1,High,False
madrid,MAD_LOC_001424,40.40506587724355,-3.67994511340529,2,2,Dhl | UPS,"C. de Granada, 10",Copyart,False,False,False,False,False,False,True,False,5,Convenience Store only,3,"Multiple companies, single service",3.62,1,High,False
madrid,MAD_LOC_001425,40.4047687943098,-3.6813449864935,1,1,Dhl,"Av. de la Ciudad de Barcelona, 21",Punto De Venta Dhl Express,False,True,False,False,False,False,False,False,2,PUDO only,1,Single record,0.0,1,High,False
madrid,MAD_LOC_001426,40.4192316761437,-3.67574359031629,1,1,Dhl,"C. de Narváez, 47",Ferreteria Ortiz,False,False,False,False,False,False,True,False,5,Convenience Store only,1,Single record,0.0,1,High,False
madrid,MAD_LOC_001427,40.4117192608799,-3.67526000664697,1,1,Dhl,"Pl. del Niño Jesús, 2",Atelier El Retiro,False,False,False,False,False,False,True,False,5,Convenience Store only,1,Single record,0.0,1,High,False
madrid,MAD_LOC_001428,40.43572378478165,-3.70323758716851,2,2,Dhl | Gls,"C. del Cardenal Cisneros, 75",Directo De España | Ps Deusa Logistica,False,False,False,False,False,False,True,False,5,Convenience Store only,3,"Multiple companies, single service",10.59,1,High,False
madrid,MAD_LOC_001429,40.40665326551717,-3.7493563454353604,3,3,Celeritas | Ctt Express | Dhl,"C. de Villavaliente, 3",Envios Ing,False,False,False,False,False,False,True,False,5,Convenience Store only,3,"Multiple companies, single service",25.64,2,Medium,False
madrid,MAD_LOC_001430,40.410311694588444,-3.738693142707035,2,2,Ctt Express | Dhl,"P.o de Extremadura, 154",Smart Mobile,False,False,False,False,False,False,True,False,5,Convenience Store only,3,"Multiple companies, single service",24.77,2,Medium,False
madrid,MAD_LOC_001431,40.4145979994016,-3.7028140884236,1,1,Dhl,"Pl. del Ángel, 16",Punto De Venta Dhl Express (Folder),False,False,False,False,False,False,True,False,5,Convenience Store only,1,Single record,0.0,1,High,False
madrid,MAD_LOC_001432,40.4295270210688,-3.70618348157881,1,1,Dhl,"C/ Alberto Aguilera, Gta. de Ruiz Giménez, 1",Punto De Venta Dhl Express,False,True,False,False,False,False,False,False,2,PUDO only,1,Single record,0.0,1,High,False
madrid,MAD_LOC_001433,40.42217661040177,-3.707591758389063,3,3,Dhl | Gls | Nacex,"C. de San Bernardo, 10",Marjane | Marjane Almeria (2853-18) | Ps Marjane Almeria S.L,False,False,False,False,False,False,True,False,5,Convenience Store only,3,"Multiple companies, single service",6.55,1,High,False
madrid,MAD_LOC_001434,40.427487416285004,-3.649474922852415,2,2,Ctt Express | Dhl,"Av. del Marqués de Corbera, 62 | Av. del Marqués de Corbera, 62, LOCAL 1",Gm Montons | Gm Montos,False,False,False,False,False,False,True,False,5,Convenience Store only,3,"Multiple companies, single service",27.56,2,Medium,False
madrid,MAD_LOC_001435,40.43438210929435,-3.6448031190587598,2,2,Dhl | Gls,"C. de Gutierre de Cetina, 6",Ciber Carola | Ps Ciber Carola,False,False,False,False,False,False,True,False,5,Convenience Store only,3,"Multiple companies, single service",25.72,2,Medium,False
madrid,MAD_LOC_001436,40.4307599656275,-3.65910896798778,1,1,Dhl,"C. de Santiago de Masarnau, 4",Arcobaleno Libros,False,False,False,False,False,False,True,False,5,Convenience Store only,1,Single record,0.0,1,High,False
madrid,MAD_LOC_001437,40.382553684713166,-3.6680701096431334,3,3,Dhl | Gls | UPS,"C. del Puerto de Balbarán, 43 | Calle del Puerto de Balbarán 43",Estanco | Estanco 712 Humos Madrid | Ps Estanco Humos,False,False,False,False,False,False,True,False,5,Convenience Store only,3,"Multiple companies, single service",33.27,3,Review,True
madrid,MAD_LOC_001438,40.3924956495753,-3.722916886409775,2,2,Celeritas | Dhl,"C. del Radio, 18",Estanco 562 Mad | Expendiduria 562 Y Receptor,False,False,False,False,False,False,True,False,5,Convenience Store only,3,"Multiple companies, single service",16.73,2,Medium,False
madrid,MAD_LOC_001439,40.3913418307238,-3.71238173608255,1,1,Dhl,"C. Inmaculada Concepción, 45",Estanco Madrid 385,False,False,False,False,False,False,True,False,5,Convenience Store only,1,Single record,0.0,1,High,False
madrid,MAD_LOC_001440,40.39479925378967,-3.708806711100925,4,4,Dhl | Gls | Nacex | UPS,"Calle de Antonio López 59 | Calle de Antonio López, 59 | Calle de Antonio López, 59, LOCAL 40",Cool Accesorios Y Tecnologia (2883-37) | Cool Madrid | Cool Madrid Accesorios | Ps Fersay,False,False,False,False,False,False,True,False,5,Convenience Store only,3,"Multiple companies, single service",13.44,1,High,False
madrid,MAD_LOC_001441,40.4521635388003,-3.69840727837711,1,1,Dhl,"C. del Aviador Zorita, 49",Carlin Reina Mercedes,False,False,False,False,False,False,True,False,5,Convenience Store only,1,Single record,0.0,1,High,False
madrid,MAD_LOC_001442,40.44867563604435,-3.7032826753750303,2,2,Dhl | UPS,"C. de Hernani, 3",Full-Tecno 3 | Tecno 3,False,False,False,False,False,False,True,False,5,Convenience Store only,3,"Multiple companies, single service",18.09,2,Medium,False
madrid,MAD_LOC_001443,40.346021205261536,-3.706445368242983,3,3,Ctt Express | Dhl | UPS,"Av. Real de Pinto, 32",Locutorio Cibao 2 | Locutorio Cibao 2.,False,False,False,False,False,False,True,False,5,Convenience Store only,3,"Multiple companies, single service",6.2,1,High,False
madrid,MAD_LOC_001444,40.343048865547054,-3.71531332127846,4,4,Celeritas | Ctt Express | Dhl | UPS,"C. de San Aureliano, 3",Betania Libreria Y Papeleria | Betania Libreria Y Papelería,False,False,False,False,False,False,True,False,5,Convenience Store only,3,"Multiple companies, single service",27.61,2,Medium,False
madrid,MAD_LOC_001445,40.3467010622142,-3.67515695623037,1,1,Dhl,"Calle Estefanita, 5",Fundiland,False,False,False,False,False,False,True,False,5,Convenience Store only,1,Single record,0.0,1,High,False
madrid,MAD_LOC_001446,40.4430545190161,-3.61126687997892,1,1,Dhl,"C. del Néctar, 41",Locutorio Golden Express,False,False,False,False,False,False,True,False,5,Convenience Store only,1,Single record,0.0,1,High,False
madrid,MAD_LOC_001447,40.445106203602094,-3.78692162951107,2,2,Dhl | UPS,"Av. de Europa, 27",Carlin | Carlin Pozuelo,False,False,False,False,False,False,True,False,5,Convenience Store only,3,"Multiple companies, single service",21.58,2,Medium,False
madrid,MAD_LOC_001448,40.3947040074387,-3.76260492317666,2,2,Ctt Express | Dhl,"C. de Illescas, 91",Smart Mobile Ii | Western Unión Illescas,False,False,False,False,False,False,True,False,5,Convenience Store only,3,"Multiple companies, single service",17.24,2,Medium,False
madrid,MAD_LOC_001449,40.3923497285051,-3.760616819635615,2,2,Dhl | UPS,"C. de Quero, 13",Lempira Hn Locutorio,False,False,False,False,False,False,True,False,5,Convenience Store only,3,"Multiple companies, single service",4.56,1,High,False
madrid,MAD_LOC_001450,40.3810944723963,-3.72967917143825,1,1,Dhl,C. de Alfonso Martínez Conde S/N,Yorkie Mascotas,False,False,False,False,False,False,True,False,5,Convenience Store only,1,Single record,0.0,1,High,False
madrid,MAD_LOC_001451,40.3837676231,-3.73055283583,1,1,Dhl,"C. de Álvarez Abellán, 30",Agencia De Viajes Zafiro Tours M...,False,False,False,False,False,False,True,False,5,Convenience Store only,1,Single record,0.0,1,High,False
madrid,MAD_LOC_001452,40.3895572048275,-3.73660042650975,1,1,Dhl,"C. Avecilla, 5",Manati Tours Hn S.L,False,False,False,False,False,False,True,False,5,Convenience Store only,1,Single record,0.0,1,High,False
madrid,MAD_LOC_001453,40.3869906155857,-3.70194165361846,1,1,Dhl,"C. de Marcelo Usera, 34",Viajes Arenas Ii,False,False,False,False,False,False,True,False,5,Convenience Store only,1,Single record,0.0,1,High,False
madrid,MAD_LOC_001454,40.4403621033863,-3.6436368844308995,5,5,Celeritas | Ctt Express | Dhl | Nacex | UPS,"C. de José del Hierro, 52",Workme | Workme (2878-11) | Workme Tecnologia . Papeleria,False,False,False,False,False,False,True,False,5,Convenience Store only,3,"Multiple companies, single service",8.38,1,High,False
madrid,MAD_LOC_001455,40.4430747049323,-3.651666196758565,4,4,Celeritas | Ctt Express | Dhl | UPS,"C. de Aristóteles, 5",Tienda Workme | Workme Aristoteles | Workme Ii,False,False,False,False,False,False,True,False,5,Convenience Store only,3,"Multiple companies, single service",29.96,2,Medium,False
madrid,MAD_LOC_001456,40.4346803283588,-3.65508040106815,1,1,Dhl,"C. de Virgen de Lluc, 6",Reparacion De Moviles,False,False,False,False,False,False,True,False,5,Convenience Store only,1,Single record,0.0,1,High,False
madrid,MAD_LOC_001457,40.4765902183315,-3.707100410810945,2,2,Dhl | Nacex,"C. de Melchor Fernández Almagro, 62",La Tienduca De Oscar | La Tienduca De Óscar (2845-11),False,False,False,False,False,False,True,False,5,Convenience Store only,3,"Multiple companies, single service",14.52,1,High,False
madrid,MAD_LOC_001458,40.47715706785725,-3.715256367649615,2,2,Dhl | UPS,"Av. de Monforte de Lemos, 169",Hispanos Envios Multiservicios | La Guarida De Harley,False,False,False,False,False,False,True,False,5,Convenience Store only,3,"Multiple companies, single service",16.04,2,Medium,False
madrid,MAD_LOC_001459,40.4081357710146,-3.64762255260272,1,1,Dhl,"C. de la Marroquina, 42",Vichen,False,False,False,False,False,False,True,False,5,Convenience Store only,1,Single record,0.0,1,High,False
madrid,MAD_LOC_001460,40.3758030995863,-3.61711536190293,1,1,Dhl,"Cam. de la Suerte, 40",Informatica The Pc Room,False,False,False,False,False,False,True,False,5,Convenience Store only,1,Single record,0.0,1,High,False
madrid,MAD_LOC_001461,40.3787372701277,-3.62305987284019,1,1,Dhl,"Pl. Sierra de Ayllón, 3",Alfa,False,False,False,False,False,False,True,False,5,Convenience Store only,1,Single record,0.0,1,High,False
madrid,MAD_LOC_001462,40.3957306738438,-3.60678261727462,1,1,Dhl,"C. de Minerva, 137",Mioptico Shitu,False,False,False,False,False,False,True,False,5,Convenience Store only,1,Single record,0.0,1,High,False
madrid,MAD_LOC_001463,40.4775908442301,-3.658257237122835,2,2,Dhl | UPS,"C. de las Cuevas de Almanzora, 22",Fnx-Papeleria Libreria Sanchez | Libreria Papeleria Sanchez,False,False,False,False,False,False,True,False,5,Convenience Store only,3,"Multiple companies, single service",10.32,1,High,False
madrid,MAD_LOC_001464,40.4740667592828,-3.64747976025954,1,1,Dhl,"C. del Mar Caspio, 7",Ferreteria Dominguez,False,False,False,False,False,False,True,False,5,Convenience Store only,1,Single record,0.0,1,High,False
madrid,MAD_LOC_001465,40.4747027924789,-3.63724365985501,1,1,Dhl,"C. Guaimaral, 5",Estanco Alonso,False,False,False,False,False,False,True,False,5,Convenience Store only,1,Single record,0.0,1,High,False
madrid,MAD_LOC_001466,40.481361310663836,-3.7193285881004403,3,3,Dhl | Nacex | UPS,"Calle de la C. Isla de Tavira, 30 | Calle de la, C. Isla de Tavira, 30",Estanco Madrid-742 (2844-12) | Expendeduria N742 Estanco | Expendeduría 742,False,False,False,False,False,False,True,False,5,Convenience Store only,3,"Multiple companies, single service",21.46,2,Medium,False
madrid,MAD_LOC_001467,40.3943528434647,-3.661793160429,1,1,Dhl,"Av. de la Albufera, 98",Infrilux,False,False,False,False,False,False,True,False,5,Convenience Store only,1,Single record,0.0,1,High,False
madrid,MAD_LOC_001468,40.4553478172736,-3.70326606511182,1,1,Dhl,"C. Fulgencio de Miguel, 5",Viajes Davitour,False,False,False,False,False,False,True,False,5,Convenience Store only,1,Single record,0.0,1,High,False
madrid,MAD_LOC_001469,40.4548284461714,-3.70324616448004,1,1,Dhl,"C. de Francos Rodríguez, 6",Asap,False,False,False,False,False,False,True,False,5,Convenience Store only,1,Single record,0.0,1,High,False
madrid,MAD_LOC_001470,40.3585717419592,-3.69584324315753,1,1,Dhl,"Av. de la Verbena de la Paloma, 23",Locutorio M&S,False,False,False,False,False,False,True,False,5,Convenience Store only,1,Single record,0.0,1,High,False
madrid,MAD_LOC_001471,40.3567829311463,-3.69724932751486,1,1,Dhl,"C. de la del Manojo de Rosas, 60",Infrilux Iii,False,False,False,False,False,False,True,False,5,Convenience Store only,1,Single record,0.0,1,High,False
madrid,MAD_LOC_001472,40.3512083286458,-3.7041621436065,1,1,Dhl,"C/ de Eduardo Barreiros, 151",Mac Rapid,False,False,False,False,False,False,True,False,5,Convenience Store only,1,Single record,0.0,1,High,False
madrid,MAD_LOC_001473,40.4551605151237,-3.57794126144081,1,1,Dhl,Parcela 1.2B Nave WFS 1a planta,Dhl Express Center C.C.Aerea Mad,False,True,False,False,False,False,False,False,2,PUDO only,1,Single record,0.0,1,High,False
madrid,MAD_LOC_001474,40.4549971701606,-3.58816455402752,1,1,Dhl,"Av. de Cantabria, 17",Alfil Libreria Papeleria,False,False,False,False,False,False,True,False,5,Convenience Store only,1,Single record,0.0,1,High,False
madrid,MAD_LOC_001475,40.3996939949508,-3.69436906649912,1,1,Dhl,"Paseo de las Delicias, 66",Carlin Delicias,False,False,False,False,False,False,True,False,5,Convenience Store only,1,Single record,0.0,1,High,False
madrid,MAD_LOC_001476,40.3903364468752,-3.692590293485,1,1,Dhl,"C. de Embajadores, 130",Punto De Venta Dhl Express (Folder),False,False,False,False,False,False,True,False,5,Convenience Store only,1,Single record,0.0,1,High,False
madrid,MAD_LOC_001477,40.4048589680072,-3.69559997537907,1,1,Dhl,"C. de la Batalla del Salado, 1",Alfil.Be Atocha,False,False,False,False,False,False,True,False,5,Convenience Store only,1,Single record,0.0,1,High,False
madrid,MAD_LOC_001478,40.4605973943703,-3.69065450814967,1,1,Dhl,"Paseo De La Castellana, 149 Esq, C. de Francisco Gervás",Dhl Express,False,True,False,False,False,False,False,False,2,PUDO only,1,Single record,0.0,1,High,False
madrid,MAD_LOC_001479,40.3917937446501,-3.7428728105497364,3,3,Ctt Express | Dhl | UPS,"C. Vía Carpetana, 328",Cacil Envios | Cacils Envios | Locutorio Cacil Envios,False,False,False,False,False,False,True,False,5,Convenience Store only,3,"Multiple companies, single service",18.17,2,Medium,False
madrid,MAD_LOC_001480,40.4886075337161,-3.66274735098829,1,1,Dhl,"C. de Oña, 85",Loterias Angel,False,False,False,False,False,False,True,False,5,Convenience Store only,1,Single record,0.0,1,High,False
madrid,MAD_LOC_001481,40.3965429030515,-3.66870812387366,1,1,Dhl,"C. de los Robles, 11",Viajes Davitour,False,False,False,False,False,False,True,False,5,Convenience Store only,1,Single record,0.0,1,High,False
madrid,MAD_LOC_001482,40.362306702781,-3.7583686409521,1,1,Dhl,"Av. de la Peseta, 50",App La Peseta,False,False,False,False,False,False,True,False,5,Convenience Store only,1,Single record,0.0,1,High,False
madrid,MAD_LOC_001483,40.42762099599345,-3.67867352449818,2,2,Celeritas | Ctt Express,"Calle del Gral. Pardiñas, 31",Take Up,False,False,False,False,False,False,True,False,5,Convenience Store only,3,"Multiple companies, single service",18.16,2,Medium,False
madrid,MAD_LOC_001484,40.4425587450354,-3.680555379522895,2,2,Celeritas | Ctt Express,"C. de Gabriel Lobo, 10",Quiosco Marcos,False,False,False,False,False,False,True,False,5,Convenience Store only,3,"Multiple companies, single service",4.06,1,High,False
madrid,MAD_LOC_001485,40.4428692527116,-3.675879830676,1,1,Celeritas,"C. de Cartagena, 131",Yoigo Cartagena,False,False,False,False,False,False,True,False,5,Convenience Store only,1,Single record,0.0,1,High,False
madrid,MAD_LOC_001486,40.44191586789505,-3.67114111616878,2,2,Celeritas | Ctt Express,"C. de Clara del Rey, 14",Kiosco Clara Del Rey 14,False,False,False,False,False,False,True,False,5,Convenience Store only,3,"Multiple companies, single service",6.91,1,High,False
madrid,MAD_LOC_001487,40.4459117056524,-3.66714005125366,1,1,Celeritas,"C. del Corazón de María, 43",Kiosco Corazon,False,False,False,False,False,False,True,False,5,Convenience Store only,1,Single record,0.0,1,High,False
madrid,MAD_LOC_001488,40.4472899726877,-3.66944165187581,2,2,Celeritas | Ctt Express,"C. de López de Hoyos, 174",Expendeduria De Tabaco 532,False,False,False,False,False,False,True,False,5,Convenience Store only,3,"Multiple companies, single service",3.63,1,High,False
madrid,MAD_LOC_001489,40.45045599051395,-3.6785808912932954,2,2,Celeritas | Ctt Express,"C. de Rodríguez Marín, 80",Quiosco De Prensa Rodríguez Marín,False,False,False,False,False,False,True,False,5,Convenience Store only,3,"Multiple companies, single service",11.8,1,High,False
madrid,MAD_LOC_001490,40.43892106990225,-3.6991145164818198,2,2,Celeritas | Ctt Express,"Calle de José Abascal, 25",The Times Café,False,False,False,False,False,False,True,False,5,Convenience Store only,3,"Multiple companies, single service",15.62,2,Medium,False
madrid,MAD_LOC_001491,40.44133849721485,-3.69319901629388,2,2,Celeritas | Ctt Express,"Pl. de San Juan de la Cruz, 2",Kiosko Eldorado,False,False,False,False,False,False,True,False,5,Convenience Store only,3,"Multiple companies, single service",18.16,2,Medium,False
madrid,MAD_LOC_001492,40.42202729999959,-3.6958609459837586,6,5,Celeritas | Ctt Express | Gls | Nacex | UPS,"C. del Barquillo, 17",Kiosco De Prensa Teresa | Kiosco Teresa Sanchez | Kiosko Teresa Sánchez (2853-12) | Ps Kiosko Teresa Sanchez,False,False,False,False,False,False,True,False,5,Convenience Store only,3,"Multiple companies, single service",22.27,2,Medium,False
madrid,MAD_LOC_001493,40.42523633999937,-3.6964533174058625,4,4,Celeritas | Ctt Express | Gls | UPS,"C. de Pelayo, 80",Imagen On | Ps Imagen On,False,False,False,False,False,False,True,False,5,Convenience Store only,3,"Multiple companies, single service",11.23,1,High,False
madrid,MAD_LOC_001494,40.4024317158257,-3.703471864592305,2,2,Celeritas | Ctt Express,"Calle de las Peñuelas, 26",Librería Papelería Águeda,False,False,False,False,False,False,True,False,5,Convenience Store only,3,"Multiple companies, single service",5.75,1,High,False
madrid,MAD_LOC_001495,40.4044461407271,-3.704550370920945,2,2,Celeritas | Ctt Express,"P.o de las Acacias, 11",Prensa Y Revistas M Paz,False,False,False,False,False,False,True,False,5,Convenience Store only,3,"Multiple companies, single service",7.47,1,High,False
madrid,MAD_LOC_001496,40.42212389498985,-3.67616492361775,2,2,Celeritas | Ctt Express,"C. de Narváez, 24",Quiosco Narvaez,False,False,False,False,False,False,True,False,5,Convenience Store only,3,"Multiple companies, single service",4.06,1,High,False
madrid,MAD_LOC_001497,40.41558544025765,-3.6733745994733447,2,2,Celeritas | Ctt Express,"Plaza del Doctor Laguna 1, 28009, Madrid | Plaza del Dr. Laguna, 1",Quiosco Plaza Del Doctor Laguna,False,False,False,False,False,False,True,False,5,Convenience Store only,3,"Multiple companies, single service",3.75,1,High,False
madrid,MAD_LOC_001498,40.4311212094589,-3.70006929598992,1,1,Celeritas,"C. de Trafalgar, 2",Kiosco Prensa Luis,False,False,False,False,False,False,True,False,5,Convenience Store only,1,Single record,0.0,1,High,False
madrid,MAD_LOC_001499,40.43212854032945,-3.697241493474945,2,2,Celeritas | Ctt Express,"Calle de Sta Engracia, 36",Estanco Chamberi,False,False,False,False,False,False,True,False,5,Convenience Store only,3,"Multiple companies, single service",4.06,1,High,False
madrid,MAD_LOC_001500,40.4110954283181,-3.73101839130886,2,2,Celeritas | Ctt Express,"C. de Guadarrama, 18",Expendeduria 519,False,False,False,False,False,False,True,False,5,Convenience Store only,3,"Multiple companies, single service",12.73,1,High,False
madrid,MAD_LOC_001501,40.409865498354,-3.70207827713463,2,2,Celeritas | Ctt Express,"C. de Lavapiés, 41",El Estanco De Lavapies,False,False,False,False,False,False,True,False,5,Convenience Store only,3,"Multiple companies, single service",21.88,2,Medium,False
madrid,MAD_LOC_001502,40.4352551002362,-3.70509542299472,1,1,Celeritas,"C. de Fernández de los Ríos, 8",Fanshi Electronic Partners,False,False,False,False,False,False,True,False,5,Convenience Store only,1,Single record,0.0,1,High,False
madrid,MAD_LOC_001503,40.4352149402013,-3.7083441892206466,3,3,Celeritas | Gls | UPS,"C. de Fernández de los Ríos, 33",Ps Shipxpress | Shipxpress,False,False,False,False,False,False,True,False,5,Convenience Store only,3,"Multiple companies, single service",8.37,1,High,False
madrid,MAD_LOC_001504,40.438497792406,-3.71314176845765,1,1,Celeritas,"C. de Guzmán el Bueno, 95",Halcon Viajes Guzman,False,False,False,False,False,False,True,False,5,Convenience Store only,1,Single record,0.0,1,High,False
madrid,MAD_LOC_001505,40.4637879377243,-3.67067229005011,2,2,Celeritas | Ctt Express,"C. de Sta. María Magdalena, 18",Kiosco Santiago,False,False,False,False,False,False,True,False,5,Convenience Store only,3,"Multiple companies, single service",7.48,1,High,False
madrid,MAD_LOC_001506,40.4296405533915,-3.6453723421526,1,1,Celeritas,"C. de Fco. Villaespesa, 51",Bg Servicios Sl Carlin,False,False,False,False,False,False,True,False,5,Convenience Store only,1,Single record,0.0,1,High,False
madrid,MAD_LOC_001507,40.4316706233377,-3.64447141175122,1,1,Celeritas,"C. de los Urquiza, 46",Eurocolombia Paqueteria S.L,False,False,False,False,False,False,True,False,5,Convenience Store only,1,Single record,0.0,1,High,False
madrid,MAD_LOC_001508,40.4248664245182,-3.65371377113908,1,1,Celeritas,"Av. del Marqués de Corbera, 29",Halcon Viajes M. Corbera,False,False,False,False,False,False,True,False,5,Convenience Store only,1,Single record,0.0,1,High,False
madrid,MAD_LOC_001509,40.43280486728856,-3.641652466565253,3,3,Celeritas | Ctt Express | UPS,"C. del Río Ulla, 34",El Estanco De Olga,False,False,False,False,False,False,True,False,5,Convenience Store only,3,"Multiple companies, single service",10.48,1,High,False
madrid,MAD_LOC_001510,40.38454174221195,-3.640972017399755,2,2,Celeritas | Ctt Express,"C. de Torremolinos, 8",Estanco Torremolinos,False,False,False,False,False,False,True,False,5,Convenience Store only,3,"Multiple companies, single service",21.69,2,Medium,False
madrid,MAD_LOC_001511,40.382927093070904,-3.6657792777498797,2,2,Celeritas | Ctt Express,"C. del Puerto de la Morcuera, 30",Frutos Secos Pikoteo,False,False,False,False,False,False,True,False,5,Convenience Store only,3,"Multiple companies, single service",10.88,1,High,False
madrid,MAD_LOC_001512,40.3956210745146,-3.718948172770703,3,3,Celeritas | Ctt Express | UPS,"C. de Jacinto Verdaguer, 36",Estanco 236 | Estanco 236-Madrid,False,False,False,False,False,False,True,False,5,Convenience Store only,3,"Multiple companies, single service",20.98,2,Medium,False
madrid,MAD_LOC_001513,40.396395727825606,-3.7130821778643046,2,2,Celeritas | Ctt Express,"Calle de Antonio López, 28",Expenduduria 394,False,False,False,False,False,False,True,False,5,Convenience Store only,3,"Multiple companies, single service",3.19,1,High,False
madrid,MAD_LOC_001514,40.3947480839191,-3.708416126543585,2,2,Celeritas | Ctt Express,"Calle de Antonio López, 61",Viajes Solparaiso,False,False,False,False,False,False,True,False,5,Convenience Store only,3,"Multiple companies, single service",13.86,1,High,False
madrid,MAD_LOC_001515,40.45252177772857,-3.6995856752763365,3,3,Celeritas | Ctt Express | UPS,"C. de Dulcinea, 67",Estanco Dulcinea,False,False,False,False,False,False,True,False,5,Convenience Store only,3,"Multiple companies, single service",6.49,1,High,False
madrid,MAD_LOC_001516,40.45240495341235,-3.696928279823815,2,2,Celeritas | Ctt Express,"Av. del General Perón, 16",Expendeduria 330 Madrid | Expendeduria 330 Madrid.,False,False,False,False,False,False,True,False,5,Convenience Store only,3,"Multiple companies, single service",4.06,1,High,False
madrid,MAD_LOC_001517,40.45330750525375,-3.6951478091813303,2,2,Celeritas | Ctt Express,"C. de Orense, 33",Kiosco Ronda,False,False,False,False,False,False,True,False,5,Convenience Store only,3,"Multiple companies, single service",4.54,1,High,False
madrid,MAD_LOC_001518,40.4543280017748,-3.698887693636445,2,2,Celeritas | Ctt Express,"C. de la Infanta Mercedes, 10",Estanco 692 Infanta Mercedes,False,False,False,False,False,False,True,False,5,Convenience Store only,3,"Multiple companies, single service",3.74,1,High,False
madrid,MAD_LOC_001519,40.45772573893555,-3.7007882514103603,2,2,Celeritas | Ctt Express,"C. de San Germán, 72",Alvera Impresión,False,False,False,False,False,False,True,False,5,Convenience Store only,3,"Multiple companies, single service",10.89,1,High,False
madrid,MAD_LOC_001520,40.3516754121611,-3.68819517659212,1,1,Celeritas,"C. de Juan José Martínez Seco, 54",Halcon Viajes Martinez Seco,False,False,False,False,False,False,True,False,5,Convenience Store only,1,Single record,0.0,1,High,False
madrid,MAD_LOC_001521,40.3489783717536,-3.70567043011582,1,1,Celeritas,"C. del Arroyo Bueno, 7",Alimentacion Y Bazar,False,False,False,False,False,False,True,False,5,Convenience Store only,1,Single record,0.0,1,High,False
madrid,MAD_LOC_001522,40.343982690845905,-3.6751335138308248,2,2,Celeritas | UPS,"C. Limonita, 5",Fnx-Fundiland | Fundiland,False,False,False,False,False,False,True,False,5,Convenience Store only,3,"Multiple companies, single service",0.86,1,High,False
madrid,MAD_LOC_001523,40.4446968893675,-3.611243108814535,2,2,Celeritas | Ctt Express,"C. Valderrobres, 4",Expendeduria 255,False,False,False,False,False,False,True,False,5,Convenience Store only,3,"Multiple companies, single service",2.83,1,High,False
madrid,MAD_LOC_001524,40.397388603130565,-3.7710270092052904,3,2,Celeritas | Ctt Express,"C. de Galicia, 3",Locutorio Azua | Nelpa,False,False,False,False,False,False,True,False,5,Convenience Store only,3,"Multiple companies, single service",18.25,2,Medium,False
madrid,MAD_LOC_001525,40.38724860226,-3.7427632794912,1,1,Celeritas,"C. del Halcón, 47",Kiosko De Prensa,False,False,False,False,False,False,True,False,5,Convenience Store only,1,Single record,0.0,1,High,False
madrid,MAD_LOC_001526,40.3887560832555,-3.74315390955058,1,1,Celeritas,"C. de la Oca, 98",Halcon Viajes,False,False,False,False,False,False,True,False,5,Convenience Store only,1,Single record,0.0,1,High,False
madrid,MAD_LOC_001527,40.3883558302006,-3.74442097281446,1,1,Celeritas,"C. de la Oca, 110",Btravel Oca,False,False,False,False,False,False,True,False,5,Convenience Store only,1,Single record,0.0,1,High,False
madrid,MAD_LOC_001528,40.4394773307029,-3.63389164759493,2,2,Celeritas | Ctt Express,"C. de Alcalá, 461",Estanco 404 De Madrid,False,False,False,False,False,False,True,False,5,Convenience Store only,3,"Multiple companies, single service",28.36,2,Medium,False
madrid,MAD_LOC_001529,40.42936018502955,-3.66237960146025,2,2,Celeritas | Ctt Express,"Pl. de América Española, 2",Kiosco Galindo,False,False,False,False,False,False,True,False,5,Convenience Store only,3,"Multiple companies, single service",2.57,1,High,False
madrid,MAD_LOC_001530,40.4303555821863,-3.66536280284728,1,1,Celeritas,"C. de Alcalá, 225",B Travel Alcala 225,False,False,False,False,False,False,True,False,5,Convenience Store only,1,Single record,0.0,1,High,False
madrid,MAD_LOC_001531,40.43133534347555,-3.6707122365470504,2,2,Celeritas | Ctt Express,"C. de Cartagena, 5",The Phone Shop,False,False,False,False,False,False,True,False,5,Convenience Store only,3,"Multiple companies, single service",20.71,2,Medium,False
madrid,MAD_LOC_001532,40.47316978976655,-3.708322971904905,2,2,Celeritas | Ctt Express,"C/ de Ribadavia, 29",Kiosco Prensa Maria Luisa,False,False,False,False,False,False,True,False,5,Convenience Store only,3,"Multiple companies, single service",4.06,1,High,False
madrid,MAD_LOC_001533,40.478079378945104,-3.6990636947105773,3,3,Celeritas | Ctt Express | Nacex,C. de Melchor Fernández Almagro & C. de la Villa de Marín,Quiosco Pablo (2845-06) | Quiosco Prensa Pablo,False,False,False,False,False,False,True,False,5,Convenience Store only,3,"Multiple companies, single service",7.48,1,High,False
madrid,MAD_LOC_001534,40.402788380248055,-3.6428608802930302,2,2,Celeritas | Ctt Express,"Cl. de la Hacienda de Pavones, 144",Expendeduria Tabacos 793,False,False,False,False,False,False,True,False,5,Convenience Store only,3,"Multiple companies, single service",12.73,1,High,False
madrid,MAD_LOC_001535,40.3742337616597,-3.62292816176227,1,1,Celeritas,"C. de Fuentidueña, 15",Fietse,False,False,False,False,False,False,True,False,5,Convenience Store only,1,Single record,0.0,1,High,False
madrid,MAD_LOC_001536,40.4069208819616,-3.6080900401595404,2,2,Celeritas | Ctt Express,"C. Villardondiego, 21",Bar Caffetteria La Margarita,False,False,False,False,False,False,True,False,5,Convenience Store only,3,"Multiple companies, single service",15.89,2,Medium,False
madrid,MAD_LOC_001537,40.4682825707696,-3.7225786906148,1,1,Celeritas,"C. de San Gerardo, 23",Quiosco Prensa Estrella Calonge,False,False,False,False,False,False,True,False,5,Convenience Store only,1,Single record,0.0,1,High,False
madrid,MAD_LOC_001538,40.48305465597005,-3.7262847189562303,2,2,Celeritas | Ctt Express,"C. de Ramón Gómez de la Serna, 105",Kiosco De Prensa,False,False,False,False,False,False,True,False,5,Convenience Store only,3,"Multiple companies, single service",13.82,1,High,False
madrid,MAD_LOC_001539,40.4735865911254,-3.675376505460875,2,2,Celeritas | Ctt Express,"Av. de Burgos, 8",Kiosco Av Burgos 8,False,False,False,False,False,False,True,False,5,Convenience Store only,3,"Multiple companies, single service",7.7,1,High,False
madrid,MAD_LOC_001540,40.4309937775163,-3.62452861940391,1,1,Celeritas,"C. de la Virgen de la Oliva, 12",Expendeduria 12,False,False,False,False,False,False,True,False,5,Convenience Store only,1,Single record,0.0,1,High,False
madrid,MAD_LOC_001541,40.4335743210958,-3.62584659505127,1,1,Celeritas,"C. Zumel, 1",Expendeduria 253,False,False,False,False,False,False,True,False,5,Convenience Store only,1,Single record,0.0,1,High,False
madrid,MAD_LOC_001542,40.4299583946691,-3.63183392923288,1,1,Celeritas,"C. de los Hermanos García Noblejas, 49",Kiosco Prensa Juan Pablo,False,False,False,False,False,False,True,False,5,Convenience Store only,1,Single record,0.0,1,High,False
madrid,MAD_LOC_001543,40.427201453147205,-3.6156369825624246,2,2,Celeritas | Ctt Express,"Plaza Obra, 4",Autoescuela Alamo Xtreme,False,False,False,False,False,False,True,False,5,Convenience Store only,3,"Multiple companies, single service",12.05,1,High,False
madrid,MAD_LOC_001544,40.3898753366831,-3.64015526474779,1,1,Celeritas,"C. de San Claudio, 69",Kiosco De Prensa San Claudio,False,False,False,False,False,False,True,False,5,Convenience Store only,1,Single record,0.0,1,High,False
madrid,MAD_LOC_001545,40.3902790472697,-3.6390694576424,2,2,Celeritas | Ctt Express,"C. de los Andaluces, 18",Kiosco Armenteros,False,False,False,False,False,False,True,False,5,Convenience Store only,3,"Multiple companies, single service",24.6,2,Medium,False
madrid,MAD_LOC_001546,40.399754667524704,-3.667343907528265,2,2,Celeritas | Ctt Express,"Av. de Peña Prieta, 20",Estanco 429,False,False,False,False,False,False,True,False,5,Convenience Store only,3,"Multiple companies, single service",7.08,1,High,False
madrid,MAD_LOC_001547,40.3882498683955,-3.6383734342964265,3,3,Celeritas | Ctt Express | Gls,"C/ de León Felipe, 6 | C/ de León Felipe, 6, PORTAL 1",Papeleria Irasi | Ps Papeleria Irasi,False,False,False,False,False,False,True,False,5,Convenience Store only,3,"Multiple companies, single service",20.79,2,Medium,False
madrid,MAD_LOC_001548,40.4572591550081,-3.7061626567412,2,2,Celeritas | Ctt Express,"C. de Francos Rodríguez, 50",Estanco 188 Madrid,False,False,False,False,False,False,True,False,5,Convenience Store only,3,"Multiple companies, single service",20.05,2,Medium,False
madrid,MAD_LOC_001549,40.4588192280722,-3.71163038016289,1,1,Celeritas,"C/ de Sánchez Preciado, 15, Local 2",Libreria Papeleria Burgueño,False,False,False,False,False,False,True,False,5,Convenience Store only,1,Single record,0.0,1,High,False
madrid,MAD_LOC_001550,40.4728390124657,-3.57870766152946,1,1,Celeritas,"Av. General, 12",Viajes Halcon,False,False,False,False,False,False,True,False,5,Convenience Store only,1,Single record,0.0,1,High,False
madrid,MAD_LOC_001551,40.4608045390664,-3.643968251934485,2,2,Celeritas | Ctt Express,"Calle de Calanda, 12",Bar Kalanda,False,False,False,False,False,False,True,False,5,Convenience Store only,3,"Multiple companies, single service",9.52,1,High,False
madrid,MAD_LOC_001552,40.373430838972354,-3.757600989958455,2,2,Celeritas | Ctt Express,"C. Condesa de Teba, 5",Perfumeria Las Cruces,False,False,False,False,False,False,True,False,5,Convenience Store only,3,"Multiple companies, single service",1.84,1,High,False
madrid,MAD_LOC_001553,40.39184838313515,-3.69385239828978,2,2,Celeritas | Ctt Express,"C. de Bolívar, 7, LOCAL 2 7 | C. de Bolívar, 7, Local 2 7",Tu Librería,False,False,False,False,False,False,True,False,5,Convenience Store only,3,"Multiple companies, single service",10.37,1,High,False
madrid,MAD_LOC_001554,40.39557406904645,-3.694196702726165,2,2,Celeritas | Ctt Express,"C. de Alejandro Ferrant, 1",Copiserve Madrid,False,False,False,False,False,False,True,False,5,Convenience Store only,3,"Multiple companies, single service",10.6,1,High,False
madrid,MAD_LOC_001555,40.474142736841,-3.68770197388752,1,1,Celeritas,"P.o de la Castellana, 255",B Travel Castellana,False,False,False,False,False,False,True,False,5,Convenience Store only,1,Single record,0.0,1,High,False
madrid,MAD_LOC_001556,40.3920496349354,-3.75347970247792,1,1,Celeritas,"C. de Illescas, 193",Papeleria Libreria Agarrate Cartulina,False,False,False,False,False,False,True,False,5,Convenience Store only,1,Single record,0.0,1,High,False
madrid,MAD_LOC_001557,40.5134460320979,-3.67863526541598,1,1,Celeritas,"Ctra. Fuencarral a Alcobendas KM 12,2 16",Farmacia La Boticaria Las Tablas,False,False,False,False,False,False,True,False,5,Convenience Store only,1,Single record,0.0,1,High,False
madrid,MAD_LOC_001558,40.4948434916607,-3.7208700922925,2,2,Celeritas | Ctt Express,"C. del Arroyo del Monte, 127",Ferreteria Silos,False,False,False,False,False,False,True,False,5,Convenience Store only,3,"Multiple companies, single service",26.68,2,Medium,False
madrid,MAD_LOC_001559,40.5063950170758,-3.66519146453391,2,2,Celeritas | Ctt Express,"C. de Furelos, 1",Exp. No 897 Estanco Las Tablas,False,False,False,False,False,False,True,False,5,Convenience Store only,3,"Multiple companies, single service",27.32,2,Medium,False
madrid,MAD_LOC_001560,40.508121794201465,-3.674782056910473,3,3,Celeritas | Ctt Express | Nacex,"C. San Juan de Ortega, 108",Estanco Las Tablas (2841-05) | Estanco Las Tablas - Expendeduría 896,False,False,False,False,False,False,True,False,5,Convenience Store only,3,"Multiple companies, single service",3.69,1,High,False
madrid,MAD_LOC_001561,40.3657853166806,-3.60263143185663,1,1,Celeritas,"Av. del Ensanche de Vallecas, 47 - 49",Autoescuela Santa Eugenia,False,False,False,False,False,False,True,False,5,Convenience Store only,1,Single record,0.0,1,High,False
madrid,MAD_LOC_001562,40.3686301889074,-3.60050176711213,1,1,Celeritas,"Av de las Suertes, s/n",Maslife Gavia,False,False,False,False,False,False,True,False,5,Convenience Store only,1,Single record,0.0,1,High,False
madrid,MAD_LOC_001563,40.3816676048397,-3.6688134806573203,2,2,Celeritas | Ctt Express,C. La Mancha & Av. de Entrevías,Kiosco Prensa Fatima,False,False,False,False,False,False,True,False,5,Convenience Store only,3,"Multiple companies, single service",35.68,3,Review,True
madrid,MAD_LOC_001564,40.3877456197051,-3.66846207522792,1,1,Celeritas,"C. Sierra Molina, 26",Pencil,False,False,False,False,False,False,True,False,5,Convenience Store only,1,Single record,0.0,1,High,False
madrid,MAD_LOC_001565,40.3652345827508,-3.7623384400769497,2,2,Celeritas | Ctt Express,"C. Palmeral de Elche, 6",Naz Beauty,False,False,False,False,False,False,True,False,5,Convenience Store only,3,"Multiple companies, single service",0.91,1,High,False
madrid,MAD_LOC_001566,40.4273616165674,-3.6774673661698,1,1,Ctt Express,"Cl. de Ayala, 88",Estanco 332,False,False,False,False,False,False,True,False,5,Convenience Store only,1,Single record,0.0,1,High,False
madrid,MAD_LOC_001567,40.4348426656579,-3.70461846395919,1,1,Ctt Express,"C. de Bravo Murillo, 9, bj a",Bondu Moviles,False,False,False,False,False,False,True,False,5,Convenience Store only,1,Single record,0.0,1,High,False
madrid,MAD_LOC_001568,40.4472005963481,-3.70316932142566,1,1,Ctt Express,"C. de Raimundo Fernández Villaverde, 1",Day Market,False,False,False,False,False,False,True,False,5,Convenience Store only,1,Single record,0.0,1,High,False
madrid,MAD_LOC_001569,40.42452364619585,-3.706991982625005,2,1,Ctt Express,"C. del Pez, 40 | Calle del Pez 40, 28004, Madrid",Estanco Madrid-161 | Estanco Pez,False,False,False,False,False,False,True,False,5,Convenience Store only,2,"Same company, multiple records",9.03,1,High,False
madrid,MAD_LOC_001570,40.4231149984107,-3.69895966396287,1,1,Ctt Express,"C/ de Hortaleza, 66",Market Jmp.,False,False,False,False,False,False,True,False,5,Convenience Store only,1,Single record,0.0,1,High,False
madrid,MAD_LOC_001571,40.39914119359883,-3.7026688698488734,3,3,Ctt Express | Gls | Nacex,"P.o de la Esperanza, 47",La Huerta Del Gato | La Huerta Del Gato (2850-07) | Ps La Huerta Del Gato,False,False,False,False,False,False,True,False,5,Convenience Store only,3,"Multiple companies, single service",14.19,1,High,False
madrid,MAD_LOC_001572,40.4111809697487,-3.70950763444506,1,1,Ctt Express,"Mercado de la Cebada, Pl. de la Cebada, Planta Alta",Nuvole Di Profumo,False,False,False,False,False,False,True,False,5,Convenience Store only,1,Single record,0.0,1,High,False
madrid,MAD_LOC_001573,40.4047441994069,-3.7069550922578,1,1,Ctt Express,"C/ de la Ribera de Curtidores, 32",Locutorio Madrid,False,False,False,False,False,False,True,False,5,Convenience Store only,1,Single record,0.0,1,High,False
madrid,MAD_LOC_001574,40.43614744647695,-3.677966537150115,2,2,Ctt Express | Mail Boxes Etc,"C. del Gral. Oráa, 59",Logitec Global Sl | Mbe 3379,False,True,False,False,False,False,True,False,7,Multiple services,4,"Multiple companies, multiple services",4.89,1,High,False
madrid,MAD_LOC_001575,40.4287442560396,-3.67566155468293,1,1,Ctt Express,"C. del Conde de Peñalver, 37",Kiosko Peñalver,False,False,False,False,False,False,True,False,5,Convenience Store only,1,Single record,0.0,1,High,False
madrid,MAD_LOC_001576,40.4320715407232,-3.67359909538422,1,1,Ctt Express,"Calle de Alcántara, 63",Venezolanas Salon & Spa,False,False,False,False,False,False,True,False,5,Convenience Store only,1,Single record,0.0,1,High,False
madrid,MAD_LOC_001577,40.42987886929243,-3.674550908921957,3,2,Ctt Express | Gls,"C. de José Ortega y Gasset, 68",Kiosko Gutierrez | Ps Gls Dis Kiosko Gutierrez | Ps Kiosko Gutierrez,False,False,False,False,False,False,True,False,5,Convenience Store only,3,"Multiple companies, single service",10.94,1,High,False
madrid,MAD_LOC_001578,40.4170060836473,-3.66962403475692,1,1,Ctt Express,"C. del Dr. Esquerdo, 60",Frutos Secos Gema,False,False,False,False,False,False,True,False,5,Convenience Store only,1,Single record,0.0,1,High,False
madrid,MAD_LOC_001579,40.4045951909059,-3.67622597890624,1,1,Ctt Express,"C. de Abtao, 13",Locutorio Isa Teleglobal,False,False,False,False,False,False,True,False,5,Convenience Store only,1,Single record,0.0,1,High,False
madrid,MAD_LOC_001580,40.4077261037512,-3.67047273792008,1,1,Ctt Express,"C. del Dr. Esquerdo, 124",Aia Inmobiliaria,False,False,False,False,False,False,True,False,5,Convenience Store only,1,Single record,0.0,1,High,False
madrid,MAD_LOC_001581,40.4054414282298,-3.67363877920811,1,1,Ctt Express,"C. de Sánchez Barcáiztegui, 29",La Guarida Del Vigilante,False,False,False,False,False,False,True,False,5,Convenience Store only,1,Single record,0.0,1,High,False
madrid,MAD_LOC_001582,40.4034794043257,-3.67810088911872,1,1,Ctt Express,"Av. de la Ciudad de Barcelona, 49, Local 4",Prink Avenida Barcelona,False,False,False,False,False,False,True,False,5,Convenience Store only,1,Single record,0.0,1,High,False
madrid,MAD_LOC_001583,40.4065425373222,-3.67411006711117,1,1,Ctt Express,"C. de Abtao, 46",Hope Phone,False,False,False,False,False,False,True,False,5,Convenience Store only,1,Single record,0.0,1,High,False
madrid,MAD_LOC_001584,40.4272960695866,-3.67169089070761,1,1,Ctt Express,"C. de Alcalá, 181",Infotfix,False,False,False,False,False,False,True,False,5,Convenience Store only,1,Single record,0.0,1,High,False
madrid,MAD_LOC_001585,40.4198681762499,-3.67732875032298,1,1,Ctt Express,"C. de Menorca, 15",Dalin Informatica,False,False,False,False,False,False,True,False,5,Convenience Store only,1,Single record,0.0,1,High,False
madrid,MAD_LOC_001586,40.4231926315038,-3.67717487983429,1,1,Ctt Express,"C. de Lope de Rueda, 9",Alimentacion Lope De Rueda,False,False,False,False,False,False,True,False,5,Convenience Store only,1,Single record,0.0,1,High,False
madrid,MAD_LOC_001587,40.4170142100044,-3.67171613602225,1,1,Ctt Express,"C/ del Alcalde Sainz de Baranda, 49 Local 2",Jose Movil Madrid,False,False,False,False,False,False,True,False,5,Convenience Store only,1,Single record,0.0,1,High,False
madrid,MAD_LOC_001588,40.422123198561,-3.67398625156772,1,1,Ctt Express,"C/ de Fernán González, 31, Local",China Qiu,False,False,False,False,False,False,True,False,5,Convenience Store only,1,Single record,0.0,1,High,False
madrid,MAD_LOC_001589,40.436421595209,-3.70273986427976,1,1,Ctt Express,"C/ del Gral. Álvarez de Castro, 23",Hipertecno,False,False,False,False,False,False,True,False,5,Convenience Store only,1,Single record,0.0,1,High,False
madrid,MAD_LOC_001590,40.434545296195296,-3.692979204633525,2,2,Ctt Express | Gls,"Calle de Zurbano, 54",Ps To Refill | To Refill Chamberí.,False,False,False,False,False,False,True,False,5,Convenience Store only,3,"Multiple companies, single service",5.74,1,High,False
madrid,MAD_LOC_001591,40.407745275471,-3.73505591613157,1,1,Ctt Express,"C. Fortuna, 44",Alimentacion Fortuna,False,False,False,False,False,False,True,False,5,Convenience Store only,1,Single record,0.0,1,High,False
madrid,MAD_LOC_001592,40.4125032674691,-3.73188799094114,1,1,Ctt Express,"P.o de Extremadura, 65",Minishop,False,False,False,False,False,False,True,False,5,Convenience Store only,1,Single record,0.0,1,High,False
madrid,MAD_LOC_001593,40.4104638486634,-3.73894351370448,1,1,Ctt Express,"Av. de Portugal, 161",Pepe Market,False,False,False,False,False,False,True,False,5,Convenience Store only,1,Single record,0.0,1,High,False
madrid,MAD_LOC_001594,40.4124594154137,-3.72709699681643,1,1,Ctt Express,"C. de Caramuel, 16",Europhil,False,False,False,False,False,False,True,False,5,Convenience Store only,1,Single record,0.0,1,High,False
madrid,MAD_LOC_001595,40.4079737102105,-3.69716506364932,1,1,Ctt Express,"C. de Argumosa, 24, Local 20",Alimentacion Xu,False,False,False,False,False,False,True,False,5,Convenience Store only,1,Single record,0.0,1,High,False
madrid,MAD_LOC_001596,40.4095805210812,-3.70266063384377,1,1,Ctt Express,"C. del Amparo, 47",Faiza Money Transfer,False,False,False,False,False,False,True,False,5,Convenience Store only,1,Single record,0.0,1,High,False
madrid,MAD_LOC_001597,40.4092141559268,-3.70202664567132,1,1,Ctt Express,"C. del Sombrerete, 6",Coco Hub,False,False,False,False,False,False,True,False,5,Convenience Store only,1,Single record,0.0,1,High,False
madrid,MAD_LOC_001598,40.4088134535351,-3.70130958169242,1,1,Ctt Express,"Pl. de Lavapiés, 8, Local Izda",M.N.B Telecom Telecom,False,False,False,False,False,False,True,False,5,Convenience Store only,1,Single record,0.0,1,High,False
madrid,MAD_LOC_001599,40.4223229338223,-3.7103561798356,1,1,Ctt Express,"C. de Leganitos, 22",Ciber Jisu,False,False,False,False,False,False,True,False,5,Convenience Store only,1,Single record,0.0,1,High,False
madrid,MAD_LOC_001600,40.4193347944124,-3.70804423194987,1,1,Ctt Express,"Cost.a de los Ángeles, 12",Ciber Internet Locutorio,False,False,False,False,False,False,True,False,5,Convenience Store only,1,Single record,0.0,1,High,False
madrid,MAD_LOC_001601,40.4051108393875,-3.68175229380098,1,1,Ctt Express,"C. de Gutenberg, 3",Tienda Abierta,False,False,False,False,False,False,True,False,5,Convenience Store only,1,Single record,0.0,1,High,False
madrid,MAD_LOC_001602,40.4068970537035,-3.68184370839962,1,1,Ctt Express,"C. Andrés Torrejón, 10",Tu Maskota Chula,False,False,False,False,False,False,True,False,5,Convenience Store only,1,Single record,0.0,1,High,False
madrid,MAD_LOC_001603,40.42136531792425,-3.70102794380288,2,2,Ctt Express | Gls,"C. de las Infantas, 1",Ps Moex Fuencarral | Sae Vigo,False,False,False,False,False,False,True,False,5,Convenience Store only,3,"Multiple companies, single service",6.2,1,High,False
madrid,MAD_LOC_001604,40.4346347924142,-3.71766216004798,1,1,Ctt Express,"C. de Fernando el Católico, 77",Estanco Moncloa,False,False,False,False,False,False,True,False,5,Convenience Store only,1,Single record,0.0,1,High,False
madrid,MAD_LOC_001605,40.4356970309137,-3.71503781857151,1,1,Ctt Express,"C. de Fernández de los Ríos, 77",Debuenatinta Chamberi,False,False,False,False,False,False,True,False,5,Convenience Store only,1,Single record,0.0,1,High,False
madrid,MAD_LOC_001606,40.4314435092732,-3.7149343444117,1,1,Ctt Express,"C. de Andrés Mellado, 5",Tecniclub,False,False,False,False,False,False,True,False,5,Convenience Store only,1,Single record,0.0,1,High,False
madrid,MAD_LOC_001607,40.4340088482168,-3.71491996831723,1,1,Ctt Express,"C. de Meléndez Valdés, 52",New Technology,False,False,False,False,False,False,True,False,5,Convenience Store only,1,Single record,0.0,1,High,False
madrid,MAD_LOC_001608,40.4352474342956,-3.71331855218587,1,1,Ctt Express,"C. de Guzmán el Bueno, 57",Bd Technology,False,False,False,False,False,False,True,False,5,Convenience Store only,1,Single record,0.0,1,High,False
madrid,MAD_LOC_001609,40.4320601410331,-3.71106832330499,1,1,Ctt Express,"C. de Rodríguez San Pedro, 32",Pixel Store,False,False,False,False,False,False,True,False,5,Convenience Store only,1,Single record,0.0,1,High,False
madrid,MAD_LOC_001610,40.4225426878143,-3.62759327773632,1,1,Ctt Express,"C. de Pepe Isbert, 12",Faces,False,False,False,False,False,False,True,False,5,Convenience Store only,1,Single record,0.0,1,High,False
madrid,MAD_LOC_001611,40.4306157538098,-3.641404431524375,2,2,Ctt Express | Gls,"C. de Gutierre de Cetina, 73",Origen Place. | Ps Origen Place,False,False,False,False,False,False,True,False,5,Convenience Store only,3,"Multiple companies, single service",8.23,1,High,False
madrid,MAD_LOC_001612,40.4252571802715,-3.65241329540133,1,1,Ctt Express,"Av. del Marqués de Corbera, 40",Esencias Y Aromas Ecuador Sl,False,False,False,False,False,False,True,False,5,Convenience Store only,1,Single record,0.0,1,High,False
madrid,MAD_LOC_001613,40.4255017704189,-3.65618832541635,1,1,Ctt Express,"C. Montejurra, 25",Bar Felipe,False,False,False,False,False,False,True,False,5,Convenience Store only,1,Single record,0.0,1,High,False
madrid,MAD_LOC_001614,40.3933251282905,-3.66016302490846,1,1,Ctt Express,"C. Sierra del Cadí, 1",Nss Locutorio,False,False,False,False,False,False,True,False,5,Convenience Store only,1,Single record,0.0,1,High,False
madrid,MAD_LOC_001615,40.3859991223788,-3.66624761561727,1,1,Ctt Express,"C. de Carlos Martín Álvarez, 75",Alimentacion E Informatica,False,False,False,False,False,False,True,False,5,Convenience Store only,1,Single record,0.0,1,High,False
madrid,MAD_LOC_001616,40.3823677680504,-3.66771106658214,1,1,Ctt Express,"C. del Vizconde de Arlessón, 45",Umer Locutorio.,False,False,False,False,False,False,True,False,5,Convenience Store only,1,Single record,0.0,1,High,False
madrid,MAD_LOC_001617,40.381703729836,-3.66732285187913,1,1,Ctt Express,"C. Carlos Aurioles, 37",Euroconexion Balbaran,False,False,False,False,False,False,True,False,5,Convenience Store only,1,Single record,0.0,1,High,False
madrid,MAD_LOC_001618,40.3875481565387,-3.66449551265754,1,1,Ctt Express,"C. del Puerto de la Bonaigua, 30",Rizq Digital Accesorios De Movil,False,False,False,False,False,False,True,False,5,Convenience Store only,1,Single record,0.0,1,High,False
madrid,MAD_LOC_001619,40.3916005275817,-3.65792542379187,1,1,Ctt Express,"C. Teniente Muñoz Díaz, 2",D ́Moda Peluqueros,False,False,False,False,False,False,True,False,5,Convenience Store only,1,Single record,0.0,1,High,False
madrid,MAD_LOC_001620,40.3831890133557,-3.66829288155831,1,1,Ctt Express,"C. de la Imagen, 34",Gsm Reparación,False,False,False,False,False,False,True,False,5,Convenience Store only,1,Single record,0.0,1,High,False
madrid,MAD_LOC_001621,40.3914301267395,-3.71533173320022,1,1,Ctt Express,"C. de Antonio de Leyva, 41",Supermercado,False,False,False,False,False,False,True,False,5,Convenience Store only,1,Single record,0.0,1,High,False
madrid,MAD_LOC_001622,40.3920335982909,-3.72408492476223,1,1,Ctt Express,"C. del Camino Viejo de Leganés, 23",S&H Líquidaciones,False,False,False,False,False,False,True,False,5,Convenience Store only,1,Single record,0.0,1,High,False
madrid,MAD_LOC_001623,40.3865476393399,-3.72836375226449,1,1,Ctt Express,"Av. de Oporto, 59",Mobile Bazar,False,False,False,False,False,False,True,False,5,Convenience Store only,1,Single record,0.0,1,High,False
madrid,MAD_LOC_001624,40.3973707390206,-3.71513647274172,1,1,Ctt Express,"Gta. Marqués de Vadillo, 1",My Phone,False,False,False,False,False,False,True,False,5,Convenience Store only,1,Single record,0.0,1,High,False
madrid,MAD_LOC_001625,40.4569661923848,-3.69920167640965,1,1,Ctt Express,"C. de San Germán, 39",Pruebas Internas Celeritas,False,False,False,False,False,False,True,False,5,Convenience Store only,1,Single record,0.0,1,High,False
madrid,MAD_LOC_001626,40.4500859108234,-3.77287156874291,1,1,Ctt Express,"C. del Seis de Diciembre, 24",Bar Galco,False,False,False,False,False,False,True,False,5,Convenience Store only,1,Single record,0.0,1,High,False
madrid,MAD_LOC_001627,40.3970936397595,-3.76559637432183,1,1,Ctt Express,"C. de Illescas, 5",Kiosco De Prensa Illescas,False,False,False,False,False,False,True,False,5,Convenience Store only,1,Single record,0.0,1,High,False
madrid,MAD_LOC_001628,40.3976331006045,-3.76436550258366,1,1,Ctt Express,"C. de Seseña, 69, LOCAL 1",Locutorio El Ambar,False,False,False,False,False,False,True,False,5,Convenience Store only,1,Single record,0.0,1,High,False
madrid,MAD_LOC_001629,40.3875356534778,-3.743553893226215,2,2,Ctt Express | UPS,"P.o de Marcelino Camacho, 54",Full-Locutorio Internet | Locutorio Internet.,False,False,False,False,False,False,True,False,5,Convenience Store only,3,"Multiple companies, single service",3.22,1,High,False
madrid,MAD_LOC_001630,40.3881958141235,-3.74237459703963,1,1,Ctt Express,"C. San Sinesio, 2",Viva Componentes,False,False,False,False,False,False,True,False,5,Convenience Store only,1,Single record,0.0,1,High,False
madrid,MAD_LOC_001631,40.3870931197486,-3.70097776621976,1,1,Ctt Express,"C. de Marcelo Usera, 15",Gift Center,False,False,False,False,False,False,True,False,5,Convenience Store only,1,Single record,0.0,1,High,False
madrid,MAD_LOC_001632,40.3884050442052,-3.7009071266111,1,1,Ctt Express,"C. de Amparo Usera, 8",Mini Market Usera,False,False,False,False,False,False,True,False,5,Convenience Store only,1,Single record,0.0,1,High,False
madrid,MAD_LOC_001633,40.386052180452154,-3.70249043924417,2,2,Ctt Express | UPS,"C. de Manuel Muñoz, 6 | C. del Olvido, 29",Parada Amarilla | Parada Amarilla Olvido,False,False,False,False,False,False,True,False,5,Convenience Store only,3,"Multiple companies, single service",23.57,2,Medium,False
madrid,MAD_LOC_001634,40.386106624732,-3.70588616897053,1,1,Ctt Express,"C. de Marcelo Usera, 78",Zona Movil Usera,False,False,False,False,False,False,True,False,5,Convenience Store only,1,Single record,0.0,1,High,False
madrid,MAD_LOC_001635,40.386920814512,-3.7090463876411,1,1,Ctt Express,"C. de Gabriel Usera, 6",Arvi Travel Viajes,False,False,False,False,False,False,True,False,5,Convenience Store only,1,Single record,0.0,1,High,False
madrid,MAD_LOC_001636,40.4360721441831,-3.64703374187379,2,2,Ctt Express | UPS,"C. de Emilio Gastesi Fernández, 22",Bar Cafe 204 | Cafe 204,False,False,False,False,False,False,True,False,5,Convenience Store only,3,"Multiple companies, single service",20.11,2,Medium,False
madrid,MAD_LOC_001637,40.43450515063755,-3.648512022666875,2,2,Ctt Express | Gls,"C. de Elfo, 76 | Calle de Elfo 76 Local 6",El Manantial | Ps Manantial,False,False,False,False,False,False,True,False,5,Convenience Store only,3,"Multiple companies, single service",31.44,3,Review,True
madrid,MAD_LOC_001638,40.4321404321663,-3.65549739735489,1,1,Ctt Express,"C. de Alcalá, 248, LOCAL 1",Barco Express 1 Alcala,False,False,False,False,False,False,True,False,5,Convenience Store only,1,Single record,0.0,1,High,False
madrid,MAD_LOC_001639,40.4258705672321,-3.66790400531377,1,1,Ctt Express,"C. de Hermosilla, 143",Locutorio Multiservicios,False,False,False,False,False,False,True,False,5,Convenience Store only,1,Single record,0.0,1,High,False
madrid,MAD_LOC_001640,40.4392762021136,-3.66321518785638,1,1,Ctt Express,"Av. de Bruselas, 53",Foto Express Bruselas,False,False,False,False,False,False,True,False,5,Convenience Store only,1,Single record,0.0,1,High,False
madrid,MAD_LOC_001641,40.4367293273415,-3.67019987920829,1,1,Ctt Express,"C. de Cartagena, 57",Sabway Madrid,False,False,False,False,False,False,True,False,5,Convenience Store only,1,Single record,0.0,1,High,False
madrid,MAD_LOC_001642,40.4365328880384,-3.67591914814398,1,1,Ctt Express,"C/ de Francisco Silvela, 76",Estanco 602,False,False,False,False,False,False,True,False,5,Convenience Store only,1,Single record,0.0,1,High,False
madrid,MAD_LOC_001643,40.475277147686,-3.71340576771475,1,1,Ctt Express,"C. de Ponferrada, 11",Kamikaze Freak Shop,False,False,False,False,False,False,True,False,5,Convenience Store only,1,Single record,0.0,1,High,False
madrid,MAD_LOC_001644,40.47656303947785,-3.71292834194769,2,1,Ctt Express,"C. de La Bañeza, 11 | C. de La Bañeza, 11, L10",Mini Market Las Delicias,False,False,False,False,False,False,True,False,5,Convenience Store only,2,"Same company, multiple records",27.24,2,Medium,False
madrid,MAD_LOC_001645,40.465192195047,-3.69598328721549,1,1,Ctt Express,"C. del Capitán Blanco Argibay, 10",Libr. D.Opportunities-World,False,False,False,False,False,False,True,False,5,Convenience Store only,1,Single record,0.0,1,High,False
madrid,MAD_LOC_001646,40.4802978516141,-3.70317432027502,1,1,Ctt Express,"Av. de Monforte de Lemos, 28",Kiosco Vaguada,False,False,False,False,False,False,True,False,5,Convenience Store only,1,Single record,0.0,1,High,False
madrid,MAD_LOC_001647,40.4768959272743,-3.71221093790969,1,1,Ctt Express,"C. de La Bañeza, 4",Locutorio Juan Colombo,False,False,False,False,False,False,True,False,5,Convenience Store only,1,Single record,0.0,1,High,False
madrid,MAD_LOC_001648,40.4084828445756,-3.63204071675476,1,1,Ctt Express,"C. de la Fuente Carrantona, 39",Kiosco Patri,False,False,False,False,False,False,True,False,5,Convenience Store only,1,Single record,0.0,1,High,False
madrid,MAD_LOC_001649,40.4108892255516,-3.65326839022223,1,1,Ctt Express,"C. del Camino de los Vinateros, 55",Balu Party.,False,False,False,False,False,False,True,False,5,Convenience Store only,1,Single record,0.0,1,High,False
madrid,MAD_LOC_001650,40.4025333889491,-3.64751550552865,1,1,Ctt Express,"C. del Corregidor Juan Francisco de Luján, 61",Variedades Genesis,False,False,False,False,False,False,True,False,5,Convenience Store only,1,Single record,0.0,1,High,False
madrid,MAD_LOC_001651,40.4030075478834,-3.66143509762219,1,1,Ctt Express,"C. de Sta. Marta, 22",Guanakos Express,False,False,False,False,False,False,True,False,5,Convenience Store only,1,Single record,0.0,1,High,False
madrid,MAD_LOC_001652,40.380316134867,-3.62268336476773,1,1,Ctt Express,"C. Villacampa, 2",Compro Oro City Finance,False,False,False,False,False,False,True,False,5,Convenience Store only,1,Single record,0.0,1,High,False
madrid,MAD_LOC_001653,40.374645918209,-3.61978268326824,1,1,Ctt Express,"C. del Congosto, 17, LOCAL 3",Lencería Villa De Vallecas,False,False,False,False,False,False,True,False,5,Convenience Store only,1,Single record,0.0,1,High,False
madrid,MAD_LOC_001654,40.3789918764877,-3.61953897606776,1,1,Ctt Express,"C. de la Gavia Seca, 22",Laf Burger Hot Dog,False,False,False,False,False,False,True,False,5,Convenience Store only,1,Single record,0.0,1,High,False
madrid,MAD_LOC_001655,40.3840365798718,-3.60607354023815,1,1,Ctt Express,"C. de Puentelarra, 1",Locutorio Puentelarra,False,False,False,False,False,False,True,False,5,Convenience Store only,1,Single record,0.0,1,High,False
madrid,MAD_LOC_001656,40.4214838631204,-3.61177835703138,1,1,Ctt Express,"Esquina con, C. de Aquitania, 91, C. de Dresde, 6",Fitnesszone - Todepi Sl,False,False,False,False,False,False,True,False,5,Convenience Store only,1,Single record,0.0,1,High,False
madrid,MAD_LOC_001657,40.49307478206395,-3.68713654366078,2,2,Ctt Express | UPS,"C. de las Islas Bermudas, 1 | Calle de Ntra. Sra. de Valverde, 21",Locunet Sl | Y&R Estilo Peluquería Dominicana,False,False,False,False,False,False,True,False,5,Convenience Store only,3,"Multiple companies, single service",10.0,1,High,False
madrid,MAD_LOC_001658,40.4942626668646,-3.6928543790908,1,1,Ctt Express,"C. de Badalona, 80",Locutorio El Grande,False,False,False,False,False,False,True,False,5,Convenience Store only,1,Single record,0.0,1,High,False
madrid,MAD_LOC_001659,40.475108209161,-3.72916323852488,1,1,Ctt Express,"C. de las Islas Aleutianas, 4",Bazar Aleutianas,False,False,False,False,False,False,True,False,5,Convenience Store only,1,Single record,0.0,1,High,False
madrid,MAD_LOC_001660,40.4208749029844,-3.69742402487873,1,1,Ctt Express,"C. de la Libertad, 8",Informatica Maben,False,False,False,False,False,False,True,False,5,Convenience Store only,1,Single record,0.0,1,High,False
madrid,MAD_LOC_001661,40.4287563217082,-3.62648690375382,1,1,Ctt Express,"C. Zumel, 1",Expendeduria 253,False,False,False,False,False,False,True,False,5,Convenience Store only,1,Single record,0.0,1,High,False
madrid,MAD_LOC_001662,40.4311739129942,-3.63185916637242,1,1,Ctt Express,"C. de los Hermanos García Noblejas, 49",Kiosco Prensa Juan Pablo,False,False,False,False,False,False,True,False,5,Convenience Store only,1,Single record,0.0,1,High,False
madrid,MAD_LOC_001663,40.4241117285119,-3.62287529219693,1,1,Ctt Express,"C. de los Maquileros, 7",Centro De Estética Elite By Gisela Villasmil,False,False,False,False,False,False,True,False,5,Convenience Store only,1,Single record,0.0,1,High,False
madrid,MAD_LOC_001664,40.3999607730379,-3.66696760931811,1,1,Ctt Express,"Av. de Peña Prieta, 26",Multiservicios Maldonado,False,False,False,False,False,False,True,False,5,Convenience Store only,1,Single record,0.0,1,High,False
madrid,MAD_LOC_001665,40.3993742435709,-3.66778082574815,1,1,Ctt Express,"Av. de Peña Prieta, 16",Locutorio Multiservicio,False,False,False,False,False,False,True,False,5,Convenience Store only,1,Single record,0.0,1,High,False
madrid,MAD_LOC_001666,40.3953990206611,-3.66273912182957,1,1,Ctt Express,"C. Picos de Europa, 1",Rincon De Paqueteria,False,False,False,False,False,False,True,False,5,Convenience Store only,1,Single record,0.0,1,High,False
madrid,MAD_LOC_001667,40.3951857272982,-3.66240345989113,1,1,Ctt Express,"Av. de la Albufera, 77",Locutorio Alimentacion Yani,False,False,False,False,False,False,True,False,5,Convenience Store only,1,Single record,0.0,1,High,False
madrid,MAD_LOC_001668,40.3911176229394,-3.64187829274884,1,1,Ctt Express,"Av. de Pablo Neruda, 15, LOCAL 4",Kallpa Neruda,False,False,False,False,False,False,True,False,5,Convenience Store only,1,Single record,0.0,1,High,False
madrid,MAD_LOC_001669,40.3937701867058,-3.66062649818203,1,1,Ctt Express,"Av. de la Albufera, 104",Tech Movil 2,False,False,False,False,False,False,True,False,5,Convenience Store only,1,Single record,0.0,1,High,False
madrid,MAD_LOC_001670,40.4621866795619,-3.70030476615219,1,1,Ctt Express,"Calle del Marqués de Viana, 18",Kiosko 18,False,False,False,False,False,False,True,False,5,Convenience Store only,1,Single record,0.0,1,High,False
madrid,MAD_LOC_001671,40.4543834751664,-3.70712209253334,1,1,Ctt Express,"C. de Jerónima Llorente, 43",Bazar Shirokuro,False,False,False,False,False,False,True,False,5,Convenience Store only,1,Single record,0.0,1,High,False
madrid,MAD_LOC_001672,40.4527758155475,-3.7040728639582,1,1,Ctt Express,"C. Goiri, 9",Alimentacion Goiri,False,False,False,False,False,False,True,False,5,Convenience Store only,1,Single record,0.0,1,High,False
madrid,MAD_LOC_001673,40.4604093209694,-3.70177762111286,1,1,Ctt Express,"C. de la Hierbabuena, 15",Geomil Hierbabuena,False,False,False,False,False,False,True,False,5,Convenience Store only,1,Single record,0.0,1,High,False
madrid,MAD_LOC_001674,40.4635239765611,-3.69751024814187,1,1,Ctt Express,"C. de las Azucenas, 6",3 Hermanas Alimentacion,False,False,False,False,False,False,True,False,5,Convenience Store only,1,Single record,0.0,1,High,False
madrid,MAD_LOC_001675,40.4546538556919,-3.70727015187339,1,1,Ctt Express,"C. de Jerónima Llorente, 38",Locutorio Katty,False,False,False,False,False,False,True,False,5,Convenience Store only,1,Single record,0.0,1,High,False
madrid,MAD_LOC_001676,40.4481892734735,-3.70475552751024,1,1,Ctt Express,"Calle del Dr. Santero, 8",Aguila Multiservicios,False,False,False,False,False,False,True,False,5,Convenience Store only,1,Single record,0.0,1,High,False
madrid,MAD_LOC_001677,40.4470861549122,-3.7122402344706,1,1,Ctt Express,"C. de los Estudiantes, 4, Local 3",Tecmovil,False,False,False,False,False,False,True,False,5,Convenience Store only,1,Single record,0.0,1,High,False
madrid,MAD_LOC_001678,40.3551458451431,-3.69803391102784,1,1,Ctt Express,"C. de la del Manojo de Rosas, 80",Locutorio Daneza.,False,False,False,False,False,False,True,False,5,Convenience Store only,1,Single record,0.0,1,High,False
madrid,MAD_LOC_001679,40.3605884178512,-3.69505900253444,1,1,Ctt Express,"C. Pan y Toros, 6",Skyler Multiservice Pan Y Toros.,False,False,False,False,False,False,True,False,5,Convenience Store only,1,Single record,0.0,1,High,False
madrid,MAD_LOC_001680,40.3600001486794,-3.69702740172829,1,1,Ctt Express,"C. la Chulapona, 3",Coviran,False,False,False,False,False,False,True,False,5,Convenience Store only,1,Single record,0.0,1,High,False
madrid,MAD_LOC_001681,40.3562158513798,-3.69124691792972,1,1,Ctt Express,"C. de Villajoyosa, 78",Móviles Kebegsm,False,False,False,False,False,False,True,False,5,Convenience Store only,1,Single record,0.0,1,High,False
madrid,MAD_LOC_001682,40.3555836495422,-3.69087928917398,1,1,Ctt Express,"C. de Villajoyosa, 71",Merceria Tres Puntadas,False,False,False,False,False,False,True,False,5,Convenience Store only,1,Single record,0.0,1,High,False
madrid,MAD_LOC_001683,40.374774677331104,-3.691534740556855,2,2,Ctt Express | Gls,"C/ de la Giralda, 5",Ecuazaruma Sociedad Limitada | Ps Locutorio M And I,False,False,False,False,False,False,True,False,5,Convenience Store only,3,"Multiple companies, single service",3.78,1,High,False
madrid,MAD_LOC_001684,40.3524879745462,-3.69683194897013,1,1,Ctt Express,"C. Arechavaleta, 36, LOCAL 3",Moda Arabe Europea,False,False,False,False,False,False,True,False,5,Convenience Store only,1,Single record,0.0,1,High,False
madrid,MAD_LOC_001685,40.472058057213346,-3.58034744756566,2,2,Ctt Express | Nacex,"C. Canal de Suez, 9",Consentirme | Consentirme (2881-09),False,False,False,False,False,False,True,False,5,Convenience Store only,3,"Multiple companies, single service",10.61,1,High,False
madrid,MAD_LOC_001686,40.4730102032775,-3.57857024515919,1,1,Ctt Express,"C. de Saturno, 26",Fi@C,False,False,False,False,False,False,True,False,5,Convenience Store only,1,Single record,0.0,1,High,False
madrid,MAD_LOC_001687,40.4704683801671,-3.6443191178814,1,1,Ctt Express,"C. Belianes, 30",Hiper Euro,False,False,False,False,False,False,True,False,5,Convenience Store only,1,Single record,0.0,1,High,False
madrid,MAD_LOC_001688,40.4703966218106,-3.65160417643754,1,1,Ctt Express,"C. de López de Hoyos, 363",Alimentación Mi Barrio,False,False,False,False,False,False,True,False,5,Convenience Store only,1,Single record,0.0,1,High,False
madrid,MAD_LOC_001689,40.4669734798851,-3.63079773555008,1,1,Ctt Express,"C. de las Pedroñeras, 40",Sitio De Encuentro,False,False,False,False,False,False,True,False,5,Convenience Store only,1,Single record,0.0,1,High,False
madrid,MAD_LOC_001690,40.463767271691,-3.64945891367488,1,1,Ctt Express,"C. de Pegaso, 5",Peluquería Estética Camerino,False,False,False,False,False,False,True,False,5,Convenience Store only,1,Single record,0.0,1,High,False
madrid,MAD_LOC_001691,40.3676358611753,-3.76103139453938,1,1,Ctt Express,"C. de Carolina Baeza, 2, BJ",Locutorio Internacional,False,False,False,False,False,False,True,False,5,Convenience Store only,1,Single record,0.0,1,High,False
madrid,MAD_LOC_001692,40.3952204605438,-3.69495409435542,1,1,Ctt Express,"C. de Embajadores, 169",Estefania Travel,False,False,False,False,False,False,True,False,5,Convenience Store only,1,Single record,0.0,1,High,False
madrid,MAD_LOC_001693,40.3959823104471,-3.69864299921062,1,1,Ctt Express,"C. de Jaime el Conquistador, 38",Kma Informatica,False,False,False,False,False,False,True,False,5,Convenience Store only,1,Single record,0.0,1,High,False
madrid,MAD_LOC_001694,40.4004829427192,-3.69862706555983,1,1,Ctt Express,"C. de Embajadores, 89",Locutorio Tecnologia,False,False,False,False,False,False,True,False,5,Convenience Store only,1,Single record,0.0,1,High,False
madrid,MAD_LOC_001695,40.4055988392429,-3.6931089195872,1,1,Ctt Express,"Paseo de las Delicias, 17",Cbweed Delicias,False,False,False,False,False,False,True,False,5,Convenience Store only,1,Single record,0.0,1,High,False
madrid,MAD_LOC_001696,40.4067989067715,-3.69376638810281,1,1,Ctt Express,"P.o de Sta. María de la Cabeza, 3",Tuink Madrid Atocha,False,False,False,False,False,False,True,False,5,Convenience Store only,1,Single record,0.0,1,High,False
madrid,MAD_LOC_001697,40.387203495264,-3.74549991100322,1,1,Ctt Express,"C. José Macías, 3",El Paraiso.,False,False,False,False,False,False,True,False,5,Convenience Store only,1,Single record,0.0,1,High,False
madrid,MAD_LOC_001698,40.5191780364821,-3.67599310382777,1,1,Ctt Express,"Ctra. Fuencarral a Alcobendas, 16",Farmacia La Boticaria Las Tablas,False,False,False,False,False,False,True,False,5,Convenience Store only,1,Single record,0.0,1,High,False
madrid,MAD_LOC_001699,40.5057581681183,-3.69780760691666,1,1,Ctt Express,"C. del Monasterio de Caaveiro, 13",Cámara Centro Óptico Y Auditivo Montecarmelo,False,False,False,False,False,False,True,False,5,Convenience Store only,1,Single record,0.0,1,High,False
madrid,MAD_LOC_001700,40.4928841267134,-3.65528502137479,1,1,Ctt Express,"C. del Príncipe Carlos, 17",El Principito,False,False,False,False,False,False,True,False,5,Convenience Store only,1,Single record,0.0,1,High,False
madrid,MAD_LOC_001701,40.3653515969629,-3.60012895170968,1,1,Ctt Express,"C. de Bernardino de Pantorba, 18",Weiphone,False,False,False,False,False,False,True,False,5,Convenience Store only,1,Single record,0.0,1,High,False
madrid,MAD_LOC_001702,40.3865216008915,-3.66762167193129,1,1,Ctt Express,"C. del Puerto de Arlabán, 46",Panadería Ela,False,False,False,False,False,False,True,False,5,Convenience Store only,1,Single record,0.0,1,High,False
madrid,MAD_LOC_001703,40.3952558901783,-3.66469517173525,1,1,Ctt Express,"C. del Puerto de Pajares, 10",Joldi Service Pajares,False,False,False,False,False,False,True,False,5,Convenience Store only,1,Single record,0.0,1,High,False
madrid,MAD_LOC_001704,40.3960764588956,-3.66745352540741,1,1,Ctt Express,"C/ de Peña Gorbea, 11",Locutorio Vanessa,False,False,False,False,False,False,True,False,5,Convenience Store only,1,Single record,0.0,1,High,False
madrid,MAD_LOC_001705,40.3927049701306,-3.66599468674406,1,1,Ctt Express,"C. de Martínez de la Riva, 36",Digame Locutorio,False,False,False,False,False,False,True,False,5,Convenience Store only,1,Single record,0.0,1,High,False
madrid,MAD_LOC_001706,40.3949084890569,-3.6667229561894,1,1,Ctt Express,"C. de Martínez de la Riva, 25",Baba Mobile Shop,False,False,False,False,False,False,True,False,5,Convenience Store only,1,Single record,0.0,1,High,False
madrid,MAD_LOC_001707,40.3972616240269,-3.66797585575413,1,1,Ctt Express,"C. Antonia Calas, 17",Estanco La Presilla,False,False,False,False,False,False,True,False,5,Convenience Store only,1,Single record,0.0,1,High,False
madrid,MAD_LOC_001708,40.3726086167827,-3.74058529561338,1,1,Ctt Express,"C. Dobla, 4",D Kiko Frutas Y Verduras,False,False,False,False,False,False,True,False,5,Convenience Store only,1,Single record,0.0,1,High,False
madrid,MAD_LOC_001709,40.4087784133986,-3.71018380904547,1,1,Gls,"C. de Toledo, 107",Ps Prink Calle Toledo,False,False,False,False,False,False,True,False,5,Convenience Store only,1,Single record,0.0,1,High,False
madrid,MAD_LOC_001710,40.4094657288093,-3.71972029379444,1,1,Gls,"C. de Juan Duque, 42",Ps Ama Nacer,False,False,False,False,False,False,True,False,5,Convenience Store only,1,Single record,0.0,1,High,False
madrid,MAD_LOC_001711,40.4226006355577,-3.68190339222371,2,1,Gls,"C. de Villanueva, 43",Gls Parcel Shop | Lockers Pdn Gls Villanueva,True,True,False,False,False,False,False,False,3,Locker and PUDO,2,"Same company, multiple records",0.0,1,High,False
madrid,MAD_LOC_001712,40.4424720997386,-3.67285555103697,1,1,Gls,"C. de la Constancia, 31",Gls Prosperidad - Cp Reparto 28002,False,True,False,False,False,False,False,False,2,PUDO only,1,Single record,0.0,1,High,False
madrid,MAD_LOC_001713,40.4281055831042,-3.70647618138126,1,1,Gls,"C. de San Bernardo, 81",Lockers Gls 245 Chueca,True,False,False,False,False,False,False,False,1,Locker only,1,Single record,0.0,1,High,False
madrid,MAD_LOC_001714,40.4245454386625,-3.70131104628469,1,1,Gls,"C. de Sta. Bárbara, 6",Gls Parcel Shop,False,True,False,False,False,False,False,False,2,PUDO only,1,Single record,0.0,1,High,False
madrid,MAD_LOC_001715,40.43882570947515,-3.6783158164735648,2,1,Gls,"C/ de Francisco Silvela, 96",Ps Multiservicios Silvela,False,False,False,False,False,False,True,False,5,Convenience Store only,2,"Same company, multiple records",2.87,1,High,False
madrid,MAD_LOC_001716,40.4303979142041,-3.67349332877909,1,1,Gls,"C. de José Ortega y Gasset, 69",Ps Kiosko Gutierrez,False,False,False,False,False,False,True,False,5,Convenience Store only,1,Single record,0.0,1,High,False
madrid,MAD_LOC_001717,40.4157248192409,-3.6763698243654,1,1,Gls,"C. del Doce de Octubre, 12",Gls,False,True,False,False,False,False,False,False,2,PUDO only,1,Single record,0.0,1,High,False
madrid,MAD_LOC_001718,40.4260130044478,-3.67337598722473,1,1,Gls,"C. de Alcalá, 114",Ps Kiosko Morrison,False,False,False,False,False,False,True,False,5,Convenience Store only,1,Single record,0.0,1,High,False
madrid,MAD_LOC_001719,40.4087637799486,-3.70486958911287,1,1,Gls,"C. de Embajadores, 46",Ps Te Y Aromas,False,False,False,False,False,False,True,False,5,Convenience Store only,1,Single record,0.0,1,High,False
madrid,MAD_LOC_001720,40.4344231797541,-3.70556384661483,1,1,Gls,"C/ de Magallanes, 24",Gls/ Solo 28040 Madrid,False,True,False,False,False,False,False,False,2,PUDO only,1,Single record,0.0,1,High,False
madrid,MAD_LOC_001721,40.4342363768243,-3.71685239654565,1,1,Gls,"C. de Hilarión Eslava, 21",Ps Estanco Moncloa,False,False,False,False,False,False,True,False,5,Convenience Store only,1,Single record,0.0,1,High,False
madrid,MAD_LOC_001722,40.4360464641775,-3.71604081604061,1,1,Gls,"C. de Fernández de los Ríos, 85",Ps Movil Diagnostico De Los Rios,False,False,False,False,False,False,True,False,5,Convenience Store only,1,Single record,0.0,1,High,False
madrid,MAD_LOC_001723,40.4585540539119,-3.69416570743302,1,1,Gls,"C. de Orense, 54",Gls Azca Agencia 595,False,True,False,False,False,False,False,False,2,PUDO only,1,Single record,0.0,1,High,False
madrid,MAD_LOC_001724,40.4286888830805,-3.66587409285256,1,1,Gls,"C. de Pedro Heredia, 5",Gls,False,True,False,False,False,False,False,False,2,PUDO only,1,Single record,0.0,1,High,False
madrid,MAD_LOC_001725,40.4730822984188,-3.69006119800015,1,1,Gls,"C/ del Marqués de Encinares, 7",Gls,False,True,False,False,False,False,False,False,2,PUDO only,1,Single record,0.0,1,High,False
madrid,MAD_LOC_001726,40.467670438273,-3.69584179902369,1,1,Gls,"C. de Antonio, 25",Gls,False,True,False,False,False,False,False,False,2,PUDO only,1,Single record,0.0,1,High,False
madrid,MAD_LOC_001727,40.4794553637859,-3.70472310778365,1,1,Gls,"Esquina Av.Monforte de Lemos y, C. de Ginzo de Limia",Ps Kiosco De Prensa Vaguada,False,False,False,False,False,False,True,False,5,Convenience Store only,1,Single record,0.0,1,High,False
madrid,MAD_LOC_001728,40.4778219129334,-3.7106683027172203,2,2,Gls | UPS,"Pl. de Ribadeo, 1",Max Envios Locutorio | Ps Max Envios,False,False,False,False,False,False,True,False,5,Convenience Store only,3,"Multiple companies, single service",16.32,2,Medium,False
madrid,MAD_LOC_001729,40.4784755569756,-3.71368735311866,1,1,Gls,"C. del Puerto de Maspalomas, 12",Ps Guacanda,False,False,False,False,False,False,True,False,5,Convenience Store only,1,Single record,0.0,1,High,False
madrid,MAD_LOC_001730,40.4680561998743,-3.68634989473218,1,1,Gls,"C. de Enrique Larreta, 6",Ps Alma Verde,False,False,False,False,False,False,True,False,5,Convenience Store only,1,Single record,0.0,1,High,False
madrid,MAD_LOC_001731,40.4556516331762,-3.68925754298437,1,1,Gls,"C. de Manuel de Falla, 2",Ps Carlin Bernabeu,False,False,False,False,False,False,True,False,5,Convenience Store only,1,Single record,0.0,1,High,False
madrid,MAD_LOC_001732,40.4633683983379,-3.71808515156287,1,1,Gls,"C. de Artajona, 15",Ps Multiservicios Isamar-Locutorio,False,False,False,False,False,False,True,False,5,Convenience Store only,1,Single record,0.0,1,High,False
madrid,MAD_LOC_001733,40.401801965214,-3.69170879629151,1,1,Gls,"C. de Canarias, 44, Arganzuela",Gls,False,True,False,False,False,False,False,False,2,PUDO only,1,Single record,0.0,1,High,False
madrid,MAD_LOC_001734,40.4051759729452,-3.69173585338966,1,1,Gls,"C. de Rafael de Riego, 5",Ps Guarderia De Maletas,False,False,False,False,False,False,True,False,5,Convenience Store only,1,Single record,0.0,1,High,False
madrid,MAD_LOC_001735,40.369262720435,-3.7084376578903,2,2,Gls | UPS,"C. Gran Avenida, 18",Kanguro Armeria Gran Avenida | Ps Armeria Gran Avenida,False,False,False,False,False,False,True,False,5,Convenience Store only,3,"Multiple companies, single service",29.8,2,Medium,False
madrid,MAD_LOC_001736,40.3535775479481,-3.69510142746101,1,1,Gls,"C. de la Alegría de la Huerta, 37",Ps Electrodomesticos Bowen,False,False,False,False,False,False,True,False,5,Convenience Store only,1,Single record,0.0,1,High,False
madrid,MAD_LOC_001737,40.3485134246899,-3.73124755519031,1,1,Gls,"C. Puerto de Pajares, 30",Agencia La Latina 396,False,True,False,False,False,False,False,False,2,PUDO only,1,Single record,0.0,1,High,False
madrid,MAD_LOC_001738,40.3483158655882,-3.7337773551027,1,1,Gls,"C. Puerto de Pajares, 29",Agencia 288 Pinto,False,True,False,False,False,False,False,False,2,PUDO only,1,Single record,0.0,1,High,False
madrid,MAD_LOC_001739,40.3488616831429,-3.73310385986034,1,1,Gls,Calle Puerto de Pajares 36,Agencia Leganes Norte 1019,False,True,False,False,False,False,False,False,2,PUDO only,1,Single record,0.0,1,High,False
madrid,MAD_LOC_001740,40.4085819402745,-3.73435494161236,1,1,Gls,Paseo de los Jesuitas 51,Agencia 1170 Casa De Campo,False,True,False,False,False,False,False,False,2,PUDO only,1,Single record,0.0,1,High,False
madrid,MAD_LOC_001741,40.405399390265345,-3.742372438216605,2,1,Gls,Calle Higueras 36 | Calle de la Huerta de Castañeda 40,Ps J.L.S. Pinturas | Ps Mercachip,False,False,False,False,False,False,True,False,5,Convenience Store only,2,"Same company, multiple records",2.15,1,High,False
madrid,MAD_LOC_001742,40.3905174427591,-3.72007081610103,1,1,Gls,Calle de Belmonte de Tajo 63,Agencia Arganzuela 612,False,True,False,False,False,False,False,False,2,PUDO only,1,Single record,0.0,1,High,False
madrid,MAD_LOC_001743,40.3888200811248,-3.74029882964543,1,1,Gls,Calle de la Oca 71,Ps Zapp Oca,False,False,False,False,False,False,True,False,5,Convenience Store only,1,Single record,0.0,1,High,False
madrid,MAD_LOC_001744,40.3872666739948,-3.73923071954048,1,1,Gls,Calle de Matilde Hernández CENTRO COMERCIAL PUERTA BONITO,Ps Charcuteria Frey,False,False,False,False,False,False,True,False,5,Convenience Store only,1,Single record,0.0,1,High,False
madrid,MAD_LOC_001745,40.3865411855085,-3.74543608975668,1,1,Gls,Calle Guabairo 11,Agencia Vista Alegre 286,False,True,False,False,False,False,False,False,2,PUDO only,1,Single record,0.0,1,High,False
madrid,MAD_LOC_001746,40.3724241139469,-3.75493514532496,1,1,Gls,Calle Redentor 21,Ps Zapateria Angel,False,False,False,False,False,False,True,False,5,Convenience Store only,1,Single record,0.0,1,High,False
madrid,MAD_LOC_001747,40.3662752104256,-3.74766276161789,1,1,Gls,Calle del Haya 14 nave A,Agencia Carabanchel 399,False,True,False,False,False,False,False,False,2,PUDO only,1,Single record,0.0,1,High,False
madrid,MAD_LOC_001748,40.3822449224996,-3.7305050332328,1,1,Gls,Camino Viejo de Leganés 171,Ps Locutorio Neizor,False,False,False,False,False,False,True,False,5,Convenience Store only,1,Single record,0.0,1,High,False
madrid,MAD_LOC_001749,40.419648095504996,-3.797113578202745,2,2,Gls | Pudo,"C. Barlovento, 30 | Calle Barlovento 30",C.C. Zoco Pozuelo | Ps Lucia & Co Nuevo,False,False,True,False,False,False,True,False,7,Multiple services,4,"Multiple companies, multiple services",4.74,1,High,False
madrid,MAD_LOC_001750,40.4150664879259,-3.70681843101107,1,1,Gls,Plaza Mayor 2,Ps Libreria Zepol,False,False,False,False,False,False,True,False,5,Convenience Store only,1,Single record,0.0,1,High,False
madrid,MAD_LOC_001751,40.434947027165,-3.79677203221415,1,1,Gls,"Vía de las Dos Castillas, 17",Agencia Pozuelo 342,False,True,False,False,False,False,False,False,2,PUDO only,1,Single record,0.0,1,High,False
madrid,MAD_LOC_001752,40.4357133945733,-3.7981033809336,1,1,Gls,Carretera de Húmera 87,Ps Estanco Pozuelo,False,False,False,False,False,False,True,False,5,Convenience Store only,1,Single record,0.0,1,High,False
madrid,MAD_LOC_001753,40.431190497618545,-3.7354857795640646,2,1,Gls,Calle Santa Fe 1 | Calle de Newton Nave 16 Bloque E3,Agencia Aravaca New 755 | Ps Universal Grow,False,True,False,False,False,False,True,False,7,Multiple services,2,"Same company, multiple records",5.72,1,High,False
madrid,MAD_LOC_001754,40.3071403641858,-3.80589241052499,1,1,Gls,Calle del Monasterio de Samos 16 local,Agencia Montecarmelo 336,False,True,False,False,False,False,False,False,2,PUDO only,1,Single record,0.0,1,High,False
madrid,MAD_LOC_001755,40.4975073610605,-3.68536467017367,1,1,Gls,Calle Cristo de la Vera Cruz 47,Agencia Fuencarral New 1094,False,True,False,False,False,False,False,False,2,PUDO only,1,Single record,0.0,1,High,False
madrid,MAD_LOC_001756,40.4792899880834,-3.64585872494217,1,1,Gls,"C. de Sta. Susana, 30",Agencia Ofipinar 344,False,True,False,False,False,False,False,False,2,PUDO only,1,Single record,0.0,1,High,False
madrid,MAD_LOC_001757,40.4782690110104,-3.62950187138773,1,1,Gls,Calle Lavanda 7,Agencia 1181 Valdebebas,False,True,False,False,False,False,False,False,2,PUDO only,1,Single record,0.0,1,High,False
madrid,MAD_LOC_001758,40.4721713558462,-3.62970664087254,1,1,Gls,"C. de Tomás Redondo, 2",Agencia Arturo Soria 629,False,True,False,False,False,False,False,False,2,PUDO only,1,Single record,0.0,1,High,False
madrid,MAD_LOC_001759,40.4485099835971,-3.60944663088485,1,1,Gls,Calle de Alcalá 626,Ps Multicarlin S.L.,False,False,False,False,False,False,True,False,5,Convenience Store only,1,Single record,0.0,1,High,False
madrid,MAD_LOC_001760,40.4410822746637,-3.62351999628169,1,1,Gls,Calle Maratón 13-15,Agencia 358 Julian Camarillo,False,True,False,False,False,False,False,False,2,PUDO only,1,Single record,0.0,1,High,False
madrid,MAD_LOC_001761,40.4362683863479,-3.63146362296207,1,1,Gls,Calle de Albasanz 14 BIS B ( cp real 28037 ),Agencia Ciudad Lineal 823,False,True,False,False,False,False,False,False,2,PUDO only,1,Single record,0.0,1,High,False
madrid,MAD_LOC_001762,40.4319956672642,-3.63160423672401,1,1,Gls,"C. de Miguel Fleta, 9",Agencia El Cañaveral 284,False,True,False,False,False,False,False,False,2,PUDO only,1,Single record,0.0,1,High,False
madrid,MAD_LOC_001763,40.4298015074731,-3.64525761869321,1,1,Gls,"C. de Salas Barbadillo, 16",Agencia Chamartin 349,False,True,False,False,False,False,False,False,2,PUDO only,1,Single record,0.0,1,High,False
madrid,MAD_LOC_001764,40.4225722666931,-3.65453997829582,1,1,Gls,Calle de María Teresa Sáenz de Heredia 7,Ps Locutorio Orion 2,False,False,False,False,False,False,True,False,5,Convenience Store only,1,Single record,0.0,1,High,False
madrid,MAD_LOC_001765,40.4208062137995,-3.65186389801037,1,1,Gls,"C. San Lamberto, 13",Agencia 347 Las Cortes,False,True,False,False,False,False,False,False,2,PUDO only,1,Single record,0.0,1,High,False
madrid,MAD_LOC_001766,40.3802584496619,-3.63808973810181,1,1,Gls,Calle de la Maquinilla 27,Ps Agencia Estadio Vallecas 1018,False,False,False,False,False,False,True,False,5,Convenience Store only,1,Single record,0.0,1,High,False
madrid,MAD_LOC_001767,40.3766499866523,-3.64178310582997,1,1,Gls,"Calle de Luis I, 22",Agencia Albufera 326,False,True,False,False,False,False,False,False,2,PUDO only,1,Single record,0.0,1,High,False
madrid,MAD_LOC_001768,40.3703219993889,-3.65923532087489,1,1,Gls,"Reguera Tomateros, 117",Agencia Vallecas 633,False,True,False,False,False,False,False,False,2,PUDO only,1,Single record,0.0,1,High,False
madrid,MAD_LOC_001769,40.4243958282948,-3.67914347983376,1,1,Mail Boxes Etc,"C. de Espartinas, 8",Mbe 3007,False,True,False,False,False,False,False,False,2,PUDO only,1,Single record,0.0,1,High,False
madrid,MAD_LOC_001770,40.4234198944594,-3.70533763602286,1,1,Mail Boxes Etc,"C. de Pizarro, 20",Mbe 2980,False,True,False,False,False,False,False,False,2,PUDO only,1,Single record,0.0,1,High,False
madrid,MAD_LOC_001771,40.4042928509947,-3.70257686396694,1,1,Mail Boxes Etc,"C. de Martín de Vargas, 5",Mbe 2940,False,True,False,False,False,False,False,False,2,PUDO only,1,Single record,0.0,1,High,False
madrid,MAD_LOC_001772,40.40390323146271,-3.692069788263285,2,2,Mail Boxes Etc | UPS,"C. de Rafael de Riego, 17",Mail Boxes Etc 3227 | Mbe 3227,False,True,False,False,False,False,True,False,7,Multiple services,4,"Multiple companies, multiple services",3.62,1,High,False
madrid,MAD_LOC_001773,40.4356322334573,-3.66668775218796,1,1,Mail Boxes Etc,"C. de Azcona, 58",Mbe 0200,False,True,False,False,False,False,False,False,2,PUDO only,1,Single record,0.0,1,High,False
madrid,MAD_LOC_001774,40.436496720538045,-3.708202245114875,2,2,Mail Boxes Etc | UPS,"C. de Vallehermoso, 58",Mail Boxes Etc. 0278 | Mbe 0278,False,True,False,False,False,False,True,False,7,Multiple services,4,"Multiple companies, multiple services",3.82,1,High,False
madrid,MAD_LOC_001775,40.45951374226535,-3.67576924915393,2,2,Mail Boxes Etc | UPS,"C. de Chile, 23 | C. de Chile, 23, Local 6",Mail Boxes Etc. 3041 | Mbe 3041,False,True,False,False,False,False,True,False,7,Multiple services,4,"Multiple companies, multiple services",8.36,1,High,False
madrid,MAD_LOC_001776,40.48232169554047,-3.7026319851502536,3,2,Mail Boxes Etc | UPS,"C. de Pedro Rico, 45 | Calle Pedro Rico 45",Mail Boxes Etc 3330 | Mbe 3330,False,True,False,False,False,False,True,False,7,Multiple services,4,"Multiple companies, multiple services",25.81,2,Medium,False
madrid,MAD_LOC_001777,40.40857244602045,-3.66218485277414,2,2,Mail Boxes Etc | UPS,"C. del Corregidor Diego de Valderrábano, 1 | Calle Del Corregidor Diego De Valderrábano, 1",Enviexpress Canarias S.L. | Mail Boxes Etc. 0135,False,True,False,False,False,False,True,False,7,Multiple services,4,"Multiple companies, multiple services",10.89,1,High,False
madrid,MAD_LOC_001778,40.3880530989762,-3.73637639923008,1,1,Mail Boxes Etc,"Calle Matilde Hernández, 80",Mbe 3286,False,True,False,False,False,False,False,False,2,PUDO only,1,Single record,0.0,1,High,False
madrid,MAD_LOC_001779,40.3358665059504,-3.70423204551736,1,1,Mail Boxes Etc,"Calle de la Resina 61, Nave L",Mbe 0069,False,True,False,False,False,False,False,False,2,PUDO only,1,Single record,0.0,1,High,False
madrid,MAD_LOC_001780,40.502930952626,-3.69012447770168,1,1,Mail Boxes Etc,"Ronda Del Ingenioso Hidalgo, 28 (Acceso Por Plaza De Tres Olivos)",Mbe 2706,False,True,False,False,False,False,False,False,2,PUDO only,1,Single record,0.0,1,High,False
madrid,MAD_LOC_001781,40.43696413052,-3.62338104997981,1,1,Mail Boxes Etc,"C/ Miguel Yuste, 35",Mbe 0197,False,True,False,False,False,False,False,False,2,PUDO only,1,Single record,0.0,1,High,False
madrid,MAD_LOC_001782,40.4418694341323,-3.66882074663442,1,1,Nacex,"C. del Corazón de María, 32, loca",Nacex,False,True,False,False,False,False,False,False,2,PUDO only,1,Single record,0.0,1,High,False
madrid,MAD_LOC_001783,40.4158742822752,-3.70933085125814,1,1,Nacex,"Pl. de San Miguel, 1",Eurochange Madrid (2850-09),False,False,False,False,False,False,True,False,5,Convenience Store only,1,Single record,0.0,1,High,False
madrid,MAD_LOC_001784,40.4055630182821,-3.70822650305276,1,1,Nacex,"Calle del Gasómetro, 5",Nacex,False,True,False,False,False,False,False,False,2,PUDO only,1,Single record,0.0,1,High,False
madrid,MAD_LOC_001785,40.4378811422548,-3.68092710785402,1,1,Nacex,"Calle de María de Molina, 37, Bajos",Nacex,False,True,False,False,False,False,False,False,2,PUDO only,1,Single record,0.0,1,High,False
madrid,MAD_LOC_001786,40.4066768199875,-3.67627624216946,1,1,Nacex,"Calle de Juan de Urbieta, 36",L ́Atelier Del Pan (2884-11),False,False,False,False,False,False,True,False,5,Convenience Store only,1,Single record,0.0,1,High,False
madrid,MAD_LOC_001787,40.4306043885826,-3.72124994707582,1,1,Nacex,"C. de Ferraz, 90",Nacex,False,True,False,False,False,False,False,False,2,PUDO only,1,Single record,0.0,1,High,False
madrid,MAD_LOC_001788,40.4246455625741,-3.67709667921145,1,1,Nacex,"C. de Alcalá, 145",El Taller Joyas Y Complementos (2847-07),False,False,False,False,False,False,True,False,5,Convenience Store only,1,Single record,0.0,1,High,False
madrid,MAD_LOC_001789,40.4035392243166,-3.6982336081077,1,1,Nacex,"C. de Palos de la Frontera, 11",Estanco -0190 (2850-17),False,False,False,False,False,False,True,False,5,Convenience Store only,1,Single record,0.0,1,High,False
madrid,MAD_LOC_001790,40.4201894617716,-3.70709107984399,1,1,Nacex,"C. de Jacometrezo, 11",Eurochange Madrid Jacometrezo (2886-07),False,False,False,False,False,False,True,False,5,Convenience Store only,1,Single record,0.0,1,High,False
madrid,MAD_LOC_001791,40.4190352175341,-3.70463579761625,1,1,Nacex,"C. del Carmen, 27",Eurochange Madrid (2886-06),False,False,False,False,False,False,True,False,5,Convenience Store only,1,Single record,0.0,1,High,False
madrid,MAD_LOC_001792,40.4132665537845,-3.699342756453285,2,2,Nacex | UPS,"C. del León, 28",Estanco 47 | Estanco No 47 Madrid (2886-10),False,False,False,False,False,False,True,False,5,Convenience Store only,3,"Multiple companies, single service",5.74,1,High,False
madrid,MAD_LOC_001793,40.43209601998,-3.70870248447296,1,1,Nacex,"C. de Vallehermoso, 20",Nacex,False,True,False,False,False,False,False,False,2,PUDO only,1,Single record,0.0,1,High,False
madrid,MAD_LOC_001794,40.4561653598462,-3.69290387952126,1,1,Nacex,"C. de San Germán, 5",Estanco No 715 Madrid (2861-07),False,False,False,False,False,False,True,False,5,Convenience Store only,1,Single record,0.0,1,High,False
madrid,MAD_LOC_001795,40.4371725929394,-3.6754848353854,1,1,Nacex,"C. de Coslada, 6",Naser Top Line (2804-14),False,False,False,False,False,False,True,False,5,Convenience Store only,1,Single record,0.0,1,High,False
madrid,MAD_LOC_001796,40.4704714434469,-3.69150790902124,1,1,Nacex,"Calle de las Magnolias, 69",Estanco Fan (2845-16),False,False,False,False,False,False,True,False,5,Convenience Store only,1,Single record,0.0,1,High,False
madrid,MAD_LOC_001797,40.4655439697019,-3.69862003499572,1,1,Nacex,"C. de Müller, 43",Nacex,False,True,False,False,False,False,False,False,2,PUDO only,1,Single record,0.0,1,High,False
madrid,MAD_LOC_001798,40.4564819958696,-3.71365085829564,1,1,Nacex,"C. Moguer, 5",Nacex,False,True,False,False,False,False,False,False,2,PUDO only,1,Single record,0.0,1,High,False
madrid,MAD_LOC_001799,40.4702390208526,-3.6863888303647,1,1,Nacex,"C. de Mauricio Legendre, C. de Agustín de Foxá, 2, esq",Nacex,False,True,False,False,False,False,False,False,2,PUDO only,1,Single record,0.0,1,High,False
madrid,MAD_LOC_001800,40.3357368099225,-3.71317294307465,1,1,Nacex,"C. Montejo, 7",Madrid(2882),False,True,False,False,False,False,False,False,2,PUDO only,1,Single record,0.0,1,High,False
madrid,MAD_LOC_001801,40.3467643320919,-3.71197513973569,2,2,Nacex | UPS,"C. Calamina, 14",Estanco 342 | Estanco-342 (2882-21),False,False,False,False,False,False,True,False,5,Convenience Store only,3,"Multiple companies, single service",1.84,1,High,False
madrid,MAD_LOC_001802,40.3857064225123,-3.6893960565118,1,1,Nacex,"C. de Embajadores, 276",Madrid(2884),False,True,False,False,False,False,False,False,2,PUDO only,1,Single record,0.0,1,High,False
madrid,MAD_LOC_001803,40.3862581964662,-3.7013544811933,1,1,Nacex,"C. San Antonio de Padua, 29",Lavatextil (2884-17),False,False,False,False,False,False,True,False,5,Convenience Store only,1,Single record,0.0,1,High,False
madrid,MAD_LOC_001804,40.3923172039082,-3.72522800239927,1,1,Nacex,"Mercado, C. San Patricio, no 1",Herbolario Casandra (2883-02),False,False,False,False,False,False,True,False,5,Convenience Store only,1,Single record,0.0,1,High,False
madrid,MAD_LOC_001805,40.3846060769235,-3.72841478530484,1,1,Nacex,"C. de Antonio Moreno, 4",Rivera Shop (2883-36),False,False,False,False,False,False,True,False,5,Convenience Store only,1,Single record,0.0,1,High,False
madrid,MAD_LOC_001806,40.3660300769676,-3.7467318273252,1,1,Nacex,"Calle del Cidro, 18",Madrid(2883),False,True,False,False,False,False,False,False,2,PUDO only,1,Single record,0.0,1,High,False
madrid,MAD_LOC_001807,40.3896723384985,-3.75157364266908,1,1,Nacex,"Cl. de los Yébenes, 255",Estanco No 720 Madrid (2883-12),False,False,False,False,False,False,True,False,5,Convenience Store only,1,Single record,0.0,1,High,False
madrid,MAD_LOC_001808,40.4366861736385,-3.8160379454736804,2,1,Nacex,"C. Luis Béjar, 30 | C. Luis Béjar, 34","Pozuelo(2829) | Tienda Jardinería Pozuelo, S.L (2829-04)",False,False,False,False,False,False,True,False,5,Convenience Store only,2,"Same company, multiple records",14.32,1,High,False
madrid,MAD_LOC_001809,40.4719944146647,-3.82881525926311,1,1,Nacex,"Av. de la Victoria, 41",Estanco El Plantio (2829-06),False,False,False,False,False,False,True,False,5,Convenience Store only,1,Single record,0.0,1,High,False
madrid,MAD_LOC_001810,40.4746264335705,-3.84179606822688,1,1,Nacex,"URBANIZACIÓN, Carretera de El Plantío, C. Virgen de Icíar, 74",Estanco Majadahonda 008 (2874-06),False,False,False,False,False,False,True,False,5,Convenience Store only,1,Single record,0.0,1,High,False
madrid,MAD_LOC_001811,40.4926339549363,-3.87237889805792,1,1,Nacex,"C. del Caño, 4",Arte Imagen Fotografia (2874-04),False,False,False,False,False,False,True,False,5,Convenience Store only,1,Single record,0.0,1,High,False
madrid,MAD_LOC_001812,40.4910241121001,-3.68877924335736,1,1,Nacex,Pol. Ind. Herrera Oria C/ Lezama no 11,Madrid(2880),False,True,False,False,False,False,False,False,2,PUDO only,1,Single record,0.0,1,High,False
madrid,MAD_LOC_001813,40.4695480815897,-3.64424324266325,1,1,Nacex,"Gran Vía de Hortaleza, 65",Madrid(2843),False,True,False,False,False,False,False,False,2,PUDO only,1,Single record,0.0,1,High,False
madrid,MAD_LOC_001814,40.471374675551644,-3.632912253652095,2,2,Nacex | UPS,"C. Chiquinquirá, 54",Estanco Expendeduria 32 | Estanco No 32 (2841-04),False,False,False,False,False,False,True,False,5,Convenience Store only,3,"Multiple companies, single service",5.34,1,High,False
madrid,MAD_LOC_001815,40.4520900733991,-3.58244613319689,1,1,Nacex,"C. Castrobarto, 10",Madrid(2881),False,True,False,False,False,False,False,False,2,PUDO only,1,Single record,0.0,1,High,False
madrid,MAD_LOC_001816,40.437017023121,-3.62773556921866,1,1,Nacex,C/ Alfonso Gómez 20 Pol. Ind. San Blas,Madrid(2878),False,True,False,False,False,False,False,False,2,PUDO only,1,Single record,0.0,1,High,False
madrid,MAD_LOC_001817,40.4333386141105,-3.60617410124432,1,1,Nacex,"C. de Suecia, 91",Dispohogar (2828-24),False,False,False,False,False,False,True,False,5,Convenience Store only,1,Single record,0.0,1,High,False
madrid,MAD_LOC_001818,40.396133071176,-3.64977514871818,1,1,Nacex,"C/ de Mohernando, 4",Madrid(2813),False,True,False,False,False,False,False,False,2,PUDO only,1,Single record,0.0,1,High,False
madrid,MAD_LOC_001819,40.3939987138179,-3.66094006745523,1,1,Nacex,"Av. de la Albufera, 102",Eurochange Madrid Puente Vallecas (2813-28),False,False,False,False,False,False,True,False,5,Convenience Store only,1,Single record,0.0,1,High,False
madrid,MAD_LOC_001820,40.399695757318,-3.66708765234221,1,1,Nacex,"C. de Francisco Iglesias, 3",Ferreteria Marcavel (2813-09),False,False,False,False,False,False,True,False,5,Convenience Store only,1,Single record,0.0,1,High,False
madrid,MAD_LOC_001821,40.3975482976941,-3.66882859336398,1,1,Nacex,"C. Antonia Calas, 4",Eramer Viajes (2882-13),False,False,False,False,False,False,True,False,5,Convenience Store only,1,Single record,0.0,1,High,False
madrid,MAD_LOC_001822,40.3814301181319,-3.671766495396,1,1,Nacex,"C. de Calero Pita, 54",Animaladas (2882-12),False,False,False,False,False,False,True,False,5,Convenience Store only,1,Single record,0.0,1,High,False
madrid,MAD_LOC_001823,40.3236824322457,-3.66172028573723,1,1,Nacex,"Calle de Groenlandia, 4 Centro Comercial",Otra Partida 1.0 (2885-01),False,False,False,False,False,False,True,False,5,Convenience Store only,1,Single record,0.0,1,High,False
madrid,MAD_LOC_001824,40.3157554103246,-3.68027746649397,1,1,Nacex,"POL. IND. LOS OLIVOS, C. Empleo, 61","Venga Fenix Logistic Delivery, S.L.(2885)",False,False,False,False,False,False,True,False,5,Convenience Store only,1,Single record,0.0,1,High,False
madrid,MAD_LOC_001825,40.4471182998176,-3.68967726744737,1,1,UPS,"C. de Joaquín Costa, 9",Kanguro Razas,False,False,False,False,False,False,True,False,5,Convenience Store only,1,Single record,0.0,1,High,False
madrid,MAD_LOC_001826,40.4412212789396,-3.71489577108681,1,1,UPS,"Paseo de S. Fco. de Sales, 24",Estanco,False,False,False,False,False,False,True,False,5,Convenience Store only,1,Single record,0.0,1,High,False
madrid,MAD_LOC_001827,40.4290077570131,-3.70270608051938,1,1,UPS,"C. de Carranza, 3",Tiendas 7x24 Glorieta Bilbao,False,False,False,False,False,False,True,False,5,Convenience Store only,1,Single record,0.0,1,High,False
madrid,MAD_LOC_001828,40.4320787925724,-3.68743626119976,2,2,Pudo | UPS,"C. de Serrano, 61",C.C. Abc Serrano | Cc Abc Serrano,True,False,True,False,False,False,False,False,7,Multiple services,4,"Multiple companies, multiple services",1.56,1,High,False
madrid,MAD_LOC_001829,40.4260490883595,-3.71253112171198,1,1,UPS,"Calle de la Princesa, 14",Store Bitbase Madrid Centro,False,False,False,False,False,False,True,False,5,Convenience Store only,1,Single record,0.0,1,High,False
madrid,MAD_LOC_001830,40.4191245320954,-3.67828212300163,1,1,UPS,"C. de Ibiza, 3",Zapateria La Rapida,False,False,False,False,False,False,True,False,5,Convenience Store only,1,Single record,0.0,1,High,False
madrid,MAD_LOC_001831,40.4227789012825,-3.67690939304424,1,1,UPS,"C. del Duque de Sesto, 13",Reparacion De Calzado Artesanos,False,False,False,False,False,False,True,False,5,Convenience Store only,1,Single record,0.0,1,High,False
madrid,MAD_LOC_001832,40.4349517761921,-3.70376720691504,1,1,UPS,"C/ de Feijóo, 6",Aromas Artesanales,False,False,False,False,False,False,True,False,5,Convenience Store only,1,Single record,0.0,1,High,False
madrid,MAD_LOC_001833,40.4138902299618,-3.72937353170434,1,1,UPS,"P.o de Extremadura, 40",Estanco Madrid 100,False,False,False,False,False,False,True,False,5,Convenience Store only,1,Single record,0.0,1,High,False
madrid,MAD_LOC_001834,40.4072610787416,-3.72522210582599,1,1,UPS,"P.o de la Ermita del Santo, 48",P Taquilla Cc La Ermita,True,False,False,False,False,False,False,False,1,Locker only,1,Single record,0.0,1,High,False
madrid,MAD_LOC_001835,40.4076924855113,-3.70104868253783,1,1,UPS,"C. de Miguel Servet, 6",Horus Artesania De Egipto,False,False,False,False,False,False,True,False,5,Convenience Store only,1,Single record,0.0,1,High,False
madrid,MAD_LOC_001836,40.418133410558355,-3.70016191196222,2,2,Pudo | UPS,"C. de Alcalá, 17",Parking Emt Centro De Canalejas | Pkg Cnt C Canalejas,False,False,True,False,False,False,True,False,7,Multiple services,4,"Multiple companies, multiple services",18.23,2,Medium,False
madrid,MAD_LOC_001837,40.4074228553129,-3.68758014920329,1,1,UPS,"Calle Juan Bautista Sacchetti, 4",La Kasa Del Maquillaje,False,False,False,False,False,False,True,False,5,Convenience Store only,1,Single record,0.0,1,High,False
madrid,MAD_LOC_001838,40.3880527745915,-3.64866800303165,1,1,UPS,"C. de Pedro Laborde, 48",Caprichos Decoración Y Regalos Pers,False,False,False,False,False,False,True,False,5,Convenience Store only,1,Single record,0.0,1,High,False
madrid,MAD_LOC_001839,40.3855167832374,-3.66702479620843,1,1,UPS,"Calle del Dr. Bellido, 7",Toxic Computers,False,False,False,False,False,False,True,False,5,Convenience Store only,1,Single record,0.0,1,High,False
madrid,MAD_LOC_001840,40.3855251220403,-3.72292964735716,1,1,UPS,"Av. de Oporto, 21",Mundo Textil,False,False,False,False,False,False,True,False,5,Convenience Store only,1,Single record,0.0,1,High,False
madrid,MAD_LOC_001841,40.4602397013042,-3.69882069853146,1,1,UPS,"C. de Bravo Murillo, 250",Store Bitbase Madrid Tetuan,False,False,False,False,False,False,True,False,5,Convenience Store only,1,Single record,0.0,1,High,False
madrid,MAD_LOC_001842,40.46251361288,-3.69516386965128,1,1,UPS,"C. de la Infanta Mercedes, 85",Ferreteria Gregorio Garcia,False,False,False,False,False,False,True,False,5,Convenience Store only,1,Single record,0.0,1,High,False
madrid,MAD_LOC_001843,40.3508136862279,-3.69133345948344,1,1,UPS,"C. de José del Pino, 34",El Zapatero De Joana,False,False,False,False,False,False,True,False,5,Convenience Store only,1,Single record,0.0,1,High,False
madrid,MAD_LOC_001844,40.4220024690197,-3.60992435888259,1,1,UPS,"C. de Suecia, 4",Kanguro Galaxy Comics,False,False,False,False,False,False,True,False,5,Convenience Store only,1,Single record,0.0,1,High,False
madrid,MAD_LOC_001845,40.3962927837003,-3.77429414056068,1,1,UPS,"C. del Cine, 48",Papeleria Centro Imagen,False,False,False,False,False,False,True,False,5,Convenience Store only,1,Single record,0.0,1,High,False
madrid,MAD_LOC_001846,40.3930466328274,-3.76428768977014,1,1,UPS,"C. de Maqueda, 44",Parada Amarilla Maqueda,False,False,False,False,False,False,True,False,5,Convenience Store only,1,Single record,0.0,1,High,False
madrid,MAD_LOC_001847,40.388546661045,-3.73566856526455,1,1,UPS,"C. de Matilde Hernández, 74",Charcuteria Frey,False,False,False,False,False,False,True,False,5,Convenience Store only,1,Single record,0.0,1,High,False
madrid,MAD_LOC_001848,40.383419193678,-3.74343415557291,1,1,UPS,"C. de Ntra. Sra. de la Luz, 16",Full-Samara Fashion Store,False,False,False,False,False,False,True,False,5,Convenience Store only,1,Single record,0.0,1,High,False
madrid,MAD_LOC_001849,40.3820552482101,-3.73069226018273,1,1,UPS,"C. Papagayo, 2",Parada Amarilla,False,False,False,False,False,False,True,False,5,Convenience Store only,1,Single record,0.0,1,High,False
madrid,MAD_LOC_001850,40.3866308250436,-3.70265057758608,1,1,UPS,"C. del Olvido, 19",Kanguro Viajes Niova Travel,False,False,False,False,False,False,True,False,5,Convenience Store only,1,Single record,0.0,1,High,False
madrid,MAD_LOC_001851,40.4333459667339,-3.30129351940438,1,1,UPS,"C. Alcalá, 414",Aromas Artesanales Alcala Norte,False,False,False,False,False,False,True,False,5,Convenience Store only,1,Single record,0.0,1,High,False
madrid,MAD_LOC_001852,40.4264679490019,-3.6642137809884,1,1,UPS,"C. del Azulejo, 4",Fotocopias,False,False,False,False,False,False,True,False,5,Convenience Store only,1,Single record,0.0,1,High,False
madrid,MAD_LOC_001853,40.4659202991819,-3.70063086048977,1,1,UPS,"C. del Capitán Blanco Argibay, 51",Yoempeno,False,False,False,False,False,False,True,False,5,Convenience Store only,1,Single record,0.0,1,High,False
madrid,MAD_LOC_001854,40.4786016623616,-3.70777280302864,1,1,UPS,"Pl. de Fonsagrada, 5",Envios Yien,False,False,False,False,False,False,True,False,5,Convenience Store only,1,Single record,0.0,1,High,False
madrid,MAD_LOC_001855,40.4016379290454,-3.63326582426189,1,1,UPS,"Cl. de la Hacienda de Pavones, 241",Kanguro Past Dgalia Moratalaz,False,False,False,False,False,False,True,False,5,Convenience Store only,1,Single record,0.0,1,High,False
madrid,MAD_LOC_001856,40.3741996590465,-3.64065100267564,1,1,UPS,"C. Gamonal, 51",Furgocar Vk,False,False,False,False,False,False,True,False,5,Convenience Store only,1,Single record,0.0,1,High,False
madrid,MAD_LOC_001857,40.4035927099326,-3.62039058877336,1,1,UPS,"Blvr. de Indalecio Prieto, 4",P Taquilla Estanco 670,True,False,False,False,False,False,False,False,1,Locker only,1,Single record,0.0,1,High,False
madrid,MAD_LOC_001858,40.398917080935504,-3.62481302080851,2,1,UPS,"Blvr. de José Prat, 5",P Taquilla Cc Valdebernardo | Prensa Y Revistas R Y T,True,False,False,False,False,False,True,False,7,Multiple services,2,"Same company, multiple records",5.73,1,High,False
madrid,MAD_LOC_001859,40.4219851940761,-3.67955116592813,1,1,UPS,"Calle de O'Donnell, 13",P Taquilla Lidl La Catalana,True,False,False,False,False,False,False,False,1,Locker only,1,Single record,0.0,1,High,False
madrid,MAD_LOC_001860,40.417468304754,-3.61934169493512,1,1,UPS,C/ de Capri,Librería Libros De Arena,False,False,False,False,False,False,True,False,5,Convenience Store only,1,Single record,0.0,1,High,False
madrid,MAD_LOC_001861,40.4589743850695,-3.68730928460444,1,1,UPS,"Av. de Alberto de Alcocer, 8, Posterior",Papelería Rai,False,False,False,False,False,False,True,False,5,Convenience Store only,1,Single record,0.0,1,High,False
madrid,MAD_LOC_001862,40.4034912197019,-3.66201644963559,1,1,UPS,"C. de Sta. Marta, 23",Herbolario Santa Marta,False,False,False,False,False,False,True,False,5,Convenience Store only,1,Single record,0.0,1,High,False
madrid,MAD_LOC_001863,40.3939563215454,-3.64347912279313,1,1,UPS,"C/ de Pont de Molins, 29",Kanguro Servicio Tecnico,False,False,False,False,False,False,True,False,5,Convenience Store only,1,Single record,0.0,1,High,False
madrid,MAD_LOC_001864,40.3688545470808,-3.70595636920727,1,1,UPS,"Pl. Promesas, 2, LOCAL",Kanguro Peluqueria Sandra,False,False,False,False,False,False,True,False,5,Convenience Store only,1,Single record,0.0,1,High,False
madrid,MAD_LOC_001865,40.3690293579837,-3.71546600153403,1,1,UPS,"C. de Guetaria, 49",Kanguro Confecciones Amica,False,False,False,False,False,False,True,False,5,Convenience Store only,1,Single record,0.0,1,High,False
madrid,MAD_LOC_001866,40.4534266695027,-3.59124988447397,1,1,UPS,"C. Canoa, 16",Bricoema,False,False,False,False,False,False,True,False,5,Convenience Store only,1,Single record,0.0,1,High,False
madrid,MAD_LOC_001867,40.4697468391873,-3.639654258489795,2,2,Pudo | UPS,"Gran Vía de Hortaleza, SN | Gran Vía de Hortaleza, s/n",C.C. Carrefour Gran Vía De Hortaleza | P Taquilla Carr Gv Hortaleza,True,False,True,False,False,False,False,False,7,Multiple services,4,"Multiple companies, multiple services",32.02,3,Review,True
madrid,MAD_LOC_001868,40.3719164431825,-3.75873907721173,1,1,UPS,"C. de Aguilar del Río, 7",Kanguro Damar Natura Herbolari,False,False,False,False,False,False,True,False,5,Convenience Store only,1,Single record,0.0,1,High,False
madrid,MAD_LOC_001869,40.4050329917918,-3.69094222049523,1,1,UPS,"Calle del Gral. Lacy, 6",Store Bitbase Madrid Atocha,False,False,False,False,False,False,True,False,5,Convenience Store only,1,Single record,0.0,1,High,False
madrid,MAD_LOC_001870,40.4015109591037,-3.69860835154534,1,1,UPS,"Glorieta Sta. María de la Cabeza, 2",Autesc Lara Atocha,False,False,False,False,False,False,True,False,5,Convenience Store only,1,Single record,0.0,1,High,False
madrid,MAD_LOC_001871,40.4009959784273,-3.6860669763493,1,1,UPS,"C. de Bustamante, 30",Levadura Madre,False,False,False,False,False,False,True,False,5,Convenience Store only,1,Single record,0.0,1,High,False
madrid,MAD_LOC_001872,40.3882284602656,-3.6895652673696,1,1,UPS,"C. del Bronce, 37",Kanguro Peluqueria Bronza,False,False,False,False,False,False,True,False,5,Convenience Store only,1,Single record,0.0,1,High,False
madrid,MAD_LOC_001873,40.3626379952578,-3.59775644995009,1,1,UPS,"Av. del Ensanche de Vallecas, 90",Mascotas Pet Shop,False,False,False,False,False,False,True,False,5,Convenience Store only,1,Single record,0.0,1,High,False
madrid,MAD_LOC_001874,40.3827221901589,-3.67176034791954,1,1,UPS,"C. Sierra de Contraviesa, 47",Papeleria Sagitario Librería,False,False,False,False,False,False,True,False,5,Convenience Store only,1,Single record,0.0,1,High,False
madrid,MAD_LOC_001875,40.3909490162352,-3.66477811524962,1,1,UPS,"C/ de Sierra Carbonera, 63",Ferreteria Sierra,False,False,False,False,False,False,True,False,5,Convenience Store only,1,Single record,0.0,1,High,False
madrid,MAD_LOC_001876,40.3919297616486,-3.69523469675758,1,1,Pudo,Paseo de las Delicias 154,Locutorio Delicias Legazpi Ii,False,False,True,False,False,False,False,False,4,Click & Collect only,1,Single record,0.0,1,High,False
madrid,MAD_LOC_001877,40.4253011288028,-3.71320834323525,1,1,Pudo,"Calle de la Princesa, 5",Parking Indio Princesa,False,False,True,False,False,False,False,False,4,Click & Collect only,1,Single record,0.0,1,High,False
madrid,MAD_LOC_001878,40.4269066568617,-3.6998966930554,1,1,Pudo,"C. de Barceló, S/N",Parking Interparking Barceló,False,False,True,False,False,False,False,False,4,Click & Collect only,1,Single record,0.0,1,High,False
madrid,MAD_LOC_001879,40.4288614634989,-3.70205015003093,1,1,Pudo,"Calle de Fuencarral, 101",Lidl Madrid Fuencarral,False,False,True,False,False,False,False,False,4,Click & Collect only,1,Single record,0.0,1,High,False
madrid,MAD_LOC_001880,40.4354766838391,-3.71603397608029,1,1,Pudo,"C. de Fernández de los Ríos, 85",Mundo Movil Fernandez De Los Rios,False,False,True,False,False,False,False,False,4,Click & Collect only,1,Single record,0.0,1,High,False
madrid,MAD_LOC_001881,40.445690512676,-3.71432825982635,1,1,Pudo,"Av. de la Reina Victoria, 71",Autoescuela Lara Ciudad Universitaria,False,False,True,False,False,False,False,False,4,Click & Collect only,1,Single record,0.0,1,High,False
madrid,MAD_LOC_001882,40.4626197591444,-3.68884744918884,1,1,Pudo,"P.o de la Castellana, 196-204",C.C. Castellana 200,False,False,True,False,False,False,False,False,4,Click & Collect only,1,Single record,0.0,1,High,False
madrid,MAD_LOC_001883,40.4826039386069,-3.68764786567812,1,1,Pudo,"P.o de la Castellana, 261",Parking Interparking Hospital La Paz,False,False,True,False,False,False,False,False,4,Click & Collect only,1,Single record,0.0,1,High,False
madrid,MAD_LOC_001884,40.4590283860905,-3.67888250636163,1,1,Pudo,"Av. de Alberto de Alcocer, 47",Autoescuela Lara Alberto Alcocer,False,False,True,False,False,False,False,False,4,Click & Collect only,1,Single record,0.0,1,High,False
madrid,MAD_LOC_001885,40.4586314608885,-3.67758155045562,1,1,Pudo,"Pl. de la R. Dominicana, s/n",Parking Indigo República Dominicana,False,False,True,False,False,False,False,False,4,Click & Collect only,1,Single record,0.0,1,High,False
madrid,MAD_LOC_001886,40.4268738045624,-3.68375524085878,1,1,Pudo,"Calle Velázquez, 46",Parking Interparking Velazquez Ayala,False,False,True,False,False,False,False,False,4,Click & Collect only,1,Single record,0.0,1,High,False
madrid,MAD_LOC_001887,40.3633648497524,-3.6911268318464,1,1,Pudo,"Av. de Andalucía, Km. 7, 100",C.C. Carrefour Los Angeles,False,False,True,False,False,False,False,False,4,Click & Collect only,1,Single record,0.0,1,High,False
madrid,MAD_LOC_001888,40.385128585208,-3.72847743112905,1,1,Pudo,"C. del Camino Viejo de Leganés, 133",Remesas Familiares Cmno Viejo De Leganes,False,False,True,False,False,False,False,False,4,Click & Collect only,1,Single record,0.0,1,High,False
madrid,MAD_LOC_001889,40.390812102044,-3.72294069093321,1,1,Pudo,"C. Virgen de Belen, 16",Servicios Expresos Carabanchel,False,False,True,False,False,False,False,False,4,Click & Collect only,1,Single record,0.0,1,High,False
madrid,MAD_LOC_001890,40.404650927254,-3.74375188929443,1,1,Pudo,"C. de Sepúlveda, 91",Locutorio Euroenvíos Ii Calle Sepúlveda,False,False,True,False,False,False,False,False,4,Click & Collect only,1,Single record,0.0,1,High,False
madrid,MAD_LOC_001891,40.4064185100997,-3.72437469748935,1,1,Pudo,"P.o de la Ermita del Santo, 48",C.C. La Ermita,False,False,True,False,False,False,False,False,4,Click & Collect only,1,Single record,0.0,1,High,False
madrid,MAD_LOC_001892,40.3988893187478,-3.78600346955717,1,1,Pudo,"Carr. de Boadilla del Monte, 1",C.C. Carrefour Ciudad De La Imagen,False,False,True,False,False,False,False,False,4,Click & Collect only,1,Single record,0.0,1,High,False
madrid,MAD_LOC_001893,40.4415782959034,-3.78348602924145,1,1,Pudo,"Av. de Europa, 26-B",C.C. Zielo Shopping Pozuelo,False,False,True,False,False,False,False,False,4,Click & Collect only,1,Single record,0.0,1,High,False
madrid,MAD_LOC_001894,40.4448303868465,-3.80922692901465,1,1,Pudo,"Av. de Juan XXIII, 10",C.C. El Torreón,False,False,True,False,False,False,False,False,4,Click & Collect only,1,Single record,0.0,1,High,False
madrid,MAD_LOC_001895,40.5441381794945,-3.70031768819897,1,1,Pudo,Cantoblanco Universidad (estación de tren),Autoescuela Gala Cantoblanco,False,False,True,False,False,False,False,False,4,Click & Collect only,1,Single record,0.0,1,High,False
madrid,MAD_LOC_001896,40.5188739104959,-3.65533252814116,1,1,Pudo,"Av. de Europa, 13",C.C. Moraleja Green,False,False,True,False,False,False,False,False,4,Click & Collect only,1,Single record,0.0,1,High,False
madrid,MAD_LOC_001897,40.526518651268,-3.65050850537032,1,1,Pudo,"Carr. de Madrid a Burgos, A1, Km. 14, 500",C.C. Carrefour Alcobendas,False,False,True,False,False,False,False,False,4,Click & Collect only,1,Single record,0.0,1,High,False
madrid,MAD_LOC_001898,40.4431068527232,-3.65137560408919,1,1,Pudo,"C. de Aristóteles, 11",Autoescuela Gala Barrio Blanco,False,False,True,False,False,False,False,False,4,Click & Collect only,1,Single record,0.0,1,High,False
madrid,MAD_LOC_001899,40.4347990295688,-3.65177941920653,1,1,Pudo,"C. de Virgen de Lluc, 38",Autoescuela Calderón Ii Lluc,False,False,True,False,False,False,False,False,4,Click & Collect only,1,Single record,0.0,1,High,False
madrid,MAD_LOC_001900,40.4371876053904,-3.63664049994387,1,1,Pudo,"C. de Caunedo, 6",Expendeduría 523 Caunedo,False,False,True,False,False,False,False,False,4,Click & Collect only,1,Single record,0.0,1,High,False
madrid,MAD_LOC_001901,40.4279538536395,-3.61058426715673,1,1,Pudo,"Av. de Canillejas a Vicálvaro, 127",Deportes Y Tu,False,False,True,False,False,False,False,False,4,Click & Collect only,1,Single record,0.0,1,High,False
madrid,MAD_LOC_001902,40.4123768027733,-3.6598062502079,1,1,Pudo,"C. del Camino de los Vinateros, s/n",C.C. Alcampo Moratalaz,False,False,True,False,False,False,False,False,4,Click & Collect only,1,Single record,0.0,1,High,False
madrid,MAD_LOC_001903,40.3857846173902,-3.62607003518621,1,1,Pudo,"Calle Arboleda, 14, 28031, Madrid",Autoescuela Lara Villa De Vallecas Emt,False,False,True,False,False,False,False,False,4,Click & Collect only,1,Single record,0.0,1,High,False
madrid,MAD_LOC_001904,40.3959108517107,-3.66624920477402,1,1,Pudo,"C/ de Peña Gorbea, 27",Locutorio Euroenvíos Small Peña Gorbea,False,False,True,False,False,False,False,False,4,Click & Collect only,1,Single record,0.0,1,High,False
madrid,MAD_LOC_001905,40.4064365347768,-3.6811410373759,1,1,Mrw,"Calle Fuenterrabía, no 6",Oficina Mrw 02690,False,True,False,False,False,False,False,False,2,PUDO only,1,Single record,0.0,1,High,False
madrid,MAD_LOC_001906,40.4194821140039,-3.70895654036195,1,1,Mrw,"Calle de Campomanes, 10",Oficina Mrw 02618,False,True,False,False,False,False,False,False,2,PUDO only,1,Single record,0.0,1,High,False
madrid,MAD_LOC_001907,40.4274507637391,-3.67657728306481,1,1,Mrw,"Calle de Ayala, no 94",Oficina Mrw 02625,False,True,False,False,False,False,False,False,2,PUDO only,1,Single record,0.0,1,High,False
madrid,MAD_LOC_001908,40.4381166479542,-3.70295472794148,1,1,Mrw,"Calle General Álvarez De Castro, 41",Oficina Mrw 02649,False,True,False,False,False,False,False,False,2,PUDO only,1,Single record,0.0,1,High,False
madrid,MAD_LOC_001909,40.4323006211896,-3.66680978999165,1,1,Mrw,"Avenida Toreros, 26",Oficina Mrw 02628,False,True,False,False,False,False,False,False,2,PUDO only,1,Single record,0.0,1,High,False
madrid,MAD_LOC_001910,40.4368409753271,-3.7115109771625,1,1,Mrw,"Calle Blasco de Garay, 57",Oficina Mrw 02620,False,True,False,False,False,False,False,False,2,PUDO only,1,Single record,0.0,1,High,False
madrid,MAD_LOC_001911,40.4445452192692,-3.69851629549843,1,1,Mrw,"Calle Ponzano, 80",Oficina Mrw 02622,False,True,False,False,False,False,False,False,2,PUDO only,1,Single record,0.0,1,High,False
madrid,MAD_LOC_001912,40.4701876256604,-3.69430409074049,1,1,Mrw,"Calle de San Benito, no 35",Oficina Mrw 02638,False,True,False,False,False,False,False,False,2,PUDO only,1,Single record,0.0,1,High,False
madrid,MAD_LOC_001913,40.3751660821735,-3.62188642758777,1,1,Mrw,"C/ Puerto de Porzuna, 17",Oficina Mrw 02610,False,True,False,False,False,False,False,False,2,PUDO only,1,Single record,0.0,1,High,False
madrid,MAD_LOC_001914,40.3982391615953,-3.62279765761549,1,1,Mrw,"Blvr. de José Prat, 15",Oficina Mrw 02672,False,True,False,False,False,False,False,False,2,PUDO only,1,Single record,0.0,1,High,False
madrid,MAD_LOC_001915,40.3899819386455,-3.66306816964839,1,1,Mrw,"C. de Carlos Martín Álvarez, 25",Oficina Mrw 02611,False,True,False,False,False,False,False,False,2,PUDO only,1,Single record,0.0,1,High,False
madrid,MAD_LOC_001916,40.391675276256,-3.70354603619253,1,1,Mrw,"Calle de Antonio López, 134",Oficina Mrw 02662,False,True,False,False,False,False,False,False,2,PUDO only,1,Single record,0.0,1,High,False
madrid,MAD_LOC_001917,40.3922529726262,-3.70267765447436,1,1,Mrw,"C. de Eugenio Caxes, 12",Oficina Mrw 02671,False,True,False,False,False,False,False,False,2,PUDO only,1,Single record,0.0,1,High,False
madrid,MAD_LOC_001918,40.3691145927481,-3.74714927690914,1,1,Mrw,"C. Secoya, 28",Oficina Mrw 02668,False,True,False,False,False,False,False,False,2,PUDO only,1,Single record,0.0,1,High,False
madrid,MAD_LOC_001919,40.3852490082855,-3.74586132841965,1,1,Mrw,"Av. de Ntra. Sra. de Fátima, 31",Oficina Mrw 02616,False,True,False,False,False,False,False,False,2,PUDO only,1,Single record,0.0,1,High,False
madrid,MAD_LOC_001920,40.4379569759354,-3.81899102154439,1,1,Mrw,"Av. del Monte, 3",Oficina Mrw 02609,False,True,False,False,False,False,False,False,2,PUDO only,1,Single record,0.0,1,High,False
madrid,MAD_LOC_001921,40.4475492437003,-3.7841703383947,1,1,Mrw,"Av. del Talgo, 228",Oficina Mrw 02655,False,True,False,False,False,False,False,False,2,PUDO only,1,Single record,0.0,1,High,False
madrid,MAD_LOC_001922,40.5119061589014,-3.67450821551699,1,1,Mrw,"Calle de Isabel Colbrand, 10",Oficina Mrw 02641,False,True,False,False,False,False,False,False,2,PUDO only,1,Single record,0.0,1,High,False
madrid,MAD_LOC_001923,40.5372744871118,-3.63547578895597,1,1,Mrw,"Blvr. de Salvador Allende, 6",Oficina Mrw 02650,False,True,False,False,False,False,False,False,2,PUDO only,1,Single record,0.0,1,High,False
madrid,MAD_LOC_001924,40.4891316761823,-3.69006979024916,1,1,Mrw,"C. de Manuel Tovar, 33",Oficina Mrw 02612,False,True,False,False,False,False,False,False,2,PUDO only,1,Single record,0.0,1,High,False
madrid,MAD_LOC_001925,40.4798154884763,-3.72003136765408,1,1,Mrw,"C. de las Islas Cíes, 47",Oficina Mrw 02656,False,True,False,False,False,False,False,False,2,PUDO only,1,Single record,0.0,1,High,False
madrid,MAD_LOC_001926,40.4544090295365,-3.6542108046072,1,1,Mrw,"C. de Arturo Soria, 154",Oficina Mrw 02614,False,True,False,False,False,False,False,False,2,PUDO only,1,Single record,0.0,1,High,False
madrid,MAD_LOC_001927,40.4430984314432,-3.64482647503691,1,1,Mrw,"C. del Marqués de Pico Velasco, 60",Oficina Mrw 02633,False,True,False,False,False,False,False,False,2,PUDO only,1,Single record,0.0,1,High,False
madrid,MAD_LOC_001928,40.4376643246173,-3.62652036919108,1,1,Mrw,"C. de Rufino González, 40",Oficina Mrw 02670,False,True,False,False,False,False,False,False,2,PUDO only,1,Single record,0.0,1,High,False
madrid,MAD_LOC_001929,40.4238089761619,-3.6014371363406,1,1,Mrw,"P.o de Ginebra, 47",Oficina Mrw 02657,False,True,False,False,False,False,False,False,2,PUDO only,1,Single record,0.0,1,High,False
madrid,MAD_LOC_001930,40.451364953538,-3.574006490273,1,1,Mrw,"Avenida Central, 18, 28042",Oficina Mrw 02647,False,True,False,False,False,False,False,False,2,PUDO only,1,Single record,0.0,1,High,False
madrid,MAD_LOC_001931,40.4527227103903,-3.5737745075692,1,1,Amazon,"acl, Madrid",ACL o MAD B (AMAZON,False,False,False,True,False,False,False,False,6,Other single service,1,Single record,0.0,1,High,False
madrid,MAD_LOC_001932,40.4485441742578,-3.49832717703151,1,1,Amazon,"Av. Astronomía, 24, San Fernando de Henares",Almacenamiento inventario y preparación pedidos clientes,False,False,False,False,False,True,False,False,6,Other single service,1,Single record,0.0,1,High,False
madrid,MAD_LOC_001933,40.5372651380371,-3.66363543186547,1,1,Amazon,Av. de Peñalara,Centro de distribución urbana o estación de última milla,False,False,False,False,True,False,False,False,6,Other single service,1,Single record,0.0,1,High,False
madrid,MAD_LOC_001934,40.4469811455558,-3.54528324987752,1,1,Amazon,"Calle Prov Iveco, 3, San Blas-Canillejas",Centro de distribución urbana o estación de última milla,False,False,False,False,True,False,False,False,6,Other single service,1,Single record,0.0,1,High,False
madrid,MAD_LOC_001935,40.4462322921757,-3.54641901411634,1,1,Amazon,"C. Tres, 13, San Blas-Canillejas",Clasificación intermedia de paquetes,False,False,False,False,True,False,False,False,6,Other single service,1,Single record,0.0,1,High,False
madrid,MAD_LOC_001936,40.2821411598967,-3.68603494635892,1,1,Amazon,"C. Rosalind Franklin, Getafe",Almacenamiento y gestión de pedidos,False,False,False,False,False,True,False,False,6,Other single service,1,Single record,0.0,1,High,False
madrid,MAD_LOC_001937,40.3447550340903,-3.87489197656824,1,1,Amazon,"Poligono Pau 5, 83P",Centro de distribución urbana o estación de última milla,False,False,False,False,False,True,False,False,6,Other single service,1,Single record,0.0,1,High,False
madrid,MAD_LOC_001938,40.2778057905533,-3.68193902897361,1,1,Amazon,"Calle Rachel Carson, 1",Centro de distribución urbana o estación de última milla,False,False,False,False,False,True,False,False,6,Other single service,1,Single record,0.0,1,High,False
madrid,MAD_LOC_001939,40.3955229367338,-3.59317880238506,1,1,Amazon,"C. Pirotecnia, 36, Vicálvaro",Centro de distribución urbana o estación de última milla,False,False,False,False,True,False,False,False,6,Other single service,1,Single record,0.0,1,High,False
madrid,MAD_LOC_001940,40.4358950103387,-3.56662716674688,1,1,Amazon,"C. Holanda, 3, Coslada",Centro de distribución urbana o estación de última milla,False,False,False,True,False,False,False,False,6,Other single service,1,Single record,0.0,1,High,False
madrid,MAD_LOC_001941,40.4338896060796,-3.55231452091505,1,1,Amazon,"Av. de la Industria, 18, Coslada",Almacenamiento y preparación pedidos supermercado,False,False,False,True,False,False,False,False,6,Other single service,1,Single record,0.0,1,High,False
madrid,MAD_LOC_001942,40.5055111411453,-3.31803666316121,1,1,Amazon,"Carr. Nacional II, 20, Alcalá de Henares",,False,False,False,False,False,True,False,False,6,Other single service,1,Single record,0.0,1,High,False
madrid,MAD_LOC_001943,40.4310291875256,-3.54460160277548,1,1,Amazon,"Av. de José Gárate, 11, Coslada",,False,False,False,True,False,False,False,False,6,Other single service,1,Single record,0.0,1,High,False
madrid,MAD_LOC_001944,40.3776768333718,-3.6348197126669,1,1,Correos,"Cam. de las Hormigueras, 169, Vallecas","CTA Madrid CAM 3 (Recepción, clasificación y envío)",False,False,False,False,True,False,False,False,6,Other single service,1,Single record,0.0,1,High,False
madrid,MAD_LOC_001945,40.4562556288887,-3.55895713475685,1,1,Correos,"C. Alfa, 14, Barajas, Madrid - ADT Gestión Aduanera",centro de distribución y consolidación,False,False,False,True,False,False,False,False,6,Other single service,1,Single record,0.0,1,High,False
madrid,MAD_LOC_001946,40.3643156132626,-3.65119168525305,1,1,Correos,"Ctra. Villaverde a Vallecas, Km 3.5, nave S9A, Vallecas","CTM Madrid (Recepción, clasificación y envío)",False,False,False,True,False,False,False,False,6,Other single service,1,Single record,0.0,1,High,False
madrid,MAD_LOC_001947,40.3621313829003,-3.65356954584126,1,1,Correos,"CAM-1, Eje 3, 13 - CTM, Madrid",,False,False,False,True,False,False,False,False,6,Other single service,1,Single record,0.0,1,High,False
madrid,MAD_LOC_001948,40.3639098034848,-3.65021031701454,1,1,Correos,"CAM-4, Eje 6, 20 - CTM, Madrid",,False,False,False,True,False,False,False,False,6,Other single service,1,Single record,0.0,1,High,False
madrid,MAD_LOC_001949,40.4767960698955,-3.67744645919418,1,1,Correos,"CTL, Hiedra, 7 - Estación de Chamartín",,False,False,False,False,True,False,False,False,6,Other single service,1,Single record,0.0,1,High,False
madrid,MAD_LOC_001950,40.3633222237841,-3.65510920605882,1,1,Correos Express,"Av. Eje Central, Km 3,500, Nave 6SA, Vallecas",Centro Correos Exp. Vallecas,False,False,False,True,False,False,False,False,6,Other single service,1,Single record,0.0,1,High,False
madrid,MAD_LOC_001951,40.3152105662207,-3.67930734399038,1,1,Correos Express,"C. Calidad, 17, Poligono Industrial los Olivos, Getafe",Correos Express -Getafe,False,False,False,False,False,True,False,False,6,Other single service,1,Single record,0.0,1,High,False
madrid,MAD_LOC_001952,40.4344603890879,-3.56012211127432,1,1,Correos Express,"Av. de Europa, 8, Coslada",Centro Correos Exp. Coslada,False,False,False,True,False,False,False,False,6,Other single service,1,Single record,0.0,1,High,False
madrid,MAD_LOC_001953,40.4910694145962,-3.3962759708217,1,1,Mondial Relay (Impost),"C. Tales de Mileto, 19, Alcalá de Henares",Centro de distribución urbana o estación de última milla,False,False,False,False,True,False,False,False,6,Other single service,1,Single record,0.0,1,High,False
madrid,MAD_LOC_001954,40.4576121179922,-3.56200590250836,1,1,Dhl,"Centro de Carga Aérea, Avda. Central s/n (Aeropuerto Barajas)","Gestion envíos locales, nacionales e internacionales",False,False,False,True,False,False,False,False,6,Other single service,1,Single record,0.0,1,High,False
madrid,MAD_LOC_001955,40.2695170323187,-3.71100068819896,1,1,Dhl,"Area Empresarial Andalucia, Río Almanzora, Sectores 7-8, Getafe",Centro de distribución de paquetería,False,False,False,False,False,True,False,False,6,Other single service,1,Single record,0.0,1,High,False
madrid,MAD_LOC_001956,40.4384388192929,-3.54997333091065,1,1,Dhl,"C. de Rumanía, 4, Coslada",,False,False,False,True,False,False,False,False,6,Other single service,1,Single record,0.0,1,High,False
madrid,MAD_LOC_001957,40.4458029923203,-3.49066903647874,1,1,Celeritas,"C. de los Vidrieros, 1, San Fernando de Henares",Centro de distribución urbana o estación de última milla,False,False,False,True,False,False,False,False,6,Other single service,1,Single record,0.0,1,High,False
madrid,MAD_LOC_001958,40.5384846746593,-3.64791263247603,1,1,Celeritas,"Av. de Valdelaparra, 29, Alcobendas",,False,False,False,False,True,False,False,False,6,Other single service,1,Single record,0.0,1,High,False
madrid,MAD_LOC_001959,40.435695669571,-3.5641074308195,1,1,Ctt Express,"Av. de Europa, 9, Coslada",Centro de distribución urbana o estación de última milla,False,False,False,True,False,False,False,False,6,Other single service,1,Single record,0.0,1,High,False
madrid,MAD_LOC_001960,40.4326960838005,-3.4984276140314,1,1,Ctt Express,"C. Marcelino Camacho, 13,San Fernando de Henares",Centro de distribución urbana o estación de última milla,False,False,False,True,False,False,False,False,6,Other single service,1,Single record,0.0,1,High,False
madrid,MAD_LOC_001961,40.4328494917944,-3.54809420447887,1,1,Gls,"Av. de Fuentemar, 18, Coslada",Centro de distribución y consolidación de envíos,False,False,False,False,True,False,False,False,6,Other single service,1,Single record,0.0,1,High,False
madrid,MAD_LOC_001962,40.4313471560446,-3.54894756841616,1,1,Gls,"C. de la Alcarria, 8, Coslada",Centro de distribución urbana o estación de última milla,False,False,False,False,True,False,False,False,6,Other single service,1,Single record,0.0,1,High,False
madrid,MAD_LOC_001963,40.4388141902302,-3.54032518070306,1,1,Gls,"Av. de la Cañada, 64, posterior, Coslada",Centro de distribución urbana o estación de última milla,False,False,False,False,True,False,False,False,6,Other single service,1,Single record,0.0,1,High,False
madrid,MAD_LOC_001964,40.4457063364673,-3.50396562217013,1,1,Gls,"C. de los Fontaneros, 1, San Fernando de Henares",,False,False,False,True,False,False,False,False,6,Other single service,1,Single record,0.0,1,High,False
madrid,MAD_LOC_001965,40.4517412532247,-3.57207229017879,1,1,Mrw,"Av. Central, 24, Barajas",Centro de distribución recepción y envío de paquetes,False,False,False,True,False,False,False,False,6,Other single service,1,Single record,0.0,1,High,False
madrid,MAD_LOC_001966,40.4347820838618,-3.56782098356735,1,1,Mrw,"C. Holanda, 1, Coslada",Centro de distribución urbana o estación de última milla,False,False,False,True,False,False,False,False,6,Other single service,1,Single record,0.0,1,High,False
madrid,MAD_LOC_001967,40.2484504895527,-3.70523522502456,1,1,Mrw,"C. Herreros, 8, Getafe",Centro de distribución urbana o estación de última milla,False,False,False,False,False,True,False,False,6,Other single service,1,Single record,0.0,1,High,False
madrid,MAD_LOC_001968,40.3905249887998,-3.67642616856631,1,1,Mrw,"Terminal de Transporte de Mercancías , Méndez Álvaro, 84",,False,False,False,False,True,False,False,False,6,Other single service,1,Single record,0.0,1,High,False
madrid,MAD_LOC_001969,40.4502073014907,-3.49755462779282,1,1,UPS,"Av. del Sistema Solar, 17, San Fernando de Henares",HUB Central,False,False,False,True,False,False,False,False,6,Other single service,1,Single record,0.0,1,High,False
madrid,MAD_LOC_001970,40.4391072074555,-3.54079671391907,1,1,UPS,"Avenida de la Cañada 64-66 Módulo F, Coslada",Centro de distribución urbana o estación de última milla,False,False,False,True,False,False,False,False,6,Other single service,1,Single record,0.0,1,High,False
madrid,MAD_LOC_001971,40.452462429457,-3.57433931688115,1,1,UPS,"Centro de Carga Aérea Calle India 6 Parcela 1.4.b Nave 3, Madrid","Gestion envíos locales, nacionales e internacionales",False,False,False,True,False,False,False,False,6,Other single service,1,Single record,0.0,1,High,False
madrid,MAD_LOC_001972,40.4315527440296,-3.55108986835383,1,1,Nacex,"Pol. Ind. Coslada, Av. de Fuentemar, 8 - 12, Coslada",Centro de distribución urbana o estación de última milla,False,False,False,False,True,False,False,False,6,Other single service,1,Single record,0.0,1,High,False
madrid,MAD_LOC_001973,40.4343698235276,-3.55192188012096,1,1,SEUR,"Av. de Fuentemar, 21, 28823 Coslada,",Centro de distribución urbana o estación de última milla,False,False,False,False,True,False,False,False,6,Other single service,1,Single record,0.0,1,High,False
madrid,MAD_LOC_001974,40.3705486732386,-3.64463320378285,1,1,SEUR,"Ctra. Villaverde a Vallecas, 257, Vallecas",Centro de distribución de paquetería,False,False,False,True,False,False,False,False,6,Other single service,1,Single record,0.0,1,High,False
madrid,MAD_LOC_001975,40.4567404935727,-3.50045095550638,1,1,SEUR,"C. del Mar Egeo, 1, 28830 San Fernando de Henares",Centro de distribución urbana o estación de última milla,False,False,False,True,False,False,False,False,6,Other single service,1,Single record,0.0,1,High,False
madrid,MAD_LOC_001976,40.3141195202617,-3.68339388608933,1,1,SEUR,"C. Diseño, 2, Poligono Industrial los Olivos, Getafe",Centro de distribución urbana o estación de última milla,False,False,False,False,False,True,False,False,6,Other single service,1,Single record,0.0,1,High,False
madrid,MAD_LOC_001977,40.4412072660604,-3.5501772224678,1,1,SEUR,"Av. de Suiza, 18-15, Coslada",,False,False,False,False,True,False,False,False,6,Other single service,1,Single record,0.0,1,High,False
madrid,MAD_LOC_001978,40.4386221634722,-3.49691098153509,1,1,Cainiao (Aliexpress),"Rda. de Marcos Ana, 6, 28830 Madrid",Hub de clasificación y distribución de Cainiao,False,False,False,True,False,False,False,False,6,Other single service,1,Single record,0.0,1,High,False
madrid,MAD_LOC_001979,40.3031756989268,-3.69730985792941,1,1,Cainiao (Aliexpress),"C. Marconi, 24, 28906 Getafe, Madrid",Operaciones de última milla,False,False,False,False,False,True,False,False,6,Other single service,1,Single record,0.0,1,High,False
madrid,MAD_LOC_001980,40.4533769262998,-3.5715854809667,1,1,Fedex,"Centro de Carga Aerea, Av. Central, 35, Barajas, 28042 Madrid",Recogida y agrupacion de paquetes (tráfico aéreo o intermodal),False,False,False,True,False,False,False,False,6,Other single service,1,Single record,0.0,1,High,False
madrid,MAD_LOC_001981,40.4444175625216,-3.50577118496205,1,1,Fedex,"C. Albañiles, 4, 6-8, 28830 San Fernando de Henares, Madrid",Centro de distribución urbana o estación de última milla,False,False,False,True,False,False,False,False,6,Other single service,1,Single record,0.0,1,High,False
madrid,MAD_LOC_001982,40.2706282019159,-3.68848840057135,1,1,Zeleris,"P.I. Las Arenas - C/ Ronda, 19 - 21, Pinto",,False,False,False,False,False,True,False,False,6,Other single service,1,Single record,0.0,1,High,False
madrid,MAD_LOC_001983,40.438271349316,-3.55141197328152,1,1,Envialia,"Av. de Suiza, 2, Coslada",,False,False,False,False,True,False,False,False,6,Other single service,1,Single record,0.0,1,High,False
madrid,MAD_LOC_001984,40.43784448712,-3.67727912237,1,1,Correos,"Av. America, 3",MADRID SUC 13. AV DE AMERICA,True,False,False,False,False,False,False,False,1,Locker only,1,Single record,0.0,1,High,False
madrid,MAD_LOC_001985,40.44385606239,-3.72864513566,1,1,Correos,"Arqutecto Lopez Otero, 3",MADRID SUC 60. CIUDAD UNIVERSITARIA,True,False,False,False,False,False,False,False,1,Locker only,1,Single record,0.0,1,High,False
madrid,MAD_LOC_001986,40.45007294849,-3.69306959784,1,1,Correos,Pl. Pablo Ruiz Picasso 1 (torre Picasso),MADRID SUC 66. TORRE PICASSO,True,False,False,False,False,False,False,False,1,Locker only,1,Single record,0.0,1,High,False
