Index_1,Index_2,ID_1,ID_2,Company_1,Company_2,Type_1,Type_2,Location_1,Location_2,Address_1,Address_2,Distance_m,Address_Similarity,Location_Similarity,Address_Numbers_Available,Same_Address_Number,Same_Company,Same_Type,Should_Cluster,Possible_Duplicate,Pair_Classification,Pair_Rule
19,1920,20,1921,InPost,Dhl,Convenience Stores,Convenience Stores,Abp Comunicaciones,Abp Comunicaciones,Intercambiador de Avenida de América,"Intercambiador de Avenida de América, Nivel -3",21.05,90.0,100.0,False,False,False,True,False,False,Manual review,review candidate only
33,2623,34,2624,InPost,Gls,Convenience Stores,Convenience Stores,El Jardin De Churruca,Ps El Jardín De Churruca,"C. de Churruca, 19","C. de Churruca, 19",18.93,100.0,93.33,True,True,False,True,False,False,Manual review,review candidate only
37,38,38,39,InPost,InPost,Convenience Stores,Convenience Stores,El Jardin De Kika,Copypez 12,"C. del Pez, 12","C. del Pez, 12",14.8,100.0,14.81,True,True,True,True,True,True,Possible duplicate,distance <= 15m and strong text match
45,2061,46,2062,InPost,Celeritas,Convenience Stores,Convenience Stores,Estanco Piramides,Estanco Piramides,"P.o de las Acacias, 69","P.o de las Acacias, 69",21.98,100.0,100.0,True,True,False,True,False,False,Manual review,review candidate only
46,607,47,608,InPost,Correos,Convenience Stores,Locker,Nuvole Di Profumo Mercado De La,Mercado De La Cebada,"Pl. de la Cebada, S/N","Pl. de la Cebada, S/N",18.61,100.0,50.98,False,False,False,False,False,False,Manual review,review candidate only
63,2271,64,2272,InPost,Ctt Express,Convenience Stores,Convenience Stores,Locutorio Marandu,Locutorio Marandu Jb,"Calle de Juan Bravo, 63","Calle de Juan Bravo, 63",22.5,100.0,91.89,True,True,False,True,False,False,Manual review,review candidate only
67,824,68,825,InPost,Amazon,Locker,Locker,24/7 Gasolinera Repsol Es Mo,Lockers Marcos,"Calle de María de Molina, 21","Calle de María de Molina, 21",23.4,100.0,33.33,True,True,False,True,False,False,Manual review,review candidate only
68,1403,69,1404,InPost,SEUR,Locker,Locker,24/7 Parking,Seur Lockers Parking Bolto,"Av. del Mediterráneo, 28 (garita)","Av. del Mediterráneo, 28",19.79,86.27,47.37,True,True,False,True,False,False,Manual review,review candidate only
70,2274,71,2275,InPost,Ctt Express,Convenience Stores,Convenience Stores,Doce Treinta Y Cuatro,Doce Treinta Y Cuatro,"C. del Dr. Esquerdo, 96","C. del Dr. Esquerdo, 96",18.17,100.0,100.0,True,True,False,True,False,False,Manual review,review candidate only
70,2278,71,2279,InPost,Ctt Express,Convenience Stores,Convenience Stores,Doce Treinta Y Cuatro,Doce Treinta Y Cuatro,"C. del Dr. Esquerdo, 96","C. del Dr. Esquerdo, 96, Local 2",20.31,83.33,100.0,True,True,False,True,False,False,Manual review,review candidate only
72,838,73,839,InPost,Amazon,Convenience Stores,Locker,Efecto 2000,Amazon Locker - Echarri,"C. de Valderribas, 34","C. de Valderribas, 34",24.85,100.0,18.75,True,True,False,False,False,False,Manual review,review candidate only
76,827,77,828,InPost,Amazon,Locker,Locker,La Wash,Lockers - Virgo Lavanderia Autoservicio La Wash,"Av. de la Ciudad de Barcelona, 93",Avenida de la Ciudad de Barcelona 93,27.52,92.54,26.92,True,True,False,True,False,False,Manual review,review candidate only
82,1411,83,1412,InPost,SEUR,Convenience Stores,Convenience Stores,Estanco Tellez Madrid,Estanco Tellez,"C. de Téllez, 17","C. de Téllez, 19",19.16,92.86,80.0,True,False,False,True,False,False,Manual review,review candidate only
83,850,84,851,InPost,Amazon,Convenience Stores,Convenience Stores,Na Tecnologia Market,Amazon Counter - Ma Tecnologia Markt,"C. de Quintana, 9","C. de Quintana, 9",15.89,100.0,70.37,True,True,False,True,False,False,Manual review,review candidate only
84,1790,85,1791,InPost,SEUR,Convenience Stores,Locker,Estanco 804,Seur Lockers Parking Bolto,"C. de Romero Robledo, 9","C. de Romero Robledo, 9",27.48,100.0,21.62,True,True,False,False,False,False,Manual review,review candidate only
86,2900,87,2901,InPost,UPS,Convenience Stores,Convenience Stores,Mobile Centre,Mobile Centre,"Calle de la Princesa, 3","Calle de la Princesa, 3",24.92,100.0,100.0,True,True,False,True,False,False,Manual review,review candidate only
105,1434,106,1435,InPost,SEUR,Convenience Stores,Convenience Stores,Papeleria Ap,Papeleria Ap,"Calle de García de Paredes, 84","Calle de García de Paredes, 84",18.97,100.0,100.0,True,True,False,True,False,False,Manual review,review candidate only
105,2653,106,2654,InPost,Gls,Convenience Stores,Convenience Stores,Papeleria Ap,Ps Acuatro,"Calle de García de Paredes, 84","Calle de García de Paredes, 84",26.22,100.0,27.27,True,True,False,True,False,False,Manual review,review candidate only
112,2076,113,2077,InPost,Celeritas,Convenience Stores,Convenience Stores,Alimentacion Amigos,Alimentacion Amigos,"C. de El Greco, 27","C. de El Greco, 27",17.76,100.0,100.0,True,True,False,True,False,False,Manual review,review candidate only
113,2910,114,2911,InPost,UPS,Convenience Stores,Convenience Stores,Expenduderia 747,Fnx-Estanco 747 Batan,"Calle de Villagarcía, 2","Calle de Villagarcía, 2",17.98,100.0,32.43,True,True,False,True,False,False,Manual review,review candidate only
117,1443,118,1444,InPost,SEUR,Convenience Stores,Convenience Stores,Mundo Movil 2,Mundo Movil 2,"C. de Cebreros, 12","C. de Cebreros, 12",22.74,100.0,100.0,True,True,False,True,False,False,Manual review,review candidate only
117,874,118,875,InPost,Amazon,Convenience Stores,Convenience Stores,Mundo Movil 2,Seur - Mundo Movil 2,"C. de Cebreros, 12","C. de Cebreros, 12",25.61,100.0,83.87,True,True,False,True,False,False,Manual review,review candidate only
119,2835,120,2836,InPost,Nacex,Convenience Stores,Convenience Stores,Optica Pedro Martin,Optica Pedro Martin (2886-15),"C. Jaime Tercero, 25","C. Jaime Tercero, 25",17.49,100.0,82.61,True,True,False,True,False,False,Manual review,review candidate only
124,2321,125,2322,InPost,Ctt Express,Convenience Stores,Convenience Stores,Madina Telecom Money Transfer2,Madina Telecom Money Transfer.,"C. de Embajadores, 5","C. de Embajadores, 5",26.05,100.0,98.31,True,True,False,True,False,False,Manual review,review candidate only
135,2658,136,2659,InPost,Gls,Convenience Stores,Convenience Stores,24h Market,Ps Locutorio Pars Market,"Cost.a de los Ángeles, 15","Cost.a de los Ángeles, 15",20.91,100.0,41.18,True,True,False,True,False,False,Manual review,review candidate only
143,2659,144,2660,InPost,Gls,Convenience Stores,Convenience Stores,Expendeduria 204,Ps Estanco Vallehermoso,"C. de Vallehermoso, 11",Calle de Vallehermoso 11,26.72,90.91,20.51,True,True,False,True,False,False,Manual review,review candidate only
147,1474,148,1475,InPost,SEUR,Locker,Locker,Locker 24/7 Indigo Quevedo,Seur Lockers Pk Quevedo,"C. de Rodríguez San Pedro, 8","C. de Rodríguez San Pedro, 8",15.31,100.0,61.22,True,True,False,True,False,False,Manual review,review candidate only
147,3132,148,3133,InPost,Pudo,Locker,Click&Collect,Locker 24/7 Indigo Quevedo,Parking Indigo Quevedo,"C. de Rodríguez San Pedro, 8","C. de Rodríguez San Pedro, 8",17.34,100.0,66.67,True,True,False,False,False,False,Manual review,review candidate only
150,2667,151,2668,InPost,Gls,Convenience Stores,Convenience Stores,Movil Shop,Ps Movil Shop,"C. de Bravo Murillo, 11","C. de Bravo Murillo, 11",19.49,100.0,86.96,True,True,False,True,False,False,Manual review,review candidate only
158,927,159,928,InPost,Amazon,Convenience Stores,Convenience Stores,Mundo Del Movil,Seur - Mundo Movil Ppe De Vergar,"C. del Príncipe de Vergara, 291","Calle del Príncipe de Vergara, 291",16.55,93.55,48.89,True,True,False,True,False,False,Manual review,review candidate only
158,2344,159,2345,InPost,Ctt Express,Convenience Stores,Convenience Stores,Mundo Del Movil,Mundo Del Movil,"C. del Príncipe de Vergara, 291","C. del Príncipe de Vergara, 291",22.14,100.0,100.0,True,True,False,True,False,False,Manual review,review candidate only
159,2085,160,2086,InPost,Celeritas,Convenience Stores,Convenience Stores,Estanco 401,Estanco Moncloa,"C. de Víctor Andrés Belaunde, 2","C. de Víctor Andrés Belaunde, 2",26.34,100.0,61.54,True,True,False,True,False,False,Manual review,review candidate only
159,2087,160,2088,InPost,Celeritas,Convenience Stores,Convenience Stores,Estanco 401,Estanco 401,"C. de Víctor Andrés Belaunde, 2","C. de Víctor Andrés Belaunde, 2",26.34,100.0,100.0,True,True,False,True,False,False,Manual review,review candidate only
160,2671,161,2672,InPost,Gls,Convenience Stores,Convenience Stores,Alimentacion Xiaofen,Ps Alimentacion Xiaofen,"Av. de Alfonso XIII, 145","Av. de Alfonso XIII, 145",20.1,100.0,93.02,True,True,False,True,False,False,Manual review,review candidate only
161,1488,162,1489,InPost,SEUR,Convenience Stores,Convenience Stores,Estanco Infanta - Paseo Habana,Estanco 869 Madrid,"C. de la Infanta María Teresa, 8","C. de la Infanta María Teresa, 8",16.42,100.0,39.13,True,True,False,True,False,False,Manual review,review candidate only
161,1954,162,1955,InPost,Dhl,Convenience Stores,Convenience Stores,Estanco Infanta - Paseo Habana,Estanco 869 Madrid,"C. de la Infanta María Teresa, 8","C. de la Infanta María Teresa, 8",19.75,100.0,39.13,True,True,False,True,False,False,Manual review,review candidate only
164,1490,165,1491,InPost,SEUR,Convenience Stores,Convenience Stores,Agm Arora Gestiones Y Mensajeri,Arora Gestiones Agm,"C. de los Caídos de la División Azul, 18","C. de los Caídos de la División Azul, 18",16.97,100.0,68.0,True,True,False,True,False,False,Manual review,review candidate only
171,1503,172,1504,InPost,SEUR,Convenience Stores,Convenience Stores,Papeleria Libreria Gonzalo,Papeleria Libreria Gonzal,"C/ de José Arcones Gil, 84","C/ de José Arcones Gil, 84",17.31,100.0,98.04,True,True,False,True,False,False,Manual review,review candidate only
178,938,179,939,InPost,Amazon,Convenience Stores,Convenience Stores,Tribuna Libros,Seur - Tribuna Libros,"Calle de Portugalete, 17","Calle de Portugalete, 17",19.24,100.0,84.85,True,True,False,True,False,False,Manual review,review candidate only
182,2934,183,2935,InPost,UPS,Convenience Stores,Convenience Stores,Dimoda,Di+Moda,"C. Historias de la Radio, 4","C. Historias de la Radio, 4",27.44,100.0,92.31,True,True,False,True,False,False,Manual review,review candidate only
183,1514,184,1515,InPost,SEUR,Locker,Locker,Locker Lavanderia De Vallecas,Seur Locker Patas Felices,"C. de Carlos Martín Álvarez, 11","C. de Carlos Martín Álvarez, 11",20.24,100.0,37.04,True,True,False,True,False,False,Manual review,review candidate only
187,2098,188,2099,InPost,Celeritas,Convenience Stores,Convenience Stores,Alimentacion Bazar,Alimentacion Bazar,"Tr.a de Felipe de Diego, 25","Tr.a de Felipe de Diego, 25",17.2,100.0,100.0,True,True,False,True,False,False,Manual review,review candidate only
193,1521,194,1522,InPost,SEUR,Locker,Locker,Locker 24/7 Grupo Bolton Pedro,Seur Locker Parking Pedro,"Av. de Pedro Diez, 21","Av. de Pedro Diez, 21",27.97,100.0,50.91,True,True,False,True,False,False,Manual review,review candidate only
201,2940,202,2941,InPost,UPS,Convenience Stores,Convenience Stores,Molduras Perez,Molduras Perez,"C. de Valle de Oro, 28","C. de Valle de Oro, 28",20.09,100.0,100.0,True,True,False,True,False,False,Manual review,review candidate only
204,2366,205,2367,InPost,Ctt Express,Convenience Stores,Convenience Stores,Estanco Pedro Yague,Estanco Pedro Yague,"C. Pedro Yagüe, 2","C. Pedro Yagüe, 2",16.53,100.0,100.0,True,True,False,True,False,False,Manual review,review candidate only
204,2107,205,2108,InPost,Celeritas,Convenience Stores,Convenience Stores,Estanco Pedro Yague,Estanco Pedro Yague,"C. Pedro Yagüe, 2","C. Pedro Yagüe, 2",18.21,100.0,100.0,True,True,False,True,False,False,Manual review,review candidate only
207,971,208,972,InPost,Amazon,Convenience Stores,Locker,24/7 Indigo,Lockers Cadascuna,"C. de Orense, 50","C. de Orense, 50",15.38,100.0,14.29,True,True,False,False,False,False,Manual review,review candidate only
207,2951,208,2952,InPost,UPS,Convenience Stores,Convenience Stores,24/7 Indigo,Pkg Indigo Orense,"C. de Orense, 50","C. de Orense, 50",22.8,100.0,50.0,True,True,False,True,False,False,Manual review,review candidate only
215,1781,216,1782,InPost,SEUR,Convenience Stores,Locker,Europay Transpera,Seur Lockers Europhil Brav,"C. de Bravo Murillo, 297","C. de Bravo Murillo, 297",24.43,100.0,37.21,True,True,False,False,False,False,Manual review,review candidate only
223,2797,224,2798,InPost,Nacex,Convenience Stores,Convenience Stores,Mandalo Market,Amuleto Maravilla (2861-09),"C. de Bravo Murillo, 122","C. de Bravo Murillo, 122",25.57,100.0,35.9,True,True,False,True,False,False,Manual review,review candidate only
225,2813,226,2814,InPost,Nacex,Convenience Stores,Convenience Stores,Multiservicios Madhouse Villave,Euroconexion Villaverde Alto (2882-19),"C. de la Aladierna, 9","C. de la Aladierna, 9",19.2,100.0,35.82,True,True,False,True,False,False,Manual review,review candidate only
226,2121,227,2122,InPost,Celeritas,Convenience Stores,Convenience Stores,Estanco Madrid 763,Estanco - Madrid 763,"Calle del Dr. Martín Arévalo, 4","Calle del Dr. Martín Arévalo, 4",24.29,100.0,100.0,True,True,False,True,False,False,Manual review,review candidate only
227,2395,228,2396,InPost,Ctt Express,Convenience Stores,Convenience Stores,Locutorio Sunmoon 2,Locutorio Sunmoon 2,"Av. Real de Pinto, 6","Av. Real de Pinto, 6",19.97,100.0,100.0,True,True,False,True,False,False,Manual review,review candidate only
229,2812,230,2813,InPost,Nacex,Convenience Stores,Convenience Stores,Estanco Madrid 382,Estanco Madrid 382 (2882-22),"P.o de Alberto Palacios, 82","P.o de Alberto Palacios, 82",21.93,100.0,81.82,True,True,False,True,False,False,Manual review,review candidate only
232,2117,233,2118,InPost,Celeritas,Convenience Stores,Convenience Stores,Locutorio Medina,Locutorio Medina,"Calle Encarnación Oviol, 48","Calle Encarnación Oviol, 48",15.99,100.0,100.0,True,True,False,True,False,False,Manual review,review candidate only
238,2405,239,2406,InPost,Ctt Express,Convenience Stores,Convenience Stores,Locutorio Jlm,Locutorio Jlm,"C. de Troya, 32","C. de Troya, 32",15.72,100.0,100.0,True,True,False,True,False,False,Manual review,review candidate only
241,1969,242,1970,InPost,Dhl,Convenience Stores,Convenience Stores,Papeleria Fotografia Odin,Papeleria Fotografia Odin,"C. de Sofía, 56","C. de Sofía, 56",18.17,100.0,100.0,True,True,False,True,False,False,Manual review,review candidate only
241,2403,242,2404,InPost,Ctt Express,Convenience Stores,Convenience Stores,Papeleria Fotografia Odin,Bel Art,"C. de Sofía, 56","C. de Sofía, 56",21.7,100.0,25.0,True,True,False,True,False,False,Manual review,review candidate only
243,2399,244,2400,InPost,Ctt Express,Convenience Stores,Convenience Stores,Estanco Vega,Estanco Vega,"C. Ribadumia, 2","C. Ribadumia, 2",15.08,100.0,100.0,True,True,False,True,False,False,Manual review,review candidate only
243,2129,244,2130,InPost,Celeritas,Convenience Stores,Convenience Stores,Estanco Vega,Estanco Vega,"C. Ribadumia, 2","C. Ribadumia, 2",15.35,100.0,100.0,True,True,False,True,False,False,Manual review,review candidate only
244,2133,245,2134,InPost,Celeritas,Convenience Stores,Convenience Stores,New Mascota Canillejas,New Mascota Canillejas,"C/ de Boltaña, 59","C/ de Boltaña, 59",20.79,100.0,100.0,True,True,False,True,False,False,Manual review,review candidate only
244,1014,245,1015,InPost,Amazon,Convenience Stores,Convenience Stores,New Mascota Canillejas,Amazon Counter - New Mascota Canillejas,"C/ de Boltaña, 59","C/ de Boltaña, 59",23.58,100.0,74.58,True,True,False,True,False,False,Manual review,review candidate only
249,1972,250,1973,InPost,Dhl,Convenience Stores,Convenience Stores,Casa Cuadro,Casa Cuadro,"Av. de Niza, 5","Av. de Niza, 5",28.62,100.0,100.0,True,True,False,True,False,False,Manual review,review candidate only
261,2985,262,2986,InPost,UPS,Convenience Stores,Convenience Stores,Locutorio Khan 2,Full-Locutorio Khan 2,"P.o Castellanos, 65","C. Aliseda, 32",23.61,13.33,86.49,True,False,False,True,False,False,Manual review,review candidate only
265,1843,266,1844,InPost,SEUR,Locker,Locker,Locker 24/7 Galp Madrid Argenti,Seur Locker Galp Poblados,"Av. de los Poblados, 83","Av. de los Poblados, 83",22.88,100.0,50.0,True,True,False,True,False,False,Manual review,review candidate only
266,2420,267,2421,InPost,Ctt Express,Convenience Stores,Convenience Stores,Master Ocio,Master Ocio,"C. de Eugenia de Montijo, 63","C. de Eugenia de Montijo, 65",24.85,96.15,100.0,True,False,False,True,False,False,Manual review,review candidate only
266,2718,267,2719,InPost,Gls,Convenience Stores,Convenience Stores,Master Ocio,Ps Master Ocio S.L.U,"C. de Eugenia de Montijo, 63",Calle de Eugenia de Montijo 63 - local,26.12,83.87,70.97,True,True,False,True,False,False,Manual review,review candidate only
279,2692,280,2693,InPost,Gls,Convenience Stores,Convenience Stores,Damalar Viajes,Ps Damalar,"C. de la Cuesta, 15","C. de la Cuesta, 15",18.82,100.0,58.33,True,True,False,True,False,False,Manual review,review candidate only
280,1048,281,1049,InPost,Amazon,Convenience Stores,Locker,Libreria Trazos,Seur - Papeleria Libreria Trazos,"C. Cristo de la Victoria, 113","C. Cristo de la Victoria, 113",21.61,100.0,66.67,True,True,False,False,False,False,Manual review,review candidate only
283,2428,284,2429,InPost,Ctt Express,Convenience Stores,Convenience Stores,El Dedal De Cristal,El Dedal De Cristal,"C. San Armengol, 5","C. San Armengol, 5",17.11,100.0,100.0,True,True,False,True,False,False,Manual review,review candidate only
283,2142,284,2143,InPost,Celeritas,Convenience Stores,Convenience Stores,El Dedal De Cristal,El Dedal De Cristal,"C. San Armengol, 5","C. San Armengol, 5",17.82,100.0,100.0,True,True,False,True,False,False,Manual review,review candidate only
286,2986,287,2987,InPost,UPS,Convenience Stores,Convenience Stores,Esperanza Locutorio,Kanguro Esperanza Loc Y Envio,"Av Cerro de los Ángeles, 1","Av Cerro de los Ángeles, 1c",26.8,98.04,62.5,False,False,False,True,False,False,Manual review,review candidate only
286,1060,287,1061,InPost,Amazon,Convenience Stores,Convenience Stores,Esperanza Locutorio,Amazon Counter - Esperanza Locutorio,"Av Cerro de los Ángeles, 1","Av Cerro de los Ángeles, 1, LOCAL C",28.63,86.21,71.7,True,True,False,True,False,False,Manual review,review candidate only
296,1985,297,1986,InPost,Dhl,Locker,Convenience Stores,Locker Denver75 Servicios Sl,Denver75,"C. de Alcalá, 311","C. de Alcalá, 311",21.07,100.0,44.44,True,True,False,False,False,False,Manual review,review candidate only
302,1987,303,1988,InPost,Dhl,Convenience Stores,Convenience Stores,Debuenatinta,Bazar De Buena Tinta,"C/ de Francisco Silvela, 20","C/ de Francisco Silvela, 20",24.33,100.0,75.0,True,True,False,True,False,False,Manual review,review candidate only
302,1644,303,1645,InPost,SEUR,Convenience Stores,Convenience Stores,Debuenatinta,De Buena Tinta,"C/ de Francisco Silvela, 20","C/ de Francisco Silvela, 20",28.28,100.0,92.31,True,True,False,True,False,False,Manual review,review candidate only
303,2676,304,2677,InPost,Gls,Convenience Stores,Convenience Stores,Em Movil,Ps Em Movil Zafra,"P.o del Marqués de Zafra, 17","P.o del Marqués de Zafra, 17",23.77,100.0,64.0,True,True,False,True,False,False,Manual review,review candidate only
308,2450,309,2451,InPost,Ctt Express,Convenience Stores,Convenience Stores,La Casa Del Cartucho,La Casa Del Cartucho,"C/ de Francisco Silvela, 72","C/ de Francisco Silvela, 72",16.18,100.0,100.0,True,True,False,True,False,False,Manual review,review candidate only
308,3002,309,3003,InPost,UPS,Convenience Stores,Convenience Stores,La Casa Del Cartucho,La Casa Del Cartucho,"C/ de Francisco Silvela, 72","C/ de Francisco Silvela, 72",20.71,100.0,100.0,True,True,False,True,False,False,Manual review,review candidate only
311,1649,312,1650,InPost,SEUR,Convenience Stores,Convenience Stores,Locutorio Marandu,Locutorio Marandu,"C. de Ardemans, 44","C. de Ardemans, 44",17.32,100.0,100.0,True,True,False,True,False,False,Manual review,review candidate only
313,1653,314,1654,InPost,SEUR,Convenience Stores,Convenience Stores,Rsm Artes Graficas,Rsm Artes Graficas,"C. de Melchor Fernández Almagro, 34","C. de Melchor Fernández Almagro, 34",20.39,100.0,100.0,True,True,False,True,False,False,Manual review,review candidate only
316,2155,317,2156,InPost,Celeritas,Convenience Stores,Convenience Stores,El Kiosko De Jesus,El Kiosko De Jesus,"C. de Ginzo de Limia, 25","C. de Ginzo de Limia, 25",18.17,100.0,100.0,True,True,False,True,False,False,Manual review,review candidate only
324,1664,325,1665,InPost,SEUR,Convenience Stores,Convenience Stores,Ferreteria Alvaro,Ferreteria Alvaro,"Av. de Betanzos, 14","Av. de Betanzos, 14",29.67,100.0,100.0,True,True,False,True,False,False,Manual review,review candidate only
326,1670,327,1671,InPost,SEUR,Convenience Stores,Convenience Stores,Doble C Servicios Informaticos,Doblec Servicios Informat,"C. de Sarria, 2","C. de Sarria, 2",17.27,100.0,90.91,True,True,False,True,False,False,Manual review,review candidate only
326,3011,327,3012,InPost,UPS,Convenience Stores,Convenience Stores,Doble C Servicios Informaticos,Doble C Servicios Informaticos,"C. de Sarria, 2","C. de Sarria, 2",21.25,100.0,100.0,True,True,False,True,False,False,Manual review,review candidate only
328,1091,329,1092,InPost,Amazon,Convenience Stores,Convenience Stores,Silver Envios,Amazon Counter - Locutorio Silvers Envios..,"C. de González Sola, 16","C. de González Sola, 16",16.41,100.0,50.0,True,True,False,True,False,False,Manual review,review candidate only
329,1668,330,1669,InPost,SEUR,Convenience Stores,Convenience Stores,Disache,Disache C.B.,"C. Pinos Alta, 33","C. Pinos Alta, 33",17.24,100.0,77.78,True,True,False,True,False,False,Manual review,review candidate only
329,3005,330,3006,InPost,UPS,Convenience Stores,Convenience Stores,Disache,Disache,"C. Pinos Alta, 33","C. Pinos Alta, 33",20.59,100.0,100.0,True,True,False,True,False,False,Manual review,review candidate only
329,1090,330,1091,InPost,Amazon,Convenience Stores,Convenience Stores,Disache,Amazon Counter - Disache C.B.,"C. Pinos Alta, 33","C. Pinos Alta, 33",21.46,100.0,42.42,True,True,False,True,False,False,Manual review,review candidate only
336,1678,337,1679,InPost,SEUR,Convenience Stores,Convenience Stores,Locutorio Mi Llajta,Locutorio Mi Llajta,"C. del Camino de los Vinateros, 93","C. del Vinateros, 93",17.1,72.0,100.0,True,True,False,True,False,False,Manual review,review candidate only
336,2162,337,2163,InPost,Celeritas,Convenience Stores,Convenience Stores,Locutorio Mi Llajta,Locutorio Mi Llajta,"C. del Camino de los Vinateros, 93","C. del Camino de los Vinateros, 93",23.64,100.0,100.0,True,True,False,True,False,False,Manual review,review candidate only
344,3014,345,3015,InPost,UPS,Convenience Stores,Convenience Stores,Caprichos Y Tentaciones,Caprichos Y Tentaciones,"C. de Arroyo de Fontarrón, 3","C. de Arroyo de Fontarrón, 1",23.73,96.15,100.0,True,False,False,True,False,False,Manual review,review candidate only
350,1688,351,1689,InPost,SEUR,Convenience Stores,Convenience Stores,Estanco Metro Estrella,Estanco Metro Estrella,"C. del Camino de los Vinateros, 10","C. del Camino de los Vinateros, 10",19.94,100.0,100.0,True,True,False,True,False,False,Manual review,review candidate only
361,1126,362,1127,InPost,Amazon,Locker,Locker,Locker Supermercado Dia Calle D,Amazon Locker - Iriondo Supermercado,"C. de San Jaime, 1","C. de San Jaime, 1",23.94,100.0,58.46,True,True,False,True,False,False,Manual review,review candidate only
364,1140,365,1141,InPost,Amazon,Convenience Stores,Convenience Stores,Cyber Locutorio Mym,Seur - Multiservicios Mym,"C. de Calahorra, 25","C. de Calahorra, 25",22.99,100.0,42.86,True,True,False,True,False,False,Manual review,review candidate only
364,1701,365,1702,InPost,SEUR,Convenience Stores,Convenience Stores,Cyber Locutorio Mym,Multiservicios Mym,"C. de Calahorra, 25","C. de Calahorra, 25",24.6,100.0,48.65,True,True,False,True,False,False,Manual review,review candidate only
364,2751,365,2752,InPost,Gls,Convenience Stores,Convenience Stores,Cyber Locutorio Mym,Ps Cyberlocutorio Mym,"C. de Calahorra, 25",Calle de Calahorra 25,25.46,89.47,90.0,True,True,False,True,False,False,Manual review,review candidate only
364,1141,365,1142,InPost,Amazon,Convenience Stores,Convenience Stores,Cyber Locutorio Mym,Amazon Counter - Cyberlocutorio M&M,"C. de Calahorra, 25","C. de Calahorra, 25",25.46,100.0,65.38,True,True,False,True,False,False,Manual review,review candidate only
364,2495,365,2496,InPost,Ctt Express,Convenience Stores,Convenience Stores,Cyber Locutorio Mym,Cyberlocutorio M&M,"C. de Calahorra, 25","C. de Calahorra, 25",28.2,100.0,91.89,True,True,False,True,False,False,Manual review,review candidate only
369,2168,370,2169,InPost,Celeritas,Convenience Stores,Convenience Stores,Papeleria Y Loterias Los Trabal,Papelería Trabalenguas,"C. de Minerva, 89","C. de Minerva, 89",24.66,100.0,60.38,True,True,False,True,False,False,Manual review,review candidate only
371,3241,372,3242,InPost,Pudo,Locker,Click&Collect,Locker Cc Valdebernardo,C.C. Valdebernardo,"Centro Comercial Valdebernardo, Blvr. de José Prat, 35","C. de los Pinillas, 48",15.53,30.99,85.0,True,False,False,False,False,False,Manual review,review candidate only
371,1710,372,1711,InPost,SEUR,Locker,Locker,Locker Cc Valdebernardo,Seur Locker Valdebernardo,"Centro Comercial Valdebernardo, Blvr. de José Prat, 35","C. de los Pinillas, 48",18.34,30.99,83.33,True,False,False,True,False,False,Manual review,review candidate only
376,1714,377,1715,InPost,SEUR,Convenience Stores,Convenience Stores,Baby Gallery,Baby Gallery,"C. de Lorca, 1","C. de Lorca, 1",20.01,100.0,100.0,True,True,False,True,False,False,Manual review,review candidate only
382,3026,383,3027,InPost,UPS,Convenience Stores,Convenience Stores,Peluqueria Y Estetica Roseni Li,Kanguro Peluq Est Roseni Lima,"Av. de San Luis, 146","Av. de San Luis, 146",15.9,100.0,63.33,True,True,False,True,False,False,Manual review,review candidate only
391,1155,392,1156,InPost,Amazon,Locker,Locker,Locker 24/7 Repsol Cred Fuencar,Amazon Locker - Telefono Repsol,"CL AVENIDA, Calle de Ntra. Sra. de Valverde, 175","Calle de Ntra. Sra. de Valverde, 175",20.12,85.71,46.67,True,True,False,True,False,False,Manual review,review candidate only
395,3033,396,3034,InPost,UPS,Convenience Stores,Convenience Stores,La Tienda De Lara,La Tienda De Lara,"C. de Sabadell, 86","C. de Sabadell, 86",18.17,100.0,100.0,True,True,False,True,False,False,Manual review,review candidate only
401,1735,402,1736,InPost,SEUR,Convenience Stores,Locker,Locutorio Casandra,Seur Locker Locutorio Cas,"C. de Isidro Fernández, 11","C. de Isidro Fernández, 11",23.63,100.0,60.47,True,True,False,False,False,False,Manual review,review candidate only
420,1163,421,1164,InPost,Amazon,Locker,Locker,Locker 24/7 Emt Mad Nuestra Sen,Lockers Tocumen,"C. de la Hiedra, 26",Calle de la Hiedra 26B,15.13,87.18,43.48,False,False,False,True,False,False,Manual review,review candidate only
421,3045,422,3046,InPost,UPS,Convenience Stores,Convenience Stores,Agh Fotodigital,Estanco Virgen De La Oliva,"C. de la Virgen de la Oliva, 2","C. de la Virgen de la Oliva, 2",15.24,100.0,14.63,True,True,False,True,False,False,Manual review,review candidate only
421,2179,422,2180,InPost,Celeritas,Convenience Stores,Convenience Stores,Agh Fotodigital,Agh Fotodigital,"C. de la Virgen de la Oliva, 2","C. de la Virgen de la Oliva, 2",17.76,100.0,100.0,True,True,False,True,False,False,Manual review,review candidate only
421,1751,422,1752,InPost,SEUR,Convenience Stores,Convenience Stores,Agh Fotodigital,Fruteria Eder,"C. de la Virgen de la Oliva, 2","C. de la Virgen de la Oliva, 2",18.85,100.0,21.43,True,True,False,True,False,False,Manual review,review candidate only
421,2006,422,2007,InPost,Dhl,Convenience Stores,Convenience Stores,Agh Fotodigital,Agh Fotodigital,"C. de la Virgen de la Oliva, 2","C. de la Virgen de la Oliva, 2",20.1,100.0,100.0,True,True,False,True,False,False,Manual review,review candidate only
421,2515,422,2516,InPost,Ctt Express,Convenience Stores,Convenience Stores,Agh Fotodigital,Agh Fotodigital,"C. de la Virgen de la Oliva, 2","C. de la Virgen de la Oliva, 2",22.68,100.0,100.0,True,True,False,True,False,False,Manual review,review candidate only
425,2854,426,2855,InPost,Nacex,Convenience Stores,Convenience Stores,Agencia De Viajes,Agencia De Viajes International Travelling (2878-15),"C. de Argos, 9","C. de Argos, 9",15.49,100.0,50.75,True,True,False,True,False,False,Manual review,review candidate only
425,3048,426,3049,InPost,UPS,Convenience Stores,Convenience Stores,Agencia De Viajes,International Travelling,"C. de Argos, 9","C. de Argos, 9",17.25,100.0,9.76,True,True,False,True,False,False,Manual review,review candidate only
425,2184,426,2185,InPost,Celeritas,Convenience Stores,Convenience Stores,Agencia De Viajes,Agencia Viajes International Travelling,"C. de Argos, 9","C. de Argos, 9",19.21,100.0,50.0,True,True,False,True,False,False,Manual review,review candidate only
430,2856,431,2857,InPost,Nacex,Locker,Convenience Stores,Market La Esquina 38,Market La Esquina 38 (2878-13),"C. de los Tejedores, 39","C. de los Tejedores, 39",23.54,100.0,83.33,True,True,False,False,False,False,Manual review,review candidate only
431,3233,432,3234,InPost,Pudo,Convenience Stores,Click&Collect,Locker 24/7 Galp Ctra Ajalvir V,E.S. Galp Arcentales,"Av. de Arcentales, 7","Av. de Arcentales, 7",24.92,100.0,48.0,True,True,False,False,False,False,Manual review,review candidate only
431,3046,432,3047,InPost,UPS,Convenience Stores,Locker,Locker 24/7 Galp Ctra Ajalvir V,P Taquilla Galp Arcentales,"Av. de Arcentales, 7","Av. de Arcentales, 7",29.03,100.0,38.6,True,True,False,False,False,False,Manual review,review candidate only
437,1184,438,1185,InPost,Amazon,Convenience Stores,Convenience Stores,Envios Caribe,Seur - Envios Caribe,"C. Picos de Europa, 9","C. de los Picos de Europa, 9",27.34,84.44,83.87,True,True,False,True,False,False,Manual review,review candidate only
439,1176,440,1177,InPost,Amazon,Locker,Locker,Locker Locutorio Geomil,Amazon Locker - Grifol,"Av. de Peña Prieta, 75","Av. de Peña Prieta, 75",20.75,100.0,51.16,True,True,False,True,False,False,Manual review,review candidate only
439,1181,440,1182,InPost,Amazon,Locker,Convenience Stores,Locker Locutorio Geomil,Amazon Counter - Geomil Exprees,"Av. de Peña Prieta, 75","Av. de Peña Prieta, 75",22.16,100.0,42.31,True,True,False,False,False,False,Manual review,review candidate only
445,1192,446,1193,InPost,Amazon,Convenience Stores,Convenience Stores,Creaciones Slenny,Creaciones Slenny,"C. de Francos Rodríguez, 58","C. de Francos Rodríguez, 58, Local 2 Bajo",27.65,79.37,100.0,True,True,False,True,False,False,Manual review,review candidate only
453,1782,454,1783,InPost,SEUR,Convenience Stores,Locker,Latin Travel,Seur Lockers Latin Travel,"Calle de Sta Juliana, 7","Calle de Sta Juliana, 7",16.74,100.0,64.86,True,True,False,False,False,False,Manual review,review candidate only
456,2532,457,2533,InPost,Ctt Express,Convenience Stores,Convenience Stores,Kurama,Kurama,"C. de Valderrodrigo, 45","C. de Valderrodrigo, 45",15.45,100.0,100.0,True,True,False,True,False,False,Manual review,review candidate only
456,3053,457,3054,InPost,UPS,Convenience Stores,Convenience Stores,Kurama,Kurama,"C. de Valderrodrigo, 45","C. de Valderrodrigo, 45",17.36,100.0,100.0,True,True,False,True,False,False,Manual review,review candidate only
456,2808,457,2809,InPost,Nacex,Convenience Stores,Convenience Stores,Kurama,Kurama (2844-10),"C. de Valderrodrigo, 45","C. de Valderrodrigo, 45",22.42,100.0,60.0,True,True,False,True,False,False,Manual review,review candidate only
462,1793,463,1794,InPost,SEUR,Convenience Stores,Convenience Stores,Libreria 7 Colores,Libreria 7 Colores,"C. Fitero, 3C","C. Fitero, 3",18.43,95.24,100.0,False,False,False,True,False,False,Manual review,review candidate only
468,2016,469,2017,InPost,Dhl,Convenience Stores,Convenience Stores,Expofotshop,Expofotshop,"Av. de Orovilla, 46","Av. de Orovilla, 46",23.01,100.0,100.0,True,True,False,True,False,False,Manual review,review candidate only
470,2815,471,2816,InPost,Nacex,Convenience Stores,Convenience Stores,Khan Multan,Locutorio (2882-14),"C. Pan y Toros, 11","C. Pan y Toros, 11",29.0,100.0,7.14,True,True,False,True,False,False,Manual review,review candidate only
475,2964,476,2965,InPost,UPS,Convenience Stores,Convenience Stores,Locutorio Lym,Locutorio L&M,"C. Alcocer, Villaverde","C. Alcocer, 34",17.4,62.5,92.31,False,False,False,True,False,False,Manual review,review candidate only
485,2552,486,2553,InPost,Ctt Express,Convenience Stores,Convenience Stores,Fotografia Yenes,Fotografia Yenes,"P.o de la Alameda de Osuna, 71","P.o de la Alameda de Osuna, 71",17.19,100.0,100.0,True,True,False,True,False,False,Manual review,review candidate only
486,2195,487,2196,InPost,Celeritas,Convenience Stores,Convenience Stores,Mini Market Vida Feliz,Mini Market Vida Feliz,"C. del Sándalo, 5","C. del Sándalo, 5",25.7,100.0,100.0,True,True,False,True,False,False,Manual review,review candidate only
487,2557,488,2558,InPost,Ctt Express,Convenience Stores,Convenience Stores,Ferreteria Ema,Dgc Movilnet,"C. del Balandro, 39","C. del Balandro, 39",22.81,100.0,15.38,True,True,False,True,False,False,Manual review,review candidate only
488,1811,489,1812,InPost,SEUR,Convenience Stores,Convenience Stores,Perla Y Chocolate,Perla Y Chocolate,"Calle Nápoles, 53","Calle Nápoles, 53",23.59,100.0,100.0,True,True,False,True,False,False,Manual review,review candidate only
493,1822,494,1823,InPost,SEUR,Locker,Locker,Locker24/7 Bolton Lopez De Hoyo,Seur Locker Parking Bolto,"C. de López de Hoyos, 299","C. de López de Hoyos, 299",20.78,100.0,46.43,True,True,False,True,False,False,Manual review,review candidate only
495,3068,496,3069,InPost,UPS,Locker,Locker,Locker Cc Palacio De Hielo Acce,P Taquilla Palacio Del Hielo,"C. de Silvano, 77","C. de Silvano, 77",18.11,100.0,61.02,True,True,False,True,False,False,Manual review,review candidate only
495,1816,496,1817,InPost,SEUR,Locker,Locker,Locker Cc Palacio De Hielo Acce,Seur Locker Palacio Hielo,"C. de Silvano, 77","C. de Silvano, 77",20.25,100.0,71.43,True,True,False,True,False,False,Manual review,review candidate only
501,2025,502,2026,InPost,Dhl,Convenience Stores,Convenience Stores,Ciber Space,Ciber Space,"C. de Valle Inclán, 40","C. de Valle Inclán, 40",27.47,100.0,100.0,True,True,False,True,False,False,Manual review,review candidate only
504,1833,505,1834,InPost,SEUR,Convenience Stores,Convenience Stores,Perfumeria Drogueria,Perfumeria Drogueria Cuat,"C. de Navalmoral de la Mata, 38","C. de Navalmoral de la Mata, 38",23.54,100.0,88.89,True,True,False,True,False,False,Manual review,review candidate only
506,1836,507,1837,InPost,SEUR,Convenience Stores,Convenience Stores,Cristaleria Aluche Ii,Cristaleria Aluche Ii,"Av. de Las Águilas, 60","Av. de Las Águilas, 60",17.55,100.0,100.0,True,True,False,True,False,False,Manual review,review candidate only
506,3072,507,3073,InPost,UPS,Convenience Stores,Convenience Stores,Cristaleria Aluche Ii,Cristaleria Aluche Ii,"Av. de Las Águilas, 60","Av. de Las Águilas, 60",18.05,100.0,100.0,True,True,False,True,False,False,Manual review,review candidate only
506,2201,507,2202,InPost,Celeritas,Convenience Stores,Convenience Stores,Cristaleria Aluche Ii,Cristaleria Aluche 2,"Av. de Las Águilas, 60","Av. de Las Águilas, 60",21.8,100.0,92.68,True,True,False,True,False,False,Manual review,review candidate only
506,1246,507,1247,InPost,Amazon,Convenience Stores,Convenience Stores,Cristaleria Aluche Ii,Seur - Cristaleria Aluche Ii,"Av. de Las Águilas, 60","Av. de Las Águilas, 60",21.8,100.0,89.36,True,True,False,True,False,False,Manual review,review candidate only
506,2571,507,2572,InPost,Ctt Express,Convenience Stores,Convenience Stores,Cristaleria Aluche Ii,Cristaleria Aluche 2,"Av. de Las Águilas, 60","Av. de Las Águilas, 60",25.99,100.0,92.68,True,True,False,True,False,False,Manual review,review candidate only
508,2569,509,2570,InPost,Ctt Express,Convenience Stores,Convenience Stores,Damar Natura Herbolario,Damarnatura Herbolario,"C. de Aguilar del Río, 2","C. de Aguilar del Río, 2",29.07,100.0,97.78,True,True,False,True,False,False,Manual review,review candidate only
509,1837,510,1838,InPost,SEUR,Convenience Stores,Convenience Stores,Aromas Artesanales Aluche,Kasual,"Av. de los Poblados, 58","Av. de los Poblados, 58",19.23,100.0,25.81,True,True,False,True,False,False,Manual review,review candidate only
511,2568,512,2569,InPost,Ctt Express,Convenience Stores,Convenience Stores,The Fox,The Fox,"C. Alfredo Aleix, 9","C. Alfredo Aleix, 9",30.0,100.0,100.0,True,True,False,True,False,False,Manual review,review candidate only
512,1842,513,1843,InPost,SEUR,Convenience Stores,Convenience Stores,Ferreteria Simarsan,Ferreteria Simarsan,"C. de la Ciruela, 1","C. de la Ciruela, 1",16.22,100.0,100.0,True,True,False,True,False,False,Manual review,review candidate only
519,2585,520,2586,InPost,Ctt Express,Convenience Stores,Convenience Stores,Papeleria El Inca,Papeleria El Inca,"Pl. de Rutilio Gaci, 8","Pl. de Rutilio Gaci, 8",17.29,100.0,100.0,True,True,False,True,False,False,Manual review,review candidate only
534,3159,535,3160,InPost,Pudo,Locker,Click&Collect,Locker 24/7 Indigo Plaza Castil,Parking Indigo Plaza Castilla,"P.o de la Castellana, 193","P.o de la Castellana, 193",16.43,100.0,70.0,True,True,False,False,False,False,Manual review,review candidate only
534,1868,535,1869,InPost,SEUR,Locker,Locker,Locker 24/7 Indigo Plaza Castil,Seur Locker Pk Pza Castil,"P.o de la Castellana, 193","P.o de la Castellana, 193",17.24,100.0,64.29,True,True,False,True,False,False,Manual review,review candidate only
535,3095,536,3096,InPost,UPS,Convenience Stores,Convenience Stores,Estanco 729,Estanco 729,"C. de Cuart de Poblet, 65","C. de Cuart de Poblet, 65",16.88,100.0,100.0,True,True,False,True,False,False,Manual review,review candidate only
537,1267,538,1268,InPost,Amazon,Convenience Stores,Convenience Stores,Estanco Y Regalos,Amazon Counter - Expendeduria 474,"Cl. de los Yébenes, 159","Cl. de los Yébenes, 159",18.4,100.0,25.0,True,True,False,True,False,False,Manual review,review candidate only
537,1271,538,1272,InPost,Amazon,Convenience Stores,Convenience Stores,Estanco Y Regalos,Seur - Estanco 474,"Cl. de los Yébenes, 159","Cl. de los Yébenes, 159",19.78,100.0,48.48,True,True,False,True,False,False,Manual review,review candidate only
537,1873,538,1874,InPost,SEUR,Convenience Stores,Convenience Stores,Estanco Y Regalos,Estanco 474,"Cl. de los Yébenes, 159","Cl. de los Yébenes, 159",20.55,100.0,57.14,True,True,False,True,False,False,Manual review,review candidate only
537,2593,538,2594,InPost,Ctt Express,Convenience Stores,Convenience Stores,Estanco Y Regalos,Expendeduria 474,"Cl. de los Yébenes, 159","Cl. de los Yébenes, 159",21.87,100.0,18.18,True,True,False,True,False,False,Manual review,review candidate only
538,2036,539,2037,InPost,Dhl,Convenience Stores,Convenience Stores,Fotocopias Aluche,Fotocopias Aluche,"C. de Illescas, 187","C. de Illescas, 187",20.41,100.0,100.0,True,True,False,True,False,False,Manual review,review candidate only
539,1877,540,1878,InPost,SEUR,Convenience Stores,Convenience Stores,Autoescuela Maqueda Los Yebenes,Maqueda Autoescuela,"Cl. de los Yébenes, 148","Cl. de los Yébenes, 148",20.86,100.0,44.0,True,True,False,True,False,False,Manual review,review candidate only
539,1269,540,1270,InPost,Amazon,Convenience Stores,Convenience Stores,Autoescuela Maqueda Los Yebenes,Seur - Maqueda Autoescuela,"Cl. de los Yébenes, 148","Cl. de los Yébenes, 148",21.19,100.0,40.0,True,True,False,True,False,False,Manual review,review candidate only
543,2211,544,2212,InPost,Celeritas,Convenience Stores,Convenience Stores,Loterias Latina,Loterias Latina,"C. de Latina, 18","C. de Latina, 18",19.06,100.0,100.0,True,True,False,True,False,False,Manual review,review candidate only
543,2586,544,2587,InPost,Ctt Express,Convenience Stores,Convenience Stores,Loterias Latina,Loterias Latina,"C. de Latina, 18","C. de Latina, 18",24.0,100.0,100.0,True,True,False,True,False,False,Manual review,review candidate only
543,2708,544,2709,InPost,Gls,Convenience Stores,Convenience Stores,Loterias Latina,Ps Loterias Latina,"C. de Latina, 18",Calle de Latina 18 ( CC Mercadona - loterias ),26.27,51.85,90.91,True,True,False,True,False,False,Manual review,review candidate only
544,2588,545,2589,InPost,Ctt Express,Convenience Stores,Convenience Stores,Cristaleria Aluche I,Cristaleria Aluche,"C. de Camarena, 235","C. de Camarena, 235, Local 8",19.11,80.95,94.74,True,True,False,True,False,False,Manual review,review candidate only
545,3092,546,3093,InPost,UPS,Locker,Convenience Stores,Locker Locutorio Shati Telecom,Shati Telecom Ii,"C. del Espinar, 3","C. del Espinar, 3",16.51,100.0,56.52,True,True,False,False,False,False,Manual review,review candidate only
552,3099,553,3100,InPost,UPS,Convenience Stores,Convenience Stores,Telelavo Las Tablas,Kanguro Tele Lavo Las Tablas,"Av. del Camino de Santiago, 15","Av. del Camino de Santiago, 15",20.07,100.0,80.85,True,True,False,True,False,False,Manual review,review candidate only
554,1887,555,1888,InPost,SEUR,Convenience Stores,Convenience Stores,Aldeadulce Y Mas,Aldea Dulce,"C. de Furelos, 3","C. de Furelos, 3",29.54,100.0,74.07,True,True,False,True,False,False,Manual review,review candidate only
560,1288,561,1289,InPost,Amazon,Locker,Locker,Locker 24/7 Shell Las Tablas,Amazon Locker - Felicitas Gasolinera,"Av. de Santo Domingo de la Calzada, 10",Avda. Santo Domingo De La Calzada 10,25.69,95.77,45.16,True,True,False,True,False,False,Manual review,review candidate only
560,3098,561,3099,InPost,UPS,Locker,Locker,Locker 24/7 Shell Las Tablas,P Taquilla Shell Las Tablas,"Av. de Santo Domingo de la Calzada, 10","Av. de Santo Domingo de la Calzada, 10",28.58,100.0,65.45,True,True,False,True,False,False,Manual review,review candidate only
560,3209,561,3210,InPost,Pudo,Locker,Click&Collect,Locker 24/7 Shell Las Tablas,E.S. Shell Las Tablas,"Av. de Santo Domingo de la Calzada, 10","Av. de Santo Domingo de la Calzada, 10",29.82,100.0,79.17,True,True,False,False,False,False,Manual review,review candidate only
564,1897,565,1898,InPost,SEUR,Convenience Stores,Convenience Stores,Merca Oasis,Merca Oasis,"Av de las Suertes, 98","Av de las Suertes, 98",19.32,100.0,100.0,True,True,False,True,False,False,Manual review,review candidate only
573,1308,574,1309,InPost,Amazon,Convenience Stores,Convenience Stores,Modas Alicia,Seur - Modas Alicia,"C. Campiña, 4","C. Campiña, 4",21.11,100.0,82.76,True,True,False,True,False,False,Manual review,review candidate only
573,1905,574,1906,InPost,SEUR,Convenience Stores,Convenience Stores,Modas Alicia,Modas Alicia,"C. Campiña, 4","C. Campiña, 4",26.45,100.0,100.0,True,True,False,True,False,False,Manual review,review candidate only
574,3107,575,3108,InPost,UPS,Convenience Stores,Convenience Stores,Iris Tienda Vaquero,Iris,"C. Sierra de Contraviesa, 24","C. Sierra de Contraviesa, 24",22.61,100.0,34.78,True,True,False,True,False,False,Manual review,review candidate only
575,2609,576,2610,InPost,Ctt Express,Convenience Stores,Convenience Stores,Alimentacion Dtodo,Alimentacion & Dtodo,"Av del Monte Igueldo, 108","Av del Monte Igueldo, 108",20.04,100.0,100.0,True,True,False,True,False,False,Manual review,review candidate only
575,1311,576,1312,InPost,Amazon,Convenience Stores,Convenience Stores,Alimentacion Dtodo,Amazon Counter - Alimentacion & Dtodo,"Av del Monte Igueldo, 108","Av del Monte Igueldo, 108",21.6,100.0,70.59,True,True,False,True,False,False,Manual review,review candidate only
575,1909,576,1910,InPost,SEUR,Convenience Stores,Convenience Stores,Alimentacion Dtodo,Alimentacion Y De Todo,"Av del Monte Igueldo, 108","Av del Monte Igueldo, 108",22.35,100.0,90.0,True,True,False,True,False,False,Manual review,review candidate only
578,2617,579,2618,InPost,Ctt Express,Convenience Stores,Convenience Stores,Loterias Y Prensa La Fabrica De,Loteria Prensa Fabrica De Los Sueños,"Av. de la Peseta, 58","Av. de la Peseta, 58",17.84,100.0,74.63,True,True,False,True,False,False,Manual review,review candidate only
579,2826,580,2827,InPost,Nacex,Convenience Stores,Convenience Stores,Estanco 903 Madrid,Estanco 903 (2883-31),"Av. de Carabanchel Alto, 136","Av. de Carabanchel Alto, 136",27.04,100.0,64.86,True,True,False,True,False,False,Manual review,review candidate only
579,2619,580,2620,InPost,Ctt Express,Convenience Stores,Convenience Stores,Estanco 903 Madrid,Estanco 903,"Av. de Carabanchel Alto, 136","Av. de Carabanchel Alto, 136",29.2,100.0,75.86,True,True,False,True,False,False,Manual review,review candidate only
589,590,590,591,Correos,Correos,Lsp Pudos,Locker,Correos Madrid Sucursal 1,Correos Madrid Sucursal 1,"C. de Villanueva, 30","C. de Villanueva, 30",0.0,100.0,100.0,True,True,True,False,True,False,Multi-service same company,distance <= 5m
589,771,590,772,Correos,Amazon,Lsp Pudos,Locker,Correos Madrid Sucursal 1,Lockers Correos Madrid Sucursal 1,"C. de Villanueva, 30","C. de Villanueva, 30",29.89,100.0,86.21,True,True,False,False,False,False,Manual review,review candidate only
590,771,591,772,Correos,Amazon,Locker,Locker,Correos Madrid Sucursal 1,Lockers Correos Madrid Sucursal 1,"C. de Villanueva, 30","C. de Villanueva, 30",29.89,100.0,86.21,True,True,False,True,False,False,Manual review,review candidate only
593,1329,594,1330,Correos,SEUR,Locker,Locker,Mercado De Prosperidad,Mercado Prosperidad,"C. de López de Hoyos, 81","C. de López de Hoyos, 81",15.23,100.0,92.68,True,True,False,True,False,False,Manual review,review candidate only
593,779,594,780,Correos,Amazon,Locker,Locker,Mercado De Prosperidad,Lockers Calabres,"C. de López de Hoyos, 81","C. de López de Hoyos, 81",26.15,100.0,31.58,True,True,False,True,False,False,Manual review,review candidate only
593,3176,594,3177,Correos,Pudo,Locker,Click&Collect,Mercado De Prosperidad,Mercado De Prosperidad,"C. de López de Hoyos, 81","C. de López de Hoyos, 81",26.68,100.0,100.0,True,True,False,False,False,False,Manual review,review candidate only
594,595,595,596,Correos,Correos,Lsp Pudos,Locker,Correos Madrid Sucursal 13,Correos Madrid Sucursal 13,"Av. de América, 3","Av. de América, 3",0.0,100.0,100.0,True,True,True,False,True,False,Multi-service same company,distance <= 5m
597,598,598,599,Correos,Correos,Lsp Pudos,Locker,Correos Madrid Sucursal 46,Correos Madrid Sucursal 46,"C. de Guzmán el Bueno, 86","C. de Guzmán el Bueno, 86",0.0,100.0,100.0,True,True,True,False,True,False,Multi-service same company,distance <= 5m
602,603,603,604,Correos,Correos,Lsp Pudos,Locker,Correos Madrid Sucursal 88,Correos Madrid Sucursal 88,"C. de Mejía Lequerica, 7","C. de Mejía Lequerica, 7",0.0,100.0,100.0,True,True,True,False,True,False,Multi-service same company,distance <= 5m
605,606,606,607,Correos,Correos,Lsp Pudos,Locker,Correos Madrid Sucursal 5,Correos Madrid Sucursal 5,"Carrera de San Francisco, 13","Carrera de San Francisco, 13",0.0,100.0,100.0,True,True,True,False,True,False,Multi-service same company,distance <= 5m
605,821,606,822,Correos,Amazon,Lsp Pudos,Locker,Correos Madrid Sucursal 5,Lockers Correos Madrid Sucursal 5,"Carrera de San Francisco, 13","Carrera de San Francisco, 13",17.99,100.0,86.21,True,True,False,False,False,False,Manual review,review candidate only
606,821,607,822,Correos,Amazon,Locker,Locker,Correos Madrid Sucursal 5,Lockers Correos Madrid Sucursal 5,"Carrera de San Francisco, 13","Carrera de San Francisco, 13",17.99,100.0,86.21,True,True,False,True,False,False,Manual review,review candidate only
609,1040,610,1041,Correos,Amazon,Lsp Pudos,Locker,Madrid Suc 4. Carabanchel Bajo,Correos - Madrid Suc 4. Carabanchel Bajo,"Calle General Ricardos, 212","Calle del Gral. Ricardos, 212",26.9,86.79,87.88,True,True,False,False,False,False,Manual review,review candidate only
611,613,612,614,Correos,Correos,Lsp Pudos,Locker,Correos Madrid Sucursal 9,Correos Madrid Sucursal 9,"C. de las Mártires Concepcionistas, 21","C. de las Mártires Concepcionistas, 21",0.0,100.0,100.0,True,True,True,False,True,False,Multi-service same company,distance <= 5m
612,614,613,615,Correos,Correos,Lsp Pudos,Locker,Correos Madrid Sucursal 53,Correos Madrid Sucursal 53,"C. del Conde de Peñalver, 19 Bis","C. del Conde de Peñalver, 19 Bis",0.0,100.0,100.0,True,True,True,False,True,False,Multi-service same company,distance <= 5m
617,619,618,620,Correos,Correos,Lsp Pudos,Locker,Correos Madrid Sucursal 40,Correos Madrid Sucursal 40,"C. de Téllez, 27","C. de Téllez, 27",0.0,100.0,100.0,True,True,True,False,True,False,Multi-service same company,distance <= 5m
617,742,618,743,Correos,Correos,Lsp Pudos,Locker,Correos Madrid Sucursal 40,Estación De Autobuses Madrid Sur,"C. de Téllez, 27","C. de Méndez Álvaro, 28045 Madrid",3.63,44.44,55.17,True,False,True,False,True,False,Multi-service same company,distance <= 5m
617,842,618,843,Correos,Amazon,Lsp Pudos,Locker,Correos Madrid Sucursal 40,Correos - Madrid Suc 40. Pacifico,"C. de Téllez, 27","C. de Téllez, 27",22.07,100.0,75.0,True,True,False,False,False,False,Manual review,review candidate only
619,742,620,743,Correos,Correos,Locker,Locker,Correos Madrid Sucursal 40,Estación De Autobuses Madrid Sur,"C. de Téllez, 27","C. de Méndez Álvaro, 28045 Madrid",3.63,44.44,55.17,True,False,True,True,True,True,Possible duplicate,distance <= 5m
619,842,620,843,Correos,Amazon,Locker,Locker,Correos Madrid Sucursal 40,Correos - Madrid Suc 40. Pacifico,"C. de Téllez, 27","C. de Téllez, 27",22.07,100.0,75.0,True,True,False,True,False,False,Manual review,review candidate only
622,623,623,624,Correos,Correos,Lsp Pudos,Locker,Correos Madrid Sucursal 45,Correos Madrid Sucursal 45,"Av. de Valladolid, 39","Av. de Valladolid, 39",0.0,100.0,100.0,True,True,True,False,True,False,Multi-service same company,distance <= 5m
625,626,626,627,Correos,Correos,Lsp Pudos,Locker,Correos Madrid Sucursal 21,Correos Madrid Sucursal 21,"Calle de Antonio Arias, 2","Calle de Antonio Arias, 2",0.0,100.0,100.0,True,True,True,False,True,False,Multi-service same company,distance <= 5m
630,633,631,634,Correos,Correos,Lsp Pudos,Lsp Pudos,Madrid Suc 56. BatãN,Correos Madrid Suc 56. BatãN,"C. Carlina, 8","C. Carlina, 10",28.99,86.96,83.33,True,False,True,True,False,False,Manual review,review candidate only
634,635,635,636,Correos,Correos,Lsp Pudos,Locker,Correos Madrid Sucursal 7,Correos Madrid Sucursal 7,"C. de Palos de la Frontera, 10","C. de Palos de la Frontera, 10",0.0,100.0,100.0,True,True,True,False,True,False,Multi-service same company,distance <= 5m
636,638,637,639,Correos,Correos,Locker,Lsp Pudos,Carrefour,Carrefour,"C. de Valencia, 2","C. de Valencia, 2",23.7,100.0,100.0,True,True,True,False,False,False,Manual review,review candidate only
640,641,641,642,Correos,Correos,Lsp Pudos,Locker,Correos Madrid Sucursal Op,Correos Madrid Sucursal Op,"P.o del Prado, 1","P.o del Prado, 1",0.0,100.0,100.0,True,True,True,False,True,False,Multi-service same company,distance <= 5m
642,644,643,645,Correos,Correos,Locker,Locker,Mercado Mostenses,Copisteria Centro Gran Via,Pl. de los Mostenses,"Pl. de los Mostenses, 13",38.77,92.68,27.91,False,False,True,True,False,False,Manual review,review candidate only
646,647,647,648,Correos,Correos,Lsp Pudos,Locker,Correos Madrid Sucursal 19,Correos Madrid Sucursal 19,"C. de Chile, 4","C. de Chile, 4",0.0,100.0,100.0,True,True,True,False,True,False,Multi-service same company,distance <= 5m
650,651,651,652,Correos,Correos,Lsp Pudos,Lsp Pudos,Madrid Suc 37. La Elipa,Correos Madrid Suc 37. La Elipa,"Av. del Marqués de Corbera, 27","Av. del Marqués de Corbera, 27",10.83,100.0,84.62,True,True,True,True,True,True,Possible duplicate,distance <= 15m and strong text match
652,653,653,654,Correos,Correos,Lsp Pudos,Lsp Pudos,Madrid Suc 15. Marquã‰S De Vadillo,Correos Madrid Suc 15. Marquã‰S De Vadillo,"C. de Jacinto Verdaguer, 4","C. de Jacinto Verdaguer, 4",8.08,100.0,89.19,True,True,True,True,True,True,Possible duplicate,distance <= 15m and strong text match
655,656,656,657,Correos,Correos,Lsp Pudos,Locker,Correos Madrid Sucursal 36,Correos Madrid Sucursal 36,"C. de Orense, 55","C. de Orense, 55",0.0,100.0,100.0,True,True,True,False,True,False,Multi-service same company,distance <= 5m
655,659,656,660,Correos,Correos,Lsp Pudos,Lsp Pudos,Correos Madrid Sucursal 36,Correos Madrid Sucursal 36,"C. de Orense, 55","C. de Orense, 55",39.66,100.0,100.0,True,True,True,True,False,False,Manual review,review candidate only
655,658,656,659,Correos,Correos,Lsp Pudos,Locker,Correos Madrid Sucursal 36,Correos Madrid Sucursal 36,"C. de Orense, 55","C. de Orense, 55",39.66,100.0,100.0,True,True,True,False,False,False,Manual review,review candidate only
656,659,657,660,Correos,Correos,Locker,Lsp Pudos,Correos Madrid Sucursal 36,Correos Madrid Sucursal 36,"C. de Orense, 55","C. de Orense, 55",39.66,100.0,100.0,True,True,True,False,False,False,Manual review,review candidate only
656,658,657,659,Correos,Correos,Locker,Locker,Correos Madrid Sucursal 36,Correos Madrid Sucursal 36,"C. de Orense, 55","C. de Orense, 55",39.66,100.0,100.0,True,True,True,True,False,False,Manual review,review candidate only
658,659,659,660,Correos,Correos,Locker,Lsp Pudos,Correos Madrid Sucursal 36,Correos Madrid Sucursal 36,"C. de Orense, 55","C. de Orense, 55",0.0,100.0,100.0,True,True,True,False,True,False,Multi-service same company,distance <= 5m
662,663,663,664,Correos,Correos,Lsp Pudos,Lsp Pudos,Madrid Suc 30. Villaverde Alto,Correos Madrid Suc 30. Villaverde Alto,"AV REAL DE PINTO, C. Pedro Jiménez, 66","AV REAL DE PINTO, C. Pedro Jiménez, 66",13.93,100.0,87.88,True,True,True,True,True,True,Possible duplicate,distance <= 15m and strong text match
665,1004,666,1005,Correos,Amazon,Lsp Pudos,Locker,Madrid Suc 24. Canillejas,Correos - Madrid Suc 24. Canillejas,"Pl. del Párroco Luis Calleja, 12","Pl. del Párroco Luis Calleja, 12",20.44,100.0,85.71,True,True,False,False,False,False,Manual review,review candidate only
666,667,667,668,Correos,Correos,Lsp Pudos,Lsp Pudos,Madrid Suc 26. Las Musas,Correos Madrid Suc 26. Las Musas,"C. de Longares, 30","C. de Longares, 30",3.67,100.0,85.19,True,True,True,True,True,True,Possible duplicate,distance <= 5m
669,1015,670,1016,Correos,Amazon,Lsp Pudos,Locker,Madrid Suc 33. Aravaca,Correos - Madrid Suc 33. Aravaca,"C. de Caroli, 10","C. de Caroli, 10",15.64,100.0,84.0,True,True,False,False,False,False,Manual review,review candidate only
669,1017,670,1018,Correos,Amazon,Lsp Pudos,Locker,Madrid Suc 33. Aravaca,Citypaq Lockers-Correos Madrid Suc 33. Aravaca,"C. de Caroli, 10","C. de Caroli, 10",22.24,100.0,63.64,True,True,False,False,False,False,Manual review,review candidate only
669,671,670,672,Correos,Correos,Lsp Pudos,Locker,Madrid Suc 33. Aravaca,Correos Madrid Suc 33. Aravaca,"C. de Caroli, 10","C. de Caroli, 10",43.19,100.0,84.0,True,True,True,False,False,False,Manual review,review candidate only
670,1020,671,1021,Correos,Amazon,Lsp Pudos,Locker,Cc Sexta Avenida,Amazon Locker - Vanesa Cc,"Av. de la Victoria, 2","Av. de la Victoria, 2",28.17,100.0,10.26,True,True,False,False,False,False,Manual review,review candidate only
672,673,673,674,Correos,Correos,Lsp Pudos,Lsp Pudos,Madrid Suc 50. Campamento,Correos Madrid Suc 50. Campamento,"Av. del Padre Piquer, 13","Av. del Padre Piquer, 13",19.16,100.0,85.71,True,True,True,True,False,False,Manual review,review candidate only
674,2830,675,2831,Correos,Nacex,Lsp Pudos,Convenience Stores,Cc Lanceros,Beverly Bovel (2883-27),"P.o de los Lanceros, 2","P.o de los Lanceros, 2",29.17,100.0,18.75,True,True,False,False,False,False,Manual review,review candidate only
675,677,676,678,Correos,Correos,Locker,Lsp Pudos,Madrid Suc 93. Vista Alegre,Correos Madrid Suc 93. Vista Alegre,"C. Hermanas Alonso Barceló, 7","C. Hermanas Alonso Barceló, 7",8.7,100.0,86.67,True,True,True,False,True,False,Multi-service same company,distance <= 15m and strong text match
677,1030,678,1031,Correos,Amazon,Lsp Pudos,Locker,Correos Madrid Suc 93. Vista Alegre,Citypaq Lockers-Correos Madrid Suc 93. Vista Alegr,"C. Hermanas Alonso Barceló, 7","C. Hermanas Alonso Barceló, 7",16.31,100.0,79.52,True,True,False,False,False,False,Manual review,review candidate only
677,1029,678,1030,Correos,Amazon,Lsp Pudos,Locker,Correos Madrid Suc 93. Vista Alegre,Correos - Madrid Suc 93. Vista Alegre,"C. Hermanas Alonso Barceló, 7","C. Hermanas Alonso Barceló, 7",16.31,100.0,100.0,True,True,False,False,False,False,Manual review,review candidate only
678,681,679,682,Correos,Correos,Lsp Pudos,Lsp Pudos,Madrid Suc 34. Plaza ElãPtica,Correos Madrid Suc 34. Plaza ElãPtica,"C. de San Magín, 5","C. de San Magín, 5",25.66,100.0,87.88,True,True,True,True,False,False,Manual review,review candidate only
683,684,684,685,Correos,Correos,Lsp Pudos,Lsp Pudos,Madrid Suc 20. El Carmen,Correos Madrid Suc 20. El Carmen,"Calle Alcalde López Casero, 3","Calle Alcalde López Casero, 3",2.31,100.0,85.19,True,True,True,True,True,True,Possible duplicate,distance <= 5m
686,689,687,690,Correos,Correos,Lsp Pudos,Locker,Correos Madrid Sucursal 44,Correos Madrid Sucursal 44,"C. del Padre Rubio, 43","C. del Padre Rubio, 43",0.0,100.0,100.0,True,True,True,False,True,False,Multi-service same company,distance <= 5m
690,691,691,692,Correos,Correos,Lsp Pudos,Lsp Pudos,Madrid Suc 39. Moratalaz,Correos Madrid Suc 39. Moratalaz,"C. del Arroyo de la Media Legua, 56","C. del Arroyo de la Media Legua, 56",25.76,100.0,85.19,True,True,True,True,False,False,Manual review,review candidate only
691,1107,692,1108,Correos,Amazon,Lsp Pudos,Locker,Correos Madrid Suc 39. Moratalaz,Correos - Madrid Suc 39. Moratalaz,"C. del Arroyo de la Media Legua, 56","C. del Arroyo de la Media Legua, 56",16.92,100.0,100.0,True,True,False,False,False,False,Manual review,review candidate only
694,695,695,696,Correos,Correos,Lsp Pudos,Lsp Pudos,Madrid Suc 38. Villa De Vallecas,Correos Madrid Suc 38. Villa De Vallecas,"C. de Sierra Gádor, 50","C. de Sierra Gádor, 50",3.21,100.0,88.57,True,True,True,True,True,True,Possible duplicate,distance <= 5m
697,699,698,700,Correos,Correos,Lsp Pudos,Lsp Pudos,Madrid Suc 49. VicãLvaro,Correos Madrid Suc 49. VicãLvaro,"C/ de la Condesa de la Vega del Pozo, 29","C/ de la Condesa de la Vega del Pozo, 29",12.7,100.0,85.71,True,True,True,True,True,True,Possible duplicate,distance <= 15m and strong text match
699,1136,700,1137,Correos,Amazon,Lsp Pudos,Locker,Correos Madrid Suc 49. VicãLvaro,Citypaq Lockers-Correos Madrid Suc 49. Vicálvaro,"C/ de la Condesa de la Vega del Pozo, 29","C/ de la Condesa de la Vega del Pozo, 29",19.97,100.0,78.48,True,True,False,False,False,False,Manual review,review candidate only
699,1135,700,1136,Correos,Amazon,Lsp Pudos,Convenience Stores,Correos Madrid Suc 49. VicãLvaro,Correos - Madrid Suc 49. Vicálvaro,"C/ de la Condesa de la Vega del Pozo, 29","C/ de la Condesa de la Vega del Pozo, 29",24.03,100.0,98.41,True,True,False,False,False,False,Manual review,review candidate only
700,702,701,703,Correos,Correos,Lsp Pudos,Lsp Pudos,Madrid Suc 47. Hortaleza,Correos Madrid Suc 47. Hortaleza,"C. del Mar Caspio, 10","C. del Mar Caspio, 10",7.34,100.0,85.19,True,True,True,True,True,True,Possible duplicate,distance <= 15m and strong text match
704,705,705,706,Correos,Correos,Lsp Pudos,Lsp Pudos,Madrid Suc 51. Begoã‘A,Correos Madrid Suc 51. Begoã‘A,"VIRGEN DE ARANZAZU, 31","Calle de la Virgen de Aránzazu, 31",14.85,77.78,84.0,True,True,True,True,True,True,Possible duplicate,distance <= 15m and strong text match
709,1170,710,1171,Correos,Amazon,Locker,Locker,Galp,Amazon Locker - Calor Gasolinera,"Av. de Arcentales, 7","Av. de Arcentales, 7",27.82,100.0,17.65,True,True,False,True,False,False,Manual review,review candidate only
711,719,712,720,Correos,Correos,Lsp Pudos,Lsp Pudos,Madrid Suc 52. Puente De Vallecas,Correos Madrid Suc 52. Puente De Vallecas,"C. del Monte Oliveti, 29","C. del Monte Oliveti, 29",47.21,100.0,88.89,True,True,True,True,False,False,Manual review,review candidate only
719,1189,720,1190,Correos,Amazon,Lsp Pudos,Convenience Stores,Correos Madrid Suc 52. Puente De Vallecas,Citypaq Lockers-Correos Madrid Suc 52. Puente De V,"C. del Monte Oliveti, 29","C. del Monte Oliveti, 29",24.2,100.0,74.16,True,True,False,False,False,False,Manual review,review candidate only
720,721,721,722,Correos,Correos,Lsp Pudos,Locker,Correos Madrid Sucursal 25,Correos Madrid Sucursal 25,"C. de Mariano Fernández, 1","C. de Mariano Fernández, 1",0.0,100.0,100.0,True,True,True,False,True,False,Multi-service same company,distance <= 5m
722,723,723,724,Correos,Correos,Locker,Lsp Pudos,Correos Madrid Sucursal 60,Correos Madrid Sucursal 60,"C. del Arquitecto López Otero, 3","C. del Arquitecto López Otero, 3",0.0,100.0,100.0,True,True,True,False,True,False,Multi-service same company,distance <= 5m
732,1219,733,1220,Correos,Amazon,Lsp Pudos,Convenience Stores,Madrid Suc 59. Barajas Pueblo,Correos - Madrid Suc 59. Barajas Pueblo,"C. Alanís, 1","C. Alanís, 1",18.85,100.0,87.5,True,True,False,False,False,False,Manual review,review candidate only
737,1231,738,1232,Correos,Amazon,Locker,Convenience Stores,Madrid Suc 99,Correos - Madrid Suc 99,"C. de Pegaso, 24","C. de Pegaso, 24",23.76,100.0,76.47,True,True,False,False,False,False,Manual review,review candidate only
741,3081,742,3082,Correos,UPS,Locker,Convenience Stores,Mercado Santa Maria Cabeza,Mer Sm De La Cabeza,"P.o de Sta. María de la Cabeza, 41","P.o de Sta. María de la Cabeza, 41",25.96,100.0,62.22,True,True,False,False,False,False,Manual review,review candidate only
741,746,742,747,Correos,Correos,Locker,Locker,Mercado Santa Maria Cabeza,Mercado Santa Maria Cabeza,"P.o de Sta. María de la Cabeza, 41","P.o de Sta. María de la Cabeza, 41",26.37,100.0,100.0,True,True,True,True,False,False,Manual review,review candidate only
741,1861,742,1862,Correos,SEUR,Locker,Locker,Mercado Santa Maria Cabeza,Seur Lockers Mercado Sta M,"P.o de Sta. María de la Cabeza, 41","P.o de Sta. María de la Cabeza, 41",29.35,100.0,50.0,True,True,False,True,False,False,Manual review,review candidate only
743,744,744,745,Correos,Correos,Lsp Pudos,Lsp Pudos,Madrid Suc 17. Legazpi,Correos Madrid Suc 17. Legazpi,"C. de Tomás Borrás, 5-7","C. de Tomás Borrás, 5-7",25.51,100.0,84.0,True,True,True,True,False,False,Manual review,review candidate only
749,1278,750,1279,Correos,Amazon,Lsp Pudos,Convenience Stores,Madrid Suc 32. El Pardo,Correos - Madrid Suc 32. El Pardo,"Pl. de Rogelio Enriquez, 5","Pl. de Rogelio Enriquez, 5",25.01,100.0,84.62,True,True,False,False,False,False,Manual review,review candidate only
749,1279,750,1280,Correos,Amazon,Lsp Pudos,Locker,Madrid Suc 32. El Pardo,Citypaq Lockers-Correos Madrid Suc 32. El Pardo,"Pl. de Rogelio Enriquez, 5","Pl. de Rogelio Enriquez, 5",27.14,100.0,64.71,True,True,False,False,False,False,Manual review,review candidate only
749,750,750,751,Correos,Correos,Lsp Pudos,Lsp Pudos,Madrid Suc 32. El Pardo,Correos Madrid Suc 32. El Pardo,"Pl. de Rogelio Enriquez, 5","Pl. de Rogelio Enriquez, 5",33.09,100.0,84.62,True,True,True,True,False,False,Manual review,review candidate only
750,1279,751,1280,Correos,Amazon,Lsp Pudos,Locker,Correos Madrid Suc 32. El Pardo,Citypaq Lockers-Correos Madrid Suc 32. El Pardo,"Pl. de Rogelio Enriquez, 5","Pl. de Rogelio Enriquez, 5",28.1,100.0,78.95,True,True,False,False,False,False,Manual review,review candidate only
750,1278,751,1279,Correos,Amazon,Lsp Pudos,Convenience Stores,Correos Madrid Suc 32. El Pardo,Correos - Madrid Suc 32. El Pardo,"Pl. de Rogelio Enriquez, 5","Pl. de Rogelio Enriquez, 5",29.12,100.0,100.0,True,True,False,False,False,False,Manual review,review candidate only
752,754,753,755,Correos,Correos,Lsp Pudos,Locker,Madrid Suc 82. Monte Carmelo,Correos Madrid Suc 82. Monte Carmelo,"Av del Santuario de Valverde, 45","Av del Santuario de Valverde, 45",7.69,100.0,87.1,True,True,True,False,True,False,Multi-service same company,distance <= 15m and strong text match
753,2601,754,2602,Correos,Ctt Express,Locker,Convenience Stores,Cc Montecarmelo,Crazy Phone,"C. del Monasterio de Arlanza, 20","C. del Monasterio de Arlanza, 20",17.51,100.0,38.46,True,True,False,False,False,False,Manual review,review candidate only
753,3038,754,3039,Correos,UPS,Locker,Locker,Cc Montecarmelo,P Taquilla Cc Montecarmelo,"C. del Monasterio de Arlanza, 20","C. del Monasterio de Arlanza, 20",24.45,100.0,73.17,True,True,False,True,False,False,Manual review,review candidate only
753,3208,754,3209,Correos,Pudo,Locker,Click&Collect,Cc Montecarmelo,C.C. Montecarmelo,"C. del Monasterio de Arlanza, 20","C. del Monasterio de Arlanza, 20",29.13,100.0,96.77,True,True,False,False,False,False,Manual review,review candidate only
756,758,757,759,Correos,Correos,Lsp Pudos,Lsp Pudos,Madrid Suc 81. Las Tablas,Correos Madrid Suc 81. Las Tablas,"C. de Capiscol, 12","C. de Capiscol, 12",1.82,100.0,85.71,True,True,True,True,True,True,Possible duplicate,distance <= 5m
756,1294,757,1295,Correos,Amazon,Lsp Pudos,Locker,Madrid Suc 81. Las Tablas,Citypaq Lockers-Correos Madrid Suc 81. Las Tablas,"C. de Capiscol, 12","C. de Capiscol, 12",23.06,100.0,66.67,True,True,False,False,False,False,Manual review,review candidate only
756,1292,757,1293,Correos,Amazon,Lsp Pudos,Convenience Stores,Madrid Suc 81. Las Tablas,Correos - Madrid Suc 81. Las Tablas,"C. de Capiscol, 12","C. de Capiscol, 12",25.07,100.0,85.71,True,True,False,False,False,False,Manual review,review candidate only
758,1294,759,1295,Correos,Amazon,Lsp Pudos,Locker,Correos Madrid Suc 81. Las Tablas,Citypaq Lockers-Correos Madrid Suc 81. Las Tablas,"C. de Capiscol, 12","C. de Capiscol, 12",21.9,100.0,80.0,True,True,False,False,False,False,Manual review,review candidate only
758,1292,759,1293,Correos,Amazon,Lsp Pudos,Convenience Stores,Correos Madrid Suc 81. Las Tablas,Correos - Madrid Suc 81. Las Tablas,"C. de Capiscol, 12","C. de Capiscol, 12",24.09,100.0,100.0,True,True,False,False,False,False,Manual review,review candidate only
760,761,761,762,Correos,Correos,Lsp Pudos,Lsp Pudos,Madrid Suc 102,Correos Madrid Suc 102,"Av. del Ensanche de Vallecas, 106-108","Av. del Ensanche de Vallecas, 106-108",42.28,100.0,77.78,True,True,True,True,False,False,Manual review,review candidate only
762,763,763,764,Correos,Correos,Lsp Pudos,Lsp Pudos,Madrid Suc 55. San Diego-Palomeras Bajas,Correos Madrid Suc 55. San Diego-Palomeras Bajas,"C/ de Sierra Carbonera, 75","C/ de Sierra Carbonera, 75",10.06,100.0,90.7,True,True,True,True,True,True,Possible duplicate,distance <= 15m and strong text match
767,1320,768,1321,Amazon,SEUR,Locker,Convenience Stores,Seur Velazquez Farma,Velazquez Farma,"Calle Velázquez, 30","Calle Velázquez, 30",18.14,100.0,85.71,True,True,False,False,False,False,Manual review,review candidate only
770,771,771,772,Amazon,Amazon,Locker,Locker,Correos Madrid Sucursal 1,Lockers Correos Madrid Sucursal 1,"C. de Villanueva, 30","C. de Villanueva, 30",5.71,100.0,86.21,True,True,True,True,True,True,Possible duplicate,distance <= 15m and strong text match
773,1323,774,1324,Amazon,SEUR,Locker,Convenience Stores,Seur Aroma Style Home,Aroma Style Home,"C. de Hermosilla, 62","C. de Hermosilla, 62",22.53,100.0,86.49,True,True,False,False,False,False,Manual review,review candidate only
778,2228,779,2229,Amazon,Ctt Express,Convenience Stores,Convenience Stores,World Tech Mobile,World Tech Mobile,"C. de Eugenio Salazar, 47","C. de Eugenio Salazar, 47",17.44,100.0,100.0,True,True,False,True,False,False,Manual review,review candidate only
781,1327,782,1328,Amazon,SEUR,Convenience Stores,Convenience Stores,Locutorio Conectame,Locutorio Conectame,"C. de Eugenio Salazar, 58","C. de Eugenio Salazar, 58",18.45,100.0,100.0,True,True,False,True,False,False,Manual review,review candidate only
786,788,787,789,Amazon,Amazon,Convenience Stores,Convenience Stores,Ferretotal,Seur Ferretotal,"C. de Mantuano, 9","C. de Mantuano, 9",14.18,100.0,80.0,True,True,True,True,True,True,Possible duplicate,distance <= 15m and strong text match
791,1333,792,1334,Amazon,SEUR,Locker,Convenience Stores,Seur Optica Golf,Optica Golf,"C. del Príncipe de Vergara, 205","Calle del Príncipe de Vergara, 205",16.69,93.55,81.48,True,True,False,False,False,False,Manual review,review candidate only
791,2870,792,2871,Amazon,UPS,Locker,Convenience Stores,Seur Optica Golf,Optica Golf,"C. del Príncipe de Vergara, 205","C. del Príncipe de Vergara, 205",17.14,100.0,81.48,True,True,False,False,False,False,Manual review,review candidate only
799,1342,800,1343,Amazon,SEUR,Convenience Stores,Convenience Stores,Seur Fotografia La Fontana,Fotografia La Fontana,"C. de Alonso Cano, 50","C. de Alonso Cano, 50",26.2,100.0,89.36,True,True,False,True,False,False,Manual review,review candidate only
799,1343,800,1344,Amazon,SEUR,Convenience Stores,Locker,Seur Fotografia La Fontana,Foto Fontana,"C. de Alonso Cano, 50","C. de Alonso Cano, 50",26.2,100.0,63.16,True,True,False,False,False,False,Manual review,review candidate only
799,3140,800,3141,Amazon,Pudo,Convenience Stores,Click&Collect,Seur Fotografia La Fontana,Foto La Fontana,"C. de Alonso Cano, 50","C. de Alonso Cano, 50",27.44,100.0,73.17,True,True,False,False,False,False,Manual review,review candidate only
817,818,818,819,Amazon,Amazon,Convenience Stores,Convenience Stores,Seur Prink Madrid Toledo,Prink Madrid 3,"C. de Toledo, 107","C. de Toledo, 107",0.0,100.0,68.42,True,True,True,True,True,True,Possible duplicate,distance <= 5m
819,821,820,822,Amazon,Amazon,Convenience Stores,Locker,Correos Madrid Sucursal 5,Lockers Correos Madrid Sucursal 5,"Carrera de San Francisco, 13","Carrera de San Francisco, 13",21.19,100.0,86.21,True,True,True,False,False,False,Manual review,review candidate only
820,2259,821,2260,Amazon,Ctt Express,Convenience Stores,Convenience Stores,Mehdi Telcom,Mehdi Telcom,"C. de Toledo, 90","C. de Toledo, 90",17.14,100.0,100.0,True,True,False,True,False,False,Manual review,review candidate only
822,2263,823,2264,Amazon,Ctt Express,Convenience Stores,Convenience Stores,Estanco Melancólicos,Estanco Melancólicos,"P.o de los Melancólicos, 35","P.o de los Melancólicos, 35",20.07,100.0,100.0,True,True,False,True,False,False,Manual review,review candidate only
822,1378,823,1379,Amazon,SEUR,Convenience Stores,Convenience Stores,Estanco Melancólicos,Estanco Melancólicos,"P.o de los Melancólicos, 35","P.o de los Melancólicos, 35",27.74,100.0,100.0,True,True,False,True,False,False,Manual review,review candidate only
823,1362,824,1363,Amazon,SEUR,Convenience Stores,Convenience Stores,Seur El Patin De Oro,El Patin De Oro,"P.o de los Pontones, 17","P.o de los Pontones, 17",22.44,100.0,85.71,True,True,False,True,False,False,Manual review,review candidate only
825,2891,826,2892,Amazon,UPS,Locker,Locker,Lockers Arcarons,Pk Indigo Md Molina,"Calle de María de Molina, 48 - 50","Calle de María de Molina, 48",22.84,94.74,11.43,True,True,False,True,False,False,Manual review,review candidate only
826,1389,827,1390,Amazon,SEUR,Locker,Convenience Stores,Seur - Hilltop Bs,Hilltop Bs,"C. del Gral. Oráa, 18","C. del Gral. Oráa, 18",29.18,100.0,80.0,True,True,False,False,False,False,Manual review,review candidate only
834,1412,835,1413,Amazon,SEUR,Convenience Stores,Lsp Pudos,Tienda Seur - Jativa,Jativa,"C. de Játiva, 43","C. de Játiva, 43",23.02,100.0,50.0,True,True,False,False,False,False,Manual review,review candidate only
835,2277,836,2278,Amazon,Ctt Express,Convenience Stores,Convenience Stores,Móviles Ciudad De Barcelona,Móviles Ciudad De Barcelona 75,"Av. de la Ciudad de Barcelona, 75","Av. de la Ciudad de Barcelona, 75",19.16,100.0,94.74,True,True,False,True,False,False,Manual review,review candidate only
846,2285,847,2286,Amazon,Ctt Express,Convenience Stores,Convenience Stores,Amazon Counter - Locutorio Talal 2,Locutorio Talal 2,"C. de Benito Gutiérrez, 10","C. de Benito Gutiérrez, 10",19.48,100.0,69.39,True,True,False,True,False,False,Manual review,review candidate only
849,1420,850,1421,Amazon,SEUR,Convenience Stores,Lsp Pudos,Seur - Telex 24,Telex 24,"C. de Quintana, 6","C. de Quintana, 6",15.48,100.0,76.19,True,True,False,False,False,False,Manual review,review candidate only
850,2287,851,2288,Amazon,Ctt Express,Convenience Stores,Convenience Stores,Amazon Counter - Ma Tecnologia Markt,Ma Tecnologia Markt,"C. de Quintana, 9","C. de Quintana, 9",25.8,100.0,71.7,True,True,False,True,False,False,Manual review,review candidate only
851,1790,852,1791,Amazon,SEUR,Convenience Stores,Locker,Seur - Estanco 804,Seur Lockers Parking Bolto,"C. de Romero Robledo, 9","C. de Romero Robledo, 9",27.43,100.0,42.86,True,True,False,False,False,False,Manual review,review candidate only
864,1435,865,1436,Amazon,SEUR,Convenience Stores,Convenience Stores,Seur - Zerowastemad,Zerowastemad,"Calle de García de Paredes, 35","Calle de García de Paredes, 35",21.84,100.0,82.76,True,True,False,True,False,False,Manual review,review candidate only
867,1438,868,1439,Amazon,SEUR,Convenience Stores,Convenience Stores,Seur - Multiservicios Inti,Multiservicios Inti,"Calle de García de Paredes, 18","Calle de García de Paredes, 18",19.42,100.0,88.37,True,True,False,True,False,False,Manual review,review candidate only
870,2309,871,2310,Amazon,Ctt Express,Convenience Stores,Convenience Stores,Amazon Counter - Candy Fiesta,Candy Fiesta,"P.o de Extremadura, 200","P.o de Extremadura, 200",18.53,100.0,61.54,True,True,False,True,False,False,Manual review,review candidate only
874,1945,875,1946,Amazon,Dhl,Convenience Stores,Convenience Stores,Seur - Mundo Movil 2,Mundo Movil,"C. de Cebreros, 12","C. de Cebreros, 12",24.35,100.0,75.86,True,True,False,True,False,False,Manual review,review candidate only
880,3118,881,3119,Amazon,Pudo,Locker,Click&Collect,Amazon Locker - Adroher Gym,Lidl Ronda De Valencia,"Rda. de Valencia, 1","Rda. de Valencia, 1",20.46,100.0,25.53,True,True,False,False,False,False,Manual review,review candidate only
881,2319,882,2320,Amazon,Ctt Express,Locker,Convenience Stores,Amazon Counter - Sr Tecnologia,Sr Tecnologia,"C. de Tribulete, 4","C. de Tribulete, 4",23.57,100.0,63.41,True,True,False,False,False,False,Manual review,review candidate only
882,883,883,884,Amazon,Amazon,Convenience Stores,Locker,Correos - Madrid Suc 7. Embajadores,Citypaq Lockers-Correos Madrid Suc 7. Embajadores,"C. de Palos de la Frontera, 6","C. de Palos de la Frontera, 6",8.56,100.0,80.0,True,True,True,False,True,False,Multi-service same company,distance <= 15m and strong text match
892,3337,893,3338,Amazon,Correos,Locker,Locker,Correos - Madrid Suc 86. Corte Ingles Callao,MADRID SUC 86. CORTE INGLES CALLAO,"Pl. del Callao, 2, Planta 8",Pz De Callao 2 Planta 8,20.24,93.62,89.19,True,True,False,True,False,False,Manual review,review candidate only
894,2324,895,2325,Amazon,Ctt Express,Convenience Stores,Convenience Stores,Amazon Counter - Alimentacion,Alimentacion,"Cuesta de Sto. Domingo, 10","Cuesta de Sto. Domingo, 10",15.97,100.0,61.54,True,True,False,True,False,False,Manual review,review candidate only
898,899,899,900,Amazon,Amazon,Locker,Locker,Citypaq Lockers-Correos Madrid Op,Correos - Madrid Op,"P.o del Prado, 1","P.o del Prado, 1",3.7,100.0,68.0,True,True,True,True,True,True,Possible duplicate,distance <= 5m
902,904,903,905,Amazon,Amazon,Convenience Stores,Convenience Stores,Wifi Locutorio.,Imovil-Fix,"Calle GASTAMBIDE, 36","C. de Gaztambide, 36",7.49,81.08,25.0,True,True,True,True,True,True,Possible duplicate,distance <= 15m and strong text match
907,910,908,911,Amazon,Amazon,Convenience Stores,Convenience Stores,Dgv Soluciones,Seur - Dgv Soluciones,"C. de Fernando el Católico, 80","C. de Fernando el Católico, 80",7.59,100.0,84.85,True,True,True,True,True,True,Possible duplicate,distance <= 15m and strong text match
912,913,913,914,Amazon,Amazon,Convenience Stores,Convenience Stores,Amazon Counter - Moviltech.,Amazon Counter - New Technology,"C. de Meléndez Valdés, 52, Local 12","C. de Meléndez Valdés, 52, LOCAL 13",24.53,96.88,71.7,True,True,True,True,False,False,Manual review,review candidate only
915,917,916,918,Amazon,Amazon,Convenience Stores,Convenience Stores,Amazon Counter - Space Mobil,Seur - Space Mobil,"C. de Rodríguez San Pedro, 49","C. de Rodríguez San Pedro, 49",6.89,100.0,66.67,True,True,True,True,True,True,Possible duplicate,distance <= 15m and strong text match
919,920,920,921,Amazon,Amazon,Locker,Convenience Stores,Lockers Correos Madrid Sucursal 19,Correos Madrid Sucursal 19,"C. de Chile, 4","C. de Chile, 4",0.0,100.0,86.67,True,True,True,False,True,False,Multi-service same company,distance <= 5m
922,924,923,925,Amazon,Amazon,Convenience Stores,Convenience Stores,Vanse Artesanos Gourmet,Amazon Counter - Vanse Artesanos Gourmet,"C. de Colombia, 16","C. de Colombia, 16",2.57,100.0,75.41,True,True,True,True,True,True,Possible duplicate,distance <= 5m
925,926,926,927,Amazon,Amazon,Convenience Stores,Convenience Stores,Estanco Bernabéu - Paseo Habana,Amazon Counter - Estanco Bernabéu - Paseo Habana,"C. de la Infanta María Teresa, 8","C. de la Infanta María Teresa, 8",5.53,100.0,79.45,True,True,True,True,True,True,Possible duplicate,distance <= 15m and strong text match
925,929,926,930,Amazon,Amazon,Convenience Stores,Convenience Stores,Estanco Bernabéu - Paseo Habana,Seur Estanco 869,"C. de la Infanta María Teresa, 8","C. de la Infanta María Teresa, 8",11.48,100.0,35.56,True,True,True,True,True,True,Possible duplicate,distance <= 15m and strong text match
925,1488,926,1489,Amazon,SEUR,Convenience Stores,Convenience Stores,Estanco Bernabéu - Paseo Habana,Estanco 869 Madrid,"C. de la Infanta María Teresa, 8","C. de la Infanta María Teresa, 8",21.81,100.0,38.3,True,True,False,True,False,False,Manual review,review candidate only
925,1954,926,1955,Amazon,Dhl,Convenience Stores,Convenience Stores,Estanco Bernabéu - Paseo Habana,Estanco 869 Madrid,"C. de la Infanta María Teresa, 8","C. de la Infanta María Teresa, 8",26.05,100.0,38.3,True,True,False,True,False,False,Manual review,review candidate only
926,929,927,930,Amazon,Amazon,Convenience Stores,Convenience Stores,Amazon Counter - Estanco Bernabéu - Paseo Habana,Seur Estanco 869,"C. de la Infanta María Teresa, 8","C. de la Infanta María Teresa, 8",6.26,100.0,36.67,True,True,True,True,True,True,Possible duplicate,distance <= 15m and strong text match
926,1488,927,1489,Amazon,SEUR,Convenience Stores,Convenience Stores,Amazon Counter - Estanco Bernabéu - Paseo Habana,Estanco 869 Madrid,"C. de la Infanta María Teresa, 8","C. de la Infanta María Teresa, 8",16.28,100.0,29.03,True,True,False,True,False,False,Manual review,review candidate only
926,1954,927,1955,Amazon,Dhl,Convenience Stores,Convenience Stores,Amazon Counter - Estanco Bernabéu - Paseo Habana,Estanco 869 Madrid,"C. de la Infanta María Teresa, 8","C. de la Infanta María Teresa, 8",20.95,100.0,29.03,True,True,False,True,False,False,Manual review,review candidate only
928,1480,929,1481,Amazon,SEUR,Convenience Stores,Convenience Stores,Seur Kukos,Kukos,"Calle de Puerto Rico, 29","Calle de Puerto Rico, 29",22.42,100.0,66.67,True,True,False,True,False,False,Manual review,review candidate only
930,1487,931,1488,Amazon,SEUR,Convenience Stores,Convenience Stores,Seur - Electrodomesticos Escoria,Electrodomesticos Escoria,"Calle de Puerto Rico, 2","Calle de Puerto Rico, 2",16.31,100.0,90.91,True,True,False,True,False,False,Manual review,review candidate only
932,2671,933,2672,Amazon,Gls,Convenience Stores,Convenience Stores,Amazon Counter - Alimentacion Xiaofen,Ps Alimentacion Xiaofen,"Av. de Alfonso XIII, 145","Av. de Alfonso XIII, 145",22.68,100.0,72.41,True,True,False,True,False,False,Manual review,review candidate only
958,1522,959,1523,Amazon,SEUR,Convenience Stores,Convenience Stores,Seur - Relojeria Julio Gayo,Relojeria Julio Gayo,"C. de Jacinto Verdaguer, 34","C. de Jacinto Verdaguer, 34",17.54,100.0,88.89,True,True,False,True,False,False,Manual review,review candidate only
959,2942,960,2943,Amazon,UPS,Convenience Stores,Convenience Stores,Amazon Counter - Estanco Valle De Oro,Estanco Valle De Oro,"C. Juan Francisco, 1","C. Juan Francisco, 1",16.21,100.0,72.73,True,True,False,True,False,False,Manual review,review candidate only
968,1523,969,1524,Amazon,SEUR,Convenience Stores,Locker,Amazon Counter - Latin Travel España,Seur Locker Latin Travel,"C. Castro de Oro, 12","C. Castro de Oro, 12",18.45,100.0,58.62,True,True,False,False,False,False,Manual review,review candidate only
968,3190,969,3191,Amazon,Pudo,Convenience Stores,Click&Collect,Amazon Counter - Latin Travel España,Latin Travel Castro De Oro,"C. Castro de Oro, 12","C. Castro de Oro, 12",26.45,100.0,46.67,True,True,False,False,False,False,Manual review,review candidate only
971,1534,972,1535,Amazon,SEUR,Locker,Locker,Lockers Cadascuna,Seur Lockers Pk Orense,"C. de Orense, 50","C. de Orense, 50",27.99,100.0,46.15,True,True,False,True,False,False,Manual review,review candidate only
973,975,974,976,Amazon,Amazon,Locker,Locker,Lockers Correos Madrid Sucursal 36 Juli,Lockers Correos Madrid Sucursal 36,"C. de Orense, 55","C. de Orense, 55",0.0,100.0,93.15,True,True,True,True,True,True,Possible duplicate,distance <= 5m
973,974,974,975,Amazon,Amazon,Locker,Convenience Stores,Lockers Correos Madrid Sucursal 36 Juli,Correos Madrid Sucursal 36,"C. de Orense, 55","Julian Besteiro S/n Esquina San Germán Madrid Suc. 36, C. de Orense",14.2,28.21,80.0,True,False,True,False,True,False,Multi-service same company,distance <= 15m and strong text match
974,975,975,976,Amazon,Amazon,Convenience Stores,Locker,Correos Madrid Sucursal 36,Lockers Correos Madrid Sucursal 36,"Julian Besteiro S/n Esquina San Germán Madrid Suc. 36, C. de Orense","C. de Orense, 55",14.2,28.21,86.67,True,False,True,False,True,False,Multi-service same company,distance <= 15m and strong text match
982,983,983,984,Amazon,Amazon,Convenience Stores,Convenience Stores,Seur Locutorio San German,Amazon Counter - Locutorio San German,"C. de San Germán, 49C","C. de San Germán, 49",7.74,97.3,76.67,False,False,True,True,True,True,Possible duplicate,distance <= 15m and strong text match
983,1537,984,1538,Amazon,SEUR,Convenience Stores,Convenience Stores,Amazon Counter - Locutorio San German,Locutorio San German,"C. de San Germán, 49","C. de San Germán, 49",15.43,100.0,72.73,True,True,False,True,False,False,Manual review,review candidate only
984,1541,985,1542,Amazon,SEUR,Convenience Stores,Convenience Stores,Seur - Print It Peron,Print It Peron,"Av. del General Perón, 4","Av. del General Perón, 4",20.42,100.0,84.85,True,True,False,True,False,False,Manual review,review candidate only
997,1559,998,1560,Amazon,SEUR,Convenience Stores,Convenience Stores,Amazon Counter - Papeleria Y Libreria Arcoiris,Papeleria Y Libreria Arco,"C. de Juan José Martínez Seco, 68","C. de Juan José Martínez Seco, 68",16.65,100.0,72.46,True,True,False,True,False,False,Manual review,review candidate only
1003,1006,1004,1007,Amazon,Amazon,Convenience Stores,Convenience Stores,Amazon Counter - Global Locutorio,Amazon Counter - Estrella Envios,"C. de Torre Arias, 8","C. de Torre Arias, 8",2.04,100.0,65.57,True,True,True,True,True,True,Possible duplicate,distance <= 5m
1011,1569,1012,1570,Amazon,SEUR,Convenience Stores,Convenience Stores,Seur - Rmc Servicios,Rmc Servicios,"C. de Nicolasa Gómez, 72","C. de Nicolasa Gómez, 72",15.21,100.0,83.87,True,True,False,True,False,False,Manual review,review candidate only
1011,1971,1012,1972,Amazon,Dhl,Convenience Stores,Convenience Stores,Seur - Rmc Servicios,Rmc Servicios,"C. de Nicolasa Gómez, 72","C. de Nicolasa Gómez, 72",21.03,100.0,83.87,True,True,False,True,False,False,Manual review,review candidate only
1011,2128,1012,2129,Amazon,Celeritas,Convenience Stores,Convenience Stores,Seur - Rmc Servicios,Rmc Servicios,"C. de Nicolasa Gómez, 72","C. de Nicolasa Gómez, 72",25.56,100.0,83.87,True,True,False,True,False,False,Manual review,review candidate only
1013,2739,1014,2740,Amazon,Gls,Convenience Stores,Convenience Stores,Amazon Counter - Golden Express Alcala,Ps Remesas Golden,"C. de Alcalá, 662",Calle de Alcalá 662,22.73,88.24,30.19,True,True,False,True,False,False,Manual review,review candidate only
1015,1017,1016,1018,Amazon,Amazon,Locker,Locker,Correos - Madrid Suc 33. Aravaca,Citypaq Lockers-Correos Madrid Suc 33. Aravaca,"C. de Caroli, 10","C. de Caroli, 10",7.1,100.0,78.38,True,True,True,True,True,True,Possible duplicate,distance <= 15m and strong text match
1020,3202,1021,3203,Amazon,Pudo,Locker,Click&Collect,Amazon Locker - Vanesa Cc,C.C. Sexta Avenida,"Av. de la Victoria, 2","Av. de la Victoria, 2",25.6,100.0,25.0,True,True,False,False,False,False,Manual review,review candidate only
1022,1024,1023,1025,Amazon,Amazon,Locker,Convenience Stores,Citypaq Lockers-Cc Lanceros,Amazon Counter - Beverly,"P.o de los Lanceros, 2","P.o de los Lanceros, 2",6.4,100.0,28.57,True,True,True,False,True,False,Multi-service same company,distance <= 15m and strong text match
1029,1030,1030,1031,Amazon,Amazon,Locker,Locker,Correos - Madrid Suc 93. Vista Alegre,Citypaq Lockers-Correos Madrid Suc 93. Vista Alegr,"C. Hermanas Alonso Barceló, 7","C. Hermanas Alonso Barceló, 7",0.0,100.0,79.52,True,True,True,True,True,True,Possible duplicate,distance <= 5m
1031,1038,1032,1039,Amazon,Amazon,Convenience Stores,Convenience Stores,Amazon Counter - Locutorio Bala,Seur - Expendeduria 574,"Calle del Gral. Ricardos, 244","Calle del Gral. Ricardos, 244",3.24,100.0,28.0,True,True,True,True,True,True,Possible duplicate,distance <= 5m
1031,1032,1032,1033,Amazon,Amazon,Convenience Stores,Convenience Stores,Amazon Counter - Locutorio Bala,Amazon Counter - Expendeduria 574,"Calle del Gral. Ricardos, 244","Calle del Gral. Ricardos, 244",6.91,100.0,63.33,True,True,True,True,True,True,Possible duplicate,distance <= 15m and strong text match
1032,1038,1033,1039,Amazon,Amazon,Convenience Stores,Convenience Stores,Amazon Counter - Expendeduria 574,Seur - Expendeduria 574,"Calle del Gral. Ricardos, 244","Calle del Gral. Ricardos, 244",8.52,100.0,73.08,True,True,True,True,True,True,Possible duplicate,distance <= 15m and strong text match
1033,1041,1034,1042,Amazon,Amazon,Locker,Convenience Stores,Amazon Locker - Estambul Estanco,Amazon Counter - Fix Mi Movil,"P.o de Marcelino Camacho, 29","P.o de Marcelino Camacho, 29",7.42,100.0,45.61,True,True,True,False,True,False,Multi-service same company,distance <= 15m and strong text match
1034,1037,1035,1038,Amazon,Amazon,Convenience Stores,Convenience Stores,Amazon Counter - Yp Belleza Y Glamur,Amazon Counter - Super Mercado La Laguna,"C. de la Laguna, 74","C. de la Laguna, 74",2.28,100.0,66.67,True,True,True,True,True,True,Possible duplicate,distance <= 5m
1054,1062,1055,1063,Amazon,Amazon,Convenience Stores,Convenience Stores,Seur - Papeleria Multifuncional,Amazon Counter - Papeleria Y Moviles Elisa,"C. Francisco Ruiz, 5","C. Francisco Ruiz, 5",1.83,100.0,49.28,True,True,True,True,True,True,Possible duplicate,distance <= 5m
1054,1610,1055,1611,Amazon,SEUR,Convenience Stores,Convenience Stores,Seur - Papeleria Multifuncional,Papeleria Multifuncional,"C. Francisco Ruiz, 5","C. Francisco Ruiz, 5",25.75,100.0,90.57,True,True,False,True,False,False,Manual review,review candidate only
1057,1061,1058,1062,Amazon,Amazon,Convenience Stores,Convenience Stores,Seur - Drogueria Y Tienda De Rop,Amazon Counter - Tienda De Ropa Anayka,"C. del Santuario, 60","C. del Santuario, 60, LOCAL 1",2.86,81.82,51.52,True,True,True,True,True,True,Possible duplicate,distance <= 5m
1057,1617,1058,1618,Amazon,SEUR,Convenience Stores,Convenience Stores,Seur - Drogueria Y Tienda De Rop,Drogueria Y Tienda De Rop,"C. del Santuario, 60","C. del Santuario, 60",18.29,100.0,90.91,True,True,False,True,False,False,Manual review,review candidate only
1059,1611,1060,1612,Amazon,SEUR,Convenience Stores,Convenience Stores,Seur - Alimentacion Y Dtodo User,Alimentacion Y Dtodo User,"C. de Elisa, 15","C. de Elisa, 15",21.07,100.0,90.91,True,True,False,True,False,False,Manual review,review candidate only
1061,1617,1062,1618,Amazon,SEUR,Convenience Stores,Convenience Stores,Amazon Counter - Tienda De Ropa Anayka,Drogueria Y Tienda De Rop,"C. del Santuario, 60, LOCAL 1","C. del Santuario, 60",16.85,81.82,59.02,True,True,False,True,False,False,Manual review,review candidate only
1062,1610,1063,1611,Amazon,SEUR,Convenience Stores,Convenience Stores,Amazon Counter - Papeleria Y Moviles Elisa,Papeleria Multifuncional,"C. Francisco Ruiz, 5","C. Francisco Ruiz, 5",25.23,100.0,40.62,True,True,False,True,False,False,Manual review,review candidate only
1069,1631,1070,1632,Amazon,SEUR,Convenience Stores,Convenience Stores,Seur - Papeleria Emejota,Papeleria Emejota,"C. de Esteban Mora, 32","C. de Esteban Mora, 32",19.47,100.0,87.18,True,True,False,True,False,False,Manual review,review candidate only
1074,1075,1075,1076,Amazon,Amazon,Locker,Locker,Amazon Locker - Cadaya Supermercado,Amazon Locker - Baidez Supermercado,Calle Virgen de la Alegría 10,"C. de José del Hierro, 57",3.58,38.46,87.88,True,False,True,True,True,True,Possible duplicate,distance <= 5m
1080,1987,1081,1988,Amazon,Dhl,Convenience Stores,Convenience Stores,Seur - De Buena Tinta,Bazar De Buena Tinta,"C/ de Francisco Silvela, 20","C/ de Francisco Silvela, 20",26.32,100.0,82.05,True,True,False,True,False,False,Manual review,review candidate only
1083,1084,1084,1085,Amazon,Amazon,Convenience Stores,Locker,Correos Madrid Sucursal 44,Lockers Correos Madrid Sucursal 44,"C. del Padre Rubio, 43","C. del Padre Rubio, 43",0.0,100.0,86.67,True,True,True,False,True,False,Multi-service same company,distance <= 5m
1085,1663,1086,1664,Amazon,SEUR,Convenience Stores,Convenience Stores,Seur Ferreteria Lauro Chichon,Ferreteria Lauro Chichon,"C. del Padre Rubio, 15","C. del Padre Rubio, 15",16.44,100.0,90.57,True,True,False,True,False,False,Manual review,review candidate only
1090,2461,1091,2462,Amazon,Ctt Express,Convenience Stores,Convenience Stores,Amazon Counter - Disache C.B.,Disache,"C. Pinos Alta, 33","C. Pinos Alta, 33",16.87,100.0,42.42,True,True,False,True,False,False,Manual review,review candidate only
1090,2682,1091,2683,Amazon,Gls,Convenience Stores,Convenience Stores,Amazon Counter - Disache C.B.,Ps Disache,"C. Pinos Alta, 33",Calle Pinos Alta 33,22.17,88.24,44.44,True,True,False,True,False,False,Manual review,review candidate only
1096,1103,1097,1104,Amazon,Amazon,Convenience Stores,Convenience Stores,Amazon Counter - Locutorio Mi Llajta,Seur - Locutorio Mi Llajta,"C. del Camino de los Vinateros, 93, BAJO 1","C. del Camino de los Vinateros, 93",1.07,90.14,75.86,True,True,True,True,True,True,Possible duplicate,distance <= 5m
1096,2162,1097,2163,Amazon,Celeritas,Convenience Stores,Convenience Stores,Amazon Counter - Locutorio Mi Llajta,Locutorio Mi Llajta,"C. del Camino de los Vinateros, 93, BAJO 1","C. del Camino de los Vinateros, 93",22.79,90.14,71.7,True,True,False,True,False,False,Manual review,review candidate only
1097,1679,1098,1680,Amazon,SEUR,Convenience Stores,Convenience Stores,Amazon Counter - Ciberinformatica Moratalaz,Ciberinformatia Moratalaz,"Cl. de la Hacienda de Pavones, 12","Cl. de la Hacienda de Pavones, 12",16.37,100.0,75.76,True,True,False,True,False,False,Manual review,review candidate only
1097,2474,1098,2475,Amazon,Ctt Express,Convenience Stores,Convenience Stores,Amazon Counter - Ciberinformatica Moratalaz,Ciberinformatica Moratalaz,"Cl. de la Hacienda de Pavones, 12","Cl. de la Hacienda de Pavones, 12",17.23,100.0,77.61,True,True,False,True,False,False,Manual review,review candidate only
1097,1099,1098,1100,Amazon,Amazon,Convenience Stores,Convenience Stores,Amazon Counter - Ciberinformatica Moratalaz,Seur - Ciberinformatia Moratalaz,"Cl. de la Hacienda de Pavones, 12","Cl. de la Hacienda de Pavones, 12",24.57,100.0,78.87,True,True,True,True,False,False,Manual review,review candidate only
1098,1101,1099,1102,Amazon,Amazon,Convenience Stores,Convenience Stores,Amazon Counter - Estanco Irati,Seur - Estanco Irati,"Av. de Moratalaz, 121","Av. de Moratalaz, 121",6.65,100.0,69.57,True,True,True,True,True,True,Possible duplicate,distance <= 15m and strong text match
1100,1108,1101,1109,Amazon,Amazon,Locker,Convenience Stores,Amazon Locker - Allueva Estanco,Seur - Estanco 627,"Av. del Dr. García Tapia, 139","Av. del Dr. García Tapia, 139",33.48,100.0,44.44,True,True,True,False,False,False,Manual review,review candidate only
1103,2162,1104,2163,Amazon,Celeritas,Convenience Stores,Convenience Stores,Seur - Locutorio Mi Llajta,Locutorio Mi Llajta,"C. del Camino de los Vinateros, 93","C. del Camino de los Vinateros, 93",21.72,100.0,88.37,True,True,False,True,False,False,Manual review,review candidate only
1105,1993,1106,1994,Amazon,Dhl,Convenience Stores,Convenience Stores,Amazon Counter - La Perla De Moratalaz,La Perla Servicios Moratalaz,"C. del Corregidor Alonso de Tobar, 2, Local G6","C. del Corregidor Alonso de Tobar, 2",29.52,88.31,62.5,True,True,False,True,False,False,Manual review,review candidate only
1108,1675,1109,1676,Amazon,SEUR,Convenience Stores,Convenience Stores,Seur - Estanco 627,Estanco 627,"Av. del Dr. García Tapia, 139","Av. del Dr. García Tapia, 139",25.57,100.0,81.48,True,True,False,True,False,False,Manual review,review candidate only
1113,1115,1114,1116,Amazon,Amazon,Convenience Stores,Convenience Stores,Amazon Counter - Aziz Locutorio,Amazon Counter - Bismillah Locutorio,"C. del Congosto, 19","C. del Congosto, 27",7.29,88.24,82.54,True,False,True,True,True,True,Possible duplicate,distance <= 15m and strong text match
1113,1129,1114,1130,Amazon,Amazon,Convenience Stores,Convenience Stores,Amazon Counter - Aziz Locutorio,Amazon Counter - Congosto Locutorio,"C. del Congosto, 19","C. Sierra de Mira, 3",46.76,34.29,80.65,True,False,True,True,False,False,Manual review,review candidate only
1116,1695,1117,1696,Amazon,SEUR,Locker,Convenience Stores,Seur - Libreria Sanabria,Libreria Sanabria,"C. Sierra Aitana, 2","C. Sierra Aitana, 2",15.07,100.0,87.18,True,True,False,False,False,False,Manual review,review candidate only
1120,1696,1121,1697,Amazon,SEUR,Convenience Stores,Convenience Stores,Seur - Tienda Shambhala,Tienda Shambhala,"C. del Monte Aya, 4","C. del Monte Aya, 4",25.45,100.0,86.49,True,True,False,True,False,False,Manual review,review candidate only
1121,1694,1122,1695,Amazon,SEUR,Convenience Stores,Convenience Stores,Seur - El Charrua Peluqueria,El Charrua Peluqueria,"Calle de Montes de Barbanza, 5","Calle de Montes de Barbanza, 5",15.52,100.0,89.36,True,True,False,True,False,False,Manual review,review candidate only
1135,1136,1136,1137,Amazon,Amazon,Convenience Stores,Locker,Correos - Madrid Suc 49. Vicálvaro,Citypaq Lockers-Correos Madrid Suc 49. Vicálvaro,"C/ de la Condesa de la Vega del Pozo, 29","C/ de la Condesa de la Vega del Pozo, 29",5.12,100.0,79.49,True,True,True,False,True,False,Multi-service same company,distance <= 15m and strong text match
1140,1141,1141,1142,Amazon,Amazon,Convenience Stores,Convenience Stores,Seur - Multiservicios Mym,Amazon Counter - Cyberlocutorio M&M,"C. de Calahorra, 25","C. de Calahorra, 25",5.29,100.0,39.29,True,True,True,True,True,True,Possible duplicate,distance <= 15m and strong text match
1142,2497,1143,2498,Amazon,Ctt Express,Convenience Stores,Convenience Stores,Amazon Counter - Fruteria Y Productos Latinos Gael,Fruteria Y Productos Latinos Gael,"C. de Villajimena, 6","C. de Villajimena, 6",23.88,100.0,81.48,True,True,False,True,False,False,Manual review,review candidate only
1143,1998,1144,1999,Amazon,Dhl,Convenience Stores,Convenience Stores,Seur - Videomania Mrmicro Ordena,Videomania-Mrmicro Ordenadores,"C. de la Raya, 13","C. de la Raya, 13",25.62,100.0,83.33,True,True,False,True,False,False,Manual review,review candidate only
1149,3026,1150,3027,Amazon,UPS,Convenience Stores,Convenience Stores,Amazon Counter - Peluquería Y Estética Roseni Lima,Kanguro Peluq Est Roseni Lima,"Av. de San Luis, 146","Av. de San Luis, 146",16.79,100.0,62.34,True,True,False,True,False,False,Manual review,review candidate only
1152,1718,1153,1719,Amazon,SEUR,Locker,Locker,Amazon Locker - Galant Lavanderia,Seur Locker Lavanderia Bu,"Av. de la Virgen del Carmen, 39","Av. de la Virgen del Carmen, 39",15.79,100.0,64.29,True,True,False,True,False,False,Manual review,review candidate only
1170,3233,1171,3234,Amazon,Pudo,Locker,Click&Collect,Amazon Locker - Calor Gasolinera,E.S. Galp Arcentales,"Av. de Arcentales, 7","Av. de Arcentales, 7",23.84,100.0,20.41,True,True,False,False,False,False,Manual review,review candidate only
1170,3046,1171,3047,Amazon,UPS,Locker,Locker,Amazon Locker - Calor Gasolinera,P Taquilla Galp Arcentales,"Av. de Arcentales, 7","Av. de Arcentales, 7",29.72,100.0,21.43,True,True,False,True,False,False,Manual review,review candidate only
1175,2007,1176,2008,Amazon,Dhl,Locker,Convenience Stores,Amazon Counter - Locutorio Amposta,Multiservicios Amposta,"C. de Amposta, 5","C. de Amposta, 5",18.22,100.0,59.26,True,True,False,False,False,False,Manual review,review candidate only
1176,1181,1177,1182,Amazon,Amazon,Locker,Convenience Stores,Amazon Locker - Grifol,Amazon Counter - Geomil Exprees,"Av. de Peña Prieta, 75","Av. de Peña Prieta, 75",5.04,100.0,53.06,True,True,True,False,True,False,Multi-service same company,distance <= 15m and strong text match
1176,2187,1177,2188,Amazon,Celeritas,Locker,Convenience Stores,Amazon Locker - Grifol,Geomil Express,"Av. de Peña Prieta, 75","Av. de Peña Prieta, 75",19.32,100.0,23.53,True,True,False,False,False,False,Manual review,review candidate only
1181,2187,1182,2188,Amazon,Celeritas,Convenience Stores,Convenience Stores,Amazon Counter - Geomil Exprees,Geomil Express,"Av. de Peña Prieta, 75","Av. de Peña Prieta, 75",23.01,100.0,60.47,True,True,False,True,False,False,Manual review,review candidate only
1184,1763,1185,1764,Amazon,SEUR,Convenience Stores,Convenience Stores,Seur - Envios Caribe,Envios Caribe,"C. de los Picos de Europa, 9","C. Picos de Europa, 9",27.49,84.44,83.87,True,True,False,True,False,False,Manual review,review candidate only
1188,3050,1189,3051,Amazon,UPS,Locker,Locker,Amazon Locker - Guisante Supermercado,P Taquilla Alcampo Vallecas,"Cl. Monleon, S/N","C. Monleón, SN",20.3,92.31,22.58,False,False,False,True,False,False,Manual review,review candidate only
1198,1199,1199,1200,Amazon,Amazon,Convenience Stores,Locker,Correos Madrid Sucursal 60,Lockers Correos Madrid Sucursal 60,"C. del Arquitecto López Otero, 3","C. del Arquitecto López Otero, 3",4.89,100.0,86.67,True,True,True,False,True,False,Multi-service same company,distance <= 5m
1203,2014,1204,2015,Amazon,Dhl,Convenience Stores,Convenience Stores,Amazon Counter - Recarga_Ahorra,Recarga - Aki,"C. de la Estafeta, 22, LOCAL 2","C. de la Estafeta, 22",20.17,82.61,45.0,True,True,False,True,False,False,Manual review,review candidate only
1205,1793,1206,1794,Amazon,SEUR,Convenience Stores,Convenience Stores,Seur - Libreria 7 Colores,Libreria 7 Colores,"C. Fitero, 3","C. Fitero, 3",19.22,100.0,87.8,True,True,False,True,False,False,Manual review,review candidate only
1211,1791,1212,1792,Amazon,SEUR,Convenience Stores,Convenience Stores,Seur - Papeleria Maripaz,Papeleria Maripaz,"C. Salado, 2","C. Salado, 2",24.82,100.0,87.18,True,True,False,True,False,False,Manual review,review candidate only
1220,1223,1221,1224,Amazon,Amazon,Convenience Stores,Convenience Stores,Amazon Counter - Dgc Movilnet,Amazon Counter - Vía Electrónica.,"C. del Balandro, 39, B local 1","C. del Balandro, 39, B- LOCAL 21",20.04,98.18,66.67,True,True,True,True,False,False,Manual review,review candidate only
1227,3064,1228,3065,Amazon,UPS,Convenience Stores,Convenience Stores,Seur - Libreria Solis,Librería Solis,"C. de López de Hoyos, 295","C. de López de Hoyos, 295",24.2,100.0,84.85,True,True,False,True,False,False,Manual review,review candidate only
1233,2737,1234,2738,Amazon,Gls,Locker,Convenience Stores,Seur - Estanco Madrid 307,Ps Estanco Biosca Nuevo,"C. Biosca, 29",Calle Biosca 29,27.0,84.62,52.17,True,True,False,False,False,False,Manual review,review candidate only
1234,1238,1235,1239,Amazon,Amazon,Convenience Stores,Convenience Stores,Amazon Counter - Locutorio Carlita,Seur - Estanco Papeleria Menende,"C. de Oliva de Plasencia, 1, LOCAL 334","C. de Oliva de Plasencia, 1",2.57,83.33,22.58,True,True,True,True,True,True,Possible duplicate,distance <= 5m
1237,1239,1238,1240,Amazon,Amazon,Convenience Stores,Convenience Stores,Amazon Counter - Perfumeria-Drogueria,Seur - Perfumeria Drogueria Cuat,"C. de Navalmoral de la Mata, 38","C. de Navalmoral de la Mata, 38",5.97,100.0,70.77,True,True,True,True,True,True,Possible duplicate,distance <= 15m and strong text match
1237,1833,1238,1834,Amazon,SEUR,Convenience Stores,Convenience Stores,Amazon Counter - Perfumeria-Drogueria,Perfumeria Drogueria Cuat,"C. de Navalmoral de la Mata, 38","C. de Navalmoral de la Mata, 38",19.47,100.0,66.67,True,True,False,True,False,False,Manual review,review candidate only
1239,1833,1240,1834,Amazon,SEUR,Convenience Stores,Convenience Stores,Seur - Perfumeria Drogueria Cuat,Perfumeria Drogueria Cuat,"C. de Navalmoral de la Mata, 38","C. de Navalmoral de la Mata, 38",22.01,100.0,90.91,True,True,False,True,False,False,Manual review,review candidate only
1240,2025,1241,2026,Amazon,Dhl,Convenience Stores,Convenience Stores,Amazon Counter - Ciber Space,Ciber Space,"C. de Valle Inclán, 40, LOCAL 20","C. de Valle Inclán, 40",28.4,81.63,59.46,True,True,False,True,False,False,Manual review,review candidate only
1244,1246,1245,1247,Amazon,Amazon,Convenience Stores,Convenience Stores,Amazon Counter - Cristaleria Aluche 2,Seur - Cristaleria Aluche Ii,"Av. de Las Águilas, 60, LOCAL 29","Av. de Las Águilas, 60",8.21,81.63,72.13,True,True,True,True,True,True,Possible duplicate,distance <= 15m and strong text match
1248,3075,1249,3076,Amazon,UPS,Convenience Stores,Convenience Stores,Amazon Counter - Gespain Inmobiliaria,Kanguro Gespain Inmobiliaria,C. de José de Cadalso,"C. de José de Cadalso, 53",27.54,93.02,73.02,False,False,False,True,False,False,Manual review,review candidate only
1250,1263,1251,1264,Amazon,Amazon,Convenience Stores,Convenience Stores,Tabacos Exp. N884,Seur - Expendeduria 884,"C. de Palos de la Frontera, 25","C. de Palos de la Frontera, 25",7.32,100.0,48.65,True,True,True,True,True,True,Possible duplicate,distance <= 15m and strong text match
1261,3080,1262,3081,Amazon,UPS,Convenience Stores,Convenience Stores,Seur - Libreria El Dedal,El Dedal,"C. de Rafael de Riego, 13","C. de Rafael de Riego, 13",24.17,100.0,53.33,True,True,False,True,False,False,Manual review,review candidate only
1267,1271,1268,1272,Amazon,Amazon,Convenience Stores,Convenience Stores,Amazon Counter - Expendeduria 474,Seur - Estanco 474,"Cl. de los Yébenes, 159","Cl. de los Yébenes, 159",7.58,100.0,38.3,True,True,True,True,True,True,Possible duplicate,distance <= 15m and strong text match
1270,1272,1271,1273,Amazon,Amazon,Convenience Stores,Convenience Stores,Amazon Counter - Tintoreria Elba Y Victoria,Seur - Cristaleria Aluche,"C. de Camarena, 235, LOCAL 7","C. de Camarena, 235",8.99,80.95,28.12,True,True,True,True,True,True,Possible duplicate,distance <= 15m and strong text match
1270,2588,1271,2589,Amazon,Ctt Express,Convenience Stores,Convenience Stores,Amazon Counter - Tintoreria Elba Y Victoria,Cristaleria Aluche,"C. de Camarena, 235, LOCAL 7","C. de Camarena, 235, Local 8",27.36,96.0,23.73,True,True,False,True,False,False,Manual review,review candidate only
1272,2588,1273,2589,Amazon,Ctt Express,Convenience Stores,Convenience Stores,Seur - Cristaleria Aluche,Cristaleria Aluche,"C. de Camarena, 235","C. de Camarena, 235, Local 8",29.09,80.95,87.8,True,True,False,True,False,False,Manual review,review candidate only
1278,1279,1279,1280,Amazon,Amazon,Convenience Stores,Locker,Correos - Madrid Suc 32. El Pardo,Citypaq Lockers-Correos Madrid Suc 32. El Pardo,"Pl. de Rogelio Enriquez, 5","Pl. de Rogelio Enriquez, 5",2.7,100.0,78.95,True,True,True,False,True,False,Multi-service same company,distance <= 5m
1292,1294,1293,1295,Amazon,Amazon,Convenience Stores,Locker,Correos - Madrid Suc 81. Las Tablas,Citypaq Lockers-Correos Madrid Suc 81. Las Tablas,"C. de Capiscol, 12","C. de Capiscol, 12",3.54,100.0,80.0,True,True,True,False,True,False,Multi-service same company,distance <= 5m
1311,2755,1312,2756,Amazon,Gls,Convenience Stores,Convenience Stores,Amazon Counter - Alimentacion & Dtodo,Ps Alimentacion De Todo,"Av del Monte Igueldo, 108",Avenida del Monte Igueldo 108,23.51,90.57,67.86,True,True,False,True,False,False,Manual review,review candidate only
1329,2872,1330,2873,SEUR,UPS,Locker,Locker,Mercado Prosperidad,Mercado Prosperidad,"C. de López de Hoyos, 81","C. de López de Hoyos, 81",20.73,100.0,100.0,True,True,False,True,False,False,Manual review,review candidate only
1330,3177,1331,3178,SEUR,Pudo,Locker,Click&Collect,Remesas Suero,Remesas Dinámicas Suero De Quiñones,"Cl. de Suero de Quiñones, 3","Calle de Suero de Quiñones, 3",19.35,94.34,54.17,True,True,False,False,False,False,Manual review,review candidate only
1337,2874,1338,2875,SEUR,UPS,Locker,Locker,Pc Box,Pcbox Madrid,"C. de Cartagena, 115","C. de Cartagena, 115",18.81,100.0,55.56,True,True,False,True,False,False,Manual review,review candidate only
1341,2875,1342,2876,SEUR,UPS,Locker,Locker,Lara Serrano,Aut Lara S El Viso,"C. de Serrano, 162","C. de Serrano, 162",21.39,100.0,53.33,True,True,False,True,False,False,Manual review,review candidate only
1342,1343,1343,1344,SEUR,SEUR,Convenience Stores,Locker,Fotografia La Fontana,Foto Fontana,"C. de Alonso Cano, 50","C. de Alonso Cano, 50",0.0,100.0,72.73,True,True,True,False,True,False,Multi-service same company,distance <= 5m
1344,2625,1345,2626,SEUR,Gls,Convenience Stores,Convenience Stores,Pillmarq,Ps Papeleria Pillmarq,"Calle de Fernández de la Hoz, 72","Calle de Fernández de la Hoz, 72",23.15,100.0,55.17,True,True,False,True,False,False,Manual review,review candidate only
1351,2879,1352,2880,SEUR,UPS,Locker,Convenience Stores,Seur Locker Jaime 24 H Av,Tiendas 7x24 Filipinas,"Av. de Filipinas, 30","Av. de Filipinas, 30",21.39,100.0,25.53,True,True,False,False,False,False,Manual review,review candidate only
1353,2882,1354,2883,SEUR,UPS,Convenience Stores,Convenience Stores,Moran Opticos,Moran Opticos,"C. de Cea Bermúdez, 65","C. de Cea Bermúdez, 65",17.45,100.0,100.0,True,True,False,True,False,False,Manual review,review candidate only
1371,1372,1372,1373,SEUR,SEUR,Locker,Convenience Stores,Seur Locker Locutorio Cib,Locutorio Ciber Marco,"C. de Ercilla, 12","C. de Ercilla, 12",0.0,100.0,56.52,True,True,True,False,True,False,Multi-service same company,distance <= 5m
1373,2889,1374,2890,SEUR,UPS,Convenience Stores,Convenience Stores,Vapstore La Latina,Vap Store La Latina,"Pl. de Cascorro, 8","Pl. de Cascorro, 8",20.22,100.0,97.3,True,True,False,True,False,False,Manual review,review candidate only
1375,1376,1376,1377,SEUR,SEUR,Convenience Stores,Locker,Nuvole Di Profumo,Seur Locker Mercado Cebad,C. de la Cebada SN,C. de la Cebada SN,0.0,100.0,28.57,False,False,True,False,True,False,Multi-service same company,distance <= 5m
1378,2887,1379,2888,SEUR,UPS,Convenience Stores,Convenience Stores,Estanco Melancólicos,Estanco Paseo Los Melancolicos,"P.o de los Melancólicos, 35","P.o de los Melancólicos, 35",25.98,100.0,80.0,True,True,False,True,False,False,Manual review,review candidate only
1385,2065,1386,2066,SEUR,Celeritas,Convenience Stores,Convenience Stores,Prink Iriparo Velazquez,Prink Velazquez,"Calle Velázquez, 118","Calle Velázquez, 118",21.94,100.0,78.95,True,True,False,True,False,False,Manual review,review candidate only
1385,2265,1386,2266,SEUR,Ctt Express,Convenience Stores,Convenience Stores,Prink Iriparo Velazquez,Prink Velazquez,"Calle Velázquez, 118","Calle Velázquez, 118",22.09,100.0,78.95,True,True,False,True,False,False,Manual review,review candidate only
1388,2891,1389,2892,SEUR,UPS,Locker,Locker,Pk Maria De Molina,Pk Indigo Md Molina,"Calle de María de Molina, 48","Calle de María de Molina, 48",19.46,100.0,64.86,True,True,False,True,False,False,Manual review,review candidate only
1395,2271,1396,2272,SEUR,Ctt Express,Convenience Stores,Convenience Stores,Locutorio Marandu Jb,Locutorio Marandu Jb,"Calle de Juan Bravo, 63","Calle de Juan Bravo, 63",24.37,100.0,100.0,True,True,False,True,False,False,Manual review,review candidate only
1399,2896,1400,2897,SEUR,UPS,Locker,Convenience Stores,Lara Conde De Casal,Aut Lara Cond Casal,"Av. del Mediterráneo, 41","Av. del Mediterráneo, 41",18.19,100.0,78.95,True,True,False,False,False,False,Manual review,review candidate only
1404,2278,1405,2279,SEUR,Ctt Express,Convenience Stores,Convenience Stores,Doce Treinta Y Cuatro,Doce Treinta Y Cuatro,"C. del Dr. Esquerdo, 96","C. del Dr. Esquerdo, 96, Local 2",17.35,83.33,100.0,True,True,False,True,False,False,Manual review,review candidate only
1404,2067,1405,2068,SEUR,Celeritas,Convenience Stores,Convenience Stores,Doce Treinta Y Cuatro,Doce Treinta Y Cuatro,"C. del Dr. Esquerdo, 96","C. del Dr. Esquerdo, 96",28.39,100.0,100.0,True,True,False,True,False,False,Manual review,review candidate only
1414,3119,1415,3120,SEUR,Pudo,Locker,Click&Collect,Seur Lockers Lara Menendez,Autoescuela Lara Menedez Pelayo,"Av. de la Ciudad de Barcelona, 7","Av. de la Ciudad de Barcelona, 7",16.51,100.0,56.14,True,True,False,False,False,False,Manual review,review candidate only
1416,2283,1417,2284,SEUR,Ctt Express,Locker,Convenience Stores,Seur Locker Autoescuela X,Autoescuela Xtreme,"Gta. de San Antonio de la Florida, 1","Gta. de San Antonio de la Florida, 1",18.54,100.0,60.47,True,True,False,False,False,False,Manual review,review candidate only
1418,1419,1419,1420,SEUR,SEUR,Convenience Stores,Locker,Estanco 804,Seur Lockers Parking Bolto,"C. de Romero Robledo, 9","C. de Romero Robledo, 9",0.0,100.0,21.62,True,True,True,False,True,False,Multi-service same company,distance <= 5m
1418,1790,1419,1791,SEUR,SEUR,Convenience Stores,Locker,Estanco 804,Seur Lockers Parking Bolto,"C. de Romero Robledo, 9","C. de Romero Robledo, 9",20.96,100.0,21.62,True,True,True,False,False,False,Manual review,review candidate only
1419,1790,1420,1791,SEUR,SEUR,Locker,Locker,Seur Lockers Parking Bolto,Seur Lockers Parking Bolto,"C. de Romero Robledo, 9","C. de Romero Robledo, 9",20.96,100.0,100.0,True,True,True,True,False,False,Manual review,review candidate only
1425,2900,1426,2901,SEUR,UPS,Convenience Stores,Convenience Stores,Mobile Centre,Mobile Centre,"Calle de la Princesa, 3","Calle de la Princesa, 3",19.16,100.0,100.0,True,True,False,True,False,False,Manual review,review candidate only
1427,3121,1428,3122,SEUR,Pudo,Locker,Click&Collect,Seur Lockers Lara Sainz Ba,Autoescuela Lara Sainz De Baranda,"C/ del Alcalde Sainz de Baranda, 30","C/ del Alcalde Sainz de Baranda, 30",25.49,100.0,57.63,True,True,False,False,False,False,Manual review,review candidate only
1434,2653,1435,2654,SEUR,Gls,Convenience Stores,Convenience Stores,Papeleria Ap,Ps Acuatro,"Calle de García de Paredes, 84","Calle de García de Paredes, 84",15.86,100.0,27.27,True,True,False,True,False,False,Manual review,review candidate only
1438,2299,1439,2300,SEUR,Ctt Express,Convenience Stores,Convenience Stores,Multiservicios Inti,Multiservicios Inti,"Calle de García de Paredes, 18","Calle de García de Paredes, 18",20.06,100.0,100.0,True,True,False,True,False,False,Manual review,review candidate only
1439,2303,1440,2304,SEUR,Ctt Express,Convenience Stores,Convenience Stores,Pekes Pet Shop,Pekes Pet Shop,"Calle de García de Paredes, 6","Calle de García de Paredes, 6, L20",24.93,93.33,100.0,True,True,False,True,False,False,Manual review,review candidate only
1441,2309,1442,2310,SEUR,Ctt Express,Convenience Stores,Convenience Stores,Candy Fiesta,Candy Fiesta,"P.o de Extremadura, 200","P.o de Extremadura, 200",22.36,100.0,100.0,True,True,False,True,False,False,Manual review,review candidate only
1443,1945,1444,1946,SEUR,Dhl,Convenience Stores,Convenience Stores,Mundo Movil 2,Mundo Movil,"C. de Cebreros, 12","C. de Cebreros, 12",20.87,100.0,91.67,True,True,False,True,False,False,Manual review,review candidate only
1446,1946,1447,1947,SEUR,Dhl,Convenience Stores,Convenience Stores,Mundo Móvil,Mundo Movil Ii,"C. de Caramuel, 5","C. de Caramuel, 5",26.31,100.0,88.0,True,True,False,True,False,False,Manual review,review candidate only
1455,3118,1456,3119,SEUR,Pudo,Locker,Click&Collect,Seur Lockers Lidl Ronda De,Lidl Ronda De Valencia,"Rda. de Valencia, sn","Rda. de Valencia, 1",24.31,91.43,54.17,False,False,False,False,False,False,Manual review,review candidate only
1461,2657,1462,2658,SEUR,Gls,Convenience Stores,Convenience Stores,Herbolario Niño Del Remed,Ps Copy Centro Opera,"C. de los Donados, 1","C. de los Donados, 1",25.12,100.0,13.33,True,True,False,True,False,False,Manual review,review candidate only
1465,1466,1466,1467,SEUR,SEUR,Locker,Lsp Pudos,Seur Lockers Canalejas,Tienda Seur Canalejas,"Pl. de Canalejas, 1","Pl. de Canalejas, 1",0.0,100.0,65.12,True,True,True,False,True,False,Multi-service same company,distance <= 5m
1471,2661,1472,2662,SEUR,Gls,Convenience Stores,Convenience Stores,Herbolario Santa Ana,Ps Herbolario Santa Ana,"Calle del Acuerdo, 31","Calle del Acuerdo, 31",16.97,100.0,93.02,True,True,False,True,False,False,Manual review,review candidate only
1483,2344,1484,2345,SEUR,Ctt Express,Convenience Stores,Convenience Stores,Mundo Movil Ppe De Vergar,Mundo Del Movil,"C. del Príncipe de Vergara, 291","C. del Príncipe de Vergara, 291",24.36,100.0,55.0,True,True,False,True,False,False,Manual review,review candidate only
1488,2088,1489,2089,SEUR,Celeritas,Convenience Stores,Convenience Stores,Estanco 869 Madrid,Expendeduria 869,"C. de la Infanta María Teresa, 8","C. de la Infanta María Teresa, 8",15.46,100.0,35.29,True,True,False,True,False,False,Manual review,review candidate only
1489,2924,1490,2925,SEUR,UPS,Convenience Stores,Convenience Stores,Estanco 416 Y Loterias,Fnx-Estanco 416,"C. de la Drácena, 19","C. de la Drácena, 19",15.62,100.0,59.46,True,True,False,True,False,False,Manual review,review candidate only
1494,1496,1495,1497,SEUR,SEUR,Convenience Stores,Locker,Locutorio La Elipa,Seur Locker Euroenvios Ma,"Cl. de San Maximiliano, 45","Cl. de San Maximiliano, 45",6.49,100.0,41.86,True,True,True,False,True,False,Multi-service same company,distance <= 15m and strong text match
1498,3229,1499,3230,SEUR,Pudo,Locker,Click&Collect,Seur Locker Calderon Asca,Autoescuela Calderon I Ascao,"C. de Ascao, 29","C. de Ascao, 29",23.4,100.0,64.15,True,True,False,False,False,False,Manual review,review candidate only
1508,2932,1509,2933,SEUR,UPS,Locker,Locker,Seur Locker New Linea Dig,P Taquilla New Linea Digital,"Av. de Palomeras, 126","Av. de Palomeras, 126",18.34,100.0,60.38,True,True,False,True,False,False,Manual review,review candidate only
1510,3250,1511,3251,SEUR,Pudo,Locker,Click&Collect,Seur Locker Lara Pedro La,Autoescuela Lara Vallecas Pedro Laborde,"C. de Pedro Laborde, 45","C. de Pedro Laborde, 45",18.31,100.0,53.12,True,True,False,False,False,False,Manual review,review candidate only
1527,2821,1528,2822,SEUR,Nacex,Convenience Stores,Convenience Stores,Triple B Electrodomestico,Triple B Electrodomesticos (2883-35),"C. de la Vía, 30","C. de la Vía, 30",16.96,100.0,84.75,True,True,False,True,False,False,Manual review,review candidate only
1527,2105,1528,2106,SEUR,Celeritas,Convenience Stores,Convenience Stores,Triple B Electrodomestico,Triple B Electrodomesticos,"C. de la Vía, 30","C. de la Vía, 30",17.19,100.0,98.04,True,True,False,True,False,False,Manual review,review candidate only
1528,2374,1529,2375,SEUR,Ctt Express,Convenience Stores,Convenience Stores,La Perla 2,Western Union Martin Arias,"C. Vicente Martín Arias, 2","C. Vicente Martín Arias, 2",26.35,100.0,22.22,True,True,False,True,False,False,Manual review,review candidate only
1532,2366,1533,2367,SEUR,Ctt Express,Convenience Stores,Convenience Stores,Estanco Pedro Yagüe,Estanco Pedro Yague,"C. Pedro Yagüe, 2","C. Pedro Yagüe, 2",18.39,100.0,100.0,True,True,False,True,False,False,Manual review,review candidate only
1532,2107,1533,2108,SEUR,Celeritas,Convenience Stores,Convenience Stores,Estanco Pedro Yagüe,Estanco Pedro Yague,"C. Pedro Yagüe, 2","C. Pedro Yagüe, 2",20.05,100.0,100.0,True,True,False,True,False,False,Manual review,review candidate only
1535,2113,1536,2114,SEUR,Celeritas,Locker,Convenience Stores,Seur Lockers Ferretería Cu,Ferreteria Perfumeria Cuzco Ferrcash,"C. del Poeta Joan Maragall, 19","C. del Poeta Joan Maragall, 19",16.74,100.0,41.94,True,True,False,False,False,False,Manual review,review candidate only
1536,2952,1537,2953,SEUR,UPS,Locker,Convenience Stores,Seur Lockers Midas Infanta,Mail Boxes Etc. 0116,"C. de la Infanta Mercedes, 53","C. de la Infanta Mercedes, 53",18.82,100.0,17.78,True,True,False,False,False,False,Manual review,review candidate only
1536,2767,1537,2768,SEUR,Mail Boxes Etc,Locker,Lsp Pudos,Seur Lockers Midas Infanta,Mbe 0116,"C. de la Infanta Mercedes, 53","C. de la Infanta Mercedes, 53",19.26,100.0,11.76,True,True,False,False,False,False,Manual review,review candidate only
1536,2949,1537,2950,SEUR,UPS,Locker,Convenience Stores,Seur Lockers Midas Infanta,Mail Boxes Etc,"C. de la Infanta Mercedes, 53","C. de la Infanta Mercedes, 53",19.62,100.0,20.0,True,True,False,False,False,False,Manual review,review candidate only
1536,3149,1537,3150,SEUR,Pudo,Locker,Click&Collect,Seur Lockers Midas Infanta,Midas Infanta Mercedes,"C. de la Infanta Mercedes, 53","C. de la Infanta Mercedes, 53",19.7,100.0,54.17,True,True,False,False,False,False,Manual review,review candidate only
1543,3151,1544,3152,SEUR,Pudo,Locker,Click&Collect,Seur Lockers Lidl Tetuan,Lidl Mercado De Tetuan,"C. de Bravo Murillo, 291","C. de Bravo Murillo, 291",22.37,100.0,47.83,True,True,False,False,False,False,Manual review,review candidate only
1544,2673,1545,2674,SEUR,Gls,Convenience Stores,Convenience Stores,Papeleria Tetuan,Ps Papeleria Prensa Tetuan,"C. de Bravo Murillo, 325","C. de Bravo Murillo, 325",15.02,100.0,76.19,True,True,False,True,False,False,Manual review,review candidate only
1548,1549,1549,1550,SEUR,SEUR,Locker,Convenience Stores,Seur Lockers Latin Travel,Latin Travel España,"C. de los Artistas, 19","C. de los Artistas, 19",0.0,100.0,54.55,True,True,True,False,True,False,Multi-service same company,distance <= 5m
1548,3138,1549,3139,SEUR,Pudo,Locker,Click&Collect,Seur Lockers Latin Travel,Latin Travel Artistas,"C. de los Artistas, 19","C. de los Artistas, 19",15.7,100.0,52.17,True,True,False,False,False,False,Manual review,review candidate only
1549,3138,1550,3139,SEUR,Pudo,Convenience Stores,Click&Collect,Latin Travel España,Latin Travel Artistas,"C. de los Artistas, 19","C. de los Artistas, 19",15.7,100.0,75.0,True,True,False,False,False,False,Manual review,review candidate only
1559,2390,1560,2391,SEUR,Ctt Express,Convenience Stores,Convenience Stores,Papeleria Y Libreria Arco,Papeleria Y Libreria Arcoiris,"C. de Juan José Martínez Seco, 68","C. de Juan José Martínez Seco, 68",16.11,100.0,92.59,True,True,False,True,False,False,Manual review,review candidate only
1559,2122,1560,2123,SEUR,Celeritas,Convenience Stores,Convenience Stores,Papeleria Y Libreria Arco,Papeleria Libreria Arcoiris,"C. de Juan José Martínez Seco, 68","C. de Juan José Martínez Seco, 68",22.02,100.0,88.46,True,True,False,True,False,False,Manual review,review candidate only
1564,2403,1565,2404,SEUR,Ctt Express,Convenience Stores,Convenience Stores,Papelería Odín,Bel Art,"C. de Sofía, 56","C. de Sofía, 56",18.42,100.0,28.57,True,True,False,True,False,False,Manual review,review candidate only
1570,2405,1571,2406,SEUR,Ctt Express,Convenience Stores,Convenience Stores,Locutorio Jlm,Locutorio Jlm,"C. de Troya, 32","C. de Troya, 32",21.04,100.0,100.0,True,True,False,True,False,False,Manual review,review candidate only
1592,1979,1593,1980,SEUR,Dhl,Convenience Stores,Convenience Stores,Master Ocio,Master Ocio,"C. de Eugenia de Montijo, 65","C. de Eugenia de Montijo, 63",26.48,96.15,100.0,True,False,False,True,False,False,Manual review,review candidate only
1603,1605,1604,1606,SEUR,SEUR,Convenience Stores,Locker,Latin Travel,Seur Locker Latin Travel,"C. de la Laguna, 30","C. de la Laguna, 30",4.03,100.0,66.67,True,True,True,False,True,False,Multi-service same company,distance <= 5m
1615,2692,1616,2693,SEUR,Gls,Convenience Stores,Convenience Stores,Damalar Viajes,Ps Damalar,"C. de la Cuesta, 15","C. de la Cuesta, 15",21.89,100.0,58.33,True,True,False,True,False,False,Manual review,review candidate only
1628,2145,1629,2146,SEUR,Celeritas,Convenience Stores,Convenience Stores,El Arbol De La Vida,El Árbol De La Vida,"C. del Gral. Aranaz, 42","C. del Gral. Aranaz, 42",18.09,100.0,100.0,True,True,False,True,False,False,Manual review,review candidate only
1628,2440,1629,2441,SEUR,Ctt Express,Convenience Stores,Convenience Stores,El Arbol De La Vida,El Árbol De La Vida,"C. del Gral. Aranaz, 42","C. del Gral. Aranaz, 42",20.93,100.0,100.0,True,True,False,True,False,False,Manual review,review candidate only
1629,2992,1630,2993,SEUR,UPS,Locker,Locker,Seur Locker Papeleria Man,P Taquilla Papeleria Manil,"C. de la Madre Antonia París, 4","C. de la Madre Antonia París, 4",22.33,100.0,62.75,True,True,False,True,False,False,Manual review,review candidate only
1635,3222,1636,3223,SEUR,Pudo,Locker,Click&Collect,Seur Locker Calderon Alca,Autoescuela Calderón Iii Alcala 460,"C. de Alcalá, 460","C. de Alcalá, 460",16.59,100.0,56.67,True,True,False,False,False,False,Manual review,review candidate only
1635,2998,1636,2999,SEUR,UPS,Locker,Locker,Seur Locker Calderon Alca,P Taquilla Aut Calderon Iii,"C. de Alcalá, 460","C. de Alcalá, 460",17.32,100.0,46.15,True,True,False,True,False,False,Manual review,review candidate only
1636,1637,1637,1638,SEUR,SEUR,Locker,Convenience Stores,Seur Locker Calderon Alca,Denver75,"C. de Alcalá, 311","C. de Alcalá, 311",0.0,100.0,18.18,True,True,True,False,True,False,Multi-service same company,distance <= 5m
1636,1985,1637,1986,SEUR,Dhl,Locker,Convenience Stores,Seur Locker Calderon Alca,Denver75,"C. de Alcalá, 311","C. de Alcalá, 311",27.11,100.0,18.18,True,True,False,False,False,False,Manual review,review candidate only
1637,1985,1638,1986,SEUR,Dhl,Convenience Stores,Convenience Stores,Denver75,Denver75,"C. de Alcalá, 311","C. de Alcalá, 311",27.11,100.0,100.0,True,True,False,True,False,False,Manual review,review candidate only
1644,3000,1645,3001,SEUR,UPS,Convenience Stores,Convenience Stores,De Buena Tinta,De Buena Tinta,"C/ de Francisco Silvela, 20","C/ de Francisco Silvela, 20",26.88,100.0,100.0,True,True,False,True,False,False,Manual review,review candidate only
1650,3001,1651,3002,SEUR,UPS,Locker,Convenience Stores,Seur Lockers Calderon Cart,Autesc Calderon V,"C. de Cartagena, 73","C. de Cartagena, 73",16.72,100.0,55.81,True,True,False,False,False,False,Manual review,review candidate only
1650,3167,1651,3168,SEUR,Pudo,Locker,Click&Collect,Seur Lockers Calderon Cart,Autoescuela Calderon V Cartagena,"C. de Cartagena, 73","C. de Cartagena, 73",17.19,100.0,58.62,True,True,False,False,False,False,Manual review,review candidate only
1651,3002,1652,3003,SEUR,UPS,Convenience Stores,Convenience Stores,La Casa Del Cartucho,La Casa Del Cartucho,"C/ de Francisco Silvela, 72","C/ de Francisco Silvela, 72",16.04,100.0,100.0,True,True,False,True,False,False,Manual review,review candidate only
1652,3003,1653,3004,SEUR,UPS,Locker,Convenience Stores,Seur Lockers Lara Avda Ame,Aut Lara Av America,"C. de Cartagena, 110","C. de Cartagena, 110",28.9,100.0,57.78,True,True,False,False,False,False,Manual review,review candidate only
1657,1659,1658,1660,SEUR,SEUR,Convenience Stores,Locker,Envios Masivos,Seur Lockers Inv Masivos,"C. de Álvarez, 19","C. de Álvarez, 19",11.94,100.0,57.89,True,True,True,False,True,False,Multi-service same company,distance <= 15m and strong text match
1659,3155,1660,3156,SEUR,Pudo,Locker,Click&Collect,Seur Lockers Inv Masivos,Inversiones Masivo S.L.,"C. de Álvarez, 19","C. de Álvarez, 19",19.23,100.0,56.52,True,True,False,False,False,False,Manual review,review candidate only
1665,3009,1666,3010,SEUR,UPS,Locker,Convenience Stores,Seur Lockers Lidl,Lidl S Delgado,"C. de Sinesio Delgado, 64","C. de Sinesio Delgado, 64",24.02,100.0,25.81,True,True,False,False,False,False,Manual review,review candidate only
1668,2682,1669,2683,SEUR,Gls,Convenience Stores,Convenience Stores,Disache C.B.,Ps Disache,"C. Pinos Alta, 33",Calle Pinos Alta 33,17.43,88.24,66.67,True,True,False,True,False,False,Manual review,review candidate only
1678,2162,1679,2163,SEUR,Celeritas,Convenience Stores,Convenience Stores,Locutorio Mi Llajta,Locutorio Mi Llajta,"C. del Vinateros, 93","C. del Camino de los Vinateros, 93",23.33,72.0,100.0,True,True,False,True,False,False,Manual review,review candidate only
1680,3238,1681,3239,SEUR,Pudo,Locker,Click&Collect,Seur Locker Lara Moratala,Autoescuela Lara Moratalaz Pavones,"Cl. de la Hacienda de Pavones, 6","Cl. de la Hacienda de Pavones, 6B",25.97,98.36,57.63,False,False,False,False,False,False,Manual review,review candidate only
1688,2163,1689,2164,SEUR,Celeritas,Convenience Stores,Convenience Stores,Estanco Metro Estrella,Estanco Metro Estrella 017,"C. del Camino de los Vinateros, 10","C. del Camino de los Vinateros, 10",25.93,100.0,91.67,True,True,False,True,False,False,Manual review,review candidate only
1690,1691,1691,1692,SEUR,SEUR,Convenience Stores,Locker,Floristeria Jema,Seur Locker Wash Up Santa,"C. Virgen de las Viñas, 16","C. Virgen de las Viñas, 16",0.0,100.0,34.15,True,True,True,False,True,False,Multi-service same company,distance <= 5m
1708,2168,1709,2169,SEUR,Celeritas,Convenience Stores,Convenience Stores,Papeleria Trabalenguas,Papelería Trabalenguas,"C. de Minerva, 89","C. de Minerva, 89",25.04,100.0,100.0,True,True,False,True,False,False,Manual review,review candidate only
1709,1998,1710,1999,SEUR,Dhl,Convenience Stores,Convenience Stores,Videomania Mrmicro Ordena,Videomania-Mrmicro Ordenadores,"C. de la Raya, 13","C. de la Raya, 13",22.97,100.0,90.91,True,True,False,True,False,False,Manual review,review candidate only
1720,3214,1721,3215,SEUR,Pudo,Locker,Click&Collect,Seur Locker Lara Mar Meno,Autoescuela Lara Mar Menor Hortaleza,"C. del Mar Menor, 2","C. del Mar Menor, 2",15.62,100.0,55.74,True,True,False,False,False,False,Manual review,review candidate only
1725,3028,1726,3029,SEUR,UPS,Locker,Locker,Seur Locker Lara Arturo S,P Taquilla Autesc Lara A Soria,"C. de Arturo Soria, 329","C. de Arturo Soria, 329",15.8,100.0,40.0,True,True,False,True,False,False,Manual review,review candidate only
1726,1727,1727,1728,SEUR,SEUR,Convenience Stores,Locker,Aqui Es,Seur Locker Cc Colombia,"Av. de Bucaramanga, 2","Av. de Bucaramanga, 2",10.83,100.0,6.67,True,True,True,False,True,False,Multi-service same company,distance <= 15m and strong text match
1726,2501,1727,2502,SEUR,Ctt Express,Convenience Stores,Convenience Stores,Aqui Es,Aquies!,"Av. de Bucaramanga, 2","Av. de Bucaramanga, 2",16.46,100.0,92.31,True,True,False,True,False,False,Manual review,review candidate only
1727,2501,1728,2502,SEUR,Ctt Express,Locker,Convenience Stores,Seur Locker Cc Colombia,Aquies!,"Av. de Bucaramanga, 2","Av. de Bucaramanga, 2",26.89,100.0,6.9,True,True,False,False,False,False,Manual review,review candidate only
1732,2601,1733,2602,SEUR,Ctt Express,Locker,Convenience Stores,Seur Locker Montecarmelo,Crazy Phone,"C. del Monasterio de Arlanza, 20","C. del Monasterio de Arlanza, 20",16.95,100.0,28.57,True,True,False,False,False,False,Manual review,review candidate only
1732,3038,1733,3039,SEUR,UPS,Locker,Locker,Seur Locker Montecarmelo,P Taquilla Cc Montecarmelo,"C. del Monasterio de Arlanza, 20","C. del Monasterio de Arlanza, 20",25.73,100.0,64.0,True,True,False,True,False,False,Manual review,review candidate only
1732,3208,1733,3209,SEUR,Pudo,Locker,Click&Collect,Seur Locker Montecarmelo,C.C. Montecarmelo,"C. del Monasterio de Arlanza, 20","C. del Monasterio de Arlanza, 20",28.99,100.0,75.0,True,True,False,False,False,False,Manual review,review candidate only
1735,3205,1736,3206,SEUR,Pudo,Locker,Click&Collect,Seur Locker Locutorio Cas,Locutorio Casandra,"C. de Isidro Fernández, 11","C. de Isidro Fernández, 11",17.06,100.0,60.47,True,True,False,False,False,False,Manual review,review candidate only
1735,3036,1736,3037,SEUR,UPS,Locker,Convenience Stores,Seur Locker Locutorio Cas,Locutorio Casandra,"C. de Isidro Fernández, 11","C. de Isidro Fernández, 11",18.05,100.0,60.47,True,True,False,False,False,False,Manual review,review candidate only
1736,1737,1737,1738,SEUR,SEUR,Locker,Convenience Stores,Seur Locker Telotengo Mar,Telotengo,"C. de Marcos de Orueta, 3","C. de Marcos de Orueta, 3",2.56,100.0,52.94,True,True,True,False,True,False,Multi-service same company,distance <= 5m
1736,2004,1737,2005,SEUR,Dhl,Locker,Convenience Stores,Seur Locker Telotengo Mar,Telotengo,"C. de Marcos de Orueta, 3","C. de Marcos de Orueta, 3",16.38,100.0,52.94,True,True,False,False,False,False,Manual review,review candidate only
1736,2733,1737,2734,SEUR,Gls,Locker,Convenience Stores,Seur Locker Telotengo Mar,Ps Te Lo Tengo Madrid,"C. de Marcos de Orueta, 3",Calle de Marcos de Orueta 3,18.3,92.0,65.22,True,True,False,False,False,False,Manual review,review candidate only
1736,2845,1737,2846,SEUR,Nacex,Locker,Convenience Stores,Seur Locker Telotengo Mar,Telotengo (2880-06),"C. de Marcos de Orueta, 3","C. de Marcos de Orueta, 3",18.61,100.0,47.62,True,True,False,False,False,False,Manual review,review candidate only
1737,2733,1738,2734,SEUR,Gls,Convenience Stores,Convenience Stores,Telotengo,Ps Te Lo Tengo Madrid,"C. de Marcos de Orueta, 3",Calle de Marcos de Orueta 3,16.85,92.0,60.0,True,True,False,True,False,False,Manual review,review candidate only
1737,2845,1738,2846,SEUR,Nacex,Convenience Stores,Convenience Stores,Telotengo,Telotengo (2880-06),"C. de Marcos de Orueta, 3","C. de Marcos de Orueta, 3",17.37,100.0,69.23,True,True,False,True,False,False,Manual review,review candidate only
1740,3039,1741,3040,SEUR,UPS,Convenience Stores,Convenience Stores,Prink Fermín Caballero,Visual Arfe,"C. de Fermín Caballero, 70","C. de Fermín Caballero, 70",15.54,100.0,18.18,True,True,False,True,False,False,Manual review,review candidate only
1751,2515,1752,2516,SEUR,Ctt Express,Convenience Stores,Convenience Stores,Fruteria Eder,Agh Fotodigital,"C. de la Virgen de la Oliva, 2","C. de la Virgen de la Oliva, 2",21.25,100.0,28.57,True,True,False,True,False,False,Manual review,review candidate only
1751,2516,1752,2517,SEUR,Ctt Express,Convenience Stores,Convenience Stores,Fruteria Eder,Expendeduria 12,"C. de la Virgen de la Oliva, 2","C. de la Virgen de la Oliva, 2",23.7,100.0,35.71,True,True,False,True,False,False,Manual review,review candidate only
1756,3233,1757,3234,SEUR,Pudo,Locker,Click&Collect,Seur Locker Galp Arcental,E.S. Galp Arcentales,"Av. de Arcentales, 7","Av. de Arcentales, 7",23.96,100.0,68.18,True,True,False,False,False,False,Manual review,review candidate only
1756,3046,1757,3047,SEUR,UPS,Locker,Locker,Seur Locker Galp Arcental,P Taquilla Galp Arcentales,"Av. de Arcentales, 7","Av. de Arcentales, 7",27.51,100.0,62.75,True,True,False,True,False,False,Manual review,review candidate only
1760,3234,1761,3235,SEUR,Pudo,Locker,Click&Collect,Seur Locker Galp Vicalvar,E.S. Galp Vicálvaro,Av. de Canillejas a Vicálvaro SN,"Av. de Canillejas a Vicálvaro, 80",20.47,93.55,69.77,False,False,False,False,False,False,Manual review,review candidate only
1761,3232,1762,3233,SEUR,Pudo,Locker,Click&Collect,Seur Locker Euroenvios Zu,Locutorio Euroenvíos Iv Calle Zumel,"C. Zumel, 14","C. Zumel, 14",19.93,100.0,60.0,True,True,False,False,False,False,Manual review,review candidate only
1762,3246,1763,3247,SEUR,Pudo,Locker,Click&Collect,Seur Locker Alc Vallecas,C.C. Alcampo Vallecas,C. Monleón SN,"C. Monleón, s/n",29.05,96.0,68.18,False,False,False,False,False,False,Manual review,review candidate only
1784,2540,1785,2541,SEUR,Ctt Express,Convenience Stores,Convenience Stores,Locutorio El Grande,Locutorio El Grande,"C. de San Raimundo, 11","C. de San Raimundo, 11",17.13,100.0,100.0,True,True,False,True,False,False,Manual review,review candidate only
1793,3054,1794,3055,SEUR,UPS,Convenience Stores,Convenience Stores,Libreria 7 Colores,Libreria 7 Colores,"C. Fitero, 3","C. Fitero, 3C",19.07,95.24,100.0,False,False,False,True,False,False,Manual review,review candidate only
1794,3056,1795,3057,SEUR,UPS,Locker,Locker,Seur Locker Carref Angele,P Taquilla Cc Carr Los Angeles,"Av. de Andalucía, Km. 7","Av. de Andalucía, Km. 7, 100",16.37,90.91,54.55,True,True,False,True,False,False,Manual review,review candidate only
1795,1796,1796,1797,SEUR,SEUR,Convenience Stores,Locker,Khan Multan,Seur Locker Pan Y Toro,"C. Pan y Toros, 11","C. Pan y Toros, 11",0.0,100.0,30.3,True,True,True,False,True,False,Multi-service same company,distance <= 5m
1795,2815,1796,2816,SEUR,Nacex,Convenience Stores,Convenience Stores,Khan Multan,Locutorio (2882-14),"C. Pan y Toros, 11","C. Pan y Toros, 11",27.59,100.0,7.14,True,True,False,True,False,False,Manual review,review candidate only
1796,2815,1797,2816,SEUR,Nacex,Locker,Convenience Stores,Seur Locker Pan Y Toro,Locutorio (2882-14),"C. Pan y Toros, 11","C. Pan y Toros, 11",27.59,100.0,35.9,True,True,False,False,False,False,Manual review,review candidate only
1808,2552,1809,2553,SEUR,Ctt Express,Convenience Stores,Convenience Stores,Fotografia Yenes,Fotografia Yenes,"P.o de la Alameda de Osuna, 71","P.o de la Alameda de Osuna, 71",23.54,100.0,100.0,True,True,False,True,False,False,Manual review,review candidate only
1809,2557,1810,2558,SEUR,Ctt Express,Convenience Stores,Convenience Stores,Brico Ema,Dgc Movilnet,"C. del Balandro, 39","C. del Balandro, 39",25.11,100.0,19.05,True,True,False,True,False,False,Manual review,review candidate only
1814,3067,1815,3068,SEUR,UPS,Convenience Stores,Convenience Stores,Lhstore,Locutorio Hablales,"C. de Agustín Calvo, 26","C. de Agustín Calvo, 26",28.08,100.0,40.0,True,True,False,True,False,False,Manual review,review candidate only
1814,2023,1815,2024,SEUR,Dhl,Convenience Stores,Convenience Stores,Lhstore,Lhstore,"C. de Agustín Calvo, 26","C. de Agustín Calvo, 26",28.54,100.0,100.0,True,True,False,True,False,False,Manual review,review candidate only
1816,3217,1817,3218,SEUR,Pudo,Locker,Click&Collect,Seur Locker Palacio Hielo,C.C. Palacio De Hielo,"C. de Silvano, 77","C. de Silvano, 77",23.73,100.0,71.11,True,True,False,False,False,False,Manual review,review candidate only
1821,2737,1822,2738,SEUR,Gls,Convenience Stores,Convenience Stores,Estanco Madrid 307,Ps Estanco Biosca Nuevo,"C. Biosca, 29",Calle Biosca 29,27.0,84.62,48.78,True,True,False,True,False,False,Manual review,review candidate only
1824,3064,1825,3065,SEUR,UPS,Convenience Stores,Convenience Stores,Libreria Solis,Librería Solis,"C. de López de Hoyos, 295","C. de López de Hoyos, 295",21.76,100.0,100.0,True,True,False,True,False,False,Manual review,review candidate only
1830,2199,1831,2200,SEUR,Celeritas,Convenience Stores,Convenience Stores,Burman,Burman,"Av de la Aviación, 99","Av de la Aviación, 99",18.14,100.0,100.0,True,True,False,True,False,False,Manual review,review candidate only
1830,3076,1831,3077,SEUR,UPS,Convenience Stores,Convenience Stores,Burman,Burman,"Av de la Aviación, 99","Av de la Aviación, 99",18.37,100.0,100.0,True,True,False,True,False,False,Manual review,review candidate only
1832,3188,1833,3189,SEUR,Pudo,Locker,Click&Collect,Seur Locker Lidl Aviacio,Lidl Avda. Aviación,"Av de la Aviación, 28","Av de la Aviación, 28",16.32,100.0,57.14,True,True,False,False,False,False,Manual review,review candidate only
1839,2719,1840,2720,SEUR,Gls,Convenience Stores,Convenience Stores,La Tienda De Ana,Ps Viajes Y Envios Leon,"C. de Joaquín Turina, 31",Calle de Joaquín Turina 31,29.33,91.67,35.9,True,True,False,True,False,False,Manual review,review candidate only
1844,2689,1845,2690,SEUR,Gls,Convenience Stores,Convenience Stores,Martuchela Abalorios,Ps Martuchela Tienda De Abalorios Y Bisutería,"C. de Bolívar, 26","C. de Bolívar, 26",22.79,100.0,61.54,True,True,False,True,False,False,Manual review,review candidate only
1853,1854,1854,1855,SEUR,SEUR,Convenience Stores,Locker,Phonedoctors,Seur Lockers Phone Doctors,"C. de Jaime el Conquistador, 22","C. de Jaime el Conquistador, 22",0.0,100.0,63.16,True,True,True,False,True,False,Multi-service same company,distance <= 5m
1855,2582,1856,2583,SEUR,Ctt Express,Convenience Stores,Convenience Stores,Locutorio Canarias,Locutorio Canarias,"C. de Canarias, 29","C. de Canarias, 29",18.14,100.0,100.0,True,True,False,True,False,False,Manual review,review candidate only
1860,3080,1861,3081,SEUR,UPS,Convenience Stores,Convenience Stores,Libreria El Dedal,El Dedal,"C. de Rafael de Riego, 13","C. de Rafael de Riego, 13",20.14,100.0,64.0,True,True,False,True,False,False,Manual review,review candidate only
1862,3114,1863,3115,SEUR,Pudo,Locker,Click&Collect,Seur Lockers Flor Rosistir,Floristería Rosistiremos,"P.o de Sta. María de la Cabeza, 76","P.o de Sta. María de la Cabeza, 76",20.91,100.0,52.0,True,True,False,False,False,False,Manual review,review candidate only
1872,3095,1873,3096,SEUR,UPS,Convenience Stores,Convenience Stores,Estanco 729,Estanco 729,"C. de Cuart de Poblet, 65","C. de Cuart de Poblet, 65",15.5,100.0,100.0,True,True,False,True,False,False,Manual review,review candidate only
1875,2035,1876,2036,SEUR,Dhl,Locker,Convenience Stores,Seur Locker Papeleria Lib,Jmb Suministros,"Cl. de los Yébenes, 223","Cl. de los Yébenes, 223",15.22,100.0,20.0,True,True,False,False,False,False,Manual review,review candidate only
1875,3090,1876,3091,SEUR,UPS,Locker,Convenience Stores,Seur Locker Papeleria Lib,Papeleria Jmb Suministros Informati,"Cl. de los Yébenes, 223","Cl. de los Yébenes, 223",23.47,100.0,36.67,True,True,False,False,False,False,Manual review,review candidate only
1878,1880,1879,1881,SEUR,SEUR,Locker,Convenience Stores,Seur Locker Shati Telecom,Shati Telecom,"C. Vía Carpetana, 157","C. Vía Carpetana, 157",3.29,100.0,68.42,True,True,True,False,True,False,Multi-service same company,distance <= 5m
1879,3196,1880,3197,SEUR,Pudo,Locker,Click&Collect,Seur Locker Lidl Carpetan,Lidl Via Carpetana 145,"C. Vía Carpetana, 145","C. Vía Carpetana, 145",30.0,100.0,55.32,True,True,False,False,False,False,Manual review,review candidate only
1884,2588,1885,2589,SEUR,Ctt Express,Convenience Stores,Convenience Stores,Cristaleria Aluche,Cristaleria Aluche,"C. de Camarena, 235","C. de Camarena, 235, Local 8",26.27,80.95,100.0,True,True,False,True,False,False,Manual review,review candidate only
1897,2759,1898,2760,SEUR,Gls,Convenience Stores,Convenience Stores,Merca Oasis,Ps Merca Oasis,"Av de las Suertes, 98",Avenida de las Suertes 98,20.3,88.89,88.0,True,True,False,True,False,False,Manual review,review candidate only
1900,3102,1901,3103,SEUR,UPS,Locker,Locker,Seur Locker La Gavia,P Taquilla Cc La Gavia,"C. Adolfo Bioy Casares, 2","C. Adolfo Bioy Casares, 2",25.41,100.0,57.14,True,True,False,True,False,False,Manual review,review candidate only
1901,3104,1902,3105,SEUR,UPS,Locker,Locker,Seur Locker Lara Ensanche,P Taquilla Aut Lara Ensanche V,"C. del Barranco del Novillo, 24","C. del Barranco del Novillo, 24",23.23,100.0,58.18,True,True,False,True,False,False,Manual review,review candidate only
1904,3105,1905,3106,SEUR,UPS,Locker,Locker,Seur Locker Mercado Entre,P Taquilla Mercado M Entrevias,"C. Campiña, 5","C. Campiña, 5",18.34,100.0,58.18,True,True,False,True,False,False,Manual review,review candidate only
1909,2755,1910,2756,SEUR,Gls,Convenience Stores,Convenience Stores,Alimentacion Y De Todo,Ps Alimentacion De Todo,"Av del Monte Igueldo, 108",Avenida del Monte Igueldo 108,23.03,90.57,88.89,True,True,False,True,False,False,Manual review,review candidate only
1912,1913,1913,1914,SEUR,SEUR,Locker,Locker,Seur Locker Lidl Isla Az,Seur Locker Cc Isla Azul,"C. de la Calderilla, 1","C. de la Calderilla, 1",0.0,100.0,83.33,True,True,True,True,True,True,Possible duplicate,distance <= 5m
1920,2624,1921,2625,Dhl,Gls,Convenience Stores,Convenience Stores,Abp Comunicaciones,Ps Abp Comunicaciones,"Intercambiador de Avenida de América, Nivel -3","Intercambiador de Avenida de América, Nivel -3, local 14",29.21,90.72,92.31,True,True,False,True,False,False,Manual review,review candidate only
1923,2889,1924,2890,Dhl,UPS,Convenience Stores,Convenience Stores,Vapstore La Latina,Vap Store La Latina,"Pl. de Cascorro, 8","Pl. de Cascorro, 8",22.73,100.0,97.3,True,True,False,True,False,False,Manual review,review candidate only
1937,2284,1938,2285,Dhl,Ctt Express,Convenience Stores,Convenience Stores,Supermarket E.M,Supermarket E.M.,"P.o de la Florida, 23","P.o de la Florida, 23",16.37,100.0,100.0,True,True,False,True,False,False,Manual review,review candidate only
1938,2900,1939,2901,Dhl,UPS,Convenience Stores,Convenience Stores,Mobile Centre,Mobile Centre,"Calle de la Princesa, 3","Calle de la Princesa, 3",15.81,100.0,100.0,True,True,False,True,False,False,Manual review,review candidate only
1943,2306,1944,2307,Dhl,Ctt Express,Convenience Stores,Convenience Stores,Envios Ing,Envios Ing,"C. de Villavaliente, 3","C. de Villavaliente, 3",22.77,100.0,100.0,True,True,False,True,False,False,Manual review,review candidate only
1943,2077,1944,2078,Dhl,Celeritas,Convenience Stores,Convenience Stores,Envios Ing,Envios Ing,"C. de Villavaliente, 3","C. de Villavaliente, 3",25.64,100.0,100.0,True,True,False,True,False,False,Manual review,review candidate only
1944,2312,1945,2313,Dhl,Ctt Express,Convenience Stores,Convenience Stores,Smart Mobile,Smart Mobile,"P.o de Extremadura, 154","P.o de Extremadura, 154",24.77,100.0,100.0,True,True,False,True,False,False,Manual review,review candidate only
1954,2088,1955,2089,Dhl,Celeritas,Convenience Stores,Convenience Stores,Estanco 869 Madrid,Expendeduria 869,"C. de la Infanta María Teresa, 8","C. de la Infanta María Teresa, 8",19.55,100.0,35.29,True,True,False,True,False,False,Manual review,review candidate only
1955,2355,1956,2356,Dhl,Ctt Express,Convenience Stores,Convenience Stores,Gm Montons,Gm Montos,"Av. del Marqués de Corbera, 62","Av. del Marqués de Corbera, 62, LOCAL 1",27.56,87.5,94.74,True,True,False,True,False,False,Manual review,review candidate only
1956,2746,1957,2747,Dhl,Gls,Convenience Stores,Convenience Stores,Ciber Carola,Ps Ciber Carola,"C. de Gutierre de Cetina, 6","C. de Gutierre de Cetina, 6",25.72,100.0,88.89,True,True,False,True,False,False,Manual review,review candidate only
1959,2101,1960,2102,Dhl,Celeritas,Convenience Stores,Convenience Stores,Estanco 562 Mad,Expendiduria 562 Y Receptor,"C. del Radio, 18","C. del Radio, 18",16.73,100.0,33.33,True,True,False,True,False,False,Manual review,review candidate only
1964,2959,1965,2960,Dhl,UPS,Convenience Stores,Convenience Stores,Tecno 3,Full-Tecno 3,"C. de Hernani, 3","C. de Hernani, 3",18.09,100.0,73.68,True,True,False,True,False,False,Manual review,review candidate only
1966,2967,1967,2968,Dhl,UPS,Convenience Stores,Convenience Stores,Betania Libreria Y Papeleria,Betania Libreria Y Papeleria,"C. de San Aureliano, 3","C. de San Aureliano, 3",18.49,100.0,100.0,True,True,False,True,False,False,Manual review,review candidate only
1968,2739,1969,2740,Dhl,Gls,Convenience Stores,Convenience Stores,Remesas Golden Express,Ps Remesas Golden,"C. de Alcalá, 662",Calle de Alcalá 662,23.64,88.24,71.79,True,True,False,True,False,False,Manual review,review candidate only
1969,2125,1970,2126,Dhl,Celeritas,Convenience Stores,Convenience Stores,Papeleria Fotografia Odin,Bel Art,"C. de Sofía, 56","C. de Sofía, 56",15.21,100.0,25.0,True,True,False,True,False,False,Manual review,review candidate only
1973,2402,1974,2403,Dhl,Ctt Express,Convenience Stores,Convenience Stores,Papeleria & Hobby,Papeleria &Hobby,"C. de Suecia, 21","C. de Suecia, 21",18.19,100.0,100.0,True,True,False,True,False,False,Manual review,review candidate only
1974,2972,1975,2973,Dhl,UPS,Convenience Stores,Convenience Stores,Carlin Pozuelo,Carlin,"Av. de Europa, 27","Av. de Europa, 27",21.58,100.0,60.0,True,True,False,True,False,False,Manual review,review candidate only
1975,2414,1976,2415,Dhl,Ctt Express,Convenience Stores,Convenience Stores,Smart Mobile Ii,Western Unión Illescas,"C. de Illescas, 91","C. de Illescas, 91",17.24,100.0,37.84,True,True,False,True,False,False,Manual review,review candidate only
1979,2718,1980,2719,Dhl,Gls,Convenience Stores,Convenience Stores,Master Ocio,Ps Master Ocio S.L.U,"C. de Eugenia de Montijo, 63",Calle de Eugenia de Montijo 63 - local,16.3,83.87,70.97,True,True,False,True,False,False,Manual review,review candidate only
1979,2984,1980,2985,Dhl,UPS,Convenience Stores,Convenience Stores,Master Ocio,Master Ocio,"C. de Eugenia de Montijo, 63","C. de Eugenia de Montijo, 65",25.58,96.15,100.0,True,False,False,True,False,False,Manual review,review candidate only
1984,2991,1985,2992,Dhl,UPS,Convenience Stores,Convenience Stores,Workme Ii,Workme Aristoteles,"C. de Aristóteles, 5","C. de Aristóteles, 5",25.61,100.0,59.26,True,True,False,True,False,False,Manual review,review candidate only
1985,3224,1986,3225,Dhl,Pudo,Convenience Stores,Click&Collect,Denver75,Autoescuela Calderón Iv Alcala 311,"C. de Alcalá, 311","C. de Alcalá, 311",17.08,100.0,19.05,True,True,False,False,False,False,Manual review,review candidate only
1985,2995,1986,2996,Dhl,UPS,Convenience Stores,Convenience Stores,Denver75,Denver75,"C. de Alcalá, 311","C. de Alcalá, 311",21.07,100.0,100.0,True,True,False,True,False,False,Manual review,review candidate only
1987,3000,1988,3001,Dhl,UPS,Convenience Stores,Convenience Stores,Bazar De Buena Tinta,De Buena Tinta,"C/ de Francisco Silvela, 20","C/ de Francisco Silvela, 20",24.18,100.0,82.35,True,True,False,True,False,False,Manual review,review candidate only
1990,3155,1991,3156,Dhl,Pudo,Convenience Stores,Click&Collect,Envios Masivo,Inversiones Masivo S.L.,"C. de Álvarez, 19","C. de Álvarez, 19",21.74,100.0,68.57,True,True,False,False,False,False,Manual review,review candidate only
1991,3012,1992,3013,Dhl,UPS,Convenience Stores,Convenience Stores,La Guarida De Harley,Hispanos Envios Multiservicios,"Av. de Monforte de Lemos, 169","Av. de Monforte de Lemos, 169",16.04,100.0,12.0,True,True,False,True,False,False,Manual review,review candidate only
2000,2502,2001,2503,Dhl,Ctt Express,Convenience Stores,Convenience Stores,Locutorio Y Paqueteria Darell,Locutorio Y Paqueteria Darell.,"C. de la Costa del Sol, 15","C. de la Costa del Sol, 15",23.98,100.0,100.0,True,True,False,True,False,False,Manual review,review candidate only
2000,3029,2001,3030,Dhl,UPS,Convenience Stores,Convenience Stores,Locutorio Y Paqueteria Darell,Locutorio Y Paqueteria Darell,"C. de la Costa del Sol, 15","C. de la Costa del Sol, 15",26.01,100.0,100.0,True,True,False,True,False,False,Manual review,review candidate only
2000,2848,2001,2849,Dhl,Nacex,Convenience Stores,Convenience Stores,Locutorio Y Paqueteria Darell,Locutorio Y Paqueteria Darell (2841-06),"C. de la Costa del Sol, 15","C. de la Costa del Sol, 15",26.01,100.0,87.88,True,True,False,True,False,False,Manual review,review candidate only
2004,3204,2005,3205,Dhl,Pudo,Convenience Stores,Click&Collect,Telotengo,Telotengo Marcos Orueta,"C. de Marcos de Orueta, 3","C. de Marcos de Orueta, 3, local 1",23.01,85.19,56.25,True,True,False,False,False,False,Manual review,review candidate only
2005,3041,2006,3042,Dhl,UPS,Convenience Stores,Convenience Stores,Expendeduría 742,Expendeduria N742 Estanco,"Calle de la, C. Isla de Tavira, 30","Calle de la, C. Isla de Tavira, 30",21.46,100.0,78.05,True,True,False,True,False,False,Manual review,review candidate only
2006,2515,2007,2516,Dhl,Ctt Express,Convenience Stores,Convenience Stores,Agh Fotodigital,Agh Fotodigital,"C. de la Virgen de la Oliva, 2","C. de la Virgen de la Oliva, 2",22.08,100.0,100.0,True,True,False,True,False,False,Manual review,review candidate only
2006,2516,2007,2517,Dhl,Ctt Express,Convenience Stores,Convenience Stores,Agh Fotodigital,Expendeduria 12,"C. de la Virgen de la Oliva, 2","C. de la Virgen de la Oliva, 2",22.79,100.0,13.33,True,True,False,True,False,False,Manual review,review candidate only
2007,3044,2008,3045,Dhl,UPS,Convenience Stores,Convenience Stores,Multiservicios Amposta,Multiservicios Amposta,"C. de Amposta, 5","C. de Amposta, 5",23.83,100.0,100.0,True,True,False,True,False,False,Manual review,review candidate only
2016,2542,2017,2543,Dhl,Ctt Express,Convenience Stores,Convenience Stores,Expofotshop,Expofot,"Av. de Orovilla, 46","Av. de Orovilla, 46",22.97,100.0,77.78,True,True,False,True,False,False,Manual review,review candidate only
2023,2197,2024,2198,Dhl,Celeritas,Convenience Stores,Convenience Stores,Lhstore,Lhstore,"C. de Agustín Calvo, 26","C. de Agustín Calvo, 2",27.76,97.56,100.0,True,False,False,True,False,False,Manual review,review candidate only
2029,2568,2030,2569,Dhl,Ctt Express,Convenience Stores,Convenience Stores,The Fox,The Fox,"C. Alfredo Aleix, 9","C. Alfredo Aleix, 9",28.26,100.0,100.0,True,True,False,True,False,False,Manual review,review candidate only
2036,3088,2037,3089,Dhl,UPS,Convenience Stores,Convenience Stores,Fotocopias Aluche,Fotocopias Aluche,"C. de Illescas, 187","C. de Illescas, 187",15.73,100.0,100.0,True,True,False,True,False,False,Manual review,review candidate only
2036,2832,2037,2833,Dhl,Nacex,Convenience Stores,Convenience Stores,Fotocopias Aluche,Fotocopias Aluche (2883-11),"C. de Illescas, 187","C. de Illescas, 187",15.74,100.0,80.95,True,True,False,True,False,False,Manual review,review candidate only
2036,2589,2037,2590,Dhl,Ctt Express,Convenience Stores,Convenience Stores,Fotocopias Aluche,Fotocopias Aluche,"C. de Illescas, 187","C. de Illescas, 187, LOCAL 5",17.33,80.95,100.0,True,True,False,True,False,False,Manual review,review candidate only
2037,2595,2038,2596,Dhl,Ctt Express,Convenience Stores,Convenience Stores,Locutorio Cacil Envios,Cacils Envios,"C. Vía Carpetana, 328","C. Vía Carpetana, 328",18.17,100.0,68.57,True,True,False,True,False,False,Manual review,review candidate only
2042,2223,2043,2224,Celeritas,Ctt Express,Convenience Stores,Convenience Stores,Take Up,Take Up,"Calle del Gral. Pardiñas, 31","Calle del Gral. Pardiñas, 31",18.16,100.0,100.0,True,True,False,True,False,False,Manual review,review candidate only
2052,2240,2053,2241,Celeritas,Ctt Express,Convenience Stores,Convenience Stores,The Times Café,The Times Café,"Calle de José Abascal, 25","Calle de José Abascal, 25",15.62,100.0,100.0,True,True,False,True,False,False,Manual review,review candidate only
2053,2239,2054,2240,Celeritas,Ctt Express,Convenience Stores,Convenience Stores,Kiosko Eldorado,Kiosko Eldorado,"Pl. de San Juan de la Cruz, 2","Pl. de San Juan de la Cruz, 2",18.16,100.0,100.0,True,True,False,True,False,False,Manual review,review candidate only
2056,2058,2057,2059,Celeritas,Celeritas,Convenience Stores,Convenience Stores,Kiosco Teresa Sanchez,Kiosco Teresa Sanchez,"C. del Barquillo, 17","C. del Barquillo, 17",5.52,100.0,100.0,True,True,True,True,True,True,Possible duplicate,distance <= 15m and strong text match
2056,2884,2057,2885,Celeritas,UPS,Convenience Stores,Convenience Stores,Kiosco Teresa Sanchez,Kiosco De Prensa Teresa,"C. del Barquillo, 17","C. del Barquillo, 17",15.26,100.0,59.09,True,True,False,True,False,False,Manual review,review candidate only
2056,2639,2057,2640,Celeritas,Gls,Convenience Stores,Convenience Stores,Kiosco Teresa Sanchez,Ps Kiosko Teresa Sanchez,"C. del Barquillo, 17","C. del Barquillo, 17",17.19,100.0,88.89,True,True,False,True,False,False,Manual review,review candidate only
2058,2639,2059,2640,Celeritas,Gls,Convenience Stores,Convenience Stores,Kiosco Teresa Sanchez,Ps Kiosko Teresa Sanchez,"C. del Barquillo, 17","C. del Barquillo, 17",18.58,100.0,88.89,True,True,False,True,False,False,Manual review,review candidate only
2058,2884,2059,2885,Celeritas,UPS,Convenience Stores,Convenience Stores,Kiosco Teresa Sanchez,Kiosco De Prensa Teresa,"C. del Barquillo, 17","C. del Barquillo, 17",19.78,100.0,59.09,True,True,False,True,False,False,Manual review,review candidate only
2060,2627,2061,2628,Celeritas,Gls,Convenience Stores,Convenience Stores,Vapstore La Latina,Ps Vapstore,"Pl. de Cascorro, 8","Pl. de Cascorro, 8",26.45,100.0,55.17,True,True,False,True,False,False,Manual review,review candidate only
2068,2283,2069,2284,Celeritas,Ctt Express,Convenience Stores,Convenience Stores,Autoescuela Xtreme,Autoescuela Xtreme,"Gta. de San Antonio de la Florida, 1","Gta. de San Antonio de la Florida, 1",22.26,100.0,100.0,True,True,False,True,False,False,Manual review,review candidate only
2069,2900,2070,2901,Celeritas,UPS,Convenience Stores,Convenience Stores,Mobile Centre,Mobile Centre,"Calle de la Princesa, 3","Calle de la Princesa, 3",18.1,100.0,100.0,True,True,False,True,False,False,Manual review,review candidate only
2076,2305,2077,2306,Celeritas,Ctt Express,Convenience Stores,Convenience Stores,Alimentacion Amigos,Alimentacion Amigos,"C. de El Greco, 27","C. de El Greco, 27 LOCAL 6",28.18,80.0,100.0,True,True,False,True,False,False,Manual review,review candidate only
2080,2314,2081,2315,Celeritas,Ctt Express,Convenience Stores,Convenience Stores,El Estanco De Lavapies,El Estanco De Lavapies,"C. de Lavapiés, 41","C. de Lavapiés, 41",21.88,100.0,100.0,True,True,False,True,False,False,Manual review,review candidate only
2085,2087,2086,2088,Celeritas,Celeritas,Convenience Stores,Convenience Stores,Estanco Moncloa,Estanco 401,"C. de Víctor Andrés Belaunde, 2","C. de Víctor Andrés Belaunde, 2",0.0,100.0,61.54,True,True,True,True,True,True,Possible duplicate,distance <= 5m
2099,2357,2100,2358,Celeritas,Ctt Express,Convenience Stores,Convenience Stores,Estanco Torremolinos,Estanco Torremolinos,"C. de Torremolinos, 8","C. de Torremolinos, 8",21.69,100.0,100.0,True,True,False,True,False,False,Manual review,review candidate only
2102,2370,2103,2371,Celeritas,Ctt Express,Convenience Stores,Convenience Stores,Estanco 236,Estanco 236-Madrid,"C. de Jacinto Verdaguer, 36","C. de Jacinto Verdaguer, 36",19.53,100.0,75.86,True,True,False,True,False,False,Manual review,review candidate only
2103,2368,2104,2369,Celeritas,Ctt Express,Convenience Stores,Convenience Stores,Essenzia,Essenzia,"Calle de Antonio López, 7","Calle de Antonio López, 7",16.03,100.0,100.0,True,True,False,True,False,False,Manual review,review candidate only
2105,2939,2106,2940,Celeritas,UPS,Convenience Stores,Convenience Stores,Triple B Electrodomesticos,Triple B Electrodomesticos,"C. de la Vía, 30","C. de la Vía, 30",16.35,100.0,100.0,True,True,False,True,False,False,Manual review,review candidate only
2117,2388,2118,2389,Celeritas,Ctt Express,Convenience Stores,Convenience Stores,Locutorio Medina,Locutorio Medina,"Calle Encarnación Oviol, 48","Calle Encarnación Oviol, 48",15.73,100.0,100.0,True,True,False,True,False,False,Manual review,review candidate only
2117,2697,2118,2698,Celeritas,Gls,Convenience Stores,Convenience Stores,Locutorio Medina,Ps Locutorio Medina,"Calle Encarnación Oviol, 48","Calle Encarnación Oviol, 48",17.58,100.0,91.43,True,True,False,True,False,False,Manual review,review candidate only
2121,2387,2122,2388,Celeritas,Ctt Express,Convenience Stores,Convenience Stores,Estanco - Madrid 763,Estanco - Madrid 763,"Calle del Dr. Martín Arévalo, 4","Calle del Dr. Martín Arévalo, 4",21.11,100.0,100.0,True,True,False,True,False,False,Manual review,review candidate only
2124,2389,2125,2390,Celeritas,Ctt Express,Convenience Stores,Convenience Stores,Betania Libreria Y Papelería,Betania Libreria Y Papelería,"C. de San Aureliano, 3","C. de San Aureliano, 3",24.62,100.0,100.0,True,True,False,True,False,False,Manual review,review candidate only
2124,2967,2125,2968,Celeritas,UPS,Convenience Stores,Convenience Stores,Betania Libreria Y Papelería,Betania Libreria Y Papeleria,"C. de San Aureliano, 3","C. de San Aureliano, 3",27.61,100.0,100.0,True,True,False,True,False,False,Manual review,review candidate only
2125,2403,2126,2404,Celeritas,Ctt Express,Convenience Stores,Convenience Stores,Bel Art,Bel Art,"C. de Sofía, 56","C. de Sofía, 56",17.27,100.0,100.0,True,True,False,True,False,False,Manual review,review candidate only
2126,2396,2127,2397,Celeritas,Ctt Express,Convenience Stores,Convenience Stores,El Rincon De La Lectura,El Rincon De La Lectura,"C. Once, 2","C. Once, 2, LOCAL 4",16.81,66.67,100.0,True,True,False,True,False,False,Manual review,review candidate only
2128,2400,2129,2401,Celeritas,Ctt Express,Convenience Stores,Convenience Stores,Rmc Servicios,Rmc Servicios,"C. de Nicolasa Gómez, 72","C. de Nicolasa Gómez, 72",18.17,100.0,100.0,True,True,False,True,False,False,Manual review,review candidate only
2128,2968,2129,2969,Celeritas,UPS,Convenience Stores,Convenience Stores,Rmc Servicios,3d Distribución Documental,"C. de Nicolasa Gómez, 72","C. de Nicolasa Gómez, 72",20.46,100.0,25.64,True,True,False,True,False,False,Manual review,review candidate only
2130,2402,2131,2403,Celeritas,Ctt Express,Convenience Stores,Convenience Stores,Papeleria &Hobby,Papeleria &Hobby,"C. de Suecia, 21","C. de Suecia, 21",18.68,100.0,100.0,True,True,False,True,False,False,Manual review,review candidate only
2136,2417,2137,2418,Celeritas,Ctt Express,Convenience Stores,Convenience Stores,Nelpa,Locutorio Azua,"C. de Galicia, 3","C. de Galicia, 3",17.89,100.0,21.05,True,True,False,True,False,False,Manual review,review candidate only
2136,2408,2137,2409,Celeritas,Ctt Express,Convenience Stores,Convenience Stores,Nelpa,Nelpa,"C. de Galicia, 3","C. de Galicia, 3",18.25,100.0,100.0,True,True,False,True,False,False,Manual review,review candidate only
2142,2428,2143,2429,Celeritas,Ctt Express,Convenience Stores,Convenience Stores,El Dedal De Cristal,El Dedal De Cristal,"C. San Armengol, 5","C. San Armengol, 5",19.71,100.0,100.0,True,True,False,True,False,False,Manual review,review candidate only
2145,2996,2146,2997,Celeritas,UPS,Convenience Stores,Convenience Stores,El Árbol De La Vida,Centro Arbol De La Vida,"C. del Gral. Aranaz, 42","C. del Gral. Aranaz, 42",22.59,100.0,85.71,True,True,False,True,False,False,Manual review,review candidate only
2146,2441,2147,2442,Celeritas,Ctt Express,Convenience Stores,Convenience Stores,Estanco 404 De Madrid,Estanco 404 De Madrid,"C. de Alcalá, 461","C. de Alcalá, 461",28.36,100.0,100.0,True,True,False,True,False,False,Manual review,review candidate only
2147,2991,2148,2992,Celeritas,UPS,Convenience Stores,Convenience Stores,Tienda Workme,Workme Aristoteles,"C. de Aristóteles, 5","C. de Aristóteles, 5",28.27,100.0,38.71,True,True,False,True,False,False,Manual review,review candidate only
2150,3002,2151,3003,Celeritas,UPS,Convenience Stores,Convenience Stores,La Casa Del Cartucho,La Casa Del Cartucho,"C/ de Francisco Silvela, 72","C/ de Francisco Silvela, 72",19.08,100.0,100.0,True,True,False,True,False,False,Manual review,review candidate only
2151,2449,2152,2450,Celeritas,Ctt Express,Convenience Stores,Convenience Stores,The Phone Shop,The Phone Shop,"C. de Cartagena, 5","C. de Cartagena, 5",20.71,100.0,100.0,True,True,False,True,False,False,Manual review,review candidate only
2152,2682,2153,2683,Celeritas,Gls,Convenience Stores,Convenience Stores,Disache,Ps Disache,"C. Pinos Alta, 33",Calle Pinos Alta 33,16.74,88.24,82.35,True,True,False,True,False,False,Manual review,review candidate only
2162,2468,2163,2469,Celeritas,Ctt Express,Convenience Stores,Convenience Stores,Locutorio Mi Llajta,Locutorio Mi Llajta,"C. del Camino de los Vinateros, 93","C. del Camino de los Vinateros, 93",25.76,100.0,100.0,True,True,False,True,False,False,Manual review,review candidate only
2167,2488,2168,2489,Celeritas,Ctt Express,Convenience Stores,Convenience Stores,Bar Caffetteria La Margarita,Bar Caffetteria La Margarita,"C. Villardondiego, 21","C. Villardondiego, 21",15.89,100.0,100.0,True,True,False,True,False,False,Manual review,review candidate only
2168,2491,2169,2492,Celeritas,Ctt Express,Convenience Stores,Convenience Stores,Papelería Trabalenguas,Papelería Trabalenguas,"C. de Minerva, 89","C. de Minerva, 89",27.74,100.0,100.0,True,True,False,True,False,False,Manual review,review candidate only
2172,2504,2173,2505,Celeritas,Ctt Express,Convenience Stores,Convenience Stores,Pasapagina,Pasapagina,"Pl. Tres Olivos, 3","Pl. Tres Olivos, 3",17.66,100.0,100.0,True,True,False,True,False,False,Manual review,review candidate only
2173,3204,2174,3205,Celeritas,Pudo,Convenience Stores,Click&Collect,Te Lo Tengo,Telotengo Marcos Orueta,"C. de Marcos de Orueta, 3","C. de Marcos de Orueta, 3, local 1",15.35,85.19,52.94,True,True,False,False,False,False,Manual review,review candidate only
2174,2177,2175,2178,Celeritas,Celeritas,Convenience Stores,Convenience Stores,Arfe Video Y Fotos,Arfe Video Y Fotos,"C/ FERMIN CABALLERO, 70","C. de Fermín Caballero, 70",12.03,93.33,100.0,True,True,True,True,True,True,Possible duplicate,distance <= 15m and strong text match
2174,3039,2175,3040,Celeritas,UPS,Convenience Stores,Convenience Stores,Arfe Video Y Fotos,Visual Arfe,"C/ FERMIN CABALLERO, 70","C. de Fermín Caballero, 70",19.38,93.33,27.59,True,True,False,True,False,False,Manual review,review candidate only
2179,2515,2180,2516,Celeritas,Ctt Express,Convenience Stores,Convenience Stores,Agh Fotodigital,Agh Fotodigital,"C. de la Virgen de la Oliva, 2","C. de la Virgen de la Oliva, 2",22.36,100.0,100.0,True,True,False,True,False,False,Manual review,review candidate only
2179,2516,2180,2517,Celeritas,Ctt Express,Convenience Stores,Convenience Stores,Agh Fotodigital,Expendeduria 12,"C. de la Virgen de la Oliva, 2","C. de la Virgen de la Oliva, 2",25.48,100.0,13.33,True,True,False,True,False,False,Manual review,review candidate only
2186,2523,2187,2524,Celeritas,Ctt Express,Convenience Stores,Convenience Stores,Kiosco Armenteros,Kiosco Armenteros,"C. de los Andaluces, 18","C. de los Andaluces, 18",24.6,100.0,100.0,True,True,False,True,False,False,Manual review,review candidate only
2189,2522,2190,2523,Celeritas,Ctt Express,Convenience Stores,Convenience Stores,Papeleria Irasi,Papeleria Irasi,"C/ de León Felipe, 6","C/ de León Felipe, 6",20.79,100.0,100.0,True,True,False,True,False,False,Manual review,review candidate only
2190,2531,2191,2532,Celeritas,Ctt Express,Convenience Stores,Convenience Stores,Estanco 188 Madrid,Estanco 188 Madrid,"C. de Francos Rodríguez, 50","C. de Francos Rodríguez, 50",20.05,100.0,100.0,True,True,False,True,False,False,Manual review,review candidate only
2199,2573,2200,2574,Celeritas,Ctt Express,Convenience Stores,Convenience Stores,Burman,Burman,"Av de la Aviación, 99","Av de la Aviación, 99",24.02,100.0,100.0,True,True,False,True,False,False,Manual review,review candidate only
2209,3095,2210,3096,Celeritas,UPS,Convenience Stores,Convenience Stores,Estanco 729,Estanco 729,"C. de Cuart de Poblet, 65","C. de Cuart de Poblet, 65",16.26,100.0,100.0,True,True,False,True,False,False,Manual review,review candidate only
2210,2588,2211,2589,Celeritas,Ctt Express,Convenience Stores,Convenience Stores,Cristaleria Aluche,Cristaleria Aluche,"C. de Camarena, 235","C. de Camarena, 235, Local 8",29.49,80.95,100.0,True,True,False,True,False,False,Manual review,review candidate only
2211,3094,2212,3095,Celeritas,UPS,Convenience Stores,Convenience Stores,Loterias Latina,Fnx-Loterias Latina,"C. de Latina, 18","C. de Latina, 18",24.46,100.0,88.24,True,True,False,True,False,False,Manual review,review candidate only
2214,2599,2215,2600,Celeritas,Ctt Express,Convenience Stores,Convenience Stores,Ferreteria Silos,Ferreteria Silos,"C. del Arroyo del Monte, 127","C. del Arroyo del Monte, 127",26.68,100.0,100.0,True,True,False,True,False,False,Manual review,review candidate only
2215,2603,2216,2604,Celeritas,Ctt Express,Convenience Stores,Convenience Stores,Exp. No 897 Estanco Las Tablas,Exp. No 897 Estanco Las Tablas,"C. de Furelos, 1","C. de Furelos, 1",27.32,100.0,100.0,True,True,False,True,False,False,Manual review,review candidate only
2222,2617,2223,2618,Celeritas,Ctt Express,Convenience Stores,Convenience Stores,Loteria Prensa Fabrica De Los Sueños,Loteria Prensa Fabrica De Los Sueños,"Av. de la Peseta, 58","Av. de la Peseta, 58",23.1,100.0,100.0,True,True,False,True,False,False,Manual review,review candidate only
2235,2237,2236,2238,Ctt Express,Ctt Express,Convenience Stores,Convenience Stores,Locutorio Prosperidad,Jose Locutorios,"C. Luis Vives, 19, local izqdo","C. Luis Vives, 19, local d",0.0,92.0,55.56,True,True,True,True,True,True,Possible duplicate,distance <= 5m
2247,2639,2248,2640,Ctt Express,Gls,Convenience Stores,Convenience Stores,Kiosco Teresa Sanchez,Ps Kiosko Teresa Sanchez,"C. del Barquillo, 17","C. del Barquillo, 17",21.44,100.0,88.89,True,True,False,True,False,False,Manual review,review candidate only
2247,2884,2248,2885,Ctt Express,UPS,Convenience Stores,Convenience Stores,Kiosco Teresa Sanchez,Kiosco De Prensa Teresa,"C. del Barquillo, 17","C. del Barquillo, 17",22.27,100.0,59.09,True,True,False,True,False,False,Manual review,review candidate only
2263,2887,2264,2888,Ctt Express,UPS,Convenience Stores,Convenience Stores,Estanco Melancólicos,Estanco Paseo Los Melancolicos,"P.o de los Melancólicos, 35","P.o de los Melancólicos, 35",18.48,100.0,80.0,True,True,False,True,False,False,Manual review,review candidate only
2274,2278,2275,2279,Ctt Express,Ctt Express,Convenience Stores,Convenience Stores,Doce Treinta Y Cuatro,Doce Treinta Y Cuatro,"C. del Dr. Esquerdo, 96","C. del Dr. Esquerdo, 96, Local 2",4.06,83.33,100.0,True,True,True,True,True,True,Possible duplicate,distance <= 5m
2297,2302,2298,2303,Ctt Express,Ctt Express,Convenience Stores,Convenience Stores,Locutorio Mila,Locutorio Mila,"C. del Cardenal Cisneros, 64","C. del Cardenal Cisneros, 64",8.12,100.0,100.0,True,True,True,True,True,True,Possible duplicate,distance <= 15m and strong text match
2303,2907,2304,2908,Ctt Express,UPS,Convenience Stores,Convenience Stores,Pekes Pet Shop,Pekes Pet Shoppekes Pet Shop,"Calle de García de Paredes, 6, L20","Calle de García de Paredes, 6",27.86,93.33,66.67,True,True,False,True,False,False,Manual review,review candidate only
2309,2834,2310,2835,Ctt Express,Nacex,Convenience Stores,Convenience Stores,Candy Fiesta,Candy Fiesta (2886-16),"P.o de Extremadura, 200","P.o de Extremadura, 200",23.69,100.0,75.0,True,True,False,True,False,False,Manual review,review candidate only
2370,2943,2371,2944,Ctt Express,UPS,Convenience Stores,Convenience Stores,Estanco 236-Madrid,Estanco 236,"C. de Jacinto Verdaguer, 36","C. de Jacinto Verdaguer, 36",20.98,100.0,75.86,True,True,False,True,False,False,Manual review,review candidate only
2403,2969,2404,2970,Ctt Express,UPS,Convenience Stores,Convenience Stores,Bel Art,Fnx-Belart,"C. de Sofía, 56","C. de Sofía, 56",17.98,100.0,70.59,True,True,False,True,False,False,Manual review,review candidate only
2408,2417,2409,2418,Ctt Express,Ctt Express,Convenience Stores,Convenience Stores,Nelpa,Locutorio Azua,"C. de Galicia, 3","C. de Galicia, 3",3.71,100.0,21.05,True,True,True,True,True,True,Possible duplicate,distance <= 5m
2431,2987,2432,2988,Ctt Express,UPS,Convenience Stores,Convenience Stores,Parada Amarilla Olvido,Parada Amarilla,"C. del Olvido, 29","C. de Manuel Muñoz, 6",23.57,47.06,81.08,True,False,False,True,False,False,Manual review,review candidate only
2439,2991,2440,2992,Ctt Express,UPS,Convenience Stores,Convenience Stores,Tienda Workme,Workme Aristoteles,"C. de Aristóteles, 5","C. de Aristóteles, 5",29.96,100.0,38.71,True,True,False,True,False,False,Manual review,review candidate only
2440,2996,2441,2997,Ctt Express,UPS,Convenience Stores,Convenience Stores,El Árbol De La Vida,Centro Arbol De La Vida,"C. del Gral. Aranaz, 42","C. del Gral. Aranaz, 42",24.65,100.0,85.71,True,True,False,True,False,False,Manual review,review candidate only
2442,2994,2443,2995,Ctt Express,UPS,Convenience Stores,Convenience Stores,Bar Cafe 204,Cafe 204,"C. de Emilio Gastesi Fernández, 22","C. de Emilio Gastesi Fernández, 22",20.11,100.0,80.0,True,True,False,True,False,False,Manual review,review candidate only
2461,3005,2462,3006,Ctt Express,UPS,Convenience Stores,Convenience Stores,Disache,Disache,"C. Pinos Alta, 33","C. Pinos Alta, 33",16.04,100.0,100.0,True,True,False,True,False,False,Manual review,review candidate only
2463,2466,2464,2467,Ctt Express,Ctt Express,Convenience Stores,Convenience Stores,Mini Market Las Delicias,Mini Market Las Delicias,"C. de La Bañeza, 11","C. de La Bañeza, 11, L10",27.24,89.47,100.0,True,True,True,True,False,False,Manual review,review candidate only
2469,2476,2470,2477,Ctt Express,Ctt Express,Convenience Stores,Convenience Stores,Estanco Tacona,Estanco Tacona 534,"C. de la Tacona, 33","C. de la Tacona, 33",12.81,100.0,87.5,True,True,True,True,True,True,Possible duplicate,distance <= 15m and strong text match
2478,2485,2479,2486,Ctt Express,Ctt Express,Convenience Stores,Convenience Stores,Congosto Locutorio,Congosto Locutorio,"C. Sierra de Mira, 3","C. Sierra de Mira, 3",2.85,100.0,100.0,True,True,True,True,True,True,Possible duplicate,distance <= 5m
2501,3031,2502,3032,Ctt Express,UPS,Convenience Stores,Locker,Aquies!,P Taquilla Cc Colombia,"Av. de Bucaramanga, 2","Av. de Bucaramanga, 2",19.33,100.0,28.57,True,True,False,False,False,False,Manual review,review candidate only
2515,3045,2516,3046,Ctt Express,UPS,Convenience Stores,Convenience Stores,Agh Fotodigital,Estanco Virgen De La Oliva,"C. de la Virgen de la Oliva, 2","C. de la Virgen de la Oliva, 2",27.93,100.0,14.63,True,True,False,True,False,False,Manual review,review candidate only
2515,2516,2516,2517,Ctt Express,Ctt Express,Convenience Stores,Convenience Stores,Agh Fotodigital,Expendeduria 12,"C. de la Virgen de la Oliva, 2","C. de la Virgen de la Oliva, 2",29.96,100.0,13.33,True,True,True,True,False,False,Manual review,review candidate only
2518,2856,2519,2857,Ctt Express,Nacex,Convenience Stores,Convenience Stores,Market La Esquina 38,Market La Esquina 38 (2878-13),"C. de los Tejedores, 39","C. de los Tejedores, 39",19.57,100.0,83.33,True,True,False,True,False,False,Manual review,review candidate only
2522,2754,2523,2755,Ctt Express,Gls,Convenience Stores,Convenience Stores,Papeleria Irasi,Ps Papeleria Irasi,"C/ de León Felipe, 6","C/ de León Felipe, 6, PORTAL 1",15.3,80.0,90.91,True,True,False,True,False,False,Manual review,review candidate only
2546,2815,2547,2816,Ctt Express,Nacex,Convenience Stores,Convenience Stores,Khan Multan,Locutorio (2882-14),"C. Pan y Toros, 11, BJ 2","C. Pan y Toros, 11",29.38,86.49,7.14,True,True,False,True,False,False,Manual review,review candidate only
2553,2554,2554,2555,Ctt Express,Ctt Express,Convenience Stores,Convenience Stores,Via Electronica,Vía Electrónica.,"Calle Balandro 39B, Local 21, Galeria comercial","C. del Balandro, 39, B- LOCAL 21",38.01,65.75,100.0,True,True,True,True,False,False,Manual review,review candidate only
2566,2574,2567,2575,Ctt Express,Ctt Express,Convenience Stores,Convenience Stores,Locutorio Carlita,Locutorio Carlita,"C. de Oliva de Plasencia, 1","C. de Oliva de Plasencia, 1, LOCAL 334",4.06,83.33,100.0,True,True,True,True,True,True,Possible duplicate,distance <= 5m
2572,2719,2573,2720,Ctt Express,Gls,Convenience Stores,Convenience Stores,Agencia De Viajes Y Envios Leon,Ps Viajes Y Envios Leon,"C. de Joaquín Turina, 31 BIS",Calle de Joaquín Turina 31,29.02,84.62,77.78,True,True,False,True,False,False,Manual review,review candidate only
2573,3076,2574,3077,Ctt Express,UPS,Convenience Stores,Convenience Stores,Burman,Burman,"Av de la Aviación, 99","Av de la Aviación, 99",25.52,100.0,100.0,True,True,False,True,False,False,Manual review,review candidate only
2586,3094,2587,3095,Ctt Express,UPS,Convenience Stores,Convenience Stores,Loterias Latina,Fnx-Loterias Latina,"C. de Latina, 18","C. de Latina, 18",29.32,100.0,88.24,True,True,False,True,False,False,Manual review,review candidate only
2588,2717,2589,2718,Ctt Express,Gls,Convenience Stores,Convenience Stores,Cristaleria Aluche,Ps Cristaleria Aluche,"C. de Camarena, 235, Local 8",Calle de Camarena 235,19.46,73.91,92.31,True,True,False,True,False,False,Manual review,review candidate only
2588,2590,2589,2591,Ctt Express,Ctt Express,Convenience Stores,Convenience Stores,Cristaleria Aluche,Tintoreria Elba Y Victoria,"C. de Camarena, 235, Local 8","C. de Camarena, 235, LOCAL 7",24.89,96.0,36.36,True,True,True,True,False,False,Manual review,review candidate only
2609,2755,2610,2756,Ctt Express,Gls,Convenience Stores,Convenience Stores,Alimentacion & Dtodo,Ps Alimentacion De Todo,"Av del Monte Igueldo, 108",Avenida del Monte Igueldo 108,21.68,90.57,87.8,True,True,False,True,False,False,Manual review,review candidate only
2622,2645,2623,2646,Gls,Gls,Convenience Stores,Convenience Stores,Ps Kiosko Gutierrez,Ps Gls Dis Kiosko Gutierrez,"C. de José Ortega y Gasset, 68","C. de José Ortega y Gasset, 68",5.45,100.0,82.61,True,True,True,True,True,True,Possible duplicate,distance <= 15m and strong text match
2627,2889,2628,2890,Gls,UPS,Convenience Stores,Convenience Stores,Ps Vapstore,Vap Store La Latina,"Pl. de Cascorro, 8","Pl. de Cascorro, 8",27.88,100.0,53.33,True,True,False,True,False,False,Manual review,review candidate only
2632,2636,2633,2637,Gls,Gls,Locker,Lsp Pudos,Lockers Pdn Gls Villanueva,Gls Parcel Shop,"C. de Villanueva, 43","C. de Villanueva, 43",0.0,100.0,24.39,True,True,True,False,True,False,Multi-service same company,distance <= 5m
2639,2783,2640,2784,Gls,Nacex,Convenience Stores,Convenience Stores,Ps Kiosko Teresa Sanchez,Kiosko Teresa Sánchez (2853-12),"C. del Barquillo, 17","C. del Barquillo, 17",19.28,100.0,79.25,True,True,False,True,False,False,Manual review,review candidate only
2640,2647,2641,2648,Gls,Gls,Convenience Stores,Convenience Stores,Ps Autana Trading S. L,Ps Autana Trading S. L,"Cl. de Ayala, 144","Cl. de Ayala, 144",0.0,100.0,100.0,True,True,True,True,True,True,Possible duplicate,distance <= 5m
2644,2648,2645,2649,Gls,Gls,Convenience Stores,Convenience Stores,Ps Multiservicios Silvela,Ps Multiservicios Silvela,"C/ de Francisco Silvela, 96","C/ de Francisco Silvela, 96",2.87,100.0,100.0,True,True,True,True,True,True,Possible duplicate,distance <= 5m
2649,2900,2650,2901,Gls,UPS,Convenience Stores,Convenience Stores,Ps Mobile Centre,Mobile Centre,"Calle de la Princesa, 3","Calle de la Princesa, 3",18.86,100.0,89.66,True,True,False,True,False,False,Manual review,review candidate only
2659,2921,2660,2922,Gls,UPS,Convenience Stores,Convenience Stores,Ps Estanco Vallehermoso,Expendeduria 204,Calle de Vallehermoso 11,"C. de Vallehermoso, 11",19.51,90.91,10.26,True,True,False,True,False,False,Manual review,review candidate only
2681,3010,2682,3011,Gls,UPS,Convenience Stores,Convenience Stores,Ps Max Envios,Max Envios Locutorio,"Pl. de Ribadeo, 1","Pl. de Ribadeo, 1",16.32,100.0,60.61,True,True,False,True,False,False,Manual review,review candidate only
2682,3005,2683,3006,Gls,UPS,Convenience Stores,Convenience Stores,Ps Disache,Disache,Calle Pinos Alta 33,"C. Pinos Alta, 33",21.48,88.24,82.35,True,True,False,True,False,False,Manual review,review candidate only
2694,3058,2695,3059,Gls,UPS,Convenience Stores,Convenience Stores,Ps Armeria Gran Avenida,Kanguro Armeria Gran Avenida,"C. Gran Avenida, 18","C. Gran Avenida, 18",29.8,100.0,82.35,True,True,False,True,False,False,Manual review,review candidate only
2706,2707,2707,2708,Gls,Gls,Convenience Stores,Convenience Stores,Ps Mercachip,Ps J.L.S. Pinturas,Calle de la Huerta de Castañeda 40,Calle Higueras 36,2.15,50.98,34.48,True,False,True,True,True,True,Possible duplicate,distance <= 5m
2708,3094,2709,3095,Gls,UPS,Convenience Stores,Convenience Stores,Ps Loterias Latina,Fnx-Loterias Latina,Calle de Latina 18 ( CC Mercadona - loterias ),"C. de Latina, 18",20.88,51.85,86.49,True,True,False,True,False,False,Manual review,review candidate only
2714,2824,2715,2825,Gls,Nacex,Convenience Stores,Convenience Stores,Ps Estanco Valle De Oro,Estanco Valle De Oro (2883-09),Calle Juan Francisco 1,"C. Juan Francisco, 1",23.76,90.0,78.43,True,True,False,True,False,False,Manual review,review candidate only
2756,2937,2757,2938,Gls,UPS,Convenience Stores,Convenience Stores,Ps Estanco Humos,Estanco,Calle del Puerto de Balbarán 43,"C. del Puerto de Balbarán, 43",25.31,93.1,60.87,True,True,False,True,False,False,Manual review,review candidate only
2769,2774,2770,2775,Mail Boxes Etc,Mail Boxes Etc,Lsp Pudos,Lsp Pudos,Mbe 3330,Mbe 3330,"C. de Pedro Rico, 45",Calle Pedro Rico 45,8.85,86.49,100.0,True,True,True,True,True,True,Possible duplicate,distance <= 15m and strong text match
2769,3008,2770,3009,Mail Boxes Etc,UPS,Lsp Pudos,Convenience Stores,Mbe 3330,Mail Boxes Etc 3330,"C. de Pedro Rico, 45","C. de Pedro Rico, 45",25.81,100.0,59.26,True,True,False,False,False,False,Manual review,review candidate only
2774,3008,2775,3009,Mail Boxes Etc,UPS,Lsp Pudos,Convenience Stores,Mbe 3330,Mail Boxes Etc 3330,Calle Pedro Rico 45,"C. de Pedro Rico, 45",17.32,86.49,59.26,True,True,False,False,False,False,Manual review,review candidate only
2783,2884,2784,2885,Nacex,UPS,Convenience Stores,Convenience Stores,Kiosko Teresa Sánchez (2853-12),Kiosco De Prensa Teresa,"C. del Barquillo, 17","C. del Barquillo, 17",19.7,100.0,46.15,True,True,False,True,False,False,Manual review,review candidate only
2787,2900,2788,2901,Nacex,UPS,Convenience Stores,Convenience Stores,Mobile Centre (2886-04),Mobile Centre,"Calle de la Princesa, 3, Loocal 6","Calle de la Princesa, 3",24.3,83.02,76.47,True,True,False,True,False,False,Manual review,review candidate only
2796,2924,2797,2925,Nacex,UPS,Convenience Stores,Convenience Stores,Estanco No 416 Madrid (2846-03),Fnx-Estanco 416,"C. de la Drácena, 19","C. de la Drácena, 19",15.69,100.0,50.0,True,True,False,True,False,False,Manual review,review candidate only
2821,2939,2822,2940,Nacex,UPS,Convenience Stores,Convenience Stores,Triple B Electrodomesticos (2883-35),Triple B Electrodomesticos,"C. de la Vía, 30","C. de la Vía, 30",15.04,100.0,86.67,True,True,False,True,False,False,Manual review,review candidate only
2824,2942,2825,2943,Nacex,UPS,Convenience Stores,Convenience Stores,Estanco Valle De Oro (2883-09),Estanco Valle De Oro,"C. Juan Francisco, 1","C. Juan Francisco, 1",27.27,100.0,83.33,True,True,False,True,False,False,Manual review,review candidate only
2845,3204,2846,3205,Nacex,Pudo,Convenience Stores,Click&Collect,Telotengo (2880-06),Telotengo Marcos Orueta,"C. de Marcos de Orueta, 3","C. de Marcos de Orueta, 3, local 1",24.44,85.19,55.0,True,True,False,False,False,False,Manual review,review candidate only
2874,3165,2875,3166,UPS,Pudo,Locker,Click&Collect,Pcbox Madrid,Pcbox Madrid (Cartagena),"C. de Cartagena, 115","C. de Cartagena, 115",17.96,100.0,70.59,True,True,False,False,False,False,Manual review,review candidate only
2896,3120,2897,3121,UPS,Pudo,Convenience Stores,Click&Collect,Aut Lara Cond Casal,Autoescuela Lara Conde De Casal,"Av. del Mediterráneo, 41","Av. del Mediterráneo, 41",16.87,100.0,76.0,True,True,False,False,False,False,Manual review,review candidate only
2896,3174,2897,3175,UPS,Pudo,Convenience Stores,Click&Collect,Aut Lara Cond Casal,Autoescuela Lara Conde De Casal,"Av. del Mediterráneo, 41","Av. del Mediterráneo, 41",21.24,100.0,76.0,True,True,False,False,False,False,Manual review,review candidate only
2916,3124,2917,3125,UPS,Pudo,Convenience Stores,Click&Collect,Pkg Cnt C Canalejas,Parking Emt Centro De Canalejas,"C. de Alcalá, 17","C. de Alcalá, 17",18.23,100.0,68.0,True,True,False,False,False,False,Manual review,review candidate only
2930,3250,2931,3251,UPS,Pudo,Locker,Click&Collect,P Taquilla Aut Lara P Laborde,Autoescuela Lara Vallecas Pedro Laborde,"C. de Pedro Laborde, 45","C. de Pedro Laborde, 45",25.5,100.0,52.94,True,True,False,False,False,False,Manual review,review candidate only
2932,3251,2933,3252,UPS,Pudo,Locker,Click&Collect,P Taquilla New Linea Digital,New Linea Digital,"Av. de Palomeras, 126","Av. de Palomeras, 126",15.04,100.0,75.56,True,True,False,False,False,False,Manual review,review candidate only
2949,2952,2950,2953,UPS,UPS,Convenience Stores,Convenience Stores,Mail Boxes Etc,Mail Boxes Etc. 0116,"C. de la Infanta Mercedes, 53","C. de la Infanta Mercedes, 53",2.7,100.0,84.85,True,True,True,True,True,True,Possible duplicate,distance <= 5m
2951,3152,2952,3153,UPS,Pudo,Convenience Stores,Click&Collect,Pkg Indigo Orense,Parking Indigo Orense,"C. de Orense, 50","C. de Orense, 50",27.15,100.0,89.47,True,True,False,False,False,False,Manual review,review candidate only
2992,3220,2993,3221,UPS,Pudo,Locker,Click&Collect,P Taquilla Papeleria Manil,Papelería Manil,"C. de la Madre Antonia París, 4","C. de la Madre Antonia París, 4",23.03,100.0,73.17,True,True,False,False,False,False,Manual review,review candidate only
2998,3222,2999,3223,UPS,Pudo,Locker,Click&Collect,P Taquilla Aut Calderon Iii,Autoescuela Calderón Iii Alcala 460,"C. de Alcalá, 460","C. de Alcalá, 460",16.84,100.0,51.61,True,True,False,False,False,False,Manual review,review candidate only
3003,3166,3004,3167,UPS,Pudo,Convenience Stores,Click&Collect,Aut Lara Av America,Autoescuela Lara Avda De América,"C. de Cartagena, 110","C. de Cartagena, 110",29.35,100.0,74.51,True,True,False,False,False,False,Manual review,review candidate only
3004,3155,3005,3156,UPS,Pudo,Convenience Stores,Click&Collect,Inversiones Masivo,Inversiones Masivo S.L.,"C. de Álvarez, 19","C. de Álvarez, 19",16.47,100.0,90.0,True,True,False,False,False,False,Manual review,review candidate only
3009,3156,3010,3157,UPS,Pudo,Convenience Stores,Click&Collect,Lidl S Delgado,Lidl Sinesio Delgado,"C. de Sinesio Delgado, 64","C. de Sinesio Delgado, 64",24.28,100.0,82.35,True,True,False,False,False,False,Manual review,review candidate only
3021,3023,3022,3024,UPS,UPS,Locker,Convenience Stores,P Taquilla Cc Valdebernardo,Prensa Y Revistas R Y T,"Blvr. de José Prat, 5","Blvr. de José Prat, 5",5.73,100.0,12.0,True,True,True,False,True,False,Multi-service same company,distance <= 15m and strong text match
3047,3232,3048,3233,UPS,Pudo,Locker,Click&Collect,P Taquilla Loc Euro Cl Zumel,Locutorio Euroenvíos Iv Calle Zumel,"C. Zumel, 14","C. Zumel, 14",19.58,100.0,53.97,True,True,False,False,False,False,Manual review,review candidate only
3068,3217,3069,3218,UPS,Pudo,Locker,Click&Collect,P Taquilla Palacio Del Hielo,C.C. Palacio De Hielo,"C. de Silvano, 77","C. de Silvano, 77",21.38,100.0,75.0,True,True,False,False,False,False,Manual review,review candidate only
3105,3255,3106,3256,UPS,Pudo,Locker,Click&Collect,P Taquilla Mercado M Entrevias,Mercado De Mediodía Entrevías,"C. Campiña, 5","C. Campiña, 5",18.25,100.0,64.41,True,True,False,False,False,False,Manual review,review candidate only
3120,3174,3121,3175,Pudo,Pudo,Click&Collect,Click&Collect,Autoescuela Lara Conde De Casal,Autoescuela Lara Conde De Casal,"Av. del Mediterráneo, 41","Av. del Mediterráneo, 41",4.56,100.0,100.0,True,True,True,True,True,True,Possible duplicate,distance <= 5m
3121,3173,3122,3174,Pudo,Pudo,Click&Collect,Click&Collect,Autoescuela Lara Sainz De Baranda,Autoescuela Lara Sainz De Baranda,"C/ del Alcalde Sainz de Baranda, 30","C/ del Alcalde Sainz de Baranda, 30",6.43,100.0,100.0,True,True,True,True,True,True,Possible duplicate,distance <= 15m and strong text match
3122,3172,3123,3173,Pudo,Pudo,Click&Collect,Click&Collect,Parking Interparking Velazquez - Jorge Juan,Parking Interparking Velazquez - Jorge Juan,"Calle Velázquez, 14","Calle Velázquez, 14, 16",4.67,92.31,100.0,True,True,True,True,True,True,Possible duplicate,distance <= 5m
