Provincias;Municipios;Secciones;Sexo;Edad;Periodo;Total
28 Madrid;28079 Madrid;2807901001 Madrid sección 01001;Total;Todas las edades;2025;1.192
28 Madrid;28079 Madrid;2807901002 Madrid sección 01002;Total;Todas las edades;2025;871
28 Madrid;28079 Madrid;2807901003 Madrid sección 01003;Total;Todas las edades;2025;1.900
28 Madrid;28079 Madrid;2807901004 Madrid sección 01004;Total;Todas las edades;2025;1.318
28 Madrid;28079 Madrid;2807901006 Madrid sección 01006;Total;Todas las edades;2025;1.722
28 Madrid;28079 Madrid;2807901007 Madrid sección 01007;Total;Todas las edades;2025;848
28 Madrid;28079 Madrid;2807901008 Madrid sección 01008;Total;Todas las edades;2025;748
28 Madrid;28079 Madrid;2807901009 Madrid sección 01009;Total;Todas las edades;2025;1.412
28 Madrid;28079 Madrid;2807901011 Madrid sección 01011;Total;Todas las edades;2025;1.078
28 Madrid;28079 Madrid;2807901012 Madrid sección 01012;Total;Todas las edades;2025;757
28 Madrid;28079 Madrid;2807901013 Madrid sección 01013;Total;Todas las edades;2025;1.210
28 Madrid;28079 Madrid;2807901014 Madrid sección 01014;Total;Todas las edades;2025;1.366
28 Madrid;28079 Madrid;2807901015 Madrid sección 01015;Total;Todas las edades;2025;1.562
28 Madrid;28079 Madrid;2807901016 Madrid sección 01016;Total;Todas las edades;2025;1.127
28 Madrid;28079 Madrid;2807901018 Madrid sección 01018;Total;Todas las edades;2025;1.697
28 Madrid;28079 Madrid;2807901019 Madrid sección 01019;Total;Todas las edades;2025;1.306
28 Madrid;28079 Madrid;2807901020 Madrid sección 01020;Total;Todas las edades;2025;1.281
28 Madrid;28079 Madrid;2807901021 Madrid sección 01021;Total;Todas las edades;2025;1.879
28 Madrid;28079 Madrid;2807901022 Madrid sección 01022;Total;Todas las edades;2025;1.274
28 Madrid;28079 Madrid;2807901023 Madrid sección 01023;Total;Todas las edades;2025;1.470
28 Madrid;28079 Madrid;2807901024 Madrid sección 01024;Total;Todas las edades;2025;1.232
28 Madrid;28079 Madrid;2807901025 Madrid sección 01025;Total;Todas las edades;2025;1.081
28 Madrid;28079 Madrid;2807901026 Madrid sección 01026;Total;Todas las edades;2025;1.486
28 Madrid;28079 Madrid;2807901027 Madrid sección 01027;Total;Todas las edades;2025;1.238
28 Madrid;28079 Madrid;2807901028 Madrid sección 01028;Total;Todas las edades;2025;1.628
28 Madrid;28079 Madrid;2807901029 Madrid sección 01029;Total;Todas las edades;2025;1.388
28 Madrid;28079 Madrid;2807901030 Madrid sección 01030;Total;Todas las edades;2025;1.066
28 Madrid;28079 Madrid;2807901031 Madrid sección 01031;Total;Todas las edades;2025;1.204
28 Madrid;28079 Madrid;2807901032 Madrid sección 01032;Total;Todas las edades;2025;2.255
28 Madrid;28079 Madrid;2807901033 Madrid sección 01033;Total;Todas las edades;2025;1.276
28 Madrid;28079 Madrid;2807901034 Madrid sección 01034;Total;Todas las edades;2025;1.698
28 Madrid;28079 Madrid;2807901035 Madrid sección 01035;Total;Todas las edades;2025;1.518
28 Madrid;28079 Madrid;2807901036 Madrid sección 01036;Total;Todas las edades;2025;1.187
28 Madrid;28079 Madrid;2807901037 Madrid sección 01037;Total;Todas las edades;2025;1.050
28 Madrid;28079 Madrid;2807901038 Madrid sección 01038;Total;Todas las edades;2025;1.632
28 Madrid;28079 Madrid;2807901039 Madrid sección 01039;Total;Todas las edades;2025;1.041
28 Madrid;28079 Madrid;2807901040 Madrid sección 01040;Total;Todas las edades;2025;862
28 Madrid;28079 Madrid;2807901041 Madrid sección 01041;Total;Todas las edades;2025;1.041
28 Madrid;28079 Madrid;2807901042 Madrid sección 01042;Total;Todas las edades;2025;1.080
28 Madrid;28079 Madrid;2807901043 Madrid sección 01043;Total;Todas las edades;2025;1.211
28 Madrid;28079 Madrid;2807901045 Madrid sección 01045;Total;Todas las edades;2025;1.341
28 Madrid;28079 Madrid;2807901046 Madrid sección 01046;Total;Todas las edades;2025;1.558
28 Madrid;28079 Madrid;2807901047 Madrid sección 01047;Total;Todas las edades;2025;2.336
28 Madrid;28079 Madrid;2807901048 Madrid sección 01048;Total;Todas las edades;2025;1.263
28 Madrid;28079 Madrid;2807901049 Madrid sección 01049;Total;Todas las edades;2025;1.371
28 Madrid;28079 Madrid;2807901050 Madrid sección 01050;Total;Todas las edades;2025;1.404
28 Madrid;28079 Madrid;2807901051 Madrid sección 01051;Total;Todas las edades;2025;1.584
28 Madrid;28079 Madrid;2807901053 Madrid sección 01053;Total;Todas las edades;2025;1.394
28 Madrid;28079 Madrid;2807901054 Madrid sección 01054;Total;Todas las edades;2025;937
28 Madrid;28079 Madrid;2807901055 Madrid sección 01055;Total;Todas las edades;2025;1.090
28 Madrid;28079 Madrid;2807901056 Madrid sección 01056;Total;Todas las edades;2025;966
28 Madrid;28079 Madrid;2807901057 Madrid sección 01057;Total;Todas las edades;2025;1.432
28 Madrid;28079 Madrid;2807901058 Madrid sección 01058;Total;Todas las edades;2025;756
28 Madrid;28079 Madrid;2807901059 Madrid sección 01059;Total;Todas las edades;2025;1.566
28 Madrid;28079 Madrid;2807901061 Madrid sección 01061;Total;Todas las edades;2025;851
28 Madrid;28079 Madrid;2807901062 Madrid sección 01062;Total;Todas las edades;2025;952
28 Madrid;28079 Madrid;2807901063 Madrid sección 01063;Total;Todas las edades;2025;780
28 Madrid;28079 Madrid;2807901064 Madrid sección 01064;Total;Todas las edades;2025;782
28 Madrid;28079 Madrid;2807901065 Madrid sección 01065;Total;Todas las edades;2025;793
28 Madrid;28079 Madrid;2807901066 Madrid sección 01066;Total;Todas las edades;2025;1.285
28 Madrid;28079 Madrid;2807901067 Madrid sección 01067;Total;Todas las edades;2025;1.181
28 Madrid;28079 Madrid;2807901068 Madrid sección 01068;Total;Todas las edades;2025;811
28 Madrid;28079 Madrid;2807901069 Madrid sección 01069;Total;Todas las edades;2025;952
28 Madrid;28079 Madrid;2807901071 Madrid sección 01071;Total;Todas las edades;2025;777
28 Madrid;28079 Madrid;2807901072 Madrid sección 01072;Total;Todas las edades;2025;1.499
28 Madrid;28079 Madrid;2807901073 Madrid sección 01073;Total;Todas las edades;2025;1.730
28 Madrid;28079 Madrid;2807901074 Madrid sección 01074;Total;Todas las edades;2025;1.670
28 Madrid;28079 Madrid;2807901075 Madrid sección 01075;Total;Todas las edades;2025;1.415
28 Madrid;28079 Madrid;2807901076 Madrid sección 01076;Total;Todas las edades;2025;1.413
28 Madrid;28079 Madrid;2807901077 Madrid sección 01077;Total;Todas las edades;2025;1.270
28 Madrid;28079 Madrid;2807901079 Madrid sección 01079;Total;Todas las edades;2025;1.504
28 Madrid;28079 Madrid;2807901081 Madrid sección 01081;Total;Todas las edades;2025;1.535
28 Madrid;28079 Madrid;2807901082 Madrid sección 01082;Total;Todas las edades;2025;1.794
28 Madrid;28079 Madrid;2807901084 Madrid sección 01084;Total;Todas las edades;2025;1.526
28 Madrid;28079 Madrid;2807901087 Madrid sección 01087;Total;Todas las edades;2025;1.429
28 Madrid;28079 Madrid;2807901088 Madrid sección 01088;Total;Todas las edades;2025;1.304
28 Madrid;28079 Madrid;2807901089 Madrid sección 01089;Total;Todas las edades;2025;1.515
28 Madrid;28079 Madrid;2807901090 Madrid sección 01090;Total;Todas las edades;2025;881
28 Madrid;28079 Madrid;2807901091 Madrid sección 01091;Total;Todas las edades;2025;1.042
28 Madrid;28079 Madrid;2807901092 Madrid sección 01092;Total;Todas las edades;2025;804
28 Madrid;28079 Madrid;2807901093 Madrid sección 01093;Total;Todas las edades;2025;1.548
28 Madrid;28079 Madrid;2807901094 Madrid sección 01094;Total;Todas las edades;2025;1.602
28 Madrid;28079 Madrid;2807901095 Madrid sección 01095;Total;Todas las edades;2025;1.436
28 Madrid;28079 Madrid;2807901096 Madrid sección 01096;Total;Todas las edades;2025;1.088
28 Madrid;28079 Madrid;2807901097 Madrid sección 01097;Total;Todas las edades;2025;1.429
28 Madrid;28079 Madrid;2807901098 Madrid sección 01098;Total;Todas las edades;2025;1.203
28 Madrid;28079 Madrid;2807901099 Madrid sección 01099;Total;Todas las edades;2025;1.351
28 Madrid;28079 Madrid;2807901100 Madrid sección 01100;Total;Todas las edades;2025;1.211
28 Madrid;28079 Madrid;2807901101 Madrid sección 01101;Total;Todas las edades;2025;1.256
28 Madrid;28079 Madrid;2807901102 Madrid sección 01102;Total;Todas las edades;2025;1.152
28 Madrid;28079 Madrid;2807901103 Madrid sección 01103;Total;Todas las edades;2025;1.406
28 Madrid;28079 Madrid;2807901104 Madrid sección 01104;Total;Todas las edades;2025;1.251
28 Madrid;28079 Madrid;2807901105 Madrid sección 01105;Total;Todas las edades;2025;1.303
28 Madrid;28079 Madrid;2807901106 Madrid sección 01106;Total;Todas las edades;2025;1.169
28 Madrid;28079 Madrid;2807901107 Madrid sección 01107;Total;Todas las edades;2025;1.213
28 Madrid;28079 Madrid;2807901108 Madrid sección 01108;Total;Todas las edades;2025;1.417
28 Madrid;28079 Madrid;2807901109 Madrid sección 01109;Total;Todas las edades;2025;1.042
28 Madrid;28079 Madrid;2807901110 Madrid sección 01110;Total;Todas las edades;2025;854
28 Madrid;28079 Madrid;2807901111 Madrid sección 01111;Total;Todas las edades;2025;973
28 Madrid;28079 Madrid;2807901112 Madrid sección 01112;Total;Todas las edades;2025;1.191
28 Madrid;28079 Madrid;2807901113 Madrid sección 01113;Total;Todas las edades;2025;1.076
28 Madrid;28079 Madrid;2807901114 Madrid sección 01114;Total;Todas las edades;2025;1.642
28 Madrid;28079 Madrid;2807901115 Madrid sección 01115;Total;Todas las edades;2025;1.045
28 Madrid;28079 Madrid;2807901116 Madrid sección 01116;Total;Todas las edades;2025;1.467
28 Madrid;28079 Madrid;2807901117 Madrid sección 01117;Total;Todas las edades;2025;1.600
28 Madrid;28079 Madrid;2807901118 Madrid sección 01118;Total;Todas las edades;2025;902
28 Madrid;28079 Madrid;2807901119 Madrid sección 01119;Total;Todas las edades;2025;1.202
28 Madrid;28079 Madrid;2807901120 Madrid sección 01120;Total;Todas las edades;2025;841
28 Madrid;28079 Madrid;2807901121 Madrid sección 01121;Total;Todas las edades;2025;1.902
28 Madrid;28079 Madrid;2807901123 Madrid sección 01123;Total;Todas las edades;2025;1.561
28 Madrid;28079 Madrid;2807901124 Madrid sección 01124;Total;Todas las edades;2025;""
28 Madrid;28079 Madrid;2807902001 Madrid sección 02001;Total;Todas las edades;2025;935
28 Madrid;28079 Madrid;2807902002 Madrid sección 02002;Total;Todas las edades;2025;1.482
28 Madrid;28079 Madrid;2807902003 Madrid sección 02003;Total;Todas las edades;2025;1.182
28 Madrid;28079 Madrid;2807902004 Madrid sección 02004;Total;Todas las edades;2025;1.020
28 Madrid;28079 Madrid;2807902005 Madrid sección 02005;Total;Todas las edades;2025;778
28 Madrid;28079 Madrid;2807902006 Madrid sección 02006;Total;Todas las edades;2025;2.037
28 Madrid;28079 Madrid;2807902007 Madrid sección 02007;Total;Todas las edades;2025;759
28 Madrid;28079 Madrid;2807902008 Madrid sección 02008;Total;Todas las edades;2025;1.865
28 Madrid;28079 Madrid;2807902009 Madrid sección 02009;Total;Todas las edades;2025;1.973
28 Madrid;28079 Madrid;2807902010 Madrid sección 02010;Total;Todas las edades;2025;1.091
28 Madrid;28079 Madrid;2807902011 Madrid sección 02011;Total;Todas las edades;2025;1.553
28 Madrid;28079 Madrid;2807902013 Madrid sección 02013;Total;Todas las edades;2025;1.206
28 Madrid;28079 Madrid;2807902014 Madrid sección 02014;Total;Todas las edades;2025;1.102
28 Madrid;28079 Madrid;2807902015 Madrid sección 02015;Total;Todas las edades;2025;1.599
28 Madrid;28079 Madrid;2807902016 Madrid sección 02016;Total;Todas las edades;2025;1.989
28 Madrid;28079 Madrid;2807902017 Madrid sección 02017;Total;Todas las edades;2025;1.771
28 Madrid;28079 Madrid;2807902018 Madrid sección 02018;Total;Todas las edades;2025;2.063
28 Madrid;28079 Madrid;2807902019 Madrid sección 02019;Total;Todas las edades;2025;1.389
28 Madrid;28079 Madrid;2807902020 Madrid sección 02020;Total;Todas las edades;2025;1.117
28 Madrid;28079 Madrid;2807902021 Madrid sección 02021;Total;Todas las edades;2025;1.110
28 Madrid;28079 Madrid;2807902022 Madrid sección 02022;Total;Todas las edades;2025;1.060
28 Madrid;28079 Madrid;2807902023 Madrid sección 02023;Total;Todas las edades;2025;1.215
28 Madrid;28079 Madrid;2807902024 Madrid sección 02024;Total;Todas las edades;2025;1.704
28 Madrid;28079 Madrid;2807902025 Madrid sección 02025;Total;Todas las edades;2025;839
28 Madrid;28079 Madrid;2807902026 Madrid sección 02026;Total;Todas las edades;2025;1.312
28 Madrid;28079 Madrid;2807902027 Madrid sección 02027;Total;Todas las edades;2025;959
28 Madrid;28079 Madrid;2807902028 Madrid sección 02028;Total;Todas las edades;2025;970
28 Madrid;28079 Madrid;2807902029 Madrid sección 02029;Total;Todas las edades;2025;775
28 Madrid;28079 Madrid;2807902030 Madrid sección 02030;Total;Todas las edades;2025;1.312
28 Madrid;28079 Madrid;2807902031 Madrid sección 02031;Total;Todas las edades;2025;1.089
28 Madrid;28079 Madrid;2807902032 Madrid sección 02032;Total;Todas las edades;2025;649
28 Madrid;28079 Madrid;2807902033 Madrid sección 02033;Total;Todas las edades;2025;1.243
28 Madrid;28079 Madrid;2807902034 Madrid sección 02034;Total;Todas las edades;2025;913
28 Madrid;28079 Madrid;2807902035 Madrid sección 02035;Total;Todas las edades;2025;1.009
28 Madrid;28079 Madrid;2807902036 Madrid sección 02036;Total;Todas las edades;2025;952
28 Madrid;28079 Madrid;2807902037 Madrid sección 02037;Total;Todas las edades;2025;1.280
28 Madrid;28079 Madrid;2807902038 Madrid sección 02038;Total;Todas las edades;2025;1.072
28 Madrid;28079 Madrid;2807902039 Madrid sección 02039;Total;Todas las edades;2025;761
28 Madrid;28079 Madrid;2807902040 Madrid sección 02040;Total;Todas las edades;2025;1.738
28 Madrid;28079 Madrid;2807902041 Madrid sección 02041;Total;Todas las edades;2025;2.066
28 Madrid;28079 Madrid;2807902042 Madrid sección 02042;Total;Todas las edades;2025;1.834
28 Madrid;28079 Madrid;2807902043 Madrid sección 02043;Total;Todas las edades;2025;975
28 Madrid;28079 Madrid;2807902044 Madrid sección 02044;Total;Todas las edades;2025;1.829
28 Madrid;28079 Madrid;2807902045 Madrid sección 02045;Total;Todas las edades;2025;1.123
28 Madrid;28079 Madrid;2807902046 Madrid sección 02046;Total;Todas las edades;2025;1.335
28 Madrid;28079 Madrid;2807902047 Madrid sección 02047;Total;Todas las edades;2025;1.637
28 Madrid;28079 Madrid;2807902048 Madrid sección 02048;Total;Todas las edades;2025;1.236
28 Madrid;28079 Madrid;2807902049 Madrid sección 02049;Total;Todas las edades;2025;1.689
28 Madrid;28079 Madrid;2807902050 Madrid sección 02050;Total;Todas las edades;2025;1.637
28 Madrid;28079 Madrid;2807902051 Madrid sección 02051;Total;Todas las edades;2025;2.055
28 Madrid;28079 Madrid;2807902052 Madrid sección 02052;Total;Todas las edades;2025;1.718
28 Madrid;28079 Madrid;2807902053 Madrid sección 02053;Total;Todas las edades;2025;1.673
28 Madrid;28079 Madrid;2807902054 Madrid sección 02054;Total;Todas las edades;2025;1.160
28 Madrid;28079 Madrid;2807902055 Madrid sección 02055;Total;Todas las edades;2025;1.256
28 Madrid;28079 Madrid;2807902056 Madrid sección 02056;Total;Todas las edades;2025;1.084
28 Madrid;28079 Madrid;2807902057 Madrid sección 02057;Total;Todas las edades;2025;1.553
28 Madrid;28079 Madrid;2807902058 Madrid sección 02058;Total;Todas las edades;2025;1.607
28 Madrid;28079 Madrid;2807902059 Madrid sección 02059;Total;Todas las edades;2025;723
28 Madrid;28079 Madrid;2807902060 Madrid sección 02060;Total;Todas las edades;2025;1.401
28 Madrid;28079 Madrid;2807902061 Madrid sección 02061;Total;Todas las edades;2025;863
28 Madrid;28079 Madrid;2807902062 Madrid sección 02062;Total;Todas las edades;2025;1.041
28 Madrid;28079 Madrid;2807902063 Madrid sección 02063;Total;Todas las edades;2025;1.698
28 Madrid;28079 Madrid;2807902064 Madrid sección 02064;Total;Todas las edades;2025;1.711
28 Madrid;28079 Madrid;2807902065 Madrid sección 02065;Total;Todas las edades;2025;1.528
28 Madrid;28079 Madrid;2807902066 Madrid sección 02066;Total;Todas las edades;2025;2.469
28 Madrid;28079 Madrid;2807902067 Madrid sección 02067;Total;Todas las edades;2025;1.484
28 Madrid;28079 Madrid;2807902068 Madrid sección 02068;Total;Todas las edades;2025;1.129
28 Madrid;28079 Madrid;2807902069 Madrid sección 02069;Total;Todas las edades;2025;898
28 Madrid;28079 Madrid;2807902070 Madrid sección 02070;Total;Todas las edades;2025;1.356
28 Madrid;28079 Madrid;2807902071 Madrid sección 02071;Total;Todas las edades;2025;1.406
28 Madrid;28079 Madrid;2807902072 Madrid sección 02072;Total;Todas las edades;2025;1.639
28 Madrid;28079 Madrid;2807902073 Madrid sección 02073;Total;Todas las edades;2025;1.780
28 Madrid;28079 Madrid;2807902074 Madrid sección 02074;Total;Todas las edades;2025;1.778
28 Madrid;28079 Madrid;2807902075 Madrid sección 02075;Total;Todas las edades;2025;1.943
28 Madrid;28079 Madrid;2807902077 Madrid sección 02077;Total;Todas las edades;2025;1.186
28 Madrid;28079 Madrid;2807902078 Madrid sección 02078;Total;Todas las edades;2025;870
28 Madrid;28079 Madrid;2807902079 Madrid sección 02079;Total;Todas las edades;2025;1.222
28 Madrid;28079 Madrid;2807902080 Madrid sección 02080;Total;Todas las edades;2025;942
28 Madrid;28079 Madrid;2807902081 Madrid sección 02081;Total;Todas las edades;2025;1.168
28 Madrid;28079 Madrid;2807902082 Madrid sección 02082;Total;Todas las edades;2025;1.206
28 Madrid;28079 Madrid;2807902083 Madrid sección 02083;Total;Todas las edades;2025;2.184
28 Madrid;28079 Madrid;2807902085 Madrid sección 02085;Total;Todas las edades;2025;1.206
28 Madrid;28079 Madrid;2807902086 Madrid sección 02086;Total;Todas las edades;2025;1.280
28 Madrid;28079 Madrid;2807902087 Madrid sección 02087;Total;Todas las edades;2025;2.166
28 Madrid;28079 Madrid;2807902088 Madrid sección 02088;Total;Todas las edades;2025;689
28 Madrid;28079 Madrid;2807902089 Madrid sección 02089;Total;Todas las edades;2025;1.027
28 Madrid;28079 Madrid;2807902090 Madrid sección 02090;Total;Todas las edades;2025;1.781
28 Madrid;28079 Madrid;2807902091 Madrid sección 02091;Total;Todas las edades;2025;1.129
28 Madrid;28079 Madrid;2807902092 Madrid sección 02092;Total;Todas las edades;2025;1.859
28 Madrid;28079 Madrid;2807902093 Madrid sección 02093;Total;Todas las edades;2025;1.473
28 Madrid;28079 Madrid;2807902094 Madrid sección 02094;Total;Todas las edades;2025;1.682
28 Madrid;28079 Madrid;2807902095 Madrid sección 02095;Total;Todas las edades;2025;1.763
28 Madrid;28079 Madrid;2807902096 Madrid sección 02096;Total;Todas las edades;2025;1.698
28 Madrid;28079 Madrid;2807902097 Madrid sección 02097;Total;Todas las edades;2025;1.107
28 Madrid;28079 Madrid;2807902098 Madrid sección 02098;Total;Todas las edades;2025;1.412
28 Madrid;28079 Madrid;2807902099 Madrid sección 02099;Total;Todas las edades;2025;2.141
28 Madrid;28079 Madrid;2807902100 Madrid sección 02100;Total;Todas las edades;2025;1.786
28 Madrid;28079 Madrid;2807902101 Madrid sección 02101;Total;Todas las edades;2025;1.570
28 Madrid;28079 Madrid;2807902102 Madrid sección 02102;Total;Todas las edades;2025;1.717
28 Madrid;28079 Madrid;2807902103 Madrid sección 02103;Total;Todas las edades;2025;2.591
28 Madrid;28079 Madrid;2807902104 Madrid sección 02104;Total;Todas las edades;2025;1.438
28 Madrid;28079 Madrid;2807902105 Madrid sección 02105;Total;Todas las edades;2025;1.744
28 Madrid;28079 Madrid;2807902106 Madrid sección 02106;Total;Todas las edades;2025;2.306
28 Madrid;28079 Madrid;2807902107 Madrid sección 02107;Total;Todas las edades;2025;1.874
28 Madrid;28079 Madrid;2807902108 Madrid sección 02108;Total;Todas las edades;2025;970
28 Madrid;28079 Madrid;2807902109 Madrid sección 02109;Total;Todas las edades;2025;1.374
28 Madrid;28079 Madrid;2807902110 Madrid sección 02110;Total;Todas las edades;2025;1.646
28 Madrid;28079 Madrid;2807902111 Madrid sección 02111;Total;Todas las edades;2025;1.395
28 Madrid;28079 Madrid;2807902112 Madrid sección 02112;Total;Todas las edades;2025;1.527
28 Madrid;28079 Madrid;2807902113 Madrid sección 02113;Total;Todas las edades;2025;1.730
28 Madrid;28079 Madrid;2807902114 Madrid sección 02114;Total;Todas las edades;2025;1.209
28 Madrid;28079 Madrid;2807903001 Madrid sección 03001;Total;Todas las edades;2025;1.657
28 Madrid;28079 Madrid;2807903002 Madrid sección 03002;Total;Todas las edades;2025;935
28 Madrid;28079 Madrid;2807903003 Madrid sección 03003;Total;Todas las edades;2025;894
28 Madrid;28079 Madrid;2807903004 Madrid sección 03004;Total;Todas las edades;2025;1.055
28 Madrid;28079 Madrid;2807903005 Madrid sección 03005;Total;Todas las edades;2025;733
28 Madrid;28079 Madrid;2807903006 Madrid sección 03006;Total;Todas las edades;2025;1.983
28 Madrid;28079 Madrid;2807903007 Madrid sección 03007;Total;Todas las edades;2025;1.014
28 Madrid;28079 Madrid;2807903008 Madrid sección 03008;Total;Todas las edades;2025;1.106
28 Madrid;28079 Madrid;2807903009 Madrid sección 03009;Total;Todas las edades;2025;1.031
28 Madrid;28079 Madrid;2807903010 Madrid sección 03010;Total;Todas las edades;2025;1.034
28 Madrid;28079 Madrid;2807903011 Madrid sección 03011;Total;Todas las edades;2025;1.017
28 Madrid;28079 Madrid;2807903012 Madrid sección 03012;Total;Todas las edades;2025;1.025
28 Madrid;28079 Madrid;2807903013 Madrid sección 03013;Total;Todas las edades;2025;1.069
28 Madrid;28079 Madrid;2807903014 Madrid sección 03014;Total;Todas las edades;2025;1.296
28 Madrid;28079 Madrid;2807903015 Madrid sección 03015;Total;Todas las edades;2025;1.070
28 Madrid;28079 Madrid;2807903016 Madrid sección 03016;Total;Todas las edades;2025;812
28 Madrid;28079 Madrid;2807903017 Madrid sección 03017;Total;Todas las edades;2025;1.240
28 Madrid;28079 Madrid;2807903018 Madrid sección 03018;Total;Todas las edades;2025;1.891
28 Madrid;28079 Madrid;2807903019 Madrid sección 03019;Total;Todas las edades;2025;1.821
28 Madrid;28079 Madrid;2807903020 Madrid sección 03020;Total;Todas las edades;2025;1.442
28 Madrid;28079 Madrid;2807903021 Madrid sección 03021;Total;Todas las edades;2025;2.073
28 Madrid;28079 Madrid;2807903022 Madrid sección 03022;Total;Todas las edades;2025;1.081
28 Madrid;28079 Madrid;2807903023 Madrid sección 03023;Total;Todas las edades;2025;961
28 Madrid;28079 Madrid;2807903024 Madrid sección 03024;Total;Todas las edades;2025;1.203
28 Madrid;28079 Madrid;2807903025 Madrid sección 03025;Total;Todas las edades;2025;1.431
28 Madrid;28079 Madrid;2807903026 Madrid sección 03026;Total;Todas las edades;2025;1.782
28 Madrid;28079 Madrid;2807903027 Madrid sección 03027;Total;Todas las edades;2025;1.272
28 Madrid;28079 Madrid;2807903028 Madrid sección 03028;Total;Todas las edades;2025;1.480
28 Madrid;28079 Madrid;2807903029 Madrid sección 03029;Total;Todas las edades;2025;1.603
28 Madrid;28079 Madrid;2807903030 Madrid sección 03030;Total;Todas las edades;2025;786
28 Madrid;28079 Madrid;2807903031 Madrid sección 03031;Total;Todas las edades;2025;1.133
28 Madrid;28079 Madrid;2807903032 Madrid sección 03032;Total;Todas las edades;2025;1.135
28 Madrid;28079 Madrid;2807903033 Madrid sección 03033;Total;Todas las edades;2025;1.481
28 Madrid;28079 Madrid;2807903034 Madrid sección 03034;Total;Todas las edades;2025;1.414
28 Madrid;28079 Madrid;2807903035 Madrid sección 03035;Total;Todas las edades;2025;1.139
28 Madrid;28079 Madrid;2807903036 Madrid sección 03036;Total;Todas las edades;2025;899
28 Madrid;28079 Madrid;2807903037 Madrid sección 03037;Total;Todas las edades;2025;1.303
28 Madrid;28079 Madrid;2807903038 Madrid sección 03038;Total;Todas las edades;2025;990
28 Madrid;28079 Madrid;2807903039 Madrid sección 03039;Total;Todas las edades;2025;847
28 Madrid;28079 Madrid;2807903040 Madrid sección 03040;Total;Todas las edades;2025;786
28 Madrid;28079 Madrid;2807903041 Madrid sección 03041;Total;Todas las edades;2025;1.160
28 Madrid;28079 Madrid;2807903042 Madrid sección 03042;Total;Todas las edades;2025;1.115
28 Madrid;28079 Madrid;2807903044 Madrid sección 03044;Total;Todas las edades;2025;1.178
28 Madrid;28079 Madrid;2807903045 Madrid sección 03045;Total;Todas las edades;2025;1.018
28 Madrid;28079 Madrid;2807903046 Madrid sección 03046;Total;Todas las edades;2025;908
28 Madrid;28079 Madrid;2807903047 Madrid sección 03047;Total;Todas las edades;2025;1.693
28 Madrid;28079 Madrid;2807903048 Madrid sección 03048;Total;Todas las edades;2025;1.159
28 Madrid;28079 Madrid;2807903049 Madrid sección 03049;Total;Todas las edades;2025;1.807
28 Madrid;28079 Madrid;2807903050 Madrid sección 03050;Total;Todas las edades;2025;1.383
28 Madrid;28079 Madrid;2807903051 Madrid sección 03051;Total;Todas las edades;2025;1.078
28 Madrid;28079 Madrid;2807903052 Madrid sección 03052;Total;Todas las edades;2025;952
28 Madrid;28079 Madrid;2807903053 Madrid sección 03053;Total;Todas las edades;2025;1.446
28 Madrid;28079 Madrid;2807903054 Madrid sección 03054;Total;Todas las edades;2025;1.274
28 Madrid;28079 Madrid;2807903055 Madrid sección 03055;Total;Todas las edades;2025;989
28 Madrid;28079 Madrid;2807903056 Madrid sección 03056;Total;Todas las edades;2025;1.128
28 Madrid;28079 Madrid;2807903057 Madrid sección 03057;Total;Todas las edades;2025;1.132
28 Madrid;28079 Madrid;2807903058 Madrid sección 03058;Total;Todas las edades;2025;1.188
28 Madrid;28079 Madrid;2807903059 Madrid sección 03059;Total;Todas las edades;2025;1.135
28 Madrid;28079 Madrid;2807903060 Madrid sección 03060;Total;Todas las edades;2025;746
28 Madrid;28079 Madrid;2807903061 Madrid sección 03061;Total;Todas las edades;2025;878
28 Madrid;28079 Madrid;2807903063 Madrid sección 03063;Total;Todas las edades;2025;792
28 Madrid;28079 Madrid;2807903064 Madrid sección 03064;Total;Todas las edades;2025;957
28 Madrid;28079 Madrid;2807903065 Madrid sección 03065;Total;Todas las edades;2025;1.499
28 Madrid;28079 Madrid;2807903066 Madrid sección 03066;Total;Todas las edades;2025;882
28 Madrid;28079 Madrid;2807903067 Madrid sección 03067;Total;Todas las edades;2025;1.193
28 Madrid;28079 Madrid;2807903069 Madrid sección 03069;Total;Todas las edades;2025;1.664
28 Madrid;28079 Madrid;2807903070 Madrid sección 03070;Total;Todas las edades;2025;""
28 Madrid;28079 Madrid;2807903071 Madrid sección 03071;Total;Todas las edades;2025;1.369
28 Madrid;28079 Madrid;2807903073 Madrid sección 03073;Total;Todas las edades;2025;1.648
28 Madrid;28079 Madrid;2807903074 Madrid sección 03074;Total;Todas las edades;2025;1.121
28 Madrid;28079 Madrid;2807903076 Madrid sección 03076;Total;Todas las edades;2025;1.025
28 Madrid;28079 Madrid;2807903077 Madrid sección 03077;Total;Todas las edades;2025;1.606
28 Madrid;28079 Madrid;2807903078 Madrid sección 03078;Total;Todas las edades;2025;1.489
28 Madrid;28079 Madrid;2807903079 Madrid sección 03079;Total;Todas las edades;2025;1.256
28 Madrid;28079 Madrid;2807903080 Madrid sección 03080;Total;Todas las edades;2025;1.786
28 Madrid;28079 Madrid;2807903081 Madrid sección 03081;Total;Todas las edades;2025;1.822
28 Madrid;28079 Madrid;2807903082 Madrid sección 03082;Total;Todas las edades;2025;1.451
28 Madrid;28079 Madrid;2807903084 Madrid sección 03084;Total;Todas las edades;2025;1.543
28 Madrid;28079 Madrid;2807903085 Madrid sección 03085;Total;Todas las edades;2025;843
28 Madrid;28079 Madrid;2807903086 Madrid sección 03086;Total;Todas las edades;2025;1.025
28 Madrid;28079 Madrid;2807903087 Madrid sección 03087;Total;Todas las edades;2025;2.355
28 Madrid;28079 Madrid;2807903088 Madrid sección 03088;Total;Todas las edades;2025;""
28 Madrid;28079 Madrid;2807903089 Madrid sección 03089;Total;Todas las edades;2025;1.735
28 Madrid;28079 Madrid;2807903090 Madrid sección 03090;Total;Todas las edades;2025;1.077
28 Madrid;28079 Madrid;2807903091 Madrid sección 03091;Total;Todas las edades;2025;1.568
28 Madrid;28079 Madrid;2807903092 Madrid sección 03092;Total;Todas las edades;2025;2.221
28 Madrid;28079 Madrid;2807903093 Madrid sección 03093;Total;Todas las edades;2025;1.133
28 Madrid;28079 Madrid;2807903094 Madrid sección 03094;Total;Todas las edades;2025;785
28 Madrid;28079 Madrid;2807903095 Madrid sección 03095;Total;Todas las edades;2025;1.850
28 Madrid;28079 Madrid;2807903096 Madrid sección 03096;Total;Todas las edades;2025;1.953
28 Madrid;28079 Madrid;2807903097 Madrid sección 03097;Total;Todas las edades;2025;1.246
28 Madrid;28079 Madrid;2807903098 Madrid sección 03098;Total;Todas las edades;2025;1.874
28 Madrid;28079 Madrid;2807903099 Madrid sección 03099;Total;Todas las edades;2025;1.467
28 Madrid;28079 Madrid;2807903100 Madrid sección 03100;Total;Todas las edades;2025;1.230
28 Madrid;28079 Madrid;2807903101 Madrid sección 03101;Total;Todas las edades;2025;1.393
28 Madrid;28079 Madrid;2807904001 Madrid sección 04001;Total;Todas las edades;2025;976
28 Madrid;28079 Madrid;2807904002 Madrid sección 04002;Total;Todas las edades;2025;1.050
28 Madrid;28079 Madrid;2807904003 Madrid sección 04003;Total;Todas las edades;2025;787
28 Madrid;28079 Madrid;2807904004 Madrid sección 04004;Total;Todas las edades;2025;957
28 Madrid;28079 Madrid;2807904005 Madrid sección 04005;Total;Todas las edades;2025;766
28 Madrid;28079 Madrid;2807904006 Madrid sección 04006;Total;Todas las edades;2025;985
28 Madrid;28079 Madrid;2807904007 Madrid sección 04007;Total;Todas las edades;2025;1.375
28 Madrid;28079 Madrid;2807904008 Madrid sección 04008;Total;Todas las edades;2025;1.034
28 Madrid;28079 Madrid;2807904009 Madrid sección 04009;Total;Todas las edades;2025;1.763
28 Madrid;28079 Madrid;2807904010 Madrid sección 04010;Total;Todas las edades;2025;755
28 Madrid;28079 Madrid;2807904011 Madrid sección 04011;Total;Todas las edades;2025;1.374
28 Madrid;28079 Madrid;2807904012 Madrid sección 04012;Total;Todas las edades;2025;1.231
28 Madrid;28079 Madrid;2807904013 Madrid sección 04013;Total;Todas las edades;2025;877
28 Madrid;28079 Madrid;2807904014 Madrid sección 04014;Total;Todas las edades;2025;1.159
28 Madrid;28079 Madrid;2807904015 Madrid sección 04015;Total;Todas las edades;2025;1.255
28 Madrid;28079 Madrid;2807904016 Madrid sección 04016;Total;Todas las edades;2025;1.382
28 Madrid;28079 Madrid;2807904017 Madrid sección 04017;Total;Todas las edades;2025;1.332
28 Madrid;28079 Madrid;2807904018 Madrid sección 04018;Total;Todas las edades;2025;1.255
28 Madrid;28079 Madrid;2807904019 Madrid sección 04019;Total;Todas las edades;2025;740
28 Madrid;28079 Madrid;2807904020 Madrid sección 04020;Total;Todas las edades;2025;782
28 Madrid;28079 Madrid;2807904021 Madrid sección 04021;Total;Todas las edades;2025;858
28 Madrid;28079 Madrid;2807904023 Madrid sección 04023;Total;Todas las edades;2025;860
28 Madrid;28079 Madrid;2807904024 Madrid sección 04024;Total;Todas las edades;2025;1.284
28 Madrid;28079 Madrid;2807904025 Madrid sección 04025;Total;Todas las edades;2025;939
28 Madrid;28079 Madrid;2807904026 Madrid sección 04026;Total;Todas las edades;2025;830
28 Madrid;28079 Madrid;2807904027 Madrid sección 04027;Total;Todas las edades;2025;1.586
28 Madrid;28079 Madrid;2807904028 Madrid sección 04028;Total;Todas las edades;2025;1.381
28 Madrid;28079 Madrid;2807904029 Madrid sección 04029;Total;Todas las edades;2025;1.479
28 Madrid;28079 Madrid;2807904030 Madrid sección 04030;Total;Todas las edades;2025;1.398
28 Madrid;28079 Madrid;2807904031 Madrid sección 04031;Total;Todas las edades;2025;893
28 Madrid;28079 Madrid;2807904032 Madrid sección 04032;Total;Todas las edades;2025;831
28 Madrid;28079 Madrid;2807904033 Madrid sección 04033;Total;Todas las edades;2025;1.099
28 Madrid;28079 Madrid;2807904034 Madrid sección 04034;Total;Todas las edades;2025;1.632
28 Madrid;28079 Madrid;2807904035 Madrid sección 04035;Total;Todas las edades;2025;1.507
28 Madrid;28079 Madrid;2807904036 Madrid sección 04036;Total;Todas las edades;2025;710
28 Madrid;28079 Madrid;2807904037 Madrid sección 04037;Total;Todas las edades;2025;794
28 Madrid;28079 Madrid;2807904038 Madrid sección 04038;Total;Todas las edades;2025;1.094
28 Madrid;28079 Madrid;2807904039 Madrid sección 04039;Total;Todas las edades;2025;805
28 Madrid;28079 Madrid;2807904040 Madrid sección 04040;Total;Todas las edades;2025;750
28 Madrid;28079 Madrid;2807904041 Madrid sección 04041;Total;Todas las edades;2025;950
28 Madrid;28079 Madrid;2807904042 Madrid sección 04042;Total;Todas las edades;2025;1.400
28 Madrid;28079 Madrid;2807904043 Madrid sección 04043;Total;Todas las edades;2025;1.430
28 Madrid;28079 Madrid;2807904044 Madrid sección 04044;Total;Todas las edades;2025;1.639
28 Madrid;28079 Madrid;2807904045 Madrid sección 04045;Total;Todas las edades;2025;1.446
28 Madrid;28079 Madrid;2807904046 Madrid sección 04046;Total;Todas las edades;2025;633
28 Madrid;28079 Madrid;2807904047 Madrid sección 04047;Total;Todas las edades;2025;1.065
28 Madrid;28079 Madrid;2807904048 Madrid sección 04048;Total;Todas las edades;2025;993
28 Madrid;28079 Madrid;2807904049 Madrid sección 04049;Total;Todas las edades;2025;1.390
28 Madrid;28079 Madrid;2807904050 Madrid sección 04050;Total;Todas las edades;2025;777
28 Madrid;28079 Madrid;2807904051 Madrid sección 04051;Total;Todas las edades;2025;1.355
28 Madrid;28079 Madrid;2807904052 Madrid sección 04052;Total;Todas las edades;2025;1.088
28 Madrid;28079 Madrid;2807904053 Madrid sección 04053;Total;Todas las edades;2025;1.216
28 Madrid;28079 Madrid;2807904054 Madrid sección 04054;Total;Todas las edades;2025;1.268
28 Madrid;28079 Madrid;2807904055 Madrid sección 04055;Total;Todas las edades;2025;1.680
28 Madrid;28079 Madrid;2807904056 Madrid sección 04056;Total;Todas las edades;2025;1.582
28 Madrid;28079 Madrid;2807904057 Madrid sección 04057;Total;Todas las edades;2025;1.199
28 Madrid;28079 Madrid;2807904058 Madrid sección 04058;Total;Todas las edades;2025;1.279
28 Madrid;28079 Madrid;2807904060 Madrid sección 04060;Total;Todas las edades;2025;1.342
28 Madrid;28079 Madrid;2807904061 Madrid sección 04061;Total;Todas las edades;2025;1.421
28 Madrid;28079 Madrid;2807904062 Madrid sección 04062;Total;Todas las edades;2025;1.377
28 Madrid;28079 Madrid;2807904063 Madrid sección 04063;Total;Todas las edades;2025;1.558
28 Madrid;28079 Madrid;2807904064 Madrid sección 04064;Total;Todas las edades;2025;1.117
28 Madrid;28079 Madrid;2807904065 Madrid sección 04065;Total;Todas las edades;2025;1.739
28 Madrid;28079 Madrid;2807904067 Madrid sección 04067;Total;Todas las edades;2025;1.142
28 Madrid;28079 Madrid;2807904068 Madrid sección 04068;Total;Todas las edades;2025;983
28 Madrid;28079 Madrid;2807904069 Madrid sección 04069;Total;Todas las edades;2025;1.623
28 Madrid;28079 Madrid;2807904070 Madrid sección 04070;Total;Todas las edades;2025;1.362
28 Madrid;28079 Madrid;2807904071 Madrid sección 04071;Total;Todas las edades;2025;1.153
28 Madrid;28079 Madrid;2807904072 Madrid sección 04072;Total;Todas las edades;2025;681
28 Madrid;28079 Madrid;2807904073 Madrid sección 04073;Total;Todas las edades;2025;1.400
28 Madrid;28079 Madrid;2807904074 Madrid sección 04074;Total;Todas las edades;2025;1.117
28 Madrid;28079 Madrid;2807904075 Madrid sección 04075;Total;Todas las edades;2025;998
28 Madrid;28079 Madrid;2807904076 Madrid sección 04076;Total;Todas las edades;2025;890
28 Madrid;28079 Madrid;2807904077 Madrid sección 04077;Total;Todas las edades;2025;1.087
28 Madrid;28079 Madrid;2807904078 Madrid sección 04078;Total;Todas las edades;2025;646
28 Madrid;28079 Madrid;2807904079 Madrid sección 04079;Total;Todas las edades;2025;1.093
28 Madrid;28079 Madrid;2807904080 Madrid sección 04080;Total;Todas las edades;2025;757
28 Madrid;28079 Madrid;2807904081 Madrid sección 04081;Total;Todas las edades;2025;1.070
28 Madrid;28079 Madrid;2807904082 Madrid sección 04082;Total;Todas las edades;2025;883
28 Madrid;28079 Madrid;2807904083 Madrid sección 04083;Total;Todas las edades;2025;775
28 Madrid;28079 Madrid;2807904084 Madrid sección 04084;Total;Todas las edades;2025;791
28 Madrid;28079 Madrid;2807904085 Madrid sección 04085;Total;Todas las edades;2025;2.336
28 Madrid;28079 Madrid;2807904086 Madrid sección 04086;Total;Todas las edades;2025;1.566
28 Madrid;28079 Madrid;2807904087 Madrid sección 04087;Total;Todas las edades;2025;2.597
28 Madrid;28079 Madrid;2807904088 Madrid sección 04088;Total;Todas las edades;2025;2.123
28 Madrid;28079 Madrid;2807904089 Madrid sección 04089;Total;Todas las edades;2025;802
28 Madrid;28079 Madrid;2807904090 Madrid sección 04090;Total;Todas las edades;2025;1.264
28 Madrid;28079 Madrid;2807904091 Madrid sección 04091;Total;Todas las edades;2025;1.544
28 Madrid;28079 Madrid;2807904092 Madrid sección 04092;Total;Todas las edades;2025;1.008
28 Madrid;28079 Madrid;2807904093 Madrid sección 04093;Total;Todas las edades;2025;1.282
28 Madrid;28079 Madrid;2807904094 Madrid sección 04094;Total;Todas las edades;2025;1.449
28 Madrid;28079 Madrid;2807904095 Madrid sección 04095;Total;Todas las edades;2025;""
28 Madrid;28079 Madrid;2807904096 Madrid sección 04096;Total;Todas las edades;2025;1.546
28 Madrid;28079 Madrid;2807904097 Madrid sección 04097;Total;Todas las edades;2025;1.048
28 Madrid;28079 Madrid;2807904098 Madrid sección 04098;Total;Todas las edades;2025;1.311
28 Madrid;28079 Madrid;2807904099 Madrid sección 04099;Total;Todas las edades;2025;1.154
28 Madrid;28079 Madrid;2807904100 Madrid sección 04100;Total;Todas las edades;2025;748
28 Madrid;28079 Madrid;2807904101 Madrid sección 04101;Total;Todas las edades;2025;897
28 Madrid;28079 Madrid;2807904102 Madrid sección 04102;Total;Todas las edades;2025;1.194
28 Madrid;28079 Madrid;2807904103 Madrid sección 04103;Total;Todas las edades;2025;1.259
28 Madrid;28079 Madrid;2807904104 Madrid sección 04104;Total;Todas las edades;2025;1.189
28 Madrid;28079 Madrid;2807904105 Madrid sección 04105;Total;Todas las edades;2025;1.108
28 Madrid;28079 Madrid;2807904106 Madrid sección 04106;Total;Todas las edades;2025;1.077
28 Madrid;28079 Madrid;2807904107 Madrid sección 04107;Total;Todas las edades;2025;739
28 Madrid;28079 Madrid;2807904108 Madrid sección 04108;Total;Todas las edades;2025;942
28 Madrid;28079 Madrid;2807904109 Madrid sección 04109;Total;Todas las edades;2025;1.601
28 Madrid;28079 Madrid;2807904110 Madrid sección 04110;Total;Todas las edades;2025;1.195
28 Madrid;28079 Madrid;2807904111 Madrid sección 04111;Total;Todas las edades;2025;1.716
28 Madrid;28079 Madrid;2807904112 Madrid sección 04112;Total;Todas las edades;2025;1.227
28 Madrid;28079 Madrid;2807904113 Madrid sección 04113;Total;Todas las edades;2025;1.138
28 Madrid;28079 Madrid;2807904114 Madrid sección 04114;Total;Todas las edades;2025;1.427
28 Madrid;28079 Madrid;2807904115 Madrid sección 04115;Total;Todas las edades;2025;1.783
28 Madrid;28079 Madrid;2807904116 Madrid sección 04116;Total;Todas las edades;2025;883
28 Madrid;28079 Madrid;2807904117 Madrid sección 04117;Total;Todas las edades;2025;786
28 Madrid;28079 Madrid;2807904118 Madrid sección 04118;Total;Todas las edades;2025;819
28 Madrid;28079 Madrid;2807904119 Madrid sección 04119;Total;Todas las edades;2025;1.398
28 Madrid;28079 Madrid;2807904120 Madrid sección 04120;Total;Todas las edades;2025;934
28 Madrid;28079 Madrid;2807904121 Madrid sección 04121;Total;Todas las edades;2025;1.166
28 Madrid;28079 Madrid;2807904123 Madrid sección 04123;Total;Todas las edades;2025;1.465
28 Madrid;28079 Madrid;2807904124 Madrid sección 04124;Total;Todas las edades;2025;1.108
28 Madrid;28079 Madrid;2807904126 Madrid sección 04126;Total;Todas las edades;2025;1.435
28 Madrid;28079 Madrid;2807904127 Madrid sección 04127;Total;Todas las edades;2025;1.218
28 Madrid;28079 Madrid;2807904128 Madrid sección 04128;Total;Todas las edades;2025;1.774
28 Madrid;28079 Madrid;2807904129 Madrid sección 04129;Total;Todas las edades;2025;""
28 Madrid;28079 Madrid;2807904130 Madrid sección 04130;Total;Todas las edades;2025;790
28 Madrid;28079 Madrid;2807904131 Madrid sección 04131;Total;Todas las edades;2025;1.297
28 Madrid;28079 Madrid;2807905001 Madrid sección 05001;Total;Todas las edades;2025;1.119
28 Madrid;28079 Madrid;2807905002 Madrid sección 05002;Total;Todas las edades;2025;1.623
28 Madrid;28079 Madrid;2807905003 Madrid sección 05003;Total;Todas las edades;2025;2.025
28 Madrid;28079 Madrid;2807905004 Madrid sección 05004;Total;Todas las edades;2025;1.430
28 Madrid;28079 Madrid;2807905005 Madrid sección 05005;Total;Todas las edades;2025;1.433
28 Madrid;28079 Madrid;2807905006 Madrid sección 05006;Total;Todas las edades;2025;1.331
28 Madrid;28079 Madrid;2807905007 Madrid sección 05007;Total;Todas las edades;2025;1.836
28 Madrid;28079 Madrid;2807905008 Madrid sección 05008;Total;Todas las edades;2025;1.556
28 Madrid;28079 Madrid;2807905009 Madrid sección 05009;Total;Todas las edades;2025;1.190
28 Madrid;28079 Madrid;2807905010 Madrid sección 05010;Total;Todas las edades;2025;927
28 Madrid;28079 Madrid;2807905011 Madrid sección 05011;Total;Todas las edades;2025;836
28 Madrid;28079 Madrid;2807905012 Madrid sección 05012;Total;Todas las edades;2025;1.093
28 Madrid;28079 Madrid;2807905013 Madrid sección 05013;Total;Todas las edades;2025;823
28 Madrid;28079 Madrid;2807905014 Madrid sección 05014;Total;Todas las edades;2025;1.046
28 Madrid;28079 Madrid;2807905015 Madrid sección 05015;Total;Todas las edades;2025;1.129
28 Madrid;28079 Madrid;2807905016 Madrid sección 05016;Total;Todas las edades;2025;831
28 Madrid;28079 Madrid;2807905017 Madrid sección 05017;Total;Todas las edades;2025;1.327
28 Madrid;28079 Madrid;2807905018 Madrid sección 05018;Total;Todas las edades;2025;1.322
28 Madrid;28079 Madrid;2807905019 Madrid sección 05019;Total;Todas las edades;2025;917
28 Madrid;28079 Madrid;2807905020 Madrid sección 05020;Total;Todas las edades;2025;1.237
28 Madrid;28079 Madrid;2807905021 Madrid sección 05021;Total;Todas las edades;2025;728
28 Madrid;28079 Madrid;2807905022 Madrid sección 05022;Total;Todas las edades;2025;1.446
28 Madrid;28079 Madrid;2807905023 Madrid sección 05023;Total;Todas las edades;2025;1.414
28 Madrid;28079 Madrid;2807905024 Madrid sección 05024;Total;Todas las edades;2025;851
28 Madrid;28079 Madrid;2807905025 Madrid sección 05025;Total;Todas las edades;2025;1.114
28 Madrid;28079 Madrid;2807905026 Madrid sección 05026;Total;Todas las edades;2025;1.747
28 Madrid;28079 Madrid;2807905027 Madrid sección 05027;Total;Todas las edades;2025;1.704
28 Madrid;28079 Madrid;2807905028 Madrid sección 05028;Total;Todas las edades;2025;1.923
28 Madrid;28079 Madrid;2807905029 Madrid sección 05029;Total;Todas las edades;2025;1.780
28 Madrid;28079 Madrid;2807905030 Madrid sección 05030;Total;Todas las edades;2025;1.261
28 Madrid;28079 Madrid;2807905031 Madrid sección 05031;Total;Todas las edades;2025;1.026
28 Madrid;28079 Madrid;2807905032 Madrid sección 05032;Total;Todas las edades;2025;1.555
28 Madrid;28079 Madrid;2807905033 Madrid sección 05033;Total;Todas las edades;2025;2.082
28 Madrid;28079 Madrid;2807905034 Madrid sección 05034;Total;Todas las edades;2025;1.936
28 Madrid;28079 Madrid;2807905035 Madrid sección 05035;Total;Todas las edades;2025;1.184
28 Madrid;28079 Madrid;2807905036 Madrid sección 05036;Total;Todas las edades;2025;1.638
28 Madrid;28079 Madrid;2807905037 Madrid sección 05037;Total;Todas las edades;2025;1.232
28 Madrid;28079 Madrid;2807905038 Madrid sección 05038;Total;Todas las edades;2025;1.892
28 Madrid;28079 Madrid;2807905039 Madrid sección 05039;Total;Todas las edades;2025;2.069
28 Madrid;28079 Madrid;2807905040 Madrid sección 05040;Total;Todas las edades;2025;721
28 Madrid;28079 Madrid;2807905041 Madrid sección 05041;Total;Todas las edades;2025;1.201
28 Madrid;28079 Madrid;2807905042 Madrid sección 05042;Total;Todas las edades;2025;1.420
28 Madrid;28079 Madrid;2807905043 Madrid sección 05043;Total;Todas las edades;2025;1.283
28 Madrid;28079 Madrid;2807905044 Madrid sección 05044;Total;Todas las edades;2025;1.746
28 Madrid;28079 Madrid;2807905045 Madrid sección 05045;Total;Todas las edades;2025;1.734
28 Madrid;28079 Madrid;2807905046 Madrid sección 05046;Total;Todas las edades;2025;1.691
28 Madrid;28079 Madrid;2807905047 Madrid sección 05047;Total;Todas las edades;2025;1.603
28 Madrid;28079 Madrid;2807905048 Madrid sección 05048;Total;Todas las edades;2025;1.057
28 Madrid;28079 Madrid;2807905049 Madrid sección 05049;Total;Todas las edades;2025;1.139
28 Madrid;28079 Madrid;2807905051 Madrid sección 05051;Total;Todas las edades;2025;1.405
28 Madrid;28079 Madrid;2807905052 Madrid sección 05052;Total;Todas las edades;2025;1.455
28 Madrid;28079 Madrid;2807905053 Madrid sección 05053;Total;Todas las edades;2025;2.156
28 Madrid;28079 Madrid;2807905054 Madrid sección 05054;Total;Todas las edades;2025;1.533
28 Madrid;28079 Madrid;2807905055 Madrid sección 05055;Total;Todas las edades;2025;1.594
28 Madrid;28079 Madrid;2807905056 Madrid sección 05056;Total;Todas las edades;2025;1.480
28 Madrid;28079 Madrid;2807905057 Madrid sección 05057;Total;Todas las edades;2025;1.155
28 Madrid;28079 Madrid;2807905058 Madrid sección 05058;Total;Todas las edades;2025;1.774
28 Madrid;28079 Madrid;2807905059 Madrid sección 05059;Total;Todas las edades;2025;743
28 Madrid;28079 Madrid;2807905060 Madrid sección 05060;Total;Todas las edades;2025;1.363
28 Madrid;28079 Madrid;2807905061 Madrid sección 05061;Total;Todas las edades;2025;2.120
28 Madrid;28079 Madrid;2807905062 Madrid sección 05062;Total;Todas las edades;2025;1.670
28 Madrid;28079 Madrid;2807905063 Madrid sección 05063;Total;Todas las edades;2025;841
28 Madrid;28079 Madrid;2807905064 Madrid sección 05064;Total;Todas las edades;2025;2.339
28 Madrid;28079 Madrid;2807905065 Madrid sección 05065;Total;Todas las edades;2025;1.196
28 Madrid;28079 Madrid;2807905066 Madrid sección 05066;Total;Todas las edades;2025;1.349
28 Madrid;28079 Madrid;2807905067 Madrid sección 05067;Total;Todas las edades;2025;2.351
28 Madrid;28079 Madrid;2807905068 Madrid sección 05068;Total;Todas las edades;2025;1.816
28 Madrid;28079 Madrid;2807905069 Madrid sección 05069;Total;Todas las edades;2025;919
28 Madrid;28079 Madrid;2807905070 Madrid sección 05070;Total;Todas las edades;2025;1.955
28 Madrid;28079 Madrid;2807905072 Madrid sección 05072;Total;Todas las edades;2025;1.711
28 Madrid;28079 Madrid;2807905073 Madrid sección 05073;Total;Todas las edades;2025;1.676
28 Madrid;28079 Madrid;2807905074 Madrid sección 05074;Total;Todas las edades;2025;1.609
28 Madrid;28079 Madrid;2807905075 Madrid sección 05075;Total;Todas las edades;2025;1.857
28 Madrid;28079 Madrid;2807905076 Madrid sección 05076;Total;Todas las edades;2025;2.472
28 Madrid;28079 Madrid;2807905077 Madrid sección 05077;Total;Todas las edades;2025;1.531
28 Madrid;28079 Madrid;2807905078 Madrid sección 05078;Total;Todas las edades;2025;927
28 Madrid;28079 Madrid;2807905079 Madrid sección 05079;Total;Todas las edades;2025;1.923
28 Madrid;28079 Madrid;2807905080 Madrid sección 05080;Total;Todas las edades;2025;913
28 Madrid;28079 Madrid;2807905081 Madrid sección 05081;Total;Todas las edades;2025;2.363
28 Madrid;28079 Madrid;2807905082 Madrid sección 05082;Total;Todas las edades;2025;2.361
28 Madrid;28079 Madrid;2807905083 Madrid sección 05083;Total;Todas las edades;2025;2.065
28 Madrid;28079 Madrid;2807905084 Madrid sección 05084;Total;Todas las edades;2025;1.682
28 Madrid;28079 Madrid;2807905085 Madrid sección 05085;Total;Todas las edades;2025;1.872
28 Madrid;28079 Madrid;2807905086 Madrid sección 05086;Total;Todas las edades;2025;1.296
28 Madrid;28079 Madrid;2807905087 Madrid sección 05087;Total;Todas las edades;2025;1.824
28 Madrid;28079 Madrid;2807905088 Madrid sección 05088;Total;Todas las edades;2025;909
28 Madrid;28079 Madrid;2807905089 Madrid sección 05089;Total;Todas las edades;2025;780
28 Madrid;28079 Madrid;2807905090 Madrid sección 05090;Total;Todas las edades;2025;981
28 Madrid;28079 Madrid;2807905091 Madrid sección 05091;Total;Todas las edades;2025;849
28 Madrid;28079 Madrid;2807905092 Madrid sección 05092;Total;Todas las edades;2025;1.508
28 Madrid;28079 Madrid;2807905094 Madrid sección 05094;Total;Todas las edades;2025;1.409
28 Madrid;28079 Madrid;2807905095 Madrid sección 05095;Total;Todas las edades;2025;1.807
28 Madrid;28079 Madrid;2807905096 Madrid sección 05096;Total;Todas las edades;2025;1.356
28 Madrid;28079 Madrid;2807905097 Madrid sección 05097;Total;Todas las edades;2025;1.637
28 Madrid;28079 Madrid;2807905098 Madrid sección 05098;Total;Todas las edades;2025;1.122
28 Madrid;28079 Madrid;2807905099 Madrid sección 05099;Total;Todas las edades;2025;1.797
28 Madrid;28079 Madrid;2807905100 Madrid sección 05100;Total;Todas las edades;2025;2.321
28 Madrid;28079 Madrid;2807905101 Madrid sección 05101;Total;Todas las edades;2025;1.262
28 Madrid;28079 Madrid;2807905102 Madrid sección 05102;Total;Todas las edades;2025;870
28 Madrid;28079 Madrid;2807905103 Madrid sección 05103;Total;Todas las edades;2025;1.239
28 Madrid;28079 Madrid;2807905104 Madrid sección 05104;Total;Todas las edades;2025;1.323
28 Madrid;28079 Madrid;2807906001 Madrid sección 06001;Total;Todas las edades;2025;1.342
28 Madrid;28079 Madrid;2807906002 Madrid sección 06002;Total;Todas las edades;2025;1.076
28 Madrid;28079 Madrid;2807906003 Madrid sección 06003;Total;Todas las edades;2025;1.613
28 Madrid;28079 Madrid;2807906004 Madrid sección 06004;Total;Todas las edades;2025;1.226
28 Madrid;28079 Madrid;2807906005 Madrid sección 06005;Total;Todas las edades;2025;1.165
28 Madrid;28079 Madrid;2807906006 Madrid sección 06006;Total;Todas las edades;2025;1.101
28 Madrid;28079 Madrid;2807906007 Madrid sección 06007;Total;Todas las edades;2025;1.115
28 Madrid;28079 Madrid;2807906008 Madrid sección 06008;Total;Todas las edades;2025;1.163
28 Madrid;28079 Madrid;2807906009 Madrid sección 06009;Total;Todas las edades;2025;1.144
28 Madrid;28079 Madrid;2807906010 Madrid sección 06010;Total;Todas las edades;2025;1.650
28 Madrid;28079 Madrid;2807906011 Madrid sección 06011;Total;Todas las edades;2025;1.382
28 Madrid;28079 Madrid;2807906012 Madrid sección 06012;Total;Todas las edades;2025;1.014
28 Madrid;28079 Madrid;2807906013 Madrid sección 06013;Total;Todas las edades;2025;1.079
28 Madrid;28079 Madrid;2807906014 Madrid sección 06014;Total;Todas las edades;2025;1.200
28 Madrid;28079 Madrid;2807906015 Madrid sección 06015;Total;Todas las edades;2025;1.272
28 Madrid;28079 Madrid;2807906016 Madrid sección 06016;Total;Todas las edades;2025;1.898
28 Madrid;28079 Madrid;2807906017 Madrid sección 06017;Total;Todas las edades;2025;1.222
28 Madrid;28079 Madrid;2807906018 Madrid sección 06018;Total;Todas las edades;2025;1.498
28 Madrid;28079 Madrid;2807906019 Madrid sección 06019;Total;Todas las edades;2025;2.409
28 Madrid;28079 Madrid;2807906021 Madrid sección 06021;Total;Todas las edades;2025;2.179
28 Madrid;28079 Madrid;2807906023 Madrid sección 06023;Total;Todas las edades;2025;1.213
28 Madrid;28079 Madrid;2807906024 Madrid sección 06024;Total;Todas las edades;2025;724
28 Madrid;28079 Madrid;2807906025 Madrid sección 06025;Total;Todas las edades;2025;1.109
28 Madrid;28079 Madrid;2807906026 Madrid sección 06026;Total;Todas las edades;2025;1.023
28 Madrid;28079 Madrid;2807906027 Madrid sección 06027;Total;Todas las edades;2025;1.309
28 Madrid;28079 Madrid;2807906028 Madrid sección 06028;Total;Todas las edades;2025;1.481
28 Madrid;28079 Madrid;2807906029 Madrid sección 06029;Total;Todas las edades;2025;1.666
28 Madrid;28079 Madrid;2807906031 Madrid sección 06031;Total;Todas las edades;2025;1.110
28 Madrid;28079 Madrid;2807906032 Madrid sección 06032;Total;Todas las edades;2025;1.096
28 Madrid;28079 Madrid;2807906033 Madrid sección 06033;Total;Todas las edades;2025;1.650
28 Madrid;28079 Madrid;2807906034 Madrid sección 06034;Total;Todas las edades;2025;869
28 Madrid;28079 Madrid;2807906035 Madrid sección 06035;Total;Todas las edades;2025;1.640
28 Madrid;28079 Madrid;2807906036 Madrid sección 06036;Total;Todas las edades;2025;1.089
28 Madrid;28079 Madrid;2807906037 Madrid sección 06037;Total;Todas las edades;2025;1.178
28 Madrid;28079 Madrid;2807906038 Madrid sección 06038;Total;Todas las edades;2025;859
28 Madrid;28079 Madrid;2807906039 Madrid sección 06039;Total;Todas las edades;2025;887
28 Madrid;28079 Madrid;2807906040 Madrid sección 06040;Total;Todas las edades;2025;1.152
28 Madrid;28079 Madrid;2807906041 Madrid sección 06041;Total;Todas las edades;2025;1.859
28 Madrid;28079 Madrid;2807906042 Madrid sección 06042;Total;Todas las edades;2025;2.043
28 Madrid;28079 Madrid;2807906043 Madrid sección 06043;Total;Todas las edades;2025;1.521
28 Madrid;28079 Madrid;2807906044 Madrid sección 06044;Total;Todas las edades;2025;1.060
28 Madrid;28079 Madrid;2807906045 Madrid sección 06045;Total;Todas las edades;2025;1.148
28 Madrid;28079 Madrid;2807906046 Madrid sección 06046;Total;Todas las edades;2025;1.619
28 Madrid;28079 Madrid;2807906048 Madrid sección 06048;Total;Todas las edades;2025;985
28 Madrid;28079 Madrid;2807906049 Madrid sección 06049;Total;Todas las edades;2025;793
28 Madrid;28079 Madrid;2807906050 Madrid sección 06050;Total;Todas las edades;2025;617
28 Madrid;28079 Madrid;2807906051 Madrid sección 06051;Total;Todas las edades;2025;1.196
28 Madrid;28079 Madrid;2807906052 Madrid sección 06052;Total;Todas las edades;2025;1.017
28 Madrid;28079 Madrid;2807906053 Madrid sección 06053;Total;Todas las edades;2025;1.367
28 Madrid;28079 Madrid;2807906054 Madrid sección 06054;Total;Todas las edades;2025;1.589
28 Madrid;28079 Madrid;2807906056 Madrid sección 06056;Total;Todas las edades;2025;2.466
28 Madrid;28079 Madrid;2807906057 Madrid sección 06057;Total;Todas las edades;2025;1.489
28 Madrid;28079 Madrid;2807906058 Madrid sección 06058;Total;Todas las edades;2025;1.176
28 Madrid;28079 Madrid;2807906059 Madrid sección 06059;Total;Todas las edades;2025;1.222
28 Madrid;28079 Madrid;2807906060 Madrid sección 06060;Total;Todas las edades;2025;949
28 Madrid;28079 Madrid;2807906061 Madrid sección 06061;Total;Todas las edades;2025;892
28 Madrid;28079 Madrid;2807906062 Madrid sección 06062;Total;Todas las edades;2025;2.144
28 Madrid;28079 Madrid;2807906063 Madrid sección 06063;Total;Todas las edades;2025;1.261
28 Madrid;28079 Madrid;2807906064 Madrid sección 06064;Total;Todas las edades;2025;719
28 Madrid;28079 Madrid;2807906065 Madrid sección 06065;Total;Todas las edades;2025;906
28 Madrid;28079 Madrid;2807906066 Madrid sección 06066;Total;Todas las edades;2025;1.381
28 Madrid;28079 Madrid;2807906067 Madrid sección 06067;Total;Todas las edades;2025;1.237
28 Madrid;28079 Madrid;2807906068 Madrid sección 06068;Total;Todas las edades;2025;1.254
28 Madrid;28079 Madrid;2807906069 Madrid sección 06069;Total;Todas las edades;2025;1.639
28 Madrid;28079 Madrid;2807906070 Madrid sección 06070;Total;Todas las edades;2025;1.466
28 Madrid;28079 Madrid;2807906071 Madrid sección 06071;Total;Todas las edades;2025;1.035
28 Madrid;28079 Madrid;2807906072 Madrid sección 06072;Total;Todas las edades;2025;2.288
28 Madrid;28079 Madrid;2807906073 Madrid sección 06073;Total;Todas las edades;2025;1.757
28 Madrid;28079 Madrid;2807906074 Madrid sección 06074;Total;Todas las edades;2025;903
28 Madrid;28079 Madrid;2807906075 Madrid sección 06075;Total;Todas las edades;2025;1.100
28 Madrid;28079 Madrid;2807906076 Madrid sección 06076;Total;Todas las edades;2025;911
28 Madrid;28079 Madrid;2807906077 Madrid sección 06077;Total;Todas las edades;2025;1.110
28 Madrid;28079 Madrid;2807906078 Madrid sección 06078;Total;Todas las edades;2025;1.047
28 Madrid;28079 Madrid;2807906079 Madrid sección 06079;Total;Todas las edades;2025;1.048
28 Madrid;28079 Madrid;2807906080 Madrid sección 06080;Total;Todas las edades;2025;1.250
28 Madrid;28079 Madrid;2807906081 Madrid sección 06081;Total;Todas las edades;2025;2.746
28 Madrid;28079 Madrid;2807906084 Madrid sección 06084;Total;Todas las edades;2025;2.222
28 Madrid;28079 Madrid;2807906085 Madrid sección 06085;Total;Todas las edades;2025;1.731
28 Madrid;28079 Madrid;2807906089 Madrid sección 06089;Total;Todas las edades;2025;1.146
28 Madrid;28079 Madrid;2807906090 Madrid sección 06090;Total;Todas las edades;2025;2.336
28 Madrid;28079 Madrid;2807906091 Madrid sección 06091;Total;Todas las edades;2025;1.619
28 Madrid;28079 Madrid;2807906092 Madrid sección 06092;Total;Todas las edades;2025;1.215
28 Madrid;28079 Madrid;2807906093 Madrid sección 06093;Total;Todas las edades;2025;1.396
28 Madrid;28079 Madrid;2807906094 Madrid sección 06094;Total;Todas las edades;2025;2.154
28 Madrid;28079 Madrid;2807906095 Madrid sección 06095;Total;Todas las edades;2025;1.196
28 Madrid;28079 Madrid;2807906096 Madrid sección 06096;Total;Todas las edades;2025;1.290
28 Madrid;28079 Madrid;2807906097 Madrid sección 06097;Total;Todas las edades;2025;1.486
28 Madrid;28079 Madrid;2807906098 Madrid sección 06098;Total;Todas las edades;2025;""
28 Madrid;28079 Madrid;2807906099 Madrid sección 06099;Total;Todas las edades;2025;2.126
28 Madrid;28079 Madrid;2807906101 Madrid sección 06101;Total;Todas las edades;2025;2.125
28 Madrid;28079 Madrid;2807906102 Madrid sección 06102;Total;Todas las edades;2025;1.861
28 Madrid;28079 Madrid;2807906103 Madrid sección 06103;Total;Todas las edades;2025;1.626
28 Madrid;28079 Madrid;2807906104 Madrid sección 06104;Total;Todas las edades;2025;1.350
28 Madrid;28079 Madrid;2807906105 Madrid sección 06105;Total;Todas las edades;2025;2.065
28 Madrid;28079 Madrid;2807906106 Madrid sección 06106;Total;Todas las edades;2025;1.286
28 Madrid;28079 Madrid;2807906107 Madrid sección 06107;Total;Todas las edades;2025;1.519
28 Madrid;28079 Madrid;2807906108 Madrid sección 06108;Total;Todas las edades;2025;1.513
28 Madrid;28079 Madrid;2807906109 Madrid sección 06109;Total;Todas las edades;2025;2.299
28 Madrid;28079 Madrid;2807906110 Madrid sección 06110;Total;Todas las edades;2025;1.431
28 Madrid;28079 Madrid;2807906111 Madrid sección 06111;Total;Todas las edades;2025;2.188
28 Madrid;28079 Madrid;2807906112 Madrid sección 06112;Total;Todas las edades;2025;1.113
28 Madrid;28079 Madrid;2807906113 Madrid sección 06113;Total;Todas las edades;2025;1.100
28 Madrid;28079 Madrid;2807906114 Madrid sección 06114;Total;Todas las edades;2025;2.172
28 Madrid;28079 Madrid;2807906115 Madrid sección 06115;Total;Todas las edades;2025;1.244
28 Madrid;28079 Madrid;2807906116 Madrid sección 06116;Total;Todas las edades;2025;2.280
28 Madrid;28079 Madrid;2807906117 Madrid sección 06117;Total;Todas las edades;2025;2.164
28 Madrid;28079 Madrid;2807906118 Madrid sección 06118;Total;Todas las edades;2025;998
28 Madrid;28079 Madrid;2807906119 Madrid sección 06119;Total;Todas las edades;2025;1.031
28 Madrid;28079 Madrid;2807906120 Madrid sección 06120;Total;Todas las edades;2025;1.580
28 Madrid;28079 Madrid;2807906121 Madrid sección 06121;Total;Todas las edades;2025;1.295
28 Madrid;28079 Madrid;2807906122 Madrid sección 06122;Total;Todas las edades;2025;1.811
28 Madrid;28079 Madrid;2807906123 Madrid sección 06123;Total;Todas las edades;2025;1.467
28 Madrid;28079 Madrid;2807906124 Madrid sección 06124;Total;Todas las edades;2025;1.177
28 Madrid;28079 Madrid;2807906125 Madrid sección 06125;Total;Todas las edades;2025;1.572
28 Madrid;28079 Madrid;2807906126 Madrid sección 06126;Total;Todas las edades;2025;1.456
28 Madrid;28079 Madrid;2807906127 Madrid sección 06127;Total;Todas las edades;2025;1.441
28 Madrid;28079 Madrid;2807906128 Madrid sección 06128;Total;Todas las edades;2025;1.412
28 Madrid;28079 Madrid;2807906129 Madrid sección 06129;Total;Todas las edades;2025;2.106
28 Madrid;28079 Madrid;2807907001 Madrid sección 07001;Total;Todas las edades;2025;1.191
28 Madrid;28079 Madrid;2807907002 Madrid sección 07002;Total;Todas las edades;2025;841
28 Madrid;28079 Madrid;2807907003 Madrid sección 07003;Total;Todas las edades;2025;1.213
28 Madrid;28079 Madrid;2807907004 Madrid sección 07004;Total;Todas las edades;2025;1.701
28 Madrid;28079 Madrid;2807907005 Madrid sección 07005;Total;Todas las edades;2025;""
28 Madrid;28079 Madrid;2807907006 Madrid sección 07006;Total;Todas las edades;2025;1.512
28 Madrid;28079 Madrid;2807907007 Madrid sección 07007;Total;Todas las edades;2025;862
28 Madrid;28079 Madrid;2807907008 Madrid sección 07008;Total;Todas las edades;2025;1.292
28 Madrid;28079 Madrid;2807907009 Madrid sección 07009;Total;Todas las edades;2025;909
28 Madrid;28079 Madrid;2807907010 Madrid sección 07010;Total;Todas las edades;2025;1.074
28 Madrid;28079 Madrid;2807907011 Madrid sección 07011;Total;Todas las edades;2025;1.185
28 Madrid;28079 Madrid;2807907012 Madrid sección 07012;Total;Todas las edades;2025;1.445
28 Madrid;28079 Madrid;2807907013 Madrid sección 07013;Total;Todas las edades;2025;855
28 Madrid;28079 Madrid;2807907014 Madrid sección 07014;Total;Todas las edades;2025;1.113
28 Madrid;28079 Madrid;2807907016 Madrid sección 07016;Total;Todas las edades;2025;1.621
28 Madrid;28079 Madrid;2807907017 Madrid sección 07017;Total;Todas las edades;2025;957
28 Madrid;28079 Madrid;2807907018 Madrid sección 07018;Total;Todas las edades;2025;1.543
28 Madrid;28079 Madrid;2807907019 Madrid sección 07019;Total;Todas las edades;2025;1.183
28 Madrid;28079 Madrid;2807907021 Madrid sección 07021;Total;Todas las edades;2025;1.951
28 Madrid;28079 Madrid;2807907023 Madrid sección 07023;Total;Todas las edades;2025;1.014
28 Madrid;28079 Madrid;2807907024 Madrid sección 07024;Total;Todas las edades;2025;709
28 Madrid;28079 Madrid;2807907025 Madrid sección 07025;Total;Todas las edades;2025;1.127
28 Madrid;28079 Madrid;2807907026 Madrid sección 07026;Total;Todas las edades;2025;1.781
28 Madrid;28079 Madrid;2807907028 Madrid sección 07028;Total;Todas las edades;2025;1.179
28 Madrid;28079 Madrid;2807907030 Madrid sección 07030;Total;Todas las edades;2025;1.164
28 Madrid;28079 Madrid;2807907031 Madrid sección 07031;Total;Todas las edades;2025;801
28 Madrid;28079 Madrid;2807907032 Madrid sección 07032;Total;Todas las edades;2025;1.199
28 Madrid;28079 Madrid;2807907034 Madrid sección 07034;Total;Todas las edades;2025;1.472
28 Madrid;28079 Madrid;2807907035 Madrid sección 07035;Total;Todas las edades;2025;748
28 Madrid;28079 Madrid;2807907036 Madrid sección 07036;Total;Todas las edades;2025;1.589
28 Madrid;28079 Madrid;2807907038 Madrid sección 07038;Total;Todas las edades;2025;1.030
28 Madrid;28079 Madrid;2807907039 Madrid sección 07039;Total;Todas las edades;2025;989
28 Madrid;28079 Madrid;2807907040 Madrid sección 07040;Total;Todas las edades;2025;1.099
28 Madrid;28079 Madrid;2807907041 Madrid sección 07041;Total;Todas las edades;2025;1.495
28 Madrid;28079 Madrid;2807907042 Madrid sección 07042;Total;Todas las edades;2025;928
28 Madrid;28079 Madrid;2807907043 Madrid sección 07043;Total;Todas las edades;2025;1.110
28 Madrid;28079 Madrid;2807907044 Madrid sección 07044;Total;Todas las edades;2025;946
28 Madrid;28079 Madrid;2807907045 Madrid sección 07045;Total;Todas las edades;2025;1.031
28 Madrid;28079 Madrid;2807907046 Madrid sección 07046;Total;Todas las edades;2025;750
28 Madrid;28079 Madrid;2807907047 Madrid sección 07047;Total;Todas las edades;2025;1.120
28 Madrid;28079 Madrid;2807907048 Madrid sección 07048;Total;Todas las edades;2025;1.836
28 Madrid;28079 Madrid;2807907049 Madrid sección 07049;Total;Todas las edades;2025;809
28 Madrid;28079 Madrid;2807907050 Madrid sección 07050;Total;Todas las edades;2025;868
28 Madrid;28079 Madrid;2807907051 Madrid sección 07051;Total;Todas las edades;2025;812
28 Madrid;28079 Madrid;2807907052 Madrid sección 07052;Total;Todas las edades;2025;725
28 Madrid;28079 Madrid;2807907053 Madrid sección 07053;Total;Todas las edades;2025;1.466
28 Madrid;28079 Madrid;2807907055 Madrid sección 07055;Total;Todas las edades;2025;715
28 Madrid;28079 Madrid;2807907056 Madrid sección 07056;Total;Todas las edades;2025;740
28 Madrid;28079 Madrid;2807907057 Madrid sección 07057;Total;Todas las edades;2025;1.499
28 Madrid;28079 Madrid;2807907058 Madrid sección 07058;Total;Todas las edades;2025;1.156
28 Madrid;28079 Madrid;2807907059 Madrid sección 07059;Total;Todas las edades;2025;781
28 Madrid;28079 Madrid;2807907060 Madrid sección 07060;Total;Todas las edades;2025;875
28 Madrid;28079 Madrid;2807907061 Madrid sección 07061;Total;Todas las edades;2025;1.245
28 Madrid;28079 Madrid;2807907062 Madrid sección 07062;Total;Todas las edades;2025;1.068
28 Madrid;28079 Madrid;2807907063 Madrid sección 07063;Total;Todas las edades;2025;1.232
28 Madrid;28079 Madrid;2807907064 Madrid sección 07064;Total;Todas las edades;2025;1.104
28 Madrid;28079 Madrid;2807907065 Madrid sección 07065;Total;Todas las edades;2025;1.395
28 Madrid;28079 Madrid;2807907066 Madrid sección 07066;Total;Todas las edades;2025;1.056
28 Madrid;28079 Madrid;2807907067 Madrid sección 07067;Total;Todas las edades;2025;1.100
28 Madrid;28079 Madrid;2807907068 Madrid sección 07068;Total;Todas las edades;2025;1.082
28 Madrid;28079 Madrid;2807907069 Madrid sección 07069;Total;Todas las edades;2025;944
28 Madrid;28079 Madrid;2807907070 Madrid sección 07070;Total;Todas las edades;2025;1.305
28 Madrid;28079 Madrid;2807907071 Madrid sección 07071;Total;Todas las edades;2025;1.056
28 Madrid;28079 Madrid;2807907072 Madrid sección 07072;Total;Todas las edades;2025;1.459
28 Madrid;28079 Madrid;2807907073 Madrid sección 07073;Total;Todas las edades;2025;1.376
28 Madrid;28079 Madrid;2807907075 Madrid sección 07075;Total;Todas las edades;2025;1.040
28 Madrid;28079 Madrid;2807907076 Madrid sección 07076;Total;Todas las edades;2025;865
28 Madrid;28079 Madrid;2807907078 Madrid sección 07078;Total;Todas las edades;2025;1.023
28 Madrid;28079 Madrid;2807907079 Madrid sección 07079;Total;Todas las edades;2025;911
28 Madrid;28079 Madrid;2807907080 Madrid sección 07080;Total;Todas las edades;2025;1.180
28 Madrid;28079 Madrid;2807907081 Madrid sección 07081;Total;Todas las edades;2025;1.416
28 Madrid;28079 Madrid;2807907082 Madrid sección 07082;Total;Todas las edades;2025;1.133
28 Madrid;28079 Madrid;2807907083 Madrid sección 07083;Total;Todas las edades;2025;699
28 Madrid;28079 Madrid;2807907084 Madrid sección 07084;Total;Todas las edades;2025;1.073
28 Madrid;28079 Madrid;2807907085 Madrid sección 07085;Total;Todas las edades;2025;1.538
28 Madrid;28079 Madrid;2807907086 Madrid sección 07086;Total;Todas las edades;2025;859
28 Madrid;28079 Madrid;2807907087 Madrid sección 07087;Total;Todas las edades;2025;959
28 Madrid;28079 Madrid;2807907088 Madrid sección 07088;Total;Todas las edades;2025;1.093
28 Madrid;28079 Madrid;2807907089 Madrid sección 07089;Total;Todas las edades;2025;1.322
28 Madrid;28079 Madrid;2807907090 Madrid sección 07090;Total;Todas las edades;2025;994
28 Madrid;28079 Madrid;2807907091 Madrid sección 07091;Total;Todas las edades;2025;984
28 Madrid;28079 Madrid;2807907092 Madrid sección 07092;Total;Todas las edades;2025;1.260
28 Madrid;28079 Madrid;2807907093 Madrid sección 07093;Total;Todas las edades;2025;1.294
28 Madrid;28079 Madrid;2807907094 Madrid sección 07094;Total;Todas las edades;2025;1.673
28 Madrid;28079 Madrid;2807907095 Madrid sección 07095;Total;Todas las edades;2025;1.403
28 Madrid;28079 Madrid;2807907096 Madrid sección 07096;Total;Todas las edades;2025;1.215
28 Madrid;28079 Madrid;2807907097 Madrid sección 07097;Total;Todas las edades;2025;892
28 Madrid;28079 Madrid;2807907098 Madrid sección 07098;Total;Todas las edades;2025;949
28 Madrid;28079 Madrid;2807907099 Madrid sección 07099;Total;Todas las edades;2025;905
28 Madrid;28079 Madrid;2807907100 Madrid sección 07100;Total;Todas las edades;2025;844
28 Madrid;28079 Madrid;2807907101 Madrid sección 07101;Total;Todas las edades;2025;1.253
28 Madrid;28079 Madrid;2807907102 Madrid sección 07102;Total;Todas las edades;2025;1.412
28 Madrid;28079 Madrid;2807907103 Madrid sección 07103;Total;Todas las edades;2025;1.487
28 Madrid;28079 Madrid;2807907105 Madrid sección 07105;Total;Todas las edades;2025;1.161
28 Madrid;28079 Madrid;2807907106 Madrid sección 07106;Total;Todas las edades;2025;1.253
28 Madrid;28079 Madrid;2807907107 Madrid sección 07107;Total;Todas las edades;2025;1.006
28 Madrid;28079 Madrid;2807907108 Madrid sección 07108;Total;Todas las edades;2025;1.033
28 Madrid;28079 Madrid;2807907109 Madrid sección 07109;Total;Todas las edades;2025;1.291
28 Madrid;28079 Madrid;2807907110 Madrid sección 07110;Total;Todas las edades;2025;1.009
28 Madrid;28079 Madrid;2807907111 Madrid sección 07111;Total;Todas las edades;2025;1.253
28 Madrid;28079 Madrid;2807907113 Madrid sección 07113;Total;Todas las edades;2025;2.113
28 Madrid;28079 Madrid;2807907114 Madrid sección 07114;Total;Todas las edades;2025;1.763
28 Madrid;28079 Madrid;2807907115 Madrid sección 07115;Total;Todas las edades;2025;1.415
28 Madrid;28079 Madrid;2807907116 Madrid sección 07116;Total;Todas las edades;2025;1.211
28 Madrid;28079 Madrid;2807907117 Madrid sección 07117;Total;Todas las edades;2025;1.344
28 Madrid;28079 Madrid;2807907118 Madrid sección 07118;Total;Todas las edades;2025;1.522
28 Madrid;28079 Madrid;2807907119 Madrid sección 07119;Total;Todas las edades;2025;1.352
28 Madrid;28079 Madrid;2807907120 Madrid sección 07120;Total;Todas las edades;2025;1.589
28 Madrid;28079 Madrid;2807907121 Madrid sección 07121;Total;Todas las edades;2025;1.783
28 Madrid;28079 Madrid;2807907122 Madrid sección 07122;Total;Todas las edades;2025;1.152
28 Madrid;28079 Madrid;2807907123 Madrid sección 07123;Total;Todas las edades;2025;1.107
28 Madrid;28079 Madrid;2807907124 Madrid sección 07124;Total;Todas las edades;2025;739
28 Madrid;28079 Madrid;2807907125 Madrid sección 07125;Total;Todas las edades;2025;1.033
28 Madrid;28079 Madrid;2807907126 Madrid sección 07126;Total;Todas las edades;2025;1.021
28 Madrid;28079 Madrid;2807907127 Madrid sección 07127;Total;Todas las edades;2025;1.470
28 Madrid;28079 Madrid;2807907128 Madrid sección 07128;Total;Todas las edades;2025;797
28 Madrid;28079 Madrid;2807907129 Madrid sección 07129;Total;Todas las edades;2025;892
28 Madrid;28079 Madrid;2807907130 Madrid sección 07130;Total;Todas las edades;2025;1.256
28 Madrid;28079 Madrid;2807907131 Madrid sección 07131;Total;Todas las edades;2025;1.260
28 Madrid;28079 Madrid;2807907132 Madrid sección 07132;Total;Todas las edades;2025;1.081
28 Madrid;28079 Madrid;2807907133 Madrid sección 07133;Total;Todas las edades;2025;1.095
28 Madrid;28079 Madrid;2807907134 Madrid sección 07134;Total;Todas las edades;2025;""
28 Madrid;28079 Madrid;2807907135 Madrid sección 07135;Total;Todas las edades;2025;1.095
28 Madrid;28079 Madrid;2807908001 Madrid sección 08001;Total;Todas las edades;2025;875
28 Madrid;28079 Madrid;2807908002 Madrid sección 08002;Total;Todas las edades;2025;773
28 Madrid;28079 Madrid;2807908003 Madrid sección 08003;Total;Todas las edades;2025;1.143
28 Madrid;28079 Madrid;2807908004 Madrid sección 08004;Total;Todas las edades;2025;655
28 Madrid;28079 Madrid;2807908005 Madrid sección 08005;Total;Todas las edades;2025;1.083
28 Madrid;28079 Madrid;2807908006 Madrid sección 08006;Total;Todas las edades;2025;1.067
28 Madrid;28079 Madrid;2807908007 Madrid sección 08007;Total;Todas las edades;2025;1.263
28 Madrid;28079 Madrid;2807908008 Madrid sección 08008;Total;Todas las edades;2025;1.823
28 Madrid;28079 Madrid;2807908009 Madrid sección 08009;Total;Todas las edades;2025;1.748
28 Madrid;28079 Madrid;2807908010 Madrid sección 08010;Total;Todas las edades;2025;865
28 Madrid;28079 Madrid;2807908011 Madrid sección 08011;Total;Todas las edades;2025;755
28 Madrid;28079 Madrid;2807908012 Madrid sección 08012;Total;Todas las edades;2025;1.466
28 Madrid;28079 Madrid;2807908013 Madrid sección 08013;Total;Todas las edades;2025;1.110
28 Madrid;28079 Madrid;2807908014 Madrid sección 08014;Total;Todas las edades;2025;713
28 Madrid;28079 Madrid;2807908015 Madrid sección 08015;Total;Todas las edades;2025;950
28 Madrid;28079 Madrid;2807908016 Madrid sección 08016;Total;Todas las edades;2025;1.068
28 Madrid;28079 Madrid;2807908017 Madrid sección 08017;Total;Todas las edades;2025;1.813
28 Madrid;28079 Madrid;2807908018 Madrid sección 08018;Total;Todas las edades;2025;861
28 Madrid;28079 Madrid;2807908019 Madrid sección 08019;Total;Todas las edades;2025;912
28 Madrid;28079 Madrid;2807908020 Madrid sección 08020;Total;Todas las edades;2025;844
28 Madrid;28079 Madrid;2807908021 Madrid sección 08021;Total;Todas las edades;2025;1.058
28 Madrid;28079 Madrid;2807908022 Madrid sección 08022;Total;Todas las edades;2025;941
28 Madrid;28079 Madrid;2807908023 Madrid sección 08023;Total;Todas las edades;2025;916
28 Madrid;28079 Madrid;2807908024 Madrid sección 08024;Total;Todas las edades;2025;1.846
28 Madrid;28079 Madrid;2807908025 Madrid sección 08025;Total;Todas las edades;2025;842
28 Madrid;28079 Madrid;2807908026 Madrid sección 08026;Total;Todas las edades;2025;1.315
28 Madrid;28079 Madrid;2807908027 Madrid sección 08027;Total;Todas las edades;2025;1.293
28 Madrid;28079 Madrid;2807908028 Madrid sección 08028;Total;Todas las edades;2025;1.120
28 Madrid;28079 Madrid;2807908029 Madrid sección 08029;Total;Todas las edades;2025;1.524
28 Madrid;28079 Madrid;2807908030 Madrid sección 08030;Total;Todas las edades;2025;1.492
28 Madrid;28079 Madrid;2807908031 Madrid sección 08031;Total;Todas las edades;2025;1.481
28 Madrid;28079 Madrid;2807908032 Madrid sección 08032;Total;Todas las edades;2025;714
28 Madrid;28079 Madrid;2807908033 Madrid sección 08033;Total;Todas las edades;2025;1.149
28 Madrid;28079 Madrid;2807908034 Madrid sección 08034;Total;Todas las edades;2025;1.619
28 Madrid;28079 Madrid;2807908035 Madrid sección 08035;Total;Todas las edades;2025;1.337
28 Madrid;28079 Madrid;2807908036 Madrid sección 08036;Total;Todas las edades;2025;1.542
28 Madrid;28079 Madrid;2807908037 Madrid sección 08037;Total;Todas las edades;2025;797
28 Madrid;28079 Madrid;2807908038 Madrid sección 08038;Total;Todas las edades;2025;816
28 Madrid;28079 Madrid;2807908039 Madrid sección 08039;Total;Todas las edades;2025;1.025
28 Madrid;28079 Madrid;2807908040 Madrid sección 08040;Total;Todas las edades;2025;992
28 Madrid;28079 Madrid;2807908041 Madrid sección 08041;Total;Todas las edades;2025;747
28 Madrid;28079 Madrid;2807908042 Madrid sección 08042;Total;Todas las edades;2025;1.391
28 Madrid;28079 Madrid;2807908043 Madrid sección 08043;Total;Todas las edades;2025;1.268
28 Madrid;28079 Madrid;2807908044 Madrid sección 08044;Total;Todas las edades;2025;1.479
28 Madrid;28079 Madrid;2807908045 Madrid sección 08045;Total;Todas las edades;2025;946
28 Madrid;28079 Madrid;2807908046 Madrid sección 08046;Total;Todas las edades;2025;1.183
28 Madrid;28079 Madrid;2807908047 Madrid sección 08047;Total;Todas las edades;2025;1.413
28 Madrid;28079 Madrid;2807908048 Madrid sección 08048;Total;Todas las edades;2025;1.120
28 Madrid;28079 Madrid;2807908049 Madrid sección 08049;Total;Todas las edades;2025;2.261
28 Madrid;28079 Madrid;2807908050 Madrid sección 08050;Total;Todas las edades;2025;1.721
28 Madrid;28079 Madrid;2807908051 Madrid sección 08051;Total;Todas las edades;2025;1.228
28 Madrid;28079 Madrid;2807908052 Madrid sección 08052;Total;Todas las edades;2025;2.459
28 Madrid;28079 Madrid;2807908053 Madrid sección 08053;Total;Todas las edades;2025;1.259
28 Madrid;28079 Madrid;2807908054 Madrid sección 08054;Total;Todas las edades;2025;1.068
28 Madrid;28079 Madrid;2807908055 Madrid sección 08055;Total;Todas las edades;2025;1.451
28 Madrid;28079 Madrid;2807908056 Madrid sección 08056;Total;Todas las edades;2025;1.166
28 Madrid;28079 Madrid;2807908057 Madrid sección 08057;Total;Todas las edades;2025;1.063
28 Madrid;28079 Madrid;2807908058 Madrid sección 08058;Total;Todas las edades;2025;845
28 Madrid;28079 Madrid;2807908059 Madrid sección 08059;Total;Todas las edades;2025;797
28 Madrid;28079 Madrid;2807908060 Madrid sección 08060;Total;Todas las edades;2025;1.216
28 Madrid;28079 Madrid;2807908061 Madrid sección 08061;Total;Todas las edades;2025;983
28 Madrid;28079 Madrid;2807908062 Madrid sección 08062;Total;Todas las edades;2025;724
28 Madrid;28079 Madrid;2807908063 Madrid sección 08063;Total;Todas las edades;2025;863
28 Madrid;28079 Madrid;2807908064 Madrid sección 08064;Total;Todas las edades;2025;1.275
28 Madrid;28079 Madrid;2807908065 Madrid sección 08065;Total;Todas las edades;2025;1.040
28 Madrid;28079 Madrid;2807908066 Madrid sección 08066;Total;Todas las edades;2025;842
28 Madrid;28079 Madrid;2807908067 Madrid sección 08067;Total;Todas las edades;2025;1.676
28 Madrid;28079 Madrid;2807908068 Madrid sección 08068;Total;Todas las edades;2025;1.037
28 Madrid;28079 Madrid;2807908069 Madrid sección 08069;Total;Todas las edades;2025;902
28 Madrid;28079 Madrid;2807908071 Madrid sección 08071;Total;Todas las edades;2025;952
28 Madrid;28079 Madrid;2807908072 Madrid sección 08072;Total;Todas las edades;2025;942
28 Madrid;28079 Madrid;2807908073 Madrid sección 08073;Total;Todas las edades;2025;921
28 Madrid;28079 Madrid;2807908074 Madrid sección 08074;Total;Todas las edades;2025;946
28 Madrid;28079 Madrid;2807908075 Madrid sección 08075;Total;Todas las edades;2025;936
28 Madrid;28079 Madrid;2807908076 Madrid sección 08076;Total;Todas las edades;2025;912
28 Madrid;28079 Madrid;2807908077 Madrid sección 08077;Total;Todas las edades;2025;1.029
28 Madrid;28079 Madrid;2807908078 Madrid sección 08078;Total;Todas las edades;2025;789
28 Madrid;28079 Madrid;2807908079 Madrid sección 08079;Total;Todas las edades;2025;978
28 Madrid;28079 Madrid;2807908080 Madrid sección 08080;Total;Todas las edades;2025;933
28 Madrid;28079 Madrid;2807908081 Madrid sección 08081;Total;Todas las edades;2025;917
28 Madrid;28079 Madrid;2807908082 Madrid sección 08082;Total;Todas las edades;2025;1.014
28 Madrid;28079 Madrid;2807908083 Madrid sección 08083;Total;Todas las edades;2025;1.011
28 Madrid;28079 Madrid;2807908084 Madrid sección 08084;Total;Todas las edades;2025;970
28 Madrid;28079 Madrid;2807908085 Madrid sección 08085;Total;Todas las edades;2025;863
28 Madrid;28079 Madrid;2807908086 Madrid sección 08086;Total;Todas las edades;2025;882
28 Madrid;28079 Madrid;2807908087 Madrid sección 08087;Total;Todas las edades;2025;""
28 Madrid;28079 Madrid;2807908088 Madrid sección 08088;Total;Todas las edades;2025;1.633
28 Madrid;28079 Madrid;2807908089 Madrid sección 08089;Total;Todas las edades;2025;698
28 Madrid;28079 Madrid;2807908090 Madrid sección 08090;Total;Todas las edades;2025;1.142
28 Madrid;28079 Madrid;2807908091 Madrid sección 08091;Total;Todas las edades;2025;815
28 Madrid;28079 Madrid;2807908092 Madrid sección 08092;Total;Todas las edades;2025;999
28 Madrid;28079 Madrid;2807908093 Madrid sección 08093;Total;Todas las edades;2025;980
28 Madrid;28079 Madrid;2807908094 Madrid sección 08094;Total;Todas las edades;2025;1.143
28 Madrid;28079 Madrid;2807908095 Madrid sección 08095;Total;Todas las edades;2025;1.540
28 Madrid;28079 Madrid;2807908096 Madrid sección 08096;Total;Todas las edades;2025;1.388
28 Madrid;28079 Madrid;2807908097 Madrid sección 08097;Total;Todas las edades;2025;813
28 Madrid;28079 Madrid;2807908098 Madrid sección 08098;Total;Todas las edades;2025;1.705
28 Madrid;28079 Madrid;2807908099 Madrid sección 08099;Total;Todas las edades;2025;1.458
28 Madrid;28079 Madrid;2807908100 Madrid sección 08100;Total;Todas las edades;2025;1.283
28 Madrid;28079 Madrid;2807908102 Madrid sección 08102;Total;Todas las edades;2025;1.986
28 Madrid;28079 Madrid;2807908103 Madrid sección 08103;Total;Todas las edades;2025;1.349
28 Madrid;28079 Madrid;2807908104 Madrid sección 08104;Total;Todas las edades;2025;1.434
28 Madrid;28079 Madrid;2807908105 Madrid sección 08105;Total;Todas las edades;2025;938
28 Madrid;28079 Madrid;2807908106 Madrid sección 08106;Total;Todas las edades;2025;1.155
28 Madrid;28079 Madrid;2807908107 Madrid sección 08107;Total;Todas las edades;2025;841
28 Madrid;28079 Madrid;2807908108 Madrid sección 08108;Total;Todas las edades;2025;809
28 Madrid;28079 Madrid;2807908109 Madrid sección 08109;Total;Todas las edades;2025;1.370
28 Madrid;28079 Madrid;2807908110 Madrid sección 08110;Total;Todas las edades;2025;1.110
28 Madrid;28079 Madrid;2807908111 Madrid sección 08111;Total;Todas las edades;2025;1.902
28 Madrid;28079 Madrid;2807908112 Madrid sección 08112;Total;Todas las edades;2025;1.075
28 Madrid;28079 Madrid;2807908113 Madrid sección 08113;Total;Todas las edades;2025;990
28 Madrid;28079 Madrid;2807908114 Madrid sección 08114;Total;Todas las edades;2025;950
28 Madrid;28079 Madrid;2807908115 Madrid sección 08115;Total;Todas las edades;2025;1.164
28 Madrid;28079 Madrid;2807908116 Madrid sección 08116;Total;Todas las edades;2025;893
28 Madrid;28079 Madrid;2807908117 Madrid sección 08117;Total;Todas las edades;2025;962
28 Madrid;28079 Madrid;2807908119 Madrid sección 08119;Total;Todas las edades;2025;1.772
28 Madrid;28079 Madrid;2807908120 Madrid sección 08120;Total;Todas las edades;2025;1.155
28 Madrid;28079 Madrid;2807908121 Madrid sección 08121;Total;Todas las edades;2025;1.448
28 Madrid;28079 Madrid;2807908122 Madrid sección 08122;Total;Todas las edades;2025;864
28 Madrid;28079 Madrid;2807908123 Madrid sección 08123;Total;Todas las edades;2025;1.547
28 Madrid;28079 Madrid;2807908124 Madrid sección 08124;Total;Todas las edades;2025;1.918
28 Madrid;28079 Madrid;2807908125 Madrid sección 08125;Total;Todas las edades;2025;1.421
28 Madrid;28079 Madrid;2807908126 Madrid sección 08126;Total;Todas las edades;2025;1.615
28 Madrid;28079 Madrid;2807908128 Madrid sección 08128;Total;Todas las edades;2025;1.960
28 Madrid;28079 Madrid;2807908129 Madrid sección 08129;Total;Todas las edades;2025;1.515
28 Madrid;28079 Madrid;2807908130 Madrid sección 08130;Total;Todas las edades;2025;""
28 Madrid;28079 Madrid;2807908131 Madrid sección 08131;Total;Todas las edades;2025;1.934
28 Madrid;28079 Madrid;2807908132 Madrid sección 08132;Total;Todas las edades;2025;1.229
28 Madrid;28079 Madrid;2807908133 Madrid sección 08133;Total;Todas las edades;2025;805
28 Madrid;28079 Madrid;2807908134 Madrid sección 08134;Total;Todas las edades;2025;1.545
28 Madrid;28079 Madrid;2807908135 Madrid sección 08135;Total;Todas las edades;2025;2.457
28 Madrid;28079 Madrid;2807908136 Madrid sección 08136;Total;Todas las edades;2025;1.252
28 Madrid;28079 Madrid;2807908137 Madrid sección 08137;Total;Todas las edades;2025;1.765
28 Madrid;28079 Madrid;2807908138 Madrid sección 08138;Total;Todas las edades;2025;1.314
28 Madrid;28079 Madrid;2807908139 Madrid sección 08139;Total;Todas las edades;2025;2.416
28 Madrid;28079 Madrid;2807908140 Madrid sección 08140;Total;Todas las edades;2025;834
28 Madrid;28079 Madrid;2807908141 Madrid sección 08141;Total;Todas las edades;2025;985
28 Madrid;28079 Madrid;2807908142 Madrid sección 08142;Total;Todas las edades;2025;1.180
28 Madrid;28079 Madrid;2807908143 Madrid sección 08143;Total;Todas las edades;2025;2.106
28 Madrid;28079 Madrid;2807908144 Madrid sección 08144;Total;Todas las edades;2025;1.484
28 Madrid;28079 Madrid;2807908145 Madrid sección 08145;Total;Todas las edades;2025;1.316
28 Madrid;28079 Madrid;2807908146 Madrid sección 08146;Total;Todas las edades;2025;1.398
28 Madrid;28079 Madrid;2807908147 Madrid sección 08147;Total;Todas las edades;2025;1.518
28 Madrid;28079 Madrid;2807908148 Madrid sección 08148;Total;Todas las edades;2025;1.963
28 Madrid;28079 Madrid;2807908149 Madrid sección 08149;Total;Todas las edades;2025;686
28 Madrid;28079 Madrid;2807908150 Madrid sección 08150;Total;Todas las edades;2025;1.319
28 Madrid;28079 Madrid;2807908151 Madrid sección 08151;Total;Todas las edades;2025;839
28 Madrid;28079 Madrid;2807908152 Madrid sección 08152;Total;Todas las edades;2025;1.590
28 Madrid;28079 Madrid;2807908153 Madrid sección 08153;Total;Todas las edades;2025;1.575
28 Madrid;28079 Madrid;2807908154 Madrid sección 08154;Total;Todas las edades;2025;1.654
28 Madrid;28079 Madrid;2807908155 Madrid sección 08155;Total;Todas las edades;2025;1.557
28 Madrid;28079 Madrid;2807908156 Madrid sección 08156;Total;Todas las edades;2025;1.300
28 Madrid;28079 Madrid;2807908157 Madrid sección 08157;Total;Todas las edades;2025;706
28 Madrid;28079 Madrid;2807908158 Madrid sección 08158;Total;Todas las edades;2025;1.519
28 Madrid;28079 Madrid;2807908159 Madrid sección 08159;Total;Todas las edades;2025;2.006
28 Madrid;28079 Madrid;2807908160 Madrid sección 08160;Total;Todas las edades;2025;1.990
28 Madrid;28079 Madrid;2807908161 Madrid sección 08161;Total;Todas las edades;2025;2.158
28 Madrid;28079 Madrid;2807908162 Madrid sección 08162;Total;Todas las edades;2025;1.417
28 Madrid;28079 Madrid;2807908163 Madrid sección 08163;Total;Todas las edades;2025;1.834
28 Madrid;28079 Madrid;2807908164 Madrid sección 08164;Total;Todas las edades;2025;3.032
28 Madrid;28079 Madrid;2807908165 Madrid sección 08165;Total;Todas las edades;2025;2.540
28 Madrid;28079 Madrid;2807908166 Madrid sección 08166;Total;Todas las edades;2025;1.948
28 Madrid;28079 Madrid;2807908167 Madrid sección 08167;Total;Todas las edades;2025;2.506
28 Madrid;28079 Madrid;2807908168 Madrid sección 08168;Total;Todas las edades;2025;1.395
28 Madrid;28079 Madrid;2807908169 Madrid sección 08169;Total;Todas las edades;2025;3.133
28 Madrid;28079 Madrid;2807908170 Madrid sección 08170;Total;Todas las edades;2025;2.872
28 Madrid;28079 Madrid;2807908171 Madrid sección 08171;Total;Todas las edades;2025;1.755
28 Madrid;28079 Madrid;2807908172 Madrid sección 08172;Total;Todas las edades;2025;2.376
28 Madrid;28079 Madrid;2807908173 Madrid sección 08173;Total;Todas las edades;2025;2.117
28 Madrid;28079 Madrid;2807908174 Madrid sección 08174;Total;Todas las edades;2025;1.866
28 Madrid;28079 Madrid;2807908175 Madrid sección 08175;Total;Todas las edades;2025;1.267
28 Madrid;28079 Madrid;2807908176 Madrid sección 08176;Total;Todas las edades;2025;1.908
28 Madrid;28079 Madrid;2807908177 Madrid sección 08177;Total;Todas las edades;2025;1.337
28 Madrid;28079 Madrid;2807908178 Madrid sección 08178;Total;Todas las edades;2025;2.177
28 Madrid;28079 Madrid;2807908179 Madrid sección 08179;Total;Todas las edades;2025;1.558
28 Madrid;28079 Madrid;2807908180 Madrid sección 08180;Total;Todas las edades;2025;968
28 Madrid;28079 Madrid;2807908181 Madrid sección 08181;Total;Todas las edades;2025;2.905
28 Madrid;28079 Madrid;2807908182 Madrid sección 08182;Total;Todas las edades;2025;1.748
28 Madrid;28079 Madrid;2807908183 Madrid sección 08183;Total;Todas las edades;2025;2.243
28 Madrid;28079 Madrid;2807908184 Madrid sección 08184;Total;Todas las edades;2025;1.696
28 Madrid;28079 Madrid;2807908185 Madrid sección 08185;Total;Todas las edades;2025;1.662
28 Madrid;28079 Madrid;2807908186 Madrid sección 08186;Total;Todas las edades;2025;1.650
28 Madrid;28079 Madrid;2807908187 Madrid sección 08187;Total;Todas las edades;2025;2.591
28 Madrid;28079 Madrid;2807908188 Madrid sección 08188;Total;Todas las edades;2025;1.997
28 Madrid;28079 Madrid;2807908189 Madrid sección 08189;Total;Todas las edades;2025;2.316
28 Madrid;28079 Madrid;2807908190 Madrid sección 08190;Total;Todas las edades;2025;1.854
28 Madrid;28079 Madrid;2807908191 Madrid sección 08191;Total;Todas las edades;2025;1.557
28 Madrid;28079 Madrid;2807908192 Madrid sección 08192;Total;Todas las edades;2025;1.479
28 Madrid;28079 Madrid;2807908193 Madrid sección 08193;Total;Todas las edades;2025;1.523
28 Madrid;28079 Madrid;2807909001 Madrid sección 09001;Total;Todas las edades;2025;1.209
28 Madrid;28079 Madrid;2807909002 Madrid sección 09002;Total;Todas las edades;2025;1.493
28 Madrid;28079 Madrid;2807909004 Madrid sección 09004;Total;Todas las edades;2025;1.469
28 Madrid;28079 Madrid;2807909005 Madrid sección 09005;Total;Todas las edades;2025;888
28 Madrid;28079 Madrid;2807909006 Madrid sección 09006;Total;Todas las edades;2025;786
28 Madrid;28079 Madrid;2807909007 Madrid sección 09007;Total;Todas las edades;2025;914
28 Madrid;28079 Madrid;2807909008 Madrid sección 09008;Total;Todas las edades;2025;1.219
28 Madrid;28079 Madrid;2807909009 Madrid sección 09009;Total;Todas las edades;2025;1.047
28 Madrid;28079 Madrid;2807909010 Madrid sección 09010;Total;Todas las edades;2025;1.134
28 Madrid;28079 Madrid;2807909011 Madrid sección 09011;Total;Todas las edades;2025;1.521
28 Madrid;28079 Madrid;2807909012 Madrid sección 09012;Total;Todas las edades;2025;705
28 Madrid;28079 Madrid;2807909013 Madrid sección 09013;Total;Todas las edades;2025;1.340
28 Madrid;28079 Madrid;2807909014 Madrid sección 09014;Total;Todas las edades;2025;2.118
28 Madrid;28079 Madrid;2807909015 Madrid sección 09015;Total;Todas las edades;2025;1.619
28 Madrid;28079 Madrid;2807909016 Madrid sección 09016;Total;Todas las edades;2025;928
28 Madrid;28079 Madrid;2807909017 Madrid sección 09017;Total;Todas las edades;2025;1.114
28 Madrid;28079 Madrid;2807909018 Madrid sección 09018;Total;Todas las edades;2025;1.387
28 Madrid;28079 Madrid;2807909019 Madrid sección 09019;Total;Todas las edades;2025;1.500
28 Madrid;28079 Madrid;2807909020 Madrid sección 09020;Total;Todas las edades;2025;917
28 Madrid;28079 Madrid;2807909021 Madrid sección 09021;Total;Todas las edades;2025;1.076
28 Madrid;28079 Madrid;2807909022 Madrid sección 09022;Total;Todas las edades;2025;1.080
28 Madrid;28079 Madrid;2807909023 Madrid sección 09023;Total;Todas las edades;2025;1.931
28 Madrid;28079 Madrid;2807909024 Madrid sección 09024;Total;Todas las edades;2025;740
28 Madrid;28079 Madrid;2807909025 Madrid sección 09025;Total;Todas las edades;2025;994
28 Madrid;28079 Madrid;2807909026 Madrid sección 09026;Total;Todas las edades;2025;1.242
28 Madrid;28079 Madrid;2807909028 Madrid sección 09028;Total;Todas las edades;2025;1.618
28 Madrid;28079 Madrid;2807909029 Madrid sección 09029;Total;Todas las edades;2025;1.039
28 Madrid;28079 Madrid;2807909030 Madrid sección 09030;Total;Todas las edades;2025;1.223
28 Madrid;28079 Madrid;2807909031 Madrid sección 09031;Total;Todas las edades;2025;617
28 Madrid;28079 Madrid;2807909033 Madrid sección 09033;Total;Todas las edades;2025;1.376
28 Madrid;28079 Madrid;2807909034 Madrid sección 09034;Total;Todas las edades;2025;1.667
28 Madrid;28079 Madrid;2807909035 Madrid sección 09035;Total;Todas las edades;2025;859
28 Madrid;28079 Madrid;2807909036 Madrid sección 09036;Total;Todas las edades;2025;1.153
28 Madrid;28079 Madrid;2807909037 Madrid sección 09037;Total;Todas las edades;2025;2.419
28 Madrid;28079 Madrid;2807909038 Madrid sección 09038;Total;Todas las edades;2025;1.239
28 Madrid;28079 Madrid;2807909039 Madrid sección 09039;Total;Todas las edades;2025;1.134
28 Madrid;28079 Madrid;2807909040 Madrid sección 09040;Total;Todas las edades;2025;912
28 Madrid;28079 Madrid;2807909041 Madrid sección 09041;Total;Todas las edades;2025;1.792
28 Madrid;28079 Madrid;2807909043 Madrid sección 09043;Total;Todas las edades;2025;2.019
28 Madrid;28079 Madrid;2807909044 Madrid sección 09044;Total;Todas las edades;2025;1.209
28 Madrid;28079 Madrid;2807909045 Madrid sección 09045;Total;Todas las edades;2025;1.084
28 Madrid;28079 Madrid;2807909046 Madrid sección 09046;Total;Todas las edades;2025;1.793
28 Madrid;28079 Madrid;2807909047 Madrid sección 09047;Total;Todas las edades;2025;1.456
28 Madrid;28079 Madrid;2807909049 Madrid sección 09049;Total;Todas las edades;2025;1.132
28 Madrid;28079 Madrid;2807909050 Madrid sección 09050;Total;Todas las edades;2025;874
28 Madrid;28079 Madrid;2807909051 Madrid sección 09051;Total;Todas las edades;2025;1.309
28 Madrid;28079 Madrid;2807909052 Madrid sección 09052;Total;Todas las edades;2025;1.901
28 Madrid;28079 Madrid;2807909053 Madrid sección 09053;Total;Todas las edades;2025;901
28 Madrid;28079 Madrid;2807909054 Madrid sección 09054;Total;Todas las edades;2025;1.376
28 Madrid;28079 Madrid;2807909055 Madrid sección 09055;Total;Todas las edades;2025;1.607
28 Madrid;28079 Madrid;2807909056 Madrid sección 09056;Total;Todas las edades;2025;2.068
28 Madrid;28079 Madrid;2807909057 Madrid sección 09057;Total;Todas las edades;2025;928
28 Madrid;28079 Madrid;2807909058 Madrid sección 09058;Total;Todas las edades;2025;979
28 Madrid;28079 Madrid;2807909060 Madrid sección 09060;Total;Todas las edades;2025;1.522
28 Madrid;28079 Madrid;2807909061 Madrid sección 09061;Total;Todas las edades;2025;1.034
28 Madrid;28079 Madrid;2807909063 Madrid sección 09063;Total;Todas las edades;2025;1.553
28 Madrid;28079 Madrid;2807909064 Madrid sección 09064;Total;Todas las edades;2025;1.711
28 Madrid;28079 Madrid;2807909065 Madrid sección 09065;Total;Todas las edades;2025;1.362
28 Madrid;28079 Madrid;2807909066 Madrid sección 09066;Total;Todas las edades;2025;895
28 Madrid;28079 Madrid;2807909067 Madrid sección 09067;Total;Todas las edades;2025;903
28 Madrid;28079 Madrid;2807909068 Madrid sección 09068;Total;Todas las edades;2025;1.126
28 Madrid;28079 Madrid;2807909069 Madrid sección 09069;Total;Todas las edades;2025;795
28 Madrid;28079 Madrid;2807909070 Madrid sección 09070;Total;Todas las edades;2025;1.340
28 Madrid;28079 Madrid;2807909071 Madrid sección 09071;Total;Todas las edades;2025;1.574
28 Madrid;28079 Madrid;2807909072 Madrid sección 09072;Total;Todas las edades;2025;1.605
28 Madrid;28079 Madrid;2807909073 Madrid sección 09073;Total;Todas las edades;2025;1.402
28 Madrid;28079 Madrid;2807909074 Madrid sección 09074;Total;Todas las edades;2025;1.566
28 Madrid;28079 Madrid;2807909075 Madrid sección 09075;Total;Todas las edades;2025;2.743
28 Madrid;28079 Madrid;2807909076 Madrid sección 09076;Total;Todas las edades;2025;1.043
28 Madrid;28079 Madrid;2807909077 Madrid sección 09077;Total;Todas las edades;2025;1.209
28 Madrid;28079 Madrid;2807909078 Madrid sección 09078;Total;Todas las edades;2025;2.292
28 Madrid;28079 Madrid;2807909079 Madrid sección 09079;Total;Todas las edades;2025;1.885
28 Madrid;28079 Madrid;2807909080 Madrid sección 09080;Total;Todas las edades;2025;1.677
28 Madrid;28079 Madrid;2807909081 Madrid sección 09081;Total;Todas las edades;2025;866
28 Madrid;28079 Madrid;2807909082 Madrid sección 09082;Total;Todas las edades;2025;829
28 Madrid;28079 Madrid;2807909083 Madrid sección 09083;Total;Todas las edades;2025;1.601
28 Madrid;28079 Madrid;2807909084 Madrid sección 09084;Total;Todas las edades;2025;964
28 Madrid;28079 Madrid;2807909085 Madrid sección 09085;Total;Todas las edades;2025;1.539
28 Madrid;28079 Madrid;2807909086 Madrid sección 09086;Total;Todas las edades;2025;2.339
28 Madrid;28079 Madrid;2807909087 Madrid sección 09087;Total;Todas las edades;2025;2.310
28 Madrid;28079 Madrid;2807909088 Madrid sección 09088;Total;Todas las edades;2025;2.630
28 Madrid;28079 Madrid;2807909089 Madrid sección 09089;Total;Todas las edades;2025;1.635
28 Madrid;28079 Madrid;2807909090 Madrid sección 09090;Total;Todas las edades;2025;2.169
28 Madrid;28079 Madrid;2807909091 Madrid sección 09091;Total;Todas las edades;2025;2.037
28 Madrid;28079 Madrid;2807909092 Madrid sección 09092;Total;Todas las edades;2025;1.045
28 Madrid;28079 Madrid;2807909093 Madrid sección 09093;Total;Todas las edades;2025;1.494
28 Madrid;28079 Madrid;2807909094 Madrid sección 09094;Total;Todas las edades;2025;1.572
28 Madrid;28079 Madrid;2807909095 Madrid sección 09095;Total;Todas las edades;2025;1.264
28 Madrid;28079 Madrid;2807909096 Madrid sección 09096;Total;Todas las edades;2025;2.016
28 Madrid;28079 Madrid;2807909097 Madrid sección 09097;Total;Todas las edades;2025;1.624
28 Madrid;28079 Madrid;2807910001 Madrid sección 10001;Total;Todas las edades;2025;1.160
28 Madrid;28079 Madrid;2807910002 Madrid sección 10002;Total;Todas las edades;2025;944
28 Madrid;28079 Madrid;2807910003 Madrid sección 10003;Total;Todas las edades;2025;1.925
28 Madrid;28079 Madrid;2807910004 Madrid sección 10004;Total;Todas las edades;2025;""
28 Madrid;28079 Madrid;2807910005 Madrid sección 10005;Total;Todas las edades;2025;1.400
28 Madrid;28079 Madrid;2807910006 Madrid sección 10006;Total;Todas las edades;2025;2.614
28 Madrid;28079 Madrid;2807910007 Madrid sección 10007;Total;Todas las edades;2025;1.562
28 Madrid;28079 Madrid;2807910008 Madrid sección 10008;Total;Todas las edades;2025;1.180
28 Madrid;28079 Madrid;2807910009 Madrid sección 10009;Total;Todas las edades;2025;1.267
28 Madrid;28079 Madrid;2807910010 Madrid sección 10010;Total;Todas las edades;2025;923
28 Madrid;28079 Madrid;2807910011 Madrid sección 10011;Total;Todas las edades;2025;783
28 Madrid;28079 Madrid;2807910012 Madrid sección 10012;Total;Todas las edades;2025;973
28 Madrid;28079 Madrid;2807910013 Madrid sección 10013;Total;Todas las edades;2025;719
28 Madrid;28079 Madrid;2807910014 Madrid sección 10014;Total;Todas las edades;2025;829
28 Madrid;28079 Madrid;2807910015 Madrid sección 10015;Total;Todas las edades;2025;1.297
28 Madrid;28079 Madrid;2807910016 Madrid sección 10016;Total;Todas las edades;2025;1.361
28 Madrid;28079 Madrid;2807910017 Madrid sección 10017;Total;Todas las edades;2025;960
28 Madrid;28079 Madrid;2807910018 Madrid sección 10018;Total;Todas las edades;2025;891
28 Madrid;28079 Madrid;2807910020 Madrid sección 10020;Total;Todas las edades;2025;868
28 Madrid;28079 Madrid;2807910021 Madrid sección 10021;Total;Todas las edades;2025;1.438
28 Madrid;28079 Madrid;2807910022 Madrid sección 10022;Total;Todas las edades;2025;1.086
28 Madrid;28079 Madrid;2807910023 Madrid sección 10023;Total;Todas las edades;2025;941
28 Madrid;28079 Madrid;2807910024 Madrid sección 10024;Total;Todas las edades;2025;1.365
28 Madrid;28079 Madrid;2807910025 Madrid sección 10025;Total;Todas las edades;2025;1.272
28 Madrid;28079 Madrid;2807910026 Madrid sección 10026;Total;Todas las edades;2025;958
28 Madrid;28079 Madrid;2807910027 Madrid sección 10027;Total;Todas las edades;2025;1.409
28 Madrid;28079 Madrid;2807910028 Madrid sección 10028;Total;Todas las edades;2025;1.389
28 Madrid;28079 Madrid;2807910029 Madrid sección 10029;Total;Todas las edades;2025;1.539
28 Madrid;28079 Madrid;2807910030 Madrid sección 10030;Total;Todas las edades;2025;1.435
28 Madrid;28079 Madrid;2807910031 Madrid sección 10031;Total;Todas las edades;2025;936
28 Madrid;28079 Madrid;2807910032 Madrid sección 10032;Total;Todas las edades;2025;2.308
28 Madrid;28079 Madrid;2807910033 Madrid sección 10033;Total;Todas las edades;2025;1.121
28 Madrid;28079 Madrid;2807910034 Madrid sección 10034;Total;Todas las edades;2025;""
28 Madrid;28079 Madrid;2807910035 Madrid sección 10035;Total;Todas las edades;2025;998
28 Madrid;28079 Madrid;2807910036 Madrid sección 10036;Total;Todas las edades;2025;1.537
28 Madrid;28079 Madrid;2807910037 Madrid sección 10037;Total;Todas las edades;2025;1.874
28 Madrid;28079 Madrid;2807910038 Madrid sección 10038;Total;Todas las edades;2025;927
28 Madrid;28079 Madrid;2807910039 Madrid sección 10039;Total;Todas las edades;2025;1.354
28 Madrid;28079 Madrid;2807910040 Madrid sección 10040;Total;Todas las edades;2025;1.016
28 Madrid;28079 Madrid;2807910041 Madrid sección 10041;Total;Todas las edades;2025;1.703
28 Madrid;28079 Madrid;2807910042 Madrid sección 10042;Total;Todas las edades;2025;1.485
28 Madrid;28079 Madrid;2807910043 Madrid sección 10043;Total;Todas las edades;2025;1.597
28 Madrid;28079 Madrid;2807910044 Madrid sección 10044;Total;Todas las edades;2025;883
28 Madrid;28079 Madrid;2807910046 Madrid sección 10046;Total;Todas las edades;2025;1.424
28 Madrid;28079 Madrid;2807910047 Madrid sección 10047;Total;Todas las edades;2025;1.185
28 Madrid;28079 Madrid;2807910048 Madrid sección 10048;Total;Todas las edades;2025;1.521
28 Madrid;28079 Madrid;2807910049 Madrid sección 10049;Total;Todas las edades;2025;1.358
28 Madrid;28079 Madrid;2807910050 Madrid sección 10050;Total;Todas las edades;2025;1.590
28 Madrid;28079 Madrid;2807910051 Madrid sección 10051;Total;Todas las edades;2025;1.079
28 Madrid;28079 Madrid;2807910052 Madrid sección 10052;Total;Todas las edades;2025;1.346
28 Madrid;28079 Madrid;2807910053 Madrid sección 10053;Total;Todas las edades;2025;1.236
28 Madrid;28079 Madrid;2807910054 Madrid sección 10054;Total;Todas las edades;2025;1.505
28 Madrid;28079 Madrid;2807910055 Madrid sección 10055;Total;Todas las edades;2025;1.161
28 Madrid;28079 Madrid;2807910056 Madrid sección 10056;Total;Todas las edades;2025;1.188
28 Madrid;28079 Madrid;2807910057 Madrid sección 10057;Total;Todas las edades;2025;1.648
28 Madrid;28079 Madrid;2807910058 Madrid sección 10058;Total;Todas las edades;2025;1.196
28 Madrid;28079 Madrid;2807910059 Madrid sección 10059;Total;Todas las edades;2025;1.367
28 Madrid;28079 Madrid;2807910060 Madrid sección 10060;Total;Todas las edades;2025;1.952
28 Madrid;28079 Madrid;2807910061 Madrid sección 10061;Total;Todas las edades;2025;1.868
28 Madrid;28079 Madrid;2807910062 Madrid sección 10062;Total;Todas las edades;2025;965
28 Madrid;28079 Madrid;2807910063 Madrid sección 10063;Total;Todas las edades;2025;1.853
28 Madrid;28079 Madrid;2807910065 Madrid sección 10065;Total;Todas las edades;2025;847
28 Madrid;28079 Madrid;2807910067 Madrid sección 10067;Total;Todas las edades;2025;947
28 Madrid;28079 Madrid;2807910068 Madrid sección 10068;Total;Todas las edades;2025;861
28 Madrid;28079 Madrid;2807910069 Madrid sección 10069;Total;Todas las edades;2025;1.572
28 Madrid;28079 Madrid;2807910070 Madrid sección 10070;Total;Todas las edades;2025;1.208
28 Madrid;28079 Madrid;2807910072 Madrid sección 10072;Total;Todas las edades;2025;2.322
28 Madrid;28079 Madrid;2807910073 Madrid sección 10073;Total;Todas las edades;2025;1.255
28 Madrid;28079 Madrid;2807910074 Madrid sección 10074;Total;Todas las edades;2025;866
28 Madrid;28079 Madrid;2807910075 Madrid sección 10075;Total;Todas las edades;2025;971
28 Madrid;28079 Madrid;2807910076 Madrid sección 10076;Total;Todas las edades;2025;987
28 Madrid;28079 Madrid;2807910077 Madrid sección 10077;Total;Todas las edades;2025;840
28 Madrid;28079 Madrid;2807910078 Madrid sección 10078;Total;Todas las edades;2025;1.202
28 Madrid;28079 Madrid;2807910081 Madrid sección 10081;Total;Todas las edades;2025;1.184
28 Madrid;28079 Madrid;2807910082 Madrid sección 10082;Total;Todas las edades;2025;1.067
28 Madrid;28079 Madrid;2807910083 Madrid sección 10083;Total;Todas las edades;2025;834
28 Madrid;28079 Madrid;2807910084 Madrid sección 10084;Total;Todas las edades;2025;2.503
28 Madrid;28079 Madrid;2807910086 Madrid sección 10086;Total;Todas las edades;2025;1.793
28 Madrid;28079 Madrid;2807910087 Madrid sección 10087;Total;Todas las edades;2025;895
28 Madrid;28079 Madrid;2807910088 Madrid sección 10088;Total;Todas las edades;2025;1.245
28 Madrid;28079 Madrid;2807910089 Madrid sección 10089;Total;Todas las edades;2025;1.073
28 Madrid;28079 Madrid;2807910090 Madrid sección 10090;Total;Todas las edades;2025;849
28 Madrid;28079 Madrid;2807910091 Madrid sección 10091;Total;Todas las edades;2025;960
28 Madrid;28079 Madrid;2807910092 Madrid sección 10092;Total;Todas las edades;2025;889
28 Madrid;28079 Madrid;2807910093 Madrid sección 10093;Total;Todas las edades;2025;967
28 Madrid;28079 Madrid;2807910094 Madrid sección 10094;Total;Todas las edades;2025;1.230
28 Madrid;28079 Madrid;2807910095 Madrid sección 10095;Total;Todas las edades;2025;1.299
28 Madrid;28079 Madrid;2807910096 Madrid sección 10096;Total;Todas las edades;2025;1.587
28 Madrid;28079 Madrid;2807910098 Madrid sección 10098;Total;Todas las edades;2025;1.172
28 Madrid;28079 Madrid;2807910099 Madrid sección 10099;Total;Todas las edades;2025;1.192
28 Madrid;28079 Madrid;2807910100 Madrid sección 10100;Total;Todas las edades;2025;1.000
28 Madrid;28079 Madrid;2807910101 Madrid sección 10101;Total;Todas las edades;2025;1.031
28 Madrid;28079 Madrid;2807910102 Madrid sección 10102;Total;Todas las edades;2025;691
28 Madrid;28079 Madrid;2807910103 Madrid sección 10103;Total;Todas las edades;2025;1.233
28 Madrid;28079 Madrid;2807910106 Madrid sección 10106;Total;Todas las edades;2025;1.409
28 Madrid;28079 Madrid;2807910107 Madrid sección 10107;Total;Todas las edades;2025;990
28 Madrid;28079 Madrid;2807910108 Madrid sección 10108;Total;Todas las edades;2025;789
28 Madrid;28079 Madrid;2807910109 Madrid sección 10109;Total;Todas las edades;2025;1.382
28 Madrid;28079 Madrid;2807910110 Madrid sección 10110;Total;Todas las edades;2025;1.668
28 Madrid;28079 Madrid;2807910111 Madrid sección 10111;Total;Todas las edades;2025;""
28 Madrid;28079 Madrid;2807910112 Madrid sección 10112;Total;Todas las edades;2025;1.077
28 Madrid;28079 Madrid;2807910113 Madrid sección 10113;Total;Todas las edades;2025;961
28 Madrid;28079 Madrid;2807910114 Madrid sección 10114;Total;Todas las edades;2025;1.152
28 Madrid;28079 Madrid;2807910115 Madrid sección 10115;Total;Todas las edades;2025;1.177
28 Madrid;28079 Madrid;2807910116 Madrid sección 10116;Total;Todas las edades;2025;1.353
28 Madrid;28079 Madrid;2807910117 Madrid sección 10117;Total;Todas las edades;2025;1.145
28 Madrid;28079 Madrid;2807910118 Madrid sección 10118;Total;Todas las edades;2025;1.100
28 Madrid;28079 Madrid;2807910119 Madrid sección 10119;Total;Todas las edades;2025;1.422
28 Madrid;28079 Madrid;2807910120 Madrid sección 10120;Total;Todas las edades;2025;1.263
28 Madrid;28079 Madrid;2807910121 Madrid sección 10121;Total;Todas las edades;2025;1.186
28 Madrid;28079 Madrid;2807910122 Madrid sección 10122;Total;Todas las edades;2025;1.176
28 Madrid;28079 Madrid;2807910123 Madrid sección 10123;Total;Todas las edades;2025;932
28 Madrid;28079 Madrid;2807910124 Madrid sección 10124;Total;Todas las edades;2025;1.529
28 Madrid;28079 Madrid;2807910125 Madrid sección 10125;Total;Todas las edades;2025;774
28 Madrid;28079 Madrid;2807910126 Madrid sección 10126;Total;Todas las edades;2025;1.375
28 Madrid;28079 Madrid;2807910127 Madrid sección 10127;Total;Todas las edades;2025;1.019
28 Madrid;28079 Madrid;2807910128 Madrid sección 10128;Total;Todas las edades;2025;1.299
28 Madrid;28079 Madrid;2807910129 Madrid sección 10129;Total;Todas las edades;2025;1.259
28 Madrid;28079 Madrid;2807910130 Madrid sección 10130;Total;Todas las edades;2025;1.634
28 Madrid;28079 Madrid;2807910131 Madrid sección 10131;Total;Todas las edades;2025;1.519
28 Madrid;28079 Madrid;2807910132 Madrid sección 10132;Total;Todas las edades;2025;1.131
28 Madrid;28079 Madrid;2807910133 Madrid sección 10133;Total;Todas las edades;2025;1.729
28 Madrid;28079 Madrid;2807910134 Madrid sección 10134;Total;Todas las edades;2025;""
28 Madrid;28079 Madrid;2807910135 Madrid sección 10135;Total;Todas las edades;2025;812
28 Madrid;28079 Madrid;2807910136 Madrid sección 10136;Total;Todas las edades;2025;1.207
28 Madrid;28079 Madrid;2807910137 Madrid sección 10137;Total;Todas las edades;2025;1.177
28 Madrid;28079 Madrid;2807910138 Madrid sección 10138;Total;Todas las edades;2025;721
28 Madrid;28079 Madrid;2807910139 Madrid sección 10139;Total;Todas las edades;2025;1.208
28 Madrid;28079 Madrid;2807910140 Madrid sección 10140;Total;Todas las edades;2025;844
28 Madrid;28079 Madrid;2807910142 Madrid sección 10142;Total;Todas las edades;2025;1.946
28 Madrid;28079 Madrid;2807910143 Madrid sección 10143;Total;Todas las edades;2025;1.408
28 Madrid;28079 Madrid;2807910144 Madrid sección 10144;Total;Todas las edades;2025;1.790
28 Madrid;28079 Madrid;2807910145 Madrid sección 10145;Total;Todas las edades;2025;1.730
28 Madrid;28079 Madrid;2807910146 Madrid sección 10146;Total;Todas las edades;2025;1.491
28 Madrid;28079 Madrid;2807910147 Madrid sección 10147;Total;Todas las edades;2025;1.830
28 Madrid;28079 Madrid;2807910148 Madrid sección 10148;Total;Todas las edades;2025;1.639
28 Madrid;28079 Madrid;2807910149 Madrid sección 10149;Total;Todas las edades;2025;2.068
28 Madrid;28079 Madrid;2807910150 Madrid sección 10150;Total;Todas las edades;2025;""
28 Madrid;28079 Madrid;2807910151 Madrid sección 10151;Total;Todas las edades;2025;1.981
28 Madrid;28079 Madrid;2807910152 Madrid sección 10152;Total;Todas las edades;2025;848
28 Madrid;28079 Madrid;2807910153 Madrid sección 10153;Total;Todas las edades;2025;2.680
28 Madrid;28079 Madrid;2807910154 Madrid sección 10154;Total;Todas las edades;2025;930
28 Madrid;28079 Madrid;2807910156 Madrid sección 10156;Total;Todas las edades;2025;825
28 Madrid;28079 Madrid;2807910157 Madrid sección 10157;Total;Todas las edades;2025;740
28 Madrid;28079 Madrid;2807910158 Madrid sección 10158;Total;Todas las edades;2025;1.095
28 Madrid;28079 Madrid;2807910159 Madrid sección 10159;Total;Todas las edades;2025;1.100
28 Madrid;28079 Madrid;2807910161 Madrid sección 10161;Total;Todas las edades;2025;1.686
28 Madrid;28079 Madrid;2807910162 Madrid sección 10162;Total;Todas las edades;2025;940
28 Madrid;28079 Madrid;2807910163 Madrid sección 10163;Total;Todas las edades;2025;789
28 Madrid;28079 Madrid;2807910164 Madrid sección 10164;Total;Todas las edades;2025;1.504
28 Madrid;28079 Madrid;2807910165 Madrid sección 10165;Total;Todas las edades;2025;1.156
28 Madrid;28079 Madrid;2807910167 Madrid sección 10167;Total;Todas las edades;2025;2.187
28 Madrid;28079 Madrid;2807910168 Madrid sección 10168;Total;Todas las edades;2025;1.319
28 Madrid;28079 Madrid;2807910169 Madrid sección 10169;Total;Todas las edades;2025;896
28 Madrid;28079 Madrid;2807910170 Madrid sección 10170;Total;Todas las edades;2025;1.136
28 Madrid;28079 Madrid;2807910171 Madrid sección 10171;Total;Todas las edades;2025;1.124
28 Madrid;28079 Madrid;2807910172 Madrid sección 10172;Total;Todas las edades;2025;736
28 Madrid;28079 Madrid;2807910173 Madrid sección 10173;Total;Todas las edades;2025;1.586
28 Madrid;28079 Madrid;2807910174 Madrid sección 10174;Total;Todas las edades;2025;908
28 Madrid;28079 Madrid;2807910175 Madrid sección 10175;Total;Todas las edades;2025;810
28 Madrid;28079 Madrid;2807910176 Madrid sección 10176;Total;Todas las edades;2025;1.230
28 Madrid;28079 Madrid;2807910178 Madrid sección 10178;Total;Todas las edades;2025;1.065
28 Madrid;28079 Madrid;2807910179 Madrid sección 10179;Total;Todas las edades;2025;1.154
28 Madrid;28079 Madrid;2807910180 Madrid sección 10180;Total;Todas las edades;2025;1.238
28 Madrid;28079 Madrid;2807910181 Madrid sección 10181;Total;Todas las edades;2025;1.172
28 Madrid;28079 Madrid;2807910182 Madrid sección 10182;Total;Todas las edades;2025;1.211
28 Madrid;28079 Madrid;2807910183 Madrid sección 10183;Total;Todas las edades;2025;1.066
28 Madrid;28079 Madrid;2807910184 Madrid sección 10184;Total;Todas las edades;2025;997
28 Madrid;28079 Madrid;2807910185 Madrid sección 10185;Total;Todas las edades;2025;794
28 Madrid;28079 Madrid;2807910187 Madrid sección 10187;Total;Todas las edades;2025;1.422
28 Madrid;28079 Madrid;2807910188 Madrid sección 10188;Total;Todas las edades;2025;1.045
28 Madrid;28079 Madrid;2807910189 Madrid sección 10189;Total;Todas las edades;2025;1.508
28 Madrid;28079 Madrid;2807910190 Madrid sección 10190;Total;Todas las edades;2025;1.228
28 Madrid;28079 Madrid;2807910191 Madrid sección 10191;Total;Todas las edades;2025;1.584
28 Madrid;28079 Madrid;2807910192 Madrid sección 10192;Total;Todas las edades;2025;1.715
28 Madrid;28079 Madrid;2807910193 Madrid sección 10193;Total;Todas las edades;2025;811
28 Madrid;28079 Madrid;2807910194 Madrid sección 10194;Total;Todas las edades;2025;977
28 Madrid;28079 Madrid;2807910197 Madrid sección 10197;Total;Todas las edades;2025;1.677
28 Madrid;28079 Madrid;2807910198 Madrid sección 10198;Total;Todas las edades;2025;2.054
28 Madrid;28079 Madrid;2807910199 Madrid sección 10199;Total;Todas las edades;2025;1.644
28 Madrid;28079 Madrid;2807910201 Madrid sección 10201;Total;Todas las edades;2025;1.084
28 Madrid;28079 Madrid;2807910202 Madrid sección 10202;Total;Todas las edades;2025;801
28 Madrid;28079 Madrid;2807910203 Madrid sección 10203;Total;Todas las edades;2025;1.576
28 Madrid;28079 Madrid;2807910204 Madrid sección 10204;Total;Todas las edades;2025;965
28 Madrid;28079 Madrid;2807910205 Madrid sección 10205;Total;Todas las edades;2025;1.381
28 Madrid;28079 Madrid;2807910206 Madrid sección 10206;Total;Todas las edades;2025;1.316
28 Madrid;28079 Madrid;2807910207 Madrid sección 10207;Total;Todas las edades;2025;1.382
28 Madrid;28079 Madrid;2807910209 Madrid sección 10209;Total;Todas las edades;2025;1.381
28 Madrid;28079 Madrid;2807910210 Madrid sección 10210;Total;Todas las edades;2025;1.154
28 Madrid;28079 Madrid;2807910211 Madrid sección 10211;Total;Todas las edades;2025;1.066
28 Madrid;28079 Madrid;2807910212 Madrid sección 10212;Total;Todas las edades;2025;919
28 Madrid;28079 Madrid;2807910213 Madrid sección 10213;Total;Todas las edades;2025;2.267
28 Madrid;28079 Madrid;2807910214 Madrid sección 10214;Total;Todas las edades;2025;1.736
28 Madrid;28079 Madrid;2807910215 Madrid sección 10215;Total;Todas las edades;2025;1.446
28 Madrid;28079 Madrid;2807910216 Madrid sección 10216;Total;Todas las edades;2025;1.312
28 Madrid;28079 Madrid;2807910217 Madrid sección 10217;Total;Todas las edades;2025;993
28 Madrid;28079 Madrid;2807910218 Madrid sección 10218;Total;Todas las edades;2025;1.195
28 Madrid;28079 Madrid;2807910219 Madrid sección 10219;Total;Todas las edades;2025;1.348
28 Madrid;28079 Madrid;2807910220 Madrid sección 10220;Total;Todas las edades;2025;2.003
28 Madrid;28079 Madrid;2807910221 Madrid sección 10221;Total;Todas las edades;2025;1.730
28 Madrid;28079 Madrid;2807910222 Madrid sección 10222;Total;Todas las edades;2025;1.552
28 Madrid;28079 Madrid;2807911001 Madrid sección 11001;Total;Todas las edades;2025;1.202
28 Madrid;28079 Madrid;2807911002 Madrid sección 11002;Total;Todas las edades;2025;1.635
28 Madrid;28079 Madrid;2807911003 Madrid sección 11003;Total;Todas las edades;2025;1.691
28 Madrid;28079 Madrid;2807911004 Madrid sección 11004;Total;Todas las edades;2025;1.481
28 Madrid;28079 Madrid;2807911005 Madrid sección 11005;Total;Todas las edades;2025;1.101
28 Madrid;28079 Madrid;2807911006 Madrid sección 11006;Total;Todas las edades;2025;1.298
28 Madrid;28079 Madrid;2807911007 Madrid sección 11007;Total;Todas las edades;2025;2.198
28 Madrid;28079 Madrid;2807911010 Madrid sección 11010;Total;Todas las edades;2025;872
28 Madrid;28079 Madrid;2807911011 Madrid sección 11011;Total;Todas las edades;2025;844
28 Madrid;28079 Madrid;2807911012 Madrid sección 11012;Total;Todas las edades;2025;2.190
28 Madrid;28079 Madrid;2807911013 Madrid sección 11013;Total;Todas las edades;2025;1.652
28 Madrid;28079 Madrid;2807911015 Madrid sección 11015;Total;Todas las edades;2025;1.551
28 Madrid;28079 Madrid;2807911016 Madrid sección 11016;Total;Todas las edades;2025;1.202
28 Madrid;28079 Madrid;2807911017 Madrid sección 11017;Total;Todas las edades;2025;1.232
28 Madrid;28079 Madrid;2807911018 Madrid sección 11018;Total;Todas las edades;2025;782
28 Madrid;28079 Madrid;2807911019 Madrid sección 11019;Total;Todas las edades;2025;788
28 Madrid;28079 Madrid;2807911021 Madrid sección 11021;Total;Todas las edades;2025;1.566
28 Madrid;28079 Madrid;2807911022 Madrid sección 11022;Total;Todas las edades;2025;1.616
28 Madrid;28079 Madrid;2807911023 Madrid sección 11023;Total;Todas las edades;2025;1.403
28 Madrid;28079 Madrid;2807911024 Madrid sección 11024;Total;Todas las edades;2025;1.547
28 Madrid;28079 Madrid;2807911025 Madrid sección 11025;Total;Todas las edades;2025;1.396
28 Madrid;28079 Madrid;2807911026 Madrid sección 11026;Total;Todas las edades;2025;2.365
28 Madrid;28079 Madrid;2807911028 Madrid sección 11028;Total;Todas las edades;2025;1.057
28 Madrid;28079 Madrid;2807911029 Madrid sección 11029;Total;Todas las edades;2025;931
28 Madrid;28079 Madrid;2807911030 Madrid sección 11030;Total;Todas las edades;2025;932
28 Madrid;28079 Madrid;2807911031 Madrid sección 11031;Total;Todas las edades;2025;923
28 Madrid;28079 Madrid;2807911032 Madrid sección 11032;Total;Todas las edades;2025;1.668
28 Madrid;28079 Madrid;2807911033 Madrid sección 11033;Total;Todas las edades;2025;1.938
28 Madrid;28079 Madrid;2807911034 Madrid sección 11034;Total;Todas las edades;2025;1.163
28 Madrid;28079 Madrid;2807911035 Madrid sección 11035;Total;Todas las edades;2025;1.287
28 Madrid;28079 Madrid;2807911036 Madrid sección 11036;Total;Todas las edades;2025;1.386
28 Madrid;28079 Madrid;2807911037 Madrid sección 11037;Total;Todas las edades;2025;1.534
28 Madrid;28079 Madrid;2807911038 Madrid sección 11038;Total;Todas las edades;2025;1.267
28 Madrid;28079 Madrid;2807911039 Madrid sección 11039;Total;Todas las edades;2025;2.442
28 Madrid;28079 Madrid;2807911040 Madrid sección 11040;Total;Todas las edades;2025;1.026
28 Madrid;28079 Madrid;2807911041 Madrid sección 11041;Total;Todas las edades;2025;1.651
28 Madrid;28079 Madrid;2807911042 Madrid sección 11042;Total;Todas las edades;2025;1.387
28 Madrid;28079 Madrid;2807911043 Madrid sección 11043;Total;Todas las edades;2025;1.191
28 Madrid;28079 Madrid;2807911044 Madrid sección 11044;Total;Todas las edades;2025;1.896
28 Madrid;28079 Madrid;2807911045 Madrid sección 11045;Total;Todas las edades;2025;718
28 Madrid;28079 Madrid;2807911046 Madrid sección 11046;Total;Todas las edades;2025;837
28 Madrid;28079 Madrid;2807911047 Madrid sección 11047;Total;Todas las edades;2025;1.440
28 Madrid;28079 Madrid;2807911048 Madrid sección 11048;Total;Todas las edades;2025;1.530
28 Madrid;28079 Madrid;2807911049 Madrid sección 11049;Total;Todas las edades;2025;2.025
28 Madrid;28079 Madrid;2807911050 Madrid sección 11050;Total;Todas las edades;2025;1.235
28 Madrid;28079 Madrid;2807911051 Madrid sección 11051;Total;Todas las edades;2025;1.509
28 Madrid;28079 Madrid;2807911054 Madrid sección 11054;Total;Todas las edades;2025;1.214
28 Madrid;28079 Madrid;2807911055 Madrid sección 11055;Total;Todas las edades;2025;1.696
28 Madrid;28079 Madrid;2807911056 Madrid sección 11056;Total;Todas las edades;2025;1.322
28 Madrid;28079 Madrid;2807911057 Madrid sección 11057;Total;Todas las edades;2025;1.349
28 Madrid;28079 Madrid;2807911058 Madrid sección 11058;Total;Todas las edades;2025;845
28 Madrid;28079 Madrid;2807911059 Madrid sección 11059;Total;Todas las edades;2025;1.476
28 Madrid;28079 Madrid;2807911060 Madrid sección 11060;Total;Todas las edades;2025;1.218
28 Madrid;28079 Madrid;2807911061 Madrid sección 11061;Total;Todas las edades;2025;1.190
28 Madrid;28079 Madrid;2807911062 Madrid sección 11062;Total;Todas las edades;2025;1.882
28 Madrid;28079 Madrid;2807911063 Madrid sección 11063;Total;Todas las edades;2025;2.425
28 Madrid;28079 Madrid;2807911065 Madrid sección 11065;Total;Todas las edades;2025;1.641
28 Madrid;28079 Madrid;2807911066 Madrid sección 11066;Total;Todas las edades;2025;""
28 Madrid;28079 Madrid;2807911067 Madrid sección 11067;Total;Todas las edades;2025;1.932
28 Madrid;28079 Madrid;2807911068 Madrid sección 11068;Total;Todas las edades;2025;1.368
28 Madrid;28079 Madrid;2807911069 Madrid sección 11069;Total;Todas las edades;2025;2.340
28 Madrid;28079 Madrid;2807911070 Madrid sección 11070;Total;Todas las edades;2025;2.321
28 Madrid;28079 Madrid;2807911071 Madrid sección 11071;Total;Todas las edades;2025;2.011
28 Madrid;28079 Madrid;2807911072 Madrid sección 11072;Total;Todas las edades;2025;1.706
28 Madrid;28079 Madrid;2807911073 Madrid sección 11073;Total;Todas las edades;2025;1.712
28 Madrid;28079 Madrid;2807911074 Madrid sección 11074;Total;Todas las edades;2025;1.051
28 Madrid;28079 Madrid;2807911075 Madrid sección 11075;Total;Todas las edades;2025;790
28 Madrid;28079 Madrid;2807911078 Madrid sección 11078;Total;Todas las edades;2025;1.698
28 Madrid;28079 Madrid;2807911079 Madrid sección 11079;Total;Todas las edades;2025;1.090
28 Madrid;28079 Madrid;2807911080 Madrid sección 11080;Total;Todas las edades;2025;2.193
28 Madrid;28079 Madrid;2807911081 Madrid sección 11081;Total;Todas las edades;2025;2.080
28 Madrid;28079 Madrid;2807911082 Madrid sección 11082;Total;Todas las edades;2025;1.286
28 Madrid;28079 Madrid;2807911083 Madrid sección 11083;Total;Todas las edades;2025;1.091
28 Madrid;28079 Madrid;2807911085 Madrid sección 11085;Total;Todas las edades;2025;2.525
28 Madrid;28079 Madrid;2807911086 Madrid sección 11086;Total;Todas las edades;2025;1.309
28 Madrid;28079 Madrid;2807911087 Madrid sección 11087;Total;Todas las edades;2025;1.746
28 Madrid;28079 Madrid;2807911088 Madrid sección 11088;Total;Todas las edades;2025;1.843
28 Madrid;28079 Madrid;2807911089 Madrid sección 11089;Total;Todas las edades;2025;2.231
28 Madrid;28079 Madrid;2807911091 Madrid sección 11091;Total;Todas las edades;2025;1.638
28 Madrid;28079 Madrid;2807911092 Madrid sección 11092;Total;Todas las edades;2025;1.285
28 Madrid;28079 Madrid;2807911093 Madrid sección 11093;Total;Todas las edades;2025;1.265
28 Madrid;28079 Madrid;2807911094 Madrid sección 11094;Total;Todas las edades;2025;1.291
28 Madrid;28079 Madrid;2807911095 Madrid sección 11095;Total;Todas las edades;2025;1.120
28 Madrid;28079 Madrid;2807911096 Madrid sección 11096;Total;Todas las edades;2025;864
28 Madrid;28079 Madrid;2807911097 Madrid sección 11097;Total;Todas las edades;2025;1.201
28 Madrid;28079 Madrid;2807911098 Madrid sección 11098;Total;Todas las edades;2025;1.452
28 Madrid;28079 Madrid;2807911099 Madrid sección 11099;Total;Todas las edades;2025;1.020
28 Madrid;28079 Madrid;2807911100 Madrid sección 11100;Total;Todas las edades;2025;2.204
28 Madrid;28079 Madrid;2807911101 Madrid sección 11101;Total;Todas las edades;2025;1.749
28 Madrid;28079 Madrid;2807911102 Madrid sección 11102;Total;Todas las edades;2025;1.515
28 Madrid;28079 Madrid;2807911103 Madrid sección 11103;Total;Todas las edades;2025;1.879
28 Madrid;28079 Madrid;2807911104 Madrid sección 11104;Total;Todas las edades;2025;1.219
28 Madrid;28079 Madrid;2807911105 Madrid sección 11105;Total;Todas las edades;2025;1.034
28 Madrid;28079 Madrid;2807911106 Madrid sección 11106;Total;Todas las edades;2025;1.110
28 Madrid;28079 Madrid;2807911107 Madrid sección 11107;Total;Todas las edades;2025;1.304
28 Madrid;28079 Madrid;2807911108 Madrid sección 11108;Total;Todas las edades;2025;1.459
28 Madrid;28079 Madrid;2807911109 Madrid sección 11109;Total;Todas las edades;2025;1.513
28 Madrid;28079 Madrid;2807911110 Madrid sección 11110;Total;Todas las edades;2025;1.277
28 Madrid;28079 Madrid;2807911111 Madrid sección 11111;Total;Todas las edades;2025;1.405
28 Madrid;28079 Madrid;2807911112 Madrid sección 11112;Total;Todas las edades;2025;1.393
28 Madrid;28079 Madrid;2807911113 Madrid sección 11113;Total;Todas las edades;2025;1.803
28 Madrid;28079 Madrid;2807911114 Madrid sección 11114;Total;Todas las edades;2025;1.476
28 Madrid;28079 Madrid;2807911115 Madrid sección 11115;Total;Todas las edades;2025;2.245
28 Madrid;28079 Madrid;2807911116 Madrid sección 11116;Total;Todas las edades;2025;1.012
28 Madrid;28079 Madrid;2807911117 Madrid sección 11117;Total;Todas las edades;2025;2.124
28 Madrid;28079 Madrid;2807911118 Madrid sección 11118;Total;Todas las edades;2025;1.274
28 Madrid;28079 Madrid;2807911119 Madrid sección 11119;Total;Todas las edades;2025;1.542
28 Madrid;28079 Madrid;2807911120 Madrid sección 11120;Total;Todas las edades;2025;1.286
28 Madrid;28079 Madrid;2807911121 Madrid sección 11121;Total;Todas las edades;2025;1.838
28 Madrid;28079 Madrid;2807911122 Madrid sección 11122;Total;Todas las edades;2025;1.376
28 Madrid;28079 Madrid;2807911123 Madrid sección 11123;Total;Todas las edades;2025;1.043
28 Madrid;28079 Madrid;2807911124 Madrid sección 11124;Total;Todas las edades;2025;1.869
28 Madrid;28079 Madrid;2807911125 Madrid sección 11125;Total;Todas las edades;2025;1.648
28 Madrid;28079 Madrid;2807911126 Madrid sección 11126;Total;Todas las edades;2025;1.426
28 Madrid;28079 Madrid;2807911128 Madrid sección 11128;Total;Todas las edades;2025;1.379
28 Madrid;28079 Madrid;2807911129 Madrid sección 11129;Total;Todas las edades;2025;1.043
28 Madrid;28079 Madrid;2807911130 Madrid sección 11130;Total;Todas las edades;2025;2.053
28 Madrid;28079 Madrid;2807911131 Madrid sección 11131;Total;Todas las edades;2025;1.227
28 Madrid;28079 Madrid;2807911132 Madrid sección 11132;Total;Todas las edades;2025;1.184
28 Madrid;28079 Madrid;2807911133 Madrid sección 11133;Total;Todas las edades;2025;1.156
28 Madrid;28079 Madrid;2807911134 Madrid sección 11134;Total;Todas las edades;2025;925
28 Madrid;28079 Madrid;2807911135 Madrid sección 11135;Total;Todas las edades;2025;1.062
28 Madrid;28079 Madrid;2807911136 Madrid sección 11136;Total;Todas las edades;2025;1.343
28 Madrid;28079 Madrid;2807911137 Madrid sección 11137;Total;Todas las edades;2025;2.280
28 Madrid;28079 Madrid;2807911138 Madrid sección 11138;Total;Todas las edades;2025;1.278
28 Madrid;28079 Madrid;2807911139 Madrid sección 11139;Total;Todas las edades;2025;1.316
28 Madrid;28079 Madrid;2807911140 Madrid sección 11140;Total;Todas las edades;2025;1.973
28 Madrid;28079 Madrid;2807911141 Madrid sección 11141;Total;Todas las edades;2025;1.420
28 Madrid;28079 Madrid;2807911142 Madrid sección 11142;Total;Todas las edades;2025;794
28 Madrid;28079 Madrid;2807911143 Madrid sección 11143;Total;Todas las edades;2025;1.448
28 Madrid;28079 Madrid;2807911145 Madrid sección 11145;Total;Todas las edades;2025;1.308
28 Madrid;28079 Madrid;2807911146 Madrid sección 11146;Total;Todas las edades;2025;1.513
28 Madrid;28079 Madrid;2807911147 Madrid sección 11147;Total;Todas las edades;2025;1.417
28 Madrid;28079 Madrid;2807911148 Madrid sección 11148;Total;Todas las edades;2025;2.516
28 Madrid;28079 Madrid;2807911149 Madrid sección 11149;Total;Todas las edades;2025;989
28 Madrid;28079 Madrid;2807911150 Madrid sección 11150;Total;Todas las edades;2025;1.256
28 Madrid;28079 Madrid;2807911151 Madrid sección 11151;Total;Todas las edades;2025;1.221
28 Madrid;28079 Madrid;2807911152 Madrid sección 11152;Total;Todas las edades;2025;2.355
28 Madrid;28079 Madrid;2807911153 Madrid sección 11153;Total;Todas las edades;2025;1.762
28 Madrid;28079 Madrid;2807911154 Madrid sección 11154;Total;Todas las edades;2025;1.368
28 Madrid;28079 Madrid;2807911155 Madrid sección 11155;Total;Todas las edades;2025;2.552
28 Madrid;28079 Madrid;2807911156 Madrid sección 11156;Total;Todas las edades;2025;2.009
28 Madrid;28079 Madrid;2807911157 Madrid sección 11157;Total;Todas las edades;2025;1.260
28 Madrid;28079 Madrid;2807911158 Madrid sección 11158;Total;Todas las edades;2025;1.388
28 Madrid;28079 Madrid;2807911160 Madrid sección 11160;Total;Todas las edades;2025;1.806
28 Madrid;28079 Madrid;2807911161 Madrid sección 11161;Total;Todas las edades;2025;1.585
28 Madrid;28079 Madrid;2807911162 Madrid sección 11162;Total;Todas las edades;2025;993
28 Madrid;28079 Madrid;2807911163 Madrid sección 11163;Total;Todas las edades;2025;1.450
28 Madrid;28079 Madrid;2807911165 Madrid sección 11165;Total;Todas las edades;2025;1.933
28 Madrid;28079 Madrid;2807911167 Madrid sección 11167;Total;Todas las edades;2025;1.210
28 Madrid;28079 Madrid;2807911168 Madrid sección 11168;Total;Todas las edades;2025;1.071
28 Madrid;28079 Madrid;2807911169 Madrid sección 11169;Total;Todas las edades;2025;2.944
28 Madrid;28079 Madrid;2807911170 Madrid sección 11170;Total;Todas las edades;2025;1.117
28 Madrid;28079 Madrid;2807911171 Madrid sección 11171;Total;Todas las edades;2025;1.133
28 Madrid;28079 Madrid;2807911173 Madrid sección 11173;Total;Todas las edades;2025;1.559
28 Madrid;28079 Madrid;2807911174 Madrid sección 11174;Total;Todas las edades;2025;912
28 Madrid;28079 Madrid;2807911175 Madrid sección 11175;Total;Todas las edades;2025;1.738
28 Madrid;28079 Madrid;2807911176 Madrid sección 11176;Total;Todas las edades;2025;1.286
28 Madrid;28079 Madrid;2807911177 Madrid sección 11177;Total;Todas las edades;2025;2.660
28 Madrid;28079 Madrid;2807911178 Madrid sección 11178;Total;Todas las edades;2025;1.025
28 Madrid;28079 Madrid;2807911179 Madrid sección 11179;Total;Todas las edades;2025;1.017
28 Madrid;28079 Madrid;2807911180 Madrid sección 11180;Total;Todas las edades;2025;1.384
28 Madrid;28079 Madrid;2807911181 Madrid sección 11181;Total;Todas las edades;2025;974
28 Madrid;28079 Madrid;2807911182 Madrid sección 11182;Total;Todas las edades;2025;1.375
28 Madrid;28079 Madrid;2807911183 Madrid sección 11183;Total;Todas las edades;2025;2.540
28 Madrid;28079 Madrid;2807911184 Madrid sección 11184;Total;Todas las edades;2025;1.131
28 Madrid;28079 Madrid;2807911185 Madrid sección 11185;Total;Todas las edades;2025;1.676
28 Madrid;28079 Madrid;2807911186 Madrid sección 11186;Total;Todas las edades;2025;2.060
28 Madrid;28079 Madrid;2807911187 Madrid sección 11187;Total;Todas las edades;2025;1.886
28 Madrid;28079 Madrid;2807911188 Madrid sección 11188;Total;Todas las edades;2025;1.951
28 Madrid;28079 Madrid;2807911189 Madrid sección 11189;Total;Todas las edades;2025;2.564
28 Madrid;28079 Madrid;2807911190 Madrid sección 11190;Total;Todas las edades;2025;1.597
28 Madrid;28079 Madrid;2807911191 Madrid sección 11191;Total;Todas las edades;2025;3.036
28 Madrid;28079 Madrid;2807911192 Madrid sección 11192;Total;Todas las edades;2025;1.998
28 Madrid;28079 Madrid;2807911193 Madrid sección 11193;Total;Todas las edades;2025;1.886
28 Madrid;28079 Madrid;2807911194 Madrid sección 11194;Total;Todas las edades;2025;1.171
28 Madrid;28079 Madrid;2807911195 Madrid sección 11195;Total;Todas las edades;2025;1.926
28 Madrid;28079 Madrid;2807911196 Madrid sección 11196;Total;Todas las edades;2025;1.271
28 Madrid;28079 Madrid;2807911197 Madrid sección 11197;Total;Todas las edades;2025;1.561
28 Madrid;28079 Madrid;2807911198 Madrid sección 11198;Total;Todas las edades;2025;2.185
28 Madrid;28079 Madrid;2807911199 Madrid sección 11199;Total;Todas las edades;2025;1.886
28 Madrid;28079 Madrid;2807911200 Madrid sección 11200;Total;Todas las edades;2025;1.328
28 Madrid;28079 Madrid;2807911201 Madrid sección 11201;Total;Todas las edades;2025;1.389
28 Madrid;28079 Madrid;2807912001 Madrid sección 12001;Total;Todas las edades;2025;691
28 Madrid;28079 Madrid;2807912002 Madrid sección 12002;Total;Todas las edades;2025;833
28 Madrid;28079 Madrid;2807912003 Madrid sección 12003;Total;Todas las edades;2025;1.292
28 Madrid;28079 Madrid;2807912005 Madrid sección 12005;Total;Todas las edades;2025;1.139
28 Madrid;28079 Madrid;2807912006 Madrid sección 12006;Total;Todas las edades;2025;813
28 Madrid;28079 Madrid;2807912007 Madrid sección 12007;Total;Todas las edades;2025;1.524
28 Madrid;28079 Madrid;2807912008 Madrid sección 12008;Total;Todas las edades;2025;1.270
28 Madrid;28079 Madrid;2807912009 Madrid sección 12009;Total;Todas las edades;2025;1.145
28 Madrid;28079 Madrid;2807912010 Madrid sección 12010;Total;Todas las edades;2025;1.002
28 Madrid;28079 Madrid;2807912011 Madrid sección 12011;Total;Todas las edades;2025;1.026
28 Madrid;28079 Madrid;2807912012 Madrid sección 12012;Total;Todas las edades;2025;1.063
28 Madrid;28079 Madrid;2807912013 Madrid sección 12013;Total;Todas las edades;2025;1.044
28 Madrid;28079 Madrid;2807912014 Madrid sección 12014;Total;Todas las edades;2025;1.052
28 Madrid;28079 Madrid;2807912015 Madrid sección 12015;Total;Todas las edades;2025;1.157
28 Madrid;28079 Madrid;2807912016 Madrid sección 12016;Total;Todas las edades;2025;1.693
28 Madrid;28079 Madrid;2807912018 Madrid sección 12018;Total;Todas las edades;2025;1.970
28 Madrid;28079 Madrid;2807912019 Madrid sección 12019;Total;Todas las edades;2025;1.327
28 Madrid;28079 Madrid;2807912020 Madrid sección 12020;Total;Todas las edades;2025;1.519
28 Madrid;28079 Madrid;2807912022 Madrid sección 12022;Total;Todas las edades;2025;1.812
28 Madrid;28079 Madrid;2807912023 Madrid sección 12023;Total;Todas las edades;2025;1.580
28 Madrid;28079 Madrid;2807912024 Madrid sección 12024;Total;Todas las edades;2025;2.197
28 Madrid;28079 Madrid;2807912027 Madrid sección 12027;Total;Todas las edades;2025;1.830
28 Madrid;28079 Madrid;2807912028 Madrid sección 12028;Total;Todas las edades;2025;993
28 Madrid;28079 Madrid;2807912029 Madrid sección 12029;Total;Todas las edades;2025;1.476
28 Madrid;28079 Madrid;2807912030 Madrid sección 12030;Total;Todas las edades;2025;1.405
28 Madrid;28079 Madrid;2807912031 Madrid sección 12031;Total;Todas las edades;2025;924
28 Madrid;28079 Madrid;2807912032 Madrid sección 12032;Total;Todas las edades;2025;2.804
28 Madrid;28079 Madrid;2807912033 Madrid sección 12033;Total;Todas las edades;2025;1.331
28 Madrid;28079 Madrid;2807912034 Madrid sección 12034;Total;Todas las edades;2025;2.385
28 Madrid;28079 Madrid;2807912037 Madrid sección 12037;Total;Todas las edades;2025;1.417
28 Madrid;28079 Madrid;2807912039 Madrid sección 12039;Total;Todas las edades;2025;1.190
28 Madrid;28079 Madrid;2807912041 Madrid sección 12041;Total;Todas las edades;2025;1.774
28 Madrid;28079 Madrid;2807912042 Madrid sección 12042;Total;Todas las edades;2025;1.396
28 Madrid;28079 Madrid;2807912043 Madrid sección 12043;Total;Todas las edades;2025;1.439
28 Madrid;28079 Madrid;2807912044 Madrid sección 12044;Total;Todas las edades;2025;1.791
28 Madrid;28079 Madrid;2807912045 Madrid sección 12045;Total;Todas las edades;2025;2.050
28 Madrid;28079 Madrid;2807912046 Madrid sección 12046;Total;Todas las edades;2025;1.999
28 Madrid;28079 Madrid;2807912047 Madrid sección 12047;Total;Todas las edades;2025;1.266
28 Madrid;28079 Madrid;2807912048 Madrid sección 12048;Total;Todas las edades;2025;1.791
28 Madrid;28079 Madrid;2807912049 Madrid sección 12049;Total;Todas las edades;2025;1.875
28 Madrid;28079 Madrid;2807912050 Madrid sección 12050;Total;Todas las edades;2025;1.558
28 Madrid;28079 Madrid;2807912051 Madrid sección 12051;Total;Todas las edades;2025;1.438
28 Madrid;28079 Madrid;2807912052 Madrid sección 12052;Total;Todas las edades;2025;2.422
28 Madrid;28079 Madrid;2807912053 Madrid sección 12053;Total;Todas las edades;2025;1.936
28 Madrid;28079 Madrid;2807912054 Madrid sección 12054;Total;Todas las edades;2025;1.359
28 Madrid;28079 Madrid;2807912055 Madrid sección 12055;Total;Todas las edades;2025;1.874
28 Madrid;28079 Madrid;2807912056 Madrid sección 12056;Total;Todas las edades;2025;1.973
28 Madrid;28079 Madrid;2807912057 Madrid sección 12057;Total;Todas las edades;2025;1.804
28 Madrid;28079 Madrid;2807912059 Madrid sección 12059;Total;Todas las edades;2025;1.699
28 Madrid;28079 Madrid;2807912061 Madrid sección 12061;Total;Todas las edades;2025;2.377
28 Madrid;28079 Madrid;2807912062 Madrid sección 12062;Total;Todas las edades;2025;1.668
28 Madrid;28079 Madrid;2807912064 Madrid sección 12064;Total;Todas las edades;2025;1.485
28 Madrid;28079 Madrid;2807912065 Madrid sección 12065;Total;Todas las edades;2025;1.467
28 Madrid;28079 Madrid;2807912066 Madrid sección 12066;Total;Todas las edades;2025;1.867
28 Madrid;28079 Madrid;2807912067 Madrid sección 12067;Total;Todas las edades;2025;2.406
28 Madrid;28079 Madrid;2807912069 Madrid sección 12069;Total;Todas las edades;2025;1.352
28 Madrid;28079 Madrid;2807912070 Madrid sección 12070;Total;Todas las edades;2025;1.179
28 Madrid;28079 Madrid;2807912071 Madrid sección 12071;Total;Todas las edades;2025;1.922
28 Madrid;28079 Madrid;2807912073 Madrid sección 12073;Total;Todas las edades;2025;1.232
28 Madrid;28079 Madrid;2807912074 Madrid sección 12074;Total;Todas las edades;2025;1.036
28 Madrid;28079 Madrid;2807912075 Madrid sección 12075;Total;Todas las edades;2025;1.840
28 Madrid;28079 Madrid;2807912077 Madrid sección 12077;Total;Todas las edades;2025;1.580
28 Madrid;28079 Madrid;2807912078 Madrid sección 12078;Total;Todas las edades;2025;1.624
28 Madrid;28079 Madrid;2807912079 Madrid sección 12079;Total;Todas las edades;2025;1.332
28 Madrid;28079 Madrid;2807912080 Madrid sección 12080;Total;Todas las edades;2025;1.725
28 Madrid;28079 Madrid;2807912081 Madrid sección 12081;Total;Todas las edades;2025;1.596
28 Madrid;28079 Madrid;2807912082 Madrid sección 12082;Total;Todas las edades;2025;1.148
28 Madrid;28079 Madrid;2807912083 Madrid sección 12083;Total;Todas las edades;2025;1.436
28 Madrid;28079 Madrid;2807912084 Madrid sección 12084;Total;Todas las edades;2025;1.233
28 Madrid;28079 Madrid;2807912086 Madrid sección 12086;Total;Todas las edades;2025;1.307
28 Madrid;28079 Madrid;2807912087 Madrid sección 12087;Total;Todas las edades;2025;2.116
28 Madrid;28079 Madrid;2807912088 Madrid sección 12088;Total;Todas las edades;2025;2.320
28 Madrid;28079 Madrid;2807912089 Madrid sección 12089;Total;Todas las edades;2025;1.374
28 Madrid;28079 Madrid;2807912090 Madrid sección 12090;Total;Todas las edades;2025;1.414
28 Madrid;28079 Madrid;2807912091 Madrid sección 12091;Total;Todas las edades;2025;1.860
28 Madrid;28079 Madrid;2807912092 Madrid sección 12092;Total;Todas las edades;2025;1.566
28 Madrid;28079 Madrid;2807912093 Madrid sección 12093;Total;Todas las edades;2025;2.196
28 Madrid;28079 Madrid;2807912094 Madrid sección 12094;Total;Todas las edades;2025;2.516
28 Madrid;28079 Madrid;2807912096 Madrid sección 12096;Total;Todas las edades;2025;1.717
28 Madrid;28079 Madrid;2807912097 Madrid sección 12097;Total;Todas las edades;2025;1.396
28 Madrid;28079 Madrid;2807912098 Madrid sección 12098;Total;Todas las edades;2025;1.786
28 Madrid;28079 Madrid;2807912099 Madrid sección 12099;Total;Todas las edades;2025;1.307
28 Madrid;28079 Madrid;2807912100 Madrid sección 12100;Total;Todas las edades;2025;1.707
28 Madrid;28079 Madrid;2807912101 Madrid sección 12101;Total;Todas las edades;2025;1.827
28 Madrid;28079 Madrid;2807912102 Madrid sección 12102;Total;Todas las edades;2025;2.577
28 Madrid;28079 Madrid;2807912103 Madrid sección 12103;Total;Todas las edades;2025;2.457
28 Madrid;28079 Madrid;2807912104 Madrid sección 12104;Total;Todas las edades;2025;1.917
28 Madrid;28079 Madrid;2807912105 Madrid sección 12105;Total;Todas las edades;2025;1.671
28 Madrid;28079 Madrid;2807912106 Madrid sección 12106;Total;Todas las edades;2025;2.422
28 Madrid;28079 Madrid;2807912107 Madrid sección 12107;Total;Todas las edades;2025;2.542
28 Madrid;28079 Madrid;2807912108 Madrid sección 12108;Total;Todas las edades;2025;1.510
28 Madrid;28079 Madrid;2807912109 Madrid sección 12109;Total;Todas las edades;2025;2.269
28 Madrid;28079 Madrid;2807912110 Madrid sección 12110;Total;Todas las edades;2025;1.755
28 Madrid;28079 Madrid;2807913002 Madrid sección 13002;Total;Todas las edades;2025;1.267
28 Madrid;28079 Madrid;2807913003 Madrid sección 13003;Total;Todas las edades;2025;977
28 Madrid;28079 Madrid;2807913004 Madrid sección 13004;Total;Todas las edades;2025;762
28 Madrid;28079 Madrid;2807913005 Madrid sección 13005;Total;Todas las edades;2025;982
28 Madrid;28079 Madrid;2807913006 Madrid sección 13006;Total;Todas las edades;2025;970
28 Madrid;28079 Madrid;2807913007 Madrid sección 13007;Total;Todas las edades;2025;1.067
28 Madrid;28079 Madrid;2807913008 Madrid sección 13008;Total;Todas las edades;2025;1.813
28 Madrid;28079 Madrid;2807913010 Madrid sección 13010;Total;Todas las edades;2025;1.150
28 Madrid;28079 Madrid;2807913011 Madrid sección 13011;Total;Todas las edades;2025;952
28 Madrid;28079 Madrid;2807913012 Madrid sección 13012;Total;Todas las edades;2025;1.376
28 Madrid;28079 Madrid;2807913013 Madrid sección 13013;Total;Todas las edades;2025;1.428
28 Madrid;28079 Madrid;2807913014 Madrid sección 13014;Total;Todas las edades;2025;2.276
28 Madrid;28079 Madrid;2807913016 Madrid sección 13016;Total;Todas las edades;2025;1.356
28 Madrid;28079 Madrid;2807913017 Madrid sección 13017;Total;Todas las edades;2025;1.032
28 Madrid;28079 Madrid;2807913018 Madrid sección 13018;Total;Todas las edades;2025;992
28 Madrid;28079 Madrid;2807913019 Madrid sección 13019;Total;Todas las edades;2025;796
28 Madrid;28079 Madrid;2807913021 Madrid sección 13021;Total;Todas las edades;2025;1.022
28 Madrid;28079 Madrid;2807913022 Madrid sección 13022;Total;Todas las edades;2025;1.053
28 Madrid;28079 Madrid;2807913023 Madrid sección 13023;Total;Todas las edades;2025;872
28 Madrid;28079 Madrid;2807913024 Madrid sección 13024;Total;Todas las edades;2025;941
28 Madrid;28079 Madrid;2807913026 Madrid sección 13026;Total;Todas las edades;2025;1.004
28 Madrid;28079 Madrid;2807913027 Madrid sección 13027;Total;Todas las edades;2025;""
28 Madrid;28079 Madrid;2807913028 Madrid sección 13028;Total;Todas las edades;2025;882
28 Madrid;28079 Madrid;2807913029 Madrid sección 13029;Total;Todas las edades;2025;1.395
28 Madrid;28079 Madrid;2807913030 Madrid sección 13030;Total;Todas las edades;2025;1.956
28 Madrid;28079 Madrid;2807913031 Madrid sección 13031;Total;Todas las edades;2025;1.274
28 Madrid;28079 Madrid;2807913032 Madrid sección 13032;Total;Todas las edades;2025;2.184
28 Madrid;28079 Madrid;2807913033 Madrid sección 13033;Total;Todas las edades;2025;1.512
28 Madrid;28079 Madrid;2807913034 Madrid sección 13034;Total;Todas las edades;2025;1.453
28 Madrid;28079 Madrid;2807913035 Madrid sección 13035;Total;Todas las edades;2025;2.867
28 Madrid;28079 Madrid;2807913036 Madrid sección 13036;Total;Todas las edades;2025;1.400
28 Madrid;28079 Madrid;2807913037 Madrid sección 13037;Total;Todas las edades;2025;1.631
28 Madrid;28079 Madrid;2807913038 Madrid sección 13038;Total;Todas las edades;2025;1.239
28 Madrid;28079 Madrid;2807913039 Madrid sección 13039;Total;Todas las edades;2025;1.125
28 Madrid;28079 Madrid;2807913040 Madrid sección 13040;Total;Todas las edades;2025;1.631
28 Madrid;28079 Madrid;2807913041 Madrid sección 13041;Total;Todas las edades;2025;2.300
28 Madrid;28079 Madrid;2807913042 Madrid sección 13042;Total;Todas las edades;2025;1.579
28 Madrid;28079 Madrid;2807913043 Madrid sección 13043;Total;Todas las edades;2025;1.752
28 Madrid;28079 Madrid;2807913044 Madrid sección 13044;Total;Todas las edades;2025;2.466
28 Madrid;28079 Madrid;2807913045 Madrid sección 13045;Total;Todas las edades;2025;1.682
28 Madrid;28079 Madrid;2807913046 Madrid sección 13046;Total;Todas las edades;2025;2.291
28 Madrid;28079 Madrid;2807913047 Madrid sección 13047;Total;Todas las edades;2025;1.828
28 Madrid;28079 Madrid;2807913048 Madrid sección 13048;Total;Todas las edades;2025;1.710
28 Madrid;28079 Madrid;2807913049 Madrid sección 13049;Total;Todas las edades;2025;2.245
28 Madrid;28079 Madrid;2807913050 Madrid sección 13050;Total;Todas las edades;2025;1.349
28 Madrid;28079 Madrid;2807913052 Madrid sección 13052;Total;Todas las edades;2025;1.253
28 Madrid;28079 Madrid;2807913053 Madrid sección 13053;Total;Todas las edades;2025;1.533
28 Madrid;28079 Madrid;2807913054 Madrid sección 13054;Total;Todas las edades;2025;2.227
28 Madrid;28079 Madrid;2807913055 Madrid sección 13055;Total;Todas las edades;2025;1.503
28 Madrid;28079 Madrid;2807913056 Madrid sección 13056;Total;Todas las edades;2025;1.968
28 Madrid;28079 Madrid;2807913057 Madrid sección 13057;Total;Todas las edades;2025;1.752
28 Madrid;28079 Madrid;2807913058 Madrid sección 13058;Total;Todas las edades;2025;1.367
28 Madrid;28079 Madrid;2807913059 Madrid sección 13059;Total;Todas las edades;2025;1.369
28 Madrid;28079 Madrid;2807913060 Madrid sección 13060;Total;Todas las edades;2025;1.331
28 Madrid;28079 Madrid;2807913061 Madrid sección 13061;Total;Todas las edades;2025;1.215
28 Madrid;28079 Madrid;2807913062 Madrid sección 13062;Total;Todas las edades;2025;1.373
28 Madrid;28079 Madrid;2807913063 Madrid sección 13063;Total;Todas las edades;2025;1.125
28 Madrid;28079 Madrid;2807913065 Madrid sección 13065;Total;Todas las edades;2025;2.201
28 Madrid;28079 Madrid;2807913066 Madrid sección 13066;Total;Todas las edades;2025;1.177
28 Madrid;28079 Madrid;2807913069 Madrid sección 13069;Total;Todas las edades;2025;896
28 Madrid;28079 Madrid;2807913074 Madrid sección 13074;Total;Todas las edades;2025;2.059
28 Madrid;28079 Madrid;2807913077 Madrid sección 13077;Total;Todas las edades;2025;1.398
28 Madrid;28079 Madrid;2807913078 Madrid sección 13078;Total;Todas las edades;2025;1.730
28 Madrid;28079 Madrid;2807913079 Madrid sección 13079;Total;Todas las edades;2025;1.826
28 Madrid;28079 Madrid;2807913080 Madrid sección 13080;Total;Todas las edades;2025;1.851
28 Madrid;28079 Madrid;2807913083 Madrid sección 13083;Total;Todas las edades;2025;2.126
28 Madrid;28079 Madrid;2807913084 Madrid sección 13084;Total;Todas las edades;2025;1.202
28 Madrid;28079 Madrid;2807913086 Madrid sección 13086;Total;Todas las edades;2025;1.585
28 Madrid;28079 Madrid;2807913087 Madrid sección 13087;Total;Todas las edades;2025;790
28 Madrid;28079 Madrid;2807913088 Madrid sección 13088;Total;Todas las edades;2025;1.087
28 Madrid;28079 Madrid;2807913089 Madrid sección 13089;Total;Todas las edades;2025;946
28 Madrid;28079 Madrid;2807913090 Madrid sección 13090;Total;Todas las edades;2025;1.097
28 Madrid;28079 Madrid;2807913091 Madrid sección 13091;Total;Todas las edades;2025;1.166
28 Madrid;28079 Madrid;2807913092 Madrid sección 13092;Total;Todas las edades;2025;2.277
28 Madrid;28079 Madrid;2807913094 Madrid sección 13094;Total;Todas las edades;2025;2.114
28 Madrid;28079 Madrid;2807913103 Madrid sección 13103;Total;Todas las edades;2025;926
28 Madrid;28079 Madrid;2807913104 Madrid sección 13104;Total;Todas las edades;2025;1.810
28 Madrid;28079 Madrid;2807913108 Madrid sección 13108;Total;Todas las edades;2025;1.878
28 Madrid;28079 Madrid;2807913109 Madrid sección 13109;Total;Todas las edades;2025;2.164
28 Madrid;28079 Madrid;2807913110 Madrid sección 13110;Total;Todas las edades;2025;931
28 Madrid;28079 Madrid;2807913111 Madrid sección 13111;Total;Todas las edades;2025;846
28 Madrid;28079 Madrid;2807913112 Madrid sección 13112;Total;Todas las edades;2025;1.392
28 Madrid;28079 Madrid;2807913114 Madrid sección 13114;Total;Todas las edades;2025;""
28 Madrid;28079 Madrid;2807913115 Madrid sección 13115;Total;Todas las edades;2025;2.502
28 Madrid;28079 Madrid;2807913116 Madrid sección 13116;Total;Todas las edades;2025;834
28 Madrid;28079 Madrid;2807913117 Madrid sección 13117;Total;Todas las edades;2025;1.842
28 Madrid;28079 Madrid;2807913118 Madrid sección 13118;Total;Todas las edades;2025;791
28 Madrid;28079 Madrid;2807913119 Madrid sección 13119;Total;Todas las edades;2025;1.435
28 Madrid;28079 Madrid;2807913120 Madrid sección 13120;Total;Todas las edades;2025;1.333
28 Madrid;28079 Madrid;2807913121 Madrid sección 13121;Total;Todas las edades;2025;999
28 Madrid;28079 Madrid;2807913122 Madrid sección 13122;Total;Todas las edades;2025;929
28 Madrid;28079 Madrid;2807913123 Madrid sección 13123;Total;Todas las edades;2025;1.313
28 Madrid;28079 Madrid;2807913124 Madrid sección 13124;Total;Todas las edades;2025;1.530
28 Madrid;28079 Madrid;2807913125 Madrid sección 13125;Total;Todas las edades;2025;1.284
28 Madrid;28079 Madrid;2807913126 Madrid sección 13126;Total;Todas las edades;2025;""
28 Madrid;28079 Madrid;2807913127 Madrid sección 13127;Total;Todas las edades;2025;2.689
28 Madrid;28079 Madrid;2807913128 Madrid sección 13128;Total;Todas las edades;2025;1.362
28 Madrid;28079 Madrid;2807913129 Madrid sección 13129;Total;Todas las edades;2025;831
28 Madrid;28079 Madrid;2807913131 Madrid sección 13131;Total;Todas las edades;2025;767
28 Madrid;28079 Madrid;2807913132 Madrid sección 13132;Total;Todas las edades;2025;1.164
28 Madrid;28079 Madrid;2807913133 Madrid sección 13133;Total;Todas las edades;2025;1.079
28 Madrid;28079 Madrid;2807913134 Madrid sección 13134;Total;Todas las edades;2025;1.122
28 Madrid;28079 Madrid;2807913135 Madrid sección 13135;Total;Todas las edades;2025;839
28 Madrid;28079 Madrid;2807913136 Madrid sección 13136;Total;Todas las edades;2025;1.116
28 Madrid;28079 Madrid;2807913137 Madrid sección 13137;Total;Todas las edades;2025;1.688
28 Madrid;28079 Madrid;2807913138 Madrid sección 13138;Total;Todas las edades;2025;1.024
28 Madrid;28079 Madrid;2807913139 Madrid sección 13139;Total;Todas las edades;2025;1.163
28 Madrid;28079 Madrid;2807913140 Madrid sección 13140;Total;Todas las edades;2025;1.559
28 Madrid;28079 Madrid;2807913142 Madrid sección 13142;Total;Todas las edades;2025;1.584
28 Madrid;28079 Madrid;2807913143 Madrid sección 13143;Total;Todas las edades;2025;781
28 Madrid;28079 Madrid;2807913144 Madrid sección 13144;Total;Todas las edades;2025;1.537
28 Madrid;28079 Madrid;2807913145 Madrid sección 13145;Total;Todas las edades;2025;1.148
28 Madrid;28079 Madrid;2807913146 Madrid sección 13146;Total;Todas las edades;2025;1.299
28 Madrid;28079 Madrid;2807913147 Madrid sección 13147;Total;Todas las edades;2025;1.396
28 Madrid;28079 Madrid;2807913148 Madrid sección 13148;Total;Todas las edades;2025;1.444
28 Madrid;28079 Madrid;2807913150 Madrid sección 13150;Total;Todas las edades;2025;1.438
28 Madrid;28079 Madrid;2807913153 Madrid sección 13153;Total;Todas las edades;2025;1.643
28 Madrid;28079 Madrid;2807913154 Madrid sección 13154;Total;Todas las edades;2025;1.222
28 Madrid;28079 Madrid;2807913155 Madrid sección 13155;Total;Todas las edades;2025;2.410
28 Madrid;28079 Madrid;2807913156 Madrid sección 13156;Total;Todas las edades;2025;958
28 Madrid;28079 Madrid;2807913157 Madrid sección 13157;Total;Todas las edades;2025;1.444
28 Madrid;28079 Madrid;2807913158 Madrid sección 13158;Total;Todas las edades;2025;2.094
28 Madrid;28079 Madrid;2807913160 Madrid sección 13160;Total;Todas las edades;2025;1.799
28 Madrid;28079 Madrid;2807913161 Madrid sección 13161;Total;Todas las edades;2025;1.083
28 Madrid;28079 Madrid;2807913162 Madrid sección 13162;Total;Todas las edades;2025;730
28 Madrid;28079 Madrid;2807913163 Madrid sección 13163;Total;Todas las edades;2025;941
28 Madrid;28079 Madrid;2807913164 Madrid sección 13164;Total;Todas las edades;2025;857
28 Madrid;28079 Madrid;2807913166 Madrid sección 13166;Total;Todas las edades;2025;1.998
28 Madrid;28079 Madrid;2807913168 Madrid sección 13168;Total;Todas las edades;2025;2.656
28 Madrid;28079 Madrid;2807913169 Madrid sección 13169;Total;Todas las edades;2025;1.570
28 Madrid;28079 Madrid;2807913170 Madrid sección 13170;Total;Todas las edades;2025;1.110
28 Madrid;28079 Madrid;2807913171 Madrid sección 13171;Total;Todas las edades;2025;1.137
28 Madrid;28079 Madrid;2807913172 Madrid sección 13172;Total;Todas las edades;2025;1.418
28 Madrid;28079 Madrid;2807913173 Madrid sección 13173;Total;Todas las edades;2025;1.196
28 Madrid;28079 Madrid;2807913174 Madrid sección 13174;Total;Todas las edades;2025;1.690
28 Madrid;28079 Madrid;2807913175 Madrid sección 13175;Total;Todas las edades;2025;1.566
28 Madrid;28079 Madrid;2807913176 Madrid sección 13176;Total;Todas las edades;2025;1.264
28 Madrid;28079 Madrid;2807913177 Madrid sección 13177;Total;Todas las edades;2025;1.235
28 Madrid;28079 Madrid;2807913178 Madrid sección 13178;Total;Todas las edades;2025;1.183
28 Madrid;28079 Madrid;2807913179 Madrid sección 13179;Total;Todas las edades;2025;656
28 Madrid;28079 Madrid;2807913180 Madrid sección 13180;Total;Todas las edades;2025;1.072
28 Madrid;28079 Madrid;2807913181 Madrid sección 13181;Total;Todas las edades;2025;1.348
28 Madrid;28079 Madrid;2807913182 Madrid sección 13182;Total;Todas las edades;2025;1.130
28 Madrid;28079 Madrid;2807913183 Madrid sección 13183;Total;Todas las edades;2025;1.259
28 Madrid;28079 Madrid;2807913184 Madrid sección 13184;Total;Todas las edades;2025;1.864
28 Madrid;28079 Madrid;2807913185 Madrid sección 13185;Total;Todas las edades;2025;1.735
28 Madrid;28079 Madrid;2807913186 Madrid sección 13186;Total;Todas las edades;2025;2.376
28 Madrid;28079 Madrid;2807913187 Madrid sección 13187;Total;Todas las edades;2025;1.964
28 Madrid;28079 Madrid;2807913189 Madrid sección 13189;Total;Todas las edades;2025;1.329
28 Madrid;28079 Madrid;2807913190 Madrid sección 13190;Total;Todas las edades;2025;2.231
28 Madrid;28079 Madrid;2807913191 Madrid sección 13191;Total;Todas las edades;2025;2.115
28 Madrid;28079 Madrid;2807913192 Madrid sección 13192;Total;Todas las edades;2025;1.530
28 Madrid;28079 Madrid;2807913193 Madrid sección 13193;Total;Todas las edades;2025;1.493
28 Madrid;28079 Madrid;2807913194 Madrid sección 13194;Total;Todas las edades;2025;1.801
28 Madrid;28079 Madrid;2807913195 Madrid sección 13195;Total;Todas las edades;2025;1.192
28 Madrid;28079 Madrid;2807913196 Madrid sección 13196;Total;Todas las edades;2025;1.423
28 Madrid;28079 Madrid;2807913197 Madrid sección 13197;Total;Todas las edades;2025;1.844
28 Madrid;28079 Madrid;2807913198 Madrid sección 13198;Total;Todas las edades;2025;1.317
28 Madrid;28079 Madrid;2807913199 Madrid sección 13199;Total;Todas las edades;2025;1.522
28 Madrid;28079 Madrid;2807913200 Madrid sección 13200;Total;Todas las edades;2025;1.771
28 Madrid;28079 Madrid;2807913201 Madrid sección 13201;Total;Todas las edades;2025;1.080
28 Madrid;28079 Madrid;2807913202 Madrid sección 13202;Total;Todas las edades;2025;1.494
28 Madrid;28079 Madrid;2807913203 Madrid sección 13203;Total;Todas las edades;2025;1.396
28 Madrid;28079 Madrid;2807913204 Madrid sección 13204;Total;Todas las edades;2025;1.383
28 Madrid;28079 Madrid;2807913205 Madrid sección 13205;Total;Todas las edades;2025;1.201
28 Madrid;28079 Madrid;2807913206 Madrid sección 13206;Total;Todas las edades;2025;1.943
28 Madrid;28079 Madrid;2807913207 Madrid sección 13207;Total;Todas las edades;2025;2.090
28 Madrid;28079 Madrid;2807913208 Madrid sección 13208;Total;Todas las edades;2025;1.690
28 Madrid;28079 Madrid;2807913209 Madrid sección 13209;Total;Todas las edades;2025;1.454
28 Madrid;28079 Madrid;2807913210 Madrid sección 13210;Total;Todas las edades;2025;2.435
28 Madrid;28079 Madrid;2807913211 Madrid sección 13211;Total;Todas las edades;2025;1.005
28 Madrid;28079 Madrid;2807913212 Madrid sección 13212;Total;Todas las edades;2025;878
28 Madrid;28079 Madrid;2807913213 Madrid sección 13213;Total;Todas las edades;2025;1.319
28 Madrid;28079 Madrid;2807913214 Madrid sección 13214;Total;Todas las edades;2025;1.347
28 Madrid;28079 Madrid;2807913215 Madrid sección 13215;Total;Todas las edades;2025;1.278
28 Madrid;28079 Madrid;2807913216 Madrid sección 13216;Total;Todas las edades;2025;2.776
28 Madrid;28079 Madrid;2807913217 Madrid sección 13217;Total;Todas las edades;2025;1.365
28 Madrid;28079 Madrid;2807913218 Madrid sección 13218;Total;Todas las edades;2025;1.560
28 Madrid;28079 Madrid;2807913219 Madrid sección 13219;Total;Todas las edades;2025;1.345
28 Madrid;28079 Madrid;2807914002 Madrid sección 14002;Total;Todas las edades;2025;1.387
28 Madrid;28079 Madrid;2807914003 Madrid sección 14003;Total;Todas las edades;2025;1.367
28 Madrid;28079 Madrid;2807914004 Madrid sección 14004;Total;Todas las edades;2025;1.213
28 Madrid;28079 Madrid;2807914005 Madrid sección 14005;Total;Todas las edades;2025;1.325
28 Madrid;28079 Madrid;2807914006 Madrid sección 14006;Total;Todas las edades;2025;""
28 Madrid;28079 Madrid;2807914010 Madrid sección 14010;Total;Todas las edades;2025;1.189
28 Madrid;28079 Madrid;2807914012 Madrid sección 14012;Total;Todas las edades;2025;1.464
28 Madrid;28079 Madrid;2807914013 Madrid sección 14013;Total;Todas las edades;2025;981
28 Madrid;28079 Madrid;2807914014 Madrid sección 14014;Total;Todas las edades;2025;627
28 Madrid;28079 Madrid;2807914015 Madrid sección 14015;Total;Todas las edades;2025;846
28 Madrid;28079 Madrid;2807914016 Madrid sección 14016;Total;Todas las edades;2025;709
28 Madrid;28079 Madrid;2807914017 Madrid sección 14017;Total;Todas las edades;2025;819
28 Madrid;28079 Madrid;2807914018 Madrid sección 14018;Total;Todas las edades;2025;1.104
28 Madrid;28079 Madrid;2807914019 Madrid sección 14019;Total;Todas las edades;2025;""
28 Madrid;28079 Madrid;2807914020 Madrid sección 14020;Total;Todas las edades;2025;1.427
28 Madrid;28079 Madrid;2807914021 Madrid sección 14021;Total;Todas las edades;2025;900
28 Madrid;28079 Madrid;2807914022 Madrid sección 14022;Total;Todas las edades;2025;844
28 Madrid;28079 Madrid;2807914024 Madrid sección 14024;Total;Todas las edades;2025;1.408
28 Madrid;28079 Madrid;2807914025 Madrid sección 14025;Total;Todas las edades;2025;1.181
28 Madrid;28079 Madrid;2807914026 Madrid sección 14026;Total;Todas las edades;2025;916
28 Madrid;28079 Madrid;2807914027 Madrid sección 14027;Total;Todas las edades;2025;1.116
28 Madrid;28079 Madrid;2807914028 Madrid sección 14028;Total;Todas las edades;2025;1.033
28 Madrid;28079 Madrid;2807914029 Madrid sección 14029;Total;Todas las edades;2025;903
28 Madrid;28079 Madrid;2807914030 Madrid sección 14030;Total;Todas las edades;2025;1.665
28 Madrid;28079 Madrid;2807914031 Madrid sección 14031;Total;Todas las edades;2025;866
28 Madrid;28079 Madrid;2807914032 Madrid sección 14032;Total;Todas las edades;2025;936
28 Madrid;28079 Madrid;2807914033 Madrid sección 14033;Total;Todas las edades;2025;748
28 Madrid;28079 Madrid;2807914034 Madrid sección 14034;Total;Todas las edades;2025;886
28 Madrid;28079 Madrid;2807914035 Madrid sección 14035;Total;Todas las edades;2025;751
28 Madrid;28079 Madrid;2807914036 Madrid sección 14036;Total;Todas las edades;2025;1.209
28 Madrid;28079 Madrid;2807914037 Madrid sección 14037;Total;Todas las edades;2025;1.031
28 Madrid;28079 Madrid;2807914038 Madrid sección 14038;Total;Todas las edades;2025;884
28 Madrid;28079 Madrid;2807914039 Madrid sección 14039;Total;Todas las edades;2025;1.131
28 Madrid;28079 Madrid;2807914040 Madrid sección 14040;Total;Todas las edades;2025;1.765
28 Madrid;28079 Madrid;2807914041 Madrid sección 14041;Total;Todas las edades;2025;800
28 Madrid;28079 Madrid;2807914042 Madrid sección 14042;Total;Todas las edades;2025;1.078
28 Madrid;28079 Madrid;2807914043 Madrid sección 14043;Total;Todas las edades;2025;840
28 Madrid;28079 Madrid;2807914044 Madrid sección 14044;Total;Todas las edades;2025;965
28 Madrid;28079 Madrid;2807914045 Madrid sección 14045;Total;Todas las edades;2025;979
28 Madrid;28079 Madrid;2807914046 Madrid sección 14046;Total;Todas las edades;2025;1.159
28 Madrid;28079 Madrid;2807914047 Madrid sección 14047;Total;Todas las edades;2025;1.231
28 Madrid;28079 Madrid;2807914048 Madrid sección 14048;Total;Todas las edades;2025;1.136
28 Madrid;28079 Madrid;2807914049 Madrid sección 14049;Total;Todas las edades;2025;1.229
28 Madrid;28079 Madrid;2807914050 Madrid sección 14050;Total;Todas las edades;2025;1.207
28 Madrid;28079 Madrid;2807914051 Madrid sección 14051;Total;Todas las edades;2025;1.022
28 Madrid;28079 Madrid;2807914052 Madrid sección 14052;Total;Todas las edades;2025;1.001
28 Madrid;28079 Madrid;2807914053 Madrid sección 14053;Total;Todas las edades;2025;933
28 Madrid;28079 Madrid;2807914054 Madrid sección 14054;Total;Todas las edades;2025;1.193
28 Madrid;28079 Madrid;2807914055 Madrid sección 14055;Total;Todas las edades;2025;963
28 Madrid;28079 Madrid;2807914056 Madrid sección 14056;Total;Todas las edades;2025;811
28 Madrid;28079 Madrid;2807914057 Madrid sección 14057;Total;Todas las edades;2025;1.095
28 Madrid;28079 Madrid;2807914058 Madrid sección 14058;Total;Todas las edades;2025;952
28 Madrid;28079 Madrid;2807914059 Madrid sección 14059;Total;Todas las edades;2025;1.459
28 Madrid;28079 Madrid;2807914060 Madrid sección 14060;Total;Todas las edades;2025;713
28 Madrid;28079 Madrid;2807914061 Madrid sección 14061;Total;Todas las edades;2025;1.242
28 Madrid;28079 Madrid;2807914062 Madrid sección 14062;Total;Todas las edades;2025;1.009
28 Madrid;28079 Madrid;2807914063 Madrid sección 14063;Total;Todas las edades;2025;923
28 Madrid;28079 Madrid;2807914064 Madrid sección 14064;Total;Todas las edades;2025;1.889
28 Madrid;28079 Madrid;2807914065 Madrid sección 14065;Total;Todas las edades;2025;931
28 Madrid;28079 Madrid;2807914066 Madrid sección 14066;Total;Todas las edades;2025;""
28 Madrid;28079 Madrid;2807914067 Madrid sección 14067;Total;Todas las edades;2025;1.908
28 Madrid;28079 Madrid;2807914068 Madrid sección 14068;Total;Todas las edades;2025;""
28 Madrid;28079 Madrid;2807914069 Madrid sección 14069;Total;Todas las edades;2025;1.472
28 Madrid;28079 Madrid;2807914070 Madrid sección 14070;Total;Todas las edades;2025;920
28 Madrid;28079 Madrid;2807914071 Madrid sección 14071;Total;Todas las edades;2025;1.031
28 Madrid;28079 Madrid;2807914072 Madrid sección 14072;Total;Todas las edades;2025;906
28 Madrid;28079 Madrid;2807914073 Madrid sección 14073;Total;Todas las edades;2025;1.057
28 Madrid;28079 Madrid;2807914074 Madrid sección 14074;Total;Todas las edades;2025;""
28 Madrid;28079 Madrid;2807914075 Madrid sección 14075;Total;Todas las edades;2025;893
28 Madrid;28079 Madrid;2807914076 Madrid sección 14076;Total;Todas las edades;2025;894
28 Madrid;28079 Madrid;2807914077 Madrid sección 14077;Total;Todas las edades;2025;1.533
28 Madrid;28079 Madrid;2807914079 Madrid sección 14079;Total;Todas las edades;2025;1.489
28 Madrid;28079 Madrid;2807914080 Madrid sección 14080;Total;Todas las edades;2025;1.130
28 Madrid;28079 Madrid;2807914081 Madrid sección 14081;Total;Todas las edades;2025;834
28 Madrid;28079 Madrid;2807914082 Madrid sección 14082;Total;Todas las edades;2025;1.309
28 Madrid;28079 Madrid;2807914083 Madrid sección 14083;Total;Todas las edades;2025;1.604
28 Madrid;28079 Madrid;2807914084 Madrid sección 14084;Total;Todas las edades;2025;1.056
28 Madrid;28079 Madrid;2807914085 Madrid sección 14085;Total;Todas las edades;2025;1.332
28 Madrid;28079 Madrid;2807914086 Madrid sección 14086;Total;Todas las edades;2025;2.042
28 Madrid;28079 Madrid;2807914087 Madrid sección 14087;Total;Todas las edades;2025;1.274
28 Madrid;28079 Madrid;2807914088 Madrid sección 14088;Total;Todas las edades;2025;976
28 Madrid;28079 Madrid;2807914089 Madrid sección 14089;Total;Todas las edades;2025;1.612
28 Madrid;28079 Madrid;2807914090 Madrid sección 14090;Total;Todas las edades;2025;1.600
28 Madrid;28079 Madrid;2807914091 Madrid sección 14091;Total;Todas las edades;2025;1.829
28 Madrid;28079 Madrid;2807914092 Madrid sección 14092;Total;Todas las edades;2025;1.320
28 Madrid;28079 Madrid;2807914093 Madrid sección 14093;Total;Todas las edades;2025;1.417
28 Madrid;28079 Madrid;2807914094 Madrid sección 14094;Total;Todas las edades;2025;1.593
28 Madrid;28079 Madrid;2807914095 Madrid sección 14095;Total;Todas las edades;2025;767
28 Madrid;28079 Madrid;2807915001 Madrid sección 15001;Total;Todas las edades;2025;1.114
28 Madrid;28079 Madrid;2807915002 Madrid sección 15002;Total;Todas las edades;2025;983
28 Madrid;28079 Madrid;2807915003 Madrid sección 15003;Total;Todas las edades;2025;1.052
28 Madrid;28079 Madrid;2807915005 Madrid sección 15005;Total;Todas las edades;2025;853
28 Madrid;28079 Madrid;2807915006 Madrid sección 15006;Total;Todas las edades;2025;1.435
28 Madrid;28079 Madrid;2807915008 Madrid sección 15008;Total;Todas las edades;2025;2.029
28 Madrid;28079 Madrid;2807915009 Madrid sección 15009;Total;Todas las edades;2025;1.455
28 Madrid;28079 Madrid;2807915010 Madrid sección 15010;Total;Todas las edades;2025;1.033
28 Madrid;28079 Madrid;2807915011 Madrid sección 15011;Total;Todas las edades;2025;1.550
28 Madrid;28079 Madrid;2807915012 Madrid sección 15012;Total;Todas las edades;2025;912
28 Madrid;28079 Madrid;2807915013 Madrid sección 15013;Total;Todas las edades;2025;1.055
28 Madrid;28079 Madrid;2807915014 Madrid sección 15014;Total;Todas las edades;2025;1.350
28 Madrid;28079 Madrid;2807915015 Madrid sección 15015;Total;Todas las edades;2025;823
28 Madrid;28079 Madrid;2807915016 Madrid sección 15016;Total;Todas las edades;2025;1.395
28 Madrid;28079 Madrid;2807915017 Madrid sección 15017;Total;Todas las edades;2025;845
28 Madrid;28079 Madrid;2807915018 Madrid sección 15018;Total;Todas las edades;2025;869
28 Madrid;28079 Madrid;2807915019 Madrid sección 15019;Total;Todas las edades;2025;948
28 Madrid;28079 Madrid;2807915020 Madrid sección 15020;Total;Todas las edades;2025;1.160
28 Madrid;28079 Madrid;2807915021 Madrid sección 15021;Total;Todas las edades;2025;815
28 Madrid;28079 Madrid;2807915022 Madrid sección 15022;Total;Todas las edades;2025;1.279
28 Madrid;28079 Madrid;2807915023 Madrid sección 15023;Total;Todas las edades;2025;1.706
28 Madrid;28079 Madrid;2807915024 Madrid sección 15024;Total;Todas las edades;2025;1.199
28 Madrid;28079 Madrid;2807915025 Madrid sección 15025;Total;Todas las edades;2025;1.401
28 Madrid;28079 Madrid;2807915026 Madrid sección 15026;Total;Todas las edades;2025;1.023
28 Madrid;28079 Madrid;2807915027 Madrid sección 15027;Total;Todas las edades;2025;978
28 Madrid;28079 Madrid;2807915028 Madrid sección 15028;Total;Todas las edades;2025;992
28 Madrid;28079 Madrid;2807915029 Madrid sección 15029;Total;Todas las edades;2025;1.212
28 Madrid;28079 Madrid;2807915030 Madrid sección 15030;Total;Todas las edades;2025;1.287
28 Madrid;28079 Madrid;2807915031 Madrid sección 15031;Total;Todas las edades;2025;1.133
28 Madrid;28079 Madrid;2807915032 Madrid sección 15032;Total;Todas las edades;2025;1.339
28 Madrid;28079 Madrid;2807915033 Madrid sección 15033;Total;Todas las edades;2025;1.619
28 Madrid;28079 Madrid;2807915034 Madrid sección 15034;Total;Todas las edades;2025;1.008
28 Madrid;28079 Madrid;2807915035 Madrid sección 15035;Total;Todas las edades;2025;1.291
28 Madrid;28079 Madrid;2807915036 Madrid sección 15036;Total;Todas las edades;2025;1.012
28 Madrid;28079 Madrid;2807915037 Madrid sección 15037;Total;Todas las edades;2025;1.348
28 Madrid;28079 Madrid;2807915038 Madrid sección 15038;Total;Todas las edades;2025;1.930
28 Madrid;28079 Madrid;2807915039 Madrid sección 15039;Total;Todas las edades;2025;1.872
28 Madrid;28079 Madrid;2807915040 Madrid sección 15040;Total;Todas las edades;2025;1.887
28 Madrid;28079 Madrid;2807915041 Madrid sección 15041;Total;Todas las edades;2025;1.967
28 Madrid;28079 Madrid;2807915042 Madrid sección 15042;Total;Todas las edades;2025;1.866
28 Madrid;28079 Madrid;2807915043 Madrid sección 15043;Total;Todas las edades;2025;1.518
28 Madrid;28079 Madrid;2807915044 Madrid sección 15044;Total;Todas las edades;2025;1.492
28 Madrid;28079 Madrid;2807915045 Madrid sección 15045;Total;Todas las edades;2025;1.272
28 Madrid;28079 Madrid;2807915046 Madrid sección 15046;Total;Todas las edades;2025;1.598
28 Madrid;28079 Madrid;2807915047 Madrid sección 15047;Total;Todas las edades;2025;1.060
28 Madrid;28079 Madrid;2807915048 Madrid sección 15048;Total;Todas las edades;2025;1.490
28 Madrid;28079 Madrid;2807915049 Madrid sección 15049;Total;Todas las edades;2025;1.584
28 Madrid;28079 Madrid;2807915050 Madrid sección 15050;Total;Todas las edades;2025;1.521
28 Madrid;28079 Madrid;2807915051 Madrid sección 15051;Total;Todas las edades;2025;1.871
28 Madrid;28079 Madrid;2807915052 Madrid sección 15052;Total;Todas las edades;2025;836
28 Madrid;28079 Madrid;2807915053 Madrid sección 15053;Total;Todas las edades;2025;1.684
28 Madrid;28079 Madrid;2807915054 Madrid sección 15054;Total;Todas las edades;2025;1.847
28 Madrid;28079 Madrid;2807915056 Madrid sección 15056;Total;Todas las edades;2025;1.650
28 Madrid;28079 Madrid;2807915057 Madrid sección 15057;Total;Todas las edades;2025;1.546
28 Madrid;28079 Madrid;2807915058 Madrid sección 15058;Total;Todas las edades;2025;1.356
28 Madrid;28079 Madrid;2807915059 Madrid sección 15059;Total;Todas las edades;2025;1.012
28 Madrid;28079 Madrid;2807915060 Madrid sección 15060;Total;Todas las edades;2025;1.242
28 Madrid;28079 Madrid;2807915061 Madrid sección 15061;Total;Todas las edades;2025;1.500
28 Madrid;28079 Madrid;2807915062 Madrid sección 15062;Total;Todas las edades;2025;2.553
28 Madrid;28079 Madrid;2807915065 Madrid sección 15065;Total;Todas las edades;2025;1.452
28 Madrid;28079 Madrid;2807915066 Madrid sección 15066;Total;Todas las edades;2025;735
28 Madrid;28079 Madrid;2807915067 Madrid sección 15067;Total;Todas las edades;2025;1.133
28 Madrid;28079 Madrid;2807915068 Madrid sección 15068;Total;Todas las edades;2025;1.165
28 Madrid;28079 Madrid;2807915069 Madrid sección 15069;Total;Todas las edades;2025;1.933
28 Madrid;28079 Madrid;2807915070 Madrid sección 15070;Total;Todas las edades;2025;2.471
28 Madrid;28079 Madrid;2807915071 Madrid sección 15071;Total;Todas las edades;2025;1.501
28 Madrid;28079 Madrid;2807915073 Madrid sección 15073;Total;Todas las edades;2025;1.349
28 Madrid;28079 Madrid;2807915074 Madrid sección 15074;Total;Todas las edades;2025;2.089
28 Madrid;28079 Madrid;2807915075 Madrid sección 15075;Total;Todas las edades;2025;1.550
28 Madrid;28079 Madrid;2807915076 Madrid sección 15076;Total;Todas las edades;2025;964
28 Madrid;28079 Madrid;2807915077 Madrid sección 15077;Total;Todas las edades;2025;1.125
28 Madrid;28079 Madrid;2807915078 Madrid sección 15078;Total;Todas las edades;2025;1.001
28 Madrid;28079 Madrid;2807915079 Madrid sección 15079;Total;Todas las edades;2025;842
28 Madrid;28079 Madrid;2807915080 Madrid sección 15080;Total;Todas las edades;2025;959
28 Madrid;28079 Madrid;2807915081 Madrid sección 15081;Total;Todas las edades;2025;1.960
28 Madrid;28079 Madrid;2807915082 Madrid sección 15082;Total;Todas las edades;2025;1.313
28 Madrid;28079 Madrid;2807915083 Madrid sección 15083;Total;Todas las edades;2025;1.657
28 Madrid;28079 Madrid;2807915084 Madrid sección 15084;Total;Todas las edades;2025;1.230
28 Madrid;28079 Madrid;2807915085 Madrid sección 15085;Total;Todas las edades;2025;1.578
28 Madrid;28079 Madrid;2807915086 Madrid sección 15086;Total;Todas las edades;2025;1.156
28 Madrid;28079 Madrid;2807915087 Madrid sección 15087;Total;Todas las edades;2025;1.491
28 Madrid;28079 Madrid;2807915088 Madrid sección 15088;Total;Todas las edades;2025;1.339
28 Madrid;28079 Madrid;2807915089 Madrid sección 15089;Total;Todas las edades;2025;1.350
28 Madrid;28079 Madrid;2807915090 Madrid sección 15090;Total;Todas las edades;2025;1.866
28 Madrid;28079 Madrid;2807915092 Madrid sección 15092;Total;Todas las edades;2025;1.677
28 Madrid;28079 Madrid;2807915093 Madrid sección 15093;Total;Todas las edades;2025;1.431
28 Madrid;28079 Madrid;2807915094 Madrid sección 15094;Total;Todas las edades;2025;1.463
28 Madrid;28079 Madrid;2807915095 Madrid sección 15095;Total;Todas las edades;2025;967
28 Madrid;28079 Madrid;2807915096 Madrid sección 15096;Total;Todas las edades;2025;1.427
28 Madrid;28079 Madrid;2807915097 Madrid sección 15097;Total;Todas las edades;2025;977
28 Madrid;28079 Madrid;2807915098 Madrid sección 15098;Total;Todas las edades;2025;1.246
28 Madrid;28079 Madrid;2807915099 Madrid sección 15099;Total;Todas las edades;2025;1.665
28 Madrid;28079 Madrid;2807915100 Madrid sección 15100;Total;Todas las edades;2025;913
28 Madrid;28079 Madrid;2807915101 Madrid sección 15101;Total;Todas las edades;2025;1.236
28 Madrid;28079 Madrid;2807915102 Madrid sección 15102;Total;Todas las edades;2025;1.137
28 Madrid;28079 Madrid;2807915103 Madrid sección 15103;Total;Todas las edades;2025;1.400
28 Madrid;28079 Madrid;2807915104 Madrid sección 15104;Total;Todas las edades;2025;""
28 Madrid;28079 Madrid;2807915105 Madrid sección 15105;Total;Todas las edades;2025;1.521
28 Madrid;28079 Madrid;2807915106 Madrid sección 15106;Total;Todas las edades;2025;1.513
28 Madrid;28079 Madrid;2807915108 Madrid sección 15108;Total;Todas las edades;2025;1.020
28 Madrid;28079 Madrid;2807915109 Madrid sección 15109;Total;Todas las edades;2025;1.525
28 Madrid;28079 Madrid;2807915110 Madrid sección 15110;Total;Todas las edades;2025;1.781
28 Madrid;28079 Madrid;2807915111 Madrid sección 15111;Total;Todas las edades;2025;946
28 Madrid;28079 Madrid;2807915112 Madrid sección 15112;Total;Todas las edades;2025;1.551
28 Madrid;28079 Madrid;2807915113 Madrid sección 15113;Total;Todas las edades;2025;1.532
28 Madrid;28079 Madrid;2807915114 Madrid sección 15114;Total;Todas las edades;2025;932
28 Madrid;28079 Madrid;2807915115 Madrid sección 15115;Total;Todas las edades;2025;1.954
28 Madrid;28079 Madrid;2807915116 Madrid sección 15116;Total;Todas las edades;2025;1.195
28 Madrid;28079 Madrid;2807915117 Madrid sección 15117;Total;Todas las edades;2025;1.469
28 Madrid;28079 Madrid;2807915118 Madrid sección 15118;Total;Todas las edades;2025;1.054
28 Madrid;28079 Madrid;2807915119 Madrid sección 15119;Total;Todas las edades;2025;1.212
28 Madrid;28079 Madrid;2807915120 Madrid sección 15120;Total;Todas las edades;2025;983
28 Madrid;28079 Madrid;2807915121 Madrid sección 15121;Total;Todas las edades;2025;765
28 Madrid;28079 Madrid;2807915122 Madrid sección 15122;Total;Todas las edades;2025;1.205
28 Madrid;28079 Madrid;2807915123 Madrid sección 15123;Total;Todas las edades;2025;1.256
28 Madrid;28079 Madrid;2807915124 Madrid sección 15124;Total;Todas las edades;2025;1.105
28 Madrid;28079 Madrid;2807915125 Madrid sección 15125;Total;Todas las edades;2025;902
28 Madrid;28079 Madrid;2807915126 Madrid sección 15126;Total;Todas las edades;2025;1.304
28 Madrid;28079 Madrid;2807915127 Madrid sección 15127;Total;Todas las edades;2025;1.601
28 Madrid;28079 Madrid;2807915128 Madrid sección 15128;Total;Todas las edades;2025;2.121
28 Madrid;28079 Madrid;2807915129 Madrid sección 15129;Total;Todas las edades;2025;1.135
28 Madrid;28079 Madrid;2807915130 Madrid sección 15130;Total;Todas las edades;2025;1.068
28 Madrid;28079 Madrid;2807915131 Madrid sección 15131;Total;Todas las edades;2025;1.126
28 Madrid;28079 Madrid;2807915132 Madrid sección 15132;Total;Todas las edades;2025;1.280
28 Madrid;28079 Madrid;2807915133 Madrid sección 15133;Total;Todas las edades;2025;1.647
28 Madrid;28079 Madrid;2807915134 Madrid sección 15134;Total;Todas las edades;2025;1.230
28 Madrid;28079 Madrid;2807915135 Madrid sección 15135;Total;Todas las edades;2025;2.130
28 Madrid;28079 Madrid;2807915136 Madrid sección 15136;Total;Todas las edades;2025;1.095
28 Madrid;28079 Madrid;2807915138 Madrid sección 15138;Total;Todas las edades;2025;1.365
28 Madrid;28079 Madrid;2807915140 Madrid sección 15140;Total;Todas las edades;2025;1.552
28 Madrid;28079 Madrid;2807915141 Madrid sección 15141;Total;Todas las edades;2025;1.211
28 Madrid;28079 Madrid;2807915142 Madrid sección 15142;Total;Todas las edades;2025;1.161
28 Madrid;28079 Madrid;2807915143 Madrid sección 15143;Total;Todas las edades;2025;2.104
28 Madrid;28079 Madrid;2807915144 Madrid sección 15144;Total;Todas las edades;2025;1.839
28 Madrid;28079 Madrid;2807915145 Madrid sección 15145;Total;Todas las edades;2025;""
28 Madrid;28079 Madrid;2807915146 Madrid sección 15146;Total;Todas las edades;2025;1.100
28 Madrid;28079 Madrid;2807915147 Madrid sección 15147;Total;Todas las edades;2025;1.430
28 Madrid;28079 Madrid;2807915148 Madrid sección 15148;Total;Todas las edades;2025;1.042
28 Madrid;28079 Madrid;2807915149 Madrid sección 15149;Total;Todas las edades;2025;1.494
28 Madrid;28079 Madrid;2807915150 Madrid sección 15150;Total;Todas las edades;2025;2.071
28 Madrid;28079 Madrid;2807915151 Madrid sección 15151;Total;Todas las edades;2025;1.748
28 Madrid;28079 Madrid;2807915153 Madrid sección 15153;Total;Todas las edades;2025;715
28 Madrid;28079 Madrid;2807915154 Madrid sección 15154;Total;Todas las edades;2025;1.183
28 Madrid;28079 Madrid;2807915155 Madrid sección 15155;Total;Todas las edades;2025;1.626
28 Madrid;28079 Madrid;2807915156 Madrid sección 15156;Total;Todas las edades;2025;1.493
28 Madrid;28079 Madrid;2807915157 Madrid sección 15157;Total;Todas las edades;2025;1.099
28 Madrid;28079 Madrid;2807915158 Madrid sección 15158;Total;Todas las edades;2025;1.424
28 Madrid;28079 Madrid;2807915159 Madrid sección 15159;Total;Todas las edades;2025;1.673
28 Madrid;28079 Madrid;2807915160 Madrid sección 15160;Total;Todas las edades;2025;2.115
28 Madrid;28079 Madrid;2807915161 Madrid sección 15161;Total;Todas las edades;2025;2.354
28 Madrid;28079 Madrid;2807915162 Madrid sección 15162;Total;Todas las edades;2025;1.886
28 Madrid;28079 Madrid;2807915163 Madrid sección 15163;Total;Todas las edades;2025;1.173
28 Madrid;28079 Madrid;2807915164 Madrid sección 15164;Total;Todas las edades;2025;1.084
28 Madrid;28079 Madrid;2807915165 Madrid sección 15165;Total;Todas las edades;2025;1.012
28 Madrid;28079 Madrid;2807915166 Madrid sección 15166;Total;Todas las edades;2025;855
28 Madrid;28079 Madrid;2807915167 Madrid sección 15167;Total;Todas las edades;2025;1.043
28 Madrid;28079 Madrid;2807915168 Madrid sección 15168;Total;Todas las edades;2025;1.670
28 Madrid;28079 Madrid;2807915170 Madrid sección 15170;Total;Todas las edades;2025;2.124
28 Madrid;28079 Madrid;2807915171 Madrid sección 15171;Total;Todas las edades;2025;1.370
28 Madrid;28079 Madrid;2807915172 Madrid sección 15172;Total;Todas las edades;2025;1.054
28 Madrid;28079 Madrid;2807915173 Madrid sección 15173;Total;Todas las edades;2025;1.963
28 Madrid;28079 Madrid;2807915174 Madrid sección 15174;Total;Todas las edades;2025;1.488
28 Madrid;28079 Madrid;2807915175 Madrid sección 15175;Total;Todas las edades;2025;1.154
28 Madrid;28079 Madrid;2807915176 Madrid sección 15176;Total;Todas las edades;2025;1.989
28 Madrid;28079 Madrid;2807915177 Madrid sección 15177;Total;Todas las edades;2025;1.291
28 Madrid;28079 Madrid;2807915178 Madrid sección 15178;Total;Todas las edades;2025;1.389
28 Madrid;28079 Madrid;2807915179 Madrid sección 15179;Total;Todas las edades;2025;1.388
28 Madrid;28079 Madrid;2807915180 Madrid sección 15180;Total;Todas las edades;2025;2.233
28 Madrid;28079 Madrid;2807915181 Madrid sección 15181;Total;Todas las edades;2025;1.146
28 Madrid;28079 Madrid;2807915182 Madrid sección 15182;Total;Todas las edades;2025;662
28 Madrid;28079 Madrid;2807916001 Madrid sección 16001;Total;Todas las edades;2025;2.136
28 Madrid;28079 Madrid;2807916002 Madrid sección 16002;Total;Todas las edades;2025;1.898
28 Madrid;28079 Madrid;2807916003 Madrid sección 16003;Total;Todas las edades;2025;2.064
28 Madrid;28079 Madrid;2807916004 Madrid sección 16004;Total;Todas las edades;2025;2.541
28 Madrid;28079 Madrid;2807916005 Madrid sección 16005;Total;Todas las edades;2025;2.090
28 Madrid;28079 Madrid;2807916006 Madrid sección 16006;Total;Todas las edades;2025;1.986
28 Madrid;28079 Madrid;2807916007 Madrid sección 16007;Total;Todas las edades;2025;2.237
28 Madrid;28079 Madrid;2807916008 Madrid sección 16008;Total;Todas las edades;2025;1.127
28 Madrid;28079 Madrid;2807916009 Madrid sección 16009;Total;Todas las edades;2025;1.118
28 Madrid;28079 Madrid;2807916011 Madrid sección 16011;Total;Todas las edades;2025;1.403
28 Madrid;28079 Madrid;2807916012 Madrid sección 16012;Total;Todas las edades;2025;729
28 Madrid;28079 Madrid;2807916013 Madrid sección 16013;Total;Todas las edades;2025;997
28 Madrid;28079 Madrid;2807916014 Madrid sección 16014;Total;Todas las edades;2025;813
28 Madrid;28079 Madrid;2807916015 Madrid sección 16015;Total;Todas las edades;2025;1.249
28 Madrid;28079 Madrid;2807916016 Madrid sección 16016;Total;Todas las edades;2025;1.032
28 Madrid;28079 Madrid;2807916017 Madrid sección 16017;Total;Todas las edades;2025;979
28 Madrid;28079 Madrid;2807916018 Madrid sección 16018;Total;Todas las edades;2025;816
28 Madrid;28079 Madrid;2807916019 Madrid sección 16019;Total;Todas las edades;2025;946
28 Madrid;28079 Madrid;2807916020 Madrid sección 16020;Total;Todas las edades;2025;1.151
28 Madrid;28079 Madrid;2807916021 Madrid sección 16021;Total;Todas las edades;2025;1.088
28 Madrid;28079 Madrid;2807916022 Madrid sección 16022;Total;Todas las edades;2025;1.288
28 Madrid;28079 Madrid;2807916024 Madrid sección 16024;Total;Todas las edades;2025;2.196
28 Madrid;28079 Madrid;2807916025 Madrid sección 16025;Total;Todas las edades;2025;2.136
28 Madrid;28079 Madrid;2807916026 Madrid sección 16026;Total;Todas las edades;2025;796
28 Madrid;28079 Madrid;2807916027 Madrid sección 16027;Total;Todas las edades;2025;746
28 Madrid;28079 Madrid;2807916028 Madrid sección 16028;Total;Todas las edades;2025;952
28 Madrid;28079 Madrid;2807916029 Madrid sección 16029;Total;Todas las edades;2025;1.166
28 Madrid;28079 Madrid;2807916030 Madrid sección 16030;Total;Todas las edades;2025;1.808
28 Madrid;28079 Madrid;2807916031 Madrid sección 16031;Total;Todas las edades;2025;1.212
28 Madrid;28079 Madrid;2807916032 Madrid sección 16032;Total;Todas las edades;2025;1.489
28 Madrid;28079 Madrid;2807916033 Madrid sección 16033;Total;Todas las edades;2025;1.687
28 Madrid;28079 Madrid;2807916034 Madrid sección 16034;Total;Todas las edades;2025;2.066
28 Madrid;28079 Madrid;2807916035 Madrid sección 16035;Total;Todas las edades;2025;1.665
28 Madrid;28079 Madrid;2807916036 Madrid sección 16036;Total;Todas las edades;2025;2.625
28 Madrid;28079 Madrid;2807916037 Madrid sección 16037;Total;Todas las edades;2025;1.081
28 Madrid;28079 Madrid;2807916038 Madrid sección 16038;Total;Todas las edades;2025;1.355
28 Madrid;28079 Madrid;2807916039 Madrid sección 16039;Total;Todas las edades;2025;1.113
28 Madrid;28079 Madrid;2807916040 Madrid sección 16040;Total;Todas las edades;2025;1.998
28 Madrid;28079 Madrid;2807916041 Madrid sección 16041;Total;Todas las edades;2025;""
28 Madrid;28079 Madrid;2807916042 Madrid sección 16042;Total;Todas las edades;2025;1.440
28 Madrid;28079 Madrid;2807916043 Madrid sección 16043;Total;Todas las edades;2025;974
28 Madrid;28079 Madrid;2807916044 Madrid sección 16044;Total;Todas las edades;2025;1.105
28 Madrid;28079 Madrid;2807916045 Madrid sección 16045;Total;Todas las edades;2025;1.617
28 Madrid;28079 Madrid;2807916046 Madrid sección 16046;Total;Todas las edades;2025;1.715
28 Madrid;28079 Madrid;2807916047 Madrid sección 16047;Total;Todas las edades;2025;""
28 Madrid;28079 Madrid;2807916048 Madrid sección 16048;Total;Todas las edades;2025;2.212
28 Madrid;28079 Madrid;2807916049 Madrid sección 16049;Total;Todas las edades;2025;1.134
28 Madrid;28079 Madrid;2807916050 Madrid sección 16050;Total;Todas las edades;2025;1.527
28 Madrid;28079 Madrid;2807916051 Madrid sección 16051;Total;Todas las edades;2025;1.020
28 Madrid;28079 Madrid;2807916052 Madrid sección 16052;Total;Todas las edades;2025;1.188
28 Madrid;28079 Madrid;2807916053 Madrid sección 16053;Total;Todas las edades;2025;989
28 Madrid;28079 Madrid;2807916054 Madrid sección 16054;Total;Todas las edades;2025;825
28 Madrid;28079 Madrid;2807916055 Madrid sección 16055;Total;Todas las edades;2025;1.546
28 Madrid;28079 Madrid;2807916056 Madrid sección 16056;Total;Todas las edades;2025;""
28 Madrid;28079 Madrid;2807916057 Madrid sección 16057;Total;Todas las edades;2025;992
28 Madrid;28079 Madrid;2807916058 Madrid sección 16058;Total;Todas las edades;2025;1.475
28 Madrid;28079 Madrid;2807916059 Madrid sección 16059;Total;Todas las edades;2025;1.846
28 Madrid;28079 Madrid;2807916060 Madrid sección 16060;Total;Todas las edades;2025;1.517
28 Madrid;28079 Madrid;2807916061 Madrid sección 16061;Total;Todas las edades;2025;1.375
28 Madrid;28079 Madrid;2807916063 Madrid sección 16063;Total;Todas las edades;2025;1.537
28 Madrid;28079 Madrid;2807916064 Madrid sección 16064;Total;Todas las edades;2025;1.285
28 Madrid;28079 Madrid;2807916065 Madrid sección 16065;Total;Todas las edades;2025;1.117
28 Madrid;28079 Madrid;2807916066 Madrid sección 16066;Total;Todas las edades;2025;1.112
28 Madrid;28079 Madrid;2807916067 Madrid sección 16067;Total;Todas las edades;2025;2.002
28 Madrid;28079 Madrid;2807916069 Madrid sección 16069;Total;Todas las edades;2025;1.238
28 Madrid;28079 Madrid;2807916070 Madrid sección 16070;Total;Todas las edades;2025;1.706
28 Madrid;28079 Madrid;2807916071 Madrid sección 16071;Total;Todas las edades;2025;1.342
28 Madrid;28079 Madrid;2807916072 Madrid sección 16072;Total;Todas las edades;2025;""
28 Madrid;28079 Madrid;2807916073 Madrid sección 16073;Total;Todas las edades;2025;1.794
28 Madrid;28079 Madrid;2807916074 Madrid sección 16074;Total;Todas las edades;2025;1.125
28 Madrid;28079 Madrid;2807916075 Madrid sección 16075;Total;Todas las edades;2025;1.295
28 Madrid;28079 Madrid;2807916076 Madrid sección 16076;Total;Todas las edades;2025;1.479
28 Madrid;28079 Madrid;2807916077 Madrid sección 16077;Total;Todas las edades;2025;1.559
28 Madrid;28079 Madrid;2807916078 Madrid sección 16078;Total;Todas las edades;2025;918
28 Madrid;28079 Madrid;2807916079 Madrid sección 16079;Total;Todas las edades;2025;2.330
28 Madrid;28079 Madrid;2807916080 Madrid sección 16080;Total;Todas las edades;2025;888
28 Madrid;28079 Madrid;2807916081 Madrid sección 16081;Total;Todas las edades;2025;1.214
28 Madrid;28079 Madrid;2807916082 Madrid sección 16082;Total;Todas las edades;2025;836
28 Madrid;28079 Madrid;2807916083 Madrid sección 16083;Total;Todas las edades;2025;2.289
28 Madrid;28079 Madrid;2807916085 Madrid sección 16085;Total;Todas las edades;2025;1.392
28 Madrid;28079 Madrid;2807916086 Madrid sección 16086;Total;Todas las edades;2025;2.203
28 Madrid;28079 Madrid;2807916087 Madrid sección 16087;Total;Todas las edades;2025;867
28 Madrid;28079 Madrid;2807916088 Madrid sección 16088;Total;Todas las edades;2025;1.512
28 Madrid;28079 Madrid;2807916089 Madrid sección 16089;Total;Todas las edades;2025;820
28 Madrid;28079 Madrid;2807916090 Madrid sección 16090;Total;Todas las edades;2025;1.563
28 Madrid;28079 Madrid;2807916091 Madrid sección 16091;Total;Todas las edades;2025;2.507
28 Madrid;28079 Madrid;2807916092 Madrid sección 16092;Total;Todas las edades;2025;1.229
28 Madrid;28079 Madrid;2807916093 Madrid sección 16093;Total;Todas las edades;2025;1.016
28 Madrid;28079 Madrid;2807916096 Madrid sección 16096;Total;Todas las edades;2025;1.640
28 Madrid;28079 Madrid;2807916097 Madrid sección 16097;Total;Todas las edades;2025;1.484
28 Madrid;28079 Madrid;2807916098 Madrid sección 16098;Total;Todas las edades;2025;1.350
28 Madrid;28079 Madrid;2807916099 Madrid sección 16099;Total;Todas las edades;2025;1.662
28 Madrid;28079 Madrid;2807916100 Madrid sección 16100;Total;Todas las edades;2025;964
28 Madrid;28079 Madrid;2807916101 Madrid sección 16101;Total;Todas las edades;2025;1.162
28 Madrid;28079 Madrid;2807916102 Madrid sección 16102;Total;Todas las edades;2025;2.438
28 Madrid;28079 Madrid;2807916103 Madrid sección 16103;Total;Todas las edades;2025;2.092
28 Madrid;28079 Madrid;2807916104 Madrid sección 16104;Total;Todas las edades;2025;1.985
28 Madrid;28079 Madrid;2807916105 Madrid sección 16105;Total;Todas las edades;2025;1.288
28 Madrid;28079 Madrid;2807916106 Madrid sección 16106;Total;Todas las edades;2025;2.479
28 Madrid;28079 Madrid;2807916107 Madrid sección 16107;Total;Todas las edades;2025;2.738
28 Madrid;28079 Madrid;2807916108 Madrid sección 16108;Total;Todas las edades;2025;2.160
28 Madrid;28079 Madrid;2807916109 Madrid sección 16109;Total;Todas las edades;2025;2.496
28 Madrid;28079 Madrid;2807916110 Madrid sección 16110;Total;Todas las edades;2025;2.779
28 Madrid;28079 Madrid;2807916111 Madrid sección 16111;Total;Todas las edades;2025;1.333
28 Madrid;28079 Madrid;2807916112 Madrid sección 16112;Total;Todas las edades;2025;1.429
28 Madrid;28079 Madrid;2807916113 Madrid sección 16113;Total;Todas las edades;2025;2.058
28 Madrid;28079 Madrid;2807916114 Madrid sección 16114;Total;Todas las edades;2025;1.563
28 Madrid;28079 Madrid;2807916115 Madrid sección 16115;Total;Todas las edades;2025;1.833
28 Madrid;28079 Madrid;2807916116 Madrid sección 16116;Total;Todas las edades;2025;1.938
28 Madrid;28079 Madrid;2807916117 Madrid sección 16117;Total;Todas las edades;2025;2.691
28 Madrid;28079 Madrid;2807916118 Madrid sección 16118;Total;Todas las edades;2025;2.600
28 Madrid;28079 Madrid;2807916119 Madrid sección 16119;Total;Todas las edades;2025;2.962
28 Madrid;28079 Madrid;2807916120 Madrid sección 16120;Total;Todas las edades;2025;2.208
28 Madrid;28079 Madrid;2807916121 Madrid sección 16121;Total;Todas las edades;2025;1.746
28 Madrid;28079 Madrid;2807916122 Madrid sección 16122;Total;Todas las edades;2025;2.093
28 Madrid;28079 Madrid;2807916123 Madrid sección 16123;Total;Todas las edades;2025;2.512
28 Madrid;28079 Madrid;2807916124 Madrid sección 16124;Total;Todas las edades;2025;2.071
28 Madrid;28079 Madrid;2807916125 Madrid sección 16125;Total;Todas las edades;2025;2.358
28 Madrid;28079 Madrid;2807916126 Madrid sección 16126;Total;Todas las edades;2025;1.944
28 Madrid;28079 Madrid;2807916127 Madrid sección 16127;Total;Todas las edades;2025;1.547
28 Madrid;28079 Madrid;2807916128 Madrid sección 16128;Total;Todas las edades;2025;2.569
28 Madrid;28079 Madrid;2807916129 Madrid sección 16129;Total;Todas las edades;2025;2.835
28 Madrid;28079 Madrid;2807916130 Madrid sección 16130;Total;Todas las edades;2025;3.339
28 Madrid;28079 Madrid;2807916131 Madrid sección 16131;Total;Todas las edades;2025;2.094
28 Madrid;28079 Madrid;2807916132 Madrid sección 16132;Total;Todas las edades;2025;2.263
28 Madrid;28079 Madrid;2807916133 Madrid sección 16133;Total;Todas las edades;2025;1.857
28 Madrid;28079 Madrid;2807916134 Madrid sección 16134;Total;Todas las edades;2025;2.922
28 Madrid;28079 Madrid;2807916135 Madrid sección 16135;Total;Todas las edades;2025;1.692
28 Madrid;28079 Madrid;2807916136 Madrid sección 16136;Total;Todas las edades;2025;1.980
28 Madrid;28079 Madrid;2807916137 Madrid sección 16137;Total;Todas las edades;2025;1.714
28 Madrid;28079 Madrid;2807917002 Madrid sección 17002;Total;Todas las edades;2025;1.422
28 Madrid;28079 Madrid;2807917003 Madrid sección 17003;Total;Todas las edades;2025;1.511
28 Madrid;28079 Madrid;2807917004 Madrid sección 17004;Total;Todas las edades;2025;2.805
28 Madrid;28079 Madrid;2807917006 Madrid sección 17006;Total;Todas las edades;2025;1.859
28 Madrid;28079 Madrid;2807917007 Madrid sección 17007;Total;Todas las edades;2025;1.101
28 Madrid;28079 Madrid;2807917008 Madrid sección 17008;Total;Todas las edades;2025;1.673
28 Madrid;28079 Madrid;2807917009 Madrid sección 17009;Total;Todas las edades;2025;1.214
28 Madrid;28079 Madrid;2807917010 Madrid sección 17010;Total;Todas las edades;2025;1.447
28 Madrid;28079 Madrid;2807917011 Madrid sección 17011;Total;Todas las edades;2025;1.583
28 Madrid;28079 Madrid;2807917012 Madrid sección 17012;Total;Todas las edades;2025;1.953
28 Madrid;28079 Madrid;2807917013 Madrid sección 17013;Total;Todas las edades;2025;1.009
28 Madrid;28079 Madrid;2807917014 Madrid sección 17014;Total;Todas las edades;2025;1.396
28 Madrid;28079 Madrid;2807917015 Madrid sección 17015;Total;Todas las edades;2025;1.664
28 Madrid;28079 Madrid;2807917016 Madrid sección 17016;Total;Todas las edades;2025;1.077
28 Madrid;28079 Madrid;2807917017 Madrid sección 17017;Total;Todas las edades;2025;1.293
28 Madrid;28079 Madrid;2807917018 Madrid sección 17018;Total;Todas las edades;2025;1.335
28 Madrid;28079 Madrid;2807917019 Madrid sección 17019;Total;Todas las edades;2025;1.065
28 Madrid;28079 Madrid;2807917020 Madrid sección 17020;Total;Todas las edades;2025;979
28 Madrid;28079 Madrid;2807917021 Madrid sección 17021;Total;Todas las edades;2025;1.208
28 Madrid;28079 Madrid;2807917022 Madrid sección 17022;Total;Todas las edades;2025;1.178
28 Madrid;28079 Madrid;2807917023 Madrid sección 17023;Total;Todas las edades;2025;2.104
28 Madrid;28079 Madrid;2807917024 Madrid sección 17024;Total;Todas las edades;2025;2.127
28 Madrid;28079 Madrid;2807917025 Madrid sección 17025;Total;Todas las edades;2025;992
28 Madrid;28079 Madrid;2807917026 Madrid sección 17026;Total;Todas las edades;2025;1.490
28 Madrid;28079 Madrid;2807917027 Madrid sección 17027;Total;Todas las edades;2025;1.969
28 Madrid;28079 Madrid;2807917028 Madrid sección 17028;Total;Todas las edades;2025;1.322
28 Madrid;28079 Madrid;2807917029 Madrid sección 17029;Total;Todas las edades;2025;1.688
28 Madrid;28079 Madrid;2807917031 Madrid sección 17031;Total;Todas las edades;2025;1.313
28 Madrid;28079 Madrid;2807917032 Madrid sección 17032;Total;Todas las edades;2025;2.443
28 Madrid;28079 Madrid;2807917033 Madrid sección 17033;Total;Todas las edades;2025;1.768
28 Madrid;28079 Madrid;2807917035 Madrid sección 17035;Total;Todas las edades;2025;1.424
28 Madrid;28079 Madrid;2807917036 Madrid sección 17036;Total;Todas las edades;2025;1.181
28 Madrid;28079 Madrid;2807917037 Madrid sección 17037;Total;Todas las edades;2025;1.480
28 Madrid;28079 Madrid;2807917038 Madrid sección 17038;Total;Todas las edades;2025;1.815
28 Madrid;28079 Madrid;2807917039 Madrid sección 17039;Total;Todas las edades;2025;2.170
28 Madrid;28079 Madrid;2807917041 Madrid sección 17041;Total;Todas las edades;2025;1.480
28 Madrid;28079 Madrid;2807917042 Madrid sección 17042;Total;Todas las edades;2025;1.940
28 Madrid;28079 Madrid;2807917043 Madrid sección 17043;Total;Todas las edades;2025;2.435
28 Madrid;28079 Madrid;2807917045 Madrid sección 17045;Total;Todas las edades;2025;1.987
28 Madrid;28079 Madrid;2807917046 Madrid sección 17046;Total;Todas las edades;2025;1.963
28 Madrid;28079 Madrid;2807917047 Madrid sección 17047;Total;Todas las edades;2025;1.793
28 Madrid;28079 Madrid;2807917048 Madrid sección 17048;Total;Todas las edades;2025;1.845
28 Madrid;28079 Madrid;2807917049 Madrid sección 17049;Total;Todas las edades;2025;1.262
28 Madrid;28079 Madrid;2807917050 Madrid sección 17050;Total;Todas las edades;2025;1.544
28 Madrid;28079 Madrid;2807917051 Madrid sección 17051;Total;Todas las edades;2025;1.244
28 Madrid;28079 Madrid;2807917052 Madrid sección 17052;Total;Todas las edades;2025;1.212
28 Madrid;28079 Madrid;2807917053 Madrid sección 17053;Total;Todas las edades;2025;1.057
28 Madrid;28079 Madrid;2807917054 Madrid sección 17054;Total;Todas las edades;2025;1.392
28 Madrid;28079 Madrid;2807917055 Madrid sección 17055;Total;Todas las edades;2025;1.712
28 Madrid;28079 Madrid;2807917057 Madrid sección 17057;Total;Todas las edades;2025;1.758
28 Madrid;28079 Madrid;2807917058 Madrid sección 17058;Total;Todas las edades;2025;1.578
28 Madrid;28079 Madrid;2807917059 Madrid sección 17059;Total;Todas las edades;2025;1.573
28 Madrid;28079 Madrid;2807917060 Madrid sección 17060;Total;Todas las edades;2025;1.201
28 Madrid;28079 Madrid;2807917061 Madrid sección 17061;Total;Todas las edades;2025;1.538
28 Madrid;28079 Madrid;2807917062 Madrid sección 17062;Total;Todas las edades;2025;1.710
28 Madrid;28079 Madrid;2807917063 Madrid sección 17063;Total;Todas las edades;2025;1.176
28 Madrid;28079 Madrid;2807917064 Madrid sección 17064;Total;Todas las edades;2025;1.772
28 Madrid;28079 Madrid;2807917065 Madrid sección 17065;Total;Todas las edades;2025;1.389
28 Madrid;28079 Madrid;2807917066 Madrid sección 17066;Total;Todas las edades;2025;1.468
28 Madrid;28079 Madrid;2807917068 Madrid sección 17068;Total;Todas las edades;2025;2.416
28 Madrid;28079 Madrid;2807917069 Madrid sección 17069;Total;Todas las edades;2025;1.682
28 Madrid;28079 Madrid;2807917070 Madrid sección 17070;Total;Todas las edades;2025;1.238
28 Madrid;28079 Madrid;2807917071 Madrid sección 17071;Total;Todas las edades;2025;2.058
28 Madrid;28079 Madrid;2807917072 Madrid sección 17072;Total;Todas las edades;2025;1.437
28 Madrid;28079 Madrid;2807917073 Madrid sección 17073;Total;Todas las edades;2025;997
28 Madrid;28079 Madrid;2807917074 Madrid sección 17074;Total;Todas las edades;2025;913
28 Madrid;28079 Madrid;2807917075 Madrid sección 17075;Total;Todas las edades;2025;1.515
28 Madrid;28079 Madrid;2807917076 Madrid sección 17076;Total;Todas las edades;2025;1.219
28 Madrid;28079 Madrid;2807917078 Madrid sección 17078;Total;Todas las edades;2025;1.365
28 Madrid;28079 Madrid;2807917079 Madrid sección 17079;Total;Todas las edades;2025;908
28 Madrid;28079 Madrid;2807917080 Madrid sección 17080;Total;Todas las edades;2025;3.088
28 Madrid;28079 Madrid;2807917082 Madrid sección 17082;Total;Todas las edades;2025;1.604
28 Madrid;28079 Madrid;2807917083 Madrid sección 17083;Total;Todas las edades;2025;1.551
28 Madrid;28079 Madrid;2807917084 Madrid sección 17084;Total;Todas las edades;2025;1.158
28 Madrid;28079 Madrid;2807917085 Madrid sección 17085;Total;Todas las edades;2025;756
28 Madrid;28079 Madrid;2807917086 Madrid sección 17086;Total;Todas las edades;2025;820
28 Madrid;28079 Madrid;2807917087 Madrid sección 17087;Total;Todas las edades;2025;1.653
28 Madrid;28079 Madrid;2807917089 Madrid sección 17089;Total;Todas las edades;2025;1.204
28 Madrid;28079 Madrid;2807917090 Madrid sección 17090;Total;Todas las edades;2025;1.142
28 Madrid;28079 Madrid;2807917091 Madrid sección 17091;Total;Todas las edades;2025;1.197
28 Madrid;28079 Madrid;2807917092 Madrid sección 17092;Total;Todas las edades;2025;868
28 Madrid;28079 Madrid;2807917093 Madrid sección 17093;Total;Todas las edades;2025;690
28 Madrid;28079 Madrid;2807917094 Madrid sección 17094;Total;Todas las edades;2025;845
28 Madrid;28079 Madrid;2807917095 Madrid sección 17095;Total;Todas las edades;2025;873
28 Madrid;28079 Madrid;2807917096 Madrid sección 17096;Total;Todas las edades;2025;1.224
28 Madrid;28079 Madrid;2807917097 Madrid sección 17097;Total;Todas las edades;2025;1.471
28 Madrid;28079 Madrid;2807917098 Madrid sección 17098;Total;Todas las edades;2025;1.168
28 Madrid;28079 Madrid;2807917099 Madrid sección 17099;Total;Todas las edades;2025;779
28 Madrid;28079 Madrid;2807917100 Madrid sección 17100;Total;Todas las edades;2025;1.251
28 Madrid;28079 Madrid;2807917101 Madrid sección 17101;Total;Todas las edades;2025;2.121
28 Madrid;28079 Madrid;2807917102 Madrid sección 17102;Total;Todas las edades;2025;1.089
28 Madrid;28079 Madrid;2807917103 Madrid sección 17103;Total;Todas las edades;2025;2.141
28 Madrid;28079 Madrid;2807917104 Madrid sección 17104;Total;Todas las edades;2025;1.991
28 Madrid;28079 Madrid;2807917105 Madrid sección 17105;Total;Todas las edades;2025;1.508
28 Madrid;28079 Madrid;2807917106 Madrid sección 17106;Total;Todas las edades;2025;1.848
28 Madrid;28079 Madrid;2807917107 Madrid sección 17107;Total;Todas las edades;2025;2.648
28 Madrid;28079 Madrid;2807917108 Madrid sección 17108;Total;Todas las edades;2025;1.533
28 Madrid;28079 Madrid;2807917109 Madrid sección 17109;Total;Todas las edades;2025;1.232
28 Madrid;28079 Madrid;2807917110 Madrid sección 17110;Total;Todas las edades;2025;2.253
28 Madrid;28079 Madrid;2807917111 Madrid sección 17111;Total;Todas las edades;2025;2.815
28 Madrid;28079 Madrid;2807917112 Madrid sección 17112;Total;Todas las edades;2025;2.046
28 Madrid;28079 Madrid;2807917113 Madrid sección 17113;Total;Todas las edades;2025;1.408
28 Madrid;28079 Madrid;2807917114 Madrid sección 17114;Total;Todas las edades;2025;1.744
28 Madrid;28079 Madrid;2807917115 Madrid sección 17115;Total;Todas las edades;2025;2.358
28 Madrid;28079 Madrid;2807917116 Madrid sección 17116;Total;Todas las edades;2025;1.213
28 Madrid;28079 Madrid;2807917117 Madrid sección 17117;Total;Todas las edades;2025;3.351
28 Madrid;28079 Madrid;2807917118 Madrid sección 17118;Total;Todas las edades;2025;2.982
28 Madrid;28079 Madrid;2807917119 Madrid sección 17119;Total;Todas las edades;2025;1.436
28 Madrid;28079 Madrid;2807917120 Madrid sección 17120;Total;Todas las edades;2025;1.577
28 Madrid;28079 Madrid;2807918002 Madrid sección 18002;Total;Todas las edades;2025;1.424
28 Madrid;28079 Madrid;2807918003 Madrid sección 18003;Total;Todas las edades;2025;913
28 Madrid;28079 Madrid;2807918004 Madrid sección 18004;Total;Todas las edades;2025;1.216
28 Madrid;28079 Madrid;2807918005 Madrid sección 18005;Total;Todas las edades;2025;1.285
28 Madrid;28079 Madrid;2807918006 Madrid sección 18006;Total;Todas las edades;2025;1.396
28 Madrid;28079 Madrid;2807918007 Madrid sección 18007;Total;Todas las edades;2025;1.082
28 Madrid;28079 Madrid;2807918008 Madrid sección 18008;Total;Todas las edades;2025;1.228
28 Madrid;28079 Madrid;2807918009 Madrid sección 18009;Total;Todas las edades;2025;1.650
28 Madrid;28079 Madrid;2807918010 Madrid sección 18010;Total;Todas las edades;2025;1.164
28 Madrid;28079 Madrid;2807918011 Madrid sección 18011;Total;Todas las edades;2025;1.373
28 Madrid;28079 Madrid;2807918012 Madrid sección 18012;Total;Todas las edades;2025;1.591
28 Madrid;28079 Madrid;2807918013 Madrid sección 18013;Total;Todas las edades;2025;1.320
28 Madrid;28079 Madrid;2807918014 Madrid sección 18014;Total;Todas las edades;2025;1.545
28 Madrid;28079 Madrid;2807918015 Madrid sección 18015;Total;Todas las edades;2025;1.363
28 Madrid;28079 Madrid;2807918016 Madrid sección 18016;Total;Todas las edades;2025;1.384
28 Madrid;28079 Madrid;2807918017 Madrid sección 18017;Total;Todas las edades;2025;1.205
28 Madrid;28079 Madrid;2807918018 Madrid sección 18018;Total;Todas las edades;2025;2.023
28 Madrid;28079 Madrid;2807918019 Madrid sección 18019;Total;Todas las edades;2025;1.784
28 Madrid;28079 Madrid;2807918020 Madrid sección 18020;Total;Todas las edades;2025;1.460
28 Madrid;28079 Madrid;2807918021 Madrid sección 18021;Total;Todas las edades;2025;1.050
28 Madrid;28079 Madrid;2807918022 Madrid sección 18022;Total;Todas las edades;2025;1.588
28 Madrid;28079 Madrid;2807918023 Madrid sección 18023;Total;Todas las edades;2025;1.316
28 Madrid;28079 Madrid;2807918024 Madrid sección 18024;Total;Todas las edades;2025;998
28 Madrid;28079 Madrid;2807918025 Madrid sección 18025;Total;Todas las edades;2025;1.738
28 Madrid;28079 Madrid;2807918026 Madrid sección 18026;Total;Todas las edades;2025;1.632
28 Madrid;28079 Madrid;2807918027 Madrid sección 18027;Total;Todas las edades;2025;1.851
28 Madrid;28079 Madrid;2807918028 Madrid sección 18028;Total;Todas las edades;2025;1.938
28 Madrid;28079 Madrid;2807918029 Madrid sección 18029;Total;Todas las edades;2025;1.098
28 Madrid;28079 Madrid;2807918030 Madrid sección 18030;Total;Todas las edades;2025;790
28 Madrid;28079 Madrid;2807918031 Madrid sección 18031;Total;Todas las edades;2025;1.122
28 Madrid;28079 Madrid;2807918032 Madrid sección 18032;Total;Todas las edades;2025;1.346
28 Madrid;28079 Madrid;2807918033 Madrid sección 18033;Total;Todas las edades;2025;1.292
28 Madrid;28079 Madrid;2807918034 Madrid sección 18034;Total;Todas las edades;2025;1.243
28 Madrid;28079 Madrid;2807918035 Madrid sección 18035;Total;Todas las edades;2025;914
28 Madrid;28079 Madrid;2807918036 Madrid sección 18036;Total;Todas las edades;2025;1.307
28 Madrid;28079 Madrid;2807918037 Madrid sección 18037;Total;Todas las edades;2025;1.128
28 Madrid;28079 Madrid;2807918038 Madrid sección 18038;Total;Todas las edades;2025;1.033
28 Madrid;28079 Madrid;2807918039 Madrid sección 18039;Total;Todas las edades;2025;1.203
28 Madrid;28079 Madrid;2807918040 Madrid sección 18040;Total;Todas las edades;2025;2.303
28 Madrid;28079 Madrid;2807918041 Madrid sección 18041;Total;Todas las edades;2025;1.257
28 Madrid;28079 Madrid;2807918042 Madrid sección 18042;Total;Todas las edades;2025;1.833
28 Madrid;28079 Madrid;2807918043 Madrid sección 18043;Total;Todas las edades;2025;2.027
28 Madrid;28079 Madrid;2807918044 Madrid sección 18044;Total;Todas las edades;2025;1.246
28 Madrid;28079 Madrid;2807918045 Madrid sección 18045;Total;Todas las edades;2025;3.022
28 Madrid;28079 Madrid;2807918046 Madrid sección 18046;Total;Todas las edades;2025;2.979
28 Madrid;28079 Madrid;2807918047 Madrid sección 18047;Total;Todas las edades;2025;1.351
28 Madrid;28079 Madrid;2807918048 Madrid sección 18048;Total;Todas las edades;2025;1.286
28 Madrid;28079 Madrid;2807918049 Madrid sección 18049;Total;Todas las edades;2025;1.517
28 Madrid;28079 Madrid;2807918050 Madrid sección 18050;Total;Todas las edades;2025;2.773
28 Madrid;28079 Madrid;2807918051 Madrid sección 18051;Total;Todas las edades;2025;1.551
28 Madrid;28079 Madrid;2807918052 Madrid sección 18052;Total;Todas las edades;2025;2.481
28 Madrid;28079 Madrid;2807918053 Madrid sección 18053;Total;Todas las edades;2025;2.720
28 Madrid;28079 Madrid;2807918054 Madrid sección 18054;Total;Todas las edades;2025;1.684
28 Madrid;28079 Madrid;2807918055 Madrid sección 18055;Total;Todas las edades;2025;2.122
28 Madrid;28079 Madrid;2807918056 Madrid sección 18056;Total;Todas las edades;2025;2.208
28 Madrid;28079 Madrid;2807918057 Madrid sección 18057;Total;Todas las edades;2025;1.411
28 Madrid;28079 Madrid;2807918058 Madrid sección 18058;Total;Todas las edades;2025;2.091
28 Madrid;28079 Madrid;2807918059 Madrid sección 18059;Total;Todas las edades;2025;2.832
28 Madrid;28079 Madrid;2807918060 Madrid sección 18060;Total;Todas las edades;2025;1.852
28 Madrid;28079 Madrid;2807918061 Madrid sección 18061;Total;Todas las edades;2025;1.640
28 Madrid;28079 Madrid;2807918062 Madrid sección 18062;Total;Todas las edades;2025;2.421
28 Madrid;28079 Madrid;2807918063 Madrid sección 18063;Total;Todas las edades;2025;1.573
28 Madrid;28079 Madrid;2807918064 Madrid sección 18064;Total;Todas las edades;2025;2.720
28 Madrid;28079 Madrid;2807918065 Madrid sección 18065;Total;Todas las edades;2025;3.375
28 Madrid;28079 Madrid;2807918066 Madrid sección 18066;Total;Todas las edades;2025;2.277
28 Madrid;28079 Madrid;2807918067 Madrid sección 18067;Total;Todas las edades;2025;1.763
28 Madrid;28079 Madrid;2807918068 Madrid sección 18068;Total;Todas las edades;2025;1.373
28 Madrid;28079 Madrid;2807918069 Madrid sección 18069;Total;Todas las edades;2025;1.859
28 Madrid;28079 Madrid;2807918070 Madrid sección 18070;Total;Todas las edades;2025;1.492
28 Madrid;28079 Madrid;2807918071 Madrid sección 18071;Total;Todas las edades;2025;2.221
28 Madrid;28079 Madrid;2807918072 Madrid sección 18072;Total;Todas las edades;2025;1.617
28 Madrid;28079 Madrid;2807918073 Madrid sección 18073;Total;Todas las edades;2025;1.740
28 Madrid;28079 Madrid;2807918074 Madrid sección 18074;Total;Todas las edades;2025;1.534
28 Madrid;28079 Madrid;2807918075 Madrid sección 18075;Total;Todas las edades;2025;1.880
28 Madrid;28079 Madrid;2807918076 Madrid sección 18076;Total;Todas las edades;2025;2.143
28 Madrid;28079 Madrid;2807919001 Madrid sección 19001;Total;Todas las edades;2025;2.591
28 Madrid;28079 Madrid;2807919002 Madrid sección 19002;Total;Todas las edades;2025;1.655
28 Madrid;28079 Madrid;2807919003 Madrid sección 19003;Total;Todas las edades;2025;998
28 Madrid;28079 Madrid;2807919004 Madrid sección 19004;Total;Todas las edades;2025;1.033
28 Madrid;28079 Madrid;2807919005 Madrid sección 19005;Total;Todas las edades;2025;1.715
28 Madrid;28079 Madrid;2807919006 Madrid sección 19006;Total;Todas las edades;2025;1.299
28 Madrid;28079 Madrid;2807919007 Madrid sección 19007;Total;Todas las edades;2025;1.240
28 Madrid;28079 Madrid;2807919008 Madrid sección 19008;Total;Todas las edades;2025;1.430
28 Madrid;28079 Madrid;2807919009 Madrid sección 19009;Total;Todas las edades;2025;1.785
28 Madrid;28079 Madrid;2807919011 Madrid sección 19011;Total;Todas las edades;2025;1.308
28 Madrid;28079 Madrid;2807919012 Madrid sección 19012;Total;Todas las edades;2025;1.105
28 Madrid;28079 Madrid;2807919014 Madrid sección 19014;Total;Todas las edades;2025;1.571
28 Madrid;28079 Madrid;2807919015 Madrid sección 19015;Total;Todas las edades;2025;1.011
28 Madrid;28079 Madrid;2807919016 Madrid sección 19016;Total;Todas las edades;2025;961
28 Madrid;28079 Madrid;2807919018 Madrid sección 19018;Total;Todas las edades;2025;1.269
28 Madrid;28079 Madrid;2807919019 Madrid sección 19019;Total;Todas las edades;2025;1.038
28 Madrid;28079 Madrid;2807919020 Madrid sección 19020;Total;Todas las edades;2025;1.038
28 Madrid;28079 Madrid;2807919021 Madrid sección 19021;Total;Todas las edades;2025;1.277
28 Madrid;28079 Madrid;2807919022 Madrid sección 19022;Total;Todas las edades;2025;1.153
28 Madrid;28079 Madrid;2807919023 Madrid sección 19023;Total;Todas las edades;2025;1.173
28 Madrid;28079 Madrid;2807919024 Madrid sección 19024;Total;Todas las edades;2025;919
28 Madrid;28079 Madrid;2807919025 Madrid sección 19025;Total;Todas las edades;2025;1.154
28 Madrid;28079 Madrid;2807919026 Madrid sección 19026;Total;Todas las edades;2025;973
28 Madrid;28079 Madrid;2807919027 Madrid sección 19027;Total;Todas las edades;2025;1.031
28 Madrid;28079 Madrid;2807919028 Madrid sección 19028;Total;Todas las edades;2025;1.542
28 Madrid;28079 Madrid;2807919029 Madrid sección 19029;Total;Todas las edades;2025;998
28 Madrid;28079 Madrid;2807919032 Madrid sección 19032;Total;Todas las edades;2025;2.412
28 Madrid;28079 Madrid;2807919033 Madrid sección 19033;Total;Todas las edades;2025;2.099
28 Madrid;28079 Madrid;2807919034 Madrid sección 19034;Total;Todas las edades;2025;1.689
28 Madrid;28079 Madrid;2807919035 Madrid sección 19035;Total;Todas las edades;2025;1.595
28 Madrid;28079 Madrid;2807919036 Madrid sección 19036;Total;Todas las edades;2025;2.027
28 Madrid;28079 Madrid;2807919037 Madrid sección 19037;Total;Todas las edades;2025;2.064
28 Madrid;28079 Madrid;2807919038 Madrid sección 19038;Total;Todas las edades;2025;1.877
28 Madrid;28079 Madrid;2807919039 Madrid sección 19039;Total;Todas las edades;2025;1.748
28 Madrid;28079 Madrid;2807919040 Madrid sección 19040;Total;Todas las edades;2025;2.247
28 Madrid;28079 Madrid;2807919041 Madrid sección 19041;Total;Todas las edades;2025;1.500
28 Madrid;28079 Madrid;2807919042 Madrid sección 19042;Total;Todas las edades;2025;2.427
28 Madrid;28079 Madrid;2807919043 Madrid sección 19043;Total;Todas las edades;2025;1.677
28 Madrid;28079 Madrid;2807919044 Madrid sección 19044;Total;Todas las edades;2025;1.995
28 Madrid;28079 Madrid;2807919045 Madrid sección 19045;Total;Todas las edades;2025;1.707
28 Madrid;28079 Madrid;2807919046 Madrid sección 19046;Total;Todas las edades;2025;1.930
28 Madrid;28079 Madrid;2807919047 Madrid sección 19047;Total;Todas las edades;2025;2.528
28 Madrid;28079 Madrid;2807919048 Madrid sección 19048;Total;Todas las edades;2025;1.595
28 Madrid;28079 Madrid;2807919049 Madrid sección 19049;Total;Todas las edades;2025;2.068
28 Madrid;28079 Madrid;2807919050 Madrid sección 19050;Total;Todas las edades;2025;774
28 Madrid;28079 Madrid;2807919051 Madrid sección 19051;Total;Todas las edades;2025;1.934
28 Madrid;28079 Madrid;2807919052 Madrid sección 19052;Total;Todas las edades;2025;2.394
28 Madrid;28079 Madrid;2807919053 Madrid sección 19053;Total;Todas las edades;2025;2.402
28 Madrid;28079 Madrid;2807919054 Madrid sección 19054;Total;Todas las edades;2025;2.397
28 Madrid;28079 Madrid;2807919055 Madrid sección 19055;Total;Todas las edades;2025;2.783
28 Madrid;28079 Madrid;2807919056 Madrid sección 19056;Total;Todas las edades;2025;3.004
28 Madrid;28079 Madrid;2807919057 Madrid sección 19057;Total;Todas las edades;2025;1.457
28 Madrid;28079 Madrid;2807919058 Madrid sección 19058;Total;Todas las edades;2025;1.484
28 Madrid;28079 Madrid;2807919059 Madrid sección 19059;Total;Todas las edades;2025;2.706
28 Madrid;28079 Madrid;2807919060 Madrid sección 19060;Total;Todas las edades;2025;2.457
28 Madrid;28079 Madrid;2807919061 Madrid sección 19061;Total;Todas las edades;2025;1.940
28 Madrid;28079 Madrid;2807920001 Madrid sección 20001;Total;Todas las edades;2025;2.215
28 Madrid;28079 Madrid;2807920002 Madrid sección 20002;Total;Todas las edades;2025;1.639
28 Madrid;28079 Madrid;2807920003 Madrid sección 20003;Total;Todas las edades;2025;1.105
28 Madrid;28079 Madrid;2807920006 Madrid sección 20006;Total;Todas las edades;2025;977
28 Madrid;28079 Madrid;2807920007 Madrid sección 20007;Total;Todas las edades;2025;1.752
28 Madrid;28079 Madrid;2807920008 Madrid sección 20008;Total;Todas las edades;2025;1.456
28 Madrid;28079 Madrid;2807920009 Madrid sección 20009;Total;Todas las edades;2025;829
28 Madrid;28079 Madrid;2807920010 Madrid sección 20010;Total;Todas las edades;2025;1.084
28 Madrid;28079 Madrid;2807920011 Madrid sección 20011;Total;Todas las edades;2025;720
28 Madrid;28079 Madrid;2807920012 Madrid sección 20012;Total;Todas las edades;2025;1.641
28 Madrid;28079 Madrid;2807920013 Madrid sección 20013;Total;Todas las edades;2025;983
28 Madrid;28079 Madrid;2807920014 Madrid sección 20014;Total;Todas las edades;2025;""
28 Madrid;28079 Madrid;2807920015 Madrid sección 20015;Total;Todas las edades;2025;1.911
28 Madrid;28079 Madrid;2807920016 Madrid sección 20016;Total;Todas las edades;2025;""
28 Madrid;28079 Madrid;2807920017 Madrid sección 20017;Total;Todas las edades;2025;1.978
28 Madrid;28079 Madrid;2807920018 Madrid sección 20018;Total;Todas las edades;2025;1.192
28 Madrid;28079 Madrid;2807920019 Madrid sección 20019;Total;Todas las edades;2025;""
28 Madrid;28079 Madrid;2807920020 Madrid sección 20020;Total;Todas las edades;2025;1.899
28 Madrid;28079 Madrid;2807920021 Madrid sección 20021;Total;Todas las edades;2025;1.051
28 Madrid;28079 Madrid;2807920022 Madrid sección 20022;Total;Todas las edades;2025;1.275
28 Madrid;28079 Madrid;2807920023 Madrid sección 20023;Total;Todas las edades;2025;1.869
28 Madrid;28079 Madrid;2807920024 Madrid sección 20024;Total;Todas las edades;2025;""
28 Madrid;28079 Madrid;2807920025 Madrid sección 20025;Total;Todas las edades;2025;1.211
28 Madrid;28079 Madrid;2807920026 Madrid sección 20026;Total;Todas las edades;2025;1.444
28 Madrid;28079 Madrid;2807920027 Madrid sección 20027;Total;Todas las edades;2025;1.065
28 Madrid;28079 Madrid;2807920028 Madrid sección 20028;Total;Todas las edades;2025;717
28 Madrid;28079 Madrid;2807920029 Madrid sección 20029;Total;Todas las edades;2025;1.537
28 Madrid;28079 Madrid;2807920031 Madrid sección 20031;Total;Todas las edades;2025;1.516
28 Madrid;28079 Madrid;2807920032 Madrid sección 20032;Total;Todas las edades;2025;1.400
28 Madrid;28079 Madrid;2807920033 Madrid sección 20033;Total;Todas las edades;2025;1.237
28 Madrid;28079 Madrid;2807920034 Madrid sección 20034;Total;Todas las edades;2025;1.284
28 Madrid;28079 Madrid;2807920035 Madrid sección 20035;Total;Todas las edades;2025;1.330
28 Madrid;28079 Madrid;2807920036 Madrid sección 20036;Total;Todas las edades;2025;1.272
28 Madrid;28079 Madrid;2807920037 Madrid sección 20037;Total;Todas las edades;2025;799
28 Madrid;28079 Madrid;2807920038 Madrid sección 20038;Total;Todas las edades;2025;706
28 Madrid;28079 Madrid;2807920039 Madrid sección 20039;Total;Todas las edades;2025;736
28 Madrid;28079 Madrid;2807920040 Madrid sección 20040;Total;Todas las edades;2025;887
28 Madrid;28079 Madrid;2807920041 Madrid sección 20041;Total;Todas las edades;2025;927
28 Madrid;28079 Madrid;2807920042 Madrid sección 20042;Total;Todas las edades;2025;736
28 Madrid;28079 Madrid;2807920043 Madrid sección 20043;Total;Todas las edades;2025;823
28 Madrid;28079 Madrid;2807920044 Madrid sección 20044;Total;Todas las edades;2025;1.165
28 Madrid;28079 Madrid;2807920046 Madrid sección 20046;Total;Todas las edades;2025;1.125
28 Madrid;28079 Madrid;2807920047 Madrid sección 20047;Total;Todas las edades;2025;1.666
28 Madrid;28079 Madrid;2807920048 Madrid sección 20048;Total;Todas las edades;2025;1.088
28 Madrid;28079 Madrid;2807920049 Madrid sección 20049;Total;Todas las edades;2025;1.011
28 Madrid;28079 Madrid;2807920050 Madrid sección 20050;Total;Todas las edades;2025;1.088
28 Madrid;28079 Madrid;2807920051 Madrid sección 20051;Total;Todas las edades;2025;1.105
28 Madrid;28079 Madrid;2807920053 Madrid sección 20053;Total;Todas las edades;2025;2.336
28 Madrid;28079 Madrid;2807920055 Madrid sección 20055;Total;Todas las edades;2025;2.025
28 Madrid;28079 Madrid;2807920056 Madrid sección 20056;Total;Todas las edades;2025;1.321
28 Madrid;28079 Madrid;2807920058 Madrid sección 20058;Total;Todas las edades;2025;1.055
28 Madrid;28079 Madrid;2807920059 Madrid sección 20059;Total;Todas las edades;2025;742
28 Madrid;28079 Madrid;2807920062 Madrid sección 20062;Total;Todas las edades;2025;1.403
28 Madrid;28079 Madrid;2807920063 Madrid sección 20063;Total;Todas las edades;2025;1.137
28 Madrid;28079 Madrid;2807920064 Madrid sección 20064;Total;Todas las edades;2025;968
28 Madrid;28079 Madrid;2807920065 Madrid sección 20065;Total;Todas las edades;2025;1.796
28 Madrid;28079 Madrid;2807920066 Madrid sección 20066;Total;Todas las edades;2025;1.743
28 Madrid;28079 Madrid;2807920067 Madrid sección 20067;Total;Todas las edades;2025;2.236
28 Madrid;28079 Madrid;2807920068 Madrid sección 20068;Total;Todas las edades;2025;2.839
28 Madrid;28079 Madrid;2807920069 Madrid sección 20069;Total;Todas las edades;2025;1.118
28 Madrid;28079 Madrid;2807920070 Madrid sección 20070;Total;Todas las edades;2025;1.003
28 Madrid;28079 Madrid;2807920071 Madrid sección 20071;Total;Todas las edades;2025;1.675
28 Madrid;28079 Madrid;2807920072 Madrid sección 20072;Total;Todas las edades;2025;1.808
28 Madrid;28079 Madrid;2807920073 Madrid sección 20073;Total;Todas las edades;2025;1.068
28 Madrid;28079 Madrid;2807920074 Madrid sección 20074;Total;Todas las edades;2025;1.006
28 Madrid;28079 Madrid;2807920075 Madrid sección 20075;Total;Todas las edades;2025;1.120
28 Madrid;28079 Madrid;2807920076 Madrid sección 20076;Total;Todas las edades;2025;1.480
28 Madrid;28079 Madrid;2807920077 Madrid sección 20077;Total;Todas las edades;2025;2.434
28 Madrid;28079 Madrid;2807920078 Madrid sección 20078;Total;Todas las edades;2025;1.605
28 Madrid;28079 Madrid;2807920079 Madrid sección 20079;Total;Todas las edades;2025;1.194
28 Madrid;28079 Madrid;2807920080 Madrid sección 20080;Total;Todas las edades;2025;1.289
28 Madrid;28079 Madrid;2807920082 Madrid sección 20082;Total;Todas las edades;2025;1.966
28 Madrid;28079 Madrid;2807920083 Madrid sección 20083;Total;Todas las edades;2025;910
28 Madrid;28079 Madrid;2807920085 Madrid sección 20085;Total;Todas las edades;2025;1.903
28 Madrid;28079 Madrid;2807920086 Madrid sección 20086;Total;Todas las edades;2025;1.620
28 Madrid;28079 Madrid;2807920087 Madrid sección 20087;Total;Todas las edades;2025;1.182
28 Madrid;28079 Madrid;2807920088 Madrid sección 20088;Total;Todas las edades;2025;2.194
28 Madrid;28079 Madrid;2807920090 Madrid sección 20090;Total;Todas las edades;2025;1.250
28 Madrid;28079 Madrid;2807920091 Madrid sección 20091;Total;Todas las edades;2025;1.499
28 Madrid;28079 Madrid;2807920092 Madrid sección 20092;Total;Todas las edades;2025;1.873
28 Madrid;28079 Madrid;2807920093 Madrid sección 20093;Total;Todas las edades;2025;1.420
28 Madrid;28079 Madrid;2807920095 Madrid sección 20095;Total;Todas las edades;2025;1.392
28 Madrid;28079 Madrid;2807920096 Madrid sección 20096;Total;Todas las edades;2025;1.069
28 Madrid;28079 Madrid;2807920097 Madrid sección 20097;Total;Todas las edades;2025;1.143
28 Madrid;28079 Madrid;2807920098 Madrid sección 20098;Total;Todas las edades;2025;993
28 Madrid;28079 Madrid;2807920099 Madrid sección 20099;Total;Todas las edades;2025;1.745
28 Madrid;28079 Madrid;2807920100 Madrid sección 20100;Total;Todas las edades;2025;1.731
28 Madrid;28079 Madrid;2807920101 Madrid sección 20101;Total;Todas las edades;2025;1.467
28 Madrid;28079 Madrid;2807920102 Madrid sección 20102;Total;Todas las edades;2025;1.902
28 Madrid;28079 Madrid;2807920103 Madrid sección 20103;Total;Todas las edades;2025;2.343
28 Madrid;28079 Madrid;2807920104 Madrid sección 20104;Total;Todas las edades;2025;2.263
28 Madrid;28079 Madrid;2807920105 Madrid sección 20105;Total;Todas las edades;2025;1.935
28 Madrid;28079 Madrid;2807920106 Madrid sección 20106;Total;Todas las edades;2025;1.692
28 Madrid;28079 Madrid;2807920107 Madrid sección 20107;Total;Todas las edades;2025;2.058
28 Madrid;28079 Madrid;2807920108 Madrid sección 20108;Total;Todas las edades;2025;1.742
28 Madrid;28079 Madrid;2807920109 Madrid sección 20109;Total;Todas las edades;2025;1.861
28 Madrid;28079 Madrid;2807920110 Madrid sección 20110;Total;Todas las edades;2025;1.994
28 Madrid;28079 Madrid;2807920111 Madrid sección 20111;Total;Todas las edades;2025;1.921
28 Madrid;28079 Madrid;2807920112 Madrid sección 20112;Total;Todas las edades;2025;1.686
28 Madrid;28079 Madrid;2807920113 Madrid sección 20113;Total;Todas las edades;2025;2.211
28 Madrid;28079 Madrid;2807920114 Madrid sección 20114;Total;Todas las edades;2025;1.913
28 Madrid;28079 Madrid;2807920115 Madrid sección 20115;Total;Todas las edades;2025;2.058
28 Madrid;28079 Madrid;2807920116 Madrid sección 20116;Total;Todas las edades;2025;2.023
28 Madrid;28079 Madrid;2807920117 Madrid sección 20117;Total;Todas las edades;2025;1.659
28 Madrid;28079 Madrid;2807920118 Madrid sección 20118;Total;Todas las edades;2025;1.997
28 Madrid;28079 Madrid;2807920119 Madrid sección 20119;Total;Todas las edades;2025;1.889
28 Madrid;28079 Madrid;2807920120 Madrid sección 20120;Total;Todas las edades;2025;3.284
28 Madrid;28079 Madrid;2807920121 Madrid sección 20121;Total;Todas las edades;2025;2.029
28 Madrid;28079 Madrid;2807920122 Madrid sección 20122;Total;Todas las edades;2025;1.832
28 Madrid;28079 Madrid;2807920123 Madrid sección 20123;Total;Todas las edades;2025;1.340
28 Madrid;28079 Madrid;2807920124 Madrid sección 20124;Total;Todas las edades;2025;1.400
28 Madrid;28079 Madrid;2807920125 Madrid sección 20125;Total;Todas las edades;2025;1.633
28 Madrid;28079 Madrid;2807920126 Madrid sección 20126;Total;Todas las edades;2025;1.642
28 Madrid;28079 Madrid;2807920127 Madrid sección 20127;Total;Todas las edades;2025;1.890
28 Madrid;28079 Madrid;2807920128 Madrid sección 20128;Total;Todas las edades;2025;1.244
28 Madrid;28079 Madrid;2807920129 Madrid sección 20129;Total;Todas las edades;2025;1.419
28 Madrid;28079 Madrid;2807921001 Madrid sección 21001;Total;Todas las edades;2025;1.549
28 Madrid;28079 Madrid;2807921002 Madrid sección 21002;Total;Todas las edades;2025;1.447
28 Madrid;28079 Madrid;2807921003 Madrid sección 21003;Total;Todas las edades;2025;1.217
28 Madrid;28079 Madrid;2807921004 Madrid sección 21004;Total;Todas las edades;2025;1.153
28 Madrid;28079 Madrid;2807921005 Madrid sección 21005;Total;Todas las edades;2025;2.465
28 Madrid;28079 Madrid;2807921006 Madrid sección 21006;Total;Todas las edades;2025;1.291
28 Madrid;28079 Madrid;2807921007 Madrid sección 21007;Total;Todas las edades;2025;1.940
28 Madrid;28079 Madrid;2807921008 Madrid sección 21008;Total;Todas las edades;2025;666
28 Madrid;28079 Madrid;2807921009 Madrid sección 21009;Total;Todas las edades;2025;650
28 Madrid;28079 Madrid;2807921010 Madrid sección 21010;Total;Todas las edades;2025;1.288
28 Madrid;28079 Madrid;2807921011 Madrid sección 21011;Total;Todas las edades;2025;1.741
28 Madrid;28079 Madrid;2807921012 Madrid sección 21012;Total;Todas las edades;2025;922
28 Madrid;28079 Madrid;2807921013 Madrid sección 21013;Total;Todas las edades;2025;1.260
28 Madrid;28079 Madrid;2807921014 Madrid sección 21014;Total;Todas las edades;2025;2.349
28 Madrid;28079 Madrid;2807921015 Madrid sección 21015;Total;Todas las edades;2025;1.937
28 Madrid;28079 Madrid;2807921017 Madrid sección 21017;Total;Todas las edades;2025;1.483
28 Madrid;28079 Madrid;2807921018 Madrid sección 21018;Total;Todas las edades;2025;1.545
28 Madrid;28079 Madrid;2807921019 Madrid sección 21019;Total;Todas las edades;2025;1.861
28 Madrid;28079 Madrid;2807921020 Madrid sección 21020;Total;Todas las edades;2025;1.934
28 Madrid;28079 Madrid;2807921021 Madrid sección 21021;Total;Todas las edades;2025;1.303
28 Madrid;28079 Madrid;2807921022 Madrid sección 21022;Total;Todas las edades;2025;1.738
28 Madrid;28079 Madrid;2807921023 Madrid sección 21023;Total;Todas las edades;2025;1.131
28 Madrid;28079 Madrid;2807921025 Madrid sección 21025;Total;Todas las edades;2025;1.551
28 Madrid;28079 Madrid;2807921026 Madrid sección 21026;Total;Todas las edades;2025;1.640
28 Madrid;28079 Madrid;2807921027 Madrid sección 21027;Total;Todas las edades;2025;2.616
28 Madrid;28079 Madrid;2807921028 Madrid sección 21028;Total;Todas las edades;2025;1.982
28 Madrid;28079 Madrid;2807921029 Madrid sección 21029;Total;Todas las edades;2025;1.655
28 Madrid;28079 Madrid;2807921030 Madrid sección 21030;Total;Todas las edades;2025;1.567
28 Madrid;28079 Madrid;2807921031 Madrid sección 21031;Total;Todas las edades;2025;1.665
28 Madrid;28079 Madrid;2807921032 Madrid sección 21032;Total;Todas las edades;2025;1.884
28 Madrid;28079 Madrid;2807921033 Madrid sección 21033;Total;Todas las edades;2025;1.342
28 Madrid;28079 Madrid;2807921034 Madrid sección 21034;Total;Todas las edades;2025;1.337
