{"type":"FeatureCollection","features":[{"type":"Feature","id":264009,"geometry":{"type":"Point","coordinates":[-0.33331878222294364,39.474287107604688]},"properties":{"objectid":264009,"codvia":46170,"numportal":5,"dupli_trip":null,"accesorio":"NO","angulo":351,"catfis":"7","descripcion":"5"}},{"type":"Feature","id":264010,"geometry":{"type":"Point","coordinates":[-0.37524695690658189,39.484629713733341]},"properties":{"objectid":264010,"codvia":25860,"numportal":16,"dupli_trip":null,"accesorio":"SI","angulo":85,"catfis":"7","descripcion":"16ac"}},{"type":"Feature","id":264012,"geometry":{"type":"Point","coordinates":[-0.33914007546356012,39.465154009012991]},"properties":{"objectid":264012,"codvia":38190,"numportal":45,"dupli_trip":null,"accesorio":"NO","angulo":342,"catfis":"6","descripcion":"45"}},{"type":"Feature","id":264014,"geometry":{"type":"Point","coordinates":[-0.37161455671084842,39.472403527825982]},"properties":{"objectid":264014,"codvia":11670,"numportal":16,"dupli_trip":null,"accesorio":"NO","angulo":74,"catfis":"4","descripcion":"16"}},{"type":"Feature","id":264015,"geometry":{"type":"Point","coordinates":[-0.38795927700048799,39.529035581980281]},"properties":{"objectid":264015,"codvia":11730,"numportal":4,"dupli_trip":null,"accesorio":"NO","angulo":92,"catfis":"7","descripcion":"4"}},{"type":"Feature","id":264016,"geometry":{"type":"Point","coordinates":[-0.39075958174399072,39.456983976778602]},"properties":{"objectid":264016,"codvia":30660,"numportal":6,"dupli_trip":null,"accesorio":"NO","angulo":314,"catfis":"5","descripcion":"6"}},{"type":"Feature","id":264244,"geometry":{"type":"Point","coordinates":[-0.37229699677142092,39.45424198622117]},"properties":{"objectid":264244,"codvia":11070,"numportal":7,"dupli_trip":null,"accesorio":"NO","angulo":41,"catfis":"6","descripcion":"7"}},{"type":"Feature","id":264245,"geometry":{"type":"Point","coordinates":[-0.40283792271235408,39.476503057199054]},"properties":{"objectid":264245,"codvia":81712,"numportal":2,"dupli_trip":null,"accesorio":"SI","angulo":16,"catfis":"7","descripcion":"2ac"}},{"type":"Feature","id":264246,"geometry":{"type":"Point","coordinates":[-0.37070564381022336,39.426617854051187]},"properties":{"objectid":264246,"codvia":16480,"numportal":33,"dupli_trip":null,"accesorio":"NO","angulo":78,"catfis":"7","descripcion":"33"}},{"type":"Feature","id":264248,"geometry":{"type":"Point","coordinates":[-0.36987831216909461,39.493376252382816]},"properties":{"objectid":264248,"codvia":6870,"numportal":27,"dupli_trip":null,"accesorio":"NO","angulo":48,"catfis":"7","descripcion":"27"}},{"type":"Feature","id":264249,"geometry":{"type":"Point","coordinates":[-0.36723562995985093,39.469196301327656]},"properties":{"objectid":264249,"codvia":18540,"numportal":67,"dupli_trip":null,"accesorio":"NO","angulo":31,"catfis":"E","descripcion":"67"}},{"type":"Feature","id":264250,"geometry":{"type":"Point","coordinates":[-0.42490876420236684,39.499779470385946]},"properties":{"objectid":264250,"codvia":76320,"numportal":12,"dupli_trip":null,"accesorio":"NO","angulo":32,"catfis":"7","descripcion":"12"}},{"type":"Feature","id":264251,"geometry":{"type":"Point","coordinates":[-0.36832445452797524,39.490927739586809]},"properties":{"objectid":264251,"codvia":50850,"numportal":21,"dupli_trip":null,"accesorio":"NO","angulo":48,"catfis":"6","descripcion":"21"}},{"type":"Feature","id":264252,"geometry":{"type":"Point","coordinates":[-0.36910480024031228,39.48575115526517]},"properties":{"objectid":264252,"codvia":10620,"numportal":8,"dupli_trip":null,"accesorio":"NO","angulo":66,"catfis":"6","descripcion":"8"}},{"type":"Feature","id":264253,"geometry":{"type":"Point","coordinates":[-0.33673520445305721,39.421480677941361]},"properties":{"objectid":264253,"codvia":58260,"numportal":64,"dupli_trip":null,"accesorio":"NO","angulo":12,"catfis":"7","descripcion":"64"}},{"type":"Feature","id":264254,"geometry":{"type":"Point","coordinates":[-0.33284967916153974,39.452024759947598]},"properties":{"objectid":264254,"codvia":71910,"numportal":18,"dupli_trip":null,"accesorio":"NO","angulo":349,"catfis":"6","descripcion":"18"}},{"type":"Feature","id":264255,"geometry":{"type":"Point","coordinates":[-0.36735665351033808,39.458622459438445]},"properties":{"objectid":264255,"codvia":66930,"numportal":16,"dupli_trip":null,"accesorio":"NO","angulo":42,"catfis":"6","descripcion":"16"}},{"type":"Feature","id":264256,"geometry":{"type":"Point","coordinates":[-0.36769141450307946,39.462738359754184]},"properties":{"objectid":264256,"codvia":43110,"numportal":8,"dupli_trip":null,"accesorio":"NO","angulo":300,"catfis":"3","descripcion":"8"}},{"type":"Feature","id":264257,"geometry":{"type":"Point","coordinates":[-0.27954938826898895,39.285116715723284]},"properties":{"objectid":264257,"codvia":34140,"numportal":104,"dupli_trip":null,"accesorio":"NO","angulo":299,"catfis":"5","descripcion":"104"}},{"type":"Feature","id":264258,"geometry":{"type":"Point","coordinates":[-0.33022688595882327,39.46510436541368]},"properties":{"objectid":264258,"codvia":54660,"numportal":65,"dupli_trip":null,"accesorio":"NO","angulo":86,"catfis":"7","descripcion":"65"}},{"type":"Feature","id":264259,"geometry":{"type":"Point","coordinates":[-0.33101542077188195,39.464416733247852]},"properties":{"objectid":264259,"codvia":38820,"numportal":39,"dupli_trip":null,"accesorio":"NO","angulo":87,"catfis":"7","descripcion":"39"}},{"type":"Feature","id":264260,"geometry":{"type":"Point","coordinates":[-0.33221280027319711,39.447917129704365]},"properties":{"objectid":264260,"codvia":53040,"numportal":14,"dupli_trip":null,"accesorio":"NO","angulo":47,"catfis":"7","descripcion":"14"}},{"type":"Feature","id":264261,"geometry":{"type":"Point","coordinates":[-0.36418700668037313,39.421952405221838]},"properties":{"objectid":264261,"codvia":33930,"numportal":49,"dupli_trip":null,"accesorio":"NO","angulo":74,"catfis":"6","descripcion":"49"}},{"type":"Feature","id":233084,"geometry":{"type":"Point","coordinates":[-0.37172594961048494,39.455533782023629]},"properties":{"objectid":233084,"codvia":61170,"numportal":2,"dupli_trip":null,"accesorio":"NO","angulo":4,"catfis":"7","descripcion":"2"}},{"type":"Feature","id":269753,"geometry":{"type":"Point","coordinates":[-0.37222047500574662,39.4457837703129]},"properties":{"objectid":269753,"codvia":81862,"numportal":8,"dupli_trip":null,"accesorio":"NO","angulo":355,"catfis":"E","descripcion":"8"}},{"type":"Feature","id":235687,"geometry":{"type":"Point","coordinates":[-0.37273007457309248,39.445833253635399]},"properties":{"objectid":235687,"codvia":81862,"numportal":6,"dupli_trip":null,"accesorio":"NO","angulo":355,"catfis":"E","descripcion":"6"}},{"type":"Feature","id":259890,"geometry":{"type":"Point","coordinates":[-0.36978964623772959,39.454512244896776]},"properties":{"objectid":259890,"codvia":1350,"numportal":12,"dupli_trip":null,"accesorio":"NO","angulo":355,"catfis":"6","descripcion":"12"}},{"type":"Feature","id":264262,"geometry":{"type":"Point","coordinates":[-0.37658820753627781,39.47786993786633]},"properties":{"objectid":264262,"codvia":71070,"numportal":16,"dupli_trip":null,"accesorio":"NO","angulo":73,"catfis":"3","descripcion":"16"}},{"type":"Feature","id":264263,"geometry":{"type":"Point","coordinates":[-0.38370482282355434,39.460622075881965]},"properties":{"objectid":264263,"codvia":44220,"numportal":36,"dupli_trip":null,"accesorio":"NO","angulo":323,"catfis":"2","descripcion":"36"}},{"type":"Feature","id":264265,"geometry":{"type":"Point","coordinates":[-0.37444553853761409,39.463655577657349]},"properties":{"objectid":264265,"codvia":22530,"numportal":7,"dupli_trip":null,"accesorio":"NO","angulo":25,"catfis":"7","descripcion":"7"}},{"type":"Feature","id":264266,"geometry":{"type":"Point","coordinates":[-0.38204904060665523,39.461942598271094]},"properties":{"objectid":264266,"codvia":24210,"numportal":35,"dupli_trip":null,"accesorio":"SI","angulo":348,"catfis":"3","descripcion":"35ac"}},{"type":"Feature","id":264267,"geometry":{"type":"Point","coordinates":[-0.42072176161025882,39.503962023698683]},"properties":{"objectid":264267,"codvia":5370,"numportal":2,"dupli_trip":null,"accesorio":"SI","angulo":21,"catfis":"7","descripcion":"2ac"}},{"type":"Feature","id":264268,"geometry":{"type":"Point","coordinates":[-0.36988450349502977,39.459568763255348]},"properties":{"objectid":264268,"codvia":57630,"numportal":109,"dupli_trip":null,"accesorio":"NO","angulo":31,"catfis":"3","descripcion":"109"}},{"type":"Feature","id":264269,"geometry":{"type":"Point","coordinates":[-0.41767849719994338,39.501792245889717]},"properties":{"objectid":264269,"codvia":48540,"numportal":8,"dupli_trip":null,"accesorio":"NO","angulo":0,"catfis":"7","descripcion":"8"}},{"type":"Feature","id":263505,"geometry":{"type":"Point","coordinates":[-0.38045474826207148,39.485958138707083]},"properties":{"objectid":263505,"codvia":81322,"numportal":11,"dupli_trip":null,"accesorio":"SI","angulo":17,"catfis":"6","descripcion":"11ac"}},{"type":"Feature","id":263507,"geometry":{"type":"Point","coordinates":[-0.36325265314241789,39.45913665942799]},"properties":{"objectid":263507,"codvia":31440,"numportal":26,"dupli_trip":null,"accesorio":"NO","angulo":59,"catfis":"6","descripcion":"26"}},{"type":"Feature","id":263508,"geometry":{"type":"Point","coordinates":[-0.37735147308093298,39.478562564517915]},"properties":{"objectid":263508,"codvia":21780,"numportal":4,"dupli_trip":null,"accesorio":"NO","angulo":308,"catfis":"6","descripcion":"4"}},{"type":"Feature","id":263509,"geometry":{"type":"Point","coordinates":[-0.37695913590245306,39.475248402108704]},"properties":{"objectid":263509,"codvia":78330,"numportal":17,"dupli_trip":null,"accesorio":"SI","angulo":84,"catfis":"6","descripcion":"17ac"}},{"type":"Feature","id":263510,"geometry":{"type":"Point","coordinates":[-0.36461843530168569,39.456319461983973]},"properties":{"objectid":263510,"codvia":59610,"numportal":67,"dupli_trip":null,"accesorio":"NO","angulo":31,"catfis":"6","descripcion":"67"}},{"type":"Feature","id":263512,"geometry":{"type":"Point","coordinates":[-0.37078033054418547,39.497679808975896]},"properties":{"objectid":263512,"codvia":62610,"numportal":249,"dupli_trip":null,"accesorio":"SI","angulo":68,"catfis":"7","descripcion":"249ac"}},{"type":"Feature","id":263513,"geometry":{"type":"Point","coordinates":[-0.3973133804674116,39.442088108898474]},"properties":{"objectid":263513,"codvia":58020,"numportal":3,"dupli_trip":null,"accesorio":"NO","angulo":77,"catfis":"7","descripcion":"3"}},{"type":"Feature","id":263514,"geometry":{"type":"Point","coordinates":[-0.37878290828176775,39.483282854905994]},"properties":{"objectid":263514,"codvia":43380,"numportal":9,"dupli_trip":null,"accesorio":"SI","angulo":336,"catfis":"4","descripcion":"9ac"}},{"type":"Feature","id":263515,"geometry":{"type":"Point","coordinates":[-0.29567110066947572,39.307244714270233]},"properties":{"objectid":263515,"codvia":80890,"numportal":5,"dupli_trip":null,"accesorio":"NO","angulo":74,"catfis":"5","descripcion":"5"}},{"type":"Feature","id":263516,"geometry":{"type":"Point","coordinates":[-0.3599132960365129,39.456433111037953]},"properties":{"objectid":263516,"codvia":81101,"numportal":16,"dupli_trip":null,"accesorio":"SI","angulo":56,"catfis":"6","descripcion":"16ac"}},{"type":"Feature","id":263517,"geometry":{"type":"Point","coordinates":[-0.39141528076677057,39.445817525344893]},"properties":{"objectid":263517,"codvia":37200,"numportal":8,"dupli_trip":null,"accesorio":"SI","angulo":345,"catfis":"7","descripcion":"8ac"}},{"type":"Feature","id":263518,"geometry":{"type":"Point","coordinates":[-0.37770768777737312,39.517790846546859]},"properties":{"objectid":263518,"codvia":27960,"numportal":16,"dupli_trip":null,"accesorio":"NO","angulo":81,"catfis":"7","descripcion":"16"}},{"type":"Feature","id":264063,"geometry":{"type":"Point","coordinates":[-0.35909739766435977,39.453648046233894]},"properties":{"objectid":264063,"codvia":81385,"numportal":15,"dupli_trip":null,"accesorio":"SI","angulo":300,"catfis":"6","descripcion":"15ac"}},{"type":"Feature","id":264064,"geometry":{"type":"Point","coordinates":[-0.33259678283372995,39.448149630396998]},"properties":{"objectid":264064,"codvia":64670,"numportal":30,"dupli_trip":null,"accesorio":"NO","angulo":45,"catfis":"7","descripcion":"30"}},{"type":"Feature","id":264065,"geometry":{"type":"Point","coordinates":[-0.37360588311347021,39.460736455119118]},"properties":{"objectid":264065,"codvia":41850,"numportal":8,"dupli_trip":null,"accesorio":"NO","angulo":31,"catfis":"4","descripcion":"8"}},{"type":"Feature","id":264292,"geometry":{"type":"Point","coordinates":[-0.36552756638937378,39.463586711952104]},"properties":{"objectid":264292,"codvia":38430,"numportal":56,"dupli_trip":null,"accesorio":"NO","angulo":301,"catfis":"2","descripcion":"56"}},{"type":"Feature","id":264293,"geometry":{"type":"Point","coordinates":[-0.38777621741744789,39.529477938847606]},"properties":{"objectid":264293,"codvia":70380,"numportal":38,"dupli_trip":null,"accesorio":"NO","angulo":344,"catfis":"7","descripcion":"38"}},{"type":"Feature","id":264294,"geometry":{"type":"Point","coordinates":[-0.40264258943348324,39.475387443702452]},"properties":{"objectid":264294,"codvia":44850,"numportal":12,"dupli_trip":"DUPL","accesorio":"NO","angulo":16,"catfis":"5","descripcion":"12dup"}},{"type":"Feature","id":264295,"geometry":{"type":"Point","coordinates":[-0.38928628920849279,39.454149405477693]},"properties":{"objectid":264295,"codvia":70230,"numportal":24,"dupli_trip":null,"accesorio":"SI","angulo":342,"catfis":"7","descripcion":"24ac"}},{"type":"Feature","id":264296,"geometry":{"type":"Point","coordinates":[-0.37211268657690788,39.473770264552471]},"properties":{"objectid":264296,"codvia":45090,"numportal":35,"dupli_trip":null,"accesorio":"SI","angulo":1,"catfis":"2","descripcion":"35ac"}},{"type":"Feature","id":264297,"geometry":{"type":"Point","coordinates":[-0.40702124603670564,39.541535017691963]},"properties":{"objectid":264297,"codvia":81525,"numportal":14,"dupli_trip":null,"accesorio":"NO","angulo":34,"catfis":"7","descripcion":"14"}},{"type":"Feature","id":264298,"geometry":{"type":"Point","coordinates":[-0.38679945785700509,39.481145475835703]},"properties":{"objectid":264298,"codvia":73140,"numportal":24,"dupli_trip":null,"accesorio":"SI","angulo":31,"catfis":"7","descripcion":"24ac"}},{"type":"Feature","id":264299,"geometry":{"type":"Point","coordinates":[-0.36966181763260519,39.45889127053249]},"properties":{"objectid":264299,"codvia":81772,"numportal":44,"dupli_trip":null,"accesorio":"SI","angulo":32,"catfis":"7","descripcion":"44ac"}},{"type":"Feature","id":264300,"geometry":{"type":"Point","coordinates":[-0.35954569617658866,39.484394920922739]},"properties":{"objectid":264300,"codvia":39840,"numportal":5,"dupli_trip":null,"accesorio":"NO","angulo":71,"catfis":"6","descripcion":"5"}},{"type":"Feature","id":264301,"geometry":{"type":"Point","coordinates":[-0.3859481536333817,39.474994118687007]},"properties":{"objectid":264301,"codvia":12060,"numportal":29,"dupli_trip":null,"accesorio":"NO","angulo":91,"catfis":"4","descripcion":"29"}},{"type":"Feature","id":264302,"geometry":{"type":"Point","coordinates":[-0.3975110040911134,39.461076288042591]},"properties":{"objectid":264302,"codvia":81484,"numportal":1,"dupli_trip":null,"accesorio":"SI","angulo":38,"catfis":"6","descripcion":"1ac"}},{"type":"Feature","id":264303,"geometry":{"type":"Point","coordinates":[-0.4002329416138492,39.466011016836724]},"properties":{"objectid":264303,"codvia":69810,"numportal":11,"dupli_trip":null,"accesorio":"SI","angulo":79,"catfis":"6","descripcion":"11ac"}},{"type":"Feature","id":264304,"geometry":{"type":"Point","coordinates":[-0.37048850721897747,39.45827909114692]},"properties":{"objectid":264304,"codvia":53760,"numportal":20,"dupli_trip":null,"accesorio":"NO","angulo":22,"catfis":"7","descripcion":"20"}},{"type":"Feature","id":264305,"geometry":{"type":"Point","coordinates":[-0.32733355695391797,39.484066463506906]},"properties":{"objectid":264305,"codvia":6430,"numportal":20,"dupli_trip":null,"accesorio":"NO","angulo":0,"catfis":"7","descripcion":"20"}},{"type":"Feature","id":264306,"geometry":{"type":"Point","coordinates":[-0.37472176367929055,39.478176021187359]},"properties":{"objectid":264306,"codvia":51270,"numportal":2,"dupli_trip":null,"accesorio":"NO","angulo":84,"catfis":"2","descripcion":"2"}},{"type":"Feature","id":264307,"geometry":{"type":"Point","coordinates":[-0.37255147106268377,39.486951400269717]},"properties":{"objectid":264307,"codvia":11160,"numportal":18,"dupli_trip":null,"accesorio":"NO","angulo":78,"catfis":"5","descripcion":"18"}},{"type":"Feature","id":264308,"geometry":{"type":"Point","coordinates":[-0.3905518887838178,39.460728464936658]},"properties":{"objectid":264308,"codvia":9450,"numportal":15,"dupli_trip":null,"accesorio":"NO","angulo":326,"catfis":"4","descripcion":"15"}},{"type":"Feature","id":264309,"geometry":{"type":"Point","coordinates":[-0.33329200460798036,39.544429840630137]},"properties":{"objectid":264309,"codvia":38700,"numportal":19,"dupli_trip":null,"accesorio":"NO","angulo":52,"catfis":"7","descripcion":"19"}},{"type":"Feature","id":264310,"geometry":{"type":"Point","coordinates":[-0.32546190918302842,39.466947623121037]},"properties":{"objectid":264310,"codvia":29190,"numportal":111,"dupli_trip":null,"accesorio":"NO","angulo":97,"catfis":"6","descripcion":"111"}},{"type":"Feature","id":264311,"geometry":{"type":"Point","coordinates":[-0.33849643957419362,39.465609337810946]},"properties":{"objectid":264311,"codvia":81619,"numportal":7,"dupli_trip":null,"accesorio":"NO","angulo":71,"catfis":"7","descripcion":"7"}},{"type":"Feature","id":264312,"geometry":{"type":"Point","coordinates":[-0.38875836872846387,39.452730987314951]},"properties":{"objectid":264312,"codvia":15390,"numportal":38,"dupli_trip":null,"accesorio":"NO","angulo":82,"catfis":"4","descripcion":"38"}},{"type":"Feature","id":264313,"geometry":{"type":"Point","coordinates":[-0.38961146063245278,39.479562635181452]},"properties":{"objectid":264313,"codvia":47760,"numportal":15,"dupli_trip":null,"accesorio":"NO","angulo":32,"catfis":"2","descripcion":"15"}},{"type":"Feature","id":264314,"geometry":{"type":"Point","coordinates":[-0.36881211448794199,39.490646458217675]},"properties":{"objectid":264314,"codvia":35400,"numportal":14,"dupli_trip":null,"accesorio":"SI","angulo":48,"catfis":"6","descripcion":"14ac"}},{"type":"Feature","id":264315,"geometry":{"type":"Point","coordinates":[-0.40170350807322958,39.478278841395941]},"properties":{"objectid":264315,"codvia":74730,"numportal":59,"dupli_trip":null,"accesorio":"NO","angulo":0,"catfis":"4","descripcion":"59"}},{"type":"Feature","id":263550,"geometry":{"type":"Point","coordinates":[-0.37945281299161737,39.47835723848187]},"properties":{"objectid":263550,"codvia":70560,"numportal":14,"dupli_trip":"B","accesorio":null,"angulo":21,"catfis":"E","descripcion":"14B"}},{"type":"Feature","id":263551,"geometry":{"type":"Point","coordinates":[-0.40858250686934933,39.47130557517189]},"properties":{"objectid":263551,"codvia":1650,"numportal":40,"dupli_trip":null,"accesorio":"NO","angulo":344,"catfis":"7","descripcion":"40"}},{"type":"Feature","id":263552,"geometry":{"type":"Point","coordinates":[-0.37472723053861595,39.489386145965995]},"properties":{"objectid":263552,"codvia":66330,"numportal":176,"dupli_trip":null,"accesorio":"NO","angulo":77,"catfis":"6","descripcion":"176"}},{"type":"Feature","id":263553,"geometry":{"type":"Point","coordinates":[-0.37731065984937123,39.474770284819151]},"properties":{"objectid":263553,"codvia":27030,"numportal":3,"dupli_trip":null,"accesorio":"NO","angulo":86,"catfis":"3","descripcion":"3"}},{"type":"Feature","id":263554,"geometry":{"type":"Point","coordinates":[-0.33340089008076446,39.446027959808731]},"properties":{"objectid":263554,"codvia":53040,"numportal":69,"dupli_trip":null,"accesorio":"SI","angulo":65,"catfis":"7","descripcion":"69ac"}},{"type":"Feature","id":263555,"geometry":{"type":"Point","coordinates":[-0.33396866977628298,39.471939217615542]},"properties":{"objectid":263555,"codvia":45810,"numportal":26,"dupli_trip":null,"accesorio":"NO","angulo":81,"catfis":"7","descripcion":"26"}},{"type":"Feature","id":263557,"geometry":{"type":"Point","coordinates":[-0.39628206903017094,39.492768688488084]},"properties":{"objectid":263557,"codvia":69180,"numportal":11,"dupli_trip":null,"accesorio":"NO","angulo":315,"catfis":"7","descripcion":"11"}},{"type":"Feature","id":263558,"geometry":{"type":"Point","coordinates":[-0.37930407808597549,39.462982392619274]},"properties":{"objectid":263558,"codvia":8040,"numportal":15,"dupli_trip":null,"accesorio":"NO","angulo":345,"catfis":"E","descripcion":"15"}},{"type":"Feature","id":263559,"geometry":{"type":"Point","coordinates":[-0.35049274524625984,39.44089697184689]},"properties":{"objectid":263559,"codvia":3330,"numportal":18,"dupli_trip":null,"accesorio":"NO","angulo":0,"catfis":"7","descripcion":"18"}},{"type":"Feature","id":263560,"geometry":{"type":"Point","coordinates":[-0.38240453264044932,39.471000360960602]},"properties":{"objectid":263560,"codvia":36420,"numportal":22,"dupli_trip":null,"accesorio":"NO","angulo":3,"catfis":"3","descripcion":"22"}},{"type":"Feature","id":263561,"geometry":{"type":"Point","coordinates":[-0.38983674568876026,39.457895524989233]},"properties":{"objectid":263561,"codvia":81166,"numportal":1,"dupli_trip":null,"accesorio":"NO","angulo":334,"catfis":"5","descripcion":"1"}},{"type":"Feature","id":263562,"geometry":{"type":"Point","coordinates":[-0.3776409389340965,39.47191012178466]},"properties":{"objectid":263562,"codvia":41700,"numportal":6,"dupli_trip":null,"accesorio":"NO","angulo":345,"catfis":"3","descripcion":"6"}},{"type":"Feature","id":263563,"geometry":{"type":"Point","coordinates":[-0.39273888915247773,39.469223305364736]},"properties":{"objectid":263563,"codvia":3000,"numportal":3,"dupli_trip":null,"accesorio":"NO","angulo":69,"catfis":"6","descripcion":"3"}},{"type":"Feature","id":263564,"geometry":{"type":"Point","coordinates":[-0.37101519890311452,39.472068996079187]},"properties":{"objectid":263564,"codvia":2460,"numportal":12,"dupli_trip":null,"accesorio":"NO","angulo":80,"catfis":"E","descripcion":"12"}},{"type":"Feature","id":263565,"geometry":{"type":"Point","coordinates":[-0.34329956689420166,39.470919587971139]},"properties":{"objectid":263565,"codvia":29280,"numportal":48,"dupli_trip":null,"accesorio":"NO","angulo":342,"catfis":"6","descripcion":"48"}},{"type":"Feature","id":263566,"geometry":{"type":"Point","coordinates":[-0.32814767693942304,39.481768532436966]},"properties":{"objectid":263566,"codvia":44550,"numportal":95,"dupli_trip":"DUPL","accesorio":"SI","angulo":91,"catfis":"7","descripcion":"95dupac"}},{"type":"Feature","id":263568,"geometry":{"type":"Point","coordinates":[-0.37616667134546322,39.482720146439732]},"properties":{"objectid":263568,"codvia":60450,"numportal":11,"dupli_trip":null,"accesorio":"SI","angulo":356,"catfis":"6","descripcion":"11ac"}},{"type":"Feature","id":263569,"geometry":{"type":"Point","coordinates":[-0.43218550974629077,39.559781116607276]},"properties":{"objectid":263569,"codvia":47100,"numportal":11,"dupli_trip":null,"accesorio":"NO","angulo":272,"catfis":"E","descripcion":"11"}},{"type":"Feature","id":263519,"geometry":{"type":"Point","coordinates":[-0.37950467569672958,39.454491746797942]},"properties":{"objectid":263519,"codvia":18150,"numportal":7,"dupli_trip":null,"accesorio":"NO","angulo":77,"catfis":"7","descripcion":"7"}},{"type":"Feature","id":263521,"geometry":{"type":"Point","coordinates":[-0.32869256224104143,39.469345030363193]},"properties":{"objectid":263521,"codvia":2910,"numportal":131,"dupli_trip":null,"accesorio":"NO","angulo":83,"catfis":"3","descripcion":"131"}},{"type":"Feature","id":263522,"geometry":{"type":"Point","coordinates":[-0.37426078885312292,39.486460908194765]},"properties":{"objectid":263522,"codvia":31650,"numportal":4,"dupli_trip":null,"accesorio":"NO","angulo":7,"catfis":"6","descripcion":"4"}},{"type":"Feature","id":263523,"geometry":{"type":"Point","coordinates":[-0.38839427959601275,39.515589082846098]},"properties":{"objectid":263523,"codvia":24030,"numportal":37,"dupli_trip":null,"accesorio":"NO","angulo":343,"catfis":"7","descripcion":"37"}},{"type":"Feature","id":263525,"geometry":{"type":"Point","coordinates":[-0.33452067940769431,39.443598332601873]},"properties":{"objectid":263525,"codvia":81792,"numportal":10,"dupli_trip":null,"accesorio":"NO","angulo":350,"catfis":"E","descripcion":"10"}},{"type":"Feature","id":263526,"geometry":{"type":"Point","coordinates":[-0.37762241656372281,39.448581648210606]},"properties":{"objectid":263526,"codvia":81646,"numportal":5,"dupli_trip":null,"accesorio":"SI","angulo":353,"catfis":"7","descripcion":"5ac"}},{"type":"Feature","id":263527,"geometry":{"type":"Point","coordinates":[-0.32963823304140227,39.472454101886335]},"properties":{"objectid":263527,"codvia":38820,"numportal":271,"dupli_trip":null,"accesorio":"NO","angulo":84,"catfis":"6","descripcion":"271"}},{"type":"Feature","id":263238,"geometry":{"type":"Point","coordinates":[-0.36744236761226218,39.491782760681872]},"properties":{"objectid":263238,"codvia":25980,"numportal":34,"dupli_trip":null,"accesorio":"NO","angulo":0,"catfis":"7","descripcion":"34"}},{"type":"Feature","id":263239,"geometry":{"type":"Point","coordinates":[-0.36179102668640273,39.485570034035938]},"properties":{"objectid":263239,"codvia":26820,"numportal":24,"dupli_trip":null,"accesorio":"NO","angulo":71,"catfis":"3","descripcion":"24"}},{"type":"Feature","id":263240,"geometry":{"type":"Point","coordinates":[-0.37998280642583648,39.454552975641548]},"properties":{"objectid":263240,"codvia":51240,"numportal":4,"dupli_trip":null,"accesorio":"NO","angulo":77,"catfis":"7","descripcion":"4"}},{"type":"Feature","id":263241,"geometry":{"type":"Point","coordinates":[-0.37981772647950862,39.488413524563391]},"properties":{"objectid":263241,"codvia":36390,"numportal":1,"dupli_trip":null,"accesorio":"SI","angulo":288,"catfis":"7","descripcion":"1ac"}},{"type":"Feature","id":263242,"geometry":{"type":"Point","coordinates":[-0.37334113470162655,39.474894019868202]},"properties":{"objectid":263242,"codvia":8520,"numportal":3,"dupli_trip":null,"accesorio":"NO","angulo":273,"catfis":"4","descripcion":"3"}},{"type":"Feature","id":263243,"geometry":{"type":"Point","coordinates":[-0.36225271639383944,39.43003332609053]},"properties":{"objectid":263243,"codvia":13650,"numportal":23,"dupli_trip":null,"accesorio":"NO","angulo":350,"catfis":"7","descripcion":"23"}},{"type":"Feature","id":263245,"geometry":{"type":"Point","coordinates":[-0.38539058584359204,39.483324317383051]},"properties":{"objectid":263245,"codvia":34770,"numportal":12,"dupli_trip":"DUPL","accesorio":"SI","angulo":30,"catfis":"5","descripcion":"12dup.ac"}},{"type":"Feature","id":263246,"geometry":{"type":"Point","coordinates":[-0.37901975594904325,39.490776863130591]},"properties":{"objectid":263246,"codvia":53640,"numportal":73,"dupli_trip":null,"accesorio":"NO","angulo":17,"catfis":"4","descripcion":"73"}},{"type":"Feature","id":263247,"geometry":{"type":"Point","coordinates":[-0.36981334933046112,39.463739415911888]},"properties":{"objectid":263247,"codvia":44130,"numportal":1,"dupli_trip":null,"accesorio":"SI","angulo":31,"catfis":"3","descripcion":"1ac"}},{"type":"Feature","id":263248,"geometry":{"type":"Point","coordinates":[-0.39167926026228905,39.465010298988098]},"properties":{"objectid":263248,"codvia":43920,"numportal":25,"dupli_trip":null,"accesorio":"SI","angulo":70,"catfis":"4","descripcion":"25ac"}},{"type":"Feature","id":263249,"geometry":{"type":"Point","coordinates":[-0.39842528455047521,39.473052702746777]},"properties":{"objectid":263249,"codvia":34380,"numportal":16,"dupli_trip":null,"accesorio":"NO","angulo":87,"catfis":"6","descripcion":"16"}},{"type":"Feature","id":263250,"geometry":{"type":"Point","coordinates":[-0.36194068303421723,39.458124513675621]},"properties":{"objectid":263250,"codvia":31620,"numportal":6,"dupli_trip":null,"accesorio":"NO","angulo":300,"catfis":"6","descripcion":"6"}},{"type":"Feature","id":263251,"geometry":{"type":"Point","coordinates":[-0.32661492601707143,39.478647181044153]},"properties":{"objectid":263251,"codvia":17820,"numportal":78,"dupli_trip":null,"accesorio":"NO","angulo":270,"catfis":"7","descripcion":"78"}},{"type":"Feature","id":263252,"geometry":{"type":"Point","coordinates":[-0.31794546189803558,39.309979418344959]},"properties":{"objectid":263252,"codvia":39570,"numportal":15,"dupli_trip":null,"accesorio":"NO","angulo":83,"catfis":"7","descripcion":"15"}},{"type":"Feature","id":263253,"geometry":{"type":"Point","coordinates":[-0.37571217767670595,39.468654099144317]},"properties":{"objectid":263253,"codvia":64230,"numportal":3,"dupli_trip":null,"accesorio":"NO","angulo":87,"catfis":"E","descripcion":"3"}},{"type":"Feature","id":263254,"geometry":{"type":"Point","coordinates":[-0.40433712438443309,39.455983928092998]},"properties":{"objectid":263254,"codvia":57960,"numportal":25,"dupli_trip":null,"accesorio":"NO","angulo":50,"catfis":"6","descripcion":"25"}},{"type":"Feature","id":263256,"geometry":{"type":"Point","coordinates":[-0.37188924533686296,39.471739252221163]},"properties":{"objectid":263256,"codvia":8610,"numportal":13,"dupli_trip":null,"accesorio":"SI","angulo":351,"catfis":"7","descripcion":"13ac"}},{"type":"Feature","id":263257,"geometry":{"type":"Point","coordinates":[-0.40693971090600034,39.494886643231162]},"properties":{"objectid":263257,"codvia":81640,"numportal":41,"dupli_trip":null,"accesorio":"NO","angulo":299,"catfis":"7","descripcion":"41"}},{"type":"Feature","id":263258,"geometry":{"type":"Point","coordinates":[-0.38980879248940326,39.491863183672258]},"properties":{"objectid":263258,"codvia":720,"numportal":7,"dupli_trip":null,"accesorio":"SI","angulo":338,"catfis":"6","descripcion":"7ac"}},{"type":"Feature","id":263259,"geometry":{"type":"Point","coordinates":[-0.41923544743607011,39.497617539887031]},"properties":{"objectid":263259,"codvia":55770,"numportal":8,"dupli_trip":null,"accesorio":"NO","angulo":0,"catfis":"7","descripcion":"8"}},{"type":"Feature","id":264017,"geometry":{"type":"Point","coordinates":[-0.37270132953450374,39.461375030766554]},"properties":{"objectid":264017,"codvia":14970,"numportal":25,"dupli_trip":null,"accesorio":"NO","angulo":93,"catfis":"5","descripcion":"25"}},{"type":"Feature","id":264018,"geometry":{"type":"Point","coordinates":[-0.35903431193699348,39.451147005474589]},"properties":{"objectid":264018,"codvia":33480,"numportal":75,"dupli_trip":null,"accesorio":"NO","angulo":308,"catfis":"7","descripcion":"75"}},{"type":"Feature","id":264019,"geometry":{"type":"Point","coordinates":[-0.3907696797149805,39.46286383438207]},"properties":{"objectid":264019,"codvia":8880,"numportal":13,"dupli_trip":null,"accesorio":"NO","angulo":299,"catfis":"5","descripcion":"13"}},{"type":"Feature","id":264020,"geometry":{"type":"Point","coordinates":[-0.37612659796585896,39.486865234843059]},"properties":{"objectid":264020,"codvia":61680,"numportal":7,"dupli_trip":null,"accesorio":"SI","angulo":68,"catfis":"6","descripcion":"7ac"}},{"type":"Feature","id":264021,"geometry":{"type":"Point","coordinates":[-0.33191456631789107,39.387121024838578]},"properties":{"objectid":264021,"codvia":46770,"numportal":554,"dupli_trip":null,"accesorio":"NO","angulo":80,"catfis":"7","descripcion":"554"}},{"type":"Feature","id":264022,"geometry":{"type":"Point","coordinates":[-0.4009976520569446,39.469276859919276]},"properties":{"objectid":264022,"codvia":18390,"numportal":88,"dupli_trip":null,"accesorio":"NO","angulo":349,"catfis":"3","descripcion":"88"}},{"type":"Feature","id":264023,"geometry":{"type":"Point","coordinates":[-0.2859964580495552,39.294302371130101]},"properties":{"objectid":264023,"codvia":81218,"numportal":2,"dupli_trip":null,"accesorio":"NO","angulo":298,"catfis":"5","descripcion":"2"}},{"type":"Feature","id":264024,"geometry":{"type":"Point","coordinates":[-0.36491201246101035,39.46891713774987]},"properties":{"objectid":264024,"codvia":46320,"numportal":77,"dupli_trip":null,"accesorio":"NO","angulo":31,"catfis":"E","descripcion":"77"}},{"type":"Feature","id":264025,"geometry":{"type":"Point","coordinates":[-0.37134309371397811,39.45123775099475]},"properties":{"objectid":264025,"codvia":7590,"numportal":53,"dupli_trip":null,"accesorio":"NO","angulo":299,"catfis":"6","descripcion":"53"}},{"type":"Feature","id":264026,"geometry":{"type":"Point","coordinates":[-0.38882124465885898,39.456088316745017]},"properties":{"objectid":264026,"codvia":17880,"numportal":10,"dupli_trip":null,"accesorio":"NO","angulo":58,"catfis":"7","descripcion":"10"}},{"type":"Feature","id":264027,"geometry":{"type":"Point","coordinates":[-0.39769957265547906,39.470593990515603]},"properties":{"objectid":264027,"codvia":66810,"numportal":51,"dupli_trip":null,"accesorio":"NO","angulo":348,"catfis":"6","descripcion":"51"}},{"type":"Feature","id":264028,"geometry":{"type":"Point","coordinates":[-0.33446633968474587,39.446391777802475]},"properties":{"objectid":264028,"codvia":31170,"numportal":51,"dupli_trip":null,"accesorio":"NO","angulo":76,"catfis":"7","descripcion":"51"}},{"type":"Feature","id":264029,"geometry":{"type":"Point","coordinates":[-0.40869166432551851,39.471625291576558]},"properties":{"objectid":264029,"codvia":77910,"numportal":5,"dupli_trip":null,"accesorio":"SI","angulo":78,"catfis":"7","descripcion":"5ac"}},{"type":"Feature","id":264030,"geometry":{"type":"Point","coordinates":[-0.391165544031157,39.473095723751214]},"properties":{"objectid":264030,"codvia":39960,"numportal":14,"dupli_trip":null,"accesorio":"NO","angulo":301,"catfis":"3","descripcion":"14"}},{"type":"Feature","id":264031,"geometry":{"type":"Point","coordinates":[-0.4010906458632898,39.476382436769917]},"properties":{"objectid":264031,"codvia":80400,"numportal":17,"dupli_trip":null,"accesorio":"NO","angulo":287,"catfis":"4","descripcion":"17"}},{"type":"Feature","id":264032,"geometry":{"type":"Point","coordinates":[-0.40282183349091766,39.451443766744745]},"properties":{"objectid":264032,"codvia":81488,"numportal":14,"dupli_trip":null,"accesorio":"SI","angulo":50,"catfis":"6","descripcion":"14ac"}},{"type":"Feature","id":264033,"geometry":{"type":"Point","coordinates":[-0.38162157370281918,39.46424103525991]},"properties":{"objectid":264033,"codvia":69330,"numportal":113,"dupli_trip":null,"accesorio":"NO","angulo":80,"catfis":"2","descripcion":"113"}},{"type":"Feature","id":264034,"geometry":{"type":"Point","coordinates":[-0.32845561416690111,39.465664002154433]},"properties":{"objectid":264034,"codvia":24360,"numportal":40,"dupli_trip":null,"accesorio":"NO","angulo":86,"catfis":"4","descripcion":"40"}},{"type":"Feature","id":264035,"geometry":{"type":"Point","coordinates":[-0.42067915860184557,39.502899271703896]},"properties":{"objectid":264035,"codvia":81518,"numportal":10,"dupli_trip":null,"accesorio":"SI","angulo":21,"catfis":"7","descripcion":"10ac"}},{"type":"Feature","id":264036,"geometry":{"type":"Point","coordinates":[-0.38113776300258417,39.491747775552561]},"properties":{"objectid":264036,"codvia":33240,"numportal":20,"dupli_trip":null,"accesorio":"SI","angulo":17,"catfis":"6","descripcion":"20ac"}},{"type":"Feature","id":321293,"geometry":{"type":"Point","coordinates":[-0.39871586940922982,39.482851926930131]},"properties":{"objectid":321293,"codvia":10380,"numportal":9,"dupli_trip":null,"accesorio":null,"angulo":70,"catfis":"E","descripcion":"9"}},{"type":"Feature","id":280299,"geometry":{"type":"Point","coordinates":[-0.33699450558522687,39.461703068975588]},"properties":{"objectid":280299,"codvia":20430,"numportal":5,"dupli_trip":null,"accesorio":"NO","angulo":74,"catfis":"6","descripcion":"5"}},{"type":"Feature","id":272930,"geometry":{"type":"Point","coordinates":[-0.37787110152270775,39.516038803274732]},"properties":{"objectid":272930,"codvia":44040,"numportal":5,"dupli_trip":null,"accesorio":"NO","angulo":338,"catfis":"7","descripcion":"5"}},{"type":"Feature","id":322280,"geometry":{"type":"Point","coordinates":[-0.42017918993353121,39.503767414084436]},"properties":{"objectid":322280,"codvia":29820,"numportal":68,"dupli_trip":null,"accesorio":null,"angulo":290,"catfis":"E","descripcion":"68"}},{"type":"Feature","id":238191,"geometry":{"type":"Point","coordinates":[-0.33021102622035869,39.467950376374553]},"properties":{"objectid":238191,"codvia":61620,"numportal":139,"dupli_trip":null,"accesorio":"NO","angulo":82,"catfis":"6","descripcion":"139"}},{"type":"Feature","id":264038,"geometry":{"type":"Point","coordinates":[-0.32767231273067909,39.482255314515804]},"properties":{"objectid":264038,"codvia":11580,"numportal":5,"dupli_trip":null,"accesorio":"SI","angulo":0,"catfis":"7","descripcion":"5ac"}},{"type":"Feature","id":264039,"geometry":{"type":"Point","coordinates":[-0.38230480556459057,39.465996442611257]},"properties":{"objectid":264039,"codvia":62670,"numportal":25,"dupli_trip":null,"accesorio":"NO","angulo":300,"catfis":"1","descripcion":"25"}},{"type":"Feature","id":264040,"geometry":{"type":"Point","coordinates":[-0.34517460344190531,39.467400584515453]},"properties":{"objectid":264040,"codvia":36600,"numportal":10,"dupli_trip":null,"accesorio":"SI","angulo":72,"catfis":"6","descripcion":"10ac"}},{"type":"Feature","id":264272,"geometry":{"type":"Point","coordinates":[-0.38783042229455361,39.461312513527751]},"properties":{"objectid":264272,"codvia":38250,"numportal":100,"dupli_trip":null,"accesorio":"NO","angulo":59,"catfis":"3","descripcion":"100"}},{"type":"Feature","id":264273,"geometry":{"type":"Point","coordinates":[-0.37190821956592091,39.476831194979404]},"properties":{"objectid":264273,"codvia":74070,"numportal":15,"dupli_trip":null,"accesorio":"NO","angulo":349,"catfis":"4","descripcion":"15"}},{"type":"Feature","id":264274,"geometry":{"type":"Point","coordinates":[-0.37798773070469105,39.471988765031405]},"properties":{"objectid":264274,"codvia":41700,"numportal":10,"dupli_trip":null,"accesorio":"NO","angulo":345,"catfis":"3","descripcion":"10"}},{"type":"Feature","id":264275,"geometry":{"type":"Point","coordinates":[-0.37214680149319362,39.468819183367707]},"properties":{"objectid":264275,"codvia":19350,"numportal":38,"dupli_trip":null,"accesorio":"NO","angulo":43,"catfis":"E","descripcion":"38"}},{"type":"Feature","id":264276,"geometry":{"type":"Point","coordinates":[-0.3678596186740366,39.444099751652708]},"properties":{"objectid":264276,"codvia":34500,"numportal":48,"dupli_trip":null,"accesorio":"NO","angulo":75,"catfis":"7","descripcion":"48"}},{"type":"Feature","id":264277,"geometry":{"type":"Point","coordinates":[-0.37292403723840079,39.475145359705763]},"properties":{"objectid":264277,"codvia":52050,"numportal":1,"dupli_trip":null,"accesorio":"NO","angulo":0,"catfis":"3","descripcion":"1"}},{"type":"Feature","id":264278,"geometry":{"type":"Point","coordinates":[-0.40649558532304403,39.541476202494636]},"properties":{"objectid":264278,"codvia":70890,"numportal":33,"dupli_trip":null,"accesorio":"NO","angulo":307,"catfis":"7","descripcion":"33"}},{"type":"Feature","id":264281,"geometry":{"type":"Point","coordinates":[-0.41806646273931392,39.497507373091338]},"properties":{"objectid":264281,"codvia":72900,"numportal":4,"dupli_trip":null,"accesorio":"NO","angulo":356,"catfis":"7","descripcion":"4"}},{"type":"Feature","id":264283,"geometry":{"type":"Point","coordinates":[-0.38617234477492074,39.491413681404666]},"properties":{"objectid":264283,"codvia":57420,"numportal":29,"dupli_trip":null,"accesorio":"NO","angulo":340,"catfis":"7","descripcion":"29"}},{"type":"Feature","id":264285,"geometry":{"type":"Point","coordinates":[-0.32910302905863148,39.470766637752838]},"properties":{"objectid":264285,"codvia":54660,"numportal":224,"dupli_trip":null,"accesorio":"NO","angulo":82,"catfis":"7","descripcion":"224"}},{"type":"Feature","id":264286,"geometry":{"type":"Point","coordinates":[-0.37162040718764011,39.488978640209488]},"properties":{"objectid":264286,"codvia":11160,"numportal":42,"dupli_trip":null,"accesorio":"NO","angulo":73,"catfis":"4","descripcion":"42"}},{"type":"Feature","id":264287,"geometry":{"type":"Point","coordinates":[-0.39419892977093501,39.46033121310564]},"properties":{"objectid":264287,"codvia":30660,"numportal":56,"dupli_trip":null,"accesorio":"SI","angulo":2,"catfis":"4","descripcion":"56ac"}},{"type":"Feature","id":264288,"geometry":{"type":"Point","coordinates":[-0.36359708128340862,39.426688567010927]},"properties":{"objectid":264288,"codvia":59730,"numportal":32,"dupli_trip":null,"accesorio":"NO","angulo":91,"catfis":"7","descripcion":"32"}},{"type":"Feature","id":264290,"geometry":{"type":"Point","coordinates":[-0.36405726610659117,39.423911777524673]},"properties":{"objectid":264290,"codvia":29640,"numportal":4,"dupli_trip":null,"accesorio":"NO","angulo":74,"catfis":"7","descripcion":"4"}},{"type":"Feature","id":264291,"geometry":{"type":"Point","coordinates":[-0.36277930843134226,39.424953978679405]},"properties":{"objectid":264291,"codvia":81561,"numportal":30,"dupli_trip":null,"accesorio":"NO","angulo":83,"catfis":"7","descripcion":"30"}},{"type":"Feature","id":263528,"geometry":{"type":"Point","coordinates":[-0.32868176665474746,39.464118977439547]},"properties":{"objectid":263528,"codvia":24360,"numportal":12,"dupli_trip":null,"accesorio":"NO","angulo":85,"catfis":"4","descripcion":"12"}},{"type":"Feature","id":263529,"geometry":{"type":"Point","coordinates":[-0.37902523953047124,39.474919785706042]},"properties":{"objectid":263529,"codvia":72360,"numportal":6,"dupli_trip":null,"accesorio":"NO","angulo":344,"catfis":"3","descripcion":"6"}},{"type":"Feature","id":263530,"geometry":{"type":"Point","coordinates":[-0.32673838949130252,39.46917841215852]},"properties":{"objectid":263530,"codvia":11460,"numportal":24,"dupli_trip":null,"accesorio":"NO","angulo":87,"catfis":"7","descripcion":"24"}},{"type":"Feature","id":263531,"geometry":{"type":"Point","coordinates":[-0.36198147984089007,39.458941510101596]},"properties":{"objectid":263531,"codvia":53790,"numportal":14,"dupli_trip":null,"accesorio":"NO","angulo":59,"catfis":"6","descripcion":"14"}},{"type":"Feature","id":263533,"geometry":{"type":"Point","coordinates":[-0.35798502138568894,39.469463365931638]},"properties":{"objectid":263533,"codvia":81420,"numportal":2,"dupli_trip":null,"accesorio":"NO","angulo":342,"catfis":"4","descripcion":"2"}},{"type":"Feature","id":263534,"geometry":{"type":"Point","coordinates":[-0.37098624589910761,39.490567862949241]},"properties":{"objectid":263534,"codvia":69360,"numportal":7,"dupli_trip":null,"accesorio":"NO","angulo":48,"catfis":"6","descripcion":"7"}},{"type":"Feature","id":263536,"geometry":{"type":"Point","coordinates":[-0.35023158787781294,39.476979628714119]},"properties":{"objectid":263536,"codvia":76560,"numportal":4,"dupli_trip":null,"accesorio":"NO","angulo":87,"catfis":"4","descripcion":"4"}},{"type":"Feature","id":263537,"geometry":{"type":"Point","coordinates":[-0.38876251484343138,39.457623129051449]},"properties":{"objectid":263537,"codvia":47280,"numportal":12,"dupli_trip":null,"accesorio":"NO","angulo":334,"catfis":"6","descripcion":"12"}},{"type":"Feature","id":263538,"geometry":{"type":"Point","coordinates":[-0.34453523716936729,39.449387297574653]},"properties":{"objectid":263538,"codvia":38290,"numportal":56,"dupli_trip":null,"accesorio":"NO","angulo":290,"catfis":"7","descripcion":"56"}},{"type":"Feature","id":263539,"geometry":{"type":"Point","coordinates":[-0.38767386017062183,39.462426340815611]},"properties":{"objectid":263539,"codvia":43260,"numportal":6,"dupli_trip":null,"accesorio":"NO","angulo":31,"catfis":"4","descripcion":"6"}},{"type":"Feature","id":263540,"geometry":{"type":"Point","coordinates":[-0.34298257909260338,39.547412525915909]},"properties":{"objectid":263540,"codvia":17070,"numportal":9,"dupli_trip":null,"accesorio":"NO","angulo":68,"catfis":"7","descripcion":"9"}},{"type":"Feature","id":263542,"geometry":{"type":"Point","coordinates":[-0.35033440277809541,39.464234225811843]},"properties":{"objectid":263542,"codvia":41250,"numportal":5,"dupli_trip":null,"accesorio":"NO","angulo":71,"catfis":"6","descripcion":"5"}},{"type":"Feature","id":263543,"geometry":{"type":"Point","coordinates":[-0.39156442907936101,39.454891777383814]},"properties":{"objectid":263543,"codvia":32790,"numportal":62,"dupli_trip":null,"accesorio":"NO","angulo":65,"catfis":"6","descripcion":"62"}},{"type":"Feature","id":263544,"geometry":{"type":"Point","coordinates":[-0.41927420103043811,39.499035767568373]},"properties":{"objectid":263544,"codvia":28770,"numportal":10,"dupli_trip":"A","accesorio":"NO","angulo":293,"catfis":"7","descripcion":"10A"}},{"type":"Feature","id":263545,"geometry":{"type":"Point","coordinates":[-0.33351536192184156,39.446783646858144]},"properties":{"objectid":263545,"codvia":36720,"numportal":30,"dupli_trip":null,"accesorio":"NO","angulo":75,"catfis":"7","descripcion":"30"}},{"type":"Feature","id":263546,"geometry":{"type":"Point","coordinates":[-0.3760527956639842,39.490838878982835]},"properties":{"objectid":263546,"codvia":6750,"numportal":17,"dupli_trip":null,"accesorio":"SI","angulo":286,"catfis":"6","descripcion":"17ac"}},{"type":"Feature","id":263547,"geometry":{"type":"Point","coordinates":[-0.39680634786436519,39.465131454759728]},"properties":{"objectid":263547,"codvia":80310,"numportal":14,"dupli_trip":null,"accesorio":"NO","angulo":349,"catfis":"7","descripcion":"14"}},{"type":"Feature","id":263548,"geometry":{"type":"Point","coordinates":[-0.38036705444342206,39.476938553084786]},"properties":{"objectid":263548,"codvia":68700,"numportal":13,"dupli_trip":null,"accesorio":"SI","angulo":90,"catfis":"6","descripcion":"13ac"}},{"type":"Feature","id":263549,"geometry":{"type":"Point","coordinates":[-0.35965370152272463,39.457913916350115]},"properties":{"objectid":263549,"codvia":81244,"numportal":1,"dupli_trip":null,"accesorio":"NO","angulo":300,"catfis":"6","descripcion":"1"}},{"type":"Feature","id":263260,"geometry":{"type":"Point","coordinates":[-0.39865514314324363,39.464998306066228]},"properties":{"objectid":263260,"codvia":81108,"numportal":6,"dupli_trip":null,"accesorio":"SI","angulo":349,"catfis":"7","descripcion":"6ac"}},{"type":"Feature","id":263261,"geometry":{"type":"Point","coordinates":[-0.39085783702600946,39.51440092105166]},"properties":{"objectid":263261,"codvia":46200,"numportal":14,"dupli_trip":null,"accesorio":"NO","angulo":68,"catfis":"7","descripcion":"14"}},{"type":"Feature","id":263262,"geometry":{"type":"Point","coordinates":[-0.34587797346470467,39.467572745489989]},"properties":{"objectid":263262,"codvia":56970,"numportal":27,"dupli_trip":null,"accesorio":"NO","angulo":342,"catfis":"6","descripcion":"27"}},{"type":"Feature","id":263263,"geometry":{"type":"Point","coordinates":[-0.37741902506500857,39.47746344928516]},"properties":{"objectid":263263,"codvia":5520,"numportal":1,"dupli_trip":null,"accesorio":"NO","angulo":85,"catfis":"6","descripcion":"1"}},{"type":"Feature","id":263264,"geometry":{"type":"Point","coordinates":[-0.39841194011229908,39.464335136037249]},"properties":{"objectid":263264,"codvia":81105,"numportal":9,"dupli_trip":null,"accesorio":"NO","angulo":349,"catfis":"7","descripcion":"9"}},{"type":"Feature","id":263265,"geometry":{"type":"Point","coordinates":[-0.35435226706605377,39.468868282650035]},"properties":{"objectid":263265,"codvia":65070,"numportal":12,"dupli_trip":null,"accesorio":"SI","angulo":343,"catfis":"3","descripcion":"12ac"}},{"type":"Feature","id":263266,"geometry":{"type":"Point","coordinates":[-0.39066938172812399,39.504227563090325]},"properties":{"objectid":263266,"codvia":34020,"numportal":90,"dupli_trip":null,"accesorio":"NO","angulo":18,"catfis":"7","descripcion":"90"}},{"type":"Feature","id":263267,"geometry":{"type":"Point","coordinates":[-0.29605955802591355,39.308707326468991]},"properties":{"objectid":263267,"codvia":34110,"numportal":17,"dupli_trip":null,"accesorio":"NO","angulo":356,"catfis":"7","descripcion":"17"}},{"type":"Feature","id":263269,"geometry":{"type":"Point","coordinates":[-0.38855166472232122,39.454944966769752]},"properties":{"objectid":263269,"codvia":810,"numportal":39,"dupli_trip":null,"accesorio":"NO","angulo":337,"catfis":"7","descripcion":"39"}},{"type":"Feature","id":263270,"geometry":{"type":"Point","coordinates":[-0.37491577164615913,39.493817179569298]},"properties":{"objectid":263270,"codvia":48060,"numportal":12,"dupli_trip":null,"accesorio":"NO","angulo":17,"catfis":"7","descripcion":"12"}},{"type":"Feature","id":263271,"geometry":{"type":"Point","coordinates":[-0.36589927999459759,39.486669416458255]},"properties":{"objectid":263271,"codvia":77460,"numportal":5,"dupli_trip":null,"accesorio":"NO","angulo":48,"catfis":"6","descripcion":"5"}},{"type":"Feature","id":263272,"geometry":{"type":"Point","coordinates":[-0.37193355167470354,39.491493097131247]},"properties":{"objectid":263272,"codvia":55140,"numportal":20,"dupli_trip":null,"accesorio":"NO","angulo":71,"catfis":"6","descripcion":"20"}},{"type":"Feature","id":263273,"geometry":{"type":"Point","coordinates":[-0.37625687424249665,39.496710555752991]},"properties":{"objectid":263273,"codvia":37710,"numportal":19,"dupli_trip":null,"accesorio":"SI","angulo":17,"catfis":"7","descripcion":"19ac"}},{"type":"Feature","id":263275,"geometry":{"type":"Point","coordinates":[-0.39311616512488085,39.500816188389614]},"properties":{"objectid":263275,"codvia":23180,"numportal":18,"dupli_trip":null,"accesorio":"NO","angulo":41,"catfis":"7","descripcion":"18"}},{"type":"Feature","id":263276,"geometry":{"type":"Point","coordinates":[-0.42245164439076238,39.50195202340614]},"properties":{"objectid":263276,"codvia":71850,"numportal":11,"dupli_trip":null,"accesorio":"NO","angulo":299,"catfis":"7","descripcion":"11"}},{"type":"Feature","id":263277,"geometry":{"type":"Point","coordinates":[-0.33668163799672446,39.465585391001852]},"properties":{"objectid":263277,"codvia":81391,"numportal":11,"dupli_trip":null,"accesorio":"NO","angulo":72,"catfis":"6","descripcion":"11"}},{"type":"Feature","id":263278,"geometry":{"type":"Point","coordinates":[-0.36139211311474656,39.443968532900158]},"properties":{"objectid":263278,"codvia":72210,"numportal":1,"dupli_trip":null,"accesorio":"SI","angulo":320,"catfis":"7","descripcion":"1ac"}},{"type":"Feature","id":263279,"geometry":{"type":"Point","coordinates":[-0.33619124043557552,39.418124002622243]},"properties":{"objectid":263279,"codvia":50070,"numportal":63,"dupli_trip":null,"accesorio":"NO","angulo":93,"catfis":"7","descripcion":"63"}},{"type":"Feature","id":263280,"geometry":{"type":"Point","coordinates":[-0.36385285773141174,39.484160688104446]},"properties":{"objectid":263280,"codvia":17790,"numportal":34,"dupli_trip":null,"accesorio":"SI","angulo":71,"catfis":"3","descripcion":"34ac"}},{"type":"Feature","id":263281,"geometry":{"type":"Point","coordinates":[-0.33859543872526521,39.432992200764723]},"properties":{"objectid":263281,"codvia":43560,"numportal":38,"dupli_trip":null,"accesorio":"NO","angulo":359,"catfis":"7","descripcion":"38"}},{"type":"Feature","id":263282,"geometry":{"type":"Point","coordinates":[-0.37754931152057092,39.47106414600573]},"properties":{"objectid":263282,"codvia":69330,"numportal":41,"dupli_trip":null,"accesorio":"NO","angulo":61,"catfis":"E","descripcion":"41"}},{"type":"Feature","id":263283,"geometry":{"type":"Point","coordinates":[-0.40141208673102485,39.47561810937421]},"properties":{"objectid":263283,"codvia":44850,"numportal":11,"dupli_trip":null,"accesorio":"SI","angulo":16,"catfis":"5","descripcion":"11ac"}},{"type":"Feature","id":264041,"geometry":{"type":"Point","coordinates":[-0.36852324498448358,39.489006132421778]},"properties":{"objectid":264041,"codvia":60990,"numportal":5,"dupli_trip":null,"accesorio":"SI","angulo":317,"catfis":"6","descripcion":"5ac"}},{"type":"Feature","id":264043,"geometry":{"type":"Point","coordinates":[-0.38521244607744082,39.469277847714494]},"properties":{"objectid":264043,"codvia":24870,"numportal":5,"dupli_trip":null,"accesorio":"NO","angulo":32,"catfis":"2","descripcion":"5"}},{"type":"Feature","id":264044,"geometry":{"type":"Point","coordinates":[-0.39637640980365324,39.483133518159605]},"properties":{"objectid":264044,"codvia":55740,"numportal":6,"dupli_trip":null,"accesorio":"SI","angulo":300,"catfis":"4","descripcion":"6ac"}},{"type":"Feature","id":264045,"geometry":{"type":"Point","coordinates":[-0.37306131074823362,39.477647535970839]},"properties":{"objectid":264045,"codvia":19980,"numportal":6,"dupli_trip":null,"accesorio":"NO","angulo":86,"catfis":"4","descripcion":"6"}},{"type":"Feature","id":264046,"geometry":{"type":"Point","coordinates":[-0.39462415752004804,39.460157146430873]},"properties":{"objectid":264046,"codvia":30660,"numportal":49,"dupli_trip":null,"accesorio":"NO","angulo":307,"catfis":"5","descripcion":"49"}},{"type":"Feature","id":264047,"geometry":{"type":"Point","coordinates":[-0.39073949417991277,39.492679383092707]},"properties":{"objectid":264047,"codvia":7950,"numportal":6,"dupli_trip":null,"accesorio":"NO","angulo":68,"catfis":"7","descripcion":"6"}},{"type":"Feature","id":264048,"geometry":{"type":"Point","coordinates":[-0.38425881200358913,39.475337565031545]},"properties":{"objectid":264048,"codvia":35100,"numportal":131,"dupli_trip":null,"accesorio":"NO","angulo":96,"catfis":"2","descripcion":"131"}},{"type":"Feature","id":264049,"geometry":{"type":"Point","coordinates":[-0.38389855121862682,39.485416738477753]},"properties":{"objectid":264049,"codvia":63780,"numportal":12,"dupli_trip":null,"accesorio":"NO","angulo":29,"catfis":"6","descripcion":"12"}},{"type":"Feature","id":264050,"geometry":{"type":"Point","coordinates":[-0.3637558144461468,39.460378098439861]},"properties":{"objectid":264050,"codvia":34680,"numportal":5,"dupli_trip":null,"accesorio":"NO","angulo":74,"catfis":"6","descripcion":"5"}},{"type":"Feature","id":264051,"geometry":{"type":"Point","coordinates":[-0.37121021177010149,39.462658677810097]},"properties":{"objectid":264051,"codvia":20460,"numportal":5,"dupli_trip":null,"accesorio":"NO","angulo":306,"catfis":"4","descripcion":"5"}},{"type":"Feature","id":264052,"geometry":{"type":"Point","coordinates":[-0.37023984571445151,39.474191823041714]},"properties":{"objectid":264052,"codvia":72720,"numportal":3,"dupli_trip":null,"accesorio":"NO","angulo":74,"catfis":"2","descripcion":"3"}},{"type":"Feature","id":264053,"geometry":{"type":"Point","coordinates":[-0.40614054492093044,39.459782071583859]},"properties":{"objectid":264053,"codvia":23310,"numportal":2,"dupli_trip":null,"accesorio":"SI","angulo":27,"catfis":"6","descripcion":"2ac"}},{"type":"Feature","id":264054,"geometry":{"type":"Point","coordinates":[-0.36937949744886711,39.458724010406357]},"properties":{"objectid":264054,"codvia":53760,"numportal":49,"dupli_trip":null,"accesorio":"NO","angulo":23,"catfis":"7","descripcion":"49"}},{"type":"Feature","id":264055,"geometry":{"type":"Point","coordinates":[-0.37043258851413241,39.495559728392443]},"properties":{"objectid":264055,"codvia":68280,"numportal":82,"dupli_trip":null,"accesorio":"NO","angulo":64,"catfis":"7","descripcion":"82"}},{"type":"Feature","id":264056,"geometry":{"type":"Point","coordinates":[-0.3599360244856315,39.459006654778747]},"properties":{"objectid":264056,"codvia":34080,"numportal":3,"dupli_trip":null,"accesorio":"NO","angulo":29,"catfis":"5","descripcion":"3"}},{"type":"Feature","id":264057,"geometry":{"type":"Point","coordinates":[-0.39061104608275321,39.486755838728044]},"properties":{"objectid":264057,"codvia":2400,"numportal":20,"dupli_trip":null,"accesorio":"NO","angulo":72,"catfis":"3","descripcion":"20"}},{"type":"Feature","id":264058,"geometry":{"type":"Point","coordinates":[-0.35426438174023994,39.477780056034099]},"properties":{"objectid":264058,"codvia":17610,"numportal":4,"dupli_trip":null,"accesorio":"SI","angulo":71,"catfis":"4","descripcion":"4ac"}},{"type":"Feature","id":264059,"geometry":{"type":"Point","coordinates":[-0.37642036317548472,39.456403085176959]},"properties":{"objectid":264059,"codvia":57630,"numportal":32,"dupli_trip":null,"accesorio":"NO","angulo":29,"catfis":"4","descripcion":"32"}},{"type":"Feature","id":264060,"geometry":{"type":"Point","coordinates":[-0.33864248881222553,39.422310683402785]},"properties":{"objectid":264060,"codvia":50550,"numportal":24,"dupli_trip":null,"accesorio":"SI","angulo":14,"catfis":"7","descripcion":"24ac"}},{"type":"Feature","id":264061,"geometry":{"type":"Point","coordinates":[-0.38273135343750353,39.469994609706539]},"properties":{"objectid":264061,"codvia":35100,"numportal":18,"dupli_trip":null,"accesorio":"SI","angulo":318,"catfis":"2","descripcion":"18ac"}},{"type":"Feature","id":263498,"geometry":{"type":"Point","coordinates":[-0.35887663139240134,39.476169022984621]},"properties":{"objectid":263498,"codvia":2430,"numportal":12,"dupli_trip":null,"accesorio":"NO","angulo":342,"catfis":"3","descripcion":"12"}},{"type":"Feature","id":263499,"geometry":{"type":"Point","coordinates":[-0.39389127610102331,39.480485354257922]},"properties":{"objectid":263499,"codvia":81372,"numportal":9,"dupli_trip":null,"accesorio":"SI","angulo":339,"catfis":"4","descripcion":"9ac"}},{"type":"Feature","id":263500,"geometry":{"type":"Point","coordinates":[-0.3899456623196344,39.461903395452602]},"properties":{"objectid":263500,"codvia":50640,"numportal":16,"dupli_trip":null,"accesorio":"NO","angulo":323,"catfis":"4","descripcion":"16"}},{"type":"Feature","id":263501,"geometry":{"type":"Point","coordinates":[-0.37846894795577041,39.496191060190434]},"properties":{"objectid":263501,"codvia":37710,"numportal":41,"dupli_trip":null,"accesorio":"SI","angulo":19,"catfis":"7","descripcion":"41ac"}},{"type":"Feature","id":263502,"geometry":{"type":"Point","coordinates":[-0.39097342976783511,39.4536079956573]},"properties":{"objectid":263502,"codvia":66900,"numportal":5,"dupli_trip":null,"accesorio":"NO","angulo":65,"catfis":"6","descripcion":"5"}},{"type":"Feature","id":263503,"geometry":{"type":"Point","coordinates":[-0.39764587213760205,39.493263923721322]},"properties":{"objectid":263503,"codvia":9120,"numportal":16,"dupli_trip":null,"accesorio":"NO","angulo":315,"catfis":"7","descripcion":"16"}},{"type":"Feature","id":263504,"geometry":{"type":"Point","coordinates":[-0.41188532619211254,39.468538652390393]},"properties":{"objectid":263504,"codvia":81127,"numportal":3,"dupli_trip":null,"accesorio":"NO","angulo":7,"catfis":"6","descripcion":"3"}},{"type":"Feature","id":263215,"geometry":{"type":"Point","coordinates":[-0.39976226518397673,39.464553559635576]},"properties":{"objectid":263215,"codvia":81118,"numportal":8,"dupli_trip":null,"accesorio":"SI","angulo":78,"catfis":"E","descripcion":"8ac"}},{"type":"Feature","id":263216,"geometry":{"type":"Point","coordinates":[-0.40325565837702038,39.45321677255717]},"properties":{"objectid":263216,"codvia":81010,"numportal":28,"dupli_trip":null,"accesorio":"NO","angulo":28,"catfis":"6","descripcion":"28"}},{"type":"Feature","id":268863,"geometry":{"type":"Point","coordinates":[-0.38870364496017878,39.455013605488865]},"properties":{"objectid":268863,"codvia":810,"numportal":35,"dupli_trip":null,"accesorio":"NO","angulo":325,"catfis":"7","descripcion":"35"}},{"type":"Feature","id":263218,"geometry":{"type":"Point","coordinates":[-0.4181676081404932,39.498636452895752]},"properties":{"objectid":263218,"codvia":15330,"numportal":3,"dupli_trip":null,"accesorio":"NO","angulo":22,"catfis":"7","descripcion":"3"}},{"type":"Feature","id":263219,"geometry":{"type":"Point","coordinates":[-0.34462093061891325,39.474623953336703]},"properties":{"objectid":263219,"codvia":70920,"numportal":54,"dupli_trip":null,"accesorio":"SI","angulo":341,"catfis":"6","descripcion":"54ac"}},{"type":"Feature","id":263220,"geometry":{"type":"Point","coordinates":[-0.37600305130833067,39.473930596381805]},"properties":{"objectid":263220,"codvia":69720,"numportal":12,"dupli_trip":null,"accesorio":"NO","angulo":350,"catfis":"3","descripcion":"12"}},{"type":"Feature","id":263221,"geometry":{"type":"Point","coordinates":[-0.33342341390167024,39.414596751430935]},"properties":{"objectid":263221,"codvia":59820,"numportal":18,"dupli_trip":null,"accesorio":null,"angulo":290,"catfis":"E","descripcion":"18"}},{"type":"Feature","id":263222,"geometry":{"type":"Point","coordinates":[-0.38652011954876625,39.488399578547465]},"properties":{"objectid":263222,"codvia":51900,"numportal":9,"dupli_trip":null,"accesorio":"SI","angulo":17,"catfis":"7","descripcion":"9ac"}},{"type":"Feature","id":263223,"geometry":{"type":"Point","coordinates":[-0.38456018666610375,39.482875622178241]},"properties":{"objectid":263223,"codvia":54510,"numportal":12,"dupli_trip":null,"accesorio":"NO","angulo":302,"catfis":"5","descripcion":"12"}},{"type":"Feature","id":263224,"geometry":{"type":"Point","coordinates":[-0.3878241504901746,39.453457754720723]},"properties":{"objectid":263224,"codvia":40830,"numportal":30,"dupli_trip":null,"accesorio":"NO","angulo":61,"catfis":"6","descripcion":"30"}},{"type":"Feature","id":263225,"geometry":{"type":"Point","coordinates":[-0.38265485727328002,39.455292455117338]},"properties":{"objectid":263225,"codvia":33900,"numportal":56,"dupli_trip":"TRIP","accesorio":"NO","angulo":83,"catfis":"4","descripcion":"56tri"}},{"type":"Feature","id":263227,"geometry":{"type":"Point","coordinates":[-0.39420645066089188,39.499999216181408]},"properties":{"objectid":263227,"codvia":63300,"numportal":9,"dupli_trip":null,"accesorio":"NO","angulo":317,"catfis":"7","descripcion":"9"}},{"type":"Feature","id":263228,"geometry":{"type":"Point","coordinates":[-0.39234906880588311,39.450116347645611]},"properties":{"objectid":263228,"codvia":33060,"numportal":71,"dupli_trip":null,"accesorio":"NO","angulo":64,"catfis":"6","descripcion":"71"}},{"type":"Feature","id":263229,"geometry":{"type":"Point","coordinates":[-0.38658243056870101,39.445522153314855]},"properties":{"objectid":263229,"codvia":69330,"numportal":343,"dupli_trip":"DUPL","accesorio":"SI","angulo":76,"catfis":"7","descripcion":"343dupac"}},{"type":"Feature","id":263232,"geometry":{"type":"Point","coordinates":[-0.37549071714734378,39.466278099040409]},"properties":{"objectid":263232,"codvia":24960,"numportal":23,"dupli_trip":null,"accesorio":"NO","angulo":77,"catfis":"2","descripcion":"23"}},{"type":"Feature","id":263233,"geometry":{"type":"Point","coordinates":[-0.37209359230153988,39.463820035196711]},"properties":{"objectid":263233,"codvia":69270,"numportal":10,"dupli_trip":null,"accesorio":"NO","angulo":79,"catfis":"4","descripcion":"10"}},{"type":"Feature","id":263235,"geometry":{"type":"Point","coordinates":[-0.37380633120481371,39.48178702845285]},"properties":{"objectid":263235,"codvia":70110,"numportal":13,"dupli_trip":null,"accesorio":"SI","angulo":57,"catfis":"7","descripcion":"13ac"}},{"type":"Feature","id":263236,"geometry":{"type":"Point","coordinates":[-0.36555293056077953,39.489044624907493]},"properties":{"objectid":263236,"codvia":63810,"numportal":40,"dupli_trip":null,"accesorio":"NO","angulo":317,"catfis":"6","descripcion":"40"}},{"type":"Feature","id":263997,"geometry":{"type":"Point","coordinates":[-0.38283579727973022,39.461942552884096]},"properties":{"objectid":263997,"codvia":47070,"numportal":2,"dupli_trip":null,"accesorio":"SI","angulo":351,"catfis":"3","descripcion":"2ac"}},{"type":"Feature","id":263998,"geometry":{"type":"Point","coordinates":[-0.39761310140854972,39.485450323266051]},"properties":{"objectid":263998,"codvia":81404,"numportal":1,"dupli_trip":null,"accesorio":"SI","angulo":301,"catfis":"6","descripcion":"1ac"}},{"type":"Feature","id":263999,"geometry":{"type":"Point","coordinates":[-0.40185829236137149,39.459093376579808]},"properties":{"objectid":263999,"codvia":6390,"numportal":86,"dupli_trip":null,"accesorio":"NO","angulo":26,"catfis":"6","descripcion":"86"}},{"type":"Feature","id":264000,"geometry":{"type":"Point","coordinates":[-0.35921442244608792,39.484175849120376]},"properties":{"objectid":264000,"codvia":57600,"numportal":29,"dupli_trip":null,"accesorio":"NO","angulo":342,"catfis":"7","descripcion":"29"}},{"type":"Feature","id":264001,"geometry":{"type":"Point","coordinates":[-0.39637291327724139,39.486929138387509]},"properties":{"objectid":264001,"codvia":81575,"numportal":6,"dupli_trip":null,"accesorio":"SI","angulo":300,"catfis":"7","descripcion":"6ac"}},{"type":"Feature","id":264002,"geometry":{"type":"Point","coordinates":[-0.38418046396514133,39.457684564428043]},"properties":{"objectid":264002,"codvia":47490,"numportal":1,"dupli_trip":null,"accesorio":"SI","angulo":80,"catfis":"6","descripcion":"1ac"}},{"type":"Feature","id":264004,"geometry":{"type":"Point","coordinates":[-0.29435004497364603,39.307308951014825]},"properties":{"objectid":264004,"codvia":81668,"numportal":31,"dupli_trip":null,"accesorio":"NO","angulo":41,"catfis":"7","descripcion":"31"}},{"type":"Feature","id":264005,"geometry":{"type":"Point","coordinates":[-0.36007873566637899,39.484428455078081]},"properties":{"objectid":264005,"codvia":57600,"numportal":7,"dupli_trip":null,"accesorio":"NO","angulo":342,"catfis":"7","descripcion":"7"}},{"type":"Feature","id":264006,"geometry":{"type":"Point","coordinates":[-0.38362467923699839,39.476023309315551]},"properties":{"objectid":264006,"codvia":70200,"numportal":2,"dupli_trip":null,"accesorio":"NO","angulo":0,"catfis":"3","descripcion":"2"}},{"type":"Feature","id":264007,"geometry":{"type":"Point","coordinates":[-0.3355545770525083,39.469229195452257]},"properties":{"objectid":264007,"codvia":45000,"numportal":17,"dupli_trip":null,"accesorio":"NO","angulo":83,"catfis":"5","descripcion":"17"}},{"type":"Feature","id":264008,"geometry":{"type":"Point","coordinates":[-0.33431897913455455,39.463094841017217]},"properties":{"objectid":264008,"codvia":27990,"numportal":21,"dupli_trip":null,"accesorio":"SI","angulo":87,"catfis":"6","descripcion":"21ac"}},{"type":"Feature","id":268638,"geometry":{"type":"Point","coordinates":[-0.36011035744394065,39.48471207548473]},"properties":{"objectid":268638,"codvia":63960,"numportal":26,"dupli_trip":null,"accesorio":"NO","angulo":342,"catfis":"6","descripcion":"26"}},{"type":"Feature","id":268640,"geometry":{"type":"Point","coordinates":[-0.34508887893290535,39.462136357071522]},"properties":{"objectid":268640,"codvia":65130,"numportal":7,"dupli_trip":null,"accesorio":"NO","angulo":332,"catfis":"6","descripcion":"7"}},{"type":"Feature","id":268641,"geometry":{"type":"Point","coordinates":[-0.37960469700555127,39.472654141248441]},"properties":{"objectid":268641,"codvia":8790,"numportal":19,"dupli_trip":null,"accesorio":"NO","angulo":274,"catfis":"2","descripcion":"19"}},{"type":"Feature","id":268840,"geometry":{"type":"Point","coordinates":[-0.35381059988983671,39.468933416209374]},"properties":{"objectid":268840,"codvia":65070,"numportal":19,"dupli_trip":null,"accesorio":"NO","angulo":343,"catfis":"3","descripcion":"19"}},{"type":"Feature","id":268841,"geometry":{"type":"Point","coordinates":[-0.38530288476831004,39.448959607582211]},"properties":{"objectid":268841,"codvia":69330,"numportal":293,"dupli_trip":null,"accesorio":"NO","angulo":78,"catfis":"6","descripcion":"293"}},{"type":"Feature","id":268843,"geometry":{"type":"Point","coordinates":[-0.40790932237446542,39.464565712243385]},"properties":{"objectid":268843,"codvia":51180,"numportal":18,"dupli_trip":null,"accesorio":"NO","angulo":7,"catfis":"7","descripcion":"18"}},{"type":"Feature","id":268844,"geometry":{"type":"Point","coordinates":[-0.31761493136706576,39.30770872325278]},"properties":{"objectid":268844,"codvia":81530,"numportal":204,"dupli_trip":null,"accesorio":"NO","angulo":85,"catfis":"7","descripcion":"204"}},{"type":"Feature","id":268845,"geometry":{"type":"Point","coordinates":[-0.34590710360312799,39.477593611143099]},"properties":{"objectid":268845,"codvia":62850,"numportal":16,"dupli_trip":null,"accesorio":"NO","angulo":74,"catfis":"5","descripcion":"16"}},{"type":"Feature","id":268846,"geometry":{"type":"Point","coordinates":[-0.35732490190489902,39.49942031646183]},"properties":{"objectid":268846,"codvia":3900,"numportal":8,"dupli_trip":"DUPL","accesorio":"NO","angulo":329,"catfis":"7","descripcion":"8dup"}},{"type":"Feature","id":268847,"geometry":{"type":"Point","coordinates":[-0.3310837089606361,39.467314719259925]},"properties":{"objectid":268847,"codvia":28140,"numportal":141,"dupli_trip":null,"accesorio":"NO","angulo":353,"catfis":"6","descripcion":"141"}},{"type":"Feature","id":268848,"geometry":{"type":"Point","coordinates":[-0.38504418458610035,39.484762875208631]},"properties":{"objectid":268848,"codvia":12540,"numportal":33,"dupli_trip":null,"accesorio":"NO","angulo":321,"catfis":"3","descripcion":"33"}},{"type":"Feature","id":268849,"geometry":{"type":"Point","coordinates":[-0.33291026583747829,39.447095691199785]},"properties":{"objectid":268849,"codvia":53040,"numportal":38,"dupli_trip":null,"accesorio":"NO","angulo":65,"catfis":"7","descripcion":"38"}},{"type":"Feature","id":268850,"geometry":{"type":"Point","coordinates":[-0.39103800669284733,39.473393025220815]},"properties":{"objectid":268850,"codvia":39960,"numportal":11,"dupli_trip":null,"accesorio":"NO","angulo":302,"catfis":"3","descripcion":"11"}},{"type":"Feature","id":268851,"geometry":{"type":"Point","coordinates":[-0.38589041913544175,39.487736159426539]},"properties":{"objectid":268851,"codvia":68880,"numportal":22,"dupli_trip":null,"accesorio":"NO","angulo":18,"catfis":"7","descripcion":"22"}},{"type":"Feature","id":268852,"geometry":{"type":"Point","coordinates":[-0.38378641628959731,39.475067657506585]},"properties":{"objectid":268852,"codvia":35100,"numportal":80,"dupli_trip":null,"accesorio":"NO","angulo":91,"catfis":"3","descripcion":"80"}},{"type":"Feature","id":268853,"geometry":{"type":"Point","coordinates":[-0.39140360076640385,39.467027574639935]},"properties":{"objectid":268853,"codvia":18390,"numportal":7,"dupli_trip":null,"accesorio":"NO","angulo":351,"catfis":"3","descripcion":"7"}},{"type":"Feature","id":268854,"geometry":{"type":"Point","coordinates":[-0.37763040189955299,39.472836033322835]},"properties":{"objectid":268854,"codvia":13050,"numportal":2,"dupli_trip":null,"accesorio":"NO","angulo":347,"catfis":"2","descripcion":"2"}},{"type":"Feature","id":268855,"geometry":{"type":"Point","coordinates":[-0.37837260456556693,39.49233733973616]},"properties":{"objectid":268855,"codvia":56700,"numportal":44,"dupli_trip":null,"accesorio":"NO","angulo":19,"catfis":"7","descripcion":"44"}},{"type":"Feature","id":268856,"geometry":{"type":"Point","coordinates":[-0.35799023515191636,39.48616777480747]},"properties":{"objectid":268856,"codvia":51300,"numportal":19,"dupli_trip":null,"accesorio":"SI","angulo":352,"catfis":"7","descripcion":"19ac"}},{"type":"Feature","id":268858,"geometry":{"type":"Point","coordinates":[-0.4245026581699809,39.503100094998565]},"properties":{"objectid":268858,"codvia":81539,"numportal":14,"dupli_trip":null,"accesorio":"SI","angulo":299,"catfis":"7","descripcion":"14ac"}},{"type":"Feature","id":268859,"geometry":{"type":"Point","coordinates":[-0.40303784837851186,39.480097055209612]},"properties":{"objectid":268859,"codvia":35580,"numportal":40,"dupli_trip":null,"accesorio":"NO","angulo":0,"catfis":"4","descripcion":"40"}},{"type":"Feature","id":268860,"geometry":{"type":"Point","coordinates":[-0.28130069098006272,39.285788191048319]},"properties":{"objectid":268860,"codvia":81445,"numportal":15,"dupli_trip":null,"accesorio":"NO","angulo":35,"catfis":"7","descripcion":"15"}},{"type":"Feature","id":268861,"geometry":{"type":"Point","coordinates":[-0.38323208807357673,39.49245767265883]},"properties":{"objectid":268861,"codvia":40200,"numportal":27,"dupli_trip":null,"accesorio":"NO","angulo":288,"catfis":"6","descripcion":"27"}},{"type":"Feature","id":268862,"geometry":{"type":"Point","coordinates":[-0.34282482364248129,39.465365233621142]},"properties":{"objectid":268862,"codvia":29580,"numportal":14,"dupli_trip":null,"accesorio":"SI","angulo":342,"catfis":"6","descripcion":"14ac"}},{"type":"Feature","id":268864,"geometry":{"type":"Point","coordinates":[-0.40003296747577805,39.461186409340598]},"properties":{"objectid":268864,"codvia":31530,"numportal":54,"dupli_trip":null,"accesorio":"NO","angulo":306,"catfis":"6","descripcion":"54"}},{"type":"Feature","id":268865,"geometry":{"type":"Point","coordinates":[-0.373941675335144,39.474670652332385]},"properties":{"objectid":268865,"codvia":48360,"numportal":2,"dupli_trip":null,"accesorio":"SI","angulo":357,"catfis":"4","descripcion":"2ac"}},{"type":"Feature","id":266441,"geometry":{"type":"Point","coordinates":[-0.40872456301797877,39.462523388107122]},"properties":{"objectid":266441,"codvia":23490,"numportal":1,"dupli_trip":null,"accesorio":"NO","angulo":299,"catfis":"6","descripcion":"1"}},{"type":"Feature","id":266442,"geometry":{"type":"Point","coordinates":[-0.3333335740788817,39.449512491816755]},"properties":{"objectid":266442,"codvia":30690,"numportal":24,"dupli_trip":null,"accesorio":"NO","angulo":350,"catfis":"6","descripcion":"24"}},{"type":"Feature","id":266443,"geometry":{"type":"Point","coordinates":[-0.38087999839207509,39.447184995124879]},"properties":{"objectid":266443,"codvia":37410,"numportal":20,"dupli_trip":null,"accesorio":"NO","angulo":355,"catfis":"7","descripcion":"20"}},{"type":"Feature","id":266445,"geometry":{"type":"Point","coordinates":[-0.3518832746200099,39.479283251612486]},"properties":{"objectid":266445,"codvia":18810,"numportal":37,"dupli_trip":null,"accesorio":"SI","angulo":71,"catfis":"4","descripcion":"37ac"}},{"type":"Feature","id":266446,"geometry":{"type":"Point","coordinates":[-0.39803516565739705,39.465106046333744]},"properties":{"objectid":266446,"codvia":81110,"numportal":5,"dupli_trip":null,"accesorio":"NO","angulo":349,"catfis":"7","descripcion":"5"}},{"type":"Feature","id":266447,"geometry":{"type":"Point","coordinates":[-0.37784191535262557,39.498357645218952]},"properties":{"objectid":266447,"codvia":80970,"numportal":3,"dupli_trip":null,"accesorio":"SI","angulo":19,"catfis":"7","descripcion":"3ac"}},{"type":"Feature","id":268550,"geometry":{"type":"Point","coordinates":[-0.37964344341206679,39.466595730349759]},"properties":{"objectid":268550,"codvia":20550,"numportal":22,"dupli_trip":null,"accesorio":"NO","angulo":32,"catfis":"3","descripcion":"22"}},{"type":"Feature","id":268551,"geometry":{"type":"Point","coordinates":[-0.36612531548089838,39.469001110069236]},"properties":{"objectid":268551,"codvia":34440,"numportal":33,"dupli_trip":null,"accesorio":"NO","angulo":301,"catfis":"E","descripcion":"33"}},{"type":"Feature","id":268554,"geometry":{"type":"Point","coordinates":[-0.33070645982224844,39.469727305407055]},"properties":{"objectid":268554,"codvia":28140,"numportal":193,"dupli_trip":null,"accesorio":"NO","angulo":82,"catfis":"7","descripcion":"193"}},{"type":"Feature","id":268556,"geometry":{"type":"Point","coordinates":[-0.40389385233687641,39.453737678515964]},"properties":{"objectid":268556,"codvia":81135,"numportal":29,"dupli_trip":null,"accesorio":"NO","angulo":28,"catfis":"6","descripcion":"29"}},{"type":"Feature","id":268557,"geometry":{"type":"Point","coordinates":[-0.3767813905682621,39.473445171805253]},"properties":{"objectid":268557,"codvia":23700,"numportal":6,"dupli_trip":null,"accesorio":"NO","angulo":0,"catfis":"3","descripcion":"6"}},{"type":"Feature","id":268558,"geometry":{"type":"Point","coordinates":[-0.36956730196620002,39.468222009788079]},"properties":{"objectid":268558,"codvia":18540,"numportal":55,"dupli_trip":null,"accesorio":"NO","angulo":31,"catfis":"E","descripcion":"55"}},{"type":"Feature","id":268559,"geometry":{"type":"Point","coordinates":[-0.37887468047482648,39.494709190257161]},"properties":{"objectid":268559,"codvia":81249,"numportal":10,"dupli_trip":null,"accesorio":"NO","angulo":18,"catfis":"7","descripcion":"10"}},{"type":"Feature","id":268560,"geometry":{"type":"Point","coordinates":[-0.39183572177835041,39.463661504596779]},"properties":{"objectid":268560,"codvia":22830,"numportal":6,"dupli_trip":null,"accesorio":"NO","angulo":63,"catfis":"5","descripcion":"6"}},{"type":"Feature","id":268561,"geometry":{"type":"Point","coordinates":[-0.3800982117542398,39.479845701500125]},"properties":{"objectid":268561,"codvia":36540,"numportal":2,"dupli_trip":null,"accesorio":"SI","angulo":349,"catfis":"6","descripcion":"2ac"}},{"type":"Feature","id":268563,"geometry":{"type":"Point","coordinates":[-0.36951639839509165,39.496231556244382]},"properties":{"objectid":268563,"codvia":23100,"numportal":6,"dupli_trip":null,"accesorio":"NO","angulo":333,"catfis":"7","descripcion":"6"}},{"type":"Feature","id":268564,"geometry":{"type":"Point","coordinates":[-0.373401695677962,39.462793117861615]},"properties":{"objectid":268564,"codvia":71160,"numportal":29,"dupli_trip":null,"accesorio":"NO","angulo":295,"catfis":"4","descripcion":"29"}},{"type":"Feature","id":268565,"geometry":{"type":"Point","coordinates":[-0.40473229689590468,39.459130851458241]},"properties":{"objectid":268565,"codvia":23370,"numportal":13,"dupli_trip":null,"accesorio":"SI","angulo":295,"catfis":"6","descripcion":"13ac"}},{"type":"Feature","id":268566,"geometry":{"type":"Point","coordinates":[-0.4078795317492222,39.470773708885041]},"properties":{"objectid":268566,"codvia":53700,"numportal":4,"dupli_trip":null,"accesorio":"SI","angulo":343,"catfis":"7","descripcion":"4ac"}},{"type":"Feature","id":268769,"geometry":{"type":"Point","coordinates":[-0.37123717457618161,39.492480776580273]},"properties":{"objectid":268769,"codvia":63330,"numportal":17,"dupli_trip":null,"accesorio":"NO","angulo":340,"catfis":"6","descripcion":"17"}},{"type":"Feature","id":268770,"geometry":{"type":"Point","coordinates":[-0.37004291671011474,39.463646145094053]},"properties":{"objectid":268770,"codvia":44130,"numportal":5,"dupli_trip":null,"accesorio":"NO","angulo":31,"catfis":"3","descripcion":"5"}},{"type":"Feature","id":268771,"geometry":{"type":"Point","coordinates":[-0.40032222140105872,39.473304176389377]},"properties":{"objectid":268771,"codvia":17160,"numportal":51,"dupli_trip":null,"accesorio":"NO","angulo":18,"catfis":"6","descripcion":"51"}},{"type":"Feature","id":268772,"geometry":{"type":"Point","coordinates":[-0.36427636607460739,39.527895828509969]},"properties":{"objectid":268772,"codvia":76530,"numportal":15,"dupli_trip":null,"accesorio":"NO","angulo":336,"catfis":"7","descripcion":"15"}},{"type":"Feature","id":268773,"geometry":{"type":"Point","coordinates":[-0.38886057757154097,39.470284385296722]},"properties":{"objectid":268773,"codvia":39960,"numportal":59,"dupli_trip":null,"accesorio":"NO","angulo":301,"catfis":"3","descripcion":"59"}},{"type":"Feature","id":268774,"geometry":{"type":"Point","coordinates":[-0.39285492512753289,39.452397410852122]},"properties":{"objectid":268774,"codvia":32790,"numportal":99,"dupli_trip":null,"accesorio":"NO","angulo":64,"catfis":"4","descripcion":"99"}},{"type":"Feature","id":268775,"geometry":{"type":"Point","coordinates":[-0.39973487062386515,39.460943095949993]},"properties":{"objectid":268775,"codvia":6390,"numportal":70,"dupli_trip":null,"accesorio":"NO","angulo":357,"catfis":"6","descripcion":"70"}},{"type":"Feature","id":268776,"geometry":{"type":"Point","coordinates":[-0.34595565681313728,39.460814876111641]},"properties":{"objectid":268776,"codvia":15240,"numportal":16,"dupli_trip":null,"accesorio":"NO","angulo":340,"catfis":"6","descripcion":"16"}},{"type":"Feature","id":268777,"geometry":{"type":"Point","coordinates":[-0.40935957328944544,39.466256902690951]},"properties":{"objectid":268777,"codvia":23910,"numportal":28,"dupli_trip":null,"accesorio":"NO","angulo":9,"catfis":"7","descripcion":"28"}},{"type":"Feature","id":268778,"geometry":{"type":"Point","coordinates":[-0.39045027936184107,39.475020576849943]},"properties":{"objectid":268778,"codvia":52830,"numportal":6,"dupli_trip":null,"accesorio":"NO","angulo":301,"catfis":"3","descripcion":"6"}},{"type":"Feature","id":268779,"geometry":{"type":"Point","coordinates":[-0.39493739177195586,39.49900647856041]},"properties":{"objectid":268779,"codvia":5070,"numportal":6,"dupli_trip":null,"accesorio":"SI","angulo":36,"catfis":"7","descripcion":"6ac"}},{"type":"Feature","id":268780,"geometry":{"type":"Point","coordinates":[-0.34105515113485091,39.463346947917294]},"properties":{"objectid":268780,"codvia":29790,"numportal":34,"dupli_trip":null,"accesorio":"SI","angulo":341,"catfis":"7","descripcion":"34ac"}},{"type":"Feature","id":268781,"geometry":{"type":"Point","coordinates":[-0.37864835694380905,39.47502167855864]},"properties":{"objectid":268781,"codvia":23010,"numportal":4,"dupli_trip":null,"accesorio":"NO","angulo":309,"catfis":"5","descripcion":"4"}},{"type":"Feature","id":268782,"geometry":{"type":"Point","coordinates":[-0.38746787950400013,39.44714089422682]},"properties":{"objectid":268782,"codvia":25080,"numportal":39,"dupli_trip":null,"accesorio":"NO","angulo":72,"catfis":"6","descripcion":"39"}},{"type":"Feature","id":268783,"geometry":{"type":"Point","coordinates":[-0.37731903602795369,39.472883608945097]},"properties":{"objectid":268783,"codvia":45420,"numportal":10,"dupli_trip":null,"accesorio":"NO","angulo":300,"catfis":"1","descripcion":"10"}},{"type":"Feature","id":268784,"geometry":{"type":"Point","coordinates":[-0.34576856368362024,39.457079657977381]},"properties":{"objectid":268784,"codvia":47790,"numportal":19,"dupli_trip":null,"accesorio":"NO","angulo":43,"catfis":"4","descripcion":"19"}},{"type":"Feature","id":268785,"geometry":{"type":"Point","coordinates":[-0.4186373029446655,39.497214369085114]},"properties":{"objectid":268785,"codvia":11100,"numportal":3,"dupli_trip":null,"accesorio":"NO","angulo":87,"catfis":"7","descripcion":"3"}},{"type":"Feature","id":268786,"geometry":{"type":"Point","coordinates":[-0.33687797383602058,39.459408319473141]},"properties":{"objectid":268786,"codvia":47670,"numportal":40,"dupli_trip":null,"accesorio":"NO","angulo":349,"catfis":"7","descripcion":"40"}},{"type":"Feature","id":268787,"geometry":{"type":"Point","coordinates":[-0.40864883190103551,39.457018226136363]},"properties":{"objectid":268787,"codvia":23430,"numportal":16,"dupli_trip":null,"accesorio":"NO","angulo":297,"catfis":"6","descripcion":"16"}},{"type":"Feature","id":268788,"geometry":{"type":"Point","coordinates":[-0.38531861987408478,39.474511903445617]},"properties":{"objectid":268788,"codvia":74280,"numportal":13,"dupli_trip":null,"accesorio":"SI","angulo":90,"catfis":"4","descripcion":"13ac"}},{"type":"Feature","id":268789,"geometry":{"type":"Point","coordinates":[-0.35834550797150522,39.455080824710819]},"properties":{"objectid":268789,"codvia":81620,"numportal":12,"dupli_trip":null,"accesorio":"SI","angulo":301,"catfis":"7","descripcion":"12ac"}},{"type":"Feature","id":268791,"geometry":{"type":"Point","coordinates":[-0.39810972179891063,39.471203324140063]},"properties":{"objectid":268791,"codvia":44670,"numportal":36,"dupli_trip":null,"accesorio":"NO","angulo":87,"catfis":"6","descripcion":"36"}},{"type":"Feature","id":268792,"geometry":{"type":"Point","coordinates":[-0.3457800941871077,39.46402386934907]},"properties":{"objectid":268792,"codvia":25680,"numportal":143,"dupli_trip":null,"accesorio":"NO","angulo":341,"catfis":"3","descripcion":"143"}},{"type":"Feature","id":268793,"geometry":{"type":"Point","coordinates":[-0.33259279014481424,39.448952336593599]},"properties":{"objectid":268793,"codvia":22320,"numportal":8,"dupli_trip":null,"accesorio":"SI","angulo":67,"catfis":"7","descripcion":"8ac"}},{"type":"Feature","id":268069,"geometry":{"type":"Point","coordinates":[-0.31716469215474435,39.31237679332029]},"properties":{"objectid":268069,"codvia":81530,"numportal":16,"dupli_trip":null,"accesorio":"SI","angulo":93,"catfis":"7","descripcion":"16ac"}},{"type":"Feature","id":268070,"geometry":{"type":"Point","coordinates":[-0.35296188998405242,39.465836863451067]},"properties":{"objectid":268070,"codvia":25680,"numportal":100,"dupli_trip":null,"accesorio":"SI","angulo":342,"catfis":"3","descripcion":"100ac"}},{"type":"Feature","id":268071,"geometry":{"type":"Point","coordinates":[-0.37253090556800839,39.491540452401694]},"properties":{"objectid":268071,"codvia":68280,"numportal":6,"dupli_trip":null,"accesorio":"NO","angulo":70,"catfis":"6","descripcion":"6"}},{"type":"Feature","id":268072,"geometry":{"type":"Point","coordinates":[-0.33959251307272975,39.470091882746864]},"properties":{"objectid":268072,"codvia":41100,"numportal":15,"dupli_trip":null,"accesorio":"SI","angulo":343,"catfis":"6","descripcion":"15ac"}},{"type":"Feature","id":268073,"geometry":{"type":"Point","coordinates":[-0.40413649960993114,39.539039782143639]},"properties":{"objectid":268073,"codvia":26670,"numportal":4,"dupli_trip":null,"accesorio":"NO","angulo":27,"catfis":"7","descripcion":"4"}},{"type":"Feature","id":268074,"geometry":{"type":"Point","coordinates":[-0.37603631762791606,39.470588571338915]},"properties":{"objectid":268074,"codvia":17760,"numportal":19,"dupli_trip":null,"accesorio":"NO","angulo":299,"catfis":"E","descripcion":"19"}},{"type":"Feature","id":268075,"geometry":{"type":"Point","coordinates":[-0.34039985981386828,39.460011361294789]},"properties":{"objectid":268075,"codvia":36690,"numportal":22,"dupli_trip":null,"accesorio":"NO","angulo":82,"catfis":"5","descripcion":"22"}},{"type":"Feature","id":268076,"geometry":{"type":"Point","coordinates":[-0.37507377194733915,39.465198589840995]},"properties":{"objectid":268076,"codvia":33390,"numportal":12,"dupli_trip":null,"accesorio":"NO","angulo":346,"catfis":"1","descripcion":"12"}},{"type":"Feature","id":268078,"geometry":{"type":"Point","coordinates":[-0.33312560424236914,39.446177756511936]},"properties":{"objectid":268078,"codvia":70080,"numportal":48,"dupli_trip":null,"accesorio":"NO","angulo":65,"catfis":"7","descripcion":"48"}},{"type":"Feature","id":268079,"geometry":{"type":"Point","coordinates":[-0.34383902865997645,39.464755184124655]},"properties":{"objectid":268079,"codvia":10800,"numportal":48,"dupli_trip":null,"accesorio":"NO","angulo":341,"catfis":"6","descripcion":"48"}},{"type":"Feature","id":268080,"geometry":{"type":"Point","coordinates":[-0.34494296522425166,39.464599586525978]},"properties":{"objectid":268080,"codvia":20400,"numportal":9,"dupli_trip":null,"accesorio":"NO","angulo":72,"catfis":"6","descripcion":"9"}},{"type":"Feature","id":268083,"geometry":{"type":"Point","coordinates":[-0.37168406220273742,39.468761683800217]},"properties":{"objectid":268083,"codvia":35550,"numportal":3,"dupli_trip":null,"accesorio":"NO","angulo":301,"catfis":"E","descripcion":"3"}},{"type":"Feature","id":268084,"geometry":{"type":"Point","coordinates":[-0.39974626885383829,39.482235661899971]},"properties":{"objectid":268084,"codvia":45690,"numportal":4,"dupli_trip":null,"accesorio":"NO","angulo":95,"catfis":"6","descripcion":"4"}},{"type":"Feature","id":268085,"geometry":{"type":"Point","coordinates":[-0.33664841780697707,39.470031201827027]},"properties":{"objectid":268085,"codvia":81421,"numportal":7,"dupli_trip":null,"accesorio":"SI","angulo":342,"catfis":"4","descripcion":"7ac"}},{"type":"Feature","id":268086,"geometry":{"type":"Point","coordinates":[-0.32926644724229892,39.46745886462746]},"properties":{"objectid":268086,"codvia":9000,"numportal":88,"dupli_trip":null,"accesorio":"NO","angulo":86,"catfis":"7","descripcion":"88"}},{"type":"Feature","id":268087,"geometry":{"type":"Point","coordinates":[-0.37421856951362903,39.488964717313216]},"properties":{"objectid":268087,"codvia":55080,"numportal":8,"dupli_trip":null,"accesorio":"NO","angulo":357,"catfis":"6","descripcion":"8"}},{"type":"Feature","id":268088,"geometry":{"type":"Point","coordinates":[-0.39835408244234177,39.471376809544935]},"properties":{"objectid":268088,"codvia":81150,"numportal":7,"dupli_trip":null,"accesorio":"SI","angulo":88,"catfis":"5","descripcion":"7ac"}},{"type":"Feature","id":268089,"geometry":{"type":"Point","coordinates":[-0.3247390103004813,39.472027498987373]},"properties":{"objectid":268089,"codvia":56250,"numportal":107,"dupli_trip":null,"accesorio":"NO","angulo":93,"catfis":"4","descripcion":"107"}},{"type":"Feature","id":268090,"geometry":{"type":"Point","coordinates":[-0.33429374297379039,39.461705212342032]},"properties":{"objectid":268090,"codvia":38640,"numportal":28,"dupli_trip":null,"accesorio":"NO","angulo":351,"catfis":"6","descripcion":"28"}},{"type":"Feature","id":268091,"geometry":{"type":"Point","coordinates":[-0.39289643792354467,39.487885418615605]},"properties":{"objectid":268091,"codvia":71250,"numportal":21,"dupli_trip":null,"accesorio":"SI","angulo":31,"catfis":"6","descripcion":"21ac"}},{"type":"Feature","id":268092,"geometry":{"type":"Point","coordinates":[-0.33434525750903993,39.460651658590457]},"properties":{"objectid":268092,"codvia":25680,"numportal":277,"dupli_trip":null,"accesorio":"NO","angulo":351,"catfis":"4","descripcion":"277"}},{"type":"Feature","id":268093,"geometry":{"type":"Point","coordinates":[-0.35479045921470204,39.470144394982647]},"properties":{"objectid":268093,"codvia":14730,"numportal":58,"dupli_trip":null,"accesorio":"NO","angulo":72,"catfis":"3","descripcion":"58"}},{"type":"Feature","id":268094,"geometry":{"type":"Point","coordinates":[-0.37092585924257249,39.457154668878111]},"properties":{"objectid":268094,"codvia":240,"numportal":10,"dupli_trip":null,"accesorio":"NO","angulo":89,"catfis":"7","descripcion":"10"}},{"type":"Feature","id":267855,"geometry":{"type":"Point","coordinates":[-0.29477434314649192,39.307719362068724]},"properties":{"objectid":267855,"codvia":12870,"numportal":17,"dupli_trip":null,"accesorio":"SI","angulo":43,"catfis":"7","descripcion":"17ac"}},{"type":"Feature","id":267856,"geometry":{"type":"Point","coordinates":[-0.36819902867771631,39.454819139295815]},"properties":{"objectid":267856,"codvia":59610,"numportal":39,"dupli_trip":null,"accesorio":"SI","angulo":29,"catfis":"6","descripcion":"39ac"}},{"type":"Feature","id":267857,"geometry":{"type":"Point","coordinates":[-0.32582435767898699,39.481928674903244]},"properties":{"objectid":267857,"codvia":37350,"numportal":147,"dupli_trip":null,"accesorio":"NO","angulo":88,"catfis":"7","descripcion":"147"}},{"type":"Feature","id":267858,"geometry":{"type":"Point","coordinates":[-0.37981517361104661,39.476897201506844]},"properties":{"objectid":267858,"codvia":8100,"numportal":1,"dupli_trip":null,"accesorio":"SI","angulo":74,"catfis":"4","descripcion":"1ac"}},{"type":"Feature","id":267859,"geometry":{"type":"Point","coordinates":[-0.37525612884523207,39.468851713859294]},"properties":{"objectid":267859,"codvia":50610,"numportal":1,"dupli_trip":null,"accesorio":"SI","angulo":2,"catfis":"1","descripcion":"1ac"}},{"type":"Feature","id":267860,"geometry":{"type":"Point","coordinates":[-0.42560918269149078,39.499473223000692]},"properties":{"objectid":267860,"codvia":76320,"numportal":6,"dupli_trip":"DUPL","accesorio":"SI","angulo":33,"catfis":"7","descripcion":"6dupac"}},{"type":"Feature","id":267861,"geometry":{"type":"Point","coordinates":[-0.38599325489689723,39.510347489653228]},"properties":{"objectid":267861,"codvia":49500,"numportal":313,"dupli_trip":null,"accesorio":"NO","angulo":111,"catfis":"7","descripcion":"313"}},{"type":"Feature","id":267862,"geometry":{"type":"Point","coordinates":[-0.38524086343794117,39.470091883575662]},"properties":{"objectid":267862,"codvia":30000,"numportal":13,"dupli_trip":null,"accesorio":"NO","angulo":302,"catfis":"1","descripcion":"13"}},{"type":"Feature","id":267863,"geometry":{"type":"Point","coordinates":[-0.37411518546485312,39.455175663784217]},"properties":{"objectid":267863,"codvia":7590,"numportal":19,"dupli_trip":null,"accesorio":"NO","angulo":301,"catfis":"4","descripcion":"19"}},{"type":"Feature","id":267864,"geometry":{"type":"Point","coordinates":[-0.35130260110420702,39.476355361400834]},"properties":{"objectid":267864,"codvia":34290,"numportal":27,"dupli_trip":null,"accesorio":"NO","angulo":359,"catfis":"3","descripcion":"27"}},{"type":"Feature","id":267865,"geometry":{"type":"Point","coordinates":[-0.37239105150763141,39.470066766507024]},"properties":{"objectid":267865,"codvia":24780,"numportal":15,"dupli_trip":null,"accesorio":"NO","angulo":89,"catfis":"E","descripcion":"15"}},{"type":"Feature","id":267866,"geometry":{"type":"Point","coordinates":[-0.37245439870624758,39.477691389624894]},"properties":{"objectid":267866,"codvia":58770,"numportal":6,"dupli_trip":null,"accesorio":"NO","angulo":317,"catfis":"3","descripcion":"6"}},{"type":"Feature","id":267867,"geometry":{"type":"Point","coordinates":[-0.40707365411705881,39.541296230469214]},"properties":{"objectid":267867,"codvia":81525,"numportal":21,"dupli_trip":null,"accesorio":"NO","angulo":34,"catfis":"7","descripcion":"21"}},{"type":"Feature","id":267869,"geometry":{"type":"Point","coordinates":[-0.37182659927053779,39.474230792188443]},"properties":{"objectid":267869,"codvia":33960,"numportal":5,"dupli_trip":null,"accesorio":"NO","angulo":90,"catfis":"4","descripcion":"5"}},{"type":"Feature","id":267870,"geometry":{"type":"Point","coordinates":[-0.36202306967867087,39.459780595969114]},"properties":{"objectid":267870,"codvia":30270,"numportal":4,"dupli_trip":null,"accesorio":"SI","angulo":59,"catfis":"5","descripcion":"4ac"}},{"type":"Feature","id":267871,"geometry":{"type":"Point","coordinates":[-0.35936268092613827,39.474924399963577]},"properties":{"objectid":267871,"codvia":72060,"numportal":17,"dupli_trip":null,"accesorio":"NO","angulo":72,"catfis":"2","descripcion":"17"}},{"type":"Feature","id":267872,"geometry":{"type":"Point","coordinates":[-0.33921342707213048,39.459179001122031]},"properties":{"objectid":267872,"codvia":37290,"numportal":26,"dupli_trip":null,"accesorio":"NO","angulo":87,"catfis":"7","descripcion":"26"}},{"type":"Feature","id":267873,"geometry":{"type":"Point","coordinates":[-0.36337157911108103,39.487181684898495]},"properties":{"objectid":267873,"codvia":63810,"numportal":17,"dupli_trip":null,"accesorio":"SI","angulo":318,"catfis":"6","descripcion":"17ac"}},{"type":"Feature","id":267874,"geometry":{"type":"Point","coordinates":[-0.33031172278802406,39.472729442192737]},"properties":{"objectid":267874,"codvia":7170,"numportal":21,"dupli_trip":null,"accesorio":"NO","angulo":85,"catfis":"7","descripcion":"21"}},{"type":"Feature","id":267875,"geometry":{"type":"Point","coordinates":[-0.32948417204429786,39.464031755606442]},"properties":{"objectid":267875,"codvia":2910,"numportal":7,"dupli_trip":null,"accesorio":"NO","angulo":85,"catfis":"3","descripcion":"7"}},{"type":"Feature","id":267876,"geometry":{"type":"Point","coordinates":[-0.3928700190756067,39.495321278870044]},"properties":{"objectid":267876,"codvia":80650,"numportal":11,"dupli_trip":null,"accesorio":"NO","angulo":310,"catfis":"7","descripcion":"11"}},{"type":"Feature","id":267877,"geometry":{"type":"Point","coordinates":[-0.36340085232977953,39.430789827628395]},"properties":{"objectid":267877,"codvia":61440,"numportal":58,"dupli_trip":null,"accesorio":"NO","angulo":82,"catfis":"7","descripcion":"58"}},{"type":"Feature","id":267878,"geometry":{"type":"Point","coordinates":[-0.4001373976950951,39.464986394588863]},"properties":{"objectid":267878,"codvia":81123,"numportal":6,"dupli_trip":null,"accesorio":"NO","angulo":349,"catfis":"7","descripcion":"6"}},{"type":"Feature","id":268568,"geometry":{"type":"Point","coordinates":[-0.36319501842116736,39.46089117426699]},"properties":{"objectid":268568,"codvia":43050,"numportal":57,"dupli_trip":null,"accesorio":"NO","angulo":26,"catfis":"4","descripcion":"57"}},{"type":"Feature","id":268569,"geometry":{"type":"Point","coordinates":[-0.37609365446431148,39.465601864824961]},"properties":{"objectid":268569,"codvia":33390,"numportal":1,"dupli_trip":null,"accesorio":"NO","angulo":346,"catfis":"1","descripcion":"1"}},{"type":"Feature","id":268570,"geometry":{"type":"Point","coordinates":[-0.36365024966133497,39.42447903195206]},"properties":{"objectid":268570,"codvia":63510,"numportal":6,"dupli_trip":null,"accesorio":"NO","angulo":2,"catfis":"7","descripcion":"6"}},{"type":"Feature","id":268571,"geometry":{"type":"Point","coordinates":[-0.33305977477311571,39.453628401432042]},"properties":{"objectid":268571,"codvia":47430,"numportal":9,"dupli_trip":null,"accesorio":"NO","angulo":81,"catfis":"7","descripcion":"9"}},{"type":"Feature","id":268572,"geometry":{"type":"Point","coordinates":[-0.38616507172386738,39.464186820388527]},"properties":{"objectid":268572,"codvia":59220,"numportal":4,"dupli_trip":null,"accesorio":"SI","angulo":345,"catfis":"2","descripcion":"4ac"}},{"type":"Feature","id":268573,"geometry":{"type":"Point","coordinates":[-0.36745970135433104,39.442592924505874]},"properties":{"objectid":268573,"codvia":6960,"numportal":6,"dupli_trip":null,"accesorio":"NO","angulo":329,"catfis":"7","descripcion":"6"}},{"type":"Feature","id":268574,"geometry":{"type":"Point","coordinates":[-0.29090908085565242,39.302021138050975]},"properties":{"objectid":268574,"codvia":41040,"numportal":8,"dupli_trip":null,"accesorio":"NO","angulo":38,"catfis":"7","descripcion":"8"}},{"type":"Feature","id":268575,"geometry":{"type":"Point","coordinates":[-0.34000434346931563,39.462876120812453]},"properties":{"objectid":268575,"codvia":29790,"numportal":19,"dupli_trip":null,"accesorio":"NO","angulo":342,"catfis":"7","descripcion":"19"}},{"type":"Feature","id":268576,"geometry":{"type":"Point","coordinates":[-0.37313734659530645,39.450901721941861]},"properties":{"objectid":268576,"codvia":40170,"numportal":73,"dupli_trip":null,"accesorio":"NO","angulo":300,"catfis":"4","descripcion":"73"}},{"type":"Feature","id":268577,"geometry":{"type":"Point","coordinates":[-0.37226933151103031,39.4721958364293]},"properties":{"objectid":268577,"codvia":52440,"numportal":7,"dupli_trip":null,"accesorio":"NO","angulo":350,"catfis":"4","descripcion":"7"}},{"type":"Feature","id":268578,"geometry":{"type":"Point","coordinates":[-0.35575120761871559,39.477208194714656]},"properties":{"objectid":268578,"codvia":17610,"numportal":1,"dupli_trip":"DUPL","accesorio":"SI","angulo":72,"catfis":"3","descripcion":"1dupac"}},{"type":"Feature","id":268579,"geometry":{"type":"Point","coordinates":[-0.32733242666677681,39.481744090399637]},"properties":{"objectid":268579,"codvia":5970,"numportal":55,"dupli_trip":null,"accesorio":"NO","angulo":90,"catfis":"7","descripcion":"55"}},{"type":"Feature","id":268580,"geometry":{"type":"Point","coordinates":[-0.36457922615297683,39.42733913183168]},"properties":{"objectid":268580,"codvia":7560,"numportal":59,"dupli_trip":null,"accesorio":"NO","angulo":86,"catfis":"7","descripcion":"59"}},{"type":"Feature","id":268581,"geometry":{"type":"Point","coordinates":[-0.37550793382797842,39.454284502806075]},"properties":{"objectid":268581,"codvia":40170,"numportal":31,"dupli_trip":null,"accesorio":"NO","angulo":300,"catfis":"4","descripcion":"31"}},{"type":"Feature","id":268582,"geometry":{"type":"Point","coordinates":[-0.33266340898189661,39.467547685077896]},"properties":{"objectid":268582,"codvia":45870,"numportal":6,"dupli_trip":null,"accesorio":"NO","angulo":87,"catfis":"6","descripcion":"6"}},{"type":"Feature","id":268583,"geometry":{"type":"Point","coordinates":[-0.33766375031258916,39.469589877567905]},"properties":{"objectid":268583,"codvia":81433,"numportal":4,"dupli_trip":null,"accesorio":"SI","angulo":72,"catfis":"6","descripcion":"4ac"}},{"type":"Feature","id":268584,"geometry":{"type":"Point","coordinates":[-0.35975885498384214,39.481812854457949]},"properties":{"objectid":268584,"codvia":61410,"numportal":157,"dupli_trip":null,"accesorio":"SI","angulo":345,"catfis":"5","descripcion":"157ac"}},{"type":"Feature","id":268585,"geometry":{"type":"Point","coordinates":[-0.38440437106499825,39.527973155354076]},"properties":{"objectid":268585,"codvia":80460,"numportal":5,"dupli_trip":null,"accesorio":"SI","angulo":89,"catfis":"7","descripcion":"5ac"}},{"type":"Feature","id":268586,"geometry":{"type":"Point","coordinates":[-0.33618921835395682,39.446953641760096]},"properties":{"objectid":268586,"codvia":81256,"numportal":21,"dupli_trip":null,"accesorio":"SI","angulo":88,"catfis":"7","descripcion":"21ac"}},{"type":"Feature","id":268587,"geometry":{"type":"Point","coordinates":[-0.3873758961992898,39.462883155742574]},"properties":{"objectid":268587,"codvia":57300,"numportal":5,"dupli_trip":null,"accesorio":"NO","angulo":302,"catfis":"4","descripcion":"5"}},{"type":"Feature","id":268588,"geometry":{"type":"Point","coordinates":[-0.37806524494155824,39.490283881396351]},"properties":{"objectid":268588,"codvia":49500,"numportal":32,"dupli_trip":null,"accesorio":"NO","angulo":288,"catfis":"6","descripcion":"32"}},{"type":"Feature","id":268590,"geometry":{"type":"Point","coordinates":[-0.36153469771898256,39.488022964804969]},"properties":{"objectid":268590,"codvia":66790,"numportal":6,"dupli_trip":null,"accesorio":"NO","angulo":0,"catfis":"6","descripcion":"6"}},{"type":"Feature","id":268794,"geometry":{"type":"Point","coordinates":[-0.39450438120144354,39.495939970163334]},"properties":{"objectid":268794,"codvia":81185,"numportal":12,"dupli_trip":null,"accesorio":"NO","angulo":311,"catfis":"6","descripcion":"12"}},{"type":"Feature","id":268795,"geometry":{"type":"Point","coordinates":[-0.38551898884177943,39.484734848390275]},"properties":{"objectid":268795,"codvia":38370,"numportal":3,"dupli_trip":null,"accesorio":"NO","angulo":31,"catfis":"3","descripcion":"3"}},{"type":"Feature","id":268796,"geometry":{"type":"Point","coordinates":[-0.37117130119054209,39.475068164988791]},"properties":{"objectid":268796,"codvia":26970,"numportal":6,"dupli_trip":null,"accesorio":"NO","angulo":349,"catfis":"5","descripcion":"6"}},{"type":"Feature","id":268797,"geometry":{"type":"Point","coordinates":[-0.36271876838274325,39.432114264169421]},"properties":{"objectid":268797,"codvia":61440,"numportal":25,"dupli_trip":null,"accesorio":"NO","angulo":68,"catfis":"7","descripcion":"25"}},{"type":"Feature","id":268798,"geometry":{"type":"Point","coordinates":[-0.32495838028886659,39.469903760497147]},"properties":{"objectid":268798,"codvia":56250,"numportal":47,"dupli_trip":null,"accesorio":"NO","angulo":92,"catfis":"4","descripcion":"47"}},{"type":"Feature","id":268799,"geometry":{"type":"Point","coordinates":[-0.39212115808574372,39.434307677739177]},"properties":{"objectid":268799,"codvia":5010,"numportal":20,"dupli_trip":null,"accesorio":"NO","angulo":75,"catfis":"7","descripcion":"20"}},{"type":"Feature","id":268800,"geometry":{"type":"Point","coordinates":[-0.38890616235426217,39.529428948252509]},"properties":{"objectid":268800,"codvia":70380,"numportal":52,"dupli_trip":null,"accesorio":"NO","angulo":14,"catfis":"7","descripcion":"52"}},{"type":"Feature","id":268801,"geometry":{"type":"Point","coordinates":[-0.42178184019443671,39.504297247906123]},"properties":{"objectid":268801,"codvia":72570,"numportal":41,"dupli_trip":null,"accesorio":"NO","angulo":14,"catfis":"7","descripcion":"41"}},{"type":"Feature","id":268802,"geometry":{"type":"Point","coordinates":[-0.39892728123459725,39.471556456872378]},"properties":{"objectid":268802,"codvia":73320,"numportal":35,"dupli_trip":null,"accesorio":"NO","angulo":87,"catfis":"6","descripcion":"35"}},{"type":"Feature","id":268803,"geometry":{"type":"Point","coordinates":[-0.37717387678786229,39.477788448882755]},"properties":{"objectid":268803,"codvia":57120,"numportal":3,"dupli_trip":null,"accesorio":"NO","angulo":357,"catfis":"6","descripcion":"3"}},{"type":"Feature","id":268804,"geometry":{"type":"Point","coordinates":[-0.33167684709330419,39.447775001197208]},"properties":{"objectid":268804,"codvia":38320,"numportal":92,"dupli_trip":null,"accesorio":"SI","angulo":46,"catfis":"7","descripcion":"92ac"}},{"type":"Feature","id":268805,"geometry":{"type":"Point","coordinates":[-0.33443671039764772,39.452179490388133]},"properties":{"objectid":268805,"codvia":81161,"numportal":13,"dupli_trip":null,"accesorio":"NO","angulo":62,"catfis":"7","descripcion":"13"}},{"type":"Feature","id":268806,"geometry":{"type":"Point","coordinates":[-0.3881029236234661,39.49433284252801]},"properties":{"objectid":268806,"codvia":81736,"numportal":7,"dupli_trip":null,"accesorio":"SI","angulo":37,"catfis":"7","descripcion":"7ac"}},{"type":"Feature","id":268807,"geometry":{"type":"Point","coordinates":[-0.34031076622843848,39.460315331896346]},"properties":{"objectid":268807,"codvia":36690,"numportal":18,"dupli_trip":null,"accesorio":"SI","angulo":82,"catfis":"5","descripcion":"18ac"}},{"type":"Feature","id":268808,"geometry":{"type":"Point","coordinates":[-0.36472871254568201,39.480248624668775]},"properties":{"objectid":268808,"codvia":37890,"numportal":7,"dupli_trip":null,"accesorio":"NO","angulo":71,"catfis":"2","descripcion":"7"}},{"type":"Feature","id":268809,"geometry":{"type":"Point","coordinates":[-0.38219127029528255,39.454915219941]},"properties":{"objectid":268809,"codvia":57900,"numportal":27,"dupli_trip":null,"accesorio":"NO","angulo":351,"catfis":"6","descripcion":"27"}},{"type":"Feature","id":268810,"geometry":{"type":"Point","coordinates":[-0.40003390850491133,39.438286136239405]},"properties":{"objectid":268810,"codvia":4080,"numportal":6,"dupli_trip":null,"accesorio":"NO","angulo":288,"catfis":"7","descripcion":"6"}},{"type":"Feature","id":268811,"geometry":{"type":"Point","coordinates":[-0.3855506017855202,39.474041160599683]},"properties":{"objectid":268811,"codvia":41400,"numportal":22,"dupli_trip":null,"accesorio":"NO","angulo":353,"catfis":"4","descripcion":"22"}},{"type":"Feature","id":268812,"geometry":{"type":"Point","coordinates":[-0.38078931570411678,39.491121568051256]},"properties":{"objectid":268812,"codvia":32910,"numportal":7,"dupli_trip":null,"accesorio":"NO","angulo":288,"catfis":"6","descripcion":"7"}},{"type":"Feature","id":268813,"geometry":{"type":"Point","coordinates":[-0.36698305842656348,39.495094458178478]},"properties":{"objectid":268813,"codvia":81163,"numportal":6,"dupli_trip":null,"accesorio":"SI","angulo":316,"catfis":"7","descripcion":"6ac"}},{"type":"Feature","id":268814,"geometry":{"type":"Point","coordinates":[-0.33093291575075517,39.465115349002915]},"properties":{"objectid":268814,"codvia":38820,"numportal":55,"dupli_trip":null,"accesorio":"NO","angulo":86,"catfis":"7","descripcion":"55"}},{"type":"Feature","id":268815,"geometry":{"type":"Point","coordinates":[-0.36712793450413655,39.442397512920159]},"properties":{"objectid":268815,"codvia":58740,"numportal":14,"dupli_trip":null,"accesorio":"NO","angulo":73,"catfis":"7","descripcion":"14"}},{"type":"Feature","id":268816,"geometry":{"type":"Point","coordinates":[-0.39218895249813257,39.450831760029807]},"properties":{"objectid":268816,"codvia":33060,"numportal":62,"dupli_trip":null,"accesorio":"NO","angulo":65,"catfis":"6","descripcion":"62"}},{"type":"Feature","id":268817,"geometry":{"type":"Point","coordinates":[-0.33262437953626883,39.478925295510976]},"properties":{"objectid":268817,"codvia":81159,"numportal":28,"dupli_trip":null,"accesorio":"SI","angulo":84,"catfis":"7","descripcion":"28ac"}},{"type":"Feature","id":268818,"geometry":{"type":"Point","coordinates":[-0.39163838560480996,39.486385742340453]},"properties":{"objectid":268818,"codvia":49620,"numportal":2,"dupli_trip":null,"accesorio":"SI","angulo":31,"catfis":"6","descripcion":"2ac."}},{"type":"Feature","id":268095,"geometry":{"type":"Point","coordinates":[-0.37692524149378454,39.474883366526342]},"properties":{"objectid":268095,"codvia":78330,"numportal":10,"dupli_trip":null,"accesorio":"NO","angulo":84,"catfis":"3","descripcion":"10"}},{"type":"Feature","id":268096,"geometry":{"type":"Point","coordinates":[-0.35822209196896598,39.44568099816783]},"properties":{"objectid":268096,"codvia":31740,"numportal":105,"dupli_trip":null,"accesorio":"NO","angulo":293,"catfis":"7","descripcion":"105"}},{"type":"Feature","id":268097,"geometry":{"type":"Point","coordinates":[-0.38258434478304926,39.455706047819199]},"properties":{"objectid":268097,"codvia":33900,"numportal":54,"dupli_trip":null,"accesorio":"SI","angulo":82,"catfis":"4","descripcion":"54ac"}},{"type":"Feature","id":268098,"geometry":{"type":"Point","coordinates":[-0.37944472839226978,39.488690484152386]},"properties":{"objectid":268098,"codvia":76350,"numportal":18,"dupli_trip":null,"accesorio":"NO","angulo":17,"catfis":"7","descripcion":"18"}},{"type":"Feature","id":268099,"geometry":{"type":"Point","coordinates":[-0.34913886690131268,39.463556141250159]},"properties":{"objectid":268099,"codvia":81647,"numportal":1,"dupli_trip":null,"accesorio":"SI","angulo":341,"catfis":"7","descripcion":"1ac"}},{"type":"Feature","id":268100,"geometry":{"type":"Point","coordinates":[-0.38133207139926134,39.474553702320428]},"properties":{"objectid":268100,"codvia":70170,"numportal":17,"dupli_trip":null,"accesorio":"NO","angulo":81,"catfis":"4","descripcion":"17"}},{"type":"Feature","id":268101,"geometry":{"type":"Point","coordinates":[-0.37407163848362485,39.47717592392474]},"properties":{"objectid":268101,"codvia":66780,"numportal":7,"dupli_trip":null,"accesorio":"NO","angulo":83,"catfis":"3","descripcion":"7"}},{"type":"Feature","id":268102,"geometry":{"type":"Point","coordinates":[-0.3445517916334091,39.47164243236039]},"properties":{"objectid":268102,"codvia":81139,"numportal":12,"dupli_trip":null,"accesorio":"SI","angulo":342,"catfis":"6","descripcion":"12ac"}},{"type":"Feature","id":268103,"geometry":{"type":"Point","coordinates":[-0.32532287203339455,39.47257759760825]},"properties":{"objectid":268103,"codvia":29190,"numportal":146,"dupli_trip":null,"accesorio":"NO","angulo":93,"catfis":"6","descripcion":"146"}},{"type":"Feature","id":268104,"geometry":{"type":"Point","coordinates":[-0.39086044265403536,39.458764890965931]},"properties":{"objectid":268104,"codvia":81559,"numportal":22,"dupli_trip":null,"accesorio":"NO","angulo":63,"catfis":"4","descripcion":"22"}},{"type":"Feature","id":285410,"geometry":{"type":"Point","coordinates":[-0.36800426978151046,39.458766087716377]},"properties":{"objectid":285410,"codvia":66640,"numportal":10,"dupli_trip":null,"accesorio":"SI","angulo":42,"catfis":"7","descripcion":"10ac"}},{"type":"Feature","id":277989,"geometry":{"type":"Point","coordinates":[-0.36778526256075644,39.459083308488069]},"properties":{"objectid":277989,"codvia":43050,"numportal":14,"dupli_trip":null,"accesorio":"NO","angulo":27,"catfis":"6","descripcion":"14"}},{"type":"Feature","id":232990,"geometry":{"type":"Point","coordinates":[-0.32883761589398725,39.470160644990415]},"properties":{"objectid":232990,"codvia":9000,"numportal":168,"dupli_trip":null,"accesorio":"NO","angulo":82,"catfis":"6","descripcion":"168"}},{"type":"Feature","id":231123,"geometry":{"type":"Point","coordinates":[-0.32864280945157298,39.470157138142682]},"properties":{"objectid":231123,"codvia":22380,"numportal":28,"dupli_trip":null,"accesorio":"SI","angulo":354,"catfis":"6","descripcion":"28"}},{"type":"Feature","id":284443,"geometry":{"type":"Point","coordinates":[-0.32878697595810591,39.470173478734146]},"properties":{"objectid":284443,"codvia":22380,"numportal":26,"dupli_trip":null,"accesorio":"SI","angulo":354,"catfis":"6","descripcion":"26ac"}},{"type":"Feature","id":264784,"geometry":{"type":"Point","coordinates":[-0.32858206070872442,39.470046078378587]},"properties":{"objectid":264784,"codvia":2910,"numportal":151,"dupli_trip":null,"accesorio":"NO","angulo":83,"catfis":"4","descripcion":"151"}},{"type":"Feature","id":281350,"geometry":{"type":"Point","coordinates":[-0.32857513760827278,39.47010883620144]},"properties":{"objectid":281350,"codvia":2910,"numportal":155,"dupli_trip":null,"accesorio":"NO","angulo":82,"catfis":"4","descripcion":"155"}},{"type":"Feature","id":272094,"geometry":{"type":"Point","coordinates":[-0.33926648387990033,39.451505325959673]},"properties":{"objectid":272094,"codvia":81753,"numportal":6,"dupli_trip":null,"accesorio":null,"angulo":25,"catfis":"E","descripcion":"6"}},{"type":"Feature","id":241244,"geometry":{"type":"Point","coordinates":[-0.41498391458023848,39.544544224350354]},"properties":{"objectid":241244,"codvia":81605,"numportal":4,"dupli_trip":null,"accesorio":"NO","angulo":294,"catfis":"7","descripcion":"4"}},{"type":"Feature","id":268106,"geometry":{"type":"Point","coordinates":[-0.40135150126046443,39.463512486942271]},"properties":{"objectid":268106,"codvia":81181,"numportal":1,"dupli_trip":null,"accesorio":"NO","angulo":94,"catfis":"6","descripcion":"1"}},{"type":"Feature","id":268107,"geometry":{"type":"Point","coordinates":[-0.36497158904964527,39.474983324962466]},"properties":{"objectid":268107,"codvia":58710,"numportal":11,"dupli_trip":null,"accesorio":"NO","angulo":304,"catfis":"1","descripcion":"11"}},{"type":"Feature","id":268108,"geometry":{"type":"Point","coordinates":[-0.34877758052306379,39.472235147567602]},"properties":{"objectid":268108,"codvia":24420,"numportal":69,"dupli_trip":null,"accesorio":"NO","angulo":72,"catfis":"5","descripcion":"69"}},{"type":"Feature","id":268111,"geometry":{"type":"Point","coordinates":[-0.35636294720382128,39.44738836143712]},"properties":{"objectid":268111,"codvia":4290,"numportal":31,"dupli_trip":null,"accesorio":"NO","angulo":0,"catfis":"7","descripcion":"31"}},{"type":"Feature","id":268113,"geometry":{"type":"Point","coordinates":[-0.3257315941754812,39.468787844570997]},"properties":{"objectid":268113,"codvia":29190,"numportal":149,"dupli_trip":null,"accesorio":"NO","angulo":91,"catfis":"6","descripcion":"149"}},{"type":"Feature","id":268114,"geometry":{"type":"Point","coordinates":[-0.35822507791869418,39.465452990534473]},"properties":{"objectid":268114,"codvia":58890,"numportal":6,"dupli_trip":null,"accesorio":"NO","angulo":342,"catfis":"4","descripcion":"6"}},{"type":"Feature","id":268115,"geometry":{"type":"Point","coordinates":[-0.28555504878460325,39.29352739959571]},"properties":{"objectid":268115,"codvia":81218,"numportal":40,"dupli_trip":null,"accesorio":"NO","angulo":298,"catfis":"5","descripcion":"40"}},{"type":"Feature","id":268116,"geometry":{"type":"Point","coordinates":[-0.42247422682453284,39.503945329482548]},"properties":{"objectid":268116,"codvia":17130,"numportal":6,"dupli_trip":null,"accesorio":"NO","angulo":290,"catfis":"7","descripcion":"6"}},{"type":"Feature","id":268118,"geometry":{"type":"Point","coordinates":[-0.39231410947075368,39.491953407917748]},"properties":{"objectid":268118,"codvia":77730,"numportal":4,"dupli_trip":null,"accesorio":"NO","angulo":337,"catfis":"7","descripcion":"4"}},{"type":"Feature","id":268119,"geometry":{"type":"Point","coordinates":[-0.37284511767461564,39.452077821118102]},"properties":{"objectid":268119,"codvia":7590,"numportal":48,"dupli_trip":null,"accesorio":"NO","angulo":301,"catfis":"4","descripcion":"48"}},{"type":"Feature","id":267881,"geometry":{"type":"Point","coordinates":[-0.4210390212376508,39.497241098285841]},"properties":{"objectid":267881,"codvia":11490,"numportal":1,"dupli_trip":null,"accesorio":"NO","angulo":12,"catfis":"7","descripcion":"1"}},{"type":"Feature","id":267882,"geometry":{"type":"Point","coordinates":[-0.35652931306469404,39.463396617099441]},"properties":{"objectid":267882,"codvia":8250,"numportal":2,"dupli_trip":null,"accesorio":"NO","angulo":341,"catfis":"3","descripcion":"2"}},{"type":"Feature","id":267883,"geometry":{"type":"Point","coordinates":[-0.35012812169842139,39.458603445644719]},"properties":{"objectid":267883,"codvia":81622,"numportal":1,"dupli_trip":null,"accesorio":"SI","angulo":339,"catfis":"4","descripcion":"1ac"}},{"type":"Feature","id":267884,"geometry":{"type":"Point","coordinates":[-0.32769098704806826,39.46265101709259]},"properties":{"objectid":267884,"codvia":81855,"numportal":3,"dupli_trip":null,"accesorio":"NO","angulo":0,"catfis":"E","descripcion":"3"}},{"type":"Feature","id":267885,"geometry":{"type":"Point","coordinates":[-0.36279650039097211,39.459432590345706]},"properties":{"objectid":267885,"codvia":31440,"numportal":13,"dupli_trip":null,"accesorio":"NO","angulo":59,"catfis":"6","descripcion":"13"}},{"type":"Feature","id":267886,"geometry":{"type":"Point","coordinates":[-0.40236283712069626,39.473516516413547]},"properties":{"objectid":267886,"codvia":56340,"numportal":71,"dupli_trip":null,"accesorio":"NO","angulo":16,"catfis":"4","descripcion":"71"}},{"type":"Feature","id":267887,"geometry":{"type":"Point","coordinates":[-0.42245148143944844,39.501734952233221]},"properties":{"objectid":267887,"codvia":13620,"numportal":48,"dupli_trip":null,"accesorio":"NO","angulo":28,"catfis":"7","descripcion":"48"}},{"type":"Feature","id":267888,"geometry":{"type":"Point","coordinates":[-0.40661677203413382,39.481783715306292]},"properties":{"objectid":267888,"codvia":81423,"numportal":14,"dupli_trip":null,"accesorio":"SI","angulo":78,"catfis":"7","descripcion":"14ac"}},{"type":"Feature","id":267889,"geometry":{"type":"Point","coordinates":[-0.34282253401815049,39.431762534153179]},"properties":{"objectid":267889,"codvia":46770,"numportal":233,"dupli_trip":null,"accesorio":"NO","angulo":109,"catfis":"7","descripcion":"233"}},{"type":"Feature","id":267890,"geometry":{"type":"Point","coordinates":[-0.35477417171381964,39.485495199805349]},"properties":{"objectid":267890,"codvia":81275,"numportal":3,"dupli_trip":null,"accesorio":"NO","angulo":84,"catfis":"6","descripcion":"3"}},{"type":"Feature","id":267891,"geometry":{"type":"Point","coordinates":[-0.42327772025819266,39.505514929637009]},"properties":{"objectid":267891,"codvia":12240,"numportal":28,"dupli_trip":null,"accesorio":"NO","angulo":290,"catfis":"7","descripcion":"28"}},{"type":"Feature","id":267892,"geometry":{"type":"Point","coordinates":[-0.38815262412815116,39.46096587934457]},"properties":{"objectid":267892,"codvia":38250,"numportal":110,"dupli_trip":null,"accesorio":"SI","angulo":59,"catfis":"3","descripcion":"110ac"}},{"type":"Feature","id":267893,"geometry":{"type":"Point","coordinates":[-0.28124812327379345,39.286250668015839]},"properties":{"objectid":267893,"codvia":81415,"numportal":26,"dupli_trip":null,"accesorio":"NO","angulo":24,"catfis":"7","descripcion":"26"}},{"type":"Feature","id":267894,"geometry":{"type":"Point","coordinates":[-0.32905968471276253,39.449524980159431]},"properties":{"objectid":267894,"codvia":77110,"numportal":3,"dupli_trip":null,"accesorio":"NO","angulo":38,"catfis":"7","descripcion":"3"}},{"type":"Feature","id":267895,"geometry":{"type":"Point","coordinates":[-0.37343479463909934,39.475311856342302]},"properties":{"objectid":267895,"codvia":55320,"numportal":11,"dupli_trip":null,"accesorio":"NO","angulo":336,"catfis":"3","descripcion":"11"}},{"type":"Feature","id":267896,"geometry":{"type":"Point","coordinates":[-0.37748053863401848,39.475946748169122]},"properties":{"objectid":267896,"codvia":13200,"numportal":6,"dupli_trip":null,"accesorio":"SI","angulo":72,"catfis":"4","descripcion":"6ac"}},{"type":"Feature","id":267897,"geometry":{"type":"Point","coordinates":[-0.34119514838442394,39.468261453014996]},"properties":{"objectid":267897,"codvia":60420,"numportal":106,"dupli_trip":null,"accesorio":"NO","angulo":343,"catfis":"6","descripcion":"106"}},{"type":"Feature","id":267898,"geometry":{"type":"Point","coordinates":[-0.33959829238446537,39.462915392328753]},"properties":{"objectid":267898,"codvia":29790,"numportal":18,"dupli_trip":null,"accesorio":"NO","angulo":341,"catfis":"7","descripcion":"18"}},{"type":"Feature","id":267900,"geometry":{"type":"Point","coordinates":[-0.40273733908743026,39.540163067258931]},"properties":{"objectid":267900,"codvia":39750,"numportal":12,"dupli_trip":null,"accesorio":"NO","angulo":72,"catfis":"7","descripcion":"12"}},{"type":"Feature","id":267901,"geometry":{"type":"Point","coordinates":[-0.34208549198381943,39.467541678930168]},"properties":{"objectid":267901,"codvia":37050,"numportal":51,"dupli_trip":null,"accesorio":"NO","angulo":72,"catfis":"6","descripcion":"51"}},{"type":"Feature","id":267902,"geometry":{"type":"Point","coordinates":[-0.40863040327387173,39.457470753597121]},"properties":{"objectid":267902,"codvia":23430,"numportal":15,"dupli_trip":"DUPL","accesorio":"NO","angulo":297,"catfis":"6","descripcion":"15dup"}},{"type":"Feature","id":267903,"geometry":{"type":"Point","coordinates":[-0.3792276417497169,39.476788963787151]},"properties":{"objectid":267903,"codvia":66690,"numportal":5,"dupli_trip":null,"accesorio":"NO","angulo":94,"catfis":"6","descripcion":"5"}},{"type":"Feature","id":268591,"geometry":{"type":"Point","coordinates":[-0.3880889647991535,39.469193041719691]},"properties":{"objectid":268591,"codvia":12330,"numportal":5,"dupli_trip":null,"accesorio":"NO","angulo":301,"catfis":"3","descripcion":"5"}},{"type":"Feature","id":268592,"geometry":{"type":"Point","coordinates":[-0.36384135729883826,39.428781363151963]},"properties":{"objectid":268592,"codvia":75840,"numportal":8,"dupli_trip":null,"accesorio":"NO","angulo":81,"catfis":"6","descripcion":"8"}},{"type":"Feature","id":268593,"geometry":{"type":"Point","coordinates":[-0.36019328161318831,39.481057204932441]},"properties":{"objectid":268593,"codvia":24240,"numportal":17,"dupli_trip":null,"accesorio":"SI","angulo":69,"catfis":"2","descripcion":"17ac"}},{"type":"Feature","id":268594,"geometry":{"type":"Point","coordinates":[-0.35491949889454566,39.467712090760251]},"properties":{"objectid":268594,"codvia":540,"numportal":20,"dupli_trip":null,"accesorio":"NO","angulo":72,"catfis":"7","descripcion":"20"}},{"type":"Feature","id":268595,"geometry":{"type":"Point","coordinates":[-0.37567519725638027,39.451613796033875]},"properties":{"objectid":268595,"codvia":11010,"numportal":24,"dupli_trip":null,"accesorio":"NO","angulo":29,"catfis":"4","descripcion":"24"}},{"type":"Feature","id":268598,"geometry":{"type":"Point","coordinates":[-0.34398800230071075,39.421473971432768]},"properties":{"objectid":268598,"codvia":73830,"numportal":177,"dupli_trip":"DUPL","accesorio":"NO","angulo":1,"catfis":"7","descripcion":"177"}},{"type":"Feature","id":268599,"geometry":{"type":"Point","coordinates":[-0.41519716126165679,39.500540538788947]},"properties":{"objectid":268599,"codvia":67410,"numportal":45,"dupli_trip":null,"accesorio":"NO","angulo":38,"catfis":"7","descripcion":"45"}},{"type":"Feature","id":268600,"geometry":{"type":"Point","coordinates":[-0.37555627113790663,39.482841079265434]},"properties":{"objectid":268600,"codvia":60450,"numportal":6,"dupli_trip":null,"accesorio":"NO","angulo":359,"catfis":"6","descripcion":"6"}},{"type":"Feature","id":268601,"geometry":{"type":"Point","coordinates":[-0.39140946556791661,39.493430525243774]},"properties":{"objectid":268601,"codvia":8700,"numportal":8,"dupli_trip":null,"accesorio":"NO","angulo":333,"catfis":"7","descripcion":"8"}},{"type":"Feature","id":268602,"geometry":{"type":"Point","coordinates":[-0.40235455293737038,39.453034765289082]},"properties":{"objectid":268602,"codvia":81732,"numportal":14,"dupli_trip":null,"accesorio":"SI","angulo":298,"catfis":"6","descripcion":"14ac"}},{"type":"Feature","id":268603,"geometry":{"type":"Point","coordinates":[-0.36853150554904035,39.489718291037214]},"properties":{"objectid":268603,"codvia":56940,"numportal":17,"dupli_trip":null,"accesorio":"NO","angulo":320,"catfis":"6","descripcion":"17"}},{"type":"Feature","id":268604,"geometry":{"type":"Point","coordinates":[-0.38556154667898612,39.46317104088314]},"properties":{"objectid":268604,"codvia":44520,"numportal":2,"dupli_trip":null,"accesorio":"SI","angulo":317,"catfis":"3","descripcion":"2ac"}},{"type":"Feature","id":268605,"geometry":{"type":"Point","coordinates":[-0.39128708783414945,39.46562507831063]},"properties":{"objectid":268605,"codvia":43920,"numportal":17,"dupli_trip":null,"accesorio":"SI","angulo":70,"catfis":"4","descripcion":"17ac"}},{"type":"Feature","id":268606,"geometry":{"type":"Point","coordinates":[-0.35423923818044434,39.469459720498101]},"properties":{"objectid":268606,"codvia":540,"numportal":43,"dupli_trip":null,"accesorio":"NO","angulo":72,"catfis":"6","descripcion":"43"}},{"type":"Feature","id":268607,"geometry":{"type":"Point","coordinates":[-0.3702708229524721,39.502216815402832]},"properties":{"objectid":268607,"codvia":64630,"numportal":16,"dupli_trip":null,"accesorio":"NO","angulo":340,"catfis":"7","descripcion":"16"}},{"type":"Feature","id":268608,"geometry":{"type":"Point","coordinates":[-0.36500013645633855,39.427644704006418]},"properties":{"objectid":268608,"codvia":81562,"numportal":3,"dupli_trip":null,"accesorio":"NO","angulo":355,"catfis":"E","descripcion":"3"}},{"type":"Feature","id":268609,"geometry":{"type":"Point","coordinates":[-0.32898100679122688,39.469301499903445]},"properties":{"objectid":268609,"codvia":9000,"numportal":134,"dupli_trip":null,"accesorio":"NO","angulo":353,"catfis":"6","descripcion":"134"}},{"type":"Feature","id":268610,"geometry":{"type":"Point","coordinates":[-0.34781135517792933,39.464305931007807]},"properties":{"objectid":268610,"codvia":25680,"numportal":150,"dupli_trip":null,"accesorio":"NO","angulo":340,"catfis":"3","descripcion":"150"}},{"type":"Feature","id":268611,"geometry":{"type":"Point","coordinates":[-0.35614879925230469,39.484506658214002]},"properties":{"objectid":268611,"codvia":51660,"numportal":6,"dupli_trip":null,"accesorio":"NO","angulo":355,"catfis":"6","descripcion":"6"}},{"type":"Feature","id":268612,"geometry":{"type":"Point","coordinates":[-0.39328578439870043,39.488997479145027]},"properties":{"objectid":268612,"codvia":48720,"numportal":16,"dupli_trip":null,"accesorio":"NO","angulo":300,"catfis":"6","descripcion":"16"}},{"type":"Feature","id":268613,"geometry":{"type":"Point","coordinates":[-0.40796471820734331,39.464043713857109]},"properties":{"objectid":268613,"codvia":81521,"numportal":5,"dupli_trip":null,"accesorio":"NO","angulo":276,"catfis":"7","descripcion":"5"}},{"type":"Feature","id":268614,"geometry":{"type":"Point","coordinates":[-0.37296065123641342,39.455491655560117]},"properties":{"objectid":268614,"codvia":61170,"numportal":32,"dupli_trip":null,"accesorio":"NO","angulo":4,"catfis":"7","descripcion":"32"}},{"type":"Feature","id":268615,"geometry":{"type":"Point","coordinates":[-0.37246015852280745,39.450276364615597]},"properties":{"objectid":268615,"codvia":81342,"numportal":22,"dupli_trip":null,"accesorio":"SI","angulo":301,"catfis":"6","descripcion":"22ac"}},{"type":"Feature","id":268819,"geometry":{"type":"Point","coordinates":[-0.33970421089113645,39.463262383831697]},"properties":{"objectid":268819,"codvia":2880,"numportal":13,"dupli_trip":null,"accesorio":"NO","angulo":342,"catfis":"7","descripcion":"13"}},{"type":"Feature","id":268820,"geometry":{"type":"Point","coordinates":[-0.38936320453067624,39.48061712402945]},"properties":{"objectid":268820,"codvia":61590,"numportal":5,"dupli_trip":null,"accesorio":"NO","angulo":301,"catfis":"2","descripcion":"5"}},{"type":"Feature","id":268821,"geometry":{"type":"Point","coordinates":[-0.40630493641554966,39.464192734161777]},"properties":{"objectid":268821,"codvia":73920,"numportal":24,"dupli_trip":null,"accesorio":"NO","angulo":278,"catfis":"6","descripcion":"24"}},{"type":"Feature","id":268822,"geometry":{"type":"Point","coordinates":[-0.36170334987019592,39.522956158897145]},"properties":{"objectid":268822,"codvia":77640,"numportal":22,"dupli_trip":null,"accesorio":"NO","angulo":341,"catfis":"7","descripcion":"22"}},{"type":"Feature","id":268823,"geometry":{"type":"Point","coordinates":[-0.37435587583783209,39.474841620369951]},"properties":{"objectid":268823,"codvia":12750,"numportal":9,"dupli_trip":null,"accesorio":"NO","angulo":7,"catfis":"4","descripcion":"9"}},{"type":"Feature","id":268824,"geometry":{"type":"Point","coordinates":[-0.37593249172797338,39.487194311405666]},"properties":{"objectid":268824,"codvia":61680,"numportal":11,"dupli_trip":null,"accesorio":"NO","angulo":68,"catfis":"6","descripcion":"11"}},{"type":"Feature","id":268825,"geometry":{"type":"Point","coordinates":[-0.32840638321827387,39.473359515579475]},"properties":{"objectid":268825,"codvia":9000,"numportal":307,"dupli_trip":null,"accesorio":"NO","angulo":85,"catfis":"7","descripcion":"307"}},{"type":"Feature","id":268826,"geometry":{"type":"Point","coordinates":[-0.33685921073434238,39.421465068889447]},"properties":{"objectid":268826,"codvia":58260,"numportal":62,"dupli_trip":null,"accesorio":"NO","angulo":12,"catfis":"7","descripcion":"62"}},{"type":"Feature","id":268827,"geometry":{"type":"Point","coordinates":[-0.37053034284889774,39.42806186197982]},"properties":{"objectid":268827,"codvia":16480,"numportal":23,"dupli_trip":null,"accesorio":"NO","angulo":78,"catfis":"7","descripcion":"23"}},{"type":"Feature","id":268828,"geometry":{"type":"Point","coordinates":[-0.36523640722492079,39.467332190304489]},"properties":{"objectid":268828,"codvia":66420,"numportal":8,"dupli_trip":null,"accesorio":"NO","angulo":78,"catfis":"1","descripcion":"8"}},{"type":"Feature","id":268829,"geometry":{"type":"Point","coordinates":[-0.39886557237322057,39.484310446223631]},"properties":{"objectid":268829,"codvia":9900,"numportal":10,"dupli_trip":null,"accesorio":"SI","angulo":29,"catfis":"3","descripcion":"10ac"}},{"type":"Feature","id":268830,"geometry":{"type":"Point","coordinates":[-0.38830202908546191,39.529475248512639]},"properties":{"objectid":268830,"codvia":70380,"numportal":44,"dupli_trip":null,"accesorio":"NO","angulo":4,"catfis":"7","descripcion":"44"}},{"type":"Feature","id":268831,"geometry":{"type":"Point","coordinates":[-0.38416581567347335,39.449000687617939]},"properties":{"objectid":268831,"codvia":64260,"numportal":6,"dupli_trip":null,"accesorio":"NO","angulo":69,"catfis":"6","descripcion":"6"}},{"type":"Feature","id":268832,"geometry":{"type":"Point","coordinates":[-0.38767643574387817,39.464490490842941]},"properties":{"objectid":268832,"codvia":57300,"numportal":26,"dupli_trip":null,"accesorio":"SI","angulo":315,"catfis":"4","descripcion":"26ac"}},{"type":"Feature","id":268833,"geometry":{"type":"Point","coordinates":[-0.34222947833981759,39.465137850913152]},"properties":{"objectid":268833,"codvia":45750,"numportal":55,"dupli_trip":null,"accesorio":"NO","angulo":341,"catfis":"6","descripcion":"55"}},{"type":"Feature","id":267904,"geometry":{"type":"Point","coordinates":[-0.37229786142785742,39.473051631801965]},"properties":{"objectid":267904,"codvia":56280,"numportal":32,"dupli_trip":null,"accesorio":"NO","angulo":347,"catfis":"1","descripcion":"32"}},{"type":"Feature","id":268834,"geometry":{"type":"Point","coordinates":[-0.31763871332498117,39.309801059544014]},"properties":{"objectid":268834,"codvia":63990,"numportal":1,"dupli_trip":"B","accesorio":"NO","angulo":85,"catfis":"7","descripcion":"1B"}},{"type":"Feature","id":268835,"geometry":{"type":"Point","coordinates":[-0.38468524593917924,39.453176385226932]},"properties":{"objectid":268835,"codvia":69330,"numportal":272,"dupli_trip":null,"accesorio":"NO","angulo":83,"catfis":"6","descripcion":"272"}},{"type":"Feature","id":268836,"geometry":{"type":"Point","coordinates":[-0.3567633196051132,39.455866516210079]},"properties":{"objectid":268836,"codvia":81472,"numportal":6,"dupli_trip":null,"accesorio":"NO","angulo":80,"catfis":"6","descripcion":"6"}},{"type":"Feature","id":268837,"geometry":{"type":"Point","coordinates":[-0.40185635077041121,39.453842795459714]},"properties":{"objectid":268837,"codvia":81193,"numportal":28,"dupli_trip":null,"accesorio":"NO","angulo":298,"catfis":"6","descripcion":"28"}},{"type":"Feature","id":268838,"geometry":{"type":"Point","coordinates":[-0.33588120096764507,39.459040429781233]},"properties":{"objectid":268838,"codvia":54870,"numportal":18,"dupli_trip":null,"accesorio":"NO","angulo":81,"catfis":"6","descripcion":"18"}},{"type":"Feature","id":268839,"geometry":{"type":"Point","coordinates":[-0.39772973487620039,39.47219048025832]},"properties":{"objectid":268839,"codvia":44670,"numportal":23,"dupli_trip":null,"accesorio":"NO","angulo":90,"catfis":"6","descripcion":"23"}},{"type":"Feature","id":268120,"geometry":{"type":"Point","coordinates":[-0.40428357266717591,39.537979837876634]},"properties":{"objectid":268120,"codvia":81665,"numportal":28,"dupli_trip":"K","accesorio":"NO","angulo":293,"catfis":"7","descripcion":"28K"}},{"type":"Feature","id":268121,"geometry":{"type":"Point","coordinates":[-0.3370020020446961,39.462124832338596]},"properties":{"objectid":268121,"codvia":38640,"numportal":10,"dupli_trip":null,"accesorio":"SI","angulo":351,"catfis":"6","descripcion":"10ac"}},{"type":"Feature","id":268122,"geometry":{"type":"Point","coordinates":[-0.38036530267257412,39.479898505609569]},"properties":{"objectid":268122,"codvia":36540,"numportal":4,"dupli_trip":null,"accesorio":"NO","angulo":349,"catfis":"6","descripcion":"4"}},{"type":"Feature","id":268124,"geometry":{"type":"Point","coordinates":[-0.37255256113271268,39.470280404171731]},"properties":{"objectid":268124,"codvia":25530,"numportal":26,"dupli_trip":null,"accesorio":"SI","angulo":0,"catfis":"E","descripcion":"26ac"}},{"type":"Feature","id":268125,"geometry":{"type":"Point","coordinates":[-0.39453409062838923,39.430552909698456]},"properties":{"objectid":268125,"codvia":66000,"numportal":30,"dupli_trip":null,"accesorio":"NO","angulo":348,"catfis":"7","descripcion":"30"}},{"type":"Feature","id":268126,"geometry":{"type":"Point","coordinates":[-0.33085343437895548,39.481796492306849]},"properties":{"objectid":268126,"codvia":81176,"numportal":65,"dupli_trip":null,"accesorio":"NO","angulo":80,"catfis":"7","descripcion":"65"}},{"type":"Feature","id":268127,"geometry":{"type":"Point","coordinates":[-0.37791744852512821,39.477083652293231]},"properties":{"objectid":268127,"codvia":45330,"numportal":6,"dupli_trip":null,"accesorio":"SI","angulo":104,"catfis":"6","descripcion":"6ac"}},{"type":"Feature","id":268128,"geometry":{"type":"Point","coordinates":[-0.36854887201307829,39.490862202499613]},"properties":{"objectid":268128,"codvia":35400,"numportal":12,"dupli_trip":null,"accesorio":"SI","angulo":48,"catfis":"6","descripcion":"12ac"}},{"type":"Feature","id":268129,"geometry":{"type":"Point","coordinates":[-0.33626801743634044,39.429901989745538]},"properties":{"objectid":268129,"codvia":13920,"numportal":226,"dupli_trip":"DUPL","accesorio":"NO","angulo":95,"catfis":"7","descripcion":"226dup"}},{"type":"Feature","id":268130,"geometry":{"type":"Point","coordinates":[-0.41863997971584294,39.502747095513136]},"properties":{"objectid":268130,"codvia":43830,"numportal":18,"dupli_trip":null,"accesorio":"NO","angulo":2,"catfis":"7","descripcion":"18"}},{"type":"Feature","id":268132,"geometry":{"type":"Point","coordinates":[-0.39038735682526365,39.462345990199857]},"properties":{"objectid":268132,"codvia":8880,"numportal":3,"dupli_trip":null,"accesorio":"NO","angulo":299,"catfis":"5","descripcion":"3"}},{"type":"Feature","id":268133,"geometry":{"type":"Point","coordinates":[-0.37809445087876103,39.516433679483782]},"properties":{"objectid":268133,"codvia":15090,"numportal":9,"dupli_trip":null,"accesorio":"NO","angulo":71,"catfis":"7","descripcion":"9"}},{"type":"Feature","id":268134,"geometry":{"type":"Point","coordinates":[-0.365496853952684,39.445531359870444]},"properties":{"objectid":268134,"codvia":51600,"numportal":16,"dupli_trip":null,"accesorio":"NO","angulo":84,"catfis":"7","descripcion":"16"}},{"type":"Feature","id":268136,"geometry":{"type":"Point","coordinates":[-0.36297586769170087,39.4300385625939]},"properties":{"objectid":268136,"codvia":13650,"numportal":10,"dupli_trip":null,"accesorio":"NO","angulo":350,"catfis":"7","descripcion":"10"}},{"type":"Feature","id":267905,"geometry":{"type":"Point","coordinates":[-0.39545524711117569,39.465213279711371]},"properties":{"objectid":267905,"codvia":51420,"numportal":1,"dupli_trip":null,"accesorio":"SI","angulo":349,"catfis":"7","descripcion":"1ac"}},{"type":"Feature","id":267906,"geometry":{"type":"Point","coordinates":[-0.3403909974448876,39.421839766441408]},"properties":{"objectid":267906,"codvia":46770,"numportal":295,"dupli_trip":null,"accesorio":"NO","angulo":284,"catfis":"7","descripcion":"295"}},{"type":"Feature","id":267907,"geometry":{"type":"Point","coordinates":[-0.3907343303940129,39.461067770623579]},"properties":{"objectid":267907,"codvia":43260,"numportal":30,"dupli_trip":null,"accesorio":"SI","angulo":31,"catfis":"4","descripcion":"30ac"}},{"type":"Feature","id":267908,"geometry":{"type":"Point","coordinates":[-0.40217603799710977,39.45197640600113]},"properties":{"objectid":267908,"codvia":81172,"numportal":48,"dupli_trip":null,"accesorio":"NO","angulo":297,"catfis":"6","descripcion":"48"}},{"type":"Feature","id":267911,"geometry":{"type":"Point","coordinates":[-0.3666715814639771,39.458303711801726]},"properties":{"objectid":267911,"codvia":63720,"numportal":38,"dupli_trip":null,"accesorio":"NO","angulo":48,"catfis":"7","descripcion":"38"}},{"type":"Feature","id":267913,"geometry":{"type":"Point","coordinates":[-0.39816043481487801,39.496078741493776]},"properties":{"objectid":267913,"codvia":30510,"numportal":144,"dupli_trip":null,"accesorio":"NO","angulo":312,"catfis":"7","descripcion":"144"}},{"type":"Feature","id":267914,"geometry":{"type":"Point","coordinates":[-0.35104695179838213,39.472921756219954]},"properties":{"objectid":267914,"codvia":77940,"numportal":17,"dupli_trip":null,"accesorio":"SI","angulo":72,"catfis":"4","descripcion":"17ac"}},{"type":"Feature","id":267915,"geometry":{"type":"Point","coordinates":[-0.40900075100839833,39.471768396886716]},"properties":{"objectid":267915,"codvia":6330,"numportal":37,"dupli_trip":null,"accesorio":"NO","angulo":344,"catfis":"7","descripcion":"37"}},{"type":"Feature","id":267916,"geometry":{"type":"Point","coordinates":[-0.35279617431374249,39.473268743333755]},"properties":{"objectid":267916,"codvia":1590,"numportal":19,"dupli_trip":null,"accesorio":"NO","angulo":71,"catfis":"6","descripcion":"19"}},{"type":"Feature","id":267917,"geometry":{"type":"Point","coordinates":[-0.34579487462565689,39.469860585163026]},"properties":{"objectid":267917,"codvia":60420,"numportal":55,"dupli_trip":null,"accesorio":"NO","angulo":342,"catfis":"6","descripcion":"55"}},{"type":"Feature","id":267918,"geometry":{"type":"Point","coordinates":[-0.38217343163583062,39.495577528717]},"properties":{"objectid":267918,"codvia":64620,"numportal":11,"dupli_trip":null,"accesorio":"NO","angulo":18,"catfis":"7","descripcion":"11"}},{"type":"Feature","id":267919,"geometry":{"type":"Point","coordinates":[-0.33834706728537695,39.443170060253607]},"properties":{"objectid":267919,"codvia":81708,"numportal":9,"dupli_trip":null,"accesorio":"NO","angulo":82,"catfis":"7","descripcion":"9"}},{"type":"Feature","id":267920,"geometry":{"type":"Point","coordinates":[-0.35657441006915941,39.477029010430392]},"properties":{"objectid":267920,"codvia":900,"numportal":31,"dupli_trip":null,"accesorio":"SI","angulo":341,"catfis":"2","descripcion":"31ac"}},{"type":"Feature","id":267921,"geometry":{"type":"Point","coordinates":[-0.38075125151251921,39.493832766006314]},"properties":{"objectid":267921,"codvia":56490,"numportal":100,"dupli_trip":null,"accesorio":"NO","angulo":18,"catfis":"7","descripcion":"100"}},{"type":"Feature","id":267923,"geometry":{"type":"Point","coordinates":[-0.37696173025347013,39.516644094096215]},"properties":{"objectid":267923,"codvia":32490,"numportal":10,"dupli_trip":null,"accesorio":"NO","angulo":352,"catfis":"7","descripcion":"10"}},{"type":"Feature","id":267924,"geometry":{"type":"Point","coordinates":[-0.38744620684784298,39.490148316922962]},"properties":{"objectid":267924,"codvia":18120,"numportal":6,"dupli_trip":null,"accesorio":"SI","angulo":78,"catfis":"7","descripcion":"6ac"}},{"type":"Feature","id":267925,"geometry":{"type":"Point","coordinates":[-0.37385220499177729,39.473542955230819]},"properties":{"objectid":267925,"codvia":66030,"numportal":6,"dupli_trip":null,"accesorio":"SI","angulo":82,"catfis":"4","descripcion":"6ac"}},{"type":"Feature","id":267926,"geometry":{"type":"Point","coordinates":[-0.36744357120138182,39.4602499307748]},"properties":{"objectid":267926,"codvia":57630,"numportal":136,"dupli_trip":null,"accesorio":"NO","angulo":31,"catfis":"3","descripcion":"136"}},{"type":"Feature","id":267927,"geometry":{"type":"Point","coordinates":[-0.34454653725593926,39.462132083043045]},"properties":{"objectid":267927,"codvia":73560,"numportal":17,"dupli_trip":null,"accesorio":"NO","angulo":72,"catfis":"7","descripcion":"17"}},{"type":"Feature","id":268616,"geometry":{"type":"Point","coordinates":[-0.35584106428093698,39.463172019341549]},"properties":{"objectid":268616,"codvia":8250,"numportal":4,"dupli_trip":null,"accesorio":"NO","angulo":340,"catfis":"3","descripcion":"4"}},{"type":"Feature","id":268617,"geometry":{"type":"Point","coordinates":[-0.37077350436428314,39.465603999498583]},"properties":{"objectid":268617,"codvia":46470,"numportal":3,"dupli_trip":null,"accesorio":"NO","angulo":301,"catfis":"1","descripcion":"3"}},{"type":"Feature","id":268618,"geometry":{"type":"Point","coordinates":[-0.35676972972621834,39.443494027920337]},"properties":{"objectid":268618,"codvia":31740,"numportal":147,"dupli_trip":null,"accesorio":"NO","angulo":113,"catfis":"7","descripcion":"147"}},{"type":"Feature","id":268619,"geometry":{"type":"Point","coordinates":[-0.40339592494024895,39.453166294635025]},"properties":{"objectid":268619,"codvia":81010,"numportal":30,"dupli_trip":null,"accesorio":"NO","angulo":28,"catfis":"6","descripcion":"30"}},{"type":"Feature","id":268620,"geometry":{"type":"Point","coordinates":[-0.38340064884465275,39.503104784578234]},"properties":{"objectid":268620,"codvia":49500,"numportal":193,"dupli_trip":null,"accesorio":"NO","angulo":282,"catfis":"7","descripcion":"193"}},{"type":"Feature","id":268622,"geometry":{"type":"Point","coordinates":[-0.39025728265400406,39.489121414135269]},"properties":{"objectid":268622,"codvia":12540,"numportal":105,"dupli_trip":null,"accesorio":"NO","angulo":311,"catfis":"6","descripcion":"105"}},{"type":"Feature","id":268623,"geometry":{"type":"Point","coordinates":[-0.40003550835491219,39.483225734191642]},"properties":{"objectid":268623,"codvia":50760,"numportal":28,"dupli_trip":null,"accesorio":"NO","angulo":4,"catfis":"6","descripcion":"28"}},{"type":"Feature","id":268624,"geometry":{"type":"Point","coordinates":[-0.33637670724806334,39.465697218644799]},"properties":{"objectid":268624,"codvia":70620,"numportal":162,"dupli_trip":null,"accesorio":"SI","angulo":341,"catfis":"6","descripcion":"162ac"}},{"type":"Feature","id":268625,"geometry":{"type":"Point","coordinates":[-0.39436813580915964,39.494277045067065]},"properties":{"objectid":268625,"codvia":38940,"numportal":131,"dupli_trip":null,"accesorio":"NO","angulo":335,"catfis":"7","descripcion":"131"}},{"type":"Feature","id":268626,"geometry":{"type":"Point","coordinates":[-0.35614056942173056,39.453190452484783]},"properties":{"objectid":268626,"codvia":81538,"numportal":1,"dupli_trip":null,"accesorio":"SI","angulo":30,"catfis":"6","descripcion":"1ac"}},{"type":"Feature","id":268627,"geometry":{"type":"Point","coordinates":[-0.39010892958201049,39.491762288505917]},"properties":{"objectid":268627,"codvia":81190,"numportal":6,"dupli_trip":null,"accesorio":"SI","angulo":338,"catfis":"6","descripcion":"6ac"}},{"type":"Feature","id":268628,"geometry":{"type":"Point","coordinates":[-0.38616391303877839,39.453128452461065]},"properties":{"objectid":268628,"codvia":64650,"numportal":9,"dupli_trip":null,"accesorio":"NO","angulo":49,"catfis":"7","descripcion":"9"}},{"type":"Feature","id":268629,"geometry":{"type":"Point","coordinates":[-0.39875505289548135,39.463685441554944]},"properties":{"objectid":268629,"codvia":73950,"numportal":93,"dupli_trip":null,"accesorio":"NO","angulo":5,"catfis":"6","descripcion":"93"}},{"type":"Feature","id":268630,"geometry":{"type":"Point","coordinates":[-0.34755318281777492,39.475207815409291]},"properties":{"objectid":268630,"codvia":62850,"numportal":5,"dupli_trip":null,"accesorio":"NO","angulo":72,"catfis":"4","descripcion":"5"}},{"type":"Feature","id":268631,"geometry":{"type":"Point","coordinates":[-0.37760864509164949,39.469272103301257]},"properties":{"objectid":268631,"codvia":20640,"numportal":1,"dupli_trip":null,"accesorio":"SI","angulo":87,"catfis":"E","descripcion":"1ac"}},{"type":"Feature","id":268632,"geometry":{"type":"Point","coordinates":[-0.3649508050112944,39.445067072614101]},"properties":{"objectid":268632,"codvia":40350,"numportal":8,"dupli_trip":null,"accesorio":"SI","angulo":350,"catfis":"7","descripcion":"8ac"}},{"type":"Feature","id":268633,"geometry":{"type":"Point","coordinates":[-0.36321643966854456,39.4307764646097]},"properties":{"objectid":268633,"codvia":61440,"numportal":59,"dupli_trip":null,"accesorio":"NO","angulo":79,"catfis":"7","descripcion":"59"}},{"type":"Feature","id":268634,"geometry":{"type":"Point","coordinates":[-0.33391907326287623,39.544447902318602]},"properties":{"objectid":268634,"codvia":67350,"numportal":9,"dupli_trip":null,"accesorio":"NO","angulo":52,"catfis":"7","descripcion":"9"}},{"type":"Feature","id":268635,"geometry":{"type":"Point","coordinates":[-0.41749139591756307,39.497835883140489]},"properties":{"objectid":268635,"codvia":56850,"numportal":10,"dupli_trip":null,"accesorio":"NO","angulo":91,"catfis":"7","descripcion":"10"}},{"type":"Feature","id":268636,"geometry":{"type":"Point","coordinates":[-0.37328278186188452,39.467065718203635]},"properties":{"objectid":268636,"codvia":29880,"numportal":10,"dupli_trip":null,"accesorio":"NO","angulo":301,"catfis":"E","descripcion":"10"}},{"type":"Feature","id":273888,"geometry":{"type":"Point","coordinates":[-0.34623608193624816,39.463780226672675]},"properties":{"objectid":273888,"codvia":58830,"numportal":1,"dupli_trip":null,"accesorio":"SI","angulo":72,"catfis":"6","descripcion":"1ac"}},{"type":"Feature","id":273889,"geometry":{"type":"Point","coordinates":[-0.35941294670792012,39.48557561874923]},"properties":{"objectid":273889,"codvia":60210,"numportal":8,"dupli_trip":null,"accesorio":"NO","angulo":82,"catfis":"6","descripcion":"8"}},{"type":"Feature","id":273890,"geometry":{"type":"Point","coordinates":[-0.37983183202711601,39.492869106274981]},"properties":{"objectid":273890,"codvia":49500,"numportal":79,"dupli_trip":null,"accesorio":"NO","angulo":302,"catfis":"6","descripcion":"79"}},{"type":"Feature","id":273891,"geometry":{"type":"Point","coordinates":[-0.41669258250984759,39.500751153388094]},"properties":{"objectid":273891,"codvia":81654,"numportal":11,"dupli_trip":null,"accesorio":"NO","angulo":356,"catfis":"7","descripcion":"11"}},{"type":"Feature","id":273892,"geometry":{"type":"Point","coordinates":[-0.39009512707740363,39.459907792266073]},"properties":{"objectid":273892,"codvia":81559,"numportal":8,"dupli_trip":null,"accesorio":"NO","angulo":63,"catfis":"4","descripcion":"8"}},{"type":"Feature","id":273893,"geometry":{"type":"Point","coordinates":[-0.39538719502378455,39.487629490553694]},"properties":{"objectid":273893,"codvia":81434,"numportal":11,"dupli_trip":null,"accesorio":"NO","angulo":29,"catfis":"6","descripcion":"11"}},{"type":"Feature","id":273894,"geometry":{"type":"Point","coordinates":[-0.33831484893766922,39.459609610355741]},"properties":{"objectid":273894,"codvia":41820,"numportal":28,"dupli_trip":null,"accesorio":"SI","angulo":87,"catfis":"7","descripcion":"28ac"}},{"type":"Feature","id":273895,"geometry":{"type":"Point","coordinates":[-0.36976076375738776,39.457491559990537]},"properties":{"objectid":273895,"codvia":31470,"numportal":31,"dupli_trip":null,"accesorio":"NO","angulo":354,"catfis":"6","descripcion":"31"}},{"type":"Feature","id":273896,"geometry":{"type":"Point","coordinates":[-0.39262526918725876,39.461933571262911]},"properties":{"objectid":273896,"codvia":66480,"numportal":1,"dupli_trip":null,"accesorio":"NO","angulo":328,"catfis":"6","descripcion":"1"}},{"type":"Feature","id":273897,"geometry":{"type":"Point","coordinates":[-0.36781414605007556,39.495206709336315]},"properties":{"objectid":273897,"codvia":6870,"numportal":71,"dupli_trip":null,"accesorio":"NO","angulo":49,"catfis":"7","descripcion":"71"}},{"type":"Feature","id":273898,"geometry":{"type":"Point","coordinates":[-0.33503524002335383,39.443603366267659]},"properties":{"objectid":273898,"codvia":81791,"numportal":11,"dupli_trip":null,"accesorio":"NO","angulo":353,"catfis":"E","descripcion":"11"}},{"type":"Feature","id":273899,"geometry":{"type":"Point","coordinates":[-0.39151512812819267,39.476252349440635]},"properties":{"objectid":273899,"codvia":52830,"numportal":25,"dupli_trip":null,"accesorio":"NO","angulo":302,"catfis":"3","descripcion":"25"}},{"type":"Feature","id":274570,"geometry":{"type":"Point","coordinates":[-0.36278263767536206,39.484167204680851]},"properties":{"objectid":274570,"codvia":26820,"numportal":1,"dupli_trip":null,"accesorio":"SI","angulo":72,"catfis":"3","descripcion":"1ac"}},{"type":"Feature","id":274571,"geometry":{"type":"Point","coordinates":[-0.3791281498045263,39.467571232327877]},"properties":{"objectid":274571,"codvia":20550,"numportal":6,"dupli_trip":null,"accesorio":"NO","angulo":74,"catfis":"3","descripcion":"6"}},{"type":"Feature","id":274572,"geometry":{"type":"Point","coordinates":[-0.34189345576851676,39.465072320425328]},"properties":{"objectid":274572,"codvia":44250,"numportal":27,"dupli_trip":null,"accesorio":null,"angulo":72,"catfis":"6","descripcion":"27"}},{"type":"Feature","id":274573,"geometry":{"type":"Point","coordinates":[-0.39359799120954186,39.492372664217754]},"properties":{"objectid":274573,"codvia":12540,"numportal":175,"dupli_trip":null,"accesorio":"NO","angulo":54,"catfis":"4","descripcion":"175"}},{"type":"Feature","id":274574,"geometry":{"type":"Point","coordinates":[-0.34968934739669305,39.464860742856018]},"properties":{"objectid":274574,"codvia":25680,"numportal":132,"dupli_trip":null,"accesorio":"NO","angulo":341,"catfis":"3","descripcion":"132"}},{"type":"Feature","id":274575,"geometry":{"type":"Point","coordinates":[-0.35041344332761587,39.468246694421282]},"properties":{"objectid":274575,"codvia":24420,"numportal":27,"dupli_trip":null,"accesorio":"NO","angulo":72,"catfis":"3","descripcion":"27"}},{"type":"Feature","id":274576,"geometry":{"type":"Point","coordinates":[-0.41715637940494743,39.486050305462427]},"properties":{"objectid":274576,"codvia":7350,"numportal":11,"dupli_trip":null,"accesorio":"NO","angulo":330,"catfis":"7","descripcion":"11"}},{"type":"Feature","id":274577,"geometry":{"type":"Point","coordinates":[-0.34704833369384414,39.472340948933031]},"properties":{"objectid":274577,"codvia":29280,"numportal":13,"dupli_trip":null,"accesorio":"NO","angulo":342,"catfis":"6","descripcion":"13"}},{"type":"Feature","id":266890,"geometry":{"type":"Point","coordinates":[-0.33143487274117001,39.468638951095322]},"properties":{"objectid":266890,"codvia":5610,"numportal":6,"dupli_trip":null,"accesorio":"NO","angulo":85,"catfis":"7","descripcion":"6"}},{"type":"Feature","id":232474,"geometry":{"type":"Point","coordinates":[-0.33147507856143116,39.468477446835458]},"properties":{"objectid":232474,"codvia":5610,"numportal":2,"dupli_trip":null,"accesorio":"NO","angulo":85,"catfis":"7","descripcion":"2"}},{"type":"Feature","id":258408,"geometry":{"type":"Point","coordinates":[-0.33141040804492833,39.468759007266762]},"properties":{"objectid":258408,"codvia":5610,"numportal":8,"dupli_trip":null,"accesorio":"SI","angulo":85,"catfis":"7","descripcion":"8ac"}},{"type":"Feature","id":231814,"geometry":{"type":"Point","coordinates":[-0.33078920537629014,39.468473536161326]},"properties":{"objectid":231814,"codvia":28140,"numportal":176,"dupli_trip":null,"accesorio":"NO","angulo":83,"catfis":"6","descripcion":"176"}},{"type":"Feature","id":232591,"geometry":{"type":"Point","coordinates":[-0.33075540710866236,39.468662334265623]},"properties":{"objectid":232591,"codvia":28140,"numportal":182,"dupli_trip":null,"accesorio":"NO","angulo":83,"catfis":"6","descripcion":"182"}},{"type":"Feature","id":240503,"geometry":{"type":"Point","coordinates":[-0.3320122048702322,39.468408664973325]},"properties":{"objectid":240503,"codvia":68940,"numportal":10,"dupli_trip":null,"accesorio":"NO","angulo":80,"catfis":"7","descripcion":"10"}},{"type":"Feature","id":274578,"geometry":{"type":"Point","coordinates":[-0.33156887507081323,39.46716224398164]},"properties":{"objectid":274578,"codvia":40560,"numportal":15,"dupli_trip":null,"accesorio":"NO","angulo":358,"catfis":"6","descripcion":"15"}},{"type":"Feature","id":274579,"geometry":{"type":"Point","coordinates":[-0.346957206798086,39.469614044388578]},"properties":{"objectid":274579,"codvia":41340,"numportal":59,"dupli_trip":null,"accesorio":"NO","angulo":72,"catfis":"6","descripcion":"59"}},{"type":"Feature","id":274580,"geometry":{"type":"Point","coordinates":[-0.32967316504692118,39.479332507458906]},"properties":{"objectid":274580,"codvia":9420,"numportal":34,"dupli_trip":null,"accesorio":"NO","angulo":85,"catfis":"7","descripcion":"34"}},{"type":"Feature","id":274581,"geometry":{"type":"Point","coordinates":[-0.37825701454057303,39.466327691934147]},"properties":{"objectid":274581,"codvia":8040,"numportal":22,"dupli_trip":null,"accesorio":"NO","angulo":73,"catfis":"1","descripcion":"22"}},{"type":"Feature","id":274583,"geometry":{"type":"Point","coordinates":[-0.36361640643613813,39.484615635344319]},"properties":{"objectid":274583,"codvia":61410,"numportal":115,"dupli_trip":null,"accesorio":"NO","angulo":319,"catfis":"4","descripcion":"115"}},{"type":"Feature","id":274584,"geometry":{"type":"Point","coordinates":[-0.3770343117780186,39.477676454538603]},"properties":{"objectid":274584,"codvia":21270,"numportal":4,"dupli_trip":null,"accesorio":"SI","angulo":345,"catfis":"6","descripcion":"4ac"}},{"type":"Feature","id":274585,"geometry":{"type":"Point","coordinates":[-0.37683161013606481,39.431730551836445]},"properties":{"objectid":274585,"codvia":70740,"numportal":3,"dupli_trip":null,"accesorio":"NO","angulo":349,"catfis":"7","descripcion":"3"}},{"type":"Feature","id":274586,"geometry":{"type":"Point","coordinates":[-0.37713013230733283,39.470644614431095]},"properties":{"objectid":274586,"codvia":69480,"numportal":6,"dupli_trip":null,"accesorio":"NO","angulo":59,"catfis":"1","descripcion":"6"}},{"type":"Feature","id":274587,"geometry":{"type":"Point","coordinates":[-0.40783520700383918,39.465975105855065]},"properties":{"objectid":274587,"codvia":32580,"numportal":15,"dupli_trip":null,"accesorio":"SI","angulo":276,"catfis":"7","descripcion":"15ac"}},{"type":"Feature","id":274588,"geometry":{"type":"Point","coordinates":[-0.39824330884996584,39.474142723332918]},"properties":{"objectid":274588,"codvia":56190,"numportal":1,"dupli_trip":null,"accesorio":"SI","angulo":288,"catfis":"6","descripcion":"1ac"}},{"type":"Feature","id":274589,"geometry":{"type":"Point","coordinates":[-0.36598649230217029,39.46631801196169]},"properties":{"objectid":274589,"codvia":18570,"numportal":20,"dupli_trip":null,"accesorio":"NO","angulo":301,"catfis":"2","descripcion":"20"}},{"type":"Feature","id":274590,"geometry":{"type":"Point","coordinates":[-0.36738319368899197,39.45736623396887]},"properties":{"objectid":274590,"codvia":25770,"numportal":12,"dupli_trip":null,"accesorio":"NO","angulo":38,"catfis":"7","descripcion":"12"}},{"type":"Feature","id":274591,"geometry":{"type":"Point","coordinates":[-0.31528541207591393,39.354326284048796]},"properties":{"objectid":274591,"codvia":81301,"numportal":70,"dupli_trip":"B","accesorio":"NO","angulo":0,"catfis":"7","descripcion":"70B"}},{"type":"Feature","id":274592,"geometry":{"type":"Point","coordinates":[-0.39125749743269417,39.492250349215887]},"properties":{"objectid":274592,"codvia":53010,"numportal":2,"dupli_trip":null,"accesorio":"NO","angulo":340,"catfis":"6","descripcion":"2"}},{"type":"Feature","id":274593,"geometry":{"type":"Point","coordinates":[-0.41577837960654385,39.502529027938529]},"properties":{"objectid":274593,"codvia":9660,"numportal":1,"dupli_trip":null,"accesorio":"NO","angulo":319,"catfis":"7","descripcion":"1"}},{"type":"Feature","id":274789,"geometry":{"type":"Point","coordinates":[-0.37468545528967956,39.429598436157207]},"properties":{"objectid":274789,"codvia":3480,"numportal":17,"dupli_trip":null,"accesorio":"NO","angulo":74,"catfis":"7","descripcion":"17"}},{"type":"Feature","id":274791,"geometry":{"type":"Point","coordinates":[-0.38016789418040936,39.478347488885554]},"properties":{"objectid":274791,"codvia":64770,"numportal":2,"dupli_trip":null,"accesorio":"NO","angulo":350,"catfis":"6","descripcion":"2"}},{"type":"Feature","id":274792,"geometry":{"type":"Point","coordinates":[-0.39782354852553242,39.468704300175482]},"properties":{"objectid":274792,"codvia":18390,"numportal":62,"dupli_trip":null,"accesorio":"NO","angulo":348,"catfis":"3","descripcion":"62"}},{"type":"Feature","id":274793,"geometry":{"type":"Point","coordinates":[-0.3730996545242698,39.495918202208891]},"properties":{"objectid":274793,"codvia":53250,"numportal":4,"dupli_trip":null,"accesorio":"NO","angulo":288,"catfis":"7","descripcion":"4"}},{"type":"Feature","id":274794,"geometry":{"type":"Point","coordinates":[-0.33225162306563583,39.455326400000672]},"properties":{"objectid":274794,"codvia":26310,"numportal":24,"dupli_trip":null,"accesorio":"SI","angulo":59,"catfis":"7","descripcion":"24ac"}},{"type":"Feature","id":274795,"geometry":{"type":"Point","coordinates":[-0.33642813001854632,39.472708279991693]},"properties":{"objectid":274795,"codvia":39010,"numportal":50,"dupli_trip":null,"accesorio":"NO","angulo":72,"catfis":"6","descripcion":"50"}},{"type":"Feature","id":274796,"geometry":{"type":"Point","coordinates":[-0.39063107921723483,39.450382766958015]},"properties":{"objectid":274796,"codvia":80920,"numportal":10,"dupli_trip":null,"accesorio":"SI","angulo":82,"catfis":"6","descripcion":"10ac"}},{"type":"Feature","id":270369,"geometry":{"type":"Point","coordinates":[-0.33579208525863474,39.416652699411948]},"properties":{"objectid":270369,"codvia":50070,"numportal":91,"dupli_trip":null,"accesorio":"NO","angulo":283,"catfis":"7","descripcion":"91"}},{"type":"Feature","id":270370,"geometry":{"type":"Point","coordinates":[-0.38477660208548314,39.465587733294825]},"properties":{"objectid":270370,"codvia":46380,"numportal":6,"dupli_trip":null,"accesorio":"NO","angulo":29,"catfis":"3","descripcion":"6"}},{"type":"Feature","id":270371,"geometry":{"type":"Point","coordinates":[-0.39188485799952044,39.453845285641968]},"properties":{"objectid":270371,"codvia":32790,"numportal":77,"dupli_trip":null,"accesorio":"NO","angulo":65,"catfis":"4","descripcion":"77"}},{"type":"Feature","id":270372,"geometry":{"type":"Point","coordinates":[-0.37385780044691502,39.473083110880403]},"properties":{"objectid":270372,"codvia":66030,"numportal":9,"dupli_trip":null,"accesorio":"NO","angulo":82,"catfis":"4","descripcion":"9"}},{"type":"Feature","id":270373,"geometry":{"type":"Point","coordinates":[-0.39616264782797206,39.49369309863436]},"properties":{"objectid":270373,"codvia":40590,"numportal":10,"dupli_trip":"DUPL","accesorio":"NO","angulo":53,"catfis":"7","descripcion":"10dup"}},{"type":"Feature","id":269660,"geometry":{"type":"Point","coordinates":[-0.38622658604805415,39.458032727930537]},"properties":{"objectid":269660,"codvia":28290,"numportal":27,"dupli_trip":null,"accesorio":"NO","angulo":351,"catfis":"6","descripcion":"27"}},{"type":"Feature","id":269661,"geometry":{"type":"Point","coordinates":[-0.39285736846708058,39.489920205858304]},"properties":{"objectid":269661,"codvia":12360,"numportal":16,"dupli_trip":null,"accesorio":"NO","angulo":62,"catfis":"7","descripcion":"16"}},{"type":"Feature","id":269662,"geometry":{"type":"Point","coordinates":[-0.38597417938408418,39.462047896106348]},"properties":{"objectid":269662,"codvia":44220,"numportal":8,"dupli_trip":null,"accesorio":"NO","angulo":325,"catfis":"2","descripcion":"8"}},{"type":"Feature","id":269663,"geometry":{"type":"Point","coordinates":[-0.38504460297341581,39.482448372584628]},"properties":{"objectid":269663,"codvia":10860,"numportal":1,"dupli_trip":null,"accesorio":"SI","angulo":31,"catfis":"6","descripcion":"1ac"}},{"type":"Feature","id":269664,"geometry":{"type":"Point","coordinates":[-0.39148165982077998,39.462146939880896]},"properties":{"objectid":269664,"codvia":20580,"numportal":1,"dupli_trip":null,"accesorio":"NO","angulo":273,"catfis":"6","descripcion":"1"}},{"type":"Feature","id":269666,"geometry":{"type":"Point","coordinates":[-0.38230276215450576,39.497426232017645]},"properties":{"objectid":269666,"codvia":34020,"numportal":6,"dupli_trip":"DUPL","accesorio":"SI","angulo":283,"catfis":"7","descripcion":"6dupac"}},{"type":"Feature","id":269667,"geometry":{"type":"Point","coordinates":[-0.38079680170069496,39.44940358082107]},"properties":{"objectid":269667,"codvia":81287,"numportal":23,"dupli_trip":null,"accesorio":"SI","angulo":83,"catfis":"7","descripcion":"23ac"}},{"type":"Feature","id":269668,"geometry":{"type":"Point","coordinates":[-0.36740812347069451,39.492993869920319]},"properties":{"objectid":269668,"codvia":69360,"numportal":42,"dupli_trip":null,"accesorio":"NO","angulo":45,"catfis":"6","descripcion":"42"}},{"type":"Feature","id":269669,"geometry":{"type":"Point","coordinates":[-0.35841069770243866,39.455712957778445]},"properties":{"objectid":269669,"codvia":81440,"numportal":22,"dupli_trip":null,"accesorio":"SI","angulo":29,"catfis":"7","descripcion":"22ac"}},{"type":"Feature","id":269670,"geometry":{"type":"Point","coordinates":[-0.32903151172585116,39.471187935839737]},"properties":{"objectid":269670,"codvia":54660,"numportal":246,"dupli_trip":null,"accesorio":"NO","angulo":354,"catfis":"7","descripcion":"246"}},{"type":"Feature","id":269671,"geometry":{"type":"Point","coordinates":[-0.36481453110430012,39.445250789793228]},"properties":{"objectid":269671,"codvia":81328,"numportal":2,"dupli_trip":null,"accesorio":"SI","angulo":83,"catfis":"7","descripcion":"2ac"}},{"type":"Feature","id":269672,"geometry":{"type":"Point","coordinates":[-0.32859920710648072,39.480264962997182]},"properties":{"objectid":269672,"codvia":35130,"numportal":17,"dupli_trip":null,"accesorio":"NO","angulo":92,"catfis":"7","descripcion":"17"}},{"type":"Feature","id":269673,"geometry":{"type":"Point","coordinates":[-0.34796227688236148,39.469420216832852]},"properties":{"objectid":269673,"codvia":70620,"numportal":66,"dupli_trip":null,"accesorio":"NO","angulo":342,"catfis":"5","descripcion":"66"}},{"type":"Feature","id":269674,"geometry":{"type":"Point","coordinates":[-0.28335358692737433,39.290398889415975]},"properties":{"objectid":269674,"codvia":81218,"numportal":41,"dupli_trip":null,"accesorio":"NO","angulo":297,"catfis":"5","descripcion":"41"}},{"type":"Feature","id":269676,"geometry":{"type":"Point","coordinates":[-0.37111315223079072,39.491574256548489]},"properties":{"objectid":269676,"codvia":80600,"numportal":11,"dupli_trip":null,"accesorio":"NO","angulo":43,"catfis":"6","descripcion":"11"}},{"type":"Feature","id":269678,"geometry":{"type":"Point","coordinates":[-0.39024974486957442,39.445106265468915]},"properties":{"objectid":269678,"codvia":81211,"numportal":6,"dupli_trip":null,"accesorio":"SI","angulo":75,"catfis":"7","descripcion":"6ac"}},{"type":"Feature","id":269679,"geometry":{"type":"Point","coordinates":[-0.3914908133146453,39.492909967800955]},"properties":{"objectid":269679,"codvia":10170,"numportal":8,"dupli_trip":null,"accesorio":"NO","angulo":340,"catfis":"7","descripcion":"8"}},{"type":"Feature","id":269680,"geometry":{"type":"Point","coordinates":[-0.36384313331407858,39.484925176276811]},"properties":{"objectid":269680,"codvia":17790,"numportal":9,"dupli_trip":null,"accesorio":"NO","angulo":71,"catfis":"4","descripcion":"9"}},{"type":"Feature","id":269681,"geometry":{"type":"Point","coordinates":[-0.39655433489468411,39.465085630118381]},"properties":{"objectid":269681,"codvia":80310,"numportal":8,"dupli_trip":null,"accesorio":"NO","angulo":349,"catfis":"7","descripcion":"8"}},{"type":"Feature","id":269682,"geometry":{"type":"Point","coordinates":[-0.38495625222714436,39.461746749591498]},"properties":{"objectid":269682,"codvia":44220,"numportal":17,"dupli_trip":null,"accesorio":"NO","angulo":325,"catfis":"2","descripcion":"17"}},{"type":"Feature","id":269388,"geometry":{"type":"Point","coordinates":[-0.39247704302773745,39.458794838905902]},"properties":{"objectid":269388,"codvia":81166,"numportal":23,"dupli_trip":null,"accesorio":"SI","angulo":333,"catfis":"5","descripcion":"23ac"}},{"type":"Feature","id":269390,"geometry":{"type":"Point","coordinates":[-0.33363531163806298,39.467135127823589]},"properties":{"objectid":269390,"codvia":40560,"numportal":6,"dupli_trip":null,"accesorio":"NO","angulo":354,"catfis":"6","descripcion":"6"}},{"type":"Feature","id":269391,"geometry":{"type":"Point","coordinates":[-0.35867694447724691,39.45682323435431]},"properties":{"objectid":269391,"codvia":81440,"numportal":11,"dupli_trip":null,"accesorio":"NO","angulo":29,"catfis":"7","descripcion":"11"}},{"type":"Feature","id":269392,"geometry":{"type":"Point","coordinates":[-0.39671295727082206,39.454579229403599]},"properties":{"objectid":269392,"codvia":58320,"numportal":16,"dupli_trip":null,"accesorio":"NO","angulo":49,"catfis":"6","descripcion":"16"}},{"type":"Feature","id":269393,"geometry":{"type":"Point","coordinates":[-0.33204773843564755,39.464744446252922]},"properties":{"objectid":269393,"codvia":65700,"numportal":4,"dupli_trip":null,"accesorio":"NO","angulo":74,"catfis":"7","descripcion":"4"}},{"type":"Feature","id":269394,"geometry":{"type":"Point","coordinates":[-0.37751013512227932,39.493229681816047]},"properties":{"objectid":269394,"codvia":48060,"numportal":46,"dupli_trip":null,"accesorio":"NO","angulo":17,"catfis":"7","descripcion":"46"}},{"type":"Feature","id":269395,"geometry":{"type":"Point","coordinates":[-0.37347867205637836,39.494681255141138]},"properties":{"objectid":269395,"codvia":29400,"numportal":3,"dupli_trip":null,"accesorio":"NO","angulo":346,"catfis":"7","descripcion":"3"}},{"type":"Feature","id":269397,"geometry":{"type":"Point","coordinates":[-0.39138982937175337,39.452020498437875]},"properties":{"objectid":269397,"codvia":33060,"numportal":46,"dupli_trip":null,"accesorio":"NO","angulo":65,"catfis":"6","descripcion":"46"}},{"type":"Feature","id":269398,"geometry":{"type":"Point","coordinates":[-0.37143971636369927,39.48613144832504]},"properties":{"objectid":269398,"codvia":31650,"numportal":30,"dupli_trip":null,"accesorio":"SI","angulo":300,"catfis":"5","descripcion":"30ac"}},{"type":"Feature","id":269399,"geometry":{"type":"Point","coordinates":[-0.37021172803426122,39.503708470711658]},"properties":{"objectid":269399,"codvia":64410,"numportal":10,"dupli_trip":null,"accesorio":"NO","angulo":344,"catfis":"7","descripcion":"10"}},{"type":"Feature","id":269400,"geometry":{"type":"Point","coordinates":[-0.38716335218869186,39.438695435883346]},"properties":{"objectid":269400,"codvia":81070,"numportal":2,"dupli_trip":null,"accesorio":"SI","angulo":345,"catfis":"7","descripcion":"2ac"}},{"type":"Feature","id":269401,"geometry":{"type":"Point","coordinates":[-0.37388646945770831,39.472964040938074]},"properties":{"objectid":269401,"codvia":66030,"numportal":13,"dupli_trip":null,"accesorio":"NO","angulo":82,"catfis":"4","descripcion":"13"}},{"type":"Feature","id":269403,"geometry":{"type":"Point","coordinates":[-0.37834042555646152,39.51642689753978]},"properties":{"objectid":269403,"codvia":7320,"numportal":1,"dupli_trip":null,"accesorio":"SI","angulo":356,"catfis":"7","descripcion":"1ac"}},{"type":"Feature","id":269405,"geometry":{"type":"Point","coordinates":[-0.33374961394565822,39.461775880740092]},"properties":{"objectid":269405,"codvia":38640,"numportal":35,"dupli_trip":null,"accesorio":"NO","angulo":351,"catfis":"4","descripcion":"35"}},{"type":"Feature","id":269406,"geometry":{"type":"Point","coordinates":[-0.33359382499891532,39.46924751817734]},"properties":{"objectid":269406,"codvia":76050,"numportal":11,"dupli_trip":null,"accesorio":"NO","angulo":86,"catfis":"6","descripcion":"11"}},{"type":"Feature","id":269407,"geometry":{"type":"Point","coordinates":[-0.38653486844959623,39.517545518921992]},"properties":{"objectid":269407,"codvia":15270,"numportal":2,"dupli_trip":null,"accesorio":"SI","angulo":337,"catfis":"7","descripcion":"2ac"}},{"type":"Feature","id":270138,"geometry":{"type":"Point","coordinates":[-0.40033591212420228,39.464180048989526]},"properties":{"objectid":270138,"codvia":81119,"numportal":12,"dupli_trip":null,"accesorio":"NO","angulo":349,"catfis":"7","descripcion":"12"}},{"type":"Feature","id":270139,"geometry":{"type":"Point","coordinates":[-0.38844804404227756,39.465002831258033]},"properties":{"objectid":270139,"codvia":57300,"numportal":34,"dupli_trip":null,"accesorio":"NO","angulo":301,"catfis":"3","descripcion":"34"}},{"type":"Feature","id":270140,"geometry":{"type":"Point","coordinates":[-0.3698165561919895,39.4897037479153]},"properties":{"objectid":270140,"codvia":50850,"numportal":5,"dupli_trip":null,"accesorio":"NO","angulo":47,"catfis":"6","descripcion":"5"}},{"type":"Feature","id":270141,"geometry":{"type":"Point","coordinates":[-0.36212014175835183,39.451692901269922]},"properties":{"objectid":270141,"codvia":31740,"numportal":28,"dupli_trip":null,"accesorio":"NO","angulo":335,"catfis":"7","descripcion":"28"}},{"type":"Feature","id":270142,"geometry":{"type":"Point","coordinates":[-0.33526954576039775,39.443506209479104]},"properties":{"objectid":270142,"codvia":81791,"numportal":16,"dupli_trip":null,"accesorio":"NO","angulo":353,"catfis":"E","descripcion":"16"}},{"type":"Feature","id":270143,"geometry":{"type":"Point","coordinates":[-0.34032155620327498,39.470860557775296]},"properties":{"objectid":270143,"codvia":37230,"numportal":29,"dupli_trip":null,"accesorio":"NO","angulo":72,"catfis":"6","descripcion":"29"}},{"type":"Feature","id":270144,"geometry":{"type":"Point","coordinates":[-0.35051818809623941,39.472280386004073]},"properties":{"objectid":270144,"codvia":77940,"numportal":16,"dupli_trip":null,"accesorio":"NO","angulo":72,"catfis":"5","descripcion":"16"}},{"type":"Feature","id":270145,"geometry":{"type":"Point","coordinates":[-0.35867185603265717,39.486450993097932]},"properties":{"objectid":270145,"codvia":42450,"numportal":6,"dupli_trip":null,"accesorio":"NO","angulo":82,"catfis":"6","descripcion":"6"}},{"type":"Feature","id":270146,"geometry":{"type":"Point","coordinates":[-0.37576702031752779,39.468151502495537]},"properties":{"objectid":270146,"codvia":64230,"numportal":9,"dupli_trip":null,"accesorio":"SI","angulo":87,"catfis":"E","descripcion":"9ac"}},{"type":"Feature","id":270147,"geometry":{"type":"Point","coordinates":[-0.3779108456408215,39.497891294563658]},"properties":{"objectid":270147,"codvia":14460,"numportal":50,"dupli_trip":null,"accesorio":"NO","angulo":279,"catfis":"7","descripcion":"50"}},{"type":"Feature","id":270148,"geometry":{"type":"Point","coordinates":[-0.37442346877393662,39.431529645487515]},"properties":{"objectid":270148,"codvia":70780,"numportal":22,"dupli_trip":null,"accesorio":"NO","angulo":0,"catfis":"7","descripcion":"22"}},{"type":"Feature","id":270149,"geometry":{"type":"Point","coordinates":[-0.39060467934760223,39.450507487247854]},"properties":{"objectid":270149,"codvia":80920,"numportal":11,"dupli_trip":null,"accesorio":"SI","angulo":82,"catfis":"6","descripcion":"11ac"}},{"type":"Feature","id":270150,"geometry":{"type":"Point","coordinates":[-0.415475825817685,39.501075239768284]},"properties":{"objectid":270150,"codvia":58980,"numportal":31,"dupli_trip":null,"accesorio":"NO","angulo":2,"catfis":"7","descripcion":"31"}},{"type":"Feature","id":270151,"geometry":{"type":"Point","coordinates":[-0.38121432168210495,39.467668314395915]},"properties":{"objectid":270151,"codvia":54630,"numportal":10,"dupli_trip":null,"accesorio":"NO","angulo":334,"catfis":"4","descripcion":"10"}},{"type":"Feature","id":270152,"geometry":{"type":"Point","coordinates":[-0.38449247097669731,39.456429071698032]},"properties":{"objectid":270152,"codvia":47490,"numportal":25,"dupli_trip":null,"accesorio":"SI","angulo":81,"catfis":"6","descripcion":"25ac"}},{"type":"Feature","id":270153,"geometry":{"type":"Point","coordinates":[-0.3688505218810616,39.492285931425606]},"properties":{"objectid":270153,"codvia":69360,"numportal":31,"dupli_trip":null,"accesorio":"SI","angulo":44,"catfis":"7","descripcion":"31ac"}},{"type":"Feature","id":270154,"geometry":{"type":"Point","coordinates":[-0.37226825354667703,39.450005725437144]},"properties":{"objectid":270154,"codvia":81342,"numportal":26,"dupli_trip":null,"accesorio":"SI","angulo":301,"catfis":"6","descripcion":"26ac"}},{"type":"Feature","id":270156,"geometry":{"type":"Point","coordinates":[-0.36564328660225515,39.428702404952936]},"properties":{"objectid":270156,"codvia":19500,"numportal":39,"dupli_trip":null,"accesorio":"NO","angulo":87,"catfis":"7","descripcion":"39"}},{"type":"Feature","id":270157,"geometry":{"type":"Point","coordinates":[-0.33746539759714844,39.461547457561103]},"properties":{"objectid":270157,"codvia":25680,"numportal":241,"dupli_trip":null,"accesorio":"NO","angulo":341,"catfis":"4","descripcion":"241"}},{"type":"Feature","id":270158,"geometry":{"type":"Point","coordinates":[-0.36563953905456131,39.44528820290558]},"properties":{"objectid":270158,"codvia":40350,"numportal":15,"dupli_trip":null,"accesorio":"NO","angulo":350,"catfis":"7","descripcion":"15"}},{"type":"Feature","id":270159,"geometry":{"type":"Point","coordinates":[-0.33517740561725723,39.461650065923486]},"properties":{"objectid":270159,"codvia":90,"numportal":7,"dupli_trip":null,"accesorio":"NO","angulo":81,"catfis":"6","descripcion":"7"}},{"type":"Feature","id":270160,"geometry":{"type":"Point","coordinates":[-0.3185523165187843,39.308545954868265]},"properties":{"objectid":270160,"codvia":81522,"numportal":63,"dupli_trip":null,"accesorio":"SI","angulo":359,"catfis":"7","descripcion":"63ac"}},{"type":"Feature","id":270161,"geometry":{"type":"Point","coordinates":[-0.34484774491563597,39.487615982194704]},"properties":{"objectid":270161,"codvia":29520,"numportal":38,"dupli_trip":null,"accesorio":"NO","angulo":0,"catfis":"6","descripcion":"38"}},{"type":"Feature","id":270162,"geometry":{"type":"Point","coordinates":[-0.3938483981143408,39.495878142562972]},"properties":{"objectid":270162,"codvia":67110,"numportal":24,"dupli_trip":null,"accesorio":"SI","angulo":44,"catfis":"7","descripcion":"24ac"}},{"type":"Feature","id":270163,"geometry":{"type":"Point","coordinates":[-0.37603560256465951,39.484062233810342]},"properties":{"objectid":270163,"codvia":57030,"numportal":5,"dupli_trip":null,"accesorio":"NO","angulo":86,"catfis":"5","descripcion":"5"}},{"type":"Feature","id":270164,"geometry":{"type":"Point","coordinates":[-0.415760531063462,39.500302021723201]},"properties":{"objectid":270164,"codvia":28860,"numportal":1,"dupli_trip":null,"accesorio":"SI","angulo":95,"catfis":"7","descripcion":"1ac"}},{"type":"Feature","id":270165,"geometry":{"type":"Point","coordinates":[-0.37848551948653147,39.488463960792053]},"properties":{"objectid":270165,"codvia":32220,"numportal":2,"dupli_trip":null,"accesorio":"NO","angulo":17,"catfis":"7","descripcion":"2"}},{"type":"Feature","id":270375,"geometry":{"type":"Point","coordinates":[-0.36621741305255784,39.427084626361406]},"properties":{"objectid":270375,"codvia":8310,"numportal":34,"dupli_trip":null,"accesorio":"NO","angulo":81,"catfis":"7","descripcion":"34"}},{"type":"Feature","id":270376,"geometry":{"type":"Point","coordinates":[-0.33352190676264309,39.384673943398909]},"properties":{"objectid":270376,"codvia":81480,"numportal":32,"dupli_trip":null,"accesorio":"NO","angulo":2,"catfis":"7","descripcion":"32"}},{"type":"Feature","id":270377,"geometry":{"type":"Point","coordinates":[-0.33288382711867143,39.446765255607112]},"properties":{"objectid":270377,"codvia":53040,"numportal":41,"dupli_trip":null,"accesorio":"SI","angulo":64,"catfis":"7","descripcion":"41ac"}},{"type":"Feature","id":270378,"geometry":{"type":"Point","coordinates":[-0.33550157571383543,39.447886908217825]},"properties":{"objectid":270378,"codvia":13920,"numportal":26,"dupli_trip":null,"accesorio":"SI","angulo":86,"catfis":"7","descripcion":"26ac"}},{"type":"Feature","id":270379,"geometry":{"type":"Point","coordinates":[-0.3710858127547067,39.471829806663401]},"properties":{"objectid":270379,"codvia":2460,"numportal":11,"dupli_trip":null,"accesorio":"NO","angulo":80,"catfis":"E","descripcion":"11"}},{"type":"Feature","id":270380,"geometry":{"type":"Point","coordinates":[-0.33608764310394523,39.472209174651539]},"properties":{"objectid":270380,"codvia":10770,"numportal":2,"dupli_trip":null,"accesorio":"NO","angulo":345,"catfis":"6","descripcion":"2"}},{"type":"Feature","id":270381,"geometry":{"type":"Point","coordinates":[-0.39309673107078708,39.455103982480594]},"properties":{"objectid":270381,"codvia":50160,"numportal":30,"dupli_trip":null,"accesorio":"NO","angulo":335,"catfis":"5","descripcion":"30"}},{"type":"Feature","id":270382,"geometry":{"type":"Point","coordinates":[-0.35169848109267848,39.469684785481263]},"properties":{"objectid":270382,"codvia":61710,"numportal":35,"dupli_trip":null,"accesorio":"NO","angulo":342,"catfis":"4","descripcion":"35"}},{"type":"Feature","id":270384,"geometry":{"type":"Point","coordinates":[-0.37977499505002754,39.478675811400947]},"properties":{"objectid":270384,"codvia":21000,"numportal":13,"dupli_trip":null,"accesorio":"SI","angulo":76,"catfis":"5","descripcion":"13ac"}},{"type":"Feature","id":270385,"geometry":{"type":"Point","coordinates":[-0.38936682224682595,39.492563192025514]},"properties":{"objectid":270385,"codvia":57420,"numportal":57,"dupli_trip":null,"accesorio":"NO","angulo":337,"catfis":"7","descripcion":"57"}},{"type":"Feature","id":270386,"geometry":{"type":"Point","coordinates":[-0.32846544955100859,39.470866852290548]},"properties":{"objectid":270386,"codvia":2910,"numportal":175,"dupli_trip":null,"accesorio":"NO","angulo":82,"catfis":"4","descripcion":"175"}},{"type":"Feature","id":270388,"geometry":{"type":"Point","coordinates":[-0.37653588914644742,39.45908846340545]},"properties":{"objectid":270388,"codvia":44880,"numportal":13,"dupli_trip":null,"accesorio":"SI","angulo":29,"catfis":"5","descripcion":"13ac"}},{"type":"Feature","id":270389,"geometry":{"type":"Point","coordinates":[-0.37246341698422003,39.493091352653586]},"properties":{"objectid":270389,"codvia":8010,"numportal":4,"dupli_trip":null,"accesorio":"NO","angulo":65,"catfis":"7","descripcion":"4"}},{"type":"Feature","id":270390,"geometry":{"type":"Point","coordinates":[-0.37392400185728059,39.487510810183622]},"properties":{"objectid":270390,"codvia":47400,"numportal":24,"dupli_trip":null,"accesorio":"NO","angulo":348,"catfis":"6","descripcion":"24"}},{"type":"Feature","id":270391,"geometry":{"type":"Point","coordinates":[-0.35444162181123118,39.473070203444628]},"properties":{"objectid":270391,"codvia":14610,"numportal":15,"dupli_trip":null,"accesorio":"NO","angulo":342,"catfis":"3","descripcion":"15"}},{"type":"Feature","id":270392,"geometry":{"type":"Point","coordinates":[-0.41821097031082088,39.503362234600353]},"properties":{"objectid":270392,"codvia":56790,"numportal":22,"dupli_trip":null,"accesorio":"NO","angulo":274,"catfis":"7","descripcion":"22"}},{"type":"Feature","id":270395,"geometry":{"type":"Point","coordinates":[-0.33286373909124795,39.451468746707391]},"properties":{"objectid":270395,"codvia":8130,"numportal":16,"dupli_trip":null,"accesorio":"NO","angulo":79,"catfis":"6","descripcion":"16"}},{"type":"Feature","id":270396,"geometry":{"type":"Point","coordinates":[-0.37738752033259665,39.477644778880482]},"properties":{"objectid":270396,"codvia":5520,"numportal":5,"dupli_trip":null,"accesorio":"NO","angulo":85,"catfis":"6","descripcion":"5"}},{"type":"Feature","id":270397,"geometry":{"type":"Point","coordinates":[-0.39093016844235889,39.446111036854845]},"properties":{"objectid":270397,"codvia":81414,"numportal":9,"dupli_trip":null,"accesorio":"SI","angulo":345,"catfis":"5","descripcion":"9ac"}},{"type":"Feature","id":269683,"geometry":{"type":"Point","coordinates":[-0.3438466523048731,39.448235763362106]},"properties":{"objectid":269683,"codvia":38290,"numportal":73,"dupli_trip":null,"accesorio":"NO","angulo":271,"catfis":"7","descripcion":"73"}},{"type":"Feature","id":269684,"geometry":{"type":"Point","coordinates":[-0.33972701762304464,39.463148494723534]},"properties":{"objectid":269684,"codvia":2880,"numportal":20,"dupli_trip":null,"accesorio":"NO","angulo":341,"catfis":"7","descripcion":"20"}},{"type":"Feature","id":269685,"geometry":{"type":"Point","coordinates":[-0.36254008654852998,39.430578124126328]},"properties":{"objectid":269685,"codvia":69210,"numportal":49,"dupli_trip":null,"accesorio":"NO","angulo":80,"catfis":"7","descripcion":"49"}},{"type":"Feature","id":269686,"geometry":{"type":"Point","coordinates":[-0.33151810650281027,39.446310027314667]},"properties":{"objectid":269686,"codvia":77010,"numportal":22,"dupli_trip":null,"accesorio":"NO","angulo":36,"catfis":"7","descripcion":"22"}},{"type":"Feature","id":269687,"geometry":{"type":"Point","coordinates":[-0.37215886777368756,39.477430127728752]},"properties":{"objectid":269687,"codvia":11550,"numportal":11,"dupli_trip":null,"accesorio":"SI","angulo":51,"catfis":"4","descripcion":"11ac"}},{"type":"Feature","id":269688,"geometry":{"type":"Point","coordinates":[-0.36805182982226153,39.487492199032744]},"properties":{"objectid":269688,"codvia":61410,"numportal":48,"dupli_trip":null,"accesorio":"NO","angulo":318,"catfis":"4","descripcion":"48"}},{"type":"Feature","id":269689,"geometry":{"type":"Point","coordinates":[-0.35389736179195452,39.465118646303345]},"properties":{"objectid":269689,"codvia":64500,"numportal":10,"dupli_trip":null,"accesorio":"SI","angulo":72,"catfis":"6","descripcion":"10ac"}},{"type":"Feature","id":269690,"geometry":{"type":"Point","coordinates":[-0.35502647708539803,39.474805469642526]},"properties":{"objectid":269690,"codvia":81210,"numportal":26,"dupli_trip":null,"accesorio":"NO","angulo":71,"catfis":"3","descripcion":"26"}},{"type":"Feature","id":269691,"geometry":{"type":"Point","coordinates":[-0.39093606882128029,39.44537020959833]},"properties":{"objectid":269691,"codvia":81414,"numportal":2,"dupli_trip":null,"accesorio":"SI","angulo":75,"catfis":"5","descripcion":"2ac"}},{"type":"Feature","id":269692,"geometry":{"type":"Point","coordinates":[-0.38464450319377874,39.464055712333483]},"properties":{"objectid":269692,"codvia":46830,"numportal":30,"dupli_trip":null,"accesorio":"NO","angulo":338,"catfis":"2","descripcion":"30"}},{"type":"Feature","id":269693,"geometry":{"type":"Point","coordinates":[-0.3895693537041458,39.515797982558375]},"properties":{"objectid":269693,"codvia":24030,"numportal":17,"dupli_trip":null,"accesorio":"NO","angulo":350,"catfis":"7","descripcion":"17"}},{"type":"Feature","id":269694,"geometry":{"type":"Point","coordinates":[-0.41494327929907032,39.545658832161351]},"properties":{"objectid":269694,"codvia":81835,"numportal":36,"dupli_trip":null,"accesorio":"NO","angulo":292,"catfis":"E","descripcion":"36"}},{"type":"Feature","id":269696,"geometry":{"type":"Point","coordinates":[-0.35916690940605933,39.423392404230668]},"properties":{"objectid":269696,"codvia":73830,"numportal":55,"dupli_trip":null,"accesorio":"NO","angulo":351,"catfis":"7","descripcion":"55"}},{"type":"Feature","id":269697,"geometry":{"type":"Point","coordinates":[-0.39155329672266548,39.470290776301276]},"properties":{"objectid":269697,"codvia":13290,"numportal":36,"dupli_trip":null,"accesorio":"NO","angulo":29,"catfis":"3","descripcion":"36"}},{"type":"Feature","id":269698,"geometry":{"type":"Point","coordinates":[-0.37711698217504558,39.469238656757149]},"properties":{"objectid":269698,"codvia":17760,"numportal":29,"dupli_trip":null,"accesorio":"NO","angulo":305,"catfis":"E","descripcion":"29"}},{"type":"Feature","id":269699,"geometry":{"type":"Point","coordinates":[-0.28942493294324412,39.301347118278592]},"properties":{"objectid":269699,"codvia":34140,"numportal":40,"dupli_trip":null,"accesorio":"NO","angulo":296,"catfis":"5","descripcion":"40"}},{"type":"Feature","id":269700,"geometry":{"type":"Point","coordinates":[-0.39811595296680663,39.465121368300515]},"properties":{"objectid":269700,"codvia":81110,"numportal":7,"dupli_trip":null,"accesorio":"NO","angulo":349,"catfis":"7","descripcion":"7"}},{"type":"Feature","id":269701,"geometry":{"type":"Point","coordinates":[-0.38108252020361627,39.479300065118743]},"properties":{"objectid":269701,"codvia":46050,"numportal":12,"dupli_trip":null,"accesorio":"NO","angulo":79,"catfis":"6","descripcion":"12"}},{"type":"Feature","id":269702,"geometry":{"type":"Point","coordinates":[-0.32991045480786407,39.466345778616088]},"properties":{"objectid":269702,"codvia":54660,"numportal":84,"dupli_trip":null,"accesorio":"NO","angulo":86,"catfis":"7","descripcion":"84"}},{"type":"Feature","id":269703,"geometry":{"type":"Point","coordinates":[-0.40644611465210745,39.494255109004648]},"properties":{"objectid":269703,"codvia":81640,"numportal":23,"dupli_trip":null,"accesorio":"NO","angulo":298,"catfis":"7","descripcion":"23"}},{"type":"Feature","id":269704,"geometry":{"type":"Point","coordinates":[-0.41651565936539459,39.499645792824374]},"properties":{"objectid":269704,"codvia":55800,"numportal":1,"dupli_trip":null,"accesorio":"NO","angulo":278,"catfis":"7","descripcion":"1"}},{"type":"Feature","id":269408,"geometry":{"type":"Point","coordinates":[-0.38874038386981624,39.49909891524878]},"properties":{"objectid":269408,"codvia":81737,"numportal":25,"dupli_trip":null,"accesorio":"SI","angulo":41,"catfis":"7","descripcion":"25ac"}},{"type":"Feature","id":269409,"geometry":{"type":"Point","coordinates":[-0.39386406464302509,39.490001265149203]},"properties":{"objectid":269409,"codvia":18180,"numportal":17,"dupli_trip":null,"accesorio":"NO","angulo":62,"catfis":"7","descripcion":"17"}},{"type":"Feature","id":269410,"geometry":{"type":"Point","coordinates":[-0.33403484096839009,39.446808995709986]},"properties":{"objectid":269410,"codvia":44730,"numportal":40,"dupli_trip":null,"accesorio":"NO","angulo":77,"catfis":"7","descripcion":"40"}},{"type":"Feature","id":269411,"geometry":{"type":"Point","coordinates":[-0.35101537053841386,39.47326110793724]},"properties":{"objectid":269411,"codvia":25140,"numportal":40,"dupli_trip":null,"accesorio":"NO","angulo":342,"catfis":"6","descripcion":"40"}},{"type":"Feature","id":269412,"geometry":{"type":"Point","coordinates":[-0.3855742948902553,39.488154775449054]},"properties":{"objectid":269412,"codvia":30900,"numportal":10,"dupli_trip":null,"accesorio":"SI","angulo":288,"catfis":"7","descripcion":"10ac"}},{"type":"Feature","id":269414,"geometry":{"type":"Point","coordinates":[-0.37261257357062472,39.451523783493613]},"properties":{"objectid":269414,"codvia":81284,"numportal":2,"dupli_trip":null,"accesorio":"NO","angulo":31,"catfis":"7","descripcion":"2"}},{"type":"Feature","id":269415,"geometry":{"type":"Point","coordinates":[-0.3870006478363695,39.490047381444676]},"properties":{"objectid":269415,"codvia":29160,"numportal":3,"dupli_trip":null,"accesorio":"NO","angulo":79,"catfis":"7","descripcion":"3"}},{"type":"Feature","id":269416,"geometry":{"type":"Point","coordinates":[-0.37236488361314002,39.450142952235318]},"properties":{"objectid":269416,"codvia":81342,"numportal":24,"dupli_trip":null,"accesorio":"SI","angulo":301,"catfis":"6","descripcion":"24ac"}},{"type":"Feature","id":269417,"geometry":{"type":"Point","coordinates":[-0.37803642243776614,39.517260093095203]},"properties":{"objectid":269417,"codvia":33510,"numportal":4,"dupli_trip":null,"accesorio":"NO","angulo":25,"catfis":"7","descripcion":"4"}},{"type":"Feature","id":269418,"geometry":{"type":"Point","coordinates":[-0.41321619026638928,39.468184929674329]},"properties":{"objectid":269418,"codvia":81277,"numportal":5,"dupli_trip":null,"accesorio":"SI","angulo":276,"catfis":"6","descripcion":"5ac"}},{"type":"Feature","id":269419,"geometry":{"type":"Point","coordinates":[-0.39047423103659817,39.490608791444608]},"properties":{"objectid":269419,"codvia":38940,"numportal":41,"dupli_trip":null,"accesorio":"NO","angulo":318,"catfis":"6","descripcion":"41"}},{"type":"Feature","id":269420,"geometry":{"type":"Point","coordinates":[-0.38670705327838611,39.484872201476264]},"properties":{"objectid":269420,"codvia":81882,"numportal":3,"dupli_trip":null,"accesorio":"SI","angulo":300,"catfis":"E","descripcion":"3ac"}},{"type":"Feature","id":269421,"geometry":{"type":"Point","coordinates":[-0.35865566365886781,39.444192507835851]},"properties":{"objectid":269421,"codvia":22350,"numportal":38,"dupli_trip":null,"accesorio":"NO","angulo":72,"catfis":"7","descripcion":"38"}},{"type":"Feature","id":269422,"geometry":{"type":"Point","coordinates":[-0.38013468859122124,39.473615068646637]},"properties":{"objectid":269422,"codvia":63420,"numportal":9,"dupli_trip":null,"accesorio":"SI","angulo":86,"catfis":"4","descripcion":"9ac"}},{"type":"Feature","id":269424,"geometry":{"type":"Point","coordinates":[-0.39902289909161853,39.482925826988513]},"properties":{"objectid":269424,"codvia":43590,"numportal":9,"dupli_trip":null,"accesorio":"NO","angulo":89,"catfis":"6","descripcion":"9"}},{"type":"Feature","id":269426,"geometry":{"type":"Point","coordinates":[-0.37513726084761501,39.497442238202545]},"properties":{"objectid":269426,"codvia":41580,"numportal":8,"dupli_trip":null,"accesorio":"NO","angulo":17,"catfis":"7","descripcion":"8"}},{"type":"Feature","id":269427,"geometry":{"type":"Point","coordinates":[-0.39836265192669684,39.481661299145998]},"properties":{"objectid":269427,"codvia":39060,"numportal":25,"dupli_trip":null,"accesorio":"NO","angulo":354,"catfis":"6","descripcion":"25"}},{"type":"Feature","id":269428,"geometry":{"type":"Point","coordinates":[-0.3760640140924309,39.476110028307907]},"properties":{"objectid":269428,"codvia":36150,"numportal":6,"dupli_trip":null,"accesorio":"NO","angulo":291,"catfis":"4","descripcion":"6"}},{"type":"Feature","id":270619,"geometry":{"type":"Point","coordinates":[-0.39297281294196906,39.455351582884262]},"properties":{"objectid":270619,"codvia":39210,"numportal":33,"dupli_trip":null,"accesorio":"NO","angulo":335,"catfis":"5","descripcion":"33"}},{"type":"Feature","id":277971,"geometry":{"type":"Point","coordinates":[-0.39281987070972429,39.455289279359199]},"properties":{"objectid":277971,"codvia":39210,"numportal":29,"dupli_trip":null,"accesorio":"NO","angulo":335,"catfis":"5","descripcion":"29"}},{"type":"Feature","id":282439,"geometry":{"type":"Point","coordinates":[-0.39287892123842755,39.455313756705806]},"properties":{"objectid":282439,"codvia":39210,"numportal":31,"dupli_trip":null,"accesorio":"NO","angulo":335,"catfis":"5","descripcion":"31"}},{"type":"Feature","id":237220,"geometry":{"type":"Point","coordinates":[-0.39348118762601203,39.455560224708506]},"properties":{"objectid":237220,"codvia":39210,"numportal":41,"dupli_trip":null,"accesorio":"SI","angulo":335,"catfis":"5","descripcion":"41ac"}},{"type":"Feature","id":244860,"geometry":{"type":"Point","coordinates":[-0.3937308968964342,39.455663390342039]},"properties":{"objectid":244860,"codvia":39210,"numportal":43,"dupli_trip":null,"accesorio":"SI","angulo":335,"catfis":"5","descripcion":"43ac"}},{"type":"Feature","id":245605,"geometry":{"type":"Point","coordinates":[-0.3938249979366264,39.455539658708091]},"properties":{"objectid":245605,"codvia":24450,"numportal":7,"dupli_trip":null,"accesorio":"NO","angulo":72,"catfis":"6","descripcion":"7"}},{"type":"Feature","id":232100,"geometry":{"type":"Point","coordinates":[-0.39313724705428538,39.455542459562984]},"properties":{"objectid":232100,"codvia":30540,"numportal":9,"dupli_trip":null,"accesorio":"NO","angulo":59,"catfis":"6","descripcion":"9"}},{"type":"Feature","id":269429,"geometry":{"type":"Point","coordinates":[-0.369582614791654,39.489644579809159]},"properties":{"objectid":269429,"codvia":50850,"numportal":6,"dupli_trip":null,"accesorio":"NO","angulo":47,"catfis":"6","descripcion":"6"}},{"type":"Feature","id":270167,"geometry":{"type":"Point","coordinates":[-0.38567495523630052,39.528256929227084]},"properties":{"objectid":270167,"codvia":30060,"numportal":26,"dupli_trip":null,"accesorio":"NO","angulo":94,"catfis":"7","descripcion":"26"}},{"type":"Feature","id":270168,"geometry":{"type":"Point","coordinates":[-0.37594344796258777,39.472000404800426]},"properties":{"objectid":270168,"codvia":50370,"numportal":1,"dupli_trip":null,"accesorio":"SI","angulo":91,"catfis":"1","descripcion":"1ac"}},{"type":"Feature","id":270169,"geometry":{"type":"Point","coordinates":[-0.35951153260116114,39.484459313943169]},"properties":{"objectid":270169,"codvia":39840,"numportal":7,"dupli_trip":null,"accesorio":"NO","angulo":71,"catfis":"6","descripcion":"7"}},{"type":"Feature","id":270171,"geometry":{"type":"Point","coordinates":[-0.35999645856699797,39.487509598020054]},"properties":{"objectid":270171,"codvia":51480,"numportal":10,"dupli_trip":null,"accesorio":"NO","angulo":353,"catfis":"7","descripcion":"10"}},{"type":"Feature","id":270172,"geometry":{"type":"Point","coordinates":[-0.36046995908473911,39.458229459492401]},"properties":{"objectid":270172,"codvia":28500,"numportal":50,"dupli_trip":null,"accesorio":"SI","angulo":300,"catfis":"6","descripcion":"50ac"}},{"type":"Feature","id":270173,"geometry":{"type":"Point","coordinates":[-0.39375109919440476,39.428141456675235]},"properties":{"objectid":270173,"codvia":63090,"numportal":130,"dupli_trip":null,"accesorio":"NO","angulo":75,"catfis":"7","descripcion":"130"}},{"type":"Feature","id":270174,"geometry":{"type":"Point","coordinates":[-0.36205407895915387,39.428189008638547]},"properties":{"objectid":270174,"codvia":81441,"numportal":11,"dupli_trip":null,"accesorio":"SI","angulo":350,"catfis":"7","descripcion":"11ac"}},{"type":"Feature","id":270175,"geometry":{"type":"Point","coordinates":[-0.40427113701133766,39.453447623794055]},"properties":{"objectid":270175,"codvia":81020,"numportal":23,"dupli_trip":null,"accesorio":"NO","angulo":294,"catfis":"6","descripcion":"23"}},{"type":"Feature","id":270176,"geometry":{"type":"Point","coordinates":[-0.39060005394789082,39.49246572534053]},"properties":{"objectid":270176,"codvia":26340,"numportal":9,"dupli_trip":null,"accesorio":"SI","angulo":68,"catfis":"7","descripcion":"9ac"}},{"type":"Feature","id":270177,"geometry":{"type":"Point","coordinates":[-0.31753448291324698,39.31107641671894]},"properties":{"objectid":270177,"codvia":1560,"numportal":19,"dupli_trip":null,"accesorio":"NO","angulo":93,"catfis":"7","descripcion":"19"}},{"type":"Feature","id":270179,"geometry":{"type":"Point","coordinates":[-0.38781001446876678,39.505306785567505]},"properties":{"objectid":270179,"codvia":7740,"numportal":3,"dupli_trip":null,"accesorio":"NO","angulo":18,"catfis":"7","descripcion":"3"}},{"type":"Feature","id":270181,"geometry":{"type":"Point","coordinates":[-0.38554373637031314,39.52743571230652]},"properties":{"objectid":270181,"codvia":7660,"numportal":1,"dupli_trip":null,"accesorio":"NO","angulo":2,"catfis":"7","descripcion":"1"}},{"type":"Feature","id":270182,"geometry":{"type":"Point","coordinates":[-0.38938912713996804,39.46310059134543]},"properties":{"objectid":270182,"codvia":22020,"numportal":90,"dupli_trip":null,"accesorio":"NO","angulo":50,"catfis":"4","descripcion":"90"}},{"type":"Feature","id":270183,"geometry":{"type":"Point","coordinates":[-0.35645922404841257,39.484545801014107]},"properties":{"objectid":270183,"codvia":51660,"numportal":2,"dupli_trip":null,"accesorio":"NO","angulo":355,"catfis":"6","descripcion":"2"}},{"type":"Feature","id":270184,"geometry":{"type":"Point","coordinates":[-0.3725290542782056,39.472283490795881]},"properties":{"objectid":270184,"codvia":19530,"numportal":24,"dupli_trip":null,"accesorio":"SI","angulo":87,"catfis":"1","descripcion":"24ac"}},{"type":"Feature","id":319366,"geometry":{"type":"Point","coordinates":[-0.40784340374283135,39.48339117274039]},"properties":{"objectid":319366,"codvia":7350,"numportal":6,"dupli_trip":null,"accesorio":null,"angulo":340,"catfis":"E","descripcion":"6"}},{"type":"Feature","id":270185,"geometry":{"type":"Point","coordinates":[-0.38878361902333602,39.453668572600549]},"properties":{"objectid":270185,"codvia":26250,"numportal":8,"dupli_trip":null,"accesorio":"NO","angulo":62,"catfis":"7","descripcion":"8"}},{"type":"Feature","id":270186,"geometry":{"type":"Point","coordinates":[-0.35918007154942505,39.522309728285435]},"properties":{"objectid":270186,"codvia":77640,"numportal":5,"dupli_trip":null,"accesorio":"NO","angulo":341,"catfis":"7","descripcion":"5"}},{"type":"Feature","id":270187,"geometry":{"type":"Point","coordinates":[-0.33286817712344302,39.449634764073217]},"properties":{"objectid":270187,"codvia":55710,"numportal":80,"dupli_trip":null,"accesorio":"SI","angulo":80,"catfis":"6","descripcion":"80ac"}},{"type":"Feature","id":270188,"geometry":{"type":"Point","coordinates":[-0.33733378959459559,39.42085517068233]},"properties":{"objectid":270188,"codvia":16530,"numportal":8,"dupli_trip":null,"accesorio":"NO","angulo":273,"catfis":"7","descripcion":"8"}},{"type":"Feature","id":270189,"geometry":{"type":"Point","coordinates":[-0.35063090965637589,39.465080008357113]},"properties":{"objectid":270189,"codvia":37470,"numportal":99,"dupli_trip":null,"accesorio":"SI","angulo":341,"catfis":"7","descripcion":"99ac"}},{"type":"Feature","id":270399,"geometry":{"type":"Point","coordinates":[-0.38795178582895135,39.46619049106647]},"properties":{"objectid":270399,"codvia":1320,"numportal":13,"dupli_trip":null,"accesorio":"NO","angulo":301,"catfis":"3","descripcion":"13"}},{"type":"Feature","id":270400,"geometry":{"type":"Point","coordinates":[-0.37989508304372194,39.478917855693901]},"properties":{"objectid":270400,"codvia":4770,"numportal":45,"dupli_trip":null,"accesorio":"NO","angulo":70,"catfis":"4","descripcion":"45"}},{"type":"Feature","id":270402,"geometry":{"type":"Point","coordinates":[-0.39358450343600659,39.487116647454073]},"properties":{"objectid":270402,"codvia":33030,"numportal":24,"dupli_trip":null,"accesorio":"SI","angulo":31,"catfis":"4","descripcion":"24ac"}},{"type":"Feature","id":270403,"geometry":{"type":"Point","coordinates":[-0.35943919197136137,39.468806182687942]},"properties":{"objectid":270403,"codvia":70140,"numportal":2,"dupli_trip":null,"accesorio":"SI","angulo":341,"catfis":"4","descripcion":"2ac"}},{"type":"Feature","id":270404,"geometry":{"type":"Point","coordinates":[-0.36984853743715157,39.47161767058482]},"properties":{"objectid":270404,"codvia":18300,"numportal":1,"dupli_trip":null,"accesorio":"SI","angulo":339,"catfis":"E","descripcion":"1ac"}},{"type":"Feature","id":270405,"geometry":{"type":"Point","coordinates":[-0.3703222366949589,39.479999666319792]},"properties":{"objectid":270405,"codvia":77670,"numportal":29,"dupli_trip":null,"accesorio":"NO","angulo":20,"catfis":"7","descripcion":"29"}},{"type":"Feature","id":270406,"geometry":{"type":"Point","coordinates":[-0.35035305922845184,39.425315696781162]},"properties":{"objectid":270406,"codvia":44430,"numportal":4,"dupli_trip":null,"accesorio":"NO","angulo":16,"catfis":"7","descripcion":"4"}},{"type":"Feature","id":270407,"geometry":{"type":"Point","coordinates":[-0.31747901294454089,39.308475067398113]},"properties":{"objectid":270407,"codvia":81530,"numportal":174,"dupli_trip":null,"accesorio":"NO","angulo":80,"catfis":"7","descripcion":"174"}},{"type":"Feature","id":270408,"geometry":{"type":"Point","coordinates":[-0.36275011147909625,39.463475763263162]},"properties":{"objectid":270408,"codvia":43770,"numportal":12,"dupli_trip":null,"accesorio":"NO","angulo":29,"catfis":"2","descripcion":"12"}},{"type":"Feature","id":270409,"geometry":{"type":"Point","coordinates":[-0.36899493946105261,39.473591784827619]},"properties":{"objectid":270409,"codvia":77700,"numportal":2,"dupli_trip":null,"accesorio":"NO","angulo":23,"catfis":"3","descripcion":"2"}},{"type":"Feature","id":270410,"geometry":{"type":"Point","coordinates":[-0.39535049357141722,39.481860680927753]},"properties":{"objectid":270410,"codvia":81286,"numportal":1,"dupli_trip":null,"accesorio":"SI","angulo":300,"catfis":"4","descripcion":"1ac"}},{"type":"Feature","id":270412,"geometry":{"type":"Point","coordinates":[-0.38192409432971797,39.47330279163284]},"properties":{"objectid":270412,"codvia":73110,"numportal":6,"dupli_trip":null,"accesorio":"SI","angulo":280,"catfis":"6","descripcion":"6ac"}},{"type":"Feature","id":270413,"geometry":{"type":"Point","coordinates":[-0.33215397581065748,39.471536572614568]},"properties":{"objectid":270413,"codvia":31140,"numportal":60,"dupli_trip":null,"accesorio":"NO","angulo":80,"catfis":"7","descripcion":"60"}},{"type":"Feature","id":270414,"geometry":{"type":"Point","coordinates":[-0.40489702075997708,39.538921418830761]},"properties":{"objectid":270414,"codvia":64890,"numportal":16,"dupli_trip":null,"accesorio":"NO","angulo":7,"catfis":"7","descripcion":"16"}},{"type":"Feature","id":270415,"geometry":{"type":"Point","coordinates":[-0.39348433141637834,39.480716446874837]},"properties":{"objectid":270415,"codvia":2400,"numportal":90,"dupli_trip":null,"accesorio":"NO","angulo":71,"catfis":"3","descripcion":"90"}},{"type":"Feature","id":270416,"geometry":{"type":"Point","coordinates":[-0.37641800147855714,39.47221679922292]},"properties":{"objectid":270416,"codvia":64800,"numportal":12,"dupli_trip":null,"accesorio":"NO","angulo":344,"catfis":"4","descripcion":"12"}},{"type":"Feature","id":270417,"geometry":{"type":"Point","coordinates":[-0.33216407247763657,39.448947604531845]},"properties":{"objectid":270417,"codvia":40690,"numportal":76,"dupli_trip":null,"accesorio":"NO","angulo":47,"catfis":"7","descripcion":"76"}},{"type":"Feature","id":270418,"geometry":{"type":"Point","coordinates":[-0.38492701491879994,39.489476122889712]},"properties":{"objectid":270418,"codvia":53640,"numportal":119,"dupli_trip":null,"accesorio":"NO","angulo":17,"catfis":"7","descripcion":"119"}},{"type":"Feature","id":270419,"geometry":{"type":"Point","coordinates":[-0.32676922722589191,39.469320729752333]},"properties":{"objectid":270419,"codvia":11460,"numportal":27,"dupli_trip":null,"accesorio":"NO","angulo":87,"catfis":"7","descripcion":"27"}},{"type":"Feature","id":269705,"geometry":{"type":"Point","coordinates":[-0.35413111744922054,39.463467237063433]},"properties":{"objectid":269705,"codvia":64590,"numportal":23,"dupli_trip":"TRIP","accesorio":"SI","angulo":72,"catfis":"5","descripcion":"23triac"}},{"type":"Feature","id":269706,"geometry":{"type":"Point","coordinates":[-0.38212826942275008,39.483075898541664]},"properties":{"objectid":269706,"codvia":12540,"numportal":8,"dupli_trip":null,"accesorio":"NO","angulo":320,"catfis":"4","descripcion":"8"}},{"type":"Feature","id":283178,"geometry":{"type":"Point","coordinates":[-0.37984800911821648,39.478127804294608]},"properties":{"objectid":283178,"codvia":50400,"numportal":11,"dupli_trip":null,"accesorio":"SI","angulo":95,"catfis":"5","descripcion":"11ac"}},{"type":"Feature","id":287895,"geometry":{"type":"Point","coordinates":[-0.37991959403726289,39.478171626338536]},"properties":{"objectid":287895,"codvia":70560,"numportal":25,"dupli_trip":null,"accesorio":"SI","angulo":15,"catfis":"E","descripcion":"25ac"}},{"type":"Feature","id":288254,"geometry":{"type":"Point","coordinates":[-0.33197709018085086,39.446025851610564]},"properties":{"objectid":288254,"codvia":44790,"numportal":2,"dupli_trip":null,"accesorio":"NO","angulo":60,"catfis":null,"descripcion":"2"}},{"type":"Feature","id":236514,"geometry":{"type":"Point","coordinates":[-0.38831632323546172,39.498007519795152]},"properties":{"objectid":236514,"codvia":81852,"numportal":13,"dupli_trip":null,"accesorio":"NO","angulo":30,"catfis":"E","descripcion":"13"}},{"type":"Feature","id":269707,"geometry":{"type":"Point","coordinates":[-0.33051070222587131,39.463715260266056]},"properties":{"objectid":269707,"codvia":45630,"numportal":61,"dupli_trip":null,"accesorio":"SI","angulo":357,"catfis":"7","descripcion":"61ac"}},{"type":"Feature","id":269708,"geometry":{"type":"Point","coordinates":[-0.36099077434887317,39.484556394317174]},"properties":{"objectid":269708,"codvia":25170,"numportal":31,"dupli_trip":null,"accesorio":"SI","angulo":342,"catfis":"4","descripcion":"31ac"}},{"type":"Feature","id":269709,"geometry":{"type":"Point","coordinates":[-0.39601255827533305,39.492403432148961]},"properties":{"objectid":269709,"codvia":69180,"numportal":30,"dupli_trip":null,"accesorio":"NO","angulo":315,"catfis":"7","descripcion":"30"}},{"type":"Feature","id":269710,"geometry":{"type":"Point","coordinates":[-0.39259538569749275,39.442925956422485]},"properties":{"objectid":269710,"codvia":67020,"numportal":5,"dupli_trip":null,"accesorio":"NO","angulo":345,"catfis":"7","descripcion":"5"}},{"type":"Feature","id":269711,"geometry":{"type":"Point","coordinates":[-0.37952484973561301,39.496394486753765]},"properties":{"objectid":269711,"codvia":81568,"numportal":2,"dupli_trip":null,"accesorio":"SI","angulo":18,"catfis":"7","descripcion":"2ac"}},{"type":"Feature","id":269712,"geometry":{"type":"Point","coordinates":[-0.37126138632168576,39.453078601514875]},"properties":{"objectid":269712,"codvia":31920,"numportal":111,"dupli_trip":null,"accesorio":"NO","angulo":285,"catfis":"7","descripcion":"111"}},{"type":"Feature","id":269713,"geometry":{"type":"Point","coordinates":[-0.34466202171162097,39.463106812220438]},"properties":{"objectid":269713,"codvia":37470,"numportal":191,"dupli_trip":null,"accesorio":"NO","angulo":332,"catfis":"6","descripcion":"191"}},{"type":"Feature","id":269714,"geometry":{"type":"Point","coordinates":[-0.33022816992353277,39.47325279461284]},"properties":{"objectid":269714,"codvia":7170,"numportal":41,"dupli_trip":null,"accesorio":"NO","angulo":85,"catfis":"7","descripcion":"41"}},{"type":"Feature","id":269715,"geometry":{"type":"Point","coordinates":[-0.38821319488906952,39.483576536966297]},"properties":{"objectid":269715,"codvia":38370,"numportal":25,"dupli_trip":null,"accesorio":"NO","angulo":30,"catfis":"5","descripcion":"25"}},{"type":"Feature","id":269716,"geometry":{"type":"Point","coordinates":[-0.3284541611050909,39.479765166907285]},"properties":{"objectid":269716,"codvia":35130,"numportal":4,"dupli_trip":null,"accesorio":"NO","angulo":91,"catfis":"7","descripcion":"4"}},{"type":"Feature","id":269718,"geometry":{"type":"Point","coordinates":[-0.33604058303795059,39.462728023275055]},"properties":{"objectid":269718,"codvia":77070,"numportal":22,"dupli_trip":null,"accesorio":"SI","angulo":81,"catfis":"6","descripcion":"22ac"}},{"type":"Feature","id":269719,"geometry":{"type":"Point","coordinates":[-0.38114482407306649,39.476264901874373]},"properties":{"objectid":269719,"codvia":62010,"numportal":16,"dupli_trip":null,"accesorio":"NO","angulo":5,"catfis":"4","descripcion":"16"}},{"type":"Feature","id":269720,"geometry":{"type":"Point","coordinates":[-0.35459029628908367,39.465847520273819]},"properties":{"objectid":269720,"codvia":38910,"numportal":4,"dupli_trip":null,"accesorio":"SI","angulo":71,"catfis":"6","descripcion":"4ac"}},{"type":"Feature","id":269721,"geometry":{"type":"Point","coordinates":[-0.38829228892070389,39.492626754208779]},"properties":{"objectid":269721,"codvia":59670,"numportal":45,"dupli_trip":null,"accesorio":"NO","angulo":65,"catfis":"7","descripcion":"45"}},{"type":"Feature","id":269722,"geometry":{"type":"Point","coordinates":[-0.39099185112100326,39.434964622062814]},"properties":{"objectid":269722,"codvia":63090,"numportal":22,"dupli_trip":null,"accesorio":"NO","angulo":76,"catfis":"7","descripcion":"22"}},{"type":"Feature","id":269723,"geometry":{"type":"Point","coordinates":[-0.42463425718267528,39.501921729998287]},"properties":{"objectid":269723,"codvia":7620,"numportal":21,"dupli_trip":null,"accesorio":"NO","angulo":301,"catfis":"7","descripcion":"21"}},{"type":"Feature","id":269724,"geometry":{"type":"Point","coordinates":[-0.35920583361294783,39.459680913040536]},"properties":{"objectid":269724,"codvia":1710,"numportal":9,"dupli_trip":null,"accesorio":"SI","angulo":296,"catfis":"4","descripcion":"9ac"}},{"type":"Feature","id":269727,"geometry":{"type":"Point","coordinates":[-0.32906363536093741,39.474727248302443]},"properties":{"objectid":269727,"codvia":38820,"numportal":340,"dupli_trip":null,"accesorio":"NO","angulo":1,"catfis":"7","descripcion":"340"}},{"type":"Feature","id":263880,"geometry":{"type":"Point","coordinates":[-0.37807253389354112,39.488278701288792]},"properties":{"objectid":263880,"codvia":12300,"numportal":14,"dupli_trip":null,"accesorio":"SI","angulo":287,"catfis":"7","descripcion":"14ac"}},{"type":"Feature","id":236977,"geometry":{"type":"Point","coordinates":[-0.38805932389842457,39.497677669941943]},"properties":{"objectid":236977,"codvia":81614,"numportal":21,"dupli_trip":null,"accesorio":"NO","angulo":41,"catfis":"E","descripcion":"21"}},{"type":"Feature","id":283439,"geometry":{"type":"Point","coordinates":[-0.39893731021110207,39.454412133851214]},"properties":{"objectid":283439,"codvia":11970,"numportal":7,"dupli_trip":null,"accesorio":"NO","angulo":50,"catfis":"7","descripcion":"7"}},{"type":"Feature","id":254294,"geometry":{"type":"Point","coordinates":[-0.38881104044796139,39.497254378906135]},"properties":{"objectid":254294,"codvia":81845,"numportal":14,"dupli_trip":null,"accesorio":"NO","angulo":310,"catfis":"E","descripcion":"14"}},{"type":"Feature","id":288255,"geometry":{"type":"Point","coordinates":[-0.39872939083147352,39.454594010509162]},"properties":{"objectid":288255,"codvia":11970,"numportal":5,"dupli_trip":null,"accesorio":null,"angulo":50,"catfis":"E","descripcion":"5"}},{"type":"Feature","id":234181,"geometry":{"type":"Point","coordinates":[-0.39865754997228703,39.454511059901684]},"properties":{"objectid":234181,"codvia":13890,"numportal":52,"dupli_trip":null,"accesorio":"SI","angulo":48,"catfis":"6","descripcion":"52ac"}},{"type":"Feature","id":240855,"geometry":{"type":"Point","coordinates":[-0.33638855437705872,39.4715933161877]},"properties":{"objectid":240855,"codvia":28980,"numportal":55,"dupli_trip":null,"accesorio":"NO","angulo":72,"catfis":"6","descripcion":"55"}},{"type":"Feature","id":287898,"geometry":{"type":"Point","coordinates":[-0.41226598147771665,39.54259668481]},"properties":{"objectid":287898,"codvia":81838,"numportal":10,"dupli_trip":null,"accesorio":null,"angulo":320,"catfis":"E","descripcion":"10"}},{"type":"Feature","id":269728,"geometry":{"type":"Point","coordinates":[-0.42426718318013135,39.501880782998597]},"properties":{"objectid":269728,"codvia":30750,"numportal":46,"dupli_trip":null,"accesorio":"SI","angulo":29,"catfis":"7","descripcion":"46ac"}},{"type":"Feature","id":269729,"geometry":{"type":"Point","coordinates":[-0.36022479812035946,39.459592911794516]},"properties":{"objectid":269729,"codvia":56430,"numportal":51,"dupli_trip":null,"accesorio":"NO","angulo":355,"catfis":"5","descripcion":"51"}},{"type":"Feature","id":269730,"geometry":{"type":"Point","coordinates":[-0.38494779090392428,39.47205970452719]},"properties":{"objectid":269730,"codvia":28800,"numportal":7,"dupli_trip":null,"accesorio":"NO","angulo":6,"catfis":"3","descripcion":"7"}},{"type":"Feature","id":269432,"geometry":{"type":"Point","coordinates":[-0.32839794865600236,39.469755668193343]},"properties":{"objectid":269432,"codvia":2910,"numportal":158,"dupli_trip":null,"accesorio":"NO","angulo":354,"catfis":"4","descripcion":"158"}},{"type":"Feature","id":269433,"geometry":{"type":"Point","coordinates":[-0.33752665472233201,39.421390377779716]},"properties":{"objectid":269433,"codvia":58260,"numportal":50,"dupli_trip":null,"accesorio":"NO","angulo":12,"catfis":"7","descripcion":"50"}},{"type":"Feature","id":269435,"geometry":{"type":"Point","coordinates":[-0.36439289052054102,39.483083301199869]},"properties":{"objectid":269435,"codvia":17790,"numportal":24,"dupli_trip":null,"accesorio":"SI","angulo":71,"catfis":"1","descripcion":"24ac"}},{"type":"Feature","id":269436,"geometry":{"type":"Point","coordinates":[-0.33029958638258095,39.472810314009173]},"properties":{"objectid":269436,"codvia":7170,"numportal":25,"dupli_trip":null,"accesorio":"NO","angulo":85,"catfis":"7","descripcion":"25"}},{"type":"Feature","id":269437,"geometry":{"type":"Point","coordinates":[-0.28975460092488131,39.301205485548977]},"properties":{"objectid":269437,"codvia":81412,"numportal":1,"dupli_trip":null,"accesorio":"NO","angulo":296,"catfis":"7","descripcion":"1"}},{"type":"Feature","id":269438,"geometry":{"type":"Point","coordinates":[-0.32872862360814037,39.471613554856326]},"properties":{"objectid":269438,"codvia":9000,"numportal":249,"dupli_trip":null,"accesorio":"NO","angulo":82,"catfis":"6","descripcion":"249"}},{"type":"Feature","id":269439,"geometry":{"type":"Point","coordinates":[-0.38424489766827741,39.475206362945293]},"properties":{"objectid":269439,"codvia":35100,"numportal":127,"dupli_trip":null,"accesorio":"NO","angulo":96,"catfis":"2","descripcion":"127"}},{"type":"Feature","id":269440,"geometry":{"type":"Point","coordinates":[-0.36107039727046653,39.488406896336379]},"properties":{"objectid":269440,"codvia":7770,"numportal":5,"dupli_trip":null,"accesorio":"NO","angulo":0,"catfis":"4","descripcion":"5"}},{"type":"Feature","id":269441,"geometry":{"type":"Point","coordinates":[-0.38588581128150556,39.487295652093366]},"properties":{"objectid":269441,"codvia":3870,"numportal":5,"dupli_trip":null,"accesorio":"NO","angulo":18,"catfis":"7","descripcion":"5"}},{"type":"Feature","id":269442,"geometry":{"type":"Point","coordinates":[-0.37449546953902946,39.491570103572158]},"properties":{"objectid":269442,"codvia":62610,"numportal":129,"dupli_trip":null,"accesorio":"SI","angulo":62,"catfis":"6","descripcion":"129ac"}},{"type":"Feature","id":269443,"geometry":{"type":"Point","coordinates":[-0.38708688771107469,39.454410280361486]},"properties":{"objectid":269443,"codvia":40830,"numportal":6,"dupli_trip":null,"accesorio":"NO","angulo":61,"catfis":"6","descripcion":"6"}},{"type":"Feature","id":269444,"geometry":{"type":"Point","coordinates":[-0.37642603671771058,39.505014884601565]},"properties":{"objectid":269444,"codvia":4260,"numportal":5,"dupli_trip":null,"accesorio":"NO","angulo":347,"catfis":"7","descripcion":"5"}},{"type":"Feature","id":269445,"geometry":{"type":"Point","coordinates":[-0.33211942361763619,39.447428792434344]},"properties":{"objectid":269445,"codvia":70080,"numportal":6,"dupli_trip":null,"accesorio":"NO","angulo":51,"catfis":"7","descripcion":"6"}},{"type":"Feature","id":269446,"geometry":{"type":"Point","coordinates":[-0.40078625254598793,39.491482635473091]},"properties":{"objectid":269446,"codvia":81575,"numportal":37,"dupli_trip":null,"accesorio":"NO","angulo":303,"catfis":"3","descripcion":"37"}},{"type":"Feature","id":269447,"geometry":{"type":"Point","coordinates":[-0.36363612758866487,39.424096016330786]},"properties":{"objectid":269447,"codvia":31890,"numportal":5,"dupli_trip":null,"accesorio":"NO","angulo":99,"catfis":"7","descripcion":"5"}},{"type":"Feature","id":276328,"geometry":{"type":"Point","coordinates":[-0.37510753856561918,39.483004840097728]},"properties":{"objectid":276328,"codvia":66330,"numportal":23,"dupli_trip":null,"accesorio":"NO","angulo":92,"catfis":"4","descripcion":"23"}},{"type":"Feature","id":269448,"geometry":{"type":"Point","coordinates":[-0.41592564957634071,39.500449060360197]},"properties":{"objectid":269448,"codvia":28860,"numportal":5,"dupli_trip":null,"accesorio":"NO","angulo":124,"catfis":"7","descripcion":"5"}},{"type":"Feature","id":269449,"geometry":{"type":"Point","coordinates":[-0.38161614497080493,39.479106599712118]},"properties":{"objectid":269449,"codvia":81830,"numportal":3,"dupli_trip":null,"accesorio":"NO","angulo":350,"catfis":"E","descripcion":"3"}},{"type":"Feature","id":269450,"geometry":{"type":"Point","coordinates":[-0.35118064073683269,39.46233039657406]},"properties":{"objectid":269450,"codvia":41250,"numportal":19,"dupli_trip":null,"accesorio":"NO","angulo":69,"catfis":"6","descripcion":"19"}},{"type":"Feature","id":269451,"geometry":{"type":"Point","coordinates":[-0.37382828010776742,39.493947402903061]},"properties":{"objectid":269451,"codvia":1950,"numportal":12,"dupli_trip":null,"accesorio":"NO","angulo":108,"catfis":"6","descripcion":"12"}},{"type":"Feature","id":269453,"geometry":{"type":"Point","coordinates":[-0.3695999155303572,39.44891148868281]},"properties":{"objectid":269453,"codvia":81258,"numportal":2,"dupli_trip":null,"accesorio":"NO","angulo":31,"catfis":"4","descripcion":"2"}},{"type":"Feature","id":273878,"geometry":{"type":"Point","coordinates":[-0.33181909342935756,39.465052151566546]},"properties":{"objectid":273878,"codvia":65670,"numportal":37,"dupli_trip":"DUPL","accesorio":"NO","angulo":348,"catfis":"7","descripcion":"37dup"}},{"type":"Feature","id":273879,"geometry":{"type":"Point","coordinates":[-0.36445114015137137,39.46125828950035]},"properties":{"objectid":273879,"codvia":56430,"numportal":5,"dupli_trip":null,"accesorio":"SI","angulo":332,"catfis":"4","descripcion":"5ac"}},{"type":"Feature","id":273880,"geometry":{"type":"Point","coordinates":[-0.39589261602067261,39.487113992745144]},"properties":{"objectid":273880,"codvia":81435,"numportal":5,"dupli_trip":null,"accesorio":"NO","angulo":300,"catfis":"6","descripcion":"5"}},{"type":"Feature","id":273881,"geometry":{"type":"Point","coordinates":[-0.36825833996741775,39.49480279188267]},"properties":{"objectid":273881,"codvia":6870,"numportal":59,"dupli_trip":null,"accesorio":"NO","angulo":49,"catfis":"7","descripcion":"59"}},{"type":"Feature","id":273882,"geometry":{"type":"Point","coordinates":[-0.40564830988982109,39.468095924663523]},"properties":{"objectid":273882,"codvia":73920,"numportal":17,"dupli_trip":null,"accesorio":"NO","angulo":79,"catfis":"6","descripcion":"17"}},{"type":"Feature","id":273883,"geometry":{"type":"Point","coordinates":[-0.35612130867304426,39.469616614402035]},"properties":{"objectid":273883,"codvia":75870,"numportal":21,"dupli_trip":null,"accesorio":"NO","angulo":342,"catfis":"4","descripcion":"21"}},{"type":"Feature","id":273884,"geometry":{"type":"Point","coordinates":[-0.37820870739277301,39.471639101316157]},"properties":{"objectid":273884,"codvia":120,"numportal":4,"dupli_trip":null,"accesorio":"NO","angulo":341,"catfis":"4","descripcion":"4"}},{"type":"Feature","id":273885,"geometry":{"type":"Point","coordinates":[-0.36783375482104058,39.457244000777187]},"properties":{"objectid":273885,"codvia":25770,"numportal":1,"dupli_trip":null,"accesorio":"SI","angulo":38,"catfis":"7","descripcion":"1ac"}},{"type":"Feature","id":273886,"geometry":{"type":"Point","coordinates":[-0.36026337214080784,39.476213334106966]},"properties":{"objectid":273886,"codvia":24750,"numportal":14,"dupli_trip":null,"accesorio":"SI","angulo":72,"catfis":"3","descripcion":"14ac"}},{"type":"Feature","id":273887,"geometry":{"type":"Point","coordinates":[-0.40330989269093037,39.467901142879604]},"properties":{"objectid":273887,"codvia":38970,"numportal":10,"dupli_trip":null,"accesorio":"NO","angulo":79,"catfis":"7","descripcion":"10"}},{"type":"Feature","id":275298,"geometry":{"type":"Point","coordinates":[-0.37883625165403612,39.523513963940069]},"properties":{"objectid":275298,"codvia":13350,"numportal":11,"dupli_trip":null,"accesorio":"NO","angulo":359,"catfis":"7","descripcion":"11"}},{"type":"Feature","id":275300,"geometry":{"type":"Point","coordinates":[-0.35858960735769524,39.48390566386378]},"properties":{"objectid":275300,"codvia":57600,"numportal":40,"dupli_trip":null,"accesorio":"SI","angulo":342,"catfis":"7","descripcion":"40ac"}},{"type":"Feature","id":275301,"geometry":{"type":"Point","coordinates":[-0.37481408286423445,39.440905793285594]},"properties":{"objectid":275301,"codvia":49320,"numportal":17,"dupli_trip":null,"accesorio":"NO","angulo":343,"catfis":"7","descripcion":"17"}},{"type":"Feature","id":275302,"geometry":{"type":"Point","coordinates":[-0.37771367355313262,39.480266120342804]},"properties":{"objectid":275302,"codvia":11400,"numportal":13,"dupli_trip":null,"accesorio":"NO","angulo":320,"catfis":"4","descripcion":"13"}},{"type":"Feature","id":275303,"geometry":{"type":"Point","coordinates":[-0.38588009044900712,39.452801823150402]},"properties":{"objectid":275303,"codvia":38520,"numportal":10,"dupli_trip":null,"accesorio":"NO","angulo":353,"catfis":"7","descripcion":"10"}},{"type":"Feature","id":275304,"geometry":{"type":"Point","coordinates":[-0.33269778177260767,39.383056422453507]},"properties":{"objectid":275304,"codvia":23160,"numportal":7,"dupli_trip":null,"accesorio":"SI","angulo":90,"catfis":"7","descripcion":"7ac"}},{"type":"Feature","id":275305,"geometry":{"type":"Point","coordinates":[-0.32709374881121378,39.466429698390712]},"properties":{"objectid":275305,"codvia":22800,"numportal":16,"dupli_trip":null,"accesorio":"SI","angulo":85,"catfis":"7","descripcion":"16ac"}},{"type":"Feature","id":275306,"geometry":{"type":"Point","coordinates":[-0.38780341594095408,39.494430836631842]},"properties":{"objectid":275306,"codvia":80630,"numportal":53,"dupli_trip":null,"accesorio":"NO","angulo":38,"catfis":"7","descripcion":"53"}},{"type":"Feature","id":275307,"geometry":{"type":"Point","coordinates":[-0.38418006393637072,39.477681566960882]},"properties":{"objectid":275307,"codvia":57180,"numportal":2,"dupli_trip":null,"accesorio":"NO","angulo":353,"catfis":"6","descripcion":"2"}},{"type":"Feature","id":275309,"geometry":{"type":"Point","coordinates":[-0.3922349406487628,39.434010262289497]},"properties":{"objectid":275309,"codvia":5010,"numportal":26,"dupli_trip":null,"accesorio":"NO","angulo":75,"catfis":"7","descripcion":"26"}},{"type":"Feature","id":275310,"geometry":{"type":"Point","coordinates":[-0.33442158318096316,39.473025908185072]},"properties":{"objectid":275310,"codvia":12720,"numportal":43,"dupli_trip":null,"accesorio":"SI","angulo":342,"catfis":"7","descripcion":"43ac"}},{"type":"Feature","id":275311,"geometry":{"type":"Point","coordinates":[-0.37994515368829107,39.496970670854331]},"properties":{"objectid":275311,"codvia":2160,"numportal":48,"dupli_trip":null,"accesorio":"NO","angulo":20,"catfis":"7","descripcion":"48"}},{"type":"Feature","id":275312,"geometry":{"type":"Point","coordinates":[-0.36855789691373492,39.486156318675832]},"properties":{"objectid":275312,"codvia":1440,"numportal":63,"dupli_trip":null,"accesorio":"NO","angulo":72,"catfis":"6","descripcion":"63"}},{"type":"Feature","id":275313,"geometry":{"type":"Point","coordinates":[-0.37719740294939308,39.479635745388308]},"properties":{"objectid":275313,"codvia":32550,"numportal":15,"dupli_trip":null,"accesorio":"NO","angulo":51,"catfis":"7","descripcion":"15"}},{"type":"Feature","id":275314,"geometry":{"type":"Point","coordinates":[-0.37290995281130018,39.471530823399355]},"properties":{"objectid":275314,"codvia":48600,"numportal":21,"dupli_trip":null,"accesorio":"SI","angulo":42,"catfis":"2","descripcion":"21ac"}},{"type":"Feature","id":275315,"geometry":{"type":"Point","coordinates":[-0.38723048207025873,39.488649268666265]},"properties":{"objectid":275315,"codvia":10920,"numportal":5,"dupli_trip":null,"accesorio":"NO","angulo":292,"catfis":"7","descripcion":"5"}},{"type":"Feature","id":276074,"geometry":{"type":"Point","coordinates":[-0.35721395164954867,39.486084916331293]},"properties":{"objectid":276074,"codvia":51300,"numportal":23,"dupli_trip":"DUPL","accesorio":"SI","angulo":354,"catfis":"7","descripcion":"23dupac"}},{"type":"Feature","id":276076,"geometry":{"type":"Point","coordinates":[-0.32703327712565988,39.467628793088295]},"properties":{"objectid":276076,"codvia":47580,"numportal":31,"dupli_trip":null,"accesorio":"NO","angulo":357,"catfis":"4","descripcion":"31"}},{"type":"Feature","id":276077,"geometry":{"type":"Point","coordinates":[-0.38939184639931607,39.489107703151333]},"properties":{"objectid":276077,"codvia":70770,"numportal":7,"dupli_trip":null,"accesorio":"NO","angulo":70,"catfis":"6","descripcion":"7"}},{"type":"Feature","id":276078,"geometry":{"type":"Point","coordinates":[-0.36833749170185409,39.494520115154486]},"properties":{"objectid":276078,"codvia":6870,"numportal":46,"dupli_trip":null,"accesorio":"NO","angulo":50,"catfis":"7","descripcion":"46"}},{"type":"Feature","id":276079,"geometry":{"type":"Point","coordinates":[-0.38126585602677793,39.477761945387705]},"properties":{"objectid":276079,"codvia":20850,"numportal":7,"dupli_trip":null,"accesorio":"NO","angulo":345,"catfis":"4","descripcion":"7"}},{"type":"Feature","id":276080,"geometry":{"type":"Point","coordinates":[-0.29010128807553553,39.29972485304377]},"properties":{"objectid":276080,"codvia":32880,"numportal":131,"dupli_trip":null,"accesorio":"NO","angulo":295,"catfis":"6","descripcion":"131"}},{"type":"Feature","id":276081,"geometry":{"type":"Point","coordinates":[-0.34367643360907668,39.455469522149876]},"properties":{"objectid":276081,"codvia":81608,"numportal":25,"dupli_trip":null,"accesorio":"NO","angulo":327,"catfis":"7","descripcion":"25"}},{"type":"Feature","id":276082,"geometry":{"type":"Point","coordinates":[-0.37147216549209411,39.475264929965718]},"properties":{"objectid":276082,"codvia":33960,"numportal":21,"dupli_trip":null,"accesorio":"NO","angulo":64,"catfis":"4","descripcion":"21"}},{"type":"Feature","id":276083,"geometry":{"type":"Point","coordinates":[-0.3910354002675096,39.525832416750845]},"properties":{"objectid":276083,"codvia":9060,"numportal":20,"dupli_trip":null,"accesorio":"NO","angulo":0,"catfis":"7","descripcion":"20"}},{"type":"Feature","id":276084,"geometry":{"type":"Point","coordinates":[-0.38386318237000328,39.454390147606453]},"properties":{"objectid":276084,"codvia":49530,"numportal":5,"dupli_trip":null,"accesorio":"NO","angulo":347,"catfis":"7","descripcion":"5"}},{"type":"Feature","id":276086,"geometry":{"type":"Point","coordinates":[-0.3756900294759522,39.492676718413804]},"properties":{"objectid":276086,"codvia":20280,"numportal":14,"dupli_trip":null,"accesorio":"NO","angulo":287,"catfis":"7","descripcion":"14"}},{"type":"Feature","id":276087,"geometry":{"type":"Point","coordinates":[-0.36244180869292597,39.457400445770574]},"properties":{"objectid":276087,"codvia":40950,"numportal":19,"dupli_trip":null,"accesorio":"SI","angulo":301,"catfis":"6","descripcion":"19ac"}},{"type":"Feature","id":276088,"geometry":{"type":"Point","coordinates":[-0.29804737893317346,39.308231087192674]},"properties":{"objectid":276088,"codvia":32880,"numportal":21,"dupli_trip":null,"accesorio":"NO","angulo":313,"catfis":"7","descripcion":"21"}},{"type":"Feature","id":276090,"geometry":{"type":"Point","coordinates":[-0.39654057145842936,39.464843804022472]},"properties":{"objectid":276090,"codvia":80300,"numportal":5,"dupli_trip":null,"accesorio":"NO","angulo":349,"catfis":"7","descripcion":"5"}},{"type":"Feature","id":276092,"geometry":{"type":"Point","coordinates":[-0.39973770026239064,39.485233702224384]},"properties":{"objectid":276092,"codvia":81278,"numportal":8,"dupli_trip":null,"accesorio":"NO","angulo":31,"catfis":"4","descripcion":"8"}},{"type":"Feature","id":276323,"geometry":{"type":"Point","coordinates":[-0.3372233459410009,39.419056798947956]},"properties":{"objectid":276323,"codvia":74550,"numportal":21,"dupli_trip":null,"accesorio":"NO","angulo":74,"catfis":"7","descripcion":"21"}},{"type":"Feature","id":276325,"geometry":{"type":"Point","coordinates":[-0.38225251169024071,39.467409791978774]},"properties":{"objectid":276325,"codvia":38250,"numportal":23,"dupli_trip":null,"accesorio":"NO","angulo":62,"catfis":"2","descripcion":"23"}},{"type":"Feature","id":276326,"geometry":{"type":"Point","coordinates":[-0.38771202104532587,39.488133747762348]},"properties":{"objectid":276326,"codvia":34170,"numportal":10,"dupli_trip":null,"accesorio":"NO","angulo":292,"catfis":"6","descripcion":"10"}},{"type":"Feature","id":276327,"geometry":{"type":"Point","coordinates":[-0.39065972148120559,39.460240003940562]},"properties":{"objectid":276327,"codvia":37680,"numportal":6,"dupli_trip":null,"accesorio":"NO","angulo":62,"catfis":"6","descripcion":"6"}},{"type":"Feature","id":262155,"geometry":{"type":"Point","coordinates":[-0.38885068115241223,39.497293485006374]},"properties":{"objectid":262155,"codvia":81845,"numportal":16,"dupli_trip":null,"accesorio":"NO","angulo":310,"catfis":"E","descripcion":"16"}},{"type":"Feature","id":234031,"geometry":{"type":"Point","coordinates":[-0.38889379771394611,39.497334479969879]},"properties":{"objectid":234031,"codvia":81845,"numportal":18,"dupli_trip":null,"accesorio":"NO","angulo":310,"catfis":"E","descripcion":"18"}},{"type":"Feature","id":286418,"geometry":{"type":"Point","coordinates":[-0.34963992371258457,39.457779505643572]},"properties":{"objectid":286418,"codvia":58710,"numportal":47,"dupli_trip":"B","accesorio":"NO","angulo":320,"catfis":"2","descripcion":"47B"}},{"type":"Feature","id":275506,"geometry":{"type":"Point","coordinates":[-0.3796866104290198,39.495918931356591]},"properties":{"objectid":275506,"codvia":37710,"numportal":55,"dupli_trip":null,"accesorio":"NO","angulo":17,"catfis":"7","descripcion":"55"}},{"type":"Feature","id":275508,"geometry":{"type":"Point","coordinates":[-0.37270394788692979,39.450415098106042]},"properties":{"objectid":275508,"codvia":51990,"numportal":10,"dupli_trip":null,"accesorio":"SI","angulo":31,"catfis":"6","descripcion":"10ac"}},{"type":"Feature","id":275218,"geometry":{"type":"Point","coordinates":[-0.39830475343105054,39.476665623009502]},"properties":{"objectid":275218,"codvia":81252,"numportal":6,"dupli_trip":null,"accesorio":"NO","angulo":14,"catfis":"3","descripcion":"6"}},{"type":"Feature","id":275219,"geometry":{"type":"Point","coordinates":[-0.33342261701661652,39.447000062698564]},"properties":{"objectid":275219,"codvia":36720,"numportal":20,"dupli_trip":null,"accesorio":"NO","angulo":75,"catfis":"7","descripcion":"20"}},{"type":"Feature","id":275220,"geometry":{"type":"Point","coordinates":[-0.39833719110865012,39.471961644729092]},"properties":{"objectid":275220,"codvia":34380,"numportal":37,"dupli_trip":null,"accesorio":"NO","angulo":88,"catfis":"6","descripcion":"37"}},{"type":"Feature","id":275221,"geometry":{"type":"Point","coordinates":[-0.37942346554987721,39.491945163966754]},"properties":{"objectid":275221,"codvia":33240,"numportal":1,"dupli_trip":null,"accesorio":"NO","angulo":17,"catfis":"6","descripcion":"1"}},{"type":"Feature","id":275222,"geometry":{"type":"Point","coordinates":[-0.39153534096857623,39.449771715864912]},"properties":{"objectid":275222,"codvia":23820,"numportal":50,"dupli_trip":null,"accesorio":"NO","angulo":348,"catfis":"6","descripcion":"50"}},{"type":"Feature","id":275224,"geometry":{"type":"Point","coordinates":[-0.35262059020388636,39.463979002832147]},"properties":{"objectid":275224,"codvia":7470,"numportal":57,"dupli_trip":null,"accesorio":"NO","angulo":346,"catfis":"6","descripcion":"57"}},{"type":"Feature","id":275225,"geometry":{"type":"Point","coordinates":[-0.37880694477641652,39.466140740964093]},"properties":{"objectid":275225,"codvia":56820,"numportal":23,"dupli_trip":null,"accesorio":"NO","angulo":75,"catfis":"4","descripcion":"23"}},{"type":"Feature","id":275226,"geometry":{"type":"Point","coordinates":[-0.4001918125747661,39.473554145771303]},"properties":{"objectid":275226,"codvia":17160,"numportal":44,"dupli_trip":null,"accesorio":"NO","angulo":18,"catfis":"6","descripcion":"44"}},{"type":"Feature","id":275227,"geometry":{"type":"Point","coordinates":[-0.37552375019779277,39.473343083896644]},"properties":{"objectid":275227,"codvia":68610,"numportal":2,"dupli_trip":null,"accesorio":"SI","angulo":349,"catfis":"4","descripcion":"2ac"}},{"type":"Feature","id":275228,"geometry":{"type":"Point","coordinates":[-0.39596428331570682,39.471110991215191]},"properties":{"objectid":275228,"codvia":12180,"numportal":14,"dupli_trip":null,"accesorio":"NO","angulo":339,"catfis":"6","descripcion":"14"}},{"type":"Feature","id":275229,"geometry":{"type":"Point","coordinates":[-0.35384768297622676,39.477360687442491]},"properties":{"objectid":275229,"codvia":34290,"numportal":9,"dupli_trip":null,"accesorio":"NO","angulo":319,"catfis":"4","descripcion":"9"}},{"type":"Feature","id":275230,"geometry":{"type":"Point","coordinates":[-0.39145987977950863,39.434766552900776]},"properties":{"objectid":275230,"codvia":75360,"numportal":13,"dupli_trip":null,"accesorio":"SI","angulo":86,"catfis":"7","descripcion":"13ac"}},{"type":"Feature","id":275231,"geometry":{"type":"Point","coordinates":[-0.40034649287128343,39.465301867894112]},"properties":{"objectid":275231,"codvia":81108,"numportal":12,"dupli_trip":null,"accesorio":"SI","angulo":349,"catfis":"7","descripcion":"12ac"}},{"type":"Feature","id":275233,"geometry":{"type":"Point","coordinates":[-0.38153605382495975,39.468513527157171]},"properties":{"objectid":275233,"codvia":38250,"numportal":4,"dupli_trip":null,"accesorio":"NO","angulo":62,"catfis":"2","descripcion":"4"}},{"type":"Feature","id":275234,"geometry":{"type":"Point","coordinates":[-0.36658911480497186,39.492654166535758]},"properties":{"objectid":275234,"codvia":6900,"numportal":38,"dupli_trip":null,"accesorio":"NO","angulo":321,"catfis":"7","descripcion":"38"}},{"type":"Feature","id":275235,"geometry":{"type":"Point","coordinates":[-0.35927170810714626,39.486993963348233]},"properties":{"objectid":275235,"codvia":68640,"numportal":1,"dupli_trip":null,"accesorio":"SI","angulo":351,"catfis":"7","descripcion":"1ac"}},{"type":"Feature","id":275236,"geometry":{"type":"Point","coordinates":[-0.37648829091386721,39.497174552572908]},"properties":{"objectid":275236,"codvia":46260,"numportal":100,"dupli_trip":null,"accesorio":"NO","angulo":288,"catfis":"7","descripcion":"100"}},{"type":"Feature","id":275237,"geometry":{"type":"Point","coordinates":[-0.36704593308652694,39.470366920303391]},"properties":{"objectid":275237,"codvia":71820,"numportal":23,"dupli_trip":null,"accesorio":"NO","angulo":320,"catfis":"E","descripcion":"23"}},{"type":"Feature","id":275238,"geometry":{"type":"Point","coordinates":[-0.34372044895288806,39.462463753385776]},"properties":{"objectid":275238,"codvia":37470,"numportal":130,"dupli_trip":null,"accesorio":"NO","angulo":334,"catfis":"3","descripcion":"130"}},{"type":"Feature","id":275239,"geometry":{"type":"Point","coordinates":[-0.37190103749336711,39.473566483109373]},"properties":{"objectid":275239,"codvia":45090,"numportal":42,"dupli_trip":null,"accesorio":"NO","angulo":329,"catfis":"2","descripcion":"42"}},{"type":"Feature","id":275240,"geometry":{"type":"Point","coordinates":[-0.36171662395031529,39.483725188652457]},"properties":{"objectid":275240,"codvia":76200,"numportal":8,"dupli_trip":null,"accesorio":"NO","angulo":47,"catfis":"6","descripcion":"8"}},{"type":"Feature","id":275241,"geometry":{"type":"Point","coordinates":[-0.37926841339521894,39.49190662277811]},"properties":{"objectid":275241,"codvia":49500,"numportal":63,"dupli_trip":null,"accesorio":"NO","angulo":294,"catfis":"6","descripcion":"63"}},{"type":"Feature","id":276005,"geometry":{"type":"Point","coordinates":[-0.32964192062890729,39.466897708621133]},"properties":{"objectid":276005,"codvia":9000,"numportal":87,"dupli_trip":null,"accesorio":"NO","angulo":355,"catfis":"7","descripcion":"87"}},{"type":"Feature","id":276006,"geometry":{"type":"Point","coordinates":[-0.41084100595686401,39.466305817305845]},"properties":{"objectid":276006,"codvia":16230,"numportal":30,"dupli_trip":null,"accesorio":"NO","angulo":339,"catfis":"7","descripcion":"30"}},{"type":"Feature","id":276007,"geometry":{"type":"Point","coordinates":[-0.37836030340502935,39.496149159477625]},"properties":{"objectid":276007,"codvia":40110,"numportal":9,"dupli_trip":null,"accesorio":"NO","angulo":289,"catfis":"7","descripcion":"9"}},{"type":"Feature","id":276008,"geometry":{"type":"Point","coordinates":[-0.34170998428918442,39.459535304729584]},"properties":{"objectid":276008,"codvia":8250,"numportal":127,"dupli_trip":null,"accesorio":"NO","angulo":345,"catfis":"6","descripcion":"127"}},{"type":"Feature","id":276009,"geometry":{"type":"Point","coordinates":[-0.38143240180853882,39.476224915050267]},"properties":{"objectid":276009,"codvia":62010,"numportal":22,"dupli_trip":null,"accesorio":"NO","angulo":5,"catfis":"4","descripcion":"22"}},{"type":"Feature","id":276010,"geometry":{"type":"Point","coordinates":[-0.37981702313068633,39.446966653563585]},"properties":{"objectid":276010,"codvia":44460,"numportal":89,"dupli_trip":null,"accesorio":"NO","angulo":81,"catfis":"5","descripcion":"89"}},{"type":"Feature","id":276011,"geometry":{"type":"Point","coordinates":[-0.35961185263324363,39.429557017971518]},"properties":{"objectid":276011,"codvia":47370,"numportal":28,"dupli_trip":null,"accesorio":"NO","angulo":75,"catfis":"7","descripcion":"28"}},{"type":"Feature","id":276012,"geometry":{"type":"Point","coordinates":[-0.37979817569294233,39.497269997044306]},"properties":{"objectid":276012,"codvia":81566,"numportal":3,"dupli_trip":null,"accesorio":"NO","angulo":289,"catfis":"7","descripcion":"3"}},{"type":"Feature","id":276013,"geometry":{"type":"Point","coordinates":[-0.38552626102390775,39.477808779064276]},"properties":{"objectid":276013,"codvia":74280,"numportal":65,"dupli_trip":null,"accesorio":"NO","angulo":274,"catfis":"4","descripcion":"65"}},{"type":"Feature","id":276014,"geometry":{"type":"Point","coordinates":[-0.35832248540426054,39.482108020020462]},"properties":{"objectid":276014,"codvia":81345,"numportal":2,"dupli_trip":null,"accesorio":"NO","angulo":0,"catfis":"4","descripcion":"2"}},{"type":"Feature","id":276015,"geometry":{"type":"Point","coordinates":[-0.32711392343734291,39.482003136880586]},"properties":{"objectid":276015,"codvia":5970,"numportal":80,"dupli_trip":null,"accesorio":"NO","angulo":89,"catfis":"7","descripcion":"80"}},{"type":"Feature","id":276016,"geometry":{"type":"Point","coordinates":[-0.37188065837784168,39.473811052216682]},"properties":{"objectid":276016,"codvia":33960,"numportal":1,"dupli_trip":null,"accesorio":"SI","angulo":90,"catfis":"4","descripcion":"1ac"}},{"type":"Feature","id":276017,"geometry":{"type":"Point","coordinates":[-0.40891643101073699,39.463998072558717]},"properties":{"objectid":276017,"codvia":19380,"numportal":16,"dupli_trip":null,"accesorio":"NO","angulo":37,"catfis":"7","descripcion":"16"}},{"type":"Feature","id":276018,"geometry":{"type":"Point","coordinates":[-0.419969140542371,39.501031726922086]},"properties":{"objectid":276018,"codvia":13470,"numportal":6,"dupli_trip":null,"accesorio":"NO","angulo":284,"catfis":"7","descripcion":"6"}},{"type":"Feature","id":276019,"geometry":{"type":"Point","coordinates":[-0.35337557044186158,39.471951643659168]},"properties":{"objectid":276019,"codvia":77940,"numportal":3,"dupli_trip":null,"accesorio":"NO","angulo":25,"catfis":"4","descripcion":"3"}},{"type":"Feature","id":276021,"geometry":{"type":"Point","coordinates":[-0.39700995557055874,39.462819582924503]},"properties":{"objectid":276021,"codvia":6390,"numportal":75,"dupli_trip":null,"accesorio":"NO","angulo":52,"catfis":"4","descripcion":"75"}},{"type":"Feature","id":276022,"geometry":{"type":"Point","coordinates":[-0.35597060820464638,39.441206543716476]},"properties":{"objectid":276022,"codvia":31740,"numportal":195,"dupli_trip":null,"accesorio":"NO","angulo":265,"catfis":"7","descripcion":"195"}},{"type":"Feature","id":276024,"geometry":{"type":"Point","coordinates":[-0.34882917350746062,39.468136564615655]},"properties":{"objectid":276024,"codvia":56970,"numportal":1,"dupli_trip":null,"accesorio":"SI","angulo":346,"catfis":"6","descripcion":"1ac"}},{"type":"Feature","id":276025,"geometry":{"type":"Point","coordinates":[-0.39007036094409436,39.515706683143804]},"properties":{"objectid":276025,"codvia":1830,"numportal":13,"dupli_trip":null,"accesorio":"NO","angulo":61,"catfis":"7","descripcion":"13"}},{"type":"Feature","id":276026,"geometry":{"type":"Point","coordinates":[-0.38676677000130932,39.457416581599304]},"properties":{"objectid":276026,"codvia":74400,"numportal":33,"dupli_trip":null,"accesorio":"NO","angulo":90,"catfis":"6","descripcion":"33"}},{"type":"Feature","id":276027,"geometry":{"type":"Point","coordinates":[-0.37683735295795806,39.475974815708192]},"properties":{"objectid":276027,"codvia":19080,"numportal":2,"dupli_trip":null,"accesorio":"SI","angulo":275,"catfis":"4","descripcion":"2ac"}},{"type":"Feature","id":276028,"geometry":{"type":"Point","coordinates":[-0.36624370486679664,39.430836266208466]},"properties":{"objectid":276028,"codvia":3360,"numportal":54,"dupli_trip":null,"accesorio":"NO","angulo":350,"catfis":"7","descripcion":"54"}},{"type":"Feature","id":276029,"geometry":{"type":"Point","coordinates":[-0.33944165180247726,39.460168523026482]},"properties":{"objectid":276029,"codvia":36690,"numportal":11,"dupli_trip":null,"accesorio":"SI","angulo":348,"catfis":"6","descripcion":"11ac"}},{"type":"Feature","id":276030,"geometry":{"type":"Point","coordinates":[-0.37086234034480059,39.493851915464475]},"properties":{"objectid":276030,"codvia":55140,"numportal":65,"dupli_trip":null,"accesorio":"NO","angulo":54,"catfis":"7","descripcion":"65"}},{"type":"Feature","id":276244,"geometry":{"type":"Point","coordinates":[-0.38523305662272,39.46694992988413]},"properties":{"objectid":276244,"codvia":36000,"numportal":18,"dupli_trip":null,"accesorio":"NO","angulo":31,"catfis":"3","descripcion":"18"}},{"type":"Feature","id":275513,"geometry":{"type":"Point","coordinates":[-0.3311268396754436,39.466353072104226]},"properties":{"objectid":275513,"codvia":28140,"numportal":115,"dupli_trip":null,"accesorio":"NO","angulo":84,"catfis":"7","descripcion":"115"}},{"type":"Feature","id":276245,"geometry":{"type":"Point","coordinates":[-0.38724869439980941,39.457536792802557]},"properties":{"objectid":276245,"codvia":64830,"numportal":32,"dupli_trip":null,"accesorio":"NO","angulo":334,"catfis":"6","descripcion":"32"}},{"type":"Feature","id":276246,"geometry":{"type":"Point","coordinates":[-0.3429480314874504,39.462317838272938]},"properties":{"objectid":276246,"codvia":37470,"numportal":213,"dupli_trip":null,"accesorio":"SI","angulo":333,"catfis":"4","descripcion":"213ac"}},{"type":"Feature","id":276247,"geometry":{"type":"Point","coordinates":[-0.326849723883821,39.481545596599091]},"properties":{"objectid":276247,"codvia":17820,"numportal":117,"dupli_trip":null,"accesorio":"NO","angulo":91,"catfis":"7","descripcion":"117"}},{"type":"Feature","id":276249,"geometry":{"type":"Point","coordinates":[-0.37853725274343708,39.471223036488716]},"properties":{"objectid":276249,"codvia":51870,"numportal":27,"dupli_trip":null,"accesorio":"SI","angulo":62,"catfis":"2","descripcion":"27ac"}},{"type":"Feature","id":276250,"geometry":{"type":"Point","coordinates":[-0.36338653597458687,39.466420320283689]},"properties":{"objectid":276250,"codvia":12600,"numportal":52,"dupli_trip":null,"accesorio":"NO","angulo":31,"catfis":"1","descripcion":"52"}},{"type":"Feature","id":276251,"geometry":{"type":"Point","coordinates":[-0.38985857412813185,39.457535652955599]},"properties":{"objectid":276251,"codvia":32790,"numportal":18,"dupli_trip":null,"accesorio":"NO","angulo":64,"catfis":"4","descripcion":"18"}},{"type":"Feature","id":276252,"geometry":{"type":"Point","coordinates":[-0.39125954673742497,39.463215626375593]},"properties":{"objectid":276252,"codvia":20730,"numportal":8,"dupli_trip":null,"accesorio":"NO","angulo":62,"catfis":"6","descripcion":"8"}},{"type":"Feature","id":276253,"geometry":{"type":"Point","coordinates":[-0.37307285640424948,39.474980899256465]},"properties":{"objectid":276253,"codvia":8520,"numportal":10,"dupli_trip":null,"accesorio":"SI","angulo":88,"catfis":"4","descripcion":"10ac"}},{"type":"Feature","id":276254,"geometry":{"type":"Point","coordinates":[-0.36991718103140436,39.465911975466085]},"properties":{"objectid":276254,"codvia":44070,"numportal":6,"dupli_trip":null,"accesorio":"NO","angulo":301,"catfis":"1","descripcion":"6"}},{"type":"Feature","id":276255,"geometry":{"type":"Point","coordinates":[-0.37647345767612506,39.459534260483203]},"properties":{"objectid":276255,"codvia":41850,"numportal":36,"dupli_trip":null,"accesorio":"NO","angulo":29,"catfis":"4","descripcion":"36"}},{"type":"Feature","id":276256,"geometry":{"type":"Point","coordinates":[-0.37845592330710404,39.450318686400053]},"properties":{"objectid":276256,"codvia":81553,"numportal":5,"dupli_trip":null,"accesorio":"SI","angulo":351,"catfis":"7","descripcion":"5ac"}},{"type":"Feature","id":276257,"geometry":{"type":"Point","coordinates":[-0.35146387443501748,39.47325079091619]},"properties":{"objectid":276257,"codvia":63600,"numportal":21,"dupli_trip":null,"accesorio":"NO","angulo":71,"catfis":"6","descripcion":"21"}},{"type":"Feature","id":276258,"geometry":{"type":"Point","coordinates":[-0.3949365870642238,39.491625854443036]},"properties":{"objectid":276258,"codvia":69180,"numportal":43,"dupli_trip":null,"accesorio":"SI","angulo":310,"catfis":"7","descripcion":"43ac"}},{"type":"Feature","id":276259,"geometry":{"type":"Point","coordinates":[-0.3480420460734841,39.468606969744016]},"properties":{"objectid":276259,"codvia":61710,"numportal":51,"dupli_trip":null,"accesorio":"NO","angulo":342,"catfis":"6","descripcion":"51"}},{"type":"Feature","id":276261,"geometry":{"type":"Point","coordinates":[-0.38660544501574945,39.467763368635424]},"properties":{"objectid":276261,"codvia":52260,"numportal":14,"dupli_trip":null,"accesorio":"NO","angulo":337,"catfis":"3","descripcion":"14"}},{"type":"Feature","id":276262,"geometry":{"type":"Point","coordinates":[-0.39031358896172891,39.514136748882649]},"properties":{"objectid":276262,"codvia":11790,"numportal":12,"dupli_trip":null,"accesorio":"NO","angulo":328,"catfis":"7","descripcion":"12"}},{"type":"Feature","id":276263,"geometry":{"type":"Point","coordinates":[-0.38796998083365375,39.459284412275188]},"properties":{"objectid":276263,"codvia":38220,"numportal":4,"dupli_trip":null,"accesorio":"NO","angulo":336,"catfis":"4","descripcion":"4"}},{"type":"Feature","id":276264,"geometry":{"type":"Point","coordinates":[-0.34200864440156381,39.464835457279634]},"properties":{"objectid":276264,"codvia":44250,"numportal":25,"dupli_trip":null,"accesorio":"NO","angulo":72,"catfis":"6","descripcion":"25"}},{"type":"Feature","id":276266,"geometry":{"type":"Point","coordinates":[-0.33494024879829282,39.462738992462832]},"properties":{"objectid":276266,"codvia":68220,"numportal":7,"dupli_trip":null,"accesorio":"NO","angulo":87,"catfis":"6","descripcion":"7"}},{"type":"Feature","id":276267,"geometry":{"type":"Point","coordinates":[-0.39861090939479021,39.46426670843546]},"properties":{"objectid":276267,"codvia":80360,"numportal":14,"dupli_trip":null,"accesorio":"NO","angulo":349,"catfis":"7","descripcion":"14"}},{"type":"Feature","id":276268,"geometry":{"type":"Point","coordinates":[-0.37999839511963923,39.470457816785974]},"properties":{"objectid":276268,"codvia":8790,"numportal":40,"dupli_trip":null,"accesorio":"NO","angulo":64,"catfis":"3","descripcion":"40"}},{"type":"Feature","id":276269,"geometry":{"type":"Point","coordinates":[-0.36597586147413042,39.424234387556972]},"properties":{"objectid":276269,"codvia":81552,"numportal":4,"dupli_trip":null,"accesorio":"NO","angulo":71,"catfis":"7","descripcion":"4"}},{"type":"Feature","id":276270,"geometry":{"type":"Point","coordinates":[-0.36251724827786752,39.454970683995789]},"properties":{"objectid":276270,"codvia":33480,"numportal":64,"dupli_trip":null,"accesorio":"NO","angulo":301,"catfis":"7","descripcion":"64"}},{"type":"Feature","id":275509,"geometry":{"type":"Point","coordinates":[-0.39444856815573859,39.481848325802339]},"properties":{"objectid":275509,"codvia":32850,"numportal":3,"dupli_trip":null,"accesorio":"SI","angulo":32,"catfis":"4","descripcion":"3ac"}},{"type":"Feature","id":275510,"geometry":{"type":"Point","coordinates":[-0.32990197931750637,39.466430635364596]},"properties":{"objectid":275510,"codvia":54660,"numportal":86,"dupli_trip":null,"accesorio":"SI","angulo":86,"catfis":"7","descripcion":"86ac"}},{"type":"Feature","id":275511,"geometry":{"type":"Point","coordinates":[-0.36639650056881828,39.477316134703266]},"properties":{"objectid":275511,"codvia":41260,"numportal":2,"dupli_trip":null,"accesorio":"NO","angulo":13,"catfis":"1","descripcion":"2"}},{"type":"Feature","id":275512,"geometry":{"type":"Point","coordinates":[-0.37450372470913879,39.47389783075819]},"properties":{"objectid":275512,"codvia":32370,"numportal":2,"dupli_trip":null,"accesorio":"SI","angulo":77,"catfis":"6","descripcion":"2ac"}},{"type":"Feature","id":275514,"geometry":{"type":"Point","coordinates":[-0.33965348493493486,39.461486560883372]},"properties":{"objectid":275514,"codvia":37470,"numportal":251,"dupli_trip":null,"accesorio":"NO","angulo":356,"catfis":"6","descripcion":"251"}},{"type":"Feature","id":275515,"geometry":{"type":"Point","coordinates":[-0.32983134609674997,39.472114775256294]},"properties":{"objectid":275515,"codvia":58530,"numportal":23,"dupli_trip":null,"accesorio":"NO","angulo":354,"catfis":"4","descripcion":"23"}},{"type":"Feature","id":275516,"geometry":{"type":"Point","coordinates":[-0.39507703167919567,39.462773076122922]},"properties":{"objectid":275516,"codvia":37020,"numportal":28,"dupli_trip":null,"accesorio":"NO","angulo":329,"catfis":"6","descripcion":"28"}},{"type":"Feature","id":275517,"geometry":{"type":"Point","coordinates":[-0.38095114304327193,39.46366289564974]},"properties":{"objectid":275517,"codvia":67080,"numportal":13,"dupli_trip":null,"accesorio":"NO","angulo":359,"catfis":"3","descripcion":"13"}},{"type":"Feature","id":275518,"geometry":{"type":"Point","coordinates":[-0.33105471095658268,39.473736946807712]},"properties":{"objectid":275518,"codvia":52650,"numportal":45,"dupli_trip":null,"accesorio":"NO","angulo":85,"catfis":"7","descripcion":"45"}},{"type":"Feature","id":275519,"geometry":{"type":"Point","coordinates":[-0.38793747475402895,39.473891236587995]},"properties":{"objectid":275519,"codvia":30000,"numportal":49,"dupli_trip":null,"accesorio":"NO","angulo":302,"catfis":"2","descripcion":"49"}},{"type":"Feature","id":275520,"geometry":{"type":"Point","coordinates":[-0.33530443580348268,39.447535686183443]},"properties":{"objectid":275520,"codvia":13920,"numportal":7,"dupli_trip":"DUPL","accesorio":"SI","angulo":86,"catfis":"7","descripcion":"7dupac"}},{"type":"Feature","id":275521,"geometry":{"type":"Point","coordinates":[-0.39571913056320124,39.473372297345684]},"properties":{"objectid":275521,"codvia":18270,"numportal":7,"dupli_trip":null,"accesorio":"NO","angulo":1,"catfis":"6","descripcion":"7"}},{"type":"Feature","id":275522,"geometry":{"type":"Point","coordinates":[-0.34506307690983662,39.470246740174687]},"properties":{"objectid":275522,"codvia":39120,"numportal":10,"dupli_trip":null,"accesorio":"NO","angulo":84,"catfis":"6","descripcion":"10"}},{"type":"Feature","id":275525,"geometry":{"type":"Point","coordinates":[-0.35617037464193524,39.473896805011229]},"properties":{"objectid":275525,"codvia":81310,"numportal":38,"dupli_trip":null,"accesorio":"NO","angulo":279,"catfis":"1","descripcion":"38"}},{"type":"Feature","id":275526,"geometry":{"type":"Point","coordinates":[-0.39121161320207787,39.493224457511374]},"properties":{"objectid":275526,"codvia":8700,"numportal":7,"dupli_trip":null,"accesorio":"NO","angulo":338,"catfis":"7","descripcion":"7"}},{"type":"Feature","id":275527,"geometry":{"type":"Point","coordinates":[-0.39021673947240998,39.462399283923048]},"properties":{"objectid":275527,"codvia":8880,"numportal":2,"dupli_trip":null,"accesorio":"SI","angulo":299,"catfis":"5","descripcion":"2ac"}},{"type":"Feature","id":275528,"geometry":{"type":"Point","coordinates":[-0.37482705094198249,39.492729195295745]},"properties":{"objectid":275528,"codvia":46260,"numportal":10,"dupli_trip":null,"accesorio":"NO","angulo":288,"catfis":"7","descripcion":"10"}},{"type":"Feature","id":275529,"geometry":{"type":"Point","coordinates":[-0.32646615932478801,39.48338432385772]},"properties":{"objectid":275529,"codvia":17820,"numportal":180,"dupli_trip":null,"accesorio":"NO","angulo":83,"catfis":"7","descripcion":"180"}},{"type":"Feature","id":275530,"geometry":{"type":"Point","coordinates":[-0.33732453516484617,39.418988442655895]},"properties":{"objectid":275530,"codvia":74550,"numportal":17,"dupli_trip":null,"accesorio":"NO","angulo":74,"catfis":"7","descripcion":"17"}},{"type":"Feature","id":275531,"geometry":{"type":"Point","coordinates":[-0.36142603783842686,39.482252955309789]},"properties":{"objectid":275531,"codvia":2130,"numportal":16,"dupli_trip":null,"accesorio":"NO","angulo":71,"catfis":"3","descripcion":"16"}},{"type":"Feature","id":275532,"geometry":{"type":"Point","coordinates":[-0.35785890483082994,39.486370458448363]},"properties":{"objectid":275532,"codvia":48780,"numportal":45,"dupli_trip":null,"accesorio":"NO","angulo":84,"catfis":"7","descripcion":"45"}},{"type":"Feature","id":275533,"geometry":{"type":"Point","coordinates":[-0.34095721936723467,39.44823600788672]},"properties":{"objectid":275533,"codvia":46770,"numportal":37,"dupli_trip":"DUPL","accesorio":"NO","angulo":282,"catfis":"7","descripcion":"37dup"}},{"type":"Feature","id":275535,"geometry":{"type":"Point","coordinates":[-0.36686972225942127,39.460233957726764]},"properties":{"objectid":275535,"codvia":81565,"numportal":25,"dupli_trip":null,"accesorio":"SI","angulo":31,"catfis":"6","descripcion":"25ac"}},{"type":"Feature","id":275243,"geometry":{"type":"Point","coordinates":[-0.38668471188726183,39.47015370283237]},"properties":{"objectid":275243,"codvia":5550,"numportal":28,"dupli_trip":null,"accesorio":"NO","angulo":17,"catfis":"1","descripcion":"28"}},{"type":"Feature","id":275245,"geometry":{"type":"Point","coordinates":[-0.40119374669369445,39.482107001173183]},"properties":{"objectid":275245,"codvia":80950,"numportal":45,"dupli_trip":null,"accesorio":"NO","angulo":303,"catfis":"3","descripcion":"45"}},{"type":"Feature","id":275246,"geometry":{"type":"Point","coordinates":[-0.37161590573612141,39.467361860475734]},"properties":{"objectid":275246,"codvia":18540,"numportal":35,"dupli_trip":null,"accesorio":"NO","angulo":31,"catfis":"E","descripcion":"35"}},{"type":"Feature","id":275248,"geometry":{"type":"Point","coordinates":[-0.38749457205659499,39.490243996630682]},"properties":{"objectid":275248,"codvia":18120,"numportal":7,"dupli_trip":null,"accesorio":"SI","angulo":68,"catfis":"7","descripcion":"7ac"}},{"type":"Feature","id":275249,"geometry":{"type":"Point","coordinates":[-0.3177953675373425,39.306978413860399]},"properties":{"objectid":275249,"codvia":81530,"numportal":226,"dupli_trip":null,"accesorio":"NO","angulo":355,"catfis":"7","descripcion":"226"}},{"type":"Feature","id":275250,"geometry":{"type":"Point","coordinates":[-0.28135388300609909,39.286215923535089]},"properties":{"objectid":275250,"codvia":81415,"numportal":22,"dupli_trip":null,"accesorio":"NO","angulo":24,"catfis":"7","descripcion":"22"}},{"type":"Feature","id":275251,"geometry":{"type":"Point","coordinates":[-0.39069468520049633,39.446624822370829]},"properties":{"objectid":275251,"codvia":37140,"numportal":18,"dupli_trip":null,"accesorio":"SI","angulo":75,"catfis":"6","descripcion":"18ac"}},{"type":"Feature","id":275252,"geometry":{"type":"Point","coordinates":[-0.3779901607278881,39.477653279197881]},"properties":{"objectid":275252,"codvia":45330,"numportal":17,"dupli_trip":null,"accesorio":"NO","angulo":84,"catfis":"6","descripcion":"17"}},{"type":"Feature","id":275253,"geometry":{"type":"Point","coordinates":[-0.35395530917851203,39.470057897318689]},"properties":{"objectid":275253,"codvia":67620,"numportal":12,"dupli_trip":null,"accesorio":"NO","angulo":72,"catfis":"6","descripcion":"12"}},{"type":"Feature","id":275254,"geometry":{"type":"Point","coordinates":[-0.37932481742611246,39.484772203151181]},"properties":{"objectid":275254,"codvia":44370,"numportal":5,"dupli_trip":null,"accesorio":"NO","angulo":357,"catfis":"6","descripcion":"5"}},{"type":"Feature","id":275255,"geometry":{"type":"Point","coordinates":[-0.39718505700327467,39.473063930592943]},"properties":{"objectid":275255,"codvia":31320,"numportal":14,"dupli_trip":null,"accesorio":"NO","angulo":90,"catfis":"6","descripcion":"14"}},{"type":"Feature","id":275256,"geometry":{"type":"Point","coordinates":[-0.37574342415963341,39.485702043953928]},"properties":{"objectid":275256,"codvia":57030,"numportal":23,"dupli_trip":null,"accesorio":"NO","angulo":85,"catfis":"6","descripcion":"23"}},{"type":"Feature","id":275258,"geometry":{"type":"Point","coordinates":[-0.33451934033828196,39.461542824075494]},"properties":{"objectid":275258,"codvia":21480,"numportal":7,"dupli_trip":null,"accesorio":"SI","angulo":85,"catfis":"7","descripcion":"7ac"}},{"type":"Feature","id":275260,"geometry":{"type":"Point","coordinates":[-0.38950314397755265,39.493331695434456]},"properties":{"objectid":275260,"codvia":57420,"numportal":70,"dupli_trip":"DUPL","accesorio":"NO","angulo":68,"catfis":"7","descripcion":"70dup"}},{"type":"Feature","id":275261,"geometry":{"type":"Point","coordinates":[-0.36920028628593105,39.458186794934235]},"properties":{"objectid":275261,"codvia":74190,"numportal":18,"dupli_trip":null,"accesorio":"NO","angulo":275,"catfis":"7","descripcion":"18"}},{"type":"Feature","id":275262,"geometry":{"type":"Point","coordinates":[-0.37552223876762714,39.493680090861019]},"properties":{"objectid":275262,"codvia":48060,"numportal":16,"dupli_trip":null,"accesorio":"NO","angulo":17,"catfis":"7","descripcion":"16"}},{"type":"Feature","id":275263,"geometry":{"type":"Point","coordinates":[-0.36585117674117756,39.480119763551343]},"properties":{"objectid":275263,"codvia":17790,"numportal":2,"dupli_trip":null,"accesorio":"SI","angulo":71,"catfis":"2","descripcion":"2ac"}},{"type":"Feature","id":275264,"geometry":{"type":"Point","coordinates":[-0.33374316055527709,39.468754481974138]},"properties":{"objectid":275264,"codvia":46530,"numportal":9,"dupli_trip":null,"accesorio":"NO","angulo":357,"catfis":"6","descripcion":"9"}},{"type":"Feature","id":275265,"geometry":{"type":"Point","coordinates":[-0.35503885332357488,39.467361780611334]},"properties":{"objectid":275265,"codvia":540,"numportal":14,"dupli_trip":null,"accesorio":"NO","angulo":342,"catfis":"7","descripcion":"14"}},{"type":"Feature","id":276031,"geometry":{"type":"Point","coordinates":[-0.40430163641471972,39.540075442767019]},"properties":{"objectid":276031,"codvia":42930,"numportal":9,"dupli_trip":"B","accesorio":"NO","angulo":122,"catfis":"7","descripcion":"9B"}},{"type":"Feature","id":276032,"geometry":{"type":"Point","coordinates":[-0.37921246054155106,39.494902885754861]},"properties":{"objectid":276032,"codvia":81192,"numportal":3,"dupli_trip":null,"accesorio":"SI","angulo":18,"catfis":"7","descripcion":"3ac"}},{"type":"Feature","id":276033,"geometry":{"type":"Point","coordinates":[-0.39141744105986093,39.431883845220248]},"properties":{"objectid":276033,"codvia":81574,"numportal":3,"dupli_trip":null,"accesorio":"NO","angulo":339,"catfis":"7","descripcion":"3"}},{"type":"Feature","id":276034,"geometry":{"type":"Point","coordinates":[-0.34476026755097205,39.44987187691607]},"properties":{"objectid":276034,"codvia":38290,"numportal":44,"dupli_trip":null,"accesorio":"NO","angulo":290,"catfis":"7","descripcion":"44"}},{"type":"Feature","id":276035,"geometry":{"type":"Point","coordinates":[-0.39156077510347026,39.45332882410213]},"properties":{"objectid":276035,"codvia":13380,"numportal":2,"dupli_trip":"D","accesorio":"NO","angulo":335,"catfis":"5","descripcion":"2D"}},{"type":"Feature","id":276036,"geometry":{"type":"Point","coordinates":[-0.38646750936086011,39.452353313086292]},"properties":{"objectid":276036,"codvia":6780,"numportal":16,"dupli_trip":null,"accesorio":"NO","angulo":353,"catfis":"7","descripcion":"16"}},{"type":"Feature","id":276037,"geometry":{"type":"Point","coordinates":[-0.37590382175565185,39.486775458553218]},"properties":{"objectid":276037,"codvia":61680,"numportal":4,"dupli_trip":null,"accesorio":"NO","angulo":68,"catfis":"6","descripcion":"4"}},{"type":"Feature","id":276038,"geometry":{"type":"Point","coordinates":[-0.33691414543107479,39.46146736032609]},"properties":{"objectid":276038,"codvia":20430,"numportal":2,"dupli_trip":null,"accesorio":"SI","angulo":80,"catfis":"6","descripcion":"2ac"}},{"type":"Feature","id":276039,"geometry":{"type":"Point","coordinates":[-0.36621605125408946,39.486901798013648]},"properties":{"objectid":276039,"codvia":76590,"numportal":4,"dupli_trip":null,"accesorio":"NO","angulo":48,"catfis":"6","descripcion":"4"}},{"type":"Feature","id":276040,"geometry":{"type":"Point","coordinates":[-0.37161159858291093,39.468361703111263]},"properties":{"objectid":276040,"codvia":35550,"numportal":8,"dupli_trip":null,"accesorio":"NO","angulo":301,"catfis":"E","descripcion":"8"}},{"type":"Feature","id":276041,"geometry":{"type":"Point","coordinates":[-0.33841648907770855,39.442913548518689]},"properties":{"objectid":276041,"codvia":81708,"numportal":17,"dupli_trip":null,"accesorio":"NO","angulo":82,"catfis":"7","descripcion":"17"}},{"type":"Feature","id":276042,"geometry":{"type":"Point","coordinates":[-0.33656720576990123,39.469612614139223]},"properties":{"objectid":276042,"codvia":81433,"numportal":7,"dupli_trip":null,"accesorio":"SI","angulo":342,"catfis":"6","descripcion":"7ac"}},{"type":"Feature","id":276043,"geometry":{"type":"Point","coordinates":[-0.42132489854530542,39.496968989328757]},"properties":{"objectid":276043,"codvia":49140,"numportal":10,"dupli_trip":null,"accesorio":"NO","angulo":39,"catfis":"7","descripcion":"10"}},{"type":"Feature","id":276044,"geometry":{"type":"Point","coordinates":[-0.3903012728537012,39.493175799465973]},"properties":{"objectid":276044,"codvia":57420,"numportal":72,"dupli_trip":null,"accesorio":"NO","angulo":341,"catfis":"7","descripcion":"72"}},{"type":"Feature","id":276045,"geometry":{"type":"Point","coordinates":[-0.39798658229814854,39.476379586186503]},"properties":{"objectid":276045,"codvia":81252,"numportal":5,"dupli_trip":null,"accesorio":"NO","angulo":16,"catfis":"3","descripcion":"5"}},{"type":"Feature","id":276046,"geometry":{"type":"Point","coordinates":[-0.37628109610885774,39.517386539704965]},"properties":{"objectid":276046,"codvia":63930,"numportal":27,"dupli_trip":null,"accesorio":"NO","angulo":82,"catfis":"7","descripcion":"27"}},{"type":"Feature","id":276047,"geometry":{"type":"Point","coordinates":[-0.40107903303846637,39.458819678902543]},"properties":{"objectid":276047,"codvia":81416,"numportal":12,"dupli_trip":null,"accesorio":"SI","angulo":51,"catfis":"6","descripcion":"12ac"}},{"type":"Feature","id":276048,"geometry":{"type":"Point","coordinates":[-0.35944571621337762,39.429957028593279]},"properties":{"objectid":276048,"codvia":47370,"numportal":18,"dupli_trip":null,"accesorio":"NO","angulo":67,"catfis":"7","descripcion":"18"}},{"type":"Feature","id":276049,"geometry":{"type":"Point","coordinates":[-0.33073316385430668,39.46832731279391]},"properties":{"objectid":276049,"codvia":19410,"numportal":17,"dupli_trip":null,"accesorio":"NO","angulo":353,"catfis":"7","descripcion":"17"}},{"type":"Feature","id":276271,"geometry":{"type":"Point","coordinates":[-0.39199784481775807,39.493814534853165]},"properties":{"objectid":276271,"codvia":58860,"numportal":22,"dupli_trip":null,"accesorio":"NO","angulo":41,"catfis":"7","descripcion":"22"}},{"type":"Feature","id":276272,"geometry":{"type":"Point","coordinates":[-0.33333768056820096,39.466927430638073]},"properties":{"objectid":276272,"codvia":30990,"numportal":77,"dupli_trip":null,"accesorio":"NO","angulo":87,"catfis":"7","descripcion":"77"}},{"type":"Feature","id":276273,"geometry":{"type":"Point","coordinates":[-0.38240034188450683,39.477585042214287]},"properties":{"objectid":276273,"codvia":59400,"numportal":16,"dupli_trip":null,"accesorio":"SI","angulo":88,"catfis":"4","descripcion":"16ac"}},{"type":"Feature","id":276274,"geometry":{"type":"Point","coordinates":[-0.38869277327945134,39.461208976390282]},"properties":{"objectid":276274,"codvia":50640,"numportal":6,"dupli_trip":null,"accesorio":"NO","angulo":323,"catfis":"4","descripcion":"6"}},{"type":"Feature","id":276275,"geometry":{"type":"Point","coordinates":[-0.37878745600972019,39.516798955867792]},"properties":{"objectid":276275,"codvia":33810,"numportal":6,"dupli_trip":null,"accesorio":"NO","angulo":82,"catfis":"7","descripcion":"6"}},{"type":"Feature","id":276276,"geometry":{"type":"Point","coordinates":[-0.32952938121332831,39.472914892358951]},"properties":{"objectid":276276,"codvia":38820,"numportal":285,"dupli_trip":null,"accesorio":"NO","angulo":84,"catfis":"7","descripcion":"285"}},{"type":"Feature","id":276277,"geometry":{"type":"Point","coordinates":[-0.38468546518181634,39.474951771521773]},"properties":{"objectid":276277,"codvia":24570,"numportal":22,"dupli_trip":null,"accesorio":"NO","angulo":95,"catfis":"5","descripcion":"22"}},{"type":"Feature","id":276278,"geometry":{"type":"Point","coordinates":[-0.36735320255852194,39.445122953902327]},"properties":{"objectid":276278,"codvia":34500,"numportal":24,"dupli_trip":null,"accesorio":"NO","angulo":72,"catfis":"7","descripcion":"24"}},{"type":"Feature","id":276279,"geometry":{"type":"Point","coordinates":[-0.36440459756362548,39.423040894819323]},"properties":{"objectid":276279,"codvia":29640,"numportal":32,"dupli_trip":null,"accesorio":"NO","angulo":73,"catfis":"7","descripcion":"32"}},{"type":"Feature","id":276280,"geometry":{"type":"Point","coordinates":[-0.37786194150382002,39.471961152620615]},"properties":{"objectid":276280,"codvia":41700,"numportal":8,"dupli_trip":null,"accesorio":"SI","angulo":345,"catfis":"3","descripcion":"8ac"}},{"type":"Feature","id":276281,"geometry":{"type":"Point","coordinates":[-0.33182655253079124,39.469434911896883]},"properties":{"objectid":276281,"codvia":68940,"numportal":43,"dupli_trip":null,"accesorio":"NO","angulo":82,"catfis":"7","descripcion":"43"}},{"type":"Feature","id":276282,"geometry":{"type":"Point","coordinates":[-0.33107324259804066,39.463871852209103]},"properties":{"objectid":276282,"codvia":38820,"numportal":23,"dupli_trip":null,"accesorio":"NO","angulo":87,"catfis":"7","descripcion":"23"}},{"type":"Feature","id":276283,"geometry":{"type":"Point","coordinates":[-0.35490499858516866,39.464809449642452]},"properties":{"objectid":276283,"codvia":38910,"numportal":37,"dupli_trip":null,"accesorio":"NO","angulo":71,"catfis":"6","descripcion":"37"}},{"type":"Feature","id":276284,"geometry":{"type":"Point","coordinates":[-0.36273440636671739,39.487054894858183]},"properties":{"objectid":276284,"codvia":25380,"numportal":15,"dupli_trip":null,"accesorio":"NO","angulo":70,"catfis":"4","descripcion":"15"}},{"type":"Feature","id":276285,"geometry":{"type":"Point","coordinates":[-0.37138527491663514,39.476736549216177]},"properties":{"objectid":276285,"codvia":60360,"numportal":4,"dupli_trip":null,"accesorio":"SI","angulo":14,"catfis":"3","descripcion":"4ac"}},{"type":"Feature","id":276286,"geometry":{"type":"Point","coordinates":[-0.38574541077867458,39.470818237000827]},"properties":{"objectid":276286,"codvia":30000,"numportal":19,"dupli_trip":null,"accesorio":"NO","angulo":302,"catfis":"1","descripcion":"19"}},{"type":"Feature","id":276287,"geometry":{"type":"Point","coordinates":[-0.33421756307362693,39.466864980550824]},"properties":{"objectid":276287,"codvia":6510,"numportal":94,"dupli_trip":null,"accesorio":"NO","angulo":81,"catfis":"6","descripcion":"94"}},{"type":"Feature","id":276288,"geometry":{"type":"Point","coordinates":[-0.37651561204644002,39.47803783533098]},"properties":{"objectid":276288,"codvia":71070,"numportal":20,"dupli_trip":null,"accesorio":"NO","angulo":73,"catfis":"3","descripcion":"20"}},{"type":"Feature","id":276289,"geometry":{"type":"Point","coordinates":[-0.34456389116392899,39.462440390059982]},"properties":{"objectid":276289,"codvia":73560,"numportal":14,"dupli_trip":null,"accesorio":"NO","angulo":71,"catfis":"7","descripcion":"14"}},{"type":"Feature","id":276290,"geometry":{"type":"Point","coordinates":[-0.31727195455472701,39.312349456469811]},"properties":{"objectid":276290,"codvia":13320,"numportal":11,"dupli_trip":null,"accesorio":"NO","angulo":2,"catfis":"7","descripcion":"11"}},{"type":"Feature","id":296292,"geometry":{"type":"Point","coordinates":[-0.35050420031623136,39.422291339335239]},"properties":{"objectid":296292,"codvia":73830,"numportal":155,"dupli_trip":null,"accesorio":null,"angulo":10,"catfis":"E","descripcion":"155"}},{"type":"Feature","id":276292,"geometry":{"type":"Point","coordinates":[-0.36364844843628635,39.483089458102882]},"properties":{"objectid":276292,"codvia":51390,"numportal":5,"dupli_trip":null,"accesorio":"SI","angulo":342,"catfis":"3","descripcion":"5ac"}},{"type":"Feature","id":276293,"geometry":{"type":"Point","coordinates":[-0.38078809160699295,39.484860545361322]},"properties":{"objectid":276293,"codvia":24690,"numportal":32,"dupli_trip":null,"accesorio":"NO","angulo":290,"catfis":"6","descripcion":"32"}},{"type":"Feature","id":276294,"geometry":{"type":"Point","coordinates":[-0.37453610880096033,39.47418277171797]},"properties":{"objectid":276294,"codvia":7650,"numportal":3,"dupli_trip":null,"accesorio":"NO","angulo":75,"catfis":"2","descripcion":"3"}},{"type":"Feature","id":276295,"geometry":{"type":"Point","coordinates":[-0.37874916835981975,39.496129104798591]},"properties":{"objectid":276295,"codvia":37710,"numportal":45,"dupli_trip":null,"accesorio":"NO","angulo":19,"catfis":"7","descripcion":"45"}},{"type":"Feature","id":276296,"geometry":{"type":"Point","coordinates":[-0.38480035382660427,39.491717504456851]},"properties":{"objectid":276296,"codvia":80670,"numportal":9,"dupli_trip":null,"accesorio":"NO","angulo":288,"catfis":"6","descripcion":"9"}},{"type":"Feature","id":276297,"geometry":{"type":"Point","coordinates":[-0.35691505421417263,39.45583122024351]},"properties":{"objectid":276297,"codvia":81620,"numportal":3,"dupli_trip":null,"accesorio":"SI","angulo":301,"catfis":"7","descripcion":"3ac"}},{"type":"Feature","id":275536,"geometry":{"type":"Point","coordinates":[-0.37826444754396765,39.474225306905709]},"properties":{"objectid":275536,"codvia":28170,"numportal":2,"dupli_trip":null,"accesorio":"SI","angulo":43,"catfis":"4","descripcion":"2ac"}},{"type":"Feature","id":275537,"geometry":{"type":"Point","coordinates":[-0.33953673258994527,39.421130711649923]},"properties":{"objectid":275537,"codvia":58260,"numportal":10,"dupli_trip":null,"accesorio":"NO","angulo":12,"catfis":"7","descripcion":"10"}},{"type":"Feature","id":275538,"geometry":{"type":"Point","coordinates":[-0.39243016491054933,39.446502772786836]},"properties":{"objectid":275538,"codvia":59430,"numportal":7,"dupli_trip":null,"accesorio":"SI","angulo":75,"catfis":"6","descripcion":"7ac"}},{"type":"Feature","id":275539,"geometry":{"type":"Point","coordinates":[-0.32626119506278339,39.47183540421652]},"properties":{"objectid":275539,"codvia":7440,"numportal":44,"dupli_trip":null,"accesorio":"NO","angulo":93,"catfis":"7","descripcion":"44"}},{"type":"Feature","id":275540,"geometry":{"type":"Point","coordinates":[-0.33618063258344438,39.445093070829365]},"properties":{"objectid":275540,"codvia":40890,"numportal":67,"dupli_trip":null,"accesorio":"NO","angulo":347,"catfis":"7","descripcion":"67"}},{"type":"Feature","id":275541,"geometry":{"type":"Point","coordinates":[-0.365650615087874,39.470128691073946]},"properties":{"objectid":275541,"codvia":71820,"numportal":44,"dupli_trip":null,"accesorio":"SI","angulo":1,"catfis":"E","descripcion":"44ac"}},{"type":"Feature","id":275542,"geometry":{"type":"Point","coordinates":[-0.37532122851396893,39.478219300650082]},"properties":{"objectid":275542,"codvia":78120,"numportal":5,"dupli_trip":null,"accesorio":"NO","angulo":348,"catfis":"5","descripcion":"5"}},{"type":"Feature","id":275543,"geometry":{"type":"Point","coordinates":[-0.411161959996107,39.447425446871151]},"properties":{"objectid":275543,"codvia":4380,"numportal":7,"dupli_trip":null,"accesorio":"NO","angulo":354,"catfis":"7","descripcion":"7"}},{"type":"Feature","id":275544,"geometry":{"type":"Point","coordinates":[-0.33752718573972823,39.476671401560722]},"properties":{"objectid":275544,"codvia":59790,"numportal":4,"dupli_trip":"DUPL","accesorio":"NO","angulo":0,"catfis":"E","descripcion":"4dup"}},{"type":"Feature","id":291113,"geometry":{"type":"Point","coordinates":[-0.36633237336762681,39.445372927720086]},"properties":{"objectid":291113,"codvia":40350,"numportal":7,"dupli_trip":"D","accesorio":null,"angulo":350,"catfis":"E","descripcion":"7D"}},{"type":"Feature","id":291110,"geometry":{"type":"Point","coordinates":[-0.36652098979101227,39.445397288404209]},"properties":{"objectid":291110,"codvia":40350,"numportal":7,"dupli_trip":"A","accesorio":null,"angulo":350,"catfis":"E","descripcion":"7A"}},{"type":"Feature","id":275545,"geometry":{"type":"Point","coordinates":[-0.40397328725846277,39.539569038262414]},"properties":{"objectid":275545,"codvia":22260,"numportal":12,"dupli_trip":null,"accesorio":"NO","angulo":33,"catfis":"7","descripcion":"12"}},{"type":"Feature","id":275546,"geometry":{"type":"Point","coordinates":[-0.38737802128619425,39.468228820101949]},"properties":{"objectid":275546,"codvia":24870,"numportal":29,"dupli_trip":null,"accesorio":"SI","angulo":81,"catfis":"2","descripcion":"29ac"}},{"type":"Feature","id":275547,"geometry":{"type":"Point","coordinates":[-0.35438784691407871,39.475118562607257]},"properties":{"objectid":275547,"codvia":60660,"numportal":59,"dupli_trip":null,"accesorio":"NO","angulo":72,"catfis":"2","descripcion":"59"}},{"type":"Feature","id":275548,"geometry":{"type":"Point","coordinates":[-0.3177472005828792,39.309479897825227]},"properties":{"objectid":275548,"codvia":17700,"numportal":12,"dupli_trip":null,"accesorio":"SI","angulo":85,"catfis":"7","descripcion":"12ac"}},{"type":"Feature","id":275549,"geometry":{"type":"Point","coordinates":[-0.37846770268768848,39.447486595080264]},"properties":{"objectid":275549,"codvia":44490,"numportal":21,"dupli_trip":null,"accesorio":"NO","angulo":63,"catfis":"7","descripcion":"21"}},{"type":"Feature","id":275551,"geometry":{"type":"Point","coordinates":[-0.39335194825164627,39.469321353410095]},"properties":{"objectid":275551,"codvia":59940,"numportal":10,"dupli_trip":null,"accesorio":"NO","angulo":341,"catfis":"6","descripcion":"10"}},{"type":"Feature","id":275552,"geometry":{"type":"Point","coordinates":[-0.38399813187220522,39.467285670638802]},"properties":{"objectid":275552,"codvia":36000,"numportal":7,"dupli_trip":null,"accesorio":"NO","angulo":31,"catfis":"3","descripcion":"7"}},{"type":"Feature","id":275553,"geometry":{"type":"Point","coordinates":[-0.34504078682365313,39.461140474663836]},"properties":{"objectid":275553,"codvia":73560,"numportal":41,"dupli_trip":null,"accesorio":"NO","angulo":72,"catfis":"7","descripcion":"41"}},{"type":"Feature","id":275554,"geometry":{"type":"Point","coordinates":[-0.40321765236463852,39.461409878271077]},"properties":{"objectid":275554,"codvia":73920,"numportal":75,"dupli_trip":null,"accesorio":"NO","angulo":94,"catfis":"6","descripcion":"75"}},{"type":"Feature","id":275556,"geometry":{"type":"Point","coordinates":[-0.33288889657759202,39.464559552935675]},"properties":{"objectid":275556,"codvia":75660,"numportal":53,"dupli_trip":null,"accesorio":"NO","angulo":86,"catfis":"6","descripcion":"53"}},{"type":"Feature","id":275558,"geometry":{"type":"Point","coordinates":[-0.39338542180201441,39.427360728604391]},"properties":{"objectid":275558,"codvia":81170,"numportal":3,"dupli_trip":null,"accesorio":"NO","angulo":345,"catfis":"7","descripcion":"3"}},{"type":"Feature","id":275559,"geometry":{"type":"Point","coordinates":[-0.35642759260124868,39.477453127220429]},"properties":{"objectid":275559,"codvia":23870,"numportal":6,"dupli_trip":null,"accesorio":"NO","angulo":72,"catfis":"3","descripcion":"6"}},{"type":"Feature","id":275560,"geometry":{"type":"Point","coordinates":[-0.37411022921389814,39.464061190563619]},"properties":{"objectid":275560,"codvia":71160,"numportal":9,"dupli_trip":null,"accesorio":"NO","angulo":296,"catfis":"4","descripcion":"9"}},{"type":"Feature","id":275561,"geometry":{"type":"Point","coordinates":[-0.40791735326269635,39.466837084636083]},"properties":{"objectid":275561,"codvia":32580,"numportal":5,"dupli_trip":null,"accesorio":"NO","angulo":277,"catfis":"7","descripcion":"5"}},{"type":"Feature","id":275266,"geometry":{"type":"Point","coordinates":[-0.36178126378319808,39.460072379132704]},"properties":{"objectid":275266,"codvia":30270,"numportal":2,"dupli_trip":null,"accesorio":"NO","angulo":58,"catfis":"4","descripcion":"2"}},{"type":"Feature","id":275267,"geometry":{"type":"Point","coordinates":[-0.42487155938000315,39.501218112179359]},"properties":{"objectid":275267,"codvia":42420,"numportal":7,"dupli_trip":null,"accesorio":"NO","angulo":302,"catfis":"7","descripcion":"7"}},{"type":"Feature","id":275268,"geometry":{"type":"Point","coordinates":[-0.40837070912922846,39.495096268347297]},"properties":{"objectid":275268,"codvia":81639,"numportal":66,"dupli_trip":null,"accesorio":"NO","angulo":298,"catfis":"7","descripcion":"66"}},{"type":"Feature","id":275269,"geometry":{"type":"Point","coordinates":[-0.35199773654350403,39.472745521074913]},"properties":{"objectid":275269,"codvia":19770,"numportal":12,"dupli_trip":null,"accesorio":"NO","angulo":342,"catfis":"6","descripcion":"12"}},{"type":"Feature","id":275270,"geometry":{"type":"Point","coordinates":[-0.41711328092674527,39.500038485644929]},"properties":{"objectid":275270,"codvia":41490,"numportal":12,"dupli_trip":null,"accesorio":"NO","angulo":31,"catfis":"7","descripcion":"12"}},{"type":"Feature","id":275271,"geometry":{"type":"Point","coordinates":[-0.38701593124627137,39.454836784781783]},"properties":{"objectid":275271,"codvia":15390,"numportal":3,"dupli_trip":null,"accesorio":"NO","angulo":62,"catfis":"6","descripcion":"3"}},{"type":"Feature","id":275272,"geometry":{"type":"Point","coordinates":[-0.40574249983011113,39.456091223877365]},"properties":{"objectid":275272,"codvia":23520,"numportal":14,"dupli_trip":null,"accesorio":"NO","angulo":295,"catfis":"6","descripcion":"14"}},{"type":"Feature","id":275273,"geometry":{"type":"Point","coordinates":[-0.38368475168134147,39.466129749209045]},"properties":{"objectid":275273,"codvia":38250,"numportal":44,"dupli_trip":null,"accesorio":"NO","angulo":58,"catfis":"2","descripcion":"44"}},{"type":"Feature","id":275274,"geometry":{"type":"Point","coordinates":[-0.33497248911216704,39.447893876200965]},"properties":{"objectid":275274,"codvia":10890,"numportal":33,"dupli_trip":null,"accesorio":"NO","angulo":86,"catfis":"7","descripcion":"33"}},{"type":"Feature","id":275275,"geometry":{"type":"Point","coordinates":[-0.39487600895760488,39.473258906286311]},"properties":{"objectid":275275,"codvia":18270,"numportal":20,"dupli_trip":null,"accesorio":"NO","angulo":2,"catfis":"6","descripcion":"20"}},{"type":"Feature","id":275276,"geometry":{"type":"Point","coordinates":[-0.32842072819751916,39.467795189186482]},"properties":{"objectid":275276,"codvia":24360,"numportal":99,"dupli_trip":null,"accesorio":"NO","angulo":83,"catfis":"7","descripcion":"99"}},{"type":"Feature","id":275277,"geometry":{"type":"Point","coordinates":[-0.35842716158169258,39.426537722183411]},"properties":{"objectid":275277,"codvia":48510,"numportal":8,"dupli_trip":null,"accesorio":"NO","angulo":88,"catfis":"7","descripcion":"8"}},{"type":"Feature","id":275278,"geometry":{"type":"Point","coordinates":[-0.35993686134809549,39.473580689337339]},"properties":{"objectid":275278,"codvia":72060,"numportal":5,"dupli_trip":null,"accesorio":"NO","angulo":72,"catfis":"3","descripcion":"5"}},{"type":"Feature","id":275280,"geometry":{"type":"Point","coordinates":[-0.38614076350188209,39.445495573390289]},"properties":{"objectid":275280,"codvia":9570,"numportal":32,"dupli_trip":null,"accesorio":"NO","angulo":76,"catfis":"6","descripcion":"32"}},{"type":"Feature","id":275281,"geometry":{"type":"Point","coordinates":[-0.35925504430929933,39.491278695785326]},"properties":{"objectid":275281,"codvia":26820,"numportal":77,"dupli_trip":null,"accesorio":"SI","angulo":71,"catfis":"6","descripcion":"77ac"}},{"type":"Feature","id":275282,"geometry":{"type":"Point","coordinates":[-0.32880252711342789,39.468584761723804]},"properties":{"objectid":275282,"codvia":2910,"numportal":111,"dupli_trip":null,"accesorio":"NO","angulo":83,"catfis":"3","descripcion":"111"}},{"type":"Feature","id":275283,"geometry":{"type":"Point","coordinates":[-0.38359255319815649,39.510077510231426]},"properties":{"objectid":275283,"codvia":16950,"numportal":13,"dupli_trip":null,"accesorio":"NO","angulo":346,"catfis":"7","descripcion":"13"}},{"type":"Feature","id":275284,"geometry":{"type":"Point","coordinates":[-0.36311443369793878,39.431225763177643]},"properties":{"objectid":275284,"codvia":61440,"numportal":45,"dupli_trip":null,"accesorio":"NO","angulo":79,"catfis":"7","descripcion":"45"}},{"type":"Feature","id":275285,"geometry":{"type":"Point","coordinates":[-0.37028758189639494,39.480235677770736]},"properties":{"objectid":275285,"codvia":30420,"numportal":7,"dupli_trip":"DUPL","accesorio":"NO","angulo":64,"catfis":"5","descripcion":"7dup"}},{"type":"Feature","id":275286,"geometry":{"type":"Point","coordinates":[-0.37430992516335804,39.489319186825028]},"properties":{"objectid":275286,"codvia":34980,"numportal":6,"dupli_trip":null,"accesorio":"NO","angulo":355,"catfis":"6","descripcion":"6"}},{"type":"Feature","id":275287,"geometry":{"type":"Point","coordinates":[-0.3872623975536158,39.484890239010461]},"properties":{"objectid":275287,"codvia":27660,"numportal":6,"dupli_trip":null,"accesorio":"SI","angulo":298,"catfis":"7","descripcion":"6ac"}},{"type":"Feature","id":275288,"geometry":{"type":"Point","coordinates":[-0.39168133157036311,39.460106597161904]},"properties":{"objectid":275288,"codvia":44940,"numportal":28,"dupli_trip":null,"accesorio":"SI","angulo":327,"catfis":"6","descripcion":"28ac"}},{"type":"Feature","id":275289,"geometry":{"type":"Point","coordinates":[-0.39891556337020945,39.469501307921568]},"properties":{"objectid":275289,"codvia":76920,"numportal":11,"dupli_trip":null,"accesorio":"NO","angulo":29,"catfis":"7","descripcion":"11"}},{"type":"Feature","id":275290,"geometry":{"type":"Point","coordinates":[-0.33927828447501956,39.46972968094137]},"properties":{"objectid":275290,"codvia":41100,"numportal":32,"dupli_trip":null,"accesorio":"SI","angulo":342,"catfis":"6","descripcion":"32ac"}},{"type":"Feature","id":276050,"geometry":{"type":"Point","coordinates":[-0.37302593766250469,39.450746144105132]},"properties":{"objectid":276050,"codvia":40170,"numportal":75,"dupli_trip":null,"accesorio":"NO","angulo":300,"catfis":"4","descripcion":"75"}},{"type":"Feature","id":276051,"geometry":{"type":"Point","coordinates":[-0.37825856356110027,39.454936372753735]},"properties":{"objectid":276051,"codvia":44460,"numportal":4,"dupli_trip":null,"accesorio":"NO","angulo":68,"catfis":"4","descripcion":"4"}},{"type":"Feature","id":276052,"geometry":{"type":"Point","coordinates":[-0.37643202236772116,39.471192419319884]},"properties":{"objectid":276052,"codvia":17760,"numportal":15,"dupli_trip":null,"accesorio":"SI","angulo":298,"catfis":"E","descripcion":"15ac"}},{"type":"Feature","id":276054,"geometry":{"type":"Point","coordinates":[-0.39884994727037831,39.496810883153586]},"properties":{"objectid":276054,"codvia":68670,"numportal":6,"dupli_trip":null,"accesorio":"NO","angulo":42,"catfis":"7","descripcion":"6"}},{"type":"Feature","id":276055,"geometry":{"type":"Point","coordinates":[-0.42161564762761877,39.497117357609575]},"properties":{"objectid":276055,"codvia":61770,"numportal":2,"dupli_trip":null,"accesorio":"NO","angulo":97,"catfis":"7","descripcion":"2"}},{"type":"Feature","id":276056,"geometry":{"type":"Point","coordinates":[-0.37328498834200713,39.497088324008921]},"properties":{"objectid":276056,"codvia":67980,"numportal":2,"dupli_trip":null,"accesorio":"SI","angulo":348,"catfis":"7","descripcion":"2ac"}},{"type":"Feature","id":276059,"geometry":{"type":"Point","coordinates":[-0.37812636249112513,39.473105127910955]},"properties":{"objectid":276059,"codvia":62580,"numportal":4,"dupli_trip":null,"accesorio":"NO","angulo":90,"catfis":"4","descripcion":"4"}},{"type":"Feature","id":276060,"geometry":{"type":"Point","coordinates":[-0.32893397862996548,39.478996204354253]},"properties":{"objectid":276060,"codvia":69120,"numportal":29,"dupli_trip":null,"accesorio":"NO","angulo":1,"catfis":"7","descripcion":"29"}},{"type":"Feature","id":276061,"geometry":{"type":"Point","coordinates":[-0.38319883765089496,39.472579331337691]},"properties":{"objectid":276061,"codvia":35190,"numportal":34,"dupli_trip":null,"accesorio":"NO","angulo":8,"catfis":"6","descripcion":"34"}},{"type":"Feature","id":276062,"geometry":{"type":"Point","coordinates":[-0.33090809321996412,39.48342921772268]},"properties":{"objectid":276062,"codvia":81177,"numportal":3,"dupli_trip":null,"accesorio":"SI","angulo":353,"catfis":"7","descripcion":"3ac"}},{"type":"Feature","id":276063,"geometry":{"type":"Point","coordinates":[-0.39160544381878204,39.443800909841379]},"properties":{"objectid":276063,"codvia":24810,"numportal":2,"dupli_trip":null,"accesorio":"SI","angulo":75,"catfis":"7","descripcion":"2ac"}},{"type":"Feature","id":276064,"geometry":{"type":"Point","coordinates":[-0.37105219509911108,39.473341540408811]},"properties":{"objectid":276064,"codvia":45090,"numportal":47,"dupli_trip":null,"accesorio":"NO","angulo":347,"catfis":"2","descripcion":"47"}},{"type":"Feature","id":276065,"geometry":{"type":"Point","coordinates":[-0.36326416672227213,39.484901770059558]},"properties":{"objectid":276065,"codvia":25170,"numportal":10,"dupli_trip":null,"accesorio":"NO","angulo":342,"catfis":"4","descripcion":"10"}},{"type":"Feature","id":276066,"geometry":{"type":"Point","coordinates":[-0.38279415860435179,39.489787102088911]},"properties":{"objectid":276066,"codvia":35010,"numportal":4,"dupli_trip":null,"accesorio":"SI","angulo":288,"catfis":"6","descripcion":"4ac"}},{"type":"Feature","id":276067,"geometry":{"type":"Point","coordinates":[-0.38193614229475281,39.473405844473845]},"properties":{"objectid":276067,"codvia":73110,"numportal":2,"dupli_trip":null,"accesorio":"SI","angulo":275,"catfis":"6","descripcion":"2ac"}},{"type":"Feature","id":276069,"geometry":{"type":"Point","coordinates":[-0.32618306267137631,39.474160028221966]},"properties":{"objectid":276069,"codvia":36210,"numportal":20,"dupli_trip":null,"accesorio":"NO","angulo":93,"catfis":"7","descripcion":"20"}},{"type":"Feature","id":276070,"geometry":{"type":"Point","coordinates":[-0.34537492986233842,39.468492292473869]},"properties":{"objectid":276070,"codvia":22770,"numportal":3,"dupli_trip":null,"accesorio":"SI","angulo":342,"catfis":"6","descripcion":"3ac"}},{"type":"Feature","id":276071,"geometry":{"type":"Point","coordinates":[-0.38108511306099424,39.45028614116233]},"properties":{"objectid":276071,"codvia":81287,"numportal":8,"dupli_trip":null,"accesorio":"NO","angulo":83,"catfis":"7","descripcion":"8"}},{"type":"Feature","id":276072,"geometry":{"type":"Point","coordinates":[-0.39040766505155067,39.46155034517691]},"properties":{"objectid":276072,"codvia":22020,"numportal":101,"dupli_trip":null,"accesorio":"NO","angulo":59,"catfis":"4","descripcion":"101"}},{"type":"Feature","id":276073,"geometry":{"type":"Point","coordinates":[-0.35450156690645829,39.464533165481633]},"properties":{"objectid":276073,"codvia":42060,"numportal":17,"dupli_trip":null,"accesorio":"SI","angulo":72,"catfis":"6","descripcion":"17ac"}},{"type":"Feature","id":276300,"geometry":{"type":"Point","coordinates":[-0.37462892132817038,39.489466634306552]},"properties":{"objectid":276300,"codvia":34980,"numportal":1,"dupli_trip":null,"accesorio":"SI","angulo":5,"catfis":"6","descripcion":"1ac"}},{"type":"Feature","id":276301,"geometry":{"type":"Point","coordinates":[-0.33139572449553101,39.479928962700505]},"properties":{"objectid":276301,"codvia":81304,"numportal":10,"dupli_trip":null,"accesorio":"SI","angulo":81,"catfis":"7","descripcion":"10ac"}},{"type":"Feature","id":276303,"geometry":{"type":"Point","coordinates":[-0.38946035171235877,39.47564203142305]},"properties":{"objectid":276303,"codvia":67890,"numportal":2,"dupli_trip":null,"accesorio":"SI","angulo":18,"catfis":"3","descripcion":"2ac"}},{"type":"Feature","id":276304,"geometry":{"type":"Point","coordinates":[-0.40099799393179142,39.473214870463167]},"properties":{"objectid":276304,"codvia":17160,"numportal":58,"dupli_trip":null,"accesorio":"NO","angulo":37,"catfis":"6","descripcion":"58"}},{"type":"Feature","id":276305,"geometry":{"type":"Point","coordinates":[-0.36452414971029073,39.464201477248466]},"properties":{"objectid":276305,"codvia":18570,"numportal":52,"dupli_trip":null,"accesorio":"NO","angulo":301,"catfis":"2","descripcion":"52"}},{"type":"Feature","id":276306,"geometry":{"type":"Point","coordinates":[-0.40501705942408611,39.453080313910775]},"properties":{"objectid":276306,"codvia":56220,"numportal":29,"dupli_trip":null,"accesorio":"NO","angulo":2,"catfis":"6","descripcion":"29"}},{"type":"Feature","id":276307,"geometry":{"type":"Point","coordinates":[-0.40699501015510947,39.494285539298502]},"properties":{"objectid":276307,"codvia":81219,"numportal":23,"dupli_trip":null,"accesorio":"NO","angulo":31,"catfis":"7","descripcion":"23"}},{"type":"Feature","id":276309,"geometry":{"type":"Point","coordinates":[-0.27819709542477489,39.279546544678425]},"properties":{"objectid":276309,"codvia":28230,"numportal":13,"dupli_trip":null,"accesorio":"NO","angulo":86,"catfis":"6","descripcion":"13"}},{"type":"Feature","id":276310,"geometry":{"type":"Point","coordinates":[-0.37692714900106894,39.476533784119425]},"properties":{"objectid":276310,"codvia":12660,"numportal":13,"dupli_trip":null,"accesorio":"SI","angulo":0,"catfis":"2","descripcion":" 13ac"}},{"type":"Feature","id":276311,"geometry":{"type":"Point","coordinates":[-0.32587963248221169,39.475131438184249]},"properties":{"objectid":276311,"codvia":37350,"numportal":1,"dupli_trip":null,"accesorio":"SI","angulo":93,"catfis":"7","descripcion":"1ac"}},{"type":"Feature","id":276312,"geometry":{"type":"Point","coordinates":[-0.35150572147857051,39.471237106647187]},"properties":{"objectid":276312,"codvia":60420,"numportal":6,"dupli_trip":null,"accesorio":"NO","angulo":342,"catfis":"7","descripcion":"6"}},{"type":"Feature","id":276313,"geometry":{"type":"Point","coordinates":[-0.34447762737506193,39.444694991972298]},"properties":{"objectid":276313,"codvia":13590,"numportal":87,"dupli_trip":null,"accesorio":"NO","angulo":59,"catfis":"7","descripcion":"87"}},{"type":"Feature","id":276314,"geometry":{"type":"Point","coordinates":[-0.39225804981828621,39.451725374970941]},"properties":{"objectid":276314,"codvia":51840,"numportal":12,"dupli_trip":null,"accesorio":"NO","angulo":333,"catfis":"6","descripcion":"12"}},{"type":"Feature","id":276315,"geometry":{"type":"Point","coordinates":[-0.38855000642199916,39.495706253909582]},"properties":{"objectid":276315,"codvia":81680,"numportal":20,"dupli_trip":null,"accesorio":"SI","angulo":43,"catfis":"7","descripcion":"20ac"}},{"type":"Feature","id":276316,"geometry":{"type":"Point","coordinates":[-0.38718639226209201,39.45408016351913]},"properties":{"objectid":276316,"codvia":40830,"numportal":11,"dupli_trip":null,"accesorio":"NO","angulo":61,"catfis":"6","descripcion":"11"}},{"type":"Feature","id":276317,"geometry":{"type":"Point","coordinates":[-0.33358744713674549,39.45082425354628]},"properties":{"objectid":276317,"codvia":4800,"numportal":40,"dupli_trip":null,"accesorio":"NO","angulo":80,"catfis":"6","descripcion":"40"}},{"type":"Feature","id":276318,"geometry":{"type":"Point","coordinates":[-0.39527009150463033,39.446945867089838]},"properties":{"objectid":276318,"codvia":70500,"numportal":14,"dupli_trip":null,"accesorio":"NO","angulo":86,"catfis":"6","descripcion":"14"}},{"type":"Feature","id":276319,"geometry":{"type":"Point","coordinates":[-0.3979215221284968,39.49348767750427]},"properties":{"objectid":276319,"codvia":9120,"numportal":26,"dupli_trip":null,"accesorio":"NO","angulo":317,"catfis":"7","descripcion":"26"}},{"type":"Feature","id":276320,"geometry":{"type":"Point","coordinates":[-0.36277746191238985,39.465309050153522]},"properties":{"objectid":276320,"codvia":63360,"numportal":39,"dupli_trip":null,"accesorio":"NO","angulo":29,"catfis":"2","descripcion":"39"}},{"type":"Feature","id":276321,"geometry":{"type":"Point","coordinates":[-0.33341870944178431,39.461894086671066]},"properties":{"objectid":276321,"codvia":75660,"numportal":1,"dupli_trip":"DUPL","accesorio":"NO","angulo":87,"catfis":"6","descripcion":"1dup"}},{"type":"Feature","id":276322,"geometry":{"type":"Point","coordinates":[-0.38562331995273974,39.511751099630452]},"properties":{"objectid":276322,"codvia":4650,"numportal":5,"dupli_trip":null,"accesorio":"NO","angulo":359,"catfis":"7","descripcion":"5"}},{"type":"Feature","id":275563,"geometry":{"type":"Point","coordinates":[-0.35501473516846371,39.437524770491827]},"properties":{"objectid":275563,"codvia":31740,"numportal":182,"dupli_trip":null,"accesorio":"NO","angulo":95,"catfis":"7","descripcion":"182"}},{"type":"Feature","id":275564,"geometry":{"type":"Point","coordinates":[-0.36262312118555712,39.475581878524999]},"properties":{"objectid":275564,"codvia":48120,"numportal":11,"dupli_trip":null,"accesorio":"NO","angulo":341,"catfis":"2","descripcion":"11"}},{"type":"Feature","id":275565,"geometry":{"type":"Point","coordinates":[-0.35175097025080526,39.464966063701738]},"properties":{"objectid":275565,"codvia":54990,"numportal":6,"dupli_trip":null,"accesorio":"NO","angulo":75,"catfis":"5","descripcion":"6"}},{"type":"Feature","id":275567,"geometry":{"type":"Point","coordinates":[-0.35377503406907096,39.465752835124952]},"properties":{"objectid":275567,"codvia":37470,"numportal":62,"dupli_trip":null,"accesorio":"NO","angulo":341,"catfis":"6","descripcion":"62"}},{"type":"Feature","id":275568,"geometry":{"type":"Point","coordinates":[-0.29525359760053843,39.307850215569765]},"properties":{"objectid":275568,"codvia":34140,"numportal":3,"dupli_trip":null,"accesorio":"NO","angulo":294,"catfis":"5","descripcion":"3"}},{"type":"Feature","id":275569,"geometry":{"type":"Point","coordinates":[-0.40632604788120297,39.464666629178254]},"properties":{"objectid":275569,"codvia":73920,"numportal":20,"dupli_trip":null,"accesorio":"SI","angulo":278,"catfis":"6","descripcion":"20ac"}},{"type":"Feature","id":275570,"geometry":{"type":"Point","coordinates":[-0.33585627641777555,39.47165238266556]},"properties":{"objectid":275570,"codvia":38760,"numportal":49,"dupli_trip":null,"accesorio":"NO","angulo":72,"catfis":"6","descripcion":"49"}},{"type":"Feature","id":275571,"geometry":{"type":"Point","coordinates":[-0.39007175582761883,39.45262524712048]},"properties":{"objectid":275571,"codvia":45510,"numportal":2,"dupli_trip":null,"accesorio":"NO","angulo":65,"catfis":"6","descripcion":"2"}},{"type":"Feature","id":275572,"geometry":{"type":"Point","coordinates":[-0.34131349019247148,39.422530051671522]},"properties":{"objectid":275572,"codvia":81550,"numportal":16,"dupli_trip":null,"accesorio":"SI","angulo":282,"catfis":"7","descripcion":"16ac"}},{"type":"Feature","id":275573,"geometry":{"type":"Point","coordinates":[-0.34082255889422647,39.4713390906916]},"properties":{"objectid":275573,"codvia":60030,"numportal":34,"dupli_trip":null,"accesorio":"SI","angulo":72,"catfis":"6","descripcion":"34ac"}},{"type":"Feature","id":275574,"geometry":{"type":"Point","coordinates":[-0.33676323231674254,39.442871633421305]},"properties":{"objectid":275574,"codvia":81785,"numportal":12,"dupli_trip":null,"accesorio":"NO","angulo":261,"catfis":"E","descripcion":"12"}},{"type":"Feature","id":275575,"geometry":{"type":"Point","coordinates":[-0.36256889833282996,39.429086816915287]},"properties":{"objectid":275575,"codvia":39150,"numportal":9,"dupli_trip":null,"accesorio":"NO","angulo":355,"catfis":"7","descripcion":"9"}},{"type":"Feature","id":275577,"geometry":{"type":"Point","coordinates":[-0.39223315486040838,39.455160670864686]},"properties":{"objectid":275577,"codvia":39210,"numportal":20,"dupli_trip":null,"accesorio":"NO","angulo":335,"catfis":"6","descripcion":"20"}},{"type":"Feature","id":275578,"geometry":{"type":"Point","coordinates":[-0.33285224909065048,39.461478000343774]},"properties":{"objectid":275578,"codvia":38640,"numportal":38,"dupli_trip":null,"accesorio":"NO","angulo":351,"catfis":"4","descripcion":"38"}},{"type":"Feature","id":275580,"geometry":{"type":"Point","coordinates":[-0.37572893381773975,39.498342831237444]},"properties":{"objectid":275580,"codvia":81158,"numportal":5,"dupli_trip":null,"accesorio":"SI","angulo":289,"catfis":"7","descripcion":"5ac"}},{"type":"Feature","id":275581,"geometry":{"type":"Point","coordinates":[-0.3756046710901198,39.458495748909286]},"properties":{"objectid":275581,"codvia":44880,"numportal":5,"dupli_trip":null,"accesorio":"SI","angulo":29,"catfis":"5","descripcion":"5ac"}},{"type":"Feature","id":275582,"geometry":{"type":"Point","coordinates":[-0.33960845734567824,39.46737499328183]},"properties":{"objectid":275582,"codvia":70620,"numportal":145,"dupli_trip":null,"accesorio":"NO","angulo":343,"catfis":"4","descripcion":"145"}},{"type":"Feature","id":275583,"geometry":{"type":"Point","coordinates":[-0.36983494954431073,39.467725214919902]},"properties":{"objectid":275583,"codvia":37320,"numportal":18,"dupli_trip":null,"accesorio":"NO","angulo":301,"catfis":"E","descripcion":"18"}},{"type":"Feature","id":275585,"geometry":{"type":"Point","coordinates":[-0.36666160308000972,39.489821419906399]},"properties":{"objectid":275585,"codvia":81351,"numportal":18,"dupli_trip":null,"accesorio":null,"angulo":310,"catfis":"E","descripcion":"18"}},{"type":"Feature","id":275586,"geometry":{"type":"Point","coordinates":[-0.37377018289968555,39.494304260232198]},"properties":{"objectid":275586,"codvia":1950,"numportal":16,"dupli_trip":null,"accesorio":"NO","angulo":76,"catfis":"6","descripcion":"16"}},{"type":"Feature","id":275587,"geometry":{"type":"Point","coordinates":[-0.31818797854494651,39.311155951223235]},"properties":{"objectid":275587,"codvia":81522,"numportal":16,"dupli_trip":null,"accesorio":"NO","angulo":93,"catfis":"7","descripcion":"16"}},{"type":"Feature","id":275588,"geometry":{"type":"Point","coordinates":[-0.38487555418916142,39.47060066108574]},"properties":{"objectid":275588,"codvia":30000,"numportal":14,"dupli_trip":null,"accesorio":"NO","angulo":302,"catfis":"2","descripcion":"14"}},{"type":"Feature","id":275589,"geometry":{"type":"Point","coordinates":[-0.37925915951060668,39.488107962338304]},"properties":{"objectid":275589,"codvia":60270,"numportal":8,"dupli_trip":null,"accesorio":"SI","angulo":288,"catfis":"7","descripcion":"8ac"}},{"type":"Feature","id":275591,"geometry":{"type":"Point","coordinates":[-0.36651592072659561,39.495089853204021]},"properties":{"objectid":275591,"codvia":81164,"numportal":11,"dupli_trip":null,"accesorio":"SI","angulo":45,"catfis":"E","descripcion":"11ac"}},{"type":"Feature","id":275291,"geometry":{"type":"Point","coordinates":[-0.37690841751642923,39.460108300234872]},"properties":{"objectid":275291,"codvia":58650,"numportal":14,"dupli_trip":null,"accesorio":"NO","angulo":29,"catfis":"4","descripcion":"14"}},{"type":"Feature","id":275292,"geometry":{"type":"Point","coordinates":[-0.28946971818729017,39.299900434876626]},"properties":{"objectid":275292,"codvia":81412,"numportal":26,"dupli_trip":null,"accesorio":"NO","angulo":296,"catfis":"7","descripcion":"26"}},{"type":"Feature","id":275293,"geometry":{"type":"Point","coordinates":[-0.34119029927222261,39.465891364680971]},"properties":{"objectid":275293,"codvia":44250,"numportal":30,"dupli_trip":null,"accesorio":"NO","angulo":72,"catfis":"6","descripcion":"30"}},{"type":"Feature","id":275294,"geometry":{"type":"Point","coordinates":[-0.36746124465695201,39.487485847185809]},"properties":{"objectid":275294,"codvia":61410,"numportal":75,"dupli_trip":null,"accesorio":"SI","angulo":318,"catfis":"4","descripcion":"75ac"}},{"type":"Feature","id":275295,"geometry":{"type":"Point","coordinates":[-0.39798218409245284,39.465280541380586]},"properties":{"objectid":275295,"codvia":81111,"numportal":5,"dupli_trip":null,"accesorio":"NO","angulo":349,"catfis":"7","descripcion":"5"}},{"type":"Feature","id":275296,"geometry":{"type":"Point","coordinates":[-0.3769518346791611,39.493370823255994]},"properties":{"objectid":275296,"codvia":48060,"numportal":34,"dupli_trip":null,"accesorio":"NO","angulo":17,"catfis":"7","descripcion":"34"}},{"type":"Feature","id":278677,"geometry":{"type":"Point","coordinates":[-0.41153104790002748,39.468429322393909]},"properties":{"objectid":278677,"codvia":81438,"numportal":2,"dupli_trip":null,"accesorio":"NO","angulo":283,"catfis":"7","descripcion":"2"}},{"type":"Feature","id":278679,"geometry":{"type":"Point","coordinates":[-0.40175318728014359,39.489638122611161]},"properties":{"objectid":278679,"codvia":81588,"numportal":1,"dupli_trip":null,"accesorio":"SI","angulo":266,"catfis":"7","descripcion":"1ac"}},{"type":"Feature","id":278680,"geometry":{"type":"Point","coordinates":[-0.36859274058738556,39.49071023622384]},"properties":{"objectid":278680,"codvia":50850,"numportal":17,"dupli_trip":null,"accesorio":"NO","angulo":48,"catfis":"6","descripcion":"17"}},{"type":"Feature","id":278681,"geometry":{"type":"Point","coordinates":[-0.39704165743850262,39.481269949508388]},"properties":{"objectid":278681,"codvia":25830,"numportal":7,"dupli_trip":null,"accesorio":"SI","angulo":293,"catfis":"6","descripcion":"7ac"}},{"type":"Feature","id":278682,"geometry":{"type":"Point","coordinates":[-0.36908285538009639,39.488266491589215]},"properties":{"objectid":278682,"codvia":61410,"numportal":44,"dupli_trip":null,"accesorio":"NO","angulo":319,"catfis":"4","descripcion":"44"}},{"type":"Feature","id":278683,"geometry":{"type":"Point","coordinates":[-0.38423211876016711,39.500064894545403]},"properties":{"objectid":278683,"codvia":34020,"numportal":46,"dupli_trip":null,"accesorio":"NO","angulo":317,"catfis":"7","descripcion":"46"}},{"type":"Feature","id":278684,"geometry":{"type":"Point","coordinates":[-0.35225591892184721,39.47672120327163]},"properties":{"objectid":278684,"codvia":81348,"numportal":2,"dupli_trip":"DUPL","accesorio":"SI","angulo":71,"catfis":"4","descripcion":"2dupac"}},{"type":"Feature","id":278685,"geometry":{"type":"Point","coordinates":[-0.37428888569243479,39.455426609807198]},"properties":{"objectid":278685,"codvia":7590,"numportal":17,"dupli_trip":null,"accesorio":"SI","angulo":301,"catfis":"4","descripcion":"17ac"}},{"type":"Feature","id":278687,"geometry":{"type":"Point","coordinates":[-0.37781498135274733,39.497221806803971]},"properties":{"objectid":278687,"codvia":14460,"numportal":38,"dupli_trip":null,"accesorio":"NO","angulo":283,"catfis":"7","descripcion":"38"}},{"type":"Feature","id":278688,"geometry":{"type":"Point","coordinates":[-0.28502218803039686,39.290846508228569]},"properties":{"objectid":278688,"codvia":32880,"numportal":201,"dupli_trip":null,"accesorio":"NO","angulo":289,"catfis":"5","descripcion":"201"}},{"type":"Feature","id":278689,"geometry":{"type":"Point","coordinates":[-0.33333308464758343,39.451719744092181]},"properties":{"objectid":278689,"codvia":4800,"numportal":4,"dupli_trip":null,"accesorio":"NO","angulo":80,"catfis":"6","descripcion":"4"}},{"type":"Feature","id":278690,"geometry":{"type":"Point","coordinates":[-0.36480466557400681,39.466793828643127]},"properties":{"objectid":278690,"codvia":66420,"numportal":14,"dupli_trip":null,"accesorio":"NO","angulo":301,"catfis":"2","descripcion":"14"}},{"type":"Feature","id":278691,"geometry":{"type":"Point","coordinates":[-0.35887459172434527,39.472304025993694]},"properties":{"objectid":278691,"codvia":2610,"numportal":9,"dupli_trip":null,"accesorio":"NO","angulo":75,"catfis":"4","descripcion":"9"}},{"type":"Feature","id":278692,"geometry":{"type":"Point","coordinates":[-0.39755552854792525,39.494013405203397]},"properties":{"objectid":278692,"codvia":71190,"numportal":23,"dupli_trip":null,"accesorio":"NO","angulo":42,"catfis":"7","descripcion":"23"}},{"type":"Feature","id":278693,"geometry":{"type":"Point","coordinates":[-0.36470704081783173,39.464850897091424]},"properties":{"objectid":278693,"codvia":18570,"numportal":41,"dupli_trip":null,"accesorio":"NO","angulo":301,"catfis":"2","descripcion":"41"}},{"type":"Feature","id":278694,"geometry":{"type":"Point","coordinates":[-0.33404029664740148,39.44550400272626]},"properties":{"objectid":278694,"codvia":36720,"numportal":72,"dupli_trip":null,"accesorio":"NO","angulo":79,"catfis":"7","descripcion":"72"}},{"type":"Feature","id":278695,"geometry":{"type":"Point","coordinates":[-0.33037234965361262,39.474384630381017]},"properties":{"objectid":278695,"codvia":63540,"numportal":1,"dupli_trip":null,"accesorio":"NO","angulo":0,"catfis":"7","descripcion":"1"}},{"type":"Feature","id":278696,"geometry":{"type":"Point","coordinates":[-0.37651851393511071,39.491730056503428]},"properties":{"objectid":278696,"codvia":29760,"numportal":1,"dupli_trip":null,"accesorio":"SI","angulo":288,"catfis":"7","descripcion":"1ac"}},{"type":"Feature","id":278697,"geometry":{"type":"Point","coordinates":[-0.35829056551107585,39.445470460256281]},"properties":{"objectid":278697,"codvia":31740,"numportal":92,"dupli_trip":null,"accesorio":"NO","angulo":293,"catfis":"7","descripcion":"92"}},{"type":"Feature","id":278698,"geometry":{"type":"Point","coordinates":[-0.33955684889183507,39.46807474651429]},"properties":{"objectid":278698,"codvia":58660,"numportal":9,"dupli_trip":null,"accesorio":"SI","angulo":343,"catfis":"6","descripcion":"9ac"}},{"type":"Feature","id":278699,"geometry":{"type":"Point","coordinates":[-0.3810575070817776,39.46630024349313]},"properties":{"objectid":278699,"codvia":69330,"numportal":95,"dupli_trip":null,"accesorio":"NO","angulo":61,"catfis":"1","descripcion":"95"}},{"type":"Feature","id":278701,"geometry":{"type":"Point","coordinates":[-0.38844489383908271,39.453373129716255]},"properties":{"objectid":278701,"codvia":15390,"numportal":32,"dupli_trip":null,"accesorio":"NO","angulo":62,"catfis":"6","descripcion":"32"}},{"type":"Feature","id":278702,"geometry":{"type":"Point","coordinates":[-0.32871145664399676,39.467419631887729]},"properties":{"objectid":278702,"codvia":2910,"numportal":88,"dupli_trip":null,"accesorio":"NO","angulo":86,"catfis":"3","descripcion":"88"}},{"type":"Feature","id":278798,"geometry":{"type":"Point","coordinates":[-0.37906308639377201,39.496006478052244]},"properties":{"objectid":278798,"codvia":1770,"numportal":50,"dupli_trip":null,"accesorio":"SI","angulo":289,"catfis":"7","descripcion":"50ac"}},{"type":"Feature","id":278799,"geometry":{"type":"Point","coordinates":[-0.37550748501447778,39.489699421896567]},"properties":{"objectid":278799,"codvia":62610,"numportal":128,"dupli_trip":null,"accesorio":"NO","angulo":61,"catfis":"6","descripcion":"128"}},{"type":"Feature","id":278800,"geometry":{"type":"Point","coordinates":[-0.37170186721132326,39.487078119104645]},"properties":{"objectid":278800,"codvia":47400,"numportal":48,"dupli_trip":null,"accesorio":"NO","angulo":348,"catfis":"6","descripcion":"48"}},{"type":"Feature","id":278801,"geometry":{"type":"Point","coordinates":[-0.39290069561885066,39.485837192360634]},"properties":{"objectid":278801,"codvia":49620,"numportal":12,"dupli_trip":null,"accesorio":"NO","angulo":31,"catfis":"6","descripcion":"12"}},{"type":"Feature","id":278802,"geometry":{"type":"Point","coordinates":[-0.32899555004429254,39.468159184551602]},"properties":{"objectid":278802,"codvia":19410,"numportal":29,"dupli_trip":null,"accesorio":"NO","angulo":353,"catfis":"6","descripcion":"29"}},{"type":"Feature","id":278803,"geometry":{"type":"Point","coordinates":[-0.3765112334066254,39.459314469429962]},"properties":{"objectid":278803,"codvia":41850,"numportal":39,"dupli_trip":null,"accesorio":"NO","angulo":29,"catfis":"4","descripcion":"39"}},{"type":"Feature","id":278804,"geometry":{"type":"Point","coordinates":[-0.3357590971553186,39.443750272879562]},"properties":{"objectid":278804,"codvia":13920,"numportal":19,"dupli_trip":"A","accesorio":"NO","angulo":357,"catfis":"7","descripcion":"19A"}},{"type":"Feature","id":278805,"geometry":{"type":"Point","coordinates":[-0.3603277362346835,39.482173138588969]},"properties":{"objectid":278805,"codvia":61410,"numportal":153,"dupli_trip":null,"accesorio":"NO","angulo":318,"catfis":"3","descripcion":"153"}},{"type":"Feature","id":278806,"geometry":{"type":"Point","coordinates":[-0.39234141645781101,39.490353896834435]},"properties":{"objectid":278806,"codvia":12360,"numportal":3,"dupli_trip":null,"accesorio":"SI","angulo":65,"catfis":"7","descripcion":"3ac"}},{"type":"Feature","id":278807,"geometry":{"type":"Point","coordinates":[-0.39389119811603535,39.43256949370577]},"properties":{"objectid":278807,"codvia":26220,"numportal":6,"dupli_trip":null,"accesorio":"NO","angulo":351,"catfis":"E","descripcion":"6"}},{"type":"Feature","id":278810,"geometry":{"type":"Point","coordinates":[-0.37726036231788479,39.431997681313831]},"properties":{"objectid":278810,"codvia":36120,"numportal":4,"dupli_trip":null,"accesorio":"NO","angulo":80,"catfis":"7","descripcion":"4"}},{"type":"Feature","id":278811,"geometry":{"type":"Point","coordinates":[-0.37258448389376175,39.483723789714979]},"properties":{"objectid":278811,"codvia":78180,"numportal":8,"dupli_trip":"A","accesorio":"NO","angulo":74,"catfis":"5","descripcion":"8A"}},{"type":"Feature","id":278812,"geometry":{"type":"Point","coordinates":[-0.3287628613359922,39.467051545490619]},"properties":{"objectid":278812,"codvia":2910,"numportal":78,"dupli_trip":null,"accesorio":"SI","angulo":86,"catfis":"3","descripcion":"78ac"}},{"type":"Feature","id":278813,"geometry":{"type":"Point","coordinates":[-0.3527598760626911,39.467643285641486]},"properties":{"objectid":278813,"codvia":7020,"numportal":42,"dupli_trip":null,"accesorio":"SI","angulo":343,"catfis":"7","descripcion":"42ac"}},{"type":"Feature","id":278814,"geometry":{"type":"Point","coordinates":[-0.39812501856308302,39.471061426263049]},"properties":{"objectid":278814,"codvia":44670,"numportal":38,"dupli_trip":null,"accesorio":"NO","angulo":87,"catfis":"6","descripcion":"38"}},{"type":"Feature","id":278815,"geometry":{"type":"Point","coordinates":[-0.33151625229298798,39.467350939840074]},"properties":{"objectid":278815,"codvia":65670,"numportal":95,"dupli_trip":null,"accesorio":"NO","angulo":99,"catfis":"6","descripcion":"95"}},{"type":"Feature","id":278816,"geometry":{"type":"Point","coordinates":[-0.33184157539718206,39.474075844336369]},"properties":{"objectid":278816,"codvia":46170,"numportal":35,"dupli_trip":null,"accesorio":"NO","angulo":351,"catfis":"7","descripcion":"35"}},{"type":"Feature","id":278817,"geometry":{"type":"Point","coordinates":[-0.37873691376135565,39.516727952687035]},"properties":{"objectid":278817,"codvia":33810,"numportal":5,"dupli_trip":null,"accesorio":"NO","angulo":82,"catfis":"7","descripcion":"5"}},{"type":"Feature","id":278818,"geometry":{"type":"Point","coordinates":[-0.3899934915481158,39.491573790177412]},"properties":{"objectid":278818,"codvia":81190,"numportal":3,"dupli_trip":null,"accesorio":"NO","angulo":338,"catfis":"6","descripcion":"3"}},{"type":"Feature","id":278819,"geometry":{"type":"Point","coordinates":[-0.40543953320257592,39.468772791519626]},"properties":{"objectid":278819,"codvia":73920,"numportal":5,"dupli_trip":null,"accesorio":"SI","angulo":79,"catfis":"6","descripcion":"5ac"}},{"type":"Feature","id":278821,"geometry":{"type":"Point","coordinates":[-0.39021930384303549,39.515504584293339]},"properties":{"objectid":278821,"codvia":1830,"numportal":5,"dupli_trip":null,"accesorio":"NO","angulo":61,"catfis":"7","descripcion":"5"}},{"type":"Feature","id":278822,"geometry":{"type":"Point","coordinates":[-0.39543439595180385,39.481978676080153]},"properties":{"objectid":278822,"codvia":81286,"numportal":2,"dupli_trip":null,"accesorio":"SI","angulo":300,"catfis":"4","descripcion":"2ac"}},{"type":"Feature","id":279399,"geometry":{"type":"Point","coordinates":[-0.37996022584720812,39.485509748044649]},"properties":{"objectid":279399,"codvia":63780,"numportal":30,"dupli_trip":null,"accesorio":"NO","angulo":0,"catfis":"6","descripcion":"30"}},{"type":"Feature","id":280735,"geometry":{"type":"Point","coordinates":[-0.38881122813628011,39.492552041025775]},"properties":{"objectid":280735,"codvia":57420,"numportal":54,"dupli_trip":null,"accesorio":"SI","angulo":337,"catfis":"7","descripcion":"54ac"}},{"type":"Feature","id":280737,"geometry":{"type":"Point","coordinates":[-0.35550571315892082,39.462456172853273]},"properties":{"objectid":280737,"codvia":81528,"numportal":7,"dupli_trip":null,"accesorio":"NO","angulo":70,"catfis":"3","descripcion":"7"}},{"type":"Feature","id":280738,"geometry":{"type":"Point","coordinates":[-0.33035491915443749,39.472438830990441]},"properties":{"objectid":280738,"codvia":7170,"numportal":15,"dupli_trip":null,"accesorio":"NO","angulo":82,"catfis":"7","descripcion":"15"}},{"type":"Feature","id":280739,"geometry":{"type":"Point","coordinates":[-0.29543988310020391,39.307328130664125]},"properties":{"objectid":280739,"codvia":12870,"numportal":11,"dupli_trip":null,"accesorio":"SI","angulo":69,"catfis":"7","descripcion":"11ac"}},{"type":"Feature","id":280740,"geometry":{"type":"Point","coordinates":[-0.34900706404683818,39.471865816804538]},"properties":{"objectid":280740,"codvia":9480,"numportal":30,"dupli_trip":null,"accesorio":"SI","angulo":72,"catfis":"6","descripcion":"30ac"}},{"type":"Feature","id":280741,"geometry":{"type":"Point","coordinates":[-0.34881963458277504,39.468905920393119]},"properties":{"objectid":280741,"codvia":25950,"numportal":49,"dupli_trip":null,"accesorio":"SI","angulo":72,"catfis":"6","descripcion":"49ac"}},{"type":"Feature","id":280742,"geometry":{"type":"Point","coordinates":[-0.37131040677379873,39.449603821742322]},"properties":{"objectid":280742,"codvia":37390,"numportal":82,"dupli_trip":null,"accesorio":"NO","angulo":31,"catfis":"4","descripcion":"82"}},{"type":"Feature","id":280745,"geometry":{"type":"Point","coordinates":[-0.37033749824333578,39.493316377219188]},"properties":{"objectid":280745,"codvia":750,"numportal":23,"dupli_trip":null,"accesorio":"NO","angulo":338,"catfis":"7","descripcion":"23"}},{"type":"Feature","id":280746,"geometry":{"type":"Point","coordinates":[-0.34891926918026334,39.461481763873259]},"properties":{"objectid":280746,"codvia":81543,"numportal":8,"dupli_trip":null,"accesorio":"NO","angulo":72,"catfis":"7","descripcion":"8"}},{"type":"Feature","id":280747,"geometry":{"type":"Point","coordinates":[-0.3655950661372025,39.424842584649937]},"properties":{"objectid":280747,"codvia":81552,"numportal":2,"dupli_trip":null,"accesorio":"SI","angulo":104,"catfis":"7","descripcion":"2ac"}},{"type":"Feature","id":280748,"geometry":{"type":"Point","coordinates":[-0.36776138452560581,39.477460840498111]},"properties":{"objectid":280748,"codvia":43320,"numportal":1,"dupli_trip":null,"accesorio":"NO","angulo":13,"catfis":"2","descripcion":"1"}},{"type":"Feature","id":280749,"geometry":{"type":"Point","coordinates":[-0.36721011951586557,39.444951608444796]},"properties":{"objectid":280749,"codvia":34500,"numportal":47,"dupli_trip":null,"accesorio":"NO","angulo":80,"catfis":"7","descripcion":"47"}},{"type":"Feature","id":280750,"geometry":{"type":"Point","coordinates":[-0.35530197347300074,39.474246106725239]},"properties":{"objectid":280750,"codvia":81210,"numportal":22,"dupli_trip":null,"accesorio":"NO","angulo":72,"catfis":"2","descripcion":"22"}},{"type":"Feature","id":280752,"geometry":{"type":"Point","coordinates":[-0.37946008065078651,39.48739468320089]},"properties":{"objectid":280752,"codvia":9600,"numportal":21,"dupli_trip":null,"accesorio":"NO","angulo":287,"catfis":"7","descripcion":"21"}},{"type":"Feature","id":280753,"geometry":{"type":"Point","coordinates":[-0.40445087506999938,39.468974061918743]},"properties":{"objectid":280753,"codvia":5490,"numportal":22,"dupli_trip":null,"accesorio":"NO","angulo":350,"catfis":"6","descripcion":"22"}},{"type":"Feature","id":280754,"geometry":{"type":"Point","coordinates":[-0.33028548993278223,39.46333550334348]},"properties":{"objectid":280754,"codvia":54660,"numportal":2,"dupli_trip":null,"accesorio":"SI","angulo":87,"catfis":"7","descripcion":"2ac"}},{"type":"Feature","id":280755,"geometry":{"type":"Point","coordinates":[-0.39630713572141052,39.472468726453364]},"properties":{"objectid":280755,"codvia":38130,"numportal":30,"dupli_trip":null,"accesorio":"NO","angulo":91,"catfis":"6","descripcion":"30"}},{"type":"Feature","id":280756,"geometry":{"type":"Point","coordinates":[-0.38517069426290301,39.462102639282968]},"properties":{"objectid":280756,"codvia":1140,"numportal":56,"dupli_trip":null,"accesorio":"NO","angulo":59,"catfis":"2","descripcion":"56"}},{"type":"Feature","id":280757,"geometry":{"type":"Point","coordinates":[-0.35715022804025248,39.484784215792544]},"properties":{"objectid":280757,"codvia":35520,"numportal":18,"dupli_trip":null,"accesorio":"NO","angulo":84,"catfis":"7","descripcion":"18"}},{"type":"Feature","id":280758,"geometry":{"type":"Point","coordinates":[-0.38110804327759329,39.4636719178067]},"properties":{"objectid":280758,"codvia":67080,"numportal":9,"dupli_trip":null,"accesorio":"NO","angulo":359,"catfis":"3","descripcion":"9"}},{"type":"Feature","id":280056,"geometry":{"type":"Point","coordinates":[-0.37231329627062698,39.459847716042177]},"properties":{"objectid":280056,"codvia":12960,"numportal":84,"dupli_trip":null,"accesorio":"NO","angulo":298,"catfis":"4","descripcion":"84"}},{"type":"Feature","id":280057,"geometry":{"type":"Point","coordinates":[-0.36953342934047778,39.490472903194267]},"properties":{"objectid":280057,"codvia":56940,"numportal":23,"dupli_trip":null,"accesorio":"NO","angulo":317,"catfis":"6","descripcion":"23"}},{"type":"Feature","id":280058,"geometry":{"type":"Point","coordinates":[-0.39272307784295324,39.471649647393541]},"properties":{"objectid":280058,"codvia":70020,"numportal":9,"dupli_trip":null,"accesorio":"SI","angulo":29,"catfis":"3","descripcion":"9ac"}},{"type":"Feature","id":280059,"geometry":{"type":"Point","coordinates":[-0.33835947380543596,39.462743210731247]},"properties":{"objectid":280059,"codvia":2880,"numportal":40,"dupli_trip":null,"accesorio":"SI","angulo":341,"catfis":"7","descripcion":"40ac"}},{"type":"Feature","id":280060,"geometry":{"type":"Point","coordinates":[-0.39103758092362617,39.48985972128839]},"properties":{"objectid":280060,"codvia":12540,"numportal":119,"dupli_trip":null,"accesorio":"NO","angulo":312,"catfis":"4","descripcion":"119"}},{"type":"Feature","id":280061,"geometry":{"type":"Point","coordinates":[-0.3748249732096281,39.431538344336857]},"properties":{"objectid":280061,"codvia":70780,"numportal":24,"dupli_trip":null,"accesorio":"SI","angulo":0,"catfis":"7","descripcion":"24ac"}},{"type":"Feature","id":280062,"geometry":{"type":"Point","coordinates":[-0.42085111109144713,39.501264186425573]},"properties":{"objectid":280062,"codvia":10590,"numportal":46,"dupli_trip":null,"accesorio":"NO","angulo":274,"catfis":"7","descripcion":"46"}},{"type":"Feature","id":280063,"geometry":{"type":"Point","coordinates":[-0.33102827582356026,39.464296311354538]},"properties":{"objectid":280063,"codvia":38820,"numportal":35,"dupli_trip":null,"accesorio":"NO","angulo":87,"catfis":"7","descripcion":"35"}},{"type":"Feature","id":280065,"geometry":{"type":"Point","coordinates":[-0.27631819693877191,39.280007958724767]},"properties":{"objectid":280065,"codvia":34140,"numportal":130,"dupli_trip":null,"accesorio":"SI","angulo":296,"catfis":"5","descripcion":"130ac"}},{"type":"Feature","id":280066,"geometry":{"type":"Point","coordinates":[-0.29478856799911773,39.307576496729929]},"properties":{"objectid":280066,"codvia":12870,"numportal":72,"dupli_trip":null,"accesorio":"NO","angulo":38,"catfis":"7","descripcion":"72"}},{"type":"Feature","id":280067,"geometry":{"type":"Point","coordinates":[-0.3729603327565813,39.496307437853787]},"properties":{"objectid":280067,"codvia":31410,"numportal":8,"dupli_trip":null,"accesorio":"SI","angulo":74,"catfis":"7","descripcion":"8ac"}},{"type":"Feature","id":280068,"geometry":{"type":"Point","coordinates":[-0.4130845835788825,39.468462166455204]},"properties":{"objectid":280068,"codvia":81127,"numportal":9,"dupli_trip":null,"accesorio":"NO","angulo":7,"catfis":"6","descripcion":"9"}},{"type":"Feature","id":280069,"geometry":{"type":"Point","coordinates":[-0.33854283665253732,39.421257281764667]},"properties":{"objectid":280069,"codvia":58260,"numportal":30,"dupli_trip":null,"accesorio":"NO","angulo":12,"catfis":"7","descripcion":"30"}},{"type":"Feature","id":280070,"geometry":{"type":"Point","coordinates":[-0.373121848025879,39.483943284848593]},"properties":{"objectid":280070,"codvia":52020,"numportal":5,"dupli_trip":null,"accesorio":"NO","angulo":353,"catfis":"7","descripcion":"5"}},{"type":"Feature","id":280071,"geometry":{"type":"Point","coordinates":[-0.38359541630134736,39.489345563772723]},"properties":{"objectid":280071,"codvia":81429,"numportal":6,"dupli_trip":null,"accesorio":"SI","angulo":288,"catfis":"7","descripcion":"6ac"}},{"type":"Feature","id":280072,"geometry":{"type":"Point","coordinates":[-0.37910663672477984,39.474723401004148]},"properties":{"objectid":280072,"codvia":47820,"numportal":25,"dupli_trip":null,"accesorio":"NO","angulo":311,"catfis":"3","descripcion":"25"}},{"type":"Feature","id":280073,"geometry":{"type":"Point","coordinates":[-0.39007502222300661,39.468584279398847]},"properties":{"objectid":280073,"codvia":35610,"numportal":14,"dupli_trip":null,"accesorio":"NO","angulo":31,"catfis":"3","descripcion":"14"}},{"type":"Feature","id":280074,"geometry":{"type":"Point","coordinates":[-0.39836233740650223,39.469352566645917]},"properties":{"objectid":280074,"codvia":76680,"numportal":8,"dupli_trip":null,"accesorio":"NO","angulo":299,"catfis":"7","descripcion":"8"}},{"type":"Feature","id":280075,"geometry":{"type":"Point","coordinates":[-0.37156436301360679,39.469590992535466]},"properties":{"objectid":280075,"codvia":19350,"numportal":31,"dupli_trip":null,"accesorio":"NO","angulo":43,"catfis":"E","descripcion":"31"}},{"type":"Feature","id":280076,"geometry":{"type":"Point","coordinates":[-0.29232958475474036,39.302828133442468]},"properties":{"objectid":280076,"codvia":32880,"numportal":80,"dupli_trip":null,"accesorio":"NO","angulo":308,"catfis":"7","descripcion":"80"}},{"type":"Feature","id":296288,"geometry":{"type":"Point","coordinates":[-0.3512346825826318,39.422204692819761]},"properties":{"objectid":296288,"codvia":73830,"numportal":135,"dupli_trip":null,"accesorio":null,"angulo":10,"catfis":"E","descripcion":"135"}},{"type":"Feature","id":279841,"geometry":{"type":"Point","coordinates":[-0.38432770352287682,39.486388871546403]},"properties":{"objectid":279841,"codvia":24390,"numportal":7,"dupli_trip":null,"accesorio":"SI","angulo":17,"catfis":"6","descripcion":"7ac"}},{"type":"Feature","id":279842,"geometry":{"type":"Point","coordinates":[-0.37797410473540966,39.528836108727653]},"properties":{"objectid":279842,"codvia":3660,"numportal":20,"dupli_trip":null,"accesorio":"NO","angulo":359,"catfis":"7","descripcion":"20"}},{"type":"Feature","id":279843,"geometry":{"type":"Point","coordinates":[-0.3787768128584077,39.446541540577748]},"properties":{"objectid":279843,"codvia":44490,"numportal":31,"dupli_trip":null,"accesorio":"NO","angulo":353,"catfis":"5","descripcion":"31"}},{"type":"Feature","id":279844,"geometry":{"type":"Point","coordinates":[-0.35514095518430588,39.472734717366258]},"properties":{"objectid":279844,"codvia":60660,"numportal":18,"dupli_trip":null,"accesorio":"NO","angulo":72,"catfis":"2","descripcion":"18"}},{"type":"Feature","id":279845,"geometry":{"type":"Point","coordinates":[-0.37631389487233519,39.478486945630941]},"properties":{"objectid":279845,"codvia":71070,"numportal":34,"dupli_trip":null,"accesorio":"NO","angulo":72,"catfis":"3","descripcion":"34"}},{"type":"Feature","id":279846,"geometry":{"type":"Point","coordinates":[-0.34109426450475167,39.423295164270037]},"properties":{"objectid":279846,"codvia":46770,"numportal":270,"dupli_trip":null,"accesorio":"NO","angulo":0,"catfis":"7","descripcion":"270"}},{"type":"Feature","id":279848,"geometry":{"type":"Point","coordinates":[-0.39396691041347076,39.463206936117132]},"properties":{"objectid":279848,"codvia":9330,"numportal":3,"dupli_trip":null,"accesorio":"NO","angulo":29,"catfis":"6","descripcion":"3"}},{"type":"Feature","id":279849,"geometry":{"type":"Point","coordinates":[-0.36649524001912515,39.467702859347021]},"properties":{"objectid":279849,"codvia":46320,"numportal":68,"dupli_trip":null,"accesorio":"NO","angulo":31,"catfis":"E","descripcion":"68"}},{"type":"Feature","id":279850,"geometry":{"type":"Point","coordinates":[-0.32967603892629466,39.468715635467014]},"properties":{"objectid":279850,"codvia":54660,"numportal":187,"dupli_trip":null,"accesorio":"NO","angulo":83,"catfis":"7","descripcion":"187"}},{"type":"Feature","id":279851,"geometry":{"type":"Point","coordinates":[-0.39117232547398673,39.435231190900339]},"properties":{"objectid":279851,"codvia":1110,"numportal":3,"dupli_trip":null,"accesorio":"NO","angulo":353,"catfis":"7","descripcion":"3"}},{"type":"Feature","id":279852,"geometry":{"type":"Point","coordinates":[-0.37403813455525575,39.455769243228893]},"properties":{"objectid":279852,"codvia":65910,"numportal":23,"dupli_trip":null,"accesorio":"NO","angulo":77,"catfis":"4","descripcion":"23"}},{"type":"Feature","id":279853,"geometry":{"type":"Point","coordinates":[-0.37741043749248887,39.479253851335805]},"properties":{"objectid":279853,"codvia":32550,"numportal":5,"dupli_trip":null,"accesorio":"NO","angulo":78,"catfis":"7","descripcion":"5"}},{"type":"Feature","id":279854,"geometry":{"type":"Point","coordinates":[-0.3779149772698317,39.516867552865584]},"properties":{"objectid":279854,"codvia":32490,"numportal":1,"dupli_trip":null,"accesorio":"SI","angulo":351,"catfis":"7","descripcion":"1ac"}},{"type":"Feature","id":279855,"geometry":{"type":"Point","coordinates":[-0.39620571763531837,39.494243113845357]},"properties":{"objectid":279855,"codvia":30510,"numportal":100,"dupli_trip":null,"accesorio":"NO","angulo":312,"catfis":"7","descripcion":"100"}},{"type":"Feature","id":279857,"geometry":{"type":"Point","coordinates":[-0.31782928364195012,39.306881647299392]},"properties":{"objectid":279857,"codvia":81530,"numportal":230,"dupli_trip":null,"accesorio":"SI","angulo":356,"catfis":"7","descripcion":"230ac"}},{"type":"Feature","id":279858,"geometry":{"type":"Point","coordinates":[-0.33638408664320046,39.461942856498474]},"properties":{"objectid":279858,"codvia":77070,"numportal":11,"dupli_trip":null,"accesorio":"NO","angulo":80,"catfis":"6","descripcion":"11"}},{"type":"Feature","id":279860,"geometry":{"type":"Point","coordinates":[-0.37823864092467457,39.48053931969055]},"properties":{"objectid":279860,"codvia":11400,"numportal":16,"dupli_trip":null,"accesorio":"NO","angulo":329,"catfis":"4","descripcion":"16"}},{"type":"Feature","id":279861,"geometry":{"type":"Point","coordinates":[-0.39900646888266145,39.482209817106586]},"properties":{"objectid":279861,"codvia":23940,"numportal":10,"dupli_trip":null,"accesorio":"NO","angulo":346,"catfis":"6","descripcion":"10"}},{"type":"Feature","id":279862,"geometry":{"type":"Point","coordinates":[-0.38068615533069233,39.473240535908715]},"properties":{"objectid":279862,"codvia":58140,"numportal":8,"dupli_trip":null,"accesorio":"NO","angulo":318,"catfis":"4","descripcion":"8"}},{"type":"Feature","id":279863,"geometry":{"type":"Point","coordinates":[-0.38434830768834177,39.492593748412375]},"properties":{"objectid":279863,"codvia":68190,"numportal":34,"dupli_trip":null,"accesorio":"SI","angulo":288,"catfis":"6","descripcion":"34ac"}},{"type":"Feature","id":279864,"geometry":{"type":"Point","coordinates":[-0.36723104001888845,39.442680283913475]},"properties":{"objectid":279864,"codvia":6960,"numportal":9,"dupli_trip":null,"accesorio":"NO","angulo":329,"catfis":"7","descripcion":"9"}},{"type":"Feature","id":280548,"geometry":{"type":"Point","coordinates":[-0.36581566488646666,39.479989421431675]},"properties":{"objectid":280548,"codvia":900,"numportal":1,"dupli_trip":null,"accesorio":"NO","angulo":342,"catfis":"3","descripcion":"1"}},{"type":"Feature","id":280549,"geometry":{"type":"Point","coordinates":[-0.39815955067464898,39.484278892599114]},"properties":{"objectid":280549,"codvia":49350,"numportal":27,"dupli_trip":null,"accesorio":"NO","angulo":87,"catfis":"4","descripcion":"27"}},{"type":"Feature","id":280550,"geometry":{"type":"Point","coordinates":[-0.35195923783551208,39.479337314540047]},"properties":{"objectid":280550,"codvia":65880,"numportal":36,"dupli_trip":null,"accesorio":"NO","angulo":71,"catfis":"4","descripcion":"36"}},{"type":"Feature","id":280551,"geometry":{"type":"Point","coordinates":[-0.33171997776673662,39.465135458912187]},"properties":{"objectid":280551,"codvia":65670,"numportal":41,"dupli_trip":null,"accesorio":"NO","angulo":84,"catfis":"7","descripcion":"41"}},{"type":"Feature","id":280553,"geometry":{"type":"Point","coordinates":[-0.36960741534440195,39.471224402821697]},"properties":{"objectid":280553,"codvia":19350,"numportal":43,"dupli_trip":null,"accesorio":"NO","angulo":52,"catfis":"E","descripcion":"43"}},{"type":"Feature","id":280554,"geometry":{"type":"Point","coordinates":[-0.38501658938537758,39.469795861658262]},"properties":{"objectid":280554,"codvia":30000,"numportal":7,"dupli_trip":null,"accesorio":"NO","angulo":302,"catfis":"1","descripcion":"7"}},{"type":"Feature","id":280556,"geometry":{"type":"Point","coordinates":[-0.38512933444624708,39.451601994162615]},"properties":{"objectid":280556,"codvia":39690,"numportal":2,"dupli_trip":null,"accesorio":"NO","angulo":353,"catfis":"7","descripcion":"2"}},{"type":"Feature","id":280557,"geometry":{"type":"Point","coordinates":[-0.42529283569186871,39.503338855518258]},"properties":{"objectid":280557,"codvia":72570,"numportal":60,"dupli_trip":null,"accesorio":"SI","angulo":31,"catfis":"7","descripcion":"60ac"}},{"type":"Feature","id":280558,"geometry":{"type":"Point","coordinates":[-0.37156476959940499,39.484914831756271]},"properties":{"objectid":280558,"codvia":2790,"numportal":45,"dupli_trip":null,"accesorio":"NO","angulo":63,"catfis":"5","descripcion":"45"}},{"type":"Feature","id":280559,"geometry":{"type":"Point","coordinates":[-0.38208611716883351,39.471885546408075]},"properties":{"objectid":280559,"codvia":44400,"numportal":20,"dupli_trip":null,"accesorio":"SI","angulo":12,"catfis":"6","descripcion":"20ac"}},{"type":"Feature","id":280560,"geometry":{"type":"Point","coordinates":[-0.39469304574035158,39.487927056915915]},"properties":{"objectid":280560,"codvia":81434,"numportal":5,"dupli_trip":null,"accesorio":"NO","angulo":29,"catfis":"6","descripcion":"5"}},{"type":"Feature","id":280561,"geometry":{"type":"Point","coordinates":[-0.34340157461843213,39.455060151300394]},"properties":{"objectid":280561,"codvia":58710,"numportal":62,"dupli_trip":null,"accesorio":"NO","angulo":5,"catfis":"3","descripcion":"62"}},{"type":"Feature","id":280562,"geometry":{"type":"Point","coordinates":[-0.37383220749232698,39.454783062165802]},"properties":{"objectid":280562,"codvia":7590,"numportal":23,"dupli_trip":null,"accesorio":"NO","angulo":301,"catfis":"4","descripcion":"23"}},{"type":"Feature","id":280563,"geometry":{"type":"Point","coordinates":[-0.34607236294300386,39.469209832988327]},"properties":{"objectid":280563,"codvia":70620,"numportal":69,"dupli_trip":null,"accesorio":"NO","angulo":342,"catfis":"4","descripcion":"69"}},{"type":"Feature","id":280564,"geometry":{"type":"Point","coordinates":[-0.39028543935311466,39.43395907802428]},"properties":{"objectid":280564,"codvia":56610,"numportal":10,"dupli_trip":null,"accesorio":"NO","angulo":82,"catfis":"7","descripcion":"10"}},{"type":"Feature","id":280566,"geometry":{"type":"Point","coordinates":[-0.40886707404792705,39.463572646278827]},"properties":{"objectid":280566,"codvia":73950,"numportal":132,"dupli_trip":null,"accesorio":"SI","angulo":10,"catfis":"7","descripcion":"132ac"}},{"type":"Feature","id":280567,"geometry":{"type":"Point","coordinates":[-0.37204059752197388,39.491262650657298]},"properties":{"objectid":280567,"codvia":55140,"numportal":12,"dupli_trip":null,"accesorio":"NO","angulo":71,"catfis":"6","descripcion":"12"}},{"type":"Feature","id":280569,"geometry":{"type":"Point","coordinates":[-0.36623142682441256,39.44459332560082]},"properties":{"objectid":280569,"codvia":22350,"numportal":21,"dupli_trip":null,"accesorio":"NO","angulo":353,"catfis":"7","descripcion":"21"}},{"type":"Feature","id":280570,"geometry":{"type":"Point","coordinates":[-0.40724263243218911,39.453198873712445]},"properties":{"objectid":280570,"codvia":67860,"numportal":6,"dupli_trip":null,"accesorio":"NO","angulo":299,"catfis":"7","descripcion":"6"}},{"type":"Feature","id":280759,"geometry":{"type":"Point","coordinates":[-0.38712461727412223,39.453638071681503]},"properties":{"objectid":280759,"codvia":32160,"numportal":20,"dupli_trip":null,"accesorio":"NO","angulo":61,"catfis":"7","descripcion":"20"}},{"type":"Feature","id":280760,"geometry":{"type":"Point","coordinates":[-0.38377799848601996,39.474963506422661]},"properties":{"objectid":280760,"codvia":35100,"numportal":78,"dupli_trip":null,"accesorio":"NO","angulo":91,"catfis":"3","descripcion":"78"}},{"type":"Feature","id":280761,"geometry":{"type":"Point","coordinates":[-0.34916559364168687,39.472151839663894]},"properties":{"objectid":280761,"codvia":80520,"numportal":9,"dupli_trip":null,"accesorio":"SI","angulo":72,"catfis":"6","descripcion":"9ac"}},{"type":"Feature","id":280762,"geometry":{"type":"Point","coordinates":[-0.39179357817953653,39.464715384230409]},"properties":{"objectid":280762,"codvia":45660,"numportal":17,"dupli_trip":null,"accesorio":"NO","angulo":3,"catfis":"6","descripcion":"17"}},{"type":"Feature","id":280763,"geometry":{"type":"Point","coordinates":[-0.38818476275054298,39.460373190273678]},"properties":{"objectid":280763,"codvia":46020,"numportal":2,"dupli_trip":null,"accesorio":"SI","angulo":329,"catfis":"5","descripcion":"2ac"}},{"type":"Feature","id":280764,"geometry":{"type":"Point","coordinates":[-0.3648541585608413,39.465064308975997]},"properties":{"objectid":280764,"codvia":18570,"numportal":37,"dupli_trip":null,"accesorio":"NO","angulo":301,"catfis":"2","descripcion":"37"}},{"type":"Feature","id":280765,"geometry":{"type":"Point","coordinates":[-0.36464057059493155,39.42377402363887]},"properties":{"objectid":280765,"codvia":57480,"numportal":13,"dupli_trip":null,"accesorio":"NO","angulo":75,"catfis":"7","descripcion":"13"}},{"type":"Feature","id":280766,"geometry":{"type":"Point","coordinates":[-0.3922058604610224,39.467750763325739]},"properties":{"objectid":280766,"codvia":42090,"numportal":15,"dupli_trip":null,"accesorio":"NO","angulo":65,"catfis":"4","descripcion":"15"}},{"type":"Feature","id":280767,"geometry":{"type":"Point","coordinates":[-0.36366962971067496,39.462634809301328]},"properties":{"objectid":280767,"codvia":38670,"numportal":82,"dupli_trip":null,"accesorio":"NO","angulo":346,"catfis":"1","descripcion":"82"}},{"type":"Feature","id":280768,"geometry":{"type":"Point","coordinates":[-0.36985768321767437,39.470999181122401]},"properties":{"objectid":280768,"codvia":19350,"numportal":41,"dupli_trip":null,"accesorio":"NO","angulo":52,"catfis":"E","descripcion":"41"}},{"type":"Feature","id":280769,"geometry":{"type":"Point","coordinates":[-0.39488185564610856,39.480647004107169]},"properties":{"objectid":280769,"codvia":74730,"numportal":14,"dupli_trip":null,"accesorio":"SI","angulo":31,"catfis":"4","descripcion":"14ac"}},{"type":"Feature","id":280770,"geometry":{"type":"Point","coordinates":[-0.37867068452865227,39.491757638662897]},"properties":{"objectid":280770,"codvia":28560,"numportal":48,"dupli_trip":null,"accesorio":"SI","angulo":18,"catfis":"7","descripcion":"48ac"}},{"type":"Feature","id":280771,"geometry":{"type":"Point","coordinates":[-0.37995316804449419,39.465689175400975]},"properties":{"objectid":280771,"codvia":20550,"numportal":30,"dupli_trip":null,"accesorio":"NO","angulo":72,"catfis":"4","descripcion":"30"}},{"type":"Feature","id":280772,"geometry":{"type":"Point","coordinates":[-0.37982888717806146,39.516589302279392]},"properties":{"objectid":280772,"codvia":81452,"numportal":5,"dupli_trip":null,"accesorio":"SI","angulo":340,"catfis":"7","descripcion":"5ac"}},{"type":"Feature","id":280773,"geometry":{"type":"Point","coordinates":[-0.33056824826014153,39.46627810904846]},"properties":{"objectid":280773,"codvia":72420,"numportal":3,"dupli_trip":null,"accesorio":"NO","angulo":355,"catfis":"7","descripcion":"3"}},{"type":"Feature","id":280774,"geometry":{"type":"Point","coordinates":[-0.38971933930323377,39.433872782740842]},"properties":{"objectid":280774,"codvia":45600,"numportal":6,"dupli_trip":null,"accesorio":"NO","angulo":82,"catfis":"7","descripcion":"6"}},{"type":"Feature","id":280775,"geometry":{"type":"Point","coordinates":[-0.42240859371453354,39.503379660101984]},"properties":{"objectid":280775,"codvia":5370,"numportal":35,"dupli_trip":null,"accesorio":"NO","angulo":19,"catfis":"7","descripcion":"35"}},{"type":"Feature","id":280776,"geometry":{"type":"Point","coordinates":[-0.34395817276159851,39.470397910430584]},"properties":{"objectid":280776,"codvia":37980,"numportal":6,"dupli_trip":null,"accesorio":"SI","angulo":342,"catfis":"6","descripcion":"6ac"}},{"type":"Feature","id":280777,"geometry":{"type":"Point","coordinates":[-0.42245418096725246,39.50155967341869]},"properties":{"objectid":280777,"codvia":13620,"numportal":45,"dupli_trip":null,"accesorio":"NO","angulo":32,"catfis":"7","descripcion":"45"}},{"type":"Feature","id":280778,"geometry":{"type":"Point","coordinates":[-0.33757293007067812,39.463939420518223]},"properties":{"objectid":280778,"codvia":64600,"numportal":9,"dupli_trip":null,"accesorio":"NO","angulo":342,"catfis":"7","descripcion":"9"}},{"type":"Feature","id":280779,"geometry":{"type":"Point","coordinates":[-0.3766421594422163,39.494240925673729]},"properties":{"objectid":280779,"codvia":11040,"numportal":30,"dupli_trip":null,"accesorio":"NO","angulo":17,"catfis":"7","descripcion":"30"}},{"type":"Feature","id":280780,"geometry":{"type":"Point","coordinates":[-0.4148887703819043,39.502340178812098]},"properties":{"objectid":280780,"codvia":20880,"numportal":17,"dupli_trip":null,"accesorio":"NO","angulo":319,"catfis":"7","descripcion":"17"}},{"type":"Feature","id":280781,"geometry":{"type":"Point","coordinates":[-0.37228807154152738,39.459749030824426]},"properties":{"objectid":280781,"codvia":12960,"numportal":86,"dupli_trip":null,"accesorio":"NO","angulo":68,"catfis":"4","descripcion":"86"}},{"type":"Feature","id":280782,"geometry":{"type":"Point","coordinates":[-0.39793143348266552,39.470169091860591]},"properties":{"objectid":280782,"codvia":6930,"numportal":34,"dupli_trip":null,"accesorio":"NO","angulo":348,"catfis":"6","descripcion":"34"}},{"type":"Feature","id":280783,"geometry":{"type":"Point","coordinates":[-0.33374463961043815,39.46648678165915]},"properties":{"objectid":280783,"codvia":27990,"numportal":82,"dupli_trip":null,"accesorio":"NO","angulo":87,"catfis":"7","descripcion":"82"}},{"type":"Feature","id":280784,"geometry":{"type":"Point","coordinates":[-0.39727941325773675,39.474346927216253]},"properties":{"objectid":280784,"codvia":81409,"numportal":2,"dupli_trip":null,"accesorio":"NO","angulo":286,"catfis":"6","descripcion":"2"}},{"type":"Feature","id":280078,"geometry":{"type":"Point","coordinates":[-0.39619152739244057,39.481211237726846]},"properties":{"objectid":280078,"codvia":32850,"numportal":16,"dupli_trip":null,"accesorio":"NO","angulo":23,"catfis":"6","descripcion":"16"}},{"type":"Feature","id":280079,"geometry":{"type":"Point","coordinates":[-0.4194865890527657,39.49831336471987]},"properties":{"objectid":280079,"codvia":15330,"numportal":18,"dupli_trip":null,"accesorio":"NO","angulo":28,"catfis":"7","descripcion":"18"}},{"type":"Feature","id":280081,"geometry":{"type":"Point","coordinates":[-0.33253389770198505,39.466293380403549]},"properties":{"objectid":280081,"codvia":75660,"numportal":79,"dupli_trip":null,"accesorio":"NO","angulo":83,"catfis":"6","descripcion":"79"}},{"type":"Feature","id":280083,"geometry":{"type":"Point","coordinates":[-0.35857325579179411,39.485162752192124]},"properties":{"objectid":280083,"codvia":39030,"numportal":2,"dupli_trip":null,"accesorio":"NO","angulo":0,"catfis":"6","descripcion":"2"}},{"type":"Feature","id":280084,"geometry":{"type":"Point","coordinates":[-0.3399545675001413,39.422249762017614]},"properties":{"objectid":280084,"codvia":50550,"numportal":21,"dupli_trip":null,"accesorio":"NO","angulo":14,"catfis":"7","descripcion":"21"}},{"type":"Feature","id":280085,"geometry":{"type":"Point","coordinates":[-0.38836250917020043,39.447536551244525]},"properties":{"objectid":280085,"codvia":73020,"numportal":19,"dupli_trip":null,"accesorio":"NO","angulo":345,"catfis":"6","descripcion":"19"}},{"type":"Feature","id":280087,"geometry":{"type":"Point","coordinates":[-0.39031634556602091,39.433062480243976]},"properties":{"objectid":280087,"codvia":81183,"numportal":5,"dupli_trip":null,"accesorio":"NO","angulo":77,"catfis":"7","descripcion":"5"}},{"type":"Feature","id":280088,"geometry":{"type":"Point","coordinates":[-0.31773191601875517,39.308599924421678]},"properties":{"objectid":280088,"codvia":17700,"numportal":37,"dupli_trip":null,"accesorio":"NO","angulo":84,"catfis":"7","descripcion":"37"}},{"type":"Feature","id":280089,"geometry":{"type":"Point","coordinates":[-0.37409220953113365,39.487540818095098]},"properties":{"objectid":280089,"codvia":47400,"numportal":22,"dupli_trip":null,"accesorio":"NO","angulo":348,"catfis":"6","descripcion":"22"}},{"type":"Feature","id":280090,"geometry":{"type":"Point","coordinates":[-0.36951521349741762,39.463511421120373]},"properties":{"objectid":280090,"codvia":25050,"numportal":6,"dupli_trip":null,"accesorio":"NO","angulo":301,"catfis":"3","descripcion":"6"}},{"type":"Feature","id":280091,"geometry":{"type":"Point","coordinates":[-0.37753782635817701,39.474005925396824]},"properties":{"objectid":280091,"codvia":23700,"numportal":31,"dupli_trip":null,"accesorio":"NO","angulo":315,"catfis":"3","descripcion":"31"}},{"type":"Feature","id":280092,"geometry":{"type":"Point","coordinates":[-0.37126834442962264,39.475087188665036]},"properties":{"objectid":280092,"codvia":26970,"numportal":4,"dupli_trip":null,"accesorio":"NO","angulo":349,"catfis":"5","descripcion":"4"}},{"type":"Feature","id":280093,"geometry":{"type":"Point","coordinates":[-0.33525056047062696,39.471930656955031]},"properties":{"objectid":280093,"codvia":5250,"numportal":15,"dupli_trip":null,"accesorio":"NO","angulo":77,"catfis":"7","descripcion":"15"}},{"type":"Feature","id":280094,"geometry":{"type":"Point","coordinates":[-0.40292791900414587,39.451264572736292]},"properties":{"objectid":280094,"codvia":81020,"numportal":45,"dupli_trip":null,"accesorio":"SI","angulo":298,"catfis":"7","descripcion":"45ac"}},{"type":"Feature","id":280095,"geometry":{"type":"Point","coordinates":[-0.40917083811732846,39.472532336860709]},"properties":{"objectid":280095,"codvia":22680,"numportal":7,"dupli_trip":null,"accesorio":"NO","angulo":5,"catfis":"7","descripcion":"7"}},{"type":"Feature","id":280096,"geometry":{"type":"Point","coordinates":[-0.38381604809896325,39.489647091696774]},"properties":{"objectid":280096,"codvia":42690,"numportal":1,"dupli_trip":null,"accesorio":"NO","angulo":288,"catfis":"7","descripcion":"1"}},{"type":"Feature","id":280097,"geometry":{"type":"Point","coordinates":[-0.33298689833399947,39.474237384234371]},"properties":{"objectid":280097,"codvia":29850,"numportal":49,"dupli_trip":null,"accesorio":"SI","angulo":83,"catfis":"7","descripcion":"49ac"}},{"type":"Feature","id":280098,"geometry":{"type":"Point","coordinates":[-0.33541525547773671,39.421621966363155]},"properties":{"objectid":280098,"codvia":50070,"numportal":1,"dupli_trip":null,"accesorio":"NO","angulo":81,"catfis":"7","descripcion":"1"}},{"type":"Feature","id":280099,"geometry":{"type":"Point","coordinates":[-0.38718182220183439,39.471100598807141]},"properties":{"objectid":280099,"codvia":28080,"numportal":14,"dupli_trip":null,"accesorio":"NO","angulo":49,"catfis":"3","descripcion":"14"}},{"type":"Feature","id":280100,"geometry":{"type":"Point","coordinates":[-0.39024472795107984,39.47286418808541]},"properties":{"objectid":280100,"codvia":57270,"numportal":17,"dupli_trip":null,"accesorio":"NO","angulo":68,"catfis":"4","descripcion":"17"}},{"type":"Feature","id":280101,"geometry":{"type":"Point","coordinates":[-0.37565808852049237,39.46383079974494]},"properties":{"objectid":280101,"codvia":33630,"numportal":25,"dupli_trip":null,"accesorio":"NO","angulo":29,"catfis":"1","descripcion":"25"}},{"type":"Feature","id":279865,"geometry":{"type":"Point","coordinates":[-0.35689581437488893,39.486055518682342]},"properties":{"objectid":279865,"codvia":51300,"numportal":25,"dupli_trip":null,"accesorio":"NO","angulo":354,"catfis":"7","descripcion":"25"}},{"type":"Feature","id":279866,"geometry":{"type":"Point","coordinates":[-0.40647945497220034,39.494302212516367]},"properties":{"objectid":279866,"codvia":81640,"numportal":25,"dupli_trip":null,"accesorio":"NO","angulo":298,"catfis":"7","descripcion":"25"}},{"type":"Feature","id":279867,"geometry":{"type":"Point","coordinates":[-0.35689577024101005,39.483661667006992]},"properties":{"objectid":279867,"codvia":6570,"numportal":3,"dupli_trip":null,"accesorio":"NO","angulo":83,"catfis":"6","descripcion":"3"}},{"type":"Feature","id":279868,"geometry":{"type":"Point","coordinates":[-0.39030963362194471,39.466833404798102]},"properties":{"objectid":279868,"codvia":18390,"numportal":1,"dupli_trip":null,"accesorio":"NO","angulo":348,"catfis":"3","descripcion":"1"}},{"type":"Feature","id":279869,"geometry":{"type":"Point","coordinates":[-0.36230370087112496,39.458545427974983]},"properties":{"objectid":279869,"codvia":53790,"numportal":22,"dupli_trip":null,"accesorio":"NO","angulo":59,"catfis":"6","descripcion":"22"}},{"type":"Feature","id":279870,"geometry":{"type":"Point","coordinates":[-0.37582711100095206,39.467598313748802]},"properties":{"objectid":279870,"codvia":64230,"numportal":19,"dupli_trip":null,"accesorio":"NO","angulo":87,"catfis":"E","descripcion":"19"}},{"type":"Feature","id":279871,"geometry":{"type":"Point","coordinates":[-0.37257094248523126,39.45735257034378]},"properties":{"objectid":279871,"codvia":31800,"numportal":11,"dupli_trip":null,"accesorio":"SI","angulo":90,"catfis":"4","descripcion":"11ac"}},{"type":"Feature","id":279872,"geometry":{"type":"Point","coordinates":[-0.37837653257098985,39.498562658958491]},"properties":{"objectid":279872,"codvia":57690,"numportal":2,"dupli_trip":null,"accesorio":"NO","angulo":355,"catfis":"7","descripcion":"2"}},{"type":"Feature","id":279873,"geometry":{"type":"Point","coordinates":[-0.40313109887103282,39.47864765559148]},"properties":{"objectid":279873,"codvia":74730,"numportal":54,"dupli_trip":null,"accesorio":"NO","angulo":0,"catfis":"4","descripcion":"54"}},{"type":"Feature","id":279874,"geometry":{"type":"Point","coordinates":[-0.36789779977883047,39.442179900105543]},"properties":{"objectid":279874,"codvia":51540,"numportal":4,"dupli_trip":null,"accesorio":"NO","angulo":282,"catfis":"7","descripcion":"4"}},{"type":"Feature","id":279875,"geometry":{"type":"Point","coordinates":[-0.40560443829256515,39.440822161470891]},"properties":{"objectid":279875,"codvia":40770,"numportal":18,"dupli_trip":null,"accesorio":"NO","angulo":354,"catfis":"7","descripcion":"18"}},{"type":"Feature","id":279876,"geometry":{"type":"Point","coordinates":[-0.36343785318745098,39.429309147021669]},"properties":{"objectid":279876,"codvia":76890,"numportal":17,"dupli_trip":null,"accesorio":"NO","angulo":89,"catfis":"7","descripcion":"17"}},{"type":"Feature","id":279877,"geometry":{"type":"Point","coordinates":[-0.38132750790018571,39.466466864740298]},"properties":{"objectid":279877,"codvia":69330,"numportal":112,"dupli_trip":null,"accesorio":"NO","angulo":61,"catfis":"1","descripcion":"112"}},{"type":"Feature","id":279878,"geometry":{"type":"Point","coordinates":[-0.37850212630380775,39.477313685179638]},"properties":{"objectid":279878,"codvia":41130,"numportal":10,"dupli_trip":null,"accesorio":"NO","angulo":7,"catfis":"5","descripcion":"10"}},{"type":"Feature","id":279879,"geometry":{"type":"Point","coordinates":[-0.39385023407774189,39.472570722423605]},"properties":{"objectid":279879,"codvia":57300,"numportal":120,"dupli_trip":null,"accesorio":"NO","angulo":302,"catfis":"4","descripcion":"120"}},{"type":"Feature","id":279882,"geometry":{"type":"Point","coordinates":[-0.39097184973007276,39.45328939865972]},"properties":{"objectid":279882,"codvia":13380,"numportal":13,"dupli_trip":null,"accesorio":"NO","angulo":335,"catfis":"6","descripcion":"13"}},{"type":"Feature","id":279883,"geometry":{"type":"Point","coordinates":[-0.38047247747397822,39.490902169806397]},"properties":{"objectid":279883,"codvia":32910,"numportal":2,"dupli_trip":null,"accesorio":"SI","angulo":288,"catfis":"6","descripcion":"2ac"}},{"type":"Feature","id":279884,"geometry":{"type":"Point","coordinates":[-0.38571440368263266,39.45663851534534]},"properties":{"objectid":279884,"codvia":20700,"numportal":30,"dupli_trip":null,"accesorio":"NO","angulo":81,"catfis":"6","descripcion":"30"}},{"type":"Feature","id":279885,"geometry":{"type":"Point","coordinates":[-0.37006437130556091,39.463771123167227]},"properties":{"objectid":279885,"codvia":44130,"numportal":6,"dupli_trip":null,"accesorio":"NO","angulo":31,"catfis":"3","descripcion":"6"}},{"type":"Feature","id":279886,"geometry":{"type":"Point","coordinates":[-0.39236932298847449,39.449401878161297]},"properties":{"objectid":279886,"codvia":80270,"numportal":4,"dupli_trip":null,"accesorio":"NO","angulo":79,"catfis":"7","descripcion":"4"}},{"type":"Feature","id":279887,"geometry":{"type":"Point","coordinates":[-0.41451071795171096,39.502654705612386]},"properties":{"objectid":279887,"codvia":23970,"numportal":29,"dupli_trip":null,"accesorio":"NO","angulo":319,"catfis":"7","descripcion":"29"}},{"type":"Feature","id":279888,"geometry":{"type":"Point","coordinates":[-0.34956951482164583,39.460042624567429]},"properties":{"objectid":279888,"codvia":30960,"numportal":33,"dupli_trip":null,"accesorio":"NO","angulo":348,"catfis":"4","descripcion":"33"}},{"type":"Feature","id":279889,"geometry":{"type":"Point","coordinates":[-0.42733726191657567,39.497625526247148]},"properties":{"objectid":279889,"codvia":56070,"numportal":214,"dupli_trip":null,"accesorio":"NO","angulo":337,"catfis":"7","descripcion":"214"}},{"type":"Feature","id":280571,"geometry":{"type":"Point","coordinates":[-0.3703036274204704,39.463534768151547]},"properties":{"objectid":280571,"codvia":44130,"numportal":9,"dupli_trip":null,"accesorio":"NO","angulo":31,"catfis":"3","descripcion":"9"}},{"type":"Feature","id":280572,"geometry":{"type":"Point","coordinates":[-0.37905448534248454,39.429298025450628]},"properties":{"objectid":280572,"codvia":16110,"numportal":10,"dupli_trip":null,"accesorio":"NO","angulo":345,"catfis":"7","descripcion":"10"}},{"type":"Feature","id":280573,"geometry":{"type":"Point","coordinates":[-0.40171550583584181,39.46184912507713]},"properties":{"objectid":280573,"codvia":81090,"numportal":16,"dupli_trip":null,"accesorio":"SI","angulo":5,"catfis":"6","descripcion":"16ac"}},{"type":"Feature","id":280574,"geometry":{"type":"Point","coordinates":[-0.32950659781860703,39.463898491161842]},"properties":{"objectid":280574,"codvia":2910,"numportal":5,"dupli_trip":null,"accesorio":"NO","angulo":85,"catfis":"3","descripcion":"5"}},{"type":"Feature","id":280576,"geometry":{"type":"Point","coordinates":[-0.3855628601927813,39.465006148563504]},"properties":{"objectid":280576,"codvia":46380,"numportal":11,"dupli_trip":null,"accesorio":"NO","angulo":344,"catfis":"3","descripcion":"11"}},{"type":"Feature","id":280577,"geometry":{"type":"Point","coordinates":[-0.39719804195038688,39.472834154105527]},"properties":{"objectid":280577,"codvia":31320,"numportal":18,"dupli_trip":null,"accesorio":"NO","angulo":90,"catfis":"6","descripcion":"18"}},{"type":"Feature","id":280578,"geometry":{"type":"Point","coordinates":[-0.3928385833261121,39.492205711908603]},"properties":{"objectid":280578,"codvia":77730,"numportal":17,"dupli_trip":null,"accesorio":"SI","angulo":302,"catfis":"7","descripcion":"17ac"}},{"type":"Feature","id":280579,"geometry":{"type":"Point","coordinates":[-0.42190656497582324,39.499384478489013]},"properties":{"objectid":280579,"codvia":37080,"numportal":29,"dupli_trip":null,"accesorio":"NO","angulo":42,"catfis":"7","descripcion":"29"}},{"type":"Feature","id":280580,"geometry":{"type":"Point","coordinates":[-0.33158723969732751,39.471734373653128]},"properties":{"objectid":280580,"codvia":42870,"numportal":59,"dupli_trip":null,"accesorio":"NO","angulo":76,"catfis":"7","descripcion":"59"}},{"type":"Feature","id":280581,"geometry":{"type":"Point","coordinates":[-0.34059535682788378,39.422654324422396]},"properties":{"objectid":280581,"codvia":46770,"numportal":283,"dupli_trip":null,"accesorio":"NO","angulo":284,"catfis":"7","descripcion":"283"}},{"type":"Feature","id":280583,"geometry":{"type":"Point","coordinates":[-0.37704200704308027,39.489176554671985]},"properties":{"objectid":280583,"codvia":49500,"numportal":14,"dupli_trip":null,"accesorio":"NO","angulo":302,"catfis":"7","descripcion":"14"}},{"type":"Feature","id":280584,"geometry":{"type":"Point","coordinates":[-0.3829929117729256,39.485555584855717]},"properties":{"objectid":280584,"codvia":3750,"numportal":10,"dupli_trip":null,"accesorio":"SI","angulo":288,"catfis":"6","descripcion":"10ac"}},{"type":"Feature","id":280585,"geometry":{"type":"Point","coordinates":[-0.35048727251938311,39.464327015041171]},"properties":{"objectid":280585,"codvia":41250,"numportal":4,"dupli_trip":null,"accesorio":"SI","angulo":71,"catfis":"5","descripcion":"4ac"}},{"type":"Feature","id":280586,"geometry":{"type":"Point","coordinates":[-0.35863950113202259,39.465595641308155]},"properties":{"objectid":280586,"codvia":70860,"numportal":10,"dupli_trip":null,"accesorio":"NO","angulo":72,"catfis":"4","descripcion":"10"}},{"type":"Feature","id":280587,"geometry":{"type":"Point","coordinates":[-0.38929173059725797,39.465558514700319]},"properties":{"objectid":280587,"codvia":57300,"numportal":39,"dupli_trip":null,"accesorio":"NO","angulo":301,"catfis":"4","descripcion":"39"}},{"type":"Feature","id":280588,"geometry":{"type":"Point","coordinates":[-0.35503182629128699,39.437759586590857]},"properties":{"objectid":280588,"codvia":31740,"numportal":176,"dupli_trip":null,"accesorio":"NO","angulo":95,"catfis":"7","descripcion":"176"}},{"type":"Feature","id":280590,"geometry":{"type":"Point","coordinates":[-0.37628292496083837,39.486603041880521]},"properties":{"objectid":280590,"codvia":61680,"numportal":1,"dupli_trip":null,"accesorio":"NO","angulo":68,"catfis":"6","descripcion":"1"}},{"type":"Feature","id":280591,"geometry":{"type":"Point","coordinates":[-0.40266815208275947,39.479472517119781]},"properties":{"objectid":280591,"codvia":64740,"numportal":3,"dupli_trip":null,"accesorio":"NO","angulo":0,"catfis":"4","descripcion":"3"}},{"type":"Feature","id":280592,"geometry":{"type":"Point","coordinates":[-0.33535397268100658,39.41494317376101]},"properties":{"objectid":280592,"codvia":50070,"numportal":122,"dupli_trip":null,"accesorio":"NO","angulo":283,"catfis":"7","descripcion":"122"}},{"type":"Feature","id":280593,"geometry":{"type":"Point","coordinates":[-0.37800722890052985,39.479212022737826]},"properties":{"objectid":280593,"codvia":54600,"numportal":4,"dupli_trip":null,"accesorio":"NO","angulo":73,"catfis":"5","descripcion":"4"}},{"type":"Feature","id":280594,"geometry":{"type":"Point","coordinates":[-0.39161630895185456,39.494322138117447]},"properties":{"objectid":280594,"codvia":58860,"numportal":23,"dupli_trip":null,"accesorio":"NO","angulo":40,"catfis":"7","descripcion":"23"}},{"type":"Feature","id":280595,"geometry":{"type":"Point","coordinates":[-0.3720996140832481,39.493668118238176]},"properties":{"objectid":280595,"codvia":8010,"numportal":12,"dupli_trip":null,"accesorio":"NO","angulo":65,"catfis":"7","descripcion":"12"}},{"type":"Feature","id":278405,"geometry":{"type":"Point","coordinates":[-0.36974491159843587,39.470352275219639]},"properties":{"objectid":278405,"codvia":71820,"numportal":1,"dupli_trip":null,"accesorio":"NO","angulo":0,"catfis":"E","descripcion":"1"}},{"type":"Feature","id":280596,"geometry":{"type":"Point","coordinates":[-0.3951749524125841,39.463145605966631]},"properties":{"objectid":280596,"codvia":66480,"numportal":33,"dupli_trip":null,"accesorio":"SI","angulo":329,"catfis":"7","descripcion":"33ac"}},{"type":"Feature","id":280785,"geometry":{"type":"Point","coordinates":[-0.38738875255161187,39.448712185236744]},"properties":{"objectid":280785,"codvia":23820,"numportal":13,"dupli_trip":null,"accesorio":"NO","angulo":348,"catfis":"6","descripcion":"13"}},{"type":"Feature","id":280786,"geometry":{"type":"Point","coordinates":[-0.38668510610653284,39.488144574843751]},"properties":{"objectid":280786,"codvia":27180,"numportal":14,"dupli_trip":null,"accesorio":"NO","angulo":288,"catfis":"7","descripcion":"14"}},{"type":"Feature","id":280787,"geometry":{"type":"Point","coordinates":[-0.34383134773507401,39.463123972681821]},"properties":{"objectid":280787,"codvia":25680,"numportal":208,"dupli_trip":null,"accesorio":"NO","angulo":333,"catfis":"3","descripcion":"208"}},{"type":"Feature","id":280788,"geometry":{"type":"Point","coordinates":[-0.37512473479223579,39.445760766021998]},"properties":{"objectid":280788,"codvia":81628,"numportal":22,"dupli_trip":null,"accesorio":"NO","angulo":354,"catfis":"7","descripcion":"22"}},{"type":"Feature","id":280789,"geometry":{"type":"Point","coordinates":[-0.35632059700960833,39.524865763601696]},"properties":{"objectid":280789,"codvia":76530,"numportal":1,"dupli_trip":null,"accesorio":"SI","angulo":336,"catfis":"7","descripcion":"1ac"}},{"type":"Feature","id":280790,"geometry":{"type":"Point","coordinates":[-0.36451511964040101,39.467573071909435]},"properties":{"objectid":280790,"codvia":19920,"numportal":51,"dupli_trip":null,"accesorio":"NO","angulo":31,"catfis":"2","descripcion":"51"}},{"type":"Feature","id":280791,"geometry":{"type":"Point","coordinates":[-0.36845848711346751,39.462704480431292]},"properties":{"objectid":280791,"codvia":56550,"numportal":28,"dupli_trip":null,"accesorio":"NO","angulo":31,"catfis":"3","descripcion":"28"}},{"type":"Feature","id":280792,"geometry":{"type":"Point","coordinates":[-0.33174175464887873,39.464943955620164]},"properties":{"objectid":280792,"codvia":65670,"numportal":35,"dupli_trip":null,"accesorio":"NO","angulo":87,"catfis":"7","descripcion":"35"}},{"type":"Feature","id":280793,"geometry":{"type":"Point","coordinates":[-0.38550955798196945,39.530057774073811]},"properties":{"objectid":280793,"codvia":30060,"numportal":81,"dupli_trip":null,"accesorio":"NO","angulo":79,"catfis":"7","descripcion":"81"}},{"type":"Feature","id":280794,"geometry":{"type":"Point","coordinates":[-0.36441649237003487,39.480879148198028]},"properties":{"objectid":280794,"codvia":37890,"numportal":11,"dupli_trip":null,"accesorio":"NO","angulo":71,"catfis":"2","descripcion":"11"}},{"type":"Feature","id":280796,"geometry":{"type":"Point","coordinates":[-0.3741377637630886,39.431898833490884]},"properties":{"objectid":280796,"codvia":81499,"numportal":8,"dupli_trip":null,"accesorio":"NO","angulo":88,"catfis":"7","descripcion":"8"}},{"type":"Feature","id":280797,"geometry":{"type":"Point","coordinates":[-0.32668150962115899,39.466227068742377]},"properties":{"objectid":280797,"codvia":49980,"numportal":21,"dupli_trip":null,"accesorio":"NO","angulo":85,"catfis":"7","descripcion":"21"}},{"type":"Feature","id":280798,"geometry":{"type":"Point","coordinates":[-0.36437766821458972,39.426476425590977]},"properties":{"objectid":280798,"codvia":30570,"numportal":2,"dupli_trip":null,"accesorio":"NO","angulo":8,"catfis":"7","descripcion":"2"}},{"type":"Feature","id":280799,"geometry":{"type":"Point","coordinates":[-0.34111929771218508,39.423183315976132]},"properties":{"objectid":280799,"codvia":46770,"numportal":272,"dupli_trip":"DUPL","accesorio":"NO","angulo":3,"catfis":"7","descripcion":"272dup"}},{"type":"Feature","id":280800,"geometry":{"type":"Point","coordinates":[-0.37932376695294684,39.452706335341865]},"properties":{"objectid":280800,"codvia":53550,"numportal":10,"dupli_trip":null,"accesorio":"SI","angulo":353,"catfis":"6","descripcion":"10ac"}},{"type":"Feature","id":280801,"geometry":{"type":"Point","coordinates":[-0.37020805362324782,39.468265970013583]},"properties":{"objectid":280801,"codvia":37320,"numportal":16,"dupli_trip":null,"accesorio":"NO","angulo":301,"catfis":"E","descripcion":"16"}},{"type":"Feature","id":280802,"geometry":{"type":"Point","coordinates":[-0.34735878472806148,39.467174666995042]},"properties":{"objectid":280802,"codvia":62640,"numportal":28,"dupli_trip":null,"accesorio":"NO","angulo":349,"catfis":"4","descripcion":"28"}},{"type":"Feature","id":280803,"geometry":{"type":"Point","coordinates":[-0.39928876827026799,39.481893259606252]},"properties":{"objectid":280803,"codvia":39060,"numportal":16,"dupli_trip":null,"accesorio":"NO","angulo":342,"catfis":"6","descripcion":"16"}},{"type":"Feature","id":280804,"geometry":{"type":"Point","coordinates":[-0.36205999734207689,39.429041035767113]},"properties":{"objectid":280804,"codvia":39150,"numportal":13,"dupli_trip":null,"accesorio":"NO","angulo":355,"catfis":"7","descripcion":"13"}},{"type":"Feature","id":280805,"geometry":{"type":"Point","coordinates":[-0.3788709240389756,39.465994097235217]},"properties":{"objectid":280805,"codvia":56820,"numportal":27,"dupli_trip":null,"accesorio":"NO","angulo":72,"catfis":"4","descripcion":"27"}},{"type":"Feature","id":280806,"geometry":{"type":"Point","coordinates":[-0.39134911376712123,39.52419968905096]},"properties":{"objectid":280806,"codvia":11880,"numportal":56,"dupli_trip":null,"accesorio":"NO","angulo":103,"catfis":"7","descripcion":"56"}},{"type":"Feature","id":280807,"geometry":{"type":"Point","coordinates":[-0.40699435261577321,39.452706577089501]},"properties":{"objectid":280807,"codvia":67860,"numportal":22,"dupli_trip":null,"accesorio":"NO","angulo":293,"catfis":"7","descripcion":"22"}},{"type":"Feature","id":280809,"geometry":{"type":"Point","coordinates":[-0.40220954092581673,39.463869032750857]},"properties":{"objectid":280809,"codvia":73950,"numportal":96,"dupli_trip":null,"accesorio":"SI","angulo":348,"catfis":"7","descripcion":"96ac"}},{"type":"Feature","id":278402,"geometry":{"type":"Point","coordinates":[-0.38611266140712303,39.481194486935237]},"properties":{"objectid":278402,"codvia":81798,"numportal":1,"dupli_trip":null,"accesorio":"SI","angulo":299,"catfis":"E","descripcion":"1ac"}},{"type":"Feature","id":278403,"geometry":{"type":"Point","coordinates":[-0.32991236187274992,39.464655990421591]},"properties":{"objectid":278403,"codvia":9000,"numportal":23,"dupli_trip":null,"accesorio":"NO","angulo":87,"catfis":"7","descripcion":"23"}},{"type":"Feature","id":278404,"geometry":{"type":"Point","coordinates":[-0.35837636952448942,39.465494761955348]},"properties":{"objectid":278404,"codvia":58890,"numportal":8,"dupli_trip":null,"accesorio":"SI","angulo":342,"catfis":"4","descripcion":"8ac"}},{"type":"Feature","id":278406,"geometry":{"type":"Point","coordinates":[-0.40363722245722872,39.461768615321276]},"properties":{"objectid":278406,"codvia":81090,"numportal":28,"dupli_trip":null,"accesorio":"NO","angulo":3,"catfis":"6","descripcion":"28"}},{"type":"Feature","id":278407,"geometry":{"type":"Point","coordinates":[-0.38879468780582965,39.514011082066325]},"properties":{"objectid":278407,"codvia":11790,"numportal":31,"dupli_trip":null,"accesorio":"SI","angulo":347,"catfis":"7","descripcion":"31ac"}},{"type":"Feature","id":278408,"geometry":{"type":"Point","coordinates":[-0.39751486918574958,39.471608383168103]},"properties":{"objectid":278408,"codvia":12180,"numportal":26,"dupli_trip":null,"accesorio":"SI","angulo":339,"catfis":"6","descripcion":"26ac"}},{"type":"Feature","id":278409,"geometry":{"type":"Point","coordinates":[-0.3929000105792575,39.435054128153475]},"properties":{"objectid":278409,"codvia":17490,"numportal":14,"dupli_trip":null,"accesorio":"SI","angulo":83,"catfis":"7","descripcion":"14ac"}},{"type":"Feature","id":278410,"geometry":{"type":"Point","coordinates":[-0.38139214839802271,39.493505193323301]},"properties":{"objectid":278410,"codvia":56490,"numportal":107,"dupli_trip":null,"accesorio":"SI","angulo":16,"catfis":"7","descripcion":"107ac"}},{"type":"Feature","id":278412,"geometry":{"type":"Point","coordinates":[-0.37624860982743724,39.476424810383662]},"properties":{"objectid":278412,"codvia":12660,"numportal":7,"dupli_trip":null,"accesorio":"NO","angulo":345,"catfis":"2","descripcion":"7"}},{"type":"Feature","id":278413,"geometry":{"type":"Point","coordinates":[-0.37318939506709226,39.46669523767855]},"properties":{"objectid":278413,"codvia":18540,"numportal":17,"dupli_trip":null,"accesorio":"NO","angulo":31,"catfis":"E","descripcion":"17"}},{"type":"Feature","id":278415,"geometry":{"type":"Point","coordinates":[-0.38711285547672342,39.444066682073725]},"properties":{"objectid":278415,"codvia":69330,"numportal":363,"dupli_trip":null,"accesorio":"NO","angulo":75,"catfis":"7","descripcion":"363"}},{"type":"Feature","id":278416,"geometry":{"type":"Point","coordinates":[-0.38399083389868877,39.456540121440867]},"properties":{"objectid":278416,"codvia":69330,"numportal":230,"dupli_trip":null,"accesorio":"NO","angulo":81,"catfis":"7","descripcion":"230"}},{"type":"Feature","id":278417,"geometry":{"type":"Point","coordinates":[-0.37343254415326704,39.483765727361003]},"properties":{"objectid":278417,"codvia":48390,"numportal":14,"dupli_trip":null,"accesorio":"NO","angulo":89,"catfis":"7","descripcion":"14"}},{"type":"Feature","id":278418,"geometry":{"type":"Point","coordinates":[-0.38591251681076566,39.466905919430033]},"properties":{"objectid":278418,"codvia":22020,"numportal":31,"dupli_trip":null,"accesorio":"NO","angulo":59,"catfis":"2","descripcion":"31"}},{"type":"Feature","id":278419,"geometry":{"type":"Point","coordinates":[-0.38747894976704272,39.460173375105335]},"properties":{"objectid":278419,"codvia":46020,"numportal":9,"dupli_trip":null,"accesorio":"NO","angulo":330,"catfis":"5","descripcion":"9"}},{"type":"Feature","id":278421,"geometry":{"type":"Point","coordinates":[-0.38530271778294101,39.527871670868926]},"properties":{"objectid":278421,"codvia":22230,"numportal":7,"dupli_trip":null,"accesorio":"NO","angulo":3,"catfis":"7","descripcion":"7"}},{"type":"Feature","id":278422,"geometry":{"type":"Point","coordinates":[-0.39326970153731389,39.494183364169608]},"properties":{"objectid":278422,"codvia":73710,"numportal":6,"dupli_trip":null,"accesorio":"NO","angulo":66,"catfis":"7","descripcion":"6"}},{"type":"Feature","id":278423,"geometry":{"type":"Point","coordinates":[-0.34338113726801228,39.461856599474388]},"properties":{"objectid":278423,"codvia":22890,"numportal":16,"dupli_trip":null,"accesorio":"NO","angulo":72,"catfis":"4","descripcion":"16"}},{"type":"Feature","id":278420,"geometry":{"type":"Point","coordinates":[-0.38281955507152288,39.476390267643367]},"properties":{"objectid":278420,"codvia":14340,"numportal":12,"dupli_trip":null,"accesorio":"NO","angulo":87,"catfis":"6","descripcion":"12"}},{"type":"Feature","id":278424,"geometry":{"type":"Point","coordinates":[-0.38961150619676421,39.475607139486947]},"properties":{"objectid":278424,"codvia":67890,"numportal":4,"dupli_trip":null,"accesorio":"NO","angulo":18,"catfis":"3","descripcion":"4"}},{"type":"Feature","id":278425,"geometry":{"type":"Point","coordinates":[-0.32729991796078323,39.482500552097498]},"properties":{"objectid":278425,"codvia":5970,"numportal":73,"dupli_trip":null,"accesorio":"NO","angulo":91,"catfis":"7","descripcion":"73"}},{"type":"Feature","id":279144,"geometry":{"type":"Point","coordinates":[-0.34882758072741293,39.461959992817889]},"properties":{"objectid":279144,"codvia":81571,"numportal":8,"dupli_trip":null,"accesorio":"SI","angulo":342,"catfis":"7","descripcion":"8ac"}},{"type":"Feature","id":279145,"geometry":{"type":"Point","coordinates":[-0.37587918771359058,39.493155266164784]},"properties":{"objectid":279145,"codvia":20280,"numportal":24,"dupli_trip":null,"accesorio":"NO","angulo":288,"catfis":"7","descripcion":"24"}},{"type":"Feature","id":279147,"geometry":{"type":"Point","coordinates":[-0.37505407137375074,39.453184627783834]},"properties":{"objectid":279147,"codvia":40170,"numportal":36,"dupli_trip":null,"accesorio":"NO","angulo":301,"catfis":"4","descripcion":"36"}},{"type":"Feature","id":279150,"geometry":{"type":"Point","coordinates":[-0.3646696610685119,39.421123877142655]},"properties":{"objectid":279150,"codvia":33930,"numportal":98,"dupli_trip":null,"accesorio":"NO","angulo":74,"catfis":"6","descripcion":"98"}},{"type":"Feature","id":279152,"geometry":{"type":"Point","coordinates":[-0.33774092350726997,39.420868279147065]},"properties":{"objectid":279152,"codvia":16270,"numportal":5,"dupli_trip":null,"accesorio":"NO","angulo":273,"catfis":"7","descripcion":"5"}},{"type":"Feature","id":279153,"geometry":{"type":"Point","coordinates":[-0.32794680005157956,39.479147106328824]},"properties":{"objectid":279153,"codvia":44550,"numportal":50,"dupli_trip":null,"accesorio":"NO","angulo":91,"catfis":"7","descripcion":"50"}},{"type":"Feature","id":279154,"geometry":{"type":"Point","coordinates":[-0.38532251056590089,39.491863333192477]},"properties":{"objectid":279154,"codvia":57420,"numportal":18,"dupli_trip":null,"accesorio":"NO","angulo":17,"catfis":"7","descripcion":"18"}},{"type":"Feature","id":279155,"geometry":{"type":"Point","coordinates":[-0.39357505699274692,39.487561830639066]},"properties":{"objectid":279155,"codvia":48300,"numportal":22,"dupli_trip":null,"accesorio":"SI","angulo":300,"catfis":"6","descripcion":"22ac"}},{"type":"Feature","id":279157,"geometry":{"type":"Point","coordinates":[-0.36866651909183795,39.457615444744036]},"properties":{"objectid":279157,"codvia":57360,"numportal":6,"dupli_trip":null,"accesorio":"NO","angulo":6,"catfis":"6","descripcion":"6"}},{"type":"Feature","id":279158,"geometry":{"type":"Point","coordinates":[-0.37722160306924951,39.487291324104149]},"properties":{"objectid":279158,"codvia":62610,"numportal":72,"dupli_trip":null,"accesorio":"SI","angulo":64,"catfis":"5","descripcion":"72ac"}},{"type":"Feature","id":279159,"geometry":{"type":"Point","coordinates":[-0.39615966512637496,39.473216568815182]},"properties":{"objectid":279159,"codvia":38130,"numportal":13,"dupli_trip":null,"accesorio":"NO","angulo":91,"catfis":"6","descripcion":"13"}},{"type":"Feature","id":279160,"geometry":{"type":"Point","coordinates":[-0.39017290238252572,39.490437433209721]},"properties":{"objectid":279160,"codvia":38940,"numportal":35,"dupli_trip":null,"accesorio":"NO","angulo":327,"catfis":"6","descripcion":"35"}},{"type":"Feature","id":279161,"geometry":{"type":"Point","coordinates":[-0.36157735904741367,39.485284884149323]},"properties":{"objectid":279161,"codvia":63960,"numportal":3,"dupli_trip":null,"accesorio":"NO","angulo":342,"catfis":"6","descripcion":"3"}},{"type":"Feature","id":279162,"geometry":{"type":"Point","coordinates":[-0.39429504128588122,39.48523644637563]},"properties":{"objectid":279162,"codvia":49620,"numportal":26,"dupli_trip":null,"accesorio":"NO","angulo":31,"catfis":"6","descripcion":"26"}},{"type":"Feature","id":279163,"geometry":{"type":"Point","coordinates":[-0.35393143067142346,39.477912452964468]},"properties":{"objectid":279163,"codvia":55290,"numportal":6,"dupli_trip":null,"accesorio":"SI","angulo":71,"catfis":"4","descripcion":"6ac"}},{"type":"Feature","id":279164,"geometry":{"type":"Point","coordinates":[-0.33293253467206751,39.451246773076349]},"properties":{"objectid":279164,"codvia":8130,"numportal":22,"dupli_trip":null,"accesorio":"NO","angulo":78,"catfis":"6","descripcion":"22"}},{"type":"Feature","id":279376,"geometry":{"type":"Point","coordinates":[-0.32679808422540596,39.466459914468821]},"properties":{"objectid":279376,"codvia":76800,"numportal":3,"dupli_trip":null,"accesorio":"NO","angulo":354,"catfis":"7","descripcion":"3"}},{"type":"Feature","id":279379,"geometry":{"type":"Point","coordinates":[-0.34683131408141249,39.468459553731442]},"properties":{"objectid":279379,"codvia":12000,"numportal":5,"dupli_trip":null,"accesorio":"NO","angulo":342,"catfis":"4","descripcion":"5"}},{"type":"Feature","id":279380,"geometry":{"type":"Point","coordinates":[-0.39057506997507291,39.474849139640206]},"properties":{"objectid":279380,"codvia":52830,"numportal":1,"dupli_trip":null,"accesorio":"SI","angulo":301,"catfis":"3","descripcion":"1ac"}},{"type":"Feature","id":279381,"geometry":{"type":"Point","coordinates":[-0.39998930142521488,39.438140113691027]},"properties":{"objectid":279381,"codvia":4080,"numportal":10,"dupli_trip":null,"accesorio":"NO","angulo":283,"catfis":"7","descripcion":"10"}},{"type":"Feature","id":279382,"geometry":{"type":"Point","coordinates":[-0.36016464841941287,39.474071418803348]},"properties":{"objectid":279382,"codvia":52170,"numportal":8,"dupli_trip":null,"accesorio":"NO","angulo":72,"catfis":"3","descripcion":"8"}},{"type":"Feature","id":279383,"geometry":{"type":"Point","coordinates":[-0.32984708932182055,39.471824155025409]},"properties":{"objectid":279383,"codvia":38820,"numportal":255,"dupli_trip":null,"accesorio":"NO","angulo":83,"catfis":"7","descripcion":"255"}},{"type":"Feature","id":279384,"geometry":{"type":"Point","coordinates":[-0.38963178397233245,39.497092636146185]},"properties":{"objectid":279384,"codvia":81758,"numportal":6,"dupli_trip":null,"accesorio":"NO","angulo":313,"catfis":"7","descripcion":"6"}},{"type":"Feature","id":279385,"geometry":{"type":"Point","coordinates":[-0.37557459831104456,39.432671665183562]},"properties":{"objectid":279385,"codvia":930,"numportal":19,"dupli_trip":null,"accesorio":"NO","angulo":0,"catfis":"7","descripcion":"19"}},{"type":"Feature","id":279386,"geometry":{"type":"Point","coordinates":[-0.3838622931715549,39.49127396595393]},"properties":{"objectid":279386,"codvia":68190,"numportal":20,"dupli_trip":null,"accesorio":"NO","angulo":288,"catfis":"6","descripcion":"20"}},{"type":"Feature","id":279387,"geometry":{"type":"Point","coordinates":[-0.32945324606808402,39.469756015245544]},"properties":{"objectid":279387,"codvia":54660,"numportal":235,"dupli_trip":null,"accesorio":"NO","angulo":83,"catfis":"7","descripcion":"235"}},{"type":"Feature","id":279388,"geometry":{"type":"Point","coordinates":[-0.37972296579967268,39.494790285564846]},"properties":{"objectid":279388,"codvia":81192,"numportal":7,"dupli_trip":null,"accesorio":"NO","angulo":14,"catfis":"7","descripcion":"7"}},{"type":"Feature","id":279389,"geometry":{"type":"Point","coordinates":[-0.3908191285918205,39.514496643678413]},"properties":{"objectid":279389,"codvia":46200,"numportal":12,"dupli_trip":null,"accesorio":"NO","angulo":342,"catfis":"7","descripcion":"12"}},{"type":"Feature","id":279390,"geometry":{"type":"Point","coordinates":[-0.33832816831741075,39.443264183589463]},"properties":{"objectid":279390,"codvia":81782,"numportal":7,"dupli_trip":null,"accesorio":"NO","angulo":82,"catfis":"E","descripcion":"7"}},{"type":"Feature","id":279392,"geometry":{"type":"Point","coordinates":[-0.39921637884890765,39.462378313845107]},"properties":{"objectid":279392,"codvia":35640,"numportal":48,"dupli_trip":null,"accesorio":"NO","angulo":275,"catfis":"6","descripcion":"48"}},{"type":"Feature","id":279393,"geometry":{"type":"Point","coordinates":[-0.41045892731818345,39.470418464428356]},"properties":{"objectid":279393,"codvia":81154,"numportal":3,"dupli_trip":null,"accesorio":"NO","angulo":8,"catfis":"7","descripcion":"3"}},{"type":"Feature","id":279394,"geometry":{"type":"Point","coordinates":[-0.34645219939300115,39.466385135204746]},"properties":{"objectid":279394,"codvia":45750,"numportal":15,"dupli_trip":"DUPL","accesorio":"SI","angulo":342,"catfis":"6","descripcion":"15dupac"}},{"type":"Feature","id":279396,"geometry":{"type":"Point","coordinates":[-0.34042614215549766,39.420765126208998]},"properties":{"objectid":279396,"codvia":46770,"numportal":332,"dupli_trip":null,"accesorio":"NO","angulo":284,"catfis":"7","descripcion":"332"}},{"type":"Feature","id":279397,"geometry":{"type":"Point","coordinates":[-0.4063965651039953,39.541188576338385]},"properties":{"objectid":279397,"codvia":81714,"numportal":6,"dupli_trip":null,"accesorio":"NO","angulo":34,"catfis":"7","descripcion":"6"}},{"type":"Feature","id":279398,"geometry":{"type":"Point","coordinates":[-0.3327290047878414,39.465361895457072]},"properties":{"objectid":279398,"codvia":75660,"numportal":69,"dupli_trip":null,"accesorio":"NO","angulo":83,"catfis":"6","descripcion":"69"}},{"type":"Feature","id":282556,"geometry":{"type":"Point","coordinates":[-0.37810708112927821,39.472300450584065]},"properties":{"objectid":282556,"codvia":51870,"numportal":6,"dupli_trip":null,"accesorio":"NO","angulo":79,"catfis":"2","descripcion":"6"}},{"type":"Feature","id":282557,"geometry":{"type":"Point","coordinates":[-0.37226389415708055,39.430514188909385]},"properties":{"objectid":282557,"codvia":7590,"numportal":162,"dupli_trip":null,"accesorio":"NO","angulo":76,"catfis":"7","descripcion":"162"}},{"type":"Feature","id":282558,"geometry":{"type":"Point","coordinates":[-0.33539438008741124,39.442766712509204]},"properties":{"objectid":282558,"codvia":81788,"numportal":2,"dupli_trip":null,"accesorio":"SI","angulo":350,"catfis":"E","descripcion":"2ac"}},{"type":"Feature","id":282559,"geometry":{"type":"Point","coordinates":[-0.39609451462908707,39.473381357792469]},"properties":{"objectid":282559,"codvia":18270,"numportal":1,"dupli_trip":null,"accesorio":"NO","angulo":1,"catfis":"6","descripcion":"1"}},{"type":"Feature","id":282560,"geometry":{"type":"Point","coordinates":[-0.38948536838641978,39.472650190818079]},"properties":{"objectid":282560,"codvia":41880,"numportal":30,"dupli_trip":null,"accesorio":"NO","angulo":29,"catfis":"3","descripcion":"30"}},{"type":"Feature","id":282561,"geometry":{"type":"Point","coordinates":[-0.38477296829447383,39.517556255892593]},"properties":{"objectid":282561,"codvia":4740,"numportal":8,"dupli_trip":null,"accesorio":"NO","angulo":71,"catfis":"7","descripcion":"8"}},{"type":"Feature","id":282562,"geometry":{"type":"Point","coordinates":[-0.35416046512815924,39.441522515834265]},"properties":{"objectid":282562,"codvia":31740,"numportal":209,"dupli_trip":null,"accesorio":"NO","angulo":265,"catfis":"E","descripcion":"209"}},{"type":"Feature","id":282563,"geometry":{"type":"Point","coordinates":[-0.38769667109064115,39.462207407639909]},"properties":{"objectid":282563,"codvia":43260,"numportal":7,"dupli_trip":null,"accesorio":"NO","angulo":31,"catfis":"4","descripcion":"7"}},{"type":"Feature","id":282564,"geometry":{"type":"Point","coordinates":[-0.37963293032480172,39.449324393114942]},"properties":{"objectid":282564,"codvia":44460,"numportal":72,"dupli_trip":null,"accesorio":"NO","angulo":84,"catfis":"5","descripcion":"72"}},{"type":"Feature","id":282565,"geometry":{"type":"Point","coordinates":[-0.37857684630692723,39.45365511966768]},"properties":{"objectid":282565,"codvia":44460,"numportal":14,"dupli_trip":null,"accesorio":"NO","angulo":68,"catfis":"4","descripcion":"14"}},{"type":"Feature","id":282566,"geometry":{"type":"Point","coordinates":[-0.4036893934977856,39.452000068637808]},"properties":{"objectid":282566,"codvia":81020,"numportal":34,"dupli_trip":null,"accesorio":"NO","angulo":298,"catfis":"6","descripcion":"34"}},{"type":"Feature","id":282567,"geometry":{"type":"Point","coordinates":[-0.37251653374126847,39.48704557172519]},"properties":{"objectid":282567,"codvia":11160,"numportal":20,"dupli_trip":null,"accesorio":"NO","angulo":78,"catfis":"5","descripcion":"20"}},{"type":"Feature","id":282569,"geometry":{"type":"Point","coordinates":[-0.35657049904256904,39.485447838311835]},"properties":{"objectid":282569,"codvia":6570,"numportal":43,"dupli_trip":null,"accesorio":"NO","angulo":84,"catfis":"6","descripcion":"43"}},{"type":"Feature","id":282642,"geometry":{"type":"Point","coordinates":[-0.37834474215690655,39.429148797767638]},"properties":{"objectid":282642,"codvia":36120,"numportal":38,"dupli_trip":null,"accesorio":"NO","angulo":85,"catfis":"7","descripcion":"38"}},{"type":"Feature","id":282643,"geometry":{"type":"Point","coordinates":[-0.33968246522499274,39.451820209608954]},"properties":{"objectid":282643,"codvia":81753,"numportal":5,"dupli_trip":null,"accesorio":"NO","angulo":17,"catfis":"7","descripcion":"5"}},{"type":"Feature","id":282644,"geometry":{"type":"Point","coordinates":[-0.35902049519423995,39.524178281329753]},"properties":{"objectid":282644,"codvia":3270,"numportal":1,"dupli_trip":null,"accesorio":"NO","angulo":350,"catfis":"7","descripcion":"1"}},{"type":"Feature","id":282645,"geometry":{"type":"Point","coordinates":[-0.36323565917485029,39.424583149026006]},"properties":{"objectid":282645,"codvia":63510,"numportal":9,"dupli_trip":"B","accesorio":"NO","angulo":2,"catfis":"7","descripcion":"9B"}},{"type":"Feature","id":282646,"geometry":{"type":"Point","coordinates":[-0.39865537705656279,39.468981251138764]},"properties":{"objectid":282646,"codvia":77160,"numportal":22,"dupli_trip":null,"accesorio":"NO","angulo":28,"catfis":"7","descripcion":"22"}},{"type":"Feature","id":282647,"geometry":{"type":"Point","coordinates":[-0.38341309687895625,39.489807185403997]},"properties":{"objectid":282647,"codvia":53640,"numportal":111,"dupli_trip":null,"accesorio":"NO","angulo":17,"catfis":"4","descripcion":"111"}},{"type":"Feature","id":282648,"geometry":{"type":"Point","coordinates":[-0.32957755170330544,39.473981884960708]},"properties":{"objectid":282648,"codvia":28140,"numportal":346,"dupli_trip":null,"accesorio":"NO","angulo":91,"catfis":"7","descripcion":"346"}},{"type":"Feature","id":282649,"geometry":{"type":"Point","coordinates":[-0.40262807439832848,39.47279676566562]},"properties":{"objectid":282649,"codvia":17160,"numportal":76,"dupli_trip":null,"accesorio":"NO","angulo":12,"catfis":"6","descripcion":"76"}},{"type":"Feature","id":282650,"geometry":{"type":"Point","coordinates":[-0.39850425173799997,39.46412253992272]},"properties":{"objectid":282650,"codvia":73950,"numportal":76,"dupli_trip":null,"accesorio":"SI","angulo":349,"catfis":"6","descripcion":"76ac"}},{"type":"Feature","id":282651,"geometry":{"type":"Point","coordinates":[-0.37714475755045185,39.49682855431449]},"properties":{"objectid":282651,"codvia":20280,"numportal":69,"dupli_trip":null,"accesorio":"NO","angulo":277,"catfis":"7","descripcion":"69"}},{"type":"Feature","id":277071,"geometry":{"type":"Point","coordinates":[-0.33480796720266831,39.449524023386779]},"properties":{"objectid":277071,"codvia":81536,"numportal":5,"dupli_trip":null,"accesorio":"NO","angulo":351,"catfis":"7","descripcion":"5"}},{"type":"Feature","id":249154,"geometry":{"type":"Point","coordinates":[-0.33448335578222649,39.449738335263099]},"properties":{"objectid":249154,"codvia":30690,"numportal":14,"dupli_trip":null,"accesorio":"NO","angulo":350,"catfis":"7","descripcion":"14"}},{"type":"Feature","id":259698,"geometry":{"type":"Point","coordinates":[-0.33473957229931089,39.449786840577147]},"properties":{"objectid":259698,"codvia":30690,"numportal":8,"dupli_trip":null,"accesorio":"NO","angulo":350,"catfis":"7","descripcion":"8"}},{"type":"Feature","id":259818,"geometry":{"type":"Point","coordinates":[-0.33499755571133316,39.449838079463923]},"properties":{"objectid":259818,"codvia":30690,"numportal":4,"dupli_trip":null,"accesorio":"NO","angulo":350,"catfis":"7","descripcion":"4"}},{"type":"Feature","id":268790,"geometry":{"type":"Point","coordinates":[-0.33487404877062171,39.449813977716353]},"properties":{"objectid":268790,"codvia":30690,"numportal":6,"dupli_trip":null,"accesorio":"NO","angulo":350,"catfis":"7","descripcion":"6"}},{"type":"Feature","id":269066,"geometry":{"type":"Point","coordinates":[-0.33463968063140215,39.449767523253001]},"properties":{"objectid":269066,"codvia":30690,"numportal":10,"dupli_trip":null,"accesorio":"NO","angulo":350,"catfis":"7","descripcion":"10"}},{"type":"Feature","id":275384,"geometry":{"type":"Point","coordinates":[-0.33440707587720525,39.449723892470196]},"properties":{"objectid":275384,"codvia":30690,"numportal":16,"dupli_trip":null,"accesorio":"SI","angulo":350,"catfis":"7","descripcion":"16ac"}},{"type":"Feature","id":282652,"geometry":{"type":"Point","coordinates":[-0.35734087203970488,39.467131879354667]},"properties":{"objectid":282652,"codvia":25680,"numportal":38,"dupli_trip":null,"accesorio":"NO","angulo":341,"catfis":"3","descripcion":"38"}},{"type":"Feature","id":282653,"geometry":{"type":"Point","coordinates":[-0.41268384161816207,39.468120233193936]},"properties":{"objectid":282653,"codvia":81128,"numportal":2,"dupli_trip":null,"accesorio":"NO","angulo":8,"catfis":"7","descripcion":"2"}},{"type":"Feature","id":282654,"geometry":{"type":"Point","coordinates":[-0.36951662884433556,39.481185257191989]},"properties":{"objectid":282654,"codvia":10560,"numportal":9,"dupli_trip":null,"accesorio":"NO","angulo":71,"catfis":"4","descripcion":"9"}},{"type":"Feature","id":282656,"geometry":{"type":"Point","coordinates":[-0.33309114544317425,39.465718358506919]},"properties":{"objectid":282656,"codvia":50970,"numportal":20,"dupli_trip":null,"accesorio":"NO","angulo":357,"catfis":"6","descripcion":"20"}},{"type":"Feature","id":282657,"geometry":{"type":"Point","coordinates":[-0.39065446061651177,39.450257969884568]},"properties":{"objectid":282657,"codvia":80920,"numportal":9,"dupli_trip":null,"accesorio":"SI","angulo":82,"catfis":"6","descripcion":"9ac"}},{"type":"Feature","id":282658,"geometry":{"type":"Point","coordinates":[-0.37593034814109438,39.487781734254646]},"properties":{"objectid":282658,"codvia":47400,"numportal":8,"dupli_trip":null,"accesorio":"NO","angulo":331,"catfis":"6","descripcion":"8"}},{"type":"Feature","id":282659,"geometry":{"type":"Point","coordinates":[-0.39179043754293708,39.463408322236745]},"properties":{"objectid":282659,"codvia":22830,"numportal":11,"dupli_trip":null,"accesorio":"NO","angulo":63,"catfis":"5","descripcion":"11"}},{"type":"Feature","id":282660,"geometry":{"type":"Point","coordinates":[-0.37364771569682748,39.473269250337907]},"properties":{"objectid":282660,"codvia":27420,"numportal":2,"dupli_trip":null,"accesorio":"SI","angulo":82,"catfis":"4","descripcion":"2ac"}},{"type":"Feature","id":282661,"geometry":{"type":"Point","coordinates":[-0.3305032297068754,39.470636356811795]},"properties":{"objectid":282661,"codvia":28140,"numportal":215,"dupli_trip":null,"accesorio":"NO","angulo":83,"catfis":"7","descripcion":"215"}},{"type":"Feature","id":282662,"geometry":{"type":"Point","coordinates":[-0.37333940418084355,39.456857411401188]},"properties":{"objectid":282662,"codvia":81344,"numportal":4,"dupli_trip":null,"accesorio":"SI","angulo":347,"catfis":"6","descripcion":"4ac"}},{"type":"Feature","id":281759,"geometry":{"type":"Point","coordinates":[-0.37663334741790172,39.517064017905703]},"properties":{"objectid":281759,"codvia":81281,"numportal":5,"dupli_trip":null,"accesorio":"NO","angulo":353,"catfis":"7","descripcion":"5"}},{"type":"Feature","id":281761,"geometry":{"type":"Point","coordinates":[-0.380610483915582,39.451665057025536]},"properties":{"objectid":281761,"codvia":81493,"numportal":11,"dupli_trip":null,"accesorio":"SI","angulo":354,"catfis":"7","descripcion":"11ac"}},{"type":"Feature","id":281762,"geometry":{"type":"Point","coordinates":[-0.3913822733827419,39.43396032891043]},"properties":{"objectid":281762,"codvia":63090,"numportal":42,"dupli_trip":null,"accesorio":"NO","angulo":78,"catfis":"7","descripcion":"42"}},{"type":"Feature","id":281763,"geometry":{"type":"Point","coordinates":[-0.40472202362640447,39.538934418544031]},"properties":{"objectid":281763,"codvia":64890,"numportal":12,"dupli_trip":null,"accesorio":"NO","angulo":7,"catfis":"7","descripcion":"12"}},{"type":"Feature","id":281764,"geometry":{"type":"Point","coordinates":[-0.29405106852651908,39.305521977909905]},"properties":{"objectid":281764,"codvia":12090,"numportal":5,"dupli_trip":null,"accesorio":"NO","angulo":40,"catfis":"7","descripcion":"5"}},{"type":"Feature","id":281766,"geometry":{"type":"Point","coordinates":[-0.35490159889378464,39.48479337318539]},"properties":{"objectid":281766,"codvia":81275,"numportal":1,"dupli_trip":null,"accesorio":"NO","angulo":84,"catfis":"6","descripcion":"1"}},{"type":"Feature","id":281768,"geometry":{"type":"Point","coordinates":[-0.29520597010135813,39.308037790185516]},"properties":{"objectid":281768,"codvia":34140,"numportal":2,"dupli_trip":null,"accesorio":"NO","angulo":307,"catfis":"5","descripcion":"2"}},{"type":"Feature","id":282189,"geometry":{"type":"Point","coordinates":[-0.36615204394465772,39.467847771542658]},"properties":{"objectid":282189,"codvia":46320,"numportal":74,"dupli_trip":null,"accesorio":"NO","angulo":31,"catfis":"E","descripcion":"74"}},{"type":"Feature","id":282191,"geometry":{"type":"Point","coordinates":[-0.36133944071083596,39.43113682778128]},"properties":{"objectid":282191,"codvia":81188,"numportal":22,"dupli_trip":null,"accesorio":"NO","angulo":338,"catfis":"7","descripcion":"22"}},{"type":"Feature","id":282192,"geometry":{"type":"Point","coordinates":[-0.39666015472453853,39.465694529198686]},"properties":{"objectid":282192,"codvia":51420,"numportal":2,"dupli_trip":"DUPL","accesorio":"SI","angulo":349,"catfis":"7","descripcion":"2dup"}},{"type":"Feature","id":282193,"geometry":{"type":"Point","coordinates":[-0.36281171987896471,39.462784331533648]},"properties":{"objectid":282193,"codvia":38670,"numportal":79,"dupli_trip":null,"accesorio":"NO","angulo":346,"catfis":"1","descripcion":"79"}},{"type":"Feature","id":282194,"geometry":{"type":"Point","coordinates":[-0.39788288039274478,39.491632621023427]},"properties":{"objectid":282194,"codvia":81582,"numportal":2,"dupli_trip":null,"accesorio":"NO","angulo":301,"catfis":"7","descripcion":"2"}},{"type":"Feature","id":282195,"geometry":{"type":"Point","coordinates":[-0.31803221782660324,39.310584105468266]},"properties":{"objectid":282195,"codvia":31290,"numportal":5,"dupli_trip":null,"accesorio":"NO","angulo":68,"catfis":"7","descripcion":"5"}},{"type":"Feature","id":282196,"geometry":{"type":"Point","coordinates":[-0.37273904894999949,39.45923904911843]},"properties":{"objectid":282196,"codvia":42270,"numportal":31,"dupli_trip":null,"accesorio":"NO","angulo":31,"catfis":"4","descripcion":"31"}},{"type":"Feature","id":282197,"geometry":{"type":"Point","coordinates":[-0.37055204052064639,39.454063452246217]},"properties":{"objectid":282197,"codvia":49020,"numportal":21,"dupli_trip":null,"accesorio":"NO","angulo":89,"catfis":"6","descripcion":"21"}},{"type":"Feature","id":282198,"geometry":{"type":"Point","coordinates":[-0.37151523986413826,39.457716095738206]},"properties":{"objectid":282198,"codvia":31920,"numportal":13,"dupli_trip":null,"accesorio":"NO","angulo":89,"catfis":"6","descripcion":"13"}},{"type":"Feature","id":282199,"geometry":{"type":"Point","coordinates":[-0.37042446464643947,39.498983132999598]},"properties":{"objectid":282199,"codvia":62610,"numportal":267,"dupli_trip":null,"accesorio":"NO","angulo":82,"catfis":"7","descripcion":"267"}},{"type":"Feature","id":282200,"geometry":{"type":"Point","coordinates":[-0.37812625102672015,39.467611397259077]},"properties":{"objectid":282200,"codvia":38100,"numportal":18,"dupli_trip":null,"accesorio":"NO","angulo":344,"catfis":"1","descripcion":"18"}},{"type":"Feature","id":282201,"geometry":{"type":"Point","coordinates":[-0.35919748281113451,39.481505889916306]},"properties":{"objectid":282201,"codvia":81272,"numportal":2,"dupli_trip":null,"accesorio":"NO","angulo":48,"catfis":"3","descripcion":"2"}},{"type":"Feature","id":282202,"geometry":{"type":"Point","coordinates":[-0.35671491940326855,39.48465448879027]},"properties":{"objectid":282202,"codvia":6570,"numportal":17,"dupli_trip":null,"accesorio":"NO","angulo":84,"catfis":"6","descripcion":"17"}},{"type":"Feature","id":282423,"geometry":{"type":"Point","coordinates":[-0.3972233099739832,39.463188309253766]},"properties":{"objectid":282423,"codvia":81149,"numportal":2,"dupli_trip":null,"accesorio":"NO","angulo":3,"catfis":"5","descripcion":"2"}},{"type":"Feature","id":282424,"geometry":{"type":"Point","coordinates":[-0.38542896037560914,39.530441524955101]},"properties":{"objectid":282424,"codvia":30060,"numportal":91,"dupli_trip":null,"accesorio":"NO","angulo":79,"catfis":"7","descripcion":"91"}},{"type":"Feature","id":282425,"geometry":{"type":"Point","coordinates":[-0.33776357585739591,39.459446293924223]},"properties":{"objectid":282425,"codvia":81703,"numportal":2,"dupli_trip":null,"accesorio":"NO","angulo":349,"catfis":"7","descripcion":"2"}},{"type":"Feature","id":282426,"geometry":{"type":"Point","coordinates":[-0.35887017455571063,39.429241012693097]},"properties":{"objectid":282426,"codvia":47370,"numportal":21,"dupli_trip":null,"accesorio":"NO","angulo":70,"catfis":"7","descripcion":"21"}},{"type":"Feature","id":282427,"geometry":{"type":"Point","coordinates":[-0.38865391514290309,39.460407597028848]},"properties":{"objectid":282427,"codvia":24480,"numportal":14,"dupli_trip":null,"accesorio":"NO","angulo":324,"catfis":"4","descripcion":"14"}},{"type":"Feature","id":282430,"geometry":{"type":"Point","coordinates":[-0.32576174761732768,39.470054525893318]},"properties":{"objectid":282430,"codvia":29190,"numportal":181,"dupli_trip":null,"accesorio":"NO","angulo":1,"catfis":"6","descripcion":"181"}},{"type":"Feature","id":282431,"geometry":{"type":"Point","coordinates":[-0.35540418792658129,39.473673520681473]},"properties":{"objectid":282431,"codvia":81394,"numportal":3,"dupli_trip":null,"accesorio":"SI","angulo":72,"catfis":"2","descripcion":"3ac"}},{"type":"Feature","id":282432,"geometry":{"type":"Point","coordinates":[-0.35675524208340265,39.478238892447237]},"properties":{"objectid":282432,"codvia":47730,"numportal":23,"dupli_trip":null,"accesorio":"NO","angulo":341,"catfis":"3","descripcion":"23"}},{"type":"Feature","id":282433,"geometry":{"type":"Point","coordinates":[-0.38308546514633568,39.46336096454224]},"properties":{"objectid":282433,"codvia":46830,"numportal":11,"dupli_trip":null,"accesorio":"NO","angulo":338,"catfis":"3","descripcion":"11"}},{"type":"Feature","id":282434,"geometry":{"type":"Point","coordinates":[-0.36833438667216883,39.495612266358215]},"properties":{"objectid":282434,"codvia":23100,"numportal":24,"dupli_trip":null,"accesorio":"NO","angulo":318,"catfis":"7","descripcion":"24"}},{"type":"Feature","id":282436,"geometry":{"type":"Point","coordinates":[-0.35359861459304265,39.468198194144541]},"properties":{"objectid":282436,"codvia":7020,"numportal":27,"dupli_trip":null,"accesorio":"NO","angulo":343,"catfis":"7","descripcion":"27"}},{"type":"Feature","id":282437,"geometry":{"type":"Point","coordinates":[-0.39902223095936268,39.481831232161959]},"properties":{"objectid":282437,"codvia":39060,"numportal":20,"dupli_trip":null,"accesorio":"NO","angulo":342,"catfis":"6","descripcion":"20"}},{"type":"Feature","id":282438,"geometry":{"type":"Point","coordinates":[-0.38530580271311121,39.477480384878561]},"properties":{"objectid":282438,"codvia":74280,"numportal":52,"dupli_trip":null,"accesorio":"NO","angulo":272,"catfis":"4","descripcion":"52"}},{"type":"Feature","id":282440,"geometry":{"type":"Point","coordinates":[-0.41799939332727243,39.498052907308235]},"properties":{"objectid":282440,"codvia":53610,"numportal":12,"dupli_trip":null,"accesorio":"SI","angulo":85,"catfis":"7","descripcion":"12ac"}},{"type":"Feature","id":282443,"geometry":{"type":"Point","coordinates":[-0.32919473992086667,39.478582058361496]},"properties":{"objectid":282443,"codvia":54780,"numportal":11,"dupli_trip":null,"accesorio":"NO","angulo":91,"catfis":"7","descripcion":"11"}},{"type":"Feature","id":282444,"geometry":{"type":"Point","coordinates":[-0.38264590870312337,39.471230360074649]},"properties":{"objectid":282444,"codvia":36240,"numportal":11,"dupli_trip":null,"accesorio":"NO","angulo":271,"catfis":"6","descripcion":"11"}},{"type":"Feature","id":282445,"geometry":{"type":"Point","coordinates":[-0.3778560639177061,39.486838051560454]},"properties":{"objectid":282445,"codvia":62610,"numportal":37,"dupli_trip":null,"accesorio":"NO","angulo":64,"catfis":"7","descripcion":"37"}},{"type":"Feature","id":282446,"geometry":{"type":"Point","coordinates":[-0.42133050938573807,39.502066233846506]},"properties":{"objectid":282446,"codvia":13620,"numportal":21,"dupli_trip":null,"accesorio":"NO","angulo":31,"catfis":"6","descripcion":"21"}},{"type":"Feature","id":281689,"geometry":{"type":"Point","coordinates":[-0.36152946374663125,39.486696504889977]},"properties":{"objectid":281689,"codvia":26820,"numportal":43,"dupli_trip":null,"accesorio":"NO","angulo":71,"catfis":"3","descripcion":"43"}},{"type":"Feature","id":281690,"geometry":{"type":"Point","coordinates":[-0.34886332041948709,39.468210674935989]},"properties":{"objectid":281690,"codvia":25950,"numportal":44,"dupli_trip":null,"accesorio":"NO","angulo":72,"catfis":"6","descripcion":"44"}},{"type":"Feature","id":281691,"geometry":{"type":"Point","coordinates":[-0.35575146265637098,39.465686582124441]},"properties":{"objectid":281691,"codvia":65100,"numportal":7,"dupli_trip":null,"accesorio":"NO","angulo":72,"catfis":"7","descripcion":"7"}},{"type":"Feature","id":281692,"geometry":{"type":"Point","coordinates":[-0.40552562574604922,39.479304967217246]},"properties":{"objectid":281692,"codvia":81613,"numportal":9,"dupli_trip":null,"accesorio":"SI","angulo":31,"catfis":"7","descripcion":"9ac"}},{"type":"Feature","id":281693,"geometry":{"type":"Point","coordinates":[-0.34401988786212628,39.444619003055401]},"properties":{"objectid":281693,"codvia":38290,"numportal":134,"dupli_trip":null,"accesorio":"NO","angulo":271,"catfis":"7","descripcion":"134"}},{"type":"Feature","id":281694,"geometry":{"type":"Point","coordinates":[-0.38553765349551444,39.478130253169653]},"properties":{"objectid":281694,"codvia":74280,"numportal":71,"dupli_trip":null,"accesorio":"NO","angulo":274,"catfis":"4","descripcion":"71"}},{"type":"Feature","id":281695,"geometry":{"type":"Point","coordinates":[-0.37335277908070064,39.483963720982665]},"properties":{"objectid":281695,"codvia":52020,"numportal":1,"dupli_trip":null,"accesorio":"NO","angulo":353,"catfis":"7","descripcion":"1"}},{"type":"Feature","id":281696,"geometry":{"type":"Point","coordinates":[-0.36556725210072633,39.46778933722409]},"properties":{"objectid":281696,"codvia":14250,"numportal":7,"dupli_trip":null,"accesorio":"SI","angulo":5,"catfis":"E","descripcion":"7ac"}},{"type":"Feature","id":281697,"geometry":{"type":"Point","coordinates":[-0.42471667561914139,39.50244554609197]},"properties":{"objectid":281697,"codvia":5370,"numportal":71,"dupli_trip":null,"accesorio":"SI","angulo":31,"catfis":"E","descripcion":"71ac"}},{"type":"Feature","id":281698,"geometry":{"type":"Point","coordinates":[-0.39832261553474724,39.484348389027126]},"properties":{"objectid":281698,"codvia":9900,"numportal":1,"dupli_trip":null,"accesorio":"SI","angulo":32,"catfis":"6","descripcion":"1ac"}},{"type":"Feature","id":281700,"geometry":{"type":"Point","coordinates":[-0.38384705611156866,39.475759961714374]},"properties":{"objectid":281700,"codvia":70200,"numportal":1,"dupli_trip":null,"accesorio":"NO","angulo":0,"catfis":"3","descripcion":"1"}},{"type":"Feature","id":281701,"geometry":{"type":"Point","coordinates":[-0.3653670385307346,39.456484998678881]},"properties":{"objectid":281701,"codvia":80060,"numportal":10,"dupli_trip":null,"accesorio":"NO","angulo":26,"catfis":"6","descripcion":"10"}},{"type":"Feature","id":281702,"geometry":{"type":"Point","coordinates":[-0.32871115532356338,39.470937075217186]},"properties":{"objectid":281702,"codvia":9000,"numportal":190,"dupli_trip":null,"accesorio":"NO","angulo":354,"catfis":"6","descripcion":"190"}},{"type":"Feature","id":281703,"geometry":{"type":"Point","coordinates":[-0.34300595673454803,39.471598774373454]},"properties":{"objectid":281703,"codvia":81139,"numportal":27,"dupli_trip":null,"accesorio":"SI","angulo":72,"catfis":"6","descripcion":"27ac"}},{"type":"Feature","id":281704,"geometry":{"type":"Point","coordinates":[-0.41734504460992733,39.502789055895718]},"properties":{"objectid":281704,"codvia":43830,"numportal":32,"dupli_trip":null,"accesorio":"NO","angulo":2,"catfis":"7","descripcion":"32"}},{"type":"Feature","id":281705,"geometry":{"type":"Point","coordinates":[-0.39945321943394618,39.464015015167881]},"properties":{"objectid":281705,"codvia":73950,"numportal":82,"dupli_trip":null,"accesorio":"NO","angulo":349,"catfis":"7","descripcion":"82"}},{"type":"Feature","id":281706,"geometry":{"type":"Point","coordinates":[-0.38945330863971106,39.493918263982501]},"properties":{"objectid":281706,"codvia":81227,"numportal":13,"dupli_trip":null,"accesorio":"SI","angulo":42,"catfis":"7","descripcion":"13ac"}},{"type":"Feature","id":281707,"geometry":{"type":"Point","coordinates":[-0.40428262924290653,39.537317466276562]},"properties":{"objectid":281707,"codvia":81665,"numportal":4,"dupli_trip":null,"accesorio":"NO","angulo":300,"catfis":"7","descripcion":"4"}},{"type":"Feature","id":281708,"geometry":{"type":"Point","coordinates":[-0.3703269954452259,39.466830380820177]},"properties":{"objectid":281708,"codvia":35550,"numportal":31,"dupli_trip":null,"accesorio":"SI","angulo":301,"catfis":"E","descripcion":"31ac"}},{"type":"Feature","id":281709,"geometry":{"type":"Point","coordinates":[-0.37144243512769293,39.471607347807691]},"properties":{"objectid":281709,"codvia":8610,"numportal":18,"dupli_trip":null,"accesorio":"SI","angulo":356,"catfis":"7","descripcion":"18ac"}},{"type":"Feature","id":281806,"geometry":{"type":"Point","coordinates":[-0.40753815112585917,39.470692230414379]},"properties":{"objectid":281806,"codvia":6840,"numportal":18,"dupli_trip":null,"accesorio":"SI","angulo":72,"catfis":"7","descripcion":"18ac"}},{"type":"Feature","id":281809,"geometry":{"type":"Point","coordinates":[-0.29193606238167763,39.304688946863621]},"properties":{"objectid":281809,"codvia":47970,"numportal":16,"dupli_trip":null,"accesorio":"NO","angulo":41,"catfis":"7","descripcion":"16"}},{"type":"Feature","id":281811,"geometry":{"type":"Point","coordinates":[-0.36491460919234775,39.455511241574634]},"properties":{"objectid":281811,"codvia":81246,"numportal":2,"dupli_trip":null,"accesorio":"NO","angulo":301,"catfis":"7","descripcion":"2"}},{"type":"Feature","id":281812,"geometry":{"type":"Point","coordinates":[-0.40331894168229737,39.481437705407572]},"properties":{"objectid":281812,"codvia":81645,"numportal":3,"dupli_trip":null,"accesorio":"NO","angulo":31,"catfis":"7","descripcion":"3ac"}},{"type":"Feature","id":281814,"geometry":{"type":"Point","coordinates":[-0.36562132680241061,39.463720626948621]},"properties":{"objectid":281814,"codvia":38430,"numportal":54,"dupli_trip":null,"accesorio":"NO","angulo":301,"catfis":"2","descripcion":"54"}},{"type":"Feature","id":281815,"geometry":{"type":"Point","coordinates":[-0.37716971776795882,39.477254800447724]},"properties":{"objectid":281815,"codvia":19740,"numportal":4,"dupli_trip":null,"accesorio":"NO","angulo":13,"catfis":"5","descripcion":"4"}},{"type":"Feature","id":281817,"geometry":{"type":"Point","coordinates":[-0.37616633185941645,39.47607818627084]},"properties":{"objectid":281817,"codvia":36150,"numportal":7,"dupli_trip":null,"accesorio":"NO","angulo":305,"catfis":"4","descripcion":"7"}},{"type":"Feature","id":273443,"geometry":{"type":"Point","coordinates":[-0.37901296104469046,39.485388822188177]},"properties":{"objectid":273443,"codvia":24600,"numportal":6,"dupli_trip":null,"accesorio":"SI","angulo":91,"catfis":"6","descripcion":"6ac"}},{"type":"Feature","id":271407,"geometry":{"type":"Point","coordinates":[-0.37889908174849679,39.485457172412502]},"properties":{"objectid":271407,"codvia":63780,"numportal":34,"dupli_trip":null,"accesorio":"SI","angulo":356,"catfis":"6","descripcion":"34ac"}},{"type":"Feature","id":241752,"geometry":{"type":"Point","coordinates":[-0.37943061996849037,39.485488157886778]},"properties":{"objectid":241752,"codvia":63780,"numportal":32,"dupli_trip":null,"accesorio":"SI","angulo":360,"catfis":"6","descripcion":"32ac"}},{"type":"Feature","id":234655,"geometry":{"type":"Point","coordinates":[-0.37964134668134053,39.486040626051683]},"properties":{"objectid":234655,"codvia":60240,"numportal":8,"dupli_trip":null,"accesorio":"NO","angulo":281,"catfis":"6","descripcion":"8"}},{"type":"Feature","id":232313,"geometry":{"type":"Point","coordinates":[-0.37891874529608327,39.485963302305372]},"properties":{"objectid":232313,"codvia":9600,"numportal":5,"dupli_trip":null,"accesorio":"SI","angulo":286,"catfis":"7","descripcion":"5ac"}},{"type":"Feature","id":278004,"geometry":{"type":"Point","coordinates":[-0.37896508985097827,39.486087939155802]},"properties":{"objectid":278004,"codvia":9600,"numportal":7,"dupli_trip":null,"accesorio":"SI","angulo":292,"catfis":"7","descripcion":"7ac"}},{"type":"Feature","id":282456,"geometry":{"type":"Point","coordinates":[-0.37883337323445693,39.485900006929477]},"properties":{"objectid":282456,"codvia":9600,"numportal":3,"dupli_trip":null,"accesorio":"SI","angulo":17,"catfis":"7","descripcion":"3ac"}},{"type":"Feature","id":281818,"geometry":{"type":"Point","coordinates":[-0.34831023840100134,39.465815472765478]},"properties":{"objectid":281818,"codvia":41340,"numportal":18,"dupli_trip":null,"accesorio":"NO","angulo":72,"catfis":"6","descripcion":"18"}},{"type":"Feature","id":281819,"geometry":{"type":"Point","coordinates":[-0.40491969723768595,39.495565385179738]},"properties":{"objectid":281819,"codvia":70260,"numportal":14,"dupli_trip":null,"accesorio":"NO","angulo":86,"catfis":"6","descripcion":"14"}},{"type":"Feature","id":281820,"geometry":{"type":"Point","coordinates":[-0.39770712211389897,39.493310744880809]},"properties":{"objectid":281820,"codvia":9120,"numportal":18,"dupli_trip":null,"accesorio":"NO","angulo":315,"catfis":"7","descripcion":"18"}},{"type":"Feature","id":281821,"geometry":{"type":"Point","coordinates":[-0.40421545884142557,39.455724818863196]},"properties":{"objectid":281821,"codvia":81172,"numportal":3,"dupli_trip":null,"accesorio":"NO","angulo":298,"catfis":"6","descripcion":"3"}},{"type":"Feature","id":281822,"geometry":{"type":"Point","coordinates":[-0.39340967344098571,39.49792373736031]},"properties":{"objectid":281822,"codvia":81152,"numportal":14,"dupli_trip":null,"accesorio":"SI","angulo":68,"catfis":"7","descripcion":"14ac"}},{"type":"Feature","id":281823,"geometry":{"type":"Point","coordinates":[-0.35850255219228072,39.453816055363383]},"properties":{"objectid":281823,"codvia":81540,"numportal":9,"dupli_trip":null,"accesorio":"NO","angulo":29,"catfis":"6","descripcion":"9"}},{"type":"Feature","id":281827,"geometry":{"type":"Point","coordinates":[-0.41914175014642341,39.500184648297953]},"properties":{"objectid":281827,"codvia":26730,"numportal":36,"dupli_trip":null,"accesorio":"NO","angulo":287,"catfis":"7","descripcion":"36"}},{"type":"Feature","id":281828,"geometry":{"type":"Point","coordinates":[-0.36613097836303526,39.429544259877829]},"properties":{"objectid":281828,"codvia":990,"numportal":79,"dupli_trip":null,"accesorio":"NO","angulo":89,"catfis":"7","descripcion":"79"}},{"type":"Feature","id":282448,"geometry":{"type":"Point","coordinates":[-0.33926099704860951,39.46565385348979]},"properties":{"objectid":282448,"codvia":81471,"numportal":5,"dupli_trip":null,"accesorio":"NO","angulo":341,"catfis":"7","descripcion":"5"}},{"type":"Feature","id":282449,"geometry":{"type":"Point","coordinates":[-0.36327355238176251,39.464611540581721]},"properties":{"objectid":282449,"codvia":66420,"numportal":44,"dupli_trip":null,"accesorio":"NO","angulo":301,"catfis":"2","descripcion":"44"}},{"type":"Feature","id":282452,"geometry":{"type":"Point","coordinates":[-0.33668072051533265,39.42162881361439]},"properties":{"objectid":282452,"codvia":58260,"numportal":55,"dupli_trip":null,"accesorio":"NO","angulo":12,"catfis":"7","descripcion":"55"}},{"type":"Feature","id":282453,"geometry":{"type":"Point","coordinates":[-0.38406226055380066,39.489406019487063]},"properties":{"objectid":282453,"codvia":8190,"numportal":3,"dupli_trip":null,"accesorio":"SI","angulo":288,"catfis":"7","descripcion":"3ac"}},{"type":"Feature","id":282454,"geometry":{"type":"Point","coordinates":[-0.38659090850921202,39.481482993944304]},"properties":{"objectid":282454,"codvia":37560,"numportal":4,"dupli_trip":null,"accesorio":"SI","angulo":31,"catfis":"6","descripcion":"4ac"}},{"type":"Feature","id":282455,"geometry":{"type":"Point","coordinates":[-0.38646086280867864,39.462219378973352]},"properties":{"objectid":282455,"codvia":33900,"numportal":1,"dupli_trip":null,"accesorio":"SI","angulo":299,"catfis":"4","descripcion":"1ac"}},{"type":"Feature","id":282457,"geometry":{"type":"Point","coordinates":[-0.35913158555996666,39.486973481989182]},"properties":{"objectid":282457,"codvia":68640,"numportal":3,"dupli_trip":null,"accesorio":"SI","angulo":352,"catfis":"7","descripcion":"3ac"}},{"type":"Feature","id":282458,"geometry":{"type":"Point","coordinates":[-0.40696404689786386,39.452627983326039]},"properties":{"objectid":282458,"codvia":67860,"numportal":24,"dupli_trip":null,"accesorio":"NO","angulo":293,"catfis":"7","descripcion":"24"}},{"type":"Feature","id":282459,"geometry":{"type":"Point","coordinates":[-0.42201581455497761,39.503355036201057]},"properties":{"objectid":282459,"codvia":61290,"numportal":28,"dupli_trip":null,"accesorio":"NO","angulo":297,"catfis":"E","descripcion":"28"}},{"type":"Feature","id":282460,"geometry":{"type":"Point","coordinates":[-0.3895519932424506,39.473410851034572]},"properties":{"objectid":282460,"codvia":55560,"numportal":83,"dupli_trip":null,"accesorio":"NO","angulo":301,"catfis":"3","descripcion":"83"}},{"type":"Feature","id":282461,"geometry":{"type":"Point","coordinates":[-0.39600225065150529,39.459803237347707]},"properties":{"objectid":282461,"codvia":35640,"numportal":20,"dupli_trip":"TRIP","accesorio":"SI","angulo":313,"catfis":"6","descripcion":"20triac"}},{"type":"Feature","id":282462,"geometry":{"type":"Point","coordinates":[-0.36760903111752624,39.441611066036216]},"properties":{"objectid":282462,"codvia":55620,"numportal":6,"dupli_trip":null,"accesorio":"NO","angulo":347,"catfis":"7","descripcion":"6"}},{"type":"Feature","id":282463,"geometry":{"type":"Point","coordinates":[-0.32935749196044289,39.475513464099535]},"properties":{"objectid":282463,"codvia":42340,"numportal":39,"dupli_trip":null,"accesorio":"NO","angulo":344,"catfis":"7","descripcion":"39"}},{"type":"Feature","id":282464,"geometry":{"type":"Point","coordinates":[-0.33301582853508804,39.470994120371095]},"properties":{"objectid":282464,"codvia":69420,"numportal":16,"dupli_trip":null,"accesorio":"SI","angulo":346,"catfis":"7","descripcion":"16ac"}},{"type":"Feature","id":282466,"geometry":{"type":"Point","coordinates":[-0.31795035778228575,39.312355909998779]},"properties":{"objectid":282466,"codvia":18510,"numportal":6,"dupli_trip":null,"accesorio":"NO","angulo":2,"catfis":"7","descripcion":"6"}},{"type":"Feature","id":282467,"geometry":{"type":"Point","coordinates":[-0.33538849197860193,39.482392821752498]},"properties":{"objectid":282467,"codvia":36180,"numportal":6,"dupli_trip":null,"accesorio":"NO","angulo":18,"catfis":"7","descripcion":"6"}},{"type":"Feature","id":282468,"geometry":{"type":"Point","coordinates":[-0.36569403407047069,39.487116444834001]},"properties":{"objectid":282468,"codvia":10200,"numportal":15,"dupli_trip":null,"accesorio":"NO","angulo":318,"catfis":"6","descripcion":"15"}},{"type":"Feature","id":282469,"geometry":{"type":"Point","coordinates":[-0.40507986051802691,39.538798489081834]},"properties":{"objectid":282469,"codvia":64890,"numportal":15,"dupli_trip":null,"accesorio":"NO","angulo":13,"catfis":"7","descripcion":"15"}},{"type":"Feature","id":282470,"geometry":{"type":"Point","coordinates":[-0.33340517361292032,39.451468693392606]},"properties":{"objectid":282470,"codvia":4800,"numportal":16,"dupli_trip":null,"accesorio":"NO","angulo":80,"catfis":"6","descripcion":"16"}},{"type":"Feature","id":282472,"geometry":{"type":"Point","coordinates":[-0.33436868169741463,39.472502115985044]},"properties":{"objectid":282472,"codvia":45810,"numportal":53,"dupli_trip":null,"accesorio":"SI","angulo":84,"catfis":"7","descripcion":"53ac"}},{"type":"Feature","id":282473,"geometry":{"type":"Point","coordinates":[-0.39872903823680683,39.496735493374729]},"properties":{"objectid":282473,"codvia":68670,"numportal":5,"dupli_trip":null,"accesorio":"SI","angulo":42,"catfis":"7","descripcion":"5ac"}},{"type":"Feature","id":282474,"geometry":{"type":"Point","coordinates":[-0.27725377139831409,39.279398458327613]},"properties":{"objectid":282474,"codvia":47160,"numportal":5,"dupli_trip":null,"accesorio":"NO","angulo":278,"catfis":"5","descripcion":"5"}},{"type":"Feature","id":282475,"geometry":{"type":"Point","coordinates":[-0.39318162037146509,39.456057129792704]},"properties":{"objectid":282475,"codvia":62940,"numportal":39,"dupli_trip":null,"accesorio":"NO","angulo":336,"catfis":"6","descripcion":"39"}},{"type":"Feature","id":282476,"geometry":{"type":"Point","coordinates":[-0.36433994196889935,39.475497392056177]},"properties":{"objectid":282476,"codvia":37740,"numportal":4,"dupli_trip":null,"accesorio":"NO","angulo":304,"catfis":"3","descripcion":"4"}},{"type":"Feature","id":282477,"geometry":{"type":"Point","coordinates":[-0.38459297517330332,39.483025933160398]},"properties":{"objectid":282477,"codvia":62820,"numportal":9,"dupli_trip":null,"accesorio":"NO","angulo":297,"catfis":"7","descripcion":"9"}},{"type":"Feature","id":282478,"geometry":{"type":"Point","coordinates":[-0.32888543722911473,39.473484056128122]},"properties":{"objectid":282478,"codvia":61620,"numportal":334,"dupli_trip":null,"accesorio":"NO","angulo":353,"catfis":"7","descripcion":"334"}},{"type":"Feature","id":282479,"geometry":{"type":"Point","coordinates":[-0.36841336498886723,39.466892015861468]},"properties":{"objectid":282479,"codvia":46320,"numportal":50,"dupli_trip":null,"accesorio":"NO","angulo":31,"catfis":"E","descripcion":"50"}},{"type":"Feature","id":296285,"geometry":{"type":"Point","coordinates":[-0.35107770244583369,39.422219151478195]},"properties":{"objectid":296285,"codvia":73830,"numportal":139,"dupli_trip":null,"accesorio":null,"angulo":10,"catfis":"E","descripcion":"139"}},{"type":"Feature","id":282480,"geometry":{"type":"Point","coordinates":[-0.37061851046984429,39.496235601874666]},"properties":{"objectid":282480,"codvia":68370,"numportal":3,"dupli_trip":null,"accesorio":"NO","angulo":336,"catfis":"7","descripcion":"3"}},{"type":"Feature","id":282482,"geometry":{"type":"Point","coordinates":[-0.375858217900298,39.432540503248795]},"properties":{"objectid":282482,"codvia":930,"numportal":4,"dupli_trip":null,"accesorio":"NO","angulo":0,"catfis":"7","descripcion":"4"}},{"type":"Feature","id":282483,"geometry":{"type":"Point","coordinates":[-0.41901944058065588,39.499807326731322]},"properties":{"objectid":282483,"codvia":26730,"numportal":26,"dupli_trip":null,"accesorio":"NO","angulo":287,"catfis":"7","descripcion":"26"}},{"type":"Feature","id":282486,"geometry":{"type":"Point","coordinates":[-0.38555889578552277,39.45907347204588]},"properties":{"objectid":282486,"codvia":50250,"numportal":6,"dupli_trip":null,"accesorio":"SI","angulo":31,"catfis":"4","descripcion":"6ac"}},{"type":"Feature","id":282487,"geometry":{"type":"Point","coordinates":[-0.38715471637082755,39.447997595310888]},"properties":{"objectid":282487,"codvia":73020,"numportal":10,"dupli_trip":null,"accesorio":"NO","angulo":342,"catfis":"6","descripcion":"10"}},{"type":"Feature","id":282488,"geometry":{"type":"Point","coordinates":[-0.37430974478560203,39.456387078081349]},"properties":{"objectid":282488,"codvia":25260,"numportal":10,"dupli_trip":null,"accesorio":"NO","angulo":347,"catfis":"4","descripcion":"10"}},{"type":"Feature","id":282489,"geometry":{"type":"Point","coordinates":[-0.33105515080333042,39.464022252053788]},"properties":{"objectid":282489,"codvia":38820,"numportal":27,"dupli_trip":null,"accesorio":"NO","angulo":87,"catfis":"7","descripcion":"27"}},{"type":"Feature","id":282490,"geometry":{"type":"Point","coordinates":[-0.32473708905232485,39.472254744822983]},"properties":{"objectid":282490,"codvia":56250,"numportal":115,"dupli_trip":null,"accesorio":"NO","angulo":93,"catfis":"4","descripcion":"115"}},{"type":"Feature","id":282491,"geometry":{"type":"Point","coordinates":[-0.38478756419575888,39.473137047492386]},"properties":{"objectid":282491,"codvia":40020,"numportal":15,"dupli_trip":null,"accesorio":"NO","angulo":58,"catfis":"4","descripcion":"15"}},{"type":"Feature","id":282492,"geometry":{"type":"Point","coordinates":[-0.3731390089522591,39.474613683011221]},"properties":{"objectid":282492,"codvia":48360,"numportal":12,"dupli_trip":null,"accesorio":"NO","angulo":357,"catfis":"4","descripcion":"12"}},{"type":"Feature","id":282493,"geometry":{"type":"Point","coordinates":[-0.38808319679552067,39.462780119565942]},"properties":{"objectid":282493,"codvia":12630,"numportal":2,"dupli_trip":"DUPL","accesorio":"SI","angulo":319,"catfis":"5","descripcion":"2dupac"}},{"type":"Feature","id":281710,"geometry":{"type":"Point","coordinates":[-0.3802223281822848,39.495019503967072]},"properties":{"objectid":281710,"codvia":49500,"numportal":96,"dupli_trip":null,"accesorio":"NO","angulo":289,"catfis":"6","descripcion":"96"}},{"type":"Feature","id":281711,"geometry":{"type":"Point","coordinates":[-0.34127593904854742,39.441603729978219]},"properties":{"objectid":281711,"codvia":74640,"numportal":40,"dupli_trip":null,"accesorio":"NO","angulo":101,"catfis":"7","descripcion":"40"}},{"type":"Feature","id":281712,"geometry":{"type":"Point","coordinates":[-0.39168332455423677,39.498739506227594]},"properties":{"objectid":281712,"codvia":23230,"numportal":9,"dupli_trip":null,"accesorio":"SI","angulo":311,"catfis":"7","descripcion":"9ac"}},{"type":"Feature","id":281714,"geometry":{"type":"Point","coordinates":[-0.38601926935878339,39.453251791517516]},"properties":{"objectid":281714,"codvia":64650,"numportal":7,"dupli_trip":null,"accesorio":"NO","angulo":49,"catfis":"7","descripcion":"7"}},{"type":"Feature","id":281716,"geometry":{"type":"Point","coordinates":[-0.36982558520482428,39.481315310531564]},"properties":{"objectid":281716,"codvia":81129,"numportal":17,"dupli_trip":null,"accesorio":"NO","angulo":342,"catfis":"5","descripcion":"17"}},{"type":"Feature","id":281717,"geometry":{"type":"Point","coordinates":[-0.39368091729104837,39.450747092948674]},"properties":{"objectid":281717,"codvia":30720,"numportal":4,"dupli_trip":null,"accesorio":"NO","angulo":335,"catfis":"7","descripcion":"4"}},{"type":"Feature","id":281718,"geometry":{"type":"Point","coordinates":[-0.37728000182634397,39.487209058807728]},"properties":{"objectid":281718,"codvia":62610,"numportal":70,"dupli_trip":null,"accesorio":"NO","angulo":64,"catfis":"5","descripcion":"70"}},{"type":"Feature","id":281719,"geometry":{"type":"Point","coordinates":[-0.36187261340623361,39.458777430223364]},"properties":{"objectid":281719,"codvia":53790,"numportal":11,"dupli_trip":null,"accesorio":"NO","angulo":59,"catfis":"6","descripcion":"11"}},{"type":"Feature","id":281720,"geometry":{"type":"Point","coordinates":[-0.41046120222729582,39.535727090517348]},"properties":{"objectid":281720,"codvia":81451,"numportal":2,"dupli_trip":null,"accesorio":"NO","angulo":3,"catfis":"7","descripcion":"2"}},{"type":"Feature","id":281721,"geometry":{"type":"Point","coordinates":[-0.4153522445068486,39.502670059415138]},"properties":{"objectid":281721,"codvia":20880,"numportal":31,"dupli_trip":null,"accesorio":"NO","angulo":319,"catfis":"7","descripcion":"31"}},{"type":"Feature","id":281722,"geometry":{"type":"Point","coordinates":[-0.34707220778412695,39.476698981795728]},"properties":{"objectid":281722,"codvia":81306,"numportal":9,"dupli_trip":null,"accesorio":"SI","angulo":358,"catfis":"5","descripcion":"9ac"}},{"type":"Feature","id":281723,"geometry":{"type":"Point","coordinates":[-0.37357641772249056,39.457357441515981]},"properties":{"objectid":281723,"codvia":81344,"numportal":7,"dupli_trip":null,"accesorio":"NO","angulo":33,"catfis":"6","descripcion":"7"}},{"type":"Feature","id":281725,"geometry":{"type":"Point","coordinates":[-0.33003491740731283,39.466829443509738]},"properties":{"objectid":281725,"codvia":54660,"numportal":127,"dupli_trip":null,"accesorio":"NO","angulo":356,"catfis":"7","descripcion":"127"}},{"type":"Feature","id":281726,"geometry":{"type":"Point","coordinates":[-0.34346869189873153,39.472167481541774]},"properties":{"objectid":281726,"codvia":900,"numportal":152,"dupli_trip":null,"accesorio":"NO","angulo":342,"catfis":"3","descripcion":"152"}},{"type":"Feature","id":281727,"geometry":{"type":"Point","coordinates":[-0.34729683865030297,39.442227692214765]},"properties":{"objectid":281727,"codvia":13590,"numportal":53,"dupli_trip":null,"accesorio":"NO","angulo":59,"catfis":"7","descripcion":"53"}},{"type":"Feature","id":281728,"geometry":{"type":"Point","coordinates":[-0.34392415503693452,39.455150832022582]},"properties":{"objectid":281728,"codvia":81608,"numportal":44,"dupli_trip":null,"accesorio":"SI","angulo":0,"catfis":"7","descripcion":"44ac"}},{"type":"Feature","id":281729,"geometry":{"type":"Point","coordinates":[-0.40014157421792368,39.4848561890336]},"properties":{"objectid":281729,"codvia":81278,"numportal":15,"dupli_trip":null,"accesorio":"NO","angulo":29,"catfis":"6","descripcion":"15"}},{"type":"Feature","id":281730,"geometry":{"type":"Point","coordinates":[-0.35928312361820364,39.484920317483628]},"properties":{"objectid":281730,"codvia":39840,"numportal":19,"dupli_trip":null,"accesorio":"NO","angulo":71,"catfis":"6","descripcion":"19"}},{"type":"Feature","id":281732,"geometry":{"type":"Point","coordinates":[-0.37774601797468077,39.469993168441668]},"properties":{"objectid":281732,"codvia":7230,"numportal":1,"dupli_trip":null,"accesorio":"SI","angulo":67,"catfis":"1","descripcion":"1ac"}},{"type":"Feature","id":281733,"geometry":{"type":"Point","coordinates":[-0.39314238943881469,39.466897459486482]},"properties":{"objectid":281733,"codvia":6390,"numportal":6,"dupli_trip":null,"accesorio":"NO","angulo":65,"catfis":"3","descripcion":"6"}},{"type":"Feature","id":281830,"geometry":{"type":"Point","coordinates":[-0.39060859424359612,39.465297807454164]},"properties":{"objectid":281830,"codvia":22740,"numportal":5,"dupli_trip":null,"accesorio":"NO","angulo":301,"catfis":"4","descripcion":"5"}},{"type":"Feature","id":281831,"geometry":{"type":"Point","coordinates":[-0.37623193930165244,39.453272646285868]},"properties":{"objectid":281831,"codvia":38400,"numportal":33,"dupli_trip":null,"accesorio":"NO","angulo":301,"catfis":"4","descripcion":"33"}},{"type":"Feature","id":281832,"geometry":{"type":"Point","coordinates":[-0.36338745173227072,39.427715666044698]},"properties":{"objectid":281832,"codvia":59730,"numportal":11,"dupli_trip":null,"accesorio":"NO","angulo":82,"catfis":"7","descripcion":"11"}},{"type":"Feature","id":281833,"geometry":{"type":"Point","coordinates":[-0.38835836642983768,39.515326084626984]},"properties":{"objectid":281833,"codvia":81515,"numportal":15,"dupli_trip":null,"accesorio":"NO","angulo":78,"catfis":"7","descripcion":"15"}},{"type":"Feature","id":281834,"geometry":{"type":"Point","coordinates":[-0.39995017886257161,39.48301755915373]},"properties":{"objectid":281834,"codvia":45690,"numportal":9,"dupli_trip":null,"accesorio":"SI","angulo":97,"catfis":"6","descripcion":"9ac"}},{"type":"Feature","id":262662,"geometry":{"type":"Point","coordinates":[-0.29601833756309465,39.308084026893617]},"properties":{"objectid":262662,"codvia":8730,"numportal":2,"dupli_trip":null,"accesorio":"NO","angulo":313,"catfis":"5","descripcion":"2"}},{"type":"Feature","id":276422,"geometry":{"type":"Point","coordinates":[-0.39867249840816138,39.482774013561894]},"properties":{"objectid":276422,"codvia":10380,"numportal":6,"dupli_trip":null,"accesorio":"SI","angulo":65,"catfis":"6","descripcion":"6ac"}},{"type":"Feature","id":285171,"geometry":{"type":"Point","coordinates":[-0.39859603058448811,39.482849029775089]},"properties":{"objectid":285171,"codvia":10380,"numportal":8,"dupli_trip":null,"accesorio":"SI","angulo":50,"catfis":"6","descripcion":"8ac"}},{"type":"Feature","id":245784,"geometry":{"type":"Point","coordinates":[-0.3988863127853392,39.482642262269046]},"properties":{"objectid":245784,"codvia":43890,"numportal":12,"dupli_trip":null,"accesorio":"NO","angulo":347,"catfis":"6","descripcion":"12"}},{"type":"Feature","id":233856,"geometry":{"type":"Point","coordinates":[-0.39887623122698562,39.482713428741668]},"properties":{"objectid":233856,"codvia":10380,"numportal":2,"dupli_trip":null,"accesorio":"SI","angulo":80,"catfis":"6","descripcion":"2ac"}},{"type":"Feature","id":240738,"geometry":{"type":"Point","coordinates":[-0.32783694432634369,39.471792499348958]},"properties":{"objectid":240738,"codvia":24360,"numportal":235,"dupli_trip":null,"accesorio":"NO","angulo":85,"catfis":"7","descripcion":"235"}},{"type":"Feature","id":281836,"geometry":{"type":"Point","coordinates":[-0.32816136800541379,39.478562095161607]},"properties":{"objectid":281836,"codvia":44550,"numportal":53,"dupli_trip":null,"accesorio":"NO","angulo":91,"catfis":"7","descripcion":"53"}},{"type":"Feature","id":281839,"geometry":{"type":"Point","coordinates":[-0.33804564567881462,39.471996609324336]},"properties":{"objectid":281839,"codvia":81347,"numportal":14,"dupli_trip":null,"accesorio":"SI","angulo":71,"catfis":"6","descripcion":"14ac"}},{"type":"Feature","id":281841,"geometry":{"type":"Point","coordinates":[-0.3882790841404708,39.48313065001647]},"properties":{"objectid":281841,"codvia":29460,"numportal":23,"dupli_trip":null,"accesorio":"SI","angulo":31,"catfis":"4","descripcion":"23ac"}},{"type":"Feature","id":281843,"geometry":{"type":"Point","coordinates":[-0.37743304970947139,39.473219417361712]},"properties":{"objectid":281843,"codvia":67650,"numportal":24,"dupli_trip":null,"accesorio":"NO","angulo":321,"catfis":"3","descripcion":"24"}},{"type":"Feature","id":281844,"geometry":{"type":"Point","coordinates":[-0.38572609780900163,39.485242009525443]},"properties":{"objectid":281844,"codvia":12540,"numportal":39,"dupli_trip":null,"accesorio":"NO","angulo":321,"catfis":"4","descripcion":"39"}},{"type":"Feature","id":281845,"geometry":{"type":"Point","coordinates":[-0.36768388401871493,39.461925343645113]},"properties":{"objectid":281845,"codvia":14040,"numportal":14,"dupli_trip":null,"accesorio":"NO","angulo":335,"catfis":"7","descripcion":"14"}},{"type":"Feature","id":281846,"geometry":{"type":"Point","coordinates":[-0.38830983223002036,39.492183663984989]},"properties":{"objectid":281846,"codvia":57420,"numportal":49,"dupli_trip":null,"accesorio":"SI","angulo":339,"catfis":"7","descripcion":"49ac"}},{"type":"Feature","id":281847,"geometry":{"type":"Point","coordinates":[-0.37487407751729424,39.492841795313716]},"properties":{"objectid":281847,"codvia":46260,"numportal":12,"dupli_trip":null,"accesorio":"NO","angulo":288,"catfis":"7","descripcion":"12"}},{"type":"Feature","id":281849,"geometry":{"type":"Point","coordinates":[-0.38891461985133502,39.515412964124259]},"properties":{"objectid":281849,"codvia":19590,"numportal":25,"dupli_trip":null,"accesorio":"SI","angulo":77,"catfis":"7","descripcion":"25ac"}},{"type":"Feature","id":281850,"geometry":{"type":"Point","coordinates":[-0.37841690086165569,39.455132904282152]},"properties":{"objectid":281850,"codvia":18150,"numportal":14,"dupli_trip":null,"accesorio":"SI","angulo":84,"catfis":"6","descripcion":"14ac"}},{"type":"Feature","id":281851,"geometry":{"type":"Point","coordinates":[-0.38982709009591732,39.460531670033248]},"properties":{"objectid":281851,"codvia":9450,"numportal":16,"dupli_trip":null,"accesorio":"NO","angulo":326,"catfis":"4","descripcion":"16"}},{"type":"Feature","id":281852,"geometry":{"type":"Point","coordinates":[-0.33311853646042144,39.465862676526314]},"properties":{"objectid":281852,"codvia":50970,"numportal":19,"dupli_trip":null,"accesorio":"NO","angulo":357,"catfis":"6","descripcion":"19"}},{"type":"Feature","id":281853,"geometry":{"type":"Point","coordinates":[-0.39309894321705907,39.474537946132145]},"properties":{"objectid":281853,"codvia":68160,"numportal":12,"dupli_trip":null,"accesorio":"NO","angulo":9,"catfis":"3","descripcion":"12"}},{"type":"Feature","id":281854,"geometry":{"type":"Point","coordinates":[-0.41524280919428852,39.468216472408137]},"properties":{"objectid":281854,"codvia":43200,"numportal":14,"dupli_trip":null,"accesorio":"NO","angulo":6,"catfis":"7","descripcion":"14"}},{"type":"Feature","id":281855,"geometry":{"type":"Point","coordinates":[-0.34751171980967188,39.470907666625571]},"properties":{"objectid":281855,"codvia":13800,"numportal":46,"dupli_trip":null,"accesorio":"NO","angulo":342,"catfis":"6","descripcion":"46"}},{"type":"Feature","id":282494,"geometry":{"type":"Point","coordinates":[-0.33148073710549747,39.466962514355131]},"properties":{"objectid":282494,"codvia":65670,"numportal":87,"dupli_trip":null,"accesorio":"SI","angulo":87,"catfis":"7","descripcion":"87ac"}},{"type":"Feature","id":282495,"geometry":{"type":"Point","coordinates":[-0.40129366675449052,39.467605863571492]},"properties":{"objectid":282495,"codvia":1740,"numportal":3,"dupli_trip":null,"accesorio":"NO","angulo":78,"catfis":"7","descripcion":"3"}},{"type":"Feature","id":282497,"geometry":{"type":"Point","coordinates":[-0.36868995662005322,39.491965862699168]},"properties":{"objectid":282497,"codvia":69360,"numportal":24,"dupli_trip":null,"accesorio":"NO","angulo":48,"catfis":"4","descripcion":"24"}},{"type":"Feature","id":282498,"geometry":{"type":"Point","coordinates":[-0.36361778371695236,39.464982836641205]},"properties":{"objectid":282498,"codvia":66420,"numportal":40,"dupli_trip":null,"accesorio":"NO","angulo":74,"catfis":"2","descripcion":"40"}},{"type":"Feature","id":282499,"geometry":{"type":"Point","coordinates":[-0.41381483023411009,39.470440880154428]},"properties":{"objectid":282499,"codvia":26280,"numportal":4,"dupli_trip":null,"accesorio":"NO","angulo":5,"catfis":"7","descripcion":"4"}},{"type":"Feature","id":282500,"geometry":{"type":"Point","coordinates":[-0.38030010128944924,39.44740868732147]},"properties":{"objectid":282500,"codvia":81660,"numportal":9,"dupli_trip":null,"accesorio":"SI","angulo":81,"catfis":"7","descripcion":"9ac"}},{"type":"Feature","id":282502,"geometry":{"type":"Point","coordinates":[-0.33743541210203365,39.442702461673022]},"properties":{"objectid":282502,"codvia":81784,"numportal":20,"dupli_trip":null,"accesorio":"NO","angulo":261,"catfis":"E","descripcion":"20"}},{"type":"Feature","id":282503,"geometry":{"type":"Point","coordinates":[-0.37299391097548085,39.473645886134214]},"properties":{"objectid":282503,"codvia":60720,"numportal":1,"dupli_trip":null,"accesorio":"SI","angulo":352,"catfis":"2","descripcion":"1ac"}},{"type":"Feature","id":282504,"geometry":{"type":"Point","coordinates":[-0.35881060840609796,39.471983472137978]},"properties":{"objectid":282504,"codvia":2610,"numportal":6,"dupli_trip":null,"accesorio":"NO","angulo":75,"catfis":"4","descripcion":"6"}},{"type":"Feature","id":282506,"geometry":{"type":"Point","coordinates":[-0.39763215306500688,39.459633829936116]},"properties":{"objectid":282506,"codvia":81826,"numportal":6,"dupli_trip":null,"accesorio":"SI","angulo":44,"catfis":"E","descripcion":"6ac"}},{"type":"Feature","id":282507,"geometry":{"type":"Point","coordinates":[-0.37585248622673151,39.474586351767677]},"properties":{"objectid":282507,"codvia":78000,"numportal":10,"dupli_trip":null,"accesorio":"NO","angulo":81,"catfis":"1","descripcion":"10"}},{"type":"Feature","id":282509,"geometry":{"type":"Point","coordinates":[-0.42528269746956832,39.50199052333334]},"properties":{"objectid":282509,"codvia":42420,"numportal":32,"dupli_trip":null,"accesorio":"NO","angulo":36,"catfis":"7","descripcion":"32"}},{"type":"Feature","id":282510,"geometry":{"type":"Point","coordinates":[-0.36869064676460078,39.465616919971005]},"properties":{"objectid":282510,"codvia":19920,"numportal":18,"dupli_trip":null,"accesorio":"NO","angulo":31,"catfis":"2","descripcion":"18"}},{"type":"Feature","id":282511,"geometry":{"type":"Point","coordinates":[-0.36700293714446364,39.492243556463102]},"properties":{"objectid":282511,"codvia":50850,"numportal":33,"dupli_trip":null,"accesorio":"NO","angulo":0,"catfis":"6","descripcion":"33"}},{"type":"Feature","id":282512,"geometry":{"type":"Point","coordinates":[-0.39576312331442282,39.480915625844453]},"properties":{"objectid":282512,"codvia":81241,"numportal":19,"dupli_trip":null,"accesorio":"NO","angulo":31,"catfis":"4","descripcion":"19"}},{"type":"Feature","id":282513,"geometry":{"type":"Point","coordinates":[-0.38614408823004365,39.478573939646083]},"properties":{"objectid":282513,"codvia":24840,"numportal":24,"dupli_trip":null,"accesorio":"NO","angulo":355,"catfis":"6","descripcion":"24"}},{"type":"Feature","id":282515,"geometry":{"type":"Point","coordinates":[-0.37807956614937316,39.489729921630122]},"properties":{"objectid":282515,"codvia":49500,"numportal":35,"dupli_trip":null,"accesorio":"SI","angulo":288,"catfis":"6","descripcion":"35ac"}},{"type":"Feature","id":282516,"geometry":{"type":"Point","coordinates":[-0.34513750660392933,39.464554212483826]},"properties":{"objectid":282516,"codvia":62880,"numportal":16,"dupli_trip":null,"accesorio":"NO","angulo":341,"catfis":"6","descripcion":"16"}},{"type":"Feature","id":282553,"geometry":{"type":"Point","coordinates":[-0.3916517414248844,39.433257900834484]},"properties":{"objectid":282553,"codvia":63090,"numportal":54,"dupli_trip":null,"accesorio":"NO","angulo":78,"catfis":"7","descripcion":"54"}},{"type":"Feature","id":282517,"geometry":{"type":"Point","coordinates":[-0.35825382442904685,39.486750760354539]},"properties":{"objectid":282517,"codvia":22080,"numportal":2,"dupli_trip":null,"accesorio":"SI","angulo":352,"catfis":"7","descripcion":"2ac"}},{"type":"Feature","id":282518,"geometry":{"type":"Point","coordinates":[-0.40044789757854971,39.464137509747609]},"properties":{"objectid":282518,"codvia":81119,"numportal":13,"dupli_trip":null,"accesorio":"NO","angulo":349,"catfis":"7","descripcion":"13"}},{"type":"Feature","id":282519,"geometry":{"type":"Point","coordinates":[-0.39297054300970174,39.494891283647391]},"properties":{"objectid":282519,"codvia":73710,"numportal":19,"dupli_trip":null,"accesorio":"NO","angulo":61,"catfis":"7","descripcion":"19"}},{"type":"Feature","id":282520,"geometry":{"type":"Point","coordinates":[-0.34928998670356592,39.46596255944204]},"properties":{"objectid":282520,"codvia":30480,"numportal":13,"dupli_trip":null,"accesorio":"NO","angulo":72,"catfis":"6","descripcion":"13"}},{"type":"Feature","id":282521,"geometry":{"type":"Point","coordinates":[-0.34006720148360681,39.461126230253313]},"properties":{"objectid":282521,"codvia":36690,"numportal":8,"dupli_trip":null,"accesorio":"NO","angulo":33,"catfis":"5","descripcion":"8"}},{"type":"Feature","id":282522,"geometry":{"type":"Point","coordinates":[-0.35999720291009063,39.484315416628924]},"properties":{"objectid":282522,"codvia":57600,"numportal":16,"dupli_trip":null,"accesorio":"NO","angulo":342,"catfis":"7","descripcion":"16"}},{"type":"Feature","id":282523,"geometry":{"type":"Point","coordinates":[-0.39116676455885652,39.456306725380337]},"properties":{"objectid":282523,"codvia":13890,"numportal":3,"dupli_trip":null,"accesorio":"SI","angulo":6,"catfis":"6","descripcion":"3ac"}},{"type":"Feature","id":282524,"geometry":{"type":"Point","coordinates":[-0.42183916673145699,39.50083230443645]},"properties":{"objectid":282524,"codvia":28920,"numportal":29,"dupli_trip":null,"accesorio":"NO","angulo":28,"catfis":"7","descripcion":"29"}},{"type":"Feature","id":282525,"geometry":{"type":"Point","coordinates":[-0.38755090236922646,39.506942699604899]},"properties":{"objectid":282525,"codvia":22980,"numportal":6,"dupli_trip":null,"accesorio":"NO","angulo":1,"catfis":"7","descripcion":"6"}},{"type":"Feature","id":282526,"geometry":{"type":"Point","coordinates":[-0.40685479972196353,39.444267714290419]},"properties":{"objectid":282526,"codvia":3180,"numportal":1,"dupli_trip":null,"accesorio":"NO","angulo":354,"catfis":"7","descripcion":"1"}},{"type":"Feature","id":282527,"geometry":{"type":"Point","coordinates":[-0.36602876993091771,39.428233690149632]},"properties":{"objectid":282527,"codvia":8310,"numportal":24,"dupli_trip":null,"accesorio":"NO","angulo":80,"catfis":"7","descripcion":"24"}},{"type":"Feature","id":282528,"geometry":{"type":"Point","coordinates":[-0.37620889130480351,39.494041427025586]},"properties":{"objectid":282528,"codvia":20280,"numportal":42,"dupli_trip":null,"accesorio":"NO","angulo":288,"catfis":"7","descripcion":"42"}},{"type":"Feature","id":282529,"geometry":{"type":"Point","coordinates":[-0.39308114244044357,39.458747211856249]},"properties":{"objectid":282529,"codvia":30660,"numportal":31,"dupli_trip":null,"accesorio":"SI","angulo":312,"catfis":"5","descripcion":"31ac"}},{"type":"Feature","id":282530,"geometry":{"type":"Point","coordinates":[-0.37221658890039122,39.490104121674165]},"properties":{"objectid":282530,"codvia":67380,"numportal":32,"dupli_trip":null,"accesorio":"NO","angulo":6,"catfis":"6","descripcion":"32"}},{"type":"Feature","id":282531,"geometry":{"type":"Point","coordinates":[-0.37757064930482376,39.517975936802578]},"properties":{"objectid":282531,"codvia":50910,"numportal":2,"dupli_trip":null,"accesorio":"SI","angulo":350,"catfis":"7","descripcion":"2ac"}},{"type":"Feature","id":282532,"geometry":{"type":"Point","coordinates":[-0.35492093329004454,39.468061384419272]},"properties":{"objectid":282532,"codvia":540,"numportal":21,"dupli_trip":null,"accesorio":"NO","angulo":72,"catfis":"7","descripcion":"21"}},{"type":"Feature","id":282533,"geometry":{"type":"Point","coordinates":[-0.33413019806942407,39.42077109020132]},"properties":{"objectid":282533,"codvia":59820,"numportal":3,"dupli_trip":null,"accesorio":"NO","angulo":81,"catfis":"7","descripcion":"3"}},{"type":"Feature","id":282534,"geometry":{"type":"Point","coordinates":[-0.34479175438565207,39.474288857468444]},"properties":{"objectid":282534,"codvia":81060,"numportal":37,"dupli_trip":null,"accesorio":"NO","angulo":341,"catfis":"4","descripcion":"37"}},{"type":"Feature","id":282535,"geometry":{"type":"Point","coordinates":[-0.38892013908115408,39.4547460423153]},"properties":{"objectid":282535,"codvia":21120,"numportal":49,"dupli_trip":null,"accesorio":"NO","angulo":327,"catfis":"7","descripcion":"49"}},{"type":"Feature","id":282536,"geometry":{"type":"Point","coordinates":[-0.37085556639570399,39.465798905508137]},"properties":{"objectid":282536,"codvia":46320,"numportal":20,"dupli_trip":null,"accesorio":"NO","angulo":73,"catfis":"E","descripcion":"20"}},{"type":"Feature","id":282537,"geometry":{"type":"Point","coordinates":[-0.34967843561272921,39.465176683686664]},"properties":{"objectid":282537,"codvia":25680,"numportal":99,"dupli_trip":null,"accesorio":"SI","angulo":338,"catfis":"3","descripcion":"99ac"}},{"type":"Feature","id":282538,"geometry":{"type":"Point","coordinates":[-0.40579115979141561,39.453943796763923]},"properties":{"objectid":282538,"codvia":56220,"numportal":9,"dupli_trip":null,"accesorio":"NO","angulo":295,"catfis":"6","descripcion":"9"}},{"type":"Feature","id":282539,"geometry":{"type":"Point","coordinates":[-0.39678546503394274,39.478827470621873]},"properties":{"objectid":282539,"codvia":81180,"numportal":3,"dupli_trip":null,"accesorio":"NO","angulo":31,"catfis":"6","descripcion":"3"}},{"type":"Feature","id":282540,"geometry":{"type":"Point","coordinates":[-0.36518552036082241,39.45874685741331]},"properties":{"objectid":282540,"codvia":25110,"numportal":1,"dupli_trip":null,"accesorio":"NO","angulo":31,"catfis":"4","descripcion":"1"}},{"type":"Feature","id":282541,"geometry":{"type":"Point","coordinates":[-0.36824823494672382,39.465414843653562]},"properties":{"objectid":282541,"codvia":2850,"numportal":18,"dupli_trip":null,"accesorio":"NO","angulo":301,"catfis":"2","descripcion":"18"}},{"type":"Feature","id":282542,"geometry":{"type":"Point","coordinates":[-0.36839426465052272,39.45958224367353]},"properties":{"objectid":282542,"codvia":81565,"numportal":5,"dupli_trip":null,"accesorio":"SI","angulo":31,"catfis":"6","descripcion":"5ac"}},{"type":"Feature","id":281734,"geometry":{"type":"Point","coordinates":[-0.41353125914523758,39.467990720542211]},"properties":{"objectid":281734,"codvia":81128,"numportal":6,"dupli_trip":null,"accesorio":"SI","angulo":6,"catfis":"7","descripcion":"6ac"}},{"type":"Feature","id":281735,"geometry":{"type":"Point","coordinates":[-0.38043212411481592,39.479265784050895]},"properties":{"objectid":281735,"codvia":71520,"numportal":13,"dupli_trip":null,"accesorio":"NO","angulo":70,"catfis":"6","descripcion":"13"}},{"type":"Feature","id":281736,"geometry":{"type":"Point","coordinates":[-0.31799381456048997,39.309712725232735]},"properties":{"objectid":281736,"codvia":33000,"numportal":4,"dupli_trip":null,"accesorio":"NO","angulo":85,"catfis":"7","descripcion":"4"}},{"type":"Feature","id":281737,"geometry":{"type":"Point","coordinates":[-0.37250636031275669,39.461203590779114]},"properties":{"objectid":281737,"codvia":63390,"numportal":3,"dupli_trip":null,"accesorio":"NO","angulo":29,"catfis":"4","descripcion":"3"}},{"type":"Feature","id":281738,"geometry":{"type":"Point","coordinates":[-0.33152784723626699,39.467415528476366]},"properties":{"objectid":281738,"codvia":65670,"numportal":97,"dupli_trip":null,"accesorio":"NO","angulo":99,"catfis":"6","descripcion":"97"}},{"type":"Feature","id":281739,"geometry":{"type":"Point","coordinates":[-0.37018896168780235,39.461415015812598]},"properties":{"objectid":281739,"codvia":43800,"numportal":11,"dupli_trip":null,"accesorio":"NO","angulo":305,"catfis":"4","descripcion":"11"}},{"type":"Feature","id":281741,"geometry":{"type":"Point","coordinates":[-0.34703997756091826,39.461895470267024]},"properties":{"objectid":281741,"codvia":58830,"numportal":19,"dupli_trip":null,"accesorio":"NO","angulo":72,"catfis":"6","descripcion":"19"}},{"type":"Feature","id":281742,"geometry":{"type":"Point","coordinates":[-0.42323591051749088,39.505412716252188]},"properties":{"objectid":281742,"codvia":12240,"numportal":24,"dupli_trip":null,"accesorio":"NO","angulo":290,"catfis":"7","descripcion":"24"}},{"type":"Feature","id":281743,"geometry":{"type":"Point","coordinates":[-0.35937629952139155,39.485191085047475]},"properties":{"objectid":281743,"codvia":27720,"numportal":13,"dupli_trip":null,"accesorio":"NO","angulo":341,"catfis":"4","descripcion":"13"}},{"type":"Feature","id":281744,"geometry":{"type":"Point","coordinates":[-0.37758660943848521,39.453022577358794]},"properties":{"objectid":281744,"codvia":81191,"numportal":25,"dupli_trip":null,"accesorio":"SI","angulo":357,"catfis":"4","descripcion":"25ac"}},{"type":"Feature","id":281745,"geometry":{"type":"Point","coordinates":[-0.38970121243287947,39.456396276211564]},"properties":{"objectid":281745,"codvia":37770,"numportal":29,"dupli_trip":null,"accesorio":"NO","angulo":6,"catfis":"6","descripcion":"29"}},{"type":"Feature","id":281747,"geometry":{"type":"Point","coordinates":[-0.42017682530076245,39.499147990516398]},"properties":{"objectid":281747,"codvia":71310,"numportal":47,"dupli_trip":null,"accesorio":"NO","angulo":280,"catfis":"7","descripcion":"47"}},{"type":"Feature","id":281748,"geometry":{"type":"Point","coordinates":[-0.36285912318747693,39.486109328384728]},"properties":{"objectid":281748,"codvia":1380,"numportal":9,"dupli_trip":null,"accesorio":"NO","angulo":358,"catfis":"6","descripcion":"9"}},{"type":"Feature","id":281749,"geometry":{"type":"Point","coordinates":[-0.38391738712875373,39.46325243584095]},"properties":{"objectid":281749,"codvia":1140,"numportal":21,"dupli_trip":null,"accesorio":"NO","angulo":64,"catfis":"2","descripcion":"21"}},{"type":"Feature","id":281750,"geometry":{"type":"Point","coordinates":[-0.37041109560497087,39.461417078228571]},"properties":{"objectid":281750,"codvia":43800,"numportal":6,"dupli_trip":null,"accesorio":"NO","angulo":305,"catfis":"5","descripcion":"6"}},{"type":"Feature","id":281751,"geometry":{"type":"Point","coordinates":[-0.35398137461574958,39.46559325845886]},"properties":{"objectid":281751,"codvia":42060,"numportal":3,"dupli_trip":null,"accesorio":"NO","angulo":71,"catfis":"6","descripcion":"3"}},{"type":"Feature","id":281752,"geometry":{"type":"Point","coordinates":[-0.3327999737760538,39.450284090892659]},"properties":{"objectid":281752,"codvia":55710,"numportal":62,"dupli_trip":null,"accesorio":"SI","angulo":79,"catfis":"7","descripcion":"62ac"}},{"type":"Feature","id":281753,"geometry":{"type":"Point","coordinates":[-0.37913974937819839,39.465752805273269]},"properties":{"objectid":281753,"codvia":56820,"numportal":32,"dupli_trip":null,"accesorio":"NO","angulo":72,"catfis":"4","descripcion":"32"}},{"type":"Feature","id":281754,"geometry":{"type":"Point","coordinates":[-0.37018460892158456,39.492805120130576]},"properties":{"objectid":281754,"codvia":6870,"numportal":14,"dupli_trip":null,"accesorio":"NO","angulo":46,"catfis":"6","descripcion":"14"}},{"type":"Feature","id":281755,"geometry":{"type":"Point","coordinates":[-0.41779142955200343,39.497346120299007]},"properties":{"objectid":281755,"codvia":72750,"numportal":8,"dupli_trip":null,"accesorio":"NO","angulo":1,"catfis":"7","descripcion":"8"}},{"type":"Feature","id":281756,"geometry":{"type":"Point","coordinates":[-0.37165287661241109,39.472228281729357]},"properties":{"objectid":281756,"codvia":11670,"numportal":20,"dupli_trip":null,"accesorio":"NO","angulo":74,"catfis":"4","descripcion":"20"}},{"type":"Feature","id":281757,"geometry":{"type":"Point","coordinates":[-0.42778959418696061,39.497799258134329]},"properties":{"objectid":281757,"codvia":56070,"numportal":222,"dupli_trip":null,"accesorio":"NO","angulo":337,"catfis":"7","descripcion":"222"}},{"type":"Feature","id":281758,"geometry":{"type":"Point","coordinates":[-0.36236114490056925,39.431698122084285]},"properties":{"objectid":281758,"codvia":69210,"numportal":26,"dupli_trip":"B","accesorio":"NO","angulo":69,"catfis":"7","descripcion":"26B"}},{"type":"Feature","id":281856,"geometry":{"type":"Point","coordinates":[-0.37531997905188402,39.468069426560128]},"properties":{"objectid":281856,"codvia":38850,"numportal":18,"dupli_trip":null,"accesorio":"NO","angulo":283,"catfis":"E","descripcion":"18"}},{"type":"Feature","id":281857,"geometry":{"type":"Point","coordinates":[-0.33981424880185296,39.463969540412897]},"properties":{"objectid":281857,"codvia":39540,"numportal":2,"dupli_trip":null,"accesorio":"NO","angulo":341,"catfis":"7","descripcion":"2"}},{"type":"Feature","id":281858,"geometry":{"type":"Point","coordinates":[-0.37650223119761578,39.468340981058745]},"properties":{"objectid":281858,"codvia":20670,"numportal":12,"dupli_trip":null,"accesorio":"NO","angulo":2,"catfis":"E","descripcion":"12"}},{"type":"Feature","id":281859,"geometry":{"type":"Point","coordinates":[-0.34257710005454045,39.43104019246632]},"properties":{"objectid":281859,"codvia":46770,"numportal":253,"dupli_trip":null,"accesorio":"NO","angulo":5,"catfis":"7","descripcion":"253"}},{"type":"Feature","id":281860,"geometry":{"type":"Point","coordinates":[-0.329681535554678,39.471676148143253]},"properties":{"objectid":281860,"codvia":28680,"numportal":23,"dupli_trip":null,"accesorio":"SI","angulo":354,"catfis":"7","descripcion":"23ac"}},{"type":"Feature","id":281861,"geometry":{"type":"Point","coordinates":[-0.36456118231891649,39.491122698006876]},"properties":{"objectid":281861,"codvia":6900,"numportal":50,"dupli_trip":null,"accesorio":"SI","angulo":321,"catfis":"7","descripcion":"50ac"}},{"type":"Feature","id":281862,"geometry":{"type":"Point","coordinates":[-0.36709632755806093,39.455265522544316]},"properties":{"objectid":281862,"codvia":59610,"numportal":43,"dupli_trip":null,"accesorio":"SI","angulo":29,"catfis":"6","descripcion":"43ac"}},{"type":"Feature","id":281863,"geometry":{"type":"Point","coordinates":[-0.40399608262205233,39.470544053430167]},"properties":{"objectid":281863,"codvia":42990,"numportal":41,"dupli_trip":null,"accesorio":"SI","angulo":10,"catfis":"6","descripcion":"41ac"}},{"type":"Feature","id":281864,"geometry":{"type":"Point","coordinates":[-0.36526130855258004,39.489316275277567]},"properties":{"objectid":281864,"codvia":2250,"numportal":28,"dupli_trip":null,"accesorio":"SI","angulo":50,"catfis":"6","descripcion":"28ac"}},{"type":"Feature","id":281865,"geometry":{"type":"Point","coordinates":[-0.28492672352773762,39.292507914895126]},"properties":{"objectid":281865,"codvia":81218,"numportal":80,"dupli_trip":null,"accesorio":"NO","angulo":282,"catfis":"5","descripcion":"80"}},{"type":"Feature","id":281866,"geometry":{"type":"Point","coordinates":[-0.37932564440708127,39.478392973293438]},"properties":{"objectid":281866,"codvia":70560,"numportal":12,"dupli_trip":null,"accesorio":"NO","angulo":20,"catfis":"4","descripcion":"12"}},{"type":"Feature","id":281867,"geometry":{"type":"Point","coordinates":[-0.36777547886276529,39.463867660278403]},"properties":{"objectid":281867,"codvia":38670,"numportal":39,"dupli_trip":null,"accesorio":"NO","angulo":346,"catfis":"1","descripcion":"39"}},{"type":"Feature","id":281869,"geometry":{"type":"Point","coordinates":[-0.37733460571430238,39.462219160442693]},"properties":{"objectid":281869,"codvia":21930,"numportal":18,"dupli_trip":null,"accesorio":"NO","angulo":301,"catfis":"4","descripcion":"18"}},{"type":"Feature","id":281871,"geometry":{"type":"Point","coordinates":[-0.38262106872855661,39.455581652209069]},"properties":{"objectid":281871,"codvia":33900,"numportal":56,"dupli_trip":null,"accesorio":"NO","angulo":83,"catfis":"4","descripcion":"56"}},{"type":"Feature","id":281872,"geometry":{"type":"Point","coordinates":[-0.29038487698570037,39.302453950723503]},"properties":{"objectid":281872,"codvia":41040,"numportal":11,"dupli_trip":null,"accesorio":"NO","angulo":38,"catfis":"7","descripcion":"11"}},{"type":"Feature","id":281874,"geometry":{"type":"Point","coordinates":[-0.34852154250746958,39.473052859294619]},"properties":{"objectid":281874,"codvia":9480,"numportal":44,"dupli_trip":null,"accesorio":"SI","angulo":72,"catfis":"6","descripcion":"44ac"}},{"type":"Feature","id":281875,"geometry":{"type":"Point","coordinates":[-0.39399923292943512,39.46992837141633]},"properties":{"objectid":281875,"codvia":66810,"numportal":19,"dupli_trip":null,"accesorio":"NO","angulo":349,"catfis":"6","descripcion":"19"}},{"type":"Feature","id":281876,"geometry":{"type":"Point","coordinates":[-0.3339481405183633,39.449229580947652]},"properties":{"objectid":281876,"codvia":4800,"numportal":68,"dupli_trip":null,"accesorio":"SI","angulo":80,"catfis":"6","descripcion":"68ac"}},{"type":"Feature","id":281877,"geometry":{"type":"Point","coordinates":[-0.40211162457768301,39.454270827674179]},"properties":{"objectid":281877,"codvia":81193,"numportal":22,"dupli_trip":null,"accesorio":"NO","angulo":298,"catfis":"6","descripcion":"22"}},{"type":"Feature","id":281878,"geometry":{"type":"Point","coordinates":[-0.37965059441657251,39.454713329482843]},"properties":{"objectid":281878,"codvia":51240,"numportal":5,"dupli_trip":null,"accesorio":"NO","angulo":77,"catfis":"7","descripcion":"5"}},{"type":"Feature","id":282543,"geometry":{"type":"Point","coordinates":[-0.3915063463029832,39.465657837105866]},"properties":{"objectid":282543,"codvia":43920,"numportal":18,"dupli_trip":null,"accesorio":"SI","angulo":70,"catfis":"4","descripcion":"18ac"}},{"type":"Feature","id":282544,"geometry":{"type":"Point","coordinates":[-0.34947163789876712,39.467198488939857]},"properties":{"objectid":282544,"codvia":25950,"numportal":29,"dupli_trip":null,"accesorio":"NO","angulo":75,"catfis":"6","descripcion":"29"}},{"type":"Feature","id":282545,"geometry":{"type":"Point","coordinates":[-0.326350937797319,39.467574908464513]},"properties":{"objectid":282545,"codvia":47580,"numportal":49,"dupli_trip":null,"accesorio":"NO","angulo":357,"catfis":"4","descripcion":"49"}},{"type":"Feature","id":282546,"geometry":{"type":"Point","coordinates":[-0.37645298128678434,39.462520344459328]},"properties":{"objectid":282546,"codvia":23670,"numportal":52,"dupli_trip":null,"accesorio":"NO","angulo":29,"catfis":"4","descripcion":"52"}},{"type":"Feature","id":282547,"geometry":{"type":"Point","coordinates":[-0.34745267049762263,39.475874537946325]},"properties":{"objectid":282547,"codvia":70920,"numportal":23,"dupli_trip":null,"accesorio":"NO","angulo":340,"catfis":"4","descripcion":"23"}},{"type":"Feature","id":282548,"geometry":{"type":"Point","coordinates":[-0.39908766859439498,39.464472807855699]},"properties":{"objectid":282548,"codvia":81117,"numportal":5,"dupli_trip":null,"accesorio":"NO","angulo":349,"catfis":"7","descripcion":"5"}},{"type":"Feature","id":282549,"geometry":{"type":"Point","coordinates":[-0.35419766769165018,39.474660929902029]},"properties":{"objectid":282549,"codvia":60660,"numportal":40,"dupli_trip":null,"accesorio":"NO","angulo":73,"catfis":"2","descripcion":"40"}},{"type":"Feature","id":282550,"geometry":{"type":"Point","coordinates":[-0.3272708333285701,39.483163951381577]},"properties":{"objectid":282550,"codvia":5970,"numportal":87,"dupli_trip":null,"accesorio":"NO","angulo":91,"catfis":"7","descripcion":"87"}},{"type":"Feature","id":282551,"geometry":{"type":"Point","coordinates":[-0.35574910993283931,39.489925532130101]},"properties":{"objectid":282551,"codvia":81194,"numportal":7,"dupli_trip":null,"accesorio":"SI","angulo":353,"catfis":"6","descripcion":"7ac"}},{"type":"Feature","id":282552,"geometry":{"type":"Point","coordinates":[-0.38852444928569319,39.439078729122009]},"properties":{"objectid":282552,"codvia":81634,"numportal":10,"dupli_trip":null,"accesorio":"NO","angulo":346,"catfis":"7","descripcion":"10"}},{"type":"Feature","id":282554,"geometry":{"type":"Point","coordinates":[-0.37703511452934824,39.454581198345842]},"properties":{"objectid":282554,"codvia":81669,"numportal":8,"dupli_trip":null,"accesorio":"SI","angulo":31,"catfis":"4","descripcion":"8ac"}},{"type":"Feature","id":281962,"geometry":{"type":"Point","coordinates":[-0.3741102597447275,39.432331969850253]},"properties":{"objectid":281962,"codvia":81499,"numportal":2,"dupli_trip":null,"accesorio":"NO","angulo":89,"catfis":"7","descripcion":"2"}},{"type":"Feature","id":281963,"geometry":{"type":"Point","coordinates":[-0.39248222311757813,39.499208345418403]},"properties":{"objectid":281963,"codvia":68100,"numportal":28,"dupli_trip":null,"accesorio":"NO","angulo":5,"catfis":"7","descripcion":"28"}},{"type":"Feature","id":281964,"geometry":{"type":"Point","coordinates":[-0.37077335991262644,39.462833647054026]},"properties":{"objectid":281964,"codvia":33360,"numportal":9,"dupli_trip":null,"accesorio":"NO","angulo":332,"catfis":"4","descripcion":"9"}},{"type":"Feature","id":281965,"geometry":{"type":"Point","coordinates":[-0.34992288498547908,39.473141174811481]},"properties":{"objectid":281965,"codvia":25140,"numportal":21,"dupli_trip":null,"accesorio":"SI","angulo":342,"catfis":"4","descripcion":"21ac"}},{"type":"Feature","id":281966,"geometry":{"type":"Point","coordinates":[-0.33572283151645504,39.47199758306845]},"properties":{"objectid":281966,"codvia":38760,"numportal":35,"dupli_trip":null,"accesorio":"NO","angulo":72,"catfis":"6","descripcion":"35"}},{"type":"Feature","id":281967,"geometry":{"type":"Point","coordinates":[-0.37189331303274803,39.472821687093635]},"properties":{"objectid":281967,"codvia":72660,"numportal":7,"dupli_trip":null,"accesorio":"SI","angulo":347,"catfis":"7","descripcion":"7ac"}},{"type":"Feature","id":281968,"geometry":{"type":"Point","coordinates":[-0.36885489615956529,39.494406232771063]},"properties":{"objectid":281968,"codvia":6900,"numportal":12,"dupli_trip":null,"accesorio":"NO","angulo":320,"catfis":"7","descripcion":"12"}},{"type":"Feature","id":281969,"geometry":{"type":"Point","coordinates":[-0.41003833218789898,39.535055500846198]},"properties":{"objectid":281969,"codvia":81451,"numportal":1,"dupli_trip":"D","accesorio":"NO","angulo":3,"catfis":"7","descripcion":"1D"}},{"type":"Feature","id":281970,"geometry":{"type":"Point","coordinates":[-0.38648517794029724,39.481343267883076]},"properties":{"objectid":281970,"codvia":37560,"numportal":3,"dupli_trip":null,"accesorio":"NO","angulo":31,"catfis":"6","descripcion":"3"}},{"type":"Feature","id":281971,"geometry":{"type":"Point","coordinates":[-0.42158065966438457,39.496715057801325]},"properties":{"objectid":281971,"codvia":61770,"numportal":12,"dupli_trip":null,"accesorio":"NO","angulo":97,"catfis":"7","descripcion":"12"}},{"type":"Feature","id":281972,"geometry":{"type":"Point","coordinates":[-0.41684406937858676,39.503362275667463]},"properties":{"objectid":281972,"codvia":6660,"numportal":15,"dupli_trip":null,"accesorio":"NO","angulo":66,"catfis":"7","descripcion":"15"}},{"type":"Feature","id":281973,"geometry":{"type":"Point","coordinates":[-0.3537644845690443,39.474281626048899]},"properties":{"objectid":281973,"codvia":18690,"numportal":17,"dupli_trip":null,"accesorio":"NO","angulo":341,"catfis":"3","descripcion":"17"}},{"type":"Feature","id":281974,"geometry":{"type":"Point","coordinates":[-0.42681337202533587,39.499874430451882]},"properties":{"objectid":281974,"codvia":13620,"numportal":114,"dupli_trip":null,"accesorio":"NO","angulo":31,"catfis":"7","descripcion":"114"}},{"type":"Feature","id":281975,"geometry":{"type":"Point","coordinates":[-0.37605841823469605,39.478276038073076]},"properties":{"objectid":281975,"codvia":52080,"numportal":7,"dupli_trip":null,"accesorio":"NO","angulo":96,"catfis":"3","descripcion":"7"}},{"type":"Feature","id":281976,"geometry":{"type":"Point","coordinates":[-0.40820485793188671,39.470563482400927]},"properties":{"objectid":281976,"codvia":53700,"numportal":5,"dupli_trip":null,"accesorio":"NO","angulo":8,"catfis":"7","descripcion":"5"}},{"type":"Feature","id":281977,"geometry":{"type":"Point","coordinates":[-0.35744201367347778,39.444613541527843]},"properties":{"objectid":281977,"codvia":31740,"numportal":123,"dupli_trip":null,"accesorio":"NO","angulo":293,"catfis":"7","descripcion":"123"}},{"type":"Feature","id":281978,"geometry":{"type":"Point","coordinates":[-0.38583388358042009,39.490536575293845]},"properties":{"objectid":281978,"codvia":33240,"numportal":63,"dupli_trip":null,"accesorio":"SI","angulo":19,"catfis":"6","descripcion":"63ac"}},{"type":"Feature","id":282203,"geometry":{"type":"Point","coordinates":[-0.38160973999550174,39.447902846557817]},"properties":{"objectid":282203,"codvia":73410,"numportal":23,"dupli_trip":null,"accesorio":"NO","angulo":63,"catfis":"7","descripcion":"23"}},{"type":"Feature","id":282205,"geometry":{"type":"Point","coordinates":[-0.39952572521005025,39.459071351919732]},"properties":{"objectid":282205,"codvia":81175,"numportal":26,"dupli_trip":null,"accesorio":"NO","angulo":320,"catfis":"6","descripcion":"26"}},{"type":"Feature","id":282206,"geometry":{"type":"Point","coordinates":[-0.32661029111925327,39.481575627598211]},"properties":{"objectid":282206,"codvia":17820,"numportal":142,"dupli_trip":null,"accesorio":"NO","angulo":91,"catfis":"7","descripcion":"142"}},{"type":"Feature","id":282207,"geometry":{"type":"Point","coordinates":[-0.36257023853195747,39.476170140215395]},"properties":{"objectid":282207,"codvia":24540,"numportal":8,"dupli_trip":null,"accesorio":"NO","angulo":71,"catfis":"1","descripcion":"8"}},{"type":"Feature","id":282208,"geometry":{"type":"Point","coordinates":[-0.40414453029071357,39.537673180849403]},"properties":{"objectid":282208,"codvia":81665,"numportal":28,"dupli_trip":"K","accesorio":"NO","angulo":293,"catfis":"7","descripcion":"28O"}},{"type":"Feature","id":282209,"geometry":{"type":"Point","coordinates":[-0.32853558851474307,39.472866438455135]},"properties":{"objectid":282209,"codvia":9000,"numportal":285,"dupli_trip":null,"accesorio":"NO","angulo":353,"catfis":"7","descripcion":"285"}},{"type":"Feature","id":282210,"geometry":{"type":"Point","coordinates":[-0.36313753967285023,39.423926161237404]},"properties":{"objectid":282210,"codvia":73830,"numportal":5,"dupli_trip":null,"accesorio":"NO","angulo":352,"catfis":"7","descripcion":"5"}},{"type":"Feature","id":282211,"geometry":{"type":"Point","coordinates":[-0.37795836824580026,39.477305471157472]},"properties":{"objectid":282211,"codvia":45330,"numportal":10,"dupli_trip":null,"accesorio":"SI","angulo":89,"catfis":"6","descripcion":"10ac"}},{"type":"Feature","id":282212,"geometry":{"type":"Point","coordinates":[-0.36992582622189979,39.458781347167104]},"properties":{"objectid":282212,"codvia":81772,"numportal":38,"dupli_trip":null,"accesorio":"SI","angulo":32,"catfis":"7","descripcion":"38ac"}},{"type":"Feature","id":282213,"geometry":{"type":"Point","coordinates":[-0.36048967640884677,39.474690884758907]},"properties":{"objectid":282213,"codvia":48120,"numportal":42,"dupli_trip":null,"accesorio":"NO","angulo":341,"catfis":"E","descripcion":"42"}},{"type":"Feature","id":282214,"geometry":{"type":"Point","coordinates":[-0.37410738078941252,39.460233186261156]},"properties":{"objectid":282214,"codvia":72030,"numportal":53,"dupli_trip":null,"accesorio":"SI","angulo":301,"catfis":"4","descripcion":"53ac"}},{"type":"Feature","id":282215,"geometry":{"type":"Point","coordinates":[-0.32946235359672699,39.470850551171061]},"properties":{"objectid":282215,"codvia":61620,"numportal":244,"dupli_trip":null,"accesorio":"SI","angulo":354,"catfis":"7","descripcion":"244ac"}},{"type":"Feature","id":282218,"geometry":{"type":"Point","coordinates":[-0.36846399344666542,39.460506269498957]},"properties":{"objectid":282218,"codvia":59190,"numportal":51,"dupli_trip":null,"accesorio":"NO","angulo":301,"catfis":"3","descripcion":"51"}},{"type":"Feature","id":282219,"geometry":{"type":"Point","coordinates":[-0.33422578691337423,39.444024819255311]},"properties":{"objectid":282219,"codvia":81674,"numportal":76,"dupli_trip":null,"accesorio":"NO","angulo":77,"catfis":"E","descripcion":"76"}},{"type":"Feature","id":282220,"geometry":{"type":"Point","coordinates":[-0.36219085065610312,39.48536811696539]},"properties":{"objectid":282220,"codvia":26820,"numportal":19,"dupli_trip":null,"accesorio":"NO","angulo":71,"catfis":"4","descripcion":"19"}},{"type":"Feature","id":282221,"geometry":{"type":"Point","coordinates":[-0.39659136809101586,39.484265201145256]},"properties":{"objectid":282221,"codvia":49620,"numportal":44,"dupli_trip":null,"accesorio":"NO","angulo":32,"catfis":"6","descripcion":"44"}},{"type":"Feature","id":282222,"geometry":{"type":"Point","coordinates":[-0.37558338449728229,39.46822887623324]},"properties":{"objectid":282222,"codvia":20670,"numportal":3,"dupli_trip":null,"accesorio":"NO","angulo":2,"catfis":"E","descripcion":"3"}},{"type":"Feature","id":282223,"geometry":{"type":"Point","coordinates":[-0.36039561058960495,39.491695303381121]},"properties":{"objectid":282223,"codvia":25380,"numportal":43,"dupli_trip":null,"accesorio":"NO","angulo":68,"catfis":"4","descripcion":"43"}},{"type":"Feature","id":282224,"geometry":{"type":"Point","coordinates":[-0.38725878042961698,39.459005557464081]},"properties":{"objectid":282224,"codvia":38220,"numportal":14,"dupli_trip":null,"accesorio":"NO","angulo":336,"catfis":"4","descripcion":"14"}},{"type":"Feature","id":281466,"geometry":{"type":"Point","coordinates":[-0.38441552687356267,39.457278421804595]},"properties":{"objectid":281466,"codvia":47490,"numportal":12,"dupli_trip":null,"accesorio":"NO","angulo":81,"catfis":"6","descripcion":"12"}},{"type":"Feature","id":281467,"geometry":{"type":"Point","coordinates":[-0.36098502333689342,39.484964486565474]},"properties":{"objectid":281467,"codvia":63960,"numportal":16,"dupli_trip":null,"accesorio":"NO","angulo":342,"catfis":"6","descripcion":"16"}},{"type":"Feature","id":281468,"geometry":{"type":"Point","coordinates":[-0.38428510980571429,39.463739702586665]},"properties":{"objectid":281468,"codvia":46830,"numportal":23,"dupli_trip":null,"accesorio":"SI","angulo":338,"catfis":"3","descripcion":"23ac"}},{"type":"Feature","id":281469,"geometry":{"type":"Point","coordinates":[-0.34327526315083129,39.466057664160914]},"properties":{"objectid":281469,"codvia":38190,"numportal":26,"dupli_trip":null,"accesorio":"NO","angulo":343,"catfis":"6","descripcion":"26"}},{"type":"Feature","id":281470,"geometry":{"type":"Point","coordinates":[-0.32326833594535298,39.465486558613783]},"properties":{"objectid":281470,"codvia":54090,"numportal":69,"dupli_trip":null,"accesorio":"SI","angulo":11,"catfis":"7","descripcion":"69ac"}},{"type":"Feature","id":281472,"geometry":{"type":"Point","coordinates":[-0.38437254643274565,39.457957503607858]},"properties":{"objectid":281472,"codvia":28290,"numportal":2,"dupli_trip":null,"accesorio":"NO","angulo":355,"catfis":"5","descripcion":"2"}},{"type":"Feature","id":281770,"geometry":{"type":"Point","coordinates":[-0.35782244131319996,39.48470724419645]},"properties":{"objectid":281770,"codvia":27720,"numportal":27,"dupli_trip":null,"accesorio":"NO","angulo":341,"catfis":"4","descripcion":"27"}},{"type":"Feature","id":281771,"geometry":{"type":"Point","coordinates":[-0.34782729626558534,39.474557369904559]},"properties":{"objectid":281771,"codvia":62850,"numportal":1,"dupli_trip":null,"accesorio":"NO","angulo":70,"catfis":"4","descripcion":"1"}},{"type":"Feature","id":281772,"geometry":{"type":"Point","coordinates":[-0.39809379694473251,39.464936191170068]},"properties":{"objectid":281772,"codvia":81109,"numportal":5,"dupli_trip":null,"accesorio":"NO","angulo":349,"catfis":"7","descripcion":"5"}},{"type":"Feature","id":281773,"geometry":{"type":"Point","coordinates":[-0.38323149915558996,39.472157671000552]},"properties":{"objectid":281773,"codvia":7380,"numportal":1,"dupli_trip":null,"accesorio":"NO","angulo":286,"catfis":"6","descripcion":"1"}},{"type":"Feature","id":281774,"geometry":{"type":"Point","coordinates":[-0.38317153044597441,39.461858943698616]},"properties":{"objectid":281774,"codvia":47070,"numportal":7,"dupli_trip":null,"accesorio":"NO","angulo":351,"catfis":"5","descripcion":"7"}},{"type":"Feature","id":281775,"geometry":{"type":"Point","coordinates":[-0.36356230360897984,39.42516024941964]},"properties":{"objectid":281775,"codvia":72960,"numportal":48,"dupli_trip":null,"accesorio":"NO","angulo":93,"catfis":"7","descripcion":"48"}},{"type":"Feature","id":281776,"geometry":{"type":"Point","coordinates":[-0.38449184938372127,39.468610502219626]},"properties":{"objectid":281776,"codvia":22020,"numportal":11,"dupli_trip":null,"accesorio":"SI","angulo":59,"catfis":"2","descripcion":"11ac"}},{"type":"Feature","id":281777,"geometry":{"type":"Point","coordinates":[-0.36835002131100653,39.494723942778116]},"properties":{"objectid":281777,"codvia":6870,"numportal":55,"dupli_trip":null,"accesorio":"NO","angulo":49,"catfis":"7","descripcion":"55"}},{"type":"Feature","id":281778,"geometry":{"type":"Point","coordinates":[-0.33984693543351946,39.462828474041153]},"properties":{"objectid":281778,"codvia":29790,"numportal":17,"dupli_trip":null,"accesorio":"NO","angulo":342,"catfis":"7","descripcion":"17"}},{"type":"Feature","id":281779,"geometry":{"type":"Point","coordinates":[-0.42283603087764632,39.50567992232655]},"properties":{"objectid":281779,"codvia":55830,"numportal":32,"dupli_trip":null,"accesorio":"NO","angulo":290,"catfis":"7","descripcion":"32"}},{"type":"Feature","id":281780,"geometry":{"type":"Point","coordinates":[-0.38663512398609595,39.463784517247369]},"properties":{"objectid":281780,"codvia":46620,"numportal":5,"dupli_trip":null,"accesorio":"NO","angulo":0,"catfis":"3","descripcion":"5"}},{"type":"Feature","id":281781,"geometry":{"type":"Point","coordinates":[-0.39838635334459277,39.464139080544214]},"properties":{"objectid":281781,"codvia":80360,"numportal":7,"dupli_trip":null,"accesorio":"NO","angulo":349,"catfis":"7","descripcion":"7"}},{"type":"Feature","id":281782,"geometry":{"type":"Point","coordinates":[-0.31839678313001912,39.309565863234475]},"properties":{"objectid":281782,"codvia":81522,"numportal":41,"dupli_trip":null,"accesorio":"SI","angulo":85,"catfis":"7","descripcion":"41ac"}},{"type":"Feature","id":281783,"geometry":{"type":"Point","coordinates":[-0.39656073981006396,39.474149931846924]},"properties":{"objectid":281783,"codvia":17160,"numportal":12,"dupli_trip":null,"accesorio":"NO","angulo":14,"catfis":"6","descripcion":"12"}},{"type":"Feature","id":281879,"geometry":{"type":"Point","coordinates":[-0.38969899379642126,39.448359406159142]},"properties":{"objectid":281879,"codvia":15390,"numportal":80,"dupli_trip":null,"accesorio":"NO","angulo":82,"catfis":"5","descripcion":"80"}},{"type":"Feature","id":281880,"geometry":{"type":"Point","coordinates":[-0.33484389723065711,39.461950760533448]},"properties":{"objectid":281880,"codvia":38640,"numportal":27,"dupli_trip":null,"accesorio":"NO","angulo":352,"catfis":"6","descripcion":"27"}},{"type":"Feature","id":281882,"geometry":{"type":"Point","coordinates":[-0.37307583649875781,39.45664975610795]},"properties":{"objectid":281882,"codvia":25260,"numportal":23,"dupli_trip":null,"accesorio":"NO","angulo":347,"catfis":"4","descripcion":"23"}},{"type":"Feature","id":281883,"geometry":{"type":"Point","coordinates":[-0.39019181368238609,39.445824483314944]},"properties":{"objectid":281883,"codvia":68580,"numportal":9,"dupli_trip":null,"accesorio":"NO","angulo":76,"catfis":"4","descripcion":"9"}},{"type":"Feature","id":281884,"geometry":{"type":"Point","coordinates":[-0.37170684771991092,39.491415061415644]},"properties":{"objectid":281884,"codvia":53970,"numportal":1,"dupli_trip":"I","accesorio":"SI","angulo":61,"catfis":"6","descripcion":"1Iac"}},{"type":"Feature","id":281885,"geometry":{"type":"Point","coordinates":[-0.4191323181406027,39.499742276922078]},"properties":{"objectid":281885,"codvia":26730,"numportal":21,"dupli_trip":null,"accesorio":"NO","angulo":287,"catfis":"7","descripcion":"21"}},{"type":"Feature","id":281886,"geometry":{"type":"Point","coordinates":[-0.36123434181083075,39.491643779549669]},"properties":{"objectid":281886,"codvia":2250,"numportal":48,"dupli_trip":null,"accesorio":"SI","angulo":45,"catfis":"6","descripcion":"48ac"}},{"type":"Feature","id":281887,"geometry":{"type":"Point","coordinates":[-0.35357004103898587,39.478590294006217]},"properties":{"objectid":281887,"codvia":81178,"numportal":2,"dupli_trip":null,"accesorio":"SI","angulo":73,"catfis":"4","descripcion":"2ac"}},{"type":"Feature","id":281888,"geometry":{"type":"Point","coordinates":[-0.38560695803245398,39.471615996426543]},"properties":{"objectid":281888,"codvia":30000,"numportal":26,"dupli_trip":null,"accesorio":"NO","angulo":302,"catfis":"2","descripcion":"26"}},{"type":"Feature","id":281891,"geometry":{"type":"Point","coordinates":[-0.38162355220953109,39.467015117732728]},"properties":{"objectid":281891,"codvia":74160,"numportal":6,"dupli_trip":null,"accesorio":"NO","angulo":351,"catfis":"2","descripcion":"6"}},{"type":"Feature","id":281892,"geometry":{"type":"Point","coordinates":[-0.38478169848613469,39.435460300698537]},"properties":{"objectid":281892,"codvia":81000,"numportal":5,"dupli_trip":null,"accesorio":"NO","angulo":351,"catfis":"7","descripcion":"5"}},{"type":"Feature","id":281893,"geometry":{"type":"Point","coordinates":[-0.36965128062027203,39.461864341452291]},"properties":{"objectid":281893,"codvia":59190,"numportal":36,"dupli_trip":null,"accesorio":"NO","angulo":300,"catfis":"3","descripcion":"36"}},{"type":"Feature","id":281894,"geometry":{"type":"Point","coordinates":[-0.39645806708222564,39.461823834314679]},"properties":{"objectid":281894,"codvia":30660,"numportal":61,"dupli_trip":null,"accesorio":"SI","angulo":310,"catfis":"5","descripcion":"61ac"}},{"type":"Feature","id":281895,"geometry":{"type":"Point","coordinates":[-0.36498139681115455,39.428105243199475]},"properties":{"objectid":281895,"codvia":8310,"numportal":8,"dupli_trip":null,"accesorio":"SI","angulo":356,"catfis":"7","descripcion":"8ac"}},{"type":"Feature","id":281896,"geometry":{"type":"Point","coordinates":[-0.40350712452178422,39.538057545125064]},"properties":{"objectid":281896,"codvia":33180,"numportal":7,"dupli_trip":null,"accesorio":"NO","angulo":294,"catfis":"7","descripcion":"7"}},{"type":"Feature","id":281897,"geometry":{"type":"Point","coordinates":[-0.37694578327255812,39.4747481487775]},"properties":{"objectid":281897,"codvia":78330,"numportal":4,"dupli_trip":null,"accesorio":"SI","angulo":84,"catfis":"3","descripcion":"4ac"}},{"type":"Feature","id":281898,"geometry":{"type":"Point","coordinates":[-0.32631755239623483,39.465584381856559]},"properties":{"objectid":281898,"codvia":50010,"numportal":13,"dupli_trip":null,"accesorio":"NO","angulo":354,"catfis":"7","descripcion":"13"}},{"type":"Feature","id":281899,"geometry":{"type":"Point","coordinates":[-0.40255209203776909,39.479255332834313]},"properties":{"objectid":281899,"codvia":50820,"numportal":10,"dupli_trip":null,"accesorio":"SI","angulo":0,"catfis":"4","descripcion":"10ac"}},{"type":"Feature","id":281900,"geometry":{"type":"Point","coordinates":[-0.39001788920936098,39.491064972191566]},"properties":{"objectid":281900,"codvia":80630,"numportal":13,"dupli_trip":null,"accesorio":"NO","angulo":59,"catfis":"7","descripcion":"13"}},{"type":"Feature","id":282570,"geometry":{"type":"Point","coordinates":[-0.38777054814257561,39.464680791517942]},"properties":{"objectid":282570,"codvia":22020,"numportal":59,"dupli_trip":null,"accesorio":"NO","angulo":59,"catfis":"3","descripcion":"59"}},{"type":"Feature","id":282571,"geometry":{"type":"Point","coordinates":[-0.33302843948314037,39.473388093497967]},"properties":{"objectid":282571,"codvia":20100,"numportal":15,"dupli_trip":null,"accesorio":"NO","angulo":352,"catfis":"7","descripcion":"15"}},{"type":"Feature","id":282573,"geometry":{"type":"Point","coordinates":[-0.33592758711734283,39.420089113899898]},"properties":{"objectid":282573,"codvia":50070,"numportal":44,"dupli_trip":null,"accesorio":"NO","angulo":80,"catfis":"7","descripcion":"44"}},{"type":"Feature","id":282574,"geometry":{"type":"Point","coordinates":[-0.33410258965576595,39.446999733779045]},"properties":{"objectid":282574,"codvia":29070,"numportal":11,"dupli_trip":null,"accesorio":"NO","angulo":350,"catfis":"7","descripcion":"11ac"}},{"type":"Feature","id":282575,"geometry":{"type":"Point","coordinates":[-0.34525293528812717,39.467850992041271]},"properties":{"objectid":282575,"codvia":36600,"numportal":7,"dupli_trip":null,"accesorio":"NO","angulo":72,"catfis":"6","descripcion":"7"}},{"type":"Feature","id":282577,"geometry":{"type":"Point","coordinates":[-0.39896253069058307,39.469591537539138]},"properties":{"objectid":282577,"codvia":76920,"numportal":8,"dupli_trip":null,"accesorio":"NO","angulo":29,"catfis":"7","descripcion":"8"}},{"type":"Feature","id":282579,"geometry":{"type":"Point","coordinates":[-0.34078240704494789,39.422295557630463]},"properties":{"objectid":282579,"codvia":46770,"numportal":296,"dupli_trip":null,"accesorio":"NO","angulo":284,"catfis":"7","descripcion":"296"}},{"type":"Feature","id":282580,"geometry":{"type":"Point","coordinates":[-0.39022842640047872,39.496137675689781]},"properties":{"objectid":282580,"codvia":81614,"numportal":6,"dupli_trip":null,"accesorio":"NO","angulo":40,"catfis":"7","descripcion":"6"}},{"type":"Feature","id":282581,"geometry":{"type":"Point","coordinates":[-0.39764746321837019,39.470762396770027]},"properties":{"objectid":282581,"codvia":66810,"numportal":56,"dupli_trip":null,"accesorio":"NO","angulo":349,"catfis":"6","descripcion":"56"}},{"type":"Feature","id":282582,"geometry":{"type":"Point","coordinates":[-0.40075460877957048,39.472146709591748]},"properties":{"objectid":282582,"codvia":81505,"numportal":11,"dupli_trip":null,"accesorio":"NO","angulo":68,"catfis":"5","descripcion":"11"}},{"type":"Feature","id":282583,"geometry":{"type":"Point","coordinates":[-0.35799053037518713,39.49599816128238]},"properties":{"objectid":282583,"codvia":1470,"numportal":39,"dupli_trip":null,"accesorio":"NO","angulo":54,"catfis":"6","descripcion":"39"}},{"type":"Feature","id":282584,"geometry":{"type":"Point","coordinates":[-0.35286076621105855,39.470022510729805]},"properties":{"objectid":282584,"codvia":61710,"numportal":21,"dupli_trip":null,"accesorio":"NO","angulo":342,"catfis":"4","descripcion":"21"}},{"type":"Feature","id":282585,"geometry":{"type":"Point","coordinates":[-0.34588488080944474,39.462137935648862]},"properties":{"objectid":282585,"codvia":65130,"numportal":2,"dupli_trip":null,"accesorio":"SI","angulo":340,"catfis":"6","descripcion":"2ac"}},{"type":"Feature","id":282586,"geometry":{"type":"Point","coordinates":[-0.37532579999991578,39.494055075909621]},"properties":{"objectid":282586,"codvia":46260,"numportal":32,"dupli_trip":null,"accesorio":"NO","angulo":287,"catfis":"7","descripcion":"32"}},{"type":"Feature","id":282587,"geometry":{"type":"Point","coordinates":[-0.40238769828592363,39.464757304710339]},"properties":{"objectid":282587,"codvia":81226,"numportal":2,"dupli_trip":null,"accesorio":"NO","angulo":78,"catfis":"6","descripcion":"2"}},{"type":"Feature","id":282588,"geometry":{"type":"Point","coordinates":[-0.33605764501738389,39.475223368749333]},"properties":{"objectid":282588,"codvia":37380,"numportal":1,"dupli_trip":null,"accesorio":"NO","angulo":342,"catfis":"7","descripcion":"1"}},{"type":"Feature","id":282590,"geometry":{"type":"Point","coordinates":[-0.3870023380470925,39.45431855245188]},"properties":{"objectid":282590,"codvia":40830,"numportal":5,"dupli_trip":null,"accesorio":"NO","angulo":61,"catfis":"6","descripcion":"5"}},{"type":"Feature","id":282591,"geometry":{"type":"Point","coordinates":[-0.3325609674223603,39.447047126748366]},"properties":{"objectid":282591,"codvia":67740,"numportal":17,"dupli_trip":null,"accesorio":"NO","angulo":328,"catfis":"7","descripcion":"17"}},{"type":"Feature","id":282593,"geometry":{"type":"Point","coordinates":[-0.31833025743896254,39.324313721512482]},"properties":{"objectid":282593,"codvia":55410,"numportal":14,"dupli_trip":null,"accesorio":"NO","angulo":100,"catfis":"E","descripcion":"14"}},{"type":"Feature","id":282594,"geometry":{"type":"Point","coordinates":[-0.42814020287979204,39.498055681024617]},"properties":{"objectid":282594,"codvia":13620,"numportal":117,"dupli_trip":null,"accesorio":"NO","angulo":70,"catfis":"7","descripcion":"117"}},{"type":"Feature","id":282663,"geometry":{"type":"Point","coordinates":[-0.3972863100420016,39.471176354300233]},"properties":{"objectid":282663,"codvia":39600,"numportal":2,"dupli_trip":null,"accesorio":"NO","angulo":77,"catfis":"6","descripcion":"2"}},{"type":"Feature","id":282665,"geometry":{"type":"Point","coordinates":[-0.33371679320892633,39.46674208112676]},"properties":{"objectid":282665,"codvia":27990,"numportal":92,"dupli_trip":null,"accesorio":"NO","angulo":84,"catfis":"7","descripcion":"92"}},{"type":"Feature","id":282666,"geometry":{"type":"Point","coordinates":[-0.38353349552233545,39.479928092593596]},"properties":{"objectid":282666,"codvia":56340,"numportal":1,"dupli_trip":null,"accesorio":"SI","angulo":32,"catfis":"4","descripcion":"1ac"}},{"type":"Feature","id":282667,"geometry":{"type":"Point","coordinates":[-0.33330835374982221,39.462433484642851]},"properties":{"objectid":282667,"codvia":75660,"numportal":11,"dupli_trip":null,"accesorio":"NO","angulo":87,"catfis":"6","descripcion":"11"}},{"type":"Feature","id":282668,"geometry":{"type":"Point","coordinates":[-0.31814504037311753,39.308594755292525]},"properties":{"objectid":282668,"codvia":33000,"numportal":40,"dupli_trip":null,"accesorio":"NO","angulo":83,"catfis":"7","descripcion":"40"}},{"type":"Feature","id":282669,"geometry":{"type":"Point","coordinates":[-0.39937332827102162,39.461118065988622]},"properties":{"objectid":282669,"codvia":6390,"numportal":66,"dupli_trip":null,"accesorio":"NO","angulo":51,"catfis":"6","descripcion":"66"}},{"type":"Feature","id":282670,"geometry":{"type":"Point","coordinates":[-0.39392596524097656,39.496201198847679]},"properties":{"objectid":282670,"codvia":81231,"numportal":45,"dupli_trip":null,"accesorio":"NO","angulo":41,"catfis":"6","descripcion":"45"}},{"type":"Feature","id":282672,"geometry":{"type":"Point","coordinates":[-0.39293478510643393,39.458060942070908]},"properties":{"objectid":282672,"codvia":81498,"numportal":6,"dupli_trip":null,"accesorio":"NO","angulo":37,"catfis":"5","descripcion":"6"}},{"type":"Feature","id":282673,"geometry":{"type":"Point","coordinates":[-0.36269805733134186,39.477270597648847]},"properties":{"objectid":282673,"codvia":57390,"numportal":10,"dupli_trip":null,"accesorio":"NO","angulo":341,"catfis":"3","descripcion":"10"}},{"type":"Feature","id":282674,"geometry":{"type":"Point","coordinates":[-0.3765924615307274,39.452778074427791]},"properties":{"objectid":282674,"codvia":53550,"numportal":37,"dupli_trip":null,"accesorio":"NO","angulo":357,"catfis":"5","descripcion":"37"}},{"type":"Feature","id":282675,"geometry":{"type":"Point","coordinates":[-0.35991711830606604,39.483742252702626]},"properties":{"objectid":282675,"codvia":61740,"numportal":2,"dupli_trip":null,"accesorio":"NO","angulo":78,"catfis":"5","descripcion":"2"}},{"type":"Feature","id":282677,"geometry":{"type":"Point","coordinates":[-0.4047067238453208,39.454430406762697]},"properties":{"objectid":282677,"codvia":81134,"numportal":27,"dupli_trip":null,"accesorio":"NO","angulo":28,"catfis":"6","descripcion":"27"}},{"type":"Feature","id":282678,"geometry":{"type":"Point","coordinates":[-0.35236411928553218,39.478073126029216]},"properties":{"objectid":282678,"codvia":65880,"numportal":22,"dupli_trip":null,"accesorio":"NO","angulo":71,"catfis":"4","descripcion":"22"}},{"type":"Feature","id":282679,"geometry":{"type":"Point","coordinates":[-0.37880758946514898,39.490822337120314]},"properties":{"objectid":282679,"codvia":53640,"numportal":71,"dupli_trip":null,"accesorio":"NO","angulo":17,"catfis":"4","descripcion":"71"}},{"type":"Feature","id":282680,"geometry":{"type":"Point","coordinates":[-0.39499264441009496,39.460347637164759]},"properties":{"objectid":282680,"codvia":81165,"numportal":9,"dupli_trip":"DUPL","accesorio":"SI","angulo":38,"catfis":"6","descripcion":"9dupac"}},{"type":"Feature","id":282681,"geometry":{"type":"Point","coordinates":[-0.38638387632370708,39.456376722135914]},"properties":{"objectid":282681,"codvia":31080,"numportal":2,"dupli_trip":null,"accesorio":"NO","angulo":81,"catfis":"6","descripcion":"2"}},{"type":"Feature","id":282682,"geometry":{"type":"Point","coordinates":[-0.38829481281344458,39.496745257496386]},"properties":{"objectid":282682,"codvia":81845,"numportal":4,"dupli_trip":null,"accesorio":"NO","angulo":311,"catfis":"E","descripcion":"4"}},{"type":"Feature","id":282683,"geometry":{"type":"Point","coordinates":[-0.37904399836511404,39.495106548835004]},"properties":{"objectid":282683,"codvia":81192,"numportal":2,"dupli_trip":null,"accesorio":"SI","angulo":14,"catfis":"7","descripcion":"2ac"}},{"type":"Feature","id":282684,"geometry":{"type":"Point","coordinates":[-0.39641672287210228,39.477905751739264]},"properties":{"objectid":282684,"codvia":17520,"numportal":8,"dupli_trip":null,"accesorio":"NO","angulo":301,"catfis":"6","descripcion":"8"}},{"type":"Feature","id":282685,"geometry":{"type":"Point","coordinates":[-0.418808030949606,39.500821897176024]},"properties":{"objectid":282685,"codvia":29820,"numportal":36,"dupli_trip":null,"accesorio":"NO","angulo":284,"catfis":"6","descripcion":"36"}},{"type":"Feature","id":282686,"geometry":{"type":"Point","coordinates":[-0.33113902509250959,39.448589485639751]},"properties":{"objectid":282686,"codvia":77110,"numportal":66,"dupli_trip":null,"accesorio":"NO","angulo":38,"catfis":"7","descripcion":"66"}},{"type":"Feature","id":281784,"geometry":{"type":"Point","coordinates":[-0.40642248110289225,39.45723553381648]},"properties":{"objectid":281784,"codvia":23520,"numportal":10,"dupli_trip":null,"accesorio":"NO","angulo":295,"catfis":"6","descripcion":"10"}},{"type":"Feature","id":281785,"geometry":{"type":"Point","coordinates":[-0.38584246738677236,39.454196823231797]},"properties":{"objectid":281785,"codvia":74400,"numportal":68,"dupli_trip":null,"accesorio":"SI","angulo":321,"catfis":"6","descripcion":"68ac"}},{"type":"Feature","id":281786,"geometry":{"type":"Point","coordinates":[-0.34742949404048357,39.472882481734139]},"properties":{"objectid":281786,"codvia":81174,"numportal":4,"dupli_trip":null,"accesorio":"SI","angulo":342,"catfis":"6","descripcion":"4ac"}},{"type":"Feature","id":281787,"geometry":{"type":"Point","coordinates":[-0.31935123262282711,39.310862431877823]},"properties":{"objectid":281787,"codvia":81462,"numportal":16,"dupli_trip":null,"accesorio":"NO","angulo":1,"catfis":"7","descripcion":"16"}},{"type":"Feature","id":281788,"geometry":{"type":"Point","coordinates":[-0.3177230474714286,39.309674095549177]},"properties":{"objectid":281788,"codvia":17700,"numportal":2,"dupli_trip":null,"accesorio":"NO","angulo":85,"catfis":"7","descripcion":"2"}},{"type":"Feature","id":281789,"geometry":{"type":"Point","coordinates":[-0.42780773694416097,39.499246316198189]},"properties":{"objectid":281789,"codvia":13620,"numportal":132,"dupli_trip":null,"accesorio":"NO","angulo":52,"catfis":"7","descripcion":"132"}},{"type":"Feature","id":281790,"geometry":{"type":"Point","coordinates":[-0.40031835242520131,39.461690072414818]},"properties":{"objectid":281790,"codvia":81090,"numportal":25,"dupli_trip":null,"accesorio":"SI","angulo":5,"catfis":"6","descripcion":"25ac"}},{"type":"Feature","id":281791,"geometry":{"type":"Point","coordinates":[-0.38999464786729698,39.470119495660747]},"properties":{"objectid":281791,"codvia":59310,"numportal":13,"dupli_trip":null,"accesorio":"NO","angulo":287,"catfis":"5","descripcion":"13"}},{"type":"Feature","id":281792,"geometry":{"type":"Point","coordinates":[-0.34848236164396501,39.47317303395964]},"properties":{"objectid":281792,"codvia":77940,"numportal":26,"dupli_trip":null,"accesorio":"SI","angulo":342,"catfis":"4","descripcion":"26ac"}},{"type":"Feature","id":281793,"geometry":{"type":"Point","coordinates":[-0.40351819229566277,39.461791352038304]},"properties":{"objectid":281793,"codvia":18210,"numportal":22,"dupli_trip":null,"accesorio":"SI","angulo":94,"catfis":"6","descripcion":"22ac"}},{"type":"Feature","id":281794,"geometry":{"type":"Point","coordinates":[-0.37213730689636704,39.46322547895948]},"properties":{"objectid":281794,"codvia":14970,"numportal":1,"dupli_trip":null,"accesorio":"SI","angulo":66,"catfis":"4","descripcion":"1ac"}},{"type":"Feature","id":281796,"geometry":{"type":"Point","coordinates":[-0.34031880291380479,39.468619415705824]},"properties":{"objectid":281796,"codvia":80990,"numportal":8,"dupli_trip":null,"accesorio":"SI","angulo":72,"catfis":"6","descripcion":"8ac"}},{"type":"Feature","id":281797,"geometry":{"type":"Point","coordinates":[-0.36091625054206045,39.461502001227458]},"properties":{"objectid":281797,"codvia":43050,"numportal":68,"dupli_trip":null,"accesorio":"NO","angulo":26,"catfis":"4","descripcion":"68"}},{"type":"Feature","id":281798,"geometry":{"type":"Point","coordinates":[-0.37688246242313295,39.433868714297169]},"properties":{"objectid":281798,"codvia":21390,"numportal":1,"dupli_trip":null,"accesorio":"NO","angulo":0,"catfis":"7","descripcion":"1"}},{"type":"Feature","id":281799,"geometry":{"type":"Point","coordinates":[-0.37293161181891604,39.489021003877546]},"properties":{"objectid":281799,"codvia":55080,"numportal":27,"dupli_trip":null,"accesorio":"SI","angulo":354,"catfis":"6","descripcion":"27ac"}},{"type":"Feature","id":281800,"geometry":{"type":"Point","coordinates":[-0.37894564886600102,39.446500213821892]},"properties":{"objectid":281800,"codvia":44490,"numportal":33,"dupli_trip":null,"accesorio":"NO","angulo":352,"catfis":"5","descripcion":"33"}},{"type":"Feature","id":281801,"geometry":{"type":"Point","coordinates":[-0.37686830306527752,39.476264156004426]},"properties":{"objectid":281801,"codvia":19080,"numportal":8,"dupli_trip":null,"accesorio":"SI","angulo":275,"catfis":"4","descripcion":"8ac"}},{"type":"Feature","id":281802,"geometry":{"type":"Point","coordinates":[-0.37889794090524942,39.488902262691475]},"properties":{"objectid":281802,"codvia":26040,"numportal":25,"dupli_trip":null,"accesorio":"SI","angulo":18,"catfis":"7","descripcion":"25ac"}},{"type":"Feature","id":281803,"geometry":{"type":"Point","coordinates":[-0.38568135961584599,39.456775877368308]},"properties":{"objectid":281803,"codvia":20700,"numportal":26,"dupli_trip":null,"accesorio":"NO","angulo":81,"catfis":"6","descripcion":"26"}},{"type":"Feature","id":281804,"geometry":{"type":"Point","coordinates":[-0.34536074432468611,39.456321345258075]},"properties":{"objectid":281804,"codvia":81633,"numportal":2,"dupli_trip":null,"accesorio":"SI","angulo":79,"catfis":"7","descripcion":"2ac"}},{"type":"Feature","id":281805,"geometry":{"type":"Point","coordinates":[-0.36840384187496905,39.502461372958209]},"properties":{"objectid":281805,"codvia":62610,"numportal":334,"dupli_trip":null,"accesorio":"NO","angulo":75,"catfis":"6","descripcion":"334"}},{"type":"Feature","id":281903,"geometry":{"type":"Point","coordinates":[-0.29094662834587959,39.304687496082224]},"properties":{"objectid":281903,"codvia":34140,"numportal":27,"dupli_trip":null,"accesorio":"SI","angulo":302,"catfis":"5","descripcion":"27ac"}},{"type":"Feature","id":281904,"geometry":{"type":"Point","coordinates":[-0.38353455606834919,39.473932958932387]},"properties":{"objectid":281904,"codvia":15210,"numportal":25,"dupli_trip":null,"accesorio":"SI","angulo":351,"catfis":"6","descripcion":"25ac"}},{"type":"Feature","id":281905,"geometry":{"type":"Point","coordinates":[-0.34746762427739858,39.476721332374467]},"properties":{"objectid":281905,"codvia":81306,"numportal":5,"dupli_trip":null,"accesorio":"SI","angulo":357,"catfis":"5","descripcion":"5ac"}},{"type":"Feature","id":281906,"geometry":{"type":"Point","coordinates":[-0.33655878120090116,39.421643208597793]},"properties":{"objectid":281906,"codvia":58260,"numportal":57,"dupli_trip":null,"accesorio":"NO","angulo":12,"catfis":"7","descripcion":"57"}},{"type":"Feature","id":281907,"geometry":{"type":"Point","coordinates":[-0.3845743206338042,39.453383263318933]},"properties":{"objectid":281907,"codvia":69330,"numportal":268,"dupli_trip":null,"accesorio":"NO","angulo":83,"catfis":"6","descripcion":"268"}},{"type":"Feature","id":281908,"geometry":{"type":"Point","coordinates":[-0.34150178273666348,39.422835702564285]},"properties":{"objectid":281908,"codvia":81195,"numportal":7,"dupli_trip":null,"accesorio":"NO","angulo":282,"catfis":"7","descripcion":"7"}},{"type":"Feature","id":281909,"geometry":{"type":"Point","coordinates":[-0.38111991955275842,39.473043037530417]},"properties":{"objectid":281909,"codvia":8340,"numportal":2,"dupli_trip":null,"accesorio":"NO","angulo":286,"catfis":"6","descripcion":"2"}},{"type":"Feature","id":281910,"geometry":{"type":"Point","coordinates":[-0.39289705485425169,39.436376752100138]},"properties":{"objectid":281910,"codvia":17460,"numportal":11,"dupli_trip":null,"accesorio":"NO","angulo":352,"catfis":"7","descripcion":"11"}},{"type":"Feature","id":281911,"geometry":{"type":"Point","coordinates":[-0.33114791842232372,39.483809092577353]},"properties":{"objectid":281911,"codvia":81159,"numportal":94,"dupli_trip":null,"accesorio":"NO","angulo":81,"catfis":"7","descripcion":"94"}},{"type":"Feature","id":281912,"geometry":{"type":"Point","coordinates":[-0.39171147101723341,39.458543169170291]},"properties":{"objectid":281912,"codvia":37680,"numportal":29,"dupli_trip":null,"accesorio":"SI","angulo":62,"catfis":"6","descripcion":"29ac"}},{"type":"Feature","id":281913,"geometry":{"type":"Point","coordinates":[-0.37678237590352515,39.488589942922445]},"properties":{"objectid":281913,"codvia":49500,"numportal":7,"dupli_trip":null,"accesorio":"NO","angulo":285,"catfis":"6","descripcion":"7"}},{"type":"Feature","id":281914,"geometry":{"type":"Point","coordinates":[-0.36892941086826425,39.448813169870498]},"properties":{"objectid":281914,"codvia":31920,"numportal":132,"dupli_trip":null,"accesorio":"NO","angulo":301,"catfis":"6","descripcion":"132"}},{"type":"Feature","id":281915,"geometry":{"type":"Point","coordinates":[-0.33186026131666774,39.471233351830449]},"properties":{"objectid":281915,"codvia":29670,"numportal":27,"dupli_trip":null,"accesorio":"SI","angulo":345,"catfis":"7","descripcion":"27ac"}},{"type":"Feature","id":281916,"geometry":{"type":"Point","coordinates":[-0.36383361908354644,39.483627680602069]},"properties":{"objectid":281916,"codvia":51390,"numportal":10,"dupli_trip":null,"accesorio":"SI","angulo":342,"catfis":"2","descripcion":"10ac"}},{"type":"Feature","id":281917,"geometry":{"type":"Point","coordinates":[-0.39242772812540444,39.428223443726473]},"properties":{"objectid":281917,"codvia":81171,"numportal":10,"dupli_trip":null,"accesorio":"NO","angulo":345,"catfis":"7","descripcion":"10"}},{"type":"Feature","id":281918,"geometry":{"type":"Point","coordinates":[-0.40270624655358767,39.540237090587318]},"properties":{"objectid":281918,"codvia":39750,"numportal":14,"dupli_trip":null,"accesorio":"NO","angulo":72,"catfis":"7","descripcion":"14"}},{"type":"Feature","id":281919,"geometry":{"type":"Point","coordinates":[-0.37781879156215986,39.456273368898415]},"properties":{"objectid":281919,"codvia":57630,"numportal":23,"dupli_trip":null,"accesorio":"NO","angulo":29,"catfis":"4","descripcion":"23"}},{"type":"Feature","id":281920,"geometry":{"type":"Point","coordinates":[-0.27666325010153237,39.27924053244849]},"properties":{"objectid":281920,"codvia":5340,"numportal":2,"dupli_trip":null,"accesorio":"SI","angulo":272,"catfis":"6","descripcion":"2ac"}},{"type":"Feature","id":281921,"geometry":{"type":"Point","coordinates":[-0.3769397216227432,39.488885748677539]},"properties":{"objectid":281921,"codvia":49500,"numportal":15,"dupli_trip":null,"accesorio":"NO","angulo":309,"catfis":"6","descripcion":"15"}},{"type":"Feature","id":281922,"geometry":{"type":"Point","coordinates":[-0.42038438906547076,39.497569892829475]},"properties":{"objectid":281922,"codvia":55770,"numportal":21,"dupli_trip":null,"accesorio":"NO","angulo":4,"catfis":"7","descripcion":"21"}},{"type":"Feature","id":281924,"geometry":{"type":"Point","coordinates":[-0.32784041505255967,39.482799919457619]},"properties":{"objectid":281924,"codvia":44550,"numportal":126,"dupli_trip":null,"accesorio":"NO","angulo":83,"catfis":"7","descripcion":"126"}},{"type":"Feature","id":281925,"geometry":{"type":"Point","coordinates":[-0.36713326718779582,39.457639043404988]},"properties":{"objectid":281925,"codvia":25770,"numportal":19,"dupli_trip":null,"accesorio":"NO","angulo":38,"catfis":"7","descripcion":"19"}},{"type":"Feature","id":281927,"geometry":{"type":"Point","coordinates":[-0.39287123044279504,39.462396368376403]},"properties":{"objectid":281927,"codvia":46110,"numportal":11,"dupli_trip":null,"accesorio":"SI","angulo":73,"catfis":"7","descripcion":"11ac"}},{"type":"Feature","id":282596,"geometry":{"type":"Point","coordinates":[-0.35613538664112088,39.448849060533469]},"properties":{"objectid":282596,"codvia":17670,"numportal":20,"dupli_trip":null,"accesorio":"NO","angulo":0,"catfis":"7","descripcion":"20"}},{"type":"Feature","id":282597,"geometry":{"type":"Point","coordinates":[-0.38959510309810469,39.46310601981947]},"properties":{"objectid":282597,"codvia":13140,"numportal":6,"dupli_trip":null,"accesorio":"SI","angulo":336,"catfis":"4","descripcion":"6ac"}},{"type":"Feature","id":282598,"geometry":{"type":"Point","coordinates":[-0.39997993200348614,39.461703132114906]},"properties":{"objectid":282598,"codvia":81090,"numportal":23,"dupli_trip":null,"accesorio":"NO","angulo":5,"catfis":"6","descripcion":"23"}},{"type":"Feature","id":282599,"geometry":{"type":"Point","coordinates":[-0.32920526462293781,39.480664098253826]},"properties":{"objectid":282599,"codvia":10830,"numportal":11,"dupli_trip":null,"accesorio":"NO","angulo":85,"catfis":"7","descripcion":"11"}},{"type":"Feature","id":282600,"geometry":{"type":"Point","coordinates":[-0.35898184273681627,39.472031245549168]},"properties":{"objectid":282600,"codvia":2610,"numportal":3,"dupli_trip":null,"accesorio":"NO","angulo":75,"catfis":"4","descripcion":"3"}},{"type":"Feature","id":282601,"geometry":{"type":"Point","coordinates":[-0.29522267761969018,39.306772953621]},"properties":{"objectid":282601,"codvia":81668,"numportal":11,"dupli_trip":null,"accesorio":"NO","angulo":41,"catfis":"7","descripcion":"11"}},{"type":"Feature","id":282602,"geometry":{"type":"Point","coordinates":[-0.41360436761693065,39.467303314579929]},"properties":{"objectid":282602,"codvia":81253,"numportal":7,"dupli_trip":null,"accesorio":"NO","angulo":7,"catfis":"7","descripcion":"7"}},{"type":"Feature","id":282603,"geometry":{"type":"Point","coordinates":[-0.35760378907979251,39.449420342000529]},"properties":{"objectid":282603,"codvia":17670,"numportal":8,"dupli_trip":null,"accesorio":"NO","angulo":0,"catfis":"7","descripcion":"8"}},{"type":"Feature","id":282604,"geometry":{"type":"Point","coordinates":[-0.37510334805739665,39.494815039080031]},"properties":{"objectid":282604,"codvia":70530,"numportal":33,"dupli_trip":null,"accesorio":"NO","angulo":287,"catfis":"7","descripcion":"33"}},{"type":"Feature","id":282605,"geometry":{"type":"Point","coordinates":[-0.34019566769976173,39.459266834831368]},"properties":{"objectid":282605,"codvia":36690,"numportal":27,"dupli_trip":null,"accesorio":"SI","angulo":81,"catfis":"7","descripcion":"27ac"}},{"type":"Feature","id":282607,"geometry":{"type":"Point","coordinates":[-0.37790157554301085,39.471893769234612]},"properties":{"objectid":282607,"codvia":41700,"numportal":11,"dupli_trip":null,"accesorio":"NO","angulo":345,"catfis":"3","descripcion":"11"}},{"type":"Feature","id":282608,"geometry":{"type":"Point","coordinates":[-0.3291007240011688,39.472059634739601]},"properties":{"objectid":282608,"codvia":58530,"numportal":27,"dupli_trip":null,"accesorio":"NO","angulo":354,"catfis":"4","descripcion":"27"}},{"type":"Feature","id":282609,"geometry":{"type":"Point","coordinates":[-0.34966708123423407,39.476053573885331]},"properties":{"objectid":282609,"codvia":70920,"numportal":4,"dupli_trip":null,"accesorio":"NO","angulo":359,"catfis":"4","descripcion":"4"}},{"type":"Feature","id":282610,"geometry":{"type":"Point","coordinates":[-0.38581661476861057,39.475193344295199]},"properties":{"objectid":282610,"codvia":12060,"numportal":30,"dupli_trip":null,"accesorio":"NO","angulo":91,"catfis":"4","descripcion":"30"}},{"type":"Feature","id":282611,"geometry":{"type":"Point","coordinates":[-0.36788800307489045,39.450013896982391]},"properties":{"objectid":282611,"codvia":81258,"numportal":21,"dupli_trip":null,"accesorio":"NO","angulo":26,"catfis":"7","descripcion":"21"}},{"type":"Feature","id":282612,"geometry":{"type":"Point","coordinates":[-0.40253757533673995,39.459373672397696]},"properties":{"objectid":282612,"codvia":81392,"numportal":7,"dupli_trip":null,"accesorio":"SI","angulo":27,"catfis":"7","descripcion":"7ac"}},{"type":"Feature","id":282613,"geometry":{"type":"Point","coordinates":[-0.36734268565852363,39.461921308602882]},"properties":{"objectid":282613,"codvia":14040,"numportal":11,"dupli_trip":null,"accesorio":"SI","angulo":346,"catfis":"E","descripcion":"11ac"}},{"type":"Feature","id":282614,"geometry":{"type":"Point","coordinates":[-0.34869778022672815,39.476835223343706]},"properties":{"objectid":282614,"codvia":60060,"numportal":27,"dupli_trip":null,"accesorio":"NO","angulo":88,"catfis":"4","descripcion":"27"}},{"type":"Feature","id":282615,"geometry":{"type":"Point","coordinates":[-0.33789248631014196,39.464350315060202]},"properties":{"objectid":282615,"codvia":38190,"numportal":82,"dupli_trip":null,"accesorio":"NO","angulo":355,"catfis":"6","descripcion":"82"}},{"type":"Feature","id":282616,"geometry":{"type":"Point","coordinates":[-0.37363313857396696,39.456911877348091]},"properties":{"objectid":282616,"codvia":81344,"numportal":6,"dupli_trip":null,"accesorio":"SI","angulo":347,"catfis":"6","descripcion":"6ac"}},{"type":"Feature","id":282617,"geometry":{"type":"Point","coordinates":[-0.35278591427722761,39.473984300647679]},"properties":{"objectid":282617,"codvia":25140,"numportal":3,"dupli_trip":null,"accesorio":"NO","angulo":342,"catfis":"6","descripcion":"3"}},{"type":"Feature","id":282618,"geometry":{"type":"Point","coordinates":[-0.33628500550778301,39.420429990421788]},"properties":{"objectid":282618,"codvia":26580,"numportal":14,"dupli_trip":"DUPL","accesorio":"NO","angulo":80,"catfis":"7","descripcion":"14dup"}},{"type":"Feature","id":282619,"geometry":{"type":"Point","coordinates":[-0.33732214245757569,39.419051287327086]},"properties":{"objectid":282619,"codvia":74550,"numportal":15,"dupli_trip":null,"accesorio":"NO","angulo":74,"catfis":"7","descripcion":"15"}},{"type":"Feature","id":282620,"geometry":{"type":"Point","coordinates":[-0.36162537753404123,39.432918678023881]},"properties":{"objectid":282620,"codvia":64170,"numportal":1,"dupli_trip":null,"accesorio":"NO","angulo":69,"catfis":"7","descripcion":"1"}},{"type":"Feature","id":282687,"geometry":{"type":"Point","coordinates":[-0.35855727438823087,39.472512925106734]},"properties":{"objectid":282687,"codvia":5100,"numportal":32,"dupli_trip":null,"accesorio":"NO","angulo":31,"catfis":"2","descripcion":"32"}},{"type":"Feature","id":282688,"geometry":{"type":"Point","coordinates":[-0.34640594845388389,39.465885561346838]},"properties":{"objectid":282688,"codvia":51090,"numportal":20,"dupli_trip":null,"accesorio":"NO","angulo":72,"catfis":"6","descripcion":"20"}},{"type":"Feature","id":282689,"geometry":{"type":"Point","coordinates":[-0.39477000867310336,39.49353571392799]},"properties":{"objectid":282689,"codvia":12540,"numportal":209,"dupli_trip":null,"accesorio":"SI","angulo":311,"catfis":"6","descripcion":"209ac"}},{"type":"Feature","id":282690,"geometry":{"type":"Point","coordinates":[-0.40484079142070339,39.463184021513641]},"properties":{"objectid":282690,"codvia":73920,"numportal":55,"dupli_trip":null,"accesorio":"NO","angulo":297,"catfis":"6","descripcion":"55"}},{"type":"Feature","id":282691,"geometry":{"type":"Point","coordinates":[-0.37670207337748474,39.49486578420958]},"properties":{"objectid":282691,"codvia":20280,"numportal":35,"dupli_trip":null,"accesorio":"NO","angulo":287,"catfis":"7","descripcion":"35"}},{"type":"Feature","id":282692,"geometry":{"type":"Point","coordinates":[-0.34037974740828475,39.470867466006226]},"properties":{"objectid":282692,"codvia":58680,"numportal":8,"dupli_trip":null,"accesorio":"SI","angulo":72,"catfis":"6","descripcion":"8ac"}},{"type":"Feature","id":282693,"geometry":{"type":"Point","coordinates":[-0.39080304840097152,39.489527985434897]},"properties":{"objectid":282693,"codvia":12540,"numportal":115,"dupli_trip":null,"accesorio":"SI","angulo":5,"catfis":"6","descripcion":"115ac"}},{"type":"Feature","id":282694,"geometry":{"type":"Point","coordinates":[-0.42539538269259519,39.501898815055995]},"properties":{"objectid":282694,"codvia":42420,"numportal":25,"dupli_trip":null,"accesorio":"NO","angulo":301,"catfis":"7","descripcion":"25"}},{"type":"Feature","id":282695,"geometry":{"type":"Point","coordinates":[-0.37335464196764073,39.496730115791493]},"properties":{"objectid":282695,"codvia":34470,"numportal":13,"dupli_trip":null,"accesorio":"NO","angulo":345,"catfis":"7","descripcion":"13"}},{"type":"Feature","id":282696,"geometry":{"type":"Point","coordinates":[-0.38547800563189827,39.530157646471821]},"properties":{"objectid":282696,"codvia":30060,"numportal":83,"dupli_trip":null,"accesorio":"NO","angulo":79,"catfis":"7","descripcion":"83"}},{"type":"Feature","id":282697,"geometry":{"type":"Point","coordinates":[-0.39584179276701997,39.487939222233855]},"properties":{"objectid":282697,"codvia":81435,"numportal":14,"dupli_trip":null,"accesorio":"SI","angulo":300,"catfis":"7","descripcion":"14ac"}},{"type":"Feature","id":282698,"geometry":{"type":"Point","coordinates":[-0.38979455236160576,39.461278744009562]},"properties":{"objectid":282698,"codvia":43260,"numportal":21,"dupli_trip":null,"accesorio":"NO","angulo":31,"catfis":"4","descripcion":"21"}},{"type":"Feature","id":282699,"geometry":{"type":"Point","coordinates":[-0.404735895841417,39.49558388306972]},"properties":{"objectid":282699,"codvia":70260,"numportal":25,"dupli_trip":null,"accesorio":"NO","angulo":121,"catfis":"6","descripcion":"25"}},{"type":"Feature","id":282700,"geometry":{"type":"Point","coordinates":[-0.37816812614859718,39.495631503572646]},"properties":{"objectid":282700,"codvia":40110,"numportal":1,"dupli_trip":null,"accesorio":"SI","angulo":289,"catfis":"7","descripcion":"1ac"}},{"type":"Feature","id":282701,"geometry":{"type":"Point","coordinates":[-0.39777001107752852,39.493838483349016]},"properties":{"objectid":282701,"codvia":9840,"numportal":21,"dupli_trip":null,"accesorio":"SI","angulo":314,"catfis":"7","descripcion":"21ac"}},{"type":"Feature","id":282702,"geometry":{"type":"Point","coordinates":[-0.37157727686029696,39.487053220408313]},"properties":{"objectid":282702,"codvia":47400,"numportal":50,"dupli_trip":null,"accesorio":"SI","angulo":348,"catfis":"6","descripcion":"50ac"}},{"type":"Feature","id":282703,"geometry":{"type":"Point","coordinates":[-0.34666070749076389,39.465723716174594]},"properties":{"objectid":282703,"codvia":51090,"numportal":15,"dupli_trip":null,"accesorio":"NO","angulo":72,"catfis":"6","descripcion":"15"}},{"type":"Feature","id":282704,"geometry":{"type":"Point","coordinates":[-0.37774995351170609,39.488302646403142]},"properties":{"objectid":282704,"codvia":14370,"numportal":4,"dupli_trip":null,"accesorio":"NO","angulo":286,"catfis":"7","descripcion":"4"}},{"type":"Feature","id":282706,"geometry":{"type":"Point","coordinates":[-0.37941492352033973,39.464082876859706]},"properties":{"objectid":282706,"codvia":77490,"numportal":15,"dupli_trip":null,"accesorio":"SI","angulo":323,"catfis":"3","descripcion":"15ac"}},{"type":"Feature","id":282707,"geometry":{"type":"Point","coordinates":[-0.37194962433531936,39.476604956892025]},"properties":{"objectid":282707,"codvia":28380,"numportal":4,"dupli_trip":null,"accesorio":"NO","angulo":335,"catfis":"6","descripcion":"4"}},{"type":"Feature","id":282708,"geometry":{"type":"Point","coordinates":[-0.387179766811454,39.457044153992435]},"properties":{"objectid":282708,"codvia":37770,"numportal":1,"dupli_trip":null,"accesorio":"NO","angulo":57,"catfis":"6","descripcion":"1"}},{"type":"Feature","id":281150,"geometry":{"type":"Point","coordinates":[-0.33388538883227253,39.466553792701852]},"properties":{"objectid":281150,"codvia":27990,"numportal":85,"dupli_trip":null,"accesorio":"NO","angulo":84,"catfis":"7","descripcion":"85"}},{"type":"Feature","id":281151,"geometry":{"type":"Point","coordinates":[-0.3861700007158545,39.449166954445289]},"properties":{"objectid":281151,"codvia":14490,"numportal":2,"dupli_trip":null,"accesorio":"NO","angulo":79,"catfis":"6","descripcion":"2"}},{"type":"Feature","id":281152,"geometry":{"type":"Point","coordinates":[-0.36239699378919799,39.421155242450766]},"properties":{"objectid":281152,"codvia":4890,"numportal":23,"dupli_trip":null,"accesorio":"NO","angulo":354,"catfis":"7","descripcion":"23"}},{"type":"Feature","id":281154,"geometry":{"type":"Point","coordinates":[-0.41661195311822813,39.497479520433203]},"properties":{"objectid":281154,"codvia":10950,"numportal":15,"dupli_trip":null,"accesorio":"NO","angulo":358,"catfis":"7","descripcion":"15"}},{"type":"Feature","id":281155,"geometry":{"type":"Point","coordinates":[-0.37014870112980425,39.462192428970283]},"properties":{"objectid":281155,"codvia":56550,"numportal":7,"dupli_trip":null,"accesorio":"NO","angulo":31,"catfis":"4","descripcion":"7"}},{"type":"Feature","id":281156,"geometry":{"type":"Point","coordinates":[-0.39827752770078306,39.465152012068884]},"properties":{"objectid":281156,"codvia":81110,"numportal":11,"dupli_trip":null,"accesorio":"NO","angulo":349,"catfis":"7","descripcion":"11"}},{"type":"Feature","id":281157,"geometry":{"type":"Point","coordinates":[-0.39388782699171559,39.466662291526511]},"properties":{"objectid":281157,"codvia":22740,"numportal":43,"dupli_trip":null,"accesorio":"NO","angulo":349,"catfis":"4","descripcion":"43"}},{"type":"Feature","id":281159,"geometry":{"type":"Point","coordinates":[-0.39163858944152191,39.474308622661539]},"properties":{"objectid":281159,"codvia":62010,"numportal":139,"dupli_trip":null,"accesorio":"NO","angulo":64,"catfis":"3","descripcion":"139"}},{"type":"Feature","id":281160,"geometry":{"type":"Point","coordinates":[-0.33089327855029721,39.481618584456811]},"properties":{"objectid":281160,"codvia":81176,"numportal":61,"dupli_trip":"DUPL","accesorio":"NO","angulo":81,"catfis":"7","descripcion":"61dup"}},{"type":"Feature","id":281161,"geometry":{"type":"Point","coordinates":[-0.3775332408538366,39.434090511565763]},"properties":{"objectid":281161,"codvia":15840,"numportal":1,"dupli_trip":null,"accesorio":"NO","angulo":81,"catfis":"7","descripcion":"1"}},{"type":"Feature","id":281162,"geometry":{"type":"Point","coordinates":[-0.39997122637081584,39.483706627782908]},"properties":{"objectid":281162,"codvia":45690,"numportal":24,"dupli_trip":null,"accesorio":"NO","angulo":103,"catfis":"6","descripcion":"24"}},{"type":"Feature","id":281163,"geometry":{"type":"Point","coordinates":[-0.37994945400992519,39.475414723901736]},"properties":{"objectid":281163,"codvia":11610,"numportal":16,"dupli_trip":null,"accesorio":"NO","angulo":289,"catfis":"4","descripcion":"16"}},{"type":"Feature","id":281164,"geometry":{"type":"Point","coordinates":[-0.42031127673847035,39.502652199505484]},"properties":{"objectid":281164,"codvia":13620,"numportal":8,"dupli_trip":null,"accesorio":"NO","angulo":31,"catfis":"6","descripcion":"8"}},{"type":"Feature","id":281166,"geometry":{"type":"Point","coordinates":[-0.38192235638570526,39.492472942895049]},"properties":{"objectid":281166,"codvia":25440,"numportal":33,"dupli_trip":null,"accesorio":"NO","angulo":17,"catfis":"6","descripcion":"33"}},{"type":"Feature","id":281167,"geometry":{"type":"Point","coordinates":[-0.37248924297100872,39.463510177682835]},"properties":{"objectid":281167,"codvia":66090,"numportal":56,"dupli_trip":null,"accesorio":"NO","angulo":329,"catfis":"1","descripcion":"56"}}],"exceededTransferLimit":true}