{"type":"FeatureCollection","features":[{"type":"Feature","id":2040,"geometry":{"type":"Polygon","coordinates":[[[-0.39211745954850191,39.431839381982456],[-0.39275725845694154,39.431956155874701],[-0.39252185430055586,39.4327527188155],[-0.39227623840241638,39.433403387713412],[-0.39205929577020843,39.434212066122676],[-0.39179964282509672,39.434842617366137],[-0.39157652526927322,39.435397754804448],[-0.39373762170659227,39.435702973593486],[-0.393007123216077,39.438348638829254],[-0.39802887840930645,39.4404385693215],[-0.40107312319346644,39.44281289160304],[-0.40331934441065476,39.444899080072744],[-0.40585349728372644,39.44764481340107],[-0.409208497385736,39.452309654194259],[-0.41435256350905569,39.459593381039404],[-0.41438753301403686,39.459545988629138],[-0.41440211213358008,39.459480548272609],[-0.41443126482561876,39.459415107811097],[-0.41447220637117377,39.459309678000345],[-0.41452759184138238,39.459133660726103],[-0.4145625738614469,39.459025332579373],[-0.41459172028369068,39.458977945693903],[-0.41462668727682539,39.458932805362686],[-0.41471995844277998,39.458684577860964],[-0.41474327083251289,39.458601079753251],[-0.41475518455262933,39.458531652183915],[-0.41476975317752923,39.458488769730394],[-0.41478432519472114,39.458466202340531],[-0.4148600923716389,39.45842332980812],[-0.41490672517237293,39.458391736942261],[-0.41494169566873312,39.458378199684503],[-0.41499414921273681,39.45836015044955],[-0.41499415931369871,39.458265368401229],[-0.41499999023443401,39.458220237551032],[-0.4150378803701712,39.458143513955051],[-0.41507285675141403,39.458075806476636],[-0.41507576691596504,39.458046475272653],[-0.41507868744813381,39.457958460546386],[-0.41509035085133994,39.45785464953147],[-0.41511659556402886,39.457730523500096],[-0.41515339450018574,39.457616388792147],[-0.41513596197203612,39.457534759127093],[-0.41513642458017064,39.457466680401851],[-0.41513285335885491,39.457428151133165],[-0.41513311803064812,39.457389599070034],[-0.41513837171014811,39.457225664448877],[-0.4151386237571052,39.457189337293983],[-0.41513982056781235,39.457166733637592],[-0.41516419439258756,39.457107907284389],[-0.41518316573724967,39.457077302670356],[-0.41523097842061929,39.456888504134987],[-0.41523646357706345,39.456799951838946],[-0.41527565884744672,39.456691699101007],[-0.4153165677882269,39.456537449141308],[-0.4153454798059546,39.456404652750301],[-0.41536954559159905,39.456303576908915],[-0.41540479229280747,39.456242974299911],[-0.41543520606342205,39.456149354808602],[-0.41545316693129181,39.456063764563154],[-0.41548330672623013,39.455982255891627],[-0.41551779257017002,39.455916140913317],[-0.41553077117471676,39.455835484827773],[-0.41554105250453482,39.455757372324236],[-0.4155704146698474,39.455696873033538],[-0.41561010632458528,39.45562322525123],[-0.4156245640799392,39.455565403489942],[-0.41566350113929179,39.455445874751042],[-0.41567061576650099,39.455345926386094],[-0.41565136185305163,39.455256355494015],[-0.41561441377799785,39.455187390828286],[-0.41560928382809592,39.455111521169243],[-0.41557094485901092,39.454948238724889],[-0.41556293521306098,39.454898376699106],[-0.41562943362237398,39.454899855366136],[-0.41572789725171999,39.454903954626459],[-0.41590786403807084,39.454904136285826],[-0.41603384098518681,39.454897378706399],[-0.41606403926877245,39.454880852146466],[-0.4160677725813165,39.454846530266792],[-0.41604807860484583,39.4547792105678],[-0.41601594872269371,39.454672038413243],[-0.41598802164090837,39.45458602243027],[-0.41601339319659081,39.454532848587512],[-0.41601134253421679,39.45449027211378],[-0.41600453357540035,39.454459463543571],[-0.41598373901715069,39.454423154925848],[-0.41593409616390115,39.454375682557902],[-0.41591255598135851,39.454291051780437],[-0.41588453856668356,39.454181412500958],[-0.41584863000912675,39.454084984947507],[-0.41580992472694261,39.453999134677638],[-0.41578025337719637,39.453934836285683],[-0.415797792180086,39.453879470340418],[-0.41586287580700609,39.453854143039024],[-0.41598021699597765,39.453816590352517],[-0.41605109531400902,39.453768437168129],[-0.41621507535302321,39.453737659760044],[-0.41634383148791732,39.453678955379544],[-0.41640919773656238,39.453645976507275],[-0.41647139522008042,39.453632062007642],[-0.41655670082707208,39.45359378761674],[-0.41664186485902971,39.453559338786405],[-0.4167571528377883,39.453501866090761],[-0.41691417453511315,39.453423231039565],[-0.41696059017303533,39.453368794958486],[-0.41708514812523922,39.453241628088605],[-0.41735693424504172,39.453136281956503],[-0.41740545696357584,39.453141134873476],[-0.41744477518826217,39.453150413809119],[-0.41758428688683341,39.453111280058771],[-0.41785639878682973,39.453037011592755],[-0.41795731991491653,39.453022974611507],[-0.41807490991461888,39.452990569371089],[-0.41832323157342832,39.452936789017485],[-0.41858128054391547,39.452867566744615],[-0.41872107156861438,39.452806690386964],[-0.41883007568974184,39.452760066867107],[-0.41898828103666841,39.452703698164072],[-0.41912187941016854,39.452656926833477],[-0.41923723324978346,39.452636578678643],[-0.419428159306519,39.452606692291667],[-0.41952004293439055,39.452591597438968],[-0.41963304686996111,39.452578547960677],[-0.41961767870467054,39.452470172294845],[-0.41956408918301052,39.452348939222588],[-0.41955182380402284,39.452261641139145],[-0.41955693983881442,39.452181341467465],[-0.41965649654129789,39.452152921552369],[-0.41973209828601515,39.452097582743043],[-0.41981975438438485,39.45203049363608],[-0.41996840995677748,39.451988785227122],[-0.42008313044728474,39.451922305697714],[-0.42020183946768791,39.451852914624126],[-0.420304418031688,39.451801174162725],[-0.42039271524069721,39.451768936182496],[-0.42056785352650539,39.451749868498638],[-0.42076385535367367,39.451738849014987],[-0.42095842711721493,39.451741382860945],[-0.42108432368026127,39.45173191528054],[-0.42138307781306061,39.451726435825364],[-0.42159356565289768,39.45172120471252],[-0.42177255446790796,39.451713977217494],[-0.42183178133822102,39.451697669623577],[-0.4218673288989131,39.451674350360364],[-0.42188161256148593,39.45164406401824],[-0.42188877716694823,39.451611772942464],[-0.42191683077646941,39.451560080622933],[-0.42197032564495807,39.451544483639722],[-0.42206285858237175,39.451530320058602],[-0.42214190339821978,39.451520478805229],[-0.42219505440179816,39.451514198285487],[-0.42233232658698833,39.451509774367416],[-0.42246005336917963,39.451503282773572],[-0.42251866179159309,39.451481366592866],[-0.4225589126556577,39.451484259160317],[-0.42276729480589748,39.451498600564804],[-0.4229900715280831,39.451524053396085],[-0.42310303391663717,39.451526557934102],[-0.42323413589024306,39.451559301942417],[-0.42335285232211806,39.451574987678612],[-0.42345620099464609,39.451577278748793],[-0.42358139857467225,39.451574459532246],[-0.4236973830173944,39.451560246927912],[-0.42383887821663002,39.451533320548002],[-0.42403569982804701,39.451479872831918],[-0.42419123860052826,39.451436698930841],[-0.42430948877322927,39.45142626560181],[-0.42446237652130009,39.451416536636401],[-0.4245914190262885,39.451439909281767],[-0.42471509357695747,39.451478081563799],[-0.42483651379667359,39.451512474088958],[-0.42494694281686879,39.451559748926947],[-0.42508256674899264,39.451600041390606],[-0.42519718939159262,39.451623084901385],[-0.42532402351504744,39.451640813296464],[-0.42543363304021048,39.451669349053567],[-0.4255125924133204,39.451680422246163],[-0.42568234977166508,39.451705163984045],[-0.42579829214756221,39.451727407317286],[-0.42582934561343316,39.451756950547342],[-0.42587137291866672,39.451810349105401],[-0.42589212064350485,39.45185593412829],[-0.42589965808718977,39.45196106361734],[-0.42589299552561383,39.452050104055019],[-0.42588492730226968,39.452131248600494],[-0.42594826524421925,39.452157569917489],[-0.42604960265223618,39.452162435731438],[-0.42615437859062372,39.452166071313684],[-0.42643808248223902,39.452169831030929],[-0.42658773573065389,39.452149523296221],[-0.42667651735857304,39.452173785978282],[-0.42694274567840901,39.452188860094495],[-0.42725910729435285,39.452190620091862],[-0.42757806197529064,39.452161725310845],[-0.42783638072632452,39.452135037280158],[-0.42802036392190246,39.452110217216585],[-0.42819751428191904,39.452099281521463],[-0.42833617703730553,39.452088358840577],[-0.42854588631418628,39.452055053215055],[-0.42872445333607467,39.452021724923071],[-0.42888420538443328,39.452008952847144],[-0.42900811159026542,39.45199072103474],[-0.42913659359030065,39.451974770453553],[-0.42931661416895506,39.451983400783618],[-0.42944576363621928,39.451986257172834],[-0.42952339698055203,39.451993919984133],[-0.42966644748959482,39.451951534593455],[-0.4301171970756435,39.451803620934257],[-0.43041958133673941,39.451727568736537],[-0.43070195452116694,39.451649938269099],[-0.430799681388365,39.451602252310849],[-0.43117117587417558,39.451510888144369],[-0.43129576521521878,39.451474038572869],[-0.4315014373348664,39.451430665496865],[-0.43169219565293659,39.45138552108159],[-0.43188670341287311,39.45134047721249],[-0.43198707525700847,39.451309316944737],[-0.43191677791928296,39.451235188070733],[-0.43179767998004304,39.451118891287088],[-0.43173738775349574,39.45104255998536],[-0.43159400925901442,39.450874600986616],[-0.4315363920360491,39.450791896341066],[-0.43150335306235205,39.450724644536614],[-0.43143879847210459,39.450622984969115],[-0.43131224606489715,39.450461388384035],[-0.43121056102562971,39.450334566059659],[-0.43107953500274487,39.450170464978839],[-0.43092302591364223,39.449966251434198],[-0.4308170993950004,39.449826515359284],[-0.43073188311694544,39.449766010791052],[-0.43055167518396148,39.449653938411018],[-0.43034944223860822,39.449431127937125],[-0.43026059300314068,39.449265652117056],[-0.4301531756906824,39.449082162307839],[-0.43002074146002378,39.4488569666104],[-0.42990704550632519,39.44877595810398],[-0.42984941048523145,39.44869004507521],[-0.42979562940959853,39.448616559430015],[-0.42976791646617918,39.448620018636205],[-0.42970123180343656,39.448522049709965],[-0.42960273757429207,39.448394242522916],[-0.42952413230344533,39.448288352315004],[-0.42946028779160789,39.448178266033217],[-0.42938707918068886,39.448073197778776],[-0.42930491353508576,39.447938715520834],[-0.42923768936530871,39.44782796879214],[-0.42918026225113648,39.447730447565696],[-0.42914685253840446,39.447684420873955],[-0.42904240983912206,39.447559490621636],[-0.42897008426170552,39.447468351379229],[-0.42877043277441779,39.447248315995253],[-0.42859955985182918,39.447062502115863],[-0.42853133859377424,39.446940697026754],[-0.42846638486325234,39.446844720628739],[-0.42841459596290632,39.446765170397278],[-0.42836683108218676,39.446711411560514],[-0.42834827811996068,39.446675010528892],[-0.42834820315311128,39.446630640046628],[-0.42836144976140023,39.446589275981879],[-0.42840939309320397,39.446499590080052],[-0.42844337305680924,39.44643222558215],[-0.42851340070004701,39.446381487216904],[-0.42853735443876695,39.446350071601401],[-0.42854075099717537,39.446331660484184],[-0.42853310412523082,39.446300752946783],[-0.42852801346274766,39.446269847907544],[-0.42854397367282787,39.446221994382562],[-0.42857436125028137,39.446162252974297],[-0.42865377305630559,39.446010903531409],[-0.4286861414660853,39.445892278698608],[-0.42879787674295311,39.445694230359919],[-0.42886015742191413,39.445578645504241],[-0.42887592045202472,39.445510877893533],[-0.42885017648107698,39.445440020985458],[-0.42869947059727065,39.445293896124916],[-0.42859556001614735,39.44519313911789],[-0.42843317489089139,39.44505151224071],[-0.42829560832767971,39.444933271821604],[-0.42799042552406619,39.444682053671137],[-0.42773401880719569,39.444483958573009],[-0.42752891741305188,39.44432864655014],[-0.42731911611890744,39.444208229721703],[-0.42725435935416706,39.444193481253897],[-0.42692166807079801,39.44404642496535],[-0.42688914953659562,39.4440150928599],[-0.42677805189524437,39.443919364279957],[-0.42667684510283949,39.443786017192004],[-0.4266089411162049,39.443686370895229],[-0.42655791302596768,39.443586278383094],[-0.4265203328530992,39.443481330499878],[-0.42645030800970307,39.443342745735315],[-0.4263519772210278,39.443125354957765],[-0.426195171327093,39.442906633260542],[-0.42607144637344829,39.442732364097651],[-0.4259520753845798,39.442545578764133],[-0.42585022622442098,39.442410838380937],[-0.42568357391670636,39.442213158950793],[-0.42561114817255785,39.442082736630198],[-0.4255228222311897,39.441953106228112],[-0.42545960000091404,39.44183716676622],[-0.4254218924061422,39.441752143394673],[-0.4253741157244248,39.441675203187998],[-0.42527319586348372,39.441588464294355],[-0.42516230382458986,39.441475964182047],[-0.42501999981452498,39.441299327427984],[-0.42493230081426941,39.441179539183402],[-0.42487813735623048,39.441066268533199],[-0.42482943829836739,39.440980019495655],[-0.42478719438792245,39.44088444509655],[-0.42474543058955266,39.440766701405877],[-0.42469403010318607,39.440505322493934],[-0.42466205510893823,39.4403792281826],[-0.42461631867916794,39.440212604217685],[-0.42456051486349394,39.440028171798737],[-0.42452785644161645,39.439953737362401],[-0.42444720409615277,39.439792240523502],[-0.42437969151054206,39.439668917213289],[-0.42434289546314025,39.439577823672991],[-0.42429411674150863,39.439493149203713],[-0.42423165362520548,39.43932299231237],[-0.4241760748289396,39.439190816320838],[-0.42413284202899049,39.439027553905724],[-0.42406904080382507,39.438876700375445],[-0.42399918137492992,39.438785252385806],[-0.42390257608573534,39.438674283909371],[-0.42379105907782927,39.438545507595528],[-0.42375142338880956,39.438461828321586],[-0.42365672757095241,39.438381658356406],[-0.42358547480955994,39.438328034646609],[-0.42352623707675441,39.438279406884938],[-0.42345672769923437,39.438178497978129],[-0.42327361519659457,39.437930766200864],[-0.42318506727613564,39.437819065850661],[-0.42308907457581568,39.437691551928168],[-0.42293657982978117,39.437438102069216],[-0.42291243530483869,39.437401296935754],[-0.42283070647606902,39.437289017781438],[-0.42278076440359552,39.437222749107079],[-0.42272052015866202,39.437128675741548],[-0.42257651774110955,39.436905548487637],[-0.42246027439535599,39.436762990607377],[-0.42239541888223314,39.436665130183279],[-0.42235138814924716,39.436574055768311],[-0.42224263482883245,39.436422799006557],[-0.42217312871640261,39.436321898425838],[-0.42207232730884681,39.436221862295973],[-0.42188074672492448,39.436028219197581],[-0.42168685289357821,39.435825191256427],[-0.42157700829865485,39.435742323283101],[-0.42142109007473089,39.435667901518812],[-0.42131939211946989,39.43561867308582],[-0.42126866186051615,39.43558171026514],[-0.42120897588652506,39.435528017406099],[-0.42111322432219972,39.43550592940344],[-0.42101726594006594,39.435488818656601],[-0.42096634712998227,39.43547271613938],[-0.4208772877567053,39.435418506536209],[-0.42077864115019348,39.435358075201805],[-0.42067190721751513,39.435284149174926],[-0.42059682904397788,39.435209664253996],[-0.42053575911830376,39.435146273793258],[-0.42018232150214119,39.435248401914471],[-0.41984379733511762,39.435342418635777],[-0.41944269918744892,39.435461927785582],[-0.41904950690308751,39.435519260479026],[-0.41877056926303957,39.435563831904368],[-0.41845992313290165,39.435602203031408],[-0.41817010762795159,39.435628612725061],[-0.41766368274651428,39.435680083326631],[-0.41734996817672548,39.435711230238816],[-0.41699716111447538,39.435742336443134],[-0.41674663863975503,39.435768354454716],[-0.41637724710449159,39.43580620723143],[-0.41611382917967726,39.435837234479784],[-0.41563773417991295,39.435901307183542],[-0.41497422204482831,39.43596156151861],[-0.41461471482485807,39.435994403317984],[-0.41438639206223921,39.436018855944624],[-0.41413777729073342,39.436042874726503],[-0.41376322321041015,39.436085478114308],[-0.41348613106533283,39.436121159031423],[-0.41320689196780108,39.436133539559521],[-0.41300614790549417,39.436142954747908],[-0.41273940420336774,39.436141666479998],[-0.4124425506030367,39.436144364937817],[-0.41205599833406953,39.436140408040607],[-0.4116465708796852,39.436138327844269],[-0.41144585851867443,39.436142804166195],[-0.41109647719441866,39.436125212565102],[-0.41076484972255867,39.436106321710277],[-0.41058650693486309,39.43611253805107],[-0.41033326251535707,39.436130400568466],[-0.4098858582309754,39.43615962980418],[-0.40955146848743057,39.436186123759434],[-0.40922285046156343,39.436202331118864],[-0.40887587671721637,39.436205047476001],[-0.40858511057510721,39.436206493398174],[-0.40821494745868586,39.436198249502844],[-0.40781413531550198,39.436199753233552],[-0.40727211075320302,39.43621404263012],[-0.40690064413750926,39.436216513064359],[-0.40649972330722833,39.436220631413065],[-0.40632089091632784,39.436229695090553],[-0.40614762909405905,39.436270224693004],[-0.40595558634813933,39.43630528994052],[-0.40548549378062065,39.436339419199498],[-0.40516782558961956,39.436368886300237],[-0.40488034642485826,39.436401630088348],[-0.40468371262264591,39.436436410543386],[-0.40434808312085274,39.436425817281005],[-0.404054177710438,39.436465469466349],[-0.4036482573558493,39.436532204109355],[-0.40326531261490717,39.436588721020513],[-0.40301180559026684,39.436641389965885],[-0.4028013110114203,39.436695217610009],[-0.40267464272845865,39.43673800825605],[-0.40251224240651473,39.436679695481921],[-0.40233955984982123,39.436644846040842],[-0.40226520883730954,39.436621310903156],[-0.4023003673053826,39.436488071597168],[-0.40235397963872582,39.436310623715919],[-0.40238474548368702,39.436179592483462],[-0.40240801130898934,39.436078744538918],[-0.40242640650865619,39.436007354875002],[-0.4024475012466569,39.435945854215916],[-0.40251391874343923,39.435803331517747],[-0.40256043291716814,39.435695561706432],[-0.40260341031319502,39.43561449623305],[-0.40261960079340886,39.435558345329021],[-0.4026226488295464,39.435473820086898],[-0.40261611197359504,39.435306766562817],[-0.40259912581539353,39.435096705396433],[-0.40259902114027529,39.435048874929272],[-0.40258786839976785,39.43499322112536],[-0.40258354837117305,39.434839982689745],[-0.40259125945149199,39.434694373341173],[-0.40258524563308645,39.434563267899442],[-0.40258198529191985,39.434501565314328],[-0.40257362507566991,39.434428289478284],[-0.40254648479272021,39.434302657812289],[-0.40254383616913714,39.434264824402383],[-0.40253749876480532,39.434216836638967],[-0.40251990327297066,39.434112282809195],[-0.40249417138277466,39.433968763940491],[-0.40247634640499103,39.433835061252353],[-0.40247401268587113,39.433730605210648],[-0.40251812342159343,39.433479882828777],[-0.40251330568446553,39.433386623365294],[-0.40248656678677047,39.433268333869677],[-0.40244847453397842,39.433122935194973],[-0.40241101821155234,39.432902903142626],[-0.40238358808068364,39.432693491373129],[-0.40236226640255873,39.43259825049816],[-0.40233711052421911,39.432494897023979],[-0.40234305919389218,39.432386085573675],[-0.40235273733451538,39.432236934617812],[-0.4023769519725241,39.432142711323586],[-0.40238750551239072,39.432081921002982],[-0.40238427743365918,39.4320015346972],[-0.40235133613532803,39.431884169601851],[-0.40234427354202607,39.431795679700485],[-0.40234649721666099,39.431678001338184],[-0.40234228553544343,39.431512477139265],[-0.40232183338838745,39.431279735104901],[-0.40230952466973796,39.431109210200958],[-0.40229619571435732,39.430978022297175],[-0.40226031397538387,39.430816628112829],[-0.40222489006082202,39.430642604685481],[-0.40222253672420943,39.43051804934381],[-0.40221515873333108,39.430448056616932],[-0.40220581811467621,39.430386488377998],[-0.40219274984304337,39.430310503700987],[-0.40217562805013596,39.430259509162475],[-0.40215256208078637,39.430214669979591],[-0.40212493769380142,39.430152449882087],[-0.40209547908671511,39.430077693465527],[-0.40205742411404105,39.429955421261241],[-0.40202465346650679,39.429841627387958],[-0.40199652579244916,39.429754819779291],[-0.40197550160025064,39.429706936147007],[-0.40196415407291414,39.429669683051131],[-0.4019375115905145,39.429609809145596],[-0.4019216775872787,39.429571059395847],[-0.40190734942388556,39.429523361443543],[-0.40189743371279835,39.429498221254384],[-0.40187428834682654,39.42944990281277],[-0.4018588852718617,39.429399559244551],[-0.40184973479279718,39.429334761033708],[-0.40184064452924073,39.429284909904752],[-0.40182677235584185,39.429236510431807],[-0.40181665295409447,39.429171528401298],[-0.40180443271335953,39.42909305815968],[-0.40179830218244689,39.428978571378899],[-0.401795672576993,39.428863343037435],[-0.40179751107739337,39.42878917795543],[-0.40178443057621849,39.428681031235378],[-0.40177211898047815,39.428590955502038],[-0.40176403143164485,39.428535694418557],[-0.40175856244487235,39.428465924497246],[-0.40175174140264225,39.428400340512546],[-0.40173757634647927,39.428285746207216],[-0.40173057329886436,39.428192239619499],[-0.4017184360182125,39.428066843936421],[-0.40171186045402363,39.427980590043411],[-0.40169260784102179,39.427907872423454],[-0.40166727944198638,39.427785154817016],[-0.40164047074762599,39.427745718282658],[-0.4016163307600249,39.427721368214208],[-0.40157607637566561,39.427710837924295],[-0.40144921444655585,39.427711758837702],[-0.4013454259213256,39.427728843848392],[-0.4012730182817576,39.427732666532755],[-0.40117434534674129,39.427726505714226],[-0.40108057427507826,39.427710977057508],[-0.40098477729338189,39.427709637066854],[-0.40085393522718954,39.427718567328242],[-0.40076613960701218,39.427721351950545],[-0.4006462205277036,39.427715499394949],[-0.40036838844635309,39.427717142251865],[-0.40029119522349177,39.427709082691983],[-0.40022767713356128,39.427705013551474],[-0.40014105138493433,39.427699454612224],[-0.40006891499957509,39.42769660702951],[-0.39998444488250662,39.427718672375342],[-0.39991578154672941,39.427744568641032],[-0.39984145062145443,39.427771680417663],[-0.39976820168696353,39.427785627344981],[-0.39970078142235604,39.427797461395741],[-0.39965522896515698,39.427829441958806],[-0.39958903385263561,39.427856744573127],[-0.39953594525343666,39.427858349724424],[-0.39948343051710961,39.42785858032142],[-0.39942244061839643,39.427867738281883],[-0.3993805932396518,39.427887549543939],[-0.39931581721090109,39.427925415130105],[-0.39926837582735769,39.427959452347551],[-0.39922405341861605,39.427983027944208],[-0.39916607270386728,39.428008406016644],[-0.39910999256827817,39.428031718505238],[-0.39906335931976128,39.428053395515612],[-0.39901835459252816,39.428070640540085],[-0.39897472688525515,39.428093024393362],[-0.39890723479869339,39.42813081996443],[-0.39885644424761885,39.428157764150434],[-0.39880301603376211,39.428182541213339],[-0.39876763053966618,39.4282091273814],[-0.39873554159629376,39.428244210609371],[-0.39870299467987941,39.428291914029373],[-0.39866433150457808,39.428346957940263],[-0.39863795313293354,39.428399024544483],[-0.39861448810740235,39.428445534797198],[-0.39859408994092205,39.428482987681626],[-0.39855261017996879,39.428467302869407],[-0.39848069693255872,39.428453756736594],[-0.39840903656177018,39.428457765515958],[-0.39835309422547188,39.428453009046784],[-0.39827843891129355,39.428440104112354],[-0.39814970655870152,39.428429132865126],[-0.39802353794474254,39.428422002590182],[-0.39791153851721195,39.428404964271941],[-0.39781334023222109,39.428401640001582],[-0.39776388646078104,39.42840950579459],[-0.39773373443336291,39.428442469966647],[-0.39772022880432534,39.428476059029038],[-0.39770941685793959,39.428482843915788],[-0.39766858418248818,39.428471002048788],[-0.39763872258334543,39.42846214447497],[-0.39760332074061483,39.428461378960336],[-0.39755185591996012,39.428464911414487],[-0.39748320984546104,39.428484058957245],[-0.39745345104395863,39.428490852058538],[-0.39740568891809036,39.428489782728562],[-0.39735171787259083,39.428490114883665],[-0.39731810568606657,39.428479344452292],[-0.39730189956348472,39.428453162158419],[-0.3972597787939291,39.428369517578531],[-0.39720903926499668,39.428283049412897],[-0.39719135599415711,39.4282581673436],[-0.39715226725190916,39.428199175842202],[-0.39712805577897226,39.428167111656556],[-0.39711224956989533,39.428143920229786],[-0.39706551615131652,39.42805126251654],[-0.39705334187808472,39.428022251591983],[-0.39704932175348973,39.427985144094066],[-0.39703387538241403,39.427937312423722],[-0.39701399007705279,39.427890768721262],[-0.39697221459989729,39.427875869510011],[-0.39692478228313399,39.427867825491383],[-0.39675024586173901,39.427862520605125],[-0.39662628592784377,39.427860059839261],[-0.39648982757666845,39.427854769506659],[-0.39627257442193004,39.427855480053644],[-0.39597959354079321,39.427853394754635],[-0.39576818018334664,39.42785200998221],[-0.3957583740857204,39.427828358209361],[-0.39576287746953748,39.42778448677219],[-0.39576535411973768,39.427755731869127],[-0.39576505514063781,39.427726022905006],[-0.39576013864329224,39.42768898537593],[-0.39575058719818151,39.427655690800215],[-0.39574771677212145,39.42761143795385],[-0.39575024355144484,39.427544225278474],[-0.39575885485036449,39.427482067760202],[-0.39576565402551095,39.427420220990101],[-0.39576739110931303,39.42737358491388],[-0.39576747117723793,39.427347109617969],[-0.39576475574344283,39.427318031191476],[-0.39573847680943397,39.427300019297924],[-0.39569929062246995,39.4272907811634],[-0.39565623614034851,39.427280609517069],[-0.3956170757944284,39.427270678250437],[-0.39554275466645494,39.427264130318243],[-0.39546009581715269,39.427264368399236],[-0.39537846011631678,39.42726115191973],[-0.39518840227842189,39.42727028950037],[-0.39497321215049291,39.427263692619078],[-0.39474087498525695,39.427260251535486],[-0.39458033472166654,39.427263761457525],[-0.39447496432646567,39.427255940362642],[-0.3943539909369404,39.427242571311758],[-0.39429472570880192,39.427234125857247],[-0.39412841609108057,39.427207299073828],[-0.39402553927514328,39.42719647045309],[-0.3940233236897378,39.427220384391546],[-0.39402200432024631,39.427227733082631],[-0.39211745954850191,39.431839381982456]]]},"properties":{"codsecc":"12","coddistsecc":"1912","objectid":2040,"st_area(shape)":4950213.1172284996,"coddistrit":"19"}},{"type":"Feature","id":460,"geometry":{"type":"Polygon","coordinates":[[[-0.3743054743542415,39.450382137881704],[-0.37407981374878496,39.450048217836567],[-0.37337976194808609,39.449023420721986],[-0.37232048555424441,39.449458918014265],[-0.37328263330873962,39.450813971432581],[-0.3743054743542415,39.450382137881704]]]},"properties":{"codsecc":"27","coddistsecc":"1027","objectid":460,"st_area(shape)":17431.249344,"coddistrit":"10"}},{"type":"Feature","id":462,"geometry":{"type":"Polygon","coordinates":[[[-0.39107332020541308,39.450732769439185],[-0.39184867165682336,39.451051967223343],[-0.39267881527708459,39.449845398989893],[-0.38979332921118104,39.449303164961428],[-0.38955478210494543,39.45053651409772],[-0.39107332020541308,39.450732769439185]]]},"properties":{"codsecc":"20","coddistsecc":"0920","objectid":462,"st_area(shape)":31316.789187499999,"coddistrit":"9"}},{"type":"Feature","id":469,"geometry":{"type":"Polygon","coordinates":[[[-0.38931709910499429,39.449220389264092],[-0.38961274862909967,39.447722570999261],[-0.38581613704466139,39.447835417583406],[-0.38555944161950712,39.448523315254164],[-0.38810420777787696,39.449008458133136],[-0.38931709910499429,39.449220389264092]]]},"properties":{"codsecc":"28","coddistsecc":"0928","objectid":469,"st_area(shape)":40471.891157500002,"coddistrit":"9"}},{"type":"Feature","id":477,"geometry":{"type":"Polygon","coordinates":[[[-0.39042501069868452,39.445497617063516],[-0.39068331277759161,39.444823257047126],[-0.39105534983337248,39.443845148384469],[-0.39006468128748906,39.443615704188417],[-0.38966337816996227,39.444638196551573],[-0.38942706541330652,39.445268003870339],[-0.39042501069868452,39.445497617063516]]]},"properties":{"codsecc":"33","coddistsecc":"0933","objectid":477,"st_area(shape)":17161.981062499999,"coddistrit":"9"}},{"type":"Feature","id":479,"geometry":{"type":"Polygon","coordinates":[[[-0.38801942841328108,39.444497654347842],[-0.38809353799801921,39.444283107436682],[-0.38966337816996227,39.444638196551573],[-0.39006468128748906,39.443615704188417],[-0.38764553488531389,39.443038836431285],[-0.38715132830283583,39.444311479410295],[-0.38801942841328108,39.444497654347842]]]},"properties":{"codsecc":"32","coddistsecc":"0932","objectid":479,"st_area(shape)":28131.677189000002,"coddistrit":"9"}},{"type":"Feature","id":483,"geometry":{"type":"Polygon","coordinates":[[[-0.36555533103819721,39.435144192893894],[-0.37017371913482555,39.435519038362727],[-0.37059425665234519,39.4334340614312],[-0.37060239454974492,39.432254133157784],[-0.36926576072883105,39.431809492984669],[-0.36860065708009776,39.431289961913571],[-0.36797211066428193,39.431149607863397],[-0.36732213511282624,39.430652934214045],[-0.36694956319264294,39.431040866084857],[-0.36537186425659851,39.430482623780144],[-0.36343650136888012,39.43018650421881],[-0.36312257849356705,39.431616237323503],[-0.36138960256305969,39.434666839171868],[-0.36213498378531483,39.434809871476752],[-0.36555533103819721,39.435144192893894]]]},"properties":{"codsecc":"2","coddistsecc":"1902","objectid":483,"st_area(shape)":326038.148025,"coddistrit":"19"}},{"type":"Feature","id":484,"geometry":{"type":"Polygon","coordinates":[[[-0.35908200569736526,39.433920772704198],[-0.36138960256305969,39.434666839171868],[-0.36312257849356705,39.431616237323503],[-0.36343650136888012,39.43018650421881],[-0.36127765838916459,39.429849244387569],[-0.35908200569736526,39.433920772704198]]]},"properties":{"codsecc":"15","coddistsecc":"1915","objectid":484,"st_area(shape)":109577.0380515,"coddistrit":"19"}},{"type":"Feature","id":488,"geometry":{"type":"Polygon","coordinates":[[[-0.3376425337756836,39.426571821157879],[-0.34608062758208968,39.429534830558111],[-0.3441169891314369,39.422332746492934],[-0.34412050643391701,39.421323876034165],[-0.3424337036537084,39.421240290699252],[-0.34040215991724093,39.421211855783227],[-0.34037453629721692,39.421098622709444],[-0.33418803532335034,39.421880318492647],[-0.33502394785444195,39.425047951189526],[-0.33605484306729572,39.426341775701864],[-0.33684604421363962,39.426364400401212],[-0.3376425337756836,39.426571821157879]]]},"properties":{"codsecc":"6","coddistsecc":"1906","objectid":488,"st_area(shape)":586825.80541949999,"coddistrit":"19"}},{"type":"Feature","id":494,"geometry":{"type":"Polygon","coordinates":[[[-0.37885836944844103,39.467912374184451],[-0.38007055609943635,39.465092943284198],[-0.38128743120952147,39.465341085697339],[-0.37994569696786346,39.463387472412478],[-0.37807798486967692,39.463043555533034],[-0.37686057947617096,39.466425889299245],[-0.37652726010842674,39.467350767220822],[-0.37695411383000127,39.467454994918569],[-0.37885836944844103,39.467912374184451]]]},"properties":{"codsecc":"10","coddistsecc":"0310","objectid":494,"st_area(shape)":115669.72028350001,"coddistrit":"3"}},{"type":"Feature","id":502,"geometry":{"type":"Polygon","coordinates":[[[-0.38781306235559404,39.463897925680953],[-0.38693717983977277,39.462671053334859],[-0.38579427838994274,39.461068815844854],[-0.38577023052097836,39.461032239627066],[-0.38523847726203436,39.461731964945599],[-0.38455770733146083,39.462608510529627],[-0.38568095210052866,39.463435568301385],[-0.38610382522168624,39.463859485801549],[-0.38781306235559404,39.463897925680953]]]},"properties":{"codsecc":"35","coddistsecc":"0335","objectid":502,"st_area(shape)":41246.245034,"coddistrit":"3"}},{"type":"Feature","id":505,"geometry":{"type":"Polygon","coordinates":[[[-0.40524148583437575,39.462747913321707],[-0.40455848078101159,39.461620069674247],[-0.40340399300474472,39.461666352405992],[-0.40346962112969842,39.462811932929469],[-0.40524148583437575,39.462747913321707]]]},"properties":{"codsecc":"25","coddistsecc":"0825","objectid":505,"st_area(shape)":16095.693219000001,"coddistrit":"8"}},{"type":"Feature","id":514,"geometry":{"type":"Polygon","coordinates":[[[-0.39194707363551246,39.454018065913402],[-0.392564427695973,39.453104016002136],[-0.39089818626782874,39.452426995526885],[-0.3905180636892453,39.453017540456173],[-0.39007707952945331,39.453701319138069],[-0.39170938517439902,39.454373085533696],[-0.39194707363551246,39.454018065913402]]]},"properties":{"codsecc":"24","coddistsecc":"0924","objectid":514,"st_area(shape)":25443.009875,"coddistrit":"9"}},{"type":"Feature","id":518,"geometry":{"type":"Polygon","coordinates":[[[-0.34051247101524212,39.469333863505163],[-0.34099185726309983,39.46836287972296],[-0.33917883338639082,39.467825918646113],[-0.33907026765490361,39.468044147136119],[-0.33875650011379171,39.468672078867378],[-0.33986199241962994,39.46899917376961],[-0.33979857696712368,39.469119340209986],[-0.34009796653941787,39.469211776375332],[-0.34051247101524212,39.469333863505163]]]},"properties":{"codsecc":"3","coddistsecc":"1303","objectid":518,"st_area(shape)":17811.308937999998,"coddistrit":"13"}},{"type":"Feature","id":519,"geometry":{"type":"Polygon","coordinates":[[[-0.3636835512018422,39.460839538128248],[-0.36387744115764797,39.460533132918961],[-0.36541302869745762,39.459973382470601],[-0.36434145839241289,39.458458139395042],[-0.36410460157950336,39.458556368784599],[-0.36407135142237651,39.458609667421378],[-0.36401587201730856,39.45869399264528],[-0.36408553110709135,39.458830704483951],[-0.36278753637117128,39.460427326817545],[-0.3634114668487512,39.460716251481657],[-0.3636835512018422,39.460839538128248]]]},"properties":{"codsecc":"6","coddistsecc":"1006","objectid":519,"st_area(shape)":26781.402094000001,"coddistrit":"10"}},{"type":"Feature","id":390,"geometry":{"type":"Polygon","coordinates":[[[-0.37432419353607138,39.460373279974711],[-0.37344342293335397,39.459110162531083],[-0.37209408289977225,39.459683240568012],[-0.37296904078212612,39.460946236579254],[-0.37432419353607138,39.460373279974711]]]},"properties":{"codsecc":"25","coddistsecc":"0225","objectid":390,"st_area(shape)":21135.8308755,"coddistrit":"2"}},{"type":"Feature","id":394,"geometry":{"type":"Polygon","coordinates":[[[-0.39335441292075074,39.460950370486536],[-0.39417747342486431,39.460072457752339],[-0.39315377885775715,39.459067537649148],[-0.39196194682311503,39.460153380347833],[-0.39335441292075074,39.460950370486536]]]},"properties":{"codsecc":"17","coddistsecc":"0817","objectid":394,"st_area(shape)":20015.595906499999,"coddistrit":"8"}},{"type":"Feature","id":403,"geometry":{"type":"Polygon","coordinates":[[[-0.39196194682311503,39.460153380347833],[-0.39315377885775715,39.459067537649148],[-0.39210895061474221,39.45814322299082],[-0.39100409586482759,39.459622882780081],[-0.39196194682311503,39.460153380347833]]]},"properties":{"codsecc":"16","coddistsecc":"0816","objectid":403,"st_area(shape)":20263.713907000001,"coddistrit":"8"}},{"type":"Feature","id":406,"geometry":{"type":"Polygon","coordinates":[[[-0.40045745663101995,39.459334759003482],[-0.39985758041001496,39.459897905835142],[-0.40023647076794994,39.460158629536195],[-0.40235205126151991,39.458214997075956],[-0.39909591968561819,39.455795370326186],[-0.39745605409486934,39.457155013863705],[-0.39901912831927033,39.458266561757306],[-0.39938076261574118,39.458288167639715],[-0.39941513176478755,39.458613255066034],[-0.40045745663101995,39.459334759003482]]]},"properties":{"codsecc":"30","coddistsecc":"0830","objectid":406,"st_area(shape)":83438.459191000002,"coddistrit":"8"}},{"type":"Feature","id":408,"geometry":{"type":"Polygon","coordinates":[[[-0.38690524300417012,39.459080346141526],[-0.38821142790233504,39.45956014835744],[-0.3890351579694159,39.458335447576367],[-0.38685411441582324,39.457457616782108],[-0.38680951147642612,39.457970108055754],[-0.38759469708197175,39.458280555907905],[-0.38690524300417012,39.459080346141526]]]},"properties":{"codsecc":"4","coddistsecc":"0904","objectid":408,"st_area(shape)":22683.796281499999,"coddistrit":"9"}},{"type":"Feature","id":409,"geometry":{"type":"Polygon","coordinates":[[[-0.35800903254641581,39.458674682562965],[-0.35862699188252778,39.457891460263383],[-0.36043033335608826,39.455743313287982],[-0.3606792039087327,39.455442666290054],[-0.36010652197850945,39.4546639212153],[-0.35931990027721084,39.455010898152025],[-0.35931370365297172,39.455001748566083],[-0.35587231018512194,39.456463989853304],[-0.35797829279517202,39.458642453005581],[-0.35800903254641581,39.458674682562965]]]},"properties":{"codsecc":"53","coddistsecc":"1053","objectid":409,"st_area(shape)":81437.194657,"coddistrit":"10"}},{"type":"Feature","id":412,"geometry":{"type":"Polygon","coordinates":[[[-0.3667435682096799,39.457800904188623],[-0.367960665415004,39.457094265881146],[-0.36736499737044065,39.456229451602361],[-0.36552122488221944,39.456836287535417],[-0.3647698820808864,39.457152579263834],[-0.36575514772976403,39.458548748016185],[-0.3667435682096799,39.457800904188623]]]},"properties":{"codsecc":"4","coddistsecc":"1004","objectid":412,"st_area(shape)":34520.568468999998,"coddistrit":"10"}},{"type":"Feature","id":419,"geometry":{"type":"Polygon","coordinates":[[[-0.36552122488221944,39.456836287535417],[-0.36736499737044065,39.456229451602361],[-0.36675588278562088,39.455278737036402],[-0.36419650969788048,39.456333289659838],[-0.3647698820808864,39.457152579263834],[-0.36552122488221944,39.456836287535417]]]},"properties":{"codsecc":"44","coddistsecc":"1044","objectid":419,"st_area(shape)":26786.025126,"coddistrit":"10"}},{"type":"Feature","id":421,"geometry":{"type":"Polygon","coordinates":[[[-0.37266937745224993,39.457115242425836],[-0.37269223504966942,39.456777928832146],[-0.37269665103418959,39.456255526746659],[-0.37153780083451876,39.455995086032864],[-0.3717219464120699,39.456949679716878],[-0.37171954488522141,39.457071244302561],[-0.37266937745224993,39.457115242425836]]]},"properties":{"codsecc":"15","coddistsecc":"1015","objectid":421,"st_area(shape)":9575.8175630000005,"coddistrit":"10"}},{"type":"Feature","id":369,"geometry":{"type":"Polygon","coordinates":[[[-0.37863090063630045,39.461569583669608],[-0.37872618148806059,39.461314981626273],[-0.3780925749162049,39.460372781490072],[-0.37640617149626365,39.461082445975094],[-0.37717643189159356,39.462176384508744],[-0.37863090063630045,39.461569583669608]]]},"properties":{"codsecc":"30","coddistsecc":"0230","objectid":369,"st_area(shape)":22511.485500999999,"coddistrit":"2"}},{"type":"Feature","id":427,"geometry":{"type":"Polygon","coordinates":[[[-0.3771822133744191,39.456356858542136],[-0.37843396786447897,39.455826553855182],[-0.37791121428365271,39.455067038357583],[-0.37817424500047359,39.454077497751342],[-0.37715885800216015,39.454194224457957],[-0.37663796335122851,39.453443745096223],[-0.37545253425702674,39.453930475572655],[-0.3771822133744191,39.456356858542136]]]},"properties":{"codsecc":"47","coddistsecc":"1047","objectid":427,"st_area(shape)":41280.047251000004,"coddistrit":"10"}},{"type":"Feature","id":429,"geometry":{"type":"Polygon","coordinates":[[[-0.39086370320614894,39.455624340676657],[-0.38775193165787886,39.454194099154584],[-0.38724542039388071,39.45488089819974],[-0.38862982284386272,39.455520108069805],[-0.39031872448997879,39.456427395474002],[-0.39086370320614894,39.455624340676657]]]},"properties":{"codsecc":"15","coddistsecc":"0915","objectid":429,"st_area(shape)":28660.124469999999,"coddistrit":"9"}},{"type":"Feature","id":437,"geometry":{"type":"Polygon","coordinates":[[[-0.37150276512026414,39.454899732421254],[-0.37354212320229085,39.45366660329416],[-0.37341956491089273,39.453488161757491],[-0.37237916046093705,39.451991703716899],[-0.37210820491457652,39.451607216447805],[-0.37160434513567869,39.450888631028867],[-0.37112737581154287,39.452292218212818],[-0.3713483196177409,39.453175565640613],[-0.3715037731385753,39.453579973543071],[-0.37150276512026414,39.454899732421254]]]},"properties":{"codsecc":"17","coddistsecc":"1017","objectid":437,"st_area(shape)":44893.177376,"coddistrit":"10"}},{"type":"Feature","id":440,"geometry":{"type":"Polygon","coordinates":[[[-0.38724542039388071,39.45488089819974],[-0.38775193165787886,39.454194099154584],[-0.38798722432682869,39.453884087177585],[-0.38850215530918047,39.453165942906288],[-0.38773933268736199,39.452977632456793],[-0.38688567163160553,39.452868354230176],[-0.38467187180587326,39.452579816835851],[-0.38447234752796106,39.453543767107185],[-0.38553519667651426,39.453788406040843],[-0.38696867543323482,39.45472603082321],[-0.38724542039388071,39.45488089819974]]]},"properties":{"codsecc":"16","coddistsecc":"0916","objectid":440,"st_area(shape)":46962.540751499997,"coddistrit":"9"}},{"type":"Feature","id":443,"geometry":{"type":"Polygon","coordinates":[[[-0.37817424500047359,39.454077497751342],[-0.37843884953027451,39.452871789129503],[-0.3776811211427335,39.452742085104774],[-0.37630735546601024,39.452616488827097],[-0.37578627123245667,39.4524515746403],[-0.37473085687952074,39.452918711393409],[-0.37545253425702674,39.453930475572655],[-0.37663796335122851,39.453443745096223],[-0.37715885800216015,39.454194224457957],[-0.37817424500047359,39.454077497751342]]]},"properties":{"codsecc":"23","coddistsecc":"1023","objectid":443,"st_area(shape)":38130.9432505,"coddistrit":"10"}},{"type":"Feature","id":445,"geometry":{"type":"Polygon","coordinates":[[[-0.3896469076361872,39.454367312147497],[-0.39007707952945331,39.453701319138069],[-0.3905180636892453,39.453017540456173],[-0.38866694315196543,39.452255257618646],[-0.38850215530918047,39.453165942906288],[-0.38798722432682869,39.453884087177585],[-0.3896469076361872,39.454367312147497]]]},"properties":{"codsecc":"23","coddistsecc":"0923","objectid":445,"st_area(shape)":27936.271313500001,"coddistrit":"9"}},{"type":"Feature","id":448,"geometry":{"type":"Polygon","coordinates":[[[-0.37843884953027451,39.452871789129503],[-0.38167750271438472,39.453197060050336],[-0.3822938861833941,39.451188471559114],[-0.37894846486691713,39.450865324445033],[-0.37898080575103044,39.451532697758751],[-0.37877446220266714,39.452289289859188],[-0.37843884953027451,39.452871789129503]]]},"properties":{"codsecc":"49","coddistsecc":"1049","objectid":448,"st_area(shape)":62353.403407999998,"coddistrit":"10"}},{"type":"Feature","id":449,"geometry":{"type":"Polygon","coordinates":[[[-0.40400593646746563,39.452783612666337],[-0.40335592702845052,39.451728578492492],[-0.40281293727679279,39.450842587069765],[-0.40089795902645192,39.452515948543635],[-0.40163614266931086,39.453640542734021],[-0.40400593646746563,39.452783612666337]]]},"properties":{"codsecc":"35","coddistsecc":"0835","objectid":449,"st_area(shape)":43058.746064500003,"coddistrit":"8"}},{"type":"Feature","id":450,"geometry":{"type":"Polygon","coordinates":[[[-0.37843884953027451,39.452871789129503],[-0.37877446220266714,39.452289289859188],[-0.37898080575103044,39.451532697758751],[-0.37894846486691713,39.450865324445033],[-0.37682094617221185,39.450583088325665],[-0.37626311258872691,39.450372302857083],[-0.37594184308324297,39.450301988220083],[-0.37571427478887742,39.45026982370463],[-0.37540220591833462,39.450244759427015],[-0.37501043107296056,39.450195372122145],[-0.37407981374878496,39.450048217836567],[-0.3743054743542415,39.450382137881704],[-0.37578627123245667,39.4524515746403],[-0.37630735546601024,39.452616488827097],[-0.3776811211427335,39.452742085104774],[-0.37843884953027451,39.452871789129503]]]},"properties":{"codsecc":"28","coddistsecc":"1028","objectid":450,"st_area(shape)":78739.070813500002,"coddistrit":"10"}},{"type":"Feature","id":451,"geometry":{"type":"Polygon","coordinates":[[[-0.392564427695973,39.453104016002136],[-0.39349926184791073,39.451719623092195],[-0.39184867165682336,39.451051967223343],[-0.39089818626782874,39.452426995526885],[-0.392564427695973,39.453104016002136]]]},"properties":{"codsecc":"19","coddistsecc":"0919","objectid":451,"st_area(shape)":27934.500531000002,"coddistrit":"9"}},{"type":"Feature","id":452,"geometry":{"type":"Polygon","coordinates":[[[-0.39089818626782874,39.452426995526885],[-0.39000823113710259,39.452064678056587],[-0.39012975446746051,39.451436788199757],[-0.38885690732096845,39.451273066847143],[-0.3887956064973338,39.451591503387192],[-0.38866694315196543,39.452255257618646],[-0.3905180636892453,39.453017540456173],[-0.39089818626782874,39.452426995526885]]]},"properties":{"codsecc":"22","coddistsecc":"0922","objectid":452,"st_area(shape)":19782.923813000001,"coddistrit":"9"}},{"type":"Feature","id":288,"geometry":{"type":"Polygon","coordinates":[[[-0.35032343960366386,39.467828230243008],[-0.35209935167734852,39.46835066832719],[-0.35233335626450557,39.467792952058112],[-0.35310565493219304,39.466085383708631],[-0.35122030297666224,39.465537927129226],[-0.35032343960366386,39.467828230243008]]]},"properties":{"codsecc":"24","coddistsecc":"1224","objectid":288,"st_area(shape)":44574.704938000003,"coddistrit":"12"}},{"type":"Feature","id":286,"geometry":{"type":"Polygon","coordinates":[[[-0.38300138721091104,39.467812064103313],[-0.38409352445815781,39.469354637202841],[-0.38639626853799341,39.466564194746184],[-0.38591115186750036,39.466521743852489],[-0.38484324872038483,39.466988698232001],[-0.38300138721091104,39.467812064103313]]]},"properties":{"codsecc":"40","coddistsecc":"0340","objectid":286,"st_area(shape)":35214.964690000001,"coddistrit":"3"}},{"type":"Feature","id":282,"geometry":{"type":"Polygon","coordinates":[[[-0.38864457784298168,39.469709246849099],[-0.39008510724675349,39.469399281392846],[-0.3914928109868156,39.469093065509483],[-0.39154485628400149,39.469080720473741],[-0.39092633606671817,39.468233520039725],[-0.39084546748566562,39.468123598617176],[-0.38956950620751857,39.468676004270542],[-0.38829242158724814,39.469219370579061],[-0.38864457784298168,39.469709246849099]]]},"properties":{"codsecc":"53","coddistsecc":"0353","objectid":282,"st_area(shape)":23170.133846000001,"coddistrit":"3"}},{"type":"Feature","id":273,"geometry":{"type":"Polygon","coordinates":[[[-0.33848083681675945,39.468814410072206],[-0.3386762911994794,39.468832399462627],[-0.33875650011379171,39.468672078867378],[-0.33907026765490361,39.468044147136119],[-0.3352623641165402,39.466902906252749],[-0.33498029950667269,39.468545028953258],[-0.33848083681675945,39.468814410072206]]]},"properties":{"codsecc":"2","coddistsecc":"1302","objectid":273,"st_area(shape)":45839.743038000001,"coddistrit":"13"}},{"type":"Feature","id":272,"geometry":{"type":"Polygon","coordinates":[[[-0.36313133483645105,39.469421346075407],[-0.36577629936785172,39.468364250978929],[-0.36692955495169383,39.467872390363333],[-0.36620339401134144,39.466806411515719],[-0.3624005633385895,39.468382265826151],[-0.36313133483645105,39.469421346075407]]]},"properties":{"codsecc":"46","coddistsecc":"0246","objectid":272,"st_area(shape)":49504.967064500001,"coddistrit":"2"}},{"type":"Feature","id":453,"geometry":{"type":"Polygon","coordinates":[[[-0.39000823113710259,39.452064678056587],[-0.39089818626782874,39.452426995526885],[-0.39184867165682336,39.451051967223343],[-0.39107332020541308,39.450732769439185],[-0.38955478210494543,39.45053651409772],[-0.38979332921118104,39.449303164961428],[-0.38931709910499429,39.449220389264092],[-0.38885690732096845,39.451273066847143],[-0.39012975446746051,39.451436788199757],[-0.39000823113710259,39.452064678056587]]]},"properties":{"codsecc":"21","coddistsecc":"0921","objectid":453,"st_area(shape)":35633.620844999998,"coddistrit":"9"}},{"type":"Feature","id":455,"geometry":{"type":"Polygon","coordinates":[[[-0.37342561452810458,39.451028900919603],[-0.37328263330873962,39.450813971432581],[-0.37232048555424441,39.449458918014265],[-0.37222753257854063,39.44949735615748],[-0.37098467419051062,39.450005265237266],[-0.37160434513567869,39.450888631028867],[-0.37210820491457652,39.451607216447805],[-0.37342561452810458,39.451028900919603]]]},"properties":{"codsecc":"50","coddistsecc":"1050","objectid":455,"st_area(shape)":26165.064782000001,"coddistrit":"10"}},{"type":"Feature","id":456,"geometry":{"type":"Polygon","coordinates":[[[-0.33311939164119164,39.450340833766695],[-0.33522872746540733,39.45065495607583],[-0.33542657606530579,39.449447822360341],[-0.33560941416897822,39.448443032175],[-0.33528264516616757,39.448404019085324],[-0.33485853152844908,39.448385285837205],[-0.3335500963184746,39.448170604372351],[-0.33303530943641024,39.44807321873617],[-0.33228792052111134,39.447772299401898],[-0.33175080326493944,39.448277973593306],[-0.33149807640176571,39.448506399113903],[-0.33195897509548178,39.448931383331796],[-0.33218181242361916,39.449238283022858],[-0.33243773516382791,39.449401810504128],[-0.33278351414206497,39.449513337985145],[-0.33333131255699983,39.449602482505036],[-0.33311939164119164,39.450340833766695]]]},"properties":{"codsecc":"46","coddistsecc":"1146","objectid":456,"st_area(shape)":66078.100225500006,"coddistrit":"11"}},{"type":"Feature","id":303,"geometry":{"type":"Polygon","coordinates":[[[-0.33929405805379165,39.467089848451685],[-0.34019154196594975,39.465250086082833],[-0.33915598582366985,39.464938109215844],[-0.33908338334877974,39.465089595638574],[-0.33815292787661161,39.464802538197773],[-0.33727830894682681,39.466498668330487],[-0.33929405805379165,39.467089848451685]]]},"properties":{"codsecc":"38","coddistsecc":"1238","objectid":303,"st_area(shape)":38709.036187999998,"coddistrit":"12"}},{"type":"Feature","id":310,"geometry":{"type":"Polygon","coordinates":[[[-0.33727830894682681,39.466498668330487],[-0.33815292787661161,39.464802538197773],[-0.3382910497010852,39.464494899886077],[-0.33727462661245089,39.464386041490449],[-0.33701616083987201,39.464420667504704],[-0.33624247262940304,39.464213752411837],[-0.33542506438542136,39.465951718974743],[-0.33727830894682681,39.466498668330487]]]},"properties":{"codsecc":"43","coddistsecc":"1243","objectid":310,"st_area(shape)":37994.000909000002,"coddistrit":"12"}},{"type":"Feature","id":313,"geometry":{"type":"Polygon","coordinates":[[[-0.39198083459826016,39.467347307463477],[-0.39261533993717407,39.466424636281346],[-0.39220058529287288,39.466248666916499],[-0.3912670226499313,39.465862857230327],[-0.39048985566147487,39.467084113203796],[-0.39198083459826016,39.467347307463477]]]},"properties":{"codsecc":"2","coddistsecc":"0802","objectid":313,"st_area(shape)":17349.269531499998,"coddistrit":"8"}},{"type":"Feature","id":326,"geometry":{"type":"Polygon","coordinates":[[[-0.39068932493330366,39.465615658592341],[-0.3912670226499313,39.465862857230327],[-0.39190221118184798,39.464805072671872],[-0.39225777615420809,39.464173433967026],[-0.39113334466125338,39.464211250614426],[-0.38972138852599458,39.464265120824685],[-0.39068932493330366,39.465615658592341]]]},"properties":{"codsecc":"3","coddistsecc":"0803","objectid":326,"st_area(shape)":22784.8903765,"coddistrit":"8"}},{"type":"Feature","id":329,"geometry":{"type":"Polygon","coordinates":[[[-0.36458149623594854,39.464472410741728],[-0.36373215256421643,39.463245978443837],[-0.36253181343820823,39.463754757201073],[-0.36336757882814774,39.464994403160631],[-0.36458149623594854,39.464472410741728]]]},"properties":{"codsecc":"54","coddistsecc":"0254","objectid":329,"st_area(shape)":18378.779311999999,"coddistrit":"2"}},{"type":"Feature","id":334,"geometry":{"type":"Polygon","coordinates":[[[-0.36458149623594854,39.464472410741728],[-0.36566690346121433,39.464006049561824],[-0.36650313388582573,39.463655650540453],[-0.36668716395206996,39.46339856563057],[-0.36501321024036687,39.463022785103206],[-0.36332988655117415,39.462664794599831],[-0.36373215256421643,39.463245978443837],[-0.36458149623594854,39.464472410741728]]]},"properties":{"codsecc":"53","coddistsecc":"0253","objectid":334,"st_area(shape)":26372.858063,"coddistrit":"2"}},{"type":"Feature","id":342,"geometry":{"type":"Polygon","coordinates":[[[-0.38812182773610432,39.464323775530488],[-0.38938033081519552,39.462973711665768],[-0.38841036095369108,39.462280761626452],[-0.38825956069929657,39.462079178703071],[-0.38801131324857402,39.462190714341517],[-0.38693717983977277,39.462671053334859],[-0.38781306235559404,39.463897925680953],[-0.38812182773610432,39.464323775530488]]]},"properties":{"codsecc":"8","coddistsecc":"0808","objectid":342,"st_area(shape)":25999.251969000001,"coddistrit":"8"}},{"type":"Feature","id":349,"geometry":{"type":"Polygon","coordinates":[[[-0.38371512835483235,39.463693116447502],[-0.38455770733146083,39.462608510529627],[-0.38236685742165993,39.462203337195021],[-0.38212714088159755,39.46315286302071],[-0.38371512835483235,39.463693116447502]]]},"properties":{"codsecc":"55","coddistsecc":"0355","objectid":349,"st_area(shape)":20814.290905999998,"coddistrit":"3"}},{"type":"Feature","id":357,"geometry":{"type":"Polygon","coordinates":[[[-0.34193475295526438,39.461781068679613],[-0.34303011404905553,39.46223852796787],[-0.34413117114486125,39.46000700047378],[-0.34299065462708311,39.459706172755261],[-0.3422561158234807,39.461162309572018],[-0.34193475295526438,39.461781068679613]]]},"properties":{"codsecc":"31","coddistsecc":"1231","objectid":357,"st_area(shape)":26856.140501499998,"coddistrit":"12"}},{"type":"Feature","id":358,"geometry":{"type":"Polygon","coordinates":[[[-0.34476011947215235,39.461899681265749],[-0.34594886903195071,39.462251141701863],[-0.34654549043357052,39.461039573243532],[-0.3474522493865993,39.461280978648944],[-0.34764727524110106,39.460889044000261],[-0.34551311169664234,39.460358375476069],[-0.34476011947215235,39.461899681265749]]]},"properties":{"codsecc":"29","coddistsecc":"1229","objectid":358,"st_area(shape)":24197.394252999999,"coddistrit":"12"}},{"type":"Feature","id":359,"geometry":{"type":"Polygon","coordinates":[[[-0.38841036095369108,39.462280761626452],[-0.38938033081519552,39.462973711665768],[-0.39093970792210614,39.461112389635744],[-0.39072909814033796,39.460995051003408],[-0.38825956069929657,39.462079178703071],[-0.38841036095369108,39.462280761626452]]]},"properties":{"codsecc":"40","coddistsecc":"0840","objectid":359,"st_area(shape)":19548.933188999999,"coddistrit":"8"}},{"type":"Feature","id":360,"geometry":{"type":"Polygon","coordinates":[[[-0.37022256307134077,39.462510192063817],[-0.37105423340911886,39.462299283922107],[-0.37035543893191158,39.46150871764528],[-0.3696784017939847,39.460700631082943],[-0.36924433894988212,39.45963227231843],[-0.36826756645517333,39.460051588914382],[-0.36895696514562798,39.461013112961346],[-0.36983729383515029,39.462267244722547],[-0.36999863509611364,39.462496115957343],[-0.37022256307134077,39.462510192063817]]]},"properties":{"codsecc":"21","coddistsecc":"0221","objectid":360,"st_area(shape)":26377.6942815,"coddistrit":"2"}},{"type":"Feature","id":362,"geometry":{"type":"Polygon","coordinates":[[[-0.35915390430895761,39.462223129158204],[-0.36219156783706247,39.461148008886035],[-0.36151561530268445,39.460159724548738],[-0.3611326726568434,39.460317683585195],[-0.36157226692421385,39.46096728824994],[-0.35896952521606645,39.461912640641337],[-0.35915390430895761,39.462223129158204]]]},"properties":{"codsecc":"45","coddistsecc":"1045","objectid":362,"st_area(shape)":14364.468468999999,"coddistrit":"10"}},{"type":"Feature","id":363,"geometry":{"type":"Polygon","coordinates":[[[-0.38801131324857402,39.462190714341517],[-0.38754110007386866,39.461517996897143],[-0.38655160973013447,39.460202992989785],[-0.38579427838994274,39.461068815844854],[-0.38693717983977277,39.462671053334859],[-0.38801131324857402,39.462190714341517]]]},"properties":{"codsecc":"2","coddistsecc":"0902","objectid":363,"st_area(shape)":24311.281938,"coddistrit":"9"}},{"type":"Feature","id":364,"geometry":{"type":"Polygon","coordinates":[[[-0.38455770733146083,39.462608510529627],[-0.38523847726203436,39.461731964945599],[-0.38384448282913902,39.460880790987225],[-0.38282543726172624,39.460569565010246],[-0.38239290492204459,39.462109331310153],[-0.38236685742165993,39.462203337195021],[-0.38455770733146083,39.462608510529627]]]},"properties":{"codsecc":"37","coddistsecc":"0337","objectid":364,"st_area(shape)":33962.118625000003,"coddistrit":"3"}},{"type":"Feature","id":218,"geometry":{"type":"Polygon","coordinates":[[[-0.33975351613589538,39.471559660798377],[-0.34196193777867501,39.472227276503773],[-0.3426355981593206,39.470828309839135],[-0.34042054862358712,39.470183086435632],[-0.34014257467923231,39.470100149987012],[-0.33944317903524951,39.469885956300097],[-0.33877609701106115,39.471244506296856],[-0.33975351613589538,39.471559660798377]]]},"properties":{"codsecc":"4","coddistsecc":"1304","objectid":218,"st_area(shape)":48264.305070499999,"coddistrit":"13"}},{"type":"Feature","id":239,"geometry":{"type":"Polygon","coordinates":[[[-0.37430392022932429,39.471881491170507],[-0.3746303636408721,39.471816805195878],[-0.37466655652777003,39.471916719569393],[-0.37496068057018539,39.471842284718818],[-0.37539878186741343,39.471667499802187],[-0.37513553204809785,39.471346246213628],[-0.37512194253603703,39.470818924785085],[-0.37543656104094247,39.470411635146668],[-0.37598046835034404,39.470378873761838],[-0.37560361914134299,39.469118150220709],[-0.37389168870029382,39.469129016678728],[-0.37387669863934508,39.467808898336472],[-0.37291491396185961,39.46850335057902],[-0.37112551749880224,39.469742125172772],[-0.37042189845868867,39.470311768385166],[-0.37415018758369772,39.470387071312956],[-0.37430392022932429,39.471881491170507]]]},"properties":{"codsecc":"31","coddistsecc":"0131","objectid":239,"st_area(shape)":80378.127753499997,"coddistrit":"1"}},{"type":"Feature","id":242,"geometry":{"type":"Polygon","coordinates":[[[-0.38592523705983767,39.471945338349116],[-0.38747813704404171,39.470692008415554],[-0.38624742905052178,39.468948165036359],[-0.38437538116711412,39.469761873392152],[-0.38540875095701976,39.471226527741543],[-0.38592523705983767,39.471945338349116]]]},"properties":{"codsecc":"49","coddistsecc":"0349","objectid":242,"st_area(shape)":45939.348688999999,"coddistrit":"3"}},{"type":"Feature","id":252,"geometry":{"type":"Polygon","coordinates":[[[-0.3493938605877272,39.469964620942342],[-0.35116147556943866,39.4704958842552],[-0.35158323102712713,39.469528055090358],[-0.35209935167734852,39.46835066832719],[-0.35032343960366386,39.467828230243008],[-0.34985054953798694,39.4690336210599],[-0.34874844493498219,39.468711211515703],[-0.34835639635975152,39.469661690436425],[-0.3493938605877272,39.469964620942342]]]},"properties":{"codsecc":"23","coddistsecc":"1223","objectid":252,"st_area(shape)":51303.874662000002,"coddistrit":"12"}},{"type":"Feature","id":180,"geometry":{"type":"Polygon","coordinates":[[[-0.40050794646125054,39.476839943453349],[-0.40198220209509594,39.476544099238943],[-0.40129059837777503,39.474650304178809],[-0.39880652427758673,39.475121734995085],[-0.39957930349593934,39.476940785622674],[-0.40050794646125054,39.476839943453349]]]},"properties":{"codsecc":"23","coddistsecc":"0423","objectid":180,"st_area(shape)":46991.754970499998,"coddistrit":"4"}},{"type":"Feature","id":178,"geometry":{"type":"Polygon","coordinates":[[[-0.37917038665054531,39.476549786315786],[-0.38043579348039108,39.476303559205419],[-0.38112952097765568,39.476229107385656],[-0.38106431137692925,39.475430368263829],[-0.38080757813410482,39.475379538059435],[-0.38099243445441006,39.475099927259194],[-0.38124876689836013,39.474677786103506],[-0.38130847260947465,39.474422380792745],[-0.38121457168496037,39.47400136459359],[-0.38122301439545081,39.473776334863508],[-0.38116064627623725,39.473599257778325],[-0.38104918806153104,39.473452605145482],[-0.38065287065157849,39.473191426441637],[-0.38045857166017055,39.473142002789643],[-0.37976962938638065,39.473031878477549],[-0.37868675714218475,39.472926369125254],[-0.37868649631245671,39.473223653543108],[-0.37774268597612931,39.473341996586399],[-0.37854549263009218,39.474211440412354],[-0.37943242919878167,39.474911599892295],[-0.37923096564512787,39.475226868798579],[-0.37901564741285065,39.47525354341068],[-0.3791034041309429,39.475624883258355],[-0.37926891068660168,39.475628615923185],[-0.37916727410148504,39.476148824800056],[-0.37917038665054531,39.476549786315786]]]},"properties":{"codsecc":"24","coddistsecc":"0124","objectid":178,"st_area(shape)":72576.269845500006,"coddistrit":"1"}},{"type":"Feature","id":176,"geometry":{"type":"Polygon","coordinates":[[[-0.35555845678432735,39.476294058825779],[-0.35686705225215354,39.473643741411635],[-0.35507251295728059,39.473147959157565],[-0.35445006276174651,39.474408521134542],[-0.3537524663023382,39.4758115082359],[-0.35389337633087153,39.475850752014772],[-0.35555845678432735,39.476294058825779]]]},"properties":{"codsecc":"26","coddistsecc":"0626","objectid":176,"st_area(shape)":51845.393846500003,"coddistrit":"6"}},{"type":"Feature","id":175,"geometry":{"type":"Polygon","coordinates":[[[-0.36976874553403255,39.476751744935761],[-0.36971731831276378,39.474993877601577],[-0.37062776894061356,39.475086551869794],[-0.37068411213332764,39.474362619613871],[-0.37073557951009445,39.474134069109759],[-0.37082473043730085,39.473946901683526],[-0.36972193089580191,39.473714734824703],[-0.36998937963845752,39.472671273600859],[-0.37006071712113542,39.472339563002116],[-0.36866414107736006,39.471884535672125],[-0.36838228861531236,39.472076346570738],[-0.36601570037277603,39.473108269758811],[-0.36847299875222878,39.476028733422915],[-0.36884724762010568,39.476469620220762],[-0.36976874553403255,39.476751744935761]]]},"properties":{"codsecc":"9","coddistsecc":"0109","objectid":175,"st_area(shape)":114250.2681895,"coddistrit":"1"}},{"type":"Feature","id":172,"geometry":{"type":"Polygon","coordinates":[[[-0.37058709783843891,39.477207190756332],[-0.37101851669590691,39.475726007364905],[-0.37119785030336122,39.475536375513272],[-0.37155161675746035,39.475093938591307],[-0.37175408812821031,39.474733671262555],[-0.3717857835143365,39.473621803031655],[-0.37117857390898057,39.473328796154767],[-0.37133632259848592,39.472940491367154],[-0.37068308953075435,39.472808590030873],[-0.36998937963845752,39.472671273600859],[-0.36972193089580191,39.473714734824703],[-0.37082473043730085,39.473946901683526],[-0.37073557951009445,39.474134069109759],[-0.37068411213332764,39.474362619613871],[-0.37062776894061356,39.475086551869794],[-0.36971731831276378,39.474993877601577],[-0.36976874553403255,39.476751744935761],[-0.37058709783843891,39.477207190756332]]]},"properties":{"codsecc":"8","coddistsecc":"0108","objectid":172,"st_area(shape)":51261.600220499997,"coddistrit":"1"}},{"type":"Feature","id":169,"geometry":{"type":"Polygon","coordinates":[[[-0.38386428209174667,39.477601486935178],[-0.38419083748645666,39.475771060979206],[-0.38416788261269663,39.475549828630477],[-0.38375759134660881,39.475486539429752],[-0.38373641805914943,39.47576082216009],[-0.38309864319691261,39.475854567281679],[-0.38245845883600466,39.475993298597025],[-0.38247652007716937,39.47744861725625],[-0.38386428209174667,39.477601486935178]]]},"properties":{"codsecc":"17","coddistsecc":"0117","objectid":169,"st_area(shape)":26170.469345000001,"coddistrit":"1"}},{"type":"Feature","id":167,"geometry":{"type":"Polygon","coordinates":[[[-0.36403728243991756,39.477171383865766],[-0.36423509423692763,39.477031730460396],[-0.36494188490790286,39.477092812627809],[-0.36595843485349466,39.477012258503123],[-0.36726926395989878,39.476834771045269],[-0.36744378861820076,39.477311676673075],[-0.36824595208954986,39.477059592134879],[-0.36884724762010568,39.476469620220762],[-0.36847299875222878,39.476028733422915],[-0.36606220941441653,39.476438049136327],[-0.3631362079632286,39.475560901489622],[-0.36096527639363246,39.474948562875412],[-0.36043305724217722,39.476112110304591],[-0.36403728243991756,39.477171383865766]]]},"properties":{"codsecc":"2","coddistsecc":"0602","objectid":167,"st_area(shape)":80031.620095499995,"coddistrit":"6"}},{"type":"Feature","id":166,"geometry":{"type":"Polygon","coordinates":[[[-0.3749575983564985,39.477351054117477],[-0.37612775182943209,39.477629727668763],[-0.37631264852996571,39.477291577473558],[-0.37672377236518734,39.477390946984457],[-0.37687761291219024,39.477376402171245],[-0.37688133431022469,39.477277389492755],[-0.37720293867497467,39.477226091515888],[-0.37723511695679329,39.477046641985019],[-0.3779369327121872,39.477008427098902],[-0.37791870558033258,39.47691343252297],[-0.37798022736220255,39.476649061341213],[-0.37847927560674155,39.476651311760932],[-0.37917038665054531,39.476549786315786],[-0.37916727410148504,39.476148824800056],[-0.37926891068660168,39.475628615923185],[-0.3791034041309429,39.475624883258355],[-0.37877110832304689,39.475612883890598],[-0.37832223467627896,39.475706350097695],[-0.37771196353558917,39.475570961815592],[-0.37767808818334353,39.475390021537635],[-0.37690064102213316,39.475372475114099],[-0.37661033534869315,39.475383939371262],[-0.37633349321566795,39.475211026659466],[-0.376021034352228,39.475019291489886],[-0.37567734157854976,39.474885407277284],[-0.37555834681716804,39.475171001234372],[-0.3757932815905245,39.475279907891576],[-0.37553281141625161,39.475656890173624],[-0.37530402756980086,39.475944508629823],[-0.37520512348380514,39.476410731687672],[-0.3749575983564985,39.477351054117477]]]},"properties":{"codsecc":"2","coddistsecc":"0102","objectid":166,"st_area(shape)":63605.557502000003,"coddistrit":"1"}},{"type":"Feature","id":165,"geometry":{"type":"Polygon","coordinates":[[[-0.37440046266950572,39.477541164945471],[-0.3748897062152895,39.477610775239569],[-0.3749575983564985,39.477351054117477],[-0.37520512348380514,39.476410731687672],[-0.37530402756980086,39.475944508629823],[-0.37553281141625161,39.475656890173624],[-0.3757932815905245,39.475279907891576],[-0.37555834681716804,39.475171001234372],[-0.37567734157854976,39.474885407277284],[-0.376021034352228,39.475019291489886],[-0.37633349321566795,39.475211026659466],[-0.37661033534869315,39.475383939371262],[-0.37690064102213316,39.475372475114099],[-0.377060068585858,39.47441664631031],[-0.37685296959033115,39.474263326588122],[-0.37710041857090254,39.474039187724991],[-0.37693769256118181,39.473922904851612],[-0.37670216693592706,39.473926597100053],[-0.37608383741686829,39.473890115226922],[-0.37566681353072873,39.473813132371426],[-0.37423318206113138,39.473510475070221],[-0.37424468184542631,39.473938652437724],[-0.37454210843751262,39.474008434030793],[-0.37440131673580956,39.474352091477272],[-0.37422491205381364,39.474618369325803],[-0.37416525278189139,39.474833223194878],[-0.37379313377205592,39.475396872171764],[-0.37369197306345603,39.475363055199821],[-0.3735914123346783,39.47548690547427],[-0.37347584411844853,39.475835636117409],[-0.37344386987263978,39.476298856896697],[-0.37325469787124155,39.476267554614772],[-0.373142253677751,39.476629868649859],[-0.37299319872959463,39.476806674828424],[-0.37293277763844551,39.476944945059373],[-0.37402903358215706,39.477082332828928],[-0.37393817060444157,39.4775081968031],[-0.37440046266950572,39.477541164945471]]]},"properties":{"codsecc":"1","coddistsecc":"0101","objectid":165,"st_area(shape)":75869.938533499997,"coddistrit":"1"}},{"type":"Feature","id":204,"geometry":{"type":"Polygon","coordinates":[[[-0.34572286705080285,39.473353714941901],[-0.34641260514022776,39.471950588700473],[-0.3448212789893248,39.471463820564338],[-0.3426355981593206,39.470828309839135],[-0.34196193777867501,39.472227276503773],[-0.34572286705080285,39.473353714941901]]]},"properties":{"codsecc":"12","coddistsecc":"1312","objectid":204,"st_area(shape)":58049.081381000004,"coddistrit":"13"}},{"type":"Feature","id":203,"geometry":{"type":"Polygon","coordinates":[[[-0.35507251295728059,39.473147959157565],[-0.35686705225215354,39.473643741411635],[-0.3574997341357346,39.472360876527105],[-0.3557013172969708,39.471833485369224],[-0.35507251295728059,39.473147959157565]]]},"properties":{"codsecc":"27","coddistsecc":"0627","objectid":203,"st_area(shape)":25382.886063000002,"coddistrit":"6"}},{"type":"Feature","id":201,"geometry":{"type":"Polygon","coordinates":[[[-0.3524316099883627,39.47376346910422],[-0.35303635351257667,39.472529541149306],[-0.35191020823718505,39.472206595424289],[-0.35178018870791827,39.472167597488891],[-0.3505752603107099,39.471815817255369],[-0.35018392647247604,39.47261317845782],[-0.35010139145729446,39.473084256188848],[-0.3524316099883627,39.47376346910422]]]},"properties":{"codsecc":"17","coddistsecc":"1317","objectid":201,"st_area(shape)":32768.663157499999,"coddistrit":"13"}},{"type":"Feature","id":200,"geometry":{"type":"Polygon","coordinates":[[[-0.3878534230691687,39.474601241351479],[-0.39165323350630549,39.473974913551203],[-0.39073704723645669,39.472675094361627],[-0.39336164678823393,39.471571875234758],[-0.39304574004287962,39.471141374456039],[-0.39300292128640513,39.471081856575431],[-0.39168911604388001,39.471615418317555],[-0.39025787526157074,39.472200380615583],[-0.39092423922542457,39.4731477555681],[-0.38777197773606814,39.474486800486574],[-0.3878534230691687,39.474601241351479]]]},"properties":{"codsecc":"20","coddistsecc":"0320","objectid":200,"st_area(shape)":37858.538532999999,"coddistrit":"3"}},{"type":"Feature","id":199,"geometry":{"type":"Polygon","coordinates":[[[-0.36458489951570638,39.473810036594031],[-0.36601570037277603,39.473108269758811],[-0.36453615919605226,39.471214421184797],[-0.36377884112078568,39.470242313253294],[-0.36313133483645105,39.469421346075407],[-0.3624005633385895,39.468382265826151],[-0.36208700088820395,39.467798586707524],[-0.36084657733759373,39.46827040172829],[-0.36053094470368641,39.46866412390667],[-0.35885946096414428,39.469833314721733],[-0.35852921246900415,39.470267229457903],[-0.35797694833969868,39.471403284363376],[-0.35893454647628137,39.471650279796499],[-0.35955979774526364,39.472002317071798],[-0.35919873041284617,39.472885971780677],[-0.36061258864572066,39.473305469999737],[-0.36376844200133857,39.474210425713309],[-0.36458489951570638,39.473810036594031]]]},"properties":{"codsecc":"7","coddistsecc":"0607","objectid":199,"st_area(shape)":264201.24178849999,"coddistrit":"6"}},{"type":"Feature","id":194,"geometry":{"type":"Polygon","coordinates":[[[-0.3494369931084445,39.474433921281282],[-0.35010139145729446,39.473084256188848],[-0.35018392647247604,39.47261317845782],[-0.3505752603107099,39.471815817255369],[-0.34885304582898724,39.471312606824071],[-0.34871973584854404,39.471647393842076],[-0.34812778602517797,39.473097800752988],[-0.3477612635431851,39.473967789483588],[-0.3494369931084445,39.474433921281282]]]},"properties":{"codsecc":"21","coddistsecc":"1321","objectid":194,"st_area(shape)":48250.576099500002,"coddistrit":"13"}},{"type":"Feature","id":191,"geometry":{"type":"Polygon","coordinates":[[[-0.33054239494456844,39.474361906983418],[-0.33065246636524692,39.473630224115759],[-0.33101007125831761,39.472124980382816],[-0.32974488508735628,39.472059889283784],[-0.32924745565714097,39.472016936494761],[-0.3281529699025777,39.471933229292908],[-0.3277796822773576,39.474226357355256],[-0.32872687188744065,39.474230108383026],[-0.32875608466717554,39.474055118769698],[-0.32883664266562496,39.473962378932498],[-0.3289726767954414,39.473312373140857],[-0.33014729603182147,39.473447461960241],[-0.33009906995114491,39.474347217720847],[-0.33054239494456844,39.474361906983418]]]},"properties":{"codsecc":"30","coddistsecc":"1130","objectid":191,"st_area(shape)":49248.964944500003,"coddistrit":"11"}},{"type":"Feature","id":92,"geometry":{"type":"Polygon","coordinates":[[[-0.36885592930385808,39.48625779476901],[-0.36933362973034067,39.4864037421615],[-0.36943988675114942,39.486225972362],[-0.36983126200011074,39.486329423946167],[-0.37061065846083474,39.485180436400846],[-0.36822894085253921,39.485022916871806],[-0.3670314627486761,39.48494623200483],[-0.36655324148514729,39.486007437965746],[-0.36760750818660926,39.486279067510971],[-0.3686949988381415,39.486555944297422],[-0.36885592930385808,39.48625779476901]]]},"properties":{"codsecc":"22","coddistsecc":"0522","objectid":92,"st_area(shape)":41906.475407999998,"coddistrit":"5"}},{"type":"Feature","id":528,"geometry":{"type":"Polygon","coordinates":[[[-0.34627651739573068,39.463663982040885],[-0.34678408662807797,39.462644806327603],[-0.34636048730582691,39.462518723435061],[-0.34646473410287432,39.462307785197801],[-0.34599005149744066,39.462167516920189],[-0.34594886903195071,39.462251141701863],[-0.34544535261067638,39.463325197579984],[-0.34627651739573068,39.463663982040885]]]},"properties":{"codsecc":"27","coddistsecc":"1227","objectid":528,"st_area(shape)":10577.768250499999,"coddistrit":"12"}},{"type":"Feature","id":529,"geometry":{"type":"Polygon","coordinates":[[[-0.42097562098780034,39.501646798089801],[-0.42184714849804766,39.501211194398344],[-0.42258822703024823,39.500903327323947],[-0.42266378558008022,39.500805906338471],[-0.42268334435272714,39.500630668134747],[-0.42252625414721068,39.500613670240732],[-0.42223226968758304,39.500210751122083],[-0.42226431171055806,39.500130382580508],[-0.4218899104896498,39.499563528687538],[-0.42175008483487175,39.499551417252754],[-0.42106028016301811,39.498473067466676],[-0.42066186134301375,39.498536294253988],[-0.42072147016536343,39.499262827741497],[-0.42012127839036784,39.499357293344957],[-0.42046094754856556,39.50070990583486],[-0.42086050817285842,39.500664885035391],[-0.42097562098780034,39.501646798089801]]]},"properties":{"codsecc":"10","coddistsecc":"1810","objectid":529,"st_area(shape)":38768.406311999999,"coddistrit":"18"}},{"type":"Feature","id":530,"geometry":{"type":"Polygon","coordinates":[[[-0.38850215530918047,39.453165942906288],[-0.38866694315196543,39.452255257618646],[-0.3887956064973338,39.451591503387192],[-0.38719812394666475,39.451388930031591],[-0.38496075361978349,39.451090859878029],[-0.38467187180587326,39.452579816835851],[-0.38688567163160553,39.452868354230176],[-0.38773933268736199,39.452977632456793],[-0.38850215530918047,39.453165942906288]]]},"properties":{"codsecc":"26","coddistsecc":"0926","objectid":530,"st_area(shape)":56198.710656499999,"coddistrit":"9"}},{"type":"Feature","id":531,"geometry":{"type":"Polygon","coordinates":[[[-0.38223755709517887,39.465574207365592],[-0.38375073561796713,39.465824493605403],[-0.38386920077222625,39.465687523846427],[-0.38568095210052866,39.463435568301385],[-0.38455770733146083,39.462608510529627],[-0.38371512835483235,39.463693116447502],[-0.38223755709517887,39.465574207365592]]]},"properties":{"codsecc":"44","coddistsecc":"0344","objectid":531,"st_area(shape)":44682.809470499997,"coddistrit":"3"}},{"type":"Feature","id":532,"geometry":{"type":"Polygon","coordinates":[[[-0.41843920322024541,39.499622034520257],[-0.42012127839036784,39.499357293344957],[-0.42072147016536343,39.499262827741497],[-0.42066186134301375,39.498536294253988],[-0.42106028016301811,39.498473067466676],[-0.4211756803634964,39.49845761112941],[-0.4210788003800629,39.498306815285723],[-0.42102906755379949,39.498256162905093],[-0.42062531529203889,39.497756219707874],[-0.42059590692021076,39.4976474609714],[-0.42072028612055512,39.497605186935466],[-0.42076920981938432,39.49730447731816],[-0.42148524324949277,39.496847406143452],[-0.42147002730042638,39.496562632790379],[-0.4187334174517055,39.496689443176578],[-0.41870155391850672,39.497443233205423],[-0.41871136595837455,39.497610114391982],[-0.41861636244020167,39.498193568166577],[-0.41855159116827356,39.498588517262419],[-0.4179973420155938,39.498738360846168],[-0.41812453081729223,39.498993434106424],[-0.41843920322024541,39.499622034520257]]]},"properties":{"codsecc":"2","coddistsecc":"1802","objectid":532,"st_area(shape)":63593.504936500001,"coddistrit":"18"}},{"type":"Feature","id":533,"geometry":{"type":"Polygon","coordinates":[[[-0.41843920322024541,39.499622034520257],[-0.41863792655594662,39.500045359723998],[-0.41920675146578529,39.501819228707056],[-0.42028637868970126,39.501771133813165],[-0.42097562098780034,39.501646798089801],[-0.42086050817285842,39.500664885035391],[-0.42046094754856556,39.50070990583486],[-0.42012127839036784,39.499357293344957],[-0.41843920322024541,39.499622034520257]]]},"properties":{"codsecc":"1","coddistsecc":"1801","objectid":533,"st_area(shape)":38716.331388999999,"coddistrit":"18"}},{"type":"Feature","id":535,"geometry":{"type":"Polygon","coordinates":[[[-0.37985190179745104,39.46815099000402],[-0.37652726010842674,39.467350767220822],[-0.37491579380279044,39.467125192998658],[-0.37387669863934508,39.467808898336472],[-0.37389168870029382,39.469129016678728],[-0.37560361914134299,39.469118150220709],[-0.37678039219811793,39.469216789550522],[-0.37764986558995711,39.469470641490091],[-0.37768510596374616,39.468957944081744],[-0.37823457415179645,39.469105473495794],[-0.37882856279472249,39.469537781755186],[-0.37985190179745104,39.46815099000402]]]},"properties":{"codsecc":"32","coddistsecc":"0132","objectid":535,"st_area(shape)":89288.330721000006,"coddistrit":"1"}},{"type":"Feature","id":538,"geometry":{"type":"Polygon","coordinates":[[[-0.35800753803872482,39.464088899825377],[-0.35430544073649345,39.462878581505393],[-0.35252062276954499,39.462337939697292],[-0.35220684840485877,39.463064997229452],[-0.3542133561055818,39.463691770233538],[-0.3539790868092505,39.464199927629792],[-0.35468560793404874,39.464360152260291],[-0.35476884821868077,39.464195393660987],[-0.35608931717246667,39.465157841476994],[-0.35711520572762606,39.465919895975283],[-0.35800753803872482,39.464088899825377]]]},"properties":{"codsecc":"44","coddistsecc":"1244","objectid":538,"st_area(shape)":68418.482075499996,"coddistrit":"12"}},{"type":"Feature","id":539,"geometry":{"type":"Polygon","coordinates":[[[-0.38416788261269663,39.475549828630477],[-0.38397929609056758,39.473739327509925],[-0.38402304457607311,39.472785388105258],[-0.38223154371027346,39.472862151473123],[-0.38179706302174143,39.472901911821225],[-0.38111712250362234,39.472958652123815],[-0.38089753649109531,39.47288613733911],[-0.38071508923441372,39.472791937232735],[-0.38045857166017055,39.473142002789643],[-0.38065287065157849,39.473191426441637],[-0.38104918806153104,39.473452605145482],[-0.38116064627623725,39.473599257778325],[-0.38122301439545081,39.473776334863508],[-0.38121457168496037,39.47400136459359],[-0.38130847260947465,39.474422380792745],[-0.38124876689836013,39.474677786103506],[-0.38099243445441006,39.475099927259194],[-0.38080757813410482,39.475379538059435],[-0.38106431137692925,39.475430368263829],[-0.38112952097765568,39.476229107385656],[-0.381915938494166,39.476143235512076],[-0.38245845883600466,39.475993298597025],[-0.38309864319691261,39.475854567281679],[-0.38373641805914943,39.47576082216009],[-0.38375759134660881,39.475486539429752],[-0.38416788261269663,39.475549828630477]]]},"properties":{"codsecc":"19","coddistsecc":"0119","objectid":539,"st_area(shape)":88607.8923775,"coddistrit":"1"}},{"type":"Feature","id":540,"geometry":{"type":"Polygon","coordinates":[[[-0.37735986328429777,39.491354132212706],[-0.37688142938171015,39.490077969231457],[-0.37588184965171423,39.49028644737686],[-0.37580312456303544,39.490075972237513],[-0.37532041282555706,39.490164472306176],[-0.37388371530907172,39.492060553640499],[-0.37735986328429777,39.491354132212706]]]},"properties":{"codsecc":"43","coddistsecc":"0543","objectid":540,"st_area(shape)":35732.943444999997,"coddistrit":"5"}},{"type":"Feature","id":541,"geometry":{"type":"Polygon","coordinates":[[[-0.37847884883946276,39.491105805077467],[-0.37791475048783219,39.489584116099238],[-0.37743341222239213,39.48951469616668],[-0.37672911255853364,39.488823139774652],[-0.37659501508462156,39.488428239590341],[-0.37588024744734405,39.489425577937972],[-0.37532041282555706,39.490164472306176],[-0.37580312456303544,39.490075972237513],[-0.37588184965171423,39.49028644737686],[-0.37688142938171015,39.490077969231457],[-0.37735986328429777,39.491354132212706],[-0.37847884883946276,39.491105805077467]]]},"properties":{"codsecc":"31","coddistsecc":"0531","objectid":541,"st_area(shape)":34848.336168000002,"coddistrit":"5"}},{"type":"Feature","id":515,"geometry":{"type":"Polygon","coordinates":[[[-0.36807067271416233,39.467393756366356],[-0.36692955495169383,39.467872390363333],[-0.36577629936785172,39.468364250978929],[-0.36711394553075033,39.47026388725947],[-0.36860371628409028,39.470288621444446],[-0.37010397813824086,39.470304574146617],[-0.36807067271416233,39.467393756366356]]]},"properties":{"codsecc":"37","coddistsecc":"0237","objectid":515,"st_area(shape)":68341.094752499994,"coddistrit":"2"}},{"type":"Feature","id":545,"geometry":{"type":"Polygon","coordinates":[[[-0.38996289193614142,39.466937147115722],[-0.38808451806494337,39.466602150314358],[-0.38729986965566426,39.465498959228185],[-0.38639626853799341,39.466564194746184],[-0.38829242158724814,39.469219370579061],[-0.38956950620751857,39.468676004270542],[-0.39084546748566562,39.468123598617176],[-0.39003075556862127,39.46700623738343],[-0.38996289193614142,39.466937147115722]]]},"properties":{"codsecc":"52","coddistsecc":"0352","objectid":545,"st_area(shape)":72249.465095000007,"coddistrit":"3"}},{"type":"Feature","id":546,"geometry":{"type":"Polygon","coordinates":[[[-0.39123713340419025,39.449574494885667],[-0.39134613606268909,39.44922483977188],[-0.39093341297256756,39.449152495874976],[-0.39122637898981455,39.447970823347674],[-0.38961274862909967,39.447722570999261],[-0.38931709910499429,39.449220389264092],[-0.38979332921118104,39.449303164961428],[-0.39123713340419025,39.449574494885667]]]},"properties":{"codsecc":"42","coddistsecc":"0942","objectid":546,"st_area(shape)":24980.364693,"coddistrit":"9"}},{"type":"Feature","id":1690,"geometry":{"type":"Polygon","coordinates":[[[-0.35761532392651513,39.494095099796212],[-0.35764292827994593,39.494115024287183],[-0.35771409003188365,39.494154560380686],[-0.35775072678098546,39.494189887997912],[-0.357869651843849,39.49432801176463],[-0.35788389022057976,39.494318326825201],[-0.3600820515384881,39.492838227433452],[-0.36193650902235225,39.491667381156702],[-0.36134684089616248,39.491054639632488],[-0.36150791500953999,39.490962543345283],[-0.36077172022045934,39.490736199150156],[-0.36082632018403554,39.490594515491019],[-0.35967479800570157,39.49023922006662],[-0.35936300454586517,39.490863629923901],[-0.35789360909175516,39.493806067502682],[-0.35761678482181719,39.494093061008776],[-0.35761532392651513,39.494095099796212]]]},"properties":{"codsecc":"29","coddistsecc":"1529","objectid":1690,"st_area(shape)":64599.482394999999,"coddistrit":"15"}},{"type":"Feature","id":524,"geometry":{"type":"Polygon","coordinates":[[[-0.34526421715428185,39.474938200981519],[-0.34543301789554093,39.474594805927751],[-0.34514284554318664,39.474507098223732],[-0.3414093344572392,39.473403789721267],[-0.34196193777867501,39.472227276503773],[-0.33975351613589538,39.471559660798377],[-0.33940468886938391,39.472267869964199],[-0.34039963723091177,39.472542881153331],[-0.33999539340149859,39.473371441719486],[-0.34143813312919863,39.473791815572156],[-0.34526421715428185,39.474938200981519]]]},"properties":{"codsecc":"27","coddistsecc":"1327","objectid":524,"st_area(shape)":42906.630368999999,"coddistrit":"13"}},{"type":"Feature","id":548,"geometry":{"type":"Polygon","coordinates":[[[-0.34709486653245125,39.475486651192156],[-0.3477612635431851,39.473967789483588],[-0.34572286705080285,39.473353714941901],[-0.34514284554318664,39.474507098223732],[-0.34543301789554093,39.474594805927751],[-0.34526421715428185,39.474938200981519],[-0.34709486653245125,39.475486651192156]]]},"properties":{"codsecc":"13","coddistsecc":"1313","objectid":548,"st_area(shape)":33131.980170499999,"coddistrit":"13"}},{"type":"Feature","id":549,"geometry":{"type":"Polygon","coordinates":[[[-0.37814312052134974,39.486350631626991],[-0.37773321316257419,39.486913439393753],[-0.37726710608018543,39.487501994433622],[-0.37699561097885609,39.487842704021539],[-0.37673655980998638,39.488219728967103],[-0.37659501508462156,39.488428239590341],[-0.37672911255853364,39.488823139774652],[-0.37743341222239213,39.48951469616668],[-0.37791475048783219,39.489584116099238],[-0.37810832542831901,39.489151567521205],[-0.3777115199303413,39.488070568792189],[-0.37811075492022866,39.487984985697992],[-0.37945289622729156,39.487713477040352],[-0.37900017681986115,39.486437541588757],[-0.37814312052134974,39.486350631626991]]]},"properties":{"codsecc":"29","coddistsecc":"0529","objectid":549,"st_area(shape)":40553.346439499997,"coddistrit":"5"}},{"type":"Feature","id":550,"geometry":{"type":"Polygon","coordinates":[[[-0.39306982457199752,39.448724514501947],[-0.3947468599116461,39.449873763952709],[-0.39606350761624609,39.447966384232508],[-0.39614307185935127,39.447585290485478],[-0.39556776503081348,39.447549878545317],[-0.39421888552989681,39.447537663285281],[-0.39298328871892835,39.447622557214345],[-0.39209780026474789,39.447647736692758],[-0.38961274862909967,39.447722570999261],[-0.39122637898981455,39.447970823347674],[-0.39093341297256756,39.449152495874976],[-0.39134613606268909,39.44922483977188],[-0.39123713340419025,39.449574494885667],[-0.39267881527708459,39.449845398989893],[-0.39290894319437353,39.449136898432904],[-0.39306982457199752,39.448724514501947]]]},"properties":{"codsecc":"17","coddistsecc":"0917","objectid":550,"st_area(shape)":83608.681328000006,"coddistrit":"9"}},{"type":"Feature","id":551,"geometry":{"type":"Polygon","coordinates":[[[-0.39306982457199752,39.448724514501947],[-0.39290894319437353,39.449136898432904],[-0.39267881527708459,39.449845398989893],[-0.39184867165682336,39.451051967223343],[-0.39349926184791073,39.451719623092195],[-0.3947468599116461,39.449873763952709],[-0.39306982457199752,39.448724514501947]]]},"properties":{"codsecc":"18","coddistsecc":"0918","objectid":551,"st_area(shape)":41811.776049,"coddistrit":"9"}},{"type":"Feature","id":553,"geometry":{"type":"Polygon","coordinates":[[[-0.40346035949557291,39.466829642282761],[-0.40198726232215487,39.466553481693751],[-0.40148256443850799,39.46828538967231],[-0.39980654644641128,39.467995654945824],[-0.39959447431208817,39.468716111771442],[-0.40275056518207275,39.469291193573028],[-0.40294553326586308,39.468561339643045],[-0.40346035949557291,39.466829642282761]]]},"properties":{"codsecc":"30","coddistsecc":"0730","objectid":553,"st_area(shape)":48755.094501500003,"coddistrit":"7"}},{"type":"Feature","id":498,"geometry":{"type":"Polygon","coordinates":[[[-0.39403347943674027,39.464105158743031],[-0.39513225090384346,39.463314501393832],[-0.39560420851505473,39.462910681458077],[-0.39506279551664508,39.462664317714705],[-0.39370521861476565,39.462079837655686],[-0.39280443034258128,39.461537121078621],[-0.39242842516162368,39.46193857811619],[-0.39158375213017138,39.461469181838581],[-0.39160376558692284,39.462352496229805],[-0.39186010879441058,39.462529408035699],[-0.39163971225002908,39.462848779534617],[-0.39115661150700376,39.463549633237889],[-0.39110713179661549,39.463688150299262],[-0.39113334466125338,39.464211250614426],[-0.39225777615420809,39.464173433967026],[-0.39388362975276897,39.46411080735173],[-0.39403347943674027,39.464105158743031]]]},"properties":{"codsecc":"10","coddistsecc":"0810","objectid":498,"st_area(shape)":72727.164095,"coddistrit":"8"}},{"type":"Feature","id":457,"geometry":{"type":"Polygon","coordinates":[[[-0.3887956064973338,39.451591503387192],[-0.38885690732096845,39.451273066847143],[-0.38931709910499429,39.449220389264092],[-0.38810420777787696,39.449008458133136],[-0.38555944161950712,39.448523315254164],[-0.38523766713919244,39.449669198778466],[-0.38496075361978349,39.451090859878029],[-0.38719812394666475,39.451388930031591],[-0.3887956064973338,39.451591503387192]]]},"properties":{"codsecc":"29","coddistsecc":"0929","objectid":457,"st_area(shape)":93275.913221499999,"coddistrit":"9"}},{"type":"Feature","id":473,"geometry":{"type":"Polygon","coordinates":[[[-0.39209780026474789,39.447647736692758],[-0.39244711867549625,39.44671414937973],[-0.39134421773431638,39.446455171259437],[-0.39015999859145645,39.446176339154214],[-0.38975382192739882,39.447212235163633],[-0.38961274862909967,39.447722570999261],[-0.39209780026474789,39.447647736692758]]]},"properties":{"codsecc":"35","coddistsecc":"0935","objectid":473,"st_area(shape)":29567.123250500001,"coddistrit":"9"}},{"type":"Feature","id":512,"geometry":{"type":"Polygon","coordinates":[[[-0.38390356899714417,39.45626062232504],[-0.38620209749788659,39.456636664870331],[-0.38654224199126674,39.455311016423657],[-0.38688079499281575,39.455386195033881],[-0.38724542039388071,39.45488089819974],[-0.38696867543323482,39.45472603082321],[-0.38553519667651426,39.453788406040843],[-0.38447234752796106,39.453543767107185],[-0.38416289701329454,39.455018745950497],[-0.38390356899714417,39.45626062232504]]]},"properties":{"codsecc":"12","coddistsecc":"0912","objectid":512,"st_area(shape)":61385.900719999998,"coddistrit":"9"}},{"type":"Feature","id":522,"geometry":{"type":"Polygon","coordinates":[[[-0.39260358727543621,39.469811671810405],[-0.39452947546162059,39.470161165952902],[-0.39483514863138269,39.469231110081765],[-0.39326906469812245,39.468741046840883],[-0.39290930885999603,39.468823064971644],[-0.39298348360494639,39.469054453920528],[-0.39260358727543621,39.469811671810405]]]},"properties":{"codsecc":"7","coddistsecc":"0707","objectid":522,"st_area(shape)":19533.3271565,"coddistrit":"7"}},{"type":"Feature","id":397,"geometry":{"type":"Polygon","coordinates":[[[-0.36541302869745762,39.459973382470601],[-0.36544672788059557,39.460023694772239],[-0.36654368843356377,39.45963416096567],[-0.36575514772976403,39.458548748016185],[-0.3647698820808864,39.457152579263834],[-0.36419650969788048,39.456333289659838],[-0.36315269247421161,39.456778069390374],[-0.36434145839241289,39.458458139395042],[-0.36541302869745762,39.459973382470601]]]},"properties":{"codsecc":"5","coddistsecc":"1005","objectid":397,"st_area(shape)":42419.065905000003,"coddistrit":"10"}},{"type":"Feature","id":435,"geometry":{"type":"Polygon","coordinates":[[[-0.37145047991425839,39.455497635715965],[-0.37402250833919165,39.455416150130517],[-0.37415443975183343,39.455635342461413],[-0.374729955389216,39.45539609706718],[-0.37356214660290266,39.453694082227891],[-0.37354212320229085,39.45366660329416],[-0.37150276512026414,39.454899732421254],[-0.37145047991425839,39.455497635715965]]]},"properties":{"codsecc":"21","coddistsecc":"1021","objectid":435,"st_area(shape)":33942.835720000003,"coddistrit":"10"}},{"type":"Feature","id":275,"geometry":{"type":"Polygon","coordinates":[[[-0.39218687008573389,39.469959975741695],[-0.39254803857989806,39.469801416659919],[-0.39260358727543621,39.469811671810405],[-0.39298348360494639,39.469054453920528],[-0.39290930885999603,39.468823064971644],[-0.39279081803211002,39.46851410677646],[-0.39328266600088552,39.467579222727849],[-0.39266778861977347,39.467470827570018],[-0.39158638909952664,39.469135705609354],[-0.39214059741253005,39.469895875632758],[-0.39218687008573389,39.469959975741695]]]},"properties":{"codsecc":"8","coddistsecc":"0708","objectid":275,"st_area(shape)":19990.495063999999,"coddistrit":"7"}},{"type":"Feature","id":521,"geometry":{"type":"Polygon","coordinates":[[[-0.37293277763844551,39.476944945059373],[-0.37299319872959463,39.476806674828424],[-0.373142253677751,39.476629868649859],[-0.37325469787124155,39.476267554614772],[-0.37344386987263978,39.476298856896697],[-0.37347584411844853,39.475835636117409],[-0.3735914123346783,39.47548690547427],[-0.37369197306345603,39.475363055199821],[-0.37379313377205592,39.475396872171764],[-0.37416525278189139,39.474833223194878],[-0.37422491205381364,39.474618369325803],[-0.37440131673580956,39.474352091477272],[-0.37454210843751262,39.474008434030793],[-0.37424468184542631,39.473938652437724],[-0.37423318206113138,39.473510475070221],[-0.37133632259848592,39.472940491367154],[-0.37117857390898057,39.473328796154767],[-0.3717857835143365,39.473621803031655],[-0.37175408812821031,39.474733671262555],[-0.37155161675746035,39.475093938591307],[-0.37119785030336122,39.475536375513272],[-0.37101851669590691,39.475726007364905],[-0.37058709783843891,39.477207190756332],[-0.37162189948494534,39.476757639852437],[-0.37293277763844551,39.476944945059373]]]},"properties":{"codsecc":"5","coddistsecc":"0105","objectid":521,"st_area(shape)":88695.520848,"coddistrit":"1"}},{"type":"Feature","id":523,"geometry":{"type":"Polygon","coordinates":[[[-0.38801131324857402,39.462190714341517],[-0.38825956069929657,39.462079178703071],[-0.39072909814033796,39.460995051003408],[-0.39020553492571541,39.460699517064832],[-0.38888925809267061,39.459944741034725],[-0.38754110007386866,39.461517996897143],[-0.38801131324857402,39.462190714341517]]]},"properties":{"codsecc":"7","coddistsecc":"0807","objectid":523,"st_area(shape)":31968.476188000001,"coddistrit":"8"}},{"type":"Feature","id":525,"geometry":{"type":"Polygon","coordinates":[[[-0.38386920077222625,39.465687523846427],[-0.38484324872038483,39.466988698232001],[-0.38591115186750036,39.466521743852489],[-0.38639626853799341,39.466564194746184],[-0.38729986965566426,39.465498959228185],[-0.38610382522168624,39.463859485801549],[-0.38568095210052866,39.463435568301385],[-0.38386920077222625,39.465687523846427]]]},"properties":{"codsecc":"41","coddistsecc":"0341","objectid":525,"st_area(shape)":63166.687908499996,"coddistrit":"3"}},{"type":"Feature","id":526,"geometry":{"type":"Polygon","coordinates":[[[-0.37451461348565179,39.464638719245769],[-0.3753452879541665,39.464261104188971],[-0.37807798486967692,39.463043555533034],[-0.37863090063630045,39.461569583669608],[-0.37717643189159356,39.462176384508744],[-0.3759896155999865,39.462676600233507],[-0.37462955575725232,39.463262978129805],[-0.37384671419786619,39.463411953655246],[-0.37451461348565179,39.464638719245769]]]},"properties":{"codsecc":"16","coddistsecc":"0216","objectid":526,"st_area(shape)":51477.157848000003,"coddistrit":"2"}},{"type":"Feature","id":372,"geometry":{"type":"Polygon","coordinates":[[[-0.3652494236270179,39.461325496970723],[-0.36612095689903829,39.460962378390811],[-0.36544672788059557,39.460023694772239],[-0.36541302869745762,39.459973382470601],[-0.36387744115764797,39.460533132918961],[-0.3636835512018422,39.460839538128248],[-0.36500819225954317,39.461423619891121],[-0.3652494236270179,39.461325496970723]]]},"properties":{"codsecc":"12","coddistsecc":"1012","objectid":372,"st_area(shape)":18862.1970005,"coddistrit":"10"}},{"type":"Feature","id":373,"geometry":{"type":"Polygon","coordinates":[[[-0.39242842516162368,39.46193857811619],[-0.39280443034258128,39.461537121078621],[-0.39335441292075074,39.460950370486536],[-0.39196194682311503,39.460153380347833],[-0.39100409586482759,39.459622882780081],[-0.39020553492571541,39.460699517064832],[-0.39072909814033796,39.460995051003408],[-0.39093970792210614,39.461112389635744],[-0.39158375213017138,39.461469181838581],[-0.39242842516162368,39.46193857811619]]]},"properties":{"codsecc":"14","coddistsecc":"0814","objectid":373,"st_area(shape)":33299.342095,"coddistrit":"8"}},{"type":"Feature","id":380,"geometry":{"type":"Polygon","coordinates":[[[-0.3780925749162049,39.460372781490072],[-0.37723047807574711,39.459132644377618],[-0.37554504132351868,39.45985583172201],[-0.37640617149626365,39.461082445975094],[-0.3780925749162049,39.460372781490072]]]},"properties":{"codsecc":"31","coddistsecc":"0231","objectid":380,"st_area(shape)":25778.335875000001,"coddistrit":"2"}},{"type":"Feature","id":145,"geometry":{"type":"Polygon","coordinates":[[[-0.38348024687795645,39.481119766124188],[-0.3861516700240657,39.479806063565348],[-0.38670530110268025,39.479534738188597],[-0.38737365742726321,39.479207441332917],[-0.38683915954493819,39.478560302526176],[-0.38545358812589503,39.478425526061542],[-0.38531298333422054,39.475566590433232],[-0.38419083748645666,39.475771060979206],[-0.38386428209174667,39.477601486935178],[-0.3837319101822565,39.47834173261105],[-0.38302417378575648,39.480280686906283],[-0.38339523622102922,39.481158391496677],[-0.38348024687795645,39.481119766124188]]]},"properties":{"codsecc":"8","coddistsecc":"0308","objectid":145,"st_area(shape)":103242.85653400001,"coddistrit":"3"}},{"type":"Feature","id":105,"geometry":{"type":"Polygon","coordinates":[[[-0.3833257497009358,39.485742274244643],[-0.38522412935190714,39.485032782969341],[-0.38366033794605081,39.483912024257243],[-0.38289599986723033,39.484588479913391],[-0.3833257497009358,39.485742274244643]]]},"properties":{"codsecc":"6","coddistsecc":"0506","objectid":105,"st_area(shape)":21069.537594500001,"coddistrit":"5"}},{"type":"Feature","id":154,"geometry":{"type":"Polygon","coordinates":[[[-0.37888542535692837,39.479164899446651],[-0.37926154866527634,39.478745474168306],[-0.37982119082411425,39.478933765747868],[-0.37985958438752848,39.478840039128883],[-0.38048340542485087,39.479002748227309],[-0.38061270815965514,39.478712877178154],[-0.38066758166835646,39.478412328519745],[-0.38076228173540111,39.477747812343381],[-0.38020847258242685,39.477694788753794],[-0.38035322953389067,39.47728364761381],[-0.380249801317458,39.476767814691677],[-0.38043579348039108,39.476303559205419],[-0.37917038665054531,39.476549786315786],[-0.37917496630502306,39.476833666588959],[-0.37913960168561089,39.476904939340223],[-0.37907437401506011,39.477074635267279],[-0.37895563871192978,39.477315194624829],[-0.37868134409818516,39.477480165560344],[-0.37854921173284828,39.477535742039642],[-0.3786498709979621,39.477583056700418],[-0.37915540140077075,39.477761121950905],[-0.37884334292684907,39.477983807680928],[-0.37879356517061274,39.478167365084865],[-0.37845700881681554,39.478056171892085],[-0.37830248277461287,39.478223852754773],[-0.37800492710074862,39.478640543322619],[-0.37783060598576435,39.478735706556691],[-0.37772838501890876,39.478981141568632],[-0.37802060649822117,39.478996744271825],[-0.37816644484826523,39.479040574358059],[-0.37858389656275199,39.47912656697882],[-0.37888542535692837,39.479164899446651]]]},"properties":{"codsecc":"14","coddistsecc":"0114","objectid":154,"st_area(shape)":43756.535940000002,"coddistrit":"1"}},{"type":"Feature","id":152,"geometry":{"type":"Polygon","coordinates":[[[-0.36513389309767907,39.479011512472987],[-0.36643055738398739,39.479383248913024],[-0.36744378861820076,39.477311676673075],[-0.36726926395989878,39.476834771045269],[-0.36595843485349466,39.477012258503123],[-0.36494188490790286,39.477092812627809],[-0.36423509423692763,39.477031730460396],[-0.36403728243991756,39.477171383865766],[-0.36338811133808557,39.478507962882716],[-0.36513389309767907,39.479011512472987]]]},"properties":{"codsecc":"6","coddistsecc":"0606","objectid":152,"st_area(shape)":64142.822221499999,"coddistrit":"6"}},{"type":"Feature","id":150,"geometry":{"type":"Polygon","coordinates":[[[-0.32985081141851458,39.478917918372339],[-0.32992482556973907,39.475464800620799],[-0.32870941444305946,39.475103553396863],[-0.32871712094545219,39.476477551891847],[-0.32864689436213951,39.476566024725493],[-0.32864084399931165,39.477691966858828],[-0.32863464513349516,39.478745835645817],[-0.32899340473677924,39.4787495782899],[-0.32898789275107176,39.478893591115835],[-0.32985081141851458,39.478917918372339]]]},"properties":{"codsecc":"32","coddistsecc":"1132","objectid":150,"st_area(shape)":41833.246191999999,"coddistrit":"11"}},{"type":"Feature","id":146,"geometry":{"type":"Polygon","coordinates":[[[-0.37663072437763712,39.481005847244376],[-0.37790883728268282,39.47966988142835],[-0.37816644484826523,39.479040574358059],[-0.37802060649822117,39.478996744271825],[-0.37772838501890876,39.478981141568632],[-0.37783060598576435,39.478735706556691],[-0.37800492710074862,39.478640543322619],[-0.37830248277461287,39.478223852754773],[-0.37845700881681554,39.478056171892085],[-0.37879356517061274,39.478167365084865],[-0.37884334292684907,39.477983807680928],[-0.37915540140077075,39.477761121950905],[-0.3786498709979621,39.477583056700418],[-0.37854921173284828,39.477535742039642],[-0.37868134409818516,39.477480165560344],[-0.37895563871192978,39.477315194624829],[-0.37907437401506011,39.477074635267279],[-0.37913960168561089,39.476904939340223],[-0.37917496630502306,39.476833666588959],[-0.37917038665054531,39.476549786315786],[-0.37847927560674155,39.476651311760932],[-0.37798022736220255,39.476649061341213],[-0.37791870558033258,39.47691343252297],[-0.3779369327121872,39.477008427098902],[-0.37723511695679329,39.477046641985019],[-0.37720293867497467,39.477226091515888],[-0.37688133431022469,39.477277389492755],[-0.37687761291219024,39.477376402171245],[-0.37620432180756597,39.478897191164592],[-0.37413381414528651,39.479336887658079],[-0.37434476900640734,39.479503812525877],[-0.37503600600613218,39.480037425215329],[-0.37663072437763712,39.481005847244376]]]},"properties":{"codsecc":"11","coddistsecc":"0111","objectid":146,"st_area(shape)":84422.514158999998,"coddistrit":"1"}},{"type":"Feature","id":143,"geometry":{"type":"Polygon","coordinates":[[[-0.35265177693156702,39.480714199506949],[-0.35287186244339208,39.480543542718763],[-0.35332164393232107,39.480197942359965],[-0.35389327139125359,39.479589365640045],[-0.35467107963779559,39.478544050711513],[-0.35274218086439668,39.477986615912243],[-0.35150603884276388,39.477611611509843],[-0.35125610558993747,39.478204996868676],[-0.35125993545919226,39.479214055359883],[-0.35182390677306241,39.480262915655111],[-0.35265177693156702,39.480714199506949]]]},"properties":{"codsecc":"28","coddistsecc":"1328","objectid":143,"st_area(shape)":60781.400156999996,"coddistrit":"13"}},{"type":"Feature","id":142,"geometry":{"type":"Polygon","coordinates":[[[-0.36373056713425689,39.480943586514933],[-0.36412358891981239,39.481060607526857],[-0.36442615213962082,39.480436856615029],[-0.36124776337227449,39.479486369871076],[-0.360886941908375,39.480189859064069],[-0.3620033069252106,39.480526010251403],[-0.36195997133457497,39.480615114092807],[-0.36272204385839357,39.480848622666656],[-0.36278157181151338,39.480849973676776],[-0.36345861562923121,39.481045521633781],[-0.36373056713425689,39.480943586514933]]]},"properties":{"codsecc":"21","coddistsecc":"0621","objectid":142,"st_area(shape)":25765.687063500001,"coddistrit":"6"}},{"type":"Feature","id":119,"geometry":{"type":"Polygon","coordinates":[[[-0.38595971035606874,39.484716007620861],[-0.38796491096487418,39.483869246447014],[-0.38883824401831529,39.483501496119771],[-0.38785414337309682,39.482150589583263],[-0.38501246808597928,39.483352393574727],[-0.38595971035606874,39.484716007620861]]]},"properties":{"codsecc":"9","coddistsecc":"0409","objectid":119,"st_area(shape)":48234.788189999999,"coddistrit":"4"}},{"type":"Feature","id":116,"geometry":{"type":"Polygon","coordinates":[[[-0.38522412935190714,39.485032782969341],[-0.38595971035606874,39.484716007620861],[-0.38501246808597928,39.483352393574727],[-0.38366033794605081,39.483912024257243],[-0.38522412935190714,39.485032782969341]]]},"properties":{"codsecc":"10","coddistsecc":"0410","objectid":116,"st_area(shape)":17648.421563,"coddistrit":"4"}},{"type":"Feature","id":115,"geometry":{"type":"Polygon","coordinates":[[[-0.36931848340761886,39.484358426740052],[-0.37085381097916392,39.48482109204339],[-0.37175772114208933,39.48349023349455],[-0.37230051539006065,39.482525066063772],[-0.37049267664137114,39.482141828257632],[-0.36997002704882764,39.483188530949043],[-0.36931848340761886,39.484358426740052]]]},"properties":{"codsecc":"27","coddistsecc":"0527","objectid":115,"st_area(shape)":41719.110001000001,"coddistrit":"5"}},{"type":"Feature","id":108,"geometry":{"type":"Polygon","coordinates":[[[-0.396006366485607,39.485851498570995],[-0.39798106368702529,39.484904782953805],[-0.3981047382393163,39.483673345279662],[-0.39816455487320573,39.483589100923489],[-0.39820014665308706,39.483297120483712],[-0.39853607637820915,39.483115456504244],[-0.39876168993197375,39.483183568861492],[-0.39901785368180492,39.483211824942941],[-0.39908456125530745,39.482767381809353],[-0.39888133549387311,39.482839407826368],[-0.39870140813494753,39.482812858100985],[-0.398428647572386,39.482995936851694],[-0.3981788379876639,39.483089440709982],[-0.3978874235329547,39.483168499156861],[-0.39784608862357834,39.483302705704112],[-0.3968867868202291,39.483677598387196],[-0.39698903001377883,39.483819525300753],[-0.39524504249188686,39.484582220252797],[-0.396006366485607,39.485851498570995]]]},"properties":{"codsecc":"2","coddistsecc":"0402","objectid":108,"st_area(shape)":41101.307346000001,"coddistrit":"4"}},{"type":"Feature","id":102,"geometry":{"type":"Polygon","coordinates":[[[-0.38188457371035489,39.485826916915585],[-0.38280872678685679,39.485694595195952],[-0.3833257497009358,39.485742274244643],[-0.38289599986723033,39.484588479913391],[-0.38366033794605081,39.483912024257243],[-0.38301616963387691,39.483496627438441],[-0.38243812411658412,39.484010621908645],[-0.38055415098216139,39.484026715940722],[-0.38076906779255959,39.484495512980068],[-0.38188457371035489,39.485826916915585]]]},"properties":{"codsecc":"8","coddistsecc":"0508","objectid":102,"st_area(shape)":36841.255813999996,"coddistrit":"5"}},{"type":"Feature","id":98,"geometry":{"type":"Polygon","coordinates":[[[-0.35388648199548989,39.485688099209234],[-0.35642810651704565,39.485939647743017],[-0.35666902002361273,39.484625355373183],[-0.35412273313997389,39.484382715168856],[-0.35388648199548989,39.485688099209234]]]},"properties":{"codsecc":"4","coddistsecc":"1404","objectid":98,"st_area(shape)":32406.171627,"coddistrit":"14"}},{"type":"Feature","id":97,"geometry":{"type":"Polygon","coordinates":[[[-0.38894993953485951,39.486729137073326],[-0.38922404199472349,39.485929017799954],[-0.39011567306996991,39.485539147287355],[-0.38989004579602321,39.485218771507625],[-0.38911985371295887,39.485548307421396],[-0.38796491096487418,39.483869246447014],[-0.38595971035606874,39.484716007620861],[-0.38522412935190714,39.485032782969341],[-0.38730524207567246,39.486602080317716],[-0.38744616067845439,39.48631246297672],[-0.3882768025437448,39.485979792685242],[-0.38858644442027218,39.486617367454564],[-0.38894993953485951,39.486729137073326]]]},"properties":{"codsecc":"11","coddistsecc":"0411","objectid":97,"st_area(shape)":60717.5126905,"coddistrit":"4"}},{"type":"Feature","id":95,"geometry":{"type":"Polygon","coordinates":[[[-0.39343442991026017,39.486951447026897],[-0.396006366485607,39.485851498570995],[-0.39524504249188686,39.484582220252797],[-0.39257890269853468,39.485734091399735],[-0.39343442991026017,39.486951447026897]]]},"properties":{"codsecc":"27","coddistsecc":"1627","objectid":95,"st_area(shape)":39814.044534499997,"coddistrit":"16"}},{"type":"Feature","id":91,"geometry":{"type":"Polygon","coordinates":[[[-0.39017184964434948,39.487067391037151],[-0.39065309030343459,39.486109762053758],[-0.39046684968092149,39.486038013754502],[-0.39011567306996991,39.485539147287355],[-0.38922404199472349,39.485929017799954],[-0.38894993953485951,39.486729137073326],[-0.39017184964434948,39.487067391037151]]]},"properties":{"codsecc":"14","coddistsecc":"0414","objectid":91,"st_area(shape)":15176.655156500001,"coddistrit":"4"}},{"type":"Feature","id":90,"geometry":{"type":"Polygon","coordinates":[[[-0.37273374147041494,39.486687879996921],[-0.37480912139606615,39.48649155838789],[-0.37626540254439472,39.486353292285742],[-0.37676669673441598,39.485486263407708],[-0.37567736544782027,39.48541210901665],[-0.37581233547128307,39.484586358593752],[-0.37474984450272253,39.484494784231778],[-0.3748628960090345,39.483884750400108],[-0.3745837379859443,39.484139698030589],[-0.37428020360651515,39.484443633403203],[-0.37407191095911774,39.484668650314703],[-0.37378424099808288,39.485342311627221],[-0.37321231996388676,39.485324870838767],[-0.37273374147041494,39.486687879996921]]]},"properties":{"codsecc":"15","coddistsecc":"0515","objectid":90,"st_area(shape)":53973.254222000003,"coddistrit":"5"}},{"type":"Feature","id":85,"geometry":{"type":"Polygon","coordinates":[[[-0.38643616453110802,39.487843748784684],[-0.38824308512967853,39.487442954772177],[-0.38754577924067213,39.48681468168369],[-0.38730524207567246,39.486602080317716],[-0.38522412935190714,39.485032782969341],[-0.3833257497009358,39.485742274244643],[-0.38280872678685679,39.485694595195952],[-0.38188457371035489,39.485826916915585],[-0.38227458351529042,39.485948313499712],[-0.38272641266363061,39.486048579256185],[-0.38297442922943614,39.486081191686296],[-0.38355183214516309,39.486107716653564],[-0.38369211995424218,39.48630005095491],[-0.38394989773076499,39.486963496226267],[-0.38494935299942545,39.486760782580532],[-0.38509038469452761,39.487146820927087],[-0.38609107753851885,39.486930612105915],[-0.38643616453110802,39.487843748784684]]]},"properties":{"codsecc":"5","coddistsecc":"0505","objectid":85,"st_area(shape)":63574.899784499998,"coddistrit":"5"}},{"type":"Feature","id":83,"geometry":{"type":"Polygon","coordinates":[[[-0.35755667037241201,39.487222038593558],[-0.35929779769642078,39.487468822047539],[-0.35935878913044184,39.487181928049736],[-0.35934578549869434,39.486987944346986],[-0.35935285881096773,39.486839460666566],[-0.35937253934646973,39.486722803132849],[-0.35930882200733172,39.486275421812756],[-0.35880177252989226,39.486214349413878],[-0.35780905445698263,39.486083666409961],[-0.35642810651704565,39.485939647743017],[-0.35626862084788147,39.48692697265092],[-0.35740594994094738,39.487038435940356],[-0.35759346985845775,39.48705621356806],[-0.35755667037241201,39.487222038593558]]]},"properties":{"codsecc":"8","coddistsecc":"1408","objectid":83,"st_area(shape)":31670.005157,"coddistrit":"14"}},{"type":"Feature","id":82,"geometry":{"type":"Polygon","coordinates":[[[-0.36911641197026074,39.487385284211634],[-0.37099193330287694,39.487923215994599],[-0.37155168936996513,39.486489980844979],[-0.3709682839227505,39.485697523879445],[-0.37199700778054523,39.484139772853297],[-0.3725356616967474,39.484210510952174],[-0.37346612223677944,39.484335147332359],[-0.37428020360651515,39.484443633403203],[-0.3745837379859443,39.484139698030589],[-0.3748628960090345,39.483884750400108],[-0.37501934038411427,39.483550455397953],[-0.37503600600613218,39.480037425215329],[-0.37434476900640734,39.479503812525877],[-0.37308923412760014,39.481299696555666],[-0.37230051539006065,39.482525066063772],[-0.37175772114208933,39.48349023349455],[-0.37085381097916392,39.48482109204339],[-0.37061065846083474,39.485180436400846],[-0.36983126200011074,39.486329423946167],[-0.36911641197026074,39.487385284211634]]]},"properties":{"codsecc":"17","coddistsecc":"0517","objectid":82,"st_area(shape)":142199.11812850001,"coddistrit":"5"}},{"type":"Feature","id":77,"geometry":{"type":"Polygon","coordinates":[[[-0.38947086432928502,39.488556104332879],[-0.39017184964434948,39.487067391037151],[-0.38894993953485951,39.486729137073326],[-0.38858644442027218,39.486617367454564],[-0.3882768025437448,39.485979792685242],[-0.38744616067845439,39.48631246297672],[-0.38730524207567246,39.486602080317716],[-0.38754577924067213,39.48681468168369],[-0.38824308512967853,39.487442954772177],[-0.38947086432928502,39.488556104332879]]]},"properties":{"codsecc":"12","coddistsecc":"0412","objectid":77,"st_area(shape)":29258.544625999999,"coddistrit":"4"}},{"type":"Feature","id":75,"geometry":{"type":"Polygon","coordinates":[[[-0.37216656844093476,39.488260589245215],[-0.37261554613494213,39.48735636098283],[-0.37527584474207931,39.487875930987386],[-0.37480912139606615,39.48649155838789],[-0.37273374147041494,39.486687879996921],[-0.37218944042047714,39.48668908509471],[-0.37155168936996513,39.486489980844979],[-0.37099193330287694,39.487923215994599],[-0.37216656844093476,39.488260589245215]]]},"properties":{"codsecc":"40","coddistsecc":"0540","objectid":75,"st_area(shape)":41721.602282499996,"coddistrit":"5"}},{"type":"Feature","id":69,"geometry":{"type":"Polygon","coordinates":[[[-0.3857315618200608,39.489426949283541],[-0.38615873522110822,39.489332958266758],[-0.38691945801315819,39.4891608926457],[-0.38643616453110802,39.487843748784684],[-0.38369900731953921,39.488421766215332],[-0.38445683409034442,39.488772152056669],[-0.38554254563271695,39.489274051544164],[-0.3857315618200608,39.489426949283541]]]},"properties":{"codsecc":"3","coddistsecc":"0503","objectid":69,"st_area(shape)":26280.609844499999,"coddistrit":"5"}},{"type":"Feature","id":68,"geometry":{"type":"Polygon","coordinates":[[[-0.35776895421500154,39.488753840016095],[-0.35901188345988594,39.488917228248113],[-0.35910838867363953,39.488306826614746],[-0.35920836154505442,39.487854165807448],[-0.35747201074571727,39.487634506790648],[-0.3572584230944853,39.488688177165393],[-0.35776895421500154,39.488753840016095]]]},"properties":{"codsecc":"22","coddistsecc":"1422","objectid":68,"st_area(shape)":17995.125281500001,"coddistrit":"14"}},{"type":"Feature","id":67,"geometry":{"type":"Polygon","coordinates":[[[-0.35901188345988594,39.488917228248113],[-0.36026066403823059,39.489065943780624],[-0.36055135694301599,39.488483762373349],[-0.36076372965124548,39.488056166171141],[-0.36026209423440736,39.487986214237139],[-0.36024276411343659,39.486346190871188],[-0.36029816569311335,39.48599610800516],[-0.35888239560747037,39.48579277055164],[-0.35880177252989226,39.486214349413878],[-0.35930882200733172,39.486275421812756],[-0.35937253934646973,39.486722803132849],[-0.35935285881096773,39.486839460666566],[-0.35934578549869434,39.486987944346986],[-0.35935878913044184,39.487181928049736],[-0.35929779769642078,39.487468822047539],[-0.35755667037241201,39.487222038593558],[-0.35747201074571727,39.487634506790648],[-0.35920836154505442,39.487854165807448],[-0.35910838867363953,39.488306826614746],[-0.35901188345988594,39.488917228248113]]]},"properties":{"codsecc":"9","coddistsecc":"1409","objectid":67,"st_area(shape)":41275.209836000002,"coddistrit":"14"}},{"type":"Feature","id":63,"geometry":{"type":"Polygon","coordinates":[[[-0.39306657172423765,39.48942510961691],[-0.39052352527076106,39.488232919364719],[-0.38947086432928502,39.488556104332879],[-0.3909500070409912,39.490021724006077],[-0.39218947217806671,39.490572058124521],[-0.39227453425456754,39.490610002332417],[-0.39306657172423765,39.48942510961691]]]},"properties":{"codsecc":"2","coddistsecc":"1602","objectid":63,"st_area(shape)":38682.321595499998,"coddistrit":"16"}},{"type":"Feature","id":62,"geometry":{"type":"Polygon","coordinates":[[[-0.3690025588041041,39.490288014778926],[-0.37013258870856824,39.489322641398246],[-0.36841846379052889,39.487973057731274],[-0.36707723555754485,39.488757958297072],[-0.3690025588041041,39.490288014778926]]]},"properties":{"codsecc":"2","coddistsecc":"1502","objectid":62,"st_area(shape)":32217.3570645,"coddistrit":"15"}},{"type":"Feature","id":61,"geometry":{"type":"Polygon","coordinates":[[[-0.35967479800570157,39.49023922006662],[-0.36026066403823059,39.489065943780624],[-0.35901188345988594,39.488917228248113],[-0.35776895421500154,39.488753840016095],[-0.35750788956115792,39.4899865970077],[-0.35967479800570157,39.49023922006662]]]},"properties":{"codsecc":"18","coddistsecc":"1418","objectid":61,"st_area(shape)":27827.482657500001,"coddistrit":"14"}},{"type":"Feature","id":59,"geometry":{"type":"Polygon","coordinates":[[[-0.37847884883946276,39.491105805077467],[-0.37857263099318944,39.491085398959925],[-0.38049959443926601,39.490664913365563],[-0.38216474909350612,39.490288045649663],[-0.38175844128324632,39.489206855117175],[-0.38118407129340742,39.488847073437604],[-0.3806712778078466,39.488957133627871],[-0.37791475048783219,39.489584116099238],[-0.37847884883946276,39.491105805077467]]]},"properties":{"codsecc":"33","coddistsecc":"0533","objectid":59,"st_area(shape)":57448.1097525,"coddistrit":"5"}},{"type":"Feature","id":58,"geometry":{"type":"Polygon","coordinates":[[[-0.39193788453182138,39.491800607070196],[-0.39232913996369678,39.49134543549512],[-0.39184281347590771,39.490884080649522],[-0.39218947217806671,39.490572058124521],[-0.3909500070409912,39.490021724006077],[-0.38947086432928502,39.488556104332879],[-0.38691945801315819,39.4891608926457],[-0.38615873522110822,39.489332958266758],[-0.38708772716024642,39.489615107042532],[-0.38886680917826127,39.489862310795147],[-0.38939640354284455,39.489982315961534],[-0.3897694862842962,39.490324022745689],[-0.39032369946455786,39.490602230612964],[-0.39193788453182138,39.491800607070196]]]},"properties":{"codsecc":"10","coddistsecc":"1610","objectid":58,"st_area(shape)":54974.352566499998,"coddistrit":"16"}},{"type":"Feature","id":53,"geometry":{"type":"Polygon","coordinates":[[[-0.38873595304584135,39.491629588229237],[-0.38896106726445467,39.491206729560275],[-0.38827436690216699,39.490993103290876],[-0.38658594012726843,39.490459657053705],[-0.38558267597244095,39.490684820444713],[-0.38582773368640755,39.491397523620556],[-0.38836729555231353,39.49231497037615],[-0.38873595304584135,39.491629588229237]]]},"properties":{"codsecc":"8","coddistsecc":"1608","objectid":53,"st_area(shape)":33057.5850335,"coddistrit":"16"}},{"type":"Feature","id":51,"geometry":{"type":"Polygon","coordinates":[[[-0.37917486522657262,39.492076436238918],[-0.37857263099318944,39.491085398959925],[-0.37847884883946276,39.491105805077467],[-0.37745288112456565,39.491334898915014],[-0.37780950223396514,39.492383451643732],[-0.37917486522657262,39.492076436238918]]]},"properties":{"codsecc":"32","coddistsecc":"1532","objectid":51,"st_area(shape)":13385.0587505,"coddistrit":"15"}},{"type":"Feature","id":50,"geometry":{"type":"Polygon","coordinates":[[[-0.39440061314829478,39.49242341226126],[-0.39486925069422352,39.492172665147862],[-0.39534436486315994,39.49196260987226],[-0.39425911271807063,39.490920283646105],[-0.39389096885525743,39.491146255991318],[-0.39311800359884336,39.492092848867173],[-0.39387548802325295,39.492844057575461],[-0.39410422999158556,39.492673516312543],[-0.39440061314829478,39.49242341226126]]]},"properties":{"codsecc":"4","coddistsecc":"1604","objectid":50,"st_area(shape)":20246.006751000001,"coddistrit":"16"}},{"type":"Feature","id":49,"geometry":{"type":"Polygon","coordinates":[[[-0.37156060155301429,39.492539533387344],[-0.37205339244415714,39.492672298196091],[-0.37272664832972463,39.491255138576172],[-0.37129962136580014,39.490209386233325],[-0.37012236065087045,39.491097127416282],[-0.37098915893959977,39.491756356009937],[-0.37061729031492679,39.49211730076339],[-0.37071227113458183,39.492277103417749],[-0.37156060155301429,39.492539533387344]]]},"properties":{"codsecc":"4","coddistsecc":"1504","objectid":49,"st_area(shape)":34020.5757505,"coddistrit":"15"}},{"type":"Feature","id":47,"geometry":{"type":"Polygon","coordinates":[[[-0.37974350285792691,39.493053199654085],[-0.38126326473291527,39.492718101724812],[-0.38089641189239654,39.491727885510457],[-0.38049959443926601,39.490664913365563],[-0.37857263099318944,39.491085398959925],[-0.37917486522657262,39.492076436238918],[-0.37974350285792691,39.493053199654085]]]},"properties":{"codsecc":"24","coddistsecc":"1524","objectid":47,"st_area(shape)":36494.319876000001,"coddistrit":"15"}},{"type":"Feature","id":44,"geometry":{"type":"Polygon","coordinates":[[[-0.38529913641496205,39.493556728495747],[-0.38651166958207861,39.493313753314084],[-0.38620300343689545,39.492514037322273],[-0.38582773368640755,39.491397523620556],[-0.38558267597244095,39.490684820444713],[-0.3843523109585259,39.490958924797972],[-0.38529913641496205,39.493556728495747]]]},"properties":{"codsecc":"16","coddistsecc":"1616","objectid":44,"st_area(shape)":32519.414251999999,"coddistrit":"16"}},{"type":"Feature","id":34,"geometry":{"type":"Polygon","coordinates":[[[-0.37730837103206333,39.494056772396156],[-0.37677234457397324,39.492639312978753],[-0.37436078508019016,39.493170404558292],[-0.37490493928836705,39.494583553781737],[-0.37730837103206333,39.494056772396156]]]},"properties":{"codsecc":"26","coddistsecc":"1526","objectid":34,"st_area(shape)":35286.153876999997,"coddistrit":"15"}},{"type":"Feature","id":33,"geometry":{"type":"Polygon","coordinates":[[[-0.37105044503482593,39.494834216711403],[-0.37205339244415714,39.492672298196091],[-0.37156060155301429,39.492539533387344],[-0.37106696926773486,39.493528329324164],[-0.37034520120683667,39.494399359446724],[-0.37105044503482593,39.494834216711403]]]},"properties":{"codsecc":"1","coddistsecc":"1501","objectid":33,"st_area(shape)":13161.8065305,"coddistrit":"15"}},{"type":"Feature","id":32,"geometry":{"type":"Polygon","coordinates":[[[-0.40250117521570145,39.494586725756236],[-0.3973697605385681,39.487539654934295],[-0.39453753999954999,39.4887779467755],[-0.39366747303859773,39.489168658934808],[-0.39306657172423765,39.48942510961691],[-0.39528968473051029,39.490488454735846],[-0.3962869770927403,39.491551313492408],[-0.39807043119440727,39.493221856225645],[-0.39837636698070433,39.493611580569457],[-0.39908986244282857,39.49425816070945],[-0.3997180532403663,39.495204631323261],[-0.40007527258104125,39.495681082523809],[-0.40250117521570145,39.494586725756236]]]},"properties":{"codsecc":"31","coddistsecc":"1631","objectid":32,"st_area(shape)":262524.22958599997,"coddistrit":"16"}},{"type":"Feature","id":31,"geometry":{"type":"Polygon","coordinates":[[[-0.37105044503482593,39.494834216711403],[-0.37162955434276934,39.4951446072766],[-0.37194725840533077,39.49467884270539],[-0.37225294867447317,39.494415493626803],[-0.37252729534194251,39.494309088277816],[-0.37282539013148636,39.493919452202533],[-0.37336149954141284,39.493075740065919],[-0.37388371530907172,39.492060553640499],[-0.37374133865729481,39.491962743624761],[-0.37272664832972463,39.491255138576172],[-0.37205339244415714,39.492672298196091],[-0.37105044503482593,39.494834216711403]]]},"properties":{"codsecc":"12","coddistsecc":"1512","objectid":31,"st_area(shape)":42748.298816000002,"coddistrit":"15"}},{"type":"Feature","id":27,"geometry":{"type":"Polygon","coordinates":[[[-0.39695119601457723,39.495813825116628],[-0.39758877373560231,39.49541820677296],[-0.39824440351336732,39.496018461044244],[-0.3997180532403663,39.495204631323261],[-0.39908986244282857,39.49425816070945],[-0.39837636698070433,39.493611580569457],[-0.39677442779328298,39.494611695156962],[-0.39440061314829478,39.49242341226126],[-0.39410422999158556,39.492673516312543],[-0.39387548802325295,39.492844057575461],[-0.39664116770341118,39.495514093360597],[-0.39695119601457723,39.495813825116628]]]},"properties":{"codsecc":"5","coddistsecc":"1605","objectid":27,"st_area(shape)":65070.957595499996,"coddistrit":"16"}},{"type":"Feature","id":24,"geometry":{"type":"Polygon","coordinates":[[[-0.37227189334366384,39.495879836720476],[-0.37380531449353577,39.495531642467263],[-0.37372192826545569,39.49529552988313],[-0.3746004757924386,39.495103687449301],[-0.37445146563359949,39.494699430392764],[-0.37490493928836705,39.494583553781737],[-0.37436078508019016,39.493170404558292],[-0.37388371530907172,39.492060553640499],[-0.37336149954141284,39.493075740065919],[-0.37282539013148636,39.493919452202533],[-0.37252729534194251,39.494309088277816],[-0.37238837379514728,39.495450059443996],[-0.37227189334366384,39.495879836720476]]]},"properties":{"codsecc":"16","coddistsecc":"1516","objectid":24,"st_area(shape)":48753.782346499996,"coddistrit":"15"}},{"type":"Feature","id":23,"geometry":{"type":"Polygon","coordinates":[[[-0.37916379197732519,39.496103080459832],[-0.38068764184322579,39.495777100944693],[-0.38024277141655904,39.494735575972335],[-0.38009683191243965,39.493880956383812],[-0.3784906400001245,39.494214079652878],[-0.37833616987509228,39.493818721910195],[-0.37730837103206333,39.494056772396156],[-0.37769635543899432,39.495083520227823],[-0.37676236739985702,39.495319178384861],[-0.37681911258362555,39.495491626069985],[-0.37692746488113466,39.495759830843021],[-0.37890265995344424,39.495335957993944],[-0.37916379197732519,39.496103080459832]]]},"properties":{"codsecc":"21","coddistsecc":"1521","objectid":23,"st_area(shape)":49675.701939999999,"coddistrit":"15"}},{"type":"Feature","id":20,"geometry":{"type":"Polygon","coordinates":[[[-0.37697116004435693,39.496607632290328],[-0.37916379197732519,39.496103080459832],[-0.37890265995344424,39.495335957993944],[-0.37692746488113466,39.495759830843021],[-0.37681911258362555,39.495491626069985],[-0.37534764884018496,39.495796216099322],[-0.3757412113726819,39.496886157373396],[-0.37697116004435693,39.496607632290328]]]},"properties":{"codsecc":"20","coddistsecc":"1520","objectid":20,"st_area(shape)":32130.2340955,"coddistrit":"15"}},{"type":"Feature","id":18,"geometry":{"type":"Polygon","coordinates":[[[-0.36951159465858618,39.497002020387811],[-0.37060742999399404,39.497351139687709],[-0.37078309788054831,39.496778554532085],[-0.37102908222826603,39.496306665408596],[-0.37023344539404041,39.496013884193367],[-0.36923859037811213,39.495608491040272],[-0.36882660932122996,39.496049600117132],[-0.36988028919183485,39.496456328414773],[-0.36951159465858618,39.497002020387811]]]},"properties":{"codsecc":"10","coddistsecc":"1510","objectid":18,"st_area(shape)":16608.822625000001,"coddistrit":"15"}},{"type":"Feature","id":16,"geometry":{"type":"Polygon","coordinates":[[[-0.37122092836240866,39.498390830697048],[-0.37303392227371224,39.498887940022335],[-0.3737666973698569,39.496904596780041],[-0.37379564833420753,39.496598953273626],[-0.37364026880374662,39.496190046928156],[-0.37401101845011003,39.496090330576514],[-0.37380531449353577,39.495531642467263],[-0.37227189334366384,39.495879836720476],[-0.37179899982480397,39.497031261844398],[-0.37122092836240866,39.498390830697048]]]},"properties":{"codsecc":"17","coddistsecc":"1517","objectid":16,"st_area(shape)":52288.723043999998,"coddistrit":"15"}},{"type":"Feature","id":11,"geometry":{"type":"Polygon","coordinates":[[[-0.37303392227371224,39.498887940022335],[-0.37501197619167992,39.499240646482285],[-0.37663641892841027,39.499296983463822],[-0.3757412113726819,39.496886157373396],[-0.37534764884018496,39.495796216099322],[-0.37489484540084889,39.49589409196021],[-0.3746004757924386,39.495103687449301],[-0.37372192826545569,39.49529552988313],[-0.37380531449353577,39.495531642467263],[-0.37401101845011003,39.496090330576514],[-0.37364026880374662,39.496190046928156],[-0.37379564833420753,39.496598953273626],[-0.3737666973698569,39.496904596780041],[-0.37303392227371224,39.498887940022335]]]},"properties":{"codsecc":"18","coddistsecc":"1518","objectid":11,"st_area(shape)":84036.944778000005,"coddistrit":"15"}},{"type":"Feature","id":407,"geometry":{"type":"Polygon","coordinates":[[[-0.35838674005755433,39.459039115379156],[-0.35882415893298297,39.45853556510955],[-0.3601349491761664,39.458042836740304],[-0.36132218084838447,39.457551801502511],[-0.36139522195437618,39.45752192904488],[-0.36315269247421161,39.456778069390374],[-0.36151203632069207,39.45443007836144],[-0.3606792039087327,39.455442666290054],[-0.36043033335608826,39.455743313287982],[-0.35862699188252778,39.457891460263383],[-0.35800903254641581,39.458674682562965],[-0.35838674005755433,39.459039115379156]]]},"properties":{"codsecc":"37","coddistsecc":"1037","objectid":407,"st_area(shape)":79519.201533500003,"coddistrit":"10"}},{"type":"Feature","id":405,"geometry":{"type":"Polygon","coordinates":[[[-0.39543203798363052,39.459231236389442],[-0.39558282534422529,39.458752651700316],[-0.39745605409486934,39.457155013863705],[-0.39909591968561819,39.455795370326186],[-0.39949384599288879,39.455466442832765],[-0.39830433723075587,39.454583990138403],[-0.39743685878744212,39.455253736002376],[-0.39677571981089926,39.455707380342375],[-0.39580294527975246,39.456063959033365],[-0.39470950977850727,39.456228630086216],[-0.39357325921041142,39.456275215709674],[-0.39310777722636187,39.456836837013228],[-0.39412991570215988,39.457512900015622],[-0.39429972667620489,39.458003184530213],[-0.39315377885775715,39.459067537649148],[-0.39417747342486431,39.460072457752339],[-0.39543203798363052,39.459231236389442]]]},"properties":{"codsecc":"27","coddistsecc":"0827","objectid":405,"st_area(shape)":128295.553785,"coddistrit":"8"}},{"type":"Feature","id":404,"geometry":{"type":"Polygon","coordinates":[[[-0.36880028404365267,39.458829454334492],[-0.36924433894988212,39.45963227231843],[-0.37134054565997143,39.458765328017023],[-0.3717037850335545,39.457895184679991],[-0.37171954488522141,39.457071244302561],[-0.37161775276284298,39.456996871825154],[-0.37127065268171311,39.456975508301603],[-0.36800260635765236,39.457176294920679],[-0.3683785411936511,39.457955060479364],[-0.36854234742381736,39.458292095142539],[-0.36880028404365267,39.458829454334492]]]},"properties":{"codsecc":"13","coddistsecc":"1013","objectid":404,"st_area(shape)":63506.470376999998,"coddistrit":"10"}},{"type":"Feature","id":402,"geometry":{"type":"Polygon","coordinates":[[[-0.38329365786862862,39.459976526208834],[-0.38462749244211714,39.459407472480201],[-0.38564919838386136,39.458871913003655],[-0.3858455064541878,39.458052030265648],[-0.38353874725366216,39.457797414056493],[-0.38299594299760198,39.459915769798769],[-0.38329365786862862,39.459976526208834]]]},"properties":{"codsecc":"41","coddistsecc":"0941","objectid":402,"st_area(shape)":36326.435125999997,"coddistrit":"9"}},{"type":"Feature","id":400,"geometry":{"type":"Polygon","coordinates":[[[-0.37723047807574711,39.459132644377618],[-0.37629534372038304,39.457904356376218],[-0.37464146721468927,39.458619234598729],[-0.37554504132351868,39.45985583172201],[-0.37723047807574711,39.459132644377618]]]},"properties":{"codsecc":"20","coddistsecc":"0220","objectid":400,"st_area(shape)":25990.5221575,"coddistrit":"2"}},{"type":"Feature","id":399,"geometry":{"type":"Polygon","coordinates":[[[-0.35910892649296006,39.459456419206084],[-0.36125304845304607,39.459631253471663],[-0.3601349491761664,39.458042836740304],[-0.35882415893298297,39.45853556510955],[-0.35838674005755433,39.459039115379156],[-0.35910892649296006,39.459456419206084]]]},"properties":{"codsecc":"11","coddistsecc":"1011","objectid":399,"st_area(shape)":24395.4932185,"coddistrit":"10"}},{"type":"Feature","id":398,"geometry":{"type":"Polygon","coordinates":[[[-0.36220580780884348,39.458463730604869],[-0.36197117244225457,39.458368317005615],[-0.36139522195437618,39.45752192904488],[-0.36132218084838447,39.457551801502511],[-0.3601349491761664,39.458042836740304],[-0.36125304845304607,39.459631253471663],[-0.36220580780884348,39.458463730604869]]]},"properties":{"codsecc":"9","coddistsecc":"1009","objectid":398,"st_area(shape)":20480.456063000001,"coddistrit":"10"}},{"type":"Feature","id":396,"geometry":{"type":"Polygon","coordinates":[[[-0.37554504132351868,39.45985583172201],[-0.37464146721468927,39.458619234598729],[-0.37344342293335397,39.459110162531083],[-0.37432419353607138,39.460373279974711],[-0.37554504132351868,39.45985583172201]]]},"properties":{"codsecc":"24","coddistsecc":"0224","objectid":396,"st_area(shape)":18750.516438499999,"coddistrit":"2"}},{"type":"Feature","id":391,"geometry":{"type":"Polygon","coordinates":[[[-0.38579427838994274,39.461068815844854],[-0.38655160973013447,39.460202992989785],[-0.38681541428984417,39.459830554285759],[-0.38690524300417012,39.459080346141526],[-0.38759469708197175,39.458280555907905],[-0.38680951147642612,39.457970108055754],[-0.38679311427512242,39.458194960037886],[-0.3858455064541878,39.458052030265648],[-0.38564919838386136,39.458871913003655],[-0.38462749244211714,39.459407472480201],[-0.38577023052097836,39.461032239627066],[-0.38579427838994274,39.461068815844854]]]},"properties":{"codsecc":"1","coddistsecc":"0901","objectid":391,"st_area(shape)":40783.638720499999,"coddistrit":"9"}},{"type":"Feature","id":365,"geometry":{"type":"Polygon","coordinates":[[[-0.40346962112969842,39.462811932929469],[-0.40340399300474472,39.461666352405992],[-0.40062605877184992,39.461770908601196],[-0.40074846994046021,39.462931273434535],[-0.40346962112969842,39.462811932929469]]]},"properties":{"codsecc":"37","coddistsecc":"0837","objectid":365,"st_area(shape)":30403.567749999998,"coddistrit":"8"}},{"type":"Feature","id":379,"geometry":{"type":"Polygon","coordinates":[[[-0.36627881263439843,39.460898389860887],[-0.36826756645517333,39.460051588914382],[-0.36924433894988212,39.45963227231843],[-0.36880028404365267,39.458829454334492],[-0.36654368843356377,39.45963416096567],[-0.36544672788059557,39.460023694772239],[-0.36612095689903829,39.460962378390811],[-0.36627881263439843,39.460898389860887]]]},"properties":{"codsecc":"2","coddistsecc":"1002","objectid":379,"st_area(shape)":33766.239033500002,"coddistrit":"10"}},{"type":"Feature","id":378,"geometry":{"type":"Polygon","coordinates":[[[-0.40062605877184992,39.461770908601196],[-0.40340399300474472,39.461666352405992],[-0.40455848078101159,39.461620069674247],[-0.40385673185908472,39.460469290256384],[-0.40051202503724986,39.460619730709425],[-0.40009727278384849,39.461029364368891],[-0.40062605877184992,39.461770908601196]]]},"properties":{"codsecc":"38","coddistsecc":"0838","objectid":378,"st_area(shape)":43162.306876000002,"coddistrit":"8"}},{"type":"Feature","id":377,"geometry":{"type":"Polygon","coordinates":[[[-0.37872618148806059,39.461314981626273],[-0.3812388903732512,39.454628571957748],[-0.37983571513121284,39.455227555441624],[-0.37843396786447897,39.455826553855182],[-0.3771822133744191,39.456356858542136],[-0.37576872356134727,39.456919523918096],[-0.37396708710986559,39.457662578172766],[-0.37464146721468927,39.458619234598729],[-0.37629534372038304,39.457904356376218],[-0.37723047807574711,39.459132644377618],[-0.3780925749162049,39.460372781490072],[-0.37872618148806059,39.461314981626273]]]},"properties":{"codsecc":"32","coddistsecc":"0232","objectid":377,"st_area(shape)":168470.1203795,"coddistrit":"2"}},{"type":"Feature","id":374,"geometry":{"type":"Polygon","coordinates":[[[-0.38577023052097836,39.461032239627066],[-0.38462749244211714,39.459407472480201],[-0.38329365786862862,39.459976526208834],[-0.38299594299760198,39.459915769798769],[-0.38282543726172624,39.460569565010246],[-0.38384448282913902,39.460880790987225],[-0.38523847726203436,39.461731964945599],[-0.38577023052097836,39.461032239627066]]]},"properties":{"codsecc":"47","coddistsecc":"0347","objectid":374,"st_area(shape)":32781.020156999999,"coddistrit":"3"}},{"type":"Feature","id":517,"geometry":{"type":"Polygon","coordinates":[[[-0.3843523109585259,39.490958924797972],[-0.38558267597244095,39.490684820444713],[-0.38658594012726843,39.490459657053705],[-0.38615873522110822,39.489332958266758],[-0.3857315618200608,39.489426949283541],[-0.38216474909350612,39.490288045649663],[-0.38255393557463241,39.491341831723922],[-0.3843523109585259,39.490958924797972]]]},"properties":{"codsecc":"6","coddistsecc":"1606","objectid":517,"st_area(shape)":45756.9983765,"coddistrit":"16"}},{"type":"Feature","id":513,"geometry":{"type":"Polygon","coordinates":[[[-0.39417859250941945,39.454923968139475],[-0.39357325921041142,39.456275215709674],[-0.39470950977850727,39.456228630086216],[-0.39580294527975246,39.456063959033365],[-0.39677571981089926,39.455707380342375],[-0.39743685878744212,39.455253736002376],[-0.39830433723075587,39.454583990138403],[-0.39746294959287204,39.453930028914165],[-0.3985844156391245,39.452973180098645],[-0.39800976376222341,39.452451316621044],[-0.39600378513265944,39.450775789490322],[-0.3947468599116461,39.449873763952709],[-0.39349926184791073,39.451719623092195],[-0.392564427695973,39.453104016002136],[-0.39194707363551246,39.454018065913402],[-0.39417859250941945,39.454923968139475]]]},"properties":{"codsecc":"32","coddistsecc":"0832","objectid":513,"st_area(shape)":226251.24857249999,"coddistrit":"8"}},{"type":"Feature","id":510,"geometry":{"type":"Polygon","coordinates":[[[-0.37344342293335397,39.459110162531083],[-0.37464146721468927,39.458619234598729],[-0.37396708710986559,39.457662578172766],[-0.37144150050021918,39.458727071751674],[-0.37209408289977225,39.459683240568012],[-0.37344342293335397,39.459110162531083]]]},"properties":{"codsecc":"23","coddistsecc":"0223","objectid":510,"st_area(shape)":29825.492188,"coddistrit":"2"}},{"type":"Feature","id":509,"geometry":{"type":"Polygon","coordinates":[[[-0.39020553492571541,39.460699517064832],[-0.39100409586482759,39.459622882780081],[-0.39210895061474221,39.45814322299082],[-0.39029019726201247,39.456471799083921],[-0.3890351579694159,39.458335447576367],[-0.38821142790233504,39.45956014835744],[-0.38888925809267061,39.459944741034725],[-0.39020553492571541,39.460699517064832]]]},"properties":{"codsecc":"18","coddistsecc":"0818","objectid":509,"st_area(shape)":78130.44816,"coddistrit":"8"}},{"type":"Feature","id":507,"geometry":{"type":"Polygon","coordinates":[[[-0.38754110007386866,39.461517996897143],[-0.38888925809267061,39.459944741034725],[-0.38821142790233504,39.45956014835744],[-0.38690524300417012,39.459080346141526],[-0.38681541428984417,39.459830554285759],[-0.38655160973013447,39.460202992989785],[-0.38754110007386866,39.461517996897143]]]},"properties":{"codsecc":"3","coddistsecc":"0903","objectid":507,"st_area(shape)":28081.665156999999,"coddistrit":"9"}},{"type":"Feature","id":506,"geometry":{"type":"Polygon","coordinates":[[[-0.37169791963055637,39.461678731527485],[-0.37276395410786489,39.461666800203446],[-0.37277900423023685,39.461054550821572],[-0.37296904078212612,39.460946236579254],[-0.37209408289977225,39.459683240568012],[-0.37168580036313104,39.459858688374354],[-0.37112961144885792,39.460972199956792],[-0.37169791963055637,39.461678731527485]]]},"properties":{"codsecc":"26","coddistsecc":"0226","objectid":506,"st_area(shape)":22312.869094000001,"coddistrit":"2"}},{"type":"Feature","id":504,"geometry":{"type":"Polygon","coordinates":[[[-0.39732125501111504,39.462895094042295],[-0.39873733043440257,39.461521437373236],[-0.39783585433222457,39.460645417053826],[-0.39612129366775173,39.461764641756268],[-0.39732125501111504,39.462895094042295]]]},"properties":{"codsecc":"41","coddistsecc":"0841","objectid":504,"st_area(shape)":27530.253719,"coddistrit":"8"}},{"type":"Feature","id":501,"geometry":{"type":"Polygon","coordinates":[[[-0.34678408662807797,39.462644806327603],[-0.34686486316848769,39.462479249567487],[-0.3474522493865993,39.461280978648944],[-0.34667195833342912,39.461073243649324],[-0.34654549043357052,39.461039573243532],[-0.34599005149744066,39.462167516920189],[-0.34646473410287432,39.462307785197801],[-0.34636048730582691,39.462518723435061],[-0.34678408662807797,39.462644806327603]]]},"properties":{"codsecc":"26","coddistsecc":"1226","objectid":501,"st_area(shape)":12167.009459000001,"coddistrit":"12"}},{"type":"Feature","id":500,"geometry":{"type":"Polygon","coordinates":[[[-0.38165259183101929,39.465056536058128],[-0.38212714088159755,39.46315286302071],[-0.38236685742165993,39.462203337195021],[-0.38239290492204459,39.462109331310153],[-0.38129665910982014,39.461899954373145],[-0.38055007520791934,39.462225455304903],[-0.3801246803128937,39.463224844374345],[-0.37994569696786346,39.463387472412478],[-0.38128743120952147,39.465341085697339],[-0.38165259183101929,39.465056536058128]]]},"properties":{"codsecc":"36","coddistsecc":"0336","objectid":500,"st_area(shape)":46949.242220499997,"coddistrit":"3"}},{"type":"Feature","id":496,"geometry":{"type":"Polygon","coordinates":[[[-0.39048985566147487,39.467084113203796],[-0.3912670226499313,39.465862857230327],[-0.39068932493330366,39.465615658592341],[-0.38972138852599458,39.464265120824685],[-0.38812182773610432,39.464323775530488],[-0.38819360663155911,39.464424485716428],[-0.38996289193614142,39.466937147115722],[-0.39003075556862127,39.46700623738343],[-0.39048985566147487,39.467084113203796]]]},"properties":{"codsecc":"33","coddistsecc":"0833","objectid":496,"st_area(shape)":39541.249814000003,"coddistrit":"8"}},{"type":"Feature","id":495,"geometry":{"type":"Polygon","coordinates":[[[-0.36917136438920994,39.4669277089736],[-0.37019753169579878,39.466491486324863],[-0.36829064820816232,39.46373668223],[-0.36668716395206996,39.46339856563057],[-0.3676483178399762,39.464762641365617],[-0.36842867777153437,39.465874882736124],[-0.36917136438920994,39.4669277089736]]]},"properties":{"codsecc":"50","coddistsecc":"0250","objectid":495,"st_area(shape)":40522.885499999997,"coddistrit":"2"}},{"type":"Feature","id":2014,"geometry":{"type":"Polygon","coordinates":[[[-0.41293042982299194,39.463125980236335],[-0.40841689554785626,39.463353999564653],[-0.40856558680101285,39.464641869009832],[-0.40812439189557165,39.465001393101304],[-0.40819746688733105,39.465674172918142],[-0.40796453641233016,39.465686995681821],[-0.4081363469743004,39.467280879817572],[-0.40603601577140502,39.46742319537131],[-0.40610600330803542,39.468041854134121],[-0.40580824030866386,39.469075719746257],[-0.40554758684499503,39.469795112507299],[-0.40629214887841997,39.469933351748544],[-0.40750355648468395,39.469942373607175],[-0.41015399803472025,39.469758248898984],[-0.41032798594332504,39.469748612863519],[-0.40992998307642431,39.466046134103451],[-0.41165373798548932,39.465916585953224],[-0.41175027485424737,39.465693082240513],[-0.41181024731418403,39.465520339816962],[-0.41194003490158904,39.465352980864857],[-0.41200082843993457,39.465277849513051],[-0.41203183288177403,39.465228748007029],[-0.41203817654059594,39.465203096924284],[-0.41204664452657674,39.465139259574471],[-0.41205445270847268,39.465108902446055],[-0.41210449616371314,39.464969766986115],[-0.41212290239826643,39.46493443872864],[-0.41213699843485352,39.464910978248156],[-0.41220326307788002,39.464756573580253],[-0.4122802018960704,39.464583217682517],[-0.41230496957578838,39.464522689130575],[-0.41236629930084989,39.464379741841853],[-0.41239980707998897,39.464272165434878],[-0.41241350038269753,39.464189940199944],[-0.41241924521725176,39.464120537768068],[-0.41244014552805447,39.464074976870187],[-0.41247331225536255,39.464028346753629],[-0.41252137799567501,39.464003696617574],[-0.4125333771960189,39.463969378772553],[-0.41253338943336565,39.463922001476242],[-0.41256523697566611,39.463876152757791],[-0.41259033895741454,39.463846108533893],[-0.41262500885187076,39.463806268477335],[-0.41263543381735679,39.463760483335101],[-0.41264152339641857,39.463737601281323],[-0.41264786312432844,39.463707968154516],[-0.41269716171865328,39.463608319638489],[-0.41274309439546891,39.463505407031661],[-0.41280335735153056,39.463415353745297],[-0.41286788323522305,39.463334773540879],[-0.41290020064242033,39.463291286492705],[-0.41289067588054401,39.463213967663322],[-0.41289765273066953,39.4631777992632],[-0.41290742123011964,39.463159449462275],[-0.41293042982299194,39.463125980236335]]]},"properties":{"codsecc":"37","coddistsecc":"0737","objectid":2014,"st_area(shape)":231817.33355700001,"coddistrit":"7"}},{"type":"Feature","id":1240,"geometry":{"type":"Polygon","coordinates":[[[-0.41435256350905569,39.459593381039404],[-0.409208497385736,39.452309654194259],[-0.40728959355739897,39.45391545907308],[-0.40554714812018899,39.455245904568535],[-0.40459315825966191,39.456075932693523],[-0.40364901819520366,39.456991756764388],[-0.40235205126151991,39.458214997075956],[-0.40023647076794994,39.460158629536195],[-0.39962258418563473,39.460716695913902],[-0.40009727278384849,39.461029364368891],[-0.40051202503724986,39.460619730709425],[-0.40385673185908472,39.460469290256384],[-0.40455848078101159,39.461620069674247],[-0.40524148583437575,39.462747913321707],[-0.40569462706788095,39.463491439709983],[-0.40841689554785626,39.463353999564653],[-0.41293042982299194,39.463125980236335],[-0.41296309557346333,39.463101320423839],[-0.41302577810607122,39.462985780760675],[-0.41308845750938505,39.46281824186628],[-0.4132795407235188,39.462403736280493],[-0.41331537363346899,39.46228634660595],[-0.41331090542504773,39.462222797769016],[-0.41331240197578456,39.462167336510525],[-0.41331837333127497,39.462133830337073],[-0.41333181004084646,39.462076058293441],[-0.41334673507902236,39.462036778523817],[-0.41339211006594173,39.461958591530397],[-0.41341761217554146,39.461895124138785],[-0.41346680396172603,39.461785112680595],[-0.4134759079602241,39.461738568324655],[-0.41348866189541461,39.461703303210001],[-0.41349959656886354,39.461660988713149],[-0.41353652529780072,39.461600595364629],[-0.41358024476596633,39.461535713565198],[-0.41361303289632634,39.461460967018148],[-0.41364946405432351,39.46137069818672],[-0.41366404198283713,39.461329798058507],[-0.41372233835194394,39.461207088397884],[-0.41379521332625613,39.461071694321703],[-0.41383052036641033,39.460994192991336],[-0.41385092797306477,39.460935521952869],[-0.41389173552964553,39.460802378150468],[-0.41394420990266367,39.460635377374224],[-0.41396170469568216,39.460572191120164],[-0.41402873982050459,39.460477405002024],[-0.41406078599100316,39.460389398771689],[-0.41408993992615784,39.460287850921574],[-0.41415143215482092,39.460146266481274],[-0.4141630893608384,39.460110157070055],[-0.41418058821032117,39.460042457425246],[-0.4142184747374042,39.459947680295826],[-0.41425637513652547,39.459850642235878],[-0.41431466380993709,39.459737805770736],[-0.4143234079311291,39.459697190160426],[-0.41433798748295653,39.459631740815034],[-0.41435256350905569,39.459593381039404]]]},"properties":{"codsecc":"24","coddistsecc":"0824","objectid":1240,"st_area(shape)":837532.63741349999,"coddistrit":"8"}},{"type":"Feature","id":269,"geometry":{"type":"Polygon","coordinates":[[[-0.40084567782607183,39.470347674151974],[-0.40260779689294673,39.47035554059778],[-0.40253967356071135,39.470038717831052],[-0.39936796722123835,39.469472289394282],[-0.39914598514263638,39.470341169065591],[-0.40084567782607183,39.470347674151974]]]},"properties":{"codsecc":"13","coddistsecc":"0713","objectid":269,"st_area(shape)":18998.190000499999,"coddistrit":"7"}},{"type":"Feature","id":267,"geometry":{"type":"Polygon","coordinates":[[[-0.39083921316263776,39.470447724371986],[-0.39214059741253005,39.469895875632758],[-0.39158638909952664,39.469135705609354],[-0.39154485628400149,39.469080720473741],[-0.3914928109868156,39.469093065509483],[-0.39008510724675349,39.469399281392846],[-0.39083921316263776,39.470447724371986]]]},"properties":{"codsecc":"32","coddistsecc":"0332","objectid":267,"st_area(shape)":15101.274219000001,"coddistrit":"3"}},{"type":"Feature","id":264,"geometry":{"type":"Polygon","coordinates":[[[-0.38747813704404171,39.470692008415554],[-0.38864457784298168,39.469709246849099],[-0.38829242158724814,39.469219370579061],[-0.38765346646690507,39.468317640985859],[-0.38624742905052178,39.468948165036359],[-0.38747813704404171,39.470692008415554]]]},"properties":{"codsecc":"50","coddistsecc":"0350","objectid":264,"st_area(shape)":27816.8281255,"coddistrit":"3"}},{"type":"Feature","id":263,"geometry":{"type":"Polygon","coordinates":[[[-0.37042189845868867,39.470311768385166],[-0.37112551749880224,39.469742125172772],[-0.36992375620928664,39.468012271952425],[-0.37094301595234974,39.467566886781597],[-0.37019753169579878,39.466491486324863],[-0.36917136438920994,39.4669277089736],[-0.36807067271416233,39.467393756366356],[-0.37010397813824086,39.470304574146617],[-0.37042189845868867,39.470311768385166]]]},"properties":{"codsecc":"35","coddistsecc":"0235","objectid":263,"st_area(shape)":53427.940375500002,"coddistrit":"2"}},{"type":"Feature","id":258,"geometry":{"type":"Polygon","coordinates":[[[-0.34305117819514341,39.469968476849516],[-0.34371154907069856,39.468650277970539],[-0.34356908784732904,39.468480359622198],[-0.34353479027038969,39.468312913674815],[-0.34183981850468548,39.467841753742199],[-0.34178027969537689,39.46782237435545],[-0.34144666075168811,39.468494903325436],[-0.34231595901136269,39.468749005630357],[-0.34188431913360068,39.469649017146885],[-0.34305117819514341,39.469968476849516]]]},"properties":{"codsecc":"30","coddistsecc":"1330","objectid":258,"st_area(shape)":26096.683220499999,"coddistrit":"13"}},{"type":"Feature","id":257,"geometry":{"type":"Polygon","coordinates":[[[-0.39304574004287962,39.471141374456039],[-0.39440585076324397,39.470572800047982],[-0.39452947546162059,39.470161165952902],[-0.39260358727543621,39.469811671810405],[-0.39254803857989806,39.469801416659919],[-0.39218687008573389,39.469959975741695],[-0.39280596081716335,39.470811677782983],[-0.39300292128640513,39.471081856575431],[-0.39304574004287962,39.471141374456039]]]},"properties":{"codsecc":"6","coddistsecc":"0706","objectid":257,"st_area(shape)":16860.266718999999,"coddistrit":"7"}},{"type":"Feature","id":247,"geometry":{"type":"Polygon","coordinates":[[[-0.38812425828346392,39.471616421981857],[-0.38869601456756381,39.471363511015142],[-0.38956499664535638,39.470991159702223],[-0.39083921316263776,39.470447724371986],[-0.39008510724675349,39.469399281392846],[-0.38864457784298168,39.469709246849099],[-0.38747813704404171,39.470692008415554],[-0.38812425828346392,39.471616421981857]]]},"properties":{"codsecc":"17","coddistsecc":"0317","objectid":247,"st_area(shape)":38262.297344999999,"coddistrit":"3"}},{"type":"Feature","id":244,"geometry":{"type":"Polygon","coordinates":[[[-0.39898174328262848,39.471999612845885],[-0.39906081795379567,39.470794208807469],[-0.39914598514263638,39.470341169065591],[-0.3978464910392126,39.470122893512411],[-0.39766307804835133,39.47001518499345],[-0.3971348134886829,39.471440244056048],[-0.39782934478368404,39.471654001032441],[-0.39785458846311078,39.471659070691814],[-0.39898174328262848,39.471999612845885]]]},"properties":{"codsecc":"41","coddistsecc":"0741","objectid":244,"st_area(shape)":25217.888751999999,"coddistrit":"7"}},{"type":"Feature","id":241,"geometry":{"type":"Polygon","coordinates":[[[-0.39386616148436876,39.472263356378214],[-0.39469342483166747,39.471899030742044],[-0.3947086021456418,39.471511991699089],[-0.39628413127701806,39.471614877336833],[-0.39629009605575011,39.47118258745131],[-0.39440585076324397,39.470572800047982],[-0.39304574004287962,39.471141374456039],[-0.39336164678823393,39.471571875234758],[-0.39349702768292938,39.471759592572631],[-0.39386616148436876,39.472263356378214]]]},"properties":{"codsecc":"5","coddistsecc":"0705","objectid":241,"st_area(shape)":26725.313907,"coddistrit":"7"}},{"type":"Feature","id":240,"geometry":{"type":"Polygon","coordinates":[[[-0.3778093246770865,39.470911134104554],[-0.37843261673450534,39.471375636421961],[-0.37885718779383537,39.471560885053918],[-0.37921356075680362,39.471821168952182],[-0.37979397938872383,39.47199641559542],[-0.37975044920104695,39.471220686287573],[-0.38118689201883815,39.470847678389852],[-0.38146153614742456,39.47088539798559],[-0.38268383676677875,39.470894915610991],[-0.38356466064653788,39.4705949466614],[-0.38345250083747628,39.470331165988704],[-0.38138093500631537,39.468734990871297],[-0.38088887681445699,39.468548230564508],[-0.37985190179745104,39.46815099000402],[-0.37882856279472249,39.469537781755186],[-0.3778093246770865,39.470911134104554]]]},"properties":{"codsecc":"34","coddistsecc":"0134","objectid":240,"st_area(shape)":102205.606504,"coddistrit":"1"}},{"type":"Feature","id":237,"geometry":{"type":"Polygon","coordinates":[[[-0.40550810943997678,39.472537403855853],[-0.40679054020814964,39.472669629540476],[-0.40700507790814228,39.472115877791886],[-0.40739077135801294,39.470885776719662],[-0.40619224466751302,39.470588767201633],[-0.40629214887841997,39.469933351748544],[-0.40554758684499503,39.469795112507299],[-0.40527326538127384,39.469748448203454],[-0.40509902719043961,39.470487777865536],[-0.40550810943997678,39.472537403855853]]]},"properties":{"codsecc":"24","coddistsecc":"0724","objectid":237,"st_area(shape)":41435.590035000001,"coddistrit":"7"}},{"type":"Feature","id":230,"geometry":{"type":"Polygon","coordinates":[[[-0.4015876458841427,39.472819154597659],[-0.40157827671231666,39.47149015171599],[-0.40156104246159269,39.47095825434976],[-0.40082255335076961,39.470968757263506],[-0.40084567782607183,39.470347674151974],[-0.39914598514263638,39.470341169065591],[-0.39906081795379567,39.470794208807469],[-0.39898174328262848,39.471999612845885],[-0.39905220872184921,39.472019207624037],[-0.40138367135261044,39.472756036260364],[-0.4015876458841427,39.472819154597659]]]},"properties":{"codsecc":"16","coddistsecc":"0716","objectid":230,"st_area(shape)":45829.070970499997,"coddistrit":"7"}},{"type":"Feature","id":226,"geometry":{"type":"Polygon","coordinates":[[[-0.39431457168491357,39.472881497836397],[-0.39627761407807888,39.472042650407268],[-0.39628413127701806,39.471614877336833],[-0.3947086021456418,39.471511991699089],[-0.39469342483166747,39.471899030742044],[-0.39386616148436876,39.472263356378214],[-0.39431457168491357,39.472881497836397]]]},"properties":{"codsecc":"4","coddistsecc":"0704","objectid":226,"st_area(shape)":17086.720719500001,"coddistrit":"7"}},{"type":"Feature","id":223,"geometry":{"type":"Polygon","coordinates":[[[-0.38223154371027346,39.472862151473123],[-0.38402304457607311,39.472785388105258],[-0.38404679242928536,39.472132784309608],[-0.38405533707630646,39.471885234495169],[-0.38392571662677766,39.471544486384779],[-0.38356466064653788,39.4705949466614],[-0.38268383676677875,39.470894915610991],[-0.38146153614742456,39.47088539798559],[-0.38171765596835927,39.472346081438886],[-0.38179706302174143,39.472901911821225],[-0.38223154371027346,39.472862151473123]]]},"properties":{"codsecc":"22","coddistsecc":"0122","objectid":223,"st_area(shape)":44501.049595500001,"coddistrit":"1"}},{"type":"Feature","id":220,"geometry":{"type":"Polygon","coordinates":[[[-0.38111712250362234,39.472958652123815],[-0.38179706302174143,39.472901911821225],[-0.38171765596835927,39.472346081438886],[-0.38146153614742456,39.47088539798559],[-0.38118689201883815,39.470847678389852],[-0.37975044920104695,39.471220686287573],[-0.37979397938872383,39.47199641559542],[-0.37981708324473185,39.472406836904398],[-0.38095131454532105,39.472324308329164],[-0.38099465132129434,39.472446903827759],[-0.38071508923441372,39.472791937232735],[-0.38089753649109531,39.47288613733911],[-0.38111712250362234,39.472958652123815]]]},"properties":{"codsecc":"23","coddistsecc":"0123","objectid":220,"st_area(shape)":28496.165531499999,"coddistrit":"1"}},{"type":"Feature","id":354,"geometry":{"type":"Polygon","coordinates":[[[-0.39955239519596752,39.463800887114402],[-0.40071092969891636,39.463740562734266],[-0.40080805307352169,39.463735699022919],[-0.40074846994046021,39.462931273434535],[-0.40062605877184992,39.461770908601196],[-0.39903906809042611,39.46182548228245],[-0.39944180048055383,39.462226379176258],[-0.39955239519596752,39.463800887114402]]]},"properties":{"codsecc":"36","coddistsecc":"0836","objectid":354,"st_area(shape)":24285.4264955,"coddistrit":"8"}},{"type":"Feature","id":353,"geometry":{"type":"Polygon","coordinates":[[[-0.3801246803128937,39.463224844374345],[-0.38055007520791934,39.462225455304903],[-0.38129665910982014,39.461899954373145],[-0.38239290492204459,39.462109331310153],[-0.38282543726172624,39.460569565010246],[-0.38299594299760198,39.459915769798769],[-0.38353874725366216,39.457797414056493],[-0.38354663343098777,39.45776155630562],[-0.3825024486132812,39.456242588734142],[-0.38209253561792389,39.455823454736382],[-0.38155656793208254,39.455221302983411],[-0.3812388903732512,39.454628571957748],[-0.37872618148806059,39.461314981626273],[-0.37863090063630045,39.461569583669608],[-0.37807798486967692,39.463043555533034],[-0.37994569696786346,39.463387472412478],[-0.3801246803128937,39.463224844374345]]]},"properties":{"codsecc":"33","coddistsecc":"0333","objectid":353,"st_area(shape)":228744.29610050001,"coddistrit":"3"}},{"type":"Feature","id":348,"geometry":{"type":"Polygon","coordinates":[[[-0.34303011404905553,39.46223852796787],[-0.34430883255769962,39.4628217764594],[-0.34476011947215235,39.461899681265749],[-0.34551311169664234,39.460358375476069],[-0.34413117114486125,39.46000700047378],[-0.34303011404905553,39.46223852796787]]]},"properties":{"codsecc":"30","coddistsecc":"1230","objectid":348,"st_area(shape)":35008.5115965,"coddistrit":"12"}},{"type":"Feature","id":346,"geometry":{"type":"Polygon","coordinates":[[[-0.39403347943674027,39.464105158743031],[-0.39609363189493796,39.464025221229804],[-0.396184636100329,39.463941676283312],[-0.39740124493015,39.463905874877078],[-0.39732125501111504,39.462895094042295],[-0.39612129366775173,39.461764641756268],[-0.39533058615808925,39.462418072395607],[-0.39506279551664508,39.462664317714705],[-0.39560420851505473,39.462910681458077],[-0.39513225090384346,39.463314501393832],[-0.39403347943674027,39.464105158743031]]]},"properties":{"codsecc":"13","coddistsecc":"0813","objectid":346,"st_area(shape)":38934.136658000003,"coddistrit":"8"}},{"type":"Feature","id":344,"geometry":{"type":"Polygon","coordinates":[[[-0.37214363425923214,39.463422995829056],[-0.37256371287143103,39.463648705011671],[-0.37384671419786619,39.463411953655246],[-0.37342042668534753,39.462636571824127],[-0.37422422212685963,39.462722301399161],[-0.37383153400373997,39.462154882621512],[-0.37347151865477807,39.461664784793172],[-0.37276395410786489,39.461666800203446],[-0.37169791963055637,39.461678731527485],[-0.3719932268277556,39.462131345307647],[-0.37203407941772132,39.462416046328258],[-0.37123128013294815,39.462496977960107],[-0.37105423340911886,39.462299283922107],[-0.37022256307134077,39.462510192063817],[-0.37214363425923214,39.463422995829056]]]},"properties":{"codsecc":"13","coddistsecc":"0213","objectid":344,"st_area(shape)":40435.800000000003,"coddistrit":"2"}},{"type":"Feature","id":343,"geometry":{"type":"Polygon","coordinates":[[[-0.36829064820816232,39.46373668223],[-0.36695602830107615,39.461855153999799],[-0.36627881263439843,39.460898389860887],[-0.36612095689903829,39.460962378390811],[-0.3652494236270179,39.461325496970723],[-0.36668716395206996,39.46339856563057],[-0.36829064820816232,39.46373668223]]]},"properties":{"codsecc":"6","coddistsecc":"0206","objectid":343,"st_area(shape)":31630.469687500001,"coddistrit":"2"}},{"type":"Feature","id":341,"geometry":{"type":"Polygon","coordinates":[[[-0.38812182773610432,39.464323775530488],[-0.38972138852599458,39.464265120824685],[-0.39113334466125338,39.464211250614426],[-0.39110713179661549,39.463688150299262],[-0.38938033081519552,39.462973711665768],[-0.38812182773610432,39.464323775530488]]]},"properties":{"codsecc":"9","coddistsecc":"0809","objectid":341,"st_area(shape)":22998.489875499999,"coddistrit":"8"}},{"type":"Feature","id":340,"geometry":{"type":"Polygon","coordinates":[[[-0.33752305415087158,39.46257647897702],[-0.33997424873551629,39.463308248604392],[-0.34047566549197877,39.462310743773571],[-0.33854195123763853,39.461762003317851],[-0.33775246540844217,39.462370028878162],[-0.33752305415087158,39.46257647897702]]]},"properties":{"codsecc":"15","coddistsecc":"1215","objectid":340,"st_area(shape)":23753.139127999999,"coddistrit":"12"}},{"type":"Feature","id":337,"geometry":{"type":"Polygon","coordinates":[[[-0.3364954890030063,39.463674531292057],[-0.33701443970081696,39.463037793946008],[-0.33752305415087158,39.46257647897702],[-0.33775246540844217,39.462370028878162],[-0.33436506853729114,39.461828466471523],[-0.33419400354093842,39.463283950689458],[-0.3364954890030063,39.463674531292057]]]},"properties":{"codsecc":"5","coddistsecc":"1105","objectid":337,"st_area(shape)":40110.891533499998,"coddistrit":"11"}},{"type":"Feature","id":336,"geometry":{"type":"Polygon","coordinates":[[[-0.37180544170500535,39.464514412613056],[-0.37214363425923214,39.463422995829056],[-0.37022256307134077,39.462510192063817],[-0.36999863509611364,39.462496115957343],[-0.36983729383515029,39.462267244722547],[-0.3688370931244157,39.462690530772228],[-0.36977761979649465,39.464063140139984],[-0.37180544170500535,39.464514412613056]]]},"properties":{"codsecc":"8","coddistsecc":"0208","objectid":336,"st_area(shape)":39113.967251000002,"coddistrit":"2"}},{"type":"Feature","id":335,"geometry":{"type":"Polygon","coordinates":[[[-0.34638221986997347,39.463711439498226],[-0.34627651739573068,39.463663982040885],[-0.34544535261067638,39.463325197579984],[-0.34582176561024497,39.462518501849807],[-0.34594886903195071,39.462251141701863],[-0.34476011947215235,39.461899681265749],[-0.34430883255769962,39.4628217764594],[-0.34303011404905553,39.46223852796787],[-0.34193475295526438,39.461781068679613],[-0.34153135110459837,39.462627673459991],[-0.34402579769008113,39.463369347106095],[-0.34622239770107904,39.464036609878121],[-0.34638221986997347,39.463711439498226]]]},"properties":{"codsecc":"28","coddistsecc":"1228","objectid":335,"st_area(shape)":42852.0365055,"coddistrit":"12"}},{"type":"Feature","id":333,"geometry":{"type":"Polygon","coordinates":[[[-0.40059862132977031,39.465297228418784],[-0.4007911530454174,39.464594349851694],[-0.40071092969891636,39.463740562734266],[-0.39955239519596752,39.463800887114402],[-0.39756527509834244,39.463897683458292],[-0.39732984046908676,39.464710557409092],[-0.40059862132977031,39.465297228418784]]]},"properties":{"codsecc":"31","coddistsecc":"0731","objectid":333,"st_area(shape)":37696.1698865,"coddistrit":"7"}},{"type":"Feature","id":328,"geometry":{"type":"Polygon","coordinates":[[[-0.34213536093132957,39.464353134815482],[-0.34335430001119421,39.46471432124217],[-0.34402579769008113,39.463369347106095],[-0.34153135110459837,39.462627673459991],[-0.34047566549197877,39.462310743773571],[-0.33997424873551629,39.463308248604392],[-0.33968774920160583,39.463869242064057],[-0.34203715401012308,39.464567098878533],[-0.34213536093132957,39.464353134815482]]]},"properties":{"codsecc":"13","coddistsecc":"1213","objectid":328,"st_area(shape)":57980.454724499999,"coddistrit":"12"}},{"type":"Feature","id":327,"geometry":{"type":"Polygon","coordinates":[[[-0.34826181246707338,39.464655192105802],[-0.34841662493158743,39.464365939613117],[-0.3501070229746745,39.46487609608517],[-0.35072934300999498,39.463644867279768],[-0.34686486316848769,39.462479249567487],[-0.34674748620633616,39.462719806510457],[-0.34627651739573068,39.463663982040885],[-0.34638221986997347,39.463711439498226],[-0.34622239770107904,39.464036609878121],[-0.34725725585970574,39.464348507965035],[-0.34826181246707338,39.464655192105802]]]},"properties":{"codsecc":"40","coddistsecc":"1240","objectid":327,"st_area(shape)":58798.5967475,"coddistrit":"12"}},{"type":"Feature","id":325,"geometry":{"type":"Polygon","coordinates":[[[-0.38223755709517887,39.465574207365592],[-0.38371512835483235,39.463693116447502],[-0.38212714088159755,39.46315286302071],[-0.38165259183101929,39.465056536058128],[-0.38128743120952147,39.465341085697339],[-0.38161065526569476,39.465825835500475],[-0.38223755709517887,39.465574207365592]]]},"properties":{"codsecc":"38","coddistsecc":"0338","objectid":325,"st_area(shape)":28128.397375500001,"coddistrit":"3"}},{"type":"Feature","id":323,"geometry":{"type":"Polygon","coordinates":[[[-0.33908338334877974,39.465089595638574],[-0.33915598582366985,39.464938109215844],[-0.33968774920160583,39.463869242064057],[-0.33997424873551629,39.463308248604392],[-0.33752305415087158,39.46257647897702],[-0.33701443970081696,39.463037793946008],[-0.3364954890030063,39.463674531292057],[-0.33624247262940304,39.464213752411837],[-0.33701616083987201,39.464420667504704],[-0.33727462661245089,39.464386041490449],[-0.3382910497010852,39.464494899886077],[-0.33815292787661161,39.464802538197773],[-0.33908338334877974,39.465089595638574]]]},"properties":{"codsecc":"16","coddistsecc":"1216","objectid":323,"st_area(shape)":50720.499100000001,"coddistrit":"12"}},{"type":"Feature","id":319,"geometry":{"type":"Polygon","coordinates":[[[-0.40602239054224271,39.46730127188502],[-0.40559888294206869,39.463548661687263],[-0.40559309055380183,39.463496542329963],[-0.40080805307352169,39.463735699022919],[-0.40071092969891636,39.463740562734266],[-0.4007911530454174,39.464594349851694],[-0.40059862132977031,39.465297228418784],[-0.40031653750228291,39.466259359591369],[-0.40198726232215487,39.466553481693751],[-0.40346035949557291,39.466829642282761],[-0.40480397860243122,39.467071371052384],[-0.40602239054224271,39.46730127188502]]]},"properties":{"codsecc":"32","coddistsecc":"0732","objectid":319,"st_area(shape)":156980.39379900001,"coddistrit":"7"}},{"type":"Feature","id":317,"geometry":{"type":"Polygon","coordinates":[[[-0.40602239054224271,39.46730127188502],[-0.40603601577140502,39.46742319537131],[-0.4081363469743004,39.467280879817572],[-0.40796453641233016,39.465686995681821],[-0.40819746688733105,39.465674172918142],[-0.40812439189557165,39.465001393101304],[-0.40856558680101285,39.464641869009832],[-0.40841689554785626,39.463353999564653],[-0.40569462706788095,39.463491439709983],[-0.40559309055380183,39.463496542329963],[-0.40559888294206869,39.463548661687263],[-0.40602239054224271,39.46730127188502]]]},"properties":{"codsecc":"36","coddistsecc":"0736","objectid":317,"st_area(shape)":91182.894392000002,"coddistrit":"7"}},{"type":"Feature","id":316,"geometry":{"type":"Polygon","coordinates":[[[-0.34274309701296052,39.46594354682226],[-0.34335430001119421,39.46471432124217],[-0.34213536093132957,39.464353134815482],[-0.34203715401012308,39.464567098878533],[-0.33968774920160583,39.463869242064057],[-0.33915598582366985,39.464938109215844],[-0.34019154196594975,39.465250086082833],[-0.34144333378816538,39.465625557650995],[-0.34271547365051724,39.466001472105496],[-0.34274309701296052,39.46594354682226]]]},"properties":{"codsecc":"14","coddistsecc":"1214","objectid":316,"st_area(shape)":44771.021006499999,"coddistrit":"12"}},{"type":"Feature","id":315,"geometry":{"type":"Polygon","coordinates":[[[-0.35195271776796233,39.465424405585338],[-0.35313154436198008,39.465756270403446],[-0.35349287417743203,39.465796913043818],[-0.35423884616249618,39.464258840273168],[-0.3539790868092505,39.464199927629792],[-0.35204410141211234,39.463776360406584],[-0.35139197615089229,39.46528098195779],[-0.35195271776796233,39.465424405585338]]]},"properties":{"codsecc":"36","coddistsecc":"1236","objectid":315,"st_area(shape)":34990.9666105,"coddistrit":"12"}},{"type":"Feature","id":256,"geometry":{"type":"Polygon","coordinates":[[[-0.4028532502871307,39.471509652527537],[-0.40260779689294673,39.47035554059778],[-0.40084567782607183,39.470347674151974],[-0.40082255335076961,39.470968757263506],[-0.40156104246159269,39.47095825434976],[-0.40157827671231666,39.47149015171599],[-0.4028532502871307,39.471509652527537]]]},"properties":{"codsecc":"14","coddistsecc":"0714","objectid":256,"st_area(shape)":17024.780782000002,"coddistrit":"7"}},{"type":"Feature","id":259,"geometry":{"type":"Polygon","coordinates":[[[-0.40983105843866097,39.471471722677308],[-0.40995113658133098,39.47066361211656],[-0.41015399803472025,39.469758248898984],[-0.40750355648468395,39.469942373607175],[-0.40629214887841997,39.469933351748544],[-0.40619224466751302,39.470588767201633],[-0.40739077135801294,39.470885776719662],[-0.40983105843866097,39.471471722677308]]]},"properties":{"codsecc":"23","coddistsecc":"0723","objectid":259,"st_area(shape)":41834.497939499997,"coddistrit":"7"}},{"type":"Feature","id":266,"geometry":{"type":"Polygon","coordinates":[[[-0.38409352445815781,39.469354637202841],[-0.38300138721091104,39.467812064103313],[-0.38255532650537666,39.467211950447094],[-0.38221523316316697,39.466731327644595],[-0.38088887681445699,39.468548230564508],[-0.38138093500631537,39.468734990871297],[-0.38345250083747628,39.470331165988704],[-0.38409352445815781,39.469354637202841]]]},"properties":{"codsecc":"15","coddistsecc":"0315","objectid":266,"st_area(shape)":48565.277971000003,"coddistrit":"3"}},{"type":"Feature","id":268,"geometry":{"type":"Polygon","coordinates":[[[-0.37291491396185961,39.46850335057902],[-0.37196196656985686,39.467148511881582],[-0.37094301595234974,39.467566886781597],[-0.36992375620928664,39.468012271952425],[-0.37112551749880224,39.469742125172772],[-0.37291491396185961,39.46850335057902]]]},"properties":{"codsecc":"36","coddistsecc":"0236","objectid":268,"st_area(shape)":39170.355313499997,"coddistrit":"2"}},{"type":"Feature","id":276,"geometry":{"type":"Polygon","coordinates":[[[-0.34572412598703489,39.468907950979492],[-0.34657974628205696,39.467152765080655],[-0.34594409236611179,39.46696258788333],[-0.34564670416141585,39.466874716891624],[-0.34478419573286573,39.468638747127926],[-0.34572412598703489,39.468907950979492]]]},"properties":{"codsecc":"9","coddistsecc":"1209","objectid":276,"st_area(shape)":18001.358907999998,"coddistrit":"12"}},{"type":"Feature","id":281,"geometry":{"type":"Polygon","coordinates":[[[-0.40253967356071135,39.470038717831052],[-0.40274140290313171,39.469322519727577],[-0.40275056518207275,39.469291193573028],[-0.39959447431208817,39.468716111771442],[-0.39957525943733907,39.468783248050983],[-0.39936796722123835,39.469472289394282],[-0.40253967356071135,39.470038717831052]]]},"properties":{"codsecc":"12","coddistsecc":"0712","objectid":281,"st_area(shape)":23924.800407499999,"coddistrit":"7"}},{"type":"Feature","id":283,"geometry":{"type":"Polygon","coordinates":[[[-0.34099185726309983,39.46836287972296],[-0.34144666075168811,39.468494903325436],[-0.34178027969537689,39.46782237435545],[-0.34054840336618863,39.467456370596494],[-0.33929405805379165,39.467089848451685],[-0.33727830894682681,39.466498668330487],[-0.33542506438542136,39.465951718974743],[-0.3352623641165402,39.466902906252749],[-0.33907026765490361,39.468044147136119],[-0.33917883338639082,39.467825918646113],[-0.34099185726309983,39.46836287972296]]]},"properties":{"codsecc":"1","coddistsecc":"1301","objectid":283,"st_area(shape)":54856.588729499999,"coddistrit":"13"}},{"type":"Feature","id":289,"geometry":{"type":"Polygon","coordinates":[[[-0.39158638909952664,39.469135705609354],[-0.39266778861977347,39.467470827570018],[-0.39198083459826016,39.467347307463477],[-0.39048985566147487,39.467084113203796],[-0.39003075556862127,39.46700623738343],[-0.39084546748566562,39.468123598617176],[-0.39092633606671817,39.468233520039725],[-0.39154485628400149,39.469080720473741],[-0.39158638909952664,39.469135705609354]]]},"properties":{"codsecc":"9","coddistsecc":"0709","objectid":289,"st_area(shape)":23456.444062999999,"coddistrit":"7"}},{"type":"Feature","id":294,"geometry":{"type":"Polygon","coordinates":[[[-0.37387669863934508,39.467808898336472],[-0.37491579380279044,39.467125192998658],[-0.37445786481018567,39.466128384677063],[-0.37385396364887274,39.464957117869758],[-0.3712050269765847,39.466068354270163],[-0.37019753169579878,39.466491486324863],[-0.37094301595234974,39.467566886781597],[-0.37196196656985686,39.467148511881582],[-0.37291491396185961,39.46850335057902],[-0.37387669863934508,39.467808898336472]]]},"properties":{"codsecc":"33","coddistsecc":"0233","objectid":294,"st_area(shape)":81119.564220999993,"coddistrit":"2"}},{"type":"Feature","id":297,"geometry":{"type":"Polygon","coordinates":[[[-0.34054840336618863,39.467456370596494],[-0.34144333378816538,39.465625557650995],[-0.34019154196594975,39.465250086082833],[-0.33929405805379165,39.467089848451685],[-0.34054840336618863,39.467456370596494]]]},"properties":{"codsecc":"39","coddistsecc":"1239","objectid":297,"st_area(shape)":25161.140846499999,"coddistrit":"12"}},{"type":"Feature","id":299,"geometry":{"type":"Polygon","coordinates":[[[-0.39959447431208817,39.468716111771442],[-0.39980654644641128,39.467995654945824],[-0.40031653750228291,39.466259359591369],[-0.40059862132977031,39.465297228418784],[-0.39732984046908676,39.464710557409092],[-0.39756527509834244,39.463897683458292],[-0.39740124493015,39.463905874877078],[-0.396184636100329,39.463941676283312],[-0.39609363189493796,39.464025221229804],[-0.39455814369341102,39.465423202500197],[-0.39456528206519265,39.465445884606041],[-0.39504208719557971,39.466956533958204],[-0.39533517675869712,39.4679405519231],[-0.39654299738140514,39.46816131491812],[-0.39959447431208817,39.468716111771442]]]},"properties":{"codsecc":"25","coddistsecc":"0725","objectid":299,"st_area(shape)":184636.172383,"coddistrit":"7"}},{"type":"Feature","id":301,"geometry":{"type":"Polygon","coordinates":[[[-0.36692955495169383,39.467872390363333],[-0.36807067271416233,39.467393756366356],[-0.36917136438920994,39.4669277089736],[-0.36842867777153437,39.465874882736124],[-0.36620339401134144,39.466806411515719],[-0.36692955495169383,39.467872390363333]]]},"properties":{"codsecc":"47","coddistsecc":"0247","objectid":301,"st_area(shape)":29226.919783000001,"coddistrit":"2"}},{"type":"Feature","id":12,"geometry":{"type":"Polygon","coordinates":[[[-0.37663641892841027,39.499296983463822],[-0.37778335627690551,39.499211489589861],[-0.37713327942955815,39.497552708037816],[-0.37697116004435693,39.496607632290328],[-0.3757412113726819,39.496886157373396],[-0.37663641892841027,39.499296983463822]]]},"properties":{"codsecc":"19","coddistsecc":"1519","objectid":12,"st_area(shape)":28304.4035735,"coddistrit":"15"}},{"type":"Feature","id":15,"geometry":{"type":"Polygon","coordinates":[[[-0.3914492176531002,39.498744376456607],[-0.39227691752533028,39.499524198227029],[-0.39361108238137482,39.498770369881768],[-0.3939045830219926,39.498326523032375],[-0.39437252534094674,39.49733705133886],[-0.39427106233223269,39.497154600173744],[-0.39400496129589424,39.497099083893943],[-0.3914492176531002,39.498744376456607]]]},"properties":{"codsecc":"22","coddistsecc":"1622","objectid":15,"st_area(shape)":29241.628500499999,"coddistrit":"16"}},{"type":"Feature","id":22,"geometry":{"type":"Polygon","coordinates":[[[-0.37023344539404041,39.496013884193367],[-0.37105044503482593,39.494834216711403],[-0.37034520120683667,39.494399359446724],[-0.36970304890471295,39.495105516102726],[-0.36923859037811213,39.495608491040272],[-0.37023344539404041,39.496013884193367]]]},"properties":{"codsecc":"11","coddistsecc":"1511","objectid":22,"st_area(shape)":13537.853813,"coddistrit":"15"}},{"type":"Feature","id":26,"geometry":{"type":"Polygon","coordinates":[[[-0.36923859037811213,39.495608491040272],[-0.36970304890471295,39.495105516102726],[-0.36867122971024657,39.494370461799143],[-0.36835754487796757,39.494151651754471],[-0.36781697787114065,39.494630384329696],[-0.36812210834990272,39.494844488674175],[-0.36923859037811213,39.495608491040272]]]},"properties":{"codsecc":"7","coddistsecc":"1507","objectid":26,"st_area(shape)":11178.166126,"coddistrit":"15"}},{"type":"Feature","id":30,"geometry":{"type":"Polygon","coordinates":[[[-0.36867122971024657,39.494370461799143],[-0.36970304890471295,39.495105516102726],[-0.37034520120683667,39.494399359446724],[-0.36936701748640516,39.493764621507438],[-0.36804928649026575,39.492730303697648],[-0.36725450467041187,39.493378936926213],[-0.36835754487796757,39.494151651754471],[-0.36867122971024657,39.494370461799143]]]},"properties":{"codsecc":"6","coddistsecc":"1506","objectid":30,"st_area(shape)":26089.175720499999,"coddistrit":"15"}},{"type":"Feature","id":35,"geometry":{"type":"Polygon","coordinates":[[[-0.36936701748640516,39.493764621507438],[-0.37034520120683667,39.494399359446724],[-0.37106696926773486,39.493528329324164],[-0.37156060155301429,39.492539533387344],[-0.37071227113458183,39.492277103417749],[-0.37004908670860592,39.493194492384056],[-0.36936701748640516,39.493764621507438]]]},"properties":{"codsecc":"5","coddistsecc":"1505","objectid":35,"st_area(shape)":20264.804281500001,"coddistrit":"15"}},{"type":"Feature","id":37,"geometry":{"type":"Polygon","coordinates":[[[-0.39837636698070433,39.493611580569457],[-0.39807043119440727,39.493221856225645],[-0.3962869770927403,39.491551313492408],[-0.39534436486315994,39.49196260987226],[-0.39486925069422352,39.492172665147862],[-0.39440061314829478,39.49242341226126],[-0.39677442779328298,39.494611695156962],[-0.39837636698070433,39.493611580569457]]]},"properties":{"codsecc":"1","coddistsecc":"1601","objectid":37,"st_area(shape)":56559.575753500001,"coddistrit":"16"}},{"type":"Feature","id":38,"geometry":{"type":"Polygon","coordinates":[[[-0.39102743733102679,39.494226036392405],[-0.39128791136579089,39.494412060478631],[-0.3922430129084758,39.493784867148598],[-0.39250988211324367,39.493799865026901],[-0.3927079212640216,39.493556576286885],[-0.39206376014981026,39.493253838780426],[-0.39184980531287245,39.493086878213219],[-0.39079167508060725,39.492738805687537],[-0.39058092484306672,39.493107928723802],[-0.39013541480704966,39.492953782256187],[-0.3898495020745395,39.493505904789828],[-0.39025546870485628,39.493668173012857],[-0.39012779998107605,39.493895029543324],[-0.39102743733102679,39.494226036392405]]]},"properties":{"codsecc":"18","coddistsecc":"1618","objectid":38,"st_area(shape)":24484.597969999999,"coddistrit":"16"}},{"type":"Feature","id":39,"geometry":{"type":"Polygon","coordinates":[[[-0.37833616987509228,39.493818721910195],[-0.37780950223396514,39.492383451643732],[-0.37745288112456565,39.491334898915014],[-0.3763528483250394,39.491562302238002],[-0.37677234457397324,39.492639312978753],[-0.37730837103206333,39.494056772396156],[-0.37833616987509228,39.493818721910195]]]},"properties":{"codsecc":"22","coddistsecc":"1522","objectid":39,"st_area(shape)":27072.6386265,"coddistrit":"15"}},{"type":"Feature","id":40,"geometry":{"type":"Polygon","coordinates":[[[-0.38860070778463396,39.49407692065671],[-0.38917413767209447,39.494211425463298],[-0.38953075324406328,39.494003227091646],[-0.38974913394545552,39.493760400530213],[-0.39012779998107605,39.493895029543324],[-0.39025546870485628,39.493668173012857],[-0.3898495020745395,39.493505904789828],[-0.39013541480704966,39.492953782256187],[-0.38836729555231353,39.49231497037615],[-0.38582773368640755,39.491397523620556],[-0.38620300343689545,39.492514037322273],[-0.38846079902595976,39.493330551400526],[-0.38808917322397657,39.493939300005998],[-0.38860070778463396,39.49407692065671]]]},"properties":{"codsecc":"15","coddistsecc":"1615","objectid":40,"st_area(shape)":45363.324314999998,"coddistrit":"16"}},{"type":"Feature","id":41,"geometry":{"type":"Polygon","coordinates":[[[-0.37004908670860592,39.493194492384056],[-0.37071227113458183,39.492277103417749],[-0.37061729031492679,39.49211730076339],[-0.37098915893959977,39.491756356009937],[-0.37012236065087045,39.491097127416282],[-0.36914791017385418,39.491809273204893],[-0.36804928649026575,39.492730303697648],[-0.36936701748640516,39.493764621507438],[-0.37004908670860592,39.493194492384056]]]},"properties":{"codsecc":"31","coddistsecc":"1531","objectid":41,"st_area(shape)":36615.5818755,"coddistrit":"15"}},{"type":"Feature","id":43,"geometry":{"type":"Polygon","coordinates":[[[-0.38352530662129625,39.493904166921425],[-0.38529913641496205,39.493556728495747],[-0.3843523109585259,39.490958924797972],[-0.38255393557463241,39.491341831723922],[-0.38328386721278757,39.493250106837699],[-0.38352530662129625,39.493904166921425]]]},"properties":{"codsecc":"24","coddistsecc":"1624","objectid":43,"st_area(shape)":47298.364346499999,"coddistrit":"16"}},{"type":"Feature","id":45,"geometry":{"type":"Polygon","coordinates":[[[-0.37677234457397324,39.492639312978753],[-0.3763528483250394,39.491562302238002],[-0.37388371530907172,39.492060553640499],[-0.37436078508019016,39.493170404558292],[-0.37677234457397324,39.492639312978753]]]},"properties":{"codsecc":"27","coddistsecc":"1527","objectid":45,"st_area(shape)":27700.6464065,"coddistrit":"15"}},{"type":"Feature","id":52,"geometry":{"type":"Polygon","coordinates":[[[-0.37388371530907172,39.492060553640499],[-0.37588024744734405,39.489425577937972],[-0.37659501508462156,39.488428239590341],[-0.37673655980998638,39.488219728967103],[-0.37614349930659097,39.488048684965129],[-0.37527584474207931,39.487875930987386],[-0.37533497420841577,39.488197078095411],[-0.3749479997115408,39.489134248567993],[-0.37392551987386613,39.491741687226394],[-0.37374133865729481,39.491962743624761],[-0.37388371530907172,39.492060553640499]]]},"properties":{"codsecc":"38","coddistsecc":"0538","objectid":52,"st_area(shape)":31070.226502000001,"coddistrit":"5"}},{"type":"Feature","id":57,"geometry":{"type":"Polygon","coordinates":[[[-0.38255393557463241,39.491341831723922],[-0.38216474909350612,39.490288045649663],[-0.38049959443926601,39.490664913365563],[-0.38089641189239654,39.491727885510457],[-0.38255393557463241,39.491341831723922]]]},"properties":{"codsecc":"25","coddistsecc":"1525","objectid":57,"st_area(shape)":18233.523782,"coddistrit":"15"}},{"type":"Feature","id":64,"geometry":{"type":"Polygon","coordinates":[[[-0.3857315618200608,39.489426949283541],[-0.38554254563271695,39.489274051544164],[-0.38445683409034442,39.488772152056669],[-0.38369900731953921,39.488421766215332],[-0.38163761952455127,39.487276262158382],[-0.38019427599886951,39.487572540968344],[-0.3806712778078466,39.488957133627871],[-0.38118407129340742,39.488847073437604],[-0.38175844128324632,39.489206855117175],[-0.38216474909350612,39.490288045649663],[-0.3857315618200608,39.489426949283541]]]},"properties":{"codsecc":"36","coddistsecc":"0536","objectid":64,"st_area(shape)":74892.897127999997,"coddistrit":"5"}},{"type":"Feature","id":66,"geometry":{"type":"Polygon","coordinates":[[[-0.37791475048783219,39.489584116099238],[-0.3806712778078466,39.488957133627871],[-0.38019427599886951,39.487572540968344],[-0.37945289622729156,39.487713477040352],[-0.37811075492022866,39.487984985697992],[-0.3777115199303413,39.488070568792189],[-0.37810832542831901,39.489151567521205],[-0.37791475048783219,39.489584116099238]]]},"properties":{"codsecc":"34","coddistsecc":"0534","objectid":66,"st_area(shape)":36404.7650335,"coddistrit":"5"}},{"type":"Feature","id":71,"geometry":{"type":"Polygon","coordinates":[[[-0.38691945801315819,39.4891608926457],[-0.38947086432928502,39.488556104332879],[-0.38824308512967853,39.487442954772177],[-0.38643616453110802,39.487843748784684],[-0.38691945801315819,39.4891608926457]]]},"properties":{"codsecc":"4","coddistsecc":"0504","objectid":71,"st_area(shape)":29413.279251,"coddistrit":"5"}},{"type":"Feature","id":76,"geometry":{"type":"Polygon","coordinates":[[[-0.39052352527076106,39.488232919364719],[-0.39207424757904702,39.487551543464548],[-0.39121924307051559,39.486320667609164],[-0.39065309030343459,39.486109762053758],[-0.39017184964434948,39.487067391037151],[-0.38947086432928502,39.488556104332879],[-0.39052352527076106,39.488232919364719]]]},"properties":{"codsecc":"16","coddistsecc":"0416","objectid":76,"st_area(shape)":28470.359815,"coddistrit":"4"}},{"type":"Feature","id":79,"geometry":{"type":"Polygon","coordinates":[[[-0.37673655980998638,39.488219728967103],[-0.37699561097885609,39.487842704021539],[-0.37726710608018543,39.487501994433622],[-0.37591729619614889,39.48695351500848],[-0.37626540254439472,39.486353292285742],[-0.37480912139606615,39.48649155838789],[-0.37527584474207931,39.487875930987386],[-0.37614349930659097,39.488048684965129],[-0.37673655980998638,39.488219728967103]]]},"properties":{"codsecc":"37","coddistsecc":"0537","objectid":79,"st_area(shape)":23469.469938499999,"coddistrit":"5"}},{"type":"Feature","id":81,"geometry":{"type":"Polygon","coordinates":[[[-0.36398979134698051,39.486832153616596],[-0.36527006919561539,39.487834136633246],[-0.36671497896417204,39.486650716616793],[-0.36539112626408521,39.48570631837751],[-0.36470631125474773,39.486253836892637],[-0.36398979134698051,39.486832153616596]]]},"properties":{"codsecc":"13","coddistsecc":"1413","objectid":81,"st_area(shape)":27618.768032,"coddistrit":"14"}},{"type":"Feature","id":86,"geometry":{"type":"Polygon","coordinates":[[[-0.37726710608018543,39.487501994433622],[-0.37773321316257419,39.486913439393753],[-0.37814312052134974,39.486350631626991],[-0.37853018152632095,39.48560263587472],[-0.37676669673441598,39.485486263407708],[-0.37626540254439472,39.486353292285742],[-0.37591729619614889,39.48695351500848],[-0.37726710608018543,39.487501994433622]]]},"properties":{"codsecc":"16","coddistsecc":"0516","objectid":86,"st_area(shape)":29492.179001500001,"coddistrit":"5"}},{"type":"Feature","id":103,"geometry":{"type":"Polygon","coordinates":[[[-0.37853018152632095,39.48560263587472],[-0.38188457371035489,39.485826916915585],[-0.38076906779255959,39.484495512980068],[-0.38055415098216139,39.484026715940722],[-0.38023471601096398,39.482123174026462],[-0.37910912559876542,39.481971669214147],[-0.37880377151525113,39.48385210413263],[-0.37866661163597537,39.484853489384207],[-0.37853018152632095,39.48560263587472]]]},"properties":{"codsecc":"1","coddistsecc":"0501","objectid":103,"st_area(shape)":66990.155910500005,"coddistrit":"5"}},{"type":"Feature","id":122,"geometry":{"type":"Polygon","coordinates":[[[-0.39698903001377883,39.483819525300753],[-0.3968867868202291,39.483677598387196],[-0.39563413513093765,39.48190633472521],[-0.3953846482141245,39.481193551350643],[-0.39338937719700545,39.482031665825289],[-0.39524504249188686,39.484582220252797],[-0.39698903001377883,39.483819525300753]]]},"properties":{"codsecc":"22","coddistsecc":"0422","objectid":122,"st_area(shape)":57126.090627500002,"coddistrit":"4"}},{"type":"Feature","id":124,"geometry":{"type":"Polygon","coordinates":[[[-0.38055415098216139,39.484026715940722],[-0.38243812411658412,39.484010621908645],[-0.38301616963387691,39.483496627438441],[-0.38105459271516678,39.482231743074877],[-0.38023471601096398,39.482123174026462],[-0.38055415098216139,39.484026715940722]]]},"properties":{"codsecc":"7","coddistsecc":"0507","objectid":124,"st_area(shape)":31721.829438000001,"coddistrit":"5"}},{"type":"Feature","id":126,"geometry":{"type":"Polygon","coordinates":[[[-0.38366033794605081,39.483912024257243],[-0.38501246808597928,39.483352393574727],[-0.38348024687795645,39.481119766124188],[-0.38339523622102922,39.481158391496677],[-0.38105459271516678,39.482231743074877],[-0.38301616963387691,39.483496627438441],[-0.38366033794605081,39.483912024257243]]]},"properties":{"codsecc":"7","coddistsecc":"0407","objectid":126,"st_area(shape)":51844.484501500003,"coddistrit":"4"}},{"type":"Feature","id":129,"geometry":{"type":"Polygon","coordinates":[[[-0.36339805413081433,39.482571124176275],[-0.36467252468320532,39.482973898793347],[-0.36643055738398739,39.479383248913024],[-0.36513389309767907,39.479011512472987],[-0.36442615213962082,39.480436856615029],[-0.36412358891981239,39.481060607526857],[-0.36339805413081433,39.482571124176275]]]},"properties":{"codsecc":"18","coddistsecc":"0618","objectid":129,"st_area(shape)":50625.711098,"coddistrit":"6"}},{"type":"Feature","id":130,"geometry":{"type":"Polygon","coordinates":[[[-0.39784608862357834,39.483302705704112],[-0.3978874235329547,39.483168499156861],[-0.3981788379876639,39.483089440709982],[-0.398428647572386,39.482995936851694],[-0.39807907651052143,39.482627757563556],[-0.39790628901203806,39.482565331235456],[-0.3974806430010096,39.482542285876335],[-0.39730963283479093,39.482101528392164],[-0.39724831446118541,39.482109163792806],[-0.39715825129752713,39.481913457047504],[-0.39698618907386124,39.481968160164818],[-0.3965301355022432,39.481066080112726],[-0.39694310842151287,39.48092218194698],[-0.39677281588374896,39.480598554294701],[-0.39618933357013963,39.480833223884623],[-0.3953846482141245,39.481193551350643],[-0.39563413513093765,39.48190633472521],[-0.3968867868202291,39.483677598387196],[-0.39784608862357834,39.483302705704112]]]},"properties":{"codsecc":"4","coddistsecc":"0404","objectid":130,"st_area(shape)":36638.291969999998,"coddistrit":"4"}},{"type":"Feature","id":132,"geometry":{"type":"Polygon","coordinates":[[[-0.38501246808597928,39.483352393574727],[-0.38785414337309682,39.482150589583263],[-0.3861516700240657,39.479806063565348],[-0.38348024687795645,39.481119766124188],[-0.38501246808597928,39.483352393574727]]]},"properties":{"codsecc":"8","coddistsecc":"0408","objectid":132,"st_area(shape)":79726.930942000006,"coddistrit":"4"}},{"type":"Feature","id":135,"geometry":{"type":"Polygon","coordinates":[[[-0.37049267664137114,39.482141828257632],[-0.37230051539006065,39.482525066063772],[-0.37308923412760014,39.481299696555666],[-0.37434476900640734,39.479503812525877],[-0.37413381414528651,39.479336887658079],[-0.37280046672739342,39.478568030159195],[-0.37106365633826977,39.480988120002721],[-0.37049267664137114,39.482141828257632]]]},"properties":{"codsecc":"28","coddistsecc":"0528","objectid":135,"st_area(shape)":69210.255661000003,"coddistrit":"5"}},{"type":"Feature","id":141,"geometry":{"type":"Polygon","coordinates":[[[-0.39297811789449727,39.481468398339707],[-0.39338937719700545,39.482031665825289],[-0.3953846482141245,39.481193551350643],[-0.39618933357013963,39.480833223884623],[-0.39677281588374896,39.480598554294701],[-0.39691582574700546,39.480601757937741],[-0.3973433244909752,39.480399626401457],[-0.39671408408396658,39.479777445566874],[-0.39499838500231732,39.480504727761684],[-0.39472670798183745,39.480075232061431],[-0.39372608790103453,39.479787025237613],[-0.39297811789449727,39.481468398339707]]]},"properties":{"codsecc":"5","coddistsecc":"0405","objectid":141,"st_area(shape)":44850.118657999999,"coddistrit":"4"}},{"type":"Feature","id":144,"geometry":{"type":"Polygon","coordinates":[[[-0.32807024794389111,39.479444548067406],[-0.32966263251673694,39.479981118492596],[-0.32985081141851458,39.478917918372339],[-0.32898789275107176,39.478893591115835],[-0.32899340473677924,39.4787495782899],[-0.32863464513349516,39.478745835645817],[-0.32864084399931165,39.477691966858828],[-0.32675286847057144,39.477666575509268],[-0.32671582133306454,39.479278274651634],[-0.32807024794389111,39.479444548067406]]]},"properties":{"codsecc":"35","coddistsecc":"1135","objectid":144,"st_area(shape)":41939.937379499999,"coddistrit":"11"}},{"type":"Feature","id":153,"geometry":{"type":"Polygon","coordinates":[[[-0.37280046672739342,39.478568030159195],[-0.37413381414528651,39.479336887658079],[-0.37620432180756597,39.478897191164592],[-0.37687761291219024,39.477376402171245],[-0.37672377236518734,39.477390946984457],[-0.37631264852996571,39.477291577473558],[-0.37612775182943209,39.477629727668763],[-0.3749575983564985,39.477351054117477],[-0.3748897062152895,39.477610775239569],[-0.37440046266950572,39.477541164945471],[-0.37393817060444157,39.4775081968031],[-0.37402903358215706,39.477082332828928],[-0.37293277763844551,39.476944945059373],[-0.37162189948494534,39.476757639852437],[-0.37058709783843891,39.477207190756332],[-0.37256219883604558,39.478432015711199],[-0.37280046672739342,39.478568030159195]]]},"properties":{"codsecc":"3","coddistsecc":"0103","objectid":153,"st_area(shape)":81597.1016275,"coddistrit":"1"}},{"type":"Feature","id":171,"geometry":{"type":"Polygon","coordinates":[[[-0.35821630339098448,39.476998638815374],[-0.35888313647231707,39.475657986428622],[-0.35943609307267599,39.474503926269065],[-0.35996998265303304,39.474660196918748],[-0.36061258864572066,39.473305469999737],[-0.35919873041284617,39.472885971780677],[-0.35955979774526364,39.472002317071798],[-0.35893454647628137,39.471650279796499],[-0.35797694833969868,39.471403284363376],[-0.3574997341357346,39.472360876527105],[-0.35686705225215354,39.473643741411635],[-0.35555845678432735,39.476294058825779],[-0.35656696316988129,39.476560241285206],[-0.35821630339098448,39.476998638815374]]]},"properties":{"codsecc":"8","coddistsecc":"0608","objectid":171,"st_area(shape)":136676.83140699999,"coddistrit":"6"}},{"type":"Feature","id":174,"geometry":{"type":"Polygon","coordinates":[[[-0.39446769605729387,39.476465917823226],[-0.39626578758547282,39.475650390981698],[-0.39580265600424691,39.47491931679459],[-0.39533965419658029,39.474282827284789],[-0.391193133826293,39.47604109871169],[-0.39220181526902143,39.477491626355111],[-0.39446769605729387,39.476465917823226]]]},"properties":{"codsecc":"25","coddistsecc":"0325","objectid":174,"st_area(shape)":72147.928692000001,"coddistrit":"3"}},{"type":"Feature","id":177,"geometry":{"type":"Polygon","coordinates":[[[-0.36847299875222878,39.476028733422915],[-0.36601570037277603,39.473108269758811],[-0.36458489951570638,39.473810036594031],[-0.36376844200133857,39.474210425713309],[-0.3631362079632286,39.475560901489622],[-0.36606220941441653,39.476438049136327],[-0.36847299875222878,39.476028733422915]]]},"properties":{"codsecc":"1","coddistsecc":"0601","objectid":177,"st_area(shape)":95987.815409500006,"coddistrit":"6"}},{"type":"Feature","id":183,"geometry":{"type":"Polygon","coordinates":[[[-0.3631362079632286,39.475560901489622],[-0.36376844200133857,39.474210425713309],[-0.36061258864572066,39.473305469999737],[-0.35996998265303304,39.474660196918748],[-0.36096527639363246,39.474948562875412],[-0.3631362079632286,39.475560901489622]]]},"properties":{"codsecc":"3","coddistsecc":"0603","objectid":183,"st_area(shape)":46443.798533499998,"coddistrit":"6"}},{"type":"Feature","id":186,"geometry":{"type":"Polygon","coordinates":[[[-0.391193133826293,39.47604109871169],[-0.39533965419658029,39.474282827284789],[-0.39528354920000219,39.47420949920938],[-0.39366280998490655,39.474362336710342],[-0.39203263398087235,39.47451493970658],[-0.39231897185134307,39.474940275222458],[-0.39065127269316341,39.475299219255852],[-0.391193133826293,39.47604109871169]]]},"properties":{"codsecc":"26","coddistsecc":"0326","objectid":186,"st_area(shape)":27446.828032000001,"coddistrit":"3"}},{"type":"Feature","id":190,"geometry":{"type":"Polygon","coordinates":[[[-0.39065127269316341,39.475299219255852],[-0.39231897185134307,39.474940275222458],[-0.39203263398087235,39.47451493970658],[-0.39165323350630549,39.473974913551203],[-0.3878534230691687,39.474601241351479],[-0.3882070643357225,39.47509116123679],[-0.38864963267935382,39.475709192714319],[-0.39065127269316341,39.475299219255852]]]},"properties":{"codsecc":"21","coddistsecc":"0321","objectid":190,"st_area(shape)":42064.0595005,"coddistrit":"3"}},{"type":"Feature","id":192,"geometry":{"type":"Polygon","coordinates":[[[-0.34514284554318664,39.474507098223732],[-0.34572286705080285,39.473353714941901],[-0.34196193777867501,39.472227276503773],[-0.3414093344572392,39.473403789721267],[-0.34514284554318664,39.474507098223732]]]},"properties":{"codsecc":"14","coddistsecc":"1314","objectid":192,"st_area(shape)":47757.715627999998,"coddistrit":"13"}},{"type":"Feature","id":202,"geometry":{"type":"Polygon","coordinates":[[[-0.38777197773606814,39.474486800486574],[-0.39092423922542457,39.4731477555681],[-0.39025787526157074,39.472200380615583],[-0.38950319107369114,39.472507747448482],[-0.38705489808218796,39.473497727961323],[-0.3875794077362979,39.474216711752113],[-0.38777197773606814,39.474486800486574]]]},"properties":{"codsecc":"19","coddistsecc":"0319","objectid":202,"st_area(shape)":38078.733815,"coddistrit":"3"}},{"type":"Feature","id":205,"geometry":{"type":"Polygon","coordinates":[[[-0.38502141067322865,39.473924940761179],[-0.3875794077362979,39.474216711752113],[-0.38705489808218796,39.473497727961323],[-0.38592523705983767,39.471945338349116],[-0.38540875095701976,39.471226527741543],[-0.38392571662677766,39.471544486384779],[-0.38405533707630646,39.471885234495169],[-0.38404679242928536,39.472132784309608],[-0.38402304457607311,39.472785388105258],[-0.38397929609056758,39.473739327509925],[-0.38429845258670126,39.473791555745272],[-0.38502141067322865,39.473924940761179]]]},"properties":{"codsecc":"2","coddistsecc":"0302","objectid":205,"st_area(shape)":61520.613219999999,"coddistrit":"3"}},{"type":"Feature","id":206,"geometry":{"type":"Polygon","coordinates":[[[-0.39533965419658029,39.474282827284789],[-0.39568302202830374,39.474173408227529],[-0.3962337088649287,39.47409565994144],[-0.39627711155186812,39.472114709728999],[-0.39627761407807888,39.472042650407268],[-0.39431457168491357,39.472881497836397],[-0.39463525642209996,39.473321111164474],[-0.39528354920000219,39.47420949920938],[-0.39533965419658029,39.474282827284789]]]},"properties":{"codsecc":"1","coddistsecc":"0701","objectid":206,"st_area(shape)":25853.625812999999,"coddistrit":"7"}},{"type":"Feature","id":207,"geometry":{"type":"Polygon","coordinates":[[[-0.37566681353072873,39.473813132371426],[-0.3768535550432392,39.472218352515604],[-0.3778093246770865,39.470911134104554],[-0.37882856279472249,39.469537781755186],[-0.37823457415179645,39.469105473495794],[-0.37768510596374616,39.468957944081744],[-0.37764986558995711,39.469470641490091],[-0.37678039219811793,39.469216789550522],[-0.37560361914134299,39.469118150220709],[-0.37598046835034404,39.470378873761838],[-0.37543656104094247,39.470411635146668],[-0.37512194253603703,39.470818924785085],[-0.37513553204809785,39.471346246213628],[-0.37539878186741343,39.471667499802187],[-0.37555393968234457,39.472139461232175],[-0.37550960502945091,39.47258438624911],[-0.37524526812143472,39.473006333759116],[-0.37439287243360131,39.472703301036859],[-0.37423318206113138,39.473510475070221],[-0.37566681353072873,39.473813132371426]]]},"properties":{"codsecc":"28","coddistsecc":"0128","objectid":207,"st_area(shape)":90762.745502499994,"coddistrit":"1"}},{"type":"Feature","id":210,"geometry":{"type":"Polygon","coordinates":[[[-0.3962337088649287,39.47409565994144],[-0.39759484138855178,39.473909946557896],[-0.39762114154200545,39.473906031111603],[-0.39785458846311078,39.471659070691814],[-0.39782934478368404,39.471654001032441],[-0.3971348134886829,39.471440244056048],[-0.39629009605575011,39.47118258745131],[-0.39628413127701806,39.471614877336833],[-0.39627761407807888,39.472042650407268],[-0.39627711155186812,39.472114709728999],[-0.3962337088649287,39.47409565994144]]]},"properties":{"codsecc":"2","coddistsecc":"0702","objectid":210,"st_area(shape)":36514.487720500001,"coddistrit":"7"}},{"type":"Feature","id":213,"geometry":{"type":"Polygon","coordinates":[[[-0.39762114154200545,39.473906031111603],[-0.39860647286121925,39.473783951118357],[-0.39932511634013457,39.473682930263607],[-0.40050688548251179,39.473358026983959],[-0.40138367135261044,39.472756036260364],[-0.39905220872184921,39.472019207624037],[-0.39898174328262848,39.471999612845885],[-0.39785458846311078,39.471659070691814],[-0.39762114154200545,39.473906031111603]]]},"properties":{"codsecc":"17","coddistsecc":"0717","objectid":213,"st_area(shape)":46760.464501499999,"coddistrit":"7"}},{"type":"Feature","id":215,"geometry":{"type":"Polygon","coordinates":[[[-0.37774268597612931,39.473341996586399],[-0.37868649631245671,39.473223653543108],[-0.37868675714218475,39.472926369125254],[-0.37976962938638065,39.473031878477549],[-0.38045857166017055,39.473142002789643],[-0.38071508923441372,39.472791937232735],[-0.38099465132129434,39.472446903827759],[-0.38095131454532105,39.472324308329164],[-0.37981708324473185,39.472406836904398],[-0.37979397938872383,39.47199641559542],[-0.37921356075680362,39.471821168952182],[-0.37885718779383537,39.471560885053918],[-0.37843261673450534,39.471375636421961],[-0.3778093246770865,39.470911134104554],[-0.3768535550432392,39.472218352515604],[-0.37774268597612931,39.473341996586399]]]},"properties":{"codsecc":"26","coddistsecc":"0126","objectid":215,"st_area(shape)":48149.213689999997,"coddistrit":"1"}},{"type":"Feature","id":216,"geometry":{"type":"Polygon","coordinates":[[[-0.38950319107369114,39.472507747448482],[-0.38869601456756381,39.471363511015142],[-0.38812425828346392,39.471616421981857],[-0.38747813704404171,39.470692008415554],[-0.38592523705983767,39.471945338349116],[-0.38705489808218796,39.473497727961323],[-0.38950319107369114,39.472507747448482]]]},"properties":{"codsecc":"18","coddistsecc":"0318","objectid":216,"st_area(shape)":49873.489064499998,"coddistrit":"3"}},{"type":"Feature","id":559,"geometry":{"type":"Polygon","coordinates":[[[-0.38386920077222625,39.465687523846427],[-0.38375073561796713,39.465824493605403],[-0.38223755709517887,39.465574207365592],[-0.38161065526569476,39.465825835500475],[-0.38221523316316697,39.466731327644595],[-0.38255532650537666,39.467211950447094],[-0.38300138721091104,39.467812064103313],[-0.38484324872038483,39.466988698232001],[-0.38386920077222625,39.465687523846427]]]},"properties":{"codsecc":"34","coddistsecc":"0334","objectid":559,"st_area(shape)":39143.642281499997,"coddistrit":"3"}},{"type":"Feature","id":560,"geometry":{"type":"Polygon","coordinates":[[[-0.36539112626408521,39.48570631837751],[-0.36655324148514729,39.486007437965746],[-0.3670314627486761,39.48494623200483],[-0.36589569132718203,39.484870942650645],[-0.36381025675250378,39.484738057149151],[-0.36357245939607707,39.48522363952425],[-0.36354165328256788,39.485385098257204],[-0.36470631125474773,39.486253836892637],[-0.36539112626408521,39.48570631837751]]]},"properties":{"codsecc":"21","coddistsecc":"0521","objectid":560,"st_area(shape)":32071.073313500001,"coddistrit":"5"}},{"type":"Feature","id":561,"geometry":{"type":"Polygon","coordinates":[[[-0.36693606129012457,39.491861835408926],[-0.36804928649026575,39.492730303697648],[-0.36914791017385418,39.491809273204893],[-0.36831413624393916,39.491200318182749],[-0.36902971450913241,39.490608431712012],[-0.36881203040467347,39.490445858214123],[-0.3690025588041041,39.490288014778926],[-0.36707723555754485,39.488757958297072],[-0.36593665751784155,39.489422944710576],[-0.36697393146047119,39.490206136008631],[-0.36582146135176496,39.491045891562784],[-0.36693606129012457,39.491861835408926]]]},"properties":{"codsecc":"35","coddistsecc":"1535","objectid":561,"st_area(shape)":67458.427033999993,"coddistrit":"15"}},{"type":"Feature","id":415,"geometry":{"type":"Polygon","coordinates":[[[-0.3858455064541878,39.458052030265648],[-0.38620209749788659,39.456636664870331],[-0.38390356899714417,39.45626062232504],[-0.38354663343098777,39.45776155630562],[-0.38353874725366216,39.457797414056493],[-0.3858455064541878,39.458052030265648]]]},"properties":{"codsecc":"9","coddistsecc":"0909","objectid":415,"st_area(shape)":33584.224657500003,"coddistrit":"9"}},{"type":"Feature","id":2042,"geometry":{"type":"Polygon","coordinates":[[[-0.3871549923651072,39.437190247164693],[-0.3898332503218489,39.437511676313271],[-0.39159899184332514,39.433047008827586],[-0.38956175837417956,39.43259615679591],[-0.38950205547108063,39.432875568195044],[-0.38937317629349011,39.433304153206315],[-0.38935035869773221,39.433397504068424],[-0.38929904523644565,39.433393766064931],[-0.38928136968091698,39.433481944197183],[-0.38927493602754271,39.433515474820027],[-0.38924604770662102,39.433571356592985],[-0.38922038671361248,39.433596194240899],[-0.38918189935502412,39.43360487919437],[-0.38902478517102962,39.433561368906602],[-0.38870574768899396,39.433466888434253],[-0.38867819728885677,39.433455224661252],[-0.38867689191164728,39.43345782592322],[-0.3871549923651072,39.437190247164693]]]},"properties":{"codsecc":"13","coddistsecc":"1913","objectid":2042,"st_area(shape)":116152.6048175,"coddistrit":"19"}},{"type":"Feature","id":556,"geometry":{"type":"Polygon","coordinates":[[[-0.37686057947617096,39.466425889299245],[-0.37807798486967692,39.463043555533034],[-0.37667088569054319,39.463670201569471],[-0.3753452879541665,39.464261104188971],[-0.37686057947617096,39.466425889299245]]]},"properties":{"codsecc":"3","coddistsecc":"0203","objectid":556,"st_area(shape)":37095.2967995,"coddistrit":"2"}},{"type":"Feature","id":562,"geometry":{"type":"Polygon","coordinates":[[[-0.36824152633340129,39.4965903785994],[-0.36878537222787389,39.496026621858256],[-0.36768857684685441,39.495240061807174],[-0.36739665641398095,39.495503710593553],[-0.36663303487263793,39.49494137670434],[-0.3663390572082621,39.495182454302899],[-0.36824152633340129,39.4965903785994]]]},"properties":{"codsecc":"36","coddistsecc":"1536","objectid":562,"st_area(shape)":13440.1536055,"coddistrit":"15"}},{"type":"Feature","id":563,"geometry":{"type":"Polygon","coordinates":[[[-0.36951159465858618,39.497002020387811],[-0.36988028919183485,39.496456328414773],[-0.36882660932122996,39.496049600117132],[-0.36923859037811213,39.495608491040272],[-0.36812210834990272,39.494844488674175],[-0.36768857684685441,39.495240061807174],[-0.36878537222787389,39.496026621858256],[-0.36824152633340129,39.4965903785994],[-0.36951159465858618,39.497002020387811]]]},"properties":{"codsecc":"8","coddistsecc":"1508","objectid":563,"st_area(shape)":15784.040520500001,"coddistrit":"15"}},{"type":"Feature","id":565,"geometry":{"type":"Polygon","coordinates":[[[-0.36951159465858618,39.497002020387811],[-0.36988028919183485,39.496456328414773],[-0.36882660932122996,39.496049600117132],[-0.36923859037811213,39.495608491040272],[-0.36812210834990272,39.494844488674175],[-0.36768857684685441,39.495240061807174],[-0.36878537222787389,39.496026621858256],[-0.36824152633340129,39.4965903785994],[-0.36951159465858618,39.497002020387811]]]},"properties":{"codsecc":"8","coddistsecc":"1508","objectid":565,"st_area(shape)":15784.040520500001,"coddistrit":"15"}},{"type":"Feature","id":566,"geometry":{"type":"Polygon","coordinates":[[[-0.37129962136580014,39.490209386233325],[-0.37133597725752737,39.489990340772053],[-0.37186061107833712,39.488897796447539],[-0.37216656844093476,39.488260589245215],[-0.37099193330287694,39.487923215994599],[-0.36911641197026074,39.487385284211634],[-0.36841846379052889,39.487973057731274],[-0.37013258870856824,39.489322641398246],[-0.37129962136580014,39.490209386233325]]]},"properties":{"codsecc":"39","coddistsecc":"0539","objectid":566,"st_area(shape)":47272.269794,"coddistrit":"5"}},{"type":"Feature","id":567,"geometry":{"type":"Polygon","coordinates":[[[-0.37186061107833712,39.488897796447539],[-0.37133597725752737,39.489990340772053],[-0.37129962136580014,39.490209386233325],[-0.37272664832972463,39.491255138576172],[-0.37374133865729481,39.491962743624761],[-0.37392551987386613,39.491741687226394],[-0.3749479997115408,39.489134248567993],[-0.37186061107833712,39.488897796447539]]]},"properties":{"codsecc":"42","coddistsecc":"0542","objectid":567,"st_area(shape)":64904.129147500003,"coddistrit":"5"}},{"type":"Feature","id":384,"geometry":{"type":"Polygon","coordinates":[[[-0.4082556836435679,39.492159550514167],[-0.40679005091964676,39.490073912962202],[-0.40101802028081246,39.4925500478451],[-0.40250117521570145,39.494586725756236],[-0.40685361429194883,39.492750967068154],[-0.4082556836435679,39.492159550514167]]]},"properties":{"codsecc":"26","coddistsecc":"0426","objectid":384,"st_area(shape)":148038.554947,"coddistrit":"4"}},{"type":"Feature","id":382,"geometry":{"type":"Polygon","coordinates":[[[-0.36996161293156904,39.450693806533614],[-0.369041607105214,39.449339689225852],[-0.36751126117295319,39.449998706998535],[-0.36676385881759915,39.450328606285943],[-0.36696069233063672,39.450616843077313],[-0.3663860820315063,39.45085156633494],[-0.36653646771495835,39.45106216745981],[-0.36496602741141881,39.451742764367921],[-0.3644864969974867,39.451074257855183],[-0.36323119364098927,39.452487176160311],[-0.3623701700051003,39.453458597846669],[-0.36259519559096692,39.453846578404004],[-0.36277984161975646,39.453765184775499],[-0.36537779750162663,39.45264847524264],[-0.36844139206992921,39.451353065343639],[-0.36855718942605198,39.451306138702407],[-0.36996161293156904,39.450693806533614]]]},"properties":{"codsecc":"34","coddistsecc":"1034","objectid":382,"st_area(shape)":96126.486283000006,"coddistrit":"10"}},{"type":"Feature","id":2233,"geometry":{"type":"Polygon","coordinates":[[[-0.376389584132582,39.528308078238751],[-0.37667173345658916,39.527374812997849],[-0.37675265405431529,39.526809090493821],[-0.37781994283933623,39.526828682361987],[-0.37870838275055563,39.526848733228078],[-0.37875728478748605,39.52607058141011],[-0.3790773513093405,39.525969698242903],[-0.37904675873446037,39.525739285343349],[-0.3787537629108188,39.525642587161677],[-0.37869303328227027,39.525150240897212],[-0.37870454728274938,39.52484420377764],[-0.3787588981100995,39.524462558983757],[-0.3785705264903324,39.523170050375612],[-0.37845330273591621,39.523135874538674],[-0.37839295032395781,39.522112021083572],[-0.37835884034876549,39.521453613548239],[-0.37826346300532027,39.520838866990339],[-0.37892535447784098,39.520579035959074],[-0.37936666534565072,39.520404312807052],[-0.3797750113969845,39.520062182742137],[-0.38002537316719659,39.519784053928397],[-0.38053007372398917,39.519489137794125],[-0.38149306768726632,39.519650491913424],[-0.38209875064051096,39.51877678087299],[-0.38245782435403131,39.518158763940228],[-0.38285801764299543,39.517510141491194],[-0.38317109590665482,39.517071260912566],[-0.38367358542487667,39.517357345195272],[-0.38469846469238783,39.517961485944596],[-0.38597979334451887,39.518589414905854],[-0.38672113054124191,39.519020504870454],[-0.38673889528711658,39.518178577146791],[-0.38675055840892725,39.517111293222996],[-0.38689927498062693,39.516285832929562],[-0.38697707140199977,39.515296619597954],[-0.38700596876790971,39.51479728354176],[-0.3868755703894613,39.513952031789771],[-0.38680874906176638,39.513058652694355],[-0.38655558815585711,39.512656572699846],[-0.38627776956265969,39.51258275713861],[-0.38576644187626086,39.513269431190345],[-0.38429201694876336,39.512965972754557],[-0.38408256202091079,39.512988283040741],[-0.38406921846119402,39.513150140185793],[-0.38303434311294143,39.512834049262757],[-0.38309890020956983,39.51274091149984],[-0.38175085603892117,39.512305136313849],[-0.3817559275321401,39.512170119310426],[-0.38056624464142302,39.511737899290125],[-0.38067993609456324,39.511555783157704],[-0.38069407216260515,39.511218273636281],[-0.38127819891604353,39.510123364714673],[-0.38141524411159133,39.510112940518447],[-0.38150395528599051,39.509957286721161],[-0.38015567773365366,39.509607080421354],[-0.3803184351767851,39.509241391507047],[-0.38064058506977549,39.509334238159397],[-0.38103157886928513,39.508000747941182],[-0.38106597716898027,39.507704234341865],[-0.38080175092255697,39.507675747055622],[-0.38105171326473325,39.507077795113872],[-0.38069007396661231,39.507011085683224],[-0.38084754843311275,39.506185829989604],[-0.38112752938709993,39.505678642015809],[-0.38116088023490396,39.505332556483317],[-0.38134262166148808,39.504422263570582],[-0.38171120701565686,39.504052202389076],[-0.3819037421779673,39.503763756289068],[-0.38171695816892492,39.503705494605953],[-0.38146422781167527,39.50337097908897],[-0.38110075469313903,39.503160080555567],[-0.38087107630511469,39.503411652977171],[-0.37972562062675941,39.502831786897929],[-0.37894032611988837,39.503633871133459],[-0.37855097336971805,39.503917871620018],[-0.37837210213218941,39.504229142208388],[-0.37713268551783374,39.504543492756028],[-0.37644737785252819,39.504811795676311],[-0.3758217219691124,39.504518394687842],[-0.37566762231931089,39.504595992827831],[-0.37541219709965296,39.504527161810877],[-0.37417582343103506,39.50510730745674],[-0.37293804990877899,39.505435172036336],[-0.37325424116862221,39.5060323941888],[-0.37297984066875373,39.506409061836102],[-0.37276111733039125,39.506485194783671],[-0.37278757032086302,39.506882177853534],[-0.37307790597216511,39.507240092962157],[-0.37262452104129612,39.508585657111908],[-0.3722706969412925,39.509461547931323],[-0.37225712786332626,39.50949262749139],[-0.37224849419156952,39.509512485679039],[-0.3722348921810073,39.509544438339319],[-0.37218397992435703,39.509607275897359],[-0.37209230392692899,39.509708073127854],[-0.37204169469582676,39.509761323162607],[-0.37198771473403436,39.509796317285037],[-0.37190143617651028,39.509835373413274],[-0.37181228818565637,39.509857067779485],[-0.37162040791638873,39.509895527498472],[-0.37127299192848001,39.509969637804176],[-0.37098663831361445,39.510035282292932],[-0.37081083752562283,39.510073230672326],[-0.37067085315629483,39.510096485327921],[-0.3705464271116925,39.510109326495886],[-0.3701608251964027,39.510129237450442],[-0.37002630111523188,39.510141849479417],[-0.36995244764182794,39.51015486187071],[-0.36988571420239336,39.5101807557404],[-0.36982343361561293,39.51022240756734],[-0.36973059792409035,39.510287249772432],[-0.36965917710482754,39.510338424013831],[-0.36956835613307026,39.510391474216199],[-0.36937136330542331,39.510480281379195],[-0.36924590522183576,39.510541708922744],[-0.36916901823401804,39.510578074835777],[-0.36913055585773602,39.510606464244979],[-0.36905579892651008,39.510668048728682],[-0.36900297449544267,39.510730607311608],[-0.36894425268005077,39.510830778922262],[-0.36890999195289398,39.510887118422502],[-0.36883921609174636,39.510908848178481],[-0.36869555295211276,39.510948467060153],[-0.36860547397872173,39.510979047486785],[-0.36850160694327944,39.511013180286056],[-0.3683981302849495,39.511063771785686],[-0.36822273800437122,39.511148399706627],[-0.36806589125828409,39.511218664157447],[-0.36811004739889402,39.511283455326137],[-0.36804762867905921,39.51130868912626],[-0.36799577139982781,39.51132434263873],[-0.3678995380386304,39.511354954246258],[-0.36779915266629959,39.511380327715287],[-0.36773305537354278,39.511402874475593],[-0.36766540091332567,39.511425385915899],[-0.36761815768052586,39.511442350971315],[-0.36754521341891255,39.511515930112374],[-0.36748871097463764,39.51157235076834],[-0.36741924166711187,39.511642909561161],[-0.36734414352958966,39.511821544659384],[-0.36719841325963282,39.512026055708489],[-0.36704042324657116,39.512194244775664],[-0.3668771814463852,39.512376746575228],[-0.3668079667748898,39.512463616555372],[-0.36676453697242495,39.512518153017027],[-0.36675845625486242,39.512543960341937],[-0.3667509742193244,39.51254313311901],[-0.36664586574355101,39.512721790184855],[-0.36782464891657174,39.513342782346918],[-0.36884849911036743,39.51392582252533],[-0.36889697951182182,39.513952532320545],[-0.36909446263526291,39.514262679968155],[-0.36933051939342643,39.51462972605556],[-0.36955266510136608,39.514999006169795],[-0.36971786930512751,39.515273017591632],[-0.37014514733167447,39.515852718195987],[-0.37029246915530406,39.516055776624704],[-0.37052130906854042,39.516405405249337],[-0.37087069044292209,39.516984592320085],[-0.37119669526109839,39.517405677656114],[-0.37136599969930217,39.517777902660072],[-0.37155072335590739,39.518207024089989],[-0.37172308286692707,39.518600731449403],[-0.37193212749580712,39.519325762756353],[-0.37203358100529077,39.519724198717221],[-0.37221174981198385,39.520395541672904],[-0.37222868616839533,39.520436554141],[-0.37224801270811708,39.520550213016179],[-0.37229445445114362,39.520688205198496],[-0.37229804476482803,39.520881406543388],[-0.37233981468156852,39.5211420639937],[-0.37242080693260449,39.521572405119819],[-0.37255321584169804,39.522027061515267],[-0.3726102562576889,39.522642890985423],[-0.37271344923458388,39.523007429729503],[-0.37287130709919214,39.523332070763956],[-0.37300823107332481,39.523647995213942],[-0.37319577874792226,39.524030918003312],[-0.37336426430646691,39.524355789673706],[-0.37354903680601742,39.524812736913326],[-0.37366192977211432,39.525202205034589],[-0.3737042857629172,39.525635122005937],[-0.37381715237005381,39.526174089153066],[-0.37388431445292503,39.526528830551499],[-0.37396575621643519,39.526760285996183],[-0.37402157946818626,39.527040593142907],[-0.37367364881118204,39.526957018255018],[-0.37330838011622736,39.526867428852512],[-0.37329853875161989,39.526881620283056],[-0.37316363243635742,39.526846750968552],[-0.37281890211437102,39.526770290724166],[-0.37259108450968742,39.526717842485439],[-0.37235157899042604,39.526661003432565],[-0.37215681523763128,39.526615536041959],[-0.37204207782850168,39.526587544895534],[-0.37203879793357592,39.526593389427376],[-0.37187973105153388,39.526538486196223],[-0.37170621879395416,39.526482904581762],[-0.37137195427151992,39.526374569774426],[-0.37114538207035286,39.526298120639545],[-0.37089665118554827,39.526210232985129],[-0.370870335732643,39.526245122761281],[-0.37083577196490708,39.526333049372852],[-0.37078678368164342,39.526460116707192],[-0.37078091886501718,39.52654524249855],[-0.37080543632997232,39.526628281245422],[-0.37082627831521225,39.526738434127083],[-0.37093794021636595,39.526772392711862],[-0.37125816877110424,39.526865213446527],[-0.37155620232119285,39.526951567339104],[-0.37186670957035484,39.527045256504444],[-0.37199208625390462,39.527090046549731],[-0.37206787795029839,39.527132210299314],[-0.37216393439313461,39.527181156538497],[-0.37226273997958975,39.527212426713213],[-0.37248649394154804,39.527254522760529],[-0.37279450669397496,39.527343171220174],[-0.37360743054714346,39.527554826483403],[-0.37437637823650066,39.527817939939666],[-0.37451085576283516,39.527934939718158],[-0.37461874699318493,39.528039419948641],[-0.37471678300052308,39.528124822100025],[-0.37486061021864253,39.528153648186759],[-0.37508183320374833,39.528206231290213],[-0.37530948844989021,39.528227969295095],[-0.37553593511421246,39.528232076501418],[-0.37585257665076854,39.528256787751737],[-0.37603252837960721,39.528269167707954],[-0.37621793574710738,39.52828217509802],[-0.37630111143784789,39.528289927403463],[-0.376389584132582,39.528308078238751]]]},"properties":{"codsecc":"3","coddistsecc":"1703","objectid":2233,"st_area(shape)":2255540.216087,"coddistrit":"17"}},{"type":"Feature","id":2041,"geometry":{"type":"Polygon","coordinates":[[[-0.39159899184332514,39.433047008827586],[-0.39211745954850191,39.431839381982456],[-0.39402200432024631,39.427227733082631],[-0.3940233236897378,39.427220384391546],[-0.39402553927514328,39.42719647045309],[-0.39398104949987289,39.427191779443568],[-0.39383819854330432,39.427209378390081],[-0.3937283644037039,39.427212240167037],[-0.39342552420291954,39.427162792970485],[-0.39325813794381093,39.427108463738186],[-0.39321036689571592,39.427089590957323],[-0.39315110269461079,39.427074271173787],[-0.39295078969184055,39.427045355865431],[-0.39281002513995605,39.427019154152276],[-0.39261700527905657,39.426984690217147],[-0.39245980080793269,39.426954524794638],[-0.39233914080773197,39.426941187708792],[-0.39220941299805939,39.426925863319838],[-0.39215236619702465,39.426926160105282],[-0.39204357520655653,39.426907917887803],[-0.39191693547111972,39.426868356516039],[-0.39146746175552,39.426813434143412],[-0.39132194468494708,39.426784187097688],[-0.3911577639246907,39.426761385773716],[-0.39099850794194457,39.426738289350141],[-0.39096510109477112,39.426880204050818],[-0.39092299921874196,39.427049670904289],[-0.39087820781627042,39.427223032264351],[-0.39079368462417086,39.427567382031498],[-0.39068274095148137,39.428031668323783],[-0.3905557238560155,39.428529421952234],[-0.39042351478637916,39.429029905635332],[-0.39031510722040519,39.429437312326385],[-0.3902143118399905,39.429923636280918],[-0.39009710956223831,39.430317917517073],[-0.3900109367707682,39.43063714876903],[-0.39000317041161114,39.430845169258468],[-0.38989959253059975,39.431160712350277],[-0.38980678287547427,39.431560874141233],[-0.38969286940979558,39.432034930085955],[-0.38960220268714646,39.432406878960755],[-0.38956175837417956,39.43259615679591],[-0.39159899184332514,39.433047008827586]]]},"properties":{"codsecc":"14","coddistsecc":"1914","objectid":2041,"st_area(shape)":150909.34221800001,"coddistrit":"19"}},{"type":"Feature","id":389,"geometry":{"type":"Polygon","coordinates":[[[-0.3676483178399762,39.464762641365617],[-0.36668716395206996,39.46339856563057],[-0.36650313388582573,39.463655650540453],[-0.36566690346121433,39.464006049561824],[-0.36458149623594854,39.464472410741728],[-0.36543085695383137,39.465698846335151],[-0.36653370906490107,39.465232872740842],[-0.3676483178399762,39.464762641365617]]]},"properties":{"codsecc":"51","coddistsecc":"0251","objectid":389,"st_area(shape)":33859.071969999997,"coddistrit":"2"}},{"type":"Feature","id":381,"geometry":{"type":"Polygon","coordinates":[[[-0.39220181526902143,39.477491626355111],[-0.391193133826293,39.47604109871169],[-0.39065127269316341,39.475299219255852],[-0.38864963267935382,39.475709192714319],[-0.389437480552979,39.476807951072225],[-0.3899642688419297,39.477544993087712],[-0.39046625750495106,39.478245431617246],[-0.39065775285998244,39.478195678866413],[-0.39129114835590939,39.477908113649555],[-0.39220181526902143,39.477491626355111]]]},"properties":{"codsecc":"23","coddistsecc":"0323","objectid":381,"st_area(shape)":52046.014032999999,"coddistrit":"3"}},{"type":"Feature","id":160,"geometry":{"type":"Polygon","coordinates":[[[-0.32864084399931165,39.477691966858828],[-0.32864689436213951,39.476566024725493],[-0.32871712094545219,39.476477551891847],[-0.32870941444305946,39.475103553396863],[-0.32769855017570315,39.474751501970431],[-0.32645689071318701,39.474583315270365],[-0.32675286847057144,39.477666575509268],[-0.32864084399931165,39.477691966858828]]]},"properties":{"codsecc":"34","coddistsecc":"1134","objectid":160,"st_area(shape)":57262.257822,"coddistrit":"11"}},{"type":"Feature","id":156,"geometry":{"type":"Polygon","coordinates":[[[-0.38683915954493819,39.478560302526176],[-0.38737365742726321,39.479207441332917],[-0.38855582577186071,39.478720512158269],[-0.39046625750495106,39.478245431617246],[-0.3899642688419297,39.477544993087712],[-0.389437480552979,39.476807951072225],[-0.38864963267935382,39.475709192714319],[-0.3882070643357225,39.47509116123679],[-0.38531298333422054,39.475566590433232],[-0.38545358812589503,39.478425526061542],[-0.38683915954493819,39.478560302526176]]]},"properties":{"codsecc":"7","coddistsecc":"0307","objectid":156,"st_area(shape)":132038.62141250001,"coddistrit":"3"}},{"type":"Feature","id":475,"geometry":{"type":"Polygon","coordinates":[[[-0.39134421773431638,39.446455171259437],[-0.39244711867549625,39.44671414937973],[-0.39297836917636314,39.445361243639354],[-0.39186314647059661,39.445101985232228],[-0.39134421773431638,39.446455171259437]]]},"properties":{"codsecc":"36","coddistsecc":"0936","objectid":475,"st_area(shape)":15648.480250000001,"coddistrit":"9"}},{"type":"Feature","id":474,"geometry":{"type":"Polygon","coordinates":[[[-0.38631355474631968,39.446400694519482],[-0.38975382192739882,39.447212235163633],[-0.39015999859145645,39.446176339154214],[-0.39042501069868452,39.445497617063516],[-0.38942706541330652,39.445268003870339],[-0.38966337816996227,39.444638196551573],[-0.38809353799801921,39.444283107436682],[-0.38801942841328108,39.444497654347842],[-0.38715132830283583,39.444311479410295],[-0.38631355474631968,39.446400694519482]]]},"properties":{"codsecc":"31","coddistsecc":"0931","objectid":474,"st_area(shape)":74979.733565000002,"coddistrit":"9"}},{"type":"Feature","id":472,"geometry":{"type":"Polygon","coordinates":[[[-0.38359776432933423,39.447285502186368],[-0.38581613704466139,39.447835417583406],[-0.38631355474631968,39.446400694519482],[-0.38715132830283583,39.444311479410295],[-0.38764553488531389,39.443038836431285],[-0.3880171790534348,39.442092286793375],[-0.3898332503218489,39.437511676313271],[-0.3871549923651072,39.437190247164693],[-0.38492533303388043,39.443540702249869],[-0.38359776432933423,39.447285502186368]]]},"properties":{"codsecc":"38","coddistsecc":"0938","objectid":472,"st_area(shape)":251504.91765449999,"coddistrit":"9"}},{"type":"Feature","id":471,"geometry":{"type":"Polygon","coordinates":[[[-0.38961274862909967,39.447722570999261],[-0.38975382192739882,39.447212235163633],[-0.38631355474631968,39.446400694519482],[-0.38581613704466139,39.447835417583406],[-0.38961274862909967,39.447722570999261]]]},"properties":{"codsecc":"40","coddistsecc":"0940","objectid":471,"st_area(shape)":34711.929751000003,"coddistrit":"9"}},{"type":"Feature","id":459,"geometry":{"type":"Polygon","coordinates":[[[-0.3822938861833941,39.451188471559114],[-0.3828101040008694,39.449506445763724],[-0.3793928508662765,39.449087102035058],[-0.37894846486691713,39.450865324445033],[-0.3822938861833941,39.451188471559114]]]},"properties":{"codsecc":"25","coddistsecc":"1025","objectid":459,"st_area(shape)":57636.032812999998,"coddistrit":"10"}},{"type":"Feature","id":458,"geometry":{"type":"Polygon","coordinates":[[[-0.40466150028544251,39.45114965008964],[-0.40378557551709093,39.44995893583976],[-0.40281293727679279,39.450842587069765],[-0.40335592702845052,39.451728578492492],[-0.40466150028544251,39.45114965008964]]]},"properties":{"codsecc":"39","coddistsecc":"0839","objectid":458,"st_area(shape)":16268.0383755,"coddistrit":"8"}},{"type":"Feature","id":1689,"geometry":{"type":"Polygon","coordinates":[[[-0.357869651843849,39.49432801176463],[-0.35787993179941696,39.494339947881159],[-0.35790914058784201,39.494423726721664],[-0.35793392865278972,39.494507260892043],[-0.35787236956426771,39.49458684967211],[-0.35776566014173145,39.494644358257808],[-0.35763676310846532,39.494735379170393],[-0.35753010921982975,39.494846346664907],[-0.35736950500366899,39.495031535227724],[-0.35716393522454082,39.495269834306015],[-0.357042281759753,39.495440593485164],[-0.35676017947463246,39.495805525436829],[-0.3563389551547958,39.49627917981357],[-0.35611015702961574,39.496551839225639],[-0.3559489862449875,39.496742868481526],[-0.35573653418952533,39.496975954350127],[-0.35565457936036937,39.497034267522174],[-0.35563597096582505,39.497047861604372],[-0.35567172773375699,39.497058873282157],[-0.35577057820784558,39.497098076798984],[-0.35586791247731858,39.497133417015306],[-0.35605269253276661,39.497205151428048],[-0.35616125038290647,39.497248404225374],[-0.35644280995061201,39.497354501358231],[-0.35670886484035935,39.497464425138652],[-0.35681080508866303,39.497546084177003],[-0.357025088951967,39.497711665604683],[-0.35707059628267107,39.497760879488609],[-0.35693665220864346,39.497856640416551],[-0.35678515702464736,39.497984415340568],[-0.35670385015188322,39.498073175492721],[-0.35664943893528606,39.498124503590084],[-0.35648201572523669,39.498294824333449],[-0.3562402409916916,39.498493380054114],[-0.35617535115108345,39.498515902788817],[-0.35607696270022732,39.498593886720933],[-0.35600036146101982,39.498652952542542],[-0.35595674298561447,39.498700526024763],[-0.35588183447747124,39.498769224587235],[-0.3557456374747115,39.498874932511377],[-0.35553070886615101,39.499041269845677],[-0.35532978973782076,39.499199061060807],[-0.35498393753567137,39.499499962489324],[-0.35479261930073464,39.499677412143882],[-0.35483630054124377,39.499972487633912],[-0.35504167451702545,39.50012317661389],[-0.35531270710275331,39.500272846370436],[-0.35544721518248279,39.500370905097313],[-0.35581103469709452,39.500575729031993],[-0.35603369706979732,39.500684585811925],[-0.3563945128179416,39.500901249132461],[-0.35665906309182627,39.501055506889912],[-0.35655142452621019,39.501244898901049],[-0.35650666881754756,39.50123071885703],[-0.35623829346956931,39.501604285355569],[-0.35618728537829497,39.501670356828441],[-0.35600476362870437,39.501906466213789],[-0.3559462566392203,39.501973096629506],[-0.35624795585109947,39.502109462579504],[-0.3566720041479034,39.502298231475919],[-0.35688155863086335,39.502380636112022],[-0.35703963090616891,39.502439473568238],[-0.357142863563989,39.502480478312975],[-0.35730803097590369,39.502545422562925],[-0.35739762714265932,39.502584180035399],[-0.35755529840141098,39.50263705290434],[-0.35770101924680187,39.502693815816542],[-0.35787028597855675,39.502752798634944],[-0.35795628779629951,39.502787609196652],[-0.35817112810310531,39.502860411307473],[-0.35839693946607676,39.502941993735213],[-0.3585742181043699,39.503011148381866],[-0.35883976520824379,39.503127758411075],[-0.35922220988263476,39.503238457583144],[-0.35929693976533189,39.503260191532299],[-0.35933854934469955,39.50327796556428],[-0.3594276977820931,39.503318774310621],[-0.3595545377478177,39.503377646267204],[-0.35958254546347618,39.503398696566883],[-0.35959610286770349,39.50344603926947],[-0.3597713429587191,39.503403563607911],[-0.36001876626838697,39.503347503114298],[-0.36025743697182394,39.503287027139031],[-0.36039863468853178,39.503285199223896],[-0.36048152345518075,39.503312288789779],[-0.36049557016770595,39.503292040966144],[-0.36051523985243278,39.503248281964019],[-0.36054844921835266,39.503197974903024],[-0.36060908864901903,39.503099193364562],[-0.36066637241042021,39.503006110160726],[-0.36073385678324676,39.502899141956213],[-0.36076697019667986,39.502846445332167],[-0.36083816543828751,39.50272775991278],[-0.36092877279480379,39.502607128066323],[-0.36095807114224737,39.5025713442107],[-0.36102596010700977,39.502488996878213],[-0.36106930462113052,39.502437883854945],[-0.36115734816257594,39.502364696653117],[-0.36123846524251557,39.50230429762523],[-0.36133523775370258,39.502221993498338],[-0.36141446775327746,39.502147227593248],[-0.3614827201005601,39.502097968314864],[-0.36158014222904078,39.502025525277929],[-0.36162188017759833,39.501995032590209],[-0.36166500081625352,39.502021119132451],[-0.36177459240484278,39.502097272132936],[-0.36188902409990747,39.502168138697456],[-0.36193704717898134,39.50220573250872],[-0.36203546339125048,39.502270839054084],[-0.36215121646039006,39.502347059529932],[-0.36229559049835847,39.502450271216375],[-0.36234309097896189,39.502484168424232],[-0.36244488155088633,39.502542171268978],[-0.362571431051671,39.502644725731386],[-0.36265185583745452,39.502712981803029],[-0.36268798437765642,39.502738251615547],[-0.36271884336768373,39.502748501350361],[-0.36274705439832505,39.502754664065627],[-0.36278320035731465,39.502762871693712],[-0.36290150088938739,39.502777619572235],[-0.36291119434785424,39.502791280626369],[-0.36290763502180151,39.502822667362928],[-0.36289966584275574,39.502867034695136],[-0.36289892811215191,39.502912061642839],[-0.36293050965651347,39.502950561108705],[-0.36297924194723769,39.502993107382032],[-0.36304828536749406,39.503039772170354],[-0.36311628988910077,39.5030717831484],[-0.36314811334691521,39.503104198139354],[-0.36322917478826133,39.503135658561376],[-0.36336394930184668,39.503191129986362],[-0.36344731790606499,39.5032332368921],[-0.3635037048538165,39.503260344509854],[-0.36359793826286391,39.503306364412516],[-0.36373358300534198,39.503352368957941],[-0.36390213104925756,39.503430542372932],[-0.36404265191845214,39.503500764581126],[-0.36422301842400318,39.503578250742599],[-0.36442806292032526,39.503661251241908],[-0.36451762645235752,39.503705939285069],[-0.36462407647827305,39.503761982938023],[-0.36473362024438843,39.503801097174119],[-0.36485082783646577,39.503822052343757],[-0.36495558883504881,39.503852950029113],[-0.36504959410374926,39.503905053501605],[-0.36516639230371456,39.503978393903935],[-0.36527048417148827,39.504041473371657],[-0.36531242262027597,39.504055829416259],[-0.365334843114761,39.50404537420291],[-0.36534953590412433,39.504031077190611],[-0.36537339478212388,39.50398286292058],[-0.36539261649096089,39.503932111132045],[-0.36542523406953559,39.503818286611548],[-0.36544436386153262,39.503769965088182],[-0.36545679348199495,39.503732464277725],[-0.36548646962751141,39.503703561499854],[-0.36553422952751424,39.503688798083708],[-0.36564865675887448,39.503699932936691],[-0.36585103005591074,39.503715484987822],[-0.36600673056379118,39.503736113539567],[-0.36610213066332747,39.503755311828293],[-0.36623867329315801,39.503805937290288],[-0.36637772906334176,39.503860844660323],[-0.36649628413893565,39.503921881585349],[-0.36660869633312032,39.503996544516845],[-0.36668702499158007,39.504050858846142],[-0.36681333267465283,39.504098467963409],[-0.36691284079381958,39.504124073824244],[-0.36709834256037105,39.504200275584452],[-0.36719544269913801,39.5042490061319],[-0.36766605995681545,39.50338345220235],[-0.36829320380847308,39.501749058779929],[-0.36860056743917285,39.501828090386169],[-0.36927615046759182,39.500199292328048],[-0.36812996328161263,39.499912071857459],[-0.3690969615647417,39.49760972316399],[-0.36779844983616999,39.49708483201703],[-0.36824152633340129,39.4965903785994],[-0.3663390572082621,39.495182454302899],[-0.36209784095300773,39.492106842255538],[-0.36193650902235225,39.491667381156702],[-0.3600820515384881,39.492838227433452],[-0.35788389022057976,39.494318326825201],[-0.357869651843849,39.49432801176463]]]},"properties":{"codsecc":"38","coddistsecc":"1538","objectid":1689,"st_area(shape)":1080692.266518,"coddistrit":"15"}},{"type":"Feature","id":571,"geometry":{"type":"Polygon","coordinates":[[[-0.34764727524110106,39.460889044000261],[-0.34788387566923978,39.460588145427657],[-0.34824969645972098,39.459695625019435],[-0.34836920823866008,39.459054224721598],[-0.34835621851266857,39.458153051118344],[-0.3476296136444198,39.456650041158717],[-0.34740467331259822,39.45633860905069],[-0.34555429407231691,39.457492699121921],[-0.34650715089438505,39.457721290852071],[-0.34551311169664234,39.460358375476069],[-0.34764727524110106,39.460889044000261]]]},"properties":{"codsecc":"45","coddistsecc":"1245","objectid":571,"st_area(shape)":81824.894230499995,"coddistrit":"12"}},{"type":"Feature","id":573,"geometry":{"type":"Polygon","coordinates":[[[-0.35438446986486494,39.469028822310584],[-0.35466916689803546,39.468436229172553],[-0.35548074836964322,39.466783582423723],[-0.35423790605271022,39.466417464861827],[-0.35310565493219304,39.466085383708631],[-0.35233335626450557,39.467792952058112],[-0.35209935167734852,39.46835066832719],[-0.35438446986486494,39.469028822310584]]]},"properties":{"codsecc":"21","coddistsecc":"1221","objectid":573,"st_area(shape)":57253.422313499999,"coddistrit":"12"}},{"type":"Feature","id":575,"geometry":{"type":"Polygon","coordinates":[[[-0.36398979134698051,39.486832153616596],[-0.36306185942939984,39.486198503591623],[-0.36173329719700381,39.486109789298261],[-0.3613903774598452,39.486800172430712],[-0.36109637878111361,39.48738807377886],[-0.36235496538356254,39.487578807893975],[-0.36242708507255911,39.48745882676176],[-0.36288606869222867,39.487811577182917],[-0.3633706759851153,39.487390163106461],[-0.36398979134698051,39.486832153616596]]]},"properties":{"codsecc":"16","coddistsecc":"1416","objectid":575,"st_area(shape)":28955.813031999998,"coddistrit":"14"}},{"type":"Feature","id":576,"geometry":{"type":"Polygon","coordinates":[[[-0.36193650902235225,39.491667381156702],[-0.36209784095300773,39.492106842255538],[-0.3663390572082621,39.495182454302899],[-0.36663303487263793,39.49494137670434],[-0.36739665641398095,39.495503710593553],[-0.36768857684685441,39.495240061807174],[-0.36812210834990272,39.494844488674175],[-0.36781697787114065,39.494630384329696],[-0.36835754487796757,39.494151651754471],[-0.36725450467041187,39.493378936926213],[-0.36502743919891378,39.491683022704073],[-0.36423442940136203,39.492267740218146],[-0.36279986891073251,39.491180579731797],[-0.36193650902235225,39.491667381156702]]]},"properties":{"codsecc":"33","coddistsecc":"1533","objectid":576,"st_area(shape)":103780.95987950001,"coddistrit":"15"}},{"type":"Feature","id":579,"geometry":{"type":"Polygon","coordinates":[[[-0.35410527718527418,39.458761535530556],[-0.35266121035388559,39.457940373011382],[-0.35055109323580536,39.456604041685871],[-0.34942227663704101,39.459729166629941],[-0.35064650352585391,39.459991264238631],[-0.35005658659951072,39.461604663777592],[-0.35151946454106497,39.462039144518457],[-0.35252062276954499,39.462337939697292],[-0.35410527718527418,39.458761535530556]]]},"properties":{"codsecc":"41","coddistsecc":"1241","objectid":579,"st_area(shape)":146190.952781,"coddistrit":"12"}},{"type":"Feature","id":1688,"geometry":{"type":"Polygon","coordinates":[[[-0.36719544269913801,39.5042490061319],[-0.36728684799859984,39.504294877906005],[-0.36745124275833557,39.504331683055575],[-0.3675733391328726,39.504357800167604],[-0.36768097846406611,39.504434182709318],[-0.36769828161891954,39.50457466970132],[-0.36769573322225135,39.504681906093005],[-0.36775685174823308,39.504520610918938],[-0.36881259814922751,39.501832892298005],[-0.36990104442188182,39.500271275736125],[-0.37049822169090507,39.498202292839949],[-0.37122092836240866,39.498390830697048],[-0.37179899982480397,39.497031261844398],[-0.37136124823183908,39.49692226280299],[-0.37078309788054831,39.496778554532085],[-0.37060742999399404,39.497351139687709],[-0.36951159465858618,39.497002020387811],[-0.36824152633340129,39.4965903785994],[-0.36779844983616999,39.49708483201703],[-0.3690969615647417,39.49760972316399],[-0.36812996328161263,39.499912071857459],[-0.36927615046759182,39.500199292328048],[-0.36860056743917285,39.501828090386169],[-0.36829320380847308,39.501749058779929],[-0.36766605995681545,39.50338345220235],[-0.36719544269913801,39.5042490061319]]]},"properties":{"codsecc":"13","coddistsecc":"1513","objectid":1688,"st_area(shape)":89247.298974499994,"coddistrit":"15"}},{"type":"Feature","id":227,"geometry":{"type":"Polygon","coordinates":[[[-0.4015876458841427,39.472819154597659],[-0.40158858895826327,39.472891246316173],[-0.4030994428120796,39.472663771350099],[-0.4028532502871307,39.471509652527537],[-0.40157827671231666,39.47149015171599],[-0.4015876458841427,39.472819154597659]]]},"properties":{"codsecc":"15","coddistsecc":"0715","objectid":227,"st_area(shape)":17138.737219999999,"coddistrit":"7"}},{"type":"Feature","id":193,"geometry":{"type":"Polygon","coordinates":[[[-0.3964703860758832,39.475560382398903],[-0.39880652427758673,39.475121734995085],[-0.40129059837777503,39.474650304178809],[-0.40207637254095491,39.474483192309179],[-0.40158858895826327,39.472891246316173],[-0.4015876458841427,39.472819154597659],[-0.40138367135261044,39.472756036260364],[-0.40050688548251179,39.473358026983959],[-0.39932511634013457,39.473682930263607],[-0.39860647286121925,39.473783951118357],[-0.39762114154200545,39.473906031111603],[-0.39759484138855178,39.473909946557896],[-0.3962337088649287,39.47409565994144],[-0.39568302202830374,39.474173408227529],[-0.39533965419658029,39.474282827284789],[-0.39580265600424691,39.47491931679459],[-0.39626578758547282,39.475650390981698],[-0.3964703860758832,39.475560382398903]]]},"properties":{"codsecc":"3","coddistsecc":"0703","objectid":193,"st_area(shape)":85689.312534500001,"coddistrit":"7"}},{"type":"Feature","id":254,"geometry":{"type":"Polygon","coordinates":[[[-0.3971348134886829,39.471440244056048],[-0.39766307804835133,39.47001518499345],[-0.39764454127733517,39.470005761072699],[-0.39624330601564628,39.469204120069243],[-0.39622476965831671,39.469194695934192],[-0.3953696179413263,39.469684522539545],[-0.39452947546162059,39.470161165952902],[-0.39440585076324397,39.470572800047982],[-0.39629009605575011,39.47118258745131],[-0.3971348134886829,39.471440244056048]]]},"properties":{"codsecc":"18","coddistsecc":"0718","objectid":254,"st_area(shape)":40265.982001999997,"coddistrit":"7"}},{"type":"Feature","id":231,"geometry":{"type":"Polygon","coordinates":[[[-0.39025787526157074,39.472200380615583],[-0.39168911604388001,39.471615418317555],[-0.39083921316263776,39.470447724371986],[-0.38956499664535638,39.470991159702223],[-0.38869601456756381,39.471363511015142],[-0.38950319107369114,39.472507747448482],[-0.39025787526157074,39.472200380615583]]]},"properties":{"codsecc":"30","coddistsecc":"0330","objectid":231,"st_area(shape)":31092.092970500002,"coddistrit":"3"}},{"type":"Feature","id":350,"geometry":{"type":"Polygon","coordinates":[[[-0.37462955575725232,39.463262978129805],[-0.3759896155999865,39.462676600233507],[-0.37717643189159356,39.462176384508744],[-0.37640617149626365,39.461082445975094],[-0.37383153400373997,39.462154882621512],[-0.37422422212685963,39.462722301399161],[-0.37342042668534753,39.462636571824127],[-0.37384671419786619,39.463411953655246],[-0.37462955575725232,39.463262978129805]]]},"properties":{"codsecc":"15","coddistsecc":"0215","objectid":350,"st_area(shape)":40168.533625999997,"coddistrit":"2"}},{"type":"Feature","id":331,"geometry":{"type":"Polygon","coordinates":[[[-0.37451461348565179,39.464638719245769],[-0.37384671419786619,39.463411953655246],[-0.37256371287143103,39.463648705011671],[-0.37214363425923214,39.463422995829056],[-0.37180544170500535,39.464514412613056],[-0.37385396364887274,39.464957117869758],[-0.37451461348565179,39.464638719245769]]]},"properties":{"codsecc":"14","coddistsecc":"0214","objectid":331,"st_area(shape)":27009.572157499999,"coddistrit":"2"}},{"type":"Feature","id":314,"geometry":{"type":"Polygon","coordinates":[[[-0.34628436950319835,39.466285692945739],[-0.34680702181095086,39.465243601497669],[-0.34725725585970574,39.464348507965035],[-0.34622239770107904,39.464036609878121],[-0.34402579769008113,39.463369347106095],[-0.34335430001119421,39.46471432124217],[-0.34459556314507722,39.465080500445254],[-0.34429541372474737,39.465695246130565],[-0.34628436950319835,39.466285692945739]]]},"properties":{"codsecc":"12","coddistsecc":"1212","objectid":314,"st_area(shape)":60815.412197999998,"coddistrit":"12"}},{"type":"Feature","id":262,"geometry":{"type":"Polygon","coordinates":[[[-0.36711394553075033,39.47026388725947],[-0.36577629936785172,39.468364250978929],[-0.36313133483645105,39.469421346075407],[-0.36377884112078568,39.470242313253294],[-0.36711394553075033,39.47026388725947]]]},"properties":{"codsecc":"41","coddistsecc":"0241","objectid":262,"st_area(shape)":43788.623000500003,"coddistrit":"2"}},{"type":"Feature","id":296,"geometry":{"type":"Polygon","coordinates":[[[-0.35032343960366386,39.467828230243008],[-0.35122030297666224,39.465537927129226],[-0.35013605468107839,39.465224937892849],[-0.34921709130460343,39.467618329047312],[-0.35032343960366386,39.467828230243008]]]},"properties":{"codsecc":"2","coddistsecc":"1202","objectid":296,"st_area(shape)":26787.329281999999,"coddistrit":"12"}},{"type":"Feature","id":29,"geometry":{"type":"Polygon","coordinates":[[[-0.39664116770341118,39.495514093360597],[-0.39387548802325295,39.492844057575461],[-0.3927079212640216,39.493556576286885],[-0.39468579016241634,39.494632447942912],[-0.39603196909270777,39.495869793850062],[-0.39664116770341118,39.495514093360597]]]},"properties":{"codsecc":"13","coddistsecc":"1613","objectid":29,"st_area(shape)":31914.866721499999,"coddistrit":"16"}},{"type":"Feature","id":48,"geometry":{"type":"Polygon","coordinates":[[[-0.39013541480704966,39.492953782256187],[-0.39058092484306672,39.493107928723802],[-0.39079167508060725,39.492738805687537],[-0.39184980531287245,39.493086878213219],[-0.39177626763350704,39.492332993483657],[-0.39079701250159898,39.491955160807173],[-0.38956443660695594,39.491531089593153],[-0.3893478341345315,39.491823513248313],[-0.38873595304584135,39.491629588229237],[-0.38836729555231353,39.49231497037615],[-0.39013541480704966,39.492953782256187]]]},"properties":{"codsecc":"25","coddistsecc":"1625","objectid":48,"st_area(shape)":29736.486844999999,"coddistrit":"16"}},{"type":"Feature","id":60,"geometry":{"type":"Polygon","coordinates":[[[-0.38658594012726843,39.490459657053705],[-0.38827436690216699,39.490993103290876],[-0.38886680917826127,39.489862310795147],[-0.38708772716024642,39.489615107042532],[-0.38615873522110822,39.489332958266758],[-0.38658594012726843,39.490459657053705]]]},"properties":{"codsecc":"9","coddistsecc":"1609","objectid":60,"st_area(shape)":22827.5197505,"coddistrit":"16"}},{"type":"Feature","id":106,"geometry":{"type":"Polygon","coordinates":[[[-0.37853018152632095,39.48560263587472],[-0.37866661163597537,39.484853489384207],[-0.37581233547128307,39.484586358593752],[-0.37567736544782027,39.48541210901665],[-0.37676669673441598,39.485486263407708],[-0.37853018152632095,39.48560263587472]]]},"properties":{"codsecc":"14","coddistsecc":"0514","objectid":106,"st_area(shape)":21788.2289695,"coddistrit":"5"}},{"type":"Feature","id":127,"geometry":{"type":"Polygon","coordinates":[[[-0.37501934038411427,39.483550455397953],[-0.37599069356278492,39.483630951350726],[-0.3759924391296835,39.48300488952021],[-0.37595500128888409,39.482783328969319],[-0.37595410295735326,39.482517549630629],[-0.37663072437763712,39.481005847244376],[-0.37503600600613218,39.480037425215329],[-0.37501934038411427,39.483550455397953]]]},"properties":{"codsecc":"10","coddistsecc":"0510","objectid":127,"st_area(shape)":35484.399969999999,"coddistrit":"5"}},{"type":"Feature","id":157,"geometry":{"type":"Polygon","coordinates":[[[-0.34846622675648947,39.478263006808007],[-0.35029113533241663,39.478228041025936],[-0.35058965978967055,39.474766495605856],[-0.3494369931084445,39.474433921281282],[-0.34864176115264872,39.476109425425641],[-0.34855730286866382,39.47731916629845],[-0.34846622675648947,39.478263006808007]]]},"properties":{"codsecc":"23","coddistsecc":"1323","objectid":157,"st_area(shape)":59404.596786000002,"coddistrit":"13"}},{"type":"Feature","id":211,"geometry":{"type":"Polygon","coordinates":[[[-0.37423318206113138,39.473510475070221],[-0.37439287243360131,39.472703301036859],[-0.37524526812143472,39.473006333759116],[-0.37550960502945091,39.47258438624911],[-0.37555393968234457,39.472139461232175],[-0.37539878186741343,39.471667499802187],[-0.37496068057018539,39.471842284718818],[-0.37466655652777003,39.471916719569393],[-0.3746303636408721,39.471816805195878],[-0.37430392022932429,39.471881491170507],[-0.37369342010460732,39.471849678050518],[-0.37254144078109663,39.471535356623086],[-0.37180113764077671,39.47147807674277],[-0.37158848080234708,39.472302066645696],[-0.37085605376383768,39.472208923652708],[-0.37068308953075435,39.472808590030873],[-0.37133632259848592,39.472940491367154],[-0.37423318206113138,39.473510475070221]]]},"properties":{"codsecc":"7","coddistsecc":"0107","objectid":211,"st_area(shape)":57486.033719999999,"coddistrit":"1"}},{"type":"Feature","id":2232,"geometry":{"type":"Polygon","coordinates":[[[-0.37049822169090507,39.498202292839949],[-0.36990104442188182,39.500271275736125],[-0.36881259814922751,39.501832892298005],[-0.36775685174823308,39.504520610918938],[-0.36769572194284833,39.504681896828693],[-0.36769403876462797,39.504753586304801],[-0.36777579780678699,39.504819040367764],[-0.3677884695885264,39.504961152093379],[-0.36779809555663068,39.505000044707799],[-0.36785865299180293,39.505021190844687],[-0.36796589633225574,39.505046178289156],[-0.36817740903071428,39.505139516665558],[-0.36816465275282018,39.505159515394972],[-0.36836904747100835,39.50534008600409],[-0.36848286058969265,39.505440291643012],[-0.36865446627840537,39.505554814712895],[-0.36873346825609438,39.505630817970093],[-0.36881308241476141,39.505736518847428],[-0.36893010505863649,39.505886993458759],[-0.36901623359405622,39.50600498550908],[-0.369074700962497,39.506071073354775],[-0.36913695929297724,39.506129157163564],[-0.36924892877780557,39.506218185511365],[-0.36938662743275852,39.506328975872769],[-0.36948656229890298,39.506404101277589],[-0.36963585336291982,39.506510036847871],[-0.36965869376655408,39.50655103023508],[-0.36968144606364106,39.506640596767099],[-0.36970613251902623,39.506790484582872],[-0.36976593696116328,39.506867403840623],[-0.36985205456130599,39.506939513506332],[-0.36990637419889855,39.506977174546947],[-0.36993851657952448,39.50700218974319],[-0.36996573619388501,39.507051651327174],[-0.36991135402234288,39.507117066936459],[-0.36982803222017724,39.507175836561593],[-0.36974629679177279,39.507219372220163],[-0.36965875738665821,39.507257686479228],[-0.36955121259032903,39.50730284481606],[-0.36950998828779424,39.507333288906977],[-0.36949407812887253,39.507362900766687],[-0.36949223064428732,39.507393371546776],[-0.36950210343841888,39.507411576528632],[-0.36951339592491877,39.507432840590425],[-0.36954050836173163,39.50746048066997],[-0.36957014952440825,39.507481205228977],[-0.36961719803846654,39.507518017117448],[-0.36969722496038598,39.507576493908275],[-0.36978550313869613,39.507625572142118],[-0.3698669202756949,39.50767710752411],[-0.36992103936255005,39.507712701018249],[-0.36997563771428782,39.507758404136894],[-0.37005307911410118,39.507829326291741],[-0.37011363996129742,39.507896091625263],[-0.37017411441484077,39.507965458498795],[-0.37021773584868833,39.508009588751783],[-0.37026643971975048,39.508052789014357],[-0.37030174639866237,39.508082109844914],[-0.37037402735627989,39.50813693347682],[-0.37045676990622178,39.508183264371993],[-0.37056213025160023,39.508238287040342],[-0.37062279247633706,39.508272785091876],[-0.37066815789838775,39.508294739088853],[-0.37071991478827571,39.508331008465213],[-0.37079319376979275,39.508359693037676],[-0.37083108033110923,39.508394008884245],[-0.3708533303946922,39.508408133618438],[-0.37089936219003844,39.50847193920746],[-0.37096910392291871,39.508552794332822],[-0.37104267034042726,39.508649113886477],[-0.37107184011266886,39.508719988081076],[-0.37109226826200559,39.508767935407896],[-0.37112798203730163,39.508814543971681],[-0.3711746295982612,39.508839211391241],[-0.37126875414037747,39.508852674110436],[-0.37132622254522824,39.50885222669298],[-0.37140720586882531,39.508855806667391],[-0.37149189807866628,39.508880388797714],[-0.37155560260625375,39.508923675662459],[-0.37159034337409885,39.508958469629256],[-0.37161150498320561,39.508994686060113],[-0.37163065336872697,39.50902476703142],[-0.37165013493510757,39.509086728470024],[-0.37168849797779385,39.509145135191318],[-0.37172839678713215,39.509177307148214],[-0.37176384287401093,39.509209747720661],[-0.37184478434855728,39.50924283008095],[-0.37193034169345107,39.509274404234191],[-0.37199357630147944,39.509300248314823],[-0.3721146497630195,39.50938277737815],[-0.37223617428216138,39.509446560315531],[-0.3722706969412925,39.509461547931323],[-0.37262452104129612,39.508585657111908],[-0.37307790597216511,39.507240092962157],[-0.37278757032086302,39.506882177853534],[-0.37276111733039125,39.506485194783671],[-0.37297984066875373,39.506409061836102],[-0.37325424116862221,39.5060323941888],[-0.37293804990877899,39.505435172036336],[-0.37417582343103506,39.50510730745674],[-0.37541219709965296,39.504527161810877],[-0.37566762231931089,39.504595992827831],[-0.3758217219691124,39.504518394687842],[-0.37644737785252819,39.504811795676311],[-0.37713268551783374,39.504543492756028],[-0.37837210213218941,39.504229142208388],[-0.37855097336971805,39.503917871620018],[-0.37894032611988837,39.503633871133459],[-0.37972562062675941,39.502831786897929],[-0.38087107630511469,39.503411652977171],[-0.38110075469313903,39.503160080555567],[-0.38146422781167527,39.50337097908897],[-0.38171695816892492,39.503705494605953],[-0.3819037421779673,39.503763756289068],[-0.38171120701565686,39.504052202389076],[-0.38134262166148808,39.504422263570582],[-0.38116088023490396,39.505332556483317],[-0.38112752938709993,39.505678642015809],[-0.38084754843311275,39.506185829989604],[-0.38069007396661231,39.507011085683224],[-0.38105171326473325,39.507077795113872],[-0.38080175092255697,39.507675747055622],[-0.38106597716898027,39.507704234341865],[-0.38103157886928513,39.508000747941182],[-0.38064058506977549,39.509334238159397],[-0.3803184351767851,39.509241391507047],[-0.38015567773365366,39.509607080421354],[-0.38150395528599051,39.509957286721161],[-0.38141524411159133,39.510112940518447],[-0.38127819891604353,39.510123364714673],[-0.38069407216260515,39.511218273636281],[-0.38067993609456324,39.511555783157704],[-0.38056624464142302,39.511737899290125],[-0.3817559275321401,39.512170119310426],[-0.38175085603892117,39.512305136313849],[-0.38309890020956983,39.51274091149984],[-0.38303434311294143,39.512834049262757],[-0.38406921846119402,39.513150140185793],[-0.38408256202091079,39.512988283040741],[-0.38429201694876336,39.512965972754557],[-0.38576644187626086,39.513269431190345],[-0.38627776956265969,39.51258275713861],[-0.38655558815585711,39.512656572699846],[-0.38778262306296907,39.512481471277496],[-0.38787472599905787,39.512564620973158],[-0.38886497753068316,39.512442750020625],[-0.38890635656700456,39.512560793924877],[-0.39037209834622066,39.512688318879725],[-0.39054068136228098,39.512845254489243],[-0.39088408289188392,39.512992602877297],[-0.39244647347739131,39.513374526693056],[-0.39292699887894483,39.513412337084581],[-0.39362438042192938,39.51402707644057],[-0.39412175661391519,39.514294983544033],[-0.39456782204335644,39.514341023032664],[-0.39522776357236639,39.514324299467184],[-0.39520343418712445,39.514566990746339],[-0.39763772605146991,39.514454890652203],[-0.39782948622344638,39.514400619848722],[-0.39772945442145879,39.514042541772703],[-0.39860080624690186,39.514048542683774],[-0.39903152676824999,39.513941072255477],[-0.40036224937840797,39.514621506272213],[-0.40038340592608895,39.514553837295864],[-0.4003835481958421,39.514516967559736],[-0.40038003323450905,39.514435954065661],[-0.40035967517041621,39.514339392906678],[-0.40033956923172054,39.514174640949349],[-0.40030834852077596,39.514018820217686],[-0.4002828042987665,39.513944061346052],[-0.4002716542655908,39.513783987137984],[-0.4002530245974214,39.513682879164143],[-0.4002437066203271,39.513629915257667],[-0.40024978760847291,39.513479974118937],[-0.40026071694759452,39.513362194697272],[-0.40025624003216026,39.513245232659436],[-0.40022449099837593,39.513161902709733],[-0.40018588521136123,39.51308685152928],[-0.40012887558828936,39.512972002120058],[-0.40006827894752389,39.512844189858825],[-0.40001843407456406,39.512719987463129],[-0.39999457266798655,39.512658752322878],[-0.3999157076234216,39.51249438793252],[-0.39988153471754573,39.512417751216972],[-0.39981551308542518,39.51231847433408],[-0.39978656626273046,39.51221835155588],[-0.39979577237390651,39.512128073430901],[-0.39985180309637519,39.51197885380931],[-0.39993278501365526,39.511788986402223],[-0.39998568286402314,39.511671047141064],[-0.40002382410747062,39.511553975785702],[-0.40004079210853366,39.511507221575371],[-0.40011787680823308,39.511320158619398],[-0.40018399772581448,39.511156687494591],[-0.40021242225790499,39.51112518923884],[-0.40033918609440339,39.511122242138349],[-0.40041062173423003,39.51112997553912],[-0.40048724695780791,39.511134212490745],[-0.40067968750172472,39.511140923478919],[-0.40088808764200229,39.511148495677361],[-0.40105614755165259,39.511158110976488],[-0.40110918850552157,39.511156369627159],[-0.40110855011939256,39.511122644488204],[-0.40112138149079246,39.511051122522829],[-0.40113676425307176,39.510906172998141],[-0.40114464950951467,39.510835360186292],[-0.40113770028697054,39.510651776937387],[-0.40113639537112999,39.510493364355291],[-0.40116671920676533,39.510358802830744],[-0.40117721195044576,39.510242689118144],[-0.4011634348731164,39.510135248503872],[-0.40115697918866555,39.510035133639796],[-0.40114584692105892,39.509927878305213],[-0.40113502358204839,39.509835422299965],[-0.40112562682515901,39.509769276823377],[-0.40109417301167205,39.509641225074795],[-0.40109593832308776,39.509602607876097],[-0.40108721298163125,39.509496928856649],[-0.40108696014776352,39.509463779888073],[-0.40106672563945811,39.509345501380018],[-0.40105566528965902,39.509260030876057],[-0.40105801505360328,39.509232876913579],[-0.40106582718647893,39.509193656257352],[-0.40107518748037146,39.509173740019406],[-0.40109979876256152,39.50913094028936],[-0.40105178835963329,39.509140974157852],[-0.40098773508078733,39.509133676578728],[-0.40079118325004104,39.509120721182597],[-0.40063183534067082,39.50911838136804],[-0.40042419502717869,39.509104943037663],[-0.40026154271635461,39.509118861701381],[-0.40020121143370785,39.509113115405114],[-0.40009215191322939,39.50909454922153],[-0.39989024310981086,39.509028473759713],[-0.39971076768193381,39.508970224175002],[-0.39960367170720057,39.508967619998941],[-0.3995231298165432,39.508945295276938],[-0.39923036394271627,39.508931417876724],[-0.39881009875689771,39.508926594854337],[-0.39855904949192883,39.508915838874536],[-0.39846001160948996,39.508893955107062],[-0.39819949380448599,39.508814384473339],[-0.39789175086668288,39.508715720003956],[-0.39749905807028985,39.508593855117567],[-0.39740267687978198,39.508533850758653],[-0.39719179926029896,39.508470128221425],[-0.39693512971212247,39.508386623071118],[-0.39700430611402937,39.508323958367086],[-0.39703681306772109,39.508258192861156],[-0.39712606768167102,39.508134330835617],[-0.39719178716151265,39.508006004652081],[-0.39728261299193629,39.507930689973982],[-0.3975250774901824,39.507730171653016],[-0.39763320433214483,39.507611326421177],[-0.39761538217869569,39.5076021256464],[-0.39769462117829579,39.507509434414175],[-0.39772532834188551,39.507480330158394],[-0.3977484113320649,39.507440812145823],[-0.39784137268636904,39.507336599626925],[-0.39794949233117743,39.507237546213446],[-0.39801404745213836,39.507184912256548],[-0.39808665289399053,39.507110080733909],[-0.39820785129699177,39.507023283627163],[-0.39829708497769273,39.506954418788311],[-0.39838562319075649,39.506904186485087],[-0.39843745583075679,39.50686991557847],[-0.39842797413776176,39.506859415236576],[-0.39835679965583254,39.506850416268456],[-0.39827130380824055,39.506841249706099],[-0.39822830629975209,39.5068288637111],[-0.3982535002285314,39.506781068745497],[-0.39830816534614644,39.506696448176619],[-0.39836648472444636,39.506590873898979],[-0.39844138352589081,39.506454554493637],[-0.39845329908819643,39.506393282304018],[-0.39852676552930005,39.506230823308336],[-0.39856830919284514,39.506149701498749],[-0.39862033327826552,39.506138956721067],[-0.39868170538745829,39.506142916351443],[-0.39872851217672334,39.506144522868993],[-0.39875883551174934,39.506106040594204],[-0.39876998603557257,39.506065264238607],[-0.39884157446867219,39.50595311307427],[-0.39890416716125804,39.505823977103461],[-0.39898269289715504,39.505719440426297],[-0.39898480092018124,39.50566792133386],[-0.39898723376996897,39.505602707150892],[-0.39899771653154137,39.505515295356545],[-0.39901067403479623,39.505426074142427],[-0.39904534836466554,39.50533547426798],[-0.39908846202688858,39.505276765219669],[-0.39913784573336958,39.505179035320829],[-0.39924467050405898,39.505061240380748],[-0.39897293365844883,39.505021527565674],[-0.39866984900666269,39.504950527434389],[-0.39842052038975745,39.504892171370102],[-0.39795670449025938,39.504784526024459],[-0.39743722017353189,39.504663506052609],[-0.39703143264261098,39.50455317497569],[-0.39702102781754944,39.504522870550886],[-0.3971107790634239,39.504325444811265],[-0.39723985518854948,39.504093864778326],[-0.3973365091870118,39.503818027859957],[-0.39740824769577882,39.503636423173823],[-0.3974713138047376,39.503510190366143],[-0.39744433884560348,39.503507892483661],[-0.39744899282195473,39.503467637372843],[-0.39746890746661084,39.503396445591683],[-0.39749961206765516,39.503300685298029],[-0.39754698868804245,39.503141777479833],[-0.39757704664000521,39.503057416807913],[-0.39758826334808656,39.50303543436155],[-0.39761895351468435,39.502967159512032],[-0.39766624293279323,39.502871022904174],[-0.39770346415090096,39.502764534896407],[-0.39772418359649353,39.502692018775917],[-0.39775722685504361,39.502623003813092],[-0.39779950134157155,39.502567753812656],[-0.39781520354875821,39.502552709470592],[-0.3978197384383812,39.502472011223816],[-0.39781839309833023,39.502416135620763],[-0.39783528792602973,39.502331426006485],[-0.39788176612582987,39.502179101335436],[-0.39787809844704863,39.502166136628247],[-0.39775769601658312,39.502125882413225],[-0.39746522827567643,39.502005091242111],[-0.39727069088392819,39.501934050515061],[-0.39694797256322961,39.501811859702244],[-0.39685057478147895,39.501776227952448],[-0.39677913443332968,39.501748952291102],[-0.39674538313245433,39.501754997712723],[-0.39312630295063727,39.504331443867436],[-0.38888603579418302,39.500236303675734],[-0.38614140384010465,39.497589072293636],[-0.38497732815994684,39.497855655206358],[-0.38139165312578421,39.498684766874696],[-0.37981192977417833,39.498989612521726],[-0.37778335627690551,39.499211489589861],[-0.37663641892841027,39.499296983463822],[-0.37501197619167992,39.499240646482285],[-0.37303392227371224,39.498887940022335],[-0.37122092836240866,39.498390830697048],[-0.37049822169090507,39.498202292839949]]]},"properties":{"codsecc":"2","coddistsecc":"1702","objectid":2232,"st_area(shape)":2930957.8352735001,"coddistrit":"17"}},{"type":"Feature","id":87,"geometry":{"type":"Polygon","coordinates":[[[-0.39327782066755279,39.487020004280517],[-0.39343442991026017,39.486951447026897],[-0.39257890269853468,39.485734091399735],[-0.39121924307051559,39.486320667609164],[-0.39207424757904702,39.487551543464548],[-0.39327782066755279,39.487020004280517]]]},"properties":{"codsecc":"15","coddistsecc":"0415","objectid":87,"st_area(shape)":20752.887718999998,"coddistrit":"4"}},{"type":"Feature","id":80,"geometry":{"type":"Polygon","coordinates":[[[-0.36841846379052889,39.487973057731274],[-0.36911641197026074,39.487385284211634],[-0.36983126200011074,39.486329423946167],[-0.36943988675114942,39.486225972362],[-0.36933362973034067,39.4864037421615],[-0.36885592930385808,39.48625779476901],[-0.3686949988381415,39.486555944297422],[-0.36760750818660926,39.486279067510971],[-0.36655324148514729,39.486007437965746],[-0.36539112626408521,39.48570631837751],[-0.36671497896417204,39.486650716616793],[-0.36841846379052889,39.487973057731274]]]},"properties":{"codsecc":"23","coddistsecc":"1423","objectid":80,"st_area(shape)":32983.091907499998,"coddistrit":"14"}},{"type":"Feature","id":54,"geometry":{"type":"Polygon","coordinates":[[[-0.39177626763350704,39.492332993483657],[-0.39193788453182138,39.491800607070196],[-0.39032369946455786,39.490602230612964],[-0.3897694862842962,39.490324022745689],[-0.38939640354284455,39.489982315961534],[-0.38886680917826127,39.489862310795147],[-0.38827436690216699,39.490993103290876],[-0.38896106726445467,39.491206729560275],[-0.38873595304584135,39.491629588229237],[-0.3893478341345315,39.491823513248313],[-0.38956443660695594,39.491531089593153],[-0.39079701250159898,39.491955160807173],[-0.39177626763350704,39.492332993483657]]]},"properties":{"codsecc":"11","coddistsecc":"1611","objectid":54,"st_area(shape)":37958.342815000004,"coddistrit":"16"}},{"type":"Feature","id":25,"geometry":{"type":"Polygon","coordinates":[[[-0.37534764884018496,39.495796216099322],[-0.37681911258362555,39.495491626069985],[-0.37676236739985702,39.495319178384861],[-0.37769635543899432,39.495083520227823],[-0.37730837103206333,39.494056772396156],[-0.37490493928836705,39.494583553781737],[-0.37445146563359949,39.494699430392764],[-0.3746004757924386,39.495103687449301],[-0.37489484540084889,39.49589409196021],[-0.37534764884018496,39.495796216099322]]]},"properties":{"codsecc":"14","coddistsecc":"1514","objectid":25,"st_area(shape)":34308.110000000001,"coddistrit":"15"}},{"type":"Feature","id":1657,"geometry":{"type":"Polygon","coordinates":[[[-0.41055376986935327,39.481304848114313],[-0.40885243147283651,39.480472191968154],[-0.40745105830514078,39.480819297356973],[-0.40176261980766553,39.483318282272045],[-0.40395230134957238,39.486254538961077],[-0.40515604785613418,39.487748502536775],[-0.40679005091964676,39.490073912962202],[-0.4082556836435679,39.492159550514167],[-0.40932122912323005,39.493556778448948],[-0.41134978769580949,39.496019622080546],[-0.41259597249260205,39.496477261596688],[-0.41438440404242466,39.496862876375026],[-0.41604515306276757,39.496819561278741],[-0.4187334174517055,39.496689443176578],[-0.42147002730042638,39.496562632790379],[-0.423207031944833,39.496482232339503],[-0.42361800717805354,39.496515624496098],[-0.42458343347250482,39.497084727944781],[-0.42535243291206715,39.497007727046203],[-0.42535513682603115,39.496477428015126],[-0.42534534097020354,39.495988698001561],[-0.42525130746967765,39.495572271091461],[-0.42593939892435262,39.49549107688626],[-0.42596782244316689,39.495064633737385],[-0.42611765911874222,39.495071808713469],[-0.42650752682479193,39.494998905218495],[-0.42655137994791326,39.494987417252375],[-0.4264849045128285,39.494867983260988],[-0.4264488019831098,39.494801455181758],[-0.42635337444967591,39.494671929596834],[-0.42628691726595347,39.494460317487992],[-0.42623602656074616,39.49428093241368],[-0.42615486723230833,39.494142263433687],[-0.42610185289425329,39.49402012745751],[-0.42602914318969859,39.49387526730505],[-0.42600895894881985,39.493830181397023],[-0.42597102951736571,39.493783251963613],[-0.42592440712758339,39.493678860770551],[-0.42586209277381037,39.493560158232377],[-0.42581737179278495,39.493488060754174],[-0.42583707384764879,39.493449164646883],[-0.42571336464455256,39.493240427915794],[-0.42552762063482502,39.492936967046823],[-0.42532958464144699,39.492613125797028],[-0.42514412221524422,39.492304328321758],[-0.42494239446875426,39.491975386690974],[-0.42483339160988526,39.491758966085825],[-0.42463239448299434,39.491412517926193],[-0.42449071420091206,39.491191255706802],[-0.42470789393971375,39.491050819772163],[-0.42500491115150807,39.490890017961142],[-0.42498477083419151,39.49085354529565],[-0.42493028586776144,39.490855463931489],[-0.42484674756581914,39.490825505028752],[-0.42468980132070516,39.490764244027446],[-0.4245156537257529,39.490677620047805],[-0.42445779431479735,39.490633005090856],[-0.42445833432990493,39.49059696368937],[-0.4244817905891643,39.490522196734084],[-0.42451767377874033,39.490394264779773],[-0.4245651175497977,39.49028639046918],[-0.42459993532553303,39.490126840869735],[-0.42464241594176,39.489985217511887],[-0.42468297025164337,39.489786795751485],[-0.42470630798936027,39.489715224248357],[-0.424731684879603,39.489630301787294],[-0.42474205584167424,39.489529830820622],[-0.42474825923731552,39.489452492278076],[-0.42474700856861519,39.48932825967988],[-0.42476257999912087,39.48919336406675],[-0.42482144386559262,39.489032779740334],[-0.42483689513971556,39.488960664059142],[-0.42485546234751281,39.488899256869523],[-0.42485904310632688,39.488846346221145],[-0.42487931501999449,39.488775292300552],[-0.4249170188513014,39.488757686757765],[-0.42495185898966775,39.488746161771296],[-0.42498763608341583,39.488753981502107],[-0.42502734285290766,39.488768419713288],[-0.42508064247719385,39.488797627321276],[-0.4251390043790238,39.488832064101949],[-0.42530160906844905,39.488901197451312],[-0.42548199398838116,39.488570758957316],[-0.4255906416265407,39.48838745781908],[-0.42564946287032923,39.488307357085205],[-0.42572292344348511,39.488186878684466],[-0.42582103875599692,39.488021154459709],[-0.425887091213485,39.48792340330386],[-0.42484844022244361,39.487610323369985],[-0.42433379924635994,39.487287778750854],[-0.42320309059512973,39.486791638041403],[-0.42150111289201025,39.485678831773328],[-0.42100068958649617,39.485431028126314],[-0.420438298691935,39.485057560800826],[-0.4199462944072237,39.484727553726799],[-0.41964351444811587,39.484547581695303],[-0.41930289988102692,39.484371219005318],[-0.41905642957007577,39.484294584170598],[-0.41872012354844157,39.484079451357964],[-0.4181403303772025,39.48377914366359],[-0.41759193649859477,39.483596816966873],[-0.41749698352915754,39.483559275010208],[-0.41697981640948978,39.483343432874818],[-0.41645947008020301,39.483181516745098],[-0.41581099169267732,39.483003190614838],[-0.41558737092364678,39.482922570222676],[-0.41521365021060419,39.482791170212131],[-0.41471871035286711,39.482651946183488],[-0.41414700295742074,39.482562767551926],[-0.41376264696333026,39.482475665919345],[-0.41350719332680336,39.482413720086456],[-0.41339154047238891,39.482382101321747],[-0.4131420848185629,39.482331170871845],[-0.41290936052270183,39.482286774428175],[-0.41255707425662852,39.482216508615565],[-0.41227685289926114,39.482151630270593],[-0.41212663393797855,39.482111357775594],[-0.4119041854419826,39.482055431645513],[-0.41160663896737942,39.481948049540172],[-0.4111690521798918,39.481725386957329],[-0.41055376986935327,39.481304848114313]]]},"properties":{"codsecc":"18","coddistsecc":"0418","objectid":1657,"st_area(shape)":2393521.5858275001,"coddistrit":"4"}},{"type":"Feature","id":590,"geometry":{"type":"Polygon","coordinates":[[[-0.36438899075635406,39.490297905534142],[-0.36358607616457994,39.489952888875614],[-0.36146166976656086,39.489395898234079],[-0.36184154092108334,39.488536404078324],[-0.36055135694301599,39.488483762373349],[-0.36026066403823059,39.489065943780624],[-0.35967479800570157,39.49023922006662],[-0.36082632018403554,39.490594515491019],[-0.36077172022045934,39.490736199150156],[-0.36150791500953999,39.490962543345283],[-0.36134684089616248,39.491054639632488],[-0.36193650902235225,39.491667381156702],[-0.36279986891073251,39.491180579731797],[-0.36438899075635406,39.490297905534142]]]},"properties":{"codsecc":"37","coddistsecc":"1537","objectid":590,"st_area(shape)":64914.968469500003,"coddistrit":"15"}},{"type":"Feature","id":591,"geometry":{"type":"Polygon","coordinates":[[[-0.38996289193614142,39.466937147115722],[-0.38819360663155911,39.464424485716428],[-0.38812182773610432,39.464323775530488],[-0.38781306235559404,39.463897925680953],[-0.38610382522168624,39.463859485801549],[-0.38729986965566426,39.465498959228185],[-0.38808451806494337,39.466602150314358],[-0.38996289193614142,39.466937147115722]]]},"properties":{"codsecc":"46","coddistsecc":"0346","objectid":591,"st_area(shape)":45844.409188999998,"coddistrit":"3"}},{"type":"Feature","id":568,"geometry":{"type":"Polygon","coordinates":[[[-0.38614140384010465,39.497589072293636],[-0.38675398061674604,39.49703044264475],[-0.39098209644649512,39.494427301634673],[-0.39128791136579089,39.494412060478631],[-0.39102743733102679,39.494226036392405],[-0.39012779998107605,39.493895029543324],[-0.38974913394545552,39.493760400530213],[-0.38953075324406328,39.494003227091646],[-0.38917413767209447,39.494211425463298],[-0.38754374903265876,39.495359713858946],[-0.38716634111101983,39.495224951546859],[-0.38658326855741976,39.4950488425701],[-0.38620965216020403,39.49500009721374],[-0.38585663046241436,39.494993497633793],[-0.38530225623530873,39.49501506795081],[-0.38609041955267687,39.497183458245594],[-0.38614140384010465,39.497589072293636]]]},"properties":{"codsecc":"29","coddistsecc":"1629","objectid":568,"st_area(shape)":71519.397987000004,"coddistrit":"16"}},{"type":"Feature","id":569,"geometry":{"type":"Polygon","coordinates":[[[-0.38614140384010465,39.497589072293636],[-0.38609041955267687,39.497183458245594],[-0.38530225623530873,39.49501506795081],[-0.38585663046241436,39.494993497633793],[-0.38620965216020403,39.49500009721374],[-0.38658326855741976,39.4950488425701],[-0.38716634111101983,39.495224951546859],[-0.38754374903265876,39.495359713858946],[-0.38917413767209447,39.494211425463298],[-0.38860070778463396,39.49407692065671],[-0.38808917322397657,39.493939300005998],[-0.38846079902595976,39.493330551400526],[-0.38620300343689545,39.492514037322273],[-0.38651166958207861,39.493313753314084],[-0.38529913641496205,39.493556728495747],[-0.38352530662129625,39.493904166921425],[-0.38497732815994684,39.497855655206358],[-0.38614140384010465,39.497589072293636]]]},"properties":{"codsecc":"30","coddistsecc":"1630","objectid":569,"st_area(shape)":114625.000805,"coddistrit":"16"}},{"type":"Feature","id":920,"geometry":{"type":"Polygon","coordinates":[[[-0.40288766922207769,39.486726224735527],[-0.40395230134957238,39.486254538961077],[-0.40176261980766553,39.483318282272045],[-0.40112340100357208,39.483547225863042],[-0.3993815997580869,39.484299735416194],[-0.40072099601917682,39.486185681229273],[-0.40150257579087056,39.486280853739451],[-0.40250298951076879,39.486226646024875],[-0.40288766922207769,39.486726224735527]]]},"properties":{"codsecc":"27","coddistsecc":"0427","objectid":920,"st_area(shape)":76851.853994000005,"coddistrit":"4"}},{"type":"Feature","id":921,"geometry":{"type":"Polygon","coordinates":[[[-0.396006366485607,39.485851498570995],[-0.39620985895784117,39.486103800717331],[-0.39683000185707112,39.485978058632064],[-0.39756088536244605,39.485980925734147],[-0.3977542930846884,39.485899673496391],[-0.39919148812818106,39.485999415943148],[-0.40072099601917682,39.486185681229273],[-0.3993815997580869,39.484299735416194],[-0.39798106368702529,39.484904782953805],[-0.396006366485607,39.485851498570995]]]},"properties":{"codsecc":"17","coddistsecc":"0417","objectid":921,"st_area(shape)":40738.068683999998,"coddistrit":"4"}},{"type":"Feature","id":1256,"geometry":{"type":"Polygon","coordinates":[[[-0.40515604785613418,39.487748502536775],[-0.40395230134957238,39.486254538961077],[-0.40288766922207769,39.486726224735527],[-0.40250298951076879,39.486226646024875],[-0.40150257579087056,39.486280853739451],[-0.40072099601917682,39.486185681229273],[-0.39919148812818106,39.485999415943148],[-0.3977542930846884,39.485899673496391],[-0.39756088536244605,39.485980925734147],[-0.39683000185707112,39.485978058632064],[-0.39620985895784117,39.486103800717331],[-0.3973697605385681,39.487539654934295],[-0.39933375816569222,39.49023704576539],[-0.40515604785613418,39.487748502536775]]]},"properties":{"codsecc":"28","coddistsecc":"0428","objectid":1256,"st_area(shape)":206740.32490899999,"coddistrit":"4"}},{"type":"Feature","id":1593,"geometry":{"type":"Polygon","coordinates":[[[-0.35155980173829232,39.481554165480894],[-0.34907203124962083,39.483111678542329],[-0.34275724025158194,39.487064632881257],[-0.34277539861117889,39.487067120144964],[-0.3430675159124385,39.48713555490643],[-0.34322752202732093,39.487170798102987],[-0.34336093414069885,39.487204036698948],[-0.34346116928736176,39.487220985583889],[-0.34359619063080227,39.487235477499119],[-0.34371655676555879,39.487251354902078],[-0.34379890009828423,39.487268894450061],[-0.34386050225197279,39.4872977342268],[-0.34390952076637488,39.487347447834466],[-0.34400431696313416,39.487535672040352],[-0.34406034748611236,39.487643075620767],[-0.34412345124357685,39.487690813866429],[-0.34460767120948177,39.487845759110279],[-0.34519985796516656,39.488029663881406],[-0.34557258930941159,39.488117600340885],[-0.34588766045494851,39.488173300589757],[-0.3467090669790997,39.488353865991257],[-0.34699470268188365,39.488415359367131],[-0.34723582890040544,39.48844026940656],[-0.34758391257211946,39.488480926443707],[-0.34786990536087892,39.488501255909185],[-0.34812774727468282,39.488525041173276],[-0.34848687923322896,39.488558299243564],[-0.34901541349273607,39.488602448049129],[-0.34931006027827899,39.488630655865833],[-0.34954929786689165,39.488657581028413],[-0.34977749975284128,39.488684263001936],[-0.35011231757147399,39.488749176733329],[-0.3502616953917671,39.488792618108675],[-0.35028344170059122,39.488834121790497],[-0.35032260183869784,39.488872022690138],[-0.35039755516078785,39.488918316126288],[-0.35047438274903747,39.488957202026164],[-0.35054360492626385,39.488986031872891],[-0.35064996677084603,39.489028825226725],[-0.35068022162228552,39.489041001203006],[-0.35074991829914753,39.489064076154413],[-0.35097537199953222,39.489166853006765],[-0.35114170427735031,39.489232913358194],[-0.35121670382895648,39.489262703317152],[-0.35134802923973479,39.489322325881119],[-0.35143238331251037,39.489357454910326],[-0.35154874395371671,39.489412835354486],[-0.35165841672011405,39.489470432550007],[-0.35182691550359263,39.489546532002514],[-0.35192372612656725,39.489585845358029],[-0.35200411171526685,39.489643450427181],[-0.35212914748874374,39.489705244027739],[-0.35214916360903042,39.489737230747636],[-0.35215927655201307,39.489746172653319],[-0.35219367472249502,39.489776631303087],[-0.35221419308458973,39.489789566964028],[-0.35227544140123118,39.489828186760199],[-0.35235945542534536,39.48989864866148],[-0.35244066613774361,39.489949849003565],[-0.35255927169546281,39.490013216300476],[-0.35268747631689074,39.490084675817478],[-0.35287397293014422,39.490184138093291],[-0.35298300198132354,39.490294916000344],[-0.35308833219749114,39.490409726541301],[-0.3531518750176621,39.490460523915772],[-0.35324225518810715,39.49052504029914],[-0.35334941697251676,39.490591902769893],[-0.35339959024024425,39.49062183753481],[-0.35347945164871447,39.490708645004574],[-0.35358275768091363,39.490830264652509],[-0.35366160968134841,39.490921931746449],[-0.35374671677439329,39.491010236844986],[-0.35381353229017914,39.4910679640494],[-0.3538982250609411,39.49112061201788],[-0.35402441914357341,39.491198879948087],[-0.35416579478601201,39.491303294475848],[-0.35433838445307653,39.491452589421442],[-0.35444387816008444,39.491556754147673],[-0.35452263626508956,39.491623968808561],[-0.35476349427945048,39.4917869342],[-0.35483389157900397,39.491909686381888],[-0.35492580491932868,39.492180995986047],[-0.3552637155928865,39.492544551157252],[-0.35530786122018543,39.492583870151925],[-0.35537581228059545,39.492628892970423],[-0.35549279295869102,39.492708012661289],[-0.355537770566211,39.492735206723445],[-0.35558388466994306,39.492763093280686],[-0.35558414859831788,39.492759198502725],[-0.35584036981734718,39.490556743560134],[-0.35545219433541142,39.490502865706539],[-0.35555760883051013,39.489735017267769],[-0.35750788956115792,39.4899865970077],[-0.35776874212677851,39.488754835164407],[-0.35725841181899559,39.488688167900207],[-0.35747201074571727,39.487634506790648],[-0.35750876692692601,39.487455410932505],[-0.35755664441261259,39.487222110073205],[-0.35759345824226219,39.487056213303902],[-0.35740571829902767,39.487038412654755],[-0.35626862050679997,39.486926981651912],[-0.35642808328504572,39.485939647214458],[-0.35388648199548989,39.485688099209234],[-0.35405663934440063,39.484747875250015],[-0.3541227191349634,39.484382777911186],[-0.35440848921894008,39.482537932368579],[-0.35442410009037612,39.482439254582324],[-0.35233666651393519,39.48179421409602],[-0.35155980173829232,39.481554165480894]]]},"properties":{"codsecc":"20","coddistsecc":"1420","objectid":1593,"st_area(shape)":690291.06963299995,"coddistrit":"14"}},{"type":"Feature","id":1610,"geometry":{"type":"Polygon","coordinates":[[[-0.41661074651095653,39.503455130960177],[-0.41692095684723995,39.502899031225503],[-0.41687296115973493,39.501938525559709],[-0.4188432893483276,39.50191926071912],[-0.41920675146578529,39.501819228707056],[-0.41863792655594662,39.500045359723998],[-0.41843920322024541,39.499622034520257],[-0.41812453081729223,39.498993434106424],[-0.41754923657588039,39.499259922491113],[-0.41707888905684209,39.499479183475209],[-0.4165946334719729,39.499720664329971],[-0.41581173029007884,39.500176217251486],[-0.41314813922500154,39.501585381791713],[-0.41333514661843568,39.501873322702608],[-0.41289809869187577,39.502113829725353],[-0.41291790298750491,39.502121027300511],[-0.41296405376336642,39.502151225417215],[-0.41308159515201781,39.50219957122836],[-0.41331854418668124,39.502297691402234],[-0.41355181420455389,39.502394377878559],[-0.41384201804486787,39.502518078333658],[-0.41397110551119387,39.502552698577965],[-0.4144562621099756,39.502749356560024],[-0.41463836529695963,39.502795930356015],[-0.41530918731879268,39.502961383440685],[-0.41599460819765044,39.503128058234083],[-0.41661074651095653,39.503455130960177]]]},"properties":{"codsecc":"5","coddistsecc":"1805","objectid":1610,"st_area(shape)":129568.9801195,"coddistrit":"18"}},{"type":"Feature","id":1611,"geometry":{"type":"Polygon","coordinates":[[[-0.41749766355896284,39.503893640502511],[-0.41755438689365093,39.503800479916215],[-0.41826186922715319,39.503469372318726],[-0.41822681592197469,39.50280644556365],[-0.41986250424643723,39.502757196235912],[-0.42222217939188705,39.501742036083201],[-0.42184714849804766,39.501211194398344],[-0.42097562098780034,39.501646798089801],[-0.42028637868970126,39.501771133813165],[-0.41920675146578529,39.501819228707056],[-0.4188432893483276,39.50191926071912],[-0.41687296115973493,39.501938525559709],[-0.41692095684723995,39.502899031225503],[-0.41661074651095653,39.503455130960177],[-0.41749766355896284,39.503893640502511]]]},"properties":{"codsecc":"6","coddistsecc":"1806","objectid":1611,"st_area(shape)":52855.1427845,"coddistrit":"18"}},{"type":"Feature","id":1612,"geometry":{"type":"Polygon","coordinates":[[[-0.41749766355896284,39.503893640502511],[-0.41829911383483431,39.504190904986316],[-0.42039395598009344,39.504088797378728],[-0.42061820097713032,39.504589260756333],[-0.42342609129448033,39.504093024819014],[-0.42296293211023284,39.503055738377057],[-0.42273876378163183,39.502474201611484],[-0.42222217939188705,39.501742036083201],[-0.41986250424643723,39.502757196235912],[-0.41822681592197469,39.50280644556365],[-0.41826186922715319,39.503469372318726],[-0.41755438689365093,39.503800479916215],[-0.41749766355896284,39.503893640502511]]]},"properties":{"codsecc":"3","coddistsecc":"1803","objectid":1612,"st_area(shape)":87618.346539499995,"coddistrit":"18"}},{"type":"Feature","id":1613,"geometry":{"type":"Polygon","coordinates":[[[-0.42417302812495272,39.507406580043281],[-0.42418060017803905,39.507385460080741],[-0.42439098783394569,39.506817073275919],[-0.42425891653527459,39.506417748427189],[-0.42410011122116792,39.505738566342941],[-0.42342609129448033,39.504093024819014],[-0.42061820097713032,39.504589260756333],[-0.42039395598009344,39.504088797378728],[-0.41829911383483431,39.504190904986316],[-0.41749766355896284,39.503893640502511],[-0.41807879560932648,39.504245647609117],[-0.41860693620832057,39.504542133358818],[-0.41913521355545313,39.504835673894405],[-0.41976237830777247,39.505134903582487],[-0.42054628931723093,39.505539436582161],[-0.4210299699864079,39.50578995239016],[-0.42109900912097625,39.505813664524766],[-0.42147188392675855,39.506005170653566],[-0.421707148267433,39.506157694799448],[-0.42202006262653519,39.506317175554422],[-0.42267078779147915,39.506629714019702],[-0.42299352824192088,39.506788707466328],[-0.42349461117929593,39.507056571730558],[-0.42397677177170884,39.507303158910254],[-0.42417302812495272,39.507406580043281]]]},"properties":{"codsecc":"9","coddistsecc":"1809","objectid":1613,"st_area(shape)":88596.698877000003,"coddistrit":"18"}},{"type":"Feature","id":1614,"geometry":{"type":"Polygon","coordinates":[[[-0.428297186863417,39.497822538635774],[-0.42796952488631113,39.498711818104169],[-0.42770673003815313,39.499255539349065],[-0.42754862950604117,39.499364649551126],[-0.42735774632624562,39.4994955557598],[-0.42222217939188705,39.501742036083201],[-0.42273876378163183,39.502474201611484],[-0.42296293211023284,39.503055738377057],[-0.42342609129448033,39.504093024819014],[-0.42410011122116792,39.505738566342941],[-0.42425891653527459,39.506417748427189],[-0.42439098783394569,39.506817073275919],[-0.42418060017803905,39.507385460080741],[-0.42417302812495272,39.507406580043281],[-0.42418721892964528,39.507414065671291],[-0.42489420199580813,39.507279911607846],[-0.4260213288603415,39.507087765967825],[-0.42623285336682565,39.507051741039518],[-0.42669804651590953,39.506976569472926],[-0.42710563713247662,39.506896039458063],[-0.4277386385266177,39.506759229631037],[-0.42862421126201095,39.506614475135343],[-0.42922176322827826,39.506503763938156],[-0.42995658796293629,39.506357105008121],[-0.43073009733147544,39.506241791720825],[-0.43151932765033607,39.506103740163773],[-0.43163347385336909,39.506087254853554],[-0.43156945633514648,39.505796422055873],[-0.43148302741207761,39.505460184761269],[-0.43131482951697619,39.505163508210444],[-0.43121317254367114,39.50491805835582],[-0.4311048356711295,39.504583111144242],[-0.43101063212247676,39.504120884259777],[-0.43086593475157015,39.503731602382764],[-0.43074421239699956,39.503293550059148],[-0.43063008737623842,39.502937808128053],[-0.43049204764281268,39.502655463683908],[-0.43045723257643143,39.502449337430761],[-0.43037065492786686,39.502209202182783],[-0.43024023083173518,39.501868261250131],[-0.43014402022647025,39.501558229459036],[-0.43004873878582878,39.5012545603538],[-0.4300158262008984,39.501090889614645],[-0.42995477638017243,39.500898714155142],[-0.42987216082038354,39.500708611131422],[-0.42974977114450119,39.500429665966351],[-0.42963199566875149,39.50015932708552],[-0.42950218770791548,39.499919532101863],[-0.42936159410183233,39.4996174635221],[-0.42930987928245473,39.499413764743153],[-0.42923822510861764,39.499251623963616],[-0.42921485467794296,39.499197927738926],[-0.42916735830882274,39.499150778650971],[-0.42908620551000709,39.498968103683509],[-0.42899335411407441,39.498994895463035],[-0.42891104977236383,39.498901193167896],[-0.42889609514815391,39.498884177891291],[-0.4288442240516312,39.498792320122703],[-0.42879146744534502,39.498735838445199],[-0.42878605196799058,39.498692539264198],[-0.42877109311052908,39.498612245826536],[-0.42874559663704953,39.498489756046368],[-0.42872879715855439,39.4984136560225],[-0.42873494921295918,39.498357180647837],[-0.42870065690367287,39.498240820410558],[-0.42868824392518179,39.498218582176257],[-0.42866361923771268,39.498182524409344],[-0.42857041755351355,39.498083860089267],[-0.42855283327970989,39.498054597619827],[-0.42851415882585625,39.498028715170541],[-0.42846277677470013,39.497984173446433],[-0.428297186863417,39.497822538635774]]]},"properties":{"codsecc":"7","coddistsecc":"1807","objectid":1614,"st_area(shape)":483263.15387649997,"coddistrit":"18"}},{"type":"Feature","id":2120,"geometry":{"type":"Polygon","coordinates":[[[-0.36096527639363246,39.474948562875412],[-0.35996998265303304,39.474660196918748],[-0.35943609307267599,39.474503926269065],[-0.35888313647231707,39.475657986428622],[-0.35821630339098448,39.476998638815374],[-0.36338811133808557,39.478507962882716],[-0.36403728243991756,39.477171383865766],[-0.36043305724217722,39.476112110304591],[-0.36096527639363246,39.474948562875412]]]},"properties":{"codsecc":"4","coddistsecc":"0604","objectid":2120,"st_area(shape)":94955.227440500006,"coddistrit":"6"}},{"type":"Feature","id":2137,"geometry":{"type":"Polygon","coordinates":[[[-0.33419400354093842,39.463283950689458],[-0.33115822189835775,39.462930525432647],[-0.33104644745790596,39.463707205669337],[-0.33093563718150709,39.464686613500561],[-0.33020721976986239,39.464606820405471],[-0.3299882952682493,39.466209841496372],[-0.32978846705379017,39.467673674120199],[-0.32969404972586136,39.468166976004539],[-0.33052068467156681,39.468262532998175],[-0.33062488166576753,39.467760446290363],[-0.33067386423655065,39.467144472971079],[-0.33082465131693667,39.465670512389963],[-0.33253942512457474,39.465790954668115],[-0.33292637866035618,39.463876478344382],[-0.3341137421668896,39.464016313353099],[-0.33419400354093842,39.463283950689458]]]},"properties":{"codsecc":"8","coddistsecc":"1108","objectid":2137,"st_area(shape)":82782.231979499993,"coddistrit":"11"}},{"type":"Feature","id":2152,"geometry":{"type":"Polygon","coordinates":[[[-0.28828830111290621,39.556538160598222],[-0.28766968502677509,39.556818610401699],[-0.28819968991896239,39.557111612966807],[-0.28903452539862329,39.557591125713948],[-0.28970456371488496,39.557940747917662],[-0.2906132729686367,39.558338094639076],[-0.29126497786242411,39.558639760040563],[-0.29193729016416753,39.558931497449471],[-0.2921583207097817,39.559016142815011],[-0.29232085938077812,39.559079830426825],[-0.29257283879552265,39.559182069618764],[-0.29290179635526847,39.55929650752018],[-0.29348173663239319,39.559539202289812],[-0.29405894630661306,39.559734004059401],[-0.294437474488426,39.559873032923903],[-0.29466620599901483,39.559966906583114],[-0.2949681512199126,39.560083321932133],[-0.29525217161733447,39.56018903125527],[-0.29554259950705414,39.560321248189368],[-0.29588868408576641,39.560492073842227],[-0.29610105855969132,39.560593968847861],[-0.29627745459687582,39.560667531704105],[-0.29654168581587664,39.560757877017146],[-0.29671189600155606,39.560806449573015],[-0.29704929296431754,39.560930810550317],[-0.29744750618993399,39.561056865069723],[-0.29784542726556701,39.56122734173573],[-0.29812493074405605,39.561351298484915],[-0.29839226672582875,39.561475115660116],[-0.29876844002834085,39.561637498066474],[-0.29899397133803596,39.561732261782147],[-0.29913364396718001,39.561794678453609],[-0.29920306038912836,39.561883630952401],[-0.2992577002163655,39.561977870140566],[-0.29930370394875971,39.562012749145744],[-0.29942251153051402,39.562049321116703],[-0.29967171320819525,39.562105825001737],[-0.29996370890062857,39.562223257354589],[-0.30067494470758122,39.562520038639001],[-0.30095393048427937,39.562596699600789],[-0.30124421751660369,39.562676676425852],[-0.30146673308075295,39.562763545863028],[-0.30160939492312056,39.562842929142718],[-0.30171277327359042,39.56290167975812],[-0.30181627267972538,39.562957613409822],[-0.30187982156333037,39.563009808142574],[-0.30181091321392162,39.56320955795946],[-0.30192183799409,39.563241800308859],[-0.30219517813618346,39.563305985406032],[-0.30251677604528654,39.563403127091377],[-0.30266035333463748,39.563438847755009],[-0.30314580987775813,39.56354727049991],[-0.30359312074341804,39.563642346697975],[-0.30389836327685199,39.563705710030398],[-0.30432948874033228,39.563804632680394],[-0.30468746478554593,39.563877713064016],[-0.30536780672859865,39.564028008018212],[-0.30580109516938436,39.564113561640269],[-0.30617164688223114,39.564194397330603],[-0.30617987262421931,39.564244675862845],[-0.3061929792921031,39.56432220146683],[-0.30621036687116421,39.564372431262264],[-0.30628636319646374,39.564406570865991],[-0.30673700179940822,39.564499225844408],[-0.3070222937569953,39.564535732192596],[-0.30736032424326692,39.564658807971348],[-0.30770859671487227,39.564841477784682],[-0.30797986183753384,39.564907556111649],[-0.30841984827117092,39.564942654059386],[-0.30869558741153602,39.564976448544144],[-0.30910790330287508,39.565060729139759],[-0.30925507585684109,39.564831834677328],[-0.3092880954434335,39.564811988065884],[-0.30934997198934389,39.564807998501593],[-0.31000960433683244,39.564933003958657],[-0.31018239003033149,39.564933537735818],[-0.31036558169744688,39.564955131106345],[-0.3112472801488097,39.565142801210868],[-0.31149577873099621,39.565193948529611],[-0.31177248364720667,39.565240469200539],[-0.31204744053266453,39.565339171559792],[-0.31218956183174862,39.565386603019476],[-0.31231602529182334,39.565389529838669],[-0.31242948959900696,39.565395723095747],[-0.31299793411809124,39.565609173731787],[-0.31318274426049764,39.565656438578074],[-0.31405272212601071,39.566060391932879],[-0.3142328444928742,39.566157679525197],[-0.31440351045405035,39.566262954989732],[-0.31458039241322971,39.566310034291575],[-0.31490699092638352,39.566388204355142],[-0.31540006054663472,39.566509715553153],[-0.3158247968661515,39.566593818121632],[-0.31609049223738012,39.565221931873943],[-0.31675094112706381,39.56537086285843],[-0.31719972170649258,39.564661984441145],[-0.31736879924215344,39.56449938420085],[-0.31754726084595469,39.564195105989945],[-0.31776091375985982,39.563845327035963],[-0.31793190525189935,39.563520372063238],[-0.31828524946789399,39.563657507932952],[-0.3185913234278237,39.5637226176041],[-0.31871792609590066,39.563467570275265],[-0.31860325491378066,39.563413330473558],[-0.31919689774924154,39.562533688054884],[-0.31952524390066789,39.562143527958767],[-0.31988022244797432,39.561714812056536],[-0.31964093219492623,39.561625086201857],[-0.31901153092984263,39.561356182346096],[-0.31798280850319854,39.561060631427111],[-0.31773700613584477,39.561043045348562],[-0.3174964594904397,39.56097185282993],[-0.31731557959435985,39.561025744239529],[-0.31720382484865367,39.56132734724082],[-0.31700246096067575,39.561374269756023],[-0.31677887644555508,39.561311998752224],[-0.31658182959777559,39.56119295569475],[-0.31629609598744507,39.561060386002062],[-0.31602014079590574,39.560910591935802],[-0.31562300942350785,39.560701008024708],[-0.31533411500637665,39.560578065199337],[-0.31508250367907575,39.56045682139591],[-0.31496460913624519,39.560373513858529],[-0.31464809685607359,39.560109198464801],[-0.31442991413234472,39.559987942455379],[-0.31415410356341295,39.559909693667187],[-0.31344865361095775,39.559579760635323],[-0.31293771668764941,39.559351166379862],[-0.31258819771717694,39.559211346364506],[-0.31217406302967349,39.558998663781928],[-0.31184352424616824,39.558817697120027],[-0.31131974441733934,39.558526287898559],[-0.3108403699446099,39.558239345831538],[-0.31023772428259938,39.557898053793906],[-0.31032330207900999,39.557611904728439],[-0.31045081246989886,39.557269089644514],[-0.31044356440162341,39.55719977178925],[-0.30981172627779124,39.556945887643487],[-0.30866118551800886,39.556475657242629],[-0.30811286790724185,39.556267021700826],[-0.3073635784866478,39.555988421059673],[-0.30695022386757692,39.555802196434421],[-0.30656571677269367,39.555650962113603],[-0.30622104277021356,39.555479083855381],[-0.3059570829668084,39.555360254716916],[-0.30558505392934698,39.555174803711644],[-0.30534796937495434,39.555104612503037],[-0.30481503004609706,39.554898183126447],[-0.30449621983452974,39.554778654374566],[-0.30410951430154026,39.554630081577073],[-0.30371487147924803,39.554452729962783],[-0.30322667518004898,39.554243016980784],[-0.30222735789278915,39.553840312889484],[-0.30161622032838165,39.553578442418839],[-0.30085164465924225,39.553306237506021],[-0.30016574695163728,39.553018605126105],[-0.29924544216902116,39.552676574452455],[-0.29877299960828008,39.552493090953156],[-0.29850925645922305,39.552392087112501],[-0.29812275089100537,39.552256723837189],[-0.29759019100910933,39.552041640237427],[-0.29723965385668755,39.551878238437901],[-0.29694431851481601,39.55172905667613],[-0.29667044732769215,39.551601931318309],[-0.29634776009052194,39.551439166077778],[-0.29613483856516165,39.55132208850555],[-0.2957873137495497,39.55118736377149],[-0.2953775008464356,39.55097082193835],[-0.29504603717061156,39.550747482221098],[-0.29475662684344445,39.550589811742803],[-0.29440165601678708,39.550355220479844],[-0.29394265551588072,39.550076044218052],[-0.29346428944917552,39.54975871396617],[-0.29146022628034568,39.553387351628913],[-0.28977381844957983,39.555571443508036],[-0.28828830111290621,39.556538160598222]]]},"properties":{"codsecc":"1","coddistsecc":"1701","objectid":2152,"st_area(shape)":2124468.7953329999,"coddistrit":"17"}},{"type":"Feature","id":2200,"geometry":{"type":"Polygon","coordinates":[[[-0.36339805413081433,39.482571124176275],[-0.36412358891981239,39.481060607526857],[-0.36373056713425689,39.480943586514933],[-0.36345861562923121,39.481045521633781],[-0.36278157181151338,39.480849973676776],[-0.36272204385839357,39.480848622666656],[-0.36195997133457497,39.480615114092807],[-0.3620033069252106,39.480526010251403],[-0.360886941908375,39.480189859064069],[-0.36075599002373082,39.480443634643947],[-0.36030774479350447,39.480807316624464],[-0.36152498765019425,39.481704298299682],[-0.3617957586740681,39.48192215206052],[-0.36213015516294289,39.482186493390586],[-0.36339805413081433,39.482571124176275]]]},"properties":{"codsecc":"17","coddistsecc":"0617","objectid":2200,"st_area(shape)":42327.63622,"coddistrit":"6"}},{"type":"Feature","id":2216,"geometry":{"type":"Polygon","coordinates":[[[-0.38247652007716937,39.47744861725625],[-0.38245845883600466,39.475993298597025],[-0.381915938494166,39.476143235512076],[-0.38112952097765568,39.476229107385656],[-0.38043579348039108,39.476303559205419],[-0.380249801317458,39.476767814691677],[-0.38035322953389067,39.47728364761381],[-0.38020847258242685,39.477694788753794],[-0.38076228173540111,39.477747812343381],[-0.38116091179635148,39.477792831843963],[-0.38177472121081146,39.477950803929858],[-0.38217076512574472,39.478103867258454],[-0.3837319101822565,39.47834173261105],[-0.38386428209174667,39.477601486935178],[-0.38247652007716937,39.47744861725625]]]},"properties":{"codsecc":"13","coddistsecc":"0113","objectid":2216,"st_area(shape)":44298.385158500001,"coddistrit":"1"}},{"type":"Feature","id":1273,"geometry":{"type":"Polygon","coordinates":[[[-0.39453753999954999,39.4887779467755],[-0.39327782066755279,39.487020004280517],[-0.39207424757904702,39.487551543464548],[-0.39052352527076106,39.488232919364719],[-0.39306657172423765,39.48942510961691],[-0.39366747303859773,39.489168658934808],[-0.39453753999954999,39.4887779467755]]]},"properties":{"codsecc":"19","coddistsecc":"1619","objectid":1273,"st_area(shape)":46710.379737499999,"coddistrit":"16"}},{"type":"Feature","id":2010,"geometry":{"type":"Polygon","coordinates":[[[-0.41796923507082362,39.469178361321056],[-0.41788670281665619,39.469182626601096],[-0.41415791888727088,39.469461892463777],[-0.41287332744649718,39.469557570363527],[-0.41032798594332504,39.469748612863519],[-0.41015399803472025,39.469758248898984],[-0.40995113658133098,39.47066361211656],[-0.40983105843866097,39.471471722677308],[-0.41160059886277445,39.471900367304386],[-0.41166730575119609,39.471810134012486],[-0.41206511235522514,39.471388550869897],[-0.41239215448675332,39.471200764778168],[-0.41279820359537944,39.471074996847051],[-0.41315496594711931,39.470974355140243],[-0.41368688343644172,39.470810647759507],[-0.41406703099757142,39.470659767795979],[-0.41470370082753794,39.470349335137612],[-0.41504953943807033,39.470206706508975],[-0.41522946291659918,39.470110863333296],[-0.41538725377357955,39.470037653362198],[-0.41558403516902281,39.469958634710011],[-0.41568525287497343,39.46990084159544],[-0.41588063062241171,39.469769287625368],[-0.41621905719704211,39.469718434983427],[-0.41643979340216519,39.469719171296603],[-0.41656954446086275,39.469705380341352],[-0.41670735310716622,39.469682723461808],[-0.41687372462513611,39.469562883160485],[-0.4169107010598368,39.469542083791353],[-0.41697759941805035,39.469506742524828],[-0.41703227451325203,39.469472219617494],[-0.41707050926359451,39.469452907597798],[-0.41715704038620832,39.469413453102192],[-0.41720339811645057,39.469399213377585],[-0.41727081395282223,39.469383180405984],[-0.41741044743125605,39.469342905879962],[-0.41762849349389297,39.469280590219775],[-0.41763274409143936,39.469286342232429],[-0.41768795491999244,39.469275659337065],[-0.41781980283149955,39.469237202272524],[-0.41791136293406056,39.469206948880689],[-0.41796923507082362,39.469178361321056]]]},"properties":{"codsecc":"21","coddistsecc":"0721","objectid":2010,"st_area(shape)":87385.412951499995,"coddistrit":"7"}},{"type":"Feature","id":1272,"geometry":{"type":"Polygon","coordinates":[[[-0.35139197615089229,39.46528098195779],[-0.35204410141211234,39.463776360406584],[-0.3539790868092505,39.464199927629792],[-0.3542133561055818,39.463691770233538],[-0.35220684840485877,39.463064997229452],[-0.35252062276954499,39.462337939697292],[-0.35151946454106497,39.462039144518457],[-0.35072934300999498,39.463644867279768],[-0.3501070229746745,39.46487609608517],[-0.34841662493158743,39.464365939613117],[-0.34826181246707338,39.464655192105802],[-0.34877598665306825,39.464811063531201],[-0.35013605468107839,39.465224937892849],[-0.35122030297666224,39.465537927129226],[-0.35310565493219304,39.466085383708631],[-0.35423790605271022,39.466417464861827],[-0.35445292523603023,39.465976425716718],[-0.35349287417743203,39.465796913043818],[-0.35313154436198008,39.465756270403446],[-0.35195271776796233,39.465424405585338],[-0.35139197615089229,39.46528098195779]]]},"properties":{"codsecc":"47","coddistsecc":"1247","objectid":1272,"st_area(shape)":68792.442490999994,"coddistrit":"12"}},{"type":"Feature","id":1274,"geometry":{"type":"Polygon","coordinates":[[[-0.36593665751784155,39.489422944710576],[-0.36538166078399903,39.489746514832511],[-0.36438899075635406,39.490297905534142],[-0.36279986891073251,39.491180579731797],[-0.36423442940136203,39.492267740218146],[-0.36502743919891378,39.491683022704073],[-0.36725450467041187,39.493378936926213],[-0.36804928649026575,39.492730303697648],[-0.36693606129012457,39.491861835408926],[-0.36582146135176496,39.491045891562784],[-0.36697393146047119,39.490206136008631],[-0.36593665751784155,39.489422944710576]]]},"properties":{"codsecc":"40","coddistsecc":"1540","objectid":1274,"st_area(shape)":75250.808223500004,"coddistrit":"15"}},{"type":"Feature","id":1275,"geometry":{"type":"Polygon","coordinates":[[[-0.3782917604840017,39.496303752877736],[-0.37697116004435693,39.496607632290328],[-0.37713327942955815,39.497552708037816],[-0.37778335627690551,39.499211489589861],[-0.37981192977417833,39.498989612521726],[-0.38139165312578421,39.498684766874696],[-0.38124172537254658,39.497328261542712],[-0.37884061471498265,39.497833383467693],[-0.3782917604840017,39.496303752877736]]]},"properties":{"codsecc":"39","coddistsecc":"1539","objectid":1275,"st_area(shape)":68890.655662499994,"coddistrit":"15"}},{"type":"Feature","id":1276,"geometry":{"type":"Polygon","coordinates":[[[-0.3782917604840017,39.496303752877736],[-0.37884061471498265,39.497833383467693],[-0.38124172537254658,39.497328261542712],[-0.38119800786389685,39.496932719066471],[-0.38068764184322579,39.495777100944693],[-0.37916379197732519,39.496103080459832],[-0.3782917604840017,39.496303752877736]]]},"properties":{"codsecc":"28","coddistsecc":"1528","objectid":1276,"st_area(shape)":38844.053914999997,"coddistrit":"15"}},{"type":"Feature","id":2011,"geometry":{"type":"Polygon","coordinates":[[[-0.41455534717524617,39.466965985548157],[-0.41415791888727088,39.469461892463777],[-0.41788670281665619,39.469182626601096],[-0.41796923507082362,39.469178361321056],[-0.41801211433489244,39.469158539574373],[-0.41806690447592948,39.469107370359147],[-0.41814978375832507,39.469027402230061],[-0.41815632723407414,39.469019556745579],[-0.41812201308899744,39.469003272151738],[-0.41803636909198616,39.468942397439022],[-0.41787924397084564,39.468826475926321],[-0.41778056922282503,39.468737987641831],[-0.41768362150815203,39.468662834721918],[-0.41754711718829074,39.468578649712711],[-0.41742064913446331,39.468514750298681],[-0.41727893348260842,39.468466511620655],[-0.41711706854212599,39.468438869641354],[-0.4170032716472194,39.468370224452769],[-0.41690552340439352,39.46828690008617],[-0.41677996794176048,39.46822098426567],[-0.41658157153670661,39.468132422439346],[-0.41640817933809948,39.468049136791706],[-0.41628616993583362,39.46799232614979],[-0.4162128849906529,39.467981678981737],[-0.41613858804201825,39.467998062858918],[-0.41601015535059777,39.468010234061062],[-0.41588371170382893,39.467968351176026],[-0.41578053049441582,39.467926976422838],[-0.4157355858249796,39.467883905651938],[-0.41569838777346846,39.467840998118305],[-0.41568590526654453,39.467775352292868],[-0.4156574653902525,39.467705594922272],[-0.41559281592733394,39.467697797009727],[-0.41550870992377409,39.467663611863095],[-0.41543962290285685,39.46765103958429],[-0.4153643493321334,39.46758925844577],[-0.41529848995893942,39.46748259732037],[-0.41523893166187376,39.467415147702958],[-0.41519108783492481,39.467347742390793],[-0.41510675659268387,39.467310867309415],[-0.41499091331624732,39.467262435574199],[-0.41492840308640166,39.467212883795561],[-0.4148380598652911,39.467138740295319],[-0.41474390935559619,39.467080160411605],[-0.4146495924542245,39.467019486696998],[-0.41455534717524617,39.466965985548157]]]},"properties":{"codsecc":"40","coddistsecc":"0740","objectid":2011,"st_area(shape)":48135.683727000003,"coddistrit":"7"}},{"type":"Feature","id":2012,"geometry":{"type":"Polygon","coordinates":[[[-0.41254879434687247,39.466767826813019],[-0.41254829882363309,39.466780257004629],[-0.41249924876679311,39.468517737935585],[-0.41278720839943261,39.468686308248763],[-0.41287332744649718,39.469557570363527],[-0.41415791888727088,39.469461892463777],[-0.41455534717524617,39.466965985548157],[-0.41454456663493838,39.466959871941214],[-0.41438337381930351,39.466914205417872],[-0.41411406301606402,39.466842223526058],[-0.41387763970711838,39.466754711874273],[-0.41364277965626534,39.466706594215417],[-0.41362658908932082,39.466731377606799],[-0.41359989003385822,39.466730783419855],[-0.41335532007117326,39.46673864630997],[-0.41327097553299252,39.466748606638092],[-0.41315231390351159,39.466757794038237],[-0.41298389301486998,39.466783648131269],[-0.41284997137825924,39.466792495526036],[-0.41254879434687247,39.466767826813019]]]},"properties":{"codsecc":"39","coddistsecc":"0739","objectid":2012,"st_area(shape)":45245.093682500003,"coddistrit":"7"}},{"type":"Feature","id":2013,"geometry":{"type":"Polygon","coordinates":[[[-0.41165373798548932,39.465916585953224],[-0.40992998307642431,39.466046134103451],[-0.41032798594332504,39.469748612863519],[-0.41287332744649718,39.469557570363527],[-0.41278720839943261,39.468686308248763],[-0.41249924876679311,39.468517737935585],[-0.41254829882363309,39.466780257004629],[-0.41254879434687247,39.466767826813019],[-0.41249905968543027,39.466763755589881],[-0.41238016194270771,39.466731955676998],[-0.41225866635866154,39.466676485598867],[-0.41207518209113492,39.466592275153396],[-0.41187363487675255,39.466519391686148],[-0.41180813164898594,39.46649077122941],[-0.41167124058752297,39.466442092687565],[-0.41158658297757983,39.466412847310799],[-0.41152532995806651,39.466364582966726],[-0.41151418917991495,39.466325245425431],[-0.41152671899749715,39.46625908422704],[-0.41156389588405362,39.466140698133287],[-0.41165373798548932,39.465916585953224]]]},"properties":{"codsecc":"42","coddistsecc":"0742","objectid":2013,"st_area(shape)":81823.257031000001,"coddistrit":"7"}},{"type":"Feature","id":312,"geometry":{"type":"Polygon","coordinates":[[[-0.36620339401134144,39.466806411515719],[-0.36842867777153437,39.465874882736124],[-0.3676483178399762,39.464762641365617],[-0.36653370906490107,39.465232872740842],[-0.36543085695383137,39.465698846335151],[-0.36620339401134144,39.466806411515719]]]},"properties":{"codsecc":"42","coddistsecc":"0242","objectid":312,"st_area(shape)":30501.884906499999,"coddistrit":"2"}},{"type":"Feature","id":309,"geometry":{"type":"Polygon","coordinates":[[[-0.39533517675869712,39.4679405519231],[-0.39504208719557971,39.466956533958204],[-0.39313048741835988,39.466616369419569],[-0.39261533993717407,39.466424636281346],[-0.39198083459826016,39.467347307463477],[-0.39266778861977347,39.467470827570018],[-0.39328266600088552,39.467579222727849],[-0.39533517675869712,39.4679405519231]]]},"properties":{"codsecc":"6","coddistsecc":"0806","objectid":309,"st_area(shape)":26377.277969999999,"coddistrit":"8"}},{"type":"Feature","id":307,"geometry":{"type":"Polygon","coordinates":[[[-0.35654022240204108,39.467100472023333],[-0.35682925903951773,39.466507971855712],[-0.35711520572762606,39.465919895975283],[-0.35702832420100777,39.46585485868092],[-0.35608931717246667,39.465157841476994],[-0.35557108364312717,39.46618205928057],[-0.35445292523603023,39.465976425716718],[-0.35423790605271022,39.466417464861827],[-0.35548074836964322,39.466783582423723],[-0.3564331058602514,39.467071009092791],[-0.35654022240204108,39.467100472023333]]]},"properties":{"codsecc":"34","coddistsecc":"1234","objectid":307,"st_area(shape)":24401.6532185,"coddistrit":"12"}},{"type":"Feature","id":305,"geometry":{"type":"Polygon","coordinates":[[[-0.39980654644641128,39.467995654945824],[-0.40148256443850799,39.46828538967231],[-0.40198726232215487,39.466553481693751],[-0.40031653750228291,39.466259359591369],[-0.39980654644641128,39.467995654945824]]]},"properties":{"codsecc":"26","coddistsecc":"0726","objectid":305,"st_area(shape)":29151.551189000002,"coddistrit":"7"}},{"type":"Feature","id":304,"geometry":{"type":"Polygon","coordinates":[[[-0.34594409236611179,39.46696258788333],[-0.34657974628205696,39.467152765080655],[-0.34721483194716934,39.465847489560929],[-0.34830871212521691,39.466174229951257],[-0.34877598665306825,39.464811063531201],[-0.34826181246707338,39.464655192105802],[-0.34725725585970574,39.464348507965035],[-0.34680702181095086,39.465243601497669],[-0.34628436950319835,39.466285692945739],[-0.34594409236611179,39.46696258788333]]]},"properties":{"codsecc":"8","coddistsecc":"1208","objectid":304,"st_area(shape)":32249.850941000001,"coddistrit":"12"}},{"type":"Feature","id":446,"geometry":{"type":"Polygon","coordinates":[[[-0.37473085687952074,39.452918711393409],[-0.37578627123245667,39.4524515746403],[-0.3743054743542415,39.450382137881704],[-0.37328263330873962,39.450813971432581],[-0.37342561452810458,39.451028900919603],[-0.37210820491457652,39.451607216447805],[-0.37237916046093705,39.451991703716899],[-0.37341956491089273,39.453488161757491],[-0.37473085687952074,39.452918711393409]]]},"properties":{"codsecc":"26","coddistsecc":"1026","objectid":446,"st_area(shape)":57920.535750499999,"coddistrit":"10"}},{"type":"Feature","id":370,"geometry":{"type":"Polygon","coordinates":[[[-0.36695602830107615,39.461855153999799],[-0.36895696514562798,39.461013112961346],[-0.36826756645517333,39.460051588914382],[-0.36627881263439843,39.460898389860887],[-0.36695602830107615,39.461855153999799]]]},"properties":{"codsecc":"10","coddistsecc":"0210","objectid":370,"st_area(shape)":23806.048437500001,"coddistrit":"2"}},{"type":"Feature","id":439,"geometry":{"type":"Polygon","coordinates":[[[-0.4025817909303932,39.45485083962771],[-0.40261456982378913,39.455297510365504],[-0.40500266292409509,39.454418447415762],[-0.40400593646746563,39.452783612666337],[-0.40163614266931086,39.453640542734021],[-0.40218303494787372,39.454616706140499],[-0.4025817909303932,39.45485083962771]]]},"properties":{"codsecc":"34","coddistsecc":"0834","objectid":439,"st_area(shape)":45046.105656500004,"coddistrit":"8"}},{"type":"Feature","id":438,"geometry":{"type":"Polygon","coordinates":[[[-0.3812388903732512,39.454628571957748],[-0.38416289701329454,39.455018745950497],[-0.38447234752796106,39.453543767107185],[-0.38467187180587326,39.452579816835851],[-0.38496075361978349,39.451090859878029],[-0.38523766713919244,39.449669198778466],[-0.38555944161950712,39.448523315254164],[-0.38581613704466139,39.447835417583406],[-0.38359776432933423,39.447285502186368],[-0.3828101040008694,39.449506445763724],[-0.3822938861833941,39.451188471559114],[-0.38167750271438472,39.453197060050336],[-0.3812388903732512,39.454628571957748]]]},"properties":{"codsecc":"25","coddistsecc":"0925","objectid":438,"st_area(shape)":184952.67931850001,"coddistrit":"9"}},{"type":"Feature","id":434,"geometry":{"type":"Polygon","coordinates":[[[-0.37109443669555814,39.455115717148118],[-0.37150276512026414,39.454899732421254],[-0.3715037731385753,39.453579973543071],[-0.3713483196177409,39.453175565640613],[-0.37080809856596719,39.4533840620009],[-0.36890036203261095,39.453358898515837],[-0.36886884606378639,39.453308636604376],[-0.3680278821254902,39.453595894818015],[-0.36853732298347358,39.454517779260669],[-0.36829210765153192,39.454614449864515],[-0.36837073002234388,39.454720966505441],[-0.36835251999784124,39.454810417005156],[-0.37109443669555814,39.455115717148118]]]},"properties":{"codsecc":"18","coddistsecc":"1018","objectid":434,"st_area(shape)":49211.675756500001,"coddistrit":"10"}},{"type":"Feature","id":430,"geometry":{"type":"Polygon","coordinates":[[[-0.33459128413740125,39.454779846272523],[-0.33489328174044253,39.45383184351337],[-0.33490574889835895,39.452629468973015],[-0.33522872746540733,39.45065495607583],[-0.33311939164119164,39.450340833766695],[-0.3327242556475421,39.451768663399413],[-0.33360597233687228,39.451919513184741],[-0.33341510176645489,39.452581773203065],[-0.33251545801073301,39.452444023575765],[-0.3316102442527516,39.453288093493299],[-0.3308913567339164,39.454064356267118],[-0.33241212133805165,39.454883015591335],[-0.33325960821057221,39.454866420717792],[-0.33459128413740125,39.454779846272523]]]},"properties":{"codsecc":"47","coddistsecc":"1147","objectid":430,"st_area(shape)":109566.66607000001,"coddistrit":"11"}},{"type":"Feature","id":428,"geometry":{"type":"Polygon","coordinates":[[[-0.39031872448997879,39.456427395474002],[-0.39029019726201247,39.456471799083921],[-0.39357325921041142,39.456275215709674],[-0.39417859250941945,39.454923968139475],[-0.39194707363551246,39.454018065913402],[-0.39170938517439902,39.454373085533696],[-0.39126974822582578,39.455020854534098],[-0.39086370320614894,39.455624340676657],[-0.39031872448997879,39.456427395474002]]]},"properties":{"codsecc":"31","coddistsecc":"0831","objectid":428,"st_area(shape)":53972.338938499997,"coddistrit":"8"}},{"type":"Feature","id":426,"geometry":{"type":"Polygon","coordinates":[[[-0.39029019726201247,39.456471799083921],[-0.39031872448997879,39.456427395474002],[-0.38862982284386272,39.455520108069805],[-0.38724542039388071,39.45488089819974],[-0.38688079499281575,39.455386195033881],[-0.38706169682178521,39.455966827342557],[-0.3886535159437372,39.456615204470516],[-0.39029019726201247,39.456471799083921]]]},"properties":{"codsecc":"7","coddistsecc":"0907","objectid":426,"st_area(shape)":26520.672188500001,"coddistrit":"9"}},{"type":"Feature","id":425,"geometry":{"type":"Polygon","coordinates":[[[-0.40261456982378913,39.455297510365504],[-0.40364901819520366,39.456991756764388],[-0.40459315825966191,39.456075932693523],[-0.40554714812018899,39.455245904568535],[-0.40500266292409509,39.454418447415762],[-0.40261456982378913,39.455297510365504]]]},"properties":{"codsecc":"20","coddistsecc":"0820","objectid":425,"st_area(shape)":35306.740001500002,"coddistrit":"8"}},{"type":"Feature","id":424,"geometry":{"type":"Polygon","coordinates":[[[-0.37576872356134727,39.456919523918096],[-0.37551151422509377,39.456535345820093],[-0.374729955389216,39.45539609706718],[-0.37415443975183343,39.455635342461413],[-0.37402250833919165,39.455416150130517],[-0.37145047991425839,39.455497635715965],[-0.37153780083451876,39.455995086032864],[-0.37269665103418959,39.456255526746659],[-0.37576872356134727,39.456919523918096]]]},"properties":{"codsecc":"16","coddistsecc":"1016","objectid":424,"st_area(shape)":33515.764999500003,"coddistrit":"10"}},{"type":"Feature","id":422,"geometry":{"type":"Polygon","coordinates":[[[-0.36315269247421161,39.456778069390374],[-0.36419650969788048,39.456333289659838],[-0.36675588278562088,39.455278737036402],[-0.3671222704782246,39.455115870449028],[-0.36537779750162663,39.45264847524264],[-0.36277984161975646,39.453765184775499],[-0.36259519559096692,39.453846578404004],[-0.36166504274880251,39.454244367099378],[-0.36157298039995739,39.454354887134699],[-0.36151203632069207,39.45443007836144],[-0.36315269247421161,39.456778069390374]]]},"properties":{"codsecc":"36","coddistsecc":"1036","objectid":422,"st_area(shape)":120158.00762600001,"coddistrit":"10"}},{"type":"Feature","id":420,"geometry":{"type":"Polygon","coordinates":[[[-0.367960665415004,39.457094265881146],[-0.36800260635765236,39.457176294920679],[-0.37127065268171311,39.456975508301603],[-0.37161775276284298,39.456996871825154],[-0.37171954488522141,39.457071244302561],[-0.3717219464120699,39.456949679716878],[-0.37153780083451876,39.455995086032864],[-0.37145047991425839,39.455497635715965],[-0.37150276512026414,39.454899732421254],[-0.37109443669555814,39.455115717148118],[-0.36835251999784124,39.454810417005156],[-0.36837073002234388,39.454720966505441],[-0.36829210765153192,39.454614449864515],[-0.3671222704782246,39.455115870449028],[-0.36675588278562088,39.455278737036402],[-0.36736499737044065,39.456229451602361],[-0.367960665415004,39.457094265881146]]]},"properties":{"codsecc":"19","coddistsecc":"1019","objectid":420,"st_area(shape)":87031.852710499996,"coddistrit":"10"}},{"type":"Feature","id":368,"geometry":{"type":"Polygon","coordinates":[[[-0.37276395410786489,39.461666800203446],[-0.37347151865477807,39.461664784793172],[-0.37383153400373997,39.462154882621512],[-0.37640617149626365,39.461082445975094],[-0.37554504132351868,39.45985583172201],[-0.37432419353607138,39.460373279974711],[-0.37296904078212612,39.460946236579254],[-0.37277900423023685,39.461054550821572],[-0.37276395410786489,39.461666800203446]]]},"properties":{"codsecc":"19","coddistsecc":"0219","objectid":368,"st_area(shape)":41919.338407000003,"coddistrit":"2"}},{"type":"Feature","id":417,"geometry":{"type":"Polygon","coordinates":[[[-0.40235205126151991,39.458214997075956],[-0.40364901819520366,39.456991756764388],[-0.40261456982378913,39.455297510365504],[-0.4025817909303932,39.45485083962771],[-0.40218303494787372,39.454616706140499],[-0.40163614266931086,39.453640542734021],[-0.40089795902645192,39.452515948543635],[-0.39830433723075587,39.454583990138403],[-0.39949384599288879,39.455466442832765],[-0.39909591968561819,39.455795370326186],[-0.40235205126151991,39.458214997075956]]]},"properties":{"codsecc":"19","coddistsecc":"0819","objectid":417,"st_area(shape)":136325.009942,"coddistrit":"8"}},{"type":"Feature","id":416,"geometry":{"type":"Polygon","coordinates":[[[-0.37396708710986559,39.457662578172766],[-0.37576872356134727,39.456919523918096],[-0.37269665103418959,39.456255526746659],[-0.37269223504966942,39.456777928832146],[-0.3737190955737214,39.456994835998792],[-0.3736473935358221,39.457182400709414],[-0.37396708710986559,39.457662578172766]]]},"properties":{"codsecc":"46","coddistsecc":"1046","objectid":416,"st_area(shape)":17262.019531499998,"coddistrit":"10"}},{"type":"Feature","id":413,"geometry":{"type":"Polygon","coordinates":[[[-0.39315377885775715,39.459067537649148],[-0.39429972667620489,39.458003184530213],[-0.39412991570215988,39.457512900015622],[-0.39310777722636187,39.456836837013228],[-0.39357325921041142,39.456275215709674],[-0.39029019726201247,39.456471799083921],[-0.39210895061474221,39.45814322299082],[-0.39315377885775715,39.459067537649148]]]},"properties":{"codsecc":"42","coddistsecc":"0842","objectid":413,"st_area(shape)":52948.312064999998,"coddistrit":"8"}},{"type":"Feature","id":366,"geometry":{"type":"Polygon","coordinates":[[[-0.35896952521606645,39.461912640641337],[-0.36157226692421385,39.46096728824994],[-0.3611326726568434,39.460317683585195],[-0.36151561530268445,39.460159724548738],[-0.36219156783706247,39.461148008886035],[-0.3634114668487512,39.460716251481657],[-0.36278753637117128,39.460427326817545],[-0.36125304845304607,39.459631253471663],[-0.35910892649296006,39.459456419206084],[-0.35900409848989678,39.459692769928282],[-0.35788242401048498,39.460081670121106],[-0.35896952521606645,39.461912640641337]]]},"properties":{"codsecc":"10","coddistsecc":"1010","objectid":366,"st_area(shape)":66604.760095000005,"coddistrit":"10"}},{"type":"Feature","id":411,"geometry":{"type":"Polygon","coordinates":[[[-0.37134054565997143,39.458765328017023],[-0.37144150050021918,39.458727071751674],[-0.37396708710986559,39.457662578172766],[-0.3736473935358221,39.457182400709414],[-0.3737190955737214,39.456994835998792],[-0.37269223504966942,39.456777928832146],[-0.37266937745224993,39.457115242425836],[-0.37171954488522141,39.457071244302561],[-0.3717037850335545,39.457895184679991],[-0.37134054565997143,39.458765328017023]]]},"properties":{"codsecc":"14","coddistsecc":"1014","objectid":411,"st_area(shape)":24891.022031,"coddistrit":"10"}},{"type":"Feature","id":410,"geometry":{"type":"Polygon","coordinates":[[[-0.36407135142237651,39.458609667421378],[-0.36410460157950336,39.458556368784599],[-0.36434145839241289,39.458458139395042],[-0.36315269247421161,39.456778069390374],[-0.36139522195437618,39.45752192904488],[-0.36197117244225457,39.458368317005615],[-0.36220580780884348,39.458463730604869],[-0.36262703198913693,39.457946284862238],[-0.36407135142237651,39.458609667421378]]]},"properties":{"codsecc":"8","coddistsecc":"1008","objectid":410,"st_area(shape)":25249.468532499999,"coddistrit":"10"}},{"type":"Feature","id":481,"geometry":{"type":"Polygon","coordinates":[[[-0.39335656682194375,39.444392265376294],[-0.39371863394589701,39.443427437383264],[-0.39430492146920032,39.441922634948675],[-0.39354520179241459,39.44188757464314],[-0.39229962788696748,39.442242504318251],[-0.39043623739374539,39.442340312509117],[-0.38903633705655055,39.442335892442884],[-0.3880171790534348,39.442092286793375],[-0.38764553488531389,39.443038836431285],[-0.39006468128748906,39.443615704188417],[-0.39105534983337248,39.443845148384469],[-0.39335656682194375,39.444392265376294]]]},"properties":{"codsecc":"30","coddistsecc":"0930","objectid":481,"st_area(shape)":90207.649756500003,"coddistrit":"9"}},{"type":"Feature","id":587,"geometry":{"type":"Polygon","coordinates":[[[-0.39086370320614894,39.455624340676657],[-0.39126974822582578,39.455020854534098],[-0.39170938517439902,39.454373085533696],[-0.39007707952945331,39.453701319138069],[-0.3896469076361872,39.454367312147497],[-0.38798722432682869,39.453884087177585],[-0.38775193165787886,39.454194099154584],[-0.39086370320614894,39.455624340676657]]]},"properties":{"codsecc":"13","coddistsecc":"0913","objectid":587,"st_area(shape)":32307.583000999999,"coddistrit":"9"}},{"type":"Feature","id":1592,"geometry":{"type":"Polygon","coordinates":[[[-0.35555760883051013,39.489735017267769],[-0.35545219433541142,39.490502865706539],[-0.35584036981734718,39.490556743560134],[-0.35558388466994306,39.492763093280686],[-0.35559926344965548,39.492772397973191],[-0.35564222926913025,39.492798375073193],[-0.35578405453381423,39.492885555169821],[-0.35595019788482052,39.492990999661757],[-0.35613303774236016,39.493103823629802],[-0.35613582117733383,39.493105544573211],[-0.35621503995740872,39.493151489943209],[-0.35629300657318042,39.493191515052828],[-0.35644608014007673,39.49328750858831],[-0.35668744543042469,39.493427230037987],[-0.35682594011738666,39.493513387193907],[-0.3568824080823163,39.493548517577167],[-0.35692613455919792,39.493581448243468],[-0.35699100079853108,39.4936303007443],[-0.35706666197911774,39.493684245458361],[-0.35711595585199229,39.493719383711401],[-0.35719285137522966,39.49377788781792],[-0.35721905969899442,39.4937978256986],[-0.3573594973846882,39.493909151802441],[-0.35750859605860902,39.494018071186531],[-0.35761532392651513,39.494095099796212],[-0.35761678482181719,39.494093061008776],[-0.35789360909175516,39.493806067502682],[-0.35936300454586517,39.490863629923901],[-0.35967479800570157,39.49023922006662],[-0.35750788956115792,39.4899865970077],[-0.35555760883051013,39.489735017267769]]]},"properties":{"codsecc":"19","coddistsecc":"1419","objectid":1592,"st_area(shape)":108916.0463705,"coddistrit":"14"}},{"type":"Feature","id":2136,"geometry":{"type":"Polygon","coordinates":[[[-0.37378424099808288,39.485342311627221],[-0.37407191095911774,39.484668650314703],[-0.37428020360651515,39.484443633403203],[-0.37346612223677944,39.484335147332359],[-0.3725356616967474,39.484210510952174],[-0.37199700778054523,39.484139772853297],[-0.3709682839227505,39.485697523879445],[-0.37155168936996513,39.486489980844979],[-0.37218944042047714,39.48668908509471],[-0.37273374147041494,39.486687879996921],[-0.37321231996388676,39.485324870838767],[-0.37378424099808288,39.485342311627221]]]},"properties":{"codsecc":"18","coddistsecc":"0518","objectid":2136,"st_area(shape)":46385.758313999999,"coddistrit":"5"}},{"type":"Feature","id":2009,"geometry":{"type":"Polygon","coordinates":[[[-0.41160059886277445,39.471900367304386],[-0.40983105843866097,39.471471722677308],[-0.40739077135801294,39.470885776719662],[-0.40700507790814228,39.472115877791886],[-0.40679054020814964,39.472669629540476],[-0.40687890304893837,39.472737582011433],[-0.40745925772912872,39.472777106610046],[-0.40787149533541123,39.472747483368252],[-0.40847972439806679,39.47271563498412],[-0.40890161543529835,39.47266047608246],[-0.40938018325276859,39.472633209241444],[-0.4101658151681124,39.472577217020081],[-0.41088622048611317,39.472544207265756],[-0.41102232752933671,39.472519050894178],[-0.41113870296673072,39.472422591243316],[-0.41145697793035579,39.472094651193913],[-0.41160059886277445,39.471900367304386]]]},"properties":{"codsecc":"22","coddistsecc":"0722","objectid":2009,"st_area(shape)":53685.846721499998,"coddistrit":"7"}},{"type":"Feature","id":2008,"geometry":{"type":"Polygon","coordinates":[[[-0.40687890304893837,39.472737582011433],[-0.40679054020814964,39.472669629540476],[-0.40550810943997678,39.472537403855853],[-0.40509902719043961,39.470487777865536],[-0.40527326538127384,39.469748448203454],[-0.40275056518207275,39.469291193573028],[-0.40274140290313171,39.469322519727577],[-0.40253967356071135,39.470038717831052],[-0.40260779689294673,39.47035554059778],[-0.4028532502871307,39.471509652527537],[-0.4030994428120796,39.472663771350099],[-0.40158858895826327,39.472891246316173],[-0.40207637254095491,39.474483192309179],[-0.40361381769156235,39.474178928661857],[-0.4070186943959842,39.473510425185168],[-0.40687890304893837,39.472737582011433]]]},"properties":{"codsecc":"10","coddistsecc":"0710","objectid":2008,"st_area(shape)":141232.66289000001,"coddistrit":"7"}},{"type":"Feature","id":308,"geometry":{"type":"Polygon","coordinates":[[[-0.36424284205116542,39.466207921694789],[-0.36543085695383137,39.465698846335151],[-0.36458149623594854,39.464472410741728],[-0.36336757882814774,39.464994403160631],[-0.36106726576336451,39.465910626658641],[-0.36176615725467715,39.467196723894816],[-0.36424284205116542,39.466207921694789]]]},"properties":{"codsecc":"55","coddistsecc":"0255","objectid":308,"st_area(shape)":53954.897720000001,"coddistrit":"2"}},{"type":"Feature","id":442,"geometry":{"type":"Polygon","coordinates":[[[-0.33341510176645489,39.452581773203065],[-0.33360597233687228,39.451919513184741],[-0.3327242556475421,39.451768663399413],[-0.33311939164119164,39.450340833766695],[-0.33333131255699983,39.449602482505036],[-0.33278351414206497,39.449513337985145],[-0.33243773516382791,39.449401810504128],[-0.33218181242361916,39.449238283022858],[-0.33195897509548178,39.448931383331796],[-0.33149807640176571,39.448506399113903],[-0.33175080326493944,39.448277973593306],[-0.33228792052111134,39.447772299401898],[-0.33193116055856764,39.447529891387539],[-0.33195366733321863,39.447453833565682],[-0.33104776614674569,39.446892517771268],[-0.33050848987249665,39.446276554886481],[-0.32912561572462246,39.444420537763428],[-0.3273499676544383,39.446285073033344],[-0.32709909632763029,39.448229690605075],[-0.3316102442527516,39.453288093493299],[-0.33251545801073301,39.452444023575765],[-0.33341510176645489,39.452581773203065]]]},"properties":{"codsecc":"45","coddistsecc":"1145","objectid":442,"st_area(shape)":267533.32562700001,"coddistrit":"11"}},{"type":"Feature","id":423,"geometry":{"type":"Polygon","coordinates":[[[-0.37576872356134727,39.456919523918096],[-0.3771822133744191,39.456356858542136],[-0.37545253425702674,39.453930475572655],[-0.37473085687952074,39.452918711393409],[-0.37341956491089273,39.453488161757491],[-0.37354212320229085,39.45366660329416],[-0.37356214660290266,39.453694082227891],[-0.374729955389216,39.45539609706718],[-0.37551151422509377,39.456535345820093],[-0.37576872356134727,39.456919523918096]]]},"properties":{"codsecc":"22","coddistsecc":"1022","objectid":423,"st_area(shape)":57617.333844000001,"coddistrit":"10"}},{"type":"Feature","id":414,"geometry":{"type":"Polygon","coordinates":[[[-0.3858455064541878,39.458052030265648],[-0.38679311427512242,39.458194960037886],[-0.38680951147642612,39.457970108055754],[-0.38685411441582324,39.457457616782108],[-0.38706169682178521,39.455966827342557],[-0.38688079499281575,39.455386195033881],[-0.38654224199126674,39.455311016423657],[-0.38620209749788659,39.456636664870331],[-0.3858455064541878,39.458052030265648]]]},"properties":{"codsecc":"8","coddistsecc":"0908","objectid":414,"st_area(shape)":19876.972752000001,"coddistrit":"9"}},{"type":"Feature","id":2029,"geometry":{"type":"Polygon","coordinates":[[[-0.30546731697584073,39.299247133927338],[-0.30550639859287015,39.2992862458307],[-0.30856961873868205,39.305032742202847],[-0.31011223627824103,39.309789057045919],[-0.31110962262471142,39.312208472391248],[-0.31180559243343875,39.312999322077907],[-0.31193891991543993,39.314268143860716],[-0.30566069493954562,39.31222203626244],[-0.30131194294692926,39.31020234189743],[-0.29945657710553336,39.310105233090077],[-0.29913351175105674,39.31149410055901],[-0.30068821107580329,39.31313376636836],[-0.3042741850206645,39.315730388893613],[-0.31049181674317428,39.324734509301095],[-0.31166134483204666,39.327774996902704],[-0.31225708644234812,39.330995915395036],[-0.31910375598251456,39.340086134542098],[-0.32102858062986472,39.339468341413941],[-0.32320657027826893,39.348378634776388],[-0.32625971737404258,39.357935113575813],[-0.32932277394130532,39.357892893302207],[-0.32953070369390297,39.36187504628068],[-0.32990536024757133,39.364488579531972],[-0.33098465052311682,39.364379141401571],[-0.33241951780187873,39.368132913527774],[-0.33427597011569748,39.368253924575441],[-0.33701250278693828,39.373018753998906],[-0.34317024743152286,39.370818732332957],[-0.34116207464764514,39.366826560815952],[-0.34375615267597742,39.36593636063423],[-0.34411428230433572,39.366602251465096],[-0.34709045113494064,39.369953515754041],[-0.35173558029934382,39.368002385271538],[-0.35135567973600412,39.367410164487595],[-0.35247692457303847,39.36665708534187],[-0.35345704474027423,39.365845162516862],[-0.35391016291930449,39.365446659005229],[-0.35782558740296933,39.364406508305564],[-0.36099274208984805,39.363878807931869],[-0.36065565293921809,39.362395796435344],[-0.36361613073359855,39.359753688032221],[-0.37020635145746578,39.362497773088194],[-0.37193729377760426,39.358990016017472],[-0.375146278056673,39.358027135376538],[-0.37718811256572571,39.357821221273937],[-0.37827783876048765,39.357598892908541],[-0.37911644055060484,39.356974781200975],[-0.3800714360484429,39.356527211932054],[-0.38073396099316592,39.356245866736998],[-0.38157840126471054,39.356203152363463],[-0.38262296164934329,39.355486003498612],[-0.38273215891664142,39.354505134277559],[-0.38516611449668325,39.353201989952524],[-0.38529481757130807,39.352408564007014],[-0.38627112628472221,39.351813287214291],[-0.38588629801156138,39.350619591104376],[-0.3862518834062359,39.349344003808291],[-0.38612102248857727,39.348186780870343],[-0.38643274419853629,39.347502501346057],[-0.38659442361921453,39.346322888087613],[-0.38673624438737553,39.34355107890481],[-0.38822337347344332,39.342971808836609],[-0.38799733298768513,39.34060976973246],[-0.38957514530510923,39.340015013254842],[-0.39050331511366354,39.339913291142395],[-0.39094172941081845,39.339643045918884],[-0.39079510369640413,39.339342181307202],[-0.39069483882598111,39.33900733863311],[-0.39105225058974202,39.338490213466187],[-0.39306213322904721,39.338036810379691],[-0.39435177125505416,39.336700323283864],[-0.39461905491911192,39.336181158537556],[-0.3924325534701214,39.335598966244369],[-0.39279839655575449,39.334854457131435],[-0.39682894435531108,39.335592394335876],[-0.39763406169210885,39.334245177886551],[-0.39780730847859053,39.333828937260314],[-0.39680406873298085,39.33352641788948],[-0.39656343736615246,39.333328474181755],[-0.39632169558294156,39.332552857420445],[-0.39629289348693408,39.332114582776278],[-0.39873591981267098,39.331889151368649],[-0.39842319914070295,39.329316277335593],[-0.39672938749804393,39.329400914359191],[-0.39443626792697123,39.323211930382001],[-0.39170265946047772,39.323067363716277],[-0.39069598509498055,39.314908621697562],[-0.38997639671528395,39.314948263413619],[-0.38508019305485225,39.316260616559838],[-0.38476139692009836,39.317503124377389],[-0.38155948411649543,39.316706010113691],[-0.37680369335124608,39.312331977101259],[-0.38001056260483362,39.31106560487089],[-0.37742924955446439,39.310003471989639],[-0.37603809195105548,39.307562115962988],[-0.37540789639066102,39.307313324411929],[-0.36785093888736453,39.30774201809573],[-0.36739361869672643,39.307186942190377],[-0.36757419533612989,39.306621543269515],[-0.36458715045896695,39.304973056864362],[-0.36316605419512105,39.306279960739253],[-0.36146211598598765,39.305749411490503],[-0.3607252323219664,39.306634540595283],[-0.35906640507193271,39.306818913826568],[-0.3560056218654985,39.312389041284618],[-0.35245779490465479,39.311308756095237],[-0.34967850766385888,39.311066140026227],[-0.3474878338952222,39.315288021241152],[-0.33708992055025472,39.316182235510006],[-0.33697843304953057,39.314649705724264],[-0.33579054931346486,39.314671047177285],[-0.33419387754163188,39.317230661748582],[-0.33300524164750794,39.315626314708453],[-0.33055624740842221,39.313968474068545],[-0.32930609831835561,39.313163364514487],[-0.3289058980429404,39.313008601085727],[-0.32834409808287068,39.312995700318019],[-0.32295252236060057,39.313939039857111],[-0.32254678545227639,39.313929702226581],[-0.32201128999050377,39.313801089143801],[-0.32156339815662049,39.313188396855928],[-0.3211177053295971,39.312321648169238],[-0.32063859524390342,39.311982536827173],[-0.32004174564519289,39.311823574109987],[-0.31847669576503146,39.311792905886023],[-0.31847621805301812,39.310693267472288],[-0.31856557526328838,39.309005868129113],[-0.3186608852599076,39.308553475212904],[-0.31859011091058126,39.307452774609949],[-0.31852454974593997,39.306590605902002],[-0.31848504605909067,39.305690776823695],[-0.31836591577538681,39.304942119680895],[-0.31833442905929615,39.303832098938443],[-0.31824770971713356,39.30352408507747],[-0.31814150371392153,39.303081740411898],[-0.31772185915359796,39.303110317894998],[-0.31670674782287578,39.303259060874986],[-0.31626358444346786,39.303390837286649],[-0.3158342587341616,39.303615596938798],[-0.31553300189681904,39.303876823321595],[-0.31516396933122071,39.303935360822202],[-0.31473377698732247,39.303900288297179],[-0.31400030921943373,39.303615179241753],[-0.31269706712942974,39.303559966261076],[-0.312297768765119,39.303465220653209],[-0.31155801787247528,39.30306262814976],[-0.31039772574473229,39.302373763039014],[-0.30909806899617498,39.301447647809979],[-0.30775768053323738,39.300518737932968],[-0.30646332101630996,39.299826037991153],[-0.30546731697584073,39.299247133927338]]]},"properties":{"codsecc":"9","coddistsecc":"1909","objectid":2029,"st_area(shape)":36961641.968177997,"coddistrit":"19"}},{"type":"Feature","id":306,"geometry":{"type":"Polygon","coordinates":[[[-0.34594409236611179,39.46696258788333],[-0.34628436950319835,39.466285692945739],[-0.34429541372474737,39.465695246130565],[-0.34459556314507722,39.465080500445254],[-0.34335430001119421,39.46471432124217],[-0.34274309701296052,39.46594354682226],[-0.34486856465398003,39.466573174209294],[-0.34510349071616775,39.466718177150412],[-0.34564670416141585,39.466874716891624],[-0.34594409236611179,39.46696258788333]]]},"properties":{"codsecc":"11","coddistsecc":"1211","objectid":306,"st_area(shape)":30904.144783,"coddistrit":"12"}},{"type":"Feature","id":1672,"geometry":{"type":"Polygon","coordinates":[[[-0.38888603579418302,39.500236303675734],[-0.39312630295063727,39.504331443867436],[-0.39674538313245433,39.501754997712723],[-0.39677913443332968,39.501748952291102],[-0.39674668274572422,39.50164854297244],[-0.39676083399914391,39.501545150883828],[-0.39682878206706546,39.501472215643062],[-0.39685618237899523,39.50139425489678],[-0.39688728468907253,39.501296557750962],[-0.39690318872008312,39.501238411002475],[-0.39693842427093834,39.501122194285635],[-0.39699705729876694,39.501022465309994],[-0.39703457361675021,39.50084513899175],[-0.39709286489317791,39.500662962880959],[-0.39716565013943866,39.500566947163485],[-0.39715823179383597,39.500489665747679],[-0.3972098225856816,39.500395085064504],[-0.39726140127697768,39.500300513093364],[-0.39729320814524871,39.500184219436839],[-0.39734970129492558,39.500049875596218],[-0.39738424135543077,39.499952255291298],[-0.39741395377523653,39.499891760165568],[-0.39750118336922147,39.499796905577128],[-0.39752446077508641,39.499802273689049],[-0.39759410613418278,39.499753897899971],[-0.39760389953649089,39.499469961982967],[-0.39608748506221431,39.4990510151084],[-0.39537568026361963,39.500059540096153],[-0.3946293525207229,39.499835208711488],[-0.39417101652326952,39.499402093931359],[-0.39403553626568749,39.499186096690167],[-0.39361108238137482,39.498770369881768],[-0.39227691752533028,39.499524198227029],[-0.3914492176531002,39.498744376456607],[-0.38888603579418302,39.500236303675734]]]},"properties":{"codsecc":"23","coddistsecc":"1623","objectid":1672,"st_area(shape)":253268.314522,"coddistrit":"16"}},{"type":"Feature","id":1673,"geometry":{"type":"Polygon","coordinates":[[[-0.39361108238137482,39.498770369881768],[-0.39403553626568749,39.499186096690167],[-0.39417101652326952,39.499402093931359],[-0.3946293525207229,39.499835208711488],[-0.39537568026361963,39.500059540096153],[-0.39608748506221431,39.4990510151084],[-0.39760389953649089,39.499469961982967],[-0.39759410613418278,39.499753897899971],[-0.39805321858437853,39.499857673404811],[-0.39826340745726069,39.499913009593286],[-0.39840293134110299,39.499953367091919],[-0.39852179761193052,39.499979226205319],[-0.39863682501659814,39.500001386724058],[-0.39873770137598408,39.500029140081921],[-0.39881224431057793,39.50004397978919],[-0.39891419055853133,39.500074540663547],[-0.39900589670862846,39.500091575239637],[-0.3990824058256856,39.500113251418192],[-0.39912239819435774,39.500122236543042],[-0.39915550781570924,39.500129004573765],[-0.39919072907986308,39.500115009553113],[-0.39923487974452532,39.500022162245394],[-0.39925938201419953,39.499940127099258],[-0.39926714542852726,39.499908752081588],[-0.39932502622894117,39.499911705263457],[-0.39942323115906614,39.499927218344567],[-0.39950348791879847,39.499935708174213],[-0.39972174163196661,39.499957232061497],[-0.39973517301074046,39.499942560036395],[-0.39973893418066697,39.4998993839855],[-0.39976113771797184,39.499879917401856],[-0.39983206605224669,39.499878180462012],[-0.40020092208551283,39.499911172537793],[-0.40030093415147006,39.499949958992488],[-0.40032548243600885,39.499912509157106],[-0.40035985717153888,39.499891891390838],[-0.40061091818441286,39.499888679775744],[-0.40100976352893297,39.499867404569557],[-0.40107230361499202,39.499874515058927],[-0.40107469111389282,39.499859127387992],[-0.40111727190891816,39.499774009798656],[-0.40113132190176365,39.499741793303173],[-0.39981436523690672,39.498539050525238],[-0.39695119601457723,39.495813825116628],[-0.39664116770341118,39.495514093360597],[-0.39603196909270777,39.495869793850062],[-0.39400496129589424,39.497099083893943],[-0.39427106233223269,39.497154600173744],[-0.39437252534094674,39.49733705133886],[-0.3939045830219926,39.498326523032375],[-0.39361108238137482,39.498770369881768]]]},"properties":{"codsecc":"21","coddistsecc":"1621","objectid":1673,"st_area(shape)":174403.759686,"coddistrit":"16"}},{"type":"Feature","id":1674,"geometry":{"type":"Polygon","coordinates":[[[-0.39758877373560231,39.49541820677296],[-0.39695119601457723,39.495813825116628],[-0.39981436523690672,39.498539050525238],[-0.40113132190176365,39.499741793303173],[-0.40114246967459505,39.499705701170363],[-0.40116615332088268,39.499618422181108],[-0.40116967804496217,39.499537881309053],[-0.40117230391174602,39.499459617573976],[-0.40117180754521958,39.499326591604223],[-0.40120352306036716,39.499206943470405],[-0.40121475680681856,39.499124854337296],[-0.40122988987093983,39.499051086455793],[-0.40128312145485417,39.49901215187036],[-0.40135975575453298,39.499003307542594],[-0.40145064718246237,39.498977899535241],[-0.40148221319431904,39.498970848918468],[-0.39824440351336732,39.496018461044244],[-0.39758877373560231,39.49541820677296]]]},"properties":{"codsecc":"20","coddistsecc":"1620","objectid":1674,"st_area(shape)":39993.896810500002,"coddistrit":"16"}},{"type":"Feature","id":2056,"geometry":{"type":"Polygon","coordinates":[[[-0.32646084647593532,39.484168923378405],[-0.32646784264893114,39.484119230148288],[-0.32666604361782398,39.482776987955425],[-0.32674027481298035,39.481332815298572],[-0.328061270056619,39.481367684701169],[-0.32807185360595331,39.480768857441134],[-0.32807024794389111,39.479444548067406],[-0.32671582133306454,39.479278274651634],[-0.32675286847057144,39.477666575509268],[-0.32645689071318701,39.474583315270365],[-0.32457406533793109,39.474558016875015],[-0.32427936840039684,39.475650286167024],[-0.32431865441061519,39.47826370037172],[-0.32427250580954231,39.479978779590809],[-0.32450515736794217,39.483399383772323],[-0.32462633020287257,39.48354431316428],[-0.32486947214606188,39.48379555155833],[-0.32506015488868822,39.484006312856785],[-0.32522536681237979,39.48408697833711],[-0.32535806046568,39.484115221125947],[-0.32542974335023667,39.484128285146063],[-0.32564053924170044,39.484118894189557],[-0.32621260779163408,39.484135446628422],[-0.32632454425141622,39.484136842180831],[-0.32640566257500886,39.484152762259548],[-0.32645063213648534,39.484167589297009],[-0.32646084647593532,39.484168923378405]]]},"properties":{"codsecc":"38","coddistsecc":"1138","objectid":2056,"st_area(shape)":233372.7181115,"coddistrit":"11"}},{"type":"Feature","id":2057,"geometry":{"type":"Polygon","coordinates":[[[-0.32773254869516566,39.484186375169614],[-0.32773537164367023,39.48416639570673],[-0.3280581556209331,39.482245962831968],[-0.328061270056619,39.481367684701169],[-0.32674027481298035,39.481332815298572],[-0.32666604361782398,39.482776987955425],[-0.32646784264893114,39.484119230148288],[-0.32646084647593532,39.484168923378405],[-0.32646807645328485,39.484169864479391],[-0.32659022189798564,39.48418578248473],[-0.32671019482109526,39.484185885136455],[-0.327110895490205,39.484165581625838],[-0.32727219995521278,39.48416440928878],[-0.32755420197458179,39.484170219810615],[-0.32773254869516566,39.484186375169614]]]},"properties":{"codsecc":"39","coddistsecc":"1139","objectid":2057,"st_area(shape)":35472.4078525,"coddistrit":"11"}},{"type":"Feature","id":2058,"geometry":{"type":"Polygon","coordinates":[[[-0.32921018881455322,39.484627812223628],[-0.32937601149755424,39.483843757433235],[-0.32967266959028507,39.4824902591822],[-0.3291212116438233,39.482414532964981],[-0.3280581556209331,39.482245962831968],[-0.32773538325910367,39.484166395973844],[-0.32773254869516566,39.484186375169614],[-0.32778321200234256,39.484190963609038],[-0.32838868879084732,39.484360980310399],[-0.32884429918085578,39.484509189063147],[-0.32916956640384754,39.484614806832731],[-0.32921018881455322,39.484627812223628]]]},"properties":{"codsecc":"50","coddistsecc":"1150","objectid":2058,"st_area(shape)":31146.178935,"coddistrit":"11"}},{"type":"Feature","id":536,"geometry":{"type":"Polygon","coordinates":[[[-0.33854195123763853,39.461762003317851],[-0.33943086648697646,39.461079674067342],[-0.33984515142917315,39.460557640996839],[-0.33989588380133157,39.460446192758546],[-0.34007011432043932,39.460067308391459],[-0.33823376609992789,39.459728497675194],[-0.33805412590457568,39.461310032213383],[-0.33771808877766479,39.461309181370154],[-0.33763244465305686,39.461427215991897],[-0.33854195123763853,39.461762003317851]]]},"properties":{"codsecc":"54","coddistsecc":"1154","objectid":536,"st_area(shape)":25424.976552,"coddistrit":"11"}},{"type":"Feature","id":2169,"geometry":{"type":"Polygon","coordinates":[[[-0.376389584132582,39.528308078238751],[-0.37647433826633669,39.528374620980607],[-0.37652519928814071,39.528434524540167],[-0.37653993370587879,39.52851218820264],[-0.37653418614138373,39.528664810355536],[-0.37654045349179577,39.528750147414542],[-0.37656985481137806,39.528825718956753],[-0.37663113822884037,39.52889956011618],[-0.37679183305573116,39.529055130144897],[-0.37692009321576081,39.529175527208736],[-0.3770809489843322,39.529286381164553],[-0.37720094061709847,39.529374285936264],[-0.37733142160284006,39.529497219104208],[-0.37738607339694713,39.529557207878042],[-0.37743291421778224,39.529622893973929],[-0.37745913516167356,39.529682240849816],[-0.37746065911385152,39.529742498585733],[-0.37745002579373338,39.529824706384126],[-0.37743653562229329,39.52992995706412],[-0.37742939185348945,39.530035351019059],[-0.37742196810816597,39.530089469996199],[-0.37742570017781529,39.530133408726748],[-0.37746185924316983,39.530175989510425],[-0.37753359013911791,39.530204752176822],[-0.377694947918088,39.530216754882353],[-0.37803883343199907,39.530251660547911],[-0.37833452813667101,39.530277126522044],[-0.37844826654738184,39.530273468345371],[-0.37856373789403808,39.530286515307438],[-0.37864494074769017,39.530307194003939],[-0.37868790281078202,39.530339045386761],[-0.37869853730916497,39.530381977714313],[-0.37884366126934438,39.530397225003043],[-0.37897031215782195,39.530400082704951],[-0.37928123277129566,39.53040089960745],[-0.37946306941001434,39.530400758659638],[-0.37988456031869788,39.530407302360956],[-0.38033843065001655,39.53041530443987],[-0.38080581690337484,39.530425843655919],[-0.38121629617349728,39.530464439542236],[-0.38154018468014694,39.530499712848957],[-0.3818718847286271,39.530529278610551],[-0.382007969374829,39.530543318251048],[-0.38229827273578904,39.530516365964033],[-0.38287499471833419,39.53046861473269],[-0.38319526655081326,39.530436056274432],[-0.38346109526042582,39.530412738792563],[-0.38377842271301077,39.53038639148474],[-0.38420043830130962,39.53035574326362],[-0.38466967508386068,39.530316075872356],[-0.38513885990912916,39.530295134568],[-0.38531703439593856,39.53028593831047],[-0.38531080293426073,39.530339138774742],[-0.38525937794081255,39.530578847829659],[-0.38521662999977124,39.530840283041279],[-0.38514896003819887,39.53107358149817],[-0.38508472205104344,39.531293849450499],[-0.38500838265673465,39.531501773236556],[-0.3849659453069732,39.531641471273375],[-0.38490980883418485,39.531822544304532],[-0.38486972075605297,39.531927854796088],[-0.38481206849322241,39.53208452502119],[-0.3847488599776086,39.532225259795062],[-0.38467859410498934,39.5323934474034],[-0.38462016970749507,39.532572207558879],[-0.38460177313153004,39.532704600089907],[-0.38459721418889486,39.532785116586389],[-0.38460265698097457,39.53281676969123],[-0.38469794203546731,39.532831860530933],[-0.38470249821724506,39.53281834190647],[-0.38484095526201351,39.532846485305463],[-0.38505106670330042,39.532889475403472],[-0.3852979576796795,39.532938545086992],[-0.38545788165426365,39.532984305558564],[-0.38554625221977795,39.533008501054212],[-0.3856071565278994,39.533017781464935],[-0.38563272413682298,39.532926134494303],[-0.3856712401491223,39.532807212205938],[-0.38569494064932797,39.532725630995472],[-0.38572734257153662,39.532723729660553],[-0.38576467042835966,39.532681093576741],[-0.3858756477717889,39.532534730735492],[-0.38595960194194134,39.532428596269199],[-0.38602232497762773,39.532401801369758],[-0.38609349856960157,39.532333035713634],[-0.38616305008692442,39.532247657441346],[-0.38630033081410775,39.532080805586943],[-0.38635134474195076,39.531992136307466],[-0.38637423194564907,39.531936851154327],[-0.3864088561231418,39.531875713137332],[-0.3864493797055234,39.531838418830219],[-0.38651136959187826,39.531818742080013],[-0.38657870954933549,39.53179259126609],[-0.38664380900311107,39.531780885063405],[-0.38671549958992163,39.531774588203341],[-0.38680519980189448,39.531776957450823],[-0.3869085626172083,39.531788507572976],[-0.38703965677008151,39.531786195339542],[-0.38713090794674709,39.531802733929716],[-0.38721652464494172,39.531833640773847],[-0.38727089344154886,39.531880979357027],[-0.38729289642932613,39.532201590676962],[-0.38734247319243914,39.532205795723257],[-0.38744751745155415,39.532213788703835],[-0.38756114365488997,39.532205443560137],[-0.3876341483880853,39.532209715912245],[-0.38768571632925425,39.532241171975606],[-0.38777051356138598,39.532248348993818],[-0.3879972506360253,39.532262465264132],[-0.38818055587115863,39.532274487497347],[-0.38824180557227594,39.532274549340876],[-0.38838353940619552,39.532260610306118],[-0.38857634452822165,39.532225288365318],[-0.38885565823924484,39.532172280643614],[-0.38910628031289318,39.53212243807247],[-0.38908210962755607,39.532086319301726],[-0.38895760507523519,39.531817853146826],[-0.38891755387550603,39.53161540038505],[-0.38890342128314648,39.53153867960247],[-0.38888827102006562,39.531443486044829],[-0.38886724739309225,39.531322800862412],[-0.38884112123208769,39.531203235177102],[-0.3889092985642123,39.531154706087833],[-0.38889566721378505,39.531109617243565],[-0.38888986944680809,39.531034002693403],[-0.38888294512950944,39.530943750644028],[-0.38884571632563264,39.530801954067087],[-0.38884434547079161,39.530656657319362],[-0.38881221968253976,39.530514975433853],[-0.38883810220049331,39.530499512658004],[-0.38910377902525839,39.530469656480733],[-0.38965492377439115,39.530405513290027],[-0.38995684549602344,39.530356524247424],[-0.38993595884844112,39.530187429321778],[-0.3899094493054947,39.529933679019955],[-0.39020827980346678,39.529934537284888],[-0.39036438641294052,39.529919071877153],[-0.3904961799926564,39.529915384062875],[-0.39082655566875635,39.529912327863364],[-0.3912967563372412,39.529916960235497],[-0.39159152422056048,39.52990825551116],[-0.39194141500789631,39.529895409402968],[-0.39219508663299002,39.529885645344677],[-0.39233377399541658,39.529884569586038],[-0.3924663893972154,39.529915797861001],[-0.39247497858200003,39.529939008005243],[-0.392503415064269,39.530009752365117],[-0.39262755878264016,39.530014637909872],[-0.39271593528371962,39.53001657646778],[-0.39288357952944125,39.529978484404815],[-0.39309242664233601,39.529941082521567],[-0.39355646333131789,39.529870749758508],[-0.39392132843744465,39.529818964518775],[-0.39397977954588259,39.529809816645269],[-0.39400312754328126,39.529799872256888],[-0.39399978627556365,39.529780969016969],[-0.39397731944098852,39.529731286249977],[-0.39394427960650907,39.529602882069725],[-0.39390031948588972,39.529511393979021],[-0.39388514202428404,39.529447226500068],[-0.39387805929770425,39.529347665071356],[-0.39386410610961525,39.52925108455041],[-0.39386251780185527,39.529168222480898],[-0.39389840165664702,39.529056715438401],[-0.39391581479181331,39.528978090347962],[-0.39375019078760787,39.52886928756017],[-0.39372617835740953,39.528851289872783],[-0.39372773146099488,39.528809776366778],[-0.39372760733485018,39.528603824565302],[-0.39368030013021754,39.528422408027254],[-0.39365713947794484,39.528388799256277],[-0.39365306883886753,39.528334358140491],[-0.39353955926648054,39.527936183110839],[-0.39349215693510176,39.527857139790498],[-0.39341788714082104,39.527751539389733],[-0.39331127671490396,39.527594043554117],[-0.39337163149584214,39.527544228139966],[-0.39377903563628558,39.527422228576143],[-0.39383829093927697,39.527388108516625],[-0.39387011499136421,39.52735338204063],[-0.39277422679943563,39.52639507960469],[-0.39198293220948377,39.52537283283197],[-0.39140897109647965,39.525459042153699],[-0.39091112136670947,39.525551462434905],[-0.39087638062040825,39.525469603429421],[-0.38976573848697099,39.525404105053191],[-0.389738588894875,39.525624218346685],[-0.38920820171862119,39.525576255588],[-0.38928847330529792,39.524947447272346],[-0.38940453944755199,39.524391513209693],[-0.38900776499335893,39.52432854363763],[-0.38882014204072196,39.52425225655697],[-0.38897367060013577,39.524093549884164],[-0.38907925439144181,39.523740077349288],[-0.38916996531552966,39.523647524169235],[-0.3879130678056727,39.523294945749164],[-0.38787538860935361,39.523136445439413],[-0.38792029588728327,39.522772600871264],[-0.38810099374894486,39.522082989987531],[-0.38807448821468926,39.521956271561031],[-0.38811743285382388,39.521799583966818],[-0.38819031556857764,39.521503933799337],[-0.38816798003641678,39.521440370390089],[-0.38800824025740765,39.521396239562755],[-0.38811895880866354,39.521254588874697],[-0.38817830568695505,39.520990164991517],[-0.3883534351800455,39.520953562789643],[-0.38846760199374153,39.520875050526854],[-0.38849837096290074,39.520713584669252],[-0.38845083244292689,39.52066296788248],[-0.38828957611441395,39.520659342746001],[-0.38809848663275948,39.520637029149768],[-0.38787802488932083,39.520564497673028],[-0.38787859083528953,39.519650122087171],[-0.38755708252245208,39.519642892633229],[-0.38675718789376523,39.519629406668656],[-0.38672113054124191,39.519020504870454],[-0.38597979334451887,39.518589414905854],[-0.38469846469238783,39.517961485944596],[-0.38367358542487667,39.517357345195272],[-0.38317109590665482,39.517071260912566],[-0.38285801764299543,39.517510141491194],[-0.38245782435403131,39.518158763940228],[-0.38209875064051096,39.51877678087299],[-0.38149306768726632,39.519650491913424],[-0.38053007372398917,39.519489137794125],[-0.38002537316719659,39.519784053928397],[-0.3797750113969845,39.520062182742137],[-0.37936666534565072,39.520404312807052],[-0.37892535447784098,39.520579035959074],[-0.37826346300532027,39.520838866990339],[-0.37835884034876549,39.521453613548239],[-0.37839295032395781,39.522112021083572],[-0.37845330273591621,39.523135874538674],[-0.3785705264903324,39.523170050375612],[-0.3787588981100995,39.524462558983757],[-0.37870454728274938,39.52484420377764],[-0.37869303328227027,39.525150240897212],[-0.3787537629108188,39.525642587161677],[-0.37904675873446037,39.525739285343349],[-0.3790773513093405,39.525969698242903],[-0.37875728478748605,39.52607058141011],[-0.37870838275055563,39.526848733228078],[-0.37781994283933623,39.526828682361987],[-0.37675265405431529,39.526809090493821],[-0.37667173345658916,39.527374812997849],[-0.376389584132582,39.528308078238751]]]},"properties":{"codsecc":"1","coddistsecc":"1701","objectid":2169,"st_area(shape)":1422068.436215,"coddistrit":"17"}},{"type":"Feature","id":107,"geometry":{"type":"Polygon","coordinates":[[[-0.36228598771648468,39.484829588902137],[-0.36357245939607707,39.48522363952425],[-0.36381025675250378,39.484738057149151],[-0.36467252468320532,39.482973898793347],[-0.36339805413081433,39.482571124176275],[-0.36283985269914981,39.483772248315788],[-0.36228598771648468,39.484829588902137]]]},"properties":{"codsecc":"19","coddistsecc":"0619","objectid":107,"st_area(shape)":31438.865123899999,"coddistrit":"6"}},{"type":"Feature","id":114,"geometry":{"type":"Polygon","coordinates":[[[-0.36228598771648468,39.484829588902137],[-0.36283985269914981,39.483772248315788],[-0.36136746714641271,39.48275824022766],[-0.3611574216648416,39.482614640898397],[-0.36072410012797906,39.482946272164234],[-0.36021487269903635,39.482832005916698],[-0.36007436658837533,39.483288414626017],[-0.35997745398827152,39.483506927421836],[-0.35975032165161974,39.483979221960738],[-0.35848949988114864,39.483626733820557],[-0.35839758318553161,39.483741054524145],[-0.35826025698474184,39.484276736291996],[-0.36055955347299684,39.484924400263715],[-0.36203877941660312,39.48536306025018],[-0.36228598771648468,39.484829588902137]]]},"properties":{"codsecc":"2","coddistsecc":"1402","objectid":114,"st_area(shape)":61994.654559310002,"coddistrit":"14"}},{"type":"Feature","id":121,"geometry":{"type":"Polygon","coordinates":[[[-0.36136746714641271,39.48275824022766],[-0.36283985269914981,39.483772248315788],[-0.36339805413081433,39.482571124176275],[-0.36213015516294289,39.482186493390586],[-0.3617957586740681,39.48192215206052],[-0.36136746714641271,39.48275824022766]]]},"properties":{"codsecc":"16","coddistsecc":"0616","objectid":121,"st_area(shape)":17897.376637910002,"coddistrit":"6"}},{"type":"Feature","id":120,"geometry":{"type":"Polygon","coordinates":[[[-0.35848832788132717,39.483630729587532],[-0.35975032165161974,39.483979221960738],[-0.35997745398827152,39.483506927421836],[-0.36007436658837533,39.483288414626017],[-0.36021487269903635,39.482832005916698],[-0.36072410012797906,39.482946272164234],[-0.3611574216648416,39.482614640898397],[-0.35949126827196576,39.481405869098182],[-0.35911883306647951,39.482541497091631],[-0.35894298699316157,39.482618579332801],[-0.35848832788132717,39.483630729587532]]]},"properties":{"codsecc":"15","coddistsecc":"1415","objectid":120,"st_area(shape)":29897.680436704999,"coddistrit":"14"}},{"type":"Feature","id":123,"geometry":{"type":"Polygon","coordinates":[[[-0.35848832788132717,39.483630729587532],[-0.35894298699316157,39.482618579332801],[-0.35911883306647951,39.482541497091631],[-0.35949126827196576,39.481405869098182],[-0.35772449218917424,39.480077967432123],[-0.35742486011459296,39.480381432594314],[-0.35768733097437666,39.480626133310032],[-0.35746056519152014,39.480877717255019],[-0.35712366316954802,39.480698888886963],[-0.35560736678118393,39.481943626696335],[-0.35463861376217848,39.481182858866589],[-0.35442385855590208,39.482439186021956],[-0.35848832788132717,39.483630729587532]]]},"properties":{"codsecc":"1","coddistsecc":"1401","objectid":123,"st_area(shape)":89399.114818595001,"coddistrit":"14"}},{"type":"Feature","id":131,"geometry":{"type":"Polygon","coordinates":[[[-0.3611574216648416,39.482614640898397],[-0.36136746714641271,39.48275824022766],[-0.3617957586740681,39.48192215206052],[-0.36152498765019425,39.481704298299682],[-0.36030774479350447,39.480807316624464],[-0.35949126827196576,39.481405869098182],[-0.3611574216648416,39.482614640898397]]]},"properties":{"codsecc":"22","coddistsecc":"0622","objectid":131,"st_area(shape)":19044.955223655001,"coddistrit":"6"}},{"type":"Feature","id":222,"geometry":{"type":"Polygon","coordinates":[[[-0.3557013172969708,39.471833485369224],[-0.3574997341357346,39.472360876527105],[-0.35797694833969868,39.471403284363376],[-0.35852921246900415,39.470267229457903],[-0.35544632368842694,39.469317023010476],[-0.3548474339943537,39.470522301555533],[-0.35441160140804789,39.471475311089819],[-0.3557013172969708,39.471833485369224]]]},"properties":{"codsecc":"15","coddistsecc":"0615","objectid":222,"st_area(shape)":71861.473780485001,"coddistrit":"6"}},{"type":"Feature","id":395,"geometry":{"type":"Polygon","coordinates":[[[-0.35788242401048498,39.460081670121106],[-0.35900409848989678,39.459692769928282],[-0.35910892649296006,39.459456419206084],[-0.35838674005755433,39.459039115379156],[-0.35800903254641581,39.458674682562965],[-0.35797829279517202,39.458642453005581],[-0.35587231018512194,39.456463989853304],[-0.35931370365297172,39.455001748566083],[-0.35888616534813728,39.454437992947895],[-0.35971287024991833,39.454087425078512],[-0.35917695684126705,39.453413102909799],[-0.36054243301711286,39.452854054112869],[-0.35881083646642836,39.450316908860607],[-0.35172624509704836,39.453329125083727],[-0.34826812392138168,39.452286363784857],[-0.34819262036348281,39.452266623523862],[-0.3470815645778087,39.451957500308609],[-0.34682169900021126,39.45222184067466],[-0.34660488575338472,39.452442110433509],[-0.34556735277600575,39.454039998205346],[-0.34625149607522204,39.454154709111108],[-0.34732497058070932,39.454440460826504],[-0.34815424461407712,39.454941346008212],[-0.34904478028705455,39.455493161994561],[-0.35055109323580536,39.456604041685871],[-0.35266121035388559,39.457940373011382],[-0.35410527718527418,39.458761535530556],[-0.35507576151197268,39.459315144128681],[-0.35788242401048498,39.460081670121106]]]},"properties":{"codsecc":"40","coddistsecc":"1040","objectid":395,"st_area(shape)":626778.66979760001,"coddistrit":"10"}},{"type":"Feature","id":578,"geometry":{"type":"Polygon","coordinates":[[[-0.35055109323580536,39.456604041685871],[-0.34904478028705455,39.455493161994561],[-0.34815424461407712,39.454941346008212],[-0.34740467331259822,39.45633860905069],[-0.3476296136444198,39.456650041158717],[-0.34835621851266857,39.458153051118344],[-0.34836920823866008,39.459054224721598],[-0.34824969645972098,39.459695625019435],[-0.34788387566923978,39.460588145427657],[-0.34764727524110106,39.460889044000261],[-0.35005658659951072,39.461604663777592],[-0.35064650352585391,39.459991264238631],[-0.34942227663704101,39.459729166629941],[-0.35055109323580536,39.456604041685871]]]},"properties":{"codsecc":"46","coddistsecc":"1246","objectid":578,"st_area(shape)":116717.26933,"coddistrit":"12"}},{"type":"Feature","id":261,"geometry":{"type":"Polygon","coordinates":[[[-0.35885946096414428,39.469833314721733],[-0.36053094470368641,39.46866412390667],[-0.36084657733759373,39.46827040172829],[-0.35869949661644707,39.467667582208634],[-0.35784557901029429,39.467427455988066],[-0.35705239592000865,39.469109140045092],[-0.35566743491636954,39.468901322469549],[-0.35544632368842694,39.469317023010476],[-0.35852921246900415,39.470267229457903],[-0.35885946096414428,39.469833314721733]]]},"properties":{"codsecc":"14","coddistsecc":"0614","objectid":261,"st_area(shape)":67285.425823650003,"coddistrit":"6"}},{"type":"Feature","id":280,"geometry":{"type":"Polygon","coordinates":[[[-0.35705239592000865,39.469109140045092],[-0.35784557901029429,39.467427455988066],[-0.35869949661644707,39.467667582208634],[-0.35881388851350732,39.467408927580436],[-0.35769443381951971,39.466757370156024],[-0.35682925903951773,39.466507971855712],[-0.35654022240204108,39.467100472023333],[-0.35566743491636954,39.468901322469549],[-0.35705239592000865,39.469109140045092]]]},"properties":{"codsecc":"13","coddistsecc":"0613","objectid":280,"st_area(shape)":35557.713797625001,"coddistrit":"6"}},{"type":"Feature","id":253,"geometry":{"type":"Polygon","coordinates":[[[-0.3548474339943537,39.470522301555533],[-0.35544632368842694,39.469317023010476],[-0.35566743491636954,39.468901322469549],[-0.35654022240204108,39.467100472023333],[-0.3564331058602514,39.467071009092791],[-0.35548074836964322,39.466783582423723],[-0.35466916689803546,39.468436229172553],[-0.35438446986486494,39.469028822310584],[-0.35381588964046085,39.470191520824521],[-0.3548474339943537,39.470522301555533]]]},"properties":{"codsecc":"18","coddistsecc":"1218","objectid":253,"st_area(shape)":39562.51756339,"coddistrit":"12"}},{"type":"Feature","id":352,"geometry":{"type":"Polygon","coordinates":[[[-0.34153135110459837,39.462627673459991],[-0.34193475295526438,39.461781068679613],[-0.3422561158234807,39.461162309572018],[-0.33989588380133157,39.460446192758546],[-0.33984515142917315,39.460557640996839],[-0.33943086648697646,39.461079674067342],[-0.33854195123763853,39.461762003317851],[-0.34047566549197877,39.462310743773571],[-0.34153135110459837,39.462627673459991]]]},"properties":{"codsecc":"33","coddistsecc":"1233","objectid":352,"st_area(shape)":41878.473348,"coddistrit":"12"}},{"type":"Feature","id":355,"geometry":{"type":"Polygon","coordinates":[[[-0.33775246540844217,39.462370028878162],[-0.33854195123763853,39.461762003317851],[-0.33763244465305686,39.461427215991897],[-0.33537598410683156,39.460748077591475],[-0.33305055124789434,39.460055133120868],[-0.33185896318469477,39.461072805865612],[-0.33254716753997515,39.461539032347254],[-0.33436506853729114,39.461828466471523],[-0.33775246540844217,39.462370028878162]]]},"properties":{"codsecc":"4","coddistsecc":"1104","objectid":355,"st_area(shape)":68745.446476500001,"coddistrit":"11"}},{"type":"Feature","id":1656,"geometry":{"type":"Polygon","coordinates":[[[-0.41055376986935327,39.481304848114313],[-0.41075344539593023,39.481124724481411],[-0.41102829996997298,39.480788566842115],[-0.41116130026034042,39.480622280991376],[-0.41131693499849148,39.480415545048501],[-0.41144040507228408,39.480250722194398],[-0.41160325160708333,39.480046020324224],[-0.41191526175132009,39.479784812742494],[-0.41217241539910709,39.479584931027468],[-0.41240986954365749,39.47941121316137],[-0.4125855994319797,39.479310713638469],[-0.41286156645993272,39.479138527992589],[-0.41299169339682135,39.479084984612541],[-0.41319558182927202,39.478965543815448],[-0.41327011703193944,39.478906059995097],[-0.41321127427226323,39.478832598375178],[-0.4131857672238699,39.478797211421998],[-0.4130954163070002,39.478689382328028],[-0.41303695254716905,39.478627658564918],[-0.41293487402717349,39.478512577413198],[-0.41288141489309038,39.478460108959183],[-0.41279556959362601,39.478383478452166],[-0.41275168758770081,39.478349249845969],[-0.41268616219691673,39.478304305302693],[-0.41260797925752074,39.478244574670477],[-0.41253794437712893,39.478193025258754],[-0.41247054003865791,39.478139507390154],[-0.41242485375677318,39.478098454832967],[-0.41239279823307268,39.478055660771489],[-0.41236545484720932,39.478013070725744],[-0.41236783944040295,39.477948755680792],[-0.41238303105061386,39.477831546644339],[-0.41239016830656877,39.477736554226937],[-0.41237120956569329,39.477652494017725],[-0.4123233253254493,39.477589528029675],[-0.41223300353629339,39.477478167461037],[-0.41211199844098378,39.477334052062595],[-0.41193856225865938,39.477137076149212],[-0.41176934719332875,39.476905293757845],[-0.41158367677734126,39.476453364984422],[-0.41143224636090475,39.476150529144213],[-0.41132463089994509,39.476077709851303],[-0.4111486257067723,39.476000592198986],[-0.41084803105768614,39.475906842881635],[-0.41046844017432155,39.475807386641392],[-0.41026997626152895,39.475715911619233],[-0.41022392451688033,39.475632778797163],[-0.41026142717406833,39.475467608707078],[-0.41027818536103228,39.475297913324731],[-0.41027373640348114,39.475135853289956],[-0.41026704771435024,39.475034471917837],[-0.41020800877692015,39.474885636490846],[-0.41008070608358044,39.474737288656449],[-0.40996515448714194,39.474640670082671],[-0.40979805932789826,39.474533145980018],[-0.40956507257564068,39.474374108773681],[-0.40931324392102403,39.474224786006083],[-0.40911707170852307,39.474098036491839],[-0.40891208347771496,39.474021854884711],[-0.40867781529880937,39.473939704807556],[-0.40833980059361485,39.473831313135882],[-0.40806383274865377,39.473776231324088],[-0.40783645993318624,39.473741646863893],[-0.4075441244429498,39.473673153933802],[-0.40727620335403869,39.473628042374216],[-0.40711784663655753,39.47358210464094],[-0.4070186943959842,39.473510425185168],[-0.40361381769156235,39.474178928661857],[-0.4033739326816011,39.478505760660447],[-0.40230625271316345,39.478481898472623],[-0.40220168103086634,39.47980619994884],[-0.4024027495133779,39.480117574807423],[-0.40291807627487247,39.480156647444716],[-0.40315346402565533,39.480224038163684],[-0.40448597713814177,39.482122957984764],[-0.40745105830514078,39.480819297356973],[-0.40885243147283651,39.480472191968154],[-0.41055376986935327,39.481304848114313]]]},"properties":{"codsecc":"25","coddistsecc":"0425","objectid":1656,"st_area(shape)":574563.03109049005,"coddistrit":"4"}},{"type":"Feature","id":2236,"geometry":{"type":"Polygon","coordinates":[[[-0.37309764286181435,39.488994471855804],[-0.37355719584548636,39.487552522034179],[-0.37261896072484302,39.487356856198303],[-0.37215741253984286,39.488253585064285],[-0.37185721978657854,39.488901001637096],[-0.37309764286181435,39.488994471855804]]]},"properties":{"codsecc":"44","coddistsecc":null,"objectid":2236,"st_area(shape)":16526.540673470001,"coddistrit":"5"}},{"type":"Feature","id":17,"geometry":{"type":"Polygon","coordinates":[[[-0.38078598269237868,39.496009177522801],[-0.38405683375246091,39.495328737317564],[-0.38352530662129625,39.493904166921425],[-0.38328386721278757,39.493250106837699],[-0.38146635916307253,39.493560495004004],[-0.38009683191243965,39.493880956383812],[-0.38024277141655904,39.494735575972335],[-0.38068764184322579,39.495777100944693],[-0.38078598269237868,39.496009177522801]]]},"properties":{"codsecc":"17","coddistsecc":"1617","objectid":17,"st_area(shape)":71533.564954369998,"coddistrit":"16"}},{"type":"Feature","id":2171,"geometry":{"type":"Polygon","coordinates":[[[-0.40036224937840797,39.514621506272213],[-0.39903152676824999,39.513941072255477],[-0.39860080624690186,39.514048542683774],[-0.39772945442145879,39.514042541772703],[-0.39782948622344638,39.514400619848722],[-0.39763772605146991,39.514454890652203],[-0.39520343418712445,39.514566990746339],[-0.39522776357236639,39.514324299467184],[-0.39456782170688592,39.51434103203389],[-0.39412175661391519,39.514294983544033],[-0.39362439204295258,39.514027076701282],[-0.39292699854227309,39.513412346085772],[-0.39244647314065723,39.513374535694261],[-0.39088408255495394,39.512992611878495],[-0.39054069264610541,39.512845263751458],[-0.3903721096299978,39.512688328141948],[-0.38890635656700456,39.512560793924877],[-0.38886497753068316,39.512442750020625],[-0.38787472566174369,39.512564629974335],[-0.38778262306296907,39.512481471277496],[-0.38655558815585711,39.512656572699846],[-0.38680874906176638,39.513058652694355],[-0.3868755703894613,39.513952031789771],[-0.38700596876790971,39.51479728354176],[-0.38697707140199977,39.515296619597954],[-0.38689927498062693,39.516285832929562],[-0.38675055840892725,39.517111293222996],[-0.38673889528711658,39.518178577146791],[-0.38672113087878113,39.519020495869306],[-0.38675718823130756,39.519629397667501],[-0.38755708285989099,39.519642883632059],[-0.38787859083528953,39.519650122087171],[-0.38787857812509241,39.51967714805852],[-0.3878780365113802,39.520564497934352],[-0.38809849859221446,39.520637020409893],[-0.38828958807384861,39.520659334006098],[-0.38845084440234368,39.520662959142577],[-0.38849837130023157,39.520713575668076],[-0.38846760233107913,39.520875041525677],[-0.38835344713952541,39.520953554049754],[-0.38817831764646366,39.520990156251663],[-0.38811897076822582,39.52125458013483],[-0.38800825221700802,39.521396230822887],[-0.38816799199600693,39.521440361650228],[-0.38819031590595732,39.521503924798175],[-0.38811743319121672,39.521799574965627],[-0.38807448855208959,39.521956262559861],[-0.3881009940863433,39.522082980986369],[-0.38792029622471508,39.522772591870101],[-0.3878753889467933,39.52313643643825],[-0.3879130678056727,39.523294945749164],[-0.38916996565280848,39.523647515168072],[-0.38907925472873328,39.523740068348118],[-0.38897367093744512,39.524093540882994],[-0.38882014237805279,39.524252247555808],[-0.38900776533066739,39.52432853463646],[-0.38940453978481004,39.524391504208516],[-0.38928847330529792,39.524947447272346],[-0.38920820171862119,39.525576255588],[-0.38973860085502365,39.525624209606669],[-0.38976575010985454,39.525404105314344],[-0.39087638095749005,39.52546959442823],[-0.39091112170378706,39.525551453433742],[-0.39140897109647965,39.525459042153699],[-0.39198293220948377,39.52537283283197],[-0.39277422713628257,39.526395070603499],[-0.39387011499136421,39.52735338204063],[-0.39404434427319873,39.527409000832201],[-0.39415254716779657,39.527256180247505],[-0.39419585869440649,39.527159091528929],[-0.39423403831780807,39.527117408616228],[-0.39426893248075762,39.527041022352357],[-0.39433181573284609,39.52691237349427],[-0.394375336325478,39.526809370638169],[-0.39441988911968834,39.526731642448205],[-0.39449230547918518,39.526648548365642],[-0.39458432608310584,39.526547642185029],[-0.39473041959084015,39.526383175675029],[-0.39479513810855615,39.526316466844229],[-0.39485328405717346,39.526263132721652],[-0.39495037391049048,39.526354847977814],[-0.39501929795459678,39.526421752068565],[-0.3951077907422566,39.526510688901077],[-0.39523209935528375,39.526604969158761],[-0.39537652096319248,39.526736293801143],[-0.39551125095203771,39.526864869521937],[-0.39557255387735979,39.526923440493675],[-0.39562219553852518,39.526968768385672],[-0.39570659397982755,39.527053063557958],[-0.39577205886765615,39.52710860169266],[-0.39577650077135285,39.527111764246364],[-0.39619726161813262,39.526606994263098],[-0.39645278430831149,39.526306423572123],[-0.39670219113456945,39.526149855333784],[-0.39689437696001029,39.526018147767992],[-0.39695220170516415,39.525964643216064],[-0.39703037919578971,39.525907522715656],[-0.39707243281737686,39.525861096945647],[-0.39709954078202414,39.525840137367737],[-0.39714403084573097,39.525797306603266],[-0.39719320073389452,39.52572355451246],[-0.39731728169716446,39.525555231175822],[-0.39743192656698795,39.525439262403246],[-0.39749175743505821,39.525367217443261],[-0.39747131152364151,39.525333156729445],[-0.39744734930075853,39.525301674819836],[-0.39738784602338789,39.52524163167169],[-0.39731268000112313,39.525173634191596],[-0.39725080543192343,39.525147491858313],[-0.39711944487707346,39.525076937958573],[-0.39702531315749728,39.525029001268301],[-0.39697186865730022,39.524996110933394],[-0.39691356271925965,39.524959147787669],[-0.39684359197384611,39.524895338381121],[-0.39678942196180167,39.52484637809907],[-0.39673884589560726,39.524793075028882],[-0.39665882727083457,39.524734184349889],[-0.39657841730015753,39.524672384026289],[-0.39641847756593801,39.524559793626615],[-0.3963079953488769,39.524466310996935],[-0.39620479407893677,39.524368505094927],[-0.39607689233059967,39.524238461650114],[-0.39589936960021327,39.524059171970251],[-0.39576098983370955,39.523908542521873],[-0.39563078367767668,39.523794446489894],[-0.39554356117710721,39.523712673467926],[-0.39559250102050753,39.523659393786758],[-0.39585984509226751,39.523392430630096],[-0.3962547516010273,39.523013275081453],[-0.39632564023907441,39.523055259163755],[-0.39647872062732464,39.523117535176475],[-0.3965829706196014,39.523159528043713],[-0.39671778987612127,39.523223952996133],[-0.39684896032524503,39.52326960285442],[-0.39694824793190808,39.523311484200448],[-0.39701633399798147,39.523347549374812],[-0.39711213000911411,39.523394469323883],[-0.39722861376664931,39.523418826306262],[-0.39732756762089372,39.523469654561808],[-0.39745427309318015,39.523536455377069],[-0.39754568001650714,39.523567916707862],[-0.39764905835668279,39.523649167298771],[-0.39768980816857336,39.523708925356118],[-0.39774433012467153,39.523710146673544],[-0.39783778967823707,39.523686655270431],[-0.39788565058997721,39.523689006561568],[-0.39793609634949562,39.523710604391248],[-0.39813536668728672,39.52352007294914],[-0.39831470338891617,39.523370210721197],[-0.39824774200472818,39.523348243176422],[-0.39821934608778847,39.523328031182629],[-0.39823483348135902,39.523295505065747],[-0.39829532231929005,39.523203583030487],[-0.39832677802686706,39.523088885243304],[-0.39834338645690281,39.52295935083356],[-0.39837301819173287,39.522785703879734],[-0.39841889438768702,39.522663923795406],[-0.39843527362000808,39.52258320271757],[-0.39846606544641167,39.522555748892493],[-0.39852461098223485,39.52249310672552],[-0.39857049351257068,39.522437820397855],[-0.39858072114597065,39.522403780087096],[-0.39862780310500778,39.522352817773935],[-0.39870396066892722,39.522168933553466],[-0.39873864859988095,39.522017786470592],[-0.39877203607577283,39.521920167359312],[-0.39886735922029137,39.521936733752106],[-0.39907163835025788,39.521614604574587],[-0.39917842026549116,39.521426063432848],[-0.39925826394329428,39.521255855549683],[-0.3993615332261512,39.521067902230961],[-0.39947841068095868,39.520873731080314],[-0.39953739465539639,39.520845718868685],[-0.39965774046642116,39.520643364119387],[-0.39972148218866937,39.520575747657368],[-0.39978414400326412,39.520467864822443],[-0.39990349894924843,39.520273946848754],[-0.40003018461737178,39.520026626663913],[-0.40013205122891166,39.519868054824947],[-0.40022719899882864,39.519746457670486],[-0.40032511246710772,39.519556014243427],[-0.40049776451752567,39.519290893760306],[-0.40060702669192266,39.519076812745269],[-0.40069239671696266,39.518927600727643],[-0.40079051289708256,39.518776250454344],[-0.40093211627900294,39.518543884163925],[-0.40105739320459666,39.518342881342541],[-0.40111830804264093,39.518259273305596],[-0.40113962066170372,39.518204589361289],[-0.401181860080006,39.518053475184594],[-0.401238691186799,39.51787287736407],[-0.40130692733542889,39.517647184459314],[-0.40133735096687295,39.517606118334477],[-0.40139297450102168,39.517459132168518],[-0.40142330130005033,39.517368875948101],[-0.40144734439781654,39.517307703630692],[-0.4014818804012304,39.51719657812307],[-0.40153835074521171,39.517077087574712],[-0.40162979174547553,39.516796734700911],[-0.40167343210951578,39.516711253528193],[-0.40169039132876855,39.51662262612836],[-0.40171924407353732,39.516520409226423],[-0.40177958616318565,39.516348826302867],[-0.40187406974705747,39.516069793453212],[-0.40198591232231268,39.515777176087241],[-0.40210238902962137,39.515452257646658],[-0.40203989941869023,39.515433743595771],[-0.40196576298395759,39.515413158294521],[-0.40184064866405916,39.515365406547744],[-0.40176546289323667,39.515331788978997],[-0.40159838738667775,39.515261801784455],[-0.40148702926259522,39.515221014813413],[-0.40135854139860483,39.515160818047285],[-0.40122165228634638,39.515091991990175],[-0.4010725174338805,39.515000982490349],[-0.40097172963702388,39.514942495017713],[-0.4008777577323836,39.514891493087319],[-0.4007253827966919,39.514829067577345],[-0.40060373005229616,39.514760590695452],[-0.40045678152034919,39.514669629332943],[-0.40036224937840797,39.514621506272213]]]},"properties":{"codsecc":"7","coddistsecc":"1707","objectid":2171,"st_area(shape)":1419594.2546930001,"coddistrit":"17"}},{"type":"Feature","id":2172,"geometry":{"type":"Polygon","coordinates":[[[-0.35539786353397851,39.525351392151812],[-0.355087364910183,39.525959365021727],[-0.35458882418636134,39.526815892993589],[-0.3539272930879051,39.527985109422922],[-0.35361866751221221,39.528588724301287],[-0.35347010771258924,39.529026423470931],[-0.35338402237210254,39.529214725781728],[-0.35415487872025636,39.529481421428734],[-0.35496402924567433,39.529742218436894],[-0.35499894448093861,39.529736301971354],[-0.35592651662907815,39.530048913096294],[-0.35637317639598842,39.530217613991994],[-0.35669472346379244,39.530335963446937],[-0.35689429821658231,39.530422952207019],[-0.35708422513212806,39.530504225818142],[-0.3573092088050856,39.530586296662619],[-0.35742204982872139,39.530618286126192],[-0.35754089734234651,39.53064588974992],[-0.35776279316793697,39.530732411847445],[-0.35802276046790249,39.53081754724392],[-0.35821190885704912,39.530883522571365],[-0.35850040148933326,39.530987404103989],[-0.35884133149414421,39.531097008566455],[-0.35892648447705844,39.53108762069926],[-0.35917916697569835,39.531186695523068],[-0.35936369233733162,39.531256527719123],[-0.35974208527719981,39.531380557277778],[-0.35994521816914793,39.531460405751773],[-0.36024446651987774,39.531589427483389],[-0.36066858504895821,39.53174165437089],[-0.36105604537060537,39.53191420837544],[-0.36156524624152053,39.532140731758815],[-0.36164057308711739,39.532144460610311],[-0.36165597489051293,39.532023787537575],[-0.36169015813342908,39.531900225828707],[-0.36172686265214021,39.531797017973766],[-0.36180998660001418,39.531679648657637],[-0.3620878695577387,39.531185030485155],[-0.36220656974663068,39.530814459352506],[-0.36234108406850518,39.530432986269858],[-0.36202290288966821,39.530307197527272],[-0.3621002638784957,39.530124753336274],[-0.36216226961282649,39.530005255556276],[-0.36228797108200084,39.529548638941812],[-0.36236791807257723,39.529337794756543],[-0.3625560284261749,39.529035130230454],[-0.36240214124447379,39.528906469258935],[-0.36204934893976565,39.528696131818201],[-0.36173923927882812,39.528486753699383],[-0.36148740922574191,39.528371776455145],[-0.36127813077816895,39.528237531698167],[-0.36111910764368921,39.528157039048629],[-0.36144493922205972,39.527836667636784],[-0.36186945478979987,39.527947476979612],[-0.36265461331824006,39.528135587954104],[-0.36294469439620902,39.52820691899386],[-0.36317117449400332,39.528301084122866],[-0.36342419257811098,39.528444984637794],[-0.36384634337648208,39.528556985344935],[-0.36428555022563297,39.528761215306325],[-0.36449262577302144,39.528825659302242],[-0.3652443980228563,39.529179674582707],[-0.36551941584519182,39.529333276468869],[-0.3661448437180958,39.528382229434094],[-0.36694397376399523,39.527214060208692],[-0.36632857552662373,39.526928929501004],[-0.36632065912718875,39.526881084919324],[-0.36648441738865228,39.526664065949703],[-0.36646641643394084,39.526626037473214],[-0.36577066093958688,39.526390882214919],[-0.36530212972798942,39.526236396596012],[-0.36541600641562172,39.525993897244234],[-0.36555120051079154,39.525686604060631],[-0.36572468724583801,39.525256264169954],[-0.36593002139724845,39.524859158560005],[-0.36614297228761217,39.524413127727478],[-0.36623750159458557,39.52420099859841],[-0.36629984413442424,39.52396177115191],[-0.36637922112198762,39.523747334458385],[-0.36644964510400907,39.523575251919063],[-0.36635648163895473,39.523536789691036],[-0.36598784542888968,39.523375463812584],[-0.36558350576912907,39.523206291313116],[-0.36533061381783882,39.523087109334853],[-0.36501227899764527,39.522996864873988],[-0.36485657509444808,39.522954595568343],[-0.36451869219569022,39.522814106157909],[-0.36436926870117559,39.522755582821461],[-0.36425692147918454,39.522712936061922],[-0.36422166466511113,39.522710775807354],[-0.36413240933828889,39.522655779404445],[-0.36381118744463681,39.522456235493955],[-0.36345538859106757,39.522219096356885],[-0.36337681481439804,39.52215144132478],[-0.36332695332371856,39.522145462956111],[-0.36323634602791904,39.52218309883532],[-0.36319807413759031,39.522159492156682],[-0.36314240644674689,39.522100077352718],[-0.36285064126309424,39.52167189159816],[-0.36279468409566473,39.521549454095087],[-0.36276483386312297,39.52140415053718],[-0.36262443745442652,39.521244616997592],[-0.36257796610943971,39.521138024864733],[-0.36257364295917077,39.520985490237209],[-0.36252644417888974,39.520898430481125],[-0.36196112472993547,39.520450131149708],[-0.36189374036137351,39.52036260375327],[-0.36197503934119363,39.520215923226246],[-0.36213422486056218,39.520012373469328],[-0.3621481678370041,39.519911062735886],[-0.36213139184518411,39.51966194213405],[-0.3621409691224034,39.519408933574788],[-0.3620255688551004,39.519085152413716],[-0.3619737331711721,39.518574928747434],[-0.36194549678158022,39.5182060832296],[-0.36183017287284158,39.51774024510113],[-0.36180433045190402,39.517465189605723],[-0.36182648018985825,39.51730347259749],[-0.36182826117672023,39.51716424724858],[-0.3617767941091008,39.516908888447958],[-0.36171180644911449,39.516719733949863],[-0.36166999678105027,39.516554321263065],[-0.36146547564508291,39.51646029186513],[-0.36132376849989628,39.516711722818016],[-0.36086045423426383,39.516545825202591],[-0.36049741074089614,39.516438976916064],[-0.36024354673861181,39.516347247604955],[-0.36018596066285896,39.516483601319116],[-0.36014411017715009,39.5166000249326],[-0.35999372329148516,39.516756827592758],[-0.35995417588147982,39.51681244057071],[-0.35985634601100219,39.517072497137569],[-0.35977330313971428,39.517184453041914],[-0.35966450797119248,39.517338479870816],[-0.35953366899290012,39.517462474993863],[-0.3593804790600662,39.517553188219551],[-0.35921028506717201,39.517647856911857],[-0.35897309139654648,39.517781577478445],[-0.35885032907181003,39.517885449769395],[-0.35869823381714783,39.518045743237664],[-0.3584275057685094,39.518258904789981],[-0.35818471889872783,39.518427774633793],[-0.35793833461560304,39.51860621046918],[-0.35769287793648225,39.518811071395398],[-0.35743064953153075,39.519076908605996],[-0.35724064198719524,39.519290543085035],[-0.35690075876468053,39.519632699960908],[-0.35664862827685223,39.519860919466055],[-0.35560197559036416,39.519397753636333],[-0.35523495171439978,39.519958307414441],[-0.35485246773050266,39.519817324275493],[-0.35447001304231979,39.520491511306993],[-0.35439335478004919,39.520495314922059],[-0.35433633132534448,39.520526988147779],[-0.35423028352504488,39.520650775917609],[-0.35416039793978282,39.520729857210092],[-0.35407080936437196,39.520702907684495],[-0.35397887831927011,39.52065402259305],[-0.35371671199665022,39.520806171693735],[-0.35330246914119656,39.521116354555495],[-0.35298072958569604,39.52131512502546],[-0.3526486811426694,39.521523722371988],[-0.35232087100825732,39.521781134390928],[-0.35210600947495563,39.521963753269247],[-0.35175920524579196,39.522232658216971],[-0.35143645408554908,39.522526641168923],[-0.35121018771152002,39.522834120101088],[-0.35127913625661267,39.522868880235734],[-0.35125942894617207,39.52289556509232],[-0.35147918741557471,39.522954843955283],[-0.35169609155988946,39.523050668684611],[-0.3518949752665218,39.523105858393762],[-0.3520952341714359,39.523186393553594],[-0.35222650903743308,39.52321105163481],[-0.3527920965393655,39.523389719515535],[-0.35311242052557124,39.523486006451243],[-0.35321992698813515,39.523498536664675],[-0.35330755089464355,39.523476236592288],[-0.35346374717346918,39.523404320256809],[-0.35430121756954613,39.523773933970325],[-0.3550283773506171,39.524092932697705],[-0.35525647521487702,39.524127296099536],[-0.35572549402978043,39.524148423188272],[-0.35605274331721265,39.524244805657453],[-0.35582388553490363,39.524610521002302],[-0.35539786353397851,39.525351392151812]]]},"properties":{"codsecc":"1","coddistsecc":"1701","objectid":2172,"st_area(shape)":1201023.3519609999,"coddistrit":"17"}},{"type":"Feature","id":2025,"geometry":{"type":"Polygon","coordinates":[[[-0.36806300557045685,39.422457028258677],[-0.36753723417717937,39.423311341502227],[-0.36690518830362351,39.424882528767696],[-0.36637077822947495,39.424730785576102],[-0.36614453505127681,39.425243649866395],[-0.36399930027520949,39.42464551208333],[-0.36420321498696867,39.425897814546026],[-0.36413589909201027,39.426450313458538],[-0.36394597818055857,39.427999976395647],[-0.36361867855019508,39.429150152438353],[-0.36343650136888012,39.43018650421881],[-0.36537186425659851,39.430482623780144],[-0.36694956319264294,39.431040866084857],[-0.36732213511282624,39.430652934214045],[-0.36797211066428193,39.431149607863397],[-0.36860065708009776,39.431289961913571],[-0.36926576072883105,39.431809492984669],[-0.37060239454974492,39.432254133157784],[-0.37072304561091723,39.430554246112038],[-0.3709201265730952,39.429369573000898],[-0.37147127516008771,39.428017242677889],[-0.37228541461362541,39.426023550894676],[-0.37228589569567377,39.426021877115311],[-0.37222122056466517,39.425988415703124],[-0.37214388133462206,39.42595131667958],[-0.3720617553774867,39.42591022658025],[-0.37197002795806305,39.425872405781412],[-0.37184287975159414,39.425820775326464],[-0.37172588519399885,39.425772824692743],[-0.37165193212568892,39.425741144150919],[-0.37158350029666803,39.425718020681948],[-0.37152036047585824,39.42568853947337],[-0.37144621012464279,39.425655313828685],[-0.37139711466402386,39.425601718137109],[-0.37137777748998435,39.425564858113248],[-0.37138125091125918,39.42550923496664],[-0.37145242554942809,39.425352171594199],[-0.37156833930986971,39.425097905335186],[-0.371629284176618,39.424964511000596],[-0.37178470939565866,39.424586743701681],[-0.37188301418126657,39.424345682312641],[-0.37193114070516037,39.424225087848818],[-0.37197783390690153,39.424142316136091],[-0.3718146307384233,39.424077780689927],[-0.37166417228743842,39.423998668576537],[-0.3715319107665091,39.42394565194806],[-0.37137986677944795,39.423875053016587],[-0.37124689317597614,39.423818434444208],[-0.37114053731747548,39.423770615719747],[-0.37090867483447687,39.423666247714628],[-0.37083250240438553,39.423625696814881],[-0.37077086316474117,39.42359590681663],[-0.37053461232127544,39.423499537772891],[-0.37039222407093797,39.423438173828032],[-0.37020473006421623,39.423370393019702],[-0.36998172440751192,39.423287871805584],[-0.36976871690142343,39.42320327913199],[-0.36954455966562116,39.42311866800582],[-0.36939284411884404,39.423057965648511],[-0.3691262192370065,39.422948095844546],[-0.36887335748908423,39.422844455759389],[-0.36870771477658743,39.422776689666797],[-0.36845868633877316,39.422658261854352],[-0.36814334749257255,39.422490107919742],[-0.36806300557045685,39.422457028258677]]]},"properties":{"codsecc":"3","coddistsecc":"1903","objectid":2025,"st_area(shape)":514126.07358149998,"coddistrit":"19"}},{"type":"Feature","id":482,"geometry":{"type":"Polygon","coordinates":[[[-0.393007123216077,39.438348638829254],[-0.39373762170659227,39.435702973593486],[-0.39157652526927322,39.435397754804448],[-0.39179964282509672,39.434842617366137],[-0.39205929577020843,39.434212066122676],[-0.39227623840241638,39.433403387713412],[-0.39252185430055586,39.4327527188155],[-0.39275725845694154,39.431956155874701],[-0.39211745954850191,39.431839381982456],[-0.39159899184332514,39.433047008827586],[-0.3898332503218489,39.437511676313271],[-0.393007123216077,39.438348638829254]]]},"properties":{"codsecc":"11","coddistsecc":"1911","objectid":482,"st_area(shape)":104787.150841,"coddistrit":"19"}},{"type":"Feature","id":480,"geometry":{"type":"Polygon","coordinates":[[[-0.3678187539234109,39.443920253450422],[-0.36822214593500496,39.443159134012376],[-0.36874160750259266,39.442459224990245],[-0.36877759999339649,39.442140235644821],[-0.36942672047120989,39.442199972452364],[-0.36951480735363068,39.441481287221983],[-0.36554232897547656,39.440990425242084],[-0.36544211230198131,39.441375523911027],[-0.36537730549525149,39.441495664993411],[-0.36538820047296516,39.441572486892589],[-0.3654499712277065,39.441609922283192],[-0.36537618288620838,39.441910036117029],[-0.36483473229565083,39.441749116415046],[-0.36479538719379334,39.442041001903526],[-0.36468813678320289,39.442516019477594],[-0.36447238377818042,39.443056142787832],[-0.3658049109998241,39.443383640852595],[-0.3678187539234109,39.443920253450422]]]},"properties":{"codsecc":"31","coddistsecc":"1031","objectid":480,"st_area(shape)":87387.768539500001,"coddistrit":"10"}},{"type":"Feature","id":478,"geometry":{"type":"Polygon","coordinates":[[[-0.39297836917636314,39.445361243639354],[-0.39335656682194375,39.444392265376294],[-0.39105534983337248,39.443845148384469],[-0.39068331277759161,39.444823257047126],[-0.39186314647059661,39.445101985232228],[-0.39297836917636314,39.445361243639354]]]},"properties":{"codsecc":"34","coddistsecc":"0934","objectid":478,"st_area(shape)":23361.500094499999,"coddistrit":"9"}},{"type":"Feature","id":476,"geometry":{"type":"Polygon","coordinates":[[[-0.39015999859145645,39.446176339154214],[-0.39134421773431638,39.446455171259437],[-0.39186314647059661,39.445101985232228],[-0.39068331277759161,39.444823257047126],[-0.39042501069868452,39.445497617063516],[-0.39015999859145645,39.446176339154214]]]},"properties":{"codsecc":"37","coddistsecc":"0937","objectid":476,"st_area(shape)":16665.385687999998,"coddistrit":"9"}},{"type":"Feature","id":225,"geometry":{"type":"Polygon","coordinates":[[[-0.32783068449672015,39.471376286426334],[-0.32802281664836064,39.4701149869449],[-0.32830924172524795,39.468040573489638],[-0.32859170936579385,39.466069659034723],[-0.32867001606104695,39.465503908735506],[-0.32898579021431884,39.462943524337511],[-0.32732600334002704,39.463094950711472],[-0.32545851961124489,39.463077481193672],[-0.324210320851895,39.463044231396637],[-0.32256133823822586,39.46309296392144],[-0.3227120813810565,39.465540143731623],[-0.32307303629410306,39.468083859556664],[-0.32433552517481845,39.46797364076896],[-0.32504090669423996,39.467628417969813],[-0.32573120275444606,39.467490317382186],[-0.32575842513991493,39.467671118418615],[-0.32605245419500983,39.468358034345457],[-0.32606505400915647,39.469394319002674],[-0.32643946084507292,39.469443472701244],[-0.32642101847271826,39.469925015339406],[-0.3265064660982967,39.470634157258999],[-0.32650636995615062,39.471224226624621],[-0.32783068449672015,39.471376286426334]]]},"properties":{"codsecc":"12","coddistsecc":"1112","objectid":225,"st_area(shape)":330940.46589903499,"coddistrit":"11"}},{"type":"Feature","id":465,"geometry":{"type":"Polygon","coordinates":[[[-0.3828101040008694,39.449506445763724],[-0.38359776432933423,39.447285502186368],[-0.38492533303388043,39.443540702249869],[-0.38489502727527303,39.443535515985843],[-0.38486053650390534,39.443525731133533],[-0.38024860759871271,39.442575053152623],[-0.38013766971797436,39.44253201292738],[-0.37974122202761318,39.443923923258914],[-0.38013343997621635,39.445550444777702],[-0.38022887551719792,39.446160088489961],[-0.37992116888992111,39.447238707667275],[-0.3793928508662765,39.449087102035058],[-0.3828101040008694,39.449506445763724]]]},"properties":{"codsecc":"29","coddistsecc":"1029","objectid":465,"st_area(shape)":246215.83791060001,"coddistrit":"10"}},{"type":"Feature","id":118,"geometry":{"type":"Polygon","coordinates":[[[-0.36997002704882764,39.483188530949043],[-0.37049267664137114,39.482141828257632],[-0.37106365633826977,39.480988120002721],[-0.37280046672739342,39.478568030159195],[-0.37256219883604558,39.478432015711199],[-0.37058709783843891,39.477207190756332],[-0.36976874553403255,39.476751744935761],[-0.36884724762010568,39.476469620220762],[-0.36824595208954986,39.477059592134879],[-0.36744378861820076,39.477311676673075],[-0.36643055738398739,39.479383248913024],[-0.36467252468320532,39.482973898793347],[-0.36381025675250378,39.484738057149151],[-0.36589569132718203,39.484870942650645],[-0.3670314627486761,39.48494623200483],[-0.36822894085253921,39.485022916871806],[-0.37061065846083474,39.485180436400846],[-0.37085381097916392,39.48482109204339],[-0.36931848340761886,39.484358426740052],[-0.36997002704882764,39.483188530949043]]]},"properties":{"codsecc":"25","coddistsecc":"0525","objectid":118,"st_area(shape)":410767.10926100001,"coddistrit":"5"}},{"type":"Feature","id":361,"geometry":{"type":"Polygon","coordinates":[[[-0.37123128013294815,39.462496977960107],[-0.37203407941772132,39.462416046328258],[-0.3719932268277556,39.462131345307647],[-0.37169791963055637,39.461678731527485],[-0.37112961144885792,39.460972199956792],[-0.37168580036313104,39.459858688374354],[-0.37209408289977225,39.459683240568012],[-0.37144150050021918,39.458727071751674],[-0.37134054565997143,39.458765328017023],[-0.36924433894988212,39.45963227231843],[-0.3696784017939847,39.460700631082943],[-0.37035543893191158,39.46150871764528],[-0.37105423340911886,39.462299283922107],[-0.37123128013294815,39.462496977960107]]]},"properties":{"codsecc":"18","coddistsecc":"0218","objectid":361,"st_area(shape)":53541.185220500003,"coddistrit":"2"}},{"type":"Feature","id":461,"geometry":{"type":"Polygon","coordinates":[[[-0.37682094617221185,39.450583088325665],[-0.37894846486691713,39.450865324445033],[-0.3793928508662765,39.449087102035058],[-0.37648093189142967,39.44872386925887],[-0.37681290838029041,39.446956026335151],[-0.37410571220705169,39.446711800542367],[-0.3737434114765546,39.448873983911682],[-0.37337976194808609,39.449023420721986],[-0.37407981374878496,39.450048217836567],[-0.37501043107296056,39.450195372122145],[-0.37540220591833462,39.450244759427015],[-0.37571427478887742,39.45026982370463],[-0.37594184308324297,39.450301988220083],[-0.37626311258872691,39.450372302857083],[-0.37682094617221185,39.450583088325665]]]},"properties":{"codsecc":"51","coddistsecc":"1051","objectid":461,"st_area(shape)":135268.80368449999,"coddistrit":"10"}},{"type":"Feature","id":463,"geometry":{"type":"Polygon","coordinates":[[[-0.37098467419051062,39.450005265237266],[-0.37232048555424441,39.449458918014265],[-0.37337976194808609,39.449023420721986],[-0.37374073446179634,39.448870980240869],[-0.37410571220705169,39.446711800542367],[-0.37438372824527455,39.444941476196874],[-0.37247380100625832,39.444773995851619],[-0.37195190572965442,39.444846816515152],[-0.36896326195417045,39.446117282557765],[-0.36912208040687022,39.447183908847592],[-0.36941498404338646,39.447717554170282],[-0.36950155046001176,39.447868158841253],[-0.37053623061458024,39.449378016902976],[-0.37096810580410355,39.449982368426731],[-0.37098467419051062,39.450005265237266]]]},"properties":{"codsecc":"43","coddistsecc":"1043","objectid":463,"st_area(shape)":186363.0792602,"coddistrit":"10"}},{"type":"Feature","id":468,"geometry":{"type":"Polygon","coordinates":[[[-0.3793928508662765,39.449087102035058],[-0.37992116888992111,39.447238707667275],[-0.38022887551719792,39.446160088489961],[-0.38013343997621635,39.445550444777702],[-0.37710540309429796,39.445225914455662],[-0.37681290838029041,39.446956026335151],[-0.37648093189142967,39.44872386925887],[-0.3793928508662765,39.449087102035058]]]},"properties":{"codsecc":"48","coddistsecc":"1048","objectid":468,"st_area(shape)":105625.968232,"coddistrit":"10"}},{"type":"Feature","id":464,"geometry":{"type":"Polygon","coordinates":[[[-0.36896326195417045,39.446117282557765],[-0.37135748098229115,39.445095625964576],[-0.37196391138397783,39.4448436465999],[-0.37248647308957988,39.444773804850037],[-0.37438372824527455,39.444941476196874],[-0.37410738939353017,39.446710581703151],[-0.37681365668317873,39.446952157716773],[-0.37710540309429796,39.445225914455662],[-0.38013343997621635,39.445550444777702],[-0.37974122202761318,39.443923923258914],[-0.38013766971797436,39.44253201292738],[-0.38024860759871271,39.442575053152623],[-0.38486053650390534,39.443525731133533],[-0.38489502727527303,39.443535515985843],[-0.38492533303388043,39.443540702249869],[-0.3871549923651072,39.437190247164693],[-0.37809152838218768,39.436301488546512],[-0.37017371913482555,39.435519038362727],[-0.36954092539755429,39.441270179964008],[-0.36951480735363068,39.441481287221983],[-0.36942672047120989,39.442199972452364],[-0.36902719843301002,39.445461086199956],[-0.36896326195417045,39.446117282557765]]]},"properties":{"codsecc":"39","coddistsecc":"1039","objectid":464,"st_area(shape)":1326678.6893558749,"coddistrit":"10"}},{"type":"Feature","id":542,"geometry":{"type":"Polygon","coordinates":[[[-0.40129059837777503,39.474650304178809],[-0.40198220209509594,39.476544099238943],[-0.40050794646125054,39.476839943453349],[-0.39957930349593934,39.476940785622674],[-0.40011443527143004,39.478353621926772],[-0.40068814755312293,39.478393903369636],[-0.40139521136315198,39.478433374055555],[-0.40230625271316345,39.478481898472623],[-0.4033739326816011,39.478505760660447],[-0.40361381769156235,39.474178928661857],[-0.40207637254095491,39.474483192309179],[-0.40129059837777503,39.474650304178809]]]},"properties":{"codsecc":"19","coddistsecc":"0419","objectid":542,"st_area(shape)":100349.14936015,"coddistrit":"4"}},{"type":"Feature","id":70,"geometry":{"type":"Polygon","coordinates":[[[-0.37308945869212284,39.488999727228197],[-0.3749479997115408,39.489134248567993],[-0.37533497420841577,39.488197078095411],[-0.37527584474207931,39.487875930987386],[-0.37355394528026631,39.487547669407078],[-0.37308945869212284,39.488999727228197]]]},"properties":{"codsecc":"41","coddistsecc":"0541","objectid":70,"st_area(shape)":24917.071809270001,"coddistrit":"5"}},{"type":"Feature","id":2239,"geometry":{"type":"Polygon","coordinates":[[[-0.38404834889975381,39.495331284056924],[-0.38079423876348861,39.496024060543164],[-0.38119544478439954,39.496956912008613],[-0.38123918999038925,39.497340940098056],[-0.38137777234260822,39.498684710786456],[-0.38498619281443075,39.497853437663188],[-0.38404834889975381,39.495331284056924]]]},"properties":{"codsecc":"33","coddistsecc":"1633","objectid":2239,"st_area(shape)":87967.672597265002,"coddistrit":"16"}},{"type":"Feature","id":2235,"geometry":{"type":"Polygon","coordinates":[[[-0.40449116686557951,39.482124454954345],[-0.40314742171654433,39.480210155672864],[-0.40288821328733776,39.480161779908038],[-0.40239566581895214,39.480108187824882],[-0.40219967618055708,39.479837666184729],[-0.3998984590005919,39.480765597098021],[-0.40176701628224532,39.48334105216238],[-0.40449116686557951,39.482124454954345]]]},"properties":{"codsecc":"30","coddistsecc":"0430","objectid":2235,"st_area(shape)":85138.034559770007,"coddistrit":"4"}},{"type":"Feature","id":454,"geometry":{"type":"Polygon","coordinates":[[[-0.36496602741141881,39.451742764367921],[-0.36653646771495835,39.45106216745981],[-0.3663860820315063,39.45085156633494],[-0.36696069233063672,39.450616843077313],[-0.36676385881759915,39.450328606285943],[-0.36751126117295319,39.449998706998535],[-0.369041607105214,39.449339689225852],[-0.36825912972874825,39.448191368175699],[-0.36793478216677838,39.447707476251274],[-0.36646436808435684,39.448358981262622],[-0.36689802886946798,39.448948618084913],[-0.36589373245748358,39.449367468890998],[-0.3649468302321075,39.450557680315939],[-0.3644864969974867,39.451074257855183],[-0.36496602741141881,39.451742764367921]]]},"properties":{"codsecc":"33","coddistsecc":"1033","objectid":454,"st_area(shape)":68107.249203610001,"coddistrit":"10"}},{"type":"Feature","id":229,"geometry":{"type":"Polygon","coordinates":[[[-0.36601570037277603,39.473108269758811],[-0.36838228861531236,39.472076346570738],[-0.36866414107736006,39.471884535672125],[-0.37042189845868867,39.470311768385166],[-0.37010397813824086,39.470304574146617],[-0.36860371628409028,39.470288621444446],[-0.36711394553075033,39.47026388725947],[-0.36377884112078568,39.470242313253294],[-0.36453615919605226,39.471214421184797],[-0.36601570037277603,39.473108269758811]]]},"properties":{"codsecc":"39","coddistsecc":"0239","objectid":229,"st_area(shape)":101067.742723,"coddistrit":"2"}},{"type":"Feature","id":493,"geometry":{"type":"Polygon","coordinates":[[[-0.40294553326586308,39.468561339643045],[-0.40275056518207275,39.469291193573028],[-0.40527326538127384,39.469748448203454],[-0.40554758684499503,39.469795112507299],[-0.40580824030866386,39.469075719746257],[-0.40610600330803542,39.468041854134121],[-0.40603601577140502,39.46742319537131],[-0.40602239054224271,39.46730127188502],[-0.40480397860243122,39.467071371052384],[-0.40346035949557291,39.466829642282761],[-0.40294553326586308,39.468561339643045]]]},"properties":{"codsecc":"27","coddistsecc":"0727","objectid":493,"st_area(shape)":69445.916939999996,"coddistrit":"7"}},{"type":"Feature","id":470,"geometry":{"type":"Polygon","coordinates":[[[-0.36941498404338646,39.447717554170282],[-0.36934571670624439,39.447589863013988],[-0.36912208040687022,39.447183908847592],[-0.36896326195417045,39.446117282557765],[-0.36902719843301002,39.445461086199956],[-0.36942672047120989,39.442199972452364],[-0.36877759999339649,39.442140235644821],[-0.36874160750259266,39.442459224990245],[-0.36822214593500496,39.443159134012376],[-0.3678187539234109,39.443920253450422],[-0.3658049109998241,39.443383640852595],[-0.36572799691441188,39.443728737077471],[-0.36551854887289931,39.44437261555629],[-0.36532426803615936,39.44555736611342],[-0.36512903760695764,39.445746629948054],[-0.36481347268289932,39.445622361255481],[-0.36473375143456055,39.44565658901216],[-0.36460860827438829,39.445874467446259],[-0.36444011024215339,39.446086858237955],[-0.3645249594378171,39.446359046514331],[-0.36470066281132002,39.446475640557559],[-0.36491349528033623,39.446570554093391],[-0.36530116771565629,39.446727987955136],[-0.36581241624115141,39.446901734528929],[-0.36622877741870091,39.447068824331964],[-0.36627542676593999,39.447083394627505],[-0.36631426996769911,39.447093283615132],[-0.36634530701252399,39.447098491302341],[-0.36653144170859808,39.447111717644283],[-0.36746150653360538,39.447137291440541],[-0.36793478216677838,39.447707476251274],[-0.36825912972874825,39.448191368175699],[-0.36941498404338646,39.447717554170282]]]},"properties":{"codsecc":"30","coddistsecc":"1030","objectid":470,"st_area(shape)":151457.78045610001,"coddistrit":"10"}},{"type":"Feature","id":324,"geometry":{"type":"Polygon","coordinates":[[[-0.3912670226499313,39.465862857230327],[-0.39220058529287288,39.466248666916499],[-0.39261533993717407,39.466424636281346],[-0.39313048741835988,39.466616369419569],[-0.39504208719557971,39.466956533958204],[-0.39455814369341102,39.465423202500197],[-0.39309801540339806,39.465093158453776],[-0.39190221118184798,39.464805072671872],[-0.3912670226499313,39.465862857230327]]]},"properties":{"codsecc":"1","coddistsecc":"0801","objectid":324,"st_area(shape)":44295.515470999999,"coddistrit":"8"}},{"type":"Feature","id":330,"geometry":{"type":"Polygon","coordinates":[[[-0.39455814369341102,39.465423202500197],[-0.39609363189493796,39.464025221229804],[-0.39403347943674027,39.464105158743031],[-0.39388362975276897,39.46411080735173],[-0.39225777615420809,39.464173433967026],[-0.39190221118184798,39.464805072671872],[-0.39309801540339806,39.465093158453776],[-0.39455814369341102,39.465423202500197]]]},"properties":{"codsecc":"4","coddistsecc":"0804","objectid":330,"st_area(shape)":33728.251438500003,"coddistrit":"8"}},{"type":"Feature","id":2237,"geometry":{"type":"Polygon","coordinates":[[[-0.35880279126654141,39.45033011040551],[-0.36056039910665078,39.452882848842016],[-0.36157530123956294,39.454375248350217],[-0.36166205943192309,39.45426009539942],[-0.36261127666204707,39.453855739515156],[-0.36236540888947621,39.453456201560627],[-0.36450159862029152,39.451077029971707],[-0.36589946645245774,39.449371363624351],[-0.36690374413719151,39.448951098862509],[-0.36646436808435684,39.448358981262622],[-0.36793478216677838,39.447707476251274],[-0.36745246940404513,39.447119143898931],[-0.36650488714036189,39.447118972561064],[-0.36629946669474961,39.447103670466227],[-0.35880279126654141,39.45033011040551]]]},"properties":{"codsecc":"55","coddistsecc":"1055","objectid":2237,"st_area(shape)":248923.09447042999,"coddistrit":"10"}},{"type":"Feature","id":94,"geometry":{"type":"Polygon","coordinates":[[[-0.35780905445698263,39.486083666409961],[-0.35880177252989226,39.486214349413878],[-0.35888239560747037,39.48579277055164],[-0.36029816569311335,39.48599610800516],[-0.36036767394601116,39.485560771373102],[-0.36055688692979659,39.484929060282184],[-0.35826025698474184,39.484276736291996],[-0.35813150557574758,39.484726181002841],[-0.35780905445698263,39.486083666409961]]]},"properties":{"codsecc":"7","coddistsecc":"1407","objectid":94,"st_area(shape)":32815.031382825,"coddistrit":"14"}},{"type":"Feature","id":113,"geometry":{"type":"Polygon","coordinates":[[[-0.35666902002361273,39.484625355373183],[-0.35672121925433853,39.484302227722893],[-0.35813150557574758,39.484726181002841],[-0.35826025698474184,39.484276736291996],[-0.35839959194704607,39.483739031779727],[-0.35848832788132717,39.483630729587532],[-0.35442385855590208,39.482439186021956],[-0.35440848921894008,39.482537932368579],[-0.35412273313997389,39.484382715168856],[-0.35666902002361273,39.484625355373183]]]},"properties":{"codsecc":"5","coddistsecc":"1405","objectid":113,"st_area(shape)":58965.482755974997,"coddistrit":"14"}},{"type":"Feature","id":601,"geometry":{"type":"Polygon","coordinates":[[[-0.33572237654010806,39.45926507066369],[-0.33823376609992789,39.459728497675194],[-0.34007011432043932,39.460067308391459],[-0.34062085455378222,39.458251142837696],[-0.34083117327350188,39.457840541445528],[-0.33941115961091894,39.457557870266122],[-0.33808440851338034,39.457508174638498],[-0.33573077878606189,39.457872635963071],[-0.3354870520139428,39.458601063640955],[-0.3354384265340275,39.458808528476666],[-0.33527005409647453,39.459184999561515],[-0.33572237654010806,39.45926507066369]]]},"properties":{"codsecc":"55","coddistsecc":"1155","objectid":601,"st_area(shape)":95235.549336299999,"coddistrit":"11"}},{"type":"Feature","id":371,"geometry":{"type":"Polygon","coordinates":[[[-0.33989588380133157,39.460446192758546],[-0.3422561158234807,39.461162309572018],[-0.34299065462708311,39.459706172755261],[-0.34240925162364894,39.459562260951884],[-0.34374760702729323,39.458462257957308],[-0.34317293104906504,39.458341529307582],[-0.34083117327350188,39.457840541445528],[-0.34062085455378222,39.458251142837696],[-0.34007011432043932,39.460067308391459],[-0.33989588380133157,39.460446192758546]]]},"properties":{"codsecc":"32","coddistsecc":"1232","objectid":371,"st_area(shape)":70034.525926935006,"coddistrit":"12"}},{"type":"Feature","id":570,"geometry":{"type":"Polygon","coordinates":[[[-0.34555429407231691,39.457492699121921],[-0.34367928206981019,39.457067587842133],[-0.34317293104906504,39.458341529307582],[-0.34374760702729323,39.458462257957308],[-0.34240925162364894,39.459562260951884],[-0.34299065462708311,39.459706172755261],[-0.34413117114486125,39.46000700047378],[-0.34551311169664234,39.460358375476069],[-0.34650715089438505,39.457721290852071],[-0.34555429407231691,39.457492699121921]]]},"properties":{"codsecc":"42","coddistsecc":"1242","objectid":570,"st_area(shape)":75213.210628610002,"coddistrit":"12"}},{"type":"Feature","id":2238,"geometry":{"type":"Polygon","coordinates":[[[-0.34317293104906504,39.458341529307582],[-0.34367928206981019,39.457067587842133],[-0.34555429407231691,39.457492699121921],[-0.34740467331259822,39.45633860905069],[-0.34815424461407712,39.454941346008212],[-0.34732497058070932,39.454440460826504],[-0.34625149607522204,39.454154709111108],[-0.34556735277600575,39.454039998205346],[-0.34485378494118629,39.453915593291093],[-0.3438101561328592,39.453819685206426],[-0.34301417263201261,39.453819517234734],[-0.34169058511277139,39.454107307977381],[-0.34083117327350188,39.457840541445528],[-0.34317293104906504,39.458341529307582]]]},"properties":{"codsecc":"48","coddistsecc":"1248","objectid":2238,"st_area(shape)":209572.83442532,"coddistrit":"12"}},{"type":"Feature","id":600,"geometry":{"type":"Polygon","coordinates":[[[-0.34169058511277139,39.454107307977381],[-0.33459128413740125,39.454779846272523],[-0.33325960821057221,39.454866420717792],[-0.33241212133805165,39.454883015591335],[-0.3308913567339164,39.454064356267118],[-0.33016719552898594,39.454844997556066],[-0.33017408397752984,39.455538820595706],[-0.33173104375639029,39.457425848398842],[-0.33268655474915054,39.459335097352927],[-0.33305055124789434,39.460055133120868],[-0.33537598410683156,39.460748077591475],[-0.33572237654010806,39.45926507066369],[-0.33527005409647453,39.459184999561515],[-0.3354384265340275,39.458808528476666],[-0.3354870520139428,39.458601063640955],[-0.33573077878606189,39.457872635963071],[-0.33808440851338034,39.457508174638498],[-0.33941115961091894,39.457557870266122],[-0.34083117327350188,39.457840541445528],[-0.34169058511277139,39.454107307977381]]]},"properties":{"codsecc":"2","coddistsecc":"1102","objectid":600,"st_area(shape)":393158.87527818501,"coddistrit":"11"}},{"type":"Feature","id":433,"geometry":{"type":"Polygon","coordinates":[[[-0.33459128413740125,39.454779846272523],[-0.34169058511277139,39.454107307977381],[-0.34301417263201261,39.453819517234734],[-0.3438101561328592,39.453819685206426],[-0.34485378494118629,39.453915593291093],[-0.34556735277600575,39.454039998205346],[-0.34660488575338472,39.452442110433509],[-0.34682169900021126,39.45222184067466],[-0.3470815645778087,39.451957500308609],[-0.34819262036348281,39.452266623523862],[-0.34840159953861372,39.452041667610082],[-0.34797775523426833,39.451842821608203],[-0.3482585448209416,39.451448337662718],[-0.34792809859760626,39.451238100237987],[-0.34777636415845059,39.450739163836666],[-0.34715462786443446,39.45037813620484],[-0.34605553877703099,39.449735960764386],[-0.34608508062222981,39.448939358268859],[-0.34584102120928167,39.448902263404108],[-0.34419311064122937,39.448981742770691],[-0.34404538237648985,39.448627033680843],[-0.34396718814465993,39.448620742397402],[-0.343196521732543,39.449522023533248],[-0.34185816002705016,39.45110399247212],[-0.34144636623097085,39.451409880655163],[-0.34133481388472681,39.450200162474559],[-0.34128008357268336,39.449577314168145],[-0.34119109029510364,39.44830955462394],[-0.34115953713311209,39.447745784363626],[-0.34094189194223523,39.445889519731715],[-0.34085758931456217,39.445013739586031],[-0.34070561063075949,39.443645441437035],[-0.34063425806663594,39.443287971096808],[-0.34063954823002734,39.442806131395891],[-0.34065669853685943,39.442356102765025],[-0.34072985928675259,39.441979416834883],[-0.34090807604383982,39.441533073056831],[-0.33614136599562905,39.440685276740858],[-0.33590558110330476,39.442941805833044],[-0.33578694945991766,39.444120104321385],[-0.33573317756865817,39.444950493970957],[-0.33554765986427876,39.446558802047591],[-0.33546644121849245,39.447412764090636],[-0.33528264516616757,39.448404019085324],[-0.33560941416897822,39.448443032175],[-0.33542657606530579,39.449447822360341],[-0.33522872746540733,39.45065495607583],[-0.33490574889835895,39.452629468973015],[-0.33489328174044253,39.45383184351337],[-0.33459128413740125,39.454779846272523]]]},"properties":{"codsecc":"54","coddistsecc":"1054","objectid":433,"st_area(shape)":950924.53098488995,"coddistrit":"10"}},{"type":"Feature","id":467,"geometry":{"type":"Polygon","coordinates":[[[-0.33303530943641024,39.44807321873617],[-0.3335500963184746,39.448170604372351],[-0.33422462434530592,39.445776250435138],[-0.33437322223147253,39.445631004872546],[-0.33441218664517924,39.445276061145847],[-0.33430838095586735,39.445084496260158],[-0.33439889904203673,39.44474874341185],[-0.33573317756865817,39.444950493970957],[-0.33578694945991766,39.444120104321385],[-0.33590558110330476,39.442941805833044],[-0.33614136599562905,39.440685276740858],[-0.33659015896023819,39.436916495543166],[-0.33663085640158213,39.436021081228773],[-0.33653051991425637,39.434978303628945],[-0.33567555282438782,39.434949709733303],[-0.33322128660977623,39.440122878598281],[-0.32912561572462246,39.444420537763428],[-0.33050848987249665,39.446276554886481],[-0.33104776614674569,39.446892517771268],[-0.33195366733321863,39.447453833565682],[-0.33193116055856764,39.447529891387539],[-0.33228792052111134,39.447772299401898],[-0.33303530943641024,39.44807321873617]]]},"properties":{"codsecc":"44","coddistsecc":"1144","objectid":467,"st_area(shape)":422250.30712275999,"coddistrit":"11"}},{"type":"Feature","id":255,"geometry":{"type":"Polygon","coordinates":[[[-0.34384915186172049,39.470207423994943],[-0.34430342486487414,39.469303417847406],[-0.34670255259671473,39.469979796560402],[-0.34702209003103968,39.46929005996509],[-0.34572412598703489,39.468907950979492],[-0.34478419573286573,39.468638747127926],[-0.34439313133837252,39.468530714986727],[-0.34433876456290058,39.468642082030101],[-0.34408391333377786,39.468753371638833],[-0.34371154907069856,39.468650277970539],[-0.34305117819514341,39.469968476849516],[-0.34384915186172049,39.470207423994943]]]},"properties":{"codsecc":"10","coddistsecc":"1310","objectid":255,"st_area(shape)":30650.856695999999,"coddistrit":"13"}},{"type":"Feature","id":574,"geometry":{"type":"Polygon","coordinates":[[[-0.34702209003103968,39.46929005996509],[-0.34738754561153906,39.468498467942396],[-0.34768466714709045,39.467827439563813],[-0.34788972825119846,39.467394364945932],[-0.34830871212521691,39.466174229951257],[-0.34721483194716934,39.465847489560929],[-0.34657974628205696,39.467152765080655],[-0.34572412598703489,39.468907950979492],[-0.34702209003103968,39.46929005996509]]]},"properties":{"codsecc":"6","coddistsecc":"1206","objectid":574,"st_area(shape)":41245.494935989998,"coddistrit":"12"}},{"type":"Feature","id":2121,"geometry":{"type":"Polygon","coordinates":[[[-0.34835639635975152,39.469661690436425],[-0.34874844493498219,39.468711211515703],[-0.34985054953798694,39.4690336210599],[-0.35032343960366386,39.467828230243008],[-0.34921709130460343,39.467618329047312],[-0.34788972825119846,39.467394364945932],[-0.34768466714709045,39.467827439563813],[-0.34738754561153906,39.468498467942396],[-0.34702209003103968,39.46929005996509],[-0.34835639635975152,39.469661690436425]]]},"properties":{"codsecc":"1","coddistsecc":"1201","objectid":2121,"st_area(shape)":40773.30470701,"coddistrit":"12"}},{"type":"Feature","id":164,"geometry":{"type":"Polygon","coordinates":[[[-0.34635310700452554,39.477336435455015],[-0.34855730286866382,39.47731916629845],[-0.34864176115264872,39.476109425425641],[-0.3494369931084445,39.474433921281282],[-0.3477612635431851,39.473967789483588],[-0.34709486653245125,39.475486651192156],[-0.34705098455241284,39.475586664491217],[-0.34635310700452554,39.477336435455015]]]},"properties":{"codsecc":"24","coddistsecc":"1324","objectid":164,"st_area(shape)":57050.300940000001,"coddistrit":"13"}},{"type":"Feature","id":277,"geometry":{"type":"Polygon","coordinates":[[[-0.33262262064306375,39.468594555247194],[-0.33498029950667269,39.468545028953258],[-0.3352623641165402,39.466902906252749],[-0.33542506438542136,39.465951718974743],[-0.33624247262940304,39.464213752411837],[-0.3364954890030063,39.463674531292057],[-0.33419400354093842,39.463283950689458],[-0.3341137421668896,39.464016313353099],[-0.33292637866035618,39.463876478344382],[-0.33253942512457474,39.465790954668115],[-0.33335782267540837,39.465854771532342],[-0.33320010551925128,39.467206958927008],[-0.33288252048503275,39.467172644339776],[-0.33262262064306375,39.468594555247194]]]},"properties":{"codsecc":"9","coddistsecc":"1109","objectid":277,"st_area(shape)":125492.843675,"coddistrit":"11"}},{"type":"Feature","id":2170,"geometry":{"type":"Polygon","coordinates":[[[-0.40411637116057891,39.53665100132239],[-0.40520061370889082,39.535974505248568],[-0.40586800336372447,39.535544610256665],[-0.40625099216663119,39.535303279387513],[-0.40666244255049905,39.535096419525892],[-0.40730579721286819,39.534810221404427],[-0.40772315159638439,39.534620963769129],[-0.40778863323651576,39.534513473971046],[-0.40774834022452572,39.53429785008791],[-0.40767234584163781,39.534138363946369],[-0.40758952998085324,39.53399712051155],[-0.40751988332374256,39.533865029237873],[-0.40738640872361259,39.533646767968058],[-0.40733619958489281,39.533584162560935],[-0.40727443579744865,39.533495047706715],[-0.40721602725031647,39.533402061871577],[-0.40715094636138977,39.533333620093472],[-0.40709044383689774,39.533245326066186],[-0.40704352688403606,39.53315461461257],[-0.40702612507338387,39.533033598854281],[-0.40702060433232101,39.532947198707738],[-0.4070038938331953,39.532867305357009],[-0.40699953992669907,39.532808002584453],[-0.40700173734668593,39.532693658370242],[-0.40705541575050153,39.532544284096495],[-0.40716452198093095,39.532374165590667],[-0.40725080783439788,39.532282967900663],[-0.40734786976002313,39.532145732633062],[-0.40739710132127777,39.531997961586285],[-0.40741842204749423,39.531895233026169],[-0.40736161686223049,39.531720438418247],[-0.40733910502248732,39.531620118878166],[-0.40736592837959795,39.53148707251848],[-0.40724579032448299,39.531456040580018],[-0.40725274861764321,39.531406620655119],[-0.4072054721938318,39.531394664858652],[-0.40714458745012289,39.53136887413757],[-0.40702353093103233,39.531315957200469],[-0.40683490903279185,39.531239838793013],[-0.40677261433967776,39.531236304086661],[-0.40653012469832178,39.53113811836112],[-0.40639845079513426,39.531097612043133],[-0.40628107188910806,39.531045623272675],[-0.40623172922215428,39.531029494934756],[-0.40614060326837653,39.531015739823125],[-0.40607439647272758,39.530995739459264],[-0.40604376601687991,39.530980407243128],[-0.4060131701114596,39.530965084799291],[-0.40584982544680492,39.530875034145993],[-0.40578020609510812,39.530851083640663],[-0.40567784083397412,39.53079863677992],[-0.40553056271780846,39.530729520509198],[-0.4053870643525106,39.530662317254951],[-0.40531621703842757,39.530634176998866],[-0.40524385152159342,39.530604633456619],[-0.40516189512480172,39.530565227250939],[-0.40507620722300219,39.530525746642383],[-0.4049727999665087,39.530476627150982],[-0.40485988161863928,39.530432682332105],[-0.40479982280749494,39.530407251178708],[-0.40475578895243353,39.530386042764789],[-0.40465918319508909,39.530338606437525],[-0.40457544543842638,39.530313619087401],[-0.40447155687859709,39.530294919999172],[-0.40441959451038878,39.530286056489338],[-0.40436289674617631,39.530270339585414],[-0.40429546852424447,39.530236320317883],[-0.40417113829850904,39.53017802112759],[-0.40407937629325796,39.530134548310514],[-0.40402125553014551,39.530123619129576],[-0.40387730466963545,39.530110771793119],[-0.40372646643785753,39.530115103205098],[-0.4036089813067521,39.530126927450347],[-0.40349220448002832,39.530140659247664],[-0.40336306375922309,39.530137781677396],[-0.40327367030155231,39.530130963766027],[-0.40318168166288576,39.530126979584558],[-0.40311941305620946,39.530115912187057],[-0.40307427980227567,39.530090822814799],[-0.402996128015703,39.530049581281887],[-0.40287283259680901,39.529983222989237],[-0.40274693591190053,39.529930788003803],[-0.40268473082726358,39.529906478918235],[-0.40251402952595278,39.529842934078445],[-0.40238926490193139,39.529802271444808],[-0.40216026446563585,39.52973261176448],[-0.40202485420334116,39.529691053033496],[-0.40193472816249143,39.529662722813669],[-0.40189655584201783,39.529651265773929],[-0.40192828364262989,39.529601886670321],[-0.40195844472045061,39.529561138944445],[-0.40197327421821688,39.529530651635731],[-0.40198056979858898,39.529501914698002],[-0.40190863602666088,39.529487378337414],[-0.40175495393838406,39.529434807332464],[-0.4015710555627019,39.529369263292949],[-0.40137048504087991,39.529304706335957],[-0.4013392730914232,39.529279125934302],[-0.4013538101728385,39.529145148549077],[-0.40133253945489566,39.529120646362138],[-0.4011992849404567,39.529065315469317],[-0.40106538281167614,39.529000844063745],[-0.40101053999184499,39.528981293270164],[-0.40091742231178379,39.528940265059582],[-0.4008159556861387,39.52889508611792],[-0.40070894425656844,39.528839819334245],[-0.40068284978133661,39.528825506107808],[-0.40063712428138776,39.528772997905065],[-0.40059790792306915,39.52872406767289],[-0.40054346238807537,39.528667067132915],[-0.4004572260482549,39.528571959814123],[-0.40037455523893345,39.528485121184509],[-0.40031155994946915,39.52841190262717],[-0.40030625645810403,39.528390982717603],[-0.40031826176901592,39.528335496174513],[-0.40037015082460975,39.528265839521147],[-0.40041770703625873,39.528161717467341],[-0.40048894677393776,39.528064179251245],[-0.40058728951871947,39.527919302839372],[-0.40062373299549037,39.527886335457019],[-0.40060041258465218,39.527865652032212],[-0.40056050820030681,39.527840786806145],[-0.40044804392579775,39.527797955987715],[-0.40036599320069349,39.527769967436939],[-0.40027174305931251,39.52772972416804],[-0.40014395908548833,39.527682198985907],[-0.40003102550495889,39.527642294119886],[-0.39986811062546479,39.527592883294389],[-0.39974635532796632,39.527572726093631],[-0.39963624606157355,39.527541937867483],[-0.39956529386565381,39.527510521616655],[-0.39950060844255114,39.527469849473654],[-0.39946363916246286,39.527441788408872],[-0.39940029059373883,39.527403326257172],[-0.39936050888741287,39.527375193190885],[-0.39940837017714614,39.527300005501978],[-0.39943652601246105,39.527262501730952],[-0.39947622935440347,39.52721762603484],[-0.39944881071780786,39.527188634652148],[-0.39937527367018527,39.527143268917349],[-0.39905449137226556,39.526918687858668],[-0.3988998392478727,39.526926269922534],[-0.39881464369119052,39.526901858420146],[-0.39867870201211097,39.526849185155363],[-0.39859326650242716,39.526818119655125],[-0.39850417472261285,39.526747585922877],[-0.39843354223956912,39.526685213047983],[-0.3984050523578373,39.526675268973946],[-0.39835874492698442,39.526669889689316],[-0.39832603666702415,39.526665436553778],[-0.39803843403143246,39.526520980977793],[-0.39785166041654263,39.526433673643382],[-0.39781498578296903,39.526418312001404],[-0.39778250932543729,39.526407656872379],[-0.39770838354809185,39.526374366660811],[-0.39730243334951365,39.526197466165399],[-0.3969164852457614,39.526027327607927],[-0.39689437696001029,39.526018147767992],[-0.39670219113456945,39.526149855333784],[-0.39645278430831149,39.526306423572123],[-0.39619726161813262,39.526606994263098],[-0.39577650077135285,39.527111764246364],[-0.39586620109924819,39.527175602166452],[-0.39598243458565341,39.527282438992906],[-0.39617323564104145,39.52745122468496],[-0.39619648044593464,39.527490699552388],[-0.39621045935161192,39.527515084267726],[-0.39623879537423207,39.527536304391766],[-0.39632322560552025,39.527606402039851],[-0.39639881348200662,39.52766968902376],[-0.39654031868821693,39.527796055126906],[-0.39660617795905928,39.52785197099697],[-0.3966461520252243,39.527883649748709],[-0.39668023375275269,39.527912376699497],[-0.39673409447110475,39.527958465321419],[-0.39679701182708471,39.528009063054235],[-0.39685797997463007,39.52806855375897],[-0.39691094452559655,39.5281190184906],[-0.39696500531772877,39.528172525695354],[-0.39705870690207684,39.528256992328245],[-0.39710786262527353,39.528297317857977],[-0.39713399330692328,39.528320911708356],[-0.39717277493308978,39.528353383360518],[-0.39719101079337366,39.528371575230281],[-0.39718120949803054,39.528380769773349],[-0.39713273271893063,39.528430934406117],[-0.39708140439734596,39.52848331433885],[-0.3970601291691308,39.528509728760994],[-0.39706238845195185,39.528521806071048],[-0.39707814614428932,39.528529420205643],[-0.39711003758585783,39.528547972116115],[-0.39714918651977993,39.528584938365952],[-0.39715910596321841,39.52860870049588],[-0.39715239565214289,39.528665935907519],[-0.39715061048895939,39.528703129089116],[-0.39713408006263634,39.528847277134489],[-0.39711826583131715,39.528948280283018],[-0.39711264885682707,39.529076195840183],[-0.39710364596565811,39.529162406078974],[-0.39708487814711646,39.529275513863006],[-0.39707450092679336,39.529323469163124],[-0.39707508584045303,39.529336770179938],[-0.39708872792200661,39.529344967522775],[-0.39735143378054294,39.529462931503353],[-0.3973579154370106,39.529475959238475],[-0.39735085197645548,39.529492827529147],[-0.39722741155903663,39.529645363736904],[-0.39712865128080821,39.529751030727624],[-0.39712793842025113,39.529769798004097],[-0.39713771569681411,39.529783980644261],[-0.39722813885713759,39.52982392450356],[-0.39728443611059844,39.529857779530566],[-0.39735461128647465,39.529899440741893],[-0.39738307839581188,39.52991936626983],[-0.39751103084647565,39.529970222507416],[-0.39756521968183428,39.529991390884518],[-0.39763144787296495,39.53001757655742],[-0.39769773192620678,39.530044448109571],[-0.3977611357464052,39.530071813646792],[-0.39780429002668977,39.530089410497595],[-0.39788797208233329,39.530112077203626],[-0.39796029506844283,39.530177542246591],[-0.39808141607971548,39.530284243252972],[-0.39819278950374176,39.530372230844883],[-0.3982485887598608,39.530415083010396],[-0.39833889316801913,39.530488148541956],[-0.39840755335096034,39.530546423372122],[-0.39846178011804578,39.530577186508083],[-0.39851402375008654,39.530617130171066],[-0.39856403405142232,39.530648033061311],[-0.39864736528378636,39.530713140617493],[-0.39869804223026428,39.530741148552011],[-0.3987424066258895,39.530767168315485],[-0.3987848057195571,39.53079815292157],[-0.3988327710307466,39.530831487312931],[-0.39886534948721553,39.530852243261577],[-0.39888340881478235,39.530860548314948],[-0.39892665079905987,39.530887344655618],[-0.3989490801638661,39.530924737718102],[-0.39896993096284333,39.530955492014662],[-0.39903995333494269,39.531001301836184],[-0.3991297978286884,39.53106803232005],[-0.3992190433338671,39.531126506315303],[-0.39924842692662033,39.53115369494973],[-0.39928579126543007,39.531193034884311],[-0.39930903885705282,39.531222230213743],[-0.39933104235965255,39.531240812400689],[-0.39937427593745239,39.531280932336024],[-0.39942331513034857,39.531317614758883],[-0.39947074984060366,39.53134305435286],[-0.3996262101313261,39.531451207171052],[-0.39971067043460112,39.531507312479555],[-0.39979639485042745,39.531566644130734],[-0.39985198296762259,39.531614580758166],[-0.3998789680133652,39.531629679853076],[-0.39997845539382482,39.53170366136419],[-0.40005070756596428,39.531755223034679],[-0.40014142849245959,39.531828134352132],[-0.40023543873878903,39.531888975414141],[-0.40025591706393465,39.531913523125574],[-0.40027117103487087,39.531947755438786],[-0.40028046126957745,39.531985610934584],[-0.40030972838181078,39.532009706695582],[-0.40036956324082634,39.532065755909969],[-0.400404186597695,39.532076323251395],[-0.40043141519156933,39.532076175849269],[-0.4005355928934265,39.532125199497692],[-0.40057379005834459,39.53214412580683],[-0.40059610522097566,39.532174948620465],[-0.40039619904370227,39.532369838891135],[-0.40008783616425786,39.532685784422455],[-0.39987715986770905,39.532908567037424],[-0.39973661826114804,39.533055759235737],[-0.39966030741786923,39.533109770165339],[-0.39959096127457072,39.533177909527062],[-0.39936615088000582,39.53339995135152],[-0.39920935961114118,39.533554481566966],[-0.39913787114676519,39.533622329443347],[-0.39908655118012626,39.533691241446007],[-0.39898173811669807,39.533775405647205],[-0.39902478531078489,39.533808089321163],[-0.39908178004567835,39.533868237641776],[-0.3991751356193981,39.533967532270879],[-0.39925715656700406,39.534040429665794],[-0.39928176225132728,39.53408437570306],[-0.39941715329267807,39.534205151196034],[-0.39954991292351422,39.534287355218993],[-0.39959544543046499,39.534321418608066],[-0.39975654906343239,39.534411653083382],[-0.40000460525197429,39.53455024665692],[-0.40012546050946635,39.534638165392984],[-0.40036313338821911,39.534820587618647],[-0.40053759825082408,39.534990856493579],[-0.40068054090487926,39.535115763376908],[-0.40090153180644628,39.535287622334423],[-0.4011816889482695,39.535505821310068],[-0.40126372604118848,39.535611752762804],[-0.40128056897789743,39.535625570622649],[-0.40142856059122911,39.535678213247202],[-0.40161606394171395,39.535826565631659],[-0.40181104959910374,39.535988625228519],[-0.40186064545199562,39.53603483233762],[-0.40209514844882871,39.53626006183336],[-0.4022036223978524,39.53636222364544],[-0.40221890398336435,39.536380168497004],[-0.40228869938006323,39.536470006103436],[-0.40243068054812514,39.53661773556086],[-0.40250807813305567,39.536699346879558],[-0.40260003878539352,39.536780743258205],[-0.40272978142651422,39.536902271511934],[-0.4027593738825398,39.536914599505415],[-0.40276543796949787,39.536940428051054],[-0.40280275614018046,39.536975522720631],[-0.40281563662593672,39.537015431198284],[-0.40286266475948884,39.537085291510273],[-0.40286418533656837,39.537098802599544],[-0.40290362225944576,39.537131683411921],[-0.40296885965786267,39.537182176589198],[-0.40300410790487429,39.537214441213337],[-0.40306686433516875,39.537276869517825],[-0.40309391074504158,39.537287591001984],[-0.40322348123112289,39.537437186134667],[-0.40325714990122619,39.537505891806298],[-0.4032520956839542,39.537534102334675],[-0.40322614807307811,39.53755725132887],[-0.40314081378401939,39.537603882797704],[-0.40302992939284543,39.537660501244098],[-0.40291142862110191,39.537735092920897],[-0.40273992439435841,39.537846056847023],[-0.40269022927040576,39.537887629148081],[-0.40264595514824764,39.537927349724953],[-0.40258880194226454,39.53792930590123],[-0.40254689425578266,39.537928972399563],[-0.40252415866141905,39.537914031990653],[-0.40243118837152231,39.537851558373141],[-0.40226626126164966,39.53795273201213],[-0.40214521617002452,39.538023446279752],[-0.40199182221111401,39.538117030828907],[-0.40161677669781282,39.538368607494],[-0.40151949433405315,39.538423889135565],[-0.401497650229519,39.538446174598192],[-0.40144330083858959,39.538512668533805],[-0.40139793667538615,39.538568787181049],[-0.40135668288437237,39.538627934615484],[-0.40135626172594452,39.538671959950854],[-0.40135064425310496,39.538794749628337],[-0.4013372643911976,39.538875808296915],[-0.40132737395617013,39.538969989692468],[-0.40132665216477137,39.539049196465136],[-0.40130410163467711,39.539268748626249],[-0.40130214670726083,39.53942090766229],[-0.40128272991136377,39.539473543794614],[-0.4012522000847682,39.539586082696893],[-0.40127763369136388,39.53977161026809],[-0.40125832459229399,39.539821356994558],[-0.40108652255057331,39.540376235634326],[-0.40104894337918912,39.540463770622104],[-0.4017393033867494,39.540575806615124],[-0.40183087350140312,39.540600106448416],[-0.40221077743753297,39.540686132601692],[-0.4025443893854227,39.540746168147699],[-0.40306378012900834,39.540772564635056],[-0.40315008735072533,39.540805096879943],[-0.40315670548206545,39.540794551452926],[-0.40344784586368365,39.540908993658697],[-0.40360236486202988,39.540648986784831],[-0.40369634238640639,39.540701734537421],[-0.40398698472930844,39.540855766721691],[-0.40422753571933218,39.540987084841568],[-0.40427246761213664,39.541009655865594],[-0.40441994145845817,39.541095282253259],[-0.40477624680700786,39.541260824480247],[-0.40539257206717011,39.541590863084416],[-0.405845201690753,39.542926925295298],[-0.40589504637400314,39.543128744378478],[-0.40594494988970309,39.543274647453465],[-0.40616366835823237,39.543903018192829],[-0.40629009799739546,39.544265794890244],[-0.40647874527563249,39.544816018308921],[-0.40663956381254562,39.545269974228212],[-0.40682181187190863,39.545800009736169],[-0.40695129813395153,39.546160556700116],[-0.40752315000651895,39.546425755502689],[-0.40769342287851662,39.545874823250912],[-0.40763433327462861,39.544663535074797],[-0.40751679529850332,39.543084848217589],[-0.40746811297750735,39.542239884964921],[-0.40760399321073815,39.541603805231489],[-0.40750687733076757,39.541211084931959],[-0.40411637116057891,39.53665100132239]]]},"properties":{"codsecc":"6","coddistsecc":"1706","objectid":2170,"st_area(shape)":768954.67902335001,"coddistrit":"17"}},{"type":"Feature","id":2559,"geometry":{"type":"Polygon","coordinates":[[[-0.41713155621808179,39.551769378108617],[-0.41757499256828556,39.552072914404832],[-0.41773066109538726,39.55217052582929],[-0.41817631154006596,39.552784721878268],[-0.41853141433919522,39.55333879736672],[-0.41886529931060762,39.553858572405822],[-0.41928088978681077,39.554508779904459],[-0.41954607326364174,39.554926632973171],[-0.41993191942220687,39.555316869431216],[-0.42029930666973758,39.555689046503709],[-0.42048918857109763,39.555876826056377],[-0.42091457759730511,39.556309810182171],[-0.42101395403891984,39.556420347067522],[-0.42109621204095971,39.556508567465528],[-0.42119768963843912,39.556638735876774],[-0.4215330512831717,39.557013729478363],[-0.4221794669115726,39.557582278588697],[-0.42264079580001396,39.558072349856943],[-0.422999914187629,39.558410876535],[-0.42348622705318201,39.558908570705583],[-0.42375956398047615,39.559179905681631],[-0.4240620658779134,39.559490309196704],[-0.42435172197735416,39.559782148308763],[-0.42475826158593866,39.560193620106318],[-0.42519678906572506,39.560641258098485],[-0.42538364927770461,39.560847872168594],[-0.42554447773562654,39.561032071708389],[-0.42568692356944221,39.561180251983949],[-0.42579343314195012,39.561302537218836],[-0.42594010729324205,39.561435865385121],[-0.42615676941130487,39.561637066821049],[-0.42644356979959103,39.561916900922441],[-0.4266888298064847,39.562146788319261],[-0.42689971526197401,39.562330896921175],[-0.42746894197748081,39.562199555633761],[-0.42857010990783434,39.562002694881798],[-0.42929601269376272,39.561868209859817],[-0.42966742744023362,39.561781982297575],[-0.4303590201198817,39.56162087612541],[-0.43115019300068175,39.561454355928078],[-0.43185604160916868,39.561304465667412],[-0.43253496685362253,39.561185173256447],[-0.43253159559570153,39.561135856840934],[-0.43252120874845335,39.561053665516567],[-0.43250291393237872,39.56089843651079],[-0.43249209904443864,39.560763813733338],[-0.43250340540147586,39.560560528708343],[-0.43250214230318612,39.560422846896692],[-0.43247446689679342,39.56009475756931],[-0.43242039360307449,39.559839587156951],[-0.4324002621444103,39.559751811166805],[-0.43234744831867422,39.559595314515633],[-0.43225771773277777,39.559358382239616],[-0.43221627083867326,39.559249000413594],[-0.43218859310037816,39.559119725340771],[-0.43218229701404098,39.55894087929606],[-0.43218447738656696,39.558817444372934],[-0.43221628273720419,39.558597973339289],[-0.43224825102611636,39.558454197530999],[-0.43226162289255787,39.558413205985794],[-0.43224268884270989,39.558334627351933],[-0.43216976246203376,39.55814509224443],[-0.43208381586501776,39.557975358769696],[-0.43196313423096233,39.557714355181808],[-0.43189649675551867,39.557575831447181],[-0.43185626649333925,39.557442666216417],[-0.4316676304585717,39.557066910563172],[-0.43158682514841762,39.556905200105028],[-0.43146663228354648,39.556686863314667],[-0.43143047497929254,39.556578021584627],[-0.43126003890184339,39.556261080594361],[-0.43119795212435968,39.556154151749119],[-0.431067867956484,39.555919461086347],[-0.4309847016653981,39.555777012786585],[-0.43089985865676644,39.555609374864886],[-0.43078637284463844,39.555395780200421],[-0.43070530421296155,39.555236892059995],[-0.43054506688520916,39.554981795595367],[-0.43051299394884346,39.554949312151024],[-0.43046288292002338,39.554933528285623],[-0.43040461940245112,39.554933671713741],[-0.43032098847184991,39.554907263595489],[-0.43031441303799528,39.554836660557932],[-0.4303358070470788,39.554790531528624],[-0.43032425846161465,39.554745250213344],[-0.43033716905574404,39.554682087102201],[-0.43030478230022035,39.554628164802416],[-0.43024802385238026,39.554590072211901],[-0.43018785916160585,39.554572372148506],[-0.43010769889399381,39.55452352776144],[-0.43005063103260111,39.554415970639042],[-0.4299000983478854,39.554219636000489],[-0.42984441093926162,39.554103388837738],[-0.43041565586434571,39.553851080077386],[-0.42950749276598843,39.553863894227327],[-0.42918960860513683,39.553735501650578],[-0.42899491482711338,39.553642212632717],[-0.42818430735546953,39.553322536225508],[-0.42788002626886873,39.553200603296084],[-0.42753426769085889,39.553065841363825],[-0.42676430276918098,39.552600644836197],[-0.42621045587012157,39.552345235879123],[-0.42558809244480228,39.55206499102264],[-0.42537416087283747,39.551976719908858],[-0.42458541187651816,39.551586514108443],[-0.42410155373045377,39.550871371362774],[-0.42382962478332253,39.550447703225117],[-0.42354258687625834,39.549931800921961],[-0.42328421382002385,39.549538836792472],[-0.42316947346844952,39.549406222821254],[-0.42303180836291926,39.549356935685516],[-0.42281962817815644,39.549257185602706],[-0.4226174964320723,39.549155090610107],[-0.42232286267267427,39.548956900016172],[-0.42189984606056719,39.548706797487199],[-0.42101599949572099,39.548372230219968],[-0.42084313893900571,39.548302799227677],[-0.42050877189650809,39.54819734086859],[-0.42009481874529625,39.548068781135086],[-0.41974432873548784,39.547959476090632],[-0.41952405326523712,39.547879332468433],[-0.41943415790250033,39.547847408210906],[-0.41933181541120967,39.547811928149677],[-0.41915405283092455,39.547748313518461],[-0.41900381930865427,39.547695454194482],[-0.41883955449253302,39.547637832548958],[-0.41873259236629984,39.547598916065795],[-0.41870255758474484,39.547580744583463],[-0.41845206039497312,39.547490990632404],[-0.41790899257755437,39.547298257895775],[-0.41707694146844093,39.54703175640136],[-0.4167917665289208,39.546611921614215],[-0.41618798463136264,39.546044714917272],[-0.41603458080146122,39.545882423956634],[-0.41591639840975264,39.545747456170112],[-0.41581278387591791,39.545589002219415],[-0.41567757404525152,39.545392720129087],[-0.41553307547285423,39.545189961113074],[-0.41539194945437075,39.54502802357878],[-0.41521745379907316,39.544773264793569],[-0.41505637822174435,39.544561686093829],[-0.41487140049761068,39.544243947522745],[-0.41463251081449898,39.543806633626893],[-0.41450393744573832,39.543552760765046],[-0.41442393629669838,39.543397173470872],[-0.41430788627098869,39.543162362417071],[-0.41418126037139696,39.542897154487676],[-0.4140601862277063,39.542670465349737],[-0.41396872722210221,39.542508577786222],[-0.41381795196536497,39.542263948352819],[-0.41342521411035277,39.541890051556521],[-0.41304557891852156,39.541644955221059],[-0.41156886489038386,39.540651877469614],[-0.41126571726342143,39.540147108672016],[-0.41110311235167352,39.539165106430062],[-0.41102960135045247,39.538790829685745],[-0.41092328283653357,39.538259078219298],[-0.41081419703147443,39.537804614176551],[-0.41077596196583921,39.537519922877649],[-0.41077975479860335,39.53731932824342],[-0.4107947645307628,39.536995401425642],[-0.41079515797982341,39.536608339705417],[-0.41081414109104264,39.53619191835633],[-0.41081085141690282,39.53609169460919],[-0.41077668973660403,39.535979107379127],[-0.41070920113350845,39.535801274529575],[-0.41061824238978883,39.535445797163057],[-0.41043427578881425,39.534864811002556],[-0.40862537416740025,39.534074699693413],[-0.40858392992939341,39.534066973532994],[-0.40855223624191217,39.534053275859343],[-0.40762957779498166,39.533991941441187],[-0.40759037775755963,39.533996973670071],[-0.40767130537840246,39.534136279522521],[-0.40774536547253853,39.534294877478168],[-0.4077873217445504,39.534512325816628],[-0.40772315159638439,39.534620963769129],[-0.40730579721286819,39.534810221404427],[-0.40666244255049905,39.535096419525892],[-0.40625099216663119,39.535303279387513],[-0.40586800336372447,39.535544610256665],[-0.40520061370889082,39.535974505248568],[-0.40411637116057891,39.53665100132239],[-0.40750687733076757,39.541211084931959],[-0.40760399321073815,39.541603805231489],[-0.40746811297750735,39.542239884964921],[-0.40751679529850332,39.543084848217589],[-0.40763433327462861,39.544663535074797],[-0.40769342287851662,39.545874823250912],[-0.40752315000651895,39.546425755502689],[-0.40815773625450696,39.546718801064848],[-0.40881423941898715,39.54702340387869],[-0.40938588661759023,39.547289480911743],[-0.40966043815778197,39.547434194589137],[-0.4098540864178063,39.547527519412476],[-0.41011569202685666,39.547647115230184],[-0.41047531824653161,39.547818795240524],[-0.41120515783522005,39.548146082087683],[-0.41166569636170863,39.548345439222196],[-0.41231423976933479,39.548643989410053],[-0.41264411019245417,39.548799072396669],[-0.41291799719899908,39.548908152070695],[-0.41309245464579514,39.54898766611889],[-0.41321861926559728,39.549052176879769],[-0.41345918756455335,39.549175792100328],[-0.41362035506048173,39.549313620349423],[-0.41388264044971984,39.549503292978827],[-0.41426145032349976,39.549782142223137],[-0.41462486448448965,39.550030684457909],[-0.4148875002311147,39.550211380925631],[-0.41515876587178596,39.550411043097007],[-0.41545536338285066,39.550612673685485],[-0.41587862035917139,39.55088073230349],[-0.41617761870598491,39.551095855545867],[-0.41654527975331701,39.551365161419831],[-0.41679386489644604,39.551534334234709],[-0.41713155621808179,39.551769378108617]]]},"properties":{"codsecc":"8","coddistsecc":"1708","objectid":2559,"st_area(shape)":2012956.5286804449,"coddistrit":"17"}},{"type":"Feature","id":558,"geometry":{"type":"Polygon","coordinates":[[[-0.33605484306729572,39.426341775701864],[-0.33604144810963954,39.42742653286556],[-0.33593007086210463,39.42745887139538],[-0.33584731728481826,39.427578052964762],[-0.33573904263842108,39.427683208412354],[-0.33564300813326814,39.427923172596394],[-0.3355387528153323,39.428378213314538],[-0.33536280787489858,39.430018284332306],[-0.33540775354569424,39.429978946257123],[-0.3354501765824387,39.429778121846546],[-0.33551477906709676,39.429678695249478],[-0.3356685143426788,39.429520772583267],[-0.33595247278099899,39.429365834283495],[-0.33612304645419977,39.429313798846067],[-0.33623535939838334,39.4319108228906],[-0.33653051991425637,39.434978303628945],[-0.33663085640158213,39.436021081228773],[-0.33659015896023819,39.436916495543166],[-0.33614136599562905,39.440685276740858],[-0.34090807604383982,39.441533073056831],[-0.34072985928675259,39.441979416834883],[-0.34065669853685943,39.442356102765025],[-0.34063954823002734,39.442806131395891],[-0.34063425806663594,39.443287971096808],[-0.34070561063075949,39.443645441437035],[-0.34144636623097085,39.451409880655163],[-0.34185816002705016,39.45110399247212],[-0.34396718814465993,39.448620742397402],[-0.34404538237648985,39.448627033680843],[-0.34419311064122937,39.448981742770691],[-0.34584102120928167,39.448902263404108],[-0.34608508062222981,39.448939358268859],[-0.34605553877703099,39.449735960764386],[-0.34777636415845059,39.450739163836666],[-0.34792809859760626,39.451238100237987],[-0.3482585448209416,39.451448337662718],[-0.34797775523426833,39.451842821608203],[-0.34840159953861372,39.452041667610082],[-0.34819262036348281,39.452266623523862],[-0.34826812392138168,39.452286363784857],[-0.35172624509704836,39.453329125083727],[-0.36631426996769911,39.447093283615132],[-0.36627542676593999,39.447083394627505],[-0.36581241624115141,39.446901734528929],[-0.36530116771565629,39.446727987955136],[-0.36470066281132002,39.446475640557559],[-0.3645249594378171,39.446359046514331],[-0.36444011024215339,39.446086858237955],[-0.36473375143456055,39.44565658901216],[-0.36481347268289932,39.445622361255481],[-0.36512903760695764,39.445746629948054],[-0.36532426803615936,39.44555736611342],[-0.36551854887289931,39.44437261555629],[-0.36572799691441188,39.443728737077471],[-0.3658049109998241,39.443383640852595],[-0.36447238377818042,39.443056142787832],[-0.36468813678320289,39.442516019477594],[-0.36483473229565083,39.441749116415046],[-0.36537618288620838,39.441910036117029],[-0.3654499712277065,39.441609922283192],[-0.36538820047296516,39.441572486892589],[-0.36537730549525149,39.441495664993411],[-0.36554232897547656,39.440990425242084],[-0.36951480735363068,39.441481287221983],[-0.36954092539755429,39.441270179964008],[-0.37017371913482555,39.435519038362727],[-0.36555533103819721,39.435144192893894],[-0.36213498378531483,39.434809871476752],[-0.36138960256305969,39.434666839171868],[-0.35908200569736526,39.433920772704198],[-0.35541312855608564,39.432693275174579],[-0.35113769724533167,39.431267170733797],[-0.34896042927077286,39.43053740610393],[-0.34608062758208968,39.429534830558111],[-0.3376425337756836,39.426571821157879],[-0.33684604421363962,39.426364400401212],[-0.33605484306729572,39.426341775701864]]]},"properties":{"codsecc":"41","coddistsecc":"1041","objectid":558,"st_area(shape)":5263985.4407695001,"coddistrit":"10"}},{"type":"Feature","id":250,"geometry":{"type":"Polygon","coordinates":[[[-0.33776213407368799,39.470306912220927],[-0.33848083681675945,39.468814410072206],[-0.33498029950667269,39.468545028953258],[-0.33501371542043434,39.469496217418552],[-0.33776213407368799,39.470306912220927]]]},"properties":{"codsecc":"52","coddistsecc":"1152","objectid":250,"st_area(shape)":38259.437093,"coddistrit":"11"}},{"type":"Feature","id":221,"geometry":{"type":"Polygon","coordinates":[[[-0.33697967914488819,39.471698843193316],[-0.33776861036885447,39.471945944457453],[-0.3382061554914052,39.471072841401138],[-0.33740081864797233,39.470866184993689],[-0.33776213407368799,39.470306912220927],[-0.33501371542043434,39.469496217418552],[-0.33498775754624921,39.470081181207966],[-0.33473164888559892,39.471061764444059],[-0.33697967914488819,39.471698843193316]]]},"properties":{"codsecc":"40","coddistsecc":"1140","objectid":221,"st_area(shape)":45516.068498799999,"coddistrit":"11"}},{"type":"Feature","id":234,"geometry":{"type":"Polygon","coordinates":[[[-0.33740081864797233,39.470866184993689],[-0.3382061554914052,39.471072841401138],[-0.33877609701106115,39.471244506296856],[-0.33944317903524951,39.469885956300097],[-0.34014257467923231,39.470100149987012],[-0.34023995032491927,39.469908690678594],[-0.33981763662439579,39.469781910406887],[-0.34009796653941787,39.469211776375332],[-0.33979857696712368,39.469119340209986],[-0.33986199241962994,39.46899917376961],[-0.33875650011379171,39.468672078867378],[-0.3386762911994794,39.468832399462627],[-0.33848083681675945,39.468814410072206],[-0.33776213407368799,39.470306912220927],[-0.33740081864797233,39.470866184993689]]]},"properties":{"codsecc":"51","coddistsecc":"1151","objectid":234,"st_area(shape)":34881.621551900003,"coddistrit":"11"}},{"type":"Feature","id":292,"geometry":{"type":"Polygon","coordinates":[[[-0.36084657733759373,39.46827040172829],[-0.36208700088820395,39.467798586707524],[-0.36176615725467715,39.467196723894816],[-0.36106726576336451,39.465910626658641],[-0.36015202564490989,39.464142145603311],[-0.35996938690423808,39.46342844256052],[-0.35867498476202975,39.463707685120923],[-0.35800753803872482,39.464088899825377],[-0.35711520572762606,39.465919895975283],[-0.35682925903951773,39.466507971855712],[-0.35769443381951971,39.466757370156024],[-0.35881388851350732,39.467408927580436],[-0.35869949661644707,39.467667582208634],[-0.36084657733759373,39.46827040172829]]]},"properties":{"codsecc":"12","coddistsecc":"0612","objectid":292,"st_area(shape)":135171.7972844,"coddistrit":"6"}},{"type":"Feature","id":537,"geometry":{"type":"Polygon","coordinates":[[[-0.35800753803872482,39.464088899825377],[-0.35867498476202975,39.463707685120923],[-0.35996938690423808,39.46342844256052],[-0.35915390430895761,39.462223129158204],[-0.35896952521606645,39.461912640641337],[-0.35788242401048498,39.460081670121106],[-0.35507576151197268,39.459315144128681],[-0.35410527718527418,39.458761535530556],[-0.35252062276954499,39.462337939697292],[-0.35430544073649345,39.462878581505393],[-0.35800753803872482,39.464088899825377]]]},"properties":{"codsecc":"37","coddistsecc":"1237","objectid":537,"st_area(shape)":209462.1210167,"coddistrit":"12"}},{"type":"Feature","id":198,"geometry":{"type":"Polygon","coordinates":[[[-0.35318737619479329,39.473987886942872],[-0.35441160140804789,39.471475311089819],[-0.35240429706320703,39.470870522773446],[-0.3520746798578992,39.471548199250293],[-0.35178018870791827,39.472167597488891],[-0.35191020823718505,39.472206595424289],[-0.35303635351257667,39.472529541149306],[-0.3524316099883627,39.47376346910422],[-0.35318737619479329,39.473987886942872]]]},"properties":{"codsecc":"16","coddistsecc":"1316","objectid":198,"st_area(shape)":38436.115283949999,"coddistrit":"13"}},{"type":"Feature","id":233,"geometry":{"type":"Polygon","coordinates":[[[-0.3520746798578992,39.471548199250293],[-0.35240429706320703,39.470870522773446],[-0.35116147556943866,39.4704958842552],[-0.3493938605877272,39.469964620942342],[-0.34910830367016038,39.470674303710801],[-0.3520746798578992,39.471548199250293]]]},"properties":{"codsecc":"19","coddistsecc":"1319","objectid":233,"st_area(shape)":22439.818726000001,"coddistrit":"13"}},{"type":"Feature","id":238,"geometry":{"type":"Polygon","coordinates":[[[-0.35441160140804789,39.471475311089819],[-0.3548474339943537,39.470522301555533],[-0.35381588964046085,39.470191520824521],[-0.35158323102712713,39.469528055090358],[-0.35116147556943866,39.4704958842552],[-0.35240429706320703,39.470870522773446],[-0.35441160140804789,39.471475311089819]]]},"properties":{"codsecc":"19","coddistsecc":"1219","objectid":238,"st_area(shape)":34205.298126399997,"coddistrit":"12"}},{"type":"Feature","id":147,"geometry":{"type":"Polygon","coordinates":[[[-0.33281552404474918,39.479188840633022],[-0.33338084741316704,39.476413154519939],[-0.32992482556973907,39.475464800620799],[-0.32985081141851458,39.478917918372339],[-0.33037690761716099,39.478934510516567],[-0.33281552404474918,39.479188840633022]]]},"properties":{"codsecc":"53","coddistsecc":"1153","objectid":147,"st_area(shape)":96975.263471300001,"coddistrit":"11"}},{"type":"Feature","id":168,"geometry":{"type":"Polygon","coordinates":[[[-0.33338084741316704,39.476413154519939],[-0.33550869496966856,39.476998491255486],[-0.33710449731799874,39.473657378240929],[-0.33415709619961209,39.472809784321747],[-0.33385026947273561,39.474356742658159],[-0.33372936103468437,39.474840440071219],[-0.33338084741316704,39.476413154519939]]]},"properties":{"codsecc":"42","coddistsecc":"1142","objectid":168,"st_area(shape)":91985.807630900003,"coddistrit":"11"}},{"type":"Feature","id":170,"geometry":{"type":"Polygon","coordinates":[[[-0.33338084741316704,39.476413154519939],[-0.33372936103468437,39.474840440071219],[-0.33206040864036496,39.474522873038282],[-0.33113306529910602,39.474379969703243],[-0.33054239494456844,39.474361906983418],[-0.33009906995114491,39.474347217720847],[-0.33014729603182147,39.473447461960241],[-0.3289726767954414,39.473312373140857],[-0.32883664266562496,39.473962378932498],[-0.32875608466717554,39.474055118769698],[-0.32872687188744065,39.474230108383026],[-0.3277796822773576,39.474226357355256],[-0.32769855017570315,39.474751501970431],[-0.32870941444305946,39.475103553396863],[-0.32992482556973907,39.475464800620799],[-0.33338084741316704,39.476413154519939]]]},"properties":{"codsecc":"31","coddistsecc":"1131","objectid":170,"st_area(shape)":79769.412698850007,"coddistrit":"11"}},{"type":"Feature","id":557,"geometry":{"type":"Polygon","coordinates":[[[-0.33283277492396052,39.428664165278512],[-0.33277965512401936,39.428667459825078],[-0.33278257250096366,39.42876211001731],[-0.33283843350884873,39.428763391769827],[-0.33284419051530062,39.428916673237232],[-0.33278815768450565,39.428919891936779],[-0.33279275893531812,39.428951528267625],[-0.33284734134644234,39.428948267277349],[-0.33286752769610994,39.42923700260701],[-0.33309363550529691,39.429228677244218],[-0.33309536818106739,39.429278265322523],[-0.33286780941562771,39.429286557394711],[-0.33286910405183434,39.429385683746446],[-0.33276250901968868,39.429401255448234],[-0.33172903620053873,39.4299045417415],[-0.330896189375182,39.429925960374767],[-0.33087283539512702,39.429853362865593],[-0.3308537592176245,39.429839411658222],[-0.33082943920433977,39.429829844426962],[-0.33064719724026348,39.4298301639218],[-0.3305553570447386,39.429877603151169],[-0.33054073362991143,39.429994372480657],[-0.3305424322851912,39.430025942227111],[-0.33055226483047234,39.43005319437794],[-0.33057606932979533,39.430076263001581],[-0.3305965963207087,39.430090247571712],[-0.33061310297894347,39.430095131031422],[-0.33066810573300959,39.430118916085476],[-0.33280350079162191,39.430095845486264],[-0.33286260328372297,39.431475509572714],[-0.33288308676573491,39.431471475180047],[-0.33288757657414025,39.431620214116229],[-0.3333042561383876,39.431602747799424],[-0.33330557979082093,39.431625300125773],[-0.33330987124783895,39.431683946664592],[-0.33289099717648152,39.431701371651577],[-0.33287328798501231,39.431727991659564],[-0.33277132379335345,39.431793208878354],[-0.33271183871099475,39.431791852915552],[-0.33157984709618032,39.431414547457521],[-0.33069301570790621,39.431119426813488],[-0.33056398730249714,39.431075933229927],[-0.33040899581653344,39.43100931226806],[-0.33027173509085844,39.430934089555748],[-0.3301489620950428,39.430841190896146],[-0.33002104198730792,39.430712129751555],[-0.32995902063897892,39.430625130718077],[-0.32988289963596845,39.43047023290999],[-0.3298538715899727,39.430374982921215],[-0.32980928334397447,39.429148800469726],[-0.32973381372653321,39.427097631730128],[-0.32971453459850919,39.427070162502595],[-0.32964354433329796,39.427027992177834],[-0.32954997710040301,39.427025842675889],[-0.32949453697042491,39.427051595377002],[-0.32945726888022681,39.427095783105031],[-0.32945788440816132,39.427478661542914],[-0.32889862417004645,39.427731561784974],[-0.32427660973327982,39.426242485697678],[-0.32420816471583858,39.426114796298222],[-0.32438467957755973,39.425790047986062],[-0.3248722905691564,39.424886897458336],[-0.32510410806866047,39.424748100605719],[-0.32522067993470671,39.424737269829741],[-0.32524479431714015,39.424733320312463],[-0.32530764801870737,39.42470323582257],[-0.32536429272917683,39.42464598209299],[-0.32539315955162457,39.424574576034374],[-0.32538502797890984,39.424502318688198],[-0.32532776811898145,39.424424435567829],[-0.32520596678086233,39.424363075877835],[-0.32514176146276991,39.424352589700518],[-0.32493315086307722,39.424397337516353],[-0.32449524206159247,39.424666522450018],[-0.32419371920861656,39.425222621768874],[-0.32402099826821917,39.42554295277089],[-0.32393005553646348,39.425680486224955],[-0.3238033000142152,39.425767655838797],[-0.32368424196888729,39.425805454258715],[-0.32358072457335696,39.425816584039723],[-0.32338285001810985,39.425789505976716],[-0.31922766623220927,39.42441907561377],[-0.31450063696831643,39.422877644071669],[-0.31440012919444621,39.422848295773299],[-0.31413930361222847,39.422797225770687],[-0.31397862847691904,39.422784504442483],[-0.31373730389771942,39.422792441126965],[-0.31352558978650602,39.422823583544201],[-0.31334688277085432,39.422864497208593],[-0.3131752836513999,39.422928096798863],[-0.31301550167765474,39.423005482433567],[-0.31288853757491919,39.423079122088026],[-0.31275527947501713,39.423184146776372],[-0.31270260471595451,39.423232468262711],[-0.31260867489976468,39.423333897567915],[-0.31248334942314282,39.423515679814905],[-0.30919046244294629,39.429601347232804],[-0.3091041408919733,39.429806541218845],[-0.30902836885102936,39.430133597494731],[-0.30901655080530149,39.430421594915629],[-0.30906627731123698,39.43075155648814],[-0.3091812521264814,39.431065011002886],[-0.30940603492703617,39.431430555352293],[-0.30977443957287648,39.431799423394821],[-0.31420242646770086,39.435352039461648],[-0.31425126615927085,39.435384698609496],[-0.31431840927911259,39.435413276276883],[-0.31435160706580723,39.435418547707833],[-0.31447967175311592,39.435430515383054],[-0.31457556453451713,39.435410209003415],[-0.31468227715826758,39.43535411750009],[-0.31475358164451389,39.435274686021394],[-0.31477445003538235,39.435185089599237],[-0.31475345532825638,39.435108030181034],[-0.31470203155339838,39.435048285285127],[-0.31457732040542369,39.434986847199056],[-0.31451310734389037,39.434976354885244],[-0.31151890057188525,39.432578466303035],[-0.31157338089149827,39.432521169502799],[-0.31198901359921694,39.432116388296812],[-0.3126283318673676,39.431464541178428],[-0.31336087451714645,39.430729252911014],[-0.3136379976223056,39.430451890963013],[-0.31372813042375913,39.430354877641186],[-0.31383735197385548,39.430289836022247],[-0.31394267373081036,39.430269747969923],[-0.31412243878449003,39.430296423769093],[-0.3142561407398044,39.430331043748176],[-0.31423806757538753,39.430366661190121],[-0.31416956441903249,39.430486687583787],[-0.31432942075529346,39.430539929325093],[-0.31440339305588932,39.430429028945468],[-0.31468662354182703,39.430521155630906],[-0.31487656883704573,39.43016970658072],[-0.33029683172360058,39.435195682742396],[-0.33011109632697733,39.4355337410476],[-0.33041433916097851,39.435635298183911],[-0.32800173939738947,39.440088634349173],[-0.3218763361683516,39.438096466697026],[-0.32058718417466397,39.440526083566773],[-0.32057057387208898,39.440561735675523],[-0.32056065987576032,39.440593037772729],[-0.32055649724902718,39.440606454944728],[-0.32054987146513575,39.440646841597903],[-0.32054758711619741,39.440687328333098],[-0.32055021457116339,39.440732432676626],[-0.32055443614091245,39.440755051882356],[-0.32058162927526879,39.440841252917885],[-0.32059654354789924,39.440868622993619],[-0.32061437148342731,39.440896060234252],[-0.32062873862854063,39.440918913316118],[-0.32066291404776776,39.440955736148801],[-0.32069434839879118,39.440987991408214],[-0.32072958869390367,39.441015830014344],[-0.3208013070595428,39.441058013586229],[-0.32090494774722472,39.441100941933357],[-0.32551576832100743,39.442544849069655],[-0.32576676490581025,39.442627189773702],[-0.32638892731897595,39.442839686682575],[-0.326671751098014,39.442963296985155],[-0.32709209036970249,39.443193669867298],[-0.32736707810980126,39.443389168382467],[-0.3275030134173792,39.44351841673182],[-0.32765376147094671,39.443620979219055],[-0.32800651674396619,39.443966908823107],[-0.3280634615233225,39.444053801153025],[-0.32802034713946537,39.444079836286747],[-0.32790475211008063,39.444140240137976],[-0.32712848773324982,39.444500768107318],[-0.32699956090957788,39.444340149845374],[-0.32666187911388622,39.443999068312706],[-0.32586270803377432,39.443534759509575],[-0.32363107917811768,39.442875338774684],[-0.32356228988838509,39.442851232875469],[-0.3231260162483317,39.44271507229881],[-0.32277974041861235,39.442598991640594],[-0.32244399766747806,39.442492170372915],[-0.32224310296712078,39.442428994322704],[-0.32218519174184795,39.442405138229987],[-0.32200645007188261,39.442351471903038],[-0.32137580247346476,39.442152269254464],[-0.32102773612116953,39.442045159919104],[-0.32091030325107323,39.442001913762169],[-0.32072792992795429,39.441948170783888],[-0.3204208697421132,39.441851004638551],[-0.32032431056508226,39.441812752503921],[-0.32024208965171441,39.441779326237125],[-0.32014265829144045,39.441759016229717],[-0.32004125815837131,39.441752173871791],[-0.31996038610178573,39.441759317894892],[-0.31979324153283178,39.441800507496062],[-0.31971751231733742,39.441843804948782],[-0.3196387491232161,39.4419095542642],[-0.31952898121709661,39.442082684511355],[-0.31945815975108782,39.442225191233923],[-0.31941006969876162,39.442305160906088],[-0.31935149440362803,39.442411914983232],[-0.31930903599897681,39.442496509860547],[-0.31930288648327321,39.442505376779543],[-0.31925227995742522,39.442594297089876],[-0.31917005063399206,39.44275005362438],[-0.31914693252926968,39.442803572901653],[-0.31910319522093078,39.442883633820536],[-0.31903309172349426,39.443026156810063],[-0.31900290236849893,39.443075008571796],[-0.31898752834357114,39.443097175818444],[-0.31896600469180014,39.443128209959617],[-0.31895028528734126,39.443159377983413],[-0.3189268102409592,39.443221888717439],[-0.31889029839784538,39.443284107727855],[-0.31883857342905497,39.443363993287591],[-0.31882334298935622,39.443363641950235],[-0.31609026495594167,39.443359146548474],[-0.31609755192631617,39.443471924129057],[-0.31626296229613593,39.443475743613142],[-0.31626742010698966,39.443435307191763],[-0.31773634729775635,39.443437667092311],[-0.31762610459625773,39.443831507772359],[-0.31755534726512347,39.44382086602716],[-0.31752289885130708,39.443928222097782],[-0.31774008305234835,39.443964765002313],[-0.31777687278678518,39.443857509053821],[-0.31765930665187586,39.443836778396481],[-0.31773659463235676,39.44356379526117],[-0.31777117300452995,39.443438470778922],[-0.31869400292242611,39.443441736978123],[-0.31871299856389301,39.443892612612935],[-0.31861074546236989,39.444097454871425],[-0.3250641313642525,39.446146931237557],[-0.32564633076591321,39.449642176055136],[-0.3253590754144392,39.449671609864225],[-0.32524794119403017,39.449880748921416],[-0.32148248596995233,39.448667982187857],[-0.32161549884004886,39.448418802631288],[-0.32138736095606241,39.448345988403609],[-0.32058077165930338,39.449854369441887],[-0.32064409535910371,39.449869342406757],[-0.32067606291393241,39.4498880968534],[-0.32181245773392292,39.450252107779143],[-0.32343797832168092,39.450757990871331],[-0.32347664422818861,39.45077239444332],[-0.32347122586078947,39.450781278408989],[-0.32359681204977092,39.450820196477501],[-0.32347392964235405,39.451051594058143],[-0.32622577008772569,39.451921190437233],[-0.32626145211005592,39.452070655681425],[-0.32596545643488511,39.452631396933683],[-0.32559009016988538,39.452514654906587],[-0.32556145161435701,39.452523004640604],[-0.32555060349057396,39.452540772502957],[-0.32557641231582418,39.452568392645311],[-0.32541919241853379,39.452862063338017],[-0.32544150906977592,39.452867081278107],[-0.32546258893728869,39.452885583872785],[-0.32545554704292007,39.452898934941629],[-0.32649865822950608,39.453234367273126],[-0.32633452901298249,39.453405622556247],[-0.32534748196497881,39.453103649213851],[-0.32534187969541406,39.453117033405675],[-0.32531012384258001,39.453111798214408],[-0.32529779376023893,39.453111514451869],[-0.32527447356222894,39.453151517119188],[-0.32395887130494389,39.452914040148002],[-0.32393993442169272,39.452972160957025],[-0.32396371387195699,39.452977212862315],[-0.32388836428285761,39.453218713982899],[-0.32386241364084345,39.453213612067046],[-0.32381861527957118,39.453352239077738],[-0.32383150441065767,39.453357040242835],[-0.323811805706546,39.453397125995124],[-0.32379439028630025,39.453396724973452],[-0.3232888371323952,39.453398604678505],[-0.32327071349243841,39.453398187267041],[-0.32319852417764489,39.453405533366286],[-0.32317731388960214,39.453409549219884],[-0.3231374393236438,39.453426648299384],[-0.32311279742780868,39.453444098216529],[-0.32309904596626793,39.453461798966984],[-0.32308277842390842,39.453488450505453],[-0.32304501543969216,39.453564155015286],[-0.3229436397729023,39.453764516649066],[-0.32290877906036936,39.453840287960141],[-0.32290301538427085,39.4538581726801],[-0.32290215293938651,39.453880674668966],[-0.32291071810240463,39.453903393819168],[-0.32284655771972215,39.454023533907943],[-0.32692539694793954,39.45531103284879],[-0.32683702964224759,39.455475662144913],[-0.32701994595812389,39.455592469572153],[-0.32693483944107793,39.455671590849278],[-0.32602524741960481,39.456551540875751],[-0.32582480747067322,39.456740625927424],[-0.32571651862201761,39.456837230326848],[-0.32569841300884256,39.45685483118438],[-0.32567036236822122,39.456885716305123],[-0.32565135291452146,39.456907800727528],[-0.32562982754893516,39.456938835993569],[-0.32561176403895653,39.456974455289853],[-0.32559821531992234,39.457005674105972],[-0.32558812846485424,39.457041476955688],[-0.325581503476643,39.457081863839932],[-0.32557956597967797,39.457113340841964],[-0.32558071481289774,39.457140393504531],[-0.32558586145894147,39.457176546906688],[-0.3255909775767985,39.457194682122456],[-0.32560794964741191,39.457244620762211],[-0.32562489120036314,39.457276541213702],[-0.32564054212248306,39.45730392759247],[-0.32565927973784858,39.457326880627541],[-0.32569618423397029,39.457368269184741],[-0.32571364284352028,39.457386688409031],[-0.32576668481035326,39.457423943911159],[-0.32581064337026372,39.457451981637526],[-0.32590722661331673,39.457490238959352],[-0.32604061122981465,39.457515829827024],[-0.32613187544295397,39.457522433985069],[-0.32627587530940166,39.457498720729504],[-0.32631847073835707,39.457486178555826],[-0.32635163769114695,39.457473428468752],[-0.32639079401941662,39.457456311787382],[-0.32643608877293712,39.457430327562975],[-0.32645692482539457,39.457417293775258],[-0.32650184420704315,39.457382292146363],[-0.32651017710927838,39.457373475094784],[-0.32654095806244166,39.457347156950206],[-0.32655384811999694,39.457351957841745],[-0.32801291495857815,39.455930600188189],[-0.3295521209017388,39.456799268974208],[-0.32974049471697203,39.456925215336923],[-0.3298897691312761,39.457086289082959],[-0.33030479328211887,39.457591304651544],[-0.33005324130468433,39.457711648333657],[-0.33086729660638348,39.458703274051501],[-0.33085696477500931,39.458707541136],[-0.33060814033881747,39.458832452986044],[-0.33142038819115915,39.45981503364888],[-0.33118424757802523,39.459931229184974],[-0.33111948250821716,39.460105412438146],[-0.33132913507487888,39.460245358074232],[-0.33126306797281063,39.460320415296692],[-0.33102386113211019,39.460535636265305],[-0.33021530732940435,39.461242268327531],[-0.32979228445746872,39.461610916736745],[-0.32963422683434285,39.461508188857415],[-0.32961754084600048,39.461507805448527],[-0.32957800720569147,39.461515905781283],[-0.3295459344602184,39.461537690654694],[-0.32949811082313546,39.46157262669324],[-0.32940802261739771,39.461611095859141],[-0.32930996834227305,39.461649390897456],[-0.3291794110918253,39.461682425500676],[-0.32906460471186888,39.461702308843222],[-0.32895468071821826,39.461708791175248],[-0.32877287216156492,39.461695603656864],[-0.32872988764095845,39.461699120008248],[-0.32869090156669717,39.461711736992648],[-0.32867369904649474,39.4617248546855],[-0.3286337779886957,39.461723937047836],[-0.32860740757885143,39.46195755813266],[-0.32644256153391854,39.461795183992919],[-0.32642080983420957,39.461983867067119],[-0.32598914625009784,39.461951413748608],[-0.32600122905999207,39.461825569451896],[-0.32596784541935181,39.461824801316915],[-0.32596642452049107,39.461842786096113],[-0.32587588624108488,39.461836198453653],[-0.32587687782065666,39.461791186596045],[-0.32584617908361013,39.461682375367111],[-0.32596372826642472,39.461495896696135],[-0.32591216522753175,39.461476692773402],[-0.32573153408137251,39.461413979540296],[-0.32558976902262787,39.461644944384759],[-0.3252401068815855,39.46151978362191],[-0.32525022507446089,39.461501999026567],[-0.3255641331223863,39.46098671664965],[-0.32552981553980692,39.460972413794721],[-0.32518968108843382,39.461527631762429],[-0.3251386050793324,39.461476908131864],[-0.32501784498134606,39.461329997822347],[-0.32458409906675306,39.460707428213176],[-0.32519766993302374,39.460446776250528],[-0.32507377575290936,39.460268254274169],[-0.32446020606824422,39.460528905627164],[-0.32408432538108273,39.459988744986177],[-0.32430130598235063,39.459899140108561],[-0.32431346285922247,39.459809341643634],[-0.32411910212473216,39.459687753058233],[-0.32484987973759372,39.458983877913482],[-0.32531956697520598,39.458535242821348],[-0.32539669047037262,39.458455939098599],[-0.32543863571243792,39.458384834492755],[-0.3254635088992206,39.458304328247273],[-0.32546439784335462,39.458205252561413],[-0.32542789547813589,39.458096307633191],[-0.32535331256806499,39.457995495047761],[-0.32526211728774335,39.457930335045603],[-0.32516007304991418,39.457882942756648],[-0.3250566079606611,39.457853535156282],[-0.32499363954755084,39.45784758144373],[-0.32490293383490326,39.457845502621261],[-0.32482187095707077,39.457857149795181],[-0.32471834778436309,39.457886297366237],[-0.3246259067487911,39.457929213069136],[-0.32454004448294094,39.457990297626722],[-0.32447338325512198,39.458042815422743],[-0.32433920999581084,39.458170353154514],[-0.32378642747517061,39.458702653793125],[-0.32356084156156689,39.458562327773592],[-0.32349061512576555,39.458461614349233],[-0.32322779413761454,39.458572683794479],[-0.32321759288339963,39.458554431359403],[-0.32318649487644258,39.458513175770101],[-0.32312736263889752,39.458426230767962],[-0.32310441407025947,39.458380658497859],[-0.32232926575155574,39.457286266459271],[-0.32082254061247373,39.455157046425299],[-0.31493471130994488,39.446841343792308],[-0.31455845496419721,39.446994817129649],[-0.3146044792808495,39.44706344607291],[-0.3145428671764936,39.447098057456216],[-0.31446546746694376,39.447316974134431],[-0.31435955191856979,39.447616319474903],[-0.31428013003292021,39.447925285652651],[-0.31427711177396089,39.448249530427859],[-0.31429592757602554,39.448515722946681],[-0.31369583431832321,39.44857842870281],[-0.31369284072528669,39.44892069144376],[-0.31355666956670891,39.448949074578458],[-0.31374589443073997,39.450543471767467],[-0.31386983357759612,39.450568858144024],[-0.31382756341993545,39.450666977252531],[-0.31378686225684832,39.450724593309275],[-0.31234959276107421,39.450763453082182],[-0.31221429250844657,39.450071156255326],[-0.30994023675421195,39.450077127566715],[-0.30994112469328244,39.450167226390299],[-0.30994135955634183,39.450802347121474],[-0.30937069730926703,39.450798145977316],[-0.3093674217624105,39.450789061419414],[-0.30934271309025008,39.450770471938469],[-0.30931693759398743,39.450760875489117],[-0.30920065242143896,39.4507446701964],[-0.3091522043515546,39.450739044142225],[-0.30904444156278404,39.450727540372107],[-0.30894572121178715,39.450707237149182],[-0.30887838113600657,39.45068315609447],[-0.30881377015279626,39.450663642557664],[-0.30862009618233338,39.450582583600998],[-0.30849118321996766,39.450516546195509],[-0.30836968570986467,39.450428149563955],[-0.30825302458377213,39.45030833428109],[-0.30814154679719019,39.450148099672006],[-0.30806926339564528,39.449988772779662],[-0.3080428862367724,39.449844031232246],[-0.30803990196931708,39.449695318135824],[-0.30804493916371578,39.449470216658412],[-0.30804380870236819,39.449443164296312],[-0.30804665524232022,39.449312603697678],[-0.30804522367557563,39.449217978913111],[-0.30804932182025613,39.449073934210034],[-0.30805071712167093,39.448943339991125],[-0.30805916837227432,39.448799405116667],[-0.30810003970122657,39.448624681583183],[-0.30812512810923193,39.448557697208159],[-0.30817500734402958,39.448450747728856],[-0.30822801449462306,39.448375401215181],[-0.30828538661906313,39.448300155767001],[-0.30835380989756933,39.448220661859985],[-0.30845903210921366,39.448128507021096],[-0.3086104797593035,39.448023909436444],[-0.30870470273159567,39.447972038936626],[-0.30884498942100747,39.447912226237165],[-0.30900704350805525,39.447852908348565],[-0.30914808751664435,39.447811130270019],[-0.30933012510269187,39.447779309783215],[-0.30949206947310842,39.447760536962939],[-0.30955990042192438,39.447753098448814],[-0.3096692450478139,39.447742116484307],[-0.30968897651844796,39.447720051394917],[-0.31006665915835707,39.447850402070024],[-0.3105190245389845,39.447041085265795],[-0.31282133513161009,39.442918806375779],[-0.31241863158659749,39.442778877519025],[-0.31199011861366055,39.442611315160676],[-0.31193834551613503,39.442560578734998],[-0.31186911014003499,39.442284219917333],[-0.31184405803277127,39.442067430742199],[-0.31199547349979084,39.442057419484819],[-0.31324725528914588,39.441946717920537],[-0.31340174549329325,39.441932271526461],[-0.31340931911422337,39.44190542035907],[-0.31340141122710219,39.441846680741861],[-0.31339088033940199,39.441837428580591],[-0.3133413721981313,39.441840788573749],[-0.31334451408284136,39.44187239179913],[-0.31042133124537891,39.442129126825556],[-0.3104001509902814,39.442151149541843],[-0.31037572185592421,39.442182114819495],[-0.31034154712197093,39.442239880782971],[-0.30992790433803236,39.442987032816049],[-0.30841937388616197,39.445708762685385],[-0.30806445737091309,39.446344667139407],[-0.30771758155779205,39.446922199903405],[-0.30769765023744478,39.446930746932978],[-0.30765653592810638,39.446961325079734],[-0.30764098403170564,39.446987991005457],[-0.30761037445957273,39.447009803749204],[-0.30758199943116027,39.447067703162681],[-0.30755884493628172,39.447103201685607],[-0.30743677615907905,39.44710487816311],[-0.30690549907243864,39.447097073287026],[-0.30632688074528036,39.447092682159976],[-0.30500769939516387,39.447084631576601],[-0.30417787419154546,39.447078908890653],[-0.30408645297555043,39.447076788344894],[-0.30401553286414157,39.447070638917921],[-0.30398033331198221,39.447060813688658],[-0.30392443392393392,39.44704149955092],[-0.30389102126243223,39.447022707022413],[-0.3038350598492317,39.44696736551974],[-0.3038070176269928,39.44690365393464],[-0.30380628637158641,39.446791027930914],[-0.30381287445299693,39.446507405973115],[-0.3038329348025931,39.445611512283222],[-0.30395772937903898,39.445614407161386],[-0.30398837613185214,39.445610613695621],[-0.30400250308533067,39.445601932663457],[-0.30405474267342147,39.4456031444128],[-0.30405822771600782,39.445625747063616],[-0.30423525069531837,39.445629844099926],[-0.30427460404674905,39.445626252500901],[-0.30427532303081412,39.445513660109221],[-0.30405531349984233,39.445513070402399],[-0.30405589634315422,39.445535605734769],[-0.3040100188979476,39.445539045926438],[-0.30399222167483742,39.445529624373002],[-0.30394233825406253,39.445523962889041],[-0.30390823164886316,39.445523171722371],[-0.30382600664261161,39.445521264317975],[-0.30382186044434267,39.445503150685852],[-0.30382305102275142,39.445453630317779],[-0.30382396946545309,39.44535455564889],[-0.30382534710956816,39.445205943642577],[-0.30383102790496075,39.445134005621647],[-0.30383735325152628,39.445120639266513],[-0.30383987140599478,39.445111688956224],[-0.30383383159810895,39.445080018308587],[-0.30382488961904869,39.445048280336998],[-0.30382039930835419,39.444958088917687],[-0.30382058601448969,39.444859006276353],[-0.30382206208870066,39.444764448898148],[-0.30380931297761288,39.444737126970871],[-0.30378700068318454,39.444732105010786],[-0.30376540812845571,39.444727099743083],[-0.30345633949968009,39.444719929518037],[-0.3026277840963601,39.444700712430205],[-0.30266271016494423,39.442818717418312],[-0.30281868100222148,39.434345336587072],[-0.30287644372567835,39.434297128883493],[-0.30296399148849629,39.434267629742216],[-0.30310560689617494,39.434266411245574],[-0.30328441037049253,39.434261550999913],[-0.30334383392938224,39.434226894697858],[-0.30338409847591635,39.434011619121243],[-0.30337990718195329,39.433894417296543],[-0.30334292933878176,39.433798967662],[-0.30323908708681196,39.433724488563556],[-0.30312564855179103,39.433672308567623],[-0.30302059086743793,39.433629340668709],[-0.30279675109049609,39.433597120528148],[-0.3025907920165527,39.433628376070175],[-0.30243874930371906,39.43369241311855],[-0.30231667799881151,39.433788676150172],[-0.3022350681907815,39.433890382519522],[-0.30219660035157681,39.433984072413878],[-0.30218814023210294,39.434128015836066],[-0.30196827398912301,39.449104146065245],[-0.30196777711695488,39.44913566504303],[-0.30197692862951908,39.449180921077591],[-0.30200818374091687,39.449217681507953],[-0.30204978250874426,39.449250177685386],[-0.30211931419192695,39.449292330976839],[-0.30221642989348613,39.449335124516182],[-0.30229208941429131,39.449350393792145],[-0.30237242541269188,39.449338745409925],[-0.30243404522228151,39.449304140768959],[-0.30245540433018941,39.44927761036373],[-0.30254634713959172,39.449216660092937],[-0.30393489705482096,39.449667766581669],[-0.30558952053421801,39.450206103872731],[-0.3068419817742003,39.450608977255513],[-0.30748537240246543,39.450817563018205],[-0.30763324857835062,39.450843510584725],[-0.30823126496422254,39.450929423333868],[-0.30892199416399357,39.45092740154098],[-0.31108180329995561,39.450927825078026],[-0.31145564831635586,39.450931960400418],[-0.31147509935128159,39.450954932179343],[-0.31152165452529335,39.450968990694228],[-0.31155008177724003,39.450988197251171],[-0.31156338157206354,39.451020035454093],[-0.31159899631201332,39.451056894202978],[-0.31164038896147134,39.451075869133071],[-0.31167235449066305,39.451094625990365],[-0.31170196420434543,39.451117832711923],[-0.31173900324781684,39.451136706905167],[-0.32008109318928668,39.463027042136176],[-0.32112603450930516,39.463091664447724],[-0.32240399646154094,39.463103089740301],[-0.3226069495755487,39.463076226113913],[-0.32421177002912549,39.463050117737311],[-0.32729876026416488,39.46308959638791],[-0.32900215944097716,39.46291704460689],[-0.3301630605721958,39.462817588971809],[-0.33115822189835775,39.462930525432647],[-0.33419400354093842,39.463283950689458],[-0.33436506853729114,39.461828466471523],[-0.33254716753997515,39.461539032347254],[-0.33185896318469477,39.461072805865612],[-0.33305055124789434,39.460055133120868],[-0.33268655474915054,39.459335097352927],[-0.33173104375639029,39.457425848398842],[-0.33017408397752984,39.455538820595706],[-0.33016719552898594,39.454844997556066],[-0.3308913567339164,39.454064356267118],[-0.3316102442527516,39.453288093493299],[-0.32709909632763029,39.448229690605075],[-0.3273499676544383,39.446285073033344],[-0.32912561572462246,39.444420537763428],[-0.33322128660977623,39.440122878598281],[-0.33567555282438782,39.434949709733303],[-0.33653051991425637,39.434978303628945],[-0.33623535939838334,39.4319108228906],[-0.33612304645419977,39.429313798846067],[-0.33595247278099899,39.429365834283495],[-0.3356685143426788,39.429520772583267],[-0.33551477906709676,39.429678695249478],[-0.3354501765824387,39.429778121846546],[-0.33540775354569424,39.429978946257123],[-0.33536280787489858,39.430018284332306],[-0.3355387528153323,39.428378213314538],[-0.33564300813326814,39.427923172596394],[-0.33573904263842108,39.427683208412354],[-0.33584731728481826,39.427578052964762],[-0.33593007086210463,39.42745887139538],[-0.33604144810963954,39.42742653286556],[-0.33605484306729572,39.426341775701864],[-0.33561007337999127,39.427286487068557],[-0.33416067013433381,39.426762295116632],[-0.33396939511406182,39.427037180871366],[-0.3338329137486058,39.426979997830948],[-0.33329862914039776,39.426769557724377],[-0.33327231115174494,39.426755440779118],[-0.33324927091407902,39.426750407813607],[-0.33317583091391323,39.426753227376395],[-0.33313614585155049,39.426765830102056],[-0.3330957741056485,39.426796434638526],[-0.33306137455367557,39.426818167390856],[-0.33301730673948027,39.426817156337918],[-0.33297503060875383,39.426802673192171],[-0.33082098374456886,39.426005538217844],[-0.33076655505158747,39.425986270833739],[-0.33067746922464492,39.42596170319284],[-0.33060164406420689,39.425950953182941],[-0.33050914107114554,39.425939829131032],[-0.32636187406713241,39.425515720521346],[-0.32634953723297716,39.425515436768073],[-0.32632108210443961,39.425519286671694],[-0.32629752655704253,39.425527753654336],[-0.32624153908474723,39.425548987826126],[-0.32623030875296316,39.425557738292461],[-0.32621021365840125,39.425570789243444],[-0.3261765769752043,39.425615059440958],[-0.32609675843196961,39.425784390258166],[-0.3260937587107457,39.42582486076919],[-0.32609798180386229,39.425847470854876],[-0.3261118316323165,39.425883824560835],[-0.32612820757429251,39.425911227591548],[-0.32616110048130836,39.425943514938609],[-0.32623151679548351,39.425981169772676],[-0.32624658304562776,39.425986020710432],[-0.32631932226946375,39.426001206970589],[-0.326352141360232,39.425997457443628],[-0.3264003592934519,39.425989557694123],[-0.32642753598379348,39.425981173978897],[-0.32646957564285323,39.425964123319268],[-0.32650090117552649,39.42594232183658],[-0.3265265959008079,39.425915886451321],[-0.32655514921058321,39.425871499241744],[-0.32658439476270307,39.425714527186358],[-0.32941008710407937,39.426013681037624],[-0.32942256522687458,39.426351788139485],[-0.32944090902422163,39.426365722749289],[-0.32949935761319232,39.426394091889634],[-0.32955559235808252,39.426404392572465],[-0.32958460733805794,39.426405050123073],[-0.32964477454991525,39.426388423756443],[-0.32970089001565328,39.426344668918226],[-0.3296899369362859,39.426042632006251],[-0.33063559558304412,39.426145421757262],[-0.33275170883994154,39.426928176595823],[-0.33275565638407495,39.42699582408148],[-0.33269818595513623,39.426999009768863],[-0.33269787535953266,39.427026029007756],[-0.33275462623956725,39.427022826810308],[-0.33280992194754772,39.428141149277309],[-0.33271846159125029,39.428197607773292],[-0.33026987789731177,39.428267537515381],[-0.3302722441599808,39.42835767068874],[-0.33272535469892794,39.428283349421008],[-0.33282065635090552,39.428335084507808],[-0.33283277492396052,39.428664165278512]]]},"properties":{"codsecc":"6","coddistsecc":"1106","objectid":557,"st_area(shape)":4567032.95792,"coddistrit":"11"}},{"type":"Feature","id":321,"geometry":{"type":"Polygon","coordinates":[[[-0.36106726576336451,39.465910626658641],[-0.36336757882814774,39.464994403160631],[-0.36253181343820823,39.463754757201073],[-0.36373215256421643,39.463245978443837],[-0.36332988655117415,39.462664794599831],[-0.36251427840081352,39.462507379215829],[-0.35996938690423808,39.46342844256052],[-0.36015202564490989,39.464142145603311],[-0.36106726576336451,39.465910626658641]]]},"properties":{"codsecc":"57","coddistsecc":"0257","objectid":321,"st_area(shape)":71965.628742845001,"coddistrit":"2"}},{"type":"Feature","id":347,"geometry":{"type":"Polygon","coordinates":[[[-0.36668716395206996,39.46339856563057],[-0.3652494236270179,39.461325496970723],[-0.36500819225954317,39.461423619891121],[-0.36251427840081352,39.462507379215829],[-0.36332988655117415,39.462664794599831],[-0.36501321024036687,39.463022785103206],[-0.36668716395206996,39.46339856563057]]]},"properties":{"codsecc":"4","coddistsecc":"0204","objectid":347,"st_area(shape)":34808.653291249997,"coddistrit":"2"}},{"type":"Feature","id":345,"geometry":{"type":"Polygon","coordinates":[[[-0.36251427840081352,39.462507379215829],[-0.36500819225954317,39.461423619891121],[-0.3636835512018422,39.460839538128248],[-0.3634114668487512,39.460716251481657],[-0.36219156783706247,39.461148008886035],[-0.35915390430895761,39.462223129158204],[-0.35996938690423808,39.46342844256052],[-0.36251427840081352,39.462507379215829]]]},"properties":{"codsecc":"1","coddistsecc":"1001","objectid":345,"st_area(shape)":64919.744819305,"coddistrit":"10"}},{"type":"Feature","id":441,"geometry":{"type":"Polygon","coordinates":[[[-0.40554714812018899,39.455245904568535],[-0.40728959355739897,39.45391545907308],[-0.409208497385736,39.452309654194259],[-0.40585349728372644,39.44764481340107],[-0.40404317435445414,39.449554786405045],[-0.40378557551709093,39.44995893583976],[-0.40466150028544251,39.45114965008964],[-0.40335592702845052,39.451728578492492],[-0.40400593646746563,39.452783612666337],[-0.40500266292409509,39.454418447415762],[-0.40554714812018899,39.455245904568535]]]},"properties":{"codsecc":"21","coddistsecc":"0821","objectid":441,"st_area(shape)":219134.26132300001,"coddistrit":"8"}},{"type":"Feature","id":444,"geometry":{"type":"Polygon","coordinates":[[[-0.39830433723075587,39.454583990138403],[-0.40089795902645192,39.452515948543635],[-0.40281293727679279,39.450842587069765],[-0.40378557551709093,39.44995893583976],[-0.40404317435445414,39.449554786405045],[-0.40585349728372644,39.44764481340107],[-0.40331934441065476,39.444899080072744],[-0.40107312319346644,39.44281289160304],[-0.39802887840930645,39.4404385693215],[-0.393007123216077,39.438348638829254],[-0.3898332503218489,39.437511676313271],[-0.3880171790534348,39.442092286793375],[-0.38903633705655055,39.442335892442884],[-0.39043623739374539,39.442340312509117],[-0.39229962788696748,39.442242504318251],[-0.39354520179241459,39.44188757464314],[-0.39430492146920032,39.441922634948675],[-0.39371863394589701,39.443427437383264],[-0.39335656682194375,39.444392265376294],[-0.39297836917636314,39.445361243639354],[-0.39244711867549625,39.44671414937973],[-0.39209780026474789,39.447647736692758],[-0.39298328871892835,39.447622557214345],[-0.39421888552989681,39.447537663285281],[-0.39556776503081348,39.447549878545317],[-0.39614307185935127,39.447585290485478],[-0.39606350761624609,39.447966384232508],[-0.3947468599116461,39.449873763952709],[-0.39600378513265944,39.450775789490322],[-0.39800976376222341,39.452451316621044],[-0.3985844156391245,39.452973180098645],[-0.39746294959287204,39.453930028914165],[-0.39830433723075587,39.454583990138403]]]},"properties":{"codsecc":"39","coddistsecc":"0939","objectid":444,"st_area(shape)":1226057.8768259999,"coddistrit":"9"}},{"type":"Feature","id":151,"geometry":{"type":"Polygon","coordinates":[[[-0.3973433244909752,39.480399626401457],[-0.39764238919846434,39.480154086441459],[-0.39741563798816865,39.479824690896088],[-0.39878633886706577,39.479229277961522],[-0.39851369103332329,39.478850327512426],[-0.39626578758547282,39.475650390981698],[-0.39446769605729387,39.476465917823226],[-0.39496604695297316,39.477278706544233],[-0.39671408408396658,39.479777445566874],[-0.3973433244909752,39.480399626401457]]]},"properties":{"codsecc":"6","coddistsecc":"0406","objectid":151,"st_area(shape)":84972.944001049997,"coddistrit":"4"}},{"type":"Feature","id":100,"geometry":{"type":"Polygon","coordinates":[[[-0.39065309030343459,39.486109762053758],[-0.39121924307051559,39.486320667609164],[-0.39257890269853468,39.485734091399735],[-0.39524504249188686,39.484582220252797],[-0.39338937719700545,39.482031665825289],[-0.39297811789449727,39.481468398339707],[-0.39372608790103453,39.479787025237613],[-0.39496604695297316,39.477278706544233],[-0.39446769605729387,39.476465917823226],[-0.39220181526902143,39.477491626355111],[-0.39129114835590939,39.477908113649555],[-0.39065775285998244,39.478195678866413],[-0.39046625750495106,39.478245431617246],[-0.38855582577186071,39.478720512158269],[-0.38737365742726321,39.479207441332917],[-0.38670530110268025,39.479534738188597],[-0.3861516700240657,39.479806063565348],[-0.38785414337309682,39.482150589583263],[-0.38883824401831529,39.483501496119771],[-0.38796491096487418,39.483869246447014],[-0.38911985371295887,39.485548307421396],[-0.38989004579602321,39.485218771507625],[-0.39011567306996991,39.485539147287355],[-0.39046684968092149,39.486038013754502],[-0.39065309030343459,39.486109762053758]]]},"properties":{"codsecc":"1","coddistsecc":"0401","objectid":100,"st_area(shape)":470653.19261345,"coddistrit":"4"}},{"type":"Feature","id":351,"geometry":{"type":"Polygon","coordinates":[[[-0.39740124493015,39.463905874877078],[-0.39756527509834244,39.463897683458292],[-0.39955239519596752,39.463800887114402],[-0.39944180048055383,39.462226379176258],[-0.39903906809042611,39.46182548228245],[-0.39873733043440257,39.461521437373236],[-0.39732125501111504,39.462895094042295],[-0.39740124493015,39.463905874877078]]]},"properties":{"codsecc":"22","coddistsecc":"0822","objectid":351,"st_area(shape)":36130.197928000001,"coddistrit":"8"}},{"type":"Feature","id":162,"geometry":{"type":"Polygon","coordinates":[[[-0.39851369103332329,39.478850327512426],[-0.39894273061402208,39.478678736330025],[-0.40011443527143004,39.478353621926772],[-0.39957930349593934,39.476940785622674],[-0.39880652427758673,39.475121734995085],[-0.3964703860758832,39.475560382398903],[-0.39626578758547282,39.475650390981698],[-0.39851369103332329,39.478850327512426]]]},"properties":{"codsecc":"21","coddistsecc":"0421","objectid":162,"st_area(shape)":73201.419962900007,"coddistrit":"4"}},{"type":"Feature","id":2234,"geometry":{"type":"Polygon","coordinates":[[[-0.40231858915081359,39.478488328169774],[-0.40011443527143004,39.478353621926772],[-0.39894273061402208,39.478678736330025],[-0.39851369103332329,39.478850327512426],[-0.39878646627465431,39.479271613245622],[-0.39991297772610646,39.480744630519418],[-0.40220046809738597,39.479816392440192],[-0.40231858915081359,39.478488328169774]]]},"properties":{"codsecc":"29","coddistsecc":"0429","objectid":2234,"st_area(shape)":57756.347447079999,"coddistrit":"4"}},{"type":"Feature","id":149,"geometry":{"type":"Polygon","coordinates":[[[-0.39499838500231732,39.480504727761684],[-0.39671408408396658,39.479777445566874],[-0.39496604695297316,39.477278706544233],[-0.39372608790103453,39.479787025237613],[-0.39472670798183745,39.480075232061431],[-0.39499838500231732,39.480504727761684]]]},"properties":{"codsecc":"20","coddistsecc":"0420","objectid":149,"st_area(shape)":44381.455059,"coddistrit":"4"}},{"type":"Feature","id":248,"geometry":{"type":"Polygon","coordinates":[[[-0.34910830367016038,39.470674303710801],[-0.3493938605877272,39.469964620942342],[-0.34835639635975152,39.469661690436425],[-0.34702209003103968,39.46929005996509],[-0.34670255259671473,39.469979796560402],[-0.34910830367016038,39.470674303710801]]]},"properties":{"codsecc":"7","coddistsecc":"1307","objectid":248,"st_area(shape)":18044.896486500002,"coddistrit":"13"}},{"type":"Feature","id":185,"geometry":{"type":"Polygon","coordinates":[[[-0.33372936103468437,39.474840440071219],[-0.33385026947273561,39.474356742658159],[-0.33415709619961209,39.472809784321747],[-0.33307199477285487,39.472560063529443],[-0.33192606016959086,39.472343894350423],[-0.33100686450323136,39.47212968676412],[-0.33063290450768257,39.473607670942947],[-0.33056369288625725,39.474350620929023],[-0.3311623330956095,39.474374902428742],[-0.33206040864036496,39.474522873038282],[-0.33372936103468437,39.474840440071219]]]},"properties":{"codsecc":"28","coddistsecc":"1128","objectid":185,"st_area(shape)":66414.790346409995,"coddistrit":"11"}},{"type":"Feature","id":197,"geometry":{"type":"Polygon","coordinates":[[[-0.33415709619961209,39.472809784321747],[-0.33710449731799874,39.473657378240929],[-0.3374358106716363,39.472686675806095],[-0.33776861036885447,39.471945944457453],[-0.33697967914488819,39.471698843193316],[-0.33473164888559892,39.471061764444059],[-0.33431701127309638,39.471552238739463],[-0.33415709619961209,39.472809784321747]]]},"properties":{"codsecc":"41","coddistsecc":"1141","objectid":197,"st_area(shape)":56594.048526650004,"coddistrit":"11"}},{"type":"Feature","id":1624,"geometry":{"type":"Polygon","coordinates":[[[-0.34275724025158194,39.487064632881257],[-0.34907203124962083,39.483111678542329],[-0.35155980173829232,39.481554165480894],[-0.35265177727304009,39.480714190505971],[-0.35182390677306241,39.480262915655111],[-0.35125993545919226,39.479214055359883],[-0.35125610558993747,39.478204996868676],[-0.35029113533241663,39.478228041025936],[-0.34846622675648947,39.478263006808007],[-0.3485572912541714,39.477319166033446],[-0.34635311861900003,39.477336435720233],[-0.34705097293822385,39.475586664226057],[-0.34709486653245125,39.475486651192156],[-0.34526421715428185,39.474938200981519],[-0.34143813312919863,39.473791815572156],[-0.33999539340149859,39.473371441719486],[-0.34039963723091177,39.472542881153331],[-0.33940468886938391,39.472267869964199],[-0.33975351613589538,39.471559660798377],[-0.33877609701106115,39.471244506296856],[-0.3382061554914052,39.471072841401138],[-0.33776861036885447,39.471945944457453],[-0.3374358106716363,39.472686675806095],[-0.33710449731799874,39.473657378240929],[-0.33550869496966856,39.476998491255486],[-0.33338084741316704,39.476413154519939],[-0.33281552404474918,39.479188840633022],[-0.33254245089599382,39.480461645488781],[-0.33151043292742438,39.485606963855673],[-0.33151433176314266,39.48560685520205],[-0.3315240998191834,39.485604971488861],[-0.33157444801700692,39.485611145591371],[-0.33159662548306446,39.485614006165434],[-0.33162857198977891,39.485621036892837],[-0.33163705590492848,39.485624763136698],[-0.33164807010063119,39.48563528600517],[-0.33165229287378434,39.48564798617096],[-0.33165313180460848,39.485656752899288],[-0.33165825900901319,39.485686842638223],[-0.33166107423727187,39.485697132179702],[-0.33167209404369724,39.485707204739015],[-0.33169556025546881,39.485714671316828],[-0.33181935929198175,39.485752206710252],[-0.33185633496352585,39.485763622990284],[-0.33202027814672158,39.485787792146759],[-0.3320453993718413,39.485793936339036],[-0.3320611943643263,39.485799226771086],[-0.33206980187482066,39.485807018752496],[-0.3320758903908444,39.485822311208693],[-0.33209601255558791,39.48588469913701],[-0.33210809074193132,39.485978676111444],[-0.3320989354247752,39.486042671020954],[-0.33210075554334906,39.486112124967164],[-0.33212186819718331,39.486145572610447],[-0.3321786475971209,39.486183325526042],[-0.33222483851123213,39.486205196179839],[-0.33232836922230891,39.48625898586841],[-0.33239834793340828,39.486294212975899],[-0.33247611961638146,39.486368878931017],[-0.33257349143914544,39.48645787721545],[-0.33262812932706554,39.486533714648679],[-0.33278892588562475,39.486659708093896],[-0.33301928597315655,39.486806279366228],[-0.33316635488159035,39.486887219927148],[-0.33328693353629152,39.487006343882044],[-0.33334879448409815,39.487071482242342],[-0.33349133436788386,39.487177254585681],[-0.33379120519833899,39.487404281805482],[-0.33401337994674896,39.487578365121223],[-0.33417522792414173,39.487698876478142],[-0.33421994293572005,39.487743288333775],[-0.33426806350593347,39.48772048318768],[-0.3344294125941295,39.487645331432333],[-0.33451692243503967,39.487601538601488],[-0.33461874651289031,39.487576244639918],[-0.33490482928929732,39.487517313325277],[-0.33511832562515897,39.487476733956605],[-0.3353226484532783,39.487438898677979],[-0.33546832374271851,39.487386574452849],[-0.3355959309773533,39.487337313100987],[-0.3357099307639097,39.487291216961907],[-0.33585865836387468,39.487158946777484],[-0.33604525747755482,39.486891035521914],[-0.33614871728422868,39.486736385443663],[-0.3362886261954745,39.48653875242227],[-0.33641336230924057,39.486422426461992],[-0.33669632189637239,39.486232567369349],[-0.33699139174893677,39.486030589108154],[-0.33706962821993908,39.485980194588223],[-0.33719029570140518,39.485944213405347],[-0.33741605635380761,39.485911117764182],[-0.33768113275428868,39.485906741438519],[-0.33794144801788939,39.485909228181775],[-0.33809331221801753,39.485930103135971],[-0.33832062720219247,39.485973579462318],[-0.33858886125375143,39.486004074100499],[-0.33884212594445151,39.486028045304167],[-0.3390143000680847,39.486105040105656],[-0.33916047651866432,39.486157097746712],[-0.33927274899242177,39.486156182300896],[-0.3394979792798552,39.486136988942242],[-0.33969101655556899,39.486137931311525],[-0.33980712165565369,39.48615449894681],[-0.3399630734160296,39.486185897149923],[-0.34022826108828508,39.486296342795505],[-0.34043710821042122,39.486364130226896],[-0.34085033533933995,39.486530006198791],[-0.34108446154093619,39.486618163161161],[-0.3412547087105432,39.486720199886285],[-0.3414689487004573,39.486810973029641],[-0.34174534646855409,39.486892186164305],[-0.34190689919437872,39.48691121480649],[-0.34213945591100664,39.487001270636291],[-0.34265851551779103,39.487051078190419],[-0.34275724025158194,39.487064632881257]]]},"properties":{"codsecc":"25","coddistsecc":"1325","objectid":1624,"st_area(shape)":1884873.12153065,"coddistrit":"13"}},{"type":"Feature","id":2059,"geometry":{"type":"Polygon","coordinates":[[[-0.33151043292742438,39.485606963855673],[-0.33254245089599382,39.480461645488781],[-0.33281552404474918,39.479188840633022],[-0.33037690761716099,39.478934510516567],[-0.32985081141851458,39.478917918372339],[-0.32966263251673694,39.479981118492596],[-0.32945549140603148,39.480913264889992],[-0.3291212116438233,39.482414532964981],[-0.32967266959028507,39.4824902591822],[-0.32937601149755424,39.483843757433235],[-0.32921018881455322,39.484627812223628],[-0.32933893598164049,39.484669022409321],[-0.32952862198181676,39.484731587285808],[-0.32964695947326433,39.484766549081947],[-0.32978192362254044,39.484801163136758],[-0.32987993981013281,39.484825180574639],[-0.33000510902776736,39.484864515075024],[-0.33012664306162964,39.484903756906711],[-0.3302306509116984,39.484928578367011],[-0.33030178994546344,39.484961067704148],[-0.33040800537539428,39.485022388987424],[-0.33052325879664946,39.48513160093971],[-0.33062096320687734,39.485226383059199],[-0.33070091521095007,39.485312352154942],[-0.33076214844450386,39.485364928307213],[-0.33084897845784239,39.485424281402366],[-0.33100590935278834,39.485484938354332],[-0.33105893987893553,39.48551094842113],[-0.33112538772878009,39.485540275553774],[-0.33129296144256687,39.485581663695577],[-0.33138626896272549,39.485594482001666],[-0.33149725881557573,39.48560731894289],[-0.33151043292742438,39.485606963855673]]]},"properties":{"codsecc":"33","coddistsecc":"1133","objectid":2059,"st_area(shape)":160900.90730495,"coddistrit":"11"}},{"type":"Feature","id":133,"geometry":{"type":"Polygon","coordinates":[[[-0.35155982565198896,39.481554148008442],[-0.35442385855590208,39.482439186021956],[-0.35463861376217848,39.481182858866589],[-0.35690403634165019,39.479461571089061],[-0.35564099192541032,39.478506059605415],[-0.35488973538755381,39.478085077128917],[-0.35467107963779559,39.478544050711513],[-0.35389327139125359,39.479589365640045],[-0.35332164393232107,39.480197942359965],[-0.35287186244339208,39.480543542718763],[-0.35265177693156702,39.480714199506949],[-0.35155982565198896,39.481554148008442]]]},"properties":{"codsecc":"21","coddistsecc":"1421","objectid":133,"st_area(shape)":86135.863113610001,"coddistrit":"14"}},{"type":"Feature","id":136,"geometry":{"type":"Polygon","coordinates":[[[-0.35560736678118393,39.481943626696335],[-0.35712366316954802,39.480698888886963],[-0.35746056519152014,39.480877717255019],[-0.35768733097437666,39.480626133310032],[-0.35742486011459296,39.480381432594314],[-0.35772449218917424,39.480077967432123],[-0.35690403634165019,39.479461571089061],[-0.35463861376217848,39.481182858866589],[-0.35560736678118393,39.481943626696335]]]},"properties":{"codsecc":"24","coddistsecc":"1424","objectid":136,"st_area(shape)":32009.732234725001,"coddistrit":"14"}},{"type":"Feature","id":2026,"geometry":{"type":"Polygon","coordinates":[[[-0.3501774078804209,39.422233875474021],[-0.35010929150954023,39.422266772482146],[-0.34578047184310423,39.421406824129228],[-0.34412050643391701,39.421323876034165],[-0.3441169891314369,39.422332746492934],[-0.34608062758208968,39.429534830558111],[-0.34896042927077286,39.43053740610393],[-0.35113769724533167,39.431267170733797],[-0.35541312855608564,39.432693275174579],[-0.35639468572954236,39.433021893399108],[-0.35908200569736526,39.433920772704198],[-0.36127765838916459,39.429849244387569],[-0.36160826387236394,39.429131565249683],[-0.36184486210246536,39.428461291096546],[-0.36192895852547335,39.428080342457093],[-0.36202402577988546,39.42744739546815],[-0.36209074291783228,39.426430947696723],[-0.36332958950000843,39.426558142108],[-0.36413589909201027,39.426450313458538],[-0.36420321498696867,39.425897814546026],[-0.36399930027520949,39.42464551208333],[-0.36614453505127681,39.425243649866395],[-0.36637077822947495,39.424730785576102],[-0.36690518830362351,39.424882528767696],[-0.36753723417717937,39.423311341502227],[-0.36806300557045685,39.422457028258677],[-0.36791246802630206,39.422395035369625],[-0.36771818042753313,39.422298349548825],[-0.3674472256202182,39.422168810681882],[-0.36723657274443761,39.422061339233771],[-0.36690293756296244,39.421922388680713],[-0.3666909383293539,39.421832822366561],[-0.36649420701837915,39.421746520417436],[-0.36620983558373871,39.421618665711328],[-0.36601133099908195,39.421527358905614],[-0.36589914285700365,39.421475448408032],[-0.3658323757747125,39.421441593755475],[-0.36578775581274248,39.421430952215985],[-0.36573722174217083,39.421401861665998],[-0.36570444522051343,39.421378380608083],[-0.36568784448945979,39.421357788577787],[-0.3656728747863307,39.421340458671665],[-0.36565932061578599,39.421325944573688],[-0.365630438114949,39.421309479538294],[-0.36556682720602807,39.42128219163412],[-0.36550994578977364,39.421256641759257],[-0.36541563837936164,39.421225279793042],[-0.36535469791560987,39.421202340503989],[-0.36528584081371851,39.421181428923617],[-0.36519502023601447,39.421159569055618],[-0.36508348155176323,39.421119122737856],[-0.36497596986355785,39.421090794398012],[-0.36491909113641785,39.421076280128787],[-0.36481831918295798,39.42104232975008],[-0.36472251696278229,39.421012122508223],[-0.36467611432406577,39.420997016792406],[-0.36464243895053561,39.42098075817092],[-0.36462523017470966,39.420967989899516],[-0.36461401276882299,39.4209494206249],[-0.36460702269387324,39.420917614098848],[-0.36462086005307287,39.42086049643077],[-0.36464719193503548,39.420782509250571],[-0.36470165343397021,39.42057820714966],[-0.36477547332300786,39.42033393017924],[-0.36483757191895444,39.420077045334359],[-0.36483945597437512,39.42005540375802],[-0.36482403064774516,39.420031991456597],[-0.36478676206494043,39.420009381273218],[-0.36467786735804836,39.419966327899623],[-0.36453257163452119,39.419922341086568],[-0.36444432838360952,39.419905493940924],[-0.36438892143742352,39.419924381540348],[-0.36429545172306582,39.419901055544905],[-0.36422494897422653,39.419885943767042],[-0.36414304647055429,39.419863888907379],[-0.36402934458698732,39.419831599604819],[-0.36383193529772706,39.419780466378334],[-0.36363860748344146,39.419715353569956],[-0.3633441482521147,39.419606190752965],[-0.36313282005411507,39.419526858290808],[-0.36284012427306156,39.419415635149313],[-0.36274863333808999,39.419375596364986],[-0.36263003887219752,39.419340645209722],[-0.36237638232476088,39.419317809455052],[-0.36209712985716558,39.419297968846791],[-0.36184626823182658,39.419242925695158],[-0.36152274782067167,39.419302005513622],[-0.36117088297467054,39.419388881921968],[-0.36084076334186127,39.419466755609989],[-0.36044933206902874,39.419572208652802],[-0.36028265546168869,39.419613495207585],[-0.36008092845667705,39.419691912766069],[-0.3600006870825182,39.419711432465753],[-0.35982716827631833,39.419690888482627],[-0.35957224077157224,39.419670945601858],[-0.35929546019284719,39.419631461076264],[-0.35895427058127488,39.419597629598719],[-0.35882550672211566,39.419606559800442],[-0.35832030435404627,39.419768248382113],[-0.35808309122852788,39.419784550924355],[-0.35796835202410687,39.419769961524068],[-0.35767783423734967,39.41972026022875],[-0.35743061319850539,39.419646696074324],[-0.35722389998927095,39.419553917555255],[-0.35710309138126467,39.419500172072006],[-0.35692082499815614,39.419600179269651],[-0.35662119879304516,39.41979241663531],[-0.35642790133568186,39.419925793161141],[-0.35610657315516098,39.420160796044357],[-0.3558544790719092,39.420343608101241],[-0.35573568523882931,39.420428868218238],[-0.35544310996763528,39.42062520869716],[-0.35508211718670835,39.420871675426007],[-0.35473726903646186,39.421135282808841],[-0.35437218977639756,39.421399978219007],[-0.3541356996573003,39.421567997698133],[-0.35380252919847033,39.421795697559574],[-0.3536027829301851,39.421937129464489],[-0.35356536845206543,39.421973385057946],[-0.35350437885566954,39.421966257960015],[-0.35341993058749382,39.421965155178036],[-0.353330158947533,39.421964759946349],[-0.35324546301345849,39.421970200813689],[-0.35304243161411458,39.421984496488029],[-0.35265623786949074,39.422006152020224],[-0.35236060190413288,39.422031364301191],[-0.35199877027589804,39.422055644536066],[-0.35168403248022329,39.422071501231684],[-0.35138830503345253,39.422092366692333],[-0.35121991706959133,39.422107088138105],[-0.3511145509057455,39.422116065382703],[-0.35100919335454683,39.422127574206165],[-0.35085736907069554,39.422149339096002],[-0.35078271263977584,39.422159574421578],[-0.3506001972839517,39.422183261100479],[-0.35038656461478374,39.422211535425411],[-0.3501774078804209,39.422233875474021]]]},"properties":{"codsecc":"5","coddistsecc":"1905","objectid":2026,"st_area(shape)":1971476.9876184999,"coddistrit":"19"}},{"type":"Feature","id":2173,"geometry":{"type":"Polygon","coordinates":[[[-0.32960104199666268,39.546093167802383],[-0.32960586149293514,39.546491721703084],[-0.32961233386464678,39.54663271156727],[-0.32975763265378488,39.546654285533258],[-0.33004276118434955,39.546753268869004],[-0.33030683980520609,39.546836498034935],[-0.33069124742785644,39.546971652190948],[-0.33123362062522188,39.547159549898254],[-0.33159469831838689,39.547305101522795],[-0.33208635447060503,39.547513333723515],[-0.33233167067833258,39.547592271655937],[-0.3320757182510129,39.547928108480633],[-0.33176075647431635,39.548257535258003],[-0.33164731162775579,39.548450047179699],[-0.33259689864319292,39.548758666982437],[-0.33304472997156204,39.548887405468868],[-0.33352715643638753,39.54904080035994],[-0.33387751290753725,39.549149767008281],[-0.33415099751485844,39.549256959237454],[-0.33381044883408223,39.549850739397442],[-0.33368117653655782,39.550079212811887],[-0.33378318392220946,39.550122958209258],[-0.33356137465422869,39.550483905274845],[-0.33336196330926821,39.550800214820356],[-0.33282400603909384,39.550611896692672],[-0.33263205409565078,39.55092263773254],[-0.33249710395227478,39.551130583780022],[-0.33245720377102328,39.551178187910551],[-0.33249694286100528,39.551219810630862],[-0.33226224540523369,39.551557568100044],[-0.33202142114746691,39.551864446850374],[-0.33204317444370363,39.551885297052792],[-0.3321447822917919,39.551881820460956],[-0.33224748290656636,39.551921790504792],[-0.33236411511513886,39.551945009077087],[-0.33251541586162758,39.55201828298685],[-0.33266384112842085,39.552068212348814],[-0.33279063604441744,39.552094384495781],[-0.33286448581535355,39.552087369042113],[-0.33297395068801944,39.552075342784619],[-0.33305336025839566,39.552062626291139],[-0.3331522266941162,39.552032906770698],[-0.3333806298617995,39.552055600721303],[-0.33359698792434594,39.55209836821048],[-0.33373582855125511,39.552104465354532],[-0.33385721591243994,39.552075262226005],[-0.33391190709072638,39.55202125867865],[-0.33396428896463648,39.551929410858357],[-0.33410487299034192,39.551631722229928],[-0.33431143799036378,39.551145006035149],[-0.33457982194316888,39.551244612086464],[-0.33480633214915001,39.551316690175007],[-0.33506575156252361,39.55141279224182],[-0.33536250379808352,39.551515560811396],[-0.33552182954501525,39.551305990462488],[-0.33571097501811537,39.551077690298364],[-0.33586488677196524,39.550886381889846],[-0.3361428610664145,39.550988717731499],[-0.33645399818922606,39.551109380286519],[-0.33695850686509438,39.551296040947172],[-0.3372153766629532,39.55138829614615],[-0.33740101918746451,39.551055214399604],[-0.33753925465431295,39.550801150472161],[-0.33752670114294264,39.5506380134333],[-0.33761529126630929,39.550411981330335],[-0.33777566716056395,39.550033222431267],[-0.33796332488613706,39.550001462005845],[-0.33817052492695238,39.549943717773715],[-0.33827385027505957,39.549873638176813],[-0.33835436304738697,39.549726984712656],[-0.33848281895860999,39.549546836607647],[-0.33854698220364471,39.549478688062948],[-0.33860862601165093,39.549476434060743],[-0.33870937324514372,39.549442104359748],[-0.33880292873765949,39.549412042046214],[-0.3389114069896389,39.549390987876407],[-0.33897820126962802,39.54935810516379],[-0.33903488994284392,39.54928334390862],[-0.33908780370652714,39.549184956542405],[-0.33913856530446584,39.549031143679528],[-0.33922457644764614,39.548886390231601],[-0.33935518747116261,39.54877823354488],[-0.33946347549015504,39.548772173888409],[-0.33974049979132814,39.548894118195221],[-0.34011616512721798,39.549049634922284],[-0.34052851715468263,39.54924000714454],[-0.34091007925142874,39.549396611267809],[-0.34120741996893134,39.549534863454404],[-0.34160894967726946,39.549724785953728],[-0.34190675180518393,39.549850723095624],[-0.34224325313615811,39.550007282589497],[-0.34232368485136083,39.550021942365078],[-0.3425869711327994,39.54953803999701],[-0.34281118939208943,39.549134321069438],[-0.3430156500066498,39.548773184031404],[-0.34339248765115915,39.548097443344773],[-0.34371131230156265,39.547543649038424],[-0.34362449879007095,39.547509367577774],[-0.34356187020236356,39.547509727944615],[-0.3435005412887967,39.547476029245274],[-0.34342247769386675,39.547405480714644],[-0.34309023934128485,39.547260039797443],[-0.34293883063481895,39.547226144992251],[-0.34238653311193445,39.546990707110936],[-0.3418750239453881,39.546753443445184],[-0.34166867818690072,39.546620933192514],[-0.34121734873647441,39.546383251267549],[-0.34099633013734798,39.54629862729071],[-0.34074184958646403,39.546184075774654],[-0.34053441368187914,39.546096347623028],[-0.34039837663577388,39.545978777776341],[-0.34016215101720138,39.545832049693651],[-0.34000937627177424,39.545797786502327],[-0.33978520142190544,39.54574956400316],[-0.33942310275430027,39.545624689233158],[-0.33903042002700906,39.545443349114038],[-0.33888958108707046,39.545528830660935],[-0.33857342119768213,39.545744631947379],[-0.33832583020538071,39.545734300995932],[-0.33799758418706,39.54575212886089],[-0.33775154757822579,39.545761705392167],[-0.33768686916835705,39.545739944423623],[-0.33769103322792532,39.545631053208858],[-0.33787522422933153,39.545440111523909],[-0.3380118425656285,39.5452937080723],[-0.33808055535253229,39.545107992962166],[-0.33806527635956446,39.544993593261523],[-0.33798725654787398,39.544806776471404],[-0.33780317124104098,39.544566854972217],[-0.33765768092953558,39.544345546870225],[-0.33752761339089071,39.544132943138429],[-0.33751107670746189,39.544051459175726],[-0.33751553312037275,39.543680548962044],[-0.33710070133576908,39.543564593013841],[-0.33713500255605761,39.543438654678447],[-0.33719905611839285,39.543219609320069],[-0.33722600204584574,39.543122302992437],[-0.33725720379039847,39.543077398462508],[-0.3374698757334938,39.542484117059658],[-0.33756049435464025,39.542255545653823],[-0.33720580267944883,39.542174877232505],[-0.33689456583912675,39.542100095755472],[-0.33680389380377401,39.542076305973445],[-0.33694961909841664,39.541872979579409],[-0.33695896568633238,39.541812349414954],[-0.33709258115535901,39.541553558159308],[-0.3371889764633611,39.541340353086817],[-0.33730803935053644,39.541113686118159],[-0.3375892491540976,39.541191318595118],[-0.33778060203659882,39.541247918696399],[-0.33801338418772081,39.54131953948221],[-0.33815745146930931,39.54134815542578],[-0.33830974795201996,39.541388869210827],[-0.33862228493841284,39.541453947317706],[-0.3388627073572722,39.541529065665777],[-0.33899841711366696,39.541570578676286],[-0.33913344086658864,39.541587725411631],[-0.33946548222997264,39.541672850911006],[-0.33982648473924948,39.541749143619697],[-0.34005719324065409,39.541792605830175],[-0.34029894982614417,39.54184718500921],[-0.34048158275594659,39.541883005240742],[-0.34068038006777873,39.541923933824634],[-0.34074086170639628,39.541907148063494],[-0.34076152060784043,39.541780247590587],[-0.34079594178912187,39.541701236918577],[-0.34089989663268316,39.541467112437033],[-0.3410111619446814,39.541167671240594],[-0.34109703662077262,39.540969131269669],[-0.34116556666221137,39.54079090511123],[-0.34126476181989662,39.540601831717751],[-0.34139676770021776,39.540330773663577],[-0.34153882939790176,39.540029433245721],[-0.34165228916272161,39.539742770788173],[-0.34151229144994866,39.539694766603887],[-0.34115261114817036,39.53956334943846],[-0.340756009810111,39.539413167679037],[-0.34106460201155703,39.539117009533122],[-0.34086259601024316,39.539025028193073],[-0.34056330603797208,39.538903946342039],[-0.34029196960457225,39.539235693635021],[-0.34013100405290198,39.539433603600898],[-0.3400621056018327,39.539418584932633],[-0.33983026096843411,39.539274406970343],[-0.33965573801969418,39.539178764827881],[-0.33938906062230184,39.538978240798464],[-0.33929908993450603,39.53889537223754],[-0.33970345993343393,39.538425400362826],[-0.3402491091835661,39.537870611408195],[-0.34051037168306736,39.537567010744063],[-0.34033861398334353,39.537513287212057],[-0.34001398706981717,39.537419118294785],[-0.3397569440534321,39.537354855589264],[-0.33966680264199278,39.537384312434753],[-0.33950772734840368,39.537495358327497],[-0.33867941783769173,39.538113890460416],[-0.33853284497193187,39.538010355835382],[-0.33828406877328115,39.537807104466715],[-0.3379195350119456,39.537519707343797],[-0.33741339088245553,39.537132129945327],[-0.3372143328546594,39.53698979744582],[-0.33701096154890359,39.536834321184422],[-0.33697645565909951,39.53685587158396],[-0.33682969122699485,39.536775734952712],[-0.33656622368207628,39.536618889071136],[-0.33636128926232617,39.536504347235713],[-0.33613934992988725,39.536374190431623],[-0.33582326724838507,39.536194731665191],[-0.33562944025190361,39.536087641233713],[-0.3354242732035041,39.535968921421933],[-0.33529140305676314,39.535914650156457],[-0.33511634808878532,39.535852447251976],[-0.3349669020211633,39.535796894467701],[-0.33482212631888114,39.535745169228335],[-0.33467716487111598,39.535707727281313],[-0.3345065487948341,39.535649949475626],[-0.33414094836439379,39.535546734260549],[-0.33392902232639654,39.53548463829074],[-0.3337365044593299,39.535411249148396],[-0.33368651201110244,39.535429181959145],[-0.3336527161855507,39.535519393641742],[-0.33363943040611638,39.535746989693344],[-0.33359552090128552,39.535998341273334],[-0.3335770718038551,39.536091553752584],[-0.33355351534396604,39.53626893397837],[-0.33353712682031272,39.536509485282174],[-0.33351252906356704,39.536701291467779],[-0.33351618900359742,39.536869152695651],[-0.33352357818736506,39.536983371904647],[-0.33352149036814543,39.537163091701949],[-0.33352069139191481,39.537307022667427],[-0.33352065958334093,39.537433044017114],[-0.33352625681378162,39.537483458820425],[-0.33344359062261042,39.537509046519595],[-0.3333609069682103,39.537504400712123],[-0.33295132901111785,39.537353254997036],[-0.33251445580356875,39.537199742359739],[-0.33226009893671743,39.537084094396079],[-0.33191032654954816,39.536930534936864],[-0.33152007251239607,39.536727055397058],[-0.3311261945680754,39.536518923911096],[-0.33075225588543783,39.536316978808848],[-0.33055823496620795,39.536593040538065],[-0.33043470865577618,39.536764618177841],[-0.33039656048022148,39.536872331719827],[-0.33041361706291827,39.536982494145938],[-0.33044964894765771,39.53720709715035],[-0.33049811696885273,39.53745571473425],[-0.33053193834914196,39.537571667616078],[-0.33055975251667963,39.53773355267294],[-0.3305893686517194,39.537858750863862],[-0.33092736115682042,39.537971819998965],[-0.33134862871814558,39.538131223075204],[-0.33140585754741481,39.538135835047818],[-0.33169675826693523,39.538291340849945],[-0.33212588309451807,39.53852332416718],[-0.33217959954879617,39.538564051852816],[-0.33252299416369396,39.53873914792316],[-0.33276444943359695,39.538874669472463],[-0.3330766294918619,39.539051317333154],[-0.33329431130919029,39.53917240061169],[-0.33356706625385774,39.539323449319326],[-0.33363372532080537,39.539359536708652],[-0.33349946195271613,39.539534159263759],[-0.33331984400517617,39.539786277838672],[-0.33313762592761131,39.540047011746076],[-0.33302235547373282,39.540222358051246],[-0.33297246117097312,39.540282894667541],[-0.33307223333372421,39.540333282693361],[-0.3330388473451209,39.540368956131005],[-0.33297567486371982,39.540444745811321],[-0.33282099187645486,39.540598611174367],[-0.3327306401685744,39.540695640602415],[-0.33254341751562355,39.540841479366819],[-0.33231421302848402,39.540980975468997],[-0.33252508198597924,39.541108110699938],[-0.33288968185946305,39.541304962170315],[-0.33331131717814788,39.541536517032121],[-0.33300201992657369,39.541890031888087],[-0.33285860621264662,39.54207432595647],[-0.33315418786970302,39.54218680230592],[-0.33343119951880251,39.542280464938386],[-0.33356573808169759,39.542324254602683],[-0.33388437827630568,39.542439294402399],[-0.33414863854414051,39.542546049501958],[-0.33429019511828484,39.542610178782994],[-0.33419487015989124,39.542734364365742],[-0.33407467489465065,39.542887851725176],[-0.33393615188467651,39.54315927390175],[-0.33376059662904528,39.543402612685391],[-0.3337241251207248,39.543464439640999],[-0.33370567033811421,39.543518239061093],[-0.33372137272608154,39.543572471228586],[-0.33372118261771067,39.543616023677984],[-0.33368408837835534,39.543656431775261],[-0.33351759118455204,39.543813891448721],[-0.33340938045981372,39.543984913755921],[-0.33335633829765882,39.544072584326706],[-0.33335265653720686,39.544129218240442],[-0.33341006812087537,39.544205749498794],[-0.33334885828887334,39.544315880286227],[-0.33313002492425725,39.544515766664986],[-0.33302282020741097,39.544581797887183],[-0.33297709863482505,39.544637808812233],[-0.33284643084773252,39.544811188648744],[-0.33268111935174061,39.545065742421691],[-0.33251430317496133,39.545220139307759],[-0.33224462268742311,39.545434414103788],[-0.33213033529894953,39.545530352643837],[-0.33190864605950149,39.545367041611563],[-0.33169545345131513,39.545157242565757],[-0.33159820160053599,39.545118667504461],[-0.33129670225727814,39.545026149441455],[-0.33109654830608981,39.545000803570524],[-0.33076272190260592,39.544917189570555],[-0.33017529977033278,39.544763631259563],[-0.32960026744749077,39.544636290727432],[-0.32957514049137765,39.544679810332113],[-0.32958780583216785,39.544786448527042],[-0.32958294078667127,39.545175392835922],[-0.32959995828635308,39.545509545195202],[-0.32960104199666268,39.546093167802383]]]},"properties":{"codsecc":"1","coddistsecc":"1701","objectid":2173,"st_area(shape)":1043066.1378185001,"coddistrit":"17"}},{"type":"Feature","id":2185,"geometry":{"type":"Polygon","coordinates":[[[-0.37985190179745104,39.46815099000402],[-0.38088887681445699,39.468548230564508],[-0.38221523316316697,39.466731327644595],[-0.38161065526569476,39.465825835500475],[-0.38128743120952147,39.465341085697339],[-0.38007055609943635,39.465092943284198],[-0.37885836944844103,39.467912374184451],[-0.37985190179745104,39.46815099000402]]]},"properties":{"codsecc":"13","coddistsecc":"0313","objectid":2185,"st_area(shape)":66332.018689000004,"coddistrit":"3"}},{"type":"Feature","id":2027,"geometry":{"type":"Polygon","coordinates":[[[-0.33760275132629891,39.385287364809848],[-0.33751442931552905,39.385300774590554],[-0.33608142745799213,39.385605784374746],[-0.33525608552338104,39.383442776581454],[-0.33446253749083393,39.383532694048355],[-0.33440965194943706,39.385130542310641],[-0.33204526070601903,39.384896129215292],[-0.33179853178345597,39.386894916020232],[-0.33137271164898974,39.389060723110113],[-0.33080894425327201,39.390390053202232],[-0.33089673358263033,39.391455083427282],[-0.32994690191541021,39.391131479401956],[-0.32933124194723162,39.391747939512712],[-0.32876783646819552,39.392401632020373],[-0.32809228731297746,39.397660612122856],[-0.33088571855790971,39.408201693770565],[-0.33314067178731754,39.417027741336014],[-0.33358730810291648,39.419551351887833],[-0.33418803532335034,39.421880318492647],[-0.34037453629721692,39.421098622709444],[-0.34040215991724093,39.421211855783227],[-0.3424337036537084,39.421240290699252],[-0.34412050643391701,39.421323876034165],[-0.34578047184310423,39.421406824129228],[-0.35010929150954023,39.422266772482146],[-0.3501774078804209,39.422233875474021],[-0.35016615806150309,39.422130738319645],[-0.35015411012823322,39.421987052291023],[-0.35012685392256315,39.421846226725052],[-0.35010517686944181,39.421717870412969],[-0.35008830782582645,39.421613136716289],[-0.35006630891376112,39.421493583683571],[-0.35005012813075143,39.42141605428781],[-0.35004494303116079,39.42130276729052],[-0.35003742274045846,39.421005277759313],[-0.35001180344347421,39.42067597989265],[-0.34997213396513799,39.420370487341273],[-0.34996704319259375,39.420103602070284],[-0.34995408570457059,39.419917112360686],[-0.34994608201833766,39.419749473924256],[-0.34993104936459091,39.419537135631387],[-0.34990180183324515,39.419299005339091],[-0.34985819203450047,39.418899821210005],[-0.34984409591301435,39.418595650274987],[-0.34981988436236028,39.418372679479809],[-0.34980200568526026,39.418137375826653],[-0.34977777434242918,39.417946196700711],[-0.34977074552261478,39.417753454828436],[-0.34975224246117786,39.417545055284414],[-0.34973628296753873,39.417271985315125],[-0.34973526962392903,39.417072831148609],[-0.3497397424806713,39.416928125265528],[-0.34974817607293884,39.416831842022475],[-0.34973679113638034,39.416689693473032],[-0.34972532007263002,39.416424149071418],[-0.34971336256207536,39.416297725878486],[-0.34970196645917767,39.416155568053661],[-0.34968855591537151,39.416035922401036],[-0.34967080746853313,39.415956888735238],[-0.34965627770433072,39.415830920390881],[-0.34962853295783097,39.415739226638351],[-0.34961363633982068,39.415651753647289],[-0.34962022923483455,39.415556230217341],[-0.34964197942378783,39.415413792041953],[-0.34971310179503134,39.414913027229076],[-0.34973815538104502,39.414565073866576],[-0.34978022363912176,39.414245003307904],[-0.34979607352658515,39.414062089026352],[-0.34981178292162174,39.41392181032186],[-0.34983173361555697,39.413751737003345],[-0.34984474725890624,39.41364367546899],[-0.34986319008211969,39.413534548530038],[-0.34989776160196823,39.413382889206765],[-0.34993399717964618,39.413212745647016],[-0.34996176651108224,39.413030940839725],[-0.34998633293307008,39.412856729524343],[-0.35002471127687096,39.412667409918107],[-0.35003405769914353,39.412503157749143],[-0.35005184225260871,39.412316350618163],[-0.35005774213803365,39.412219162697319],[-0.35007182477491688,39.412086540373664],[-0.35008713911925698,39.411936730243347],[-0.35014171616643686,39.41164167377233],[-0.35018584396678837,39.411409684155942],[-0.35023724531935246,39.41121898561719],[-0.35027720490089298,39.411026197472296],[-0.35031926973703043,39.41084619577915],[-0.35035292462491996,39.410650290983256],[-0.35038849145846895,39.41040359289542],[-0.35039757030918495,39.41028316251429],[-0.35042530961542379,39.410127833777892],[-0.35045600065315363,39.410009859868239],[-0.3504786074471502,39.409874747078547],[-0.35050455021829618,39.409766844919119],[-0.3505175216572966,39.409655241797211],[-0.35052611827638719,39.409543547979354],[-0.35056464690545408,39.40933421386562],[-0.35061896981783908,39.40905402481809],[-0.35064067805660393,39.408942620769913],[-0.35066512107532044,39.408792423925448],[-0.35069203578724284,39.40864994090829],[-0.3507228374270196,39.408486078397878],[-0.35074623738793748,39.408355442965991],[-0.35076954726712967,39.408227183806417],[-0.3507858955835218,39.408120225054418],[-0.35080234671170513,39.408016376689794],[-0.35079945017718439,39.407849358906532],[-0.35078697961409733,39.407691672322287],[-0.35079447661831398,39.407497666662756],[-0.35079934165881993,39.407287907625879],[-0.3508090308006343,39.406955648213426],[-0.3508278069929659,39.406703279031966],[-0.3508174106150746,39.406319977271025],[-0.35081386064437309,39.405926381243589],[-0.35080587441579214,39.405650258485238],[-0.35081402017306473,39.405353837031278],[-0.35081555132746656,39.405151145973285],[-0.35086087886336736,39.404765807637254],[-0.35089906673765126,39.404409846568562],[-0.35093806759510343,39.404116749675602],[-0.3509711253564366,39.403812229260311],[-0.35099870053859672,39.403473692631842],[-0.35101977904370663,39.403336824071253],[-0.35103857229519442,39.403165534696186],[-0.35106674620570821,39.402989693365093],[-0.35109556326377644,39.402797164277374],[-0.35111528355722249,39.402678985116204],[-0.35113795085636867,39.402486324901801],[-0.35114046885980771,39.402338511090662],[-0.35114100634882522,39.402162031052512],[-0.35107394246472778,39.401902931197981],[-0.35101807964144133,39.401739976662803],[-0.35090222422680584,39.401391586429924],[-0.35079044357504929,39.401095702392276],[-0.35072048491032426,39.400903922529977],[-0.35066374381513454,39.400778622801994],[-0.35058472021872711,39.400590744325861],[-0.35053737165287241,39.400460892892056],[-0.35042497715098431,39.400343847139503],[-0.35017975630862502,39.400161793204177],[-0.34991058917501389,39.399929869507524],[-0.34970355938279363,39.399761063245677],[-0.34963705201928663,39.399687980893901],[-0.34950799456673642,39.399505708749032],[-0.34934877791378,39.399305469920378],[-0.34924214544990467,39.399182013988884],[-0.34913522511970141,39.399061569361528],[-0.34903974335768873,39.398935583751793],[-0.3489783017158074,39.398858778765344],[-0.34891279771615435,39.398760476098673],[-0.34887099545879879,39.398632372059879],[-0.34883553973140391,39.398531682501329],[-0.34880333998440366,39.398467958403558],[-0.34874541996190345,39.398402116285894],[-0.34865126166941629,39.398345141279052],[-0.34838754039931574,39.398195661150567],[-0.34830366507604932,39.398131470068307],[-0.34819858054984504,39.398045092877474],[-0.34804494874531555,39.397929617786076],[-0.34788187209344118,39.397777206995549],[-0.34778431818038208,39.397690992206826],[-0.34768626649059758,39.397617612596477],[-0.34757507410231403,39.397533428807918],[-0.34742738555141045,39.397407944539822],[-0.3473054034064928,39.397285866367177],[-0.34717179727823849,39.397158009434278],[-0.34705477888644265,39.397029368705823],[-0.34695848603869289,39.396921578799883],[-0.34684624873834152,39.396762705171135],[-0.34672797801876543,39.396590865154224],[-0.34659735726170604,39.396388302282404],[-0.34652229908403115,39.396229457022663],[-0.34645307829069355,39.396056916361744],[-0.34632685211666742,39.395821481110538],[-0.3462178814145257,39.395630429772851],[-0.34613995152800348,39.395475707835551],[-0.34595730599798213,39.395141166327917],[-0.34584514622695722,39.394962618198612],[-0.34573561080101006,39.39478621992594],[-0.3456319147872145,39.394589955224227],[-0.34551481399607531,39.394396005966911],[-0.34538552080031315,39.394242209924776],[-0.3452983738119223,39.394116609793365],[-0.34524142559058441,39.394010014112851],[-0.34517837526365686,39.393837775747691],[-0.34508167850296001,39.393568473496636],[-0.34500624982379852,39.393364151155609],[-0.34496990096268826,39.393274665064446],[-0.34491509814638599,39.393129596384206],[-0.34477642201353992,39.392935838378136],[-0.34467172826739056,39.392758360518044],[-0.3445677541045214,39.392562232667295],[-0.34449562626625035,39.39239950716015],[-0.3443809845764626,39.392201811206604],[-0.34419396147204029,39.391929832525037],[-0.34390377368181707,39.39157607489139],[-0.34366088217630614,39.391276342091373],[-0.34339736101474055,39.39098090312325],[-0.34310187586672197,39.390666589351319],[-0.34285871311993837,39.390386713219968],[-0.34256244069401093,39.390064821689272],[-0.34236850081758097,39.389804717864443],[-0.34208206241219757,39.389440735351812],[-0.3418848162349607,39.389175762448701],[-0.34161490560554553,39.388827318540116],[-0.3413873054985016,39.38860875807881],[-0.34104993621083479,39.388268545005161],[-0.34085946744465168,39.388087886039351],[-0.34068595033298144,39.387950920003931],[-0.34046359647883662,39.387782359745756],[-0.34012186726994087,39.387505178308245],[-0.33993946640332501,39.387342377782709],[-0.33974102468224415,39.387179200966372],[-0.33960874606628866,39.387070419603276],[-0.33936761749228456,39.386838816225172],[-0.33894834838866872,39.386468408271554],[-0.338585492104789,39.386169811334064],[-0.3383467807220274,39.385970377744499],[-0.33791571089604389,39.385549705914705],[-0.33773724515873049,39.38537832558189],[-0.33760275132629891,39.385287364809848]]]},"properties":{"codsecc":"7","coddistsecc":"1907","objectid":2027,"st_area(shape)":5939630.6073369998,"coddistrit":"19"}},{"type":"Feature","id":232,"geometry":{"type":"Polygon","coordinates":[[[-0.3448212789893248,39.471463820564338],[-0.34522653968158762,39.470626256696086],[-0.34624860659340334,39.470933367927941],[-0.34670255259671473,39.469979796560402],[-0.34430342486487414,39.469303417847406],[-0.34384915186172049,39.470207423994943],[-0.34305117819514341,39.469968476849516],[-0.3426355981593206,39.470828309839135],[-0.3448212789893248,39.471463820564338]]]},"properties":{"codsecc":"29","coddistsecc":"1329","objectid":232,"st_area(shape)":44617.2474755,"coddistrit":"13"}},{"type":"Feature","id":2028,"geometry":{"type":"Polygon","coordinates":[[[-0.32990536024757133,39.364488579531972],[-0.32953070369390297,39.36187504628068],[-0.32932277394130532,39.357892893302207],[-0.32625971737404258,39.357935113575813],[-0.32320657027826893,39.348378634776388],[-0.32102858062986472,39.339468341413941],[-0.31910375598251456,39.340086134542098],[-0.31225708644234812,39.330995915395036],[-0.31166134483204666,39.327774996902704],[-0.31049181674317428,39.324734509301095],[-0.3042741850206645,39.315730388893613],[-0.30068821107580329,39.31313376636836],[-0.29913351175105674,39.31149410055901],[-0.29945657710553336,39.310105233090077],[-0.29206672086381064,39.308262295752705],[-0.30070212436696153,39.324755490801714],[-0.30608884796979469,39.336672893547622],[-0.31239268678739429,39.350795828907714],[-0.31703007109295767,39.363852998533325],[-0.31917775335224946,39.36885734673691],[-0.32306589652522533,39.380108777739558],[-0.32641735003789818,39.389577474728384],[-0.32809228731297746,39.397660612122856],[-0.32876783646819552,39.392401632020373],[-0.32933124194723162,39.391747939512712],[-0.32994690191541021,39.391131479401956],[-0.33089673358263033,39.391455083427282],[-0.33080894425327201,39.390390053202232],[-0.33137271164898974,39.389060723110113],[-0.33179853178345597,39.386894916020232],[-0.33204526070601903,39.384896129215292],[-0.33440965194943706,39.385130542310641],[-0.33446253749083393,39.383532694048355],[-0.33525608552338104,39.383442776581454],[-0.33608142745799213,39.385605784374746],[-0.33751442931552905,39.385300774590554],[-0.33760275132629891,39.385287364809848],[-0.33755142355383216,39.385252649593738],[-0.33744078376581405,39.385151090896734],[-0.33722157135783287,39.38477732991921],[-0.33700177454278984,39.384413194616407],[-0.33675345825754838,39.38399437963114],[-0.33653554190233492,39.383581539661229],[-0.33633513980754343,39.383166109567306],[-0.3360868315951715,39.382747293363835],[-0.33582700695183237,39.382374031770851],[-0.33566229031278189,39.382073199902337],[-0.33544199507371497,39.381613358296015],[-0.33516163731647336,39.381106609076824],[-0.33502565405937179,39.3808610734811],[-0.33480608940848799,39.380497533996689],[-0.33459840589264661,39.380138779882486],[-0.33442411692987334,39.379858221993068],[-0.33425474807075251,39.379680216258407],[-0.33415111437932449,39.379510528045493],[-0.33401812428551597,39.379186529778174],[-0.33393072236017057,39.378930179031272],[-0.33383330390427118,39.378712841097006],[-0.33373579812507903,39.37837767433988],[-0.33362443188599183,39.377948326465877],[-0.33352606556230113,39.377631238567865],[-0.33342881131584068,39.377293194473019],[-0.33333937393145124,39.376979437238056],[-0.3332387425136259,39.376615198868393],[-0.33311043747849944,39.376168390224329],[-0.33299739691557095,39.375894153740951],[-0.33287633261093724,39.375481618408116],[-0.3327641063680753,39.375187265588643],[-0.3325933651399241,39.374698510708185],[-0.33244911537707555,39.37430817239936],[-0.33231201691148676,39.373861152107075],[-0.33210053061248807,39.373227581350406],[-0.33192624193882958,39.372752653746105],[-0.33182713793805113,39.372226433910704],[-0.33171656725912174,39.371806876950735],[-0.33164365272921709,39.371437237173346],[-0.33147631959082718,39.370823768133491],[-0.33134298297420339,39.370379157242844],[-0.33123242979481382,39.369959582166011],[-0.33110745567997035,39.369493568676987],[-0.3309718740415315,39.368900223637652],[-0.3308029800247862,39.368230214172144],[-0.33066611097705495,39.367628127614964],[-0.33049950949018841,39.367100050795003],[-0.33036796484099057,39.366585877402507],[-0.33024255338366509,39.366149284804898],[-0.33010501740414611,39.365557902748399],[-0.32999424668234001,39.364970171018712],[-0.32990536024757133,39.364488579531972]]]},"properties":{"codsecc":"8","coddistsecc":"1908","objectid":2028,"st_area(shape)":8247660.3058634996,"coddistrit":"19"}},{"type":"Feature","id":2030,"geometry":{"type":"Polygon","coordinates":[[[-0.31193891991543993,39.314268143860716],[-0.31180559243343875,39.312999322077907],[-0.31110962262471142,39.312208472391248],[-0.31011223627824103,39.309789057045919],[-0.30856961873868205,39.305032742202847],[-0.30550639859287015,39.2992862458307],[-0.30546731697584073,39.299247133927338],[-0.303892719724279,39.296848187122357],[-0.30310891939881002,39.29576108748325],[-0.30224921698863089,39.294501188663922],[-0.30066942943234765,39.292647360781466],[-0.29865490154280877,39.290313118184798],[-0.29616255170771477,39.287563626047522],[-0.29451390201110317,39.285864780933643],[-0.29335646723622777,39.284438238622769],[-0.29282344987290321,39.283887520159553],[-0.29159504948283621,39.283592359305118],[-0.29125412271671375,39.283544486480288],[-0.29168867172111762,39.282941978645439],[-0.2905703438649222,39.282609648946504],[-0.28818630294490594,39.281768398614894],[-0.28673321733014356,39.281316159179184],[-0.28602024391111447,39.281139722481129],[-0.28457562504377909,39.280826372781597],[-0.28293583314831927,39.280242081900475],[-0.28141554527279533,39.279735658450221],[-0.28013291807444274,39.279407444351492],[-0.27878823155686977,39.279133692040013],[-0.27831937912699056,39.279243814587211],[-0.27640309580581651,39.279077355276932],[-0.27608733634937765,39.27892709184794],[-0.2753684688301824,39.27899762906106],[-0.27539424910443927,39.279143825308047],[-0.28010349182844635,39.286979094522209],[-0.28581010105527888,39.296445533525741],[-0.29206672086381064,39.308262295752705],[-0.29945657710553336,39.310105233090077],[-0.30131194294692926,39.31020234189743],[-0.30566069493954562,39.31222203626244],[-0.31193891991543993,39.314268143860716]]]},"properties":{"codsecc":"16","coddistsecc":"1916","objectid":2030,"st_area(shape)":4928204.5210595001,"coddistrit":"19"}},{"type":"Feature","id":2104,"geometry":{"type":"Polygon","coordinates":[[[-0.39128791136579089,39.494412060478631],[-0.39098209644649512,39.494427301634673],[-0.38675398061674604,39.49703044264475],[-0.38614140384010465,39.497589072293636],[-0.38888603579418302,39.500236303675734],[-0.3914492176531002,39.498744376456607],[-0.39400496129589424,39.497099083893943],[-0.39275396124934381,39.49588185913364],[-0.39128791136579089,39.494412060478631]]]},"properties":{"codsecc":"32","coddistsecc":"1632","objectid":2104,"st_area(shape)":222769.82729099999,"coddistrit":"16"}},{"type":"Feature","id":318,"geometry":{"type":"Polygon","coordinates":[[[-0.35557108364312717,39.46618205928057],[-0.35608931717246667,39.465157841476994],[-0.35476884821868077,39.464195393660987],[-0.35468560793404874,39.464360152260291],[-0.35423884616249618,39.464258840273168],[-0.35349287417743203,39.465796913043818],[-0.35445292523603023,39.465976425716718],[-0.35557108364312717,39.46618205928057]]]},"properties":{"codsecc":"35","coddistsecc":"1235","objectid":318,"st_area(shape)":30397.490645000002,"coddistrit":"12"}},{"type":"Feature","id":339,"geometry":{"type":"Polygon","coordinates":[[[-0.36977761979649465,39.464063140139984],[-0.3688370931244157,39.462690530772228],[-0.36983729383515029,39.462267244722547],[-0.36895696514562798,39.461013112961346],[-0.36695602830107615,39.461855153999799],[-0.36829064820816232,39.46373668223],[-0.36977761979649465,39.464063140139984]]]},"properties":{"codsecc":"9","coddistsecc":"0209","objectid":339,"st_area(shape)":43211.293344999998,"coddistrit":"2"}},{"type":"Feature","id":356,"geometry":{"type":"Polygon","coordinates":[[[-0.40080805307352169,39.463735699022919],[-0.40559309055380183,39.463496542329963],[-0.40569462706788095,39.463491439709983],[-0.40524148583437575,39.462747913321707],[-0.40346962112969842,39.462811932929469],[-0.40074846994046021,39.462931273434535],[-0.40080805307352169,39.463735699022919]]]},"properties":{"codsecc":"26","coddistsecc":"0826","objectid":356,"st_area(shape)":35399.282574999997,"coddistrit":"8"}},{"type":"Feature","id":224,"geometry":{"type":"Polygon","coordinates":[[[-0.35178018870791827,39.472167597488891],[-0.3520746798578992,39.471548199250293],[-0.34910830367016038,39.470674303710801],[-0.34885304582898724,39.471312606824071],[-0.3505752603107099,39.471815817255369],[-0.35178018870791827,39.472167597488891]]]},"properties":{"codsecc":"20","coddistsecc":"1320","objectid":224,"st_area(shape)":19985.125001,"coddistrit":"13"}},{"type":"Feature","id":246,"geometry":{"type":"Polygon","coordinates":[[[-0.38540875095701976,39.471226527741543],[-0.38437538116711412,39.469761873392152],[-0.38409352445815781,39.469354637202841],[-0.38345250083747628,39.470331165988704],[-0.38356466064653788,39.4705949466614],[-0.38392571662677766,39.471544486384779],[-0.38540875095701976,39.471226527741543]]]},"properties":{"codsecc":"1","coddistsecc":"0301","objectid":246,"st_area(shape)":21098.400782000001,"coddistrit":"3"}},{"type":"Feature","id":184,"geometry":{"type":"Polygon","coordinates":[[[-0.32457406533793109,39.474558016875015],[-0.32645689071318701,39.474583315270365],[-0.32769855017570315,39.474751501970431],[-0.3277796822773576,39.474226357355256],[-0.3281529699025777,39.471933229292908],[-0.32821727615886559,39.471430219055776],[-0.32783068449672015,39.471376286426334],[-0.32650636995615062,39.471224226624621],[-0.3265064660982967,39.470634157258999],[-0.32642101847271826,39.469925015339406],[-0.32643946084507292,39.469443472701244],[-0.32606505400915647,39.469394319002674],[-0.32605245419500983,39.468358034345457],[-0.32575842513991493,39.467671118418615],[-0.32573120275444606,39.467490317382186],[-0.32499850818755488,39.467635620141827],[-0.32433023041424813,39.467976080040749],[-0.32306305812627389,39.468059515150365],[-0.323813841008601,39.47265320272458],[-0.32457406533793109,39.474558016875015]]]},"properties":{"codsecc":"19","coddistsecc":"1119","objectid":184,"st_area(shape)":223499.71468199999,"coddistrit":"11"}},{"type":"Feature","id":188,"geometry":{"type":"Polygon","coordinates":[[[-0.38416788261269663,39.475549828630477],[-0.38419083748645666,39.475771060979206],[-0.38531298333422054,39.475566590433232],[-0.3882070643357225,39.47509116123679],[-0.3878534230691687,39.474601241351479],[-0.38777197773606814,39.474486800486574],[-0.3875794077362979,39.474216711752113],[-0.38502141067322865,39.473924940761179],[-0.38429845258670126,39.473791555745272],[-0.38397929609056758,39.473739327509925],[-0.38416788261269663,39.475549828630477]]]},"properties":{"codsecc":"4","coddistsecc":"0304","objectid":188,"st_area(shape)":52212.479345500004,"coddistrit":"3"}},{"type":"Feature","id":187,"geometry":{"type":"Polygon","coordinates":[[[-0.3791034041309429,39.475624883258355],[-0.37901564741285065,39.47525354341068],[-0.37923096564512787,39.475226868798579],[-0.37943242919878167,39.474911599892295],[-0.37854549263009218,39.474211440412354],[-0.37774268597612931,39.473341996586399],[-0.3768535550432392,39.472218352515604],[-0.37566681353072873,39.473813132371426],[-0.37608383741686829,39.473890115226922],[-0.37670216693592706,39.473926597100053],[-0.37693769256118181,39.473922904851612],[-0.37710041857090254,39.474039187724991],[-0.37685296959033115,39.474263326588122],[-0.377060068585858,39.47441664631031],[-0.37690064102213316,39.475372475114099],[-0.37767808818334353,39.475390021537635],[-0.37771196353558917,39.475570961815592],[-0.37832223467627896,39.475706350097695],[-0.37877110832304689,39.475612883890598],[-0.3791034041309429,39.475624883258355]]]},"properties":{"codsecc":"25","coddistsecc":"0125","objectid":187,"st_area(shape)":52068.489033500002,"coddistrit":"1"}},{"type":"Feature","id":534,"geometry":{"type":"Polygon","coordinates":[[[-0.33763244465305686,39.461427215991897],[-0.33771808877766479,39.461309181370154],[-0.33805412590457568,39.461310032213383],[-0.33823376609992789,39.459728497675194],[-0.33572237654010806,39.45926507066369],[-0.33537598410683156,39.460748077591475],[-0.33763244465305686,39.461427215991897]]]},"properties":{"codsecc":"1","coddistsecc":"1101","objectid":534,"st_area(shape)":41740.184675999997,"coddistrit":"11"}},{"type":"Feature","id":466,"geometry":{"type":"Polygon","coordinates":[[[-0.33485853152844908,39.448385285837205],[-0.33528264516616757,39.448404019085324],[-0.33546644121849245,39.447412764090636],[-0.33554765986427876,39.446558802047591],[-0.33573317756865817,39.444950493970957],[-0.33439889904203673,39.44474874341185],[-0.33430838095586735,39.445084496260158],[-0.33441218664517924,39.445276061145847],[-0.33437322223147253,39.445631004872546],[-0.33422462434530592,39.445776250435138],[-0.3335500963184746,39.448170604372351],[-0.33485853152844908,39.448385285837205]]]},"properties":{"codsecc":"48","coddistsecc":"1148","objectid":466,"st_area(shape)":51040.428537,"coddistrit":"11"}},{"type":"Feature","id":487,"geometry":{"type":"Polygon","coordinates":[[[-0.36343650136888012,39.43018650421881],[-0.36361867855019508,39.429150152438353],[-0.36394597818055857,39.427999976395647],[-0.36413589909201027,39.426450313458538],[-0.36332958950000843,39.426558142108],[-0.36209074291783228,39.426430947696723],[-0.36202402577988546,39.42744739546815],[-0.36192895852547335,39.428080342457093],[-0.36184486210246536,39.428461291096546],[-0.36160826387236394,39.429131565249683],[-0.36127765838916459,39.429849244387569],[-0.36343650136888012,39.43018650421881]]]},"properties":{"codsecc":"4","coddistsecc":"1904","objectid":487,"st_area(shape)":68492.530847999995,"coddistrit":"19"}},{"type":"Feature","id":508,"geometry":{"type":"Polygon","coordinates":[[[-0.39962258418563473,39.460716695913902],[-0.40023647076794994,39.460158629536195],[-0.39985758041001496,39.459897905835142],[-0.40045745663101995,39.459334759003482],[-0.39941513176478755,39.458613255066034],[-0.39938076261574118,39.458288167639715],[-0.39901912831927033,39.458266561757306],[-0.39745605409486934,39.457155013863705],[-0.39558282534422529,39.458752651700316],[-0.39783585433222457,39.460645417053826],[-0.39873733043440257,39.461521437373236],[-0.39962258418563473,39.460716695913902]]]},"properties":{"codsecc":"29","coddistsecc":"0829","objectid":508,"st_area(shape)":100122.66196,"coddistrit":"8"}},{"type":"Feature","id":520,"geometry":{"type":"Polygon","coordinates":[[[-0.3981047382393163,39.483673345279662],[-0.39798106368702529,39.484904782953805],[-0.40112340100357208,39.483547225863042],[-0.40176261980766553,39.483318282272045],[-0.39878633886706577,39.479229277961522],[-0.39741563798816865,39.479824690896088],[-0.39764238919846434,39.480154086441459],[-0.3973433244909752,39.480399626401457],[-0.39691582574700546,39.480601757937741],[-0.39677281588374896,39.480598554294701],[-0.39694310842151287,39.48092218194698],[-0.3965301355022432,39.481066080112726],[-0.39698618907386124,39.481968160164818],[-0.39715825129752713,39.481913457047504],[-0.39724831446118541,39.482109163792806],[-0.39730963283479093,39.482101528392164],[-0.3974806430010096,39.482542285876335],[-0.39790628901203806,39.482565331235456],[-0.39807907651052143,39.482627757563556],[-0.398428647572386,39.482995936851694],[-0.39870140813494753,39.482812858100985],[-0.39888133549387311,39.482839407826368],[-0.39908456125530745,39.482767381809353],[-0.39901785368180492,39.483211824942941],[-0.39876168993197375,39.483183568861492],[-0.39853607637820915,39.483115456504244],[-0.39820014665308706,39.483297120483712],[-0.39816455487320573,39.483589100923489],[-0.3981047382393163,39.483673345279662]]]},"properties":{"codsecc":"3","coddistsecc":"0403","objectid":520,"st_area(shape)":134843.33835050001,"coddistrit":"4"}},{"type":"Feature","id":376,"geometry":{"type":"Polygon","coordinates":[[[-0.39903906809042611,39.46182548228245],[-0.40062605877184992,39.461770908601196],[-0.40009727278384849,39.461029364368891],[-0.39962258418563473,39.460716695913902],[-0.39873733043440257,39.461521437373236],[-0.39903906809042611,39.46182548228245]]]},"properties":{"codsecc":"23","coddistsecc":"0823","objectid":376,"st_area(shape)":11597.135803499999,"coddistrit":"8"}},{"type":"Feature","id":401,"geometry":{"type":"Polygon","coordinates":[[[-0.36880028404365267,39.458829454334492],[-0.36854234742381736,39.458292095142539],[-0.3683785411936511,39.457955060479364],[-0.36800260635765236,39.457176294920679],[-0.367960665415004,39.457094265881146],[-0.3667435682096799,39.457800904188623],[-0.36575514772976403,39.458548748016185],[-0.36654368843356377,39.45963416096567],[-0.36880028404365267,39.458829454334492]]]},"properties":{"codsecc":"3","coddistsecc":"1003","objectid":401,"st_area(shape)":39907.429595499998,"coddistrit":"10"}},{"type":"Feature","id":418,"geometry":{"type":"Polygon","coordinates":[[[-0.38354663343098777,39.45776155630562],[-0.38390356899714417,39.45626062232504],[-0.38416289701329454,39.455018745950497],[-0.3812388903732512,39.454628571957748],[-0.38155656793208254,39.455221302983411],[-0.38209253561792389,39.455823454736382],[-0.3825024486132812,39.456242588734142],[-0.38354663343098777,39.45776155630562]]]},"properties":{"codsecc":"10","coddistsecc":"0910","objectid":418,"st_area(shape)":39859.5156565,"coddistrit":"9"}},{"type":"Feature","id":432,"geometry":{"type":"Polygon","coordinates":[[[-0.37843396786447897,39.455826553855182],[-0.37983571513121284,39.455227555441624],[-0.3812388903732512,39.454628571957748],[-0.38167750271438472,39.453197060050336],[-0.37843884953027451,39.452871789129503],[-0.37817424500047359,39.454077497751342],[-0.37791121428365271,39.455067038357583],[-0.37843396786447897,39.455826553855182]]]},"properties":{"codsecc":"24","coddistsecc":"1024","objectid":432,"st_area(shape)":69564.393658000001,"coddistrit":"10"}},{"type":"Feature","id":447,"geometry":{"type":"Polygon","coordinates":[[[-0.37080809856596719,39.4533840620009],[-0.3713483196177409,39.453175565640613],[-0.37112737581154287,39.452292218212818],[-0.37160434513567869,39.450888631028867],[-0.37098467419051062,39.450005265237266],[-0.37096810580410355,39.449982368426731],[-0.37053623061458024,39.449378016902976],[-0.36950155046001176,39.447868158841253],[-0.36941498404338646,39.447717554170282],[-0.36825912972874825,39.448191368175699],[-0.369041607105214,39.449339689225852],[-0.36996161293156904,39.450693806533614],[-0.36855718942605198,39.451306138702407],[-0.36918670161658557,39.452216766286462],[-0.36836964892505875,39.452563116662859],[-0.36886884606378639,39.453308636604376],[-0.36890036203261095,39.453358898515837],[-0.37080809856596719,39.4533840620009]]]},"properties":{"codsecc":"32","coddistsecc":"1032","objectid":447,"st_area(shape)":101070.38819,"coddistrit":"10"}},{"type":"Feature","id":279,"geometry":{"type":"Polygon","coordinates":[[[-0.38437538116711412,39.469761873392152],[-0.38624742905052178,39.468948165036359],[-0.38765346646690507,39.468317640985859],[-0.38639626853799341,39.466564194746184],[-0.38409352445815781,39.469354637202841],[-0.38437538116711412,39.469761873392152]]]},"properties":{"codsecc":"48","coddistsecc":"0348","objectid":279,"st_area(shape)":44560.540908000003,"coddistrit":"3"}},{"type":"Feature","id":271,"geometry":{"type":"Polygon","coordinates":[[[-0.3953696179413263,39.469684522539545],[-0.39622476965831671,39.469194695934192],[-0.39624330601564628,39.469204120069243],[-0.39654299738140514,39.46816131491812],[-0.39533517675869712,39.4679405519231],[-0.39328266600088552,39.467579222727849],[-0.39279081803211002,39.46851410677646],[-0.39290930885999603,39.468823064971644],[-0.39326906469812245,39.468741046840883],[-0.39483514863138269,39.469231110081765],[-0.39452947546162059,39.470161165952902],[-0.3953696179413263,39.469684522539545]]]},"properties":{"codsecc":"20","coddistsecc":"0720","objectid":271,"st_area(shape)":46529.910470499999,"coddistrit":"7"}},{"type":"Feature","id":260,"geometry":{"type":"Polygon","coordinates":[[[-0.35381588964046085,39.470191520824521],[-0.35438446986486494,39.469028822310584],[-0.35209935167734852,39.46835066832719],[-0.35158323102712713,39.469528055090358],[-0.35381588964046085,39.470191520824521]]]},"properties":{"codsecc":"20","coddistsecc":"1220","objectid":260,"st_area(shape)":28740.141906500001,"coddistrit":"12"}},{"type":"Feature","id":249,"geometry":{"type":"Polygon","coordinates":[[[-0.39300292128640513,39.471081856575431],[-0.39280596081716335,39.470811677782983],[-0.39218687008573389,39.469959975741695],[-0.39214059741253005,39.469895875632758],[-0.39083921316263776,39.470447724371986],[-0.39168911604388001,39.471615418317555],[-0.39300292128640513,39.471081856575431]]]},"properties":{"codsecc":"29","coddistsecc":"0329","objectid":249,"st_area(shape)":19144.300626,"coddistrit":"3"}},{"type":"Feature","id":243,"geometry":{"type":"Polygon","coordinates":[[[-0.3426355981593206,39.470828309839135],[-0.34305117819514341,39.469968476849516],[-0.34188431913360068,39.469649017146885],[-0.34231595901136269,39.468749005630357],[-0.34144666075168811,39.468494903325436],[-0.34099185726309983,39.46836287972296],[-0.34051247101524212,39.469333863505163],[-0.34009796653941787,39.469211776375332],[-0.33981763662439579,39.469781910406887],[-0.34023995032491927,39.469908690678594],[-0.34014257467923231,39.470100149987012],[-0.34042054862358712,39.470183086435632],[-0.3426355981593206,39.470828309839135]]]},"properties":{"codsecc":"5","coddistsecc":"1305","objectid":243,"st_area(shape)":38652.014003999997,"coddistrit":"13"}},{"type":"Feature","id":228,"geometry":{"type":"Polygon","coordinates":[[[-0.34871973584854404,39.471647393842076],[-0.34885304582898724,39.471312606824071],[-0.34910830367016038,39.470674303710801],[-0.34670255259671473,39.469979796560402],[-0.34624860659340334,39.470933367927941],[-0.34871973584854404,39.471647393842076]]]},"properties":{"codsecc":"9","coddistsecc":"1309","objectid":228,"st_area(shape)":25286.383814000001,"coddistrit":"13"}},{"type":"Feature","id":219,"geometry":{"type":"Polygon","coordinates":[[[-0.36998937963845752,39.472671273600859],[-0.37068308953075435,39.472808590030873],[-0.37085605376383768,39.472208923652708],[-0.37158848080234708,39.472302066645696],[-0.37180113764077671,39.47147807674277],[-0.37254144078109663,39.471535356623086],[-0.37369342010460732,39.471849678050518],[-0.37430392022932429,39.471881491170507],[-0.37415018758369772,39.470387071312956],[-0.37042189845868867,39.470311768385166],[-0.36866414107736006,39.471884535672125],[-0.37006071712113542,39.472339563002116],[-0.36998937963845752,39.472671273600859]]]},"properties":{"codsecc":"30","coddistsecc":"0130","objectid":219,"st_area(shape)":76044.035438499996,"coddistrit":"1"}},{"type":"Feature","id":338,"geometry":{"type":"Polygon","coordinates":[[[-0.35072934300999498,39.463644867279768],[-0.35151946454106497,39.462039144518457],[-0.34764727524110106,39.460889044000261],[-0.3474522493865993,39.461280978648944],[-0.34686486316848769,39.462479249567487],[-0.35072934300999498,39.463644867279768]]]},"properties":{"codsecc":"25","coddistsecc":"1225","objectid":338,"st_area(shape)":67809.997096999999,"coddistrit":"12"}},{"type":"Feature","id":270,"geometry":{"type":"Polygon","coordinates":[[[-0.3978464910392126,39.470122893512411],[-0.39914598514263638,39.470341169065591],[-0.39936796722123835,39.469472289394282],[-0.39957525943733907,39.468783248050983],[-0.39959447431208817,39.468716111771442],[-0.39654299738140514,39.46816131491812],[-0.39624330601564628,39.469204120069243],[-0.39764454127733517,39.470005761072699],[-0.39766307804835133,39.47001518499345],[-0.3978464910392126,39.470122893512411]]]},"properties":{"codsecc":"19","coddistsecc":"0719","objectid":270,"st_area(shape)":44867.548188499997,"coddistrit":"7"}},{"type":"Feature","id":291,"geometry":{"type":"Polygon","coordinates":[[[-0.3624005633385895,39.468382265826151],[-0.36620339401134144,39.466806411515719],[-0.36543085695383137,39.465698846335151],[-0.36424284205116542,39.466207921694789],[-0.36176615725467715,39.467196723894816],[-0.36208700088820395,39.467798586707524],[-0.3624005633385895,39.468382265826151]]]},"properties":{"codsecc":"45","coddistsecc":"0245","objectid":291,"st_area(shape)":50849.771126500003,"coddistrit":"2"}},{"type":"Feature","id":298,"geometry":{"type":"Polygon","coordinates":[[[-0.34921709130460343,39.467618329047312],[-0.35013605468107839,39.465224937892849],[-0.34877598665306825,39.464811063531201],[-0.34830871212521691,39.466174229951257],[-0.34788972825119846,39.467394364945932],[-0.34921709130460343,39.467618329047312]]]},"properties":{"codsecc":"3","coddistsecc":"1203","objectid":298,"st_area(shape)":34707.960159000002,"coddistrit":"12"}},{"type":"Feature","id":19,"geometry":{"type":"Polygon","coordinates":[[[-0.37179899982480397,39.497031261844398],[-0.37227189334366384,39.495879836720476],[-0.37238837379514728,39.495450059443996],[-0.37252729534194251,39.494309088277816],[-0.37225294867447317,39.494415493626803],[-0.37194725840533077,39.49467884270539],[-0.37162955434276934,39.4951446072766],[-0.37105044503482593,39.494834216711403],[-0.37023344539404041,39.496013884193367],[-0.37102908222826603,39.496306665408596],[-0.37078309788054831,39.496778554532085],[-0.37136124823183908,39.49692226280299],[-0.37179899982480397,39.497031261844398]]]},"properties":{"codsecc":"15","coddistsecc":"1515","objectid":19,"st_area(shape)":30851.728658,"coddistrit":"15"}},{"type":"Feature","id":36,"geometry":{"type":"Polygon","coordinates":[[[-0.38009683191243965,39.493880956383812],[-0.37974350285792691,39.493053199654085],[-0.37917486522657262,39.492076436238918],[-0.37780950223396514,39.492383451643732],[-0.37833616987509228,39.493818721910195],[-0.3784906400001245,39.494214079652878],[-0.38009683191243965,39.493880956383812]]]},"properties":{"codsecc":"23","coddistsecc":"1523","objectid":36,"st_area(shape)":28918.734376,"coddistrit":"15"}},{"type":"Feature","id":42,"geometry":{"type":"Polygon","coordinates":[[[-0.38328386721278757,39.493250106837699],[-0.38255393557463241,39.491341831723922],[-0.38089641189239654,39.491727885510457],[-0.38126326473291527,39.492718101724812],[-0.37974350285792691,39.493053199654085],[-0.38009683191243965,39.493880956383812],[-0.38146635916307253,39.493560495004004],[-0.38328386721278757,39.493250106837699]]]},"properties":{"codsecc":"30","coddistsecc":"1530","objectid":42,"st_area(shape)":45097.817752499999,"coddistrit":"15"}},{"type":"Feature","id":55,"geometry":{"type":"Polygon","coordinates":[[[-0.37012236065087045,39.491097127416282],[-0.37129962136580014,39.490209386233325],[-0.37013258870856824,39.489322641398246],[-0.3690025588041041,39.490288014778926],[-0.36881203040467347,39.490445858214123],[-0.36902971450913241,39.490608431712012],[-0.36831413624393916,39.491200318182749],[-0.36914791017385418,39.491809273204893],[-0.37012236065087045,39.491097127416282]]]},"properties":{"codsecc":"3","coddistsecc":"1503","objectid":55,"st_area(shape)":31824.217721000001,"coddistrit":"15"}},{"type":"Feature","id":74,"geometry":{"type":"Polygon","coordinates":[[[-0.3973697605385681,39.487539654934295],[-0.39620985895784117,39.486103800717331],[-0.396006366485607,39.485851498570995],[-0.39343442991026017,39.486951447026897],[-0.39327782066755279,39.487020004280517],[-0.39453753999954999,39.4887779467755],[-0.3973697605385681,39.487539654934295]]]},"properties":{"codsecc":"28","coddistsecc":"1628","objectid":74,"st_area(shape)":60877.037439,"coddistrit":"16"}},{"type":"Feature","id":96,"geometry":{"type":"Polygon","coordinates":[[[-0.35780905445698263,39.486083666409961],[-0.35813150557574758,39.484726181002841],[-0.35672121925433853,39.484302227722893],[-0.35666902002361273,39.484625355373183],[-0.35642810651704565,39.485939647743017],[-0.35780905445698263,39.486083666409961]]]},"properties":{"codsecc":"6","coddistsecc":"1406","objectid":96,"st_area(shape)":20762.218562499998,"coddistrit":"14"}},{"type":"Feature","id":125,"geometry":{"type":"Polygon","coordinates":[[[-0.37599069356278492,39.483630951350726],[-0.37880377151525113,39.48385210413263],[-0.37910912559876542,39.481971669214147],[-0.37795482932007729,39.481616799118328],[-0.37663072437763712,39.481005847244376],[-0.37595410295735326,39.482517549630629],[-0.37595500128888409,39.482783328969319],[-0.3759924391296835,39.48300488952021],[-0.37599069356278492,39.483630951350726]]]},"properties":{"codsecc":"11","coddistsecc":"0511","objectid":125,"st_area(shape)":62306.292221999996,"coddistrit":"5"}},{"type":"Feature","id":564,"geometry":{"type":"Polygon","coordinates":[[[-0.36824152633340129,39.4965903785994],[-0.36878537222787389,39.496026621858256],[-0.36768857684685441,39.495240061807174],[-0.36739665641398095,39.495503710593553],[-0.36663303487263793,39.49494137670434],[-0.3663390572082621,39.495182454302899],[-0.36824152633340129,39.4965903785994]]]},"properties":{"codsecc":"36","coddistsecc":"1536","objectid":564,"st_area(shape)":13440.1536055,"coddistrit":"15"}},{"type":"Feature","id":383,"geometry":{"type":"Polygon","coordinates":[[[-0.40679005091964676,39.490073912962202],[-0.40515604785613418,39.487748502536775],[-0.39933375816569222,39.49023704576539],[-0.40101802028081246,39.4925500478451],[-0.40679005091964676,39.490073912962202]]]},"properties":{"codsecc":"24","coddistsecc":"0424","objectid":383,"st_area(shape)":167818.80821700001,"coddistrit":"4"}},{"type":"Feature","id":385,"geometry":{"type":"Polygon","coordinates":[[[-0.34564670416141585,39.466874716891624],[-0.34510349071616775,39.466718177150412],[-0.34486856465398003,39.466573174209294],[-0.34274309701296052,39.46594354682226],[-0.34271547365051724,39.466001472105496],[-0.34144333378816538,39.465625557650995],[-0.34054840336618863,39.467456370596494],[-0.34178027969537689,39.46782237435545],[-0.34183981850468548,39.467841753742199],[-0.34353479027038969,39.468312913674815],[-0.34356908784732904,39.468480359622198],[-0.34371154907069856,39.468650277970539],[-0.34408391333377786,39.468753371638833],[-0.34433876456290058,39.468642082030101],[-0.34439313133837252,39.468530714986727],[-0.34478419573286573,39.468638747127926],[-0.34564670416141585,39.466874716891624]]]},"properties":{"codsecc":"10","coddistsecc":"1210","objectid":385,"st_area(shape)":86772.713978,"coddistrit":"12"}},{"type":"Feature","id":148,"geometry":{"type":"Polygon","coordinates":[[[-0.38020290183730104,39.479681092838987],[-0.38302417378575648,39.480280686906283],[-0.3837319101822565,39.47834173261105],[-0.38217076512574472,39.478103867258454],[-0.38177472121081146,39.477950803929858],[-0.38116091179635148,39.477792831843963],[-0.38076228173540111,39.477747812343381],[-0.38066758166835646,39.478412328519745],[-0.38061270815965514,39.478712877178154],[-0.38048340542485087,39.479002748227309],[-0.38020290183730104,39.479681092838987]]]},"properties":{"codsecc":"12","coddistsecc":"0112","objectid":148,"st_area(shape)":55452.584596000001,"coddistrit":"1"}},{"type":"Feature","id":137,"geometry":{"type":"Polygon","coordinates":[[[-0.38105459271516678,39.482231743074877],[-0.38339523622102922,39.481158391496677],[-0.38302417378575648,39.480280686906283],[-0.38020290183730104,39.479681092838987],[-0.38048340542485087,39.479002748227309],[-0.37985958438752848,39.478840039128883],[-0.37982119082411425,39.478933765747868],[-0.37926154866527634,39.478745474168306],[-0.37888542535692837,39.479164899446651],[-0.37858389656275199,39.47912656697882],[-0.37816644484826523,39.479040574358059],[-0.37790883728268282,39.47966988142835],[-0.37663072437763712,39.481005847244376],[-0.37795482932007729,39.481616799118328],[-0.37910912559876542,39.481971669214147],[-0.38023471601096398,39.482123174026462],[-0.38105459271516678,39.482231743074877]]]},"properties":{"codsecc":"10","coddistsecc":"0110","objectid":137,"st_area(shape)":129964.165911,"coddistrit":"1"}},{"type":"Feature","id":195,"geometry":{"type":"Polygon","coordinates":[[[-0.35318737619479329,39.473987886942872],[-0.35446447208471749,39.474374231207506],[-0.35507251295728059,39.473147959157565],[-0.3557013172969708,39.471833485369224],[-0.35441160140804789,39.471475311089819],[-0.35318737619479329,39.473987886942872]]]},"properties":{"codsecc":"9","coddistsecc":"0609","objectid":195,"st_area(shape)":35506.228998300001,"coddistrit":"6"}},{"type":"Feature","id":78,"geometry":{"type":"Polygon","coordinates":[[[-0.38369900731953921,39.488421766215332],[-0.38643616453110802,39.487843748784684],[-0.38609107753851885,39.486930612105915],[-0.38509038469452761,39.487146820927087],[-0.38494935299942545,39.486760782580532],[-0.38394989773076499,39.486963496226267],[-0.38369211995424218,39.48630005095491],[-0.38355183214516309,39.486107716653564],[-0.38297442922943614,39.486081191686296],[-0.38272641266363061,39.486048579256185],[-0.38227458351529042,39.485948313499712],[-0.38188457371035489,39.485826916915585],[-0.38155261692242004,39.486211319187753],[-0.38130334326464255,39.486638114377747],[-0.38122547199138812,39.486699420901047],[-0.38106188925272244,39.487069598618383],[-0.38163761952455127,39.487276262158382],[-0.38369900731953921,39.488421766215332]]]},"properties":{"codsecc":"9","coddistsecc":"0509","objectid":78,"st_area(shape)":69600.258877999993,"coddistrit":"5"}},{"type":"Feature","id":56,"geometry":{"type":"Polygon","coordinates":[[[-0.39534436486315994,39.49196260987226],[-0.3962869770927403,39.491551313492408],[-0.39528968473051029,39.490488454735846],[-0.39306657172423765,39.48942510961691],[-0.39227453425456754,39.490610002332417],[-0.39218947217806671,39.490572058124521],[-0.39184281347590771,39.490884080649522],[-0.39232913996369678,39.49134543549512],[-0.39311800359884336,39.492092848867173],[-0.39389096885525743,39.491146255991318],[-0.39425911271807063,39.490920283646105],[-0.39534436486315994,39.49196260987226]]]},"properties":{"codsecc":"3","coddistsecc":"1603","objectid":56,"st_area(shape)":52680.799003,"coddistrit":"16"}},{"type":"Feature","id":46,"geometry":{"type":"Polygon","coordinates":[[[-0.39184980531287245,39.493086878213219],[-0.39206376014981026,39.493253838780426],[-0.3927079212640216,39.493556576286885],[-0.39387548802325295,39.492844057575461],[-0.39311800359884336,39.492092848867173],[-0.39232913996369678,39.49134543549512],[-0.39193788453182138,39.491800607070196],[-0.39177626763350704,39.492332993483657],[-0.39184980531287245,39.493086878213219]]]},"properties":{"codsecc":"12","coddistsecc":"1612","objectid":46,"st_area(shape)":25150.376970000001,"coddistrit":"16"}},{"type":"Feature","id":28,"geometry":{"type":"Polygon","coordinates":[[[-0.39468579016241634,39.494632447942912],[-0.3927079212640216,39.493556576286885],[-0.39250988211324367,39.493799865026901],[-0.3922430129084758,39.493784867148598],[-0.39128791136579089,39.494412060478631],[-0.39275396124934381,39.49588185913364],[-0.39468579016241634,39.494632447942912]]]},"properties":{"codsecc":"26","coddistsecc":"1626","objectid":28,"st_area(shape)":37723.985658999998,"coddistrit":"16"}},{"type":"Feature","id":21,"geometry":{"type":"Polygon","coordinates":[[[-0.39275396124934381,39.49588185913364],[-0.39400496129589424,39.497099083893943],[-0.39603196909270777,39.495869793850062],[-0.39468579016241634,39.494632447942912],[-0.39275396124934381,39.49588185913364]]]},"properties":{"codsecc":"14","coddistsecc":"1614","objectid":21,"st_area(shape)":38587.4086895,"coddistrit":"16"}},{"type":"Feature","id":393,"geometry":{"type":"Polygon","coordinates":[[[-0.36125304845304607,39.459631253471663],[-0.36278753637117128,39.460427326817545],[-0.36408553110709135,39.458830704483951],[-0.36401587201730856,39.45869399264528],[-0.36407135142237651,39.458609667421378],[-0.36262703198913693,39.457946284862238],[-0.36220580780884348,39.458463730604869],[-0.36125304845304607,39.459631253471663]]]},"properties":{"codsecc":"7","coddistsecc":"1007","objectid":393,"st_area(shape)":35615.2850635,"coddistrit":"10"}},{"type":"Feature","id":375,"geometry":{"type":"Polygon","coordinates":[[[-0.39783585433222457,39.460645417053826],[-0.39558282534422529,39.458752651700316],[-0.39543203798363052,39.459231236389442],[-0.39417747342486431,39.460072457752339],[-0.39612129366775173,39.461764641756268],[-0.39783585433222457,39.460645417053826]]]},"properties":{"codsecc":"28","coddistsecc":"0828","objectid":375,"st_area(shape)":48928.174283,"coddistrit":"8"}},{"type":"Feature","id":511,"geometry":{"type":"Polygon","coordinates":[[[-0.3890351579694159,39.458335447576367],[-0.39029019726201247,39.456471799083921],[-0.3886535159437372,39.456615204470516],[-0.38706169682178521,39.455966827342557],[-0.38685411441582324,39.457457616782108],[-0.3890351579694159,39.458335447576367]]]},"properties":{"codsecc":"5","coddistsecc":"0905","objectid":511,"st_area(shape)":42037.777843999997,"coddistrit":"9"}},{"type":"Feature","id":503,"geometry":{"type":"Polygon","coordinates":[[[-0.39110713179661549,39.463688150299262],[-0.39115661150700376,39.463549633237889],[-0.39163971225002908,39.462848779534617],[-0.39186010879441058,39.462529408035699],[-0.39160376558692284,39.462352496229805],[-0.39158375213017138,39.461469181838581],[-0.39093970792210614,39.461112389635744],[-0.38938033081519552,39.462973711665768],[-0.39110713179661549,39.463688150299262]]]},"properties":{"codsecc":"15","coddistsecc":"0815","objectid":503,"st_area(shape)":32385.059283499999,"coddistrit":"8"}},{"type":"Feature","id":88,"geometry":{"type":"Polygon","coordinates":[[[-0.36398979134698051,39.486832153616596],[-0.36470631125474773,39.486253836892637],[-0.36354165328256788,39.485385098257204],[-0.36357245939607707,39.48522363952425],[-0.36228598771648468,39.484829588902137],[-0.36203877941660312,39.48536306025018],[-0.36173329719700381,39.486109789298261],[-0.36306185942939984,39.486198503591623],[-0.36398979134698051,39.486832153616596]]]},"properties":{"codsecc":"12","coddistsecc":"1412","objectid":88,"st_area(shape)":26919.5257599,"coddistrit":"14"}},{"type":"Feature","id":2024,"geometry":{"type":"Polygon","coordinates":[[[-0.37228589569567377,39.426021877115311],[-0.37228541461362541,39.426023550894676],[-0.37147127516008771,39.428017242677889],[-0.3709201265730952,39.429369573000898],[-0.37072304561091723,39.430554246112038],[-0.37060239454974492,39.432254133157784],[-0.37059425665234519,39.4334340614312],[-0.37017371913482555,39.435519038362727],[-0.37809152838218768,39.436301488546512],[-0.3871549923651072,39.437190247164693],[-0.38867689191164728,39.43345782592322],[-0.38867819728885677,39.433455224661252],[-0.38865483272524526,39.433445330564574],[-0.38860032433828151,39.433432889990591],[-0.38853619640278353,39.433415485609643],[-0.38848123842814108,39.433404818633868],[-0.38809464561079271,39.433275576055053],[-0.38798874459443788,39.433240386167611],[-0.38788964510883323,39.433196349175617],[-0.38782482674352969,39.43314737986654],[-0.3877966773386915,39.433127504364208],[-0.38778216210819111,39.433113034263656],[-0.38776141397215663,39.433096550248969],[-0.38771370992638754,39.433066803005545],[-0.38762598896855399,39.43300585061673],[-0.38755144122425977,39.432961085850756],[-0.38747004128024753,39.432912230162543],[-0.38737622771206215,39.432873185332674],[-0.38730879248880079,39.432850733056618],[-0.38725231576611963,39.432832229697198],[-0.38714215055439999,39.432801438620771],[-0.38701791688328602,39.432769096983016],[-0.38686681110751026,39.432733691705316],[-0.38666733286920757,39.432684577322398],[-0.38644709333983718,39.432614068230173],[-0.38631599566429647,39.432568337505828],[-0.38616531378181534,39.432522859942068],[-0.38605259925198993,39.432486019625529],[-0.38593430069474993,39.43244845904097],[-0.38592193466065394,39.43244611792111],[-0.38587629195958278,39.432423722472265],[-0.38581668810276165,39.432394112245568],[-0.38576080227134069,39.432368837786775],[-0.38573098738052708,39.43235655483636],[-0.38565734129344348,39.432317241489116],[-0.38558736933755883,39.432282506151211],[-0.38553764515332095,39.432265189857027],[-0.38545940047541033,39.432237016008948],[-0.38541189560272715,39.432217515382511],[-0.38528439341201676,39.432167630215247],[-0.38511633290536479,39.432087706913123],[-0.38489832534350704,39.431992407704996],[-0.38464278525555873,39.431865083991319],[-0.38442203815428189,39.431763244894832],[-0.38431169219442324,39.43171004206711],[-0.38425860379068477,39.431685478479963],[-0.38419525664813575,39.431656593994902],[-0.38412257901695296,39.431615968169815],[-0.38399891808416109,39.431542339627697],[-0.38383596171781903,39.431448412487732],[-0.38365660619551201,39.431337008199513],[-0.38346147979335038,39.431222383830537],[-0.38333651570438088,39.431149157685418],[-0.38327298070427129,39.431107935352891],[-0.38319356666218074,39.431049301760751],[-0.38310052142226003,39.430964415741791],[-0.38294712897229571,39.430843162611396],[-0.38279522375646274,39.430735879465566],[-0.3826617975781535,39.430645453363482],[-0.38245647705842944,39.430523021352485],[-0.38230186928242887,39.430434280000227],[-0.3821835580412476,39.430362769991667],[-0.38200761336066807,39.430251629195745],[-0.38184970975316851,39.43014421874738],[-0.38171017858186107,39.43006146474216],[-0.38159288927762064,39.429990616788167],[-0.38150515142686375,39.429931290068147],[-0.38138975456665752,39.429863583587213],[-0.38127291682729481,39.429799925543918],[-0.38116750200338761,39.429732452729588],[-0.38102475994978652,39.429647076069827],[-0.38093881595915596,39.429604077351932],[-0.38081527819129307,39.429529205024899],[-0.38074147380862955,39.429489308471346],[-0.38053832418023736,39.429374534516967],[-0.38048268507656563,39.429344650579459],[-0.38045260823891347,39.429317405692402],[-0.3804043391762848,39.429295138123479],[-0.38034889022057755,39.429225150993361],[-0.38009336015998235,39.428994513119513],[-0.3799150365254908,39.428858379080971],[-0.37973367539068648,39.428734500415594],[-0.37967752583751113,39.428718568314586],[-0.3793821743988417,39.428523679272089],[-0.37907712421216555,39.42831765208652],[-0.37892995380256889,39.428206768083442],[-0.37876370507204016,39.428100345500873],[-0.37858027657223725,39.427997940593741],[-0.37834920710919007,39.427891271833538],[-0.3781859355514407,39.427810203427704],[-0.37802855215126607,39.4277353756084],[-0.37788815555569449,39.42766820089232],[-0.37759183345122493,39.427549302160898],[-0.37730078593079869,39.427410900408631],[-0.3770602125425731,39.427293546403654],[-0.37692475922030827,39.427235229671446],[-0.37682615278302056,39.427197969143982],[-0.37670369026302425,39.42715287300679],[-0.37658354913566489,39.42711618934441],[-0.37634746552974779,39.427046718148674],[-0.37602423703722798,39.426966117402934],[-0.37587506432211282,39.426927975897364],[-0.37575130649727578,39.426902254587027],[-0.37566528392189363,39.426889997448463],[-0.3755371538270712,39.426876780583434],[-0.37528814802909433,39.426852050741836],[-0.37508983580848126,39.426818339136929],[-0.37491921114508464,39.426798081047977],[-0.37465004741084823,39.426740985286983],[-0.37437215451734446,39.426688376341552],[-0.37414361390311407,39.426661268513477],[-0.37397214237635568,39.426640071006375],[-0.37367595094459977,39.4265724166615],[-0.37353474372341616,39.426539983564389],[-0.37341031480217979,39.426509596044866],[-0.37325222331237884,39.426467745227384],[-0.37313059938351101,39.426440618934187],[-0.37305656650344848,39.426402370023219],[-0.37293522934098827,39.426367925815413],[-0.37285552901341984,39.426339233206818],[-0.37276679569902571,39.426305480623718],[-0.37263311228600327,39.426235451399663],[-0.37256109165244622,39.426200544895082],[-0.37243355850869569,39.426106582819628],[-0.37233207772076959,39.426045767478755],[-0.37228589569567377,39.426021877115311]]]},"properties":{"codsecc":"1","coddistsecc":"1901","objectid":2024,"st_area(shape)":1200882.3765285001,"coddistrit":"19"}},{"type":"Feature","id":140,"geometry":{"type":"Polygon","coordinates":[[[-0.35949126827196576,39.481405869098182],[-0.36030774479350447,39.480807316624464],[-0.36075599002373082,39.480443634643947],[-0.360886941908375,39.480189859064069],[-0.36124776337227449,39.479486369871076],[-0.36442615213962082,39.480436856615029],[-0.36513389309767907,39.479011512472987],[-0.36338811133808557,39.478507962882716],[-0.35821630339098448,39.476998638815374],[-0.35656696316988129,39.476560241285206],[-0.35564099192541032,39.478506059605415],[-0.35690403634165019,39.479461571089061],[-0.35772449218917424,39.480077967432123],[-0.35949126827196576,39.481405869098182]]]},"properties":{"codsecc":"24","coddistsecc":"0624","objectid":140,"st_area(shape)":210911.29023861999,"coddistrit":"6"}},{"type":"Feature","id":155,"geometry":{"type":"Polygon","coordinates":[[[-0.35467107963779559,39.478544050711513],[-0.35488973538755381,39.478085077128917],[-0.35564099192541032,39.478506059605415],[-0.35656696316988129,39.476560241285206],[-0.35555845678432735,39.476294058825779],[-0.3537524663023382,39.4758115082359],[-0.35274218086439668,39.477986615912243],[-0.35467107963779559,39.478544050711513]]]},"properties":{"codsecc":"23","coddistsecc":"0623","objectid":155,"st_area(shape)":62939.176032000003,"coddistrit":"6"}},{"type":"Feature","id":161,"geometry":{"type":"Polygon","coordinates":[[[-0.35274218086439668,39.477986615912243],[-0.3537524663023382,39.4758115082359],[-0.35247663440527288,39.475449123733362],[-0.35150603884276388,39.477611611509843],[-0.35274218086439668,39.477986615912243]]]},"properties":{"codsecc":"26","coddistsecc":"1326","objectid":161,"st_area(shape)":29524.1005,"coddistrit":"13"}},{"type":"Feature","id":158,"geometry":{"type":"Polygon","coordinates":[[[-0.35029113533241663,39.478228041025936],[-0.35125610558993747,39.478204996868676],[-0.35150603884276388,39.477611611509843],[-0.35247663440527288,39.475449123733362],[-0.35058965978967055,39.474766495605856],[-0.35029113533241663,39.478228041025936]]]},"properties":{"codsecc":"22","coddistsecc":"1322","objectid":158,"st_area(shape)":44591.786192,"coddistrit":"13"}},{"type":"Feature","id":182,"geometry":{"type":"Polygon","coordinates":[[[-0.35247663440527288,39.475449123733362],[-0.35316840765134538,39.474027994320203],[-0.35318737619479329,39.473987886942872],[-0.3524316099883627,39.47376346910422],[-0.35010139145729446,39.473084256188848],[-0.3494369931084445,39.474433921281282],[-0.35058965978967055,39.474766495605856],[-0.35247663440527288,39.475449123733362]]]},"properties":{"codsecc":"15","coddistsecc":"1315","objectid":182,"st_area(shape)":46735.763661500001,"coddistrit":"13"}},{"type":"Feature","id":181,"geometry":{"type":"Polygon","coordinates":[[[-0.35247663440527288,39.475449123733362],[-0.3537524663023382,39.4758115082359],[-0.35446447208471749,39.474374231207506],[-0.35318737619479329,39.473987886942872],[-0.35247663440527288,39.475449123733362]]]},"properties":{"codsecc":"11","coddistsecc":"0611","objectid":181,"st_area(shape)":20226.113566299999,"coddistrit":"6"}},{"type":"Feature","id":1609,"geometry":{"type":"Polygon","coordinates":[[[-0.41289809869187577,39.502113829725353],[-0.41333514661843568,39.501873322702608],[-0.41314813922500154,39.501585381791713],[-0.41581173029007884,39.500176217251486],[-0.4165946334719729,39.499720664329971],[-0.41707888905684209,39.499479183475209],[-0.41754923657588039,39.499259922491113],[-0.41812453081729223,39.498993434106424],[-0.4179973420155938,39.498738360846168],[-0.41855159116827356,39.498588517262419],[-0.41861636244020167,39.498193568166577],[-0.41871136595837455,39.497610114391982],[-0.41870155391850672,39.497443233205423],[-0.4187334174517055,39.496689443176578],[-0.41604515306276757,39.496819561278741],[-0.41438440404242466,39.496862876375026],[-0.41259597249260205,39.496477261596688],[-0.41134978769580949,39.496019622080546],[-0.40932122912323005,39.493556778448948],[-0.4082556836435679,39.492159550514167],[-0.40685361429194883,39.492750967068154],[-0.40250117521570145,39.494586725756236],[-0.40007527258104125,39.495681082523809],[-0.3997180532403663,39.495204631323261],[-0.39824440351336732,39.496018461044244],[-0.40148221319431904,39.498970848918468],[-0.40158805147509569,39.498947189458889],[-0.40180124850351184,39.49893084045663],[-0.40192611543047535,39.498944190921122],[-0.40195164079257084,39.498917311872908],[-0.40206327565404648,39.498934384240016],[-0.40219309586921931,39.498973655374741],[-0.40229593141794356,39.499009061878944],[-0.40256065679223496,39.499071609432171],[-0.40287698524760351,39.499195146284514],[-0.40290009075440453,39.499202950862234],[-0.40314061507208038,39.499350539740469],[-0.40345111987900018,39.499458152463134],[-0.40350807310363956,39.499454470368363],[-0.40359839729578573,39.499446480027309],[-0.40364846610306526,39.499443121489243],[-0.40368601234190277,39.499446915367415],[-0.40372518779864974,39.499456610366721],[-0.40376762247643427,39.499476837395015],[-0.40382583005014644,39.499523172998693],[-0.40384882112139781,39.499542803385623],[-0.4038689453383294,39.499552919481268],[-0.40389070995638304,39.499552081491082],[-0.40390867933373742,39.499543239963387],[-0.40392500829348127,39.499527235820224],[-0.40395004171893062,39.499504498393435],[-0.4039834153176855,39.499506054851651],[-0.40404298191301319,39.49950589026345],[-0.40415177445042089,39.499524698890106],[-0.40423435771742244,39.499525048426356],[-0.40430367527527944,39.499520651200228],[-0.40437508804080963,39.499511823364934],[-0.4044062944543983,39.499499124410306],[-0.40441557917791826,39.499456179671427],[-0.40440939376226359,39.499415853237636],[-0.40438332806966776,39.499347921159604],[-0.40437945833287808,39.499297241290542],[-0.40442396966192051,39.499185130151368],[-0.40446829173197496,39.499039357885195],[-0.40448491646067536,39.498993216819578],[-0.40450056569029413,39.498928919244129],[-0.40450937980442914,39.498871432784576],[-0.40452617520727363,39.4988278900585],[-0.40453594555787414,39.498775641052056],[-0.40456789032500973,39.498681852305751],[-0.40457125819721551,39.498652910187566],[-0.40458815598592796,39.498611612928819],[-0.40461188363193146,39.498562081033839],[-0.40463214820910187,39.498522489565623],[-0.40465678104883596,39.498479878621595],[-0.40467915135145505,39.498447757432089],[-0.40475432565890102,39.498337817499731],[-0.4047926223718748,39.498289556902094],[-0.40482449203936904,39.498259017194819],[-0.4048549011366559,39.498235228484312],[-0.40487447060184228,39.498205873460975],[-0.40490115732645221,39.498184307851943],[-0.40495214165427473,39.498164131736608],[-0.4050013453200243,39.498148996793972],[-0.40504061243997153,39.498131838151885],[-0.40508389404241807,39.498105228830504],[-0.40510820199584258,39.498083213659633],[-0.40512539989409357,39.498061652294801],[-0.40520989425080567,39.498102475305053],[-0.40563248664242779,39.498296511287663],[-0.40596280120616807,39.49844893697842],[-0.40620014660870463,39.498528909596708],[-0.40663386517565392,39.498761919200263],[-0.40670408286677351,39.498796458653509],[-0.40677203994649092,39.498728868852041],[-0.40692725305178717,39.498550625318174],[-0.40711072428754952,39.498349796477562],[-0.40739507857734641,39.498515606566279],[-0.40770367354345882,39.498694704256351],[-0.40794663653852525,39.498515363069728],[-0.40813539721303854,39.498350784897447],[-0.40818293336742162,39.498300404986502],[-0.40820981548682184,39.498274807019214],[-0.40824185480867975,39.498248423201197],[-0.40830697034843216,39.498172444952957],[-0.40832776213027477,39.498144891330341],[-0.40835151270749936,39.498208879125833],[-0.40837114201091518,39.498257667222894],[-0.40840522738175189,39.498317660392523],[-0.40842692150417637,39.498351251633835],[-0.40846855910486796,39.49839576493526],[-0.40860390258431256,39.49851334856028],[-0.40875907501199255,39.498640256932276],[-0.40887582297803021,39.498732254928605],[-0.40915888387853094,39.498906743418573],[-0.40920569243460003,39.498792366314646],[-0.40930592158395618,39.498640721712235],[-0.4093825651589198,39.498550829039239],[-0.40941949747774314,39.498511356084848],[-0.40945920819824366,39.49846094530924],[-0.40952442597658478,39.498377176028058],[-0.4095616984843703,39.498328539643147],[-0.40965275187155697,39.498238247335912],[-0.40970742034784513,39.498161422780804],[-0.40975381008013473,39.498122151541665],[-0.40981012210238121,39.498073705287638],[-0.40989228797056904,39.498007601504497],[-0.40997896788621485,39.497948318855244],[-0.41005832122406971,39.497886863863528],[-0.41010470918624631,39.497841367351548],[-0.41015734312179264,39.497793631713343],[-0.41021214194910849,39.497729241969445],[-0.41027221336684366,39.497688825045088],[-0.41033346405774251,39.497657983711079],[-0.41043855058315598,39.497609029649539],[-0.41049187685777899,39.497583975451448],[-0.41062416892004949,39.497571455571816],[-0.41071435886826746,39.497565429590573],[-0.41078189153000066,39.497564258889447],[-0.41085124330320333,39.497560444059211],[-0.41089742457707246,39.497577815108237],[-0.41090875244610608,39.497593418540653],[-0.41091513170093069,39.497629875206535],[-0.41093585788376652,39.497632246910811],[-0.41097646701125767,39.497623683522349],[-0.41102814852324249,39.497604403110032],[-0.41104567732314679,39.49759298313122],[-0.41107336222305824,39.49757798772449],[-0.41110105162716709,39.497559424922002],[-0.41111951088144311,39.497547998636946],[-0.41115783827723146,39.497538564542857],[-0.41120581356686786,39.49753642632048],[-0.41126394540456024,39.497535712536646],[-0.4112971734555122,39.497539290622449],[-0.41135621722762788,39.497557866958417],[-0.41139291096203945,39.497578035381117],[-0.41145042801509901,39.497602658604357],[-0.41154275576688043,39.497654326993192],[-0.41163447823091875,39.497700063036319],[-0.41169319456711345,39.497734361294476],[-0.41172273771798368,39.497757649534286],[-0.41175087291379231,39.497787230589665],[-0.4117869868433387,39.497790755706824],[-0.41182932366248398,39.497788590726167],[-0.41190181422460181,39.497785115450448],[-0.41196415273857828,39.497779152792972],[-0.41201867263766423,39.4977673584212],[-0.41207214624683369,39.497764018012347],[-0.41212489917231243,39.497760670536209],[-0.41217125505743291,39.497761126421089],[-0.41222477040779498,39.497756660769781],[-0.41226455017700853,39.497751330639929],[-0.41233281656593868,39.497743238592491],[-0.41239105743080651,39.497726427924661],[-0.41242571405800427,39.497718145869925],[-0.41243900004088196,39.49772548663762],[-0.41244264917251883,39.497737765835645],[-0.4124439498592582,39.497753794453594],[-0.41244704169005653,39.497779214107624],[-0.41244197200407612,39.497896738287302],[-0.4124274874154481,39.498041736877987],[-0.41240241774304925,39.498210958658881],[-0.41239518388397139,39.498341677586062],[-0.41234633426903211,39.498522495620072],[-0.41228238029435693,39.498650951347201],[-0.41226697660560785,39.498776830747651],[-0.41224502513727157,39.498840061180459],[-0.41215326536229652,39.499051301117014],[-0.41205706515899071,39.499215479136019],[-0.41203089643872864,39.499298651183921],[-0.41202246672813303,39.49936537186079],[-0.41200161434323379,39.499445662379067],[-0.41193705550280102,39.499580347516606],[-0.41191724446001421,39.499678633786772],[-0.41188784470025086,39.499785877433965],[-0.41180191968525393,39.500025949075301],[-0.41171534278404309,39.500268528583703],[-0.41169537502975773,39.500334992197487],[-0.41165780274587438,39.500442468119587],[-0.41157288932481184,39.500619212147761],[-0.41147956360675059,39.50082364194428],[-0.41139874557262573,39.501008134551419],[-0.41134798977406922,39.501123640773898],[-0.4113858602613446,39.501216473440472],[-0.41143292019888622,39.501388175730952],[-0.41173591630986078,39.501529814640321],[-0.41231554918157198,39.501828151358211],[-0.41282020072821834,39.502085528215609],[-0.41289809869187577,39.502113829725353]]]},"properties":{"codsecc":"4","coddistsecc":"1804","objectid":1609,"st_area(shape)":764734.79093500006,"coddistrit":"18"}},{"type":"Feature","id":2122,"geometry":{"type":"Polygon","coordinates":[[[-0.39528354920000219,39.47420949920938],[-0.39495665357114601,39.47376073959277],[-0.3946166591488468,39.473293676773878],[-0.39431457168491357,39.472881497836397],[-0.39386616148436876,39.472263356378214],[-0.39384338948516362,39.472231314825301],[-0.39349775936397663,39.471759608983568],[-0.39336164678823393,39.471571875234758],[-0.39073704723645669,39.472675094361627],[-0.39165323350630549,39.473974913551203],[-0.39203263398087235,39.47451493970658],[-0.39366280998490655,39.474362336710342],[-0.39528354920000219,39.47420949920938]]]},"properties":{"codsecc":"27","coddistsecc":"0327","objectid":2122,"st_area(shape)":73686.882159000001,"coddistrit":"3"}},{"type":"Feature","id":1640,"geometry":{"type":"Polygon","coordinates":[[[-0.42650752682479193,39.494998905218495],[-0.42611765911874222,39.495071808713469],[-0.42596782244316689,39.495064633737385],[-0.42593939892435262,39.49549107688626],[-0.42525130746967765,39.495572271091461],[-0.42534534097020354,39.495988698001561],[-0.42535513682603115,39.496477428015126],[-0.42535243291206715,39.497007727046203],[-0.42458343347250482,39.497084727944781],[-0.42361800717805354,39.496515624496098],[-0.423207031944833,39.496482232339503],[-0.42147002730042638,39.496562632790379],[-0.42148524324949277,39.496847406143452],[-0.42076920981938432,39.49730447731816],[-0.42072028612055512,39.497605186935466],[-0.42059590692021076,39.4976474609714],[-0.42062531529203889,39.497756219707874],[-0.42102906755379949,39.498256162905093],[-0.4210788003800629,39.498306815285723],[-0.4211756803634964,39.49845761112941],[-0.42106028016301811,39.498473067466676],[-0.42175008483487175,39.499551417252754],[-0.4218899104896498,39.499563528687538],[-0.42226431171055806,39.500130382580508],[-0.42223226968758304,39.500210751122083],[-0.42252625414721068,39.500613670240732],[-0.42268334435272714,39.500630668134747],[-0.42266378558008022,39.500805906338471],[-0.42258822703024823,39.500903327323947],[-0.42184714849804766,39.501211194398344],[-0.42222217939188705,39.501742036083201],[-0.42735774632624562,39.4994955557598],[-0.42754862950604117,39.499364649551126],[-0.42770673003815313,39.499255539349065],[-0.42796952488631113,39.498711818104169],[-0.428297186863417,39.497822538635774],[-0.4281707923654563,39.497699157819696],[-0.42813783824797624,39.497667311889614],[-0.42810825489312337,39.497640864782319],[-0.42815414357044679,39.497563494633198],[-0.42816026147663544,39.497516784107567],[-0.42816612285439232,39.49750351770696],[-0.4281764899298563,39.497495143735584],[-0.42819813629368259,39.497476992584829],[-0.42821751700003174,39.497451854479607],[-0.42822113229981984,39.497431385346943],[-0.4281674618484585,39.497328775946841],[-0.42815766935957761,39.497314316230231],[-0.42815179629416922,39.497293528975774],[-0.42815095409022086,39.497283573589165],[-0.42815851475303274,39.497274047431922],[-0.42815738603957731,39.497253257083877],[-0.4281596897827652,39.497235245360869],[-0.4281624658815642,39.497210100086676],[-0.42817746138859136,39.49719635118884],[-0.42818745296975441,39.497187752692398],[-0.42814736849090013,39.497107101231862],[-0.42812064908528485,39.49704903344572],[-0.42811240156120439,39.497029571983262],[-0.42807135891832621,39.496965133209407],[-0.42806548492637458,39.496956985325653],[-0.42806154422632392,39.496931096793958],[-0.42805552978467365,39.496898063397502],[-0.4280443295512536,39.496886779656307],[-0.42802725468048314,39.496870519124194],[-0.42801237305552181,39.496855955754839],[-0.42797385613949557,39.496839698053591],[-0.42795898084075201,39.496836314782243],[-0.42793665876595705,39.496834955814201],[-0.42791477652927606,39.49684342620872],[-0.42788239350434942,39.496856646034736],[-0.42785526070145613,39.496863081306699],[-0.42783206722017392,39.496870531686831],[-0.4278102692808276,39.496877346301765],[-0.42771774245864902,39.496850316488086],[-0.42764325278428528,39.49677120945519],[-0.42739114355847657,39.496551586944079],[-0.42733788208373286,39.49650918325792],[-0.42728225152970584,39.496465123519869],[-0.42719108397848954,39.496392754896597],[-0.42712734271408814,39.496342875964231],[-0.42709094094815137,39.496317836151256],[-0.42703276055506595,39.496254017512214],[-0.42704582142326158,39.49624133400561],[-0.42710481059543215,39.496208208456842],[-0.42714465123568263,39.496183523571418],[-0.42726389223007516,39.496137254867492],[-0.42724866117456151,39.496108530784774],[-0.42719798389130498,39.496047463895209],[-0.42713829188578589,39.495954648431947],[-0.42704808041994263,39.495805950990494],[-0.42700656989978131,39.495701916663485],[-0.42694683976583242,39.495645135600732],[-0.42685728574407722,39.49551456933996],[-0.42678594920004986,39.495419712078458],[-0.4267204568464848,39.495342632509953],[-0.42664596121513093,39.495245164710262],[-0.42660611065539988,39.495178733849173],[-0.42656813457554099,39.495099948331919],[-0.4265326358433183,39.495059280000888],[-0.42650752682479193,39.494998905218495]]]},"properties":{"codsecc":"8","coddistsecc":"1808","objectid":1640,"st_area(shape)":263422.97505449998,"coddistrit":"18"}},{"type":"Feature","id":311,"geometry":{"type":"Polygon","coordinates":[[[-0.37652726010842674,39.467350767220822],[-0.37686057947617096,39.466425889299245],[-0.3753452879541665,39.464261104188971],[-0.37451461348565179,39.464638719245769],[-0.37385396364887274,39.464957117869758],[-0.37445786481018567,39.466128384677063],[-0.37491579380279044,39.467125192998658],[-0.37652726010842674,39.467350767220822]]]},"properties":{"codsecc":"1","coddistsecc":"0201","objectid":311,"st_area(shape)":51411.010720500002,"coddistrit":"2"}},{"type":"Feature","id":436,"geometry":{"type":"Polygon","coordinates":[[[-0.36829210765153192,39.454614449864515],[-0.36853732298347358,39.454517779260669],[-0.3680278821254902,39.453595894818015],[-0.36886884606378639,39.453308636604376],[-0.36836964892505875,39.452563116662859],[-0.36918670161658557,39.452216766286462],[-0.36855718942605198,39.451306138702407],[-0.36844139206992921,39.451353065343639],[-0.36537779750162663,39.45264847524264],[-0.3671222704782246,39.455115870449028],[-0.36722266018818872,39.455073100599961],[-0.36829210765153192,39.454614449864515]]]},"properties":{"codsecc":"35","coddistsecc":"1035","objectid":436,"st_area(shape)":71845.386880499995,"coddistrit":"10"}},{"type":"Feature","id":367,"geometry":{"type":"Polygon","coordinates":[[[-0.39533058615808925,39.462418072395607],[-0.39612129366775173,39.461764641756268],[-0.39417747342486431,39.460072457752339],[-0.39335441292075074,39.460950370486536],[-0.39280443034258128,39.461537121078621],[-0.39370521861476565,39.462079837655686],[-0.39506279551664508,39.462664317714705],[-0.39533058615808925,39.462418072395607]]]},"properties":{"codsecc":"12","coddistsecc":"0812","objectid":367,"st_area(shape)":41037.112532500003,"coddistrit":"8"}},{"type":"Feature","id":431,"geometry":{"type":"Polygon","coordinates":[[[-0.35931370365297172,39.455001748566083],[-0.35931990027721084,39.455010898152025],[-0.36010652197850945,39.4546639212153],[-0.3606792039087327,39.455442666290054],[-0.36151203632069207,39.45443007836144],[-0.36157298039995739,39.454354887134699],[-0.36074762624758294,39.453151499791865],[-0.36054243301711286,39.452854054112869],[-0.35917695684126705,39.453413102909799],[-0.35971287024991833,39.454087425078512],[-0.35888616534813728,39.454437992947895],[-0.35931370365297172,39.455001748566083]]]},"properties":{"codsecc":"52","coddistsecc":"1052","objectid":431,"st_area(shape)":34609.176500000001,"coddistrit":"10"}},{"type":"Feature","id":527,"geometry":{"type":"Polygon","coordinates":[[[-0.33115822189835775,39.462930525432647],[-0.3301630605721958,39.462817588971809],[-0.32900215944097716,39.46291704460689],[-0.32881250392063405,39.464475692618215],[-0.32867001606104695,39.465503908735506],[-0.32859170936579385,39.466069659034723],[-0.3299882952682493,39.466209841496372],[-0.33020721976986239,39.464606820405471],[-0.33093563718150709,39.464686613500561],[-0.33104644745790596,39.463707205669337],[-0.33115822189835775,39.462930525432647]]]},"properties":{"codsecc":"11","coddistsecc":"1111","objectid":527,"st_area(shape)":56643.170195999999,"coddistrit":"11"}},{"type":"Feature","id":285,"geometry":{"type":"Polygon","coordinates":[[[-0.32830924172524795,39.468040573489638],[-0.32969404972586136,39.468166976004539],[-0.32978846705379017,39.467673674120199],[-0.3299882952682493,39.466209841496372],[-0.32859170936579385,39.466069659034723],[-0.32830924172524795,39.468040573489638]]]},"properties":{"codsecc":"15","coddistsecc":"1115","objectid":285,"st_area(shape)":26665.546907,"coddistrit":"11"}},{"type":"Feature","id":117,"geometry":{"type":"Polygon","coordinates":[[[-0.37581233547128307,39.484586358593752],[-0.37866661163597537,39.484853489384207],[-0.37880377151525113,39.48385210413263],[-0.37599069356278492,39.483630951350726],[-0.37501934038411427,39.483550455397953],[-0.3748628960090345,39.483884750400108],[-0.37474984450272253,39.484494784231778],[-0.37581233547128307,39.484586358593752]]]},"properties":{"codsecc":"13","coddistsecc":"0513","objectid":117,"st_area(shape)":36552.176438000002,"coddistrit":"5"}},{"type":"Feature","id":84,"geometry":{"type":"Polygon","coordinates":[[[-0.37945289622729156,39.487713477040352],[-0.38019427599886951,39.487572540968344],[-0.38163761952455127,39.487276262158382],[-0.38106188925272244,39.487069598618383],[-0.38122547199138812,39.486699420901047],[-0.38130334326464255,39.486638114377747],[-0.38155261692242004,39.486211319187753],[-0.38188457371035489,39.485826916915585],[-0.37853018152632095,39.48560263587472],[-0.37814312052134974,39.486350631626991],[-0.37900017681986115,39.486437541588757],[-0.37945289622729156,39.487713477040352]]]},"properties":{"codsecc":"2","coddistsecc":"0502","objectid":84,"st_area(shape)":44894.14172,"coddistrit":"5"}},{"type":"Feature","id":65,"geometry":{"type":"Polygon","coordinates":[[[-0.36538166078399903,39.489746514832511],[-0.36707723555754485,39.488757958297072],[-0.36841846379052889,39.487973057731274],[-0.36671497896417204,39.486650716616793],[-0.36527006919561539,39.487834136633246],[-0.36593259177733212,39.488300742132466],[-0.36473266077241556,39.489191272094288],[-0.36538166078399903,39.489746514832511]]]},"properties":{"codsecc":"14","coddistsecc":"1414","objectid":65,"st_area(shape)":47617.144984849998,"coddistrit":"14"}},{"type":"Feature","id":588,"geometry":{"type":"Polygon","coordinates":[[[-0.36438899075635406,39.490297905534142],[-0.36538166078399903,39.489746514832511],[-0.36473266077241556,39.489191272094288],[-0.36593259177733212,39.488300742132466],[-0.36527006919561539,39.487834136633246],[-0.36398979134698051,39.486832153616596],[-0.3633706759851153,39.487390163106461],[-0.36288606869222867,39.487811577182917],[-0.36305029311992387,39.487945931165278],[-0.36229408856609679,39.488554866978497],[-0.36184154092108334,39.488536404078324],[-0.36146166976656086,39.489395898234079],[-0.36358607616457994,39.489952888875614],[-0.36438899075635406,39.490297905534142]]]},"properties":{"codsecc":"34","coddistsecc":"1534","objectid":588,"st_area(shape)":75894.887653650003,"coddistrit":"15"}},{"type":"Feature","id":2088,"geometry":{"type":"Polygon","coordinates":[[[-0.36203877941660312,39.48536306025018],[-0.36055688692979659,39.484929060282184],[-0.36036767394601116,39.485560771373102],[-0.36029816569311335,39.48599610800516],[-0.36024276411343659,39.486346190871188],[-0.36026209423440736,39.487986214237139],[-0.36076372965124548,39.488056166171141],[-0.36055135694301599,39.488483762373349],[-0.36184154092108334,39.488536404078324],[-0.36229408856609679,39.488554866978497],[-0.36305029311992387,39.487945931165278],[-0.36288606869222867,39.487811577182917],[-0.36242708507255911,39.48745882676176],[-0.36235496538356254,39.487578807893975],[-0.36109637878111361,39.48738807377886],[-0.3613903774598452,39.486800172430712],[-0.36173329719700381,39.486109789298261],[-0.36203877941660312,39.48536306025018]]]},"properties":{"codsecc":"10","coddistsecc":"1410","objectid":2088,"st_area(shape)":51815.651036124997,"coddistrit":"14"}},{"type":"Feature","id":139,"geometry":{"type":"Polygon","coordinates":[[[-0.32807185360595331,39.480768857441134],[-0.328061270056619,39.481367684701169],[-0.3280581556209331,39.482245962831968],[-0.3291212116438233,39.482414532964981],[-0.32945549140603148,39.480913264889992],[-0.32966263251673694,39.479981118492596],[-0.32807024794389111,39.479444548067406],[-0.32807185360595331,39.480768857441134]]]},"properties":{"codsecc":"36","coddistsecc":"1136","objectid":139,"st_area(shape)":34085.419129000002,"coddistrit":"11"}},{"type":"Feature","id":209,"geometry":{"type":"Polygon","coordinates":[[[-0.34812778602517797,39.473097800752988],[-0.34871973584854404,39.471647393842076],[-0.34624860659340334,39.470933367927941],[-0.34522653968158762,39.470626256696086],[-0.3448212789893248,39.471463820564338],[-0.34641260514022776,39.471950588700473],[-0.34572286705080285,39.473353714941901],[-0.3477612635431851,39.473967789483588],[-0.34812778602517797,39.473097800752988]]]},"properties":{"codsecc":"8","coddistsecc":"1308","objectid":209,"st_area(shape)":63461.010567999998,"coddistrit":"13"}},{"type":"Feature","id":217,"geometry":{"type":"Polygon","coordinates":[[[-0.33101007125831761,39.472124980382816],[-0.33122365036972023,39.471855065215649],[-0.33154531772081186,39.470533936912823],[-0.33049402523415206,39.470408636134984],[-0.3300951236846007,39.470385727345644],[-0.32802281664836064,39.4701149869449],[-0.32783068449672015,39.471376286426334],[-0.32821727615886559,39.471430219055776],[-0.3281529699025777,39.471933229292908],[-0.32924745565714097,39.472016936494761],[-0.32974488508735628,39.472059889283784],[-0.33101007125831761,39.472124980382816]]]},"properties":{"codsecc":"21","coddistsecc":"1121","objectid":217,"st_area(shape)":54966.111995550003,"coddistrit":"11"}},{"type":"Feature","id":236,"geometry":{"type":"Polygon","coordinates":[[[-0.33473164888559892,39.471061764444059],[-0.33498775754624921,39.470081181207966],[-0.33501371542043434,39.469496217418552],[-0.33498029950667269,39.468545028953258],[-0.33262262064306375,39.468594555247194],[-0.33093265905383906,39.468317039503219],[-0.33052068467156681,39.468262532998175],[-0.32969404972586136,39.468166976004539],[-0.32830924172524795,39.468040573489638],[-0.32802281664836064,39.4701149869449],[-0.3300951236846007,39.470385727345644],[-0.33049402523415206,39.470408636134984],[-0.33154531772081186,39.470533936912823],[-0.33167105940729458,39.469887002574154],[-0.33200431383871104,39.469935853788051],[-0.33189191279506836,39.470352005459013],[-0.33473164888559892,39.471061764444059]]]},"properties":{"codsecc":"22","coddistsecc":"1122","objectid":236,"st_area(shape)":137513.16672969999,"coddistrit":"11"}},{"type":"Feature","id":300,"geometry":{"type":"Polygon","coordinates":[[[-0.33288252048503275,39.467172644339776],[-0.33320010551925128,39.467206958927008],[-0.33335782267540837,39.465854771532342],[-0.33253942512457474,39.465790954668115],[-0.33082465131693667,39.465670512389963],[-0.33067386423655065,39.467144472971079],[-0.33062098961506575,39.467760981194331],[-0.33052068467156681,39.468262532998175],[-0.33093265905383906,39.468317039503219],[-0.33262262064306375,39.468594555247194],[-0.33288252048503275,39.467172644339776]]]},"properties":{"codsecc":"17","coddistsecc":"1117","objectid":300,"st_area(shape)":60329.037763300003,"coddistrit":"11"}},{"type":"Feature","id":322,"geometry":{"type":"Polygon","coordinates":[[[-0.3712050269765847,39.466068354270163],[-0.37385396364887274,39.464957117869758],[-0.37180544170500535,39.464514412613056],[-0.36977761979649465,39.464063140139984],[-0.36829064820816232,39.46373668223],[-0.37019753169579878,39.466491486324863],[-0.3712050269765847,39.466068354270163]]]},"properties":{"codsecc":"43","coddistsecc":"0243","objectid":322,"st_area(shape)":61985.063440500002,"coddistrit":"2"}},{"type":"Feature","id":2184,"geometry":{"type":"Polygon","coordinates":[[[-0.33431701127309638,39.471552238739463],[-0.33473164888559892,39.471061764444059],[-0.33189191279506836,39.470352005459013],[-0.33200431383871104,39.469935853788051],[-0.33167105940729458,39.469887002574154],[-0.33154531772081186,39.470533936912823],[-0.33122365036972023,39.471855065215649],[-0.33101007125831761,39.472124980382816],[-0.33192606016959086,39.472343894350423],[-0.33307199477285487,39.472560063529443],[-0.33415709619961209,39.472809784321747],[-0.33431701127309638,39.471552238739463]]]},"properties":{"codsecc":"26","coddistsecc":"1126","objectid":2184,"st_area(shape)":56042.192715179997,"coddistrit":"11"}}]}