Index_1,Index_2,ID_1,ID_2,Company_1,Company_2,Type_1,Type_2,Location_1,Location_2,Address_1,Address_2,Distance_m,Address_Similarity,Location_Similarity,Address_Numbers_Available,Same_Address_Number,Same_Company,Same_Type,Should_Cluster,Possible_Duplicate,Pair_Classification,Pair_Rule
2,530,3,531,InPost,Amazon,Locker,Locker,Lockers 24/7 Saba Illa Raval Bar,Amazon Lockers - Busca,"C. de San Rafael, 15","C. de San Rafael, 15",7.7,100.0,38.46,True,True,False,True,True,False,Co-location,distance <= 15m and strong text match
4,527,5,528,InPost,Amazon,Convenience Stores,Convenience Stores,Copywork,Amazon Counter - Tech Plus,"C. de Joaquín Costa, 2","C. de Joaquín Costa, 2",2.83,100.0,18.75,True,True,False,True,True,False,Co-location,distance <= 5m
4,528,5,529,InPost,Amazon,Convenience Stores,Convenience Stores,Copywork,Amazon Counter - Copywork,"C. de Joaquín Costa, 2","C. de Joaquín Costa, 2",2.83,100.0,51.61,True,True,False,True,True,False,Co-location,distance <= 5m
6,1310,7,1311,InPost,Dhl,Convenience Stores,Convenience Stores,Kiosco De Prensa,Estanco 080139,"Rda. de Sant Antoni, 100","Rda. de Sant Antoni, 100",9.51,100.0,26.67,True,True,False,True,True,False,Co-location,distance <= 15m and strong text match
9,952,10,953,InPost,SEUR,Convenience Stores,Convenience Stores,Fiber Sonic,Mobile House,"Carrer del Tigre, 33","Carrer del Tigre, 33",5.48,100.0,34.78,True,True,False,True,True,False,Co-location,distance <= 15m and strong text match
14,2194,15,2195,InPost,Pudo,Locker,Click&Collect,Lockers 24/7 Saba Barceloneta Ba,Saba Barceloneta,"Carrer del Baluard, 27S","Carrer del Baluard, 27",11.55,97.67,66.67,False,False,False,False,True,False,Co-location,distance <= 15m and strong text match
21,1991,22,1992,InPost,UPS,Locker,Convenience Stores,Lockers 24/7 Parking Bamsa Franc,P Taquilla Saba Francesc Cambo,"Av. de Francesc Cambó, 10","Av. de Francesc Cambó, 10",9.85,100.0,35.48,True,True,False,False,True,False,Co-location,distance <= 15m and strong text match
21,967,22,968,InPost,SEUR,Locker,Locker,Lockers 24/7 Parking Bamsa Franc,Seur Lockers Saba Francesc,"Av. de Francesc Cambó, 10","Av. de Francesc Cambó, 10",11.26,100.0,58.62,True,True,False,True,True,False,Co-location,distance <= 15m and strong text match
22,563,23,564,InPost,Amazon,Convenience Stores,Convenience Stores,Envios Radas 25 Sl,Amazon Counter - Central De Envios,"Carrer de Radas, 9","Carrer de Radas, 9",4.47,100.0,24.0,True,True,False,True,True,False,Co-location,distance <= 5m
23,561,24,562,InPost,Amazon,Convenience Stores,Convenience Stores,Mi Casa Plantas,Amazon Counter - Mi Casa Plantas,"Carrer de la Concòrdia, 36","Carrer de la Concòrdia, 36",2.0,100.0,66.67,True,True,False,True,True,False,Co-location,distance <= 5m
30,982,31,983,InPost,SEUR,Locker,Convenience Stores,Lockers Envios Roser,Envã­os Roser,"Carrer del Roser, 12","Carrer del Roser, 12",5.54,100.0,66.67,True,True,False,False,True,False,Co-location,distance <= 15m and strong text match
31,977,32,978,InPost,SEUR,Convenience Stores,Convenience Stores,Haaf Medios Digitales,Haaf Medios Digitales,"Carrer de Piquer, 37","Carrer de Piquer, 37",3.64,100.0,100.0,True,True,False,True,True,False,Co-location,distance <= 5m
44,1999,45,2000,InPost,UPS,Convenience Stores,Convenience Stores,Mail Boxes Etc,Mail Boxes Etc. 0226,"Carrer de Bilbao, 91","Carrer de Bilbao, 91",5.66,100.0,84.85,True,True,False,True,True,False,Co-location,distance <= 15m and strong text match
45,2003,46,2004,InPost,UPS,Convenience Stores,Convenience Stores,La Rotonda Port Olimpic,La Rotonda,"Carrer de la Marina, 16","Carrer de la Marina, 16",6.0,100.0,60.61,True,True,False,True,True,False,Co-location,distance <= 15m and strong text match
47,988,48,989,InPost,SEUR,Convenience Stores,Convenience Stores,Hebell,Hebell,"Cam. Antiguo de Valencia, 89","Cam. Antiguo de Valencia, 89",5.86,100.0,100.0,True,True,False,True,True,False,Co-location,distance <= 15m and strong text match
48,990,49,991,InPost,SEUR,Locker,Locker,Lockers 24/7 Bsm Litoral Port,Seur Lockers Bsm Litoral P,"Av. del Litoral, 34","Av. del Litoral, 34",10.61,100.0,76.36,True,True,False,True,True,False,Co-location,distance <= 15m and strong text match
52,2005,53,2006,InPost,UPS,Convenience Stores,Convenience Stores,Estanco 355 Barcelona,Estanco 355 Bcn,"Carrer de Marià Cubí, 57","Carrer de Marià Cubí, 57",2.83,100.0,83.33,True,True,False,True,True,False,Co-location,distance <= 5m
52,1950,53,1951,InPost,Nacex,Convenience Stores,Convenience Stores,Estanco 355 Barcelona,Estanc Barcelona Nâo 355,"Carrer de Marià Cubí, 57","Carrer de Marià Cubí, 57",10.89,100.0,71.11,True,True,False,True,True,False,Co-location,distance <= 15m and strong text match
55,996,56,997,InPost,SEUR,Locker,Locker,Lockers 24/7 Saba Gala Placidia,Seur Lockers Saba Placidia,"Plaça de Gal·la Placídia, 2","Plaça de Gal·la Placídia, 2",6.83,100.0,73.68,True,True,False,True,True,False,Co-location,distance <= 15m and strong text match
55,2201,56,2202,InPost,Pudo,Locker,Click&Collect,Lockers 24/7 Saba Gala Placidia,Saba Gal-La PlacidãA,"Plaça de Gal·la Placídia, 2","Plaça de Gal·la Placídia, 2",8.89,100.0,65.38,True,True,False,False,True,False,Co-location,distance <= 15m and strong text match
59,1003,60,1004,InPost,SEUR,Locker,Locker,Lockers 24/7 Bamsa Gracia Consel,Seur Lockers Pkn Saba Pass,"Passeig de Gràcia, 33","Passeig de Gràcia, 33",6.32,100.0,44.83,True,True,False,True,True,False,Co-location,distance <= 15m and strong text match
59,2009,60,2010,InPost,UPS,Locker,Convenience Stores,Lockers 24/7 Bamsa Gracia Consel,P Taquilla Pkg Saba Gracia Ii,"Passeig de Gràcia, 33","Passeig de Gràcia, 33",8.11,100.0,42.62,True,True,False,False,True,False,Co-location,distance <= 15m and strong text match
60,2200,61,2201,InPost,Pudo,Locker,Click&Collect,Lockers 24/7 Bamsa Jardinets De,Saba Gracia I - Jardinets,"Jardins de Salvador Espriu, Pg. de Gràcia, s/n","Jardins de Salvador Espriu, Pg. de Gràcia, s/n",5.38,100.0,51.85,False,False,False,False,True,False,Co-location,distance <= 15m and strong text match
61,597,62,598,InPost,Amazon,Locker,Locker,Lockers 24/7 Saba Diputacio Barc,Amazon Lockers - Deverra,"Carrer de la Diputació, s/n","Carrer de la Diputació, s/n",9.52,100.0,33.33,False,False,False,True,True,False,Co-location,distance <= 15m and strong text match
62,1253,63,1254,InPost,SEUR,Locker,Locker,Lockers 24/7 Saba Pau Claris,Seur Lockers Pkn Saba Pau,"C. de Pau Claris, 174","C. de Pau Claris, 174",6.82,100.0,64.15,True,True,False,True,True,False,Co-location,distance <= 15m and strong text match
62,846,63,847,InPost,Amazon,Locker,Locker,Lockers 24/7 Saba Pau Claris,Amazon Lockers - Hathor,"C. de Pau Claris, 174","C. de Pau Claris, 174",13.03,100.0,40.82,True,True,False,True,True,False,Co-location,distance <= 15m and strong text match
65,1572,66,1573,InPost,Ctt Express,Convenience Stores,Convenience Stores,Logo Phones,Logo Phones.,"C. de Pau Claris, 107","C. de Pau Claris, 107",2.0,100.0,100.0,True,True,False,True,True,False,Co-location,distance <= 5m
65,604,66,605,InPost,Amazon,Convenience Stores,Convenience Stores,Logo Phones,Amazon Counter - Logo Phones,"C. de Pau Claris, 107","C. de Pau Claris, 107",4.47,100.0,59.46,True,True,False,True,True,False,Co-location,distance <= 5m
72,609,73,610,InPost,Amazon,Locker,Locker,Lockers 24/7 Saba Urquinaona,Amazon Lockers - Crecente,Pl. d'Urquinaona,Pl. d'Urquinaona,5.22,100.0,39.22,False,False,False,True,True,False,Co-location,distance <= 15m and strong text match
72,1012,73,1013,InPost,SEUR,Locker,Locker,Lockers 24/7 Saba Urquinaona,Seur Lockers Pkn Saba Urqu,Pl. d'Urquinaona,Pl. d'Urquinaona s/n,6.35,88.24,66.67,False,False,False,True,True,False,Co-location,distance <= 15m and strong text match
72,2012,73,2013,InPost,UPS,Locker,Convenience Stores,Lockers 24/7 Saba Urquinaona,P Taquilla Pk Saba Urquinaona,Pl. d'Urquinaona,Pl. d'Urquinaona,7.16,100.0,63.16,False,False,False,False,True,False,Co-location,distance <= 15m and strong text match
76,1920,77,1921,InPost,Nacex,Convenience Stores,Convenience Stores,Decompras365com,Decompras365.Com,"C. de Muntaner, 25","C. de Muntaner, 25",2.0,100.0,96.77,True,True,False,True,True,False,Co-location,distance <= 5m
76,621,77,622,InPost,Amazon,Convenience Stores,Convenience Stores,Decompras365com,Amazon Counter - Decompras365.Com,"C. de Muntaner, 25","C. de Muntaner, 25",2.53,100.0,65.22,True,True,False,True,True,False,Co-location,distance <= 5m
84,2017,85,2018,InPost,UPS,Convenience Stores,Convenience Stores,Valira Gracia,Valira Barcelona,"Carrer d'Astúries, 8","Carrer d'Astúries, 8",4.47,100.0,62.07,True,True,False,True,True,False,Co-location,distance <= 5m
85,2019,86,2020,InPost,UPS,Convenience Stores,Convenience Stores,Globus Amb Gracia,Globus Amb Gracia,"Plaça del Sol, 22","Plaça del Sol, 22",10.8,100.0,100.0,True,True,False,True,True,False,Co-location,distance <= 15m and strong text match
86,627,87,628,InPost,Amazon,Convenience Stores,Convenience Stores,Estanco 20 De Barcelona,Amazon Counter - Estanco Exp. Nâ°20,"Carrer Gran de Gràcia, 219","Carrer Gran de Gràcia, 219",5.44,100.0,36.36,True,True,False,True,True,False,Co-location,distance <= 15m and strong text match
86,1028,87,1029,InPost,SEUR,Convenience Stores,Convenience Stores,Estanco 20 De Barcelona,Estanco Exp. Nâ°20,"Carrer Gran de Gràcia, 219","Carrer Gran de Gràcia, 219",6.41,100.0,50.0,True,True,False,True,True,False,Co-location,distance <= 15m and strong text match
86,1588,87,1589,InPost,Ctt Express,Convenience Stores,Convenience Stores,Estanco 20 De Barcelona,Estanco Exp. Nâ°20,"Carrer Gran de Gràcia, 219","Carrer Gran de Gràcia, 219",9.21,100.0,50.0,True,True,False,True,True,False,Co-location,distance <= 15m and strong text match
88,1125,89,1126,InPost,SEUR,Convenience Stores,Convenience Stores,Laika Pet Shop,Laika,"C. de Muntaner, 235","C. de Muntaner, 235",3.36,100.0,52.63,True,True,False,True,True,False,Co-location,distance <= 5m
91,1034,92,1035,InPost,SEUR,Convenience Stores,Locker,Micro Market Outlet,Seur Lockers Micro Market,"C/ de Padilla, 206","C/ de Padilla, 206",2.77,100.0,54.55,True,True,False,False,True,False,Co-location,distance <= 5m
91,1589,92,1590,InPost,Ctt Express,Convenience Stores,Convenience Stores,Micro Market Outlet,Micro Market Outlet,"C/ de Padilla, 206","C/ de Padilla, 204",8.01,93.75,100.0,True,False,False,True,True,False,Co-location,distance <= 15m and strong text match
95,2023,96,2024,InPost,UPS,Convenience Stores,Convenience Stores,Marina Mobile,Marina Mobils Informatica,"Carrer de la Marina, 185","Carrer de la Marina, 185",7.21,100.0,63.16,True,True,False,True,True,False,Co-location,distance <= 15m and strong text match
101,1040,102,1041,InPost,SEUR,Convenience Stores,Convenience Stores,Namaste Electronica Y Informati,Namaste Electronica,"C. de Riego, 8","C. de Riego, 8",5.97,100.0,76.0,True,True,False,True,True,False,Co-location,distance <= 15m and strong text match
103,1051,104,1052,InPost,SEUR,Locker,Locker,Lockers 24/7 Saba Vilardell Barc,Seur Lockers Saba Vilardel,"C. Vilardell, 20","C. Vilardell, 20",10.19,100.0,72.41,True,True,False,True,True,False,Co-location,distance <= 15m and strong text match
105,1602,106,1603,InPost,Ctt Express,Convenience Stores,Convenience Stores,Call Point Locutorio,Call Point,"C. Vilardell, 22","C. Vilardell, 22",13.67,100.0,66.67,True,True,False,True,True,False,Co-location,distance <= 15m and strong text match
108,1187,109,1188,InPost,SEUR,Convenience Stores,Convenience Stores,Capita Enciam,Capita Enciam,"Carrer de Galileu, 139","Carrer de Galileu, 139",6.52,100.0,100.0,True,True,False,True,True,False,Co-location,distance <= 15m and strong text match
113,1064,114,1065,InPost,SEUR,Convenience Stores,Convenience Stores,Llibreria 2002,Llibreria 2002,"Carrer de Llança, 60","Carrer de Llança, 60",12.37,100.0,100.0,True,True,False,True,True,False,Co-location,distance <= 15m and strong text match
115,138,116,139,InPost,InPost,Convenience Stores,Convenience Stores,Estanc Placa Del Centre,Estanco Placa Del Centre,"Plaça del Centre, 5","Plaça del Centre, 5",13.63,100.0,97.87,True,True,True,True,True,True,Possible duplicate,distance <= 15m and strong text match
117,652,118,653,InPost,Amazon,Convenience Stores,Convenience Stores,Berlin Movil,Amazon Counter - Berlin Mobils,"Carrer de València, 37","Carrer de València, 37",12.82,100.0,55.0,True,True,False,True,True,False,Co-location,distance <= 15m and strong text match
122,1065,123,1066,InPost,SEUR,Locker,Locker,Lockers 24/7 Cc Arenas De Barcel,Seur Lockers C.C. Las Aren,Gran Via de les Corts Catalanes,Gran Via de les Corts Catalanes,4.58,100.0,52.63,False,False,False,True,True,False,Co-location,distance <= 5m
122,2253,123,2254,InPost,Pudo,Locker,Click&Collect,Lockers 24/7 Cc Arenas De Barcel,C.C. Las Arenas,Gran Via de les Corts Catalanes,"Gran Via de les Corts Catalanes, planta Cúpula",6.52,81.58,43.48,False,False,False,False,True,False,Co-location,distance <= 15m and strong text match
124,2035,125,2036,InPost,UPS,Convenience Stores,Convenience Stores,Papeleria Officexpress Bcn,Office Express,"Gran Via de les Corts Catalanes, 464","Gran Via de les Corts Catalanes, 464",8.12,100.0,60.0,True,True,False,True,True,False,Co-location,distance <= 15m and strong text match
125,1060,126,1061,InPost,SEUR,Locker,Locker,Lockers 24/7 Saba Valencia Calab,Seur Lockers Pkn Saba Vale,"Carrer de València, 77","Carrer de València, 77",1.07,100.0,62.07,True,True,False,True,True,False,Co-location,distance <= 5m
125,2032,126,2033,InPost,UPS,Locker,Convenience Stores,Lockers 24/7 Saba Valencia Calab,P Taquilla Pk Saba Valencia,"Carrer de València, 77","Carrer de València, 77",5.06,100.0,54.24,True,True,False,False,True,False,Co-location,distance <= 15m and strong text match
125,651,126,652,InPost,Amazon,Locker,Locker,Lockers 24/7 Saba Valencia Calab,Amazon Lockers - Prometeo,"Carrer de València, 77","Carrer de València, 77",10.82,100.0,32.73,True,True,False,True,True,False,Co-location,distance <= 15m and strong text match
128,1052,129,1053,InPost,SEUR,Convenience Stores,Convenience Stores,Borrel Multiservices,Locutori Borrell Multiser,"Carrer del Comte Borrell, 108","Carrer del Comte Borrell, 108",12.86,100.0,66.67,True,True,False,True,True,False,Co-location,distance <= 15m and strong text match
128,2036,129,2037,InPost,UPS,Convenience Stores,Convenience Stores,Borrel Multiservices,Locutori Borrell Multiserveis,"Carrer del Comte Borrell, 108","Carrer del Comte Borrell, 108",14.43,100.0,73.47,True,True,False,True,True,False,Co-location,distance <= 15m and strong text match
134,1922,135,1923,InPost,Nacex,Convenience Stores,Convenience Stores,Estanc 381,Estanc Barcelona Nâo 381,"Av. de Josep Tarradellas, 92","Av. de Josep Tarradellas, 92",3.23,100.0,58.82,True,True,False,True,True,False,Co-location,distance <= 5m
139,424,140,425,InPost,InPost,Convenience Stores,Convenience Stores,Estanc Expendeduria 33,Estanc Expendeduria 33,"Carrer d'Amadeu Torner, 70","Carrer d'Amadeu Torner, 70",7.41,100.0,100.0,True,True,True,True,True,True,Possible duplicate,distance <= 15m and strong text match
139,1410,140,1411,InPost,Dhl,Convenience Stores,Convenience Stores,Estanc Expendeduria 33,Estanco 33,"Carrer d'Amadeu Torner, 70","Carrer d'Amadeu Torner, 70",12.53,100.0,56.25,True,True,False,True,True,False,Co-location,distance <= 15m and strong text match
140,1075,141,1076,InPost,SEUR,Locker,Locker,Lockers Cc Som Multiespai,Seur Lockers Som Multispai,"Avinguda de Rio de Janeiro, 42","Avinguda de Rio de Janeiro, 42",10.71,100.0,82.35,True,True,False,True,True,False,Co-location,distance <= 15m and strong text match
140,2216,141,2217,InPost,Pudo,Locker,Click&Collect,Lockers Cc Som Multiespai,Som Multiespai Barcelona,"Avinguda de Rio de Janeiro, 42","Avinguda de Rio de Janeiro, 42",14.42,100.0,57.14,True,True,False,False,True,False,Co-location,distance <= 15m and strong text match
143,1074,144,1075,InPost,SEUR,Convenience Stores,Convenience Stores,Radhey Mobils,Radhey Radhey Mobils,"Avinguda de Rio de Janeiro, 5","Avinguda de Rio de Janeiro, 5",9.6,100.0,78.79,True,True,False,True,True,False,Co-location,distance <= 15m and strong text match
145,1617,146,1618,InPost,Ctt Express,Convenience Stores,Convenience Stores,Articles Bamby,Articles Bamby,"Av. Meridiana, 507","Av. Meridiana, 507",3.58,100.0,100.0,True,True,False,True,True,False,Co-location,distance <= 5m
146,662,147,663,InPost,Amazon,Convenience Stores,Convenience Stores,Botiga Digi,Amazon Counter - Botiga Digi,"C/ Joaquim Valls, 39","C/ Joaquim Valls, 39",8.94,100.0,59.46,True,True,False,True,True,False,Co-location,distance <= 15m and strong text match
148,660,149,661,InPost,Amazon,Convenience Stores,Convenience Stores,Md Serveis Nou Barris,Amazon Counter - M&D Servicios Nou Barris,"Carrer de Pablo Iglesias, 10","Carrer de Pablo Iglesias, 10",5.06,100.0,66.67,True,True,False,True,True,False,Co-location,distance <= 15m and strong text match
148,1841,149,1842,InPost,Gls,Convenience Stores,Convenience Stores,Md Serveis Nou Barris,Ps M&D Servicios Nou Barris,"Carrer de Pablo Iglesias, 10","Carrer de Pablo Iglesias, 10",13.07,100.0,83.33,True,True,False,True,True,False,Co-location,distance <= 15m and strong text match
149,663,150,664,InPost,Amazon,Convenience Stores,Convenience Stores,Bienhecho Express,Amazon Counter - Bien Hecho,"Carrer de Pablo Iglesias, 91","Carrer de Pablo Iglesias, 91",2.83,100.0,42.86,True,True,False,True,True,False,Co-location,distance <= 5m
157,1943,158,1944,InPost,Nacex,Convenience Stores,Convenience Stores,Libreria Papeleria Evayol,Papereria Llibreria Evayol,"Pg. de Fabra i Puig, 466","Pg. de Fabra i Puig, 466",14.42,100.0,70.59,True,True,False,True,True,False,Co-location,distance <= 15m and strong text match
159,815,160,816,InPost,Amazon,Locker,Locker,Lockers Dia Cl Cinca,Amazon Lockers - Elefenor,"Carrer del Cinca, 69","Carrer del Cinca, 69",7.37,100.0,46.51,True,True,False,True,True,False,Co-location,distance <= 15m and strong text match
162,818,163,819,InPost,Amazon,Locker,Locker,Lockers 24/7 Parking Bsm Sant An,Amazon Lockers - Gamuza,"Carrer de les Monges, 6","Carrer de les Monges, 6",7.21,100.0,41.51,True,True,False,True,True,False,Co-location,distance <= 15m and strong text match
162,777,163,778,InPost,Amazon,Locker,Locker,Lockers 24/7 Parking Bsm Sant An,Amazon Lockers - Gamuza,"Carrer de les Monges, 6","Carrer de les Monges, 6",10.12,100.0,41.51,True,True,False,True,True,False,Co-location,distance <= 15m and strong text match
166,2091,167,2092,InPost,UPS,Convenience Stores,Convenience Stores,Vapstoresagrera,Vapstore Sagrera,"C. Pardo, 9","C. Pardo, 9, San Andrés de Palomar",4.47,45.0,96.77,True,True,False,True,True,False,Co-location,distance <= 5m
166,787,167,788,InPost,Amazon,Convenience Stores,Convenience Stores,Vapstoresagrera,Amazon Counter - Vapstoresagrera,"C. Pardo, 9","C. Pardo, 9",5.73,100.0,66.67,True,True,False,True,True,False,Co-location,distance <= 15m and strong text match
167,370,168,371,InPost,InPost,Convenience Stores,Convenience Stores,Chiquilandia,Chiquilandia,"Carrer de les Torres, 37","Carrer de les Torres, 37",13.0,100.0,100.0,True,True,True,True,True,True,Possible duplicate,distance <= 15m and strong text match
170,1089,171,1090,InPost,SEUR,Locker,Locker,Lockers 24/7 Bsm Parking C/Badaj,Seur Lockers Bsm Badajoz,"Carrer de Badajoz, 168","Carrer de Badajoz, 168",4.94,100.0,60.71,True,True,False,True,True,False,Co-location,distance <= 5m
174,1677,175,1678,InPost,Ctt Express,Convenience Stores,Convenience Stores,Locutorio El Paisa 12,El Paisa,"Carrer de València, 568","Carrer de València, 568",4.0,100.0,55.17,True,True,False,True,True,False,Co-location,distance <= 5m
174,1168,175,1169,InPost,SEUR,Convenience Stores,Convenience Stores,Locutorio El Paisa 12,El Paisa 12 Bcn,"Carrer de València, 568","Carrer de València, 568",11.63,100.0,61.11,True,True,False,True,True,False,Co-location,distance <= 15m and strong text match
174,2085,175,2086,InPost,UPS,Convenience Stores,Convenience Stores,Locutorio El Paisa 12,Full-Locutorio El Paisa 12,"Carrer de València, 568","Carrer de València, 568",14.43,100.0,89.36,True,True,False,True,True,False,Co-location,distance <= 15m and strong text match
184,2251,185,2252,InPost,Pudo,Convenience Stores,Click&Collect,Electronuki,Electro Nuki,"Carrer de Cristóbal de Moura, 209","Carrer de Cristóbal de Moura, 209",3.8,100.0,95.65,True,True,False,False,True,False,Co-location,distance <= 5m
184,1097,185,1098,InPost,SEUR,Convenience Stores,Locker,Electronuki,Seur Lockers Electro Nuki,"Carrer de Cristóbal de Moura, 209","Carrer de Cristóbal de Moura, 209",14.36,100.0,61.11,True,True,False,False,True,False,Co-location,distance <= 15m and strong text match
185,1631,186,1632,InPost,Ctt Express,Convenience Stores,Convenience Stores,Alimentacion Limda,Alimentacion Linda,"Carrer de Pujades, 406","Carrer de Pujades, 406",5.37,100.0,94.44,True,True,False,True,True,False,Co-location,distance <= 15m and strong text match
186,1632,187,1633,InPost,Ctt Express,Convenience Stores,Convenience Stores,Ali Alimentacion,Basar Bhatti,"Carrer de la Selva de Mar, 34","Carrer de la Selva de Mar, 34",5.66,100.0,14.29,True,True,False,True,True,False,Co-location,distance <= 15m and strong text match
186,1102,187,1103,InPost,SEUR,Convenience Stores,Convenience Stores,Ali Alimentacion,Petit Bhatti Bazar,"Carrer de la Selva de Mar, 34","Carrer de la Selva de Mar, 34",5.78,100.0,29.41,True,True,False,True,True,False,Co-location,distance <= 15m and strong text match
188,1933,189,1934,InPost,Nacex,Convenience Stores,Convenience Stores,Best Digital Zone,Best Digital Zone,"C/ de Alfonso el Magnánimo, 6","C/ de Alfonso el Magnánimo, 6",8.63,100.0,100.0,True,True,False,True,True,False,Co-location,distance <= 15m and strong text match
191,1098,192,1099,InPost,SEUR,Locker,Locker,Lockers 24/7 Galp Pujades,Seur Lockers Galp Pujades,"Carrer de Bac de Roda, 66","Carrer de Bac de Roda, 66",3.73,100.0,80.0,True,True,False,True,True,False,Co-location,distance <= 5m
191,2047,192,2048,InPost,UPS,Locker,Convenience Stores,Lockers 24/7 Galp Pujades,P Taquilla Galp Pujades,"Carrer de Bac de Roda, 66","Carrer de Bac de Roda, 66",9.88,100.0,58.33,True,True,False,False,True,False,Co-location,distance <= 15m and strong text match
193,2212,194,2213,InPost,Pudo,Locker,Click&Collect,Lockers Europhil Envio De Dinero,Grover Rojas De La Cruz,"Carrer de Josep Miret, 8","Carrer de Josep Miret, 8",10.0,100.0,40.0,True,True,False,False,True,False,Co-location,distance <= 15m and strong text match
194,1267,195,1268,InPost,SEUR,Locker,Locker,Lockers 24/7 Bsm Forum,Seur Locker Bsm Placa For,"Av. de Eduard Maristany, 4","Av. de Eduard Maristany, 4",2.63,100.0,59.57,True,True,False,True,True,False,Co-location,distance <= 5m
200,749,201,750,InPost,Amazon,Locker,Locker,Lockers Estanco N36 Barcelona,Amazon Lockers - Almendral,"Carrer de los Castillejos, 320","Carrer de los Castillejos, 320",11.67,100.0,41.51,True,True,False,True,True,False,Co-location,distance <= 15m and strong text match
208,696,209,697,InPost,Amazon,Locker,Convenience Stores,Lockers Lavanderia Open Blue Tre,Amazon Counter - Coaliment Surpermercat,"Carrer del Treball, 205","Carrer del Treball, 205",7.21,100.0,26.09,True,True,False,False,True,False,Co-location,distance <= 15m and strong text match
211,708,212,709,InPost,Amazon,Convenience Stores,Convenience Stores,Estanco 210 Barcelona,Seur - Estanco 210,"Gran Via de les Corts Catalanes, 1076","Gran Via de les Corts Catalanes, 1076",2.68,100.0,59.46,True,True,False,True,True,False,Co-location,distance <= 5m
211,1113,212,1114,InPost,SEUR,Convenience Stores,Convenience Stores,Estanco 210 Barcelona,Estanco 210,"Gran Via de les Corts Catalanes, 1076","Gran Via de les Corts Catalanes, 1076",4.57,100.0,68.75,True,True,False,True,True,False,Co-location,distance <= 5m
213,1119,214,1120,InPost,SEUR,Convenience Stores,Convenience Stores,Vivebio,Vivebio,"Carrer dels Madrazo, 102","Carrer dels Madrazo, 102",7.26,100.0,100.0,True,True,False,True,True,False,Co-location,distance <= 15m and strong text match
214,1126,215,1127,InPost,SEUR,Locker,Locker,Lockers 24/7 Saba Pau Casals Tur,Seur Lockers Saba Pau Casa,"Av. de Pau Casals, Sarrià-Sant Gervasi","Av. de Pau Casals, Sarrià-Sant Gervasi",13.08,100.0,72.41,False,False,False,True,True,False,Co-location,distance <= 15m and strong text match
216,1644,217,1645,InPost,Ctt Express,Convenience Stores,Convenience Stores,El Teu Mobil,El Teu Mobil,"Carrer de Santaló, 14 y 20","Carrer de Santaló, 14",6.51,88.89,100.0,True,True,False,True,True,False,Co-location,distance <= 15m and strong text match
221,724,222,725,InPost,Amazon,Convenience Stores,Convenience Stores,M Mobil Bcn,Amazon Counter - M Mobile.,"C. de Muntaner, 558","C. de Muntaner, 558",8.0,100.0,41.18,True,True,False,True,True,False,Co-location,distance <= 15m and strong text match
221,1648,222,1649,InPost,Ctt Express,Convenience Stores,Convenience Stores,M Mobil Bcn,M Mobile,"C. de Muntaner, 558","C. de Muntaner, 558",11.77,100.0,73.68,True,True,False,True,True,False,Co-location,distance <= 15m and strong text match
227,1137,228,1138,InPost,SEUR,Locker,Locker,Lockers 24/7 Bsm Parking Travess,Seur Lockers Bsm Travesser,"C/ de Travessera de Dalt, 51","C/ de Travessera de Dalt, 51",2.89,100.0,65.52,True,True,False,True,True,False,Co-location,distance <= 5m
232,260,233,261,InPost,InPost,Locker,Locker,Lockers 24/7 Bolton Ronda Del Gu,Lockers 24/7 Bolton Ronda Del Guinardo,"Ronda del Guinardó, 38","Ronda del Guinardó, 38",10.77,100.0,91.43,True,True,True,True,True,True,Possible duplicate,distance <= 15m and strong text match
239,1656,240,1657,InPost,Ctt Express,Convenience Stores,Convenience Stores,Mf Solution,Mobile Expert,"Av. de Vallcarca, 46","Av. de Vallcarca, 46",5.73,100.0,25.0,True,True,False,True,True,False,Co-location,distance <= 15m and strong text match
239,1136,240,1137,InPost,SEUR,Convenience Stores,Convenience Stores,Mf Solution,Mobile Expert,"Av. de Vallcarca, 46","Av. de Vallcarca, 46",10.23,100.0,25.0,True,True,False,True,True,False,Co-location,distance <= 15m and strong text match
239,380,240,381,InPost,InPost,Convenience Stores,Convenience Stores,Mf Solution,Mf Solution,"Av. de Vallcarca, 46","Av. de Vallcarca, 46",11.28,100.0,100.0,True,True,True,True,True,True,Possible duplicate,distance <= 15m and strong text match
241,2078,242,2079,InPost,UPS,Convenience Stores,Convenience Stores,Estanco 421,Estanco 421,"Travessera de Gràcia, 337","Travessera de Gràcia, 337",4.0,100.0,100.0,True,True,False,True,True,False,Co-location,distance <= 5m
241,243,242,244,InPost,InPost,Convenience Stores,Convenience Stores,Estanco 421,Art I Paper Copisteria,"Travessera de Gràcia, 337","Travessera de Gràcia, 337",14.76,100.0,24.24,True,True,True,True,True,True,Possible duplicate,distance <= 15m and strong text match
243,2078,244,2079,InPost,UPS,Convenience Stores,Convenience Stores,Art I Paper Copisteria,Estanco 421,"Travessera de Gràcia, 337","Travessera de Gràcia, 337",10.89,100.0,18.18,True,True,False,True,True,False,Co-location,distance <= 15m and strong text match
247,750,248,751,InPost,Amazon,Convenience Stores,Convenience Stores,Perfumeria Drogueria Entorn,Amazon Counter - Drogueria Y Perfumeria Entorn,"C/ de Padilla, 315","C/ de Padilla, 315",12.0,100.0,47.89,True,True,False,True,True,False,Co-location,distance <= 15m and strong text match
250,1161,251,1162,InPost,SEUR,Locker,Locker,Lockers 24/7 Bsm Avinguda Gaudi,Seur Lockers Bsm Av Gaudi,"Carrer de los Castillejos, 328","Carrer de los Castillejos, 328",8.56,100.0,71.43,True,True,False,True,True,False,Co-location,distance <= 15m and strong text match
251,1664,252,1665,InPost,Ctt Express,Convenience Stores,Convenience Stores,Doctor Of Mobiles,Doctor Of Mobiles.,"Carrer de Roger de Flor, 322","Carrer de Roger de Flor, 322",12.65,100.0,100.0,True,True,False,True,True,False,Co-location,distance <= 15m and strong text match
252,731,253,732,InPost,Amazon,Convenience Stores,Convenience Stores,Sherrys Mobil Casa,Amazon Counter - Sherrys Mobil Casa,"Ronda del General Mitre, 179","Ronda del General Mitre, 179",9.64,100.0,70.59,True,True,False,True,True,False,Co-location,distance <= 15m and strong text match
253,378,254,379,InPost,InPost,Convenience Stores,Convenience Stores,Pro Cycling Faricle,Pro Cycling Faricle,"Av. de la República Argentina, 168","Av. de la República Argentina, 168",6.64,100.0,100.0,True,True,True,True,True,True,Possible duplicate,distance <= 15m and strong text match
256,2131,257,2132,InPost,UPS,Convenience Stores,Convenience Stores,Ict Smart Bcn,Ict Smart Provenca,"C. de Provença, 343","C. de Provença, 343",0.89,100.0,70.97,True,True,False,True,True,False,Co-location,distance <= 5m
258,381,259,382,InPost,InPost,Convenience Stores,Convenience Stores,Alimentacion Bertran,Alimentacion Bertran,"Carrer de Bertran, 109","Carrer de Bertran, 109",1.03,100.0,100.0,True,True,True,True,True,True,Possible duplicate,distance <= 5m
258,1369,259,1370,InPost,Dhl,Convenience Stores,Convenience Stores,Alimentacion Bertran,Supermercado Bertran Barcelona,"Carrer de Bertran, 109","Carrer de Bertran, 109",8.94,100.0,48.0,True,True,False,True,True,False,Co-location,distance <= 15m and strong text match
258,2063,259,2064,InPost,UPS,Convenience Stores,Convenience Stores,Alimentacion Bertran,Alimentacio Bertran 109,"Carrer de Bertran, 109","Carrer de Bertran, 109",10.77,100.0,88.37,True,True,False,True,True,False,Co-location,distance <= 15m and strong text match
266,678,267,679,InPost,Amazon,Convenience Stores,Locker,Quiosc Sara,Amazon Lockers - Amoros,"Carrer de Mallorca, 595","Carrer de Mallorca, 595",2.53,100.0,12.5,True,True,False,False,True,False,Co-location,distance <= 5m
266,2086,267,2087,InPost,UPS,Convenience Stores,Convenience Stores,Quiosc Sara,Kiosco Sara,"Carrer de Mallorca, 595","Carrer de Mallorca, 595",5.37,100.0,81.82,True,True,False,True,True,False,Co-location,distance <= 15m and strong text match
267,1169,268,1170,InPost,SEUR,Convenience Stores,Convenience Stores,Ferreteria Entretuercas,Ferreteria Entretuercas,"Carrer de Còrsega, 659","Carrer de Còrsega, 659",10.79,100.0,100.0,True,True,False,True,True,False,Co-location,distance <= 15m and strong text match
271,1675,272,1676,InPost,Ctt Express,Convenience Stores,Convenience Stores,Minyetti Envios,Minyetti Envios.,"Carrer de València, 669","Carrer de València, 669",3.22,100.0,100.0,True,True,False,True,True,False,Co-location,distance <= 5m
271,684,272,685,InPost,Amazon,Convenience Stores,Convenience Stores,Minyetti Envios,Amazon Counter - Minyetti Envios.,"Carrer de València, 669","Carrer de València, 669",3.23,100.0,66.67,True,True,False,True,True,False,Co-location,distance <= 5m
271,2087,272,2088,InPost,UPS,Convenience Stores,Convenience Stores,Minyetti Envios,Minyetti Envios,"Carrer de València, 669","Carrer de València, 669",13.63,100.0,100.0,True,True,False,True,True,False,Co-location,distance <= 15m and strong text match
272,1669,273,1670,InPost,Ctt Express,Convenience Stores,Convenience Stores,Kiosco Hilario Mendivil,Quiosco,"Carrer de Biscaia, 370","Carrer de Biscaia, 370",9.63,100.0,33.33,True,True,False,True,True,False,Co-location,distance <= 15m and strong text match
274,1676,275,1677,InPost,Ctt Express,Convenience Stores,Convenience Stores,Iberoenvios Barcelona,Iberoenvios P,"Carrer de la Indústria, 284","Carrer de la Indústria, 284",3.69,100.0,70.59,True,True,False,True,True,False,Co-location,distance <= 5m
277,1171,278,1172,InPost,SEUR,Convenience Stores,Convenience Stores,Kiosko Alberto,Kiosko Alberto,"Av. Meridiana, 282","Av. Meridiana, 282",3.87,100.0,100.0,True,True,False,True,True,False,Co-location,distance <= 5m
277,2092,278,2093,InPost,UPS,Convenience Stores,Convenience Stores,Kiosko Alberto,Quiosc Alberto,"Av. Meridiana, 282","Av. Meridiana, 282",5.44,100.0,78.57,True,True,False,True,True,False,Co-location,distance <= 15m and strong text match
284,2095,285,2096,InPost,UPS,Convenience Stores,Convenience Stores,Alyan Locutorio,Alyan Locutorio,"Carrer del Regent Mendieta, 8",Carrer Del Regent Mendieta 6-8,8.68,96.55,100.0,True,True,False,True,True,False,Co-location,distance <= 15m and strong text match
287,1186,288,1187,InPost,SEUR,Locker,Locker,Lockers 24/7 Saba Carles Iii,Seur Lockers Pkn Saba Carl,"Gran Vía de Carlos III, 85","Gran Vía de Carlos III, 85",6.31,100.0,66.67,True,True,False,True,True,False,Co-location,distance <= 15m and strong text match
287,2172,288,2173,InPost,Pudo,Locker,Click&Collect,Lockers 24/7 Saba Carles Iii,Parking Saba Carles Iii,"Gran Vía de Carlos III, 85","Gran Vía de Carlos III, 85",9.13,100.0,66.67,True,True,False,False,True,False,Co-location,distance <= 15m and strong text match
291,2105,292,2106,InPost,UPS,Locker,Convenience Stores,Lockers 24/7 Parking Saba Tarrad,P Taquilla Saba Tarradellas 1,"Av. de Josep Tarradellas, 139","Av. de Josep Tarradellas, 139",5.37,100.0,45.9,True,True,False,False,True,False,Co-location,distance <= 15m and strong text match
291,803,292,804,InPost,Amazon,Locker,Locker,Lockers 24/7 Parking Saba Tarrad,Amazon Lockers - Helsinki,"Av. de Josep Tarradellas, 139","Av. de Josep Tarradellas, 139",5.66,100.0,36.36,True,True,False,True,True,False,Co-location,distance <= 15m and strong text match
294,805,295,806,InPost,Amazon,Convenience Stores,Convenience Stores,Oro Mobile,Amazon Counter - Oro Mobils,"Av. de Josep Tarradellas, 48","Av. de Josep Tarradellas, 48",6.99,100.0,51.43,True,True,False,True,True,False,Co-location,distance <= 15m and strong text match
294,798,295,799,InPost,Amazon,Convenience Stores,Convenience Stores,Oro Mobile,Seur - Oro Mobils,"Av. de Josep Tarradellas, 48","Av. de Josep Tarradellas, 48",7.38,100.0,72.0,True,True,False,True,True,False,Co-location,distance <= 15m and strong text match
294,1192,295,1193,InPost,SEUR,Convenience Stores,Convenience Stores,Oro Mobile,Oro Mobils,"Av. de Josep Tarradellas, 48","Av. de Josep Tarradellas, 48",9.68,100.0,90.0,True,True,False,True,True,False,Co-location,distance <= 15m and strong text match
300,804,301,805,InPost,Amazon,Convenience Stores,Convenience Stores,Tintoreria Infanta,Amazon Counter - Tintoreria Infanta,"Carrer d'Entença, 208","Carrer d'Entença, 208",6.45,100.0,70.59,True,True,False,True,True,False,Co-location,distance <= 15m and strong text match
305,2107,306,2108,InPost,UPS,Locker,Convenience Stores,Lockers 24/7 Parking Indigo Car,P Taquilla Indigo Car Berllin,"Carrer de Numància, 33","Carrer de Numància, 33",10.89,100.0,43.33,True,True,False,False,True,False,Co-location,distance <= 15m and strong text match
314,812,315,813,InPost,Amazon,Locker,Locker,Lockers Cc W La Maquinista,Amazon Lockers - Ramon,"Pont del Potosí, 2","Pont del Potosí, 2",7.21,100.0,47.83,True,True,False,True,True,False,Co-location,distance <= 15m and strong text match
315,2111,316,2112,InPost,UPS,Convenience Stores,Convenience Stores,Papeleria Y Fotocopias Bertran,Germans Bertran,"Carrer de l'Estadella, 72","Carrer de l'Estadella, 72",10.43,100.0,53.33,True,True,False,True,True,False,Co-location,distance <= 15m and strong text match
316,1699,317,1700,InPost,Ctt Express,Convenience Stores,Convenience Stores,Estanc Bcn 340,Estanco Barcelona 340,"Rambla de l'Onze de Setembre, 66, 74","Rambla de l'Onze de Setembre, 66",7.21,95.38,80.0,True,True,False,True,True,False,Co-location,distance <= 15m and strong text match
323,1220,324,1221,InPost,SEUR,Convenience Stores,Convenience Stores,Imprimax Pitagores,Imprimax,"Carrer de Pitàgores, 1","Carrer de Pitàgores, 1",2.0,100.0,61.54,True,True,False,True,True,False,Co-location,distance <= 5m
325,1500,326,1501,InPost,Celeritas,Convenience Stores,Convenience Stores,Tintea Plaza Ibiza,Areavape Horta,"Plaça d'Eivissa, 21","Plaça d'Eivissa, 21",4.47,100.0,25.0,True,True,False,True,True,False,Co-location,distance <= 5m
325,1214,326,1215,InPost,SEUR,Convenience Stores,Convenience Stores,Tintea Plaza Ibiza,Areavape Horta,"Plaça d'Eivissa, 21","Plaça d'Eivissa, 21",7.53,100.0,25.0,True,True,False,True,True,False,Co-location,distance <= 15m and strong text match
327,1935,328,1936,InPost,Nacex,Convenience Stores,Convenience Stores,Jm Telecomunications Tu,Jm Telecomunicacions Tv Integrals,"Av. de la Mare de Déu de Montserrat, 254","Av. de la Mare de Déu de Montserrat, 254",9.73,100.0,75.0,True,True,False,True,True,False,Co-location,distance <= 15m and strong text match
335,2121,336,2122,InPost,UPS,Convenience Stores,Convenience Stores,Paraiso Movil,Full-Paraiso Movil,"Passeig de la Mare de Déu del Coll, 160","Passeig de la Mare de Déu del Coll, 160",4.61,100.0,83.87,True,True,False,True,True,False,Co-location,distance <= 5m
338,1234,339,1235,InPost,SEUR,Convenience Stores,Convenience Stores,Paper Groc,Paper Groc,"C. del Sagrado Corazón, 19","C. del Sagrado Corazón, 19",6.09,100.0,100.0,True,True,False,True,True,False,Co-location,distance <= 15m and strong text match
338,835,339,836,InPost,Amazon,Convenience Stores,Convenience Stores,Paper Groc,Seur - Paper Groc,"C. del Sagrado Corazón, 19","C. del Sagrado Corazón, 19",8.0,100.0,80.0,True,True,False,True,True,False,Co-location,distance <= 15m and strong text match
343,1233,344,1234,InPost,SEUR,Locker,Locker,Lockers 24/7 Saba Clinica Cima,Seur Lockers Saba Clinic,"Passeig de Manuel Girona, 29-30","Passeig de Manuel Girona, 29",14.34,94.74,70.37,True,True,False,True,True,False,Co-location,distance <= 15m and strong text match
347,428,348,429,InPost,InPost,Convenience Stores,Convenience Stores,Western Union Lh,Western Union Lh,"C/ del Progreso, 49","C/ del Progreso, 49",2.28,100.0,100.0,True,True,True,True,True,True,Possible duplicate,distance <= 5m
347,1972,348,1973,InPost,Nacex,Convenience Stores,Convenience Stores,Western Union Lh,Super Transfer Bcn S.L. (0841-36),"C/ del Progreso, 49","C/ del Progreso, 49",7.0,100.0,30.43,True,True,False,True,True,False,Co-location,distance <= 15m and strong text match
348,429,349,430,InPost,InPost,Locker,Locker,Lockers Universal Service,Locker Universal Service,"C/ Llobregat, 17","C/ Llobregat, 17",8.68,100.0,97.96,True,True,True,True,True,True,Possible duplicate,distance <= 15m and strong text match
348,1795,349,1796,InPost,Ctt Express,Locker,Convenience Stores,Lockers Universal Service,Universal Service,"C/ Llobregat, 17","C/ Llobregat, 17",12.08,100.0,80.95,True,True,False,False,True,False,Co-location,distance <= 15m and strong text match
351,353,352,354,InPost,InPost,Convenience Stores,Convenience Stores,Jessi K Afe,Drogueria Feli,"C/ de los Altos Hornos, 74 bis","C/ de los Altos Hornos, 74",6.88,92.31,40.0,True,True,True,True,True,True,Possible duplicate,distance <= 15m and strong text match
356,2137,357,2138,InPost,UPS,Convenience Stores,Convenience Stores,El Paisa 93,Full-Locutorio El Paisa 16,"Carrer de la Mare de Déu de Port, 385","Carrer de la Mare de Déu de Port, 385",6.27,100.0,48.65,True,True,False,True,True,False,Co-location,distance <= 15m and strong text match
357,2138,358,2139,InPost,UPS,Locker,Convenience Stores,Lockers 24/7 Galp Barcelona Zfra,P Taquilla Galp Z Franca Cerda,"Pg. de la Zona Franca, 221","Pg. de la Zona Franca, 221",6.99,100.0,35.48,True,True,False,False,True,False,Co-location,distance <= 15m and strong text match
362,2144,363,2145,InPost,UPS,Locker,Locker,Locker 24/7 Vilacarburants Ceps,P Taquilla Cepsa Forum,"Avda. Ramon Llull Esq, Carrer d'Eduard Maristany","Avda. Ramon Llull Esq, Carrer d'Eduard Maristany",4.74,100.0,33.96,False,False,False,True,True,False,Co-location,distance <= 5m
364,1229,365,1230,InPost,SEUR,Convenience Stores,Convenience Stores,Bazar Ferreteria Saith,Bazar Saith,"Carrer de Finestrelles, 52","Carrer de Finestrelles, 52",5.23,100.0,66.67,True,True,False,True,True,False,Co-location,distance <= 15m and strong text match
364,1741,365,1742,InPost,Ctt Express,Convenience Stores,Convenience Stores,Bazar Ferreteria Saith,Bazar Saith Ferretería,"Carrer de Finestrelles, 52","Carrer de Finestrelles, 52",5.24,100.0,72.73,True,True,False,True,True,False,Co-location,distance <= 15m and strong text match
364,852,365,853,InPost,Amazon,Convenience Stores,Convenience Stores,Bazar Ferreteria Saith,Amazon Counter - Bazar Saith - Ferretería,"Carrer de Finestrelles, 52","Carrer de Finestrelles, 52",5.86,100.0,54.24,True,True,False,True,True,False,Co-location,distance <= 15m and strong text match
364,853,365,854,InPost,Amazon,Convenience Stores,Convenience Stores,Bazar Ferreteria Saith,Seur - Bazar Saith,"Carrer de Finestrelles, 52","Carrer de Finestrelles, 52",5.86,100.0,57.89,True,True,False,True,True,False,Co-location,distance <= 15m and strong text match
364,2145,365,2146,InPost,UPS,Convenience Stores,Convenience Stores,Bazar Ferreteria Saith,Basar Saith Ferreteria,"Carrer de Finestrelles, 52","Carrer de Finestrelles, 52",6.43,100.0,68.18,True,True,False,True,True,False,Co-location,distance <= 15m and strong text match
364,1966,365,1967,InPost,Nacex,Convenience Stores,Convenience Stores,Bazar Ferreteria Saith,Bazar Ferreteria Saith (0821-27),"Carrer de Finestrelles, 52","Carrer de Finestrelles, 52",7.29,100.0,84.62,True,True,False,True,True,False,Co-location,distance <= 15m and strong text match
366,1231,367,1232,InPost,SEUR,Convenience Stores,Convenience Stores,Trady Coaliment,Traddy Coaliment,"Torrent de Tapioles, 25","Torrent de Tapioles, 25",1.76,100.0,96.77,True,True,False,True,True,False,Co-location,distance <= 5m
368,1228,369,1229,InPost,SEUR,Locker,Convenience Stores,Locker Dia Av Dels Rasos De Peg,Gs Envios Avenida Rasos,"Av. dels Rasos de Peguera, 17","Av. dels Rasos de Peguera, 11",3.74,96.3,40.74,True,False,False,False,True,False,Co-location,distance <= 5m
369,1740,370,1741,InPost,Ctt Express,Convenience Stores,Convenience Stores,Papeleria Paquita,Papeleria Paquita,"Av. dels Rasos de Peguera, 70","Av. dels Rasos de Peguera, 70",8.35,100.0,100.0,True,True,False,True,True,False,Co-location,distance <= 15m and strong text match
369,1404,370,1405,InPost,Dhl,Convenience Stores,Convenience Stores,Papeleria Paquita,Papeleria Paquita,"Av. dels Rasos de Peguera, 70","Av. dels Rasos de Peguera, 70",8.74,100.0,100.0,True,True,False,True,True,False,Co-location,distance <= 15m and strong text match
369,1868,370,1869,InPost,Gls,Convenience Stores,Convenience Stores,Papeleria Paquita,Ps Papeleria Paquita,"Av. dels Rasos de Peguera, 70","Av. dels Rasos de Peguera, 70",8.99,100.0,91.89,True,True,False,True,True,False,Co-location,distance <= 15m and strong text match
369,1967,370,1968,InPost,Nacex,Convenience Stores,Convenience Stores,Papeleria Paquita,Papereria Paquita (0821-17),"Av. dels Rasos de Peguera, 70","Av. dels Rasos de Peguera, 70",9.46,100.0,76.19,True,True,False,True,True,False,Co-location,distance <= 15m and strong text match
369,2147,370,2148,InPost,UPS,Convenience Stores,Convenience Stores,Papeleria Paquita,Papeleria Paquita,"Av. dels Rasos de Peguera, 70","Av. dels Rasos de Peguera, 70",11.81,100.0,100.0,True,True,False,True,True,False,Co-location,distance <= 15m and strong text match
369,1747,370,1748,InPost,Ctt Express,Convenience Stores,Convenience Stores,Papeleria Paquita,Papeleria Paquita,"Av. dels Rasos de Peguera, 70","Av. dels Rasos de Peguera, 70",11.83,100.0,100.0,True,True,False,True,True,False,Co-location,distance <= 15m and strong text match
369,1511,370,1512,InPost,Celeritas,Convenience Stores,Convenience Stores,Papeleria Paquita,Papeleria Paquita,"Av. dels Rasos de Peguera, 70","Av. dels Rasos de Peguera, 70",13.62,100.0,100.0,True,True,False,True,True,False,Co-location,distance <= 15m and strong text match
375,1240,376,1241,InPost,SEUR,Convenience Stores,Convenience Stores,Ferreteria Fecra,Ferreteria Fecra,"Carrer d'Arenys, 32","Carrer d'Arenys, 32",9.74,100.0,100.0,True,True,False,True,True,False,Co-location,distance <= 15m and strong text match
377,732,378,733,InPost,Amazon,Locker,Locker,Locker 24/7 Galp Valle Hebron,Amazon Lockers - Valentina,PASSEIG DE LA VALL D'HEBRON 72,"Carrer de la Vall d'Hebron, 72-74",11.84,80.65,45.28,True,True,False,True,True,False,Co-location,distance <= 15m and strong text match
379,1655,380,1656,InPost,Ctt Express,Convenience Stores,Convenience Stores,Ocean Cargo,Ocean Cargo,"Carrer de Bolívar, 33","Carrer de Bolívar, 33",6.58,100.0,100.0,True,True,False,True,True,False,Co-location,distance <= 15m and strong text match
380,1136,381,1137,InPost,SEUR,Convenience Stores,Convenience Stores,Mf Solution,Mobile Expert,"Av. de Vallcarca, 46","Av. de Vallcarca, 46",1.13,100.0,25.0,True,True,False,True,True,False,Co-location,distance <= 5m
380,1656,381,1657,InPost,Ctt Express,Convenience Stores,Convenience Stores,Mf Solution,Mobile Expert,"Av. de Vallcarca, 46","Av. de Vallcarca, 46",7.52,100.0,25.0,True,True,False,True,True,False,Co-location,distance <= 15m and strong text match
381,1369,382,1370,InPost,Dhl,Convenience Stores,Convenience Stores,Alimentacion Bertran,Supermercado Bertran Barcelona,"Carrer de Bertran, 109","Carrer de Bertran, 109",9.07,100.0,48.0,True,True,False,True,True,False,Co-location,distance <= 15m and strong text match
381,2063,382,2064,InPost,UPS,Convenience Stores,Convenience Stores,Alimentacion Bertran,Alimentacio Bertran 109,"Carrer de Bertran, 109","Carrer de Bertran, 109",11.09,100.0,88.37,True,True,False,True,True,False,Co-location,distance <= 15m and strong text match
384,1818,385,1819,InPost,Ctt Express,Convenience Stores,Convenience Stores,Donde Wendy,Donde Wendy Multiservicios,"Rambla de la Marina, 368","Rambla de la Marina, 368",1.99,100.0,59.46,True,True,False,True,True,False,Co-location,distance <= 5m
384,1305,385,1306,InPost,SEUR,Convenience Stores,Convenience Stores,Donde Wendy,Donde Wendy Multiservicio,"Rambla de la Marina, 368","Rambla de la Marina, 368",5.48,100.0,61.11,True,True,False,True,True,False,Co-location,distance <= 15m and strong text match
392,1982,393,1983,InPost,Nacex,Convenience Stores,Convenience Stores,Con Chuches Y A Lo Loco 2,Con Chuches Y A Lo Loco (0841-40),"Carrer d'Enric Prat de la Riba, 290","Carrer d'Enric Prat de la Riba, 290",7.01,100.0,85.71,True,True,False,True,True,False,Co-location,distance <= 15m and strong text match
393,873,394,874,InPost,Amazon,Convenience Stores,Convenience Stores,Estanc Rambla,Seur - Tabacs Estanc Rambla,"Rambla Just Oliveras, 67","Rambla Just Oliveras, 67",14.49,100.0,68.42,True,True,False,True,True,False,Co-location,distance <= 15m and strong text match
395,866,396,867,InPost,Amazon,Convenience Stores,Convenience Stores,Re Emocio Art,Seur - Re Emocio Art,"Carrer de Barcelona, 116","Carrer de Barcelona, 116",4.47,100.0,83.87,True,True,False,True,True,False,Co-location,distance <= 5m
395,1275,396,1276,InPost,SEUR,Convenience Stores,Convenience Stores,Re Emocio Art,Re Emocio Art,"Carrer de Barcelona, 116","Carrer de Barcelona, 116",8.39,100.0,100.0,True,True,False,True,True,False,Co-location,distance <= 15m and strong text match
400,2164,401,2165,InPost,UPS,Convenience Stores,Locker,Tecno Saki,P Taquilla Tecno Saki,"Carrer dels Cedres, 26","Carrer dels Cedres, 26",3.58,100.0,64.52,True,True,False,False,True,False,Co-location,distance <= 5m
400,2262,401,2263,InPost,Pudo,Convenience Stores,Click&Collect,Tecno Saki,Tecno Saki,"Carrer dels Cedres, 26","Carrer dels Cedres, 26",4.91,100.0,100.0,True,True,False,False,True,False,Co-location,distance <= 5m
401,931,402,932,InPost,Amazon,Locker,Convenience Stores,Locker Locutorio Multiservice E,Amazon Counter - Multiservice.,"C. Marcelino Esquius, 29","C. Marcelino Esquius, 29",9.7,100.0,58.62,True,True,False,False,True,False,Co-location,distance <= 15m and strong text match
403,2161,404,2162,InPost,UPS,Convenience Stores,Convenience Stores,La Esperanza,Agencia De Envio La Esperanza,"Carrer Sant Ramon, 1","Carrer Sant Ramon, 1",11.07,100.0,58.54,True,True,False,True,True,False,Co-location,distance <= 15m and strong text match
405,1415,406,1416,InPost,Dhl,Convenience Stores,Convenience Stores,Con Tigo Envios 2,Con Tigo Envios 2,"Carrer Bòbiles, 38","Carrer Bòbiles, 38",5.66,100.0,100.0,True,True,False,True,True,False,Co-location,distance <= 15m and strong text match
405,1801,406,1802,InPost,Ctt Express,Convenience Stores,Convenience Stores,Con Tigo Envios 2,Con Tigo Envios 2,"Carrer Bòbiles, 38","Carrer Bòbiles, 38",6.51,100.0,100.0,True,True,False,True,True,False,Co-location,distance <= 15m and strong text match
409,2030,410,2031,InPost,UPS,Convenience Stores,Convenience Stores,Western Union,Western Union Bcc Lixbel,"Rambla de Badal, 37","Rambla de Badal, 37",11.32,100.0,70.27,True,True,False,True,True,False,Co-location,distance <= 15m and strong text match
410,1595,411,1596,InPost,Ctt Express,Convenience Stores,Convenience Stores,Ranbeer Supermercat,Ranbeer Supermercat.,"Carrer de la Riera Blanca, 213","Carrer de la Riera Blanca, 213",2.25,100.0,100.0,True,True,False,True,True,False,Co-location,distance <= 5m
424,1410,425,1411,InPost,Dhl,Convenience Stores,Convenience Stores,Estanc Expendeduria 33,Estanco 33,"Carrer d'Amadeu Torner, 70","Carrer d'Amadeu Torner, 70",10.04,100.0,56.25,True,True,False,True,True,False,Co-location,distance <= 15m and strong text match
426,1978,427,1979,InPost,Nacex,Convenience Stores,Convenience Stores,Europa Fira Moviles Y Locutorio,Europa Fira Moviles Y Locutorio (0841-43),"Carrer de Natzaret, 40","Carrer de Natzaret, 40",3.26,100.0,88.57,True,True,False,True,True,False,Co-location,distance <= 5m
426,1282,427,1283,InPost,SEUR,Convenience Stores,Convenience Stores,Europa Fira Moviles Y Locutorio,Europa Fira Moviles Y Loc,"Carrer de Natzaret, 40","Carrer de Natzaret, 40",4.53,100.0,89.29,True,True,False,True,True,False,Co-location,distance <= 5m
426,1409,427,1410,InPost,Dhl,Convenience Stores,Convenience Stores,Europa Fira Moviles Y Locutorio,Europa Fira Moviles Y Locutorio,"Carrer de Natzaret, 40","Carrer de Natzaret, 40",4.78,100.0,100.0,True,True,False,True,True,False,Co-location,distance <= 5m
426,884,427,885,InPost,Amazon,Convenience Stores,Convenience Stores,Europa Fira Moviles Y Locutorio,Seur - Europa Fira Moviles Y Loc,"Carrer de Natzaret, 40","Carrer de Natzaret, 40",6.73,100.0,81.97,True,True,False,True,True,False,Co-location,distance <= 15m and strong text match
426,885,427,886,InPost,Amazon,Convenience Stores,Convenience Stores,Europa Fira Moviles Y Locutorio,Amazon Counter - Europa Fira Moviles Y Locutorio,"Carrer de Natzaret, 40","Carrer de Natzaret, 41",6.73,95.24,80.52,True,False,False,True,True,False,Co-location,distance <= 15m and strong text match
426,1873,427,1874,InPost,Gls,Convenience Stores,Convenience Stores,Europa Fira Moviles Y Locutorio,Ps Europa Fira Moviles Y Locutorio,"Carrer de Natzaret, 40","Carrer de Natzaret, 40, LOCAL 2",9.11,84.0,95.38,True,True,False,True,True,False,Co-location,distance <= 15m and strong text match
428,1972,429,1973,InPost,Nacex,Convenience Stores,Convenience Stores,Western Union Lh,Super Transfer Bcn S.L. (0841-36),"C/ del Progreso, 49","C/ del Progreso, 49",5.67,100.0,30.43,True,True,False,True,True,False,Co-location,distance <= 15m and strong text match
429,1795,430,1796,InPost,Ctt Express,Locker,Convenience Stores,Locker Universal Service,Universal Service,"C/ Llobregat, 17","C/ Llobregat, 17",14.94,100.0,82.93,True,True,False,False,True,False,Co-location,distance <= 15m and strong text match
430,2264,431,2265,InPost,Pudo,Convenience Stores,Click&Collect,Suramericana De Envios,Suramericana De Envíos,"Rambla Catalana, 75","Rambla Catalana, 75",9.5,100.0,100.0,True,True,False,False,True,False,Co-location,distance <= 15m and strong text match
432,2265,433,2266,InPost,Pudo,Convenience Stores,Click&Collect,Goldan Alimentacion,Goldan Alimentación,"Carrer de la Riera Blanca, 146","Carrer de la Riera Blanca, 146",12.31,100.0,100.0,True,True,False,False,True,False,Co-location,distance <= 15m and strong text match
433,1973,434,1974,InPost,Nacex,Convenience Stores,Convenience Stores,Papeleria Libreria Jordi,Papereria Jordi Llibreria (0841-02),"Carrer del Doctor Martí Julià, 110","Carrer del Doctor Martí Julià, 110",2.07,100.0,52.63,True,True,False,True,True,False,Co-location,distance <= 5m
433,1517,434,1518,InPost,Celeritas,Convenience Stores,Convenience Stores,Papeleria Libreria Jordi,Papereria Jordi / Centro Devoluciones,"Carrer del Doctor Martí Julià, 110","Carrer del Doctor Martí Julià, 110",2.13,100.0,50.85,True,True,False,True,True,False,Co-location,distance <= 5m
433,1870,434,1871,InPost,Gls,Convenience Stores,Convenience Stores,Papeleria Libreria Jordi,Ps Papereria Jordi,"Carrer del Doctor Martí Julià, 110",Carrer del Doctor Martí Julià 110,4.64,100.0,71.43,True,True,False,True,True,False,Co-location,distance <= 5m
433,2157,434,2158,InPost,UPS,Convenience Stores,Convenience Stores,Papeleria Libreria Jordi,Papereria Jordi,"Carrer del Doctor Martí Julià, 110","Carrer del Doctor Martí Julià, 110",8.01,100.0,76.92,True,True,False,True,True,False,Co-location,distance <= 15m and strong text match
434,1307,435,1308,InPost,SEUR,Locker,Locker,Locker 24/7 Indigo Justicia,Seur Locker Pki Justicia,"Avinguda de la Granvia de l’Hospitalet, 25","Avinguda de la Granvia de l’Hospitalet, 25",0.55,100.0,66.67,True,True,False,True,True,False,Co-location,distance <= 5m
434,2171,435,2172,InPost,UPS,Locker,Locker,Locker 24/7 Indigo Justicia,P Taquilla Pk Indigo Justicia,"Avinguda de la Granvia de l’Hospitalet, 25","Avinguda de la Granvia de l’Hospitalet, 25",11.55,100.0,64.29,True,True,False,True,True,False,Co-location,distance <= 15m and strong text match
435,437,436,438,Correos,Correos,Lsp Pudos,Locker,Correos Barcelona Suc 29. Vall D`Hebron,Correos Barcelona Suc 29. Vall D`Hebron,"Carrer d'Arenys, 16","Carrer d'Arenys, 16",0.0,100.0,100.0,True,True,True,False,True,False,Multi-service same company,distance <= 5m
435,511,436,512,Correos,Correos,Lsp Pudos,Lsp Pudos,Correos Barcelona Suc 29. Vall D`Hebron,Correos Barcelona Suc 29. Vall D`Hebron,"Carrer d'Arenys, 16","Carrer d'Arenys, 16-18",3.34,92.31,100.0,True,True,True,True,True,True,Possible duplicate,distance <= 5m
435,863,436,864,Correos,Amazon,Lsp Pudos,Locker,Correos Barcelona Suc 29. Vall D`Hebron,Citypaq Lockers-Correos Barcelona Suc 29. Vall D`H,"Carrer d'Arenys, 16","Carrer d'Arenys, 16",4.24,100.0,75.86,True,True,False,False,True,False,Co-location,distance <= 5m
435,507,436,508,Correos,Correos,Lsp Pudos,Lsp Pudos,Correos Barcelona Suc 29. Vall D`Hebron,Barcelona Suc 29. Vall D`Hebron,"Carrer d'Arenys, 16","Carrer d'Arenys, 16-18",7.76,92.31,88.24,True,True,True,True,True,True,Possible duplicate,distance <= 15m and strong text match
436,438,437,439,Correos,Correos,Lsp Pudos,Locker,Correos Barcelona Suc 21. Poble Nou,Correos Barcelona Suc 21. Poble Nou,"Carrer de Ramon Turró, 248","Carrer de Ramon Turró, 248",0.0,100.0,100.0,True,True,True,False,True,False,Multi-service same company,distance <= 5m
437,511,438,512,Correos,Correos,Locker,Lsp Pudos,Correos Barcelona Suc 29. Vall D`Hebron,Correos Barcelona Suc 29. Vall D`Hebron,"Carrer d'Arenys, 16","Carrer d'Arenys, 16-18",3.34,92.31,100.0,True,True,True,False,True,False,Multi-service same company,distance <= 5m
437,863,438,864,Correos,Amazon,Locker,Locker,Correos Barcelona Suc 29. Vall D`Hebron,Citypaq Lockers-Correos Barcelona Suc 29. Vall D`H,"Carrer d'Arenys, 16","Carrer d'Arenys, 16",4.24,100.0,75.86,True,True,False,True,True,False,Co-location,distance <= 5m
437,507,438,508,Correos,Correos,Locker,Lsp Pudos,Correos Barcelona Suc 29. Vall D`Hebron,Barcelona Suc 29. Vall D`Hebron,"Carrer d'Arenys, 16","Carrer d'Arenys, 16-18",7.76,92.31,88.24,True,True,True,False,True,False,Multi-service same company,distance <= 15m and strong text match
442,516,443,517,Correos,Correos,Locker,Locker,Rodalies Sant Andreu Arenal,Condis,"Av. Meridiana, 402","Avenida Meridiana, 402",13.15,86.49,18.18,True,True,True,True,True,True,Possible duplicate,distance <= 15m and strong text match
444,445,445,446,Correos,Correos,Lsp Pudos,Locker,Correos Barcelona Suc 1 Plaza Letamendi,Correos Barcelona Suc 1 Plaza Letamendi,"Pl. del Dr. Letamendi, 5-7","Pl. del Dr. Letamendi, 5-7",0.0,100.0,100.0,True,True,True,False,True,False,Multi-service same company,distance <= 5m
448,449,449,450,Correos,Correos,Lsp Pudos,Locker,Correos Barcelona Suc 16. La Vila Olimpica,Correos Barcelona Suc 16. La Vila Olimpica,"C. del Dr. Trueta, 58","C. del Dr. Trueta, 58",0.0,100.0,100.0,True,True,True,False,True,False,Multi-service same company,distance <= 5m
450,536,451,537,Correos,Amazon,Locker,Locker,Fgc Plaça De Catalunya,Citypaq Lockerss-Fgc Plaça De Catalunya,"Plaça de Catalunya, 1","Plaça de Catalunya, 1",4.81,100.0,72.13,True,True,False,True,True,False,Co-location,distance <= 5m
451,453,452,454,Correos,Correos,Lsp Pudos,Locker,Correos Barcelona Suc 15. El Clot,Correos Barcelona Suc 15. El Clot,"Carrer de Rossend Nobas, 31","Carrer de Rossend Nobas, 31",0.0,100.0,100.0,True,True,True,False,True,False,Multi-service same company,distance <= 5m
451,671,452,672,Correos,Amazon,Lsp Pudos,Convenience Stores,Correos Barcelona Suc 15. El Clot,Correos - Barcelona Suc 15. El Clot,"Carrer de Rossend Nobas, 31","Carrer de Rossend Nobas, 31",2.53,100.0,100.0,True,True,False,False,True,False,Co-location,distance <= 5m
451,673,452,674,Correos,Amazon,Lsp Pudos,Locker,Correos Barcelona Suc 15. El Clot,Citypaq Lockerss-Correos Barcelona Suc 15. El Clot,"Carrer de Rossend Nobas, 31","Carrer de Rossend Nobas, 31",2.68,100.0,79.01,True,True,False,False,True,False,Co-location,distance <= 5m
452,454,453,455,Correos,Correos,Lsp Pudos,Locker,Correos Barcelona Suc 24. Sagrada Familia,Correos Barcelona Suc 24. Sagrada Familia,"Carrer de los Castillejos, 276","Carrer de los Castillejos, 276",0.0,100.0,100.0,True,True,True,False,True,False,Multi-service same company,distance <= 5m
452,753,453,754,Correos,Amazon,Lsp Pudos,Locker,Correos Barcelona Suc 24. Sagrada Familia,Citypaq Lockerss-Correos Barcelona Suc 24. Sagrada,"Carrer de los Castillejos, 276","Carrer de los Castillejos, 276",6.26,100.0,71.91,True,True,False,False,True,False,Co-location,distance <= 15m and strong text match
452,752,453,753,Correos,Amazon,Lsp Pudos,Convenience Stores,Correos Barcelona Suc 24. Sagrada Familia,Correos - Barcelona Suc 24. Sagrada Familia,"Carrer de los Castillejos, 276","Carrer de los Castillejos, 276",6.26,100.0,100.0,True,True,False,False,True,False,Co-location,distance <= 15m and strong text match
453,671,454,672,Correos,Amazon,Locker,Convenience Stores,Correos Barcelona Suc 15. El Clot,Correos - Barcelona Suc 15. El Clot,"Carrer de Rossend Nobas, 31","Carrer de Rossend Nobas, 31",2.53,100.0,100.0,True,True,False,False,True,False,Co-location,distance <= 5m
453,673,454,674,Correos,Amazon,Locker,Locker,Correos Barcelona Suc 15. El Clot,Citypaq Lockerss-Correos Barcelona Suc 15. El Clot,"Carrer de Rossend Nobas, 31","Carrer de Rossend Nobas, 31",2.68,100.0,79.01,True,True,False,True,True,False,Co-location,distance <= 5m
454,753,455,754,Correos,Amazon,Locker,Locker,Correos Barcelona Suc 24. Sagrada Familia,Citypaq Lockerss-Correos Barcelona Suc 24. Sagrada,"Carrer de los Castillejos, 276","Carrer de los Castillejos, 276",6.26,100.0,71.91,True,True,False,True,True,False,Co-location,distance <= 15m and strong text match
454,752,455,753,Correos,Amazon,Locker,Convenience Stores,Correos Barcelona Suc 24. Sagrada Familia,Correos - Barcelona Suc 24. Sagrada Familia,"Carrer de los Castillejos, 276","Carrer de los Castillejos, 276",6.26,100.0,100.0,True,True,False,False,True,False,Co-location,distance <= 15m and strong text match
456,458,457,459,Correos,Correos,Lsp Pudos,Locker,Correos Barcelona Suc 22. Sepulveda,Correos Barcelona Suc 22. Sepulveda,"Av. de Mistral, 44","Av. de Mistral, 44",0.0,100.0,100.0,True,True,True,False,True,False,Multi-service same company,distance <= 5m
457,459,458,460,Correos,Correos,Lsp Pudos,Locker,Correos Barcelona Suc 27. Sant Marti,Correos Barcelona Suc 27. Sant Marti,"Rambla de Guipúscoa, 119","Rambla de Guipúscoa, 119",0.0,100.0,100.0,True,True,True,False,True,False,Multi-service same company,distance <= 5m
457,707,458,708,Correos,Amazon,Lsp Pudos,Convenience Stores,Correos Barcelona Suc 27. Sant Marti,Correos - Barcelona Suc 27. Sant Marti,"Rambla de Guipúscoa, 119","Rambla de Guipúscoa, 119",3.69,100.0,100.0,True,True,False,False,True,False,Co-location,distance <= 5m
457,706,458,707,Correos,Amazon,Lsp Pudos,Locker,Correos Barcelona Suc 27. Sant Marti,Citypaq Lockerss-Correos Barcelona Suc 27. Sant Mar,"Rambla de Guipúscoa, 119","Rambla de Guipúscoa, 119",3.8,100.0,77.65,True,True,False,False,True,False,Co-location,distance <= 5m
459,707,460,708,Correos,Amazon,Locker,Convenience Stores,Correos Barcelona Suc 27. Sant Marti,Correos - Barcelona Suc 27. Sant Marti,"Rambla de Guipúscoa, 119","Rambla de Guipúscoa, 119",3.69,100.0,100.0,True,True,False,False,True,False,Co-location,distance <= 5m
459,706,460,707,Correos,Amazon,Locker,Locker,Correos Barcelona Suc 27. Sant Marti,Citypaq Lockerss-Correos Barcelona Suc 27. Sant Mar,"Rambla de Guipúscoa, 119","Rambla de Guipúscoa, 119",3.8,100.0,77.65,True,True,False,True,True,False,Co-location,distance <= 5m
460,598,461,599,Correos,Amazon,Locker,Locker,Fgc Provença,Citypaq Lockerss-Fgc Provença,Calle C/ Balmes Esq C/ Rosello S/N,Calle C/ Balmes Esq C/ Rosello S/N,8.0,100.0,58.54,False,False,False,True,True,False,Co-location,distance <= 15m and strong text match
461,462,462,463,Correos,Correos,Lsp Pudos,Locker,Correos Barcelona Suc 7. Via Augusta,Correos Barcelona Suc 7. Via Augusta,"Vía Augusta, 207","Vía Augusta, 207",0.0,100.0,100.0,True,True,True,False,True,False,Multi-service same company,distance <= 5m
464,467,465,468,Correos,Correos,Lsp Pudos,Locker,Correos Barcelona Suc 28. Besós,Correos Barcelona Suc 28. Besós,"Carrer de Jaume Huguet, 8","Carrer de Jaume Huguet, 8",0.0,100.0,100.0,True,True,True,False,True,False,Multi-service same company,distance <= 5m
465,468,466,469,Correos,Correos,Lsp Pudos,Locker,Correos Barcelona Suc 14. Les Tres Torres,Correos Barcelona Suc 14. Les Tres Torres,"Carrer de Castellnou, 57","Carrer de Castellnou, 57",0.0,100.0,100.0,True,True,True,False,True,False,Multi-service same company,distance <= 5m
466,469,467,470,Correos,Correos,Lsp Pudos,Locker,Correos Barcelona Op,Correos Barcelona Op,"Pl. de Correus, S/N, Ciutat Vella","Pl. de Correus, S/N, Ciutat Vella",0.0,100.0,100.0,False,False,True,False,True,False,Multi-service same company,distance <= 5m
473,807,474,808,Correos,Amazon,Locker,Locker,Bluespace,Amazon Lockers - Judit,"Pont del Potosí, 5","Pont del Potosí, 5",4.47,100.0,13.79,True,True,False,True,True,False,Co-location,distance <= 5m
473,809,474,810,Correos,Amazon,Locker,Locker,Bluespace,Citypaq Lockerss-Bluespace,"Pont del Potosí, 5","Pont del Potosí, 5",12.65,100.0,51.43,True,True,False,True,True,False,Co-location,distance <= 15m and strong text match
481,1093,482,1094,Correos,SEUR,Locker,Locker,Galp,Seur Lockers E.S. Galp Alm,"Carrer dels Almogàvers, 66","Carrer dels Almogàvers, 66",1.73,100.0,27.59,True,True,False,True,True,False,Co-location,distance <= 5m
481,2249,482,2250,Correos,Pudo,Locker,Click&Collect,Galp,E.S. Galp Almogavares,"Carrer dels Almogàvers, 66","Carrer dels Almogàvers, 66",2.0,100.0,33.33,True,True,False,False,True,False,Co-location,distance <= 5m
482,2038,483,2039,Correos,UPS,Locker,Convenience Stores,Galp,P Taquilla Galp Paralelo,"Av. del Paralelo, 132","Av. del Paralelo, 132",4.48,100.0,28.57,True,True,False,False,True,False,Co-location,distance <= 5m
482,2254,483,2255,Correos,Pudo,Locker,Click&Collect,Galp,E.S. Galp Paralelo,"Av. del Paralelo, 132","Av. del Paralelo, 132",6.99,100.0,38.1,True,True,False,False,True,False,Co-location,distance <= 15m and strong text match
482,1057,483,1058,Correos,SEUR,Locker,Locker,Galp,Seur Lockers E.S. Galp Par,"Av. del Paralelo, 132","Av. del Paralelo, 132",13.8,100.0,27.59,True,True,False,True,True,False,Co-location,distance <= 15m and strong text match
488,492,489,493,Correos,Correos,Lsp Pudos,Locker,Correos Barcelona Suc 20. Urquinaona,Correos Barcelona Suc 20. Urquinaona,"Carrer d'Ausiàs Marc, 13","Carrer d'Ausiàs Marc, 13",0.0,100.0,100.0,True,True,True,False,True,False,Multi-service same company,distance <= 5m
488,611,489,612,Correos,Amazon,Lsp Pudos,Convenience Stores,Correos Barcelona Suc 20. Urquinaona,Citypaq Lockerss-Correos Barcelona Suc 20. Urquinao,"Carrer d'Ausiàs Marc, 13","Carrer d'Ausiàs Marc, 13-17",8.01,93.88,77.65,True,True,False,False,True,False,Co-location,distance <= 15m and strong text match
489,493,490,494,Correos,Correos,Lsp Pudos,Locker,Correos Barcelona Suc 32. Gracia,Correos Barcelona Suc 32. Gracia,"Carrer Gran de Gràcia, 118","Carrer Gran de Gràcia, 118",0.0,100.0,100.0,True,True,True,False,True,False,Multi-service same company,distance <= 5m
490,494,491,495,Correos,Correos,Lsp Pudos,Locker,Correos Barcelona Suc 33. Ronda Universitat,Correos Barcelona Suc 33. Ronda Universitat,"Ronda de la Universidad, 23","Ronda de la Universidad, 23",0.0,100.0,100.0,True,True,True,False,True,False,Multi-service same company,distance <= 5m
491,495,492,496,Correos,Correos,Lsp Pudos,Locker,Correos Barcelona Suc 8. Tetuan,Correos Barcelona Suc 8. Tetuan,"Calle del Consejo de Ciento, 445","Calle del Consejo de Ciento, 445",0.0,100.0,100.0,True,True,True,False,True,False,Multi-service same company,distance <= 5m
492,611,493,612,Correos,Amazon,Locker,Convenience Stores,Correos Barcelona Suc 20. Urquinaona,Citypaq Lockerss-Correos Barcelona Suc 20. Urquinao,"Carrer d'Ausiàs Marc, 13","Carrer d'Ausiàs Marc, 13-17",8.01,93.88,77.65,True,True,False,False,True,False,Co-location,distance <= 15m and strong text match
497,499,498,500,Correos,Correos,Lsp Pudos,Locker,Correos Barcelona Suc 13. Sant Andreu,Correos Barcelona Suc 13. Sant Andreu,"Passeig de Torras i Bages, 29","Passeig de Torras i Bages, 29",0.0,100.0,100.0,True,True,True,False,True,False,Multi-service same company,distance <= 5m
497,504,498,505,Correos,Correos,Lsp Pudos,Lsp Pudos,Correos Barcelona Suc 13. Sant Andreu,Barcelona Suc 13. Sant Andreu,"Passeig de Torras i Bages, 29","Passeig de Torras i Bages, 29",5.42,100.0,87.5,True,True,True,True,True,True,Possible duplicate,distance <= 15m and strong text match
497,524,498,525,Correos,Correos,Lsp Pudos,Lsp Pudos,Correos Barcelona Suc 13. Sant Andreu,Correos Barcelona Suc 13. Sant Andreu,"Passeig de Torras i Bages, 29","Passeig de Torras i Bages, 29",5.92,100.0,100.0,True,True,True,True,True,True,Possible duplicate,distance <= 15m and strong text match
497,810,498,811,Correos,Amazon,Lsp Pudos,Locker,Correos Barcelona Suc 13. Sant Andreu,Amazon Lockers - Aperador,"Passeig de Torras i Bages, 29","Passeig de Torras i Bages, 29",14.75,100.0,10.17,True,True,False,False,True,False,Co-location,distance <= 15m and strong text match
498,500,499,501,Correos,Correos,Lsp Pudos,Locker,Correos Barcelona Suc 23. Les Corts,Correos Barcelona Suc 23. Les Corts,"Av. de Madrid, 106","Av. de Madrid, 106",0.0,100.0,100.0,True,True,True,False,True,False,Multi-service same company,distance <= 5m
499,504,500,505,Correos,Correos,Locker,Lsp Pudos,Correos Barcelona Suc 13. Sant Andreu,Barcelona Suc 13. Sant Andreu,"Passeig de Torras i Bages, 29","Passeig de Torras i Bages, 29",5.42,100.0,87.5,True,True,True,False,True,False,Multi-service same company,distance <= 15m and strong text match
499,524,500,525,Correos,Correos,Locker,Lsp Pudos,Correos Barcelona Suc 13. Sant Andreu,Correos Barcelona Suc 13. Sant Andreu,"Passeig de Torras i Bages, 29","Passeig de Torras i Bages, 29",5.92,100.0,100.0,True,True,True,False,True,False,Multi-service same company,distance <= 15m and strong text match
499,810,500,811,Correos,Amazon,Locker,Locker,Correos Barcelona Suc 13. Sant Andreu,Amazon Lockers - Aperador,"Passeig de Torras i Bages, 29","Passeig de Torras i Bages, 29",14.75,100.0,10.17,True,True,False,True,True,False,Co-location,distance <= 15m and strong text match
501,515,502,516,Correos,Correos,Lsp Pudos,Lsp Pudos,L'hospitalet De Llobregat Op,Correos L'hospitalet De Llobregat Op,Carrer de Francesc Moragas,Carrer de Francesc Moragas,0.0,100.0,87.5,False,False,True,True,True,True,Possible duplicate,distance <= 5m
504,524,505,525,Correos,Correos,Lsp Pudos,Lsp Pudos,Barcelona Suc 13. Sant Andreu,Correos Barcelona Suc 13. Sant Andreu,"Passeig de Torras i Bages, 29","Passeig de Torras i Bages, 29",11.24,100.0,87.5,True,True,True,True,True,True,Possible duplicate,distance <= 15m and strong text match
504,810,505,811,Correos,Amazon,Lsp Pudos,Locker,Barcelona Suc 13. Sant Andreu,Amazon Lockers - Aperador,"Passeig de Torras i Bages, 29","Passeig de Torras i Bages, 29",13.94,100.0,31.37,True,True,False,False,True,False,Co-location,distance <= 15m and strong text match
505,513,506,514,Correos,Correos,Lsp Pudos,Lsp Pudos,L'hospitalet De Llobregat Suc 2. Bellvitge,"Correos Hospitalet De Llobregat, L' Suc 2. Bellvitge","Rambla de la Marina, 82","Rambla de la Marina, 82",0.0,100.0,88.89,True,True,True,True,True,True,Possible duplicate,distance <= 5m
505,941,506,942,Correos,Amazon,Lsp Pudos,Convenience Stores,L'hospitalet De Llobregat Suc 2. Bellvitge,Correos - L'hospitalet De Llobregat Suc 2. Bellvit,"Rambla de la Marina, 82","Rambla de la Marina, 82",3.71,100.0,88.64,True,True,False,False,True,False,Co-location,distance <= 5m
505,945,506,946,Correos,Amazon,Lsp Pudos,Locker,L'hospitalet De Llobregat Suc 2. Bellvitge,"Citypaq Lockers-Correos Hospitalet De Llobregat, L","Rambla de la Marina, 82","Rambla de la Marina, 82",13.51,100.0,60.0,True,True,False,False,True,False,Co-location,distance <= 15m and strong text match
507,863,508,864,Correos,Amazon,Lsp Pudos,Locker,Barcelona Suc 29. Vall D`Hebron,Citypaq Lockers-Correos Barcelona Suc 29. Vall D`H,"Carrer d'Arenys, 16-18","Carrer d'Arenys, 16",4.48,92.31,63.29,True,True,False,False,True,False,Co-location,distance <= 5m
507,511,508,512,Correos,Correos,Lsp Pudos,Lsp Pudos,Barcelona Suc 29. Vall D`Hebron,Correos Barcelona Suc 29. Vall D`Hebron,"Carrer d'Arenys, 16-18","Carrer d'Arenys, 16-18",4.96,100.0,88.24,True,True,True,True,True,True,Possible duplicate,distance <= 5m
508,514,509,515,Correos,Correos,Lsp Pudos,Lsp Pudos,L'hospitalet De Llobregat Suc 3 . Pubilla Cases,"Correos Hospitalet De Llobregat, L' Suc 3. Pubilla Cases","Carrer del Pedraforca, 105","Carrer del Pedraforca, 105",0.0,100.0,89.8,True,True,True,True,True,True,Possible duplicate,distance <= 5m
508,923,509,924,Correos,Amazon,Lsp Pudos,Locker,L'hospitalet De Llobregat Suc 3 . Pubilla Cases,Correos - L'hospitalet De Llobregat Suc 3 . Pubill,"Carrer del Pedraforca, 105","Carrer del Pedraforca, 105",12.17,100.0,83.52,True,True,False,False,True,False,Co-location,distance <= 15m and strong text match
510,522,511,523,Correos,Correos,Lsp Pudos,Lsp Pudos,L'hospitalet De Llobregat Suc 4. Collblanc,"Correos Hospitalet De Llobregat, L' Suc 4. Collblanc","CAR, Carr. de Cotonat, 57-59","CAR, Carr. de Cotonat, 57-59",4.48,100.0,88.89,True,True,True,True,True,True,Possible duplicate,distance <= 5m
511,863,512,864,Correos,Amazon,Lsp Pudos,Locker,Correos Barcelona Suc 29. Vall D`Hebron,Citypaq Lockers-Correos Barcelona Suc 29. Vall D`H,"Carrer d'Arenys, 16-18","Carrer d'Arenys, 16",0.92,92.31,75.86,True,True,False,False,True,False,Co-location,distance <= 5m
513,941,514,942,Correos,Amazon,Lsp Pudos,Convenience Stores,"Correos Hospitalet De Llobregat, L' Suc 2. Bellvitge",Correos - L'hospitalet De Llobregat Suc 2. Bellvit,"Rambla de la Marina, 82","Rambla de la Marina, 82",3.71,100.0,93.75,True,True,False,False,True,False,Co-location,distance <= 5m
513,945,514,946,Correos,Amazon,Lsp Pudos,Locker,"Correos Hospitalet De Llobregat, L' Suc 2. Bellvitge","Citypaq Lockers-Correos Hospitalet De Llobregat, L","Rambla de la Marina, 82","Rambla de la Marina, 82",13.51,100.0,67.35,True,True,False,False,True,False,Co-location,distance <= 15m and strong text match
514,923,515,924,Correos,Amazon,Lsp Pudos,Locker,"Correos Hospitalet De Llobregat, L' Suc 3. Pubilla Cases",Correos - L'hospitalet De Llobregat Suc 3 . Pubill,"Carrer del Pedraforca, 105","Carrer del Pedraforca, 105",12.17,100.0,88.89,True,True,False,False,True,False,Co-location,distance <= 15m and strong text match
525,1985,526,1986,Amazon,UPS,Locker,Convenience Stores,Amazon Lockers - Bolorino,P Taquilla Pk Saba Pz D Angels,"Carrer dels Àngels, 1","Carrer dels Àngels, 1",6.45,100.0,22.64,True,True,False,False,True,False,Co-location,distance <= 15m and strong text match
525,958,526,959,Amazon,SEUR,Locker,Locker,Amazon Lockers - Bolorino,Seur Lockers Pkn Saba Plaz,"Carrer dels Àngels, 1","Carrer dels Àngels, 1",6.67,100.0,44.9,True,True,False,True,True,False,Co-location,distance <= 15m and strong text match
526,1308,527,1309,Amazon,Dhl,Convenience Stores,Convenience Stores,Amazon Counter - Biz Services,Biz Services,"Carrer del Carme, 70","Carrer del Carme, 70",1.27,100.0,61.54,True,True,False,True,True,False,Co-location,distance <= 5m
527,528,528,529,Amazon,Amazon,Convenience Stores,Convenience Stores,Amazon Counter - Tech Plus,Amazon Counter - Copywork,"C. de Joaquín Costa, 2","C. de Joaquín Costa, 2",0.0,100.0,72.34,True,True,True,True,True,True,Possible duplicate,distance <= 5m
531,1986,532,1987,Amazon,UPS,Locker,Convenience Stores,Amazon Lockers - Sangroniz,Full-Kiosko De Prensa,"Rda. de Sant Antoni, 86","Rda. de Sant Antoni, 88",2.23,95.24,17.78,True,False,False,False,True,False,Co-location,distance <= 5m
534,959,535,960,Amazon,SEUR,Convenience Stores,Convenience Stores,Seur - Tabacos Carme 15,Tabacos Carme 15,"Carrer del Carme, 15","Carrer del Carme, 15",8.0,100.0,86.49,True,True,False,True,True,False,Co-location,distance <= 15m and strong text match
552,1993,553,1994,Amazon,UPS,Convenience Stores,Convenience Stores,Seur - Envios Edl,Edl Envios,"Plaça de la Llana, 10","Plaça de la Llana, 10",1.79,100.0,64.0,True,True,False,True,True,False,Co-location,distance <= 5m
552,966,553,967,Amazon,SEUR,Convenience Stores,Convenience Stores,Seur - Envios Edl,Envios Edl,"Plaça de la Llana, 10","Plaça de la Llana, 10",6.59,100.0,80.0,True,True,False,True,True,False,Co-location,distance <= 15m and strong text match
559,972,560,973,Amazon,SEUR,Convenience Stores,Convenience Stores,Seur - Fenix,Fenix,"Carrer de Radas, 15","Carrer de Radas, 15",6.91,100.0,66.67,True,True,False,True,True,False,Co-location,distance <= 15m and strong text match
562,979,563,980,Amazon,SEUR,Convenience Stores,Convenience Stores,Amazon Counter - Viajes Ruta Latina,Viajes Ruta Latina,"Carrer d'En Fontrodona, 7","Carrer d'En Fontrodona, 7",2.52,100.0,70.59,True,True,False,True,True,False,Co-location,distance <= 5m
565,568,566,569,Amazon,Amazon,Convenience Stores,Convenience Stores,Seur - Mobil House,Amazon Counter - Mã“Bil House,"Carrer de Pujades, 131","Carrer de Pujades, 131",0.0,100.0,60.47,True,True,True,True,True,True,Possible duplicate,distance <= 5m
566,993,567,994,Amazon,SEUR,Locker,Convenience Stores,Amazon Lockers - Eritrea,Quiosco Maria,"Carrer de Ramon Turró, 189","Carrer de Ramon Turró, 189",8.18,100.0,28.57,True,True,False,False,True,False,Co-location,distance <= 15m and strong text match
566,1997,567,1998,Amazon,UPS,Locker,Convenience Stores,Amazon Lockers - Eritrea,Quiosc Maria,"Carrer de Ramon Turró, 189","Carrer de Ramon Turró, 189",8.95,100.0,29.41,True,True,False,False,True,False,Co-location,distance <= 15m and strong text match
582,1000,583,1001,Amazon,SEUR,Convenience Stores,Convenience Stores,Amazon Counter - Mister Pan,Mister Pan,"Carrer de Vallirana, 52","Carrer de Vallirana, 52",3.62,100.0,57.14,True,True,False,True,True,False,Co-location,distance <= 5m
604,1572,605,1573,Amazon,Ctt Express,Convenience Stores,Convenience Stores,Amazon Counter - Logo Phones,Logo Phones.,"C. de Pau Claris, 107","C. de Pau Claris, 107",4.0,100.0,59.46,True,True,False,True,True,False,Co-location,distance <= 5m
609,1012,610,1013,Amazon,SEUR,Locker,Locker,Amazon Lockers - Crecente,Seur Lockers Pkn Saba Urqu,Pl. d'Urquinaona,Pl. d'Urquinaona s/n,1.16,88.24,40.82,False,False,False,True,True,False,Co-location,distance <= 5m
609,2012,610,2013,Amazon,UPS,Locker,Convenience Stores,Amazon Lockers - Crecente,P Taquilla Pk Saba Urquinaona,Pl. d'Urquinaona,Pl. d'Urquinaona,3.8,100.0,15.38,False,False,False,False,True,False,Co-location,distance <= 5m
620,1580,621,1581,Amazon,Ctt Express,Convenience Stores,Convenience Stores,Amazon Counter - Right Way Mobile,Right Way Mobile,"Carrer de Casanova, 96","Carrer de Casanova, 96",2.53,100.0,68.09,True,True,False,True,True,False,Co-location,distance <= 5m
621,1920,622,1921,Amazon,Nacex,Convenience Stores,Convenience Stores,Amazon Counter - Decompras365.Com,Decompras365.Com,"C. de Muntaner, 25","C. de Muntaner, 25",0.9,100.0,68.09,True,True,False,True,True,False,Co-location,distance <= 5m
622,1584,623,1585,Amazon,Ctt Express,Convenience Stores,Convenience Stores,Amazon Counter - Tenbei Concept,Tenbei Concept,"Carrer del Torrent de l'Olla, 177","Carrer del Torrent de l'Olla, 177",4.0,100.0,65.12,True,True,False,True,True,False,Co-location,distance <= 5m
624,2204,625,2205,Amazon,Pudo,Locker,Click&Collect,Amazon Lockers - Demeter,Saba Plaza Del Sol,"Plaça del Sol, 5","Plaça del Sol, 5",7.38,100.0,30.0,True,True,False,False,True,False,Co-location,distance <= 15m and strong text match
625,1583,626,1584,Amazon,Ctt Express,Convenience Stores,Convenience Stores,Amazon Counter - Raza Phone,Raza Phone,"Carrer Gran de Gràcia, 235","Carrer Gran de Gràcia, 235",2.69,100.0,57.14,True,True,False,True,True,False,Co-location,distance <= 5m
626,1022,627,1023,Amazon,SEUR,Convenience Stores,Convenience Stores,Amazon Counter - Bon Supermarket,Bon Supermarket,"Carrer Gran de Gràcia, 216","Carrer Gran de Gràcia, 216",5.2,100.0,66.67,True,True,False,True,True,False,Co-location,distance <= 15m and strong text match
627,1028,628,1029,Amazon,SEUR,Convenience Stores,Convenience Stores,Amazon Counter - Estanco Exp. Nâ°20,Estanco Exp. Nâ°20,"Carrer Gran de Gràcia, 219","Carrer Gran de Gràcia, 219",1.05,100.0,69.39,True,True,False,True,True,False,Co-location,distance <= 5m
627,1588,628,1589,Amazon,Ctt Express,Convenience Stores,Convenience Stores,Amazon Counter - Estanco Exp. Nâ°20,Estanco Exp. Nâ°20,"Carrer Gran de Gràcia, 219","Carrer Gran de Gràcia, 219",4.47,100.0,69.39,True,True,False,True,True,False,Co-location,distance <= 5m
639,1030,640,1031,Amazon,SEUR,Convenience Stores,Convenience Stores,Amazon Counter - Etalon Plus,Etalonplus,"Carrer d'Ausiàs Marc, 77","Carrer d'Ausiàs Marc, 77",5.24,100.0,55.56,True,True,False,True,True,False,Co-location,distance <= 15m and strong text match
640,2021,641,2022,Amazon,UPS,Locker,Convenience Stores,Amazon Lockers - Auca,Budda Coffee,"Gran Via de les Corts Catalanes, 743","Gran Via de les Corts Catalanes, 743",8.25,100.0,19.35,True,True,False,False,True,False,Co-location,distance <= 15m and strong text match
642,1038,643,1039,Amazon,SEUR,Convenience Stores,Convenience Stores,Seur - L'estanc De Sicilia Bcn 2,L'estanc De Sicilia Bcn 2,"C/ de Sicília, 240","C/ de Sicília, 240",13.45,100.0,90.91,True,True,False,True,True,False,Co-location,distance <= 15m and strong text match
644,1592,645,1593,Amazon,Ctt Express,Convenience Stores,Convenience Stores,Amazon Counter - Asl. Reformas,Asl. Reformas,"C. de Ribes, 91","C. de Ribes, 91",2.53,100.0,61.54,True,True,False,True,True,False,Co-location,distance <= 5m
651,1060,652,1061,Amazon,SEUR,Locker,Locker,Amazon Lockers - Prometeo,Seur Lockers Pkn Saba Vale,"Carrer de València, 77","Carrer de València, 77",11.7,100.0,44.9,True,True,False,True,True,False,Co-location,distance <= 15m and strong text match
651,2032,652,2033,Amazon,UPS,Locker,Convenience Stores,Amazon Lockers - Prometeo,P Taquilla Pk Saba Valencia,"Carrer de València, 77","Carrer de València, 77",13.46,100.0,20.0,True,True,False,False,True,False,Co-location,distance <= 15m and strong text match
654,2033,655,2034,Amazon,UPS,Convenience Stores,Convenience Stores,Amazon Counter - Lyon Express,Lion Expres,"C/ de Rocafort, 108","C/ de Rocafort, 108",5.66,100.0,52.63,True,True,False,True,True,False,Co-location,distance <= 15m and strong text match
658,659,659,660,Amazon,Amazon,Convenience Stores,Convenience Stores,Amazon Counter - Al Noor Mobils,Seur - Al Noor Mobils,"Carrer d'Argullós, 45, Bj local 2","Carrer d'Argullós, 45, Bj local 3",0.0,96.77,70.83,True,True,True,True,True,True,Possible duplicate,distance <= 5m
659,1081,660,1082,Amazon,SEUR,Convenience Stores,Convenience Stores,Seur - Al Noor Mobils,Al Noor Mobils,"Carrer d'Argullós, 45, Bj local 3","Carrer d'Argullós, 45",6.6,78.43,84.85,True,True,False,True,True,False,Co-location,distance <= 15m and strong text match
660,1841,661,1842,Amazon,Gls,Convenience Stores,Convenience Stores,Amazon Counter - M&D Servicios Nou Barris,Ps M&D Servicios Nou Barris,"Carrer de Pablo Iglesias, 10","Carrer de Pablo Iglesias, 10",14.83,100.0,75.76,True,True,False,True,True,False,Co-location,distance <= 15m and strong text match
667,1613,668,1614,Amazon,Ctt Express,Convenience Stores,Convenience Stores,Amazon Counter - Sarim Moviles,Sarim Moviles,"Carrer de Pablo Iglesias, 98","Carrer de Pablo Iglesias, 98",7.87,100.0,63.41,True,True,False,True,True,False,Co-location,distance <= 15m and strong text match
671,673,672,674,Amazon,Amazon,Convenience Stores,Locker,Correos - Barcelona Suc 15. El Clot,Citypaq Lockerss-Correos Barcelona Suc 15. El Clot,"Carrer de Rossend Nobas, 31","Carrer de Rossend Nobas, 31",4.82,100.0,79.01,True,True,True,False,True,False,Multi-service same company,distance <= 5m
672,2089,673,2090,Amazon,UPS,Convenience Stores,Convenience Stores,Amazon Counter - Mr Usby,Mr Usby Navas De Tolosa,"C. de las Navas de Tolosa, 249","Carrer de las Navas de Tolosa, 249",14.24,91.8,31.11,True,True,False,True,True,False,Co-location,distance <= 15m and strong text match
678,2086,679,2087,Amazon,UPS,Locker,Convenience Stores,Amazon Lockers - Amoros,Kiosco Sara,"Carrer de Mallorca, 595","Carrer de Mallorca, 595",4.0,100.0,18.75,True,True,False,False,True,False,Co-location,distance <= 5m
680,681,681,682,Amazon,Amazon,Convenience Stores,Convenience Stores,Seur - Bol Mobil2,Amazon Counter - Bol Mobil 2,"Carrer de Rogent, 13","Carrer de Rogent, 13",0.0,100.0,63.41,True,True,True,True,True,True,Possible duplicate,distance <= 5m
683,772,684,773,Amazon,Amazon,Locker,Locker,Amazon Lockers - Rozario,Amazon Lockers - Rozario,"Carrer de Felip II, 77","Carrer de Felip II, 77",7.38,100.0,100.0,True,True,True,True,True,True,Possible duplicate,distance <= 15m and strong text match
684,1675,685,1676,Amazon,Ctt Express,Convenience Stores,Convenience Stores,Amazon Counter - Minyetti Envios.,Minyetti Envios.,"Carrer de València, 669","Carrer de València, 669",1.26,100.0,66.67,True,True,False,True,True,False,Co-location,distance <= 5m
684,2087,685,2088,Amazon,UPS,Convenience Stores,Convenience Stores,Amazon Counter - Minyetti Envios.,Minyetti Envios,"Carrer de València, 669","Carrer de València, 669",14.56,100.0,66.67,True,True,False,True,True,False,Co-location,distance <= 15m and strong text match
687,1622,688,1623,Amazon,Ctt Express,Convenience Stores,Convenience Stores,Amazon Counter - Panaderia Naim,Panaderia Naim,"Carrer de Joan I, 4","Carrer de Joan I, 4",5.73,100.0,65.12,True,True,False,True,True,False,Co-location,distance <= 15m and strong text match
699,1104,700,1105,Amazon,SEUR,Convenience Stores,Convenience Stores,Seur - La Tienda Scum,La Tienda Scum,"Carrer de Huelva, 102","Carrer de Huelva, 102",11.58,100.0,84.85,True,True,False,True,True,False,Co-location,distance <= 15m and strong text match
702,1110,703,1111,Amazon,SEUR,Convenience Stores,Convenience Stores,Seur - Estanc 294,Estanc 294,"C. del Concilio de Trento, 126","C. del Concilio de Trento, 126",4.18,100.0,80.0,True,True,False,True,True,False,Co-location,distance <= 5m
704,1108,705,1109,Amazon,SEUR,Convenience Stores,Convenience Stores,Amazon Counter - Tabacs Exp. 412 Barcelona,Estanco 412,"Carrer de Cantàbria, 42","Carrer de Cantàbria, 42",9.04,100.0,32.0,True,True,False,True,True,False,Co-location,distance <= 15m and strong text match
706,707,707,708,Amazon,Amazon,Locker,Convenience Stores,Citypaq Lockerss-Correos Barcelona Suc 27. Sant Mar,Correos - Barcelona Suc 27. Sant Marti,"Rambla de Guipúscoa, 119","Rambla de Guipúscoa, 119",2.0,100.0,77.65,True,True,True,False,True,False,Multi-service same company,distance <= 5m
708,1113,709,1114,Amazon,SEUR,Convenience Stores,Convenience Stores,Seur - Estanco 210,Estanco 210,"Gran Via de les Corts Catalanes, 1076","Gran Via de les Corts Catalanes, 1076",6.49,100.0,81.48,True,True,False,True,True,False,Co-location,distance <= 15m and strong text match
712,2054,713,2055,Amazon,UPS,Locker,Convenience Stores,Amazon Lockers - Indianapolis,P Taquilla Saba Pau Casals,Av. de Pau Casals,Av. de Pau Casals,2.68,100.0,18.87,False,False,False,False,True,False,Co-location,distance <= 5m
714,2242,715,2243,Amazon,Pudo,Locker,Click&Collect,Amazon Lockers - Hades,Saba Travessera De Gracia 43,"Travessera de Gràcia, 43","Travessera de Gràcia, 43",9.63,100.0,33.33,True,True,False,False,True,False,Co-location,distance <= 15m and strong text match
714,2058,715,2059,Amazon,UPS,Locker,Convenience Stores,Amazon Lockers - Hades,P Taquilla Saba Trav Gracia 43,"Travessera de Gràcia, 43","Travessera de Gràcia, 43",12.47,100.0,20.0,True,True,False,False,True,False,Co-location,distance <= 15m and strong text match
717,2224,718,2225,Amazon,Pudo,Locker,Click&Collect,Amazon Lockers - Abando,Caprabo Bigay,"Carrer de Bigai, 6, Sarrià-Sant Gervasi","Carrer de Bigai, 6",2.83,62.96,29.41,True,True,False,False,True,False,Co-location,distance <= 5m
717,2060,718,2061,Amazon,UPS,Locker,Convenience Stores,Amazon Lockers - Abando,P Taquilla Caprabo Bigay,"Carrer de Bigai, 6, Sarrià-Sant Gervasi","Carrer de Bigai, 6",4.99,62.96,35.56,True,True,False,False,True,False,Co-location,distance <= 5m
723,1130,724,1131,Amazon,SEUR,Convenience Stores,Convenience Stores,Seur - Puericultura Paz Mare,Puericultura Paz Mare,"C. de Muntaner, 537","C. de Muntaner, 537",1.75,100.0,89.36,True,True,False,True,True,False,Co-location,distance <= 5m
724,1648,725,1649,Amazon,Ctt Express,Convenience Stores,Convenience Stores,Amazon Counter - M Mobile.,M Mobile,"C. de Muntaner, 558","C. de Muntaner, 558",9.68,100.0,51.61,True,True,False,True,True,False,Co-location,distance <= 15m and strong text match
725,1649,726,1650,Amazon,Ctt Express,Convenience Stores,Convenience Stores,Amazon Counter - Rs Mobil Wifi,Rs Mobil Wifi,"Pg. de St. Gervasi, 84","Pg. de St. Gervasi, 84",13.02,100.0,63.41,True,True,False,True,True,False,Co-location,distance <= 15m and strong text match
726,1647,727,1648,Amazon,Ctt Express,Convenience Stores,Convenience Stores,Amazon Counter - Icircuit Bcn,Icircuit Bcn,"C. de Muntaner, 516","C. de Muntaner, 516",8.49,100.0,61.54,True,True,False,True,True,False,Co-location,distance <= 15m and strong text match
730,1133,731,1134,Amazon,SEUR,Locker,Locker,Amazon Lockers - Arrinda,Seur Lockers Caprabo Escip,"Carrer d'Escipió, 22","Carrer d'Escipió, 22",2.87,100.0,50.0,True,True,False,True,True,False,Co-location,distance <= 5m
730,2064,731,2065,Amazon,UPS,Locker,Convenience Stores,Amazon Lockers - Arrinda,P Taquilla Caprabo Escipio,"Carrer d'Escipió, 22","Carrer d'Escipió, 22",12.53,100.0,20.83,True,True,False,False,True,False,Co-location,distance <= 15m and strong text match
739,1142,740,1143,Amazon,SEUR,Locker,Convenience Stores,Amazon Lockers - Armental,Llibreria Estel,"Carrer de Pi i Margall, 77","Carrer de Sardenya, 499",4.4,59.57,31.58,True,False,False,False,True,False,Co-location,distance <= 5m
743,1657,744,1658,Amazon,Ctt Express,Convenience Stores,Convenience Stores,Usp-Amazon Counter - Llibreria Libro De Oro,Libro De Oro,"Carrer de Pi i Margall, 101","Carrer de Pi i Margall, 101",0.89,100.0,45.28,True,True,False,True,True,False,Co-location,distance <= 5m
744,2350,745,2351,Amazon,Correos,Convenience Stores,Locker,Correos - Barcelona Suc 2. El Guinardá,BARCELONA SUC 2. EL GUINARDÓ,"Carrer de Pau Alsina, 131",Car. Pau Alsina 131,4.82,85.71,83.87,True,True,False,False,True,False,Co-location,distance <= 5m
745,1140,746,1141,Amazon,SEUR,Locker,Locker,Amazon Lockers - Lougre,Seur Lockers Bsm Placa Joa,"Carrer de l'Escorial, 1","Carrer de l'Escorial, 1",4.54,100.0,46.81,True,True,False,True,True,False,Co-location,distance <= 5m
749,1148,750,1149,Amazon,SEUR,Locker,Locker,Amazon Lockers - Almendral,Seur Lockers Caprabo Casti,"Carrer de los Castillejos, 320","Carrer de los Castillejos, 320",12.94,100.0,48.0,True,True,False,True,True,False,Co-location,distance <= 15m and strong text match
752,753,753,754,Amazon,Amazon,Convenience Stores,Locker,Correos - Barcelona Suc 24. Sagrada Familia,Citypaq Lockerss-Correos Barcelona Suc 24. Sagrada,"Carrer de los Castillejos, 276","Carrer de los Castillejos, 276",0.0,100.0,71.91,True,True,True,False,True,False,Multi-service same company,distance <= 5m
758,761,759,762,Amazon,Amazon,Convenience Stores,Convenience Stores,Amazon Counter - Locutorio Gaudi..,Amazon Counter - Super Primo,"Carrer de la Indústria, 142","Carrer de la Indústria, 147",2.6,96.15,67.86,True,False,True,True,True,True,Possible duplicate,distance <= 5m
758,1667,759,1668,Amazon,Ctt Express,Convenience Stores,Convenience Stores,Amazon Counter - Locutorio Gaudi..,Super Primo,"Carrer de la Indústria, 142","Carrer de la Indústria, 147",3.75,96.15,34.15,True,False,False,True,True,False,Co-location,distance <= 5m
758,1160,759,1161,Amazon,SEUR,Convenience Stores,Convenience Stores,Amazon Counter - Locutorio Gaudi..,Locutorio Gaudi..,"Carrer de la Indústria, 142","Carrer de la Indústria, 142",3.96,100.0,66.67,True,True,False,True,True,False,Co-location,distance <= 5m
761,1667,762,1668,Amazon,Ctt Express,Convenience Stores,Convenience Stores,Amazon Counter - Super Primo,Super Primo,"Carrer de la Indústria, 147","Carrer de la Indústria, 147",4.56,100.0,59.46,True,True,False,True,True,False,Co-location,distance <= 5m
762,763,763,764,Amazon,Amazon,Convenience Stores,Convenience Stores,Amazon Counter - Ferreteria Entretuercas,Seur - Ferreteria Entretuercas,"Carrer de Còrsega, 659","Carrer de Còrsega, 659",0.0,100.0,78.79,True,True,True,True,True,True,Possible duplicate,distance <= 5m
769,1172,770,1173,Amazon,SEUR,Convenience Stores,Convenience Stores,Seur - Fotoprinton,Fotoprinton,"Av. Meridiana, 319","Av. Meridiana, 319",4.68,100.0,81.48,True,True,False,True,True,False,Co-location,distance <= 5m
777,818,778,819,Amazon,Amazon,Locker,Locker,Amazon Lockers - Gamuza,Amazon Lockers - Gamuza,"Carrer de les Monges, 6","Carrer de les Monges, 6",6.26,100.0,100.0,True,True,True,True,True,True,Possible duplicate,distance <= 15m and strong text match
781,823,782,824,Amazon,Amazon,Locker,Locker,Amazon Lockers - Carotina,Amazon Lockers - Carotina,"Pg. de Fabra i Puig, 229","Pg. de Fabra i Puig, 229",2.0,100.0,100.0,True,True,True,True,True,True,Possible duplicate,distance <= 5m
787,2091,788,2092,Amazon,UPS,Convenience Stores,Convenience Stores,Amazon Counter - Vapstoresagrera,Vapstore Sagrera,"C. Pardo, 9","C. Pardo, 9, San Andrés de Palomar",1.79,45.0,65.22,True,True,False,True,True,False,Co-location,distance <= 5m
793,794,794,795,Amazon,Amazon,Locker,Convenience Stores,Amazon Lockers - Rived,Usp- Amazon Counter - Quiosc Rosellã3 28-30,"C/ de Rocafort, 233","C/ de Rocafort, 234",0.0,94.12,46.67,True,False,True,False,True,False,Multi-service same company,distance <= 5m
795,796,796,797,Amazon,Amazon,Locker,Locker,Amazon Lockers - Dedalo,Amazon Lockers - Hefesto,"Av. de Josep Tarradellas, 64","Av. de Josep Tarradellas, 64",0.0,100.0,79.07,True,True,True,True,True,True,Possible duplicate,distance <= 5m
795,2106,796,2107,Amazon,UPS,Locker,Convenience Stores,Amazon Lockers - Dedalo,P Taquilla Saba Tarradellas 2,"Av. de Josep Tarradellas, 64","Av. de Josep Tarradellas, 64",1.79,100.0,24.0,True,True,False,False,True,False,Co-location,distance <= 5m
796,2106,797,2107,Amazon,UPS,Locker,Convenience Stores,Amazon Lockers - Hefesto,P Taquilla Saba Tarradellas 2,"Av. de Josep Tarradellas, 64","Av. de Josep Tarradellas, 64",1.79,100.0,23.53,True,True,False,False,True,False,Co-location,distance <= 5m
798,805,799,806,Amazon,Amazon,Convenience Stores,Convenience Stores,Seur - Oro Mobils,Amazon Counter - Oro Mobils,"Av. de Josep Tarradellas, 48","Av. de Josep Tarradellas, 48",3.23,100.0,65.0,True,True,True,True,True,True,Possible duplicate,distance <= 5m
798,1192,799,1193,Amazon,SEUR,Convenience Stores,Convenience Stores,Seur - Oro Mobils,Oro Mobils,"Av. de Josep Tarradellas, 48","Av. de Josep Tarradellas, 48",3.69,100.0,80.0,True,True,False,True,True,False,Co-location,distance <= 5m
803,2105,804,2106,Amazon,UPS,Locker,Convenience Stores,Amazon Lockers - Helsinki,P Taquilla Saba Tarradellas 1,"Av. de Josep Tarradellas, 139","Av. de Josep Tarradellas, 139",1.79,100.0,23.08,True,True,False,False,True,False,Co-location,distance <= 5m
805,1192,806,1193,Amazon,SEUR,Convenience Stores,Convenience Stores,Amazon Counter - Oro Mobils,Oro Mobils,"Av. de Josep Tarradellas, 48","Av. de Josep Tarradellas, 48",2.83,100.0,57.14,True,True,False,True,True,False,Co-location,distance <= 5m
807,809,808,810,Amazon,Amazon,Locker,Locker,Amazon Lockers - Judit,Citypaq Lockerss-Bluespace,"Pont del Potosí, 5","Pont del Potosí, 5",8.99,100.0,47.83,True,True,True,True,True,True,Possible duplicate,distance <= 15m and strong text match
820,1213,821,1214,Amazon,SEUR,Convenience Stores,Convenience Stores,Amazon Counter - Los Pirineos,Los Pirineos,"Carrer del Dr. Letamendi, 18","Carrer del Dr. Letamendi, 18",9.39,100.0,61.54,True,True,False,True,True,False,Co-location,distance <= 15m and strong text match
820,1706,821,1707,Amazon,Ctt Express,Convenience Stores,Convenience Stores,Amazon Counter - Los Pirineos,Los Pirineos,"Carrer del Dr. Letamendi, 18","Carrer del Dr. Letamendi, 18",14.42,100.0,61.54,True,True,False,True,True,False,Co-location,distance <= 15m and strong text match
822,2115,823,2116,Amazon,UPS,Locker,Convenience Stores,Amazon Lockers - Allegue,Quiosco Passeig De La Peira,"Passeig de la Peira, 41","Passeig de la Peira, 41",8.0,100.0,24.49,True,True,False,False,True,False,Co-location,distance <= 15m and strong text match
835,1951,836,1952,Amazon,Nacex,Convenience Stores,Convenience Stores,Seur - Paper Groc,Paper Groc,"C. del Sagrado Corazón, 19","C. del Sagrado Corazón, 19",10.44,100.0,80.0,True,True,False,True,True,False,Co-location,distance <= 15m and strong text match
835,1234,836,1235,Amazon,SEUR,Convenience Stores,Convenience Stores,Seur - Paper Groc,Paper Groc,"C. del Sagrado Corazón, 19","C. del Sagrado Corazón, 19",10.82,100.0,80.0,True,True,False,True,True,False,Co-location,distance <= 15m and strong text match
841,843,842,844,Amazon,Amazon,Convenience Stores,Convenience Stores,Seur - Maa Moviles,Amazon Counter - Maa Moviles,"C. de Muntaner, 125","C. de Muntaner, 125",7.16,100.0,66.67,True,True,True,True,True,True,Possible duplicate,distance <= 15m and strong text match
844,1249,845,1250,Amazon,SEUR,Convenience Stores,Convenience Stores,Amazon Counter - Open Super Fresco,Open Super Fresco,"Carrer del Rosselló, 145","Carrer del Rosselló, 145",2.53,100.0,69.39,True,True,False,True,True,False,Co-location,distance <= 5m
846,1253,847,1254,Amazon,SEUR,Locker,Locker,Amazon Lockers - Hathor,Seur Lockers Pkn Saba Pau,"C. de Pau Claris, 174","C. de Pau Claris, 174",10.2,100.0,43.48,True,True,False,True,True,False,Co-location,distance <= 15m and strong text match
846,2199,847,2200,Amazon,Pudo,Locker,Click&Collect,Amazon Lockers - Hathor,Parking Saba Pau Claris,"C. de Pau Claris, 174","Carrer de Pau Claris, 174",13.78,88.37,27.27,True,True,False,False,True,False,Co-location,distance <= 15m and strong text match
849,1749,850,1750,Amazon,Ctt Express,Convenience Stores,Convenience Stores,Amazon Counter - Ayyan Mobiles.,Ayyan Mobiles,"Carrer del Turó de la Trinitat, 56","Carrer del Turó de la Trinitat, 56",3.06,100.0,63.41,True,True,False,True,True,False,Co-location,distance <= 5m
850,1746,851,1747,Amazon,Ctt Express,Convenience Stores,Convenience Stores,Amazon Counter - Arkways,Arkways,"Carrer del Turó de la Trinitat, 41","Carrer del Turó de la Trinitat, 41",6.49,100.0,48.28,True,True,False,True,True,False,Co-location,distance <= 15m and strong text match
852,853,853,854,Amazon,Amazon,Convenience Stores,Convenience Stores,Amazon Counter - Bazar Saith - Ferretería,Seur - Bazar Saith,"Carrer de Finestrelles, 52","Carrer de Finestrelles, 52",0.0,100.0,52.83,True,True,True,True,True,True,Possible duplicate,distance <= 5m
852,1229,853,1230,Amazon,SEUR,Convenience Stores,Convenience Stores,Amazon Counter - Bazar Saith - Ferretería,Bazar Saith,"Carrer de Finestrelles, 52","Carrer de Finestrelles, 52",0.64,100.0,45.83,True,True,False,True,True,False,Co-location,distance <= 5m
852,1741,853,1742,Amazon,Ctt Express,Convenience Stores,Convenience Stores,Amazon Counter - Bazar Saith - Ferretería,Bazar Saith Ferretería,"Carrer de Finestrelles, 52","Carrer de Finestrelles, 52",2.66,100.0,74.58,True,True,False,True,True,False,Co-location,distance <= 5m
852,2145,853,2146,Amazon,UPS,Convenience Stores,Convenience Stores,Amazon Counter - Bazar Saith - Ferretería,Basar Saith Ferreteria,"Carrer de Finestrelles, 52","Carrer de Finestrelles, 52",5.0,100.0,71.19,True,True,False,True,True,False,Co-location,distance <= 15m and strong text match
852,1966,853,1967,Amazon,Nacex,Convenience Stores,Convenience Stores,Amazon Counter - Bazar Saith - Ferretería,Bazar Ferreteria Saith (0821-27),"Carrer de Finestrelles, 52","Carrer de Finestrelles, 52",5.67,100.0,47.76,True,True,False,True,True,False,Co-location,distance <= 15m and strong text match
853,1229,854,1230,Amazon,SEUR,Convenience Stores,Convenience Stores,Seur - Bazar Saith,Bazar Saith,"Carrer de Finestrelles, 52","Carrer de Finestrelles, 52",0.64,100.0,81.48,True,True,False,True,True,False,Co-location,distance <= 5m
853,1741,854,1742,Amazon,Ctt Express,Convenience Stores,Convenience Stores,Seur - Bazar Saith,Bazar Saith Ferretería,"Carrer de Finestrelles, 52","Carrer de Finestrelles, 52",2.66,100.0,57.89,True,True,False,True,True,False,Co-location,distance <= 5m
853,2145,854,2146,Amazon,UPS,Convenience Stores,Convenience Stores,Seur - Bazar Saith,Basar Saith Ferreteria,"Carrer de Finestrelles, 52","Carrer de Finestrelles, 52",5.0,100.0,52.63,True,True,False,True,True,False,Co-location,distance <= 15m and strong text match
853,1966,854,1967,Amazon,Nacex,Convenience Stores,Convenience Stores,Seur - Bazar Saith,Bazar Ferreteria Saith (0821-27),"Carrer de Finestrelles, 52","Carrer de Finestrelles, 52",5.67,100.0,47.83,True,True,False,True,True,False,Co-location,distance <= 15m and strong text match
854,1230,855,1231,Amazon,SEUR,Convenience Stores,Convenience Stores,Seur - Estanc 314,Estanc 314,"Carrer de la Mare de Déu de Lorda, 17","Carrer de la Mare de Déu de Lorda, 17",3.54,100.0,80.0,True,True,False,True,True,False,Co-location,distance <= 5m
864,1751,865,1752,Amazon,Ctt Express,Locker,Convenience Stores,Amazon Locker - Color Estanco 375,Estanco (Arenys 82),"Carrer d'Arenys, 82","Carrer d'Arenys, 82",7.29,100.0,33.33,True,True,False,False,True,False,Co-location,distance <= 15m and strong text match
866,1275,867,1276,Amazon,SEUR,Convenience Stores,Convenience Stores,Seur - Re Emocio Art,Re Emocio Art,"Carrer de Barcelona, 116","Carrer de Barcelona, 116",6.58,100.0,83.87,True,True,False,True,True,False,Co-location,distance <= 15m and strong text match
872,1765,873,1766,Amazon,Ctt Express,Convenience Stores,Convenience Stores,Amazon Counter - Luna Telefonía,Luna Telefonía,"Carrer Josep Maria de Sagarra, 36, LOCAL 3","Carrer Josep Maria de Sagarra, 36",5.17,88.89,65.12,True,True,False,True,True,False,Co-location,distance <= 15m and strong text match
872,1278,873,1279,Amazon,SEUR,Convenience Stores,Convenience Stores,Amazon Counter - Luna Telefonía,Luna Telefonia,"Carrer Josep Maria de Sagarra, 36, LOCAL 3","Carrer Josep Maria de Sagarra, 36",7.71,88.89,65.12,True,True,False,True,True,False,Co-location,distance <= 15m and strong text match
873,1270,874,1271,Amazon,SEUR,Convenience Stores,Convenience Stores,Seur - Tabacs Estanc Rambla,Tabacs Estanc Rambla,"Rambla Just Oliveras, 67","Rambla Just Oliveras, 67",9.45,100.0,88.89,True,True,False,True,True,False,Co-location,distance <= 15m and strong text match
876,1274,877,1275,Amazon,SEUR,Locker,Convenience Stores,Seur - Techno Claus,Techno Claus,"Av. de Josep Tarradellas i Joan, 164","Av. de Josep Tarradellas i Joan, 164",10.24,100.0,82.76,True,True,False,False,True,False,Co-location,distance <= 15m and strong text match
878,1979,879,1980,Amazon,Nacex,Convenience Stores,Convenience Stores,Amazon Counter - Nani's,Panaderia Degustacion Nani`S (0841-29),"Avinguda Carmen Amaya, 22, L'Hospitalet de Llobregat","Av. Carmen Amaya, 22",3.6,52.94,38.6,True,True,False,True,True,False,Co-location,distance <= 5m
879,1979,880,1980,Amazon,Nacex,Convenience Stores,Convenience Stores,Amazon Counter - Estanco Loteria Gornal,Panaderia Degustacion Nani`S (0841-29),"Av. Carmen Amaya, 22","Av. Carmen Amaya, 22",9.41,100.0,30.14,True,True,False,True,True,False,Co-location,distance <= 15m and strong text match
882,1772,883,1773,Amazon,Ctt Express,Convenience Stores,Convenience Stores,Amazon Counter - Sandys Bar,Sandys Bar,"Carrer de Natzaret, 31","Carrer de Natzaret, 31",6.19,100.0,57.14,True,True,False,True,True,False,Co-location,distance <= 15m and strong text match
884,885,885,886,Amazon,Amazon,Convenience Stores,Convenience Stores,Seur - Europa Fira Moviles Y Loc,Amazon Counter - Europa Fira Moviles Y Locutorio,"Carrer de Natzaret, 40","Carrer de Natzaret, 41",0.0,95.24,73.68,True,False,True,True,True,True,Possible duplicate,distance <= 5m
884,1873,885,1874,Amazon,Gls,Convenience Stores,Convenience Stores,Seur - Europa Fira Moviles Y Loc,Ps Europa Fira Moviles Y Locutorio,"Carrer de Natzaret, 40","Carrer de Natzaret, 40, LOCAL 2",3.04,84.0,84.38,True,True,False,True,True,False,Co-location,distance <= 5m
884,1978,885,1979,Amazon,Nacex,Convenience Stores,Convenience Stores,Seur - Europa Fira Moviles Y Loc,Europa Fira Moviles Y Locutorio (0841-43),"Carrer de Natzaret, 40","Carrer de Natzaret, 40",3.53,100.0,72.46,True,True,False,True,True,False,Co-location,distance <= 5m
884,1409,885,1410,Amazon,Dhl,Convenience Stores,Convenience Stores,Seur - Europa Fira Moviles Y Loc,Europa Fira Moviles Y Locutorio,"Carrer de Natzaret, 40","Carrer de Natzaret, 40",6.01,100.0,81.97,True,True,False,True,True,False,Co-location,distance <= 15m and strong text match
884,1282,885,1283,Amazon,SEUR,Convenience Stores,Convenience Stores,Seur - Europa Fira Moviles Y Loc,Europa Fira Moviles Y Loc,"Carrer de Natzaret, 40","Carrer de Natzaret, 40",6.75,100.0,90.91,True,True,False,True,True,False,Co-location,distance <= 15m and strong text match
885,1873,886,1874,Amazon,Gls,Convenience Stores,Convenience Stores,Amazon Counter - Europa Fira Moviles Y Locutorio,Ps Europa Fira Moviles Y Locutorio,"Carrer de Natzaret, 41","Carrer de Natzaret, 40, LOCAL 2",3.04,80.0,80.0,True,False,False,True,True,False,Co-location,distance <= 5m
885,1978,886,1979,Amazon,Nacex,Convenience Stores,Convenience Stores,Amazon Counter - Europa Fira Moviles Y Locutorio,Europa Fira Moviles Y Locutorio (0841-43),"Carrer de Natzaret, 41","Carrer de Natzaret, 40",3.53,95.24,72.94,True,False,False,True,True,False,Co-location,distance <= 5m
885,1409,886,1410,Amazon,Dhl,Convenience Stores,Convenience Stores,Amazon Counter - Europa Fira Moviles Y Locutorio,Europa Fira Moviles Y Locutorio,"Carrer de Natzaret, 41","Carrer de Natzaret, 40",6.01,95.24,80.52,True,False,False,True,True,False,Co-location,distance <= 15m and strong text match
887,1782,888,1783,Amazon,Ctt Express,Convenience Stores,Convenience Stores,Amazon Counter - Bismilah Agencia De Viajes,Bismilah Agencia De Viajes,"Carrer del Doctor Martí Julià, 77","Carrer del Doctor Martí Julià, 77",4.79,100.0,77.61,True,True,False,True,True,False,Co-location,distance <= 5m
888,1785,889,1786,Amazon,Ctt Express,Convenience Stores,Convenience Stores,Amazon Counter - A&L Envios,A&L Envios,"C. de Rafael Campalans, 113","C. de Rafael Campalans, 113",11.36,100.0,57.14,True,True,False,True,True,False,Co-location,distance <= 15m and strong text match
892,1784,893,1785,Amazon,Ctt Express,Convenience Stores,Convenience Stores,Amazon Counter - Abbottabad Locutorio,Abbottabad Locutorio,"C/ de Holanda, 52","C/ de Holanda, 52",9.54,100.0,72.73,True,True,False,True,True,False,Co-location,distance <= 15m and strong text match
893,1285,894,1286,Amazon,SEUR,Convenience Stores,Locker,Amazon Counter - Paquetería Bello.,Seur Locker Buena Tinta S,"C. de Santiago Apóstol, 81","C. de Santiago Apóstol, 81",9.08,100.0,32.14,True,True,False,False,True,False,Co-location,distance <= 15m and strong text match
896,901,897,902,Amazon,Amazon,Locker,Convenience Stores,Amazon Locker - Coucheiro Envíos S&S Y Más,Amazon Counter - S & S Envíos Y Mas,"Carrer de Vallparda, 76","Carrer de Vallparda, 76",9.61,100.0,67.61,True,True,True,False,True,False,Multi-service same company,distance <= 15m and strong text match
899,1971,900,1972,Amazon,Nacex,Convenience Stores,Convenience Stores,Amazon Counter - El Trevolet De L ́Hospittalet,El Trevolet De L`Hospittalet (0841-42),"Carrer de Pujós, 54","Carrer de Pujós, 54",3.74,100.0,70.89,True,True,False,True,True,False,Co-location,distance <= 5m
899,2159,900,2160,Amazon,UPS,Convenience Stores,Convenience Stores,Amazon Counter - El Trevolet De L ́Hospittalet,Fnx-El Trevolet De Lhospittalet,"Carrer de Pujós, 54","Carrer de Pujós, 54",3.89,100.0,78.38,True,True,False,True,True,False,Co-location,distance <= 5m
904,1291,905,1292,Amazon,SEUR,Convenience Stores,Convenience Stores,Seur - Mobile Experts,Mobile Experts,"Avinguda del Torrent Gornal, 68","Avinguda del Torrent Gornal, 68",11.33,100.0,84.85,True,True,False,True,True,False,Co-location,distance <= 15m and strong text match
906,1293,907,1294,Amazon,SEUR,Convenience Stores,Convenience Stores,Seur - Gs Envios Cl Mas,Gs Envios Cl Mas,"C Mas, 81","C Mas, 81",13.8,100.0,86.49,True,True,False,True,True,False,Co-location,distance <= 15m and strong text match
909,1804,910,1805,Amazon,Ctt Express,Convenience Stores,Convenience Stores,Amazon Counter - Sose Travel,Sose Travel,"Avinguda Miraflores, 6","Avinguda Miraflores, 6",1.98,100.0,59.46,True,True,False,True,True,False,Co-location,distance <= 5m
910,923,911,924,Amazon,Amazon,Locker,Locker,"Citypaq Lockers-Correos Hospitalet De Llobregat, L",Correos - L'hospitalet De Llobregat Suc 3 . Pubill,"Carrer del Pedraforca, 105","Carrer del Pedraforca, 105",10.49,100.0,69.47,True,True,True,True,True,True,Possible duplicate,distance <= 15m and strong text match
916,1799,917,1800,Amazon,Ctt Express,Convenience Stores,Convenience Stores,Amazon Counter - Global Express,Global Express,"Carrer Menorca, 6","Carrer Menorca, 6",6.93,100.0,65.12,True,True,False,True,True,False,Co-location,distance <= 15m and strong text match
919,1797,920,1798,Amazon,Ctt Express,Convenience Stores,Convenience Stores,Amazon Counter - Global De Envios Hn 504,Global De Envios Hn 504,"C. de la Alegría, 45","C. de la Alegría, 45",2.49,100.0,75.41,True,True,False,True,True,False,Co-location,distance <= 5m
925,1810,926,1811,Amazon,Ctt Express,Convenience Stores,Convenience Stores,Amazon Counter - Supermercado Hospitalet,Supermercado Hospitalet,"Av. Severo Ochoa, 124","Av. Severo Ochoa, 124",13.65,100.0,75.41,True,True,False,True,True,False,Co-location,distance <= 15m and strong text match
927,1813,928,1814,Amazon,Ctt Express,Convenience Stores,Convenience Stores,Amazon Counter - Compro Oro Jaragua.,Compro Oro Jaragua.,"Av. Severo Ochoa, 117","Av. Severo Ochoa, 117",5.39,100.0,70.59,True,True,False,True,True,False,Co-location,distance <= 15m and strong text match
930,1809,931,1810,Amazon,Ctt Express,Convenience Stores,Convenience Stores,Amazon Counter - Habib Mobils,Habib Mobils,"Carrer Luarca, 4","Carrer Luarca, 4L",13.59,96.77,61.54,False,False,False,True,True,False,Co-location,distance <= 15m and strong text match
935,1812,936,1813,Amazon,Ctt Express,Convenience Stores,Convenience Stores,Amazon Counter - Universal Service .,Universal Service,"Carrer de la Maladeta, 26","Carrer de la Maladeta, 26",9.37,100.0,69.39,True,True,False,True,True,False,Co-location,distance <= 15m and strong text match
937,1808,938,1809,Amazon,Ctt Express,Convenience Stores,Convenience Stores,Amazon Counter - Bhatti Locutorio,Bhatti Locutorio,"Avinguda del Bosc, 37","Avinguda del Bosc, 37",4.79,100.0,68.09,True,True,False,True,True,False,Co-location,distance <= 5m
939,1304,940,1305,Amazon,SEUR,Convenience Stores,Convenience Stores,Seur - Multipreu,Multipreu,"Carrer del Prat, 22","Carrer del Prat, 22",5.64,100.0,78.26,True,True,False,True,True,False,Co-location,distance <= 15m and strong text match
941,945,942,946,Amazon,Amazon,Convenience Stores,Locker,Correos - L'hospitalet De Llobregat Suc 2. Bellvit,"Citypaq Lockers-Correos Hospitalet De Llobregat, L","Rambla de la Marina, 82","Rambla de la Marina, 82",10.02,100.0,68.75,True,True,True,False,True,False,Multi-service same company,distance <= 15m and strong text match
956,1987,957,1988,SEUR,UPS,Locker,Convenience Stores,Seur Lockers Pkn Saba Para,P Taquilla Pk Saba Paralel,"Carrer de l'Abat Safont, 2","Carrer de l'Abat Safont, 2",0.76,100.0,57.69,True,True,False,False,True,False,Co-location,distance <= 5m
958,1985,959,1986,SEUR,UPS,Locker,Convenience Stores,Seur Lockers Pkn Saba Plaz,P Taquilla Pk Saba Pz D Angels,"Carrer dels Àngels, 1","Carrer dels Àngels, 1",9.01,100.0,46.43,True,True,False,False,True,False,Co-location,distance <= 15m and strong text match
962,1988,963,1989,SEUR,UPS,Locker,Convenience Stores,Seur Lockers Pki Las Rambl,P Taquilla Intpkg Las Ramblas,"La Rambla, 20","La Rambla, 20",1.24,100.0,50.91,True,True,False,False,True,False,Co-location,distance <= 5m
966,1993,967,1994,SEUR,UPS,Convenience Stores,Convenience Stores,Envios Edl,Edl Envios,"Plaça de la Llana, 10","Plaça de la Llana, 10",4.83,100.0,60.0,True,True,False,True,True,False,Co-location,distance <= 5m
967,1991,968,1992,SEUR,UPS,Locker,Convenience Stores,Seur Lockers Saba Francesc,P Taquilla Saba Francesc Cambo,"Av. de Francesc Cambó, 10","Av. de Francesc Cambó, 10",2.17,100.0,57.14,True,True,False,False,True,False,Co-location,distance <= 5m
981,1996,982,1997,SEUR,UPS,Locker,Convenience Stores,Seur Lockers Pk Mata Tres,P Taquilla Indigo M 3 Chimenea,"Calle de Vila i Vila, 44","Calle de Vila i Vila, 44",13.61,100.0,21.82,True,True,False,False,True,False,Co-location,distance <= 15m and strong text match
989,2000,990,2001,SEUR,UPS,Locker,Convenience Stores,Seur Lockers Centre Vila,P Taquilla Centre La Vila,"Carrer de Salvador Espriu, 61","Carrer de Salvador Espriu, 61",2.72,100.0,57.14,True,True,False,False,True,False,Co-location,distance <= 5m
989,2248,990,2249,SEUR,Pudo,Locker,Click&Collect,Seur Lockers Centre Vila,Centre La Vila,"Carrer de Salvador Espriu, 61","Carrer de Salvador Espriu, 61",14.42,100.0,57.89,True,True,False,False,True,False,Co-location,distance <= 15m and strong text match
993,1997,994,1998,SEUR,UPS,Convenience Stores,Convenience Stores,Quiosco Maria,Quiosc Maria,"Carrer de Ramon Turró, 189","Carrer de Ramon Turró, 189",1.26,100.0,96.0,True,True,False,True,True,False,Co-location,distance <= 5m
995,2222,996,2223,SEUR,Pudo,Locker,Click&Collect,Seur Lockers Servicios Inf,Servicios InformãTicos De Barcelona,"Ronda del General Mitre, 148","Ronda del General Mitre, 148",6.4,100.0,41.94,True,True,False,False,True,False,Co-location,distance <= 15m and strong text match
996,2201,997,2202,SEUR,Pudo,Locker,Click&Collect,Seur Lockers Saba Placidia,Saba Gal-La PlacidãA,"Plaça de Gal·la Placídia, 2","Plaça de Gal·la Placídia, 2",4.07,100.0,51.06,True,True,False,False,True,False,Co-location,distance <= 5m
1001,2237,1002,2238,SEUR,Pudo,Locker,Click&Collect,Seur Lockers Saba Pza Cata,Saba Plaza De Catalunya,"Pl. de Catalunya, s/n","Pl. de Catalunya, s/n",7.76,100.0,53.06,False,False,False,False,True,False,Co-location,distance <= 15m and strong text match
1003,2009,1004,2010,SEUR,UPS,Locker,Convenience Stores,Seur Lockers Pkn Saba Pass,P Taquilla Pkg Saba Gracia Ii,"Passeig de Gràcia, 33","Passeig de Gràcia, 33",14.37,100.0,43.64,True,True,False,False,True,False,Co-location,distance <= 15m and strong text match
1004,1006,1005,1007,SEUR,SEUR,Locker,Locker,Seur Lockers Saba Gracia3,Seur Lockers Saba Gracia I,Passeig de Gràcias/n,Passeig de Gràcia s/n,14.27,97.56,94.12,False,False,True,True,True,True,Possible duplicate,distance <= 15m and strong text match
1009,1573,1010,1574,SEUR,Ctt Express,Convenience Stores,Convenience Stores,Alpha Mobile,Alpha Mobile,"Carrer de Trafalgar, 23","Carrer de Trafalgar, 23",2.16,100.0,100.0,True,True,False,True,True,False,Co-location,distance <= 5m
1010,2195,1011,2196,SEUR,Pudo,Locker,Click&Collect,Seur Lockers Pki Novedades,Parking Interparking Novedades,"Carrer de Casp, 13","Carrer de Casp, 13",6.34,100.0,60.71,True,True,False,False,True,False,Co-location,distance <= 15m and strong text match
1012,2012,1013,2013,SEUR,UPS,Locker,Convenience Stores,Seur Lockers Pkn Saba Urqu,P Taquilla Pk Saba Urquinaona,Pl. d'Urquinaona s/n,Pl. d'Urquinaona,3.45,88.24,54.55,False,False,False,False,True,False,Co-location,distance <= 5m
1013,2013,1014,2014,SEUR,UPS,Convenience Stores,Convenience Stores,De Compras 365,Decompras365.Com,"C. de Muntaner, 25","C. de Muntaner, 25",13.11,100.0,80.0,True,True,False,True,True,False,Co-location,distance <= 15m and strong text match
1014,2014,1015,2015,SEUR,UPS,Locker,Convenience Stores,Seur Lockers Parking Bypar,P Taquilla Bypark Villur Urgel,"Carrer del Comte d'Urgell, 56","Carrer del Comte d'Urgell, 56",2.93,100.0,32.14,True,True,False,False,True,False,Co-location,distance <= 5m
1014,2181,1015,2182,SEUR,Pudo,Locker,Click&Collect,Seur Lockers Parking Bypar,Parking Bypark Villur-Urgel,"Carrer del Comte d'Urgell, 56","Carrer del Comte d'Urgell, 56",3.17,100.0,49.06,True,True,False,False,True,False,Co-location,distance <= 5m
1020,2183,1021,2184,SEUR,Pudo,Locker,Click&Collect,Seur Lockers Pkn Saba Urge,Parking Saba Urgell,"Carrer del Comte d'Urgell, 12","Carrer del Comte d'Urgell, 12",12.35,100.0,57.78,True,True,False,False,True,False,Co-location,distance <= 15m and strong text match
1026,2205,1027,2206,SEUR,Pudo,Locker,Click&Collect,Seur Lockers Only Vapers T,Only Vapers Travessera,"Travessera de Gràcia, 163","Travessera de Gràcia, 163",3.37,100.0,54.17,True,True,False,False,True,False,Co-location,distance <= 5m
1027,1586,1028,1587,SEUR,Ctt Express,Convenience Stores,Convenience Stores,4g Mobils,4g Mobiles,"Travessera de Gràcia, 203","Travessera de Gràcia, 203",4.4,100.0,94.74,True,True,False,True,True,False,Co-location,distance <= 5m
1028,1588,1029,1589,SEUR,Ctt Express,Convenience Stores,Convenience Stores,Estanco Exp. Nâ°20,Estanco Exp. Nâ°20,"Carrer Gran de Gràcia, 219","Carrer Gran de Gràcia, 219",3.51,100.0,100.0,True,True,False,True,True,False,Co-location,distance <= 5m
1044,1871,1045,1872,SEUR,Gls,Convenience Stores,Convenience Stores,Ran Beer Supermercado,Ps Ranbeer Supermercat 2,"Carrer de la Riera Blanca, 213","Carrer de la Riera Blanca, 215",4.81,96.55,80.0,True,False,False,True,True,False,Co-location,distance <= 5m
1047,1917,1048,1918,SEUR,Nacex,Convenience Stores,Convenience Stores,Expendedurã­a 438,Estanc Barcelona Nâo 438,"C.de Berlín, 24","C.de Berlín, 24",0.07,100.0,48.78,True,True,False,True,True,False,Co-location,distance <= 5m
1052,2036,1053,2037,SEUR,UPS,Convenience Stores,Convenience Stores,Locutori Borrell Multiser,Locutori Borrell Multiserveis,"Carrer del Comte Borrell, 108","Carrer del Comte Borrell, 108",1.85,100.0,92.59,True,True,False,True,True,False,Co-location,distance <= 5m
1052,1605,1053,1606,SEUR,Ctt Express,Convenience Stores,Convenience Stores,Locutori Borrell Multiser,Locutori Borrell Multiserveis.,"Carrer del Comte Borrell, 108","Carrer del Comte Borrell, 108",6.33,100.0,92.59,True,True,False,True,True,False,Co-location,distance <= 15m and strong text match
1055,2037,1056,2038,SEUR,UPS,Locker,Convenience Stores,Seur Lockers Bicimarket Fl,P Taquilla Bici Floridablanca,"Carrer de Floridablanca, 83","Carrer de Floridablanca, 83",5.83,100.0,36.36,True,True,False,False,True,False,Co-location,distance <= 15m and strong text match
1057,2254,1058,2255,SEUR,Pudo,Locker,Click&Collect,Seur Lockers E.S. Galp Par,E.S. Galp Paralelo,"Av. del Paralelo, 132","Av. del Paralelo, 132",9.31,100.0,57.14,True,True,False,False,True,False,Co-location,distance <= 15m and strong text match
1057,2038,1058,2039,SEUR,UPS,Locker,Convenience Stores,Seur Lockers E.S. Galp Par,P Taquilla Galp Paralelo,"Av. del Paralelo, 132","Av. del Paralelo, 132",13.55,100.0,44.9,True,True,False,False,True,False,Co-location,distance <= 15m and strong text match
1060,2032,1061,2033,SEUR,UPS,Locker,Convenience Stores,Seur Lockers Pkn Saba Vale,P Taquilla Pk Saba Valencia,"Carrer de València, 77","Carrer de València, 77",5.46,100.0,56.6,True,True,False,False,True,False,Co-location,distance <= 15m and strong text match
1065,2253,1066,2254,SEUR,Pudo,Locker,Click&Collect,Seur Lockers C.C. Las Aren,C.C. Las Arenas,Gran Via de les Corts Catalanes,"Gran Via de les Corts Catalanes, planta Cúpula",2.15,81.58,61.54,False,False,False,False,True,False,Co-location,distance <= 5m
1068,1607,1069,1608,SEUR,Ctt Express,Convenience Stores,Convenience Stores,Moviles Informatica,Moviles Informatica,"Carrer d'Aragó, 99","Carrer d'Aragó, 99",6.07,100.0,100.0,True,True,False,True,True,False,Co-location,distance <= 15m and strong text match
1079,2218,1080,2219,SEUR,Pudo,Locker,Click&Collect,Seur Lockers Mr. Remesa,Mr. Remesa,"Pg. de Valldaura, 246","Pg. de Valldaura, 246",3.56,100.0,58.06,True,True,False,False,True,False,Co-location,distance <= 5m
1081,2039,1082,2040,SEUR,UPS,Convenience Stores,Convenience Stores,Al Noor Mobils,Full-Al Noor Mobils,"Carrer d'Argullós, 45","Carrer d'Argullós, 45",10.97,100.0,84.85,True,True,False,True,True,False,Co-location,distance <= 15m and strong text match
1093,2249,1094,2250,SEUR,Pudo,Locker,Click&Collect,Seur Lockers E.S. Galp Alm,E.S. Galp Almogavares,"Carrer dels Almogàvers, 66","Carrer dels Almogàvers, 66",3.18,100.0,53.33,True,True,False,False,True,False,Co-location,distance <= 5m
1098,2047,1099,2048,SEUR,UPS,Locker,Convenience Stores,Seur Lockers Galp Pujades,P Taquilla Galp Pujades,"Carrer de Bac de Roda, 66","Carrer de Bac de Roda, 66",6.28,100.0,62.5,True,True,False,False,True,False,Co-location,distance <= 15m and strong text match
1100,2250,1101,2251,SEUR,Pudo,Locker,Click&Collect,Seur Lockers Diagonal Mar,C.C. Diagonal Mar,"Av. Diagonal, 3","Av. Diagonal, 3",4.23,100.0,73.17,True,True,False,False,True,False,Co-location,distance <= 5m
1101,1103,1102,1104,SEUR,SEUR,Convenience Stores,Convenience Stores,Keyla Seguridad,Keyla Seguridad,"Carrer de Pallars, 343","Carrer de Pallars, 343",12.43,100.0,100.0,True,True,True,True,True,True,Possible duplicate,distance <= 15m and strong text match
1102,1632,1103,1633,SEUR,Ctt Express,Convenience Stores,Convenience Stores,Petit Bhatti Bazar,Basar Bhatti,"Carrer de la Selva de Mar, 34","Carrer de la Selva de Mar, 34",3.19,100.0,46.67,True,True,False,True,True,False,Co-location,distance <= 5m
1105,2211,1106,2212,SEUR,Pudo,Locker,Click&Collect,Seur Lockers Lidl Treball,Lidl Treball,"Carrer del Treball, 256","Carrer del Treball, 256",4.17,100.0,64.86,True,True,False,False,True,False,Co-location,distance <= 5m
1111,2051,1112,2052,SEUR,UPS,Convenience Stores,Convenience Stores,Cms Moviles,Kanguro Cms Mobiles,"CL/CORTS CATALANES, NÂo1182","Gran Via de les Corts Catalanes, 1182",3.34,70.97,66.67,False,False,False,True,True,False,Co-location,distance <= 5m
1114,1637,1115,1638,SEUR,Ctt Express,Convenience Stores,Convenience Stores,Aziz Telefonia,Aziz Telefonia,"Carrer del Maresme, 202","Carrer del Maresme, 202",6.01,100.0,100.0,True,True,False,True,True,False,Co-location,distance <= 15m and strong text match
1120,2241,1121,2242,SEUR,Pudo,Locker,Click&Collect,Seur Lockers Pkn Saba Trav,"Parking Saba Travessera, 17-21","Travessera de Gràcia, 17","Travessera de Gràcia, 17",10.0,100.0,47.27,True,True,False,False,True,False,Co-location,distance <= 15m and strong text match
1121,2239,1122,2240,SEUR,Pudo,Locker,Click&Collect,Seur Lockers Caprabo Calve,Caprabo Calvet,"Carrer de Calvet, 41","Carrer de Calvet, 41, 45",7.69,92.68,65.0,True,True,False,False,True,False,Co-location,distance <= 15m and strong text match
1121,2052,1122,2053,SEUR,UPS,Locker,Convenience Stores,Seur Lockers Caprabo Calve,P Taquilla Caprabo Calvet,"Carrer de Calvet, 41","Carrer de Calvet, 41 - 45",9.1,92.68,62.75,True,True,False,False,True,False,Co-location,distance <= 15m and strong text match
1122,2058,1123,2059,SEUR,UPS,Locker,Convenience Stores,Seur Lockers Saba Travesse,P Taquilla Saba Trav Gracia 43,"Travessera de Gràcia, 43","Travessera de Gràcia, 43",8.89,100.0,42.86,True,True,False,False,True,False,Co-location,distance <= 15m and strong text match
1122,2242,1123,2243,SEUR,Pudo,Locker,Click&Collect,Seur Lockers Saba Travesse,Saba Travessera De Gracia 43,"Travessera de Gràcia, 43","Travessera de Gràcia, 43",14.75,100.0,48.15,True,True,False,False,True,False,Co-location,distance <= 15m and strong text match
1129,2223,1130,2224,SEUR,Pudo,Locker,Click&Collect,Seur Lockers Caprabo Sant,Caprabo Sant Marius,"Carrer de Sant Màrius, 52","Carrer de Sant Màrius, 52",2.47,100.0,54.55,True,True,False,False,True,False,Co-location,distance <= 5m
1132,2066,1133,2067,SEUR,UPS,Convenience Stores,Convenience Stores,P K Moviles,Pk Moviles,"Carrer d'Agramunt, 8","Carrer d'Agramunt, 8 -10",13.01,92.68,95.24,True,True,False,True,True,False,Co-location,distance <= 15m and strong text match
1133,2064,1134,2065,SEUR,UPS,Locker,Convenience Stores,Seur Lockers Caprabo Escip,P Taquilla Caprabo Escipio,"Carrer d'Escipió, 22","Carrer d'Escipió, 22",10.97,100.0,61.54,True,True,False,False,True,False,Co-location,distance <= 15m and strong text match
1136,1656,1137,1657,SEUR,Ctt Express,Convenience Stores,Convenience Stores,Mobile Expert,Mobile Expert,"Av. de Vallcarca, 46","Av. de Vallcarca, 46",6.82,100.0,100.0,True,True,False,True,True,False,Co-location,distance <= 15m and strong text match
1147,2080,1148,2081,SEUR,UPS,Locker,Convenience Stores,Seur Lockers Saba Hospital,P Taquilla Saba Hos De San Pau,"Carrer del Mas Casanovas, 74","Carrer del Mas Casanovas, 74",9.43,100.0,46.43,True,True,False,False,True,False,Co-location,distance <= 15m and strong text match
1155,2207,1156,2208,SEUR,Pudo,Locker,Click&Collect,Seur Lockers Caprabo Sicil,Sup. Caprabo Sicilia,"C/ de Sicília, 406","C/ de Sicília, 406-408",4.25,88.89,71.11,True,True,False,False,True,False,Co-location,distance <= 5m
1162,2076,1163,2077,SEUR,UPS,Locker,Convenience Stores,Seur Lockers Ipk Creu Roja,P Taquilla Intpkg Creu Roja,"Carrer de Còrsega, 643","Carrer de Còrsega, 643",9.94,100.0,60.38,True,True,False,False,True,False,Co-location,distance <= 15m and strong text match
1165,2084,1166,2085,SEUR,UPS,Convenience Stores,Convenience Stores,Bol Mobil2,Full-Bol Mobils 2,"Carrer de Rogent, 13","Carrer de Rogent, 13",5.53,100.0,74.07,True,True,False,True,True,False,Co-location,distance <= 15m and strong text match
1168,1677,1169,1678,SEUR,Ctt Express,Convenience Stores,Convenience Stores,El Paisa 12 Bcn,El Paisa,"Carrer de València, 568","Carrer de València, 568",11.1,100.0,69.57,True,True,False,True,True,False,Co-location,distance <= 15m and strong text match
1171,2092,1172,2093,SEUR,UPS,Convenience Stores,Convenience Stores,Kiosko Alberto,Quiosc Alberto,"Av. Meridiana, 282","Av. Meridiana, 282",1.72,100.0,78.57,True,True,False,True,True,False,Co-location,distance <= 5m
1176,2173,1177,2174,SEUR,Pudo,Locker,Click&Collect,Seur Lockers Lidl Tolosa,Lidl Navas De Tolosa,"C. de las Navas de Tolosa, 318","C. de las Navas de Tolosa, 318",3.58,100.0,50.0,True,True,False,False,True,False,Co-location,distance <= 5m
1181,1486,1182,1487,SEUR,Celeritas,Convenience Stores,Convenience Stores,Estanc 319,Estanco,"Carrer de Galileu, 268","Carrer de Galileu, 268",11.43,100.0,70.59,True,True,False,True,True,False,Co-location,distance <= 15m and strong text match
1186,2172,1187,2173,SEUR,Pudo,Locker,Click&Collect,Seur Lockers Pkn Saba Carl,Parking Saba Carles Iii,"Gran Vía de Carlos III, 85","Gran Vía de Carlos III, 85",4.55,100.0,53.06,True,True,False,False,True,False,Co-location,distance <= 5m
1186,2098,1187,2099,SEUR,UPS,Locker,Convenience Stores,Seur Lockers Pkn Saba Carl,P Taquilla Pkg Saba Carles Iii,"Gran Vía de Carlos III, 85","Gran Vía de Carlos III, 85",9.8,100.0,53.57,True,True,False,False,True,False,Co-location,distance <= 15m and strong text match
1191,2104,1192,2105,SEUR,UPS,Locker,Convenience Stores,Seur Lockers Tarradellas 3,P Taquilla Saba Tarradellas 3,"Av. de Josep Tarradellas, 46","Av. de Josep Tarradellas, 46",6.45,100.0,54.55,True,True,False,False,True,False,Co-location,distance <= 15m and strong text match
1197,2107,1198,2108,SEUR,UPS,Locker,Convenience Stores,Seur Lockers Pki Car Berll,P Taquilla Indigo Car Berllin,"Carrer de Numància, 33","Carrer de Numància, 33",6.27,100.0,47.27,True,True,False,False,True,False,Co-location,distance <= 15m and strong text match
1209,2175,1210,2176,SEUR,Pudo,Locker,Click&Collect,Seur Lockers Lidl Bon Past,Lidl Bon Pastor,"C/ San Adrián, 154","C/ San Adrián, 154",14.03,100.0,63.41,True,True,False,False,True,False,Co-location,distance <= 15m and strong text match
1214,1500,1215,1501,SEUR,Celeritas,Convenience Stores,Convenience Stores,Areavape Horta,Areavape Horta,"Plaça d'Eivissa, 21","Plaça d'Eivissa, 21",6.22,100.0,100.0,True,True,False,True,True,False,Co-location,distance <= 15m and strong text match
1217,2215,1218,2216,SEUR,Pudo,Locker,Click&Collect,Seur Lockers Caprabo Carte,Caprabo Cartella,"Carrer de Cartellà, 87","Carrer de Cartellà, 87",14.36,100.0,61.9,True,True,False,False,True,False,Co-location,distance <= 15m and strong text match
1219,2117,1220,2118,SEUR,UPS,Locker,Convenience Stores,Seur Lockers Pki Mercat De,P Taquilla Pk Indigo Mer Merce,"Carrer de Miquel Ferrà, 2","Carrer de Miquel Ferrà, 2",11.64,100.0,42.86,True,True,False,False,True,False,Co-location,distance <= 15m and strong text match
1229,1741,1230,1742,SEUR,Ctt Express,Convenience Stores,Convenience Stores,Bazar Saith,Bazar Saith Ferretería,"Carrer de Finestrelles, 52","Carrer de Finestrelles, 52",2.58,100.0,66.67,True,True,False,True,True,False,Co-location,distance <= 5m
1229,2145,1230,2146,SEUR,UPS,Convenience Stores,Convenience Stores,Bazar Saith,Basar Saith Ferreteria,"Carrer de Finestrelles, 52","Carrer de Finestrelles, 52",4.71,100.0,60.61,True,True,False,True,True,False,Co-location,distance <= 5m
1229,1966,1230,1967,SEUR,Nacex,Convenience Stores,Convenience Stores,Bazar Saith,Bazar Ferreteria Saith (0821-27),"Carrer de Finestrelles, 52","Carrer de Finestrelles, 52",5.44,100.0,53.66,True,True,False,True,True,False,Co-location,distance <= 15m and strong text match
1230,1748,1231,1749,SEUR,Ctt Express,Convenience Stores,Convenience Stores,Estanc 314,Vielka Options,"Carrer de la Mare de Déu de Lorda, 17","Carrer de la Mare de Déu de Lorda, 15",3.8,97.22,16.67,True,False,False,True,True,False,Co-location,distance <= 5m
1235,2122,1236,2123,SEUR,UPS,Locker,Convenience Stores,Seur Lockers Pki Upc Campu,P Taquilla Intpkg Upc Campnord,"C. de Jorge Girona, 29","C. de Jorge Girona, 29",5.54,100.0,46.43,True,True,False,False,True,False,Co-location,distance <= 15m and strong text match
1235,1237,1236,1238,SEUR,SEUR,Locker,Locker,Seur Lockers Pki Upc Campu,Seur Lockers Pki Upc Campu,"C. de Jorge Girona, 29","C. de Jorge Girona, 29",8.01,100.0,100.0,True,True,True,True,True,True,Possible duplicate,distance <= 15m and strong text match
1237,2122,1238,2123,SEUR,UPS,Locker,Convenience Stores,Seur Lockers Pki Upc Campu,P Taquilla Intpkg Upc Campnord,"C. de Jorge Girona, 29","C. de Jorge Girona, 29",2.87,100.0,46.43,True,True,False,False,True,False,Co-location,distance <= 5m
1243,2233,1244,2234,SEUR,Pudo,Locker,Click&Collect,Seur Lockers Parking Saba,Parking Saba Londres,"Carrer de Londres, 56","Carrer de Londres, 56",7.69,100.0,53.33,True,True,False,False,True,False,Co-location,distance <= 15m and strong text match
1244,2234,1245,2235,SEUR,Pudo,Locker,Click&Collect,Seur Lockers Pki Provenca,Parking Interparking Provenca,"C. de Provença, 165","Carrer de Provença, 165",6.46,87.18,59.26,True,True,False,False,True,False,Co-location,distance <= 15m and strong text match
1251,2202,1252,2203,SEUR,Pudo,Locker,Click&Collect,Seur Lockers Caprabo Baile,Sup. Caprabo Bailen,"Carrer de Bailèn, 161","Carrer de Bailèn, 161, 163",5.07,90.91,72.73,True,True,False,False,True,False,Co-location,distance <= 15m and strong text match
1253,2199,1254,2200,SEUR,Pudo,Locker,Click&Collect,Seur Lockers Pkn Saba Pau,Parking Saba Pau Claris,"C. de Pau Claris, 174","Carrer de Pau Claris, 174",14.93,88.37,50.0,True,True,False,False,True,False,Co-location,distance <= 15m and strong text match
1260,2141,1261,2142,SEUR,UPS,Locker,Convenience Stores,Seur Lockers Maremagnum,P Taquilla Cc Maremagnum,"Moll d'Espanya, 5","Moll d'Espanya, 5",2.53,100.0,59.57,True,True,False,False,True,False,Co-location,distance <= 5m
1266,1757,1267,1758,SEUR,Ctt Express,Convenience Stores,Convenience Stores,Anroled,Aaliyan Servie Copisteria,"Carrer de Mossèn Cinto Verdaguer, 13","Carrer de Mossèn Cinto Verdaguer, 13",2.82,100.0,31.25,True,True,False,True,True,False,Co-location,distance <= 5m
1276,2260,1277,2261,SEUR,Pudo,Locker,Click&Collect,Seur Locker Lidl Hospital,Lidl Hospitalet Prat De Riba,"Carrer d'Enric Prat de la Riba, 168, 170","Carrer d'Enric Prat de la Riba, 168, 170",4.86,100.0,49.06,True,True,False,False,True,False,Co-location,distance <= 5m
1278,1765,1279,1766,SEUR,Ctt Express,Convenience Stores,Convenience Stores,Luna Telefonia,Luna Telefonía,"Carrer Josep Maria de Sagarra, 36","Carrer Josep Maria de Sagarra, 36",4.7,100.0,100.0,True,True,False,True,True,False,Co-location,distance <= 5m
1282,1409,1283,1410,SEUR,Dhl,Convenience Stores,Convenience Stores,Europa Fira Moviles Y Loc,Europa Fira Moviles Y Locutorio,"Carrer de Natzaret, 40","Carrer de Natzaret, 40",0.88,100.0,89.29,True,True,False,True,True,False,Co-location,distance <= 5m
1282,1978,1283,1979,SEUR,Nacex,Convenience Stores,Convenience Stores,Europa Fira Moviles Y Loc,Europa Fira Moviles Y Locutorio (0841-43),"Carrer de Natzaret, 40","Carrer de Natzaret, 40",4.16,100.0,78.12,True,True,False,True,True,False,Co-location,distance <= 5m
1282,1873,1283,1874,SEUR,Gls,Convenience Stores,Convenience Stores,Europa Fira Moviles Y Loc,Ps Europa Fira Moviles Y Locutorio,"Carrer de Natzaret, 40","Carrer de Natzaret, 40, LOCAL 2",7.63,84.0,84.75,True,True,False,True,True,False,Co-location,distance <= 15m and strong text match
1285,1779,1286,1780,SEUR,Ctt Express,Locker,Convenience Stores,Seur Locker Buena Tinta S,Paquetería Bello.,"C. de Santiago Apóstol, 81","C. de Santiago Apóstol, 81",9.77,100.0,24.39,True,True,False,False,True,False,Co-location,distance <= 15m and strong text match
1287,2267,1288,2268,SEUR,Pudo,Locker,Click&Collect,Seur Locker Gs Envios Rie,G&S Envíos De Dinero Riera Blanca,"Carrer de la Riera Blanca, 118","Carrer de la Riera Blanca, 118",8.81,100.0,44.83,True,True,False,False,True,False,Co-location,distance <= 15m and strong text match
1288,2265,1289,2266,SEUR,Pudo,Locker,Click&Collect,Seur Locker Goldan Alimen,Goldan Alimentación,"Carrer de la Riera Blanca, 146","Carrer de la Riera Blanca, 146",5.82,100.0,59.09,True,True,False,False,True,False,Co-location,distance <= 15m and strong text match
1290,1794,1291,1795,SEUR,Ctt Express,Convenience Stores,Convenience Stores,Animalades,Gs1 Mobils,"Carrer de Pujós, 27","Carrer de Pujós, 27",12.19,100.0,30.0,True,True,False,True,True,False,Co-location,distance <= 15m and strong text match
1292,2160,1293,2161,SEUR,UPS,Convenience Stores,Convenience Stores,Art Y Crafts,Art & Crafts,"Carrer Farnés, 8","Carrer Farnés, 8",6.69,100.0,90.91,True,True,False,True,True,False,Co-location,distance <= 15m and strong text match
1292,1970,1293,1971,SEUR,Nacex,Convenience Stores,Convenience Stores,Art Y Crafts,Art & Crafts (0841-41),"Carrer Farnés, 8","Carrer Farnés, 8",10.35,100.0,66.67,True,True,False,True,True,False,Co-location,distance <= 15m and strong text match
1298,2168,1299,2169,SEUR,UPS,Convenience Stores,Convenience Stores,Estanco Andorra 13,Estanc Andorra 13,"Carrer d'Andorra, 13","Carrer d'Andorra, 13",7.24,100.0,97.14,True,True,False,True,True,False,Co-location,distance <= 15m and strong text match
1303,1814,1304,1815,SEUR,Ctt Express,Convenience Stores,Convenience Stores,Aziz Locutorio,Aziz Locutorio,"C. de Churruca, 31","C. de Churruca, 31",4.51,100.0,100.0,True,True,False,True,True,False,Co-location,distance <= 5m
1305,1818,1306,1819,SEUR,Ctt Express,Convenience Stores,Convenience Stores,Donde Wendy Multiservicio,Donde Wendy Multiservicios,"Rambla de la Marina, 368","Rambla de la Marina, 368",4.05,100.0,98.04,True,True,False,True,True,False,Co-location,distance <= 5m
1306,2170,1307,2171,SEUR,UPS,Locker,Locker,Seur Locker Galp Hospital,P Taquilla Galp Hosp Bell Cast,"Autovia De Castelldefels, Km 2, 7","Autovia De Castelldefels, Km 2, 7",13.43,100.0,47.27,True,True,False,True,True,False,Co-location,distance <= 15m and strong text match
1307,2171,1308,2172,SEUR,UPS,Locker,Locker,Seur Locker Pki Justicia,P Taquilla Pk Indigo Justicia,"Avinguda de la Granvia de l’Hospitalet, 25","Avinguda de la Granvia de l’Hospitalet, 25",12.1,100.0,56.6,True,True,False,True,True,False,Co-location,distance <= 15m and strong text match
1352,2041,1353,2042,Dhl,UPS,Convenience Stores,Convenience Stores,Infernal Forge,Infernal Forge,"Carrer de Vèlia, 83",Carrer De Velia 83,10.75,100.0,100.0,True,True,False,True,True,False,Co-location,distance <= 15m and strong text match
1369,2063,1370,2064,Dhl,UPS,Convenience Stores,Convenience Stores,Supermercado Bertran Barcelona,Alimentacio Bertran 109,"Carrer de Bertran, 109","Carrer de Bertran, 109",2.69,100.0,49.06,True,True,False,True,True,False,Co-location,distance <= 5m
1372,1479,1373,1480,Dhl,Celeritas,Convenience Stores,Convenience Stores,Perfumeria Drogueria Entorn,Drogueria Y Perfumeria Entorn,"C/ de Padilla, 315","C/ de Padilla, 315",10.12,100.0,60.71,True,True,False,True,True,False,Co-location,distance <= 15m and strong text match
1374,1851,1375,1852,Dhl,Gls,Convenience Stores,Convenience Stores,Doctor Of Mobiles,Ps Doctor Of Mobiles,"Carrer de Roger de Flor, 322","Carrer de Roger de Flor, 322",10.74,100.0,91.89,True,True,False,True,True,False,Co-location,distance <= 15m and strong text match
1380,1937,1381,1938,Dhl,Nacex,Convenience Stores,Convenience Stores,Vapstoresagrera,Vapstoresagrera,"C. Pardo, 9","C. Pardo, 9",8.11,100.0,100.0,True,True,False,True,True,False,Co-location,distance <= 15m and strong text match
1382,1488,1383,1489,Dhl,Celeritas,Convenience Stores,Convenience Stores,Loteria Rambla,Llaminadures Loterias Albert,"Rambla de Badal, 161","Rambla de Badal, 161",3.58,100.0,42.86,True,True,False,True,True,False,Co-location,distance <= 5m
1387,1489,1388,1490,Dhl,Celeritas,Convenience Stores,Convenience Stores,Estanc 227 Barcelona,Estanc Berlin 81,"C.de Berlín, 81","C.de Berlín, 81",0.0,100.0,44.44,True,True,False,True,True,False,Co-location,distance <= 5m
1389,1496,1390,1497,Dhl,Celeritas,Convenience Stores,Convenience Stores,L'estanc Gran De Sant Andreu,L'estanc,"Carrer Gran de Sant Andreu, 168","Carrer Gran de Sant Andreu, 168",5.06,100.0,44.44,True,True,False,True,True,False,Co-location,distance <= 15m and strong text match
1391,1944,1392,1945,Dhl,Nacex,Convenience Stores,Convenience Stores,Papeleria Crea-Loo,Papereria Crea-Loo,"Carrer d'Hedilla, 75","Carrer d'Hedilla, 75",1.99,100.0,94.44,True,True,False,True,True,False,Co-location,distance <= 5m
1391,2113,1392,2114,Dhl,UPS,Convenience Stores,Convenience Stores,Papeleria Crea-Loo,Papereria Crea Loo,"Carrer d'Hedilla, 75","Carrer d'Hedilla, 75",4.47,100.0,94.44,True,True,False,True,True,False,Co-location,distance <= 5m
1392,2114,1393,2115,Dhl,UPS,Convenience Stores,Convenience Stores,Areavape Horta,Kanguro Areavapea Horta,"Plaça d'Eivissa, 21","Plaça d'Eivissa, 21",5.27,100.0,75.68,True,True,False,True,True,False,Co-location,distance <= 15m and strong text match
1392,1945,1393,1946,Dhl,Nacex,Convenience Stores,Convenience Stores,Areavape Horta,Areavape Horta,"Plaça d'Eivissa, 21","Plaça d'Eivissa, 21",7.76,100.0,100.0,True,True,False,True,True,False,Co-location,distance <= 15m and strong text match
1404,2147,1405,2148,Dhl,UPS,Convenience Stores,Convenience Stores,Papeleria Paquita,Papeleria Paquita,"Av. dels Rasos de Peguera, 70","Av. dels Rasos de Peguera, 70",3.3,100.0,100.0,True,True,False,True,True,False,Co-location,distance <= 5m
1404,1747,1405,1748,Dhl,Ctt Express,Convenience Stores,Convenience Stores,Papeleria Paquita,Papeleria Paquita,"Av. dels Rasos de Peguera, 70","Av. dels Rasos de Peguera, 70",3.33,100.0,100.0,True,True,False,True,True,False,Co-location,distance <= 5m
1404,1967,1405,1968,Dhl,Nacex,Convenience Stores,Convenience Stores,Papeleria Paquita,Papereria Paquita (0821-17),"Av. dels Rasos de Peguera, 70","Av. dels Rasos de Peguera, 70",3.5,100.0,76.19,True,True,False,True,True,False,Co-location,distance <= 5m
1404,1740,1405,1741,Dhl,Ctt Express,Convenience Stores,Convenience Stores,Papeleria Paquita,Papeleria Paquita,"Av. dels Rasos de Peguera, 70","Av. dels Rasos de Peguera, 70",6.52,100.0,100.0,True,True,False,True,True,False,Co-location,distance <= 15m and strong text match
1404,1511,1405,1512,Dhl,Celeritas,Convenience Stores,Convenience Stores,Papeleria Paquita,Papeleria Paquita,"Av. dels Rasos de Peguera, 70","Av. dels Rasos de Peguera, 70",7.53,100.0,100.0,True,True,False,True,True,False,Co-location,distance <= 15m and strong text match
1404,1868,1405,1869,Dhl,Gls,Convenience Stores,Convenience Stores,Papeleria Paquita,Ps Papeleria Paquita,"Av. dels Rasos de Peguera, 70","Av. dels Rasos de Peguera, 70",8.53,100.0,91.89,True,True,False,True,True,False,Co-location,distance <= 15m and strong text match
1408,1516,1409,1517,Dhl,Celeritas,Convenience Stores,Convenience Stores,M Best,M Best Inversiones,"Carrer Santa Eulàlia, 154","Carrer Santa Eulàlia, 154",0.9,100.0,50.0,True,True,False,True,True,False,Co-location,distance <= 5m
1408,1769,1409,1770,Dhl,Ctt Express,Convenience Stores,Convenience Stores,M Best,M Best Inversiones,"Carrer Santa Eulàlia, 154","Carrer Santa Eulàlia, 154",3.93,100.0,50.0,True,True,False,True,True,False,Co-location,distance <= 5m
1409,1978,1410,1979,Dhl,Nacex,Convenience Stores,Convenience Stores,Europa Fira Moviles Y Locutorio,Europa Fira Moviles Y Locutorio (0841-43),"Carrer de Natzaret, 40","Carrer de Natzaret, 40",3.76,100.0,88.57,True,True,False,True,True,False,Co-location,distance <= 5m
1409,1873,1410,1874,Dhl,Gls,Convenience Stores,Convenience Stores,Europa Fira Moviles Y Locutorio,Ps Europa Fira Moviles Y Locutorio,"Carrer de Natzaret, 40","Carrer de Natzaret, 40, LOCAL 2",6.76,84.0,95.38,True,True,False,True,True,False,Co-location,distance <= 15m and strong text match
1411,2157,1412,2158,Dhl,UPS,Convenience Stores,Convenience Stores,Papeleria Libreria Jordi,Papereria Jordi,"Carrer del Doctor Martí Julià, 110","Carrer del Doctor Martí Julià, 110",9.83,100.0,76.92,True,True,False,True,True,False,Co-location,distance <= 15m and strong text match
1411,1517,1412,1518,Dhl,Celeritas,Convenience Stores,Convenience Stores,Papeleria Libreria Jordi,Papereria Jordi / Centro Devoluciones,"Carrer del Doctor Martí Julià, 110","Carrer del Doctor Martí Julià, 110",14.77,100.0,50.85,True,True,False,True,True,False,Co-location,distance <= 15m and strong text match
1414,2163,1415,2164,Dhl,UPS,Convenience Stores,Convenience Stores,Con Tigo Envios,Con Tigo Envios 1,"Carrer Esteve Grau, 3","Carrer Esteve Grau, 3",0.9,100.0,93.75,True,True,False,True,True,False,Co-location,distance <= 5m
1415,1801,1416,1802,Dhl,Ctt Express,Convenience Stores,Convenience Stores,Con Tigo Envios 2,Con Tigo Envios 2,"Carrer Bòbiles, 38","Carrer Bòbiles, 38",2.79,100.0,100.0,True,True,False,True,True,False,Co-location,distance <= 5m
1423,1829,1424,1830,Celeritas,Gls,Convenience Stores,Convenience Stores,Haaf Medios Digitales,Ps Haaf Medios Digitales,"Carrer de Piquer, 37","Carrer de Piquer, 37",10.74,100.0,93.33,True,True,False,True,True,False,Co-location,distance <= 15m and strong text match
1427,1830,1428,1831,Celeritas,Gls,Convenience Stores,Convenience Stores,Mail Boxes Etc,Ps Mail Boxes Etc,"Carrer de Bilbao, 91","Carrer de Bilbao, 91",11.32,100.0,90.32,True,True,False,True,True,False,Co-location,distance <= 15m and strong text match
1427,1894,1428,1895,Celeritas,Mail Boxes Etc,Convenience Stores,Lsp Pudos,Mail Boxes Etc,MBE 0226,"Carrer de Bilbao, 91","Carrer de Bilbao, 91",14.76,100.0,18.18,True,True,False,False,True,False,Co-location,distance <= 15m and strong text match
1448,1916,1449,1917,Celeritas,Nacex,Convenience Stores,Convenience Stores,Paper I Coses,Paper I Coses,"Carrer d'Aragó, 71","Carrer d'Aragó, 71",13.6,100.0,100.0,True,True,False,True,True,False,Co-location,distance <= 15m and strong text match
1457,1926,1458,1927,Celeritas,Nacex,Convenience Stores,Convenience Stores,Quiosc Ferran,Quiosco Ferran,"Carrer de Sant Joan de Malta, 51","Carrer de Sant Joan de Malta, 51",7.75,100.0,96.3,True,True,False,True,True,False,Co-location,distance <= 15m and strong text match
1468,1652,1469,1653,Celeritas,Ctt Express,Convenience Stores,Convenience Stores,P.K Moviles,P.K Moviles,"Carrer d'Agramunt, 10","Carrer d'Agramunt, 8",3.09,92.31,100.0,True,False,False,True,True,False,Co-location,distance <= 5m
1468,2066,1469,2067,Celeritas,UPS,Convenience Stores,Convenience Stores,P.K Moviles,Pk Moviles,"Carrer d'Agramunt, 10","Carrer d'Agramunt, 8 -10",5.36,95.24,95.24,True,True,False,True,True,False,Co-location,distance <= 15m and strong text match
1511,1747,1512,1748,Celeritas,Ctt Express,Convenience Stores,Convenience Stores,Papeleria Paquita,Papeleria Paquita,"Av. dels Rasos de Peguera, 70","Av. dels Rasos de Peguera, 70",5.46,100.0,100.0,True,True,False,True,True,False,Co-location,distance <= 15m and strong text match
1511,2147,1512,2148,Celeritas,UPS,Convenience Stores,Convenience Stores,Papeleria Paquita,Papeleria Paquita,"Av. dels Rasos de Peguera, 70","Av. dels Rasos de Peguera, 70",5.48,100.0,100.0,True,True,False,True,True,False,Co-location,distance <= 15m and strong text match
1511,1740,1512,1741,Celeritas,Ctt Express,Convenience Stores,Convenience Stores,Papeleria Paquita,Papeleria Paquita,"Av. dels Rasos de Peguera, 70","Av. dels Rasos de Peguera, 70",5.91,100.0,100.0,True,True,False,True,True,False,Co-location,distance <= 15m and strong text match
1511,1868,1512,1869,Celeritas,Gls,Convenience Stores,Convenience Stores,Papeleria Paquita,Ps Papeleria Paquita,"Av. dels Rasos de Peguera, 70","Av. dels Rasos de Peguera, 70",6.95,100.0,91.89,True,True,False,True,True,False,Co-location,distance <= 15m and strong text match
1511,1967,1512,1968,Celeritas,Nacex,Convenience Stores,Convenience Stores,Papeleria Paquita,Papereria Paquita (0821-17),"Av. dels Rasos de Peguera, 70","Av. dels Rasos de Peguera, 70",10.82,100.0,76.19,True,True,False,True,True,False,Co-location,distance <= 15m and strong text match
1512,1969,1513,1970,Celeritas,Nacex,Convenience Stores,Convenience Stores,Farmacia Idumea,Farmacia Idumea (0824-03),"Carrer d'Idumea, 14","Carrer d'Idumea, 14",12.8,100.0,78.95,True,True,False,True,True,False,Co-location,distance <= 15m and strong text match
1513,1759,1514,1760,Celeritas,Ctt Express,Convenience Stores,Convenience Stores,Lara,Lara,"Carrer d'Enric Prat de la Riba, 286","Carrer d'Enric Prat de la Riba, 286",3.22,100.0,100.0,True,True,False,True,True,False,Co-location,distance <= 5m
1516,1769,1517,1770,Celeritas,Ctt Express,Convenience Stores,Convenience Stores,M Best Inversiones,M Best Inversiones,"Carrer Santa Eulàlia, 154","Carrer Santa Eulàlia, 154",3.64,100.0,100.0,True,True,False,True,True,False,Co-location,distance <= 5m
1517,1973,1518,1974,Celeritas,Nacex,Convenience Stores,Convenience Stores,Papereria Jordi / Centro Devoluciones,Papereria Jordi Llibreria (0841-02),"Carrer del Doctor Martí Julià, 110","Carrer del Doctor Martí Julià, 110",2.4,100.0,55.88,True,True,False,True,True,False,Co-location,distance <= 5m
1517,1870,1518,1871,Celeritas,Gls,Convenience Stores,Convenience Stores,Papereria Jordi / Centro Devoluciones,Ps Papereria Jordi,"Carrer del Doctor Martí Julià, 110",Carrer del Doctor Martí Julià 110,3.83,100.0,56.6,True,True,False,True,True,False,Co-location,distance <= 5m
1517,2157,1518,2158,Celeritas,UPS,Convenience Stores,Convenience Stores,Papereria Jordi / Centro Devoluciones,Papereria Jordi,"Carrer del Doctor Martí Julià, 110","Carrer del Doctor Martí Julià, 110",5.91,100.0,60.0,True,True,False,True,True,False,Co-location,distance <= 15m and strong text match
1518,1787,1519,1788,Celeritas,Ctt Express,Convenience Stores,Convenience Stores,Cibaeña Multiservicios,Cibaeña Multiservicios,"C/ del Progreso, 63","PROGRESO 63, 08904, HOSPITALET DE LLOBREGAT",3.07,37.93,100.0,True,True,False,True,True,False,Co-location,distance <= 5m
1518,1788,1519,1789,Celeritas,Ctt Express,Convenience Stores,Convenience Stores,Cibaeña Multiservicios,Western Union Ofi Collblanc.,"C/ del Progreso, 63","C/ del Progreso, 63",4.28,100.0,24.49,True,True,False,True,True,False,Co-location,distance <= 5m
1519,1786,1520,1787,Celeritas,Ctt Express,Convenience Stores,Convenience Stores,Panaderia Pasteleria Soraya,Panaderia Pasteleria Soraya,"Travessera de Collblanc, 15","Travessera de Collblanc, 15",7.42,100.0,100.0,True,True,False,True,True,False,Co-location,distance <= 15m and strong text match
1521,1796,1522,1797,Celeritas,Ctt Express,Convenience Stores,Convenience Stores,Papeleria De Tot,Papeleria De Tot,"Carrer del Pedraforca, 112, 114","Carrer del Pedraforca, 112",2.08,92.59,100.0,True,True,False,True,True,False,Co-location,distance <= 5m
1522,1806,1523,1807,Celeritas,Ctt Express,Convenience Stores,Convenience Stores,Pubilla Iberic Sl,Pubilla Iberic Sl,"Av. Josep Molins, 56","Av. Josep Molins, 56",6.19,100.0,100.0,True,True,False,True,True,False,Co-location,distance <= 15m and strong text match
1568,1654,1569,1655,Ctt Express,Ctt Express,Convenience Stores,Convenience Stores,The Cbd Side,Sherrys Mobil Casa,"Ronda del General Mitre, 164","Ronda del General Mitre, 179",4.64,92.59,33.33,True,False,True,True,True,True,Possible duplicate,distance <= 5m
1593,1925,1594,1926,Ctt Express,Nacex,Convenience Stores,Convenience Stores,Estanco Carmen Pardo Jerica,Estanco Nâo 404 Carmen-Bea,"Carrer d'Aragó, 475","Carrer d'Aragó, 475",5.37,100.0,60.38,True,True,False,True,True,False,Co-location,distance <= 15m and strong text match
1600,2030,1601,2031,Ctt Express,UPS,Convenience Stores,Convenience Stores,Western Union.,Western Union Bcc Lixbel,"Rambla de Badal, 37","Rambla de Badal, 37",12.72,100.0,70.27,True,True,False,True,True,False,Co-location,distance <= 15m and strong text match
1605,2036,1606,2037,Ctt Express,UPS,Convenience Stores,Convenience Stores,Locutori Borrell Multiserveis.,Locutori Borrell Multiserveis,"Carrer del Comte Borrell, 108","Carrer del Comte Borrell, 108",4.47,100.0,100.0,True,True,False,True,True,False,Co-location,distance <= 5m
1623,1927,1624,1928,Ctt Express,Nacex,Convenience Stores,Convenience Stores,Sumana Akter,Yasin Mobile Shop,"Av. Meridiana, 94","Av. Meridiana, 94",4.48,100.0,20.69,True,True,False,True,True,False,Co-location,distance <= 5m
1626,2042,1627,2043,Ctt Express,UPS,Convenience Stores,Convenience Stores,Extra Global Business,Extra Global Business,"Carrer de Joan I, 8","Carrer de Joan I, 8",11.66,100.0,100.0,True,True,False,True,True,False,Co-location,distance <= 15m and strong text match
1652,2066,1653,2067,Ctt Express,UPS,Convenience Stores,Convenience Stores,P.K Moviles,Pk Moviles,"Carrer d'Agramunt, 8","Carrer d'Agramunt, 8 -10",8.44,92.68,95.24,True,True,False,True,True,False,Co-location,distance <= 15m and strong text match
1677,2085,1678,2086,Ctt Express,UPS,Convenience Stores,Convenience Stores,El Paisa,Full-Locutorio El Paisa 12,"Carrer de València, 568","Carrer de València, 568",10.74,100.0,47.06,True,True,False,True,True,False,Co-location,distance <= 15m and strong text match
1740,1868,1741,1869,Ctt Express,Gls,Convenience Stores,Convenience Stores,Papeleria Paquita,Ps Papeleria Paquita,"Av. dels Rasos de Peguera, 70","Av. dels Rasos de Peguera, 70",2.03,100.0,91.89,True,True,False,True,True,False,Co-location,distance <= 5m
1740,1747,1741,1748,Ctt Express,Ctt Express,Convenience Stores,Convenience Stores,Papeleria Paquita,Papeleria Paquita,"Av. dels Rasos de Peguera, 70","Av. dels Rasos de Peguera, 70",7.31,100.0,100.0,True,True,True,True,True,True,Possible duplicate,distance <= 15m and strong text match
1740,2147,1741,2148,Ctt Express,UPS,Convenience Stores,Convenience Stores,Papeleria Paquita,Papeleria Paquita,"Av. dels Rasos de Peguera, 70","Av. dels Rasos de Peguera, 70",7.31,100.0,100.0,True,True,False,True,True,False,Co-location,distance <= 15m and strong text match
1740,1967,1741,1968,Ctt Express,Nacex,Convenience Stores,Convenience Stores,Papeleria Paquita,Papereria Paquita (0821-17),"Av. dels Rasos de Peguera, 70","Av. dels Rasos de Peguera, 70",9.8,100.0,76.19,True,True,False,True,True,False,Co-location,distance <= 15m and strong text match
1741,2145,1742,2146,Ctt Express,UPS,Convenience Stores,Convenience Stores,Bazar Saith Ferretería,Basar Saith Ferreteria,"Carrer de Finestrelles, 52","Carrer de Finestrelles, 52",7.15,100.0,95.45,True,True,False,True,True,False,Co-location,distance <= 15m and strong text match
1741,1966,1742,1967,Ctt Express,Nacex,Convenience Stores,Convenience Stores,Bazar Saith Ferretería,Bazar Ferreteria Saith (0821-27),"Carrer de Finestrelles, 52","Carrer de Finestrelles, 52",7.93,100.0,61.54,True,True,False,True,True,False,Co-location,distance <= 15m and strong text match
1747,2147,1748,2148,Ctt Express,UPS,Convenience Stores,Convenience Stores,Papeleria Paquita,Papeleria Paquita,"Av. dels Rasos de Peguera, 70","Av. dels Rasos de Peguera, 70",0.03,100.0,100.0,True,True,False,True,True,False,Co-location,distance <= 5m
1747,1967,1748,1968,Ctt Express,Nacex,Convenience Stores,Convenience Stores,Papeleria Paquita,Papereria Paquita (0821-17),"Av. dels Rasos de Peguera, 70","Av. dels Rasos de Peguera, 70",5.77,100.0,76.19,True,True,False,True,True,False,Co-location,distance <= 15m and strong text match
1747,1868,1748,1869,Ctt Express,Gls,Convenience Stores,Convenience Stores,Papeleria Paquita,Ps Papeleria Paquita,"Av. dels Rasos de Peguera, 70","Av. dels Rasos de Peguera, 70",9.24,100.0,91.89,True,True,False,True,True,False,Co-location,distance <= 15m and strong text match
1750,1969,1751,1970,Ctt Express,Nacex,Convenience Stores,Convenience Stores,Farmacia Idumea,Farmacia Idumea (0824-03),"Carrer d'Idumea, 14","Carrer d'Idumea, 14",7.55,100.0,78.95,True,True,False,True,True,False,Co-location,distance <= 15m and strong text match
1774,2153,1775,2154,Ctt Express,UPS,Convenience Stores,Convenience Stores,Vapstore & Cbd L ́Hospitalet,Mail Boxes Etc. 0289,"Carrer de Castelao, 2","Carrer de Castelao, 2",7.39,100.0,31.82,True,True,False,True,True,False,Co-location,distance <= 15m and strong text match
1787,1788,1788,1789,Ctt Express,Ctt Express,Convenience Stores,Convenience Stores,Cibaeña Multiservicios,Western Union Ofi Collblanc.,"PROGRESO 63, 08904, HOSPITALET DE LLOBREGAT","C/ del Progreso, 63",4.44,37.93,24.49,True,True,True,True,True,True,Possible duplicate,distance <= 5m
1798,1800,1799,1801,Ctt Express,Ctt Express,Convenience Stores,Convenience Stores,Super Transferencias,Mobils House,"Av. Ponent, 5","Av. Ponent, 5",8.82,100.0,18.75,True,True,True,True,True,True,Possible duplicate,distance <= 15m and strong text match
1807,2167,1808,2168,Ctt Express,UPS,Convenience Stores,Convenience Stores,Grupo El Paisa Locutorio,Full-Locutorio El Paisa 10,"Carrer de la Rosa d'Alexandria, 85","Carrer de la Rosa d'Alexandria, 85",6.89,100.0,48.0,True,True,False,True,True,False,Co-location,distance <= 15m and strong text match
1844,1927,1845,1928,Gls,Nacex,Convenience Stores,Convenience Stores,Ps Extra Global Business Services,Yasin Mobile Shop,"Carrer de Joan I, 8","Av. Meridiana, 94",2.75,42.42,28.0,True,False,False,True,True,False,Co-location,distance <= 5m
1852,1900,1853,1901,Gls,Mail Boxes Etc,Convenience Stores,Lsp Pudos,Ps Mail Boxes Aragon,MBE 0277,"Carrer d'Aragó, 643","Carrer d'Aragó, 643",14.32,100.0,7.14,True,True,False,False,True,False,Co-location,distance <= 15m and strong text match
1868,2147,1869,2148,Gls,UPS,Convenience Stores,Convenience Stores,Ps Papeleria Paquita,Papeleria Paquita,"Av. dels Rasos de Peguera, 70","Av. dels Rasos de Peguera, 70",9.24,100.0,91.89,True,True,False,True,True,False,Co-location,distance <= 15m and strong text match
1868,1967,1869,1968,Gls,Nacex,Convenience Stores,Convenience Stores,Ps Papeleria Paquita,Papereria Paquita (0821-17),"Av. dels Rasos de Peguera, 70","Av. dels Rasos de Peguera, 70",11.77,100.0,71.11,True,True,False,True,True,False,Co-location,distance <= 15m and strong text match
1870,1973,1871,1974,Gls,Nacex,Convenience Stores,Convenience Stores,Ps Papereria Jordi,Papereria Jordi Llibreria (0841-02),Carrer del Doctor Martí Julià 110,"Carrer del Doctor Martí Julià, 110",2.7,100.0,58.82,True,True,False,True,True,False,Co-location,distance <= 5m
1870,2157,1871,2158,Gls,UPS,Convenience Stores,Convenience Stores,Ps Papereria Jordi,Papereria Jordi,Carrer del Doctor Martí Julià 110,"Carrer del Doctor Martí Julià, 110",7.18,100.0,90.91,True,True,False,True,True,False,Co-location,distance <= 15m and strong text match
1873,1978,1874,1979,Gls,Nacex,Convenience Stores,Convenience Stores,Ps Europa Fira Moviles Y Locutorio,Europa Fira Moviles Y Locutorio (0841-43),"Carrer de Natzaret, 40, LOCAL 2","Carrer de Natzaret, 40",5.87,84.0,84.93,True,True,False,True,True,False,Co-location,distance <= 15m and strong text match
1892,2130,1893,2131,Mail Boxes Etc,UPS,Lsp Pudos,Convenience Stores,MBE 0114,Framed Gang,"Carrer de Roger de Llúria, 137","Carrer del Rosselló, 283",2.75,65.38,31.58,True,False,False,False,True,False,Co-location,distance <= 5m
1897,2349,1898,2350,Mail Boxes Etc,Correos,Lsp Pudos,Locker,MBE 0076,BARCELONA SUC 6. SANT GERVASI,"Calle de Balmes, 415",Car. Balmes 421,2.24,72.73,22.22,True,False,False,False,True,False,Co-location,distance <= 5m
1905,2153,1906,2154,Mail Boxes Etc,UPS,Lsp Pudos,Convenience Stores,Mail Boxes Etc. 0289,Mail Boxes Etc. 0289,"Carrer de Castelao, 2","Carrer de Castelao, 2",12.91,100.0,100.0,True,True,False,False,True,False,Co-location,distance <= 15m and strong text match
1910,1995,1911,1996,Nacex,UPS,Convenience Stores,Convenience Stores,Papeleria Nu&Ca,Papereria Nu&Ca,"Carrer del Roser, 5","Carrer del Roser, 5",4.41,100.0,93.33,True,True,False,True,True,False,Co-location,distance <= 5m
1940,2110,1941,2111,Nacex,UPS,Convenience Stores,Convenience Stores,Llibreria Papereria Talens,Papereria Llibreria Talens,"Carrer de Guardiola i Feliu, 5-7","Carrer de Guardiola i Feliu, 5",4.0,96.67,69.23,True,True,False,True,True,False,Co-location,distance <= 5m
1944,2113,1945,2114,Nacex,UPS,Convenience Stores,Convenience Stores,Papereria Crea-Loo,Papereria Crea Loo,"Carrer d'Hedilla, 75","Carrer d'Hedilla, 75",2.53,100.0,100.0,True,True,False,True,True,False,Co-location,distance <= 5m
1945,2114,1946,2115,Nacex,UPS,Convenience Stores,Convenience Stores,Areavape Horta,Kanguro Areavapea Horta,"Plaça d'Eivissa, 21","Plaça d'Eivissa, 21",10.73,100.0,75.68,True,True,False,True,True,False,Co-location,distance <= 15m and strong text match
1950,2005,1951,2006,Nacex,UPS,Convenience Stores,Convenience Stores,Estanc Barcelona Nâo 355,Estanco 355 Bcn,"Carrer de Marià Cubí, 57","Carrer de Marià Cubí, 57",9.88,100.0,56.41,True,True,False,True,True,False,Co-location,distance <= 15m and strong text match
1966,2145,1967,2146,Nacex,UPS,Convenience Stores,Convenience Stores,Bazar Ferreteria Saith (0821-27),Basar Saith Ferreteria,"Carrer de Finestrelles, 52","Carrer de Finestrelles, 52",0.89,100.0,57.69,True,True,False,True,True,False,Co-location,distance <= 5m
1967,2147,1968,2148,Nacex,UPS,Convenience Stores,Convenience Stores,Papereria Paquita (0821-17),Papeleria Paquita,"Av. dels Rasos de Peguera, 70","Av. dels Rasos de Peguera, 70",5.74,100.0,76.19,True,True,False,True,True,False,Co-location,distance <= 15m and strong text match
1970,2160,1971,2161,Nacex,UPS,Convenience Stores,Convenience Stores,Art & Crafts (0841-41),Art & Crafts,"Carrer Farnés, 8","Carrer Farnés, 8",3.66,100.0,71.43,True,True,False,True,True,False,Co-location,distance <= 5m
1971,2159,1972,2160,Nacex,UPS,Convenience Stores,Convenience Stores,El Trevolet De L`Hospittalet (0841-42),Fnx-El Trevolet De Lhospittalet,"Carrer de Pujós, 54","Carrer de Pujós, 54",6.12,100.0,80.6,True,True,False,True,True,False,Co-location,distance <= 15m and strong text match
1973,2157,1974,2158,Nacex,UPS,Convenience Stores,Convenience Stores,Papereria Jordi Llibreria (0841-02),Papereria Jordi,"Carrer del Doctor Martí Julià, 110","Carrer del Doctor Martí Julià, 110",7.82,100.0,62.5,True,True,False,True,True,False,Co-location,distance <= 15m and strong text match
1981,2258,1982,2259,Nacex,Pudo,Convenience Stores,Click&Collect,Pruebas Auditoria (8099-01),Central Nacex Hospitalet Del Llobregat,"C. de Pablo Iglesias, 112-122","C. de Pablo Iglesias, 112-122",13.02,100.0,19.05,True,True,False,False,True,False,Co-location,distance <= 15m and strong text match
1996,2255,1997,2256,UPS,Pudo,Convenience Stores,Click&Collect,P Taquilla Indigo M 3 Chimenea,Parking Indigo Mata-Tres Chimeneas,"Calle de Vila i Vila, 44","Calle de Vila i Vila, 44",8.95,100.0,68.75,True,True,False,False,True,False,Co-location,distance <= 15m and strong text match
2000,2248,2001,2249,UPS,Pudo,Convenience Stores,Click&Collect,P Taquilla Centre La Vila,Centre La Vila,"Carrer de Salvador Espriu, 61","Carrer de Salvador Espriu, 61",14.43,100.0,71.79,True,True,False,False,True,False,Co-location,distance <= 15m and strong text match
2014,2181,2015,2182,UPS,Pudo,Convenience Stores,Click&Collect,P Taquilla Bypark Villur Urgel,Parking Bypark Villur-Urgel,"Carrer del Comte d'Urgell, 56","Carrer del Comte d'Urgell, 56",1.59,100.0,80.7,True,True,False,False,True,False,Co-location,distance <= 5m
2038,2254,2039,2255,UPS,Pudo,Convenience Stores,Click&Collect,P Taquilla Galp Paralelo,E.S. Galp Paralelo,"Av. del Paralelo, 132","Av. del Paralelo, 132",4.56,100.0,73.17,True,True,False,False,True,False,Co-location,distance <= 5m
2052,2239,2053,2240,UPS,Pudo,Convenience Stores,Click&Collect,P Taquilla Caprabo Calvet,Caprabo Calvet,"Carrer de Calvet, 41 - 45","Carrer de Calvet, 41, 45",4.56,100.0,71.79,True,True,False,False,True,False,Co-location,distance <= 5m
2058,2242,2059,2243,UPS,Pudo,Convenience Stores,Click&Collect,P Taquilla Saba Trav Gracia 43,Saba Travessera De Gracia 43,"Travessera de Gràcia, 43","Travessera de Gràcia, 43",6.34,100.0,65.52,True,True,False,False,True,False,Co-location,distance <= 15m and strong text match
2060,2224,2061,2225,UPS,Pudo,Convenience Stores,Click&Collect,P Taquilla Caprabo Bigay,Caprabo Bigay,"Carrer de Bigai, 6","Carrer de Bigai, 6",6.26,100.0,70.27,True,True,False,False,True,False,Co-location,distance <= 15m and strong text match
2098,2172,2099,2173,UPS,Pudo,Convenience Stores,Click&Collect,P Taquilla Pkg Saba Carles Iii,Parking Saba Carles Iii,"Gran Vía de Carlos III, 85","Gran Vía de Carlos III, 85",6.27,100.0,75.47,True,True,False,False,True,False,Co-location,distance <= 15m and strong text match
2164,2262,2165,2263,UPS,Pudo,Locker,Click&Collect,P Taquilla Tecno Saki,Tecno Saki,"Carrer dels Cedres, 26","Carrer dels Cedres, 26",1.78,100.0,64.52,True,True,False,False,True,False,Co-location,distance <= 5m
2166,2263,2167,2264,UPS,Pudo,Locker,Click&Collect,P Taquilla Pk Indigo Finistre,Parking Indigo C.C. Finistrelles,"Carrer de Laureà Miró, 38","Carrer de Laureà Miró, 38",7.16,100.0,63.33,True,True,False,False,True,False,Co-location,distance <= 15m and strong text match
