City,Location_Cluster_ID,Representative_Latitude,Representative_Longitude,Record_Count,Company_Count,Companies,Addresses,Locations,Has_Locker,Has_PUDO,Has_Click_Collect,Has_Distribution_Center,Has_Last_Mile_Station,Has_Warehouse,Has_Convenience_Store,Has_Unknown,Cluster_Service_Type_Code,Cluster_Service_Type_Name,Cluster_Sharing_Type_Code,Cluster_Sharing_Type_Name,Cluster_Diameter_m,Cluster_Spatial_Confidence_Code,Cluster_Spatial_Confidence_Name,Cluster_Review_Required
barcelona,BAR_LOC_000001,41.3790044798589,2.16861812612738,1,1,InPost,"Rambla del Raval, 6",Mobil Mania,False,False,False,False,False,False,True,False,5,Convenience Store only,1,Single record,0.0,1,High,False
barcelona,BAR_LOC_000002,41.3796468300729,2.16641823962006,1,1,InPost,"Carrer de l'Hospital, 157",Impremta Sebtor,False,False,False,False,False,False,True,False,5,Convenience Store only,1,Single record,0.0,1,High,False
barcelona,BAR_LOC_000003,41.3791209927713,2.1701597962911148,2,2,Amazon | InPost,"C. de San Rafael, 15",Amazon Lockers - Busca | Lockers 24/7 Saba Illa Raval Bar,True,False,False,False,False,False,False,False,1,Locker only,3,"Multiple companies, single service",7.7,1,High,False
barcelona,BAR_LOC_000004,41.38485425971297,2.1684079742224966,3,3,Amazon | InPost | SEUR,"Carrer de les Ramelleres, 21",Copisteria Geografia Ub | Seur - Copisteria Geografia Ub,False,False,False,False,False,False,True,False,5,Convenience Store only,3,"Multiple companies, single service",66.97,3,Review,True
barcelona,BAR_LOC_000005,41.38117148934723,2.167522958312523,3,2,Amazon | InPost,"C. de Joaquín Costa, 2",Amazon Counter - Copywork | Amazon Counter - Tech Plus | Copywork,False,False,False,False,False,False,True,False,5,Convenience Store only,3,"Multiple companies, single service",2.83,1,High,False
barcelona,BAR_LOC_000006,41.3787205282092,2.17342318194849,1,1,InPost,"Carrer Nou de la Rambla, 22",Madiha Fashion,False,False,False,False,False,False,True,False,5,Convenience Store only,1,Single record,0.0,1,High,False
barcelona,BAR_LOC_000007,41.38516714845175,2.16414443872765,2,2,Dhl | InPost,"Rda. de Sant Antoni, 100",Estanco 080139 | Kiosco De Prensa,False,False,False,False,False,False,True,False,5,Convenience Store only,3,"Multiple companies, single service",9.51,1,High,False
barcelona,BAR_LOC_000008,41.3860884118811,2.16653153962034,1,1,InPost,"Carrer de Pelai, 9",Copypelai,False,False,False,False,False,False,True,False,5,Convenience Store only,1,Single record,0.0,1,High,False
barcelona,BAR_LOC_000009,41.3850905660604,2.16788653962031,1,1,InPost,"Carrer de Jovellanos, 1",Phonix The Smart Point,False,False,False,False,False,False,True,False,5,Convenience Store only,1,Single record,0.0,1,High,False
barcelona,BAR_LOC_000010,41.3823675974989,2.163888677262555,2,2,InPost | SEUR,"Carrer del Tigre, 33",Fiber Sonic | Mobile House,False,False,False,False,False,False,True,False,5,Convenience Store only,3,"Multiple companies, single service",5.48,1,High,False
barcelona,BAR_LOC_000011,41.3807051756484,2.17844139729165,1,1,InPost,"Carrer d'Avinyó, 29",Taha Mobile Shop,False,False,False,False,False,False,True,False,5,Convenience Store only,1,Single record,0.0,1,High,False
barcelona,BAR_LOC_000012,41.3781916324103,2.17809735496309,1,1,InPost,"Carrer de Josep Anselm Clavé, 27",Te Habla Mobile Mobile,False,False,False,False,False,False,True,False,5,Convenience Store only,1,Single record,0.0,1,High,False
barcelona,BAR_LOC_000013,41.3858130621934,2.17457318379919,1,1,InPost,"Carrer de Duran i Bas, 11",Libreria Balmes,False,False,False,False,False,False,True,False,5,Convenience Store only,1,Single record,0.0,1,High,False
barcelona,BAR_LOC_000014,41.3844962299057,2.181983845267745,2,2,InPost | Mail Boxes Etc,"C/ de los Sombrereros, 25 | Placeta de Montcada, 6",Estanc Bcn 159 | MBE 0258,False,True,False,False,False,False,True,False,7,Multiple services,4,"Multiple companies, multiple services",12.18,1,High,False
barcelona,BAR_LOC_000015,41.38015096817119,2.189085193353592,4,4,InPost | Pudo | SEUR | UPS,"Carrer del Baluard, 27 | Carrer del Baluard, 27S | Carrer del Baluard, 36",Lockers 24/7 Saba Barceloneta Ba | Mail Boxes Etc 0341 | Saba Barceloneta | Seur Lockers Saba Barcelon,True,False,True,False,False,False,True,False,7,Multiple services,4,"Multiple companies, multiple services",61.72,3,Review,True
barcelona,BAR_LOC_000016,41.3783793814063,2.18931782427689,1,1,InPost,Carrer De Pepe Rubianes 12,Punto Y Coma,False,False,False,False,False,False,True,False,5,Convenience Store only,1,Single record,0.0,1,High,False
barcelona,BAR_LOC_000017,41.382051022256,2.18890386845596,1,1,InPost,"Carrer de la Mediterrània, 4",Instalaciones De La Fuente,False,False,False,False,False,False,True,False,5,Convenience Store only,1,Single record,0.0,1,High,False
barcelona,BAR_LOC_000018,41.3802820275397,2.18994731078431,1,1,InPost,"Carrer d'Andrea Dòria, 8",Estanc La Barceloneta,False,False,False,False,False,False,True,False,5,Convenience Store only,1,Single record,0.0,1,High,False
barcelona,BAR_LOC_000019,41.3889628780528,2.179376677354615,2,2,Ctt Express | InPost,"Carrer de Sant Pere Més Baix, 92",Mega Mobile,False,False,False,False,False,False,True,False,5,Convenience Store only,3,"Multiple companies, single service",23.22,2,Medium,False
barcelona,BAR_LOC_000020,41.389658003498496,2.1784459328741246,2,1,InPost,"Carrer de Méndez Núñez, 4 | Carrer de Sant Pere Més Alt, 76",La Casa De Les Sabatilles | Mamy Blu,False,False,False,False,False,False,True,False,5,Convenience Store only,2,"Same company, multiple records",8.07,1,High,False
barcelona,BAR_LOC_000021,41.38580640127893,2.177185654251785,4,4,InPost | Pudo | SEUR | UPS,"Av. de Francesc Cambó, 10",Lockers 24/7 Parking Bamsa Franc | P Taquilla Saba Francesc Cambo | Saba Francesc Cambo | Seur Lockers Saba Francesc,True,False,True,False,False,False,True,False,7,Multiple services,4,"Multiple companies, multiple services",59.75,3,Review,True
barcelona,BAR_LOC_000022,41.3744797019124,2.16132965990686,2,2,Amazon | InPost,"Carrer de Radas, 9",Amazon Counter - Central De Envios | Envios Radas 25 Sl,False,False,False,False,False,False,True,False,5,Convenience Store only,3,"Multiple companies, single service",4.47,1,High,False
barcelona,BAR_LOC_000023,41.373304884395154,2.15982026670597,2,2,Amazon | InPost,"Carrer de la Concòrdia, 36",Amazon Counter - Mi Casa Plantas | Mi Casa Plantas,False,False,False,False,False,False,True,False,5,Convenience Store only,3,"Multiple companies, single service",2.0,1,High,False
barcelona,BAR_LOC_000024,41.3734622958289,2.16016781078405,1,1,InPost,"Carrer de la Concòrdia, 19",Lockers 24/7 Parking Grupo Bolto,True,False,False,False,False,False,False,False,1,Locker only,1,Single record,0.0,1,High,False
barcelona,BAR_LOC_000025,41.3730434457922,2.1621152819482,1,1,InPost,"Carrer de Murillo, 5",Red Diamond Manos Emprendedoras,False,False,False,False,False,False,True,False,5,Convenience Store only,1,Single record,0.0,1,High,False
barcelona,BAR_LOC_000026,41.3741188471792,2.15716524147026,1,1,InPost,"Carrer de Vallhonrat, 21",Manikurate,False,False,False,False,False,False,True,False,5,Convenience Store only,1,Single record,0.0,1,High,False
barcelona,BAR_LOC_000027,41.3748508863417,2.1564566684556,1,1,InPost,"Av. del Paralelo, 165",Clickstar Movil,False,False,False,False,False,False,True,False,5,Convenience Store only,1,Single record,0.0,1,High,False
barcelona,BAR_LOC_000028,41.3746247416821,2.16853225496299,1,1,InPost,"Calle de Vila i Vila, 76",Bibliomusicineteca Llibreria,False,False,False,False,False,False,True,False,5,Convenience Store only,1,Single record,0.0,1,High,False
barcelona,BAR_LOC_000029,41.37442491670765,2.16715638614221,2,2,Dhl | InPost,"Carrer del Roser, 21 | Carrer del Roser, 6",Akram Cyclist | La Matalasseria,False,False,False,False,False,False,True,False,5,Convenience Store only,3,"Multiple companies, single service",11.34,1,High,False
barcelona,BAR_LOC_000030,41.374190898665745,2.1669096047170253,2,2,InPost | SEUR,"Carrer del Roser, 12",Envã­os Roser | Lockers Envios Roser,True,False,False,False,False,False,True,False,7,Multiple services,4,"Multiple companies, multiple services",5.54,1,High,False
barcelona,BAR_LOC_000031,41.3733718724842,2.16892818442688,2,2,InPost | SEUR,"Carrer de Piquer, 37",Haaf Medios Digitales,False,False,False,False,False,False,True,False,5,Convenience Store only,3,"Multiple companies, single service",3.64,1,High,False
barcelona,BAR_LOC_000032,41.373559595564,2.17116225311247,1,1,InPost,"Carrer de Mata, 1",Lockers Money Exchange 08004,True,False,False,False,False,False,False,False,1,Locker only,1,Single record,0.0,1,High,False
barcelona,BAR_LOC_000033,41.3940873910828,2.17453995311332,1,1,InPost,Gran Via de les Corts Catalanes,Musculmania,False,False,False,False,False,False,True,False,5,Convenience Store only,1,Single record,0.0,1,High,False
barcelona,BAR_LOC_000034,41.400322679271,2.202055095442,1,1,InPost,"Rbla. del Poblenou, 51",Expendeduria 63,False,False,False,False,False,False,True,False,5,Convenience Store only,1,Single record,0.0,1,High,False
barcelona,BAR_LOC_000035,41.3962535033943,2.20109527030692,1,1,InPost,"CCarrer de la Ciutat de Granada, 1",Lockers 24/7 Q8 Taulat,True,False,False,False,False,False,False,False,1,Locker only,1,Single record,0.0,1,High,False
barcelona,BAR_LOC_000036,41.3917751993814,2.19853223962056,1,1,InPost,"Carrer de l'Arquitecte Sert, 18",Estanc 316,False,False,False,False,False,False,True,False,5,Convenience Store only,1,Single record,0.0,1,High,False
barcelona,BAR_LOC_000037,41.40165969162833,2.2054600521486734,3,3,Correos | InPost | SEUR,"Car. Ramon Turro 248-250 | Carrer de Bilbao, 29",BARCELONA SUC 21. POBLE NOU | Lockers 24/7 Bsm Parking Bilbao | Seur Lockers Bsm Bilbao Ll,True,False,False,False,False,False,False,False,1,Locker only,3,"Multiple companies, single service",40.09,3,Review,True
barcelona,BAR_LOC_000038,41.4001671230919,2.20542768379981,1,1,InPost,"Carrer de Marià Aguiló, 129",Narosa Sweet Party,False,False,False,False,False,False,True,False,5,Convenience Store only,1,Single record,0.0,1,High,False
barcelona,BAR_LOC_000039,41.3955013358031,2.19261368194915,1,1,InPost,"Carrer de Pujades, 82",Lockers Tmb Bogatell L4,True,False,False,False,False,False,False,False,1,Locker only,1,Single record,0.0,1,High,False
barcelona,BAR_LOC_000040,41.3929393325321,2.19644468194905,1,1,InPost,"Av. del Bogatell, 19",Farmacia Bogatell Bcn,False,False,False,False,False,False,True,False,5,Convenience Store only,1,Single record,0.0,1,High,False
barcelona,BAR_LOC_000041,41.4023303398471,2.205295885401455,2,2,InPost | SEUR,"Carrer del Joncar, 47",Copirapit Melanju | Papeleria Copi Rapit,False,False,False,False,False,False,True,False,5,Convenience Store only,3,"Multiple companies, single service",21.93,2,Medium,False
barcelona,BAR_LOC_000042,41.3891564845107,2.1952781794292364,3,3,Ctt Express | InPost | UPS,"Carrer de la Marina, 22",Bol Mobils | Full-Bolo Mobils,False,False,False,False,False,False,True,False,5,Convenience Store only,3,"Multiple companies, single service",57.07,3,Review,True
barcelona,BAR_LOC_000043,41.401850975675,2.20017708194942,1,1,InPost,"Rbla. del Poblenou, 77",Lestanc De Loscar,False,False,False,False,False,False,True,False,5,Convenience Store only,1,Single record,0.0,1,High,False
barcelona,BAR_LOC_000044,41.40465284428324,2.201447614402078,5,5,Celeritas | Gls | InPost | Mail Boxes Etc | UPS,"Carrer de Bilbao, 91",MBE 0226 | Mail Boxes Etc | Mail Boxes Etc. 0226 | Ps Mail Boxes Etc,False,True,False,False,False,False,True,False,7,Multiple services,4,"Multiple companies, multiple services",47.51,3,Review,True
barcelona,BAR_LOC_000045,41.387881713049765,2.1971717562753033,3,3,Gls | InPost | UPS,"Carrer de la Marina, 16",La Rotonda | La Rotonda Port Olimpic | Ps La Rotonda,False,False,False,False,False,False,True,False,5,Convenience Store only,3,"Multiple companies, single service",48.07,3,Review,True
barcelona,BAR_LOC_000046,41.4026602687889,2.21023235311369,1,1,InPost,"P.o del Taulat, 156",Papeleria La Mar De Papers,False,False,False,False,False,False,True,False,5,Convenience Store only,1,Single record,0.0,1,High,False
barcelona,BAR_LOC_000047,41.40702818343515,2.2039201603629,2,2,InPost | SEUR,"Cam. Antiguo de Valencia, 89",Hebell,False,False,False,False,False,False,True,False,5,Convenience Store only,3,"Multiple companies, single service",5.86,1,High,False
barcelona,BAR_LOC_000048,41.3884847458774,2.197882550164185,2,2,InPost | SEUR,"Av. del Litoral, 34",Lockers 24/7 Bsm Litoral Port | Seur Lockers Bsm Litoral P,True,False,False,False,False,False,False,False,1,Locker only,3,"Multiple companies, single service",10.61,1,High,False
barcelona,BAR_LOC_000049,41.3922281447196,2.18969558194901,1,1,InPost,"C/ de Llull, 23",La Gelateria Di Leonardo,False,False,False,False,False,False,True,False,5,Convenience Store only,1,Single record,0.0,1,High,False
barcelona,BAR_LOC_000050,41.4023871219558,2.14740602427788,1,1,InPost,"Carrer de Lincoln, 42",Foto Rodri,False,False,False,False,False,False,True,False,5,Convenience Store only,1,Single record,0.0,1,High,False
barcelona,BAR_LOC_000051,41.3976961816985,2.14798442612812,1,1,InPost,"Carrer d'Aribau, 272",Aribau Moviles Y Informatica,False,False,False,False,False,False,True,False,5,Convenience Store only,1,Single record,0.0,1,High,False
barcelona,BAR_LOC_000052,41.398176590911135,2.14949401000518,3,3,InPost | Nacex | UPS,"Carrer de Marià Cubí, 57",Estanc Barcelona Nâo 355 | Estanco 355 Barcelona | Estanco 355 Bcn,False,False,False,False,False,False,True,False,5,Convenience Store only,3,"Multiple companies, single service",10.89,1,High,False
barcelona,BAR_LOC_000053,41.3982117842378,2.15279763962082,1,1,InPost,"Travessera de Gràcia, 90",Catmobils,False,False,False,False,False,False,True,False,5,Convenience Store only,1,Single record,0.0,1,High,False
barcelona,BAR_LOC_000054,41.4014447626001,2.14480901078518,1,1,InPost,"Carrer de Sant Elies, 11",Novahome Reformas Stelias,False,False,False,False,False,False,True,False,5,Convenience Store only,1,Single record,0.0,1,High,False
barcelona,BAR_LOC_000055,41.39906346140014,2.15362611537288,3,3,InPost | Pudo | SEUR,"Plaça de Gal·la Placídia, 2",Lockers 24/7 Saba Gala Placidia | Saba Gal-La PlacidãA | Seur Lockers Saba Placidia,True,False,True,False,False,False,False,False,7,Multiple services,4,"Multiple companies, multiple services",8.89,1,High,False
barcelona,BAR_LOC_000056,41.3963781689678,2.15656027116422,1,1,InPost,"Carrer Minerva, 13",Printopia Sl,False,False,False,False,False,False,True,False,5,Convenience Store only,1,Single record,0.0,1,High,False
barcelona,BAR_LOC_000057,41.4040850230871,2.14543005496419,1,1,InPost,"Carrer de Sant Hermenegild, 7",Bo De Bo,False,False,False,False,False,False,True,False,5,Convenience Store only,1,Single record,0.0,1,High,False
barcelona,BAR_LOC_000058,41.4032978145623,2.14138631078525,1,1,InPost,Carrer de Ferran Valls i Taberner,Bar Granja Lili,False,False,False,False,False,False,True,False,5,Convenience Store only,1,Single record,0.0,1,High,False
barcelona,BAR_LOC_000059,41.39108564454436,2.165988862124226,5,4,Amazon | InPost | SEUR | UPS,"Passeig de Gràcia, 31 | Passeig de Gràcia, 33 | Pg. de Gràcia, 33",Amazon Lockers - Cullell | Lockers 24/7 Bamsa Gracia Consel | Lockers 24/7 Bamsa Gracia Consell | P Taquilla Pkg Saba Gracia Ii | Seur Lockers Pkn Saba Pass,True,False,False,False,False,False,True,False,7,Multiple services,4,"Multiple companies, multiple services",36.28,3,Review,True
barcelona,BAR_LOC_000060,41.3974072156164,2.159014710349625,2,2,InPost | Pudo,"Jardins de Salvador Espriu, Pg. de Gràcia, s/n",Lockers 24/7 Bamsa Jardinets De | Saba Gracia I - Jardinets,True,False,True,False,False,False,False,False,7,Multiple services,4,"Multiple companies, multiple services",5.38,1,High,False
barcelona,BAR_LOC_000061,41.39274069189447,2.170009735337357,3,3,Amazon | InPost | Pudo,"Carrer de la Diputació, s/n",Amazon Lockers - Deverra | Lockers 24/7 Saba Diputacio Barc | Parking Saba Diputacio,True,False,True,False,False,False,False,False,7,Multiple services,4,"Multiple companies, multiple services",29.55,2,Medium,False
barcelona,BAR_LOC_000062,41.395784893564795,2.1636079347902273,4,4,Amazon | InPost | Pudo | SEUR,"C. de Pau Claris, 174 | Carrer de Pau Claris, 174",Amazon Lockers - Hathor | Lockers 24/7 Saba Pau Claris | Parking Saba Pau Claris | Seur Lockers Pkn Saba Pau,True,False,True,False,False,False,False,False,7,Multiple services,4,"Multiple companies, multiple services",21.5,2,Medium,False
barcelona,BAR_LOC_000063,41.3946541896089,2.15620112612799,1,1,InPost,"Calle de Balmes, 152",Usp Estanco Harvard,False,False,False,False,False,False,True,False,5,Convenience Store only,1,Single record,0.0,1,High,False
barcelona,BAR_LOC_000064,41.3966827325848,2.17132179729232,1,1,InPost,"Carrer de Bailèn, 92",For You Mobils,False,False,False,False,False,False,True,False,5,Convenience Store only,1,Single record,0.0,1,High,False
barcelona,BAR_LOC_000065,41.3917304073992,2.168201242671,3,3,Amazon | Ctt Express | InPost,"C. de Pau Claris, 107",Amazon Counter - Logo Phones | Logo Phones | Logo Phones.,False,False,False,False,False,False,True,False,5,Convenience Store only,3,"Multiple companies, single service",4.47,1,High,False
barcelona,BAR_LOC_000066,41.3964586849166,2.16896271078497,1,1,InPost,"Carrer de Girona, 101",Tabacs Estanc N 133,False,False,False,False,False,False,True,False,5,Convenience Store only,1,Single record,0.0,1,High,False
barcelona,BAR_LOC_000067,41.3984779434942,2.17034868194927,1,1,InPost,"Pg. de St. Joan, 89",Estanc 446,False,False,False,False,False,False,True,False,5,Convenience Store only,1,Single record,0.0,1,High,False
barcelona,BAR_LOC_000068,41.3969218145798,2.172617158955595,2,2,Amazon | InPost,"Passeig De Sant Joan 51 | Pg. de St. Joan, 53",Amazon Lockers - Idarraga | Prink Sant Joan,True,False,False,False,False,False,True,False,7,Multiple services,4,"Multiple companies, multiple services",12.47,1,High,False
barcelona,BAR_LOC_000069,41.400356127101205,2.170290082522595,2,2,Ctt Express | InPost,"Carrer de Mallorca, 341",Tesco Mobil 2 | Tesco Mobils,False,False,False,False,False,False,True,False,5,Convenience Store only,3,"Multiple companies, single service",45.81,3,Review,True
barcelona,BAR_LOC_000070,41.3905169158315,2.17468825109864,1,1,InPost,"C. del Bruc, 15",Recta,False,False,False,False,False,False,True,False,5,Convenience Store only,1,Single record,0.0,1,High,False
barcelona,BAR_LOC_000071,41.3897875239955,2.17604819141413,1,1,InPost,"C. del Bruc, 6",Mydogbcn,False,False,False,False,False,False,True,False,5,Convenience Store only,1,Single record,0.0,1,High,False
barcelona,BAR_LOC_000072,41.389442288996825,2.1728543607447626,4,4,Amazon | InPost | SEUR | UPS,Pl. d'Urquinaona | Pl. d'Urquinaona s/n,Amazon Lockers - Crecente | Lockers 24/7 Saba Urquinaona | P Taquilla Pk Saba Urquinaona | Seur Lockers Pkn Saba Urqu,True,False,False,False,False,False,True,False,7,Multiple services,4,"Multiple companies, multiple services",7.16,1,High,False
barcelona,BAR_LOC_000073,41.3888153764959,2.15943227932035,1,1,InPost,"Carrer d'Aribau, 60",Todo Oficina,False,False,False,False,False,False,True,False,5,Convenience Store only,1,Single record,0.0,1,High,False
barcelona,BAR_LOC_000074,41.3864774259333,2.15792025917281,1,1,InPost,"Carrer de Casanova, 75",Bamboo Llar I Decoracio,False,False,False,False,False,False,True,False,5,Convenience Store only,1,Single record,0.0,1,High,False
barcelona,BAR_LOC_000075,41.383630409828,2.162504297651505,2,2,InPost | SEUR,"Carrer De Sepulveda 175 | Carrer de Sepúlveda, 173",Estanco Sepulveda | Foxlive,False,False,False,False,False,False,True,False,5,Convenience Store only,3,"Multiple companies, single service",8.18,1,High,False
barcelona,BAR_LOC_000076,41.385309817227885,2.1614933485995533,6,6,Amazon | Dhl | InPost | Nacex | SEUR | UPS,"C. de Muntaner, 25",Amazon Counter - Decompras365.Com | De Compras 365 | Decompras365.Com | Decompras365com,False,False,False,False,False,False,True,False,5,Convenience Store only,3,"Multiple companies, single service",60.0,3,Review,True
barcelona,BAR_LOC_000077,41.37962339340947,2.1624600548070934,3,3,InPost | Pudo | SEUR,"Carrer De Tamarit 156 | Carrer del Comte d'Urgell, 12",Optica Marcos | Parking Saba Urgell | Seur Lockers Pkn Saba Urge,True,False,True,False,False,False,True,False,7,Multiple services,4,"Multiple companies, multiple services",20.68,2,Medium,False
barcelona,BAR_LOC_000078,41.3810255951789,2.16189793360744,1,1,InPost,"Carrer de Floridablanca, 136",Tintoreria Rius,False,False,False,False,False,False,True,False,5,Convenience Store only,1,Single record,0.0,1,High,False
barcelona,BAR_LOC_000079,41.3795762581012,2.16160962803001,1,1,InPost,"Carrer de Tamarit, 177",Lockers 24/7 Bsm Mercat Sant Ant,True,False,False,False,False,False,False,False,1,Locker only,1,Single record,0.0,1,High,False
barcelona,BAR_LOC_000080,41.3819503933762,2.15358209266233,1,1,InPost,"Calle del Consejo de Ciento, 138",Obelisco Trofeos,False,False,False,False,False,False,True,False,5,Convenience Store only,1,Single record,0.0,1,High,False
barcelona,BAR_LOC_000081,41.3879220239486,2.15627959302654,1,1,InPost,"Carrer de València, 147",Todo Home Patinete,False,False,False,False,False,False,True,False,5,Convenience Store only,1,Single record,0.0,1,High,False
barcelona,BAR_LOC_000082,41.4016812913506,2.15363752030441,1,1,InPost,"Carrer Gran de Gràcia, 130",Greyhounders Visual Click Bcn,False,False,False,False,False,False,True,False,5,Convenience Store only,1,Single record,0.0,1,High,False
barcelona,BAR_LOC_000083,41.4007772034548,2.1531995323918,1,1,InPost,"Carrer de Berga, 16",Punto Pelota,False,False,False,False,False,False,True,False,5,Convenience Store only,1,Single record,0.0,1,High,False
barcelona,BAR_LOC_000084,41.402845939347,2.1531212288647,2,2,InPost | UPS,"Carrer d'Astúries, 8",Valira Barcelona | Valira Gracia,False,False,False,False,False,False,True,False,5,Convenience Store only,3,"Multiple companies, single service",4.47,1,High,False
barcelona,BAR_LOC_000085,41.4016476416402,2.1566801468351136,6,4,Amazon | InPost | Pudo | UPS,"Plaça del Sol, 22 | Plaça del Sol, 5",Amazon Lockers - Demeter | Globus Amb Gracia | P Taquilla Saba Plaza Del Sol | Saba Gracia Iii - Mallorca | Saba Plaza Del Sol,True,False,True,False,False,False,True,False,7,Multiple services,4,"Multiple companies, multiple services",51.71,3,Review,True
barcelona,BAR_LOC_000086,41.4049780895698,2.151168955587944,5,5,Amazon | Ctt Express | Dhl | InPost | SEUR,"Carrer Gran de Gràcia, 219",Amazon Counter - Estanco Exp. Nâ°20 | Estanco 20 Barcelona | Estanco 20 De Barcelona | Estanco Exp. Nâ°20,False,False,False,False,False,False,True,False,5,Convenience Store only,3,"Multiple companies, single service",48.64,3,Review,True
barcelona,BAR_LOC_000087,41.4011092487867,2.16263023489429,1,1,InPost,"Carrer de Milà i Fontanals, 28",Zelinda Milano Bcn,False,False,False,False,False,False,True,False,5,Convenience Store only,1,Single record,0.0,1,High,False
barcelona,BAR_LOC_000088,41.39494811284157,2.1484229200201734,3,3,Celeritas | InPost | SEUR,"C. de Muntaner, 235",Laika | Laika Pet Shop,False,False,False,False,False,False,True,False,5,Convenience Store only,3,"Multiple companies, single service",50.27,3,Review,True
barcelona,BAR_LOC_000089,41.402978975787335,2.15994551439231,3,3,Ctt Express | InPost | SEUR,"Travessera de Gràcia, 203",4g Mobiles | 4g Mobils,False,False,False,False,False,False,True,False,5,Convenience Store only,3,"Multiple companies, single service",23.72,2,Medium,False
barcelona,BAR_LOC_000090,41.3992381498109,2.15676634887404,1,1,InPost,"Carrer Gran de Gràcia, 42",Tierra De Indias,False,False,False,False,False,False,True,False,5,Convenience Store only,1,Single record,0.0,1,High,False
barcelona,BAR_LOC_000091,41.40418567856775,2.179714297863585,4,4,Ctt Express | Dhl | InPost | SEUR,"C/ de Padilla, 204 | C/ de Padilla, 206",Micro Market Outlet | Seur Lockers Micro Market,True,False,False,False,False,False,True,False,7,Multiple services,4,"Multiple companies, multiple services",54.42,3,Review,True
barcelona,BAR_LOC_000092,41.4060377549957,2.18160917521346,1,1,InPost,"C. de Cartagena, 202",Phoneplanet Store,False,False,False,False,False,False,True,False,5,Convenience Store only,1,Single record,0.0,1,High,False
barcelona,BAR_LOC_000093,41.4055184968875,2.17726163393111,1,1,InPost,"C/ de Padilla, 251",Cuina I Taula,False,False,False,False,False,False,True,False,5,Convenience Store only,1,Single record,0.0,1,High,False
barcelona,BAR_LOC_000094,41.4029778775362,2.1772673210734848,2,2,Celeritas | InPost,"Carrer de la Marina, 240",Super Fresh | Super Fresh Supermercat,False,False,False,False,False,False,True,False,5,Convenience Store only,3,"Multiple companies, single service",26.93,2,Medium,False
barcelona,BAR_LOC_000095,41.39991797221225,2.17989902015549,2,2,InPost | UPS,"Carrer de la Marina, 185",Marina Mobile | Marina Mobils Informatica,False,False,False,False,False,False,True,False,5,Convenience Store only,3,"Multiple companies, single service",7.21,1,High,False
barcelona,BAR_LOC_000096,41.404795076696,2.1761981076112,1,1,InPost,"Carrer de Lepant, 271",Lockers Money Exchange 08013,True,False,False,False,False,False,False,False,1,Locker only,1,Single record,0.0,1,High,False
barcelona,BAR_LOC_000097,41.3991988534904,2.17267570600815,1,1,InPost,"Carrer de Roger de Flor, 200",Lockers 24/7 Bolton Roger De Flo,True,False,False,False,False,False,False,False,1,Locker only,1,Single record,0.0,1,High,False
barcelona,BAR_LOC_000098,41.3975682536561,2.17598110664891,1,1,InPost,"Carrer de la Diputació, 389",Ferreteria Platinum,False,False,False,False,False,False,True,False,5,Convenience Store only,1,Single record,0.0,1,High,False
barcelona,BAR_LOC_000099,41.3998422786839,2.18140670857822,1,1,InPost,"Gran Via de les Corts Catalanes, 15",Herbolari Gran Vida,False,False,False,False,False,False,True,False,5,Convenience Store only,1,Single record,0.0,1,High,False
barcelona,BAR_LOC_000100,41.3950569455978,2.17934526496866,2,2,Gls | InPost,"Carrer d'Ausiàs Marc, 77",Etalonplus | Ps Etalonplus Papelerias Ausias,False,False,False,False,False,False,True,False,5,Convenience Store only,3,"Multiple companies, single service",37.47,3,Review,True
barcelona,BAR_LOC_000101,41.37595710753965,2.138417977807475,2,2,InPost | SEUR,"C. de Riego, 8",Namaste Electronica | Namaste Electronica Y Informati,False,False,False,False,False,False,True,False,5,Convenience Store only,3,"Multiple companies, single service",5.97,1,High,False
barcelona,BAR_LOC_000102,41.3743589124205,2.14147134823729,1,1,InPost,Carrer 26 de Gener de 1641,Alimentacio Dunav,False,False,False,False,False,False,True,False,5,Convenience Store only,1,Single record,0.0,1,High,False
barcelona,BAR_LOC_000103,41.37480021395283,2.142763549434354,7,5,Amazon | Ctt Express | InPost | Nacex | SEUR,"C. Vilardell, 20 | C. Vilardell, 22",Amazon Lockers - Dallas | Call Point | Call Point Locutorio | Callpoint Locutorio | Lockers 24/7 Saba Vilardell Barc | Seur Lockers Saba Vilardel,True,False,False,False,False,False,True,False,7,Multiple services,4,"Multiple companies, multiple services",67.06,3,Review,True
barcelona,BAR_LOC_000104,41.3733877629727,2.13963420474001,1,1,InPost,"Carrer del Guadiana, 46",Llibreria Montseny,False,False,False,False,False,False,True,False,5,Convenience Store only,1,Single record,0.0,1,High,False
barcelona,BAR_LOC_000105,41.3791450043296,2.13443149235796,1,1,InPost,"Carrer de Galileu, 111",Saponina A Granel,False,False,False,False,False,False,True,False,5,Convenience Store only,1,Single record,0.0,1,High,False
barcelona,BAR_LOC_000106,41.3785062553208,2.14376364982499,1,1,InPost,"Carrer de l'Elisi, 17",Auro Floral Stories,False,False,False,False,False,False,True,False,5,Convenience Store only,1,Single record,0.0,1,High,False
barcelona,BAR_LOC_000107,41.380051875707096,2.13406763679103,2,2,InPost | SEUR,"Carrer de Galileu, 139",Capita Enciam,False,False,False,False,False,False,True,False,5,Convenience Store only,3,"Multiple companies, single service",6.52,1,High,False
barcelona,BAR_LOC_000108,41.3760293686444,2.12827084100079,1,1,InPost,"Carrer de Sants, 254",Anaya Mobile,False,False,False,False,False,False,True,False,5,Convenience Store only,1,Single record,0.0,1,High,False
barcelona,BAR_LOC_000109,41.3812655521804,2.13294824894286,1,1,InPost,"Av. de Madrid, 190",Mensajeros Crono,False,False,False,False,False,False,True,False,5,Convenience Store only,1,Single record,0.0,1,High,False
barcelona,BAR_LOC_000110,41.3804988456365,2.1457453621636,1,1,InPost,"Carrer de Llança, 50",Copisteria Bcn,False,False,False,False,False,False,True,False,5,Convenience Store only,1,Single record,0.0,1,High,False
barcelona,BAR_LOC_000111,41.3737938882669,2.13044293836793,1,1,InPost,"Carrer de Begur, 55",Tu Mejor Tu Sants,False,False,False,False,False,False,True,False,5,Convenience Store only,1,Single record,0.0,1,High,False
barcelona,BAR_LOC_000112,41.3807278542875,2.14534083264383,2,2,InPost | SEUR,"Carrer de Llança, 60",Llibreria 2002,False,False,False,False,False,False,True,False,5,Convenience Store only,3,"Multiple companies, single service",12.37,1,High,False
barcelona,BAR_LOC_000113,41.3835272400007,2.13258865016694,1,1,InPost,"Carrer de Galileu, 268",Estanco Galileu,False,False,False,False,False,False,True,False,5,Convenience Store only,1,Single record,0.0,1,High,False
barcelona,BAR_LOC_000114,41.382412392914546,2.13555483568688,2,1,InPost,"Plaça del Centre, 5",Estanc Placa Del Centre | Estanco Placa Del Centre,False,False,False,False,False,False,True,False,5,Convenience Store only,2,"Same company, multiple records",13.63,1,High,False
barcelona,BAR_LOC_000115,41.379256499197,2.1400541469682,1,1,InPost,"Pl. dels Països Catalans, 1",Lockers Tmb L3 Sants Estacio,True,False,False,False,False,False,False,False,1,Locker only,1,Single record,0.0,1,High,False
barcelona,BAR_LOC_000116,41.38194662041895,2.14851717999065,2,2,Amazon | InPost,"Carrer de València, 37",Amazon Counter - Berlin Mobils | Berlin Movil,False,False,False,False,False,False,True,False,5,Convenience Store only,3,"Multiple companies, single service",12.82,1,High,False
barcelona,BAR_LOC_000117,41.3785132553673,2.12903120474865,1,1,InPost,"Rambla del Brasil, 55",Estanco 271,False,False,False,False,False,False,True,False,5,Convenience Store only,1,Single record,0.0,1,High,False
barcelona,BAR_LOC_000118,41.3740967799619,2.12752782607603,1,1,InPost,"Carrer de l'Escultor Canet, 15",Fruteria Don Lino,False,False,False,False,False,False,True,False,5,Convenience Store only,1,Single record,0.0,1,High,False
barcelona,BAR_LOC_000119,41.3806249556491,2.15111297280564,1,1,InPost,"Calle del Consejo de Ciento, 97",Lockers Lavanderia Lavados,True,False,False,False,False,False,False,False,1,Locker only,1,Single record,0.0,1,High,False
barcelona,BAR_LOC_000120,41.377393404316,2.15128036377583,1,1,InPost,"Carrer de Vilamarí, 45",Gigabyte,False,False,False,False,False,False,True,False,5,Convenience Store only,1,Single record,0.0,1,High,False
barcelona,BAR_LOC_000121,41.37642981609155,2.1493121373608375,4,4,InPost | Pudo | SEUR | UPS,"Gran Via de les Corts Catalanes | Gran Via de les Corts Catalanes, 373 | Gran Via de les Corts Catalanes, planta Cúpula",C.C. Las Arenas | Lockers 24/7 Cc Arenas De Barcel | P Taquilla Cc Las Arenas | Seur Lockers C.C. Las Aren,True,False,True,False,False,False,True,False,7,Multiple services,4,"Multiple companies, multiple services",44.35,3,Review,True
barcelona,BAR_LOC_000122,41.3795199335493,2.146736128392525,2,2,Celeritas | InPost,"Carrer d'Aragó, 21",Pintures I Drogueria Navarra,False,False,False,False,False,False,True,False,5,Convenience Store only,3,"Multiple companies, single service",42.0,3,Review,True
barcelona,BAR_LOC_000123,41.3795440079916,2.15515684282333,4,4,Celeritas | InPost | SEUR | UPS,"Gran Via de les Corts Catalanes, 464",Office Expres | Office Express | Officexpress | Papeleria Officexpress Bcn,False,False,False,False,False,False,True,False,5,Convenience Store only,3,"Multiple companies, single service",49.55,3,Review,True
barcelona,BAR_LOC_000124,41.38328662223315,2.1503198319315233,6,5,Amazon | InPost | Pudo | SEUR | UPS,"Carrer de València, 77",Amazon Lockers - Prometeo | Lockers 24/7 Saba Valencia Calab | P Taquilla Pk Saba Valencia | Parking Saba Valencia | Seur Lockers Pkn Saba Vale,True,False,True,False,False,False,True,False,7,Multiple services,4,"Multiple companies, multiple services",38.93,3,Review,True
barcelona,BAR_LOC_000125,41.3767105591409,2.15543314919001,1,1,InPost,"Av. de Mistral, 42",Goetia Boutique Esoterica Y Ocu,False,False,False,False,False,False,True,False,5,Convenience Store only,1,Single record,0.0,1,High,False
barcelona,BAR_LOC_000126,41.3804093526039,2.1538252520679,1,1,InPost,"Carrer de la Diputació, 80",Lockers Lavanderia Primecolada D,True,False,False,False,False,False,False,False,1,Locker only,1,Single record,0.0,1,High,False
barcelona,BAR_LOC_000127,41.38117234324598,2.15816038061284,4,4,Ctt Express | InPost | SEUR | UPS,"Carrer del Comte Borrell, 108",Borrel Multiservices | Locutori Borrell Multiser | Locutori Borrell Multiserveis | Locutori Borrell Multiserveis.,False,False,False,False,False,False,True,False,5,Convenience Store only,3,"Multiple companies, single service",18.45,2,Medium,False
barcelona,BAR_LOC_000128,41.3771091536266,2.15687247616689,1,1,InPost,"Av. de Mistral, 28",Estanc De Mistral,False,False,False,False,False,False,True,False,5,Convenience Store only,1,Single record,0.0,1,High,False
barcelona,BAR_LOC_000129,41.3129987382013,2.01595029200722,1,1,InPost,"Av. de Josep Tarradellas, 6",Lockers 24/7 Saba Tarradellas Ii,True,False,False,False,False,False,False,False,1,Locker only,1,Single record,0.0,1,High,False
barcelona,BAR_LOC_000130,41.3716174129501,2.14393312308085,1,1,InPost,"Gran Via de les Corts Catalanes, 273",Lockers La Wash Gran Via 273,False,False,False,False,False,False,True,False,5,Convenience Store only,1,Single record,0.0,1,High,False
barcelona,BAR_LOC_000131,41.375526753657155,2.1606052288684596,5,5,Correos | InPost | Pudo | SEUR | UPS,"Av. del Paralelo, 132",E.S. Galp Paralelo | Galp | Lockers Galp Barcelona Paralelo | P Taquilla Galp Paralelo | Seur Lockers E.S. Galp Par,True,False,True,False,False,False,True,False,7,Multiple services,4,"Multiple companies, multiple services",38.55,3,Review,True
barcelona,BAR_LOC_000132,41.3838504366718,2.15637622542834,1,1,InPost,"Carrer del Comte d'Urgell, 91",Estanc Urgell,False,False,False,False,False,False,True,False,5,Convenience Store only,1,Single record,0.0,1,High,False
barcelona,BAR_LOC_000133,41.3888236035623,2.1435121632914402,2,2,InPost | Nacex,"Av. de Josep Tarradellas, 92",Estanc 381 | Estanc Barcelona Nâo 381,False,False,False,False,False,False,True,False,5,Convenience Store only,3,"Multiple companies, single service",3.23,1,High,False
barcelona,BAR_LOC_000134,41.3823845927543,2.14000613424969,1,1,InPost,"Carrer de Numància, 29",Moon Mobils,False,False,False,False,False,False,True,False,5,Convenience Store only,1,Single record,0.0,1,High,False
barcelona,BAR_LOC_000135,41.3833030429783,2.15773840716716,1,1,InPost,"Carrer del Comte d'Urgell, 84",Moto Minut,False,False,False,False,False,False,True,False,5,Convenience Store only,1,Single record,0.0,1,High,False
barcelona,BAR_LOC_000136,41.38823829625207,2.153031275912573,3,3,Gls | InPost | Nacex,"C. de Villarroel, 165",Estanc Barcelona Nâo 111 | Estanc Prat | Ps Estanc Prat,False,False,False,False,False,False,True,False,5,Convenience Store only,3,"Multiple companies, single service",51.0,3,Review,True
barcelona,BAR_LOC_000137,41.3630448803869,2.1224415646972736,3,2,Dhl | InPost,"Carrer d'Amadeu Torner, 70",Estanc Expendeduria 33 | Estanco 33,False,False,False,False,False,False,True,False,5,Convenience Store only,3,"Multiple companies, single service",12.53,1,High,False
barcelona,BAR_LOC_000138,41.435624992376525,2.18156684514743,3,3,InPost | Pudo | SEUR,"Avinguda de Rio de Janeiro, 42",Lockers Cc Som Multiespai | Seur Lockers Som Multispai | Som Multiespai Barcelona,True,False,True,False,False,False,False,False,7,Multiple services,4,"Multiple companies, multiple services",18.26,2,Medium,False
barcelona,BAR_LOC_000139,41.4392693759656,2.180641483268705,2,2,Ctt Express | InPost,"Pg. de Valldaura, 268",Ab Moviles | Ab Mã“Viles,False,False,False,False,False,False,True,False,5,Convenience Store only,3,"Multiple companies, single service",23.4,2,Medium,False
barcelona,BAR_LOC_000140,41.4388824634697,2.18084082739608,1,1,InPost,"Avinguda de Rio de Janeiro, 7",El Cau De La Naira,False,False,False,False,False,False,True,False,5,Convenience Store only,1,Single record,0.0,1,High,False
barcelona,BAR_LOC_000141,41.4310675718666,2.182044843267425,2,2,InPost | SEUR,"Avinguda de Rio de Janeiro, 5",Radhey Mobils | Radhey Radhey Mobils,False,False,False,False,False,False,True,False,5,Convenience Store only,3,"Multiple companies, single service",9.6,1,High,False
barcelona,BAR_LOC_000142,41.4381856078759,2.17379432543989,1,1,InPost,"Pg. de Valldaura, 218",Kiosk Valldaura Bones Noves,False,False,False,False,False,False,True,False,5,Convenience Store only,1,Single record,0.0,1,High,False
barcelona,BAR_LOC_000143,41.443718784414,2.18580790358153,2,2,Ctt Express | InPost,"Av. Meridiana, 507",Articles Bamby,False,False,False,False,False,False,True,False,5,Convenience Store only,3,"Multiple companies, single service",3.58,1,High,False
barcelona,BAR_LOC_000144,41.44312918978175,2.18187516588108,2,2,Amazon | InPost,"C/ Joaquim Valls, 39",Amazon Counter - Botiga Digi | Botiga Digi,False,False,False,False,False,False,True,False,5,Convenience Store only,3,"Multiple companies, single service",8.94,1,High,False
barcelona,BAR_LOC_000145,41.4440723204531,2.18812603393528,1,1,InPost,"Carrer Gran de Sant Andreu, 513",Lockers 24/7 Repsol Sant Andreu,True,False,False,False,False,False,False,False,1,Locker only,1,Single record,0.0,1,High,False
barcelona,BAR_LOC_000146,41.443127945309264,2.180965179480723,3,3,Amazon | Gls | InPost,"Carrer de Pablo Iglesias, 10",Amazon Counter - M&D Servicios Nou Barris | Md Serveis Nou Barris | Ps M&D Servicios Nou Barris,False,False,False,False,False,False,True,False,5,Convenience Store only,3,"Multiple companies, single service",14.83,1,High,False
barcelona,BAR_LOC_000147,41.44538209935457,2.1826695596942365,3,3,Amazon | Ctt Express | InPost,"Carrer de Pablo Iglesias, 91",Amazon Counter - Bien Hecho | Bien Hecho | Bienhecho Express,False,False,False,False,False,False,True,False,5,Convenience Store only,3,"Multiple companies, single service",27.04,2,Medium,False
barcelona,BAR_LOC_000148,41.428175452201,2.18413050505157,1,1,InPost,Cr Concepcion Arenal 191,Estanco Gomez,False,False,False,False,False,False,True,False,5,Convenience Store only,1,Single record,0.0,1,High,False
barcelona,BAR_LOC_000149,41.4421323943471,2.17422204409406,1,1,InPost,"Carrer de la Font d'en Canyelles, 114",Papeleria La Fuente,False,False,False,False,False,False,True,False,5,Convenience Store only,1,Single record,0.0,1,High,False
barcelona,BAR_LOC_000150,41.4358329501751,2.17428100441132,1,1,InPost,"Carrer d'Alcúdia, 38",Djmobiles,False,False,False,False,False,False,True,False,5,Convenience Store only,1,Single record,0.0,1,High,False
barcelona,BAR_LOC_000151,41.43469366416055,2.17244878154981,2,2,Ctt Express | InPost,"Carrer del Doctor Pi i Molist, 97",Estanc 285 | Movil Tech,False,False,False,False,False,False,True,False,5,Convenience Store only,3,"Multiple companies, single service",16.2,2,Medium,False
barcelona,BAR_LOC_000152,41.4313602113965,2.17701560475612,1,1,InPost,"Carrer d'Arnau d'Oms, 47",Lockers Dia Carrer Arnau Doms,True,False,False,False,False,False,False,False,1,Locker only,1,Single record,0.0,1,High,False
barcelona,BAR_LOC_000153,41.430073193780565,2.1754209442490633,3,3,Celeritas | Dhl | InPost,"Carrer de la Jota, 148 | Plaça del Virrei Amat, 9",Antmotion Informatica | Antmotion Informatica S.L. | Outlet Informatica,False,False,False,False,False,False,True,False,5,Convenience Store only,3,"Multiple companies, single service",54.36,3,Review,True
barcelona,BAR_LOC_000154,41.4286681069201,2.18357860473189,1,1,InPost,"Carrer d'Escòcia, 7",El Paisa 3,False,False,False,False,False,False,True,False,5,Convenience Store only,1,Single record,0.0,1,High,False
barcelona,BAR_LOC_000155,41.4382809635705,2.16584027888752,2,2,InPost | Nacex,"Pg. de Fabra i Puig, 466",Libreria Papeleria Evayol | Papereria Llibreria Evayol,False,False,False,False,False,False,True,False,5,Convenience Store only,3,"Multiple companies, single service",14.42,1,High,False
barcelona,BAR_LOC_000156,41.4328607609008,2.18440322220627,1,1,InPost,"Carrer de Concepción Arenal, 274",Academia Esmoda Bcn,False,False,False,False,False,False,True,False,5,Convenience Store only,1,Single record,0.0,1,High,False
barcelona,BAR_LOC_000157,41.44072742657495,2.1918231379583,2,2,Amazon | InPost,"Carrer del Cinca, 69",Amazon Lockers - Elefenor | Lockers Dia Cl Cinca,True,False,False,False,False,False,False,False,1,Locker only,3,"Multiple companies, single service",7.37,1,High,False
barcelona,BAR_LOC_000158,41.4451496434045,2.17779683710015,1,1,InPost,"C/ Joaquim Valls, 108",Automodelismo Sarich,False,False,False,False,False,False,True,False,5,Convenience Store only,1,Single record,0.0,1,High,False
barcelona,BAR_LOC_000159,41.4242479359562,2.18477042739079,1,1,InPost,Carrer De Cienfuegos 7-9,Lockers Dia Cienfuegos,True,False,False,False,False,False,False,False,1,Locker only,1,Single record,0.0,1,High,False
barcelona,BAR_LOC_000160,41.43068681024725,2.1879968419291447,4,3,Amazon | InPost | SEUR,"Carrer de les Monges, 6",Amazon Lockers - Gamuza | Lockers 24/7 Parking Bsm Sant An | Seur Lockers Bsm Sant Andr,True,False,False,False,False,False,False,False,1,Locker only,3,"Multiple companies, single service",27.03,2,Medium,False
barcelona,BAR_LOC_000161,41.4452746981208,2.17821896572346,1,1,InPost,"Carrer de Viladrosa, 138",Lockers Dia Carrer De Viladrosa,True,False,False,False,False,False,False,False,1,Locker only,1,Single record,0.0,1,High,False
barcelona,BAR_LOC_000162,41.4459456335873,2.17272858890156,1,1,InPost,"Carrer d'Alcàntara, 18",Casa De Mobils I Enviaments De,False,False,False,False,False,False,True,False,5,Convenience Store only,1,Single record,0.0,1,High,False
barcelona,BAR_LOC_000163,41.441754602012196,2.192088039860735,2,2,Celeritas | InPost,"Carrer del Cinca, 96 | Carrer del Cinca, 96-98",Cincapapers | Papeleria Cinca Papers,False,False,False,False,False,False,True,False,5,Convenience Store only,3,"Multiple companies, single service",44.67,3,Review,True
barcelona,BAR_LOC_000164,41.4267839517759,2.1823976373762477,4,4,Amazon | Ctt Express | InPost | UPS,"C. Pardo, 9 | C. Pardo, 9, San Andrés de Palomar",Amazon Counter - Vapstoresagrera | Vapstore Sagrera | Vapstoresagrera,False,False,False,False,False,False,True,False,5,Convenience Store only,3,"Multiple companies, single service",26.91,2,Medium,False
barcelona,BAR_LOC_000165,41.44701400900945,2.17626661834458,2,1,InPost,"Carrer de les Torres, 37",Chiquilandia,False,False,False,False,False,False,True,False,5,Convenience Store only,2,"Same company, multiple records",13.0,1,High,False
barcelona,BAR_LOC_000166,41.4426555490862,2.17777413715291,1,1,InPost,"Vía Julia, 107",Lockers 24/7 Bsm Placa Francesc,True,False,False,False,False,False,False,False,1,Locker only,1,Single record,0.0,1,High,False
barcelona,BAR_LOC_000167,41.42670184046807,2.188892529849923,3,3,Celeritas | Dhl | InPost,"Carrer del Pacífic, 34",Libreria Ulises | Librerã­a Ulises,False,False,False,False,False,False,True,False,5,Convenience Store only,3,"Multiple companies, single service",73.44,3,Review,True
barcelona,BAR_LOC_000168,41.40362108283035,2.1895897219050697,2,2,InPost | SEUR,"Carrer de Badajoz, 168",Lockers 24/7 Bsm Parking C/Badaj | Seur Lockers Bsm Badajoz,True,False,False,False,False,False,False,False,1,Locker only,3,"Multiple companies, single service",4.94,1,High,False
barcelona,BAR_LOC_000169,41.4012148003431,2.18823239234045,1,1,InPost,"Carrer de Bolívia, 1",Estanc 328,False,False,False,False,False,False,True,False,5,Convenience Store only,1,Single record,0.0,1,High,False
barcelona,BAR_LOC_000170,41.3986665723245,2.19377889491661,1,1,InPost,"Carrer de Pallars, 145",L Estanc De La Miriam,False,False,False,False,False,False,True,False,5,Convenience Store only,1,Single record,0.0,1,High,False
barcelona,BAR_LOC_000171,41.40746494796736,2.18750095798374,3,3,Amazon | Ctt Express | InPost,"Carrer de Joan I, 4",Amazon Counter - Panaderia Naim | Panaderia Naim,False,False,False,False,False,False,True,False,5,Convenience Store only,3,"Multiple companies, single service",23.26,2,Medium,False
barcelona,BAR_LOC_000172,41.4078092272661,2.1834695977017997,4,4,Ctt Express | InPost | SEUR | UPS,"Carrer de València, 568",El Paisa | El Paisa 12 Bcn | Full-Locutorio El Paisa 12 | Locutorio El Paisa 12,False,False,False,False,False,False,True,False,5,Convenience Store only,3,"Multiple companies, single service",18.84,2,Medium,False
barcelona,BAR_LOC_000173,41.4014099955075,2.18286116410152,1,1,InPost,"C/ de Padilla, 175",Condis Supermercat,False,False,False,False,False,False,True,False,5,Convenience Store only,1,Single record,0.0,1,High,False
barcelona,BAR_LOC_000174,41.3956725884864,2.18701474818094,1,1,InPost,"Av. Meridiana, 32",Lestanc De Marina,False,False,False,False,False,False,True,False,5,Convenience Store only,1,Single record,0.0,1,High,False
barcelona,BAR_LOC_000175,41.4090320298964,2.18454346378062,1,1,InPost,"Carrer de València, 585",Mon Natural,False,False,False,False,False,False,True,False,5,Convenience Store only,1,Single record,0.0,1,High,False
barcelona,BAR_LOC_000176,41.4072904329789,2.19326211050293,1,1,InPost,"Rbla. del Poblenou, 161",Vapstore Poblenou,False,False,False,False,False,False,True,False,5,Convenience Store only,1,Single record,0.0,1,High,False
barcelona,BAR_LOC_000177,41.4097602143814,2.18182842673559,1,1,InPost,"C. de Provença, 578",The Garage,False,False,False,False,False,False,True,False,5,Convenience Store only,1,Single record,0.0,1,High,False
barcelona,BAR_LOC_000178,41.3944545821811,2.18235815460933,1,1,InPost,"Carrer d'Alí Bei, 88",Lockers 24/7 Bsm Parking Estacio,True,False,False,False,False,False,False,False,1,Locker only,1,Single record,0.0,1,High,False
barcelona,BAR_LOC_000179,41.4021212635428,2.19604756314833,1,1,InPost,"Carrer dels Almogàvers, 213",Feos Poblenou,False,False,False,False,False,False,True,False,5,Convenience Store only,1,Single record,0.0,1,High,False
barcelona,BAR_LOC_000180,41.4094678215248,2.18726085109112,1,1,InPost,Estacion De Clot,Lockers Tmb L2 Clot,True,False,False,False,False,False,False,False,1,Locker only,1,Single record,0.0,1,High,False
barcelona,BAR_LOC_000181,41.4116834133906,2.18921221050345,1,1,InPost,"Carrer de Gabriel y Galán, 3",Lockers Indoorwall El Clot Sala,True,False,False,False,False,False,False,False,1,Locker only,1,Single record,0.0,1,High,False
barcelona,BAR_LOC_000182,41.415791691389664,2.2117825220547136,3,3,InPost | Pudo | SEUR,"Carrer de Cristóbal de Moura, 209",Electro Nuki | Electronuki | Seur Lockers Electro Nuki,True,False,True,False,False,False,True,False,7,Multiple services,4,"Multiple companies, multiple services",17.44,2,Medium,False
barcelona,BAR_LOC_000183,41.411330032136604,2.213459772632455,2,2,Ctt Express | InPost,"Carrer de Pujades, 406",Alimentacion Limda | Alimentacion Linda,False,False,False,False,False,False,True,False,5,Convenience Store only,3,"Multiple companies, single service",5.37,1,High,False
barcelona,BAR_LOC_000184,41.40860264280406,2.210043477988307,3,3,Ctt Express | InPost | SEUR,"Carrer de la Selva de Mar, 34",Ali Alimentacion | Basar Bhatti | Petit Bhatti Bazar,False,False,False,False,False,False,True,False,5,Convenience Store only,3,"Multiple companies, single service",5.78,1,High,False
barcelona,BAR_LOC_000185,41.4120205906796,2.21509622670562,1,1,InPost,"C/ de Llull, 379",Herbodietetica Lo Mas Natural,False,False,False,False,False,False,True,False,5,Convenience Store only,1,Single record,0.0,1,High,False
barcelona,BAR_LOC_000186,41.414510713947266,2.2179525700155,3,3,InPost | Nacex | UPS,"C/ de Alfonso el Magnánimo, 6",Best Digital Zone | Full-Best Digital Zone,False,False,False,False,False,False,True,False,5,Convenience Store only,3,"Multiple companies, single service",44.56,3,Review,True
barcelona,BAR_LOC_000187,41.4062964892581,2.21350456345671,1,1,InPost,"P.o del Taulat, 279A",Clinica Veterinaria Curasana,False,False,False,False,False,False,True,False,5,Convenience Store only,1,Single record,0.0,1,High,False
barcelona,BAR_LOC_000188,41.41783647877224,2.2065634842773165,3,3,Dhl | InPost | UPS,"Gran Via de les Corts Catalanes, 1136",Gran Via Mobils | Gran Via Moviles,False,False,False,False,False,False,True,False,5,Convenience Store only,3,"Multiple companies, single service",62.6,3,Review,True
barcelona,BAR_LOC_000189,41.40642173875293,2.20623136913065,3,3,InPost | SEUR | UPS,"Carrer de Bac de Roda, 66",Lockers 24/7 Galp Pujades | P Taquilla Galp Pujades | Seur Lockers Galp Pujades,True,False,False,False,False,False,True,False,7,Multiple services,4,"Multiple companies, multiple services",9.88,1,High,False
barcelona,BAR_LOC_000190,41.4203084666291,2.20236179555265,1,1,InPost,"Rambla de Guipúscoa, 116",Lockers Caprabo Rambla Guipuzcoa,True,False,False,False,False,False,False,False,1,Locker only,1,Single record,0.0,1,High,False
barcelona,BAR_LOC_000191,41.42157855871565,2.2004207355416696,2,2,InPost | Pudo,"Carrer de Josep Miret, 8",Grover Rojas De La Cruz | Lockers Europhil Envio De Dinero,True,False,True,False,False,False,False,False,7,Multiple services,4,"Multiple companies, multiple services",10.0,1,High,False
barcelona,BAR_LOC_000192,41.4134369812288,2.2212965024671396,2,2,InPost | SEUR,"Av. de Eduard Maristany, 4",Lockers 24/7 Bsm Forum | Seur Locker Bsm Placa For,True,False,False,False,False,False,False,False,1,Locker only,3,"Multiple companies, single service",2.63,1,High,False
barcelona,BAR_LOC_000193,41.4213880637532,2.20202842188999,1,1,InPost,"C de Puigcerdà, 270",Mini Mobil,False,False,False,False,False,False,True,False,5,Convenience Store only,1,Single record,0.0,1,High,False
barcelona,BAR_LOC_000194,41.4212906017675,2.2055630771283,1,1,InPost,"C. del Concilio de Trento, 273",Space Print,False,False,False,False,False,False,True,False,5,Convenience Store only,1,Single record,0.0,1,High,False
barcelona,BAR_LOC_000195,41.4280105017758,2.222040226560945,2,1,InPost,"Carrer de Sant Pere, 8",Jpg Digital,False,False,False,False,False,False,True,False,5,Convenience Store only,2,"Same company, multiple records",16.13,2,Medium,False
barcelona,BAR_LOC_000196,41.4320328403444,2.18912522125809,1,1,InPost,"Carrer Gran de Sant Andreu, 145",Prink / Iriparo Sant Andreu,False,False,False,False,False,False,True,False,5,Convenience Store only,1,Single record,0.0,1,High,False
barcelona,BAR_LOC_000197,41.4356736858006,2.19124589114955,1,1,InPost,"Calle Segre, 30",Lockers 24/7 Indigo Can Fabra,True,False,False,False,False,False,False,False,1,Locker only,1,Single record,0.0,1,High,False
barcelona,BAR_LOC_000198,41.4095316257748,2.174830839733757,3,3,Amazon | InPost | SEUR,"Carrer de los Castillejos, 320",Amazon Lockers - Almendral | Lockers Estanco N36 Barcelona | Seur Lockers Caprabo Casti,True,False,False,False,False,False,False,False,1,Locker only,3,"Multiple companies, single service",24.34,2,Medium,False
barcelona,BAR_LOC_000199,41.4163182372421,2.17483011960008,1,1,InPost,"Carrer de Sant Quintí, 130",Kiosco De Gio,False,False,False,False,False,False,True,False,5,Convenience Store only,1,Single record,0.0,1,High,False
barcelona,BAR_LOC_000200,41.4195628396497,2.17882980213595,1,1,InPost,"C. de Teodoro Llorente, 10",Lockers 24/7 Parking Bsm Mercat,True,False,False,False,False,False,False,False,1,Locker only,1,Single record,0.0,1,High,False
barcelona,BAR_LOC_000201,41.4159864604785,2.18009113411795,2,2,InPost | Pudo,"Rambla de Volart, 2",Galp Passeig Maragall | Lockers 24/7 Galp Maragall,True,False,True,False,False,False,False,False,7,Multiple services,4,"Multiple companies, multiple services",26.66,2,Medium,False
barcelona,BAR_LOC_000202,41.421379736942,2.19987310697201,1,1,InPost,"Carrer de Cantàbria, 46",Date El Gusto,False,False,False,False,False,False,True,False,5,Convenience Store only,1,Single record,0.0,1,High,False
barcelona,BAR_LOC_000203,41.42286963875515,2.1970609124727103,2,2,Dhl | InPost,"Carrer del Pont del Treball Digne, 10",Imobil Servei Technic | Imobilservei Technic,False,False,False,False,False,False,True,False,5,Convenience Store only,3,"Multiple companies, single service",49.2,3,Review,True
barcelona,BAR_LOC_000204,41.4247747780454,2.2031380203256,1,1,InPost,"C. de Binéfar, 3",El Teu Estanc,False,False,False,False,False,False,True,False,5,Convenience Store only,1,Single record,0.0,1,High,False
barcelona,BAR_LOC_000205,41.4187188432448,2.2009355225297,1,1,InPost,"Carrer de l'Agricultura, 256",Impact Impresion,False,False,False,False,False,False,True,False,5,Convenience Store only,1,Single record,0.0,1,High,False
barcelona,BAR_LOC_000206,41.416704190107,2.20087961919829,2,2,Amazon | InPost,"Carrer del Treball, 205",Amazon Counter - Coaliment Surpermercat | Lockers Lavanderia Open Blue Tre,True,False,False,False,False,False,True,False,7,Multiple services,4,"Multiple companies, multiple services",7.21,1,High,False
barcelona,BAR_LOC_000207,41.4169296408615,2.19551117872132,1,1,InPost,"Carrer de Huelva, 56",Estanc Huelva,False,False,False,False,False,False,True,False,5,Convenience Store only,1,Single record,0.0,1,High,False
barcelona,BAR_LOC_000208,41.41638909174157,2.1943986219445932,3,3,Gls | InPost | SEUR,"Carrer de Huelva, 42",La Llar D Obon Mercader | La Llar De Obon Mercader | Ps La Llar Dâ€TMObon Mercader,False,False,False,False,False,False,True,False,5,Convenience Store only,3,"Multiple companies, single service",64.0,3,Review,True
barcelona,BAR_LOC_000209,41.415292620602564,2.2035749916468403,3,3,Amazon | InPost | SEUR,"Gran Via de les Corts Catalanes, 1076",Estanco 210 | Estanco 210 Barcelona | Seur - Estanco 210,False,False,False,False,False,False,True,False,5,Convenience Store only,3,"Multiple companies, single service",6.49,1,High,False
barcelona,BAR_LOC_000210,41.41728731060045,2.2067199792728953,2,2,InPost | Nacex,"Carrer del Paraguai, 17",Estanc Cuevas,False,False,False,False,False,False,True,False,5,Convenience Store only,3,"Multiple companies, single service",35.07,3,Review,True
barcelona,BAR_LOC_000211,41.39729227890565,2.14462929827883,2,2,InPost | SEUR,"Carrer dels Madrazo, 102",Vivebio,False,False,False,False,False,False,True,False,5,Convenience Store only,3,"Multiple companies, single service",7.26,1,High,False
barcelona,BAR_LOC_000212,41.394652824076104,2.1431557228146554,2,2,InPost | SEUR,"Av. de Pau Casals, Sarrià-Sant Gervasi",Lockers 24/7 Saba Pau Casals Tur | Seur Lockers Saba Pau Casa,True,False,False,False,False,False,False,False,1,Locker only,3,"Multiple companies, single service",13.08,1,High,False
barcelona,BAR_LOC_000213,41.39574770496503,2.1460593419344898,3,3,Celeritas | Dhl | InPost,"Carrer de Santaló, 27",Nou Estil | Nou Stil | Quiosco Nou Estil,False,False,False,False,False,False,True,False,5,Convenience Store only,3,"Multiple companies, single service",75.94,3,Review,True
barcelona,BAR_LOC_000214,41.39530795594615,2.146515644113535,2,2,Ctt Express | InPost,"Carrer de Santaló, 14 | Carrer de Santaló, 14 y 20",El Teu Mobil,False,False,False,False,False,False,True,False,5,Convenience Store only,3,"Multiple companies, single service",6.51,1,High,False
barcelona,BAR_LOC_000215,41.3922749006196,2.1391915107848,1,1,InPost,"Plaça de Wagner, 24",Lockers 24/7 Indigo Placa Wagner,True,False,False,False,False,False,False,False,1,Locker only,1,Single record,0.0,1,High,False
barcelona,BAR_LOC_000216,41.409211060021164,2.1346738950149464,3,3,Amazon | Dhl | InPost,"Pg. de St. Gervasi, 22",Amazon Counter - Prime Phone | Prime Phones Gervasi | Prime Phones Sant Gervasi,False,False,False,False,False,False,True,False,5,Convenience Store only,3,"Multiple companies, single service",45.67,3,Review,True
barcelona,BAR_LOC_000217,41.4071698447975,2.133673596396415,2,2,Amazon | InPost,"Pl. de la Bonanova, 2",Amazon Lockers - Arsenio | Lockers 24/7 Bsm Placa Bonanova,True,False,False,False,False,False,False,False,1,Locker only,3,"Multiple companies, single service",21.55,2,Medium,False
barcelona,BAR_LOC_000218,41.4110172472174,2.13800224633775,1,1,InPost,"Pg. de St. Gervasi, 57",Prink St Gervasi,False,False,False,False,False,False,True,False,5,Convenience Store only,1,Single record,0.0,1,High,False
barcelona,BAR_LOC_000219,41.406065842,2.1346999957828,3,3,Amazon | Ctt Express | InPost,"C. de Muntaner, 558",Amazon Counter - M Mobile. | M Mobil Bcn | M Mobile,False,False,False,False,False,False,True,False,5,Convenience Store only,3,"Multiple companies, single service",11.77,1,High,False
barcelona,BAR_LOC_000220,41.4088244785616,2.13779499078633,1,1,InPost,"Calle de Balmes, 446",Lampisteria Ferreteria Novahome,False,False,False,False,False,False,True,False,5,Convenience Store only,1,Single record,0.0,1,High,False
barcelona,BAR_LOC_000221,41.4048626096359,2.13598907489476,1,1,InPost,"C. de Muntaner, 530",Nova Home Muntaner,False,False,False,False,False,False,True,False,5,Convenience Store only,1,Single record,0.0,1,High,False
barcelona,BAR_LOC_000222,41.4121253235634,2.13893804824072,1,1,InPost,"Carrer de Craywinckel, 18",Textil Hogar Llibre,False,False,False,False,False,False,True,False,5,Convenience Store only,1,Single record,0.0,1,High,False
barcelona,BAR_LOC_000223,41.4043932993528,2.13059710504889,1,1,InPost,"Carrer de Ganduxer, 138",Nova Home Ganduxer,False,False,False,False,False,False,True,False,5,Convenience Store only,1,Single record,0.0,1,High,False
barcelona,BAR_LOC_000224,41.403750057985,2.13761826184468,1,1,InPost,"Carrer de Sant Màrius, 25",Mt Informatica,False,False,False,False,False,False,True,False,5,Convenience Store only,1,Single record,0.0,1,High,False
barcelona,BAR_LOC_000225,41.409753138409634,2.15431616492727,3,3,Amazon | InPost | SEUR,"C/ de Travessera de Dalt, 51",Amazon Lockers - Litro | Lockers 24/7 Bsm Parking Travess | Seur Lockers Bsm Travesser,True,False,False,False,False,False,False,False,1,Locker only,3,"Multiple companies, single service",20.42,2,Medium,False
barcelona,BAR_LOC_000226,41.4141950316685,2.16304878125413,1,1,InPost,"C. de Praga, 31",Dietetica Els Remeis,False,False,False,False,False,False,True,False,5,Convenience Store only,1,Single record,0.0,1,High,False
barcelona,BAR_LOC_000227,41.4086770789363,2.15267049078577,1,1,InPost,"C/ de Travessera de Dalt, 18",Ida Oliver,False,False,False,False,False,False,True,False,5,Convenience Store only,1,Single record,0.0,1,High,False
barcelona,BAR_LOC_000228,41.409801563358755,2.1619594819262,2,2,InPost | UPS,"Carrer de la Providència, 127 | Carrer de la Providència, 129",Anicuquis By Sela Stocks | Foto Cent,False,False,False,False,False,False,True,False,5,Convenience Store only,3,"Multiple companies, single service",6.82,1,High,False
barcelona,BAR_LOC_000229,41.4083575787915,2.15100550633138,1,1,InPost,"C/ de Travessera de Dalt, 5",Lockers Da Zhong Fu,True,False,False,False,False,False,False,False,1,Locker only,1,Single record,0.0,1,High,False
barcelona,BAR_LOC_000230,41.41193571877345,2.1659941926973048,2,1,InPost,"Ronda del Guinardó, 38",Lockers 24/7 Bolton Ronda Del Gu | Lockers 24/7 Bolton Ronda Del Guinardo,True,False,False,False,False,False,False,False,1,Locker only,2,"Same company, multiple records",10.77,1,High,False
barcelona,BAR_LOC_000231,41.4065348592689,2.16293356571033,1,1,InPost,"Carrer de Pi i Margall, 7",Tintea Joanic,False,False,False,False,False,False,True,False,5,Convenience Store only,1,Single record,0.0,1,High,False
barcelona,BAR_LOC_000232,41.4090828907821,2.15410731840943,1,1,InPost,"C/ de Travessera de Dalt, 42",Prink Travessera,False,False,False,False,False,False,True,False,5,Convenience Store only,1,Single record,0.0,1,High,False
barcelona,BAR_LOC_000233,41.4063907404453,2.16267619023707,1,1,InPost,"C / de l ́Escorial, Plaça d'En Joanic, 1",Lockers 24/7 Bsm Parking Placa J,True,False,False,False,False,False,False,False,1,Locker only,1,Single record,0.0,1,High,False
barcelona,BAR_LOC_000234,41.4094481340436,2.15470857327596,2,2,InPost | UPS,"C/ de Travessera de Dalt, 48 | C/ de Travessera de Dalt, 50",Skipper,False,False,False,False,False,False,True,False,5,Convenience Store only,3,"Multiple companies, single service",20.08,2,Medium,False
barcelona,BAR_LOC_000235,41.4160367313306,2.1687363892134,1,1,InPost,"Av. de la Mare de Déu de Montserrat, 113",La Marga,False,False,False,False,False,False,True,False,5,Convenience Store only,1,Single record,0.0,1,High,False
barcelona,BAR_LOC_000236,41.4089609786857,2.16552403301523,1,1,InPost,"Carrer de Taxdirt, 14",Lockers 24/7 Bsm Marina Gracia,True,False,False,False,False,False,False,False,1,Locker only,1,Single record,0.0,1,High,False
barcelona,BAR_LOC_000237,41.4097050867101,2.1479763833842025,4,3,Ctt Express | InPost | SEUR,"Av. de Vallcarca, 46",Mf Solution | Mobile Expert,False,False,False,False,False,False,True,False,5,Convenience Store only,3,"Multiple companies, single service",11.28,1,High,False
barcelona,BAR_LOC_000238,41.4036595188251,2.16337086254424,1,1,InPost,"Carrer de Sant Antoni Maria Claret, 3",Lockers Bi Discount,True,False,False,False,False,False,False,False,1,Locker only,1,Single record,0.0,1,High,False
barcelona,BAR_LOC_000239,41.40769126928445,2.1669778288873647,4,3,Celeritas | InPost | UPS,"Travessera de Gràcia, 337",Art I Paper Copisteria | Copisteria Art I Paper | Estanco 421,False,False,False,False,False,False,True,False,5,Convenience Store only,3,"Multiple companies, single service",33.58,3,Review,True
barcelona,BAR_LOC_000240,41.41031771933065,2.146666198471725,4,3,Ctt Express | Dhl | InPost,"Carrer de Bolívar, 33",Ocean Cargo,False,False,False,False,False,False,True,False,5,Convenience Store only,3,"Multiple companies, single service",42.1,3,Review,True
barcelona,BAR_LOC_000241,41.4057756256284,2.17012096558307,1,1,InPost,"Carrer de Sardenya, 355",Lockers Lavanderia Estelar,True,False,False,False,False,False,False,False,1,Locker only,1,Single record,0.0,1,High,False
barcelona,BAR_LOC_000242,41.40141210668095,2.165865274962945,2,2,Ctt Express | InPost,"Carrer de Còrsega, 428",Ha Mobile House,False,False,False,False,False,False,True,False,5,Convenience Store only,3,"Multiple companies, single service",35.9,3,Review,True
barcelona,BAR_LOC_000243,41.4080206777804,2.172731537435695,2,2,Amazon | InPost,"Carrer de Lepant, 344",Amazon Lockers - Astola | La Bodega Mediterranea,True,False,False,False,False,False,True,False,7,Multiple services,4,"Multiple companies, multiple services",19.21,2,Medium,False
barcelona,BAR_LOC_000244,41.408888958500015,2.173229782830488,5,5,Amazon | Celeritas | Dhl | Gls | InPost,"C/ de Padilla, 315",Amazon Counter - Drogueria Y Perfumeria Entorn | Drogueria Y Perfumeria Entorn | Perfumeria Drogueria Entorn | Ps Drogueria Y Perfumeria Entorn,False,False,False,False,False,False,True,False,5,Convenience Store only,3,"Multiple companies, single service",61.69,3,Review,True
barcelona,BAR_LOC_000245,41.4143949086252,2.1722268676489,1,1,InPost,"Carrer del Mas Casanovas, 70",Lockers 24/7 Saba Hospital Sant,True,False,False,False,False,False,False,False,1,Locker only,1,Single record,0.0,1,High,False
barcelona,BAR_LOC_000246,41.4069938760774,2.17322550602314,1,1,InPost,"Carrer de Còrsega, 552",Imprimax Corsega,False,False,False,False,False,False,True,False,5,Convenience Store only,1,Single record,0.0,1,High,False
barcelona,BAR_LOC_000247,41.41008920740921,2.1739725919475568,3,3,Amazon | InPost | SEUR,"Carrer de los Castillejos, 328",Amazon Lockers - Maseres | Lockers 24/7 Bsm Avinguda Gaudi | Seur Lockers Bsm Av Gaudi,True,False,False,False,False,False,False,False,1,Locker only,3,"Multiple companies, single service",17.94,2,Medium,False
barcelona,BAR_LOC_000248,41.405243707170044,2.164895267628228,5,5,Celeritas | Ctt Express | Dhl | Gls | InPost,"Carrer de Roger de Flor, 322",Doctor Of Mobiles | Doctor Of Mobiles. | Ps Doctor Of Mobiles,False,False,False,False,False,False,True,False,5,Convenience Store only,3,"Multiple companies, single service",48.12,3,Review,True
barcelona,BAR_LOC_000249,41.4049939023313,2.1409531179300223,4,3,Amazon | Ctt Express | InPost,"Ronda del General Mitre, 164 | Ronda del General Mitre, 179",Amazon Counter - Sherrys Mobil Casa | Sherrys Mobil Casa | The Cbd Side,False,False,False,False,False,False,True,False,5,Convenience Store only,3,"Multiple companies, single service",26.33,2,Medium,False
barcelona,BAR_LOC_000250,41.41186584663037,2.1422084632399865,3,2,Ctt Express | InPost,"Av. de la República Argentina, 164 | Av. de la República Argentina, 168",Kavya Movil. | Pro Cycling Faricle,False,False,False,False,False,False,True,False,5,Convenience Store only,3,"Multiple companies, single service",15.21,2,Medium,False
barcelona,BAR_LOC_000251,41.4066641370707,2.17469794365443,1,1,InPost,"Carrer de Lepant, 312",Sweet Gaudi,False,False,False,False,False,False,True,False,5,Convenience Store only,1,Single record,0.0,1,High,False
barcelona,BAR_LOC_000252,41.4034591009473,2.16909693393086,1,1,InPost,"Carrer de Nàpols, 292",Creative Studio,False,False,False,False,False,False,True,False,5,Convenience Store only,1,Single record,0.0,1,High,False
barcelona,BAR_LOC_000253,41.40015773259385,2.1681654896844904,2,2,InPost | UPS,"C. de Provença, 343",Ict Smart Bcn | Ict Smart Provenca,False,False,False,False,False,False,True,False,5,Convenience Store only,3,"Multiple companies, single service",0.89,1,High,False
barcelona,BAR_LOC_000254,41.4187162499154,2.17232100838609,1,1,InPost,"Carrer de Varsòvia, 150",Alimentacion Aguilera,False,False,False,False,False,False,True,False,5,Convenience Store only,1,Single record,0.0,1,High,False
barcelona,BAR_LOC_000255,41.409393846644754,2.13918198899887,4,3,Dhl | InPost | UPS,"Carrer de Bertran, 109",Alimentacio Bertran 109 | Alimentacion Bertran | Supermercado Bertran Barcelona,False,False,False,False,False,False,True,False,5,Convenience Store only,3,"Multiple companies, single service",11.09,1,High,False
barcelona,BAR_LOC_000256,41.4134818665475,2.17730484855944,1,1,InPost,"Carrer de Sant Antoni Maria Claret, 278, 280",Grana Fotografia,False,False,False,False,False,False,True,False,5,Convenience Store only,1,Single record,0.0,1,High,False
barcelona,BAR_LOC_000257,41.4059336397517,2.1625360460531,1,1,InPost,"C / de l ́Escorial, Plaça d'En Joanic, 1",Lockers 24/7 Bsm Parking Placa J,True,False,False,False,False,False,False,False,1,Locker only,1,Single record,0.0,1,High,False
barcelona,BAR_LOC_000258,41.4266088982668,2.17279228731299,1,1,InPost,Carrer D'amilcar 115,Lockers 24/7 Bolton Joan Maragall,True,False,False,False,False,False,False,False,1,Locker only,1,Single record,0.0,1,High,False
barcelona,BAR_LOC_000259,41.3919128354631,2.16875845473772,1,1,InPost,"Carrer de la Diputació, 287",Lockers 24/7 Saba Diputacio Barcelona,True,False,False,False,False,False,False,False,1,Locker only,1,Single record,0.0,1,High,False
barcelona,BAR_LOC_000260,41.4124346269795,2.1846601203218,1,1,InPost,"Carrer del Degà Bahí, 44",Estanc Martinenc,False,False,False,False,False,False,True,False,5,Convenience Store only,1,Single record,0.0,1,High,False
barcelona,BAR_LOC_000261,41.41176506232412,2.18576562728436,4,4,Amazon | Celeritas | InPost | UPS,"Carrer de Mallorca, 595",Amazon Lockers - Amoros | Kiosco Sara | Quiosc Sara,True,False,False,False,False,False,True,False,7,Multiple services,4,"Multiple companies, multiple services",35.11,3,Review,True
barcelona,BAR_LOC_000262,41.411176136071624,2.178069009126557,4,3,Amazon | InPost | SEUR,"Carrer de Còrsega, 659",Amazon Counter - Ferreteria Entretuercas | Ferreteria Entretuercas | Seur - Ferreteria Entretuercas,False,False,False,False,False,False,True,False,5,Convenience Store only,3,"Multiple companies, single service",27.08,2,Medium,False
barcelona,BAR_LOC_000263,41.4153493220418,2.1890320358771547,2,2,InPost | UPS,"Carrer de Biscaia, 329",Floristeria Arantza,False,False,False,False,False,False,True,False,5,Convenience Store only,3,"Multiple companies, single service",16.13,2,Medium,False
barcelona,BAR_LOC_000264,41.4156876641053,2.18037749743932,1,1,InPost,"Pg. Maragall, 43",Floristeria El Jardi De Maragal,False,False,False,False,False,False,True,False,5,Convenience Store only,1,Single record,0.0,1,High,False
barcelona,BAR_LOC_000265,41.4188144307683,2.18020482523305,1,1,InPost,"Pg. Maragall, 101",Iaia Nita,False,False,False,False,False,False,True,False,5,Convenience Store only,1,Single record,0.0,1,High,False
barcelona,BAR_LOC_000266,41.41297984158414,2.18971370078258,5,5,Amazon | Ctt Express | Dhl | InPost | UPS,"Carrer de València, 669",Amazon Counter - Minyetti Envios. | Minyetti Envios | Minyetti Envios.,False,False,False,False,False,False,True,False,5,Convenience Store only,3,"Multiple companies, single service",58.36,3,Review,True
barcelona,BAR_LOC_000267,41.416543071469654,2.1880880140001877,4,4,Amazon | Ctt Express | InPost | SEUR,"Carrer de Biscaia, 370 | Carrer de Biscaia, 372",Amazon Lockers - Arnesto | Hb Mobile | Kiosco Hilario Mendivil | Quiosco,True,False,False,False,False,False,True,False,7,Multiple services,4,"Multiple companies, multiple services",34.77,3,Review,True
barcelona,BAR_LOC_000268,41.4208270563513,2.18035142122594,1,1,InPost,"Pg. Maragall, 133",El Rinconcito De Merce,False,False,False,False,False,False,True,False,5,Convenience Store only,1,Single record,0.0,1,High,False
barcelona,BAR_LOC_000269,41.4145104063729,2.1804804616249402,3,3,Celeritas | Ctt Express | InPost,"Carrer de la Indústria, 284",Iberoenvios | Iberoenvios Barcelona | Iberoenvios P,False,False,False,False,False,False,True,False,5,Convenience Store only,3,"Multiple companies, single service",47.37,3,Review,True
barcelona,BAR_LOC_000270,41.4191184168138,2.18848456096177,1,1,InPost,"Carrer de Felip II, 55",Lestanc Del Barri,False,False,False,False,False,False,True,False,5,Convenience Store only,1,Single record,0.0,1,High,False
barcelona,BAR_LOC_000271,41.4222719069289,2.1792595299969,1,1,InPost,"Pg. Maragall, 155",Prink Pg Maragall,False,False,False,False,False,False,True,False,5,Convenience Store only,1,Single record,0.0,1,High,False
barcelona,BAR_LOC_000272,41.42176182417807,2.18728017405328,3,3,InPost | SEUR | UPS,"Av. Meridiana, 282",Kiosko Alberto | Quiosc Alberto,False,False,False,False,False,False,True,False,5,Convenience Store only,3,"Multiple companies, single service",5.44,1,High,False
barcelona,BAR_LOC_000273,41.4266411726293,2.17219145897453,1,1,InPost,"Carrer d'Amílcar, 115",Lockers 24/7 Bolton Joan Maragal,True,False,False,False,False,False,False,False,1,Locker only,1,Single record,0.0,1,High,False
barcelona,BAR_LOC_000274,41.4240272398895,2.1907946805781,1,1,InPost,"C/ Gran de la Sagrera, 111",Federoptics Pre Visio,False,False,False,False,False,False,True,False,5,Convenience Store only,1,Single record,0.0,1,High,False
barcelona,BAR_LOC_000275,41.4164775500872,2.18593833586216,1,1,InPost,"C. de las Navas de Tolosa, 296",Mim Iluminacion,False,False,False,False,False,False,True,False,5,Convenience Store only,1,Single record,0.0,1,High,False
barcelona,BAR_LOC_000276,41.422804824426,2.1830610130666,1,1,InPost,"Carrer de Pinar del Rio, 14",Super Els Amics,False,False,False,False,False,False,True,False,5,Convenience Store only,1,Single record,0.0,1,High,False
barcelona,BAR_LOC_000277,41.379037491003146,2.127701479340375,2,2,InPost | SEUR,"Av. de Madrid, 99",Ferreteria Del Barri,False,False,False,False,False,False,True,False,5,Convenience Store only,3,"Multiple companies, single service",21.89,2,Medium,False
barcelona,BAR_LOC_000278,41.3831440413501,2.12826644953228,1,1,InPost,"Gran Vía de Carlos III, 46",Fent Punt,False,False,False,False,False,False,True,False,5,Convenience Store only,1,Single record,0.0,1,High,False
barcelona,BAR_LOC_000279,41.3768022784296,2.1221373887773836,3,3,Amazon | InPost | UPS,"Carrer Del Regent Mendieta 6-8 | Carrer del Regent Mendieta, 8",Alyan Locutorio,True,False,False,False,False,False,True,False,7,Multiple services,4,"Multiple companies, multiple services",19.17,2,Medium,False
barcelona,BAR_LOC_000280,41.38598098104775,2.13124623691724,2,2,InPost | SEUR,"Carrer de Galileu, 317",Libreria Amberes,False,False,False,False,False,False,True,False,5,Convenience Store only,3,"Multiple companies, single service",28.3,2,Medium,False
barcelona,BAR_LOC_000281,41.3812042520119,2.11841338056806,1,1,InPost,"Av. del Dr. Marañón, 6",Lockers 24/7 Parking Apk2 Parc C,True,False,False,False,False,False,False,False,1,Locker only,1,Single record,0.0,1,High,False
barcelona,BAR_LOC_000282,41.386409462730995,2.1264793512233524,4,4,InPost | Pudo | SEUR | UPS,"Gran Vía de Carlos III, 85",Lockers 24/7 Saba Carles Iii | P Taquilla Pkg Saba Carles Iii | Parking Saba Carles Iii | Seur Lockers Pkn Saba Carl,True,False,True,False,False,False,True,False,7,Multiple services,4,"Multiple companies, multiple services",15.32,2,Medium,False
barcelona,BAR_LOC_000283,41.377389968567,2.11702126957641,1,1,InPost,"Av. de San Ramón Nonato, 28",Estanco Barcelona,False,False,False,False,False,False,True,False,5,Convenience Store only,1,Single record,0.0,1,High,False
barcelona,BAR_LOC_000284,41.3879431216453,2.12579368547329,1,1,InPost,Estacio De Maria Cristina,Lockers Tmb Maria Cristina L3,True,False,False,False,False,False,False,False,1,Locker only,1,Single record,0.0,1,High,False
barcelona,BAR_LOC_000285,41.375101918244,2.13305460223122,1,1,InPost,"Carrer de Sant Medir, 16",Rumy Y Juli Relojeria,False,False,False,False,False,False,True,False,5,Convenience Store only,1,Single record,0.0,1,High,False
barcelona,BAR_LOC_000286,41.39041179037562,2.1433007541743025,4,4,Amazon | InPost | SEUR | UPS,"Av. de Josep Tarradellas, 139",Amazon Lockers - Helsinki | Lockers 24/7 Parking Saba Tarrad | P Taquilla Saba Tarradellas 1 | Seur Lockers Saba Tarradel,True,False,False,False,False,False,True,False,7,Multiple services,4,"Multiple companies, multiple services",36.64,3,Review,True
barcelona,BAR_LOC_000287,41.3884595316297,2.14562501840592,1,1,InPost,"Carrer de Viladomat, 289",Magic Phones Viladomat,False,False,False,False,False,False,True,False,5,Convenience Store only,1,Single record,0.0,1,High,False
barcelona,BAR_LOC_000288,41.3907339023361,2.13981943063722,1,1,InPost,"Carrer de Déu i Mata, 152",Mk Phonehouse,False,False,False,False,False,False,True,False,5,Convenience Store only,1,Single record,0.0,1,High,False
barcelona,BAR_LOC_000289,41.38456902516923,2.1428895313464675,4,3,Amazon | InPost | SEUR,"Av. de Josep Tarradellas, 48",Amazon Counter - Oro Mobils | Oro Mobile | Oro Mobils | Seur - Oro Mobils,False,False,False,False,False,False,True,False,5,Convenience Store only,3,"Multiple companies, single service",9.68,1,High,False
barcelona,BAR_LOC_000290,41.3855054298143,2.13935509617383,1,1,InPost,"Carrer del Marquès de Sentmenat, 72",Sentmenat 72,False,False,False,False,False,False,True,False,5,Convenience Store only,1,Single record,0.0,1,High,False
barcelona,BAR_LOC_000291,41.392319035438845,2.146845601283755,2,2,InPost | UPS,"Carrer de Buenos Aires, 38",Kiosko Buenos Aires | Quiosc Buenos Aires,False,False,False,False,False,False,True,False,5,Convenience Store only,3,"Multiple companies, single service",17.58,2,Medium,False
barcelona,BAR_LOC_000292,41.39270081845273,2.1396403454839636,3,3,InPost | Pudo | UPS,"Plaça de Wagner, Sarrià-Sant Gervasi",Lockers 24/7 Indigo Placa Wagner | P Taquilla Prkg Indigo Wagner | Parking Indigo Plaza Wagner,True,False,True,False,False,False,True,False,7,Multiple services,4,"Multiple companies, multiple services",39.02,3,Review,True
barcelona,BAR_LOC_000293,41.39284095214105,2.1474100654786152,2,2,InPost | SEUR,"Carrer de Buenos Aires, 44",Mahi Mobile,False,False,False,False,False,False,True,False,5,Convenience Store only,3,"Multiple companies, single service",24.93,2,Medium,False
barcelona,BAR_LOC_000294,41.3846344353436,2.14679439428561,1,1,InPost,"C/ de Rocafort, 194",Estel,False,False,False,False,False,False,True,False,5,Convenience Store only,1,Single record,0.0,1,High,False
barcelona,BAR_LOC_000295,41.38568122824945,2.14333981210099,2,2,Amazon | InPost,"Carrer d'Entença, 208",Amazon Counter - Tintoreria Infanta | Tintoreria Infanta,False,False,False,False,False,False,True,False,5,Convenience Store only,3,"Multiple companies, single service",6.45,1,High,False
barcelona,BAR_LOC_000296,41.3935976718348,2.13859953360775,1,1,InPost,"Carrer de Ganduxer, 26",Prime Phones Ganduxer,False,False,False,False,False,False,True,False,5,Convenience Store only,1,Single record,0.0,1,High,False
barcelona,BAR_LOC_000297,41.38817841341875,2.136236581685385,2,2,Ctt Express | InPost,"Carrer de Constança, 8 | Carrer de Constança, 8-10",Phoneix Reparo | Phoneix Riparo,False,False,False,False,False,False,True,False,5,Convenience Store only,3,"Multiple companies, single service",15.45,2,Medium,False
barcelona,BAR_LOC_000298,41.39131022333673,2.14767527243384,4,4,Amazon | InPost | Pudo | SEUR,"Carrer de Londres, 56",Amazon Lockers - Hiedra | Lockers 24/7 Saba Londres Barcel | Parking Saba Londres | Seur Lockers Parking Saba,True,False,True,False,False,False,False,False,7,Multiple services,4,"Multiple companies, multiple services",32.42,3,Review,True
barcelona,BAR_LOC_000299,41.3839243375611,2.13979938030394,1,1,InPost,"C.de Berlín, 69",Ferreteria Berlin 69,False,False,False,False,False,False,True,False,5,Convenience Store only,1,Single record,0.0,1,High,False
barcelona,BAR_LOC_000300,41.382706059536496,2.1396314968175867,3,3,InPost | SEUR | UPS,"Carrer de Numància, 33",Lockers 24/7 Parking Indigo Car | P Taquilla Indigo Car Berllin | Seur Lockers Pki Car Berll,True,False,False,False,False,False,True,False,7,Multiple services,4,"Multiple companies, multiple services",17.1,2,Medium,False
barcelona,BAR_LOC_000301,41.381303094519,2.1426772920141,1,1,InPost,"Av. de Josep Tarradellas, 4",Lockers 24/7 Saba Tarradellas Ii,True,False,False,False,False,False,False,False,1,Locker only,1,Single record,0.0,1,High,False
barcelona,BAR_LOC_000302,41.392247708101195,2.148623277703865,2,2,Ctt Express | InPost,"C. de Villarroel, 204 | Carrer De Villarroel 204",Proxima Movil | Proxima Movil Villarroel,False,False,False,False,False,False,True,False,5,Convenience Store only,3,"Multiple companies, single service",18.05,2,Medium,False
barcelona,BAR_LOC_000303,41.3937480117832,2.15277926474688,1,1,InPost,"Carrer d'Aribau, 184",Finetwork,False,False,False,False,False,False,True,False,5,Convenience Store only,1,Single record,0.0,1,High,False
barcelona,BAR_LOC_000304,41.3941022631534,2.15321164887378,1,1,InPost,"Carrer de París, 199",Copisteria Logos,False,False,False,False,False,False,True,False,5,Convenience Store only,1,Single record,0.0,1,High,False
barcelona,BAR_LOC_000305,41.39492680280545,2.1342698847544748,2,2,InPost | UPS,"C. del Dr. Fleming, 25-27 | C. del Dr. Fleming, 27",P Taquilla Pk Indigo Pis Y Dep | Sarria Flors,False,False,False,False,False,False,True,False,5,Convenience Store only,3,"Multiple companies, single service",41.49,3,Review,True
barcelona,BAR_LOC_000306,41.3864324278229,2.15029237933217,1,1,InPost,"C. de Provença, 128",Dreamly Nails,False,False,False,False,False,False,True,False,5,Convenience Store only,1,Single record,0.0,1,High,False
barcelona,BAR_LOC_000307,41.3881078814282,2.13516274760349,1,1,InPost,"Plaça de Can Rosés, 2",Mobilian Movil,False,False,False,False,False,False,True,False,5,Convenience Store only,1,Single record,0.0,1,High,False
barcelona,BAR_LOC_000308,41.3905865981241,2.15126801369909,1,1,InPost,"Carrer de Còrsega, 194",Lockers 24/7 Saba Hospital Clini,True,False,False,False,False,False,False,False,1,Locker only,1,Single record,0.0,1,High,False
barcelona,BAR_LOC_000309,41.44292059275885,2.200249199661405,2,2,Amazon | InPost,"Pont del Potosí, 2",Amazon Lockers - Ramon | Lockers Cc W La Maquinista,True,False,False,False,False,False,False,False,1,Locker only,3,"Multiple companies, single service",7.21,1,High,False
barcelona,BAR_LOC_000310,41.43563637317005,2.205359254165515,4,4,InPost | Nacex | SEUR | UPS,"Carrer de l'Estadella, 72",Germans Bertran | Hnos. Bertran | Papeleria Hnos Bertran | Papeleria Y Fotocopias Bertran,False,False,False,False,False,False,True,False,5,Convenience Store only,3,"Multiple companies, single service",38.79,3,Review,True
barcelona,BAR_LOC_000311,41.430545967804875,2.191571957761645,4,4,Celeritas | Ctt Express | InPost | Nacex,"Rambla de l'Onze de Setembre, 66 | Rambla de l'Onze de Setembre, 66, 74",Estanc Bcn 340 | Estanc Nâo 340 Barcelona | Estanco Barcelona 340,False,False,False,False,False,False,True,False,5,Convenience Store only,3,"Multiple companies, single service",43.79,3,Review,True
barcelona,BAR_LOC_000312,41.4383284461802,2.19246607998301,1,1,InPost,"Carrer del Cinca, 48",Lockers Caprabo Cinca,True,False,False,False,False,False,False,False,1,Locker only,1,Single record,0.0,1,High,False
barcelona,BAR_LOC_000313,41.4387981271069,2.18885965117909,1,1,InPost,"Carrer Gran de Sant Andreu, 360",Garden Coffee Bar,False,False,False,False,False,False,True,False,5,Convenience Store only,1,Single record,0.0,1,High,False
barcelona,BAR_LOC_000314,41.4350280557353,2.18943816442951,1,1,InPost,"Carrer Gran de Sant Andreu, 237",La Boutique Del Peluquero,False,False,False,False,False,False,True,False,5,Convenience Store only,1,Single record,0.0,1,High,False
barcelona,BAR_LOC_000315,41.4455996202883,2.19958275294913,1,1,InPost,"Carrer de Tucuman, 2",Lockers 24/7 Es Tamoil Tucuman,True,False,False,False,False,False,False,False,1,Locker only,1,Single record,0.0,1,High,False
barcelona,BAR_LOC_000316,41.4305250449951,2.1670630212571,1,1,InPost,"Pg. de Fabra i Puig, 321",Rameen Movils Bcn,False,False,False,False,False,False,True,False,5,Convenience Store only,1,Single record,0.0,1,High,False
barcelona,BAR_LOC_000317,41.4316539652548,2.17367277776618,1,1,InPost,"Passatge Dr. Pi i Molist, 4",Elia Modas,False,False,False,False,False,False,True,False,5,Convenience Store only,1,Single record,0.0,1,High,False
barcelona,BAR_LOC_000318,41.42819967349105,2.16511399186255,2,2,InPost | SEUR,"Carrer de Pitàgores, 1",Imprimax | Imprimax Pitagores,False,False,False,False,False,False,True,False,5,Convenience Store only,3,"Multiple companies, single service",2.0,1,High,False
barcelona,BAR_LOC_000319,41.4275163426497,2.17528737680928,1,1,InPost,"Avinguda dels Quinze, 15",Blessed Barberia Y Centro De Be,False,False,False,False,False,False,True,False,5,Convenience Store only,1,Single record,0.0,1,High,False
barcelona,BAR_LOC_000320,41.430740030322916,2.161285560927335,6,6,Celeritas | Dhl | InPost | Nacex | SEUR | UPS,"Plaça d'Eivissa, 21",Areavape Horta | Kanguro Areavapea Horta | Tintea Plaza Ibiza,False,False,False,False,False,False,True,False,5,Convenience Store only,3,"Multiple companies, single service",57.81,3,Review,True
barcelona,BAR_LOC_000321,41.430154283585,2.15899239466555,1,1,InPost,"C. de Lisboa, 1",Lockers Tmb Horta L5,True,False,False,False,False,False,False,False,1,Locker only,1,Single record,0.0,1,High,False
barcelona,BAR_LOC_000322,41.42314329823965,2.175284826036905,2,2,InPost | Nacex,"Av. de la Mare de Déu de Montserrat, 254",Jm Telecomunicacions Tv Integrals | Jm Telecomunications Tu,False,False,False,False,False,False,True,False,5,Convenience Store only,3,"Multiple companies, single service",9.73,1,High,False
barcelona,BAR_LOC_000323,41.4364857655449,2.160379861850385,4,4,Dhl | InPost | Nacex | UPS,"Carrer d'Hedilla, 75",Crea Loo | Papeleria Crea-Loo | Papereria Crea Loo | Papereria Crea-Loo,False,False,False,False,False,False,True,False,5,Convenience Store only,3,"Multiple companies, single service",26.16,2,Medium,False
barcelona,BAR_LOC_000324,41.4276070762543,2.157738519992,1,1,InPost,"Carrer de Dante Alighieri, 77",Kiosko Dante,False,False,False,False,False,False,True,False,5,Convenience Store only,1,Single record,0.0,1,High,False
barcelona,BAR_LOC_000325,41.4248908965421,2.15565085017529,1,1,InPost,"Carrer del Pantà de Tremp, 10",Digital Zone,False,False,False,False,False,False,True,False,5,Convenience Store only,1,Single record,0.0,1,High,False
barcelona,BAR_LOC_000326,41.42866392773,2.15951849299154,1,1,InPost,"Baixada de la Plana, 8",Noah Decoracion De,False,False,False,False,False,False,True,False,5,Convenience Store only,1,Single record,0.0,1,High,False
barcelona,BAR_LOC_000327,41.4225640550926,2.15626260351164,1,1,InPost,"Carrer de la Conca de Tremp, 40",La Alfarera Taller,False,False,False,False,False,False,True,False,5,Convenience Store only,1,Single record,0.0,1,High,False
barcelona,BAR_LOC_000328,41.430359313473346,2.15869611776484,2,2,Celeritas | InPost,"C. de Lisboa, 8",Estanc Lisboa 8 | Estanco 406,False,False,False,False,False,False,True,False,5,Convenience Store only,3,"Multiple companies, single service",44.69,3,Review,True
barcelona,BAR_LOC_000329,41.4174878874499,2.18408351050096,1,1,InPost,"C. de las Navas de Tolosa, 345",Lalaia,False,False,False,False,False,False,True,False,5,Convenience Store only,1,Single record,0.0,1,High,False
barcelona,BAR_LOC_000330,41.42102569983185,2.14957202943951,4,4,Ctt Express | InPost | SEUR | UPS,"Passeig de la Mare de Déu del Coll, 160",Full-Paraiso Movil | Paraaso Movil | Paraiso Movil | Paraiso Mã“Vil,False,False,False,False,False,False,True,False,5,Convenience Store only,3,"Multiple companies, single service",65.04,3,Review,True
barcelona,BAR_LOC_000331,41.4249517246729,2.15165395386984,1,1,InPost,"Passeig de la Mare de Déu del Coll, 250",Estanco 218,False,False,False,False,False,False,True,False,5,Convenience Store only,1,Single record,0.0,1,High,False
barcelona,BAR_LOC_000332,41.3900755080476,2.12047488052532,2,2,Amazon | InPost,"Passeig de Manuel Girona, 8",Amazon Lockers - Aristondo | Quiosc Bcn,True,False,False,False,False,False,True,False,7,Multiple services,4,"Multiple companies, multiple services",15.19,2,Medium,False
barcelona,BAR_LOC_000333,41.40065495345048,2.1192236817529175,4,4,Amazon | InPost | Nacex | SEUR,"C. del Sagrado Corazón, 19",Paper Groc | Seur - Paper Groc,False,False,False,False,False,False,True,False,5,Convenience Store only,3,"Multiple companies, single service",21.26,2,Medium,False
barcelona,BAR_LOC_000334,41.3871475259653,2.11260090596504,1,1,InPost,"Carrer de l'Alfambra, 18",Alimentacio Pons,False,False,False,False,False,False,True,False,5,Convenience Store only,1,Single record,0.0,1,High,False
barcelona,BAR_LOC_000335,41.3848200868952,2.1033258208971,1,1,InPost,"C. de Sta. Rosa, 39-57",Lockers 24/7 Saba Hospital De Sj,True,False,False,False,False,False,False,False,1,Locker only,1,Single record,0.0,1,High,False
barcelona,BAR_LOC_000336,41.3921850904379,2.12555674024585,1,1,InPost,"Carrer del Capità Arenas, 40",Kiosco Capitan Arenas,False,False,False,False,False,False,True,False,5,Convenience Store only,1,Single record,0.0,1,High,False
barcelona,BAR_LOC_000337,41.3989759003252,2.12665511725855,1,1,InPost,"Carrer Demestre, 15",Tintoreria K,False,False,False,False,False,False,True,False,5,Convenience Store only,1,Single record,0.0,1,High,False
barcelona,BAR_LOC_000338,41.39144414831173,2.1236713816779678,4,4,InPost | Pudo | SEUR | UPS,"Passeig de Manuel Girona, 29 | Passeig de Manuel Girona, 29-30",Lockers 24/7 Saba Clinica Cima | P Taquilla Saba Clinica Cima | Saba Clinica Cima | Seur Lockers Saba Clinic,True,False,True,False,False,False,True,False,7,Multiple services,4,"Multiple companies, multiple services",44.66,3,Review,True
barcelona,BAR_LOC_000339,41.3966631542227,2.12563630506269,1,1,InPost,"Carrer de la Tradició, 5",Aupali,False,False,False,False,False,False,True,False,5,Convenience Store only,1,Single record,0.0,1,High,False
barcelona,BAR_LOC_000340,41.396469807741,2.12707836410105,1,1,InPost,"Carrer de Rafael Batlle, 22",Nova Home Lampisteria Ferreteri,False,False,False,False,False,False,True,False,5,Convenience Store only,1,Single record,0.0,1,High,False
barcelona,BAR_LOC_000341,41.3826969453956,2.10648907779924,1,1,InPost,"Av. Diagonal, 687",Lockers 24/7 Repsol Cred Racc,True,False,False,False,False,False,False,False,1,Locker only,1,Single record,0.0,1,High,False
barcelona,BAR_LOC_000342,41.37359211980441,2.12023645377931,3,2,InPost | Nacex,"C/ del Progreso, 49",Super Transfer Bcn S.L. (0841-36) | Western Union Lh,False,False,False,False,False,False,True,False,5,Convenience Store only,3,"Multiple companies, single service",7.0,1,High,False
barcelona,BAR_LOC_000343,41.37522568032897,2.1185681668563032,3,2,Ctt Express | InPost,"C/ Llobregat, 17",Locker Universal Service | Lockers Universal Service | Universal Service,True,False,False,False,False,False,True,False,7,Multiple services,4,"Multiple companies, multiple services",14.94,1,High,False
barcelona,BAR_LOC_000344,41.3976455147355,2.16796550656188,1,1,InPost,"Carrer de Girona, 126",Tel Mobile Shop,False,False,False,False,False,False,True,False,5,Convenience Store only,1,Single record,0.0,1,High,False
barcelona,BAR_LOC_000345,41.3553856575234,2.14216229046614,1,1,InPost,"Pg. de la Zona Franca, 81",Lockers Galp Zona Franca Puerto,True,False,False,False,False,False,False,False,1,Locker only,1,Single record,0.0,1,High,False
barcelona,BAR_LOC_000346,41.35919761907905,2.141643754448,2,1,InPost,"C/ de los Altos Hornos, 74 | C/ de los Altos Hornos, 74 bis",Drogueria Feli | Jessi K Afe,False,False,False,False,False,False,True,False,5,Convenience Store only,2,"Same company, multiple records",6.88,1,High,False
barcelona,BAR_LOC_000347,41.3602575501864,2.1378932644192,1,1,InPost,"Carrer de la Foneria, 22",Six Centro Medico Y Terapeutico,False,False,False,False,False,False,True,False,5,Convenience Store only,1,Single record,0.0,1,High,False
barcelona,BAR_LOC_000348,41.3620454041995,2.13949854982193,1,1,InPost,"Carrer de la Mare de Déu de Port, 339",Tecno Movil,False,False,False,False,False,False,True,False,5,Convenience Store only,1,Single record,0.0,1,High,False
barcelona,BAR_LOC_000349,41.3638349515175,2.13721470361286,1,1,InPost,"Pg. de la Zona Franca, 236",Tot Casa 2,False,False,False,False,False,False,True,False,5,Convenience Store only,1,Single record,0.0,1,High,False
barcelona,BAR_LOC_000350,41.36388229607365,2.139202971554205,4,3,Ctt Express | InPost | UPS,"Carrer de la Mare de Déu de Port, 375 | Carrer de la Mare de Déu de Port, 385",El Paisa 93 | Full-Locutorio El Paisa 16 | Mundienvios,False,False,False,False,False,False,True,False,5,Convenience Store only,3,"Multiple companies, single service",32.77,3,Review,True
barcelona,BAR_LOC_000351,41.3628079222536,2.1369324434248633,3,3,InPost | SEUR | UPS,"Pg. de la Zona Franca, 221",Lockers 24/7 Galp Barcelona Zfra | P Taquilla Galp Z Franca Cerda | Seur Lockers Galp Pz Cerda,True,False,False,False,False,False,True,False,7,Multiple services,4,"Multiple companies, multiple services",25.94,2,Medium,False
barcelona,BAR_LOC_000352,41.4287541108426,2.21999440365488,1,1,InPost,"Avinguda de les Corts Catalanes, 503",Desmarkat,False,False,False,False,False,False,True,False,5,Convenience Store only,1,Single record,0.0,1,High,False
barcelona,BAR_LOC_000353,41.4268198039063,2.22898150266889,1,1,InPost,"Avenida De La Playa, s/n",Locker Cc Alcampo Sant Adria,True,False,False,False,False,False,False,False,1,Locker only,1,Single record,0.0,1,High,False
barcelona,BAR_LOC_000354,41.4303419907034,2.2199097006278,1,1,InPost,"Av. de Catalunya, 73",El Mercadillo,False,False,False,False,False,False,True,False,5,Convenience Store only,1,Single record,0.0,1,High,False
barcelona,BAR_LOC_000355,41.4178971889654,2.224660578783165,2,2,InPost | UPS,"Avda. Ramon Llull Esq, Carrer d'Eduard Maristany",Locker 24/7 Vilacarburants Ceps | P Taquilla Cepsa Forum,True,False,False,False,False,False,False,False,1,Locker only,3,"Multiple companies, single service",4.74,1,High,False
barcelona,BAR_LOC_000356,41.4344075156748,2.21817254041688,1,1,InPost,"Av. de Alfonso XIII, 580",Electrodomesticos Abece,False,False,False,False,False,False,True,False,5,Convenience Store only,1,Single record,0.0,1,High,False
barcelona,BAR_LOC_000357,41.45245589856773,2.190584232433739,7,6,Amazon | Ctt Express | InPost | Nacex | SEUR | UPS,"Carrer de Finestrelles, 52",Amazon Counter - Bazar Saith - Ferretería | Basar Saith Ferreteria | Bazar Ferreteria Saith | Bazar Ferreteria Saith (0821-27) | Bazar Saith | Bazar Saith Ferretería | Seur - Bazar Saith,False,False,False,False,False,False,True,False,5,Convenience Store only,3,"Multiple companies, single service",7.93,1,High,False
barcelona,BAR_LOC_000358,41.4587843185717,2.19579935226567,1,1,InPost,"Av. de Francesc Macià, 226",Locker 24/7 Vilarcarburants Fra,True,False,False,False,False,False,False,False,1,Locker only,1,Single record,0.0,1,High,False
barcelona,BAR_LOC_000359,41.46361308160025,2.18355413029588,2,2,InPost | SEUR,"Torrent de Tapioles, 25",Traddy Coaliment | Trady Coaliment,False,False,False,False,False,False,True,False,5,Convenience Store only,3,"Multiple companies, single service",1.76,1,High,False
barcelona,BAR_LOC_000360,41.461381464187355,2.179228576391,2,2,Ctt Express | InPost,"Carrer de Vallcivera, 10 | Carrer de Vallcivera, 8",Nina Krisso | Yag Mobiles,False,False,False,False,False,False,True,False,5,Convenience Store only,3,"Multiple companies, single service",12.45,1,High,False
barcelona,BAR_LOC_000361,41.4614995283617,2.178265316251915,2,2,InPost | SEUR,"Av. dels Rasos de Peguera, 11 | Av. dels Rasos de Peguera, 17",Gs Envios Avenida Rasos | Locker Dia Av Dels Rasos De Peg,True,False,False,False,False,False,True,False,7,Multiple services,4,"Multiple companies, multiple services",3.74,1,High,False
barcelona,BAR_LOC_000362,41.46011827376235,2.1761917178496915,8,7,Celeritas | Ctt Express | Dhl | Gls | InPost | Nacex | UPS,"Av. dels Rasos de Peguera, 70",Papeleria Paquita | Papereria Paquita (0821-17) | Ps Papeleria Paquita,False,False,False,False,False,False,True,False,5,Convenience Store only,3,"Multiple companies, single service",13.62,1,High,False
barcelona,BAR_LOC_000363,41.447036296062,2.17513073625464,1,1,InPost,"Carrer de les Torres, 55",Locker Open Blue Les Roquetes,True,False,False,False,False,False,False,False,1,Locker only,1,Single record,0.0,1,High,False
barcelona,BAR_LOC_000364,41.445491904084,2.17249679387776,1,1,InPost,"Carrer d'Alcàntara, 18",Casa De Mobils I Enviaments De,False,False,False,False,False,False,True,False,5,Convenience Store only,1,Single record,0.0,1,High,False
barcelona,BAR_LOC_000365,41.425355221661505,2.14056227875814,2,2,Dhl | InPost,"Carrer Getsemaní, 4",Super-Net Tintoreria I Bugaderia | Supernet Tintoreria I Bugaderia,False,False,False,False,False,False,True,False,5,Convenience Store only,3,"Multiple companies, single service",22.32,2,Medium,False
barcelona,BAR_LOC_000366,41.4209019468673,2.13955537108399,1,1,InPost,"Carrer de Jericó, 1",Alimentacion Jerico,False,False,False,False,False,False,True,False,5,Convenience Store only,1,Single record,0.0,1,High,False
barcelona,BAR_LOC_000367,41.4220564718525,2.14337116809503,2,2,InPost | SEUR,"Carrer d'Arenys, 32",Ferreteria Fecra,False,False,False,False,False,False,True,False,5,Convenience Store only,3,"Multiple companies, single service",9.74,1,High,False
barcelona,BAR_LOC_000368,41.4219523108996,2.14680644729124,1,1,InPost,"Carrer de Santa Rosalia, 40",Bazar Somriu,False,False,False,False,False,False,True,False,5,Convenience Store only,1,Single record,0.0,1,High,False
barcelona,BAR_LOC_000369,41.419857162308034,2.140186066005813,3,3,Amazon | InPost | SEUR,"Carrer de la Vall d'Hebron, 72-74 | PASSEIG DE LA VALL D'HEBRON 72 | Pg. de la Vall d'Hebron, 72",Amazon Lockers - Valentina | Locker 24/7 Galp Valle Hebron | Seur Lockers Galp V Hebron,True,False,False,False,False,False,False,False,1,Locker only,3,"Multiple companies, single service",31.1,3,Review,True
barcelona,BAR_LOC_000370,41.3545739303553,2.09890276949962,1,1,InPost,"Carrer del Cobalt, 190",Locker 24/7 Eess Petrog24,True,False,False,False,False,False,False,False,1,Locker only,1,Single record,0.0,1,High,False
barcelona,BAR_LOC_000371,41.3503611417896,2.11257725249544,1,1,InPost,"Rambla de la Marina, 66",Jugueteria Ideas,False,False,False,False,False,False,True,False,5,Convenience Store only,1,Single record,0.0,1,High,False
barcelona,BAR_LOC_000372,41.35369917141957,2.1105164622625967,3,3,Ctt Express | InPost | SEUR,"Rambla de la Marina, 368",Donde Wendy | Donde Wendy Multiservicio | Donde Wendy Multiservicios,False,False,False,False,False,False,True,False,5,Convenience Store only,3,"Multiple companies, single service",5.48,1,High,False
barcelona,BAR_LOC_000373,41.3539698485293,2.10661490813081,1,1,InPost,"Rambla de la Marina, 428",Locker 24/7 Repsol Cred Ultra,True,False,False,False,False,False,False,False,1,Locker only,1,Single record,0.0,1,High,False
barcelona,BAR_LOC_000374,41.3570195649192,2.11402841399303,1,1,InPost,"Av. de Europa, 214",Colifran Sl,False,False,False,False,False,False,True,False,5,Convenience Store only,1,Single record,0.0,1,High,False
barcelona,BAR_LOC_000375,41.3571697208198,2.10858446914857,1,1,InPost,"Av. Fabregada, 33",Locker Indoorwall Hospitalet Sa,True,False,False,False,False,False,False,False,1,Locker only,1,Single record,0.0,1,High,False
barcelona,BAR_LOC_000376,41.35854266181645,2.10788127446119,2,2,Ctt Express | InPost,"Av. Fabregada, 55",E.S. Tamoil Hospitalet | Locker 24/7 Gasolinera Es Tamoi,True,False,False,False,False,False,True,False,7,Multiple services,4,"Multiple companies, multiple services",26.4,2,Medium,False
barcelona,BAR_LOC_000377,41.3619117315518,2.11214828041416,1,1,InPost,"Av. del Carrilet, 198",Todopadel Hospitalet,False,False,False,False,False,False,True,False,5,Convenience Store only,1,Single record,0.0,1,High,False
barcelona,BAR_LOC_000378,41.3630462286387,2.10916171739618,1,1,InPost,"Carrer de Sant Josep, 1",Duldi Hospitalet,False,False,False,False,False,False,True,False,5,Convenience Store only,1,Single record,0.0,1,High,False
barcelona,BAR_LOC_000379,41.3614684314695,2.10615935764142,1,1,InPost,"Plaça del Mestre Clavé, 16",Doble M,False,False,False,False,False,False,True,False,5,Convenience Store only,1,Single record,0.0,1,High,False
barcelona,BAR_LOC_000380,41.36026667249517,2.1024282474618325,4,4,Celeritas | Ctt Express | InPost | Nacex,"Carrer d'Enric Prat de la Riba, 286 | Carrer d'Enric Prat de la Riba, 290",Con Chuches Y A Lo Loco (0841-40) | Con Chuches Y A Lo Loco 2 | Lara,False,False,False,False,False,False,True,False,5,Convenience Store only,3,"Multiple companies, single service",13.72,1,High,False
barcelona,BAR_LOC_000381,41.363307046376406,2.1000734667447065,3,3,Amazon | InPost | SEUR,"Rambla Just Oliveras, 67",Estanc Rambla | Seur - Tabacs Estanc Rambla | Tabacs Estanc Rambla,False,False,False,False,False,False,True,False,5,Convenience Store only,3,"Multiple companies, single service",16.71,2,Medium,False
barcelona,BAR_LOC_000382,41.3592551634911,2.09916113942465,1,1,InPost,"Passatge de la Rectoria, 1",Mahi Movil Lh,False,False,False,False,False,False,True,False,5,Convenience Store only,1,Single record,0.0,1,High,False
barcelona,BAR_LOC_000383,41.360364520199596,2.098103847015017,3,3,Amazon | InPost | SEUR,"Carrer de Barcelona, 116",Re Emocio Art | Seur - Re Emocio Art,False,False,False,False,False,False,True,False,5,Convenience Store only,3,"Multiple companies, single service",8.39,1,High,False
barcelona,BAR_LOC_000384,41.3580710080327,2.09162542644997,1,1,InPost,"Ctra. de l'Hospitalet, 328",Locker 24/7 Es Qoil Cornella,True,False,False,False,False,False,False,False,1,Locker only,1,Single record,0.0,1,High,False
barcelona,BAR_LOC_000385,41.3658173419247,2.10098087934774,1,1,InPost,"Av. Can Serra, 54",Can Serra Supermercat,False,False,False,False,False,False,True,False,5,Convenience Store only,1,Single record,0.0,1,High,False
barcelona,BAR_LOC_000386,41.3714603330588,2.09791493590048,1,1,InPost,"C. Molino, 24",Mr Awan Mobiles,False,False,False,False,False,False,True,False,5,Convenience Store only,1,Single record,0.0,1,High,False
barcelona,BAR_LOC_000387,41.3729378959897,2.0984971276043,1,1,InPost,"Carrer Verge de la Mercè, 40",Mb Phone,False,False,False,False,False,False,True,False,5,Convenience Store only,1,Single record,0.0,1,High,False
barcelona,BAR_LOC_000388,41.37485628018203,2.099881144802293,3,3,InPost | Pudo | UPS,"Carrer dels Cedres, 26",P Taquilla Tecno Saki | Tecno Saki,True,False,True,False,False,False,True,False,7,Multiple services,4,"Multiple companies, multiple services",4.91,1,High,False
barcelona,BAR_LOC_000389,41.3714690992255,2.1012055660352598,2,2,Amazon | InPost,"C. Marcelino Esquius, 29",Amazon Counter - Multiservice. | Locker Locutorio Multiservice E,True,False,False,False,False,False,True,False,7,Multiple services,4,"Multiple companies, multiple services",9.7,1,High,False
barcelona,BAR_LOC_000390,41.3719018583786,2.10145337243248,1,1,InPost,"C. Marcelino Esquius, 10",Estanc Hospitalet 6,False,False,False,False,False,False,True,False,5,Convenience Store only,1,Single record,0.0,1,High,False
barcelona,BAR_LOC_000391,41.369399249550355,2.108157564709865,2,2,InPost | UPS,"Carrer Sant Ramon, 1",Agencia De Envio La Esperanza | La Esperanza,False,False,False,False,False,False,True,False,5,Convenience Store only,3,"Multiple companies, single service",11.07,1,High,False
barcelona,BAR_LOC_000392,41.3697071776533,2.10904618374264,1,1,InPost,Carrer Pintor Mestre i Castellví,Locker El Paisa Locutorio,True,False,False,False,False,False,False,False,1,Locker only,1,Single record,0.0,1,High,False
barcelona,BAR_LOC_000393,41.3705404368797,2.1124279580074625,4,4,Ctt Express | Dhl | InPost | UPS,"Carrer Bòbiles, 38",Con Tigo Envios 2,False,False,False,False,False,False,True,False,5,Convenience Store only,3,"Multiple companies, single service",22.96,2,Medium,False
barcelona,BAR_LOC_000394,41.372114570012855,2.1114132944254003,2,2,InPost | SEUR,"C/ Ing. Moncunill, 11",Ferreteria Sugehos | Sugehos Sl,False,False,False,False,False,False,True,False,5,Convenience Store only,3,"Multiple companies, single service",17.17,2,Medium,False
barcelona,BAR_LOC_000395,41.3726685993096,2.10811364618981,3,3,Dhl | InPost | UPS,"Carrer Esteve Grau, 3",Con Tigo Envios | Con Tigo Envios 1,False,False,False,False,False,False,True,False,5,Convenience Store only,3,"Multiple companies, single service",18.0,2,Medium,False
barcelona,BAR_LOC_000396,41.3725251116279,2.106853847443725,2,2,InPost | SEUR,"Av. de la Primavera, 130",Movil I Portatil | Movil Y Portatil,False,False,False,False,False,False,True,False,5,Convenience Store only,3,"Multiple companies, single service",25.21,2,Medium,False
barcelona,BAR_LOC_000397,41.36740869982233,2.1335375909036642,7,7,Celeritas | Ctt Express | Dhl | InPost | Nacex | SEUR | UPS,"Rambla de Badal, 33 | Rambla de Badal, 37",Mon Animal | Western Union | Western Union Bcc Lixbel | Western Union Rambla Badal | Western Union.,False,False,False,False,False,False,True,False,5,Convenience Store only,3,"Multiple companies, single service",79.85,3,Review,True
barcelona,BAR_LOC_000398,41.367392051850864,2.1321872264766037,5,4,Ctt Express | Gls | InPost | SEUR,"Carrer de la Riera Blanca, 213 | Carrer de la Riera Blanca, 215",Ps Ranbeer Supermercat 2 | Ran Beer Supermercado | Ranbeer Supermercat | Ranbeer Supermercat.,False,False,False,False,False,False,True,False,5,Convenience Store only,3,"Multiple companies, single service",45.67,3,Review,True
barcelona,BAR_LOC_000399,41.3660782921966,2.11373995414423,1,1,InPost,"Av. de Josep Tarradellas i Joan, 76",Locker 24/7 Q8 Alps,True,False,False,False,False,False,False,False,1,Locker only,1,Single record,0.0,1,High,False
barcelona,BAR_LOC_000400,41.3634707273886,2.11965577406809,1,1,InPost,"Carrer de la Fortuna, 36",Locker 24/7 Aquanet,True,False,False,False,False,False,False,False,1,Locker only,1,Single record,0.0,1,High,False
barcelona,BAR_LOC_000401,41.3620712070186,2.11785429091592,1,1,InPost,"Carrer Juan Ramón Jiménez, 20",Locker Gasolinera Es Tamoil Gor,False,False,False,False,False,False,True,False,5,Convenience Store only,1,Single record,0.0,1,High,False
barcelona,BAR_LOC_000402,41.3701231641929,2.11589746799529,1,1,InPost,"Avinguda del Torrent Gornal, 15",Bazar Informatica,False,False,False,False,False,False,True,False,5,Convenience Store only,1,Single record,0.0,1,High,False
barcelona,BAR_LOC_000403,41.36425664359085,2.1267306933067047,2,2,InPost | SEUR,"Carrer del Comerç, 72",Peloperfect,False,False,False,False,False,False,True,False,5,Convenience Store only,3,"Multiple companies, single service",24.19,2,Medium,False
barcelona,BAR_LOC_000404,41.35137992292,2.08929198675959,1,1,InPost,"Avinguda de Pablo Picasso, 52",Mail Boxes Cornella,False,False,False,False,False,False,True,False,5,Convenience Store only,1,Single record,0.0,1,High,False
barcelona,BAR_LOC_000405,41.3648059680055,2.12702885572695,1,1,InPost,"Av. del Carrilet, 66",Locker Ria Central De Enviament,True,False,False,False,False,False,False,False,1,Locker only,1,Single record,0.0,1,High,False
barcelona,BAR_LOC_000406,41.36940837254245,2.1158790727764147,4,3,Ctt Express | InPost | SEUR,"Av. Ponent, 5 | Carrer Almería, 8",Globalexs | Globalexs Paqueteria | Mobils House | Super Transferencias,False,False,False,False,False,False,True,False,5,Convenience Store only,3,"Multiple companies, single service",25.33,2,Medium,False
barcelona,BAR_LOC_000407,41.3655945188939,2.12693963571603,1,1,InPost,"C. de Anselm Clavé, 42",Tuink Santa Eulalia,False,False,False,False,False,False,True,False,5,Convenience Store only,1,Single record,0.0,1,High,False
barcelona,BAR_LOC_000408,41.3618709106936,2.12586286616051,1,1,InPost,"Carrer de Castelao, 125",Vap Store Santa Eulalia,False,False,False,False,False,False,True,False,5,Convenience Store only,1,Single record,0.0,1,High,False
barcelona,BAR_LOC_000409,41.366336279589405,2.08903267811613,2,2,InPost | SEUR,"Carrer de Miralta, 1",Libreria Cuca | Llibreria Cuca,False,False,False,False,False,False,True,False,5,Convenience Store only,3,"Multiple companies, single service",15.6,2,Medium,False
barcelona,BAR_LOC_000410,41.3654410032311,2.086237927391,1,1,InPost,"Carrer Xiprer, 5",El Paisa 11 Locutorio,False,False,False,False,False,False,True,False,5,Convenience Store only,1,Single record,0.0,1,High,False
barcelona,BAR_LOC_000411,41.3726847698317,2.1168163172753234,3,3,Ctt Express | Dhl | InPost,"Carrer de Pujós, 75",Singh Locutorio | Singhlocutorio,False,False,False,False,False,False,True,False,5,Convenience Store only,3,"Multiple companies, single service",20.45,2,Medium,False
barcelona,BAR_LOC_000412,41.3668988686365,2.1262590391302,1,1,InPost,Carrer Anselm Clavé,Locker Tienda Globalmoon,True,False,False,False,False,False,False,False,1,Locker only,1,Single record,0.0,1,High,False
barcelona,BAR_LOC_000413,41.359591902375,2.125804511438447,8,7,Amazon | Dhl | Gls | InPost | Nacex | SEUR | UPS,"Carrer de Natzaret, 40 | Carrer de Natzaret, 40, LOCAL 2 | Carrer de Natzaret, 41",Amazon Counter - Europa Fira Moviles Y Locutorio | Europa Fira Moviles | Europa Fira Moviles Y Loc | Europa Fira Moviles Y Locutorio | Europa Fira Moviles Y Locutorio (0841-43) | Ps Europa Fira Moviles Y Locutorio | Seur - Europa Fira Moviles Y Loc,False,False,False,False,False,False,True,False,5,Convenience Store only,3,"Multiple companies, single service",25.97,2,Medium,False
barcelona,BAR_LOC_000414,41.3704726822026,2.11801410896573,1,1,InPost,"C Mas, 129",New York Barbershop,False,False,False,False,False,False,True,False,5,Convenience Store only,1,Single record,0.0,1,High,False
barcelona,BAR_LOC_000415,41.370192371343265,2.12349432876737,3,3,InPost | Pudo | SEUR,"Rambla Catalana, 75",Seur Locker Suramericana | Suramericana De Envios | Suramericana De Envíos,True,False,True,False,False,False,True,False,7,Multiple services,4,"Multiple companies, multiple services",20.4,2,Medium,False
barcelona,BAR_LOC_000416,41.3696254423348,2.1235250189146,1,1,InPost,"Carrer Mossèn Jaume Busquet, 40",Locker Lavanderia Renta Rapid,True,False,False,False,False,False,False,False,1,Locker only,1,Single record,0.0,1,High,False
barcelona,BAR_LOC_000417,41.37099031249876,2.128862367978848,5,5,Amazon | Ctt Express | InPost | Pudo | SEUR,"Carrer de la Riera Blanca, 138 | Carrer de la Riera Blanca, 146",Amazon Counter - Zafiro Tours | Goldan Alimentacion | Goldan Alimentación | Seur Locker Goldan Alimen | Zafiro Tours,True,False,True,False,False,False,True,False,7,Multiple services,4,"Multiple companies, multiple services",39.78,3,Review,True
barcelona,BAR_LOC_000418,41.372109782038685,2.1240832313831035,6,6,Celeritas | Dhl | Gls | InPost | Nacex | UPS,"Carrer del Doctor Martí Julià 110 | Carrer del Doctor Martí Julià, 110",Papeleria Libreria Jordi | Papereria Jordi | Papereria Jordi / Centro Devoluciones | Papereria Jordi Llibreria (0841-02) | Ps Papereria Jordi,False,False,False,False,False,False,True,False,5,Convenience Store only,3,"Multiple companies, single service",17.07,2,Medium,False
barcelona,BAR_LOC_000419,41.3619489786085,2.1324500071665726,4,4,InPost | Pudo | SEUR | UPS,"Avinguda de la Granvia de l’Hospitalet, 25",Locker 24/7 Indigo Justicia | P Taquilla Pk Indigo Justicia | Parking Indigo Justicia | Seur Locker Pki Justicia,True,False,True,False,False,False,False,False,7,Multiple services,4,"Multiple companies, multiple services",29.88,2,Medium,False
barcelona,BAR_LOC_000420,41.42206439310128,2.141990562962458,5,2,Amazon | Correos,"Carrer d'Arenys, 16 | Carrer d'Arenys, 16-18",Barcelona Suc 29. Vall D`Hebron | Citypaq Lockers-Correos Barcelona Suc 29. Vall D`H | Correos Barcelona Suc 29. Vall D`Hebron,True,True,False,False,False,False,False,False,3,Locker and PUDO,4,"Multiple companies, multiple services",7.76,1,High,False
barcelona,BAR_LOC_000421,41.4022138427678,2.20590386221512,2,1,Correos,"Carrer de Ramon Turró, 248",Correos Barcelona Suc 21. Poble Nou,True,True,False,False,False,False,False,False,3,Locker and PUDO,2,"Same company, multiple records",0.0,1,High,False
barcelona,BAR_LOC_000422,41.386493682234,2.16272213553529,1,1,Correos,"Gran Via de les Corts Catalanes, 585",Ub Edificio Historico,True,False,False,False,False,False,False,False,1,Locker only,1,Single record,0.0,1,High,False
barcelona,BAR_LOC_000423,41.4293229704614,2.16256139162713,1,1,Correos,"Pg. Maragall, 415",Condis,True,False,False,False,False,False,False,False,1,Locker only,1,Single record,0.0,1,High,False
barcelona,BAR_LOC_000424,41.4014285000991,2.13682126345712,1,1,Correos,"Carrer de Prats de Molló, 2",Condis,True,False,False,False,False,False,False,False,1,Locker only,1,Single record,0.0,1,High,False
barcelona,BAR_LOC_000425,41.43130387251683,2.18326578783225,3,1,Correos,"Av. Meridiana, 402 | Avenida Meridiana, 402 | San Andrés de Palomar",Condis | Rodalies Sant Andreu Arenal,True,False,False,False,False,False,False,False,1,Locker only,2,"Same company, multiple records",57.45,3,Review,True
barcelona,BAR_LOC_000426,41.3867797225461,2.15979848180555,1,1,Correos,"C. de Muntaner, 54",Monso Benet Electricidad,True,False,False,False,False,False,False,False,1,Locker only,1,Single record,0.0,1,High,False
barcelona,BAR_LOC_000427,41.3887359724653,2.16088127967393,2,1,Correos,"Pl. del Dr. Letamendi, 5-7",Correos Barcelona Suc 1 Plaza Letamendi,True,True,False,False,False,False,False,False,3,Locker and PUDO,2,"Same company, multiple records",0.0,1,High,False
barcelona,BAR_LOC_000428,41.4243361497558,2.18638787680952,1,1,Correos,"Av. Meridiana, 305",Rodalies La Sagrera-Meridiana,True,False,False,False,False,False,False,False,1,Locker only,1,Single record,0.0,1,High,False
barcelona,BAR_LOC_000429,41.4099785890708,2.12624844025056,1,1,Correos,"Carrer de Bellesguard, 30",Citypaq Uao Universitat Abat Oliba Ceu,True,False,False,False,False,False,False,False,1,Locker only,1,Single record,0.0,1,High,False
barcelona,BAR_LOC_000430,41.3925164177069,2.19522124697576,2,1,Correos,"C. del Dr. Trueta, 58",Correos Barcelona Suc 16. La Vila Olimpica,True,True,False,False,False,False,False,False,3,Locker and PUDO,2,"Same company, multiple records",0.0,1,High,False
barcelona,BAR_LOC_000431,41.4925877881291,2.03090600650455,2,2,Amazon | Correos,"Plaça de Catalunya, 1",Citypaq Lockerss-Fgc Plaça De Catalunya | Fgc Plaça De Catalunya,True,False,False,False,False,False,False,False,1,Locker only,3,"Multiple companies, single service",4.81,1,High,False
barcelona,BAR_LOC_000432,41.4090510197028,2.18964882595021,4,2,Amazon | Correos,"Carrer de Rossend Nobas, 31",Citypaq Lockerss-Correos Barcelona Suc 15. El Clot | Correos - Barcelona Suc 15. El Clot | Correos Barcelona Suc 15. El Clot,True,True,False,False,False,False,True,False,3,Locker and PUDO,4,"Multiple companies, multiple services",4.82,1,High,False
barcelona,BAR_LOC_000433,41.40764988111485,2.177401184115505,4,2,Amazon | Correos,"Carrer de los Castillejos, 276",Citypaq Lockerss-Correos Barcelona Suc 24. Sagrada | Correos - Barcelona Suc 24. Sagrada Familia | Correos Barcelona Suc 24. Sagrada Familia,True,True,False,False,False,False,True,False,3,Locker and PUDO,4,"Multiple companies, multiple services",6.26,1,High,False
barcelona,BAR_LOC_000434,41.3988979787188,2.12490663454987,1,1,Correos,Distrito de Sarrià-Sant Gervas,Fgc Sarria,True,False,False,False,False,False,False,False,1,Locker only,1,Single record,0.0,1,High,False
barcelona,BAR_LOC_000435,41.3765687056845,2.15520364760172,2,1,Correos,"Av. de Mistral, 44",Correos Barcelona Suc 22. Sepulveda,True,True,False,False,False,False,False,False,3,Locker and PUDO,2,"Same company, multiple records",0.0,1,High,False
barcelona,BAR_LOC_000436,41.421086390934725,2.202826777045375,4,2,Amazon | Correos,"Rambla de Guipúscoa, 119",Citypaq Lockerss-Correos Barcelona Suc 27. Sant Mar | Correos - Barcelona Suc 27. Sant Marti | Correos Barcelona Suc 27. Sant Marti,True,True,False,False,False,False,True,False,3,Locker and PUDO,4,"Multiple companies, multiple services",3.8,1,High,False
barcelona,BAR_LOC_000437,41.392820660587844,2.158580565705855,2,2,Amazon | Correos,Calle C/ Balmes Esq C/ Rosello S/N,Citypaq Lockerss-Fgc Provença | Fgc Provença,True,False,False,False,False,False,False,False,1,Locker only,3,"Multiple companies, single service",8.0,1,High,False
barcelona,BAR_LOC_000438,41.3982853926703,2.13832098806894,2,1,Correos,"Vía Augusta, 207",Correos Barcelona Suc 7. Via Augusta,True,True,False,False,False,False,False,False,3,Locker and PUDO,2,"Same company, multiple records",0.0,1,High,False
barcelona,BAR_LOC_000439,41.3758195903501,2.14798766214634,1,1,Correos,Plaça Espanya S/N,Fgc Plaça Espanya,True,False,False,False,False,False,False,False,1,Locker only,1,Single record,0.0,1,High,False
barcelona,BAR_LOC_000440,41.4173957120864,2.2125941327047,2,1,Correos,"Carrer de Jaume Huguet, 8",Correos Barcelona Suc 28. Besós,True,True,False,False,False,False,False,False,3,Locker and PUDO,2,"Same company, multiple records",0.0,1,High,False
barcelona,BAR_LOC_000441,41.3966016835664,2.12869986764469,2,1,Correos,"Carrer de Castellnou, 57",Correos Barcelona Suc 14. Les Tres Torres,True,True,False,False,False,False,False,False,3,Locker and PUDO,2,"Same company, multiple records",0.0,1,High,False
barcelona,BAR_LOC_000442,41.3824360062265,2.18088289383968,2,1,Correos,"Pl. de Correus, S/N, Ciutat Vella",Correos Barcelona Op,True,True,False,False,False,False,False,False,3,Locker and PUDO,2,"Same company, multiple records",0.0,1,High,False
barcelona,BAR_LOC_000443,41.3837266394475,2.15350883712387,1,1,Correos,"Carrer d'Aragó, 96",Condis,True,False,False,False,False,False,False,False,1,Locker only,1,Single record,0.0,1,High,False
barcelona,BAR_LOC_000444,41.3755549590707,2.12872402187357,1,1,Correos,"Carrer de Sants, 303",Carrefour,True,False,False,False,False,False,False,False,1,Locker only,1,Single record,0.0,1,High,False
barcelona,BAR_LOC_000445,41.4280411963625,2.17120246313627,1,1,Correos,"Carrer de Cartellà, 79",Condis,True,False,False,False,False,False,False,False,1,Locker only,1,Single record,0.0,1,High,False
barcelona,BAR_LOC_000446,41.443513034214,2.2005324303649636,3,2,Amazon | Correos,"Pont del Potosí, 5",Amazon Lockers - Judit | Bluespace | Citypaq Lockerss-Bluespace,True,False,False,False,False,False,False,False,1,Locker only,3,"Multiple companies, single service",12.65,1,High,False
barcelona,BAR_LOC_000447,41.4201835384715,2.2034967254263,1,1,Correos,"C de Puigcerdà, 211",Condis,True,False,False,False,False,False,False,False,1,Locker only,1,Single record,0.0,1,High,False
barcelona,BAR_LOC_000448,41.3600466795694,2.13949751080658,1,1,Correos,"Pg. de la Zona Franca, 168",Condis,True,False,False,False,False,False,False,False,1,Locker only,1,Single record,0.0,1,High,False
barcelona,BAR_LOC_000449,41.4138305806231,2.10401790504933,1,1,Correos,"Carrer d’Elisa Moragas i Badia, 1",Condis,True,False,False,False,False,False,False,False,1,Locker only,1,Single record,0.0,1,High,False
barcelona,BAR_LOC_000450,41.4056070691405,2.18285815046414,1,1,Correos,"Carrer d'Aragó, 520",Condis,True,False,False,False,False,False,False,False,1,Locker only,1,Single record,0.0,1,High,False
barcelona,BAR_LOC_000451,41.4209402914532,2.20360977998101,1,1,Correos,"Rambla de Guipúscoa, 132",Condis,True,False,False,False,False,False,False,False,1,Locker only,1,Single record,0.0,1,High,False
barcelona,BAR_LOC_000452,41.4197777229349,2.19640666248986,1,1,Correos,"Carrer de Menorca, 19",Carrefour Market,True,False,False,False,False,False,False,False,1,Locker only,1,Single record,0.0,1,High,False
barcelona,BAR_LOC_000453,41.399016337159,2.1416317672730747,2,1,Correos,"Vía Augusta, 188",Plusfresc,True,False,False,False,False,False,False,False,1,Locker only,2,"Same company, multiple records",24.51,2,Medium,False
barcelona,BAR_LOC_000454,41.394290133332966,2.18627104918519,3,3,Correos | Pudo | SEUR,"Carrer dels Almogàvers, 66",E.S. Galp Almogavares | Galp | Seur Lockers E.S. Galp Alm,True,False,True,False,False,False,False,False,7,Multiple services,4,"Multiple companies, multiple services",3.18,1,High,False
barcelona,BAR_LOC_000455,41.384142589558,2.17075029109959,1,1,Correos,"Rambla dels Estudis, 113",Carrefour Market,True,False,False,False,False,False,False,False,1,Locker only,1,Single record,0.0,1,High,False
barcelona,BAR_LOC_000456,41.3903997946535,2.1352992514089,1,1,Correos,"Av. Diagonal, 567",Cc Lilla,True,False,False,False,False,False,False,False,1,Locker only,1,Single record,0.0,1,High,False
barcelona,BAR_LOC_000457,41.3685590408727,2.13279966409139,1,1,Correos,"Rambla de Badal, 65",Condislife,True,False,False,False,False,False,False,False,1,Locker only,1,Single record,0.0,1,High,False
barcelona,BAR_LOC_000458,41.399260929402,2.16388802115237,1,1,Correos,"C. del Bruc, 166",Condislife,True,False,False,False,False,False,False,False,1,Locker only,1,Single record,0.0,1,High,False
barcelona,BAR_LOC_000459,41.3871795805445,2.12983499172806,1,1,Correos,"C. de Europa, 18",Condis,True,False,False,False,False,False,False,False,1,Locker only,1,Single record,0.0,1,High,False
barcelona,BAR_LOC_000460,41.390632042151374,2.1740105771400224,4,2,Amazon | Correos,"Carrer d'Ausiàs Marc, 13 | Carrer d'Ausiàs Marc, 13-17",Citypaq Lockerss-Correos Barcelona Suc 20. Urquinao | Correos - Barcelona Suc 20. Urquinaona | Correos Barcelona Suc 20. Urquinaona,True,True,False,False,False,False,True,False,3,Locker and PUDO,4,"Multiple companies, multiple services",46.53,3,Review,True
barcelona,BAR_LOC_000461,41.401636463491,2.15391275381462,2,1,Correos,"Carrer Gran de Gràcia, 118",Correos Barcelona Suc 32. Gracia,True,True,False,False,False,False,False,False,3,Locker and PUDO,2,"Same company, multiple records",0.0,1,High,False
barcelona,BAR_LOC_000462,41.3870189847678,2.1666723469701,2,1,Correos,"Ronda de la Universidad, 23",Correos Barcelona Suc 33. Ronda Universitat,True,True,False,False,False,False,False,False,3,Locker and PUDO,2,"Same company, multiple records",0.0,1,High,False
barcelona,BAR_LOC_000463,41.3983812645151,2.17444660777575,2,1,Correos,"Calle del Consejo de Ciento, 445",Correos Barcelona Suc 8. Tetuan,True,True,False,False,False,False,False,False,3,Locker and PUDO,2,"Same company, multiple records",0.0,1,High,False
barcelona,BAR_LOC_000464,41.4096475736495,2.19779593742673,1,1,Correos,"Carrer del Perú, 110",Residencia De Estudiantes Blau Estudent Housing,True,False,False,False,False,False,False,False,1,Locker only,1,Single record,0.0,1,High,False
barcelona,BAR_LOC_000465,41.43806937697294,2.1909381208284264,5,2,Amazon | Correos,"Passeig de Torras i Bages, 29",Amazon Lockers - Aperador | Barcelona Suc 13. Sant Andreu | Correos Barcelona Suc 13. Sant Andreu,True,True,False,False,False,False,False,False,3,Locker and PUDO,4,"Multiple companies, multiple services",18.72,2,Medium,False
barcelona,BAR_LOC_000466,41.3793229014627,2.12808156052457,2,1,Correos,"Av. de Madrid, 106",Correos Barcelona Suc 23. Les Corts,True,True,False,False,False,False,False,False,3,Locker and PUDO,2,"Same company, multiple records",0.0,1,High,False
barcelona,BAR_LOC_000467,41.3607372777766,2.09683516054925,2,1,Correos,Carrer de Francesc Moragas,Correos L'hospitalet De Llobregat Op | L'hospitalet De Llobregat Op,False,True,False,False,False,False,False,False,2,PUDO only,2,"Same company, multiple records",0.0,1,High,False
barcelona,BAR_LOC_000468,41.368554628371,2.12980844757919,1,1,Correos,"Carrer Martí Codolar, 44",Oficina De Correos Y Citypaq,False,True,False,False,False,False,False,False,2,PUDO only,1,Single record,0.0,1,High,False
barcelona,BAR_LOC_000469,41.4285346884364,2.16687184744559,1,1,Correos,"Carrer de Santiago Rusiñol, 16-18",Oficina De Correos Suc 10,False,True,False,False,False,False,False,False,2,PUDO only,1,Single record,0.0,1,High,False
barcelona,BAR_LOC_000470,41.350920957696125,2.112452531128535,4,2,Amazon | Correos,"Rambla de la Marina, 82","Citypaq Lockers-Correos Hospitalet De Llobregat, L | Correos - L'hospitalet De Llobregat Suc 2. Bellvit | Correos Hospitalet De Llobregat, L' Suc 2. Bellvitge | L'hospitalet De Llobregat Suc 2. Bellvitge",True,True,False,False,False,False,True,False,3,Locker and PUDO,4,"Multiple companies, multiple services",13.51,1,High,False
barcelona,BAR_LOC_000471,41.4634813446453,2.17823588029872,1,1,Correos,"Av. dels Rasos de Peguera, 19",Barcelona Suc 26. Ciutat Meridiana,False,True,False,False,False,False,False,False,2,PUDO only,1,Single record,0.0,1,High,False
barcelona,BAR_LOC_000472,41.37099429737995,2.107622710775762,6,4,Amazon | Celeritas | Correos | Ctt Express,"Carrer del Pedraforca, 105 | Carrer del Pedraforca, 112 | Carrer del Pedraforca, 112, 114","Citypaq Lockers-Correos Hospitalet De Llobregat, L | Correos - L'hospitalet De Llobregat Suc 3 . Pubill | Correos Hospitalet De Llobregat, L' Suc 3. Pubilla Cases | L'hospitalet De Llobregat Suc 3 . Pubilla Cases | Papeleria De Tot",True,True,False,False,False,False,True,False,3,Locker and PUDO,4,"Multiple companies, multiple services",22.65,2,Medium,False
barcelona,BAR_LOC_000473,41.3862502645595,2.14645582055884,1,1,Correos,"C. de Calabria, 235",Barcelona Suc 35. Calabria-Rosello,False,True,False,False,False,False,False,False,2,PUDO only,1,Single record,0.0,1,High,False
barcelona,BAR_LOC_000474,41.3730467158751,2.113723333458945,2,1,Correos,"CAR, Carr. de Cotonat, 57-59","Correos Hospitalet De Llobregat, L' Suc 4. Collblanc | L'hospitalet De Llobregat Suc 4. Collblanc",False,True,False,False,False,False,False,False,2,PUDO only,2,"Same company, multiple records",4.48,1,High,False
barcelona,BAR_LOC_000475,41.4172650650292,2.19019949817202,1,1,Correos,"Calle Murcia, 43",Condis,True,False,False,False,False,False,False,False,1,Locker only,1,Single record,0.0,1,High,False
barcelona,BAR_LOC_000476,41.358377672194,2.11407252346237,1,1,Correos,"Av. d'Europa, 230",Condis,True,False,False,False,False,False,False,False,1,Locker only,1,Single record,0.0,1,High,False
barcelona,BAR_LOC_000477,41.4219791488891,2.19646276582359,1,1,Correos,"Calle Menorca, 19",Carrefour Market,True,False,False,False,False,False,False,False,1,Locker only,1,Single record,0.0,1,High,False
barcelona,BAR_LOC_000478,41.362160388373,2.10099954339706,1,1,Correos,"Rambla Just Oliveras, 42",Plusfresc,True,False,False,False,False,False,False,False,1,Locker only,1,Single record,0.0,1,High,False
barcelona,BAR_LOC_000479,41.3699703517195,2.12960063849243,1,1,Correos,"CAR, Carrer Martí Codolar, 44","Correos Hospitalet De Llobregat, Lv Suc 1. Santa Eulalia",False,True,False,False,False,False,False,False,2,PUDO only,1,Single record,0.0,1,High,False
barcelona,BAR_LOC_000480,41.38226805645482,2.168157913292235,4,4,Amazon | Pudo | SEUR | UPS,"Calle de los Ángeles, Plaça dels Àngels, 1 | Carrer dels Àngels, 1",Amazon Lockers - Bolorino | P Taquilla Pk Saba Pz D Angels | Parking Saba Plaza Dels Angels | Seur Lockers Pkn Saba Plaz,True,False,True,False,False,False,True,False,7,Multiple services,4,"Multiple companies, multiple services",19.57,2,Medium,False
barcelona,BAR_LOC_000481,41.3813091333267,2.1678133682397434,3,3,Amazon | Dhl | UPS,"Carrer del Carme, 70",Amazon Counter - Biz Services | Biz Services,False,False,False,False,False,False,True,False,5,Convenience Store only,3,"Multiple companies, single service",36.92,3,Review,True
barcelona,BAR_LOC_000482,41.3798613121534,2.16767679145761,1,1,Amazon,"Carrer de l'Hospital, 131",Amazon Lockers - Sobek,True,False,False,False,False,False,False,False,1,Locker only,1,Single record,0.0,1,High,False
barcelona,BAR_LOC_000483,41.38414571235625,2.164131572694025,2,2,Amazon | UPS,"Rda. de Sant Antoni, 86 | Rda. de Sant Antoni, 88",Amazon Lockers - Sangroniz | Full-Kiosko De Prensa,True,False,False,False,False,False,True,False,7,Multiple services,4,"Multiple companies, multiple services",2.23,1,High,False
barcelona,BAR_LOC_000484,41.3797578566413,2.16729769491156,1,1,Amazon,"Carrer de l'Hospital, 139",Amazon Counter - Ahmad Brother Telecom,False,False,False,False,False,False,True,False,5,Convenience Store only,1,Single record,0.0,1,High,False
barcelona,BAR_LOC_000485,41.3822555451749,2.16989455333487,1,1,Amazon,"Carrer del Carme, 39",Amazon Counter - I Care Reparacion,False,False,False,False,False,False,True,False,5,Convenience Store only,1,Single record,0.0,1,High,False
barcelona,BAR_LOC_000486,41.382499931376145,2.170929767512955,2,2,Amazon | SEUR,"Carrer del Carme, 15",Seur - Tabacos Carme 15 | Tabacos Carme 15,False,False,False,False,False,False,True,False,5,Convenience Store only,3,"Multiple companies, single service",8.0,1,High,False
barcelona,BAR_LOC_000487,41.387320458679696,2.16983390412685,2,1,Amazon,Plaça de Catalunya | Plza. Catalunya,Amazon Lockers - Crujera | Amazon Lockers - Mariola,True,False,False,False,False,False,False,False,1,Locker only,2,"Same company, multiple records",48.89,3,Review,True
barcelona,BAR_LOC_000488,41.3850183354885,2.17010370760774,1,1,Amazon,"La Rambla, 125",Amazon Lockers - Velikova,True,False,False,False,False,False,False,False,1,Locker only,1,Single record,0.0,1,High,False
barcelona,BAR_LOC_000489,41.3851544365031,2.17076627744087,1,1,Amazon,"La Rambla, 136",Amazon Lockers - Orlando,True,False,False,False,False,False,False,False,1,Locker only,1,Single record,0.0,1,High,False
barcelona,BAR_LOC_000490,41.3862238203934,2.1865745853031,1,1,Amazon,"Passeig de Circumval·lació, 1",Amazon Lockers - Nguyen,True,False,False,False,False,False,False,False,1,Locker only,1,Single record,0.0,1,High,False
barcelona,BAR_LOC_000491,41.3854247863805,2.18343794823757,1,1,Amazon,"Plaça Comercial, 9",Amazon Lockers - Silaghi,True,False,False,False,False,False,False,False,1,Locker only,1,Single record,0.0,1,High,False
barcelona,BAR_LOC_000492,41.3906737179584,2.18219019428374,1,1,Amazon,Passeig de Lluís Companys,Amazon Lockers - Diomedes,True,False,False,False,False,False,False,False,1,Locker only,1,Single record,0.0,1,High,False
barcelona,BAR_LOC_000493,41.3871398663123,2.17826928548343,1,1,Amazon,"Av. de Francesc Cambó, 23",Amazon Lockers - Arozamena,True,False,False,False,False,False,False,False,1,Locker only,1,Single record,0.0,1,High,False
barcelona,BAR_LOC_000494,41.3925672164406,2.17827997964914,1,1,Amazon,"Pg. de St. Joan, 11",Amazon Lockers - Arasulli,True,False,False,False,False,False,False,False,1,Locker only,1,Single record,0.0,1,High,False
barcelona,BAR_LOC_000495,41.3866831802793,2.17795237903557,1,1,Amazon,Av. de Francesc Cambó,Amazon Lockers - Issa,True,False,False,False,False,False,False,False,1,Locker only,1,Single record,0.0,1,High,False
barcelona,BAR_LOC_000496,41.389823479201,2.18096387431779,1,1,Amazon,"Placeta del Comerç, 2",Amazon Lockers - Aristu,True,False,False,False,False,False,False,False,1,Locker only,1,Single record,0.0,1,High,False
barcelona,BAR_LOC_000497,41.3793152511876,2.18929244855378,1,1,Amazon,Carrer del Baluard,Amazon Lockers - Higia,True,False,False,False,False,False,False,False,1,Locker only,1,Single record,0.0,1,High,False
barcelona,BAR_LOC_000498,41.4219233322294,2.179169210206365,2,1,Amazon,"Carrer de Sant Pere, 90 | Pg. Maragall, 132",Amazon Lockers - Artabe | Amazon Lockers - Aspuru,True,False,False,False,False,False,False,False,1,Locker only,2,"Same company, multiple records",49.22,3,Review,True
barcelona,BAR_LOC_000499,41.3862904501063,2.18105239018086,1,1,Amazon,"Carrer de la Princesa, 34",Amazon Counter - Bhavna Enterprise,False,False,False,False,False,False,True,False,5,Convenience Store only,1,Single record,0.0,1,High,False
barcelona,BAR_LOC_000500,41.387391460085055,2.1795270093432597,2,2,Amazon | Ctt Express,"Carrer del Fonollar, 12",Amazon Counter - Royalmano Cleaning Services | Royalmano Cleaning Services,False,False,False,False,False,False,True,False,5,Convenience Store only,3,"Multiple companies, single service",49.47,3,Review,True
barcelona,BAR_LOC_000501,41.38550917202897,2.179352873473237,3,3,Amazon | SEUR | UPS,"Plaça de la Llana, 10",Edl Envios | Envios Edl | Seur - Envios Edl,False,False,False,False,False,False,True,False,5,Convenience Store only,3,"Multiple companies, single service",6.59,1,High,False
barcelona,BAR_LOC_000502,41.3873940940457,2.17826332848508,1,1,Amazon,"Carrer dels Carders, 5",Amazon Counter - Am Telefonia,False,False,False,False,False,False,True,False,5,Convenience Store only,1,Single record,0.0,1,High,False
barcelona,BAR_LOC_000503,41.3744151164155,2.16109854950678,1,1,Amazon,"Radas, Carrer de Radas, 11",Amazon Lockers - Sandalo,True,False,False,False,False,False,False,False,1,Locker only,1,Single record,0.0,1,High,False
barcelona,BAR_LOC_000504,41.3739415004657,2.16269616779642,1,1,Amazon,"Carrer d'Elkano, 40",Amazon Counter - Supermercat El Kano,False,False,False,False,False,False,True,False,5,Convenience Store only,1,Single record,0.0,1,High,False
barcelona,BAR_LOC_000505,41.3749226538891,2.16488233544043,1,1,Amazon,"Av. del Paralelo, 91",Amazon Lockers - Albiach,True,False,False,False,False,False,False,False,1,Locker only,1,Single record,0.0,1,High,False
barcelona,BAR_LOC_000506,41.3722529173583,2.15661854823584,1,1,Amazon,"Carrer de la França Xica, 35",Amazon Lockers - Etiopia,True,False,False,False,False,False,False,False,1,Locker only,1,Single record,0.0,1,High,False
barcelona,BAR_LOC_000507,41.374713363068196,2.1630181264716297,2,2,Amazon | Ctt Express,"Carrer de Blai, 52",Amazon Counter - Sws Movil | Sws Movil,False,False,False,False,False,False,True,False,5,Convenience Store only,3,"Multiple companies, single service",45.58,3,Review,True
barcelona,BAR_LOC_000508,41.37415054181605,2.1611388506860703,2,2,Amazon | SEUR,"Carrer de Radas, 15",Fenix | Seur - Fenix,False,False,False,False,False,False,True,False,5,Convenience Store only,3,"Multiple companies, single service",6.91,1,High,False
barcelona,BAR_LOC_000509,41.3742316567744,2.16392123328648,1,1,Amazon,"Carrer de Margarit, 13",Amazon Lockers - Perugachi,True,False,False,False,False,False,False,False,1,Locker only,1,Single record,0.0,1,High,False
barcelona,BAR_LOC_000510,41.374203323641254,2.167600000002855,2,2,Amazon | SEUR,"Carrer d'En Fontrodona, 7",Amazon Counter - Viajes Ruta Latina | Viajes Ruta Latina,False,False,False,False,False,False,True,False,5,Convenience Store only,3,"Multiple companies, single service",2.52,1,High,False
barcelona,BAR_LOC_000511,41.3730109223711,2.16654800792683,1,1,Amazon,"Carrer de Blai, 1",Amazon Counter - L Estanc Del Carrer Blai,False,False,False,False,False,False,True,False,5,Convenience Store only,1,Single record,0.0,1,High,False
barcelona,BAR_LOC_000512,41.3997874040175,2.19776753457355,2,1,Amazon,"Carrer de Pujades, 131",Amazon Counter - Mã“Bil House | Seur - Mobil House,False,False,False,False,False,False,True,False,5,Convenience Store only,2,"Same company, multiple records",0.0,1,High,False
barcelona,BAR_LOC_000513,41.40022143674565,2.2026107551272,4,4,Amazon | Celeritas | SEUR | UPS,"Carrer de Ramon Turró, 189",Amazon Lockers - Eritrea | Kiosko Maria | Quiosc Maria | Quiosco Maria,True,False,False,False,False,False,True,False,7,Multiple services,4,"Multiple companies, multiple services",43.06,3,Review,True
barcelona,BAR_LOC_000514,41.4016747432556,2.20025617776314,1,1,Amazon,"Carrer de Pujades, 171",Amazon Lockers - Cherna,True,False,False,False,False,False,False,False,1,Locker only,1,Single record,0.0,1,High,False
barcelona,BAR_LOC_000515,41.4064489366974,2.20089581049776,1,1,Amazon,"Carrer de Pere IV, 272",Amazon Lockers - Iquitos,True,False,False,False,False,False,False,False,1,Locker only,1,Single record,0.0,1,High,False
barcelona,BAR_LOC_000516,41.402089137274,2.20254781306135,1,1,Amazon,"Carrer de Marià Aguiló, 69",Amazon Lockers - Isabella,True,False,False,False,False,False,False,False,1,Locker only,1,Single record,0.0,1,High,False
barcelona,BAR_LOC_000517,41.4026579580052,2.20485656764361,1,1,Amazon,"Carrer de Bilbao, 32",Amazon Lockers - Azul,True,False,False,False,False,False,False,False,1,Locker only,1,Single record,0.0,1,High,False
barcelona,BAR_LOC_000518,41.4058533322754,2.20235908453254,1,1,Amazon,"C/ de Lope de Vega, 132",Amazon Lockers - Anglada,True,False,False,False,False,False,False,False,1,Locker only,1,Single record,0.0,1,High,False
barcelona,BAR_LOC_000519,41.3956292167155,2.19989620504862,1,1,Amazon,"Carrer de Badajoz, 26",Amazon Counter - Super Mercat,False,False,False,False,False,False,True,False,5,Convenience Store only,1,Single record,0.0,1,High,False
barcelona,BAR_LOC_000520,41.4028576606033,2.20384661746127,1,1,Amazon,"Carrer de Bilbao, 34",Amazon Counter - Casa Del Mobils,False,False,False,False,False,False,True,False,5,Convenience Store only,1,Single record,0.0,1,High,False
barcelona,BAR_LOC_000521,41.4036750640307,2.20270547457664,1,1,Amazon,"Carrer de Bilbao, 54",Amazon Counter - Metro Mobils,False,False,False,False,False,False,True,False,5,Convenience Store only,1,Single record,0.0,1,High,False
barcelona,BAR_LOC_000522,41.401572564367,2.146867951705365,2,1,Amazon,"Plaça de Molina, 1",Amazon Lockers - Armijo | Usp - Amazon Counter - Quiosc Plaça Molina,True,False,False,False,False,False,True,False,7,Multiple services,2,"Same company, multiple records",45.29,3,Review,True
barcelona,BAR_LOC_000523,41.4006125979691,2.14715550632884,1,1,Amazon,"Carrer d'Alfons XII, 77",Seur - Bcn Bikes,False,False,False,False,False,False,True,False,5,Convenience Store only,1,Single record,0.0,1,High,False
barcelona,BAR_LOC_000524,41.3984427479945,2.14210464951023,1,1,Amazon,"Vía Augusta, 173",Amazon Lockers - Respuesta,True,False,False,False,False,False,False,False,1,Locker only,1,Single record,0.0,1,High,False
barcelona,BAR_LOC_000525,41.4003653368848,2.15225903783043,1,1,Amazon,"Vía Augusta, 58",Amazon Lockers - Aixut,True,False,False,False,False,False,False,False,1,Locker only,1,Single record,0.0,1,High,False
barcelona,BAR_LOC_000526,41.4017993621322,2.14491200985885,1,1,Amazon,"Carrer de Sant Elies, 14",Amazon Lockers - Abolafia,True,False,False,False,False,False,False,False,1,Locker only,1,Single record,0.0,1,High,False
barcelona,BAR_LOC_000527,41.404769715543566,2.147243695071667,3,3,Amazon | Ctt Express | SEUR,"Carrer de Vallirana, 52",Amazon Counter - Mister Pan | Mister Pan,False,False,False,False,False,False,True,False,5,Convenience Store only,3,"Multiple companies, single service",48.22,3,Review,True
barcelona,BAR_LOC_000528,41.40249008796,2.14855086474776,1,1,Amazon,"Carrer de Guillem Tell, 29",Amazon Counter - Dua Mobil,False,False,False,False,False,False,True,False,5,Convenience Store only,1,Single record,0.0,1,High,False
barcelona,BAR_LOC_000529,41.3970259654824,2.15123183360891,1,1,Amazon,"Carrer de Tuset, 38",Amazon Lockers - Santurtun,True,False,False,False,False,False,False,False,1,Locker only,1,Single record,0.0,1,High,False
barcelona,BAR_LOC_000530,41.3965472928139,2.14961827747947,1,1,Amazon,"Travessera de Gràcia, 53",Amazon Lockers - Hipnos,True,False,False,False,False,False,False,False,1,Locker only,1,Single record,0.0,1,High,False
barcelona,BAR_LOC_000531,41.39875249029615,2.1537862299455,2,2,Amazon | Dhl,"Travessera de Gràcia, 96 | Vía Augusta, 40",Amazon Lockers - Arrabal | Dhl Express Center Via Augusta,True,True,False,False,False,False,False,False,3,Locker and PUDO,4,"Multiple companies, multiple services",14.29,1,High,False
barcelona,BAR_LOC_000532,41.40313675681295,2.1466395188421803,2,2,Amazon | Nacex,"Carrer de la Gleva, 5",Amazon Lockers - Adarraga | Tintoreria I Bugaderia Dit I Fet,True,False,False,False,False,False,True,False,7,Multiple services,4,"Multiple companies, multiple services",39.08,3,Review,True
barcelona,BAR_LOC_000533,41.3992763578868,2.14610334760546,1,1,Amazon,"Carrer d'Aribau, 310",Amazon Counter - Movil Clinic 1,False,False,False,False,False,False,True,False,5,Convenience Store only,1,Single record,0.0,1,High,False
barcelona,BAR_LOC_000534,41.3862796326104,2.16555880696898,1,1,Amazon,"Ronda de la Universidad, 2",Amazon Lockers - Almazo,True,False,False,False,False,False,False,False,1,Locker only,1,Single record,0.0,1,High,False
barcelona,BAR_LOC_000535,41.3916671250467,2.16265874728718,1,1,Amazon,Rambla de Catalunya,Amazon Lockers - Crende,True,False,False,False,False,False,False,False,1,Locker only,1,Single record,0.0,1,High,False
barcelona,BAR_LOC_000536,41.3896476732012,2.16720641901083,1,1,Amazon,"Passeig de Gràcia, 13",Amazon Lockers - Ruesta,True,False,False,False,False,False,False,False,1,Locker only,1,Single record,0.0,1,High,False
barcelona,BAR_LOC_000537,41.4040985861573,2.17481474697911,1,1,Amazon,"Carrer de la Marina, 253",Amazon Lockers - Amselem,True,False,False,False,False,False,False,False,1,Locker only,1,Single record,0.0,1,High,False
barcelona,BAR_LOC_000538,41.3898835912783,2.16335087887714,1,1,Amazon,"Calle de Balmes, 50",Amazon Lockers - Hansen,True,False,False,False,False,False,False,False,1,Locker only,1,Single record,0.0,1,High,False
barcelona,BAR_LOC_000539,41.3905758752725,2.16298176313365,1,1,Amazon,"Carrer d'Aragó, 252",Amazon Lockers - Kuwait,True,False,False,False,False,False,False,False,1,Locker only,1,Single record,0.0,1,High,False
barcelona,BAR_LOC_000540,41.3892562752251,2.16097803916309,1,1,Amazon,"Pl. del Dr. Letamendi, 5-7",Citypaq Lockerss-Correos Barcelona Suc 1 Plaza Leta,False,False,False,False,False,False,True,False,5,Convenience Store only,1,Single record,0.0,1,High,False
barcelona,BAR_LOC_000541,41.3901518883097,2.1672709788689,1,1,Amazon,Passeig de Gràcia,Amazon Lockers - Cubells,True,False,False,False,False,False,False,False,1,Locker only,1,Single record,0.0,1,High,False
barcelona,BAR_LOC_000542,41.3942723653442,2.15858287712451,1,1,Amazon,"Carrer del Rosselló, 216",Amazon Lockers - Alamilla,True,False,False,False,False,False,False,False,1,Locker only,1,Single record,0.0,1,High,False
barcelona,BAR_LOC_000543,41.3931829663404,2.15663445273937,1,1,Amazon,"Carrer del Rosselló, 184",Amazon Lockers - Macamen,True,False,False,False,False,False,False,False,1,Locker only,1,Single record,0.0,1,High,False
barcelona,BAR_LOC_000544,41.3952268630801,2.16601047712257,1,1,Amazon,"Carrer de Roger de Llúria, 87",Amazon Lockers - Armario,True,False,False,False,False,False,False,False,1,Locker only,1,Single record,0.0,1,High,False
barcelona,BAR_LOC_000545,41.392129624356,2.1743692184066,1,1,Amazon,"Carrer de Casp, 68",Amazon Counter - Siempre Obert,False,False,False,False,False,False,True,False,5,Convenience Store only,1,Single record,0.0,1,High,False
barcelona,BAR_LOC_000546,41.3942865048633,2.17378053714362,1,1,Amazon,"Gran Via de les Corts Catalanes, 665",Amazon Lockers - Arizti,True,False,False,False,False,False,False,False,1,Locker only,1,Single record,0.0,1,High,False
barcelona,BAR_LOC_000547,41.3914657719434,2.17375567712355,1,1,Amazon,"C. del Bruc, 38",Amazon Lockers - Jotaeme,True,False,False,False,False,False,False,False,1,Locker only,1,Single record,0.0,1,High,False
barcelona,BAR_LOC_000548,41.3898312306668,2.175189817774,1,1,Amazon,"Rda. de Sant Pere, 38",Amazon Lockers - Amezua,True,False,False,False,False,False,False,False,1,Locker only,1,Single record,0.0,1,High,False
barcelona,BAR_LOC_000549,41.3939392585586,2.19831755274157,1,1,Amazon,"Carrer d'Àlaba, 10",Seur - Freaks,False,False,False,False,False,False,True,False,5,Convenience Store only,1,Single record,0.0,1,High,False
barcelona,BAR_LOC_000550,41.3920343678513,2.18009623553667,1,1,Amazon,"Pg. de St. Joan, 4",Usp- Amazon Counter - Quiosc Passeig Sant Joan 4,False,False,False,False,False,False,True,False,5,Convenience Store only,1,Single record,0.0,1,High,False
barcelona,BAR_LOC_000551,41.3892946236554,2.17425789363481,1,1,Amazon,"Carrer de Trafalgar, 3",Amazon Lockers - Araoz,True,False,False,False,False,False,False,False,1,Locker only,1,Single record,0.0,1,High,False
barcelona,BAR_LOC_000552,41.3856638323353,2.15684319302422,1,1,Amazon,"C. de Villarroel, 106",Amazon Lockers - Agredo,True,False,False,False,False,False,False,False,1,Locker only,1,Single record,0.0,1,High,False
barcelona,BAR_LOC_000553,41.3835764401797,2.15942674890028,1,1,Amazon,"C. de Villarroel, 58",Amazon Counter - 313 Casa De Moviles,False,False,False,False,False,False,True,False,5,Convenience Store only,1,Single record,0.0,1,High,False
barcelona,BAR_LOC_000554,41.3850905327323,2.16294968227435,1,1,Amazon,"Gran Via de les Corts Catalanes, 584",Amazon Lockers - Cardoner,True,False,False,False,False,False,False,False,1,Locker only,1,Single record,0.0,1,High,False
barcelona,BAR_LOC_000555,41.3858842352014,2.16265880568721,1,1,Amazon,"Carrer d'Aribau, 1",Amazon Lockers - Araguas,True,False,False,False,False,False,False,False,1,Locker only,1,Single record,0.0,1,High,False
barcelona,BAR_LOC_000556,41.383053270152,2.16329682531276,1,1,Amazon,"Rda. de Sant Antoni, 39",Amazon Lockers - Agon,True,False,False,False,False,False,False,False,1,Locker only,1,Single record,0.0,1,High,False
barcelona,BAR_LOC_000557,41.38724614527075,2.156883173133915,2,2,Amazon | Ctt Express,"Carrer de Casanova, 96",Amazon Counter - Right Way Mobile | Right Way Mobile,False,False,False,False,False,False,True,False,5,Convenience Store only,3,"Multiple companies, single service",2.53,1,High,False
barcelona,BAR_LOC_000558,41.40528860023735,2.153768130885665,2,2,Amazon | Ctt Express,"Carrer del Torrent de l'Olla, 177",Amazon Counter - Tenbei Concept | Tenbei Concept,False,False,False,False,False,False,True,False,5,Convenience Store only,3,"Multiple companies, single service",4.0,1,High,False
barcelona,BAR_LOC_000559,41.4020981302428,2.15800912523177,1,1,Amazon,"Travessera de Gràcia, 171",Amazon Lockers - Rivilla,True,False,False,False,False,False,False,False,1,Locker only,1,Single record,0.0,1,High,False
barcelona,BAR_LOC_000560,41.405437471428556,2.1508194863680004,2,2,Amazon | Ctt Express,"Carrer Gran de Gràcia, 235",Amazon Counter - Raza Phone | Raza Phone,False,False,False,False,False,False,True,False,5,Convenience Store only,3,"Multiple companies, single service",2.69,1,High,False
barcelona,BAR_LOC_000561,41.40428746415665,2.1518715809727302,2,2,Amazon | SEUR,"Carrer Gran de Gràcia, 216",Amazon Counter - Bon Supermarket | Bon Supermarket,False,False,False,False,False,False,True,False,5,Convenience Store only,3,"Multiple companies, single service",5.2,1,High,False
barcelona,BAR_LOC_000562,41.4005081019115,2.15726019234055,1,1,Amazon,"Plaça de la Vila de Gràcia, 14",Amazon Lockers - Completo,True,False,False,False,False,False,False,False,1,Locker only,1,Single record,0.0,1,High,False
barcelona,BAR_LOC_000563,41.4020029376048,2.16064137839976,1,1,Amazon,"Carrer de Siracusa, 39-51",Amazon Lockers - Heracles,True,False,False,False,False,False,False,False,1,Locker only,1,Single record,0.0,1,High,False
barcelona,BAR_LOC_000564,41.4036998248327,2.15231468885959,1,1,Amazon,"Carrer Gran de Gràcia, 190 - 192",Amazon Lockers - Faustball,True,False,False,False,False,False,False,False,1,Locker only,1,Single record,0.0,1,High,False
barcelona,BAR_LOC_000565,41.3978730077835,2.18123699234022,1,1,Amazon,"Carrer de Sardenya, 200",Amazon Lockers - Cipera,True,False,False,False,False,False,False,False,1,Locker only,1,Single record,0.0,1,High,False
barcelona,BAR_LOC_000566,41.3985651728321,2.18171399491622,1,1,Amazon,"Carrer de la Marina, 153",Amazon Lockers - Abril,True,False,False,False,False,False,False,False,1,Locker only,1,Single record,0.0,1,High,False
barcelona,BAR_LOC_000567,41.3968572065505,2.17742999298788,1,1,Amazon,"Gran Via de les Corts Catalanes, 685",Amazon Lockers - Almeida,True,False,False,False,False,False,False,False,1,Locker only,1,Single record,0.0,1,High,False
barcelona,BAR_LOC_000568,41.3949616805877,2.18251968518556,1,1,Amazon,"Carrer d'Alí Bei, 54",Amazon Lockers - Tã©,True,False,False,False,False,False,False,False,1,Locker only,1,Single record,0.0,1,High,False
barcelona,BAR_LOC_000569,41.3759162567401,2.17108849233901,1,1,Amazon,"Carrer Nou de la Rambla, 93",Amazon Lockers - Arrabali,True,False,False,False,False,False,False,False,1,Locker only,1,Single record,0.0,1,High,False
barcelona,BAR_LOC_000570,41.4025632608455,2.17781888634325,1,1,Amazon,"C/ de Aragón, Carrer d'Aragó, 439",Amazon Lockers - Santamarina,True,False,False,False,False,False,False,False,1,Locker only,1,Single record,0.0,1,High,False
barcelona,BAR_LOC_000571,41.3993343720073,2.18331316764565,1,1,Amazon,"Carrer de Casp, 171",Amazon Counter - Condis El Teu Super,False,False,False,False,False,False,True,False,5,Convenience Store only,1,Single record,0.0,1,High,False
barcelona,BAR_LOC_000572,41.3988942649877,2.17822168452838,1,1,Amazon,"Carrer de la Diputació, 398",Amazon Lockers - Arnay,True,False,False,False,False,False,False,False,1,Locker only,1,Single record,0.0,1,High,False
barcelona,BAR_LOC_000573,41.3944699576593,2.17938393289695,2,2,Amazon | SEUR,"Carrer d'Ausiàs Marc, 77",Amazon Counter - Etalon Plus | Etalonplus,False,False,False,False,False,False,True,False,5,Convenience Store only,3,"Multiple companies, single service",5.24,1,High,False
barcelona,BAR_LOC_000574,41.3993691775999,2.1804337278495933,3,3,Amazon | Celeritas | UPS,"Gran Via de les Corts Catalanes, 743",Amazon Lockers - Auca | Budda Coffee,True,False,False,False,False,False,True,False,7,Multiple services,4,"Multiple companies, multiple services",42.17,3,Review,True
barcelona,BAR_LOC_000575,41.4038338175038,2.17585769362184,1,1,Amazon,"Carrer de Mallorca, 422",Amazon Lockers - Sansaloni,True,False,False,False,False,False,False,False,1,Locker only,1,Single record,0.0,1,High,False
barcelona,BAR_LOC_000576,41.39974500921775,2.176454138439115,2,2,Amazon | SEUR,"C/ de Sicília, 240",L'estanc De Sicilia Bcn 2 | Seur - L'estanc De Sicilia Bcn 2,False,False,False,False,False,False,True,False,5,Convenience Store only,3,"Multiple companies, single service",13.45,1,High,False
barcelona,BAR_LOC_000577,41.3971918765473,2.18464378387517,1,1,Amazon,"Carrer de la Marina, 128",Amazon Counter - Tohpa Supermercat,False,False,False,False,False,False,True,False,5,Convenience Store only,1,Single record,0.0,1,High,False
barcelona,BAR_LOC_000578,41.4008741116139,2.1844889016265148,2,2,Amazon | Ctt Express,"C. de Ribes, 91",Amazon Counter - Asl. Reformas | Asl. Reformas,False,False,False,False,False,False,True,False,5,Convenience Store only,3,"Multiple companies, single service",2.53,1,High,False
barcelona,BAR_LOC_000579,41.3773963063771,2.14660397776027,1,1,Amazon,"Carrer de Tarragona, 123",Amazon Lockers - Brumoso,True,False,False,False,False,False,False,False,1,Locker only,1,Single record,0.0,1,High,False
barcelona,BAR_LOC_000580,41.3783730523366,2.14245869298703,1,1,Amazon,"C/ del Rector Triadó, 69",Amazon Lockers - Nodar,True,False,False,False,False,False,False,False,1,Locker only,1,Single record,0.0,1,High,False
barcelona,BAR_LOC_000581,41.3750131115976,2.14785749330838,1,1,Amazon,"Pl. d'Espanya, 5",Amazon Lockers - Abaitua,True,False,False,False,False,False,False,False,1,Locker only,1,Single record,0.0,1,High,False
barcelona,BAR_LOC_000582,41.3756216199228,2.14359178094893,1,1,Amazon,"Carrer de la Creu Coberta, 88",Amazon Lockers - Sarri,True,False,False,False,False,False,False,False,1,Locker only,1,Single record,0.0,1,High,False
barcelona,BAR_LOC_000583,41.3821371947504,2.14878939109927,1,1,Amazon,"Carrer de València, 49",Amazon Lockers - Lidia,True,False,False,False,False,False,False,False,1,Locker only,1,Single record,0.0,1,High,False
barcelona,BAR_LOC_000584,41.3838045400801,2.15155314855542,1,1,Amazon,"Carrer de València, 122",Amazon Lockers - Alpiste,True,False,False,False,False,False,False,False,1,Locker only,1,Single record,0.0,1,High,False
barcelona,BAR_LOC_000585,41.380704091900704,2.15199636366355,3,3,Amazon | SEUR | UPS,"C/ de Rocafort, 108",Amazon Counter - Lyon Express | Lion Expres | Lyon Express,False,False,False,False,False,False,True,False,5,Convenience Store only,3,"Multiple companies, single service",21.62,2,Medium,False
barcelona,BAR_LOC_000586,41.3801537508069,2.14839166668308,1,1,Amazon,"Carrer d'Aragó, 41",Amazon Counter - Movil Plus,False,False,False,False,False,False,True,False,5,Convenience Store only,1,Single record,0.0,1,High,False
barcelona,BAR_LOC_000587,41.4422168522615,2.18058130601541,1,1,Amazon,"Carrer d'Argullós, 99",Amazon Lockers - Almunia,True,False,False,False,False,False,False,False,1,Locker only,1,Single record,0.0,1,High,False
barcelona,BAR_LOC_000588,41.44168877392165,2.182327256898365,2,2,Amazon | SEUR,"Carrer del Vinyar, 13",Libreria Papeleria Papiro | Seur - Libreria Papeleria Papiro,False,False,False,False,False,False,True,False,5,Convenience Store only,3,"Multiple companies, single service",19.99,2,Medium,False
barcelona,BAR_LOC_000589,41.44079167129306,2.1826415475092142,5,4,Amazon | Dhl | SEUR | UPS,"Carrer d'Argullós, 45 | Carrer d'Argullós, 45, Bj local 2 | Carrer d'Argullós, 45, Bj local 3",Al Noor Mobils | Amazon Counter - Al Noor Mobils | Full-Al Noor Mobils | Seur - Al Noor Mobils,False,False,False,False,False,False,True,False,5,Convenience Store only,3,"Multiple companies, single service",28.69,2,Medium,False
barcelona,BAR_LOC_000590,41.443878818383155,2.181451338501355,2,2,Amazon | SEUR,"Carrer de Pablo Iglesias, 29",Afan Mobile House | Amazon Counter - Afan Mobile House.,False,False,False,False,False,False,True,False,5,Convenience Store only,3,"Multiple companies, single service",26.02,2,Medium,False
barcelona,BAR_LOC_000591,41.4456193286466,2.18289010665461,1,1,Amazon,"Carrer de Pablo Iglesias, 95",Amazon Counter - La B DroguerãA,False,False,False,False,False,False,True,False,5,Convenience Store only,1,Single record,0.0,1,High,False
barcelona,BAR_LOC_000592,41.4438660004318,2.18116546886367,1,1,Amazon,"Carrer del Pou, 36",Amazon Counter - Trinitat Telecom S.L,False,False,False,False,False,False,True,False,5,Convenience Store only,1,Single record,0.0,1,High,False
barcelona,BAR_LOC_000593,41.4446054884681,2.18543146410792,1,1,Amazon,"Carrer de la Flor de Neu, 18",Amazon Counter - Iqbal Alimentacion,False,False,False,False,False,False,True,False,5,Convenience Store only,1,Single record,0.0,1,High,False
barcelona,BAR_LOC_000594,41.44544671414005,2.1831035883088,2,2,Amazon | Ctt Express,"Carrer de Pablo Iglesias, 98",Amazon Counter - Sarim Moviles | Sarim Moviles,False,False,False,False,False,False,True,False,5,Convenience Store only,3,"Multiple companies, single service",7.87,1,High,False
barcelona,BAR_LOC_000595,41.409254524870214,2.1926040658236814,6,5,Amazon | Celeritas | Gls | Nacex | UPS,"Carrer de Sant Joan de Malta, 47 | Carrer de Sant Joan de Malta, 49 | Carrer de Sant Joan de Malta, 51",Amazon Lockers - Sandalinas | Ps Quiosc Ferran | Quiosc Ferran | Quiosco Ferran | Usp- Amazon Counter - Quiosc St. Joan De Malta 49,True,False,False,False,False,False,True,False,7,Multiple services,4,"Multiple companies, multiple services",65.91,3,Review,True
barcelona,BAR_LOC_000596,41.4087720374426,2.18943910537021,1,1,Amazon,"Carrer de Rossend Nobas, 25-27",Amazon Lockers - Philadelphia,True,False,False,False,False,False,False,False,1,Locker only,1,Single record,0.0,1,High,False
barcelona,BAR_LOC_000597,41.41389298554215,2.1937167255231502,2,1,Amazon,"Rambla de Guipúscoa, 16",Amazon Lockers - Belhez,True,False,False,False,False,False,False,False,1,Locker only,2,"Same company, multiple records",28.85,2,Medium,False
barcelona,BAR_LOC_000598,41.4126501573938,2.190454263975115,2,2,Amazon | UPS,"C. de las Navas de Tolosa, 249 | Carrer de las Navas de Tolosa, 249",Amazon Counter - Mr Usby | Mr Usby Navas De Tolosa,False,False,False,False,False,False,True,False,5,Convenience Store only,3,"Multiple companies, single service",14.24,1,High,False
barcelona,BAR_LOC_000599,41.4082227341462,2.18851517493703,1,1,Amazon,"Plaça de Font i Sagué, 3",Amazon Lockers - Rivadas,True,False,False,False,False,False,False,False,1,Locker only,1,Single record,0.0,1,High,False
barcelona,BAR_LOC_000600,41.4138026501598,2.19409307872017,1,1,Amazon,"C. de Espronceda, 268",Amazon Lockers - Caldear,True,False,False,False,False,False,False,False,1,Locker only,1,Single record,0.0,1,High,False
barcelona,BAR_LOC_000601,41.413386750932,2.19679503650332,1,1,Amazon,"Carrer de Bac de Roda, 180",Amazon Lockers - Perth,True,False,False,False,False,False,False,False,1,Locker only,1,Single record,0.0,1,High,False
barcelona,BAR_LOC_000602,41.40888142134497,2.1857155530346675,4,3,Amazon | SEUR | UPS,"Carrer de Rogent, 13",Amazon Counter - Bol Mobil 2 | Bol Mobil2 | Full-Bol Mobils 2 | Seur - Bol Mobil2,False,False,False,False,False,False,True,False,5,Convenience Store only,3,"Multiple companies, single service",20.52,2,Medium,False
barcelona,BAR_LOC_000603,41.4111187409524,2.18553413145653,1,1,Amazon,"Carrer de Mallorca, 604",Amazon Lockers - Allande,True,False,False,False,False,False,False,False,1,Locker only,1,Single record,0.0,1,High,False
barcelona,BAR_LOC_000604,41.420718203560995,2.18640241935309,2,1,Amazon,"Carrer de Felip II, 77",Amazon Lockers - Rozario,True,False,False,False,False,False,False,False,1,Locker only,2,"Same company, multiple records",7.38,1,High,False
barcelona,BAR_LOC_000605,41.41158979223995,2.19020140441196,2,2,Amazon | UPS,"Calle Aragon 643 | Carrer d'Aragó, 643",Amazon Lockers - Atoleria | Mail Boxes Etc. 0277,True,False,False,False,False,False,True,False,7,Multiple services,4,"Multiple companies, multiple services",5.37,1,High,False
barcelona,BAR_LOC_000606,41.4144654333088,2.18741890473002,1,1,Amazon,"Carrer de Múrcia, 1",Amazon Lockers - Isaias,True,False,False,False,False,False,False,False,1,Locker only,1,Single record,0.0,1,High,False
barcelona,BAR_LOC_000607,41.4097116213646,2.21568669331371,1,1,Amazon,"Av. Diagonal, 9",Amazon Lockers - Didac,True,False,False,False,False,False,False,False,1,Locker only,1,Single record,0.0,1,High,False
barcelona,BAR_LOC_000608,41.406933895853,2.20633602077677,1,1,Amazon,"Carrer de Bac de Roda, 66",Amazon Lockers - Ardil,True,False,False,False,False,False,False,False,1,Locker only,1,Single record,0.0,1,High,False
barcelona,BAR_LOC_000609,41.414699770488,2.2165548634567,1,1,Amazon,"C/ de Alfonso el Magnánimo, 19",Amazon Lockers - Periodico,True,False,False,False,False,False,False,False,1,Locker only,1,Single record,0.0,1,High,False
barcelona,BAR_LOC_000610,41.4132587685007,2.20589724620045,1,1,Amazon,"Carrer de Pere IV, 440",Amazon Locker - Cabrero Bp,True,False,False,False,False,False,False,False,1,Locker only,1,Single record,0.0,1,High,False
barcelona,BAR_LOC_000611,41.4170640067254,2.20030185976695,1,1,Amazon,"C. del Concilio de Trento, 182",Amazon Counter - Shaban Locutorio,False,False,False,False,False,False,True,False,5,Convenience Store only,1,Single record,0.0,1,High,False
barcelona,BAR_LOC_000612,41.41397262932185,2.2158414952217598,2,2,Amazon | Ctt Express,"Rambla de Prim, 45",Amazon Lockers - Angelova | Mobile House.,True,False,False,False,False,False,True,False,7,Multiple services,4,"Multiple companies, multiple services",46.75,3,Review,True
barcelona,BAR_LOC_000613,41.4156949734897,2.19735276701251,1,1,Amazon,"C. del Concilio de Trento, 119",Amazon Lockers - Alberch,True,False,False,False,False,False,False,False,1,Locker only,1,Single record,0.0,1,High,False
barcelona,BAR_LOC_000614,39.4876081907508,-0.358324920525274,1,1,Amazon,"Carrer de la Rbla., 26",Amazon Lockers - Riverol,True,False,False,False,False,False,False,False,1,Locker only,1,Single record,0.0,1,High,False
barcelona,BAR_LOC_000615,41.4182478996483,2.19882443554037,1,1,Amazon,"Carrer del Treball, 241",Amazon Counter - Ar Mobile,False,False,False,False,False,False,True,False,5,Convenience Store only,1,Single record,0.0,1,High,False
barcelona,BAR_LOC_000616,41.414477072656,2.20050466127443,1,1,Amazon,"Gran Via de les Corts Catalanes, 1035",Amazon Lockers - Iraizoz,True,False,False,False,False,False,False,False,1,Locker only,1,Single record,0.0,1,High,False
barcelona,BAR_LOC_000617,41.4191260844951,2.19859235595433,2,2,Amazon | SEUR,"Carrer de Huelva, 102",La Tienda Scum | Seur - La Tienda Scum,False,False,False,False,False,False,True,False,5,Convenience Store only,3,"Multiple companies, single service",11.58,1,High,False
barcelona,BAR_LOC_000618,41.4222145528047,2.19908288250655,1,1,Amazon,"Carrer de Cantàbria, 52",Amazon Lockers - Alesanco,True,False,False,False,False,False,False,False,1,Locker only,1,Single record,0.0,1,High,False
barcelona,BAR_LOC_000619,41.4150259091456,2.19739684684513,1,1,Amazon,"C. del Concilio de Trento, 130",Amazon Counter - Zain Movil.,False,False,False,False,False,False,True,False,5,Convenience Store only,1,Single record,0.0,1,High,False
barcelona,BAR_LOC_000620,41.41498631754985,2.1971995168618603,2,2,Amazon | SEUR,"C. del Concilio de Trento, 126",Estanc 294 | Seur - Estanc 294,False,False,False,False,False,False,True,False,5,Convenience Store only,3,"Multiple companies, single service",4.18,1,High,False
barcelona,BAR_LOC_000621,41.41954991123699,2.202209409664786,5,4,Amazon | Ctt Express | Dhl | SEUR,"CL/CANTABRIA, NÂo22 | Carrer de Cantàbria, 22 | Carrer de Cantàbria, 26",Aziz Telefonia | Aziz Telefonia Cantabria | Kiosko De Prensa | Seur - Aziz Telefonia Cantabria,False,False,False,False,False,False,True,False,5,Convenience Store only,3,"Multiple companies, single service",58.71,3,Review,True
barcelona,BAR_LOC_000622,41.42141470386787,2.2002906972683167,3,3,Amazon | Celeritas | SEUR,"Carrer de Cantàbria, 42",Amazon Counter - Tabacs Exp. 412 Barcelona | Estanco 412,False,False,False,False,False,False,True,False,5,Convenience Store only,3,"Multiple companies, single service",40.76,3,Review,True
barcelona,BAR_LOC_000623,41.4196731459353,2.19574146916689,1,1,Amazon,"Carrer de Menorca, 19",Citypaq Lockerss-Carrefour Market,True,False,False,False,False,False,False,False,1,Locker only,1,Single record,0.0,1,High,False
barcelona,BAR_LOC_000624,41.3936222917372,2.14196565334194,1,1,Amazon,"Carrer del Mestre Nicolau, 13",Usp-Amazon Counter - Quiosc Premsa Mestre Nicolau,False,False,False,False,False,False,True,False,5,Convenience Store only,1,Single record,0.0,1,High,False
barcelona,BAR_LOC_000625,41.3940600688184,2.1422746891266,1,1,Amazon,"Carrer del Mestre Nicolau, 15",Amazon Lockers - Albet,True,False,False,False,False,False,False,False,1,Locker only,1,Single record,0.0,1,High,False
barcelona,BAR_LOC_000626,41.39452861684643,2.14656877130114,3,3,Amazon | Pudo | SEUR,"Travessera de Gràcia, 17","Amazon Lockers - Harare | Parking Saba Travessera, 17-21 | Seur Lockers Pkn Saba Trav",True,False,True,False,False,False,False,False,7,Multiple services,4,"Multiple companies, multiple services",23.26,2,Medium,False
barcelona,BAR_LOC_000627,41.3934681724392,2.143034040288625,2,2,Amazon | UPS,Av. de Pau Casals,Amazon Lockers - Indianapolis | P Taquilla Saba Pau Casals,True,False,False,False,False,False,True,False,7,Multiple services,4,"Multiple companies, multiple services",2.68,1,High,False
barcelona,BAR_LOC_000628,41.3952985390058,2.13754268386564,1,1,Amazon,"Carrer de Ganduxer, 31",Usp-Amazon Counter - Llibreria Lore,False,False,False,False,False,False,True,False,5,Convenience Store only,1,Single record,0.0,1,High,False
barcelona,BAR_LOC_000629,41.39564031079803,2.1482850456656575,4,4,Amazon | Pudo | SEUR | UPS,"Travessera de Gràcia, 43",Amazon Lockers - Hades | P Taquilla Saba Trav Gracia 43 | Saba Travessera De Gracia 43 | Seur Lockers Saba Travesse,True,False,True,False,False,False,True,False,7,Multiple services,4,"Multiple companies, multiple services",16.65,2,Medium,False
barcelona,BAR_LOC_000630,41.3979037994617,2.14480020906804,1,1,Amazon,"C. de Muntaner, 329",Amazon Lockers - Aioanei,True,False,False,False,False,False,False,False,1,Locker only,1,Single record,0.0,1,High,False
barcelona,BAR_LOC_000631,41.4052065724113,2.132753301718145,4,4,Amazon | Pudo | SEUR | UPS,"Carrer de Bigai, 6 | Carrer de Bigai, 6, Sarrià-Sant Gervasi",Amazon Lockers - Abando | Caprabo Bigay | P Taquilla Caprabo Bigay | Seur Lockers Caprabo Bigai,True,False,True,False,False,False,True,False,7,Multiple services,4,"Multiple companies, multiple services",21.6,2,Medium,False
barcelona,BAR_LOC_000632,41.401111348507,2.13326526377799,1,1,Amazon,"Carrer de Josep Balari, 2",Amazon Lockers - Eucalipto,True,False,False,False,False,False,False,False,1,Locker only,1,Single record,0.0,1,High,False
barcelona,BAR_LOC_000633,41.4061947812322,2.13840129934717,1,1,Amazon,"Pl. de Joaquim Folguera, 6",Amazon Lockers - Afkir,True,False,False,False,False,False,False,False,1,Locker only,1,Single record,0.0,1,High,False
barcelona,BAR_LOC_000634,41.4088494028162,2.13587586864137,1,1,Amazon,"Carrer de Folgueroles, 15",Amazon Lockers - Arahal,True,False,False,False,False,False,False,False,1,Locker only,1,Single record,0.0,1,High,False
barcelona,BAR_LOC_000635,41.408116945419835,2.1379240017089134,3,3,Amazon | Correos | Mail Boxes Etc,"Calle de Balmes, 415 | Calle de Balmes, 421 | Car. Balmes 421",BARCELONA SUC 6. SANT GERVASI | Correos - Barcelona Suc 6. Sant Gervasi | MBE 0076,True,True,False,False,False,False,True,False,3,Locker and PUDO,4,"Multiple companies, multiple services",19.44,2,Medium,False
barcelona,BAR_LOC_000636,41.40469905918005,2.1358481505338496,2,2,Amazon | SEUR,"C. de Muntaner, 537",Puericultura Paz Mare | Seur - Puericultura Paz Mare,False,False,False,False,False,False,True,False,5,Convenience Store only,3,"Multiple companies, single service",1.75,1,High,False
barcelona,BAR_LOC_000637,41.41344659685235,2.1379378883741147,2,2,Amazon | Ctt Express,"Pg. de St. Gervasi, 84",Amazon Counter - Rs Mobil Wifi | Rs Mobil Wifi,False,False,False,False,False,False,True,False,5,Convenience Store only,3,"Multiple companies, single service",13.02,1,High,False
barcelona,BAR_LOC_000638,41.4045447729169,2.136345294654065,2,2,Amazon | Ctt Express,"C. de Muntaner, 516",Amazon Counter - Icircuit Bcn | Icircuit Bcn,False,False,False,False,False,False,True,False,5,Convenience Store only,3,"Multiple companies, single service",8.49,1,High,False
barcelona,BAR_LOC_000639,41.4057709854172,2.14269037744307,1,1,Amazon,"Ronda del General Mitre, 203",Amazon Lockers - Plutonio,True,False,False,False,False,False,False,False,1,Locker only,1,Single record,0.0,1,High,False
barcelona,BAR_LOC_000640,41.4123253767686,2.14005504792355,1,1,Amazon,"Av. de la República Argentina, 233",Amazon Lockers - Shabbir,True,False,False,False,False,False,False,False,1,Locker only,1,Single record,0.0,1,High,False
barcelona,BAR_LOC_000641,41.4116570165482,2.14502496442633,1,1,Amazon,"Av. de la República Argentina, 110",Amazon Lockers - Abajas,True,False,False,False,False,False,False,False,1,Locker only,1,Single record,0.0,1,High,False
barcelona,BAR_LOC_000642,41.40741603678392,2.145388116418645,4,4,Amazon | Pudo | SEUR | UPS,"Carrer d'Escipió, 22",Amazon Lockers - Arrinda | P Taquilla Caprabo Escipio | Seur Lockers Caprabo Escip | Sup. Caprabo Escipió,True,False,True,False,False,False,True,False,7,Multiple services,4,"Multiple companies, multiple services",28.42,2,Medium,False
barcelona,BAR_LOC_000643,41.4062664090615,2.14975184291226,1,1,Amazon,"Plaza de Lesseps, 31",Amazon Lockers - Cerruma,True,False,False,False,False,False,False,False,1,Locker only,1,Single record,0.0,1,High,False
barcelona,BAR_LOC_000644,41.4156074134397,2.16641807932351,1,1,Amazon,"Plaça de la Font Castellana, 3",Amazon Lockers - Almansa,True,False,False,False,False,False,False,False,1,Locker only,1,Single record,0.0,1,High,False
barcelona,BAR_LOC_000645,41.4146470181108,2.16422689047323,1,1,Amazon,"Av. de la Mare de Déu de Montserrat, 60",Amazon Counter - Montserrat Telefonia,False,False,False,False,False,False,True,False,5,Convenience Store only,1,Single record,0.0,1,High,False
barcelona,BAR_LOC_000646,41.4153379558954,2.16559815256704,1,1,Amazon,"Av. de la Mare de Déu de Montserrat, 87",Amazon Lockers - Saturnino,True,False,False,False,False,False,False,False,1,Locker only,1,Single record,0.0,1,High,False
barcelona,BAR_LOC_000647,41.4145769652207,2.16244964586599,1,1,Amazon,"Av. de la Mare de Déu de Montserrat, 33",Amazon Counter - Mobile Zone,False,False,False,False,False,False,True,False,5,Convenience Store only,1,Single record,0.0,1,High,False
barcelona,BAR_LOC_000648,41.41353043251205,2.160469445053165,2,2,Amazon | SEUR,"Pl. de Sanllehy, 1",Power Colors | Seur - Power Colors,False,False,False,False,False,False,True,False,5,Convenience Store only,3,"Multiple companies, single service",31.79,3,Review,True
barcelona,BAR_LOC_000649,41.41049019249408,2.1640698948595802,4,3,Amazon | Ctt Express | SEUR,"Carrer de Pi i Margall, 77 | Carrer de Sardenya, 499 | Cerdenya 499",Amazon Lockers - Armental | Llibreria Estel | Mobile Garage | Seur - Llibreria Estel,True,False,False,False,False,False,True,False,7,Multiple services,4,"Multiple companies, multiple services",56.47,3,Review,True
barcelona,BAR_LOC_000650,41.4105468940957,2.15827892999596,1,1,Amazon,"Carrer de l'Escorial, 165",Amazon Lockers - Guijas,True,False,False,False,False,False,False,False,1,Locker only,1,Single record,0.0,1,High,False
barcelona,BAR_LOC_000651,41.411093117057,2.15302897997919,1,1,Amazon,"Carrer de Sant Cugat del Vallès, 13",Amazon Lockers - Mouaroa,True,False,False,False,False,False,False,False,1,Locker only,1,Single record,0.0,1,High,False
barcelona,BAR_LOC_000652,41.41173094784355,2.164251700409205,2,2,Amazon | Ctt Express,"Carrer de Pi i Margall, 101",Libro De Oro | Usp-Amazon Counter - Llibreria Libro De Oro,False,False,False,False,False,False,True,False,5,Convenience Store only,3,"Multiple companies, single service",0.89,1,High,False
barcelona,BAR_LOC_000653,41.41214679003075,2.1601313279761847,2,2,Amazon | Correos,"Car. Pau Alsina 131 | Carrer de Pau Alsina, 131",BARCELONA SUC 2. EL GUINARDÓ | Correos - Barcelona Suc 2. El Guinardá,True,False,False,False,False,False,True,False,7,Multiple services,4,"Multiple companies, multiple services",4.82,1,High,False
barcelona,BAR_LOC_000654,41.40609899362745,2.162500526377605,2,2,Amazon | SEUR,"Carrer de l'Escorial, 1",Amazon Lockers - Lougre | Seur Lockers Bsm Placa Joa,True,False,False,False,False,False,False,False,1,Locker only,3,"Multiple companies, single service",4.54,1,High,False
barcelona,BAR_LOC_000655,41.4161304500655,2.15781285141847,1,1,Amazon,"C/ Ana Ma Matute Ausejo, 25",Amazon Lockers - Oleksandr,True,False,False,False,False,False,False,False,1,Locker only,1,Single record,0.0,1,High,False
barcelona,BAR_LOC_000656,41.4072444838807,2.17554709024372,1,1,Amazon,"C/ de Padilla, 281",Amazon Counter - Ark Mobils,False,False,False,False,False,False,True,False,5,Convenience Store only,1,Single record,0.0,1,High,False
barcelona,BAR_LOC_000657,41.4073853165043,2.173300730408015,2,2,Amazon | SEUR,"Carrer de Còrsega, 571",Amazon Counter - Nida Mobil | Nida Mobil,False,False,False,False,False,False,True,False,5,Convenience Store only,3,"Multiple companies, single service",41.2,3,Review,True
barcelona,BAR_LOC_000658,41.4099311255663,2.17677477336525,1,1,Amazon,"Carrer de Còrsega, 612",Amazon Counter - Elyntech,False,False,False,False,False,False,True,False,5,Convenience Store only,1,Single record,0.0,1,High,False
barcelona,BAR_LOC_000659,41.4047250229774,2.17236861306212,1,1,Amazon,"Carrer de Sardenya, 340",Amazon Lockers - Asenov,True,False,False,False,False,False,False,False,1,Locker only,1,Single record,0.0,1,High,False
barcelona,BAR_LOC_000660,41.4071757693861,2.17284003650274,1,1,Amazon,"Carrer de Còrsega, 567",Amazon Counter - Loveanimals Sagrada Familia,False,False,False,False,False,False,True,False,5,Convenience Store only,1,Single record,0.0,1,High,False
barcelona,BAR_LOC_000661,41.40928538295744,2.173756466538922,5,3,Amazon | Ctt Express | SEUR,"Carrer de la Indústria, 142 | Carrer de la Indústria, 147",Amazon Counter - Locutorio Gaudi.. | Amazon Counter - Super Primo | Locutorio Gaudi.. | Super Primo,False,False,False,False,False,False,True,False,5,Convenience Store only,3,"Multiple companies, single service",21.93,2,Medium,False
barcelona,BAR_LOC_000662,41.4059309333412,2.17419793332795,1,1,Amazon,"Av. de Gaudí, 25",Amazon Lockers - Sanneh,True,False,False,False,False,False,False,False,1,Locker only,1,Single record,0.0,1,High,False
barcelona,BAR_LOC_000663,41.4143444300036,2.18257797671155,1,1,Amazon,"Carrer del Freser, 126",Amazon Counter - Tabacs Freser,False,False,False,False,False,False,True,False,5,Convenience Store only,1,Single record,0.0,1,High,False
barcelona,BAR_LOC_000664,41.4098204155308,2.18450325334387,1,1,Amazon,"Carrer de Rogent, 46",Amazon Lockers - Idrovo,True,False,False,False,False,False,False,False,1,Locker only,1,Single record,0.0,1,High,False
barcelona,BAR_LOC_000665,41.410025477526304,2.1804523552278,2,2,Amazon | Correos,"Car. Independencia 333 | Carrer de la Independència, 333",BARCELONA SUC 4. INDEPENDENCIA-ROSSELLÓ | Correos - Barcelona Suc 4. Independencia-Rossellã“,True,False,False,False,False,False,True,False,7,Multiple services,4,"Multiple companies, multiple services",36.61,3,Review,True
barcelona,BAR_LOC_000666,41.4092392237854,2.1824597488765898,1,1,Amazon,"Carrer de Mallorca, 529-531",Amazon Counter - Mallorca Moviles,False,False,False,False,False,False,True,False,5,Convenience Store only,1,Single record,0.0,1,High,False
barcelona,BAR_LOC_000667,41.4256221291794,2.1874962273929,1,1,Amazon,"Carrer de les Antilles, 3",Amazon Lockers - Annapurna,True,False,False,False,False,False,False,False,1,Locker only,1,Single record,0.0,1,High,False
barcelona,BAR_LOC_000668,41.42545984912645,2.18575851172226,2,2,Amazon | SEUR,"Av. Meridiana, 319",Fotoprinton | Seur - Fotoprinton,False,False,False,False,False,False,True,False,5,Convenience Store only,3,"Multiple companies, single service",4.68,1,High,False
barcelona,BAR_LOC_000669,41.4291544869986,2.18544560980636,1,1,Amazon,"C/ de Dublín, 27",Amazon Lockers - Afonso,True,False,False,False,False,False,False,False,1,Locker only,1,Single record,0.0,1,High,False
barcelona,BAR_LOC_000670,41.4260107698612,2.18577402478703,1,1,Amazon,"Av. Meridiana, 325",Amazon Counter - Malik Moviles,False,False,False,False,False,False,True,False,5,Convenience Store only,1,Single record,0.0,1,High,False
barcelona,BAR_LOC_000671,41.425919995268245,2.188714934234195,2,2,Amazon | SEUR,"Carrer de les Antilles, 13",Kelly Style | Seur - Kelly Style,False,False,False,False,False,False,True,False,5,Convenience Store only,3,"Multiple companies, single service",18.84,2,Medium,False
barcelona,BAR_LOC_000672,41.4296493212211,2.18057786894547,1,1,Amazon,"Plaça de Garrigó, 7",Amazon Lockers - Antoran,True,False,False,False,False,False,False,False,1,Locker only,1,Single record,0.0,1,High,False
barcelona,BAR_LOC_000673,41.4252179580629,2.18405060505247,1,1,Amazon,"Carrer de Concepción Arenal, 135",Amazon Counter - Locutorio Arenal,False,False,False,False,False,False,True,False,5,Convenience Store only,1,Single record,0.0,1,High,False
barcelona,BAR_LOC_000674,41.4161684556605,2.18627110898956,1,1,Amazon,"C. de las Navas de Tolosa, 280",Amazon Lockers - Alarcos,True,False,False,False,False,False,False,False,1,Locker only,1,Single record,0.0,1,High,False
barcelona,BAR_LOC_000675,41.4153164539538,2.18039674919446,1,1,Amazon,"Pg. Maragall, 39",Amazon Lockers - Rizaldos,True,False,False,False,False,False,False,False,1,Locker only,1,Single record,0.0,1,High,False
barcelona,BAR_LOC_000676,41.4307870922211,2.17501967023652,1,1,Amazon,"Pg. de Fabra i Puig, 262",Amazon Lockers - Ruiperez,True,False,False,False,False,False,False,False,1,Locker only,1,Single record,0.0,1,High,False
barcelona,BAR_LOC_000677,41.423398326216045,2.18423291690033,2,2,Amazon | Ctt Express,"Carrer de Garcilaso, 118",Amazon Counter - Malik Moviles | Malik Moviles,False,False,False,False,False,False,True,False,5,Convenience Store only,3,"Multiple companies, single service",15.28,2,Medium,False
barcelona,BAR_LOC_000678,41.43038613446725,2.17397030713499,2,1,Amazon,"Pg. de Fabra i Puig, 229",Amazon Lockers - Carotina,True,False,False,False,False,False,False,False,1,Locker only,2,"Same company, multiple records",2.0,1,High,False
barcelona,BAR_LOC_000679,41.4282539182221,2.19060910697497,1,1,Amazon,"Carrer Gran de Sant Andreu, 11",Amazon Lockers - Praena,True,False,False,False,False,False,False,False,1,Locker only,1,Single record,0.0,1,High,False
barcelona,BAR_LOC_000680,41.4211102884234,2.18377705296555,1,1,Amazon,"Carrer de Jordi de Sant Jordi, 5",Correos - Barcelona Suc 19. Congrãˆs,False,False,False,False,False,False,True,False,5,Convenience Store only,1,Single record,0.0,1,High,False
barcelona,BAR_LOC_000681,41.4292023481409,2.1834870656954,1,1,Amazon,"Carrer de Concepción Arenal, 191",Amazon Counter - Ifi Supermercado,False,False,False,False,False,False,True,False,5,Convenience Store only,1,Single record,0.0,1,High,False
barcelona,BAR_LOC_000682,41.3855140268934,2.11788834298603,1,1,Amazon,"Carrer de Martí i Franquès, 1",Ruizroso,True,False,False,False,False,False,False,False,1,Locker only,1,Single record,0.0,1,High,False
barcelona,BAR_LOC_000683,41.3761049610248,2.12344162030128,1,1,Amazon,"Av. de Madrid, 2",Casuismo,True,False,False,False,False,False,False,False,1,Locker only,1,Single record,0.0,1,High,False
barcelona,BAR_LOC_000684,41.3818516943323,2.10709660600689,1,1,Amazon,"Av. Diagonal, 687",Conocido,True,False,False,False,False,False,False,False,1,Locker only,1,Single record,0.0,1,High,False
barcelona,BAR_LOC_000685,41.3849067379719,2.12220963260845,1,1,Amazon,"Av. de Joan XXIII, 23-25",Ghana,True,False,False,False,False,False,False,False,1,Locker only,1,Single record,0.0,1,High,False
barcelona,BAR_LOC_000686,41.385085485981,2.14553009266219,2,1,Amazon,"C/ de Rocafort, 233 | C/ de Rocafort, 234",Amazon Lockers - Rived | Usp- Amazon Counter - Quiosc Rosellã3 28-30,True,False,False,False,False,False,True,False,7,Multiple services,2,"Same company, multiple records",0.0,1,High,False
barcelona,BAR_LOC_000687,41.385828321220956,2.143113368833544,5,3,Amazon | SEUR | UPS,"Av. de Josep Tarradellas, 64 | Carrer de París, 44",Amazon Lockers - Codeo | Amazon Lockers - Dedalo | Amazon Lockers - Hefesto | P Taquilla Saba Tarradellas 2 | Seur Lockers Pkn Saba Tarr,True,False,False,False,False,False,True,False,7,Multiple services,4,"Multiple companies, multiple services",53.54,3,Review,True
barcelona,BAR_LOC_000688,41.3847089496314,2.146250968506685,2,2,Amazon | Ctt Express,"C/ de Rocafort, 225",Amazon Counter - Cyber - Movil | Cyber - Movil,False,False,False,False,False,False,True,False,5,Convenience Store only,3,"Multiple companies, single service",16.43,2,Medium,False
barcelona,BAR_LOC_000689,41.3873481180529,2.14146145524355,1,1,Amazon,"Carrer d'Entença, 246",Amazon Lockers - Almorox,True,False,False,False,False,False,False,False,1,Locker only,1,Single record,0.0,1,High,False
barcelona,BAR_LOC_000690,41.3838804784245,2.147303946043155,2,2,Amazon | Ctt Express,"C/ de Rocafort, 203",Amazon Counter - Peluqueria Bailen | Peluqueria Bailen,False,False,False,False,False,False,True,False,5,Convenience Store only,3,"Multiple companies, single service",18.45,2,Medium,False
barcelona,BAR_LOC_000691,41.4467805095274,2.19366203618588,1,1,Amazon,"Pg. de Santa Coloma, 71",Amazon Lockers - Covadonga,True,False,False,False,False,False,False,False,1,Locker only,1,Single record,0.0,1,High,False
barcelona,BAR_LOC_000692,41.4430621932556,2.2059401485622,1,1,Amazon,"Passeig de Guayaquil, 25-27",Amazon Lockers - Kilo,True,False,False,False,False,False,False,False,1,Locker only,1,Single record,0.0,1,High,False
barcelona,BAR_LOC_000693,41.4353988291879,2.19152500793628,1,1,Amazon,"Calle Segre, 22",Amazon Lockers - Armenteros,True,False,False,False,False,False,False,False,1,Locker only,1,Single record,0.0,1,High,False
barcelona,BAR_LOC_000694,41.4362220996012,2.19086169996704,1,1,Amazon,"Plaça d'Orfila, 11",Amazon Lockers - Ruenes,True,False,False,False,False,False,False,False,1,Locker only,1,Single record,0.0,1,High,False
barcelona,BAR_LOC_000695,41.4355291725982,2.18991819796992,1,1,Amazon,"Carrer Gran de Sant Andreu, 260",Amazon Lockers - Riveras,True,False,False,False,False,False,False,False,1,Locker only,1,Single record,0.0,1,High,False
barcelona,BAR_LOC_000696,41.4361525841801,2.20428252094238,1,1,Amazon,"C/ San Adrián, 136",Amazon Lockers - Acuyo,True,False,False,False,False,False,False,False,1,Locker only,1,Single record,0.0,1,High,False
barcelona,BAR_LOC_000697,41.4422929645124,2.18736519429244,1,1,Amazon,"Plaça de Mossèn Clapés, 3",Amazon Lockers - Patinete,True,False,False,False,False,False,False,False,1,Locker only,1,Single record,0.0,1,High,False
barcelona,BAR_LOC_000698,41.4398427089728,2.17503808420435,1,1,Amazon,"Plaza Lluchmajor, Via Júlia",Amazon Lockers - Cobalto,True,False,False,False,False,False,False,False,1,Locker only,1,Single record,0.0,1,High,False
barcelona,BAR_LOC_000699,41.43512428031564,2.1597330656792733,3,3,Amazon | Ctt Express | SEUR,"Carrer del Dr. Letamendi, 18",Amazon Counter - Los Pirineos | Los Pirineos,False,False,False,False,False,False,True,False,5,Convenience Store only,3,"Multiple companies, single service",16.21,2,Medium,False
barcelona,BAR_LOC_000700,41.4350495763334,2.1698453937549202,3,3,Amazon | Ctt Express | SEUR,"Pg. d'Urrutia, 92",Amazon Lockers - Helios | Quiosco,True,False,False,False,False,False,True,False,7,Multiple services,4,"Multiple companies, multiple services",56.59,3,Review,True
barcelona,BAR_LOC_000701,41.43195374446825,2.169403333924835,2,2,Amazon | UPS,"Passeig de la Peira, 41",Amazon Lockers - Allegue | Quiosco Passeig De La Peira,True,False,False,False,False,False,True,False,7,Multiple services,4,"Multiple companies, multiple services",8.0,1,High,False
barcelona,BAR_LOC_000702,41.4267551341494,2.17259479078887,1,1,Amazon,"Pg. Maragall, 242",Amazon Lockers - Talio,True,False,False,False,False,False,False,False,1,Locker only,1,Single record,0.0,1,High,False
barcelona,BAR_LOC_000703,41.4294457823071,2.1719360060133,1,1,Amazon,"Amilcar, 27. Plza. Sta. Eulalia, Carrer d'Amílcar, 27",Amazon Lockers - Quirino,True,False,False,False,False,False,False,False,1,Locker only,1,Single record,0.0,1,High,False
barcelona,BAR_LOC_000704,41.4291902829255,2.16282520601266,1,1,Amazon,"Pg. Maragall, 400",Amazon Counter - Estanc 377,False,False,False,False,False,False,True,False,5,Convenience Store only,1,Single record,0.0,1,High,False
barcelona,BAR_LOC_000705,41.4310858655101,2.16062362220482,1,1,Amazon,"Plaça d'Eivissa, 13",Amazon Lockers - Aizpeolea,True,False,False,False,False,False,False,False,1,Locker only,1,Single record,0.0,1,High,False
barcelona,BAR_LOC_000706,41.4291448825487,2.16250176378316,1,1,Amazon,"Pg. Maragall, 419",Amazon Counter - Vapeworld,False,False,False,False,False,False,True,False,5,Convenience Store only,1,Single record,0.0,1,High,False
barcelona,BAR_LOC_000707,41.3998886959813,2.1200177491924,1,1,Amazon,"Passeig de la Reina Elisenda de Montcada, 13",Amazon Lockers - Chico,True,False,False,False,False,False,False,False,1,Locker only,1,Single record,0.0,1,High,False
barcelona,BAR_LOC_000708,41.3942357859544,2.10556730012724,1,1,Amazon,"Carrer d'Arnús i de Garí, 3",Amazon Lockers - Paula,True,False,False,False,False,False,False,False,1,Locker only,1,Single record,0.0,1,High,False
barcelona,BAR_LOC_000709,41.3943390832435,2.10833269680245,1,1,Amazon,"Av. de Pearson, 18",Amazon Lockers - Macedonia,True,False,False,False,False,False,False,False,1,Locker only,1,Single record,0.0,1,High,False
barcelona,BAR_LOC_000710,41.3895585723276,2.1063048650686,1,1,Amazon,"Carrer d'Ardena, 40",Amazon Lockers - Sydney,True,False,False,False,False,False,False,False,1,Locker only,1,Single record,0.0,1,High,False
barcelona,BAR_LOC_000711,41.3900007715527,2.12856400728804,1,1,Amazon,"Carrer de Flos i Calcat, 2",Amazon Lockers - Fabada,True,False,False,False,False,False,False,False,1,Locker only,1,Single record,0.0,1,High,False
barcelona,BAR_LOC_000712,41.3889861752775,2.15159059331116,1,1,Amazon,"Carrer del Rosselló, 122",Amazon Lockers - Rocamonde,True,False,False,False,False,False,False,False,1,Locker only,1,Single record,0.0,1,High,False
barcelona,BAR_LOC_000713,41.3925231687435,2.15221316377871,1,1,Amazon,"C. de Muntaner, 182",Amazon Lockers - Electricidad,True,False,False,False,False,False,False,False,1,Locker only,1,Single record,0.0,1,High,False
barcelona,BAR_LOC_000714,41.3882458183243,2.15281125270237,1,1,Amazon,"C. de Provença, 162",Amazon Counter - Mobilink Moviles,False,False,False,False,False,False,True,False,5,Convenience Store only,1,Single record,0.0,1,High,False
barcelona,BAR_LOC_000715,41.3874607273544,2.15389643924684,1,1,Amazon,"C. de Villarroel, 153",Amazon Counter - Phone Gallery,False,False,False,False,False,False,True,False,5,Convenience Store only,1,Single record,0.0,1,High,False
barcelona,BAR_LOC_000716,41.39046976851538,2.1546763015701575,4,3,Amazon | Ctt Express | SEUR,"C. de Muntaner, 125",Amazon Counter - Maa Moviles | Maa Moviles | Seur - Maa Moviles,False,False,False,False,False,False,True,False,5,Convenience Store only,3,"Multiple companies, single service",59.58,3,Review,True
barcelona,BAR_LOC_000717,41.3920858716206,2.15209862089882,1,1,Amazon,"C. de Muntaner, 177",Amazon Lockers - Capadillo,True,False,False,False,False,False,False,False,1,Locker only,1,Single record,0.0,1,High,False
barcelona,BAR_LOC_000718,41.38873402796525,2.1506612196747,2,2,Amazon | SEUR,"Carrer del Rosselló, 145",Amazon Counter - Open Super Fresco | Open Super Fresco,False,False,False,False,False,False,True,False,5,Convenience Store only,3,"Multiple companies, single service",2.53,1,High,False
barcelona,BAR_LOC_000719,41.3872926212563,2.15293642338278,1,1,Amazon,"Carrer de Mallorca, 115",Usp- Amazon Counter - Quiosco Papel. Mallorca 115,False,False,False,False,False,False,True,False,5,Convenience Store only,1,Single record,0.0,1,High,False
barcelona,BAR_LOC_000720,41.3603669993895,2.13842347438243,1,1,Amazon,"Pg. de la Zona Franca, 181",Amazon Lockers - Camaza,True,False,False,False,False,False,False,False,1,Locker only,1,Single record,0.0,1,High,False
barcelona,BAR_LOC_000721,41.3539986214384,2.14412939140956,1,1,Amazon,"Pg. de la Zona Franca, 46",Amazon Lockers - Jaime,True,False,False,False,False,False,False,False,1,Locker only,1,Single record,0.0,1,High,False
barcelona,BAR_LOC_000722,41.4512338151418,2.19084272567197,2,2,Amazon | Ctt Express,"Carrer del Turó de la Trinitat, 56",Amazon Counter - Ayyan Mobiles. | Ayyan Mobiles,False,False,False,False,False,False,True,False,5,Convenience Store only,3,"Multiple companies, single service",3.06,1,High,False
barcelona,BAR_LOC_000723,41.45064829158875,2.190330701547235,2,2,Amazon | Ctt Express,"Carrer del Turó de la Trinitat, 41",Amazon Counter - Arkways | Arkways,False,False,False,False,False,False,True,False,5,Convenience Store only,3,"Multiple companies, single service",6.49,1,High,False
barcelona,BAR_LOC_000724,41.4517277393554,2.19014659519772,1,1,Amazon,"Carrer de Finestrelles, 26",Amazon Counter - Barber Shop Nomi,False,False,False,False,False,False,True,False,5,Convenience Store only,1,Single record,0.0,1,High,False
barcelona,BAR_LOC_000725,41.451079639801634,2.191435477925167,3,3,Amazon | Ctt Express | SEUR,"Carrer de la Mare de Déu de Lorda, 15 | Carrer de la Mare de Déu de Lorda, 17",Estanc 314 | Seur - Estanc 314 | Vielka Options,False,False,False,False,False,False,True,False,5,Convenience Store only,3,"Multiple companies, single service",6.76,1,High,False
barcelona,BAR_LOC_000726,41.4523429103807,2.19189401465037,1,1,Amazon,San Andrés de Palomar,Amazon Counter - Hamza Locutorio,False,False,False,False,False,False,True,False,5,Convenience Store only,1,Single record,0.0,1,High,False
barcelona,BAR_LOC_000727,41.4500446809804,2.19234907974905,1,1,Amazon,"Via de Bàrcino, 81",Amazon Counter - King Moviles.,False,False,False,False,False,False,True,False,5,Convenience Store only,1,Single record,0.0,1,High,False
barcelona,BAR_LOC_000728,41.4274396655986,2.1379164696490567,3,2,Amazon | SEUR,"Av. del Jordà, 20",Amazon Locker - Agueros Eroski | Seur Lockers Caprabo Jorda,True,False,False,False,False,False,False,False,1,Locker only,3,"Multiple companies, single service",40.29,3,Review,True
barcelona,BAR_LOC_000729,41.4269162653584,2.14373713593286,1,1,Amazon,"Pg. de la Vall d'Hebron, 138, 176",Amazon Locker - Gazpacho Parking Bsm,True,False,False,False,False,False,False,False,1,Locker only,1,Single record,0.0,1,High,False
barcelona,BAR_LOC_000730,41.424975022200954,2.1406108159491097,2,2,Amazon | SEUR,"C. de Judea, 3",Mister Movil | Seur - Mister Movil,False,False,False,False,False,False,True,False,5,Convenience Store only,3,"Multiple companies, single service",19.23,2,Medium,False
barcelona,BAR_LOC_000731,41.4236442020939,2.14215516096133,1,1,Amazon,"Vall d'Hebrón, 120",Amazon Locker - Carite Usp Kiosco,True,False,False,False,False,False,False,False,1,Locker only,1,Single record,0.0,1,High,False
barcelona,BAR_LOC_000732,41.4292709395816,2.1455569280974,1,1,Amazon,"Pg. de la Vall d'Hebron, 178",Amazon Locker - Albor Centro Municipal De Tennis,True,False,False,False,False,False,False,False,1,Locker only,1,Single record,0.0,1,High,False
barcelona,BAR_LOC_000733,41.4310573546375,2.14481349127811,1,1,Amazon,"Pg. de la Vall d'Hebron, 135",Amazon Locker - Abejon Usp Kios,True,False,False,False,False,False,False,False,1,Locker only,1,Single record,0.0,1,High,False
barcelona,BAR_LOC_000734,41.42335675100335,2.146000385695715,4,3,Amazon | Celeritas | Ctt Express,"Carrer d'Arenys, 82 | Plaça d'Isop, 6",Amazon Locker - Color Estanco 375 | Estanco (Arenys 82) | Supermercado,True,False,False,False,False,False,True,False,7,Multiple services,4,"Multiple companies, multiple services",66.35,3,Review,True
barcelona,BAR_LOC_000735,41.3597077875201,2.09980529466679,1,1,Amazon,"Plaça de l'Ajuntament, 9",Amazon Locker - Cotan Parking Empark,True,False,False,False,False,False,False,False,1,Locker only,1,Single record,0.0,1,High,False
barcelona,BAR_LOC_000736,41.3631438773895,2.09858523554769,1,1,Amazon,"Riera de la Creu, 66",Amazon Locker - Nairobi A Prop Express Riera De La Creu,True,False,False,False,False,False,False,False,1,Locker only,1,Single record,0.0,1,High,False
barcelona,BAR_LOC_000737,41.36201618313915,2.0964342909489497,2,2,Amazon | SEUR,"Carrer Bellavista, 33",Recambios Cazorla | Seur - Recambios Cazorla,False,False,False,False,False,False,True,False,5,Convenience Store only,3,"Multiple companies, single service",16.27,2,Medium,False
barcelona,BAR_LOC_000738,41.3635317694784,2.10475407709756,2,2,Amazon | Pudo,Av. de Josep Tarradellas i Joan,Amazon Locker - Iratxe Cc La Farga | Caprabo Barcelona 2 (La Farga),True,False,True,False,False,False,False,False,7,Multiple services,4,"Multiple companies, multiple services",19.46,2,Medium,False
barcelona,BAR_LOC_000739,41.35733220259728,2.098252620855815,4,3,Amazon | Ctt Express | SEUR,"Carrer Josep Maria de Sagarra, 36 | Carrer Josep Maria de Sagarra, 36, LOCAL 3",Amazon Counter - Luna Telefonía | Luna Telefonia | Luna Telefonía | Seur - Luna Telefonia,False,False,False,False,False,False,True,False,5,Convenience Store only,3,"Multiple companies, single service",26.8,2,Medium,False
barcelona,BAR_LOC_000740,41.3577818669826,2.09959440723474,1,1,Amazon,"Carrer Príncep de Bergara, 33",Amazon Counter - Amadis Estilistes,False,False,False,False,False,False,True,False,5,Convenience Store only,1,Single record,0.0,1,High,False
barcelona,BAR_LOC_000741,41.3600774204451,2.1010557831784,2,2,Amazon | Ctt Express,"Carrer Major, 10",Amazon Counter - Major Telefonía | Major Telefonía,False,False,False,False,False,False,True,False,5,Convenience Store only,3,"Multiple companies, single service",23.01,2,Medium,False
barcelona,BAR_LOC_000742,41.361006507148,2.10243475780798,1,1,Amazon,"LCarrer de Barcelona, 67",Amazon Locker - Enfedaque Lavaxpress,True,False,False,False,False,False,False,False,1,Locker only,1,Single record,0.0,1,High,False
barcelona,BAR_LOC_000743,41.3643403591133,2.1067427171614552,2,2,Amazon | SEUR,"Av. de Josep Tarradellas i Joan, 164",Seur - Techno Claus | Techno Claus,True,False,False,False,False,False,True,False,7,Multiple services,4,"Multiple companies, multiple services",10.24,1,High,False
barcelona,BAR_LOC_000744,41.3614523474593,2.10884826072204,1,1,Amazon,"C/ Maestro Candi, 30",Correos - L'hospitalet De Llobregat Op,True,False,False,False,False,False,False,False,1,Locker only,1,Single record,0.0,1,High,False
barcelona,BAR_LOC_000745,41.3545504719596,2.1182813956446624,4,3,Amazon | Nacex | UPS,"Av. Carmen Amaya, 22 | Avinguda Carmen Amaya, 22, L'Hospitalet de Llobregat",Amazon Counter - Estanco Loteria Gornal | Amazon Counter - Nani's | Kanguro Nanis | Panaderia Degustacion Nani`S (0841-29),False,False,False,False,False,False,True,False,5,Convenience Store only,3,"Multiple companies, single service",24.2,2,Medium,False
barcelona,BAR_LOC_000746,41.3614398359436,2.12423181025341,1,1,Amazon,"Carrer de la Independència, 112",Amazon Locker - Espatifilo Supermercado Charter,True,False,False,False,False,False,False,False,1,Locker only,1,Single record,0.0,1,High,False
barcelona,BAR_LOC_000747,41.361944831829,2.1303604436078,1,1,Amazon,"Avinguda de la Granvia de l’Hospitalet, 12",Amazon Locker - Estroncio Repsol Gran Vi,True,False,False,False,False,False,False,False,1,Locker only,1,Single record,0.0,1,High,False
barcelona,BAR_LOC_000748,41.359607177507755,2.12647839238184,2,2,Amazon | Ctt Express,"Carrer de Natzaret, 31",Amazon Counter - Sandys Bar | Sandys Bar,False,False,False,False,False,False,True,False,5,Convenience Store only,3,"Multiple companies, single service",6.19,1,High,False
barcelona,BAR_LOC_000749,41.3677890170024,2.13016937286659,1,1,Amazon,"Carrer Santa Eulàlia, 27",Amazon Locker - Neria Repsol Santa Eulalia,True,False,False,False,False,False,False,False,1,Locker only,1,Single record,0.0,1,High,False
barcelona,BAR_LOC_000750,41.3668314779759,2.124166282419015,2,2,Amazon | Pudo,"Carrer Santa Eulàlia, 135",Amazon Locker - Amoraga Eroski | Caprabo Santa Eulalia,True,False,True,False,False,False,False,False,7,Multiple services,4,"Multiple companies, multiple services",17.91,2,Medium,False
barcelona,BAR_LOC_000751,41.373414153976256,2.1229034915103853,2,2,Amazon | Ctt Express,"Carrer del Doctor Martí Julià, 77",Amazon Counter - Bismilah Agencia De Viajes | Bismilah Agencia De Viajes,False,False,False,False,False,False,True,False,5,Convenience Store only,3,"Multiple companies, single service",4.79,1,High,False
barcelona,BAR_LOC_000752,41.3711563548704,2.124225520822645,2,2,Amazon | Ctt Express,"C. de Rafael Campalans, 113",A&L Envios | Amazon Counter - A&L Envios,False,False,False,False,False,False,True,False,5,Convenience Store only,3,"Multiple companies, single service",11.36,1,High,False
barcelona,BAR_LOC_000753,41.3745430616216,2.12362422791375,1,1,Amazon,"Carrer de la Riera Blanca, 46",Amazon Locker - Crida Lavander A Autoservicio,True,False,False,False,False,False,False,False,1,Locker only,1,Single record,0.0,1,High,False
barcelona,BAR_LOC_000754,41.36977247274993,2.1253832839630475,4,3,Amazon | Ctt Express | SEUR,"C/ de Holanda, 50 | C/ de Holanda, 52",Abbottabad Locutorio | Amazon Counter - Abbottabad Locutorio | Gs Envios Holanda | Seur - Gs Envios Holanda,False,False,False,False,False,False,True,False,5,Convenience Store only,3,"Multiple companies, single service",17.24,2,Medium,False
barcelona,BAR_LOC_000755,41.36958191454007,2.1250033155471666,3,3,Amazon | Ctt Express | SEUR,"C. de Santiago Apóstol, 81",Amazon Counter - Paquetería Bello. | Paquetería Bello. | Seur Locker Buena Tinta S,True,False,False,False,False,False,True,False,7,Multiple services,4,"Multiple companies, multiple services",17.41,2,Medium,False
barcelona,BAR_LOC_000756,41.3711314472148,2.12228670790067,1,1,Amazon,"Pça. Espanyola, 15",Amazon Counter - Grupo El Paisa Mobils,False,False,False,False,False,False,True,False,5,Convenience Store only,1,Single record,0.0,1,High,False
barcelona,BAR_LOC_000757,41.371713543645,2.11790952969684,1,1,Amazon,"Carrer de Llançà, 47",Amazon Counter - Supermercat Paris,False,False,False,False,False,False,True,False,5,Convenience Store only,1,Single record,0.0,1,High,False
barcelona,BAR_LOC_000758,41.37172512320155,2.1166774159866852,2,1,Amazon,"Carrer de Vallparda, 76",Amazon Counter - S & S Envíos Y Mas | Amazon Locker - Coucheiro Envíos S&S Y Más,True,False,False,False,False,False,True,False,7,Multiple services,2,"Same company, multiple records",9.61,1,High,False
barcelona,BAR_LOC_000759,41.3704957962273,2.12133865941575,1,1,Amazon,"Carrer Llobregat, 144",Amazon Locker - Ildefonso Lavaxpress Llobregat,True,False,False,False,False,False,False,False,1,Locker only,1,Single record,0.0,1,High,False
barcelona,BAR_LOC_000760,41.37335829067857,2.1181977570495065,3,2,Amazon | Ctt Express,"Carrer de Pujós, 37 | Carrer de Pujós, 44",Amazon Counter - Shedi Café | Amazon Locker - Herena Dia | Shedi Café,True,False,False,False,False,False,True,False,7,Multiple services,4,"Multiple companies, multiple services",20.57,2,Medium,False
barcelona,BAR_LOC_000761,41.3730918266625,2.11754565331384,3,3,Amazon | Nacex | UPS,"Carrer de Pujós, 54",Amazon Counter - El Trevolet De L ́Hospittalet | El Trevolet De L`Hospittalet (0841-42) | Fnx-El Trevolet De Lhospittalet,False,False,False,False,False,False,True,False,5,Convenience Store only,3,"Multiple companies, single service",6.12,1,High,False
barcelona,BAR_LOC_000762,41.3697774681418,2.11687634016667,1,1,Amazon,"Carrer de Vallparda, 133",Amazon Counter - Locutorio Potter,False,False,False,False,False,False,True,False,5,Convenience Store only,1,Single record,0.0,1,High,False
barcelona,BAR_LOC_000763,41.3708996991268,2.12101584423749,1,1,Amazon,"Carrer del Montseny, 93",Amazon Counter - Montseny Mobiles,False,False,False,False,False,False,True,False,5,Convenience Store only,1,Single record,0.0,1,High,False
barcelona,BAR_LOC_000764,41.3723101194549,2.1140255202125653,2,2,Amazon | SEUR,"Avinguda del Torrent Gornal, 68",Mobile Experts | Seur - Mobile Experts,False,False,False,False,False,False,True,False,5,Convenience Store only,3,"Multiple companies, single service",11.33,1,High,False
barcelona,BAR_LOC_000765,41.3746084356106,2.11650799796599,1,1,Amazon,"Carrer de la Creu Roja, 20, 22",Amazon Locker - Colonia Dia,True,False,False,False,False,False,False,False,1,Locker only,1,Single record,0.0,1,High,False
barcelona,BAR_LOC_000766,41.37151962069715,2.11995580025008,2,2,Amazon | SEUR,"C Mas, 81",Gs Envios Cl Mas | Seur - Gs Envios Cl Mas,False,False,False,False,False,False,True,False,5,Convenience Store only,3,"Multiple companies, single service",13.8,1,High,False
barcelona,BAR_LOC_000767,41.3724239451236,2.12039679414692,1,1,Amazon,"C/ Llobregat, 101",Amazon Counter - Locutorio El Paisa,False,False,False,False,False,False,True,False,5,Convenience Store only,1,Single record,0.0,1,High,False
barcelona,BAR_LOC_000768,41.3732653372537,2.11389396107789,1,1,Amazon,"Cl. Cotonat, 57","Citypaq Lockers-Correos Hospitalet De Llobregat, L",True,False,False,False,False,False,False,False,1,Locker only,1,Single record,0.0,1,High,False
barcelona,BAR_LOC_000769,41.3695984114094,2.112279468680735,2,2,Amazon | Ctt Express,"Avinguda Miraflores, 6",Amazon Counter - Sose Travel | Sose Travel,False,False,False,False,False,False,True,False,5,Convenience Store only,3,"Multiple companies, single service",1.98,1,High,False
barcelona,BAR_LOC_000770,41.37048291391365,2.111112782880965,2,2,Amazon | Nacex,"Avinguda Miraflores, 24 | Carrer Jardí, 73",Amazon Counter - World Moviles | World Moviles (0841-47),False,False,False,False,False,False,True,False,5,Convenience Store only,3,"Multiple companies, single service",10.79,1,High,False
barcelona,BAR_LOC_000771,41.3688319085812,2.11624042011319,1,1,Amazon,"Avinguda del Torrent Gornal, 1",Amazon Locker - Ruizmateos Tmb - Torrassa,True,False,False,False,False,False,False,False,1,Locker only,1,Single record,0.0,1,High,False
barcelona,BAR_LOC_000772,41.3707047156819,2.11004389787998,1,1,Amazon,"Avinguda Miraflores, 37",Amazon Counter - Mega Mobiles,False,False,False,False,False,False,True,False,5,Convenience Store only,1,Single record,0.0,1,High,False
barcelona,BAR_LOC_000773,41.3710984994904,2.11283970409852,1,1,Amazon,"Calle Florida, 36",Amazon Counter - Locutorio El Paisa,False,False,False,False,False,False,True,False,5,Convenience Store only,1,Single record,0.0,1,High,False
barcelona,BAR_LOC_000774,41.3703116252585,2.11069958739455,1,1,Amazon,"Avinguda Miraflores, 27",Amazon Counter - Estrada & Asociados,False,False,False,False,False,False,True,False,5,Convenience Store only,1,Single record,0.0,1,High,False
barcelona,BAR_LOC_000775,41.369104014460845,2.109696713059145,2,2,Amazon | Ctt Express,"Carrer Menorca, 6",Amazon Counter - Global Express | Global Express,False,False,False,False,False,False,True,False,5,Convenience Store only,3,"Multiple companies, single service",6.93,1,High,False
barcelona,BAR_LOC_000776,41.371597426996,2.10946504516363,1,1,Amazon,"Avinguda Miraflores, 44",Amazon Counter - Rk Mobils,False,False,False,False,False,False,True,False,5,Convenience Store only,1,Single record,0.0,1,High,False
barcelona,BAR_LOC_000777,41.3704404640309,2.11302856880294,1,1,Amazon,"Carrer de les Muses, 31",Amazon Counter - La Casa Del Movil,False,False,False,False,False,False,True,False,5,Convenience Store only,1,Single record,0.0,1,High,False
barcelona,BAR_LOC_000778,41.3696766437479,2.11404292460839,2,2,Amazon | Ctt Express,"C. de la Alegría, 45",Amazon Counter - Global De Envios Hn 504 | Global De Envios Hn 504,False,False,False,False,False,False,True,False,5,Convenience Store only,3,"Multiple companies, single service",2.49,1,High,False
barcelona,BAR_LOC_000779,41.3719963776357,2.10814892059337,1,1,Amazon,"Avinguda Miraflores, 71",Amazon Counter - Pronto En Mano,False,False,False,False,False,False,True,False,5,Convenience Store only,1,Single record,0.0,1,High,False
barcelona,BAR_LOC_000780,41.3695218563531,2.11388238250328,1,1,Amazon,"Av. Ponent, 36",Amazon Counter - Espanya Informatica,False,False,False,False,False,False,True,False,5,Convenience Store only,1,Single record,0.0,1,High,False
barcelona,BAR_LOC_000781,41.3668736187498,2.10927544054435,1,1,Amazon,"Carrer del Llorer, 57",Amazon Counter - Bar La Penúltima,False,False,False,False,False,False,True,False,5,Convenience Store only,1,Single record,0.0,1,High,False
barcelona,BAR_LOC_000782,41.3717650775722,2.11105251017441,1,1,Amazon,"Carrer Bòbiles, 76",Amazon Counter - Soriano Sport,False,False,False,False,False,False,True,False,5,Convenience Store only,1,Single record,0.0,1,High,False
barcelona,BAR_LOC_000783,41.37093771206535,2.10371093171941,2,2,Amazon | Ctt Express,"Av. Severo Ochoa, 124",Amazon Counter - Supermercado Hospitalet | Supermercado Hospitalet,False,False,False,False,False,False,True,False,5,Convenience Store only,3,"Multiple companies, single service",13.65,1,High,False
barcelona,BAR_LOC_000784,41.3716419777544,2.10194391095656,1,1,Amazon,"Carrer Amapolas, 5",Amazon Counter - .Violett Express.,False,False,False,False,False,False,True,False,5,Convenience Store only,1,Single record,0.0,1,High,False
barcelona,BAR_LOC_000785,41.37165157751483,2.10334097802975,3,3,Amazon | Ctt Express | SEUR,"Av. Severo Ochoa, 117 | Av. Severo Ochoa, 127",Amazon Counter - Compro Oro Jaragua. | Compro Oro Jaragua. | Gs Envios Severo Ochoa,False,False,False,False,False,False,True,False,5,Convenience Store only,3,"Multiple companies, single service",9.07,1,High,False
barcelona,BAR_LOC_000786,41.372752782666254,2.102110988959085,2,2,Amazon | Ctt Express,"Av. Severo Ochoa, 91 | C. Vinaroz, 31",Amazon Counter - Al Hookaah Premium | Pulpe Oyg,False,False,False,False,False,False,True,False,5,Convenience Store only,3,"Multiple companies, single service",12.13,1,High,False
barcelona,BAR_LOC_000787,41.3716040063659,2.10075553843708,1,1,Amazon,"C. la Mina, 35",Amazon Locker - Anievas Lavaxpres,True,False,False,False,False,False,False,False,1,Locker only,1,Single record,0.0,1,High,False
barcelona,BAR_LOC_000788,41.37194549050565,2.1033695608498553,2,2,Amazon | Ctt Express,"Carrer Luarca, 4 | Carrer Luarca, 4L",Amazon Counter - Habib Mobils | Habib Mobils,False,False,False,False,False,False,True,False,5,Convenience Store only,3,"Multiple companies, single service",13.59,1,High,False
barcelona,BAR_LOC_000789,41.3733686247497,2.10179088167136,1,1,Amazon,"Av. Severo Ochoa, 79",Amazon Counter - Gerard Inter-Remesas,False,False,False,False,False,False,True,False,5,Convenience Store only,1,Single record,0.0,1,High,False
barcelona,BAR_LOC_000790,41.3680719706132,2.101977089417645,2,2,Amazon | SEUR,"C. Molino, 20 | Carrer del Molí, 20",Amazon Locker - Dacia Trasteros Can Serra | Seur Locker Trasteros Can,True,False,False,False,False,False,False,False,1,Locker only,3,"Multiple companies, single service",6.23,1,High,False
barcelona,BAR_LOC_000791,41.3738551984276,2.10559834323218,1,1,Amazon,"Carrer Mestre Serrano, 16",Amazon Counter - Ferreteria Santos,False,False,False,False,False,False,True,False,5,Convenience Store only,1,Single record,0.0,1,High,False
barcelona,BAR_LOC_000792,41.37250192991635,2.100161559278905,2,2,Amazon | Ctt Express,"Carrer de la Maladeta, 26",Amazon Counter - Universal Service . | Universal Service,False,False,False,False,False,False,True,False,5,Convenience Store only,3,"Multiple companies, single service",9.37,1,High,False
barcelona,BAR_LOC_000793,41.3712130743356,2.10132395615065,1,1,Amazon,"Carrer Amapolas, 32",Amazon Counter - Amapolas,False,False,False,False,False,False,True,False,5,Convenience Store only,1,Single record,0.0,1,High,False
barcelona,BAR_LOC_000794,41.3733110602533,2.1038046953158798,2,2,Amazon | Ctt Express,"Avinguda del Bosc, 37",Amazon Counter - Bhatti Locutorio | Bhatti Locutorio,False,False,False,False,False,False,True,False,5,Convenience Store only,3,"Multiple companies, single service",4.79,1,High,False
barcelona,BAR_LOC_000795,41.3515260875683,2.10601500798477,1,1,Amazon,"Carrer del Prat, 26",Amazon Locker - Juanjo Speed Queen,True,False,False,False,False,False,False,False,1,Locker only,1,Single record,0.0,1,High,False
barcelona,BAR_LOC_000796,41.3517769681698,2.10602255757479,2,2,Amazon | SEUR,"Carrer del Prat, 22",Multipreu | Seur - Multipreu,False,False,False,False,False,False,True,False,5,Convenience Store only,3,"Multiple companies, single service",5.64,1,High,False
barcelona,BAR_LOC_000797,41.3572214056178,2.1010150590886,1,1,Amazon,"Av. del Carrilet, 329",Amazon Locker - Marc Fgc,True,False,False,False,False,False,False,False,1,Locker only,1,Single record,0.0,1,High,False
barcelona,BAR_LOC_000798,41.3568427738494,2.10282956392319,1,1,Amazon,"Passatge de Milans, 19",Amazon Counter - Peluquería Tere,False,False,False,False,False,False,True,False,5,Convenience Store only,1,Single record,0.0,1,High,False
barcelona,BAR_LOC_000799,41.3593621020899,2.10647371036068,1,1,Amazon,"Av. del Carrilet, 269",Amazon Locker - Callador Carrilet Wash,True,False,False,False,False,False,False,False,1,Locker only,1,Single record,0.0,1,High,False
barcelona,BAR_LOC_000800,41.35747165465815,2.10204500432605,2,2,Amazon | Ctt Express,"Passatge de Milans, 4",Amazon Counter - Peluqueria Umar | Peluqueria Umar,False,False,False,False,False,False,True,False,5,Convenience Store only,3,"Multiple companies, single service",19.22,2,Medium,False
barcelona,BAR_LOC_000801,41.3565986912986,2.12778888431157,1,1,Amazon,"Pza. Europa, 21",Amazon Locker - Llach,True,False,False,False,False,False,False,False,1,Locker only,1,Single record,0.0,1,High,False
barcelona,BAR_LOC_000802,41.3806870330482,2.16933206121611,1,1,SEUR,"Carrer de Sant Rafael, 13",Seur Lockers Pkn Saba Illa,True,False,False,False,False,False,False,False,1,Locker only,1,Single record,0.0,1,High,False
barcelona,BAR_LOC_000803,41.3796662140202,2.16550874788202,1,1,SEUR,Carrer de Sant Antoni Abat,Kings Multi Services,False,False,False,False,False,False,True,False,5,Convenience Store only,1,Single record,0.0,1,High,False
barcelona,BAR_LOC_000804,41.3829035891691,2.16388044544804,1,1,SEUR,"Carrer del Tigre, 33",Mobile House,False,False,False,False,False,False,True,False,5,Convenience Store only,1,Single record,0.0,1,High,False
barcelona,BAR_LOC_000805,41.3844948908837,2.1700403279818,1,1,SEUR,"Carrer del Bonsuccés, 10",Mobile Shop,False,False,False,False,False,False,True,False,5,Convenience Store only,1,Single record,0.0,1,High,False
barcelona,BAR_LOC_000806,41.378945536878746,2.163543275820615,2,2,Celeritas | SEUR,"Rda. de Sant Pau, 80",Ikigai Kiosk | Ikigaikiosk,False,False,False,False,False,False,True,False,5,Convenience Store only,3,"Multiple companies, single service",41.73,3,Review,True
barcelona,BAR_LOC_000807,43.3709018815899,-5.83579856768834,1,1,SEUR,"Cl. Joaquín Costa, 10",Gs Envios Joaquin Costa,False,False,False,False,False,False,True,False,5,Convenience Store only,1,Single record,0.0,1,High,False
barcelona,BAR_LOC_000808,41.375544199269854,2.16905019700102,2,2,SEUR | UPS,"Carrer de l'Abat Safont, 2",P Taquilla Pk Saba Paralel | Seur Lockers Pkn Saba Para,True,False,False,False,False,False,True,False,7,Multiple services,4,"Multiple companies, multiple services",0.76,1,High,False
barcelona,BAR_LOC_000809,41.3832114564155,2.16870729943109,1,1,SEUR,"Carrer del Doctor Dou, 11",Seur Lockers Floristeria R,True,False,False,False,False,False,False,False,1,Locker only,1,Single record,0.0,1,High,False
barcelona,BAR_LOC_000810,41.3813963775972,2.18035231746009,1,1,SEUR,"Carrer Ample, 45",Bazar El So,False,False,False,False,False,False,True,False,5,Convenience Store only,1,Single record,0.0,1,High,False
barcelona,BAR_LOC_000811,41.37819985165157,2.176226553422993,3,3,Pudo | SEUR | UPS,"La Rambla, 20",P Taquilla Intpkg Las Ramblas | Parking Interparking Las Ramblas | Seur Lockers Pki Las Rambl,True,False,True,False,False,False,True,False,7,Multiple services,4,"Multiple companies, multiple services",18.62,2,Medium,False
barcelona,BAR_LOC_000812,41.3906684450236,2.18281278283543,1,1,SEUR,"Passeig de Lluís Companys, 12",Seur Lockers Saba Lluis,True,False,False,False,False,False,False,False,1,Locker only,1,Single record,0.0,1,High,False
barcelona,BAR_LOC_000813,41.3869446400933,2.17813450065677,1,1,SEUR,"Carrer dels Carders, 5",Seur Lockers Am Telefonia,True,False,False,False,False,False,False,False,1,Locker only,1,Single record,0.0,1,High,False
barcelona,BAR_LOC_000814,41.3879042870687,2.17787021827432,1,1,SEUR,"Carrer de Sant Pere Més Baix, 41",Modafhone,False,False,False,False,False,False,True,False,5,Convenience Store only,1,Single record,0.0,1,High,False
barcelona,BAR_LOC_000815,41.381830313695,2.18903473396238,1,1,SEUR,"Mercat Municipal de, Plaça de la Font, 1",Seur Lockers Caprabo Plaza,True,False,False,False,False,False,False,False,1,Locker only,1,Single record,0.0,1,High,False
barcelona,BAR_LOC_000816,41.37874036115616,2.1888363355475198,3,3,Ctt Express | Gls | SEUR,"Carrer de Pepe Rubianes, 5",Mobile Zone | Ps Mobile Zone,False,False,False,False,False,False,True,False,5,Convenience Store only,3,"Multiple companies, single service",43.16,3,Review,True
barcelona,BAR_LOC_000817,41.3749302251515,2.15534584823741,1,1,SEUR,"Av. del Paralelo, 173",Estanc Del Paralel,False,False,False,False,False,False,True,False,5,Convenience Store only,1,Single record,0.0,1,High,False
barcelona,BAR_LOC_000818,41.3868389892983,2.13192618334273,1,1,SEUR,"Plaça de la Concòrdia, 36",Mi Casa Plantas,False,False,False,False,False,False,True,False,5,Convenience Store only,1,Single record,0.0,1,High,False
barcelona,BAR_LOC_000819,41.3735044410549,2.15590361355612,1,1,SEUR,"Carrer de la Font Honrada, 35",Seur Lockers Wasin Javed,True,False,False,False,False,False,False,False,1,Locker only,1,Single record,0.0,1,High,False
barcelona,BAR_LOC_000820,41.3747463179738,2.1585074881511,1,1,SEUR,"Carrer de Ricart, 1",Chowdhury Alimentaciã3N,False,False,False,False,False,False,True,False,5,Convenience Store only,1,Single record,0.0,1,High,False
barcelona,BAR_LOC_000821,41.373446786107905,2.171827840600415,2,2,Dhl | SEUR,"Calle de Vila i Vila, 35 | Carrer de Palaudàries, 24",Seur Lockers Lidl Vila I V | Supermercat Harihar,True,False,False,False,False,False,True,False,7,Multiple services,4,"Multiple companies, multiple services",13.72,1,High,False
barcelona,BAR_LOC_000822,41.37395569687877,2.1690138670363868,3,3,Celeritas | Gls | SEUR,"Carrer Nou de la Rambla, 119 | Carrer de Piquer, 37",Haaf Medios Digitales | New Line Telecom 2 | Ps Haaf Medios Digitales,False,False,False,False,False,False,True,False,5,Convenience Store only,3,"Multiple companies, single service",22.74,2,Medium,False
barcelona,BAR_LOC_000823,41.37434908948615,2.16349782285071,2,2,Dhl | SEUR,"Carrer de Blai, 43",Combine Mobils | Combine Movil,False,False,False,False,False,False,True,False,5,Convenience Store only,3,"Multiple companies, single service",45.84,3,Review,True
barcelona,BAR_LOC_000824,41.373984343612236,2.1707687914244964,3,3,Pudo | SEUR | UPS,"Calle de Vila i Vila, 44",P Taquilla Indigo M 3 Chimenea | Parking Indigo Mata-Tres Chimeneas | Seur Lockers Pk Mata Tres,True,False,True,False,False,False,True,False,7,Multiple services,4,"Multiple companies, multiple services",20.69,2,Medium,False
barcelona,BAR_LOC_000825,41.4049350404787,2.20326751145275,1,1,SEUR,"C/ de Lope de Vega, 112",Seur Lockers Lidl Lope De,True,False,False,False,False,False,False,False,1,Locker only,1,Single record,0.0,1,High,False
barcelona,BAR_LOC_000826,41.4055448516073,2.20448504376466,1,1,SEUR,"Carrer de Pujades, 259",Foto Sprint,False,False,False,False,False,False,True,False,5,Convenience Store only,1,Single record,0.0,1,High,False
barcelona,BAR_LOC_000827,41.3978179387242,2.19478109626386,1,1,SEUR,"Carrer d'Àvila, 78",Vintage Poble Nou,False,False,False,False,False,False,True,False,5,Convenience Store only,1,Single record,0.0,1,High,False
barcelona,BAR_LOC_000828,41.4101354768788,2.16640109912396,1,1,SEUR,"Pas de la Marina, 22",Bol Mobils,False,False,False,False,False,False,True,False,5,Convenience Store only,1,Single record,0.0,1,High,False
barcelona,BAR_LOC_000829,41.3906315430194,2.19829009836505,3,3,Pudo | SEUR | UPS,"Carrer de Salvador Espriu, 61",Centre La Vila | P Taquilla Centre La Vila | Seur Lockers Centre Vila,True,False,True,False,False,False,True,False,7,Multiple services,4,"Multiple companies, multiple services",14.43,1,High,False
barcelona,BAR_LOC_000830,41.3915845700627,2.1863918818369,1,1,SEUR,"Pg. de Pujades, 131",Mobil House,False,False,False,False,False,False,True,False,5,Convenience Store only,1,Single record,0.0,1,High,False
barcelona,BAR_LOC_000831,41.4011062411041,2.14733180041751,1,1,SEUR,"Carrer d'Alfons XII, 77",Bcn Bikes,False,False,False,False,False,False,True,False,5,Convenience Store only,1,Single record,0.0,1,High,False
barcelona,BAR_LOC_000832,41.40361651999915,2.139289096578155,2,2,Pudo | SEUR,"Ronda del General Mitre, 148",Servicios InformãTicos De Barcelona | Seur Lockers Servicios Inf,True,False,True,False,False,False,False,False,7,Multiple services,4,"Multiple companies, multiple services",6.4,1,High,False
barcelona,BAR_LOC_000833,41.403752465838,2.14296832176791,1,1,SEUR,"Calle de Balmes, 346",Rk Mobile Hub,False,False,False,False,False,False,True,False,5,Convenience Store only,1,Single record,0.0,1,High,False
barcelona,BAR_LOC_000834,41.3966622193226,2.15181997509756,1,1,SEUR,"Carrer de la Granada del Penedès, 34",Estanc 150 Barcelona,False,False,False,False,False,False,True,False,5,Convenience Store only,1,Single record,0.0,1,High,False
barcelona,BAR_LOC_000835,41.40092588980135,2.151394968169045,2,2,Ctt Express | SEUR,"Vía Augusta, 76",La Casa De Los Mobiles | La Casa Del Movil,False,False,False,False,False,False,True,False,5,Convenience Store only,3,"Multiple companies, single service",38.63,3,Review,True
barcelona,BAR_LOC_000836,41.38617684034005,2.1703424928927753,2,2,Pudo | SEUR,"Pl. de Catalunya, s/n",Saba Plaza De Catalunya | Seur Lockers Saba Pza Cata,True,False,True,False,False,False,False,False,7,Multiple services,4,"Multiple companies, multiple services",7.76,1,High,False
barcelona,BAR_LOC_000837,41.3880494134457,2.16722504421157,1,1,SEUR,"Rambla de Catalunya, 13",Seur Lockers Saba Rambla,True,False,False,False,False,False,False,False,1,Locker only,1,Single record,0.0,1,High,False
barcelona,BAR_LOC_000838,41.3881988791526,2.1702684947376847,2,1,SEUR,Passeig de Gràcia s/n | Passeig de Gràcias/n,Seur Lockers Saba Gracia I | Seur Lockers Saba Gracia3,True,False,False,False,False,False,False,False,1,Locker only,2,"Same company, multiple records",14.27,1,High,False
barcelona,BAR_LOC_000839,41.3932109561156,2.16334549580149,1,1,SEUR,"Carrer de València, 270",Seur Lockers Pki Boulever,True,False,False,False,False,False,False,False,1,Locker only,1,Single record,0.0,1,High,False
barcelona,BAR_LOC_000840,41.3922477069526,2.15990622126935,1,1,SEUR,"Carrer de Mallorca, 226",Estanco 026,False,False,False,False,False,False,True,False,5,Convenience Store only,1,Single record,0.0,1,High,False
barcelona,BAR_LOC_000841,41.3946995443703,2.17407245417,1,1,SEUR,"Carrer de Bailèn, 50",Estanco N37,False,False,False,False,False,False,True,False,5,Convenience Store only,1,Single record,0.0,1,High,False
barcelona,BAR_LOC_000842,41.38929082414795,2.17580261525638,2,2,Ctt Express | SEUR,"Carrer de Trafalgar, 23",Alpha Mobile,False,False,False,False,False,False,True,False,5,Convenience Store only,3,"Multiple companies, single service",2.16,1,High,False
barcelona,BAR_LOC_000843,41.38923196102285,2.169918974395455,2,2,Pudo | SEUR,"Carrer de Casp, 13",Parking Interparking Novedades | Seur Lockers Pki Novedades,True,False,True,False,False,False,False,False,7,Multiple services,4,"Multiple companies, multiple services",6.34,1,High,False
barcelona,BAR_LOC_000844,41.3919210662729,2.17858423279003,1,1,SEUR,"Carrer d'Alí Bei, 10",Freaks,False,False,False,False,False,False,True,False,5,Convenience Store only,1,Single record,0.0,1,High,False
barcelona,BAR_LOC_000845,41.38177676499213,2.15951008427531,3,3,Pudo | SEUR | UPS,"Carrer del Comte d'Urgell, 56",P Taquilla Bypark Villur Urgel | Parking Bypark Villur-Urgel | Seur Lockers Parking Bypar,True,False,True,False,False,False,True,False,7,Multiple services,4,"Multiple companies, multiple services",3.17,1,High,False
barcelona,BAR_LOC_000846,41.3851592987175,2.15537042802895,1,1,SEUR,"Carrer del Comte d'Urgell, 130",Mobilink Moviles,False,False,False,False,False,False,True,False,5,Convenience Store only,1,Single record,0.0,1,High,False
barcelona,BAR_LOC_000847,41.3808854827056,2.16254685599963,1,1,SEUR,"C. de Villarroel, 9",Articles De Festa,False,False,False,False,False,False,True,False,5,Convenience Store only,1,Single record,0.0,1,High,False
barcelona,BAR_LOC_000848,41.3793584765546,2.16190913943435,1,1,SEUR,"Carrer del Comte d'Urgell, 1",Seur Lockers Bsm Mercat De,True,False,False,False,False,False,False,False,1,Locker only,1,Single record,0.0,1,High,False
barcelona,BAR_LOC_000849,41.381081097435,2.16225549614966,1,1,SEUR,"CL/VILLARROEL, NÂo15",Seur Lockers Parking Bolto,True,False,False,False,False,False,False,False,1,Locker only,1,Single record,0.0,1,High,False
barcelona,BAR_LOC_000850,41.399523549948,2.15495084050724,1,1,SEUR,"Travessera de Gràcia, 108",Miu Nails,False,False,False,False,False,False,True,False,5,Convenience Store only,1,Single record,0.0,1,High,False
barcelona,BAR_LOC_000851,41.3996839528196,2.15493372451572,1,1,SEUR,"Travessera de Gràcia, 112",Seur Lockers Parking Bolt,True,False,False,False,False,False,False,False,1,Locker only,1,Single record,0.0,1,High,False
barcelona,BAR_LOC_000852,41.4036991443894,2.15437850430543,1,1,SEUR,"Carrer d'Astúries, 37",Libreria Y Papeleria Alex,False,False,False,False,False,False,True,False,5,Convenience Store only,1,Single record,0.0,1,High,False
barcelona,BAR_LOC_000853,41.4022492534553,2.15714540058872,1,1,SEUR,"Plaça del Sol, 5",Seur Lockers Saba Pza Sol,True,False,False,False,False,False,False,False,1,Locker only,1,Single record,0.0,1,High,False
barcelona,BAR_LOC_000854,41.4014714270796,2.1576522251669052,2,2,Pudo | SEUR,"Travessera de Gràcia, 163",Only Vapers Travessera | Seur Lockers Only Vapers T,True,False,True,False,False,False,False,False,7,Multiple services,4,"Multiple companies, multiple services",3.37,1,High,False
barcelona,BAR_LOC_000855,41.3969322441058,2.17576269812783,1,1,SEUR,"Carrer de la Diputació, 348",Bs Tecnologia,False,False,False,False,False,False,True,False,5,Convenience Store only,1,Single record,0.0,1,High,False
barcelona,BAR_LOC_000856,41.3942982888767,2.18128032996149,1,1,SEUR,"Carrer de Nàpols, 82",Seur Lockers Bsm Estacio B,True,False,False,False,False,False,False,False,1,Locker only,1,Single record,0.0,1,High,False
barcelona,BAR_LOC_000857,41.4072416970029,2.181715043435455,2,2,Nacex | SEUR,"Carrer del dos de Maig, 239",Estanc 252 Barcelona | Estanc Barcelona Nâo 252,False,False,False,False,False,False,True,False,5,Convenience Store only,3,"Multiple companies, single service",18.9,2,Medium,False
barcelona,BAR_LOC_000858,41.3983131261874,2.17929438529442,1,1,SEUR,"Gran Via de les Corts Catalanes, 721",Seur Lockers Lidl Granvia,True,False,False,False,False,False,False,False,1,Locker only,1,Single record,0.0,1,High,False
barcelona,BAR_LOC_000859,41.40678849167415,2.180827035795785,2,2,SEUR | UPS,"C. de Cartagena, 210",P Taquilla Lidl Cartagena | Seur Lockers Lidl Cartagen,True,False,False,False,False,False,True,False,7,Multiple services,4,"Multiple companies, multiple services",28.71,2,Medium,False
barcelona,BAR_LOC_000860,41.4062822991674,2.17934932252559,1,1,SEUR,"Carrer de los Castillejos, 250",Expendiduria De Tabacos 2,False,False,False,False,False,False,True,False,5,Convenience Store only,1,Single record,0.0,1,High,False
barcelona,BAR_LOC_000861,41.4060329438552,2.1800415958008266,3,3,Dhl | Gls | SEUR,"Carrer de València, 507",Locutorio 507 | Ps Locutorio 507 | Seur Lockers Locutorio Val,True,False,False,False,False,False,True,False,7,Multiple services,4,"Multiple companies, multiple services",66.98,3,Review,True
barcelona,BAR_LOC_000862,41.3734261422705,2.14041845960273,1,1,SEUR,"Carrer de Gayarre, 57",Basar Xina,False,False,False,False,False,False,True,False,5,Convenience Store only,1,Single record,0.0,1,High,False
barcelona,BAR_LOC_000863,41.382552403347,2.13463771029354,1,1,SEUR,"Carrer de Caballero, 28",Movã­ Matica,False,False,False,False,False,False,True,False,5,Convenience Store only,1,Single record,0.0,1,High,False
barcelona,BAR_LOC_000864,41.36727423984643,2.1372489309689935,3,3,Pudo | SEUR | UPS,"Gran Via de les Corts Catalanes, 159",Lidl Can Batllo | P Taquilla Lidl Can Batllo | Seur Lockers Lidl Batllo,True,False,True,False,False,False,True,False,7,Multiple services,4,"Multiple companies, multiple services",59.96,3,Review,True
barcelona,BAR_LOC_000865,41.375888267001,2.13639163745258,1,1,SEUR,"Plaça de Sants, 12",Smart Telefonia,False,False,False,False,False,False,True,False,5,Convenience Store only,1,Single record,0.0,1,High,False
barcelona,BAR_LOC_000866,41.3829412723153,2.13845943295942,3,3,Celeritas | Nacex | SEUR,"C.de Berlín, 24",Estanc Barcelona Nâo 438 | Estanc Tabacs 438 | Expendedurã­a 438,False,False,False,False,False,False,True,False,5,Convenience Store only,3,"Multiple companies, single service",45.85,3,Review,True
barcelona,BAR_LOC_000867,41.3806532538669,2.13591643056108,1,1,SEUR,"Carrer del Vallespir, 75",La General Electrodomesti,False,False,False,False,False,False,True,False,5,Convenience Store only,1,Single record,0.0,1,High,False
barcelona,BAR_LOC_000868,41.3697751485891,2.13368960911628,1,1,SEUR,"Carrer de la Constitució, 120",Herbolario Via Natural,False,False,False,False,False,False,True,False,5,Convenience Store only,1,Single record,0.0,1,High,False
barcelona,BAR_LOC_000869,41.3713687390686,2.14339042466555,1,1,SEUR,"Gran Via de les Corts Catalanes, 265",Mobils L Y R,False,False,False,False,False,False,True,False,5,Convenience Store only,1,Single record,0.0,1,High,False
barcelona,BAR_LOC_000870,41.3777885927309,2.16017037413945,1,1,SEUR,"Carrer de Viladomat, 60",Expendeduria N78,False,False,False,False,False,False,True,False,5,Convenience Store only,1,Single record,0.0,1,High,False
barcelona,BAR_LOC_000871,41.3818821436091,2.15507990107562,1,1,SEUR,"Carrer de la Diputació, 87",Tabacs 407,False,False,False,False,False,False,True,False,5,Convenience Store only,1,Single record,0.0,1,High,False
barcelona,BAR_LOC_000872,41.37943355498684,2.15919896407138,3,3,Pudo | SEUR | UPS,"Carrer de Floridablanca, 83",Bicimarket Floridablanca | P Taquilla Bici Floridablanca | Seur Lockers Bicimarket Fl,True,False,True,False,False,False,True,False,7,Multiple services,4,"Multiple companies, multiple services",23.18,2,Medium,False
barcelona,BAR_LOC_000873,41.375513153776,2.161552226996705,2,2,Ctt Express | SEUR,"Av. del Paralelo, 128",Poble Sec Mobile,False,False,False,False,False,False,True,False,5,Convenience Store only,3,"Multiple companies, single service",25.29,2,Medium,False
barcelona,BAR_LOC_000874,41.3770867025385,2.15450496143255,1,1,SEUR,"Carrer d'Entença, 30",Casa De Movil,False,False,False,False,False,False,True,False,5,Convenience Store only,1,Single record,0.0,1,High,False
barcelona,BAR_LOC_000875,41.3800524624196,2.15108925694823,1,1,SEUR,"Calle del Consejo de Ciento, 88",Estanco 176,False,False,False,False,False,False,True,False,5,Convenience Store only,1,Single record,0.0,1,High,False
barcelona,BAR_LOC_000876,41.3765893874473,2.1619710892990254,2,2,Ctt Express | SEUR,"Carrer del Parlament, 19",Greenery,False,False,False,False,False,False,True,False,5,Convenience Store only,3,"Multiple companies, single service",19.33,2,Medium,False
barcelona,BAR_LOC_000877,41.3751155096907,2.16576087261745,1,1,SEUR,"Av. del Paralelo, 87",Gs Envios Avd Paralelo,False,False,False,False,False,False,True,False,5,Convenience Store only,1,Single record,0.0,1,High,False
barcelona,BAR_LOC_000878,41.3809423265748,2.14816470706078,1,1,SEUR,"Carrer d'Entença, 117",Quick Tech Repair,False,False,False,False,False,False,True,False,5,Convenience Store only,1,Single record,0.0,1,High,False
barcelona,BAR_LOC_000879,41.3824074811352,2.151412537328225,2,2,Ctt Express | SEUR,"Carrer d'Aragó, 99",Moviles Informatica,False,False,False,False,False,False,True,False,5,Convenience Store only,3,"Multiple companies, single service",6.07,1,High,False
barcelona,BAR_LOC_000880,41.4295008078072,2.182919221522,1,1,SEUR,"Carrer d'Escòcia, 30",Western Union,False,False,False,False,False,False,True,False,5,Convenience Store only,1,Single record,0.0,1,High,False
barcelona,BAR_LOC_000881,41.4365872335434,2.17267863828823,1,1,SEUR,"Passeig del Verdum, 10",Tinta Toner Y Telefonia,False,False,False,False,False,False,True,False,5,Convenience Store only,1,Single record,0.0,1,High,False
barcelona,BAR_LOC_000882,41.4395148182529,2.17917373555041,1,1,SEUR,"Pg. de Valldaura, 237",Estanco Linyola,False,False,False,False,False,False,True,False,5,Convenience Store only,1,Single record,0.0,1,High,False
barcelona,BAR_LOC_000883,41.4419906119262,2.17937477762162,1,1,SEUR,"Carrer de Santa Engràcia, 95",Rmultiserveis,False,False,False,False,False,False,True,False,5,Convenience Store only,1,Single record,0.0,1,High,False
barcelona,BAR_LOC_000884,41.4306807336075,2.17926938889038,1,1,SEUR,"Pg. de Fabra i Puig, 176",Seur Lockers Caprabo Fabra,True,False,False,False,False,False,False,False,1,Locker only,1,Single record,0.0,1,High,False
barcelona,BAR_LOC_000885,41.4442810215264,2.18138965139608,1,1,SEUR,"Carrer del Pou, 34",Abrish Locutorio,False,False,False,False,False,False,True,False,5,Convenience Store only,1,Single record,0.0,1,High,False
barcelona,BAR_LOC_000886,41.438795398758046,2.1780574964357253,2,2,Pudo | SEUR,"Pg. de Valldaura, 246",Mr. Remesa | Seur Lockers Mr. Remesa,True,False,True,False,False,False,False,False,7,Multiple services,4,"Multiple companies, multiple services",3.56,1,High,False
barcelona,BAR_LOC_000887,41.429675642916,2.18099426081375,1,1,SEUR,"Plaça de Garrigó, 8",El Paisa 1,False,False,False,False,False,False,True,False,5,Convenience Store only,1,Single record,0.0,1,High,False
barcelona,BAR_LOC_000888,41.432862085163,2.17375376691581,1,1,SEUR,"Carrer del Doctor Pi i Molist, 52",Dolca Temptacio,False,False,False,False,False,False,True,False,5,Convenience Store only,1,Single record,0.0,1,High,False
barcelona,BAR_LOC_000889,41.39470400088,2.1360640583734,1,1,SEUR,"Calle de las Escuelas Pías, 3",Expendeduria Barcelona 02,False,False,False,False,False,False,True,False,5,Convenience Store only,1,Single record,0.0,1,High,False
barcelona,BAR_LOC_000890,41.405065598729,2.11645290812555,1,1,SEUR,"Av. de Vallvidrera, 6",Estanco Vallvidrera,False,False,False,False,False,False,True,False,5,Convenience Store only,1,Single record,0.0,1,High,False
barcelona,BAR_LOC_000891,41.413051405322,2.10463574784684,1,1,SEUR,"Plaça de Vallvidrera, 6",Estanco Vallvidrera,False,False,False,False,False,False,True,False,5,Convenience Store only,1,Single record,0.0,1,High,False
barcelona,BAR_LOC_000892,41.393448280965,2.13244104475184,2,2,Pudo | SEUR,"C. de Ricardo Villa, 10 | Carrer de Ricardo Villa, 10",Caprabo Ricardo Villa | Seur Lockers Caprabo Ricar,True,False,True,False,False,False,False,False,7,Multiple services,4,"Multiple companies, multiple services",31.27,3,Review,True
barcelona,BAR_LOC_000893,41.3969541305494,2.12434385741625,1,1,SEUR,"Carrer Major de Sarrià, 18",Aguamarina Moda I Complem,False,False,False,False,False,False,True,False,5,Convenience Store only,1,Single record,0.0,1,High,False
barcelona,BAR_LOC_000894,41.3948344364114,2.18840360733949,1,1,SEUR,"Carrer de Pallars, 71",Viva China,False,False,False,False,False,False,True,False,5,Convenience Store only,1,Single record,0.0,1,High,False
barcelona,BAR_LOC_000895,41.4071770089195,2.18809804614262,1,1,SEUR,"Carrer del Coronel Sanfeliu, 2",Smart Phone House,False,False,False,False,False,False,True,False,5,Convenience Store only,1,Single record,0.0,1,High,False
barcelona,BAR_LOC_000896,41.4057004909733,2.19709804344044,1,1,SEUR,"Carrer de Tànger, 170",L Estanc Del 22@,False,False,False,False,False,False,True,False,5,Convenience Store only,1,Single record,0.0,1,High,False
barcelona,BAR_LOC_000897,41.4101641176129,2.1983013852291,1,1,SEUR,"C. de Espronceda, 201",Seur Lockers Comercial Ici,True,False,False,False,False,False,False,False,1,Locker only,1,Single record,0.0,1,High,False
barcelona,BAR_LOC_000898,41.4131818113761,2.194353420396375,2,2,SEUR | UPS,"C. de Espronceda, 267",Estanc Clot De La Mel,False,False,False,False,False,False,True,False,5,Convenience Store only,3,"Multiple companies, single service",19.61,2,Medium,False
barcelona,BAR_LOC_000899,41.40899427339425,2.19487651928812,2,2,Dhl | SEUR,"Gran Via de les Corts Catalanes, 938",Usman Phone House,False,False,False,False,False,False,True,False,5,Convenience Store only,3,"Multiple companies, single service",26.71,2,Medium,False
barcelona,BAR_LOC_000900,41.3906012672641,2.1848844951639,1,1,SEUR,"P.o de Pujades, 15",Seur Lockers Lidl Pujades,True,False,False,False,False,False,False,False,1,Locker only,1,Single record,0.0,1,High,False
barcelona,BAR_LOC_000901,41.4115645659786,2.21527621520679,1,1,SEUR,"C/ de Llull, 383",Estanco Llull,False,False,False,False,False,False,True,False,5,Convenience Store only,1,Single record,0.0,1,High,False
barcelona,BAR_LOC_000902,41.409842840858744,2.2166001577705,2,2,Pudo | SEUR,"Av. Diagonal, 3",C.C. Diagonal Mar | Seur Lockers Diagonal Mar,True,False,True,False,False,False,False,False,7,Multiple services,4,"Multiple companies, multiple services",4.23,1,High,False
barcelona,BAR_LOC_000903,41.407036259980444,2.2051784559238348,2,1,SEUR,"Carrer de Pallars, 343",Keyla Seguridad,False,False,False,False,False,False,True,False,5,Convenience Store only,2,"Same company, multiple records",12.43,1,High,False
barcelona,BAR_LOC_000904,41.41873174641225,2.198651936183605,2,2,Pudo | SEUR,"Carrer del Treball, 256",Lidl Treball | Seur Lockers Lidl Treball,True,False,True,False,False,False,False,False,7,Multiple services,4,"Multiple companies, multiple services",4.17,1,High,False
barcelona,BAR_LOC_000905,41.425175148822944,2.20223563219557,2,2,Celeritas | SEUR,"Rambla de Prim, 242",Libreria Alei | Papeleria Alei,False,False,False,False,False,False,True,False,5,Convenience Store only,3,"Multiple companies, single service",48.71,3,Review,True
barcelona,BAR_LOC_000906,41.4221055473812,2.20039967101261,1,1,SEUR,"Carrer de Josep Miret, 8",Seur Lockers Grover Rojas,True,False,False,False,False,False,False,False,1,Locker only,1,Single record,0.0,1,High,False
barcelona,BAR_LOC_000907,41.423096526262064,2.2060637046958966,3,3,Dhl | SEUR | UPS,"Rambla de Guipúscoa, 156",Usman Phone House 2 | Usman Phone House La Pau,False,False,False,False,False,False,True,False,5,Convenience Store only,3,"Multiple companies, single service",54.86,3,Review,True
barcelona,BAR_LOC_000908,41.4206464962502,2.210670655242025,2,2,SEUR | UPS,"CL/CORTS CATALANES, NÂo1182 | Gran Via de les Corts Catalanes, 1182",Cms Moviles | Kanguro Cms Mobiles,False,False,False,False,False,False,True,False,5,Convenience Store only,3,"Multiple companies, single service",3.34,1,High,False
barcelona,BAR_LOC_000909,41.41971441730415,2.206394257567955,2,2,Ctt Express | SEUR,"Carrer del Maresme, 202",Aziz Telefonia,False,False,False,False,False,False,True,False,5,Convenience Store only,3,"Multiple companies, single service",6.01,1,High,False
barcelona,BAR_LOC_000910,41.3921450960679,2.14000914396309,1,1,SEUR,"Av. Diagonal, 622",Seur Lockers Pki Pza Wagne,True,False,False,False,False,False,False,False,1,Locker only,1,Single record,0.0,1,High,False
barcelona,BAR_LOC_000911,41.3964183399529,2.1422621067025,1,1,SEUR,"Carrer de Calvet, 56",Proxima Movil 2,False,False,False,False,False,False,True,False,5,Convenience Store only,1,Single record,0.0,1,High,False
barcelona,BAR_LOC_000912,41.3937945306794,2.13829866783328,1,1,SEUR,"Carrer de Ganduxer, 25",Seur Lockers Pki Piscinas,True,False,False,False,False,False,False,False,1,Locker only,1,Single record,0.0,1,High,False
barcelona,BAR_LOC_000913,41.395739741283194,2.142090529962807,3,3,Pudo | SEUR | UPS,"Carrer de Calvet, 41 | Carrer de Calvet, 41 - 45 | Carrer de Calvet, 41, 45",Caprabo Calvet | P Taquilla Caprabo Calvet | Seur Lockers Caprabo Calve,True,False,True,False,False,False,True,False,7,Multiple services,4,"Multiple companies, multiple services",9.1,1,High,False
barcelona,BAR_LOC_000914,41.4009602497646,2.13976218437797,1,1,SEUR,"Carrer de Santaló, 146",El Nou Mobil,False,False,False,False,False,False,True,False,5,Convenience Store only,1,Single record,0.0,1,High,False
barcelona,BAR_LOC_000915,41.40112243570715,2.136288052431525,2,2,Ctt Express | SEUR,"Ronda del General Mitre, 104 | Ronda del General Mitre, 108",Clinic Technology | Mobil Tech.,False,False,False,False,False,False,True,False,5,Convenience Store only,3,"Multiple companies, single service",12.22,1,High,False
barcelona,BAR_LOC_000916,41.3965925076987,2.14355194683037,2,2,SEUR | UPS,"Carrer dels Madrazo, 100",P Taquilla Caprabo Madrazo | Seur Lockers Caprabo Madra,True,False,False,False,False,False,True,False,7,Multiple services,4,"Multiple companies, multiple services",46.58,3,Review,True
barcelona,BAR_LOC_000917,41.4067043251449,2.13307858743352,1,1,SEUR,"Pg. de la Bonanova, 2",Seur Lockers Bsm Placa Bon,True,False,False,False,False,False,False,False,1,Locker only,1,Single record,0.0,1,High,False
barcelona,BAR_LOC_000918,41.4023238062913,2.13576331597164,2,2,Pudo | SEUR,"Carrer de Sant Màrius, 52",Caprabo Sant Marius | Seur Lockers Caprabo Sant,True,False,True,False,False,False,False,False,7,Multiple services,4,"Multiple companies, multiple services",2.47,1,High,False
barcelona,BAR_LOC_000919,41.410022379975025,2.14642840233108,4,4,Celeritas | Ctt Express | SEUR | UPS,"Carrer d'Agramunt, 10 | Carrer d'Agramunt, 8 | Carrer d'Agramunt, 8 -10",P K Moviles | P.K Moviles | Pk Moviles,False,False,False,False,False,False,True,False,5,Convenience Store only,3,"Multiple companies, single service",21.11,2,Medium,False
barcelona,BAR_LOC_000920,41.4151608286102,2.14041855812207,3,3,Pudo | SEUR | UPS,"Carrer d'Esteve Terradas, 30",P Taquilla Intpkg Pere Virgili | Parking Interparking Parc Sanitari Pere Virgili | Seur Lockers Ipk Sanitari,True,False,True,False,False,False,True,False,7,Multiple services,4,"Multiple companies, multiple services",45.0,3,Review,True
barcelona,BAR_LOC_000921,41.405117990756,2.16223293946879,1,1,SEUR,"C/ de Ramón y Cajal, 101",Locutorio Ramon Y Cajal,False,False,False,False,False,False,True,False,5,Convenience Store only,1,Single record,0.0,1,High,False
barcelona,BAR_LOC_000922,41.4077488003944,2.1617853848145,1,1,SEUR,"Carrer de l'Encarnació, 86",Seur Lockers Caprabo Encar,True,False,False,False,False,False,False,False,1,Locker only,1,Single record,0.0,1,High,False
barcelona,BAR_LOC_000923,41.4054431861304,2.17052116504982,1,1,SEUR,"Carrer de Sardenya, 351",Sardeça Open,False,False,False,False,False,False,True,False,5,Convenience Store only,1,Single record,0.0,1,High,False
barcelona,BAR_LOC_000924,41.4088161877568,2.15993478788642,1,1,SEUR,"Carrer de l'Escorial, 119",Big Bang Colours,False,False,False,False,False,False,True,False,5,Convenience Store only,1,Single record,0.0,1,High,False
barcelona,BAR_LOC_000925,41.4048969976905,2.16265463827157,1,1,SEUR,"Travessera de Gràcia, 259",Phone World,False,False,False,False,False,False,True,False,5,Convenience Store only,1,Single record,0.0,1,High,False
barcelona,BAR_LOC_000926,41.40842325616395,2.1515486273034448,2,2,SEUR | UPS,"C/ de Travessera de Dalt, 6",Estanc 114 | Rafia Mobils,False,False,False,False,False,False,True,False,5,Convenience Store only,3,"Multiple companies, single service",16.13,2,Medium,False
barcelona,BAR_LOC_000927,41.41418528117247,2.1718060849535266,3,3,Pudo | SEUR | UPS,"Carrer del Mas Casanovas, 74 | Carrer del Mas Casanovas, Hospital Sant Pau, 74",P Taquilla Saba Hos De San Pau | Saba Hospital De San Pau | Seur Lockers Saba Hospital,True,False,True,False,False,False,True,False,7,Multiple services,4,"Multiple companies, multiple services",12.9,1,High,False
barcelona,BAR_LOC_000928,41.4114837822837,2.16817266811772,1,1,SEUR,"Carrer de Lepant, 422",Grower Brothers,False,False,False,False,False,False,True,False,5,Convenience Store only,1,Single record,0.0,1,High,False
barcelona,BAR_LOC_000929,41.4062599334884,2.17397035922145,1,1,SEUR,"Carrer del Rosselló, 410",Change Locutorio,False,False,False,False,False,False,True,False,5,Convenience Store only,1,Single record,0.0,1,High,False
barcelona,BAR_LOC_000930,41.4061820774886,2.174792191706,1,1,SEUR,"Carrer de Lepant, 312",Gs Envios Lepant,False,False,False,False,False,False,True,False,5,Convenience Store only,1,Single record,0.0,1,High,False
barcelona,BAR_LOC_000931,41.4059325843014,2.1746892726926,1,1,SEUR,"Av. de Gaudí, 22",Digital 22,False,False,False,False,False,False,True,False,5,Convenience Store only,1,Single record,0.0,1,High,False
barcelona,BAR_LOC_000932,41.4028260943298,2.1716910709643,1,1,SEUR,"C. de Provença, 393",Bets Bcn Movil,False,False,False,False,False,False,True,False,5,Convenience Store only,1,Single record,0.0,1,High,False
barcelona,BAR_LOC_000933,41.4052918870025,2.16362759626322,1,1,SEUR,"Travessera de Gràcia, 275",Euro Mobils,False,False,False,False,False,False,True,False,5,Convenience Store only,1,Single record,0.0,1,High,False
barcelona,BAR_LOC_000934,41.40675062124295,2.16709199066455,2,2,Pudo | SEUR,"C/ de Sicília, 406 | C/ de Sicília, 406-408",Seur Lockers Caprabo Sicil | Sup. Caprabo Sicilia,True,False,True,False,False,False,False,False,7,Multiple services,4,"Multiple companies, multiple services",4.25,1,High,False
barcelona,BAR_LOC_000935,41.4075974356399,2.16799429385547,1,1,SEUR,"Carrer de Sardenya, 401",Sardenya Mobils Shop,False,False,False,False,False,False,True,False,5,Convenience Store only,1,Single record,0.0,1,High,False
barcelona,BAR_LOC_000936,41.4072522098437,2.17797135435495,1,1,SEUR,"Carrer de los Castillejos, 268",Sunnel Telefonia,False,False,False,False,False,False,True,False,5,Convenience Store only,1,Single record,0.0,1,High,False
barcelona,BAR_LOC_000937,41.4092096207759,2.16825090299171,1,1,SEUR,"Carrer de la Marina, 345",Seur Lockers Bsm Marina Gr,True,False,False,False,False,False,False,False,1,Locker only,1,Single record,0.0,1,High,False
barcelona,BAR_LOC_000938,41.3936209043597,2.14529807845846,1,1,SEUR,"Travessera de Gràcia, 337",Art I Paper,False,False,False,False,False,False,True,False,5,Convenience Store only,1,Single record,0.0,1,High,False
barcelona,BAR_LOC_000939,41.4104557012344,2.176932661525485,2,2,SEUR | UPS,"Carrer de Còrsega, 643",P Taquilla Intpkg Creu Roja | Seur Lockers Ipk Creu Roja,True,False,False,False,False,False,True,False,7,Multiple services,4,"Multiple companies, multiple services",9.94,1,High,False
barcelona,BAR_LOC_000940,41.4157518053946,2.18633041548589,1,1,SEUR,"Carrer del Ripollès, 98",Totu Telefonia,False,False,False,False,False,False,True,False,5,Convenience Store only,1,Single record,0.0,1,High,False
barcelona,BAR_LOC_000941,41.4112715498847,2.18571283475263,1,1,SEUR,"Carrer de Mallorca, 602",Centro Medico Sagrada Fam,False,False,False,False,False,False,True,False,5,Convenience Store only,1,Single record,0.0,1,High,False
barcelona,BAR_LOC_000942,41.4075920949551,2.18315712964207,1,1,SEUR,"Carrer de València, 560",Outlet Viatges Encants,False,False,False,False,False,False,True,False,5,Convenience Store only,1,Single record,0.0,1,High,False
barcelona,BAR_LOC_000943,41.4157503282938,2.1889115905071,1,1,SEUR,"Carrer de Biscaia, 356",Akash Supermercat,False,False,False,False,False,False,True,False,5,Convenience Store only,1,Single record,0.0,1,High,False
barcelona,BAR_LOC_000944,41.42369968176915,2.1802097861983096,2,2,Ctt Express | SEUR,"Carrer de Garcilaso, 203",Ahad Moviles | Carniceria Amor De Reyes,False,False,False,False,False,False,True,False,5,Convenience Store only,3,"Multiple companies, single service",29.71,2,Medium,False
barcelona,BAR_LOC_000945,41.416973147548,2.18731148994853,1,1,SEUR,"Av. Meridiana, 238",Navas Telefonica,False,False,False,False,False,False,True,False,5,Convenience Store only,1,Single record,0.0,1,High,False
barcelona,BAR_LOC_000946,41.41813348975745,2.18446427785652,2,2,Pudo | SEUR,"C. de las Navas de Tolosa, 318",Lidl Navas De Tolosa | Seur Lockers Lidl Tolosa,True,False,True,False,False,False,False,False,7,Multiple services,4,"Multiple companies, multiple services",3.58,1,High,False
barcelona,BAR_LOC_000947,41.4235426053047,2.18235158466952,1,1,SEUR,"Carrer de Garcilaso, 155",Tot A 10,False,False,False,False,False,False,True,False,5,Convenience Store only,1,Single record,0.0,1,High,False
barcelona,BAR_LOC_000948,41.374345031267,2.13291791348746,1,1,SEUR,"Carrer de Sant Medir, 28",Herboristeria La Yerbera,False,False,False,False,False,False,True,False,5,Convenience Store only,1,Single record,0.0,1,High,False
barcelona,BAR_LOC_000949,41.3758883322484,2.12576877061505,1,1,SEUR,"Carrer de Sants, 300, 304",Seur Lockers Caprabo Sants,True,False,False,False,False,False,False,False,1,Locker only,1,Single record,0.0,1,High,False
barcelona,BAR_LOC_000950,41.38405698483885,2.132720138678495,2,2,Celeritas | SEUR,"Carrer de Galileu, 268",Estanc 319 | Estanco,False,False,False,False,False,False,True,False,5,Convenience Store only,3,"Multiple companies, single service",11.43,1,High,False
barcelona,BAR_LOC_000951,41.3874004261667,2.12945277434501,1,1,SEUR,"Carrer de Joan Güell, 250",Seur Lockers Pkn Saba Joan,True,False,False,False,False,False,False,False,1,Locker only,1,Single record,0.0,1,High,False
barcelona,BAR_LOC_000952,41.3771127495889,2.12385448613406,1,1,SEUR,"Pje. del Regente Mendieta, 8",Alyan Locutorio,False,False,False,False,False,False,True,False,5,Convenience Store only,1,Single record,0.0,1,High,False
barcelona,BAR_LOC_000953,41.3782726634947,2.130045832712355,2,2,Pudo | SEUR,"Rambla del Brasil, 40 | Rambla del Brasil, 40 Bis, Local 3",FloristerãA Rosistirem Ii Rambla Brasil | Seur Lockers Rosistirem Ra,True,False,True,False,False,False,False,False,7,Multiple services,4,"Multiple companies, multiple services",14.41,1,High,False
barcelona,BAR_LOC_000954,41.3761114588489,2.13220696905024,1,1,SEUR,"Riera d'Escuder, 34",Gs Envios Riera Escuder,False,False,False,False,False,False,True,False,5,Convenience Store only,1,Single record,0.0,1,High,False
barcelona,BAR_LOC_000955,41.379133304265565,2.131304823446667,3,3,Celeritas | SEUR | UPS,"Carrer de Violant d'Hongria Reina d'Aragó, 90 | Carrer del Tenor Masini, 79",Fnq Telefonia | Magic World | Magic World Informatica,False,False,False,False,False,False,True,False,5,Convenience Store only,3,"Multiple companies, single service",39.69,3,Review,True
barcelona,BAR_LOC_000956,41.384022039967405,2.14280511903688,2,2,SEUR | UPS,"Av. de Josep Tarradellas, 46",P Taquilla Saba Tarradellas 3 | Seur Lockers Tarradellas 3,True,False,False,False,False,False,True,False,7,Multiple services,4,"Multiple companies, multiple services",6.45,1,High,False
barcelona,BAR_LOC_000957,41.3864942286439,2.151048066199505,2,2,SEUR | UPS,"Carrer del Comte Borrell, 218",P Taquilla Caprabo C Borrell | Seur Lockers Caprabo Comte,True,False,False,False,False,False,True,False,7,Multiple services,4,"Multiple companies, multiple services",17.9,2,Medium,False
barcelona,BAR_LOC_000958,41.3899922865642,2.135148148577205,2,2,SEUR | UPS,"Av. Diagonal, 545",P Taquilla Caprabo Diagonal | Seur Lockers Caprabo Diago,True,False,False,False,False,False,True,False,7,Multiple services,4,"Multiple companies, multiple services",19.68,2,Medium,False
barcelona,BAR_LOC_000959,41.3888608118695,2.14292754899628,1,1,SEUR,"Av. de Josep Tarradellas, 115",Quick Mobile Fix,False,False,False,False,False,False,True,False,5,Convenience Store only,1,Single record,0.0,1,High,False
barcelona,BAR_LOC_000960,41.3836644413716,2.14080506982453,1,1,SEUR,"Carrer de Nicaragua, 49",Bioshop,False,False,False,False,False,False,True,False,5,Convenience Store only,1,Single record,0.0,1,High,False
barcelona,BAR_LOC_000961,41.3832930396712,2.14142107431731,1,1,SEUR,"Carrer de Nicaragua, 31",Seur Lockers Lidl Jardines,True,False,False,False,False,False,False,False,1,Locker only,1,Single record,0.0,1,High,False
barcelona,BAR_LOC_000962,41.4357573339181,2.18449907265458,1,1,SEUR,"Av. Meridiana, 478",Phonmarcos,False,False,False,False,False,False,True,False,5,Convenience Store only,1,Single record,0.0,1,High,False
barcelona,BAR_LOC_000963,41.440123086466045,2.1907913084894552,2,2,Gls | SEUR,"Passeig de Torras i Bages, 81",Graficas De Print | Ps Impresion Line,False,False,False,False,False,False,True,False,5,Convenience Store only,3,"Multiple companies, single service",41.29,3,Review,True
barcelona,BAR_LOC_000964,41.4311572998647,2.18982436527467,1,1,SEUR,"Carrer Gran de Sant Andreu, 118",Free 2 Movil,False,False,False,False,False,False,True,False,5,Convenience Store only,1,Single record,0.0,1,High,False
barcelona,BAR_LOC_000965,41.4384181279851,2.18822193128616,1,1,SEUR,"Carrer d'Agustí i Milà, 14",Lencar Online,False,False,False,False,False,False,True,False,5,Convenience Store only,1,Single record,0.0,1,High,False
barcelona,BAR_LOC_000966,41.440032422598,2.18898390379574,2,2,Pudo | SEUR,"Carrer Gran de Sant Andreu, 410",Lidl Gran De Sant Andreu | Seur Lockers Lidl Andreu,True,False,True,False,False,False,False,False,7,Multiple services,4,"Multiple companies, multiple services",17.42,2,Medium,False
barcelona,BAR_LOC_000967,41.4312580899086,2.19457237690424,1,1,SEUR,"Calle Segre, 92",Babu Bazar,False,False,False,False,False,False,True,False,5,Convenience Store only,1,Single record,0.0,1,High,False
barcelona,BAR_LOC_000968,41.4347679829472,2.19186864966642,1,1,SEUR,"Calle Segre, 30",Seur Lockers Pi Can Fabra,True,False,False,False,False,False,False,False,1,Locker only,1,Single record,0.0,1,High,False
barcelona,BAR_LOC_000969,41.4301585362746,2.18794150570408,1,1,SEUR,"Pg. de Fabra i Puig, 25",Seur Lockers Lidl Fabra I,True,False,False,False,False,False,False,False,1,Locker only,1,Single record,0.0,1,High,False
barcelona,BAR_LOC_000970,41.4361925309311,2.205895304753935,2,2,Pudo | SEUR,"C/ San Adrián, 154",Lidl Bon Pastor | Seur Lockers Lidl Bon Past,True,False,True,False,False,False,False,False,7,Multiple services,4,"Multiple companies, multiple services",14.03,1,High,False
barcelona,BAR_LOC_000971,41.4319500974068,2.18357789186564,1,1,SEUR,"Av. Meridiana, 408",Kevin Mobil,False,False,False,False,False,False,True,False,5,Convenience Store only,1,Single record,0.0,1,High,False
barcelona,BAR_LOC_000972,41.4287820272968,2.17000994443068,1,1,SEUR,"Carrer de Cartellà, 93",Sauc Salut,False,False,False,False,False,False,True,False,5,Convenience Store only,1,Single record,0.0,1,High,False
barcelona,BAR_LOC_000973,41.4348636688564,2.17191186379589,1,1,SEUR,"Carrer del Nil, 8",Data Locutorio,False,False,False,False,False,False,True,False,5,Convenience Store only,1,Single record,0.0,1,High,False
barcelona,BAR_LOC_000974,41.428448851326436,2.1702795615746533,3,3,Pudo | SEUR | UPS,"Carrer de Cartellà, 87",Caprabo Cartella | P Taquilla Caprabo Cartella | Seur Lockers Caprabo Carte,True,False,True,False,False,False,True,False,7,Multiple services,4,"Multiple companies, multiple services",24.22,2,Medium,False
barcelona,BAR_LOC_000975,41.430381166096296,2.1729973476246753,2,2,SEUR | UPS,"Carrer de Miquel Ferrà, 2",P Taquilla Pk Indigo Mer Merce | Seur Lockers Pki Mercat De,True,False,False,False,False,False,True,False,7,Multiple services,4,"Multiple companies, multiple services",11.64,1,High,False
barcelona,BAR_LOC_000976,41.4233091082287,2.15580070321204,1,1,SEUR,"Carrer de la Conca de Tremp, 29",Kamay Centro De Uã±As Y Es,False,False,False,False,False,False,True,False,5,Convenience Store only,1,Single record,0.0,1,High,False
barcelona,BAR_LOC_000977,41.42205207432,2.1745433466637,1,1,SEUR,"Carrer dels Periodistes, 7",Copies Mil,False,False,False,False,False,False,True,False,5,Convenience Store only,1,Single record,0.0,1,High,False
barcelona,BAR_LOC_000978,41.43000605136645,2.158005324172075,2,2,Ctt Express | SEUR,"C. de Lisboa, 26",Shabeem Movil,False,False,False,False,False,False,True,False,5,Convenience Store only,3,"Multiple companies, single service",41.26,3,Review,True
barcelona,BAR_LOC_000979,41.4314624766127,2.1600980926818,1,1,SEUR,"Carrer d'Horta, 67",Mobile Tech.,False,False,False,False,False,False,True,False,5,Convenience Store only,1,Single record,0.0,1,High,False
barcelona,BAR_LOC_000980,41.4250647816754,2.15571623555419,1,1,SEUR,"Carrer de Sigüenza, 8",Tienda De Moviles,False,False,False,False,False,False,True,False,5,Convenience Store only,1,Single record,0.0,1,High,False
barcelona,BAR_LOC_000981,41.426008642923364,2.15380888487873,3,3,Ctt Express | SEUR | UPS,"Carrer de Dante Alighieri, 150",Tangerino Bcn | Tangerino Mobils.,False,False,False,False,False,False,True,False,5,Convenience Store only,3,"Multiple companies, single service",59.16,3,Review,True
barcelona,BAR_LOC_000982,41.3956628894398,2.1245757690088065,3,3,Pudo | SEUR | UPS,"Passeig Senillosa, 8-10 | Pje. de Senillosa, 8",Caprabo Senillosa | P Taquilla Caprabo Senillosa | Seur Caprabo Senillosa,False,False,True,False,False,False,True,False,7,Multiple services,4,"Multiple companies, multiple services",48.0,3,Review,True
barcelona,BAR_LOC_000983,41.3890026510807,2.11426088530304,3,2,SEUR | UPS,"C. de Jorge Girona, 29",P Taquilla Intpkg Upc Campnord | Seur Lockers Pki Upc Campu,True,False,False,False,False,False,True,False,7,Multiple services,4,"Multiple companies, multiple services",8.01,1,High,False
barcelona,BAR_LOC_000984,41.3869231337195,2.11256150505865,1,1,SEUR,"Carrer de l'Alfambra, 16",Alfambra,False,False,False,False,False,False,True,False,5,Convenience Store only,1,Single record,0.0,1,High,False
barcelona,BAR_LOC_000985,41.3908411064694,2.12436824768227,1,1,SEUR,"C/ del Dr. Ferrán, 24",Estanco Alro,True,False,False,False,False,False,False,False,1,Locker only,1,Single record,0.0,1,High,False
barcelona,BAR_LOC_000986,41.4316408563423,2.141754286925655,2,2,Ctt Express | SEUR,"C. de Benlliure, 19",Supermercado Benlliure,False,False,False,False,False,False,True,False,5,Convenience Store only,3,"Multiple companies, single service",23.6,2,Medium,False
barcelona,BAR_LOC_000987,41.3908762235992,2.15650193458312,1,1,SEUR,"Carrer d'Aribau, 114",Tinta Color,False,False,False,False,False,False,True,False,5,Convenience Store only,1,Single record,0.0,1,High,False
barcelona,BAR_LOC_000988,41.390410073826544,2.15530171968351,2,2,Pudo | SEUR,"C. de Provença, 165 | Carrer de Provença, 165",Parking Interparking Provenca | Seur Lockers Pki Provenca,True,False,True,False,False,False,False,False,7,Multiple services,4,"Multiple companies, multiple services",6.46,1,High,False
barcelona,BAR_LOC_000989,41.3930384327806,2.14879201476112,1,1,SEUR,"Carrer de Casanova, 189",Clinic Techonologic Casan,False,False,False,False,False,False,True,False,5,Convenience Store only,1,Single record,0.0,1,High,False
barcelona,BAR_LOC_000990,41.3911709767611,2.15189726479189,1,1,SEUR,Plaza del Doctor Duran i Reynals,Lockers Parking Saba Hospi,True,False,False,False,False,False,False,False,1,Locker only,1,Single record,0.0,1,High,False
barcelona,BAR_LOC_000991,41.3880247808657,2.15529020537832,1,1,SEUR,"Carrer de Casanova, 119",I-Mobile,False,False,False,False,False,False,True,False,5,Convenience Store only,1,Single record,0.0,1,High,False
barcelona,BAR_LOC_000992,41.40062066327147,2.1658129509197135,3,3,Pudo | SEUR | UPS,"Carrer de Bailèn, 161 | Carrer de Bailèn, 161, 163",P Taquilla Caprabo Bailen | Seur Lockers Caprabo Baile | Sup. Caprabo Bailen,True,False,True,False,False,False,True,False,7,Multiple services,4,"Multiple companies, multiple services",30.9,3,Review,True
barcelona,BAR_LOC_000993,41.40194105790495,2.16579505202187,2,2,Nacex | SEUR,"Pg. de St. Joan, 151",Estanc 160 Barcelona | Estanc Barcelona Nâo 160,False,False,False,False,False,False,True,False,5,Convenience Store only,3,"Multiple companies, single service",24.26,2,Medium,False
barcelona,BAR_LOC_000994,41.3615744257498,2.13964787366946,1,1,SEUR,"Carrer de la Mare de Déu de Port, 321",Estanco Mare De Deu,False,False,False,False,False,False,True,False,5,Convenience Store only,1,Single record,0.0,1,High,False
barcelona,BAR_LOC_000995,41.359717241740334,2.141861428689888,6,5,Celeritas | Ctt Express | Gls | SEUR | UPS,"C/ de los Altos Hornos, 73 | C/ de los Altos Hornos, 78",Electro Outlet | Electro Outlet Bcn | Maslife Forns | Ps Toner Zona Franca | Seur Lockers Electro Outle | Toner Zona Franca,True,False,False,False,False,False,True,False,7,Multiple services,4,"Multiple companies, multiple services",63.77,3,Review,True
barcelona,BAR_LOC_000996,41.3671059050809,2.14011919411037,2,2,SEUR | UPS,"Carrer de la Mineria, 54",Sea Turtle Home,False,False,False,False,False,False,True,False,5,Convenience Store only,3,"Multiple companies, single service",21.49,2,Medium,False
barcelona,BAR_LOC_000997,41.3605308308581,2.1375707581096,1,1,SEUR,"Carrer de la Foneria, 25",Estanco Zona Franca 295,False,False,False,False,False,False,True,False,5,Convenience Store only,1,Single record,0.0,1,High,False
barcelona,BAR_LOC_000998,41.37522855772635,2.182894918411715,2,2,SEUR | UPS,"Moll d'Espanya, 5",P Taquilla Cc Maremagnum | Seur Lockers Maremagnum,True,False,False,False,False,False,True,False,7,Multiple services,4,"Multiple companies, multiple services",2.53,1,High,False
barcelona,BAR_LOC_000999,41.3214941077662,2.1422713573357,1,1,SEUR,"Av. del Paral·lel, 173",Centro Logístico Seur,False,True,False,False,False,False,False,False,2,PUDO only,1,Single record,0.0,1,High,False
barcelona,BAR_LOC_001000,41.3199565480038,2.1368567192355,1,1,SEUR,"Carrer Cal Fernando, 25",Seur Pickup Parcelshop,False,True,False,False,False,False,False,False,2,PUDO only,1,Single record,0.0,1,High,False
barcelona,BAR_LOC_001001,41.3289671512117,2.14137047311114,1,1,SEUR,"Carrer de l'Atlàntic, 124-126",Centro Logístico Seur,False,True,False,False,False,False,False,False,2,PUDO only,1,Single record,0.0,1,High,False
barcelona,BAR_LOC_001002,41.402783492944,2.20423767031425,1,1,SEUR,C/ de Llull S/N,Seur Locker Cepsa Forum,True,False,False,False,False,False,False,False,1,Locker only,1,Single record,0.0,1,High,False
barcelona,BAR_LOC_001003,41.4273956058841,2.22522938540414,1,1,SEUR,"Avinguda de la Platja, 22",Estanco 5,False,False,False,False,False,False,True,False,5,Convenience Store only,1,Single record,0.0,1,High,False
barcelona,BAR_LOC_001004,41.431309973259104,2.219562182256545,2,2,Ctt Express | SEUR,"Carrer de Mossèn Cinto Verdaguer, 13",Aaliyan Servie Copisteria | Anroled,False,False,False,False,False,False,True,False,5,Convenience Store only,3,"Multiple companies, single service",2.82,1,High,False
barcelona,BAR_LOC_001005,41.4276674561254,2.21034141228441,1,1,SEUR,Carrer de Zorrilla SN,Seur Locker Galp Adria B,True,False,False,False,False,False,False,False,1,Locker only,1,Single record,0.0,1,High,False
barcelona,BAR_LOC_001006,41.4332792740725,2.21709040640723,1,1,SEUR,"Av. de Juán XXIII, 8",Seur Locker Gs Envios Bad,True,False,False,False,False,False,False,False,1,Locker only,1,Single record,0.0,1,High,False
barcelona,BAR_LOC_001007,41.36428095204465,2.10432482119106,2,2,SEUR | UPS,"Av. de Josep Tarradellas i Joan, 180",P Taquilla Caprabo Cc La Farga | Seur Locker Caprabo Bar,True,False,False,False,False,False,False,False,1,Locker only,3,"Multiple companies, single service",23.56,2,Medium,False
barcelona,BAR_LOC_001008,41.3614123906206,2.10483118269024,1,1,SEUR,"Carrer de Vilumara, 6",La Copi Hospitalet,False,False,False,False,False,False,True,False,5,Convenience Store only,1,Single record,0.0,1,High,False
barcelona,BAR_LOC_001009,41.361761431776,2.1070309997684,2,2,Pudo | SEUR,"Carrer d'Enric Prat de la Riba, 168, 170",Lidl Hospitalet Prat De Riba | Seur Locker Lidl Hospital,True,False,True,False,False,False,False,False,7,Multiple services,4,"Multiple companies, multiple services",4.86,1,High,False
barcelona,BAR_LOC_001010,41.3626059123861,2.10858226032797,1,1,SEUR,"Carrer d'Enric Prat de la Riba, 144",Estanco 5 Hospitalet,False,False,False,False,False,False,True,False,5,Convenience Store only,1,Single record,0.0,1,High,False
barcelona,BAR_LOC_001011,41.3624816886981,2.12264764332192,2,2,Pudo | SEUR,"Carrer d'Amadeu Torner, 60",Lidl Hospitalet Amadeu Torner | Seur Locker Lidl Hospital,True,False,True,False,False,False,False,False,7,Multiple services,4,"Multiple companies, multiple services",18.38,2,Medium,False
barcelona,BAR_LOC_001012,41.365816646767,2.12684201809649,1,1,SEUR,"Carrer Muns, 5",Xicmun Hospitalet,False,False,False,False,False,False,True,False,5,Convenience Store only,1,Single record,0.0,1,High,False
barcelona,BAR_LOC_001013,41.3674328599339,2.1287956145251004,2,2,SEUR | UPS,"Carrer Santa Eulàlia, 51",P Taquilla Caprabo Sta Eulalia | Seur Locker Caprabo Santa,True,False,False,False,False,False,False,False,1,Locker only,3,"Multiple companies, single service",38.79,3,Review,True
barcelona,BAR_LOC_001014,41.37153534673187,2.127619891367847,3,3,Ctt Express | Pudo | SEUR,"C/ de Holanda, 6 | Carrer de la Riera Blanca, 118",Centro Envios | G&S Envíos De Dinero Riera Blanca | Seur Locker Gs Envios Rie,True,False,True,False,False,False,True,False,7,Multiple services,4,"Multiple companies, multiple services",10.48,1,High,False
barcelona,BAR_LOC_001015,41.376018865894096,2.12083424072664,2,2,SEUR | UPS,"Carr. de Collblanc, 14 | Collblanc K, 14",P Taquilla Galp Coll Blanc | Seur Locker E.S. Galp Co,True,False,False,False,False,False,False,False,1,Locker only,3,"Multiple companies, single service",13.32,1,High,False
barcelona,BAR_LOC_001016,41.373436267371304,2.1187001467491253,2,2,Ctt Express | SEUR,"Carrer de Pujós, 27",Animalades | Gs1 Mobils,False,False,False,False,False,False,True,False,5,Convenience Store only,3,"Multiple companies, single service",12.19,1,High,False
barcelona,BAR_LOC_001017,41.37557958904747,2.116457058766223,3,3,Nacex | SEUR | UPS,"Carrer Farnés, 8",Art & Crafts | Art & Crafts (0841-41) | Art Y Crafts,False,False,False,False,False,False,True,False,5,Convenience Store only,3,"Multiple companies, single service",10.35,1,High,False
barcelona,BAR_LOC_001018,41.3712055596903,2.10970885335691,1,1,SEUR,"C/ Ing. Moncunill, 54",Gs Envios Ingeniero Monc,False,False,False,False,False,False,True,False,5,Convenience Store only,1,Single record,0.0,1,High,False
barcelona,BAR_LOC_001019,41.36972894965045,2.0999626814925803,2,2,SEUR | UPS,"Carrer d'Andorra, 13",Estanc Andorra 13 | Estanco Andorra 13,False,False,False,False,False,False,True,False,5,Convenience Store only,3,"Multiple companies, single service",7.24,1,High,False
barcelona,BAR_LOC_001020,41.3740360530452,2.10457505340789,1,1,SEUR,"Av. de Tomás Giménez, 58",Animon Petshop,False,False,False,False,False,False,True,False,5,Convenience Store only,1,Single record,0.0,1,High,False
barcelona,BAR_LOC_001021,41.37605786276395,2.100899651472365,2,2,Ctt Express | SEUR,"C. de Churruca, 31",Aziz Locutorio,False,False,False,False,False,False,True,False,5,Convenience Store only,3,"Multiple companies, single service",4.51,1,High,False
barcelona,BAR_LOC_001022,41.34662942560065,2.11171927982606,2,2,SEUR | UPS,"Autovia De Castelldefels, Km 2, 7",P Taquilla Galp Hosp Bell Cast | Seur Locker Galp Hospital,True,False,False,False,False,False,False,False,1,Locker only,3,"Multiple companies, single service",13.43,1,High,False
barcelona,BAR_LOC_001023,41.3843452872922,2.17013740792797,1,1,Dhl,"Carrer del Bonsuccés, 11",Estanc Bonsuccés - Tabacs.,False,False,False,False,False,False,True,False,5,Convenience Store only,1,Single record,0.0,1,High,False
barcelona,BAR_LOC_001024,41.3820083447238,2.17859204918974,1,1,Dhl,"Carrer de la Ciutat, 13",Unictransfers,False,False,False,False,False,False,True,False,5,Convenience Store only,1,Single record,0.0,1,High,False
barcelona,BAR_LOC_001025,41.385026237866,2.1721751190388,1,1,Dhl,"Carrer de la Canuda, 27",Surprise World,False,False,False,False,False,False,True,False,5,Convenience Store only,1,Single record,0.0,1,High,False
barcelona,BAR_LOC_001026,41.3790230843078,2.17781641587757,1,1,Dhl,"Ptge. de la Pau, 13",Les Mercedes Mensajeria,False,False,False,False,False,False,True,False,5,Convenience Store only,1,Single record,0.0,1,High,False
barcelona,BAR_LOC_001027,41.3870642818277,2.17310873489282,1,1,Dhl,"Carrer de les Moles, 11",Magg Transports,False,False,False,False,False,False,True,False,5,Convenience Store only,1,Single record,0.0,1,High,False
barcelona,BAR_LOC_001028,41.38254164335755,2.18900038856478,2,2,Dhl | Gls,"Carrer de la Mediterrània, 4",Instalaciones De La Fuente | Ps Instalaciones De La Fuente,False,False,False,False,False,False,True,False,5,Convenience Store only,3,"Multiple companies, single service",28.64,2,Medium,False
barcelona,BAR_LOC_001029,41.3736876254802,2.16153351917414,1,1,Dhl,"Carrer de la Creu dels Molers, 36",Juguetes Rubio,False,False,False,False,False,False,True,False,5,Convenience Store only,1,Single record,0.0,1,High,False
barcelona,BAR_LOC_001030,41.3721554398955,2.14488494245114,1,1,Dhl,"Gran Via de les Corts Catalanes, 280",Bcn Locutorio,False,False,False,False,False,False,True,False,5,Convenience Store only,1,Single record,0.0,1,High,False
barcelona,BAR_LOC_001031,41.3996741057815,2.19758842712473,1,1,Dhl,"Carrer de Pujades, 138",Guau Studio,False,False,False,False,False,False,True,False,5,Convenience Store only,1,Single record,0.0,1,High,False
barcelona,BAR_LOC_001032,41.4037058327218,2.19858251919372,1,1,Dhl,"Rbla. del Poblenou, 111",Dani Mobiles,False,False,False,False,False,False,True,False,5,Convenience Store only,1,Single record,0.0,1,High,False
barcelona,BAR_LOC_001033,41.4041885384281,2.20560121178323,1,1,Dhl,"C/ de Llull, 252",Cerrajeria Poble Nou 24h,False,False,False,False,False,False,True,False,5,Convenience Store only,1,Single record,0.0,1,High,False
barcelona,BAR_LOC_001034,41.3989595171308,2.14932588109081,1,1,Dhl,"Carrer de Marià Cubí, 57",Estanco 355 Barcelona,False,False,False,False,False,False,True,False,5,Convenience Store only,1,Single record,0.0,1,High,False
barcelona,BAR_LOC_001035,41.4010601858057,2.14658738850325,1,1,Dhl,"Carrer de Brusi, 50",A2 Copisteria,False,False,False,False,False,False,True,False,5,Convenience Store only,1,Single record,0.0,1,High,False
barcelona,BAR_LOC_001036,41.4042773481416,2.14207959643891,1,1,Dhl,"Calle de Balmes, 349",Estanc Anna Balmes,False,False,False,False,False,False,True,False,5,Convenience Store only,1,Single record,0.0,1,High,False
barcelona,BAR_LOC_001037,41.3903891610255,2.16667718849618,1,1,Dhl,"Carrer de la Diputació, 256",Dhl Express Center Diputacion,False,True,False,False,False,False,False,False,2,PUDO only,1,Single record,0.0,1,High,False
barcelona,BAR_LOC_001038,41.3933640199037,2.15810467315369,1,1,Dhl,"Calle de Balmes, 121",Estanco Duaso,False,False,False,False,False,False,True,False,5,Convenience Store only,1,Single record,0.0,1,High,False
barcelona,BAR_LOC_001039,41.3950600124371,2.16921304246603,1,1,Dhl,"C. del Bruc, 73",Ytd,False,False,False,False,False,False,True,False,5,Convenience Store only,1,Single record,0.0,1,High,False
barcelona,BAR_LOC_001040,41.3909672550121,2.17440925039693,1,1,Dhl,"C. del Bruc, 15",Recta Parcel,False,False,False,False,False,False,True,False,5,Convenience Store only,1,Single record,0.0,1,High,False
barcelona,BAR_LOC_001041,41.3936891161998,2.17887118849831,1,1,Dhl,"Pg. de St. Joan, 24",Estanco 12 Barcelona,False,False,False,False,False,False,True,False,5,Convenience Store only,1,Single record,0.0,1,High,False
barcelona,BAR_LOC_001042,41.3813932545927,2.16253025780152,1,1,Dhl,"C. de Villarroel, 9",Articles De Festa,False,False,False,False,False,False,True,False,5,Convenience Store only,1,Single record,0.0,1,High,False
barcelona,BAR_LOC_001043,41.4018742043948,2.1581617964372,1,1,Dhl,"Carrer del Penedès, 13",Loteria La 37 De Barcelona,False,False,False,False,False,False,True,False,5,Convenience Store only,1,Single record,0.0,1,High,False
barcelona,BAR_LOC_001044,41.404077318622,2.15839836574989,1,1,Dhl,"Carrer de Terol, 41",Estanc M. Angels,False,False,False,False,False,False,True,False,5,Convenience Store only,1,Single record,0.0,1,High,False
barcelona,BAR_LOC_001045,41.4041979173672,2.15446778850521,1,1,Dhl,"Carrer d'Astúries, 37",Alex Libreria Y Papeleria,False,False,False,False,False,False,True,False,5,Convenience Store only,1,Single record,0.0,1,High,False
barcelona,BAR_LOC_001046,41.4028844310336,2.17563765781554,1,1,Dhl,"Carrer de València, 425",Telecentro I,False,False,False,False,False,False,True,False,5,Convenience Store only,1,Single record,0.0,1,High,False
barcelona,BAR_LOC_001047,41.3970132129239,2.17699675781179,1,1,Dhl,"Gran Via de les Corts Catalanes, 677",Bojina,False,False,False,False,False,False,True,False,5,Convenience Store only,1,Single record,0.0,1,High,False
barcelona,BAR_LOC_001048,41.3759225974829,2.14432474245361,1,1,Dhl,"Carrer de la Creu Coberta, 76",Onkar Gallery,False,False,False,False,False,False,True,False,5,Convenience Store only,1,Single record,0.0,1,High,False
barcelona,BAR_LOC_001049,41.3712555252449,2.13867483451704,1,1,Dhl,"Carrer de Rossend Arús, 78",Gajaze,False,False,False,False,False,False,True,False,5,Convenience Store only,1,Single record,0.0,1,High,False
barcelona,BAR_LOC_001050,41.3805869667191,2.1362228964233,1,1,Dhl,"Carrer del Vallespir, 59",La Conxita Llibres I Discos,False,False,False,False,False,False,True,False,5,Convenience Store only,1,Single record,0.0,1,High,False
barcelona,BAR_LOC_001051,41.3786813763678,2.15212301176658,1,1,Dhl,"Carrer d'Entença, 57",Estanc Entenã‡A 57,False,False,False,False,False,False,True,False,5,Convenience Store only,1,Single record,0.0,1,High,False
barcelona,BAR_LOC_001052,41.3824493442428,2.14869951917978,1,1,Dhl,"Carrer de València, 37",Tinta Bcn Informatica,False,False,False,False,False,False,True,False,5,Convenience Store only,1,Single record,0.0,1,High,False
barcelona,BAR_LOC_001053,41.3769618037044,2.16554911917621,1,1,Dhl,"Rda. de Sant Pau, 35",Casa Marta Beauty,False,False,False,False,False,False,True,False,5,Convenience Store only,1,Single record,0.0,1,High,False
barcelona,BAR_LOC_001054,41.437769549207204,2.17411768462622,2,2,Celeritas | Dhl,"Plaça dels Jardins d'Alfàbia, 2",Envios D&D | Envios Dyd,False,False,False,False,False,False,True,False,5,Convenience Store only,3,"Multiple companies, single service",33.75,3,Review,True
barcelona,BAR_LOC_001055,41.432555944506404,2.18049912557969,2,2,Dhl | UPS,"Carrer De Velia 83 | Carrer de Vèlia, 83",Infernal Forge,False,False,False,False,False,False,True,False,5,Convenience Store only,3,"Multiple companies, single service",10.75,1,High,False
barcelona,BAR_LOC_001056,41.3821759452154,2.18679178108007,1,1,Dhl,"Pg. de Joan de Borbó, 2",Telecentro Ii,False,False,False,False,False,False,True,False,5,Convenience Store only,1,Single record,0.0,1,High,False
barcelona,BAR_LOC_001057,41.40754126087948,2.187256702786646,7,6,Celeritas | Ctt Express | Dhl | Gls | Nacex | UPS,"Av. Meridiana, 94 | Carrer de Joan I, 8",Extra Global Business | Ps Extra Global Business Services | Sumana Akter | Yasin Mobile Shop,False,False,False,False,False,False,True,False,5,Convenience Store only,3,"Multiple companies, single service",68.43,3,Review,True
barcelona,BAR_LOC_001058,41.4146569616469,2.21422201178996,1,1,Dhl,"Carrer de Pallars, 505",Tintoreria Maresma,False,False,False,False,False,False,True,False,5,Convenience Store only,1,Single record,0.0,1,High,False
barcelona,BAR_LOC_001059,41.4098447807076,2.2105057865399265,3,3,Dhl | Nacex | UPS,"Av. Diagonal, 62 | Avinguda Diagonal 62",Dupliclaus,False,False,False,False,False,False,True,False,5,Convenience Store only,3,"Multiple companies, single service",34.14,3,Review,True
barcelona,BAR_LOC_001060,41.4202290505394,2.20648230386007,1,1,Dhl,"Carrer del Maresme, 202",Aziz Telefonia Maresme,False,False,False,False,False,False,True,False,5,Convenience Store only,1,Single record,0.0,1,High,False
barcelona,BAR_LOC_001061,41.4168009710407,2.19514352713605,1,1,Dhl,"Carrer de Huelva, 52",Customiza 360,False,False,False,False,False,False,True,False,5,Convenience Store only,1,Single record,0.0,1,High,False
barcelona,BAR_LOC_001062,41.41389258516635,2.201120589197615,2,2,Ctt Express | Dhl,"Gran Via de les Corts Catalanes, 1048",Movil Tech,False,False,False,False,False,False,True,False,5,Convenience Store only,3,"Multiple companies, single service",30.53,3,Review,True
barcelona,BAR_LOC_001063,41.4121776632118,2.16317748851045,1,1,Dhl,"Carrer de Sardenya, 522",Calã‡Ats Nieto,False,False,False,False,False,False,True,False,5,Convenience Store only,1,Single record,0.0,1,High,False
barcelona,BAR_LOC_001064,41.404487314356,2.16199682712778,1,1,Dhl,"Travessera de Gràcia, 216",Indidogs,False,False,False,False,False,False,True,False,5,Convenience Store only,1,Single record,0.0,1,High,False
barcelona,BAR_LOC_001065,41.4057147128147,2.17221713506218,1,1,Dhl,"Carrer del Rosselló, 427",Basch Informatica,False,False,False,False,False,False,True,False,5,Convenience Store only,1,Single record,0.0,1,High,False
barcelona,BAR_LOC_001066,41.413504843460736,2.1812332144925297,3,3,Dhl | Nacex | UPS,"Carrer del Freser, 126",Estanc Barcelona Nâo 242 | Fnx-Tabacs Freser | Tabacs Freser,False,False,False,False,False,False,True,False,5,Convenience Store only,3,"Multiple companies, single service",49.97,3,Review,True
barcelona,BAR_LOC_001067,41.411667624953,2.18758410385461,1,1,Dhl,"Carrer de la Muntanya, 30",Chand Locutorio,False,False,False,False,False,False,True,False,5,Convenience Store only,1,Single record,0.0,1,High,False
barcelona,BAR_LOC_001068,41.406654689347945,2.18332247755676,2,2,Ctt Express | Dhl,"Carrer dels Enamorats, 86 | Carrer dels Enamorats, 88",Tech Pro Moviles | Techpro Moviles,False,False,False,False,False,False,True,False,5,Convenience Store only,3,"Multiple companies, single service",40.17,3,Review,True
barcelona,BAR_LOC_001069,41.42732129976195,2.182185815946675,2,2,Dhl | Nacex,"C. Pardo, 9",Vapstoresagrera,False,False,False,False,False,False,True,False,5,Convenience Store only,3,"Multiple companies, single service",8.11,1,High,False
barcelona,BAR_LOC_001070,41.3793981789966,2.12494212711137,1,1,Dhl,"C. de Felipe de Paz, 27",Camp Nou Informatica,False,False,False,False,False,False,True,False,5,Convenience Store only,1,Single record,0.0,1,High,False
barcelona,BAR_LOC_001071,41.3756924212037,2.1303580845871952,2,2,Celeritas | Dhl,"Rambla de Badal, 161",Llaminadures Loterias Albert | Loteria Rambla,False,False,False,False,False,False,True,False,5,Convenience Store only,3,"Multiple companies, single service",3.58,1,High,False
barcelona,BAR_LOC_001072,41.3775513837705,2.1196548038323,1,1,Dhl,"C.del Pintor Tapiró, 3-5",Estanco 398,False,False,False,False,False,False,True,False,5,Convenience Store only,1,Single record,0.0,1,High,False
barcelona,BAR_LOC_001073,41.3895508697454,2.14653932711804,1,1,Dhl,"Carrer de París, 91",Electric Way Barcelona,False,False,False,False,False,False,True,False,5,Convenience Store only,1,Single record,0.0,1,High,False
barcelona,BAR_LOC_001074,41.3868258789805,2.1456137721961035,3,3,Celeritas | Dhl | UPS,"Carrer de Còrsega, 99",Centre Vet Provenza | Tabacs 390 Barcelona | Tabacs Nâo 390 Barcelona,False,False,False,False,False,False,True,False,5,Convenience Store only,3,"Multiple companies, single service",59.58,3,Review,True
barcelona,BAR_LOC_001075,41.3879912811129,2.13845158849459,1,1,Dhl,"Carrer del Montnegre, 17",Estanco 339 Barcelona,False,False,False,False,False,False,True,False,5,Convenience Store only,1,Single record,0.0,1,High,False
barcelona,BAR_LOC_001076,41.3848168216717,2.14039284226547,2,2,Celeritas | Dhl,"C.de Berlín, 81",Estanc 227 Barcelona | Estanc Berlin 81,False,False,False,False,False,False,True,False,5,Convenience Store only,3,"Multiple companies, single service",0.0,1,High,False
barcelona,BAR_LOC_001077,41.4361951843356,2.18973740387051,1,1,Dhl,"Carrer Gran de Sant Andreu, 259",Abans Morta Que Sencilla,False,False,False,False,False,False,True,False,5,Convenience Store only,1,Single record,0.0,1,High,False
barcelona,BAR_LOC_001078,41.43326050245325,2.189439253938465,2,2,Celeritas | Dhl,"Carrer Gran de Sant Andreu, 168",L'estanc | L'estanc Gran De Sant Andreu,False,False,False,False,False,False,True,False,5,Convenience Store only,3,"Multiple companies, single service",5.06,1,High,False
barcelona,BAR_LOC_001079,41.4324323257951,2.18348664249034,1,1,Dhl,"Avinguda Meridiana, 408",Kevin Mobile,False,False,False,False,False,False,True,False,5,Convenience Store only,1,Single record,0.0,1,High,False
barcelona,BAR_LOC_001080,41.4286226309603,2.16777608852121,1,1,Dhl,"Carrer de l'Escultor Llimona, 44",Metropoli Zoo,False,False,False,False,False,False,True,False,5,Convenience Store only,1,Single record,0.0,1,High,False
barcelona,BAR_LOC_001081,41.4319969070181,2.17422028852326,1,1,Dhl,"Passatge del, Carrer del Doctor Pi i Molist, 13",Expendeduria 163,False,False,False,False,False,False,True,False,5,Convenience Store only,1,Single record,0.0,1,High,False
barcelona,BAR_LOC_001082,41.4290159590762,2.15911308111059,1,1,Dhl,"Baixada de la Plana, 3",Beep Bplana,False,False,False,False,False,False,True,False,5,Convenience Store only,1,Single record,0.0,1,High,False
barcelona,BAR_LOC_001083,41.387049512142056,2.1122865418216303,2,2,Dhl | UPS,"Carrer de l'Alfambra, 15",Fnx-Estanc Tabacs Pedralbes | Tabacs Pedralbes,False,False,False,False,False,False,True,False,5,Convenience Store only,3,"Multiple companies, single service",32.38,3,Review,True
barcelona,BAR_LOC_001084,41.4046174258707,2.16321210631559,1,1,Dhl,"Carrer de Bailèn, 210",El Magatzem Dels Electrodomãˆstics,False,False,False,False,False,False,True,False,5,Convenience Store only,1,Single record,0.0,1,High,False
barcelona,BAR_LOC_001085,41.3620571764769,2.13925621968922,1,1,Dhl,"Carrer de la Mare de Déu de Port, 321",Estanc Jordi,False,False,False,False,False,False,True,False,5,Convenience Store only,1,Single record,0.0,1,High,False
barcelona,BAR_LOC_001086,41.359793890706,2.13721584205513,1,1,Dhl,"Plaça de Sant Cristòfol, 22",Punto Cirta Taller Del Patinete,False,False,False,False,False,False,True,False,5,Convenience Store only,1,Single record,0.0,1,High,False
barcelona,BAR_LOC_001087,41.3920165558252,2.1657344729605,1,1,Dhl,"Carrer de la Diputació, 256",Dhl Express Service Point,False,True,False,False,False,False,False,False,2,PUDO only,1,Single record,0.0,1,High,False
barcelona,BAR_LOC_001088,41.4007873612508,2.15396855603758,1,1,Dhl,"Via Augusta, 40, Gràcia",Dhl Express Service Point,False,True,False,False,False,False,False,False,2,PUDO only,1,Single record,0.0,1,High,False
barcelona,BAR_LOC_001089,41.3886997859182,2.16498347232644,1,1,Dhl,"Gran Via de les Corts Catalanes, 594",Dhl Express Service Point,False,True,False,False,False,False,False,False,2,PUDO only,1,Single record,0.0,1,High,False
barcelona,BAR_LOC_001090,41.4509112164902,2.19041246956747,1,1,Dhl,"Carrer del Turó de la Trinitat, 51",Ferreteria Turo Trinitat,False,False,False,False,False,False,True,False,5,Convenience Store only,1,Single record,0.0,1,High,False
barcelona,BAR_LOC_001091,41.3597757505761,2.10097146348256,1,1,Dhl,"Carrer Major, 11",Estanc Pamies,False,False,False,False,False,False,True,False,5,Convenience Store only,1,Single record,0.0,1,High,False
barcelona,BAR_LOC_001092,41.3646370744224,2.10778399168196,1,1,Dhl,"Av. de Josep Tarradellas i Joan, 142",Zootropolis,False,False,False,False,False,False,True,False,5,Convenience Store only,1,Single record,0.0,1,High,False
barcelona,BAR_LOC_001093,41.36711001164063,2.1249361217407667,3,3,Celeritas | Ctt Express | Dhl,"Carrer Santa Eulàlia, 154",M Best | M Best Inversiones,False,False,False,False,False,False,True,False,5,Convenience Store only,3,"Multiple companies, single service",3.93,1,High,False
barcelona,BAR_LOC_001094,41.3721073666841,2.12069232812819,1,1,Dhl,"C Mas, 63",Beep Hospitalet 1,False,False,False,False,False,False,True,False,5,Convenience Store only,1,Single record,0.0,1,High,False
barcelona,BAR_LOC_001095,41.3818687527888,2.16749072672666,1,1,Celeritas,"C. de Joaquín Costa, 2",Copywork,False,False,False,False,False,False,True,False,5,Convenience Store only,1,Single record,0.0,1,High,False
barcelona,BAR_LOC_001096,41.384739617531494,2.164039569327035,2,2,Celeritas | Gls,"Rda. de Sant Antoni, 88",Ps Quiosco Marc Llinas617 | Quiosco Marc Llinas,False,False,False,False,False,False,True,False,5,Convenience Store only,3,"Multiple companies, single service",19.28,2,Medium,False
barcelona,BAR_LOC_001097,40.4453983586387,-3.68459940456431,1,1,Celeritas,"C. de Joaquín Costa, 35",Estanc Del Raval,False,False,False,False,False,False,True,False,5,Convenience Store only,1,Single record,0.0,1,High,False
barcelona,BAR_LOC_001098,41.3841123257986,2.17791604207099,1,1,Celeritas,"Carrer de Jaume I, 13",Unictransfers,False,False,False,False,False,False,True,False,5,Convenience Store only,1,Single record,0.0,1,High,False
barcelona,BAR_LOC_001099,41.3783434748397,2.17768446535343,1,1,Celeritas,"Ptge. de la Pau, 13",Mensajerã­a Les Mercedes,False,False,False,False,False,False,True,False,5,Convenience Store only,1,Single record,0.0,1,High,False
barcelona,BAR_LOC_001100,41.374549095298796,2.167420157556767,3,3,Celeritas | Nacex | UPS,"Carrer del Roser, 5",Papeleria Nu&Ca | Papereria Nu&Ca,False,False,False,False,False,False,True,False,5,Convenience Store only,3,"Multiple companies, single service",45.09,3,Review,True
barcelona,BAR_LOC_001101,41.4005046991971,2.20530962673903,1,1,Celeritas,"Carrer de l'Amistat, 7",Papeleria L'amistat,False,False,False,False,False,False,True,False,5,Convenience Store only,1,Single record,0.0,1,High,False
barcelona,BAR_LOC_001102,41.4031668280954,2.21024304208345,1,1,Celeritas,"P.o del Taulat, 156",Papereria La Mar De Papers,False,False,False,False,False,False,True,False,5,Convenience Store only,1,Single record,0.0,1,High,False
barcelona,BAR_LOC_001103,41.4026706041888,2.14966799605473,1,1,Celeritas,"Carrer de Sant Eusebi, 10",Happy Uky,False,False,False,False,False,False,True,False,5,Convenience Store only,1,Single record,0.0,1,High,False
barcelona,BAR_LOC_001104,41.3936709321516,2.16816465002058,1,1,Celeritas,"Calle del Consejo de Ciento, 340",Expendeduria 28 Barcelona,False,False,False,False,False,False,True,False,5,Convenience Store only,1,Single record,0.0,1,High,False
barcelona,BAR_LOC_001105,41.3832839351855,2.16212128809885,1,1,Celeritas,"Carrer de Casanova, 19",Technofix,False,False,False,False,False,False,True,False,5,Convenience Store only,1,Single record,0.0,1,High,False
barcelona,BAR_LOC_001106,41.38076715975225,2.16132695397948,2,2,Celeritas | Nacex,"Carrer del Comte d'Urgell, 28",Papeleria Urgell | Papereria Urgell,False,False,False,False,False,False,True,False,5,Convenience Store only,3,"Multiple companies, single service",21.78,2,Medium,False
barcelona,BAR_LOC_001107,40.4695250523587,-3.69544171249216,1,1,Celeritas,"Av. de Asturias, 37",Llibreria Papereria Alex,False,False,False,False,False,False,True,False,5,Convenience Store only,1,Single record,0.0,1,High,False
barcelona,BAR_LOC_001108,41.4030675339487,2.160390230134285,2,2,Celeritas | Ctt Express,"Travessera de Gràcia, 194",Estanc De Gracia | Estanco 393,False,False,False,False,False,False,True,False,5,Convenience Store only,3,"Multiple companies, single service",46.15,3,Review,True
barcelona,BAR_LOC_001109,41.4014678366624,2.1593970807112,1,1,Celeritas,"Carrer del Progrés, 46",Animalades,False,False,False,False,False,False,True,False,5,Convenience Store only,1,Single record,0.0,1,High,False
barcelona,BAR_LOC_001110,41.4020154306938,2.15511697276825,1,1,Celeritas,"Carrer de Ros de Olano, 13",Comercio 13,False,False,False,False,False,False,True,False,5,Convenience Store only,1,Single record,0.0,1,High,False
barcelona,BAR_LOC_001111,41.4030413812893,2.17637741530998,1,1,Celeritas,"Carrer de la Marina, 237",Alimentacion Sarda,False,False,False,False,False,False,True,False,5,Convenience Store only,1,Single record,0.0,1,High,False
barcelona,BAR_LOC_001112,41.4010643767964,2.17977171139658,1,1,Celeritas,"Carrer de la Marina, 200",Estanco Marina,False,False,False,False,False,False,True,False,5,Convenience Store only,1,Single record,0.0,1,High,False
barcelona,BAR_LOC_001113,41.3980426888369,2.17580939605177,1,1,Celeritas,"Carrer de la Diputació, 389",Platinum,False,False,False,False,False,False,True,False,5,Convenience Store only,1,Single record,0.0,1,High,False
barcelona,BAR_LOC_001114,41.4033402671497,2.17891290286859,2,2,Celeritas | UPS,"Carrer d'Aragó, 459",Easy Money,False,False,False,False,False,False,True,False,5,Convenience Store only,3,"Multiple companies, single service",45.67,3,Review,True
barcelona,BAR_LOC_001115,41.3836339970916,2.13378594225865,1,1,Celeritas,"Carrer de Novell, 62",Recambios Gil Comas,False,False,False,False,False,False,True,False,5,Convenience Store only,1,Single record,0.0,1,High,False
barcelona,BAR_LOC_001116,41.3756082110744,2.14205313466601,1,1,Celeritas,"Carrer del Moianès, 79",Fnq Telefonia,False,False,False,False,False,False,True,False,5,Convenience Store only,1,Single record,0.0,1,High,False
barcelona,BAR_LOC_001117,40.3910118080866,-3.64403232788513,1,1,Celeritas,"C. Llansá, 50",Copisteria Bcn,False,False,False,False,False,False,True,False,5,Convenience Store only,1,Single record,0.0,1,High,False
barcelona,BAR_LOC_001118,41.3794199090859,2.15965471341092,1,1,Celeritas,"Carrer de Floridablanca, 98",Estanc Floridablanca,False,False,False,False,False,False,True,False,5,Convenience Store only,1,Single record,0.0,1,High,False
barcelona,BAR_LOC_001119,41.3819540499749,2.1500850846674897,2,2,Celeritas | Nacex,"Carrer d'Aragó, 71",Paper I Coses,False,False,False,False,False,False,True,False,5,Convenience Store only,3,"Multiple companies, single service",13.6,1,High,False
barcelona,BAR_LOC_001120,41.4375395433544,2.1734550267631,1,1,Celeritas,"Passeig del Verdum, 18",Locutorio 507(Solo Pago En Efectivo),False,False,False,False,False,False,True,False,5,Convenience Store only,1,Single record,0.0,1,High,False
barcelona,BAR_LOC_001121,41.4424574780246,2.17938895745195,1,1,Celeritas,"Carrer de Santa Engràcia, 95",Rmultiserveis,False,False,False,False,False,False,True,False,5,Convenience Store only,1,Single record,0.0,1,High,False
barcelona,BAR_LOC_001122,41.4436515466861,2.18159616539596,1,1,Celeritas,"C/ Joaquim Valls, 39",Botiga Digi,False,False,False,False,False,False,True,False,5,Convenience Store only,1,Single record,0.0,1,High,False
barcelona,BAR_LOC_001123,41.3969600064734,2.19068334207944,1,1,Celeritas,"Carrer de Pallars, 101",Neumarsa,False,False,False,False,False,False,True,False,5,Convenience Store only,1,Single record,0.0,1,High,False
barcelona,BAR_LOC_001124,41.4203222495694,2.20189511140909,1,1,Celeritas,"Carrer de Cantàbria, 26",Kiosko De Prensa,False,False,False,False,False,False,True,False,5,Convenience Store only,1,Single record,0.0,1,High,False
barcelona,BAR_LOC_001125,41.4170805170463,2.19658427277814,1,1,Celeritas,"Carrer de Provençals, 251",Maslife Proven,False,False,False,False,False,False,True,False,5,Convenience Store only,1,Single record,0.0,1,High,False
barcelona,BAR_LOC_001126,41.4070895872789,2.13767834948548,1,1,Celeritas,Teodora Lamadrid 16,Ferreteria Peã‘A,False,False,False,False,False,False,True,False,5,Convenience Store only,1,Single record,0.0,1,High,False
barcelona,BAR_LOC_001127,41.4049036316961,2.13675735742741,1,1,Celeritas,"Carrer d'Arimon, 26",Estanco Arimon,False,False,False,False,False,False,True,False,5,Convenience Store only,1,Single record,0.0,1,High,False
barcelona,BAR_LOC_001128,41.4052179067543,2.13586767277036,1,1,Celeritas,"C. de Muntaner, 537",La Matalasseria Paz Mares,False,False,False,False,False,False,True,False,5,Convenience Store only,1,Single record,0.0,1,High,False
barcelona,BAR_LOC_001129,41.4046340235239,2.16147793468496,1,1,Celeritas,"Travessera de Gràcia, 237",Expendeduria 121,False,False,False,False,False,False,True,False,5,Convenience Store only,1,Single record,0.0,1,High,False
barcelona,BAR_LOC_001130,41.405415526877,2.16331788071383,1,1,Celeritas,"Travessera de Gràcia, 236",Maslife Gracia,False,False,False,False,False,False,True,False,5,Convenience Store only,1,Single record,0.0,1,High,False
barcelona,BAR_LOC_001131,41.4160704774762,2.16322881140629,1,1,Celeritas,"Carrer de França, 27",Adiari Papereria,False,False,False,False,False,False,True,False,5,Convenience Store only,1,Single record,0.0,1,High,False
barcelona,BAR_LOC_001132,41.4185377394645,2.15767584224624,1,1,Celeritas,"Carrer de Mühlberg, 3",Loteria Papeleria Manzano,False,False,False,False,False,False,True,False,5,Convenience Store only,1,Single record,0.0,1,High,False
barcelona,BAR_LOC_001133,41.4111366758255,2.16404785743131,1,1,Celeritas,"Carrer de Sardenya, 499",B Travel Cerdeã‘A,False,False,False,False,False,False,True,False,5,Convenience Store only,1,Single record,0.0,1,High,False
barcelona,BAR_LOC_001134,41.4098900714361,2.1546513114023,1,1,Celeritas,"C/ de Travessera de Dalt, 50",Libreria Skipper,False,False,False,False,False,False,True,False,5,Convenience Store only,1,Single record,0.0,1,High,False
barcelona,BAR_LOC_001135,41.40757981675425,2.17364973051648,2,2,Celeritas | UPS,"Carrer de Còrsega, 562",Lock And Be Free,False,False,False,False,False,False,True,False,5,Convenience Store only,3,"Multiple companies, single service",38.78,3,Review,True
barcelona,BAR_LOC_001136,41.4087756315919,2.17265872674427,1,1,Celeritas,"Carrer de la Indústria, 126",Maslife C. Industria,False,False,False,False,False,False,True,False,5,Convenience Store only,1,Single record,0.0,1,High,False
barcelona,BAR_LOC_001137,41.4092517518141,2.18626351140185,1,1,Celeritas,"Carrer de Rogent, 1",Yoigo Rogent,False,False,False,False,False,False,True,False,5,Convenience Store only,1,Single record,0.0,1,High,False
barcelona,BAR_LOC_001138,41.4150636870666,2.19002797289174,1,1,Celeritas,"Carrer de Biscaia, 334",Papereria Peã‘A,False,False,False,False,False,False,True,False,5,Convenience Store only,1,Single record,0.0,1,High,False
barcelona,BAR_LOC_001139,41.3797115688011,2.13131722672539,1,1,Celeritas,"Carrer de Violant d'Hongria Reina d'Aragó, 90",Fnq Telefonia,False,False,False,False,False,False,True,False,5,Convenience Store only,1,Single record,0.0,1,High,False
barcelona,BAR_LOC_001140,41.3916229609888,2.14085414207597,1,1,Celeritas,"Av. de Sarrià, 56",Prink Sarria,False,False,False,False,False,False,True,False,5,Convenience Store only,1,Single record,0.0,1,High,False
barcelona,BAR_LOC_001141,41.385547406582,2.147950803443,1,1,Celeritas,"C. de Provença, 59",Centre Vet Provenã‡A,False,False,False,False,False,False,True,False,5,Convenience Store only,1,Single record,0.0,1,High,False
barcelona,BAR_LOC_001142,41.3851456209363,2.14225557275735,1,1,Celeritas,"Av. de Josep Tarradellas, 55",Global Motos,False,False,False,False,False,False,True,False,5,Convenience Store only,1,Single record,0.0,1,High,False
barcelona,BAR_LOC_001143,41.435632198568,2.1901963711224,1,1,Celeritas,"Carrer del Dr. Balari i Jovany, 4",Llibreria Dit I Fet,False,False,False,False,False,False,True,False,5,Convenience Store only,1,Single record,0.0,1,High,False
barcelona,BAR_LOC_001144,41.4318255815391,2.18938910347323,1,1,Celeritas,"Carrer Gran de Sant Andreu, 119",Halcon Viajes Sant Andreu,False,False,False,False,False,False,True,False,5,Convenience Store only,1,Single record,0.0,1,High,False
barcelona,BAR_LOC_001145,41.4299391494657,2.18985504210092,1,1,Celeritas,"Carrer Gran de Sant Andreu, 59",El Buen Tabacs,False,False,False,False,False,False,True,False,5,Convenience Store only,1,Single record,0.0,1,High,False
barcelona,BAR_LOC_001146,41.427427897596,2.15480348072819,1,1,Celeritas,"Calle de Serrallonga, 1",Copyvan Serveis Grafics Professionals,False,False,False,False,False,False,True,False,5,Convenience Store only,1,Single record,0.0,1,High,False
barcelona,BAR_LOC_001147,41.3906037738692,2.15685841138975,1,1,Celeritas,"Carrer d'Aribau, 93",Tabacs Aribau 93,False,False,False,False,False,False,True,False,5,Convenience Store only,1,Single record,0.0,1,High,False
barcelona,BAR_LOC_001148,41.3878556711354,2.15308657275886,1,1,Celeritas,"Carrer de Mallorca, 115",Libreria Mallorca,False,False,False,False,False,False,True,False,5,Convenience Store only,1,Single record,0.0,1,High,False
barcelona,BAR_LOC_001149,41.3981505330001,2.1680184187942,1,1,Celeritas,"Carrer de Mallorca, 314",Tel Mobile Shop,False,False,False,False,False,False,True,False,5,Convenience Store only,1,Single record,0.0,1,High,False
barcelona,BAR_LOC_001150,41.3643873037706,2.13516545740099,1,1,Celeritas,"Gran Via de les Corts Catalanes, 130",Farmacia Plaça Cerdá,False,False,False,False,False,False,True,False,5,Convenience Store only,1,Single record,0.0,1,High,False
barcelona,BAR_LOC_001151,41.4212572156556,2.18016708812369,1,1,Celeritas,"Carrer de Santa Joaquima de Vedruna, 1",El Rinconcito De Merce,False,False,False,False,False,False,True,False,5,Convenience Store only,1,Single record,0.0,1,High,False
barcelona,BAR_LOC_001152,41.422127466647,2.17931552675319,1,1,Celeritas,"Pg. Maragall, 151",Maslife Maragall,False,False,False,False,False,False,True,False,5,Convenience Store only,1,Single record,0.0,1,High,False
barcelona,BAR_LOC_001153,41.42798449432053,2.1375421813689868,3,3,Celeritas | Ctt Express | Nacex,"Carrer d'Idumea, 14",Farmacia Idumea | Farmacia Idumea (0824-03),False,False,False,False,False,False,True,False,5,Convenience Store only,3,"Multiple companies, single service",15.76,2,Medium,False
barcelona,BAR_LOC_001154,41.3622713572969,2.09767738518823,1,1,Celeritas,"Carrer de Sant Joan, 25",Aqualitics,False,False,False,False,False,False,True,False,5,Convenience Store only,1,Single record,0.0,1,High,False
barcelona,BAR_LOC_001155,41.3664140164245,2.12739302105452,1,1,Celeritas,"Carrer Pareto, 19",Halcon Viajes Pareto,False,False,False,False,False,False,True,False,5,Convenience Store only,1,Single record,0.0,1,High,False
barcelona,BAR_LOC_001156,41.373199169197925,2.120622249303535,4,2,Celeritas | Ctt Express,"C/ del Progreso, 61 | C/ del Progreso, 63 | PROGRESO 63, 08904, HOSPITALET DE LLOBREGAT",Cibaeña Multiservicios | Progres Telefonia. | Western Union Ofi Collblanc.,False,False,False,False,False,False,True,False,5,Convenience Store only,3,"Multiple companies, single service",9.47,1,High,False
barcelona,BAR_LOC_001157,41.37482539314695,2.1158943325947996,2,2,Celeritas | Ctt Express,"Travessera de Collblanc, 15",Panaderia Pasteleria Soraya,False,False,False,False,False,False,True,False,5,Convenience Store only,3,"Multiple companies, single service",7.42,1,High,False
barcelona,BAR_LOC_001158,41.3705107074352,2.11044076500327,1,1,Celeritas,"Avinguda Miraflores, 33",Maslife Miraflores,False,False,False,False,False,False,True,False,5,Convenience Store only,1,Single record,0.0,1,High,False
barcelona,BAR_LOC_001159,41.3735705795672,2.10609325204593,2,2,Celeritas | Ctt Express,"Av. Josep Molins, 56",Pubilla Iberic Sl,False,False,False,False,False,False,True,False,5,Convenience Store only,3,"Multiple companies, single service",6.19,1,High,False
barcelona,BAR_LOC_001160,41.3718722606335,2.10107526316643,1,1,Celeritas,"Carrer de la Rosa d'Alexandria, 27",Maslife Aleandria,False,False,False,False,False,False,True,False,5,Convenience Store only,1,Single record,0.0,1,High,False
barcelona,BAR_LOC_001161,41.3445700639141,2.1040496457347,1,1,Celeritas,"Carrer de la Feixa Llarga, S/N",Tienda Ilunion Hosp. De Bellvitge,False,False,False,False,False,False,True,False,5,Convenience Store only,1,Single record,0.0,1,High,False
barcelona,BAR_LOC_001162,41.353268075379205,2.11367008727801,2,2,Celeritas | Ctt Express,"Av. de América, 117A",Papeleria Ortiz,False,False,False,False,False,False,True,False,5,Convenience Store only,3,"Multiple companies, single service",19.9,2,Medium,False
barcelona,BAR_LOC_001163,41.3759763250776,2.17076198809397,1,1,Ctt Express,"Av. del Paralelo, 58",Hgt Mobiles,False,False,False,False,False,False,True,False,5,Convenience Store only,1,Single record,0.0,1,High,False
barcelona,BAR_LOC_001164,41.376311217536,2.16788571877976,1,1,Ctt Express,"da. de Sant Pau, 4",Master Mobil,False,False,False,False,False,False,True,False,5,Convenience Store only,1,Single record,0.0,1,High,False
barcelona,BAR_LOC_001165,41.383193435767,2.17069518069924,1,1,Ctt Express,"Carrer del Carme, 13",Casa De Movil,False,False,False,False,False,False,True,False,5,Convenience Store only,1,Single record,0.0,1,High,False
barcelona,BAR_LOC_001166,41.3812609542218,2.16599181138362,1,1,Ctt Express,"Carrer del Peu de la Creu, 32",Bona Compra,False,False,False,False,False,False,True,False,5,Convenience Store only,1,Single record,0.0,1,High,False
barcelona,BAR_LOC_001167,41.381183254953,2.16680998809748,1,1,Ctt Express,"Carrer de la Riera Alta, 12",Informatica,False,False,False,False,False,False,True,False,5,Convenience Store only,1,Single record,0.0,1,High,False
barcelona,BAR_LOC_001168,41.3789708737872,2.17148530343885,1,1,Ctt Express,"Carrer de Sant Pau, 61",Bcn Mobile,False,False,False,False,False,False,True,False,5,Convenience Store only,1,Single record,0.0,1,High,False
barcelona,BAR_LOC_001169,41.3804650592398,2.16318625001203,1,1,Ctt Express,"Rda. de Sant Antoni, 26",Ronda Mobils E Informatica,False,False,False,False,False,False,True,False,5,Convenience Store only,1,Single record,0.0,1,High,False
barcelona,BAR_LOC_001170,41.3803029619124,2.17058241878249,1,1,Ctt Express,"C. de San Rafael, 4",Awais Moviles,False,False,False,False,False,False,True,False,5,Convenience Store only,1,Single record,0.0,1,High,False
barcelona,BAR_LOC_001171,41.3787305844343,2.17811877275303,1,1,Ctt Express,"Carrer de Josep Anselm Clavé, 27",Te Habla Mobile,False,False,False,False,False,False,True,False,5,Convenience Store only,1,Single record,0.0,1,High,False
barcelona,BAR_LOC_001172,41.3852316168571,2.17704709604345,1,1,Ctt Express,"Carrer de la Tapineria, 6",All You Need Is Green,False,False,False,False,False,False,True,False,5,Convenience Store only,1,Single record,0.0,1,High,False
barcelona,BAR_LOC_001173,41.3818706484846,2.17981167275514,1,1,Ctt Express,"Carrer del Regomir, 29",Super Fresc,False,False,False,False,False,False,True,False,5,Convenience Store only,1,Single record,0.0,1,High,False
barcelona,BAR_LOC_001174,41.381858050978,2.17959255741227,1,1,Ctt Express,"Carrer del Regomir, 14",Anthea Natural,False,False,False,False,False,False,True,False,5,Convenience Store only,1,Single record,0.0,1,High,False
barcelona,BAR_LOC_001175,41.3885328722713,2.17777272673106,1,1,Ctt Express,"Carrer de Sant Pere Més Baix, 41",Modafone Movile,False,False,False,False,False,False,True,False,5,Convenience Store only,1,Single record,0.0,1,High,False
barcelona,BAR_LOC_001176,41.3898678698286,2.17849981878869,1,1,Ctt Express,"Carrer de Sant Pere Més Alt, 74",Mã“Viles Fix It,False,False,False,False,False,False,True,False,5,Convenience Store only,1,Single record,0.0,1,High,False
barcelona,BAR_LOC_001177,41.3888471685352,2.17858318810237,1,1,Ctt Express,"Carrer de Sant Pere Més Baix, 22",Copisteria Bcn Mes Baix 22,False,False,False,False,False,False,True,False,5,Convenience Store only,1,Single record,0.0,1,High,False
barcelona,BAR_LOC_001178,41.3894330615705,2.1711938574172,1,1,Ctt Express,"Rda. de Sant Pere, 9",Mobiland Phone Bcn.,False,False,False,False,False,False,True,False,5,Convenience Store only,1,Single record,0.0,1,High,False
barcelona,BAR_LOC_001179,41.3808349593067,2.18953369604054,1,1,Ctt Express,"Carrer de l'Atlàntida, 41",Mobils House,False,False,False,False,False,False,True,False,5,Convenience Store only,1,Single record,0.0,1,High,False
barcelona,BAR_LOC_001180,41.3866970105315,2.17569946535892,1,1,Ctt Express,"Via Laietana, 44",Mobiciti,False,False,False,False,False,False,True,False,5,Convenience Store only,1,Single record,0.0,1,High,False
barcelona,BAR_LOC_001181,41.3904902785776,2.17990952673249,1,1,Ctt Express,Carrer del Rec Comtal,Super Comtal,False,False,False,False,False,False,True,False,5,Convenience Store only,1,Single record,0.0,1,High,False
barcelona,BAR_LOC_001182,41.3748761983504,2.16241767275066,1,1,Ctt Express,"Carrer de Blai, 59",Caribbean Holidays Travel Sl,False,False,False,False,False,False,True,False,5,Convenience Store only,1,Single record,0.0,1,High,False
barcelona,BAR_LOC_001183,41.3744988220616,2.16390237275031,1,1,Ctt Express,"Carrer de Blai, 37",Casa De La Carcasa,False,False,False,False,False,False,True,False,5,Convenience Store only,1,Single record,0.0,1,High,False
barcelona,BAR_LOC_001184,41.3753721058665,2.1551750113798,1,1,Ctt Express,"Av. del Paralelo, 173",Mercado Moviles.,False,False,False,False,False,False,True,False,5,Convenience Store only,1,Single record,0.0,1,High,False
barcelona,BAR_LOC_001185,41.3694378654621,2.14304777274702,1,1,Ctt Express,"Carrer de Mandoni, 10",Mini Supermercado,False,False,False,False,False,False,True,False,5,Convenience Store only,1,Single record,0.0,1,High,False
barcelona,BAR_LOC_001186,41.3730365365433,2.16777118809215,1,1,Ctt Express,"C. de Blesa, 37",Tawaqal CarnicerãA,False,False,False,False,False,False,True,False,5,Convenience Store only,1,Single record,0.0,1,High,False
barcelona,BAR_LOC_001187,41.3733156241969,2.16649199603568,1,1,Ctt Express,"Carrer d'En Fontrodona, 44",Ey Salon De Belleza,False,False,False,False,False,False,True,False,5,Convenience Store only,1,Single record,0.0,1,High,False
barcelona,BAR_LOC_001188,41.3748105353705,2.1667934267221,1,1,Ctt Express,"Carrer del Roser, 12",EnvãOs Roser,False,False,False,False,False,False,True,False,5,Convenience Store only,1,Single record,0.0,1,High,False
barcelona,BAR_LOC_001189,41.4033964357877,2.20370709605527,1,1,Ctt Express,"Carrer de Bilbao, 34",Casa Del Mobils,False,False,False,False,False,False,True,False,5,Convenience Store only,1,Single record,0.0,1,High,False
barcelona,BAR_LOC_001190,41.39233624314005,2.1889585920764,2,1,Ctt Express,"C/ de Llull, 17 | Carrer de Sardenya, 37",Ciutadella Mobils | Estanco 18 Bcn,False,False,False,False,False,False,True,False,5,Convenience Store only,2,"Same company, multiple records",5.56,1,High,False
barcelona,BAR_LOC_001191,41.4014576916423,2.20319838071131,1,1,Ctt Express,"Carrer de Marià Aguiló, 92",Cover House,False,False,False,False,False,False,True,False,5,Convenience Store only,1,Single record,0.0,1,High,False
barcelona,BAR_LOC_001192,41.3988682806566,2.20449956536674,1,1,Ctt Express,"Rbla. del Poblenou, 11",Dani Mobiles,False,False,False,False,False,False,True,False,5,Convenience Store only,1,Single record,0.0,1,High,False
barcelona,BAR_LOC_001193,41.39607952125,2.19993907276444,1,1,Ctt Express,"Carrer de Badajoz, 26",Super Mercat,False,False,False,False,False,False,True,False,5,Convenience Store only,1,Single record,0.0,1,High,False
barcelona,BAR_LOC_001194,41.4030902090812,2.14218094208336,1,1,Ctt Express,"Carrer de Ferran Valls i Taberner, 2",Bar Granja Lili,False,False,False,False,False,False,True,False,5,Convenience Store only,1,Single record,0.0,1,High,False
barcelona,BAR_LOC_001195,41.3986700903765,2.15256156536666,1,1,Ctt Express,"Travessera de Gràcia, 90",Cat Mobil,False,False,False,False,False,False,True,False,5,Convenience Store only,1,Single record,0.0,1,High,False
barcelona,BAR_LOC_001196,41.4036435926192,2.13846897276926,1,1,Ctt Express,"Ronda del General Mitre, 132",Mobil Tech,False,False,False,False,False,False,True,False,5,Convenience Store only,1,Single record,0.0,1,High,False
barcelona,BAR_LOC_001197,41.4045925026037,2.14823267276992,1,1,Ctt Express,"Plaça Mañé i Flaquer, 4",Myclinic Barcelona,False,False,False,False,False,False,True,False,5,Convenience Store only,1,Single record,0.0,1,High,False
barcelona,BAR_LOC_001198,41.3900620071477,2.15999915496363,1,1,Ctt Express,"Carrer de València, 226",Star Mobile,False,False,False,False,False,False,True,False,5,Convenience Store only,1,Single record,0.0,1,High,False
barcelona,BAR_LOC_001199,41.3919057990741,2.16170832612788,1,1,Ctt Express,"Carrer de València, 237",Kiosco Valencia,False,False,False,False,False,False,True,False,5,Convenience Store only,1,Single record,0.0,1,High,False
barcelona,BAR_LOC_001200,41.3867335122834,2.15543857030656,1,1,Ctt Express,"C. de Villarroel, 126",Makkah Mobils,False,False,False,False,False,False,True,False,5,Convenience Store only,1,Single record,0.0,1,High,False
barcelona,BAR_LOC_001201,41.3819121733153,2.16332531263485,1,1,Ctt Express,"Rda. de Sant Antoni, 33",Atisam Mobils Informatica,False,False,False,False,False,False,True,False,5,Convenience Store only,1,Single record,0.0,1,High,False
barcelona,BAR_LOC_001202,41.3836139689854,2.16107218379912,1,1,Ctt Express,"Carrer de Casanova, 33",Casanova 33 Mobils.,False,False,False,False,False,False,True,False,5,Convenience Store only,1,Single record,0.0,1,High,False
barcelona,BAR_LOC_001203,41.3852064141741,2.16187609729183,1,1,Ctt Express,"Gran Via de les Corts Catalanes, 571",Mix Mobile,False,False,False,False,False,False,True,False,5,Convenience Store only,1,Single record,0.0,1,High,False
barcelona,BAR_LOC_001204,41.38501051591,2.15776231263494,1,1,Ctt Express,"Calle del Consejo de Ciento, 204",Iconic Mobile,False,False,False,False,False,False,True,False,5,Convenience Store only,1,Single record,0.0,1,High,False
barcelona,BAR_LOC_001205,41.379943027214,2.16233365496317,1,1,Ctt Express,"Carrer de Tamarit, 183",Ipro Mã“Viles,False,False,False,False,False,False,True,False,5,Convenience Store only,1,Single record,0.0,1,High,False
barcelona,BAR_LOC_001206,41.3822096508409,2.1591646,1,1,Ctt Express,"Carrer del Comte d'Urgell, 64",Asim Mã“Viles,False,False,False,False,False,False,True,False,5,Convenience Store only,1,Single record,0.0,1,High,False
barcelona,BAR_LOC_001207,41.4051543735054,2.15416388379997,1,1,Ctt Express,"Carrer del Torrent de l'Olla, 194",Sirkel,False,False,False,False,False,False,True,False,5,Convenience Store only,1,Single record,0.0,1,High,False
barcelona,BAR_LOC_001208,41.4005029743992,2.15610061078513,1,1,Ctt Express,"Travessera de Gràcia, 131",Prink Travessera De Gracia,False,False,False,False,False,False,True,False,5,Convenience Store only,1,Single record,0.0,1,High,False
barcelona,BAR_LOC_001209,41.4017979805721,2.17262332612829,1,1,Ctt Express,"Carrer de Mallorca, 369",Ibarcelona,False,False,False,False,False,False,True,False,5,Convenience Store only,1,Single record,0.0,1,High,False
barcelona,BAR_LOC_001210,41.4033163093733,2.1774472684568,1,1,Ctt Express,"Carrer de València, 462",Pacifico Market,False,False,False,False,False,False,True,False,5,Convenience Store only,1,Single record,0.0,1,High,False
barcelona,BAR_LOC_001211,41.4037473624409,2.1796721431372648,2,2,Ctt Express | Nacex,"Carrer d'Aragó, 475",Estanco Carmen Pardo Jerica | Estanco Nâo 404 Carmen-Bea,False,False,False,False,False,False,True,False,5,Convenience Store only,3,"Multiple companies, single service",5.37,1,High,False
barcelona,BAR_LOC_001212,41.4067133702228,2.18197348194962,1,1,Ctt Express,"Carrer de València, 544",La Botiga De Maxi,False,False,False,False,False,False,True,False,5,Convenience Store only,1,Single record,0.0,1,High,False
barcelona,BAR_LOC_001213,41.3869380129495,2.13472271078457,1,1,Ctt Express,"Travessera de les Corts, 289",Estanco 292,False,False,False,False,False,False,True,False,5,Convenience Store only,1,Single record,0.0,1,High,False
barcelona,BAR_LOC_001214,41.37563875371415,2.14394711287304,2,2,Ctt Express | UPS,"C. del Callao, 2",Fnq TelefonãA | Full-Fnq Telefonia Ii,False,False,False,False,False,False,True,False,5,Convenience Store only,3,"Multiple companies, single service",15.86,2,Medium,False
barcelona,BAR_LOC_001215,41.3755262715228,2.14504291349267,1,1,Ctt Express,"Carrer de la Creu Coberta, 77",Mex Mobile Exchange..,False,False,False,False,False,False,True,False,5,Convenience Store only,1,Single record,0.0,1,High,False
barcelona,BAR_LOC_001216,41.384837915132,2.13337186845602,1,1,Ctt Express,"Carrer del Vallespir, 187",Farmer Technologies And Solutions,False,False,False,False,False,False,True,False,5,Convenience Store only,1,Single record,0.0,1,High,False
barcelona,BAR_LOC_001217,41.3668269022316,2.13462851078376,1,1,Ctt Express,"Rambla de Badal, 26",Bakery! Coffee Migas,False,False,False,False,False,False,True,False,5,Convenience Store only,1,Single record,0.0,1,High,False
barcelona,BAR_LOC_001218,41.3833857690115,2.13581533962022,1,1,Ctt Express,"Carrer dels Comtes de Bell-Lloc, 184",Supermercado,False,False,False,False,False,False,True,False,5,Convenience Store only,1,Single record,0.0,1,High,False
barcelona,BAR_LOC_001219,41.3753390123005,2.15323614047799,1,1,Ctt Express,"Av. del Paralelo, 186",Jk Mundo Mobile,False,False,False,False,False,False,True,False,5,Convenience Store only,1,Single record,0.0,1,High,False
barcelona,BAR_LOC_001220,41.4370091226808,2.17355162612975,1,1,Ctt Express,"Passeig del Verdum, 18",Locutorio 507 (Solo Pago En Efectivo),False,False,False,False,False,False,True,False,5,Convenience Store only,1,Single record,0.0,1,High,False
barcelona,BAR_LOC_001221,41.4288974235028,2.18261775311478,1,1,Ctt Express,"Carrer d'Escòcia, 30",EnvãA Fondos Iii,False,False,False,False,False,False,True,False,5,Convenience Store only,1,Single record,0.0,1,High,False
barcelona,BAR_LOC_001222,41.4427891965184,2.17940648380153,1,1,Ctt Express,"Carrer d'Argullós, 129",Hondufast Export,False,False,False,False,False,False,True,False,5,Convenience Store only,1,Single record,0.0,1,High,False
barcelona,BAR_LOC_001223,41.4405435705335,2.17681182612986,1,1,Ctt Express,"Vía Julia, 48",Mex Mobile Exchange,False,False,False,False,False,False,True,False,5,Convenience Store only,1,Single record,0.0,1,High,False
barcelona,BAR_LOC_001224,41.4451215025216,2.17948962883577,1,1,Ctt Express,"Vía Julia, 166",Bona Informatica,False,False,False,False,False,False,True,False,5,Convenience Store only,1,Single record,0.0,1,High,False
barcelona,BAR_LOC_001225,41.3976673261629,2.12888536660614,1,1,Ctt Express,"C/ del Milanesado, 15",Tres Torres Supermercat,False,False,False,False,False,False,True,False,5,Convenience Store only,1,Single record,0.0,1,High,False
barcelona,BAR_LOC_001226,41.3964905917455,2.12460955496388,1,1,Ctt Express,"Carrer Major de Sarrià, 9",Mobile Tech,False,False,False,False,False,False,True,False,5,Convenience Store only,1,Single record,0.0,1,High,False
barcelona,BAR_LOC_001227,41.3960982008485,2.12916434332163,1,1,Ctt Express,"Carrer del Rosari, 14",Supermercat Rosari,False,False,False,False,False,False,True,False,5,Convenience Store only,1,Single record,0.0,1,High,False
barcelona,BAR_LOC_001228,41.4084978407621,2.18741214147169,1,1,Ctt Express,"Carrer de la Sèquia Comtal, 17",Super.,False,False,False,False,False,False,True,False,5,Convenience Store only,1,Single record,0.0,1,High,False
barcelona,BAR_LOC_001229,41.4086723128599,2.18832951078547,1,1,Ctt Express,"Carrer del Clot, 69",Ferreteria El Clot,False,False,False,False,False,False,True,False,5,Convenience Store only,1,Single record,0.0,1,High,False
barcelona,BAR_LOC_001230,41.407955767607,2.18843025311388,1,1,Ctt Express,"Plaça de Font i Sagué, 2",Star Moviles,False,False,False,False,False,False,True,False,5,Convenience Store only,1,Single record,0.0,1,High,False
barcelona,BAR_LOC_001231,41.4162925124408,2.21116898194996,1,1,Ctt Express,"Carrer del Maresme, 128",TintorerãA Maresme,False,False,False,False,False,False,True,False,5,Convenience Store only,1,Single record,0.0,1,High,False
barcelona,BAR_LOC_001232,41.4182725914541,2.2113714126363,1,1,Ctt Express,"Carrer Bernat Martorell, 3",Ali Locutori,False,False,False,False,False,False,True,False,5,Convenience Store only,1,Single record,0.0,1,High,False
barcelona,BAR_LOC_001233,41.406792464047,2.20700586845694,1,1,Ctt Express,"Carrer de Pujades, 309",E.S. Tamoil,False,False,False,False,False,False,True,False,5,Convenience Store only,1,Single record,0.0,1,High,False
barcelona,BAR_LOC_001234,41.4179623308084,2.21138821263627,1,1,Ctt Express,"Rambla de Prim, 140",La Remesa Express,False,False,False,False,False,False,True,False,5,Convenience Store only,1,Single record,0.0,1,High,False
barcelona,BAR_LOC_001235,41.4166491603661,2.21083143962155,1,1,Ctt Express,"Carrer del Maresme, 130",Supermercado Raza,False,False,False,False,False,False,True,False,5,Convenience Store only,1,Single record,0.0,1,High,False
barcelona,BAR_LOC_001236,41.4206475507042,2.20549717116421,1,1,Ctt Express,"Carrer del Maresme, 220",Sohaib Locutorio Palmera,False,False,False,False,False,False,True,False,5,Convenience Store only,1,Single record,0.0,1,High,False
barcelona,BAR_LOC_001237,41.4244029329698,2.20381990893564,1,1,Ctt Express,"Carrer del Camp Arriassa, 76",Hadi Mobile,False,False,False,False,False,False,True,False,5,Convenience Store only,1,Single record,0.0,1,High,False
barcelona,BAR_LOC_001238,41.421262591653,2.20396811078597,1,1,Ctt Express,"Carrer del Maresme, 243",Habib Telefonia,False,False,False,False,False,False,True,False,5,Convenience Store only,1,Single record,0.0,1,High,False
barcelona,BAR_LOC_001239,41.4200637967591,2.19905548195017,1,1,Ctt Express,"Carrer de l'Agricultura, 288",Perfumeria Maruval,False,False,False,False,False,False,True,False,5,Convenience Store only,1,Single record,0.0,1,High,False
barcelona,BAR_LOC_001240,41.3961224891536,2.14893573962075,1,1,Ctt Express,"Carrer d'Aribau, 205",Mobile Zone,False,False,False,False,False,False,True,False,5,Convenience Store only,1,Single record,0.0,1,High,False
barcelona,BAR_LOC_001241,41.395929102908,2.14239659729227,1,1,Ctt Express,"Carrer de Calvet, 56",Proxima Movil,False,False,False,False,False,False,True,False,5,Convenience Store only,1,Single record,0.0,1,High,False
barcelona,BAR_LOC_001242,41.4128899572169,2.13943988380033,1,1,Ctt Express,"Av. de la República Argentina, 247",Master TelefonãA,False,False,False,False,False,False,True,False,5,Convenience Store only,1,Single record,0.0,1,High,False
barcelona,BAR_LOC_001243,41.4096498868546,2.14577640202965,1,1,Ctt Express,"Carrer d'Agramunt, 19, Sarrià-Sant Gervasi",Pack Catalunya Alimentaciã“N,False,False,False,False,False,False,True,False,5,Convenience Store only,1,Single record,0.0,1,High,False
barcelona,BAR_LOC_001244,41.411451920998,2.16424236660668,1,1,Ctt Express,"Carrer de Pi i Margall, 97",Biz Movil,False,False,False,False,False,False,True,False,5,Convenience Store only,1,Single record,0.0,1,High,False
barcelona,BAR_LOC_001245,41.4109410937357,2.16406431078558,1,1,Ctt Express,"Carrer de Sardenya, 494",Movil Star,False,False,False,False,False,False,True,False,5,Convenience Store only,1,Single record,0.0,1,High,False
barcelona,BAR_LOC_001246,41.4118052191485,2.15055185496444,1,1,Ctt Express,"Carrer de Sostres, 10",Supermercado Sostre,False,False,False,False,False,False,True,False,5,Convenience Store only,1,Single record,0.0,1,High,False
barcelona,BAR_LOC_001247,41.4087483789376,2.15199361263591,1,1,Ctt Express,"C/ de Travessera de Dalt, 21",Gracia Informatica,False,False,False,False,False,False,True,False,5,Convenience Store only,1,Single record,0.0,1,High,False
barcelona,BAR_LOC_001248,41.4113520997483,2.17633345496447,1,1,Ctt Express,"Carrer del dos de Maig, 311",Kiosko La Vanguardia,False,False,False,False,False,False,True,False,5,Convenience Store only,1,Single record,0.0,1,High,False
barcelona,BAR_LOC_001249,41.4056625724355,2.17293435496423,1,1,Ctt Express,"Carrer de la Marina, 279",Nepali Fashion Collection,False,False,False,False,False,False,True,False,5,Convenience Store only,1,Single record,0.0,1,High,False
barcelona,BAR_LOC_001250,41.4079954549124,2.16961445311388,1,1,Ctt Express,"Carrer de Sant Antoni Maria Claret, 83",Clasico Movil,False,False,False,False,False,False,True,False,5,Convenience Store only,1,Single record,0.0,1,High,False
barcelona,BAR_LOC_001251,41.4096034107842,2.18457358194975,1,1,Ctt Express,"Carrer de Rogent, 44",Rogent Telefonia.,False,False,False,False,False,False,True,False,5,Convenience Store only,1,Single record,0.0,1,High,False
barcelona,BAR_LOC_001252,41.4140037392839,2.18091175496457,1,1,Ctt Express,"Pg. Maragall, 11",Mistar.,False,False,False,False,False,False,True,False,5,Convenience Store only,1,Single record,0.0,1,High,False
barcelona,BAR_LOC_001253,41.4105996411943,2.18449422612865,1,1,Ctt Express,"Carrer de Mallorca, 567",La Casa Dels Movils,False,False,False,False,False,False,True,False,5,Convenience Store only,1,Single record,0.0,1,High,False
barcelona,BAR_LOC_001254,41.4087231724827,2.18430988380015,1,1,Ctt Express,"Carrer de València, 577",Venere Boutique,False,False,False,False,False,False,True,False,5,Convenience Store only,1,Single record,0.0,1,High,False
barcelona,BAR_LOC_001255,41.423025490888,2.17869638380076,1,1,Ctt Express,"Pg. Maragall, 142",Maragall Moviles.,False,False,False,False,False,False,True,False,5,Convenience Store only,1,Single record,0.0,1,High,False
barcelona,BAR_LOC_001256,41.4158372981714,2.18923790893531,1,1,Ctt Express,"Carrer de Múrcia, 34",Banana Efe Mobile,False,False,False,False,False,False,True,False,5,Convenience Store only,1,Single record,0.0,1,High,False
barcelona,BAR_LOC_001257,41.4188491811743,2.18865193962167,1,1,Ctt Express,"Carrer de Josep Estivill, 39",Kibria Telecom,False,False,False,False,False,False,True,False,5,Convenience Store only,1,Single record,0.0,1,High,False
barcelona,BAR_LOC_001258,41.4178605011264,2.18889661078583,1,1,Ctt Express,"Carrer de Bofarull, 40",Terranova Cnc 176,False,False,False,False,False,False,True,False,5,Convenience Store only,1,Single record,0.0,1,High,False
barcelona,BAR_LOC_001259,41.4261276739365,2.18545508380085,1,1,Ctt Express,"Av. Meridiana, 329",Supermercat,False,False,False,False,False,False,True,False,5,Convenience Store only,1,Single record,0.0,1,High,False
barcelona,BAR_LOC_001260,41.3760182888686,2.12216933961991,1,1,Ctt Express,"Carrer de Sants, 384",H.B Mã“Vil,False,False,False,False,False,False,True,False,5,Convenience Store only,1,Single record,0.0,1,High,False
barcelona,BAR_LOC_001261,41.3778027816628,2.13527336845576,1,1,Ctt Express,"Carrer de Galileu, 58",Movil Internet Sant,False,False,False,False,False,False,True,False,5,Convenience Store only,1,Single record,0.0,1,High,False
barcelona,BAR_LOC_001262,41.379082929237,2.12884359544113,1,1,Ctt Express,"Rambla del Brasil, 57",Ayaan Bcn Moblies,False,False,False,False,False,False,True,False,5,Convenience Store only,1,Single record,0.0,1,High,False
barcelona,BAR_LOC_001263,41.3773416359111,2.1293024261273,1,1,Ctt Express,"Rambla del Brasil, 25",Mk Movils,False,False,False,False,False,False,True,False,5,Convenience Store only,1,Single record,0.0,1,High,False
barcelona,BAR_LOC_001264,41.3798471784416,2.13302888194847,1,1,Ctt Express,"Carrer de Joan Güell, 74",Gourmet Espress,False,False,False,False,False,False,True,False,5,Convenience Store only,1,Single record,0.0,1,High,False
barcelona,BAR_LOC_001265,41.382423058289845,2.12723906412987,2,2,Ctt Express | Gls,"Travessera de les Corts, 161",Camp Nou Telefonia | Ps Camp Nou Telefonia,False,False,False,False,False,False,True,False,5,Convenience Store only,3,"Multiple companies, single service",35.8,3,Review,True
barcelona,BAR_LOC_001266,41.3851824142365,2.14162806845606,1,1,Ctt Express,"C.de Berlín, 105",Bar Restaurante Beer Time,False,False,False,False,False,False,True,False,5,Convenience Store only,1,Single record,0.0,1,High,False
barcelona,BAR_LOC_001267,41.3836507945083,2.14600501534311,1,1,Ctt Express,"Carrer d'Entença, 160",Waqas Movil,False,False,False,False,False,False,True,False,5,Convenience Store only,1,Single record,0.0,1,High,False
barcelona,BAR_LOC_001268,41.383476718671,2.14654672612755,1,1,Ctt Express,"C. de Provença, 60",Art Lash Bcn,False,False,False,False,False,False,True,False,5,Convenience Store only,1,Single record,0.0,1,High,False
barcelona,BAR_LOC_001269,41.4382723313834,2.18878726845823,1,1,Ctt Express,"Carrer Gran de Sant Andreu, 351",Estanc Merce Exp. Nâo 370,False,False,False,False,False,False,True,False,5,Convenience Store only,1,Single record,0.0,1,High,False
barcelona,BAR_LOC_001270,41.4376458209449,2.18915939729398,1,1,Ctt Express,"Carrer Gran de Sant Andreu, 333",Teck Movil,False,False,False,False,False,False,True,False,5,Convenience Store only,1,Single record,0.0,1,High,False
barcelona,BAR_LOC_001271,41.4424191007112,2.19054648565194,1,1,Ctt Express,"Carrer de Palomar, 44",Mistar Moviles,False,False,False,False,False,False,True,False,5,Convenience Store only,1,Single record,0.0,1,High,False
barcelona,BAR_LOC_001272,41.4426479844648,2.18706345496575,1,1,Ctt Express,"Plaça de Mossèn Clapés, 14",Yasin Meridiana Sl,False,False,False,False,False,False,True,False,5,Convenience Store only,1,Single record,0.0,1,High,False
barcelona,BAR_LOC_001273,41.4404747272196,2.19104200893631,1,1,Ctt Express,"Passeig de Torras i Bages, 90",Universe Mobil,False,False,False,False,False,False,True,False,5,Convenience Store only,1,Single record,0.0,1,High,False
barcelona,BAR_LOC_001274,41.4304668405168,2.18873104147257,1,1,Ctt Express,"Rambla de Fabra i Puig, 18",Data Mã’bils,False,False,False,False,False,False,True,False,5,Convenience Store only,1,Single record,0.0,1,High,False
barcelona,BAR_LOC_001275,41.4306070401346,2.16582558380103,1,1,Ctt Express,"Pg. de Fabra i Puig, 331",Super Alimentacion,False,False,False,False,False,False,True,False,5,Convenience Store only,1,Single record,0.0,1,High,False
barcelona,BAR_LOC_001276,41.4296805771741,2.16278224263916,1,1,Ctt Express,"Pg. Maragall, 400",Estanc 377,False,False,False,False,False,False,True,False,5,Convenience Store only,1,Single record,0.0,1,High,False
barcelona,BAR_LOC_001277,41.4306017045333,2.17012198867177,1,1,Ctt Express,"Pg. de Fabra i Puig, 285",Patel Movil Y Accesorios . Servicio Tã‰Cnico,False,False,False,False,False,False,True,False,5,Convenience Store only,1,Single record,0.0,1,High,False
barcelona,BAR_LOC_001278,41.4271824057143,2.17503552729344,1,1,Ctt Express,"Carrer de Cubelles, 1",Expendeduria 388,False,False,False,False,False,False,True,False,5,Convenience Store only,1,Single record,0.0,1,High,False
barcelona,BAR_LOC_001279,41.4313480367106,2.16904098867201,1,1,Ctt Express,"Pg. de Fabra i Puig, 322",Gpl Mobiles,False,False,False,False,False,False,True,False,5,Convenience Store only,1,Single record,0.0,1,High,False
barcelona,BAR_LOC_001280,41.4307964134749,2.17261251195206,1,1,Ctt Express,"Pg. de Fabra i Puig, 251",Zyan Moviles,False,False,False,False,False,False,True,False,5,Convenience Store only,1,Single record,0.0,1,High,False
barcelona,BAR_LOC_001281,41.423879894237,2.15570409660356,1,1,Ctt Express,"Carrer de la Conca de Tremp, 29",Kamay Centro De Uã‘As Y Estetica,False,False,False,False,False,False,True,False,5,Convenience Store only,1,Single record,0.0,1,High,False
barcelona,BAR_LOC_001282,41.4223963104145,2.15527596591473,1,1,Ctt Express,"C/ de Calderón de la Barca, 45",La Casa De La Fruita,False,False,False,False,False,False,True,False,5,Convenience Store only,1,Single record,0.0,1,High,False
barcelona,BAR_LOC_001283,41.4256033754431,2.15583420401219,1,1,Ctt Express,"C. de Sigüenza, 8",Tienda De Moviles,False,False,False,False,False,False,True,False,5,Convenience Store only,1,Single record,0.0,1,High,False
barcelona,BAR_LOC_001284,41.4296351776242,2.16260900401487,1,1,Ctt Express,"Pg. Maragall, 419",Vapeworld,False,False,False,False,False,False,True,False,5,Convenience Store only,1,Single record,0.0,1,High,False
barcelona,BAR_LOC_001285,41.4258730667315,2.15707101194868,1,1,Ctt Express,"Carrer del Llobregós, 98",Tabacos Estanco Nâo 301,False,False,False,False,False,False,True,False,5,Convenience Store only,1,Single record,0.0,1,High,False
barcelona,BAR_LOC_001286,41.5378695033977,2.43373411202161,1,1,Ctt Express,"Carrer Miquel Biada, 121",E Mazon 1227,False,False,False,False,False,False,True,False,5,Convenience Store only,1,Single record,0.0,1,High,False
barcelona,BAR_LOC_001287,41.4156828836136,2.18077499659824,1,1,Ctt Express,"Pg. Maragall, 28",Mg Mobils,False,False,False,False,False,False,True,False,5,Convenience Store only,1,Single record,0.0,1,High,False
barcelona,BAR_LOC_001288,41.3945611025193,2.12504658124057,1,1,Ctt Express,"Carrer de Manuel de Falla, 13",Proxima Movil,False,False,False,False,False,False,True,False,5,Convenience Store only,1,Single record,0.0,1,High,False
barcelona,BAR_LOC_001289,41.3878788987264,2.15327411986065,1,1,Ctt Express,"C. de Villarroel, 153",Phone Gallery,False,False,False,False,False,False,True,False,5,Convenience Store only,1,Single record,0.0,1,High,False
barcelona,BAR_LOC_001290,41.3943110110258,2.15271484261616,1,1,Ctt Express,"Carrer d'Aribau, 184",Aribau Finetwork,False,False,False,False,False,False,True,False,5,Convenience Store only,1,Single record,0.0,1,High,False
barcelona,BAR_LOC_001291,41.3886280757698,2.15503266589281,1,1,Ctt Express,"Carrer de Casanova, 119",I-Mobile,False,False,False,False,False,False,True,False,5,Convenience Store only,1,Single record,0.0,1,High,False
barcelona,BAR_LOC_001292,41.3892165781921,2.15086501933257,1,1,Ctt Express,"Carrer del Rosselló, 145",Open Super Fresco,False,False,False,False,False,False,True,False,5,Convenience Store only,1,Single record,0.0,1,High,False
barcelona,BAR_LOC_001293,41.4038090542297,2.16201744262241,1,1,Ctt Express,"Carrer de Bailèn, 233",Raza Phone House,False,False,False,False,False,False,True,False,5,Convenience Store only,1,Single record,0.0,1,High,False
barcelona,BAR_LOC_001294,41.4014077392289,2.1651799579647,1,1,Ctt Express,"Carrer de Bailèn, 171",Expert Mobils,False,False,False,False,False,False,True,False,5,Convenience Store only,1,Single record,0.0,1,High,False
barcelona,BAR_LOC_001295,41.403515967032,2.16516856590259,1,1,Ctt Express,"Pg. de St. Joan, 168",Tot Mobils,False,False,False,False,False,False,True,False,5,Convenience Store only,1,Single record,0.0,1,High,False
barcelona,BAR_LOC_001296,41.3597642698775,2.13567985053021,1,1,Ctt Express,"C. de la Energía, 26",Alimentacion La Cirera,False,False,False,False,False,False,True,False,5,Convenience Store only,1,Single record,0.0,1,High,False
barcelona,BAR_LOC_001297,41.4612461228095,2.17786287397085,1,1,Ctt Express,"Av. dels Rasos de Peguera, 21",Mundial Locutorio,False,False,False,False,False,False,True,False,5,Convenience Store only,1,Single record,0.0,1,High,False
barcelona,BAR_LOC_001298,41.4597433865783,2.18105737272031,1,1,Ctt Express,"Av. d'Escolapi Càncer, 5",Supermercat,False,False,False,False,False,False,True,False,5,Convenience Store only,1,Single record,0.0,1,High,False
barcelona,BAR_LOC_001299,41.4513875719029,2.19207485536938,1,1,Ctt Express,"Carrer de la Mare de Déu de Lorda, 46",Hamza Locutorio,False,False,False,False,False,False,True,False,5,Convenience Store only,1,Single record,0.0,1,High,False
barcelona,BAR_LOC_001300,41.4241998753822,2.14866598557648,1,1,Ctt Express,"Carrer de Josep Sangenís, 19",Malik Ilyas Sl,False,False,False,False,False,False,True,False,5,Convenience Store only,1,Single record,0.0,1,High,False
barcelona,BAR_LOC_001301,41.4301168229074,2.22025372039709,1,1,Ctt Express,"Av. de Catalunya, 83",Mobil Clinic,False,False,False,False,False,False,True,False,5,Convenience Store only,1,Single record,0.0,1,High,False
barcelona,BAR_LOC_001302,41.4321229531106,2.22207533812975,1,1,Ctt Express,"Carrer de l'Onze de Setembre, 16",Waseem Fabrics,False,False,False,False,False,False,True,False,5,Convenience Store only,1,Single record,0.0,1,High,False
barcelona,BAR_LOC_001303,41.4327516083723,2.2192741309328,1,1,Ctt Express,"Carrer Andreu Soler, 16",El Mundo Envío,False,False,False,False,False,False,True,False,5,Convenience Store only,1,Single record,0.0,1,High,False
barcelona,BAR_LOC_001304,41.3602048018742,2.10674707784955,1,1,Ctt Express,"Carrer de les Arts i els Oficis, 58",Inkprime,False,False,False,False,False,False,True,False,5,Convenience Store only,1,Single record,0.0,1,High,False
barcelona,BAR_LOC_001305,41.3613099593114,2.10683898202493,1,1,Ctt Express,"Carrer d'Enric Prat de la Riba, 215",Ecolarrel,False,False,False,False,False,False,True,False,5,Convenience Store only,1,Single record,0.0,1,High,False
barcelona,BAR_LOC_001306,41.3619530915014,2.10856443764637,1,1,Ctt Express,"C/ Maestro Candi, 10",Super Bodega,False,False,False,False,False,False,True,False,5,Convenience Store only,1,Single record,0.0,1,High,False
barcelona,BAR_LOC_001307,41.3645288781755,2.10752020773796,1,1,Ctt Express,"Av. de Josep Tarradellas i Joan, 148",Talha Locutorio,False,False,False,False,False,False,True,False,5,Convenience Store only,1,Single record,0.0,1,High,False
barcelona,BAR_LOC_001308,41.3612141625018,2.10601087334158,1,1,Ctt Express,"Carrer d'Enric Prat de la Riba, 186",Mobile Work Shop,False,False,False,False,False,False,True,False,5,Convenience Store only,1,Single record,0.0,1,High,False
barcelona,BAR_LOC_001309,41.361388415769,2.10328730222587,1,1,Ctt Express,"Carrer de Barcelona, 52",Supermercado Patel,False,False,False,False,False,False,True,False,5,Convenience Store only,1,Single record,0.0,1,High,False
barcelona,BAR_LOC_001310,41.3672664524475,2.12664363801442,1,1,Ctt Express,"Carrer Santa Eulàlia, 108",Phones Mòbils I Accessoris,False,False,False,False,False,False,True,False,5,Convenience Store only,1,Single record,0.0,1,High,False
barcelona,BAR_LOC_001311,41.36515483976,2.12526837429425,1,1,Ctt Express,"Av. del Carrilet, 91",Carrilet Mobils,False,False,False,False,False,False,True,False,5,Convenience Store only,1,Single record,0.0,1,High,False
barcelona,BAR_LOC_001312,41.369303169401,2.13067670137086,1,1,Ctt Express,"Carrer de la Riera Blanca, 178",Sohaib Moviles,False,False,False,False,False,False,True,False,5,Convenience Store only,1,Single record,0.0,1,High,False
barcelona,BAR_LOC_001313,41.3664809593997,2.12271116119055,3,3,Ctt Express | Mail Boxes Etc | UPS,"Carrer de Castelao, 2",Mail Boxes Etc. 0289 | Vapstore & Cbd L ́Hospitalet,False,True,False,False,False,False,True,False,7,Multiple services,4,"Multiple companies, multiple services",18.69,2,Medium,False
barcelona,BAR_LOC_001314,41.3674347803315,2.12922884898132,1,1,Ctt Express,"Carrer Santa Eulàlia, 47",Phone Expert,False,False,False,False,False,False,True,False,5,Convenience Store only,1,Single record,0.0,1,High,False
barcelona,BAR_LOC_001315,41.3664824309285,2.12698309749654,1,1,Ctt Express,"Carrer Pareto, 14, BAJO 2",Zeeshan Talib,False,False,False,False,False,False,True,False,5,Convenience Store only,1,Single record,0.0,1,High,False
barcelona,BAR_LOC_001316,41.3650070969434,2.12243377562927,1,1,Ctt Express,"Av. del Carrilet, 123",Frutería Tropicana,False,False,False,False,False,False,True,False,5,Convenience Store only,1,Single record,0.0,1,High,False
barcelona,BAR_LOC_001317,41.3599708192711,2.12620493975303,1,1,Ctt Express,"C. de la Igualdad, 53",Zain Mobils,False,False,False,False,False,False,True,False,5,Convenience Store only,1,Single record,0.0,1,High,False
barcelona,BAR_LOC_001318,41.3713853733758,2.1281977291667,1,1,Ctt Express,"Carrer de la Riera Blanca, 128",Zi Mobiles,False,False,False,False,False,False,True,False,5,Convenience Store only,1,Single record,0.0,1,High,False
barcelona,BAR_LOC_001319,41.3723441647043,2.12098482352293,1,1,Ctt Express,"C/ del Progreso, 87",Casa De Moviles Usat,False,False,False,False,False,False,True,False,5,Convenience Store only,1,Single record,0.0,1,High,False
barcelona,BAR_LOC_001320,41.3715903903921,2.11964037861015,1,1,Ctt Express,"C Mas, 84",Global Outlet Factory Store,False,False,False,False,False,False,True,False,5,Convenience Store only,1,Single record,0.0,1,High,False
barcelona,BAR_LOC_001321,41.3721331902096,2.10630044243106,1,1,Ctt Express,"Av. de la Primavera, 109",Envios Emmanuel,False,False,False,False,False,False,True,False,5,Convenience Store only,1,Single record,0.0,1,High,False
barcelona,BAR_LOC_001322,41.3715322500097,2.11374656262175,1,1,Ctt Express,"Calle Florida, 12",Movil Hub.,False,False,False,False,False,False,True,False,5,Convenience Store only,1,Single record,0.0,1,High,False
barcelona,BAR_LOC_001323,41.3693898276054,2.10918488627767,1,1,Ctt Express,"Avinguda del Masnou, 68",Masnou Moviles,False,False,False,False,False,False,True,False,5,Convenience Store only,1,Single record,0.0,1,High,False
barcelona,BAR_LOC_001324,41.3700789618593,2.102900726169795,2,2,Ctt Express | UPS,"Carrer de la Rosa d'Alexandria, 85",Full-Locutorio El Paisa 10 | Grupo El Paisa Locutorio,False,False,False,False,False,False,True,False,5,Convenience Store only,3,"Multiple companies, single service",6.89,1,High,False
barcelona,BAR_LOC_001325,41.3722135751623,2.10439893894407,1,1,Ctt Express,"Carrer de les Aigües del Llobregat, 117",Yaniri Sport,False,False,False,False,False,False,True,False,5,Convenience Store only,1,Single record,0.0,1,High,False
barcelona,BAR_LOC_001326,41.3509690610119,2.10936951291769,1,1,Ctt Express,"Rambla de la Marina, 213",Estanc 32,False,False,False,False,False,False,True,False,5,Convenience Store only,1,Single record,0.0,1,High,False
barcelona,BAR_LOC_001327,41.3602633884796,2.13197281159973,1,1,Ctt Express,"Carrer de l'Arquitectura, 32",Pizza Energia,False,False,False,False,False,False,True,False,5,Convenience Store only,1,Single record,0.0,1,High,False
barcelona,BAR_LOC_001328,41.3783765855673,2.16741602726195,1,1,Gls,"Carrer de Sant Pacià, 16",Ps Coolnection226,False,False,False,False,False,False,True,False,5,Convenience Store only,1,Single record,0.0,1,High,False
barcelona,BAR_LOC_001329,41.3784086784642,2.16487324260595,1,1,Gls,"Carrer de la Cera, 44",Ps Magenta Paris349,False,False,False,False,False,False,True,False,5,Convenience Store only,1,Single record,0.0,1,High,False
barcelona,BAR_LOC_001330,41.3829323403775,2.16542915054532,1,1,Gls,"C. de Joaquín Costa, 35",Ps Estanc Del Raval389,False,False,False,False,False,False,True,False,5,Convenience Store only,1,Single record,0.0,1,High,False
barcelona,BAR_LOC_001331,41.3860272068452,2.17906406589113,1,1,Gls,"Plaça de la Llana, 10",Ps Envios Edl,False,False,False,False,False,False,True,False,5,Convenience Store only,1,Single record,0.0,1,High,False
barcelona,BAR_LOC_001332,41.3730032288926,2.16587225794636,1,1,Gls,"Carrer del Roser, 60",Ps Confecciones Saba,False,False,False,False,False,False,True,False,5,Convenience Store only,1,Single record,0.0,1,High,False
barcelona,BAR_LOC_001333,41.3894228921889,2.16274348864493,1,1,Gls,"Calle del Consejo de Ciento, 309",Ps Miss Holi 22,False,False,False,False,False,False,True,False,5,Convenience Store only,1,Single record,0.0,1,High,False
barcelona,BAR_LOC_001334,41.3858763155891,2.15799837329867,1,1,Gls,"Calle del Consejo de Ciento, 221",Agencia Passeig De Gracia 640,False,True,False,False,False,False,False,False,2,PUDO only,1,Single record,0.0,1,High,False
barcelona,BAR_LOC_001335,41.4022723583784,2.17256964262139,1,1,Gls,"Carrer de Mallorca, 369",Ps I Barcelona,False,False,False,False,False,False,True,False,5,Convenience Store only,1,Single record,0.0,1,High,False
barcelona,BAR_LOC_001336,41.3817552540602,2.14852498863979,1,1,Gls,"Carrer d'Entença, 117",Ps Quick Tech Repair Bcn,False,False,False,False,False,False,True,False,5,Convenience Store only,1,Single record,0.0,1,High,False
barcelona,BAR_LOC_001337,41.3780221792969,2.16399845054214,1,1,Gls,"Rda. de Sant Pau, 59",Ps Telefonia Reparacio,False,False,False,False,False,False,True,False,5,Convenience Store only,1,Single record,0.0,1,High,False
barcelona,BAR_LOC_001338,41.4382942349216,2.17230689392866,1,1,Gls,"Carrer d'Alcúdia, 38",Ps Dj Mobiles,False,False,False,False,False,False,True,False,5,Convenience Store only,1,Single record,0.0,1,High,False
barcelona,BAR_LOC_001339,41.4236856261107,2.1753158921061,1,1,Gls,"Av. de la Mare de Déu de Montserrat, 254",Ps Jm Telecomunicacions Tv Integrals,False,False,False,False,False,False,True,False,5,Convenience Store only,1,Single record,0.0,1,High,False
barcelona,BAR_LOC_001340,41.4133747237869,2.13991302728462,1,1,Gls,"Av. de la República Argentina, 238 Galerias Local 7",Ps Textiles Gonzalez,False,False,False,False,False,False,True,False,5,Convenience Store only,1,Single record,0.0,1,High,False
barcelona,BAR_LOC_001341,41.4102347969171,2.1617961965948,1,1,Gls,"Carrer de la Providència, 127",Ps Anicuquis By Sela Stocks,False,False,False,False,False,False,True,False,5,Convenience Store only,1,Single record,0.0,1,High,False
barcelona,BAR_LOC_001342,41.4029722716117,2.1694618965901,1,1,Gls,"Carrer del Rosselló, 338",Ps Coser Y Cantar,False,False,False,False,False,False,True,False,5,Convenience Store only,1,Single record,0.0,1,High,False
barcelona,BAR_LOC_001343,41.412152636472754,2.190201357971695,2,2,Gls | Mail Boxes Etc,"Carrer d'Aragó, 643",MBE 0277 | Ps Mail Boxes Aragon,False,True,False,False,False,False,True,False,7,Multiple services,4,"Multiple companies, multiple services",14.32,1,High,False
barcelona,BAR_LOC_001344,41.4395663951849,2.1890969812698,1,1,Gls,"Carrer de Guardiola i Feliu, 5",Ps Llibreria Papereria Talens,False,False,False,False,False,False,True,False,5,Convenience Store only,1,Single record,0.0,1,High,False
barcelona,BAR_LOC_001345,41.4160353863665,2.21101610445725,1,1,Gls,"Carrer de Josep Pla, 78",Gls,False,True,False,False,False,False,False,False,2,PUDO only,1,Single record,0.0,1,High,False
barcelona,BAR_LOC_001346,41.4302276643184,2.20378107333822,1,1,Gls,"Carrer de Santander, 42, nave 34",Gls,False,True,False,False,False,False,False,False,2,PUDO only,1,Single record,0.0,1,High,False
barcelona,BAR_LOC_001347,41.4029359318035,2.16413550109886,1,1,Gls,"Carrer de Còrsega, 404",Gls,False,True,False,False,False,False,False,False,2,PUDO only,1,Single record,0.0,1,High,False
barcelona,BAR_LOC_001348,41.383482166736,2.12582344491708,1,1,Gls,"Carrer Maria Barrientos, 13",Gls,False,True,False,False,False,False,False,False,2,PUDO only,1,Single record,0.0,1,High,False
barcelona,BAR_LOC_001349,41.4044921939201,2.16624428969418,1,1,Gls,"Carrer de Bailèn, 162 bis",Gls,False,True,False,False,False,False,False,False,2,PUDO only,1,Single record,0.0,1,High,False
barcelona,BAR_LOC_001350,41.4446935098676,2.20574098733632,1,1,Gls,"Carrer de Cuzco, 26",Gls,False,True,False,False,False,False,False,False,2,PUDO only,1,Single record,0.0,1,High,False
barcelona,BAR_LOC_001351,41.3985346023037,2.14497432482333,1,1,Gls,"Carrer de l'Avenir, 55",Gls,False,True,False,False,False,False,False,False,2,PUDO only,1,Single record,0.0,1,High,False
barcelona,BAR_LOC_001352,41.3598653120351,2.14259183594905,1,1,Gls,"Carrer del Foc, 94",Gls,False,True,False,False,False,False,False,False,2,PUDO only,1,Single record,0.0,1,High,False
barcelona,BAR_LOC_001353,41.3764018783206,2.16752322022984,1,1,Gls,"Carrer de Lafont, 24",Gls,False,True,False,False,False,False,False,False,2,PUDO only,1,Single record,0.0,1,High,False
barcelona,BAR_LOC_001354,41.4481349997173,2.20968810722393,1,1,Gls,"Carrer de Sant Carles, 90",Agencia Santa Coloma 596,False,True,False,False,False,False,False,False,2,PUDO only,1,Single record,0.0,1,High,False
barcelona,BAR_LOC_001355,41.4502817902533,2.20770272848914,1,1,Gls,"Carrer de Pompeu Fabra, 29",Ps Is Santako Movil,False,False,False,False,False,False,True,False,5,Convenience Store only,1,Single record,0.0,1,High,False
barcelona,BAR_LOC_001356,41.3717310102093,2.09908789136061,1,1,Gls,Carrer de l'Hortènsia 27,Ps Gold Mobil,False,False,False,False,False,False,True,False,5,Convenience Store only,1,Single record,0.0,1,High,False
barcelona,BAR_LOC_001357,41.3583856807136,2.13114632441954,1,1,Gls,"Carrer de les Ciències, 21",Ps Elias Decoracio Hospitalet,False,False,False,False,False,False,True,False,5,Convenience Store only,1,Single record,0.0,1,High,False
barcelona,BAR_LOC_001358,41.3599834127232,2.10988983324341,1,1,Gls,"Carrer de la Riera dels Frares, 26",Agencia Hospitalet 726,False,True,False,False,False,False,False,False,2,PUDO only,1,Single record,0.0,1,High,False
barcelona,BAR_LOC_001359,41.3507469556655,2.12173619042855,1,1,Gls,Carrer Miguel Hernández 94,Agencia Urquinaona 134,False,True,False,False,False,False,False,False,2,PUDO only,1,Single record,0.0,1,High,False
barcelona,BAR_LOC_001360,41.3514647367342,2.12138760791133,1,1,Gls,"Carrer Miguel Hernández, 112",Agencia Zona Franca 724,False,True,False,False,False,False,False,False,2,PUDO only,1,Single record,0.0,1,High,False
barcelona,BAR_LOC_001361,41.3459701772699,2.11708921191662,1,1,Gls,"Carrer dels Motors, 364",Agencia 732 Hospit. Sant Josep,False,True,False,False,False,False,False,False,2,PUDO only,1,Single record,0.0,1,High,False
barcelona,BAR_LOC_001362,41.3492752146238,2.09619295318821,1,1,Gls,"Carrer Arquímedes, 22",Agencia Esplugues 162,False,True,False,False,False,False,False,False,2,PUDO only,1,Single record,0.0,1,High,False
barcelona,BAR_LOC_001363,41.3524660046135,2.09505675340056,1,1,Gls,"Carrer del Cobalt, 36",Agencia Hospitalet Centro 834,False,True,False,False,False,False,False,False,2,PUDO only,1,Single record,0.0,1,High,False
barcelona,BAR_LOC_001364,41.3754351665065,2.12735510858369,1,1,Mail Boxes Etc,"Carrer de Sugranyes, 4",MBE 0312,False,True,False,False,False,False,False,False,2,PUDO only,1,Single record,0.0,1,High,False
barcelona,BAR_LOC_001365,41.3807749618123,2.1885768812317,1,1,Mail Boxes Etc,"Carrer del Baluard, 36",MBE 0341,False,True,False,False,False,False,False,False,2,PUDO only,1,Single record,0.0,1,High,False
barcelona,BAR_LOC_001366,41.3825179450818,2.17802928123278,1,1,Mail Boxes Etc,"Carrer dels Templers, 36",MBE 2649,False,True,False,False,False,False,False,False,2,PUDO only,1,Single record,0.0,1,High,False
barcelona,BAR_LOC_001367,41.3910144564325,2.17907882727012,1,1,Mail Boxes Etc,"Passatge de Sant Benet, 4",MBE 3180,False,True,False,False,False,False,False,False,2,PUDO only,1,Single record,0.0,1,High,False
barcelona,BAR_LOC_001368,41.3833951348548,2.14701119657715,1,1,Mail Boxes Etc,"Avinguda de Roma, 49",MBE 0235,False,True,False,False,False,False,False,False,2,PUDO only,1,Single record,0.0,1,High,False
barcelona,BAR_LOC_001369,41.3874644044709,2.13792044314075,1,1,Mail Boxes Etc,"Carrer del Montnegre, 18-24",MBE 0134,False,True,False,False,False,False,False,False,2,PUDO only,1,Single record,0.0,1,High,False
barcelona,BAR_LOC_001370,41.3908599619116,2.12238081192612,1,1,Mail Boxes Etc,"Carrer de Pedro i Pons, 18-20",MBE 0084,False,True,False,False,False,False,False,False,2,PUDO only,1,Single record,0.0,1,High,False
barcelona,BAR_LOC_001371,41.3915066264943,2.17746215055065,1,1,Mail Boxes Etc,"Rda. de Sant Pere, 58",MBE 2559,False,True,False,False,False,False,False,False,2,PUDO only,1,Single record,0.0,1,High,False
barcelona,BAR_LOC_001372,41.3901234587341,2.15905708123769,1,1,Mail Boxes Etc,"Carrer de València, 216",MBE 0025,False,True,False,False,False,False,False,False,2,PUDO only,1,Single record,0.0,1,High,False
barcelona,BAR_LOC_001373,41.3919806552519,2.14885637330258,1,1,Mail Boxes Etc,"C. de Villarroel, 200",MBE 0262,False,True,False,False,False,False,False,False,2,PUDO only,1,Single record,0.0,1,High,False
barcelona,BAR_LOC_001374,41.3977768155815,2.18163776521817,2,2,Mail Boxes Etc | UPS,"Carrer de Casp, 176",MBE 0212 | Mbe Gesdirect S.L.U.,False,True,False,False,False,False,True,False,7,Multiple services,4,"Multiple companies, multiple services",37.59,3,Review,True
barcelona,BAR_LOC_001375,41.39819000269715,2.163150401358305,2,2,Mail Boxes Etc | UPS,"Carrer de Roger de Llúria, 137 | Carrer del Rosselló, 283",Framed Gang | MBE 0114,False,True,False,False,False,False,True,False,7,Multiple services,4,"Multiple companies, multiple services",2.75,1,High,False
barcelona,BAR_LOC_001376,41.3972614339406,2.1484195193379,1,1,Mail Boxes Etc,"Carrer d'Aribau, 221",MBE 0121,False,True,False,False,False,False,False,False,2,PUDO only,1,Single record,0.0,1,High,False
barcelona,BAR_LOC_001377,41.4034109274671,2.17492792727817,1,1,Mail Boxes Etc,"Passatge de Font, 19",MBE 2681,False,True,False,False,False,False,False,False,2,PUDO only,1,Single record,0.0,1,High,False
barcelona,BAR_LOC_001378,41.405824379835,2.15086395796755,1,1,Mail Boxes Etc,"Carrer Gran de Gràcia, 231",MBE 0297,False,True,False,False,False,False,False,False,2,PUDO only,1,Single record,0.0,1,High,False
barcelona,BAR_LOC_001379,41.4028823427935,2.13892817330964,1,1,Mail Boxes Etc,"C. de Muntaner, 479",MBE 2988,False,True,False,False,False,False,False,False,2,PUDO only,1,Single record,0.0,1,High,False
barcelona,BAR_LOC_001380,41.4080866540537,2.17797821193722,1,1,Mail Boxes Etc,"C. de Provença, 505",MBE 0259,False,True,False,False,False,False,False,False,2,PUDO only,1,Single record,0.0,1,High,False
barcelona,BAR_LOC_001381,41.4240786167802,2.18721738822516,2,2,Mail Boxes Etc | UPS,"Av. Meridiana, 312",MBE 0050 | Mail Boxes Etc,False,True,False,False,False,False,True,False,7,Multiple services,4,"Multiple companies, multiple services",19.1,2,Medium,False
barcelona,BAR_LOC_001382,41.4308762365079,2.18212557332786,1,1,Mail Boxes Etc,"Pg. de Fabra i Puig, 122",MBE 0183,False,True,False,False,False,False,False,False,2,PUDO only,1,Single record,0.0,1,High,False
barcelona,BAR_LOC_001383,41.4291905044875,2.21997625943657,1,1,Mail Boxes Etc,"Carrer de Ricart, 52",Mail Boxes Etc. 0234,False,True,False,False,False,False,False,False,2,PUDO only,1,Single record,0.0,1,High,False
barcelona,BAR_LOC_001384,41.4487627236802,2.20738599846776,1,1,Mail Boxes Etc,"Calle Francisco Moragas, 43",Mail Boxes Etc. 0270,False,True,False,False,False,False,False,False,2,PUDO only,1,Single record,0.0,1,High,False
barcelona,BAR_LOC_001385,41.3534706402116,2.10187077933011,1,1,Mail Boxes Etc,"Ctra. del Mig, 164",Mail Boxes Etc. 2978,False,True,False,False,False,False,False,False,2,PUDO only,1,Single record,0.0,1,High,False
barcelona,BAR_LOC_001386,41.373051245330004,2.16269646901762,2,2,Nacex | UPS,"Carrer de Blasco de Garay, 55",Fil I Fet | Fil I Fet - Merceria Creativa,False,False,False,False,False,False,True,False,5,Convenience Store only,3,"Multiple companies, single service",41.18,3,Review,True
barcelona,BAR_LOC_001387,41.3741711316098,2.15627088916382,1,1,Nacex,"Carrer de Grases, 1",Estanc Barcelona Nâo 215,False,False,False,False,False,False,True,False,5,Convenience Store only,1,Single record,0.0,1,High,False
barcelona,BAR_LOC_001388,41.3760672118927,2.14640479657257,1,1,Nacex,"Carrer de la Creu Coberta, 40",Electrorenover Store,False,False,False,False,False,False,True,False,5,Convenience Store only,1,Single record,0.0,1,High,False
barcelona,BAR_LOC_001389,41.3784389759942,2.166576942606,1,1,Nacex,"Carrer de les Carretes, 24",Rahat Money & Telecom,False,False,False,False,False,False,True,False,5,Convenience Store only,1,Single record,0.0,1,High,False
barcelona,BAR_LOC_001390,41.3785995900038,2.16400167329383,1,1,Nacex,"Rda. de Sant Pau, 61",Locutorio Aayan,False,False,False,False,False,False,True,False,5,Convenience Store only,1,Single record,0.0,1,High,False
barcelona,BAR_LOC_001391,41.3823024891073,2.13050224115765,2,1,Nacex,"Carrer de Fígols, 11 | Carrer del Tenor Masini, 110-112",Nacex | Un Mar Dâ€TMIdees,False,True,False,False,False,False,True,False,7,Multiple services,2,"Same company, multiple records",5.56,1,High,False
barcelona,BAR_LOC_001392,41.3867343508086,2.13225716287649,1,1,Nacex,"Carrer de Cabestany, 22",Estanc Barcelona Nâo 239,False,False,False,False,False,False,True,False,5,Convenience Store only,1,Single record,0.0,1,High,False
barcelona,BAR_LOC_001393,41.3925111694949,2.12693927712272,1,1,Nacex,"Carrer de Benet Mateu, 28",Estanc Barcelona Nâo 400,False,False,False,False,False,False,True,False,5,Convenience Store only,1,Single record,0.0,1,High,False
barcelona,BAR_LOC_001394,41.4083989610157,2.16332773400871,1,1,Nacex,"Carrer de Pi i Margall, 39",Estanc Barcelona Molar,False,False,False,False,False,False,True,False,5,Convenience Store only,1,Single record,0.0,1,High,False
barcelona,BAR_LOC_001395,41.4152531225765,2.18092384978513,1,1,Nacex,"Pg. Maragall, 34-36",Jabonalia Soap Shop,False,False,False,False,False,False,True,False,5,Convenience Store only,1,Single record,0.0,1,High,False
barcelona,BAR_LOC_001396,40.4019940351018,-3.71178785032997,1,1,Nacex,"P.o de las Acacias, 57",Farmacia Tolosa Gomara,False,False,False,False,False,False,True,False,5,Convenience Store only,1,Single record,0.0,1,High,False
barcelona,BAR_LOC_001397,41.438939444548254,2.1893223332945952,2,2,Nacex | UPS,"Carrer de Guardiola i Feliu, 5 | Carrer de Guardiola i Feliu, 5-7",Llibreria Papereria Talens | Papereria Llibreria Talens,False,False,False,False,False,False,True,False,5,Convenience Store only,3,"Multiple companies, single service",4.0,1,High,False
barcelona,BAR_LOC_001398,41.4452913172034,2.1829778124336,1,1,Nacex,"Carrer de Pablo Iglesias, 94-96",Estanco 348,False,False,False,False,False,False,True,False,5,Convenience Store only,1,Single record,0.0,1,High,False
barcelona,BAR_LOC_001399,41.4410757999152,2.17415960537596,1,1,Nacex,"Carrer de Casals i Cuberó, 187",Estanc Barcelona Nuria,False,False,False,False,False,False,True,False,5,Convenience Store only,1,Single record,0.0,1,High,False
barcelona,BAR_LOC_001400,41.4280380304579,2.15848714763833,1,1,Nacex,"Carrer de Dante Alighieri, 66",Estanco Dante,False,False,False,False,False,False,True,False,5,Convenience Store only,1,Single record,0.0,1,High,False
barcelona,BAR_LOC_001401,41.403288674002454,2.1673028033873454,2,2,Nacex | UPS,"Carrer de Roger de Flor, 274",Estanc Nâo 193 Roger De Flor | Estanc Roger De Flor,False,False,False,False,False,False,True,False,5,Convenience Store only,3,"Multiple companies, single service",22.37,2,Medium,False
barcelona,BAR_LOC_001402,41.3971911023852,2.16784486474663,1,1,Nacex,"Carrer de Girona, 119",Digicopy,False,False,False,False,False,False,True,False,5,Convenience Store only,1,Single record,0.0,1,High,False
barcelona,BAR_LOC_001403,41.4005972434358,2.12131192461393,1,1,Nacex,"Carrer Major de Sarrià, 118",Estanc Barcelona Nâo 24,False,False,False,False,False,False,True,False,5,Convenience Store only,1,Single record,0.0,1,High,False
barcelona,BAR_LOC_001404,41.3989132219325,2.16929248733286,1,1,Nacex,"Carrer de Girona, 85",Nacex,False,True,False,False,False,False,False,False,2,PUDO only,1,Single record,0.0,1,High,False
barcelona,BAR_LOC_001405,41.4094833635273,2.17226802260808,1,1,Nacex,"Carrer de la Marina, 287 Bis",Nacex,False,True,False,False,False,False,False,False,2,PUDO only,1,Single record,0.0,1,High,False
barcelona,BAR_LOC_001406,41.3843997760304,2.14428859823199,1,1,Nacex,"Avinguda de Roma, 5-7",Nacex,False,True,False,False,False,False,False,False,2,PUDO only,1,Single record,0.0,1,High,False
barcelona,BAR_LOC_001407,41.4162196314521,2.16338845502344,1,1,Nacex,"C.de les Camèlies, 67-69",Nacex,False,True,False,False,False,False,False,False,2,PUDO only,1,Single record,0.0,1,High,False
barcelona,BAR_LOC_001408,41.4417548114419,2.1831931652817,1,1,Nacex,"Passeig d'Andreu Nin, 67",Nacex,False,True,False,False,False,False,False,False,2,PUDO only,1,Single record,0.0,1,High,False
barcelona,BAR_LOC_001409,41.423524702945,2.20525758591343,1,1,Nacex,"Rambla de Prim, 143",Nacex,False,True,False,False,False,False,False,False,2,PUDO only,1,Single record,0.0,1,High,False
barcelona,BAR_LOC_001410,41.3807129154483,2.17930816617926,1,1,Nacex,"Pg. de Colom, 22",Nacex,False,True,False,False,False,False,False,False,2,PUDO only,1,Single record,0.0,1,High,False
barcelona,BAR_LOC_001411,41.4172449348245,2.14043266571804,1,1,Nacex,"Carrer d'Esteve Terradas, 35",Nacex,False,True,False,False,False,False,False,False,2,PUDO only,1,Single record,0.0,1,High,False
barcelona,BAR_LOC_001412,41.4032635900471,2.15064678776091,1,1,Nacex,"C/Regas, Carrer de Marià Cubí, 23, Bjos Local 1",Nacex,False,True,False,False,False,False,False,False,2,PUDO only,1,Single record,0.0,1,High,False
barcelona,BAR_LOC_001413,41.3622944200886,2.14052604195386,1,1,Nacex,"Carrer dels Alts Forns, 73",Nacex,False,True,False,False,False,False,False,False,2,PUDO only,1,Single record,0.0,1,High,False
barcelona,BAR_LOC_001414,41.4258585166021,2.22820751544985,1,1,Nacex,"Avinguda de la Platja, 98",Estanc No4 Sant Adria Del Besos (0801-13),False,False,False,False,False,False,True,False,5,Convenience Store only,1,Single record,0.0,1,High,False
barcelona,BAR_LOC_001415,41.4348500128837,2.21964185606762,1,1,Nacex,"Av. de Alfonso XIII, 545",Estanc Badalona No 31 (0801-16),False,False,False,False,False,False,True,False,5,Convenience Store only,1,Single record,0.0,1,High,False
barcelona,BAR_LOC_001416,41.4506012770924,2.18560914315627,1,1,Nacex,"Carrer d'Aiguablava, 54",Papelería Isidro (0821-05),False,False,False,False,False,False,True,False,5,Convenience Store only,1,Single record,0.0,1,High,False
barcelona,BAR_LOC_001417,41.3697475626355,2.10866993084218,1,1,Nacex,"Avinguda del Masnou, 55",Spirit Viajes (0841-13),False,False,False,False,False,False,True,False,5,Convenience Store only,1,Single record,0.0,1,High,False
barcelona,BAR_LOC_001418,41.3677852645253,2.12879819956566,1,1,Nacex,"Carrer Santa Eulàlia, 46",Activa- Radiovisió (0841-07),False,False,False,False,False,False,True,False,5,Convenience Store only,1,Single record,0.0,1,High,False
barcelona,BAR_LOC_001419,41.3623353394027,2.12685333983984,1,1,Nacex,"C. de Blas Fernández Lirola, 12",Estanc Hospitalet Ll. No 8 (0841-18),False,False,False,False,False,False,True,False,5,Convenience Store only,1,Single record,0.0,1,High,False
barcelona,BAR_LOC_001420,41.34676126298182,2.1235580983575573,4,2,Nacex | Pudo,"Avenida del Jordà, 20 08001 | C. de Pablo Iglesias, 112-122 | Pol.Ind.Gran Vía Sur. Pablo Iglesias, 112-122",Caprabo Jordá | Central Nacex Hospitalet Del Llobregat | Hospitalet(0841) | Pruebas Auditoria (8099-01),False,True,True,False,False,False,True,False,7,Multiple services,4,"Multiple companies, multiple services",20.68,2,Medium,False
barcelona,BAR_LOC_001421,41.3738023984594,2.10234599093119,1,1,Nacex,"Avinguda del Bosc, 58",Estanco L`Hospitalet Llobregat-026 (0841-25),False,False,False,False,False,False,True,False,5,Convenience Store only,1,Single record,0.0,1,High,False
barcelona,BAR_LOC_001422,41.3799375510678,2.17489513714291,1,1,UPS,"Carrer de Colom, 2",Artisa Barcelona Sl,False,False,False,False,False,False,True,False,5,Convenience Store only,1,Single record,0.0,1,High,False
barcelona,BAR_LOC_001423,41.377909148533,2.17793127425675,1,1,UPS,"Ptge. de la Pau, 13",Missatgeria Les Mercedes,False,False,False,False,False,False,True,False,5,Convenience Store only,1,Single record,0.0,1,High,False
barcelona,BAR_LOC_001424,41.4032072956492,2.19845382122497,1,1,UPS,"Rbla. del Poblenou, 111",Dani Mobils,False,False,False,False,False,False,True,False,5,Convenience Store only,1,Single record,0.0,1,High,False
barcelona,BAR_LOC_001425,41.3924720239131,2.1885883895271,1,1,UPS,"Ctra. Antiga de Mataró, 20",P Taquilla Caprabo Sardenya,False,False,False,False,False,False,True,False,5,Convenience Store only,1,Single record,0.0,1,High,False
barcelona,BAR_LOC_001426,41.3994655005509,2.15018363521444,1,1,UPS,"Calle de Balmes, 237",Store Bitbase Barcelona Sarria,False,False,False,False,False,False,True,False,5,Convenience Store only,1,Single record,0.0,1,High,False
barcelona,BAR_LOC_001427,41.4025111930287,2.14223463521519,1,1,UPS,"Carrer de Ferran Valls i Taberner, 2",Bar Granja,False,False,False,False,False,False,True,False,5,Convenience Store only,1,Single record,0.0,1,High,False
barcelona,BAR_LOC_001428,41.4044384873023,2.142467950763,1,1,UPS,"Carrer del Putxet, 8",Nivell 08,False,False,False,False,False,False,True,False,5,Convenience Store only,1,Single record,0.0,1,High,False
barcelona,BAR_LOC_001429,41.4043173057973,2.15821178889733,1,1,UPS,"Carrer de Sant Lluís, 5",Farmacia Alexandra Prieto,False,False,False,False,False,False,True,False,5,Convenience Store only,1,Single record,0.0,1,High,False
barcelona,BAR_LOC_001430,41.39269627166965,2.1634033061310847,2,2,Pudo | UPS,"Carrer de València, 270 | Carrer de València, 272",P Taquilla Intpkg Boulev Rosa | Parking Interparking Boulever Rosa,False,False,True,False,False,False,True,False,7,Multiple services,4,"Multiple companies, multiple services",11.01,1,High,False
barcelona,BAR_LOC_001431,41.391374318714,2.15943330696767,1,1,UPS,"Carrer de Mallorca, 218",Store Bitbase Bcn Eixample,False,False,False,False,False,False,True,False,5,Convenience Store only,1,Single record,0.0,1,High,False
barcelona,BAR_LOC_001432,41.3895523745256,2.15927170664824,1,1,UPS,"Carrer de València, 216",Mbe Gesdirect S.L.U.,False,False,False,False,False,False,True,False,5,Convenience Store only,1,Single record,0.0,1,High,False
barcelona,BAR_LOC_001433,41.4054703852165,2.15360089299018,1,1,UPS,"Carrer del Torrent de l'Olla, 179",Lola Botona Gracia,False,False,False,False,False,False,True,False,5,Convenience Store only,1,Single record,0.0,1,High,False
barcelona,BAR_LOC_001434,41.3949650904437,2.18339336764487,1,1,UPS,"Carrer d'Alí Bei, 80",Paqueteria Rasal Express,False,False,False,False,False,False,True,False,5,Convenience Store only,1,Single record,0.0,1,High,False
barcelona,BAR_LOC_001435,41.3751094599415,2.14236431903739,1,1,UPS,"Carrer del Moianès, 79",Full-Fnq Telefonia,False,False,False,False,False,False,True,False,5,Convenience Store only,1,Single record,0.0,1,High,False
barcelona,BAR_LOC_001436,41.3815398445711,2.13862817552944,1,1,UPS,"Carrer de Melcior de Palau, 145",Indexbooks,False,False,False,False,False,False,True,False,5,Convenience Store only,1,Single record,0.0,1,High,False
barcelona,BAR_LOC_001437,41.3789046990928,2.14689944977903,1,1,UPS,"Carrer d'Aragó, 21",Pintures I Drogueria Navarra,False,False,False,False,False,False,True,False,5,Convenience Store only,1,Single record,0.0,1,High,False
barcelona,BAR_LOC_001438,41.4458710548081,2.18277077872678,1,1,UPS,"Carrer de Pablo Iglesias, 99",App Informatica Barcelona,False,False,False,False,False,False,True,False,5,Convenience Store only,1,Single record,0.0,1,High,False
barcelona,BAR_LOC_001439,41.4025041436839,2.18973402738326,1,1,UPS,"Carrer de Bolívia, 31",Mare Meva,False,False,False,False,False,False,True,False,5,Convenience Store only,1,Single record,0.0,1,High,False
barcelona,BAR_LOC_001440,41.3944141039801,2.14675859493359,1,1,UPS,"Travessera de Gràcia, 21",P Taquilla Saba Travessera 21,False,False,False,False,False,False,True,False,5,Convenience Store only,1,Single record,0.0,1,High,False
barcelona,BAR_LOC_001441,41.4023677033678,2.13888530504906,1,1,UPS,"C. de Muntaner, 479",Mail Boxes Etc 2988,False,False,False,False,False,False,True,False,5,Convenience Store only,1,Single record,0.0,1,High,False
barcelona,BAR_LOC_001442,41.4105760821187,2.1379627435479,2,2,Mrw | UPS,"Passatge Forasté, 1-5 | Pg. de St. Gervasi, 46",Kimod St Gervasi | Oficina Mrw 00639,False,True,False,False,False,False,True,False,7,Multiple services,4,"Multiple companies, multiple services",9.84,1,High,False
barcelona,BAR_LOC_001443,41.4044372948172,2.136714490157,1,1,UPS,"Carrer d'Arimon, 26",Fnx-Estanco Arimon,False,False,False,False,False,False,True,False,5,Convenience Store only,1,Single record,0.0,1,High,False
barcelona,BAR_LOC_001444,41.4092032040303,2.14712972803775,1,1,UPS,"Av. de la República Argentina, 40",La Vie En Rose - Minerals I Complem,False,False,False,False,False,False,True,False,5,Convenience Store only,1,Single record,0.0,1,High,False
barcelona,BAR_LOC_001445,41.4155398523785,2.16337906475034,1,1,UPS,"Carrer de França, 27",A Diari Papereria,False,False,False,False,False,False,True,False,5,Convenience Store only,1,Single record,0.0,1,High,False
barcelona,BAR_LOC_001446,41.412244791939,2.16270096558286,1,1,UPS,"Carrer de Sardenya, 528",Calzados Nieto,False,False,False,False,False,False,True,False,5,Convenience Store only,1,Single record,0.0,1,High,False
barcelona,BAR_LOC_001447,41.4130777164701,2.15948177871996,1,1,UPS,"Carrer de la Mare de Déu de la Salut, 78",Centre Medic Meynde,False,False,False,False,False,False,True,False,5,Convenience Store only,1,Single record,0.0,1,High,False
barcelona,BAR_LOC_001448,41.4104031467508,2.17379065017141,1,1,UPS,"Carrer de los Castillejos, 334",El Reco Herboristeria,False,False,False,False,False,False,True,False,5,Convenience Store only,1,Single record,0.0,1,High,False
barcelona,BAR_LOC_001449,41.4026708928632,2.16918110632905,1,1,UPS,"Carrer del Rosselló, 365",Barber Paradise Studio,False,False,False,False,False,False,True,False,5,Convenience Store only,1,Single record,0.0,1,High,False
barcelona,BAR_LOC_001450,41.4087115242302,2.16413076442575,1,1,UPS,"Carrer de Pau Alsina, 48",Milar Juez,False,False,False,False,False,False,True,False,5,Convenience Store only,1,Single record,0.0,1,High,False
barcelona,BAR_LOC_001451,41.4108620973036,2.17998889680672,1,1,UPS,"Carrer de la Independència, 332",Estanco 403 Barcelona,False,False,False,False,False,False,True,False,5,Convenience Store only,1,Single record,0.0,1,High,False
barcelona,BAR_LOC_001452,41.3777591757309,2.11383550957786,1,1,UPS,"Carrer del Cardenal Reig, 13",Inzoka Studio,False,False,False,False,False,False,True,False,5,Convenience Store only,1,Single record,0.0,1,High,False
barcelona,BAR_LOC_001453,41.3753268683622,2.12642895016312,1,1,UPS,"Carrer de Carreras i Candi, 9",Full-World Call Inter Servis,False,False,False,False,False,False,True,False,5,Convenience Store only,1,Single record,0.0,1,High,False
barcelona,BAR_LOC_001454,41.3752097702095,2.13050834034002,1,1,UPS,"Rambla de Badal, 161",Llaminadures Albert,False,False,False,False,False,False,True,False,5,Convenience Store only,1,Single record,0.0,1,High,False
barcelona,BAR_LOC_001455,41.3779659521946,2.13503824728671,1,1,UPS,Carrer De Galileu 75-79,Milar Brunet,False,False,False,False,False,False,True,False,5,Convenience Store only,1,Single record,0.0,1,High,False
barcelona,BAR_LOC_001456,41.3848716382491,2.14781137616608,1,1,UPS,"C. de Provença, 59",Centre Vet Provenza,False,False,False,False,False,False,True,False,5,Convenience Store only,1,Single record,0.0,1,High,False
barcelona,BAR_LOC_001457,41.3871267309772,2.13848912030144,1,1,UPS,"Carrer del Montnegre, 18",Drg Solutions S.L,False,False,False,False,False,False,True,False,5,Convenience Store only,1,Single record,0.0,1,High,False
barcelona,BAR_LOC_001458,41.4364712781903,2.19074748058147,1,1,UPS,"Carrer de Malats, 2",Full-Uk Telefonia Malats,False,False,False,False,False,False,True,False,5,Convenience Store only,1,Single record,0.0,1,High,False
barcelona,BAR_LOC_001459,41.4259328812743,2.17550593333008,1,1,UPS,"Pg. Maragall, 192",Zara Mobils,False,False,False,False,False,False,True,False,5,Convenience Store only,1,Single record,0.0,1,High,False
barcelona,BAR_LOC_001460,41.423593695835,2.15476703489679,1,1,UPS,"Carrer del Llobregós, 169",Copisteria Del Carmel,False,False,False,False,False,False,True,False,5,Convenience Store only,1,Single record,0.0,1,High,False
barcelona,BAR_LOC_001461,41.3902510062995,2.12487139617293,1,1,UPS,"Carrer de Manila, 41",Papereria Manila,False,False,False,False,False,False,True,False,5,Convenience Store only,1,Single record,0.0,1,High,False
barcelona,BAR_LOC_001462,41.389553823897,2.15817917807939,1,1,UPS,"Carrer d'Aribau, 74",Daniel Chong,False,False,False,False,False,False,True,False,5,Convenience Store only,1,Single record,0.0,1,High,False
barcelona,BAR_LOC_001463,41.3895323745457,2.14954240506107,1,1,UPS,"Carrer de Còrsega, 163",Kimod Corsega,False,False,False,False,False,False,True,False,5,Convenience Store only,1,Single record,0.0,1,High,False
barcelona,BAR_LOC_001464,41.4023504402868,2.16404342220242,1,1,UPS,"Carrer de Bailèn, 210",El Magatzem Dels Electrodomestics 2,False,False,False,False,False,False,True,False,5,Convenience Store only,1,Single record,0.0,1,High,False
barcelona,BAR_LOC_001465,41.3553840171517,2.14191444826255,1,1,UPS,"Pg. de la Zona Franca, 75",P Taquilla Galp Z Franca Pto,False,False,False,False,False,False,True,False,5,Convenience Store only,1,Single record,0.0,1,High,False
barcelona,BAR_LOC_001466,41.3598413572958,2.1391572383621,1,1,UPS,"Pg. de la Zona Franca, 165",Full-World Call Inter Servis,False,False,False,False,False,False,True,False,5,Convenience Store only,1,Single record,0.0,1,High,False
barcelona,BAR_LOC_001467,41.3595959054838,2.13620347807508,1,1,UPS,"Carrer de la Foneria, 4",Store Bitbase Bcn Sants Montjuic,False,False,False,False,False,False,True,False,5,Convenience Store only,1,Single record,0.0,1,High,False
barcelona,BAR_LOC_001468,41.4325344612064,2.21605828207622,1,1,UPS,"Av. de Catalunya, 1",Imprimir,False,False,False,False,False,False,True,False,5,Convenience Store only,1,Single record,0.0,1,High,False
barcelona,BAR_LOC_001469,41.4276227010631,2.22161156954313,1,1,UPS,"Carrer de Sant Pere, 15",Home & Beauty,False,False,False,False,False,False,True,False,5,Convenience Store only,1,Single record,0.0,1,High,False
barcelona,BAR_LOC_001470,41.4696236512462,2.18208753774604,1,1,UPS,"Carrer Bateria, 30",Kanguro Bar Granada,False,False,False,False,False,False,True,False,5,Convenience Store only,1,Single record,0.0,1,High,False
barcelona,BAR_LOC_001471,41.4458327062667,2.17420316572663,1,1,UPS,"C. de Simancas, 52",Mercería Castel,False,False,False,False,False,False,True,False,5,Convenience Store only,1,Single record,0.0,1,High,False
barcelona,BAR_LOC_001472,41.3615659207838,2.10252592528778,1,1,UPS,"Carrer de Montserrat, 10",Elegance Novias,False,False,False,False,False,False,True,False,5,Convenience Store only,1,Single record,0.0,1,High,False
barcelona,BAR_LOC_001473,41.3662377107998,2.1269743394895,1,1,UPS,"Carrer Muns, 6",Anahi Fashion Boutique,False,False,False,False,False,False,True,False,5,Convenience Store only,1,Single record,0.0,1,High,False
barcelona,BAR_LOC_001474,41.3682952777026,2.12714540213706,1,1,UPS,"Carrer de Santiago Ramon y Cajal, 37",Full-El Paisa Locutorio 15,False,False,False,False,False,False,True,False,5,Convenience Store only,1,Single record,0.0,1,High,False
barcelona,BAR_LOC_001475,41.3724653841648,2.09759650374301,1,1,UPS,"Carrer Verge de la Mercè, 18",Lezmar Global Express,False,False,False,False,False,False,True,False,5,Convenience Store only,1,Single record,0.0,1,High,False
barcelona,BAR_LOC_001476,41.377387829580755,2.098304176394955,2,2,Pudo | UPS,"Carrer de Laureà Miró, 38",P Taquilla Pk Indigo Finistre | Parking Indigo C.C. Finistrelles,True,False,True,False,False,False,False,False,7,Multiple services,4,"Multiple companies, multiple services",7.16,1,High,False
barcelona,BAR_LOC_001477,41.3737176994576,2.10271293527702,1,1,UPS,"Avinguda del Bosc, 48",Viatges Belamar,False,False,False,False,False,False,True,False,5,Convenience Store only,1,Single record,0.0,1,High,False
barcelona,BAR_LOC_001478,41.3632898290917,2.1364100104913,1,1,Pudo,"Pg. de la Zona Franca, 221",Galp Z.Franca-Puerto,False,False,True,False,False,False,False,False,4,Click & Collect only,1,Single record,0.0,1,High,False
barcelona,BAR_LOC_001479,41.3581813166299,2.13907933425948,1,1,Pudo,C/ de los Altos Hornos,Electro Outlet Alts Forms,False,False,True,False,False,False,False,False,4,Click & Collect only,1,Single record,0.0,1,High,False
barcelona,BAR_LOC_001480,41.3739692751746,2.17186199713034,1,1,Pudo,"Carrer de Vila i Vilà, 35, 37",Lidl Vila I Vila,False,False,True,False,False,False,False,False,4,Click & Collect only,1,Single record,0.0,1,High,False
barcelona,BAR_LOC_001481,41.3761473164758,2.1697830206624,1,1,Pudo,"Carrer de l'Abat Safont, 2",Parking Saba Paralel,False,False,True,False,False,False,False,False,4,Click & Collect only,1,Single record,0.0,1,High,False
barcelona,BAR_LOC_001482,41.3756238600764,2.13744071319439,1,1,Pudo,"Carrer de Sants, 71",Sup. Caprabo Sants,False,False,True,False,False,False,False,False,4,Click & Collect only,1,Single record,0.0,1,High,False
barcelona,BAR_LOC_001483,41.3795631038399,2.16980298950645,1,1,Pudo,"Carrer de Sant Rafael, 13",Parking Saba Illa Raval,False,False,True,False,False,False,False,False,4,Click & Collect only,1,Single record,0.0,1,High,False
barcelona,BAR_LOC_001484,41.3758778081065,2.15592933489004,1,1,Pudo,"Carrer d'Entença, 12",Servicios Expresos Sant Antoni,False,False,True,False,False,False,False,False,4,Click & Collect only,1,Single record,0.0,1,High,False
barcelona,BAR_LOC_001485,41.3850112847191,2.17267100856949,1,1,Pudo,"Carrer de la Canuda, 20",Decathlon Ramblas,False,False,True,False,False,False,False,False,4,Click & Collect only,1,Single record,0.0,1,High,False
barcelona,BAR_LOC_001486,41.3807712968349,2.18879868921023,1,1,Pudo,"Mercat Municipal de, Plaça de la Font, 1",Sup. Caprabo Plaã§A Font,False,False,True,False,False,False,False,False,4,Click & Collect only,1,Single record,0.0,1,High,False
barcelona,BAR_LOC_001487,41.4013194677114,2.16778891682813,1,1,Pudo,"Pg. de St. Joan, 132",De Buena Tinta Lilibeth Coromoto Davila Pinzon,False,False,True,False,False,False,False,False,4,Click & Collect only,1,Single record,0.0,1,High,False
barcelona,BAR_LOC_001488,41.4052178402861,2.1770093904718,1,1,Pudo,"Carrer de Mallorca, 425",Parking Bypark Bond,False,False,True,False,False,False,False,False,4,Click & Collect only,1,Single record,0.0,1,High,False
barcelona,BAR_LOC_001489,41.4306122449765,2.17909689236629,1,1,Pudo,"Pg. de Fabra i Puig, 182",Caprabo Fabra I Puig,False,False,True,False,False,False,False,False,4,Click & Collect only,1,Single record,0.0,1,High,False
barcelona,BAR_LOC_001490,41.4306350117223,2.17345500697408,1,1,Pudo,"Pg. de Fabra i Puig, 270, 272",Parking Indigo Mercat De La Mercet,False,False,True,False,False,False,False,False,4,Click & Collect only,1,Single record,0.0,1,High,False
barcelona,BAR_LOC_001491,41.4349832103977,2.19186609492504,1,1,Pudo,Carrer del Segre,Parking Indigo Can Fabra,False,False,True,False,False,False,False,False,4,Click & Collect only,1,Single record,0.0,1,High,False
barcelona,BAR_LOC_001492,41.4388454907258,2.17331529407793,1,1,Pudo,"Pg. de Valldaura, 218-220",Sup.Caprabo Passeig Valldaura,False,False,True,False,False,False,False,False,4,Click & Collect only,1,Single record,0.0,1,High,False
barcelona,BAR_LOC_001493,41.4396360041518,2.16472147217858,1,1,Pudo,"Pg. de Valldaura, 136",Lidl Valldaura,False,False,True,False,False,False,False,False,4,Click & Collect only,1,Single record,0.0,1,High,False
barcelona,BAR_LOC_001494,41.3909138725361,2.15197646377808,1,1,Pudo,Calle de Casanova 168 Plaza del Doctor Duran i Reynals,Parking Saba Hospital Clinic,False,False,True,False,False,False,False,False,4,Click & Collect only,1,Single record,0.0,1,High,False
barcelona,BAR_LOC_001495,41.3884243114693,2.11439865859509,1,1,Pudo,"Carrer de Jordi Girona, 29",Parking Interparking Upc Campus Nord,False,False,True,False,False,False,False,False,4,Click & Collect only,1,Single record,0.0,1,High,False
barcelona,BAR_LOC_001496,41.394043420311,2.13815044728613,1,1,Pudo,"CL Ganduxer, C. del Dr. Fleming",Parking Indigo Piscinas Y Deportes,False,False,True,False,False,False,False,False,4,Click & Collect only,1,Single record,0.0,1,High,False
barcelona,BAR_LOC_001497,41.389343322631,2.13382300760804,1,1,Pudo,"Avinguda Diagonal, L'illa diagonal, 545",Sup. Caprabo Illa Diagonal,False,False,True,False,False,False,False,False,4,Click & Collect only,1,Single record,0.0,1,High,False
barcelona,BAR_LOC_001498,41.3871190241508,2.15076836054745,1,1,Pudo,"Carrer del Comte Borrell, 224",Sup. Caprabo Comte Borrell,False,False,True,False,False,False,False,False,4,Click & Collect only,1,Single record,0.0,1,High,False
barcelona,BAR_LOC_001499,41.3868204314185,2.14313119298818,1,1,Pudo,"Av. de Josep Tarradellas, 72",Parking Saba Tarradellas Ii,False,False,True,False,False,False,False,False,4,Click & Collect only,1,Single record,0.0,1,High,False
barcelona,BAR_LOC_001500,41.3882674789898,2.16736013489181,1,1,Pudo,"Rambla de Catalunya, 16",Saba Rambla De Catalunya,False,False,True,False,False,False,False,False,4,Click & Collect only,1,Single record,0.0,1,High,False
barcelona,BAR_LOC_001501,41.3940346623848,2.14317616442462,1,1,Pudo,"Av. de Pau Casals, Sarrià-Sant Gervasi",Saba Pau Casals,False,False,True,False,False,False,False,False,4,Click & Collect only,1,Single record,0.0,1,High,False
barcelona,BAR_LOC_001502,41.3886962201331,2.12899220857716,1,1,Pudo,"Carrer de Joan Güell, 250",Parking Saba Joan Güell,False,False,True,False,False,False,False,False,4,Click & Collect only,1,Single record,0.0,1,High,False
barcelona,BAR_LOC_001503,41.3908200207197,2.18070554919127,1,1,Pudo,Passeig de Lluís Companys,Parking Saba Bamsa Lluís Companys-Ciutadella,False,False,True,False,False,False,False,False,4,Click & Collect only,1,Single record,0.0,1,High,False
barcelona,BAR_LOC_001504,41.3931179900566,2.18837563899828,1,1,Pudo,"Carrer de Pujades, 15, 17",Lidl Pujades,False,False,True,False,False,False,False,False,4,Click & Collect only,1,Single record,0.0,1,High,False
barcelona,BAR_LOC_001505,41.3919891195438,2.18941447744063,1,1,Pudo,"Ctra. Antiga de Mataró, 20-20 bis",Sup. Caprabo Sardenya,False,False,True,False,False,False,False,False,4,Click & Collect only,1,Single record,0.0,1,High,False
barcelona,BAR_LOC_001506,41.4002976694562,2.18004019447627,1,1,Pudo,"Gran Via de les Corts Catalanes, 727",Lidl Gran VãA Corts Catalanes,False,False,True,False,False,False,False,False,4,Click & Collect only,1,Single record,0.0,1,High,False
barcelona,BAR_LOC_001507,41.3920521274885,2.14502911927367,1,1,Pudo,"Carrer del Comte d'Urgell, 259",Lidl Compte De Urgell,False,False,True,False,False,False,False,False,4,Click & Collect only,1,Single record,0.0,1,High,False
barcelona,BAR_LOC_001508,41.4334323002292,2.21706329801764,1,1,Pudo,"Av Joan XXIII 8, 08930",G&S Envíos De Dinero Badalona,False,False,True,False,False,False,False,False,4,Click & Collect only,1,Single record,0.0,1,High,False
barcelona,BAR_LOC_001509,41.3986939075839,2.17261717266722,1,1,Mrw,"Carrer de Bailèn, 71",Oficina Mrw 00642,False,True,False,False,False,False,False,False,2,PUDO only,1,Single record,0.0,1,High,False
barcelona,BAR_LOC_001510,41.3924421779256,2.16098992758342,1,1,Mrw,"Carrer d'Aragó, 230",Oficina Mrw 00644,False,True,False,False,False,False,False,False,2,PUDO only,1,Single record,0.0,1,High,False
barcelona,BAR_LOC_001511,41.3929725393158,2.1236988987946,1,1,Mrw,"Carrer Doctors Trias i Pujol, 5-7",Oficina Mrw 00682,False,True,False,False,False,False,False,False,2,PUDO only,1,Single record,0.0,1,High,False
barcelona,BAR_LOC_001512,41.3525605659055,2.13829938261508,1,1,Mrw,"Carrer del Ferro, 6, 08038",Oficina Mrw 00633,False,True,False,False,False,False,False,False,2,PUDO only,1,Single record,0.0,1,High,False
barcelona,BAR_LOC_001513,41.3750050593282,2.11587120037618,1,1,Mrw,"Carrer de Creu Roja, 33",Oficina Mrw 00673,False,True,False,False,False,False,False,False,2,PUDO only,1,Single record,0.0,1,High,False
barcelona,BAR_LOC_001514,41.3812913510651,2.14894851199675,1,1,Mrw,"Carrer D'Entença, 118",Oficina Mrw 00643,False,True,False,False,False,False,False,False,2,PUDO only,1,Single record,0.0,1,High,False
barcelona,BAR_LOC_001515,41.3772904909012,2.17528533196788,1,1,Mrw,"Carrer de Montserrat, 15",Oficina Mrw 00661,False,True,False,False,False,False,False,False,2,PUDO only,1,Single record,0.0,1,High,False
barcelona,BAR_LOC_001516,41.3921180935345,2.15142689545972,1,1,Mrw,"Carrer de París, 158",Oficina Mrw 00645,False,True,False,False,False,False,False,False,2,PUDO only,1,Single record,0.0,1,High,False
barcelona,BAR_LOC_001517,41.3983529503482,2.16240654362613,1,1,Mrw,"Carrer Roger de Lluria, 130",Oficina Mrw 00640,False,True,False,False,False,False,False,False,2,PUDO only,1,Single record,0.0,1,High,False
barcelona,BAR_LOC_001518,41.4109642791164,2.19173183702458,1,1,Mrw,"Carrer Concili de Trento, 7-9",Oficina Mrw 00636,False,True,False,False,False,False,False,False,2,PUDO only,1,Single record,0.0,1,High,False
barcelona,BAR_LOC_001519,41.412455779778,2.21200498205837,1,1,Mrw,"Carrer Pallars, 455",Oficina Mrw 00631,False,True,False,False,False,False,False,False,2,PUDO only,1,Single record,0.0,1,High,False
barcelona,BAR_LOC_001520,41.4251734888831,2.20178436307515,1,1,Mrw,"Rambla De Prim, 246",Oficina Mrw 00637,False,True,False,False,False,False,False,False,2,PUDO only,1,Single record,0.0,1,High,False
barcelona,BAR_LOC_001521,41.3150143255696,2.07519886755561,1,1,Amazon,"Carrer de l'Alta Ribagorça, 20,El Prat de Llobregat",BCN1Amazon - Centro de preparación de pedidos (FBA),False,False,False,False,False,True,False,False,6,Other single service,1,Single record,0.0,1,High,False
barcelona,BAR_LOC_001522,41.4303316104379,2.20401300833783,1,1,Amazon,"Carrer de Santander, 71, Sant Andreu",DCT9 Amazon - Última milla / Amazon Logistics Station,False,False,False,False,True,False,False,False,6,Other single service,1,Single record,0.0,1,High,False
barcelona,BAR_LOC_001523,41.3257016584468,2.12980936343506,1,1,Amazon,"Carrer Número 5, 2, Sants-Montjuïc",UES4 Amazon - Última milla,False,False,False,False,True,False,False,False,6,Other single service,1,Single record,0.0,1,High,False
barcelona,BAR_LOC_001524,41.4630304342434,1.96273079592734,1,1,Amazon,"Carrer Ferro, 12-2, 08755 Castellbisbal",BCN3 Amazon - Clasificación intermedia,False,False,False,True,False,False,False,False,6,Other single service,1,Single record,0.0,1,High,False
barcelona,BAR_LOC_001525,41.5330011192349,2.22890262981225,1,1,Amazon,"Carrer de la Verneda 22, Martorelles",BCN2 Amazon - Reparto local/regional,False,False,False,True,False,False,False,False,6,Other single service,1,Single record,0.0,1,High,False
barcelona,BAR_LOC_001526,41.5326970840181,2.13276460122543,1,1,Amazon,"Carrer de Ca n'Alzina, 161, 08210 Sabadell",BCN8 Amazon - Reparto local,False,False,False,True,False,False,False,False,6,Other single service,1,Single record,0.0,1,High,False
barcelona,BAR_LOC_001527,41.5055453674682,2.04101498590052,1,1,Amazon,"Av. de Can Rosés, 9 Rubí",DCT4 Amazon - Última milla / Amazon Logistics Station,False,False,False,False,True,False,False,False,6,Other single service,1,Single record,0.0,1,High,False
barcelona,BAR_LOC_001528,41.5517321014577,2.23015425310907,1,1,Amazon,"Carrer de Facundo Bacardí, 10, Mollet del Vallès",,False,False,False,True,False,False,False,False,6,Other single service,1,Single record,0.0,1,High,False
barcelona,BAR_LOC_001529,41.5019989888173,2.18970931188459,1,1,Amazon,"Carrer Fresser, Montcada i Reixac",,False,False,False,False,True,False,False,False,6,Other single service,1,Single record,0.0,1,High,False
barcelona,BAR_LOC_001530,41.4873032939587,2.04968820681881,1,1,Correos,"Carrer del Danubi, 12, Sant Cugat del Vallès",(CTA) Centro de distribución urbana o estación de última milla,False,False,False,False,True,False,False,False,6,Other single service,1,Single record,0.0,1,High,False
barcelona,BAR_LOC_001531,41.3388398314084,2.12768091451568,1,1,Correos,"Carrer Número 29, 12, Sants-Montjuïc",(CTA) Centro de distribución urbana o estación de última milla,False,False,False,False,True,False,False,False,6,Other single service,1,Single record,0.0,1,High,False
barcelona,BAR_LOC_001532,41.3723426,2.17552152162001,1,1,Correos,"Passeig Josep Carner, 33, Sants-Montjuïc",,False,False,False,False,True,False,False,False,6,Other single service,1,Single record,0.0,1,High,False
barcelona,BAR_LOC_001533,41.2994850642405,2.06453503137859,1,1,Correos,"Carrer de Estel Polar, 5, El Prat de Llobregat",,False,False,False,True,False,False,False,False,6,Other single service,1,Single record,0.0,1,High,False
barcelona,BAR_LOC_001534,41.325119031435,2.04211926118517,1,1,Correos Express,"Carrer dels Filats, Nave 4, 08830 Sant Boi de Llobregat",Centro de distribución urbana o estación de última milla,False,False,False,False,True,False,False,False,6,Other single service,1,Single record,0.0,1,High,False
barcelona,BAR_LOC_001535,41.5378046015795,2.18686505941621,1,1,Correos Express,"Carrer de Can Banús, S/N, Santa Perpètua de Mogoda",Plataformas de consolidación y reparto provincial.,False,False,False,True,False,False,False,False,6,Other single service,1,Single record,0.0,1,High,False
barcelona,BAR_LOC_001536,41.2456882482481,1.72376550288554,1,1,Mondial Relay (Impost),"Carrer de les Oliveres, 1, 08800 Vilanova i la Geltrú",Centro de distribución urbana o estación de última milla,False,False,False,False,True,False,False,False,6,Other single service,1,Single record,0.0,1,High,False
barcelona,BAR_LOC_001537,41.3161136289914,2.14101410460464,1,1,SEUR,"Carrer Cal Nyepa, 23-27, 08820, Barcelona",Almacenamiento y cross-docking,False,False,False,True,False,False,False,False,6,Other single service,1,Single record,0.0,1,High,False
barcelona,BAR_LOC_001538,41.3161956056463,2.14098901240635,1,1,SEUR,"Carrer Cal Fernando, 25, 08820 El Prat de Llobregat, Barcelona",Centro de distribución urbana o estación de última milla,False,False,False,False,True,False,False,False,6,Other single service,1,Single record,0.0,1,High,False
barcelona,BAR_LOC_001539,41.7094937778772,1.85178222770724,1,1,SEUR,"Carrer de Ramon Farguell, 62, 08243 Manresa, Barcelona",,False,False,False,True,False,False,False,False,6,Other single service,1,Single record,0.0,1,High,False
barcelona,BAR_LOC_001540,41.5129143198067,2.15622972876786,1,1,SEUR,"Poligono Industrial Can Salvatella, Av. Torre de Mateu, 93, 08210 Barberà del Vallès, Barcelona",,False,False,False,True,False,False,False,False,6,Other single service,1,Single record,0.0,1,High,False
barcelona,BAR_LOC_001541,41.3198814816692,2.13592987908328,1,1,Dhl,"C/ L'Estany de la Messeguera, 14-24, El Prat de Llobregat",Almacenamiento y cross-docking,False,False,False,True,False,False,False,False,6,Other single service,1,Single record,0.0,1,High,False
barcelona,BAR_LOC_001542,41.5576479883787,2.26093245909189,1,1,Dhl,"Carrer d'Edison, 2, 08170 Montornès del Vallès",Almacenamiento y cross-docking (Grandes Clientes),False,False,False,True,False,False,False,False,6,Other single service,1,Single record,0.0,1,High,False
barcelona,BAR_LOC_001543,41.539972942158,2.1839370797907,1,1,Dhl,"CIM del Valles, Santa Perpètua de Mogoda",Centro de distribución urbana o estación de última milla,False,False,False,False,True,False,False,False,6,Other single service,1,Single record,0.0,1,High,False
barcelona,BAR_LOC_001544,41.1645648592597,1.15902941676378,1,1,Dhl,"Avinguda de les Puntes, Illa 6, Constantí, Tarragona",Centro de distribución urbana o estación de última milla,False,False,False,False,True,False,False,False,6,Other single service,1,Single record,0.0,1,High,False
barcelona,BAR_LOC_001545,41.4680753516798,1.95237502463246,1,1,Dhl,"Carrer Manganès, 3, Castellbisbal",,False,False,False,True,False,False,False,False,6,Other single service,1,Single record,0.0,1,High,False
barcelona,BAR_LOC_001546,41.3147888422095,2.14106183208145,1,1,Dhl,"C. Cal Truco, 50-60, 08820 El Prat de Llobregat",,False,False,False,True,False,False,False,False,6,Other single service,1,Single record,0.0,1,High,False
barcelona,BAR_LOC_001547,41.3268145593816,2.14202420719545,1,1,Dhl,"Carrer de l'Atlàntic, 109, Sants-Montjuïc",,False,False,False,True,False,False,False,False,6,Other single service,1,Single record,0.0,1,High,False
barcelona,BAR_LOC_001548,41.2986537066168,2.06354647973441,1,1,Dhl Express,"Aeropuerto de El Prat, Carrer de Estel Polar, 9332",Consolidación internacional de exportaciones e importaciones,False,False,False,True,False,False,False,False,6,Other single service,1,Single record,0.0,1,High,False
barcelona,BAR_LOC_001549,41.3404914539199,2.14285072199971,1,1,Fedex,"Carrer Número 21, Sants-Montjuïc",Centro de distribución urbana o estación de última milla,False,False,False,False,True,False,False,False,6,Other single service,1,Single record,0.0,1,High,False
barcelona,BAR_LOC_001550,41.2978976713679,2.06022663774788,1,1,Fedex,"Carrer de Estel Polar, S/N",Recogida y agrupacion de paquetes (tráfico aéreo o intermodal),False,False,False,True,False,False,False,False,6,Other single service,1,Single record,0.0,1,High,False
barcelona,BAR_LOC_001551,41.3279630832639,2.11347409713514,1,1,Celeritas,"Sector C, Calle K (Zona Franca)",Opera mediante almacenes de terceros en Barcelona,False,False,False,True,False,False,False,False,6,Other single service,1,Single record,0.0,1,High,False
barcelona,BAR_LOC_001552,41.5297668153759,2.41479565566469,1,1,Gls,"Rda. Narcís Monturiol, 23-B, Cabrera de Mar",Centro de distribución regional para reparto comarcal,False,False,False,True,False,False,False,False,6,Other single service,1,Single record,0.0,1,High,False
barcelona,BAR_LOC_001553,41.5281920935965,2.42695969301998,1,1,Gls,"Carrer de la Repuntadora, 45, Mataró",Centro de distribución urbana o estación de última milla,False,False,False,True,False,False,False,False,6,Other single service,1,Single record,0.0,1,High,False
barcelona,BAR_LOC_001554,41.4311687499557,2.23548522388331,1,1,Gls,"Carrer d'Eduard Maristany, 384, Badalona",Almacenamiento y cross-docking,False,False,False,False,True,False,False,False,6,Other single service,1,Single record,0.0,1,High,False
barcelona,BAR_LOC_001555,41.4605824436607,2.22429296895791,1,1,Gls,"08917 Badalona, Barcelona",Almacenamiento y cross-docking,False,False,False,False,True,False,False,False,6,Other single service,1,Single record,0.0,1,High,False
barcelona,BAR_LOC_001556,41.5331382706155,2.19295904388426,1,1,Gls,"Carrer H, 32, 08130 Santa Perpètua de Mogoda",Mini-hub provincial,False,False,False,True,False,False,False,False,6,Other single service,1,Single record,0.0,1,High,False
barcelona,BAR_LOC_001557,41.3511962112934,2.12128163551972,1,1,Gls,"Carrer Miguel Hernández, 112, 114, L'Hospitalet de Llobregat",,False,False,False,False,True,False,False,False,6,Other single service,1,Single record,0.0,1,High,False
barcelona,BAR_LOC_001558,41.3467810242241,2.12481061196021,1,1,Gls,"C. de Pablo Iglesias, 102-112, L'Hospitalet de Llobregat",,False,False,False,False,True,False,False,False,6,Other single service,1,Single record,0.0,1,High,False
barcelona,BAR_LOC_001559,41.5331047605717,2.19115396984669,1,1,Ctt Express,"Carrer H, 11, 08130 Santa Perpètua de Mogoda",Plataformas logística regional,False,False,False,True,False,False,False,False,6,Other single service,1,Single record,0.0,1,High,False
barcelona,BAR_LOC_001560,41.3258387118746,2.04582209252412,1,1,Ctt Express,"Carrer dels Feixars, 08830 Sant Boi de Llobregat",Centro de distribución urbana o estación de última milla,False,False,False,False,True,False,False,False,6,Other single service,1,Single record,0.0,1,High,False
barcelona,BAR_LOC_001561,41.3421340214456,2.14050787941102,1,1,UPS,"Carrer Número 2, 1-13, Sants-Montjuïc",Centro logístico de entrada/salida urbana,False,False,False,False,True,False,False,False,6,Other single service,1,Single record,0.0,1,High,False
barcelona,BAR_LOC_001562,41.3430302991402,2.13870677936643,1,1,UPS,"Carrer Número 21, Sants-Montjuïc",Centro de distribución urbana o estación de última milla,False,False,False,False,True,False,False,False,6,Other single service,1,Single record,0.0,1,High,False
barcelona,BAR_LOC_001563,41.3466312731106,2.1238016501945,1,1,Nacex,"Calle Pablo Iglesias, 112-122 , L'Hospitalet de Llobregat",Centro de distribución urbana o estación de última milla,False,False,False,False,True,False,False,False,6,Other single service,1,Single record,0.0,1,High,False
barcelona,BAR_LOC_001564,41.3539280139799,2.07893998579086,1,1,Nacex,"Ctra. de l'Hospitalet, 17, nave B, Cornellà de Llobregat",Centro de distribución urbana o estación de última milla,False,False,False,True,False,False,False,False,6,Other single service,1,Single record,0.0,1,High,False
barcelona,BAR_LOC_001565,41.3755826288456,2.04441411783358,1,1,Nacex,"Carrer d'Armenteres, 14, Nave 6, Matacàs",Almacenamiento y cross-docking,False,False,False,True,False,False,False,False,6,Other single service,1,Single record,0.0,1,High,False
barcelona,BAR_LOC_001566,41.308788302025,2.06571444878063,1,1,Mrw,"Av. les Garrigues, 45",Hub principal de MRW,False,False,False,True,False,False,False,False,6,Other single service,1,Single record,0.0,1,High,False
barcelona,BAR_LOC_001567,41.5873368581174,2.24341082080797,1,1,Mrw,"Carrer Molí de Vent, 2, Parets del Vallès",Centro de distribución comarcal,False,False,False,True,False,False,False,False,6,Other single service,1,Single record,0.0,1,High,False
barcelona,BAR_LOC_001568,41.631982392484,2.29026997509237,1,1,Mrw,"Carrer Mas Pujol, 16",Centro de distribución urbana o estación de última milla,False,False,False,True,False,False,False,False,6,Other single service,1,Single record,0.0,1,High,False
barcelona,BAR_LOC_001569,41.3331664425737,2.13925106489806,1,1,Cainiao (Aliexpress),Zona industrial de Barcelona,Clasificación local de paquetes; entrega de última milla,False,False,False,True,False,False,False,False,6,Other single service,1,Single record,0.0,1,High,False
barcelona,BAR_LOC_001570,41.5494554795796,2.17996044988682,1,1,Zeleris,"Carrer Vallès, 16, 08130 Santa Perpètua de Mogoda",,False,False,False,True,False,False,False,False,6,Other single service,1,Single record,0.0,1,High,False
barcelona,BAR_LOC_001571,41.3186046109068,2.13898590255763,1,1,Envialia,"Avinguda de l'Estany de la Messeguera, 30",,False,False,False,True,False,False,False,False,6,Other single service,1,Single record,0.0,1,High,False
barcelona,BAR_LOC_001572,41.40719330084,2.17741969161,1,1,Correos,Car. Castillejos 276,BARCELONA SUC 24. SAGRADA FAMILIA,True,False,False,False,False,False,False,False,1,Locker only,1,Single record,0.0,1,High,False
barcelona,BAR_LOC_001573,41.40935987284,2.19018084476,1,1,Correos,Car. Rossend Nobas 31,BARCELONA SUC 15. EL CLOT,True,False,False,False,False,False,False,False,1,Locker only,1,Single record,0.0,1,High,False
barcelona,BAR_LOC_001574,41.37880989953,2.12805649951,1,1,Correos,Avd. Madrid 106,BARCELONA SUC 23. LES CORTS,True,False,False,False,False,False,False,False,1,Locker only,1,Single record,0.0,1,High,False
barcelona,BAR_LOC_001575,41.4011062063,2.15398568507,1,1,Correos,Car. Gran De Gracia 118,BARCELONA SUC 32. GRACIA,True,False,False,False,False,False,False,False,1,Locker only,1,Single record,0.0,1,High,False
barcelona,BAR_LOC_001576,41.3978129009,2.13874520019,1,1,Correos,Car. Via Augusta 207,BARCELONA SUC 7. VIA AUGUSTA,True,False,False,False,False,False,False,False,1,Locker only,1,Single record,0.0,1,High,False
barcelona,BAR_LOC_001577,41.39775383383,2.17454816445,1,1,Correos,Car. Consell De Cent 445,BARCELONA SUC 8. TETUÁN,True,False,False,False,False,False,False,False,1,Locker only,1,Single record,0.0,1,High,False
barcelona,BAR_LOC_001578,41.38192911682,2.18144336938,1,1,Correos,Pç. Antonio López S/n,BARCELONA OP,True,False,False,False,False,False,False,False,1,Locker only,1,Single record,0.0,1,High,False
barcelona,BAR_LOC_001579,41.3894524464,2.16123945282,1,1,Correos,Pç. Letamendi 5-7,BARCELONA SUC 1 PLAZA LETAMENDI,True,False,False,False,False,False,False,False,1,Locker only,1,Single record,0.0,1,High,False
barcelona,BAR_LOC_001580,41.35868953129,2.14083271321,1,1,Correos,Car. Alts Forns 65-67,BARCELONA SUC 41. ALTS FORNS,True,False,False,False,False,False,False,False,1,Locker only,1,Single record,0.0,1,High,False
barcelona,BAR_LOC_001581,41.42119427623,2.18272777658,1,1,Correos,Car. Jordi De Sant Jordi 5-7,BARCELONA SUC 19. CONGRÈS,True,False,False,False,False,False,False,False,1,Locker only,1,Single record,0.0,1,High,False
barcelona,BAR_LOC_001582,41.40390476319,2.16392337385,1,1,Correos,Ps. Sant Joan 196,BARCELONA SUC 34. PS SANT JOAN,True,False,False,False,False,False,False,False,1,Locker only,1,Single record,0.0,1,High,False
barcelona,BAR_LOC_001583,41.37167648163,2.14489665657,1,1,Correos,Gv. Corts Catalanes 282,BARCELONA SUC 5. HOSTAFRANCS,True,False,False,False,False,False,False,False,1,Locker only,1,Single record,0.0,1,High,False
barcelona,BAR_LOC_001584,41.39620701512,2.15413768288,1,1,Correos,Car. Comte De Salvatierra 5,BARCELONA SUC 12. COMTE DE SALVATIERRA-VIA AUGUSTA,True,False,False,False,False,False,False,False,1,Locker only,1,Single record,0.0,1,High,False
barcelona,BAR_LOC_001585,41.37643033886,2.13693893461,1,1,Correos,Ps. Sant Antoni 16,BARCELONA SUC 44. WATT,True,False,False,False,False,False,False,False,1,Locker only,1,Single record,0.0,1,High,False
