{
"type": "FeatureCollection",
"name": "districts_limits",
"crs": { "type": "name", "properties": { "name": "urn:ogc:def:crs:OGC:1.3:CRS84" } },
"features": [
{ "type": "Feature", "properties": { "district": "Centro", "admin_level": "9" }, "geometry": { "type": "Polygon", "coordinates": [ [ [ -3.693161585718333, 40.407345287278879 ], [ -3.693201773536808, 40.407195946395198 ], [ -3.693227430851549, 40.406985700371926 ], [ -3.693677073806337, 40.407127242282435 ], [ -3.693849281779331, 40.407256030453624 ], [ -3.693903085128985, 40.407285168095619 ], [ -3.693965754713818, 40.407293891120851 ], [ -3.694104837242087, 40.407272606599214 ], [ -3.695288905239114, 40.406952344625594 ], [ -3.695411106651896, 40.40699701627571 ], [ -3.697874925626585, 40.406347226392576 ], [ -3.697942604693251, 40.40632753938889 ], [ -3.699377309518715, 40.40592797597742 ], [ -3.700081217060121, 40.405733538406409 ], [ -3.700984480297529, 40.405501041944348 ], [ -3.701001504462344, 40.405496342308901 ], [ -3.702552444526875, 40.405068199458654 ], [ -3.702972284175709, 40.405062947654713 ], [ -3.703885832387637, 40.40519748612806 ], [ -3.706507332347718, 40.405678093878571 ], [ -3.707097247320552, 40.405799635278122 ], [ -3.708402911664316, 40.406068671604082 ], [ -3.709537756547479, 40.40627703760277 ], [ -3.70991378339443, 40.406329867574421 ], [ -3.711283174806116, 40.406561822151552 ], [ -3.711677992972163, 40.406664260760948 ], [ -3.712048179493894, 40.406744055900333 ], [ -3.713693111136358, 40.407443568993784 ], [ -3.715231600747346, 40.408082364467191 ], [ -3.716770459043321, 40.408697624320233 ], [ -3.718338020646228, 40.411112695717151 ], [ -3.717851611322195, 40.412077522475165 ], [ -3.716939429043714, 40.413916071527055 ], [ -3.719431977535446, 40.413934838195594 ], [ -3.719637817421011, 40.41393959503381 ], [ -3.720495414802149, 40.4139524575968 ], [ -3.722953860062372, 40.413989290631932 ], [ -3.722850118962102, 40.415331658256953 ], [ -3.722379148053272, 40.417174969818689 ], [ -3.722160745423841, 40.418036067360767 ], [ -3.722053178397043, 40.418459803456734 ], [ -3.721842769512381, 40.418580396047851 ], [ -3.721509930014997, 40.418770940844141 ], [ -3.721066669197463, 40.419118660322198 ], [ -3.720699465132987, 40.419469417527381 ], [ -3.720400005989958, 40.419894887682148 ], [ -3.720298480289168, 40.420068402681117 ], [ -3.720195215846377, 40.420244722118994 ], [ -3.720189312186263, 40.420254849010398 ], [ -3.718060480160915, 40.42028704097163 ], [ -3.716802279279563, 40.420342181182733 ], [ -3.715979394239273, 40.42035340085404 ], [ -3.715504763069916, 40.420402732118028 ], [ -3.715504057769815, 40.420402916663612 ], [ -3.713896283217111, 40.421477804351277 ], [ -3.713381727517191, 40.421821789496626 ], [ -3.713331795947794, 40.421904530224559 ], [ -3.713174757453032, 40.422058381409315 ], [ -3.713042917613715, 40.422187483213811 ], [ -3.711722018851081, 40.422963724205509 ], [ -3.711162838568748, 40.423292298433175 ], [ -3.710917008734835, 40.423422097128281 ], [ -3.710894267631762, 40.423434128884416 ], [ -3.711707728055124, 40.424303817917853 ], [ -3.712457284112837, 40.425360381731572 ], [ -3.713173871196542, 40.426407143804781 ], [ -3.713896944113725, 40.427463231430394 ], [ -3.714132453993201, 40.427783761164306 ], [ -3.714527522241789, 40.428321055097847 ], [ -3.715595782756464, 40.429774009826964 ], [ -3.716195794920183, 40.430602644653334 ], [ -3.716228339682088, 40.430647668298015 ], [ -3.714629542752751, 40.430476670290965 ], [ -3.713523082844121, 40.430360771138908 ], [ -3.71186151904821, 40.430194245610174 ], [ -3.71050358936373, 40.430055200800005 ], [ -3.708826198049883, 40.42988486399868 ], [ -3.707715768368801, 40.429782820946713 ], [ -3.70741332493008, 40.42975501521785 ], [ -3.705805963792365, 40.429605561891407 ], [ -3.703644873577472, 40.429240879949319 ], [ -3.702406307480055, 40.429058852917279 ], [ -3.701946605023671, 40.428974793534444 ], [ -3.699410644853255, 40.428425909257484 ], [ -3.69713054167271, 40.427944984449901 ], [ -3.695761797894772, 40.427642041004425 ], [ -3.695121546339196, 40.427343905252265 ], [ -3.693848991422839, 40.426707576129694 ], [ -3.69139272890882, 40.425485781254892 ], [ -3.690455035012091, 40.425262368344548 ], [ -3.690720446107111, 40.424466073532074 ], [ -3.691312526853594, 40.423144459591342 ], [ -3.693089157620991, 40.419335339584386 ], [ -3.692972277236588, 40.418880541225256 ], [ -3.693166403408977, 40.418477485013028 ], [ -3.693480561540257, 40.416941541019241 ], [ -3.693603972404176, 40.416344673060202 ], [ -3.693639066740117, 40.415882478607777 ], [ -3.69344138938186, 40.415134649474055 ], [ -3.693201554993202, 40.414034008004819 ], [ -3.692897287204159, 40.412637263175043 ], [ -3.692649581003259, 40.411468288504487 ], [ -3.692366342583576, 40.410200786577192 ], [ -3.692217735922002, 40.409707167461178 ], [ -3.691939911799033, 40.409082067615692 ], [ -3.692025186405721, 40.408697050650161 ], [ -3.691855396243386, 40.408435992341929 ], [ -3.692560911832768, 40.408002850840077 ], [ -3.69283506403918, 40.407775353059371 ], [ -3.692968756382946, 40.407618966305222 ], [ -3.692969222224916, 40.407618422969662 ], [ -3.693010447361664, 40.407570157594755 ], [ -3.693161585718333, 40.407345287278879 ] ] ] } },
{ "type": "Feature", "properties": { "district": "Arganzuela", "admin_level": "9" }, "geometry": { "type": "Polygon", "coordinates": [ [ [ -3.703885832387637, 40.40519748612806 ], [ -3.702972284175709, 40.405062947654713 ], [ -3.702552444526875, 40.405068199458654 ], [ -3.701001504462344, 40.405496342308901 ], [ -3.700984480297529, 40.405501041944348 ], [ -3.700081217060121, 40.405733538406409 ], [ -3.699377309518715, 40.40592797597742 ], [ -3.697942604693251, 40.40632753938889 ], [ -3.697874925626585, 40.406347226392576 ], [ -3.695411106651896, 40.40699701627571 ], [ -3.695288905239114, 40.406952344625594 ], [ -3.694104837242087, 40.407272606599214 ], [ -3.693965754713818, 40.407293891120851 ], [ -3.693903085128985, 40.407285168095619 ], [ -3.693849281779331, 40.407256030453624 ], [ -3.693677073806337, 40.407127242282435 ], [ -3.693227430851549, 40.406985700371926 ], [ -3.693201773536808, 40.407195946395198 ], [ -3.693161585718333, 40.407345287278879 ], [ -3.693010447361664, 40.407570157594755 ], [ -3.692969222224916, 40.407618422969662 ], [ -3.692968756382946, 40.407618966305222 ], [ -3.69283506403918, 40.407775353059371 ], [ -3.692560911832768, 40.408002850840077 ], [ -3.691855396243386, 40.408435992341929 ], [ -3.69150703314165, 40.408149513471955 ], [ -3.691396909073683, 40.408110170919073 ], [ -3.691177848297579, 40.407986343910039 ], [ -3.690823695244275, 40.407755393370579 ], [ -3.690251416641701, 40.407330065511879 ], [ -3.690213140519058, 40.407355699561442 ], [ -3.689878277262635, 40.407120487665672 ], [ -3.689161791484663, 40.406721329244945 ], [ -3.688869450695971, 40.406541086481937 ], [ -3.688616483416002, 40.406385023041857 ], [ -3.687788318208349, 40.405629581970167 ], [ -3.686696468742951, 40.404634616742989 ], [ -3.684666315401863, 40.403227894499267 ], [ -3.684635795197362, 40.403216452618082 ], [ -3.682599449839203, 40.402389996399123 ], [ -3.682521708725444, 40.402358472215568 ], [ -3.682511794897749, 40.402356998291928 ], [ -3.682462461486066, 40.402349631774143 ], [ -3.682368440154372, 40.402351356959471 ], [ -3.682292504483994, 40.402370362856317 ], [ -3.682075124158289, 40.402269299629857 ], [ -3.681213889141736, 40.401868328043626 ], [ -3.680610530909295, 40.401587188159887 ], [ -3.680076087162668, 40.401338343629376 ], [ -3.679634410853524, 40.401056608798797 ], [ -3.679601913802283, 40.401035898754429 ], [ -3.679042373656343, 40.400798366356753 ], [ -3.676795653412182, 40.398954022174166 ], [ -3.676294559261485, 40.39866649599896 ], [ -3.67595047652219, 40.398407511356076 ], [ -3.675698767315196, 40.398217896364315 ], [ -3.675051657012109, 40.39753814993616 ], [ -3.674954826512928, 40.39738772119977 ], [ -3.674430817687244, 40.396572928912548 ], [ -3.673521061962144, 40.39431730007032 ], [ -3.673519853206419, 40.394314244021643 ], [ -3.674540750551879, 40.393749289163544 ], [ -3.67525665223235, 40.393262952477905 ], [ -3.676444504700013, 40.3923316772524 ], [ -3.677564981113077, 40.391483601522602 ], [ -3.678287968257384, 40.390909455025962 ], [ -3.678717920010203, 40.390499905996379 ], [ -3.679149242174513, 40.389992598662722 ], [ -3.682347548699395, 40.385122445714167 ], [ -3.682726339442833, 40.384650635923599 ], [ -3.682942827076716, 40.384441164510655 ], [ -3.683149838195336, 40.384277340118494 ], [ -3.683349161002325, 40.384139393477618 ], [ -3.683598175775753, 40.384002674382479 ], [ -3.683968589693762, 40.38388347298654 ], [ -3.684310991335427, 40.383789538229806 ], [ -3.684865791727993, 40.383677688698938 ], [ -3.686977170452983, 40.383276086108062 ], [ -3.687453035440855, 40.383163385861053 ], [ -3.68822076297357, 40.382971111990912 ], [ -3.688755661848127, 40.38279453637643 ], [ -3.689114138829836, 40.382657186719257 ], [ -3.689480596532131, 40.382486382625451 ], [ -3.689746062121079, 40.382331135804776 ], [ -3.692151256870422, 40.384105746183636 ], [ -3.694637941873022, 40.386169005378868 ], [ -3.695618591080994, 40.386982623266753 ], [ -3.698090402457372, 40.389096050664179 ], [ -3.699556930210574, 40.390646400130294 ], [ -3.70239332998628, 40.393644745947256 ], [ -3.703377004970458, 40.394453013234568 ], [ -3.7043994000816, 40.395084819499331 ], [ -3.704640740335097, 40.395233981686275 ], [ -3.707343988055145, 40.395894795102286 ], [ -3.708228801313978, 40.396109296804923 ], [ -3.708785669849801, 40.396276969642685 ], [ -3.709698106227342, 40.396551651516866 ], [ -3.710294369104447, 40.396800698346105 ], [ -3.710804236648572, 40.397013606291445 ], [ -3.711386617335389, 40.397331291808804 ], [ -3.712164564374079, 40.397890747314584 ], [ -3.712737202489424, 40.398355964397773 ], [ -3.713184007248805, 40.398743846177133 ], [ -3.713447525866045, 40.398959250737107 ], [ -3.714053408842495, 40.399346148338907 ], [ -3.714899239190435, 40.399667957226001 ], [ -3.715901289004857, 40.399918792332457 ], [ -3.716419776436615, 40.399984953464795 ], [ -3.716774244578055, 40.399996723401564 ], [ -3.717073861207174, 40.399980902532114 ], [ -3.717309893328182, 40.399958629373046 ], [ -3.71896326402902, 40.399833413953885 ], [ -3.719007300692487, 40.399830077946561 ], [ -3.719316211507032, 40.399835095402224 ], [ -3.719734706717527, 40.399895016784093 ], [ -3.719989696620786, 40.399948926014787 ], [ -3.720354569939989, 40.400085575885115 ], [ -3.72113131581165, 40.400511372732417 ], [ -3.721708181128468, 40.400945348157833 ], [ -3.721835398642669, 40.401150231791554 ], [ -3.721948708478693, 40.401332770454729 ], [ -3.72221881905367, 40.401963162860007 ], [ -3.722251581166425, 40.402073679555954 ], [ -3.722397786078792, 40.402566285141887 ], [ -3.722579204500176, 40.403785174314756 ], [ -3.722657590468341, 40.404182873896758 ], [ -3.722720742513611, 40.404545365734997 ], [ -3.722742897665067, 40.405217754988797 ], [ -3.72264863954316, 40.405825914730904 ], [ -3.722366875986331, 40.406742636617729 ], [ -3.72226126769054, 40.407050233866137 ], [ -3.722218864617655, 40.407173743464426 ], [ -3.721822842567626, 40.408505412698794 ], [ -3.722611132008229, 40.411378891861325 ], [ -3.722764982438257, 40.411713609007393 ], [ -3.722871125541011, 40.411907361502983 ], [ -3.722900467593465, 40.411972944968554 ], [ -3.722918456511334, 40.412013012827806 ], [ -3.722924823334732, 40.412365768061171 ], [ -3.72292493227335, 40.412375947598811 ], [ -3.722953860062372, 40.413989290631932 ], [ -3.720495414802149, 40.4139524575968 ], [ -3.719637817421011, 40.41393959503381 ], [ -3.719431977535446, 40.413934838195594 ], [ -3.716939429043714, 40.413916071527055 ], [ -3.717851611322195, 40.412077522475165 ], [ -3.718338020646228, 40.411112695717151 ], [ -3.716770459043321, 40.408697624320233 ], [ -3.715231600747346, 40.408082364467191 ], [ -3.713693111136358, 40.407443568993784 ], [ -3.712048179493894, 40.406744055900333 ], [ -3.711677992972163, 40.406664260760948 ], [ -3.711283174806116, 40.406561822151552 ], [ -3.70991378339443, 40.406329867574421 ], [ -3.709537756547479, 40.40627703760277 ], [ -3.708402911664316, 40.406068671604082 ], [ -3.707097247320552, 40.405799635278122 ], [ -3.706507332347718, 40.405678093878571 ], [ -3.703885832387637, 40.40519748612806 ] ] ] } },
{ "type": "Feature", "properties": { "district": "Retiro", "admin_level": "9" }, "geometry": { "type": "Polygon", "coordinates": [ [ [ -3.664094464012118, 40.408523284063428 ], [ -3.665151426625898, 40.406455762356046 ], [ -3.665210512290004, 40.406340197330408 ], [ -3.665565417690779, 40.405556080200164 ], [ -3.666330439627602, 40.403864551295541 ], [ -3.666694186361396, 40.402892089807139 ], [ -3.666784620645087, 40.402622017698597 ], [ -3.668276465923432, 40.399635287796073 ], [ -3.669257455406611, 40.398323667575418 ], [ -3.669626696456631, 40.397829907839075 ], [ -3.670055019223626, 40.397388868936638 ], [ -3.670396081259365, 40.397072748915789 ], [ -3.670963092304665, 40.39657315422081 ], [ -3.671080949828569, 40.396435191655527 ], [ -3.672043430795839, 40.395308503132824 ], [ -3.672924359976891, 40.394671220408682 ], [ -3.673519853206419, 40.394314244021643 ], [ -3.673521061962144, 40.39431730007032 ], [ -3.674430817687244, 40.396572928912548 ], [ -3.674954826512928, 40.39738772119977 ], [ -3.675051657012109, 40.39753814993616 ], [ -3.675698767315196, 40.398217896364315 ], [ -3.67595047652219, 40.398407511356076 ], [ -3.676294559261485, 40.39866649599896 ], [ -3.676795653412182, 40.398954022174166 ], [ -3.679042373656343, 40.400798366356753 ], [ -3.679601913802283, 40.401035898754429 ], [ -3.679634410853524, 40.401056608798797 ], [ -3.680076087162668, 40.401338343629376 ], [ -3.680610530909295, 40.401587188159887 ], [ -3.681213889141736, 40.401868328043626 ], [ -3.682075124158289, 40.402269299629857 ], [ -3.682292504483994, 40.402370362856317 ], [ -3.682368440154372, 40.402351356959471 ], [ -3.682462461486066, 40.402349631774143 ], [ -3.682511794897749, 40.402356998291928 ], [ -3.682521708725444, 40.402358472215568 ], [ -3.682599449839203, 40.402389996399123 ], [ -3.684635795197362, 40.403216452618082 ], [ -3.684666315401863, 40.403227894499267 ], [ -3.686696468742951, 40.404634616742989 ], [ -3.687788318208349, 40.405629581970167 ], [ -3.688616483416002, 40.406385023041857 ], [ -3.688869450695971, 40.406541086481937 ], [ -3.689161791484663, 40.406721329244945 ], [ -3.689878277262635, 40.407120487665672 ], [ -3.690213140519058, 40.407355699561442 ], [ -3.690251416641701, 40.407330065511879 ], [ -3.690823695244275, 40.407755393370579 ], [ -3.691177848297579, 40.407986343910039 ], [ -3.691396909073683, 40.408110170919073 ], [ -3.69150703314165, 40.408149513471955 ], [ -3.691855396243386, 40.408435992341929 ], [ -3.692025186405721, 40.408697050650161 ], [ -3.691939911799033, 40.409082067615692 ], [ -3.692217735922002, 40.409707167461178 ], [ -3.692366342583576, 40.410200786577192 ], [ -3.692649581003259, 40.411468288504487 ], [ -3.692897287204159, 40.412637263175043 ], [ -3.693201554993202, 40.414034008004819 ], [ -3.69344138938186, 40.415134649474055 ], [ -3.693639066740117, 40.415882478607777 ], [ -3.693603972404176, 40.416344673060202 ], [ -3.693480561540257, 40.416941541019241 ], [ -3.693166403408977, 40.418477485013028 ], [ -3.692972277236588, 40.418880541225256 ], [ -3.693089157620991, 40.419335339584386 ], [ -3.692191237037012, 40.419511614180486 ], [ -3.688716075984741, 40.419996399362155 ], [ -3.685924004096233, 40.420579018152573 ], [ -3.685872485339269, 40.420589954464916 ], [ -3.685195119588216, 40.4207125253931 ], [ -3.684752012840469, 40.420792804987045 ], [ -3.684585963891672, 40.420819823563392 ], [ -3.68446204341348, 40.420839924906623 ], [ -3.683097984622787, 40.421061762565849 ], [ -3.682443077665984, 40.421168236875339 ], [ -3.681215019589583, 40.421423575723146 ], [ -3.679960621352551, 40.42166283927579 ], [ -3.679430007969733, 40.421681719184399 ], [ -3.678969156236378, 40.421674962568602 ], [ -3.67893165350172, 40.421673109825818 ], [ -3.677520161764099, 40.42161191774769 ], [ -3.675997779175861, 40.421541701872833 ], [ -3.674388400742201, 40.421460831044712 ], [ -3.67283499736345, 40.421386523797416 ], [ -3.668996037440473, 40.421190561912567 ], [ -3.665024411158175, 40.420208292597941 ], [ -3.66291663703438, 40.419662625548128 ], [ -3.658695477181209, 40.418674358705587 ], [ -3.6589713086209, 40.417442602365128 ], [ -3.65944206138891, 40.416546674942879 ], [ -3.660585328436361, 40.414695734082393 ], [ -3.661053849449352, 40.413937289868059 ], [ -3.66115945600449, 40.413768668846892 ], [ -3.661482193235793, 40.413253579382136 ], [ -3.662487511553607, 40.411649084304173 ], [ -3.662534277914132, 40.411574492462094 ], [ -3.662916757001455, 40.410964100962808 ], [ -3.662917216930351, 40.410962928048406 ], [ -3.663389659051943, 40.409900665842031 ], [ -3.663763404218498, 40.409170772108247 ], [ -3.664094464012118, 40.408523284063428 ] ] ] } },
{ "type": "Feature", "properties": { "district": "Salamanca", "admin_level": "9" }, "geometry": { "type": "Polygon", "coordinates": [ [ [ -3.659399286621591, 40.438273049094192 ], [ -3.659591482364332, 40.436982221730155 ], [ -3.659601842101927, 40.43692027062157 ], [ -3.659690264976792, 40.43638877503497 ], [ -3.659714668952545, 40.436243680550263 ], [ -3.659825784294296, 40.435585207306808 ], [ -3.659903757530679, 40.435118815362031 ], [ -3.660018312542262, 40.434655728903934 ], [ -3.660192987282316, 40.433938694822565 ], [ -3.660809964859227, 40.431421564583161 ], [ -3.660589040869439, 40.429457952251816 ], [ -3.660111830260668, 40.426938230280761 ], [ -3.65965218093082, 40.424510927857128 ], [ -3.659540493640016, 40.423829398416643 ], [ -3.659152434263834, 40.421461954739321 ], [ -3.658695477181209, 40.418674358705587 ], [ -3.66291663703438, 40.419662625548128 ], [ -3.665024411158175, 40.420208292597941 ], [ -3.668996037440473, 40.421190561912567 ], [ -3.67283499736345, 40.421386523797416 ], [ -3.674388400742201, 40.421460831044712 ], [ -3.675997779175861, 40.421541701872833 ], [ -3.677520161764099, 40.42161191774769 ], [ -3.67893165350172, 40.421673109825818 ], [ -3.678969156236378, 40.421674962568602 ], [ -3.679430007969733, 40.421681719184399 ], [ -3.679960621352551, 40.42166283927579 ], [ -3.681215019589583, 40.421423575723146 ], [ -3.682443077665984, 40.421168236875339 ], [ -3.683097984622787, 40.421061762565849 ], [ -3.68446204341348, 40.420839924906623 ], [ -3.684585963891672, 40.420819823563392 ], [ -3.684752012840469, 40.420792804987045 ], [ -3.685195119588216, 40.4207125253931 ], [ -3.685872485339269, 40.420589954464916 ], [ -3.685924004096233, 40.420579018152573 ], [ -3.688716075984741, 40.419996399362155 ], [ -3.692191237037012, 40.419511614180486 ], [ -3.693089157620991, 40.419335339584386 ], [ -3.691312526853594, 40.423144459591342 ], [ -3.690720446107111, 40.424466073532074 ], [ -3.690455035012091, 40.425262368344548 ], [ -3.690064744616392, 40.426626141784929 ], [ -3.689709659043185, 40.427998532452804 ], [ -3.689350475373186, 40.429386712876031 ], [ -3.689036616019667, 40.430619666517828 ], [ -3.688454996644933, 40.432904123685745 ], [ -3.688413135162265, 40.433053651567803 ], [ -3.688757681422558, 40.435173769592296 ], [ -3.688778388823647, 40.435204186792056 ], [ -3.689386824702336, 40.4360998456687 ], [ -3.690717509452981, 40.437984558061849 ], [ -3.686258461522863, 40.43779969809583 ], [ -3.685193974860686, 40.437749697877699 ], [ -3.684194129796565, 40.437702637726673 ], [ -3.68311572206586, 40.437651887238019 ], [ -3.681770606188137, 40.437588732321622 ], [ -3.680501702689304, 40.437518350976966 ], [ -3.6791271719993, 40.437444421304804 ], [ -3.678010455638646, 40.437393849109128 ], [ -3.677619028721677, 40.437401014424672 ], [ -3.677609492382018, 40.437401589241695 ], [ -3.677425083814903, 40.437412702446885 ], [ -3.677033178612287, 40.437576605687084 ], [ -3.675934438876594, 40.438251969274795 ], [ -3.675306785073869, 40.438627216218492 ], [ -3.675140863549044, 40.438697780007971 ], [ -3.674918665971598, 40.438776191953664 ], [ -3.674740828650491, 40.43883103102749 ], [ -3.674466778950452, 40.438888223098111 ], [ -3.673342494599199, 40.439088299804055 ], [ -3.67234778345482, 40.439267331854438 ], [ -3.671826530639644, 40.439393173226968 ], [ -3.671321027094721, 40.439543164959453 ], [ -3.670928109793233, 40.439685329034859 ], [ -3.670488605168429, 40.439863629588501 ], [ -3.670112541433297, 40.440048734619296 ], [ -3.669792680833829, 40.440220960537523 ], [ -3.66844891604986, 40.44100504809046 ], [ -3.66681829573309, 40.441957873311431 ], [ -3.666114568337079, 40.442373996493046 ], [ -3.665276452907984, 40.442842418614553 ], [ -3.664303429659469, 40.443298725291172 ], [ -3.664269473557374, 40.443311082585375 ], [ -3.662665880993965, 40.443893965707282 ], [ -3.66060152593175, 40.444606303859636 ], [ -3.66012055447081, 40.443944449295749 ], [ -3.65975162825836, 40.443284296470942 ], [ -3.659485053514031, 40.442623651315785 ], [ -3.659354247178911, 40.442136737615193 ], [ -3.65931098607715, 40.441739595712065 ], [ -3.659245257719669, 40.440828795770344 ], [ -3.659238978926894, 40.440680814296499 ], [ -3.659231465640242, 40.440503019103602 ], [ -3.659287552674623, 40.439243327404526 ], [ -3.659301359254984, 40.438930545528848 ], [ -3.659399286621591, 40.438273049094192 ] ] ] } },
{ "type": "Feature", "properties": { "district": "Chamartín", "admin_level": "9" }, "geometry": { "type": "Polygon", "coordinates": [ [ [ -3.673648187854043, 40.482455502994874 ], [ -3.673682054547033, 40.482190955955893 ], [ -3.673709806121942, 40.482051876167738 ], [ -3.673879802505315, 40.481199987824141 ], [ -3.674038835487029, 40.480427247251455 ], [ -3.674077720908557, 40.480238298205052 ], [ -3.674166851369316, 40.479760032602506 ], [ -3.674199601947167, 40.479566329218635 ], [ -3.674232470038091, 40.479372715223526 ], [ -3.67435915881924, 40.478733600618774 ], [ -3.67439055962079, 40.478357832215153 ], [ -3.674404985828378, 40.478185105798936 ], [ -3.674438393656582, 40.477785123073154 ], [ -3.674432591099482, 40.477204798069671 ], [ -3.674388608485425, 40.476605235537576 ], [ -3.674367383690865, 40.476417521676638 ], [ -3.67436725310498, 40.476416261184234 ], [ -3.674332949596916, 40.476112136867961 ], [ -3.674226300686749, 40.475580867324133 ], [ -3.674182262917354, 40.475447610505555 ], [ -3.674082633486422, 40.475146389601413 ], [ -3.673743249023655, 40.474132600736986 ], [ -3.673564799891668, 40.473746612140232 ], [ -3.673248421828626, 40.47306241740155 ], [ -3.671998961802906, 40.471421750434693 ], [ -3.671106101796094, 40.470249362247948 ], [ -3.668406555454714, 40.466704258709406 ], [ -3.66822785822563, 40.466359523819214 ], [ -3.667721459129683, 40.465380643829697 ], [ -3.664937273898464, 40.460030355279017 ], [ -3.664850561351589, 40.45982454734758 ], [ -3.664354653216355, 40.45853540963472 ], [ -3.663806177830862, 40.456816029805722 ], [ -3.663418700880662, 40.455083382381275 ], [ -3.663300524252316, 40.454302705822023 ], [ -3.663127745240485, 40.453161711177252 ], [ -3.662897362855458, 40.451726450264793 ], [ -3.662840452693465, 40.451371279621696 ], [ -3.662582063777866, 40.45014509789825 ], [ -3.66233732371064, 40.449107125326059 ], [ -3.662293002505721, 40.448952782934327 ], [ -3.66215514835856, 40.44847194851441 ], [ -3.661883689354072, 40.447678362801042 ], [ -3.661688218119849, 40.446984972923119 ], [ -3.661476432161474, 40.446383387699107 ], [ -3.66119505334381, 40.445670847818768 ], [ -3.66060152593175, 40.444606303859636 ], [ -3.662665880993965, 40.443893965707282 ], [ -3.664269473557374, 40.443311082585375 ], [ -3.664303429659469, 40.443298725291172 ], [ -3.665276452907984, 40.442842418614553 ], [ -3.666114568337079, 40.442373996493046 ], [ -3.66681829573309, 40.441957873311431 ], [ -3.66844891604986, 40.44100504809046 ], [ -3.669792680833829, 40.440220960537523 ], [ -3.670112541433297, 40.440048734619296 ], [ -3.670488605168429, 40.439863629588501 ], [ -3.670928109793233, 40.439685329034859 ], [ -3.671321027094721, 40.439543164959453 ], [ -3.671826530639644, 40.439393173226968 ], [ -3.67234778345482, 40.439267331854438 ], [ -3.673342494599199, 40.439088299804055 ], [ -3.674466778950452, 40.438888223098111 ], [ -3.674740828650491, 40.43883103102749 ], [ -3.674918665971598, 40.438776191953664 ], [ -3.675140863549044, 40.438697780007971 ], [ -3.675306785073869, 40.438627216218492 ], [ -3.675934438876594, 40.438251969274795 ], [ -3.677033178612287, 40.437576605687084 ], [ -3.677425083814903, 40.437412702446885 ], [ -3.677609492382018, 40.437401589241695 ], [ -3.677619028721677, 40.437401014424672 ], [ -3.678010455638646, 40.437393849109128 ], [ -3.6791271719993, 40.437444421304804 ], [ -3.680501702689304, 40.437518350976966 ], [ -3.681770606188137, 40.437588732321622 ], [ -3.68311572206586, 40.437651887238019 ], [ -3.684194129796565, 40.437702637726673 ], [ -3.685193974860686, 40.437749697877699 ], [ -3.686258461522863, 40.43779969809583 ], [ -3.690717509452981, 40.437984558061849 ], [ -3.691115909503245, 40.43921395405976 ], [ -3.691785834694516, 40.441259234659483 ], [ -3.691258572745276, 40.446214945866821 ], [ -3.691142746643172, 40.447470475921875 ], [ -3.690695071785322, 40.452128719511933 ], [ -3.690306637888773, 40.456137448966651 ], [ -3.690027373544117, 40.459046900141217 ], [ -3.689885233089099, 40.460578176157824 ], [ -3.68974960542994, 40.461986732103767 ], [ -3.689588967300768, 40.463418050206698 ], [ -3.689344448398758, 40.466038064048504 ], [ -3.689065768042914, 40.467139902093685 ], [ -3.688550458929411, 40.469028282451418 ], [ -3.688309054525587, 40.469912870127708 ], [ -3.687947736618752, 40.471243034500205 ], [ -3.687546223667112, 40.472658751448279 ], [ -3.687122484293102, 40.474152256062865 ], [ -3.687095613595186, 40.474247550413757 ], [ -3.686398955838752, 40.476688795619857 ], [ -3.685618459816999, 40.479593039151403 ], [ -3.685319647389655, 40.480523379218063 ], [ -3.685256788352382, 40.480759385513871 ], [ -3.685141404076839, 40.481236603349778 ], [ -3.68510824829396, 40.481431294989342 ], [ -3.685078736609956, 40.481696873543328 ], [ -3.68510001291047, 40.481944675474878 ], [ -3.685110583858052, 40.481986414330109 ], [ -3.68515177367839, 40.482150314082148 ], [ -3.685228382111197, 40.482293283249511 ], [ -3.685097465804824, 40.48228622067429 ], [ -3.684867273627847, 40.482273889558705 ], [ -3.684825646933563, 40.482276027197827 ], [ -3.684716685522504, 40.482281536713856 ], [ -3.684526595442576, 40.482291309520164 ], [ -3.684254120731865, 40.482332829942088 ], [ -3.683942729309479, 40.482399534811684 ], [ -3.683620914216916, 40.482485399467279 ], [ -3.683329382520129, 40.48257928232475 ], [ -3.682155756697953, 40.482983949563874 ], [ -3.681909396366229, 40.483053238060101 ], [ -3.681427147222827, 40.483188959865693 ], [ -3.681156075379849, 40.483264879795804 ], [ -3.680941125066147, 40.483325242426638 ], [ -3.68079816672092, 40.48336419156329 ], [ -3.680473180852268, 40.483452498551337 ], [ -3.680225176263228, 40.483511072493393 ], [ -3.680064861113661, 40.4835489508134 ], [ -3.679355821481076, 40.483706807107502 ], [ -3.678993792892609, 40.4837724440466 ], [ -3.678678996191688, 40.483818524260201 ], [ -3.678521832542863, 40.483841336993621 ], [ -3.678350835827647, 40.483861437932482 ], [ -3.678294150904988, 40.483868075986557 ], [ -3.678173914617112, 40.483879050877611 ], [ -3.678028219338997, 40.483892517330396 ], [ -3.678001573052851, 40.483894384449492 ], [ -3.677777087543888, 40.483910474018124 ], [ -3.677395130352902, 40.483930546558675 ], [ -3.677343126719486, 40.483933282861592 ], [ -3.677286404514563, 40.483936227872746 ], [ -3.676639410823826, 40.483964245325815 ], [ -3.676363182434392, 40.483973967548678 ], [ -3.675915820204565, 40.483990003561743 ], [ -3.674947592460782, 40.484010877229224 ], [ -3.674468460382029, 40.484023849949203 ], [ -3.673461406299199, 40.48405565749016 ], [ -3.673524884456439, 40.483417992765226 ], [ -3.673616278824798, 40.482704761225129 ], [ -3.673648187854043, 40.482455502994874 ] ] ] } },
{ "type": "Feature", "properties": { "district": "Tetuán", "admin_level": "9" }, "geometry": { "type": "Polygon", "coordinates": [ [ [ -3.697636472812832, 40.474538549858558 ], [ -3.697495463864334, 40.474535255878088 ], [ -3.697256987423593, 40.474540837095731 ], [ -3.697040471181368, 40.474571060013318 ], [ -3.696851214586922, 40.474613640623623 ], [ -3.696699824276497, 40.474655903488724 ], [ -3.696537742836053, 40.474702463894062 ], [ -3.696380924618409, 40.474744759052662 ], [ -3.696198165387899, 40.474776758968872 ], [ -3.696001395865988, 40.474788663805356 ], [ -3.695705968594942, 40.474774313707741 ], [ -3.695374945878292, 40.474717293486506 ], [ -3.69503662389854, 40.474638785705459 ], [ -3.694684486015456, 40.474581800386417 ], [ -3.694353796372068, 40.474556938107519 ], [ -3.694030295137419, 40.474542752375406 ], [ -3.693742215508149, 40.47456601057106 ], [ -3.693475589931105, 40.47461049145523 ], [ -3.693152742982546, 40.474671524128887 ], [ -3.692843939971027, 40.474721661868692 ], [ -3.692590965766502, 40.474728580719024 ], [ -3.692337706738465, 40.474719375590219 ], [ -3.692027683607372, 40.474662130792815 ], [ -3.691766860634927, 40.474593960131052 ], [ -3.691527207228114, 40.474530887415995 ], [ -3.691273453858208, 40.474473394898681 ], [ -3.690992074499778, 40.474448228064851 ], [ -3.690718086223203, 40.474476710664071 ], [ -3.690233848151319, 40.474560139084403 ], [ -3.689791721870162, 40.474643315058614 ], [ -3.689440804489609, 40.474693694144591 ], [ -3.689229831275154, 40.474689545243528 ], [ -3.689081319479869, 40.47460997986461 ], [ -3.68895364934603, 40.474503352375528 ], [ -3.688862524313651, 40.47442902927709 ], [ -3.687122484293102, 40.474152256062865 ], [ -3.687546223667112, 40.472658751448279 ], [ -3.687947736618752, 40.471243034500205 ], [ -3.688309054525587, 40.469912870127708 ], [ -3.688550458929411, 40.469028282451418 ], [ -3.689065768042914, 40.467139902093685 ], [ -3.689344448398758, 40.466038064048504 ], [ -3.689588967300768, 40.463418050206698 ], [ -3.68974960542994, 40.461986732103767 ], [ -3.689885233089099, 40.460578176157824 ], [ -3.690027373544117, 40.459046900141217 ], [ -3.690306637888773, 40.456137448966651 ], [ -3.690695071785322, 40.452128719511933 ], [ -3.691142746643172, 40.447470475921875 ], [ -3.691258572745276, 40.446214945866821 ], [ -3.695010353497441, 40.44641200278614 ], [ -3.695573675001384, 40.446438457753288 ], [ -3.697134375885655, 40.446506354280352 ], [ -3.698660952697614, 40.44658535307746 ], [ -3.699332646241904, 40.446619917546933 ], [ -3.700334192352742, 40.446669574778603 ], [ -3.70093898161367, 40.446699655047965 ], [ -3.703945603196044, 40.446863238713355 ], [ -3.706074476590869, 40.446978394475089 ], [ -3.706778618878163, 40.447015168797058 ], [ -3.708307460111661, 40.447090499260433 ], [ -3.708889795628249, 40.447958827198285 ], [ -3.708969663482148, 40.448085546163789 ], [ -3.70987044412528, 40.449517595377387 ], [ -3.710187184011851, 40.450021058670799 ], [ -3.71029006098096, 40.450070157096022 ], [ -3.710338417835934, 40.450093284223051 ], [ -3.710989471315691, 40.451121270225045 ], [ -3.711729650119088, 40.452289966300562 ], [ -3.711941866850899, 40.452396228535605 ], [ -3.713271727659484, 40.453039032967808 ], [ -3.712677779378022, 40.453917467786589 ], [ -3.712788439708544, 40.454177957662715 ], [ -3.712899841358636, 40.454385650214782 ], [ -3.713021711754477, 40.454613097834176 ], [ -3.713126475416959, 40.454895784915017 ], [ -3.712866912648796, 40.455466394063976 ], [ -3.712196108199512, 40.456462776246227 ], [ -3.711502060746112, 40.457493621687519 ], [ -3.710513734113755, 40.459018071179003 ], [ -3.709817319557046, 40.460086758415414 ], [ -3.709032319789687, 40.461291479683638 ], [ -3.708602548388209, 40.462057715612133 ], [ -3.708538873408707, 40.462171618987092 ], [ -3.708519532523792, 40.462216782398301 ], [ -3.708483621647191, 40.462301416574583 ], [ -3.708474471640163, 40.462407328065567 ], [ -3.708490832667327, 40.462505246283634 ], [ -3.708510743992151, 40.462559268148532 ], [ -3.708522640218317, 40.462591357252577 ], [ -3.709106922068887, 40.46348579735853 ], [ -3.709269006884325, 40.464037595882033 ], [ -3.709344573101566, 40.464157133415931 ], [ -3.709422183494004, 40.464280350225941 ], [ -3.70980077781291, 40.464826768429482 ], [ -3.710922179233571, 40.466004478938821 ], [ -3.711012718435932, 40.466066895590579 ], [ -3.71117084484223, 40.466140338624896 ], [ -3.711389430888556, 40.466264851431212 ], [ -3.712771584848754, 40.468013281337029 ], [ -3.713277613072681, 40.468514128139503 ], [ -3.713209244424906, 40.468607882853107 ], [ -3.713167502693728, 40.468665166227716 ], [ -3.713059744609947, 40.468837902189563 ], [ -3.713037441611206, 40.46887056212325 ], [ -3.712957755801492, 40.468987359345569 ], [ -3.712874459482763, 40.469164448715397 ], [ -3.712809301012832, 40.469327642457763 ], [ -3.712790279409221, 40.469369561332421 ], [ -3.712743824999849, 40.469472099484015 ], [ -3.712720511230592, 40.469565395877076 ], [ -3.712719711265622, 40.46956783322868 ], [ -3.712702962372598, 40.469635053246108 ], [ -3.712677162060624, 40.469738635172831 ], [ -3.712638666667129, 40.469891214908529 ], [ -3.712603497502196, 40.470012422046857 ], [ -3.712508275388534, 40.47022210698924 ], [ -3.712422568599054, 40.470349841776013 ], [ -3.712370424278442, 40.47042755011266 ], [ -3.712171952549761, 40.470656608811097 ], [ -3.712087044381835, 40.470726049570416 ], [ -3.711948571565422, 40.470839333481713 ], [ -3.711664392438097, 40.471017657335217 ], [ -3.711623644994103, 40.471035295505658 ], [ -3.711391606256207, 40.471135640448431 ], [ -3.711130694408996, 40.471216252780707 ], [ -3.71071170219072, 40.471307295172124 ], [ -3.708545772754836, 40.471499132687519 ], [ -3.707425556528341, 40.471597876835304 ], [ -3.707323728856109, 40.471606877463628 ], [ -3.705213324001305, 40.471808403683617 ], [ -3.704877930789786, 40.471840446704562 ], [ -3.704662411927735, 40.471874641746879 ], [ -3.704609942786719, 40.47188838496885 ], [ -3.704385712938929, 40.471946956784123 ], [ -3.703993001595885, 40.472104751222965 ], [ -3.703748109418832, 40.472252095790012 ], [ -3.703471299423659, 40.472483688573661 ], [ -3.703436332229083, 40.472512909332259 ], [ -3.703191816685846, 40.472741962560711 ], [ -3.703185624952074, 40.472747765963071 ], [ -3.702091411597836, 40.473772154251506 ], [ -3.701821217352116, 40.474017125304464 ], [ -3.701820750193058, 40.474017578588885 ], [ -3.701633411205783, 40.474187272633493 ], [ -3.701483015645306, 40.474324850459716 ], [ -3.70139637953392, 40.474399790207549 ], [ -3.701343179770783, 40.474445608258016 ], [ -3.701255840121015, 40.47450965043312 ], [ -3.701160421060852, 40.474579417196821 ], [ -3.701068879273196, 40.47463645863867 ], [ -3.700912637439462, 40.474733891243382 ], [ -3.70072377064336, 40.474813772895772 ], [ -3.700677220231567, 40.474829640597775 ], [ -3.700513112180892, 40.474885408891744 ], [ -3.700286120927558, 40.47494065617736 ], [ -3.699993679102347, 40.474975487845136 ], [ -3.699717173975761, 40.474977160333339 ], [ -3.699546165910621, 40.474970536075091 ], [ -3.699545457192065, 40.47497045027508 ], [ -3.699440774561658, 40.474966398262616 ], [ -3.699228806636116, 40.4749346161489 ], [ -3.699038777129082, 40.474902520782642 ], [ -3.698988701856472, 40.474885795808142 ], [ -3.698881093770582, 40.474849779191949 ], [ -3.698717736561851, 40.474784549238571 ], [ -3.698505404253557, 40.47469475032856 ], [ -3.69836939402669, 40.47465007520136 ], [ -3.698168257663449, 40.474593270883332 ], [ -3.697999817819444, 40.474561134377929 ], [ -3.697878764622114, 40.474548260044543 ], [ -3.69781534586585, 40.474541525879204 ], [ -3.697636472812832, 40.474538549858558 ] ] ] } },
{ "type": "Feature", "properties": { "district": "Chamberí", "admin_level": "9" }, "geometry": { "type": "Polygon", "coordinates": [ [ [ -3.691258572745276, 40.446214945866821 ], [ -3.691785834694516, 40.441259234659483 ], [ -3.691115909503245, 40.43921395405976 ], [ -3.690717509452981, 40.437984558061849 ], [ -3.689386824702336, 40.4360998456687 ], [ -3.688778388823647, 40.435204186792056 ], [ -3.688757681422558, 40.435173769592296 ], [ -3.688413135162265, 40.433053651567803 ], [ -3.688454996644933, 40.432904123685745 ], [ -3.689036616019667, 40.430619666517828 ], [ -3.689350475373186, 40.429386712876031 ], [ -3.689709659043185, 40.427998532452804 ], [ -3.690064744616392, 40.426626141784929 ], [ -3.690455035012091, 40.425262368344548 ], [ -3.69139272890882, 40.425485781254892 ], [ -3.693848991422839, 40.426707576129694 ], [ -3.695121546339196, 40.427343905252265 ], [ -3.695761797894772, 40.427642041004425 ], [ -3.69713054167271, 40.427944984449901 ], [ -3.699410644853255, 40.428425909257484 ], [ -3.701946605023671, 40.428974793534444 ], [ -3.702406307480055, 40.429058852917279 ], [ -3.703644873577472, 40.429240879949319 ], [ -3.705805963792365, 40.429605561891407 ], [ -3.70741332493008, 40.42975501521785 ], [ -3.707715768368801, 40.429782820946713 ], [ -3.708826198049883, 40.42988486399868 ], [ -3.71050358936373, 40.430055200800005 ], [ -3.71186151904821, 40.430194245610174 ], [ -3.713523082844121, 40.430360771138908 ], [ -3.714629542752751, 40.430476670290965 ], [ -3.716228339682088, 40.430647668298015 ], [ -3.716992875966616, 40.431680415603232 ], [ -3.717169691985083, 40.431922203703309 ], [ -3.717480363420107, 40.43234550420938 ], [ -3.717608727174519, 40.432520745416532 ], [ -3.71795876581045, 40.432997945276107 ], [ -3.717613032861223, 40.433092342393387 ], [ -3.7172699169257, 40.433100144724243 ], [ -3.717233377628084, 40.433101001154768 ], [ -3.718406256478945, 40.434777786527562 ], [ -3.718270897616302, 40.435541691628117 ], [ -3.718122903677263, 40.436370539823223 ], [ -3.718074947298418, 40.436639486321901 ], [ -3.717634437907511, 40.43923321441487 ], [ -3.717608480016972, 40.439431123178082 ], [ -3.717599538174996, 40.439499466929234 ], [ -3.717596277869423, 40.439636515004594 ], [ -3.717617481122701, 40.439856473320653 ], [ -3.717640149415693, 40.43993687398406 ], [ -3.717651915395358, 40.439978872982849 ], [ -3.717882983389456, 40.440430413605249 ], [ -3.718158124998567, 40.44096780687719 ], [ -3.719165330966153, 40.442850474738293 ], [ -3.719589185130739, 40.44346549931867 ], [ -3.719789078280091, 40.443755608474106 ], [ -3.719925791400033, 40.444943410232092 ], [ -3.719920541441067, 40.444992902304797 ], [ -3.71991638312065, 40.445034189393994 ], [ -3.719886003745073, 40.445093657764794 ], [ -3.719855498633563, 40.445141235038392 ], [ -3.719781239332499, 40.445210345075495 ], [ -3.719583098031723, 40.445394730588937 ], [ -3.718987869277468, 40.445939691894367 ], [ -3.718190943727607, 40.44666896521727 ], [ -3.718000439064982, 40.446696363908913 ], [ -3.717668224726798, 40.446726712424919 ], [ -3.717437082986814, 40.446714001285891 ], [ -3.717270449904441, 40.446679718299819 ], [ -3.717122062207473, 40.44663126875956 ], [ -3.715710039731903, 40.446093700044315 ], [ -3.715519864370715, 40.446018659450814 ], [ -3.714751360727765, 40.445771695237113 ], [ -3.712288953763257, 40.446396154591632 ], [ -3.710446409270416, 40.446863335820517 ], [ -3.709208597806785, 40.447133539812874 ], [ -3.708307460111661, 40.447090499260433 ], [ -3.706778618878163, 40.447015168797058 ], [ -3.706074476590869, 40.446978394475089 ], [ -3.703945603196044, 40.446863238713355 ], [ -3.70093898161367, 40.446699655047965 ], [ -3.700334192352742, 40.446669574778603 ], [ -3.699332646241904, 40.446619917546933 ], [ -3.698660952697614, 40.44658535307746 ], [ -3.697134375885655, 40.446506354280352 ], [ -3.695573675001384, 40.446438457753288 ], [ -3.695010353497441, 40.44641200278614 ], [ -3.691258572745276, 40.446214945866821 ] ] ] } },
{ "type": "Feature", "properties": { "district": "Fuencarral - El Pardo", "admin_level": "9" }, "geometry": { "type": "Polygon", "coordinates": [ [ [ -3.65761471744987, 40.511718344919963 ], [ -3.657614183010505, 40.511718855162982 ], [ -3.65761399472578, 40.511719034610884 ], [ -3.65761455119984, 40.511717880105422 ], [ -3.657752447790907, 40.511467098025449 ], [ -3.657866980426077, 40.511229332428343 ], [ -3.6579536816191, 40.511018210474894 ], [ -3.658011110042505, 40.510867613942899 ], [ -3.658073821351062, 40.510677889520103 ], [ -3.658140129839516, 40.510445532418622 ], [ -3.658174503392961, 40.510303176016755 ], [ -3.658216742591859, 40.510095999819875 ], [ -3.658243112907735, 40.509919814564043 ], [ -3.658266543914659, 40.509756890043278 ], [ -3.658282325163166, 40.509596260418149 ], [ -3.658296405874164, 40.509454740270861 ], [ -3.658298362000337, 40.509377161483577 ], [ -3.658299900079571, 40.509317063269634 ], [ -3.658304755898767, 40.509125505204743 ], [ -3.658308206043305, 40.508983324890508 ], [ -3.658301772285987, 40.508759669304219 ], [ -3.658300026988337, 40.508580941484162 ], [ -3.658291506491046, 40.508385405583496 ], [ -3.658280713072998, 40.508186638512839 ], [ -3.658268007594509, 40.507997522766487 ], [ -3.658250499079442, 40.507763930327727 ], [ -3.658237526030328, 40.507571572878305 ], [ -3.658224738896704, 40.507398223175564 ], [ -3.658199981052037, 40.506990258464462 ], [ -3.658173945562999, 40.506584372145909 ], [ -3.658160378519765, 40.506186073262263 ], [ -3.658154023679615, 40.505825391455787 ], [ -3.658163291918761, 40.505493448289357 ], [ -3.658192460122645, 40.505217157877098 ], [ -3.658235710918522, 40.504956823109417 ], [ -3.658327759030521, 40.504605311229959 ], [ -3.658392197953253, 40.504399810090831 ], [ -3.658462432864792, 40.504219681943212 ], [ -3.658557447696712, 40.504015088448476 ], [ -3.658640324186224, 40.503848582602927 ], [ -3.658734201155965, 40.503672553720051 ], [ -3.658826836862878, 40.503514459588352 ], [ -3.658933208744562, 40.503348899740239 ], [ -3.659112222725327, 40.50309310743976 ], [ -3.659205156617685, 40.502965642530945 ], [ -3.659575548556909, 40.502487769673714 ], [ -3.660050250321616, 40.501912183669489 ], [ -3.660414639846899, 40.501474250080356 ], [ -3.661077724483123, 40.500697498440736 ], [ -3.661523031054275, 40.50018360628335 ], [ -3.661777284436423, 40.499899991901152 ], [ -3.662267164172715, 40.499371607468035 ], [ -3.662886412107224, 40.498786534394107 ], [ -3.663464971029689, 40.498289079082291 ], [ -3.664116289071844, 40.497751113014864 ], [ -3.66486451117579, 40.497132408112755 ], [ -3.666011017857553, 40.49620492166212 ], [ -3.666500411639651, 40.495812467562892 ], [ -3.666987118132416, 40.495423897123821 ], [ -3.667114743859365, 40.495321994665332 ], [ -3.667580298403847, 40.494954448136433 ], [ -3.667892926162111, 40.494707421353532 ], [ -3.668538822375714, 40.494200902693152 ], [ -3.669246190953049, 40.493647178876877 ], [ -3.670019807884883, 40.493028203209562 ], [ -3.670192530377317, 40.492894320812908 ], [ -3.670474680632446, 40.492657642933416 ], [ -3.670651133688464, 40.492507523020429 ], [ -3.670986617992273, 40.492199814222694 ], [ -3.671183895533552, 40.491996239679032 ], [ -3.671440348751771, 40.491715654956508 ], [ -3.671631516683214, 40.491479501880619 ], [ -3.671805282289955, 40.491249665809434 ], [ -3.671959739045233, 40.491024266029939 ], [ -3.672106393153152, 40.490785668275876 ], [ -3.672220419536336, 40.490576628351825 ], [ -3.672349416615447, 40.490318853848201 ], [ -3.672464931867146, 40.49006998549762 ], [ -3.672600787257344, 40.489730999343976 ], [ -3.672707998253444, 40.489418666032471 ], [ -3.672795451186532, 40.489136717669524 ], [ -3.672837257244535, 40.488998367231837 ], [ -3.672892978684004, 40.488764711252855 ], [ -3.672981943774639, 40.488374195272179 ], [ -3.673062810030249, 40.487940934791254 ], [ -3.673138793652472, 40.487420494294298 ], [ -3.673168246251256, 40.48720311713015 ], [ -3.673220115532832, 40.486737592252425 ], [ -3.673326924046974, 40.48560589431878 ], [ -3.67335334524168, 40.485250606838896 ], [ -3.673418096926119, 40.484551043411486 ], [ -3.673461406299199, 40.48405565749016 ], [ -3.674468460382029, 40.484023849949203 ], [ -3.674947592460782, 40.484010877229224 ], [ -3.675915820204565, 40.483990003561743 ], [ -3.676363182434392, 40.483973967548678 ], [ -3.676639410823826, 40.483964245325815 ], [ -3.677286404514563, 40.483936227872746 ], [ -3.677343126719486, 40.483933282861592 ], [ -3.677395130352902, 40.483930546558675 ], [ -3.677777087543888, 40.483910474018124 ], [ -3.678001573052851, 40.483894384449492 ], [ -3.678028219338997, 40.483892517330396 ], [ -3.678173914617112, 40.483879050877611 ], [ -3.678294150904988, 40.483868075986557 ], [ -3.678350835827647, 40.483861437932482 ], [ -3.678521832542863, 40.483841336993621 ], [ -3.678678996191688, 40.483818524260201 ], [ -3.678993792892609, 40.4837724440466 ], [ -3.679355821481076, 40.483706807107502 ], [ -3.680064861113661, 40.4835489508134 ], [ -3.680225176263228, 40.483511072493393 ], [ -3.680473180852268, 40.483452498551337 ], [ -3.68079816672092, 40.48336419156329 ], [ -3.680941125066147, 40.483325242426638 ], [ -3.681156075379849, 40.483264879795804 ], [ -3.681427147222827, 40.483188959865693 ], [ -3.681909396366229, 40.483053238060101 ], [ -3.682155756697953, 40.482983949563874 ], [ -3.683329382520129, 40.48257928232475 ], [ -3.683620914216916, 40.482485399467279 ], [ -3.683942729309479, 40.482399534811684 ], [ -3.684254120731865, 40.482332829942088 ], [ -3.684526595442576, 40.482291309520164 ], [ -3.684716685522504, 40.482281536713856 ], [ -3.684825646933563, 40.482276027197827 ], [ -3.684867273627847, 40.482273889558705 ], [ -3.685097465804824, 40.48228622067429 ], [ -3.685228382111197, 40.482293283249511 ], [ -3.68515177367839, 40.482150314082148 ], [ -3.685110583858052, 40.481986414330109 ], [ -3.68510001291047, 40.481944675474878 ], [ -3.685078736609956, 40.481696873543328 ], [ -3.68510824829396, 40.481431294989342 ], [ -3.685141404076839, 40.481236603349778 ], [ -3.685256788352382, 40.480759385513871 ], [ -3.685319647389655, 40.480523379218063 ], [ -3.685618459816999, 40.479593039151403 ], [ -3.686398955838752, 40.476688795619857 ], [ -3.687095613595186, 40.474247550413757 ], [ -3.687122484293102, 40.474152256062865 ], [ -3.688862524313651, 40.47442902927709 ], [ -3.68895364934603, 40.474503352375528 ], [ -3.689081319479869, 40.47460997986461 ], [ -3.689229831275154, 40.474689545243528 ], [ -3.689440804489609, 40.474693694144591 ], [ -3.689791721870162, 40.474643315058614 ], [ -3.690233848151319, 40.474560139084403 ], [ -3.690718086223203, 40.474476710664071 ], [ -3.690992074499778, 40.474448228064851 ], [ -3.691273453858208, 40.474473394898681 ], [ -3.691527207228114, 40.474530887415995 ], [ -3.691766860634927, 40.474593960131052 ], [ -3.692027683607372, 40.474662130792815 ], [ -3.692337706738465, 40.474719375590219 ], [ -3.692590965766502, 40.474728580719024 ], [ -3.692843939971027, 40.474721661868692 ], [ -3.693152742982546, 40.474671524128887 ], [ -3.693475589931105, 40.47461049145523 ], [ -3.693742215508149, 40.47456601057106 ], [ -3.694030295137419, 40.474542752375406 ], [ -3.694353796372068, 40.474556938107519 ], [ -3.694684486015456, 40.474581800386417 ], [ -3.69503662389854, 40.474638785705459 ], [ -3.695374945878292, 40.474717293486506 ], [ -3.695705968594942, 40.474774313707741 ], [ -3.696001395865988, 40.474788663805356 ], [ -3.696198165387899, 40.474776758968872 ], [ -3.696380924618409, 40.474744759052662 ], [ -3.696537742836053, 40.474702463894062 ], [ -3.696699824276497, 40.474655903488724 ], [ -3.696851214586922, 40.474613640623623 ], [ -3.697040471181368, 40.474571060013318 ], [ -3.697256987423593, 40.474540837095731 ], [ -3.697495463864334, 40.474535255878088 ], [ -3.697636472812832, 40.474538549858558 ], [ -3.69781534586585, 40.474541525879204 ], [ -3.697878764622114, 40.474548260044543 ], [ -3.697999817819444, 40.474561134377929 ], [ -3.698168257663449, 40.474593270883332 ], [ -3.69836939402669, 40.47465007520136 ], [ -3.698505404253557, 40.47469475032856 ], [ -3.698717736561851, 40.474784549238571 ], [ -3.698881093770582, 40.474849779191949 ], [ -3.698988701856472, 40.474885795808142 ], [ -3.699038777129082, 40.474902520782642 ], [ -3.699228806636116, 40.4749346161489 ], [ -3.699440774561658, 40.474966398262616 ], [ -3.699545457192065, 40.47497045027508 ], [ -3.699546165910621, 40.474970536075091 ], [ -3.699717173975761, 40.474977160333339 ], [ -3.699993679102347, 40.474975487845136 ], [ -3.700286120927558, 40.47494065617736 ], [ -3.700513112180892, 40.474885408891744 ], [ -3.700677220231567, 40.474829640597775 ], [ -3.70072377064336, 40.474813772895772 ], [ -3.700912637439462, 40.474733891243382 ], [ -3.701068879273196, 40.47463645863867 ], [ -3.701160421060852, 40.474579417196821 ], [ -3.701255840121015, 40.47450965043312 ], [ -3.701343179770783, 40.474445608258016 ], [ -3.70139637953392, 40.474399790207549 ], [ -3.701483015645306, 40.474324850459716 ], [ -3.701633411205783, 40.474187272633493 ], [ -3.701820750193058, 40.474017578588885 ], [ -3.701821217352116, 40.474017125304464 ], [ -3.702091411597836, 40.473772154251506 ], [ -3.703185624952074, 40.472747765963071 ], [ -3.703191816685846, 40.472741962560711 ], [ -3.703436332229083, 40.472512909332259 ], [ -3.703471299423659, 40.472483688573661 ], [ -3.703748109418832, 40.472252095790012 ], [ -3.703993001595885, 40.472104751222965 ], [ -3.704385712938929, 40.471946956784123 ], [ -3.704609942786719, 40.47188838496885 ], [ -3.704662411927735, 40.471874641746879 ], [ -3.704877930789786, 40.471840446704562 ], [ -3.705213324001305, 40.471808403683617 ], [ -3.707323728856109, 40.471606877463628 ], [ -3.707425556528341, 40.471597876835304 ], [ -3.708545772754836, 40.471499132687519 ], [ -3.71071170219072, 40.471307295172124 ], [ -3.711130694408996, 40.471216252780707 ], [ -3.711391606256207, 40.471135640448431 ], [ -3.711623644994103, 40.471035295505658 ], [ -3.711664392438097, 40.471017657335217 ], [ -3.711948571565422, 40.470839333481713 ], [ -3.712087044381835, 40.470726049570416 ], [ -3.712171952549761, 40.470656608811097 ], [ -3.712370424278442, 40.47042755011266 ], [ -3.712422568599054, 40.470349841776013 ], [ -3.712508275388534, 40.47022210698924 ], [ -3.712603497502196, 40.470012422046857 ], [ -3.712638666667129, 40.469891214908529 ], [ -3.712677162060624, 40.469738635172831 ], [ -3.712702962372598, 40.469635053246108 ], [ -3.712719711265622, 40.46956783322868 ], [ -3.712720511230592, 40.469565395877076 ], [ -3.712743824999849, 40.469472099484015 ], [ -3.712790279409221, 40.469369561332421 ], [ -3.712809301012832, 40.469327642457763 ], [ -3.712874459482763, 40.469164448715397 ], [ -3.712957755801492, 40.468987359345569 ], [ -3.713037441611206, 40.46887056212325 ], [ -3.713059744609947, 40.468837902189563 ], [ -3.713167502693728, 40.468665166227716 ], [ -3.713209244424906, 40.468607882853107 ], [ -3.713277613072681, 40.468514128139503 ], [ -3.713367733220205, 40.468603302102913 ], [ -3.713519808952815, 40.468761823792654 ], [ -3.713645761675321, 40.468893029245521 ], [ -3.713790801269889, 40.46904420666462 ], [ -3.714035428256864, 40.469320714859194 ], [ -3.714209797407996, 40.469478918611628 ], [ -3.714540292712338, 40.469631922806748 ], [ -3.715701888515923, 40.469924024265538 ], [ -3.717642597551623, 40.470412186091487 ], [ -3.719699483566815, 40.470929323223309 ], [ -3.720072424291343, 40.471023128650671 ], [ -3.72042867233749, 40.471111363079523 ], [ -3.728001141232642, 40.472960460431864 ], [ -3.72853086455588, 40.472877938519645 ], [ -3.729249038879776, 40.47277900109048 ], [ -3.729587216122738, 40.472732365381155 ], [ -3.730387410872395, 40.472658670503144 ], [ -3.731388286223966, 40.47263045770373 ], [ -3.731931916493786, 40.472645128844526 ], [ -3.732232818295135, 40.472653225577524 ], [ -3.732418198312642, 40.472658268972445 ], [ -3.73320744484014, 40.472706333928734 ], [ -3.733416370902982, 40.472728793797032 ], [ -3.733563412386598, 40.472744619093206 ], [ -3.733944018628288, 40.472792296188501 ], [ -3.73436564462259, 40.472858450016169 ], [ -3.734631641963706, 40.472900185459068 ], [ -3.734895879939542, 40.472953642204367 ], [ -3.735667080680941, 40.47310973315799 ], [ -3.735953417187467, 40.473177371944267 ], [ -3.737561454402022, 40.473557134143235 ], [ -3.739373481084522, 40.473980345386877 ], [ -3.740286067490459, 40.474193520281673 ], [ -3.740833223520944, 40.474302270374153 ], [ -3.741304184179196, 40.474358443930782 ], [ -3.741416908039159, 40.474364118134808 ], [ -3.741471205153786, 40.47436692384769 ], [ -3.742258380422204, 40.474406742063337 ], [ -3.74322665736742, 40.474426653693662 ], [ -3.743646013670774, 40.474435040880714 ], [ -3.744686578993905, 40.474452403988749 ], [ -3.745702455790964, 40.474466762985948 ], [ -3.746260510546725, 40.474472084489918 ], [ -3.746617219621558, 40.474479964477467 ], [ -3.747294035110051, 40.47448208224575 ], [ -3.747468089671841, 40.474475913533396 ], [ -3.747888142441246, 40.474419415554074 ], [ -3.748137218342765, 40.474380688537344 ], [ -3.74835293883259, 40.474344699462172 ], [ -3.748605178934816, 40.47428288806455 ], [ -3.748851570315553, 40.474193636745539 ], [ -3.749002115826189, 40.474131491444929 ], [ -3.749190815172043, 40.474041892541976 ], [ -3.749318185612482, 40.473975032221723 ], [ -3.749439239944502, 40.473902356004139 ], [ -3.749571030198617, 40.473819160564396 ], [ -3.749717889291571, 40.473712083627383 ], [ -3.749846374358433, 40.473607558123639 ], [ -3.749960953762964, 40.473504383057382 ], [ -3.750053932460197, 40.473410718255394 ], [ -3.750184893208343, 40.473263743295206 ], [ -3.750269681572787, 40.473154996456856 ], [ -3.750374885143765, 40.473004494807512 ], [ -3.750469353602184, 40.472843432213438 ], [ -3.750566067617446, 40.472619112186933 ], [ -3.75066177723434, 40.472315248737573 ], [ -3.750687672787401, 40.472076974208598 ], [ -3.750689661979471, 40.471842366623441 ], [ -3.750658257332599, 40.471553923157593 ], [ -3.750426372203968, 40.470581465699198 ], [ -3.750362276640873, 40.470312692752174 ], [ -3.750315874194257, 40.470117949422715 ], [ -3.750586642484891, 40.470651957835955 ], [ -3.750717129130934, 40.471077686591684 ], [ -3.751346720458371, 40.473133593797478 ], [ -3.751470745104647, 40.473656030330098 ], [ -3.751498975289977, 40.473807468134041 ], [ -3.7515209329365, 40.473925343369132 ], [ -3.751557513831456, 40.474137987637711 ], [ -3.751627143383718, 40.474542669518343 ], [ -3.751747811151116, 40.475610079847414 ], [ -3.751787115413707, 40.47617270522899 ], [ -3.751758832515382, 40.476598742470806 ], [ -3.751723936045636, 40.476854734006793 ], [ -3.751511795126897, 40.478419168065749 ], [ -3.751510353634223, 40.478459177098209 ], [ -3.753559396336243, 40.478239817429092 ], [ -3.753553637407891, 40.478210125501704 ], [ -3.753541126468508, 40.47814633374356 ], [ -3.754084582039853, 40.478098740048466 ], [ -3.754368569942079, 40.478068960921085 ], [ -3.754449171267497, 40.47806050784898 ], [ -3.754499440879058, 40.478188107425879 ], [ -3.754488186808796, 40.478310432095519 ], [ -3.754487031354197, 40.478323142231822 ], [ -3.754484518025017, 40.478520274957887 ], [ -3.754413969896982, 40.478657491050313 ], [ -3.75433951423339, 40.47885680413394 ], [ -3.754328048038089, 40.478907510062086 ], [ -3.754286219064837, 40.479091565241696 ], [ -3.754248558333342, 40.479257935695969 ], [ -3.754245288158477, 40.479376965003205 ], [ -3.75425879726636, 40.479382283101124 ], [ -3.754311885893546, 40.479403198602945 ], [ -3.754347572403635, 40.479408280956072 ], [ -3.754365415156447, 40.479410777087111 ], [ -3.754391062936953, 40.479415024056323 ], [ -3.754416594948549, 40.479419362765718 ], [ -3.754447260184373, 40.479429072418256 ], [ -3.754465731120754, 40.479434987826494 ], [ -3.754470624379924, 40.479440000884438 ], [ -3.754485661098474, 40.479455307994705 ], [ -3.754506523736367, 40.479464091541587 ], [ -3.754531179576193, 40.479474471027437 ], [ -3.754590846288326, 40.479492911044453 ], [ -3.754632757104084, 40.479505970618135 ], [ -3.754800658438012, 40.47954974048281 ], [ -3.754889637661766, 40.479594024713428 ], [ -3.754948200716356, 40.479619137460496 ], [ -3.755047898313005, 40.479661820937501 ], [ -3.755081273037016, 40.479671152362812 ], [ -3.755117014250241, 40.47968109894196 ], [ -3.755168871040493, 40.479686797005719 ], [ -3.755314318534945, 40.479674496213022 ], [ -3.755353615905893, 40.479675410549362 ], [ -3.755411136317197, 40.479691792114814 ], [ -3.75547069575407, 40.479711043180565 ], [ -3.755490431207878, 40.479713977212093 ], [ -3.755518555717309, 40.479718027561958 ], [ -3.755529410038684, 40.479718046695972 ], [ -3.755548642305069, 40.479718191238923 ], [ -3.755590291889285, 40.479718550482779 ], [ -3.755600086493739, 40.479718756716721 ], [ -3.755613635962145, 40.479717136615456 ], [ -3.755668073821092, 40.47971101588341 ], [ -3.755763600610313, 40.47969723822456 ], [ -3.755776793127188, 40.479695350170445 ], [ -3.755833172634059, 40.479683631127791 ], [ -3.755853707378007, 40.47967367710168 ], [ -3.755878230889943, 40.479661715020619 ], [ -3.755908429618727, 40.479629806083274 ], [ -3.75591211929903, 40.479601133556905 ], [ -3.755910544688944, 40.47952375715424 ], [ -3.755910275153159, 40.479510245523301 ], [ -3.755966216338654, 40.479469879986745 ], [ -3.756043021395578, 40.479449018309793 ], [ -3.756054548122853, 40.479445879870752 ], [ -3.756104119899097, 40.47944771772255 ], [ -3.756133628652682, 40.47944896700011 ], [ -3.756195653311361, 40.479467119592336 ], [ -3.756227646658772, 40.479479613750939 ], [ -3.756240564056614, 40.479484754408816 ], [ -3.756373609703087, 40.479597398088842 ], [ -3.756511897059496, 40.47971451086584 ], [ -3.756563715907014, 40.479727325605289 ], [ -3.756658681201421, 40.479726704819235 ], [ -3.756750332981696, 40.479714574222392 ], [ -3.756768711126892, 40.47971220165477 ], [ -3.756839179952731, 40.479715433876336 ], [ -3.756871404184762, 40.479716845361523 ], [ -3.756943498470266, 40.479717634464031 ], [ -3.757033939206767, 40.479734340145178 ], [ -3.757055009281119, 40.479751049728812 ], [ -3.757058818753779, 40.479754087811216 ], [ -3.757083199674982, 40.479760955069551 ], [ -3.757120480915066, 40.479771431475712 ], [ -3.757137735018262, 40.47977402112349 ], [ -3.757184651431802, 40.479781011896378 ], [ -3.757343865874939, 40.479765465230884 ], [ -3.757349168487182, 40.479764889948072 ], [ -3.757420712504901, 40.479748205938485 ], [ -3.757574742164186, 40.479712242665997 ], [ -3.757452907127972, 40.479306015104768 ], [ -3.757473240358241, 40.479131108618972 ], [ -3.757500137005288, 40.479036427768136 ], [ -3.757510802892069, 40.478998700536948 ], [ -3.757596916968846, 40.478861380543449 ], [ -3.757697286847584, 40.478701265423396 ], [ -3.75773363422913, 40.478618235064623 ], [ -3.757762614859891, 40.478551559156422 ], [ -3.757765977678743, 40.47853586157008 ], [ -3.757802433432411, 40.478368055542397 ], [ -3.758154566471303, 40.474651441434332 ], [ -3.758185371443056, 40.474558356329716 ], [ -3.758203625323311, 40.47450301180627 ], [ -3.758257979892549, 40.474405989338905 ], [ -3.758274863777626, 40.474375788723293 ], [ -3.758304204936742, 40.474341363164726 ], [ -3.75836719697777, 40.474267617119366 ], [ -3.758398902949796, 40.474244166021307 ], [ -3.75845635152462, 40.474201987579185 ], [ -3.758562045254706, 40.474149043012858 ], [ -3.758572251084181, 40.47414393102558 ], [ -3.758691770208879, 40.47410341802231 ], [ -3.758850572374072, 40.474083908074221 ], [ -3.75898562519856, 40.474082032105713 ], [ -3.759174021120587, 40.474102957676592 ], [ -3.759189022451079, 40.474104661828449 ], [ -3.759104239283468, 40.474065938837569 ], [ -3.758595421825219, 40.473833690442412 ], [ -3.758452448048234, 40.473750033029845 ], [ -3.758371795753612, 40.473669571009609 ], [ -3.758290755480914, 40.473533526332126 ], [ -3.758262301843772, 40.473353082903692 ], [ -3.758288172039924, 40.472569402194807 ], [ -3.758391164129236, 40.472559538229667 ], [ -3.758424748760459, 40.472556344905605 ], [ -3.758613018605014, 40.472566462408942 ], [ -3.75871448240538, 40.472609580747616 ], [ -3.758773431468059, 40.472627482813493 ], [ -3.75879958931848, 40.472635329041864 ], [ -3.758860213805093, 40.472634391381796 ], [ -3.758894889484943, 40.472633803349872 ], [ -3.759010457595261, 40.472609441956351 ], [ -3.75904631414719, 40.472598485844664 ], [ -3.759098631079647, 40.472582647778964 ], [ -3.75917473622862, 40.472552688685674 ], [ -3.759230052025674, 40.472530794873734 ], [ -3.759331551860433, 40.47248283206202 ], [ -3.759433605061082, 40.472473423783597 ], [ -3.759474233805344, 40.472456760551346 ], [ -3.759498776386298, 40.472446779536568 ], [ -3.759505205203857, 40.472441512106855 ], [ -3.759601079887149, 40.472365478133099 ], [ -3.759662924874543, 40.472336783598365 ], [ -3.759727703522111, 40.47230671840628 ], [ -3.759838370520209, 40.4722870730496 ], [ -3.7598708627039, 40.472281274796089 ], [ -3.759902811961201, 40.472279533224679 ], [ -3.75996152236585, 40.472276264347073 ], [ -3.760096013978365, 40.472298174378253 ], [ -3.760211211783315, 40.472303723897383 ], [ -3.760240601531056, 40.472305152195943 ], [ -3.760251354819426, 40.47230688325233 ], [ -3.760390083061521, 40.472327774090139 ], [ -3.760480693737712, 40.472328980624717 ], [ -3.760807630690687, 40.47231277777891 ], [ -3.761064985538015, 40.472308742928703 ], [ -3.761561415057685, 40.472300882048671 ], [ -3.761971853334268, 40.472293585973041 ], [ -3.7622693034029, 40.472288384110151 ], [ -3.762411460644625, 40.472289068982839 ], [ -3.762513095589413, 40.472305426308388 ], [ -3.762589675825306, 40.472317624566124 ], [ -3.76277251421492, 40.472358581697549 ], [ -3.763031395296952, 40.472416424699219 ], [ -3.763135036535609, 40.472422407953147 ], [ -3.763210583583516, 40.472426683854295 ], [ -3.763362961462214, 40.472423697391129 ], [ -3.763413676172679, 40.472422731802588 ], [ -3.763475782574841, 40.472438088110643 ], [ -3.763594877217512, 40.472516941265269 ], [ -3.763549562051014, 40.473390750747804 ], [ -3.763632742288274, 40.473402274081366 ], [ -3.76586794414201, 40.473927680950133 ], [ -3.765915612008441, 40.473938896512074 ], [ -3.766431097439404, 40.474060168413203 ], [ -3.766450969966774, 40.474075261730647 ], [ -3.76646032573051, 40.474078442904634 ], [ -3.766473114645152, 40.474082682382715 ], [ -3.76686445602577, 40.474117206911863 ], [ -3.76762025614882, 40.474187420617532 ], [ -3.768093576244621, 40.474231397304294 ], [ -3.76810857574775, 40.47423291923019 ], [ -3.768328014837805, 40.47425506588965 ], [ -3.768555012807327, 40.474277972672482 ], [ -3.768737983567699, 40.474288379166588 ], [ -3.768917971661914, 40.474306192538798 ], [ -3.769050836882335, 40.474319363377617 ], [ -3.769344613277998, 40.474332545951029 ], [ -3.769446576959737, 40.474346282382371 ], [ -3.769583395900459, 40.474364651467894 ], [ -3.770329336455848, 40.474428426657028 ], [ -3.770855336457891, 40.474477806615361 ], [ -3.771062359293421, 40.474497238118467 ], [ -3.771467827360329, 40.474508139487867 ], [ -3.771551012566444, 40.474509657165555 ], [ -3.771711602004116, 40.474512550762043 ], [ -3.772025918650692, 40.474516489445591 ], [ -3.772248203906247, 40.474519151251968 ], [ -3.772351422918912, 40.474518821896162 ], [ -3.772471629543626, 40.474518380714137 ], [ -3.772746315247207, 40.474523032752131 ], [ -3.775685333410355, 40.474567784479021 ], [ -3.776735329948818, 40.474583803801806 ], [ -3.776789717341481, 40.474584069808927 ], [ -3.776869352584612, 40.474584526445021 ], [ -3.77699747181702, 40.474584927361583 ], [ -3.777338652737574, 40.474586059301295 ], [ -3.7777467675482, 40.474591065030509 ], [ -3.777881508203581, 40.474592771749464 ], [ -3.77812880256415, 40.474595343109009 ], [ -3.778216933100442, 40.474595921800287 ], [ -3.778399799861255, 40.474597124582544 ], [ -3.778737464862818, 40.474600258035629 ], [ -3.778842234174657, 40.474601264676735 ], [ -3.778955020545271, 40.474601946923265 ], [ -3.779117710739752, 40.47460283320283 ], [ -3.779903630899807, 40.474613575715665 ], [ -3.780262929939744, 40.474620522654604 ], [ -3.780966533289102, 40.474633524420128 ], [ -3.781943836973195, 40.474311700522165 ], [ -3.782676736858694, 40.474023414386181 ], [ -3.782865337296155, 40.473949616091382 ], [ -3.783228211931166, 40.47380770209918 ], [ -3.784008667114591, 40.47361304837623 ], [ -3.785480877267315, 40.473245950307948 ], [ -3.78587321314446, 40.473150669719317 ], [ -3.786041875345592, 40.473109708727961 ], [ -3.786753267739668, 40.472911902583661 ], [ -3.787245635271611, 40.47277837454866 ], [ -3.787456656877589, 40.472716038466672 ], [ -3.787469588018012, 40.472712166614315 ], [ -3.787546021437695, 40.472691285650676 ], [ -3.78766314299677, 40.47265931754383 ], [ -3.788112834727244, 40.472528509052054 ], [ -3.788248741451059, 40.472488934847448 ], [ -3.788499485282545, 40.472413893629628 ], [ -3.788819185576954, 40.472314237337862 ], [ -3.789299247142465, 40.472158082046022 ], [ -3.789905517590288, 40.471960613091142 ], [ -3.790941923176984, 40.471565427886809 ], [ -3.790996699750872, 40.471538746950316 ], [ -3.791005613628632, 40.471534361659764 ], [ -3.7910798909085, 40.471490791515322 ], [ -3.791499549073974, 40.471244589944725 ], [ -3.79171634367184, 40.471122116093298 ], [ -3.791898685435062, 40.471019066914351 ], [ -3.792128079729775, 40.470914885080575 ], [ -3.79217266737708, 40.470894579666556 ], [ -3.792187913573744, 40.470886997758164 ], [ -3.792264729931439, 40.470848814806459 ], [ -3.792300896786475, 40.470834693136865 ], [ -3.792343051770951, 40.470818188984495 ], [ -3.792400993519484, 40.470799954078053 ], [ -3.792443303463719, 40.470786601051429 ], [ -3.792499614870497, 40.470770270049762 ], [ -3.793323406760438, 40.470504356042596 ], [ -3.793379429975773, 40.470483522125505 ], [ -3.793394471830197, 40.470478643238863 ], [ -3.794359000575279, 40.470164011064561 ], [ -3.794457396933916, 40.47013540708403 ], [ -3.794592118666587, 40.470096103838394 ], [ -3.795001470407909, 40.469998158212213 ], [ -3.795146636064934, 40.469964368020719 ], [ -3.795273217261331, 40.469935029808489 ], [ -3.795429076989898, 40.469897832375509 ], [ -3.795506575947554, 40.469877660433646 ], [ -3.795524098772807, 40.469873125452445 ], [ -3.795626380316717, 40.469853954014418 ], [ -3.795634502021186, 40.469852456677785 ], [ -3.796099775197235, 40.469765293274563 ], [ -3.796261444687855, 40.469730577203997 ], [ -3.796814071632374, 40.469628755165488 ], [ -3.797644718076286, 40.469475915294716 ], [ -3.798337863087489, 40.469436540824276 ], [ -3.798888371396886, 40.469405263432598 ], [ -3.7991600830621, 40.469389332934988 ], [ -3.799234222222524, 40.469384406818229 ], [ -3.799364130936516, 40.469377383266497 ], [ -3.799385808367863, 40.469375071199387 ], [ -3.799407474047547, 40.469371768227198 ], [ -3.800004435620955, 40.469259084754178 ], [ -3.800137331683676, 40.469215463401255 ], [ -3.800179397811461, 40.469201658786666 ], [ -3.801039662381227, 40.469447957134236 ], [ -3.801821929498264, 40.469671907491453 ], [ -3.802092851716705, 40.469748227002732 ], [ -3.802358797937484, 40.469822779534788 ], [ -3.802628426022284, 40.469899286947687 ], [ -3.802866582816792, 40.469967904309208 ], [ -3.803069579317286, 40.47002604485732 ], [ -3.803800845956368, 40.470235470477533 ], [ -3.805056012998036, 40.470595030375542 ], [ -3.805545340654513, 40.470734687255934 ], [ -3.806057043300263, 40.470880852619239 ], [ -3.81025393426057, 40.472077027091771 ], [ -3.810727297292651, 40.47221163786827 ], [ -3.811942499465692, 40.47255743915138 ], [ -3.812333906442842, 40.472664690476435 ], [ -3.812387644501547, 40.472679718926564 ], [ -3.812488492290578, 40.472707929573012 ], [ -3.812545917475513, 40.472725453626467 ], [ -3.812582266003777, 40.472736460133461 ], [ -3.812652338697575, 40.47275605735512 ], [ -3.812758156109636, 40.472785494071786 ], [ -3.812917232379616, 40.472829421729031 ], [ -3.813087567024252, 40.472877503256612 ], [ -3.813249971612255, 40.472923389001814 ], [ -3.813522935520572, 40.473000659121197 ], [ -3.813640370055682, 40.473034697894882 ], [ -3.813740049096955, 40.47306372647494 ], [ -3.814140875099838, 40.473178743098728 ], [ -3.8144500787976, 40.473267467333052 ], [ -3.814563834617548, 40.473299730204261 ], [ -3.814732989833296, 40.473347637430251 ], [ -3.815634916033749, 40.473606236459268 ], [ -3.81587544259832, 40.473673639015161 ], [ -3.815978898192759, 40.473702638996741 ], [ -3.816148284779446, 40.473750002874723 ], [ -3.816458349827348, 40.47384132731549 ], [ -3.816812424250251, 40.473942792051609 ], [ -3.817316132989789, 40.474087252150035 ], [ -3.817490820782462, 40.474133945038965 ], [ -3.817604319595421, 40.474164133770792 ], [ -3.817655343646695, 40.474178908692686 ], [ -3.817841324492564, 40.474232549011916 ], [ -3.818302080377078, 40.47436595659056 ], [ -3.818711796033619, 40.474483147482403 ], [ -3.81887977858654, 40.474531147909595 ], [ -3.818901428938401, 40.474537305257627 ], [ -3.81916566444098, 40.474612456290281 ], [ -3.819247226790681, 40.474635662617878 ], [ -3.819328317439851, 40.474658782142384 ], [ -3.819708551726132, 40.474766808302363 ], [ -3.820100364803325, 40.474876283463459 ], [ -3.820215074104447, 40.47490880334918 ], [ -3.820217323027871, 40.474909418013254 ], [ -3.820567240366897, 40.475007747577486 ], [ -3.82086758506941, 40.475094174245285 ], [ -3.821247840598827, 40.47520363749527 ], [ -3.821737706118702, 40.475343221700484 ], [ -3.821932213999303, 40.475399046108691 ], [ -3.822501889621944, 40.475562744781037 ], [ -3.822696156240793, 40.475618029980971 ], [ -3.82295671817034, 40.475692302070748 ], [ -3.82332419543571, 40.475798065702051 ], [ -3.823383271959678, 40.475815122137142 ], [ -3.823506857887213, 40.475849827730805 ], [ -3.82382730984533, 40.475939888947906 ], [ -3.824567697054325, 40.476151459905864 ], [ -3.82468986974083, 40.476186264400738 ], [ -3.825186143643938, 40.476327679169017 ], [ -3.825678264339814, 40.476467050319258 ], [ -3.826126355611292, 40.476594571162316 ], [ -3.826504362287328, 40.476702051155783 ], [ -3.826592916054901, 40.476727274328859 ], [ -3.826700530527386, 40.476757946620197 ], [ -3.827111689356046, 40.47687500719158 ], [ -3.827516218244892, 40.476989951625974 ], [ -3.82774351107199, 40.477053730475561 ], [ -3.82782341564646, 40.477075861528199 ], [ -3.828201275428833, 40.477180453248074 ], [ -3.828472273348097, 40.477258152440051 ], [ -3.828482217792007, 40.477260964006064 ], [ -3.828526382407289, 40.477273980595285 ], [ -3.828705290137797, 40.477326663080149 ], [ -3.828731097229451, 40.477333865338288 ], [ -3.828863328830582, 40.477370845501412 ], [ -3.829245594222524, 40.477478466126179 ], [ -3.829271639574622, 40.477485846731732 ], [ -3.829574817293365, 40.477570699731473 ], [ -3.82978461528943, 40.477631266826627 ], [ -3.8299648192117, 40.477683667779672 ], [ -3.830251418060067, 40.477763322796264 ], [ -3.830574890267358, 40.477857666900647 ], [ -3.830689144276321, 40.477890810240567 ], [ -3.830880345911883, 40.477945202762257 ], [ -3.831254697237393, 40.478051611459655 ], [ -3.831728618199584, 40.478186312911596 ], [ -3.831838721158171, 40.47821759311266 ], [ -3.832233610488747, 40.478334030865845 ], [ -3.83266969474955, 40.478452154239079 ], [ -3.832718359236059, 40.478466398045953 ], [ -3.832727710858932, 40.478468943249254 ], [ -3.832759670866987, 40.478477541696087 ], [ -3.833081487108733, 40.478561530445859 ], [ -3.833368966992033, 40.478644955087113 ], [ -3.83360008811442, 40.478712028058588 ], [ -3.834123186349352, 40.478863571944821 ], [ -3.834212932084328, 40.478889321185214 ], [ -3.834667695891146, 40.479019554265612 ], [ -3.834890039682515, 40.47908272411739 ], [ -3.835191709091965, 40.479168384015374 ], [ -3.835741055695729, 40.479323965044934 ], [ -3.836650021175115, 40.479581303417774 ], [ -3.836650188114207, 40.479581350857345 ], [ -3.836650180314962, 40.479581387850303 ], [ -3.836649759653392, 40.479583520599689 ], [ -3.836556089293637, 40.480087046653864 ], [ -3.836483024901667, 40.480549863587953 ], [ -3.83646582699134, 40.480590077662484 ], [ -3.836481779763817, 40.480630141894508 ], [ -3.836519952139917, 40.480674980375881 ], [ -3.836667354573308, 40.480855976029162 ], [ -3.836667740591224, 40.480863785751929 ], [ -3.836542182197793, 40.480991945334218 ], [ -3.836464527068921, 40.481074268553769 ], [ -3.8363470995196, 40.481195609697444 ], [ -3.836340651341855, 40.481209639972072 ], [ -3.836337586176274, 40.481284833303476 ], [ -3.836325715081722, 40.481321261103808 ], [ -3.836311920751677, 40.481366045059623 ], [ -3.836249566448227, 40.481712604605796 ], [ -3.836190319577524, 40.481790887277207 ], [ -3.836013213716368, 40.482058894967821 ], [ -3.835871802236551, 40.482134286252695 ], [ -3.835650269416945, 40.48225061386912 ], [ -3.835485595323388, 40.482337125897089 ], [ -3.835294130609723, 40.482440895974349 ], [ -3.835091517716049, 40.482550626395231 ], [ -3.835083057634055, 40.482559048682326 ], [ -3.835010475749954, 40.482700111901785 ], [ -3.834765779930988, 40.483126967961688 ], [ -3.834574513416005, 40.48346476941115 ], [ -3.834421875694009, 40.483723749385071 ], [ -3.83440452251612, 40.48375025361976 ], [ -3.834234066563616, 40.484041174189898 ], [ -3.834205491525103, 40.484112755223364 ], [ -3.834003038874282, 40.484619073924314 ], [ -3.833940207053454, 40.484782858575763 ], [ -3.833880173902283, 40.484940374427303 ], [ -3.833831367074704, 40.48506423490322 ], [ -3.833794619265947, 40.485159267283336 ], [ -3.833770055518138, 40.485217357268752 ], [ -3.833610242853662, 40.48548586162719 ], [ -3.833427059181446, 40.485784258237139 ], [ -3.833311863413857, 40.485976382829904 ], [ -3.833336973403311, 40.486165020047139 ], [ -3.833281922189472, 40.48672850965869 ], [ -3.833238368016003, 40.487128344577798 ], [ -3.833196980832049, 40.487554793209988 ], [ -3.833173455503957, 40.487779107597625 ], [ -3.833173589251979, 40.487839344574191 ], [ -3.833411601109356, 40.489668875929091 ], [ -3.833434202397782, 40.489839713318077 ], [ -3.833512959526787, 40.490082720381814 ], [ -3.833579813417817, 40.490271546413219 ], [ -3.833638958030111, 40.490450767781745 ], [ -3.83373081492485, 40.490717647410222 ], [ -3.833785632384866, 40.490880108244795 ], [ -3.833838128308828, 40.49101552941567 ], [ -3.833905392993687, 40.491192873139575 ], [ -3.834024988824725, 40.49150138688664 ], [ -3.834191205879219, 40.49193867658483 ], [ -3.834198339598223, 40.491993512611572 ], [ -3.834268338948472, 40.492651407965049 ], [ -3.834381561604727, 40.493635357653311 ], [ -3.834428249653905, 40.494066190956858 ], [ -3.834532827638199, 40.494211173357094 ], [ -3.834713887055255, 40.49442717160219 ], [ -3.834964195609273, 40.494649179058356 ], [ -3.835228779700803, 40.494882218659804 ], [ -3.835694612505785, 40.495290396319966 ], [ -3.835945070269094, 40.49558674988161 ], [ -3.836406224656713, 40.496113578309298 ], [ -3.836864190250704, 40.496645788202144 ], [ -3.837200722638992, 40.497045350977359 ], [ -3.837496233885955, 40.497401818787417 ], [ -3.837704632966227, 40.497648054123786 ], [ -3.838620595932833, 40.498586085569904 ], [ -3.839255731121654, 40.49923797363855 ], [ -3.8394017854543, 40.499385102443114 ], [ -3.839232754374068, 40.500153730805103 ], [ -3.839142392220473, 40.500568973317868 ], [ -3.838641082236021, 40.502818683236434 ], [ -3.838477476222987, 40.5030575918599 ], [ -3.838260672739522, 40.503386384708946 ], [ -3.837980567555231, 40.503800985262735 ], [ -3.8378688636096, 40.503969680808709 ], [ -3.837733849418401, 40.504243638122119 ], [ -3.837642536418609, 40.504437030257002 ], [ -3.837550045735315, 40.504674312117835 ], [ -3.837369917849883, 40.505183790302766 ], [ -3.837108898443803, 40.505892174341476 ], [ -3.838595685106148, 40.50628293096176 ], [ -3.839069325386053, 40.50640652221869 ], [ -3.839186109829539, 40.506437980849007 ], [ -3.840224302632978, 40.506710032970858 ], [ -3.84221888452434, 40.507229000394382 ], [ -3.845100739875303, 40.50797376358188 ], [ -3.849166247458401, 40.50903123171031 ], [ -3.849713219971787, 40.508825395568351 ], [ -3.849733546675215, 40.508831253200611 ], [ -3.852233856265077, 40.509591194035636 ], [ -3.852542929698287, 40.509787483612065 ], [ -3.85258036381508, 40.509935693071739 ], [ -3.852933497242438, 40.51048416280711 ], [ -3.853259914132654, 40.510884147568035 ], [ -3.853510005901981, 40.51119031216966 ], [ -3.853685156102658, 40.511447511860645 ], [ -3.853892165047422, 40.511800716447929 ], [ -3.854012504648131, 40.511997234347142 ], [ -3.85335072070008, 40.514535257038112 ], [ -3.852224312357088, 40.515471141068154 ], [ -3.851879140927793, 40.51673154821156 ], [ -3.851739045465985, 40.516909713642193 ], [ -3.851549463997756, 40.517133885074266 ], [ -3.851536754446331, 40.517166935768977 ], [ -3.85128822121173, 40.517646724623425 ], [ -3.851739736211241, 40.518277004110494 ], [ -3.853331286637143, 40.519512995025231 ], [ -3.853671272613738, 40.520139154330792 ], [ -3.853916860656605, 40.520559331387666 ], [ -3.854213505597311, 40.521061820705029 ], [ -3.854259903293876, 40.521144856222868 ], [ -3.854370388130643, 40.521342369650732 ], [ -3.854376362820479, 40.52135399821492 ], [ -3.854380152564136, 40.5213656420338 ], [ -3.854381302807483, 40.521379714330834 ], [ -3.854368410114553, 40.521571880627583 ], [ -3.854369256414058, 40.522572203082987 ], [ -3.854305006445831, 40.522740670269371 ], [ -3.854207713603631, 40.523025080276852 ], [ -3.85409459449868, 40.523350680223388 ], [ -3.853823065487581, 40.524090454078163 ], [ -3.853779247027916, 40.5241502361202 ], [ -3.85375246848748, 40.524272885558474 ], [ -3.853696409017644, 40.524417751785052 ], [ -3.854461303530408, 40.525206148388634 ], [ -3.854653839457431, 40.525398895214416 ], [ -3.854767850356394, 40.525518778204052 ], [ -3.855052016874247, 40.525630922876907 ], [ -3.856131787267056, 40.526929974148679 ], [ -3.856712592845696, 40.527278645586193 ], [ -3.856965102958797, 40.527429039229368 ], [ -3.857244924126547, 40.527598026592877 ], [ -3.85745928239553, 40.527721390153602 ], [ -3.857728932786268, 40.527880306075026 ], [ -3.857750522903937, 40.52801104484471 ], [ -3.857776045199242, 40.528162939553987 ], [ -3.857811051851642, 40.528322623133811 ], [ -3.857842528639487, 40.528396762643517 ], [ -3.857911595105296, 40.528540264814232 ], [ -3.857986602754004, 40.528686440782486 ], [ -3.85808081273162, 40.528854175433871 ], [ -3.858147371691057, 40.528978086578739 ], [ -3.858239695929233, 40.529162581585865 ], [ -3.858250342555035, 40.529215011294937 ], [ -3.858276341221968, 40.529343039765592 ], [ -3.858302087590977, 40.52950958369366 ], [ -3.858322616340134, 40.529637417649738 ], [ -3.858348266089972, 40.529780362781416 ], [ -3.858181958341744, 40.530023383051621 ], [ -3.858121987621669, 40.530122625445365 ], [ -3.85824586165958, 40.530190656149003 ], [ -3.858467264669796, 40.530321521121969 ], [ -3.858587975903674, 40.530393028933553 ], [ -3.858692355945494, 40.53049263126136 ], [ -3.85887390731215, 40.530657927809372 ], [ -3.85904892251714, 40.530821221354287 ], [ -3.859147569537961, 40.530913260643594 ], [ -3.859216884891179, 40.530977932083708 ], [ -3.859452054972544, 40.531200963733134 ], [ -3.859536484020593, 40.531280529434312 ], [ -3.859611156294007, 40.531401693786471 ], [ -3.859764532413964, 40.531645026548333 ], [ -3.859963748959356, 40.53196507659333 ], [ -3.860414542643348, 40.53262913558995 ], [ -3.860610817101429, 40.53290886580546 ], [ -3.860920840992121, 40.533064530147392 ], [ -3.861093764315719, 40.533154107081884 ], [ -3.861358631309836, 40.533329978403735 ], [ -3.861422674244321, 40.533401073231282 ], [ -3.861618894986679, 40.533588078912267 ], [ -3.861701568545158, 40.533668241647248 ], [ -3.861775435335391, 40.533733394667912 ], [ -3.861955940128519, 40.533910733413776 ], [ -3.862155112954138, 40.534102681791218 ], [ -3.862327780755954, 40.534219972553338 ], [ -3.86247173586266, 40.534310384301392 ], [ -3.862738145221477, 40.534484351742719 ], [ -3.863009398281895, 40.534665040788241 ], [ -3.863024134638622, 40.534715511563036 ], [ -3.863083212681365, 40.534907652425169 ], [ -3.863136705286009, 40.535084550635425 ], [ -3.863327249489435, 40.53570584359511 ], [ -3.863465734964368, 40.536191902188065 ], [ -3.863534971714921, 40.536434910729675 ], [ -3.863659451184586, 40.536842063794367 ], [ -3.863847170981082, 40.537477008916454 ], [ -3.863867420514951, 40.537546776630194 ], [ -3.863876020045251, 40.537632521172682 ], [ -3.863876685606892, 40.537748496414842 ], [ -3.863867263026691, 40.53811906194489 ], [ -3.863851364432752, 40.538719964239519 ], [ -3.863866051288804, 40.539128632338553 ], [ -3.863876183975936, 40.53923856753444 ], [ -3.863984103761865, 40.539343888720957 ], [ -3.86405562108574, 40.539415944092916 ], [ -3.864097859581343, 40.539456469589723 ], [ -3.864163269664312, 40.539520699581225 ], [ -3.864213720162911, 40.539573102973257 ], [ -3.864267878373929, 40.539627052444267 ], [ -3.864305137449381, 40.539735926130398 ], [ -3.864323757507937, 40.539790908071303 ], [ -3.864352965096932, 40.539879977570614 ], [ -3.86438347891636, 40.539977692941861 ], [ -3.864417680581405, 40.540083581420475 ], [ -3.864462126115253, 40.540225101413107 ], [ -3.864510227910986, 40.540360846413343 ], [ -3.864557018477377, 40.540501222715015 ], [ -3.864610437207525, 40.540659217445317 ], [ -3.864645797780801, 40.54076380170445 ], [ -3.864707996363506, 40.540947761592534 ], [ -3.864766898090007, 40.541121970672016 ], [ -3.864836430848073, 40.541327621915244 ], [ -3.8648708234729, 40.541423181118411 ], [ -3.86495311937193, 40.541651843395989 ], [ -3.865014812312217, 40.54183510238424 ], [ -3.865143328189676, 40.542001384785216 ], [ -3.865504353568395, 40.542386915702842 ], [ -3.865544487299463, 40.542663324654939 ], [ -3.865556520223818, 40.542774570585941 ], [ -3.865560670089692, 40.542812931370911 ], [ -3.865587783735559, 40.542963576880389 ], [ -3.86562169571799, 40.543151995762592 ], [ -3.865645057093413, 40.543285883278834 ], [ -3.865670360006984, 40.543402896284114 ], [ -3.865729034575766, 40.543476641337044 ], [ -3.865797913567529, 40.543565523036072 ], [ -3.865905664793074, 40.54370456439532 ], [ -3.866118175259397, 40.543983494434016 ], [ -3.86623268044755, 40.544127311752419 ], [ -3.866377428463797, 40.544309446279406 ], [ -3.86644003747411, 40.544388902753646 ], [ -3.866678783839815, 40.544691889323303 ], [ -3.866803429257951, 40.544853163791771 ], [ -3.866879733841648, 40.544951889765137 ], [ -3.866896141479475, 40.544973119285757 ], [ -3.866981374612195, 40.545079111348507 ], [ -3.867017016440355, 40.545123435585801 ], [ -3.867068239493603, 40.545187622569316 ], [ -3.867225011620892, 40.545385039246021 ], [ -3.867323274162217, 40.545502214948591 ], [ -3.867359014999542, 40.545544017673549 ], [ -3.867502085464225, 40.545670621441147 ], [ -3.867668101092697, 40.545814427056186 ], [ -3.867817445761499, 40.545948062409082 ], [ -3.867932801778291, 40.546047649246518 ], [ -3.868112228047449, 40.54619567857965 ], [ -3.868355834939431, 40.546401089594724 ], [ -3.868561218096865, 40.546577900780498 ], [ -3.868716404644767, 40.5467055722523 ], [ -3.868953050453986, 40.546912030693782 ], [ -3.86915124892106, 40.547114201424741 ], [ -3.869288717625071, 40.547255138408239 ], [ -3.869444629071922, 40.547414981003172 ], [ -3.869344696604138, 40.547626080937022 ], [ -3.869203807226011, 40.547946076311298 ], [ -3.869072609195445, 40.5482072604254 ], [ -3.869150236123412, 40.548345226146687 ], [ -3.869281245997723, 40.548574559030747 ], [ -3.869520087575165, 40.548980074882714 ], [ -3.8697370111606, 40.54938649032745 ], [ -3.869915762878669, 40.549694122292664 ], [ -3.870034298247298, 40.549908582798331 ], [ -3.870152760169232, 40.550123787850929 ], [ -3.870272025980101, 40.550310167628076 ], [ -3.870397436667839, 40.550508351128251 ], [ -3.870455987958727, 40.550603699444068 ], [ -3.870526565063102, 40.550719138581023 ], [ -3.870605342374177, 40.550851540668383 ], [ -3.870662126592118, 40.550949285911791 ], [ -3.870764285005702, 40.551125137587427 ], [ -3.870842438311553, 40.551192070202248 ], [ -3.87100099741642, 40.551321542723777 ], [ -3.871157772302231, 40.551450356422372 ], [ -3.871342286594659, 40.551594619748158 ], [ -3.871604867172207, 40.551803483145257 ], [ -3.871866412517087, 40.552022278715953 ], [ -3.872160909080353, 40.552271132252898 ], [ -3.872231544686736, 40.552410010697031 ], [ -3.872416322840402, 40.552727456789476 ], [ -3.872627906499512, 40.553104248999844 ], [ -3.872801034493585, 40.553408850330889 ], [ -3.872852722237896, 40.5536522336564 ], [ -3.872945475466302, 40.554065016638944 ], [ -3.873016930475797, 40.554382548548709 ], [ -3.873076561517702, 40.554692030327828 ], [ -3.873026015530684, 40.5549028428225 ], [ -3.872966031452855, 40.555193258748552 ], [ -3.872961647913412, 40.555219414608203 ], [ -3.872959602912712, 40.555229379348653 ], [ -3.872962919206945, 40.555239088267413 ], [ -3.87299937061141, 40.555319824200289 ], [ -3.873061234381282, 40.555479978588892 ], [ -3.87308128369134, 40.555531881552071 ], [ -3.873119080134487, 40.555625211449005 ], [ -3.873176685587858, 40.55576592909437 ], [ -3.873186001608498, 40.555829240789507 ], [ -3.873191160206331, 40.555861107261613 ], [ -3.873207545088396, 40.555962311367317 ], [ -3.8732126299819, 40.55599513963061 ], [ -3.873287821352069, 40.556162546996795 ], [ -3.873340529270259, 40.556274162700106 ], [ -3.873423751968947, 40.556450397305547 ], [ -3.873471249197979, 40.556552109358449 ], [ -3.873557568938852, 40.556738111171384 ], [ -3.873616445445708, 40.556900045416057 ], [ -3.87366203009963, 40.557043026600262 ], [ -3.873707155976106, 40.557189043583648 ], [ -3.873743443538351, 40.557302721050355 ], [ -3.873813668258793, 40.5575117041219 ], [ -3.873832836987071, 40.557569461185281 ], [ -3.873968947806394, 40.557684208639508 ], [ -3.8740002164777, 40.55773115640276 ], [ -3.874033819682375, 40.557748991778773 ], [ -3.874285565674132, 40.55783160710709 ], [ -3.874434110628629, 40.557884712005183 ], [ -3.875120006879134, 40.558118829835529 ], [ -3.875205495788693, 40.558304738447212 ], [ -3.875301515633502, 40.55851125673027 ], [ -3.875424912979577, 40.558798353569983 ], [ -3.875537701642971, 40.558818247806627 ], [ -3.876166663739137, 40.558952222382288 ], [ -3.876459089326071, 40.559008551233667 ], [ -3.876665294546509, 40.559048991774112 ], [ -3.877138482475891, 40.559154232146142 ], [ -3.877288076200388, 40.559199783246981 ], [ -3.877556441217701, 40.559290521725217 ], [ -3.877788093049302, 40.559366951551546 ], [ -3.878566810588092, 40.559506039720532 ], [ -3.878939065813211, 40.559574324162071 ], [ -3.879373212575263, 40.559577253383281 ], [ -3.879725327794052, 40.559582684909856 ], [ -3.880186138207522, 40.559591790733315 ], [ -3.880599686936283, 40.559601254988955 ], [ -3.881328988295632, 40.559621821557641 ], [ -3.882093668189134, 40.559636739661684 ], [ -3.882249515681328, 40.55970241889721 ], [ -3.882377080719285, 40.559752154932944 ], [ -3.882539086035755, 40.559814934566937 ], [ -3.882691768289598, 40.559874102426832 ], [ -3.882947057250069, 40.559975754080476 ], [ -3.883229578706082, 40.560085073322917 ], [ -3.883576263161614, 40.560218682435227 ], [ -3.88379822409374, 40.560305822641766 ], [ -3.884051217828565, 40.560405146219097 ], [ -3.884210917296684, 40.560468125817593 ], [ -3.884313818252902, 40.560534297575224 ], [ -3.884401837755995, 40.560588202430139 ], [ -3.884540116818479, 40.560673528723179 ], [ -3.884638986909061, 40.560733686173378 ], [ -3.884816146553483, 40.560842636247358 ], [ -3.884987570851829, 40.561028631445588 ], [ -3.884965406809255, 40.561329469443287 ], [ -3.884931825494449, 40.561744980871779 ], [ -3.884877158524793, 40.561821151561439 ], [ -3.884682557917385, 40.562089474182571 ], [ -3.884578499214632, 40.562226553704605 ], [ -3.884449583813306, 40.562404683556274 ], [ -3.884334338743426, 40.562558797571889 ], [ -3.884277796087888, 40.562634809361668 ], [ -3.884174447782901, 40.562776179349662 ], [ -3.884137396345084, 40.562826862412827 ], [ -3.884107843008516, 40.56286692170972 ], [ -3.884010983567058, 40.562998219646268 ], [ -3.883902400101382, 40.563146778795058 ], [ -3.883882988346119, 40.563275706580697 ], [ -3.883859280732884, 40.563476236383252 ], [ -3.88384891704803, 40.563575424594127 ], [ -3.883835734664729, 40.563684925969561 ], [ -3.88381972271635, 40.563837321653246 ], [ -3.883913922702042, 40.563924423658882 ], [ -3.884071900078846, 40.564079973407026 ], [ -3.884188982989615, 40.56418887781502 ], [ -3.884228801002766, 40.564223505386906 ], [ -3.884320301785114, 40.56430307657552 ], [ -3.884448017666894, 40.564407458002115 ], [ -3.884668915226528, 40.564589519895478 ], [ -3.884874189519793, 40.564751874568117 ], [ -3.885060388327833, 40.564899079056758 ], [ -3.885245384388191, 40.565042709675325 ], [ -3.885410192479186, 40.565173928417607 ], [ -3.885733559338191, 40.565422845918853 ], [ -3.885871734059547, 40.565519794405638 ], [ -3.885933761876549, 40.565568829919386 ], [ -3.885998038785536, 40.565611939309569 ], [ -3.886072898117614, 40.565662146566915 ], [ -3.886099163363915, 40.565677843744538 ], [ -3.886150093606315, 40.565708281015588 ], [ -3.886438678666839, 40.565892722827215 ], [ -3.886558799038186, 40.565965579983526 ], [ -3.886737511349364, 40.566076851018707 ], [ -3.886801317464816, 40.566117330311521 ], [ -3.88691578806628, 40.566246800907059 ], [ -3.887083203223661, 40.566456001260107 ], [ -3.887201230804529, 40.566752845722341 ], [ -3.887293746526423, 40.566961593062551 ], [ -3.887370035335137, 40.567144250413406 ], [ -3.887546523519024, 40.567537492133042 ], [ -3.887575939936933, 40.567602238105856 ], [ -3.887690087545676, 40.567853486110515 ], [ -3.88779116390956, 40.568074564157001 ], [ -3.887893908779329, 40.568287223219286 ], [ -3.887915062960485, 40.568496984225284 ], [ -3.887935825870372, 40.568651213814576 ], [ -3.888025319121295, 40.569010567599157 ], [ -3.888105679073231, 40.569134465084289 ], [ -3.888237553799044, 40.569334492095095 ], [ -3.888333811682068, 40.569529285802183 ], [ -3.888475234114307, 40.56981547530097 ], [ -3.88865767689484, 40.570184671817742 ], [ -3.888757076202727, 40.570402950185361 ], [ -3.888851940124384, 40.570611264552454 ], [ -3.888963415890921, 40.570858839017838 ], [ -3.888883324592837, 40.571087182817166 ], [ -3.88865217625852, 40.571732658326013 ], [ -3.888546403358836, 40.571941317137302 ], [ -3.888449138418829, 40.57214185479495 ], [ -3.88840927911785, 40.572224052601989 ], [ -3.888221710119903, 40.57235816492252 ], [ -3.888059338528263, 40.572474117097713 ], [ -3.887870912764283, 40.572608674159063 ], [ -3.88769973991838, 40.572730910406079 ], [ -3.887495180398008, 40.572875213970185 ], [ -3.887227226178956, 40.573064080256742 ], [ -3.887079699592683, 40.573168062430746 ], [ -3.886843601582432, 40.57333447394074 ], [ -3.886647204103539, 40.573475259385198 ], [ -3.886437979830398, 40.573626853415178 ], [ -3.886180290951592, 40.573813559273908 ], [ -3.88603977683186, 40.573918192603657 ], [ -3.88585838080077, 40.574050057394636 ], [ -3.885750898803793, 40.574128075679965 ], [ -3.885688586497249, 40.574249164254056 ], [ -3.885657054542909, 40.574307467332488 ], [ -3.885576674129087, 40.574455806167997 ], [ -3.885492711248514, 40.57461902421155 ], [ -3.885324474848584, 40.574954879319144 ], [ -3.885270305292104, 40.5750642596525 ], [ -3.885190907198725, 40.575270318661758 ], [ -3.885044693249013, 40.575657318332269 ], [ -3.884877912053021, 40.576096357561077 ], [ -3.88474384429895, 40.576443933425907 ], [ -3.884621159258488, 40.576771357694327 ], [ -3.88454272432713, 40.576964366888944 ], [ -3.884433074482102, 40.577264548701471 ], [ -3.884355760720127, 40.577467593909709 ], [ -3.884321849915345, 40.577552886959687 ], [ -3.884260399570105, 40.577719587434672 ], [ -3.884118805302423, 40.578092749059536 ], [ -3.883933375026089, 40.578579009148342 ], [ -3.88383950261023, 40.578824954143776 ], [ -3.883731578949897, 40.579095604896885 ], [ -3.883741515584289, 40.579391605327338 ], [ -3.883746387266332, 40.579521351434515 ], [ -3.883753865126349, 40.579720470948807 ], [ -3.883762308583953, 40.579945283173167 ], [ -3.883768325969475, 40.580105515051713 ], [ -3.883773597684525, 40.580245895588995 ], [ -3.883776335136949, 40.58031877688731 ], [ -3.883970125019843, 40.58058935855226 ], [ -3.884134584436633, 40.581007937253268 ], [ -3.884150001132529, 40.581100156011502 ], [ -3.884163326415183, 40.581186087367733 ], [ -3.884179189004251, 40.581281473778191 ], [ -3.884096503563838, 40.581414537670554 ], [ -3.884079286128603, 40.581443110002219 ], [ -3.883987643303532, 40.581597665124875 ], [ -3.883913367101457, 40.581727461022155 ], [ -3.883819721292582, 40.581890406747178 ], [ -3.883695790438682, 40.582096402568631 ], [ -3.883581645210139, 40.5822837564126 ], [ -3.883471384589188, 40.58246735081562 ], [ -3.883433494414962, 40.582531377350136 ], [ -3.883487317801119, 40.582658132864985 ], [ -3.883541036646261, 40.582780519919105 ], [ -3.883612496319125, 40.58293200454839 ], [ -3.883731716407703, 40.583207354054522 ], [ -3.883811049546207, 40.583380614557093 ], [ -3.883804918599183, 40.583464218290111 ], [ -3.883790363566196, 40.583648422940925 ], [ -3.883769148844168, 40.583919162289241 ], [ -3.883752241700614, 40.58419938187663 ], [ -3.883739748070063, 40.584400173804113 ], [ -3.883725921213776, 40.584622668928581 ], [ -3.883713652156327, 40.58481539631439 ], [ -3.883695538302705, 40.585103615820898 ], [ -3.883690993324544, 40.585188332580131 ], [ -3.883685930465186, 40.585276706336778 ], [ -3.883484494767564, 40.585270414152973 ], [ -3.883172238690878, 40.58543154477875 ], [ -3.882810546312105, 40.585615365208987 ], [ -3.882448739011951, 40.585797515167215 ], [ -3.882091590081004, 40.585977587942004 ], [ -3.881858906803742, 40.586094155566286 ], [ -3.881599775475587, 40.586223818770463 ], [ -3.881421472698654, 40.586314812689942 ], [ -3.881212742640941, 40.586421365908656 ], [ -3.880947170236327, 40.586555555923816 ], [ -3.88064308577842, 40.58670664473221 ], [ -3.880342300767228, 40.586859206644093 ], [ -3.880080494124672, 40.587013294155767 ], [ -3.880010514525463, 40.587054146760842 ], [ -3.879821216653712, 40.587167141995621 ], [ -3.879691872333406, 40.587241949108048 ], [ -3.879455745944545, 40.58738120044864 ], [ -3.879262238543089, 40.587496202429399 ], [ -3.879185773763943, 40.587540010113891 ], [ -3.879054548028837, 40.587615634410128 ], [ -3.878932552162317, 40.587687650599413 ], [ -3.878609593603197, 40.587877201665734 ], [ -3.878314283395023, 40.588052285292605 ], [ -3.878131184245301, 40.588125298567626 ], [ -3.877909074242316, 40.588214275127605 ], [ -3.877623872703826, 40.588329264967875 ], [ -3.877216557137712, 40.588489744104074 ], [ -3.876846911212108, 40.588625354654795 ], [ -3.876683716535759, 40.588770084292953 ], [ -3.876428379397563, 40.588993693257194 ], [ -3.876110445060336, 40.589269254091668 ], [ -3.876164193035946, 40.589522500380234 ], [ -3.876192931258041, 40.589653326800374 ], [ -3.876183337166058, 40.589827175945153 ], [ -3.876174003109504, 40.589980390445817 ], [ -3.875902974704904, 40.590176110045533 ], [ -3.875705159790008, 40.590261928850943 ], [ -3.875581547821245, 40.590313516567988 ], [ -3.875288438772784, 40.590434618039531 ], [ -3.875001107935052, 40.590549418441078 ], [ -3.874844846939502, 40.590614958559392 ], [ -3.874597299852674, 40.590753590074868 ], [ -3.8744383072622, 40.590849540332343 ], [ -3.874286642531941, 40.590937985596184 ], [ -3.874072841101944, 40.591056995412885 ], [ -3.873899670055964, 40.59115170631965 ], [ -3.873582509682747, 40.591176768734776 ], [ -3.873317866858318, 40.591193913634378 ], [ -3.872981722228677, 40.591214867624799 ], [ -3.872841105757002, 40.591233191021708 ], [ -3.872701774493692, 40.591249843329663 ], [ -3.872451435379682, 40.591284927135483 ], [ -3.871838449288429, 40.591367412588546 ], [ -3.871698105210798, 40.591394930439009 ], [ -3.871477376374569, 40.591444504404947 ], [ -3.871184135210816, 40.591508212741388 ], [ -3.870958772553107, 40.591562112420334 ], [ -3.870761867398532, 40.59160435605726 ], [ -3.870066446683636, 40.591758331427201 ], [ -3.869738626305899, 40.591833208829094 ], [ -3.869506275974218, 40.591885554741786 ], [ -3.869229191893564, 40.591944634833062 ], [ -3.868922934676317, 40.59200109057933 ], [ -3.868653859008189, 40.592046246430982 ], [ -3.868367866732056, 40.592071176344248 ], [ -3.868075073752739, 40.592097702556906 ], [ -3.867826601037474, 40.592122283380434 ], [ -3.867608022578745, 40.592145078812479 ], [ -3.867376866611093, 40.592163130601563 ], [ -3.867301370841996, 40.592135785804125 ], [ -3.866888863691551, 40.591963965657818 ], [ -3.866541184040964, 40.5919000776167 ], [ -3.866255071760308, 40.591844116619782 ], [ -3.865966945864725, 40.591787760112155 ], [ -3.865862744823621, 40.591681887971177 ], [ -3.865799322457042, 40.59161931857615 ], [ -3.865670026455585, 40.59149055402326 ], [ -3.865540714188441, 40.591361772326756 ], [ -3.865466130227698, 40.591285409351926 ], [ -3.865375475711985, 40.591146978638427 ], [ -3.865181316569722, 40.590844826665197 ], [ -3.865020948313366, 40.590596485324525 ], [ -3.864902084865663, 40.59041170299723 ], [ -3.86457399581567, 40.590192250137335 ], [ -3.864252194978876, 40.589979349971259 ], [ -3.863933947823332, 40.589767319583835 ], [ -3.863602606388151, 40.589548177429371 ], [ -3.863534326619998, 40.58950242091948 ], [ -3.863180862092112, 40.589408958770548 ], [ -3.862770546800667, 40.589297606363274 ], [ -3.862372109075253, 40.589190669977945 ], [ -3.861911969183886, 40.589064369858399 ], [ -3.861305295337367, 40.588898430421573 ], [ -3.861077470750808, 40.58878088865896 ], [ -3.860788432051677, 40.588631708161607 ], [ -3.860546977991755, 40.58851008055786 ], [ -3.860105567664279, 40.588280008990218 ], [ -3.859926774167537, 40.588185406294244 ], [ -3.859753649388156, 40.588151764616647 ], [ -3.859286182720324, 40.588057551655261 ], [ -3.858816581686005, 40.587967744420489 ], [ -3.858500397073476, 40.587904649191707 ], [ -3.858259760935969, 40.5879131111313 ], [ -3.858034007112752, 40.587924083557738 ], [ -3.857718333932284, 40.587957176677371 ], [ -3.857135868946903, 40.588019421142569 ], [ -3.856192900452557, 40.58811770560191 ], [ -3.855995223342656, 40.588138095351965 ], [ -3.855409556097586, 40.588214976013724 ], [ -3.85496857849796, 40.58799851715311 ], [ -3.854842267522776, 40.58802050722656 ], [ -3.854783606417254, 40.588048288247769 ], [ -3.85455788810344, 40.588198314151441 ], [ -3.854238025743662, 40.588426005574547 ], [ -3.854166706350517, 40.588466934444838 ], [ -3.854081694046452, 40.588541170691755 ], [ -3.853705172145713, 40.588837478346939 ], [ -3.853454546728257, 40.588917148738219 ], [ -3.852967382259832, 40.589073870434049 ], [ -3.852922012161741, 40.589089346434534 ], [ -3.852757974448698, 40.589173269440131 ], [ -3.85259585338792, 40.589250146753322 ], [ -3.852397486857494, 40.589349766298149 ], [ -3.85214037537551, 40.589480473803555 ], [ -3.851674289461236, 40.589719927441273 ], [ -3.851401808347779, 40.589860722892226 ], [ -3.851186462326571, 40.589961240263065 ], [ -3.850952147839846, 40.590084696264157 ], [ -3.850526803453756, 40.590291809177586 ], [ -3.85045933369715, 40.590329026444174 ], [ -3.85023774844437, 40.590439688568885 ], [ -3.849370344943031, 40.590754320997391 ], [ -3.84875835788175, 40.590959217864608 ], [ -3.848251379851724, 40.590954953215657 ], [ -3.848100763874795, 40.590975775718903 ], [ -3.847608474848833, 40.59104862769972 ], [ -3.847411555986984, 40.591082421116248 ], [ -3.846726528170864, 40.59119010289929 ], [ -3.846289353509663, 40.591259635405407 ], [ -3.845657886865775, 40.59136090688348 ], [ -3.845247122752482, 40.591591904581257 ], [ -3.844637546761713, 40.591934703608388 ], [ -3.844267019543236, 40.592066868830123 ], [ -3.843652930788589, 40.592287554436957 ], [ -3.843408244232619, 40.592376481897212 ], [ -3.843082726208644, 40.592432564785511 ], [ -3.842757915141419, 40.592488523584656 ], [ -3.842438190381007, 40.59254141564017 ], [ -3.841691584076355, 40.592671298902239 ], [ -3.841404562836225, 40.592614522584554 ], [ -3.840550600414976, 40.592411597240428 ], [ -3.839710838379526, 40.592103145798937 ], [ -3.838472538048019, 40.591645476802533 ], [ -3.837696346881722, 40.591357349385419 ], [ -3.836810680478507, 40.591544966353773 ], [ -3.836686679793273, 40.591570910719874 ], [ -3.836141072926641, 40.591800568181746 ], [ -3.835796513258293, 40.591945284559053 ], [ -3.835448742973423, 40.592098874207714 ], [ -3.835401694182705, 40.592115458143923 ], [ -3.834738736842975, 40.592565453555409 ], [ -3.834390475211464, 40.592796424941511 ], [ -3.833829371498099, 40.593172096898151 ], [ -3.833388553405197, 40.593476661745314 ], [ -3.833332296105539, 40.593505261357301 ], [ -3.833270902843474, 40.593528065743747 ], [ -3.833232632407985, 40.593539825255014 ], [ -3.832747104107618, 40.593658161948888 ], [ -3.83255979421424, 40.593704410846357 ], [ -3.832263202098097, 40.593774742597368 ], [ -3.831946209700385, 40.59385150141312 ], [ -3.83148777647724, 40.593901521763151 ], [ -3.830912985965433, 40.593962485202397 ], [ -3.830180692585802, 40.594036248750434 ], [ -3.830076849579171, 40.594067148189907 ], [ -3.829565497908662, 40.594200411595956 ], [ -3.828965152654972, 40.594359847621213 ], [ -3.828642706374147, 40.594447966798263 ], [ -3.828072716923577, 40.594600758083935 ], [ -3.827550417562777, 40.594693894118777 ], [ -3.827378357932409, 40.594699461755965 ], [ -3.827140248388614, 40.594712150594084 ], [ -3.826399097392067, 40.594741433382119 ], [ -3.824947725861197, 40.594602581627633 ], [ -3.823999997146298, 40.59451384598281 ], [ -3.82274817676473, 40.59439501328945 ], [ -3.822166242149408, 40.594543612928518 ], [ -3.821679818192367, 40.594665515712251 ], [ -3.821094968547795, 40.594813576658886 ], [ -3.820287453032737, 40.595011446245223 ], [ -3.818887330301943, 40.595018667830487 ], [ -3.817386421626895, 40.595015775246004 ], [ -3.816134812901516, 40.595010203719021 ], [ -3.814436710763692, 40.595416597573468 ], [ -3.813925769063629, 40.596137295108328 ], [ -3.812629973505918, 40.596849626181232 ], [ -3.812526886026913, 40.596904913695269 ], [ -3.811345784341407, 40.597364652876173 ], [ -3.807941777808415, 40.598956669241346 ], [ -3.807129347215742, 40.599336180129534 ], [ -3.806305375432906, 40.599727378120605 ], [ -3.806148500141366, 40.599802002392991 ], [ -3.806007975140874, 40.599867197330013 ], [ -3.806309654409302, 40.600335293195812 ], [ -3.806931210147814, 40.601288724108251 ], [ -3.807715877040643, 40.602504243995163 ], [ -3.80874069501545, 40.604058096625067 ], [ -3.808868225098511, 40.60426640405521 ], [ -3.809123732970522, 40.604637908671577 ], [ -3.809234127333752, 40.604812474644 ], [ -3.80937733379286, 40.605025399414799 ], [ -3.809405648155546, 40.605117570983872 ], [ -3.80952832017716, 40.605390577160549 ], [ -3.809678269987149, 40.605685592148689 ], [ -3.809682128086553, 40.605695780987261 ], [ -3.809699117844088, 40.605755002301173 ], [ -3.809699965601199, 40.60579772470372 ], [ -3.809700111684944, 40.605815705079067 ], [ -3.809699623080025, 40.605835942083196 ], [ -3.809697647413448, 40.60588281027146 ], [ -3.809745647657124, 40.605853339560667 ], [ -3.80979206892211, 40.605815465758965 ], [ -3.809851838732818, 40.605937511172655 ], [ -3.809766742144515, 40.606027294129177 ], [ -3.809815056558013, 40.606104142062669 ], [ -3.810035623216861, 40.606486990043003 ], [ -3.81005376412542, 40.606521095930461 ], [ -3.810095754086501, 40.606580311193682 ], [ -3.810117590317005, 40.606618844159371 ], [ -3.810141609458893, 40.606650206185805 ], [ -3.810165223827502, 40.606676433375817 ], [ -3.810219254258359, 40.606731259767265 ], [ -3.810241831454956, 40.606757731146203 ], [ -3.810263638836925, 40.606777226166699 ], [ -3.810295944280314, 40.60680371036409 ], [ -3.810321677301499, 40.606820376121341 ], [ -3.810345543792432, 40.606835172147271 ], [ -3.810384819197655, 40.606859364246183 ], [ -3.810493895202723, 40.606916984338611 ], [ -3.810548875986472, 40.606947705590315 ], [ -3.810584679458265, 40.606966283431603 ], [ -3.810676305995738, 40.607014845032786 ], [ -3.810732602952227, 40.607040122900884 ], [ -3.81079485017634, 40.607066858920852 ], [ -3.810854729708772, 40.607091823299854 ], [ -3.810909362560851, 40.607109674268422 ], [ -3.81096776220785, 40.607128570799077 ], [ -3.811067658037812, 40.607155956694918 ], [ -3.811155041987373, 40.60717247758361 ], [ -3.81130785387979, 40.60719673044504 ], [ -3.811373362373909, 40.60721249314998 ], [ -3.811469274424481, 40.60726738506434 ], [ -3.811771183059398, 40.60744467200756 ], [ -3.812307633305518, 40.607760573566921 ], [ -3.812517226995708, 40.607882087103121 ], [ -3.812795123470282, 40.608161933288699 ], [ -3.812824461488244, 40.608282674188118 ], [ -3.812761861376638, 40.608309315674013 ], [ -3.812612408735598, 40.608359563884747 ], [ -3.812466415740117, 40.608426111351378 ], [ -3.812402412936855, 40.608471451984208 ], [ -3.812347475724274, 40.608492333225321 ], [ -3.812283464772992, 40.608516512384618 ], [ -3.812094297531978, 40.608589488944695 ], [ -3.812003224022003, 40.608618128363823 ], [ -3.811939945993012, 40.60863451865265 ], [ -3.811896894543095, 40.60864713621023 ], [ -3.811784266370494, 40.6087212227824 ], [ -3.811627613980251, 40.608701180300883 ], [ -3.811547074194203, 40.608693827600312 ], [ -3.811449281049358, 40.60871715361602 ], [ -3.811367827959056, 40.608815092025196 ], [ -3.811300410596727, 40.608897797145787 ], [ -3.811191565486622, 40.609015999252726 ], [ -3.811059751126649, 40.609162442713554 ], [ -3.810947845034732, 40.609288584740703 ], [ -3.810817361797385, 40.609384858069909 ], [ -3.810801419400982, 40.60938907796335 ], [ -3.810721492377929, 40.609406079943369 ], [ -3.810500819357503, 40.609430484766399 ], [ -3.810368831554369, 40.609445049226181 ], [ -3.810286550203861, 40.609455049638463 ], [ -3.810283431089894, 40.609457135417344 ], [ -3.810243767817839, 40.609481204785588 ], [ -3.810176910274188, 40.609483196274027 ], [ -3.810143232229415, 40.609478233588838 ], [ -3.81007953800902, 40.609465159184275 ], [ -3.80994821343999, 40.60943901805399 ], [ -3.809939340959806, 40.609499141354831 ], [ -3.809934150016519, 40.609522501311702 ], [ -3.809846061689787, 40.609648782436359 ], [ -3.809799430176362, 40.609718413422854 ], [ -3.809734826548345, 40.609811177741904 ], [ -3.80968387179573, 40.609837020620596 ], [ -3.8096077675207, 40.609869165699997 ], [ -3.809419255854989, 40.609874085083476 ], [ -3.809388691582587, 40.609693689038266 ], [ -3.809347725033404, 40.609501028444825 ], [ -3.809265851386946, 40.609405804421087 ], [ -3.809176074734248, 40.609312741944279 ], [ -3.809103127332817, 40.60930170113356 ], [ -3.809016342509539, 40.609288687003996 ], [ -3.80874620133482, 40.609247734441631 ], [ -3.80865146476156, 40.609233533417573 ], [ -3.808414583939086, 40.609194649822726 ], [ -3.808225133990608, 40.60916804783092 ], [ -3.808101103481262, 40.609175220922204 ], [ -3.807977072943212, 40.609182393880531 ], [ -3.807771486659662, 40.609190136236748 ], [ -3.807379150717835, 40.609199183875951 ], [ -3.807260292362526, 40.609243255630112 ], [ -3.80695884891677, 40.609356083790928 ], [ -3.806942774923078, 40.609364320155855 ], [ -3.806704437343408, 40.609421586915524 ], [ -3.806508368316527, 40.609456081287874 ], [ -3.806212134169, 40.609507319995451 ], [ -3.806201026072517, 40.609510846971482 ], [ -3.806083689969628, 40.609290195771258 ], [ -3.806078530993215, 40.609277961910564 ], [ -3.806077283190725, 40.609267966443511 ], [ -3.806079294737557, 40.60925692123498 ], [ -3.806164336913686, 40.609123503194752 ], [ -3.806193803750632, 40.609081235826757 ], [ -3.806420310042004, 40.608741824147266 ], [ -3.806450658277161, 40.608641438046796 ], [ -3.806269960195844, 40.60839049798561 ], [ -3.806255642193101, 40.608031433096635 ], [ -3.806125413858895, 40.607916050427463 ], [ -3.805931066456452, 40.60784467759531 ], [ -3.805871461574248, 40.607819357407116 ], [ -3.805742677202902, 40.607735730757099 ], [ -3.805582263698029, 40.607634742268836 ], [ -3.804973549781534, 40.607249037860996 ], [ -3.804896241774696, 40.607201687213987 ], [ -3.80485547398998, 40.607186948383777 ], [ -3.803983458721925, 40.60691017521156 ], [ -3.803341452719109, 40.606695656806693 ], [ -3.80304725951918, 40.606597238390329 ], [ -3.802186701202868, 40.606310870427009 ], [ -3.801704924285488, 40.606348039769514 ], [ -3.800529950065068, 40.605900972827264 ], [ -3.800316896477241, 40.604845093955127 ], [ -3.80031733160749, 40.60483400931119 ], [ -3.80062648756543, 40.604299582702993 ], [ -3.801012394929712, 40.603631520876228 ], [ -3.801119995015076, 40.60344290576505 ], [ -3.801425484867642, 40.602896996409562 ], [ -3.801550530062676, 40.602675980667833 ], [ -3.801804364909026, 40.602256214856027 ], [ -3.802078684855311, 40.601770543409714 ], [ -3.802248981702985, 40.601481981399722 ], [ -3.802414129702853, 40.601158322666336 ], [ -3.8025330914045, 40.60092597185502 ], [ -3.802612677382029, 40.60076146090077 ], [ -3.80291778421894, 40.600182782625026 ], [ -3.802937315658701, 40.600135800560004 ], [ -3.802982446850501, 40.600055310026107 ], [ -3.803108215197616, 40.599799488572771 ], [ -3.803187927850158, 40.599645786791349 ], [ -3.803319733047984, 40.599400733588524 ], [ -3.803498751556903, 40.599051752300817 ], [ -3.803527519686016, 40.598986689313342 ], [ -3.803355244670851, 40.598881673858827 ], [ -3.802998570754129, 40.59887673813337 ], [ -3.80259529852928, 40.598886412064381 ], [ -3.80111175445233, 40.598888142320568 ], [ -3.800534056145195, 40.598771932570124 ], [ -3.799911853893378, 40.598617067184506 ], [ -3.799771990323185, 40.598589709581255 ], [ -3.799118805568841, 40.598490268958024 ], [ -3.79850463204564, 40.598810505093766 ], [ -3.797872176991707, 40.599250711006611 ], [ -3.797658746993936, 40.599408069553981 ], [ -3.797240115659876, 40.599702269834737 ], [ -3.796743532748639, 40.599885868337097 ], [ -3.796037934061634, 40.599901584552853 ], [ -3.795735797767324, 40.599901145862859 ], [ -3.795319562010602, 40.599906515380383 ], [ -3.794555760644674, 40.599820182314311 ], [ -3.794134212201414, 40.599772384842225 ], [ -3.792926953039703, 40.599466176199343 ], [ -3.79228356942111, 40.59932914970652 ], [ -3.79199463786475, 40.599282482325179 ], [ -3.791164715990091, 40.599162041581295 ], [ -3.790856057791175, 40.599120887385915 ], [ -3.790315603442243, 40.599042624347788 ], [ -3.78991201633509, 40.598990059847608 ], [ -3.789055943160207, 40.599100004588308 ], [ -3.788085840486867, 40.599558242928708 ], [ -3.787242624867332, 40.599951725601208 ], [ -3.786321792818693, 40.600383747406418 ], [ -3.78565468779865, 40.600401148877481 ], [ -3.785024461444127, 40.600479453438062 ], [ -3.784463332763658, 40.601075358618843 ], [ -3.783992128039309, 40.601413547765148 ], [ -3.78348351492048, 40.601768126086853 ], [ -3.782802725417211, 40.601713728670461 ], [ -3.782263175976356, 40.601460430842167 ], [ -3.781633585020683, 40.600809955598777 ], [ -3.781010526543847, 40.600916478989475 ], [ -3.780483215934863, 40.601020856601536 ], [ -3.779787315313732, 40.601168993176763 ], [ -3.778934604323791, 40.601744484610578 ], [ -3.77826276867778, 40.601731700563867 ], [ -3.777171705665539, 40.601352396855688 ], [ -3.776532188465303, 40.601173877676665 ], [ -3.775774930657031, 40.600951022869239 ], [ -3.775435995264013, 40.600856605417086 ], [ -3.775391523396515, 40.600842616124432 ], [ -3.775024180227977, 40.600740706416872 ], [ -3.774714374354158, 40.600648868764686 ], [ -3.774318710741273, 40.60054724135118 ], [ -3.773803236696929, 40.600443782063898 ], [ -3.7732512086472, 40.600334250972679 ], [ -3.772786239497544, 40.600243294563498 ], [ -3.772472412444372, 40.600179198569379 ], [ -3.771900323584677, 40.600113343413497 ], [ -3.771399531847276, 40.600050970409463 ], [ -3.7710019963023, 40.600004579385505 ], [ -3.770601675094841, 40.599954031827941 ], [ -3.770322149555419, 40.599919418248909 ], [ -3.769957337172286, 40.599873804444599 ], [ -3.769462230167068, 40.599815018357013 ], [ -3.769053913571497, 40.599762947567321 ], [ -3.768169212458712, 40.599660815588898 ], [ -3.767625393278796, 40.599452959033286 ], [ -3.76730754983013, 40.599300329649353 ], [ -3.766285322546251, 40.598791807914196 ], [ -3.765978944811585, 40.598642595065655 ], [ -3.765335701538008, 40.59843054116488 ], [ -3.765240796628521, 40.598397888081067 ], [ -3.764208028520307, 40.598322598607218 ], [ -3.763934129517016, 40.598248447879982 ], [ -3.763575038017888, 40.598147596570207 ], [ -3.763117386083356, 40.598019991665673 ], [ -3.762215987134511, 40.597770797068804 ], [ -3.76216162038601, 40.597753030234117 ], [ -3.761556343404702, 40.59751678464513 ], [ -3.760885633828928, 40.597255442444911 ], [ -3.760672314004789, 40.597203694107186 ], [ -3.760230126921473, 40.597099994984184 ], [ -3.759851598665408, 40.597009489410823 ], [ -3.759457358576071, 40.596784666378262 ], [ -3.759243217029388, 40.59665994993442 ], [ -3.759046588687688, 40.59651619962797 ], [ -3.758992981732281, 40.596478715158682 ], [ -3.758829131439171, 40.59636264376914 ], [ -3.758467747270208, 40.596095944098906 ], [ -3.758461820398847, 40.596091869623429 ], [ -3.758452942122355, 40.596091005427056 ], [ -3.757844146304111, 40.596052027943969 ], [ -3.757673934868397, 40.596049540213833 ], [ -3.757371586555431, 40.596061885913215 ], [ -3.75709738862848, 40.595961427924941 ], [ -3.754322232359043, 40.594994908707946 ], [ -3.75364156884309, 40.594759168654043 ], [ -3.752953721415248, 40.594765638395835 ], [ -3.752294637057243, 40.594407527042144 ], [ -3.752219597747743, 40.594361833282072 ], [ -3.75219556555384, 40.594343156087554 ], [ -3.750523762244388, 40.592786805013205 ], [ -3.750148108390821, 40.592438777617389 ], [ -3.749257884512974, 40.592711422139807 ], [ -3.745810020017975, 40.592203940069737 ], [ -3.745804254803339, 40.592199530571428 ], [ -3.745394587120633, 40.591886223392173 ], [ -3.744372509826765, 40.591579301658349 ], [ -3.74373008948319, 40.591406863683346 ], [ -3.742261694294376, 40.591026218939234 ], [ -3.740816840483927, 40.590646307156611 ], [ -3.739686139521877, 40.589301443331721 ], [ -3.739168879660804, 40.588058953854393 ], [ -3.738983140655011, 40.587807658060392 ], [ -3.738565218581652, 40.586942776657303 ], [ -3.73817350514718, 40.586470514815765 ], [ -3.737738968724462, 40.58627329082212 ], [ -3.737268801244038, 40.586069987370919 ], [ -3.73655961351899, 40.585903775706562 ], [ -3.735838139302974, 40.585716578137102 ], [ -3.735524276065035, 40.585687559019988 ], [ -3.735324738461535, 40.585671617265604 ], [ -3.735161420093886, 40.585639078418176 ], [ -3.734979862208058, 40.585604519416911 ], [ -3.734560969267943, 40.585524153773839 ], [ -3.734456830021053, 40.585502531875321 ], [ -3.734337267252545, 40.585480092644794 ], [ -3.73424735793933, 40.585459907078715 ], [ -3.733982197643021, 40.585377646727352 ], [ -3.733700208934292, 40.585343718423779 ], [ -3.733555534298357, 40.585322469389801 ], [ -3.733157291793611, 40.585266456050277 ], [ -3.732778438621869, 40.585318511007941 ], [ -3.732294858241405, 40.585387202161719 ], [ -3.731032472513042, 40.585235022330103 ], [ -3.730636832944974, 40.58518873942171 ], [ -3.730460054534313, 40.585167189580574 ], [ -3.730223904167973, 40.585140835671062 ], [ -3.730020764728698, 40.58511418256785 ], [ -3.729809020689203, 40.585090136558868 ], [ -3.72915017572941, 40.584861557420446 ], [ -3.728194077734275, 40.584528919105473 ], [ -3.72776002085887, 40.584394099619367 ], [ -3.727290505967688, 40.584256425256385 ], [ -3.726671352321099, 40.584071543025871 ], [ -3.726457543676983, 40.584012982209096 ], [ -3.726004049723337, 40.5838860060652 ], [ -3.725048443221116, 40.583620009768097 ], [ -3.72469802006136, 40.583523805894004 ], [ -3.723583176812632, 40.583206507581842 ], [ -3.723437443498071, 40.58316721419888 ], [ -3.721992119834629, 40.582758102770626 ], [ -3.721431436246299, 40.582600356799901 ], [ -3.720662487890264, 40.582219016876842 ], [ -3.719420165730564, 40.582124814736595 ], [ -3.718658239816365, 40.58239704273069 ], [ -3.71828897957696, 40.58252913442454 ], [ -3.717251926729557, 40.582897723418924 ], [ -3.716485598971809, 40.582836708830115 ], [ -3.716040617995254, 40.582796935782397 ], [ -3.714538487969124, 40.582657144795533 ], [ -3.713710269912084, 40.583005142942241 ], [ -3.713000000587721, 40.583294185204323 ], [ -3.711651573387628, 40.583076371045131 ], [ -3.711493612332034, 40.583049848399867 ], [ -3.711358799929739, 40.58306477924274 ], [ -3.711205094395073, 40.583080685692366 ], [ -3.711026295625603, 40.583099894969813 ], [ -3.71084159523513, 40.583119275420117 ], [ -3.70858799089154, 40.583518679680679 ], [ -3.707885432335563, 40.583756940888961 ], [ -3.707631607416242, 40.583149768036655 ], [ -3.705863826019762, 40.583005437394995 ], [ -3.705396827290975, 40.58298017913593 ], [ -3.705395606435148, 40.583544436557538 ], [ -3.705395155675395, 40.583797334820567 ], [ -3.705385303118612, 40.584696878827671 ], [ -3.705195628594963, 40.584781915924879 ], [ -3.705017339523427, 40.58484913771931 ], [ -3.704782545053515, 40.584944159183301 ], [ -3.704698494924029, 40.585000917414717 ], [ -3.704394668797218, 40.585220386728651 ], [ -3.704167258548464, 40.585384688097058 ], [ -3.703710912803014, 40.5857157761914 ], [ -3.703302357897265, 40.586008230126623 ], [ -3.702948662939234, 40.586263313666606 ], [ -3.702491803868023, 40.586592786572247 ], [ -3.702227215662, 40.586783724847336 ], [ -3.702040147648136, 40.586900417583891 ], [ -3.701958577518237, 40.586951381409058 ], [ -3.701864775179934, 40.586999922268781 ], [ -3.701771661764138, 40.58704768501245 ], [ -3.701562322692757, 40.587155827812715 ], [ -3.701395806078895, 40.587241242316658 ], [ -3.70112024318376, 40.587382109923176 ], [ -3.700790299592548, 40.587551450238543 ], [ -3.700419585442569, 40.587734107678514 ], [ -3.700347262326301, 40.587781572937551 ], [ -3.699828429264995, 40.588048098210024 ], [ -3.699439060700126, 40.588248956048389 ], [ -3.699020161537035, 40.588467762904074 ], [ -3.698751732400645, 40.588602872817589 ], [ -3.69833818415142, 40.588816665674578 ], [ -3.69790116533224, 40.589040778779996 ], [ -3.697494433117106, 40.589250302312024 ], [ -3.697105529240803, 40.589449455816649 ], [ -3.696900792427181, 40.5895550038884 ], [ -3.69674520182432, 40.589635390929764 ], [ -3.696472778276603, 40.589790282190911 ], [ -3.696331564883648, 40.589879455630282 ], [ -3.696304904070145, 40.589919236955339 ], [ -3.696222505325944, 40.590028947055586 ], [ -3.696092052527899, 40.590237376600491 ], [ -3.695988532356118, 40.590419627266066 ], [ -3.695757089194346, 40.590822280624408 ], [ -3.695589573478957, 40.591118498128488 ], [ -3.695404582099972, 40.591442478433287 ], [ -3.69524686677653, 40.591722222423606 ], [ -3.695078480201498, 40.592016939026166 ], [ -3.694933753899747, 40.592276523844482 ], [ -3.694814290829853, 40.592484534423164 ], [ -3.694682601278146, 40.592714788999231 ], [ -3.69457504596009, 40.592906511908701 ], [ -3.694421299198309, 40.59317413206967 ], [ -3.694288959313343, 40.593408038638636 ], [ -3.694179530389711, 40.593600502134485 ], [ -3.694041818110537, 40.593841890949321 ], [ -3.692891040842534, 40.595852216436448 ], [ -3.692838539729021, 40.595943419946579 ], [ -3.692077907730225, 40.597273890598615 ], [ -3.692009939301033, 40.597393131588682 ], [ -3.691967678712135, 40.597483959825134 ], [ -3.691891354027774, 40.597650196390866 ], [ -3.691863671634119, 40.597718684702471 ], [ -3.691781860488414, 40.597960392567813 ], [ -3.691696599493893, 40.598210302787926 ], [ -3.690805611693592, 40.600830898414699 ], [ -3.690694708084858, 40.601157795084553 ], [ -3.690674794704895, 40.601215417093783 ], [ -3.690643049228664, 40.601282595175618 ], [ -3.690575288474717, 40.601431376445305 ], [ -3.690479425025535, 40.601593646932635 ], [ -3.690379521491828, 40.601764212429465 ], [ -3.69030127428077, 40.601899514238333 ], [ -3.689544624494901, 40.603185989569738 ], [ -3.689282862217468, 40.603630846029482 ], [ -3.689039550930949, 40.604043835924408 ], [ -3.688850703823927, 40.604364836355913 ], [ -3.688424714291709, 40.605088103838952 ], [ -3.688350654904306, 40.605212983199635 ], [ -3.68830559525593, 40.60528885322347 ], [ -3.688200363928559, 40.605469997755549 ], [ -3.688061841173486, 40.605732437341914 ], [ -3.687904708004291, 40.606019806718884 ], [ -3.687778060800729, 40.606262500092555 ], [ -3.687609938370191, 40.606574673428746 ], [ -3.68741737733086, 40.606809117585939 ], [ -3.687251281177042, 40.606939760927744 ], [ -3.687053928330456, 40.607097805414362 ], [ -3.686484729248381, 40.607549256563274 ], [ -3.686080742112957, 40.607860935658444 ], [ -3.685581560274637, 40.608255758974067 ], [ -3.685327367061319, 40.608462473438891 ], [ -3.685083234374984, 40.608661006275284 ], [ -3.684774043145699, 40.608819727286345 ], [ -3.684600847853683, 40.608891625874861 ], [ -3.684079367742314, 40.609096820789908 ], [ -3.683711892736797, 40.609238989138134 ], [ -3.683320375049522, 40.609391825291318 ], [ -3.682684917386037, 40.609644098572453 ], [ -3.682432334618994, 40.609747904574128 ], [ -3.682387986989566, 40.609764572439452 ], [ -3.682232494490425, 40.609827191070416 ], [ -3.681892827662585, 40.609966030895961 ], [ -3.681316989837641, 40.610200277573647 ], [ -3.681038568576585, 40.610311683182907 ], [ -3.680645685333543, 40.610472120803806 ], [ -3.680281217206151, 40.610620841405961 ], [ -3.680026336524735, 40.61072375300192 ], [ -3.679799568829194, 40.610815337626491 ], [ -3.67966796115241, 40.610867280987371 ], [ -3.679475341401296, 40.611004294238256 ], [ -3.679322734297135, 40.611108423214723 ], [ -3.679224014573927, 40.61117475869117 ], [ -3.679143186775872, 40.611269789849203 ], [ -3.678978600352823, 40.611464670885944 ], [ -3.678784952535783, 40.611689523429575 ], [ -3.678618900744538, 40.611883484655159 ], [ -3.678386130880975, 40.612155943394448 ], [ -3.67816987534795, 40.612408710658968 ], [ -3.677786915417126, 40.612858170999793 ], [ -3.677310539022749, 40.613411985717356 ], [ -3.676839630303949, 40.613964837589691 ], [ -3.676687537672864, 40.614141064243704 ], [ -3.67650363179364, 40.614356858777782 ], [ -3.676310576000861, 40.614564686107876 ], [ -3.676288369870177, 40.614598185436414 ], [ -3.676265992816969, 40.614666322586814 ], [ -3.676234478642787, 40.61471111842058 ], [ -3.67615890686035, 40.614810043587603 ], [ -3.675915584502205, 40.615075533112815 ], [ -3.675823275261413, 40.615099676221398 ], [ -3.675596127926442, 40.615350421293982 ], [ -3.675335320725221, 40.615633902325918 ], [ -3.67531672750984, 40.615655289701117 ], [ -3.675304686740328, 40.615666422844136 ], [ -3.675298574235212, 40.615675755608947 ], [ -3.675297919387176, 40.61568116468456 ], [ -3.675299617012262, 40.615687740150484 ], [ -3.67530918277434, 40.615720800362212 ], [ -3.675310792362947, 40.615728024972285 ], [ -3.675311132015715, 40.61573475341914 ], [ -3.675309960805325, 40.615738191698142 ], [ -3.674979381144986, 40.616099519028928 ], [ -3.67477289416439, 40.616317566088277 ], [ -3.674655915390789, 40.616410372896972 ], [ -3.674596471130416, 40.616442013801006 ], [ -3.674526337049883, 40.616473741431768 ], [ -3.674360452630228, 40.616541887449245 ], [ -3.673700252115282, 40.616781364158904 ], [ -3.673576108944787, 40.6168290598429 ], [ -3.673125903092373, 40.616952347772028 ], [ -3.672215360440268, 40.617199481824315 ], [ -3.671898285385649, 40.617285072183449 ], [ -3.671587803280965, 40.617369181935608 ], [ -3.671483310895398, 40.617396707637525 ], [ -3.671385660273246, 40.617422734055779 ], [ -3.671262764328611, 40.617456538431398 ], [ -3.671212866300518, 40.617472231586902 ], [ -3.671138404283175, 40.617507078617955 ], [ -3.670930586075174, 40.617609102930587 ], [ -3.668584537297762, 40.618736485946485 ], [ -3.666840006718072, 40.619577735557442 ], [ -3.666835407398835, 40.619581267414752 ], [ -3.666711266125533, 40.619746105369515 ], [ -3.666643661794935, 40.619832637197199 ], [ -3.666552007065889, 40.620063970143953 ], [ -3.66661218878, 40.620430719927889 ], [ -3.666651414338517, 40.620663585631526 ], [ -3.666756933737591, 40.621267742120139 ], [ -3.666809271585754, 40.621565250804615 ], [ -3.666845386365226, 40.621812938413221 ], [ -3.666865890167108, 40.621920093360913 ], [ -3.666935647744109, 40.622328012437585 ], [ -3.666974240843162, 40.622535097699817 ], [ -3.667043341428772, 40.62275324243447 ], [ -3.667062946068893, 40.622812856216875 ], [ -3.667109889393101, 40.622914419809923 ], [ -3.667358390820311, 40.623444481446583 ], [ -3.667421830508644, 40.62357831795601 ], [ -3.667700153948666, 40.624168781160691 ], [ -3.668232097881778, 40.62530396681683 ], [ -3.668389494318533, 40.6256397212764 ], [ -3.668520587889191, 40.625916511571646 ], [ -3.668518603448688, 40.626143183615142 ], [ -3.668523147209098, 40.627020967913346 ], [ -3.668558995581521, 40.627363461431564 ], [ -3.66854709878382, 40.627448635758022 ], [ -3.668431999560364, 40.628314165975489 ], [ -3.668382765619551, 40.628640099282336 ], [ -3.668349159034324, 40.628891766063987 ], [ -3.66801619491653, 40.629602207197202 ], [ -3.667996293468848, 40.629662848334021 ], [ -3.66755173049569, 40.630626744431872 ], [ -3.667387836947256, 40.630982437203713 ], [ -3.667302706004811, 40.631165950364057 ], [ -3.667218845346587, 40.631308439403959 ], [ -3.665758248845651, 40.633769655394374 ], [ -3.6654930141282, 40.63417827917776 ], [ -3.664450415310369, 40.635522464689245 ], [ -3.664307829275884, 40.635707810552546 ], [ -3.664095786856015, 40.635952337553597 ], [ -3.663272386079071, 40.636882427021888 ], [ -3.663101025442888, 40.637074080574628 ], [ -3.663030114908445, 40.637156151729471 ], [ -3.662829897623775, 40.637382419875188 ], [ -3.662447395489575, 40.637814052020005 ], [ -3.662447206051173, 40.637814268414985 ], [ -3.662393867434099, 40.637874841773503 ], [ -3.662346558184434, 40.63795319165277 ], [ -3.662293988076097, 40.638034828333801 ], [ -3.662240812295011, 40.63813632366778 ], [ -3.662206555860616, 40.638219202084564 ], [ -3.662168300231425, 40.638343769621137 ], [ -3.662138615993229, 40.638429810882137 ], [ -3.661987069451476, 40.638901457031608 ], [ -3.661978960812877, 40.638918619166837 ], [ -3.661884263809275, 40.639216332360355 ], [ -3.661796408230269, 40.639327568267269 ], [ -3.661732043768762, 40.639411991097674 ], [ -3.661674290254162, 40.639491537432853 ], [ -3.66166298980797, 40.639499257785104 ], [ -3.661337495272252, 40.639764106430803 ], [ -3.661087164138832, 40.639964469246351 ], [ -3.660773845103838, 40.640215547943384 ], [ -3.66043292125397, 40.640488221690767 ], [ -3.6602433195108, 40.640641868398212 ], [ -3.659735229697037, 40.641054099227162 ], [ -3.659388897338541, 40.641324477423488 ], [ -3.659313174209455, 40.641380134074375 ], [ -3.659230902829163, 40.641450351898655 ], [ -3.659016644198565, 40.641626323983459 ], [ -3.658479507841084, 40.642054334309066 ], [ -3.658021973667438, 40.642225421440443 ], [ -3.657662331752944, 40.642354825433841 ], [ -3.657385489909467, 40.642461799148265 ], [ -3.657047743264811, 40.642590198230934 ], [ -3.656751333516718, 40.642700795157864 ], [ -3.65646116956579, 40.642813558446967 ], [ -3.65620236372766, 40.642909845163601 ], [ -3.656138827828063, 40.642934899060293 ], [ -3.655945239517473, 40.643228718801609 ], [ -3.655880538875119, 40.643243563297688 ], [ -3.655861411418285, 40.643246816875532 ], [ -3.655693516197993, 40.643279509810995 ], [ -3.655413674261818, 40.643226188585857 ], [ -3.654934246962725, 40.643137127979365 ], [ -3.653636103550171, 40.642897491452587 ], [ -3.652799564291333, 40.642744201750148 ], [ -3.652614065798061, 40.642717737641966 ], [ -3.652213798991338, 40.642657586708559 ], [ -3.65192954325603, 40.642575870283899 ], [ -3.651527596853031, 40.642440625341258 ], [ -3.651320418536252, 40.642366035321686 ], [ -3.650933488415947, 40.642225675843122 ], [ -3.650282245565526, 40.641985664784329 ], [ -3.649617173406127, 40.641746938601273 ], [ -3.64912579058565, 40.641548672425557 ], [ -3.648863691494332, 40.641443472388453 ], [ -3.648863565635198, 40.641443420845121 ], [ -3.648755835363055, 40.641400801425071 ], [ -3.648725267522932, 40.641377945982732 ], [ -3.648640336367058, 40.641317489045434 ], [ -3.648527876284992, 40.641235320704901 ], [ -3.648479368170684, 40.64120148613295 ], [ -3.648362754213362, 40.641120207593801 ], [ -3.648345253663589, 40.641107017099174 ], [ -3.648223292526898, 40.641009639239101 ], [ -3.64788427772255, 40.640701064574394 ], [ -3.647613566810421, 40.640467452938303 ], [ -3.647219864838053, 40.640111108856658 ], [ -3.647088020195577, 40.639994105629974 ], [ -3.647022421935427, 40.639935466111631 ], [ -3.646984864038621, 40.639902597441015 ], [ -3.646928773932976, 40.639858632945192 ], [ -3.646860938043776, 40.639804117446296 ], [ -3.645928319175823, 40.639114753198321 ], [ -3.645225180377819, 40.638593250622073 ], [ -3.645022297793606, 40.638447580663382 ], [ -3.644865499110337, 40.63834172738926 ], [ -3.644479259592957, 40.638090434121587 ], [ -3.642451349874737, 40.638045238371724 ], [ -3.642025158203089, 40.638113766858503 ], [ -3.641367747030452, 40.638227300200811 ], [ -3.640883918183613, 40.638306795585621 ], [ -3.640433638564371, 40.638387813645615 ], [ -3.640174039792477, 40.638431449892245 ], [ -3.640109711398703, 40.638443552053907 ], [ -3.640008397917171, 40.638440466866307 ], [ -3.639947534483769, 40.638438452890597 ], [ -3.63882401682008, 40.638402575822319 ], [ -3.638549451476637, 40.638243315750351 ], [ -3.638387800325317, 40.6381461144436 ], [ -3.637804006510479, 40.637801981118294 ], [ -3.637690310502312, 40.637735800340465 ], [ -3.63762837492915, 40.637695976054594 ], [ -3.637579126500166, 40.637650227821709 ], [ -3.637555874329719, 40.637623835423732 ], [ -3.637265153961064, 40.637285968959397 ], [ -3.637024603845521, 40.637013110302938 ], [ -3.636889634350574, 40.636860931696241 ], [ -3.636829958380268, 40.636794560220494 ], [ -3.636701844037915, 40.636778448265382 ], [ -3.636605925667645, 40.636435122229429 ], [ -3.636552890893697, 40.636222511423114 ], [ -3.636466570944337, 40.63592929380264 ], [ -3.636372140516744, 40.635613761141386 ], [ -3.636320772807744, 40.635450788091013 ], [ -3.636220790966358, 40.635127071710713 ], [ -3.636184133665171, 40.635069886278693 ], [ -3.635970701485108, 40.634820916589113 ], [ -3.635898077584092, 40.63473501111875 ], [ -3.63576747723182, 40.634598249826325 ], [ -3.635532146019814, 40.63437427205244 ], [ -3.635276832813354, 40.634136041998929 ], [ -3.635116677250545, 40.633989337443772 ], [ -3.635022460013819, 40.633901271853794 ], [ -3.634887295230354, 40.633771019120744 ], [ -3.634686241808348, 40.633570833260656 ], [ -3.634608464493299, 40.633494218051815 ], [ -3.634582488614034, 40.633464631990407 ], [ -3.634573686972876, 40.633449239395333 ], [ -3.634555018143154, 40.63341831591832 ], [ -3.634450022260251, 40.633241997410835 ], [ -3.633885114169944, 40.632301146882718 ], [ -3.633275345653585, 40.631274982588231 ], [ -3.633079321164748, 40.630943645043679 ], [ -3.632929497513255, 40.63069251003585 ], [ -3.632777223116097, 40.630556169420551 ], [ -3.632376262925749, 40.630191087757034 ], [ -3.631996135309854, 40.629849161126501 ], [ -3.631907001293991, 40.629764293824437 ], [ -3.631640479897149, 40.629521441276161 ], [ -3.631113764178987, 40.629038250088875 ], [ -3.630703398922852, 40.628714200030672 ], [ -3.630146039142366, 40.628284877277011 ], [ -3.62989165127416, 40.627742056211567 ], [ -3.629703319235115, 40.627352028338592 ], [ -3.629674425622518, 40.62702628933431 ], [ -3.629653957764021, 40.626809677680981 ], [ -3.629863593969293, 40.626433330404353 ], [ -3.630054131758287, 40.626090867899151 ], [ -3.630211872510106, 40.625811691173922 ], [ -3.63005333166897, 40.625429496420516 ], [ -3.629610286171197, 40.624326187662149 ], [ -3.629400166590669, 40.623786493030948 ], [ -3.628851708117065, 40.622339034853631 ], [ -3.628965692476187, 40.62202286655662 ], [ -3.629162494175036, 40.621474332989976 ], [ -3.629493214908128, 40.620576250409663 ], [ -3.62938836242803, 40.620427979309895 ], [ -3.629056556793048, 40.619966593171526 ], [ -3.628771868420916, 40.619572010666651 ], [ -3.628656830129446, 40.619413866681064 ], [ -3.628634639285093, 40.61890562360071 ], [ -3.628602097788321, 40.61836452783318 ], [ -3.628601945770003, 40.618155464324282 ], [ -3.628600171739759, 40.618142022109282 ], [ -3.628597898852048, 40.618125305224886 ], [ -3.628537277243364, 40.618032303570807 ], [ -3.628362688365645, 40.617767631386847 ], [ -3.628282176837447, 40.617645009817458 ], [ -3.628236587143976, 40.617620690944683 ], [ -3.62782627587969, 40.617396180813593 ], [ -3.627408457924389, 40.617165097564133 ], [ -3.626939354207696, 40.616905724433622 ], [ -3.6268055335047, 40.616888595431959 ], [ -3.626126061551101, 40.616797725175012 ], [ -3.62592307816467, 40.616771303687607 ], [ -3.625824684443544, 40.616758783210294 ], [ -3.625801940675619, 40.616756072295559 ], [ -3.625151187417446, 40.616667510879687 ], [ -3.62479555652149, 40.616621080821659 ], [ -3.62415056225056, 40.61653432129205 ], [ -3.624013124514373, 40.616516456366561 ], [ -3.623915718613109, 40.616501008284438 ], [ -3.623899700423549, 40.616494978771293 ], [ -3.623678966469214, 40.6163973232864 ], [ -3.623590535911302, 40.616356555094029 ], [ -3.623532104027896, 40.616329674937077 ], [ -3.623182836871773, 40.616169951046331 ], [ -3.622600878089957, 40.615908763754653 ], [ -3.622007186775723, 40.615196808645784 ], [ -3.621774540205271, 40.614922948240434 ], [ -3.621739432666156, 40.614867165812242 ], [ -3.621476686752076, 40.61435791474134 ], [ -3.621398487085165, 40.614222463567401 ], [ -3.621364362583077, 40.614154045444344 ], [ -3.621267816846348, 40.61396377636575 ], [ -3.620615800935306, 40.612778505297882 ], [ -3.620552033627903, 40.612666650084954 ], [ -3.620483805104132, 40.612563478025805 ], [ -3.620313651776919, 40.612376913330934 ], [ -3.620211549736228, 40.612272174428853 ], [ -3.620137380492402, 40.612186872313195 ], [ -3.620022034588649, 40.612062576952532 ], [ -3.61987259815143, 40.611904283386046 ], [ -3.619711226951739, 40.611850823801682 ], [ -3.619247595585013, 40.611690242884762 ], [ -3.618622522674491, 40.611475064257505 ], [ -3.618280000735398, 40.611353907084442 ], [ -3.618011034777248, 40.611264989580775 ], [ -3.617987932523185, 40.611019630598591 ], [ -3.617949567751987, 40.610766509328144 ], [ -3.617819893623816, 40.610172909935571 ], [ -3.617838652264453, 40.610138004211997 ], [ -3.617964512896271, 40.609868910092615 ], [ -3.618152484664564, 40.609447897356524 ], [ -3.61839140400228, 40.60895933582421 ], [ -3.617306236695979, 40.607607291944774 ], [ -3.616799947697898, 40.606971418907669 ], [ -3.617160204490712, 40.606036594423387 ], [ -3.617110792584274, 40.605161201816571 ], [ -3.616874226927102, 40.604628241447237 ], [ -3.616449986199375, 40.603865653111107 ], [ -3.616397559119954, 40.603762686000245 ], [ -3.616096815495274, 40.603048146671696 ], [ -3.616485534049862, 40.602071808043199 ], [ -3.616365019360217, 40.60152253805051 ], [ -3.615307366135985, 40.600714876905776 ], [ -3.614275892341286, 40.60058629213691 ], [ -3.612956594667233, 40.59990861708485 ], [ -3.611632397689975, 40.599468784752553 ], [ -3.610577658008566, 40.598765360050216 ], [ -3.608742909773545, 40.59845431071345 ], [ -3.608208043305627, 40.597904805791536 ], [ -3.608140992952252, 40.597835919977221 ], [ -3.60805938598673, 40.597749596765674 ], [ -3.607996280248815, 40.597682320690041 ], [ -3.607905428500714, 40.597594499219817 ], [ -3.607706205203349, 40.597438898205546 ], [ -3.607673517402906, 40.597414390598168 ], [ -3.607565958063822, 40.597332013380246 ], [ -3.607150412440913, 40.597009008988465 ], [ -3.607084347765729, 40.596957019660493 ], [ -3.606978431221751, 40.596878141275383 ], [ -3.606931107832141, 40.596837426971561 ], [ -3.60684253696941, 40.59682041708443 ], [ -3.606339096051769, 40.596708869118011 ], [ -3.605377854546251, 40.596495920833142 ], [ -3.605340938234585, 40.596487663161007 ], [ -3.605211794441778, 40.596459940585234 ], [ -3.605196888512253, 40.596441281297544 ], [ -3.60516950267877, 40.596401566278814 ], [ -3.605120003760315, 40.596330441731624 ], [ -3.605068955805748, 40.596260394620458 ], [ -3.60501804052693, 40.596192205304867 ], [ -3.6049856392039, 40.596148562551868 ], [ -3.604730232723886, 40.59579056804764 ], [ -3.604830114026218, 40.595174650702816 ], [ -3.604834326797139, 40.595124110922811 ], [ -3.604830332628794, 40.595044812997813 ], [ -3.604827674278758, 40.595012372732072 ], [ -3.604823452748536, 40.594963711306136 ], [ -3.604821285367158, 40.594923589371554 ], [ -3.604818758547081, 40.594867055292973 ], [ -3.604792992668124, 40.594559520905158 ], [ -3.604788663926573, 40.594514824806659 ], [ -3.604784566385959, 40.594451324337314 ], [ -3.604772796869142, 40.594348252358181 ], [ -3.604772011085093, 40.594301572888533 ], [ -3.604770162867198, 40.594295816935585 ], [ -3.6047399440704, 40.594263433575634 ], [ -3.604596267158872, 40.594118397252551 ], [ -3.604573937718377, 40.594096447981627 ], [ -3.604429697088286, 40.593953169310034 ], [ -3.604302618217841, 40.593824742660679 ], [ -3.60425809719938, 40.593778784766506 ], [ -3.604187970670358, 40.593703346172553 ], [ -3.60414853934649, 40.593667707315284 ], [ -3.604097454089811, 40.59362153684981 ], [ -3.60406906205868, 40.593595878732778 ], [ -3.604050954810555, 40.59358133413027 ], [ -3.603986023422222, 40.593530926213695 ], [ -3.603928443647668, 40.593487298581742 ], [ -3.60384427440889, 40.593413425052184 ], [ -3.603794689707269, 40.593377026556915 ], [ -3.60373612233601, 40.593329208592515 ], [ -3.60361109676139, 40.593231967901069 ], [ -3.603525378623902, 40.593167399308939 ], [ -3.603404790805676, 40.593053147310961 ], [ -3.603369837638045, 40.593029816933537 ], [ -3.603297412186627, 40.592993717706698 ], [ -3.603092234566304, 40.592913733398504 ], [ -3.602776826755558, 40.592783921580619 ], [ -3.60198428382355, 40.592449239178677 ], [ -3.601908947960774, 40.592417765847721 ], [ -3.601850402098334, 40.592391477835747 ], [ -3.601806458422085, 40.592203994022043 ], [ -3.601780846587154, 40.592098890252345 ], [ -3.601807098451066, 40.591882448566707 ], [ -3.601818487421048, 40.591798382157798 ], [ -3.601836141917671, 40.591655510581823 ], [ -3.601858618717327, 40.59147476699637 ], [ -3.601876941568546, 40.5913387088845 ], [ -3.601888044601119, 40.591256643905197 ], [ -3.601915946664708, 40.591000920592748 ], [ -3.601966702615819, 40.590853810809506 ], [ -3.602067081122651, 40.590575991293697 ], [ -3.602107399567235, 40.59045961261878 ], [ -3.602148105753933, 40.590350246160767 ], [ -3.602224059049292, 40.590141498187904 ], [ -3.602539566248055, 40.589663520415321 ], [ -3.602743259865928, 40.589372117441457 ], [ -3.60298003779202, 40.589009435798289 ], [ -3.603359922488437, 40.588755400160295 ], [ -3.603381335400197, 40.588740570623855 ], [ -3.603405091778108, 40.588722600984319 ], [ -3.603806408425413, 40.588558843568016 ], [ -3.603863104948618, 40.588538918799109 ], [ -3.604073161556498, 40.58845295032139 ], [ -3.604225157728205, 40.588392951272816 ], [ -3.604244375965549, 40.588380229405331 ], [ -3.604350377645232, 40.588293344367457 ], [ -3.604398338966462, 40.588256526680674 ], [ -3.604438807324563, 40.588223152610738 ], [ -3.604665738492855, 40.588041450058128 ], [ -3.604750157176841, 40.587971560132331 ], [ -3.604810362431701, 40.587924467588991 ], [ -3.604889612303002, 40.587858931553818 ], [ -3.604924087757813, 40.587833422753263 ], [ -3.605007213696389, 40.587768184348874 ], [ -3.60501754855246, 40.587754517911058 ], [ -3.605080404526868, 40.587624624911996 ], [ -3.605124527061505, 40.587536440794878 ], [ -3.605229273613263, 40.587327905684525 ], [ -3.605375442421268, 40.587041538011199 ], [ -3.605423063778404, 40.586950540002846 ], [ -3.605697486625045, 40.586402465799473 ], [ -3.605888794910084, 40.586028912216236 ], [ -3.606005698675407, 40.585797621199518 ], [ -3.606069522707937, 40.585671441383688 ], [ -3.606154536610854, 40.585502792715602 ], [ -3.60619070733144, 40.585427560417166 ], [ -3.60620376713783, 40.585401663622356 ], [ -3.606233893459112, 40.585356516420362 ], [ -3.60637423566832, 40.585180611583056 ], [ -3.60640489622988, 40.585140866816914 ], [ -3.606423737057995, 40.585116598169542 ], [ -3.606453393934587, 40.585098001436599 ], [ -3.608419341087675, 40.583917443067655 ], [ -3.608453359096919, 40.583904283089701 ], [ -3.608492964137667, 40.583899892577314 ], [ -3.60853177355176, 40.583904455596347 ], [ -3.608789653045691, 40.583933606923914 ], [ -3.608925061912512, 40.583741690178755 ], [ -3.609049027521188, 40.583561274797013 ], [ -3.609368526050225, 40.583418004592737 ], [ -3.609600315373055, 40.583268107370614 ], [ -3.609670147744753, 40.583265759586872 ], [ -3.609705518853722, 40.583194642011115 ], [ -3.609764935318418, 40.583163421850067 ], [ -3.609846614311937, 40.583124110427036 ], [ -3.610822343946956, 40.582520024809824 ], [ -3.611908812506369, 40.581901130256178 ], [ -3.613070717605452, 40.581553570597755 ], [ -3.613353029113548, 40.581466982790332 ], [ -3.614346545590129, 40.581162851105738 ], [ -3.614943718614566, 40.580978078419541 ], [ -3.61636823046216, 40.580492399269275 ], [ -3.618211464960062, 40.579011599894649 ], [ -3.618674701763109, 40.578631468438395 ], [ -3.619187753750548, 40.578231095554251 ], [ -3.61968416623669, 40.577834441994263 ], [ -3.620521040637366, 40.577174506697418 ], [ -3.621395695288872, 40.576481679876039 ], [ -3.621506583421842, 40.576370329799467 ], [ -3.621702818056992, 40.576180152595398 ], [ -3.622232237936695, 40.575678225166662 ], [ -3.622659132316316, 40.57537193398143 ], [ -3.623000927435834, 40.575130497047098 ], [ -3.62348330699637, 40.574781287319908 ], [ -3.623616556625218, 40.574685867324909 ], [ -3.623817618646083, 40.574537047864574 ], [ -3.623940992104117, 40.574448308616041 ], [ -3.624239929145507, 40.574224574786733 ], [ -3.624989655520114, 40.57363064309321 ], [ -3.625009715129075, 40.573614752006279 ], [ -3.625050772990209, 40.573611727213212 ], [ -3.626287314623371, 40.573520628968076 ], [ -3.627983401998367, 40.573597023925402 ], [ -3.628726821098296, 40.573754246200323 ], [ -3.629073622617835, 40.573935517429355 ], [ -3.629776296462873, 40.574296279392513 ], [ -3.630212288364151, 40.574451454227173 ], [ -3.630571749218141, 40.574583834862274 ], [ -3.631123746637857, 40.574862803673454 ], [ -3.631446219649014, 40.574771118989219 ], [ -3.631833016970222, 40.574672808757541 ], [ -3.632453259348311, 40.574500550633637 ], [ -3.632649144916626, 40.574497316797661 ], [ -3.632906617060894, 40.574490375024354 ], [ -3.633353686505548, 40.574466000880271 ], [ -3.633545718767427, 40.574459091232676 ], [ -3.633743946677086, 40.574455698553017 ], [ -3.634009293558453, 40.574457203734831 ], [ -3.634174111494195, 40.574461508835704 ], [ -3.634657986734097, 40.574465684634689 ], [ -3.635130937888696, 40.574515177875391 ], [ -3.635369287881744, 40.574544083641648 ], [ -3.636366127765859, 40.574635902627449 ], [ -3.636816722821472, 40.574709893577982 ], [ -3.637195016415254, 40.574758708270132 ], [ -3.638458888734831, 40.574926173031393 ], [ -3.639727146308888, 40.575107454320403 ], [ -3.640630699402933, 40.575451099016817 ], [ -3.641092907885075, 40.575630669647403 ], [ -3.641559236220462, 40.575811714604043 ], [ -3.642154160314781, 40.576143025215757 ], [ -3.642283833917969, 40.576219399930011 ], [ -3.642647295939032, 40.576420982196431 ], [ -3.643779054199766, 40.576656129261444 ], [ -3.644709905119729, 40.576851105582925 ], [ -3.644788494878969, 40.576866702627399 ], [ -3.644911218161241, 40.576871675084647 ], [ -3.645495243820256, 40.576890980171655 ], [ -3.645985093239062, 40.576910405393519 ], [ -3.646491483801833, 40.576926741436658 ], [ -3.647028539480555, 40.576946643961932 ], [ -3.647552175245592, 40.576963902160323 ], [ -3.647862793409494, 40.576996768765056 ], [ -3.648181724749402, 40.577031940088268 ], [ -3.648672771774822, 40.577085510402675 ], [ -3.649473270065803, 40.57717284743466 ], [ -3.649594730866353, 40.577185236263141 ], [ -3.649863875332623, 40.577274026768528 ], [ -3.6502906366659, 40.577414315694831 ], [ -3.650317341045549, 40.577423692178904 ], [ -3.650526305009842, 40.577620840051303 ], [ -3.650790651902279, 40.577858253917626 ], [ -3.65091945106836, 40.577968492433115 ], [ -3.650946258225411, 40.57801160077716 ], [ -3.650988569277482, 40.578083585966674 ], [ -3.651126737798115, 40.57833106839545 ], [ -3.651223897946533, 40.578501714185151 ], [ -3.651362958670897, 40.578746594941677 ], [ -3.651466575459713, 40.578928515564257 ], [ -3.651627586074529, 40.579210020916051 ], [ -3.651783578121409, 40.579478670849134 ], [ -3.65184918609828, 40.579597968228413 ], [ -3.6519291246794, 40.579726687180326 ], [ -3.65202081087034, 40.579908125964266 ], [ -3.652140819809706, 40.580116478940091 ], [ -3.652227252712394, 40.580266532597314 ], [ -3.652345445712138, 40.580457007714656 ], [ -3.652459906270747, 40.580649008255811 ], [ -3.652532647084236, 40.580765354184685 ], [ -3.652605881686853, 40.58088616113784 ], [ -3.652726860944382, 40.581085781151934 ], [ -3.65278937139136, 40.581259980697489 ], [ -3.652878955218324, 40.581504970616322 ], [ -3.652938429605074, 40.581671496411374 ], [ -3.653055590739144, 40.581993046551879 ], [ -3.653175231214815, 40.582310749288688 ], [ -3.653210089790724, 40.582405877011794 ], [ -3.653266550487283, 40.582561483866286 ], [ -3.653294065044425, 40.582631652766757 ], [ -3.653376770802824, 40.582858780645424 ], [ -3.653426914411841, 40.582997410018322 ], [ -3.653622268493928, 40.5835333869544 ], [ -3.653664398114594, 40.583647370233628 ], [ -3.6537138374114, 40.583788539423423 ], [ -3.653889488722472, 40.584255706411554 ], [ -3.653959652201355, 40.584447678595382 ], [ -3.654029360928504, 40.584627132876307 ], [ -3.654117183206682, 40.58485386540972 ], [ -3.654157966756664, 40.584963532780066 ], [ -3.654215985243337, 40.58516783813657 ], [ -3.654263513588166, 40.585331785805622 ], [ -3.654296993582733, 40.585435482013132 ], [ -3.654330391823959, 40.585530778869781 ], [ -3.654384580988554, 40.585695741874716 ], [ -3.654413561193601, 40.585788970987693 ], [ -3.654437839211168, 40.585865668564821 ], [ -3.65446104208841, 40.585947469404118 ], [ -3.654508911098198, 40.586093513639391 ], [ -3.654571268570827, 40.586207178315753 ], [ -3.654661390443975, 40.586373403273406 ], [ -3.654714184205631, 40.586469036010854 ], [ -3.654818564605202, 40.586682845553142 ], [ -3.654928007724143, 40.58690631794834 ], [ -3.654992032951579, 40.587043490380395 ], [ -3.65503974273209, 40.587150486648937 ], [ -3.655105171921891, 40.587288713186737 ], [ -3.655197715167615, 40.587493163582955 ], [ -3.655285127445974, 40.587687864860399 ], [ -3.655463327945772, 40.587910794375681 ], [ -3.655606158682685, 40.588088199333257 ], [ -3.655800844741608, 40.588327924422302 ], [ -3.655985086247699, 40.588576272243415 ], [ -3.656105284080151, 40.588736143353401 ], [ -3.656213640483808, 40.588877755921978 ], [ -3.656303960749993, 40.588997122756368 ], [ -3.657142631606736, 40.589439612147181 ], [ -3.657494962180012, 40.589621616203104 ], [ -3.657622553030637, 40.589691551207856 ], [ -3.657734291342837, 40.589758481820219 ], [ -3.657943551145899, 40.589885584224703 ], [ -3.658282367982131, 40.590088637992153 ], [ -3.658549941237828, 40.590251364622134 ], [ -3.65879826198693, 40.590403767355028 ], [ -3.658969425329211, 40.590507526272702 ], [ -3.659365642108955, 40.590818715149268 ], [ -3.659675341753255, 40.591066545202715 ], [ -3.660092736092786, 40.591458225715428 ], [ -3.660319222996043, 40.591671124081273 ], [ -3.66085057398934, 40.591813053776519 ], [ -3.661046100922332, 40.591862990436738 ], [ -3.661377287175124, 40.591949423028645 ], [ -3.661771594551244, 40.592053552057955 ], [ -3.662129125557684, 40.592136271276694 ], [ -3.662345272737032, 40.592184528105783 ], [ -3.663735113491322, 40.592327867923402 ], [ -3.663886244026504, 40.592330417321257 ], [ -3.664148062346332, 40.592331209444815 ], [ -3.664510617577881, 40.592322692871235 ], [ -3.664787683440424, 40.59232864704493 ], [ -3.665028730441101, 40.592324146942538 ], [ -3.665129140696086, 40.592324459759205 ], [ -3.66526355199959, 40.592313584147284 ], [ -3.665349633606332, 40.592307617294431 ], [ -3.66545052172438, 40.592297247166563 ], [ -3.665605646519774, 40.592281669054017 ], [ -3.665842418314631, 40.592258057233892 ], [ -3.666087954017943, 40.592235283557606 ], [ -3.666610462913306, 40.592181097569735 ], [ -3.666811515352283, 40.592161453769918 ], [ -3.666903397635248, 40.592150698337889 ], [ -3.666995308413511, 40.592136391405944 ], [ -3.667190311039994, 40.592118880027051 ], [ -3.66740953325422, 40.592015127835644 ], [ -3.667898824378424, 40.591792985319771 ], [ -3.668885671307521, 40.591334085308404 ], [ -3.669060062207588, 40.591253356581326 ], [ -3.674130278276734, 40.588865584385509 ], [ -3.674142674128016, 40.588861550877418 ], [ -3.674173562107776, 40.588844170127494 ], [ -3.674529858476939, 40.588671199675026 ], [ -3.67527376317638, 40.588306455764723 ], [ -3.675998390794799, 40.587951427745857 ], [ -3.67633310155938, 40.587777557352211 ], [ -3.676861209943477, 40.587504782317211 ], [ -3.677255473153606, 40.587307239220216 ], [ -3.677630199311059, 40.587125818906422 ], [ -3.678120856362596, 40.586880471548959 ], [ -3.678334813215857, 40.586771913412761 ], [ -3.678581257597002, 40.586654395778545 ], [ -3.678825026309786, 40.586539966239883 ], [ -3.679295300822131, 40.586316383588652 ], [ -3.679808993962129, 40.586076259213364 ], [ -3.680246292293853, 40.585869339324717 ], [ -3.680891832376222, 40.58556720717236 ], [ -3.681354551736168, 40.585345703856575 ], [ -3.682191479104299, 40.584945316103678 ], [ -3.682216424332139, 40.584930268240299 ], [ -3.682336029415644, 40.584856923912561 ], [ -3.682671238064492, 40.584651357280698 ], [ -3.682966914963462, 40.58447234889973 ], [ -3.683189802236437, 40.584335896298882 ], [ -3.683408979297504, 40.584199311167339 ], [ -3.683620304715432, 40.584067135043647 ], [ -3.683922869883516, 40.583878242239237 ], [ -3.684165655169401, 40.583726814439757 ], [ -3.684277921544659, 40.583656936703761 ], [ -3.684901903456808, 40.583362179909564 ], [ -3.685858499716798, 40.582916324587316 ], [ -3.687249074686553, 40.582581419784638 ], [ -3.687452625769352, 40.582588106576608 ], [ -3.687615635659291, 40.582589904741191 ], [ -3.687834062346746, 40.582592357364419 ], [ -3.688287834872772, 40.582601271270981 ], [ -3.688462689273395, 40.582608147088607 ], [ -3.688597851016789, 40.582612576446962 ], [ -3.688602925591709, 40.58261265159905 ], [ -3.688605247381849, 40.58261137832914 ], [ -3.688796732319879, 40.582481816349606 ], [ -3.689302644075164, 40.582146626348468 ], [ -3.68974408906766, 40.581778639697539 ], [ -3.69058700864087, 40.581060263810613 ], [ -3.690694399101546, 40.580976232742934 ], [ -3.691168144299154, 40.580763178899893 ], [ -3.691725599962949, 40.580517955954377 ], [ -3.691842555124555, 40.580469004440076 ], [ -3.692413456216201, 40.580310128014247 ], [ -3.693393023876144, 40.580036333322234 ], [ -3.693501392679126, 40.580016185037486 ], [ -3.69378411612064, 40.579968191141568 ], [ -3.694416318996542, 40.57985843093951 ], [ -3.694930046460906, 40.579785298145069 ], [ -3.695724771239153, 40.579675841204526 ], [ -3.695847924384411, 40.57965657642665 ], [ -3.696387612286917, 40.579502110633172 ], [ -3.696929021678768, 40.579346971588649 ], [ -3.697435905659359, 40.579203266124807 ], [ -3.698061768450932, 40.579025107876149 ], [ -3.698780780824078, 40.578821114922675 ], [ -3.699427717604792, 40.578637419218609 ], [ -3.700401126545888, 40.578633867151517 ], [ -3.701030902076526, 40.578638137722059 ], [ -3.701573384397546, 40.578639311724501 ], [ -3.701588704787552, 40.578639824967901 ], [ -3.701590746796342, 40.578314594199831 ], [ -3.701533954634622, 40.578313378794284 ], [ -3.701426762249063, 40.578311840596037 ], [ -3.701051935511625, 40.578308531443106 ], [ -3.700879282898557, 40.578307775566948 ], [ -3.700604640721979, 40.578308137135664 ], [ -3.700365538612052, 40.578306207853046 ], [ -3.700284300052754, 40.57830538508734 ], [ -3.700260722858168, 40.578295770590614 ], [ -3.700156062140919, 40.578255889750146 ], [ -3.700111841663007, 40.578238370804264 ], [ -3.700027422767108, 40.578204927368134 ], [ -3.699934097736795, 40.578148141993886 ], [ -3.699865210500407, 40.578106227048728 ], [ -3.699732645866569, 40.578024008679542 ], [ -3.699470687189481, 40.577845240006916 ], [ -3.699351187017373, 40.577758427777709 ], [ -3.699266655374072, 40.577696246404216 ], [ -3.699253892958243, 40.577686859018925 ], [ -3.699225816777291, 40.577664861926372 ], [ -3.699116129410355, 40.577578927867464 ], [ -3.699063445697195, 40.577530120837409 ], [ -3.698987174278507, 40.577449181600663 ], [ -3.698847616347809, 40.577296798965321 ], [ -3.6988037713247, 40.577258154316468 ], [ -3.698732571249578, 40.577207846568761 ], [ -3.698653582923215, 40.577157324625823 ], [ -3.698510341227371, 40.57707241632005 ], [ -3.69842284532649, 40.57702292762017 ], [ -3.698302666192136, 40.576954972003918 ], [ -3.698255487320788, 40.576929150599668 ], [ -3.698194633650349, 40.5768938841248 ], [ -3.698131366721269, 40.576825816756134 ], [ -3.698065705710671, 40.576738150765607 ], [ -3.697925758636248, 40.576553206139991 ], [ -3.69785124334234, 40.576461379201788 ], [ -3.697781291146373, 40.576400252760649 ], [ -3.697724955427546, 40.576355810307753 ], [ -3.697605841236167, 40.57626075356027 ], [ -3.697497604954769, 40.576175328077625 ], [ -3.697431824253308, 40.576122983234441 ], [ -3.697333514649754, 40.576043301130667 ], [ -3.697300393354864, 40.57600978113242 ], [ -3.697300921591537, 40.575916023370524 ], [ -3.697301921137996, 40.57578026463996 ], [ -3.697302218458034, 40.575739826848633 ], [ -3.697302659302026, 40.575679984137139 ], [ -3.697302834313162, 40.575656215164585 ], [ -3.697299464408895, 40.575622955198654 ], [ -3.697277306105834, 40.575489272238812 ], [ -3.697257053929166, 40.575375307939332 ], [ -3.697254829966178, 40.575354212843479 ], [ -3.697249240119122, 40.575325505808145 ], [ -3.697243972902676, 40.575298513902361 ], [ -3.697219470582251, 40.57523753708201 ], [ -3.697190935857314, 40.575173592770291 ], [ -3.697137660537154, 40.575056884570536 ], [ -3.697083740084886, 40.574937876686093 ], [ -3.697051098068396, 40.574871125655008 ], [ -3.697011910857908, 40.574816448062961 ], [ -3.696979134175746, 40.574786574448964 ], [ -3.696924478530366, 40.574745481735228 ], [ -3.69685014578594, 40.574690165685716 ], [ -3.696485369213173, 40.574423588899393 ], [ -3.696384270132094, 40.574347083062612 ], [ -3.69629954812693, 40.574300387644861 ], [ -3.69626332405837, 40.574270696761829 ], [ -3.696123654987393, 40.574200278882635 ], [ -3.695491297213974, 40.573922282553802 ], [ -3.695033716498553, 40.573729863553282 ], [ -3.694978860642109, 40.573706217560137 ], [ -3.694951780562211, 40.573689760134393 ], [ -3.69493652107398, 40.57367560721373 ], [ -3.694896990351591, 40.573632027998279 ], [ -3.694711291392844, 40.573426473950192 ], [ -3.694539400422735, 40.573230800313461 ], [ -3.694187443032521, 40.572824304422227 ], [ -3.694041855714647, 40.572657293819326 ], [ -3.69392743411317, 40.572529296733258 ], [ -3.693685250973975, 40.572257224121714 ], [ -3.693514636462769, 40.572072231992948 ], [ -3.693432723408895, 40.571999499246083 ], [ -3.693320204731452, 40.571911193728958 ], [ -3.693233628910254, 40.57184451481357 ], [ -3.693156607577899, 40.571790337679957 ], [ -3.693112032210064, 40.571763939070671 ], [ -3.693083418799803, 40.571750237183814 ], [ -3.693057636895924, 40.571736157949978 ], [ -3.693053953369341, 40.571734108023577 ], [ -3.693052409255057, 40.571733305593902 ], [ -3.693035778522678, 40.571724488450705 ], [ -3.693026156696919, 40.57171941025365 ], [ -3.693004536451602, 40.571707918595109 ], [ -3.692771160579452, 40.57157733936247 ], [ -3.69271984275467, 40.571538638968462 ], [ -3.692661234483506, 40.57157898770452 ], [ -3.692630337138409, 40.571582199921785 ], [ -3.692626938765222, 40.571567357567275 ], [ -3.692589008044445, 40.571410340753907 ], [ -3.692564996587356, 40.571219615099913 ], [ -3.692556697015935, 40.571140757609015 ], [ -3.692541547007743, 40.571068822112665 ], [ -3.692510086852792, 40.570967685042142 ], [ -3.692488483827543, 40.570890905446205 ], [ -3.692460514642462, 40.570817825185692 ], [ -3.692424617559695, 40.570752116598747 ], [ -3.692392122083928, 40.570705922312555 ], [ -3.692332199877526, 40.570639137899363 ], [ -3.69217991210576, 40.570464257090464 ], [ -3.692066459997727, 40.570329429015423 ], [ -3.691872314881959, 40.57007162200307 ], [ -3.691761221797464, 40.569914967356546 ], [ -3.691717535060029, 40.569870059680021 ], [ -3.691673974070098, 40.569837359072451 ], [ -3.691635315683714, 40.569814396448038 ], [ -3.691574246773293, 40.569791566173485 ], [ -3.691495594529453, 40.569771284309333 ], [ -3.691349444572074, 40.569725768186579 ], [ -3.691294855067171, 40.569710224951294 ], [ -3.691232198268727, 40.569688625591901 ], [ -3.691171015406465, 40.569654810441143 ], [ -3.691116174816937, 40.569614852043337 ], [ -3.691053103760017, 40.569552968562981 ], [ -3.690968807522097, 40.569450926402702 ], [ -3.690832583952264, 40.569280829556618 ], [ -3.690726439266978, 40.569173871131767 ], [ -3.690725218571904, 40.569172803679351 ], [ -3.690707762161957, 40.569184586176178 ], [ -3.69067244942457, 40.569181664944125 ], [ -3.69066603266571, 40.569228128416967 ], [ -3.690664880990904, 40.569239979187017 ], [ -3.690661610454747, 40.569268541358042 ], [ -3.690637380211633, 40.569396514947719 ], [ -3.690610033152187, 40.569516303739384 ], [ -3.690563622474104, 40.569625321136705 ], [ -3.690484106687757, 40.569750847745368 ], [ -3.69040654019681, 40.569834678880412 ], [ -3.690317016251441, 40.569911332027537 ], [ -3.690234360613051, 40.569962571652852 ], [ -3.690017287752343, 40.570116104742382 ], [ -3.689876816337651, 40.570195458194057 ], [ -3.68974302907528, 40.570255846757711 ], [ -3.689548826726229, 40.570321883975438 ], [ -3.689445454490165, 40.570347006730614 ], [ -3.689396547462131, 40.570358062332325 ], [ -3.689491321462779, 40.570187325684714 ], [ -3.689530622114964, 40.570103147013469 ], [ -3.68956952677435, 40.569980401270428 ], [ -3.689590581764371, 40.569857762966386 ], [ -3.689599993574943, 40.56976015036895 ], [ -3.689588797798462, 40.569645884577554 ], [ -3.689578815144884, 40.569475553311129 ], [ -3.689557342237783, 40.56908318107029 ], [ -3.689557839810261, 40.568986755882598 ], [ -3.689562066778858, 40.5688188433246 ], [ -3.689560751093498, 40.568690665684322 ], [ -3.689531720418853, 40.568615970328779 ], [ -3.689480483681981, 40.5685516162889 ], [ -3.689422106482112, 40.568490671432698 ], [ -3.68937624273706, 40.56839569405215 ], [ -3.68931237287273, 40.568259950207327 ], [ -3.689218885955087, 40.568017718671783 ], [ -3.689138721726024, 40.567847350162545 ], [ -3.689044994116437, 40.567617583597247 ], [ -3.688985044416778, 40.567464930045524 ], [ -3.688961588670809, 40.567403155954707 ], [ -3.688947609269251, 40.567344226182456 ], [ -3.688939596308758, 40.567277414148059 ], [ -3.688937502737696, 40.567235687892186 ], [ -3.688942719699156, 40.567198382807049 ], [ -3.688955495604207, 40.567165301918983 ], [ -3.688905039439881, 40.567146723045838 ], [ -3.687922422953385, 40.564953329008617 ], [ -3.686968767503698, 40.563148846272696 ], [ -3.686658445491677, 40.562396105892176 ], [ -3.685751335625745, 40.559646577101233 ], [ -3.684931373872057, 40.558094161632944 ], [ -3.682408389351199, 40.553831114655857 ], [ -3.682151004068141, 40.552908410724207 ], [ -3.682120725327314, 40.552906029188165 ], [ -3.682136952133301, 40.552818619709981 ], [ -3.682174380776265, 40.55265559997374 ], [ -3.682201119062256, 40.552540963160411 ], [ -3.682278311767922, 40.552183859955086 ], [ -3.682289798120985, 40.552083256165218 ], [ -3.682336715726149, 40.551966298375888 ], [ -3.68249519321109, 40.551561015782397 ], [ -3.682477404812612, 40.551324822558158 ], [ -3.682431903052235, 40.551201806241878 ], [ -3.682354065940499, 40.551021005385401 ], [ -3.682236484113101, 40.550810352344243 ], [ -3.682107230491412, 40.550681957559391 ], [ -3.682016562031303, 40.550468943617773 ], [ -3.681974991173489, 40.550353974917947 ], [ -3.681943033150067, 40.550238216140514 ], [ -3.681900107846961, 40.549989695691899 ], [ -3.681855165122096, 40.549921714447812 ], [ -3.681733135304625, 40.549785221778158 ], [ -3.681607437210013, 40.549651590204775 ], [ -3.681481313178006, 40.549509444942018 ], [ -3.6814377794315, 40.549460382800234 ], [ -3.681314235483687, 40.549349003552543 ], [ -3.681138899583445, 40.549206030105793 ], [ -3.680811670041916, 40.548996749175558 ], [ -3.680612168847243, 40.548911140602151 ], [ -3.680381803566931, 40.548809185816488 ], [ -3.680307435984902, 40.548776563982841 ], [ -3.680238389048102, 40.548734267705299 ], [ -3.680183030872339, 40.54866403634491 ], [ -3.680132184023845, 40.548588879388724 ], [ -3.680069994988406, 40.54848477528175 ], [ -3.679962289827727, 40.548310794344104 ], [ -3.679833220281155, 40.548123196018679 ], [ -3.67969096448748, 40.54791655744161 ], [ -3.67963167866285, 40.547836888719779 ], [ -3.679562182741412, 40.547757280021351 ], [ -3.679434365606983, 40.547601539058284 ], [ -3.679386383349607, 40.547538090827459 ], [ -3.679302122700748, 40.547467066835097 ], [ -3.679166432189677, 40.547358814256654 ], [ -3.679066206692545, 40.547269472552337 ], [ -3.679030584785203, 40.547234984336527 ], [ -3.678986387482252, 40.547178596445946 ], [ -3.678937384793775, 40.547105947876496 ], [ -3.678795940577674, 40.546887263954922 ], [ -3.678766601895768, 40.54683149587175 ], [ -3.678724817927193, 40.546738270024591 ], [ -3.678617946800921, 40.546542042720006 ], [ -3.678605128160868, 40.546510529379979 ], [ -3.678622917693199, 40.546505908753844 ], [ -3.678740069569908, 40.545381814156933 ], [ -3.678163441171824, 40.543450804806618 ], [ -3.678182171738817, 40.543447767886086 ], [ -3.678168574541303, 40.543396353083054 ], [ -3.67815319866189, 40.54336540422451 ], [ -3.678022688969251, 40.543111755606603 ], [ -3.677977028034003, 40.542996284985229 ], [ -3.677944879379473, 40.542953686970399 ], [ -3.677817403919223, 40.542818833594474 ], [ -3.677694696412627, 40.542679072910389 ], [ -3.677623754958709, 40.542600329080891 ], [ -3.677448643898682, 40.542336004597672 ], [ -3.677259436895618, 40.542123048085408 ], [ -3.677012666443919, 40.541853567361407 ], [ -3.676943198563753, 40.541775929761222 ], [ -3.676705871336097, 40.541573287408625 ], [ -3.676607680117591, 40.541496564664378 ], [ -3.676488163920376, 40.541414941555551 ], [ -3.676298415438069, 40.541310319023204 ], [ -3.676110357142205, 40.541211075384872 ], [ -3.675976692065335, 40.541122211234601 ], [ -3.675950361543767, 40.541105943032939 ], [ -3.675887974445156, 40.541050454881415 ], [ -3.675786299399633, 40.540955089055039 ], [ -3.675718157768815, 40.540895210216931 ], [ -3.675624143294392, 40.540782194327967 ], [ -3.675551149252917, 40.540689583044376 ], [ -3.675296843249634, 40.540309483184458 ], [ -3.67517790504613, 40.540140041445653 ], [ -3.675066777741454, 40.53998708069733 ], [ -3.674988767449985, 40.539887248019134 ], [ -3.674867813334586, 40.539710337664729 ], [ -3.674800237966739, 40.539605007054028 ], [ -3.674743472159033, 40.539472125434834 ], [ -3.674702699600851, 40.539389351375831 ], [ -3.674597702284694, 40.539212049344655 ], [ -3.674527743384727, 40.539097736229834 ], [ -3.674474497149444, 40.538997909056789 ], [ -3.674443009727083, 40.53890767721127 ], [ -3.67438395476019, 40.538736912975629 ], [ -3.674347068048781, 40.538616574361754 ], [ -3.674334606906384, 40.538527561140469 ], [ -3.674264893345751, 40.538427472315604 ], [ -3.674214428839717, 40.538350961733542 ], [ -3.674121437905357, 40.538227061283905 ], [ -3.674084096418308, 40.5381883896818 ], [ -3.673915956707734, 40.538067842737846 ], [ -3.673791687198862, 40.537976389698692 ], [ -3.673671777514782, 40.537903081082916 ], [ -3.673436431448152, 40.537774110992309 ], [ -3.673294235371405, 40.537699105778984 ], [ -3.673185499782579, 40.53765696076897 ], [ -3.673095396059412, 40.537635785158109 ], [ -3.672942827171405, 40.53760113388946 ], [ -3.672635127384451, 40.537541382446349 ], [ -3.672405255803682, 40.537491359997944 ], [ -3.67225785873503, 40.537454265149876 ], [ -3.672180392683168, 40.537432389176111 ], [ -3.672057457069296, 40.537371853931226 ], [ -3.671964906015244, 40.537291325945262 ], [ -3.671843659741914, 40.537179996764444 ], [ -3.671734394852026, 40.53706222041977 ], [ -3.671650177711354, 40.536954870272119 ], [ -3.671537720113114, 40.536794821969693 ], [ -3.671405969239248, 40.53664545757217 ], [ -3.67126021546327, 40.536481376406513 ], [ -3.671107330710348, 40.536304542976758 ], [ -3.671010688070723, 40.536162666858054 ], [ -3.670937003786138, 40.536057123438169 ], [ -3.670839553541808, 40.535886057718294 ], [ -3.670798301746836, 40.535820708150304 ], [ -3.670759182809346, 40.535708264934264 ], [ -3.670711017011669, 40.53560282005725 ], [ -3.670646085364001, 40.535506594855022 ], [ -3.670475215485745, 40.535301815825228 ], [ -3.6703379909371, 40.535158825969226 ], [ -3.670223021240022, 40.535024165283026 ], [ -3.670133393300035, 40.53492953255985 ], [ -3.670049539504359, 40.534858126283069 ], [ -3.669918364382275, 40.534765849603247 ], [ -3.66979013032058, 40.534690470779346 ], [ -3.669519488416132, 40.534508078199238 ], [ -3.669323681967481, 40.534379682190597 ], [ -3.6693489864008, 40.534341322672262 ], [ -3.671014871953469, 40.532063052896056 ], [ -3.672337154580562, 40.53086917578527 ], [ -3.67572379274855, 40.528381101972386 ], [ -3.676527969508726, 40.527244973809019 ], [ -3.677206649685896, 40.52699226926525 ], [ -3.675581961482641, 40.526118077974537 ], [ -3.675066617907099, 40.52557541466718 ], [ -3.672028915478968, 40.524366255846424 ], [ -3.670047539206984, 40.524720711856567 ], [ -3.667651084481202, 40.525007709644129 ], [ -3.665977808413746, 40.524479336196443 ], [ -3.665943929013109, 40.524476092766051 ], [ -3.665960482824338, 40.524255036365027 ], [ -3.665958614463236, 40.524066265879114 ], [ -3.665954703160665, 40.523986341743203 ], [ -3.665945392951467, 40.52392298183414 ], [ -3.665933412178701, 40.5238869252386 ], [ -3.665843879264064, 40.52369167804342 ], [ -3.665775669756491, 40.523567134898563 ], [ -3.66570943605256, 40.523411971724272 ], [ -3.665680590387101, 40.523337770424746 ], [ -3.665655251146855, 40.523239233923817 ], [ -3.665636422463328, 40.523135654571739 ], [ -3.665628676365126, 40.523078921565236 ], [ -3.66562327549261, 40.52304063066034 ], [ -3.665617851867511, 40.523000039015457 ], [ -3.665620447496387, 40.522957868763527 ], [ -3.665624222091522, 40.522933320316362 ], [ -3.665630949818863, 40.522902623406623 ], [ -3.665662567703513, 40.52274822888149 ], [ -3.665715270350068, 40.522550786407237 ], [ -3.665846039862204, 40.522165088424593 ], [ -3.66589514550502, 40.522013921831245 ], [ -3.665938969358061, 40.521797280198868 ], [ -3.665968340761577, 40.521640508451192 ], [ -3.665993955397945, 40.521560772662902 ], [ -3.666067396568824, 40.521403253186385 ], [ -3.666179751408628, 40.521225257328744 ], [ -3.666239465366558, 40.521125161181487 ], [ -3.66620247132794, 40.521113478230966 ], [ -3.662870210336318, 40.520032977679406 ], [ -3.661467167496572, 40.517266251064051 ], [ -3.659158268508921, 40.513593142037251 ], [ -3.658598723759887, 40.511668772045553 ], [ -3.657884818681142, 40.51146057969266 ], [ -3.65761471744987, 40.511718344919963 ] ] ] } },
{ "type": "Feature", "properties": { "district": "Moncloa - Aravaca", "admin_level": "9" }, "geometry": { "type": "Polygon", "coordinates": [ [ [ -3.774600529205479, 40.400313948631521 ], [ -3.77437332059513, 40.40208214841028 ], [ -3.776408413398236, 40.404027090398998 ], [ -3.776908622421258, 40.405202119681839 ], [ -3.77779604651066, 40.406535810356992 ], [ -3.778575707548206, 40.408026073981674 ], [ -3.779029508346253, 40.4097698780405 ], [ -3.779457110847789, 40.412101246606809 ], [ -3.780622165047868, 40.41429521039661 ], [ -3.780935885514412, 40.415536343743597 ], [ -3.781239385580444, 40.416809978371063 ], [ -3.781399319449745, 40.417593585565434 ], [ -3.780376574469353, 40.421910413212828 ], [ -3.779130729108319, 40.424271066116411 ], [ -3.770942550008596, 40.429319599699667 ], [ -3.770883204538546, 40.433931717593062 ], [ -3.770838523494073, 40.437659949663072 ], [ -3.770846651585116, 40.444050892737259 ], [ -3.770926787850691, 40.44404675564224 ], [ -3.776041289783557, 40.443678342940508 ], [ -3.777527953574031, 40.443656653933111 ], [ -3.778585766104785, 40.443768461596306 ], [ -3.779458258853529, 40.444169797424465 ], [ -3.784568860571065, 40.444382114392091 ], [ -3.787241899799194, 40.443157656909229 ], [ -3.790096523002393, 40.442344512211513 ], [ -3.788854865061043, 40.445771899819022 ], [ -3.790178802732991, 40.445847553421238 ], [ -3.790217075955908, 40.446598643382892 ], [ -3.790393347612531, 40.447654194610152 ], [ -3.790992686853071, 40.44747802916298 ], [ -3.791121599510425, 40.448013183151772 ], [ -3.791381388114519, 40.449351046018698 ], [ -3.792078188574413, 40.450645375740628 ], [ -3.792422957108194, 40.451685356690469 ], [ -3.793372932819983, 40.453244611724543 ], [ -3.793084314438584, 40.453672715067306 ], [ -3.79291350557614, 40.453689201203815 ], [ -3.792901686951963, 40.453787479897365 ], [ -3.792913987688484, 40.453830639409603 ], [ -3.793010871517574, 40.453946191213504 ], [ -3.793754609220386, 40.454712261979807 ], [ -3.794058434793139, 40.454975042081422 ], [ -3.794393096552411, 40.455652923987785 ], [ -3.795335976607168, 40.45630140181003 ], [ -3.795488155573016, 40.456604858964518 ], [ -3.795277944307974, 40.456981077799917 ], [ -3.795754887980003, 40.457821040232737 ], [ -3.797583733985236, 40.45848412261342 ], [ -3.798850083533985, 40.458952862562136 ], [ -3.800588939815312, 40.460276877300295 ], [ -3.802547055585207, 40.46208042334564 ], [ -3.804206704473399, 40.46298060790761 ], [ -3.807387621966685, 40.463457552591407 ], [ -3.81012391158953, 40.464229415355554 ], [ -3.812867444518554, 40.463639906047611 ], [ -3.81521116915812, 40.463643236433768 ], [ -3.81745431386133, 40.464301280921404 ], [ -3.818784558561408, 40.464377460929434 ], [ -3.819841938501958, 40.464324028293404 ], [ -3.820944447895281, 40.464392786908853 ], [ -3.822233849258795, 40.464698044083384 ], [ -3.82366227657212, 40.464603199765683 ], [ -3.824850052586966, 40.464795638452628 ], [ -3.825820482518841, 40.465347272406163 ], [ -3.827124683066821, 40.466086600222049 ], [ -3.828922055240131, 40.466353015098022 ], [ -3.83078479158411, 40.465891910230262 ], [ -3.834352725960616, 40.46441732779509 ], [ -3.835636651238414, 40.465837064180512 ], [ -3.836915372762324, 40.466975741583617 ], [ -3.83825694470456, 40.467767466597081 ], [ -3.838133756557695, 40.470924645428461 ], [ -3.837527399239384, 40.472584521374728 ], [ -3.837343398412135, 40.472947652443374 ], [ -3.837383153132116, 40.472961783182754 ], [ -3.836870022654042, 40.473741756128462 ], [ -3.836594370659003, 40.474165037169904 ], [ -3.836232750740925, 40.474716993094951 ], [ -3.836114961274697, 40.474894000065561 ], [ -3.836725825672487, 40.475123274874989 ], [ -3.837398249229291, 40.475744502290027 ], [ -3.837389780666435, 40.475789277553815 ], [ -3.837349441620956, 40.475986911712752 ], [ -3.837334672590727, 40.476062494428426 ], [ -3.837315058256204, 40.476175765867687 ], [ -3.837308066216735, 40.476216141286542 ], [ -3.837306005993001, 40.476227693017002 ], [ -3.83729513106027, 40.476284085570839 ], [ -3.837246555211778, 40.476538372393712 ], [ -3.837225337763051, 40.476650822999666 ], [ -3.837215075756611, 40.476710696647707 ], [ -3.837197411567866, 40.476818112554987 ], [ -3.837170693005553, 40.476937701110515 ], [ -3.837141703973637, 40.477061804249352 ], [ -3.837065323294037, 40.477377688041912 ], [ -3.836994724732293, 40.477748259886106 ], [ -3.83695043746801, 40.47799474799281 ], [ -3.836919922756757, 40.478184448720725 ], [ -3.836852029664304, 40.478510988747701 ], [ -3.836804612748213, 40.478750262579354 ], [ -3.836773265036712, 40.47892433703084 ], [ -3.836747984121364, 40.479086671289132 ], [ -3.836650188114207, 40.479581350857345 ], [ -3.836650021175115, 40.479581303417774 ], [ -3.835741055695729, 40.479323965044934 ], [ -3.835191709091965, 40.479168384015374 ], [ -3.834890039682515, 40.47908272411739 ], [ -3.834667695891146, 40.479019554265612 ], [ -3.834212932084328, 40.478889321185214 ], [ -3.834123186349352, 40.478863571944821 ], [ -3.83360008811442, 40.478712028058588 ], [ -3.833368966992033, 40.478644955087113 ], [ -3.833081487108733, 40.478561530445859 ], [ -3.832759670866987, 40.478477541696087 ], [ -3.832727710858932, 40.478468943249254 ], [ -3.832718359236059, 40.478466398045953 ], [ -3.83266969474955, 40.478452154239079 ], [ -3.832233610488747, 40.478334030865845 ], [ -3.831838721158171, 40.47821759311266 ], [ -3.831728618199584, 40.478186312911596 ], [ -3.831254697237393, 40.478051611459655 ], [ -3.830880345911883, 40.477945202762257 ], [ -3.830689144276321, 40.477890810240567 ], [ -3.830574890267358, 40.477857666900647 ], [ -3.830251418060067, 40.477763322796264 ], [ -3.8299648192117, 40.477683667779672 ], [ -3.82978461528943, 40.477631266826627 ], [ -3.829574817293365, 40.477570699731473 ], [ -3.829271639574622, 40.477485846731732 ], [ -3.829245594222524, 40.477478466126179 ], [ -3.828863328830582, 40.477370845501412 ], [ -3.828731097229451, 40.477333865338288 ], [ -3.828705290137797, 40.477326663080149 ], [ -3.828526382407289, 40.477273980595285 ], [ -3.828482217792007, 40.477260964006064 ], [ -3.828472273348097, 40.477258152440051 ], [ -3.828201275428833, 40.477180453248074 ], [ -3.82782341564646, 40.477075861528199 ], [ -3.82774351107199, 40.477053730475561 ], [ -3.827516218244892, 40.476989951625974 ], [ -3.827111689356046, 40.47687500719158 ], [ -3.826700530527386, 40.476757946620197 ], [ -3.826592916054901, 40.476727274328859 ], [ -3.826504362287328, 40.476702051155783 ], [ -3.826126355611292, 40.476594571162316 ], [ -3.825678264339814, 40.476467050319258 ], [ -3.825186143643938, 40.476327679169017 ], [ -3.82468986974083, 40.476186264400738 ], [ -3.824567697054325, 40.476151459905864 ], [ -3.82382730984533, 40.475939888947906 ], [ -3.823506857887213, 40.475849827730805 ], [ -3.823383271959678, 40.475815122137142 ], [ -3.82332419543571, 40.475798065702051 ], [ -3.82295671817034, 40.475692302070748 ], [ -3.822696156240793, 40.475618029980971 ], [ -3.822501889621944, 40.475562744781037 ], [ -3.821932213999303, 40.475399046108691 ], [ -3.821737706118702, 40.475343221700484 ], [ -3.821247840598827, 40.47520363749527 ], [ -3.82086758506941, 40.475094174245285 ], [ -3.820567240366897, 40.475007747577486 ], [ -3.820217323027871, 40.474909418013254 ], [ -3.820215074104447, 40.47490880334918 ], [ -3.820100364803325, 40.474876283463459 ], [ -3.819708551726132, 40.474766808302363 ], [ -3.819328317439851, 40.474658782142384 ], [ -3.819247226790681, 40.474635662617878 ], [ -3.81916566444098, 40.474612456290281 ], [ -3.818901428938401, 40.474537305257627 ], [ -3.81887977858654, 40.474531147909595 ], [ -3.818711796033619, 40.474483147482403 ], [ -3.818302080377078, 40.47436595659056 ], [ -3.817841324492564, 40.474232549011916 ], [ -3.817655343646695, 40.474178908692686 ], [ -3.817604319595421, 40.474164133770792 ], [ -3.817490820782462, 40.474133945038965 ], [ -3.817316132989789, 40.474087252150035 ], [ -3.816812424250251, 40.473942792051609 ], [ -3.816458349827348, 40.47384132731549 ], [ -3.816148284779446, 40.473750002874723 ], [ -3.815978898192759, 40.473702638996741 ], [ -3.81587544259832, 40.473673639015161 ], [ -3.815634916033749, 40.473606236459268 ], [ -3.814732989833296, 40.473347637430251 ], [ -3.814563834617548, 40.473299730204261 ], [ -3.8144500787976, 40.473267467333052 ], [ -3.814140875099838, 40.473178743098728 ], [ -3.813740049096955, 40.47306372647494 ], [ -3.813640370055682, 40.473034697894882 ], [ -3.813522935520572, 40.473000659121197 ], [ -3.813249971612255, 40.472923389001814 ], [ -3.813087567024252, 40.472877503256612 ], [ -3.812917232379616, 40.472829421729031 ], [ -3.812758156109636, 40.472785494071786 ], [ -3.812652338697575, 40.47275605735512 ], [ -3.812582266003777, 40.472736460133461 ], [ -3.812545917475513, 40.472725453626467 ], [ -3.812488492290578, 40.472707929573012 ], [ -3.812387644501547, 40.472679718926564 ], [ -3.812333906442842, 40.472664690476435 ], [ -3.811942499465692, 40.47255743915138 ], [ -3.810727297292651, 40.47221163786827 ], [ -3.81025393426057, 40.472077027091771 ], [ -3.806057043300263, 40.470880852619239 ], [ -3.805545340654513, 40.470734687255934 ], [ -3.805056012998036, 40.470595030375542 ], [ -3.803800845956368, 40.470235470477533 ], [ -3.803069579317286, 40.47002604485732 ], [ -3.802866582816792, 40.469967904309208 ], [ -3.802628426022284, 40.469899286947687 ], [ -3.802358797937484, 40.469822779534788 ], [ -3.802092851716705, 40.469748227002732 ], [ -3.801821929498264, 40.469671907491453 ], [ -3.801039662381227, 40.469447957134236 ], [ -3.800179397811461, 40.469201658786666 ], [ -3.800137331683676, 40.469215463401255 ], [ -3.800004435620955, 40.469259084754178 ], [ -3.799407474047547, 40.469371768227198 ], [ -3.799385808367863, 40.469375071199387 ], [ -3.799364130936516, 40.469377383266497 ], [ -3.799234222222524, 40.469384406818229 ], [ -3.7991600830621, 40.469389332934988 ], [ -3.798888371396886, 40.469405263432598 ], [ -3.798337863087489, 40.469436540824276 ], [ -3.797644718076286, 40.469475915294716 ], [ -3.796814071632374, 40.469628755165488 ], [ -3.796261444687855, 40.469730577203997 ], [ -3.796099775197235, 40.469765293274563 ], [ -3.795634502021186, 40.469852456677785 ], [ -3.795626380316717, 40.469853954014418 ], [ -3.795524098772807, 40.469873125452445 ], [ -3.795506575947554, 40.469877660433646 ], [ -3.795429076989898, 40.469897832375509 ], [ -3.795273217261331, 40.469935029808489 ], [ -3.795146636064934, 40.469964368020719 ], [ -3.795001470407909, 40.469998158212213 ], [ -3.794592118666587, 40.470096103838394 ], [ -3.794457396933916, 40.47013540708403 ], [ -3.794359000575279, 40.470164011064561 ], [ -3.793394471830197, 40.470478643238863 ], [ -3.793379429975773, 40.470483522125505 ], [ -3.793323406760438, 40.470504356042596 ], [ -3.792499614870497, 40.470770270049762 ], [ -3.792443303463719, 40.470786601051429 ], [ -3.792400993519484, 40.470799954078053 ], [ -3.792343051770951, 40.470818188984495 ], [ -3.792300896786475, 40.470834693136865 ], [ -3.792264729931439, 40.470848814806459 ], [ -3.792187913573744, 40.470886997758164 ], [ -3.79217266737708, 40.470894579666556 ], [ -3.792128079729775, 40.470914885080575 ], [ -3.791898685435062, 40.471019066914351 ], [ -3.79171634367184, 40.471122116093298 ], [ -3.791499549073974, 40.471244589944725 ], [ -3.7910798909085, 40.471490791515322 ], [ -3.791005613628632, 40.471534361659764 ], [ -3.790996699750872, 40.471538746950316 ], [ -3.790941923176984, 40.471565427886809 ], [ -3.789905517590288, 40.471960613091142 ], [ -3.789299247142465, 40.472158082046022 ], [ -3.788819185576954, 40.472314237337862 ], [ -3.788499485282545, 40.472413893629628 ], [ -3.788248741451059, 40.472488934847448 ], [ -3.788112834727244, 40.472528509052054 ], [ -3.78766314299677, 40.47265931754383 ], [ -3.787546021437695, 40.472691285650676 ], [ -3.787469588018012, 40.472712166614315 ], [ -3.787456656877589, 40.472716038466672 ], [ -3.787245635271611, 40.47277837454866 ], [ -3.786753267739668, 40.472911902583661 ], [ -3.786041875345592, 40.473109708727961 ], [ -3.78587321314446, 40.473150669719317 ], [ -3.785480877267315, 40.473245950307948 ], [ -3.784008667114591, 40.47361304837623 ], [ -3.783228211931166, 40.47380770209918 ], [ -3.782865337296155, 40.473949616091382 ], [ -3.782676736858694, 40.474023414386181 ], [ -3.781943836973195, 40.474311700522165 ], [ -3.780966533289102, 40.474633524420128 ], [ -3.780262929939744, 40.474620522654604 ], [ -3.779903630899807, 40.474613575715665 ], [ -3.779117710739752, 40.47460283320283 ], [ -3.778955020545271, 40.474601946923265 ], [ -3.778842234174657, 40.474601264676735 ], [ -3.778737464862818, 40.474600258035629 ], [ -3.778399799861255, 40.474597124582544 ], [ -3.778216933100442, 40.474595921800287 ], [ -3.77812880256415, 40.474595343109009 ], [ -3.777881508203581, 40.474592771749464 ], [ -3.7777467675482, 40.474591065030509 ], [ -3.777338652737574, 40.474586059301295 ], [ -3.77699747181702, 40.474584927361583 ], [ -3.776869352584612, 40.474584526445021 ], [ -3.776789717341481, 40.474584069808927 ], [ -3.776735329948818, 40.474583803801806 ], [ -3.775685333410355, 40.474567784479021 ], [ -3.772746315247207, 40.474523032752131 ], [ -3.772471629543626, 40.474518380714137 ], [ -3.772351422918912, 40.474518821896162 ], [ -3.772248203906247, 40.474519151251968 ], [ -3.772025918650692, 40.474516489445591 ], [ -3.771711602004116, 40.474512550762043 ], [ -3.771551012566444, 40.474509657165555 ], [ -3.771467827360329, 40.474508139487867 ], [ -3.771062359293421, 40.474497238118467 ], [ -3.770855336457891, 40.474477806615361 ], [ -3.770329336455848, 40.474428426657028 ], [ -3.769583395900459, 40.474364651467894 ], [ -3.769446576959737, 40.474346282382371 ], [ -3.769344613277998, 40.474332545951029 ], [ -3.769050836882335, 40.474319363377617 ], [ -3.768917971661914, 40.474306192538798 ], [ -3.768737983567699, 40.474288379166588 ], [ -3.768555012807327, 40.474277972672482 ], [ -3.768328014837805, 40.47425506588965 ], [ -3.76810857574775, 40.47423291923019 ], [ -3.768093576244621, 40.474231397304294 ], [ -3.76762025614882, 40.474187420617532 ], [ -3.76686445602577, 40.474117206911863 ], [ -3.766473114645152, 40.474082682382715 ], [ -3.76646032573051, 40.474078442904634 ], [ -3.766450969966774, 40.474075261730647 ], [ -3.766431097439404, 40.474060168413203 ], [ -3.765915612008441, 40.473938896512074 ], [ -3.76586794414201, 40.473927680950133 ], [ -3.763632742288274, 40.473402274081366 ], [ -3.763549562051014, 40.473390750747804 ], [ -3.763594877217512, 40.472516941265269 ], [ -3.763475782574841, 40.472438088110643 ], [ -3.763413676172679, 40.472422731802588 ], [ -3.763362961462214, 40.472423697391129 ], [ -3.763210583583516, 40.472426683854295 ], [ -3.763135036535609, 40.472422407953147 ], [ -3.763031395296952, 40.472416424699219 ], [ -3.76277251421492, 40.472358581697549 ], [ -3.762589675825306, 40.472317624566124 ], [ -3.762513095589413, 40.472305426308388 ], [ -3.762411460644625, 40.472289068982839 ], [ -3.7622693034029, 40.472288384110151 ], [ -3.761971853334268, 40.472293585973041 ], [ -3.761561415057685, 40.472300882048671 ], [ -3.761064985538015, 40.472308742928703 ], [ -3.760807630690687, 40.47231277777891 ], [ -3.760480693737712, 40.472328980624717 ], [ -3.760390083061521, 40.472327774090139 ], [ -3.760251354819426, 40.47230688325233 ], [ -3.760240601531056, 40.472305152195943 ], [ -3.760211211783315, 40.472303723897383 ], [ -3.760096013978365, 40.472298174378253 ], [ -3.75996152236585, 40.472276264347073 ], [ -3.759902811961201, 40.472279533224679 ], [ -3.7598708627039, 40.472281274796089 ], [ -3.759838370520209, 40.4722870730496 ], [ -3.759727703522111, 40.47230671840628 ], [ -3.759662924874543, 40.472336783598365 ], [ -3.759601079887149, 40.472365478133099 ], [ -3.759505205203857, 40.472441512106855 ], [ -3.759498776386298, 40.472446779536568 ], [ -3.759474233805344, 40.472456760551346 ], [ -3.759433605061082, 40.472473423783597 ], [ -3.759331551860433, 40.47248283206202 ], [ -3.759230052025674, 40.472530794873734 ], [ -3.75917473622862, 40.472552688685674 ], [ -3.759098631079647, 40.472582647778964 ], [ -3.75904631414719, 40.472598485844664 ], [ -3.759010457595261, 40.472609441956351 ], [ -3.758894889484943, 40.472633803349872 ], [ -3.758860213805093, 40.472634391381796 ], [ -3.75879958931848, 40.472635329041864 ], [ -3.758773431468059, 40.472627482813493 ], [ -3.75871448240538, 40.472609580747616 ], [ -3.758613018605014, 40.472566462408942 ], [ -3.758424748760459, 40.472556344905605 ], [ -3.758391164129236, 40.472559538229667 ], [ -3.758288172039924, 40.472569402194807 ], [ -3.758262301843772, 40.473353082903692 ], [ -3.758290755480914, 40.473533526332126 ], [ -3.758371795753612, 40.473669571009609 ], [ -3.758452448048234, 40.473750033029845 ], [ -3.758595421825219, 40.473833690442412 ], [ -3.759104239283468, 40.474065938837569 ], [ -3.759189022451079, 40.474104661828449 ], [ -3.759174021120587, 40.474102957676592 ], [ -3.75898562519856, 40.474082032105713 ], [ -3.758850572374072, 40.474083908074221 ], [ -3.758691770208879, 40.47410341802231 ], [ -3.758572251084181, 40.47414393102558 ], [ -3.758562045254706, 40.474149043012858 ], [ -3.75845635152462, 40.474201987579185 ], [ -3.758398902949796, 40.474244166021307 ], [ -3.75836719697777, 40.474267617119366 ], [ -3.758304204936742, 40.474341363164726 ], [ -3.758274863777626, 40.474375788723293 ], [ -3.758257979892549, 40.474405989338905 ], [ -3.758203625323311, 40.47450301180627 ], [ -3.758185371443056, 40.474558356329716 ], [ -3.758154566471303, 40.474651441434332 ], [ -3.757802433432411, 40.478368055542397 ], [ -3.757765977678743, 40.47853586157008 ], [ -3.757762614859891, 40.478551559156422 ], [ -3.75773363422913, 40.478618235064623 ], [ -3.757697286847584, 40.478701265423396 ], [ -3.757596916968846, 40.478861380543449 ], [ -3.757510802892069, 40.478998700536948 ], [ -3.757500137005288, 40.479036427768136 ], [ -3.757473240358241, 40.479131108618972 ], [ -3.757452907127972, 40.479306015104768 ], [ -3.757574742164186, 40.479712242665997 ], [ -3.757420712504901, 40.479748205938485 ], [ -3.757349168487182, 40.479764889948072 ], [ -3.757343865874939, 40.479765465230884 ], [ -3.757184651431802, 40.479781011896378 ], [ -3.757137735018262, 40.47977402112349 ], [ -3.757120480915066, 40.479771431475712 ], [ -3.757083199674982, 40.479760955069551 ], [ -3.757058818753779, 40.479754087811216 ], [ -3.757055009281119, 40.479751049728812 ], [ -3.757033939206767, 40.479734340145178 ], [ -3.756943498470266, 40.479717634464031 ], [ -3.756871404184762, 40.479716845361523 ], [ -3.756839179952731, 40.479715433876336 ], [ -3.756768711126892, 40.47971220165477 ], [ -3.756750332981696, 40.479714574222392 ], [ -3.756658681201421, 40.479726704819235 ], [ -3.756563715907014, 40.479727325605289 ], [ -3.756511897059496, 40.47971451086584 ], [ -3.756373609703087, 40.479597398088842 ], [ -3.756240564056614, 40.479484754408816 ], [ -3.756227646658772, 40.479479613750939 ], [ -3.756195653311361, 40.479467119592336 ], [ -3.756133628652682, 40.47944896700011 ], [ -3.756104119899097, 40.47944771772255 ], [ -3.756054548122853, 40.479445879870752 ], [ -3.756043021395578, 40.479449018309793 ], [ -3.755966216338654, 40.479469879986745 ], [ -3.755910275153159, 40.479510245523301 ], [ -3.755910544688944, 40.47952375715424 ], [ -3.75591211929903, 40.479601133556905 ], [ -3.755908429618727, 40.479629806083274 ], [ -3.755878230889943, 40.479661715020619 ], [ -3.755853707378007, 40.47967367710168 ], [ -3.755833172634059, 40.479683631127791 ], [ -3.755776793127188, 40.479695350170445 ], [ -3.755763600610313, 40.47969723822456 ], [ -3.755668073821092, 40.47971101588341 ], [ -3.755613635962145, 40.479717136615456 ], [ -3.755600086493739, 40.479718756716721 ], [ -3.755590291889285, 40.479718550482779 ], [ -3.755548642305069, 40.479718191238923 ], [ -3.755529410038684, 40.479718046695972 ], [ -3.755518555717309, 40.479718027561958 ], [ -3.755490431207878, 40.479713977212093 ], [ -3.75547069575407, 40.479711043180565 ], [ -3.755411136317197, 40.479691792114814 ], [ -3.755353615905893, 40.479675410549362 ], [ -3.755314318534945, 40.479674496213022 ], [ -3.755168871040493, 40.479686797005719 ], [ -3.755117014250241, 40.47968109894196 ], [ -3.755081273037016, 40.479671152362812 ], [ -3.755047898313005, 40.479661820937501 ], [ -3.754948200716356, 40.479619137460496 ], [ -3.754889637661766, 40.479594024713428 ], [ -3.754800658438012, 40.47954974048281 ], [ -3.754632757104084, 40.479505970618135 ], [ -3.754590846288326, 40.479492911044453 ], [ -3.754531179576193, 40.479474471027437 ], [ -3.754506523736367, 40.479464091541587 ], [ -3.754485661098474, 40.479455307994705 ], [ -3.754470624379924, 40.479440000884438 ], [ -3.754465731120754, 40.479434987826494 ], [ -3.754447260184373, 40.479429072418256 ], [ -3.754416594948549, 40.479419362765718 ], [ -3.754391062936953, 40.479415024056323 ], [ -3.754365415156447, 40.479410777087111 ], [ -3.754347572403635, 40.479408280956072 ], [ -3.754311885893546, 40.479403198602945 ], [ -3.75425879726636, 40.479382283101124 ], [ -3.754245288158477, 40.479376965003205 ], [ -3.754248558333342, 40.479257935695969 ], [ -3.754286219064837, 40.479091565241696 ], [ -3.754328048038089, 40.478907510062086 ], [ -3.75433951423339, 40.47885680413394 ], [ -3.754413969896982, 40.478657491050313 ], [ -3.754484518025017, 40.478520274957887 ], [ -3.754487031354197, 40.478323142231822 ], [ -3.754488186808796, 40.478310432095519 ], [ -3.754499440879058, 40.478188107425879 ], [ -3.754449171267497, 40.47806050784898 ], [ -3.754368569942079, 40.478068960921085 ], [ -3.754084582039853, 40.478098740048466 ], [ -3.753541126468508, 40.47814633374356 ], [ -3.753553637407891, 40.478210125501704 ], [ -3.753559396336243, 40.478239817429092 ], [ -3.751510353634223, 40.478459177098209 ], [ -3.751511795126897, 40.478419168065749 ], [ -3.751723936045636, 40.476854734006793 ], [ -3.751758832515382, 40.476598742470806 ], [ -3.751787115413707, 40.47617270522899 ], [ -3.751747811151116, 40.475610079847414 ], [ -3.751627143383718, 40.474542669518343 ], [ -3.751557513831456, 40.474137987637711 ], [ -3.7515209329365, 40.473925343369132 ], [ -3.751498975289977, 40.473807468134041 ], [ -3.751470745104647, 40.473656030330098 ], [ -3.751346720458371, 40.473133593797478 ], [ -3.750717129130934, 40.471077686591684 ], [ -3.750586642484891, 40.470651957835955 ], [ -3.750315874194257, 40.470117949422715 ], [ -3.750362276640873, 40.470312692752174 ], [ -3.750426372203968, 40.470581465699198 ], [ -3.750658257332599, 40.471553923157593 ], [ -3.750689661979471, 40.471842366623441 ], [ -3.750687672787401, 40.472076974208598 ], [ -3.75066177723434, 40.472315248737573 ], [ -3.750566067617446, 40.472619112186933 ], [ -3.750469353602184, 40.472843432213438 ], [ -3.750374885143765, 40.473004494807512 ], [ -3.750269681572787, 40.473154996456856 ], [ -3.750184893208343, 40.473263743295206 ], [ -3.750053932460197, 40.473410718255394 ], [ -3.749960953762964, 40.473504383057382 ], [ -3.749846374358433, 40.473607558123639 ], [ -3.749717889291571, 40.473712083627383 ], [ -3.749571030198617, 40.473819160564396 ], [ -3.749439239944502, 40.473902356004139 ], [ -3.749318185612482, 40.473975032221723 ], [ -3.749190815172043, 40.474041892541976 ], [ -3.749002115826189, 40.474131491444929 ], [ -3.748851570315553, 40.474193636745539 ], [ -3.748605178934816, 40.47428288806455 ], [ -3.74835293883259, 40.474344699462172 ], [ -3.748137218342765, 40.474380688537344 ], [ -3.747888142441246, 40.474419415554074 ], [ -3.747468089671841, 40.474475913533396 ], [ -3.747294035110051, 40.47448208224575 ], [ -3.746617219621558, 40.474479964477467 ], [ -3.746260510546725, 40.474472084489918 ], [ -3.745702455790964, 40.474466762985948 ], [ -3.744686578993905, 40.474452403988749 ], [ -3.743646013670774, 40.474435040880714 ], [ -3.74322665736742, 40.474426653693662 ], [ -3.742258380422204, 40.474406742063337 ], [ -3.741471205153786, 40.47436692384769 ], [ -3.741416908039159, 40.474364118134808 ], [ -3.741304184179196, 40.474358443930782 ], [ -3.740833223520944, 40.474302270374153 ], [ -3.740286067490459, 40.474193520281673 ], [ -3.739373481084522, 40.473980345386877 ], [ -3.737561454402022, 40.473557134143235 ], [ -3.735953417187467, 40.473177371944267 ], [ -3.735667080680941, 40.47310973315799 ], [ -3.734895879939542, 40.472953642204367 ], [ -3.734631641963706, 40.472900185459068 ], [ -3.73436564462259, 40.472858450016169 ], [ -3.733944018628288, 40.472792296188501 ], [ -3.733563412386598, 40.472744619093206 ], [ -3.733416370902982, 40.472728793797032 ], [ -3.73320744484014, 40.472706333928734 ], [ -3.732418198312642, 40.472658268972445 ], [ -3.732232818295135, 40.472653225577524 ], [ -3.731931916493786, 40.472645128844526 ], [ -3.731388286223966, 40.47263045770373 ], [ -3.730387410872395, 40.472658670503144 ], [ -3.729587216122738, 40.472732365381155 ], [ -3.729249038879776, 40.47277900109048 ], [ -3.72853086455588, 40.472877938519645 ], [ -3.728001141232642, 40.472960460431864 ], [ -3.72042867233749, 40.471111363079523 ], [ -3.720072424291343, 40.471023128650671 ], [ -3.719699483566815, 40.470929323223309 ], [ -3.717642597551623, 40.470412186091487 ], [ -3.715701888515923, 40.469924024265538 ], [ -3.714540292712338, 40.469631922806748 ], [ -3.714209797407996, 40.469478918611628 ], [ -3.714035428256864, 40.469320714859194 ], [ -3.713790801269889, 40.46904420666462 ], [ -3.713645761675321, 40.468893029245521 ], [ -3.713519808952815, 40.468761823792654 ], [ -3.713367733220205, 40.468603302102913 ], [ -3.713277613072681, 40.468514128139503 ], [ -3.712771584848754, 40.468013281337029 ], [ -3.711389430888556, 40.466264851431212 ], [ -3.71117084484223, 40.466140338624896 ], [ -3.711012718435932, 40.466066895590579 ], [ -3.710922179233571, 40.466004478938821 ], [ -3.70980077781291, 40.464826768429482 ], [ -3.709422183494004, 40.464280350225941 ], [ -3.709344573101566, 40.464157133415931 ], [ -3.709269006884325, 40.464037595882033 ], [ -3.709106922068887, 40.46348579735853 ], [ -3.708522640218317, 40.462591357252577 ], [ -3.708510743992151, 40.462559268148532 ], [ -3.708490832667327, 40.462505246283634 ], [ -3.708474471640163, 40.462407328065567 ], [ -3.708483621647191, 40.462301416574583 ], [ -3.708519532523792, 40.462216782398301 ], [ -3.708538873408707, 40.462171618987092 ], [ -3.708602548388209, 40.462057715612133 ], [ -3.709032319789687, 40.461291479683638 ], [ -3.709817319557046, 40.460086758415414 ], [ -3.710513734113755, 40.459018071179003 ], [ -3.711502060746112, 40.457493621687519 ], [ -3.712196108199512, 40.456462776246227 ], [ -3.712866912648796, 40.455466394063976 ], [ -3.713126475416959, 40.454895784915017 ], [ -3.713021711754477, 40.454613097834176 ], [ -3.712899841358636, 40.454385650214782 ], [ -3.712788439708544, 40.454177957662715 ], [ -3.712677779378022, 40.453917467786589 ], [ -3.713271727659484, 40.453039032967808 ], [ -3.711941866850899, 40.452396228535605 ], [ -3.711729650119088, 40.452289966300562 ], [ -3.710989471315691, 40.451121270225045 ], [ -3.710338417835934, 40.450093284223051 ], [ -3.71029006098096, 40.450070157096022 ], [ -3.710187184011851, 40.450021058670799 ], [ -3.70987044412528, 40.449517595377387 ], [ -3.708969663482148, 40.448085546163789 ], [ -3.708889795628249, 40.447958827198285 ], [ -3.708307460111661, 40.447090499260433 ], [ -3.709208597806785, 40.447133539812874 ], [ -3.710446409270416, 40.446863335820517 ], [ -3.712288953763257, 40.446396154591632 ], [ -3.714751360727765, 40.445771695237113 ], [ -3.715519864370715, 40.446018659450814 ], [ -3.715710039731903, 40.446093700044315 ], [ -3.717122062207473, 40.44663126875956 ], [ -3.717270449904441, 40.446679718299819 ], [ -3.717437082986814, 40.446714001285891 ], [ -3.717668224726798, 40.446726712424919 ], [ -3.718000439064982, 40.446696363908913 ], [ -3.718190943727607, 40.44666896521727 ], [ -3.718987869277468, 40.445939691894367 ], [ -3.719583098031723, 40.445394730588937 ], [ -3.719781239332499, 40.445210345075495 ], [ -3.719855498633563, 40.445141235038392 ], [ -3.719886003745073, 40.445093657764794 ], [ -3.71991638312065, 40.445034189393994 ], [ -3.719920541441067, 40.444992902304797 ], [ -3.719925791400033, 40.444943410232092 ], [ -3.719789078280091, 40.443755608474106 ], [ -3.719589185130739, 40.44346549931867 ], [ -3.719165330966153, 40.442850474738293 ], [ -3.718158124998567, 40.44096780687719 ], [ -3.717882983389456, 40.440430413605249 ], [ -3.717651915395358, 40.439978872982849 ], [ -3.717640149415693, 40.43993687398406 ], [ -3.717617481122701, 40.439856473320653 ], [ -3.717596277869423, 40.439636515004594 ], [ -3.717599538174996, 40.439499466929234 ], [ -3.717608480016972, 40.439431123178082 ], [ -3.717634437907511, 40.43923321441487 ], [ -3.718074947298418, 40.436639486321901 ], [ -3.718122903677263, 40.436370539823223 ], [ -3.718270897616302, 40.435541691628117 ], [ -3.718406256478945, 40.434777786527562 ], [ -3.717233377628084, 40.433101001154768 ], [ -3.7172699169257, 40.433100144724243 ], [ -3.717613032861223, 40.433092342393387 ], [ -3.71795876581045, 40.432997945276107 ], [ -3.717608727174519, 40.432520745416532 ], [ -3.717480363420107, 40.43234550420938 ], [ -3.717169691985083, 40.431922203703309 ], [ -3.716992875966616, 40.431680415603232 ], [ -3.716228339682088, 40.430647668298015 ], [ -3.716195794920183, 40.430602644653334 ], [ -3.715595782756464, 40.429774009826964 ], [ -3.714527522241789, 40.428321055097847 ], [ -3.714132453993201, 40.427783761164306 ], [ -3.713896944113725, 40.427463231430394 ], [ -3.713173871196542, 40.426407143804781 ], [ -3.712457284112837, 40.425360381731572 ], [ -3.711707728055124, 40.424303817917853 ], [ -3.710894267631762, 40.423434128884416 ], [ -3.710917008734835, 40.423422097128281 ], [ -3.711162838568748, 40.423292298433175 ], [ -3.711722018851081, 40.422963724205509 ], [ -3.713042917613715, 40.422187483213811 ], [ -3.713174757453032, 40.422058381409315 ], [ -3.713331795947794, 40.421904530224559 ], [ -3.713381727517191, 40.421821789496626 ], [ -3.713896283217111, 40.421477804351277 ], [ -3.715504057769815, 40.420402916663612 ], [ -3.715504763069916, 40.420402732118028 ], [ -3.715979394239273, 40.42035340085404 ], [ -3.716802279279563, 40.420342181182733 ], [ -3.718060480160915, 40.42028704097163 ], [ -3.720189312186263, 40.420254849010398 ], [ -3.720195215846377, 40.420244722118994 ], [ -3.720298480289168, 40.420068402681117 ], [ -3.720400005989958, 40.419894887682148 ], [ -3.720699465132987, 40.419469417527381 ], [ -3.721066669197463, 40.419118660322198 ], [ -3.721509930014997, 40.418770940844141 ], [ -3.721842769512381, 40.418580396047851 ], [ -3.722053178397043, 40.418459803456734 ], [ -3.722160745423841, 40.418036067360767 ], [ -3.722379148053272, 40.417174969818689 ], [ -3.724860541879778, 40.416164584855807 ], [ -3.726217733216529, 40.415665984446164 ], [ -3.729575053991644, 40.414432429333083 ], [ -3.732799787720237, 40.4132871859373 ], [ -3.734184283259279, 40.412795524405503 ], [ -3.73791942177751, 40.411465996335082 ], [ -3.738527954715772, 40.411058327512109 ], [ -3.741853510909674, 40.409205968866708 ], [ -3.741986174098305, 40.409255929483102 ], [ -3.742072804965989, 40.40928870785843 ], [ -3.742233291464239, 40.409350202266246 ], [ -3.742363893577449, 40.409394770252931 ], [ -3.742450798960141, 40.409420429438057 ], [ -3.742543025405234, 40.409447676011922 ], [ -3.742878593786218, 40.409536514437846 ], [ -3.743046131722193, 40.409563818139461 ], [ -3.743135435033648, 40.40957171358685 ], [ -3.743183916367841, 40.409575546127442 ], [ -3.743202435446225, 40.409576959526859 ], [ -3.743255663346042, 40.40957301375137 ], [ -3.743328791604688, 40.409567589557376 ], [ -3.743558683426059, 40.409520707577954 ], [ -3.743859063736152, 40.409453371595198 ], [ -3.743937113654279, 40.409434581972015 ], [ -3.744404231192646, 40.40932193902583 ], [ -3.744468433818335, 40.409298012052496 ], [ -3.744496718052012, 40.409287199261364 ], [ -3.744574507773838, 40.409255527955153 ], [ -3.744607601289253, 40.409221260659464 ], [ -3.744667208291596, 40.409143849468272 ], [ -3.747475141023849, 40.408774130225986 ], [ -3.747888678568823, 40.408719657631053 ], [ -3.749866301454469, 40.408445961138497 ], [ -3.750542037863579, 40.408357708773913 ], [ -3.750641950015689, 40.408344628585766 ], [ -3.75075053186992, 40.408326807316513 ], [ -3.750879463824298, 40.408305610532558 ], [ -3.752063934449274, 40.40773746693921 ], [ -3.752654520365176, 40.407454167095096 ], [ -3.754911893678137, 40.406307118390288 ], [ -3.755689041812477, 40.405899973534922 ], [ -3.755950952782434, 40.405809615156542 ], [ -3.756115261743741, 40.405769892880343 ], [ -3.7562799031181, 40.405749357456905 ], [ -3.756501569582133, 40.405738179372705 ], [ -3.756723190367382, 40.405712406514063 ], [ -3.756881189689757, 40.405677590229097 ], [ -3.75705800660829, 40.405618325203335 ], [ -3.757354059184087, 40.40545152269636 ], [ -3.757658894974784, 40.405279796992311 ], [ -3.759755257385408, 40.404060103859003 ], [ -3.759860014699306, 40.403965000677452 ], [ -3.760226634020113, 40.403640248935602 ], [ -3.760444468331646, 40.403362419885667 ], [ -3.760805306481293, 40.402880496474495 ], [ -3.762274968985739, 40.400991534236987 ], [ -3.762392132162167, 40.400931483131657 ], [ -3.762736795814654, 40.400689481070309 ], [ -3.764358797267938, 40.399401476102788 ], [ -3.764745460901935, 40.399300633354621 ], [ -3.765503396061972, 40.399103099958694 ], [ -3.765625293531884, 40.39927436751821 ], [ -3.767010634719774, 40.399236458969213 ], [ -3.769280807437307, 40.399622299879795 ], [ -3.770646965690225, 40.399534474259738 ], [ -3.773692923241613, 40.400282543183813 ], [ -3.773844923204785, 40.400301977429798 ], [ -3.774554343403906, 40.400314621095319 ], [ -3.774600529205479, 40.400313948631521 ] ] ] } },
{ "type": "Feature", "properties": { "district": "Latina", "admin_level": "9" }, "geometry": { "type": "Polygon", "coordinates": [ [ [ -3.771623710212708, 40.359824628948935 ], [ -3.772353638325377, 40.359766005554938 ], [ -3.77343115843381, 40.360544498654463 ], [ -3.776747455561775, 40.361274467409125 ], [ -3.780318136035369, 40.361864877313941 ], [ -3.780768597545486, 40.361682970369912 ], [ -3.780934278546785, 40.361625098884147 ], [ -3.781015285800835, 40.361601163321829 ], [ -3.781124489147946, 40.361582338219968 ], [ -3.781238132059592, 40.361575719187009 ], [ -3.781352886155177, 40.361555994202227 ], [ -3.781451425611056, 40.361529369586286 ], [ -3.781551342392192, 40.361489339044518 ], [ -3.781630368506296, 40.361453692896006 ], [ -3.781701953330681, 40.361416081654674 ], [ -3.781855242661736, 40.361347664569955 ], [ -3.78199663623557, 40.361278803388707 ], [ -3.782493363861674, 40.361052034080274 ], [ -3.782932435244792, 40.360832380970841 ], [ -3.783393003596045, 40.360606679617959 ], [ -3.783817922208151, 40.360407132732824 ], [ -3.784077687387637, 40.36028047510711 ], [ -3.78445921954606, 40.36009470572872 ], [ -3.784709754471978, 40.359953272199263 ], [ -3.784868094886734, 40.359892606118336 ], [ -3.785142540523524, 40.359778710568278 ], [ -3.785592904527281, 40.359586151153408 ], [ -3.78601766511499, 40.35940270283168 ], [ -3.78667767148932, 40.35910637978067 ], [ -3.786874286698878, 40.359017672828877 ], [ -3.787080558002506, 40.358918197012628 ], [ -3.787219619643314, 40.358861051743332 ], [ -3.787391705247536, 40.358794866067214 ], [ -3.787506497560946, 40.358756618312334 ], [ -3.787764551297434, 40.35869592961641 ], [ -3.787841421953702, 40.358706041233262 ], [ -3.787908658710303, 40.358727035663478 ], [ -3.788044691484088, 40.358769014682252 ], [ -3.788418698710764, 40.358910677940194 ], [ -3.788912953502527, 40.359076547068746 ], [ -3.789554609934238, 40.359323644743263 ], [ -3.789970908565819, 40.359484082884052 ], [ -3.790351335307215, 40.359641188954818 ], [ -3.790838354506817, 40.359853581709572 ], [ -3.791157778165613, 40.359989648866311 ], [ -3.791469356285461, 40.360121002111107 ], [ -3.79161291384246, 40.36019591583581 ], [ -3.791840680362082, 40.360298427006406 ], [ -3.791984871198553, 40.360371333206146 ], [ -3.792143124890245, 40.360447718614232 ], [ -3.792309237452622, 40.360530008582245 ], [ -3.792412658788644, 40.360580549171715 ], [ -3.792519264843531, 40.360637025561225 ], [ -3.792644734492173, 40.360707676312451 ], [ -3.792785825032318, 40.360781794656198 ], [ -3.793006926329832, 40.360903037673317 ], [ -3.793220085937235, 40.361011223792829 ], [ -3.793414425643719, 40.361108812397994 ], [ -3.793571110677338, 40.36118401469129 ], [ -3.79375124821625, 40.361268264909206 ], [ -3.794025779700178, 40.361391454573535 ], [ -3.794273990993685, 40.361494865594452 ], [ -3.794698571643472, 40.36165694143795 ], [ -3.795030487680838, 40.361778402818551 ], [ -3.795157909288742, 40.361816112754298 ], [ -3.795416135505999, 40.361883526875978 ], [ -3.795670743869297, 40.361938990419368 ], [ -3.795831133691659, 40.361969819567221 ], [ -3.796048967724409, 40.362004246834509 ], [ -3.796500610874271, 40.362121695986147 ], [ -3.796726748979602, 40.362169943292749 ], [ -3.796868884601042, 40.362199951697399 ], [ -3.796968031401964, 40.362217741646525 ], [ -3.797135080419418, 40.36224638613335 ], [ -3.797314586768112, 40.362274348994191 ], [ -3.797512661990574, 40.362311543076032 ], [ -3.797842234417784, 40.36236128930814 ], [ -3.798184882657456, 40.362416728192414 ], [ -3.798510629943875, 40.362471295357722 ], [ -3.798749121817921, 40.362503591089343 ], [ -3.799002425131981, 40.362524604614876 ], [ -3.799261651208042, 40.362561249772952 ], [ -3.799612481391753, 40.362623294601988 ], [ -3.799881539689838, 40.362674359711171 ], [ -3.800204046913721, 40.362741948231175 ], [ -3.800486644575304, 40.362810155343574 ], [ -3.800823637495363, 40.362890023060352 ], [ -3.801121951837029, 40.362951124221965 ], [ -3.801364069009845, 40.363003078807751 ], [ -3.801540472347303, 40.363047562153938 ], [ -3.801842085228615, 40.363108222370784 ], [ -3.802053876985064, 40.363157952406738 ], [ -3.802536520750786, 40.363255477143866 ], [ -3.80267898474861, 40.36328654909201 ], [ -3.802857845900224, 40.363331578233101 ], [ -3.802900156591457, 40.363353585600407 ], [ -3.803012216136413, 40.363436486705886 ], [ -3.803094575154349, 40.363498352318231 ], [ -3.803163401294486, 40.363554518109211 ], [ -3.803249624581498, 40.363624299186618 ], [ -3.80332483712463, 40.363685351197276 ], [ -3.803396019792344, 40.363743949148684 ], [ -3.803461967006355, 40.363805886161046 ], [ -3.803552649384532, 40.363886925319314 ], [ -3.803629377950542, 40.363956180181319 ], [ -3.803740569353115, 40.364050016427768 ], [ -3.803847677849944, 40.364142772826455 ], [ -3.803940554566773, 40.364229991971818 ], [ -3.804093108521957, 40.364369064157977 ], [ -3.804210596228372, 40.364461392187373 ], [ -3.806930351254131, 40.36645285186696 ], [ -3.810515235823148, 40.363716507235168 ], [ -3.810895160319172, 40.364596080409399 ], [ -3.811424943086721, 40.36562292908642 ], [ -3.811820978705567, 40.366375510908966 ], [ -3.812076293371466, 40.366979443141894 ], [ -3.812200925602077, 40.367335977101945 ], [ -3.812811192442134, 40.36873233213143 ], [ -3.81321159756535, 40.369603350969484 ], [ -3.81328946891714, 40.369832732133247 ], [ -3.813459843516743, 40.370043248937819 ], [ -3.814208413138306, 40.371013787331769 ], [ -3.814947746928536, 40.371912432076869 ], [ -3.815368998184967, 40.372496768695186 ], [ -3.816647789376918, 40.374009590793847 ], [ -3.81707145516992, 40.374480706724441 ], [ -3.817212278738914, 40.374619775634883 ], [ -3.817544318244379, 40.375001303307215 ], [ -3.817709187166294, 40.375165400862571 ], [ -3.817714952317924, 40.375185489056506 ], [ -3.817744190780528, 40.375198657164994 ], [ -3.817827134395931, 40.3752846423412 ], [ -3.81787786727165, 40.375343790233046 ], [ -3.818001275339228, 40.375461890196597 ], [ -3.818074527303914, 40.375575832212469 ], [ -3.818652108936817, 40.376216182226614 ], [ -3.819156655466721, 40.376782720952171 ], [ -3.819401308449603, 40.377059567740922 ], [ -3.819513667402496, 40.377157591055116 ], [ -3.820135163986263, 40.377819863762767 ], [ -3.820776512925558, 40.378509301284254 ], [ -3.82119425415209, 40.378942293873834 ], [ -3.821370710382828, 40.379164721210607 ], [ -3.821448564712603, 40.379224980247926 ], [ -3.821611704678931, 40.379366138272623 ], [ -3.821957833274571, 40.379676184760228 ], [ -3.822142056862656, 40.379810294819229 ], [ -3.822524851915374, 40.380213970386954 ], [ -3.822767484061881, 40.380488995354632 ], [ -3.822939356477242, 40.380712016794575 ], [ -3.823213688782673, 40.381065784980272 ], [ -3.823354947877623, 40.381299017449372 ], [ -3.823405917956785, 40.381358198978475 ], [ -3.823601670129344, 40.38172829065072 ], [ -3.823675094942728, 40.381862622420677 ], [ -3.823671516415795, 40.38193162484108 ], [ -3.823728854026863, 40.382136975123444 ], [ -3.828861806205843, 40.388328777195554 ], [ -3.828962528862884, 40.388449083552828 ], [ -3.829087835793787, 40.388610287580022 ], [ -3.829200242313753, 40.388757106443627 ], [ -3.829368139686928, 40.38897772477101 ], [ -3.829373375934191, 40.388986777337657 ], [ -3.829496950292498, 40.389150650094656 ], [ -3.829500801556125, 40.389159172047982 ], [ -3.829609016755137, 40.389296398004944 ], [ -3.829614960119833, 40.389306517562687 ], [ -3.829729805718689, 40.389453065234051 ], [ -3.829849531707059, 40.389604676878726 ], [ -3.829856162342536, 40.389612133823917 ], [ -3.829958787805098, 40.38974509233239 ], [ -3.830075737971002, 40.389898831771752 ], [ -3.830082719602806, 40.389908961868819 ], [ -3.83016998182027, 40.390016869118938 ], [ -3.830175213871048, 40.390025660415098 ], [ -3.830229679892448, 40.390098405653262 ], [ -3.830234921035115, 40.390108799589562 ], [ -3.830235626653208, 40.390117326985248 ], [ -3.830232500545846, 40.390128529649743 ], [ -3.830204980679257, 40.390152799394954 ], [ -3.830186872167217, 40.390170136675394 ], [ -3.830186180338419, 40.390175204723064 ], [ -3.830190112873718, 40.390184672017263 ], [ -3.830193100637115, 40.39018331092187 ], [ -3.830239077793243, 40.390242250385789 ], [ -3.830253672741696, 40.39026097808938 ], [ -3.830317183802008, 40.39034193223933 ], [ -3.830335193487821, 40.390364895786718 ], [ -3.830540100147686, 40.390629459325666 ], [ -3.830627194587134, 40.390741507071468 ], [ -3.830687939749483, 40.390819176361795 ], [ -3.830777122917933, 40.39093480359076 ], [ -3.830827166433841, 40.390999144243111 ], [ -3.830850892895936, 40.391029648637264 ], [ -3.830868142007885, 40.391051861704618 ], [ -3.83090640252451, 40.391034180412063 ], [ -3.830907312832971, 40.391033758554009 ], [ -3.830909303710678, 40.391036510022637 ], [ -3.830913830219663, 40.391034472984401 ], [ -3.831655088557088, 40.392041213844465 ], [ -3.83168201164014, 40.392075871658626 ], [ -3.831781058522883, 40.39221146773437 ], [ -3.831840170097186, 40.392290888689509 ], [ -3.831926546014387, 40.392408633391909 ], [ -3.832010842459459, 40.39252770740773 ], [ -3.832093756201799, 40.392646900318432 ], [ -3.832126875952675, 40.392699335105732 ], [ -3.832199093820327, 40.392808292265826 ], [ -3.832301716576547, 40.392968772118849 ], [ -3.832376934689997, 40.393093021122986 ], [ -3.832407984856988, 40.393145377028823 ], [ -3.832512322557034, 40.393327344398003 ], [ -3.832652135535565, 40.393591200584183 ], [ -3.83265759609554, 40.393589509906192 ], [ -3.832703536544273, 40.393653711685452 ], [ -3.832757401077292, 40.393748902407978 ], [ -3.832813867523726, 40.393866001450064 ], [ -3.832817140401502, 40.393873427447005 ], [ -3.832904991883605, 40.394073418627883 ], [ -3.832909726001927, 40.394085636811738 ], [ -3.832971452351395, 40.394245239434291 ], [ -3.833019017024329, 40.394360861946424 ], [ -3.833078983249889, 40.394501800557848 ], [ -3.83311788768007, 40.394602980876314 ], [ -3.833158443602974, 40.394698662779177 ], [ -3.833192368846022, 40.394787806843105 ], [ -3.833224811077417, 40.394868475074155 ], [ -3.833249551433108, 40.394934189750145 ], [ -3.833283573783861, 40.395022684432995 ], [ -3.833314059273137, 40.395094672120315 ], [ -3.833362261478728, 40.395223677297146 ], [ -3.833383614943886, 40.395275479378739 ], [ -3.833408876352194, 40.395340423591207 ], [ -3.833438386149788, 40.395412671427337 ], [ -3.83345967927721, 40.395463392844078 ], [ -3.833456344485191, 40.395473223211802 ], [ -3.834161949083855, 40.396058142675152 ], [ -3.833848264623231, 40.396142833361523 ], [ -3.833774147528015, 40.396152375964014 ], [ -3.833704655601344, 40.396154677946548 ], [ -3.833641021477628, 40.396154235846254 ], [ -3.833561991474104, 40.396147598380757 ], [ -3.833507748646343, 40.396144384894519 ], [ -3.833427486068795, 40.396133250806301 ], [ -3.833363707563934, 40.396121096954161 ], [ -3.83329636984892, 40.396107167812076 ], [ -3.833188830492048, 40.39608181478264 ], [ -3.83288145095274, 40.395999341709086 ], [ -3.832679465435272, 40.395959354025671 ], [ -3.832451636906976, 40.395925856566038 ], [ -3.832318332576174, 40.395913301758611 ], [ -3.832235769481849, 40.395906688817242 ], [ -3.832107322271012, 40.395905809645733 ], [ -3.831995479897401, 40.395913821685269 ], [ -3.831842489576122, 40.395929335973008 ], [ -3.831737795226274, 40.395943601759761 ], [ -3.831601388560995, 40.395966203661551 ], [ -3.831516790390145, 40.395985730131684 ], [ -3.831424009910317, 40.396010720794081 ], [ -3.831252599707695, 40.396061501969747 ], [ -3.830846266185909, 40.39617252898514 ], [ -3.830474756771253, 40.396240961114643 ], [ -3.82984213658033, 40.396348200631607 ], [ -3.829409279719401, 40.396410764187209 ], [ -3.829005658025854, 40.396455096657512 ], [ -3.827222662858212, 40.396439924852551 ], [ -3.827089533576724, 40.396441777215578 ], [ -3.826725705559098, 40.396464197201524 ], [ -3.826480843471738, 40.396483062147389 ], [ -3.826246608569894, 40.396503654243993 ], [ -3.826097172190608, 40.396520937344995 ], [ -3.825614715743435, 40.39657483022345 ], [ -3.825252140481983, 40.396603542051274 ], [ -3.825146100398347, 40.396604297930111 ], [ -3.824699277554336, 40.3965849586315 ], [ -3.824159264479582, 40.39655727374641 ], [ -3.823902267507323, 40.396547391723075 ], [ -3.823790293558319, 40.396544585026682 ], [ -3.823683118026499, 40.39654895126607 ], [ -3.823508839099081, 40.396558299859869 ], [ -3.823380467417284, 40.396563716780562 ], [ -3.823201409638823, 40.396567694422295 ], [ -3.823051939353148, 40.396582270219902 ], [ -3.822237778075987, 40.396684453933155 ], [ -3.820817201363798, 40.396627869438611 ], [ -3.820511985381513, 40.396625527592008 ], [ -3.820404634530461, 40.396615479384522 ], [ -3.819967269304443, 40.39650145982948 ], [ -3.819743950190572, 40.396450789074436 ], [ -3.819643582892412, 40.396433481619113 ], [ -3.819558618898858, 40.396423272127457 ], [ -3.819378198450073, 40.396411937246121 ], [ -3.81935177260885, 40.396273383569834 ], [ -3.818495259547373, 40.395992055235929 ], [ -3.818289333024532, 40.395917835047435 ], [ -3.814887953827138, 40.393998573435148 ], [ -3.812595135821164, 40.393322795013475 ], [ -3.810870852574357, 40.39279254000806 ], [ -3.807810369521436, 40.392353575090063 ], [ -3.804284652281913, 40.392024970010013 ], [ -3.800447958423297, 40.392098411284451 ], [ -3.796497376438014, 40.392206744195015 ], [ -3.793785848249645, 40.393580334112968 ], [ -3.789170592270225, 40.393887565265878 ], [ -3.78939521869464, 40.392337371702332 ], [ -3.786852751284376, 40.3927600892982 ], [ -3.781514515494733, 40.394125989686621 ], [ -3.780757249481689, 40.39528065760851 ], [ -3.780080406280092, 40.395748288327454 ], [ -3.779925424149363, 40.396000685381189 ], [ -3.779580650259351, 40.396757067792208 ], [ -3.779450836484884, 40.396944430240879 ], [ -3.779351766240908, 40.397038791233001 ], [ -3.779244197468552, 40.397111587698795 ], [ -3.779127360521709, 40.397197960988365 ], [ -3.77882718042971, 40.397326108154445 ], [ -3.778050682958604, 40.397635836176249 ], [ -3.778171270453592, 40.397977370278163 ], [ -3.777605675415634, 40.399105504321135 ], [ -3.775818471297583, 40.400063447779218 ], [ -3.774600529205479, 40.400313948631521 ], [ -3.774554343403906, 40.400314621095319 ], [ -3.773844923204785, 40.400301977429798 ], [ -3.773692923241613, 40.400282543183813 ], [ -3.770646965690225, 40.399534474259738 ], [ -3.769280807437307, 40.399622299879795 ], [ -3.767010634719774, 40.399236458969213 ], [ -3.765625293531884, 40.39927436751821 ], [ -3.765503396061972, 40.399103099958694 ], [ -3.764745460901935, 40.399300633354621 ], [ -3.764358797267938, 40.399401476102788 ], [ -3.762736795814654, 40.400689481070309 ], [ -3.762392132162167, 40.400931483131657 ], [ -3.762274968985739, 40.400991534236987 ], [ -3.760805306481293, 40.402880496474495 ], [ -3.760444468331646, 40.403362419885667 ], [ -3.760226634020113, 40.403640248935602 ], [ -3.759860014699306, 40.403965000677452 ], [ -3.759755257385408, 40.404060103859003 ], [ -3.757658894974784, 40.405279796992311 ], [ -3.757354059184087, 40.40545152269636 ], [ -3.75705800660829, 40.405618325203335 ], [ -3.756881189689757, 40.405677590229097 ], [ -3.756723190367382, 40.405712406514063 ], [ -3.756501569582133, 40.405738179372705 ], [ -3.7562799031181, 40.405749357456905 ], [ -3.756115261743741, 40.405769892880343 ], [ -3.755950952782434, 40.405809615156542 ], [ -3.755689041812477, 40.405899973534922 ], [ -3.754911893678137, 40.406307118390288 ], [ -3.752654520365176, 40.407454167095096 ], [ -3.752063934449274, 40.40773746693921 ], [ -3.750879463824298, 40.408305610532558 ], [ -3.75075053186992, 40.408326807316513 ], [ -3.750641950015689, 40.408344628585766 ], [ -3.750542037863579, 40.408357708773913 ], [ -3.749866301454469, 40.408445961138497 ], [ -3.747888678568823, 40.408719657631053 ], [ -3.747475141023849, 40.408774130225986 ], [ -3.744667208291596, 40.409143849468272 ], [ -3.744607601289253, 40.409221260659464 ], [ -3.744574507773838, 40.409255527955153 ], [ -3.744496718052012, 40.409287199261364 ], [ -3.744468433818335, 40.409298012052496 ], [ -3.744404231192646, 40.40932193902583 ], [ -3.743937113654279, 40.409434581972015 ], [ -3.743859063736152, 40.409453371595198 ], [ -3.743558683426059, 40.409520707577954 ], [ -3.743328791604688, 40.409567589557376 ], [ -3.743255663346042, 40.40957301375137 ], [ -3.743202435446225, 40.409576959526859 ], [ -3.743183916367841, 40.409575546127442 ], [ -3.743135435033648, 40.40957171358685 ], [ -3.743046131722193, 40.409563818139461 ], [ -3.742878593786218, 40.409536514437846 ], [ -3.742543025405234, 40.409447676011922 ], [ -3.742450798960141, 40.409420429438057 ], [ -3.742363893577449, 40.409394770252931 ], [ -3.742233291464239, 40.409350202266246 ], [ -3.742072804965989, 40.40928870785843 ], [ -3.741986174098305, 40.409255929483102 ], [ -3.741853510909674, 40.409205968866708 ], [ -3.738527954715772, 40.411058327512109 ], [ -3.73791942177751, 40.411465996335082 ], [ -3.734184283259279, 40.412795524405503 ], [ -3.732799787720237, 40.4132871859373 ], [ -3.729575053991644, 40.414432429333083 ], [ -3.726217733216529, 40.415665984446164 ], [ -3.724860541879778, 40.416164584855807 ], [ -3.722379148053272, 40.417174969818689 ], [ -3.722850118962102, 40.415331658256953 ], [ -3.722953860062372, 40.413989290631932 ], [ -3.72292493227335, 40.412375947598811 ], [ -3.722924823334732, 40.412365768061171 ], [ -3.722918456511334, 40.412013012827806 ], [ -3.722900467593465, 40.411972944968554 ], [ -3.722871125541011, 40.411907361502983 ], [ -3.722764982438257, 40.411713609007393 ], [ -3.722611132008229, 40.411378891861325 ], [ -3.721822842567626, 40.408505412698794 ], [ -3.722218864617655, 40.407173743464426 ], [ -3.72226126769054, 40.407050233866137 ], [ -3.722366875986331, 40.406742636617729 ], [ -3.72264863954316, 40.405825914730904 ], [ -3.722742897665067, 40.405217754988797 ], [ -3.722720742513611, 40.404545365734997 ], [ -3.723600180797729, 40.404550951896816 ], [ -3.72476372868778, 40.40454367059872 ], [ -3.72477138791579, 40.405038221467962 ], [ -3.724650872037129, 40.405492943052536 ], [ -3.725071214978667, 40.405523554861425 ], [ -3.725179798114376, 40.40549476564162 ], [ -3.725520472675541, 40.405404341536844 ], [ -3.725656616109413, 40.405319073248045 ], [ -3.725999016318793, 40.405104221878148 ], [ -3.72618652666071, 40.404951962523171 ], [ -3.726338287976688, 40.404828757313041 ], [ -3.726630019245859, 40.404494220854104 ], [ -3.726818945620447, 40.404342312829201 ], [ -3.72707680209894, 40.404134835648513 ], [ -3.727587059089606, 40.403870184919185 ], [ -3.72779076587843, 40.403690524491275 ], [ -3.728156735320933, 40.403367589868019 ], [ -3.728326538892811, 40.4031914744414 ], [ -3.728327004418343, 40.403190930965685 ], [ -3.72861801066518, 40.402889186968302 ], [ -3.72959236094139, 40.402431603632358 ], [ -3.730308752544825, 40.401887891663129 ], [ -3.730313778581273, 40.401884076113845 ], [ -3.73090287249613, 40.401436930687616 ], [ -3.732125217962047, 40.400520006927799 ], [ -3.73350638114929, 40.399484045013963 ], [ -3.734114659347516, 40.399027752380213 ], [ -3.734763838637051, 40.398540744202002 ], [ -3.737113533219702, 40.396726957852152 ], [ -3.737508742107537, 40.396315967776175 ], [ -3.737594842967396, 40.396226319838 ], [ -3.737865031512159, 40.395945315930092 ], [ -3.738321102003318, 40.395259968107268 ], [ -3.738431235511382, 40.395094578225347 ], [ -3.738565597846824, 40.394892818840809 ], [ -3.738630866318206, 40.394794742765058 ], [ -3.738706238278833, 40.394715613034556 ], [ -3.738978133133454, 40.394430091045585 ], [ -3.739150203157973, 40.394304215679298 ], [ -3.739164580997114, 40.394293673253735 ], [ -3.739761092290022, 40.393857335071345 ], [ -3.740839945499224, 40.39303051819369 ], [ -3.740878622958961, 40.39300099091502 ], [ -3.742249702743286, 40.391899494410566 ], [ -3.742847687807879, 40.391354483196842 ], [ -3.743274427272809, 40.390752369350373 ], [ -3.743570970247315, 40.390407848787994 ], [ -3.743814436008555, 40.389962045667964 ], [ -3.744432376238503, 40.388653015866957 ], [ -3.744735639811206, 40.388010697291449 ], [ -3.744898629505919, 40.387972172405888 ], [ -3.745132479007627, 40.387916973466915 ], [ -3.745351991150669, 40.387865018746567 ], [ -3.746184589503101, 40.387361003083242 ], [ -3.746868309044499, 40.386947041039861 ], [ -3.749516034377845, 40.385344151006365 ], [ -3.749546694880794, 40.385325484565058 ], [ -3.751587450788841, 40.384157469460561 ], [ -3.751707528129881, 40.384106959741452 ], [ -3.75303741073678, 40.383548222699424 ], [ -3.753589528355525, 40.383532378098323 ], [ -3.754782784814378, 40.383591902459095 ], [ -3.755631995611397, 40.383647624406393 ], [ -3.758649811530689, 40.384108795551718 ], [ -3.759306070409518, 40.383630073915711 ], [ -3.758852844627341, 40.383229888403172 ], [ -3.758366047525219, 40.382819020260797 ], [ -3.757876864084346, 40.382205100148852 ], [ -3.757435498328385, 40.381462846566798 ], [ -3.756833618776859, 40.380450645972331 ], [ -3.756400909771784, 40.379595447700886 ], [ -3.755950211717121, 40.378552343867646 ], [ -3.756771545394477, 40.377995621243834 ], [ -3.757241859978629, 40.377473892133395 ], [ -3.75742239076285, 40.377173969454127 ], [ -3.757581871447814, 40.376908959459151 ], [ -3.757750767225674, 40.376538119963769 ], [ -3.757813739902518, 40.376312660320352 ], [ -3.757861991989042, 40.376140180451024 ], [ -3.757910763906322, 40.375919498531346 ], [ -3.75793050274859, 40.375830719738772 ], [ -3.757877187587646, 40.375540254898439 ], [ -3.75889029013673, 40.375229741593529 ], [ -3.760015960919925, 40.374884695578352 ], [ -3.761845332620579, 40.37443554898077 ], [ -3.762247460196567, 40.372622972035664 ], [ -3.762587338058914, 40.370863296078952 ], [ -3.762942971837991, 40.369021951742411 ], [ -3.762909454230147, 40.368785954344617 ], [ -3.762159186261534, 40.36748961823092 ], [ -3.761805640771082, 40.366895991243695 ], [ -3.763682718878487, 40.365777934113304 ], [ -3.766720139625964, 40.364092971736589 ], [ -3.768960945050666, 40.362048171904682 ], [ -3.770524754004094, 40.36062099877573 ], [ -3.770744499208571, 40.36054728238144 ], [ -3.771623710212708, 40.359824628948935 ] ] ] } },
{ "type": "Feature", "properties": { "district": "Carabanchel", "admin_level": "9" }, "geometry": { "type": "Polygon", "coordinates": [ [ [ -3.720891409751191, 40.365547799846055 ], [ -3.723459954467472, 40.365372135125398 ], [ -3.727114805439762, 40.364542198105106 ], [ -3.730557022493318, 40.363344835145014 ], [ -3.734126558127538, 40.36255062232599 ], [ -3.738556297582297, 40.361547298764592 ], [ -3.743384095456733, 40.36047034867493 ], [ -3.746675328947655, 40.359778347582285 ], [ -3.750365028676748, 40.358959346101514 ], [ -3.754415653982945, 40.357987240790777 ], [ -3.757707210466359, 40.357260779348891 ], [ -3.761518879946758, 40.357940552552229 ], [ -3.766247553110983, 40.358765759384518 ], [ -3.771148669499723, 40.359862778891411 ], [ -3.771623709035099, 40.359824628956801 ], [ -3.770744499208571, 40.36054728238144 ], [ -3.770524754004094, 40.36062099877573 ], [ -3.768960945050666, 40.362048171904682 ], [ -3.766720139625964, 40.364092971736589 ], [ -3.763682718878487, 40.365777934113304 ], [ -3.761805640771082, 40.366895991243695 ], [ -3.762159186261534, 40.36748961823092 ], [ -3.762909454230147, 40.368785954344617 ], [ -3.762942971837991, 40.369021951742411 ], [ -3.762587338058914, 40.370863296078952 ], [ -3.762247460196567, 40.372622972035664 ], [ -3.761845332620579, 40.37443554898077 ], [ -3.760015960919925, 40.374884695578352 ], [ -3.75889029013673, 40.375229741593529 ], [ -3.757877187587646, 40.375540254898439 ], [ -3.75793050274859, 40.375830719738772 ], [ -3.757910763906322, 40.375919498531346 ], [ -3.757861991989042, 40.376140180451024 ], [ -3.757813739902518, 40.376312660320352 ], [ -3.757750767225674, 40.376538119963769 ], [ -3.757581871447814, 40.376908959459151 ], [ -3.75742239076285, 40.377173969454127 ], [ -3.757241859978629, 40.377473892133395 ], [ -3.756771545394477, 40.377995621243834 ], [ -3.755950211717121, 40.378552343867646 ], [ -3.756400909771784, 40.379595447700886 ], [ -3.756833618776859, 40.380450645972331 ], [ -3.757435498328385, 40.381462846566798 ], [ -3.757876864084346, 40.382205100148852 ], [ -3.758366047525219, 40.382819020260797 ], [ -3.758852844627341, 40.383229888403172 ], [ -3.759306070409518, 40.383630073915711 ], [ -3.758649811530689, 40.384108795551718 ], [ -3.755631995611397, 40.383647624406393 ], [ -3.754782784814378, 40.383591902459095 ], [ -3.753589528355525, 40.383532378098323 ], [ -3.75303741073678, 40.383548222699424 ], [ -3.751707528129881, 40.384106959741452 ], [ -3.751587450788841, 40.384157469460561 ], [ -3.749546694880794, 40.385325484565058 ], [ -3.749516034377845, 40.385344151006365 ], [ -3.746868309044499, 40.386947041039861 ], [ -3.746184589503101, 40.387361003083242 ], [ -3.745351991150669, 40.387865018746567 ], [ -3.745132479007627, 40.387916973466915 ], [ -3.744898629505919, 40.387972172405888 ], [ -3.744735639811206, 40.388010697291449 ], [ -3.744432376238503, 40.388653015866957 ], [ -3.743814436008555, 40.389962045667964 ], [ -3.743570970247315, 40.390407848787994 ], [ -3.743274427272809, 40.390752369350373 ], [ -3.742847687807879, 40.391354483196842 ], [ -3.742249702743286, 40.391899494410566 ], [ -3.740878622958961, 40.39300099091502 ], [ -3.740839945499224, 40.39303051819369 ], [ -3.739761092290022, 40.393857335071345 ], [ -3.739164580997114, 40.394293673253735 ], [ -3.739150203157973, 40.394304215679298 ], [ -3.738978133133454, 40.394430091045585 ], [ -3.738706238278833, 40.394715613034556 ], [ -3.738630866318206, 40.394794742765058 ], [ -3.738565597846824, 40.394892818840809 ], [ -3.738431235511382, 40.395094578225347 ], [ -3.738321102003318, 40.395259968107268 ], [ -3.737865031512159, 40.395945315930092 ], [ -3.737594842967396, 40.396226319838 ], [ -3.737508742107537, 40.396315967776175 ], [ -3.737113533219702, 40.396726957852152 ], [ -3.734763838637051, 40.398540744202002 ], [ -3.734114659347516, 40.399027752380213 ], [ -3.73350638114929, 40.399484045013963 ], [ -3.732125217962047, 40.400520006927799 ], [ -3.73090287249613, 40.401436930687616 ], [ -3.730313778581273, 40.401884076113845 ], [ -3.730308752544825, 40.401887891663129 ], [ -3.72959236094139, 40.402431603632358 ], [ -3.72861801066518, 40.402889186968302 ], [ -3.728327004418343, 40.403190930965685 ], [ -3.728326538892811, 40.4031914744414 ], [ -3.728156735320933, 40.403367589868019 ], [ -3.72779076587843, 40.403690524491275 ], [ -3.727587059089606, 40.403870184919185 ], [ -3.72707680209894, 40.404134835648513 ], [ -3.726818945620447, 40.404342312829201 ], [ -3.726630019245859, 40.404494220854104 ], [ -3.726338287976688, 40.404828757313041 ], [ -3.72618652666071, 40.404951962523171 ], [ -3.725999016318793, 40.405104221878148 ], [ -3.725656616109413, 40.405319073248045 ], [ -3.725520472675541, 40.405404341536844 ], [ -3.725179798114376, 40.40549476564162 ], [ -3.725071214978667, 40.405523554861425 ], [ -3.724650872037129, 40.405492943052536 ], [ -3.72477138791579, 40.405038221467962 ], [ -3.72476372868778, 40.40454367059872 ], [ -3.723600180797729, 40.404550951896816 ], [ -3.722720742513611, 40.404545365734997 ], [ -3.722657590468341, 40.404182873896758 ], [ -3.722579204500176, 40.403785174314756 ], [ -3.722397786078792, 40.402566285141887 ], [ -3.722251581166425, 40.402073679555954 ], [ -3.72221881905367, 40.401963162860007 ], [ -3.721948708478693, 40.401332770454729 ], [ -3.721835398642669, 40.401150231791554 ], [ -3.721708181128468, 40.400945348157833 ], [ -3.72113131581165, 40.400511372732417 ], [ -3.720354569939989, 40.400085575885115 ], [ -3.719989696620786, 40.399948926014787 ], [ -3.719734706717527, 40.399895016784093 ], [ -3.719316211507032, 40.399835095402224 ], [ -3.719007300692487, 40.399830077946561 ], [ -3.71896326402902, 40.399833413953885 ], [ -3.717309893328182, 40.399958629373046 ], [ -3.717073861207174, 40.399980902532114 ], [ -3.716774244578055, 40.399996723401564 ], [ -3.716419776436615, 40.399984953464795 ], [ -3.715901289004857, 40.399918792332457 ], [ -3.714899239190435, 40.399667957226001 ], [ -3.714053408842495, 40.399346148338907 ], [ -3.713447525866045, 40.398959250737107 ], [ -3.713184007248805, 40.398743846177133 ], [ -3.712737202489424, 40.398355964397773 ], [ -3.712164564374079, 40.397890747314584 ], [ -3.711386617335389, 40.397331291808804 ], [ -3.710804236648572, 40.397013606291445 ], [ -3.710294369104447, 40.396800698346105 ], [ -3.709698106227342, 40.396551651516866 ], [ -3.708785669849801, 40.396276969642685 ], [ -3.708228801313978, 40.396109296804923 ], [ -3.707343988055145, 40.395894795102286 ], [ -3.704640740335097, 40.395233981686275 ], [ -3.706299972160626, 40.393264389849342 ], [ -3.706776984282558, 40.392750122605953 ], [ -3.707229444061137, 40.392288615657506 ], [ -3.707535562288864, 40.392018813854094 ], [ -3.707937115031589, 40.391703922138952 ], [ -3.708132805023034, 40.391578400398657 ], [ -3.708279367300907, 40.39148732186829 ], [ -3.708450344135668, 40.39139852692503 ], [ -3.708688405031749, 40.391280131183827 ], [ -3.708778190481288, 40.391235437280244 ], [ -3.708794834611109, 40.391227136994665 ], [ -3.709006550089994, 40.391135839234686 ], [ -3.70910542878407, 40.391093160508426 ], [ -3.709483535216706, 40.390947958979297 ], [ -3.709484356153656, 40.390947593579071 ], [ -3.710248441936562, 40.39064452573642 ], [ -3.71188347692287, 40.38999528428873 ], [ -3.712009026896667, 40.389945863149116 ], [ -3.712878710924573, 40.389524829420125 ], [ -3.71301237139282, 40.389429050510081 ], [ -3.713356645969927, 40.389183412577161 ], [ -3.713683076896987, 40.388910586226558 ], [ -3.713684845857912, 40.388908956376603 ], [ -3.71389742790753, 40.388713136250757 ], [ -3.714231820334693, 40.388402512030957 ], [ -3.714596111935177, 40.388045034116317 ], [ -3.715022880219251, 40.38764644767766 ], [ -3.715428645880532, 40.387267450115651 ], [ -3.716391362241658, 40.3863684219723 ], [ -3.716870726736246, 40.385920674447632 ], [ -3.717555637591822, 40.385280838074976 ], [ -3.718215624981766, 40.383314380360616 ], [ -3.718351680020703, 40.382890919757706 ], [ -3.718727881974969, 40.38154028069998 ], [ -3.718959565389415, 40.380393333442399 ], [ -3.719034995777838, 40.379653307005078 ], [ -3.719367240150222, 40.37639633945539 ], [ -3.719712296311405, 40.374148491991754 ], [ -3.719712405472511, 40.374147680493103 ], [ -3.719764409380038, 40.373809335278494 ], [ -3.720193594615134, 40.370691130676185 ], [ -3.720437248542727, 40.36787327148086 ], [ -3.720716601030051, 40.366442324232466 ], [ -3.720891266151175, 40.365548029572736 ], [ -3.720891409751191, 40.365547799846055 ] ] ] } },
{ "type": "Feature", "properties": { "district": "Usera", "admin_level": "9" }, "geometry": { "type": "Polygon", "coordinates": [ [ [ -3.720984872579462, 40.364785263083967 ], [ -3.720891409751191, 40.365547799846055 ], [ -3.720891266151175, 40.365548029572736 ], [ -3.720716601030051, 40.366442324232466 ], [ -3.720437248542727, 40.36787327148086 ], [ -3.720193594615134, 40.370691130676185 ], [ -3.719764409380038, 40.373809335278494 ], [ -3.719712405472511, 40.374147680493103 ], [ -3.719712296311405, 40.374148491991754 ], [ -3.719367240150222, 40.37639633945539 ], [ -3.719034995777838, 40.379653307005078 ], [ -3.718959565389415, 40.380393333442399 ], [ -3.718727881974969, 40.38154028069998 ], [ -3.718351680020703, 40.382890919757706 ], [ -3.718215624981766, 40.383314380360616 ], [ -3.717555637591822, 40.385280838074976 ], [ -3.716870726736246, 40.385920674447632 ], [ -3.716391362241658, 40.3863684219723 ], [ -3.715428645880532, 40.387267450115651 ], [ -3.715022880219251, 40.38764644767766 ], [ -3.714596111935177, 40.388045034116317 ], [ -3.714231820334693, 40.388402512030957 ], [ -3.71389742790753, 40.388713136250757 ], [ -3.713684845857912, 40.388908956376603 ], [ -3.713683076896987, 40.388910586226558 ], [ -3.713356645969927, 40.389183412577161 ], [ -3.71301237139282, 40.389429050510081 ], [ -3.712878710924573, 40.389524829420125 ], [ -3.712009026896667, 40.389945863149116 ], [ -3.71188347692287, 40.38999528428873 ], [ -3.710248441936562, 40.39064452573642 ], [ -3.709484356153656, 40.390947593579071 ], [ -3.709483535216706, 40.390947958979297 ], [ -3.70910542878407, 40.391093160508426 ], [ -3.709006550089994, 40.391135839234686 ], [ -3.708794834611109, 40.391227136994665 ], [ -3.708778190481288, 40.391235437280244 ], [ -3.708688405031749, 40.391280131183827 ], [ -3.708450344135668, 40.39139852692503 ], [ -3.708279367300907, 40.39148732186829 ], [ -3.708132805023034, 40.391578400398657 ], [ -3.707937115031589, 40.391703922138952 ], [ -3.707535562288864, 40.392018813854094 ], [ -3.707229444061137, 40.392288615657506 ], [ -3.706776984282558, 40.392750122605953 ], [ -3.706299972160626, 40.393264389849342 ], [ -3.704640740335097, 40.395233981686275 ], [ -3.7043994000816, 40.395084819499331 ], [ -3.703377004970458, 40.394453013234568 ], [ -3.70239332998628, 40.393644745947256 ], [ -3.699556930210574, 40.390646400130294 ], [ -3.698090402457372, 40.389096050664179 ], [ -3.695618591080994, 40.386982623266753 ], [ -3.694637941873022, 40.386169005378868 ], [ -3.692151256870422, 40.384105746183636 ], [ -3.689746062121079, 40.382331135804776 ], [ -3.689544265081773, 40.382069115898872 ], [ -3.689432181262838, 40.381873342556375 ], [ -3.689326372898948, 40.381657721577042 ], [ -3.689185289367911, 40.381369677551703 ], [ -3.689012805048554, 40.380753317036493 ], [ -3.688951604748912, 40.380466447148542 ], [ -3.688899391561346, 40.380214190704443 ], [ -3.688888976977028, 40.380039270730947 ], [ -3.688865178539059, 40.379835084223977 ], [ -3.688829415949189, 40.379701217461822 ], [ -3.688758788942093, 40.379590578407857 ], [ -3.688652955105376, 40.379412377083966 ], [ -3.688544516436355, 40.379197884472923 ], [ -3.688375305672494, 40.378984184160231 ], [ -3.688209925391137, 40.378853105824973 ], [ -3.687981632186094, 40.378691037251592 ], [ -3.687894089414122, 40.378572701799705 ], [ -3.687859952826575, 40.378399574155495 ], [ -3.687875392925035, 40.378219547931323 ], [ -3.687837074866564, 40.378059651592174 ], [ -3.687361580497373, 40.377013968248036 ], [ -3.687280527504812, 40.376786929445728 ], [ -3.687252650337217, 40.37662649243255 ], [ -3.68726824822207, 40.376439030076163 ], [ -3.687317790449163, 40.376147644085869 ], [ -3.687610977684954, 40.375292701446789 ], [ -3.687728948294815, 40.374846998470282 ], [ -3.687761533013445, 40.374609247009978 ], [ -3.687741894778581, 40.374398572190714 ], [ -3.687678409271453, 40.374172329996455 ], [ -3.687607271535827, 40.374092031342677 ], [ -3.687595117958244, 40.374078409753906 ], [ -3.687590244691955, 40.374074114354904 ], [ -3.687336686209959, 40.373882644660711 ], [ -3.687129395565172, 40.373676585817812 ], [ -3.687050393763144, 40.373603234519393 ], [ -3.686981743512399, 40.373521842300569 ], [ -3.686891256247582, 40.373344811958546 ], [ -3.686804508796808, 40.373022115273351 ], [ -3.686632978278127, 40.372570237508555 ], [ -3.686510524877018, 40.372327557104533 ], [ -3.686420261983342, 40.372172472128099 ], [ -3.68633309302802, 40.37206525216974 ], [ -3.686232842773222, 40.371954118728716 ], [ -3.686161768384495, 40.371890695548913 ], [ -3.686048840611428, 40.371815550206826 ], [ -3.685883784605676, 40.371744703170052 ], [ -3.685747684020765, 40.371699621450766 ], [ -3.685561922578062, 40.371644858181384 ], [ -3.685318817557315, 40.371594423683455 ], [ -3.684913368461298, 40.371483100876041 ], [ -3.684272320047577, 40.371289371699312 ], [ -3.683523568192129, 40.371020458440654 ], [ -3.683046473231169, 40.370787846502388 ], [ -3.68277582153416, 40.370591923398457 ], [ -3.682586272537303, 40.370419463620706 ], [ -3.682462133179575, 40.370266570042538 ], [ -3.682339717902759, 40.370025879476486 ], [ -3.682277818250579, 40.369836706283778 ], [ -3.682270853741706, 40.369663170429362 ], [ -3.682295248569665, 40.369495436120935 ], [ -3.682345768243923, 40.36933153690218 ], [ -3.682359588996464, 40.369149898117954 ], [ -3.682350055800579, 40.368980367544815 ], [ -3.682268392505158, 40.368641675691535 ], [ -3.681857962788796, 40.367514845836361 ], [ -3.681791131997272, 40.367353633259583 ], [ -3.681754293954336, 40.367062560171945 ], [ -3.681736055529632, 40.36680529497476 ], [ -3.681752466116111, 40.366621645393749 ], [ -3.681815423201053, 40.366397819973969 ], [ -3.682000842456266, 40.366161301971616 ], [ -3.682257244321378, 40.365980230533751 ], [ -3.682537339675032, 40.365820964928169 ], [ -3.682694929576846, 40.365670401258924 ], [ -3.682787656974658, 40.365554136998604 ], [ -3.682875229453333, 40.36544388786438 ], [ -3.683010605034451, 40.365159780182992 ], [ -3.683107220451417, 40.364911814372221 ], [ -3.683148166480031, 40.364736127833879 ], [ -3.683144706800012, 40.364490618869425 ], [ -3.683081604206889, 40.364181745116475 ], [ -3.682749897647629, 40.363359708940642 ], [ -3.68192474497413, 40.361296317308359 ], [ -3.68314129867649, 40.361729734801379 ], [ -3.685404299322645, 40.362543772947618 ], [ -3.687239759749697, 40.36320034815396 ], [ -3.689024910061439, 40.363793711896591 ], [ -3.689443365870399, 40.363908970067222 ], [ -3.690044730724471, 40.364058993640498 ], [ -3.690614522994702, 40.364173345390356 ], [ -3.691247860343723, 40.364270467462916 ], [ -3.691652201684003, 40.364317783969973 ], [ -3.692228703830075, 40.364385150070547 ], [ -3.693244055752107, 40.364464841370598 ], [ -3.693869643101313, 40.364517671520609 ], [ -3.694004025288381, 40.364528848223216 ], [ -3.69552652169555, 40.364515656755998 ], [ -3.69622864917719, 40.364497922800922 ], [ -3.696599235748411, 40.364480647788355 ], [ -3.696759689918206, 40.364473196438716 ], [ -3.696903150907444, 40.364462421998731 ], [ -3.697134640374979, 40.364444992378175 ], [ -3.697447200380998, 40.364420046295564 ], [ -3.698160962778115, 40.364331418722308 ], [ -3.698747609566081, 40.364239770104014 ], [ -3.699120227649813, 40.364168419091968 ], [ -3.699339566484645, 40.364126463600826 ], [ -3.700046352525746, 40.363967415228167 ], [ -3.700700318066376, 40.363825889106714 ], [ -3.700792446070253, 40.363805781085389 ], [ -3.701073103639165, 40.363759756985587 ], [ -3.701123783789445, 40.36375197307845 ], [ -3.701651298340348, 40.363671658443202 ], [ -3.702103349158201, 40.363617295384621 ], [ -3.702617407767443, 40.363579851376997 ], [ -3.703235631920003, 40.363558800780261 ], [ -3.703660160446549, 40.363564870033443 ], [ -3.704015890206099, 40.363580725145432 ], [ -3.70401695106818, 40.363580808778735 ], [ -3.704084939655157, 40.363583819249399 ], [ -3.704281084018414, 40.36359965309326 ], [ -3.704504106179353, 40.363617846332282 ], [ -3.704900576189178, 40.363655253518857 ], [ -3.705145578910625, 40.363680517942001 ], [ -3.706367047994829, 40.36381712791637 ], [ -3.70709710291239, 40.363880870157431 ], [ -3.707102053953756, 40.363881290342299 ], [ -3.70798762589211, 40.363938492144626 ], [ -3.708093676113109, 40.363943428533183 ], [ -3.709766225508961, 40.364022196818134 ], [ -3.714153079999703, 40.36435918704079 ], [ -3.72098435045999, 40.364785229401598 ], [ -3.720984872579462, 40.364785263083967 ] ] ] } },
{ "type": "Feature", "properties": { "district": "Puente de Vallecas", "admin_level": "9" }, "geometry": { "type": "Polygon", "coordinates": [ [ [ -3.678069075291665, 40.360687154106273 ], [ -3.678745405113708, 40.360678193960666 ], [ -3.679350175964401, 40.360702146178035 ], [ -3.679801672237821, 40.360756991292533 ], [ -3.680328499341804, 40.360828890877208 ], [ -3.680773940136273, 40.360931262173018 ], [ -3.681206462417797, 40.361048706248773 ], [ -3.68192474497413, 40.361296317308359 ], [ -3.682749897647629, 40.363359708940642 ], [ -3.683081604206889, 40.364181745116475 ], [ -3.683144706800012, 40.364490618869425 ], [ -3.683148166480031, 40.364736127833879 ], [ -3.683107220451417, 40.364911814372221 ], [ -3.683010605034451, 40.365159780182992 ], [ -3.682875229453333, 40.36544388786438 ], [ -3.682787656974658, 40.365554136998604 ], [ -3.682694929576846, 40.365670401258924 ], [ -3.682537339675032, 40.365820964928169 ], [ -3.682257244321378, 40.365980230533751 ], [ -3.682000842456266, 40.366161301971616 ], [ -3.681815423201053, 40.366397819973969 ], [ -3.681752466116111, 40.366621645393749 ], [ -3.681736055529632, 40.36680529497476 ], [ -3.681754293954336, 40.367062560171945 ], [ -3.681791131997272, 40.367353633259583 ], [ -3.681857962788796, 40.367514845836361 ], [ -3.682268392505158, 40.368641675691535 ], [ -3.682350055800579, 40.368980367544815 ], [ -3.682359588996464, 40.369149898117954 ], [ -3.682345768243923, 40.36933153690218 ], [ -3.682295248569665, 40.369495436120935 ], [ -3.682270853741706, 40.369663170429362 ], [ -3.682277818250579, 40.369836706283778 ], [ -3.682339717902759, 40.370025879476486 ], [ -3.682462133179575, 40.370266570042538 ], [ -3.682586272537303, 40.370419463620706 ], [ -3.68277582153416, 40.370591923398457 ], [ -3.683046473231169, 40.370787846502388 ], [ -3.683523568192129, 40.371020458440654 ], [ -3.684272320047577, 40.371289371699312 ], [ -3.684913368461298, 40.371483100876041 ], [ -3.685318817557315, 40.371594423683455 ], [ -3.685561922578062, 40.371644858181384 ], [ -3.685747684020765, 40.371699621450766 ], [ -3.685883784605676, 40.371744703170052 ], [ -3.686048840611428, 40.371815550206826 ], [ -3.686161768384495, 40.371890695548913 ], [ -3.686232842773222, 40.371954118728716 ], [ -3.68633309302802, 40.37206525216974 ], [ -3.686420261983342, 40.372172472128099 ], [ -3.686510524877018, 40.372327557104533 ], [ -3.686632978278127, 40.372570237508555 ], [ -3.686804508796808, 40.373022115273351 ], [ -3.686891256247582, 40.373344811958546 ], [ -3.686981743512399, 40.373521842300569 ], [ -3.687050393763144, 40.373603234519393 ], [ -3.687129395565172, 40.373676585817812 ], [ -3.687336686209959, 40.373882644660711 ], [ -3.687590244691955, 40.374074114354904 ], [ -3.687595117958244, 40.374078409753906 ], [ -3.687607271535827, 40.374092031342677 ], [ -3.687678409271453, 40.374172329996455 ], [ -3.687741894778581, 40.374398572190714 ], [ -3.687761533013445, 40.374609247009978 ], [ -3.687728948294815, 40.374846998470282 ], [ -3.687610977684954, 40.375292701446789 ], [ -3.687317790449163, 40.376147644085869 ], [ -3.68726824822207, 40.376439030076163 ], [ -3.687252650337217, 40.37662649243255 ], [ -3.687280527504812, 40.376786929445728 ], [ -3.687361580497373, 40.377013968248036 ], [ -3.687837074866564, 40.378059651592174 ], [ -3.687875392925035, 40.378219547931323 ], [ -3.687859952826575, 40.378399574155495 ], [ -3.687894089414122, 40.378572701799705 ], [ -3.687981632186094, 40.378691037251592 ], [ -3.688209925391137, 40.378853105824973 ], [ -3.688375305672494, 40.378984184160231 ], [ -3.688544516436355, 40.379197884472923 ], [ -3.688652955105376, 40.379412377083966 ], [ -3.688758788942093, 40.379590578407857 ], [ -3.688829415949189, 40.379701217461822 ], [ -3.688865178539059, 40.379835084223977 ], [ -3.688888976977028, 40.380039270730947 ], [ -3.688899391561346, 40.380214190704443 ], [ -3.688951604748912, 40.380466447148542 ], [ -3.689012805048554, 40.380753317036493 ], [ -3.689185289367911, 40.381369677551703 ], [ -3.689326372898948, 40.381657721577042 ], [ -3.689432181262838, 40.381873342556375 ], [ -3.689544265081773, 40.382069115898872 ], [ -3.689746062121079, 40.382331135804776 ], [ -3.689480596532131, 40.382486382625451 ], [ -3.689114138829836, 40.382657186719257 ], [ -3.688755661848127, 40.38279453637643 ], [ -3.68822076297357, 40.382971111990912 ], [ -3.687453035440855, 40.383163385861053 ], [ -3.686977170452983, 40.383276086108062 ], [ -3.684865791727993, 40.383677688698938 ], [ -3.684310991335427, 40.383789538229806 ], [ -3.683968589693762, 40.38388347298654 ], [ -3.683598175775753, 40.384002674382479 ], [ -3.683349161002325, 40.384139393477618 ], [ -3.683149838195336, 40.384277340118494 ], [ -3.682942827076716, 40.384441164510655 ], [ -3.682726339442833, 40.384650635923599 ], [ -3.682347548699395, 40.385122445714167 ], [ -3.679149242174513, 40.389992598662722 ], [ -3.678717920010203, 40.390499905996379 ], [ -3.678287968257384, 40.390909455025962 ], [ -3.677564981113077, 40.391483601522602 ], [ -3.676444504700013, 40.3923316772524 ], [ -3.67525665223235, 40.393262952477905 ], [ -3.674540750551879, 40.393749289163544 ], [ -3.673519853206419, 40.394314244021643 ], [ -3.672924359976891, 40.394671220408682 ], [ -3.672043430795839, 40.395308503132824 ], [ -3.671080949828569, 40.396435191655527 ], [ -3.670963092304665, 40.39657315422081 ], [ -3.670396081259365, 40.397072748915789 ], [ -3.670055019223626, 40.397388868936638 ], [ -3.669626696456631, 40.397829907839075 ], [ -3.669257455406611, 40.398323667575418 ], [ -3.668276465923432, 40.399635287796073 ], [ -3.666784620645087, 40.402622017698597 ], [ -3.666694186361396, 40.402892089807139 ], [ -3.666330439627602, 40.403864551295541 ], [ -3.665565417690779, 40.405556080200164 ], [ -3.665210512290004, 40.406340197330408 ], [ -3.65888306414377, 40.405901130483201 ], [ -3.658670212684048, 40.405887476448896 ], [ -3.658553112552867, 40.405879853319945 ], [ -3.657770285401146, 40.405812318771233 ], [ -3.657370319769785, 40.40577774181736 ], [ -3.656714382425158, 40.405694344279659 ], [ -3.656429039247881, 40.405630646112535 ], [ -3.656114966713564, 40.405545307408588 ], [ -3.655964842626497, 40.405486247051464 ], [ -3.655814719674294, 40.405427276582529 ], [ -3.655326154366109, 40.405224544265629 ], [ -3.65485688185084, 40.405029988953963 ], [ -3.654427904491336, 40.404785654648606 ], [ -3.654015163507454, 40.404550415253944 ], [ -3.652969848775044, 40.40370783658954 ], [ -3.652967235390235, 40.403705689169328 ], [ -3.651329417043571, 40.402385527182332 ], [ -3.648918245870447, 40.400301560832695 ], [ -3.647060808206332, 40.398536528761163 ], [ -3.645439682461388, 40.397075556338969 ], [ -3.645440385995444, 40.397075192048256 ], [ -3.644913994555069, 40.39662784847819 ], [ -3.644911853873809, 40.39662578832661 ], [ -3.644295497145273, 40.396208582636149 ], [ -3.643767161634336, 40.395939264251034 ], [ -3.643419017007171, 40.395771196819467 ], [ -3.64310794169553, 40.395635174720979 ], [ -3.642634269631949, 40.395450503730878 ], [ -3.642282025884955, 40.395346510289244 ], [ -3.639980874424025, 40.394796805404468 ], [ -3.639469332782534, 40.394692962386657 ], [ -3.639014457369208, 40.394600425693561 ], [ -3.632611870378724, 40.393248248745053 ], [ -3.629791855365508, 40.39256219191072 ], [ -3.627464296386601, 40.392057004948065 ], [ -3.625117051636932, 40.391545200788791 ], [ -3.623021366719533, 40.391084899735148 ], [ -3.621888685420228, 40.390838567174541 ], [ -3.623700465906907, 40.386429796974369 ], [ -3.624328662659077, 40.385011802278257 ], [ -3.624764730806642, 40.384160792955853 ], [ -3.625323434897339, 40.383233624191639 ], [ -3.62458566071078, 40.382092630810554 ], [ -3.625904706041645, 40.381792899874931 ], [ -3.627161759517802, 40.381504479448068 ], [ -3.630191382482326, 40.380778668712573 ], [ -3.632586249279312, 40.380209394196676 ], [ -3.633026665163624, 40.380102041432238 ], [ -3.634376218124691, 40.379773115923562 ], [ -3.64151066259938, 40.377954079581656 ], [ -3.645067607134389, 40.377229815980641 ], [ -3.648576004956392, 40.376524184017804 ], [ -3.649907340535443, 40.376312756663822 ], [ -3.6515052329305, 40.376099905377913 ], [ -3.652361344919608, 40.376046438843389 ], [ -3.652766131625876, 40.37564649567625 ], [ -3.653304799902738, 40.374325602153029 ], [ -3.65358902673368, 40.37362858278464 ], [ -3.654404870522438, 40.370885737954261 ], [ -3.654715704051864, 40.370360459983267 ], [ -3.655603324058246, 40.369590383420949 ], [ -3.655996972099985, 40.369371935653596 ], [ -3.657069533467433, 40.368776659499453 ], [ -3.664447288033418, 40.36414396715729 ], [ -3.666023761574225, 40.363283639387788 ], [ -3.666502517032887, 40.363031783174918 ], [ -3.666696079831309, 40.362929947158761 ], [ -3.667175232477971, 40.362695112235073 ], [ -3.667245004690653, 40.362664259727552 ], [ -3.667563493378518, 40.362523413507006 ], [ -3.667888549562536, 40.362391807893147 ], [ -3.668246098123654, 40.362247041369542 ], [ -3.66887469088734, 40.362023590055799 ], [ -3.669440415908909, 40.361850680142908 ], [ -3.669541982461607, 40.36181955211535 ], [ -3.670121276648993, 40.36166142539404 ], [ -3.670811424903699, 40.36150652767553 ], [ -3.671172406077693, 40.361435967491772 ], [ -3.671509877009441, 40.361369957168854 ], [ -3.672152495301999, 40.361256318090625 ], [ -3.673026421921202, 40.361119711276885 ], [ -3.673709987466135, 40.361022550718893 ], [ -3.674467265956801, 40.360938153750247 ], [ -3.675169142166618, 40.360869072782961 ], [ -3.675936318448079, 40.360794606757651 ], [ -3.676677626384586, 40.360747783790117 ], [ -3.677027054684719, 40.360725744799055 ], [ -3.677572583403613, 40.360707557000801 ], [ -3.678069075291665, 40.360687154106273 ] ] ] } },
{ "type": "Feature", "properties": { "district": "Moratalaz", "admin_level": "9" }, "geometry": { "type": "Polygon", "coordinates": [ [ [ -3.642885142026231, 40.414512797492861 ], [ -3.640947178196231, 40.414423265472131 ], [ -3.639086895113795, 40.414458678686614 ], [ -3.637533043624738, 40.414592376915621 ], [ -3.634906461083346, 40.414961310028104 ], [ -3.634504396451423, 40.415021531101033 ], [ -3.633805135933051, 40.415126260796939 ], [ -3.633437235938207, 40.415147192425152 ], [ -3.632487385374255, 40.415201301774509 ], [ -3.631899976545473, 40.415192705502335 ], [ -3.631897147879142, 40.415192720962061 ], [ -3.63144872350604, 40.415186156423779 ], [ -3.630669288866331, 40.415112113771386 ], [ -3.629937344201438, 40.415011500648788 ], [ -3.62903379804298, 40.414823255691239 ], [ -3.628612229046992, 40.414700587330152 ], [ -3.628047303054563, 40.414536170731999 ], [ -3.62759032493572, 40.414382429501302 ], [ -3.626698169636245, 40.414073830629292 ], [ -3.625648897019849, 40.41371291983539 ], [ -3.625075295651795, 40.413539257156849 ], [ -3.624235766864292, 40.413349545577454 ], [ -3.623304086972931, 40.413186720385895 ], [ -3.622476975807504, 40.413102876648736 ], [ -3.62215995151706, 40.413080254917595 ], [ -3.621812366539072, 40.413066714758799 ], [ -3.621373031091327, 40.413060241503921 ], [ -3.620361624623696, 40.413083317821552 ], [ -3.623932838784701, 40.406212225219178 ], [ -3.623950583502789, 40.406178385945928 ], [ -3.625273181923288, 40.40365613917492 ], [ -3.625447678462435, 40.403312033019652 ], [ -3.625664245680232, 40.402866007074103 ], [ -3.625917586125135, 40.402274832623945 ], [ -3.62610758920505, 40.401765027391633 ], [ -3.626245964537216, 40.40131876866937 ], [ -3.626408754171125, 40.400749610621844 ], [ -3.626606683317977, 40.399880340223383 ], [ -3.62679208741679, 40.399027110383855 ], [ -3.626885058353112, 40.398600702412189 ], [ -3.627070392324053, 40.397946148990052 ], [ -3.62729159653512, 40.3973088395201 ], [ -3.627488664925889, 40.396825964736685 ], [ -3.627713053070833, 40.396334113264643 ], [ -3.627977456743154, 40.395802709390715 ], [ -3.629791855365508, 40.39256219191072 ], [ -3.632611870378724, 40.393248248745053 ], [ -3.639014457369208, 40.394600425693561 ], [ -3.639469332782534, 40.394692962386657 ], [ -3.639980874424025, 40.394796805404468 ], [ -3.642282025884955, 40.395346510289244 ], [ -3.642634269631949, 40.395450503730878 ], [ -3.64310794169553, 40.395635174720979 ], [ -3.643419017007171, 40.395771196819467 ], [ -3.643767161634336, 40.395939264251034 ], [ -3.644295497145273, 40.396208582636149 ], [ -3.644911853873809, 40.39662578832661 ], [ -3.644913994555069, 40.39662784847819 ], [ -3.645440385995444, 40.397075192048256 ], [ -3.645439682461388, 40.397075556338969 ], [ -3.647060808206332, 40.398536528761163 ], [ -3.648918245870447, 40.400301560832695 ], [ -3.651329417043571, 40.402385527182332 ], [ -3.652967235390235, 40.403705689169328 ], [ -3.652969848775044, 40.40370783658954 ], [ -3.654015163507454, 40.404550415253944 ], [ -3.654427904491336, 40.404785654648606 ], [ -3.65485688185084, 40.405029988953963 ], [ -3.655326154366109, 40.405224544265629 ], [ -3.655814719674294, 40.405427276582529 ], [ -3.655964842626497, 40.405486247051464 ], [ -3.656114966713564, 40.405545307408588 ], [ -3.656429039247881, 40.405630646112535 ], [ -3.656714382425158, 40.405694344279659 ], [ -3.657370319769785, 40.40577774181736 ], [ -3.657770285401146, 40.405812318771233 ], [ -3.658553112552867, 40.405879853319945 ], [ -3.658670212684048, 40.405887476448896 ], [ -3.65888306414377, 40.405901130483201 ], [ -3.665210512290004, 40.406340197330408 ], [ -3.665151426625898, 40.406455762356046 ], [ -3.664094464012118, 40.408523284063428 ], [ -3.663763404218498, 40.409170772108247 ], [ -3.663389659051943, 40.409900665842031 ], [ -3.662917216930351, 40.410962928048406 ], [ -3.662916757001455, 40.410964100962808 ], [ -3.662534277914132, 40.411574492462094 ], [ -3.662487511553607, 40.411649084304173 ], [ -3.661482193235793, 40.413253579382136 ], [ -3.66115945600449, 40.413768668846892 ], [ -3.661053849449352, 40.413937289868059 ], [ -3.660585328436361, 40.414695734082393 ], [ -3.65944206138891, 40.416546674942879 ], [ -3.6589713086209, 40.417442602365128 ], [ -3.658695477181209, 40.418674358705587 ], [ -3.656292358896229, 40.418049977608483 ], [ -3.654013206637878, 40.417454126451183 ], [ -3.650134078189525, 40.416092441120178 ], [ -3.647720139992327, 40.415366590082471 ], [ -3.646471542007684, 40.415054824155199 ], [ -3.646084832773329, 40.414981755589451 ], [ -3.645417568693247, 40.414855744678256 ], [ -3.644108690456863, 40.414647802887551 ], [ -3.642885142026231, 40.414512797492861 ] ] ] } },
{ "type": "Feature", "properties": { "district": "Ciudad Lineal", "admin_level": "9" }, "geometry": { "type": "Polygon", "coordinates": [ [ [ -3.621886960348234, 40.415525073546959 ], [ -3.621620132563092, 40.415155960944993 ], [ -3.621360210597167, 40.414781406043737 ], [ -3.620361624623696, 40.413083317821552 ], [ -3.621373031091327, 40.413060241503921 ], [ -3.621812366539072, 40.413066714758799 ], [ -3.62215995151706, 40.413080254917595 ], [ -3.622476975807504, 40.413102876648736 ], [ -3.623304086972931, 40.413186720385895 ], [ -3.624235766864292, 40.413349545577454 ], [ -3.625075295651795, 40.413539257156849 ], [ -3.625648897019849, 40.41371291983539 ], [ -3.626698169636245, 40.414073830629292 ], [ -3.62759032493572, 40.414382429501302 ], [ -3.628047303054563, 40.414536170731999 ], [ -3.628612229046992, 40.414700587330152 ], [ -3.62903379804298, 40.414823255691239 ], [ -3.629937344201438, 40.415011500648788 ], [ -3.630669288866331, 40.415112113771386 ], [ -3.63144872350604, 40.415186156423779 ], [ -3.631897147879142, 40.415192720962061 ], [ -3.631899976545473, 40.415192705502335 ], [ -3.632487385374255, 40.415201301774509 ], [ -3.633437235938207, 40.415147192425152 ], [ -3.633805135933051, 40.415126260796939 ], [ -3.634504396451423, 40.415021531101033 ], [ -3.634906461083346, 40.414961310028104 ], [ -3.637533043624738, 40.414592376915621 ], [ -3.639086895113795, 40.414458678686614 ], [ -3.640947178196231, 40.414423265472131 ], [ -3.642885142026231, 40.414512797492861 ], [ -3.644108690456863, 40.414647802887551 ], [ -3.645417568693247, 40.414855744678256 ], [ -3.646084832773329, 40.414981755589451 ], [ -3.646471542007684, 40.415054824155199 ], [ -3.647720139992327, 40.415366590082471 ], [ -3.650134078189525, 40.416092441120178 ], [ -3.654013206637878, 40.417454126451183 ], [ -3.656292358896229, 40.418049977608483 ], [ -3.658695477181209, 40.418674358705587 ], [ -3.659152434263834, 40.421461954739321 ], [ -3.659540493640016, 40.423829398416643 ], [ -3.65965218093082, 40.424510927857128 ], [ -3.660111830260668, 40.426938230280761 ], [ -3.660589040869439, 40.429457952251816 ], [ -3.660809964859227, 40.431421564583161 ], [ -3.660192987282316, 40.433938694822565 ], [ -3.660018312542262, 40.434655728903934 ], [ -3.659903757530679, 40.435118815362031 ], [ -3.659825784294296, 40.435585207306808 ], [ -3.659714668952545, 40.436243680550263 ], [ -3.659690264976792, 40.43638877503497 ], [ -3.659601842101927, 40.43692027062157 ], [ -3.659591482364332, 40.436982221730155 ], [ -3.659399286621591, 40.438273049094192 ], [ -3.659301359254984, 40.438930545528848 ], [ -3.659287552674623, 40.439243327404526 ], [ -3.659231465640242, 40.440503019103602 ], [ -3.659238978926894, 40.440680814296499 ], [ -3.659245257719669, 40.440828795770344 ], [ -3.65931098607715, 40.441739595712065 ], [ -3.659354247178911, 40.442136737615193 ], [ -3.659485053514031, 40.442623651315785 ], [ -3.65975162825836, 40.443284296470942 ], [ -3.66012055447081, 40.443944449295749 ], [ -3.66060152593175, 40.444606303859636 ], [ -3.66119505334381, 40.445670847818768 ], [ -3.661476432161474, 40.446383387699107 ], [ -3.661688218119849, 40.446984972923119 ], [ -3.661883689354072, 40.447678362801042 ], [ -3.66215514835856, 40.44847194851441 ], [ -3.662293002505721, 40.448952782934327 ], [ -3.66233732371064, 40.449107125326059 ], [ -3.662582063777866, 40.45014509789825 ], [ -3.662840452693465, 40.451371279621696 ], [ -3.662897362855458, 40.451726450264793 ], [ -3.663127745240485, 40.453161711177252 ], [ -3.663300524252316, 40.454302705822023 ], [ -3.663418700880662, 40.455083382381275 ], [ -3.663806177830862, 40.456816029805722 ], [ -3.664354653216355, 40.45853540963472 ], [ -3.664850561351589, 40.45982454734758 ], [ -3.664937273898464, 40.460030355279017 ], [ -3.667721459129683, 40.465380643829697 ], [ -3.66822785822563, 40.466359523819214 ], [ -3.668406555454714, 40.466704258709406 ], [ -3.671106101796094, 40.470249362247948 ], [ -3.671998961802906, 40.471421750434693 ], [ -3.673248421828626, 40.47306241740155 ], [ -3.673564799891668, 40.473746612140232 ], [ -3.673743249023655, 40.474132600736986 ], [ -3.674082633486422, 40.475146389601413 ], [ -3.674182262917354, 40.475447610505555 ], [ -3.674226300686749, 40.475580867324133 ], [ -3.674332949596916, 40.476112136867961 ], [ -3.67436725310498, 40.476416261184234 ], [ -3.674367383690865, 40.476417521676638 ], [ -3.674388608485425, 40.476605235537576 ], [ -3.674432591099482, 40.477204798069671 ], [ -3.674438393656582, 40.477785123073154 ], [ -3.674404985828378, 40.478185105798936 ], [ -3.67439055962079, 40.478357832215153 ], [ -3.67435915881924, 40.478733600618774 ], [ -3.674232470038091, 40.479372715223526 ], [ -3.674199601947167, 40.479566329218635 ], [ -3.674166851369316, 40.479760032602506 ], [ -3.674077720908557, 40.480238298205052 ], [ -3.674038835487029, 40.480427247251455 ], [ -3.673879802505315, 40.481199987824141 ], [ -3.673709806121942, 40.482051876167738 ], [ -3.673682054547033, 40.482190955955893 ], [ -3.673648187854043, 40.482455502994874 ], [ -3.673616278824798, 40.482704761225129 ], [ -3.673524884456439, 40.483417992765226 ], [ -3.673461406299199, 40.48405565749016 ], [ -3.671344776236458, 40.484132454350075 ], [ -3.671087213470704, 40.484144578044173 ], [ -3.670268293743557, 40.484183105689148 ], [ -3.669045789210255, 40.484179095472996 ], [ -3.66721102155269, 40.484100764913926 ], [ -3.666266512992938, 40.48399097932554 ], [ -3.666118268389245, 40.483973724043445 ], [ -3.664723881671463, 40.483768315783514 ], [ -3.664695996571256, 40.48376424105269 ], [ -3.664004182028108, 40.483662264392748 ], [ -3.663727772699107, 40.483617634377936 ], [ -3.659346993046804, 40.482910594210715 ], [ -3.659586785926657, 40.482794814050671 ], [ -3.661006260611384, 40.482108703133214 ], [ -3.661180116656407, 40.482007169643097 ], [ -3.663421859306025, 40.479842279412161 ], [ -3.664876164296937, 40.478367273956813 ], [ -3.665227806183698, 40.477955705964249 ], [ -3.66552543849206, 40.477475258176717 ], [ -3.66552706426295, 40.477472636216625 ], [ -3.665641586795796, 40.477146753233328 ], [ -3.665675211415196, 40.477051244770166 ], [ -3.665758635425509, 40.47678995393143 ], [ -3.665732472099328, 40.476362358229082 ], [ -3.665555734445948, 40.475344727253031 ], [ -3.665439421764403, 40.474819269859921 ], [ -3.665434166973161, 40.474800831736253 ], [ -3.665424621560701, 40.474766021098056 ], [ -3.66515760408986, 40.473803863635652 ], [ -3.664643283909205, 40.471950422745486 ], [ -3.663449965229128, 40.467478259611298 ], [ -3.662937149936603, 40.465672098318507 ], [ -3.662487164136994, 40.464063321200499 ], [ -3.66204197836649, 40.463374426200232 ], [ -3.660431092518643, 40.462250290556895 ], [ -3.660336577083221, 40.462186055040483 ], [ -3.656283844319629, 40.459431073447703 ], [ -3.656249841513617, 40.459342527037386 ], [ -3.655872500744515, 40.458901601122186 ], [ -3.655454409795714, 40.458368922294348 ], [ -3.655145571437168, 40.458009768370623 ], [ -3.654206674536205, 40.456918048148346 ], [ -3.65286784083059, 40.455444159330284 ], [ -3.651307034310966, 40.453705285832058 ], [ -3.650081259963651, 40.452079646478218 ], [ -3.649995033203433, 40.4520408512088 ], [ -3.649930284052571, 40.451954547756493 ], [ -3.64966518530601, 40.451600178678433 ], [ -3.649664468217158, 40.451599191718053 ], [ -3.649325662467277, 40.45114631537173 ], [ -3.648116432955377, 40.449452813584621 ], [ -3.647442394284615, 40.448570364581649 ], [ -3.646473579875829, 40.447689467578243 ], [ -3.644905075304716, 40.446910912159296 ], [ -3.643122372281458, 40.446073434312169 ], [ -3.640471570843799, 40.44478586735687 ], [ -3.640224908889697, 40.444626599308933 ], [ -3.640013184241688, 40.444458309366674 ], [ -3.639718988023648, 40.444210204187947 ], [ -3.639447853438172, 40.44394413282204 ], [ -3.639165163718463, 40.443678034603359 ], [ -3.638987789629379, 40.443438201368586 ], [ -3.63835872515866, 40.442591937840405 ], [ -3.637522712803093, 40.441418070217708 ], [ -3.637315389574196, 40.441127229100317 ], [ -3.636589989323796, 40.440125899795873 ], [ -3.635467650211523, 40.438577193114419 ], [ -3.638029387183962, 40.437886800396548 ], [ -3.63657143620457, 40.435868599413141 ], [ -3.635689945769903, 40.4346481194695 ], [ -3.635171062905921, 40.433958351444574 ], [ -3.634858071556488, 40.433522588248294 ], [ -3.634443417625875, 40.432944767253055 ], [ -3.633919587418993, 40.4322274519442 ], [ -3.633838136513401, 40.432116004469933 ], [ -3.633703614428465, 40.431927280925876 ], [ -3.63307247331129, 40.431041898738499 ], [ -3.632362947390845, 40.430068021560061 ], [ -3.632106896312457, 40.429716444811874 ], [ -3.632023537463963, 40.429602034346743 ], [ -3.631645320009222, 40.429082743498682 ], [ -3.63127396727052, 40.428565846313347 ], [ -3.630701836387607, 40.427769138595195 ], [ -3.630065942879399, 40.426883855214378 ], [ -3.629521073994406, 40.426175822018401 ], [ -3.629401851341564, 40.425994397338805 ], [ -3.628408992859633, 40.424483110045216 ], [ -3.627414746701747, 40.423249390261475 ], [ -3.626599595948814, 40.422117487120573 ], [ -3.626165044658825, 40.421514245407707 ], [ -3.625402717981499, 40.420455831500099 ], [ -3.624569001867176, 40.419322931794682 ], [ -3.624459165095272, 40.419159469172058 ], [ -3.624300025951778, 40.418954198547667 ], [ -3.624172516246087, 40.418765965153824 ], [ -3.624113080642369, 40.418673581852765 ], [ -3.623848719844283, 40.41822968609916 ], [ -3.622824721802486, 40.416869147943295 ], [ -3.622319951637079, 40.416146628022155 ], [ -3.622100661768677, 40.415846180964657 ], [ -3.621886960348234, 40.415525073546959 ] ] ] } },
{ "type": "Feature", "properties": { "district": "Hortaleza", "admin_level": "9" }, "geometry": { "type": "Polygon", "coordinates": [ [ [ -3.601900959944323, 40.501464663109111 ], [ -3.60192147682807, 40.500391290380584 ], [ -3.601925386788691, 40.499361545979788 ], [ -3.601916533730344, 40.498702440937393 ], [ -3.60190188226706, 40.498198937906736 ], [ -3.601887179694366, 40.497811436997083 ], [ -3.601868282164746, 40.497373902393861 ], [ -3.601843213666786, 40.496874903010003 ], [ -3.601820111290508, 40.49638590408258 ], [ -3.601797288054199, 40.495928368312633 ], [ -3.601784418429008, 40.495221785893271 ], [ -3.601776010911469, 40.494957280028252 ], [ -3.601764875123885, 40.494606913228587 ], [ -3.601773494163244, 40.493999043360567 ], [ -3.60177689592824, 40.493680813218234 ], [ -3.601776054163583, 40.493529530250818 ], [ -3.601775149283148, 40.493366558490905 ], [ -3.601785349978955, 40.492879871414331 ], [ -3.601825230563804, 40.491752209223918 ], [ -3.601837213069236, 40.491328576328378 ], [ -3.601838715822158, 40.491277794022736 ], [ -3.601850162447823, 40.490890875383556 ], [ -3.601856843318364, 40.490590503567837 ], [ -3.601862483267193, 40.490383098795043 ], [ -3.601866085721066, 40.490157111936931 ], [ -3.601865876849936, 40.489923995408695 ], [ -3.601861556422328, 40.489821312172992 ], [ -3.601866023356865, 40.489730920042113 ], [ -3.601862606065601, 40.489557888343363 ], [ -3.601860395760839, 40.489310479589378 ], [ -3.601849591969052, 40.488940119845353 ], [ -3.601814286704541, 40.487923447834049 ], [ -3.601769696275071, 40.487373063047954 ], [ -3.601739922996934, 40.486661109964565 ], [ -3.601735559120346, 40.486172490065435 ], [ -3.601721343024544, 40.485454495497848 ], [ -3.601711525332216, 40.485017856798507 ], [ -3.604463283134413, 40.4850124255669 ], [ -3.611542546377768, 40.484976580109652 ], [ -3.614888050528809, 40.484959488997553 ], [ -3.615541016750807, 40.484956142023201 ], [ -3.615542552593138, 40.484954550968645 ], [ -3.616471806626004, 40.483991452487814 ], [ -3.616612089298278, 40.483867710159551 ], [ -3.616748756439873, 40.483758287783267 ], [ -3.61688807633601, 40.483631689007588 ], [ -3.617638464045031, 40.482839773486027 ], [ -3.618200119526271, 40.482268504880587 ], [ -3.625833206767518, 40.482225247976082 ], [ -3.625653402595398, 40.481570088636829 ], [ -3.625744136617318, 40.47722186192189 ], [ -3.625747268493666, 40.477066034791939 ], [ -3.625761312297883, 40.476964892502075 ], [ -3.625882183254058, 40.476570122498337 ], [ -3.625787000581168, 40.476489467040537 ], [ -3.625716132327614, 40.476420726673041 ], [ -3.625685650077072, 40.476331504657317 ], [ -3.625712899791251, 40.476240779117532 ], [ -3.625782464566401, 40.476168894667609 ], [ -3.625906303532272, 40.476086020820389 ], [ -3.625805518965663, 40.475540195696851 ], [ -3.625804651473563, 40.475446762911616 ], [ -3.625801969762002, 40.475341152606546 ], [ -3.625797850986723, 40.475252295963251 ], [ -3.625777148760674, 40.475174224561258 ], [ -3.625718870852558, 40.475083007985269 ], [ -3.6256332651988, 40.475007195104475 ], [ -3.62549009015337, 40.474916438823982 ], [ -3.625369494058948, 40.474837001598175 ], [ -3.625343820969742, 40.474732461608887 ], [ -3.625343458311847, 40.474693371822134 ], [ -3.625318056397332, 40.474646790506512 ], [ -3.625265178692843, 40.474599404675907 ], [ -3.625225058254486, 40.474581505560579 ], [ -3.625155745867403, 40.474562454423527 ], [ -3.625111977171265, 40.474533291258467 ], [ -3.624895322358454, 40.47378886186177 ], [ -3.624831361775571, 40.473623307324075 ], [ -3.624739476676468, 40.473408323675443 ], [ -3.624699103217454, 40.473362776284439 ], [ -3.624613589252517, 40.473296496325474 ], [ -3.624581099079094, 40.473246416214984 ], [ -3.624591260491355, 40.473164127347687 ], [ -3.624571762154981, 40.473080805966305 ], [ -3.624522755214197, 40.473013135867809 ], [ -3.624448935084412, 40.472962288039945 ], [ -3.62436601614167, 40.472940091022551 ], [ -3.624272819772212, 40.47289979456086 ], [ -3.624122923347845, 40.472529623307175 ], [ -3.623989172251261, 40.472199586163974 ], [ -3.623849511826063, 40.471816971895166 ], [ -3.624068079690304, 40.47155271892521 ], [ -3.624132902178557, 40.471474781761074 ], [ -3.624211918123586, 40.471379010304737 ], [ -3.624280859115819, 40.471273758103834 ], [ -3.624366921141321, 40.471130275652925 ], [ -3.624430637650967, 40.471000261565308 ], [ -3.624496673284689, 40.470851166498136 ], [ -3.624547904581204, 40.470721219797589 ], [ -3.624586722850632, 40.470598968055292 ], [ -3.624623946349262, 40.470478778964036 ], [ -3.624649253495234, 40.470341197552514 ], [ -3.624668221325918, 40.470232401662138 ], [ -3.624674987197486, 40.470154181536024 ], [ -3.624681435031671, 40.470041640702291 ], [ -3.624685280848779, 40.469917670717962 ], [ -3.624681793065907, 40.469810902480283 ], [ -3.624675723356162, 40.469694613986874 ], [ -3.624651873371362, 40.469546003653463 ], [ -3.624628290867532, 40.469425996292152 ], [ -3.624591975508725, 40.469279361405441 ], [ -3.624550315622616, 40.469155534600411 ], [ -3.624502241115299, 40.469026227135103 ], [ -3.624419685118048, 40.468704932559142 ], [ -3.627971314891699, 40.468482119593119 ], [ -3.627686047665605, 40.4681312466004 ], [ -3.62342442344251, 40.462668910138859 ], [ -3.622751191238118, 40.461846126924101 ], [ -3.622173908844236, 40.461215201358719 ], [ -3.621513961564911, 40.460584147960624 ], [ -3.620926647312225, 40.460141710273248 ], [ -3.620251140499157, 40.45974019233369 ], [ -3.617390576384766, 40.458148619416157 ], [ -3.613896565770113, 40.456153754460409 ], [ -3.61233745714598, 40.455286776410802 ], [ -3.608976414394077, 40.454219530966945 ], [ -3.607715021490755, 40.453883539526721 ], [ -3.606627630910566, 40.453499055469706 ], [ -3.606184310084875, 40.453274978287233 ], [ -3.605707899103975, 40.452977107871391 ], [ -3.605434578617404, 40.45275889543128 ], [ -3.605413580708975, 40.452775587400644 ], [ -3.605399837008608, 40.452768381898075 ], [ -3.605258261950621, 40.452654140309903 ], [ -3.605181230012517, 40.452588994027373 ], [ -3.605078926619623, 40.452489415987628 ], [ -3.604971880083967, 40.452382713123434 ], [ -3.604885252617349, 40.452291396115903 ], [ -3.604776486262387, 40.452166823672151 ], [ -3.60467706942682, 40.452041011223869 ], [ -3.60459334950101, 40.451925842724428 ], [ -3.604530877605875, 40.451831344142164 ], [ -3.604488316916564, 40.451765222510495 ], [ -3.60530177017092, 40.451236856334027 ], [ -3.606232628703259, 40.450624169563859 ], [ -3.606861274010102, 40.45021390929621 ], [ -3.60697884246926, 40.450142579332535 ], [ -3.607025816820042, 40.450114006510823 ], [ -3.607757285766213, 40.449670281498818 ], [ -3.609078110188621, 40.449686813453134 ], [ -3.614788703694429, 40.44970926809772 ], [ -3.616673073146118, 40.449697453447826 ], [ -3.619937995323823, 40.449683544941685 ], [ -3.622311542189618, 40.449673523822526 ], [ -3.62628773537149, 40.449525702783191 ], [ -3.627665493322644, 40.449489599414427 ], [ -3.628411788303546, 40.449470058287709 ], [ -3.629442020981033, 40.449434915248283 ], [ -3.630681033562813, 40.449392679092149 ], [ -3.631961029853121, 40.449256511868754 ], [ -3.633493209040442, 40.449015750493544 ], [ -3.634388340173787, 40.448871337867708 ], [ -3.635101098243562, 40.448753285309792 ], [ -3.635733802412278, 40.448664891185572 ], [ -3.636090413224056, 40.448621025807697 ], [ -3.636654476477074, 40.448579877328754 ], [ -3.637307435692989, 40.448576285600531 ], [ -3.637993955931627, 40.44861055452747 ], [ -3.639831902098109, 40.448871423198788 ], [ -3.642754439255258, 40.44933675417515 ], [ -3.643835266859263, 40.44951676731867 ], [ -3.645076735845103, 40.449712785713956 ], [ -3.646057323005862, 40.449825694142355 ], [ -3.646693489512215, 40.449801005381907 ], [ -3.647277619935626, 40.449686334241825 ], [ -3.647825341654083, 40.44953381194852 ], [ -3.647827928989102, 40.449533076727846 ], [ -3.648116432955377, 40.449452813584621 ], [ -3.649325662467277, 40.45114631537173 ], [ -3.649664468217158, 40.451599191718053 ], [ -3.64966518530601, 40.451600178678433 ], [ -3.649930284052571, 40.451954547756493 ], [ -3.649995033203433, 40.4520408512088 ], [ -3.650081259963651, 40.452079646478218 ], [ -3.651307034310966, 40.453705285832058 ], [ -3.65286784083059, 40.455444159330284 ], [ -3.654206674536205, 40.456918048148346 ], [ -3.655145571437168, 40.458009768370623 ], [ -3.655454409795714, 40.458368922294348 ], [ -3.655872500744515, 40.458901601122186 ], [ -3.656249841513617, 40.459342527037386 ], [ -3.656283844319629, 40.459431073447703 ], [ -3.660336577083221, 40.462186055040483 ], [ -3.660431092518643, 40.462250290556895 ], [ -3.66204197836649, 40.463374426200232 ], [ -3.662487164136994, 40.464063321200499 ], [ -3.662937149936603, 40.465672098318507 ], [ -3.663449965229128, 40.467478259611298 ], [ -3.664643283909205, 40.471950422745486 ], [ -3.66515760408986, 40.473803863635652 ], [ -3.665424621560701, 40.474766021098056 ], [ -3.665434166973161, 40.474800831736253 ], [ -3.665439421764403, 40.474819269859921 ], [ -3.665555734445948, 40.475344727253031 ], [ -3.665732472099328, 40.476362358229082 ], [ -3.665758635425509, 40.47678995393143 ], [ -3.665675211415196, 40.477051244770166 ], [ -3.665641586795796, 40.477146753233328 ], [ -3.66552706426295, 40.477472636216625 ], [ -3.66552543849206, 40.477475258176717 ], [ -3.665227806183698, 40.477955705964249 ], [ -3.664876164296937, 40.478367273956813 ], [ -3.663421859306025, 40.479842279412161 ], [ -3.661180116656407, 40.482007169643097 ], [ -3.661006260611384, 40.482108703133214 ], [ -3.659586785926657, 40.482794814050671 ], [ -3.659346993046804, 40.482910594210715 ], [ -3.663727772699107, 40.483617634377936 ], [ -3.664004182028108, 40.483662264392748 ], [ -3.664695996571256, 40.48376424105269 ], [ -3.664723881671463, 40.483768315783514 ], [ -3.666118268389245, 40.483973724043445 ], [ -3.666266512992938, 40.48399097932554 ], [ -3.66721102155269, 40.484100764913926 ], [ -3.669045789210255, 40.484179095472996 ], [ -3.670268293743557, 40.484183105689148 ], [ -3.671087213470704, 40.484144578044173 ], [ -3.671344776236458, 40.484132454350075 ], [ -3.673461406299199, 40.48405565749016 ], [ -3.673418096926119, 40.484551043411486 ], [ -3.67335334524168, 40.485250606838896 ], [ -3.673326924046974, 40.48560589431878 ], [ -3.673220115532832, 40.486737592252425 ], [ -3.673168246251256, 40.48720311713015 ], [ -3.673138793652472, 40.487420494294298 ], [ -3.673062810030249, 40.487940934791254 ], [ -3.672981943774639, 40.488374195272179 ], [ -3.672892978684004, 40.488764711252855 ], [ -3.672837257244535, 40.488998367231837 ], [ -3.672795451186532, 40.489136717669524 ], [ -3.672707998253444, 40.489418666032471 ], [ -3.672600787257344, 40.489730999343976 ], [ -3.672464931867146, 40.49006998549762 ], [ -3.672349416615447, 40.490318853848201 ], [ -3.672220419536336, 40.490576628351825 ], [ -3.672106393153152, 40.490785668275876 ], [ -3.671959739045233, 40.491024266029939 ], [ -3.671805282289955, 40.491249665809434 ], [ -3.671631516683214, 40.491479501880619 ], [ -3.671440348751771, 40.491715654956508 ], [ -3.671183895533552, 40.491996239679032 ], [ -3.670986617992273, 40.492199814222694 ], [ -3.670651133688464, 40.492507523020429 ], [ -3.670474680632446, 40.492657642933416 ], [ -3.670192530377317, 40.492894320812908 ], [ -3.670019807884883, 40.493028203209562 ], [ -3.669246190953049, 40.493647178876877 ], [ -3.668538822375714, 40.494200902693152 ], [ -3.667892926162111, 40.494707421353532 ], [ -3.667580298403847, 40.494954448136433 ], [ -3.667114743859365, 40.495321994665332 ], [ -3.666987118132416, 40.495423897123821 ], [ -3.666500411639651, 40.495812467562892 ], [ -3.666011017857553, 40.49620492166212 ], [ -3.66486451117579, 40.497132408112755 ], [ -3.664116289071844, 40.497751113014864 ], [ -3.663464971029689, 40.498289079082291 ], [ -3.662886412107224, 40.498786534394107 ], [ -3.662267164172715, 40.499371607468035 ], [ -3.661777284436423, 40.499899991901152 ], [ -3.661523031054275, 40.50018360628335 ], [ -3.661077724483123, 40.500697498440736 ], [ -3.660414639846899, 40.501474250080356 ], [ -3.660050250321616, 40.501912183669489 ], [ -3.659575548556909, 40.502487769673714 ], [ -3.659205156617685, 40.502965642530945 ], [ -3.659112222725327, 40.50309310743976 ], [ -3.658933208744562, 40.503348899740239 ], [ -3.658826836862878, 40.503514459588352 ], [ -3.658734201155965, 40.503672553720051 ], [ -3.658640324186224, 40.503848582602927 ], [ -3.658557447696712, 40.504015088448476 ], [ -3.658462432864792, 40.504219681943212 ], [ -3.658392197953253, 40.504399810090831 ], [ -3.658327759030521, 40.504605311229959 ], [ -3.658235710918522, 40.504956823109417 ], [ -3.658192460122645, 40.505217157877098 ], [ -3.658163291918761, 40.505493448289357 ], [ -3.658154023679615, 40.505825391455787 ], [ -3.658160378519765, 40.506186073262263 ], [ -3.658173945562999, 40.506584372145909 ], [ -3.658199981052037, 40.506990258464462 ], [ -3.658224738896704, 40.507398223175564 ], [ -3.658237526030328, 40.507571572878305 ], [ -3.658250499079442, 40.507763930327727 ], [ -3.658268007594509, 40.507997522766487 ], [ -3.658280713072998, 40.508186638512839 ], [ -3.658291506491046, 40.508385405583496 ], [ -3.658300026988337, 40.508580941484162 ], [ -3.658301772285987, 40.508759669304219 ], [ -3.658308206043305, 40.508983324890508 ], [ -3.658304755898767, 40.509125505204743 ], [ -3.658299900079571, 40.509317063269634 ], [ -3.658298362000337, 40.509377161483577 ], [ -3.658296405874164, 40.509454740270861 ], [ -3.658282325163166, 40.509596260418149 ], [ -3.658266543914659, 40.509756890043278 ], [ -3.658243112907735, 40.509919814564043 ], [ -3.658216742591859, 40.510095999819875 ], [ -3.658174503392961, 40.510303176016755 ], [ -3.658140129839516, 40.510445532418622 ], [ -3.658073821351062, 40.510677889520103 ], [ -3.658011110042505, 40.510867613942899 ], [ -3.6579536816191, 40.511018210474894 ], [ -3.657866980426077, 40.511229332428343 ], [ -3.657752447790907, 40.511467098025449 ], [ -3.65761455119984, 40.511717880105422 ], [ -3.657614183010505, 40.511718855162982 ], [ -3.656169890475041, 40.513097150159638 ], [ -3.654532885938794, 40.512787770031892 ], [ -3.652380620578821, 40.511437586291194 ], [ -3.652448383800801, 40.511121709812258 ], [ -3.652337592801188, 40.511128781171536 ], [ -3.652264994278944, 40.511131462123529 ], [ -3.652199651229764, 40.51112986609013 ], [ -3.652104800595263, 40.511125096934393 ], [ -3.651985021995405, 40.511112142312122 ], [ -3.651783166081529, 40.511079492195137 ], [ -3.651684134139515, 40.511060028417226 ], [ -3.651587748018768, 40.511047700009414 ], [ -3.650853677412432, 40.510974250275474 ], [ -3.650384083260845, 40.510928626252948 ], [ -3.64986008984098, 40.510876870289394 ], [ -3.649574529818801, 40.5108484428197 ], [ -3.64921372188025, 40.51081364289454 ], [ -3.649104458427743, 40.510801743312967 ], [ -3.6490343461913, 40.510793556131446 ], [ -3.64897101268582, 40.510783900222798 ], [ -3.648878977142936, 40.510761176761122 ], [ -3.648773251026562, 40.510727446422543 ], [ -3.64862937594972, 40.510672478097959 ], [ -3.648456823296382, 40.510606943607669 ], [ -3.648207130260278, 40.510508589689472 ], [ -3.648099907416284, 40.510465214075523 ], [ -3.648014737009885, 40.510425647091452 ], [ -3.647949290015458, 40.510390974807102 ], [ -3.647894636071296, 40.510358386995549 ], [ -3.647821586646884, 40.510312673594228 ], [ -3.647767777081988, 40.510270427936021 ], [ -3.647730004221673, 40.510239533686111 ], [ -3.647487390622537, 40.510028128884237 ], [ -3.647143876263008, 40.509642516596557 ], [ -3.646827607694379, 40.509330257205782 ], [ -3.646631618327833, 40.509144824445343 ], [ -3.646376900675792, 40.508907939300187 ], [ -3.646245268400965, 40.508787013679331 ], [ -3.646024828528909, 40.508582499675363 ], [ -3.645936010501087, 40.508497973605728 ], [ -3.645847885383892, 40.508421429098746 ], [ -3.645772243692455, 40.508363134399232 ], [ -3.645705978099714, 40.508319818639876 ], [ -3.645611272829561, 40.508263039347355 ], [ -3.645532707787659, 40.508220732732845 ], [ -3.644997895967065, 40.507963014429478 ], [ -3.644841172141792, 40.507882205207345 ], [ -3.644375140976707, 40.508056585967473 ], [ -3.64434336035217, 40.508113314864637 ], [ -3.644144423373439, 40.508056525414027 ], [ -3.64386971014323, 40.508007950566181 ], [ -3.643621370991727, 40.507971477601934 ], [ -3.643454792676821, 40.507942341590493 ], [ -3.643365989698178, 40.507933193778513 ], [ -3.643256831110957, 40.507948103115325 ], [ -3.643060671172239, 40.508008785262874 ], [ -3.642705119490086, 40.508109076711769 ], [ -3.64249848435919, 40.508162557677835 ], [ -3.642411143498178, 40.508181971891283 ], [ -3.642339504717426, 40.508195142964816 ], [ -3.642256854850887, 40.508206328365318 ], [ -3.642181955380766, 40.50821151213745 ], [ -3.642105448978645, 40.508211937269657 ], [ -3.642027548558997, 40.50820084318336 ], [ -3.641914993611169, 40.508187166802685 ], [ -3.641754504607305, 40.508169789894147 ], [ -3.641610757182941, 40.508159861177859 ], [ -3.641460264968539, 40.508150363412305 ], [ -3.641350514350551, 40.50813703217235 ], [ -3.641276733412173, 40.508114046364994 ], [ -3.641187560356292, 40.508084127966399 ], [ -3.641081518960505, 40.508053131919411 ], [ -3.641100497982049, 40.508002424425342 ], [ -3.639554461121011, 40.507880795139243 ], [ -3.633647103462225, 40.507816700913878 ], [ -3.63327646768947, 40.507650620711523 ], [ -3.633265414447173, 40.507671467571427 ], [ -3.633206322935936, 40.507657877094346 ], [ -3.633149783579233, 40.50766063911427 ], [ -3.633084576915929, 40.507671387252827 ], [ -3.632942670571346, 40.507724972189777 ], [ -3.632753542661153, 40.507814947612793 ], [ -3.632534612475865, 40.507927979331576 ], [ -3.632417783961758, 40.50801271614381 ], [ -3.632317258815684, 40.508079632268647 ], [ -3.632191560391343, 40.508139415823116 ], [ -3.632116063463964, 40.508165142990038 ], [ -3.63197240599125, 40.50820853100592 ], [ -3.631613891099474, 40.508358696877217 ], [ -3.631328581389128, 40.508391014203831 ], [ -3.631125132956532, 40.508435096267796 ], [ -3.630951256063637, 40.508440063739428 ], [ -3.63079446326457, 40.508439029644045 ], [ -3.630385052900719, 40.50844091508344 ], [ -3.629951796307311, 40.508442489432532 ], [ -3.629820866736385, 40.508436959913077 ], [ -3.629678711783414, 40.508421761775701 ], [ -3.629433268225628, 40.508394017220724 ], [ -3.629258687120766, 40.50837630331494 ], [ -3.629139264664648, 40.508370034693073 ], [ -3.629031573956389, 40.508372558760563 ], [ -3.628865848253919, 40.508382584080771 ], [ -3.628758177618658, 40.508386881641229 ], [ -3.628626591116104, 40.508400218126532 ], [ -3.628467513187455, 40.508408647267991 ], [ -3.62838269032698, 40.508410621141408 ], [ -3.628284190731712, 40.508420122394291 ], [ -3.628162473504918, 40.5084522801886 ], [ -3.628045322604877, 40.508494796722495 ], [ -3.627921736651295, 40.508538464309815 ], [ -3.62780190790305, 40.508594458082236 ], [ -3.627580287043702, 40.508726427290185 ], [ -3.627502566553489, 40.508764712950331 ], [ -3.627374994701626, 40.508797706203268 ], [ -3.627170078712559, 40.508874842112441 ], [ -3.627004811171651, 40.508949431931129 ], [ -3.626707365496654, 40.509084327041982 ], [ -3.626543151583403, 40.509156448347142 ], [ -3.626381136178645, 40.509217906252886 ], [ -3.626254556206284, 40.509261372972119 ], [ -3.625971128495031, 40.509344966385889 ], [ -3.625847571500945, 40.509381904635127 ], [ -3.625677924447125, 40.509388404316297 ], [ -3.625544751107273, 40.509398790059151 ], [ -3.625381522513044, 40.509423581411575 ], [ -3.625233820637199, 40.509450630846892 ], [ -3.625116941523673, 40.509462679270214 ], [ -3.625071436659435, 40.509476030699318 ], [ -3.624961660961887, 40.50943890858187 ], [ -3.624894785365752, 40.50941985240464 ], [ -3.624784793140004, 40.509393081640503 ], [ -3.624641695321651, 40.509380039144347 ], [ -3.624544766201996, 40.509374681117386 ], [ -3.624439969459818, 40.509363254770832 ], [ -3.624298581789837, 40.509334655910259 ], [ -3.624184224941511, 40.50929806320174 ], [ -3.624010632174298, 40.509233131078034 ], [ -3.623950640931571, 40.509206336350047 ], [ -3.623818637817307, 40.509156265712214 ], [ -3.623669016465445, 40.509099072960552 ], [ -3.623545118424482, 40.509066655394705 ], [ -3.623412866506966, 40.509044462846504 ], [ -3.623290385692409, 40.509034295708737 ], [ -3.623166098991439, 40.509030499380458 ], [ -3.623045857427091, 40.509035906246723 ], [ -3.622944377819707, 40.509047660437126 ], [ -3.62283312451474, 40.509076821106049 ], [ -3.622721971312235, 40.509114262131042 ], [ -3.622562946118954, 40.509166822084438 ], [ -3.622484994232136, 40.509193977797857 ], [ -3.62237018791827, 40.509242054278161 ], [ -3.622277243805697, 40.509283547215823 ], [ -3.622154850826724, 40.509361843327895 ], [ -3.622067237479194, 40.509428069322773 ], [ -3.621948875824712, 40.509556431325684 ], [ -3.621842281726292, 40.509656060787229 ], [ -3.621727245800793, 40.509758521127111 ], [ -3.621649437680202, 40.509834845302514 ], [ -3.621591865582982, 40.509881454554233 ], [ -3.621548558530307, 40.509905783660649 ], [ -3.621419581429567, 40.509997181845179 ], [ -3.621372593976046, 40.510023429757688 ], [ -3.621330028604051, 40.510047952089238 ], [ -3.621269286646851, 40.510074836070089 ], [ -3.621188418176699, 40.510098838149815 ], [ -3.621129239414137, 40.510114266917093 ], [ -3.620975888657081, 40.510152180811097 ], [ -3.620862019872011, 40.510170000592701 ], [ -3.620765928926752, 40.51018126176232 ], [ -3.620652999390708, 40.510194579939281 ], [ -3.620492876940517, 40.510209736087674 ], [ -3.620293201732617, 40.510232996147586 ], [ -3.620114381380747, 40.510250197162783 ], [ -3.619901033120888, 40.510260020136975 ], [ -3.619731526773418, 40.510262108577891 ], [ -3.61960434452065, 40.510259287005852 ], [ -3.619472232743107, 40.51024910440286 ], [ -3.61933027048132, 40.510225125025208 ], [ -3.619132522637285, 40.510194133629597 ], [ -3.618929898639305, 40.510160404975032 ], [ -3.61878301816451, 40.510129989165101 ], [ -3.618689846444373, 40.510116138621896 ], [ -3.618563914505685, 40.51010766782219 ], [ -3.61844796305113, 40.51009914977822 ], [ -3.618349864786244, 40.510097383770166 ], [ -3.618221070445881, 40.510107659266474 ], [ -3.618118936544395, 40.510126453195674 ], [ -3.618007408514557, 40.51017085468915 ], [ -3.617866510435798, 40.510247187585847 ], [ -3.617691809243545, 40.510322326240342 ], [ -3.617560545379181, 40.510384226321619 ], [ -3.617444968273233, 40.510441398338422 ], [ -3.61733048154146, 40.510488395142296 ], [ -3.617230971581743, 40.51052144530432 ], [ -3.61713238194976, 40.510547387830904 ], [ -3.617035286965752, 40.510566807940464 ], [ -3.616940521485561, 40.510588112810957 ], [ -3.616828281619647, 40.510620306272209 ], [ -3.616659428575855, 40.510677975378734 ], [ -3.616471250438541, 40.510740131075835 ], [ -3.616348178766102, 40.510777943062955 ], [ -3.6162745783642, 40.510800629078709 ], [ -3.616049990155371, 40.510855772022396 ], [ -3.615920878970976, 40.510897667064029 ], [ -3.615758688905024, 40.510926583399907 ], [ -3.615581319521547, 40.510956025410565 ], [ -3.615478548672916, 40.510969667296443 ], [ -3.615355139763199, 40.510978828945703 ], [ -3.615195231440466, 40.510973451587901 ], [ -3.615073973108933, 40.510959492700081 ], [ -3.614917241669236, 40.510915275896579 ], [ -3.614749569775288, 40.510867436035568 ], [ -3.614519949628235, 40.510803383192588 ], [ -3.61444473696897, 40.51079188144783 ], [ -3.614352462986329, 40.510771254231265 ], [ -3.614264772651047, 40.510728412696857 ], [ -3.614227687447061, 40.510696459676772 ], [ -3.614222599123619, 40.51067926886811 ], [ -3.614218613674658, 40.510636511178447 ], [ -3.614256110694384, 40.510456179339656 ], [ -3.614260255945857, 40.510380494957353 ], [ -3.61424018950914, 40.51030124831501 ], [ -3.614212972529886, 40.510233113444094 ], [ -3.61417866879503, 40.510183469210723 ], [ -3.614144383122467, 40.510135669898368 ], [ -3.61409800913383, 40.510087935716108 ], [ -3.614010231576342, 40.510007203809209 ], [ -3.613917718448757, 40.509937569861684 ], [ -3.613735196418942, 40.509807513580014 ], [ -3.613587865515072, 40.509707266272876 ], [ -3.613432313000484, 40.509596147205073 ], [ -3.613283443167689, 40.509515386772321 ], [ -3.613112295035394, 40.509411415734903 ], [ -3.612961685461956, 40.50933355507815 ], [ -3.612844114578499, 40.509282931374628 ], [ -3.612655089606919, 40.509202969553336 ], [ -3.612513354917077, 40.50914408 ], [ -3.612393743550333, 40.509105999869035 ], [ -3.612253607939834, 40.509072213903714 ], [ -3.612088542998486, 40.509041925549752 ], [ -3.611820442369482, 40.50898990344367 ], [ -3.611695660875264, 40.508976392078843 ], [ -3.611528607340317, 40.508955301654311 ], [ -3.611450278578197, 40.508949875647666 ], [ -3.611388937114209, 40.508950974068902 ], [ -3.611298734973094, 40.508948857594419 ], [ -3.611201731511755, 40.508921088967917 ], [ -3.611076731873683, 40.508855169555368 ], [ -3.611009752674656, 40.508806387229754 ], [ -3.610827048159603, 40.508679456077211 ], [ -3.610644196622815, 40.508507871757246 ], [ -3.610432518353178, 40.508314028808989 ], [ -3.610260871067391, 40.508163672779936 ], [ -3.610111182173992, 40.508006478098537 ], [ -3.609920903052831, 40.507824847226182 ], [ -3.609592637478656, 40.507562149234062 ], [ -3.609373839528142, 40.507391872283662 ], [ -3.609125785948209, 40.507232954430641 ], [ -3.608805994196282, 40.507013907316967 ], [ -3.608528433490679, 40.506838336552043 ], [ -3.608238428523334, 40.506666190942809 ], [ -3.608020112455807, 40.506548570563403 ], [ -3.607816637274697, 40.506448798583335 ], [ -3.607541748805976, 40.506324753268274 ], [ -3.607141136909315, 40.506176715851744 ], [ -3.606959914381973, 40.506102597291068 ], [ -3.606790203039929, 40.506002646148467 ], [ -3.606625261525336, 40.505887487861692 ], [ -3.606512740178575, 40.505796534200307 ], [ -3.606420256671236, 40.505710859918089 ], [ -3.606334753535234, 40.505617072426624 ], [ -3.606272824682109, 40.50555038258792 ], [ -3.606228813178131, 40.505491407666966 ], [ -3.606182629981393, 40.505306438865631 ], [ -3.606116765152786, 40.505042921670416 ], [ -3.606074673318104, 40.504807998430138 ], [ -3.606040178113054, 40.504633168165554 ], [ -3.606011811953224, 40.504486128039126 ], [ -3.605966735635493, 40.504311353229333 ], [ -3.605928134445054, 40.504202959220628 ], [ -3.605856703681155, 40.504104609307873 ], [ -3.605770003710701, 40.504008133969819 ], [ -3.605653645515674, 40.503882197126472 ], [ -3.60555273351257, 40.503774130431751 ], [ -3.605413786655294, 40.503620487602149 ], [ -3.605256158953103, 40.503481305389954 ], [ -3.604958967885764, 40.503250410230592 ], [ -3.604794352679363, 40.503118442276026 ], [ -3.604643671225231, 40.503032428744682 ], [ -3.60465440372365, 40.503022798792017 ], [ -3.603349026931857, 40.501762493439628 ], [ -3.602803561046135, 40.501447496445117 ], [ -3.602836662902552, 40.501334136343552 ], [ -3.602414875199085, 40.501277138958706 ], [ -3.602340154852197, 40.501268195173864 ], [ -3.602303530754564, 40.501263880687034 ], [ -3.602288189160722, 40.501263960643925 ], [ -3.60227639599163, 40.501264922999965 ], [ -3.602263430756351, 40.501266792357136 ], [ -3.602251661756318, 40.501270457267047 ], [ -3.602242253000581, 40.501274109875823 ], [ -3.602234024366671, 40.501277756333948 ], [ -3.602228155969657, 40.501281389590986 ], [ -3.602221139690112, 40.501288634207732 ], [ -3.602212959382035, 40.50129768487632 ], [ -3.602209467348944, 40.501303108438144 ], [ -3.60219219933586, 40.501351846702924 ], [ -3.602183032238185, 40.501382524870756 ], [ -3.602170284478591, 40.501408717225011 ], [ -3.602151636081028, 40.501434940323342 ], [ -3.602138782401909, 40.501449421602594 ], [ -3.602115332926727, 40.501466660769552 ], [ -3.602096531453845, 40.501475767668651 ], [ -3.602078885939193, 40.501482165860004 ], [ -3.602056511852652, 40.501487686888225 ], [ -3.602031753355775, 40.501490518552359 ], [ -3.602004586282959, 40.501487957393543 ], [ -3.601944287081907, 40.501475658073637 ], [ -3.601900959944323, 40.501464663109111 ] ] ] } },
{ "type": "Feature", "properties": { "district": "Villaverde", "admin_level": "9" }, "geometry": { "type": "Polygon", "coordinates": [ [ [ -3.657513635019396, 40.328925691202393 ], [ -3.659912000658012, 40.32786187975401 ], [ -3.659888978784875, 40.3277525791259 ], [ -3.660343421157634, 40.327746646063019 ], [ -3.660544577092149, 40.32773266756984 ], [ -3.660712058610557, 40.327706045677274 ], [ -3.660862986979206, 40.327700907739398 ], [ -3.661008439930145, 40.327708630884786 ], [ -3.661131405514228, 40.32770364968075 ], [ -3.6612547444197, 40.327737164293943 ], [ -3.661394980920824, 40.327783412151483 ], [ -3.661501676628516, 40.327829851651352 ], [ -3.661591971367789, 40.327914880235241 ], [ -3.661687733354805, 40.327987044779661 ], [ -3.661828430215777, 40.328080339078554 ], [ -3.661974927551475, 40.328194984226784 ], [ -3.662202154112439, 40.328366767326685 ], [ -3.662283434564005, 40.328432886219552 ], [ -3.662334596096704, 40.328456953238323 ], [ -3.662455811221365, 40.3284838668771 ], [ -3.662500719459372, 40.328519338332129 ], [ -3.662558246864783, 40.328543368791749 ], [ -3.662655883364609, 40.328546057320153 ], [ -3.662719792458826, 40.328571674596631 ], [ -3.6627583669235, 40.328610430051299 ], [ -3.662905916959589, 40.328726513046476 ], [ -3.663040419318474, 40.32881018980575 ], [ -3.663183378297026, 40.328890570110154 ], [ -3.663300875705683, 40.328912898675227 ], [ -3.663434153898254, 40.328928213050055 ], [ -3.663553206438812, 40.328922169706786 ], [ -3.663668816656058, 40.328921507360178 ], [ -3.663746011577177, 40.328934463802455 ], [ -3.663788422855194, 40.328971739206381 ], [ -3.663833734234867, 40.329034435398761 ], [ -3.664133686466752, 40.328868587809062 ], [ -3.665046667366476, 40.328457576563771 ], [ -3.664951575815681, 40.328395384135639 ], [ -3.665104476797058, 40.328234320773717 ], [ -3.66522300193901, 40.328124943328604 ], [ -3.665334259350546, 40.328036583662879 ], [ -3.665486521958925, 40.32793750038995 ], [ -3.665600391179816, 40.327861520285978 ], [ -3.665773896619806, 40.32776898840725 ], [ -3.666036551448458, 40.32762064097264 ], [ -3.666218466096187, 40.3274965954054 ], [ -3.666464652757386, 40.327320691732062 ], [ -3.66666459722466, 40.327186717055689 ], [ -3.666726306879221, 40.32714000098926 ], [ -3.666740491787682, 40.327119826028643 ], [ -3.666763831925933, 40.327086319646625 ], [ -3.666790628857589, 40.327034707380662 ], [ -3.666821712971944, 40.326984062306266 ], [ -3.666850133389921, 40.326925782873964 ], [ -3.66686783767884, 40.326864088566104 ], [ -3.666922278657442, 40.326741006435746 ], [ -3.667017426068213, 40.32659297103725 ], [ -3.667066231480021, 40.326528219817234 ], [ -3.667140124869637, 40.326427243871954 ], [ -3.66723927264399, 40.326296445926481 ], [ -3.667276055425508, 40.326262625855961 ], [ -3.667315039467447, 40.326231443579495 ], [ -3.667371859501563, 40.326192642920063 ], [ -3.667503581764893, 40.326114511941469 ], [ -3.667728572998685, 40.326000941747118 ], [ -3.667859750461138, 40.325943691411752 ], [ -3.667945267424738, 40.325898860698857 ], [ -3.668036939655494, 40.325842831984815 ], [ -3.668148844677282, 40.325754764058274 ], [ -3.668304808282815, 40.325638370641194 ], [ -3.668374878427958, 40.325596035206949 ], [ -3.668510423020991, 40.325516255734918 ], [ -3.668751372435365, 40.325376952056352 ], [ -3.668860796076383, 40.325318625421005 ], [ -3.669017198448445, 40.325240221175335 ], [ -3.669184220773813, 40.325165204902575 ], [ -3.669370518502025, 40.325101107708512 ], [ -3.669518191967859, 40.325051215141897 ], [ -3.669650018807392, 40.325024400182549 ], [ -3.669864504574715, 40.324999448826254 ], [ -3.670152044989424, 40.324974073864226 ], [ -3.670453385052221, 40.325001120185988 ], [ -3.671153630560826, 40.325243415873516 ], [ -3.671445759489051, 40.325308760677096 ], [ -3.67215217164236, 40.325527215812862 ], [ -3.672856223711896, 40.325691990062587 ], [ -3.673622535081617, 40.325918404134057 ], [ -3.674285345850913, 40.326066582445527 ], [ -3.674888342460997, 40.32605847034398 ], [ -3.675419969196164, 40.326079889549966 ], [ -3.675924805703989, 40.326076947949055 ], [ -3.676312080378425, 40.326171470974593 ], [ -3.676870841970973, 40.326330971781218 ], [ -3.677141763975729, 40.326401791225436 ], [ -3.677732668584377, 40.326437847669716 ], [ -3.678000524157862, 40.326457829793114 ], [ -3.678259641057994, 40.326441841994075 ], [ -3.678555862323324, 40.326364532938804 ], [ -3.678919148525456, 40.326326845644715 ], [ -3.679214337190705, 40.326331015569345 ], [ -3.67949492088162, 40.326221631321964 ], [ -3.679932275743408, 40.326047956170548 ], [ -3.680232709579922, 40.325852900386536 ], [ -3.680507891337177, 40.325619969992495 ], [ -3.68067097337806, 40.325359179129471 ], [ -3.680760473575461, 40.325171730664295 ], [ -3.680841022195795, 40.324934917598021 ], [ -3.680917357828346, 40.324748161810682 ], [ -3.680956715959657, 40.324604400193437 ], [ -3.681050501367591, 40.324519197700475 ], [ -3.681267440122609, 40.324372005587506 ], [ -3.681606637633578, 40.324123290691496 ], [ -3.681817474727032, 40.323955903354573 ], [ -3.682112057093226, 40.323758888813835 ], [ -3.682439989077584, 40.323590755748434 ], [ -3.682731250225525, 40.323500209138096 ], [ -3.68299291251434, 40.323447089571196 ], [ -3.683224529517417, 40.323385550302177 ], [ -3.683366303423016, 40.323330266698463 ], [ -3.683601039542358, 40.323205662819596 ], [ -3.683876472283211, 40.323032115078441 ], [ -3.684257757231098, 40.322738542650306 ], [ -3.684432830814546, 40.322599632924458 ], [ -3.684697877844211, 40.322445821648842 ], [ -3.684913907369919, 40.322342055977558 ], [ -3.685066973707561, 40.322256364965831 ], [ -3.685232581939261, 40.322194153094649 ], [ -3.685730275571605, 40.32209229372905 ], [ -3.686240604435393, 40.322023326412527 ], [ -3.686597356718685, 40.321988234933123 ], [ -3.686935174784169, 40.32193248499842 ], [ -3.68749801693551, 40.321938543268864 ], [ -3.687824891428292, 40.321912986123678 ], [ -3.688785138612022, 40.321657024101988 ], [ -3.689862258474964, 40.321362584340214 ], [ -3.691000662352898, 40.321025272125596 ], [ -3.691266626256554, 40.320933068620789 ], [ -3.691874332392997, 40.320608359553184 ], [ -3.692138750366651, 40.320512349697317 ], [ -3.69232983156279, 40.320487593146844 ], [ -3.692541862540244, 40.320360336683301 ], [ -3.692745232983875, 40.320205286075755 ], [ -3.692868026370029, 40.320112846067403 ], [ -3.692998894048494, 40.320052898769021 ], [ -3.693019206743996, 40.320109282748803 ], [ -3.696161551104885, 40.322217511897371 ], [ -3.699625391288739, 40.322346822608317 ], [ -3.703124877787801, 40.322121212143841 ], [ -3.708041160737349, 40.323014252944645 ], [ -3.710077749091417, 40.323401072610828 ], [ -3.7125427929748, 40.323494494291332 ], [ -3.712907857446791, 40.325628510210784 ], [ -3.714445432861512, 40.328058637956396 ], [ -3.720168796056408, 40.330806850841924 ], [ -3.723665620335941, 40.333552766106301 ], [ -3.724926339963092, 40.334986170225832 ], [ -3.724419262479238, 40.338748535737601 ], [ -3.723993607496551, 40.341887298032951 ], [ -3.723502789967396, 40.345543590698348 ], [ -3.722409542195374, 40.354330759310741 ], [ -3.721777872455311, 40.358931175283843 ], [ -3.721163937536349, 40.363324263175812 ], [ -3.720984872579462, 40.364785263083967 ], [ -3.72098435045999, 40.364785229401598 ], [ -3.714153079999703, 40.36435918704079 ], [ -3.709766225508961, 40.364022196818134 ], [ -3.708093676113109, 40.363943428533183 ], [ -3.70798762589211, 40.363938492144626 ], [ -3.707102053953756, 40.363881290342299 ], [ -3.70709710291239, 40.363880870157431 ], [ -3.706367047994829, 40.36381712791637 ], [ -3.705145578910625, 40.363680517942001 ], [ -3.704900576189178, 40.363655253518857 ], [ -3.704504106179353, 40.363617846332282 ], [ -3.704281084018414, 40.36359965309326 ], [ -3.704084939655157, 40.363583819249399 ], [ -3.70401695106818, 40.363580808778735 ], [ -3.704015890206099, 40.363580725145432 ], [ -3.703660160446549, 40.363564870033443 ], [ -3.703235631920003, 40.363558800780261 ], [ -3.702617407767443, 40.363579851376997 ], [ -3.702103349158201, 40.363617295384621 ], [ -3.701651298340348, 40.363671658443202 ], [ -3.701123783789445, 40.36375197307845 ], [ -3.701073103639165, 40.363759756985587 ], [ -3.700792446070253, 40.363805781085389 ], [ -3.700700318066376, 40.363825889106714 ], [ -3.700046352525746, 40.363967415228167 ], [ -3.699339566484645, 40.364126463600826 ], [ -3.699120227649813, 40.364168419091968 ], [ -3.698747609566081, 40.364239770104014 ], [ -3.698160962778115, 40.364331418722308 ], [ -3.697447200380998, 40.364420046295564 ], [ -3.697134640374979, 40.364444992378175 ], [ -3.696903150907444, 40.364462421998731 ], [ -3.696759689918206, 40.364473196438716 ], [ -3.696599235748411, 40.364480647788355 ], [ -3.69622864917719, 40.364497922800922 ], [ -3.69552652169555, 40.364515656755998 ], [ -3.694004025288381, 40.364528848223216 ], [ -3.693869643101313, 40.364517671520609 ], [ -3.693244055752107, 40.364464841370598 ], [ -3.692228703830075, 40.364385150070547 ], [ -3.691652201684003, 40.364317783969973 ], [ -3.691247860343723, 40.364270467462916 ], [ -3.690614522994702, 40.364173345390356 ], [ -3.690044730724471, 40.364058993640498 ], [ -3.689443365870399, 40.363908970067222 ], [ -3.689024910061439, 40.363793711896591 ], [ -3.687239759749697, 40.36320034815396 ], [ -3.685404299322645, 40.362543772947618 ], [ -3.68314129867649, 40.361729734801379 ], [ -3.68192474497413, 40.361296317308359 ], [ -3.681522484428943, 40.360216423714753 ], [ -3.681508862568228, 40.360185152190247 ], [ -3.681466903981724, 40.360088280038923 ], [ -3.681319382681908, 40.359916982783425 ], [ -3.680947855408906, 40.359744929656387 ], [ -3.680682305955686, 40.359537220507569 ], [ -3.679994231182091, 40.358803060239374 ], [ -3.679593850545584, 40.358408376325691 ], [ -3.679351965289257, 40.358214272044854 ], [ -3.679189117492749, 40.358099508791327 ], [ -3.678776794901426, 40.357901061650807 ], [ -3.678415662486614, 40.357765516394238 ], [ -3.67805476585723, 40.35762996952203 ], [ -3.677786506367122, 40.357478022571506 ], [ -3.677668067995761, 40.357410786779418 ], [ -3.677413687236212, 40.357139116222328 ], [ -3.677391797741155, 40.357105189872705 ], [ -3.677204972579076, 40.356817358045554 ], [ -3.677086587702818, 40.356354437951644 ], [ -3.676823567948592, 40.355476319184767 ], [ -3.676661311261147, 40.354947437144411 ], [ -3.676514747541791, 40.354587749402846 ], [ -3.676338835056748, 40.354207704836362 ], [ -3.676175586898834, 40.353983589237394 ], [ -3.675935716375561, 40.353807057088993 ], [ -3.67570399647602, 40.353739219038289 ], [ -3.675498850256954, 40.353679242561526 ], [ -3.675115126039819, 40.353625352474992 ], [ -3.675046492373306, 40.353615571844252 ], [ -3.675042358448206, 40.353614334691464 ], [ -3.674612138886223, 40.353479631056963 ], [ -3.674246471334274, 40.35333481963427 ], [ -3.674158511000846, 40.353299925523643 ], [ -3.673855385199652, 40.353014026269804 ], [ -3.673761035082876, 40.352774480290719 ], [ -3.673717546006015, 40.352474547830688 ], [ -3.673668112475861, 40.352133387148861 ], [ -3.673611292711739, 40.351875315804449 ], [ -3.673423724433966, 40.351369640565395 ], [ -3.673254907127468, 40.350913734100139 ], [ -3.673148017194098, 40.350678274996049 ], [ -3.673114856765432, 40.350623601340992 ], [ -3.673043912388691, 40.350558606843869 ], [ -3.672912719798051, 40.350438465555193 ], [ -3.672713943095562, 40.350307095416213 ], [ -3.672509871587819, 40.350203800315384 ], [ -3.672056903767374, 40.350018886056411 ], [ -3.671292906052431, 40.349761951931917 ], [ -3.670537468184176, 40.349578783235657 ], [ -3.670147856590385, 40.349436995747276 ], [ -3.669950854405167, 40.349326799171656 ], [ -3.669727813838225, 40.349186433617469 ], [ -3.669577056672572, 40.348971829055557 ], [ -3.669418481810009, 40.348624079045422 ], [ -3.669108557654159, 40.347704950787396 ], [ -3.669029765124988, 40.347418780164098 ], [ -3.669008836573467, 40.347147561533291 ], [ -3.669015683214475, 40.346784405909013 ], [ -3.669124464395675, 40.346181244830859 ], [ -3.669248447588335, 40.345797461533934 ], [ -3.669374772749701, 40.345651085697149 ], [ -3.669441107371411, 40.345503062324525 ], [ -3.669439709343973, 40.345361414843488 ], [ -3.669368068626504, 40.345236134524669 ], [ -3.669249342187204, 40.345135534240804 ], [ -3.669136748359308, 40.345047932812022 ], [ -3.668934780370148, 40.344927395372679 ], [ -3.668524164088638, 40.344802076245138 ], [ -3.66797006638169, 40.344669602246263 ], [ -3.66737206277322, 40.344517516422151 ], [ -3.666579458613077, 40.344322476323377 ], [ -3.665500880322318, 40.344151109372127 ], [ -3.665237050084835, 40.344102746036818 ], [ -3.664938521880516, 40.343972780149237 ], [ -3.664579126473277, 40.343751385947421 ], [ -3.664337816134683, 40.343472051065035 ], [ -3.6642190768609, 40.343196805622313 ], [ -3.664113816998859, 40.342832297286343 ], [ -3.664020451946622, 40.34261735743393 ], [ -3.664006092449634, 40.342596958425119 ], [ -3.66382742445516, 40.34234313350612 ], [ -3.663658313582847, 40.342114661121514 ], [ -3.663543897978405, 40.34187988902449 ], [ -3.663273386930338, 40.34133684431044 ], [ -3.663087600034114, 40.340813103677071 ], [ -3.663030429749532, 40.340566033235184 ], [ -3.663028915167002, 40.339877716787448 ], [ -3.663022368165637, 40.339474735238007 ], [ -3.662959477398213, 40.339175823566563 ], [ -3.662837559882844, 40.33897301584318 ], [ -3.662661555325801, 40.338838352446068 ], [ -3.662377154040785, 40.338662523211916 ], [ -3.662200821372604, 40.338542290978282 ], [ -3.662002817141761, 40.338365942726512 ], [ -3.661692123805469, 40.338085738695945 ], [ -3.661534010279181, 40.337857346936033 ], [ -3.661429194064125, 40.337592443205708 ], [ -3.66144989416515, 40.337041664967806 ], [ -3.66131409467588, 40.336483799405364 ], [ -3.660956339436838, 40.335952585502916 ], [ -3.660534483329123, 40.335406877658976 ], [ -3.659934921936924, 40.334879585251926 ], [ -3.659193119306833, 40.334201467714614 ], [ -3.65885055062491, 40.333826333784174 ], [ -3.658640340026799, 40.333388596268897 ], [ -3.658587778227083, 40.332808307621384 ], [ -3.658514408678545, 40.332501471557826 ], [ -3.658406647620945, 40.332142958098203 ], [ -3.658380512389899, 40.331867776196368 ], [ -3.658297122428881, 40.331602896003503 ], [ -3.65797103867983, 40.33104411314023 ], [ -3.657757788610743, 40.330560503665005 ], [ -3.657607012864152, 40.329838721198989 ], [ -3.657518882263094, 40.329284435314634 ], [ -3.657513638882927, 40.32892572541536 ], [ -3.657513635019396, 40.328925691202393 ] ] ] } },
{ "type": "Feature", "properties": { "district": "Villa de Vallecas", "admin_level": "9" }, "geometry": { "type": "Polygon", "coordinates": [ [ [ -3.565223566197754, 40.360075993588289 ], [ -3.564655390311795, 40.359957701038049 ], [ -3.564087808349705, 40.359837800962964 ], [ -3.563521051500207, 40.359715624665675 ], [ -3.562956339264483, 40.359588120221524 ], [ -3.562392073925696, 40.359459434242176 ], [ -3.56183071448269, 40.359323458282596 ], [ -3.561270495898153, 40.359184756887984 ], [ -3.560712863454557, 40.359040083369514 ], [ -3.56015646593728, 40.358892646168073 ], [ -3.559602630148293, 40.358739676669103 ], [ -3.55905081699398, 40.358582478439189 ], [ -3.558499569267914, 40.358424130671729 ], [ -3.557949111786923, 40.358264187236934 ], [ -3.557399462033924, 40.358102621935025 ], [ -3.556851108205663, 40.357938506283674 ], [ -3.556307822694003, 40.357764849955352 ], [ -3.555775979842637, 40.35757197356223 ], [ -3.555272701308655, 40.35733853520582 ], [ -3.55480348581876, 40.357066786395713 ], [ -3.554375107530586, 40.356758007707363 ], [ -3.554251015689689, 40.356654324824063 ], [ -3.554987759172508, 40.356253132179774 ], [ -3.555070999428743, 40.356207686828938 ], [ -3.555187520813488, 40.356142260572277 ], [ -3.555199002911407, 40.356135089104939 ], [ -3.556901581672907, 40.355154452871773 ], [ -3.556961831369307, 40.355120378328806 ], [ -3.55701142433352, 40.355093562421025 ], [ -3.556929205162306, 40.35503377704476 ], [ -3.556844731693289, 40.354971930351468 ], [ -3.556747551616665, 40.354897172445071 ], [ -3.556656776585481, 40.354827968419109 ], [ -3.556561726911553, 40.354754459583724 ], [ -3.556499985731981, 40.354707368388183 ], [ -3.556414182188564, 40.354641203368871 ], [ -3.556257121058359, 40.354544929990425 ], [ -3.556166968283246, 40.354494011216865 ], [ -3.55606690186426, 40.354440437281809 ], [ -3.555870677664069, 40.354335973118339 ], [ -3.555768639434834, 40.354286012071853 ], [ -3.555653038656665, 40.354233594423604 ], [ -3.555562235455495, 40.354203758881027 ], [ -3.555425524563534, 40.354161892152547 ], [ -3.555255128393864, 40.354104960566481 ], [ -3.555121361074855, 40.354059114404855 ], [ -3.556635557138925, 40.35309870333429 ], [ -3.557690301944518, 40.352666784405393 ], [ -3.558913706896781, 40.350270039638033 ], [ -3.560741152807618, 40.34917669644792 ], [ -3.562156569712135, 40.347094400577838 ], [ -3.565359992838056, 40.344379050937448 ], [ -3.566219764695338, 40.343308620652223 ], [ -3.568245958958237, 40.34090389013658 ], [ -3.569945429583719, 40.337632242185869 ], [ -3.57188245546937, 40.334615167598322 ], [ -3.572737679409558, 40.333660208037976 ], [ -3.575281412321342, 40.331862084152711 ], [ -3.576763010560641, 40.330251360287953 ], [ -3.57951962401634, 40.327949912742568 ], [ -3.582487146694411, 40.326255819675538 ], [ -3.583243950975872, 40.324809104391221 ], [ -3.584362971235397, 40.322563964679183 ], [ -3.58507080301671, 40.320416386186707 ], [ -3.585073851752729, 40.318355246126913 ], [ -3.583817072083623, 40.315813058984723 ], [ -3.582408856337489, 40.316141410263434 ], [ -3.581885708932218, 40.315881508420368 ], [ -3.58048435666465, 40.315968084035141 ], [ -3.579282312167862, 40.315868058206554 ], [ -3.577795797284057, 40.314648241713073 ], [ -3.576126232127483, 40.314885745428946 ], [ -3.577968238468969, 40.313891329666291 ], [ -3.578760475024757, 40.313856836581351 ], [ -3.579691575306303, 40.313876149098675 ], [ -3.580656025212738, 40.313790511112025 ], [ -3.581646327869082, 40.313590858354168 ], [ -3.582527860235659, 40.313525979809327 ], [ -3.583471616452285, 40.313306904771203 ], [ -3.584501791857866, 40.313201803642201 ], [ -3.58557963741586, 40.313070506353661 ], [ -3.587435412781766, 40.312790571178546 ], [ -3.589401297417174, 40.312696626593016 ], [ -3.593328287451589, 40.312421904596462 ], [ -3.594324622110106, 40.312379774049901 ], [ -3.595338241577199, 40.312349708441808 ], [ -3.598258633199104, 40.312064757573459 ], [ -3.599238713591411, 40.312168796752353 ], [ -3.600198146380377, 40.312332937143324 ], [ -3.602130493178465, 40.312667338410591 ], [ -3.606384933833303, 40.313469686062732 ], [ -3.608120492453372, 40.313664742908379 ], [ -3.611150858409874, 40.31431287607311 ], [ -3.613877317796516, 40.315589310058158 ], [ -3.615965042774595, 40.317761886943536 ], [ -3.617449825007205, 40.318191655594468 ], [ -3.620008102635536, 40.319117570908503 ], [ -3.623534058557651, 40.319849757271534 ], [ -3.624692489434334, 40.320426775633969 ], [ -3.625981875460603, 40.319236281148271 ], [ -3.625991924868944, 40.319224576049322 ], [ -3.626152375592734, 40.319273204309191 ], [ -3.626253821230387, 40.319307583891877 ], [ -3.626356395307043, 40.319339244600364 ], [ -3.626466127759841, 40.319369859221275 ], [ -3.626636108826935, 40.319414227891876 ], [ -3.626750365721594, 40.319441510450424 ], [ -3.627082463452954, 40.319510846547381 ], [ -3.627399922531618, 40.319593182099524 ], [ -3.628068382217307, 40.319827109701343 ], [ -3.628168162240991, 40.319859374971202 ], [ -3.62824952867517, 40.319888538284147 ], [ -3.628399581758539, 40.319945338085724 ], [ -3.628489956727579, 40.319980028995452 ], [ -3.628655049311648, 40.320054000298853 ], [ -3.628698664496525, 40.320073763721616 ], [ -3.628745098834143, 40.320095702845954 ], [ -3.628793785433266, 40.320116564819983 ], [ -3.62884193162223, 40.320140070311645 ], [ -3.62894118371004, 40.320178519903493 ], [ -3.628982306452075, 40.320196034556147 ], [ -3.629035973321841, 40.320209812431344 ], [ -3.629118891874977, 40.320240879345299 ], [ -3.629163375599757, 40.320254391780409 ], [ -3.629229999449244, 40.32027910204603 ], [ -3.629275754127114, 40.320296007601634 ], [ -3.629689173057571, 40.32046757629567 ], [ -3.629808665638766, 40.320518379206327 ], [ -3.629936782388421, 40.320570188206851 ], [ -3.630083581790712, 40.320622327747529 ], [ -3.630210982180154, 40.320674141245313 ], [ -3.63028922375035, 40.320708941887908 ], [ -3.630366008676725, 40.320742650390009 ], [ -3.630429800410928, 40.320772682720389 ], [ -3.630510481912798, 40.320821750417458 ], [ -3.630576718435977, 40.320866579584653 ], [ -3.630659718125929, 40.32092441762056 ], [ -3.630746424032596, 40.320987145408282 ], [ -3.630849001639862, 40.321054092979018 ], [ -3.630954268704614, 40.321111656208259 ], [ -3.631057217155959, 40.321173766325522 ], [ -3.631223029033452, 40.321277719875184 ], [ -3.631450735501282, 40.321410047695821 ], [ -3.631603144985562, 40.321496632019752 ], [ -3.631694882927364, 40.32154960977266 ], [ -3.631946022903492, 40.321694084591101 ], [ -3.632012210977352, 40.321736175291328 ], [ -3.632112521933527, 40.321797097940802 ], [ -3.632206370658648, 40.321858100865832 ], [ -3.632279289705425, 40.321913848624419 ], [ -3.632361581899183, 40.321971130718879 ], [ -3.632437152699268, 40.322015863635137 ], [ -3.63249325786, 40.32205697222124 ], [ -3.632548069923676, 40.322104682592062 ], [ -3.632594163255331, 40.322147559425773 ], [ -3.632668298550811, 40.322192308147301 ], [ -3.632744351472558, 40.322225470398458 ], [ -3.632836341749005, 40.322265059070972 ], [ -3.632903929020504, 40.322305483905396 ], [ -3.63296148745523, 40.322347124862539 ], [ -3.633051167421808, 40.322415312224599 ], [ -3.633129963481172, 40.32247759498992 ], [ -3.633208804856864, 40.322542066690261 ], [ -3.633302875922175, 40.322614049721849 ], [ -3.633399238404779, 40.322693155422051 ], [ -3.633490433038003, 40.322764623405931 ], [ -3.633607277896288, 40.322862724389623 ], [ -3.633732428942633, 40.322980511715805 ], [ -3.633826777538648, 40.323065682273253 ], [ -3.634138203711977, 40.32329424991994 ], [ -3.634495516525031, 40.323558624384546 ], [ -3.635160732808209, 40.324026822809529 ], [ -3.634996134076381, 40.324150046262453 ], [ -3.634965730518064, 40.324172467695512 ], [ -3.635443974295419, 40.324562297870408 ], [ -3.635995924140241, 40.32506775756223 ], [ -3.636198510076464, 40.325194976063017 ], [ -3.636620355486704, 40.325447769741913 ], [ -3.636935363422965, 40.325671261250513 ], [ -3.63725221997797, 40.325883199113981 ], [ -3.637467172436415, 40.325991108085923 ], [ -3.637775513439178, 40.326227069415424 ], [ -3.638102484701229, 40.3264371653285 ], [ -3.638412371495745, 40.326665701833512 ], [ -3.638660263534703, 40.326836958748444 ], [ -3.639163092910455, 40.327111575638959 ], [ -3.639354824471545, 40.327230654648943 ], [ -3.639683776231512, 40.327434786313653 ], [ -3.639977252584415, 40.327641974628129 ], [ -3.640214267661355, 40.327806566581295 ], [ -3.640370310410988, 40.327905817559227 ], [ -3.640518553449405, 40.327970787368486 ], [ -3.640676060562607, 40.328027124415335 ], [ -3.640794189573151, 40.328069374588821 ], [ -3.640987444162381, 40.328151257860284 ], [ -3.641212519586845, 40.328238682557881 ], [ -3.641351179044892, 40.328277960634566 ], [ -3.641424393863671, 40.328313310378519 ], [ -3.641567495049073, 40.328426933588545 ], [ -3.641686903190944, 40.328506914376376 ], [ -3.641844082889252, 40.328625628616237 ], [ -3.64191666803031, 40.328694593951553 ], [ -3.642035651609064, 40.328777876798519 ], [ -3.642171507040428, 40.328856233324295 ], [ -3.642298647583544, 40.328913662868977 ], [ -3.642391747300962, 40.32893735809499 ], [ -3.642555451987356, 40.328991159896574 ], [ -3.64272754534413, 40.329067907224292 ], [ -3.64289133727207, 40.329167315315416 ], [ -3.643032086001091, 40.329263943103392 ], [ -3.643179675813161, 40.32942655206314 ], [ -3.643397698555874, 40.32966159131243 ], [ -3.643507195423953, 40.329812070918742 ], [ -3.643625235584138, 40.329989435866977 ], [ -3.64375392616116, 40.330173217224534 ], [ -3.643948647589973, 40.330378073640013 ], [ -3.644160023650238, 40.330579177438317 ], [ -3.644349671191838, 40.330722125014944 ], [ -3.644535030284827, 40.33086190511488 ], [ -3.644710114545263, 40.330961999029043 ], [ -3.644964893435403, 40.331067372783394 ], [ -3.645292455643374, 40.331250043345037 ], [ -3.6457308769027, 40.331471413876002 ], [ -3.64609227920614, 40.331653893236215 ], [ -3.646507017572226, 40.331841328427473 ], [ -3.64690027257041, 40.332044648352188 ], [ -3.647211184099827, 40.332218020772032 ], [ -3.647468940415268, 40.332369075027231 ], [ -3.647686213000489, 40.332523216710079 ], [ -3.64791628616645, 40.33269183341605 ], [ -3.64808304041282, 40.332798303191282 ], [ -3.648327838540091, 40.332953931802955 ], [ -3.648540763670161, 40.333098336570252 ], [ -3.648734298486531, 40.333200856064622 ], [ -3.649042434954421, 40.333347962872793 ], [ -3.649155991932947, 40.333415644106772 ], [ -3.649222406409721, 40.333341216743165 ], [ -3.649211635809185, 40.333305962981065 ], [ -3.649209127527545, 40.333268663706576 ], [ -3.649220990023814, 40.333234575731701 ], [ -3.649233553636686, 40.33319883784165 ], [ -3.649253371103017, 40.333136291136029 ], [ -3.649291401723707, 40.333025116003661 ], [ -3.649334360142401, 40.332943663335321 ], [ -3.649380721022339, 40.332871703449605 ], [ -3.64941900476712, 40.332797776240106 ], [ -3.649456452738032, 40.332739950426692 ], [ -3.649486150371002, 40.332696434168518 ], [ -3.649513016024267, 40.332656774421551 ], [ -3.649544227476676, 40.332621481343232 ], [ -3.649576929377654, 40.332592215141887 ], [ -3.649606832068604, 40.33257009812705 ], [ -3.649639612843201, 40.332549062259609 ], [ -3.649671756808841, 40.33253626075426 ], [ -3.649718217614558, 40.332521184185822 ], [ -3.649773895133176, 40.332495081732368 ], [ -3.649823752057681, 40.332460231596045 ], [ -3.649885751952615, 40.332407086725247 ], [ -3.649949125878, 40.332336304018703 ], [ -3.649978643478928, 40.33230977997404 ], [ -3.650018446191303, 40.332275863744123 ], [ -3.65007453933768, 40.332293107423396 ], [ -3.650106196717186, 40.332304453158009 ], [ -3.650137875167653, 40.332317993403933 ], [ -3.650169782931979, 40.332335063954183 ], [ -3.650207210060389, 40.33236347126487 ], [ -3.65027644094658, 40.332411594766178 ], [ -3.650312396057778, 40.33238156861173 ], [ -3.655043229882557, 40.330021356997946 ], [ -3.657513635019396, 40.328925691202393 ], [ -3.657513638882927, 40.32892572541536 ], [ -3.657518882263094, 40.329284435314634 ], [ -3.657607012864152, 40.329838721198989 ], [ -3.657757788610743, 40.330560503665005 ], [ -3.65797103867983, 40.33104411314023 ], [ -3.658297122428881, 40.331602896003503 ], [ -3.658380512389899, 40.331867776196368 ], [ -3.658406647620945, 40.332142958098203 ], [ -3.658514408678545, 40.332501471557826 ], [ -3.658587778227083, 40.332808307621384 ], [ -3.658640340026799, 40.333388596268897 ], [ -3.65885055062491, 40.333826333784174 ], [ -3.659193119306833, 40.334201467714614 ], [ -3.659934921936924, 40.334879585251926 ], [ -3.660534483329123, 40.335406877658976 ], [ -3.660956339436838, 40.335952585502916 ], [ -3.66131409467588, 40.336483799405364 ], [ -3.66144989416515, 40.337041664967806 ], [ -3.661429194064125, 40.337592443205708 ], [ -3.661534010279181, 40.337857346936033 ], [ -3.661692123805469, 40.338085738695945 ], [ -3.662002817141761, 40.338365942726512 ], [ -3.662200821372604, 40.338542290978282 ], [ -3.662377154040785, 40.338662523211916 ], [ -3.662661555325801, 40.338838352446068 ], [ -3.662837559882844, 40.33897301584318 ], [ -3.662959477398213, 40.339175823566563 ], [ -3.663022368165637, 40.339474735238007 ], [ -3.663028915167002, 40.339877716787448 ], [ -3.663030429749532, 40.340566033235184 ], [ -3.663087600034114, 40.340813103677071 ], [ -3.663273386930338, 40.34133684431044 ], [ -3.663543897978405, 40.34187988902449 ], [ -3.663658313582847, 40.342114661121514 ], [ -3.66382742445516, 40.34234313350612 ], [ -3.664006092449634, 40.342596958425119 ], [ -3.664020451946622, 40.34261735743393 ], [ -3.664113816998859, 40.342832297286343 ], [ -3.6642190768609, 40.343196805622313 ], [ -3.664337816134683, 40.343472051065035 ], [ -3.664579126473277, 40.343751385947421 ], [ -3.664938521880516, 40.343972780149237 ], [ -3.665237050084835, 40.344102746036818 ], [ -3.665500880322318, 40.344151109372127 ], [ -3.666579458613077, 40.344322476323377 ], [ -3.66737206277322, 40.344517516422151 ], [ -3.66797006638169, 40.344669602246263 ], [ -3.668524164088638, 40.344802076245138 ], [ -3.668934780370148, 40.344927395372679 ], [ -3.669136748359308, 40.345047932812022 ], [ -3.669249342187204, 40.345135534240804 ], [ -3.669368068626504, 40.345236134524669 ], [ -3.669439709343973, 40.345361414843488 ], [ -3.669441107371411, 40.345503062324525 ], [ -3.669374772749701, 40.345651085697149 ], [ -3.669248447588335, 40.345797461533934 ], [ -3.669124464395675, 40.346181244830859 ], [ -3.669015683214475, 40.346784405909013 ], [ -3.669008836573467, 40.347147561533291 ], [ -3.669029765124988, 40.347418780164098 ], [ -3.669108557654159, 40.347704950787396 ], [ -3.669418481810009, 40.348624079045422 ], [ -3.669577056672572, 40.348971829055557 ], [ -3.669727813838225, 40.349186433617469 ], [ -3.669950854405167, 40.349326799171656 ], [ -3.670147856590385, 40.349436995747276 ], [ -3.670537468184176, 40.349578783235657 ], [ -3.671292906052431, 40.349761951931917 ], [ -3.672056903767374, 40.350018886056411 ], [ -3.672509871587819, 40.350203800315384 ], [ -3.672713943095562, 40.350307095416213 ], [ -3.672912719798051, 40.350438465555193 ], [ -3.673043912388691, 40.350558606843869 ], [ -3.673114856765432, 40.350623601340992 ], [ -3.673148017194098, 40.350678274996049 ], [ -3.673254907127468, 40.350913734100139 ], [ -3.673423724433966, 40.351369640565395 ], [ -3.673611292711739, 40.351875315804449 ], [ -3.673668112475861, 40.352133387148861 ], [ -3.673717546006015, 40.352474547830688 ], [ -3.673761035082876, 40.352774480290719 ], [ -3.673855385199652, 40.353014026269804 ], [ -3.674158511000846, 40.353299925523643 ], [ -3.674246471334274, 40.35333481963427 ], [ -3.674612138886223, 40.353479631056963 ], [ -3.675042358448206, 40.353614334691464 ], [ -3.675046492373306, 40.353615571844252 ], [ -3.675115126039819, 40.353625352474992 ], [ -3.675498850256954, 40.353679242561526 ], [ -3.67570399647602, 40.353739219038289 ], [ -3.675935716375561, 40.353807057088993 ], [ -3.676175586898834, 40.353983589237394 ], [ -3.676338835056748, 40.354207704836362 ], [ -3.676514747541791, 40.354587749402846 ], [ -3.676661311261147, 40.354947437144411 ], [ -3.676823567948592, 40.355476319184767 ], [ -3.677086587702818, 40.356354437951644 ], [ -3.677204972579076, 40.356817358045554 ], [ -3.677391797741155, 40.357105189872705 ], [ -3.677413687236212, 40.357139116222328 ], [ -3.677668067995761, 40.357410786779418 ], [ -3.677786506367122, 40.357478022571506 ], [ -3.67805476585723, 40.35762996952203 ], [ -3.678415662486614, 40.357765516394238 ], [ -3.678776794901426, 40.357901061650807 ], [ -3.679189117492749, 40.358099508791327 ], [ -3.679351965289257, 40.358214272044854 ], [ -3.679593850545584, 40.358408376325691 ], [ -3.679994231182091, 40.358803060239374 ], [ -3.680682305955686, 40.359537220507569 ], [ -3.680947855408906, 40.359744929656387 ], [ -3.681319382681908, 40.359916982783425 ], [ -3.681466903981724, 40.360088280038923 ], [ -3.681508862568228, 40.360185152190247 ], [ -3.681522484428943, 40.360216423714753 ], [ -3.68192474497413, 40.361296317308359 ], [ -3.681206462417797, 40.361048706248773 ], [ -3.680773940136273, 40.360931262173018 ], [ -3.680328499341804, 40.360828890877208 ], [ -3.679801672237821, 40.360756991292533 ], [ -3.679350175964401, 40.360702146178035 ], [ -3.678745405113708, 40.360678193960666 ], [ -3.678069075291665, 40.360687154106273 ], [ -3.677572583403613, 40.360707557000801 ], [ -3.677027054684719, 40.360725744799055 ], [ -3.676677626384586, 40.360747783790117 ], [ -3.675936318448079, 40.360794606757651 ], [ -3.675169142166618, 40.360869072782961 ], [ -3.674467265956801, 40.360938153750247 ], [ -3.673709987466135, 40.361022550718893 ], [ -3.673026421921202, 40.361119711276885 ], [ -3.672152495301999, 40.361256318090625 ], [ -3.671509877009441, 40.361369957168854 ], [ -3.671172406077693, 40.361435967491772 ], [ -3.670811424903699, 40.36150652767553 ], [ -3.670121276648993, 40.36166142539404 ], [ -3.669541982461607, 40.36181955211535 ], [ -3.669440415908909, 40.361850680142908 ], [ -3.66887469088734, 40.362023590055799 ], [ -3.668246098123654, 40.362247041369542 ], [ -3.667888549562536, 40.362391807893147 ], [ -3.667563493378518, 40.362523413507006 ], [ -3.667245004690653, 40.362664259727552 ], [ -3.667175232477971, 40.362695112235073 ], [ -3.666696079831309, 40.362929947158761 ], [ -3.666502517032887, 40.363031783174918 ], [ -3.666023761574225, 40.363283639387788 ], [ -3.664447288033418, 40.36414396715729 ], [ -3.657069533467433, 40.368776659499453 ], [ -3.655996972099985, 40.369371935653596 ], [ -3.655603324058246, 40.369590383420949 ], [ -3.654715704051864, 40.370360459983267 ], [ -3.654404870522438, 40.370885737954261 ], [ -3.65358902673368, 40.37362858278464 ], [ -3.653304799902738, 40.374325602153029 ], [ -3.652766131625876, 40.37564649567625 ], [ -3.652361344919608, 40.376046438843389 ], [ -3.6515052329305, 40.376099905377913 ], [ -3.649907340535443, 40.376312756663822 ], [ -3.648576004956392, 40.376524184017804 ], [ -3.645067607134389, 40.377229815980641 ], [ -3.64151066259938, 40.377954079581656 ], [ -3.634376218124691, 40.379773115923562 ], [ -3.633026665163624, 40.380102041432238 ], [ -3.632586249279312, 40.380209394196676 ], [ -3.630191382482326, 40.380778668712573 ], [ -3.627161759517802, 40.381504479448068 ], [ -3.625904706041645, 40.381792899874931 ], [ -3.62458566071078, 40.382092630810554 ], [ -3.625323434897339, 40.383233624191639 ], [ -3.624764730806642, 40.384160792955853 ], [ -3.624328662659077, 40.385011802278257 ], [ -3.623700465906907, 40.386429796974369 ], [ -3.621888685420228, 40.390838567174541 ], [ -3.619388660146496, 40.390288163965607 ], [ -3.618567711888658, 40.39010895277309 ], [ -3.615735076271921, 40.389488874466124 ], [ -3.612088313411219, 40.38870353869256 ], [ -3.611454493319246, 40.388567044363676 ], [ -3.610889524543477, 40.388418721445873 ], [ -3.610300306868201, 40.388240721593029 ], [ -3.609873307022196, 40.388098544800314 ], [ -3.609175201639771, 40.387813367114347 ], [ -3.608658390841564, 40.387582838939935 ], [ -3.608585572710603, 40.387546050589222 ], [ -3.608109346408555, 40.387305455774921 ], [ -3.607612978423098, 40.387021275108708 ], [ -3.607054286120444, 40.386662223990854 ], [ -3.606480669101391, 40.386250529760687 ], [ -3.606355878413137, 40.386340351924183 ], [ -3.606158866191583, 40.386435372430853 ], [ -3.605985507631711, 40.386493589828525 ], [ -3.6058687568519, 40.386512539649651 ], [ -3.605760692873372, 40.386497056946553 ], [ -3.605652197748109, 40.386433435278647 ], [ -3.605556516265152, 40.386249142245127 ], [ -3.605260342322828, 40.385974288577493 ], [ -3.604136559514923, 40.386627996417964 ], [ -3.603910905215699, 40.386663767419918 ], [ -3.603741492742691, 40.386664649343807 ], [ -3.603481641277694, 40.38665735428031 ], [ -3.603028561457802, 40.386530160476781 ], [ -3.60286976603308, 40.386453237063698 ], [ -3.602336484772181, 40.386196816514136 ], [ -3.601709740507881, 40.385578171780132 ], [ -3.601366734888153, 40.385122107148774 ], [ -3.601057625677381, 40.384648568662492 ], [ -3.600861228911698, 40.384157238079247 ], [ -3.600825230311913, 40.383924178032153 ], [ -3.601127751829985, 40.383404494746472 ], [ -3.601155334582066, 40.383127591973398 ], [ -3.601041903031999, 40.382877816227179 ], [ -3.60083444827216, 40.382666545621483 ], [ -3.600551976205984, 40.382524584053087 ], [ -3.600138282270509, 40.382397715666414 ], [ -3.599575385637391, 40.382357564741213 ], [ -3.599500207960042, 40.382329304580473 ], [ -3.597808669408206, 40.37965773137789 ], [ -3.598595261713987, 40.379168241457222 ], [ -3.598758005062964, 40.379060597491794 ], [ -3.598917205544165, 40.378940716523942 ], [ -3.59901143179095, 40.378851810165649 ], [ -3.599093026384344, 40.378758592533501 ], [ -3.59917557962946, 40.37864435967991 ], [ -3.599255626604108, 40.378505626806486 ], [ -3.599326484636752, 40.378363439648176 ], [ -3.599415230815185, 40.378173011318282 ], [ -3.599518314631368, 40.377921228466512 ], [ -3.599676997481794, 40.377614005102572 ], [ -3.599975817318276, 40.377232519288413 ], [ -3.600158709164949, 40.377056722807133 ], [ -3.600319007891526, 40.376937554913674 ], [ -3.600511529838729, 40.376813156339708 ], [ -3.600701208842999, 40.376711736494507 ], [ -3.600214660903548, 40.37582066922657 ], [ -3.600011629664111, 40.375525386209411 ], [ -3.599778142641934, 40.375230919344801 ], [ -3.599516685505198, 40.374955716184736 ], [ -3.599240692383574, 40.3747187135085 ], [ -3.599023256612175, 40.374556342164212 ], [ -3.598830616816116, 40.374427904659989 ], [ -3.598667135781971, 40.374323158571237 ], [ -3.598403002512736, 40.374167839586185 ], [ -3.597418849707157, 40.373676319781588 ], [ -3.595656752300927, 40.37282974628193 ], [ -3.592251099587854, 40.371190107393389 ], [ -3.590752962984259, 40.370472243584011 ], [ -3.589391227799213, 40.369841506130037 ], [ -3.587723385225612, 40.369005962999807 ], [ -3.585939895853532, 40.368069174583923 ], [ -3.585593405458135, 40.367895993461858 ], [ -3.585250972143467, 40.367754674151449 ], [ -3.584893213608364, 40.367611928601796 ], [ -3.584322066596412, 40.367457666389292 ], [ -3.583801821873621, 40.367362444450578 ], [ -3.583320722936212, 40.36731149641367 ], [ -3.582514081382838, 40.367268113670846 ], [ -3.58159516147714, 40.367240111853043 ], [ -3.580109999667853, 40.367176393362186 ], [ -3.579652313589883, 40.367143102988202 ], [ -3.579295279347308, 40.367094483914649 ], [ -3.578926466316763, 40.367028132322609 ], [ -3.578553575110254, 40.366938080650129 ], [ -3.57826983460359, 40.366847582939357 ], [ -3.577952398249158, 40.3667239794121 ], [ -3.577678619701089, 40.366610369723396 ], [ -3.57741169503613, 40.366479551909691 ], [ -3.577016628726233, 40.366254908274485 ], [ -3.576751642690795, 40.366090190407036 ], [ -3.576228289943956, 40.365738725792212 ], [ -3.57413970575816, 40.364336048251438 ], [ -3.570420789422204, 40.361831229897909 ], [ -3.570171439753956, 40.361678278405421 ], [ -3.569805567132974, 40.361496249549099 ], [ -3.56934652848655, 40.361296887804713 ], [ -3.568825529152423, 40.361103757017879 ], [ -3.56809069384897, 40.360831618065681 ], [ -3.567410473697348, 40.360600716227331 ], [ -3.566695598999198, 40.360396664434475 ], [ -3.566124749550635, 40.360266028937907 ], [ -3.565223566197754, 40.360075993588289 ] ] ] } },
{ "type": "Feature", "properties": { "district": "Vicálvaro", "admin_level": "9" }, "geometry": { "type": "Polygon", "coordinates": [ [ [ -3.577483004499455, 40.426013097986356 ], [ -3.575254054872312, 40.42557408657531 ], [ -3.575798397094237, 40.424710112821266 ], [ -3.576012376453967, 40.424366704191243 ], [ -3.57614724748496, 40.42414711272513 ], [ -3.576278291525381, 40.42389330571401 ], [ -3.57636377658309, 40.423688374643866 ], [ -3.576447043197557, 40.423499670888106 ], [ -3.576610107455736, 40.422992548990159 ], [ -3.576716411898158, 40.422602827874378 ], [ -3.576782081111074, 40.422286281932656 ], [ -3.576841017703637, 40.421982024567569 ], [ -3.576969727681085, 40.421621378954363 ], [ -3.577171326705133, 40.421210460872537 ], [ -3.577310866524409, 40.420986341006682 ], [ -3.577648747771645, 40.420246815729207 ], [ -3.578309768135947, 40.419251615814154 ], [ -3.578428014339104, 40.419019492880054 ], [ -3.578625098264788, 40.418633821011525 ], [ -3.578791693786896, 40.418308303663537 ], [ -3.579140645730835, 40.417860068249553 ], [ -3.579531749393275, 40.41733816497154 ], [ -3.578055733827291, 40.414990051930701 ], [ -3.578187058452956, 40.414841016616208 ], [ -3.577640345584536, 40.413662560439725 ], [ -3.572900492851413, 40.411768031821687 ], [ -3.572617642525949, 40.411877095185247 ], [ -3.572310379010757, 40.411919151993196 ], [ -3.572005320865889, 40.411943179801028 ], [ -3.571673041083756, 40.411953827769992 ], [ -3.571326824075567, 40.411988867288649 ], [ -3.571085104501999, 40.411976544224764 ], [ -3.570916438640987, 40.411962059036476 ], [ -3.570570790656425, 40.412064661637771 ], [ -3.570264088899246, 40.41217337928579 ], [ -3.569832950084089, 40.412341265832296 ], [ -3.569540615463316, 40.412476938012929 ], [ -3.569154251343024, 40.412643700552486 ], [ -3.568860765799884, 40.412782980312215 ], [ -3.568650374650829, 40.412852480711294 ], [ -3.568406002370187, 40.412945572313852 ], [ -3.567961176762498, 40.413028747261109 ], [ -3.564787606409674, 40.413525331557381 ], [ -3.564544986812455, 40.413532905705146 ], [ -3.564125383809329, 40.413532244724749 ], [ -3.563691487286683, 40.413513633734652 ], [ -3.563587238326216, 40.413450175619793 ], [ -3.563036795510426, 40.413448344767104 ], [ -3.56248580744148, 40.413380746707922 ], [ -3.562046966721689, 40.413334226325333 ], [ -3.561677842144662, 40.413308985628547 ], [ -3.561259113334667, 40.41327137363664 ], [ -3.560861800396289, 40.413257979879901 ], [ -3.560475020185177, 40.413235524612098 ], [ -3.560185108888296, 40.413239628725464 ], [ -3.559594120285508, 40.413180318850081 ], [ -3.559153021307083, 40.413145509318802 ], [ -3.55871515421397, 40.413073744321331 ], [ -3.558372625948785, 40.412986203629103 ], [ -3.557840028532281, 40.412860837321126 ], [ -3.557524269075067, 40.412731724041713 ], [ -3.557194026020998, 40.412561236979599 ], [ -3.556917266256346, 40.412444545904989 ], [ -3.556472949120715, 40.412304335275252 ], [ -3.555904647435223, 40.412135887318165 ], [ -3.55550537939021, 40.412026988170766 ], [ -3.555087668848076, 40.411968627094055 ], [ -3.554646838784611, 40.411965329972354 ], [ -3.554172433505843, 40.411891922085843 ], [ -3.553402661355103, 40.411688031437272 ], [ -3.553112641441412, 40.411721303279457 ], [ -3.552452082760026, 40.411800126944598 ], [ -3.552173085928077, 40.411841096084977 ], [ -3.551797379747536, 40.411874416147356 ], [ -3.55140409755859, 40.411920430639647 ], [ -3.551247259381527, 40.411910365787698 ], [ -3.551036302508255, 40.411912268675863 ], [ -3.550488487151858, 40.411941898257574 ], [ -3.550097757662491, 40.412012220704071 ], [ -3.549594411913314, 40.412147941759528 ], [ -3.549283625695866, 40.412324013939703 ], [ -3.545123473069917, 40.411472945004981 ], [ -3.544973077433773, 40.411426876055593 ], [ -3.5449498340949, 40.411438856892481 ], [ -3.544949564741526, 40.411438924829298 ], [ -3.544855775717389, 40.411462591382573 ], [ -3.544828140749951, 40.411460530594084 ], [ -3.544544343061828, 40.411387371337405 ], [ -3.544486801696187, 40.411374872834031 ], [ -3.544401328757448, 40.41135786793776 ], [ -3.544363783848801, 40.411357236594277 ], [ -3.54421856162706, 40.411354587763682 ], [ -3.544142056048859, 40.411351975739883 ], [ -3.544017445176677, 40.411347698107271 ], [ -3.543999526401946, 40.411347061688474 ], [ -3.543836707504326, 40.411339275299078 ], [ -3.543766557391511, 40.411336271868478 ], [ -3.543687683484189, 40.411332859863514 ], [ -3.543657029264875, 40.411331562548924 ], [ -3.543516510927154, 40.411314848241801 ], [ -3.543482909698636, 40.411310851194813 ], [ -3.543451482868675, 40.411301269990652 ], [ -3.543330977173572, 40.411264453992963 ], [ -3.54328951507723, 40.41125991994975 ], [ -3.543179279406331, 40.411247961180102 ], [ -3.542695460396506, 40.411112944384229 ], [ -3.54247043841722, 40.411049593422092 ], [ -3.542285084464182, 40.411024787884266 ], [ -3.542206669046499, 40.411004435617095 ], [ -3.542068370876257, 40.410968604446474 ], [ -3.541959012827963, 40.410940197895528 ], [ -3.541657438024241, 40.410854140862114 ], [ -3.541543223028861, 40.410808641188495 ], [ -3.541486352382251, 40.410786025336364 ], [ -3.541427826781758, 40.410762791073566 ], [ -3.541382116292545, 40.410749581559962 ], [ -3.541319153369791, 40.410731498699334 ], [ -3.541273792046231, 40.410718468590865 ], [ -3.541093794260736, 40.410699312696778 ], [ -3.540998214935168, 40.410684900347817 ], [ -3.540960219144806, 40.410679132120002 ], [ -3.540933432853616, 40.41067511415752 ], [ -3.540789461120326, 40.410665788434414 ], [ -3.540609537738242, 40.410656632436222 ], [ -3.540555437052745, 40.410655352931393 ], [ -3.540482470563726, 40.410653627352289 ], [ -3.540429661123655, 40.410652432744499 ], [ -3.540275581733369, 40.410631888649824 ], [ -3.540267598812139, 40.410630819634619 ], [ -3.540264170161489, 40.410630362677956 ], [ -3.540194055056379, 40.410621013608903 ], [ -3.540152374889044, 40.410611388417102 ], [ -3.540013877356474, 40.410579426923476 ], [ -3.540002886337529, 40.410575514253551 ], [ -3.539922047676552, 40.410547335637752 ], [ -3.539768012143168, 40.410492255186924 ], [ -3.539730489560082, 40.410667989727045 ], [ -3.539727566290764, 40.410892330788023 ], [ -3.539731590824951, 40.411101323042892 ], [ -3.539736816122613, 40.411165268640737 ], [ -3.539769222298601, 40.411386741126783 ], [ -3.539761238670634, 40.411420112052326 ], [ -3.539734504776216, 40.411467084150424 ], [ -3.539712500682815, 40.41151583598306 ], [ -3.539682189013603, 40.41155741931162 ], [ -3.539665961368368, 40.411591729619111 ], [ -3.539624884208195, 40.411613543169175 ], [ -3.539514228283537, 40.411630271431314 ], [ -3.539357284485618, 40.411606677293975 ], [ -3.539085681866021, 40.411541274844083 ], [ -3.5390125172726, 40.411529903223773 ], [ -3.538700685980857, 40.411444862884203 ], [ -3.538504863437412, 40.411423251443111 ], [ -3.538290423563231, 40.411427061727018 ], [ -3.537982129861824, 40.411643696888824 ], [ -3.53790394644372, 40.411742259791154 ], [ -3.53787394915793, 40.411823481205175 ], [ -3.537867293742311, 40.411875764921319 ], [ -3.537895565600472, 40.412170231721255 ], [ -3.537876080908757, 40.412239692399325 ], [ -3.537850467758637, 40.412279451568281 ], [ -3.537778034076039, 40.412359969439542 ], [ -3.537572670182073, 40.412473536328754 ], [ -3.537421084438601, 40.41253099831232 ], [ -3.537281118307749, 40.412567684283616 ], [ -3.53719398897066, 40.412578899144798 ], [ -3.536880606936841, 40.412595663893377 ], [ -3.536804012000923, 40.41259782044969 ], [ -3.536651874242661, 40.412585913056866 ], [ -3.536471407554828, 40.41256873055255 ], [ -3.536319155451662, 40.412542405096502 ], [ -3.536212932937895, 40.412517778610159 ], [ -3.536224561312995, 40.412652753897824 ], [ -3.536209940463943, 40.412741110834197 ], [ -3.536158997875813, 40.412857564397619 ], [ -3.536124046519904, 40.412909078307734 ], [ -3.536016409582968, 40.413009578307808 ], [ -3.535931999970801, 40.413066725991079 ], [ -3.535781560311011, 40.413120575972997 ], [ -3.535630414168422, 40.413150761240473 ], [ -3.535629526878859, 40.413150938325586 ], [ -3.535167179138917, 40.414414524434342 ], [ -3.534842349249619, 40.414334837563544 ], [ -3.534583789037615, 40.414280176059385 ], [ -3.534293414913267, 40.414226557400077 ], [ -3.533991312092194, 40.414180201255789 ], [ -3.533708159997156, 40.414145465963728 ], [ -3.533408556261111, 40.414117116747221 ], [ -3.533277644880033, 40.414106908812343 ], [ -3.532998299393491, 40.41410638877781 ], [ -3.532802698227023, 40.414113595777458 ], [ -3.532550617096595, 40.414132774429511 ], [ -3.532348073067983, 40.414157123610224 ], [ -3.532038445451461, 40.414207648364702 ], [ -3.531864335450058, 40.414244934443978 ], [ -3.531654959050893, 40.414299049254083 ], [ -3.531576183125289, 40.414323730607748 ], [ -3.531497407184172, 40.414348417313278 ], [ -3.531338724927788, 40.414404101222381 ], [ -3.531133117227208, 40.414487928676976 ], [ -3.530920480957946, 40.414578094405783 ], [ -3.530732381632625, 40.414640214420416 ], [ -3.53050766093004, 40.414691694859002 ], [ -3.530407598179323, 40.414707467596642 ], [ -3.530226444462922, 40.414714701260024 ], [ -3.531190346692882, 40.420084229808431 ], [ -3.53041610342629, 40.419552535736763 ], [ -3.529896147610367, 40.41919069163054 ], [ -3.529290913778661, 40.418776714407699 ], [ -3.528707625391087, 40.418371856225043 ], [ -3.528040402701035, 40.417923612273981 ], [ -3.527613154428432, 40.417647444088495 ], [ -3.527020027641746, 40.417306546171375 ], [ -3.526554051621454, 40.417060768843903 ], [ -3.526353522065641, 40.416942992565893 ], [ -3.526053340845994, 40.416795846590304 ], [ -3.525830641194311, 40.416689980283913 ], [ -3.525644045842241, 40.416578364672745 ], [ -3.525517671841258, 40.416517035874897 ], [ -3.525447186764855, 40.416483383842738 ], [ -3.525393810616914, 40.416454287398359 ], [ -3.525354290227172, 40.416434907340566 ], [ -3.525298945804574, 40.416405819795493 ], [ -3.525255452488913, 40.416381944199081 ], [ -3.525184272422858, 40.416341643750272 ], [ -3.5251377108675, 40.416302735961878 ], [ -3.52506134108339, 40.416227853283942 ], [ -3.525022558331664, 40.416176873975068 ], [ -3.524980765827424, 40.416118384825893 ], [ -3.524937847732432, 40.416041845649488 ], [ -3.524899886845168, 40.415969798407119 ], [ -3.52482695754777, 40.415830955212016 ], [ -3.524688183027407, 40.415578062882396 ], [ -3.52462546549648, 40.415486568245242 ], [ -3.524576748402075, 40.415423596806129 ], [ -3.524542003613495, 40.415385387415014 ], [ -3.5244963442913, 40.415335942735695 ], [ -3.524442818780638, 40.415287286878737 ], [ -3.524374540276579, 40.41524020242575 ], [ -3.524214223634786, 40.415128085098488 ], [ -3.524019379175669, 40.415005592408811 ], [ -3.523863681151647, 40.41490677720568 ], [ -3.523607507532601, 40.414755440677766 ], [ -3.523181192212127, 40.414482784137626 ], [ -3.522835517302325, 40.414264679024207 ], [ -3.522637702114022, 40.414139188374655 ], [ -3.522564493664956, 40.414090619703863 ], [ -3.522490272093478, 40.414038295167813 ], [ -3.522438746428652, 40.413993390628107 ], [ -3.522383130394735, 40.41393455035665 ], [ -3.522245230958742, 40.413819373093496 ], [ -3.522109825352387, 40.413647839709299 ], [ -3.521965136502414, 40.413460474941402 ], [ -3.521860144973968, 40.413326644856269 ], [ -3.521692592939065, 40.413106905129226 ], [ -3.521492888405663, 40.412818250931558 ], [ -3.521106893528303, 40.412285077830688 ], [ -3.520898042087715, 40.411987877208027 ], [ -3.520827289176263, 40.411892276958426 ], [ -3.52078663522483, 40.411831899109444 ], [ -3.520756947851256, 40.411781240419955 ], [ -3.520701977476821, 40.4116823383414 ], [ -3.520642288324682, 40.411557313975358 ], [ -3.520585074030667, 40.411418466580621 ], [ -3.520375367824252, 40.410835366784596 ], [ -3.520303928612356, 40.4106926372651 ], [ -3.520212420375206, 40.410541612321971 ], [ -3.519778699673357, 40.409982557092327 ], [ -3.519913011113759, 40.409930332866324 ], [ -3.519830346171048, 40.409824450286649 ], [ -3.519706615898687, 40.409652641631752 ], [ -3.519517845520923, 40.409400689112168 ], [ -3.519439730738618, 40.40929598040379 ], [ -3.519389822270019, 40.409228900292902 ], [ -3.519320410560116, 40.409138926435183 ], [ -3.519270516121227, 40.409073487666411 ], [ -3.519224713306337, 40.408981765357886 ], [ -3.519202911402864, 40.40893918262713 ], [ -3.519181021226894, 40.408885109175216 ], [ -3.519167745397352, 40.408834280858009 ], [ -3.519156554957449, 40.408775234078981 ], [ -3.519147498019499, 40.408714537160897 ], [ -3.519153070673907, 40.408601244265249 ], [ -3.519171438566043, 40.40847640280132 ], [ -3.519189667639572, 40.408333505004997 ], [ -3.519207871397998, 40.408187322596113 ], [ -3.51923647071717, 40.407996774101534 ], [ -3.519258440099909, 40.407781629877022 ], [ -3.519288290588618, 40.407474523121593 ], [ -3.519292967181553, 40.407244683400783 ], [ -3.519296328019364, 40.407123192206051 ], [ -3.519301785597091, 40.406995125754143 ], [ -3.519300889849819, 40.406878578950668 ], [ -3.519299931024525, 40.40675382422986 ], [ -3.519288286667424, 40.40663568333494 ], [ -3.519285243758784, 40.406519146167227 ], [ -3.519279812800486, 40.406371430188067 ], [ -3.519260981531111, 40.406156469134174 ], [ -3.519233801351543, 40.405972735998404 ], [ -3.519210776924489, 40.405770927230897 ], [ -3.51917249427164, 40.405539637983942 ], [ -3.519154067186045, 40.40537720538584 ], [ -3.519124878027899, 40.4052115390799 ], [ -3.519062724020626, 40.404947525943641 ], [ -3.519029467948892, 40.404811425039128 ], [ -3.518987636070598, 40.404677004074308 ], [ -3.518941560524004, 40.404549168878326 ], [ -3.518902203856904, 40.404457417433605 ], [ -3.518845454836997, 40.4043378382949 ], [ -3.518780002921812, 40.404203523229079 ], [ -3.518701681165564, 40.4040709082185 ], [ -3.518606156418509, 40.403935085588252 ], [ -3.518499567865881, 40.403756633618436 ], [ -3.518427927773194, 40.403655177997358 ], [ -3.518360415443787, 40.403525371064866 ], [ -3.518300735579272, 40.403408790395787 ], [ -3.51825327839546, 40.403281683617969 ], [ -3.518202708451256, 40.403127603066444 ], [ -3.518182653410016, 40.403032481925386 ], [ -3.518173296074016, 40.402932387556376 ], [ -3.518157448378743, 40.402825758229227 ], [ -3.518152322335689, 40.402717437589992 ], [ -3.518142827826233, 40.402599286859051 ], [ -3.518139938177708, 40.402502447319407 ], [ -3.518136973028476, 40.402395759351876 ], [ -3.518129410524211, 40.4022496933204 ], [ -3.518126420230606, 40.402139721637994 ], [ -3.518125715447267, 40.402047797583428 ], [ -3.518131476983995, 40.401959126572855 ], [ -3.518149921786425, 40.401844134450137 ], [ -3.51815777998761, 40.401748889096886 ], [ -3.518179949588847, 40.401618508919633 ], [ -3.518203572755855, 40.401478376158892 ], [ -3.51823339918879, 40.401329034397271 ], [ -3.518283018423439, 40.40113144477354 ], [ -3.518340060434284, 40.400926192927358 ], [ -3.518382371864357, 40.400751519165887 ], [ -3.518424814728802, 40.400594007164116 ], [ -3.518469728894926, 40.400433622765924 ], [ -3.518507314973399, 40.400293294873315 ], [ -3.518559543164843, 40.400110949440489 ], [ -3.518613340876934, 40.399970547900594 ], [ -3.518648797641637, 40.399877902155261 ], [ -3.518669573259871, 40.399822508291685 ], [ -3.51871236613261, 40.399710760015388 ], [ -3.518765090978662, 40.399593247272968 ], [ -3.518821572755984, 40.399477624878052 ], [ -3.518923435151636, 40.399262637226045 ], [ -3.519020315086412, 40.399048625907753 ], [ -3.519054648607054, 40.398972194275785 ], [ -3.519124582902116, 40.398822185685056 ], [ -3.519184657021824, 40.398687477366281 ], [ -3.519223926842156, 40.39860434955915 ], [ -3.519263196566823, 40.398521221738079 ], [ -3.519303661597608, 40.398431413676818 ], [ -3.519334252081002, 40.398354998764916 ], [ -3.519375956285266, 40.398264232846493 ], [ -3.519399204556447, 40.398205966435064 ], [ -3.519423699475478, 40.398147695319309 ], [ -3.519444444625563, 40.398088486976903 ], [ -3.519460268976204, 40.398037881924751 ], [ -3.51947480881251, 40.397982515914542 ], [ -3.519485710006327, 40.397940514163679 ], [ -3.519492884639429, 40.397900436384866 ], [ -3.519495124430773, 40.397867435819421 ], [ -3.519497428430403, 40.397842635968836 ], [ -3.519597864556352, 40.397852741583229 ], [ -3.519618491745619, 40.397735916799142 ], [ -3.520317393480169, 40.393777470897234 ], [ -3.520406789527049, 40.392102177801782 ], [ -3.52258947514636, 40.391865157236026 ], [ -3.524342474866601, 40.390842726819699 ], [ -3.526890645441931, 40.389794678743662 ], [ -3.529151058520733, 40.389384925591969 ], [ -3.532084602376786, 40.391423975940128 ], [ -3.532860812988232, 40.391690058395199 ], [ -3.533633931521391, 40.391625148222985 ], [ -3.534076006219224, 40.391327409677608 ], [ -3.534525913369911, 40.39103664683514 ], [ -3.534983755816258, 40.3907531951699 ], [ -3.535443385755625, 40.390471429827016 ], [ -3.535902768484108, 40.390189431360369 ], [ -3.536361861270842, 40.389907160330957 ], [ -3.536816695827389, 40.389620905384199 ], [ -3.53726696527613, 40.389330453578332 ], [ -3.537711361834169, 40.38903477589816 ], [ -3.538147729064049, 40.388732208549584 ], [ -3.538576430451569, 40.388423273360182 ], [ -3.538998163012147, 40.388108798708259 ], [ -3.539408439174597, 40.387785558710846 ], [ -3.539813391512936, 40.387458433937425 ], [ -3.540210876062936, 40.387125990294898 ], [ -3.540598885069995, 40.386787176870421 ], [ -3.540977281552964, 40.38644195025423 ], [ -3.541354561029886, 40.386096014092011 ], [ -3.541729096452229, 40.385748337263443 ], [ -3.542102371676654, 40.385399869608918 ], [ -3.54247525586155, 40.385051158422321 ], [ -3.54284813147301, 40.384702443356851 ], [ -3.543220351994488, 40.384353319335709 ], [ -3.54359342239523, 40.384004727051916 ], [ -3.543966771966566, 40.383656312420143 ], [ -3.544338436326409, 40.383306847729706 ], [ -3.544712247143228, 40.382958727595408 ], [ -3.545085570999928, 40.382610302223462 ], [ -3.545458503801187, 40.382261630626495 ], [ -3.545830857315855, 40.381912599280632 ], [ -3.546204522493279, 40.381564389367441 ], [ -3.546577956481219, 40.381216035179406 ], [ -3.546950369520061, 40.380867044050405 ], [ -3.547323284319358, 40.380518368256922 ], [ -3.547695309599095, 40.380169136893002 ], [ -3.548065589653443, 40.379818859420659 ], [ -3.548209498633673, 40.37967670312505 ], [ -3.549675876319423, 40.378256170774968 ], [ -3.55002586783838, 40.37789387058605 ], [ -3.550369580236792, 40.377528084738003 ], [ -3.550704630194663, 40.37715762461734 ], [ -3.551032993656083, 40.376783690811649 ], [ -3.551352202845962, 40.37640513566533 ], [ -3.551663122816746, 40.376022575856837 ], [ -3.551965978233876, 40.375636249122209 ], [ -3.552261037451061, 40.375246405597693 ], [ -3.552545337058515, 40.374851925249111 ], [ -3.55282272108017, 40.374454561878913 ], [ -3.553093807419401, 40.374054672946905 ], [ -3.553357176412615, 40.373651787804725 ], [ -3.553615932731412, 40.373247142112028 ], [ -3.553871845573969, 40.372841440049996 ], [ -3.55412463751344, 40.37243460188413 ], [ -3.554375493568415, 40.372027057096105 ], [ -3.554627061374628, 40.371619769593003 ], [ -3.554879604397788, 40.371212837206862 ], [ -3.555131515886385, 40.370805675742581 ], [ -3.555386195986431, 40.370399522950002 ], [ -3.555644545110122, 40.369994732148498 ], [ -3.555907713027584, 40.369591759055922 ], [ -3.556173893372026, 40.369189954658459 ], [ -3.556447219766958, 40.368790959434612 ], [ -3.55672650280854, 40.368394383558041 ], [ -3.557012816287807, 40.368000758760367 ], [ -3.557305553201766, 40.367609902326521 ], [ -3.557609778027432, 40.367224225866956 ], [ -3.557917285128112, 40.366840068815662 ], [ -3.55823213547044, 40.366459413380717 ], [ -3.558555249998499, 40.366082826235981 ], [ -3.558884364744782, 40.365709293011115 ], [ -3.55922156120905, 40.365339999106567 ], [ -3.559564792565167, 40.364973978663571 ], [ -3.559914898518457, 40.364611799645623 ], [ -3.560270613436169, 40.36425281585894 ], [ -3.560634633461857, 40.363898762861538 ], [ -3.561006098982653, 40.363549240234228 ], [ -3.561383121810009, 40.363203231828557 ], [ -3.56176638462451, 40.362861257707337 ], [ -3.56215570120858, 40.362523305200696 ], [ -3.562550956394348, 40.362189407241466 ], [ -3.562950814812539, 40.36185873962426 ], [ -3.563355797125232, 40.361531740314021 ], [ -3.563763944024875, 40.36120704941488 ], [ -3.564175477407696, 40.360884866715715 ], [ -3.564589561075457, 40.360564625982512 ], [ -3.565004526063016, 40.360245040723996 ], [ -3.565223566197754, 40.360075993588289 ], [ -3.566124749550635, 40.360266028937907 ], [ -3.566695598999198, 40.360396664434475 ], [ -3.567410473697348, 40.360600716227331 ], [ -3.56809069384897, 40.360831618065681 ], [ -3.568825529152423, 40.361103757017879 ], [ -3.56934652848655, 40.361296887804713 ], [ -3.569805567132974, 40.361496249549099 ], [ -3.570171439753956, 40.361678278405421 ], [ -3.570420789422204, 40.361831229897909 ], [ -3.57413970575816, 40.364336048251438 ], [ -3.576228289943956, 40.365738725792212 ], [ -3.576751642690795, 40.366090190407036 ], [ -3.577016628726233, 40.366254908274485 ], [ -3.57741169503613, 40.366479551909691 ], [ -3.577678619701089, 40.366610369723396 ], [ -3.577952398249158, 40.3667239794121 ], [ -3.57826983460359, 40.366847582939357 ], [ -3.578553575110254, 40.366938080650129 ], [ -3.578926466316763, 40.367028132322609 ], [ -3.579295279347308, 40.367094483914649 ], [ -3.579652313589883, 40.367143102988202 ], [ -3.580109999667853, 40.367176393362186 ], [ -3.58159516147714, 40.367240111853043 ], [ -3.582514081382838, 40.367268113670846 ], [ -3.583320722936212, 40.36731149641367 ], [ -3.583801821873621, 40.367362444450578 ], [ -3.584322066596412, 40.367457666389292 ], [ -3.584893213608364, 40.367611928601796 ], [ -3.585250972143467, 40.367754674151449 ], [ -3.585593405458135, 40.367895993461858 ], [ -3.585939895853532, 40.368069174583923 ], [ -3.587723385225612, 40.369005962999807 ], [ -3.589391227799213, 40.369841506130037 ], [ -3.590752962984259, 40.370472243584011 ], [ -3.592251099587854, 40.371190107393389 ], [ -3.595656752300927, 40.37282974628193 ], [ -3.597418849707157, 40.373676319781588 ], [ -3.598403002512736, 40.374167839586185 ], [ -3.598667135781971, 40.374323158571237 ], [ -3.598830616816116, 40.374427904659989 ], [ -3.599023256612175, 40.374556342164212 ], [ -3.599240692383574, 40.3747187135085 ], [ -3.599516685505198, 40.374955716184736 ], [ -3.599778142641934, 40.375230919344801 ], [ -3.600011629664111, 40.375525386209411 ], [ -3.600214660903548, 40.37582066922657 ], [ -3.600701208842999, 40.376711736494507 ], [ -3.600511529838729, 40.376813156339708 ], [ -3.600319007891526, 40.376937554913674 ], [ -3.600158709164949, 40.377056722807133 ], [ -3.599975817318276, 40.377232519288413 ], [ -3.599676997481794, 40.377614005102572 ], [ -3.599518314631368, 40.377921228466512 ], [ -3.599415230815185, 40.378173011318282 ], [ -3.599326484636752, 40.378363439648176 ], [ -3.599255626604108, 40.378505626806486 ], [ -3.59917557962946, 40.37864435967991 ], [ -3.599093026384344, 40.378758592533501 ], [ -3.59901143179095, 40.378851810165649 ], [ -3.598917205544165, 40.378940716523942 ], [ -3.598758005062964, 40.379060597491794 ], [ -3.598595261713987, 40.379168241457222 ], [ -3.597808669408206, 40.37965773137789 ], [ -3.599500207960042, 40.382329304580473 ], [ -3.599575385637391, 40.382357564741213 ], [ -3.600138282270509, 40.382397715666414 ], [ -3.600551976205984, 40.382524584053087 ], [ -3.60083444827216, 40.382666545621483 ], [ -3.601041903031999, 40.382877816227179 ], [ -3.601155334582066, 40.383127591973398 ], [ -3.601127751829985, 40.383404494746472 ], [ -3.600825230311913, 40.383924178032153 ], [ -3.600861228911698, 40.384157238079247 ], [ -3.601057625677381, 40.384648568662492 ], [ -3.601366734888153, 40.385122107148774 ], [ -3.601709740507881, 40.385578171780132 ], [ -3.602336484772181, 40.386196816514136 ], [ -3.60286976603308, 40.386453237063698 ], [ -3.603028561457802, 40.386530160476781 ], [ -3.603481641277694, 40.38665735428031 ], [ -3.603741492742691, 40.386664649343807 ], [ -3.603910905215699, 40.386663767419918 ], [ -3.604136559514923, 40.386627996417964 ], [ -3.605260342322828, 40.385974288577493 ], [ -3.605556516265152, 40.386249142245127 ], [ -3.605652197748109, 40.386433435278647 ], [ -3.605760692873372, 40.386497056946553 ], [ -3.6058687568519, 40.386512539649651 ], [ -3.605985507631711, 40.386493589828525 ], [ -3.606158866191583, 40.386435372430853 ], [ -3.606355878413137, 40.386340351924183 ], [ -3.606480669101391, 40.386250529760687 ], [ -3.607054286120444, 40.386662223990854 ], [ -3.607612978423098, 40.387021275108708 ], [ -3.608109346408555, 40.387305455774921 ], [ -3.608585572710603, 40.387546050589222 ], [ -3.608658390841564, 40.387582838939935 ], [ -3.609175201639771, 40.387813367114347 ], [ -3.609873307022196, 40.388098544800314 ], [ -3.610300306868201, 40.388240721593029 ], [ -3.610889524543477, 40.388418721445873 ], [ -3.611454493319246, 40.388567044363676 ], [ -3.612088313411219, 40.38870353869256 ], [ -3.615735076271921, 40.389488874466124 ], [ -3.618567711888658, 40.39010895277309 ], [ -3.619388660146496, 40.390288163965607 ], [ -3.621888685420228, 40.390838567174541 ], [ -3.623021366719533, 40.391084899735148 ], [ -3.625117051636932, 40.391545200788791 ], [ -3.627464296386601, 40.392057004948065 ], [ -3.629791855365508, 40.39256219191072 ], [ -3.627977456743154, 40.395802709390715 ], [ -3.627713053070833, 40.396334113264643 ], [ -3.627488664925889, 40.396825964736685 ], [ -3.62729159653512, 40.3973088395201 ], [ -3.627070392324053, 40.397946148990052 ], [ -3.626885058353112, 40.398600702412189 ], [ -3.62679208741679, 40.399027110383855 ], [ -3.626606683317977, 40.399880340223383 ], [ -3.626408754171125, 40.400749610621844 ], [ -3.626245964537216, 40.40131876866937 ], [ -3.62610758920505, 40.401765027391633 ], [ -3.625917586125135, 40.402274832623945 ], [ -3.625664245680232, 40.402866007074103 ], [ -3.625447678462435, 40.403312033019652 ], [ -3.625273181923288, 40.40365613917492 ], [ -3.623950583502789, 40.406178385945928 ], [ -3.623932838784701, 40.406212225219178 ], [ -3.620361624623696, 40.413083317821552 ], [ -3.620198149106563, 40.413340320966491 ], [ -3.620125404140481, 40.413453503839328 ], [ -3.620090843460056, 40.413501976925623 ], [ -3.620049192599208, 40.413561299812237 ], [ -3.619976396713363, 40.413668987327284 ], [ -3.619893590382995, 40.413777449192111 ], [ -3.619812294464671, 40.413883560540569 ], [ -3.619754240010087, 40.413953691147334 ], [ -3.619684637546976, 40.414036856681506 ], [ -3.619493376650956, 40.414246349730114 ], [ -3.619003582306, 40.414676898495152 ], [ -3.61875128804421, 40.414876174633186 ], [ -3.618578925448697, 40.415000339207801 ], [ -3.618399048631224, 40.415102021039857 ], [ -3.618226546706389, 40.415198346905022 ], [ -3.618158461646809, 40.415241593215804 ], [ -3.618036921759329, 40.415303954196411 ], [ -3.617954187832094, 40.415343584972277 ], [ -3.617730195436077, 40.415428833860744 ], [ -3.617447727536874, 40.415538628108386 ], [ -3.613910936630108, 40.416933552178882 ], [ -3.610801474750509, 40.417944944792886 ], [ -3.610289722546225, 40.413161307690302 ], [ -3.608493146043946, 40.41272341129914 ], [ -3.607938310485482, 40.412603633569212 ], [ -3.607311251778903, 40.412484231652769 ], [ -3.606688371179906, 40.412383207247352 ], [ -3.605844612175316, 40.412261863942327 ], [ -3.603422045834152, 40.411937105706642 ], [ -3.601931465252912, 40.411727081792506 ], [ -3.59960862226905, 40.411331179626238 ], [ -3.598181750538615, 40.411062500739277 ], [ -3.595858005857189, 40.410559172809975 ], [ -3.594884865068909, 40.410321860170725 ], [ -3.593485257313694, 40.409954831640945 ], [ -3.592330769621674, 40.409626407547599 ], [ -3.591300890850093, 40.409321874546023 ], [ -3.589506242642886, 40.408742105502277 ], [ -3.588619152485099, 40.408432223980697 ], [ -3.588420396332709, 40.408919387655004 ], [ -3.588306279451873, 40.409177614741836 ], [ -3.588179698254542, 40.409386829914361 ], [ -3.588000214577408, 40.409636784609646 ], [ -3.587085242954829, 40.410692948486059 ], [ -3.58622559689572, 40.411670388698901 ], [ -3.585028550932881, 40.413036669295828 ], [ -3.584448533076336, 40.41369101424435 ], [ -3.584184762582364, 40.414013748949458 ], [ -3.584002912953511, 40.414258589387082 ], [ -3.583780631525226, 40.414604071414068 ], [ -3.583614068321041, 40.414880400049981 ], [ -3.583462348253816, 40.41513656688857 ], [ -3.583326763100481, 40.41537812677749 ], [ -3.583196473129711, 40.41562682380912 ], [ -3.583130121670576, 40.41578711015989 ], [ -3.583088683166765, 40.415905543482872 ], [ -3.583051313930474, 40.416027048183686 ], [ -3.583027992118641, 40.416136118876707 ], [ -3.583006950524509, 40.416275313429999 ], [ -3.582992115378222, 40.416430703831494 ], [ -3.582983232103855, 40.416572928080576 ], [ -3.582966280332361, 40.417069097470517 ], [ -3.582947299098195, 40.4175645040701 ], [ -3.58293846229189, 40.417712137103145 ], [ -3.582922462033822, 40.417849761129986 ], [ -3.582900576319151, 40.418008277139016 ], [ -3.582877299117803, 40.418122756589952 ], [ -3.582840149539986, 40.418269759356839 ], [ -3.582789936371439, 40.418426100098024 ], [ -3.582728695455915, 40.418593314492085 ], [ -3.582649376527761, 40.418774529063974 ], [ -3.58255286524939, 40.418955057225666 ], [ -3.582180580158838, 40.419632280498078 ], [ -3.58191868498518, 40.420097225647595 ], [ -3.581706483545608, 40.420463012263717 ], [ -3.581598806250745, 40.42063895879707 ], [ -3.581162457431539, 40.421275546551087 ], [ -3.580732073211595, 40.421901285454645 ], [ -3.580295635127653, 40.422529370222421 ], [ -3.579748329596748, 40.423312017500827 ], [ -3.579413596001948, 40.423766928208018 ], [ -3.578682097347696, 40.424605987321016 ], [ -3.5783414552467, 40.424987173511205 ], [ -3.578112126013989, 40.425253823937489 ], [ -3.577952530935436, 40.425467828597434 ], [ -3.577819320549201, 40.425689748062588 ], [ -3.577718862905491, 40.425886885536947 ], [ -3.577653450536171, 40.426042480001435 ], [ -3.577483004499455, 40.426013097986356 ] ] ] } },
{ "type": "Feature", "properties": { "district": "San Blas - Canillejas", "admin_level": "9" }, "geometry": { "type": "Polygon", "coordinates": [ [ [ -3.531342541381962, 40.447082847243472 ], [ -3.531148445531806, 40.446872954647283 ], [ -3.531284674459755, 40.446816470764219 ], [ -3.532846412748095, 40.446423716301567 ], [ -3.533157091443735, 40.44634300786408 ], [ -3.533356137148793, 40.446312363437464 ], [ -3.53362118080901, 40.446276908611445 ], [ -3.533834420130152, 40.446251603267648 ], [ -3.534054882881975, 40.446245182249854 ], [ -3.53445022009306, 40.446283001272 ], [ -3.534838596932033, 40.446335264712253 ], [ -3.535148955815464, 40.446363562725594 ], [ -3.535495732544623, 40.446478452797578 ], [ -3.534991005042411, 40.444956895557901 ], [ -3.535584997286562, 40.444707935989577 ], [ -3.538409450058967, 40.445010805192247 ], [ -3.537974538592246, 40.444311731683094 ], [ -3.540828735391804, 40.444633916968435 ], [ -3.541355028674915, 40.443626545948661 ], [ -3.545210008405906, 40.442616217815186 ], [ -3.549728649091254, 40.442054473878244 ], [ -3.550056678970283, 40.442021698978294 ], [ -3.550421876883069, 40.441980326330174 ], [ -3.551018739396957, 40.441862175249597 ], [ -3.551771984411314, 40.441690124110814 ], [ -3.552299023834999, 40.441541668008924 ], [ -3.55315511431108, 40.441258306094966 ], [ -3.554112447043722, 40.440812290665058 ], [ -3.554922976292829, 40.440439042655967 ], [ -3.555291907724411, 40.440279618188974 ], [ -3.556350159432821, 40.439778146013687 ], [ -3.557481428132025, 40.439268203903382 ], [ -3.558364625543457, 40.438846835121993 ], [ -3.558745330419159, 40.438687341853736 ], [ -3.559104132935632, 40.438445971812115 ], [ -3.559505422476988, 40.438352143442877 ], [ -3.559993242655756, 40.43817140858178 ], [ -3.560279119367766, 40.438094351921187 ], [ -3.560616998540645, 40.438032357768137 ], [ -3.561071505458641, 40.43795808668861 ], [ -3.561667986479653, 40.437942585656735 ], [ -3.562285817206251, 40.43794229489334 ], [ -3.562864741302644, 40.437942189364492 ], [ -3.563422951966981, 40.438003441620815 ], [ -3.563984492279789, 40.438039451400392 ], [ -3.564123805423123, 40.438061296093665 ], [ -3.564770973664102, 40.437903189628727 ], [ -3.565227199260869, 40.437753217811043 ], [ -3.565494285637958, 40.437686149184763 ], [ -3.56579312941804, 40.437609916371159 ], [ -3.566194073092618, 40.437476426672035 ], [ -3.566322237937643, 40.437434359069982 ], [ -3.566782650912347, 40.437222198160235 ], [ -3.567170045874659, 40.437020301822564 ], [ -3.567623794310901, 40.436717178850529 ], [ -3.568548105745031, 40.436210956119091 ], [ -3.573802108038953, 40.437672093271111 ], [ -3.575945726519558, 40.436742788279687 ], [ -3.575693428878921, 40.43618999928912 ], [ -3.575536096450221, 40.435852038817785 ], [ -3.575438250967267, 40.435576848075996 ], [ -3.575354707557351, 40.43531960325808 ], [ -3.575256648630011, 40.435019187154118 ], [ -3.575180384469298, 40.434647491011617 ], [ -3.575109172730295, 40.434101654414562 ], [ -3.579124257504136, 40.433624207862692 ], [ -3.579136833503374, 40.433156249828578 ], [ -3.577858885428459, 40.431314325441484 ], [ -3.577264951058832, 40.430516377600355 ], [ -3.577109311502941, 40.430237871158958 ], [ -3.576974859346531, 40.429835296816741 ], [ -3.576326106429475, 40.429680324653368 ], [ -3.576496794635763, 40.428821272447898 ], [ -3.576525665525732, 40.42870923325038 ], [ -3.576769924086638, 40.428044948971412 ], [ -3.576932188335336, 40.427581075387266 ], [ -3.577198060010042, 40.426825690699495 ], [ -3.577292438469636, 40.42655765210165 ], [ -3.577483004499455, 40.426013097986356 ], [ -3.577653450536171, 40.426042480001435 ], [ -3.577718862905491, 40.425886885536947 ], [ -3.577819320549201, 40.425689748062588 ], [ -3.577952530935436, 40.425467828597434 ], [ -3.578112126013989, 40.425253823937489 ], [ -3.5783414552467, 40.424987173511205 ], [ -3.578682097347696, 40.424605987321016 ], [ -3.579413596001948, 40.423766928208018 ], [ -3.579748329596748, 40.423312017500827 ], [ -3.580295635127653, 40.422529370222421 ], [ -3.580732073211595, 40.421901285454645 ], [ -3.581162457431539, 40.421275546551087 ], [ -3.581598806250745, 40.42063895879707 ], [ -3.581706483545608, 40.420463012263717 ], [ -3.58191868498518, 40.420097225647595 ], [ -3.582180580158838, 40.419632280498078 ], [ -3.58255286524939, 40.418955057225666 ], [ -3.582649376527761, 40.418774529063974 ], [ -3.582728695455915, 40.418593314492085 ], [ -3.582789936371439, 40.418426100098024 ], [ -3.582840149539986, 40.418269759356839 ], [ -3.582877299117803, 40.418122756589952 ], [ -3.582900576319151, 40.418008277139016 ], [ -3.582922462033822, 40.417849761129986 ], [ -3.58293846229189, 40.417712137103145 ], [ -3.582947299098195, 40.4175645040701 ], [ -3.582966280332361, 40.417069097470517 ], [ -3.582983232103855, 40.416572928080576 ], [ -3.582992115378222, 40.416430703831494 ], [ -3.583006950524509, 40.416275313429999 ], [ -3.583027992118641, 40.416136118876707 ], [ -3.583051313930474, 40.416027048183686 ], [ -3.583088683166765, 40.415905543482872 ], [ -3.583130121670576, 40.41578711015989 ], [ -3.583196473129711, 40.41562682380912 ], [ -3.583326763100481, 40.41537812677749 ], [ -3.583462348253816, 40.41513656688857 ], [ -3.583614068321041, 40.414880400049981 ], [ -3.583780631525226, 40.414604071414068 ], [ -3.584002912953511, 40.414258589387082 ], [ -3.584184762582364, 40.414013748949458 ], [ -3.584448533076336, 40.41369101424435 ], [ -3.585028550932881, 40.413036669295828 ], [ -3.58622559689572, 40.411670388698901 ], [ -3.587085242954829, 40.410692948486059 ], [ -3.588000214577408, 40.409636784609646 ], [ -3.588179698254542, 40.409386829914361 ], [ -3.588306279451873, 40.409177614741836 ], [ -3.588420396332709, 40.408919387655004 ], [ -3.588619152485099, 40.408432223980697 ], [ -3.589506242642886, 40.408742105502277 ], [ -3.591300890850093, 40.409321874546023 ], [ -3.592330769621674, 40.409626407547599 ], [ -3.593485257313694, 40.409954831640945 ], [ -3.594884865068909, 40.410321860170725 ], [ -3.595858005857189, 40.410559172809975 ], [ -3.598181750538615, 40.411062500739277 ], [ -3.59960862226905, 40.411331179626238 ], [ -3.601931465252912, 40.411727081792506 ], [ -3.603422045834152, 40.411937105706642 ], [ -3.605844612175316, 40.412261863942327 ], [ -3.606688371179906, 40.412383207247352 ], [ -3.607311251778903, 40.412484231652769 ], [ -3.607938310485482, 40.412603633569212 ], [ -3.608493146043946, 40.41272341129914 ], [ -3.610289722546225, 40.413161307690302 ], [ -3.610801474750509, 40.417944944792886 ], [ -3.613910936630108, 40.416933552178882 ], [ -3.617447727536874, 40.415538628108386 ], [ -3.617730195436077, 40.415428833860744 ], [ -3.617954187832094, 40.415343584972277 ], [ -3.618036921759329, 40.415303954196411 ], [ -3.618158461646809, 40.415241593215804 ], [ -3.618226546706389, 40.415198346905022 ], [ -3.618399048631224, 40.415102021039857 ], [ -3.618578925448697, 40.415000339207801 ], [ -3.61875128804421, 40.414876174633186 ], [ -3.619003582306, 40.414676898495152 ], [ -3.619493376650956, 40.414246349730114 ], [ -3.619684637546976, 40.414036856681506 ], [ -3.619754240010087, 40.413953691147334 ], [ -3.619812294464671, 40.413883560540569 ], [ -3.619893590382995, 40.413777449192111 ], [ -3.619976396713363, 40.413668987327284 ], [ -3.620049192599208, 40.413561299812237 ], [ -3.620090843460056, 40.413501976925623 ], [ -3.620125404140481, 40.413453503839328 ], [ -3.620198149106563, 40.413340320966491 ], [ -3.620361624623696, 40.413083317821552 ], [ -3.621360210597167, 40.414781406043737 ], [ -3.621620132563092, 40.415155960944993 ], [ -3.621886960348234, 40.415525073546959 ], [ -3.622100661768677, 40.415846180964657 ], [ -3.622319951637079, 40.416146628022155 ], [ -3.622824721802486, 40.416869147943295 ], [ -3.623848719844283, 40.41822968609916 ], [ -3.624113080642369, 40.418673581852765 ], [ -3.624172516246087, 40.418765965153824 ], [ -3.624300025951778, 40.418954198547667 ], [ -3.624459165095272, 40.419159469172058 ], [ -3.624569001867176, 40.419322931794682 ], [ -3.625402717981499, 40.420455831500099 ], [ -3.626165044658825, 40.421514245407707 ], [ -3.626599595948814, 40.422117487120573 ], [ -3.627414746701747, 40.423249390261475 ], [ -3.628408992859633, 40.424483110045216 ], [ -3.629401851341564, 40.425994397338805 ], [ -3.629521073994406, 40.426175822018401 ], [ -3.630065942879399, 40.426883855214378 ], [ -3.630701836387607, 40.427769138595195 ], [ -3.63127396727052, 40.428565846313347 ], [ -3.631645320009222, 40.429082743498682 ], [ -3.632023537463963, 40.429602034346743 ], [ -3.632106896312457, 40.429716444811874 ], [ -3.632362947390845, 40.430068021560061 ], [ -3.63307247331129, 40.431041898738499 ], [ -3.633703614428465, 40.431927280925876 ], [ -3.633838136513401, 40.432116004469933 ], [ -3.633919587418993, 40.4322274519442 ], [ -3.634443417625875, 40.432944767253055 ], [ -3.634858071556488, 40.433522588248294 ], [ -3.635171062905921, 40.433958351444574 ], [ -3.635689945769903, 40.4346481194695 ], [ -3.63657143620457, 40.435868599413141 ], [ -3.638029387183962, 40.437886800396548 ], [ -3.635467650211523, 40.438577193114419 ], [ -3.636589989323796, 40.440125899795873 ], [ -3.637315389574196, 40.441127229100317 ], [ -3.637522712803093, 40.441418070217708 ], [ -3.63835872515866, 40.442591937840405 ], [ -3.638987789629379, 40.443438201368586 ], [ -3.639165163718463, 40.443678034603359 ], [ -3.639447853438172, 40.44394413282204 ], [ -3.639718988023648, 40.444210204187947 ], [ -3.640013184241688, 40.444458309366674 ], [ -3.640224908889697, 40.444626599308933 ], [ -3.640471570843799, 40.44478586735687 ], [ -3.643122372281458, 40.446073434312169 ], [ -3.644905075304716, 40.446910912159296 ], [ -3.646473579875829, 40.447689467578243 ], [ -3.647442394284615, 40.448570364581649 ], [ -3.648116432955377, 40.449452813584621 ], [ -3.647827928989102, 40.449533076727846 ], [ -3.647825341654083, 40.44953381194852 ], [ -3.647277619935626, 40.449686334241825 ], [ -3.646693489512215, 40.449801005381907 ], [ -3.646057323005862, 40.449825694142355 ], [ -3.645076735845103, 40.449712785713956 ], [ -3.643835266859263, 40.44951676731867 ], [ -3.642754439255258, 40.44933675417515 ], [ -3.639831902098109, 40.448871423198788 ], [ -3.637993955931627, 40.44861055452747 ], [ -3.637307435692989, 40.448576285600531 ], [ -3.636654476477074, 40.448579877328754 ], [ -3.636090413224056, 40.448621025807697 ], [ -3.635733802412278, 40.448664891185572 ], [ -3.635101098243562, 40.448753285309792 ], [ -3.634388340173787, 40.448871337867708 ], [ -3.633493209040442, 40.449015750493544 ], [ -3.631961029853121, 40.449256511868754 ], [ -3.630681033562813, 40.449392679092149 ], [ -3.629442020981033, 40.449434915248283 ], [ -3.628411788303546, 40.449470058287709 ], [ -3.627665493322644, 40.449489599414427 ], [ -3.62628773537149, 40.449525702783191 ], [ -3.622311542189618, 40.449673523822526 ], [ -3.619937995323823, 40.449683544941685 ], [ -3.616673073146118, 40.449697453447826 ], [ -3.614788703694429, 40.44970926809772 ], [ -3.609078110188621, 40.449686813453134 ], [ -3.607757285766213, 40.449670281498818 ], [ -3.606365361258488, 40.449652843462736 ], [ -3.605845365021175, 40.449659796973002 ], [ -3.605456158346323, 40.449680930774242 ], [ -3.604741831125209, 40.449742048412425 ], [ -3.603391919620421, 40.449887554981046 ], [ -3.60102332616646, 40.450124099987626 ], [ -3.599596672746868, 40.450168427767089 ], [ -3.597093364825636, 40.450162884317649 ], [ -3.595590800670621, 40.450118094248793 ], [ -3.593290012148904, 40.450049446330652 ], [ -3.593250259474989, 40.450048208006123 ], [ -3.593247197442604, 40.450048674171761 ], [ -3.587448349670813, 40.44994415054088 ], [ -3.583419578596576, 40.449899055682017 ], [ -3.582283021497596, 40.449901415130604 ], [ -3.581378410076077, 40.449915318746058 ], [ -3.579887522233789, 40.449930796533359 ], [ -3.577143441267154, 40.449872427567193 ], [ -3.575133185862001, 40.449826369117517 ], [ -3.573733424706516, 40.449796922119887 ], [ -3.570567801302437, 40.44975484254401 ], [ -3.565693054706354, 40.449664624681269 ], [ -3.564999907786649, 40.449648226282243 ], [ -3.56176426743674, 40.4495716224638 ], [ -3.558307295814984, 40.449494233272915 ], [ -3.557027989318378, 40.449428319140473 ], [ -3.555616938568281, 40.44933479703964 ], [ -3.553459781209184, 40.449114751779156 ], [ -3.550934696410935, 40.448821099394955 ], [ -3.547319059434263, 40.448425968110399 ], [ -3.542721478984077, 40.447895682479675 ], [ -3.539683389619769, 40.447556705677485 ], [ -3.537618900997169, 40.447305753375602 ], [ -3.53704135118528, 40.447192212309744 ], [ -3.53645344140634, 40.447050788400936 ], [ -3.535324689943177, 40.446739425241105 ], [ -3.535023300476666, 40.446667662607837 ], [ -3.53470807656896, 40.446605963216221 ], [ -3.534421014546792, 40.446571249992388 ], [ -3.534194503659495, 40.446558599587263 ], [ -3.533954995932574, 40.446557630436466 ], [ -3.533657480787064, 40.446572874596512 ], [ -3.533090954677497, 40.446644309510965 ], [ -3.531692896164679, 40.446993257632592 ], [ -3.531683719753623, 40.446995547594696 ], [ -3.531342541381962, 40.447082847243472 ] ] ] } },
{ "type": "Feature", "properties": { "district": "Barajas", "admin_level": "9" }, "geometry": { "type": "Polygon", "coordinates": [ [ [ -3.531342542561148, 40.44708284723805 ], [ -3.531683719753623, 40.446995547594696 ], [ -3.531692896164679, 40.446993257632592 ], [ -3.533090954677497, 40.446644309510965 ], [ -3.533657480787064, 40.446572874596512 ], [ -3.533954995932574, 40.446557630436466 ], [ -3.534194503659495, 40.446558599587263 ], [ -3.534421014546792, 40.446571249992388 ], [ -3.53470807656896, 40.446605963216221 ], [ -3.535023300476666, 40.446667662607837 ], [ -3.535324689943177, 40.446739425241105 ], [ -3.53645344140634, 40.447050788400936 ], [ -3.53704135118528, 40.447192212309744 ], [ -3.537618900997169, 40.447305753375602 ], [ -3.539683389619769, 40.447556705677485 ], [ -3.542721478984077, 40.447895682479675 ], [ -3.547319059434263, 40.448425968110399 ], [ -3.550934696410935, 40.448821099394955 ], [ -3.553459781209184, 40.449114751779156 ], [ -3.555616938568281, 40.44933479703964 ], [ -3.557027989318378, 40.449428319140473 ], [ -3.558307295814984, 40.449494233272915 ], [ -3.56176426743674, 40.4495716224638 ], [ -3.564999907786649, 40.449648226282243 ], [ -3.565693054706354, 40.449664624681269 ], [ -3.570567801302437, 40.44975484254401 ], [ -3.573733424706516, 40.449796922119887 ], [ -3.575133185862001, 40.449826369117517 ], [ -3.577143441267154, 40.449872427567193 ], [ -3.579887522233789, 40.449930796533359 ], [ -3.581378410076077, 40.449915318746058 ], [ -3.582283021497596, 40.449901415130604 ], [ -3.583419578596576, 40.449899055682017 ], [ -3.587448349670813, 40.44994415054088 ], [ -3.593247197442604, 40.450048674171761 ], [ -3.593250259474989, 40.450048208006123 ], [ -3.593290012148904, 40.450049446330652 ], [ -3.595590800670621, 40.450118094248793 ], [ -3.597093364825636, 40.450162884317649 ], [ -3.599596672746868, 40.450168427767089 ], [ -3.60102332616646, 40.450124099987626 ], [ -3.603391919620421, 40.449887554981046 ], [ -3.604741831125209, 40.449742048412425 ], [ -3.605456158346323, 40.449680930774242 ], [ -3.605845365021175, 40.449659796973002 ], [ -3.606365361258488, 40.449652843462736 ], [ -3.607757285766213, 40.449670281498818 ], [ -3.607025816820042, 40.450114006510823 ], [ -3.60697884246926, 40.450142579332535 ], [ -3.606861274010102, 40.45021390929621 ], [ -3.606232628703259, 40.450624169563859 ], [ -3.60530177017092, 40.451236856334027 ], [ -3.604488316916564, 40.451765222510495 ], [ -3.604530877605875, 40.451831344142164 ], [ -3.60459334950101, 40.451925842724428 ], [ -3.60467706942682, 40.452041011223869 ], [ -3.604776486262387, 40.452166823672151 ], [ -3.604885252617349, 40.452291396115903 ], [ -3.604971880083967, 40.452382713123434 ], [ -3.605078926619623, 40.452489415987628 ], [ -3.605181230012517, 40.452588994027373 ], [ -3.605258261950621, 40.452654140309903 ], [ -3.605399837008608, 40.452768381898075 ], [ -3.605413580708975, 40.452775587400644 ], [ -3.605434578617404, 40.45275889543128 ], [ -3.605707899103975, 40.452977107871391 ], [ -3.606184310084875, 40.453274978287233 ], [ -3.606627630910566, 40.453499055469706 ], [ -3.607715021490755, 40.453883539526721 ], [ -3.608976414394077, 40.454219530966945 ], [ -3.61233745714598, 40.455286776410802 ], [ -3.613896565770113, 40.456153754460409 ], [ -3.617390576384766, 40.458148619416157 ], [ -3.620251140499157, 40.45974019233369 ], [ -3.620926647312225, 40.460141710273248 ], [ -3.621513961564911, 40.460584147960624 ], [ -3.622173908844236, 40.461215201358719 ], [ -3.622751191238118, 40.461846126924101 ], [ -3.62342442344251, 40.462668910138859 ], [ -3.627686047665605, 40.4681312466004 ], [ -3.627971314891699, 40.468482119593119 ], [ -3.624419685118048, 40.468704932559142 ], [ -3.624502241115299, 40.469026227135103 ], [ -3.624550315622616, 40.469155534600411 ], [ -3.624591975508725, 40.469279361405441 ], [ -3.624628290867532, 40.469425996292152 ], [ -3.624651873371362, 40.469546003653463 ], [ -3.624675723356162, 40.469694613986874 ], [ -3.624681793065907, 40.469810902480283 ], [ -3.624685280848779, 40.469917670717962 ], [ -3.624681435031671, 40.470041640702291 ], [ -3.624674987197486, 40.470154181536024 ], [ -3.624668221325918, 40.470232401662138 ], [ -3.624649253495234, 40.470341197552514 ], [ -3.624623946349262, 40.470478778964036 ], [ -3.624586722850632, 40.470598968055292 ], [ -3.624547904581204, 40.470721219797589 ], [ -3.624496673284689, 40.470851166498136 ], [ -3.624430637650967, 40.471000261565308 ], [ -3.624366921141321, 40.471130275652925 ], [ -3.624280859115819, 40.471273758103834 ], [ -3.624211918123586, 40.471379010304737 ], [ -3.624132902178557, 40.471474781761074 ], [ -3.624068079690304, 40.47155271892521 ], [ -3.623849511826063, 40.471816971895166 ], [ -3.623989172251261, 40.472199586163974 ], [ -3.624122923347845, 40.472529623307175 ], [ -3.624272819772212, 40.47289979456086 ], [ -3.62436601614167, 40.472940091022551 ], [ -3.624448935084412, 40.472962288039945 ], [ -3.624522755214197, 40.473013135867809 ], [ -3.624571762154981, 40.473080805966305 ], [ -3.624591260491355, 40.473164127347687 ], [ -3.624581099079094, 40.473246416214984 ], [ -3.624613589252517, 40.473296496325474 ], [ -3.624699103217454, 40.473362776284439 ], [ -3.624739476676468, 40.473408323675443 ], [ -3.624831361775571, 40.473623307324075 ], [ -3.624895322358454, 40.47378886186177 ], [ -3.625111977171265, 40.474533291258467 ], [ -3.625155745867403, 40.474562454423527 ], [ -3.625225058254486, 40.474581505560579 ], [ -3.625265178692843, 40.474599404675907 ], [ -3.625318056397332, 40.474646790506512 ], [ -3.625343458311847, 40.474693371822134 ], [ -3.625343820969742, 40.474732461608887 ], [ -3.625369494058948, 40.474837001598175 ], [ -3.62549009015337, 40.474916438823982 ], [ -3.6256332651988, 40.475007195104475 ], [ -3.625718870852558, 40.475083007985269 ], [ -3.625777148760674, 40.475174224561258 ], [ -3.625797850986723, 40.475252295963251 ], [ -3.625801969762002, 40.475341152606546 ], [ -3.625804651473563, 40.475446762911616 ], [ -3.625805518965663, 40.475540195696851 ], [ -3.625906303532272, 40.476086020820389 ], [ -3.625782464566401, 40.476168894667609 ], [ -3.625712899791251, 40.476240779117532 ], [ -3.625685650077072, 40.476331504657317 ], [ -3.625716132327614, 40.476420726673041 ], [ -3.625787000581168, 40.476489467040537 ], [ -3.625882183254058, 40.476570122498337 ], [ -3.625761312297883, 40.476964892502075 ], [ -3.625747268493666, 40.477066034791939 ], [ -3.625744136617318, 40.47722186192189 ], [ -3.625653402595398, 40.481570088636829 ], [ -3.625833206767518, 40.482225247976082 ], [ -3.618200119526271, 40.482268504880587 ], [ -3.617638464045031, 40.482839773486027 ], [ -3.61688807633601, 40.483631689007588 ], [ -3.616748756439873, 40.483758287783267 ], [ -3.616612089298278, 40.483867710159551 ], [ -3.616471806626004, 40.483991452487814 ], [ -3.615542552593138, 40.484954550968645 ], [ -3.615541016750807, 40.484956142023201 ], [ -3.614888050528809, 40.484959488997553 ], [ -3.611542546377768, 40.484976580109652 ], [ -3.604463283134413, 40.4850124255669 ], [ -3.601711525332216, 40.485017856798507 ], [ -3.601721343024544, 40.485454495497848 ], [ -3.601735559120346, 40.486172490065435 ], [ -3.601739922996934, 40.486661109964565 ], [ -3.601769696275071, 40.487373063047954 ], [ -3.601814286704541, 40.487923447834049 ], [ -3.601849591969052, 40.488940119845353 ], [ -3.601860395760839, 40.489310479589378 ], [ -3.601862606065601, 40.489557888343363 ], [ -3.601866023356865, 40.489730920042113 ], [ -3.601861556422328, 40.489821312172992 ], [ -3.601865876849936, 40.489923995408695 ], [ -3.601866085721066, 40.490157111936931 ], [ -3.601862483267193, 40.490383098795043 ], [ -3.601856843318364, 40.490590503567837 ], [ -3.601850162447823, 40.490890875383556 ], [ -3.601838715822158, 40.491277794022736 ], [ -3.601837213069236, 40.491328576328378 ], [ -3.601825230563804, 40.491752209223918 ], [ -3.601785349978955, 40.492879871414331 ], [ -3.601775149283148, 40.493366558490905 ], [ -3.601776054163583, 40.493529530250818 ], [ -3.60177689592824, 40.493680813218234 ], [ -3.601773494163244, 40.493999043360567 ], [ -3.601764875123885, 40.494606913228587 ], [ -3.601776010911469, 40.494957280028252 ], [ -3.601784418429008, 40.495221785893271 ], [ -3.601797288054199, 40.495928368312633 ], [ -3.601820111290508, 40.49638590408258 ], [ -3.601843213666786, 40.496874903010003 ], [ -3.601868282164746, 40.497373902393861 ], [ -3.601887179694366, 40.497811436997083 ], [ -3.60190188226706, 40.498198937906736 ], [ -3.601916533730344, 40.498702440937393 ], [ -3.601925386788691, 40.499361545979788 ], [ -3.60192147682807, 40.500391290380584 ], [ -3.601900959944323, 40.501464663109111 ], [ -3.601885145053433, 40.501460650013115 ], [ -3.601817773193204, 40.501449288356916 ], [ -3.601774068273034, 40.501445010576703 ], [ -3.601736304244401, 40.501445207217685 ], [ -3.60170801341232, 40.501448957198249 ], [ -3.601682106984387, 40.501455398340816 ], [ -3.601664453386048, 40.501460895616944 ], [ -3.6016456438043, 40.501469101590921 ], [ -3.60161512028693, 40.501487276577194 ], [ -3.601585810283585, 40.501509052418243 ], [ -3.601475874889801, 40.501621333715143 ], [ -3.601429023740566, 40.501661216890774 ], [ -3.601391492900654, 40.501687538134014 ], [ -3.601363314575067, 40.501703899961861 ], [ -3.601342152671783, 40.50171301902116 ], [ -3.601324498977772, 40.501718516245795 ], [ -3.601308009323422, 40.501722205622826 ], [ -3.601289143309569, 40.501724104672853 ], [ -3.601266728866279, 40.501725122188709 ], [ -3.601243118204764, 40.501724344135646 ], [ -3.601218319353808, 40.501722669563371 ], [ -3.601193520528138, 40.501720997688359 ], [ -3.601160444695445, 40.501717566175884 ], [ -3.601133261469879, 40.501713202207405 ], [ -3.601104890083707, 40.501707944419543 ], [ -3.601075330522258, 40.501701791009673 ], [ -3.601043402672693, 40.501694749916432 ], [ -3.601007918350475, 40.501685924621235 ], [ -3.600966517315681, 40.501675329196523 ], [ -3.600934589481654, 40.501668287172159 ], [ -3.600902669700957, 40.501662146892038 ], [ -3.600880215079458, 40.501658660071371 ], [ -3.600854220062895, 40.501655190753091 ], [ -3.600817605077664, 40.501651778444312 ], [ -3.600786913651592, 40.501651035308775 ], [ -3.600749181647198, 40.501654835037286 ], [ -3.600723242892662, 40.501657671655749 ], [ -3.600683181583855, 40.501665087047229 ], [ -3.600637244893034, 40.50167523474326 ], [ -3.600612518411272, 40.501681670414349 ], [ -3.600380635085894, 40.501750438783219 ], [ -3.600286481529142, 40.50177975560257 ], [ -3.600261754966636, 40.501786190298155 ], [ -3.600233479980651, 40.501791743425599 ], [ -3.600209893377502, 40.501793665916964 ], [ -3.600189831127703, 40.501793770113224 ], [ -3.60016622045185, 40.501792991840205 ], [ -3.60014022541815, 40.501789522361506 ], [ -3.600123679481212, 40.501786905603254 ], [ -3.600104757224982, 40.501782499394288 ], [ -3.600088195235388, 40.50177808092613 ], [ -3.60005858756808, 40.501766522141359 ], [ -3.600034896631644, 40.501756735317201 ], [ -3.600015934247141, 40.5017478239306 ], [ -3.599817850397865, 40.501636237755747 ], [ -3.599736365272427, 40.501630352601651 ], [ -3.599651732864708, 40.501668629335136 ], [ -3.599631734823816, 40.501675940254231 ], [ -3.599610548626589, 40.501682356440597 ], [ -3.599577585181911, 40.50169153640946 ], [ -3.599551670422627, 40.501697075322916 ], [ -3.599530460149862, 40.501700788937114 ], [ -3.599509241846608, 40.501703600794052 ], [ -3.599491555922598, 40.501705494329684 ], [ -3.59947976263279, 40.501706456401088 ], [ -3.599464420930186, 40.501706535983828 ], [ -3.599445522796115, 40.501704832223957 ], [ -3.599433705440466, 40.501703090832223 ], [ -3.599419519812766, 40.501700461730039 ], [ -3.599405318148781, 40.501696030921039 ], [ -3.599394648860262, 40.50169068089491 ], [ -3.59938633983467, 40.501685318626073 ], [ -3.599353095719521, 40.501662967791184 ], [ -3.599332913239819, 40.501649559050122 ], [ -3.599318680702234, 40.501641524813962 ], [ -3.599298538313996, 40.501632619428712 ], [ -3.599220393225822, 40.501604195136977 ], [ -3.599097210953525, 40.501554381917543 ], [ -3.599012958232256, 40.50150256589891 ], [ -3.598912079695545, 40.50143912255642 ], [ -3.598860009929547, 40.501423176300634 ], [ -3.598792774772826, 40.501427127372395 ], [ -3.598721983209876, 40.501429295041895 ], [ -3.598684211159964, 40.501428589832805 ], [ -3.598668861501646, 40.501427767555946 ], [ -3.598652307699826, 40.501424249733127 ], [ -3.598638114151985, 40.501420719681555 ], [ -3.598623904589293, 40.501415387922826 ], [ -3.598507716956412, 40.501355628003154 ], [ -3.598485198505365, 40.501344933893378 ], [ -3.598469800839777, 40.501338707374309 ], [ -3.59841179860247, 40.501319187160306 ], [ -3.59837866705745, 40.501309447978805 ], [ -3.598339634909483, 40.501299740239389 ], [ -3.59829353002479, 40.501290969096814 ], [ -3.59818480656183, 40.501274413129885 ], [ -3.598099742815086, 40.501264041773545 ], [ -3.598005236926878, 40.501253719214581 ], [ -3.597902462197923, 40.501242537564345 ], [ -3.597857585525459, 40.501239166159415 ], [ -3.597795007003066, 40.501235885406018 ], [ -3.597746613951937, 40.501235233929357 ], [ -3.597715930751639, 40.501235392631131 ], [ -3.597596778281281, 40.501240512412913 ], [ -3.597554285843761, 40.50123983034284 ], [ -3.597464540522907, 40.501233987196912 ], [ -3.597305065244963, 40.501216790980116 ], [ -3.597256640258533, 40.501212536787136 ], [ -3.597031228788088, 40.501212797933242 ], [ -3.59697573904786, 40.501210381007922 ], [ -3.59692967432267, 40.50120611358448 ], [ -3.596747751790066, 40.501186330761463 ], [ -3.596707611653943, 40.501184735338953 ], [ -3.596536485902825, 40.501184716108533 ], [ -3.596318187149656, 40.501188542725124 ], [ -3.596278078927434, 40.501190550565859 ], [ -3.596240354884594, 40.501195249675611 ], [ -3.596212071818697, 40.501199900066268 ], [ -3.596188517207888, 40.5012054260498 ], [ -3.596009592976124, 40.501257698139348 ], [ -3.595901300581767, 40.50128978699172 ], [ -3.595849478721405, 40.501301764920903 ], [ -3.595797648879988, 40.50131284287464 ], [ -3.59576347307803, 40.501318424429925 ], [ -3.595737542198768, 40.501322160783218 ], [ -3.595712775511251, 40.50132409024188 ], [ -3.595660865936509, 40.501326158701588 ], [ -3.595578249201504, 40.501325682712888 ], [ -3.595481431118777, 40.501320773569482 ], [ -3.595407027482997, 40.501314850672735 ], [ -3.595316038392182, 40.501301805111822 ], [ -3.59523921083848, 40.501288687439008 ], [ -3.59518836195804, 40.501277235907715 ], [ -3.595103179235061, 40.501253350443662 ], [ -3.595010858915975, 40.501223193604368 ], [ -3.594939836611579, 40.501199234209523 ], [ -3.594890120230115, 40.501182372251307 ], [ -3.594873558721659, 40.501177953031863 ], [ -3.594864101816523, 40.501176199021714 ], [ -3.594848744306625, 40.501174476284142 ], [ -3.594839295368021, 40.501173624026165 ], [ -3.594818045211431, 40.501172833410457 ], [ -3.594789738166154, 40.501174779091848 ], [ -3.594772060195921, 40.501177572758671 ], [ -3.594702576156766, 40.501194146446409 ], [ -3.594648385948644, 40.501205235130719 ], [ -3.594594187768192, 40.501215422936333 ], [ -3.594539973664089, 40.501223809009822 ], [ -3.594502233568508, 40.501226705846314 ], [ -3.594322886558869, 40.50123123010215 ], [ -3.59430402047153, 40.501233128012402 ], [ -3.59428399016733, 40.50123683459605 ], [ -3.594265147934617, 40.50124143596117 ], [ -3.594253378493784, 40.501245100059592 ], [ -3.594246329547954, 40.501248739883614 ], [ -3.594233427669001, 40.501257814268214 ], [ -3.594220541692955, 40.501268691259121 ], [ -3.594201858426216, 40.501291309683069 ], [ -3.594184363220959, 40.501314822889761 ], [ -3.594152848385429, 40.501354624271485 ], [ -3.594141150452238, 40.501366396039664 ], [ -3.594129420722866, 40.501374564392826 ], [ -3.59411416650694, 40.501384552652794 ], [ -3.594098888427733, 40.501391836548677 ], [ -3.594062407823313, 40.501403736610818 ], [ -3.593961147334622, 40.501430382132632 ], [ -3.593888122439059, 40.501446972628599 ], [ -3.593844521262717, 40.501454402941164 ], [ -3.593818590227425, 40.501458139765766 ], [ -3.593787930734095, 40.501460999985881 ], [ -3.593733668671112, 40.501463980561837 ], [ -3.593700625080336, 40.501464149423661 ], [ -3.593560031025634, 40.501446851937303 ], [ -3.593268104863656, 40.501406518826172 ], [ -3.593231035420592, 40.501531781181519 ], [ -3.589119979168274, 40.504515366874934 ], [ -3.586830053507519, 40.50537915002181 ], [ -3.584716057771032, 40.506720286744894 ], [ -3.582904248200592, 40.508456980043796 ], [ -3.577950868897937, 40.510370623220602 ], [ -3.575879628194485, 40.510413821923947 ], [ -3.572048380176239, 40.512404688579181 ], [ -3.567286712829656, 40.512163686975747 ], [ -3.56499576936942, 40.51205623244649 ], [ -3.56175452638291, 40.511156858894751 ], [ -3.561667983221022, 40.510686649118476 ], [ -3.558383306676105, 40.511256216133908 ], [ -3.554258967579325, 40.511336287176938 ], [ -3.555128749804664, 40.508566904610419 ], [ -3.554946538595756, 40.505458864297395 ], [ -3.555212714093165, 40.503154439130924 ], [ -3.553405533282339, 40.502460017300606 ], [ -3.553558895500982, 40.502164690966751 ], [ -3.553580792503898, 40.502100621616449 ], [ -3.553597933045603, 40.502032072372359 ], [ -3.553605506474954, 40.501948251935197 ], [ -3.553585262665452, 40.501782583283081 ], [ -3.553550836249819, 40.501614278970635 ], [ -3.553512986905721, 40.501460406263313 ], [ -3.553471220900921, 40.501260605733762 ], [ -3.553435881450969, 40.501124737977094 ], [ -3.5534037926358, 40.500953720620579 ], [ -3.55337811030283, 40.500556546015524 ], [ -3.553338370566524, 40.500172051223153 ], [ -3.55332094713569, 40.500062225392192 ], [ -3.553305035747966, 40.499992930815061 ], [ -3.553278549011856, 40.499929094040553 ], [ -3.553228177747125, 40.499831135766151 ], [ -3.553168344770799, 40.499730520971745 ], [ -3.553032356476758, 40.499553692675107 ], [ -3.552945366916235, 40.499451405019528 ], [ -3.55284182043441, 40.499344692023428 ], [ -3.552758644127324, 40.499275719120817 ], [ -3.552408299513601, 40.499007120185659 ], [ -3.55200145488921, 40.498755905273278 ], [ -3.55179375947975, 40.498612750208494 ], [ -3.551093898490508, 40.498174639017961 ], [ -3.550625837469764, 40.497940828131441 ], [ -3.55023740499898, 40.497775106130966 ], [ -3.549720147125039, 40.497585668777624 ], [ -3.547926626398417, 40.497036505294226 ], [ -3.547518596419788, 40.49692672168262 ], [ -3.547230003486479, 40.496847004310254 ], [ -3.546856082677269, 40.496722641595085 ], [ -3.546500779770737, 40.496565760063824 ], [ -3.545907223719641, 40.496278466845361 ], [ -3.545546019007601, 40.496120709340161 ], [ -3.545232402956781, 40.496010472799782 ], [ -3.544646948788269, 40.49584836124113 ], [ -3.544496668620208, 40.495797715579329 ], [ -3.544328680827355, 40.495746252229118 ], [ -3.544164096294847, 40.49567765557709 ], [ -3.544050368885036, 40.495623235431076 ], [ -3.543970964519736, 40.495581265271767 ], [ -3.543651754746547, 40.495362042276398 ], [ -3.543318286165139, 40.495130272870767 ], [ -3.542990776911582, 40.494905681663063 ], [ -3.542720446743031, 40.494747488263322 ], [ -3.542477361017123, 40.494601779797684 ], [ -3.542252085353287, 40.494469499800971 ], [ -3.542109707634015, 40.494373770002689 ], [ -3.541974418816132, 40.494278906778696 ], [ -3.541862729426548, 40.494183933648671 ], [ -3.541778174509017, 40.494087933212619 ], [ -3.541723025839113, 40.493980083219569 ], [ -3.54170467485765, 40.493899086726216 ], [ -3.541702728084398, 40.493803600792972 ], [ -3.541719522527072, 40.493690909973445 ], [ -3.541776649669632, 40.493310461919918 ], [ -3.541800938123502, 40.493102240878855 ], [ -3.541799382614938, 40.492908554435736 ], [ -3.541792346265167, 40.492767145703155 ], [ -3.541754269286248, 40.492580836728884 ], [ -3.541718964253994, 40.492445866772456 ], [ -3.541672938138906, 40.49229833359221 ], [ -3.541609364716682, 40.492169803263778 ], [ -3.541467248249206, 40.491958754775347 ], [ -3.541363462439164, 40.491818699232404 ], [ -3.541308316321869, 40.491710848082043 ], [ -3.541261414494864, 40.491601157399067 ], [ -3.541244137328305, 40.491506643211927 ], [ -3.541225055441556, 40.491334660315417 ], [ -3.541220346803676, 40.491041888974202 ], [ -3.541234056788251, 40.490544527679916 ], [ -3.541217890369319, 40.490147305862919 ], [ -3.541164415332601, 40.489659267177018 ], [ -3.541119126545582, 40.489309027414002 ], [ -3.541091188025284, 40.489062311400907 ], [ -3.54105833470214, 40.4887912932437 ], [ -3.541043583631536, 40.488717487797658 ], [ -3.541018227835519, 40.488645533786951 ], [ -3.540989439691441, 40.48858711020133 ], [ -3.54094882352862, 40.488525136578062 ], [ -3.540915468923279, 40.488485653196328 ], [ -3.540878595135073, 40.48844888806633 ], [ -3.540825267730492, 40.488420307998815 ], [ -3.540770819488554, 40.48839894033204 ], [ -3.540479875047416, 40.488314712421079 ], [ -3.540146302984903, 40.488211762354979 ], [ -3.540009029420637, 40.488161950863834 ], [ -3.539870446221524, 40.488095930068553 ], [ -3.539462836096025, 40.487882511622367 ], [ -3.539391753527731, 40.487846806580926 ], [ -3.5386595965583, 40.487477237891447 ], [ -3.538177522980438, 40.48724704484593 ], [ -3.537549552748565, 40.486920227867778 ], [ -3.537396607515678, 40.486828144840679 ], [ -3.537257829633771, 40.486736895748798 ], [ -3.537135491452478, 40.48663566110833 ], [ -3.53703566348729, 40.486546033415145 ], [ -3.536985650266663, 40.486488607424207 ], [ -3.536947470610053, 40.486435630924255 ], [ -3.536932931595055, 40.486387949972958 ], [ -3.536920760716149, 40.486341159816803 ], [ -3.536908374484961, 40.486267342816646 ], [ -3.536920699811643, 40.486185303833679 ], [ -3.536935601402068, 40.486130279822156 ], [ -3.537017773421609, 40.48592899776375 ], [ -3.537110227389413, 40.485685325645257 ], [ -3.537161943469616, 40.485512112847417 ], [ -3.537241786122566, 40.485166696821608 ], [ -3.537299140216312, 40.484812377188753 ], [ -3.537308574706516, 40.484663684209352 ], [ -3.537303922883845, 40.48452406569583 ], [ -3.537282819149057, 40.484392631745699 ], [ -3.537256138358707, 40.484301764140092 ], [ -3.537208039835665, 40.484188473620875 ], [ -3.537074891425102, 40.483914314813184 ], [ -3.536828826793272, 40.483536175240282 ], [ -3.536014659618755, 40.482489490038148 ], [ -3.535862228184878, 40.482311816229092 ], [ -3.535807326828995, 40.482232789872342 ], [ -3.535577100522885, 40.481767185992361 ], [ -3.535370394435738, 40.481291562777315 ], [ -3.535108249542209, 40.480668448404479 ], [ -3.535030593419191, 40.480397633711469 ], [ -3.534882956310667, 40.479930746837432 ], [ -3.534844863158395, 40.479739029808918 ], [ -3.534842046074018, 40.479681385300772 ], [ -3.534856689418158, 40.479593930321123 ], [ -3.534900322485338, 40.479442377336838 ], [ -3.534926684576522, 40.479344958218981 ], [ -3.53493337813261, 40.479296277782467 ], [ -3.534925849143081, 40.479239555979213 ], [ -3.53489461910267, 40.479169430376338 ], [ -3.53479391285767, 40.478967191366117 ], [ -3.534772142478826, 40.478899723752392 ], [ -3.534761011280784, 40.478834909606817 ], [ -3.53474367403973, 40.478731386404505 ], [ -3.534744124688973, 40.478639491691027 ], [ -3.534750753988101, 40.478582704363518 ], [ -3.534772433944079, 40.478489811425924 ], [ -3.53479294124704, 40.478397823907244 ], [ -3.534800349899497, 40.478290582605155 ], [ -3.53478713238875, 40.47811136388885 ], [ -3.534755931942434, 40.477896192392322 ], [ -3.534722965479715, 40.477755802802072 ], [ -3.534654703308354, 40.477478638856006 ], [ -3.534634792775853, 40.477348099630042 ], [ -3.534627428630549, 40.47731209771365 ], [ -3.534576156805467, 40.476945666050959 ], [ -3.534546606901391, 40.476491746618514 ], [ -3.534485434767099, 40.475619954097489 ], [ -3.534467643482047, 40.47501192628814 ], [ -3.534419625236494, 40.474311243678137 ], [ -3.534405879891817, 40.473767160918086 ], [ -3.534358727424444, 40.473175483947522 ], [ -3.534345169465284, 40.472953023384214 ], [ -3.534307337881823, 40.472793737137309 ], [ -3.534257503080492, 40.472608381149989 ], [ -3.534181532222351, 40.472399720719302 ], [ -3.534123876083778, 40.472269354825116 ], [ -3.534011600526521, 40.472094196244221 ], [ -3.533948339424024, 40.472000793064325 ], [ -3.533870944438107, 40.47191015873392 ], [ -3.533708303103943, 40.471780275686555 ], [ -3.53354823555137, 40.471677409339492 ], [ -3.533440405494026, 40.471616644014553 ], [ -3.533254579583199, 40.471538218642777 ], [ -3.533086568259473, 40.471475027017526 ], [ -3.532878528696152, 40.471421928700316 ], [ -3.532654067412745, 40.471380618293075 ], [ -3.532435689452221, 40.471362701938212 ], [ -3.531712194388516, 40.471316472997479 ], [ -3.53117289838554, 40.471291918392978 ], [ -3.530840154301577, 40.471281734447047 ], [ -3.530438038152857, 40.471150237342009 ], [ -3.5300219654295, 40.471044030751194 ], [ -3.529591738740217, 40.470937889312445 ], [ -3.529192275035468, 40.470843316234166 ], [ -3.528849560608221, 40.470764699246011 ], [ -3.5285352292386, 40.470694961362824 ], [ -3.528145394603515, 40.470624664944673 ], [ -3.52764345763045, 40.470549472704626 ], [ -3.527351736993915, 40.470504853596807 ], [ -3.527122577727713, 40.470465354763959 ], [ -3.526951213176407, 40.470424692905532 ], [ -3.526823484520688, 40.470382930111292 ], [ -3.526638835137231, 40.470302687803517 ], [ -3.526301371457819, 40.470140256444132 ], [ -3.52602056487007, 40.469982069866546 ], [ -3.525794175208011, 40.469843455791931 ], [ -3.525589019022673, 40.469704745619062 ], [ -3.525369527333602, 40.469542676813177 ], [ -3.525205714401266, 40.469410986133767 ], [ -3.52510822395444, 40.469313229070274 ], [ -3.525053473378599, 40.469250413821506 ], [ -3.525004563478906, 40.469180363908201 ], [ -3.524971017406374, 40.469113848699195 ], [ -3.524948094589976, 40.469048187035042 ], [ -3.524928562051453, 40.468963590146345 ], [ -3.524916164289959, 40.468886168960942 ], [ -3.524911679854236, 40.468764566784024 ], [ -3.524928564456496, 40.468508633298121 ], [ -3.524963864771636, 40.468194056685697 ], [ -3.525030846728249, 40.467857716315393 ], [ -3.525073389873322, 40.467716080673071 ], [ -3.525123171520517, 40.467595133756134 ], [ -3.525189502917579, 40.467478617027076 ], [ -3.525295839162527, 40.467349305841211 ], [ -3.52544086236755, 40.467189188052934 ], [ -3.525625736378496, 40.466996457320654 ], [ -3.525905935220066, 40.466624014144351 ], [ -3.526117485612573, 40.466373502644814 ], [ -3.526335066861457, 40.466140082217265 ], [ -3.526458010581374, 40.466023306935796 ], [ -3.526615027426764, 40.465889260063705 ], [ -3.526891748889554, 40.46567718985311 ], [ -3.527148263161754, 40.465445392201019 ], [ -3.527465630812934, 40.465152055891387 ], [ -3.527663504430816, 40.464963767037624 ], [ -3.527792136718619, 40.464820838206109 ], [ -3.528037443637611, 40.464514313994322 ], [ -3.528260472141346, 40.464225008199897 ], [ -3.528524096939326, 40.463848128879192 ], [ -3.528689559854647, 40.463588814289288 ], [ -3.52883120594905, 40.463300778660788 ], [ -3.528961832839784, 40.462961442768197 ], [ -3.529069449056423, 40.462545633570727 ], [ -3.529224736925855, 40.462042220301178 ], [ -3.529336601478727, 40.46171738335201 ], [ -3.529445753625654, 40.461347512696292 ], [ -3.52951168883844, 40.461031894026426 ], [ -3.529554218822711, 40.460739805988155 ], [ -3.529562361262327, 40.460424452008105 ], [ -3.52950519715395, 40.460053539443479 ], [ -3.529401500437821, 40.459614369569614 ], [ -3.529289832116279, 40.459211273968407 ], [ -3.529173707924528, 40.458841531119361 ], [ -3.529056265481305, 40.458453776110304 ], [ -3.529027359513077, 40.458377330787783 ], [ -3.52865331403861, 40.458054709916453 ], [ -3.528150042949892, 40.457646189860675 ], [ -3.527752446558521, 40.45732727723292 ], [ -3.52756129392265, 40.457165082795093 ], [ -3.52740937115151, 40.457042349675383 ], [ -3.527167100418549, 40.456828135430882 ], [ -3.527024416889479, 40.456680134378736 ], [ -3.526919628177568, 40.45655178027679 ], [ -3.526726437420054, 40.456278781757149 ], [ -3.526634410546325, 40.456123343044815 ], [ -3.526561319276489, 40.455975926126186 ], [ -3.526490325655289, 40.455795166191002 ], [ -3.526469729546389, 40.455724988659384 ], [ -3.526456202494792, 40.455653878926306 ], [ -3.526447174850309, 40.455554819803339 ], [ -3.526451329691153, 40.45548272773415 ], [ -3.526465068054042, 40.455429511882741 ], [ -3.52648939932061, 40.455373545974609 ], [ -3.526547578413699, 40.455272379828365 ], [ -3.526617581144901, 40.455174764300033 ], [ -3.526685364515343, 40.45509517600199 ], [ -3.52673452352238, 40.455047205042163 ], [ -3.526783752808656, 40.455008241871461 ], [ -3.526870573936168, 40.454950189280027 ], [ -3.527092455447951, 40.454819450397949 ], [ -3.527193490142865, 40.454769440879183 ], [ -3.527333344944745, 40.454706643341829 ], [ -3.527472041283243, 40.454646551828986 ], [ -3.527621406461631, 40.454593619579555 ], [ -3.5277861037496, 40.454540618035246 ], [ -3.527916720379294, 40.454503086359523 ], [ -3.528068570469961, 40.454466358441238 ], [ -3.528238166594138, 40.454436755554951 ], [ -3.528444315551817, 40.454406087123324 ], [ -3.528773085032034, 40.454371254766933 ], [ -3.529088937035896, 40.454343687826537 ], [ -3.529434393048522, 40.454331299792692 ], [ -3.529804712448235, 40.454331411219627 ], [ -3.529895548086705, 40.454334599372025 ], [ -3.530019476546089, 40.454346644754217 ], [ -3.530119810476842, 40.45435789910924 ], [ -3.53024262108326, 40.454378058407862 ], [ -3.530400968299689, 40.454417875293807 ], [ -3.530476635902305, 40.454441853358389 ], [ -3.530533441546985, 40.454466817945701 ], [ -3.530834199522418, 40.45461949703769 ], [ -3.530913503556443, 40.454656070758979 ], [ -3.53100815541155, 40.45469437663025 ], [ -3.531069599560812, 40.454709410611152 ], [ -3.531152286909518, 40.454726148755945 ], [ -3.53123020024799, 40.454735701556466 ], [ -3.531338733437873, 40.454739709945621 ], [ -3.531535708749271, 40.454742410682854 ], [ -3.531778677667496, 40.454744900406752 ], [ -3.531867092542297, 40.454739990017181 ], [ -3.5319577796207, 40.454724259167605 ], [ -3.532063685318353, 40.45469404284907 ], [ -3.532156602999566, 40.454662085321125 ], [ -3.532278898147056, 40.454616478000808 ], [ -3.532397597106238, 40.454563679889461 ], [ -3.532556180517421, 40.454483671719764 ], [ -3.532659526566975, 40.454428242261855 ], [ -3.532822628538114, 40.454322987617246 ], [ -3.53295392294993, 40.454222383911038 ], [ -3.53316354132992, 40.454034031219905 ], [ -3.533556530627834, 40.453619607904699 ], [ -3.53400099165819, 40.453152693077875 ], [ -3.534226344540488, 40.452866969093066 ], [ -3.534383995209706, 40.452669844381006 ], [ -3.534519344488883, 40.452486336123549 ], [ -3.534552852418369, 40.452398794451931 ], [ -3.534568372398522, 40.452273496211127 ], [ -3.534562728410489, 40.452156403968736 ], [ -3.53453825173764, 40.452043903328004 ], [ -3.534492412615748, 40.451914384291541 ], [ -3.534440848609381, 40.451806513385044 ], [ -3.534365663702258, 40.451694246229103 ], [ -3.534177436893381, 40.451454571347746 ], [ -3.533894016182769, 40.451107224715933 ], [ -3.533545326253956, 40.450707925322732 ], [ -3.533446396416487, 40.450575046351823 ], [ -3.53332921444792, 40.45037107920966 ], [ -3.533209298509855, 40.450119375751463 ], [ -3.533080638830955, 40.449805551017235 ], [ -3.532970094655408, 40.449545696830967 ], [ -3.532792805524726, 40.449196057981361 ], [ -3.532561109407569, 40.448825947808778 ], [ -3.53232060812327, 40.448385607176036 ], [ -3.532156884136697, 40.448110680744058 ], [ -3.531966998857479, 40.447807946429229 ], [ -3.531810865349207, 40.447597848744834 ], [ -3.531549137498772, 40.447306254148216 ], [ -3.531342542561148, 40.44708284723805 ] ] ] } }
]
}
