{
"type": "FeatureCollection",
"name": "limites_barrios",
"crs": { "type": "name", "properties": { "name": "urn:ogc:def:crs:OGC:1.3:CRS84" } },
"features": [
{ "type": "Feature", "properties": { "neighborhood": "Pueblo Nuevo", "admin_level": "10" }, "geometry": { "type": "Polygon", "coordinates": [ [ [ -3.6482039, 40.4330864 ], [ -3.6417239, 40.4361458 ], [ -3.6413388, 40.4363276 ], [ -3.6380335, 40.437888 ], [ -3.6379957, 40.4378328 ], [ -3.6374251, 40.4370431 ], [ -3.6367671, 40.4361345 ], [ -3.6365208, 40.4357926 ], [ -3.6362325, 40.4353923 ], [ -3.6359662, 40.435023 ], [ -3.635703, 40.4346591 ], [ -3.635695, 40.4346484 ], [ -3.6352526, 40.4340593 ], [ -3.6351723, 40.4339525 ], [ -3.635032, 40.4337573 ], [ -3.6344825, 40.4329917 ], [ -3.6344506, 40.4329472 ], [ -3.6344276, 40.4329155 ], [ -3.6342851, 40.4327193 ], [ -3.6341256, 40.4325017 ], [ -3.6338459, 40.4321194 ], [ -3.6336635, 40.4318635 ], [ -3.6330395, 40.4309888 ], [ -3.632616, 40.4304081 ], [ -3.6324059, 40.4301193 ], [ -3.6323156, 40.4299951 ], [ -3.6320121, 40.4295779 ], [ -3.6316023, 40.4290159 ], [ -3.6304746, 40.4274451 ], [ -3.6300199, 40.4268147 ], [ -3.6298939, 40.4266536 ], [ -3.6297137, 40.4264166 ], [ -3.6295582, 40.4262172 ], [ -3.6295331, 40.4261849 ], [ -3.6294934, 40.426125 ], [ -3.6294149, 40.4260065 ], [ -3.6292342, 40.4257307 ], [ -3.6290536, 40.4254542 ], [ -3.6288255, 40.4251076 ], [ -3.6286216, 40.4247968 ], [ -3.6284151, 40.424484 ], [ -3.6280802, 40.4240675 ], [ -3.6278846, 40.4238259 ], [ -3.6275893, 40.4234585 ], [ -3.6274345, 40.4232672 ], [ -3.6273019, 40.4230856 ], [ -3.6270649, 40.4227556 ], [ -3.6266266, 40.4221474 ], [ -3.626603, 40.4221147 ], [ -3.6262397, 40.4216098 ], [ -3.6260409, 40.4213348 ], [ -3.6253178, 40.420332 ], [ -3.6247238, 40.4195257 ], [ -3.6245411, 40.4192722 ], [ -3.6244636, 40.4191583 ], [ -3.624284, 40.4189233 ], [ -3.6241488, 40.4187213 ], [ -3.6240977, 40.4186372 ], [ -3.6239547, 40.4183987 ], [ -3.6238541, 40.4182301 ], [ -3.6235971, 40.4178871 ], [ -3.6233364, 40.4175409 ], [ -3.6230845, 40.4172061 ], [ -3.6227026, 40.416687 ], [ -3.622476, 40.4163617 ], [ -3.6222866, 40.4160921 ], [ -3.6221075, 40.4158488 ], [ -3.6219036, 40.4155412 ], [ -3.6216641, 40.4152095 ], [ -3.6214716, 40.4149332 ], [ -3.6213658, 40.4147782 ], [ -3.6211408, 40.4143962 ], [ -3.6207898, 40.4137989 ], [ -3.6203687, 40.4130837 ], [ -3.6211508, 40.4130672 ], [ -3.6213077, 40.4130617 ], [ -3.6215988, 40.4130617 ], [ -3.6219952, 40.4130719 ], [ -3.6224349, 40.4130978 ], [ -3.6230811, 40.4131615 ], [ -3.6232968, 40.4131859 ], [ -3.6239327, 40.4132951 ], [ -3.6242341, 40.413347 ], [ -3.6244334, 40.4133934 ], [ -3.6248824, 40.4134924 ], [ -3.6250992, 40.4135451 ], [ -3.6255854, 40.413692 ], [ -3.626245, 40.4139168 ], [ -3.6269263, 40.4141518 ], [ -3.6275911, 40.4143813 ], [ -3.6273042, 40.4149033 ], [ -3.6270837, 40.415294 ], [ -3.6269311, 40.4155711 ], [ -3.6267762, 40.4158578 ], [ -3.6269832, 40.4160043 ], [ -3.6272183, 40.4161727 ], [ -3.6275118, 40.4163827 ], [ -3.627746, 40.4165519 ], [ -3.6277932, 40.416578 ], [ -3.6278969, 40.4166421 ], [ -3.6280839, 40.4167562 ], [ -3.6281148, 40.4167767 ], [ -3.6283166, 40.4169197 ], [ -3.6288272, 40.4172704 ], [ -3.628989, 40.417383 ], [ -3.629053, 40.4174294 ], [ -3.6292558, 40.4175686 ], [ -3.6295455, 40.4177709 ], [ -3.6297104, 40.417885 ], [ -3.6298253, 40.4179633 ], [ -3.6299052, 40.4180204 ], [ -3.6301, 40.4181299 ], [ -3.6302859, 40.4182326 ], [ -3.6304847, 40.4183429 ], [ -3.6307065, 40.4184669 ], [ -3.6309233, 40.4185833 ], [ -3.631238, 40.4187559 ], [ -3.6314808, 40.4188852 ], [ -3.6317383, 40.4190241 ], [ -3.6320907, 40.419214 ], [ -3.6324328, 40.4193993 ], [ -3.6329835, 40.4196944 ], [ -3.6333094, 40.4198722 ], [ -3.6339704, 40.4202309 ], [ -3.6344899, 40.4205104 ], [ -3.6348252, 40.4206924 ], [ -3.6353746, 40.4209862 ], [ -3.635846, 40.4212405 ], [ -3.6363313, 40.4215019 ], [ -3.6371472, 40.4219369 ], [ -3.6377175, 40.4222426 ], [ -3.6381889, 40.4224934 ], [ -3.6387208, 40.4227787 ], [ -3.6390327, 40.422947 ], [ -3.6393597, 40.4231269 ], [ -3.6395448, 40.4232244 ], [ -3.6398707, 40.4234025 ], [ -3.640168, 40.4235659 ], [ -3.6422897, 40.4247186 ], [ -3.6436041, 40.4254343 ], [ -3.6441537, 40.4257329 ], [ -3.6447584, 40.4260622 ], [ -3.6456802, 40.4265619 ], [ -3.6456716, 40.4266045 ], [ -3.6455527, 40.4273581 ], [ -3.6455497, 40.4274069 ], [ -3.6456992, 40.428145 ], [ -3.6457936, 40.428615 ], [ -3.6458246, 40.4287592 ], [ -3.6459917, 40.4296031 ], [ -3.6461131, 40.4301967 ], [ -3.6461557, 40.4304069 ], [ -3.6463793, 40.4306961 ], [ -3.646748, 40.4311768 ], [ -3.6471282, 40.4316723 ], [ -3.6482039, 40.4330864 ] ] ] } },
{ "type": "Feature", "properties": { "neighborhood": "Ventas", "admin_level": "10" }, "geometry": { "type": "Polygon", "coordinates": [ [ [ -3.6606617, 40.4313488 ], [ -3.6569064, 40.431913 ], [ -3.655405, 40.4321385 ], [ -3.6482039, 40.4330864 ], [ -3.6471282, 40.4316723 ], [ -3.646748, 40.4311768 ], [ -3.6463793, 40.4306961 ], [ -3.6461557, 40.4304069 ], [ -3.6461131, 40.4301967 ], [ -3.6459917, 40.4296031 ], [ -3.6458246, 40.4287592 ], [ -3.6457936, 40.428615 ], [ -3.6456992, 40.428145 ], [ -3.6455497, 40.4274069 ], [ -3.6455527, 40.4273581 ], [ -3.6456716, 40.4266045 ], [ -3.6456802, 40.4265619 ], [ -3.6447584, 40.4260622 ], [ -3.6441537, 40.4257329 ], [ -3.6436041, 40.4254343 ], [ -3.6422897, 40.4247186 ], [ -3.640168, 40.4235659 ], [ -3.6398707, 40.4234025 ], [ -3.6395448, 40.4232244 ], [ -3.6393597, 40.4231269 ], [ -3.6390327, 40.422947 ], [ -3.6387208, 40.4227787 ], [ -3.6381889, 40.4224934 ], [ -3.6377175, 40.4222426 ], [ -3.6371472, 40.4219369 ], [ -3.6363313, 40.4215019 ], [ -3.635846, 40.4212405 ], [ -3.6353746, 40.4209862 ], [ -3.6348252, 40.4206924 ], [ -3.6344899, 40.4205104 ], [ -3.6339704, 40.4202309 ], [ -3.6333094, 40.4198722 ], [ -3.6329835, 40.4196944 ], [ -3.6324328, 40.4193993 ], [ -3.6320907, 40.419214 ], [ -3.6317383, 40.4190241 ], [ -3.6314808, 40.4188852 ], [ -3.631238, 40.4187559 ], [ -3.6309233, 40.4185833 ], [ -3.6307065, 40.4184669 ], [ -3.6304847, 40.4183429 ], [ -3.6302859, 40.4182326 ], [ -3.6301, 40.4181299 ], [ -3.6299052, 40.4180204 ], [ -3.6298253, 40.4179633 ], [ -3.6297104, 40.417885 ], [ -3.6295455, 40.4177709 ], [ -3.6292558, 40.4175686 ], [ -3.629053, 40.4174294 ], [ -3.628989, 40.417383 ], [ -3.6288272, 40.4172704 ], [ -3.6283166, 40.4169197 ], [ -3.6281148, 40.4167767 ], [ -3.6280839, 40.4167562 ], [ -3.6278969, 40.4166421 ], [ -3.6277932, 40.416578 ], [ -3.627746, 40.4165519 ], [ -3.6275118, 40.4163827 ], [ -3.6272183, 40.4161727 ], [ -3.6269832, 40.4160043 ], [ -3.6267762, 40.4158578 ], [ -3.6269311, 40.4155711 ], [ -3.6270837, 40.415294 ], [ -3.6273042, 40.4149033 ], [ -3.6275911, 40.4143813 ], [ -3.6280228, 40.414528 ], [ -3.6282658, 40.4146012 ], [ -3.6290319, 40.4148217 ], [ -3.6295138, 40.4149223 ], [ -3.6299476, 40.4150127 ], [ -3.6303534, 40.4150686 ], [ -3.6306804, 40.4151134 ], [ -3.6314479, 40.4151845 ], [ -3.6321674, 40.4151977 ], [ -3.6324998, 40.4152008 ], [ -3.6332886, 40.4151571 ], [ -3.6337945, 40.4151286 ], [ -3.6344886, 40.4150239 ], [ -3.636458, 40.4147457 ], [ -3.6375079, 40.4145961 ], [ -3.6384089, 40.4145168 ], [ -3.6390483, 40.4144619 ], [ -3.6396837, 40.4144497 ], [ -3.640578, 40.4144314 ], [ -3.6410372, 40.4144274 ], [ -3.6424974, 40.4144944 ], [ -3.6428952, 40.4145127 ], [ -3.643341, 40.4145625 ], [ -3.6440992, 40.4146449 ], [ -3.6446411, 40.4147343 ], [ -3.6450856, 40.4148014 ], [ -3.6456609, 40.4148999 ], [ -3.6461094, 40.4149833 ], [ -3.6464832, 40.4150554 ], [ -3.6471439, 40.4152231 ], [ -3.6477579, 40.4153745 ], [ -3.648177, 40.4155006 ], [ -3.6496373, 40.4159426 ], [ -3.6497774, 40.4159843 ], [ -3.6498695, 40.4160138 ], [ -3.6501432, 40.4160951 ], [ -3.6511189, 40.4164365 ], [ -3.6519171, 40.416717 ], [ -3.6529009, 40.4170615 ], [ -3.6539981, 40.4174487 ], [ -3.6553489, 40.4178014 ], [ -3.6573965, 40.4183349 ], [ -3.65879, 40.4186706 ], [ -3.6588536, 40.4195871 ], [ -3.6589558, 40.4206939 ], [ -3.659024, 40.4212749 ], [ -3.6591512, 40.4223401 ], [ -3.6593443, 40.4232341 ], [ -3.6596691, 40.4245345 ], [ -3.6599712, 40.4257276 ], [ -3.6601052, 40.4262342 ], [ -3.6602256, 40.42667 ], [ -3.6602551, 40.4269622 ], [ -3.6602642, 40.4273149 ], [ -3.6604232, 40.4284699 ], [ -3.6605436, 40.4296388 ], [ -3.6606382, 40.4308993 ], [ -3.6606617, 40.4313488 ] ] ] } },
{ "type": "Feature", "properties": { "neighborhood": "Quintana", "admin_level": "10" }, "geometry": { "type": "Polygon", "coordinates": [ [ [ -3.655405, 40.4321385 ], [ -3.6558461, 40.4344276 ], [ -3.6558114, 40.4345623 ], [ -3.6556211, 40.4345465 ], [ -3.6549484, 40.4344907 ], [ -3.6540241, 40.4346142 ], [ -3.6535545, 40.4346783 ], [ -3.6534452, 40.4347032 ], [ -3.653312, 40.4347465 ], [ -3.6528902, 40.4349567 ], [ -3.6508334, 40.4359758 ], [ -3.6498187, 40.4364629 ], [ -3.6484392, 40.437129 ], [ -3.6473297, 40.4376601 ], [ -3.6465434, 40.4380575 ], [ -3.6460386, 40.4393614 ], [ -3.6383585, 40.4425804 ], [ -3.6354444, 40.4385465 ], [ -3.6354363, 40.4385352 ], [ -3.6380335, 40.437888 ], [ -3.6413388, 40.4363276 ], [ -3.6417239, 40.4361458 ], [ -3.6482039, 40.4330864 ], [ -3.655405, 40.4321385 ] ] ] } },
{ "type": "Feature", "properties": { "neighborhood": "Concepción", "admin_level": "10" }, "geometry": { "type": "Polygon", "coordinates": [ [ [ -3.6606617, 40.4313488 ], [ -3.660639, 40.4317049 ], [ -3.6606367, 40.4319937 ], [ -3.660514, 40.432623 ], [ -3.6603619, 40.4334166 ], [ -3.6602217, 40.4339901 ], [ -3.6601078, 40.4345912 ], [ -3.6599589, 40.4352541 ], [ -3.6597742, 40.4360954 ], [ -3.6597085, 40.436382 ], [ -3.6561943, 40.4359257 ], [ -3.656118, 40.4359975 ], [ -3.6560735, 40.4360481 ], [ -3.656096, 40.4361433 ], [ -3.6560237, 40.4361858 ], [ -3.6549693, 40.4368055 ], [ -3.6544979, 40.4366039 ], [ -3.6540279, 40.4379901 ], [ -3.6498721, 40.4401526 ], [ -3.6497582, 40.4404187 ], [ -3.6494005, 40.4414088 ], [ -3.6449088, 40.4469362 ], [ -3.6404709, 40.4447904 ], [ -3.6400074, 40.4444748 ], [ -3.639487, 40.4440107 ], [ -3.6390967, 40.4436023 ], [ -3.6383585, 40.4425804 ], [ -3.6460386, 40.4393614 ], [ -3.6465434, 40.4380575 ], [ -3.6473297, 40.4376601 ], [ -3.6484392, 40.437129 ], [ -3.6498187, 40.4364629 ], [ -3.6508334, 40.4359758 ], [ -3.6528902, 40.4349567 ], [ -3.653312, 40.4347465 ], [ -3.6534452, 40.4347032 ], [ -3.6535545, 40.4346783 ], [ -3.6540241, 40.4346142 ], [ -3.6549484, 40.4344907 ], [ -3.6556211, 40.4345465 ], [ -3.6558114, 40.4345623 ], [ -3.6558461, 40.4344276 ], [ -3.655405, 40.4321385 ], [ -3.6569064, 40.431913 ], [ -3.6606617, 40.4313488 ] ] ] } },
{ "type": "Feature", "properties": { "neighborhood": "San Pascual", "admin_level": "10" }, "geometry": { "type": "Polygon", "coordinates": [ [ [ -3.6605199, 40.4446296 ], [ -3.658459, 40.4453484 ], [ -3.6565349, 40.4459999 ], [ -3.6547003, 40.4466571 ], [ -3.6527235, 40.4474879 ], [ -3.651347, 40.4480567 ], [ -3.6496041, 40.4487963 ], [ -3.6480467, 40.4494606 ], [ -3.6475529, 40.4486886 ], [ -3.646504, 40.4477234 ], [ -3.6449088, 40.4469362 ], [ -3.6494005, 40.4414088 ], [ -3.6497582, 40.4404187 ], [ -3.6498721, 40.4401526 ], [ -3.6540279, 40.4379901 ], [ -3.6544979, 40.4366039 ], [ -3.6549693, 40.4368055 ], [ -3.6560237, 40.4361858 ], [ -3.656096, 40.4361433 ], [ -3.6560735, 40.4360481 ], [ -3.656118, 40.4359975 ], [ -3.6561943, 40.4359257 ], [ -3.6597085, 40.436382 ], [ -3.6595988, 40.4368906 ], [ -3.6594707, 40.437516 ], [ -3.6594202, 40.4377686 ], [ -3.6593681, 40.4380217 ], [ -3.6592574, 40.4386262 ], [ -3.6591765, 40.4392763 ], [ -3.6591368, 40.4398124 ], [ -3.659132, 40.4404089 ], [ -3.6592506, 40.4414562 ], [ -3.6593617, 40.441949 ], [ -3.6595431, 40.4425037 ], [ -3.6599224, 40.4434356 ], [ -3.6602213, 40.4440613 ], [ -3.66049, 40.4445782 ], [ -3.6605199, 40.4446296 ] ] ] } },
{ "type": "Feature", "properties": { "neighborhood": "San Juan Bautista", "admin_level": "10" }, "geometry": { "type": "Polygon", "coordinates": [ [ [ -3.6630811, 40.4531586 ], [ -3.660569, 40.453807 ], [ -3.659987, 40.4540356 ], [ -3.6594466, 40.454303 ], [ -3.6583313, 40.4548718 ], [ -3.6565444, 40.4557831 ], [ -3.6541529, 40.4569062 ], [ -3.6513826, 40.4537808 ], [ -3.6500816, 40.4520793 ], [ -3.6480467, 40.4494606 ], [ -3.6496041, 40.4487963 ], [ -3.651347, 40.4480567 ], [ -3.6527235, 40.4474879 ], [ -3.6547003, 40.4466571 ], [ -3.6565349, 40.4459999 ], [ -3.658459, 40.4453484 ], [ -3.6605199, 40.4446296 ], [ -3.6607296, 40.4450958 ], [ -3.6610327, 40.4456523 ], [ -3.6612973, 40.4461173 ], [ -3.661509, 40.4466775 ], [ -3.6617159, 40.447212 ], [ -3.6622355, 40.4487973 ], [ -3.6627984, 40.4511331 ], [ -3.6630811, 40.4531586 ] ] ] } },
{ "type": "Feature", "properties": { "neighborhood": "Colina", "admin_level": "10" }, "geometry": { "type": "Polygon", "coordinates": [ [ [ -3.6648568, 40.4600786 ], [ -3.6640074, 40.4604684 ], [ -3.6635114, 40.4607725 ], [ -3.6631225, 40.4610541 ], [ -3.6629347, 40.4612051 ], [ -3.6632661, 40.4614382 ], [ -3.6635704, 40.4616521 ], [ -3.663742, 40.4618214 ], [ -3.6637031, 40.4619232 ], [ -3.6620284, 40.4633916 ], [ -3.661947, 40.4633162 ], [ -3.6603194, 40.4621799 ], [ -3.6563099, 40.4594232 ], [ -3.6541529, 40.4569062 ], [ -3.6565444, 40.4557831 ], [ -3.6583313, 40.4548718 ], [ -3.6594466, 40.454303 ], [ -3.659987, 40.4540356 ], [ -3.660569, 40.453807 ], [ -3.6630811, 40.4531586 ], [ -3.6633372, 40.4551528 ], [ -3.6636018, 40.4564304 ], [ -3.664107, 40.4583083 ], [ -3.6648568, 40.4600786 ] ] ] } },
{ "type": "Feature", "properties": { "neighborhood": "Atalaya", "admin_level": "10" }, "geometry": { "type": "Polygon", "coordinates": [ [ [ -3.6684645, 40.466678 ], [ -3.6660273, 40.4670701 ], [ -3.663435, 40.4675053 ], [ -3.662669, 40.464614 ], [ -3.662485, 40.4640809 ], [ -3.6621098, 40.463467 ], [ -3.6620284, 40.4633916 ], [ -3.6637031, 40.4619232 ], [ -3.663742, 40.4618214 ], [ -3.6635704, 40.4616521 ], [ -3.6632661, 40.4614382 ], [ -3.6629347, 40.4612051 ], [ -3.6631225, 40.4610541 ], [ -3.6635114, 40.4607725 ], [ -3.6640074, 40.4604684 ], [ -3.6648568, 40.4600786 ], [ -3.6655695, 40.461449 ], [ -3.6669118, 40.4639454 ], [ -3.667874, 40.4657609 ], [ -3.6684645, 40.466678 ] ] ] } },
{ "type": "Feature", "properties": { "neighborhood": "Costillares", "admin_level": "10" }, "geometry": { "type": "Polygon", "coordinates": [ [ [ -3.6734578, 40.48406 ], [ -3.6726098, 40.4840927 ], [ -3.6717429, 40.4841171 ], [ -3.6704841, 40.4841646 ], [ -3.6698681, 40.4841714 ], [ -3.6692968, 40.4841782 ], [ -3.6686004, 40.4841442 ], [ -3.6679577, 40.4841306 ], [ -3.6671096, 40.4840627 ], [ -3.6654491, 40.4838862 ], [ -3.6640976, 40.4836905 ], [ -3.662078, 40.4833632 ], [ -3.660655, 40.4831275 ], [ -3.6597198, 40.482966 ], [ -3.6612353, 40.4819862 ], [ -3.664836, 40.4783581 ], [ -3.6651579, 40.4780643 ], [ -3.665351, 40.4777705 ], [ -3.665469, 40.4775093 ], [ -3.6655763, 40.4772074 ], [ -3.6656407, 40.4768564 ], [ -3.6656728, 40.4764892 ], [ -3.6656514, 40.4761709 ], [ -3.6656192, 40.4756976 ], [ -3.6654475, 40.4749794 ], [ -3.663435, 40.4675053 ], [ -3.6660273, 40.4670701 ], [ -3.6684645, 40.466678 ], [ -3.6697263, 40.4686378 ], [ -3.6699909, 40.4690111 ], [ -3.6722265, 40.4715741 ], [ -3.6726061, 40.4720773 ], [ -3.6730446, 40.4727337 ], [ -3.6734165, 40.4733951 ], [ -3.6737431, 40.4741255 ], [ -3.674014, 40.4749226 ], [ -3.6743123, 40.4761052 ], [ -3.6743987, 40.4774433 ], [ -3.6743825, 40.4783428 ], [ -3.6742347, 40.4793868 ], [ -3.6740805, 40.4802001 ], [ -3.6739302, 40.4808979 ], [ -3.6739014, 40.4810699 ], [ -3.6734578, 40.48406 ] ] ] } },
{ "type": "Feature", "properties": { "neighborhood": "Marroquina", "admin_level": "10" }, "geometry": { "type": "Polygon", "coordinates": [ [ [ -3.6509946, 40.4057728 ], [ -3.6530045, 40.408583 ], [ -3.6530491, 40.4088093 ], [ -3.6530788, 40.4090017 ], [ -3.6524992, 40.4103597 ], [ -3.6516669, 40.4122494 ], [ -3.6532423, 40.4122608 ], [ -3.653599, 40.4122721 ], [ -3.6539408, 40.412306 ], [ -3.6525093, 40.4137152 ], [ -3.6519118, 40.4142658 ], [ -3.6514873, 40.4146407 ], [ -3.6507009, 40.4153386 ], [ -3.6501432, 40.4160951 ], [ -3.6498695, 40.4160138 ], [ -3.6497774, 40.4159843 ], [ -3.6496373, 40.4159426 ], [ -3.648177, 40.4155006 ], [ -3.6477579, 40.4153745 ], [ -3.6471439, 40.4152231 ], [ -3.6464832, 40.4150554 ], [ -3.6461094, 40.4149833 ], [ -3.6456609, 40.4148999 ], [ -3.6450856, 40.4148014 ], [ -3.6446411, 40.4147343 ], [ -3.6440992, 40.4146449 ], [ -3.643341, 40.4145625 ], [ -3.6428952, 40.4145127 ], [ -3.6424974, 40.4144944 ], [ -3.6410372, 40.4144274 ], [ -3.640578, 40.4144314 ], [ -3.6396837, 40.4144497 ], [ -3.6390483, 40.4144619 ], [ -3.6384089, 40.4145168 ], [ -3.6375079, 40.4145961 ], [ -3.636458, 40.4147457 ], [ -3.6344886, 40.4150239 ], [ -3.6337945, 40.4151286 ], [ -3.6332886, 40.4151571 ], [ -3.6324998, 40.4152008 ], [ -3.6321674, 40.4151977 ], [ -3.6314479, 40.4151845 ], [ -3.6306804, 40.4151134 ], [ -3.6303534, 40.4150686 ], [ -3.6299476, 40.4150127 ], [ -3.6295138, 40.4149223 ], [ -3.6290319, 40.4148217 ], [ -3.6282658, 40.4146012 ], [ -3.6280228, 40.414528 ], [ -3.6275911, 40.4143813 ], [ -3.6283637, 40.4129407 ], [ -3.6299677, 40.4099876 ], [ -3.6302552, 40.4094662 ], [ -3.6305417, 40.4088439 ], [ -3.6309708, 40.407978 ], [ -3.6315448, 40.4070875 ], [ -3.6335903, 40.4046933 ], [ -3.6342324, 40.4037665 ], [ -3.6348888, 40.4037573 ], [ -3.6352445, 40.4037503 ], [ -3.6357103, 40.4037749 ], [ -3.6360661, 40.403834 ], [ -3.6363443, 40.4038931 ], [ -3.6366807, 40.4040015 ], [ -3.6370171, 40.4041542 ], [ -3.6372111, 40.4042528 ], [ -3.6374634, 40.4044055 ], [ -3.6376704, 40.4045434 ], [ -3.6378904, 40.4047257 ], [ -3.6381103, 40.4049178 ], [ -3.6382527, 40.4050606 ], [ -3.6390484, 40.4059621 ], [ -3.6393847, 40.4058833 ], [ -3.6395077, 40.4066665 ], [ -3.6395594, 40.4069769 ], [ -3.639637, 40.4072133 ], [ -3.6400899, 40.4081935 ], [ -3.6404845, 40.4088881 ], [ -3.6410105, 40.409603 ], [ -3.6411914, 40.4097805 ], [ -3.6508321, 40.4058377 ], [ -3.6509946, 40.4057728 ] ] ] } },
{ "type": "Feature", "properties": { "neighborhood": "Pavones", "admin_level": "10" }, "geometry": { "type": "Polygon", "coordinates": [ [ [ -3.640024, 40.3947955 ], [ -3.6395539, 40.395833 ], [ -3.6379392, 40.3982801 ], [ -3.6361529, 40.4009151 ], [ -3.6342324, 40.4037665 ], [ -3.633487, 40.4037814 ], [ -3.6282408, 40.4038563 ], [ -3.6280778, 40.4038447 ], [ -3.6279313, 40.4038102 ], [ -3.6278168, 40.4037707 ], [ -3.6269838, 40.4044072 ], [ -3.6268323, 40.4042918 ], [ -3.6266019, 40.4041553 ], [ -3.6263415, 40.4040188 ], [ -3.6260897, 40.4039148 ], [ -3.6258318, 40.4038351 ], [ -3.6253494, 40.403738 ], [ -3.625645, 40.4029131 ], [ -3.6259988, 40.4020701 ], [ -3.6261954, 40.4014424 ], [ -3.626371, 40.4009096 ], [ -3.6264156, 40.4007152 ], [ -3.6268696, 40.3987352 ], [ -3.6269169, 40.3983813 ], [ -3.6274214, 40.3969716 ], [ -3.627653, 40.3963902 ], [ -3.6280654, 40.3956362 ], [ -3.6286975, 40.3945398 ], [ -3.6297953, 40.3925626 ], [ -3.6322408, 40.3931116 ], [ -3.6348167, 40.393677 ], [ -3.6365763, 40.3940382 ], [ -3.6383015, 40.3944344 ], [ -3.640024, 40.3947955 ] ] ] } },
{ "type": "Feature", "properties": { "neighborhood": "Media Legua", "admin_level": "10" }, "geometry": { "type": "Polygon", "coordinates": [ [ [ -3.6641463, 40.4084469 ], [ -3.6630468, 40.4105983 ], [ -3.6623815, 40.4119228 ], [ -3.6615726, 40.4133389 ], [ -3.660186, 40.4154898 ], [ -3.660022, 40.4157408 ], [ -3.6596785, 40.4162473 ], [ -3.6591717, 40.4169774 ], [ -3.6588539, 40.4177237 ], [ -3.6587726, 40.4180728 ], [ -3.65879, 40.4186706 ], [ -3.6573965, 40.4183349 ], [ -3.6553489, 40.4178014 ], [ -3.6539981, 40.4174487 ], [ -3.6529009, 40.4170615 ], [ -3.6519171, 40.416717 ], [ -3.6511189, 40.4164365 ], [ -3.6501432, 40.4160951 ], [ -3.6507009, 40.4153386 ], [ -3.6514873, 40.4146407 ], [ -3.6519118, 40.4142658 ], [ -3.6525093, 40.4137152 ], [ -3.6539408, 40.412306 ], [ -3.653599, 40.4122721 ], [ -3.6532423, 40.4122608 ], [ -3.6516669, 40.4122494 ], [ -3.6524992, 40.4103597 ], [ -3.6530788, 40.4090017 ], [ -3.6530491, 40.4088093 ], [ -3.6530045, 40.408583 ], [ -3.6509946, 40.4057728 ], [ -3.6516346, 40.4055312 ], [ -3.6518175, 40.4055483 ], [ -3.6525948, 40.405621 ], [ -3.6538823, 40.4058416 ], [ -3.6548961, 40.4061112 ], [ -3.6557974, 40.4064012 ], [ -3.6566825, 40.4066382 ], [ -3.6579144, 40.406855 ], [ -3.6590938, 40.4072103 ], [ -3.6620079, 40.4079445 ], [ -3.6641463, 40.4084469 ] ] ] } },
{ "type": "Feature", "properties": { "neighborhood": "Fontarrón", "admin_level": "10" }, "geometry": { "type": "Polygon", "coordinates": [ [ [ -3.6653927, 40.4063259 ], [ -3.6648273, 40.4073191 ], [ -3.6641463, 40.4084469 ], [ -3.6620079, 40.4079445 ], [ -3.6590938, 40.4072103 ], [ -3.6579144, 40.406855 ], [ -3.6566825, 40.4066382 ], [ -3.6557974, 40.4064012 ], [ -3.6548961, 40.4061112 ], [ -3.6538823, 40.4058416 ], [ -3.6525948, 40.405621 ], [ -3.6518175, 40.4055483 ], [ -3.6516346, 40.4055312 ], [ -3.6509946, 40.4057728 ], [ -3.6507392, 40.4052826 ], [ -3.6475382, 40.4038656 ], [ -3.6471669, 40.4037583 ], [ -3.6468041, 40.4036836 ], [ -3.6464499, 40.4036413 ], [ -3.6446701, 40.4035698 ], [ -3.6445293, 40.4035341 ], [ -3.6431934, 40.4030368 ], [ -3.6427001, 40.4028242 ], [ -3.6424391, 40.4027272 ], [ -3.6420843, 40.4026339 ], [ -3.6417758, 40.4025833 ], [ -3.6415075, 40.4025587 ], [ -3.6411447, 40.4025558 ], [ -3.6407137, 40.4025688 ], [ -3.6403551, 40.4025428 ], [ -3.640082, 40.402494 ], [ -3.6397491, 40.4023998 ], [ -3.63954, 40.402325 ], [ -3.6363574, 40.4010098 ], [ -3.6361529, 40.4009151 ], [ -3.6379392, 40.3982801 ], [ -3.6395539, 40.395833 ], [ -3.640024, 40.3947955 ], [ -3.6418183, 40.3952065 ], [ -3.6426997, 40.3954625 ], [ -3.6432396, 40.3956713 ], [ -3.6438943, 40.3959748 ], [ -3.6446319, 40.3964362 ], [ -3.645094, 40.3968112 ], [ -3.6460239, 40.3976226 ], [ -3.6465186, 40.398063 ], [ -3.6470244, 40.3985277 ], [ -3.6474998, 40.3989645 ], [ -3.6503315, 40.4015117 ], [ -3.6512746, 40.4023785 ], [ -3.6514975, 40.4025842 ], [ -3.6517482, 40.4028068 ], [ -3.652172, 40.4031909 ], [ -3.6523781, 40.4033767 ], [ -3.6527464, 40.4037109 ], [ -3.6534562, 40.404313 ], [ -3.6539285, 40.4046174 ], [ -3.6546197, 40.4050065 ], [ -3.6556597, 40.4054082 ], [ -3.656428, 40.4056332 ], [ -3.6576671, 40.4058361 ], [ -3.6621588, 40.4061297 ], [ -3.6636379, 40.4062424 ], [ -3.6645127, 40.4063073 ], [ -3.6653927, 40.4063259 ] ] ] } },
{ "type": "Feature", "properties": { "neighborhood": "Vinateros", "admin_level": "10" }, "geometry": { "type": "Polygon", "coordinates": [ [ [ -3.6509946, 40.4057728 ], [ -3.6508321, 40.4058377 ], [ -3.6411914, 40.4097805 ], [ -3.6410105, 40.409603 ], [ -3.6404845, 40.4088881 ], [ -3.6400899, 40.4081935 ], [ -3.639637, 40.4072133 ], [ -3.6395594, 40.4069769 ], [ -3.6395077, 40.4066665 ], [ -3.6393847, 40.4058833 ], [ -3.6390484, 40.4059621 ], [ -3.6382527, 40.4050606 ], [ -3.6381103, 40.4049178 ], [ -3.6378904, 40.4047257 ], [ -3.6376704, 40.4045434 ], [ -3.6374634, 40.4044055 ], [ -3.6372111, 40.4042528 ], [ -3.6370171, 40.4041542 ], [ -3.6366807, 40.4040015 ], [ -3.6363443, 40.4038931 ], [ -3.6360661, 40.403834 ], [ -3.6357103, 40.4037749 ], [ -3.6352445, 40.4037503 ], [ -3.6348888, 40.4037573 ], [ -3.6342324, 40.4037665 ], [ -3.6361529, 40.4009151 ], [ -3.6363574, 40.4010098 ], [ -3.63954, 40.402325 ], [ -3.6397491, 40.4023998 ], [ -3.640082, 40.402494 ], [ -3.6403551, 40.4025428 ], [ -3.6407137, 40.4025688 ], [ -3.6411447, 40.4025558 ], [ -3.6415075, 40.4025587 ], [ -3.6417758, 40.4025833 ], [ -3.6420843, 40.4026339 ], [ -3.6424391, 40.4027272 ], [ -3.6427001, 40.4028242 ], [ -3.6431934, 40.4030368 ], [ -3.6445293, 40.4035341 ], [ -3.6446701, 40.4035698 ], [ -3.6464499, 40.4036413 ], [ -3.6468041, 40.4036836 ], [ -3.6471669, 40.4037583 ], [ -3.6475382, 40.4038656 ], [ -3.6507392, 40.4052826 ], [ -3.6509946, 40.4057728 ] ] ] } },
{ "type": "Feature", "properties": { "neighborhood": "Adelfas", "admin_level": "10" }, "geometry": { "type": "Polygon", "coordinates": [ [ [ -3.6765642, 40.399276 ], [ -3.6746486, 40.4013865 ], [ -3.6702576, 40.4062957 ], [ -3.6702106, 40.4066997 ], [ -3.6660445, 40.4063109 ], [ -3.6653927, 40.4063259 ], [ -3.6655249, 40.4057111 ], [ -3.6659451, 40.4047585 ], [ -3.6663762, 40.4039003 ], [ -3.6670134, 40.4022724 ], [ -3.6674424, 40.4011548 ], [ -3.6675914, 40.4007937 ], [ -3.6681965, 40.3997654 ], [ -3.6692964, 40.3983255 ], [ -3.6701922, 40.3972595 ], [ -3.6707886, 40.3965499 ], [ -3.6713711, 40.3959686 ], [ -3.671895, 40.395494 ], [ -3.6724504, 40.3950607 ], [ -3.6730917, 40.3946102 ], [ -3.6733291, 40.394508 ], [ -3.6735422, 40.3948131 ], [ -3.6738127, 40.3956161 ], [ -3.6739445, 40.3960383 ], [ -3.6740827, 40.3963399 ], [ -3.674207, 40.3966768 ], [ -3.6743921, 40.3969607 ], [ -3.6745313, 40.3972739 ], [ -3.6747405, 40.397598 ], [ -3.6748883, 40.3978899 ], [ -3.6752732, 40.3982431 ], [ -3.6755823, 40.3985237 ], [ -3.6759346, 40.3988378 ], [ -3.6761551, 40.3990049 ], [ -3.676409, 40.3991741 ], [ -3.6765642, 40.399276 ] ] ] } },
{ "type": "Feature", "properties": { "neighborhood": "Estrella", "admin_level": "10" }, "geometry": { "type": "Polygon", "coordinates": [ [ [ -3.6702106, 40.4066997 ], [ -3.6693788, 40.41651 ], [ -3.6689808, 40.4211732 ], [ -3.6685934, 40.4210918 ], [ -3.6679144, 40.4209212 ], [ -3.66656, 40.4205941 ], [ -3.6652208, 40.4202511 ], [ -3.6641536, 40.4199856 ], [ -3.6631327, 40.419733 ], [ -3.662181, 40.4194942 ], [ -3.6609889, 40.4192027 ], [ -3.6602974, 40.4190316 ], [ -3.6598117, 40.4189144 ], [ -3.6592601, 40.4187822 ], [ -3.65879, 40.4186706 ], [ -3.6587726, 40.4180728 ], [ -3.6588539, 40.4177237 ], [ -3.6591717, 40.4169774 ], [ -3.6596785, 40.4162473 ], [ -3.660022, 40.4157408 ], [ -3.660186, 40.4154898 ], [ -3.6615726, 40.4133389 ], [ -3.6623815, 40.4119228 ], [ -3.6630468, 40.4105983 ], [ -3.6641463, 40.4084469 ], [ -3.6648273, 40.4073191 ], [ -3.6653927, 40.4063259 ], [ -3.6660445, 40.4063109 ], [ -3.6702106, 40.4066997 ] ] ] } },
{ "type": "Feature", "properties": { "neighborhood": "Ibiza", "admin_level": "10" }, "geometry": { "type": "Polygon", "coordinates": [ [ [ -3.6799894, 40.4216608 ], [ -3.6794617, 40.4217289 ], [ -3.6759427, 40.4215441 ], [ -3.6743441, 40.4214624 ], [ -3.6712341, 40.4213082 ], [ -3.6689808, 40.4211732 ], [ -3.6693788, 40.41651 ], [ -3.6715655, 40.4166623 ], [ -3.6715728, 40.4163447 ], [ -3.6777646, 40.4154444 ], [ -3.6783606, 40.4171098 ], [ -3.6799894, 40.4216608 ] ] ] } },
{ "type": "Feature", "properties": { "neighborhood": "Jerónimos", "admin_level": "10" }, "geometry": { "type": "Polygon", "coordinates": [ [ [ -3.6930296, 40.4192793 ], [ -3.6926531, 40.4194084 ], [ -3.6919418, 40.4195124 ], [ -3.6893522, 40.4198263 ], [ -3.6891168, 40.4198548 ], [ -3.688199, 40.4200623 ], [ -3.6799894, 40.4216608 ], [ -3.6783606, 40.4171098 ], [ -3.6777646, 40.4154444 ], [ -3.6763046, 40.4114384 ], [ -3.6763608, 40.4110793 ], [ -3.6787837, 40.4075183 ], [ -3.6820067, 40.4069831 ], [ -3.6855172, 40.4064002 ], [ -3.6860906, 40.4063943 ], [ -3.6863609, 40.4064219 ], [ -3.6884319, 40.4068082 ], [ -3.688997, 40.4070737 ], [ -3.6894961, 40.4074014 ], [ -3.6898659, 40.407691 ], [ -3.6901484, 40.4078941 ], [ -3.6909724, 40.4084169 ], [ -3.6913236, 40.4085959 ], [ -3.6915824, 40.4086683 ], [ -3.6918385, 40.4090137 ], [ -3.692153, 40.4090618 ], [ -3.6922131, 40.4094608 ], [ -3.6925312, 40.4103487 ], [ -3.692653, 40.4111075 ], [ -3.6932754, 40.4128796 ], [ -3.6938718, 40.4145776 ], [ -3.6941293, 40.415682 ], [ -3.6938554, 40.4167889 ], [ -3.6936908, 40.4174859 ], [ -3.6936121, 40.4178195 ], [ -3.6934847, 40.4182567 ], [ -3.6933546, 40.4188087 ], [ -3.6930296, 40.4192793 ] ] ] } },
{ "type": "Feature", "properties": { "neighborhood": "Niño Jesús", "admin_level": "10" }, "geometry": { "type": "Polygon", "coordinates": [ [ [ -3.6787837, 40.4075183 ], [ -3.6763608, 40.4110793 ], [ -3.6763046, 40.4114384 ], [ -3.6777646, 40.4154444 ], [ -3.6715728, 40.4163447 ], [ -3.6715655, 40.4166623 ], [ -3.6693788, 40.41651 ], [ -3.6702106, 40.4066997 ], [ -3.6787837, 40.4075183 ] ] ] } },
{ "type": "Feature", "properties": { "neighborhood": "Pacífico", "admin_level": "10" }, "geometry": { "type": "Polygon", "coordinates": [ [ [ -3.6884319, 40.4068082 ], [ -3.6863609, 40.4064219 ], [ -3.6860906, 40.4063943 ], [ -3.6855172, 40.4064002 ], [ -3.6820067, 40.4069831 ], [ -3.6787837, 40.4075183 ], [ -3.6702106, 40.4066997 ], [ -3.6702576, 40.4062957 ], [ -3.6746486, 40.4013865 ], [ -3.6765642, 40.399276 ], [ -3.6767356, 40.399394 ], [ -3.6769739, 40.3995632 ], [ -3.6772554, 40.3997608 ], [ -3.6774164, 40.3998753 ], [ -3.6783125, 40.4002814 ], [ -3.6782467, 40.4003705 ], [ -3.6789966, 40.4007036 ], [ -3.6793337, 40.4008506 ], [ -3.6795964, 40.4009876 ], [ -3.6797606, 40.4011077 ], [ -3.6799708, 40.401262 ], [ -3.681046, 40.4017447 ], [ -3.6820753, 40.4022248 ], [ -3.6823069, 40.4023072 ], [ -3.6824669, 40.4023103 ], [ -3.6847119, 40.4031641 ], [ -3.6854478, 40.4035638 ], [ -3.6862187, 40.4042593 ], [ -3.6883536, 40.406227 ], [ -3.6883213, 40.4064747 ], [ -3.6883342, 40.4066293 ], [ -3.6884319, 40.4068082 ] ] ] } },
{ "type": "Feature", "properties": { "neighborhood": "Horcajo", "admin_level": "10" }, "geometry": { "type": "Polygon", "coordinates": [ [ [ -3.6342324, 40.4037665 ], [ -3.6335903, 40.4046933 ], [ -3.6315448, 40.4070875 ], [ -3.6309708, 40.407978 ], [ -3.6305417, 40.4088439 ], [ -3.6302552, 40.4094662 ], [ -3.6299677, 40.4099876 ], [ -3.6283637, 40.4129407 ], [ -3.6275911, 40.4143813 ], [ -3.6269263, 40.4141518 ], [ -3.626245, 40.4139168 ], [ -3.6255854, 40.413692 ], [ -3.6250992, 40.4135451 ], [ -3.6248824, 40.4134924 ], [ -3.6244334, 40.4133934 ], [ -3.6242341, 40.413347 ], [ -3.6239327, 40.4132951 ], [ -3.6232968, 40.4131859 ], [ -3.6230811, 40.4131615 ], [ -3.6224349, 40.4130978 ], [ -3.6219952, 40.4130719 ], [ -3.6215988, 40.4130617 ], [ -3.6213077, 40.4130617 ], [ -3.6211508, 40.4130672 ], [ -3.6203687, 40.4130837 ], [ -3.6204572, 40.4129025 ], [ -3.6239317, 40.406153 ], [ -3.6253494, 40.403738 ], [ -3.6258318, 40.4038351 ], [ -3.6260897, 40.4039148 ], [ -3.6263415, 40.4040188 ], [ -3.6266019, 40.4041553 ], [ -3.6268323, 40.4042918 ], [ -3.6269838, 40.4044072 ], [ -3.6278168, 40.4037707 ], [ -3.6279313, 40.4038102 ], [ -3.6280778, 40.4038447 ], [ -3.6282408, 40.4038563 ], [ -3.633487, 40.4037814 ], [ -3.6342324, 40.4037665 ] ] ] } },
{ "type": "Feature", "properties": { "neighborhood": "Numancia", "admin_level": "10" }, "geometry": { "type": "Polygon", "coordinates": [ [ [ -3.6692964, 40.3983255 ], [ -3.6681965, 40.3997654 ], [ -3.6675914, 40.4007937 ], [ -3.6674424, 40.4011548 ], [ -3.6670134, 40.4022724 ], [ -3.6663762, 40.4039003 ], [ -3.6659451, 40.4047585 ], [ -3.6655249, 40.4057111 ], [ -3.6653927, 40.4063259 ], [ -3.6645127, 40.4063073 ], [ -3.6636379, 40.4062424 ], [ -3.6621588, 40.4061297 ], [ -3.6576671, 40.4058361 ], [ -3.656428, 40.4056332 ], [ -3.6556597, 40.4054082 ], [ -3.6546197, 40.4050065 ], [ -3.6539285, 40.4046174 ], [ -3.6534562, 40.404313 ], [ -3.6527464, 40.4037109 ], [ -3.6523781, 40.4033767 ], [ -3.652172, 40.4031909 ], [ -3.6517482, 40.4028068 ], [ -3.6514975, 40.4025842 ], [ -3.6512746, 40.4023785 ], [ -3.6503315, 40.4015117 ], [ -3.6474998, 40.3989645 ], [ -3.6470244, 40.3985277 ], [ -3.6514047, 40.3956456 ], [ -3.6527712, 40.3945457 ], [ -3.6534198, 40.3938871 ], [ -3.6538172, 40.3932479 ], [ -3.6539761, 40.3924271 ], [ -3.6540524, 40.3915772 ], [ -3.6542496, 40.3915967 ], [ -3.6569769, 40.3918664 ], [ -3.660033, 40.3934688 ], [ -3.6629215, 40.3949833 ], [ -3.6692964, 40.3983255 ] ] ] } },
{ "type": "Feature", "properties": { "neighborhood": "San Diego", "admin_level": "10" }, "geometry": { "type": "Polygon", "coordinates": [ [ [ -3.6733291, 40.394508 ], [ -3.6730917, 40.3946102 ], [ -3.6724504, 40.3950607 ], [ -3.671895, 40.395494 ], [ -3.6713711, 40.3959686 ], [ -3.6707886, 40.3965499 ], [ -3.6701922, 40.3972595 ], [ -3.6692964, 40.3983255 ], [ -3.6629215, 40.3949833 ], [ -3.660033, 40.3934688 ], [ -3.6624865, 40.390676 ], [ -3.6638747, 40.389093 ], [ -3.664395, 40.3883045 ], [ -3.6642442, 40.3874638 ], [ -3.6636746, 40.3840574 ], [ -3.6635741, 40.3836828 ], [ -3.6634211, 40.3831126 ], [ -3.663359, 40.3829232 ], [ -3.6632655, 40.382638 ], [ -3.6637532, 40.3823354 ], [ -3.6641516, 40.3826169 ], [ -3.6669266, 40.3806109 ], [ -3.667717, 40.3812965 ], [ -3.6685522, 40.3821958 ], [ -3.6696398, 40.3836933 ], [ -3.670152, 40.3845243 ], [ -3.6703651, 40.3849674 ], [ -3.670392, 40.3850233 ], [ -3.6707956, 40.385921 ], [ -3.6710015, 40.386496 ], [ -3.6712694, 40.3872445 ], [ -3.6716963, 40.3886768 ], [ -3.6720085, 40.3897844 ], [ -3.6723716, 40.3911787 ], [ -3.6727315, 40.3928563 ], [ -3.6729049, 40.3934674 ], [ -3.6733291, 40.394508 ] ] ] } },
{ "type": "Feature", "properties": { "neighborhood": "Entrevías", "admin_level": "10" }, "geometry": { "type": "Polygon", "coordinates": [ [ [ -3.6895732, 40.3821878 ], [ -3.6893226, 40.3826995 ], [ -3.6879371, 40.3831494 ], [ -3.6858383, 40.3835052 ], [ -3.6840873, 40.3838836 ], [ -3.6830446, 40.3844306 ], [ -3.6827275, 40.3846027 ], [ -3.6794274, 40.3895267 ], [ -3.6788921, 40.3903206 ], [ -3.6780365, 40.3911364 ], [ -3.6764454, 40.3923315 ], [ -3.6757425, 40.3928595 ], [ -3.6749782, 40.3935478 ], [ -3.6742956, 40.3939721 ], [ -3.6738552, 40.3941829 ], [ -3.6733291, 40.394508 ], [ -3.6729049, 40.3934674 ], [ -3.6727315, 40.3928563 ], [ -3.6723716, 40.3911787 ], [ -3.6720085, 40.3897844 ], [ -3.6716963, 40.3886768 ], [ -3.6712694, 40.3872445 ], [ -3.6710015, 40.386496 ], [ -3.6707956, 40.385921 ], [ -3.670392, 40.3850233 ], [ -3.6703651, 40.3849674 ], [ -3.670152, 40.3845243 ], [ -3.6696398, 40.3836933 ], [ -3.6685522, 40.3821958 ], [ -3.667717, 40.3812965 ], [ -3.6669266, 40.3806109 ], [ -3.6662066, 40.3800593 ], [ -3.665773, 40.3797563 ], [ -3.6652924, 40.3794277 ], [ -3.6648919, 40.3791695 ], [ -3.6645406, 40.3789583 ], [ -3.6641216, 40.3787236 ], [ -3.6638505, 40.3785687 ], [ -3.6634155, 40.3783538 ], [ -3.6629435, 40.3781167 ], [ -3.6623856, 40.3778797 ], [ -3.661774, 40.37761 ], [ -3.6612698, 40.3773893 ], [ -3.6607548, 40.3772259 ], [ -3.6601754, 40.3770215 ], [ -3.6595317, 40.3768417 ], [ -3.6589416, 40.3766864 ], [ -3.6584373, 40.3765638 ], [ -3.6578687, 40.3764494 ], [ -3.6574074, 40.3763513 ], [ -3.6569246, 40.3762778 ], [ -3.6565491, 40.3762369 ], [ -3.6562057, 40.3761879 ], [ -3.6558195, 40.376147 ], [ -3.6555406, 40.3761143 ], [ -3.6551436, 40.3760816 ], [ -3.6547101, 40.3760307 ], [ -3.6543925, 40.3760228 ], [ -3.6541813, 40.3760166 ], [ -3.6538042, 40.3760078 ], [ -3.6534961, 40.376006 ], [ -3.6531263, 40.3760078 ], [ -3.6527813, 40.3760124 ], [ -3.6523877, 40.376021 ], [ -3.6525097, 40.3758542 ], [ -3.6526476, 40.3756644 ], [ -3.6528809, 40.3752856 ], [ -3.6530796, 40.3749329 ], [ -3.6535058, 40.3738282 ], [ -3.6537695, 40.373101 ], [ -3.6539671, 40.3725698 ], [ -3.6541257, 40.372019 ], [ -3.6543284, 40.3711603 ], [ -3.6544958, 40.3707609 ], [ -3.6546555, 40.3704874 ], [ -3.6549642, 40.3701011 ], [ -3.6554415, 40.3697022 ], [ -3.6561027, 40.3692981 ], [ -3.6564344, 40.3691371 ], [ -3.6566805, 40.3690183 ], [ -3.6573637, 40.3686749 ], [ -3.6580005, 40.3683268 ], [ -3.6585915, 40.3679193 ], [ -3.6591707, 40.3675043 ], [ -3.6597622, 40.3670846 ], [ -3.6612752, 40.3660362 ], [ -3.6623735, 40.3653929 ], [ -3.6624753, 40.3653357 ], [ -3.6638598, 40.3645376 ], [ -3.6645215, 40.364148 ], [ -3.6655406, 40.3635551 ], [ -3.6662021, 40.3631837 ], [ -3.6669234, 40.3628078 ], [ -3.6683199, 40.3622158 ], [ -3.668916, 40.3620142 ], [ -3.6695265, 40.3618267 ], [ -3.670366, 40.361607 ], [ -3.6710336, 40.3614578 ], [ -3.6724493, 40.3612112 ], [ -3.6736576, 40.3610419 ], [ -3.6759885, 40.3608865 ], [ -3.6780098, 40.360849 ], [ -3.6802611, 40.3610493 ], [ -3.6819717, 40.3614413 ], [ -3.6821602, 40.3620956 ], [ -3.682335, 40.362388 ], [ -3.6830679, 40.364284 ], [ -3.6831379, 40.3647367 ], [ -3.6829537, 40.3651823 ], [ -3.6825693, 40.3657216 ], [ -3.6821294, 40.3660812 ], [ -3.6817178, 40.3665441 ], [ -3.6817753, 40.3674464 ], [ -3.681947, 40.3678224 ], [ -3.6823508, 40.3689618 ], [ -3.6822313, 40.3698291 ], [ -3.6826175, 40.3705566 ], [ -3.6829254, 40.3707803 ], [ -3.6843556, 40.3713658 ], [ -3.6859154, 40.3717989 ], [ -3.6863566, 40.3721829 ], [ -3.6866891, 40.3729199 ], [ -3.6869035, 40.3733794 ], [ -3.6869491, 40.3734888 ], [ -3.687517, 40.3740891 ], [ -3.6876216, 40.3741996 ], [ -3.6876466, 40.3748483 ], [ -3.6875528, 40.3753709 ], [ -3.6871494, 40.376508 ], [ -3.6879886, 40.3786958 ], [ -3.6883931, 40.3790724 ], [ -3.6886369, 40.3794095 ], [ -3.6888301, 40.3798724 ], [ -3.6889339, 40.3803715 ], [ -3.6889495, 40.3804416 ], [ -3.6890399, 40.3809579 ], [ -3.6891441, 40.3815536 ], [ -3.6895732, 40.3821878 ] ] ] } },
{ "type": "Feature", "properties": { "neighborhood": "Palomeras Bajas", "admin_level": "10" }, "geometry": { "type": "Polygon", "coordinates": [ [ [ -3.6669266, 40.3806109 ], [ -3.6641516, 40.3826169 ], [ -3.6637532, 40.3823354 ], [ -3.6632655, 40.382638 ], [ -3.663359, 40.3829232 ], [ -3.6634211, 40.3831126 ], [ -3.6635741, 40.3836828 ], [ -3.6636746, 40.3840574 ], [ -3.6642442, 40.3874638 ], [ -3.664395, 40.3883045 ], [ -3.6638747, 40.389093 ], [ -3.6624865, 40.390676 ], [ -3.660033, 40.3934688 ], [ -3.6569769, 40.3918664 ], [ -3.6542496, 40.3915967 ], [ -3.6540524, 40.3915772 ], [ -3.6537401, 40.391538 ], [ -3.6529116, 40.3892071 ], [ -3.6531096, 40.3862788 ], [ -3.6531141, 40.3840816 ], [ -3.6528827, 40.3814611 ], [ -3.6528912, 40.378367 ], [ -3.6528874, 40.3775319 ], [ -3.6531475, 40.3771042 ], [ -3.6535185, 40.3767375 ], [ -3.6539562, 40.3765316 ], [ -3.6544801, 40.3764337 ], [ -3.6547101, 40.3760307 ], [ -3.6551436, 40.3760816 ], [ -3.6555406, 40.3761143 ], [ -3.6558195, 40.376147 ], [ -3.6562057, 40.3761879 ], [ -3.6565491, 40.3762369 ], [ -3.6569246, 40.3762778 ], [ -3.6574074, 40.3763513 ], [ -3.6578687, 40.3764494 ], [ -3.6584373, 40.3765638 ], [ -3.6589416, 40.3766864 ], [ -3.6595317, 40.3768417 ], [ -3.6601754, 40.3770215 ], [ -3.6607548, 40.3772259 ], [ -3.6612698, 40.3773893 ], [ -3.661774, 40.37761 ], [ -3.6623856, 40.3778797 ], [ -3.6629435, 40.3781167 ], [ -3.6634155, 40.3783538 ], [ -3.6638505, 40.3785687 ], [ -3.6641216, 40.3787236 ], [ -3.6645406, 40.3789583 ], [ -3.6648919, 40.3791695 ], [ -3.6652924, 40.3794277 ], [ -3.665773, 40.3797563 ], [ -3.6662066, 40.3800593 ], [ -3.6669266, 40.3806109 ] ] ] } },
{ "type": "Feature", "properties": { "neighborhood": "Las Matas", "admin_level": "10" }, "geometry": { "type": "Polygon", "coordinates": [ [ [ -3.8871802, 40.5648288 ], [ -3.8870402, 40.5645569 ], [ -3.8867667, 40.5645932 ], [ -3.8866779, 40.5646123 ], [ -3.8866037, 40.5646251 ], [ -3.8865466, 40.5646322 ], [ -3.8864939, 40.5646362 ], [ -3.8863714, 40.5646456 ], [ -3.8862109, 40.5646439 ], [ -3.8861902, 40.5646546 ], [ -3.8861492, 40.5646583 ], [ -3.886111, 40.5646583 ], [ -3.8860733, 40.5646555 ], [ -3.8859347, 40.5646326 ], [ -3.8857917, 40.5646012 ], [ -3.8856703, 40.5645616 ], [ -3.8855382, 40.5645108 ], [ -3.8854143, 40.5644544 ], [ -3.8853758, 40.5644333 ], [ -3.8853364, 40.5644031 ], [ -3.8852961, 40.5643685 ], [ -3.8852292, 40.5643033 ], [ -3.8855663, 40.564031 ], [ -3.8855266, 40.5640034 ], [ -3.885435, 40.5639271 ], [ -3.8853858, 40.5638779 ], [ -3.8853428, 40.5638268 ], [ -3.8853061, 40.5637741 ], [ -3.8852747, 40.5637197 ], [ -3.8852489, 40.5636663 ], [ -3.8852271, 40.5636101 ], [ -3.8852076, 40.5635468 ], [ -3.8851973, 40.5634952 ], [ -3.8851922, 40.5634417 ], [ -3.8851918, 40.5633992 ], [ -3.8847638, 40.5633953 ], [ -3.884776, 40.5632753 ], [ -3.8848025, 40.5631619 ], [ -3.8848232, 40.563099 ], [ -3.8848485, 40.5630371 ], [ -3.8848774, 40.5629782 ], [ -3.8849006, 40.5629358 ], [ -3.8849395, 40.562873 ], [ -3.8849776, 40.56282 ], [ -3.8850179, 40.5627696 ], [ -3.8851226, 40.5626254 ], [ -3.8852341, 40.5624716 ], [ -3.8853464, 40.5623165 ], [ -3.8854514, 40.5621716 ], [ -3.8855582, 40.562024 ], [ -3.8855683, 40.5620099 ], [ -3.8855753, 40.5618369 ], [ -3.8856784, 40.5616952 ], [ -3.8857859, 40.5615472 ], [ -3.8856996, 40.5613892 ], [ -3.8859006, 40.5613253 ], [ -3.8858788, 40.5612826 ], [ -3.8858885, 40.5612626 ], [ -3.8856985, 40.5609445 ], [ -3.8856749, 40.5609047 ], [ -3.8855717, 40.5607321 ], [ -3.8857066, 40.5606842 ], [ -3.8857778, 40.560659 ], [ -3.8859961, 40.5605811 ], [ -3.8860629, 40.5605575 ], [ -3.8861217, 40.5605363 ], [ -3.8862098, 40.560505 ], [ -3.8864172, 40.560431 ], [ -3.8866302, 40.560355 ], [ -3.8868399, 40.56028 ], [ -3.8870532, 40.5602041 ], [ -3.8871845, 40.5601577 ], [ -3.8875879, 40.5600315 ], [ -3.8877663, 40.5603289 ], [ -3.8879491, 40.5602646 ], [ -3.8881331, 40.5602003 ], [ -3.8883056, 40.5601409 ], [ -3.8884849, 40.560077 ], [ -3.8886587, 40.5600143 ], [ -3.8888275, 40.5599538 ], [ -3.8889194, 40.5599264 ], [ -3.8891377, 40.5598468 ], [ -3.8891731, 40.5598339 ], [ -3.889355, 40.5597722 ], [ -3.8895689, 40.5596965 ], [ -3.8896417, 40.5596682 ], [ -3.8897217, 40.5596389 ], [ -3.8900159, 40.5595397 ], [ -3.8901075, 40.5595087 ], [ -3.8903584, 40.5594216 ], [ -3.8906066, 40.5593345 ], [ -3.891134, 40.5591497 ], [ -3.891225, 40.559115 ], [ -3.8915529, 40.5590018 ], [ -3.8917566, 40.5589312 ], [ -3.8918842, 40.5588866 ], [ -3.8919458, 40.5588657 ], [ -3.8922751, 40.5587496 ], [ -3.8923019, 40.5587394 ], [ -3.8925412, 40.5586513 ], [ -3.8925625, 40.5586437 ], [ -3.8926947, 40.5585967 ], [ -3.8928383, 40.5585442 ], [ -3.8929366, 40.5585114 ], [ -3.8933541, 40.5583722 ], [ -3.8929962, 40.5577779 ], [ -3.8929649, 40.5577295 ], [ -3.8929455, 40.557705 ], [ -3.8927924, 40.5575494 ], [ -3.8926887, 40.5575462 ], [ -3.8925023, 40.5575674 ], [ -3.8919262, 40.5572926 ], [ -3.8917441, 40.5572708 ], [ -3.8917788, 40.557242 ], [ -3.8916461, 40.5572057 ], [ -3.8915706, 40.5571782 ], [ -3.8913095, 40.5570988 ], [ -3.8913133, 40.5570611 ], [ -3.8913174, 40.557008 ], [ -3.8913164, 40.5569955 ], [ -3.8913174, 40.5569888 ], [ -3.8913203, 40.5569799 ], [ -3.8913257, 40.5569716 ], [ -3.8913565, 40.5569426 ], [ -3.8913646, 40.5569286 ], [ -3.8913709, 40.5569149 ], [ -3.8913786, 40.5569018 ], [ -3.8913866, 40.5568909 ], [ -3.8913996, 40.5568766 ], [ -3.891424, 40.5568554 ], [ -3.8914261, 40.5568245 ], [ -3.8914258, 40.5568076 ], [ -3.8914255, 40.5567757 ], [ -3.8914197, 40.5567143 ], [ -3.8914195, 40.5566898 ], [ -3.8914215, 40.5566885 ], [ -3.89143, 40.5566754 ], [ -3.8914529, 40.5566662 ], [ -3.891479, 40.5566541 ], [ -3.8915075, 40.5566384 ], [ -3.8915281, 40.5566236 ], [ -3.8915477, 40.5565914 ], [ -3.8915689, 40.5565392 ], [ -3.8915883, 40.5565043 ], [ -3.8915951, 40.5564889 ], [ -3.8916064, 40.5564628 ], [ -3.8916305, 40.5564042 ], [ -3.8916522, 40.5563474 ], [ -3.8916569, 40.5563349 ], [ -3.8916765, 40.5560165 ], [ -3.8916472, 40.5560156 ], [ -3.8916513, 40.5559541 ], [ -3.8916562, 40.5558941 ], [ -3.89166, 40.5558393 ], [ -3.8916623, 40.5558063 ], [ -3.891661, 40.5557846 ], [ -3.891662, 40.5557283 ], [ -3.8916646, 40.5556598 ], [ -3.8916679, 40.5555647 ], [ -3.8916686, 40.5555458 ], [ -3.8916691, 40.5554995 ], [ -3.8916702, 40.5554713 ], [ -3.8916727, 40.5554425 ], [ -3.8916757, 40.5554111 ], [ -3.8916845, 40.5553585 ], [ -3.8916915, 40.5553264 ], [ -3.8916981, 40.5552994 ], [ -3.8916979, 40.5552231 ], [ -3.8916999, 40.5551929 ], [ -3.8916806, 40.5551258 ], [ -3.8916762, 40.5550531 ], [ -3.8916757, 40.5549405 ], [ -3.8916763, 40.554925 ], [ -3.8916828, 40.5548707 ], [ -3.8917001, 40.554767 ], [ -3.8917192, 40.5546515 ], [ -3.8917308, 40.5545813 ], [ -3.8917543, 40.5544457 ], [ -3.891778, 40.5543105 ], [ -3.8918105, 40.5541911 ], [ -3.8918201, 40.5541137 ], [ -3.8918235, 40.5540682 ], [ -3.8918306, 40.5540183 ], [ -3.8918387, 40.5539764 ], [ -3.8918497, 40.5539323 ], [ -3.8918605, 40.553933 ], [ -3.8918681, 40.5538621 ], [ -3.8918795, 40.5538118 ], [ -3.8918859, 40.5537772 ], [ -3.8918902, 40.5537529 ], [ -3.8918796, 40.5537526 ], [ -3.8917162, 40.5536337 ], [ -3.8914918, 40.5534606 ], [ -3.8912291, 40.5532582 ], [ -3.8911022, 40.553355 ], [ -3.8909801, 40.5534486 ], [ -3.8908532, 40.5535461 ], [ -3.8908303, 40.5535636 ], [ -3.8907699, 40.5536099 ], [ -3.8907101, 40.5536558 ], [ -3.8906867, 40.5536738 ], [ -3.8906427, 40.5537076 ], [ -3.8905583, 40.5537723 ], [ -3.8904533, 40.55385 ], [ -3.8903097, 40.5539562 ], [ -3.889684, 40.5544199 ], [ -3.8898609, 40.5547454 ], [ -3.8909521, 40.5548749 ], [ -3.8909079, 40.5560816 ], [ -3.8906112, 40.5564587 ], [ -3.888984, 40.5567266 ], [ -3.8886833, 40.5566314 ], [ -3.8885464, 40.556255 ], [ -3.8885545, 40.555838 ], [ -3.8887407, 40.5557742 ], [ -3.889243, 40.555747 ], [ -3.8900086, 40.5552555 ], [ -3.8895911, 40.5544079 ], [ -3.8894299, 40.5544575 ], [ -3.8892378, 40.554512 ], [ -3.8890387, 40.5545682 ], [ -3.8888424, 40.5546252 ], [ -3.8886294, 40.5546855 ], [ -3.8885723, 40.5547013 ], [ -3.888412, 40.5547485 ], [ -3.8881879, 40.5548142 ], [ -3.8881846, 40.55481 ], [ -3.8881157, 40.55483 ], [ -3.8880238, 40.5548566 ], [ -3.8879432, 40.5548799 ], [ -3.8877008, 40.5549488 ], [ -3.8874219, 40.5550278 ], [ -3.8871023, 40.5552516 ], [ -3.8867842, 40.5554687 ], [ -3.8861211, 40.5557315 ], [ -3.8855209, 40.5548046 ], [ -3.8854797, 40.5548255 ], [ -3.885377, 40.5547703 ], [ -3.8849991, 40.5549087 ], [ -3.8848923, 40.5550221 ], [ -3.8848369, 40.5550259 ], [ -3.8842763, 40.5547677 ], [ -3.8846146, 40.5544021 ], [ -3.8872256, 40.5534491 ], [ -3.8871641, 40.5531977 ], [ -3.887118, 40.5529321 ], [ -3.8879358, 40.5525862 ], [ -3.8887546, 40.5522415 ], [ -3.8887969, 40.5522279 ], [ -3.888841, 40.552211 ], [ -3.8888528, 40.5522062 ], [ -3.8889003, 40.5521839 ], [ -3.888935, 40.552165 ], [ -3.8888469, 40.5520976 ], [ -3.8887364, 40.5520161 ], [ -3.8878149, 40.5513039 ], [ -3.8872225, 40.5508813 ], [ -3.8873052, 40.5507777 ], [ -3.8875476, 40.5504741 ], [ -3.8877699, 40.5501958 ], [ -3.8877952, 40.5501641 ], [ -3.8879493, 40.5499461 ], [ -3.887778, 40.5498062 ], [ -3.887746, 40.54978 ], [ -3.8876302, 40.5496912 ], [ -3.8876167, 40.5496809 ], [ -3.8873495, 40.5494754 ], [ -3.887443, 40.5493174 ], [ -3.8874584, 40.5492897 ], [ -3.8875896, 40.5493339 ], [ -3.8880388, 40.5494612 ], [ -3.8904196, 40.5469779 ], [ -3.8909644, 40.5463868 ], [ -3.8910698, 40.546257 ], [ -3.8914004, 40.5458504 ], [ -3.8916301, 40.5455503 ], [ -3.8910143, 40.5443346 ], [ -3.8915657, 40.5441592 ], [ -3.892218, 40.5439518 ], [ -3.8926039, 40.544596 ], [ -3.8934749, 40.5463803 ], [ -3.8944213, 40.5483323 ], [ -3.8948163, 40.5492203 ], [ -3.8950358, 40.5494767 ], [ -3.8953303, 40.5500432 ], [ -3.896631, 40.5525407 ], [ -3.8966916, 40.5526579 ], [ -3.8973689, 40.5539691 ], [ -3.8974343, 40.5540957 ], [ -3.8974984, 40.5542054 ], [ -3.8980414, 40.5551345 ], [ -3.8990847, 40.5567906 ], [ -3.8998629, 40.5582943 ], [ -3.9003657, 40.5592234 ], [ -3.9006808, 40.5596195 ], [ -3.9013787, 40.5603741 ], [ -3.9014547, 40.5604958 ], [ -3.9032538, 40.5622666 ], [ -3.9053192, 40.5633857 ], [ -3.904068, 40.5640243 ], [ -3.9019834, 40.5649522 ], [ -3.9013073, 40.565335 ], [ -3.9011439, 40.5653735 ], [ -3.9003856, 40.5659008 ], [ -3.8993994, 40.5664151 ], [ -3.8983457, 40.5670649 ], [ -3.897013, 40.5674488 ], [ -3.8966741, 40.5676836 ], [ -3.8964427, 40.568089 ], [ -3.8963791, 40.5680688 ], [ -3.895601, 40.5676242 ], [ -3.8951091, 40.5682786 ], [ -3.8953583, 40.5684083 ], [ -3.8951086, 40.5687443 ], [ -3.894868, 40.5686825 ], [ -3.8941184, 40.5698608 ], [ -3.8939501, 40.5700476 ], [ -3.8931177, 40.5704095 ], [ -3.8919035, 40.5728423 ], [ -3.8855731, 40.5746572 ], [ -3.8855307, 40.5746535 ], [ -3.8854951, 40.5746026 ], [ -3.8899467, 40.5733432 ], [ -3.8905737, 40.5726038 ], [ -3.8909794, 40.5717914 ], [ -3.8902699, 40.5711215 ], [ -3.8902962, 40.5709982 ], [ -3.890276, 40.5709404 ], [ -3.8902412, 40.5709458 ], [ -3.8902156, 40.5708937 ], [ -3.8901433, 40.5706844 ], [ -3.8903651, 40.570433 ], [ -3.8906152, 40.5702042 ], [ -3.8907481, 40.5700556 ], [ -3.8908525, 40.5699047 ], [ -3.8908494, 40.5698152 ], [ -3.8908407, 40.5698012 ], [ -3.8907518, 40.5696454 ], [ -3.8906359, 40.569529 ], [ -3.8905167, 40.5694149 ], [ -3.8902707, 40.569347 ], [ -3.8900702, 40.5692961 ], [ -3.889896, 40.5692597 ], [ -3.8898785, 40.5692529 ], [ -3.8893132, 40.5689516 ], [ -3.8892275, 40.5689032 ], [ -3.8891447, 40.5688526 ], [ -3.8890639, 40.5687996 ], [ -3.8889874, 40.5687453 ], [ -3.8882857, 40.5686622 ], [ -3.8881966, 40.5686545 ], [ -3.8879021, 40.5683495 ], [ -3.8870616, 40.5664568 ], [ -3.8868041, 40.5661357 ], [ -3.8864766, 40.5659191 ], [ -3.8877611, 40.5654577 ], [ -3.8883454, 40.5652532 ], [ -3.8885073, 40.565555 ], [ -3.888548, 40.5655417 ], [ -3.8885893, 40.5655283 ], [ -3.8883887, 40.5651754 ], [ -3.8887068, 40.5650281 ], [ -3.8887993, 40.564992 ], [ -3.8888472, 40.5649845 ], [ -3.8889031, 40.5649876 ], [ -3.8889449, 40.5649847 ], [ -3.8889866, 40.5649769 ], [ -3.8890803, 40.564953 ], [ -3.8891728, 40.5649291 ], [ -3.889263, 40.5649032 ], [ -3.8893997, 40.5648634 ], [ -3.8895495, 40.5648649 ], [ -3.8897022, 40.5648784 ], [ -3.8896976, 40.5648521 ], [ -3.8897406, 40.564848 ], [ -3.8897826, 40.5648441 ], [ -3.8898672, 40.5647275 ], [ -3.8899481, 40.5647011 ], [ -3.8900487, 40.5646765 ], [ -3.8901067, 40.564614 ], [ -3.8901819, 40.5645544 ], [ -3.8904502, 40.5642848 ], [ -3.8904357, 40.5641791 ], [ -3.8905594, 40.5641361 ], [ -3.8905975, 40.5643926 ], [ -3.8906465, 40.5643886 ], [ -3.8906958, 40.5643844 ], [ -3.8906639, 40.5641419 ], [ -3.8910572, 40.564122 ], [ -3.891146, 40.564091 ], [ -3.8913106, 40.5640338 ], [ -3.8914897, 40.5642411 ], [ -3.8915191, 40.564226 ], [ -3.8915578, 40.5642064 ], [ -3.8913537, 40.5639838 ], [ -3.8914011, 40.5639678 ], [ -3.8914545, 40.563961 ], [ -3.8915111, 40.5639648 ], [ -3.8915515, 40.5639751 ], [ -3.8915598, 40.5639753 ], [ -3.8916865, 40.563901 ], [ -3.8918162, 40.5638341 ], [ -3.8918036, 40.5638089 ], [ -3.8918033, 40.5637777 ], [ -3.8918409, 40.5637055 ], [ -3.8918594, 40.5636502 ], [ -3.8918624, 40.5636187 ], [ -3.8918838, 40.563572 ], [ -3.8919106, 40.5635994 ], [ -3.8919327, 40.5635793 ], [ -3.892016, 40.5635424 ], [ -3.8921603, 40.5635765 ], [ -3.8922845, 40.5637241 ], [ -3.8923217, 40.5637081 ], [ -3.8923628, 40.5636904 ], [ -3.8921557, 40.5634541 ], [ -3.8923331, 40.5633228 ], [ -3.8924111, 40.5632737 ], [ -3.8924955, 40.5632613 ], [ -3.8927339, 40.5632757 ], [ -3.8927364, 40.5632745 ], [ -3.8928539, 40.5632202 ], [ -3.8929116, 40.5632139 ], [ -3.8929844, 40.5632151 ], [ -3.8930263, 40.5632211 ], [ -3.8930632, 40.563233 ], [ -3.8930879, 40.5632378 ], [ -3.8931904, 40.563357 ], [ -3.893258, 40.5633237 ], [ -3.8933478, 40.5634017 ], [ -3.8937235, 40.563416 ], [ -3.8939274, 40.5634282 ], [ -3.8939678, 40.5634309 ], [ -3.8940748, 40.5635487 ], [ -3.8941837, 40.5636911 ], [ -3.8947207, 40.5636136 ], [ -3.8952167, 40.5634101 ], [ -3.8958392, 40.5634038 ], [ -3.8958873, 40.5632837 ], [ -3.8951247, 40.5632409 ], [ -3.8950295, 40.5632759 ], [ -3.8949279, 40.5633151 ], [ -3.8941599, 40.5634208 ], [ -3.8939284, 40.5633722 ], [ -3.8931418, 40.5632002 ], [ -3.8929794, 40.5628668 ], [ -3.8924682, 40.5628355 ], [ -3.8923685, 40.5628684 ], [ -3.8923295, 40.5628261 ], [ -3.8919749, 40.5628063 ], [ -3.8919441, 40.5627688 ], [ -3.8916833, 40.5628511 ], [ -3.8915808, 40.5628851 ], [ -3.8915117, 40.5629054 ], [ -3.8915994, 40.5630419 ], [ -3.8910881, 40.563472 ], [ -3.8910303, 40.5635526 ], [ -3.8907286, 40.5636621 ], [ -3.8906369, 40.5635132 ], [ -3.8905453, 40.5633677 ], [ -3.8903109, 40.5634531 ], [ -3.8900466, 40.5635525 ], [ -3.8897923, 40.5636446 ], [ -3.8896996, 40.5636798 ], [ -3.8897471, 40.5637562 ], [ -3.8891425, 40.5640677 ], [ -3.8890974, 40.5640851 ], [ -3.8890582, 40.5640989 ], [ -3.889041, 40.5640689 ], [ -3.8890176, 40.5641112 ], [ -3.8878545, 40.5645316 ], [ -3.8878836, 40.5645797 ], [ -3.8876321, 40.5646686 ], [ -3.8874866, 40.56472 ], [ -3.8873417, 40.5647712 ], [ -3.8871802, 40.5648288 ] ] ] } },
{ "type": "Feature", "properties": { "neighborhood": "Goya", "admin_level": "10" }, "geometry": { "type": "Polygon", "coordinates": [ [ [ -3.6799894, 40.4216608 ], [ -3.6799879, 40.4216812 ], [ -3.6800458, 40.4218432 ], [ -3.6800595, 40.4218814 ], [ -3.6800739, 40.4219216 ], [ -3.6802975, 40.4225371 ], [ -3.6803383, 40.422722 ], [ -3.6803419, 40.4229195 ], [ -3.680313, 40.4232153 ], [ -3.680292, 40.4234502 ], [ -3.6802808, 40.4235783 ], [ -3.6798432, 40.4289196 ], [ -3.6797868, 40.4289163 ], [ -3.679665, 40.4289098 ], [ -3.6796269, 40.4289081 ], [ -3.6784583, 40.4288454 ], [ -3.6783158, 40.4288379 ], [ -3.678207, 40.4288331 ], [ -3.6770198, 40.4287736 ], [ -3.6769135, 40.4287683 ], [ -3.6768126, 40.4287635 ], [ -3.6755664, 40.4287038 ], [ -3.6753858, 40.4286952 ], [ -3.675246, 40.4286891 ], [ -3.6738907, 40.4286295 ], [ -3.6737896, 40.428625 ], [ -3.6736962, 40.4286201 ], [ -3.6723901, 40.4285514 ], [ -3.6722837, 40.4285458 ], [ -3.6721775, 40.4285405 ], [ -3.6716957, 40.4285166 ], [ -3.6707087, 40.4284737 ], [ -3.6706072, 40.4284691 ], [ -3.6705204, 40.4284674 ], [ -3.669454, 40.4284076 ], [ -3.6694178, 40.4283966 ], [ -3.66929, 40.4283123 ], [ -3.6692287, 40.4283086 ], [ -3.6687026, 40.4281261 ], [ -3.6684492, 40.427632 ], [ -3.6689808, 40.4211732 ], [ -3.6712341, 40.4213082 ], [ -3.6743441, 40.4214624 ], [ -3.6759427, 40.4215441 ], [ -3.6794617, 40.4217289 ], [ -3.6799894, 40.4216608 ] ] ] } },
{ "type": "Feature", "properties": { "neighborhood": "Recoletos", "admin_level": "10" }, "geometry": { "type": "Polygon", "coordinates": [ [ [ -3.6930296, 40.4192793 ], [ -3.6904647, 40.4247679 ], [ -3.6906599, 40.4248919 ], [ -3.6897474, 40.4278831 ], [ -3.6894037, 40.4292099 ], [ -3.689361, 40.4293828 ], [ -3.6892956, 40.4293782 ], [ -3.6891342, 40.429367 ], [ -3.6889561, 40.4293631 ], [ -3.6887863, 40.4293518 ], [ -3.6878483, 40.4293127 ], [ -3.687274, 40.4292887 ], [ -3.6871373, 40.4292833 ], [ -3.6870192, 40.4292773 ], [ -3.686983, 40.4292756 ], [ -3.6859801, 40.4292194 ], [ -3.6850726, 40.4291656 ], [ -3.6849337, 40.4291573 ], [ -3.6837975, 40.4291084 ], [ -3.6823081, 40.4290367 ], [ -3.6820608, 40.4290255 ], [ -3.6813336, 40.4289926 ], [ -3.681083, 40.4289808 ], [ -3.6800599, 40.4289308 ], [ -3.6799006, 40.428923 ], [ -3.6798432, 40.4289196 ], [ -3.6802808, 40.4235783 ], [ -3.680292, 40.4234502 ], [ -3.680313, 40.4232153 ], [ -3.6803419, 40.4229195 ], [ -3.6803383, 40.422722 ], [ -3.6802975, 40.4225371 ], [ -3.6800739, 40.4219216 ], [ -3.6800595, 40.4218814 ], [ -3.6800458, 40.4218432 ], [ -3.6799879, 40.4216812 ], [ -3.6799894, 40.4216608 ], [ -3.688199, 40.4200623 ], [ -3.6891168, 40.4198548 ], [ -3.6893522, 40.4198263 ], [ -3.6919418, 40.4195124 ], [ -3.6926531, 40.4194084 ], [ -3.6930296, 40.4192793 ] ] ] } },
{ "type": "Feature", "properties": { "neighborhood": "Lista", "admin_level": "10" }, "geometry": { "type": "Polygon", "coordinates": [ [ [ -3.6798432, 40.4289196 ], [ -3.6791399, 40.4374072 ], [ -3.6773836, 40.4373784 ], [ -3.673326, 40.4334787 ], [ -3.6687026, 40.4281261 ], [ -3.6692287, 40.4283086 ], [ -3.66929, 40.4283123 ], [ -3.6694178, 40.4283966 ], [ -3.669454, 40.4284076 ], [ -3.6705204, 40.4284674 ], [ -3.6706072, 40.4284691 ], [ -3.6707087, 40.4284737 ], [ -3.6716957, 40.4285166 ], [ -3.6721775, 40.4285405 ], [ -3.6722837, 40.4285458 ], [ -3.6723901, 40.4285514 ], [ -3.6736962, 40.4286201 ], [ -3.6737896, 40.428625 ], [ -3.6738907, 40.4286295 ], [ -3.675246, 40.4286891 ], [ -3.6753858, 40.4286952 ], [ -3.6755664, 40.4287038 ], [ -3.6768126, 40.4287635 ], [ -3.6769135, 40.4287683 ], [ -3.6770198, 40.4287736 ], [ -3.678207, 40.4288331 ], [ -3.6783158, 40.4288379 ], [ -3.6784583, 40.4288454 ], [ -3.6796269, 40.4289081 ], [ -3.679665, 40.4289098 ], [ -3.6797868, 40.4289163 ], [ -3.6798432, 40.4289196 ] ] ] } },
{ "type": "Feature", "properties": { "neighborhood": "Castellana", "admin_level": "10" }, "geometry": { "type": "Polygon", "coordinates": [ [ [ -3.6906796, 40.4379785 ], [ -3.68946, 40.4379315 ], [ -3.6791399, 40.4374072 ], [ -3.6798432, 40.4289196 ], [ -3.6799006, 40.428923 ], [ -3.6800599, 40.4289308 ], [ -3.681083, 40.4289808 ], [ -3.6813336, 40.4289926 ], [ -3.6820608, 40.4290255 ], [ -3.6823081, 40.4290367 ], [ -3.6837975, 40.4291084 ], [ -3.6849337, 40.4291573 ], [ -3.6850726, 40.4291656 ], [ -3.6859801, 40.4292194 ], [ -3.686983, 40.4292756 ], [ -3.6870192, 40.4292773 ], [ -3.6871373, 40.4292833 ], [ -3.687274, 40.4292887 ], [ -3.6878483, 40.4293127 ], [ -3.6887863, 40.4293518 ], [ -3.6889561, 40.4293631 ], [ -3.6891342, 40.429367 ], [ -3.6892956, 40.4293782 ], [ -3.689361, 40.4293828 ], [ -3.6893395, 40.4294696 ], [ -3.6890374, 40.4306338 ], [ -3.6884365, 40.4329062 ], [ -3.688704, 40.4347393 ], [ -3.68873, 40.4351176 ], [ -3.6887342, 40.4352335 ], [ -3.6890013, 40.4355608 ], [ -3.6891621, 40.4357454 ], [ -3.6904717, 40.4376316 ], [ -3.6906796, 40.4379785 ] ] ] } },
{ "type": "Feature", "properties": { "neighborhood": "Justicia", "admin_level": "10" }, "geometry": { "type": "Polygon", "coordinates": [ [ [ -3.7023372, 40.4289588 ], [ -3.7021341, 40.4289278 ], [ -3.7019962, 40.4289059 ], [ -3.7017003, 40.428849 ], [ -3.7016676, 40.4288428 ], [ -3.7013481, 40.4287754 ], [ -3.7005028, 40.4286179 ], [ -3.6997436, 40.4284594 ], [ -3.6997052, 40.4284514 ], [ -3.6994114, 40.4283878 ], [ -3.6991192, 40.4283269 ], [ -3.6989437, 40.4282908 ], [ -3.6980235, 40.4280926 ], [ -3.6978419, 40.4280559 ], [ -3.6978061, 40.4280487 ], [ -3.6971394, 40.4279141 ], [ -3.6963391, 40.4277429 ], [ -3.6962981, 40.4277383 ], [ -3.6961228, 40.4277118 ], [ -3.6958692, 40.4276311 ], [ -3.6957096, 40.4275939 ], [ -3.6953057, 40.4274018 ], [ -3.6952907, 40.4273947 ], [ -3.695268, 40.4273835 ], [ -3.6948874, 40.4271943 ], [ -3.6947895, 40.4271468 ], [ -3.6940248, 40.4267534 ], [ -3.693992, 40.4267371 ], [ -3.6938665, 40.4266805 ], [ -3.6935579, 40.4265229 ], [ -3.6934998, 40.4264946 ], [ -3.6928441, 40.4261637 ], [ -3.6927647, 40.426124 ], [ -3.6926656, 40.4260732 ], [ -3.6926316, 40.4260558 ], [ -3.6920459, 40.4257689 ], [ -3.6917646, 40.4256238 ], [ -3.6915281, 40.4254989 ], [ -3.6912246, 40.4253158 ], [ -3.691185, 40.4252917 ], [ -3.6911404, 40.4252616 ], [ -3.6910469, 40.4252021 ], [ -3.6909553, 40.4251315 ], [ -3.6908691, 40.4250723 ], [ -3.6906599, 40.4248919 ], [ -3.6904647, 40.4247679 ], [ -3.6930296, 40.4192793 ], [ -3.6931045, 40.4193583 ], [ -3.6932829, 40.4195055 ], [ -3.6935732, 40.4194201 ], [ -3.6936875, 40.4193855 ], [ -3.6938297, 40.4193366 ], [ -3.6938947, 40.4193222 ], [ -3.6939671, 40.4193091 ], [ -3.6940394, 40.4192959 ], [ -3.694101, 40.4192838 ], [ -3.694723, 40.4191621 ], [ -3.6955577, 40.419012 ], [ -3.6957243, 40.4189787 ], [ -3.6959534, 40.4189351 ], [ -3.6961661, 40.4189223 ], [ -3.6962297, 40.4189174 ], [ -3.6963781, 40.418909 ], [ -3.6965036, 40.4189112 ], [ -3.696659, 40.4189262 ], [ -3.6967868, 40.4189476 ], [ -3.6968625, 40.418958 ], [ -3.6968862, 40.4189613 ], [ -3.6969617, 40.4189717 ], [ -3.6996755, 40.4197481 ], [ -3.700681, 40.4199587 ], [ -3.7015822, 40.4200118 ], [ -3.7016812, 40.4200186 ], [ -3.7012323, 40.4211858 ], [ -3.7009988, 40.4218162 ], [ -3.7008218, 40.4225922 ], [ -3.7007298, 40.4230503 ], [ -3.7006944, 40.4236592 ], [ -3.7006873, 40.424225 ], [ -3.7007793, 40.4249201 ], [ -3.7010978, 40.4257984 ], [ -3.7023372, 40.4289588 ] ] ] } },
{ "type": "Feature", "properties": { "neighborhood": "Universidad", "admin_level": "10" }, "geometry": { "type": "Polygon", "coordinates": [ [ [ -3.7160969, 40.430544 ], [ -3.7121484, 40.4301829 ], [ -3.7121229, 40.4301808 ], [ -3.7120765, 40.4301769 ], [ -3.7119214, 40.4301627 ], [ -3.7110174, 40.4300654 ], [ -3.7107434, 40.4300345 ], [ -3.7107258, 40.4300324 ], [ -3.7106787, 40.4300274 ], [ -3.7106767, 40.4300272 ], [ -3.710511, 40.4300097 ], [ -3.7092989, 40.4298828 ], [ -3.7092429, 40.4298776 ], [ -3.7092028, 40.4298739 ], [ -3.7089106, 40.4298421 ], [ -3.7085554, 40.4298099 ], [ -3.708441, 40.4297986 ], [ -3.7082327, 40.42978 ], [ -3.7077229, 40.4297274 ], [ -3.7067355, 40.429644 ], [ -3.7063893, 40.4296636 ], [ -3.7063234, 40.4296569 ], [ -3.7059385, 40.4296187 ], [ -3.7058129, 40.4295443 ], [ -3.7056302, 40.4295192 ], [ -3.7054416, 40.4295011 ], [ -3.7053155, 40.4294819 ], [ -3.7052718, 40.4294752 ], [ -3.7047289, 40.4293795 ], [ -3.7032648, 40.4291362 ], [ -3.7027099, 40.4290454 ], [ -3.702633, 40.4290324 ], [ -3.7025836, 40.4290241 ], [ -3.7024053, 40.4289821 ], [ -3.7023372, 40.4289588 ], [ -3.7010978, 40.4257984 ], [ -3.7007793, 40.4249201 ], [ -3.7006873, 40.424225 ], [ -3.7006944, 40.4236592 ], [ -3.7007298, 40.4230503 ], [ -3.7008218, 40.4225922 ], [ -3.7009988, 40.4218162 ], [ -3.7012323, 40.4211858 ], [ -3.7016812, 40.4200186 ], [ -3.7061012, 40.420321 ], [ -3.7108128, 40.4233932 ], [ -3.710874, 40.4234383 ], [ -3.7109359, 40.4234775 ], [ -3.7109748, 40.4235046 ], [ -3.7110123, 40.4235378 ], [ -3.711082, 40.4236064 ], [ -3.7111901, 40.423732 ], [ -3.7116038, 40.4242502 ], [ -3.7116484, 40.4243127 ], [ -3.7116888, 40.4243687 ], [ -3.7117116, 40.4244003 ], [ -3.7118184, 40.424551 ], [ -3.7122778, 40.4251694 ], [ -3.7123626, 40.4252891 ], [ -3.7124126, 40.4253594 ], [ -3.7128138, 40.4259215 ], [ -3.7129099, 40.4260475 ], [ -3.7130119, 40.4261823 ], [ -3.713122, 40.4263332 ], [ -3.7131839, 40.4264264 ], [ -3.7134129, 40.4267534 ], [ -3.7134422, 40.4267986 ], [ -3.7134958, 40.4268814 ], [ -3.7136282, 40.4270654 ], [ -3.7139039, 40.4274282 ], [ -3.7140961, 40.4277174 ], [ -3.7141462, 40.427796 ], [ -3.7142741, 40.427978 ], [ -3.7143242, 40.4280575 ], [ -3.714822, 40.4287777 ], [ -3.7149525, 40.4289492 ], [ -3.7150889, 40.4291462 ], [ -3.7153407, 40.4294961 ], [ -3.7160969, 40.430544 ] ] ] } },
{ "type": "Feature", "properties": { "neighborhood": "Almagro", "admin_level": "10" }, "geometry": { "type": "Polygon", "coordinates": [ [ [ -3.7002381, 40.4384698 ], [ -3.7001074, 40.4384629 ], [ -3.7000662, 40.4384607 ], [ -3.699868, 40.4384504 ], [ -3.6994731, 40.43843 ], [ -3.6994392, 40.4384283 ], [ -3.6993509, 40.4384247 ], [ -3.6986283, 40.4383883 ], [ -3.6985453, 40.4383842 ], [ -3.6981319, 40.4383639 ], [ -3.6980096, 40.4383575 ], [ -3.6979723, 40.4383555 ], [ -3.6978044, 40.4383471 ], [ -3.696453, 40.4382883 ], [ -3.6964151, 40.4382867 ], [ -3.696289, 40.4382817 ], [ -3.6958668, 40.4382613 ], [ -3.6947273, 40.4382034 ], [ -3.6946915, 40.4382013 ], [ -3.6945588, 40.4381932 ], [ -3.6929861, 40.4381188 ], [ -3.6929536, 40.4381173 ], [ -3.6928882, 40.4381135 ], [ -3.6918663, 40.4380714 ], [ -3.6915669, 40.4380638 ], [ -3.6906796, 40.4379785 ], [ -3.6904717, 40.4376316 ], [ -3.6891621, 40.4357454 ], [ -3.6890013, 40.4355608 ], [ -3.6887342, 40.4352335 ], [ -3.68873, 40.4351176 ], [ -3.688704, 40.4347393 ], [ -3.6884365, 40.4329062 ], [ -3.6890374, 40.4306338 ], [ -3.6893395, 40.4294696 ], [ -3.689361, 40.4293828 ], [ -3.6894037, 40.4292099 ], [ -3.6897474, 40.4278831 ], [ -3.6906599, 40.4248919 ], [ -3.6908691, 40.4250723 ], [ -3.6909553, 40.4251315 ], [ -3.6910469, 40.4252021 ], [ -3.6911404, 40.4252616 ], [ -3.691185, 40.4252917 ], [ -3.6912246, 40.4253158 ], [ -3.6915281, 40.4254989 ], [ -3.6917646, 40.4256238 ], [ -3.6920459, 40.4257689 ], [ -3.6926316, 40.4260558 ], [ -3.6926656, 40.4260732 ], [ -3.6927647, 40.426124 ], [ -3.6928441, 40.4261637 ], [ -3.6934998, 40.4264946 ], [ -3.6935579, 40.4265229 ], [ -3.6938665, 40.4266805 ], [ -3.693992, 40.4267371 ], [ -3.6940248, 40.4267534 ], [ -3.6947895, 40.4271468 ], [ -3.6948874, 40.4271943 ], [ -3.695268, 40.4273835 ], [ -3.6952907, 40.4273947 ], [ -3.6953057, 40.4274018 ], [ -3.6957096, 40.4275939 ], [ -3.6958692, 40.4276311 ], [ -3.6957458, 40.4278706 ], [ -3.6957835, 40.4280326 ], [ -3.695785, 40.4282088 ], [ -3.695796, 40.4282429 ], [ -3.6957988, 40.4282494 ], [ -3.6958353, 40.4283354 ], [ -3.6958809, 40.4284392 ], [ -3.6960444, 40.428812 ], [ -3.6962369, 40.4292586 ], [ -3.6963902, 40.4296151 ], [ -3.6964018, 40.429642 ], [ -3.6964146, 40.42967 ], [ -3.6964357, 40.429716 ], [ -3.6964888, 40.4298395 ], [ -3.6968453, 40.4306683 ], [ -3.6968653, 40.430714 ], [ -3.696877, 40.4307409 ], [ -3.6968896, 40.4307684 ], [ -3.6969381, 40.4308569 ], [ -3.6969957, 40.4309774 ], [ -3.6970563, 40.431091 ], [ -3.6971048, 40.4311909 ], [ -3.697281, 40.4315966 ], [ -3.6973626, 40.4317812 ], [ -3.6973818, 40.4318253 ], [ -3.6975088, 40.4321173 ], [ -3.6975216, 40.4321464 ], [ -3.6975346, 40.4321782 ], [ -3.6975859, 40.4322937 ], [ -3.6975839, 40.4323747 ], [ -3.6976089, 40.4324302 ], [ -3.6976976, 40.4326259 ], [ -3.6977214, 40.4326679 ], [ -3.697753, 40.4326959 ], [ -3.6978731, 40.4329801 ], [ -3.6980228, 40.433336 ], [ -3.69805, 40.4334008 ], [ -3.6980914, 40.4335031 ], [ -3.6983383, 40.4340482 ], [ -3.6985575, 40.4345526 ], [ -3.6986068, 40.4346649 ], [ -3.6987187, 40.4349348 ], [ -3.6988415, 40.4352178 ], [ -3.6988535, 40.4352454 ], [ -3.6990094, 40.4356167 ], [ -3.6990212, 40.4356449 ], [ -3.6990794, 40.4357731 ], [ -3.6992134, 40.436085 ], [ -3.6992771, 40.4362302 ], [ -3.6994296, 40.4365593 ], [ -3.6994403, 40.4365877 ], [ -3.6994959, 40.4367281 ], [ -3.6995419, 40.4368496 ], [ -3.6995513, 40.4368744 ], [ -3.6996063, 40.4370053 ], [ -3.6998003, 40.4374427 ], [ -3.7001734, 40.4383092 ], [ -3.7001853, 40.4383369 ], [ -3.7002381, 40.4384698 ] ] ] } },
{ "type": "Feature", "properties": { "neighborhood": "Trafalgar", "admin_level": "10" }, "geometry": { "type": "Polygon", "coordinates": [ [ [ -3.7058129, 40.4295443 ], [ -3.7056368, 40.4300519 ], [ -3.7056254, 40.4300843 ], [ -3.7055485, 40.4303023 ], [ -3.705388, 40.4307468 ], [ -3.7053487, 40.4308557 ], [ -3.7052062, 40.4312455 ], [ -3.705144, 40.4314087 ], [ -3.7051286, 40.4314512 ], [ -3.7050148, 40.431569 ], [ -3.7049172, 40.4319016 ], [ -3.7048401, 40.432118 ], [ -3.7048228, 40.4322118 ], [ -3.7048378, 40.432254 ], [ -3.7048303, 40.4322728 ], [ -3.7045282, 40.4331002 ], [ -3.7045144, 40.4331338 ], [ -3.7045477, 40.4331851 ], [ -3.7043908, 40.4337705 ], [ -3.7043526, 40.4340067 ], [ -3.7043502, 40.4340455 ], [ -3.704329, 40.4347159 ], [ -3.7043249, 40.4348489 ], [ -3.7043239, 40.4348826 ], [ -3.7043217, 40.4350089 ], [ -3.7042937, 40.4357683 ], [ -3.704288, 40.436028 ], [ -3.7042853, 40.436145 ], [ -3.7042786, 40.4363587 ], [ -3.7042542, 40.437168 ], [ -3.7042502, 40.4372534 ], [ -3.7042464, 40.4376591 ], [ -3.7042373, 40.4378788 ], [ -3.7042328, 40.4381607 ], [ -3.7042168, 40.4385455 ], [ -3.7042161, 40.4385715 ], [ -3.7042134, 40.4386713 ], [ -3.7040307, 40.4386649 ], [ -3.7039952, 40.4386637 ], [ -3.7036957, 40.4386467 ], [ -3.7028612, 40.4386081 ], [ -3.7028181, 40.4386066 ], [ -3.7026343, 40.4385935 ], [ -3.701059, 40.4385167 ], [ -3.7006284, 40.4384863 ], [ -3.7005391, 40.4384826 ], [ -3.7004993, 40.4384808 ], [ -3.7003238, 40.4384733 ], [ -3.7002381, 40.4384698 ], [ -3.7001853, 40.4383369 ], [ -3.7001734, 40.4383092 ], [ -3.6998003, 40.4374427 ], [ -3.6996063, 40.4370053 ], [ -3.6995513, 40.4368744 ], [ -3.6995419, 40.4368496 ], [ -3.6994959, 40.4367281 ], [ -3.6994403, 40.4365877 ], [ -3.6994296, 40.4365593 ], [ -3.6992771, 40.4362302 ], [ -3.6992134, 40.436085 ], [ -3.6990794, 40.4357731 ], [ -3.6990212, 40.4356449 ], [ -3.6990094, 40.4356167 ], [ -3.6988535, 40.4352454 ], [ -3.6988415, 40.4352178 ], [ -3.6987187, 40.4349348 ], [ -3.6986068, 40.4346649 ], [ -3.6985575, 40.4345526 ], [ -3.6983383, 40.4340482 ], [ -3.6980914, 40.4335031 ], [ -3.69805, 40.4334008 ], [ -3.6980228, 40.433336 ], [ -3.6978731, 40.4329801 ], [ -3.697753, 40.4326959 ], [ -3.6977214, 40.4326679 ], [ -3.6976976, 40.4326259 ], [ -3.6976089, 40.4324302 ], [ -3.6975839, 40.4323747 ], [ -3.6975859, 40.4322937 ], [ -3.6975346, 40.4321782 ], [ -3.6975216, 40.4321464 ], [ -3.6975088, 40.4321173 ], [ -3.6973818, 40.4318253 ], [ -3.6973626, 40.4317812 ], [ -3.697281, 40.4315966 ], [ -3.6971048, 40.4311909 ], [ -3.6970563, 40.431091 ], [ -3.6969957, 40.4309774 ], [ -3.6969381, 40.4308569 ], [ -3.6968896, 40.4307684 ], [ -3.696877, 40.4307409 ], [ -3.6968653, 40.430714 ], [ -3.6968453, 40.4306683 ], [ -3.6964888, 40.4298395 ], [ -3.6964357, 40.429716 ], [ -3.6964146, 40.42967 ], [ -3.6964018, 40.429642 ], [ -3.6963902, 40.4296151 ], [ -3.6962369, 40.4292586 ], [ -3.6960444, 40.428812 ], [ -3.6958809, 40.4284392 ], [ -3.6958353, 40.4283354 ], [ -3.6957988, 40.4282494 ], [ -3.695796, 40.4282429 ], [ -3.695785, 40.4282088 ], [ -3.6957835, 40.4280326 ], [ -3.6957458, 40.4278706 ], [ -3.6958692, 40.4276311 ], [ -3.6961228, 40.4277118 ], [ -3.6962981, 40.4277383 ], [ -3.6963391, 40.4277429 ], [ -3.6971394, 40.4279141 ], [ -3.6978061, 40.4280487 ], [ -3.6978419, 40.4280559 ], [ -3.6980235, 40.4280926 ], [ -3.6989437, 40.4282908 ], [ -3.6991192, 40.4283269 ], [ -3.6994114, 40.4283878 ], [ -3.6997052, 40.4284514 ], [ -3.6997436, 40.4284594 ], [ -3.7005028, 40.4286179 ], [ -3.7013481, 40.4287754 ], [ -3.7016676, 40.4288428 ], [ -3.7017003, 40.428849 ], [ -3.7019962, 40.4289059 ], [ -3.7021341, 40.4289278 ], [ -3.7023372, 40.4289588 ], [ -3.7024053, 40.4289821 ], [ -3.7025836, 40.4290241 ], [ -3.702633, 40.4290324 ], [ -3.7027099, 40.4290454 ], [ -3.7032648, 40.4291362 ], [ -3.7047289, 40.4293795 ], [ -3.7052718, 40.4294752 ], [ -3.7053155, 40.4294819 ], [ -3.7054416, 40.4295011 ], [ -3.7056302, 40.4295192 ], [ -3.7058129, 40.4295443 ] ] ] } },
{ "type": "Feature", "properties": { "neighborhood": "Arapiles", "admin_level": "10" }, "geometry": { "type": "Polygon", "coordinates": [ [ [ -3.7119214, 40.4301627 ], [ -3.7118605, 40.4302384 ], [ -3.7118535, 40.4303176 ], [ -3.711851, 40.4303461 ], [ -3.7118417, 40.4304487 ], [ -3.7117837, 40.4311025 ], [ -3.711728, 40.4316158 ], [ -3.7117185, 40.4317362 ], [ -3.7117125, 40.4318008 ], [ -3.7116127, 40.4328694 ], [ -3.7116007, 40.4329623 ], [ -3.7115977, 40.4330143 ], [ -3.7115465, 40.4336339 ], [ -3.7115214, 40.4339189 ], [ -3.7115125, 40.4340269 ], [ -3.7115093, 40.4340574 ], [ -3.7115067, 40.4341501 ], [ -3.7115039, 40.4341968 ], [ -3.7115023, 40.4342272 ], [ -3.7114703, 40.4346526 ], [ -3.7114267, 40.4351783 ], [ -3.711423, 40.4352225 ], [ -3.7114209, 40.4352468 ], [ -3.7114155, 40.4353118 ], [ -3.7114143, 40.4353261 ], [ -3.7113374, 40.4362414 ], [ -3.7113317, 40.4363092 ], [ -3.7112334, 40.4374798 ], [ -3.7112259, 40.4375696 ], [ -3.7112202, 40.437637 ], [ -3.7111231, 40.4387939 ], [ -3.7111207, 40.4388242 ], [ -3.7111176, 40.4388631 ], [ -3.711122, 40.438896 ], [ -3.7104722, 40.4388872 ], [ -3.710365, 40.4388831 ], [ -3.7100481, 40.4388699 ], [ -3.7099342, 40.4388661 ], [ -3.7097011, 40.4388569 ], [ -3.708778, 40.4388164 ], [ -3.7084141, 40.4388044 ], [ -3.7083796, 40.438803 ], [ -3.708276, 40.4387991 ], [ -3.7070938, 40.4387605 ], [ -3.7069568, 40.438756 ], [ -3.7068025, 40.4387515 ], [ -3.7067615, 40.4387503 ], [ -3.706521, 40.4387443 ], [ -3.7063867, 40.438739 ], [ -3.7057379, 40.4387136 ], [ -3.7057268, 40.4387133 ], [ -3.704422, 40.4386784 ], [ -3.7043919, 40.4386774 ], [ -3.7043533, 40.4386755 ], [ -3.7042134, 40.4386713 ], [ -3.7042161, 40.4385715 ], [ -3.7042168, 40.4385455 ], [ -3.7042328, 40.4381607 ], [ -3.7042373, 40.4378788 ], [ -3.7042464, 40.4376591 ], [ -3.7042502, 40.4372534 ], [ -3.7042542, 40.437168 ], [ -3.7042786, 40.4363587 ], [ -3.7042853, 40.436145 ], [ -3.704288, 40.436028 ], [ -3.7042937, 40.4357683 ], [ -3.7043217, 40.4350089 ], [ -3.7043239, 40.4348826 ], [ -3.7043249, 40.4348489 ], [ -3.704329, 40.4347159 ], [ -3.7043502, 40.4340455 ], [ -3.7043526, 40.4340067 ], [ -3.7043908, 40.4337705 ], [ -3.7045477, 40.4331851 ], [ -3.7045144, 40.4331338 ], [ -3.7045282, 40.4331002 ], [ -3.7048303, 40.4322728 ], [ -3.7048378, 40.432254 ], [ -3.7048228, 40.4322118 ], [ -3.7048401, 40.432118 ], [ -3.7049172, 40.4319016 ], [ -3.7050148, 40.431569 ], [ -3.7051286, 40.4314512 ], [ -3.705144, 40.4314087 ], [ -3.7052062, 40.4312455 ], [ -3.7053487, 40.4308557 ], [ -3.705388, 40.4307468 ], [ -3.7055485, 40.4303023 ], [ -3.7056254, 40.4300843 ], [ -3.7056368, 40.4300519 ], [ -3.7058129, 40.4295443 ], [ -3.7059385, 40.4296187 ], [ -3.7063234, 40.4296569 ], [ -3.7063893, 40.4296636 ], [ -3.7067355, 40.429644 ], [ -3.7077229, 40.4297274 ], [ -3.7082327, 40.42978 ], [ -3.708441, 40.4297986 ], [ -3.7085554, 40.4298099 ], [ -3.7089106, 40.4298421 ], [ -3.7092028, 40.4298739 ], [ -3.7092429, 40.4298776 ], [ -3.7092989, 40.4298828 ], [ -3.710511, 40.4300097 ], [ -3.7106767, 40.4300272 ], [ -3.7106787, 40.4300274 ], [ -3.7107258, 40.4300324 ], [ -3.7107434, 40.4300345 ], [ -3.7110174, 40.4300654 ], [ -3.7119214, 40.4301627 ] ] ] } },
{ "type": "Feature", "properties": { "neighborhood": "Gaztambide", "admin_level": "10" }, "geometry": { "type": "Polygon", "coordinates": [ [ [ -3.7182714, 40.4355418 ], [ -3.7175842, 40.4389737 ], [ -3.7175911, 40.4392278 ], [ -3.711122, 40.438896 ], [ -3.7111176, 40.4388631 ], [ -3.7111207, 40.4388242 ], [ -3.7111231, 40.4387939 ], [ -3.7112202, 40.437637 ], [ -3.7112259, 40.4375696 ], [ -3.7112334, 40.4374798 ], [ -3.7113317, 40.4363092 ], [ -3.7113374, 40.4362414 ], [ -3.7114143, 40.4353261 ], [ -3.7114155, 40.4353118 ], [ -3.7114209, 40.4352468 ], [ -3.711423, 40.4352225 ], [ -3.7114267, 40.4351783 ], [ -3.7114703, 40.4346526 ], [ -3.7115023, 40.4342272 ], [ -3.7115039, 40.4341968 ], [ -3.7115067, 40.4341501 ], [ -3.7115093, 40.4340574 ], [ -3.7115125, 40.4340269 ], [ -3.7115214, 40.4339189 ], [ -3.7115465, 40.4336339 ], [ -3.7115977, 40.4330143 ], [ -3.7116007, 40.4329623 ], [ -3.7116127, 40.4328694 ], [ -3.7117125, 40.4318008 ], [ -3.7117185, 40.4317362 ], [ -3.711728, 40.4316158 ], [ -3.7117837, 40.4311025 ], [ -3.7118417, 40.4304487 ], [ -3.711851, 40.4303461 ], [ -3.7118535, 40.4303176 ], [ -3.7118605, 40.4302384 ], [ -3.7119214, 40.4301627 ], [ -3.7120765, 40.4301769 ], [ -3.7121229, 40.4301808 ], [ -3.7121484, 40.4301829 ], [ -3.7160969, 40.430544 ], [ -3.7162454, 40.4306258 ], [ -3.7165885, 40.4311208 ], [ -3.7170999, 40.4318097 ], [ -3.7171778, 40.4319146 ], [ -3.7174638, 40.4323181 ], [ -3.7179766, 40.4330094 ], [ -3.7179129, 40.4330227 ], [ -3.7173182, 40.4331454 ], [ -3.7184224, 40.4347672 ], [ -3.7182714, 40.4355418 ] ] ] } },
{ "type": "Feature", "properties": { "neighborhood": "Ríos Rosas", "admin_level": "10" }, "geometry": { "type": "Polygon", "coordinates": [ [ [ -3.7042134, 40.4386713 ], [ -3.7042118, 40.4387881 ], [ -3.7042108, 40.4388164 ], [ -3.704192, 40.4393605 ], [ -3.704123, 40.4415214 ], [ -3.7041207, 40.4415982 ], [ -3.7041188, 40.4416971 ], [ -3.7041087, 40.4418977 ], [ -3.7041059, 40.4419714 ], [ -3.7041055, 40.4419975 ], [ -3.7041032, 40.4421362 ], [ -3.7041013, 40.4422373 ], [ -3.7041002, 40.4422627 ], [ -3.7040979, 40.4423162 ], [ -3.7040709, 40.4432763 ], [ -3.7040658, 40.4433779 ], [ -3.7040638, 40.4434549 ], [ -3.7040492, 40.4438915 ], [ -3.7040385, 40.4442433 ], [ -3.7040353, 40.444347 ], [ -3.7040315, 40.4444537 ], [ -3.7040117, 40.4450037 ], [ -3.7040109, 40.4450341 ], [ -3.7039985, 40.4453467 ], [ -3.7039947, 40.4454648 ], [ -3.7039911, 40.445608 ], [ -3.7039736, 40.4460506 ], [ -3.7039657, 40.4461971 ], [ -3.7039531, 40.4465063 ], [ -3.7039556, 40.4465391 ], [ -3.7039608, 40.4466061 ], [ -3.7039151, 40.4468535 ], [ -3.703596, 40.4469749 ], [ -3.7034513, 40.4469252 ], [ -3.7034266, 40.4469179 ], [ -3.7034075, 40.4469134 ], [ -3.7033891, 40.4469103 ], [ -3.7033691, 40.446908 ], [ -3.7033305, 40.4469049 ], [ -3.7032963, 40.4469026 ], [ -3.7032552, 40.4469002 ], [ -3.7031288, 40.4468929 ], [ -3.7029636, 40.4468844 ], [ -3.702545, 40.4468606 ], [ -3.7025048, 40.4468611 ], [ -3.702475, 40.4468625 ], [ -3.7024447, 40.446865 ], [ -3.7024161, 40.4468668 ], [ -3.7023791, 40.4468677 ], [ -3.7016418, 40.4468317 ], [ -3.7010589, 40.4468022 ], [ -3.7006707, 40.4467839 ], [ -3.70014, 40.4467562 ], [ -3.6999905, 40.4467466 ], [ -3.6999216, 40.4467421 ], [ -3.6998606, 40.446736 ], [ -3.6998107, 40.4467294 ], [ -3.6997605, 40.4467209 ], [ -3.6996108, 40.4466946 ], [ -3.6993339, 40.4466847 ], [ -3.6988062, 40.446666 ], [ -3.6987617, 40.4466645 ], [ -3.6986277, 40.4466599 ], [ -3.6984337, 40.4466486 ], [ -3.6982211, 40.4466417 ], [ -3.6979215, 40.4466257 ], [ -3.6971431, 40.4465857 ], [ -3.6971318, 40.4465851 ], [ -3.6969637, 40.4465754 ], [ -3.6969172, 40.4465734 ], [ -3.6958456, 40.4465262 ], [ -3.6955999, 40.446509 ], [ -3.6948863, 40.446485 ], [ -3.6947938, 40.4464999 ], [ -3.6931159, 40.4464156 ], [ -3.692247, 40.4463731 ], [ -3.6921934, 40.4463701 ], [ -3.6921553, 40.4463674 ], [ -3.6920545, 40.4463627 ], [ -3.6919364, 40.446361 ], [ -3.6916562, 40.4463504 ], [ -3.6912759, 40.4462118 ], [ -3.6913439, 40.4454834 ], [ -3.6916974, 40.4417591 ], [ -3.6917336, 40.4412876 ], [ -3.6917412, 40.4410677 ], [ -3.6917292, 40.4407572 ], [ -3.6915844, 40.4405203 ], [ -3.6913679, 40.4399711 ], [ -3.6909127, 40.4386165 ], [ -3.6908155, 40.4382304 ], [ -3.6906796, 40.4379785 ], [ -3.6915669, 40.4380638 ], [ -3.6918663, 40.4380714 ], [ -3.6928882, 40.4381135 ], [ -3.6929536, 40.4381173 ], [ -3.6929861, 40.4381188 ], [ -3.6945588, 40.4381932 ], [ -3.6946915, 40.4382013 ], [ -3.6947273, 40.4382034 ], [ -3.6958668, 40.4382613 ], [ -3.696289, 40.4382817 ], [ -3.6964151, 40.4382867 ], [ -3.696453, 40.4382883 ], [ -3.6978044, 40.4383471 ], [ -3.6979723, 40.4383555 ], [ -3.6980096, 40.4383575 ], [ -3.6981319, 40.4383639 ], [ -3.6985453, 40.4383842 ], [ -3.6986283, 40.4383883 ], [ -3.6993509, 40.4384247 ], [ -3.6994392, 40.4384283 ], [ -3.6994731, 40.43843 ], [ -3.699868, 40.4384504 ], [ -3.7000662, 40.4384607 ], [ -3.7001074, 40.4384629 ], [ -3.7002381, 40.4384698 ], [ -3.7003238, 40.4384733 ], [ -3.7004993, 40.4384808 ], [ -3.7005391, 40.4384826 ], [ -3.7006284, 40.4384863 ], [ -3.701059, 40.4385167 ], [ -3.7026343, 40.4385935 ], [ -3.7028181, 40.4386066 ], [ -3.7028612, 40.4386081 ], [ -3.7036957, 40.4386467 ], [ -3.7039952, 40.4386637 ], [ -3.7040307, 40.4386649 ], [ -3.7042134, 40.4386713 ] ] ] } },
{ "type": "Feature", "properties": { "neighborhood": "Vallehermoso", "admin_level": "10" }, "geometry": { "type": "Polygon", "coordinates": [ [ [ -3.7175911, 40.4392278 ], [ -3.7175897, 40.4393619 ], [ -3.7176051, 40.4396278 ], [ -3.7176192, 40.4398085 ], [ -3.7197743, 40.4437602 ], [ -3.7198555, 40.4451305 ], [ -3.7196743, 40.4454093 ], [ -3.7196659, 40.4454356 ], [ -3.7196481, 40.4454591 ], [ -3.719622, 40.4454782 ], [ -3.7194688, 40.4455853 ], [ -3.7192551, 40.4456906 ], [ -3.7182665, 40.4466108 ], [ -3.7178968, 40.4466905 ], [ -3.7175579, 40.4467093 ], [ -3.7172683, 40.4466811 ], [ -3.7147323, 40.4457899 ], [ -3.7144802, 40.4458494 ], [ -3.7100824, 40.4469256 ], [ -3.7093798, 40.4470913 ], [ -3.7091911, 40.4471144 ], [ -3.7089512, 40.4471188 ], [ -3.7082704, 40.4471001 ], [ -3.7061686, 40.4469654 ], [ -3.7058569, 40.4469546 ], [ -3.7045459, 40.4468812 ], [ -3.7039151, 40.4468535 ], [ -3.7039608, 40.4466061 ], [ -3.7039556, 40.4465391 ], [ -3.7039531, 40.4465063 ], [ -3.7039657, 40.4461971 ], [ -3.7039736, 40.4460506 ], [ -3.7039911, 40.445608 ], [ -3.7039947, 40.4454648 ], [ -3.7039985, 40.4453467 ], [ -3.7040109, 40.4450341 ], [ -3.7040117, 40.4450037 ], [ -3.7040315, 40.4444537 ], [ -3.7040353, 40.444347 ], [ -3.7040385, 40.4442433 ], [ -3.7040492, 40.4438915 ], [ -3.7040638, 40.4434549 ], [ -3.7040658, 40.4433779 ], [ -3.7040709, 40.4432763 ], [ -3.7040979, 40.4423162 ], [ -3.7041002, 40.4422627 ], [ -3.7041013, 40.4422373 ], [ -3.7041032, 40.4421362 ], [ -3.7041055, 40.4419975 ], [ -3.7041059, 40.4419714 ], [ -3.7041087, 40.4418977 ], [ -3.7041188, 40.4416971 ], [ -3.7041207, 40.4415982 ], [ -3.704123, 40.4415214 ], [ -3.704192, 40.4393605 ], [ -3.7042108, 40.4388164 ], [ -3.7042118, 40.4387881 ], [ -3.7042134, 40.4386713 ], [ -3.7043533, 40.4386755 ], [ -3.7043919, 40.4386774 ], [ -3.704422, 40.4386784 ], [ -3.7057268, 40.4387133 ], [ -3.7057379, 40.4387136 ], [ -3.7063867, 40.438739 ], [ -3.706521, 40.4387443 ], [ -3.7067615, 40.4387503 ], [ -3.7068025, 40.4387515 ], [ -3.7069568, 40.438756 ], [ -3.7070938, 40.4387605 ], [ -3.708276, 40.4387991 ], [ -3.7083796, 40.438803 ], [ -3.7084141, 40.4388044 ], [ -3.708778, 40.4388164 ], [ -3.7097011, 40.4388569 ], [ -3.7099342, 40.4388661 ], [ -3.7100481, 40.4388699 ], [ -3.710365, 40.4388831 ], [ -3.7104722, 40.4388872 ], [ -3.711122, 40.438896 ], [ -3.7175911, 40.4392278 ] ] ] } },
{ "type": "Feature", "properties": { "neighborhood": "Palos de la Frontera", "admin_level": "10" }, "geometry": { "type": "Polygon", "coordinates": [ [ [ -3.7026593, 40.4050021 ], [ -3.6997537, 40.4058077 ], [ -3.699326, 40.4059263 ], [ -3.6977791, 40.4063204 ], [ -3.6959319, 40.4068446 ], [ -3.6940361, 40.4073801 ], [ -3.693828, 40.4074909 ], [ -3.6936293, 40.4072416 ], [ -3.6935493, 40.4071827 ], [ -3.6934856, 40.4071841 ], [ -3.6934378, 40.407177 ], [ -3.6933978, 40.407169 ], [ -3.6933608, 40.4071533 ], [ -3.693321, 40.4071226 ], [ -3.6932956, 40.4070857 ], [ -3.6932516, 40.4069324 ], [ -3.6930528, 40.4071638 ], [ -3.6929438, 40.4071836 ], [ -3.6929341, 40.4071735 ], [ -3.6929176, 40.4071563 ], [ -3.6928909, 40.4071272 ], [ -3.6920055, 40.4063118 ], [ -3.691878, 40.4061973 ], [ -3.6917618, 40.4060916 ], [ -3.6916769, 40.4060103 ], [ -3.6911967, 40.4055759 ], [ -3.691169, 40.4055511 ], [ -3.6906865, 40.4051124 ], [ -3.6906426, 40.4050725 ], [ -3.6905529, 40.4049912 ], [ -3.6905396, 40.4049782 ], [ -3.689463, 40.403994 ], [ -3.6893595, 40.4038986 ], [ -3.6892725, 40.4038211 ], [ -3.6885946, 40.4032007 ], [ -3.6883348, 40.4029641 ], [ -3.6877578, 40.4024311 ], [ -3.6876198, 40.4023027 ], [ -3.6869998, 40.4017486 ], [ -3.6854634, 40.4003611 ], [ -3.6851227, 40.40006 ], [ -3.6852382, 40.4001018 ], [ -3.6852967, 40.4001343 ], [ -3.6853633, 40.4001849 ], [ -3.6855495, 40.4003456 ], [ -3.685572, 40.4003632 ], [ -3.6856033, 40.4003822 ], [ -3.6856372, 40.4003919 ], [ -3.6856755, 40.4003985 ], [ -3.6857454, 40.4004046 ], [ -3.6859699, 40.4004242 ], [ -3.6860116, 40.4004218 ], [ -3.6865912, 40.4004586 ], [ -3.6879988, 40.4005336 ], [ -3.6881273, 40.4005411 ], [ -3.6882695, 40.4005484 ], [ -3.6894193, 40.4006143 ], [ -3.6895124, 40.4006211 ], [ -3.6908202, 40.4006937 ], [ -3.6908305, 40.4006947 ], [ -3.6909922, 40.4007046 ], [ -3.6911414, 40.4007119 ], [ -3.692338, 40.400766 ], [ -3.6924422, 40.4007704 ], [ -3.6925257, 40.4007745 ], [ -3.6930595, 40.4007989 ], [ -3.6931547, 40.4008032 ], [ -3.6936438, 40.4008227 ], [ -3.6937804, 40.400826 ], [ -3.6939594, 40.4008175 ], [ -3.6940562, 40.4007925 ], [ -3.6942602, 40.400795 ], [ -3.6942869, 40.4007953 ], [ -3.6959527, 40.4008923 ], [ -3.696159, 40.4009045 ], [ -3.6963523, 40.4009128 ], [ -3.6979662, 40.4009987 ], [ -3.6985269, 40.401028 ], [ -3.6992054, 40.4009383 ], [ -3.6995635, 40.4011304 ], [ -3.6995916, 40.4011644 ], [ -3.6996374, 40.4012217 ], [ -3.7001222, 40.4018395 ], [ -3.700593, 40.4024516 ], [ -3.7006217, 40.4024885 ], [ -3.7006694, 40.4025509 ], [ -3.7013352, 40.403413 ], [ -3.7016827, 40.4038639 ], [ -3.701743, 40.4039422 ], [ -3.7022528, 40.4045808 ], [ -3.7022905, 40.404625 ], [ -3.7023394, 40.4046895 ], [ -3.7024054, 40.4047767 ], [ -3.7026593, 40.4050021 ] ] ] } },
{ "type": "Feature", "properties": { "neighborhood": "Las Acacias", "admin_level": "10" }, "geometry": { "type": "Polygon", "coordinates": [ [ [ -3.7148992, 40.399668 ], [ -3.7131989, 40.4033353 ], [ -3.7116643, 40.4066895 ], [ -3.7110584, 40.4065281 ], [ -3.7109387, 40.4065148 ], [ -3.7108065, 40.4064942 ], [ -3.7101131, 40.4063646 ], [ -3.7095215, 40.4062509 ], [ -3.7083074, 40.4060198 ], [ -3.7062455, 40.4056274 ], [ -3.704525, 40.4053167 ], [ -3.7026593, 40.4050021 ], [ -3.7024054, 40.4047767 ], [ -3.7023394, 40.4046895 ], [ -3.7022905, 40.404625 ], [ -3.7022528, 40.4045808 ], [ -3.701743, 40.4039422 ], [ -3.7016827, 40.4038639 ], [ -3.7013352, 40.403413 ], [ -3.7006694, 40.4025509 ], [ -3.7006217, 40.4024885 ], [ -3.700593, 40.4024516 ], [ -3.7001222, 40.4018395 ], [ -3.6996374, 40.4012217 ], [ -3.6995916, 40.4011644 ], [ -3.6995635, 40.4011304 ], [ -3.6992054, 40.4009383 ], [ -3.6994643, 40.4009223 ], [ -3.6997368, 40.4005954 ], [ -3.7004719, 40.3997767 ], [ -3.7010776, 40.3990753 ], [ -3.7011518, 40.3989937 ], [ -3.7016032, 40.3984976 ], [ -3.7018723, 40.3982296 ], [ -3.7019945, 40.3981021 ], [ -3.7021431, 40.3979529 ], [ -3.7022069, 40.3978769 ], [ -3.7022752, 40.3978329 ], [ -3.7023055, 40.3978134 ], [ -3.7023489, 40.3977778 ], [ -3.702456, 40.3976666 ], [ -3.702535, 40.3975677 ], [ -3.7027113, 40.3973757 ], [ -3.7028231, 40.3972843 ], [ -3.7029675, 40.3970466 ], [ -3.703069, 40.3969076 ], [ -3.703353, 40.3966056 ], [ -3.7036746, 40.3962641 ], [ -3.7042677, 40.3956671 ], [ -3.7042877, 40.395641 ], [ -3.7046407, 40.395234 ], [ -3.707344, 40.3958948 ], [ -3.7082288, 40.3961093 ], [ -3.7087857, 40.396277 ], [ -3.7096981, 40.3965517 ], [ -3.7102944, 40.3968007 ], [ -3.7108042, 40.3970136 ], [ -3.7113866, 40.3973313 ], [ -3.7121646, 40.3978908 ], [ -3.7127372, 40.398356 ], [ -3.713184, 40.3987439 ], [ -3.7134475, 40.3989593 ], [ -3.7140534, 40.3993462 ], [ -3.7148992, 40.399668 ] ] ] } },
{ "type": "Feature", "properties": { "neighborhood": "Imperial", "admin_level": "10" }, "geometry": { "type": "Polygon", "coordinates": [ [ [ -3.7229125, 40.4140254 ], [ -3.722122, 40.4140094 ], [ -3.7219547, 40.414006 ], [ -3.720966, 40.4139772 ], [ -3.7206967, 40.4139692 ], [ -3.7204653, 40.4139623 ], [ -3.7202194, 40.4139578 ], [ -3.719885, 40.4139559 ], [ -3.7197914, 40.4139549 ], [ -3.7196332, 40.4139519 ], [ -3.7194094, 40.4139477 ], [ -3.7187667, 40.4139385 ], [ -3.7171045, 40.4139147 ], [ -3.7168821, 40.4139059 ], [ -3.7169348, 40.4137861 ], [ -3.7170063, 40.4136226 ], [ -3.7171662, 40.4132714 ], [ -3.7172011, 40.4131969 ], [ -3.7172803, 40.4130345 ], [ -3.7181462, 40.4113025 ], [ -3.7182112, 40.4110445 ], [ -3.7179175, 40.4105907 ], [ -3.7175963, 40.4100818 ], [ -3.716747, 40.4087939 ], [ -3.7166322, 40.4086657 ], [ -3.7164177, 40.4085623 ], [ -3.714839, 40.4079117 ], [ -3.7130384, 40.4071681 ], [ -3.7116643, 40.4066895 ], [ -3.7131989, 40.4033353 ], [ -3.7148992, 40.399668 ], [ -3.7159014, 40.3999188 ], [ -3.7164199, 40.3999849 ], [ -3.7167743, 40.3999967 ], [ -3.7170739, 40.3999809 ], [ -3.71731, 40.3999586 ], [ -3.7189633, 40.3998334 ], [ -3.7190074, 40.3998301 ], [ -3.7193163, 40.3998351 ], [ -3.7197348, 40.399895 ], [ -3.7199898, 40.3999489 ], [ -3.7203547, 40.4000855 ], [ -3.7211314, 40.4005113 ], [ -3.7214024, 40.4007152 ], [ -3.7215471, 40.400824 ], [ -3.7217083, 40.4009453 ], [ -3.7218355, 40.4011502 ], [ -3.7219488, 40.4013327 ], [ -3.7220637, 40.4016008 ], [ -3.7222189, 40.4019631 ], [ -3.7222517, 40.4020737 ], [ -3.7223979, 40.4025663 ], [ -3.7225793, 40.4037852 ], [ -3.7227955, 40.4045242 ], [ -3.7227425, 40.4052183 ], [ -3.7226482, 40.4058264 ], [ -3.7223664, 40.4067431 ], [ -3.7222608, 40.4070507 ], [ -3.7222184, 40.4071743 ], [ -3.7218228, 40.4085054 ], [ -3.7217886, 40.4090942 ], [ -3.7219319, 40.4097391 ], [ -3.7221687, 40.4103825 ], [ -3.7228168, 40.412362 ], [ -3.7229417, 40.4132523 ], [ -3.7229125, 40.4140254 ] ] ] } },
{ "type": "Feature", "properties": { "neighborhood": "Embajadores", "admin_level": "10" }, "geometry": { "type": "Polygon", "coordinates": [ [ [ -3.7116643, 40.4066895 ], [ -3.7113317, 40.407135 ], [ -3.7110487, 40.4079184 ], [ -3.7104393, 40.4086896 ], [ -3.7103825, 40.4088039 ], [ -3.7103157, 40.4088926 ], [ -3.7102331, 40.4090056 ], [ -3.7101468, 40.4091217 ], [ -3.7100407, 40.4092519 ], [ -3.7099694, 40.4093377 ], [ -3.7097877, 40.4095601 ], [ -3.7092417, 40.4102602 ], [ -3.7091565, 40.4103756 ], [ -3.7091111, 40.4104289 ], [ -3.7090903, 40.4104536 ], [ -3.7090566, 40.410496 ], [ -3.7089165, 40.4106613 ], [ -3.7088492, 40.4107503 ], [ -3.7088373, 40.4107649 ], [ -3.7085782, 40.4110573 ], [ -3.708554, 40.4110846 ], [ -3.7085318, 40.4111097 ], [ -3.7085067, 40.4111342 ], [ -3.7082398, 40.4114246 ], [ -3.7081894, 40.4115011 ], [ -3.7080384, 40.4117983 ], [ -3.7078824, 40.4121074 ], [ -3.707653, 40.4125306 ], [ -3.7075855, 40.4126321 ], [ -3.7075514, 40.412713 ], [ -3.7075316, 40.4127989 ], [ -3.707463, 40.4131427 ], [ -3.7074559, 40.4131786 ], [ -3.7074511, 40.4132106 ], [ -3.7074314, 40.4132977 ], [ -3.707427, 40.4133461 ], [ -3.7074371, 40.4136111 ], [ -3.707358, 40.4136387 ], [ -3.7071916, 40.4136906 ], [ -3.7068596, 40.4137956 ], [ -3.7067171, 40.4138418 ], [ -3.7066081, 40.4138772 ], [ -3.7064669, 40.413924 ], [ -3.7064169, 40.4139391 ], [ -3.7063747, 40.4139503 ], [ -3.7062989, 40.4139626 ], [ -3.7062164, 40.4139732 ], [ -3.7061645, 40.4139791 ], [ -3.7061083, 40.4139841 ], [ -3.7060452, 40.4139854 ], [ -3.7059774, 40.4139851 ], [ -3.70591, 40.4139835 ], [ -3.705828, 40.4139814 ], [ -3.7057694, 40.4139787 ], [ -3.7055473, 40.4139652 ], [ -3.7053929, 40.4139568 ], [ -3.7049066, 40.4139303 ], [ -3.7048706, 40.4139289 ], [ -3.7048374, 40.4139287 ], [ -3.7047995, 40.4139322 ], [ -3.7047703, 40.4139361 ], [ -3.7047405, 40.413943 ], [ -3.7047151, 40.4139498 ], [ -3.7047129, 40.4139505 ], [ -3.7046865, 40.4139593 ], [ -3.7046546, 40.4139696 ], [ -3.7046086, 40.4139878 ], [ -3.7046052, 40.4139892 ], [ -3.7045481, 40.4140127 ], [ -3.7044929, 40.4140368 ], [ -3.70436, 40.4140937 ], [ -3.7040025, 40.4142564 ], [ -3.7039864, 40.4142651 ], [ -3.7039712, 40.4142756 ], [ -3.7039561, 40.4142901 ], [ -3.7035617, 40.4141785 ], [ -3.7035326, 40.4141679 ], [ -3.7034828, 40.4141495 ], [ -3.7034361, 40.4141323 ], [ -3.7033291, 40.4140941 ], [ -3.7032403, 40.4140626 ], [ -3.7031334, 40.4140252 ], [ -3.7028532, 40.4139271 ], [ -3.7023668, 40.4137586 ], [ -3.7022269, 40.4137101 ], [ -3.7018351, 40.4135741 ], [ -3.7017048, 40.4135275 ], [ -3.7016124, 40.4134931 ], [ -3.7015354, 40.4134622 ], [ -3.701488, 40.4134433 ], [ -3.7005708, 40.4130697 ], [ -3.7002458, 40.4129355 ], [ -3.7001141, 40.4128786 ], [ -3.7000345, 40.4128413 ], [ -3.6998584, 40.4127556 ], [ -3.6996017, 40.4126237 ], [ -3.6995661, 40.4126048 ], [ -3.6994467, 40.4125414 ], [ -3.6986971, 40.4121574 ], [ -3.6985231, 40.4120702 ], [ -3.6983024, 40.4119561 ], [ -3.6981694, 40.4118715 ], [ -3.697848, 40.4117063 ], [ -3.6972561, 40.411402 ], [ -3.6971643, 40.4113556 ], [ -3.6970765, 40.4113102 ], [ -3.6968321, 40.4111894 ], [ -3.6965721, 40.4110608 ], [ -3.6957596, 40.4106705 ], [ -3.6956218, 40.4106161 ], [ -3.6955568, 40.4105877 ], [ -3.6954368, 40.4105341 ], [ -3.6951886, 40.4104256 ], [ -3.6950542, 40.4103676 ], [ -3.6940611, 40.4099393 ], [ -3.6939235, 40.4098793 ], [ -3.693758, 40.4097642 ], [ -3.6934948, 40.4096583 ], [ -3.6934344, 40.4096369 ], [ -3.6933209, 40.409602 ], [ -3.693274, 40.4095856 ], [ -3.693094, 40.4095118 ], [ -3.6929757, 40.4094607 ], [ -3.6929021, 40.4094289 ], [ -3.6927518, 40.4093633 ], [ -3.6924407, 40.409231 ], [ -3.6922995, 40.4091667 ], [ -3.692153, 40.4090618 ], [ -3.6924848, 40.4085599 ], [ -3.6929258, 40.4079938 ], [ -3.6932031, 40.407797 ], [ -3.6934248, 40.4076814 ], [ -3.6936809, 40.4075691 ], [ -3.693828, 40.4074909 ], [ -3.6940361, 40.4073801 ], [ -3.6959319, 40.4068446 ], [ -3.6977791, 40.4063204 ], [ -3.699326, 40.4059263 ], [ -3.6997537, 40.4058077 ], [ -3.7026593, 40.4050021 ], [ -3.704525, 40.4053167 ], [ -3.7062455, 40.4056274 ], [ -3.7083074, 40.4060198 ], [ -3.7095215, 40.4062509 ], [ -3.7101131, 40.4063646 ], [ -3.7108065, 40.4064942 ], [ -3.7109387, 40.4065148 ], [ -3.7110584, 40.4065281 ], [ -3.7116643, 40.4066895 ] ] ] } },
{ "type": "Feature", "properties": { "neighborhood": "Cortes", "admin_level": "10" }, "geometry": { "type": "Polygon", "coordinates": [ [ [ -3.7034361, 40.4141323 ], [ -3.7034121, 40.4141706 ], [ -3.7033875, 40.4142062 ], [ -3.7033669, 40.4142333 ], [ -3.70335, 40.4142564 ], [ -3.7031798, 40.4144615 ], [ -3.7031504, 40.4144916 ], [ -3.7031173, 40.4145221 ], [ -3.7029831, 40.4146178 ], [ -3.7026253, 40.4149076 ], [ -3.7025602, 40.4149603 ], [ -3.7023266, 40.4151447 ], [ -3.7022113, 40.4152318 ], [ -3.7016665, 40.4156435 ], [ -3.7012179, 40.4159459 ], [ -3.7008279, 40.4162179 ], [ -3.7007854, 40.416252 ], [ -3.7007819, 40.4162549 ], [ -3.7005987, 40.4164085 ], [ -3.7005949, 40.4164117 ], [ -3.7005625, 40.4164415 ], [ -3.7004154, 40.4166175 ], [ -3.7004144, 40.4167146 ], [ -3.7004003, 40.4167427 ], [ -3.7003628, 40.4167903 ], [ -3.7003296, 40.4168303 ], [ -3.7002993, 40.4168465 ], [ -3.7001522, 40.4170502 ], [ -3.7000816, 40.4171267 ], [ -3.6997666, 40.4175786 ], [ -3.699655, 40.4177264 ], [ -3.6996155, 40.4177778 ], [ -3.6995882, 40.41781 ], [ -3.6995518, 40.4178402 ], [ -3.6993008, 40.4179982 ], [ -3.6993273, 40.4180094 ], [ -3.6993849, 40.4180469 ], [ -3.6994068, 40.4180672 ], [ -3.6994343, 40.4180994 ], [ -3.6994604, 40.4181503 ], [ -3.6995457, 40.4184018 ], [ -3.6995918, 40.4185256 ], [ -3.6996629, 40.418912 ], [ -3.6997551, 40.4192917 ], [ -3.699685, 40.4196707 ], [ -3.6996827, 40.4196896 ], [ -3.6996755, 40.4197481 ], [ -3.6969617, 40.4189717 ], [ -3.6968862, 40.4189613 ], [ -3.6968625, 40.418958 ], [ -3.6967868, 40.4189476 ], [ -3.696659, 40.4189262 ], [ -3.6965036, 40.4189112 ], [ -3.6963781, 40.418909 ], [ -3.6962297, 40.4189174 ], [ -3.6961661, 40.4189223 ], [ -3.6959534, 40.4189351 ], [ -3.6957243, 40.4189787 ], [ -3.6955577, 40.419012 ], [ -3.694723, 40.4191621 ], [ -3.694101, 40.4192838 ], [ -3.6940394, 40.4192959 ], [ -3.6939671, 40.4193091 ], [ -3.6938947, 40.4193222 ], [ -3.6938297, 40.4193366 ], [ -3.6936875, 40.4193855 ], [ -3.6935732, 40.4194201 ], [ -3.6932829, 40.4195055 ], [ -3.6931045, 40.4193583 ], [ -3.6930296, 40.4192793 ], [ -3.6933546, 40.4188087 ], [ -3.6934847, 40.4182567 ], [ -3.6936121, 40.4178195 ], [ -3.6936908, 40.4174859 ], [ -3.6938554, 40.4167889 ], [ -3.6941293, 40.415682 ], [ -3.6938718, 40.4145776 ], [ -3.6932754, 40.4128796 ], [ -3.692653, 40.4111075 ], [ -3.6925312, 40.4103487 ], [ -3.6922131, 40.4094608 ], [ -3.692153, 40.4090618 ], [ -3.6922995, 40.4091667 ], [ -3.6924407, 40.409231 ], [ -3.6927518, 40.4093633 ], [ -3.6929021, 40.4094289 ], [ -3.6929757, 40.4094607 ], [ -3.693094, 40.4095118 ], [ -3.693274, 40.4095856 ], [ -3.6933209, 40.409602 ], [ -3.6934344, 40.4096369 ], [ -3.6934948, 40.4096583 ], [ -3.693758, 40.4097642 ], [ -3.6939235, 40.4098793 ], [ -3.6940611, 40.4099393 ], [ -3.6950542, 40.4103676 ], [ -3.6951886, 40.4104256 ], [ -3.6954368, 40.4105341 ], [ -3.6955568, 40.4105877 ], [ -3.6956218, 40.4106161 ], [ -3.6957596, 40.4106705 ], [ -3.6965721, 40.4110608 ], [ -3.6968321, 40.4111894 ], [ -3.6970765, 40.4113102 ], [ -3.6971643, 40.4113556 ], [ -3.6972561, 40.411402 ], [ -3.697848, 40.4117063 ], [ -3.6981694, 40.4118715 ], [ -3.6983024, 40.4119561 ], [ -3.6985231, 40.4120702 ], [ -3.6986971, 40.4121574 ], [ -3.6994467, 40.4125414 ], [ -3.6995661, 40.4126048 ], [ -3.6996017, 40.4126237 ], [ -3.6998584, 40.4127556 ], [ -3.7000345, 40.4128413 ], [ -3.7001141, 40.4128786 ], [ -3.7002458, 40.4129355 ], [ -3.7005708, 40.4130697 ], [ -3.701488, 40.4134433 ], [ -3.7015354, 40.4134622 ], [ -3.7016124, 40.4134931 ], [ -3.7017048, 40.4135275 ], [ -3.7018351, 40.4135741 ], [ -3.7022269, 40.4137101 ], [ -3.7023668, 40.4137586 ], [ -3.7028532, 40.4139271 ], [ -3.7031334, 40.4140252 ], [ -3.7032403, 40.4140626 ], [ -3.7033291, 40.4140941 ], [ -3.7034361, 40.4141323 ] ] ] } },
{ "type": "Feature", "properties": { "neighborhood": "Sol", "admin_level": "10" }, "geometry": { "type": "Polygon", "coordinates": [ [ [ -3.7074371, 40.4136111 ], [ -3.7074794, 40.4135979 ], [ -3.7075143, 40.4135874 ], [ -3.7075415, 40.4135834 ], [ -3.7075709, 40.4135805 ], [ -3.7076365, 40.4135788 ], [ -3.7076685, 40.4135792 ], [ -3.7077462, 40.4135888 ], [ -3.7077909, 40.4135992 ], [ -3.7078446, 40.4136115 ], [ -3.7079043, 40.4136207 ], [ -3.7079641, 40.41363 ], [ -3.7081332, 40.4136825 ], [ -3.7082439, 40.4137223 ], [ -3.7082087, 40.4138259 ], [ -3.7081869, 40.4138808 ], [ -3.7081634, 40.4139473 ], [ -3.708157, 40.4139787 ], [ -3.7080282, 40.4145032 ], [ -3.7080288, 40.4145314 ], [ -3.7081515, 40.4147084 ], [ -3.7082244, 40.4148238 ], [ -3.7084005, 40.4152537 ], [ -3.7084251, 40.4152802 ], [ -3.7084549, 40.4153066 ], [ -3.70849, 40.4153274 ], [ -3.7086064, 40.4153816 ], [ -3.7086535, 40.4154159 ], [ -3.7086912, 40.4154497 ], [ -3.7087865, 40.4155636 ], [ -3.7087897, 40.4156325 ], [ -3.7088201, 40.4158424 ], [ -3.7086835, 40.4159618 ], [ -3.7086965, 40.4160383 ], [ -3.7087439, 40.4163172 ], [ -3.7087276, 40.4163294 ], [ -3.708708, 40.4163416 ], [ -3.7086882, 40.4163513 ], [ -3.7086663, 40.4163614 ], [ -3.7086384, 40.4163752 ], [ -3.7087205, 40.4170144 ], [ -3.7085853, 40.4177294 ], [ -3.7087381, 40.4178977 ], [ -3.7084669, 40.4183551 ], [ -3.7084513, 40.4183852 ], [ -3.7082236, 40.4188248 ], [ -3.7079428, 40.4197664 ], [ -3.7079289, 40.4198834 ], [ -3.7081532, 40.4202383 ], [ -3.7079508, 40.4202326 ], [ -3.7073987, 40.4202172 ], [ -3.7072453, 40.420215 ], [ -3.7070537, 40.4202098 ], [ -3.7068014, 40.4202049 ], [ -3.7063065, 40.4201968 ], [ -3.7062664, 40.4202016 ], [ -3.7062094, 40.4202281 ], [ -3.7061704, 40.420263 ], [ -3.7061012, 40.420321 ], [ -3.7016812, 40.4200186 ], [ -3.7015822, 40.4200118 ], [ -3.700681, 40.4199587 ], [ -3.6996755, 40.4197481 ], [ -3.6996827, 40.4196896 ], [ -3.699685, 40.4196707 ], [ -3.6997551, 40.4192917 ], [ -3.6996629, 40.418912 ], [ -3.6995918, 40.4185256 ], [ -3.6995457, 40.4184018 ], [ -3.6994604, 40.4181503 ], [ -3.6994343, 40.4180994 ], [ -3.6994068, 40.4180672 ], [ -3.6993849, 40.4180469 ], [ -3.6993273, 40.4180094 ], [ -3.6993008, 40.4179982 ], [ -3.6995518, 40.4178402 ], [ -3.6995882, 40.41781 ], [ -3.6996155, 40.4177778 ], [ -3.699655, 40.4177264 ], [ -3.6997666, 40.4175786 ], [ -3.7000816, 40.4171267 ], [ -3.7001522, 40.4170502 ], [ -3.7002993, 40.4168465 ], [ -3.7003296, 40.4168303 ], [ -3.7003628, 40.4167903 ], [ -3.7004003, 40.4167427 ], [ -3.7004144, 40.4167146 ], [ -3.7004154, 40.4166175 ], [ -3.7005625, 40.4164415 ], [ -3.7005949, 40.4164117 ], [ -3.7005987, 40.4164085 ], [ -3.7007819, 40.4162549 ], [ -3.7007854, 40.416252 ], [ -3.7008279, 40.4162179 ], [ -3.7012179, 40.4159459 ], [ -3.7016665, 40.4156435 ], [ -3.7022113, 40.4152318 ], [ -3.7023266, 40.4151447 ], [ -3.7025602, 40.4149603 ], [ -3.7026253, 40.4149076 ], [ -3.7029831, 40.4146178 ], [ -3.7031173, 40.4145221 ], [ -3.7031504, 40.4144916 ], [ -3.7031798, 40.4144615 ], [ -3.70335, 40.4142564 ], [ -3.7033669, 40.4142333 ], [ -3.7033875, 40.4142062 ], [ -3.7034121, 40.4141706 ], [ -3.7034361, 40.4141323 ], [ -3.7034828, 40.4141495 ], [ -3.7035326, 40.4141679 ], [ -3.7035617, 40.4141785 ], [ -3.7039561, 40.4142901 ], [ -3.7039712, 40.4142756 ], [ -3.7039864, 40.4142651 ], [ -3.7040025, 40.4142564 ], [ -3.70436, 40.4140937 ], [ -3.7044929, 40.4140368 ], [ -3.7045481, 40.4140127 ], [ -3.7046052, 40.4139892 ], [ -3.7046086, 40.4139878 ], [ -3.7046546, 40.4139696 ], [ -3.7046865, 40.4139593 ], [ -3.7047129, 40.4139505 ], [ -3.7047151, 40.4139498 ], [ -3.7047405, 40.413943 ], [ -3.7047703, 40.4139361 ], [ -3.7047995, 40.4139322 ], [ -3.7048374, 40.4139287 ], [ -3.7048706, 40.4139289 ], [ -3.7049066, 40.4139303 ], [ -3.7053929, 40.4139568 ], [ -3.7055473, 40.4139652 ], [ -3.7057694, 40.4139787 ], [ -3.705828, 40.4139814 ], [ -3.70591, 40.4139835 ], [ -3.7059774, 40.4139851 ], [ -3.7060452, 40.4139854 ], [ -3.7061083, 40.4139841 ], [ -3.7061645, 40.4139791 ], [ -3.7062164, 40.4139732 ], [ -3.7062989, 40.4139626 ], [ -3.7063747, 40.4139503 ], [ -3.7064169, 40.4139391 ], [ -3.7064669, 40.413924 ], [ -3.7066081, 40.4138772 ], [ -3.7067171, 40.4138418 ], [ -3.7068596, 40.4137956 ], [ -3.7071916, 40.4136906 ], [ -3.707358, 40.4136387 ], [ -3.7074371, 40.4136111 ] ] ] } },
{ "type": "Feature", "properties": { "neighborhood": "Palacio", "admin_level": "10" }, "geometry": { "type": "Polygon", "coordinates": [ [ [ -3.7229125, 40.4140254 ], [ -3.7228979, 40.4149805 ], [ -3.7228227, 40.4155182 ], [ -3.7227019, 40.4160874 ], [ -3.7223791, 40.417175 ], [ -3.7221607, 40.4180361 ], [ -3.7220532, 40.4184598 ], [ -3.7218428, 40.4185804 ], [ -3.7215099, 40.418771 ], [ -3.7210667, 40.4191187 ], [ -3.7206995, 40.4194695 ], [ -3.7204, 40.4198949 ], [ -3.7202985, 40.4200684 ], [ -3.7201952, 40.4202448 ], [ -3.7201893, 40.4202549 ], [ -3.7180605, 40.4202871 ], [ -3.7165725, 40.4203256 ], [ -3.7158019, 40.420353 ], [ -3.715533, 40.4203858 ], [ -3.7153311, 40.4204846 ], [ -3.7133176, 40.4218012 ], [ -3.7130807, 40.422027 ], [ -3.7128075, 40.4222857 ], [ -3.7124302, 40.4225143 ], [ -3.7108128, 40.4233932 ], [ -3.7061012, 40.420321 ], [ -3.7061704, 40.420263 ], [ -3.7062094, 40.4202281 ], [ -3.7062664, 40.4202016 ], [ -3.7063065, 40.4201968 ], [ -3.7068014, 40.4202049 ], [ -3.7070537, 40.4202098 ], [ -3.7072453, 40.420215 ], [ -3.7073987, 40.4202172 ], [ -3.7079508, 40.4202326 ], [ -3.7081532, 40.4202383 ], [ -3.7079289, 40.4198834 ], [ -3.7079428, 40.4197664 ], [ -3.7082236, 40.4188248 ], [ -3.7084513, 40.4183852 ], [ -3.7084669, 40.4183551 ], [ -3.7087381, 40.4178977 ], [ -3.7085853, 40.4177294 ], [ -3.7087205, 40.4170144 ], [ -3.7086384, 40.4163752 ], [ -3.7086663, 40.4163614 ], [ -3.7086882, 40.4163513 ], [ -3.708708, 40.4163416 ], [ -3.7087276, 40.4163294 ], [ -3.7087439, 40.4163172 ], [ -3.7086965, 40.4160383 ], [ -3.7086835, 40.4159618 ], [ -3.7088201, 40.4158424 ], [ -3.7087897, 40.4156325 ], [ -3.7087865, 40.4155636 ], [ -3.7086912, 40.4154497 ], [ -3.7086535, 40.4154159 ], [ -3.7086064, 40.4153816 ], [ -3.70849, 40.4153274 ], [ -3.7084549, 40.4153066 ], [ -3.7084251, 40.4152802 ], [ -3.7084005, 40.4152537 ], [ -3.7082244, 40.4148238 ], [ -3.7081515, 40.4147084 ], [ -3.7080288, 40.4145314 ], [ -3.7080282, 40.4145032 ], [ -3.708157, 40.4139787 ], [ -3.7081634, 40.4139473 ], [ -3.7081869, 40.4138808 ], [ -3.7082087, 40.4138259 ], [ -3.7082439, 40.4137223 ], [ -3.7081332, 40.4136825 ], [ -3.7079641, 40.41363 ], [ -3.7079043, 40.4136207 ], [ -3.7078446, 40.4136115 ], [ -3.7077909, 40.4135992 ], [ -3.7077462, 40.4135888 ], [ -3.7076685, 40.4135792 ], [ -3.7076365, 40.4135788 ], [ -3.7075709, 40.4135805 ], [ -3.7075415, 40.4135834 ], [ -3.7075143, 40.4135874 ], [ -3.7074794, 40.4135979 ], [ -3.7074371, 40.4136111 ], [ -3.707427, 40.4133461 ], [ -3.7074314, 40.4132977 ], [ -3.7074511, 40.4132106 ], [ -3.7074559, 40.4131786 ], [ -3.707463, 40.4131427 ], [ -3.7075316, 40.4127989 ], [ -3.7075514, 40.412713 ], [ -3.7075855, 40.4126321 ], [ -3.707653, 40.4125306 ], [ -3.7078824, 40.4121074 ], [ -3.7080384, 40.4117983 ], [ -3.7081894, 40.4115011 ], [ -3.7082398, 40.4114246 ], [ -3.7085067, 40.4111342 ], [ -3.7085318, 40.4111097 ], [ -3.708554, 40.4110846 ], [ -3.7085782, 40.4110573 ], [ -3.7088373, 40.4107649 ], [ -3.7088492, 40.4107503 ], [ -3.7089165, 40.4106613 ], [ -3.7090566, 40.410496 ], [ -3.7090903, 40.4104536 ], [ -3.7091111, 40.4104289 ], [ -3.7091565, 40.4103756 ], [ -3.7092417, 40.4102602 ], [ -3.7097877, 40.4095601 ], [ -3.7099694, 40.4093377 ], [ -3.7100407, 40.4092519 ], [ -3.7101468, 40.4091217 ], [ -3.7102331, 40.4090056 ], [ -3.7103157, 40.4088926 ], [ -3.7103825, 40.4088039 ], [ -3.7104393, 40.4086896 ], [ -3.7110487, 40.4079184 ], [ -3.7113317, 40.407135 ], [ -3.7116643, 40.4066895 ], [ -3.7130384, 40.4071681 ], [ -3.714839, 40.4079117 ], [ -3.7164177, 40.4085623 ], [ -3.7166322, 40.4086657 ], [ -3.716747, 40.4087939 ], [ -3.7175963, 40.4100818 ], [ -3.7179175, 40.4105907 ], [ -3.7182112, 40.4110445 ], [ -3.7181462, 40.4113025 ], [ -3.7172803, 40.4130345 ], [ -3.7172011, 40.4131969 ], [ -3.7171662, 40.4132714 ], [ -3.7170063, 40.4136226 ], [ -3.7169348, 40.4137861 ], [ -3.7168821, 40.4139059 ], [ -3.7171045, 40.4139147 ], [ -3.7187667, 40.4139385 ], [ -3.7194094, 40.4139477 ], [ -3.7196332, 40.4139519 ], [ -3.7197914, 40.4139549 ], [ -3.719885, 40.4139559 ], [ -3.7202194, 40.4139578 ], [ -3.7204653, 40.4139623 ], [ -3.7206967, 40.4139692 ], [ -3.720966, 40.4139772 ], [ -3.7219547, 40.414006 ], [ -3.722122, 40.4140094 ], [ -3.7229125, 40.4140254 ] ] ] } },
{ "type": "Feature", "properties": { "neighborhood": "Almendrales", "admin_level": "10" }, "geometry": { "type": "Polygon", "coordinates": [ [ [ -3.705747, 40.3858796 ], [ -3.7024366, 40.3862479 ], [ -3.6999584, 40.38784 ], [ -3.699344, 40.3880749 ], [ -3.6981513, 40.3890718 ], [ -3.697778, 40.3887106 ], [ -3.6964188, 40.3875834 ], [ -3.692775, 40.384649 ], [ -3.6922542, 40.3842684 ], [ -3.6926362, 40.3839148 ], [ -3.6927228, 40.3838347 ], [ -3.6934819, 40.3829845 ], [ -3.6937618, 40.3826398 ], [ -3.6938813, 40.3824878 ], [ -3.6940674, 40.3822759 ], [ -3.6948006, 40.381558 ], [ -3.6954155, 40.3809583 ], [ -3.6954517, 40.3807096 ], [ -3.6955486, 40.3804919 ], [ -3.6955882, 40.380353 ], [ -3.6956219, 40.380235 ], [ -3.6974783, 40.3795462 ], [ -3.6982827, 40.3792477 ], [ -3.6984796, 40.3791716 ], [ -3.6986486, 40.3791062 ], [ -3.699139, 40.3789165 ], [ -3.6996446, 40.3786709 ], [ -3.6999642, 40.3785156 ], [ -3.6999765, 40.3785279 ], [ -3.7000183, 40.3785696 ], [ -3.7001283, 40.3786794 ], [ -3.7001977, 40.3787487 ], [ -3.7002759, 40.379431 ], [ -3.7002774, 40.3794439 ], [ -3.700304, 40.379676 ], [ -3.7003131, 40.3797785 ], [ -3.7003426, 40.3800127 ], [ -3.700422, 40.3800914 ], [ -3.7005143, 40.3801827 ], [ -3.7018481, 40.3797963 ], [ -3.7022532, 40.3801959 ], [ -3.7026824, 40.380689 ], [ -3.7028024, 40.3807893 ], [ -3.7029439, 40.3808773 ], [ -3.7031098, 40.3810385 ], [ -3.7047833, 40.3802816 ], [ -3.7048961, 40.3814269 ], [ -3.7049239, 40.381572 ], [ -3.7049477, 40.3817047 ], [ -3.7049547, 40.3818405 ], [ -3.7049901, 40.3820201 ], [ -3.7050061, 40.382101 ], [ -3.7050212, 40.3821822 ], [ -3.7050369, 40.3822662 ], [ -3.7050621, 40.3824011 ], [ -3.7050942, 40.382565 ], [ -3.7051192, 40.3826927 ], [ -3.7051604, 40.3829033 ], [ -3.7051855, 40.3829878 ], [ -3.7051942, 40.3830458 ], [ -3.7052078, 40.3831174 ], [ -3.705747, 40.3858796 ] ] ] } },
{ "type": "Feature", "properties": { "neighborhood": "Moscardó", "admin_level": "10" }, "geometry": { "type": "Polygon", "coordinates": [ [ [ -3.7175556, 40.3852809 ], [ -3.7168707, 40.3859207 ], [ -3.7163914, 40.3863685 ], [ -3.7154286, 40.3872675 ], [ -3.7150229, 40.3876465 ], [ -3.7145961, 40.3880451 ], [ -3.7142318, 40.3884026 ], [ -3.7138974, 40.3887132 ], [ -3.7136831, 40.3889106 ], [ -3.7133566, 40.3891835 ], [ -3.7130124, 40.3894291 ], [ -3.7128787, 40.3895249 ], [ -3.712009, 40.3899459 ], [ -3.7118835, 40.3899953 ], [ -3.7102484, 40.3906446 ], [ -3.7094844, 40.3909476 ], [ -3.7094835, 40.390948 ], [ -3.7091054, 40.3910932 ], [ -3.7090065, 40.3911359 ], [ -3.7087948, 40.3912272 ], [ -3.7087782, 40.3912355 ], [ -3.7086884, 40.3912802 ], [ -3.7084503, 40.3913986 ], [ -3.7082794, 40.3914874 ], [ -3.7081328, 40.3915784 ], [ -3.7079371, 40.391704 ], [ -3.7075356, 40.3920189 ], [ -3.7072294, 40.3922887 ], [ -3.706777, 40.3927502 ], [ -3.7063, 40.3932644 ], [ -3.7046407, 40.395234 ], [ -3.7038413, 40.3947055 ], [ -3.7029045, 40.3941035 ], [ -3.7019384, 40.393167 ], [ -3.6998673, 40.3907932 ], [ -3.6994916, 40.3903687 ], [ -3.6981513, 40.3890718 ], [ -3.699344, 40.3880749 ], [ -3.6999584, 40.38784 ], [ -3.7024366, 40.3862479 ], [ -3.705747, 40.3858796 ], [ -3.706617, 40.3857828 ], [ -3.7097509, 40.3853958 ], [ -3.7109059, 40.3852384 ], [ -3.7115119, 40.3851655 ], [ -3.7118071, 40.3851668 ], [ -3.7150151, 40.3851817 ], [ -3.7168306, 40.3852099 ], [ -3.7175556, 40.3852809 ] ] ] } },
{ "type": "Feature", "properties": { "neighborhood": "Zofío", "admin_level": "10" }, "geometry": { "type": "Polygon", "coordinates": [ [ [ -3.7197644, 40.3738093 ], [ -3.719713, 40.3741472 ], [ -3.7197129, 40.374148 ], [ -3.7193678, 40.3763958 ], [ -3.7190356, 40.3796528 ], [ -3.7189601, 40.3803928 ], [ -3.7187285, 40.3815398 ], [ -3.7183523, 40.3828904 ], [ -3.7182162, 40.3833139 ], [ -3.7175556, 40.3852809 ], [ -3.7168306, 40.3852099 ], [ -3.7150151, 40.3851817 ], [ -3.7118071, 40.3851668 ], [ -3.7115506, 40.3847595 ], [ -3.711357, 40.3841912 ], [ -3.7113351, 40.384127 ], [ -3.7112492, 40.3836121 ], [ -3.7112761, 40.3809397 ], [ -3.7116623, 40.3791008 ], [ -3.7122309, 40.3774049 ], [ -3.7123107, 40.3733176 ], [ -3.7144303, 40.3738004 ], [ -3.719324, 40.3738137 ], [ -3.7197644, 40.3738093 ] ] ] } },
{ "type": "Feature", "properties": { "neighborhood": "San Fermín", "admin_level": "10" }, "geometry": { "type": "Polygon", "coordinates": [ [ [ -3.6939598, 40.3645179 ], [ -3.6942816, 40.3687408 ], [ -3.694818, 40.373498 ], [ -3.6949146, 40.3748139 ], [ -3.6947147, 40.3758956 ], [ -3.6947107, 40.3759173 ], [ -3.6946971, 40.3759381 ], [ -3.6926684, 40.379029 ], [ -3.6919534, 40.3801183 ], [ -3.6910258, 40.3809248 ], [ -3.6901529, 40.3816837 ], [ -3.6895732, 40.3821878 ], [ -3.6891441, 40.3815536 ], [ -3.6890399, 40.3809579 ], [ -3.6889495, 40.3804416 ], [ -3.6889339, 40.3803715 ], [ -3.6888301, 40.3798724 ], [ -3.6886369, 40.3794095 ], [ -3.6883931, 40.3790724 ], [ -3.6879886, 40.3786958 ], [ -3.6871494, 40.376508 ], [ -3.6875528, 40.3753709 ], [ -3.6876466, 40.3748483 ], [ -3.6876216, 40.3741996 ], [ -3.687517, 40.3740891 ], [ -3.6869491, 40.3734888 ], [ -3.6869035, 40.3733794 ], [ -3.6866891, 40.3729199 ], [ -3.6863566, 40.3721829 ], [ -3.6859154, 40.3717989 ], [ -3.6843556, 40.3713658 ], [ -3.6829254, 40.3707803 ], [ -3.6826175, 40.3705566 ], [ -3.6822313, 40.3698291 ], [ -3.6823508, 40.3689618 ], [ -3.681947, 40.3678224 ], [ -3.6817753, 40.3674464 ], [ -3.6817178, 40.3665441 ], [ -3.6821294, 40.3660812 ], [ -3.6825693, 40.3657216 ], [ -3.6829537, 40.3651823 ], [ -3.6831379, 40.3647367 ], [ -3.6830679, 40.364284 ], [ -3.682335, 40.362388 ], [ -3.6821602, 40.3620956 ], [ -3.6819717, 40.3614413 ], [ -3.6830306, 40.3617096 ], [ -3.6886353, 40.3637043 ], [ -3.6903977, 40.3642286 ], [ -3.6915553, 40.364468 ], [ -3.6927981, 40.3645087 ], [ -3.6939598, 40.3645179 ] ] ] } },
{ "type": "Feature", "properties": { "neighborhood": "Orcasur", "admin_level": "10" }, "geometry": { "type": "Polygon", "coordinates": [ [ [ -3.7051419, 40.3638385 ], [ -3.7034065, 40.3711562 ], [ -3.70332, 40.371409 ], [ -3.7030758, 40.372123 ], [ -3.7026823, 40.3732732 ], [ -3.7026678, 40.3739652 ], [ -3.7026604, 40.3743194 ], [ -3.7026501, 40.3748139 ], [ -3.7025651, 40.3750391 ], [ -3.702298, 40.3757465 ], [ -3.7021995, 40.3760073 ], [ -3.7018605, 40.3765273 ], [ -3.7016098, 40.3769118 ], [ -3.7013106, 40.3773708 ], [ -3.7012077, 40.3775285 ], [ -3.7011376, 40.3776362 ], [ -3.7010086, 40.377834 ], [ -3.7003277, 40.3782784 ], [ -3.6999642, 40.3785156 ], [ -3.6996446, 40.3786709 ], [ -3.699139, 40.3789165 ], [ -3.6986486, 40.3791062 ], [ -3.6984796, 40.3791716 ], [ -3.6982827, 40.3792477 ], [ -3.6974783, 40.3795462 ], [ -3.6956219, 40.380235 ], [ -3.6955882, 40.380353 ], [ -3.6955486, 40.3804919 ], [ -3.6954517, 40.3807096 ], [ -3.6954155, 40.3809583 ], [ -3.6948006, 40.381558 ], [ -3.6940674, 40.3822759 ], [ -3.6938813, 40.3824878 ], [ -3.6937618, 40.3826398 ], [ -3.6934819, 40.3829845 ], [ -3.6927228, 40.3838347 ], [ -3.6926362, 40.3839148 ], [ -3.6922542, 40.3842684 ], [ -3.6905345, 40.3830115 ], [ -3.6895732, 40.3821878 ], [ -3.6901529, 40.3816837 ], [ -3.6910258, 40.3809248 ], [ -3.6919534, 40.3801183 ], [ -3.6926684, 40.379029 ], [ -3.6946971, 40.3759381 ], [ -3.6947107, 40.3759173 ], [ -3.6947147, 40.3758956 ], [ -3.6949146, 40.3748139 ], [ -3.694818, 40.373498 ], [ -3.6942816, 40.3687408 ], [ -3.6939598, 40.3645179 ], [ -3.6961026, 40.3645348 ], [ -3.6977591, 40.364391 ], [ -3.6997332, 40.3640444 ], [ -3.7022824, 40.3635866 ], [ -3.7051419, 40.3638385 ] ] ] } },
{ "type": "Feature", "properties": { "neighborhood": "Orcasitas", "admin_level": "10" }, "geometry": { "type": "Polygon", "coordinates": [ [ [ -3.7208913, 40.3655479 ], [ -3.7207166, 40.3664422 ], [ -3.7204373, 40.3678731 ], [ -3.7201936, 40.370691 ], [ -3.7197644, 40.3738093 ], [ -3.719324, 40.3738137 ], [ -3.7144303, 40.3738004 ], [ -3.7123107, 40.3733176 ], [ -3.7034065, 40.3711562 ], [ -3.7051419, 40.3638385 ], [ -3.711698, 40.3641098 ], [ -3.7160496, 40.3645545 ], [ -3.7190862, 40.3649338 ], [ -3.7208913, 40.3655479 ] ] ] } },
{ "type": "Feature", "properties": { "neighborhood": "Pradolongo", "admin_level": "10" }, "geometry": { "type": "Polygon", "coordinates": [ [ [ -3.7123107, 40.3733176 ], [ -3.7122309, 40.3774049 ], [ -3.7116623, 40.3791008 ], [ -3.7112761, 40.3809397 ], [ -3.7112492, 40.3836121 ], [ -3.7113351, 40.384127 ], [ -3.711357, 40.3841912 ], [ -3.7115506, 40.3847595 ], [ -3.7118071, 40.3851668 ], [ -3.7115119, 40.3851655 ], [ -3.7109059, 40.3852384 ], [ -3.7097509, 40.3853958 ], [ -3.706617, 40.3857828 ], [ -3.705747, 40.3858796 ], [ -3.7052078, 40.3831174 ], [ -3.7051942, 40.3830458 ], [ -3.7051855, 40.3829878 ], [ -3.7051604, 40.3829033 ], [ -3.7051192, 40.3826927 ], [ -3.7050942, 40.382565 ], [ -3.7050621, 40.3824011 ], [ -3.7050369, 40.3822662 ], [ -3.7050212, 40.3821822 ], [ -3.7050061, 40.382101 ], [ -3.7049901, 40.3820201 ], [ -3.7049547, 40.3818405 ], [ -3.7049477, 40.3817047 ], [ -3.7049239, 40.381572 ], [ -3.7048961, 40.3814269 ], [ -3.7047833, 40.3802816 ], [ -3.7031098, 40.3810385 ], [ -3.7029439, 40.3808773 ], [ -3.7028024, 40.3807893 ], [ -3.7026824, 40.380689 ], [ -3.7022532, 40.3801959 ], [ -3.7018481, 40.3797963 ], [ -3.7005143, 40.3801827 ], [ -3.700422, 40.3800914 ], [ -3.7003426, 40.3800127 ], [ -3.7003131, 40.3797785 ], [ -3.700304, 40.379676 ], [ -3.7002774, 40.3794439 ], [ -3.7002759, 40.379431 ], [ -3.7001977, 40.3787487 ], [ -3.7001283, 40.3786794 ], [ -3.7000183, 40.3785696 ], [ -3.6999765, 40.3785279 ], [ -3.6999642, 40.3785156 ], [ -3.7003277, 40.3782784 ], [ -3.7010086, 40.377834 ], [ -3.7011376, 40.3776362 ], [ -3.7012077, 40.3775285 ], [ -3.7013106, 40.3773708 ], [ -3.7016098, 40.3769118 ], [ -3.7018605, 40.3765273 ], [ -3.7021995, 40.3760073 ], [ -3.702298, 40.3757465 ], [ -3.7025651, 40.3750391 ], [ -3.7026501, 40.3748139 ], [ -3.7026604, 40.3743194 ], [ -3.7026678, 40.3739652 ], [ -3.7026823, 40.3732732 ], [ -3.7030758, 40.372123 ], [ -3.70332, 40.371409 ], [ -3.7034065, 40.3711562 ], [ -3.7123107, 40.3733176 ] ] ] } },
{ "type": "Feature", "properties": { "neighborhood": "Butarque", "admin_level": "10" }, "geometry": { "type": "Polygon", "coordinates": [ [ [ -3.6926244, 40.3327234 ], [ -3.6909235, 40.33301 ], [ -3.6889816, 40.3335253 ], [ -3.6872757, 40.3344658 ], [ -3.6857629, 40.3356843 ], [ -3.6846471, 40.3370256 ], [ -3.6839175, 40.3388247 ], [ -3.6837459, 40.3407056 ], [ -3.6837517, 40.3421978 ], [ -3.6837888, 40.350796 ], [ -3.6838103, 40.3550312 ], [ -3.6834026, 40.35665 ], [ -3.6824048, 40.3583097 ], [ -3.6809726, 40.3597486 ], [ -3.6806571, 40.3595494 ], [ -3.6792338, 40.3581255 ], [ -3.6785128, 40.3577919 ], [ -3.6778347, 40.3575499 ], [ -3.677397, 40.357151 ], [ -3.6771123, 40.3566378 ], [ -3.6768832, 40.3557292 ], [ -3.6766676, 40.3550021 ], [ -3.6764149, 40.3542448 ], [ -3.6758091, 40.3537694 ], [ -3.674762, 40.3535601 ], [ -3.6741869, 40.3533181 ], [ -3.6738522, 40.3530892 ], [ -3.6736805, 40.3528145 ], [ -3.6736033, 40.3521342 ], [ -3.6734648, 40.3514368 ], [ -3.6732922, 40.3509194 ], [ -3.6729424, 40.3504859 ], [ -3.6725304, 40.3502111 ], [ -3.671921, 40.3499822 ], [ -3.6702559, 40.3495178 ], [ -3.6697973, 40.3492625 ], [ -3.6694765, 40.3489478 ], [ -3.6689939, 40.3474553 ], [ -3.6690074, 40.3468868 ], [ -3.669091, 40.3463332 ], [ -3.6692011, 40.3459511 ], [ -3.6693868, 40.3456349 ], [ -3.6694909, 40.3454514 ], [ -3.6693896, 40.3452304 ], [ -3.6689856, 40.3449649 ], [ -3.6684603, 40.3447916 ], [ -3.668064, 40.344684 ], [ -3.6666031, 40.3443162 ], [ -3.6659048, 40.3441935 ], [ -3.6651575, 40.3440622 ], [ -3.6646597, 40.3438528 ], [ -3.6642957, 40.3434826 ], [ -3.6640331, 40.3427015 ], [ -3.6636898, 40.3422435 ], [ -3.6631577, 40.3412164 ], [ -3.6628401, 40.3391622 ], [ -3.6627199, 40.3388874 ], [ -3.6622307, 40.3385734 ], [ -3.6617983, 40.3382016 ], [ -3.6615612, 40.3379977 ], [ -3.6614239, 40.3375986 ], [ -3.6613981, 40.3370556 ], [ -3.6612093, 40.3363882 ], [ -3.6605484, 40.3354265 ], [ -3.6596386, 40.3346545 ], [ -3.6587803, 40.3337254 ], [ -3.6585228, 40.3332674 ], [ -3.6584627, 40.3324953 ], [ -3.6582567, 40.3316317 ], [ -3.6578771, 40.3310703 ], [ -3.6578393, 40.3305942 ], [ -3.6575851, 40.329972 ], [ -3.6575485, 40.3295966 ], [ -3.6576709, 40.3291678 ], [ -3.6582429, 40.3284389 ], [ -3.6584132, 40.3281993 ], [ -3.6584477, 40.3281702 ], [ -3.6585003, 40.3280482 ], [ -3.6600409, 40.3281208 ], [ -3.660653, 40.3281173 ], [ -3.6612436, 40.3283211 ], [ -3.6620739, 40.3289651 ], [ -3.6628078, 40.3293843 ], [ -3.6635389, 40.3295062 ], [ -3.6662633, 40.3276347 ], [ -3.6669147, 40.3268382 ], [ -3.6676036, 40.3262756 ], [ -3.6686922, 40.3256477 ], [ -3.6693251, 40.3253738 ], [ -3.6704522, 40.325079 ], [ -3.6705027, 40.3251018 ], [ -3.6712799, 40.3254526 ], [ -3.6741729, 40.3263727 ], [ -3.6755623, 40.3264097 ], [ -3.6776977, 40.3268927 ], [ -3.6786042, 40.3269054 ], [ -3.6794496, 40.3266932 ], [ -3.6799413, 40.3264201 ], [ -3.6804063, 40.3258408 ], [ -3.6808916, 40.324937 ], [ -3.6812059, 40.3245838 ], [ -3.6830825, 40.3239151 ], [ -3.6834103, 40.3237329 ], [ -3.6847999, 40.3226346 ], [ -3.6859753, 40.3224745 ], [ -3.6876933, 40.3224283 ], [ -3.6889851, 40.3221323 ], [ -3.6925304, 40.3204011 ], [ -3.6925058, 40.3220942 ], [ -3.6926244, 40.3327234 ] ] ] } },
{ "type": "Feature", "properties": { "neighborhood": "San Cristóbal", "admin_level": "10" }, "geometry": { "type": "Polygon", "coordinates": [ [ [ -3.6930263, 40.3458205 ], [ -3.6874473, 40.3472596 ], [ -3.6860277, 40.3479483 ], [ -3.6849475, 40.3487519 ], [ -3.6847809, 40.3490458 ], [ -3.6837888, 40.350796 ], [ -3.6837517, 40.3421978 ], [ -3.6837459, 40.3407056 ], [ -3.6839175, 40.3388247 ], [ -3.6846471, 40.3370256 ], [ -3.6857629, 40.3356843 ], [ -3.6872757, 40.3344658 ], [ -3.6889816, 40.3335253 ], [ -3.6909235, 40.33301 ], [ -3.6926244, 40.3327234 ], [ -3.6930263, 40.3458205 ] ] ] } },
{ "type": "Feature", "properties": { "neighborhood": "Villaverde Alto, Casco Histórico de Villaverde", "admin_level": "10" }, "geometry": { "type": "Polygon", "coordinates": [ [ [ -3.7251721, 40.3346954 ], [ -3.7208913, 40.3655479 ], [ -3.7190862, 40.3649338 ], [ -3.7160496, 40.3645545 ], [ -3.711698, 40.3641098 ], [ -3.7051419, 40.3638385 ], [ -3.7056863, 40.3614653 ], [ -3.7070704, 40.355996 ], [ -3.7069899, 40.3542218 ], [ -3.7062442, 40.3529627 ], [ -3.6988092, 40.3469203 ], [ -3.6972427, 40.3461353 ], [ -3.6953169, 40.3456815 ], [ -3.6930263, 40.3458205 ], [ -3.6926244, 40.3327234 ], [ -3.6925058, 40.3220942 ], [ -3.6925304, 40.3204011 ], [ -3.6930191, 40.3201949 ], [ -3.6961688, 40.3222778 ], [ -3.6996785, 40.3223949 ], [ -3.7033035, 40.3222046 ], [ -3.7091323, 40.3232735 ], [ -3.7099054, 40.3236727 ], [ -3.7126029, 40.3238633 ], [ -3.7130332, 40.3256085 ], [ -3.7135269, 40.3265662 ], [ -3.713598, 40.3267041 ], [ -3.7148181, 40.3285525 ], [ -3.7161781, 40.3291477 ], [ -3.7201192, 40.3311323 ], [ -3.7227165, 40.3328382 ], [ -3.7235588, 40.3335524 ], [ -3.7251721, 40.3346954 ] ] ] } },
{ "type": "Feature", "properties": { "neighborhood": "Los Rosales", "admin_level": "10" }, "geometry": { "type": "Polygon", "coordinates": [ [ [ -3.6939598, 40.3645179 ], [ -3.6927981, 40.3645087 ], [ -3.6915553, 40.364468 ], [ -3.6903977, 40.3642286 ], [ -3.6886353, 40.3637043 ], [ -3.6830306, 40.3617096 ], [ -3.6819717, 40.3614413 ], [ -3.6814056, 40.3600219 ], [ -3.6809726, 40.3597486 ], [ -3.6824048, 40.3583097 ], [ -3.6834026, 40.35665 ], [ -3.6838103, 40.3550312 ], [ -3.6837888, 40.350796 ], [ -3.6847809, 40.3490458 ], [ -3.6849475, 40.3487519 ], [ -3.6860277, 40.3479483 ], [ -3.6874473, 40.3472596 ], [ -3.6930263, 40.3458205 ], [ -3.6932087, 40.3568953 ], [ -3.6939598, 40.3645179 ] ] ] } },
{ "type": "Feature", "properties": { "neighborhood": "Los Ángeles", "admin_level": "10" }, "geometry": { "type": "Polygon", "coordinates": [ [ [ -3.7051419, 40.3638385 ], [ -3.7022824, 40.3635866 ], [ -3.6997332, 40.3640444 ], [ -3.6977591, 40.364391 ], [ -3.6961026, 40.3645348 ], [ -3.6939598, 40.3645179 ], [ -3.6932087, 40.3568953 ], [ -3.6930263, 40.3458205 ], [ -3.6953169, 40.3456815 ], [ -3.6972427, 40.3461353 ], [ -3.6988092, 40.3469203 ], [ -3.7062442, 40.3529627 ], [ -3.7069899, 40.3542218 ], [ -3.7070704, 40.355996 ], [ -3.7056863, 40.3614653 ], [ -3.7051419, 40.3638385 ] ] ] } },
{ "type": "Feature", "properties": { "neighborhood": "Casco Histórico de Vallecas", "admin_level": "10" }, "geometry": { "type": "Polygon", "coordinates": [ [ [ -3.6819717, 40.3614413 ], [ -3.6802611, 40.3610493 ], [ -3.6780098, 40.360849 ], [ -3.6759885, 40.3608865 ], [ -3.6736576, 40.3610419 ], [ -3.6724493, 40.3612112 ], [ -3.6710336, 40.3614578 ], [ -3.670366, 40.361607 ], [ -3.6695265, 40.3618267 ], [ -3.668916, 40.3620142 ], [ -3.6683199, 40.3622158 ], [ -3.6669234, 40.3628078 ], [ -3.6662021, 40.3631837 ], [ -3.6655406, 40.3635551 ], [ -3.6645215, 40.364148 ], [ -3.6638598, 40.3645376 ], [ -3.6624753, 40.3653357 ], [ -3.6623735, 40.3653929 ], [ -3.6612752, 40.3660362 ], [ -3.6597622, 40.3670846 ], [ -3.6591707, 40.3675043 ], [ -3.6585915, 40.3679193 ], [ -3.6580005, 40.3683268 ], [ -3.6573637, 40.3686749 ], [ -3.6566805, 40.3690183 ], [ -3.6564344, 40.3691371 ], [ -3.6561027, 40.3692981 ], [ -3.6554415, 40.3697022 ], [ -3.6549642, 40.3701011 ], [ -3.6546555, 40.3704874 ], [ -3.6544958, 40.3707609 ], [ -3.6543284, 40.3711603 ], [ -3.6541257, 40.372019 ], [ -3.6539671, 40.3725698 ], [ -3.6537695, 40.373101 ], [ -3.6535058, 40.3738282 ], [ -3.6530796, 40.3749329 ], [ -3.6528809, 40.3752856 ], [ -3.6526476, 40.3756644 ], [ -3.6525097, 40.3758542 ], [ -3.6523877, 40.376021 ], [ -3.6520419, 40.3760423 ], [ -3.6517276, 40.3760611 ], [ -3.6514989, 40.3760791 ], [ -3.6507469, 40.3761736 ], [ -3.6498864, 40.3763064 ], [ -3.6485539, 40.3765302 ], [ -3.6468748, 40.3769344 ], [ -3.6444322, 40.3774964 ], [ -3.6414968, 40.3781456 ], [ -3.6383374, 40.3789142 ], [ -3.6377854, 40.3790413 ], [ -3.6348865, 40.3797425 ], [ -3.6330053, 40.3801567 ], [ -3.6325602, 40.3802552 ], [ -3.6303184, 40.3807491 ], [ -3.6280833, 40.3812305 ], [ -3.6250237, 40.3819264 ], [ -3.6243482, 40.3821059 ], [ -3.6192334, 40.3833138 ], [ -3.6189008, 40.382709 ], [ -3.6173666, 40.3814586 ], [ -3.6183858, 40.3807721 ], [ -3.6175597, 40.3808457 ], [ -3.6173129, 40.3801755 ], [ -3.61727, 40.3794808 ], [ -3.6136437, 40.3792929 ], [ -3.6152852, 40.3750305 ], [ -3.6156721, 40.3740554 ], [ -3.6157251, 40.3729667 ], [ -3.6153066, 40.3720267 ], [ -3.6161327, 40.3715853 ], [ -3.6153495, 40.3705391 ], [ -3.6173987, 40.3697625 ], [ -3.623718, 40.3687081 ], [ -3.6251021, 40.3715445 ], [ -3.6257673, 40.3722311 ], [ -3.6247802, 40.3730648 ], [ -3.6266899, 40.3742255 ], [ -3.6246944, 40.3759419 ], [ -3.6252737, 40.3762116 ], [ -3.626647, 40.3772823 ], [ -3.62993, 40.3771842 ], [ -3.6326552, 40.3753207 ], [ -3.6325366, 40.3712219 ], [ -3.632505, 40.370302 ], [ -3.6135758, 40.3609698 ], [ -3.6124421, 40.3604108 ], [ -3.6090947, 40.3639097 ], [ -3.6036444, 40.361261 ], [ -3.6022165, 40.359688 ], [ -3.601563, 40.3591992 ], [ -3.6006403, 40.3582852 ], [ -3.5984516, 40.3573481 ], [ -3.5946751, 40.3561922 ], [ -3.5921293, 40.3556492 ], [ -3.5923953, 40.3553711 ], [ -3.5925577, 40.3551295 ], [ -3.5925707, 40.3549219 ], [ -3.5925654, 40.3547751 ], [ -3.5925237, 40.3545788 ], [ -3.592461, 40.3544538 ], [ -3.5923486, 40.354316 ], [ -3.5921787, 40.354173 ], [ -3.5919613, 40.3540724 ], [ -3.5916945, 40.3539823 ], [ -3.5891998, 40.3532934 ], [ -3.5881499, 40.3526737 ], [ -3.5857373, 40.3520837 ], [ -3.5838955, 40.3521297 ], [ -3.5802609, 40.3615573 ], [ -3.5813405, 40.3628771 ], [ -3.5792836, 40.3639066 ], [ -3.5767009, 40.3660414 ], [ -3.5749014, 40.3648692 ], [ -3.5717395, 40.3627215 ], [ -3.5707289, 40.362035 ], [ -3.5700186, 40.3615876 ], [ -3.5694264, 40.3613202 ], [ -3.5680037, 40.360786 ], [ -3.5673194, 40.3605435 ], [ -3.5666655, 40.3603136 ], [ -3.5658775, 40.3600408 ], [ -3.5652251, 40.3598622 ], [ -3.5642389, 40.3596412 ], [ -3.5623606, 40.3592499 ], [ -3.5613079, 40.3590414 ], [ -3.559667, 40.358741 ], [ -3.5584831, 40.3584001 ], [ -3.5568103, 40.3579156 ], [ -3.5559816, 40.357638 ], [ -3.5555089, 40.3574545 ], [ -3.5549311, 40.3571418 ], [ -3.5544952, 40.3568447 ], [ -3.5542511, 40.3566543 ], [ -3.5544077, 40.3565689 ], [ -3.554626, 40.3564504 ], [ -3.5553422, 40.3560531 ], [ -3.5570117, 40.3550938 ], [ -3.5569422, 40.3550432 ], [ -3.5564147, 40.3546404 ], [ -3.5560481, 40.3544277 ], [ -3.5556448, 40.354229 ], [ -3.5551224, 40.3540593 ], [ -3.5565667, 40.3531315 ], [ -3.5576838, 40.352669 ], [ -3.5584995, 40.3510813 ], [ -3.55871, 40.3506124 ], [ -3.5587147, 40.3505058 ], [ -3.5587609, 40.3503317 ], [ -3.5589293, 40.3501325 ], [ -3.5593678, 40.3497805 ], [ -3.5604407, 40.3493113 ], [ -3.560534, 40.3493006 ], [ -3.5607359, 40.3491871 ], [ -3.5620641, 40.3472279 ], [ -3.5620755, 40.3470066 ], [ -3.5653315, 40.3444096 ], [ -3.5658426, 40.3437401 ], [ -3.5665004, 40.3430468 ], [ -3.5668502, 40.3426592 ], [ -3.5673167, 40.3421223 ], [ -3.5675033, 40.3418308 ], [ -3.5681526, 40.3410473 ], [ -3.5688608, 40.3405045 ], [ -3.5690894, 40.3402521 ], [ -3.5698078, 40.3393383 ], [ -3.5699384, 40.3390218 ], [ -3.5699851, 40.3386591 ], [ -3.5699571, 40.3382147 ], [ -3.5699944, 40.3376813 ], [ -3.5700472, 40.3375494 ], [ -3.5710067, 40.3361914 ], [ -3.5715569, 40.3352914 ], [ -3.5715944, 40.3351638 ], [ -3.5715338, 40.3349077 ], [ -3.5715198, 40.3347477 ], [ -3.5715478, 40.3345984 ], [ -3.5716784, 40.3344597 ], [ -3.5726487, 40.3337947 ], [ -3.5730478, 40.3334832 ], [ -3.5751024, 40.3320629 ], [ -3.575331, 40.3318318 ], [ -3.5761474, 40.3308681 ], [ -3.5772356, 40.3298799 ], [ -3.5778735, 40.3293632 ], [ -3.5781836, 40.3290082 ], [ -3.578762, 40.3284214 ], [ -3.5794058, 40.3280871 ], [ -3.5796507, 40.3279378 ], [ -3.5797673, 40.3278738 ], [ -3.5798839, 40.3277528 ], [ -3.5803085, 40.3274826 ], [ -3.5813267, 40.3269691 ], [ -3.581554, 40.3268406 ], [ -3.5817691, 40.326687 ], [ -3.5819575, 40.3266041 ], [ -3.5821651, 40.3264406 ], [ -3.582501, 40.3262947 ], [ -3.5826667, 40.3260087 ], [ -3.5826666, 40.3258946 ], [ -3.5827781, 40.3256147 ], [ -3.583128, 40.3250315 ], [ -3.5832878, 40.3247445 ], [ -3.583893, 40.3237227 ], [ -3.5843894, 40.322586 ], [ -3.5844978, 40.3221759 ], [ -3.5850629, 40.3204097 ], [ -3.5850735, 40.3183478 ], [ -3.5838091, 40.3158014 ], [ -3.5823857, 40.3161497 ], [ -3.5818904, 40.3158755 ], [ -3.5804456, 40.315956 ], [ -3.5792622, 40.3158624 ], [ -3.5777969, 40.3146492 ], [ -3.5761354, 40.3148605 ], [ -3.5762155, 40.3145914 ], [ -3.5766286, 40.3142286 ], [ -3.5771677, 40.3139259 ], [ -3.5780236, 40.3136474 ], [ -3.5789642, 40.3134842 ], [ -3.57974, 40.3134721 ], [ -3.5804259, 40.3133794 ], [ -3.5810883, 40.3133465 ], [ -3.5814615, 40.3133299 ], [ -3.5822422, 40.3131416 ], [ -3.582996, 40.3130698 ], [ -3.5833452, 40.3131289 ], [ -3.5837461, 40.3131041 ], [ -3.5848529, 40.3129472 ], [ -3.5851855, 40.3129176 ], [ -3.5862663, 40.3127359 ], [ -3.5881426, 40.3125482 ], [ -3.5901241, 40.3123486 ], [ -3.5908703, 40.3124317 ], [ -3.5913892, 40.3125245 ], [ -3.5932373, 40.3123071 ], [ -3.5939758, 40.3122669 ], [ -3.5945281, 40.3123193 ], [ -3.595425, 40.3122338 ], [ -3.5956664, 40.3122626 ], [ -3.5960463, 40.3121899 ], [ -3.596111, 40.3121687 ], [ -3.5963378, 40.3120946 ], [ -3.5963519, 40.3120959 ], [ -3.597161, 40.3119847 ], [ -3.5986952, 40.3119774 ], [ -3.5993283, 40.3120885 ], [ -3.600002, 40.3121679 ], [ -3.6015866, 40.3122958 ], [ -3.605183, 40.3129378 ], [ -3.6061597, 40.3131121 ], [ -3.6064441, 40.3131629 ], [ -3.6066578, 40.313201 ], [ -3.6070036, 40.3132996 ], [ -3.6071286, 40.3133353 ], [ -3.6074964, 40.3134658 ], [ -3.6075899, 40.313499 ], [ -3.608, 40.3135734 ], [ -3.6092557, 40.3138012 ], [ -3.6094876, 40.3138432 ], [ -3.6110695, 40.3141302 ], [ -3.6117377, 40.314301 ], [ -3.6125064, 40.3145705 ], [ -3.6130862, 40.3149222 ], [ -3.6133616, 40.3150761 ], [ -3.6139999, 40.315499 ], [ -3.6146244, 40.3160692 ], [ -3.6151745, 40.3168247 ], [ -3.6152706, 40.3169566 ], [ -3.615414, 40.3170979 ], [ -3.6154788, 40.3171617 ], [ -3.6157767, 40.3173387 ], [ -3.6158407, 40.3173767 ], [ -3.6180183, 40.3181705 ], [ -3.6188643, 40.3185662 ], [ -3.619569, 40.3187736 ], [ -3.6201873, 40.3188942 ], [ -3.6206644, 40.319008 ], [ -3.6212057, 40.3190984 ], [ -3.6219424, 40.3192034 ], [ -3.6229609, 40.3193987 ], [ -3.6238883, 40.3196604 ], [ -3.6244142, 40.3197797 ], [ -3.6244616, 40.319681 ], [ -3.6249253, 40.318805 ], [ -3.6276565, 40.3196942 ], [ -3.6293758, 40.3203377 ], [ -3.6303086, 40.3207688 ], [ -3.6310204, 40.3210784 ], [ -3.6322816, 40.3218433 ], [ -3.6330661, 40.322508 ], [ -3.6336589, 40.322969 ], [ -3.6350714, 40.3240752 ], [ -3.6349712, 40.3242207 ], [ -3.6359686, 40.3250113 ], [ -3.6366943, 40.3255141 ], [ -3.6379701, 40.326395 ], [ -3.6401925, 40.3277901 ], [ -3.6406696, 40.3280404 ], [ -3.641362, 40.3283167 ], [ -3.6417144, 40.3285096 ], [ -3.6420294, 40.3288207 ], [ -3.6426764, 40.3290915 ], [ -3.6430173, 40.3292718 ], [ -3.6435476, 40.3298509 ], [ -3.6438765, 40.3302805 ], [ -3.6441882, 40.3306103 ], [ -3.6446014, 40.3309204 ], [ -3.6459915, 40.3316505 ], [ -3.6466801, 40.3319532 ], [ -3.6475193, 40.3324415 ], [ -3.6483969, 40.3330275 ], [ -3.6491347, 40.3334125 ], [ -3.6493738, 40.33282 ], [ -3.6495558, 40.3326191 ], [ -3.6497998, 40.3324977 ], [ -3.6499375, 40.3323024 ], [ -3.6502527, 40.3322486 ], [ -3.6512924, 40.3318461 ], [ -3.651885, 40.3315845 ], [ -3.6521412, 40.3313233 ], [ -3.6523218, 40.3309909 ], [ -3.6527113, 40.3312878 ], [ -3.6529522, 40.3314058 ], [ -3.6534452, 40.3309874 ], [ -3.6539706, 40.3306041 ], [ -3.6547089, 40.3302092 ], [ -3.657027, 40.3289696 ], [ -3.6582429, 40.3284389 ], [ -3.6576709, 40.3291678 ], [ -3.6575485, 40.3295966 ], [ -3.6575851, 40.329972 ], [ -3.6578393, 40.3305942 ], [ -3.6578771, 40.3310703 ], [ -3.6582567, 40.3316317 ], [ -3.6584627, 40.3324953 ], [ -3.6585228, 40.3332674 ], [ -3.6587803, 40.3337254 ], [ -3.6596386, 40.3346545 ], [ -3.6605484, 40.3354265 ], [ -3.6612093, 40.3363882 ], [ -3.6613981, 40.3370556 ], [ -3.6614239, 40.3375986 ], [ -3.6615612, 40.3379977 ], [ -3.6617983, 40.3382016 ], [ -3.6622307, 40.3385734 ], [ -3.6627199, 40.3388874 ], [ -3.6628401, 40.3391622 ], [ -3.6631577, 40.3412164 ], [ -3.6636898, 40.3422435 ], [ -3.6640331, 40.3427015 ], [ -3.6642957, 40.3434826 ], [ -3.6646597, 40.3438528 ], [ -3.6651575, 40.3440622 ], [ -3.6659048, 40.3441935 ], [ -3.6666031, 40.3443162 ], [ -3.668064, 40.344684 ], [ -3.6684603, 40.3447916 ], [ -3.6689856, 40.3449649 ], [ -3.6693896, 40.3452304 ], [ -3.6694909, 40.3454514 ], [ -3.6693868, 40.3456349 ], [ -3.6692011, 40.3459511 ], [ -3.669091, 40.3463332 ], [ -3.6690074, 40.3468868 ], [ -3.6689939, 40.3474553 ], [ -3.6694765, 40.3489478 ], [ -3.6697973, 40.3492625 ], [ -3.6702559, 40.3495178 ], [ -3.671921, 40.3499822 ], [ -3.6725304, 40.3502111 ], [ -3.6729424, 40.3504859 ], [ -3.6732922, 40.3509194 ], [ -3.6734648, 40.3514368 ], [ -3.6736033, 40.3521342 ], [ -3.6736805, 40.3528145 ], [ -3.6738522, 40.3530892 ], [ -3.6741869, 40.3533181 ], [ -3.674762, 40.3535601 ], [ -3.6758091, 40.3537694 ], [ -3.6764149, 40.3542448 ], [ -3.6766676, 40.3550021 ], [ -3.6768832, 40.3557292 ], [ -3.6771123, 40.3566378 ], [ -3.677397, 40.357151 ], [ -3.6778347, 40.3575499 ], [ -3.6785128, 40.3577919 ], [ -3.6792338, 40.3581255 ], [ -3.6806571, 40.3595494 ], [ -3.6809726, 40.3597486 ], [ -3.6814056, 40.3600219 ], [ -3.6819717, 40.3614413 ] ] ] } },
{ "type": "Feature", "properties": { "neighborhood": "Ensanche de Vallecas", "admin_level": "10" }, "geometry": { "type": "Polygon", "coordinates": [ [ [ -3.6136437, 40.3792929 ], [ -3.6116266, 40.379064 ], [ -3.6034727, 40.3759255 ], [ -3.6027849, 40.3761815 ], [ -3.602534, 40.3762423 ], [ -3.6023079, 40.376269 ], [ -3.6021024, 40.3762857 ], [ -3.6018282, 40.3762988 ], [ -3.6015677, 40.3763587 ], [ -3.6011318, 40.3765153 ], [ -3.6006914, 40.3767349 ], [ -3.6004078, 40.3762797 ], [ -3.6000067, 40.3755882 ], [ -3.5995078, 40.3749846 ], [ -3.5990238, 40.374564 ], [ -3.5983677, 40.3741465 ], [ -3.5978237, 40.3738997 ], [ -3.596852, 40.3734115 ], [ -3.5948048, 40.3724325 ], [ -3.5908695, 40.3705184 ], [ -3.5896785, 40.3698631 ], [ -3.5866341, 40.368234 ], [ -3.5855166, 40.3676663 ], [ -3.584821, 40.3674031 ], [ -3.583792, 40.3671657 ], [ -3.5826739, 40.3670872 ], [ -3.5808583, 40.3670404 ], [ -3.5797665, 40.3669641 ], [ -3.5789908, 40.3669149 ], [ -3.5785433, 40.366815 ], [ -3.5778552, 40.366615 ], [ -3.5772959, 40.3663612 ], [ -3.5767009, 40.3660414 ], [ -3.5792836, 40.3639066 ], [ -3.5813405, 40.3628771 ], [ -3.5802609, 40.3615573 ], [ -3.5838955, 40.3521297 ], [ -3.5857373, 40.3520837 ], [ -3.5881499, 40.3526737 ], [ -3.5891998, 40.3532934 ], [ -3.5916945, 40.3539823 ], [ -3.5919613, 40.3540724 ], [ -3.5921787, 40.354173 ], [ -3.5923486, 40.354316 ], [ -3.592461, 40.3544538 ], [ -3.5925237, 40.3545788 ], [ -3.5925654, 40.3547751 ], [ -3.5925707, 40.3549219 ], [ -3.5925577, 40.3551295 ], [ -3.5923953, 40.3553711 ], [ -3.5921293, 40.3556492 ], [ -3.5946751, 40.3561922 ], [ -3.5984516, 40.3573481 ], [ -3.6006403, 40.3582852 ], [ -3.601563, 40.3591992 ], [ -3.6022165, 40.359688 ], [ -3.6036444, 40.361261 ], [ -3.6090947, 40.3639097 ], [ -3.6124421, 40.3604108 ], [ -3.6135758, 40.3609698 ], [ -3.632505, 40.370302 ], [ -3.6325366, 40.3712219 ], [ -3.6326552, 40.3753207 ], [ -3.62993, 40.3771842 ], [ -3.626647, 40.3772823 ], [ -3.6252737, 40.3762116 ], [ -3.6246944, 40.3759419 ], [ -3.6266899, 40.3742255 ], [ -3.6247802, 40.3730648 ], [ -3.6257673, 40.3722311 ], [ -3.6251021, 40.3715445 ], [ -3.623718, 40.3687081 ], [ -3.6173987, 40.3697625 ], [ -3.6153495, 40.3705391 ], [ -3.6161327, 40.3715853 ], [ -3.6153066, 40.3720267 ], [ -3.6157251, 40.3729667 ], [ -3.6156721, 40.3740554 ], [ -3.6152852, 40.3750305 ], [ -3.6136437, 40.3792929 ] ] ] } },
{ "type": "Feature", "properties": { "neighborhood": "Santa Eugenia", "admin_level": "10" }, "geometry": { "type": "Polygon", "coordinates": [ [ [ -3.6243482, 40.3821059 ], [ -3.6249594, 40.382752 ], [ -3.6251082, 40.3829829 ], [ -3.6251954, 40.383226 ], [ -3.6251069, 40.3834936 ], [ -3.6250774, 40.3836632 ], [ -3.6247019, 40.3841903 ], [ -3.6244582, 40.3847307 ], [ -3.6222949, 40.3897505 ], [ -3.6222112, 40.3899963 ], [ -3.6218678, 40.3908009 ], [ -3.6142761, 40.3891742 ], [ -3.6120581, 40.3887008 ], [ -3.6108968, 40.3884283 ], [ -3.609913, 40.3881116 ], [ -3.6089741, 40.3877287 ], [ -3.6086797, 40.3875792 ], [ -3.6078094, 40.3871374 ], [ -3.6069854, 40.3866332 ], [ -3.606444, 40.3862295 ], [ -3.6058905, 40.3864647 ], [ -3.6056508, 40.3863588 ], [ -3.6055041, 40.386294 ], [ -3.605291, 40.386092 ], [ -3.60524, 40.3860886 ], [ -3.6051862, 40.386085 ], [ -3.6050557, 40.3861895 ], [ -3.604755, 40.3863436 ], [ -3.604199, 40.3865872 ], [ -3.6039815, 40.3866522 ], [ -3.6037496, 40.3866683 ], [ -3.6034142, 40.3866496 ], [ -3.6032828, 40.386598 ], [ -3.6031482, 40.3865451 ], [ -3.6025491, 40.3862237 ], [ -3.602183, 40.3859703 ], [ -3.6019829, 40.3856094 ], [ -3.6016479, 40.384917 ], [ -3.6014778, 40.384557 ], [ -3.6012981, 40.383898 ], [ -3.6013729, 40.3836287 ], [ -3.6013891, 40.3833254 ], [ -3.6013392, 40.3830885 ], [ -3.6012453, 40.3828955 ], [ -3.601093, 40.3826911 ], [ -3.600678, 40.3824145 ], [ -3.6003785, 40.3822768 ], [ -3.6001738, 40.3822482 ], [ -3.5996204, 40.3822482 ], [ -3.5993878, 40.3820407 ], [ -3.5989682, 40.3813499 ], [ -3.5987736, 40.381032 ], [ -3.5981413, 40.3799991 ], [ -3.5978937, 40.3796039 ], [ -3.5981347, 40.3794588 ], [ -3.598339, 40.3793261 ], [ -3.5986696, 40.3791292 ], [ -3.598886, 40.3789735 ], [ -3.5990062, 40.3788499 ], [ -3.5991925, 40.3786301 ], [ -3.5993067, 40.3784287 ], [ -3.5993397, 40.3783518 ], [ -3.5994089, 40.3781906 ], [ -3.599505, 40.3779846 ], [ -3.5996574, 40.3778639 ], [ -3.5998603, 40.3778448 ], [ -3.6000093, 40.3776393 ], [ -3.6000141, 40.3773221 ], [ -3.60017, 40.3771115 ], [ -3.6006914, 40.3767349 ], [ -3.6011318, 40.3765153 ], [ -3.6015677, 40.3763587 ], [ -3.6018282, 40.3762988 ], [ -3.6021024, 40.3762857 ], [ -3.6023079, 40.376269 ], [ -3.602534, 40.3762423 ], [ -3.6027849, 40.3761815 ], [ -3.6034727, 40.3759255 ], [ -3.6116266, 40.379064 ], [ -3.6136437, 40.3792929 ], [ -3.61727, 40.3794808 ], [ -3.6173129, 40.3801755 ], [ -3.6175597, 40.3808457 ], [ -3.6183858, 40.3807721 ], [ -3.6173666, 40.3814586 ], [ -3.6189008, 40.382709 ], [ -3.6192334, 40.3833138 ], [ -3.6243482, 40.3821059 ] ] ] } },
{ "type": "Feature", "properties": { "neighborhood": "Palomeras Sureste", "admin_level": "10" }, "geometry": { "type": "Polygon", "coordinates": [ [ [ -3.6547101, 40.3760307 ], [ -3.6544801, 40.3764337 ], [ -3.6539562, 40.3765316 ], [ -3.6535185, 40.3767375 ], [ -3.6531475, 40.3771042 ], [ -3.6528874, 40.3775319 ], [ -3.6528912, 40.378367 ], [ -3.6528827, 40.3814611 ], [ -3.6518437, 40.3816221 ], [ -3.6508352, 40.3819327 ], [ -3.6498374, 40.3823903 ], [ -3.6489308, 40.3829542 ], [ -3.6481261, 40.3836571 ], [ -3.6459365, 40.3865426 ], [ -3.6450958, 40.3876505 ], [ -3.6439668, 40.3891382 ], [ -3.6404443, 40.3937799 ], [ -3.640024, 40.3947955 ], [ -3.6383015, 40.3944344 ], [ -3.6365763, 40.3940382 ], [ -3.6348167, 40.393677 ], [ -3.6322408, 40.3931116 ], [ -3.6297953, 40.3925626 ], [ -3.6290194, 40.3923971 ], [ -3.6282116, 40.3922206 ], [ -3.6261256, 40.3916954 ], [ -3.6242349, 40.391324 ], [ -3.6229234, 40.3910663 ], [ -3.6218678, 40.3908009 ], [ -3.6222112, 40.3899963 ], [ -3.6222949, 40.3897505 ], [ -3.6244582, 40.3847307 ], [ -3.6247019, 40.3841903 ], [ -3.6250774, 40.3836632 ], [ -3.6251069, 40.3834936 ], [ -3.6251954, 40.383226 ], [ -3.6251082, 40.3829829 ], [ -3.6249594, 40.382752 ], [ -3.6243482, 40.3821059 ], [ -3.6250237, 40.3819264 ], [ -3.6280833, 40.3812305 ], [ -3.6303184, 40.3807491 ], [ -3.6325602, 40.3802552 ], [ -3.6330053, 40.3801567 ], [ -3.6348865, 40.3797425 ], [ -3.6377854, 40.3790413 ], [ -3.6383374, 40.3789142 ], [ -3.6414968, 40.3781456 ], [ -3.6444322, 40.3774964 ], [ -3.6468748, 40.3769344 ], [ -3.6485539, 40.3765302 ], [ -3.6498864, 40.3763064 ], [ -3.6507469, 40.3761736 ], [ -3.6514989, 40.3760791 ], [ -3.6517276, 40.3760611 ], [ -3.6520419, 40.3760423 ], [ -3.6523877, 40.376021 ], [ -3.6527813, 40.3760124 ], [ -3.6531263, 40.3760078 ], [ -3.6534961, 40.376006 ], [ -3.6538042, 40.3760078 ], [ -3.6541813, 40.3760166 ], [ -3.6543925, 40.3760228 ], [ -3.6547101, 40.3760307 ] ] ] } },
{ "type": "Feature", "properties": { "neighborhood": "Portazgo", "admin_level": "10" }, "geometry": { "type": "Polygon", "coordinates": [ [ [ -3.6540524, 40.3915772 ], [ -3.6539761, 40.3924271 ], [ -3.6538172, 40.3932479 ], [ -3.6534198, 40.3938871 ], [ -3.6527712, 40.3945457 ], [ -3.6514047, 40.3956456 ], [ -3.6470244, 40.3985277 ], [ -3.6465186, 40.398063 ], [ -3.6460239, 40.3976226 ], [ -3.645094, 40.3968112 ], [ -3.6446319, 40.3964362 ], [ -3.6438943, 40.3959748 ], [ -3.6432396, 40.3956713 ], [ -3.6426997, 40.3954625 ], [ -3.6418183, 40.3952065 ], [ -3.640024, 40.3947955 ], [ -3.6404443, 40.3937799 ], [ -3.6439668, 40.3891382 ], [ -3.6450958, 40.3876505 ], [ -3.6459365, 40.3865426 ], [ -3.6481261, 40.3836571 ], [ -3.6489308, 40.3829542 ], [ -3.6498374, 40.3823903 ], [ -3.6508352, 40.3819327 ], [ -3.6518437, 40.3816221 ], [ -3.6528827, 40.3814611 ], [ -3.6531141, 40.3840816 ], [ -3.6531096, 40.3862788 ], [ -3.6529116, 40.3892071 ], [ -3.6537401, 40.391538 ], [ -3.6540524, 40.3915772 ] ] ] } },
{ "type": "Feature", "properties": { "neighborhood": "Amposta", "admin_level": "10" }, "geometry": { "type": "Polygon", "coordinates": [ [ [ -3.6284151, 40.424484 ], [ -3.6257029, 40.4264668 ], [ -3.6252254, 40.4257971 ], [ -3.6244583, 40.4261483 ], [ -3.6227524, 40.4279655 ], [ -3.6204243, 40.4290476 ], [ -3.6156339, 40.4295499 ], [ -3.6150813, 40.4280063 ], [ -3.6167014, 40.4274387 ], [ -3.618021, 40.4269201 ], [ -3.6207998, 40.4253561 ], [ -3.6204082, 40.4247374 ], [ -3.6211807, 40.4244104 ], [ -3.626603, 40.4221147 ], [ -3.6266266, 40.4221474 ], [ -3.6270649, 40.4227556 ], [ -3.6273019, 40.4230856 ], [ -3.6274345, 40.4232672 ], [ -3.6275893, 40.4234585 ], [ -3.6278846, 40.4238259 ], [ -3.6280802, 40.4240675 ], [ -3.6284151, 40.424484 ] ] ] } },
{ "type": "Feature", "properties": { "neighborhood": "Rosas", "admin_level": "10" }, "geometry": { "type": "Polygon", "coordinates": [ [ [ -3.6122101, 40.4346683 ], [ -3.6098637, 40.4351906 ], [ -3.6058042, 40.4371067 ], [ -3.6052478, 40.4362452 ], [ -3.6048744, 40.4365444 ], [ -3.6027704, 40.4390332 ], [ -3.6022419, 40.4401288 ], [ -3.602381, 40.4412033 ], [ -3.6056007, 40.447173 ], [ -3.6051348, 40.4479536 ], [ -3.6058094, 40.4497346 ], [ -3.6049069, 40.44973 ], [ -3.6047059, 40.44978 ], [ -3.6041766, 40.4498304 ], [ -3.6034089, 40.4498768 ], [ -3.602981, 40.448443 ], [ -3.6026232, 40.4478198 ], [ -3.6019306, 40.4470408 ], [ -3.5980681, 40.4445143 ], [ -3.5963168, 40.4433927 ], [ -3.5953554, 40.4429536 ], [ -3.5943781, 40.4427062 ], [ -3.5922558, 40.4425582 ], [ -3.5797662, 40.4412456 ], [ -3.5777216, 40.4403141 ], [ -3.5749678, 40.4388851 ], [ -3.57373, 40.4385992 ], [ -3.5645542, 40.4381211 ], [ -3.5634563, 40.4379303 ], [ -3.5640591, 40.4379132 ], [ -3.5647983, 40.4378302 ], [ -3.5652917, 40.4377534 ], [ -3.5656985, 40.4376438 ], [ -3.5663944, 40.4374094 ], [ -3.5669618, 40.4371325 ], [ -3.567237, 40.4369701 ], [ -3.5675819, 40.4367589 ], [ -3.567916, 40.436511 ], [ -3.5685469, 40.4362065 ], [ -3.5737954, 40.4376687 ], [ -3.5759427, 40.4367378 ], [ -3.575321, 40.4353953 ], [ -3.5751024, 40.434238 ], [ -3.5751023, 40.4340949 ], [ -3.5791191, 40.4336262 ], [ -3.5791282, 40.4331366 ], [ -3.5772521, 40.4305133 ], [ -3.5770681, 40.4301555 ], [ -3.5769723, 40.4298297 ], [ -3.5763172, 40.4296774 ], [ -3.5764215, 40.4291338 ], [ -3.5764949, 40.4288222 ], [ -3.5765662, 40.4286045 ], [ -3.5770374, 40.4272824 ], [ -3.5774816, 40.4260143 ], [ -3.5778438, 40.4253872 ], [ -3.5783122, 40.4248148 ], [ -3.579396, 40.4236504 ], [ -3.5805545, 40.421988 ], [ -3.5814174, 40.4205079 ], [ -3.5822059, 40.4192641 ], [ -3.5827369, 40.4179059 ], [ -3.5828478, 40.4164872 ], [ -3.5831029, 40.4153682 ], [ -3.5880205, 40.4084921 ], [ -3.5881868, 40.4083105 ], [ -3.5918573, 40.4095055 ], [ -3.5957969, 40.4105617 ], [ -3.5997517, 40.4113775 ], [ -3.6042868, 40.4120655 ], [ -3.6074224, 40.4125408 ], [ -3.6102167, 40.4131965 ], [ -3.610624, 40.4162928 ], [ -3.6108157, 40.4179644 ], [ -3.6115883, 40.4249424 ], [ -3.6109485, 40.4289445 ], [ -3.6122101, 40.4346683 ] ] ] } },
{ "type": "Feature", "properties": { "neighborhood": "Arcos", "admin_level": "10" }, "geometry": { "type": "Polygon", "coordinates": [ [ [ -3.626603, 40.4221147 ], [ -3.6211807, 40.4244104 ], [ -3.6204082, 40.4247374 ], [ -3.6207998, 40.4253561 ], [ -3.618021, 40.4269201 ], [ -3.6167014, 40.4274387 ], [ -3.6150813, 40.4280063 ], [ -3.6132712, 40.4278805 ], [ -3.6124645, 40.427494 ], [ -3.6109485, 40.4289445 ], [ -3.6115883, 40.4249424 ], [ -3.6108157, 40.4179644 ], [ -3.6174951, 40.4155904 ], [ -3.6183947, 40.4151121 ], [ -3.6186749, 40.4149501 ], [ -3.6189427, 40.414743 ], [ -3.6194003, 40.4143313 ], [ -3.6196496, 40.4141046 ], [ -3.6201825, 40.4133659 ], [ -3.6203687, 40.4130837 ], [ -3.6207898, 40.4137989 ], [ -3.6211408, 40.4143962 ], [ -3.6213658, 40.4147782 ], [ -3.6214716, 40.4149332 ], [ -3.6216641, 40.4152095 ], [ -3.6219036, 40.4155412 ], [ -3.6221075, 40.4158488 ], [ -3.6222866, 40.4160921 ], [ -3.622476, 40.4163617 ], [ -3.6227026, 40.416687 ], [ -3.6230845, 40.4172061 ], [ -3.6233364, 40.4175409 ], [ -3.6235971, 40.4178871 ], [ -3.6238541, 40.4182301 ], [ -3.6239547, 40.4183987 ], [ -3.6240977, 40.4186372 ], [ -3.6241488, 40.4187213 ], [ -3.624284, 40.4189233 ], [ -3.6244636, 40.4191583 ], [ -3.6245411, 40.4192722 ], [ -3.6247238, 40.4195257 ], [ -3.6253178, 40.420332 ], [ -3.6260409, 40.4213348 ], [ -3.6262397, 40.4216098 ], [ -3.626603, 40.4221147 ] ] ] } },
{ "type": "Feature", "properties": { "neighborhood": "Rejas", "admin_level": "10" }, "geometry": { "type": "Polygon", "coordinates": [ [ [ -3.6034089, 40.4498768 ], [ -3.601358, 40.450089 ], [ -3.6007261, 40.4501407 ], [ -3.6001163, 40.4501794 ], [ -3.5996419, 40.4501581 ], [ -3.5986642, 40.4501523 ], [ -3.5971869, 40.4501164 ], [ -3.5938775, 40.4500992 ], [ -3.5906745, 40.4500367 ], [ -3.5895702, 40.4500293 ], [ -3.5880897, 40.4500162 ], [ -3.5831766, 40.4499497 ], [ -3.5820965, 40.4499231 ], [ -3.5801344, 40.4499046 ], [ -3.5728982, 40.449776 ], [ -3.5711872, 40.4497698 ], [ -3.5689768, 40.4497293 ], [ -3.5584693, 40.4494863 ], [ -3.5558127, 40.449343 ], [ -3.5541549, 40.4491873 ], [ -3.5482769, 40.4485269 ], [ -3.5449286, 40.44815 ], [ -3.5381946, 40.4472559 ], [ -3.5374735, 40.4471601 ], [ -3.5368645, 40.4470204 ], [ -3.5362829, 40.4468672 ], [ -3.5354923, 40.4466175 ], [ -3.5354915, 40.4464812 ], [ -3.5350732, 40.4452136 ], [ -3.5349878, 40.4449547 ], [ -3.5351212, 40.4448993 ], [ -3.5355779, 40.4447056 ], [ -3.5369664, 40.4448551 ], [ -3.5383979, 40.4450117 ], [ -3.5379348, 40.4442496 ], [ -3.5409725, 40.4445887 ], [ -3.5410509, 40.4441778 ], [ -3.5411397, 40.4439858 ], [ -3.5413259, 40.4437878 ], [ -3.541612, 40.443654 ], [ -3.5452275, 40.4427029 ], [ -3.5477766, 40.442486 ], [ -3.5491391, 40.4422616 ], [ -3.5501748, 40.442049 ], [ -3.5508387, 40.4419175 ], [ -3.5512538, 40.4418076 ], [ -3.5515565, 40.4417415 ], [ -3.5519567, 40.4416335 ], [ -3.5526167, 40.4414362 ], [ -3.5531543, 40.4412444 ], [ -3.554005, 40.4408922 ], [ -3.5592782, 40.4384338 ], [ -3.5597851, 40.4382299 ], [ -3.5599613, 40.4381715 ], [ -3.5603405, 40.4380742 ], [ -3.5605991, 40.4380311 ], [ -3.5611712, 40.4379407 ], [ -3.5634563, 40.4379303 ], [ -3.5645542, 40.4381211 ], [ -3.57373, 40.4385992 ], [ -3.5749678, 40.4388851 ], [ -3.5777216, 40.4403141 ], [ -3.5797662, 40.4412456 ], [ -3.5922558, 40.4425582 ], [ -3.5943781, 40.4427062 ], [ -3.5953554, 40.4429536 ], [ -3.5963168, 40.4433927 ], [ -3.5980681, 40.4445143 ], [ -3.6019306, 40.4470408 ], [ -3.6026232, 40.4478198 ], [ -3.602981, 40.448443 ], [ -3.6034089, 40.4498768 ] ] ] } },
{ "type": "Feature", "properties": { "neighborhood": "Canillejas", "admin_level": "10" }, "geometry": { "type": "Polygon", "coordinates": [ [ [ -3.6199969, 40.4496976 ], [ -3.6182728, 40.4497081 ], [ -3.6165538, 40.44973 ], [ -3.6150869, 40.4497402 ], [ -3.6139806, 40.4497362 ], [ -3.6115536, 40.4497146 ], [ -3.6096933, 40.4497378 ], [ -3.6082179, 40.4497549 ], [ -3.6077613, 40.4497511 ], [ -3.6058094, 40.4497346 ], [ -3.6051348, 40.4479536 ], [ -3.6056007, 40.447173 ], [ -3.602381, 40.4412033 ], [ -3.6022419, 40.4401288 ], [ -3.6027704, 40.4390332 ], [ -3.6048744, 40.4365444 ], [ -3.6052478, 40.4362452 ], [ -3.6058042, 40.4371067 ], [ -3.6098637, 40.4351906 ], [ -3.6122101, 40.4346683 ], [ -3.6123393, 40.4355082 ], [ -3.6165605, 40.4430503 ], [ -3.6167089, 40.4437186 ], [ -3.6162311, 40.4442438 ], [ -3.6179896, 40.4449811 ], [ -3.618474, 40.4461881 ], [ -3.6192172, 40.4469506 ], [ -3.6195756, 40.447804 ], [ -3.6199969, 40.4496976 ] ] ] } },
{ "type": "Feature", "properties": { "neighborhood": "Simancas", "admin_level": "10" }, "geometry": { "type": "Polygon", "coordinates": [ [ [ -3.6380335, 40.437888 ], [ -3.6354363, 40.4385352 ], [ -3.6235969, 40.4418538 ], [ -3.6167089, 40.4437186 ], [ -3.6165605, 40.4430503 ], [ -3.6123393, 40.4355082 ], [ -3.6122101, 40.4346683 ], [ -3.6157608, 40.4338779 ], [ -3.6194604, 40.4337932 ], [ -3.6204653, 40.4335364 ], [ -3.6216243, 40.4330665 ], [ -3.622548, 40.4294738 ], [ -3.6229374, 40.4286692 ], [ -3.6236815, 40.4279387 ], [ -3.6256325, 40.4265205 ], [ -3.6257029, 40.4264668 ], [ -3.6284151, 40.424484 ], [ -3.6286216, 40.4247968 ], [ -3.6288255, 40.4251076 ], [ -3.6290536, 40.4254542 ], [ -3.6292342, 40.4257307 ], [ -3.6294149, 40.4260065 ], [ -3.6294934, 40.426125 ], [ -3.6295331, 40.4261849 ], [ -3.6295582, 40.4262172 ], [ -3.6297137, 40.4264166 ], [ -3.6298939, 40.4266536 ], [ -3.6300199, 40.4268147 ], [ -3.6304746, 40.4274451 ], [ -3.6316023, 40.4290159 ], [ -3.6320121, 40.4295779 ], [ -3.6323156, 40.4299951 ], [ -3.6324059, 40.4301193 ], [ -3.632616, 40.4304081 ], [ -3.6330395, 40.4309888 ], [ -3.6336635, 40.4318635 ], [ -3.6338459, 40.4321194 ], [ -3.6341256, 40.4325017 ], [ -3.6342851, 40.4327193 ], [ -3.6344276, 40.4329155 ], [ -3.6344506, 40.4329472 ], [ -3.6344825, 40.4329917 ], [ -3.635032, 40.4337573 ], [ -3.6351723, 40.4339525 ], [ -3.6352526, 40.4340593 ], [ -3.635695, 40.4346484 ], [ -3.635703, 40.4346591 ], [ -3.6359662, 40.435023 ], [ -3.6362325, 40.4353923 ], [ -3.6365208, 40.4357926 ], [ -3.6367671, 40.4361345 ], [ -3.6374251, 40.4370431 ], [ -3.6379957, 40.4378328 ], [ -3.6380335, 40.437888 ] ] ] } },
{ "type": "Feature", "properties": { "neighborhood": "Hellín", "admin_level": "10" }, "geometry": { "type": "Polygon", "coordinates": [ [ [ -3.6257029, 40.4264668 ], [ -3.6256325, 40.4265205 ], [ -3.6236815, 40.4279387 ], [ -3.6229374, 40.4286692 ], [ -3.622548, 40.4294738 ], [ -3.6216243, 40.4330665 ], [ -3.6204653, 40.4335364 ], [ -3.6194604, 40.4337932 ], [ -3.6157608, 40.4338779 ], [ -3.6122101, 40.4346683 ], [ -3.6109485, 40.4289445 ], [ -3.6124645, 40.427494 ], [ -3.6132712, 40.4278805 ], [ -3.6150813, 40.4280063 ], [ -3.6156339, 40.4295499 ], [ -3.6204243, 40.4290476 ], [ -3.6227524, 40.4279655 ], [ -3.6244583, 40.4261483 ], [ -3.6252254, 40.4257971 ], [ -3.6257029, 40.4264668 ] ] ] } },
{ "type": "Feature", "properties": { "neighborhood": "Salvador", "admin_level": "10" }, "geometry": { "type": "Polygon", "coordinates": [ [ [ -3.6480467, 40.4494606 ], [ -3.6477775, 40.4494723 ], [ -3.647011, 40.4496789 ], [ -3.6469126, 40.4496775 ], [ -3.6463474, 40.4497153 ], [ -3.6459914, 40.4497237 ], [ -3.6445348, 40.4495616 ], [ -3.638787, 40.4486507 ], [ -3.6382745, 40.4485842 ], [ -3.6376991, 40.4485489 ], [ -3.6369955, 40.4485438 ], [ -3.6362445, 40.4485532 ], [ -3.6355456, 40.4486157 ], [ -3.6347895, 40.4487455 ], [ -3.6337177, 40.4489127 ], [ -3.6330855, 40.4490591 ], [ -3.6320204, 40.4492028 ], [ -3.6312543, 40.4492962 ], [ -3.6305319, 40.44936 ], [ -3.6297996, 40.4494208 ], [ -3.6276959, 40.4495039 ], [ -3.6262807, 40.4495643 ], [ -3.6244114, 40.4495989 ], [ -3.6225871, 40.4496237 ], [ -3.620948, 40.4496654 ], [ -3.6199969, 40.4496976 ], [ -3.6195756, 40.447804 ], [ -3.6192172, 40.4469506 ], [ -3.618474, 40.4461881 ], [ -3.6179896, 40.4449811 ], [ -3.6162311, 40.4442438 ], [ -3.6167089, 40.4437186 ], [ -3.6235969, 40.4418538 ], [ -3.6354363, 40.4385352 ], [ -3.6354444, 40.4385465 ], [ -3.6383585, 40.4425804 ], [ -3.6390967, 40.4436023 ], [ -3.639487, 40.4440107 ], [ -3.6400074, 40.4444748 ], [ -3.6404709, 40.4447904 ], [ -3.6449088, 40.4469362 ], [ -3.646504, 40.4477234 ], [ -3.6475529, 40.4486886 ], [ -3.6480467, 40.4494606 ] ] ] } },
{ "type": "Feature", "properties": { "neighborhood": "Casco Histórico de Vicálvaro", "admin_level": "10" }, "geometry": { "type": "Polygon", "coordinates": [ [ [ -3.6239317, 40.406153 ], [ -3.6204572, 40.4129025 ], [ -3.6203687, 40.4130837 ], [ -3.6201825, 40.4133659 ], [ -3.6196496, 40.4141046 ], [ -3.6194003, 40.4143313 ], [ -3.6189427, 40.414743 ], [ -3.6186749, 40.4149501 ], [ -3.6183947, 40.4151121 ], [ -3.6174951, 40.4155904 ], [ -3.6108157, 40.4179644 ], [ -3.610624, 40.4162928 ], [ -3.6102167, 40.4131965 ], [ -3.6074224, 40.4125408 ], [ -3.6042868, 40.4120655 ], [ -3.5997517, 40.4113775 ], [ -3.5957969, 40.4105617 ], [ -3.5918573, 40.4095055 ], [ -3.5881868, 40.4083105 ], [ -3.5880205, 40.4084921 ], [ -3.5831029, 40.4153682 ], [ -3.5828478, 40.4164872 ], [ -3.5827369, 40.4179059 ], [ -3.5822059, 40.4192641 ], [ -3.5814174, 40.4205079 ], [ -3.5805545, 40.421988 ], [ -3.579396, 40.4236504 ], [ -3.5783122, 40.4248148 ], [ -3.5778438, 40.4253872 ], [ -3.5774816, 40.4260143 ], [ -3.5752486, 40.4255792 ], [ -3.5762213, 40.4239369 ], [ -3.576464, 40.4234434 ], [ -3.5766543, 40.4228771 ], [ -3.5768344, 40.4219803 ], [ -3.5772596, 40.4210852 ], [ -3.5776413, 40.4202532 ], [ -3.5782898, 40.4192599 ], [ -3.5787861, 40.4182984 ], [ -3.5795288, 40.4173378 ], [ -3.5792704, 40.4169594 ], [ -3.5788215, 40.4163017 ], [ -3.5786134, 40.4159969 ], [ -3.5780538, 40.414988 ], [ -3.5781847, 40.4148425 ], [ -3.577537, 40.4136194 ], [ -3.5762686, 40.4131131 ], [ -3.5856466, 40.4073345 ], [ -3.557619, 40.3943001 ], [ -3.5558451, 40.393654 ], [ -3.5535461, 40.3931144 ], [ -3.5511163, 40.3928309 ], [ -3.5490223, 40.392872 ], [ -3.5472975, 40.3930677 ], [ -3.5425984, 40.3938622 ], [ -3.533639, 40.3916247 ], [ -3.5368418, 40.3896045 ], [ -3.5377576, 40.389004 ], [ -3.5381342, 40.3887421 ], [ -3.538621, 40.3883941 ], [ -3.5389373, 40.3881538 ], [ -3.5389948, 40.3881115 ], [ -3.5395269, 40.3876922 ], [ -3.539608, 40.3876255 ], [ -3.5396723, 40.3875735 ], [ -3.5397639, 40.3874987 ], [ -3.5398279, 40.3874464 ], [ -3.5399093, 40.3873787 ], [ -3.5400175, 40.3872881 ], [ -3.54018, 40.387152 ], [ -3.5403416, 40.3870159 ], [ -3.5404397, 40.3869314 ], [ -3.5405518, 40.3868301 ], [ -3.5407154, 40.386681 ], [ -3.5409299, 40.3864853 ], [ -3.5411277, 40.3863042 ], [ -3.5412139, 40.386226 ], [ -3.541384, 40.3860682 ], [ -3.5415286, 40.3859343 ], [ -3.5416987, 40.3857761 ], [ -3.5418434, 40.3856422 ], [ -3.5448551, 40.3828245 ], [ -3.5477816, 40.3800883 ], [ -3.5492374, 40.3786774 ], [ -3.5496363, 40.378293 ], [ -3.5500284, 40.3778922 ], [ -3.5504993, 40.3773856 ], [ -3.5507001, 40.3771632 ], [ -3.5510569, 40.3767541 ], [ -3.5516099, 40.3760889 ], [ -3.5520017, 40.3755896 ], [ -3.5521752, 40.3753603 ], [ -3.5523601, 40.3751098 ], [ -3.552855, 40.3744085 ], [ -3.5529411, 40.3742809 ], [ -3.5530577, 40.374108 ], [ -3.5533868, 40.3736076 ], [ -3.5537243, 40.3730731 ], [ -3.5540274, 40.3725934 ], [ -3.5552478, 40.3706127 ], [ -3.5560118, 40.3694382 ], [ -3.5568041, 40.3682664 ], [ -3.5574136, 40.3674699 ], [ -3.5581411, 40.3665711 ], [ -3.5583994, 40.3662664 ], [ -3.5587096, 40.3659011 ], [ -3.5600129, 40.3645054 ], [ -3.560717, 40.3638196 ], [ -3.5613871, 40.3631986 ], [ -3.5619964, 40.3626628 ], [ -3.5624854, 40.3622407 ], [ -3.5633371, 40.3615474 ], [ -3.5639125, 40.3610899 ], [ -3.5644654, 40.3606582 ], [ -3.5646273, 40.3605353 ], [ -3.5650377, 40.3602185 ], [ -3.5652234, 40.3600762 ], [ -3.564981, 40.3600252 ], [ -3.5646961, 40.3599662 ], [ -3.5644373, 40.3599117 ], [ -3.5638708, 40.3597922 ], [ -3.563136, 40.3596288 ], [ -3.5621989, 40.3594148 ], [ -3.560913, 40.3590945 ], [ -3.5596547, 40.3587664 ], [ -3.5584706, 40.3584388 ], [ -3.5568198, 40.3579454 ], [ -3.5559278, 40.3576497 ], [ -3.5555161, 40.3574755 ], [ -3.5549235, 40.3571608 ], [ -3.554478, 40.356858 ], [ -3.5542511, 40.3566543 ], [ -3.5544952, 40.3568447 ], [ -3.5549311, 40.3571418 ], [ -3.5555089, 40.3574545 ], [ -3.5559816, 40.357638 ], [ -3.5568103, 40.3579156 ], [ -3.5584831, 40.3584001 ], [ -3.559667, 40.358741 ], [ -3.5613079, 40.3590414 ], [ -3.5623606, 40.3592499 ], [ -3.5642389, 40.3596412 ], [ -3.5652251, 40.3598622 ], [ -3.5658775, 40.3600408 ], [ -3.5666655, 40.3603136 ], [ -3.5673194, 40.3605435 ], [ -3.5680037, 40.360786 ], [ -3.5694264, 40.3613202 ], [ -3.5700186, 40.3615876 ], [ -3.5707289, 40.362035 ], [ -3.5717395, 40.3627215 ], [ -3.5749014, 40.3648692 ], [ -3.5767009, 40.3660414 ], [ -3.5772959, 40.3663612 ], [ -3.5778552, 40.366615 ], [ -3.5785433, 40.366815 ], [ -3.5789908, 40.3669149 ], [ -3.5797665, 40.3669641 ], [ -3.5808583, 40.3670404 ], [ -3.5826739, 40.3670872 ], [ -3.583792, 40.3671657 ], [ -3.584821, 40.3674031 ], [ -3.5855166, 40.3676663 ], [ -3.5866341, 40.368234 ], [ -3.5896785, 40.3698631 ], [ -3.5908695, 40.3705184 ], [ -3.5948048, 40.3724325 ], [ -3.596852, 40.3734115 ], [ -3.5978237, 40.3738997 ], [ -3.5983677, 40.3741465 ], [ -3.5990238, 40.374564 ], [ -3.5995078, 40.3749846 ], [ -3.6000067, 40.3755882 ], [ -3.6004078, 40.3762797 ], [ -3.6006914, 40.3767349 ], [ -3.60017, 40.3771115 ], [ -3.6000141, 40.3773221 ], [ -3.6000093, 40.3776393 ], [ -3.5998603, 40.3778448 ], [ -3.5996574, 40.3778639 ], [ -3.599505, 40.3779846 ], [ -3.5994089, 40.3781906 ], [ -3.5993397, 40.3783518 ], [ -3.5993067, 40.3784287 ], [ -3.5991925, 40.3786301 ], [ -3.5990062, 40.3788499 ], [ -3.598886, 40.3789735 ], [ -3.5986696, 40.3791292 ], [ -3.598339, 40.3793261 ], [ -3.5981347, 40.3794588 ], [ -3.5978937, 40.3796039 ], [ -3.5981413, 40.3799991 ], [ -3.5987736, 40.381032 ], [ -3.5989682, 40.3813499 ], [ -3.5993878, 40.3820407 ], [ -3.5996204, 40.3822482 ], [ -3.6001738, 40.3822482 ], [ -3.6003785, 40.3822768 ], [ -3.600678, 40.3824145 ], [ -3.601093, 40.3826911 ], [ -3.6012453, 40.3828955 ], [ -3.6013392, 40.3830885 ], [ -3.6013891, 40.3833254 ], [ -3.6013729, 40.3836287 ], [ -3.6012981, 40.383898 ], [ -3.6014778, 40.384557 ], [ -3.6016479, 40.384917 ], [ -3.6019829, 40.3856094 ], [ -3.602183, 40.3859703 ], [ -3.6025491, 40.3862237 ], [ -3.6031482, 40.3865451 ], [ -3.6032828, 40.386598 ], [ -3.6034142, 40.3866496 ], [ -3.6037496, 40.3866683 ], [ -3.6039815, 40.3866522 ], [ -3.604199, 40.3865872 ], [ -3.604755, 40.3863436 ], [ -3.6050557, 40.3861895 ], [ -3.6051862, 40.386085 ], [ -3.60524, 40.3860886 ], [ -3.605291, 40.386092 ], [ -3.6055041, 40.386294 ], [ -3.6056508, 40.3863588 ], [ -3.6058905, 40.3864647 ], [ -3.606444, 40.3862295 ], [ -3.6069854, 40.3866332 ], [ -3.6078094, 40.3871374 ], [ -3.6086797, 40.3875792 ], [ -3.6079118, 40.3883078 ], [ -3.6072657, 40.3892234 ], [ -3.6062108, 40.3910548 ], [ -3.6056056, 40.3925808 ], [ -3.6044361, 40.3945802 ], [ -3.6030417, 40.3962993 ], [ -3.6001343, 40.3985103 ], [ -3.5936776, 40.4023406 ], [ -3.5950638, 40.4035052 ], [ -3.5976645, 40.4045888 ], [ -3.598883, 40.4031439 ], [ -3.5998194, 40.4024495 ], [ -3.6003469, 40.4027827 ], [ -3.6015491, 40.4027267 ], [ -3.6018567, 40.4028081 ], [ -3.6020235, 40.4028154 ], [ -3.6025796, 40.402817 ], [ -3.6025387, 40.4026395 ], [ -3.6006986, 40.4016617 ], [ -3.6016636, 40.4001795 ], [ -3.6031603, 40.4002978 ], [ -3.6048613, 40.4003227 ], [ -3.6063007, 40.4005905 ], [ -3.6065788, 40.3997435 ], [ -3.607413, 40.4000206 ], [ -3.6118374, 40.401861 ], [ -3.6148225, 40.4027827 ], [ -3.6165481, 40.4029696 ], [ -3.6170469, 40.4044642 ], [ -3.6170551, 40.4056225 ], [ -3.6196885, 40.4057907 ], [ -3.6239317, 40.406153 ] ] ] } },
{ "type": "Feature", "properties": { "neighborhood": "El Cañaveral", "admin_level": "10" }, "geometry": { "type": "Polygon", "coordinates": [ [ [ -3.5762686, 40.4131131 ], [ -3.5728834, 40.411762 ], [ -3.5726677, 40.4118754 ], [ -3.5723147, 40.4119262 ], [ -3.5712657, 40.4119964 ], [ -3.5708971, 40.4119934 ], [ -3.5706324, 40.4120456 ], [ -3.5702108, 40.4122009 ], [ -3.5687696, 40.4128339 ], [ -3.5679186, 40.4130543 ], [ -3.5647539, 40.4135565 ], [ -3.5640323, 40.4135356 ], [ -3.5625931, 40.4134162 ], [ -3.5618181, 40.4133985 ], [ -3.5612691, 40.4133617 ], [ -3.5608362, 40.4133326 ], [ -3.5602628, 40.4133238 ], [ -3.5593999, 40.4132372 ], [ -3.558829, 40.4131546 ], [ -3.5582839, 40.4130366 ], [ -3.5577646, 40.412889 ], [ -3.5568888, 40.4125192 ], [ -3.5561499, 40.4122734 ], [ -3.5552844, 40.4120373 ], [ -3.5546747, 40.4119842 ], [ -3.5541994, 40.4118976 ], [ -3.5533962, 40.4116717 ], [ -3.5521455, 40.4118504 ], [ -3.5513974, 40.41192 ], [ -3.5505412, 40.4119449 ], [ -3.5500529, 40.4120235 ], [ -3.5495723, 40.4121652 ], [ -3.5492625, 40.4123127 ], [ -3.54455, 40.4113508 ], [ -3.5443718, 40.4113292 ], [ -3.5439003, 40.4113294 ], [ -3.5433616, 40.4112701 ], [ -3.5430206, 40.4112013 ], [ -3.5424703, 40.4110321 ], [ -3.5417625, 40.4108708 ], [ -3.5413, 40.4107154 ], [ -3.5407652, 40.4106544 ], [ -3.5402124, 40.4106269 ], [ -3.5400341, 40.4106013 ], [ -3.5399127, 40.4105482 ], [ -3.53976, 40.4104261 ], [ -3.5397318, 40.4107548 ], [ -3.539737, 40.411158 ], [ -3.539768, 40.4114098 ], [ -3.5397366, 40.4114686 ], [ -3.5396553, 40.4115945 ], [ -3.5395794, 40.4116262 ], [ -3.5394973, 40.4116295 ], [ -3.5390808, 40.4115436 ], [ -3.5386738, 40.4114384 ], [ -3.5383757, 40.4114115 ], [ -3.5382799, 40.4114284 ], [ -3.5379593, 40.4116747 ], [ -3.5379001, 40.4117363 ], [ -3.537862, 40.4118206 ], [ -3.537888, 40.4121885 ], [ -3.5378486, 40.4122837 ], [ -3.5377865, 40.412354 ], [ -3.5376659, 40.4124237 ], [ -3.5374842, 40.4125074 ], [ -3.537309, 40.4125551 ], [ -3.5370384, 40.4125969 ], [ -3.53676, 40.4125999 ], [ -3.536474, 40.4125723 ], [ -3.5362057, 40.4125154 ], [ -3.5362286, 40.4126117 ], [ -3.536211, 40.4127163 ], [ -3.536164, 40.4128418 ], [ -3.5360659, 40.4129702 ], [ -3.5359677, 40.4130405 ], [ -3.535862, 40.4130956 ], [ -3.5357326, 40.4131369 ], [ -3.5356265, 40.4131503 ], [ -3.5351716, 40.4144134 ], [ -3.5344149, 40.4142421 ], [ -3.5339655, 40.4141774 ], [ -3.5333217, 40.41411 ], [ -3.5327887, 40.4141076 ], [ -3.5322965, 40.4141597 ], [ -3.5316854, 40.4142916 ], [ -3.5313036, 40.4144154 ], [ -3.5309531, 40.414563 ], [ -3.5307286, 40.4146422 ], [ -3.5304147, 40.4147078 ], [ -3.5302303, 40.4147088 ], [ -3.5305482, 40.4165621 ], [ -3.5308782, 40.4183949 ], [ -3.5311901, 40.4200833 ], [ -3.5276193, 40.4176856 ], [ -3.5269095, 40.4172892 ], [ -3.52647, 40.4170438 ], [ -3.5260471, 40.4168469 ], [ -3.5250587, 40.4162839 ], [ -3.5245106, 40.415359 ], [ -3.5228882, 40.4143192 ], [ -3.5225796, 40.4141214 ], [ -3.5222392, 40.4138077 ], [ -3.5209623, 40.4121288 ], [ -3.5207137, 40.4116874 ], [ -3.5204902, 40.4110962 ], [ -3.520302, 40.4105766 ], [ -3.5199737, 40.4101429 ], [ -3.5198151, 40.4099507 ], [ -3.5196396, 40.4097434 ], [ -3.5197137, 40.4097296 ], [ -3.5193921, 40.4094327 ], [ -3.5192027, 40.4092258 ], [ -3.5191406, 40.4090428 ], [ -3.5190627, 40.4089313 ], [ -3.5190765, 40.4088125 ], [ -3.5190849, 40.4086092 ], [ -3.5191908, 40.4080397 ], [ -3.5192888, 40.4074435 ], [ -3.5193078, 40.4068929 ], [ -3.5193223, 40.40643 ], [ -3.519232, 40.4059671 ], [ -3.5190861, 40.4049014 ], [ -3.5188102, 40.4040423 ], [ -3.5185105, 40.4035287 ], [ -3.518411, 40.4029747 ], [ -3.5183562, 40.402601 ], [ -3.5183264, 40.4021529 ], [ -3.518423, 40.4011468 ], [ -3.5185589, 40.4005219 ], [ -3.5186449, 40.4000189 ], [ -3.5190962, 40.3989567 ], [ -3.5196069, 40.3983072 ], [ -3.5197834, 40.3979298 ], [ -3.5201772, 40.3952836 ], [ -3.5203753, 40.3937225 ], [ -3.5203948, 40.3920974 ], [ -3.5214635, 40.3919753 ], [ -3.5225668, 40.3918683 ], [ -3.5243421, 40.3908434 ], [ -3.5247849, 40.3906581 ], [ -3.5268868, 40.389794 ], [ -3.5291492, 40.3893862 ], [ -3.5320834, 40.3914167 ], [ -3.5328644, 40.3916886 ], [ -3.533639, 40.3916247 ], [ -3.5425984, 40.3938622 ], [ -3.5472975, 40.3930677 ], [ -3.5490223, 40.392872 ], [ -3.5511163, 40.3928309 ], [ -3.5535461, 40.3931144 ], [ -3.5558451, 40.393654 ], [ -3.557619, 40.3943001 ], [ -3.5856466, 40.4073345 ], [ -3.5762686, 40.4131131 ] ] ] } },
{ "type": "Feature", "properties": { "neighborhood": "Valdebernardo", "admin_level": "10" }, "geometry": { "type": "Polygon", "coordinates": [ [ [ -3.6297953, 40.3925626 ], [ -3.6286975, 40.3945398 ], [ -3.6280654, 40.3956362 ], [ -3.627653, 40.3963902 ], [ -3.6274214, 40.3969716 ], [ -3.6269169, 40.3983813 ], [ -3.6268696, 40.3987352 ], [ -3.6264156, 40.4007152 ], [ -3.626371, 40.4009096 ], [ -3.6261954, 40.4014424 ], [ -3.6259988, 40.4020701 ], [ -3.625645, 40.4029131 ], [ -3.6253494, 40.403738 ], [ -3.6239317, 40.406153 ], [ -3.6196885, 40.4057907 ], [ -3.6170551, 40.4056225 ], [ -3.6170469, 40.4044642 ], [ -3.6165481, 40.4029696 ], [ -3.6148225, 40.4027827 ], [ -3.6118374, 40.401861 ], [ -3.607413, 40.4000206 ], [ -3.6065788, 40.3997435 ], [ -3.6090585, 40.3975677 ], [ -3.6099196, 40.39681 ], [ -3.6087705, 40.3960751 ], [ -3.6098255, 40.3952467 ], [ -3.6084434, 40.3943934 ], [ -3.6086806, 40.3940757 ], [ -3.6056056, 40.3925808 ], [ -3.6062108, 40.3910548 ], [ -3.6072657, 40.3892234 ], [ -3.6079118, 40.3883078 ], [ -3.6086797, 40.3875792 ], [ -3.6089741, 40.3877287 ], [ -3.609913, 40.3881116 ], [ -3.6108968, 40.3884283 ], [ -3.6120581, 40.3887008 ], [ -3.6142761, 40.3891742 ], [ -3.6218678, 40.3908009 ], [ -3.6229234, 40.3910663 ], [ -3.6242349, 40.391324 ], [ -3.6261256, 40.3916954 ], [ -3.6282116, 40.3922206 ], [ -3.6290194, 40.3923971 ], [ -3.6297953, 40.3925626 ] ] ] } },
{ "type": "Feature", "properties": { "neighborhood": "Valderrivas", "admin_level": "10" }, "geometry": { "type": "Polygon", "coordinates": [ [ [ -3.6065788, 40.3997435 ], [ -3.6063007, 40.4005905 ], [ -3.6048613, 40.4003227 ], [ -3.6031603, 40.4002978 ], [ -3.6016636, 40.4001795 ], [ -3.6006986, 40.4016617 ], [ -3.6025387, 40.4026395 ], [ -3.6025796, 40.402817 ], [ -3.6020235, 40.4028154 ], [ -3.6018567, 40.4028081 ], [ -3.6015491, 40.4027267 ], [ -3.6003469, 40.4027827 ], [ -3.5998194, 40.4024495 ], [ -3.598883, 40.4031439 ], [ -3.5976645, 40.4045888 ], [ -3.5950638, 40.4035052 ], [ -3.5936776, 40.4023406 ], [ -3.6001343, 40.3985103 ], [ -3.6030417, 40.3962993 ], [ -3.6044361, 40.3945802 ], [ -3.6056056, 40.3925808 ], [ -3.6086806, 40.3940757 ], [ -3.6084434, 40.3943934 ], [ -3.6098255, 40.3952467 ], [ -3.6087705, 40.3960751 ], [ -3.6099196, 40.39681 ], [ -3.6090585, 40.3975677 ], [ -3.6065788, 40.3997435 ] ] ] } },
{ "type": "Feature", "properties": { "neighborhood": "Fuente del Berro", "admin_level": "10" }, "geometry": { "type": "Polygon", "coordinates": [ [ [ -3.6689808, 40.4211732 ], [ -3.6684492, 40.427632 ], [ -3.6687026, 40.4281261 ], [ -3.6624469, 40.4311796 ], [ -3.6606617, 40.4313488 ], [ -3.6606382, 40.4308993 ], [ -3.6605436, 40.4296388 ], [ -3.6604232, 40.4284699 ], [ -3.6602642, 40.4273149 ], [ -3.6602551, 40.4269622 ], [ -3.6602256, 40.42667 ], [ -3.6601052, 40.4262342 ], [ -3.6599712, 40.4257276 ], [ -3.6596691, 40.4245345 ], [ -3.6593443, 40.4232341 ], [ -3.6591512, 40.4223401 ], [ -3.659024, 40.4212749 ], [ -3.6589558, 40.4206939 ], [ -3.6588536, 40.4195871 ], [ -3.65879, 40.4186706 ], [ -3.6592601, 40.4187822 ], [ -3.6598117, 40.4189144 ], [ -3.6602974, 40.4190316 ], [ -3.6609889, 40.4192027 ], [ -3.662181, 40.4194942 ], [ -3.6631327, 40.419733 ], [ -3.6641536, 40.4199856 ], [ -3.6652208, 40.4202511 ], [ -3.66656, 40.4205941 ], [ -3.6679144, 40.4209212 ], [ -3.6685934, 40.4210918 ], [ -3.6689808, 40.4211732 ] ] ] } },
{ "type": "Feature", "properties": { "neighborhood": "Guindalera", "admin_level": "10" }, "geometry": { "type": "Polygon", "coordinates": [ [ [ -3.6773836, 40.4373784 ], [ -3.6751978, 40.4386491 ], [ -3.6749188, 40.4387716 ], [ -3.6743395, 40.4389186 ], [ -3.6723439, 40.4392615 ], [ -3.671271, 40.4395555 ], [ -3.670005, 40.4400699 ], [ -3.6649732, 40.4430585 ], [ -3.6640827, 40.4434341 ], [ -3.6605199, 40.4446296 ], [ -3.66049, 40.4445782 ], [ -3.6602213, 40.4440613 ], [ -3.6599224, 40.4434356 ], [ -3.6595431, 40.4425037 ], [ -3.6593617, 40.441949 ], [ -3.6592506, 40.4414562 ], [ -3.659132, 40.4404089 ], [ -3.6591368, 40.4398124 ], [ -3.6591765, 40.4392763 ], [ -3.6592574, 40.4386262 ], [ -3.6593681, 40.4380217 ], [ -3.6594202, 40.4377686 ], [ -3.6594707, 40.437516 ], [ -3.6595988, 40.4368906 ], [ -3.6597085, 40.436382 ], [ -3.6597742, 40.4360954 ], [ -3.6599589, 40.4352541 ], [ -3.6601078, 40.4345912 ], [ -3.6602217, 40.4339901 ], [ -3.6603619, 40.4334166 ], [ -3.660514, 40.432623 ], [ -3.6606367, 40.4319937 ], [ -3.660639, 40.4317049 ], [ -3.6606617, 40.4313488 ], [ -3.6624469, 40.4311796 ], [ -3.6687026, 40.4281261 ], [ -3.673326, 40.4334787 ], [ -3.6773836, 40.4373784 ] ] ] } },
{ "type": "Feature", "properties": { "neighborhood": "Delicias", "admin_level": "10" }, "geometry": { "type": "Polygon", "coordinates": [ [ [ -3.6992054, 40.4009383 ], [ -3.6985269, 40.401028 ], [ -3.6979662, 40.4009987 ], [ -3.6963523, 40.4009128 ], [ -3.696159, 40.4009045 ], [ -3.6959527, 40.4008923 ], [ -3.6942869, 40.4007953 ], [ -3.6942602, 40.400795 ], [ -3.6940562, 40.4007925 ], [ -3.6939594, 40.4008175 ], [ -3.6937804, 40.400826 ], [ -3.6936438, 40.4008227 ], [ -3.6931547, 40.4008032 ], [ -3.6930595, 40.4007989 ], [ -3.6925257, 40.4007745 ], [ -3.6924422, 40.4007704 ], [ -3.692338, 40.400766 ], [ -3.6911414, 40.4007119 ], [ -3.6909922, 40.4007046 ], [ -3.6908305, 40.4006947 ], [ -3.6908202, 40.4006937 ], [ -3.6895124, 40.4006211 ], [ -3.6894193, 40.4006143 ], [ -3.6882695, 40.4005484 ], [ -3.6881273, 40.4005411 ], [ -3.6879988, 40.4005336 ], [ -3.6865912, 40.4004586 ], [ -3.6860116, 40.4004218 ], [ -3.6859699, 40.4004242 ], [ -3.6857454, 40.4004046 ], [ -3.6856755, 40.4003985 ], [ -3.6856372, 40.4003919 ], [ -3.6856033, 40.4003822 ], [ -3.685572, 40.4003632 ], [ -3.6855495, 40.4003456 ], [ -3.6853633, 40.4001849 ], [ -3.6852967, 40.4001343 ], [ -3.6852382, 40.4001018 ], [ -3.6851227, 40.40006 ], [ -3.6840679, 40.3990202 ], [ -3.6802189, 40.3955641 ], [ -3.6797436, 40.3951431 ], [ -3.6821509, 40.3941035 ], [ -3.6838747, 40.3930961 ], [ -3.6845757, 40.3941681 ], [ -3.687037, 40.3926206 ], [ -3.6871547, 40.3927933 ], [ -3.6877641, 40.3938528 ], [ -3.6879079, 40.3937328 ], [ -3.6880646, 40.3936588 ], [ -3.6882053, 40.3935924 ], [ -3.6884657, 40.393507 ], [ -3.6889468, 40.3933529 ], [ -3.6888757, 40.3932246 ], [ -3.6950818, 40.3911701 ], [ -3.6947085, 40.3942266 ], [ -3.6990269, 40.400459 ], [ -3.6992054, 40.4009383 ] ] ] } },
{ "type": "Feature", "properties": { "neighborhood": "Legazpi", "admin_level": "10" }, "geometry": { "type": "Polygon", "coordinates": [ [ [ -3.6981513, 40.3890718 ], [ -3.6950818, 40.3911701 ], [ -3.6888757, 40.3932246 ], [ -3.6889468, 40.3933529 ], [ -3.6884657, 40.393507 ], [ -3.6882053, 40.3935924 ], [ -3.6880646, 40.3936588 ], [ -3.6879079, 40.3937328 ], [ -3.6877641, 40.3938528 ], [ -3.6871547, 40.3927933 ], [ -3.687037, 40.3926206 ], [ -3.6845757, 40.3941681 ], [ -3.6838747, 40.3930961 ], [ -3.6821509, 40.3941035 ], [ -3.6797436, 40.3951431 ], [ -3.6772388, 40.392925 ], [ -3.6764454, 40.3923315 ], [ -3.6780365, 40.3911364 ], [ -3.6788921, 40.3903206 ], [ -3.6794274, 40.3895267 ], [ -3.6827275, 40.3846027 ], [ -3.6830446, 40.3844306 ], [ -3.6840873, 40.3838836 ], [ -3.6858383, 40.3835052 ], [ -3.6879371, 40.3831494 ], [ -3.6893226, 40.3826995 ], [ -3.6895732, 40.3821878 ], [ -3.6905345, 40.3830115 ], [ -3.6922542, 40.3842684 ], [ -3.692775, 40.384649 ], [ -3.6964188, 40.3875834 ], [ -3.697778, 40.3887106 ], [ -3.6981513, 40.3890718 ] ] ] } },
{ "type": "Feature", "properties": { "neighborhood": "Chopera", "admin_level": "10" }, "geometry": { "type": "Polygon", "coordinates": [ [ [ -3.7046407, 40.395234 ], [ -3.7042877, 40.395641 ], [ -3.7042677, 40.3956671 ], [ -3.7036746, 40.3962641 ], [ -3.703353, 40.3966056 ], [ -3.703069, 40.3969076 ], [ -3.7029675, 40.3970466 ], [ -3.7028231, 40.3972843 ], [ -3.7027113, 40.3973757 ], [ -3.702535, 40.3975677 ], [ -3.702456, 40.3976666 ], [ -3.7023489, 40.3977778 ], [ -3.7023055, 40.3978134 ], [ -3.7022752, 40.3978329 ], [ -3.7022069, 40.3978769 ], [ -3.7021431, 40.3979529 ], [ -3.7019945, 40.3981021 ], [ -3.7018723, 40.3982296 ], [ -3.7016032, 40.3984976 ], [ -3.7011518, 40.3989937 ], [ -3.7010776, 40.3990753 ], [ -3.7004719, 40.3997767 ], [ -3.6997368, 40.4005954 ], [ -3.6994643, 40.4009223 ], [ -3.6992054, 40.4009383 ], [ -3.6990269, 40.400459 ], [ -3.6947085, 40.3942266 ], [ -3.6950818, 40.3911701 ], [ -3.6981513, 40.3890718 ], [ -3.6994916, 40.3903687 ], [ -3.6998673, 40.3907932 ], [ -3.7019384, 40.393167 ], [ -3.7029045, 40.3941035 ], [ -3.7038413, 40.3947055 ], [ -3.7046407, 40.395234 ] ] ] } },
{ "type": "Feature", "properties": { "neighborhood": "Atocha", "admin_level": "10" }, "geometry": { "type": "Polygon", "coordinates": [ [ [ -3.693828, 40.4074909 ], [ -3.6936809, 40.4075691 ], [ -3.6934248, 40.4076814 ], [ -3.6932031, 40.407797 ], [ -3.6929258, 40.4079938 ], [ -3.6924848, 40.4085599 ], [ -3.692153, 40.4090618 ], [ -3.6918385, 40.4090137 ], [ -3.6915824, 40.4086683 ], [ -3.6913236, 40.4085959 ], [ -3.6909724, 40.4084169 ], [ -3.6901484, 40.4078941 ], [ -3.6898659, 40.407691 ], [ -3.6894961, 40.4074014 ], [ -3.688997, 40.4070737 ], [ -3.6884319, 40.4068082 ], [ -3.6883342, 40.4066293 ], [ -3.6883213, 40.4064747 ], [ -3.6883536, 40.406227 ], [ -3.6862187, 40.4042593 ], [ -3.6854478, 40.4035638 ], [ -3.6847119, 40.4031641 ], [ -3.6824669, 40.4023103 ], [ -3.6823069, 40.4023072 ], [ -3.6820753, 40.4022248 ], [ -3.681046, 40.4017447 ], [ -3.6799708, 40.401262 ], [ -3.6797606, 40.4011077 ], [ -3.6795964, 40.4009876 ], [ -3.6793337, 40.4008506 ], [ -3.6789966, 40.4007036 ], [ -3.6782467, 40.4003705 ], [ -3.6783125, 40.4002814 ], [ -3.6774164, 40.3998753 ], [ -3.6772554, 40.3997608 ], [ -3.6769739, 40.3995632 ], [ -3.6767356, 40.399394 ], [ -3.6765642, 40.399276 ], [ -3.676409, 40.3991741 ], [ -3.6761551, 40.3990049 ], [ -3.6759346, 40.3988378 ], [ -3.6755823, 40.3985237 ], [ -3.6752732, 40.3982431 ], [ -3.6748883, 40.3978899 ], [ -3.6747405, 40.397598 ], [ -3.6745313, 40.3972739 ], [ -3.6743921, 40.3969607 ], [ -3.674207, 40.3966768 ], [ -3.6740827, 40.3963399 ], [ -3.6739445, 40.3960383 ], [ -3.6738127, 40.3956161 ], [ -3.6735422, 40.3948131 ], [ -3.6733291, 40.394508 ], [ -3.6738552, 40.3941829 ], [ -3.6742956, 40.3939721 ], [ -3.6749782, 40.3935478 ], [ -3.6757425, 40.3928595 ], [ -3.6764454, 40.3923315 ], [ -3.6772388, 40.392925 ], [ -3.6797436, 40.3951431 ], [ -3.6802189, 40.3955641 ], [ -3.6840679, 40.3990202 ], [ -3.6851227, 40.40006 ], [ -3.6854634, 40.4003611 ], [ -3.6869998, 40.4017486 ], [ -3.6876198, 40.4023027 ], [ -3.6877578, 40.4024311 ], [ -3.6883348, 40.4029641 ], [ -3.6885946, 40.4032007 ], [ -3.6892725, 40.4038211 ], [ -3.6893595, 40.4038986 ], [ -3.689463, 40.403994 ], [ -3.6905396, 40.4049782 ], [ -3.6905529, 40.4049912 ], [ -3.6906426, 40.4050725 ], [ -3.6906865, 40.4051124 ], [ -3.691169, 40.4055511 ], [ -3.6911967, 40.4055759 ], [ -3.6916769, 40.4060103 ], [ -3.6917618, 40.4060916 ], [ -3.691878, 40.4061973 ], [ -3.6920055, 40.4063118 ], [ -3.6928909, 40.4071272 ], [ -3.6929176, 40.4071563 ], [ -3.6929341, 40.4071735 ], [ -3.6929438, 40.4071836 ], [ -3.6930528, 40.4071638 ], [ -3.6932516, 40.4069324 ], [ -3.6932956, 40.4070857 ], [ -3.693321, 40.4071226 ], [ -3.6933608, 40.4071533 ], [ -3.6933978, 40.407169 ], [ -3.6934378, 40.407177 ], [ -3.6934856, 40.4071841 ], [ -3.6935493, 40.4071827 ], [ -3.6936293, 40.4072416 ], [ -3.693828, 40.4074909 ] ] ] } },
{ "type": "Feature", "properties": { "neighborhood": "La Paz", "admin_level": "10" }, "geometry": { "type": "Polygon", "coordinates": [ [ [ -3.7092546, 40.4856221 ], [ -3.7081138, 40.4864239 ], [ -3.707329, 40.4867766 ], [ -3.7063658, 40.4870547 ], [ -3.7031642, 40.4880314 ], [ -3.7021475, 40.4886283 ], [ -3.7016614, 40.4889487 ], [ -3.701414, 40.4890886 ], [ -3.7011487, 40.4892048 ], [ -3.7008129, 40.4893264 ], [ -3.6982503, 40.4900933 ], [ -3.698075, 40.4893844 ], [ -3.6977857, 40.4886381 ], [ -3.6973512, 40.4879012 ], [ -3.6967626, 40.4872336 ], [ -3.6959268, 40.486573 ], [ -3.6951904, 40.4861809 ], [ -3.6943985, 40.4858517 ], [ -3.6921372, 40.4849424 ], [ -3.6888761, 40.4836107 ], [ -3.6883566, 40.4834012 ], [ -3.6879333, 40.4832421 ], [ -3.6873719, 40.4830798 ], [ -3.68701, 40.4829807 ], [ -3.6866293, 40.482882 ], [ -3.6863307, 40.4828217 ], [ -3.6859156, 40.482703 ], [ -3.6855345, 40.482506 ], [ -3.6853942, 40.4823912 ], [ -3.6852481, 40.4824034 ], [ -3.6852448, 40.4822953 ], [ -3.6852275, 40.4817211 ], [ -3.685258, 40.4813086 ], [ -3.6853359, 40.480829 ], [ -3.6854309, 40.4804769 ], [ -3.6858105, 40.4790704 ], [ -3.685949, 40.4785353 ], [ -3.6864242, 40.4766993 ], [ -3.6868495, 40.4750559 ], [ -3.6871488, 40.4741683 ], [ -3.6882606, 40.4743246 ], [ -3.6888016, 40.474423 ], [ -3.6891456, 40.4745683 ], [ -3.6894132, 40.4747311 ], [ -3.6897815, 40.4746492 ], [ -3.6903568, 40.474536 ], [ -3.6907708, 40.4744546 ], [ -3.6910998, 40.4744786 ], [ -3.6913197, 40.4744932 ], [ -3.6917212, 40.4746209 ], [ -3.6917316, 40.4746258 ], [ -3.69209, 40.4746813 ], [ -3.6925173, 40.4747239 ], [ -3.6929073, 40.4747097 ], [ -3.6937245, 40.47458 ], [ -3.6938856, 40.4745587 ], [ -3.6940538, 40.4745552 ], [ -3.6942499, 40.4745516 ], [ -3.6944274, 40.4745658 ], [ -3.6949971, 40.4746298 ], [ -3.6954104, 40.4747239 ], [ -3.6957513, 40.4747754 ], [ -3.6960315, 40.4747754 ], [ -3.6962907, 40.4747541 ], [ -3.6970612, 40.4745783 ], [ -3.6974045, 40.4745374 ], [ -3.6977127, 40.4745445 ], [ -3.698084, 40.47458 ], [ -3.6984576, 40.4746742 ], [ -3.6988989, 40.4748429 ], [ -3.6991767, 40.4749175 ], [ -3.6994756, 40.4749619 ], [ -3.6997395, 40.4749761 ], [ -3.7000243, 40.4749672 ], [ -3.7002508, 40.4749353 ], [ -3.7003816, 40.4749069 ], [ -3.7006104, 40.4748376 ], [ -3.7007622, 40.4747807 ], [ -3.7009654, 40.4746884 ], [ -3.7011498, 40.4745765 ], [ -3.7013226, 40.4744521 ], [ -3.7016215, 40.4741715 ], [ -3.7019083, 40.4739835 ], [ -3.7022921, 40.4740152 ], [ -3.7025418, 40.4746801 ], [ -3.7029074, 40.4757044 ], [ -3.7030834, 40.4761549 ], [ -3.7033623, 40.4769527 ], [ -3.7042032, 40.479416 ], [ -3.7050976, 40.481949 ], [ -3.7054153, 40.4825935 ], [ -3.7056897, 40.482998 ], [ -3.7058654, 40.4832139 ], [ -3.7061222, 40.4834452 ], [ -3.7063588, 40.4836251 ], [ -3.7065615, 40.4837639 ], [ -3.7068049, 40.4839079 ], [ -3.7070144, 40.4840364 ], [ -3.7071158, 40.4840878 ], [ -3.7080837, 40.4847926 ], [ -3.7086545, 40.4851656 ], [ -3.7092546, 40.4856221 ] ] ] } },
{ "type": "Feature", "properties": { "neighborhood": "Cuatro Caminos", "admin_level": "10" }, "geometry": { "type": "Polygon", "coordinates": [ [ [ -3.7038912, 40.4474556 ], [ -3.703861, 40.4476792 ], [ -3.703833, 40.4478713 ], [ -3.7038221, 40.4479452 ], [ -3.703759, 40.4483736 ], [ -3.7037164, 40.4486439 ], [ -3.7036661, 40.4489788 ], [ -3.703649, 40.4490978 ], [ -3.7036316, 40.4492109 ], [ -3.7036001, 40.4494289 ], [ -3.7035192, 40.4499801 ], [ -3.7034805, 40.4502464 ], [ -3.7034758, 40.4502789 ], [ -3.7034704, 40.4503148 ], [ -3.7034454, 40.4504812 ], [ -3.7034345, 40.4505624 ], [ -3.7033586, 40.4510621 ], [ -3.7033197, 40.4513214 ], [ -3.7032846, 40.4515624 ], [ -3.7032682, 40.4516716 ], [ -3.7032616, 40.4517156 ], [ -3.7032378, 40.4518667 ], [ -3.7031962, 40.4521411 ], [ -3.703159, 40.4523818 ], [ -3.7031073, 40.452717 ], [ -3.7031016, 40.4527536 ], [ -3.7030978, 40.4527801 ], [ -3.7030872, 40.4528538 ], [ -3.7030739, 40.4529379 ], [ -3.7029985, 40.4534169 ], [ -3.702984, 40.4535086 ], [ -3.7029762, 40.4535592 ], [ -3.7029248, 40.453892 ], [ -3.7029201, 40.4539225 ], [ -3.7029163, 40.4539492 ], [ -3.7029153, 40.453956 ], [ -3.7029124, 40.453976 ], [ -3.7027089, 40.4550215 ], [ -3.7021546, 40.4563986 ], [ -3.7020948, 40.4565472 ], [ -3.7014607, 40.4574972 ], [ -3.6997347, 40.4571307 ], [ -3.697959, 40.4567277 ], [ -3.6964165, 40.4565149 ], [ -3.6946765, 40.4563917 ], [ -3.6922687, 40.4562686 ], [ -3.6903022, 40.4561289 ], [ -3.690364, 40.4554993 ], [ -3.6905331, 40.4537757 ], [ -3.6906684, 40.4523969 ], [ -3.6906966, 40.4520963 ], [ -3.6909175, 40.4497444 ], [ -3.6909712, 40.4492777 ], [ -3.6912136, 40.4468789 ], [ -3.6912759, 40.4462118 ], [ -3.6916562, 40.4463504 ], [ -3.6919364, 40.446361 ], [ -3.6920545, 40.4463627 ], [ -3.6921553, 40.4463674 ], [ -3.6921934, 40.4463701 ], [ -3.692247, 40.4463731 ], [ -3.6931159, 40.4464156 ], [ -3.6947938, 40.4464999 ], [ -3.6948863, 40.446485 ], [ -3.6955999, 40.446509 ], [ -3.6958456, 40.4465262 ], [ -3.6969172, 40.4465734 ], [ -3.6969637, 40.4465754 ], [ -3.6971318, 40.4465851 ], [ -3.6971431, 40.4465857 ], [ -3.6979215, 40.4466257 ], [ -3.6982211, 40.4466417 ], [ -3.6984337, 40.4466486 ], [ -3.6986277, 40.4466599 ], [ -3.6987617, 40.4466645 ], [ -3.6988062, 40.446666 ], [ -3.6993339, 40.4466847 ], [ -3.6996108, 40.4466946 ], [ -3.6997605, 40.4467209 ], [ -3.6998107, 40.4467294 ], [ -3.6998606, 40.446736 ], [ -3.6999216, 40.4467421 ], [ -3.6999905, 40.4467466 ], [ -3.70014, 40.4467562 ], [ -3.7006707, 40.4467839 ], [ -3.7010589, 40.4468022 ], [ -3.7016418, 40.4468317 ], [ -3.7023791, 40.4468677 ], [ -3.7024161, 40.4468668 ], [ -3.7024447, 40.446865 ], [ -3.702475, 40.4468625 ], [ -3.7025048, 40.4468611 ], [ -3.702545, 40.4468606 ], [ -3.7029636, 40.4468844 ], [ -3.7031288, 40.4468929 ], [ -3.7032552, 40.4469002 ], [ -3.7032963, 40.4469026 ], [ -3.7033305, 40.4469049 ], [ -3.7033691, 40.446908 ], [ -3.7033891, 40.4469103 ], [ -3.7034075, 40.4469134 ], [ -3.7034266, 40.4469179 ], [ -3.7034513, 40.4469252 ], [ -3.703596, 40.4469749 ], [ -3.7036106, 40.4470498 ], [ -3.7036273, 40.4470828 ], [ -3.703647, 40.4471095 ], [ -3.7036522, 40.4471166 ], [ -3.7036776, 40.4471408 ], [ -3.7036886, 40.4471513 ], [ -3.7037492, 40.4471898 ], [ -3.7038912, 40.4474556 ] ] ] } },
{ "type": "Feature", "properties": { "neighborhood": "Bellas Vistas", "admin_level": "10" }, "geometry": { "type": "Polygon", "coordinates": [ [ [ -3.7113958, 40.457555 ], [ -3.711152, 40.4574936 ], [ -3.7110138, 40.457551 ], [ -3.7109765, 40.4575665 ], [ -3.7109174, 40.4575872 ], [ -3.7108683, 40.4576013 ], [ -3.710822, 40.4576112 ], [ -3.710725, 40.4576178 ], [ -3.7106324, 40.4576207 ], [ -3.7105393, 40.45762 ], [ -3.7104354, 40.4575632 ], [ -3.7097784, 40.4571604 ], [ -3.7096189, 40.4570929 ], [ -3.7084824, 40.4567747 ], [ -3.7081446, 40.4566823 ], [ -3.7078027, 40.4566675 ], [ -3.7077695, 40.4566657 ], [ -3.7077246, 40.4566635 ], [ -3.7076045, 40.4566575 ], [ -3.7066921, 40.4566214 ], [ -3.7066439, 40.4566195 ], [ -3.7066009, 40.4566172 ], [ -3.7064047, 40.4566067 ], [ -3.7063078, 40.4566028 ], [ -3.7053657, 40.4565644 ], [ -3.7052053, 40.4565572 ], [ -3.7051692, 40.4565556 ], [ -3.7051286, 40.456555 ], [ -3.7050018, 40.4565533 ], [ -3.7049734, 40.4565529 ], [ -3.7049439, 40.4565137 ], [ -3.7049015, 40.4564574 ], [ -3.7048484, 40.4563906 ], [ -3.7048299, 40.4563674 ], [ -3.7041253, 40.4554816 ], [ -3.7040598, 40.4553989 ], [ -3.7038522, 40.4551426 ], [ -3.7038321, 40.4551176 ], [ -3.7038054, 40.4550863 ], [ -3.7037663, 40.4550392 ], [ -3.7031156, 40.4542384 ], [ -3.7031122, 40.4542324 ], [ -3.7030955, 40.4542124 ], [ -3.7029124, 40.453976 ], [ -3.7029153, 40.453956 ], [ -3.7029163, 40.4539492 ], [ -3.7029201, 40.4539225 ], [ -3.7029248, 40.453892 ], [ -3.7029762, 40.4535592 ], [ -3.702984, 40.4535086 ], [ -3.7029985, 40.4534169 ], [ -3.7030739, 40.4529379 ], [ -3.7030872, 40.4528538 ], [ -3.7030978, 40.4527801 ], [ -3.7031016, 40.4527536 ], [ -3.7031073, 40.452717 ], [ -3.703159, 40.4523818 ], [ -3.7031962, 40.4521411 ], [ -3.7032378, 40.4518667 ], [ -3.7032616, 40.4517156 ], [ -3.7032682, 40.4516716 ], [ -3.7032846, 40.4515624 ], [ -3.7033197, 40.4513214 ], [ -3.7033586, 40.4510621 ], [ -3.7034345, 40.4505624 ], [ -3.7034454, 40.4504812 ], [ -3.7034704, 40.4503148 ], [ -3.7034758, 40.4502789 ], [ -3.7034805, 40.4502464 ], [ -3.7035192, 40.4499801 ], [ -3.7036001, 40.4494289 ], [ -3.7036316, 40.4492109 ], [ -3.703649, 40.4490978 ], [ -3.7036661, 40.4489788 ], [ -3.7037164, 40.4486439 ], [ -3.703759, 40.4483736 ], [ -3.7038221, 40.4479452 ], [ -3.703833, 40.4478713 ], [ -3.703861, 40.4476792 ], [ -3.7038912, 40.4474556 ], [ -3.7037492, 40.4471898 ], [ -3.7036886, 40.4471513 ], [ -3.7036776, 40.4471408 ], [ -3.7036522, 40.4471166 ], [ -3.703647, 40.4471095 ], [ -3.7036273, 40.4470828 ], [ -3.7036106, 40.4470498 ], [ -3.703596, 40.4469749 ], [ -3.7039151, 40.4468535 ], [ -3.7045459, 40.4468812 ], [ -3.7058569, 40.4469546 ], [ -3.7061686, 40.4469654 ], [ -3.7082704, 40.4471001 ], [ -3.7084027, 40.4472756 ], [ -3.7085672, 40.4475112 ], [ -3.7088311, 40.4479461 ], [ -3.7092928, 40.4487213 ], [ -3.7098287, 40.4494235 ], [ -3.7101277, 40.4498694 ], [ -3.7115827, 40.4520393 ], [ -3.711786, 40.4524016 ], [ -3.7122221, 40.4524848 ], [ -3.7133277, 40.453044 ], [ -3.712673, 40.4539509 ], [ -3.7130078, 40.4545943 ], [ -3.7130555, 40.4547451 ], [ -3.7130731, 40.4548437 ], [ -3.713057, 40.4550952 ], [ -3.7130527, 40.4551889 ], [ -3.7130195, 40.4553943 ], [ -3.7129519, 40.4554967 ], [ -3.7128767, 40.4556058 ], [ -3.7124748, 40.4561737 ], [ -3.7123906, 40.4562961 ], [ -3.7123069, 40.4564189 ], [ -3.7122428, 40.45651 ], [ -3.7121828, 40.4565969 ], [ -3.7118669, 40.4570469 ], [ -3.711687, 40.4573057 ], [ -3.7116551, 40.4573862 ], [ -3.7113958, 40.457555 ] ] ] } },
{ "type": "Feature", "properties": { "neighborhood": "Pilar", "admin_level": "10" }, "geometry": { "type": "Polygon", "coordinates": [ [ [ -3.7145296, 40.4696546 ], [ -3.7144443, 40.4699013 ], [ -3.7146742, 40.4712553 ], [ -3.7150073, 40.4731499 ], [ -3.7160589, 40.4762709 ], [ -3.716264, 40.4768611 ], [ -3.7163086, 40.4771664 ], [ -3.7163264, 40.4775869 ], [ -3.7163621, 40.4782382 ], [ -3.7164958, 40.4788691 ], [ -3.7158002, 40.4791608 ], [ -3.7150154, 40.4794864 ], [ -3.7142395, 40.4797984 ], [ -3.7128977, 40.4802867 ], [ -3.7143684, 40.4830849 ], [ -3.7138205, 40.4831787 ], [ -3.713338, 40.4832861 ], [ -3.7127732, 40.483474 ], [ -3.7123848, 40.4836441 ], [ -3.7120671, 40.4838142 ], [ -3.7117611, 40.4840111 ], [ -3.7114317, 40.4842438 ], [ -3.7109492, 40.484557 ], [ -3.7103843, 40.4849329 ], [ -3.7092546, 40.4856221 ], [ -3.7086545, 40.4851656 ], [ -3.7080837, 40.4847926 ], [ -3.7071158, 40.4840878 ], [ -3.7070144, 40.4840364 ], [ -3.7068049, 40.4839079 ], [ -3.7065615, 40.4837639 ], [ -3.7063588, 40.4836251 ], [ -3.7061222, 40.4834452 ], [ -3.7058654, 40.4832139 ], [ -3.7056897, 40.482998 ], [ -3.7054153, 40.4825935 ], [ -3.7050976, 40.481949 ], [ -3.7042032, 40.479416 ], [ -3.7033623, 40.4769527 ], [ -3.7030834, 40.4761549 ], [ -3.7029074, 40.4757044 ], [ -3.7025418, 40.4746801 ], [ -3.7022921, 40.4740152 ], [ -3.7019083, 40.4739835 ], [ -3.7020539, 40.4738182 ], [ -3.7024925, 40.4733204 ], [ -3.7031528, 40.4727733 ], [ -3.7033246, 40.4726225 ], [ -3.703516, 40.4724424 ], [ -3.7036647, 40.472315 ], [ -3.7038237, 40.4722032 ], [ -3.7039476, 40.4721323 ], [ -3.7040861, 40.4720634 ], [ -3.7042211, 40.4720075 ], [ -3.7043553, 40.4719567 ], [ -3.7049326, 40.4718358 ], [ -3.708062, 40.4715465 ], [ -3.7095335, 40.4714096 ], [ -3.7102706, 40.4713429 ], [ -3.7106409, 40.4713081 ], [ -3.7107759, 40.4712925 ], [ -3.710999, 40.4712528 ], [ -3.7111397, 40.4712163 ], [ -3.7112814, 40.471171 ], [ -3.7115823, 40.4710574 ], [ -3.7121041, 40.4707102 ], [ -3.7123196, 40.4704965 ], [ -3.712478, 40.4702715 ], [ -3.7126238, 40.4699372 ], [ -3.7127251, 40.4695486 ], [ -3.7128752, 40.4691529 ], [ -3.7129292, 40.4690574 ], [ -3.7129816, 40.4689608 ], [ -3.7130904, 40.4687783 ], [ -3.7132211, 40.4684882 ], [ -3.71384, 40.4691334 ], [ -3.7140766, 40.4693371 ], [ -3.7142506, 40.4694678 ], [ -3.7145296, 40.4696546 ] ] ] } },
{ "type": "Feature", "properties": { "neighborhood": "Castillejos", "admin_level": "10" }, "geometry": { "type": "Polygon", "coordinates": [ [ [ -3.7014607, 40.4574972 ], [ -3.7007243, 40.4584028 ], [ -3.7005365, 40.4586338 ], [ -3.6988279, 40.4601297 ], [ -3.6983988, 40.4606338 ], [ -3.6975378, 40.4623317 ], [ -3.6957139, 40.4642214 ], [ -3.6947376, 40.4646336 ], [ -3.6945267, 40.464698 ], [ -3.6945134, 40.4647021 ], [ -3.6944452, 40.4647229 ], [ -3.6924791, 40.4653233 ], [ -3.6893025, 40.4659251 ], [ -3.6894644, 40.4647283 ], [ -3.6896927, 40.4624856 ], [ -3.6897399, 40.4619861 ], [ -3.6899487, 40.4597692 ], [ -3.6900212, 40.4590643 ], [ -3.6900878, 40.4584175 ], [ -3.6901688, 40.4575484 ], [ -3.6902819, 40.4563355 ], [ -3.6903022, 40.4561289 ], [ -3.6922687, 40.4562686 ], [ -3.6946765, 40.4563917 ], [ -3.6964165, 40.4565149 ], [ -3.697959, 40.4567277 ], [ -3.6997347, 40.4571307 ], [ -3.7014607, 40.4574972 ] ] ] } },
{ "type": "Feature", "properties": { "neighborhood": "Almenara", "admin_level": "10" }, "geometry": { "type": "Polygon", "coordinates": [ [ [ -3.7020539, 40.4738182 ], [ -3.7019083, 40.4739835 ], [ -3.7016215, 40.4741715 ], [ -3.7013226, 40.4744521 ], [ -3.7011498, 40.4745765 ], [ -3.7009654, 40.4746884 ], [ -3.7007622, 40.4747807 ], [ -3.7006104, 40.4748376 ], [ -3.7003816, 40.4749069 ], [ -3.7002508, 40.4749353 ], [ -3.7000243, 40.4749672 ], [ -3.6997395, 40.4749761 ], [ -3.6994756, 40.4749619 ], [ -3.6991767, 40.4749175 ], [ -3.6988989, 40.4748429 ], [ -3.6984576, 40.4746742 ], [ -3.698084, 40.47458 ], [ -3.6977127, 40.4745445 ], [ -3.6974045, 40.4745374 ], [ -3.6970612, 40.4745783 ], [ -3.6962907, 40.4747541 ], [ -3.6960315, 40.4747754 ], [ -3.6957513, 40.4747754 ], [ -3.6954104, 40.4747239 ], [ -3.6949971, 40.4746298 ], [ -3.6944274, 40.4745658 ], [ -3.6942499, 40.4745516 ], [ -3.6940538, 40.4745552 ], [ -3.6938856, 40.4745587 ], [ -3.6937245, 40.47458 ], [ -3.6929073, 40.4747097 ], [ -3.6925173, 40.4747239 ], [ -3.69209, 40.4746813 ], [ -3.6917316, 40.4746258 ], [ -3.6917212, 40.4746209 ], [ -3.6913197, 40.4744932 ], [ -3.6910998, 40.4744786 ], [ -3.6907708, 40.4744546 ], [ -3.6903568, 40.474536 ], [ -3.6897815, 40.4746492 ], [ -3.6894132, 40.4747311 ], [ -3.6891456, 40.4745683 ], [ -3.6888016, 40.474423 ], [ -3.6882606, 40.4743246 ], [ -3.6871488, 40.4741683 ], [ -3.6872014, 40.4740123 ], [ -3.6875973, 40.4725804 ], [ -3.6881092, 40.4705841 ], [ -3.6888069, 40.4678567 ], [ -3.6893025, 40.4659251 ], [ -3.6924791, 40.4653233 ], [ -3.6944452, 40.4647229 ], [ -3.6953813, 40.4653641 ], [ -3.6956505, 40.4656331 ], [ -3.6976558, 40.4676578 ], [ -3.6987949, 40.4686593 ], [ -3.6995548, 40.469682 ], [ -3.7019956, 40.4710409 ], [ -3.7020539, 40.4738182 ] ] ] } },
{ "type": "Feature", "properties": { "neighborhood": "Valdeacederas", "admin_level": "10" }, "geometry": { "type": "Polygon", "coordinates": [ [ [ -3.7132211, 40.4684882 ], [ -3.7130904, 40.4687783 ], [ -3.7129816, 40.4689608 ], [ -3.7129292, 40.4690574 ], [ -3.7128752, 40.4691529 ], [ -3.7127251, 40.4695486 ], [ -3.7126238, 40.4699372 ], [ -3.712478, 40.4702715 ], [ -3.7123196, 40.4704965 ], [ -3.7121041, 40.4707102 ], [ -3.7115823, 40.4710574 ], [ -3.7112814, 40.471171 ], [ -3.7111397, 40.4712163 ], [ -3.710999, 40.4712528 ], [ -3.7107759, 40.4712925 ], [ -3.7106409, 40.4713081 ], [ -3.7102706, 40.4713429 ], [ -3.7095335, 40.4714096 ], [ -3.708062, 40.4715465 ], [ -3.7049326, 40.4718358 ], [ -3.7043553, 40.4719567 ], [ -3.7042211, 40.4720075 ], [ -3.7040861, 40.4720634 ], [ -3.7039476, 40.4721323 ], [ -3.7038237, 40.4722032 ], [ -3.7036647, 40.472315 ], [ -3.703516, 40.4724424 ], [ -3.7033246, 40.4726225 ], [ -3.7031528, 40.4727733 ], [ -3.7024925, 40.4733204 ], [ -3.7020539, 40.4738182 ], [ -3.7019956, 40.4710409 ], [ -3.6995548, 40.469682 ], [ -3.6987949, 40.4686593 ], [ -3.6976558, 40.4676578 ], [ -3.6956505, 40.4656331 ], [ -3.6953813, 40.4653641 ], [ -3.6944452, 40.4647229 ], [ -3.6945134, 40.4647021 ], [ -3.6945267, 40.464698 ], [ -3.6947376, 40.4646336 ], [ -3.6957139, 40.4642214 ], [ -3.6975378, 40.4623317 ], [ -3.6983988, 40.4606338 ], [ -3.7042594, 40.4636867 ], [ -3.7052304, 40.4639071 ], [ -3.7056005, 40.4635969 ], [ -3.7060645, 40.4635337 ], [ -3.7064749, 40.4638418 ], [ -3.706888, 40.4636174 ], [ -3.7074023, 40.4632704 ], [ -3.7080467, 40.4624582 ], [ -3.7083681, 40.4622577 ], [ -3.7085086, 40.4625743 ], [ -3.7089412, 40.4632405 ], [ -3.7091021, 40.4634282 ], [ -3.7091772, 40.4635262 ], [ -3.7092899, 40.464167 ], [ -3.7093811, 40.4643261 ], [ -3.7101297, 40.4651937 ], [ -3.7102589, 40.4654077 ], [ -3.7103243, 40.4655626 ], [ -3.7104563, 40.4657884 ], [ -3.7107383, 40.465998 ], [ -3.7110601, 40.4662522 ], [ -3.7117156, 40.4667923 ], [ -3.7123025, 40.4675206 ], [ -3.712754, 40.4679989 ], [ -3.7127631, 40.4680082 ], [ -3.7127989, 40.4680464 ], [ -3.7128641, 40.4681147 ], [ -3.7130568, 40.4683168 ], [ -3.7132211, 40.4684882 ] ] ] } },
{ "type": "Feature", "properties": { "neighborhood": "Berruguete", "admin_level": "10" }, "geometry": { "type": "Polygon", "coordinates": [ [ [ -3.7113958, 40.457555 ], [ -3.7114034, 40.4577334 ], [ -3.7112365, 40.4579325 ], [ -3.7106794, 40.4586453 ], [ -3.7084718, 40.4618735 ], [ -3.7083681, 40.4622577 ], [ -3.7080467, 40.4624582 ], [ -3.7074023, 40.4632704 ], [ -3.706888, 40.4636174 ], [ -3.7064749, 40.4638418 ], [ -3.7060645, 40.4635337 ], [ -3.7056005, 40.4635969 ], [ -3.7052304, 40.4639071 ], [ -3.7042594, 40.4636867 ], [ -3.6983988, 40.4606338 ], [ -3.6988279, 40.4601297 ], [ -3.7005365, 40.4586338 ], [ -3.7007243, 40.4584028 ], [ -3.7014607, 40.4574972 ], [ -3.7020948, 40.4565472 ], [ -3.7021546, 40.4563986 ], [ -3.7027089, 40.4550215 ], [ -3.7029124, 40.453976 ], [ -3.7030955, 40.4542124 ], [ -3.7031122, 40.4542324 ], [ -3.7031156, 40.4542384 ], [ -3.7037663, 40.4550392 ], [ -3.7038054, 40.4550863 ], [ -3.7038321, 40.4551176 ], [ -3.7038522, 40.4551426 ], [ -3.7040598, 40.4553989 ], [ -3.7041253, 40.4554816 ], [ -3.7048299, 40.4563674 ], [ -3.7048484, 40.4563906 ], [ -3.7049015, 40.4564574 ], [ -3.7049439, 40.4565137 ], [ -3.7049734, 40.4565529 ], [ -3.7050018, 40.4565533 ], [ -3.7051286, 40.456555 ], [ -3.7051692, 40.4565556 ], [ -3.7052053, 40.4565572 ], [ -3.7053657, 40.4565644 ], [ -3.7063078, 40.4566028 ], [ -3.7064047, 40.4566067 ], [ -3.7066009, 40.4566172 ], [ -3.7066439, 40.4566195 ], [ -3.7066921, 40.4566214 ], [ -3.7076045, 40.4566575 ], [ -3.7077246, 40.4566635 ], [ -3.7077695, 40.4566657 ], [ -3.7078027, 40.4566675 ], [ -3.7081446, 40.4566823 ], [ -3.7084824, 40.4567747 ], [ -3.7096189, 40.4570929 ], [ -3.7097784, 40.4571604 ], [ -3.7104354, 40.4575632 ], [ -3.7105393, 40.45762 ], [ -3.7106324, 40.4576207 ], [ -3.710725, 40.4576178 ], [ -3.710822, 40.4576112 ], [ -3.7108683, 40.4576013 ], [ -3.7109174, 40.4575872 ], [ -3.7109765, 40.4575665 ], [ -3.7110138, 40.457551 ], [ -3.711152, 40.4574936 ], [ -3.7113958, 40.457555 ] ] ] } },
{ "type": "Feature", "properties": { "neighborhood": "Valdefuentes", "admin_level": "10" }, "geometry": { "type": "Polygon", "coordinates": [ [ [ -3.6734578, 40.48406 ], [ -3.6734207, 40.4844766 ], [ -3.6732854, 40.4859639 ], [ -3.6731382, 40.4873778 ], [ -3.67296, 40.4884624 ], [ -3.6727132, 40.4894913 ], [ -3.6720184, 40.4909304 ], [ -3.6715496, 40.491532 ], [ -3.6712762, 40.4918553 ], [ -3.6710139, 40.492127 ], [ -3.670742, 40.4923878 ], [ -3.6700708, 40.4929465 ], [ -3.6642389, 40.4976286 ], [ -3.6632196, 40.4984767 ], [ -3.6627443, 40.4988625 ], [ -3.6622323, 40.4993804 ], [ -3.6615193, 40.5001346 ], [ -3.6592385, 40.5028351 ], [ -3.6589505, 40.503287 ], [ -3.6586397, 40.5037944 ], [ -3.6584066, 40.5043122 ], [ -3.6582192, 40.5048474 ], [ -3.6581186, 40.5054104 ], [ -3.6580958, 40.5058657 ], [ -3.6580912, 40.5062411 ], [ -3.6581583, 40.5074094 ], [ -3.658243, 40.5086171 ], [ -3.6582548, 40.5090281 ], [ -3.6582372, 40.5093855 ], [ -3.6582195, 40.5097205 ], [ -3.6581608, 40.5101137 ], [ -3.658102, 40.510404 ], [ -3.658008, 40.5107123 ], [ -3.657867, 40.5111009 ], [ -3.6577949, 40.5113768 ], [ -3.6575101, 40.5118695 ], [ -3.6558629, 40.5131585 ], [ -3.6547094, 40.5128706 ], [ -3.6536957, 40.5122662 ], [ -3.6523299, 40.5113572 ], [ -3.6523689, 40.5111881 ], [ -3.6503831, 40.5109579 ], [ -3.6492201, 40.5108529 ], [ -3.6486542, 40.510754 ], [ -3.6477768, 40.5103395 ], [ -3.646854, 40.5093926 ], [ -3.6459348, 40.5084961 ], [ -3.6456566, 40.5082994 ], [ -3.6448476, 40.5078909 ], [ -3.6447059, 40.5079601 ], [ -3.6444264, 40.508122 ], [ -3.6443508, 40.5080717 ], [ -3.6433893, 40.5079299 ], [ -3.6423478, 40.5081939 ], [ -3.6410723, 40.5081005 ], [ -3.6410798, 40.5079931 ], [ -3.6395038, 40.5078778 ], [ -3.6374977, 40.5078845 ], [ -3.6374852, 40.5078213 ], [ -3.6338712, 40.5077888 ], [ -3.6336619, 40.5077408 ], [ -3.6334263, 40.5076407 ], [ -3.6332908, 40.5075405 ], [ -3.631518, 40.5081072 ], [ -3.6303906, 40.5084295 ], [ -3.6285741, 40.5082555 ], [ -3.6278949, 40.5084533 ], [ -3.6264064, 40.5091609 ], [ -3.6259208, 40.5093221 ], [ -3.6253516, 40.509432 ], [ -3.6248191, 40.5093475 ], [ -3.6243, 40.509218 ], [ -3.6236017, 40.5090307 ], [ -3.6227523, 40.5090234 ], [ -3.6223727, 40.5091797 ], [ -3.6219941, 40.5094142 ], [ -3.6215542, 40.5097965 ], [ -3.6213055, 40.5099878 ], [ -3.6209096, 40.5101262 ], [ -3.6202169, 40.5101833 ], [ -3.6184285, 40.5100623 ], [ -3.6179285, 40.5101125 ], [ -3.6177532, 40.5100857 ], [ -3.616121, 40.5108336 ], [ -3.6157603, 40.5109452 ], [ -3.6150989, 40.5109811 ], [ -3.6142491, 40.5107387 ], [ -3.61403, 40.5103178 ], [ -3.6136155, 40.5098389 ], [ -3.6129636, 40.5094438 ], [ -3.6122062, 40.5091823 ], [ -3.6114235, 40.5091134 ], [ -3.6112629, 40.5090487 ], [ -3.6103571, 40.508311 ], [ -3.6098885, 40.5078277 ], [ -3.6093354, 40.5073821 ], [ -3.6084956, 40.5068397 ], [ -3.6077174, 40.5064365 ], [ -3.6068694, 40.5060884 ], [ -3.6063498, 40.5057011 ], [ -3.6061762, 40.5053958 ], [ -3.6059654, 40.5044435 ], [ -3.605764, 40.5040344 ], [ -3.6046056, 40.5029937 ], [ -3.6033574, 40.5017535 ], [ -3.6028416, 40.5014554 ], [ -3.6024273, 40.5013041 ], [ -3.6022895, 40.5012569 ], [ -3.6022068, 40.5012831 ], [ -3.6021655, 40.5013984 ], [ -3.6020965, 40.5014718 ], [ -3.6019977, 40.5014749 ], [ -3.60189, 40.4849581 ], [ -3.6084064, 40.4849835 ], [ -3.6115547, 40.4849761 ], [ -3.6149893, 40.4849935 ], [ -3.6154833, 40.4850049 ], [ -3.6182173, 40.4822397 ], [ -3.6218124, 40.4822343 ], [ -3.6259007, 40.4822305 ], [ -3.6256338, 40.4814254 ], [ -3.6257554, 40.4769638 ], [ -3.625913, 40.4763321 ], [ -3.6258131, 40.4756594 ], [ -3.6257881, 40.4752211 ], [ -3.625688, 40.4750542 ], [ -3.6251747, 40.4747124 ], [ -3.6247317, 40.4734001 ], [ -3.6243654, 40.4731279 ], [ -3.6240993, 40.4725184 ], [ -3.62379, 40.4718099 ], [ -3.6240676, 40.4714976 ], [ -3.6243452, 40.4710576 ], [ -3.6246054, 40.4704152 ], [ -3.6246517, 40.4697421 ], [ -3.6244512, 40.4690245 ], [ -3.6243567, 40.4686861 ], [ -3.6271906, 40.4685409 ], [ -3.6275615, 40.4685136 ], [ -3.6279521, 40.4684978 ], [ -3.6320544, 40.4725468 ], [ -3.637054, 40.4762357 ], [ -3.6419275, 40.4797393 ], [ -3.6500685, 40.4812446 ], [ -3.6597198, 40.482966 ], [ -3.660655, 40.4831275 ], [ -3.662078, 40.4833632 ], [ -3.6640976, 40.4836905 ], [ -3.6654491, 40.4838862 ], [ -3.6671096, 40.4840627 ], [ -3.6679577, 40.4841306 ], [ -3.6686004, 40.4841442 ], [ -3.6692968, 40.4841782 ], [ -3.6698681, 40.4841714 ], [ -3.6704841, 40.4841646 ], [ -3.6717429, 40.4841171 ], [ -3.6726098, 40.4840927 ], [ -3.6734578, 40.48406 ] ] ] } },
{ "type": "Feature", "properties": { "neighborhood": "Piovera", "admin_level": "10" }, "geometry": { "type": "Polygon", "coordinates": [ [ [ -3.6541529, 40.4569062 ], [ -3.6537534, 40.4570318 ], [ -3.6533833, 40.457091 ], [ -3.6515272, 40.4571583 ], [ -3.6478579, 40.4571277 ], [ -3.6443496, 40.4572338 ], [ -3.642751, 40.4593155 ], [ -3.6414313, 40.4606134 ], [ -3.6388457, 40.4623032 ], [ -3.6380947, 40.4625888 ], [ -3.637349, 40.4626868 ], [ -3.6362493, 40.462695 ], [ -3.6232858, 40.4625727 ], [ -3.6226947, 40.4618701 ], [ -3.622353, 40.4614818 ], [ -3.6218763, 40.4610163 ], [ -3.6214586, 40.4606376 ], [ -3.6205727, 40.4599924 ], [ -3.6194548, 40.4593087 ], [ -3.6180373, 40.4584902 ], [ -3.6173649, 40.4581295 ], [ -3.617681, 40.457763 ], [ -3.6176938, 40.4577481 ], [ -3.6190636, 40.4561091 ], [ -3.6196703, 40.4556876 ], [ -3.6204086, 40.4553023 ], [ -3.6253701, 40.4534527 ], [ -3.625899, 40.4531823 ], [ -3.6263726, 40.4527406 ], [ -3.6265619, 40.4522237 ], [ -3.6266108, 40.4517702 ], [ -3.6262807, 40.4495643 ], [ -3.6276959, 40.4495039 ], [ -3.6297996, 40.4494208 ], [ -3.6305319, 40.44936 ], [ -3.6312543, 40.4492962 ], [ -3.6320204, 40.4492028 ], [ -3.6330855, 40.4490591 ], [ -3.6337177, 40.4489127 ], [ -3.6347895, 40.4487455 ], [ -3.6355456, 40.4486157 ], [ -3.6362445, 40.4485532 ], [ -3.6369955, 40.4485438 ], [ -3.6376991, 40.4485489 ], [ -3.6382745, 40.4485842 ], [ -3.638787, 40.4486507 ], [ -3.6445348, 40.4495616 ], [ -3.6459914, 40.4497237 ], [ -3.6463474, 40.4497153 ], [ -3.6469126, 40.4496775 ], [ -3.647011, 40.4496789 ], [ -3.6477775, 40.4494723 ], [ -3.6480467, 40.4494606 ], [ -3.6500816, 40.4520793 ], [ -3.6513826, 40.4537808 ], [ -3.6541529, 40.4569062 ] ] ] } },
{ "type": "Feature", "properties": { "neighborhood": "Palomas", "admin_level": "10" }, "geometry": { "type": "Polygon", "coordinates": [ [ [ -3.6262807, 40.4495643 ], [ -3.6266108, 40.4517702 ], [ -3.6265619, 40.4522237 ], [ -3.6263726, 40.4527406 ], [ -3.625899, 40.4531823 ], [ -3.6253701, 40.4534527 ], [ -3.6204086, 40.4553023 ], [ -3.6196703, 40.4556876 ], [ -3.6190636, 40.4561091 ], [ -3.6176938, 40.4577481 ], [ -3.617681, 40.457763 ], [ -3.6173649, 40.4581295 ], [ -3.6166071, 40.457723 ], [ -3.6159068, 40.4573443 ], [ -3.6147889, 40.4567215 ], [ -3.6132069, 40.4558291 ], [ -3.6126205, 40.455537 ], [ -3.6119708, 40.4552642 ], [ -3.6111904, 40.4549881 ], [ -3.610393, 40.4547249 ], [ -3.607191, 40.4537073 ], [ -3.6064739, 40.4534312 ], [ -3.6058326, 40.4530845 ], [ -3.6053686, 40.4527475 ], [ -3.6052287, 40.4526568 ], [ -3.6050678, 40.4524935 ], [ -3.6048961, 40.4523303 ], [ -3.6047352, 40.4521343 ], [ -3.6045742, 40.4518812 ], [ -3.6060763, 40.450877 ], [ -3.6077613, 40.4497511 ], [ -3.6082179, 40.4497549 ], [ -3.6096933, 40.4497378 ], [ -3.6115536, 40.4497146 ], [ -3.6139806, 40.4497362 ], [ -3.6150869, 40.4497402 ], [ -3.6165538, 40.44973 ], [ -3.6182728, 40.4497081 ], [ -3.6199969, 40.4496976 ], [ -3.620948, 40.4496654 ], [ -3.6225871, 40.4496237 ], [ -3.6244114, 40.4495989 ], [ -3.6262807, 40.4495643 ] ] ] } },
{ "type": "Feature", "properties": { "neighborhood": "Canillas", "admin_level": "10" }, "geometry": { "type": "Polygon", "coordinates": [ [ [ -3.6603194, 40.4621799 ], [ -3.6592305, 40.4632092 ], [ -3.6593217, 40.4642132 ], [ -3.6590159, 40.464703 ], [ -3.6576265, 40.4658376 ], [ -3.6568594, 40.4662661 ], [ -3.6560762, 40.4665722 ], [ -3.6537319, 40.4669599 ], [ -3.6513072, 40.4672374 ], [ -3.650229, 40.4674374 ], [ -3.6426759, 40.4694493 ], [ -3.6422628, 40.4690698 ], [ -3.6415412, 40.4690536 ], [ -3.6378908, 40.4689719 ], [ -3.6377111, 40.4689537 ], [ -3.6344254, 40.4686209 ], [ -3.6339158, 40.4686087 ], [ -3.6326766, 40.4688821 ], [ -3.6311872, 40.4687342 ], [ -3.6301285, 40.4686291 ], [ -3.6289001, 40.4684291 ], [ -3.6279521, 40.4684978 ], [ -3.6275842, 40.4680582 ], [ -3.6265295, 40.4667006 ], [ -3.6253483, 40.4651953 ], [ -3.6243442, 40.4639243 ], [ -3.6232858, 40.4625727 ], [ -3.6362493, 40.462695 ], [ -3.637349, 40.4626868 ], [ -3.6380947, 40.4625888 ], [ -3.6388457, 40.4623032 ], [ -3.6414313, 40.4606134 ], [ -3.642751, 40.4593155 ], [ -3.6443496, 40.4572338 ], [ -3.6478579, 40.4571277 ], [ -3.6515272, 40.4571583 ], [ -3.6533833, 40.457091 ], [ -3.6537534, 40.4570318 ], [ -3.6541529, 40.4569062 ], [ -3.6563099, 40.4594232 ], [ -3.6603194, 40.4621799 ] ] ] } },
{ "type": "Feature", "properties": { "neighborhood": "Peñagrande", "admin_level": "10" }, "geometry": { "type": "Polygon", "coordinates": [ [ [ -3.7356066, 40.47308 ], [ -3.7361485, 40.4740474 ], [ -3.7365407, 40.4742815 ], [ -3.7372568, 40.4743258 ], [ -3.7376197, 40.4747018 ], [ -3.7380714, 40.4749273 ], [ -3.7379167, 40.475173 ], [ -3.7392212, 40.4784354 ], [ -3.7393194, 40.4785416 ], [ -3.7383064, 40.4792859 ], [ -3.7380495, 40.4796518 ], [ -3.7372431, 40.4803476 ], [ -3.7371497, 40.4803976 ], [ -3.7367955, 40.4812439 ], [ -3.7363492, 40.4821528 ], [ -3.735983, 40.4837008 ], [ -3.7359234, 40.4844262 ], [ -3.7359064, 40.4848407 ], [ -3.7357616, 40.485048 ], [ -3.7355828, 40.4852358 ], [ -3.7353529, 40.4853848 ], [ -3.7305416, 40.4864923 ], [ -3.7299347, 40.4863346 ], [ -3.7276731, 40.4855626 ], [ -3.7252876, 40.4855208 ], [ -3.7209021, 40.4855855 ], [ -3.7199947, 40.4856226 ], [ -3.7190447, 40.4856593 ], [ -3.7186887, 40.4856702 ], [ -3.7165956, 40.4857615 ], [ -3.7165341, 40.485481 ], [ -3.7164522, 40.4851538 ], [ -3.7163087, 40.4847954 ], [ -3.7161243, 40.4844993 ], [ -3.7159195, 40.4842811 ], [ -3.7157261, 40.4841231 ], [ -3.7155302, 40.4839695 ], [ -3.7152638, 40.4837357 ], [ -3.714895, 40.4834552 ], [ -3.7145877, 40.483237 ], [ -3.7143684, 40.4830849 ], [ -3.7128977, 40.4802867 ], [ -3.7142395, 40.4797984 ], [ -3.7150154, 40.4794864 ], [ -3.7158002, 40.4791608 ], [ -3.7164958, 40.4788691 ], [ -3.7163621, 40.4782382 ], [ -3.7163264, 40.4775869 ], [ -3.7163086, 40.4771664 ], [ -3.716264, 40.4768611 ], [ -3.7160589, 40.4762709 ], [ -3.7150073, 40.4731499 ], [ -3.7146742, 40.4712553 ], [ -3.7144443, 40.4699013 ], [ -3.7145296, 40.4696546 ], [ -3.7147543, 40.4697142 ], [ -3.7148925, 40.4697604 ], [ -3.7149893, 40.4697921 ], [ -3.7155777, 40.469949 ], [ -3.717223, 40.4703879 ], [ -3.7174194, 40.4704575 ], [ -3.7179951, 40.4706103 ], [ -3.7196978, 40.4710653 ], [ -3.7206796, 40.4713182 ], [ -3.7227364, 40.471845 ], [ -3.7230526, 40.4719283 ], [ -3.7234766, 40.4720375 ], [ -3.7244503, 40.4722888 ], [ -3.725159, 40.4724811 ], [ -3.7254101, 40.4725413 ], [ -3.7255333, 40.4725651 ], [ -3.7256562, 40.4725832 ], [ -3.725961, 40.4726157 ], [ -3.7263027, 40.4726098 ], [ -3.7264393, 40.4726045 ], [ -3.7265708, 40.4725878 ], [ -3.7268223, 40.4725494 ], [ -3.7271282, 40.4724738 ], [ -3.727243, 40.4724552 ], [ -3.7273509, 40.4724447 ], [ -3.7274845, 40.472444 ], [ -3.7276261, 40.4724512 ], [ -3.7277785, 40.4724763 ], [ -3.7279241, 40.4725147 ], [ -3.7281377, 40.4726162 ], [ -3.728438, 40.4728854 ], [ -3.7289755, 40.4728056 ], [ -3.7296031, 40.4727237 ], [ -3.7301973, 40.4726709 ], [ -3.730803, 40.4726041 ], [ -3.7314631, 40.4726058 ], [ -3.7320637, 40.4726093 ], [ -3.732685, 40.4726597 ], [ -3.7333382, 40.4727222 ], [ -3.734576, 40.4728855 ], [ -3.734606, 40.4728901 ], [ -3.7352146, 40.4729834 ], [ -3.7356066, 40.47308 ] ] ] } },
{ "type": "Feature", "properties": { "neighborhood": "Valdezarza", "admin_level": "10" }, "geometry": { "type": "Polygon", "coordinates": [ [ [ -3.728438, 40.4728854 ], [ -3.7281377, 40.4726162 ], [ -3.7279241, 40.4725147 ], [ -3.7277785, 40.4724763 ], [ -3.7276261, 40.4724512 ], [ -3.7274845, 40.472444 ], [ -3.7273509, 40.4724447 ], [ -3.727243, 40.4724552 ], [ -3.7271282, 40.4724738 ], [ -3.7268223, 40.4725494 ], [ -3.7265708, 40.4725878 ], [ -3.7264393, 40.4726045 ], [ -3.7263027, 40.4726098 ], [ -3.725961, 40.4726157 ], [ -3.7256562, 40.4725832 ], [ -3.7255333, 40.4725651 ], [ -3.7254101, 40.4725413 ], [ -3.725159, 40.4724811 ], [ -3.7244503, 40.4722888 ], [ -3.7234766, 40.4720375 ], [ -3.7230526, 40.4719283 ], [ -3.7227364, 40.471845 ], [ -3.7206796, 40.4713182 ], [ -3.7196978, 40.4710653 ], [ -3.7179951, 40.4706103 ], [ -3.7174194, 40.4704575 ], [ -3.717223, 40.4703879 ], [ -3.7155777, 40.469949 ], [ -3.7149893, 40.4697921 ], [ -3.7148925, 40.4697604 ], [ -3.7147543, 40.4697142 ], [ -3.7145296, 40.4696546 ], [ -3.7142506, 40.4694678 ], [ -3.7140766, 40.4693371 ], [ -3.71384, 40.4691334 ], [ -3.7132211, 40.4684882 ], [ -3.7130568, 40.4683168 ], [ -3.7128641, 40.4681147 ], [ -3.7127989, 40.4680464 ], [ -3.7127631, 40.4680082 ], [ -3.712754, 40.4679989 ], [ -3.7123025, 40.4675206 ], [ -3.7117156, 40.4667923 ], [ -3.7110601, 40.4662522 ], [ -3.7107383, 40.465998 ], [ -3.7104563, 40.4657884 ], [ -3.7103243, 40.4655626 ], [ -3.7102589, 40.4654077 ], [ -3.7101297, 40.4651937 ], [ -3.7093811, 40.4643261 ], [ -3.7092899, 40.464167 ], [ -3.7091772, 40.4635262 ], [ -3.7091021, 40.4634282 ], [ -3.7089412, 40.4632405 ], [ -3.7085086, 40.4625743 ], [ -3.7083681, 40.4622577 ], [ -3.7084718, 40.4618735 ], [ -3.7106794, 40.4586453 ], [ -3.7112365, 40.4579325 ], [ -3.7114034, 40.4577334 ], [ -3.7113958, 40.457555 ], [ -3.7117925, 40.4575811 ], [ -3.712792, 40.4577717 ], [ -3.7131097, 40.4578278 ], [ -3.7142077, 40.4581481 ], [ -3.7158566, 40.4586683 ], [ -3.7159846, 40.4585739 ], [ -3.7172267, 40.458962 ], [ -3.7173633, 40.4590047 ], [ -3.7181799, 40.4592599 ], [ -3.7183885, 40.4593247 ], [ -3.7184456, 40.4593446 ], [ -3.7185825, 40.4593871 ], [ -3.718593, 40.4593908 ], [ -3.7185908, 40.4593949 ], [ -3.718716, 40.4594328 ], [ -3.7187462, 40.4594328 ], [ -3.7187461, 40.4594485 ], [ -3.7189183, 40.4594481 ], [ -3.7189186, 40.4594363 ], [ -3.719062, 40.4594278 ], [ -3.7191681, 40.4594035 ], [ -3.719376, 40.459382 ], [ -3.7194797, 40.4596388 ], [ -3.7195527, 40.4597232 ], [ -3.7196233, 40.4598203 ], [ -3.719688, 40.4599195 ], [ -3.719711, 40.4599729 ], [ -3.7197395, 40.4600452 ], [ -3.7197613, 40.4601207 ], [ -3.7197822, 40.4602254 ], [ -3.7197916, 40.4603408 ], [ -3.7197722, 40.4604704 ], [ -3.7197506, 40.4605506 ], [ -3.7197165, 40.4606276 ], [ -3.7196725, 40.4607054 ], [ -3.7196248, 40.4607684 ], [ -3.7195645, 40.4608289 ], [ -3.7194496, 40.4609182 ], [ -3.7192935, 40.4610235 ], [ -3.7192438, 40.4610663 ], [ -3.7192044, 40.4611262 ], [ -3.7191752, 40.4611787 ], [ -3.7191454, 40.461252 ], [ -3.7191392, 40.461323 ], [ -3.719146, 40.4613894 ], [ -3.7191632, 40.4614487 ], [ -3.7193618, 40.4617019 ], [ -3.7195987, 40.4621178 ], [ -3.7197307, 40.4623618 ], [ -3.7200904, 40.4628053 ], [ -3.7203166, 40.4630454 ], [ -3.7205333, 40.463135 ], [ -3.7208347, 40.4633535 ], [ -3.7209619, 40.4635829 ], [ -3.7211126, 40.4637979 ], [ -3.7213246, 40.4639054 ], [ -3.7217014, 40.4639878 ], [ -3.7219769, 40.4640421 ], [ -3.7222289, 40.4640917 ], [ -3.7222923, 40.4641111 ], [ -3.7235079, 40.4644833 ], [ -3.7236322, 40.4645093 ], [ -3.7237597, 40.465716 ], [ -3.7242609, 40.4675424 ], [ -3.7243314, 40.467836 ], [ -3.7243558, 40.4679074 ], [ -3.7249952, 40.4684648 ], [ -3.7250226, 40.4684817 ], [ -3.7255714, 40.4691109 ], [ -3.7258474, 40.4694235 ], [ -3.7258245, 40.469458 ], [ -3.7257812, 40.469539 ], [ -3.7269502, 40.4708971 ], [ -3.7283234, 40.4724599 ], [ -3.728438, 40.4728854 ] ] ] } },
{ "type": "Feature", "properties": { "neighborhood": "Castilla", "admin_level": "10" }, "geometry": { "type": "Polygon", "coordinates": [ [ [ -3.6893025, 40.4659251 ], [ -3.6888069, 40.4678567 ], [ -3.6881092, 40.4705841 ], [ -3.6875973, 40.4725804 ], [ -3.6872014, 40.4740123 ], [ -3.6871488, 40.4741683 ], [ -3.6868495, 40.4750559 ], [ -3.6864242, 40.4766993 ], [ -3.685949, 40.4785353 ], [ -3.6858105, 40.4790704 ], [ -3.6854309, 40.4804769 ], [ -3.6853359, 40.480829 ], [ -3.685258, 40.4813086 ], [ -3.6852275, 40.4817211 ], [ -3.6852448, 40.4822953 ], [ -3.6852481, 40.4824034 ], [ -3.6853474, 40.4825779 ], [ -3.6856926, 40.4827926 ], [ -3.6864072, 40.4830553 ], [ -3.6856564, 40.4829256 ], [ -3.684776, 40.4828778 ], [ -3.6836885, 40.4829007 ], [ -3.6828693, 40.4829713 ], [ -3.6829129, 40.4827526 ], [ -3.6823995, 40.4829139 ], [ -3.6822823, 40.4829501 ], [ -3.6815378, 40.4831495 ], [ -3.6801279, 40.483531 ], [ -3.6798222, 40.4836024 ], [ -3.6795056, 40.483676 ], [ -3.6788179, 40.4837997 ], [ -3.6782167, 40.4838757 ], [ -3.6772198, 40.4839678 ], [ -3.676243, 40.4839724 ], [ -3.6759183, 40.4839868 ], [ -3.6755856, 40.4840042 ], [ -3.6752456, 40.4840166 ], [ -3.6751081, 40.4840184 ], [ -3.6745418, 40.4840256 ], [ -3.6743704, 40.4840278 ], [ -3.6739444, 40.4840409 ], [ -3.6734578, 40.48406 ], [ -3.6739014, 40.4810699 ], [ -3.6739302, 40.4808979 ], [ -3.6740805, 40.4802001 ], [ -3.6742347, 40.4793868 ], [ -3.6743825, 40.4783428 ], [ -3.6743987, 40.4774433 ], [ -3.6743123, 40.4761052 ], [ -3.674014, 40.4749226 ], [ -3.6737431, 40.4741255 ], [ -3.6734165, 40.4733951 ], [ -3.6730446, 40.4727337 ], [ -3.6726061, 40.4720773 ], [ -3.6722265, 40.4715741 ], [ -3.6699909, 40.4690111 ], [ -3.6697263, 40.4686378 ], [ -3.6684645, 40.466678 ], [ -3.67159, 40.4661785 ], [ -3.6743461, 40.4671726 ], [ -3.6760814, 40.4676385 ], [ -3.6766122, 40.4677472 ], [ -3.6774288, 40.4677628 ], [ -3.6781229, 40.4675609 ], [ -3.6784022, 40.4675189 ], [ -3.6790237, 40.467501 ], [ -3.6793872, 40.4675724 ], [ -3.6798093, 40.4675902 ], [ -3.6829518, 40.4673405 ], [ -3.6860356, 40.4666982 ], [ -3.6863417, 40.4666318 ], [ -3.6885245, 40.4661596 ], [ -3.6886739, 40.4661273 ], [ -3.6893025, 40.4659251 ] ] ] } },
{ "type": "Feature", "properties": { "neighborhood": "Nueva España", "admin_level": "10" }, "geometry": { "type": "Polygon", "coordinates": [ [ [ -3.6900212, 40.4590643 ], [ -3.6899487, 40.4597692 ], [ -3.6897399, 40.4619861 ], [ -3.6896927, 40.4624856 ], [ -3.6894644, 40.4647283 ], [ -3.6893025, 40.4659251 ], [ -3.6886739, 40.4661273 ], [ -3.6885245, 40.4661596 ], [ -3.6863417, 40.4666318 ], [ -3.6860356, 40.4666982 ], [ -3.6829518, 40.4673405 ], [ -3.6798093, 40.4675902 ], [ -3.6793872, 40.4675724 ], [ -3.6790237, 40.467501 ], [ -3.6784022, 40.4675189 ], [ -3.6781229, 40.4675609 ], [ -3.6774288, 40.4677628 ], [ -3.6766122, 40.4677472 ], [ -3.6760814, 40.4676385 ], [ -3.6743461, 40.4671726 ], [ -3.67159, 40.4661785 ], [ -3.6684645, 40.466678 ], [ -3.667874, 40.4657609 ], [ -3.6669118, 40.4639454 ], [ -3.6655695, 40.461449 ], [ -3.6648568, 40.4600786 ], [ -3.6662189, 40.4596888 ], [ -3.6695244, 40.4587427 ], [ -3.6708762, 40.4584325 ], [ -3.6719062, 40.4584325 ], [ -3.6767706, 40.4586322 ], [ -3.6783326, 40.4586465 ], [ -3.6802155, 40.4585935 ], [ -3.6829285, 40.4586148 ], [ -3.6855527, 40.4587377 ], [ -3.6882427, 40.458885 ], [ -3.6900212, 40.4590643 ] ] ] } },
{ "type": "Feature", "properties": { "neighborhood": "Hispanoamérica", "admin_level": "10" }, "geometry": { "type": "Polygon", "coordinates": [ [ [ -3.6906966, 40.4520963 ], [ -3.6906684, 40.4523969 ], [ -3.6905331, 40.4537757 ], [ -3.690364, 40.4554993 ], [ -3.6903022, 40.4561289 ], [ -3.6902819, 40.4563355 ], [ -3.6901688, 40.4575484 ], [ -3.6900878, 40.4584175 ], [ -3.6900212, 40.4590643 ], [ -3.6882427, 40.458885 ], [ -3.6855527, 40.4587377 ], [ -3.6829285, 40.4586148 ], [ -3.6802155, 40.4585935 ], [ -3.6783326, 40.4586465 ], [ -3.6767706, 40.4586322 ], [ -3.6719062, 40.4584325 ], [ -3.6708762, 40.4584325 ], [ -3.6695244, 40.4587427 ], [ -3.6662189, 40.4596888 ], [ -3.6648568, 40.4600786 ], [ -3.664107, 40.4583083 ], [ -3.6636018, 40.4564304 ], [ -3.6633372, 40.4551528 ], [ -3.6630811, 40.4531586 ], [ -3.6654689, 40.4525383 ], [ -3.6674615, 40.4523468 ], [ -3.6675073, 40.4523424 ], [ -3.669974, 40.452461 ], [ -3.6700709, 40.452453 ], [ -3.6722066, 40.4519832 ], [ -3.6737515, 40.4516729 ], [ -3.6757685, 40.4517056 ], [ -3.6775705, 40.4516574 ], [ -3.6813117, 40.4516768 ], [ -3.6849244, 40.4518061 ], [ -3.6906966, 40.4520963 ] ] ] } },
{ "type": "Feature", "properties": { "neighborhood": "Prosperidad", "admin_level": "10" }, "geometry": { "type": "Polygon", "coordinates": [ [ [ -3.6791399, 40.4374072 ], [ -3.6786606, 40.4417591 ], [ -3.6784879, 40.4417489 ], [ -3.6779743, 40.4417187 ], [ -3.6770577, 40.4421043 ], [ -3.6758963, 40.4427759 ], [ -3.6744525, 40.4439586 ], [ -3.6741827, 40.4441797 ], [ -3.6726057, 40.4451762 ], [ -3.6706644, 40.4463503 ], [ -3.6695998, 40.4471432 ], [ -3.6685238, 40.448001 ], [ -3.6678179, 40.4483952 ], [ -3.6664515, 40.4491534 ], [ -3.6665483, 40.4493397 ], [ -3.667351, 40.4506394 ], [ -3.6675104, 40.4511159 ], [ -3.667556, 40.4515708 ], [ -3.6674615, 40.4523468 ], [ -3.6654689, 40.4525383 ], [ -3.6630811, 40.4531586 ], [ -3.6627984, 40.4511331 ], [ -3.6622355, 40.4487973 ], [ -3.6617159, 40.447212 ], [ -3.661509, 40.4466775 ], [ -3.6612973, 40.4461173 ], [ -3.6610327, 40.4456523 ], [ -3.6607296, 40.4450958 ], [ -3.6605199, 40.4446296 ], [ -3.6640827, 40.4434341 ], [ -3.6649732, 40.4430585 ], [ -3.670005, 40.4400699 ], [ -3.671271, 40.4395555 ], [ -3.6723439, 40.4392615 ], [ -3.6743395, 40.4389186 ], [ -3.6749188, 40.4387716 ], [ -3.6751978, 40.4386491 ], [ -3.6773836, 40.4373784 ], [ -3.6791399, 40.4374072 ] ] ] } },
{ "type": "Feature", "properties": { "neighborhood": "El Viso", "admin_level": "10" }, "geometry": { "type": "Polygon", "coordinates": [ [ [ -3.6912759, 40.4462118 ], [ -3.6912136, 40.4468789 ], [ -3.6909712, 40.4492777 ], [ -3.6909175, 40.4497444 ], [ -3.6906966, 40.4520963 ], [ -3.6849244, 40.4518061 ], [ -3.6813117, 40.4516768 ], [ -3.6775705, 40.4516574 ], [ -3.677596, 40.4514702 ], [ -3.6786606, 40.4417591 ], [ -3.6791399, 40.4374072 ], [ -3.68946, 40.4379315 ], [ -3.6906796, 40.4379785 ], [ -3.6908155, 40.4382304 ], [ -3.6909127, 40.4386165 ], [ -3.6913679, 40.4399711 ], [ -3.6915844, 40.4405203 ], [ -3.6917292, 40.4407572 ], [ -3.6917412, 40.4410677 ], [ -3.6917336, 40.4412876 ], [ -3.6916974, 40.4417591 ], [ -3.6913439, 40.4454834 ], [ -3.6912759, 40.4462118 ] ] ] } },
{ "type": "Feature", "properties": { "neighborhood": "Ciudad Jardín", "admin_level": "10" }, "geometry": { "type": "Polygon", "coordinates": [ [ [ -3.6786606, 40.4417591 ], [ -3.677596, 40.4514702 ], [ -3.6775705, 40.4516574 ], [ -3.6757685, 40.4517056 ], [ -3.6737515, 40.4516729 ], [ -3.6722066, 40.4519832 ], [ -3.6700709, 40.452453 ], [ -3.669974, 40.452461 ], [ -3.6675073, 40.4523424 ], [ -3.6674615, 40.4523468 ], [ -3.667556, 40.4515708 ], [ -3.6675104, 40.4511159 ], [ -3.667351, 40.4506394 ], [ -3.6665483, 40.4493397 ], [ -3.6664515, 40.4491534 ], [ -3.6678179, 40.4483952 ], [ -3.6685238, 40.448001 ], [ -3.6695998, 40.4471432 ], [ -3.6706644, 40.4463503 ], [ -3.6726057, 40.4451762 ], [ -3.6741827, 40.4441797 ], [ -3.6744525, 40.4439586 ], [ -3.6758963, 40.4427759 ], [ -3.6770577, 40.4421043 ], [ -3.6779743, 40.4417187 ], [ -3.6784879, 40.4417489 ], [ -3.6786606, 40.4417591 ] ] ] } },
{ "type": "Feature", "properties": { "neighborhood": "Fuentelarreina", "admin_level": "10" }, "geometry": { "type": "Polygon", "coordinates": [ [ [ -3.7515667, 40.4786803 ], [ -3.750757, 40.4784669 ], [ -3.7503437, 40.4784563 ], [ -3.748512, 40.4784141 ], [ -3.7480835, 40.4783638 ], [ -3.7477325, 40.4782832 ], [ -3.7472959, 40.4781196 ], [ -3.746915, 40.4778784 ], [ -3.7465428, 40.477884 ], [ -3.7454539, 40.4785662 ], [ -3.74413, 40.4794045 ], [ -3.7428566, 40.4802087 ], [ -3.7422029, 40.4806209 ], [ -3.7415933, 40.4810188 ], [ -3.7417278, 40.4810772 ], [ -3.7418838, 40.4811448 ], [ -3.7419183, 40.4811598 ], [ -3.7429298, 40.4816319 ], [ -3.7432804, 40.4818198 ], [ -3.744906, 40.4826931 ], [ -3.7450396, 40.4828508 ], [ -3.7454821, 40.4835879 ], [ -3.7444003, 40.4854827 ], [ -3.7437031, 40.4861487 ], [ -3.7436561, 40.4862334 ], [ -3.7435168, 40.4864168 ], [ -3.7427723, 40.4875471 ], [ -3.7425487, 40.4878867 ], [ -3.7424001, 40.4884627 ], [ -3.7422564, 40.4885661 ], [ -3.7419117, 40.4887564 ], [ -3.7413309, 40.4892985 ], [ -3.7407558, 40.4898353 ], [ -3.7393703, 40.4911284 ], [ -3.7345237, 40.4885733 ], [ -3.7340732, 40.487663 ], [ -3.7336632, 40.4871465 ], [ -3.7335422, 40.4870685 ], [ -3.7335043, 40.4870467 ], [ -3.7331636, 40.4869747 ], [ -3.7329887, 40.4869852 ], [ -3.732959, 40.4869894 ], [ -3.7328488, 40.487026 ], [ -3.7305416, 40.4864923 ], [ -3.7353529, 40.4853848 ], [ -3.7355828, 40.4852358 ], [ -3.7357616, 40.485048 ], [ -3.7359064, 40.4848407 ], [ -3.7359234, 40.4844262 ], [ -3.735983, 40.4837008 ], [ -3.7363492, 40.4821528 ], [ -3.7367955, 40.4812439 ], [ -3.7371497, 40.4803976 ], [ -3.7372431, 40.4803476 ], [ -3.7380495, 40.4796518 ], [ -3.7383064, 40.4792859 ], [ -3.7393194, 40.4785416 ], [ -3.7392212, 40.4784354 ], [ -3.7379167, 40.475173 ], [ -3.7380714, 40.4749273 ], [ -3.7376197, 40.4747018 ], [ -3.7372568, 40.4743258 ], [ -3.7365407, 40.4742815 ], [ -3.7361485, 40.4740474 ], [ -3.7356066, 40.47308 ], [ -3.735964, 40.473168 ], [ -3.7402006, 40.4741941 ], [ -3.7408298, 40.4743457 ], [ -3.7414897, 40.4744231 ], [ -3.7421942, 40.4744498 ], [ -3.7447783, 40.4745143 ], [ -3.7467515, 40.4745076 ], [ -3.7473507, 40.4744854 ], [ -3.7474672, 40.4744697 ], [ -3.7480932, 40.4743853 ], [ -3.7484557, 40.4743119 ], [ -3.7489818, 40.4741496 ], [ -3.7494905, 40.4738672 ], [ -3.7498705, 40.4735559 ], [ -3.7502417, 40.473209 ], [ -3.7504405, 40.472891 ], [ -3.7506042, 40.4724974 ], [ -3.7506597, 40.4720549 ], [ -3.7506481, 40.471579 ], [ -3.7505493, 40.4711877 ], [ -3.7507568, 40.4711663 ], [ -3.7515659, 40.4737314 ], [ -3.7517304, 40.4749527 ], [ -3.7518036, 40.4758532 ], [ -3.7517982, 40.4760458 ], [ -3.751782, 40.4766238 ], [ -3.7517564, 40.4768684 ], [ -3.7515667, 40.4786803 ] ] ] } },
{ "type": "Feature", "properties": { "neighborhood": "Mirasierra", "admin_level": "10" }, "geometry": { "type": "Polygon", "coordinates": [ [ [ -3.7420255, 40.5089611 ], [ -3.7414718, 40.5098541 ], [ -3.740407, 40.5116254 ], [ -3.7395442, 40.5130992 ], [ -3.739421, 40.5133096 ], [ -3.7393722, 40.513385 ], [ -3.7368946, 40.5124357 ], [ -3.7354569, 40.5114895 ], [ -3.7323241, 40.5094502 ], [ -3.7269873, 40.5083399 ], [ -3.7268003, 40.5082781 ], [ -3.7266458, 40.5081977 ], [ -3.7265238, 40.508105 ], [ -3.7263856, 40.507969 ], [ -3.7262636, 40.5078577 ], [ -3.7261417, 40.5077526 ], [ -3.7259872, 40.5076351 ], [ -3.7257839, 40.5075053 ], [ -3.7250521, 40.5070787 ], [ -3.7244423, 40.5067573 ], [ -3.724233, 40.506711 ], [ -3.7232349, 40.5066303 ], [ -3.7224563, 40.5065011 ], [ -3.7217838, 40.5063558 ], [ -3.7213521, 40.5062643 ], [ -3.7209486, 40.5061459 ], [ -3.7206655, 40.5059952 ], [ -3.719412, 40.5053414 ], [ -3.7188594, 40.5050885 ], [ -3.7178038, 40.504662 ], [ -3.7177222, 40.5046236 ], [ -3.7169121, 40.504334 ], [ -3.7162362, 40.5041219 ], [ -3.7153189, 40.5038282 ], [ -3.7141441, 40.503404 ], [ -3.7135862, 40.5032612 ], [ -3.713157, 40.5032286 ], [ -3.7127494, 40.503253 ], [ -3.7124597, 40.5034244 ], [ -3.7121736, 40.5035554 ], [ -3.7118794, 40.5036512 ], [ -3.7116389, 40.5037063 ], [ -3.7114405, 40.5037382 ], [ -3.7112653, 40.5037595 ], [ -3.7110669, 40.5037631 ], [ -3.710803, 40.5037524 ], [ -3.7095854, 40.5037007 ], [ -3.707985, 40.503609 ], [ -3.7068641, 40.5035531 ], [ -3.7047194, 40.503439 ], [ -3.7026572, 40.5033316 ], [ -3.7008479, 40.5032399 ], [ -3.7004919, 40.5032466 ], [ -3.699777, 40.5033025 ], [ -3.6992828, 40.5033763 ], [ -3.6988356, 40.503477 ], [ -3.698462, 40.5035799 ], [ -3.6982371, 40.5036464 ], [ -3.6976817, 40.5026531 ], [ -3.6970409, 40.5020815 ], [ -3.696205, 40.5015236 ], [ -3.6968214, 40.5007566 ], [ -3.6977715, 40.4999076 ], [ -3.6987878, 40.4992275 ], [ -3.699666, 40.4985227 ], [ -3.7002107, 40.4978425 ], [ -3.7006986, 40.4970326 ], [ -3.7008937, 40.4962597 ], [ -3.7008937, 40.4957527 ], [ -3.7007149, 40.4950107 ], [ -3.7002351, 40.4942749 ], [ -3.699275, 40.4932913 ], [ -3.6987171, 40.4924264 ], [ -3.6984811, 40.4914963 ], [ -3.6982503, 40.4900933 ], [ -3.7008129, 40.4893264 ], [ -3.7011487, 40.4892048 ], [ -3.701414, 40.4890886 ], [ -3.7016614, 40.4889487 ], [ -3.7021475, 40.4886283 ], [ -3.7031642, 40.4880314 ], [ -3.7063658, 40.4870547 ], [ -3.707329, 40.4867766 ], [ -3.7081138, 40.4864239 ], [ -3.7092546, 40.4856221 ], [ -3.7103843, 40.4849329 ], [ -3.7109492, 40.484557 ], [ -3.7114317, 40.4842438 ], [ -3.7117611, 40.4840111 ], [ -3.7120671, 40.4838142 ], [ -3.7123848, 40.4836441 ], [ -3.7127732, 40.483474 ], [ -3.713338, 40.4832861 ], [ -3.7138205, 40.4831787 ], [ -3.7143684, 40.4830849 ], [ -3.7145877, 40.483237 ], [ -3.714895, 40.4834552 ], [ -3.7152638, 40.4837357 ], [ -3.7155302, 40.4839695 ], [ -3.7157261, 40.4841231 ], [ -3.7159195, 40.4842811 ], [ -3.7161243, 40.4844993 ], [ -3.7163087, 40.4847954 ], [ -3.7164522, 40.4851538 ], [ -3.7165341, 40.485481 ], [ -3.7165956, 40.4857615 ], [ -3.7186887, 40.4856702 ], [ -3.7190447, 40.4856593 ], [ -3.7199947, 40.4856226 ], [ -3.7209021, 40.4855855 ], [ -3.7252876, 40.4855208 ], [ -3.7276731, 40.4855626 ], [ -3.7299347, 40.4863346 ], [ -3.7305416, 40.4864923 ], [ -3.7328488, 40.487026 ], [ -3.732959, 40.4869894 ], [ -3.7329887, 40.4869852 ], [ -3.7331636, 40.4869747 ], [ -3.7335043, 40.4870467 ], [ -3.7335422, 40.4870685 ], [ -3.7336632, 40.4871465 ], [ -3.7340732, 40.487663 ], [ -3.7345237, 40.4885733 ], [ -3.7393703, 40.4911284 ], [ -3.7367129, 40.4964684 ], [ -3.7365277, 40.4968367 ], [ -3.736357, 40.4971835 ], [ -3.7361982, 40.497571 ], [ -3.7358791, 40.4984321 ], [ -3.7352054, 40.5002497 ], [ -3.7345171, 40.5021095 ], [ -3.7345133, 40.5021167 ], [ -3.732665, 40.5034593 ], [ -3.7322992, 40.5038707 ], [ -3.7324867, 40.5049855 ], [ -3.7325537, 40.5052935 ], [ -3.7327123, 40.5057288 ], [ -3.732804, 40.5062993 ], [ -3.7330866, 40.5063575 ], [ -3.732982, 40.5069768 ], [ -3.7328941, 40.5071023 ], [ -3.732988, 40.5072653 ], [ -3.7332516, 40.5073853 ], [ -3.733432, 40.5073913 ], [ -3.7340634, 40.5075929 ], [ -3.7344163, 40.5077199 ], [ -3.7347306, 40.5072275 ], [ -3.7349639, 40.5068619 ], [ -3.7420255, 40.5089611 ] ] ] } },
{ "type": "Feature", "properties": { "neighborhood": "Valverde", "admin_level": "10" }, "geometry": { "type": "Polygon", "coordinates": [ [ [ -3.6982503, 40.4900933 ], [ -3.6984811, 40.4914963 ], [ -3.6987171, 40.4924264 ], [ -3.699275, 40.4932913 ], [ -3.7002351, 40.4942749 ], [ -3.7007149, 40.4950107 ], [ -3.7008937, 40.4957527 ], [ -3.7008937, 40.4962597 ], [ -3.7006986, 40.4970326 ], [ -3.7002107, 40.4978425 ], [ -3.699666, 40.4985227 ], [ -3.6987878, 40.4992275 ], [ -3.6977715, 40.4999076 ], [ -3.6968214, 40.5007566 ], [ -3.696205, 40.5015236 ], [ -3.6940484, 40.5040879 ], [ -3.6919366, 40.5066648 ], [ -3.6905911, 40.5082446 ], [ -3.6896204, 40.5092028 ], [ -3.6887007, 40.5098373 ], [ -3.6877299, 40.5103423 ], [ -3.6870827, 40.5106789 ], [ -3.6861541, 40.5104973 ], [ -3.6859013, 40.5105101 ], [ -3.6856709, 40.5105827 ], [ -3.6854631, 40.5107109 ], [ -3.6851709, 40.5109415 ], [ -3.6844799, 40.5115181 ], [ -3.6838563, 40.5119666 ], [ -3.6834799, 40.5121588 ], [ -3.6829461, 40.512334 ], [ -3.6773103, 40.5136965 ], [ -3.6752835, 40.5142433 ], [ -3.6729391, 40.5152445 ], [ -3.6707723, 40.5161817 ], [ -3.6691938, 40.5168279 ], [ -3.6686427, 40.5171261 ], [ -3.6678582, 40.5176799 ], [ -3.667167, 40.5181698 ], [ -3.6666346, 40.5185036 ], [ -3.6659715, 40.5188657 ], [ -3.6650375, 40.5192349 ], [ -3.662864, 40.520015 ], [ -3.6625986, 40.519938 ], [ -3.6614774, 40.5172953 ], [ -3.6603989, 40.515674 ], [ -3.6603858, 40.5154518 ], [ -3.6601715, 40.5148318 ], [ -3.6598678, 40.5142886 ], [ -3.6596535, 40.5141845 ], [ -3.6595642, 40.5139628 ], [ -3.6591951, 40.5136459 ], [ -3.6591053, 40.5135126 ], [ -3.6586696, 40.5119597 ], [ -3.6585242, 40.5117415 ], [ -3.6577949, 40.5113768 ], [ -3.657867, 40.5111009 ], [ -3.658008, 40.5107123 ], [ -3.658102, 40.510404 ], [ -3.6581608, 40.5101137 ], [ -3.6582195, 40.5097205 ], [ -3.6582372, 40.5093855 ], [ -3.6582548, 40.5090281 ], [ -3.658243, 40.5086171 ], [ -3.6581583, 40.5074094 ], [ -3.6580912, 40.5062411 ], [ -3.6580958, 40.5058657 ], [ -3.6581186, 40.5054104 ], [ -3.6582192, 40.5048474 ], [ -3.6584066, 40.5043122 ], [ -3.6586397, 40.5037944 ], [ -3.6589505, 40.503287 ], [ -3.6592385, 40.5028351 ], [ -3.6615193, 40.5001346 ], [ -3.6622323, 40.4993804 ], [ -3.6627443, 40.4988625 ], [ -3.6632196, 40.4984767 ], [ -3.6642389, 40.4976286 ], [ -3.6700708, 40.4929465 ], [ -3.670742, 40.4923878 ], [ -3.6710139, 40.492127 ], [ -3.6712762, 40.4918553 ], [ -3.6715496, 40.491532 ], [ -3.6720184, 40.4909304 ], [ -3.6727132, 40.4894913 ], [ -3.67296, 40.4884624 ], [ -3.6731382, 40.4873778 ], [ -3.6732854, 40.4859639 ], [ -3.6734207, 40.4844766 ], [ -3.6734578, 40.48406 ], [ -3.6739444, 40.4840409 ], [ -3.6743704, 40.4840278 ], [ -3.6745418, 40.4840256 ], [ -3.6751081, 40.4840184 ], [ -3.6752456, 40.4840166 ], [ -3.6755856, 40.4840042 ], [ -3.6759183, 40.4839868 ], [ -3.676243, 40.4839724 ], [ -3.6772198, 40.4839678 ], [ -3.6782167, 40.4838757 ], [ -3.6788179, 40.4837997 ], [ -3.6795056, 40.483676 ], [ -3.6798222, 40.4836024 ], [ -3.6801279, 40.483531 ], [ -3.6815378, 40.4831495 ], [ -3.6822823, 40.4829501 ], [ -3.6823995, 40.4829139 ], [ -3.6829129, 40.4827526 ], [ -3.6828693, 40.4829713 ], [ -3.6836885, 40.4829007 ], [ -3.684776, 40.4828778 ], [ -3.6856564, 40.4829256 ], [ -3.6864072, 40.4830553 ], [ -3.6856926, 40.4827926 ], [ -3.6853474, 40.4825779 ], [ -3.6852481, 40.4824034 ], [ -3.6853942, 40.4823912 ], [ -3.6855345, 40.482506 ], [ -3.6859156, 40.482703 ], [ -3.6863307, 40.4828217 ], [ -3.6866293, 40.482882 ], [ -3.68701, 40.4829807 ], [ -3.6873719, 40.4830798 ], [ -3.6879333, 40.4832421 ], [ -3.6883566, 40.4834012 ], [ -3.6888761, 40.4836107 ], [ -3.6921372, 40.4849424 ], [ -3.6943985, 40.4858517 ], [ -3.6951904, 40.4861809 ], [ -3.6959268, 40.486573 ], [ -3.6967626, 40.4872336 ], [ -3.6973512, 40.4879012 ], [ -3.6977857, 40.4886381 ], [ -3.698075, 40.4893844 ], [ -3.6982503, 40.4900933 ] ] ] } },
{ "type": "Feature", "properties": { "neighborhood": "El Goloso", "admin_level": "10" }, "geometry": { "type": "Polygon", "coordinates": [ [ [ -3.7393722, 40.513385 ], [ -3.7392506, 40.513568 ], [ -3.7388321, 40.5142807 ], [ -3.7376858, 40.5158581 ], [ -3.7375305, 40.5160718 ], [ -3.7362034, 40.5178764 ], [ -3.7358619, 40.5183552 ], [ -3.7326658, 40.5228356 ], [ -3.7318959, 40.522988 ], [ -3.7299607, 40.5231462 ], [ -3.7296407, 40.5235792 ], [ -3.7277381, 40.5269788 ], [ -3.7210079, 40.5298184 ], [ -3.7195061, 40.5301384 ], [ -3.7117422, 40.5328407 ], [ -3.7076213, 40.5366727 ], [ -3.706286, 40.5383517 ], [ -3.7062739, 40.5383681 ], [ -3.7054985, 40.5393621 ], [ -3.7054645, 40.5394059 ], [ -3.7065449, 40.5401722 ], [ -3.7065779, 40.540201 ], [ -3.7070465, 40.540609 ], [ -3.70733, 40.5409063 ], [ -3.7075115, 40.541144 ], [ -3.7078274, 40.5415643 ], [ -3.7080009, 40.5418485 ], [ -3.7088987, 40.5435054 ], [ -3.7095246, 40.5446321 ], [ -3.7101168, 40.5458018 ], [ -3.7105037, 40.546548 ], [ -3.7106839, 40.5469516 ], [ -3.7106988, 40.5469925 ], [ -3.7108322, 40.5473579 ], [ -3.7114925, 40.549383 ], [ -3.7118064, 40.550319 ], [ -3.7122415, 40.5516495 ], [ -3.712289, 40.5517984 ], [ -3.7124869, 40.5524181 ], [ -3.7129984, 40.5539922 ], [ -3.713923, 40.5567742 ], [ -3.7152228, 40.5578605 ], [ -3.714658, 40.5587966 ], [ -3.7160051, 40.562889 ], [ -3.7160125, 40.5629231 ], [ -3.7160862, 40.5631483 ], [ -3.7161171, 40.5633622 ], [ -3.7163749, 40.5651442 ], [ -3.7160268, 40.5665688 ], [ -3.7159775, 40.5666668 ], [ -3.7151356, 40.5679228 ], [ -3.714233, 40.5691763 ], [ -3.7137604, 40.5697811 ], [ -3.7127926, 40.5709941 ], [ -3.7123098, 40.5717005 ], [ -3.7120189, 40.5724261 ], [ -3.7117295, 40.5728405 ], [ -3.7112781, 40.5747511 ], [ -3.7112223, 40.5750481 ], [ -3.7108316, 40.5768934 ], [ -3.7106656, 40.5777108 ], [ -3.710469, 40.5785439 ], [ -3.7009167, 40.5784659 ], [ -3.7000364, 40.5782644 ], [ -3.6973517, 40.5760692 ], [ -3.6971587, 40.5750473 ], [ -3.6964571, 40.5744357 ], [ -3.6948463, 40.573717 ], [ -3.6934298, 40.5719764 ], [ -3.6926225, 40.5715491 ], [ -3.6924878, 40.5707817 ], [ -3.6917935, 40.5697841 ], [ -3.6912773, 40.5696578 ], [ -3.690705, 40.569081 ], [ -3.6903993, 40.5696688 ], [ -3.689256, 40.5705457 ], [ -3.6895849, 40.5697689 ], [ -3.6895237, 40.5686762 ], [ -3.6889974, 40.5675144 ], [ -3.6868511, 40.5628837 ], [ -3.6857903, 40.5598877 ], [ -3.6827672, 40.5544835 ], [ -3.6820663, 40.5531171 ], [ -3.6821406, 40.5527133 ], [ -3.6826111, 40.5525637 ], [ -3.6830616, 40.5522126 ], [ -3.6818348, 40.5504645 ], [ -3.6817939, 40.5499748 ], [ -3.6810164, 40.549139 ], [ -3.6802489, 40.5487819 ], [ -3.678561, 40.5467804 ], [ -3.6786086, 40.5463205 ], [ -3.6786253, 40.5461189 ], [ -3.6787263, 40.5454196 ], [ -3.6781392, 40.5436027 ], [ -3.677821, 40.5429544 ], [ -3.6774906, 40.5425165 ], [ -3.676928, 40.5418355 ], [ -3.6767933, 40.5414772 ], [ -3.6762291, 40.5411957 ], [ -3.6757758, 40.5408745 ], [ -3.6747297, 40.5393552 ], [ -3.6744035, 40.5384805 ], [ -3.6740245, 40.5379541 ], [ -3.6732884, 40.5376231 ], [ -3.6721698, 40.537277 ], [ -3.6718847, 40.5370622 ], [ -3.6711731, 40.5362003 ], [ -3.6703355, 40.5349506 ], [ -3.6693614, 40.5342974 ], [ -3.6709644, 40.5320963 ], [ -3.6723495, 40.530866 ], [ -3.6757345, 40.5283834 ], [ -3.6765199, 40.5272356 ], [ -3.6771913, 40.5269828 ], [ -3.675564, 40.5261067 ], [ -3.675049, 40.525567 ], [ -3.6748652, 40.5255627 ], [ -3.6734339, 40.5247499 ], [ -3.6730213, 40.5246795 ], [ -3.6721287, 40.5243468 ], [ -3.6719944, 40.5243802 ], [ -3.6714749, 40.5245096 ], [ -3.6702344, 40.5246667 ], [ -3.6689342, 40.5250307 ], [ -3.6681811, 40.5251039 ], [ -3.6670312, 40.5248586 ], [ -3.6658697, 40.5247055 ], [ -3.6658858, 40.5245727 ], [ -3.6659347, 40.5241709 ], [ -3.6659121, 40.5238832 ], [ -3.6659109, 40.5238677 ], [ -3.6656847, 40.5234468 ], [ -3.6656749, 40.5234091 ], [ -3.6655954, 40.5231029 ], [ -3.6660546, 40.5214751 ], [ -3.6655061, 40.5207541 ], [ -3.6642796, 40.5203468 ], [ -3.6639799, 40.5198693 ], [ -3.6631973, 40.5201117 ], [ -3.662864, 40.520015 ], [ -3.6650375, 40.5192349 ], [ -3.6659715, 40.5188657 ], [ -3.6666346, 40.5185036 ], [ -3.667167, 40.5181698 ], [ -3.6678582, 40.5176799 ], [ -3.6686427, 40.5171261 ], [ -3.6691938, 40.5168279 ], [ -3.6707723, 40.5161817 ], [ -3.6729391, 40.5152445 ], [ -3.6752835, 40.5142433 ], [ -3.6773103, 40.5136965 ], [ -3.6829461, 40.512334 ], [ -3.6834799, 40.5121588 ], [ -3.6838563, 40.5119666 ], [ -3.6844799, 40.5115181 ], [ -3.6851709, 40.5109415 ], [ -3.6854631, 40.5107109 ], [ -3.6856709, 40.5105827 ], [ -3.6859013, 40.5105101 ], [ -3.6861541, 40.5104973 ], [ -3.6870827, 40.5106789 ], [ -3.6877299, 40.5103423 ], [ -3.6887007, 40.5098373 ], [ -3.6896204, 40.5092028 ], [ -3.6905911, 40.5082446 ], [ -3.6919366, 40.5066648 ], [ -3.6940484, 40.5040879 ], [ -3.696205, 40.5015236 ], [ -3.6970409, 40.5020815 ], [ -3.6976817, 40.5026531 ], [ -3.6982371, 40.5036464 ], [ -3.698462, 40.5035799 ], [ -3.6988356, 40.503477 ], [ -3.6992828, 40.5033763 ], [ -3.699777, 40.5033025 ], [ -3.7004919, 40.5032466 ], [ -3.7008479, 40.5032399 ], [ -3.7026572, 40.5033316 ], [ -3.7047194, 40.503439 ], [ -3.7068641, 40.5035531 ], [ -3.707985, 40.503609 ], [ -3.7095854, 40.5037007 ], [ -3.710803, 40.5037524 ], [ -3.7110669, 40.5037631 ], [ -3.7112653, 40.5037595 ], [ -3.7114405, 40.5037382 ], [ -3.7116389, 40.5037063 ], [ -3.7118794, 40.5036512 ], [ -3.7121736, 40.5035554 ], [ -3.7124597, 40.5034244 ], [ -3.7127494, 40.503253 ], [ -3.713157, 40.5032286 ], [ -3.7135862, 40.5032612 ], [ -3.7141441, 40.503404 ], [ -3.7153189, 40.5038282 ], [ -3.7162362, 40.5041219 ], [ -3.7169121, 40.504334 ], [ -3.7177222, 40.5046236 ], [ -3.7178038, 40.504662 ], [ -3.7188594, 40.5050885 ], [ -3.719412, 40.5053414 ], [ -3.7206655, 40.5059952 ], [ -3.7209486, 40.5061459 ], [ -3.7213521, 40.5062643 ], [ -3.7217838, 40.5063558 ], [ -3.7224563, 40.5065011 ], [ -3.7232349, 40.5066303 ], [ -3.724233, 40.506711 ], [ -3.7244423, 40.5067573 ], [ -3.7250521, 40.5070787 ], [ -3.7257839, 40.5075053 ], [ -3.7259872, 40.5076351 ], [ -3.7261417, 40.5077526 ], [ -3.7262636, 40.5078577 ], [ -3.7263856, 40.507969 ], [ -3.7265238, 40.508105 ], [ -3.7266458, 40.5081977 ], [ -3.7268003, 40.5082781 ], [ -3.7269873, 40.5083399 ], [ -3.7323241, 40.5094502 ], [ -3.7354569, 40.5114895 ], [ -3.7368946, 40.5124357 ], [ -3.7393722, 40.513385 ] ] ] } },
{ "type": "Feature", "properties": { "neighborhood": "Ciudad Universitaria", "admin_level": "10" }, "geometry": { "type": "Polygon", "coordinates": [ [ [ -3.7656834, 40.473882 ], [ -3.7637218, 40.4734237 ], [ -3.7636309, 40.4734025 ], [ -3.762609, 40.4732661 ], [ -3.7626434, 40.4724711 ], [ -3.7623048, 40.4724311 ], [ -3.7619119, 40.4723843 ], [ -3.7613131, 40.4724114 ], [ -3.7610565, 40.4724276 ], [ -3.7607784, 40.4724222 ], [ -3.7605788, 40.4724548 ], [ -3.7601725, 40.4723734 ], [ -3.7598303, 40.4723409 ], [ -3.759424, 40.4725253 ], [ -3.7587254, 40.4726608 ], [ -3.758646, 40.4728788 ], [ -3.758291, 40.4730481 ], [ -3.7582539, 40.4733241 ], [ -3.7582718, 40.4734942 ], [ -3.758314, 40.473591 ], [ -3.759044, 40.4740787 ], [ -3.7587545, 40.4741 ], [ -3.7584276, 40.4742137 ], [ -3.7582127, 40.4744126 ], [ -3.7577074, 40.4787188 ], [ -3.7574596, 40.479268 ], [ -3.7576932, 40.4799733 ], [ -3.7572048, 40.4800433 ], [ -3.7566102, 40.480291 ], [ -3.7559095, 40.4801402 ], [ -3.7547158, 40.4795702 ], [ -3.7543175, 40.4794309 ], [ -3.7542927, 40.4791171 ], [ -3.754534, 40.4786976 ], [ -3.7540904, 40.4786444 ], [ -3.7526308, 40.4786681 ], [ -3.7515667, 40.4786803 ], [ -3.7517564, 40.4768684 ], [ -3.751782, 40.4766238 ], [ -3.7517982, 40.4760458 ], [ -3.7518036, 40.4758532 ], [ -3.7517304, 40.4749527 ], [ -3.7515659, 40.4737314 ], [ -3.7507568, 40.4711663 ], [ -3.7505493, 40.4711877 ], [ -3.7506481, 40.471579 ], [ -3.7506597, 40.4720549 ], [ -3.7506042, 40.4724974 ], [ -3.7504405, 40.472891 ], [ -3.7502417, 40.473209 ], [ -3.7498705, 40.4735559 ], [ -3.7494905, 40.4738672 ], [ -3.7489818, 40.4741496 ], [ -3.7484557, 40.4743119 ], [ -3.7480932, 40.4743853 ], [ -3.7474672, 40.4744697 ], [ -3.7473507, 40.4744854 ], [ -3.7467515, 40.4745076 ], [ -3.7447783, 40.4745143 ], [ -3.7421942, 40.4744498 ], [ -3.7414897, 40.4744231 ], [ -3.7408298, 40.4743457 ], [ -3.7402006, 40.4741941 ], [ -3.735964, 40.473168 ], [ -3.7356066, 40.47308 ], [ -3.7352146, 40.4729834 ], [ -3.734606, 40.4728901 ], [ -3.734576, 40.4728855 ], [ -3.7333382, 40.4727222 ], [ -3.732685, 40.4726597 ], [ -3.7320637, 40.4726093 ], [ -3.7314631, 40.4726058 ], [ -3.730803, 40.4726041 ], [ -3.7301973, 40.4726709 ], [ -3.7296031, 40.4727237 ], [ -3.7289755, 40.4728056 ], [ -3.728438, 40.4728854 ], [ -3.7283234, 40.4724599 ], [ -3.7269502, 40.4708971 ], [ -3.7257812, 40.469539 ], [ -3.7258245, 40.469458 ], [ -3.7258474, 40.4694235 ], [ -3.7255714, 40.4691109 ], [ -3.7250226, 40.4684817 ], [ -3.7249952, 40.4684648 ], [ -3.7243558, 40.4679074 ], [ -3.7243314, 40.467836 ], [ -3.7242609, 40.4675424 ], [ -3.7237597, 40.465716 ], [ -3.7236322, 40.4645093 ], [ -3.7235079, 40.4644833 ], [ -3.7222923, 40.4641111 ], [ -3.7222289, 40.4640917 ], [ -3.7219769, 40.4640421 ], [ -3.7217014, 40.4639878 ], [ -3.7213246, 40.4639054 ], [ -3.7211126, 40.4637979 ], [ -3.7209619, 40.4635829 ], [ -3.7208347, 40.4633535 ], [ -3.7205333, 40.463135 ], [ -3.7203166, 40.4630454 ], [ -3.7200904, 40.4628053 ], [ -3.7197307, 40.4623618 ], [ -3.7195987, 40.4621178 ], [ -3.7193618, 40.4617019 ], [ -3.7191632, 40.4614487 ], [ -3.719146, 40.4613894 ], [ -3.7191392, 40.461323 ], [ -3.7191454, 40.461252 ], [ -3.7191752, 40.4611787 ], [ -3.7192044, 40.4611262 ], [ -3.7192438, 40.4610663 ], [ -3.7192935, 40.4610235 ], [ -3.7194496, 40.4609182 ], [ -3.7195645, 40.4608289 ], [ -3.7196248, 40.4607684 ], [ -3.7196725, 40.4607054 ], [ -3.7197165, 40.4606276 ], [ -3.7197506, 40.4605506 ], [ -3.7197722, 40.4604704 ], [ -3.7197916, 40.4603408 ], [ -3.7197822, 40.4602254 ], [ -3.7197613, 40.4601207 ], [ -3.7197395, 40.4600452 ], [ -3.719711, 40.4599729 ], [ -3.719688, 40.4599195 ], [ -3.7196233, 40.4598203 ], [ -3.7195527, 40.4597232 ], [ -3.7194797, 40.4596388 ], [ -3.719376, 40.459382 ], [ -3.7191681, 40.4594035 ], [ -3.719062, 40.4594278 ], [ -3.7189186, 40.4594363 ], [ -3.7189183, 40.4594481 ], [ -3.7187461, 40.4594485 ], [ -3.7187462, 40.4594328 ], [ -3.718716, 40.4594328 ], [ -3.7185908, 40.4593949 ], [ -3.718593, 40.4593908 ], [ -3.7185825, 40.4593871 ], [ -3.7184456, 40.4593446 ], [ -3.7183885, 40.4593247 ], [ -3.7181799, 40.4592599 ], [ -3.7173633, 40.4590047 ], [ -3.7172267, 40.458962 ], [ -3.7159846, 40.4585739 ], [ -3.7158566, 40.4586683 ], [ -3.7142077, 40.4581481 ], [ -3.7131097, 40.4578278 ], [ -3.712792, 40.4577717 ], [ -3.7117925, 40.4575811 ], [ -3.7113958, 40.457555 ], [ -3.7116551, 40.4573862 ], [ -3.711687, 40.4573057 ], [ -3.7118669, 40.4570469 ], [ -3.7121828, 40.4565969 ], [ -3.7122428, 40.45651 ], [ -3.7123069, 40.4564189 ], [ -3.7123906, 40.4562961 ], [ -3.7124748, 40.4561737 ], [ -3.7128767, 40.4556058 ], [ -3.7129519, 40.4554967 ], [ -3.7130195, 40.4553943 ], [ -3.7130527, 40.4551889 ], [ -3.713057, 40.4550952 ], [ -3.7130731, 40.4548437 ], [ -3.7130555, 40.4547451 ], [ -3.7130078, 40.4545943 ], [ -3.712673, 40.4539509 ], [ -3.7133277, 40.453044 ], [ -3.7122221, 40.4524848 ], [ -3.711786, 40.4524016 ], [ -3.7115827, 40.4520393 ], [ -3.7101277, 40.4498694 ], [ -3.7098287, 40.4494235 ], [ -3.7092928, 40.4487213 ], [ -3.7088311, 40.4479461 ], [ -3.7085672, 40.4475112 ], [ -3.7084027, 40.4472756 ], [ -3.7082704, 40.4471001 ], [ -3.7089512, 40.4471188 ], [ -3.7091911, 40.4471144 ], [ -3.7093798, 40.4470913 ], [ -3.7100824, 40.4469256 ], [ -3.7144802, 40.4458494 ], [ -3.7147323, 40.4457899 ], [ -3.7172683, 40.4466811 ], [ -3.7175579, 40.4467093 ], [ -3.7178968, 40.4466905 ], [ -3.7182665, 40.4466108 ], [ -3.7192551, 40.4456906 ], [ -3.7194688, 40.4455853 ], [ -3.719622, 40.4454782 ], [ -3.7196481, 40.4454591 ], [ -3.7196659, 40.4454356 ], [ -3.7196743, 40.4454093 ], [ -3.7198555, 40.4451305 ], [ -3.7197743, 40.4437602 ], [ -3.7176192, 40.4398085 ], [ -3.7176051, 40.4396278 ], [ -3.7175897, 40.4393619 ], [ -3.7175911, 40.4392278 ], [ -3.7175842, 40.4389737 ], [ -3.7182714, 40.4355418 ], [ -3.7198402, 40.4357403 ], [ -3.7216996, 40.436671 ], [ -3.7231549, 40.4374303 ], [ -3.7250583, 40.4366506 ], [ -3.7264095, 40.4360838 ], [ -3.7279971, 40.4357 ], [ -3.7309711, 40.4349932 ], [ -3.7333655, 40.4343699 ], [ -3.733954, 40.4342432 ], [ -3.7342328, 40.4342082 ], [ -3.7345522, 40.4342095 ], [ -3.7353534, 40.4342482 ], [ -3.7359766, 40.4342838 ], [ -3.73716, 40.4343613 ], [ -3.7376754, 40.434419 ], [ -3.738309, 40.4345503 ], [ -3.7389188, 40.4348023 ], [ -3.7394835, 40.4351558 ], [ -3.7398455, 40.4354683 ], [ -3.7401418, 40.4358063 ], [ -3.7404253, 40.4361296 ], [ -3.741299, 40.437238 ], [ -3.7417723, 40.437753 ], [ -3.7423389, 40.4382356 ], [ -3.7428673, 40.4386326 ], [ -3.7435632, 40.4391555 ], [ -3.745802, 40.4408375 ], [ -3.7486821, 40.4429608 ], [ -3.7490984, 40.4432212 ], [ -3.7496827, 40.4435161 ], [ -3.7506583, 40.4439507 ], [ -3.7534533, 40.4452069 ], [ -3.7547869, 40.4457993 ], [ -3.7561571, 40.4464109 ], [ -3.7576914, 40.4471072 ], [ -3.7591891, 40.4477678 ], [ -3.7613976, 40.4487561 ], [ -3.7620611, 40.4490758 ], [ -3.7623822, 40.4492538 ], [ -3.7626237, 40.4494392 ], [ -3.7627479, 40.4495506 ], [ -3.7625813, 40.4496231 ], [ -3.762102, 40.4497567 ], [ -3.7618726, 40.4497756 ], [ -3.7616143, 40.449763 ], [ -3.7614077, 40.4497253 ], [ -3.7611439, 40.4496479 ], [ -3.7573984, 40.4510628 ], [ -3.7573536, 40.4512595 ], [ -3.7572377, 40.4527661 ], [ -3.7574094, 40.4533043 ], [ -3.7583508, 40.4541176 ], [ -3.7586758, 40.4547336 ], [ -3.7588677, 40.4550755 ], [ -3.7589624, 40.4552573 ], [ -3.7590277, 40.4554554 ], [ -3.7590524, 40.4555307 ], [ -3.7624388, 40.4601251 ], [ -3.7625079, 40.4601733 ], [ -3.762411, 40.4605092 ], [ -3.7622626, 40.4608122 ], [ -3.7622681, 40.4608907 ], [ -3.7622888, 40.4611855 ], [ -3.7627206, 40.4612359 ], [ -3.7620324, 40.463442 ], [ -3.7641952, 40.4697242 ], [ -3.7642856, 40.4699744 ], [ -3.7643762, 40.4702147 ], [ -3.7644792, 40.4704703 ], [ -3.7645808, 40.4707265 ], [ -3.764681, 40.4709809 ], [ -3.7647812, 40.4712349 ], [ -3.7648812, 40.4714868 ], [ -3.7649803, 40.4717381 ], [ -3.7650885, 40.472013 ], [ -3.7652003, 40.4722554 ], [ -3.7652182, 40.4722995 ], [ -3.7654777, 40.4729392 ], [ -3.7656834, 40.473882 ] ] ] } },
{ "type": "Feature", "properties": { "neighborhood": "Argüelles", "admin_level": "10" }, "geometry": { "type": "Polygon", "coordinates": [ [ [ -3.7198402, 40.4357403 ], [ -3.7182714, 40.4355418 ], [ -3.7184224, 40.4347672 ], [ -3.7173182, 40.4331454 ], [ -3.7179129, 40.4330227 ], [ -3.7179766, 40.4330094 ], [ -3.7174638, 40.4323181 ], [ -3.7171778, 40.4319146 ], [ -3.7170999, 40.4318097 ], [ -3.7165885, 40.4311208 ], [ -3.7162454, 40.4306258 ], [ -3.7160969, 40.430544 ], [ -3.7153407, 40.4294961 ], [ -3.7150889, 40.4291462 ], [ -3.7149525, 40.4289492 ], [ -3.714822, 40.4287777 ], [ -3.7143242, 40.4280575 ], [ -3.7142741, 40.427978 ], [ -3.7141462, 40.427796 ], [ -3.7140961, 40.4277174 ], [ -3.7139039, 40.4274282 ], [ -3.7136282, 40.4270654 ], [ -3.7134958, 40.4268814 ], [ -3.7134422, 40.4267986 ], [ -3.7134129, 40.4267534 ], [ -3.7131839, 40.4264264 ], [ -3.713122, 40.4263332 ], [ -3.7130119, 40.4261823 ], [ -3.7129099, 40.4260475 ], [ -3.7128138, 40.4259215 ], [ -3.7124126, 40.4253594 ], [ -3.7123626, 40.4252891 ], [ -3.7122778, 40.4251694 ], [ -3.7118184, 40.424551 ], [ -3.7117116, 40.4244003 ], [ -3.7116888, 40.4243687 ], [ -3.7116484, 40.4243127 ], [ -3.7116038, 40.4242502 ], [ -3.7111901, 40.423732 ], [ -3.711082, 40.4236064 ], [ -3.7110123, 40.4235378 ], [ -3.7109748, 40.4235046 ], [ -3.7109359, 40.4234775 ], [ -3.710874, 40.4234383 ], [ -3.7108128, 40.4233932 ], [ -3.7124302, 40.4225143 ], [ -3.7128075, 40.4222857 ], [ -3.7130807, 40.422027 ], [ -3.7133176, 40.4218012 ], [ -3.7153311, 40.4204846 ], [ -3.715533, 40.4203858 ], [ -3.7158019, 40.420353 ], [ -3.7165725, 40.4203256 ], [ -3.7180605, 40.4202871 ], [ -3.7180834, 40.4212084 ], [ -3.7186616, 40.4218325 ], [ -3.7190352, 40.4222359 ], [ -3.7194653, 40.4227018 ], [ -3.7185115, 40.422793 ], [ -3.7178461, 40.4224882 ], [ -3.7174959, 40.422242 ], [ -3.7170878, 40.421955 ], [ -3.716948, 40.4219079 ], [ -3.7168478, 40.4218967 ], [ -3.7167666, 40.4218878 ], [ -3.7166481, 40.4218831 ], [ -3.7165226, 40.4218893 ], [ -3.7164752, 40.4219035 ], [ -3.7164325, 40.4219164 ], [ -3.7164194, 40.4219269 ], [ -3.7157062, 40.4225054 ], [ -3.7154527, 40.422711 ], [ -3.7153406, 40.422802 ], [ -3.7147684, 40.4234568 ], [ -3.7148566, 40.4235472 ], [ -3.7162522, 40.4249802 ], [ -3.7168282, 40.4251109 ], [ -3.7172256, 40.425201 ], [ -3.718367, 40.42546 ], [ -3.7184197, 40.4254719 ], [ -3.7188967, 40.4259672 ], [ -3.7197429, 40.4268456 ], [ -3.720505, 40.4276369 ], [ -3.721702, 40.4288798 ], [ -3.7223057, 40.4295062 ], [ -3.7225916, 40.4297994 ], [ -3.7228684, 40.4300833 ], [ -3.7229218, 40.4301395 ], [ -3.7231793, 40.430411 ], [ -3.7251932, 40.4325162 ], [ -3.7241106, 40.4329849 ], [ -3.7239922, 40.4330362 ], [ -3.7235924, 40.4332151 ], [ -3.7216651, 40.434044 ], [ -3.7194791, 40.4349616 ], [ -3.7195277, 40.4350666 ], [ -3.7198402, 40.4357403 ] ] ] } },
{ "type": "Feature", "properties": { "neighborhood": "Casa de Campo", "admin_level": "10" }, "geometry": { "type": "Polygon", "coordinates": [ [ [ -3.7793641, 40.4117544 ], [ -3.7793943, 40.4119524 ], [ -3.7794676, 40.4122324 ], [ -3.7796285, 40.4125215 ], [ -3.7800762, 40.4133594 ], [ -3.7805658, 40.414253 ], [ -3.7811657, 40.4166425 ], [ -3.7812403, 40.4169565 ], [ -3.7813952, 40.4175676 ], [ -3.7813544, 40.417735 ], [ -3.7812941, 40.4179921 ], [ -3.7811511, 40.4186468 ], [ -3.7810176, 40.4191648 ], [ -3.780387, 40.4217859 ], [ -3.7803556, 40.4219008 ], [ -3.7798349, 40.4228933 ], [ -3.7795547, 40.4234444 ], [ -3.7791186, 40.424274 ], [ -3.7786764, 40.4245589 ], [ -3.7785161, 40.4246545 ], [ -3.7782853, 40.4247921 ], [ -3.7778866, 40.4250445 ], [ -3.7775809, 40.4252319 ], [ -3.7771954, 40.4254708 ], [ -3.7768528, 40.4256792 ], [ -3.7761499, 40.4261173 ], [ -3.7759238, 40.4262554 ], [ -3.7756328, 40.4264358 ], [ -3.7754153, 40.4265707 ], [ -3.7753928, 40.4265846 ], [ -3.7742695, 40.4272876 ], [ -3.7735386, 40.4277262 ], [ -3.7727567, 40.4282103 ], [ -3.7715641, 40.4289459 ], [ -3.7707828, 40.4294273 ], [ -3.7707978, 40.4348794 ], [ -3.7708198, 40.4402827 ], [ -3.7708271, 40.4437256 ], [ -3.7708286, 40.4440573 ], [ -3.770795, 40.444522 ], [ -3.7669203, 40.4478221 ], [ -3.7662969, 40.4481669 ], [ -3.7652864, 40.4485891 ], [ -3.7627479, 40.4495506 ], [ -3.7626237, 40.4494392 ], [ -3.7623822, 40.4492538 ], [ -3.7620611, 40.4490758 ], [ -3.7613976, 40.4487561 ], [ -3.7591891, 40.4477678 ], [ -3.7576914, 40.4471072 ], [ -3.7561571, 40.4464109 ], [ -3.7547869, 40.4457993 ], [ -3.7534533, 40.4452069 ], [ -3.7506583, 40.4439507 ], [ -3.7496827, 40.4435161 ], [ -3.7490984, 40.4432212 ], [ -3.7486821, 40.4429608 ], [ -3.745802, 40.4408375 ], [ -3.7435632, 40.4391555 ], [ -3.7428673, 40.4386326 ], [ -3.7423389, 40.4382356 ], [ -3.7417723, 40.437753 ], [ -3.741299, 40.437238 ], [ -3.7404253, 40.4361296 ], [ -3.7401418, 40.4358063 ], [ -3.7398455, 40.4354683 ], [ -3.7394835, 40.4351558 ], [ -3.7389188, 40.4348023 ], [ -3.738309, 40.4345503 ], [ -3.7376754, 40.434419 ], [ -3.73716, 40.4343613 ], [ -3.7359766, 40.4342838 ], [ -3.7353534, 40.4342482 ], [ -3.7345522, 40.4342095 ], [ -3.7342328, 40.4342082 ], [ -3.733954, 40.4342432 ], [ -3.7333655, 40.4343699 ], [ -3.7309711, 40.4349932 ], [ -3.7279971, 40.4357 ], [ -3.7264095, 40.4360838 ], [ -3.7250583, 40.4366506 ], [ -3.7231549, 40.4374303 ], [ -3.7216996, 40.436671 ], [ -3.7198402, 40.4357403 ], [ -3.7195277, 40.4350666 ], [ -3.7194791, 40.4349616 ], [ -3.7216651, 40.434044 ], [ -3.7235924, 40.4332151 ], [ -3.7239922, 40.4330362 ], [ -3.7241106, 40.4329849 ], [ -3.7251932, 40.4325162 ], [ -3.7231793, 40.430411 ], [ -3.7229218, 40.4301395 ], [ -3.7228684, 40.4300833 ], [ -3.7225916, 40.4297994 ], [ -3.7223057, 40.4295062 ], [ -3.721702, 40.4288798 ], [ -3.720505, 40.4276369 ], [ -3.7197429, 40.4268456 ], [ -3.7188967, 40.4259672 ], [ -3.7184197, 40.4254719 ], [ -3.718367, 40.42546 ], [ -3.7172256, 40.425201 ], [ -3.7168282, 40.4251109 ], [ -3.7162522, 40.4249802 ], [ -3.7148566, 40.4235472 ], [ -3.7147684, 40.4234568 ], [ -3.7153406, 40.422802 ], [ -3.7154527, 40.422711 ], [ -3.7157062, 40.4225054 ], [ -3.7164194, 40.4219269 ], [ -3.7164325, 40.4219164 ], [ -3.7164752, 40.4219035 ], [ -3.7165226, 40.4218893 ], [ -3.7166481, 40.4218831 ], [ -3.7167666, 40.4218878 ], [ -3.7168478, 40.4218967 ], [ -3.716948, 40.4219079 ], [ -3.7170878, 40.421955 ], [ -3.7174959, 40.422242 ], [ -3.7178461, 40.4224882 ], [ -3.7185115, 40.422793 ], [ -3.7194653, 40.4227018 ], [ -3.7190352, 40.4222359 ], [ -3.7186616, 40.4218325 ], [ -3.7180834, 40.4212084 ], [ -3.7180605, 40.4202871 ], [ -3.7201893, 40.4202549 ], [ -3.7201952, 40.4202448 ], [ -3.7202985, 40.4200684 ], [ -3.7204, 40.4198949 ], [ -3.7206995, 40.4194695 ], [ -3.7210667, 40.4191187 ], [ -3.7215099, 40.418771 ], [ -3.7218428, 40.4185804 ], [ -3.7220532, 40.4184598 ], [ -3.7221607, 40.4180361 ], [ -3.7223791, 40.417175 ], [ -3.7248606, 40.4161646 ], [ -3.7262178, 40.415666 ], [ -3.7295751, 40.4144324 ], [ -3.7327998, 40.4132872 ], [ -3.7337305, 40.4129567 ], [ -3.7341843, 40.4127955 ], [ -3.7379194, 40.411466 ], [ -3.738528, 40.4110583 ], [ -3.7418535, 40.409206 ], [ -3.7419861, 40.4092559 ], [ -3.7420728, 40.4092886 ], [ -3.7422333, 40.4093501 ], [ -3.7423639, 40.4093947 ], [ -3.7424508, 40.4094204 ], [ -3.742543, 40.4094476 ], [ -3.7428786, 40.4095365 ], [ -3.7430461, 40.4095638 ], [ -3.7431354, 40.4095716 ], [ -3.7431839, 40.4095755 ], [ -3.7432024, 40.4095769 ], [ -3.7432556, 40.4095729 ], [ -3.7433288, 40.4095675 ], [ -3.7435587, 40.4095206 ], [ -3.743859, 40.4094533 ], [ -3.7439371, 40.4094345 ], [ -3.7444042, 40.4093219 ], [ -3.7444684, 40.4092979 ], [ -3.7444967, 40.4092871 ], [ -3.7445745, 40.4092555 ], [ -3.7446076, 40.4092212 ], [ -3.7446672, 40.4091438 ], [ -3.7447033, 40.4091391 ], [ -3.7447445, 40.4091337 ], [ -3.7474751, 40.4087741 ], [ -3.7478886, 40.4087196 ], [ -3.7498663, 40.4084459 ], [ -3.7505344, 40.4083452 ], [ -3.7520639, 40.4077374 ], [ -3.7526545, 40.4074541 ], [ -3.7529106, 40.4073285 ], [ -3.7549119, 40.4063071 ], [ -3.755689, 40.4058999 ], [ -3.7559509, 40.4058096 ], [ -3.7561152, 40.4057698 ], [ -3.7562799, 40.4057493 ], [ -3.7565015, 40.4057381 ], [ -3.7567232, 40.4057123 ], [ -3.7568812, 40.4056775 ], [ -3.757058, 40.4056183 ], [ -3.757354, 40.4054515 ], [ -3.7576589, 40.4052797 ], [ -3.7597552, 40.40406 ], [ -3.75986, 40.4039649 ], [ -3.7602266, 40.4036402 ], [ -3.7604444, 40.4033624 ], [ -3.7608053, 40.4028805 ], [ -3.7622749, 40.4009916 ], [ -3.7623921, 40.4009315 ], [ -3.7627368, 40.4006895 ], [ -3.7643588, 40.3994015 ], [ -3.7647455, 40.3993007 ], [ -3.7655034, 40.3991031 ], [ -3.7656842, 40.3992705 ], [ -3.7670106, 40.3992365 ], [ -3.7692786, 40.3996027 ], [ -3.7705932, 40.3994937 ], [ -3.77372, 40.4002454 ], [ -3.7738292, 40.4002712 ], [ -3.7745544, 40.4003146 ], [ -3.7745599, 40.4003146 ], [ -3.7745625, 40.4003808 ], [ -3.7744545, 40.4011967 ], [ -3.7743427, 40.4021083 ], [ -3.77496, 40.4026842 ], [ -3.7758184, 40.4034942 ], [ -3.7763504, 40.4040385 ], [ -3.7768831, 40.4052901 ], [ -3.7770858, 40.4055637 ], [ -3.7776649, 40.4063691 ], [ -3.778371, 40.407628 ], [ -3.7786116, 40.4082246 ], [ -3.7791528, 40.410534 ], [ -3.7793641, 40.4117544 ] ] ] } },
{ "type": "Feature", "properties": { "neighborhood": "Pinar del Rey", "admin_level": "10" }, "geometry": { "type": "Polygon", "coordinates": [ [ [ -3.663435, 40.4675053 ], [ -3.6630514, 40.467582 ], [ -3.6626704, 40.467711 ], [ -3.6623752, 40.4678535 ], [ -3.6620581, 40.4680244 ], [ -3.6617849, 40.4682255 ], [ -3.6585598, 40.4708845 ], [ -3.6578397, 40.4710327 ], [ -3.6560634, 40.473572 ], [ -3.6558601, 40.4739866 ], [ -3.6554416, 40.4750657 ], [ -3.6542896, 40.4768775 ], [ -3.6500685, 40.4812446 ], [ -3.6419275, 40.4797393 ], [ -3.637054, 40.4762357 ], [ -3.6320544, 40.4725468 ], [ -3.6279521, 40.4684978 ], [ -3.6289001, 40.4684291 ], [ -3.6301285, 40.4686291 ], [ -3.6311872, 40.4687342 ], [ -3.6326766, 40.4688821 ], [ -3.6339158, 40.4686087 ], [ -3.6344254, 40.4686209 ], [ -3.6377111, 40.4689537 ], [ -3.6378908, 40.4689719 ], [ -3.6415412, 40.4690536 ], [ -3.6422628, 40.4690698 ], [ -3.6426759, 40.4694493 ], [ -3.650229, 40.4674374 ], [ -3.6513072, 40.4672374 ], [ -3.6537319, 40.4669599 ], [ -3.6560762, 40.4665722 ], [ -3.6568594, 40.4662661 ], [ -3.6576265, 40.4658376 ], [ -3.6590159, 40.464703 ], [ -3.6593217, 40.4642132 ], [ -3.6592305, 40.4632092 ], [ -3.6603194, 40.4621799 ], [ -3.661947, 40.4633162 ], [ -3.6620284, 40.4633916 ], [ -3.6621098, 40.463467 ], [ -3.662485, 40.4640809 ], [ -3.662669, 40.464614 ], [ -3.663435, 40.4675053 ] ] ] } },
{ "type": "Feature", "properties": { "neighborhood": "Apóstol Santiago", "admin_level": "10" }, "geometry": { "type": "Polygon", "coordinates": [ [ [ -3.663435, 40.4675053 ], [ -3.6654475, 40.4749794 ], [ -3.6656192, 40.4756976 ], [ -3.6656514, 40.4761709 ], [ -3.6656728, 40.4764892 ], [ -3.6656407, 40.4768564 ], [ -3.6655763, 40.4772074 ], [ -3.665469, 40.4775093 ], [ -3.665351, 40.4777705 ], [ -3.6651579, 40.4780643 ], [ -3.664836, 40.4783581 ], [ -3.6612353, 40.4819862 ], [ -3.6597198, 40.482966 ], [ -3.6500685, 40.4812446 ], [ -3.6542896, 40.4768775 ], [ -3.6554416, 40.4750657 ], [ -3.6558601, 40.4739866 ], [ -3.6560634, 40.473572 ], [ -3.6578397, 40.4710327 ], [ -3.6585598, 40.4708845 ], [ -3.6617849, 40.4682255 ], [ -3.6620581, 40.4680244 ], [ -3.6623752, 40.4678535 ], [ -3.6626704, 40.467711 ], [ -3.6630514, 40.467582 ], [ -3.663435, 40.4675053 ] ] ] } },
{ "type": "Feature", "properties": { "neighborhood": "Puerta del Ángel", "admin_level": "10" }, "geometry": { "type": "Polygon", "coordinates": [ [ [ -3.7423086, 40.4045043 ], [ -3.7423031, 40.4047009 ], [ -3.7422844, 40.4050995 ], [ -3.7422713, 40.4053822 ], [ -3.7422695, 40.4054192 ], [ -3.7422202, 40.4055334 ], [ -3.7421816, 40.4056226 ], [ -3.742171, 40.4056368 ], [ -3.742092, 40.4057435 ], [ -3.7419793, 40.4058958 ], [ -3.741942, 40.4060076 ], [ -3.741849, 40.4062859 ], [ -3.7417552, 40.4069355 ], [ -3.7416518, 40.4075412 ], [ -3.7414094, 40.4084801 ], [ -3.7413193, 40.4086257 ], [ -3.7410692, 40.4089408 ], [ -3.7418535, 40.409206 ], [ -3.738528, 40.4110583 ], [ -3.7379194, 40.411466 ], [ -3.7341843, 40.4127955 ], [ -3.7337305, 40.4129567 ], [ -3.7327998, 40.4132872 ], [ -3.7295751, 40.4144324 ], [ -3.7262178, 40.415666 ], [ -3.7248606, 40.4161646 ], [ -3.7223791, 40.417175 ], [ -3.7227019, 40.4160874 ], [ -3.7228227, 40.4155182 ], [ -3.7228979, 40.4149805 ], [ -3.7229125, 40.4140254 ], [ -3.7229417, 40.4132523 ], [ -3.7228168, 40.412362 ], [ -3.7221687, 40.4103825 ], [ -3.7219319, 40.4097391 ], [ -3.7217886, 40.4090942 ], [ -3.7218228, 40.4085054 ], [ -3.7222282, 40.4085346 ], [ -3.7225441, 40.4085571 ], [ -3.7234826, 40.4087163 ], [ -3.7237546, 40.4087316 ], [ -3.72387, 40.4087449 ], [ -3.7241719, 40.4087495 ], [ -3.7245029, 40.4087474 ], [ -3.7246818, 40.4087385 ], [ -3.7249888, 40.4086901 ], [ -3.7252172, 40.408659 ], [ -3.7258976, 40.4077522 ], [ -3.7261285, 40.4075414 ], [ -3.726454, 40.4073458 ], [ -3.7267432, 40.4072174 ], [ -3.7271363, 40.4070928 ], [ -3.7286688, 40.4067898 ], [ -3.7301855, 40.4064777 ], [ -3.7304902, 40.4064058 ], [ -3.7305983, 40.4063681 ], [ -3.7319688, 40.4055868 ], [ -3.7328315, 40.4050905 ], [ -3.7329072, 40.4050515 ], [ -3.7331306, 40.4049363 ], [ -3.7343618, 40.4043165 ], [ -3.7346518, 40.4041904 ], [ -3.7349586, 40.4040771 ], [ -3.7354142, 40.4039542 ], [ -3.7358645, 40.4038771 ], [ -3.7361981, 40.4038444 ], [ -3.7364521, 40.4038364 ], [ -3.7368406, 40.40386 ], [ -3.7371494, 40.4038907 ], [ -3.7379563, 40.4040387 ], [ -3.7390976, 40.4042626 ], [ -3.73973, 40.4043608 ], [ -3.7403355, 40.4044204 ], [ -3.741043, 40.4044674 ], [ -3.7423086, 40.4045043 ] ] ] } },
{ "type": "Feature", "properties": { "neighborhood": "San Isidro", "admin_level": "10" }, "geometry": { "type": "Polygon", "coordinates": [ [ [ -3.7408786, 40.393001 ], [ -3.74084, 40.3930306 ], [ -3.7397611, 40.3938574 ], [ -3.7391646, 40.3942937 ], [ -3.7391502, 40.3943043 ], [ -3.7389782, 40.3944301 ], [ -3.7387063, 40.3947157 ], [ -3.7386309, 40.3947948 ], [ -3.7385656, 40.3948929 ], [ -3.7384313, 40.3950946 ], [ -3.7383211, 40.39526 ], [ -3.7378651, 40.3959454 ], [ -3.7375949, 40.3962264 ], [ -3.7375088, 40.396316 ], [ -3.7371136, 40.396727 ], [ -3.7347639, 40.3985408 ], [ -3.7341147, 40.3990278 ], [ -3.7335064, 40.3994841 ], [ -3.7321253, 40.40052 ], [ -3.7309029, 40.401437 ], [ -3.7303138, 40.4018841 ], [ -3.7303088, 40.4018879 ], [ -3.7295924, 40.4024316 ], [ -3.7286181, 40.4028892 ], [ -3.728327, 40.403191 ], [ -3.7283266, 40.4031915 ], [ -3.7281568, 40.4033676 ], [ -3.7277908, 40.4036906 ], [ -3.7275871, 40.4038702 ], [ -3.7270768, 40.4041349 ], [ -3.726819, 40.4043423 ], [ -3.7266301, 40.4044943 ], [ -3.7263383, 40.4048288 ], [ -3.7261866, 40.404952 ], [ -3.7259991, 40.4051043 ], [ -3.7256566, 40.4053191 ], [ -3.7255205, 40.4054044 ], [ -3.7251798, 40.4054948 ], [ -3.7250712, 40.4055236 ], [ -3.7246509, 40.4054936 ], [ -3.7247706, 40.4050418 ], [ -3.7247641, 40.4045438 ], [ -3.7227955, 40.4045242 ], [ -3.7225793, 40.4037852 ], [ -3.7223979, 40.4025663 ], [ -3.7222517, 40.4020737 ], [ -3.7222189, 40.4019631 ], [ -3.7220637, 40.4016008 ], [ -3.7219488, 40.4013327 ], [ -3.7218355, 40.4011502 ], [ -3.7217083, 40.4009453 ], [ -3.7215471, 40.400824 ], [ -3.7214024, 40.4007152 ], [ -3.7211314, 40.4005113 ], [ -3.7203547, 40.4000855 ], [ -3.7199898, 40.3999489 ], [ -3.7197348, 40.399895 ], [ -3.7193163, 40.3998351 ], [ -3.7190074, 40.3998301 ], [ -3.7189633, 40.3998334 ], [ -3.71731, 40.3999586 ], [ -3.7170739, 40.3999809 ], [ -3.7167743, 40.3999967 ], [ -3.7164199, 40.3999849 ], [ -3.7159014, 40.3999188 ], [ -3.7148992, 40.399668 ], [ -3.7158012, 40.397718 ], [ -3.7167869, 40.3972174 ], [ -3.7172153, 40.3969999 ], [ -3.7179221, 40.396611 ], [ -3.7183312, 40.3963857 ], [ -3.7204172, 40.3952661 ], [ -3.720939, 40.394986 ], [ -3.7214326, 40.3947056 ], [ -3.7227009, 40.3939849 ], [ -3.7240216, 40.3932552 ], [ -3.7246972, 40.3928883 ], [ -3.7267025, 40.3917993 ], [ -3.7275161, 40.3912816 ], [ -3.7286761, 40.3905435 ], [ -3.7300891, 40.3896221 ], [ -3.7317726, 40.3885243 ], [ -3.7349679, 40.3898816 ], [ -3.7361027, 40.3904733 ], [ -3.7373698, 40.3910973 ], [ -3.7385338, 40.3916826 ], [ -3.7402398, 40.3925266 ], [ -3.7408786, 40.393001 ] ] ] } },
{ "type": "Feature", "properties": { "neighborhood": "Comillas", "admin_level": "10" }, "geometry": { "type": "Polygon", "coordinates": [ [ [ -3.7175556, 40.3852809 ], [ -3.7174089, 40.385694 ], [ -3.7170627, 40.3866684 ], [ -3.7169262, 40.3870697 ], [ -3.7166761, 40.3877564 ], [ -3.7165299, 40.3881677 ], [ -3.7164369, 40.3883345 ], [ -3.7162065, 40.3890848 ], [ -3.7162039, 40.3890933 ], [ -3.716185, 40.3891551 ], [ -3.7159233, 40.3899715 ], [ -3.7158087, 40.3903294 ], [ -3.7156104, 40.3909798 ], [ -3.7153541, 40.3918057 ], [ -3.7152782, 40.392015 ], [ -3.7152226, 40.392648 ], [ -3.7152337, 40.3929626 ], [ -3.7152337, 40.3929642 ], [ -3.7155742, 40.3941616 ], [ -3.7156229, 40.3943403 ], [ -3.7156162, 40.3944477 ], [ -3.7152982, 40.3952716 ], [ -3.7151014, 40.3960003 ], [ -3.7158012, 40.397718 ], [ -3.7148992, 40.399668 ], [ -3.7140534, 40.3993462 ], [ -3.7134475, 40.3989593 ], [ -3.713184, 40.3987439 ], [ -3.7127372, 40.398356 ], [ -3.7121646, 40.3978908 ], [ -3.7113866, 40.3973313 ], [ -3.7108042, 40.3970136 ], [ -3.7102944, 40.3968007 ], [ -3.7096981, 40.3965517 ], [ -3.7087857, 40.396277 ], [ -3.7082288, 40.3961093 ], [ -3.707344, 40.3958948 ], [ -3.7046407, 40.395234 ], [ -3.7063, 40.3932644 ], [ -3.706777, 40.3927502 ], [ -3.7072294, 40.3922887 ], [ -3.7075356, 40.3920189 ], [ -3.7079371, 40.391704 ], [ -3.7081328, 40.3915784 ], [ -3.7082794, 40.3914874 ], [ -3.7084503, 40.3913986 ], [ -3.7086884, 40.3912802 ], [ -3.7087782, 40.3912355 ], [ -3.7087948, 40.3912272 ], [ -3.7090065, 40.3911359 ], [ -3.7091054, 40.3910932 ], [ -3.7094835, 40.390948 ], [ -3.7094844, 40.3909476 ], [ -3.7102484, 40.3906446 ], [ -3.7118835, 40.3899953 ], [ -3.712009, 40.3899459 ], [ -3.7128787, 40.3895249 ], [ -3.7130124, 40.3894291 ], [ -3.7133566, 40.3891835 ], [ -3.7136831, 40.3889106 ], [ -3.7138974, 40.3887132 ], [ -3.7142318, 40.3884026 ], [ -3.7145961, 40.3880451 ], [ -3.7150229, 40.3876465 ], [ -3.7154286, 40.3872675 ], [ -3.7163914, 40.3863685 ], [ -3.7168707, 40.3859207 ], [ -3.7175556, 40.3852809 ] ] ] } },
{ "type": "Feature", "properties": { "neighborhood": "Opañel", "admin_level": "10" }, "geometry": { "type": "Polygon", "coordinates": [ [ [ -3.7322347, 40.3882145 ], [ -3.7317726, 40.3885243 ], [ -3.7300891, 40.3896221 ], [ -3.7286761, 40.3905435 ], [ -3.7275161, 40.3912816 ], [ -3.7267025, 40.3917993 ], [ -3.7246972, 40.3928883 ], [ -3.7240216, 40.3932552 ], [ -3.7227009, 40.3939849 ], [ -3.7214326, 40.3947056 ], [ -3.720939, 40.394986 ], [ -3.7204172, 40.3952661 ], [ -3.7183312, 40.3963857 ], [ -3.7179221, 40.396611 ], [ -3.7172153, 40.3969999 ], [ -3.7167869, 40.3972174 ], [ -3.7158012, 40.397718 ], [ -3.7151014, 40.3960003 ], [ -3.7152982, 40.3952716 ], [ -3.7156162, 40.3944477 ], [ -3.7156229, 40.3943403 ], [ -3.7155742, 40.3941616 ], [ -3.7152337, 40.3929642 ], [ -3.7152337, 40.3929626 ], [ -3.7152226, 40.392648 ], [ -3.7152782, 40.392015 ], [ -3.7153541, 40.3918057 ], [ -3.7156104, 40.3909798 ], [ -3.7158087, 40.3903294 ], [ -3.7159233, 40.3899715 ], [ -3.716185, 40.3891551 ], [ -3.7162039, 40.3890933 ], [ -3.7162065, 40.3890848 ], [ -3.7164369, 40.3883345 ], [ -3.7165299, 40.3881677 ], [ -3.7166761, 40.3877564 ], [ -3.7169262, 40.3870697 ], [ -3.7170627, 40.3866684 ], [ -3.7174089, 40.385694 ], [ -3.7175556, 40.3852809 ], [ -3.721132, 40.3852336 ], [ -3.7218172, 40.385239 ], [ -3.7219377, 40.3852439 ], [ -3.7223015, 40.3852591 ], [ -3.7227504, 40.3852981 ], [ -3.7231236, 40.3853512 ], [ -3.7236051, 40.3854199 ], [ -3.7250421, 40.3856328 ], [ -3.7260087, 40.3857676 ], [ -3.7268842, 40.3859635 ], [ -3.7276988, 40.3862648 ], [ -3.7296067, 40.3870824 ], [ -3.7322347, 40.3882145 ] ] ] } },
{ "type": "Feature", "properties": { "neighborhood": "Abrantes", "admin_level": "10" }, "geometry": { "type": "Polygon", "coordinates": [ [ [ -3.7364422, 40.3738579 ], [ -3.7357591, 40.3747568 ], [ -3.734397, 40.3758901 ], [ -3.7371623, 40.3778234 ], [ -3.7352211, 40.3784465 ], [ -3.7326946, 40.3792572 ], [ -3.7324381, 40.3795868 ], [ -3.7323059, 40.3797567 ], [ -3.7312955, 40.3810557 ], [ -3.73037, 40.3821548 ], [ -3.7303114, 40.3822241 ], [ -3.7297878, 40.3828442 ], [ -3.7295879, 40.3831422 ], [ -3.7292721, 40.3836133 ], [ -3.7287112, 40.3844494 ], [ -3.7285591, 40.3846762 ], [ -3.7282679, 40.385093 ], [ -3.7281451, 40.385288 ], [ -3.7279359, 40.3856204 ], [ -3.7276988, 40.3862648 ], [ -3.7268842, 40.3859635 ], [ -3.7260087, 40.3857676 ], [ -3.7250421, 40.3856328 ], [ -3.7236051, 40.3854199 ], [ -3.7231236, 40.3853512 ], [ -3.7227504, 40.3852981 ], [ -3.7223015, 40.3852591 ], [ -3.7219377, 40.3852439 ], [ -3.7218172, 40.385239 ], [ -3.721132, 40.3852336 ], [ -3.7175556, 40.3852809 ], [ -3.7182162, 40.3833139 ], [ -3.7183523, 40.3828904 ], [ -3.7187285, 40.3815398 ], [ -3.7189601, 40.3803928 ], [ -3.7190356, 40.3796528 ], [ -3.7193678, 40.3763958 ], [ -3.7197129, 40.374148 ], [ -3.719713, 40.3741472 ], [ -3.7197644, 40.3738093 ], [ -3.7227133, 40.3736052 ], [ -3.7264318, 40.3733462 ], [ -3.727627, 40.3732727 ], [ -3.7288742, 40.3731961 ], [ -3.7293734, 40.3732455 ], [ -3.7299788, 40.3733055 ], [ -3.7314312, 40.3734494 ], [ -3.7319477, 40.3734995 ], [ -3.7339182, 40.3736913 ], [ -3.7339207, 40.3736915 ], [ -3.7346588, 40.3737417 ], [ -3.7348615, 40.3737556 ], [ -3.7357778, 40.3738308 ], [ -3.7360256, 40.3738511 ], [ -3.7360668, 40.3738517 ], [ -3.7361081, 40.3738523 ], [ -3.7362483, 40.3738544 ], [ -3.7364422, 40.3738579 ] ] ] } },
{ "type": "Feature", "properties": { "neighborhood": "Buenavista", "admin_level": "10" }, "geometry": { "type": "Polygon", "coordinates": [ [ [ -3.7716237, 40.3598245 ], [ -3.7714933, 40.3599288 ], [ -3.7709762, 40.3603407 ], [ -3.7707445, 40.3605472 ], [ -3.7705248, 40.3606209 ], [ -3.768961, 40.362048 ], [ -3.7667202, 40.3640928 ], [ -3.7636827, 40.3657778 ], [ -3.7618057, 40.3668959 ], [ -3.7621592, 40.3674895 ], [ -3.7629095, 40.3687858 ], [ -3.762943, 40.3690218 ], [ -3.7622475, 40.3726228 ], [ -3.761844, 40.3744375 ], [ -3.760016, 40.3748846 ], [ -3.7588903, 40.3752296 ], [ -3.7578772, 40.3755401 ], [ -3.7579305, 40.3758306 ], [ -3.7579108, 40.3759194 ], [ -3.757862, 40.37614 ], [ -3.7578138, 40.3763125 ], [ -3.7577508, 40.376538 ], [ -3.7575819, 40.3769088 ], [ -3.7574224, 40.3771738 ], [ -3.7572419, 40.3774738 ], [ -3.7567716, 40.3779955 ], [ -3.7559502, 40.3785524 ], [ -3.755946, 40.3785482 ], [ -3.7555287, 40.3781137 ], [ -3.7555045, 40.378096 ], [ -3.7551476, 40.3778351 ], [ -3.7549432, 40.3777099 ], [ -3.7548539, 40.3776552 ], [ -3.7542672, 40.3773698 ], [ -3.7538652, 40.3771742 ], [ -3.7535398, 40.3770523 ], [ -3.753506, 40.3770452 ], [ -3.7534021, 40.3770231 ], [ -3.7532014, 40.3769806 ], [ -3.7532651, 40.3768768 ], [ -3.7520533, 40.376353 ], [ -3.7507914, 40.3758269 ], [ -3.7507711, 40.375497 ], [ -3.7503334, 40.3749212 ], [ -3.7502576, 40.3748214 ], [ -3.7501901, 40.3747141 ], [ -3.7501933, 40.3746964 ], [ -3.7502216, 40.374549 ], [ -3.7502671, 40.3743883 ], [ -3.7502774, 40.3743519 ], [ -3.7503104, 40.374271 ], [ -3.7503581, 40.3741546 ], [ -3.7503661, 40.3741355 ], [ -3.7497774, 40.374152 ], [ -3.7497551, 40.3741218 ], [ -3.7496512, 40.3739805 ], [ -3.7496459, 40.3739733 ], [ -3.7496427, 40.3739689 ], [ -3.749526, 40.3738994 ], [ -3.7494421, 40.3738497 ], [ -3.7491832, 40.3736928 ], [ -3.7489919, 40.3736075 ], [ -3.7489166, 40.3735739 ], [ -3.7482429, 40.3733902 ], [ -3.7477351, 40.3732516 ], [ -3.7471583, 40.3730052 ], [ -3.747018, 40.3729454 ], [ -3.7467772, 40.3729051 ], [ -3.7466527, 40.3728843 ], [ -3.7455913, 40.3729293 ], [ -3.7449691, 40.3729206 ], [ -3.744785, 40.3729085 ], [ -3.7447034, 40.3729032 ], [ -3.7445761, 40.3728913 ], [ -3.7443215, 40.3728676 ], [ -3.743923, 40.3728447 ], [ -3.7433686, 40.3729689 ], [ -3.7426629, 40.3731364 ], [ -3.7420466, 40.3732828 ], [ -3.7414464, 40.3734011 ], [ -3.7412951, 40.3734309 ], [ -3.7407477, 40.3735597 ], [ -3.7404792, 40.3736228 ], [ -3.73965, 40.373731 ], [ -3.7391945, 40.3737712 ], [ -3.7387306, 40.3737835 ], [ -3.7383898, 40.3737971 ], [ -3.7383072, 40.3738004 ], [ -3.7375613, 40.3738315 ], [ -3.7373314, 40.3738411 ], [ -3.736802, 40.3738631 ], [ -3.7367035, 40.3738616 ], [ -3.7364422, 40.3738579 ], [ -3.7362483, 40.3738544 ], [ -3.7361081, 40.3738523 ], [ -3.7360668, 40.3738517 ], [ -3.7360256, 40.3738511 ], [ -3.7357778, 40.3738308 ], [ -3.7348615, 40.3737556 ], [ -3.7346588, 40.3737417 ], [ -3.7339207, 40.3736915 ], [ -3.7339182, 40.3736913 ], [ -3.7319477, 40.3734995 ], [ -3.7314312, 40.3734494 ], [ -3.7299788, 40.3733055 ], [ -3.7293734, 40.3732455 ], [ -3.7288742, 40.3731961 ], [ -3.727627, 40.3732727 ], [ -3.7264318, 40.3733462 ], [ -3.7227133, 40.3736052 ], [ -3.7197644, 40.3738093 ], [ -3.7201936, 40.370691 ], [ -3.7204373, 40.3678731 ], [ -3.7207166, 40.3664422 ], [ -3.7208913, 40.3655479 ], [ -3.72346, 40.365372 ], [ -3.7271148, 40.3645421 ], [ -3.730557, 40.3633447 ], [ -3.7341266, 40.3625505 ], [ -3.7385563, 40.3615472 ], [ -3.7433841, 40.3604702 ], [ -3.7466753, 40.3597782 ], [ -3.7503651, 40.3589592 ], [ -3.7544157, 40.3579871 ], [ -3.7577072, 40.3572607 ], [ -3.7615189, 40.3579404 ], [ -3.7662476, 40.3587656 ], [ -3.770431, 40.3597021 ], [ -3.7711487, 40.3598627 ], [ -3.7716237, 40.3598245 ] ] ] } },
{ "type": "Feature", "properties": { "neighborhood": "Puerta Bonita", "admin_level": "10" }, "geometry": { "type": "Polygon", "coordinates": [ [ [ -3.7507914, 40.3758269 ], [ -3.7506343, 40.3758706 ], [ -3.7503021, 40.3762182 ], [ -3.7499952, 40.3763651 ], [ -3.7499303, 40.376396 ], [ -3.7497098, 40.3767322 ], [ -3.7495304, 40.3769121 ], [ -3.7494765, 40.3769788 ], [ -3.748617, 40.3777679 ], [ -3.7486018, 40.3777845 ], [ -3.7485771, 40.3778115 ], [ -3.7484505, 40.3779278 ], [ -3.747091, 40.3791764 ], [ -3.74656, 40.3796553 ], [ -3.7458197, 40.3803229 ], [ -3.7452508, 40.3805423 ], [ -3.7445854, 40.3808564 ], [ -3.744521, 40.3808868 ], [ -3.7440305, 40.381192 ], [ -3.7437372, 40.3814584 ], [ -3.7435694, 40.3815658 ], [ -3.7431671, 40.3818035 ], [ -3.7428922, 40.3819444 ], [ -3.7427244, 40.3820195 ], [ -3.7425564, 40.3820731 ], [ -3.7419429, 40.3822156 ], [ -3.741373, 40.3823648 ], [ -3.7418148, 40.3829631 ], [ -3.740999, 40.383582 ], [ -3.7394779, 40.3846439 ], [ -3.736973, 40.3852753 ], [ -3.7365834, 40.3853827 ], [ -3.7357657, 40.3858756 ], [ -3.7348685, 40.3864631 ], [ -3.73451, 40.3866996 ], [ -3.7337157, 40.3872234 ], [ -3.7335547, 40.3873296 ], [ -3.7322347, 40.3882145 ], [ -3.7296067, 40.3870824 ], [ -3.7276988, 40.3862648 ], [ -3.7279359, 40.3856204 ], [ -3.7281451, 40.385288 ], [ -3.7282679, 40.385093 ], [ -3.7285591, 40.3846762 ], [ -3.7287112, 40.3844494 ], [ -3.7292721, 40.3836133 ], [ -3.7295879, 40.3831422 ], [ -3.7297878, 40.3828442 ], [ -3.7303114, 40.3822241 ], [ -3.73037, 40.3821548 ], [ -3.7312955, 40.3810557 ], [ -3.7323059, 40.3797567 ], [ -3.7324381, 40.3795868 ], [ -3.7326946, 40.3792572 ], [ -3.7352211, 40.3784465 ], [ -3.7371623, 40.3778234 ], [ -3.734397, 40.3758901 ], [ -3.7357591, 40.3747568 ], [ -3.7364422, 40.3738579 ], [ -3.7367035, 40.3738616 ], [ -3.736802, 40.3738631 ], [ -3.7373314, 40.3738411 ], [ -3.7375613, 40.3738315 ], [ -3.7383072, 40.3738004 ], [ -3.7383898, 40.3737971 ], [ -3.7387306, 40.3737835 ], [ -3.7391945, 40.3737712 ], [ -3.73965, 40.373731 ], [ -3.7404792, 40.3736228 ], [ -3.7407477, 40.3735597 ], [ -3.7412951, 40.3734309 ], [ -3.7414464, 40.3734011 ], [ -3.7420466, 40.3732828 ], [ -3.7426629, 40.3731364 ], [ -3.7433686, 40.3729689 ], [ -3.743923, 40.3728447 ], [ -3.7443215, 40.3728676 ], [ -3.7445761, 40.3728913 ], [ -3.7447034, 40.3729032 ], [ -3.744785, 40.3729085 ], [ -3.7449691, 40.3729206 ], [ -3.7455913, 40.3729293 ], [ -3.7466527, 40.3728843 ], [ -3.7467772, 40.3729051 ], [ -3.747018, 40.3729454 ], [ -3.7471583, 40.3730052 ], [ -3.7477351, 40.3732516 ], [ -3.7482429, 40.3733902 ], [ -3.7489166, 40.3735739 ], [ -3.7489919, 40.3736075 ], [ -3.7491832, 40.3736928 ], [ -3.7494421, 40.3738497 ], [ -3.749526, 40.3738994 ], [ -3.7496427, 40.3739689 ], [ -3.7496459, 40.3739733 ], [ -3.7496512, 40.3739805 ], [ -3.7497551, 40.3741218 ], [ -3.7497774, 40.374152 ], [ -3.7503661, 40.3741355 ], [ -3.7503581, 40.3741546 ], [ -3.7503104, 40.374271 ], [ -3.7502774, 40.3743519 ], [ -3.7502671, 40.3743883 ], [ -3.7502216, 40.374549 ], [ -3.7501933, 40.3746964 ], [ -3.7501901, 40.3747141 ], [ -3.7502576, 40.3748214 ], [ -3.7503334, 40.3749212 ], [ -3.7507711, 40.375497 ], [ -3.7507914, 40.3758269 ] ] ] } },
{ "type": "Feature", "properties": { "neighborhood": "Vista Alegre", "admin_level": "10" }, "geometry": { "type": "Polygon", "coordinates": [ [ [ -3.7593061, 40.3836301 ], [ -3.7586499, 40.3841089 ], [ -3.7556321, 40.3836477 ], [ -3.7547828, 40.383592 ], [ -3.7535896, 40.3835325 ], [ -3.7530375, 40.3835483 ], [ -3.7517076, 40.3841071 ], [ -3.7515875, 40.3841576 ], [ -3.7495468, 40.3853256 ], [ -3.7495161, 40.3853443 ], [ -3.7468684, 40.3869471 ], [ -3.7461847, 40.3873611 ], [ -3.7453521, 40.3878651 ], [ -3.7451325, 40.3879171 ], [ -3.7448987, 40.3879723 ], [ -3.7447357, 40.3880108 ], [ -3.7444324, 40.3886531 ], [ -3.7438145, 40.3899621 ], [ -3.743571, 40.3904079 ], [ -3.7432745, 40.3907525 ], [ -3.7428478, 40.3913546 ], [ -3.7422498, 40.3918996 ], [ -3.7408786, 40.393001 ], [ -3.7402398, 40.3925266 ], [ -3.7385338, 40.3916826 ], [ -3.7373698, 40.3910973 ], [ -3.7361027, 40.3904733 ], [ -3.7349679, 40.3898816 ], [ -3.7317726, 40.3885243 ], [ -3.7322347, 40.3882145 ], [ -3.7335547, 40.3873296 ], [ -3.7337157, 40.3872234 ], [ -3.73451, 40.3866996 ], [ -3.7348685, 40.3864631 ], [ -3.7357657, 40.3858756 ], [ -3.7365834, 40.3853827 ], [ -3.736973, 40.3852753 ], [ -3.7394779, 40.3846439 ], [ -3.740999, 40.383582 ], [ -3.7418148, 40.3829631 ], [ -3.741373, 40.3823648 ], [ -3.7419429, 40.3822156 ], [ -3.7425564, 40.3820731 ], [ -3.7427244, 40.3820195 ], [ -3.7428922, 40.3819444 ], [ -3.7431671, 40.3818035 ], [ -3.7435694, 40.3815658 ], [ -3.7437372, 40.3814584 ], [ -3.7440305, 40.381192 ], [ -3.744521, 40.3808868 ], [ -3.7445854, 40.3808564 ], [ -3.7452508, 40.3805423 ], [ -3.7458197, 40.3803229 ], [ -3.74656, 40.3796553 ], [ -3.747091, 40.3791764 ], [ -3.7484505, 40.3779278 ], [ -3.7485771, 40.3778115 ], [ -3.7486018, 40.3777845 ], [ -3.748617, 40.3777679 ], [ -3.7494765, 40.3769788 ], [ -3.7495304, 40.3769121 ], [ -3.7497098, 40.3767322 ], [ -3.7499303, 40.376396 ], [ -3.7499952, 40.3763651 ], [ -3.7503021, 40.3762182 ], [ -3.7506343, 40.3758706 ], [ -3.7507914, 40.3758269 ], [ -3.7520533, 40.376353 ], [ -3.7532651, 40.3768768 ], [ -3.7532014, 40.3769806 ], [ -3.7534021, 40.3770231 ], [ -3.753506, 40.3770452 ], [ -3.7535398, 40.3770523 ], [ -3.7538652, 40.3771742 ], [ -3.7542672, 40.3773698 ], [ -3.7548539, 40.3776552 ], [ -3.7549432, 40.3777099 ], [ -3.7551476, 40.3778351 ], [ -3.7555045, 40.378096 ], [ -3.7555287, 40.3781137 ], [ -3.755946, 40.3785482 ], [ -3.7559502, 40.3785524 ], [ -3.7564009, 40.3795955 ], [ -3.7568336, 40.3804507 ], [ -3.7574355, 40.3814629 ], [ -3.7578769, 40.3822051 ], [ -3.758366, 40.3828191 ], [ -3.7588528, 40.3832299 ], [ -3.7593061, 40.3836301 ] ] ] } },
{ "type": "Feature", "properties": { "neighborhood": "Los Cármenes", "admin_level": "10" }, "geometry": { "type": "Polygon", "coordinates": [ [ [ -3.7435998, 40.3955133 ], [ -3.7437185, 40.3960867 ], [ -3.7437495, 40.396236 ], [ -3.7437967, 40.3964639 ], [ -3.7439662, 40.397282 ], [ -3.7442269, 40.3985402 ], [ -3.744347, 40.3991197 ], [ -3.7444429, 40.3995818 ], [ -3.7446478, 40.4005712 ], [ -3.7446619, 40.4006931 ], [ -3.7447105, 40.4011158 ], [ -3.7448437, 40.40227 ], [ -3.744854, 40.4028869 ], [ -3.7448483, 40.4030261 ], [ -3.7448288, 40.4030905 ], [ -3.7444418, 40.4037638 ], [ -3.7441792, 40.4041677 ], [ -3.7440868, 40.4045253 ], [ -3.7430415, 40.4045217 ], [ -3.7428608, 40.4045211 ], [ -3.7423086, 40.4045043 ], [ -3.741043, 40.4044674 ], [ -3.7403355, 40.4044204 ], [ -3.73973, 40.4043608 ], [ -3.7390976, 40.4042626 ], [ -3.7379563, 40.4040387 ], [ -3.7371494, 40.4038907 ], [ -3.7368406, 40.40386 ], [ -3.7364521, 40.4038364 ], [ -3.7361981, 40.4038444 ], [ -3.7358645, 40.4038771 ], [ -3.7354142, 40.4039542 ], [ -3.7349586, 40.4040771 ], [ -3.7346518, 40.4041904 ], [ -3.7343618, 40.4043165 ], [ -3.7331306, 40.4049363 ], [ -3.7329072, 40.4050515 ], [ -3.7328315, 40.4050905 ], [ -3.7319688, 40.4055868 ], [ -3.7305983, 40.4063681 ], [ -3.7304902, 40.4064058 ], [ -3.7301855, 40.4064777 ], [ -3.7286688, 40.4067898 ], [ -3.7271363, 40.4070928 ], [ -3.7267432, 40.4072174 ], [ -3.726454, 40.4073458 ], [ -3.7261285, 40.4075414 ], [ -3.7258976, 40.4077522 ], [ -3.7252172, 40.408659 ], [ -3.7249888, 40.4086901 ], [ -3.7246818, 40.4087385 ], [ -3.7245029, 40.4087474 ], [ -3.7241719, 40.4087495 ], [ -3.72387, 40.4087449 ], [ -3.7237546, 40.4087316 ], [ -3.7234826, 40.4087163 ], [ -3.7225441, 40.4085571 ], [ -3.7222282, 40.4085346 ], [ -3.7218228, 40.4085054 ], [ -3.7222184, 40.4071743 ], [ -3.7222608, 40.4070507 ], [ -3.7223664, 40.4067431 ], [ -3.7226482, 40.4058264 ], [ -3.7227425, 40.4052183 ], [ -3.7227955, 40.4045242 ], [ -3.7247641, 40.4045438 ], [ -3.7247706, 40.4050418 ], [ -3.7246509, 40.4054936 ], [ -3.7250712, 40.4055236 ], [ -3.7251798, 40.4054948 ], [ -3.7255205, 40.4054044 ], [ -3.7256566, 40.4053191 ], [ -3.7259991, 40.4051043 ], [ -3.7261866, 40.404952 ], [ -3.7263383, 40.4048288 ], [ -3.7266301, 40.4044943 ], [ -3.726819, 40.4043423 ], [ -3.7270768, 40.4041349 ], [ -3.7275871, 40.4038702 ], [ -3.7277908, 40.4036906 ], [ -3.7281568, 40.4033676 ], [ -3.7283266, 40.4031915 ], [ -3.728327, 40.403191 ], [ -3.7286181, 40.4028892 ], [ -3.7295924, 40.4024316 ], [ -3.7303088, 40.4018879 ], [ -3.7303138, 40.4018841 ], [ -3.7309029, 40.401437 ], [ -3.7321253, 40.40052 ], [ -3.7335064, 40.3994841 ], [ -3.7341147, 40.3990278 ], [ -3.7347639, 40.3985408 ], [ -3.7371136, 40.396727 ], [ -3.7375088, 40.396316 ], [ -3.7375949, 40.3962264 ], [ -3.7378651, 40.3959454 ], [ -3.7383211, 40.39526 ], [ -3.7384313, 40.3950946 ], [ -3.7385656, 40.3948929 ], [ -3.7386309, 40.3947948 ], [ -3.7387063, 40.3947157 ], [ -3.7389782, 40.3944301 ], [ -3.7391502, 40.3943043 ], [ -3.7391646, 40.3942937 ], [ -3.7397611, 40.3938574 ], [ -3.74084, 40.3930306 ], [ -3.7408786, 40.393001 ], [ -3.7411369, 40.3931995 ], [ -3.7432727, 40.3948432 ], [ -3.7434302, 40.3950064 ], [ -3.7435073, 40.3950862 ], [ -3.7435656, 40.3953119 ], [ -3.7435998, 40.3955133 ] ] ] } },
{ "type": "Feature", "properties": { "neighborhood": "Lucero", "admin_level": "10" }, "geometry": { "type": "Polygon", "coordinates": [ [ [ -3.7608053, 40.4028805 ], [ -3.7604444, 40.4033624 ], [ -3.7602266, 40.4036402 ], [ -3.75986, 40.4039649 ], [ -3.7597552, 40.40406 ], [ -3.7576589, 40.4052797 ], [ -3.757354, 40.4054515 ], [ -3.757058, 40.4056183 ], [ -3.7568812, 40.4056775 ], [ -3.7567232, 40.4057123 ], [ -3.7565015, 40.4057381 ], [ -3.7562799, 40.4057493 ], [ -3.7561152, 40.4057698 ], [ -3.7559509, 40.4058096 ], [ -3.755689, 40.4058999 ], [ -3.7549119, 40.4063071 ], [ -3.7529106, 40.4073285 ], [ -3.7526545, 40.4074541 ], [ -3.7520639, 40.4077374 ], [ -3.7505344, 40.4083452 ], [ -3.7498663, 40.4084459 ], [ -3.7478886, 40.4087196 ], [ -3.7474751, 40.4087741 ], [ -3.7447445, 40.4091337 ], [ -3.7447033, 40.4091391 ], [ -3.7446672, 40.4091438 ], [ -3.7446076, 40.4092212 ], [ -3.7445745, 40.4092555 ], [ -3.7444967, 40.4092871 ], [ -3.7444684, 40.4092979 ], [ -3.7444042, 40.4093219 ], [ -3.7439371, 40.4094345 ], [ -3.743859, 40.4094533 ], [ -3.7435587, 40.4095206 ], [ -3.7433288, 40.4095675 ], [ -3.7432556, 40.4095729 ], [ -3.7432024, 40.4095769 ], [ -3.7431839, 40.4095755 ], [ -3.7431354, 40.4095716 ], [ -3.7430461, 40.4095638 ], [ -3.7428786, 40.4095365 ], [ -3.742543, 40.4094476 ], [ -3.7424508, 40.4094204 ], [ -3.7423639, 40.4093947 ], [ -3.7422333, 40.4093501 ], [ -3.7420728, 40.4092886 ], [ -3.7419861, 40.4092559 ], [ -3.7418535, 40.409206 ], [ -3.7410692, 40.4089408 ], [ -3.7413193, 40.4086257 ], [ -3.7414094, 40.4084801 ], [ -3.7416518, 40.4075412 ], [ -3.7417552, 40.4069355 ], [ -3.741849, 40.4062859 ], [ -3.741942, 40.4060076 ], [ -3.7419793, 40.4058958 ], [ -3.742092, 40.4057435 ], [ -3.742171, 40.4056368 ], [ -3.7421816, 40.4056226 ], [ -3.7422202, 40.4055334 ], [ -3.7422695, 40.4054192 ], [ -3.7422713, 40.4053822 ], [ -3.7422844, 40.4050995 ], [ -3.7423031, 40.4047009 ], [ -3.7423086, 40.4045043 ], [ -3.7428608, 40.4045211 ], [ -3.7430415, 40.4045217 ], [ -3.7440868, 40.4045253 ], [ -3.7441792, 40.4041677 ], [ -3.7444418, 40.4037638 ], [ -3.7448288, 40.4030905 ], [ -3.7448483, 40.4030261 ], [ -3.744854, 40.4028869 ], [ -3.7448437, 40.40227 ], [ -3.7447105, 40.4011158 ], [ -3.7446619, 40.4006931 ], [ -3.7446478, 40.4005712 ], [ -3.7444429, 40.3995818 ], [ -3.744347, 40.3991197 ], [ -3.7442269, 40.3985402 ], [ -3.7439662, 40.397282 ], [ -3.7437967, 40.3964639 ], [ -3.7437495, 40.396236 ], [ -3.7437185, 40.3960867 ], [ -3.7435998, 40.3955133 ], [ -3.7445734, 40.3951198 ], [ -3.7446134, 40.3951137 ], [ -3.7447677, 40.3950896 ], [ -3.7460748, 40.3952156 ], [ -3.746657, 40.3952718 ], [ -3.7471997, 40.3953367 ], [ -3.747414, 40.3953625 ], [ -3.7518393, 40.3958936 ], [ -3.7525025, 40.3959731 ], [ -3.7525808, 40.3959825 ], [ -3.7532344, 40.3960153 ], [ -3.7534999, 40.395958 ], [ -3.7536614, 40.3959031 ], [ -3.7537771, 40.3958638 ], [ -3.754192, 40.3964786 ], [ -3.754512, 40.396938 ], [ -3.7547979, 40.3971768 ], [ -3.7551574, 40.397419 ], [ -3.7555429, 40.3976372 ], [ -3.7559549, 40.3978833 ], [ -3.7564191, 40.3980929 ], [ -3.7570228, 40.3983707 ], [ -3.7577469, 40.3987158 ], [ -3.758208, 40.3990366 ], [ -3.758465, 40.3992877 ], [ -3.75899, 40.4000162 ], [ -3.7602185, 40.401942 ], [ -3.7608053, 40.4028805 ] ] ] } },
{ "type": "Feature", "properties": { "neighborhood": "Aluche", "admin_level": "10" }, "geometry": { "type": "Polygon", "coordinates": [ [ [ -3.7715651, 40.3938414 ], [ -3.7703809, 40.3947861 ], [ -3.7686947, 40.396092 ], [ -3.7678192, 40.3967666 ], [ -3.7665373, 40.3977544 ], [ -3.7651144, 40.3988547 ], [ -3.7650612, 40.3988932 ], [ -3.7643588, 40.3994015 ], [ -3.7627368, 40.4006895 ], [ -3.7623921, 40.4009315 ], [ -3.7622749, 40.4009916 ], [ -3.7608053, 40.4028805 ], [ -3.7602185, 40.401942 ], [ -3.75899, 40.4000162 ], [ -3.758465, 40.3992877 ], [ -3.758208, 40.3990366 ], [ -3.7577469, 40.3987158 ], [ -3.7570228, 40.3983707 ], [ -3.7564191, 40.3980929 ], [ -3.7559549, 40.3978833 ], [ -3.7555429, 40.3976372 ], [ -3.7551574, 40.397419 ], [ -3.7547979, 40.3971768 ], [ -3.754512, 40.396938 ], [ -3.754192, 40.3964786 ], [ -3.7537771, 40.3958638 ], [ -3.7536614, 40.3959031 ], [ -3.7534999, 40.395958 ], [ -3.7532344, 40.3960153 ], [ -3.7525808, 40.3959825 ], [ -3.7525025, 40.3959731 ], [ -3.7518393, 40.3958936 ], [ -3.747414, 40.3953625 ], [ -3.7471997, 40.3953367 ], [ -3.746657, 40.3952718 ], [ -3.7460748, 40.3952156 ], [ -3.7447677, 40.3950896 ], [ -3.7446134, 40.3951137 ], [ -3.7445734, 40.3951198 ], [ -3.7435998, 40.3955133 ], [ -3.7435656, 40.3953119 ], [ -3.7435073, 40.3950862 ], [ -3.7434302, 40.3950064 ], [ -3.7432727, 40.3948432 ], [ -3.7411369, 40.3931995 ], [ -3.7408786, 40.393001 ], [ -3.7422498, 40.3918996 ], [ -3.7428478, 40.3913546 ], [ -3.7432745, 40.3907525 ], [ -3.743571, 40.3904079 ], [ -3.7438145, 40.3899621 ], [ -3.7444324, 40.3886531 ], [ -3.7447357, 40.3880108 ], [ -3.7448987, 40.3879723 ], [ -3.7451325, 40.3879171 ], [ -3.7453521, 40.3878651 ], [ -3.7461847, 40.3873611 ], [ -3.7468684, 40.3869471 ], [ -3.7495161, 40.3853443 ], [ -3.7495468, 40.3853256 ], [ -3.7515875, 40.3841576 ], [ -3.7517076, 40.3841071 ], [ -3.7530375, 40.3835483 ], [ -3.7535896, 40.3835325 ], [ -3.7547828, 40.383592 ], [ -3.7556321, 40.3836477 ], [ -3.7586499, 40.3841089 ], [ -3.7593061, 40.3836301 ], [ -3.7617807, 40.3855874 ], [ -3.76271, 40.3864215 ], [ -3.7672921, 40.3905337 ], [ -3.7675076, 40.3903899 ], [ -3.7700901, 40.3925987 ], [ -3.7702828, 40.3927636 ], [ -3.7705791, 40.3930126 ], [ -3.7715651, 40.3938414 ] ] ] } },
{ "type": "Feature", "properties": { "neighborhood": "Campamento", "admin_level": "10" }, "geometry": { "type": "Polygon", "coordinates": [ [ [ -3.834162, 40.3960582 ], [ -3.8339786, 40.3961342 ], [ -3.8338094, 40.3961735 ], [ -3.8336148, 40.3961569 ], [ -3.8328519, 40.3960539 ], [ -3.8321201, 40.3960305 ], [ -3.8310171, 40.3961516 ], [ -3.8299509, 40.3963556 ], [ -3.8289864, 40.3964118 ], [ -3.8287185, 40.3964111 ], [ -3.8283262, 40.3964015 ], [ -3.8278173, 40.3963803 ], [ -3.8269547, 40.3964051 ], [ -3.826265, 40.3964576 ], [ -3.825768, 40.3965092 ], [ -3.8253066, 40.3965692 ], [ -3.8248398, 40.3965744 ], [ -3.8245394, 40.3965657 ], [ -3.8239217, 40.3965549 ], [ -3.8233168, 40.3965062 ], [ -3.823145, 40.3965049 ], [ -3.8229373, 40.3965291 ], [ -3.8225944, 40.396577 ], [ -3.8223187, 40.3966238 ], [ -3.8219019, 40.3966353 ], [ -3.8214855, 40.3966207 ], [ -3.8206626, 40.3966177 ], [ -3.8193102, 40.3963659 ], [ -3.8182651, 40.3959554 ], [ -3.8148521, 40.3940331 ], [ -3.8108622, 40.3928047 ], [ -3.8084141, 40.3924144 ], [ -3.8042572, 40.3920568 ], [ -3.7964659, 40.3922649 ], [ -3.7937887, 40.3936341 ], [ -3.7885871, 40.3939729 ], [ -3.7893944, 40.3924188 ], [ -3.7867592, 40.3928269 ], [ -3.7814847, 40.3941828 ], [ -3.7807147, 40.3953369 ], [ -3.7802573, 40.3956818 ], [ -3.7801091, 40.3958373 ], [ -3.7796751, 40.3968453 ], [ -3.7781135, 40.3976555 ], [ -3.7781087, 40.3980446 ], [ -3.7776503, 40.3991361 ], [ -3.7775965, 40.3991646 ], [ -3.775853, 40.4000885 ], [ -3.7745596, 40.4003063 ], [ -3.7745599, 40.4003146 ], [ -3.7745544, 40.4003146 ], [ -3.7738292, 40.4002712 ], [ -3.77372, 40.4002454 ], [ -3.7705932, 40.3994937 ], [ -3.7692786, 40.3996027 ], [ -3.7670106, 40.3992365 ], [ -3.7656842, 40.3992705 ], [ -3.7655034, 40.3991031 ], [ -3.7647455, 40.3993007 ], [ -3.7643588, 40.3994015 ], [ -3.7650612, 40.3988932 ], [ -3.7651144, 40.3988547 ], [ -3.7665373, 40.3977544 ], [ -3.7678192, 40.3967666 ], [ -3.7686947, 40.396092 ], [ -3.7703809, 40.3947861 ], [ -3.7715651, 40.3938414 ], [ -3.7716665, 40.3937642 ], [ -3.7722153, 40.3933465 ], [ -3.7733825, 40.3924583 ], [ -3.7773405, 40.3894455 ], [ -3.7801505, 40.3873064 ], [ -3.7832557, 40.384877 ], [ -3.7876985, 40.381674 ], [ -3.7885758, 40.3810409 ], [ -3.7921662, 40.378236 ], [ -3.7963459, 40.3749913 ], [ -3.8009401, 40.3714838 ], [ -3.8069304, 40.3664529 ], [ -3.8105153, 40.3637165 ], [ -3.8108952, 40.3645961 ], [ -3.811425, 40.365623 ], [ -3.811821, 40.3663755 ], [ -3.8120763, 40.3669795 ], [ -3.8122009, 40.367336 ], [ -3.8128112, 40.3687324 ], [ -3.8132116, 40.3696034 ], [ -3.8132895, 40.3698328 ], [ -3.8134599, 40.3700433 ], [ -3.8142084, 40.3710138 ], [ -3.8149478, 40.3719125 ], [ -3.815369, 40.3724968 ], [ -3.8166478, 40.3740096 ], [ -3.8170715, 40.3744807 ], [ -3.8172123, 40.3746198 ], [ -3.8175443, 40.3750013 ], [ -3.8177092, 40.3751654 ], [ -3.8178779, 40.3753438 ], [ -3.8180745, 40.3755759 ], [ -3.8186521, 40.3762162 ], [ -3.8196515, 40.3773416 ], [ -3.8201875, 40.3779689 ], [ -3.8205826, 40.3784549 ], [ -3.8210123, 40.3789194 ], [ -3.8213048, 40.3792253 ], [ -3.8215053, 40.3793769 ], [ -3.8216679, 40.3794913 ], [ -3.821913, 40.3796819 ], [ -3.8220622, 40.3798267 ], [ -3.8223916, 40.3801692 ], [ -3.8227776, 40.3805346 ], [ -3.8232008, 40.3811052 ], [ -3.8237289, 40.382137 ], [ -3.8289625, 40.3884491 ], [ -3.8293682, 40.3889778 ], [ -3.8295008, 40.3891592 ], [ -3.8298562, 40.3896122 ], [ -3.8302297, 40.3900984 ], [ -3.8302349, 40.3901088 ], [ -3.8302325, 40.3901286 ], [ -3.8301869, 40.3901702 ], [ -3.8301901, 40.3901847 ], [ -3.8301931, 40.3901833 ], [ -3.8303352, 40.3903649 ], [ -3.8308682, 40.3910519 ], [ -3.8309073, 40.3910338 ], [ -3.8309093, 40.3910365 ], [ -3.8309138, 40.3910345 ], [ -3.8319266, 40.3924087 ], [ -3.8320938, 40.3926469 ], [ -3.8323017, 40.3929688 ], [ -3.8325123, 40.3933274 ], [ -3.8326522, 40.3935912 ], [ -3.8326576, 40.3935895 ], [ -3.8327036, 40.3936537 ], [ -3.8327574, 40.3937489 ], [ -3.8328139, 40.393866 ], [ -3.832905, 40.3940735 ], [ -3.8329715, 40.3942453 ], [ -3.833079, 40.3945018 ], [ -3.8334597, 40.3954634 ], [ -3.8334564, 40.3954732 ], [ -3.834162, 40.3960582 ] ] ] } },
{ "type": "Feature", "properties": { "neighborhood": "Cuatro Vientos", "admin_level": "10" }, "geometry": { "type": "Polygon", "coordinates": [ [ [ -3.8069304, 40.3664529 ], [ -3.8009401, 40.3714838 ], [ -3.7963459, 40.3749913 ], [ -3.7921662, 40.378236 ], [ -3.7885758, 40.3810409 ], [ -3.7876985, 40.381674 ], [ -3.7853067, 40.3805 ], [ -3.7852876, 40.3804798 ], [ -3.7849673, 40.3801418 ], [ -3.7845208, 40.3795918 ], [ -3.784251, 40.3788965 ], [ -3.7837675, 40.3778742 ], [ -3.7833466, 40.3773127 ], [ -3.7826402, 40.3763616 ], [ -3.7825338, 40.3762476 ], [ -3.7823823, 40.3761148 ], [ -3.782271, 40.3760162 ], [ -3.7821453, 40.3759414 ], [ -3.7819991, 40.3758497 ], [ -3.7817981, 40.3757592 ], [ -3.7814487, 40.3756624 ], [ -3.7809731, 40.3755645 ], [ -3.7805748, 40.3754995 ], [ -3.780166, 40.3754346 ], [ -3.779316, 40.3753015 ], [ -3.7780113, 40.3750944 ], [ -3.77688, 40.3749192 ], [ -3.7762197, 40.3748127 ], [ -3.7752804, 40.3746634 ], [ -3.7732806, 40.3743498 ], [ -3.7730059, 40.3743067 ], [ -3.7700816, 40.3738483 ], [ -3.7693226, 40.3737292 ], [ -3.7681243, 40.3735412 ], [ -3.7656421, 40.3731301 ], [ -3.7622475, 40.3726228 ], [ -3.762943, 40.3690218 ], [ -3.7629095, 40.3687858 ], [ -3.7621592, 40.3674895 ], [ -3.7618057, 40.3668959 ], [ -3.7636827, 40.3657778 ], [ -3.7667202, 40.3640928 ], [ -3.768961, 40.362048 ], [ -3.7705248, 40.3606209 ], [ -3.7707445, 40.3605472 ], [ -3.7709762, 40.3603407 ], [ -3.7714933, 40.3599288 ], [ -3.7716237, 40.3598245 ], [ -3.7718552, 40.3594954 ], [ -3.7736057, 40.3606076 ], [ -3.7766987, 40.3612535 ], [ -3.7804983, 40.3618947 ], [ -3.7812502, 40.3617364 ], [ -3.7841669, 40.3603653 ], [ -3.7878994, 40.3587513 ], [ -3.7894381, 40.3592898 ], [ -3.7900099, 40.3594968 ], [ -3.7924497, 40.3606693 ], [ -3.7931968, 40.3611146 ], [ -3.7953966, 40.3619014 ], [ -3.8028103, 40.3633817 ], [ -3.8037253, 40.3640691 ], [ -3.8069304, 40.3664529 ] ] ] } },
{ "type": "Feature", "properties": { "neighborhood": "Las Águilas", "admin_level": "10" }, "geometry": { "type": "Polygon", "coordinates": [ [ [ -3.7876985, 40.381674 ], [ -3.7832557, 40.384877 ], [ -3.7801505, 40.3873064 ], [ -3.7773405, 40.3894455 ], [ -3.7733825, 40.3924583 ], [ -3.7722153, 40.3933465 ], [ -3.7716665, 40.3937642 ], [ -3.7715651, 40.3938414 ], [ -3.7705791, 40.3930126 ], [ -3.7702828, 40.3927636 ], [ -3.7700901, 40.3925987 ], [ -3.7675076, 40.3903899 ], [ -3.7672921, 40.3905337 ], [ -3.76271, 40.3864215 ], [ -3.7617807, 40.3855874 ], [ -3.7593061, 40.3836301 ], [ -3.7588528, 40.3832299 ], [ -3.758366, 40.3828191 ], [ -3.7578769, 40.3822051 ], [ -3.7574355, 40.3814629 ], [ -3.7568336, 40.3804507 ], [ -3.7564009, 40.3795955 ], [ -3.7559502, 40.3785524 ], [ -3.7567716, 40.3779955 ], [ -3.7572419, 40.3774738 ], [ -3.7574224, 40.3771738 ], [ -3.7575819, 40.3769088 ], [ -3.7577508, 40.376538 ], [ -3.7578138, 40.3763125 ], [ -3.757862, 40.37614 ], [ -3.7579108, 40.3759194 ], [ -3.7579305, 40.3758306 ], [ -3.7578772, 40.3755401 ], [ -3.7588903, 40.3752296 ], [ -3.760016, 40.3748846 ], [ -3.761844, 40.3744375 ], [ -3.7622475, 40.3726228 ], [ -3.7656421, 40.3731301 ], [ -3.7681243, 40.3735412 ], [ -3.7693226, 40.3737292 ], [ -3.7700816, 40.3738483 ], [ -3.7730059, 40.3743067 ], [ -3.7732806, 40.3743498 ], [ -3.7752804, 40.3746634 ], [ -3.7762197, 40.3748127 ], [ -3.77688, 40.3749192 ], [ -3.7780113, 40.3750944 ], [ -3.779316, 40.3753015 ], [ -3.780166, 40.3754346 ], [ -3.7805748, 40.3754995 ], [ -3.7809731, 40.3755645 ], [ -3.7814487, 40.3756624 ], [ -3.7817981, 40.3757592 ], [ -3.7819991, 40.3758497 ], [ -3.7821453, 40.3759414 ], [ -3.782271, 40.3760162 ], [ -3.7823823, 40.3761148 ], [ -3.7825338, 40.3762476 ], [ -3.7826402, 40.3763616 ], [ -3.7833466, 40.3773127 ], [ -3.7837675, 40.3778742 ], [ -3.784251, 40.3788965 ], [ -3.7845208, 40.3795918 ], [ -3.7849673, 40.3801418 ], [ -3.7852876, 40.3804798 ], [ -3.7853067, 40.3805 ], [ -3.7876985, 40.381674 ] ] ] } },
{ "type": "Feature", "properties": { "neighborhood": "Distrito Municipal I (sin urbanizaciones)", "admin_level": "10" }, "geometry": { "type": "Polygon", "coordinates": [ [ [ -3.8282162, 40.4446938 ], [ -3.8273779, 40.4444033 ], [ -3.8263892, 40.4435899 ], [ -3.8259453, 40.4429126 ], [ -3.8256762, 40.4426819 ], [ -3.8252621, 40.4421629 ], [ -3.8252601, 40.4419874 ], [ -3.825255, 40.4419413 ], [ -3.8252502, 40.4419029 ], [ -3.825225, 40.4418483 ], [ -3.8251954, 40.4418153 ], [ -3.8237227, 40.4425391 ], [ -3.8235088, 40.442748 ], [ -3.8235594, 40.4432957 ], [ -3.8227804, 40.4433165 ], [ -3.8225342, 40.4433294 ], [ -3.8206169, 40.4442932 ], [ -3.8200544, 40.444241 ], [ -3.819519, 40.4441577 ], [ -3.8193662, 40.4441174 ], [ -3.8192241, 40.4440555 ], [ -3.8190116, 40.4439588 ], [ -3.8188938, 40.4439788 ], [ -3.8187493, 40.4440163 ], [ -3.8186353, 40.4440864 ], [ -3.8185695, 40.4440917 ], [ -3.8183458, 40.4442514 ], [ -3.8182572, 40.4443206 ], [ -3.8181297, 40.4443779 ], [ -3.8177253, 40.4444894 ], [ -3.817627, 40.4445276 ], [ -3.8174832, 40.4446448 ], [ -3.8174615, 40.4446526 ], [ -3.8174453, 40.4446541 ], [ -3.8172278, 40.4447458 ], [ -3.8171434, 40.4447782 ], [ -3.8166454, 40.4450072 ], [ -3.8165054, 40.4450761 ], [ -3.8163454, 40.4451814 ], [ -3.816306, 40.4452004 ], [ -3.8159469, 40.4455333 ], [ -3.815654, 40.445758 ], [ -3.8155437, 40.4458882 ], [ -3.8153759, 40.4460482 ], [ -3.8152728, 40.4461062 ], [ -3.8150259, 40.4462152 ], [ -3.8149153, 40.4462515 ], [ -3.8147862, 40.446268 ], [ -3.8147328, 40.4462886 ], [ -3.8145605, 40.4464341 ], [ -3.8142384, 40.4466497 ], [ -3.814053, 40.4467739 ], [ -3.8138471, 40.4468542 ], [ -3.8135629, 40.4468297 ], [ -3.813571, 40.4468071 ], [ -3.813399, 40.4467852 ], [ -3.8133486, 40.4469666 ], [ -3.8133714, 40.4469749 ], [ -3.8134265, 40.4470119 ], [ -3.8135729, 40.4471305 ], [ -3.8137054, 40.4472201 ], [ -3.8143567, 40.4476033 ], [ -3.8144968, 40.4476776 ], [ -3.8149588, 40.4477673 ], [ -3.8153019, 40.4477673 ], [ -3.8155769, 40.4477371 ], [ -3.8156734, 40.4477289 ], [ -3.8159016, 40.447859 ], [ -3.8158538, 40.4481743 ], [ -3.8157247, 40.4485814 ], [ -3.8157561, 40.4488158 ], [ -3.8158376, 40.4490814 ], [ -3.8158978, 40.4492527 ], [ -3.8161609, 40.4497544 ], [ -3.8168944, 40.4499972 ], [ -3.8171948, 40.4501035 ], [ -3.8177909, 40.4502539 ], [ -3.8179514, 40.4496547 ], [ -3.8180126, 40.4494907 ], [ -3.8180767, 40.4491895 ], [ -3.8181383, 40.4489874 ], [ -3.8180688, 40.4487883 ], [ -3.8175226, 40.4487048 ], [ -3.8176995, 40.4475113 ], [ -3.8179727, 40.4475666 ], [ -3.8181258, 40.4476335 ], [ -3.8182874, 40.4477996 ], [ -3.8185029, 40.4479895 ], [ -3.8188034, 40.4480305 ], [ -3.8190189, 40.4480089 ], [ -3.8191635, 40.4479636 ], [ -3.8195066, 40.44775 ], [ -3.8224493, 40.4483435 ], [ -3.8210507, 40.4495091 ], [ -3.8205695, 40.4499302 ], [ -3.8195831, 40.4508761 ], [ -3.8192864, 40.4511904 ], [ -3.818677, 40.4518494 ], [ -3.8181236, 40.4524535 ], [ -3.8179512, 40.452658 ], [ -3.8173016, 40.4534726 ], [ -3.8169007, 40.4539913 ], [ -3.8164716, 40.4546198 ], [ -3.8160827, 40.4551904 ], [ -3.8151965, 40.4563955 ], [ -3.8147996, 40.4568654 ], [ -3.8143545, 40.45732 ], [ -3.8138733, 40.4577746 ], [ -3.8133601, 40.4581803 ], [ -3.8130674, 40.4584122 ], [ -3.8127426, 40.4586471 ], [ -3.8123496, 40.4589126 ], [ -3.8116319, 40.4593519 ], [ -3.8105773, 40.459901 ], [ -3.8103328, 40.4600109 ], [ -3.8092902, 40.4604349 ], [ -3.8084923, 40.4606851 ], [ -3.8077425, 40.4609047 ], [ -3.8065917, 40.4611641 ], [ -3.8059421, 40.4612678 ], [ -3.8050798, 40.4613981 ], [ -3.8036921, 40.4615879 ], [ -3.8029483, 40.4616932 ], [ -3.8026516, 40.4617313 ], [ -3.8022259, 40.46179 ], [ -3.801941, 40.4615328 ], [ -3.7999694, 40.4597804 ], [ -3.7998183, 40.4597401 ], [ -3.7990451, 40.4592005 ], [ -3.7958167, 40.4579451 ], [ -3.7953556, 40.4571772 ], [ -3.7953962, 40.4570874 ], [ -3.7952723, 40.4570308 ], [ -3.7955966, 40.456399 ], [ -3.7952912, 40.4562601 ], [ -3.7948633, 40.4560752 ], [ -3.7946436, 40.4558678 ], [ -3.794441, 40.4556091 ], [ -3.7943711, 40.4556295 ], [ -3.7942572, 40.4554004 ], [ -3.7941549, 40.4551049 ], [ -3.7940806, 40.4549991 ], [ -3.7939794, 40.4548945 ], [ -3.7939201, 40.4548353 ], [ -3.7938345, 40.4547436 ], [ -3.7937672, 40.4547104 ], [ -3.7936993, 40.4546724 ], [ -3.7934476, 40.4543448 ], [ -3.7930489, 40.4539115 ], [ -3.7929693, 40.4536852 ], [ -3.7935046, 40.4535678 ], [ -3.793402, 40.4532634 ], [ -3.7934395, 40.4532335 ], [ -3.7932117, 40.4530973 ], [ -3.7932401, 40.4530447 ], [ -3.7928343, 40.4523301 ], [ -3.7928222, 40.4523186 ], [ -3.7923777, 40.4519098 ], [ -3.7923736, 40.4516145 ], [ -3.7921654, 40.4510442 ], [ -3.7913721, 40.4493251 ], [ -3.7911484, 40.4481316 ], [ -3.7910402, 40.4480613 ], [ -3.7910069, 40.4477226 ], [ -3.7900638, 40.4479738 ], [ -3.7900678, 40.4457965 ], [ -3.788822, 40.4457534 ], [ -3.7901068, 40.4423712 ], [ -3.784715, 40.4443517 ], [ -3.7797451, 40.4442269 ], [ -3.7776382, 40.4435711 ], [ -3.7761955, 40.4434524 ], [ -3.7758702, 40.4434472 ], [ -3.774616, 40.4435993 ], [ -3.7713966, 40.4439896 ], [ -3.7714444, 40.4439449 ], [ -3.772132, 40.4433494 ], [ -3.7724651, 40.4430602 ], [ -3.7730492, 40.4425542 ], [ -3.7731725, 40.4424604 ], [ -3.7735099, 40.4422133 ], [ -3.7740657, 40.4418486 ], [ -3.7744711, 40.4416167 ], [ -3.7748142, 40.4414332 ], [ -3.7751502, 40.4412811 ], [ -3.7757286, 40.4410416 ], [ -3.7760362, 40.4409251 ], [ -3.7763013, 40.4408377 ], [ -3.7765607, 40.4407546 ], [ -3.7769066, 40.440665 ], [ -3.7772075, 40.4405937 ], [ -3.7774284, 40.4405462 ], [ -3.7777437, 40.4404833 ], [ -3.7780657, 40.4404282 ], [ -3.7786439, 40.4403602 ], [ -3.7791278, 40.4403153 ], [ -3.7797212, 40.4402806 ], [ -3.7814104, 40.4402177 ], [ -3.7832497, 40.4401433 ], [ -3.7837319, 40.4401254 ], [ -3.7842764, 40.4400894 ], [ -3.7849137, 40.4400099 ], [ -3.7857903, 40.4398739 ], [ -3.7862303, 40.4397815 ], [ -3.7867344, 40.4396596 ], [ -3.7874492, 40.4394492 ], [ -3.7881286, 40.4392105 ], [ -3.7888114, 40.4389321 ], [ -3.7902141, 40.4383341 ], [ -3.7909086, 40.4380018 ], [ -3.7913908, 40.4377439 ], [ -3.7918123, 40.437495 ], [ -3.7925557, 40.4369997 ], [ -3.7928558, 40.4367867 ], [ -3.7937561, 40.4361284 ], [ -3.7942264, 40.4357832 ], [ -3.7948148, 40.4353572 ], [ -3.7952346, 40.4350531 ], [ -3.7958769, 40.4345924 ], [ -3.7961972, 40.4343743 ], [ -3.7966878, 40.4340881 ], [ -3.796971, 40.4339483 ], [ -3.7973116, 40.4337802 ], [ -3.7976268, 40.4336467 ], [ -3.7979337, 40.4335287 ], [ -3.7985541, 40.4333233 ], [ -3.7995454, 40.4329897 ], [ -3.8011942, 40.4324469 ], [ -3.8013425, 40.4323981 ], [ -3.8033116, 40.4317514 ], [ -3.8039826, 40.4315319 ], [ -3.8053111, 40.4310918 ], [ -3.8073897, 40.4304091 ], [ -3.8076005, 40.4303449 ], [ -3.8080944, 40.4301819 ], [ -3.8087823, 40.4299471 ], [ -3.8093538, 40.4297161 ], [ -3.8096387, 40.4295878 ], [ -3.8101714, 40.4293337 ], [ -3.8111543, 40.4287331 ], [ -3.8119555, 40.4281892 ], [ -3.8133152, 40.4272635 ], [ -3.814313, 40.4265855 ], [ -3.8147942, 40.4262619 ], [ -3.8152132, 40.4259903 ], [ -3.8156462, 40.4257629 ], [ -3.8158828, 40.4256545 ], [ -3.8162317, 40.42554 ], [ -3.816787, 40.4253996 ], [ -3.8171719, 40.4253325 ], [ -3.8175067, 40.4253019 ], [ -3.8178957, 40.4252928 ], [ -3.8182686, 40.4253096 ], [ -3.8186034, 40.4253432 ], [ -3.8188941, 40.4253905 ], [ -3.819275, 40.4254775 ], [ -3.8195737, 40.425569 ], [ -3.8199106, 40.4256896 ], [ -3.8202915, 40.4258697 ], [ -3.8206443, 40.4260788 ], [ -3.8208268, 40.4262024 ], [ -3.8210473, 40.4263794 ], [ -3.821328, 40.4266511 ], [ -3.8216247, 40.4270189 ], [ -3.8217751, 40.427257 ], [ -3.8219214, 40.4275515 ], [ -3.8220317, 40.4278659 ], [ -3.8223264, 40.4288548 ], [ -3.8225249, 40.4295416 ], [ -3.8226131, 40.4297934 ], [ -3.8228376, 40.4303718 ], [ -3.822984, 40.4306846 ], [ -3.8232747, 40.4312157 ], [ -3.8234852, 40.4314889 ], [ -3.8238481, 40.4318551 ], [ -3.8241669, 40.4321191 ], [ -3.8246019, 40.4324106 ], [ -3.8252014, 40.4327158 ], [ -3.8256485, 40.4328898 ], [ -3.8262018, 40.4330561 ], [ -3.8267669, 40.4331499 ], [ -3.8272829, 40.4331973 ], [ -3.8278954, 40.4332016 ], [ -3.8287119, 40.4330937 ], [ -3.8296702, 40.4328304 ], [ -3.8304982, 40.4325154 ], [ -3.8310028, 40.4323341 ], [ -3.8316606, 40.4321485 ], [ -3.8323638, 40.4319974 ], [ -3.8336113, 40.4318809 ], [ -3.8345129, 40.4319154 ], [ -3.8352217, 40.4319931 ], [ -3.836078, 40.4321873 ], [ -3.8359192, 40.4325887 ], [ -3.8355733, 40.4332405 ], [ -3.835165, 40.4339268 ], [ -3.8347794, 40.4345051 ], [ -3.8335546, 40.4362403 ], [ -3.8333152, 40.4365842 ], [ -3.8326374, 40.4375337 ], [ -3.832361, 40.4379495 ], [ -3.8321115, 40.4383575 ], [ -3.8318923, 40.4387938 ], [ -3.8316988, 40.4393486 ], [ -3.8315854, 40.4401168 ], [ -3.8315343, 40.4406649 ], [ -3.8314209, 40.4414849 ], [ -3.831041, 40.4424042 ], [ -3.8304456, 40.4431853 ], [ -3.8298388, 40.4437334 ], [ -3.8290279, 40.4442685 ], [ -3.8282162, 40.4446938 ] ] ] } },
{ "type": "Feature", "properties": { "neighborhood": "Colonia Militar - Colonia Jardín (Pozuelo de Alarcón)", "admin_level": "10" }, "geometry": { "type": "Polygon", "coordinates": [ [ [ -3.7802573, 40.3956818 ], [ -3.7806404, 40.3961426 ], [ -3.7806758, 40.3964455 ], [ -3.7806602, 40.3968995 ], [ -3.7801783, 40.3972128 ], [ -3.779872, 40.3972068 ], [ -3.7794293, 40.3975038 ], [ -3.7791388, 40.3976986 ], [ -3.7791905, 40.3977679 ], [ -3.7785659, 40.3980423 ], [ -3.7784952, 40.3979881 ], [ -3.7781087, 40.3980446 ], [ -3.7781135, 40.3976555 ], [ -3.7796751, 40.3968453 ], [ -3.7801091, 40.3958373 ], [ -3.7802573, 40.3956818 ] ] ] } },
{ "type": "Feature", "properties": { "neighborhood": "Colonia de los Ángeles", "admin_level": "10" }, "geometry": { "type": "Polygon", "coordinates": [ [ [ -3.7823669, 40.4039459 ], [ -3.7829179, 40.4046553 ], [ -3.7841267, 40.4062565 ], [ -3.7851638, 40.4076889 ], [ -3.7859959, 40.4089035 ], [ -3.7864346, 40.409813 ], [ -3.7867112, 40.4104792 ], [ -3.7869281, 40.411022 ], [ -3.7851881, 40.4111777 ], [ -3.7842202, 40.4112758 ], [ -3.7827181, 40.4114283 ], [ -3.7820792, 40.4114972 ], [ -3.7807345, 40.4116279 ], [ -3.7804388, 40.4116497 ], [ -3.7801527, 40.4117332 ], [ -3.7798351, 40.4117556 ], [ -3.7797002, 40.4117518 ], [ -3.7793641, 40.4117544 ], [ -3.7791528, 40.410534 ], [ -3.7786116, 40.4082246 ], [ -3.778371, 40.407628 ], [ -3.7776649, 40.4063691 ], [ -3.7770858, 40.4055637 ], [ -3.7768831, 40.4052901 ], [ -3.7763504, 40.4040385 ], [ -3.7758184, 40.4034942 ], [ -3.77496, 40.4026842 ], [ -3.7743427, 40.4021083 ], [ -3.7744545, 40.4011967 ], [ -3.7745625, 40.4003808 ], [ -3.7745599, 40.4003146 ], [ -3.7745596, 40.4003063 ], [ -3.775853, 40.4000885 ], [ -3.7775965, 40.3991646 ], [ -3.7776888, 40.3992153 ], [ -3.7778439, 40.3992988 ], [ -3.7780411, 40.3994259 ], [ -3.7783412, 40.3996429 ], [ -3.7786999, 40.3999385 ], [ -3.7789505, 40.4001675 ], [ -3.7795399, 40.4007752 ], [ -3.7806374, 40.402009 ], [ -3.7808949, 40.4023031 ], [ -3.7817913, 40.4033815 ], [ -3.7823669, 40.4039459 ] ] ] } },
{ "type": "Feature", "properties": { "neighborhood": "Somosaguas \"A\"", "admin_level": "10" }, "geometry": { "type": "Polygon", "coordinates": [ [ [ -3.7903799, 40.4159701 ], [ -3.790405, 40.4165629 ], [ -3.7904101, 40.4169492 ], [ -3.7904118, 40.4177758 ], [ -3.7904043, 40.418387 ], [ -3.7904058, 40.4186682 ], [ -3.7904007, 40.4203193 ], [ -3.7903634, 40.4204771 ], [ -3.7902769, 40.4207715 ], [ -3.7902061, 40.4208896 ], [ -3.7899979, 40.4212049 ], [ -3.7898175, 40.4215651 ], [ -3.7895939, 40.4218807 ], [ -3.7877826, 40.4244677 ], [ -3.7877083, 40.4245781 ], [ -3.7875514, 40.4248814 ], [ -3.7874031, 40.4251931 ], [ -3.7871101, 40.4257886 ], [ -3.7869553, 40.4261646 ], [ -3.7868629, 40.4265781 ], [ -3.7868674, 40.4267881 ], [ -3.7869306, 40.4270905 ], [ -3.7873071, 40.4285479 ], [ -3.7861722, 40.4280051 ], [ -3.7858554, 40.4281677 ], [ -3.7848317, 40.4281891 ], [ -3.7841192, 40.4281851 ], [ -3.7840511, 40.4280771 ], [ -3.7838158, 40.4280894 ], [ -3.7838823, 40.4291981 ], [ -3.7830938, 40.4292624 ], [ -3.7828599, 40.4292976 ], [ -3.7828518, 40.4286963 ], [ -3.7828508, 40.4286291 ], [ -3.7827878, 40.4280412 ], [ -3.781995, 40.4277562 ], [ -3.7818937, 40.4261602 ], [ -3.7818526, 40.4253395 ], [ -3.7817319, 40.4253293 ], [ -3.7816701, 40.4253168 ], [ -3.7816105, 40.4253009 ], [ -3.7815531, 40.4252825 ], [ -3.7815001, 40.4252574 ], [ -3.7814384, 40.4252158 ], [ -3.7813829, 40.4251761 ], [ -3.7812911, 40.4251047 ], [ -3.7812037, 40.42505 ], [ -3.7803289, 40.424795 ], [ -3.7802868, 40.4247714 ], [ -3.7801727, 40.4246585 ], [ -3.7801528, 40.42462 ], [ -3.7800139, 40.4245316 ], [ -3.7798942, 40.4246065 ], [ -3.7795819, 40.4247373 ], [ -3.7791124, 40.4248408 ], [ -3.7789404, 40.4248695 ], [ -3.7786955, 40.4249104 ], [ -3.7785161, 40.4246545 ], [ -3.7786764, 40.4245589 ], [ -3.7791186, 40.424274 ], [ -3.7795547, 40.4234444 ], [ -3.7798349, 40.4228933 ], [ -3.7803556, 40.4219008 ], [ -3.780387, 40.4217859 ], [ -3.7810176, 40.4191648 ], [ -3.7811511, 40.4186468 ], [ -3.7812941, 40.4179921 ], [ -3.7813544, 40.417735 ], [ -3.7813952, 40.4175676 ], [ -3.7812403, 40.4169565 ], [ -3.7811657, 40.4166425 ], [ -3.7805658, 40.414253 ], [ -3.7800762, 40.4133594 ], [ -3.7796285, 40.4125215 ], [ -3.7794676, 40.4122324 ], [ -3.7793943, 40.4119524 ], [ -3.7793641, 40.4117544 ], [ -3.7796735, 40.4118222 ], [ -3.7800634, 40.4119425 ], [ -3.7801196, 40.4119596 ], [ -3.780298, 40.4120138 ], [ -3.7805092, 40.4120753 ], [ -3.7815021, 40.4124055 ], [ -3.7824057, 40.4127041 ], [ -3.783996, 40.4132251 ], [ -3.7847017, 40.4134574 ], [ -3.7859232, 40.4140382 ], [ -3.7866149, 40.4143725 ], [ -3.7868767, 40.4145049 ], [ -3.7870841, 40.4146153 ], [ -3.7872459, 40.4147167 ], [ -3.7872611, 40.4147886 ], [ -3.7872611, 40.4148181 ], [ -3.7873049, 40.4149028 ], [ -3.7874354, 40.4149973 ], [ -3.7875966, 40.4150106 ], [ -3.78775, 40.4149554 ], [ -3.7878783, 40.4149376 ], [ -3.7880063, 40.4149772 ], [ -3.7881277, 40.4150401 ], [ -3.7890718, 40.4156599 ], [ -3.7903799, 40.4159701 ] ] ] } },
{ "type": "Feature", "properties": { "neighborhood": "Montecillo", "admin_level": "10" }, "geometry": { "type": "Polygon", "coordinates": [ [ [ -3.781995, 40.4277562 ], [ -3.7818688, 40.4279153 ], [ -3.7818311, 40.4292174 ], [ -3.7816531, 40.4291873 ], [ -3.7812111, 40.4290659 ], [ -3.7808741, 40.4289558 ], [ -3.7806958, 40.4288368 ], [ -3.7804676, 40.4286985 ], [ -3.7791849, 40.4287007 ], [ -3.7781599, 40.4280437 ], [ -3.7749531, 40.4277887 ], [ -3.774226, 40.4277525 ], [ -3.7735386, 40.4277262 ], [ -3.7742695, 40.4272876 ], [ -3.7753928, 40.4265846 ], [ -3.7754153, 40.4265707 ], [ -3.7756328, 40.4264358 ], [ -3.7759238, 40.4262554 ], [ -3.7761499, 40.4261173 ], [ -3.7768528, 40.4256792 ], [ -3.7771954, 40.4254708 ], [ -3.7775809, 40.4252319 ], [ -3.7778866, 40.4250445 ], [ -3.7782853, 40.4247921 ], [ -3.7785161, 40.4246545 ], [ -3.7786955, 40.4249104 ], [ -3.7789404, 40.4248695 ], [ -3.7791124, 40.4248408 ], [ -3.7795819, 40.4247373 ], [ -3.7798942, 40.4246065 ], [ -3.7800139, 40.4245316 ], [ -3.7801528, 40.42462 ], [ -3.7801727, 40.4246585 ], [ -3.7802868, 40.4247714 ], [ -3.7803289, 40.424795 ], [ -3.7812037, 40.42505 ], [ -3.7812911, 40.4251047 ], [ -3.7813829, 40.4251761 ], [ -3.7814384, 40.4252158 ], [ -3.7815001, 40.4252574 ], [ -3.7815531, 40.4252825 ], [ -3.7816105, 40.4253009 ], [ -3.7816701, 40.4253168 ], [ -3.7817319, 40.4253293 ], [ -3.7818526, 40.4253395 ], [ -3.7818937, 40.4261602 ], [ -3.781995, 40.4277562 ] ] ] } },
{ "type": "Feature", "properties": { "neighborhood": "Distrito Municipal II (sin urbanizaciones)", "admin_level": "10" }, "geometry": { "type": "MultiPolygon", "coordinates": [ [ [ [ -3.8403524, 40.4112146 ], [ -3.8400518, 40.4112793 ], [ -3.8395585, 40.4112923 ], [ -3.8388893, 40.4111325 ], [ -3.8386965, 40.4111541 ], [ -3.8382259, 40.4113355 ], [ -3.837466, 40.4116204 ], [ -3.8369387, 40.4116679 ], [ -3.8366778, 40.4117456 ], [ -3.8362922, 40.4118406 ], [ -3.8354983, 40.4120263 ], [ -3.835056, 40.4121256 ], [ -3.8343699, 40.412199 ], [ -3.8341941, 40.4124623 ], [ -3.834011, 40.4128351 ], [ -3.832915, 40.4132955 ], [ -3.8319703, 40.4135431 ], [ -3.8306106, 40.4136344 ], [ -3.8293578, 40.4133141 ], [ -3.828482, 40.4130887 ], [ -3.8280107, 40.412734 ], [ -3.8277049, 40.4123642 ], [ -3.8272782, 40.4120135 ], [ -3.8262917, 40.4116071 ], [ -3.8253978, 40.4115413 ], [ -3.8248072, 40.411473 ], [ -3.8246813, 40.4110835 ], [ -3.8245703, 40.4112429 ], [ -3.8241779, 40.4118547 ], [ -3.823943, 40.4122649 ], [ -3.8237487, 40.4122466 ], [ -3.8231479, 40.4116679 ], [ -3.8229797, 40.4115104 ], [ -3.8223556, 40.4100725 ], [ -3.818202, 40.4087869 ], [ -3.8164887, 40.4084095 ], [ -3.8138333, 40.4078414 ], [ -3.8126973, 40.4076393 ], [ -3.8126906, 40.4076385 ], [ -3.8123655, 40.407602 ], [ -3.8121784, 40.407581 ], [ -3.8119831, 40.4075621 ], [ -3.81198, 40.4075621 ], [ -3.8117803, 40.4075607 ], [ -3.8116597, 40.4075675 ], [ -3.8115403, 40.4075762 ], [ -3.8112721, 40.4074776 ], [ -3.8085645, 40.4056439 ], [ -3.8070475, 40.4046473 ], [ -3.8060025, 40.4032563 ], [ -3.8054721, 40.4025038 ], [ -3.8049923, 40.4020484 ], [ -3.8046251, 40.4017807 ], [ -3.8042794, 40.4014142 ], [ -3.8029013, 40.4007646 ], [ -3.8021861, 40.4005031 ], [ -3.8021408, 40.4001291 ], [ -3.8025775, 40.3997669 ], [ -3.8028989, 40.3994368 ], [ -3.8030866, 40.399244 ], [ -3.8032605, 40.3990837 ], [ -3.8032707, 40.3989422 ], [ -3.8027517, 40.3988938 ], [ -3.7993894, 40.3987938 ], [ -3.7972506, 40.3988476 ], [ -3.7942024, 40.3988313 ], [ -3.793641, 40.3988236 ], [ -3.7926381, 40.3988703 ], [ -3.7907677, 40.3989571 ], [ -3.7902182, 40.3991829 ], [ -3.7901699, 40.3992027 ], [ -3.7899298, 40.3994396 ], [ -3.7898929, 40.3997947 ], [ -3.790402, 40.4023134 ], [ -3.7907859, 40.4042123 ], [ -3.7910188, 40.4044928 ], [ -3.7907041, 40.4046054 ], [ -3.7893985, 40.4046065 ], [ -3.7888697, 40.4045762 ], [ -3.7885933, 40.4045331 ], [ -3.7879993, 40.4044186 ], [ -3.7874535, 40.4042416 ], [ -3.7868836, 40.4040289 ], [ -3.7865377, 40.403894 ], [ -3.7859417, 40.4036789 ], [ -3.7856189, 40.4035938 ], [ -3.7853362, 40.4035328 ], [ -3.784873, 40.4034803 ], [ -3.7842254, 40.4034818 ], [ -3.784077, 40.4034971 ], [ -3.7835959, 40.4035795 ], [ -3.7831187, 40.4037139 ], [ -3.7823669, 40.4039459 ], [ -3.7817913, 40.4033815 ], [ -3.7808949, 40.4023031 ], [ -3.7806374, 40.402009 ], [ -3.7795399, 40.4007752 ], [ -3.7789505, 40.4001675 ], [ -3.7786999, 40.3999385 ], [ -3.7783412, 40.3996429 ], [ -3.7780411, 40.3994259 ], [ -3.7778439, 40.3992988 ], [ -3.7776888, 40.3992153 ], [ -3.7775965, 40.3991646 ], [ -3.7776503, 40.3991361 ], [ -3.7781087, 40.3980446 ], [ -3.7784952, 40.3979881 ], [ -3.7785659, 40.3980423 ], [ -3.7791905, 40.3977679 ], [ -3.7791388, 40.3976986 ], [ -3.7794293, 40.3975038 ], [ -3.779872, 40.3972068 ], [ -3.7801783, 40.3972128 ], [ -3.7806602, 40.3968995 ], [ -3.7806758, 40.3964455 ], [ -3.7806404, 40.3961426 ], [ -3.7802573, 40.3956818 ], [ -3.7807147, 40.3953369 ], [ -3.7814847, 40.3941828 ], [ -3.7867592, 40.3928269 ], [ -3.7893944, 40.3924188 ], [ -3.7885871, 40.3939729 ], [ -3.7937887, 40.3936341 ], [ -3.7964659, 40.3922649 ], [ -3.8042572, 40.3920568 ], [ -3.8084141, 40.3924144 ], [ -3.8108622, 40.3928047 ], [ -3.8148521, 40.3940331 ], [ -3.8182651, 40.3959554 ], [ -3.8193102, 40.3963659 ], [ -3.8206626, 40.3966177 ], [ -3.8214855, 40.3966207 ], [ -3.8219019, 40.3966353 ], [ -3.8223187, 40.3966238 ], [ -3.8225944, 40.396577 ], [ -3.8229373, 40.3965291 ], [ -3.823145, 40.3965049 ], [ -3.8233168, 40.3965062 ], [ -3.8239217, 40.3965549 ], [ -3.8245394, 40.3965657 ], [ -3.8248398, 40.3965744 ], [ -3.8253066, 40.3965692 ], [ -3.825768, 40.3965092 ], [ -3.826265, 40.3964576 ], [ -3.8269547, 40.3964051 ], [ -3.8278173, 40.3963803 ], [ -3.8283262, 40.3964015 ], [ -3.8287185, 40.3964111 ], [ -3.8289864, 40.3964118 ], [ -3.8299509, 40.3963556 ], [ -3.8310171, 40.3961516 ], [ -3.8321201, 40.3960305 ], [ -3.8328519, 40.3960539 ], [ -3.8336148, 40.3961569 ], [ -3.8338094, 40.3961735 ], [ -3.8339786, 40.3961342 ], [ -3.834162, 40.3960582 ], [ -3.8351908, 40.3962354 ], [ -3.8352412, 40.396592 ], [ -3.8337732, 40.3967525 ], [ -3.8334126, 40.3981748 ], [ -3.8303912, 40.40162 ], [ -3.8378336, 40.4030979 ], [ -3.8392613, 40.4059496 ], [ -3.8394275, 40.4062815 ], [ -3.8403593, 40.4081427 ], [ -3.8407699, 40.4109355 ], [ -3.8406245, 40.4110289 ], [ -3.8403524, 40.4112146 ] ] ], [ [ [ -3.8298388, 40.4437334 ], [ -3.8304456, 40.4431853 ], [ -3.831041, 40.4424042 ], [ -3.8314209, 40.4414849 ], [ -3.8315343, 40.4406649 ], [ -3.8315854, 40.4401168 ], [ -3.8316988, 40.4393486 ], [ -3.8318923, 40.4387938 ], [ -3.8321115, 40.4383575 ], [ -3.832361, 40.4379495 ], [ -3.8326374, 40.4375337 ], [ -3.8333152, 40.4365842 ], [ -3.8335546, 40.4362403 ], [ -3.8347794, 40.4345051 ], [ -3.835165, 40.4339268 ], [ -3.8355733, 40.4332405 ], [ -3.8359192, 40.4325887 ], [ -3.836078, 40.4321873 ], [ -3.8352217, 40.4319931 ], [ -3.8345129, 40.4319154 ], [ -3.8336113, 40.4318809 ], [ -3.8323638, 40.4319974 ], [ -3.8316606, 40.4321485 ], [ -3.8310028, 40.4323341 ], [ -3.8304982, 40.4325154 ], [ -3.8296702, 40.4328304 ], [ -3.8287119, 40.4330937 ], [ -3.8278954, 40.4332016 ], [ -3.8272829, 40.4331973 ], [ -3.8267669, 40.4331499 ], [ -3.8262018, 40.4330561 ], [ -3.8256485, 40.4328898 ], [ -3.8252014, 40.4327158 ], [ -3.8246019, 40.4324106 ], [ -3.8241669, 40.4321191 ], [ -3.8238481, 40.4318551 ], [ -3.8234852, 40.4314889 ], [ -3.8232747, 40.4312157 ], [ -3.822984, 40.4306846 ], [ -3.8228376, 40.4303718 ], [ -3.8226131, 40.4297934 ], [ -3.8225249, 40.4295416 ], [ -3.8223264, 40.4288548 ], [ -3.8220317, 40.4278659 ], [ -3.8219214, 40.4275515 ], [ -3.8217751, 40.427257 ], [ -3.8216247, 40.4270189 ], [ -3.821328, 40.4266511 ], [ -3.8210473, 40.4263794 ], [ -3.8208268, 40.4262024 ], [ -3.8206443, 40.4260788 ], [ -3.8202915, 40.4258697 ], [ -3.8199106, 40.4256896 ], [ -3.8195737, 40.425569 ], [ -3.819275, 40.4254775 ], [ -3.8188941, 40.4253905 ], [ -3.8186034, 40.4253432 ], [ -3.8182686, 40.4253096 ], [ -3.8178957, 40.4252928 ], [ -3.8175067, 40.4253019 ], [ -3.8171719, 40.4253325 ], [ -3.816787, 40.4253996 ], [ -3.8162317, 40.42554 ], [ -3.8158828, 40.4256545 ], [ -3.8156462, 40.4257629 ], [ -3.8152132, 40.4259903 ], [ -3.8147942, 40.4262619 ], [ -3.814313, 40.4265855 ], [ -3.8133152, 40.4272635 ], [ -3.8128092, 40.4268796 ], [ -3.8123048, 40.426537 ], [ -3.812263, 40.4264969 ], [ -3.8122186, 40.4263636 ], [ -3.8121782, 40.4259947 ], [ -3.8122275, 40.4257268 ], [ -3.8123563, 40.4255504 ], [ -3.8135093, 40.4247962 ], [ -3.8137405, 40.4246279 ], [ -3.8140212, 40.4243591 ], [ -3.8142534, 40.4241297 ], [ -3.8146969, 40.4236994 ], [ -3.8148648, 40.4235695 ], [ -3.8152029, 40.423362 ], [ -3.8153227, 40.4232498 ], [ -3.8153973, 40.42314 ], [ -3.8155347, 40.4229084 ], [ -3.81571, 40.4227121 ], [ -3.81588, 40.4225491 ], [ -3.8160026, 40.4224225 ], [ -3.8161058, 40.4222926 ], [ -3.8164299, 40.4218483 ], [ -3.8168046, 40.4213383 ], [ -3.8170054, 40.4210793 ], [ -3.8172014, 40.4208457 ], [ -3.8176693, 40.4204431 ], [ -3.8177179, 40.4204047 ], [ -3.8178076, 40.4203412 ], [ -3.8181147, 40.4201238 ], [ -3.8196725, 40.4192798 ], [ -3.8197724, 40.4192095 ], [ -3.819839, 40.4191264 ], [ -3.820232, 40.4184523 ], [ -3.8216868, 40.4162863 ], [ -3.8230934, 40.4164889 ], [ -3.8233717, 40.4157255 ], [ -3.8229806, 40.4153917 ], [ -3.8225166, 40.4149108 ], [ -3.8223239, 40.4146413 ], [ -3.8225727, 40.4145437 ], [ -3.8226497, 40.4145106 ], [ -3.8227103, 40.4144839 ], [ -3.822817, 40.4144287 ], [ -3.8228864, 40.414383 ], [ -3.8229298, 40.414341 ], [ -3.8229701, 40.4142856 ], [ -3.8230104, 40.4141974 ], [ -3.8230163, 40.4141004 ], [ -3.8229699, 40.4137948 ], [ -3.8229581, 40.4137146 ], [ -3.8229568, 40.413629 ], [ -3.8229801, 40.4135494 ], [ -3.8230359, 40.4134489 ], [ -3.823081, 40.4133923 ], [ -3.8232258, 40.4132595 ], [ -3.8236635, 40.412916 ], [ -3.8237281, 40.4128614 ], [ -3.8237665, 40.412829 ], [ -3.8237957, 40.4127946 ], [ -3.8238316, 40.4127294 ], [ -3.8238427, 40.4127028 ], [ -3.8238726, 40.4126512 ], [ -3.8239052, 40.4126144 ], [ -3.8239374, 40.4125959 ], [ -3.8241243, 40.4125374 ], [ -3.824219, 40.412671 ], [ -3.8247968, 40.4128627 ], [ -3.8253162, 40.4130279 ], [ -3.825471, 40.4131557 ], [ -3.8257324, 40.4135154 ], [ -3.8260946, 40.4140357 ], [ -3.8263039, 40.4143637 ], [ -3.8263782, 40.4144493 ], [ -3.8266263, 40.4147612 ], [ -3.8269623, 40.4151561 ], [ -3.8275171, 40.4157473 ], [ -3.8283434, 40.4165906 ], [ -3.8296008, 40.4176386 ], [ -3.8304816, 40.4182768 ], [ -3.8306342, 40.4184311 ], [ -3.8315297, 40.4193368 ], [ -3.8320241, 40.4198367 ], [ -3.8330689, 40.4204412 ], [ -3.8338971, 40.4209079 ], [ -3.8346877, 40.4214123 ], [ -3.8350894, 40.4216566 ], [ -3.8354165, 40.4219165 ], [ -3.8358387, 40.4222679 ], [ -3.8362114, 40.4225559 ], [ -3.8370961, 40.4231949 ], [ -3.837313, 40.4233365 ], [ -3.8375626, 40.4231344 ], [ -3.8385384, 40.4239538 ], [ -3.8390519, 40.4244143 ], [ -3.8397287, 40.4250212 ], [ -3.8399784, 40.425289 ], [ -3.8401792, 40.4255044 ], [ -3.840409, 40.425707 ], [ -3.8405847, 40.4258618 ], [ -3.8407447, 40.4260789 ], [ -3.8408865, 40.4264156 ], [ -3.8407462, 40.4264523 ], [ -3.8406181, 40.4261638 ], [ -3.8405542, 40.426015 ], [ -3.8403105, 40.425777 ], [ -3.8398197, 40.4254067 ], [ -3.8396949, 40.4254628 ], [ -3.8398707, 40.425847 ], [ -3.8401429, 40.426529 ], [ -3.8405115, 40.4274528 ], [ -3.8408946, 40.4278448 ], [ -3.8413337, 40.4277074 ], [ -3.8411665, 40.427239 ], [ -3.8413051, 40.4271998 ], [ -3.8415216, 40.4277035 ], [ -3.8417412, 40.4282084 ], [ -3.8418967, 40.428592 ], [ -3.8419643, 40.4287416 ], [ -3.842099, 40.4288936 ], [ -3.8421665, 40.4290142 ], [ -3.8421941, 40.4291059 ], [ -3.842182, 40.4291864 ], [ -3.8421665, 40.4292337 ], [ -3.8421732, 40.4292709 ], [ -3.8423941, 40.4298356 ], [ -3.842414, 40.4300287 ], [ -3.842389, 40.4301833 ], [ -3.8423485, 40.4302603 ], [ -3.8422676, 40.4302475 ], [ -3.8422288, 40.4303694 ], [ -3.8422592, 40.4305606 ], [ -3.8423143, 40.4306934 ], [ -3.8423856, 40.4308673 ], [ -3.8425189, 40.4311255 ], [ -3.8426945, 40.4314279 ], [ -3.8429757, 40.4319324 ], [ -3.8430785, 40.4320941 ], [ -3.8432679, 40.4323896 ], [ -3.8435661, 40.4328226 ], [ -3.8440418, 40.4335175 ], [ -3.8443277, 40.4339189 ], [ -3.844482, 40.4341642 ], [ -3.8448529, 40.4347421 ], [ -3.8449585, 40.4348813 ], [ -3.844933, 40.4348986 ], [ -3.8449593, 40.4349326 ], [ -3.8449934, 40.4349306 ], [ -3.8450697, 40.4350988 ], [ -3.8451386, 40.4352962 ], [ -3.8452523, 40.4352991 ], [ -3.8454774, 40.4354408 ], [ -3.8459697, 40.4364545 ], [ -3.8462342, 40.437338 ], [ -3.8463036, 40.4380243 ], [ -3.8467383, 40.4390215 ], [ -3.8472955, 40.4399111 ], [ -3.8478008, 40.4403536 ], [ -3.848322, 40.4408297 ], [ -3.8476023, 40.4410616 ], [ -3.8474239, 40.4410128 ], [ -3.8472494, 40.4409029 ], [ -3.8469206, 40.4407335 ], [ -3.8466339, 40.4406084 ], [ -3.8461229, 40.4404351 ], [ -3.8458173, 40.4403902 ], [ -3.845721, 40.4403749 ], [ -3.8443591, 40.4401795 ], [ -3.8437955, 40.4401032 ], [ -3.8427184, 40.4399398 ], [ -3.8423513, 40.4398788 ], [ -3.842195, 40.4398565 ], [ -3.841579, 40.439798 ], [ -3.8413122, 40.4397727 ], [ -3.8411487, 40.4397637 ], [ -3.8409562, 40.4398699 ], [ -3.8409783, 40.440021 ], [ -3.8409101, 40.4400286 ], [ -3.8408038, 40.4400835 ], [ -3.8402725, 40.4400622 ], [ -3.8402084, 40.4400072 ], [ -3.8401282, 40.4399355 ], [ -3.8399738, 40.4398348 ], [ -3.8398395, 40.4397829 ], [ -3.839621, 40.4397143 ], [ -3.8393583, 40.4396548 ], [ -3.8390576, 40.4396044 ], [ -3.8386085, 40.4395373 ], [ -3.8382256, 40.4394961 ], [ -3.8379429, 40.4394305 ], [ -3.8376362, 40.4393343 ], [ -3.8373114, 40.4392016 ], [ -3.8369866, 40.4389925 ], [ -3.8368703, 40.4389712 ], [ -3.8367961, 40.4389818 ], [ -3.83674, 40.4390032 ], [ -3.8365054, 40.4389666 ], [ -3.8363622, 40.4390384 ], [ -3.8355301, 40.4408175 ], [ -3.8368859, 40.4426126 ], [ -3.8364808, 40.4433678 ], [ -3.8362325, 40.443485 ], [ -3.8357903, 40.4436938 ], [ -3.8353776, 40.4437724 ], [ -3.8344216, 40.442843 ], [ -3.8340813, 40.4430165 ], [ -3.8337138, 40.4429716 ], [ -3.8326625, 40.4435405 ], [ -3.8321073, 40.4434414 ], [ -3.8316382, 40.4434139 ], [ -3.8313374, 40.4434749 ], [ -3.8310928, 40.4435451 ], [ -3.8307921, 40.4437099 ], [ -3.8304393, 40.4439144 ], [ -3.8300824, 40.4441371 ], [ -3.829517, 40.4444383 ], [ -3.8293563, 40.4445119 ], [ -3.8290063, 40.4446325 ], [ -3.8287752, 40.4447169 ], [ -3.8286509, 40.4447352 ], [ -3.8282162, 40.4446938 ], [ -3.8290279, 40.4442685 ], [ -3.8298388, 40.4437334 ] ] ], [ [ [ -3.8101714, 40.4293337 ], [ -3.8096387, 40.4295878 ], [ -3.8093538, 40.4297161 ], [ -3.8087823, 40.4299471 ], [ -3.8080944, 40.4301819 ], [ -3.8076005, 40.4303449 ], [ -3.8073897, 40.4304091 ], [ -3.8053111, 40.4310918 ], [ -3.8039826, 40.4315319 ], [ -3.8033116, 40.4317514 ], [ -3.8013425, 40.4323981 ], [ -3.8011942, 40.4324469 ], [ -3.7995454, 40.4329897 ], [ -3.7985541, 40.4333233 ], [ -3.7979337, 40.4335287 ], [ -3.7976268, 40.4336467 ], [ -3.7973116, 40.4337802 ], [ -3.796971, 40.4339483 ], [ -3.7966878, 40.4340881 ], [ -3.7961972, 40.4343743 ], [ -3.7958769, 40.4345924 ], [ -3.7952346, 40.4350531 ], [ -3.7948148, 40.4353572 ], [ -3.7942264, 40.4357832 ], [ -3.7937561, 40.4361284 ], [ -3.7928558, 40.4367867 ], [ -3.7925557, 40.4369997 ], [ -3.7918123, 40.437495 ], [ -3.7913908, 40.4377439 ], [ -3.7909086, 40.4380018 ], [ -3.7902141, 40.4383341 ], [ -3.7888114, 40.4389321 ], [ -3.7881286, 40.4392105 ], [ -3.7874492, 40.4394492 ], [ -3.7867344, 40.4396596 ], [ -3.7862303, 40.4397815 ], [ -3.7857903, 40.4398739 ], [ -3.7849137, 40.4400099 ], [ -3.7842764, 40.4400894 ], [ -3.7837319, 40.4401254 ], [ -3.7832497, 40.4401433 ], [ -3.7814104, 40.4402177 ], [ -3.7797212, 40.4402806 ], [ -3.7791278, 40.4403153 ], [ -3.7786439, 40.4403602 ], [ -3.7780657, 40.4404282 ], [ -3.7777437, 40.4404833 ], [ -3.7774284, 40.4405462 ], [ -3.7772075, 40.4405937 ], [ -3.7769066, 40.440665 ], [ -3.7765607, 40.4407546 ], [ -3.7763013, 40.4408377 ], [ -3.7760362, 40.4409251 ], [ -3.7757286, 40.4410416 ], [ -3.7751502, 40.4412811 ], [ -3.7748142, 40.4414332 ], [ -3.7744711, 40.4416167 ], [ -3.7740657, 40.4418486 ], [ -3.7735099, 40.4422133 ], [ -3.7731725, 40.4424604 ], [ -3.7730492, 40.4425542 ], [ -3.7724651, 40.4430602 ], [ -3.772132, 40.4433494 ], [ -3.7714444, 40.4439449 ], [ -3.7713966, 40.4439896 ], [ -3.7708286, 40.4440573 ], [ -3.7708271, 40.4437256 ], [ -3.7708198, 40.4402827 ], [ -3.7707978, 40.4348794 ], [ -3.7707828, 40.4294273 ], [ -3.7715641, 40.4289459 ], [ -3.7716493, 40.4289567 ], [ -3.7718318, 40.4289045 ], [ -3.7720628, 40.4289025 ], [ -3.7726949, 40.4289928 ], [ -3.7731556, 40.4290587 ], [ -3.7735876, 40.4291204 ], [ -3.7740243, 40.4291828 ], [ -3.7740422, 40.4291854 ], [ -3.7743204, 40.4291844 ], [ -3.7744894, 40.4291279 ], [ -3.7749897, 40.4289926 ], [ -3.7750015, 40.4289892 ], [ -3.775738, 40.428877 ], [ -3.7759639, 40.4288616 ], [ -3.7762581, 40.4288644 ], [ -3.7765029, 40.4288684 ], [ -3.7770071, 40.4288408 ], [ -3.7773891, 40.4288498 ], [ -3.7796022, 40.4293537 ], [ -3.7797904, 40.4299643 ], [ -3.7799916, 40.4304176 ], [ -3.7801311, 40.4309199 ], [ -3.7814146, 40.4311023 ], [ -3.7817089, 40.4311193 ], [ -3.782059, 40.4310938 ], [ -3.7823273, 40.4310484 ], [ -3.783601, 40.4310635 ], [ -3.7841228, 40.4306036 ], [ -3.7844635, 40.4302991 ], [ -3.785522, 40.4302093 ], [ -3.786075, 40.429909 ], [ -3.7861843, 40.4298555 ], [ -3.7862488, 40.4294449 ], [ -3.7873071, 40.4285479 ], [ -3.7880055, 40.4284273 ], [ -3.788631, 40.4283113 ], [ -3.7889157, 40.4282167 ], [ -3.7893207, 40.4280793 ], [ -3.7896174, 40.4279695 ], [ -3.789858, 40.427942 ], [ -3.7901427, 40.4279512 ], [ -3.7903632, 40.4279878 ], [ -3.7905036, 40.4280214 ], [ -3.7910328, 40.4282655 ], [ -3.7912013, 40.4283541 ], [ -3.79151, 40.4285769 ], [ -3.7920169, 40.4284282 ], [ -3.7924137, 40.4285029 ], [ -3.7930084, 40.4286149 ], [ -3.7970915, 40.4292423 ], [ -3.7992527, 40.4295719 ], [ -3.7998021, 40.4296543 ], [ -3.8002512, 40.429697 ], [ -3.8007845, 40.4296757 ], [ -3.8009754, 40.4297878 ], [ -3.8013745, 40.4297937 ], [ -3.8019661, 40.429914 ], [ -3.8026139, 40.4301565 ], [ -3.8030211, 40.4303233 ], [ -3.8031363, 40.4303654 ], [ -3.8034859, 40.4303078 ], [ -3.804225, 40.4302181 ], [ -3.8043098, 40.4301922 ], [ -3.8045523, 40.4301236 ], [ -3.8048083, 40.4300512 ], [ -3.8048252, 40.4300464 ], [ -3.8048643, 40.4300241 ], [ -3.8049743, 40.4299613 ], [ -3.8051089, 40.4298697 ], [ -3.8052595, 40.4297485 ], [ -3.8054122, 40.4296054 ], [ -3.805841, 40.4292277 ], [ -3.8059464, 40.428992 ], [ -3.8060078, 40.4285961 ], [ -3.8060483, 40.4284145 ], [ -3.8062113, 40.4280045 ], [ -3.8063808, 40.4276556 ], [ -3.8069521, 40.4266719 ], [ -3.8075998, 40.4260098 ], [ -3.8078696, 40.425668 ], [ -3.8085031, 40.4264006 ], [ -3.8090084, 40.4270416 ], [ -3.8093813, 40.4274872 ], [ -3.8106587, 40.4279613 ], [ -3.8114062, 40.4280885 ], [ -3.8119555, 40.4281892 ], [ -3.8111543, 40.4287331 ], [ -3.8101714, 40.4293337 ] ] ], [ [ [ -3.8299995, 40.4463541 ], [ -3.8300999, 40.446637 ], [ -3.8321904, 40.448972 ], [ -3.8332944, 40.4494852 ], [ -3.8335227, 40.4494882 ], [ -3.8345979, 40.4496251 ], [ -3.8348868, 40.4496149 ], [ -3.8351309, 40.4496797 ], [ -3.8352138, 40.449666 ], [ -3.8354892, 40.4497819 ], [ -3.8355145, 40.4497819 ], [ -3.8355945, 40.4497819 ], [ -3.83588, 40.4497265 ], [ -3.8361045, 40.4497631 ], [ -3.8363251, 40.4499401 ], [ -3.8363732, 40.4499462 ], [ -3.8364508, 40.4498953 ], [ -3.8366659, 40.4499981 ], [ -3.8368984, 40.4500042 ], [ -3.837115, 40.4499706 ], [ -3.8372112, 40.449992 ], [ -3.8374037, 40.4499767 ], [ -3.8374999, 40.4498852 ], [ -3.8377686, 40.4499157 ], [ -3.8381334, 40.4499401 ], [ -3.8389715, 40.4500255 ], [ -3.8390998, 40.4499797 ], [ -3.839625, 40.449995 ], [ -3.8400602, 40.4501969 ], [ -3.8407029, 40.4504219 ], [ -3.8407276, 40.4506264 ], [ -3.8408127, 40.4507457 ], [ -3.8410769, 40.4508173 ], [ -3.8416682, 40.4508599 ], [ -3.8419325, 40.4509596 ], [ -3.8420108, 40.4509945 ], [ -3.8427566, 40.4511513 ], [ -3.8432672, 40.4510695 ], [ -3.8446334, 40.4510678 ], [ -3.8462132, 40.4510353 ], [ -3.8473454, 40.4513236 ], [ -3.8482167, 40.4513119 ], [ -3.8483388, 40.4498717 ], [ -3.8483746, 40.4493872 ], [ -3.8484099, 40.4492566 ], [ -3.8488413, 40.44927 ], [ -3.8491274, 40.4493571 ], [ -3.8494481, 40.4493781 ], [ -3.8495286, 40.449382 ], [ -3.8498734, 40.4496047 ], [ -3.8493909, 40.4524911 ], [ -3.8474439, 40.4566027 ], [ -3.8473396, 40.4567947 ], [ -3.8466209, 40.4582411 ], [ -3.845381, 40.459061 ], [ -3.8378213, 40.4629602 ], [ -3.8360036, 40.4637417 ], [ -3.8343962, 40.4644375 ], [ -3.8343462, 40.4644591 ], [ -3.8309247, 40.4659405 ], [ -3.8290407, 40.4663143 ], [ -3.8271617, 40.4660305 ], [ -3.8249519, 40.464731 ], [ -3.8237466, 40.4645504 ], [ -3.8223675, 40.4646322 ], [ -3.820842, 40.4643097 ], [ -3.8175152, 40.4642612 ], [ -3.8152421, 40.4635655 ], [ -3.8129213, 40.4636383 ], [ -3.8120617, 40.4640653 ], [ -3.8119142, 40.4643705 ], [ -3.8114215, 40.4648066 ], [ -3.8092605, 40.464454 ], [ -3.8049833, 40.463739 ], [ -3.8043629, 40.463572 ], [ -3.8036959, 40.4631153 ], [ -3.8033091, 40.4625166 ], [ -3.8025433, 40.4620765 ], [ -3.8022259, 40.46179 ], [ -3.8026516, 40.4617313 ], [ -3.8029483, 40.4616932 ], [ -3.8036921, 40.4615879 ], [ -3.8050798, 40.4613981 ], [ -3.8059421, 40.4612678 ], [ -3.8065917, 40.4611641 ], [ -3.8077425, 40.4609047 ], [ -3.8084923, 40.4606851 ], [ -3.8092902, 40.4604349 ], [ -3.8103328, 40.4600109 ], [ -3.8105773, 40.459901 ], [ -3.8116319, 40.4593519 ], [ -3.8123496, 40.4589126 ], [ -3.8127426, 40.4586471 ], [ -3.8130674, 40.4584122 ], [ -3.8133601, 40.4581803 ], [ -3.8138733, 40.4577746 ], [ -3.8143545, 40.45732 ], [ -3.8147996, 40.4568654 ], [ -3.8151965, 40.4563955 ], [ -3.8160827, 40.4551904 ], [ -3.8164716, 40.4546198 ], [ -3.8169007, 40.4539913 ], [ -3.8173016, 40.4534726 ], [ -3.8179512, 40.452658 ], [ -3.8181236, 40.4524535 ], [ -3.818677, 40.4518494 ], [ -3.8192864, 40.4511904 ], [ -3.8195831, 40.4508761 ], [ -3.8205695, 40.4499302 ], [ -3.8210507, 40.4495091 ], [ -3.8224493, 40.4483435 ], [ -3.8225263, 40.4482794 ], [ -3.8229673, 40.447959 ], [ -3.8248179, 40.4466381 ], [ -3.8261222, 40.4458355 ], [ -3.8270068, 40.4453262 ], [ -3.8276849, 40.4449574 ], [ -3.8282162, 40.4446938 ], [ -3.8289094, 40.4452983 ], [ -3.8299995, 40.4463541 ] ] ] ] } },
{ "type": "Feature", "properties": { "neighborhood": "El Pardo", "admin_level": "10" }, "geometry": { "type": "Polygon", "coordinates": [ [ [ -3.8854951, 40.5746026 ], [ -3.8852305, 40.5751624 ], [ -3.8849449, 40.5759004 ], [ -3.8846997, 40.5765546 ], [ -3.8845059, 40.5770769 ], [ -3.8844087, 40.5773387 ], [ -3.8840117, 40.5783726 ], [ -3.8837329, 40.5790986 ], [ -3.8837781, 40.5803259 ], [ -3.8839719, 40.5805926 ], [ -3.884133, 40.5810028 ], [ -3.8841732, 40.5812852 ], [ -3.8840108, 40.5815534 ], [ -3.8837232, 40.5820441 ], [ -3.8834272, 40.5825336 ], [ -3.8838073, 40.5833789 ], [ -3.8837423, 40.5843299 ], [ -3.8836855, 40.5852714 ], [ -3.8834869, 40.5852587 ], [ -3.8831633, 40.5854275 ], [ -3.8826481, 40.5856962 ], [ -3.8822126, 40.5859147 ], [ -3.8817647, 40.5861394 ], [ -3.8800949, 40.5869926 ], [ -3.8783082, 40.5880484 ], [ -3.8772768, 40.5884618 ], [ -3.8768501, 40.5886153 ], [ -3.876103, 40.5892655 ], [ -3.8761896, 40.5896393 ], [ -3.8761715, 40.5899802 ], [ -3.875894, 40.5901764 ], [ -3.8748392, 40.5906095 ], [ -3.8743764, 40.5908729 ], [ -3.8739154, 40.5911445 ], [ -3.8728968, 40.5912162 ], [ -3.8717759, 40.5913709 ], [ -3.8694446, 40.5918751 ], [ -3.8687519, 40.5920347 ], [ -3.8673773, 40.592161 ], [ -3.8668867, 40.5919527 ], [ -3.8660265, 40.5917918 ], [ -3.8659706, 40.5917814 ], [ -3.8654407, 40.5912851 ], [ -3.8649058, 40.5904147 ], [ -3.863538, 40.5895024 ], [ -3.8612909, 40.5888869 ], [ -3.859929, 40.5881795 ], [ -3.8584481, 40.5879027 ], [ -3.8580044, 40.5879203 ], [ -3.8567, 40.5880579 ], [ -3.8559605, 40.5881358 ], [ -3.8554042, 40.5882073 ], [ -3.8549787, 40.5879984 ], [ -3.8549372, 40.587998 ], [ -3.8548503, 40.5880123 ], [ -3.8547863, 40.5880337 ], [ -3.8547022, 40.5880995 ], [ -3.8544879, 40.5882286 ], [ -3.8540881, 40.5885253 ], [ -3.8537034, 40.5888265 ], [ -3.8529054, 40.5891091 ], [ -3.850281, 40.5904658 ], [ -3.8488003, 40.5909719 ], [ -3.8483729, 40.5909456 ], [ -3.8456946, 40.5913401 ], [ -3.844685, 40.5919286 ], [ -3.8446227, 40.5919649 ], [ -3.8434222, 40.5923886 ], [ -3.842447, 40.5925363 ], [ -3.8416397, 40.5926593 ], [ -3.840627, 40.592424 ], [ -3.8405726, 40.5924114 ], [ -3.837691, 40.5913638 ], [ -3.8367914, 40.5915715 ], [ -3.8354146, 40.5920891 ], [ -3.8333338, 40.5935208 ], [ -3.8322555, 40.5937879 ], [ -3.8319595, 40.5938612 ], [ -3.8301893, 40.594045 ], [ -3.8292613, 40.5943076 ], [ -3.8282019, 40.5945741 ], [ -3.8275772, 40.5946777 ], [ -3.8264018, 40.5947427 ], [ -3.826202, 40.5947175 ], [ -3.8251987, 40.594636 ], [ -3.8227391, 40.5943928 ], [ -3.8202781, 40.5950039 ], [ -3.8161256, 40.5950036 ], [ -3.8151303, 40.5952473 ], [ -3.814585, 40.5953817 ], [ -3.8144362, 40.5954184 ], [ -3.8139116, 40.5961466 ], [ -3.8125811, 40.5968833 ], [ -3.8110386, 40.5974912 ], [ -3.8060053, 40.5998719 ], [ -3.8088824, 40.60427 ], [ -3.8093769, 40.6050259 ], [ -3.8097492, 40.6058564 ], [ -3.8101036, 40.6065709 ], [ -3.8102868, 40.6067867 ], [ -3.8106728, 40.6070017 ], [ -3.8113576, 40.6072003 ], [ -3.8125088, 40.6078677 ], [ -3.8127852, 40.6081379 ], [ -3.8128251, 40.6082867 ], [ -3.812526, 40.6083882 ], [ -3.8123959, 40.6084709 ], [ -3.8120798, 40.6085913 ], [ -3.811913, 40.6086367 ], [ -3.811799, 40.608706 ], [ -3.8115493, 40.6086815 ], [ -3.8114412, 40.6087071 ], [ -3.811324, 40.6088565 ], [ -3.8109646, 40.6092495 ], [ -3.810813, 40.6093853 ], [ -3.8103887, 40.6094261 ], [ -3.8101881, 40.6094827 ], [ -3.8099413, 40.6094308 ], [ -3.8099306, 40.6095173 ], [ -3.8097256, 40.609815 ], [ -3.8096035, 40.6098699 ], [ -3.8094153, 40.609872 ], [ -3.8093488, 40.6094979 ], [ -3.8091848, 40.6093216 ], [ -3.8082273, 40.6091654 ], [ -3.8073775, 40.6092098 ], [ -3.8069286, 40.6093796 ], [ -3.8061981, 40.6095122 ], [ -3.8060589, 40.6092658 ], [ -3.8064161, 40.6087502 ], [ -3.806452, 40.6086459 ], [ -3.806263, 40.6084076 ], [ -3.806256, 40.6080238 ], [ -3.8061264, 40.6079069 ], [ -3.8059101, 40.6078362 ], [ -3.8051954, 40.6073834 ], [ -3.804914, 40.6072051 ], [ -3.8021834, 40.6063125 ], [ -3.8016908, 40.6063494 ], [ -3.8005299, 40.6059105 ], [ -3.8003092, 40.6048302 ], [ -3.8015708, 40.6026041 ], [ -3.8019755, 40.6019148 ], [ -3.8022833, 40.6013831 ], [ -3.8035532, 40.5989977 ], [ -3.8033279, 40.598866 ], [ -3.8023665, 40.5988738 ], [ -3.8011089, 40.598884 ], [ -3.7997974, 40.5985954 ], [ -3.7991035, 40.598489 ], [ -3.7984747, 40.5988187 ], [ -3.7972075, 40.5997115 ], [ -3.7967723, 40.5998748 ], [ -3.7953023, 40.5999115 ], [ -3.7941289, 40.5997782 ], [ -3.7929372, 40.5994677 ], [ -3.7924092, 40.5993571 ], [ -3.7921885, 40.5993108 ], [ -3.7899011, 40.5989863 ], [ -3.78903, 40.5991049 ], [ -3.7883578, 40.5994392 ], [ -3.7863378, 40.6003787 ], [ -3.7856302, 40.6004002 ], [ -3.7850339, 40.6004708 ], [ -3.7844602, 40.6010737 ], [ -3.7834874, 40.6017634 ], [ -3.7827849, 40.6017041 ], [ -3.782261, 40.6014529 ], [ -3.781815, 40.6009946 ], [ -3.7816281, 40.6008026 ], [ -3.7811989, 40.6008847 ], [ -3.7798176, 40.6011574 ], [ -3.778938, 40.601741 ], [ -3.7782572, 40.6017278 ], [ -3.7771729, 40.6013542 ], [ -3.7760424, 40.6010322 ], [ -3.7754692, 40.600869 ], [ -3.7743997, 40.6005683 ], [ -3.7727771, 40.6002451 ], [ -3.772462, 40.6001823 ], [ -3.7709939, 40.6000059 ], [ -3.7681694, 40.5996666 ], [ -3.7676424, 40.5994689 ], [ -3.7660242, 40.598671 ], [ -3.7652862, 40.5984091 ], [ -3.7642015, 40.598324 ], [ -3.7621753, 40.597764 ], [ -3.760917, 40.597265 ], [ -3.7598498, 40.5970097 ], [ -3.7590239, 40.5965138 ], [ -3.759006, 40.596503 ], [ -3.7587501, 40.5962937 ], [ -3.7584567, 40.5960813 ], [ -3.7578213, 40.596051 ], [ -3.7573702, 40.596062 ], [ -3.7541579, 40.5949523 ], [ -3.7536427, 40.5947569 ], [ -3.7529724, 40.594777 ], [ -3.7522292, 40.5943665 ], [ -3.7520089, 40.5941622 ], [ -3.7514425, 40.5936341 ], [ -3.7511221, 40.5933386 ], [ -3.7508278, 40.5930671 ], [ -3.7501453, 40.5924316 ], [ -3.7500942, 40.5924434 ], [ -3.7492464, 40.5927061 ], [ -3.7485062, 40.592582 ], [ -3.7482644, 40.5925612 ], [ -3.748199, 40.5925555 ], [ -3.7478545, 40.5924905 ], [ -3.7475292, 40.5924465 ], [ -3.7469918, 40.5923747 ], [ -3.7467131, 40.5923375 ], [ -3.7458199, 40.5922083 ], [ -3.7453874, 40.5918845 ], [ -3.7452456, 40.5918462 ], [ -3.7408152, 40.5906486 ], [ -3.7398117, 40.5894382 ], [ -3.7397564, 40.5893715 ], [ -3.7396987, 40.5893019 ], [ -3.7391746, 40.5880657 ], [ -3.7391201, 40.587987 ], [ -3.7389655, 40.587776 ], [ -3.7389083, 40.5876551 ], [ -3.738848, 40.5875282 ], [ -3.7385879, 40.5869809 ], [ -3.7381918, 40.5864677 ], [ -3.7372528, 40.586071 ], [ -3.7358427, 40.5857148 ], [ -3.7352948, 40.5856723 ], [ -3.734263, 40.5854632 ], [ -3.7340019, 40.585381 ], [ -3.7331833, 40.5852659 ], [ -3.7322935, 40.5853805 ], [ -3.7298291, 40.5850877 ], [ -3.7277303, 40.58438 ], [ -3.725139, 40.5836477 ], [ -3.7214402, 40.5826002 ], [ -3.7206856, 40.5822087 ], [ -3.7194289, 40.5821178 ], [ -3.7178569, 40.5826752 ], [ -3.717249, 40.5828907 ], [ -3.7145085, 40.5826566 ], [ -3.7130058, 40.583287 ], [ -3.7114883, 40.583049 ], [ -3.7108373, 40.583122 ], [ -3.710664, 40.5831592 ], [ -3.708096, 40.5837109 ], [ -3.7046138, 40.5851826 ], [ -3.7018111, 40.5872356 ], [ -3.7005751, 40.5876935 ], [ -3.6996362, 40.5883118 ], [ -3.6985766, 40.5886876 ], [ -3.6972612, 40.5894703 ], [ -3.6965813, 40.5899969 ], [ -3.6958695, 40.590875 ], [ -3.6919839, 40.5968351 ], [ -3.6913948, 40.5981629 ], [ -3.6911567, 40.5991463 ], [ -3.68979, 40.6018661 ], [ -3.6881659, 40.6048487 ], [ -3.6869184, 40.6065408 ], [ -3.6859709, 40.6075103 ], [ -3.6850335, 40.6083177 ], [ -3.6834354, 40.609246 ], [ -3.6794697, 40.6110171 ], [ -3.6749436, 40.6158543 ], [ -3.6739453, 40.6165087 ], [ -3.6695308, 40.6183902 ], [ -3.6667206, 40.6199379 ], [ -3.6665293, 40.6209119 ], [ -3.667139, 40.6227822 ], [ -3.6675647, 40.6239107 ], [ -3.6682807, 40.6258206 ], [ -3.6685132, 40.626612 ], [ -3.6686055, 40.6275664 ], [ -3.6685301, 40.6283056 ], [ -3.6680532, 40.6295789 ], [ -3.6674819, 40.6311043 ], [ -3.6655495, 40.6341785 ], [ -3.6647242, 40.6356156 ], [ -3.6629957, 40.6378146 ], [ -3.6611528, 40.6404107 ], [ -3.6586288, 40.6423079 ], [ -3.6566365, 40.6429589 ], [ -3.6551286, 40.643562 ], [ -3.6542196, 40.6437293 ], [ -3.6531062, 40.6435644 ], [ -3.6503427, 40.6427512 ], [ -3.6487985, 40.6420482 ], [ -3.6469886, 40.640779 ], [ -3.6454977, 40.6394631 ], [ -3.6446519, 40.6388282 ], [ -3.6438921, 40.6385171 ], [ -3.6416698, 40.6386195 ], [ -3.6402062, 40.6389159 ], [ -3.6391303, 40.6389399 ], [ -3.6382169, 40.6386477 ], [ -3.6374662, 40.6380482 ], [ -3.6367734, 40.6373223 ], [ -3.6356527, 40.6351213 ], [ -3.6340832, 40.6329588 ], [ -3.6333137, 40.6316117 ], [ -3.632728, 40.6309483 ], [ -3.6301761, 40.628665 ], [ -3.6298002, 40.6276671 ], [ -3.629815, 40.6267211 ], [ -3.6301874, 40.6260884 ], [ -3.6289785, 40.6232482 ], [ -3.6289375, 40.6226629 ], [ -3.6292272, 40.6207695 ], [ -3.6286362, 40.6195205 ], [ -3.6285122, 40.6189085 ], [ -3.6284697, 40.618152 ], [ -3.6276469, 40.6173998 ], [ -3.6263478, 40.6175509 ], [ -3.6230731, 40.6162804 ], [ -3.6226802, 40.6159762 ], [ -3.6223726, 40.6154217 ], [ -3.621514, 40.6138744 ], [ -3.6209991, 40.6131655 ], [ -3.6200344, 40.6123869 ], [ -3.6191658, 40.6117789 ], [ -3.6177287, 40.6110389 ], [ -3.6177675, 40.6103167 ], [ -3.6177566, 40.6100904 ], [ -3.6178119, 40.6098042 ], [ -3.617653, 40.6092375 ], [ -3.6167636, 40.6076387 ], [ -3.6165692, 40.6070632 ], [ -3.616747, 40.605828 ], [ -3.6166474, 40.605288 ], [ -3.6162105, 40.6040381 ], [ -3.6160824, 40.6029667 ], [ -3.6157394, 40.6016533 ], [ -3.6121065, 40.599882 ], [ -3.6097441, 40.5987301 ], [ -3.6078589, 40.5980644 ], [ -3.6061371, 40.5971725 ], [ -3.6053167, 40.5966273 ], [ -3.605101, 40.5962951 ], [ -3.6047102, 40.5948917 ], [ -3.6042079, 40.5942367 ], [ -3.6032553, 40.5934399 ], [ -3.602515, 40.5925879 ], [ -3.6021639, 40.5919808 ], [ -3.6021302, 40.5918512 ], [ -3.6019947, 40.5912393 ], [ -3.602084, 40.5906533 ], [ -3.6025157, 40.5900384 ], [ -3.6033263, 40.5894937 ], [ -3.6041733, 40.5890748 ], [ -3.6047956, 40.5886211 ], [ -3.6051586, 40.5882589 ], [ -3.6057417, 40.5874 ], [ -3.6067771, 40.5855838 ], [ -3.6072337, 40.585122 ], [ -3.6102759, 40.583106 ], [ -3.6110521, 40.5827055 ], [ -3.6139477, 40.581483 ], [ -3.6162815, 40.580858 ], [ -3.6201983, 40.5776389 ], [ -3.6234834, 40.5751439 ], [ -3.6254996, 40.5734303 ], [ -3.6285672, 40.5742515 ], [ -3.6306884, 40.5749246 ], [ -3.6313392, 40.5750382 ], [ -3.6333936, 40.5748919 ], [ -3.6349891, 40.5749462 ], [ -3.6369757, 40.5751334 ], [ -3.6395198, 40.5755428 ], [ -3.6410238, 40.5759129 ], [ -3.6431229, 40.5767391 ], [ -3.6448172, 40.5772341 ], [ -3.6458702, 40.5773814 ], [ -3.6472995, 40.5773464 ], [ -3.6488831, 40.5773916 ], [ -3.6497583, 40.5774768 ], [ -3.6506256, 40.5779764 ], [ -3.6513436, 40.5789093 ], [ -3.6522474, 40.580733 ], [ -3.6531792, 40.5829979 ], [ -3.6539011, 40.5855434 ], [ -3.6552157, 40.5882656 ], [ -3.6556588, 40.5888757 ], [ -3.6559351, 40.5891037 ], [ -3.6566238, 40.589672 ], [ -3.6575397, 40.5902794 ], [ -3.6591834, 40.5915943 ], [ -3.6615106, 40.5919905 ], [ -3.6623153, 40.5921793 ], [ -3.6630328, 40.5922784 ], [ -3.6637769, 40.5923203 ], [ -3.6651499, 40.5923292 ], [ -3.6672709, 40.5920774 ], [ -3.6740915, 40.5888135 ], [ -3.6822443, 40.5848871 ], [ -3.6840297, 40.5837156 ], [ -3.6858924, 40.5828449 ], [ -3.6869973, 40.582511 ], [ -3.6887067, 40.5825144 ], [ -3.6904163, 40.5810692 ], [ -3.6924629, 40.580238 ], [ -3.6948919, 40.5796237 ], [ -3.6970006, 40.5793511 ], [ -3.6987182, 40.5786349 ], [ -3.7009167, 40.5784659 ], [ -3.710469, 40.5785439 ], [ -3.7106656, 40.5777108 ], [ -3.7108316, 40.5768934 ], [ -3.7112223, 40.5750481 ], [ -3.7112781, 40.5747511 ], [ -3.7117295, 40.5728405 ], [ -3.7120189, 40.5724261 ], [ -3.7123098, 40.5717005 ], [ -3.7127926, 40.5709941 ], [ -3.7137604, 40.5697811 ], [ -3.714233, 40.5691763 ], [ -3.7151356, 40.5679228 ], [ -3.7159775, 40.5666668 ], [ -3.7160268, 40.5665688 ], [ -3.7163749, 40.5651442 ], [ -3.7161171, 40.5633622 ], [ -3.7160862, 40.5631483 ], [ -3.7160125, 40.5629231 ], [ -3.7160051, 40.562889 ], [ -3.714658, 40.5587966 ], [ -3.7152228, 40.5578605 ], [ -3.713923, 40.5567742 ], [ -3.7129984, 40.5539922 ], [ -3.7124869, 40.5524181 ], [ -3.712289, 40.5517984 ], [ -3.7122415, 40.5516495 ], [ -3.7118064, 40.550319 ], [ -3.7114925, 40.549383 ], [ -3.7108322, 40.5473579 ], [ -3.7106988, 40.5469925 ], [ -3.7106839, 40.5469516 ], [ -3.7105037, 40.546548 ], [ -3.7101168, 40.5458018 ], [ -3.7095246, 40.5446321 ], [ -3.7088987, 40.5435054 ], [ -3.7080009, 40.5418485 ], [ -3.7078274, 40.5415643 ], [ -3.7075115, 40.541144 ], [ -3.70733, 40.5409063 ], [ -3.7070465, 40.540609 ], [ -3.7065779, 40.540201 ], [ -3.7065449, 40.5401722 ], [ -3.7054645, 40.5394059 ], [ -3.7054985, 40.5393621 ], [ -3.7062739, 40.5383681 ], [ -3.706286, 40.5383517 ], [ -3.7076213, 40.5366727 ], [ -3.7117422, 40.5328407 ], [ -3.7195061, 40.5301384 ], [ -3.7210079, 40.5298184 ], [ -3.7277381, 40.5269788 ], [ -3.7296407, 40.5235792 ], [ -3.7299607, 40.5231462 ], [ -3.7318959, 40.522988 ], [ -3.7326658, 40.5228356 ], [ -3.7358619, 40.5183552 ], [ -3.7362034, 40.5178764 ], [ -3.7375305, 40.5160718 ], [ -3.7376858, 40.5158581 ], [ -3.7388321, 40.5142807 ], [ -3.7392506, 40.513568 ], [ -3.7393722, 40.513385 ], [ -3.739421, 40.5133096 ], [ -3.7395442, 40.5130992 ], [ -3.740407, 40.5116254 ], [ -3.7414718, 40.5098541 ], [ -3.7420255, 40.5089611 ], [ -3.7349639, 40.5068619 ], [ -3.7347306, 40.5072275 ], [ -3.7344163, 40.5077199 ], [ -3.7340634, 40.5075929 ], [ -3.733432, 40.5073913 ], [ -3.7332516, 40.5073853 ], [ -3.732988, 40.5072653 ], [ -3.7328941, 40.5071023 ], [ -3.732982, 40.5069768 ], [ -3.7330866, 40.5063575 ], [ -3.732804, 40.5062993 ], [ -3.7327123, 40.5057288 ], [ -3.7325537, 40.5052935 ], [ -3.7324867, 40.5049855 ], [ -3.7322992, 40.5038707 ], [ -3.732665, 40.5034593 ], [ -3.7345133, 40.5021167 ], [ -3.7345171, 40.5021095 ], [ -3.7352054, 40.5002497 ], [ -3.7358791, 40.4984321 ], [ -3.7361982, 40.497571 ], [ -3.736357, 40.4971835 ], [ -3.7365277, 40.4968367 ], [ -3.7367129, 40.4964684 ], [ -3.7393703, 40.4911284 ], [ -3.7407558, 40.4898353 ], [ -3.7413309, 40.4892985 ], [ -3.7419117, 40.4887564 ], [ -3.7422564, 40.4885661 ], [ -3.7424001, 40.4884627 ], [ -3.7425487, 40.4878867 ], [ -3.7427723, 40.4875471 ], [ -3.7435168, 40.4864168 ], [ -3.7436561, 40.4862334 ], [ -3.7437031, 40.4861487 ], [ -3.7444003, 40.4854827 ], [ -3.7454821, 40.4835879 ], [ -3.7450396, 40.4828508 ], [ -3.744906, 40.4826931 ], [ -3.7432804, 40.4818198 ], [ -3.7429298, 40.4816319 ], [ -3.7419183, 40.4811598 ], [ -3.7418838, 40.4811448 ], [ -3.7417278, 40.4810772 ], [ -3.7415933, 40.4810188 ], [ -3.7422029, 40.4806209 ], [ -3.7428566, 40.4802087 ], [ -3.74413, 40.4794045 ], [ -3.7454539, 40.4785662 ], [ -3.7465428, 40.477884 ], [ -3.746915, 40.4778784 ], [ -3.7472959, 40.4781196 ], [ -3.7477325, 40.4782832 ], [ -3.7480835, 40.4783638 ], [ -3.748512, 40.4784141 ], [ -3.7503437, 40.4784563 ], [ -3.750757, 40.4784669 ], [ -3.7515667, 40.4786803 ], [ -3.7526308, 40.4786681 ], [ -3.7540904, 40.4786444 ], [ -3.754534, 40.4786976 ], [ -3.7542927, 40.4791171 ], [ -3.7543175, 40.4794309 ], [ -3.7547158, 40.4795702 ], [ -3.7559095, 40.4801402 ], [ -3.7566102, 40.480291 ], [ -3.7572048, 40.4800433 ], [ -3.7576932, 40.4799733 ], [ -3.7574596, 40.479268 ], [ -3.7577074, 40.4787188 ], [ -3.7582127, 40.4744126 ], [ -3.7584276, 40.4742137 ], [ -3.7587545, 40.4741 ], [ -3.759044, 40.4740787 ], [ -3.758314, 40.473591 ], [ -3.7582718, 40.4734942 ], [ -3.7582539, 40.4733241 ], [ -3.758291, 40.4730481 ], [ -3.758646, 40.4728788 ], [ -3.7587254, 40.4726608 ], [ -3.759424, 40.4725253 ], [ -3.7598303, 40.4723409 ], [ -3.7601725, 40.4723734 ], [ -3.7605788, 40.4724548 ], [ -3.7607784, 40.4724222 ], [ -3.7610565, 40.4724276 ], [ -3.7613131, 40.4724114 ], [ -3.7619119, 40.4723843 ], [ -3.7623048, 40.4724311 ], [ -3.7626434, 40.4724711 ], [ -3.762609, 40.4732661 ], [ -3.7636309, 40.4734025 ], [ -3.7637218, 40.4734237 ], [ -3.7656834, 40.473882 ], [ -3.7664257, 40.4740554 ], [ -3.7664655, 40.4740767 ], [ -3.7711645, 40.4744976 ], [ -3.7809774, 40.4746174 ], [ -3.7817685, 40.4743727 ], [ -3.7831999, 40.4738111 ], [ -3.7861039, 40.4730929 ], [ -3.7881525, 40.4725152 ], [ -3.789862, 40.4719751 ], [ -3.7909708, 40.4715562 ], [ -3.7918949, 40.4710212 ], [ -3.7923269, 40.4708247 ], [ -3.7945221, 40.4701123 ], [ -3.7952461, 40.4699382 ], [ -3.7975948, 40.4694831 ], [ -3.7993721, 40.4693727 ], [ -3.8001755, 40.4692023 ], [ -3.8274791, 40.476978 ], [ -3.8326773, 40.4784582 ], [ -3.8366423, 40.4795873 ], [ -3.8364574, 40.4805835 ], [ -3.8366645, 40.4808616 ], [ -3.8363413, 40.4811985 ], [ -3.8362518, 40.4817003 ], [ -3.8360021, 40.4820556 ], [ -3.8353108, 40.482417 ], [ -3.8350816, 40.4825502 ], [ -3.8342094, 40.4840811 ], [ -3.8337677, 40.485217 ], [ -3.8333118, 40.4859721 ], [ -3.8333377, 40.4861632 ], [ -3.8331637, 40.4878466 ], [ -3.833303, 40.4888263 ], [ -3.8334294, 40.4898554 ], [ -3.8337096, 40.4906744 ], [ -3.83396, 40.491327 ], [ -3.8341928, 40.4919339 ], [ -3.8344314, 40.4940779 ], [ -3.8347124, 40.4944322 ], [ -3.8351783, 40.4948481 ], [ -3.8356649, 40.4952579 ], [ -3.8359807, 40.4956348 ], [ -3.8372285, 40.4970694 ], [ -3.8376761, 40.497615 ], [ -3.8380626, 40.4980107 ], [ -3.8380962, 40.4980451 ], [ -3.839401, 40.499383 ], [ -3.8389074, 40.5016021 ], [ -3.8386421, 40.5028145 ], [ -3.8378915, 40.5039325 ], [ -3.8376417, 40.5044396 ], [ -3.8372692, 40.50546 ], [ -3.8370933, 40.5058845 ], [ -3.8390181, 40.5066097 ], [ -3.8420681, 40.5077588 ], [ -3.8433836, 40.5080117 ], [ -3.8439205, 40.5081759 ], [ -3.844642, 40.5083926 ], [ -3.8464186, 40.5088008 ], [ -3.8527027, 40.5102471 ], [ -3.8528752, 40.5103295 ], [ -3.8529281, 40.5103981 ], [ -3.8529505, 40.5104499 ], [ -3.8536027, 40.5113331 ], [ -3.8540092, 40.5119932 ], [ -3.8534776, 40.5138216 ], [ -3.853365, 40.5145764 ], [ -3.8522153, 40.5154787 ], [ -3.8519337, 40.5166191 ], [ -3.8515515, 40.5170897 ], [ -3.8514088, 40.5173232 ], [ -3.8512914, 40.5176518 ], [ -3.8517303, 40.5182744 ], [ -3.8533013, 40.5194909 ], [ -3.853756, 40.5202841 ], [ -3.8543786, 40.5213591 ], [ -3.8543688, 40.521655 ], [ -3.8543682, 40.5225716 ], [ -3.8538197, 40.5240857 ], [ -3.8537793, 40.5241401 ], [ -3.853745, 40.5242734 ], [ -3.8536925, 40.524414 ], [ -3.8541314, 40.5248624 ], [ -3.8547663, 40.5255252 ], [ -3.8550484, 40.5256329 ], [ -3.8561265, 40.5269228 ], [ -3.857282, 40.5276146 ], [ -3.8576962, 40.5278565 ], [ -3.857773, 40.5280857 ], [ -3.8577995, 40.5283192 ], [ -3.8578468, 40.5284414 ], [ -3.8582357, 40.5291608 ], [ -3.8583362, 40.529771 ], [ -3.8582149, 40.5299421 ], [ -3.8581105, 40.5301132 ], [ -3.8585843, 40.5303941 ], [ -3.8590661, 40.5308353 ], [ -3.8595423, 40.5312892 ], [ -3.8595623, 40.5313214 ], [ -3.8599354, 40.5319212 ], [ -3.8601612, 40.532278 ], [ -3.8604168, 40.5326348 ], [ -3.8606107, 40.5329161 ], [ -3.8611459, 40.5331844 ], [ -3.8612452, 40.5332342 ], [ -3.8621183, 40.5340695 ], [ -3.8622788, 40.5341917 ], [ -3.8625974, 40.5343931 ], [ -3.8629446, 40.5346298 ], [ -3.8630514, 40.5348283 ], [ -3.8638684, 40.5375238 ], [ -3.8638784, 40.5392382 ], [ -3.8642603, 40.5396148 ], [ -3.8647526, 40.541081 ], [ -3.8650185, 40.5418556 ], [ -3.8651486, 40.5420155 ], [ -3.8652857, 40.5421613 ], [ -3.8654919, 40.5423881 ], [ -3.8656577, 40.5433947 ], [ -3.8673267, 40.5455158 ], [ -3.8673405, 40.5455333 ], [ -3.8684738, 40.5465034 ], [ -3.8689465, 40.5469094 ], [ -3.8694407, 40.5474254 ], [ -3.8692729, 40.5477806 ], [ -3.8690622, 40.5482039 ], [ -3.869511, 40.5489775 ], [ -3.8699409, 40.5497528 ], [ -3.8702482, 40.550288 ], [ -3.8703819, 40.5504933 ], [ -3.8707759, 40.5511414 ], [ -3.8714786, 40.5517068 ], [ -3.8721485, 40.5522575 ], [ -3.8724752, 40.5528339 ], [ -3.8727933, 40.5534058 ], [ -3.8730709, 40.5546858 ], [ -3.8729514, 40.5552333 ], [ -3.8731714, 40.5557547 ], [ -3.8732107, 40.5559955 ], [ -3.8735337, 40.5566956 ], [ -3.8736022, 40.5568761 ], [ -3.8738241, 40.5575738 ], [ -3.8740282, 40.5577545 ], [ -3.8751057, 40.5581233 ], [ -3.8751398, 40.5581958 ], [ -3.8754271, 40.5588059 ], [ -3.8755983, 40.5588394 ], [ -3.8765967, 40.5590415 ], [ -3.8767152, 40.5590542 ], [ -3.8770484, 40.5591232 ], [ -3.8770766, 40.5591321 ], [ -3.877476, 40.5592575 ], [ -3.877805, 40.559368 ], [ -3.8789235, 40.5595756 ], [ -3.8801806, 40.5595983 ], [ -3.8820895, 40.5596411 ], [ -3.8821238, 40.5596557 ], [ -3.8822946, 40.5597283 ], [ -3.8832466, 40.5601046 ], [ -3.8841984, 40.5604684 ], [ -3.8848169, 40.5608474 ], [ -3.8849156, 40.5609526 ], [ -3.8849854, 40.5610271 ], [ -3.8849261, 40.5617524 ], [ -3.8838942, 40.5631462 ], [ -3.8838566, 40.5634427 ], [ -3.8838139, 40.5638375 ], [ -3.8841815, 40.5641881 ], [ -3.8854483, 40.565223 ], [ -3.8861808, 40.5657364 ], [ -3.8864766, 40.5659191 ], [ -3.8868022, 40.5661378 ], [ -3.8870605, 40.5664574 ], [ -3.8879021, 40.5683495 ], [ -3.8878789, 40.5687622 ], [ -3.8883761, 40.569622 ], [ -3.8889539, 40.5708516 ], [ -3.8886506, 40.5717253 ], [ -3.8886227, 40.5717802 ], [ -3.8883959, 40.5722256 ], [ -3.8880188, 40.5724957 ], [ -3.8871439, 40.5731224 ], [ -3.8857617, 40.5741126 ], [ -3.8854951, 40.5746026 ] ] ] } },
{ "type": "Feature", "properties": { "neighborhood": "Valdemarín", "admin_level": "10" }, "geometry": { "type": "Polygon", "coordinates": [ [ [ -3.8002311, 40.4654859 ], [ -3.8000536, 40.4665518 ], [ -3.8020804, 40.4685485 ], [ -3.8001755, 40.4692023 ], [ -3.7993721, 40.4693727 ], [ -3.7975948, 40.4694831 ], [ -3.7952461, 40.4699382 ], [ -3.7945221, 40.4701123 ], [ -3.7923269, 40.4708247 ], [ -3.7918949, 40.4710212 ], [ -3.7909708, 40.4715562 ], [ -3.789862, 40.4719751 ], [ -3.7881525, 40.4725152 ], [ -3.7861039, 40.4730929 ], [ -3.7831999, 40.4738111 ], [ -3.7817685, 40.4743727 ], [ -3.7809774, 40.4746174 ], [ -3.7711645, 40.4744976 ], [ -3.7664655, 40.4740767 ], [ -3.7664257, 40.4740554 ], [ -3.7656834, 40.473882 ], [ -3.7654777, 40.4729392 ], [ -3.7652182, 40.4722995 ], [ -3.7652003, 40.4722554 ], [ -3.7650885, 40.472013 ], [ -3.7649803, 40.4717381 ], [ -3.7648812, 40.4714868 ], [ -3.7647812, 40.4712349 ], [ -3.764681, 40.4709809 ], [ -3.7645808, 40.4707265 ], [ -3.7644792, 40.4704703 ], [ -3.7643762, 40.4702147 ], [ -3.7642856, 40.4699744 ], [ -3.7641952, 40.4697242 ], [ -3.7620324, 40.463442 ], [ -3.7627206, 40.4612359 ], [ -3.8002311, 40.4654859 ] ] ] } },
{ "type": "Feature", "properties": { "neighborhood": "Aravaca", "admin_level": "10" }, "geometry": { "type": "Polygon", "coordinates": [ [ [ -3.8002311, 40.4654859 ], [ -3.7627206, 40.4612359 ], [ -3.7622888, 40.4611855 ], [ -3.7622681, 40.4608907 ], [ -3.7622626, 40.4608122 ], [ -3.762411, 40.4605092 ], [ -3.7625079, 40.4601733 ], [ -3.7624388, 40.4601251 ], [ -3.7590524, 40.4555307 ], [ -3.7590277, 40.4554554 ], [ -3.7589624, 40.4552573 ], [ -3.7588677, 40.4550755 ], [ -3.7586758, 40.4547336 ], [ -3.7583508, 40.4541176 ], [ -3.7574094, 40.4533043 ], [ -3.7572377, 40.4527661 ], [ -3.7573536, 40.4512595 ], [ -3.7573984, 40.4510628 ], [ -3.7611439, 40.4496479 ], [ -3.7614077, 40.4497253 ], [ -3.7616143, 40.449763 ], [ -3.7618726, 40.4497756 ], [ -3.762102, 40.4497567 ], [ -3.7625813, 40.4496231 ], [ -3.7627479, 40.4495506 ], [ -3.7652864, 40.4485891 ], [ -3.7662969, 40.4481669 ], [ -3.7669203, 40.4478221 ], [ -3.770795, 40.444522 ], [ -3.7708286, 40.4440573 ], [ -3.7713966, 40.4439896 ], [ -3.774616, 40.4435993 ], [ -3.7758702, 40.4434472 ], [ -3.7761955, 40.4434524 ], [ -3.7776382, 40.4435711 ], [ -3.7797451, 40.4442269 ], [ -3.784715, 40.4443517 ], [ -3.7901068, 40.4423712 ], [ -3.788822, 40.4457534 ], [ -3.7900678, 40.4457965 ], [ -3.7900638, 40.4479738 ], [ -3.7910069, 40.4477226 ], [ -3.7910402, 40.4480613 ], [ -3.7911484, 40.4481316 ], [ -3.7913721, 40.4493251 ], [ -3.7921654, 40.4510442 ], [ -3.7923736, 40.4516145 ], [ -3.7923777, 40.4519098 ], [ -3.7928222, 40.4523186 ], [ -3.7928343, 40.4523301 ], [ -3.7932401, 40.4530447 ], [ -3.7932117, 40.4530973 ], [ -3.7934395, 40.4532335 ], [ -3.793402, 40.4532634 ], [ -3.7935046, 40.4535678 ], [ -3.7929693, 40.4536852 ], [ -3.7930489, 40.4539115 ], [ -3.7934476, 40.4543448 ], [ -3.7936993, 40.4546724 ], [ -3.7937672, 40.4547104 ], [ -3.7938345, 40.4547436 ], [ -3.7939201, 40.4548353 ], [ -3.7939794, 40.4548945 ], [ -3.7940806, 40.4549991 ], [ -3.7941549, 40.4551049 ], [ -3.7942572, 40.4554004 ], [ -3.7943711, 40.4556295 ], [ -3.794441, 40.4556091 ], [ -3.7946436, 40.4558678 ], [ -3.7948633, 40.4560752 ], [ -3.7952912, 40.4562601 ], [ -3.7955966, 40.456399 ], [ -3.7952723, 40.4570308 ], [ -3.7953962, 40.4570874 ], [ -3.7953556, 40.4571772 ], [ -3.7958167, 40.4579451 ], [ -3.7990451, 40.4592005 ], [ -3.7989882, 40.4595387 ], [ -3.7989667, 40.4598897 ], [ -3.7989882, 40.4602978 ], [ -3.7990847, 40.4607305 ], [ -3.799192, 40.4611305 ], [ -3.799353, 40.4615549 ], [ -3.7996426, 40.4620692 ], [ -3.799986, 40.4624774 ], [ -3.8004151, 40.4629998 ], [ -3.8008764, 40.4634161 ], [ -3.8014236, 40.4637916 ], [ -3.801038, 40.4655807 ], [ -3.8002311, 40.4654859 ] ] ] } },
{ "type": "Feature", "properties": { "neighborhood": "El Plantío", "admin_level": "10" }, "geometry": { "type": "Polygon", "coordinates": [ [ [ -3.8367451, 40.4750246 ], [ -3.8374829, 40.4755327 ], [ -3.8374153, 40.4758388 ], [ -3.83681, 40.4787382 ], [ -3.8366423, 40.4795873 ], [ -3.8326773, 40.4784582 ], [ -3.8274791, 40.476978 ], [ -3.8001755, 40.4692023 ], [ -3.8020804, 40.4685485 ], [ -3.8000536, 40.4665518 ], [ -3.8002311, 40.4654859 ], [ -3.801038, 40.4655807 ], [ -3.8014236, 40.4637916 ], [ -3.8008764, 40.4634161 ], [ -3.8004151, 40.4629998 ], [ -3.799986, 40.4624774 ], [ -3.7996426, 40.4620692 ], [ -3.799353, 40.4615549 ], [ -3.799192, 40.4611305 ], [ -3.7990847, 40.4607305 ], [ -3.7989882, 40.4602978 ], [ -3.7989667, 40.4598897 ], [ -3.7989882, 40.4595387 ], [ -3.7990451, 40.4592005 ], [ -3.7998183, 40.4597401 ], [ -3.7999694, 40.4597804 ], [ -3.801941, 40.4615328 ], [ -3.8022259, 40.46179 ], [ -3.8025433, 40.4620765 ], [ -3.8033091, 40.4625166 ], [ -3.8036959, 40.4631153 ], [ -3.8043629, 40.463572 ], [ -3.8049833, 40.463739 ], [ -3.8092605, 40.464454 ], [ -3.8114215, 40.4648066 ], [ -3.8119142, 40.4643705 ], [ -3.8120617, 40.4640653 ], [ -3.8129213, 40.4636383 ], [ -3.8152421, 40.4635655 ], [ -3.8175152, 40.4642612 ], [ -3.820842, 40.4643097 ], [ -3.8223675, 40.4646322 ], [ -3.8237466, 40.4645504 ], [ -3.8249519, 40.464731 ], [ -3.8271617, 40.4660305 ], [ -3.8290407, 40.4663143 ], [ -3.8309247, 40.4659405 ], [ -3.8343462, 40.4644591 ], [ -3.8346826, 40.4646972 ], [ -3.8352564, 40.4653147 ], [ -3.8369621, 40.4668429 ], [ -3.8383521, 40.4676436 ], [ -3.8381172, 40.4709209 ], [ -3.8379805, 40.4713537 ], [ -3.837834, 40.4717966 ], [ -3.837554, 40.4727124 ], [ -3.8361762, 40.4748125 ], [ -3.8367451, 40.4750246 ] ] ] } },
{ "type": "Feature", "properties": { "neighborhood": "Corralejos", "admin_level": "10" }, "geometry": { "type": "Polygon", "coordinates": [ [ [ -3.6279521, 40.4684978 ], [ -3.6275615, 40.4685136 ], [ -3.6271906, 40.4685409 ], [ -3.6243567, 40.4686861 ], [ -3.6244512, 40.4690245 ], [ -3.6246517, 40.4697421 ], [ -3.6246054, 40.4704152 ], [ -3.6243452, 40.4710576 ], [ -3.6240676, 40.4714976 ], [ -3.62379, 40.4718099 ], [ -3.6240993, 40.4725184 ], [ -3.6235624, 40.4724383 ], [ -3.6227363, 40.4723648 ], [ -3.6097866, 40.4718996 ], [ -3.6088317, 40.4718588 ], [ -3.6079734, 40.471769 ], [ -3.6073082, 40.4716629 ], [ -3.606643, 40.471516 ], [ -3.6061173, 40.4713772 ], [ -3.6026197, 40.4702183 ], [ -3.6012464, 40.4698347 ], [ -3.6000126, 40.4695327 ], [ -3.5983926, 40.4692388 ], [ -3.5975021, 40.4690919 ], [ -3.5962253, 40.4689287 ], [ -3.5950988, 40.4688715 ], [ -3.5848528, 40.4685532 ], [ -3.5841018, 40.4684226 ], [ -3.5833185, 40.4682022 ], [ -3.582943, 40.4680227 ], [ -3.5825353, 40.4677778 ], [ -3.5822886, 40.4676064 ], [ -3.5825412, 40.4671026 ], [ -3.5827394, 40.4668333 ], [ -3.5829659, 40.466521 ], [ -3.5833764, 40.4661117 ], [ -3.5838861, 40.465724 ], [ -3.5844524, 40.4653686 ], [ -3.5886994, 40.4625143 ], [ -3.5997558, 40.4576242 ], [ -3.6003646, 40.4572472 ], [ -3.6046299, 40.4533294 ], [ -3.6049003, 40.4531166 ], [ -3.6053686, 40.4527475 ], [ -3.6058326, 40.4530845 ], [ -3.6064739, 40.4534312 ], [ -3.607191, 40.4537073 ], [ -3.610393, 40.4547249 ], [ -3.6111904, 40.4549881 ], [ -3.6119708, 40.4552642 ], [ -3.6126205, 40.455537 ], [ -3.6132069, 40.4558291 ], [ -3.6147889, 40.4567215 ], [ -3.6159068, 40.4573443 ], [ -3.6166071, 40.457723 ], [ -3.6173649, 40.4581295 ], [ -3.6180373, 40.4584902 ], [ -3.6194548, 40.4593087 ], [ -3.6205727, 40.4599924 ], [ -3.6214586, 40.4606376 ], [ -3.6218763, 40.4610163 ], [ -3.622353, 40.4614818 ], [ -3.6226947, 40.4618701 ], [ -3.6232858, 40.4625727 ], [ -3.6243442, 40.4639243 ], [ -3.6253483, 40.4651953 ], [ -3.6265295, 40.4667006 ], [ -3.6275842, 40.4680582 ], [ -3.6279521, 40.4684978 ] ] ] } },
{ "type": "Feature", "properties": { "neighborhood": "Timón", "admin_level": "10" }, "geometry": { "type": "Polygon", "coordinates": [ [ [ -3.6240993, 40.4725184 ], [ -3.6243654, 40.4731279 ], [ -3.6247317, 40.4734001 ], [ -3.6251747, 40.4747124 ], [ -3.625688, 40.4750542 ], [ -3.6257881, 40.4752211 ], [ -3.6258131, 40.4756594 ], [ -3.625913, 40.4763321 ], [ -3.6257554, 40.4769638 ], [ -3.6256338, 40.4814254 ], [ -3.6259007, 40.4822305 ], [ -3.6218124, 40.4822343 ], [ -3.6182173, 40.4822397 ], [ -3.6154833, 40.4850049 ], [ -3.6149893, 40.4849935 ], [ -3.6115547, 40.4849761 ], [ -3.6084064, 40.4849835 ], [ -3.60189, 40.4849581 ], [ -3.6019428, 40.4798296 ], [ -3.5846452, 40.4798723 ], [ -3.5836738, 40.4798581 ], [ -3.5828145, 40.4798296 ], [ -3.5821677, 40.4798012 ], [ -3.5817279, 40.4797767 ], [ -3.5814167, 40.4797441 ], [ -3.5810519, 40.479687 ], [ -3.5805477, 40.4795646 ], [ -3.5805691, 40.4792782 ], [ -3.5806061, 40.4791423 ], [ -3.5806615, 40.4790486 ], [ -3.5811422, 40.4786408 ], [ -3.5813825, 40.4785095 ], [ -3.5822267, 40.4761846 ], [ -3.5823007, 40.4759175 ], [ -3.5823746, 40.4755378 ], [ -3.5823869, 40.4751112 ], [ -3.5823684, 40.4747503 ], [ -3.5823376, 40.4744878 ], [ -3.5822329, 40.4740753 ], [ -3.5816536, 40.4715627 ], [ -3.5815427, 40.4709908 ], [ -3.5814996, 40.4706721 ], [ -3.581438, 40.4692845 ], [ -3.5814749, 40.4690501 ], [ -3.5822886, 40.4676064 ], [ -3.5825353, 40.4677778 ], [ -3.582943, 40.4680227 ], [ -3.5833185, 40.4682022 ], [ -3.5841018, 40.4684226 ], [ -3.5848528, 40.4685532 ], [ -3.5950988, 40.4688715 ], [ -3.5962253, 40.4689287 ], [ -3.5975021, 40.4690919 ], [ -3.5983926, 40.4692388 ], [ -3.6000126, 40.4695327 ], [ -3.6012464, 40.4698347 ], [ -3.6026197, 40.4702183 ], [ -3.6061173, 40.4713772 ], [ -3.606643, 40.471516 ], [ -3.6073082, 40.4716629 ], [ -3.6079734, 40.471769 ], [ -3.6088317, 40.4718588 ], [ -3.6097866, 40.4718996 ], [ -3.6227363, 40.4723648 ], [ -3.6235624, 40.4724383 ], [ -3.6240993, 40.4725184 ] ] ] } },
{ "type": "Feature", "properties": { "neighborhood": "Aeropuerto", "admin_level": "10" }, "geometry": { "type": "Polygon", "coordinates": [ [ [ -3.6019977, 40.5014749 ], [ -3.6019311, 40.501477 ], [ -3.6017244, 40.5014403 ], [ -3.6015659, 40.5015242 ], [ -3.6014016, 40.5016902 ], [ -3.6013109, 40.5017128 ], [ -3.6011179, 40.5017233 ], [ -3.6008836, 40.5016657 ], [ -3.60067, 40.5016552 ], [ -3.6002224, 40.5018062 ], [ -3.6000221, 40.5017652 ], [ -3.5998016, 40.5016237 ], [ -3.5995811, 40.5016971 ], [ -3.5994245, 40.5017057 ], [ -3.5988592, 40.5014277 ], [ -3.5986507, 40.5014246 ], [ -3.5984646, 40.5013355 ], [ -3.5982096, 40.5012726 ], [ -3.5975152, 40.5012368 ], [ -3.5962696, 40.5011885 ], [ -3.5957699, 40.501325 ], [ -3.59526, 40.5013093 ], [ -3.5948396, 40.5011783 ], [ -3.5942331, 40.5012464 ], [ -3.594109, 40.5013879 ], [ -3.5937369, 40.501477 ], [ -3.5933344, 40.5014052 ], [ -3.5932621, 40.5015777 ], [ -3.589383, 40.5043362 ], [ -3.589168, 40.5044851 ], [ -3.5869005, 40.5053476 ], [ -3.5847069, 40.5067217 ], [ -3.582984, 40.5084823 ], [ -3.5779324, 40.510357 ], [ -3.5759357, 40.5103674 ], [ -3.5721062, 40.5123682 ], [ -3.5649426, 40.5120506 ], [ -3.5616936, 40.5111491 ], [ -3.5616263, 40.5106865 ], [ -3.5585337, 40.5112384 ], [ -3.5548807, 40.5113314 ], [ -3.5542579, 40.5113309 ], [ -3.5551284, 40.5085721 ], [ -3.5549382, 40.505456 ], [ -3.5552156, 40.5031569 ], [ -3.5534056, 40.5024597 ], [ -3.5535706, 40.5021482 ], [ -3.5535992, 40.5020254 ], [ -3.5535832, 40.5017708 ], [ -3.553329, 40.5001096 ], [ -3.5532919, 40.499951 ], [ -3.5531706, 40.4997283 ], [ -3.5529159, 40.4994199 ], [ -3.5527878, 40.4992951 ], [ -3.5523713, 40.4989814 ], [ -3.5511108, 40.4981808 ], [ -3.5506239, 40.4979345 ], [ -3.5497943, 40.4976133 ], [ -3.5491993, 40.497426 ], [ -3.5468524, 40.4967238 ], [ -3.5459281, 40.4962868 ], [ -3.5455506, 40.4961205 ], [ -3.5444292, 40.4957732 ], [ -3.5442481, 40.4957115 ], [ -3.5439543, 40.4955686 ], [ -3.5429859, 40.4949051 ], [ -3.5422486, 40.4944669 ], [ -3.5420128, 40.4943044 ], [ -3.5418534, 40.4941758 ], [ -3.54178, 40.4940856 ], [ -3.5417098, 40.4939642 ], [ -3.541699, 40.4938061 ], [ -3.5418032, 40.4930968 ], [ -3.5417918, 40.4927722 ], [ -3.5417209, 40.4924476 ], [ -3.5416677, 40.4922853 ], [ -3.5415907, 40.4921456 ], [ -3.5413566, 40.4918097 ], [ -3.5412501, 40.49159 ], [ -3.5412265, 40.4914064 ], [ -3.541215, 40.4911158 ], [ -3.5412312, 40.4905283 ], [ -3.5412167, 40.4901495 ], [ -3.5410481, 40.4887558 ], [ -3.5410157, 40.4886339 ], [ -3.5409536, 40.48853 ], [ -3.5408732, 40.488442 ], [ -3.5407611, 40.488399 ], [ -3.5400118, 40.4881638 ], [ -3.5377054, 40.4870033 ], [ -3.5374163, 40.4868404 ], [ -3.5372132, 40.4867023 ], [ -3.5370202, 40.4865334 ], [ -3.5369427, 40.4864279 ], [ -3.5369052, 40.486268 ], [ -3.5369215, 40.4861482 ], [ -3.5371216, 40.4856452 ], [ -3.5372728, 40.485063 ], [ -3.5372826, 40.4848107 ], [ -3.537043, 40.4843523 ], [ -3.5368498, 40.4837946 ], [ -3.5362422, 40.4830677 ], [ -3.5358355, 40.4823579 ], [ -3.5352142, 40.4813788 ], [ -3.5347921, 40.4802276 ], [ -3.5348567, 40.4794525 ], [ -3.5346406, 40.478976 ], [ -3.534777, 40.4783177 ], [ -3.5344147, 40.4772653 ], [ -3.5343255, 40.4749414 ], [ -3.5343969, 40.4735267 ], [ -3.5342605, 40.4726895 ], [ -3.5340093, 40.4722492 ], [ -3.5334152, 40.4717114 ], [ -3.5317848, 40.4714035 ], [ -3.530947, 40.4713623 ], [ -3.5308309, 40.4712878 ], [ -3.5302204, 40.4710577 ], [ -3.5288742, 40.4707644 ], [ -3.5278125, 40.470625 ], [ -3.5265991, 40.4702788 ], [ -3.5258858, 40.4698726 ], [ -3.5256849, 40.4696659 ], [ -3.5253123, 40.4690334 ], [ -3.5250873, 40.4677375 ], [ -3.5263313, 40.4663104 ], [ -3.5268961, 40.4658082 ], [ -3.5281198, 40.4644941 ], [ -3.5284622, 40.4640961 ], [ -3.528924, 40.4634776 ], [ -3.5291822, 40.4627336 ], [ -3.5293313, 40.4621657 ], [ -3.5295431, 40.4615641 ], [ -3.5296562, 40.4610418 ], [ -3.5296931, 40.4606115 ], [ -3.5294176, 40.459233 ], [ -3.5293124, 40.458706 ], [ -3.5290942, 40.4584017 ], [ -3.5285858, 40.4578677 ], [ -3.5273655, 40.4568047 ], [ -3.52694, 40.456359 ], [ -3.5268126, 40.4559246 ], [ -3.5269144, 40.4556422 ], [ -3.5272735, 40.4554942 ], [ -3.5277544, 40.4552338 ], [ -3.5282113, 40.4549237 ], [ -3.528789, 40.4546745 ], [ -3.5294447, 40.454536 ], [ -3.5302172, 40.4543699 ], [ -3.5305304, 40.4544644 ], [ -3.530881, 40.454645 ], [ -3.5311919, 40.4547297 ], [ -3.5315763, 40.4547377 ], [ -3.5319102, 40.4547303 ], [ -3.5321918, 40.4546475 ], [ -3.5326528, 40.4544354 ], [ -3.5330082, 40.4541775 ], [ -3.5336484, 40.4535323 ], [ -3.5345645, 40.4525471 ], [ -3.5346387, 40.4521099 ], [ -3.5344323, 40.4517234 ], [ -3.534053, 40.4512827 ], [ -3.5338497, 40.4508155 ], [ -3.5338337, 40.4502837 ], [ -3.5335111, 40.4497931 ], [ -3.5333385, 40.4492406 ], [ -3.533239, 40.4486858 ], [ -3.5330508, 40.4481556 ], [ -3.5320115, 40.4469332 ], [ -3.5324304, 40.446826 ], [ -3.533856, 40.4465484 ], [ -3.5354915, 40.4464812 ], [ -3.5354923, 40.4466175 ], [ -3.5362829, 40.4468672 ], [ -3.5368645, 40.4470204 ], [ -3.5374735, 40.4471601 ], [ -3.5381946, 40.4472559 ], [ -3.5449286, 40.44815 ], [ -3.5482769, 40.4485269 ], [ -3.5541549, 40.4491873 ], [ -3.5558127, 40.449343 ], [ -3.5584693, 40.4494863 ], [ -3.5689768, 40.4497293 ], [ -3.5711872, 40.4497698 ], [ -3.5728982, 40.449776 ], [ -3.5801344, 40.4499046 ], [ -3.5820965, 40.4499231 ], [ -3.5831766, 40.4499497 ], [ -3.5880897, 40.4500162 ], [ -3.5895702, 40.4500293 ], [ -3.5906745, 40.4500367 ], [ -3.5938775, 40.4500992 ], [ -3.5921142, 40.4502067 ], [ -3.5913953, 40.4503782 ], [ -3.590537, 40.4506068 ], [ -3.5899577, 40.4508844 ], [ -3.5890994, 40.4514069 ], [ -3.5778341, 40.4607624 ], [ -3.5804627, 40.4625582 ], [ -3.5808596, 40.4622399 ], [ -3.5836599, 40.4648601 ], [ -3.5844524, 40.4653686 ], [ -3.5838861, 40.465724 ], [ -3.5833764, 40.4661117 ], [ -3.5829659, 40.466521 ], [ -3.5827394, 40.4668333 ], [ -3.5825412, 40.4671026 ], [ -3.5822886, 40.4676064 ], [ -3.581802, 40.4675456 ], [ -3.5811369, 40.4676191 ], [ -3.5807613, 40.4677497 ], [ -3.5804609, 40.4679456 ], [ -3.5803, 40.4681415 ], [ -3.5796241, 40.4693331 ], [ -3.5793237, 40.4698228 ], [ -3.5791949, 40.4699208 ], [ -3.5775776, 40.4711746 ], [ -3.577135, 40.4715205 ], [ -3.5761694, 40.4713491 ], [ -3.575633, 40.4713818 ], [ -3.5752145, 40.4715123 ], [ -3.5747639, 40.4717735 ], [ -3.5745172, 40.4721245 ], [ -3.5742382, 40.4734875 ], [ -3.5742168, 40.4738629 ], [ -3.5743133, 40.474426 ], [ -3.5744742, 40.4748667 ], [ -3.5746996, 40.4752421 ], [ -3.5778002, 40.4781883 ], [ -3.5785298, 40.4787596 ], [ -3.579152, 40.4790942 ], [ -3.5796348, 40.4793063 ], [ -3.5800854, 40.4794614 ], [ -3.5805477, 40.4795646 ], [ -3.5810519, 40.479687 ], [ -3.5814167, 40.4797441 ], [ -3.5817279, 40.4797767 ], [ -3.5821677, 40.4798012 ], [ -3.5828145, 40.4798296 ], [ -3.5836738, 40.4798581 ], [ -3.5846452, 40.4798723 ], [ -3.6019428, 40.4798296 ], [ -3.60189, 40.4849581 ], [ -3.6019977, 40.5014749 ] ] ] } },
{ "type": "Feature", "properties": { "neighborhood": "Casco Histórico de Barajas", "admin_level": "10" }, "geometry": { "type": "Polygon", "coordinates": [ [ [ -3.5822886, 40.4676064 ], [ -3.5814749, 40.4690501 ], [ -3.581438, 40.4692845 ], [ -3.5814996, 40.4706721 ], [ -3.5815427, 40.4709908 ], [ -3.5816536, 40.4715627 ], [ -3.5822329, 40.4740753 ], [ -3.5823376, 40.4744878 ], [ -3.5823684, 40.4747503 ], [ -3.5823869, 40.4751112 ], [ -3.5823746, 40.4755378 ], [ -3.5823007, 40.4759175 ], [ -3.5822267, 40.4761846 ], [ -3.5813825, 40.4785095 ], [ -3.5811422, 40.4786408 ], [ -3.5806615, 40.4790486 ], [ -3.5806061, 40.4791423 ], [ -3.5805691, 40.4792782 ], [ -3.5805477, 40.4795646 ], [ -3.5800854, 40.4794614 ], [ -3.5796348, 40.4793063 ], [ -3.579152, 40.4790942 ], [ -3.5785298, 40.4787596 ], [ -3.5778002, 40.4781883 ], [ -3.5746996, 40.4752421 ], [ -3.5744742, 40.4748667 ], [ -3.5743133, 40.474426 ], [ -3.5742168, 40.4738629 ], [ -3.5742382, 40.4734875 ], [ -3.5745172, 40.4721245 ], [ -3.5747639, 40.4717735 ], [ -3.5752145, 40.4715123 ], [ -3.575633, 40.4713818 ], [ -3.5761694, 40.4713491 ], [ -3.577135, 40.4715205 ], [ -3.5775776, 40.4711746 ], [ -3.5791949, 40.4699208 ], [ -3.5793237, 40.4698228 ], [ -3.5796241, 40.4693331 ], [ -3.5803, 40.4681415 ], [ -3.5804609, 40.4679456 ], [ -3.5807613, 40.4677497 ], [ -3.5811369, 40.4676191 ], [ -3.581802, 40.4675456 ], [ -3.5822886, 40.4676064 ] ] ] } },
{ "type": "Feature", "properties": { "neighborhood": "Alameda de Osuna", "admin_level": "10" }, "geometry": { "type": "Polygon", "coordinates": [ [ [ -3.6077613, 40.4497511 ], [ -3.6060763, 40.450877 ], [ -3.6045742, 40.4518812 ], [ -3.6047352, 40.4521343 ], [ -3.6048961, 40.4523303 ], [ -3.6050678, 40.4524935 ], [ -3.6052287, 40.4526568 ], [ -3.6053686, 40.4527475 ], [ -3.6049003, 40.4531166 ], [ -3.6046299, 40.4533294 ], [ -3.6003646, 40.4572472 ], [ -3.5997558, 40.4576242 ], [ -3.5886994, 40.4625143 ], [ -3.5844524, 40.4653686 ], [ -3.5836599, 40.4648601 ], [ -3.5808596, 40.4622399 ], [ -3.5804627, 40.4625582 ], [ -3.5778341, 40.4607624 ], [ -3.5890994, 40.4514069 ], [ -3.5899577, 40.4508844 ], [ -3.590537, 40.4506068 ], [ -3.5913953, 40.4503782 ], [ -3.5921142, 40.4502067 ], [ -3.5938775, 40.4500992 ], [ -3.5971869, 40.4501164 ], [ -3.5986642, 40.4501523 ], [ -3.5996419, 40.4501581 ], [ -3.6001163, 40.4501794 ], [ -3.6007261, 40.4501407 ], [ -3.601358, 40.450089 ], [ -3.6034089, 40.4498768 ], [ -3.6041766, 40.4498304 ], [ -3.6047059, 40.44978 ], [ -3.6049069, 40.44973 ], [ -3.6058094, 40.4497346 ], [ -3.6077613, 40.4497511 ] ] ] } }
]
}
