{
"type": "FeatureCollection",
"name": "limites_distritos",
"crs": { "type": "name", "properties": { "name": "urn:ogc:def:crs:OGC:1.3:CRS84" } },
"features": [
{ "type": "Feature", "properties": { "district": "Usera", "admin_level": "9" }, "geometry": { "type": "Polygon", "coordinates": [ [ [ -3.7208913, 40.3655479 ], [ -3.7207166, 40.3664422 ], [ -3.7204373, 40.3678731 ], [ -3.7201936, 40.370691 ], [ -3.7197644, 40.3738093 ], [ -3.719713, 40.3741472 ], [ -3.7197129, 40.374148 ], [ -3.7193678, 40.3763958 ], [ -3.7190356, 40.3796528 ], [ -3.7189601, 40.3803928 ], [ -3.7187285, 40.3815398 ], [ -3.7183523, 40.3828904 ], [ -3.7182162, 40.3833139 ], [ -3.7175556, 40.3852809 ], [ -3.7168707, 40.3859207 ], [ -3.7163914, 40.3863685 ], [ -3.7154286, 40.3872675 ], [ -3.7150229, 40.3876465 ], [ -3.7145961, 40.3880451 ], [ -3.7142318, 40.3884026 ], [ -3.7138974, 40.3887132 ], [ -3.7136831, 40.3889106 ], [ -3.7133566, 40.3891835 ], [ -3.7130124, 40.3894291 ], [ -3.7128787, 40.3895249 ], [ -3.712009, 40.3899459 ], [ -3.7118835, 40.3899953 ], [ -3.7102484, 40.3906446 ], [ -3.7094844, 40.3909476 ], [ -3.7094835, 40.390948 ], [ -3.7091054, 40.3910932 ], [ -3.7090065, 40.3911359 ], [ -3.7087948, 40.3912272 ], [ -3.7087782, 40.3912355 ], [ -3.7086884, 40.3912802 ], [ -3.7084503, 40.3913986 ], [ -3.7082794, 40.3914874 ], [ -3.7081328, 40.3915784 ], [ -3.7079371, 40.391704 ], [ -3.7075356, 40.3920189 ], [ -3.7072294, 40.3922887 ], [ -3.706777, 40.3927502 ], [ -3.7063, 40.3932644 ], [ -3.7046407, 40.395234 ], [ -3.7038413, 40.3947055 ], [ -3.7029045, 40.3941035 ], [ -3.7019384, 40.393167 ], [ -3.6998673, 40.3907932 ], [ -3.6994916, 40.3903687 ], [ -3.6981513, 40.3890718 ], [ -3.697778, 40.3887106 ], [ -3.6964188, 40.3875834 ], [ -3.692775, 40.384649 ], [ -3.6922542, 40.3842684 ], [ -3.6905345, 40.3830115 ], [ -3.6895732, 40.3821878 ], [ -3.6891441, 40.3815536 ], [ -3.6890399, 40.3809579 ], [ -3.6889495, 40.3804416 ], [ -3.6889339, 40.3803715 ], [ -3.6888301, 40.3798724 ], [ -3.6886369, 40.3794095 ], [ -3.6883931, 40.3790724 ], [ -3.6879886, 40.3786958 ], [ -3.6871494, 40.376508 ], [ -3.6875528, 40.3753709 ], [ -3.6876466, 40.3748483 ], [ -3.6876216, 40.3741996 ], [ -3.687517, 40.3740891 ], [ -3.6869491, 40.3734888 ], [ -3.6869035, 40.3733794 ], [ -3.6866891, 40.3729199 ], [ -3.6863566, 40.3721829 ], [ -3.6859154, 40.3717989 ], [ -3.6843556, 40.3713658 ], [ -3.6829254, 40.3707803 ], [ -3.6826175, 40.3705566 ], [ -3.6822313, 40.3698291 ], [ -3.6823508, 40.3689618 ], [ -3.681947, 40.3678224 ], [ -3.6817753, 40.3674464 ], [ -3.6817178, 40.3665441 ], [ -3.6821294, 40.3660812 ], [ -3.6825693, 40.3657216 ], [ -3.6829537, 40.3651823 ], [ -3.6831379, 40.3647367 ], [ -3.6830679, 40.364284 ], [ -3.682335, 40.362388 ], [ -3.6821602, 40.3620956 ], [ -3.6819717, 40.3614413 ], [ -3.6830306, 40.3617096 ], [ -3.6886353, 40.3637043 ], [ -3.6903977, 40.3642286 ], [ -3.6915553, 40.364468 ], [ -3.6927981, 40.3645087 ], [ -3.6939598, 40.3645179 ], [ -3.6961026, 40.3645348 ], [ -3.6977591, 40.364391 ], [ -3.6997332, 40.3640444 ], [ -3.7022824, 40.3635866 ], [ -3.7051419, 40.3638385 ], [ -3.711698, 40.3641098 ], [ -3.7160496, 40.3645545 ], [ -3.7190862, 40.3649338 ], [ -3.7208913, 40.3655479 ] ] ] } },
{ "type": "Feature", "properties": { "district": "Villaverde", "admin_level": "9" }, "geometry": { "type": "Polygon", "coordinates": [ [ [ -3.7251721, 40.3346954 ], [ -3.7208913, 40.3655479 ], [ -3.7190862, 40.3649338 ], [ -3.7160496, 40.3645545 ], [ -3.711698, 40.3641098 ], [ -3.7051419, 40.3638385 ], [ -3.7022824, 40.3635866 ], [ -3.6997332, 40.3640444 ], [ -3.6977591, 40.364391 ], [ -3.6961026, 40.3645348 ], [ -3.6939598, 40.3645179 ], [ -3.6927981, 40.3645087 ], [ -3.6915553, 40.364468 ], [ -3.6903977, 40.3642286 ], [ -3.6886353, 40.3637043 ], [ -3.6830306, 40.3617096 ], [ -3.6819717, 40.3614413 ], [ -3.6814056, 40.3600219 ], [ -3.6809726, 40.3597486 ], [ -3.6806571, 40.3595494 ], [ -3.6792338, 40.3581255 ], [ -3.6785128, 40.3577919 ], [ -3.6778347, 40.3575499 ], [ -3.677397, 40.357151 ], [ -3.6771123, 40.3566378 ], [ -3.6768832, 40.3557292 ], [ -3.6766676, 40.3550021 ], [ -3.6764149, 40.3542448 ], [ -3.6758091, 40.3537694 ], [ -3.674762, 40.3535601 ], [ -3.6741869, 40.3533181 ], [ -3.6738522, 40.3530892 ], [ -3.6736805, 40.3528145 ], [ -3.6736033, 40.3521342 ], [ -3.6734648, 40.3514368 ], [ -3.6732922, 40.3509194 ], [ -3.6729424, 40.3504859 ], [ -3.6725304, 40.3502111 ], [ -3.671921, 40.3499822 ], [ -3.6702559, 40.3495178 ], [ -3.6697973, 40.3492625 ], [ -3.6694765, 40.3489478 ], [ -3.6689939, 40.3474553 ], [ -3.6690074, 40.3468868 ], [ -3.669091, 40.3463332 ], [ -3.6692011, 40.3459511 ], [ -3.6693868, 40.3456349 ], [ -3.6694909, 40.3454514 ], [ -3.6693896, 40.3452304 ], [ -3.6689856, 40.3449649 ], [ -3.6684603, 40.3447916 ], [ -3.668064, 40.344684 ], [ -3.6666031, 40.3443162 ], [ -3.6659048, 40.3441935 ], [ -3.6651575, 40.3440622 ], [ -3.6646597, 40.3438528 ], [ -3.6642957, 40.3434826 ], [ -3.6640331, 40.3427015 ], [ -3.6636898, 40.3422435 ], [ -3.6631577, 40.3412164 ], [ -3.6628401, 40.3391622 ], [ -3.6627199, 40.3388874 ], [ -3.6622307, 40.3385734 ], [ -3.6617983, 40.3382016 ], [ -3.6615612, 40.3379977 ], [ -3.6614239, 40.3375986 ], [ -3.6613981, 40.3370556 ], [ -3.6612093, 40.3363882 ], [ -3.6605484, 40.3354265 ], [ -3.6596386, 40.3346545 ], [ -3.6587803, 40.3337254 ], [ -3.6585228, 40.3332674 ], [ -3.6584627, 40.3324953 ], [ -3.6582567, 40.3316317 ], [ -3.6578771, 40.3310703 ], [ -3.6578393, 40.3305942 ], [ -3.6575851, 40.329972 ], [ -3.6575485, 40.3295966 ], [ -3.6576709, 40.3291678 ], [ -3.6582429, 40.3284389 ], [ -3.6584132, 40.3281993 ], [ -3.6584477, 40.3281702 ], [ -3.6585003, 40.3280482 ], [ -3.6600409, 40.3281208 ], [ -3.660653, 40.3281173 ], [ -3.6612436, 40.3283211 ], [ -3.6620739, 40.3289651 ], [ -3.6628078, 40.3293843 ], [ -3.6635389, 40.3295062 ], [ -3.6662633, 40.3276347 ], [ -3.6669147, 40.3268382 ], [ -3.6676036, 40.3262756 ], [ -3.6686922, 40.3256477 ], [ -3.6693251, 40.3253738 ], [ -3.6704522, 40.325079 ], [ -3.6705027, 40.3251018 ], [ -3.6712799, 40.3254526 ], [ -3.6741729, 40.3263727 ], [ -3.6755623, 40.3264097 ], [ -3.6776977, 40.3268927 ], [ -3.6786042, 40.3269054 ], [ -3.6794496, 40.3266932 ], [ -3.6799413, 40.3264201 ], [ -3.6804063, 40.3258408 ], [ -3.6808916, 40.324937 ], [ -3.6812059, 40.3245838 ], [ -3.6830825, 40.3239151 ], [ -3.6834103, 40.3237329 ], [ -3.6847999, 40.3226346 ], [ -3.6859753, 40.3224745 ], [ -3.6876933, 40.3224283 ], [ -3.6889851, 40.3221323 ], [ -3.6925304, 40.3204011 ], [ -3.6930191, 40.3201949 ], [ -3.6961688, 40.3222778 ], [ -3.6996785, 40.3223949 ], [ -3.7033035, 40.3222046 ], [ -3.7091323, 40.3232735 ], [ -3.7099054, 40.3236727 ], [ -3.7126029, 40.3238633 ], [ -3.7130332, 40.3256085 ], [ -3.7135269, 40.3265662 ], [ -3.713598, 40.3267041 ], [ -3.7148181, 40.3285525 ], [ -3.7161781, 40.3291477 ], [ -3.7201192, 40.3311323 ], [ -3.7227165, 40.3328382 ], [ -3.7235588, 40.3335524 ], [ -3.7251721, 40.3346954 ] ] ] } },
{ "type": "Feature", "properties": { "district": "Villa de Vallecas", "admin_level": "9" }, "geometry": { "type": "Polygon", "coordinates": [ [ [ -3.6819717, 40.3614413 ], [ -3.6802611, 40.3610493 ], [ -3.6780098, 40.360849 ], [ -3.6759885, 40.3608865 ], [ -3.6736576, 40.3610419 ], [ -3.6724493, 40.3612112 ], [ -3.6710336, 40.3614578 ], [ -3.670366, 40.361607 ], [ -3.6695265, 40.3618267 ], [ -3.668916, 40.3620142 ], [ -3.6683199, 40.3622158 ], [ -3.6669234, 40.3628078 ], [ -3.6662021, 40.3631837 ], [ -3.6655406, 40.3635551 ], [ -3.6645215, 40.364148 ], [ -3.6638598, 40.3645376 ], [ -3.6624753, 40.3653357 ], [ -3.6623735, 40.3653929 ], [ -3.6612752, 40.3660362 ], [ -3.6597622, 40.3670846 ], [ -3.6591707, 40.3675043 ], [ -3.6585915, 40.3679193 ], [ -3.6580005, 40.3683268 ], [ -3.6573637, 40.3686749 ], [ -3.6566805, 40.3690183 ], [ -3.6564344, 40.3691371 ], [ -3.6561027, 40.3692981 ], [ -3.6554415, 40.3697022 ], [ -3.6549642, 40.3701011 ], [ -3.6546555, 40.3704874 ], [ -3.6544958, 40.3707609 ], [ -3.6543284, 40.3711603 ], [ -3.6541257, 40.372019 ], [ -3.6539671, 40.3725698 ], [ -3.6537695, 40.373101 ], [ -3.6535058, 40.3738282 ], [ -3.6530796, 40.3749329 ], [ -3.6528809, 40.3752856 ], [ -3.6526476, 40.3756644 ], [ -3.6525097, 40.3758542 ], [ -3.6523877, 40.376021 ], [ -3.6520419, 40.3760423 ], [ -3.6517276, 40.3760611 ], [ -3.6514989, 40.3760791 ], [ -3.6507469, 40.3761736 ], [ -3.6498864, 40.3763064 ], [ -3.6485539, 40.3765302 ], [ -3.6468748, 40.3769344 ], [ -3.6444322, 40.3774964 ], [ -3.6414968, 40.3781456 ], [ -3.6383374, 40.3789142 ], [ -3.6377854, 40.3790413 ], [ -3.6348865, 40.3797425 ], [ -3.6330053, 40.3801567 ], [ -3.6325602, 40.3802552 ], [ -3.6303184, 40.3807491 ], [ -3.6280833, 40.3812305 ], [ -3.6250237, 40.3819264 ], [ -3.6243482, 40.3821059 ], [ -3.6249594, 40.382752 ], [ -3.6251082, 40.3829829 ], [ -3.6251954, 40.383226 ], [ -3.6251069, 40.3834936 ], [ -3.6250774, 40.3836632 ], [ -3.6247019, 40.3841903 ], [ -3.6244582, 40.3847307 ], [ -3.6222949, 40.3897505 ], [ -3.6222112, 40.3899963 ], [ -3.6218678, 40.3908009 ], [ -3.6142761, 40.3891742 ], [ -3.6120581, 40.3887008 ], [ -3.6108968, 40.3884283 ], [ -3.609913, 40.3881116 ], [ -3.6089741, 40.3877287 ], [ -3.6086797, 40.3875792 ], [ -3.6078094, 40.3871374 ], [ -3.6069854, 40.3866332 ], [ -3.606444, 40.3862295 ], [ -3.6058905, 40.3864647 ], [ -3.6056508, 40.3863588 ], [ -3.6055041, 40.386294 ], [ -3.605291, 40.386092 ], [ -3.60524, 40.3860886 ], [ -3.6051862, 40.386085 ], [ -3.6050557, 40.3861895 ], [ -3.604755, 40.3863436 ], [ -3.604199, 40.3865872 ], [ -3.6039815, 40.3866522 ], [ -3.6037496, 40.3866683 ], [ -3.6034142, 40.3866496 ], [ -3.6032828, 40.386598 ], [ -3.6031482, 40.3865451 ], [ -3.6025491, 40.3862237 ], [ -3.602183, 40.3859703 ], [ -3.6019829, 40.3856094 ], [ -3.6016479, 40.384917 ], [ -3.6014778, 40.384557 ], [ -3.6012981, 40.383898 ], [ -3.6013729, 40.3836287 ], [ -3.6013891, 40.3833254 ], [ -3.6013392, 40.3830885 ], [ -3.6012453, 40.3828955 ], [ -3.601093, 40.3826911 ], [ -3.600678, 40.3824145 ], [ -3.6003785, 40.3822768 ], [ -3.6001738, 40.3822482 ], [ -3.5996204, 40.3822482 ], [ -3.5993878, 40.3820407 ], [ -3.5989682, 40.3813499 ], [ -3.5987736, 40.381032 ], [ -3.5981413, 40.3799991 ], [ -3.5978937, 40.3796039 ], [ -3.5981347, 40.3794588 ], [ -3.598339, 40.3793261 ], [ -3.5986696, 40.3791292 ], [ -3.598886, 40.3789735 ], [ -3.5990062, 40.3788499 ], [ -3.5991925, 40.3786301 ], [ -3.5993067, 40.3784287 ], [ -3.5993397, 40.3783518 ], [ -3.5994089, 40.3781906 ], [ -3.599505, 40.3779846 ], [ -3.5996574, 40.3778639 ], [ -3.5998603, 40.3778448 ], [ -3.6000093, 40.3776393 ], [ -3.6000141, 40.3773221 ], [ -3.60017, 40.3771115 ], [ -3.6006914, 40.3767349 ], [ -3.6004078, 40.3762797 ], [ -3.6000067, 40.3755882 ], [ -3.5995078, 40.3749846 ], [ -3.5990238, 40.374564 ], [ -3.5983677, 40.3741465 ], [ -3.5978237, 40.3738997 ], [ -3.596852, 40.3734115 ], [ -3.5948048, 40.3724325 ], [ -3.5908695, 40.3705184 ], [ -3.5896785, 40.3698631 ], [ -3.5866341, 40.368234 ], [ -3.5855166, 40.3676663 ], [ -3.584821, 40.3674031 ], [ -3.583792, 40.3671657 ], [ -3.5826739, 40.3670872 ], [ -3.5808583, 40.3670404 ], [ -3.5797665, 40.3669641 ], [ -3.5789908, 40.3669149 ], [ -3.5785433, 40.366815 ], [ -3.5778552, 40.366615 ], [ -3.5772959, 40.3663612 ], [ -3.5767009, 40.3660414 ], [ -3.5749014, 40.3648692 ], [ -3.5717395, 40.3627215 ], [ -3.5707289, 40.362035 ], [ -3.5700186, 40.3615876 ], [ -3.5694264, 40.3613202 ], [ -3.5680037, 40.360786 ], [ -3.5673194, 40.3605435 ], [ -3.5666655, 40.3603136 ], [ -3.5658775, 40.3600408 ], [ -3.5652251, 40.3598622 ], [ -3.5642389, 40.3596412 ], [ -3.5623606, 40.3592499 ], [ -3.5613079, 40.3590414 ], [ -3.559667, 40.358741 ], [ -3.5584831, 40.3584001 ], [ -3.5568103, 40.3579156 ], [ -3.5559816, 40.357638 ], [ -3.5555089, 40.3574545 ], [ -3.5549311, 40.3571418 ], [ -3.5544952, 40.3568447 ], [ -3.5542511, 40.3566543 ], [ -3.5544077, 40.3565689 ], [ -3.554626, 40.3564504 ], [ -3.5553422, 40.3560531 ], [ -3.5570117, 40.3550938 ], [ -3.5569422, 40.3550432 ], [ -3.5564147, 40.3546404 ], [ -3.5560481, 40.3544277 ], [ -3.5556448, 40.354229 ], [ -3.5551224, 40.3540593 ], [ -3.5565667, 40.3531315 ], [ -3.5576838, 40.352669 ], [ -3.5584995, 40.3510813 ], [ -3.55871, 40.3506124 ], [ -3.5587147, 40.3505058 ], [ -3.5587609, 40.3503317 ], [ -3.5589293, 40.3501325 ], [ -3.5593678, 40.3497805 ], [ -3.5604407, 40.3493113 ], [ -3.560534, 40.3493006 ], [ -3.5607359, 40.3491871 ], [ -3.5620641, 40.3472279 ], [ -3.5620755, 40.3470066 ], [ -3.5653315, 40.3444096 ], [ -3.5658426, 40.3437401 ], [ -3.5665004, 40.3430468 ], [ -3.5668502, 40.3426592 ], [ -3.5673167, 40.3421223 ], [ -3.5675033, 40.3418308 ], [ -3.5681526, 40.3410473 ], [ -3.5688608, 40.3405045 ], [ -3.5690894, 40.3402521 ], [ -3.5698078, 40.3393383 ], [ -3.5699384, 40.3390218 ], [ -3.5699851, 40.3386591 ], [ -3.5699571, 40.3382147 ], [ -3.5699944, 40.3376813 ], [ -3.5700472, 40.3375494 ], [ -3.5710067, 40.3361914 ], [ -3.5715569, 40.3352914 ], [ -3.5715944, 40.3351638 ], [ -3.5715338, 40.3349077 ], [ -3.5715198, 40.3347477 ], [ -3.5715478, 40.3345984 ], [ -3.5716784, 40.3344597 ], [ -3.5726487, 40.3337947 ], [ -3.5730478, 40.3334832 ], [ -3.5751024, 40.3320629 ], [ -3.575331, 40.3318318 ], [ -3.5761474, 40.3308681 ], [ -3.5772356, 40.3298799 ], [ -3.5778735, 40.3293632 ], [ -3.5781836, 40.3290082 ], [ -3.578762, 40.3284214 ], [ -3.5794058, 40.3280871 ], [ -3.5796507, 40.3279378 ], [ -3.5797673, 40.3278738 ], [ -3.5798839, 40.3277528 ], [ -3.5803085, 40.3274826 ], [ -3.5813267, 40.3269691 ], [ -3.581554, 40.3268406 ], [ -3.5817691, 40.326687 ], [ -3.5819575, 40.3266041 ], [ -3.5821651, 40.3264406 ], [ -3.582501, 40.3262947 ], [ -3.5826667, 40.3260087 ], [ -3.5826666, 40.3258946 ], [ -3.5827781, 40.3256147 ], [ -3.583128, 40.3250315 ], [ -3.5832878, 40.3247445 ], [ -3.583893, 40.3237227 ], [ -3.5843894, 40.322586 ], [ -3.5844978, 40.3221759 ], [ -3.5850629, 40.3204097 ], [ -3.5850735, 40.3183478 ], [ -3.5838091, 40.3158014 ], [ -3.5823857, 40.3161497 ], [ -3.5818904, 40.3158755 ], [ -3.5804456, 40.315956 ], [ -3.5792622, 40.3158624 ], [ -3.5777969, 40.3146492 ], [ -3.5761354, 40.3148605 ], [ -3.5762155, 40.3145914 ], [ -3.5766286, 40.3142286 ], [ -3.5771677, 40.3139259 ], [ -3.5780236, 40.3136474 ], [ -3.5789642, 40.3134842 ], [ -3.57974, 40.3134721 ], [ -3.5804259, 40.3133794 ], [ -3.5810883, 40.3133465 ], [ -3.5814615, 40.3133299 ], [ -3.5822422, 40.3131416 ], [ -3.582996, 40.3130698 ], [ -3.5833452, 40.3131289 ], [ -3.5837461, 40.3131041 ], [ -3.5848529, 40.3129472 ], [ -3.5851855, 40.3129176 ], [ -3.5862663, 40.3127359 ], [ -3.5881426, 40.3125482 ], [ -3.5901241, 40.3123486 ], [ -3.5908703, 40.3124317 ], [ -3.5913892, 40.3125245 ], [ -3.5932373, 40.3123071 ], [ -3.5939758, 40.3122669 ], [ -3.5945281, 40.3123193 ], [ -3.595425, 40.3122338 ], [ -3.5956664, 40.3122626 ], [ -3.5960463, 40.3121899 ], [ -3.596111, 40.3121687 ], [ -3.5963378, 40.3120946 ], [ -3.5963519, 40.3120959 ], [ -3.597161, 40.3119847 ], [ -3.5986952, 40.3119774 ], [ -3.5993283, 40.3120885 ], [ -3.600002, 40.3121679 ], [ -3.6015866, 40.3122958 ], [ -3.605183, 40.3129378 ], [ -3.6061597, 40.3131121 ], [ -3.6064441, 40.3131629 ], [ -3.6066578, 40.313201 ], [ -3.6070036, 40.3132996 ], [ -3.6071286, 40.3133353 ], [ -3.6074964, 40.3134658 ], [ -3.6075899, 40.313499 ], [ -3.608, 40.3135734 ], [ -3.6092557, 40.3138012 ], [ -3.6094876, 40.3138432 ], [ -3.6110695, 40.3141302 ], [ -3.6117377, 40.314301 ], [ -3.6125064, 40.3145705 ], [ -3.6130862, 40.3149222 ], [ -3.6133616, 40.3150761 ], [ -3.6139999, 40.315499 ], [ -3.6146244, 40.3160692 ], [ -3.6151745, 40.3168247 ], [ -3.6152706, 40.3169566 ], [ -3.615414, 40.3170979 ], [ -3.6154788, 40.3171617 ], [ -3.6157767, 40.3173387 ], [ -3.6158407, 40.3173767 ], [ -3.6180183, 40.3181705 ], [ -3.6188643, 40.3185662 ], [ -3.619569, 40.3187736 ], [ -3.6201873, 40.3188942 ], [ -3.6206644, 40.319008 ], [ -3.6212057, 40.3190984 ], [ -3.6219424, 40.3192034 ], [ -3.6229609, 40.3193987 ], [ -3.6238883, 40.3196604 ], [ -3.6244142, 40.3197797 ], [ -3.6244616, 40.319681 ], [ -3.6249253, 40.318805 ], [ -3.6276565, 40.3196942 ], [ -3.6293758, 40.3203377 ], [ -3.6303086, 40.3207688 ], [ -3.6310204, 40.3210784 ], [ -3.6322816, 40.3218433 ], [ -3.6330661, 40.322508 ], [ -3.6336589, 40.322969 ], [ -3.6350714, 40.3240752 ], [ -3.6349712, 40.3242207 ], [ -3.6359686, 40.3250113 ], [ -3.6366943, 40.3255141 ], [ -3.6379701, 40.326395 ], [ -3.6401925, 40.3277901 ], [ -3.6406696, 40.3280404 ], [ -3.641362, 40.3283167 ], [ -3.6417144, 40.3285096 ], [ -3.6420294, 40.3288207 ], [ -3.6426764, 40.3290915 ], [ -3.6430173, 40.3292718 ], [ -3.6435476, 40.3298509 ], [ -3.6438765, 40.3302805 ], [ -3.6441882, 40.3306103 ], [ -3.6446014, 40.3309204 ], [ -3.6459915, 40.3316505 ], [ -3.6466801, 40.3319532 ], [ -3.6475193, 40.3324415 ], [ -3.6483969, 40.3330275 ], [ -3.6491347, 40.3334125 ], [ -3.6493738, 40.33282 ], [ -3.6495558, 40.3326191 ], [ -3.6497998, 40.3324977 ], [ -3.6499375, 40.3323024 ], [ -3.6502527, 40.3322486 ], [ -3.6512924, 40.3318461 ], [ -3.651885, 40.3315845 ], [ -3.6521412, 40.3313233 ], [ -3.6523218, 40.3309909 ], [ -3.6527113, 40.3312878 ], [ -3.6529522, 40.3314058 ], [ -3.6534452, 40.3309874 ], [ -3.6539706, 40.3306041 ], [ -3.6547089, 40.3302092 ], [ -3.657027, 40.3289696 ], [ -3.6582429, 40.3284389 ], [ -3.6576709, 40.3291678 ], [ -3.6575485, 40.3295966 ], [ -3.6575851, 40.329972 ], [ -3.6578393, 40.3305942 ], [ -3.6578771, 40.3310703 ], [ -3.6582567, 40.3316317 ], [ -3.6584627, 40.3324953 ], [ -3.6585228, 40.3332674 ], [ -3.6587803, 40.3337254 ], [ -3.6596386, 40.3346545 ], [ -3.6605484, 40.3354265 ], [ -3.6612093, 40.3363882 ], [ -3.6613981, 40.3370556 ], [ -3.6614239, 40.3375986 ], [ -3.6615612, 40.3379977 ], [ -3.6617983, 40.3382016 ], [ -3.6622307, 40.3385734 ], [ -3.6627199, 40.3388874 ], [ -3.6628401, 40.3391622 ], [ -3.6631577, 40.3412164 ], [ -3.6636898, 40.3422435 ], [ -3.6640331, 40.3427015 ], [ -3.6642957, 40.3434826 ], [ -3.6646597, 40.3438528 ], [ -3.6651575, 40.3440622 ], [ -3.6659048, 40.3441935 ], [ -3.6666031, 40.3443162 ], [ -3.668064, 40.344684 ], [ -3.6684603, 40.3447916 ], [ -3.6689856, 40.3449649 ], [ -3.6693896, 40.3452304 ], [ -3.6694909, 40.3454514 ], [ -3.6693868, 40.3456349 ], [ -3.6692011, 40.3459511 ], [ -3.669091, 40.3463332 ], [ -3.6690074, 40.3468868 ], [ -3.6689939, 40.3474553 ], [ -3.6694765, 40.3489478 ], [ -3.6697973, 40.3492625 ], [ -3.6702559, 40.3495178 ], [ -3.671921, 40.3499822 ], [ -3.6725304, 40.3502111 ], [ -3.6729424, 40.3504859 ], [ -3.6732922, 40.3509194 ], [ -3.6734648, 40.3514368 ], [ -3.6736033, 40.3521342 ], [ -3.6736805, 40.3528145 ], [ -3.6738522, 40.3530892 ], [ -3.6741869, 40.3533181 ], [ -3.674762, 40.3535601 ], [ -3.6758091, 40.3537694 ], [ -3.6764149, 40.3542448 ], [ -3.6766676, 40.3550021 ], [ -3.6768832, 40.3557292 ], [ -3.6771123, 40.3566378 ], [ -3.677397, 40.357151 ], [ -3.6778347, 40.3575499 ], [ -3.6785128, 40.3577919 ], [ -3.6792338, 40.3581255 ], [ -3.6806571, 40.3595494 ], [ -3.6809726, 40.3597486 ], [ -3.6814056, 40.3600219 ], [ -3.6819717, 40.3614413 ] ] ] } },
{ "type": "Feature", "properties": { "district": "Puente de Vallecas", "admin_level": "9" }, "geometry": { "type": "Polygon", "coordinates": [ [ [ -3.6895732, 40.3821878 ], [ -3.6893226, 40.3826995 ], [ -3.6879371, 40.3831494 ], [ -3.6858383, 40.3835052 ], [ -3.6840873, 40.3838836 ], [ -3.6830446, 40.3844306 ], [ -3.6827275, 40.3846027 ], [ -3.6794274, 40.3895267 ], [ -3.6788921, 40.3903206 ], [ -3.6780365, 40.3911364 ], [ -3.6764454, 40.3923315 ], [ -3.6757425, 40.3928595 ], [ -3.6749782, 40.3935478 ], [ -3.6742956, 40.3939721 ], [ -3.6738552, 40.3941829 ], [ -3.6733291, 40.394508 ], [ -3.6730917, 40.3946102 ], [ -3.6724504, 40.3950607 ], [ -3.671895, 40.395494 ], [ -3.6713711, 40.3959686 ], [ -3.6707886, 40.3965499 ], [ -3.6701922, 40.3972595 ], [ -3.6692964, 40.3983255 ], [ -3.6681965, 40.3997654 ], [ -3.6675914, 40.4007937 ], [ -3.6674424, 40.4011548 ], [ -3.6670134, 40.4022724 ], [ -3.6663762, 40.4039003 ], [ -3.6659451, 40.4047585 ], [ -3.6655249, 40.4057111 ], [ -3.6653927, 40.4063259 ], [ -3.6645127, 40.4063073 ], [ -3.6636379, 40.4062424 ], [ -3.6621588, 40.4061297 ], [ -3.6576671, 40.4058361 ], [ -3.656428, 40.4056332 ], [ -3.6556597, 40.4054082 ], [ -3.6546197, 40.4050065 ], [ -3.6539285, 40.4046174 ], [ -3.6534562, 40.404313 ], [ -3.6527464, 40.4037109 ], [ -3.6523781, 40.4033767 ], [ -3.652172, 40.4031909 ], [ -3.6517482, 40.4028068 ], [ -3.6514975, 40.4025842 ], [ -3.6512746, 40.4023785 ], [ -3.6503315, 40.4015117 ], [ -3.6474998, 40.3989645 ], [ -3.6470244, 40.3985277 ], [ -3.6465186, 40.398063 ], [ -3.6460239, 40.3976226 ], [ -3.645094, 40.3968112 ], [ -3.6446319, 40.3964362 ], [ -3.6438943, 40.3959748 ], [ -3.6432396, 40.3956713 ], [ -3.6426997, 40.3954625 ], [ -3.6418183, 40.3952065 ], [ -3.640024, 40.3947955 ], [ -3.6383015, 40.3944344 ], [ -3.6365763, 40.3940382 ], [ -3.6348167, 40.393677 ], [ -3.6322408, 40.3931116 ], [ -3.6297953, 40.3925626 ], [ -3.6290194, 40.3923971 ], [ -3.6282116, 40.3922206 ], [ -3.6261256, 40.3916954 ], [ -3.6242349, 40.391324 ], [ -3.6229234, 40.3910663 ], [ -3.6218678, 40.3908009 ], [ -3.6222112, 40.3899963 ], [ -3.6222949, 40.3897505 ], [ -3.6244582, 40.3847307 ], [ -3.6247019, 40.3841903 ], [ -3.6250774, 40.3836632 ], [ -3.6251069, 40.3834936 ], [ -3.6251954, 40.383226 ], [ -3.6251082, 40.3829829 ], [ -3.6249594, 40.382752 ], [ -3.6243482, 40.3821059 ], [ -3.6250237, 40.3819264 ], [ -3.6280833, 40.3812305 ], [ -3.6303184, 40.3807491 ], [ -3.6325602, 40.3802552 ], [ -3.6330053, 40.3801567 ], [ -3.6348865, 40.3797425 ], [ -3.6377854, 40.3790413 ], [ -3.6383374, 40.3789142 ], [ -3.6414968, 40.3781456 ], [ -3.6444322, 40.3774964 ], [ -3.6468748, 40.3769344 ], [ -3.6485539, 40.3765302 ], [ -3.6498864, 40.3763064 ], [ -3.6507469, 40.3761736 ], [ -3.6514989, 40.3760791 ], [ -3.6517276, 40.3760611 ], [ -3.6520419, 40.3760423 ], [ -3.6523877, 40.376021 ], [ -3.6525097, 40.3758542 ], [ -3.6526476, 40.3756644 ], [ -3.6528809, 40.3752856 ], [ -3.6530796, 40.3749329 ], [ -3.6535058, 40.3738282 ], [ -3.6537695, 40.373101 ], [ -3.6539671, 40.3725698 ], [ -3.6541257, 40.372019 ], [ -3.6543284, 40.3711603 ], [ -3.6544958, 40.3707609 ], [ -3.6546555, 40.3704874 ], [ -3.6549642, 40.3701011 ], [ -3.6554415, 40.3697022 ], [ -3.6561027, 40.3692981 ], [ -3.6564344, 40.3691371 ], [ -3.6566805, 40.3690183 ], [ -3.6573637, 40.3686749 ], [ -3.6580005, 40.3683268 ], [ -3.6585915, 40.3679193 ], [ -3.6591707, 40.3675043 ], [ -3.6597622, 40.3670846 ], [ -3.6612752, 40.3660362 ], [ -3.6623735, 40.3653929 ], [ -3.6624753, 40.3653357 ], [ -3.6638598, 40.3645376 ], [ -3.6645215, 40.364148 ], [ -3.6655406, 40.3635551 ], [ -3.6662021, 40.3631837 ], [ -3.6669234, 40.3628078 ], [ -3.6683199, 40.3622158 ], [ -3.668916, 40.3620142 ], [ -3.6695265, 40.3618267 ], [ -3.670366, 40.361607 ], [ -3.6710336, 40.3614578 ], [ -3.6724493, 40.3612112 ], [ -3.6736576, 40.3610419 ], [ -3.6759885, 40.3608865 ], [ -3.6780098, 40.360849 ], [ -3.6802611, 40.3610493 ], [ -3.6819717, 40.3614413 ], [ -3.6821602, 40.3620956 ], [ -3.682335, 40.362388 ], [ -3.6830679, 40.364284 ], [ -3.6831379, 40.3647367 ], [ -3.6829537, 40.3651823 ], [ -3.6825693, 40.3657216 ], [ -3.6821294, 40.3660812 ], [ -3.6817178, 40.3665441 ], [ -3.6817753, 40.3674464 ], [ -3.681947, 40.3678224 ], [ -3.6823508, 40.3689618 ], [ -3.6822313, 40.3698291 ], [ -3.6826175, 40.3705566 ], [ -3.6829254, 40.3707803 ], [ -3.6843556, 40.3713658 ], [ -3.6859154, 40.3717989 ], [ -3.6863566, 40.3721829 ], [ -3.6866891, 40.3729199 ], [ -3.6869035, 40.3733794 ], [ -3.6869491, 40.3734888 ], [ -3.687517, 40.3740891 ], [ -3.6876216, 40.3741996 ], [ -3.6876466, 40.3748483 ], [ -3.6875528, 40.3753709 ], [ -3.6871494, 40.376508 ], [ -3.6879886, 40.3786958 ], [ -3.6883931, 40.3790724 ], [ -3.6886369, 40.3794095 ], [ -3.6888301, 40.3798724 ], [ -3.6889339, 40.3803715 ], [ -3.6889495, 40.3804416 ], [ -3.6890399, 40.3809579 ], [ -3.6891441, 40.3815536 ], [ -3.6895732, 40.3821878 ] ] ] } },
{ "type": "Feature", "properties": { "district": "Moratalaz", "admin_level": "9" }, "geometry": { "type": "Polygon", "coordinates": [ [ [ -3.6653927, 40.4063259 ], [ -3.6648273, 40.4073191 ], [ -3.6641463, 40.4084469 ], [ -3.6630468, 40.4105983 ], [ -3.6623815, 40.4119228 ], [ -3.6615726, 40.4133389 ], [ -3.660186, 40.4154898 ], [ -3.660022, 40.4157408 ], [ -3.6596785, 40.4162473 ], [ -3.6591717, 40.4169774 ], [ -3.6588539, 40.4177237 ], [ -3.6587726, 40.4180728 ], [ -3.65879, 40.4186706 ], [ -3.6573965, 40.4183349 ], [ -3.6553489, 40.4178014 ], [ -3.6539981, 40.4174487 ], [ -3.6529009, 40.4170615 ], [ -3.6519171, 40.416717 ], [ -3.6511189, 40.4164365 ], [ -3.6501432, 40.4160951 ], [ -3.6498695, 40.4160138 ], [ -3.6497774, 40.4159843 ], [ -3.6496373, 40.4159426 ], [ -3.648177, 40.4155006 ], [ -3.6477579, 40.4153745 ], [ -3.6471439, 40.4152231 ], [ -3.6464832, 40.4150554 ], [ -3.6461094, 40.4149833 ], [ -3.6456609, 40.4148999 ], [ -3.6450856, 40.4148014 ], [ -3.6446411, 40.4147343 ], [ -3.6440992, 40.4146449 ], [ -3.643341, 40.4145625 ], [ -3.6428952, 40.4145127 ], [ -3.6424974, 40.4144944 ], [ -3.6410372, 40.4144274 ], [ -3.640578, 40.4144314 ], [ -3.6396837, 40.4144497 ], [ -3.6390483, 40.4144619 ], [ -3.6384089, 40.4145168 ], [ -3.6375079, 40.4145961 ], [ -3.636458, 40.4147457 ], [ -3.6344886, 40.4150239 ], [ -3.6337945, 40.4151286 ], [ -3.6332886, 40.4151571 ], [ -3.6324998, 40.4152008 ], [ -3.6321674, 40.4151977 ], [ -3.6314479, 40.4151845 ], [ -3.6306804, 40.4151134 ], [ -3.6303534, 40.4150686 ], [ -3.6299476, 40.4150127 ], [ -3.6295138, 40.4149223 ], [ -3.6290319, 40.4148217 ], [ -3.6282658, 40.4146012 ], [ -3.6280228, 40.414528 ], [ -3.6275911, 40.4143813 ], [ -3.6269263, 40.4141518 ], [ -3.626245, 40.4139168 ], [ -3.6255854, 40.413692 ], [ -3.6250992, 40.4135451 ], [ -3.6248824, 40.4134924 ], [ -3.6244334, 40.4133934 ], [ -3.6242341, 40.413347 ], [ -3.6239327, 40.4132951 ], [ -3.6232968, 40.4131859 ], [ -3.6230811, 40.4131615 ], [ -3.6224349, 40.4130978 ], [ -3.6219952, 40.4130719 ], [ -3.6215988, 40.4130617 ], [ -3.6213077, 40.4130617 ], [ -3.6211508, 40.4130672 ], [ -3.6203687, 40.4130837 ], [ -3.6204572, 40.4129025 ], [ -3.6239317, 40.406153 ], [ -3.6253494, 40.403738 ], [ -3.625645, 40.4029131 ], [ -3.6259988, 40.4020701 ], [ -3.6261954, 40.4014424 ], [ -3.626371, 40.4009096 ], [ -3.6264156, 40.4007152 ], [ -3.6268696, 40.3987352 ], [ -3.6269169, 40.3983813 ], [ -3.6274214, 40.3969716 ], [ -3.627653, 40.3963902 ], [ -3.6280654, 40.3956362 ], [ -3.6286975, 40.3945398 ], [ -3.6297953, 40.3925626 ], [ -3.6322408, 40.3931116 ], [ -3.6348167, 40.393677 ], [ -3.6365763, 40.3940382 ], [ -3.6383015, 40.3944344 ], [ -3.640024, 40.3947955 ], [ -3.6418183, 40.3952065 ], [ -3.6426997, 40.3954625 ], [ -3.6432396, 40.3956713 ], [ -3.6438943, 40.3959748 ], [ -3.6446319, 40.3964362 ], [ -3.645094, 40.3968112 ], [ -3.6460239, 40.3976226 ], [ -3.6465186, 40.398063 ], [ -3.6470244, 40.3985277 ], [ -3.6474998, 40.3989645 ], [ -3.6503315, 40.4015117 ], [ -3.6512746, 40.4023785 ], [ -3.6514975, 40.4025842 ], [ -3.6517482, 40.4028068 ], [ -3.652172, 40.4031909 ], [ -3.6523781, 40.4033767 ], [ -3.6527464, 40.4037109 ], [ -3.6534562, 40.404313 ], [ -3.6539285, 40.4046174 ], [ -3.6546197, 40.4050065 ], [ -3.6556597, 40.4054082 ], [ -3.656428, 40.4056332 ], [ -3.6576671, 40.4058361 ], [ -3.6621588, 40.4061297 ], [ -3.6636379, 40.4062424 ], [ -3.6645127, 40.4063073 ], [ -3.6653927, 40.4063259 ] ] ] } },
{ "type": "Feature", "properties": { "district": "San Blas - Canillejas", "admin_level": "9" }, "geometry": { "type": "Polygon", "coordinates": [ [ [ -3.6480467, 40.4494606 ], [ -3.6477775, 40.4494723 ], [ -3.647011, 40.4496789 ], [ -3.6469126, 40.4496775 ], [ -3.6463474, 40.4497153 ], [ -3.6459914, 40.4497237 ], [ -3.6445348, 40.4495616 ], [ -3.638787, 40.4486507 ], [ -3.6382745, 40.4485842 ], [ -3.6376991, 40.4485489 ], [ -3.6369955, 40.4485438 ], [ -3.6362445, 40.4485532 ], [ -3.6355456, 40.4486157 ], [ -3.6347895, 40.4487455 ], [ -3.6337177, 40.4489127 ], [ -3.6330855, 40.4490591 ], [ -3.6320204, 40.4492028 ], [ -3.6312543, 40.4492962 ], [ -3.6305319, 40.44936 ], [ -3.6297996, 40.4494208 ], [ -3.6276959, 40.4495039 ], [ -3.6262807, 40.4495643 ], [ -3.6244114, 40.4495989 ], [ -3.6225871, 40.4496237 ], [ -3.620948, 40.4496654 ], [ -3.6199969, 40.4496976 ], [ -3.6182728, 40.4497081 ], [ -3.6165538, 40.44973 ], [ -3.6150869, 40.4497402 ], [ -3.6139806, 40.4497362 ], [ -3.6115536, 40.4497146 ], [ -3.6096933, 40.4497378 ], [ -3.6082179, 40.4497549 ], [ -3.6077613, 40.4497511 ], [ -3.6058094, 40.4497346 ], [ -3.6049069, 40.44973 ], [ -3.6047059, 40.44978 ], [ -3.6041766, 40.4498304 ], [ -3.6034089, 40.4498768 ], [ -3.601358, 40.450089 ], [ -3.6007261, 40.4501407 ], [ -3.6001163, 40.4501794 ], [ -3.5996419, 40.4501581 ], [ -3.5986642, 40.4501523 ], [ -3.5971869, 40.4501164 ], [ -3.5938775, 40.4500992 ], [ -3.5906745, 40.4500367 ], [ -3.5895702, 40.4500293 ], [ -3.5880897, 40.4500162 ], [ -3.5831766, 40.4499497 ], [ -3.5820965, 40.4499231 ], [ -3.5801344, 40.4499046 ], [ -3.5728982, 40.449776 ], [ -3.5711872, 40.4497698 ], [ -3.5689768, 40.4497293 ], [ -3.5584693, 40.4494863 ], [ -3.5558127, 40.449343 ], [ -3.5541549, 40.4491873 ], [ -3.5482769, 40.4485269 ], [ -3.5449286, 40.44815 ], [ -3.5381946, 40.4472559 ], [ -3.5374735, 40.4471601 ], [ -3.5368645, 40.4470204 ], [ -3.5362829, 40.4468672 ], [ -3.5354923, 40.4466175 ], [ -3.5354915, 40.4464812 ], [ -3.5350732, 40.4452136 ], [ -3.5349878, 40.4449547 ], [ -3.5351212, 40.4448993 ], [ -3.5355779, 40.4447056 ], [ -3.5369664, 40.4448551 ], [ -3.5383979, 40.4450117 ], [ -3.5379348, 40.4442496 ], [ -3.5409725, 40.4445887 ], [ -3.5410509, 40.4441778 ], [ -3.5411397, 40.4439858 ], [ -3.5413259, 40.4437878 ], [ -3.541612, 40.443654 ], [ -3.5452275, 40.4427029 ], [ -3.5477766, 40.442486 ], [ -3.5491391, 40.4422616 ], [ -3.5501748, 40.442049 ], [ -3.5508387, 40.4419175 ], [ -3.5512538, 40.4418076 ], [ -3.5515565, 40.4417415 ], [ -3.5519567, 40.4416335 ], [ -3.5526167, 40.4414362 ], [ -3.5531543, 40.4412444 ], [ -3.554005, 40.4408922 ], [ -3.5592782, 40.4384338 ], [ -3.5597851, 40.4382299 ], [ -3.5599613, 40.4381715 ], [ -3.5603405, 40.4380742 ], [ -3.5605991, 40.4380311 ], [ -3.5611712, 40.4379407 ], [ -3.5634563, 40.4379303 ], [ -3.5640591, 40.4379132 ], [ -3.5647983, 40.4378302 ], [ -3.5652917, 40.4377534 ], [ -3.5656985, 40.4376438 ], [ -3.5663944, 40.4374094 ], [ -3.5669618, 40.4371325 ], [ -3.567237, 40.4369701 ], [ -3.5675819, 40.4367589 ], [ -3.567916, 40.436511 ], [ -3.5685469, 40.4362065 ], [ -3.5737954, 40.4376687 ], [ -3.5759427, 40.4367378 ], [ -3.575321, 40.4353953 ], [ -3.5751024, 40.434238 ], [ -3.5751023, 40.4340949 ], [ -3.5791191, 40.4336262 ], [ -3.5791282, 40.4331366 ], [ -3.5772521, 40.4305133 ], [ -3.5770681, 40.4301555 ], [ -3.5769723, 40.4298297 ], [ -3.5763172, 40.4296774 ], [ -3.5764215, 40.4291338 ], [ -3.5764949, 40.4288222 ], [ -3.5765662, 40.4286045 ], [ -3.5770374, 40.4272824 ], [ -3.5774816, 40.4260143 ], [ -3.5778438, 40.4253872 ], [ -3.5783122, 40.4248148 ], [ -3.579396, 40.4236504 ], [ -3.5805545, 40.421988 ], [ -3.5814174, 40.4205079 ], [ -3.5822059, 40.4192641 ], [ -3.5827369, 40.4179059 ], [ -3.5828478, 40.4164872 ], [ -3.5831029, 40.4153682 ], [ -3.5880205, 40.4084921 ], [ -3.5881868, 40.4083105 ], [ -3.5918573, 40.4095055 ], [ -3.5957969, 40.4105617 ], [ -3.5997517, 40.4113775 ], [ -3.6042868, 40.4120655 ], [ -3.6074224, 40.4125408 ], [ -3.6102167, 40.4131965 ], [ -3.610624, 40.4162928 ], [ -3.6108157, 40.4179644 ], [ -3.6174951, 40.4155904 ], [ -3.6183947, 40.4151121 ], [ -3.6186749, 40.4149501 ], [ -3.6189427, 40.414743 ], [ -3.6194003, 40.4143313 ], [ -3.6196496, 40.4141046 ], [ -3.6201825, 40.4133659 ], [ -3.6203687, 40.4130837 ], [ -3.6207898, 40.4137989 ], [ -3.6211408, 40.4143962 ], [ -3.6213658, 40.4147782 ], [ -3.6214716, 40.4149332 ], [ -3.6216641, 40.4152095 ], [ -3.6219036, 40.4155412 ], [ -3.6221075, 40.4158488 ], [ -3.6222866, 40.4160921 ], [ -3.622476, 40.4163617 ], [ -3.6227026, 40.416687 ], [ -3.6230845, 40.4172061 ], [ -3.6233364, 40.4175409 ], [ -3.6235971, 40.4178871 ], [ -3.6238541, 40.4182301 ], [ -3.6239547, 40.4183987 ], [ -3.6240977, 40.4186372 ], [ -3.6241488, 40.4187213 ], [ -3.624284, 40.4189233 ], [ -3.6244636, 40.4191583 ], [ -3.6245411, 40.4192722 ], [ -3.6247238, 40.4195257 ], [ -3.6253178, 40.420332 ], [ -3.6260409, 40.4213348 ], [ -3.6262397, 40.4216098 ], [ -3.626603, 40.4221147 ], [ -3.6266266, 40.4221474 ], [ -3.6270649, 40.4227556 ], [ -3.6273019, 40.4230856 ], [ -3.6274345, 40.4232672 ], [ -3.6275893, 40.4234585 ], [ -3.6278846, 40.4238259 ], [ -3.6280802, 40.4240675 ], [ -3.6284151, 40.424484 ], [ -3.6286216, 40.4247968 ], [ -3.6288255, 40.4251076 ], [ -3.6290536, 40.4254542 ], [ -3.6292342, 40.4257307 ], [ -3.6294149, 40.4260065 ], [ -3.6294934, 40.426125 ], [ -3.6295331, 40.4261849 ], [ -3.6295582, 40.4262172 ], [ -3.6297137, 40.4264166 ], [ -3.6298939, 40.4266536 ], [ -3.6300199, 40.4268147 ], [ -3.6304746, 40.4274451 ], [ -3.6316023, 40.4290159 ], [ -3.6320121, 40.4295779 ], [ -3.6323156, 40.4299951 ], [ -3.6324059, 40.4301193 ], [ -3.632616, 40.4304081 ], [ -3.6330395, 40.4309888 ], [ -3.6336635, 40.4318635 ], [ -3.6338459, 40.4321194 ], [ -3.6341256, 40.4325017 ], [ -3.6342851, 40.4327193 ], [ -3.6344276, 40.4329155 ], [ -3.6344506, 40.4329472 ], [ -3.6344825, 40.4329917 ], [ -3.635032, 40.4337573 ], [ -3.6351723, 40.4339525 ], [ -3.6352526, 40.4340593 ], [ -3.635695, 40.4346484 ], [ -3.635703, 40.4346591 ], [ -3.6359662, 40.435023 ], [ -3.6362325, 40.4353923 ], [ -3.6365208, 40.4357926 ], [ -3.6367671, 40.4361345 ], [ -3.6374251, 40.4370431 ], [ -3.6379957, 40.4378328 ], [ -3.6380335, 40.437888 ], [ -3.6354363, 40.4385352 ], [ -3.6354444, 40.4385465 ], [ -3.6383585, 40.4425804 ], [ -3.6390967, 40.4436023 ], [ -3.639487, 40.4440107 ], [ -3.6400074, 40.4444748 ], [ -3.6404709, 40.4447904 ], [ -3.6449088, 40.4469362 ], [ -3.646504, 40.4477234 ], [ -3.6475529, 40.4486886 ], [ -3.6480467, 40.4494606 ] ] ] } },
{ "type": "Feature", "properties": { "district": "Vicálvaro", "admin_level": "9" }, "geometry": { "type": "Polygon", "coordinates": [ [ [ -3.6297953, 40.3925626 ], [ -3.6286975, 40.3945398 ], [ -3.6280654, 40.3956362 ], [ -3.627653, 40.3963902 ], [ -3.6274214, 40.3969716 ], [ -3.6269169, 40.3983813 ], [ -3.6268696, 40.3987352 ], [ -3.6264156, 40.4007152 ], [ -3.626371, 40.4009096 ], [ -3.6261954, 40.4014424 ], [ -3.6259988, 40.4020701 ], [ -3.625645, 40.4029131 ], [ -3.6253494, 40.403738 ], [ -3.6239317, 40.406153 ], [ -3.6204572, 40.4129025 ], [ -3.6203687, 40.4130837 ], [ -3.6201825, 40.4133659 ], [ -3.6196496, 40.4141046 ], [ -3.6194003, 40.4143313 ], [ -3.6189427, 40.414743 ], [ -3.6186749, 40.4149501 ], [ -3.6183947, 40.4151121 ], [ -3.6174951, 40.4155904 ], [ -3.6108157, 40.4179644 ], [ -3.610624, 40.4162928 ], [ -3.6102167, 40.4131965 ], [ -3.6074224, 40.4125408 ], [ -3.6042868, 40.4120655 ], [ -3.5997517, 40.4113775 ], [ -3.5957969, 40.4105617 ], [ -3.5918573, 40.4095055 ], [ -3.5881868, 40.4083105 ], [ -3.5880205, 40.4084921 ], [ -3.5831029, 40.4153682 ], [ -3.5828478, 40.4164872 ], [ -3.5827369, 40.4179059 ], [ -3.5822059, 40.4192641 ], [ -3.5814174, 40.4205079 ], [ -3.5805545, 40.421988 ], [ -3.579396, 40.4236504 ], [ -3.5783122, 40.4248148 ], [ -3.5778438, 40.4253872 ], [ -3.5774816, 40.4260143 ], [ -3.5752486, 40.4255792 ], [ -3.5762213, 40.4239369 ], [ -3.576464, 40.4234434 ], [ -3.5766543, 40.4228771 ], [ -3.5768344, 40.4219803 ], [ -3.5772596, 40.4210852 ], [ -3.5776413, 40.4202532 ], [ -3.5782898, 40.4192599 ], [ -3.5787861, 40.4182984 ], [ -3.5795288, 40.4173378 ], [ -3.5792704, 40.4169594 ], [ -3.5788215, 40.4163017 ], [ -3.5786134, 40.4159969 ], [ -3.5780538, 40.414988 ], [ -3.5781847, 40.4148425 ], [ -3.577537, 40.4136194 ], [ -3.5762686, 40.4131131 ], [ -3.5728834, 40.411762 ], [ -3.5726677, 40.4118754 ], [ -3.5723147, 40.4119262 ], [ -3.5712657, 40.4119964 ], [ -3.5708971, 40.4119934 ], [ -3.5706324, 40.4120456 ], [ -3.5702108, 40.4122009 ], [ -3.5687696, 40.4128339 ], [ -3.5679186, 40.4130543 ], [ -3.5647539, 40.4135565 ], [ -3.5640323, 40.4135356 ], [ -3.5625931, 40.4134162 ], [ -3.5618181, 40.4133985 ], [ -3.5612691, 40.4133617 ], [ -3.5608362, 40.4133326 ], [ -3.5602628, 40.4133238 ], [ -3.5593999, 40.4132372 ], [ -3.558829, 40.4131546 ], [ -3.5582839, 40.4130366 ], [ -3.5577646, 40.412889 ], [ -3.5568888, 40.4125192 ], [ -3.5561499, 40.4122734 ], [ -3.5552844, 40.4120373 ], [ -3.5546747, 40.4119842 ], [ -3.5541994, 40.4118976 ], [ -3.5533962, 40.4116717 ], [ -3.5521455, 40.4118504 ], [ -3.5513974, 40.41192 ], [ -3.5505412, 40.4119449 ], [ -3.5500529, 40.4120235 ], [ -3.5495723, 40.4121652 ], [ -3.5492625, 40.4123127 ], [ -3.54455, 40.4113508 ], [ -3.5443718, 40.4113292 ], [ -3.5439003, 40.4113294 ], [ -3.5433616, 40.4112701 ], [ -3.5430206, 40.4112013 ], [ -3.5424703, 40.4110321 ], [ -3.5417625, 40.4108708 ], [ -3.5413, 40.4107154 ], [ -3.5407652, 40.4106544 ], [ -3.5402124, 40.4106269 ], [ -3.5400341, 40.4106013 ], [ -3.5399127, 40.4105482 ], [ -3.53976, 40.4104261 ], [ -3.5397318, 40.4107548 ], [ -3.539737, 40.411158 ], [ -3.539768, 40.4114098 ], [ -3.5397366, 40.4114686 ], [ -3.5396553, 40.4115945 ], [ -3.5395794, 40.4116262 ], [ -3.5394973, 40.4116295 ], [ -3.5390808, 40.4115436 ], [ -3.5386738, 40.4114384 ], [ -3.5383757, 40.4114115 ], [ -3.5382799, 40.4114284 ], [ -3.5379593, 40.4116747 ], [ -3.5379001, 40.4117363 ], [ -3.537862, 40.4118206 ], [ -3.537888, 40.4121885 ], [ -3.5378486, 40.4122837 ], [ -3.5377865, 40.412354 ], [ -3.5376659, 40.4124237 ], [ -3.5374842, 40.4125074 ], [ -3.537309, 40.4125551 ], [ -3.5370384, 40.4125969 ], [ -3.53676, 40.4125999 ], [ -3.536474, 40.4125723 ], [ -3.5362057, 40.4125154 ], [ -3.5362286, 40.4126117 ], [ -3.536211, 40.4127163 ], [ -3.536164, 40.4128418 ], [ -3.5360659, 40.4129702 ], [ -3.5359677, 40.4130405 ], [ -3.535862, 40.4130956 ], [ -3.5357326, 40.4131369 ], [ -3.5356265, 40.4131503 ], [ -3.5351716, 40.4144134 ], [ -3.5344149, 40.4142421 ], [ -3.5339655, 40.4141774 ], [ -3.5333217, 40.41411 ], [ -3.5327887, 40.4141076 ], [ -3.5322965, 40.4141597 ], [ -3.5316854, 40.4142916 ], [ -3.5313036, 40.4144154 ], [ -3.5309531, 40.414563 ], [ -3.5307286, 40.4146422 ], [ -3.5304147, 40.4147078 ], [ -3.5302303, 40.4147088 ], [ -3.5305482, 40.4165621 ], [ -3.5308782, 40.4183949 ], [ -3.5311901, 40.4200833 ], [ -3.5276193, 40.4176856 ], [ -3.5269095, 40.4172892 ], [ -3.52647, 40.4170438 ], [ -3.5260471, 40.4168469 ], [ -3.5250587, 40.4162839 ], [ -3.5245106, 40.415359 ], [ -3.5228882, 40.4143192 ], [ -3.5225796, 40.4141214 ], [ -3.5222392, 40.4138077 ], [ -3.5209623, 40.4121288 ], [ -3.5207137, 40.4116874 ], [ -3.5204902, 40.4110962 ], [ -3.520302, 40.4105766 ], [ -3.5199737, 40.4101429 ], [ -3.5198151, 40.4099507 ], [ -3.5196396, 40.4097434 ], [ -3.5197137, 40.4097296 ], [ -3.5193921, 40.4094327 ], [ -3.5192027, 40.4092258 ], [ -3.5191406, 40.4090428 ], [ -3.5190627, 40.4089313 ], [ -3.5190765, 40.4088125 ], [ -3.5190849, 40.4086092 ], [ -3.5191908, 40.4080397 ], [ -3.5192888, 40.4074435 ], [ -3.5193078, 40.4068929 ], [ -3.5193223, 40.40643 ], [ -3.519232, 40.4059671 ], [ -3.5190861, 40.4049014 ], [ -3.5188102, 40.4040423 ], [ -3.5185105, 40.4035287 ], [ -3.518411, 40.4029747 ], [ -3.5183562, 40.402601 ], [ -3.5183264, 40.4021529 ], [ -3.518423, 40.4011468 ], [ -3.5185589, 40.4005219 ], [ -3.5186449, 40.4000189 ], [ -3.5190962, 40.3989567 ], [ -3.5196069, 40.3983072 ], [ -3.5197834, 40.3979298 ], [ -3.5201772, 40.3952836 ], [ -3.5203753, 40.3937225 ], [ -3.5203948, 40.3920974 ], [ -3.5214635, 40.3919753 ], [ -3.5225668, 40.3918683 ], [ -3.5243421, 40.3908434 ], [ -3.5247849, 40.3906581 ], [ -3.5268868, 40.389794 ], [ -3.5291492, 40.3893862 ], [ -3.5320834, 40.3914167 ], [ -3.5328644, 40.3916886 ], [ -3.533639, 40.3916247 ], [ -3.5368418, 40.3896045 ], [ -3.5377576, 40.389004 ], [ -3.5381342, 40.3887421 ], [ -3.538621, 40.3883941 ], [ -3.5389373, 40.3881538 ], [ -3.5389948, 40.3881115 ], [ -3.5395269, 40.3876922 ], [ -3.539608, 40.3876255 ], [ -3.5396723, 40.3875735 ], [ -3.5397639, 40.3874987 ], [ -3.5398279, 40.3874464 ], [ -3.5399093, 40.3873787 ], [ -3.5400175, 40.3872881 ], [ -3.54018, 40.387152 ], [ -3.5403416, 40.3870159 ], [ -3.5404397, 40.3869314 ], [ -3.5405518, 40.3868301 ], [ -3.5407154, 40.386681 ], [ -3.5409299, 40.3864853 ], [ -3.5411277, 40.3863042 ], [ -3.5412139, 40.386226 ], [ -3.541384, 40.3860682 ], [ -3.5415286, 40.3859343 ], [ -3.5416987, 40.3857761 ], [ -3.5418434, 40.3856422 ], [ -3.5448551, 40.3828245 ], [ -3.5477816, 40.3800883 ], [ -3.5492374, 40.3786774 ], [ -3.5496363, 40.378293 ], [ -3.5500284, 40.3778922 ], [ -3.5504993, 40.3773856 ], [ -3.5507001, 40.3771632 ], [ -3.5510569, 40.3767541 ], [ -3.5516099, 40.3760889 ], [ -3.5520017, 40.3755896 ], [ -3.5521752, 40.3753603 ], [ -3.5523601, 40.3751098 ], [ -3.552855, 40.3744085 ], [ -3.5529411, 40.3742809 ], [ -3.5530577, 40.374108 ], [ -3.5533868, 40.3736076 ], [ -3.5537243, 40.3730731 ], [ -3.5540274, 40.3725934 ], [ -3.5552478, 40.3706127 ], [ -3.5560118, 40.3694382 ], [ -3.5568041, 40.3682664 ], [ -3.5574136, 40.3674699 ], [ -3.5581411, 40.3665711 ], [ -3.5583994, 40.3662664 ], [ -3.5587096, 40.3659011 ], [ -3.5600129, 40.3645054 ], [ -3.560717, 40.3638196 ], [ -3.5613871, 40.3631986 ], [ -3.5619964, 40.3626628 ], [ -3.5624854, 40.3622407 ], [ -3.5633371, 40.3615474 ], [ -3.5639125, 40.3610899 ], [ -3.5644654, 40.3606582 ], [ -3.5646273, 40.3605353 ], [ -3.5650377, 40.3602185 ], [ -3.5652234, 40.3600762 ], [ -3.564981, 40.3600252 ], [ -3.5646961, 40.3599662 ], [ -3.5644373, 40.3599117 ], [ -3.5638708, 40.3597922 ], [ -3.563136, 40.3596288 ], [ -3.5621989, 40.3594148 ], [ -3.560913, 40.3590945 ], [ -3.5596547, 40.3587664 ], [ -3.5584706, 40.3584388 ], [ -3.5568198, 40.3579454 ], [ -3.5559278, 40.3576497 ], [ -3.5555161, 40.3574755 ], [ -3.5549235, 40.3571608 ], [ -3.554478, 40.356858 ], [ -3.5542511, 40.3566543 ], [ -3.5544952, 40.3568447 ], [ -3.5549311, 40.3571418 ], [ -3.5555089, 40.3574545 ], [ -3.5559816, 40.357638 ], [ -3.5568103, 40.3579156 ], [ -3.5584831, 40.3584001 ], [ -3.559667, 40.358741 ], [ -3.5613079, 40.3590414 ], [ -3.5623606, 40.3592499 ], [ -3.5642389, 40.3596412 ], [ -3.5652251, 40.3598622 ], [ -3.5658775, 40.3600408 ], [ -3.5666655, 40.3603136 ], [ -3.5673194, 40.3605435 ], [ -3.5680037, 40.360786 ], [ -3.5694264, 40.3613202 ], [ -3.5700186, 40.3615876 ], [ -3.5707289, 40.362035 ], [ -3.5717395, 40.3627215 ], [ -3.5749014, 40.3648692 ], [ -3.5767009, 40.3660414 ], [ -3.5772959, 40.3663612 ], [ -3.5778552, 40.366615 ], [ -3.5785433, 40.366815 ], [ -3.5789908, 40.3669149 ], [ -3.5797665, 40.3669641 ], [ -3.5808583, 40.3670404 ], [ -3.5826739, 40.3670872 ], [ -3.583792, 40.3671657 ], [ -3.584821, 40.3674031 ], [ -3.5855166, 40.3676663 ], [ -3.5866341, 40.368234 ], [ -3.5896785, 40.3698631 ], [ -3.5908695, 40.3705184 ], [ -3.5948048, 40.3724325 ], [ -3.596852, 40.3734115 ], [ -3.5978237, 40.3738997 ], [ -3.5983677, 40.3741465 ], [ -3.5990238, 40.374564 ], [ -3.5995078, 40.3749846 ], [ -3.6000067, 40.3755882 ], [ -3.6004078, 40.3762797 ], [ -3.6006914, 40.3767349 ], [ -3.60017, 40.3771115 ], [ -3.6000141, 40.3773221 ], [ -3.6000093, 40.3776393 ], [ -3.5998603, 40.3778448 ], [ -3.5996574, 40.3778639 ], [ -3.599505, 40.3779846 ], [ -3.5994089, 40.3781906 ], [ -3.5993397, 40.3783518 ], [ -3.5993067, 40.3784287 ], [ -3.5991925, 40.3786301 ], [ -3.5990062, 40.3788499 ], [ -3.598886, 40.3789735 ], [ -3.5986696, 40.3791292 ], [ -3.598339, 40.3793261 ], [ -3.5981347, 40.3794588 ], [ -3.5978937, 40.3796039 ], [ -3.5981413, 40.3799991 ], [ -3.5987736, 40.381032 ], [ -3.5989682, 40.3813499 ], [ -3.5993878, 40.3820407 ], [ -3.5996204, 40.3822482 ], [ -3.6001738, 40.3822482 ], [ -3.6003785, 40.3822768 ], [ -3.600678, 40.3824145 ], [ -3.601093, 40.3826911 ], [ -3.6012453, 40.3828955 ], [ -3.6013392, 40.3830885 ], [ -3.6013891, 40.3833254 ], [ -3.6013729, 40.3836287 ], [ -3.6012981, 40.383898 ], [ -3.6014778, 40.384557 ], [ -3.6016479, 40.384917 ], [ -3.6019829, 40.3856094 ], [ -3.602183, 40.3859703 ], [ -3.6025491, 40.3862237 ], [ -3.6031482, 40.3865451 ], [ -3.6032828, 40.386598 ], [ -3.6034142, 40.3866496 ], [ -3.6037496, 40.3866683 ], [ -3.6039815, 40.3866522 ], [ -3.604199, 40.3865872 ], [ -3.604755, 40.3863436 ], [ -3.6050557, 40.3861895 ], [ -3.6051862, 40.386085 ], [ -3.60524, 40.3860886 ], [ -3.605291, 40.386092 ], [ -3.6055041, 40.386294 ], [ -3.6056508, 40.3863588 ], [ -3.6058905, 40.3864647 ], [ -3.606444, 40.3862295 ], [ -3.6069854, 40.3866332 ], [ -3.6078094, 40.3871374 ], [ -3.6086797, 40.3875792 ], [ -3.6089741, 40.3877287 ], [ -3.609913, 40.3881116 ], [ -3.6108968, 40.3884283 ], [ -3.6120581, 40.3887008 ], [ -3.6142761, 40.3891742 ], [ -3.6218678, 40.3908009 ], [ -3.6229234, 40.3910663 ], [ -3.6242349, 40.391324 ], [ -3.6261256, 40.3916954 ], [ -3.6282116, 40.3922206 ], [ -3.6290194, 40.3923971 ], [ -3.6297953, 40.3925626 ] ] ] } },
{ "type": "Feature", "properties": { "district": "Barajas", "admin_level": "9" }, "geometry": { "type": "Polygon", "coordinates": [ [ [ -3.6279521, 40.4684978 ], [ -3.6275615, 40.4685136 ], [ -3.6271906, 40.4685409 ], [ -3.6243567, 40.4686861 ], [ -3.6244512, 40.4690245 ], [ -3.6246517, 40.4697421 ], [ -3.6246054, 40.4704152 ], [ -3.6243452, 40.4710576 ], [ -3.6240676, 40.4714976 ], [ -3.62379, 40.4718099 ], [ -3.6240993, 40.4725184 ], [ -3.6243654, 40.4731279 ], [ -3.6247317, 40.4734001 ], [ -3.6251747, 40.4747124 ], [ -3.625688, 40.4750542 ], [ -3.6257881, 40.4752211 ], [ -3.6258131, 40.4756594 ], [ -3.625913, 40.4763321 ], [ -3.6257554, 40.4769638 ], [ -3.6256338, 40.4814254 ], [ -3.6259007, 40.4822305 ], [ -3.6218124, 40.4822343 ], [ -3.6182173, 40.4822397 ], [ -3.6154833, 40.4850049 ], [ -3.6149893, 40.4849935 ], [ -3.6115547, 40.4849761 ], [ -3.6084064, 40.4849835 ], [ -3.60189, 40.4849581 ], [ -3.6019977, 40.5014749 ], [ -3.6019311, 40.501477 ], [ -3.6017244, 40.5014403 ], [ -3.6015659, 40.5015242 ], [ -3.6014016, 40.5016902 ], [ -3.6013109, 40.5017128 ], [ -3.6011179, 40.5017233 ], [ -3.6008836, 40.5016657 ], [ -3.60067, 40.5016552 ], [ -3.6002224, 40.5018062 ], [ -3.6000221, 40.5017652 ], [ -3.5998016, 40.5016237 ], [ -3.5995811, 40.5016971 ], [ -3.5994245, 40.5017057 ], [ -3.5988592, 40.5014277 ], [ -3.5986507, 40.5014246 ], [ -3.5984646, 40.5013355 ], [ -3.5982096, 40.5012726 ], [ -3.5975152, 40.5012368 ], [ -3.5962696, 40.5011885 ], [ -3.5957699, 40.501325 ], [ -3.59526, 40.5013093 ], [ -3.5948396, 40.5011783 ], [ -3.5942331, 40.5012464 ], [ -3.594109, 40.5013879 ], [ -3.5937369, 40.501477 ], [ -3.5933344, 40.5014052 ], [ -3.5932621, 40.5015777 ], [ -3.589383, 40.5043362 ], [ -3.589168, 40.5044851 ], [ -3.5869005, 40.5053476 ], [ -3.5847069, 40.5067217 ], [ -3.582984, 40.5084823 ], [ -3.5779324, 40.510357 ], [ -3.5759357, 40.5103674 ], [ -3.5721062, 40.5123682 ], [ -3.5649426, 40.5120506 ], [ -3.5616936, 40.5111491 ], [ -3.5616263, 40.5106865 ], [ -3.5585337, 40.5112384 ], [ -3.5548807, 40.5113314 ], [ -3.5542579, 40.5113309 ], [ -3.5551284, 40.5085721 ], [ -3.5549382, 40.505456 ], [ -3.5552156, 40.5031569 ], [ -3.5534056, 40.5024597 ], [ -3.5535706, 40.5021482 ], [ -3.5535992, 40.5020254 ], [ -3.5535832, 40.5017708 ], [ -3.553329, 40.5001096 ], [ -3.5532919, 40.499951 ], [ -3.5531706, 40.4997283 ], [ -3.5529159, 40.4994199 ], [ -3.5527878, 40.4992951 ], [ -3.5523713, 40.4989814 ], [ -3.5511108, 40.4981808 ], [ -3.5506239, 40.4979345 ], [ -3.5497943, 40.4976133 ], [ -3.5491993, 40.497426 ], [ -3.5468524, 40.4967238 ], [ -3.5459281, 40.4962868 ], [ -3.5455506, 40.4961205 ], [ -3.5444292, 40.4957732 ], [ -3.5442481, 40.4957115 ], [ -3.5439543, 40.4955686 ], [ -3.5429859, 40.4949051 ], [ -3.5422486, 40.4944669 ], [ -3.5420128, 40.4943044 ], [ -3.5418534, 40.4941758 ], [ -3.54178, 40.4940856 ], [ -3.5417098, 40.4939642 ], [ -3.541699, 40.4938061 ], [ -3.5418032, 40.4930968 ], [ -3.5417918, 40.4927722 ], [ -3.5417209, 40.4924476 ], [ -3.5416677, 40.4922853 ], [ -3.5415907, 40.4921456 ], [ -3.5413566, 40.4918097 ], [ -3.5412501, 40.49159 ], [ -3.5412265, 40.4914064 ], [ -3.541215, 40.4911158 ], [ -3.5412312, 40.4905283 ], [ -3.5412167, 40.4901495 ], [ -3.5410481, 40.4887558 ], [ -3.5410157, 40.4886339 ], [ -3.5409536, 40.48853 ], [ -3.5408732, 40.488442 ], [ -3.5407611, 40.488399 ], [ -3.5400118, 40.4881638 ], [ -3.5377054, 40.4870033 ], [ -3.5374163, 40.4868404 ], [ -3.5372132, 40.4867023 ], [ -3.5370202, 40.4865334 ], [ -3.5369427, 40.4864279 ], [ -3.5369052, 40.486268 ], [ -3.5369215, 40.4861482 ], [ -3.5371216, 40.4856452 ], [ -3.5372728, 40.485063 ], [ -3.5372826, 40.4848107 ], [ -3.537043, 40.4843523 ], [ -3.5368498, 40.4837946 ], [ -3.5362422, 40.4830677 ], [ -3.5358355, 40.4823579 ], [ -3.5352142, 40.4813788 ], [ -3.5347921, 40.4802276 ], [ -3.5348567, 40.4794525 ], [ -3.5346406, 40.478976 ], [ -3.534777, 40.4783177 ], [ -3.5344147, 40.4772653 ], [ -3.5343255, 40.4749414 ], [ -3.5343969, 40.4735267 ], [ -3.5342605, 40.4726895 ], [ -3.5340093, 40.4722492 ], [ -3.5334152, 40.4717114 ], [ -3.5317848, 40.4714035 ], [ -3.530947, 40.4713623 ], [ -3.5308309, 40.4712878 ], [ -3.5302204, 40.4710577 ], [ -3.5288742, 40.4707644 ], [ -3.5278125, 40.470625 ], [ -3.5265991, 40.4702788 ], [ -3.5258858, 40.4698726 ], [ -3.5256849, 40.4696659 ], [ -3.5253123, 40.4690334 ], [ -3.5250873, 40.4677375 ], [ -3.5263313, 40.4663104 ], [ -3.5268961, 40.4658082 ], [ -3.5281198, 40.4644941 ], [ -3.5284622, 40.4640961 ], [ -3.528924, 40.4634776 ], [ -3.5291822, 40.4627336 ], [ -3.5293313, 40.4621657 ], [ -3.5295431, 40.4615641 ], [ -3.5296562, 40.4610418 ], [ -3.5296931, 40.4606115 ], [ -3.5294176, 40.459233 ], [ -3.5293124, 40.458706 ], [ -3.5290942, 40.4584017 ], [ -3.5285858, 40.4578677 ], [ -3.5273655, 40.4568047 ], [ -3.52694, 40.456359 ], [ -3.5268126, 40.4559246 ], [ -3.5269144, 40.4556422 ], [ -3.5272735, 40.4554942 ], [ -3.5277544, 40.4552338 ], [ -3.5282113, 40.4549237 ], [ -3.528789, 40.4546745 ], [ -3.5294447, 40.454536 ], [ -3.5302172, 40.4543699 ], [ -3.5305304, 40.4544644 ], [ -3.530881, 40.454645 ], [ -3.5311919, 40.4547297 ], [ -3.5315763, 40.4547377 ], [ -3.5319102, 40.4547303 ], [ -3.5321918, 40.4546475 ], [ -3.5326528, 40.4544354 ], [ -3.5330082, 40.4541775 ], [ -3.5336484, 40.4535323 ], [ -3.5345645, 40.4525471 ], [ -3.5346387, 40.4521099 ], [ -3.5344323, 40.4517234 ], [ -3.534053, 40.4512827 ], [ -3.5338497, 40.4508155 ], [ -3.5338337, 40.4502837 ], [ -3.5335111, 40.4497931 ], [ -3.5333385, 40.4492406 ], [ -3.533239, 40.4486858 ], [ -3.5330508, 40.4481556 ], [ -3.5320115, 40.4469332 ], [ -3.5324304, 40.446826 ], [ -3.533856, 40.4465484 ], [ -3.5354915, 40.4464812 ], [ -3.5354923, 40.4466175 ], [ -3.5362829, 40.4468672 ], [ -3.5368645, 40.4470204 ], [ -3.5374735, 40.4471601 ], [ -3.5381946, 40.4472559 ], [ -3.5449286, 40.44815 ], [ -3.5482769, 40.4485269 ], [ -3.5541549, 40.4491873 ], [ -3.5558127, 40.449343 ], [ -3.5584693, 40.4494863 ], [ -3.5689768, 40.4497293 ], [ -3.5711872, 40.4497698 ], [ -3.5728982, 40.449776 ], [ -3.5801344, 40.4499046 ], [ -3.5820965, 40.4499231 ], [ -3.5831766, 40.4499497 ], [ -3.5880897, 40.4500162 ], [ -3.5895702, 40.4500293 ], [ -3.5906745, 40.4500367 ], [ -3.5938775, 40.4500992 ], [ -3.5971869, 40.4501164 ], [ -3.5986642, 40.4501523 ], [ -3.5996419, 40.4501581 ], [ -3.6001163, 40.4501794 ], [ -3.6007261, 40.4501407 ], [ -3.601358, 40.450089 ], [ -3.6034089, 40.4498768 ], [ -3.6041766, 40.4498304 ], [ -3.6047059, 40.44978 ], [ -3.6049069, 40.44973 ], [ -3.6058094, 40.4497346 ], [ -3.6077613, 40.4497511 ], [ -3.6060763, 40.450877 ], [ -3.6045742, 40.4518812 ], [ -3.6047352, 40.4521343 ], [ -3.6048961, 40.4523303 ], [ -3.6050678, 40.4524935 ], [ -3.6052287, 40.4526568 ], [ -3.6053686, 40.4527475 ], [ -3.6058326, 40.4530845 ], [ -3.6064739, 40.4534312 ], [ -3.607191, 40.4537073 ], [ -3.610393, 40.4547249 ], [ -3.6111904, 40.4549881 ], [ -3.6119708, 40.4552642 ], [ -3.6126205, 40.455537 ], [ -3.6132069, 40.4558291 ], [ -3.6147889, 40.4567215 ], [ -3.6159068, 40.4573443 ], [ -3.6166071, 40.457723 ], [ -3.6173649, 40.4581295 ], [ -3.6180373, 40.4584902 ], [ -3.6194548, 40.4593087 ], [ -3.6205727, 40.4599924 ], [ -3.6214586, 40.4606376 ], [ -3.6218763, 40.4610163 ], [ -3.622353, 40.4614818 ], [ -3.6226947, 40.4618701 ], [ -3.6232858, 40.4625727 ], [ -3.6243442, 40.4639243 ], [ -3.6253483, 40.4651953 ], [ -3.6265295, 40.4667006 ], [ -3.6275842, 40.4680582 ], [ -3.6279521, 40.4684978 ] ] ] } },
{ "type": "Feature", "properties": { "district": "Hortaleza", "admin_level": "9" }, "geometry": { "type": "Polygon", "coordinates": [ [ [ -3.6734578, 40.48406 ], [ -3.6734207, 40.4844766 ], [ -3.6732854, 40.4859639 ], [ -3.6731382, 40.4873778 ], [ -3.67296, 40.4884624 ], [ -3.6727132, 40.4894913 ], [ -3.6720184, 40.4909304 ], [ -3.6715496, 40.491532 ], [ -3.6712762, 40.4918553 ], [ -3.6710139, 40.492127 ], [ -3.670742, 40.4923878 ], [ -3.6700708, 40.4929465 ], [ -3.6642389, 40.4976286 ], [ -3.6632196, 40.4984767 ], [ -3.6627443, 40.4988625 ], [ -3.6622323, 40.4993804 ], [ -3.6615193, 40.5001346 ], [ -3.6592385, 40.5028351 ], [ -3.6589505, 40.503287 ], [ -3.6586397, 40.5037944 ], [ -3.6584066, 40.5043122 ], [ -3.6582192, 40.5048474 ], [ -3.6581186, 40.5054104 ], [ -3.6580958, 40.5058657 ], [ -3.6580912, 40.5062411 ], [ -3.6581583, 40.5074094 ], [ -3.658243, 40.5086171 ], [ -3.6582548, 40.5090281 ], [ -3.6582372, 40.5093855 ], [ -3.6582195, 40.5097205 ], [ -3.6581608, 40.5101137 ], [ -3.658102, 40.510404 ], [ -3.658008, 40.5107123 ], [ -3.657867, 40.5111009 ], [ -3.6577949, 40.5113768 ], [ -3.6575101, 40.5118695 ], [ -3.6558629, 40.5131585 ], [ -3.6547094, 40.5128706 ], [ -3.6536957, 40.5122662 ], [ -3.6523299, 40.5113572 ], [ -3.6523689, 40.5111881 ], [ -3.6503831, 40.5109579 ], [ -3.6492201, 40.5108529 ], [ -3.6486542, 40.510754 ], [ -3.6477768, 40.5103395 ], [ -3.646854, 40.5093926 ], [ -3.6459348, 40.5084961 ], [ -3.6456566, 40.5082994 ], [ -3.6448476, 40.5078909 ], [ -3.6447059, 40.5079601 ], [ -3.6444264, 40.508122 ], [ -3.6443508, 40.5080717 ], [ -3.6433893, 40.5079299 ], [ -3.6423478, 40.5081939 ], [ -3.6410723, 40.5081005 ], [ -3.6410798, 40.5079931 ], [ -3.6395038, 40.5078778 ], [ -3.6374977, 40.5078845 ], [ -3.6374852, 40.5078213 ], [ -3.6338712, 40.5077888 ], [ -3.6336619, 40.5077408 ], [ -3.6334263, 40.5076407 ], [ -3.6332908, 40.5075405 ], [ -3.631518, 40.5081072 ], [ -3.6303906, 40.5084295 ], [ -3.6285741, 40.5082555 ], [ -3.6278949, 40.5084533 ], [ -3.6264064, 40.5091609 ], [ -3.6259208, 40.5093221 ], [ -3.6253516, 40.509432 ], [ -3.6248191, 40.5093475 ], [ -3.6243, 40.509218 ], [ -3.6236017, 40.5090307 ], [ -3.6227523, 40.5090234 ], [ -3.6223727, 40.5091797 ], [ -3.6219941, 40.5094142 ], [ -3.6215542, 40.5097965 ], [ -3.6213055, 40.5099878 ], [ -3.6209096, 40.5101262 ], [ -3.6202169, 40.5101833 ], [ -3.6184285, 40.5100623 ], [ -3.6179285, 40.5101125 ], [ -3.6177532, 40.5100857 ], [ -3.616121, 40.5108336 ], [ -3.6157603, 40.5109452 ], [ -3.6150989, 40.5109811 ], [ -3.6142491, 40.5107387 ], [ -3.61403, 40.5103178 ], [ -3.6136155, 40.5098389 ], [ -3.6129636, 40.5094438 ], [ -3.6122062, 40.5091823 ], [ -3.6114235, 40.5091134 ], [ -3.6112629, 40.5090487 ], [ -3.6103571, 40.508311 ], [ -3.6098885, 40.5078277 ], [ -3.6093354, 40.5073821 ], [ -3.6084956, 40.5068397 ], [ -3.6077174, 40.5064365 ], [ -3.6068694, 40.5060884 ], [ -3.6063498, 40.5057011 ], [ -3.6061762, 40.5053958 ], [ -3.6059654, 40.5044435 ], [ -3.605764, 40.5040344 ], [ -3.6046056, 40.5029937 ], [ -3.6033574, 40.5017535 ], [ -3.6028416, 40.5014554 ], [ -3.6024273, 40.5013041 ], [ -3.6022895, 40.5012569 ], [ -3.6022068, 40.5012831 ], [ -3.6021655, 40.5013984 ], [ -3.6020965, 40.5014718 ], [ -3.6019977, 40.5014749 ], [ -3.60189, 40.4849581 ], [ -3.6084064, 40.4849835 ], [ -3.6115547, 40.4849761 ], [ -3.6149893, 40.4849935 ], [ -3.6154833, 40.4850049 ], [ -3.6182173, 40.4822397 ], [ -3.6218124, 40.4822343 ], [ -3.6259007, 40.4822305 ], [ -3.6256338, 40.4814254 ], [ -3.6257554, 40.4769638 ], [ -3.625913, 40.4763321 ], [ -3.6258131, 40.4756594 ], [ -3.6257881, 40.4752211 ], [ -3.625688, 40.4750542 ], [ -3.6251747, 40.4747124 ], [ -3.6247317, 40.4734001 ], [ -3.6243654, 40.4731279 ], [ -3.6240993, 40.4725184 ], [ -3.62379, 40.4718099 ], [ -3.6240676, 40.4714976 ], [ -3.6243452, 40.4710576 ], [ -3.6246054, 40.4704152 ], [ -3.6246517, 40.4697421 ], [ -3.6244512, 40.4690245 ], [ -3.6243567, 40.4686861 ], [ -3.6271906, 40.4685409 ], [ -3.6275615, 40.4685136 ], [ -3.6279521, 40.4684978 ], [ -3.6275842, 40.4680582 ], [ -3.6265295, 40.4667006 ], [ -3.6253483, 40.4651953 ], [ -3.6243442, 40.4639243 ], [ -3.6232858, 40.4625727 ], [ -3.6226947, 40.4618701 ], [ -3.622353, 40.4614818 ], [ -3.6218763, 40.4610163 ], [ -3.6214586, 40.4606376 ], [ -3.6205727, 40.4599924 ], [ -3.6194548, 40.4593087 ], [ -3.6180373, 40.4584902 ], [ -3.6173649, 40.4581295 ], [ -3.6166071, 40.457723 ], [ -3.6159068, 40.4573443 ], [ -3.6147889, 40.4567215 ], [ -3.6132069, 40.4558291 ], [ -3.6126205, 40.455537 ], [ -3.6119708, 40.4552642 ], [ -3.6111904, 40.4549881 ], [ -3.610393, 40.4547249 ], [ -3.607191, 40.4537073 ], [ -3.6064739, 40.4534312 ], [ -3.6058326, 40.4530845 ], [ -3.6053686, 40.4527475 ], [ -3.6052287, 40.4526568 ], [ -3.6050678, 40.4524935 ], [ -3.6048961, 40.4523303 ], [ -3.6047352, 40.4521343 ], [ -3.6045742, 40.4518812 ], [ -3.6060763, 40.450877 ], [ -3.6077613, 40.4497511 ], [ -3.6082179, 40.4497549 ], [ -3.6096933, 40.4497378 ], [ -3.6115536, 40.4497146 ], [ -3.6139806, 40.4497362 ], [ -3.6150869, 40.4497402 ], [ -3.6165538, 40.44973 ], [ -3.6182728, 40.4497081 ], [ -3.6199969, 40.4496976 ], [ -3.620948, 40.4496654 ], [ -3.6225871, 40.4496237 ], [ -3.6244114, 40.4495989 ], [ -3.6262807, 40.4495643 ], [ -3.6276959, 40.4495039 ], [ -3.6297996, 40.4494208 ], [ -3.6305319, 40.44936 ], [ -3.6312543, 40.4492962 ], [ -3.6320204, 40.4492028 ], [ -3.6330855, 40.4490591 ], [ -3.6337177, 40.4489127 ], [ -3.6347895, 40.4487455 ], [ -3.6355456, 40.4486157 ], [ -3.6362445, 40.4485532 ], [ -3.6369955, 40.4485438 ], [ -3.6376991, 40.4485489 ], [ -3.6382745, 40.4485842 ], [ -3.638787, 40.4486507 ], [ -3.6445348, 40.4495616 ], [ -3.6459914, 40.4497237 ], [ -3.6463474, 40.4497153 ], [ -3.6469126, 40.4496775 ], [ -3.647011, 40.4496789 ], [ -3.6477775, 40.4494723 ], [ -3.6480467, 40.4494606 ], [ -3.6500816, 40.4520793 ], [ -3.6513826, 40.4537808 ], [ -3.6541529, 40.4569062 ], [ -3.6563099, 40.4594232 ], [ -3.6603194, 40.4621799 ], [ -3.661947, 40.4633162 ], [ -3.6620284, 40.4633916 ], [ -3.6621098, 40.463467 ], [ -3.662485, 40.4640809 ], [ -3.662669, 40.464614 ], [ -3.663435, 40.4675053 ], [ -3.6654475, 40.4749794 ], [ -3.6656192, 40.4756976 ], [ -3.6656514, 40.4761709 ], [ -3.6656728, 40.4764892 ], [ -3.6656407, 40.4768564 ], [ -3.6655763, 40.4772074 ], [ -3.665469, 40.4775093 ], [ -3.665351, 40.4777705 ], [ -3.6651579, 40.4780643 ], [ -3.664836, 40.4783581 ], [ -3.6612353, 40.4819862 ], [ -3.6597198, 40.482966 ], [ -3.660655, 40.4831275 ], [ -3.662078, 40.4833632 ], [ -3.6640976, 40.4836905 ], [ -3.6654491, 40.4838862 ], [ -3.6671096, 40.4840627 ], [ -3.6679577, 40.4841306 ], [ -3.6686004, 40.4841442 ], [ -3.6692968, 40.4841782 ], [ -3.6698681, 40.4841714 ], [ -3.6704841, 40.4841646 ], [ -3.6717429, 40.4841171 ], [ -3.6726098, 40.4840927 ], [ -3.6734578, 40.48406 ] ] ] } },
{ "type": "Feature", "properties": { "district": "Carabanchel", "admin_level": "9" }, "geometry": { "type": "Polygon", "coordinates": [ [ [ -3.7716237, 40.3598245 ], [ -3.7714933, 40.3599288 ], [ -3.7709762, 40.3603407 ], [ -3.7707445, 40.3605472 ], [ -3.7705248, 40.3606209 ], [ -3.768961, 40.362048 ], [ -3.7667202, 40.3640928 ], [ -3.7636827, 40.3657778 ], [ -3.7618057, 40.3668959 ], [ -3.7621592, 40.3674895 ], [ -3.7629095, 40.3687858 ], [ -3.762943, 40.3690218 ], [ -3.7622475, 40.3726228 ], [ -3.761844, 40.3744375 ], [ -3.760016, 40.3748846 ], [ -3.7588903, 40.3752296 ], [ -3.7578772, 40.3755401 ], [ -3.7579305, 40.3758306 ], [ -3.7579108, 40.3759194 ], [ -3.757862, 40.37614 ], [ -3.7578138, 40.3763125 ], [ -3.7577508, 40.376538 ], [ -3.7575819, 40.3769088 ], [ -3.7574224, 40.3771738 ], [ -3.7572419, 40.3774738 ], [ -3.7567716, 40.3779955 ], [ -3.7559502, 40.3785524 ], [ -3.7564009, 40.3795955 ], [ -3.7568336, 40.3804507 ], [ -3.7574355, 40.3814629 ], [ -3.7578769, 40.3822051 ], [ -3.758366, 40.3828191 ], [ -3.7588528, 40.3832299 ], [ -3.7593061, 40.3836301 ], [ -3.7586499, 40.3841089 ], [ -3.7556321, 40.3836477 ], [ -3.7547828, 40.383592 ], [ -3.7535896, 40.3835325 ], [ -3.7530375, 40.3835483 ], [ -3.7517076, 40.3841071 ], [ -3.7515875, 40.3841576 ], [ -3.7495468, 40.3853256 ], [ -3.7495161, 40.3853443 ], [ -3.7468684, 40.3869471 ], [ -3.7461847, 40.3873611 ], [ -3.7453521, 40.3878651 ], [ -3.7451325, 40.3879171 ], [ -3.7448987, 40.3879723 ], [ -3.7447357, 40.3880108 ], [ -3.7444324, 40.3886531 ], [ -3.7438145, 40.3899621 ], [ -3.743571, 40.3904079 ], [ -3.7432745, 40.3907525 ], [ -3.7428478, 40.3913546 ], [ -3.7422498, 40.3918996 ], [ -3.7408786, 40.393001 ], [ -3.74084, 40.3930306 ], [ -3.7397611, 40.3938574 ], [ -3.7391646, 40.3942937 ], [ -3.7391502, 40.3943043 ], [ -3.7389782, 40.3944301 ], [ -3.7387063, 40.3947157 ], [ -3.7386309, 40.3947948 ], [ -3.7385656, 40.3948929 ], [ -3.7384313, 40.3950946 ], [ -3.7383211, 40.39526 ], [ -3.7378651, 40.3959454 ], [ -3.7375949, 40.3962264 ], [ -3.7375088, 40.396316 ], [ -3.7371136, 40.396727 ], [ -3.7347639, 40.3985408 ], [ -3.7341147, 40.3990278 ], [ -3.7335064, 40.3994841 ], [ -3.7321253, 40.40052 ], [ -3.7309029, 40.401437 ], [ -3.7303138, 40.4018841 ], [ -3.7303088, 40.4018879 ], [ -3.7295924, 40.4024316 ], [ -3.7286181, 40.4028892 ], [ -3.728327, 40.403191 ], [ -3.7283266, 40.4031915 ], [ -3.7281568, 40.4033676 ], [ -3.7277908, 40.4036906 ], [ -3.7275871, 40.4038702 ], [ -3.7270768, 40.4041349 ], [ -3.726819, 40.4043423 ], [ -3.7266301, 40.4044943 ], [ -3.7263383, 40.4048288 ], [ -3.7261866, 40.404952 ], [ -3.7259991, 40.4051043 ], [ -3.7256566, 40.4053191 ], [ -3.7255205, 40.4054044 ], [ -3.7251798, 40.4054948 ], [ -3.7250712, 40.4055236 ], [ -3.7246509, 40.4054936 ], [ -3.7247706, 40.4050418 ], [ -3.7247641, 40.4045438 ], [ -3.7227955, 40.4045242 ], [ -3.7225793, 40.4037852 ], [ -3.7223979, 40.4025663 ], [ -3.7222517, 40.4020737 ], [ -3.7222189, 40.4019631 ], [ -3.7220637, 40.4016008 ], [ -3.7219488, 40.4013327 ], [ -3.7218355, 40.4011502 ], [ -3.7217083, 40.4009453 ], [ -3.7215471, 40.400824 ], [ -3.7214024, 40.4007152 ], [ -3.7211314, 40.4005113 ], [ -3.7203547, 40.4000855 ], [ -3.7199898, 40.3999489 ], [ -3.7197348, 40.399895 ], [ -3.7193163, 40.3998351 ], [ -3.7190074, 40.3998301 ], [ -3.7189633, 40.3998334 ], [ -3.71731, 40.3999586 ], [ -3.7170739, 40.3999809 ], [ -3.7167743, 40.3999967 ], [ -3.7164199, 40.3999849 ], [ -3.7159014, 40.3999188 ], [ -3.7148992, 40.399668 ], [ -3.7140534, 40.3993462 ], [ -3.7134475, 40.3989593 ], [ -3.713184, 40.3987439 ], [ -3.7127372, 40.398356 ], [ -3.7121646, 40.3978908 ], [ -3.7113866, 40.3973313 ], [ -3.7108042, 40.3970136 ], [ -3.7102944, 40.3968007 ], [ -3.7096981, 40.3965517 ], [ -3.7087857, 40.396277 ], [ -3.7082288, 40.3961093 ], [ -3.707344, 40.3958948 ], [ -3.7046407, 40.395234 ], [ -3.7063, 40.3932644 ], [ -3.706777, 40.3927502 ], [ -3.7072294, 40.3922887 ], [ -3.7075356, 40.3920189 ], [ -3.7079371, 40.391704 ], [ -3.7081328, 40.3915784 ], [ -3.7082794, 40.3914874 ], [ -3.7084503, 40.3913986 ], [ -3.7086884, 40.3912802 ], [ -3.7087782, 40.3912355 ], [ -3.7087948, 40.3912272 ], [ -3.7090065, 40.3911359 ], [ -3.7091054, 40.3910932 ], [ -3.7094835, 40.390948 ], [ -3.7094844, 40.3909476 ], [ -3.7102484, 40.3906446 ], [ -3.7118835, 40.3899953 ], [ -3.712009, 40.3899459 ], [ -3.7128787, 40.3895249 ], [ -3.7130124, 40.3894291 ], [ -3.7133566, 40.3891835 ], [ -3.7136831, 40.3889106 ], [ -3.7138974, 40.3887132 ], [ -3.7142318, 40.3884026 ], [ -3.7145961, 40.3880451 ], [ -3.7150229, 40.3876465 ], [ -3.7154286, 40.3872675 ], [ -3.7163914, 40.3863685 ], [ -3.7168707, 40.3859207 ], [ -3.7175556, 40.3852809 ], [ -3.7182162, 40.3833139 ], [ -3.7183523, 40.3828904 ], [ -3.7187285, 40.3815398 ], [ -3.7189601, 40.3803928 ], [ -3.7190356, 40.3796528 ], [ -3.7193678, 40.3763958 ], [ -3.7197129, 40.374148 ], [ -3.719713, 40.3741472 ], [ -3.7197644, 40.3738093 ], [ -3.7201936, 40.370691 ], [ -3.7204373, 40.3678731 ], [ -3.7207166, 40.3664422 ], [ -3.7208913, 40.3655479 ], [ -3.72346, 40.365372 ], [ -3.7271148, 40.3645421 ], [ -3.730557, 40.3633447 ], [ -3.7341266, 40.3625505 ], [ -3.7385563, 40.3615472 ], [ -3.7433841, 40.3604702 ], [ -3.7466753, 40.3597782 ], [ -3.7503651, 40.3589592 ], [ -3.7544157, 40.3579871 ], [ -3.7577072, 40.3572607 ], [ -3.7615189, 40.3579404 ], [ -3.7662476, 40.3587656 ], [ -3.770431, 40.3597021 ], [ -3.7711487, 40.3598627 ], [ -3.7716237, 40.3598245 ] ] ] } },
{ "type": "Feature", "properties": { "district": "Latina", "admin_level": "9" }, "geometry": { "type": "Polygon", "coordinates": [ [ [ -3.834162, 40.3960582 ], [ -3.8339786, 40.3961342 ], [ -3.8338094, 40.3961735 ], [ -3.8336148, 40.3961569 ], [ -3.8328519, 40.3960539 ], [ -3.8321201, 40.3960305 ], [ -3.8310171, 40.3961516 ], [ -3.8299509, 40.3963556 ], [ -3.8289864, 40.3964118 ], [ -3.8287185, 40.3964111 ], [ -3.8283262, 40.3964015 ], [ -3.8278173, 40.3963803 ], [ -3.8269547, 40.3964051 ], [ -3.826265, 40.3964576 ], [ -3.825768, 40.3965092 ], [ -3.8253066, 40.3965692 ], [ -3.8248398, 40.3965744 ], [ -3.8245394, 40.3965657 ], [ -3.8239217, 40.3965549 ], [ -3.8233168, 40.3965062 ], [ -3.823145, 40.3965049 ], [ -3.8229373, 40.3965291 ], [ -3.8225944, 40.396577 ], [ -3.8223187, 40.3966238 ], [ -3.8219019, 40.3966353 ], [ -3.8214855, 40.3966207 ], [ -3.8206626, 40.3966177 ], [ -3.8193102, 40.3963659 ], [ -3.8182651, 40.3959554 ], [ -3.8148521, 40.3940331 ], [ -3.8108622, 40.3928047 ], [ -3.8084141, 40.3924144 ], [ -3.8042572, 40.3920568 ], [ -3.7964659, 40.3922649 ], [ -3.7937887, 40.3936341 ], [ -3.7885871, 40.3939729 ], [ -3.7893944, 40.3924188 ], [ -3.7867592, 40.3928269 ], [ -3.7814847, 40.3941828 ], [ -3.7807147, 40.3953369 ], [ -3.7802573, 40.3956818 ], [ -3.7801091, 40.3958373 ], [ -3.7796751, 40.3968453 ], [ -3.7781135, 40.3976555 ], [ -3.7781087, 40.3980446 ], [ -3.7776503, 40.3991361 ], [ -3.7775965, 40.3991646 ], [ -3.775853, 40.4000885 ], [ -3.7745596, 40.4003063 ], [ -3.7745599, 40.4003146 ], [ -3.7745544, 40.4003146 ], [ -3.7738292, 40.4002712 ], [ -3.77372, 40.4002454 ], [ -3.7705932, 40.3994937 ], [ -3.7692786, 40.3996027 ], [ -3.7670106, 40.3992365 ], [ -3.7656842, 40.3992705 ], [ -3.7655034, 40.3991031 ], [ -3.7647455, 40.3993007 ], [ -3.7643588, 40.3994015 ], [ -3.7627368, 40.4006895 ], [ -3.7623921, 40.4009315 ], [ -3.7622749, 40.4009916 ], [ -3.7608053, 40.4028805 ], [ -3.7604444, 40.4033624 ], [ -3.7602266, 40.4036402 ], [ -3.75986, 40.4039649 ], [ -3.7597552, 40.40406 ], [ -3.7576589, 40.4052797 ], [ -3.757354, 40.4054515 ], [ -3.757058, 40.4056183 ], [ -3.7568812, 40.4056775 ], [ -3.7567232, 40.4057123 ], [ -3.7565015, 40.4057381 ], [ -3.7562799, 40.4057493 ], [ -3.7561152, 40.4057698 ], [ -3.7559509, 40.4058096 ], [ -3.755689, 40.4058999 ], [ -3.7549119, 40.4063071 ], [ -3.7529106, 40.4073285 ], [ -3.7526545, 40.4074541 ], [ -3.7520639, 40.4077374 ], [ -3.7505344, 40.4083452 ], [ -3.7498663, 40.4084459 ], [ -3.7478886, 40.4087196 ], [ -3.7474751, 40.4087741 ], [ -3.7447445, 40.4091337 ], [ -3.7447033, 40.4091391 ], [ -3.7446672, 40.4091438 ], [ -3.7446076, 40.4092212 ], [ -3.7445745, 40.4092555 ], [ -3.7444967, 40.4092871 ], [ -3.7444684, 40.4092979 ], [ -3.7444042, 40.4093219 ], [ -3.7439371, 40.4094345 ], [ -3.743859, 40.4094533 ], [ -3.7435587, 40.4095206 ], [ -3.7433288, 40.4095675 ], [ -3.7432556, 40.4095729 ], [ -3.7432024, 40.4095769 ], [ -3.7431839, 40.4095755 ], [ -3.7431354, 40.4095716 ], [ -3.7430461, 40.4095638 ], [ -3.7428786, 40.4095365 ], [ -3.742543, 40.4094476 ], [ -3.7424508, 40.4094204 ], [ -3.7423639, 40.4093947 ], [ -3.7422333, 40.4093501 ], [ -3.7420728, 40.4092886 ], [ -3.7419861, 40.4092559 ], [ -3.7418535, 40.409206 ], [ -3.738528, 40.4110583 ], [ -3.7379194, 40.411466 ], [ -3.7341843, 40.4127955 ], [ -3.7337305, 40.4129567 ], [ -3.7327998, 40.4132872 ], [ -3.7295751, 40.4144324 ], [ -3.7262178, 40.415666 ], [ -3.7248606, 40.4161646 ], [ -3.7223791, 40.417175 ], [ -3.7227019, 40.4160874 ], [ -3.7228227, 40.4155182 ], [ -3.7228979, 40.4149805 ], [ -3.7229125, 40.4140254 ], [ -3.7229417, 40.4132523 ], [ -3.7228168, 40.412362 ], [ -3.7221687, 40.4103825 ], [ -3.7219319, 40.4097391 ], [ -3.7217886, 40.4090942 ], [ -3.7218228, 40.4085054 ], [ -3.7222184, 40.4071743 ], [ -3.7222608, 40.4070507 ], [ -3.7223664, 40.4067431 ], [ -3.7226482, 40.4058264 ], [ -3.7227425, 40.4052183 ], [ -3.7227955, 40.4045242 ], [ -3.7247641, 40.4045438 ], [ -3.7247706, 40.4050418 ], [ -3.7246509, 40.4054936 ], [ -3.7250712, 40.4055236 ], [ -3.7251798, 40.4054948 ], [ -3.7255205, 40.4054044 ], [ -3.7256566, 40.4053191 ], [ -3.7259991, 40.4051043 ], [ -3.7261866, 40.404952 ], [ -3.7263383, 40.4048288 ], [ -3.7266301, 40.4044943 ], [ -3.726819, 40.4043423 ], [ -3.7270768, 40.4041349 ], [ -3.7275871, 40.4038702 ], [ -3.7277908, 40.4036906 ], [ -3.7281568, 40.4033676 ], [ -3.7283266, 40.4031915 ], [ -3.728327, 40.403191 ], [ -3.7286181, 40.4028892 ], [ -3.7295924, 40.4024316 ], [ -3.7303088, 40.4018879 ], [ -3.7303138, 40.4018841 ], [ -3.7309029, 40.401437 ], [ -3.7321253, 40.40052 ], [ -3.7335064, 40.3994841 ], [ -3.7341147, 40.3990278 ], [ -3.7347639, 40.3985408 ], [ -3.7371136, 40.396727 ], [ -3.7375088, 40.396316 ], [ -3.7375949, 40.3962264 ], [ -3.7378651, 40.3959454 ], [ -3.7383211, 40.39526 ], [ -3.7384313, 40.3950946 ], [ -3.7385656, 40.3948929 ], [ -3.7386309, 40.3947948 ], [ -3.7387063, 40.3947157 ], [ -3.7389782, 40.3944301 ], [ -3.7391502, 40.3943043 ], [ -3.7391646, 40.3942937 ], [ -3.7397611, 40.3938574 ], [ -3.74084, 40.3930306 ], [ -3.7408786, 40.393001 ], [ -3.7422498, 40.3918996 ], [ -3.7428478, 40.3913546 ], [ -3.7432745, 40.3907525 ], [ -3.743571, 40.3904079 ], [ -3.7438145, 40.3899621 ], [ -3.7444324, 40.3886531 ], [ -3.7447357, 40.3880108 ], [ -3.7448987, 40.3879723 ], [ -3.7451325, 40.3879171 ], [ -3.7453521, 40.3878651 ], [ -3.7461847, 40.3873611 ], [ -3.7468684, 40.3869471 ], [ -3.7495161, 40.3853443 ], [ -3.7495468, 40.3853256 ], [ -3.7515875, 40.3841576 ], [ -3.7517076, 40.3841071 ], [ -3.7530375, 40.3835483 ], [ -3.7535896, 40.3835325 ], [ -3.7547828, 40.383592 ], [ -3.7556321, 40.3836477 ], [ -3.7586499, 40.3841089 ], [ -3.7593061, 40.3836301 ], [ -3.7588528, 40.3832299 ], [ -3.758366, 40.3828191 ], [ -3.7578769, 40.3822051 ], [ -3.7574355, 40.3814629 ], [ -3.7568336, 40.3804507 ], [ -3.7564009, 40.3795955 ], [ -3.7559502, 40.3785524 ], [ -3.7567716, 40.3779955 ], [ -3.7572419, 40.3774738 ], [ -3.7574224, 40.3771738 ], [ -3.7575819, 40.3769088 ], [ -3.7577508, 40.376538 ], [ -3.7578138, 40.3763125 ], [ -3.757862, 40.37614 ], [ -3.7579108, 40.3759194 ], [ -3.7579305, 40.3758306 ], [ -3.7578772, 40.3755401 ], [ -3.7588903, 40.3752296 ], [ -3.760016, 40.3748846 ], [ -3.761844, 40.3744375 ], [ -3.7622475, 40.3726228 ], [ -3.762943, 40.3690218 ], [ -3.7629095, 40.3687858 ], [ -3.7621592, 40.3674895 ], [ -3.7618057, 40.3668959 ], [ -3.7636827, 40.3657778 ], [ -3.7667202, 40.3640928 ], [ -3.768961, 40.362048 ], [ -3.7705248, 40.3606209 ], [ -3.7707445, 40.3605472 ], [ -3.7709762, 40.3603407 ], [ -3.7714933, 40.3599288 ], [ -3.7716237, 40.3598245 ], [ -3.7718552, 40.3594954 ], [ -3.7736057, 40.3606076 ], [ -3.7766987, 40.3612535 ], [ -3.7804983, 40.3618947 ], [ -3.7812502, 40.3617364 ], [ -3.7841669, 40.3603653 ], [ -3.7878994, 40.3587513 ], [ -3.7894381, 40.3592898 ], [ -3.7900099, 40.3594968 ], [ -3.7924497, 40.3606693 ], [ -3.7931968, 40.3611146 ], [ -3.7953966, 40.3619014 ], [ -3.8028103, 40.3633817 ], [ -3.8037253, 40.3640691 ], [ -3.8069304, 40.3664529 ], [ -3.8105153, 40.3637165 ], [ -3.8108952, 40.3645961 ], [ -3.811425, 40.365623 ], [ -3.811821, 40.3663755 ], [ -3.8120763, 40.3669795 ], [ -3.8122009, 40.367336 ], [ -3.8128112, 40.3687324 ], [ -3.8132116, 40.3696034 ], [ -3.8132895, 40.3698328 ], [ -3.8134599, 40.3700433 ], [ -3.8142084, 40.3710138 ], [ -3.8149478, 40.3719125 ], [ -3.815369, 40.3724968 ], [ -3.8166478, 40.3740096 ], [ -3.8170715, 40.3744807 ], [ -3.8172123, 40.3746198 ], [ -3.8175443, 40.3750013 ], [ -3.8177092, 40.3751654 ], [ -3.8178779, 40.3753438 ], [ -3.8180745, 40.3755759 ], [ -3.8186521, 40.3762162 ], [ -3.8196515, 40.3773416 ], [ -3.8201875, 40.3779689 ], [ -3.8205826, 40.3784549 ], [ -3.8210123, 40.3789194 ], [ -3.8213048, 40.3792253 ], [ -3.8215053, 40.3793769 ], [ -3.8216679, 40.3794913 ], [ -3.821913, 40.3796819 ], [ -3.8220622, 40.3798267 ], [ -3.8223916, 40.3801692 ], [ -3.8227776, 40.3805346 ], [ -3.8232008, 40.3811052 ], [ -3.8237289, 40.382137 ], [ -3.8289625, 40.3884491 ], [ -3.8293682, 40.3889778 ], [ -3.8295008, 40.3891592 ], [ -3.8298562, 40.3896122 ], [ -3.8302297, 40.3900984 ], [ -3.8302349, 40.3901088 ], [ -3.8302325, 40.3901286 ], [ -3.8301869, 40.3901702 ], [ -3.8301901, 40.3901847 ], [ -3.8301931, 40.3901833 ], [ -3.8303352, 40.3903649 ], [ -3.8308682, 40.3910519 ], [ -3.8309073, 40.3910338 ], [ -3.8309093, 40.3910365 ], [ -3.8309138, 40.3910345 ], [ -3.8319266, 40.3924087 ], [ -3.8320938, 40.3926469 ], [ -3.8323017, 40.3929688 ], [ -3.8325123, 40.3933274 ], [ -3.8326522, 40.3935912 ], [ -3.8326576, 40.3935895 ], [ -3.8327036, 40.3936537 ], [ -3.8327574, 40.3937489 ], [ -3.8328139, 40.393866 ], [ -3.832905, 40.3940735 ], [ -3.8329715, 40.3942453 ], [ -3.833079, 40.3945018 ], [ -3.8334597, 40.3954634 ], [ -3.8334564, 40.3954732 ], [ -3.834162, 40.3960582 ] ] ] } },
{ "type": "Feature", "properties": { "district": "Moncloa-Aravaca", "admin_level": "9" }, "geometry": { "type": "Polygon", "coordinates": [ [ [ -3.8367451, 40.4750246 ], [ -3.8374829, 40.4755327 ], [ -3.8374153, 40.4758388 ], [ -3.83681, 40.4787382 ], [ -3.8366423, 40.4795873 ], [ -3.8326773, 40.4784582 ], [ -3.8274791, 40.476978 ], [ -3.8001755, 40.4692023 ], [ -3.7993721, 40.4693727 ], [ -3.7975948, 40.4694831 ], [ -3.7952461, 40.4699382 ], [ -3.7945221, 40.4701123 ], [ -3.7923269, 40.4708247 ], [ -3.7918949, 40.4710212 ], [ -3.7909708, 40.4715562 ], [ -3.789862, 40.4719751 ], [ -3.7881525, 40.4725152 ], [ -3.7861039, 40.4730929 ], [ -3.7831999, 40.4738111 ], [ -3.7817685, 40.4743727 ], [ -3.7809774, 40.4746174 ], [ -3.7711645, 40.4744976 ], [ -3.7664655, 40.4740767 ], [ -3.7664257, 40.4740554 ], [ -3.7656834, 40.473882 ], [ -3.7637218, 40.4734237 ], [ -3.7636309, 40.4734025 ], [ -3.762609, 40.4732661 ], [ -3.7626434, 40.4724711 ], [ -3.7623048, 40.4724311 ], [ -3.7619119, 40.4723843 ], [ -3.7613131, 40.4724114 ], [ -3.7610565, 40.4724276 ], [ -3.7607784, 40.4724222 ], [ -3.7605788, 40.4724548 ], [ -3.7601725, 40.4723734 ], [ -3.7598303, 40.4723409 ], [ -3.759424, 40.4725253 ], [ -3.7587254, 40.4726608 ], [ -3.758646, 40.4728788 ], [ -3.758291, 40.4730481 ], [ -3.7582539, 40.4733241 ], [ -3.7582718, 40.4734942 ], [ -3.758314, 40.473591 ], [ -3.759044, 40.4740787 ], [ -3.7587545, 40.4741 ], [ -3.7584276, 40.4742137 ], [ -3.7582127, 40.4744126 ], [ -3.7577074, 40.4787188 ], [ -3.7574596, 40.479268 ], [ -3.7576932, 40.4799733 ], [ -3.7572048, 40.4800433 ], [ -3.7566102, 40.480291 ], [ -3.7559095, 40.4801402 ], [ -3.7547158, 40.4795702 ], [ -3.7543175, 40.4794309 ], [ -3.7542927, 40.4791171 ], [ -3.754534, 40.4786976 ], [ -3.7540904, 40.4786444 ], [ -3.7526308, 40.4786681 ], [ -3.7515667, 40.4786803 ], [ -3.7517564, 40.4768684 ], [ -3.751782, 40.4766238 ], [ -3.7517982, 40.4760458 ], [ -3.7518036, 40.4758532 ], [ -3.7517304, 40.4749527 ], [ -3.7515659, 40.4737314 ], [ -3.7507568, 40.4711663 ], [ -3.7505493, 40.4711877 ], [ -3.7506481, 40.471579 ], [ -3.7506597, 40.4720549 ], [ -3.7506042, 40.4724974 ], [ -3.7504405, 40.472891 ], [ -3.7502417, 40.473209 ], [ -3.7498705, 40.4735559 ], [ -3.7494905, 40.4738672 ], [ -3.7489818, 40.4741496 ], [ -3.7484557, 40.4743119 ], [ -3.7480932, 40.4743853 ], [ -3.7474672, 40.4744697 ], [ -3.7473507, 40.4744854 ], [ -3.7467515, 40.4745076 ], [ -3.7447783, 40.4745143 ], [ -3.7421942, 40.4744498 ], [ -3.7414897, 40.4744231 ], [ -3.7408298, 40.4743457 ], [ -3.7402006, 40.4741941 ], [ -3.735964, 40.473168 ], [ -3.7356066, 40.47308 ], [ -3.7352146, 40.4729834 ], [ -3.734606, 40.4728901 ], [ -3.734576, 40.4728855 ], [ -3.7333382, 40.4727222 ], [ -3.732685, 40.4726597 ], [ -3.7320637, 40.4726093 ], [ -3.7314631, 40.4726058 ], [ -3.730803, 40.4726041 ], [ -3.7301973, 40.4726709 ], [ -3.7296031, 40.4727237 ], [ -3.7289755, 40.4728056 ], [ -3.728438, 40.4728854 ], [ -3.7281377, 40.4726162 ], [ -3.7279241, 40.4725147 ], [ -3.7277785, 40.4724763 ], [ -3.7276261, 40.4724512 ], [ -3.7274845, 40.472444 ], [ -3.7273509, 40.4724447 ], [ -3.727243, 40.4724552 ], [ -3.7271282, 40.4724738 ], [ -3.7268223, 40.4725494 ], [ -3.7265708, 40.4725878 ], [ -3.7264393, 40.4726045 ], [ -3.7263027, 40.4726098 ], [ -3.725961, 40.4726157 ], [ -3.7256562, 40.4725832 ], [ -3.7255333, 40.4725651 ], [ -3.7254101, 40.4725413 ], [ -3.725159, 40.4724811 ], [ -3.7244503, 40.4722888 ], [ -3.7234766, 40.4720375 ], [ -3.7230526, 40.4719283 ], [ -3.7227364, 40.471845 ], [ -3.7206796, 40.4713182 ], [ -3.7196978, 40.4710653 ], [ -3.7179951, 40.4706103 ], [ -3.7174194, 40.4704575 ], [ -3.717223, 40.4703879 ], [ -3.7155777, 40.469949 ], [ -3.7149893, 40.4697921 ], [ -3.7148925, 40.4697604 ], [ -3.7147543, 40.4697142 ], [ -3.7145296, 40.4696546 ], [ -3.7142506, 40.4694678 ], [ -3.7140766, 40.4693371 ], [ -3.71384, 40.4691334 ], [ -3.7132211, 40.4684882 ], [ -3.7130568, 40.4683168 ], [ -3.7128641, 40.4681147 ], [ -3.7127989, 40.4680464 ], [ -3.7127631, 40.4680082 ], [ -3.712754, 40.4679989 ], [ -3.7123025, 40.4675206 ], [ -3.7117156, 40.4667923 ], [ -3.7110601, 40.4662522 ], [ -3.7107383, 40.465998 ], [ -3.7104563, 40.4657884 ], [ -3.7103243, 40.4655626 ], [ -3.7102589, 40.4654077 ], [ -3.7101297, 40.4651937 ], [ -3.7093811, 40.4643261 ], [ -3.7092899, 40.464167 ], [ -3.7091772, 40.4635262 ], [ -3.7091021, 40.4634282 ], [ -3.7089412, 40.4632405 ], [ -3.7085086, 40.4625743 ], [ -3.7083681, 40.4622577 ], [ -3.7084718, 40.4618735 ], [ -3.7106794, 40.4586453 ], [ -3.7112365, 40.4579325 ], [ -3.7114034, 40.4577334 ], [ -3.7113958, 40.457555 ], [ -3.7116551, 40.4573862 ], [ -3.711687, 40.4573057 ], [ -3.7118669, 40.4570469 ], [ -3.7121828, 40.4565969 ], [ -3.7122428, 40.45651 ], [ -3.7123069, 40.4564189 ], [ -3.7123906, 40.4562961 ], [ -3.7124748, 40.4561737 ], [ -3.7128767, 40.4556058 ], [ -3.7129519, 40.4554967 ], [ -3.7130195, 40.4553943 ], [ -3.7130527, 40.4551889 ], [ -3.713057, 40.4550952 ], [ -3.7130731, 40.4548437 ], [ -3.7130555, 40.4547451 ], [ -3.7130078, 40.4545943 ], [ -3.712673, 40.4539509 ], [ -3.7133277, 40.453044 ], [ -3.7122221, 40.4524848 ], [ -3.711786, 40.4524016 ], [ -3.7115827, 40.4520393 ], [ -3.7101277, 40.4498694 ], [ -3.7098287, 40.4494235 ], [ -3.7092928, 40.4487213 ], [ -3.7088311, 40.4479461 ], [ -3.7085672, 40.4475112 ], [ -3.7084027, 40.4472756 ], [ -3.7082704, 40.4471001 ], [ -3.7089512, 40.4471188 ], [ -3.7091911, 40.4471144 ], [ -3.7093798, 40.4470913 ], [ -3.7100824, 40.4469256 ], [ -3.7144802, 40.4458494 ], [ -3.7147323, 40.4457899 ], [ -3.7172683, 40.4466811 ], [ -3.7175579, 40.4467093 ], [ -3.7178968, 40.4466905 ], [ -3.7182665, 40.4466108 ], [ -3.7192551, 40.4456906 ], [ -3.7194688, 40.4455853 ], [ -3.719622, 40.4454782 ], [ -3.7196481, 40.4454591 ], [ -3.7196659, 40.4454356 ], [ -3.7196743, 40.4454093 ], [ -3.7198555, 40.4451305 ], [ -3.7197743, 40.4437602 ], [ -3.7176192, 40.4398085 ], [ -3.7176051, 40.4396278 ], [ -3.7175897, 40.4393619 ], [ -3.7175911, 40.4392278 ], [ -3.7175842, 40.4389737 ], [ -3.7182714, 40.4355418 ], [ -3.7184224, 40.4347672 ], [ -3.7173182, 40.4331454 ], [ -3.7179129, 40.4330227 ], [ -3.7179766, 40.4330094 ], [ -3.7174638, 40.4323181 ], [ -3.7171778, 40.4319146 ], [ -3.7170999, 40.4318097 ], [ -3.7165885, 40.4311208 ], [ -3.7162454, 40.4306258 ], [ -3.7160969, 40.430544 ], [ -3.7153407, 40.4294961 ], [ -3.7150889, 40.4291462 ], [ -3.7149525, 40.4289492 ], [ -3.714822, 40.4287777 ], [ -3.7143242, 40.4280575 ], [ -3.7142741, 40.427978 ], [ -3.7141462, 40.427796 ], [ -3.7140961, 40.4277174 ], [ -3.7139039, 40.4274282 ], [ -3.7136282, 40.4270654 ], [ -3.7134958, 40.4268814 ], [ -3.7134422, 40.4267986 ], [ -3.7134129, 40.4267534 ], [ -3.7131839, 40.4264264 ], [ -3.713122, 40.4263332 ], [ -3.7130119, 40.4261823 ], [ -3.7129099, 40.4260475 ], [ -3.7128138, 40.4259215 ], [ -3.7124126, 40.4253594 ], [ -3.7123626, 40.4252891 ], [ -3.7122778, 40.4251694 ], [ -3.7118184, 40.424551 ], [ -3.7117116, 40.4244003 ], [ -3.7116888, 40.4243687 ], [ -3.7116484, 40.4243127 ], [ -3.7116038, 40.4242502 ], [ -3.7111901, 40.423732 ], [ -3.711082, 40.4236064 ], [ -3.7110123, 40.4235378 ], [ -3.7109748, 40.4235046 ], [ -3.7109359, 40.4234775 ], [ -3.710874, 40.4234383 ], [ -3.7108128, 40.4233932 ], [ -3.7124302, 40.4225143 ], [ -3.7128075, 40.4222857 ], [ -3.7130807, 40.422027 ], [ -3.7133176, 40.4218012 ], [ -3.7153311, 40.4204846 ], [ -3.715533, 40.4203858 ], [ -3.7158019, 40.420353 ], [ -3.7165725, 40.4203256 ], [ -3.7180605, 40.4202871 ], [ -3.7201893, 40.4202549 ], [ -3.7201952, 40.4202448 ], [ -3.7202985, 40.4200684 ], [ -3.7204, 40.4198949 ], [ -3.7206995, 40.4194695 ], [ -3.7210667, 40.4191187 ], [ -3.7215099, 40.418771 ], [ -3.7218428, 40.4185804 ], [ -3.7220532, 40.4184598 ], [ -3.7221607, 40.4180361 ], [ -3.7223791, 40.417175 ], [ -3.7248606, 40.4161646 ], [ -3.7262178, 40.415666 ], [ -3.7295751, 40.4144324 ], [ -3.7327998, 40.4132872 ], [ -3.7337305, 40.4129567 ], [ -3.7341843, 40.4127955 ], [ -3.7379194, 40.411466 ], [ -3.738528, 40.4110583 ], [ -3.7418535, 40.409206 ], [ -3.7419861, 40.4092559 ], [ -3.7420728, 40.4092886 ], [ -3.7422333, 40.4093501 ], [ -3.7423639, 40.4093947 ], [ -3.7424508, 40.4094204 ], [ -3.742543, 40.4094476 ], [ -3.7428786, 40.4095365 ], [ -3.7430461, 40.4095638 ], [ -3.7431354, 40.4095716 ], [ -3.7431839, 40.4095755 ], [ -3.7432024, 40.4095769 ], [ -3.7432556, 40.4095729 ], [ -3.7433288, 40.4095675 ], [ -3.7435587, 40.4095206 ], [ -3.743859, 40.4094533 ], [ -3.7439371, 40.4094345 ], [ -3.7444042, 40.4093219 ], [ -3.7444684, 40.4092979 ], [ -3.7444967, 40.4092871 ], [ -3.7445745, 40.4092555 ], [ -3.7446076, 40.4092212 ], [ -3.7446672, 40.4091438 ], [ -3.7447033, 40.4091391 ], [ -3.7447445, 40.4091337 ], [ -3.7474751, 40.4087741 ], [ -3.7478886, 40.4087196 ], [ -3.7498663, 40.4084459 ], [ -3.7505344, 40.4083452 ], [ -3.7520639, 40.4077374 ], [ -3.7526545, 40.4074541 ], [ -3.7529106, 40.4073285 ], [ -3.7549119, 40.4063071 ], [ -3.755689, 40.4058999 ], [ -3.7559509, 40.4058096 ], [ -3.7561152, 40.4057698 ], [ -3.7562799, 40.4057493 ], [ -3.7565015, 40.4057381 ], [ -3.7567232, 40.4057123 ], [ -3.7568812, 40.4056775 ], [ -3.757058, 40.4056183 ], [ -3.757354, 40.4054515 ], [ -3.7576589, 40.4052797 ], [ -3.7597552, 40.40406 ], [ -3.75986, 40.4039649 ], [ -3.7602266, 40.4036402 ], [ -3.7604444, 40.4033624 ], [ -3.7608053, 40.4028805 ], [ -3.7622749, 40.4009916 ], [ -3.7623921, 40.4009315 ], [ -3.7627368, 40.4006895 ], [ -3.7643588, 40.3994015 ], [ -3.7647455, 40.3993007 ], [ -3.7655034, 40.3991031 ], [ -3.7656842, 40.3992705 ], [ -3.7670106, 40.3992365 ], [ -3.7692786, 40.3996027 ], [ -3.7705932, 40.3994937 ], [ -3.77372, 40.4002454 ], [ -3.7738292, 40.4002712 ], [ -3.7745544, 40.4003146 ], [ -3.7745599, 40.4003146 ], [ -3.7745625, 40.4003808 ], [ -3.7744545, 40.4011967 ], [ -3.7743427, 40.4021083 ], [ -3.77496, 40.4026842 ], [ -3.7758184, 40.4034942 ], [ -3.7763504, 40.4040385 ], [ -3.7768831, 40.4052901 ], [ -3.7770858, 40.4055637 ], [ -3.7776649, 40.4063691 ], [ -3.778371, 40.407628 ], [ -3.7786116, 40.4082246 ], [ -3.7791528, 40.410534 ], [ -3.7793641, 40.4117544 ], [ -3.7793943, 40.4119524 ], [ -3.7794676, 40.4122324 ], [ -3.7796285, 40.4125215 ], [ -3.7800762, 40.4133594 ], [ -3.7805658, 40.414253 ], [ -3.7811657, 40.4166425 ], [ -3.7812403, 40.4169565 ], [ -3.7813952, 40.4175676 ], [ -3.7813544, 40.417735 ], [ -3.7812941, 40.4179921 ], [ -3.7811511, 40.4186468 ], [ -3.7810176, 40.4191648 ], [ -3.780387, 40.4217859 ], [ -3.7803556, 40.4219008 ], [ -3.7798349, 40.4228933 ], [ -3.7795547, 40.4234444 ], [ -3.7791186, 40.424274 ], [ -3.7786764, 40.4245589 ], [ -3.7785161, 40.4246545 ], [ -3.7782853, 40.4247921 ], [ -3.7778866, 40.4250445 ], [ -3.7775809, 40.4252319 ], [ -3.7771954, 40.4254708 ], [ -3.7768528, 40.4256792 ], [ -3.7761499, 40.4261173 ], [ -3.7759238, 40.4262554 ], [ -3.7756328, 40.4264358 ], [ -3.7754153, 40.4265707 ], [ -3.7753928, 40.4265846 ], [ -3.7742695, 40.4272876 ], [ -3.7735386, 40.4277262 ], [ -3.7727567, 40.4282103 ], [ -3.7715641, 40.4289459 ], [ -3.7707828, 40.4294273 ], [ -3.7707978, 40.4348794 ], [ -3.7708198, 40.4402827 ], [ -3.7708271, 40.4437256 ], [ -3.7708286, 40.4440573 ], [ -3.7713966, 40.4439896 ], [ -3.774616, 40.4435993 ], [ -3.7758702, 40.4434472 ], [ -3.7761955, 40.4434524 ], [ -3.7776382, 40.4435711 ], [ -3.7797451, 40.4442269 ], [ -3.784715, 40.4443517 ], [ -3.7901068, 40.4423712 ], [ -3.788822, 40.4457534 ], [ -3.7900678, 40.4457965 ], [ -3.7900638, 40.4479738 ], [ -3.7910069, 40.4477226 ], [ -3.7910402, 40.4480613 ], [ -3.7911484, 40.4481316 ], [ -3.7913721, 40.4493251 ], [ -3.7921654, 40.4510442 ], [ -3.7923736, 40.4516145 ], [ -3.7923777, 40.4519098 ], [ -3.7928222, 40.4523186 ], [ -3.7928343, 40.4523301 ], [ -3.7932401, 40.4530447 ], [ -3.7932117, 40.4530973 ], [ -3.7934395, 40.4532335 ], [ -3.793402, 40.4532634 ], [ -3.7935046, 40.4535678 ], [ -3.7929693, 40.4536852 ], [ -3.7930489, 40.4539115 ], [ -3.7934476, 40.4543448 ], [ -3.7936993, 40.4546724 ], [ -3.7937672, 40.4547104 ], [ -3.7938345, 40.4547436 ], [ -3.7939201, 40.4548353 ], [ -3.7939794, 40.4548945 ], [ -3.7940806, 40.4549991 ], [ -3.7941549, 40.4551049 ], [ -3.7942572, 40.4554004 ], [ -3.7943711, 40.4556295 ], [ -3.794441, 40.4556091 ], [ -3.7946436, 40.4558678 ], [ -3.7948633, 40.4560752 ], [ -3.7952912, 40.4562601 ], [ -3.7955966, 40.456399 ], [ -3.7952723, 40.4570308 ], [ -3.7953962, 40.4570874 ], [ -3.7953556, 40.4571772 ], [ -3.7958167, 40.4579451 ], [ -3.7990451, 40.4592005 ], [ -3.7998183, 40.4597401 ], [ -3.7999694, 40.4597804 ], [ -3.801941, 40.4615328 ], [ -3.8022259, 40.46179 ], [ -3.8025433, 40.4620765 ], [ -3.8033091, 40.4625166 ], [ -3.8036959, 40.4631153 ], [ -3.8043629, 40.463572 ], [ -3.8049833, 40.463739 ], [ -3.8092605, 40.464454 ], [ -3.8114215, 40.4648066 ], [ -3.8119142, 40.4643705 ], [ -3.8120617, 40.4640653 ], [ -3.8129213, 40.4636383 ], [ -3.8152421, 40.4635655 ], [ -3.8175152, 40.4642612 ], [ -3.820842, 40.4643097 ], [ -3.8223675, 40.4646322 ], [ -3.8237466, 40.4645504 ], [ -3.8249519, 40.464731 ], [ -3.8271617, 40.4660305 ], [ -3.8290407, 40.4663143 ], [ -3.8309247, 40.4659405 ], [ -3.8343462, 40.4644591 ], [ -3.8346826, 40.4646972 ], [ -3.8352564, 40.4653147 ], [ -3.8369621, 40.4668429 ], [ -3.8383521, 40.4676436 ], [ -3.8381172, 40.4709209 ], [ -3.8379805, 40.4713537 ], [ -3.837834, 40.4717966 ], [ -3.837554, 40.4727124 ], [ -3.8361762, 40.4748125 ], [ -3.8367451, 40.4750246 ] ] ] } },
{ "type": "Feature", "properties": { "district": "Centro", "admin_level": "9" }, "geometry": { "type": "Polygon", "coordinates": [ [ [ -3.7229125, 40.4140254 ], [ -3.7228979, 40.4149805 ], [ -3.7228227, 40.4155182 ], [ -3.7227019, 40.4160874 ], [ -3.7223791, 40.417175 ], [ -3.7221607, 40.4180361 ], [ -3.7220532, 40.4184598 ], [ -3.7218428, 40.4185804 ], [ -3.7215099, 40.418771 ], [ -3.7210667, 40.4191187 ], [ -3.7206995, 40.4194695 ], [ -3.7204, 40.4198949 ], [ -3.7202985, 40.4200684 ], [ -3.7201952, 40.4202448 ], [ -3.7201893, 40.4202549 ], [ -3.7180605, 40.4202871 ], [ -3.7165725, 40.4203256 ], [ -3.7158019, 40.420353 ], [ -3.715533, 40.4203858 ], [ -3.7153311, 40.4204846 ], [ -3.7133176, 40.4218012 ], [ -3.7130807, 40.422027 ], [ -3.7128075, 40.4222857 ], [ -3.7124302, 40.4225143 ], [ -3.7108128, 40.4233932 ], [ -3.710874, 40.4234383 ], [ -3.7109359, 40.4234775 ], [ -3.7109748, 40.4235046 ], [ -3.7110123, 40.4235378 ], [ -3.711082, 40.4236064 ], [ -3.7111901, 40.423732 ], [ -3.7116038, 40.4242502 ], [ -3.7116484, 40.4243127 ], [ -3.7116888, 40.4243687 ], [ -3.7117116, 40.4244003 ], [ -3.7118184, 40.424551 ], [ -3.7122778, 40.4251694 ], [ -3.7123626, 40.4252891 ], [ -3.7124126, 40.4253594 ], [ -3.7128138, 40.4259215 ], [ -3.7129099, 40.4260475 ], [ -3.7130119, 40.4261823 ], [ -3.713122, 40.4263332 ], [ -3.7131839, 40.4264264 ], [ -3.7134129, 40.4267534 ], [ -3.7134422, 40.4267986 ], [ -3.7134958, 40.4268814 ], [ -3.7136282, 40.4270654 ], [ -3.7139039, 40.4274282 ], [ -3.7140961, 40.4277174 ], [ -3.7141462, 40.427796 ], [ -3.7142741, 40.427978 ], [ -3.7143242, 40.4280575 ], [ -3.714822, 40.4287777 ], [ -3.7149525, 40.4289492 ], [ -3.7150889, 40.4291462 ], [ -3.7153407, 40.4294961 ], [ -3.7160969, 40.430544 ], [ -3.7121484, 40.4301829 ], [ -3.7121229, 40.4301808 ], [ -3.7120765, 40.4301769 ], [ -3.7119214, 40.4301627 ], [ -3.7110174, 40.4300654 ], [ -3.7107434, 40.4300345 ], [ -3.7107258, 40.4300324 ], [ -3.7106787, 40.4300274 ], [ -3.7106767, 40.4300272 ], [ -3.710511, 40.4300097 ], [ -3.7092989, 40.4298828 ], [ -3.7092429, 40.4298776 ], [ -3.7092028, 40.4298739 ], [ -3.7089106, 40.4298421 ], [ -3.7085554, 40.4298099 ], [ -3.708441, 40.4297986 ], [ -3.7082327, 40.42978 ], [ -3.7077229, 40.4297274 ], [ -3.7067355, 40.429644 ], [ -3.7063893, 40.4296636 ], [ -3.7063234, 40.4296569 ], [ -3.7059385, 40.4296187 ], [ -3.7058129, 40.4295443 ], [ -3.7056302, 40.4295192 ], [ -3.7054416, 40.4295011 ], [ -3.7053155, 40.4294819 ], [ -3.7052718, 40.4294752 ], [ -3.7047289, 40.4293795 ], [ -3.7032648, 40.4291362 ], [ -3.7027099, 40.4290454 ], [ -3.702633, 40.4290324 ], [ -3.7025836, 40.4290241 ], [ -3.7024053, 40.4289821 ], [ -3.7023372, 40.4289588 ], [ -3.7021341, 40.4289278 ], [ -3.7019962, 40.4289059 ], [ -3.7017003, 40.428849 ], [ -3.7016676, 40.4288428 ], [ -3.7013481, 40.4287754 ], [ -3.7005028, 40.4286179 ], [ -3.6997436, 40.4284594 ], [ -3.6997052, 40.4284514 ], [ -3.6994114, 40.4283878 ], [ -3.6991192, 40.4283269 ], [ -3.6989437, 40.4282908 ], [ -3.6980235, 40.4280926 ], [ -3.6978419, 40.4280559 ], [ -3.6978061, 40.4280487 ], [ -3.6971394, 40.4279141 ], [ -3.6963391, 40.4277429 ], [ -3.6962981, 40.4277383 ], [ -3.6961228, 40.4277118 ], [ -3.6958692, 40.4276311 ], [ -3.6957096, 40.4275939 ], [ -3.6953057, 40.4274018 ], [ -3.6952907, 40.4273947 ], [ -3.695268, 40.4273835 ], [ -3.6948874, 40.4271943 ], [ -3.6947895, 40.4271468 ], [ -3.6940248, 40.4267534 ], [ -3.693992, 40.4267371 ], [ -3.6938665, 40.4266805 ], [ -3.6935579, 40.4265229 ], [ -3.6934998, 40.4264946 ], [ -3.6928441, 40.4261637 ], [ -3.6927647, 40.426124 ], [ -3.6926656, 40.4260732 ], [ -3.6926316, 40.4260558 ], [ -3.6920459, 40.4257689 ], [ -3.6917646, 40.4256238 ], [ -3.6915281, 40.4254989 ], [ -3.6912246, 40.4253158 ], [ -3.691185, 40.4252917 ], [ -3.6911404, 40.4252616 ], [ -3.6910469, 40.4252021 ], [ -3.6909553, 40.4251315 ], [ -3.6908691, 40.4250723 ], [ -3.6906599, 40.4248919 ], [ -3.6904647, 40.4247679 ], [ -3.6930296, 40.4192793 ], [ -3.6933546, 40.4188087 ], [ -3.6934847, 40.4182567 ], [ -3.6936121, 40.4178195 ], [ -3.6936908, 40.4174859 ], [ -3.6938554, 40.4167889 ], [ -3.6941293, 40.415682 ], [ -3.6938718, 40.4145776 ], [ -3.6932754, 40.4128796 ], [ -3.692653, 40.4111075 ], [ -3.6925312, 40.4103487 ], [ -3.6922131, 40.4094608 ], [ -3.692153, 40.4090618 ], [ -3.6924848, 40.4085599 ], [ -3.6929258, 40.4079938 ], [ -3.6932031, 40.407797 ], [ -3.6934248, 40.4076814 ], [ -3.6936809, 40.4075691 ], [ -3.693828, 40.4074909 ], [ -3.6940361, 40.4073801 ], [ -3.6959319, 40.4068446 ], [ -3.6977791, 40.4063204 ], [ -3.699326, 40.4059263 ], [ -3.6997537, 40.4058077 ], [ -3.7026593, 40.4050021 ], [ -3.704525, 40.4053167 ], [ -3.7062455, 40.4056274 ], [ -3.7083074, 40.4060198 ], [ -3.7095215, 40.4062509 ], [ -3.7101131, 40.4063646 ], [ -3.7108065, 40.4064942 ], [ -3.7109387, 40.4065148 ], [ -3.7110584, 40.4065281 ], [ -3.7116643, 40.4066895 ], [ -3.7130384, 40.4071681 ], [ -3.714839, 40.4079117 ], [ -3.7164177, 40.4085623 ], [ -3.7166322, 40.4086657 ], [ -3.716747, 40.4087939 ], [ -3.7175963, 40.4100818 ], [ -3.7179175, 40.4105907 ], [ -3.7182112, 40.4110445 ], [ -3.7181462, 40.4113025 ], [ -3.7172803, 40.4130345 ], [ -3.7172011, 40.4131969 ], [ -3.7171662, 40.4132714 ], [ -3.7170063, 40.4136226 ], [ -3.7169348, 40.4137861 ], [ -3.7168821, 40.4139059 ], [ -3.7171045, 40.4139147 ], [ -3.7187667, 40.4139385 ], [ -3.7194094, 40.4139477 ], [ -3.7196332, 40.4139519 ], [ -3.7197914, 40.4139549 ], [ -3.719885, 40.4139559 ], [ -3.7202194, 40.4139578 ], [ -3.7204653, 40.4139623 ], [ -3.7206967, 40.4139692 ], [ -3.720966, 40.4139772 ], [ -3.7219547, 40.414006 ], [ -3.722122, 40.4140094 ], [ -3.7229125, 40.4140254 ] ] ] } },
{ "type": "Feature", "properties": { "district": "Fuencarral-El Pardo", "admin_level": "9" }, "geometry": { "type": "Polygon", "coordinates": [ [ [ -3.8854951, 40.5746026 ], [ -3.8852305, 40.5751624 ], [ -3.8849449, 40.5759004 ], [ -3.8846997, 40.5765546 ], [ -3.8845059, 40.5770769 ], [ -3.8844087, 40.5773387 ], [ -3.8840117, 40.5783726 ], [ -3.8837329, 40.5790986 ], [ -3.8837781, 40.5803259 ], [ -3.8839719, 40.5805926 ], [ -3.884133, 40.5810028 ], [ -3.8841732, 40.5812852 ], [ -3.8840108, 40.5815534 ], [ -3.8837232, 40.5820441 ], [ -3.8834272, 40.5825336 ], [ -3.8838073, 40.5833789 ], [ -3.8837423, 40.5843299 ], [ -3.8836855, 40.5852714 ], [ -3.8834869, 40.5852587 ], [ -3.8831633, 40.5854275 ], [ -3.8826481, 40.5856962 ], [ -3.8822126, 40.5859147 ], [ -3.8817647, 40.5861394 ], [ -3.8800949, 40.5869926 ], [ -3.8783082, 40.5880484 ], [ -3.8772768, 40.5884618 ], [ -3.8768501, 40.5886153 ], [ -3.876103, 40.5892655 ], [ -3.8761896, 40.5896393 ], [ -3.8761715, 40.5899802 ], [ -3.875894, 40.5901764 ], [ -3.8748392, 40.5906095 ], [ -3.8743764, 40.5908729 ], [ -3.8739154, 40.5911445 ], [ -3.8728968, 40.5912162 ], [ -3.8717759, 40.5913709 ], [ -3.8694446, 40.5918751 ], [ -3.8687519, 40.5920347 ], [ -3.8673773, 40.592161 ], [ -3.8668867, 40.5919527 ], [ -3.8660265, 40.5917918 ], [ -3.8659706, 40.5917814 ], [ -3.8654407, 40.5912851 ], [ -3.8649058, 40.5904147 ], [ -3.863538, 40.5895024 ], [ -3.8612909, 40.5888869 ], [ -3.859929, 40.5881795 ], [ -3.8584481, 40.5879027 ], [ -3.8580044, 40.5879203 ], [ -3.8567, 40.5880579 ], [ -3.8559605, 40.5881358 ], [ -3.8554042, 40.5882073 ], [ -3.8549787, 40.5879984 ], [ -3.8549372, 40.587998 ], [ -3.8548503, 40.5880123 ], [ -3.8547863, 40.5880337 ], [ -3.8547022, 40.5880995 ], [ -3.8544879, 40.5882286 ], [ -3.8540881, 40.5885253 ], [ -3.8537034, 40.5888265 ], [ -3.8529054, 40.5891091 ], [ -3.850281, 40.5904658 ], [ -3.8488003, 40.5909719 ], [ -3.8483729, 40.5909456 ], [ -3.8456946, 40.5913401 ], [ -3.844685, 40.5919286 ], [ -3.8446227, 40.5919649 ], [ -3.8434222, 40.5923886 ], [ -3.842447, 40.5925363 ], [ -3.8416397, 40.5926593 ], [ -3.840627, 40.592424 ], [ -3.8405726, 40.5924114 ], [ -3.837691, 40.5913638 ], [ -3.8367914, 40.5915715 ], [ -3.8354146, 40.5920891 ], [ -3.8333338, 40.5935208 ], [ -3.8322555, 40.5937879 ], [ -3.8319595, 40.5938612 ], [ -3.8301893, 40.594045 ], [ -3.8292613, 40.5943076 ], [ -3.8282019, 40.5945741 ], [ -3.8275772, 40.5946777 ], [ -3.8264018, 40.5947427 ], [ -3.826202, 40.5947175 ], [ -3.8251987, 40.594636 ], [ -3.8227391, 40.5943928 ], [ -3.8202781, 40.5950039 ], [ -3.8161256, 40.5950036 ], [ -3.8151303, 40.5952473 ], [ -3.814585, 40.5953817 ], [ -3.8144362, 40.5954184 ], [ -3.8139116, 40.5961466 ], [ -3.8125811, 40.5968833 ], [ -3.8110386, 40.5974912 ], [ -3.8060053, 40.5998719 ], [ -3.8088824, 40.60427 ], [ -3.8093769, 40.6050259 ], [ -3.8097492, 40.6058564 ], [ -3.8101036, 40.6065709 ], [ -3.8102868, 40.6067867 ], [ -3.8106728, 40.6070017 ], [ -3.8113576, 40.6072003 ], [ -3.8125088, 40.6078677 ], [ -3.8127852, 40.6081379 ], [ -3.8128251, 40.6082867 ], [ -3.812526, 40.6083882 ], [ -3.8123959, 40.6084709 ], [ -3.8120798, 40.6085913 ], [ -3.811913, 40.6086367 ], [ -3.811799, 40.608706 ], [ -3.8115493, 40.6086815 ], [ -3.8114412, 40.6087071 ], [ -3.811324, 40.6088565 ], [ -3.8109646, 40.6092495 ], [ -3.810813, 40.6093853 ], [ -3.8103887, 40.6094261 ], [ -3.8101881, 40.6094827 ], [ -3.8099413, 40.6094308 ], [ -3.8099306, 40.6095173 ], [ -3.8097256, 40.609815 ], [ -3.8096035, 40.6098699 ], [ -3.8094153, 40.609872 ], [ -3.8093488, 40.6094979 ], [ -3.8091848, 40.6093216 ], [ -3.8082273, 40.6091654 ], [ -3.8073775, 40.6092098 ], [ -3.8069286, 40.6093796 ], [ -3.8061981, 40.6095122 ], [ -3.8060589, 40.6092658 ], [ -3.8064161, 40.6087502 ], [ -3.806452, 40.6086459 ], [ -3.806263, 40.6084076 ], [ -3.806256, 40.6080238 ], [ -3.8061264, 40.6079069 ], [ -3.8059101, 40.6078362 ], [ -3.8051954, 40.6073834 ], [ -3.804914, 40.6072051 ], [ -3.8021834, 40.6063125 ], [ -3.8016908, 40.6063494 ], [ -3.8005299, 40.6059105 ], [ -3.8003092, 40.6048302 ], [ -3.8015708, 40.6026041 ], [ -3.8019755, 40.6019148 ], [ -3.8022833, 40.6013831 ], [ -3.8035532, 40.5989977 ], [ -3.8033279, 40.598866 ], [ -3.8023665, 40.5988738 ], [ -3.8011089, 40.598884 ], [ -3.7997974, 40.5985954 ], [ -3.7991035, 40.598489 ], [ -3.7984747, 40.5988187 ], [ -3.7972075, 40.5997115 ], [ -3.7967723, 40.5998748 ], [ -3.7953023, 40.5999115 ], [ -3.7941289, 40.5997782 ], [ -3.7929372, 40.5994677 ], [ -3.7924092, 40.5993571 ], [ -3.7921885, 40.5993108 ], [ -3.7899011, 40.5989863 ], [ -3.78903, 40.5991049 ], [ -3.7883578, 40.5994392 ], [ -3.7863378, 40.6003787 ], [ -3.7856302, 40.6004002 ], [ -3.7850339, 40.6004708 ], [ -3.7844602, 40.6010737 ], [ -3.7834874, 40.6017634 ], [ -3.7827849, 40.6017041 ], [ -3.782261, 40.6014529 ], [ -3.781815, 40.6009946 ], [ -3.7816281, 40.6008026 ], [ -3.7811989, 40.6008847 ], [ -3.7798176, 40.6011574 ], [ -3.778938, 40.601741 ], [ -3.7782572, 40.6017278 ], [ -3.7771729, 40.6013542 ], [ -3.7760424, 40.6010322 ], [ -3.7754692, 40.600869 ], [ -3.7743997, 40.6005683 ], [ -3.7727771, 40.6002451 ], [ -3.772462, 40.6001823 ], [ -3.7709939, 40.6000059 ], [ -3.7681694, 40.5996666 ], [ -3.7676424, 40.5994689 ], [ -3.7660242, 40.598671 ], [ -3.7652862, 40.5984091 ], [ -3.7642015, 40.598324 ], [ -3.7621753, 40.597764 ], [ -3.760917, 40.597265 ], [ -3.7598498, 40.5970097 ], [ -3.7590239, 40.5965138 ], [ -3.759006, 40.596503 ], [ -3.7587501, 40.5962937 ], [ -3.7584567, 40.5960813 ], [ -3.7578213, 40.596051 ], [ -3.7573702, 40.596062 ], [ -3.7541579, 40.5949523 ], [ -3.7536427, 40.5947569 ], [ -3.7529724, 40.594777 ], [ -3.7522292, 40.5943665 ], [ -3.7520089, 40.5941622 ], [ -3.7514425, 40.5936341 ], [ -3.7511221, 40.5933386 ], [ -3.7508278, 40.5930671 ], [ -3.7501453, 40.5924316 ], [ -3.7500942, 40.5924434 ], [ -3.7492464, 40.5927061 ], [ -3.7485062, 40.592582 ], [ -3.7482644, 40.5925612 ], [ -3.748199, 40.5925555 ], [ -3.7478545, 40.5924905 ], [ -3.7475292, 40.5924465 ], [ -3.7469918, 40.5923747 ], [ -3.7467131, 40.5923375 ], [ -3.7458199, 40.5922083 ], [ -3.7453874, 40.5918845 ], [ -3.7452456, 40.5918462 ], [ -3.7408152, 40.5906486 ], [ -3.7398117, 40.5894382 ], [ -3.7397564, 40.5893715 ], [ -3.7396987, 40.5893019 ], [ -3.7391746, 40.5880657 ], [ -3.7391201, 40.587987 ], [ -3.7389655, 40.587776 ], [ -3.7389083, 40.5876551 ], [ -3.738848, 40.5875282 ], [ -3.7385879, 40.5869809 ], [ -3.7381918, 40.5864677 ], [ -3.7372528, 40.586071 ], [ -3.7358427, 40.5857148 ], [ -3.7352948, 40.5856723 ], [ -3.734263, 40.5854632 ], [ -3.7340019, 40.585381 ], [ -3.7331833, 40.5852659 ], [ -3.7322935, 40.5853805 ], [ -3.7298291, 40.5850877 ], [ -3.7277303, 40.58438 ], [ -3.725139, 40.5836477 ], [ -3.7214402, 40.5826002 ], [ -3.7206856, 40.5822087 ], [ -3.7194289, 40.5821178 ], [ -3.7178569, 40.5826752 ], [ -3.717249, 40.5828907 ], [ -3.7145085, 40.5826566 ], [ -3.7130058, 40.583287 ], [ -3.7114883, 40.583049 ], [ -3.7108373, 40.583122 ], [ -3.710664, 40.5831592 ], [ -3.708096, 40.5837109 ], [ -3.7046138, 40.5851826 ], [ -3.7018111, 40.5872356 ], [ -3.7005751, 40.5876935 ], [ -3.6996362, 40.5883118 ], [ -3.6985766, 40.5886876 ], [ -3.6972612, 40.5894703 ], [ -3.6965813, 40.5899969 ], [ -3.6958695, 40.590875 ], [ -3.6919839, 40.5968351 ], [ -3.6913948, 40.5981629 ], [ -3.6911567, 40.5991463 ], [ -3.68979, 40.6018661 ], [ -3.6881659, 40.6048487 ], [ -3.6869184, 40.6065408 ], [ -3.6859709, 40.6075103 ], [ -3.6850335, 40.6083177 ], [ -3.6834354, 40.609246 ], [ -3.6794697, 40.6110171 ], [ -3.6749436, 40.6158543 ], [ -3.6739453, 40.6165087 ], [ -3.6695308, 40.6183902 ], [ -3.6667206, 40.6199379 ], [ -3.6665293, 40.6209119 ], [ -3.667139, 40.6227822 ], [ -3.6675647, 40.6239107 ], [ -3.6682807, 40.6258206 ], [ -3.6685132, 40.626612 ], [ -3.6686055, 40.6275664 ], [ -3.6685301, 40.6283056 ], [ -3.6680532, 40.6295789 ], [ -3.6674819, 40.6311043 ], [ -3.6655495, 40.6341785 ], [ -3.6647242, 40.6356156 ], [ -3.6629957, 40.6378146 ], [ -3.6611528, 40.6404107 ], [ -3.6586288, 40.6423079 ], [ -3.6566365, 40.6429589 ], [ -3.6551286, 40.643562 ], [ -3.6542196, 40.6437293 ], [ -3.6531062, 40.6435644 ], [ -3.6503427, 40.6427512 ], [ -3.6487985, 40.6420482 ], [ -3.6469886, 40.640779 ], [ -3.6454977, 40.6394631 ], [ -3.6446519, 40.6388282 ], [ -3.6438921, 40.6385171 ], [ -3.6416698, 40.6386195 ], [ -3.6402062, 40.6389159 ], [ -3.6391303, 40.6389399 ], [ -3.6382169, 40.6386477 ], [ -3.6374662, 40.6380482 ], [ -3.6367734, 40.6373223 ], [ -3.6356527, 40.6351213 ], [ -3.6340832, 40.6329588 ], [ -3.6333137, 40.6316117 ], [ -3.632728, 40.6309483 ], [ -3.6301761, 40.628665 ], [ -3.6298002, 40.6276671 ], [ -3.629815, 40.6267211 ], [ -3.6301874, 40.6260884 ], [ -3.6289785, 40.6232482 ], [ -3.6289375, 40.6226629 ], [ -3.6292272, 40.6207695 ], [ -3.6286362, 40.6195205 ], [ -3.6285122, 40.6189085 ], [ -3.6284697, 40.618152 ], [ -3.6276469, 40.6173998 ], [ -3.6263478, 40.6175509 ], [ -3.6230731, 40.6162804 ], [ -3.6226802, 40.6159762 ], [ -3.6223726, 40.6154217 ], [ -3.621514, 40.6138744 ], [ -3.6209991, 40.6131655 ], [ -3.6200344, 40.6123869 ], [ -3.6191658, 40.6117789 ], [ -3.6177287, 40.6110389 ], [ -3.6177675, 40.6103167 ], [ -3.6177566, 40.6100904 ], [ -3.6178119, 40.6098042 ], [ -3.617653, 40.6092375 ], [ -3.6167636, 40.6076387 ], [ -3.6165692, 40.6070632 ], [ -3.616747, 40.605828 ], [ -3.6166474, 40.605288 ], [ -3.6162105, 40.6040381 ], [ -3.6160824, 40.6029667 ], [ -3.6157394, 40.6016533 ], [ -3.6121065, 40.599882 ], [ -3.6097441, 40.5987301 ], [ -3.6078589, 40.5980644 ], [ -3.6061371, 40.5971725 ], [ -3.6053167, 40.5966273 ], [ -3.605101, 40.5962951 ], [ -3.6047102, 40.5948917 ], [ -3.6042079, 40.5942367 ], [ -3.6032553, 40.5934399 ], [ -3.602515, 40.5925879 ], [ -3.6021639, 40.5919808 ], [ -3.6021302, 40.5918512 ], [ -3.6019947, 40.5912393 ], [ -3.602084, 40.5906533 ], [ -3.6025157, 40.5900384 ], [ -3.6033263, 40.5894937 ], [ -3.6041733, 40.5890748 ], [ -3.6047956, 40.5886211 ], [ -3.6051586, 40.5882589 ], [ -3.6057417, 40.5874 ], [ -3.6067771, 40.5855838 ], [ -3.6072337, 40.585122 ], [ -3.6102759, 40.583106 ], [ -3.6110521, 40.5827055 ], [ -3.6139477, 40.581483 ], [ -3.6162815, 40.580858 ], [ -3.6201983, 40.5776389 ], [ -3.6234834, 40.5751439 ], [ -3.6254996, 40.5734303 ], [ -3.6285672, 40.5742515 ], [ -3.6306884, 40.5749246 ], [ -3.6313392, 40.5750382 ], [ -3.6333936, 40.5748919 ], [ -3.6349891, 40.5749462 ], [ -3.6369757, 40.5751334 ], [ -3.6395198, 40.5755428 ], [ -3.6410238, 40.5759129 ], [ -3.6431229, 40.5767391 ], [ -3.6448172, 40.5772341 ], [ -3.6458702, 40.5773814 ], [ -3.6472995, 40.5773464 ], [ -3.6488831, 40.5773916 ], [ -3.6497583, 40.5774768 ], [ -3.6506256, 40.5779764 ], [ -3.6513436, 40.5789093 ], [ -3.6522474, 40.580733 ], [ -3.6531792, 40.5829979 ], [ -3.6539011, 40.5855434 ], [ -3.6552157, 40.5882656 ], [ -3.6556588, 40.5888757 ], [ -3.6559351, 40.5891037 ], [ -3.6566238, 40.589672 ], [ -3.6575397, 40.5902794 ], [ -3.6591834, 40.5915943 ], [ -3.6615106, 40.5919905 ], [ -3.6623153, 40.5921793 ], [ -3.6630328, 40.5922784 ], [ -3.6637769, 40.5923203 ], [ -3.6651499, 40.5923292 ], [ -3.6672709, 40.5920774 ], [ -3.6740915, 40.5888135 ], [ -3.6822443, 40.5848871 ], [ -3.6840297, 40.5837156 ], [ -3.6858924, 40.5828449 ], [ -3.6869973, 40.582511 ], [ -3.6887067, 40.5825144 ], [ -3.6904163, 40.5810692 ], [ -3.6924629, 40.580238 ], [ -3.6948919, 40.5796237 ], [ -3.6970006, 40.5793511 ], [ -3.6987182, 40.5786349 ], [ -3.7009167, 40.5784659 ], [ -3.7000364, 40.5782644 ], [ -3.6973517, 40.5760692 ], [ -3.6971587, 40.5750473 ], [ -3.6964571, 40.5744357 ], [ -3.6948463, 40.573717 ], [ -3.6934298, 40.5719764 ], [ -3.6926225, 40.5715491 ], [ -3.6924878, 40.5707817 ], [ -3.6917935, 40.5697841 ], [ -3.6912773, 40.5696578 ], [ -3.690705, 40.569081 ], [ -3.6903993, 40.5696688 ], [ -3.689256, 40.5705457 ], [ -3.6895849, 40.5697689 ], [ -3.6895237, 40.5686762 ], [ -3.6889974, 40.5675144 ], [ -3.6868511, 40.5628837 ], [ -3.6857903, 40.5598877 ], [ -3.6827672, 40.5544835 ], [ -3.6820663, 40.5531171 ], [ -3.6821406, 40.5527133 ], [ -3.6826111, 40.5525637 ], [ -3.6830616, 40.5522126 ], [ -3.6818348, 40.5504645 ], [ -3.6817939, 40.5499748 ], [ -3.6810164, 40.549139 ], [ -3.6802489, 40.5487819 ], [ -3.678561, 40.5467804 ], [ -3.6786086, 40.5463205 ], [ -3.6786253, 40.5461189 ], [ -3.6787263, 40.5454196 ], [ -3.6781392, 40.5436027 ], [ -3.677821, 40.5429544 ], [ -3.6774906, 40.5425165 ], [ -3.676928, 40.5418355 ], [ -3.6767933, 40.5414772 ], [ -3.6762291, 40.5411957 ], [ -3.6757758, 40.5408745 ], [ -3.6747297, 40.5393552 ], [ -3.6744035, 40.5384805 ], [ -3.6740245, 40.5379541 ], [ -3.6732884, 40.5376231 ], [ -3.6721698, 40.537277 ], [ -3.6718847, 40.5370622 ], [ -3.6711731, 40.5362003 ], [ -3.6703355, 40.5349506 ], [ -3.6693614, 40.5342974 ], [ -3.6709644, 40.5320963 ], [ -3.6723495, 40.530866 ], [ -3.6757345, 40.5283834 ], [ -3.6765199, 40.5272356 ], [ -3.6771913, 40.5269828 ], [ -3.675564, 40.5261067 ], [ -3.675049, 40.525567 ], [ -3.6748652, 40.5255627 ], [ -3.6734339, 40.5247499 ], [ -3.6730213, 40.5246795 ], [ -3.6721287, 40.5243468 ], [ -3.6719944, 40.5243802 ], [ -3.6714749, 40.5245096 ], [ -3.6702344, 40.5246667 ], [ -3.6689342, 40.5250307 ], [ -3.6681811, 40.5251039 ], [ -3.6670312, 40.5248586 ], [ -3.6658697, 40.5247055 ], [ -3.6658858, 40.5245727 ], [ -3.6659347, 40.5241709 ], [ -3.6659121, 40.5238832 ], [ -3.6659109, 40.5238677 ], [ -3.6656847, 40.5234468 ], [ -3.6656749, 40.5234091 ], [ -3.6655954, 40.5231029 ], [ -3.6660546, 40.5214751 ], [ -3.6655061, 40.5207541 ], [ -3.6642796, 40.5203468 ], [ -3.6639799, 40.5198693 ], [ -3.6631973, 40.5201117 ], [ -3.662864, 40.520015 ], [ -3.6625986, 40.519938 ], [ -3.6614774, 40.5172953 ], [ -3.6603989, 40.515674 ], [ -3.6603858, 40.5154518 ], [ -3.6601715, 40.5148318 ], [ -3.6598678, 40.5142886 ], [ -3.6596535, 40.5141845 ], [ -3.6595642, 40.5139628 ], [ -3.6591951, 40.5136459 ], [ -3.6591053, 40.5135126 ], [ -3.6586696, 40.5119597 ], [ -3.6585242, 40.5117415 ], [ -3.6577949, 40.5113768 ], [ -3.657867, 40.5111009 ], [ -3.658008, 40.5107123 ], [ -3.658102, 40.510404 ], [ -3.6581608, 40.5101137 ], [ -3.6582195, 40.5097205 ], [ -3.6582372, 40.5093855 ], [ -3.6582548, 40.5090281 ], [ -3.658243, 40.5086171 ], [ -3.6581583, 40.5074094 ], [ -3.6580912, 40.5062411 ], [ -3.6580958, 40.5058657 ], [ -3.6581186, 40.5054104 ], [ -3.6582192, 40.5048474 ], [ -3.6584066, 40.5043122 ], [ -3.6586397, 40.5037944 ], [ -3.6589505, 40.503287 ], [ -3.6592385, 40.5028351 ], [ -3.6615193, 40.5001346 ], [ -3.6622323, 40.4993804 ], [ -3.6627443, 40.4988625 ], [ -3.6632196, 40.4984767 ], [ -3.6642389, 40.4976286 ], [ -3.6700708, 40.4929465 ], [ -3.670742, 40.4923878 ], [ -3.6710139, 40.492127 ], [ -3.6712762, 40.4918553 ], [ -3.6715496, 40.491532 ], [ -3.6720184, 40.4909304 ], [ -3.6727132, 40.4894913 ], [ -3.67296, 40.4884624 ], [ -3.6731382, 40.4873778 ], [ -3.6732854, 40.4859639 ], [ -3.6734207, 40.4844766 ], [ -3.6734578, 40.48406 ], [ -3.6739444, 40.4840409 ], [ -3.6743704, 40.4840278 ], [ -3.6745418, 40.4840256 ], [ -3.6751081, 40.4840184 ], [ -3.6752456, 40.4840166 ], [ -3.6755856, 40.4840042 ], [ -3.6759183, 40.4839868 ], [ -3.676243, 40.4839724 ], [ -3.6772198, 40.4839678 ], [ -3.6782167, 40.4838757 ], [ -3.6788179, 40.4837997 ], [ -3.6795056, 40.483676 ], [ -3.6798222, 40.4836024 ], [ -3.6801279, 40.483531 ], [ -3.6815378, 40.4831495 ], [ -3.6822823, 40.4829501 ], [ -3.6823995, 40.4829139 ], [ -3.6829129, 40.4827526 ], [ -3.6828693, 40.4829713 ], [ -3.6836885, 40.4829007 ], [ -3.684776, 40.4828778 ], [ -3.6856564, 40.4829256 ], [ -3.6864072, 40.4830553 ], [ -3.6856926, 40.4827926 ], [ -3.6853474, 40.4825779 ], [ -3.6852481, 40.4824034 ], [ -3.6852448, 40.4822953 ], [ -3.6852275, 40.4817211 ], [ -3.685258, 40.4813086 ], [ -3.6853359, 40.480829 ], [ -3.6854309, 40.4804769 ], [ -3.6858105, 40.4790704 ], [ -3.685949, 40.4785353 ], [ -3.6864242, 40.4766993 ], [ -3.6868495, 40.4750559 ], [ -3.6871488, 40.4741683 ], [ -3.6882606, 40.4743246 ], [ -3.6888016, 40.474423 ], [ -3.6891456, 40.4745683 ], [ -3.6894132, 40.4747311 ], [ -3.6897815, 40.4746492 ], [ -3.6903568, 40.474536 ], [ -3.6907708, 40.4744546 ], [ -3.6910998, 40.4744786 ], [ -3.6913197, 40.4744932 ], [ -3.6917212, 40.4746209 ], [ -3.6917316, 40.4746258 ], [ -3.69209, 40.4746813 ], [ -3.6925173, 40.4747239 ], [ -3.6929073, 40.4747097 ], [ -3.6937245, 40.47458 ], [ -3.6938856, 40.4745587 ], [ -3.6940538, 40.4745552 ], [ -3.6942499, 40.4745516 ], [ -3.6944274, 40.4745658 ], [ -3.6949971, 40.4746298 ], [ -3.6954104, 40.4747239 ], [ -3.6957513, 40.4747754 ], [ -3.6960315, 40.4747754 ], [ -3.6962907, 40.4747541 ], [ -3.6970612, 40.4745783 ], [ -3.6974045, 40.4745374 ], [ -3.6977127, 40.4745445 ], [ -3.698084, 40.47458 ], [ -3.6984576, 40.4746742 ], [ -3.6988989, 40.4748429 ], [ -3.6991767, 40.4749175 ], [ -3.6994756, 40.4749619 ], [ -3.6997395, 40.4749761 ], [ -3.7000243, 40.4749672 ], [ -3.7002508, 40.4749353 ], [ -3.7003816, 40.4749069 ], [ -3.7006104, 40.4748376 ], [ -3.7007622, 40.4747807 ], [ -3.7009654, 40.4746884 ], [ -3.7011498, 40.4745765 ], [ -3.7013226, 40.4744521 ], [ -3.7016215, 40.4741715 ], [ -3.7019083, 40.4739835 ], [ -3.7020539, 40.4738182 ], [ -3.7024925, 40.4733204 ], [ -3.7031528, 40.4727733 ], [ -3.7033246, 40.4726225 ], [ -3.703516, 40.4724424 ], [ -3.7036647, 40.472315 ], [ -3.7038237, 40.4722032 ], [ -3.7039476, 40.4721323 ], [ -3.7040861, 40.4720634 ], [ -3.7042211, 40.4720075 ], [ -3.7043553, 40.4719567 ], [ -3.7049326, 40.4718358 ], [ -3.708062, 40.4715465 ], [ -3.7095335, 40.4714096 ], [ -3.7102706, 40.4713429 ], [ -3.7106409, 40.4713081 ], [ -3.7107759, 40.4712925 ], [ -3.710999, 40.4712528 ], [ -3.7111397, 40.4712163 ], [ -3.7112814, 40.471171 ], [ -3.7115823, 40.4710574 ], [ -3.7121041, 40.4707102 ], [ -3.7123196, 40.4704965 ], [ -3.712478, 40.4702715 ], [ -3.7126238, 40.4699372 ], [ -3.7127251, 40.4695486 ], [ -3.7128752, 40.4691529 ], [ -3.7129292, 40.4690574 ], [ -3.7129816, 40.4689608 ], [ -3.7130904, 40.4687783 ], [ -3.7132211, 40.4684882 ], [ -3.71384, 40.4691334 ], [ -3.7140766, 40.4693371 ], [ -3.7142506, 40.4694678 ], [ -3.7145296, 40.4696546 ], [ -3.7147543, 40.4697142 ], [ -3.7148925, 40.4697604 ], [ -3.7149893, 40.4697921 ], [ -3.7155777, 40.469949 ], [ -3.717223, 40.4703879 ], [ -3.7174194, 40.4704575 ], [ -3.7179951, 40.4706103 ], [ -3.7196978, 40.4710653 ], [ -3.7206796, 40.4713182 ], [ -3.7227364, 40.471845 ], [ -3.7230526, 40.4719283 ], [ -3.7234766, 40.4720375 ], [ -3.7244503, 40.4722888 ], [ -3.725159, 40.4724811 ], [ -3.7254101, 40.4725413 ], [ -3.7255333, 40.4725651 ], [ -3.7256562, 40.4725832 ], [ -3.725961, 40.4726157 ], [ -3.7263027, 40.4726098 ], [ -3.7264393, 40.4726045 ], [ -3.7265708, 40.4725878 ], [ -3.7268223, 40.4725494 ], [ -3.7271282, 40.4724738 ], [ -3.727243, 40.4724552 ], [ -3.7273509, 40.4724447 ], [ -3.7274845, 40.472444 ], [ -3.7276261, 40.4724512 ], [ -3.7277785, 40.4724763 ], [ -3.7279241, 40.4725147 ], [ -3.7281377, 40.4726162 ], [ -3.728438, 40.4728854 ], [ -3.7289755, 40.4728056 ], [ -3.7296031, 40.4727237 ], [ -3.7301973, 40.4726709 ], [ -3.730803, 40.4726041 ], [ -3.7314631, 40.4726058 ], [ -3.7320637, 40.4726093 ], [ -3.732685, 40.4726597 ], [ -3.7333382, 40.4727222 ], [ -3.734576, 40.4728855 ], [ -3.734606, 40.4728901 ], [ -3.7352146, 40.4729834 ], [ -3.7356066, 40.47308 ], [ -3.735964, 40.473168 ], [ -3.7402006, 40.4741941 ], [ -3.7408298, 40.4743457 ], [ -3.7414897, 40.4744231 ], [ -3.7421942, 40.4744498 ], [ -3.7447783, 40.4745143 ], [ -3.7467515, 40.4745076 ], [ -3.7473507, 40.4744854 ], [ -3.7474672, 40.4744697 ], [ -3.7480932, 40.4743853 ], [ -3.7484557, 40.4743119 ], [ -3.7489818, 40.4741496 ], [ -3.7494905, 40.4738672 ], [ -3.7498705, 40.4735559 ], [ -3.7502417, 40.473209 ], [ -3.7504405, 40.472891 ], [ -3.7506042, 40.4724974 ], [ -3.7506597, 40.4720549 ], [ -3.7506481, 40.471579 ], [ -3.7505493, 40.4711877 ], [ -3.7507568, 40.4711663 ], [ -3.7515659, 40.4737314 ], [ -3.7517304, 40.4749527 ], [ -3.7518036, 40.4758532 ], [ -3.7517982, 40.4760458 ], [ -3.751782, 40.4766238 ], [ -3.7517564, 40.4768684 ], [ -3.7515667, 40.4786803 ], [ -3.7526308, 40.4786681 ], [ -3.7540904, 40.4786444 ], [ -3.754534, 40.4786976 ], [ -3.7542927, 40.4791171 ], [ -3.7543175, 40.4794309 ], [ -3.7547158, 40.4795702 ], [ -3.7559095, 40.4801402 ], [ -3.7566102, 40.480291 ], [ -3.7572048, 40.4800433 ], [ -3.7576932, 40.4799733 ], [ -3.7574596, 40.479268 ], [ -3.7577074, 40.4787188 ], [ -3.7582127, 40.4744126 ], [ -3.7584276, 40.4742137 ], [ -3.7587545, 40.4741 ], [ -3.759044, 40.4740787 ], [ -3.758314, 40.473591 ], [ -3.7582718, 40.4734942 ], [ -3.7582539, 40.4733241 ], [ -3.758291, 40.4730481 ], [ -3.758646, 40.4728788 ], [ -3.7587254, 40.4726608 ], [ -3.759424, 40.4725253 ], [ -3.7598303, 40.4723409 ], [ -3.7601725, 40.4723734 ], [ -3.7605788, 40.4724548 ], [ -3.7607784, 40.4724222 ], [ -3.7610565, 40.4724276 ], [ -3.7613131, 40.4724114 ], [ -3.7619119, 40.4723843 ], [ -3.7623048, 40.4724311 ], [ -3.7626434, 40.4724711 ], [ -3.762609, 40.4732661 ], [ -3.7636309, 40.4734025 ], [ -3.7637218, 40.4734237 ], [ -3.7656834, 40.473882 ], [ -3.7664257, 40.4740554 ], [ -3.7664655, 40.4740767 ], [ -3.7711645, 40.4744976 ], [ -3.7809774, 40.4746174 ], [ -3.7817685, 40.4743727 ], [ -3.7831999, 40.4738111 ], [ -3.7861039, 40.4730929 ], [ -3.7881525, 40.4725152 ], [ -3.789862, 40.4719751 ], [ -3.7909708, 40.4715562 ], [ -3.7918949, 40.4710212 ], [ -3.7923269, 40.4708247 ], [ -3.7945221, 40.4701123 ], [ -3.7952461, 40.4699382 ], [ -3.7975948, 40.4694831 ], [ -3.7993721, 40.4693727 ], [ -3.8001755, 40.4692023 ], [ -3.8274791, 40.476978 ], [ -3.8326773, 40.4784582 ], [ -3.8366423, 40.4795873 ], [ -3.8364574, 40.4805835 ], [ -3.8366645, 40.4808616 ], [ -3.8363413, 40.4811985 ], [ -3.8362518, 40.4817003 ], [ -3.8360021, 40.4820556 ], [ -3.8353108, 40.482417 ], [ -3.8350816, 40.4825502 ], [ -3.8342094, 40.4840811 ], [ -3.8337677, 40.485217 ], [ -3.8333118, 40.4859721 ], [ -3.8333377, 40.4861632 ], [ -3.8331637, 40.4878466 ], [ -3.833303, 40.4888263 ], [ -3.8334294, 40.4898554 ], [ -3.8337096, 40.4906744 ], [ -3.83396, 40.491327 ], [ -3.8341928, 40.4919339 ], [ -3.8344314, 40.4940779 ], [ -3.8347124, 40.4944322 ], [ -3.8351783, 40.4948481 ], [ -3.8356649, 40.4952579 ], [ -3.8359807, 40.4956348 ], [ -3.8372285, 40.4970694 ], [ -3.8376761, 40.497615 ], [ -3.8380626, 40.4980107 ], [ -3.8380962, 40.4980451 ], [ -3.839401, 40.499383 ], [ -3.8389074, 40.5016021 ], [ -3.8386421, 40.5028145 ], [ -3.8378915, 40.5039325 ], [ -3.8376417, 40.5044396 ], [ -3.8372692, 40.50546 ], [ -3.8370933, 40.5058845 ], [ -3.8390181, 40.5066097 ], [ -3.8420681, 40.5077588 ], [ -3.8433836, 40.5080117 ], [ -3.8439205, 40.5081759 ], [ -3.844642, 40.5083926 ], [ -3.8464186, 40.5088008 ], [ -3.8527027, 40.5102471 ], [ -3.8528752, 40.5103295 ], [ -3.8529281, 40.5103981 ], [ -3.8529505, 40.5104499 ], [ -3.8536027, 40.5113331 ], [ -3.8540092, 40.5119932 ], [ -3.8534776, 40.5138216 ], [ -3.853365, 40.5145764 ], [ -3.8522153, 40.5154787 ], [ -3.8519337, 40.5166191 ], [ -3.8515515, 40.5170897 ], [ -3.8514088, 40.5173232 ], [ -3.8512914, 40.5176518 ], [ -3.8517303, 40.5182744 ], [ -3.8533013, 40.5194909 ], [ -3.853756, 40.5202841 ], [ -3.8543786, 40.5213591 ], [ -3.8543688, 40.521655 ], [ -3.8543682, 40.5225716 ], [ -3.8538197, 40.5240857 ], [ -3.8537793, 40.5241401 ], [ -3.853745, 40.5242734 ], [ -3.8536925, 40.524414 ], [ -3.8541314, 40.5248624 ], [ -3.8547663, 40.5255252 ], [ -3.8550484, 40.5256329 ], [ -3.8561265, 40.5269228 ], [ -3.857282, 40.5276146 ], [ -3.8576962, 40.5278565 ], [ -3.857773, 40.5280857 ], [ -3.8577995, 40.5283192 ], [ -3.8578468, 40.5284414 ], [ -3.8582357, 40.5291608 ], [ -3.8583362, 40.529771 ], [ -3.8582149, 40.5299421 ], [ -3.8581105, 40.5301132 ], [ -3.8585843, 40.5303941 ], [ -3.8590661, 40.5308353 ], [ -3.8595423, 40.5312892 ], [ -3.8595623, 40.5313214 ], [ -3.8599354, 40.5319212 ], [ -3.8601612, 40.532278 ], [ -3.8604168, 40.5326348 ], [ -3.8606107, 40.5329161 ], [ -3.8611459, 40.5331844 ], [ -3.8612452, 40.5332342 ], [ -3.8621183, 40.5340695 ], [ -3.8622788, 40.5341917 ], [ -3.8625974, 40.5343931 ], [ -3.8629446, 40.5346298 ], [ -3.8630514, 40.5348283 ], [ -3.8638684, 40.5375238 ], [ -3.8638784, 40.5392382 ], [ -3.8642603, 40.5396148 ], [ -3.8647526, 40.541081 ], [ -3.8650185, 40.5418556 ], [ -3.8651486, 40.5420155 ], [ -3.8652857, 40.5421613 ], [ -3.8654919, 40.5423881 ], [ -3.8656577, 40.5433947 ], [ -3.8673267, 40.5455158 ], [ -3.8673405, 40.5455333 ], [ -3.8684738, 40.5465034 ], [ -3.8689465, 40.5469094 ], [ -3.8694407, 40.5474254 ], [ -3.8692729, 40.5477806 ], [ -3.8690622, 40.5482039 ], [ -3.869511, 40.5489775 ], [ -3.8699409, 40.5497528 ], [ -3.8702482, 40.550288 ], [ -3.8703819, 40.5504933 ], [ -3.8707759, 40.5511414 ], [ -3.8714786, 40.5517068 ], [ -3.8721485, 40.5522575 ], [ -3.8724752, 40.5528339 ], [ -3.8727933, 40.5534058 ], [ -3.8730709, 40.5546858 ], [ -3.8729514, 40.5552333 ], [ -3.8731714, 40.5557547 ], [ -3.8732107, 40.5559955 ], [ -3.8735337, 40.5566956 ], [ -3.8736022, 40.5568761 ], [ -3.8738241, 40.5575738 ], [ -3.8740282, 40.5577545 ], [ -3.8751057, 40.5581233 ], [ -3.8751398, 40.5581958 ], [ -3.8754271, 40.5588059 ], [ -3.8755983, 40.5588394 ], [ -3.8765967, 40.5590415 ], [ -3.8767152, 40.5590542 ], [ -3.8770484, 40.5591232 ], [ -3.8770766, 40.5591321 ], [ -3.877476, 40.5592575 ], [ -3.877805, 40.559368 ], [ -3.8789235, 40.5595756 ], [ -3.8801806, 40.5595983 ], [ -3.8820895, 40.5596411 ], [ -3.8821238, 40.5596557 ], [ -3.8822946, 40.5597283 ], [ -3.8832466, 40.5601046 ], [ -3.8841984, 40.5604684 ], [ -3.8848169, 40.5608474 ], [ -3.8849156, 40.5609526 ], [ -3.8849854, 40.5610271 ], [ -3.8849261, 40.5617524 ], [ -3.8838942, 40.5631462 ], [ -3.8838566, 40.5634427 ], [ -3.8838139, 40.5638375 ], [ -3.8841815, 40.5641881 ], [ -3.8854483, 40.565223 ], [ -3.8861808, 40.5657364 ], [ -3.8864766, 40.5659191 ], [ -3.8868022, 40.5661378 ], [ -3.8870605, 40.5664574 ], [ -3.8879021, 40.5683495 ], [ -3.8878789, 40.5687622 ], [ -3.8883761, 40.569622 ], [ -3.8889539, 40.5708516 ], [ -3.8886506, 40.5717253 ], [ -3.8886227, 40.5717802 ], [ -3.8883959, 40.5722256 ], [ -3.8880188, 40.5724957 ], [ -3.8871439, 40.5731224 ], [ -3.8857617, 40.5741126 ], [ -3.8854951, 40.5746026 ] ] ] } },
{ "type": "Feature", "properties": { "district": "Arganzuela", "admin_level": "9" }, "geometry": { "type": "Polygon", "coordinates": [ [ [ -3.7229125, 40.4140254 ], [ -3.722122, 40.4140094 ], [ -3.7219547, 40.414006 ], [ -3.720966, 40.4139772 ], [ -3.7206967, 40.4139692 ], [ -3.7204653, 40.4139623 ], [ -3.7202194, 40.4139578 ], [ -3.719885, 40.4139559 ], [ -3.7197914, 40.4139549 ], [ -3.7196332, 40.4139519 ], [ -3.7194094, 40.4139477 ], [ -3.7187667, 40.4139385 ], [ -3.7171045, 40.4139147 ], [ -3.7168821, 40.4139059 ], [ -3.7169348, 40.4137861 ], [ -3.7170063, 40.4136226 ], [ -3.7171662, 40.4132714 ], [ -3.7172011, 40.4131969 ], [ -3.7172803, 40.4130345 ], [ -3.7181462, 40.4113025 ], [ -3.7182112, 40.4110445 ], [ -3.7179175, 40.4105907 ], [ -3.7175963, 40.4100818 ], [ -3.716747, 40.4087939 ], [ -3.7166322, 40.4086657 ], [ -3.7164177, 40.4085623 ], [ -3.714839, 40.4079117 ], [ -3.7130384, 40.4071681 ], [ -3.7116643, 40.4066895 ], [ -3.7110584, 40.4065281 ], [ -3.7109387, 40.4065148 ], [ -3.7108065, 40.4064942 ], [ -3.7101131, 40.4063646 ], [ -3.7095215, 40.4062509 ], [ -3.7083074, 40.4060198 ], [ -3.7062455, 40.4056274 ], [ -3.704525, 40.4053167 ], [ -3.7026593, 40.4050021 ], [ -3.6997537, 40.4058077 ], [ -3.699326, 40.4059263 ], [ -3.6977791, 40.4063204 ], [ -3.6959319, 40.4068446 ], [ -3.6940361, 40.4073801 ], [ -3.693828, 40.4074909 ], [ -3.6936809, 40.4075691 ], [ -3.6934248, 40.4076814 ], [ -3.6932031, 40.407797 ], [ -3.6929258, 40.4079938 ], [ -3.6924848, 40.4085599 ], [ -3.692153, 40.4090618 ], [ -3.6918385, 40.4090137 ], [ -3.6915824, 40.4086683 ], [ -3.6913236, 40.4085959 ], [ -3.6909724, 40.4084169 ], [ -3.6901484, 40.4078941 ], [ -3.6898659, 40.407691 ], [ -3.6894961, 40.4074014 ], [ -3.688997, 40.4070737 ], [ -3.6884319, 40.4068082 ], [ -3.6883342, 40.4066293 ], [ -3.6883213, 40.4064747 ], [ -3.6883536, 40.406227 ], [ -3.6862187, 40.4042593 ], [ -3.6854478, 40.4035638 ], [ -3.6847119, 40.4031641 ], [ -3.6824669, 40.4023103 ], [ -3.6823069, 40.4023072 ], [ -3.6820753, 40.4022248 ], [ -3.681046, 40.4017447 ], [ -3.6799708, 40.401262 ], [ -3.6797606, 40.4011077 ], [ -3.6795964, 40.4009876 ], [ -3.6793337, 40.4008506 ], [ -3.6789966, 40.4007036 ], [ -3.6782467, 40.4003705 ], [ -3.6783125, 40.4002814 ], [ -3.6774164, 40.3998753 ], [ -3.6772554, 40.3997608 ], [ -3.6769739, 40.3995632 ], [ -3.6767356, 40.399394 ], [ -3.6765642, 40.399276 ], [ -3.676409, 40.3991741 ], [ -3.6761551, 40.3990049 ], [ -3.6759346, 40.3988378 ], [ -3.6755823, 40.3985237 ], [ -3.6752732, 40.3982431 ], [ -3.6748883, 40.3978899 ], [ -3.6747405, 40.397598 ], [ -3.6745313, 40.3972739 ], [ -3.6743921, 40.3969607 ], [ -3.674207, 40.3966768 ], [ -3.6740827, 40.3963399 ], [ -3.6739445, 40.3960383 ], [ -3.6738127, 40.3956161 ], [ -3.6735422, 40.3948131 ], [ -3.6733291, 40.394508 ], [ -3.6738552, 40.3941829 ], [ -3.6742956, 40.3939721 ], [ -3.6749782, 40.3935478 ], [ -3.6757425, 40.3928595 ], [ -3.6764454, 40.3923315 ], [ -3.6780365, 40.3911364 ], [ -3.6788921, 40.3903206 ], [ -3.6794274, 40.3895267 ], [ -3.6827275, 40.3846027 ], [ -3.6830446, 40.3844306 ], [ -3.6840873, 40.3838836 ], [ -3.6858383, 40.3835052 ], [ -3.6879371, 40.3831494 ], [ -3.6893226, 40.3826995 ], [ -3.6895732, 40.3821878 ], [ -3.6905345, 40.3830115 ], [ -3.6922542, 40.3842684 ], [ -3.692775, 40.384649 ], [ -3.6964188, 40.3875834 ], [ -3.697778, 40.3887106 ], [ -3.6981513, 40.3890718 ], [ -3.6994916, 40.3903687 ], [ -3.6998673, 40.3907932 ], [ -3.7019384, 40.393167 ], [ -3.7029045, 40.3941035 ], [ -3.7038413, 40.3947055 ], [ -3.7046407, 40.395234 ], [ -3.707344, 40.3958948 ], [ -3.7082288, 40.3961093 ], [ -3.7087857, 40.396277 ], [ -3.7096981, 40.3965517 ], [ -3.7102944, 40.3968007 ], [ -3.7108042, 40.3970136 ], [ -3.7113866, 40.3973313 ], [ -3.7121646, 40.3978908 ], [ -3.7127372, 40.398356 ], [ -3.713184, 40.3987439 ], [ -3.7134475, 40.3989593 ], [ -3.7140534, 40.3993462 ], [ -3.7148992, 40.399668 ], [ -3.7159014, 40.3999188 ], [ -3.7164199, 40.3999849 ], [ -3.7167743, 40.3999967 ], [ -3.7170739, 40.3999809 ], [ -3.71731, 40.3999586 ], [ -3.7189633, 40.3998334 ], [ -3.7190074, 40.3998301 ], [ -3.7193163, 40.3998351 ], [ -3.7197348, 40.399895 ], [ -3.7199898, 40.3999489 ], [ -3.7203547, 40.4000855 ], [ -3.7211314, 40.4005113 ], [ -3.7214024, 40.4007152 ], [ -3.7215471, 40.400824 ], [ -3.7217083, 40.4009453 ], [ -3.7218355, 40.4011502 ], [ -3.7219488, 40.4013327 ], [ -3.7220637, 40.4016008 ], [ -3.7222189, 40.4019631 ], [ -3.7222517, 40.4020737 ], [ -3.7223979, 40.4025663 ], [ -3.7225793, 40.4037852 ], [ -3.7227955, 40.4045242 ], [ -3.7227425, 40.4052183 ], [ -3.7226482, 40.4058264 ], [ -3.7223664, 40.4067431 ], [ -3.7222608, 40.4070507 ], [ -3.7222184, 40.4071743 ], [ -3.7218228, 40.4085054 ], [ -3.7217886, 40.4090942 ], [ -3.7219319, 40.4097391 ], [ -3.7221687, 40.4103825 ], [ -3.7228168, 40.412362 ], [ -3.7229417, 40.4132523 ], [ -3.7229125, 40.4140254 ] ] ] } },
{ "type": "Feature", "properties": { "district": "Retiro", "admin_level": "9" }, "geometry": { "type": "Polygon", "coordinates": [ [ [ -3.6930296, 40.4192793 ], [ -3.6926531, 40.4194084 ], [ -3.6919418, 40.4195124 ], [ -3.6893522, 40.4198263 ], [ -3.6891168, 40.4198548 ], [ -3.688199, 40.4200623 ], [ -3.6799894, 40.4216608 ], [ -3.6794617, 40.4217289 ], [ -3.6759427, 40.4215441 ], [ -3.6743441, 40.4214624 ], [ -3.6712341, 40.4213082 ], [ -3.6689808, 40.4211732 ], [ -3.6685934, 40.4210918 ], [ -3.6679144, 40.4209212 ], [ -3.66656, 40.4205941 ], [ -3.6652208, 40.4202511 ], [ -3.6641536, 40.4199856 ], [ -3.6631327, 40.419733 ], [ -3.662181, 40.4194942 ], [ -3.6609889, 40.4192027 ], [ -3.6602974, 40.4190316 ], [ -3.6598117, 40.4189144 ], [ -3.6592601, 40.4187822 ], [ -3.65879, 40.4186706 ], [ -3.6587726, 40.4180728 ], [ -3.6588539, 40.4177237 ], [ -3.6591717, 40.4169774 ], [ -3.6596785, 40.4162473 ], [ -3.660022, 40.4157408 ], [ -3.660186, 40.4154898 ], [ -3.6615726, 40.4133389 ], [ -3.6623815, 40.4119228 ], [ -3.6630468, 40.4105983 ], [ -3.6641463, 40.4084469 ], [ -3.6648273, 40.4073191 ], [ -3.6653927, 40.4063259 ], [ -3.6655249, 40.4057111 ], [ -3.6659451, 40.4047585 ], [ -3.6663762, 40.4039003 ], [ -3.6670134, 40.4022724 ], [ -3.6674424, 40.4011548 ], [ -3.6675914, 40.4007937 ], [ -3.6681965, 40.3997654 ], [ -3.6692964, 40.3983255 ], [ -3.6701922, 40.3972595 ], [ -3.6707886, 40.3965499 ], [ -3.6713711, 40.3959686 ], [ -3.671895, 40.395494 ], [ -3.6724504, 40.3950607 ], [ -3.6730917, 40.3946102 ], [ -3.6733291, 40.394508 ], [ -3.6735422, 40.3948131 ], [ -3.6738127, 40.3956161 ], [ -3.6739445, 40.3960383 ], [ -3.6740827, 40.3963399 ], [ -3.674207, 40.3966768 ], [ -3.6743921, 40.3969607 ], [ -3.6745313, 40.3972739 ], [ -3.6747405, 40.397598 ], [ -3.6748883, 40.3978899 ], [ -3.6752732, 40.3982431 ], [ -3.6755823, 40.3985237 ], [ -3.6759346, 40.3988378 ], [ -3.6761551, 40.3990049 ], [ -3.676409, 40.3991741 ], [ -3.6765642, 40.399276 ], [ -3.6767356, 40.399394 ], [ -3.6769739, 40.3995632 ], [ -3.6772554, 40.3997608 ], [ -3.6774164, 40.3998753 ], [ -3.6783125, 40.4002814 ], [ -3.6782467, 40.4003705 ], [ -3.6789966, 40.4007036 ], [ -3.6793337, 40.4008506 ], [ -3.6795964, 40.4009876 ], [ -3.6797606, 40.4011077 ], [ -3.6799708, 40.401262 ], [ -3.681046, 40.4017447 ], [ -3.6820753, 40.4022248 ], [ -3.6823069, 40.4023072 ], [ -3.6824669, 40.4023103 ], [ -3.6847119, 40.4031641 ], [ -3.6854478, 40.4035638 ], [ -3.6862187, 40.4042593 ], [ -3.6883536, 40.406227 ], [ -3.6883213, 40.4064747 ], [ -3.6883342, 40.4066293 ], [ -3.6884319, 40.4068082 ], [ -3.688997, 40.4070737 ], [ -3.6894961, 40.4074014 ], [ -3.6898659, 40.407691 ], [ -3.6901484, 40.4078941 ], [ -3.6909724, 40.4084169 ], [ -3.6913236, 40.4085959 ], [ -3.6915824, 40.4086683 ], [ -3.6918385, 40.4090137 ], [ -3.692153, 40.4090618 ], [ -3.6922131, 40.4094608 ], [ -3.6925312, 40.4103487 ], [ -3.692653, 40.4111075 ], [ -3.6932754, 40.4128796 ], [ -3.6938718, 40.4145776 ], [ -3.6941293, 40.415682 ], [ -3.6938554, 40.4167889 ], [ -3.6936908, 40.4174859 ], [ -3.6936121, 40.4178195 ], [ -3.6934847, 40.4182567 ], [ -3.6933546, 40.4188087 ], [ -3.6930296, 40.4192793 ] ] ] } },
{ "type": "Feature", "properties": { "district": "Salamanca", "admin_level": "9" }, "geometry": { "type": "Polygon", "coordinates": [ [ [ -3.6930296, 40.4192793 ], [ -3.6904647, 40.4247679 ], [ -3.6906599, 40.4248919 ], [ -3.6897474, 40.4278831 ], [ -3.6894037, 40.4292099 ], [ -3.689361, 40.4293828 ], [ -3.6893395, 40.4294696 ], [ -3.6890374, 40.4306338 ], [ -3.6884365, 40.4329062 ], [ -3.688704, 40.4347393 ], [ -3.68873, 40.4351176 ], [ -3.6887342, 40.4352335 ], [ -3.6890013, 40.4355608 ], [ -3.6891621, 40.4357454 ], [ -3.6904717, 40.4376316 ], [ -3.6906796, 40.4379785 ], [ -3.68946, 40.4379315 ], [ -3.6791399, 40.4374072 ], [ -3.6773836, 40.4373784 ], [ -3.6751978, 40.4386491 ], [ -3.6749188, 40.4387716 ], [ -3.6743395, 40.4389186 ], [ -3.6723439, 40.4392615 ], [ -3.671271, 40.4395555 ], [ -3.670005, 40.4400699 ], [ -3.6649732, 40.4430585 ], [ -3.6640827, 40.4434341 ], [ -3.6605199, 40.4446296 ], [ -3.66049, 40.4445782 ], [ -3.6602213, 40.4440613 ], [ -3.6599224, 40.4434356 ], [ -3.6595431, 40.4425037 ], [ -3.6593617, 40.441949 ], [ -3.6592506, 40.4414562 ], [ -3.659132, 40.4404089 ], [ -3.6591368, 40.4398124 ], [ -3.6591765, 40.4392763 ], [ -3.6592574, 40.4386262 ], [ -3.6593681, 40.4380217 ], [ -3.6594202, 40.4377686 ], [ -3.6594707, 40.437516 ], [ -3.6595988, 40.4368906 ], [ -3.6597085, 40.436382 ], [ -3.6597742, 40.4360954 ], [ -3.6599589, 40.4352541 ], [ -3.6601078, 40.4345912 ], [ -3.6602217, 40.4339901 ], [ -3.6603619, 40.4334166 ], [ -3.660514, 40.432623 ], [ -3.6606367, 40.4319937 ], [ -3.660639, 40.4317049 ], [ -3.6606617, 40.4313488 ], [ -3.6606382, 40.4308993 ], [ -3.6605436, 40.4296388 ], [ -3.6604232, 40.4284699 ], [ -3.6602642, 40.4273149 ], [ -3.6602551, 40.4269622 ], [ -3.6602256, 40.42667 ], [ -3.6601052, 40.4262342 ], [ -3.6599712, 40.4257276 ], [ -3.6596691, 40.4245345 ], [ -3.6593443, 40.4232341 ], [ -3.6591512, 40.4223401 ], [ -3.659024, 40.4212749 ], [ -3.6589558, 40.4206939 ], [ -3.6588536, 40.4195871 ], [ -3.65879, 40.4186706 ], [ -3.6592601, 40.4187822 ], [ -3.6598117, 40.4189144 ], [ -3.6602974, 40.4190316 ], [ -3.6609889, 40.4192027 ], [ -3.662181, 40.4194942 ], [ -3.6631327, 40.419733 ], [ -3.6641536, 40.4199856 ], [ -3.6652208, 40.4202511 ], [ -3.66656, 40.4205941 ], [ -3.6679144, 40.4209212 ], [ -3.6685934, 40.4210918 ], [ -3.6689808, 40.4211732 ], [ -3.6712341, 40.4213082 ], [ -3.6743441, 40.4214624 ], [ -3.6759427, 40.4215441 ], [ -3.6794617, 40.4217289 ], [ -3.6799894, 40.4216608 ], [ -3.688199, 40.4200623 ], [ -3.6891168, 40.4198548 ], [ -3.6893522, 40.4198263 ], [ -3.6919418, 40.4195124 ], [ -3.6926531, 40.4194084 ], [ -3.6930296, 40.4192793 ] ] ] } },
{ "type": "Feature", "properties": { "district": "Chamartín", "admin_level": "9" }, "geometry": { "type": "Polygon", "coordinates": [ [ [ -3.6912759, 40.4462118 ], [ -3.6912136, 40.4468789 ], [ -3.6909712, 40.4492777 ], [ -3.6909175, 40.4497444 ], [ -3.6906966, 40.4520963 ], [ -3.6906684, 40.4523969 ], [ -3.6905331, 40.4537757 ], [ -3.690364, 40.4554993 ], [ -3.6903022, 40.4561289 ], [ -3.6902819, 40.4563355 ], [ -3.6901688, 40.4575484 ], [ -3.6900878, 40.4584175 ], [ -3.6900212, 40.4590643 ], [ -3.6899487, 40.4597692 ], [ -3.6897399, 40.4619861 ], [ -3.6896927, 40.4624856 ], [ -3.6894644, 40.4647283 ], [ -3.6893025, 40.4659251 ], [ -3.6888069, 40.4678567 ], [ -3.6881092, 40.4705841 ], [ -3.6875973, 40.4725804 ], [ -3.6872014, 40.4740123 ], [ -3.6871488, 40.4741683 ], [ -3.6868495, 40.4750559 ], [ -3.6864242, 40.4766993 ], [ -3.685949, 40.4785353 ], [ -3.6858105, 40.4790704 ], [ -3.6854309, 40.4804769 ], [ -3.6853359, 40.480829 ], [ -3.685258, 40.4813086 ], [ -3.6852275, 40.4817211 ], [ -3.6852448, 40.4822953 ], [ -3.6852481, 40.4824034 ], [ -3.6853474, 40.4825779 ], [ -3.6856926, 40.4827926 ], [ -3.6864072, 40.4830553 ], [ -3.6856564, 40.4829256 ], [ -3.684776, 40.4828778 ], [ -3.6836885, 40.4829007 ], [ -3.6828693, 40.4829713 ], [ -3.6829129, 40.4827526 ], [ -3.6823995, 40.4829139 ], [ -3.6822823, 40.4829501 ], [ -3.6815378, 40.4831495 ], [ -3.6801279, 40.483531 ], [ -3.6798222, 40.4836024 ], [ -3.6795056, 40.483676 ], [ -3.6788179, 40.4837997 ], [ -3.6782167, 40.4838757 ], [ -3.6772198, 40.4839678 ], [ -3.676243, 40.4839724 ], [ -3.6759183, 40.4839868 ], [ -3.6755856, 40.4840042 ], [ -3.6752456, 40.4840166 ], [ -3.6751081, 40.4840184 ], [ -3.6745418, 40.4840256 ], [ -3.6743704, 40.4840278 ], [ -3.6739444, 40.4840409 ], [ -3.6734578, 40.48406 ], [ -3.6739014, 40.4810699 ], [ -3.6739302, 40.4808979 ], [ -3.6740805, 40.4802001 ], [ -3.6742347, 40.4793868 ], [ -3.6743825, 40.4783428 ], [ -3.6743987, 40.4774433 ], [ -3.6743123, 40.4761052 ], [ -3.674014, 40.4749226 ], [ -3.6737431, 40.4741255 ], [ -3.6734165, 40.4733951 ], [ -3.6730446, 40.4727337 ], [ -3.6726061, 40.4720773 ], [ -3.6722265, 40.4715741 ], [ -3.6699909, 40.4690111 ], [ -3.6697263, 40.4686378 ], [ -3.6684645, 40.466678 ], [ -3.667874, 40.4657609 ], [ -3.6669118, 40.4639454 ], [ -3.6655695, 40.461449 ], [ -3.6648568, 40.4600786 ], [ -3.664107, 40.4583083 ], [ -3.6636018, 40.4564304 ], [ -3.6633372, 40.4551528 ], [ -3.6630811, 40.4531586 ], [ -3.6627984, 40.4511331 ], [ -3.6622355, 40.4487973 ], [ -3.6617159, 40.447212 ], [ -3.661509, 40.4466775 ], [ -3.6612973, 40.4461173 ], [ -3.6610327, 40.4456523 ], [ -3.6607296, 40.4450958 ], [ -3.6605199, 40.4446296 ], [ -3.6640827, 40.4434341 ], [ -3.6649732, 40.4430585 ], [ -3.670005, 40.4400699 ], [ -3.671271, 40.4395555 ], [ -3.6723439, 40.4392615 ], [ -3.6743395, 40.4389186 ], [ -3.6749188, 40.4387716 ], [ -3.6751978, 40.4386491 ], [ -3.6773836, 40.4373784 ], [ -3.6791399, 40.4374072 ], [ -3.68946, 40.4379315 ], [ -3.6906796, 40.4379785 ], [ -3.6908155, 40.4382304 ], [ -3.6909127, 40.4386165 ], [ -3.6913679, 40.4399711 ], [ -3.6915844, 40.4405203 ], [ -3.6917292, 40.4407572 ], [ -3.6917412, 40.4410677 ], [ -3.6917336, 40.4412876 ], [ -3.6916974, 40.4417591 ], [ -3.6913439, 40.4454834 ], [ -3.6912759, 40.4462118 ] ] ] } },
{ "type": "Feature", "properties": { "district": "Tetuán", "admin_level": "9" }, "geometry": { "type": "Polygon", "coordinates": [ [ [ -3.7132211, 40.4684882 ], [ -3.7130904, 40.4687783 ], [ -3.7129816, 40.4689608 ], [ -3.7129292, 40.4690574 ], [ -3.7128752, 40.4691529 ], [ -3.7127251, 40.4695486 ], [ -3.7126238, 40.4699372 ], [ -3.712478, 40.4702715 ], [ -3.7123196, 40.4704965 ], [ -3.7121041, 40.4707102 ], [ -3.7115823, 40.4710574 ], [ -3.7112814, 40.471171 ], [ -3.7111397, 40.4712163 ], [ -3.710999, 40.4712528 ], [ -3.7107759, 40.4712925 ], [ -3.7106409, 40.4713081 ], [ -3.7102706, 40.4713429 ], [ -3.7095335, 40.4714096 ], [ -3.708062, 40.4715465 ], [ -3.7049326, 40.4718358 ], [ -3.7043553, 40.4719567 ], [ -3.7042211, 40.4720075 ], [ -3.7040861, 40.4720634 ], [ -3.7039476, 40.4721323 ], [ -3.7038237, 40.4722032 ], [ -3.7036647, 40.472315 ], [ -3.703516, 40.4724424 ], [ -3.7033246, 40.4726225 ], [ -3.7031528, 40.4727733 ], [ -3.7024925, 40.4733204 ], [ -3.7020539, 40.4738182 ], [ -3.7019083, 40.4739835 ], [ -3.7016215, 40.4741715 ], [ -3.7013226, 40.4744521 ], [ -3.7011498, 40.4745765 ], [ -3.7009654, 40.4746884 ], [ -3.7007622, 40.4747807 ], [ -3.7006104, 40.4748376 ], [ -3.7003816, 40.4749069 ], [ -3.7002508, 40.4749353 ], [ -3.7000243, 40.4749672 ], [ -3.6997395, 40.4749761 ], [ -3.6994756, 40.4749619 ], [ -3.6991767, 40.4749175 ], [ -3.6988989, 40.4748429 ], [ -3.6984576, 40.4746742 ], [ -3.698084, 40.47458 ], [ -3.6977127, 40.4745445 ], [ -3.6974045, 40.4745374 ], [ -3.6970612, 40.4745783 ], [ -3.6962907, 40.4747541 ], [ -3.6960315, 40.4747754 ], [ -3.6957513, 40.4747754 ], [ -3.6954104, 40.4747239 ], [ -3.6949971, 40.4746298 ], [ -3.6944274, 40.4745658 ], [ -3.6942499, 40.4745516 ], [ -3.6940538, 40.4745552 ], [ -3.6938856, 40.4745587 ], [ -3.6937245, 40.47458 ], [ -3.6929073, 40.4747097 ], [ -3.6925173, 40.4747239 ], [ -3.69209, 40.4746813 ], [ -3.6917316, 40.4746258 ], [ -3.6917212, 40.4746209 ], [ -3.6913197, 40.4744932 ], [ -3.6910998, 40.4744786 ], [ -3.6907708, 40.4744546 ], [ -3.6903568, 40.474536 ], [ -3.6897815, 40.4746492 ], [ -3.6894132, 40.4747311 ], [ -3.6891456, 40.4745683 ], [ -3.6888016, 40.474423 ], [ -3.6882606, 40.4743246 ], [ -3.6871488, 40.4741683 ], [ -3.6872014, 40.4740123 ], [ -3.6875973, 40.4725804 ], [ -3.6881092, 40.4705841 ], [ -3.6888069, 40.4678567 ], [ -3.6893025, 40.4659251 ], [ -3.6894644, 40.4647283 ], [ -3.6896927, 40.4624856 ], [ -3.6897399, 40.4619861 ], [ -3.6899487, 40.4597692 ], [ -3.6900212, 40.4590643 ], [ -3.6900878, 40.4584175 ], [ -3.6901688, 40.4575484 ], [ -3.6902819, 40.4563355 ], [ -3.6903022, 40.4561289 ], [ -3.690364, 40.4554993 ], [ -3.6905331, 40.4537757 ], [ -3.6906684, 40.4523969 ], [ -3.6906966, 40.4520963 ], [ -3.6909175, 40.4497444 ], [ -3.6909712, 40.4492777 ], [ -3.6912136, 40.4468789 ], [ -3.6912759, 40.4462118 ], [ -3.6916562, 40.4463504 ], [ -3.6919364, 40.446361 ], [ -3.6920545, 40.4463627 ], [ -3.6921553, 40.4463674 ], [ -3.6921934, 40.4463701 ], [ -3.692247, 40.4463731 ], [ -3.6931159, 40.4464156 ], [ -3.6947938, 40.4464999 ], [ -3.6948863, 40.446485 ], [ -3.6955999, 40.446509 ], [ -3.6958456, 40.4465262 ], [ -3.6969172, 40.4465734 ], [ -3.6969637, 40.4465754 ], [ -3.6971318, 40.4465851 ], [ -3.6971431, 40.4465857 ], [ -3.6979215, 40.4466257 ], [ -3.6982211, 40.4466417 ], [ -3.6984337, 40.4466486 ], [ -3.6986277, 40.4466599 ], [ -3.6987617, 40.4466645 ], [ -3.6988062, 40.446666 ], [ -3.6993339, 40.4466847 ], [ -3.6996108, 40.4466946 ], [ -3.6997605, 40.4467209 ], [ -3.6998107, 40.4467294 ], [ -3.6998606, 40.446736 ], [ -3.6999216, 40.4467421 ], [ -3.6999905, 40.4467466 ], [ -3.70014, 40.4467562 ], [ -3.7006707, 40.4467839 ], [ -3.7010589, 40.4468022 ], [ -3.7016418, 40.4468317 ], [ -3.7023791, 40.4468677 ], [ -3.7024161, 40.4468668 ], [ -3.7024447, 40.446865 ], [ -3.702475, 40.4468625 ], [ -3.7025048, 40.4468611 ], [ -3.702545, 40.4468606 ], [ -3.7029636, 40.4468844 ], [ -3.7031288, 40.4468929 ], [ -3.7032552, 40.4469002 ], [ -3.7032963, 40.4469026 ], [ -3.7033305, 40.4469049 ], [ -3.7033691, 40.446908 ], [ -3.7033891, 40.4469103 ], [ -3.7034075, 40.4469134 ], [ -3.7034266, 40.4469179 ], [ -3.7034513, 40.4469252 ], [ -3.703596, 40.4469749 ], [ -3.7039151, 40.4468535 ], [ -3.7045459, 40.4468812 ], [ -3.7058569, 40.4469546 ], [ -3.7061686, 40.4469654 ], [ -3.7082704, 40.4471001 ], [ -3.7084027, 40.4472756 ], [ -3.7085672, 40.4475112 ], [ -3.7088311, 40.4479461 ], [ -3.7092928, 40.4487213 ], [ -3.7098287, 40.4494235 ], [ -3.7101277, 40.4498694 ], [ -3.7115827, 40.4520393 ], [ -3.711786, 40.4524016 ], [ -3.7122221, 40.4524848 ], [ -3.7133277, 40.453044 ], [ -3.712673, 40.4539509 ], [ -3.7130078, 40.4545943 ], [ -3.7130555, 40.4547451 ], [ -3.7130731, 40.4548437 ], [ -3.713057, 40.4550952 ], [ -3.7130527, 40.4551889 ], [ -3.7130195, 40.4553943 ], [ -3.7129519, 40.4554967 ], [ -3.7128767, 40.4556058 ], [ -3.7124748, 40.4561737 ], [ -3.7123906, 40.4562961 ], [ -3.7123069, 40.4564189 ], [ -3.7122428, 40.45651 ], [ -3.7121828, 40.4565969 ], [ -3.7118669, 40.4570469 ], [ -3.711687, 40.4573057 ], [ -3.7116551, 40.4573862 ], [ -3.7113958, 40.457555 ], [ -3.7114034, 40.4577334 ], [ -3.7112365, 40.4579325 ], [ -3.7106794, 40.4586453 ], [ -3.7084718, 40.4618735 ], [ -3.7083681, 40.4622577 ], [ -3.7085086, 40.4625743 ], [ -3.7089412, 40.4632405 ], [ -3.7091021, 40.4634282 ], [ -3.7091772, 40.4635262 ], [ -3.7092899, 40.464167 ], [ -3.7093811, 40.4643261 ], [ -3.7101297, 40.4651937 ], [ -3.7102589, 40.4654077 ], [ -3.7103243, 40.4655626 ], [ -3.7104563, 40.4657884 ], [ -3.7107383, 40.465998 ], [ -3.7110601, 40.4662522 ], [ -3.7117156, 40.4667923 ], [ -3.7123025, 40.4675206 ], [ -3.712754, 40.4679989 ], [ -3.7127631, 40.4680082 ], [ -3.7127989, 40.4680464 ], [ -3.7128641, 40.4681147 ], [ -3.7130568, 40.4683168 ], [ -3.7132211, 40.4684882 ] ] ] } },
{ "type": "Feature", "properties": { "district": "Chamberí", "admin_level": "9" }, "geometry": { "type": "Polygon", "coordinates": [ [ [ -3.7182714, 40.4355418 ], [ -3.7175842, 40.4389737 ], [ -3.7175911, 40.4392278 ], [ -3.7175897, 40.4393619 ], [ -3.7176051, 40.4396278 ], [ -3.7176192, 40.4398085 ], [ -3.7197743, 40.4437602 ], [ -3.7198555, 40.4451305 ], [ -3.7196743, 40.4454093 ], [ -3.7196659, 40.4454356 ], [ -3.7196481, 40.4454591 ], [ -3.719622, 40.4454782 ], [ -3.7194688, 40.4455853 ], [ -3.7192551, 40.4456906 ], [ -3.7182665, 40.4466108 ], [ -3.7178968, 40.4466905 ], [ -3.7175579, 40.4467093 ], [ -3.7172683, 40.4466811 ], [ -3.7147323, 40.4457899 ], [ -3.7144802, 40.4458494 ], [ -3.7100824, 40.4469256 ], [ -3.7093798, 40.4470913 ], [ -3.7091911, 40.4471144 ], [ -3.7089512, 40.4471188 ], [ -3.7082704, 40.4471001 ], [ -3.7061686, 40.4469654 ], [ -3.7058569, 40.4469546 ], [ -3.7045459, 40.4468812 ], [ -3.7039151, 40.4468535 ], [ -3.703596, 40.4469749 ], [ -3.7034513, 40.4469252 ], [ -3.7034266, 40.4469179 ], [ -3.7034075, 40.4469134 ], [ -3.7033891, 40.4469103 ], [ -3.7033691, 40.446908 ], [ -3.7033305, 40.4469049 ], [ -3.7032963, 40.4469026 ], [ -3.7032552, 40.4469002 ], [ -3.7031288, 40.4468929 ], [ -3.7029636, 40.4468844 ], [ -3.702545, 40.4468606 ], [ -3.7025048, 40.4468611 ], [ -3.702475, 40.4468625 ], [ -3.7024447, 40.446865 ], [ -3.7024161, 40.4468668 ], [ -3.7023791, 40.4468677 ], [ -3.7016418, 40.4468317 ], [ -3.7010589, 40.4468022 ], [ -3.7006707, 40.4467839 ], [ -3.70014, 40.4467562 ], [ -3.6999905, 40.4467466 ], [ -3.6999216, 40.4467421 ], [ -3.6998606, 40.446736 ], [ -3.6998107, 40.4467294 ], [ -3.6997605, 40.4467209 ], [ -3.6996108, 40.4466946 ], [ -3.6993339, 40.4466847 ], [ -3.6988062, 40.446666 ], [ -3.6987617, 40.4466645 ], [ -3.6986277, 40.4466599 ], [ -3.6984337, 40.4466486 ], [ -3.6982211, 40.4466417 ], [ -3.6979215, 40.4466257 ], [ -3.6971431, 40.4465857 ], [ -3.6971318, 40.4465851 ], [ -3.6969637, 40.4465754 ], [ -3.6969172, 40.4465734 ], [ -3.6958456, 40.4465262 ], [ -3.6955999, 40.446509 ], [ -3.6948863, 40.446485 ], [ -3.6947938, 40.4464999 ], [ -3.6931159, 40.4464156 ], [ -3.692247, 40.4463731 ], [ -3.6921934, 40.4463701 ], [ -3.6921553, 40.4463674 ], [ -3.6920545, 40.4463627 ], [ -3.6919364, 40.446361 ], [ -3.6916562, 40.4463504 ], [ -3.6912759, 40.4462118 ], [ -3.6913439, 40.4454834 ], [ -3.6916974, 40.4417591 ], [ -3.6917336, 40.4412876 ], [ -3.6917412, 40.4410677 ], [ -3.6917292, 40.4407572 ], [ -3.6915844, 40.4405203 ], [ -3.6913679, 40.4399711 ], [ -3.6909127, 40.4386165 ], [ -3.6908155, 40.4382304 ], [ -3.6906796, 40.4379785 ], [ -3.6904717, 40.4376316 ], [ -3.6891621, 40.4357454 ], [ -3.6890013, 40.4355608 ], [ -3.6887342, 40.4352335 ], [ -3.68873, 40.4351176 ], [ -3.688704, 40.4347393 ], [ -3.6884365, 40.4329062 ], [ -3.6890374, 40.4306338 ], [ -3.6893395, 40.4294696 ], [ -3.689361, 40.4293828 ], [ -3.6894037, 40.4292099 ], [ -3.6897474, 40.4278831 ], [ -3.6906599, 40.4248919 ], [ -3.6908691, 40.4250723 ], [ -3.6909553, 40.4251315 ], [ -3.6910469, 40.4252021 ], [ -3.6911404, 40.4252616 ], [ -3.691185, 40.4252917 ], [ -3.6912246, 40.4253158 ], [ -3.6915281, 40.4254989 ], [ -3.6917646, 40.4256238 ], [ -3.6920459, 40.4257689 ], [ -3.6926316, 40.4260558 ], [ -3.6926656, 40.4260732 ], [ -3.6927647, 40.426124 ], [ -3.6928441, 40.4261637 ], [ -3.6934998, 40.4264946 ], [ -3.6935579, 40.4265229 ], [ -3.6938665, 40.4266805 ], [ -3.693992, 40.4267371 ], [ -3.6940248, 40.4267534 ], [ -3.6947895, 40.4271468 ], [ -3.6948874, 40.4271943 ], [ -3.695268, 40.4273835 ], [ -3.6952907, 40.4273947 ], [ -3.6953057, 40.4274018 ], [ -3.6957096, 40.4275939 ], [ -3.6958692, 40.4276311 ], [ -3.6961228, 40.4277118 ], [ -3.6962981, 40.4277383 ], [ -3.6963391, 40.4277429 ], [ -3.6971394, 40.4279141 ], [ -3.6978061, 40.4280487 ], [ -3.6978419, 40.4280559 ], [ -3.6980235, 40.4280926 ], [ -3.6989437, 40.4282908 ], [ -3.6991192, 40.4283269 ], [ -3.6994114, 40.4283878 ], [ -3.6997052, 40.4284514 ], [ -3.6997436, 40.4284594 ], [ -3.7005028, 40.4286179 ], [ -3.7013481, 40.4287754 ], [ -3.7016676, 40.4288428 ], [ -3.7017003, 40.428849 ], [ -3.7019962, 40.4289059 ], [ -3.7021341, 40.4289278 ], [ -3.7023372, 40.4289588 ], [ -3.7024053, 40.4289821 ], [ -3.7025836, 40.4290241 ], [ -3.702633, 40.4290324 ], [ -3.7027099, 40.4290454 ], [ -3.7032648, 40.4291362 ], [ -3.7047289, 40.4293795 ], [ -3.7052718, 40.4294752 ], [ -3.7053155, 40.4294819 ], [ -3.7054416, 40.4295011 ], [ -3.7056302, 40.4295192 ], [ -3.7058129, 40.4295443 ], [ -3.7059385, 40.4296187 ], [ -3.7063234, 40.4296569 ], [ -3.7063893, 40.4296636 ], [ -3.7067355, 40.429644 ], [ -3.7077229, 40.4297274 ], [ -3.7082327, 40.42978 ], [ -3.708441, 40.4297986 ], [ -3.7085554, 40.4298099 ], [ -3.7089106, 40.4298421 ], [ -3.7092028, 40.4298739 ], [ -3.7092429, 40.4298776 ], [ -3.7092989, 40.4298828 ], [ -3.710511, 40.4300097 ], [ -3.7106767, 40.4300272 ], [ -3.7106787, 40.4300274 ], [ -3.7107258, 40.4300324 ], [ -3.7107434, 40.4300345 ], [ -3.7110174, 40.4300654 ], [ -3.7119214, 40.4301627 ], [ -3.7120765, 40.4301769 ], [ -3.7121229, 40.4301808 ], [ -3.7121484, 40.4301829 ], [ -3.7160969, 40.430544 ], [ -3.7162454, 40.4306258 ], [ -3.7165885, 40.4311208 ], [ -3.7170999, 40.4318097 ], [ -3.7171778, 40.4319146 ], [ -3.7174638, 40.4323181 ], [ -3.7179766, 40.4330094 ], [ -3.7179129, 40.4330227 ], [ -3.7173182, 40.4331454 ], [ -3.7184224, 40.4347672 ], [ -3.7182714, 40.4355418 ] ] ] } },
{ "type": "Feature", "properties": { "district": "Ciudad Lineal", "admin_level": "9" }, "geometry": { "type": "Polygon", "coordinates": [ [ [ -3.6734578, 40.48406 ], [ -3.6726098, 40.4840927 ], [ -3.6717429, 40.4841171 ], [ -3.6704841, 40.4841646 ], [ -3.6698681, 40.4841714 ], [ -3.6692968, 40.4841782 ], [ -3.6686004, 40.4841442 ], [ -3.6679577, 40.4841306 ], [ -3.6671096, 40.4840627 ], [ -3.6654491, 40.4838862 ], [ -3.6640976, 40.4836905 ], [ -3.662078, 40.4833632 ], [ -3.660655, 40.4831275 ], [ -3.6597198, 40.482966 ], [ -3.6612353, 40.4819862 ], [ -3.664836, 40.4783581 ], [ -3.6651579, 40.4780643 ], [ -3.665351, 40.4777705 ], [ -3.665469, 40.4775093 ], [ -3.6655763, 40.4772074 ], [ -3.6656407, 40.4768564 ], [ -3.6656728, 40.4764892 ], [ -3.6656514, 40.4761709 ], [ -3.6656192, 40.4756976 ], [ -3.6654475, 40.4749794 ], [ -3.663435, 40.4675053 ], [ -3.662669, 40.464614 ], [ -3.662485, 40.4640809 ], [ -3.6621098, 40.463467 ], [ -3.6620284, 40.4633916 ], [ -3.661947, 40.4633162 ], [ -3.6603194, 40.4621799 ], [ -3.6563099, 40.4594232 ], [ -3.6541529, 40.4569062 ], [ -3.6513826, 40.4537808 ], [ -3.6500816, 40.4520793 ], [ -3.6480467, 40.4494606 ], [ -3.6475529, 40.4486886 ], [ -3.646504, 40.4477234 ], [ -3.6449088, 40.4469362 ], [ -3.6404709, 40.4447904 ], [ -3.6400074, 40.4444748 ], [ -3.639487, 40.4440107 ], [ -3.6390967, 40.4436023 ], [ -3.6383585, 40.4425804 ], [ -3.6354444, 40.4385465 ], [ -3.6354363, 40.4385352 ], [ -3.6380335, 40.437888 ], [ -3.6379957, 40.4378328 ], [ -3.6374251, 40.4370431 ], [ -3.6367671, 40.4361345 ], [ -3.6365208, 40.4357926 ], [ -3.6362325, 40.4353923 ], [ -3.6359662, 40.435023 ], [ -3.635703, 40.4346591 ], [ -3.635695, 40.4346484 ], [ -3.6352526, 40.4340593 ], [ -3.6351723, 40.4339525 ], [ -3.635032, 40.4337573 ], [ -3.6344825, 40.4329917 ], [ -3.6344506, 40.4329472 ], [ -3.6344276, 40.4329155 ], [ -3.6342851, 40.4327193 ], [ -3.6341256, 40.4325017 ], [ -3.6338459, 40.4321194 ], [ -3.6336635, 40.4318635 ], [ -3.6330395, 40.4309888 ], [ -3.632616, 40.4304081 ], [ -3.6324059, 40.4301193 ], [ -3.6323156, 40.4299951 ], [ -3.6320121, 40.4295779 ], [ -3.6316023, 40.4290159 ], [ -3.6304746, 40.4274451 ], [ -3.6300199, 40.4268147 ], [ -3.6298939, 40.4266536 ], [ -3.6297137, 40.4264166 ], [ -3.6295582, 40.4262172 ], [ -3.6295331, 40.4261849 ], [ -3.6294934, 40.426125 ], [ -3.6294149, 40.4260065 ], [ -3.6292342, 40.4257307 ], [ -3.6290536, 40.4254542 ], [ -3.6288255, 40.4251076 ], [ -3.6286216, 40.4247968 ], [ -3.6284151, 40.424484 ], [ -3.6280802, 40.4240675 ], [ -3.6278846, 40.4238259 ], [ -3.6275893, 40.4234585 ], [ -3.6274345, 40.4232672 ], [ -3.6273019, 40.4230856 ], [ -3.6270649, 40.4227556 ], [ -3.6266266, 40.4221474 ], [ -3.626603, 40.4221147 ], [ -3.6262397, 40.4216098 ], [ -3.6260409, 40.4213348 ], [ -3.6253178, 40.420332 ], [ -3.6247238, 40.4195257 ], [ -3.6245411, 40.4192722 ], [ -3.6244636, 40.4191583 ], [ -3.624284, 40.4189233 ], [ -3.6241488, 40.4187213 ], [ -3.6240977, 40.4186372 ], [ -3.6239547, 40.4183987 ], [ -3.6238541, 40.4182301 ], [ -3.6235971, 40.4178871 ], [ -3.6233364, 40.4175409 ], [ -3.6230845, 40.4172061 ], [ -3.6227026, 40.416687 ], [ -3.622476, 40.4163617 ], [ -3.6222866, 40.4160921 ], [ -3.6221075, 40.4158488 ], [ -3.6219036, 40.4155412 ], [ -3.6216641, 40.4152095 ], [ -3.6214716, 40.4149332 ], [ -3.6213658, 40.4147782 ], [ -3.6211408, 40.4143962 ], [ -3.6207898, 40.4137989 ], [ -3.6203687, 40.4130837 ], [ -3.6211508, 40.4130672 ], [ -3.6213077, 40.4130617 ], [ -3.6215988, 40.4130617 ], [ -3.6219952, 40.4130719 ], [ -3.6224349, 40.4130978 ], [ -3.6230811, 40.4131615 ], [ -3.6232968, 40.4131859 ], [ -3.6239327, 40.4132951 ], [ -3.6242341, 40.413347 ], [ -3.6244334, 40.4133934 ], [ -3.6248824, 40.4134924 ], [ -3.6250992, 40.4135451 ], [ -3.6255854, 40.413692 ], [ -3.626245, 40.4139168 ], [ -3.6269263, 40.4141518 ], [ -3.6275911, 40.4143813 ], [ -3.6280228, 40.414528 ], [ -3.6282658, 40.4146012 ], [ -3.6290319, 40.4148217 ], [ -3.6295138, 40.4149223 ], [ -3.6299476, 40.4150127 ], [ -3.6303534, 40.4150686 ], [ -3.6306804, 40.4151134 ], [ -3.6314479, 40.4151845 ], [ -3.6321674, 40.4151977 ], [ -3.6324998, 40.4152008 ], [ -3.6332886, 40.4151571 ], [ -3.6337945, 40.4151286 ], [ -3.6344886, 40.4150239 ], [ -3.636458, 40.4147457 ], [ -3.6375079, 40.4145961 ], [ -3.6384089, 40.4145168 ], [ -3.6390483, 40.4144619 ], [ -3.6396837, 40.4144497 ], [ -3.640578, 40.4144314 ], [ -3.6410372, 40.4144274 ], [ -3.6424974, 40.4144944 ], [ -3.6428952, 40.4145127 ], [ -3.643341, 40.4145625 ], [ -3.6440992, 40.4146449 ], [ -3.6446411, 40.4147343 ], [ -3.6450856, 40.4148014 ], [ -3.6456609, 40.4148999 ], [ -3.6461094, 40.4149833 ], [ -3.6464832, 40.4150554 ], [ -3.6471439, 40.4152231 ], [ -3.6477579, 40.4153745 ], [ -3.648177, 40.4155006 ], [ -3.6496373, 40.4159426 ], [ -3.6497774, 40.4159843 ], [ -3.6498695, 40.4160138 ], [ -3.6501432, 40.4160951 ], [ -3.6511189, 40.4164365 ], [ -3.6519171, 40.416717 ], [ -3.6529009, 40.4170615 ], [ -3.6539981, 40.4174487 ], [ -3.6553489, 40.4178014 ], [ -3.6573965, 40.4183349 ], [ -3.65879, 40.4186706 ], [ -3.6588536, 40.4195871 ], [ -3.6589558, 40.4206939 ], [ -3.659024, 40.4212749 ], [ -3.6591512, 40.4223401 ], [ -3.6593443, 40.4232341 ], [ -3.6596691, 40.4245345 ], [ -3.6599712, 40.4257276 ], [ -3.6601052, 40.4262342 ], [ -3.6602256, 40.42667 ], [ -3.6602551, 40.4269622 ], [ -3.6602642, 40.4273149 ], [ -3.6604232, 40.4284699 ], [ -3.6605436, 40.4296388 ], [ -3.6606382, 40.4308993 ], [ -3.6606617, 40.4313488 ], [ -3.660639, 40.4317049 ], [ -3.6606367, 40.4319937 ], [ -3.660514, 40.432623 ], [ -3.6603619, 40.4334166 ], [ -3.6602217, 40.4339901 ], [ -3.6601078, 40.4345912 ], [ -3.6599589, 40.4352541 ], [ -3.6597742, 40.4360954 ], [ -3.6597085, 40.436382 ], [ -3.6595988, 40.4368906 ], [ -3.6594707, 40.437516 ], [ -3.6594202, 40.4377686 ], [ -3.6593681, 40.4380217 ], [ -3.6592574, 40.4386262 ], [ -3.6591765, 40.4392763 ], [ -3.6591368, 40.4398124 ], [ -3.659132, 40.4404089 ], [ -3.6592506, 40.4414562 ], [ -3.6593617, 40.441949 ], [ -3.6595431, 40.4425037 ], [ -3.6599224, 40.4434356 ], [ -3.6602213, 40.4440613 ], [ -3.66049, 40.4445782 ], [ -3.6605199, 40.4446296 ], [ -3.6607296, 40.4450958 ], [ -3.6610327, 40.4456523 ], [ -3.6612973, 40.4461173 ], [ -3.661509, 40.4466775 ], [ -3.6617159, 40.447212 ], [ -3.6622355, 40.4487973 ], [ -3.6627984, 40.4511331 ], [ -3.6630811, 40.4531586 ], [ -3.6633372, 40.4551528 ], [ -3.6636018, 40.4564304 ], [ -3.664107, 40.4583083 ], [ -3.6648568, 40.4600786 ], [ -3.6655695, 40.461449 ], [ -3.6669118, 40.4639454 ], [ -3.667874, 40.4657609 ], [ -3.6684645, 40.466678 ], [ -3.6697263, 40.4686378 ], [ -3.6699909, 40.4690111 ], [ -3.6722265, 40.4715741 ], [ -3.6726061, 40.4720773 ], [ -3.6730446, 40.4727337 ], [ -3.6734165, 40.4733951 ], [ -3.6737431, 40.4741255 ], [ -3.674014, 40.4749226 ], [ -3.6743123, 40.4761052 ], [ -3.6743987, 40.4774433 ], [ -3.6743825, 40.4783428 ], [ -3.6742347, 40.4793868 ], [ -3.6740805, 40.4802001 ], [ -3.6739302, 40.4808979 ], [ -3.6739014, 40.4810699 ], [ -3.6734578, 40.48406 ] ] ] } },
{ "type": "Feature", "properties": { "district": "Norte", "admin_level": "9" }, "geometry": { "type": "Polygon", "coordinates": [ [ [ -3.8780785, 40.3713938 ], [ -3.8779709, 40.3730883 ], [ -3.8744725, 40.3730878 ], [ -3.8734558, 40.3728683 ], [ -3.8733031, 40.3728353 ], [ -3.8719249, 40.3728367 ], [ -3.8713135, 40.3729224 ], [ -3.8698577, 40.3733028 ], [ -3.8694924, 40.3732875 ], [ -3.8685937, 40.373024 ], [ -3.8687015, 40.3740772 ], [ -3.8666031, 40.3739488 ], [ -3.8677977, 40.378003 ], [ -3.8637513, 40.3806137 ], [ -3.8626264, 40.3813394 ], [ -3.8621694, 40.3816343 ], [ -3.8613824, 40.382142 ], [ -3.854278, 40.3867253 ], [ -3.8528265, 40.3874748 ], [ -3.8520875, 40.3877325 ], [ -3.8477745, 40.3895389 ], [ -3.8452684, 40.3912214 ], [ -3.8438712, 40.3929574 ], [ -3.8432474, 40.3940212 ], [ -3.8430192, 40.3943937 ], [ -3.8428032, 40.3948831 ], [ -3.8427223, 40.3948832 ], [ -3.8422166, 40.3957096 ], [ -3.8420313, 40.396214 ], [ -3.8419574, 40.3964193 ], [ -3.841539, 40.3976054 ], [ -3.8401597, 40.3996756 ], [ -3.8390281, 40.4015487 ], [ -3.8378336, 40.4030979 ], [ -3.8303912, 40.40162 ], [ -3.8334126, 40.3981748 ], [ -3.8337732, 40.3967525 ], [ -3.8352412, 40.396592 ], [ -3.8351908, 40.3962354 ], [ -3.834162, 40.3960582 ], [ -3.8334564, 40.3954732 ], [ -3.8334597, 40.3954634 ], [ -3.833079, 40.3945018 ], [ -3.8329715, 40.3942453 ], [ -3.832905, 40.3940735 ], [ -3.8328139, 40.393866 ], [ -3.8327574, 40.3937489 ], [ -3.8327036, 40.3936537 ], [ -3.8326576, 40.3935895 ], [ -3.8326522, 40.3935912 ], [ -3.8325123, 40.3933274 ], [ -3.8323017, 40.3929688 ], [ -3.8320938, 40.3926469 ], [ -3.8319266, 40.3924087 ], [ -3.8309138, 40.3910345 ], [ -3.8309093, 40.3910365 ], [ -3.8309073, 40.3910338 ], [ -3.8308682, 40.3910519 ], [ -3.8303352, 40.3903649 ], [ -3.8301931, 40.3901833 ], [ -3.8301901, 40.3901847 ], [ -3.8301869, 40.3901702 ], [ -3.8302325, 40.3901286 ], [ -3.8302349, 40.3901088 ], [ -3.8302297, 40.3900984 ], [ -3.8298562, 40.3896122 ], [ -3.8295008, 40.3891592 ], [ -3.8293682, 40.3889778 ], [ -3.8289625, 40.3884491 ], [ -3.8237289, 40.382137 ], [ -3.8232008, 40.3811052 ], [ -3.8227776, 40.3805346 ], [ -3.8223916, 40.3801692 ], [ -3.8220622, 40.3798267 ], [ -3.821913, 40.3796819 ], [ -3.8216679, 40.3794913 ], [ -3.8215053, 40.3793769 ], [ -3.8213048, 40.3792253 ], [ -3.8210123, 40.3789194 ], [ -3.8205826, 40.3784549 ], [ -3.8201875, 40.3779689 ], [ -3.8196515, 40.3773416 ], [ -3.8186521, 40.3762162 ], [ -3.8180745, 40.3755759 ], [ -3.8178779, 40.3753438 ], [ -3.8177092, 40.3751654 ], [ -3.8175443, 40.3750013 ], [ -3.8172123, 40.3746198 ], [ -3.8170715, 40.3744807 ], [ -3.8166478, 40.3740096 ], [ -3.815369, 40.3724968 ], [ -3.8149478, 40.3719125 ], [ -3.8142084, 40.3710138 ], [ -3.8134599, 40.3700433 ], [ -3.8132895, 40.3698328 ], [ -3.8132116, 40.3696034 ], [ -3.8128112, 40.3687324 ], [ -3.8122009, 40.367336 ], [ -3.8120763, 40.3669795 ], [ -3.811821, 40.3663755 ], [ -3.811425, 40.365623 ], [ -3.8108952, 40.3645961 ], [ -3.8105153, 40.3637165 ], [ -3.8069304, 40.3664529 ], [ -3.8037253, 40.3640691 ], [ -3.8028103, 40.3633817 ], [ -3.7953966, 40.3619014 ], [ -3.7931968, 40.3611146 ], [ -3.7924497, 40.3606693 ], [ -3.7900099, 40.3594968 ], [ -3.7894381, 40.3592898 ], [ -3.7878994, 40.3587513 ], [ -3.7883978, 40.3585978 ], [ -3.7907145, 40.3583118 ], [ -3.7930372, 40.3575391 ], [ -3.7957185, 40.3572234 ], [ -3.796034, 40.357014 ], [ -3.7977022, 40.3566692 ], [ -3.7990209, 40.3566421 ], [ -3.8010318, 40.3553742 ], [ -3.8003911, 40.3550919 ], [ -3.7998508, 40.3547586 ], [ -3.799191, 40.354313 ], [ -3.798264, 40.3536728 ], [ -3.7984865, 40.3534632 ], [ -3.80512, 40.3472137 ], [ -3.8042791, 40.3456459 ], [ -3.8042712, 40.345632 ], [ -3.8035111, 40.3442958 ], [ -3.8026596, 40.3427512 ], [ -3.8020994, 40.3417357 ], [ -3.8082696, 40.3438466 ], [ -3.8083899, 40.3438935 ], [ -3.8163058, 40.3469818 ], [ -3.8177552, 40.3475781 ], [ -3.8184072, 40.3476039 ], [ -3.818479, 40.347743 ], [ -3.8186081, 40.3478939 ], [ -3.8204507, 40.3490161 ], [ -3.8205626, 40.3490277 ], [ -3.8207886, 40.3489684 ], [ -3.8210196, 40.3490554 ], [ -3.8210612, 40.3491618 ], [ -3.8210653, 40.3492762 ], [ -3.8211575, 40.3494027 ], [ -3.8213167, 40.3495284 ], [ -3.8233371, 40.3507062 ], [ -3.8236594, 40.3506949 ], [ -3.8238375, 40.3507707 ], [ -3.824058, 40.3511647 ], [ -3.824126, 40.3512298 ], [ -3.8245957, 40.351521 ], [ -3.8258518, 40.3522948 ], [ -3.8259578, 40.3523524 ], [ -3.8260876, 40.3524228 ], [ -3.8263289, 40.3524464 ], [ -3.8265315, 40.352514 ], [ -3.826652, 40.3525341 ], [ -3.8278865, 40.3522259 ], [ -3.8282711, 40.3521278 ], [ -3.8285922, 40.3523554 ], [ -3.8298804, 40.3532733 ], [ -3.8306, 40.3527869 ], [ -3.8310018, 40.3516791 ], [ -3.8313027, 40.3514763 ], [ -3.8316462, 40.3515254 ], [ -3.8344309, 40.3519237 ], [ -3.8360603, 40.3520766 ], [ -3.8400517, 40.3528689 ], [ -3.8419756, 40.3528838 ], [ -3.8446601, 40.3520616 ], [ -3.8480562, 40.3508862 ], [ -3.8501515, 40.3499983 ], [ -3.8522285, 40.3491182 ], [ -3.8556465, 40.3474033 ], [ -3.8609358, 40.3441572 ], [ -3.863746, 40.3450594 ], [ -3.8650332, 40.3460322 ], [ -3.8670362, 40.3471591 ], [ -3.8666294, 40.3492709 ], [ -3.8665349, 40.3514214 ], [ -3.8676129, 40.3536623 ], [ -3.8709092, 40.3531204 ], [ -3.8708195, 40.3537457 ], [ -3.8707903, 40.3542234 ], [ -3.8706109, 40.3549275 ], [ -3.8702606, 40.3569932 ], [ -3.8707415, 40.3586743 ], [ -3.8709812, 40.3589968 ], [ -3.8712788, 40.3592468 ], [ -3.8716753, 40.3598565 ], [ -3.8717985, 40.360279 ], [ -3.8736556, 40.3618145 ], [ -3.8737094, 40.3623367 ], [ -3.8736673, 40.3627244 ], [ -3.8740362, 40.3630189 ], [ -3.8744633, 40.3632589 ], [ -3.8770842, 40.3655634 ], [ -3.878787, 40.3696598 ], [ -3.8780785, 40.3713938 ] ] ] } },
{ "type": "Feature", "properties": { "district": "Los Molinos", "admin_level": "9" }, "geometry": { "type": "Polygon", "coordinates": [ [ [ -3.7091323, 40.3232735 ], [ -3.7033035, 40.3222046 ], [ -3.6996785, 40.3223949 ], [ -3.6961688, 40.3222778 ], [ -3.6930191, 40.3201949 ], [ -3.6925304, 40.3204011 ], [ -3.6923289, 40.3159269 ], [ -3.6938658, 40.3148502 ], [ -3.6959108, 40.3146017 ], [ -3.6986375, 40.3142704 ], [ -3.706888, 40.3142765 ], [ -3.7086455, 40.3143151 ], [ -3.7087737, 40.315317 ], [ -3.7090032, 40.3165669 ], [ -3.7095809, 40.320058 ], [ -3.7093771, 40.3216981 ], [ -3.7093985, 40.3222257 ], [ -3.7091323, 40.3232735 ] ] ] } },
{ "type": "Feature", "properties": { "district": "Getafe Norte", "admin_level": "9" }, "geometry": { "type": "Polygon", "coordinates": [ [ [ -3.7265839, 40.3203661 ], [ -3.7265566, 40.3205655 ], [ -3.7264857, 40.321083 ], [ -3.7264666, 40.3212222 ], [ -3.7264032, 40.3216848 ], [ -3.7263903, 40.3217836 ], [ -3.7263146, 40.3224786 ], [ -3.7262908, 40.3226432 ], [ -3.7262855, 40.3226796 ], [ -3.7262803, 40.3227169 ], [ -3.7262548, 40.3229022 ], [ -3.7262475, 40.3229672 ], [ -3.7262287, 40.3231097 ], [ -3.7262252, 40.323135 ], [ -3.7261422, 40.3238214 ], [ -3.7260838, 40.3243044 ], [ -3.726057, 40.3245258 ], [ -3.7259863, 40.3246734 ], [ -3.725562, 40.3255587 ], [ -3.7253049, 40.3260943 ], [ -3.7253107, 40.3261908 ], [ -3.7253414, 40.326286 ], [ -3.7253685, 40.3263704 ], [ -3.7253684, 40.3264331 ], [ -3.7252304, 40.3267341 ], [ -3.7251887, 40.3267883 ], [ -3.7251084, 40.3268442 ], [ -3.7248844, 40.3269912 ], [ -3.7246453, 40.3274884 ], [ -3.7243285, 40.3281679 ], [ -3.7242907, 40.3281978 ], [ -3.7242309, 40.3282189 ], [ -3.7244578, 40.3284111 ], [ -3.724627, 40.3285023 ], [ -3.7239521, 40.3298453 ], [ -3.7202355, 40.3283473 ], [ -3.7184142, 40.3276067 ], [ -3.718275, 40.3274025 ], [ -3.7179264, 40.3271849 ], [ -3.7176731, 40.3272316 ], [ -3.7174066, 40.327234 ], [ -3.7168892, 40.3271623 ], [ -3.7145533, 40.326775 ], [ -3.7135269, 40.3265662 ], [ -3.7130332, 40.3256085 ], [ -3.7126029, 40.3238633 ], [ -3.7099054, 40.3236727 ], [ -3.7091323, 40.3232735 ], [ -3.7093985, 40.3222257 ], [ -3.7093771, 40.3216981 ], [ -3.7095809, 40.320058 ], [ -3.7090032, 40.3165669 ], [ -3.7087737, 40.315317 ], [ -3.7086455, 40.3143151 ], [ -3.7087441, 40.3142457 ], [ -3.7085167, 40.3128796 ], [ -3.7084041, 40.3119838 ], [ -3.7083176, 40.3118973 ], [ -3.7087575, 40.3119091 ], [ -3.7094215, 40.3119374 ], [ -3.7099022, 40.3119973 ], [ -3.7100636, 40.3120285 ], [ -3.7102593, 40.3120663 ], [ -3.7102436, 40.3121049 ], [ -3.7102457, 40.3121795 ], [ -3.7102784, 40.3122498 ], [ -3.7103385, 40.3123087 ], [ -3.7104199, 40.3123501 ], [ -3.7105142, 40.3123698 ], [ -3.7106154, 40.3123668 ], [ -3.7106784, 40.3123566 ], [ -3.7107462, 40.3123252 ], [ -3.710791, 40.3122792 ], [ -3.710833, 40.3122222 ], [ -3.7108435, 40.3121881 ], [ -3.7111364, 40.3122542 ], [ -3.7115467, 40.3123507 ], [ -3.7117577, 40.3123958 ], [ -3.7121932, 40.312489 ], [ -3.7122826, 40.3125069 ], [ -3.7123635, 40.3125232 ], [ -3.7139308, 40.3128561 ], [ -3.7142483, 40.3129171 ], [ -3.7142849, 40.3129233 ], [ -3.7143591, 40.3129358 ], [ -3.7144277, 40.3129501 ], [ -3.7145007, 40.3129789 ], [ -3.7146104, 40.3130223 ], [ -3.7146492, 40.3130477 ], [ -3.7146543, 40.3130777 ], [ -3.7148005, 40.3131535 ], [ -3.7148245, 40.3131676 ], [ -3.7148495, 40.3131824 ], [ -3.7150218, 40.3132841 ], [ -3.7152365, 40.3134107 ], [ -3.7154549, 40.3135341 ], [ -3.7157226, 40.3136853 ], [ -3.7161712, 40.3139387 ], [ -3.7163266, 40.3140264 ], [ -3.7176976, 40.3147874 ], [ -3.717761, 40.3148239 ], [ -3.7184973, 40.3152472 ], [ -3.7187184, 40.3153744 ], [ -3.7187878, 40.3153366 ], [ -3.7189354, 40.315321 ], [ -3.7190457, 40.3153823 ], [ -3.7190854, 40.3154408 ], [ -3.7190933, 40.3155035 ], [ -3.719151, 40.3156131 ], [ -3.7196324, 40.3158875 ], [ -3.7197319, 40.3161517 ], [ -3.7201949, 40.3164325 ], [ -3.7205261, 40.3166199 ], [ -3.720549, 40.3166329 ], [ -3.7214035, 40.3171203 ], [ -3.7216001, 40.3172433 ], [ -3.7224491, 40.3177046 ], [ -3.7225316, 40.3177454 ], [ -3.7230528, 40.3180368 ], [ -3.723491, 40.3182853 ], [ -3.7234385, 40.3187044 ], [ -3.7232969, 40.3188002 ], [ -3.7232129, 40.3188065 ], [ -3.7231902, 40.319025 ], [ -3.7235005, 40.3190444 ], [ -3.7234434, 40.3196789 ], [ -3.723538, 40.3196811 ], [ -3.7235487, 40.3196935 ], [ -3.7235445, 40.3200089 ], [ -3.723707, 40.3200183 ], [ -3.7244049, 40.3200161 ], [ -3.7247112, 40.3201507 ], [ -3.7246563, 40.3203546 ], [ -3.72516, 40.3204952 ], [ -3.7252979, 40.3204983 ], [ -3.7259357, 40.3201531 ], [ -3.725974, 40.3201312 ], [ -3.7262099, 40.3199997 ], [ -3.7263961, 40.3199436 ], [ -3.72642, 40.3200071 ], [ -3.7264627, 40.3200645 ], [ -3.7265471, 40.3201277 ], [ -3.72657, 40.3202114 ], [ -3.7265839, 40.3203661 ] ] ] } }
]
}
