ID,Company,Type,Infrastructure,Type Infrastructure,City,Zip Code,Location,Address,Latitude,Longitude,Company_raw,Type_raw,Infrastructure_raw,Type Infrastructure_raw,City_raw,Location_raw,Address_raw,Zip Code_raw,Import_Source,Import_Classification,Data_Quality_Flag
1,InPost,Locker,Privada,Supermarket,Madrid,28001,Supermercado Dia,"Calle de Nuñez de Balboa, 32",40.425934054539,-3.6820859336482,InPost,Lockers,Private,Supermarket,Madrid,Supermercado Dia,"Calle de Nuñez de Balboa, 32",28001,,,
2,InPost,Locker,Privada,Parking,Madrid,28001,24/7 Parking Ayala Grupo,"Cl. de Ayala, 38",40.4278760353187,-3.68457609100166,InPost,Lockers,Private,Parking,Madrid,24/7 Parking Ayala Grupo,"Cl. de Ayala, 38",28001,,,
3,InPost,Convenience Stores,Privada,Premises,Madrid,28001,Grupo Hicorsa Artes Graficas,"Calle de Goya, 43",40.4254253799792,-3.68290454567351,InPost,Convenience stores,Private,Premises,Madrid,Grupo Hicorsa Artes Graficas,"Calle de Goya, 43",28001 ,,,
4,InPost,Convenience Stores,Privada,Premises,Madrid,28001,Panaderia Alimentacion Lagasca,"Calle de Lagasca, 6",40.4212867752639,-3.68557037997434,InPost,Convenience stores,Private,Premises,Madrid,Panaderia Alimentacion Lagasca,"Calle de Lagasca, 6",28001,,,
5,InPost,Convenience Stores,Privada,Premises,Madrid,28001,Jesus Rodriguez Cuadros,"C. de Alcalá, 99",40.4216836164103,-3.68356702300901,InPost,Convenience stores,Private,Premises,Madrid,Jesus Rodriguez Cuadros,"C. de Alcalá, 99",28001,,,
6,InPost,Convenience Stores,Privada,Premises,Madrid,28001,La Capital,"Calle del Gral. Pardiñas, 3",40.4240257512772,-3.67888428062795,InPost,Convenience stores,Private,Premises,Madrid,La Capital,"Calle del Gral. Pardiñas, 3",28001,,,
7,InPost,Convenience Stores,Privada,Premises,Madrid,28001,Take Up,"Calle del Gral. Pardiñas, 31",40.4271067637238,-3.67874588879956,InPost,Convenience stores,Private,Premises,Madrid,Take Up,"Calle del Gral. Pardiñas, 31",28001,,,
8,InPost,Locker,Pública,Parking,Madrid,28001,24/7 Emt Parking Recoletos,"P.o de Recoletos, 4",40.4207388653189,-3.6918522423678,InPost,Lockers,Public,Parking,Madrid,24/7 Emt Parking Recoletos,"P.º de Recoletos, 4",28001,,,
9,InPost,Locker,Privada,Supermarket,Madrid,28002,Locker Eroski City Sanchez Pach,C. de Sánchez Pacheco,40.4477458306326,-3.67234765257941,InPost,Lockers,Private,Supermarket,Madrid,Locker Eroski City Sanchez Pach,C. de Sánchez Pacheco,28002,,,
10,InPost,Convenience Stores,Privada,Premises,Madrid,28002,Moran Opticos,"C. de López de Hoyos, 128",40.4451542325239,-3.67340205034153,InPost,Convenience stores,Private,Premises,Madrid,Moran Opticos,"C. de López de Hoyos, 128",28002,,,
11,InPost,Convenience Stores,Privada,Premises,Madrid,28002,Herbolario Sana Sana,"C. de Pradillo, 7",40.4489601877465,-3.67549662131465,InPost,Convenience stores,Private,Premises,Madrid,Herbolario Sana Sana,"C. de Pradillo, 7",28002,,,
12,InPost,Convenience Stores,Privada,Premises,Madrid,28002,Locutorio Robert Multiservices,"C. de Vinaroz, 2",40.444972082564,-3.67505069555944,InPost,Convenience stores,Private,Premises,Madrid,Locutorio Robert Multiservices,"C. de Vinaroz, 2",28002,,,
13,InPost,Convenience Stores,Privada,Premises,Madrid,28002,Optica Golf,C. del Príncipe de Vergara 2,40.4419071580472,-3.67853443382289,InPost,Convenience stores,Private,Premises,Madrid,Optica Golf,C. del Príncipe de Vergara 2,28002,,,
14,InPost,Locker,Privada,Supermarket,Madrid,28002,Supermercado Dia,"C. de Eugenio Salazar, 27",40.4464482284661,-3.67485812342945,InPost,Lockers,Private,Supermarket,Madrid,Supermercado Dia,"C. de Eugenio Salazar, 27",28002,,,
15,InPost,Convenience Stores,Privada,Premises,Madrid,28002,Mioptico Lopez De Hoyos,"C. de López de Hoyos, 135",40.4472892867419,-3.6697827533466,InPost,Convenience stores,Private,Premises,Madrid,Mioptico Lopez De Hoyos,"C. de López de Hoyos, 135",28002,,,
16,InPost,Convenience Stores,Privada,Premises,Madrid,28002,Digital Y Envios,"C/ de Baeza, 4",40.4456140483529,-3.66927210385134,InPost,Convenience stores,Private,Premises,Madrid,Digital Y Envios,"C/ de Baeza, 4",28002,,,
17,InPost,Convenience Stores,Privada,Premises,Madrid,28002,Luisipo,"C. de Clara del Rey, 2",40.4402449747403,-3.67355205269051,InPost,Convenience stores,Private,Premises,Madrid,Luisipo,"C. de Clara del Rey, 2",28002,,,
18,InPost,Locker,Privada,Parking,Madrid,28002,Parking Clara Del Rey,"C. de Clara del Rey, 32",40.4434030977575,-3.66871566696109,InPost,Lockers,Private,Parking,Madrid,Parking Clara Del Rey,"C. de Clara del Rey, 32",28002,,,
19,InPost,Convenience Stores,Privada,Premises,Madrid,28002,Chip Inside,"C. de Clara del Rey, 20",40.4423566848615,-3.67033865833193,InPost,Convenience stores,Private,Premises,Madrid,Chip Inside,"C. de Clara del Rey, 20",28002,,,
20,InPost,Convenience Stores,Privada,Premises,Madrid,28002,Abp Comunicaciones,Intercambiador de Avenida de América,40.4385812561175,-3.67598005765168,InPost,Convenience stores,Private,Premises,Madrid,Abp Comunicaciones,Intercambiador de Avenida de América,28002,,,
21,InPost,Convenience Stores,Privada,Premises,Madrid,28002,Estanco 677,"C. de Clara del Rey, 52",40.4462567647464,-3.6679253485369,InPost,Convenience stores,Private,Premises,Madrid,Estanco 677,"C. de Clara del Rey, 52",28002,,,
22,InPost,Convenience Stores,Privada,Premises,Madrid,28002,Razas Pet Shop,"C. de Joaquín Costa, 9",40.4465465183871,-3.68943215510239,InPost,Convenience stores,Private,Premises,Madrid,Razas Pet Shop,"C. de Joaquín Costa, 9",28002,,,
23,InPost,Convenience Stores,Privada,Premises,Madrid,28003,Estanco Claret,"C/ del Padre Claret, 17",40.4481732569314,-3.66467600802435,InPost,Convenience stores,Private,Premises,Madrid,Estanco Claret,"C/ del Padre Claret, 17",28003,,,
24,InPost,Convenience Stores,Privada,Supermarket,Madrid,28003,Market Express Food,"C. de Ríos Rosas, 54",40.4417460972663,-3.69544739417121,InPost,Convenience stores,Private,Supermarket,Madrid,Market Express Food,"C. de Ríos Rosas, 54",28003,,,
25,InPost,Convenience Stores,Privada,Premises,Madrid,28003,La Tienda De Almudena,"Calle de Zurbano, 93",40.4409396078823,-3.69274012739735,InPost,Convenience stores,Private,Premises,Madrid,La Tienda De Almudena,"Calle de Zurbano, 93",28003,,,
26,InPost,Convenience Stores,Privada,Premises,Madrid,28003,Mis Miss,"C. de Alonso Cano, 91",40.4443571523765,-3.6973242486283,InPost,Convenience stores,Private,Premises,Madrid,Mis Miss,"C. de Alonso Cano, 91",28003 ,,,
27,InPost,Convenience Stores,Privada,Premises,Madrid,28003,Baez Locutorio,"C. de Espronceda, 9",40.4411010854578,-3.69814095101182,InPost,Convenience stores,Private,Premises,Madrid,Baez Locutorio,"C. de Espronceda, 9",28003,,,
28,InPost,Convenience Stores,Privada,Premises,Madrid,28003,Barullo Company,"Calle de Sta Engracia, 131",40.4424435315694,-3.70215102644343,InPost,Convenience stores,Private,Premises,Madrid,Barullo Company,"Calle de Sta Engracia, 131",28003,,,
29,InPost,Convenience Stores,Privada,Premises,Madrid,28003,Expendeduria 791,"C/ de Ponzano, 25",40.4392263146699,-3.6996289914806,InPost,Convenience stores,Private,Premises,Madrid,Expendeduria 791,"C/ de Ponzano, 25",28003,,,
30,InPost,Locker,Privada,Parking,Madrid,28003,Locker 24/7 Parking Empark Ponz,"C. de Alenza, 18",40.4444164821042,-3.70047585561674,InPost,Lockers,Private,Parking,Madrid,Locker 24/7 Parking Empark Ponz,"C. de Alenza, 18",28003,,,
31,InPost,Locker,Privada,Premises,Madrid,28003,Money Exchang,"C. de Raimundo Fernández Villaverde, 13",40.4472219332854,-3.70215322619916,InPost,Lockers,Private,Premises,Madrid,Money Exchang,"C. de Raimundo Fernández Villaverde, 13",28003,,,
32,InPost,Convenience Stores,Privada,Premises,Madrid,28003,Bicicletas Y Calzado,"Av. de la Reina Victoria, 51",40.4464433475866,-3.7120552641055,InPost,Convenience stores,Private,Premises,Madrid,Bicicletas Y Calzado,"Av. de la Reina Victoria, 51",28003,,,
33,InPost,Convenience Stores,Privada,Premises,Madrid,28004,Nails Nactory Santa Barbara,"C. de Sta. Bárbara, 7",40.4242522650422,-3.70126629020633,InPost,Convenience stores,Private,Premises,Madrid,Nails Nactory Santa Barbara,"C. de Sta. Bárbara, 7",28004,,,
34,InPost,Convenience Stores,Privada,Premises,Madrid,28004,El Jardin De Churruca,"C. de Churruca, 19",40.4282124905685,-3.70135802766579,InPost,Convenience stores,Private,Premises,Madrid,El Jardin De Churruca,"C. de Churruca, 19",28004,,,
35,InPost,Convenience Stores,Privada,Premises,Madrid,28004,Dirtypop,"C. de Gravina, 1",40.42361227981,-3.6985475042361,InPost,Convenience stores,Private,Premises,Madrid,Dirtypop,"C. de Gravina, 1",28004,,,
36,InPost,Convenience Stores,Privada,Premises,Madrid,28004,Fotocopias Javipar,"C. de Loreto y Chicote, 13",40.4217417868512,-3.70444337528944,InPost,Convenience stores,Private,Premises,Madrid,Fotocopias Javipar,"C. de Loreto y Chicote, 13",28004,,,
37,InPost,Convenience Stores,Privada,Premises,Madrid,28004,Ixion Man,"C. de Pelayo, 9",40.4225192259598,-3.69910060715877,InPost,Convenience stores,Private,Premises,Madrid,Ixion Man,"C. de Pelayo, 9",28004,,,
38,InPost,Convenience Stores,Privada,Premises,Madrid,28004,El Jardin De Kika,"C. del Pez, 12",40.4235354353821,-3.70474511820992,InPost,Convenience stores,Private,Premises,Madrid,El Jardin De Kika,"C. del Pez, 12",28004,,,
39,InPost,Convenience Stores,Privada,Premises,Madrid,28004,Copypez 12,"C. del Pez, 12",40.4236291866188,-3.7048691505431,InPost,Convenience stores,Private,Premises,Madrid,Copypez 12,"C. del Pez, 12",28004 ,,,
40,InPost,Locker,Privada,Parking,Madrid,28004,24/7 Parking Apk2 Plaza,Plaza del Rey s/n,40.4203257122258,-3.69616955268168,InPost,Lockers,Private,Parking,Madrid,24/7 Parking Apk2 Plaza,Plaza del Rey s/n,28004 ,,,
41,InPost,Convenience Stores,Privada,Premises,Madrid,28004,The Mad Plug,"C. de Valverde, 35",40.4232228914227,-3.70184851946203,InPost,Convenience stores,Private,Premises,Madrid,The Mad Plug,"C. de Valverde, 35",28004,,,
42,InPost,Convenience Stores,Privada,Premises,Madrid,28004,Pcservice,Cl. del Marqués de Sta. Ana,40.4246383266876,-3.70494733021802,InPost,Convenience stores,Private,Premises,Madrid,Pcservice,Cl. del Marqués de Sta. Ana,28004,,,
43,InPost,Locker,Privada,Premises,Madrid,28004,Money Exchange Fuencarral,Calle de Fuencarral & C. de las Infantas,40.4213882788135,-3.70123843898177,InPost,Lockers,Private,Premises,Madrid,Money Exchange Fuencarral,Calle de Fuencarral & C. de las Infantas,28004,,,
44,InPost,Convenience Stores,Privada,Parking,Madrid,28005,Locker Parking Latina,"C. de Toledo, 88",40.4088257503958,-3.71091942348049,InPost,Convenience stores,Private,Parking,Madrid,Locker Parking Latina,"C. de Toledo, 88",28005,,,
45,InPost,Convenience Stores,Privada,Premises,Madrid,28005,Golochuches,"C. de Melilla, 39",40.4006470168725,-3.71031765006968,InPost,Convenience stores,Private,Premises,Madrid,Golochuches,"C. de Melilla, 39",28005,,,
46,InPost,Convenience Stores,Privada,Premises,Madrid,28005,Estanco Piramides,"P.o de las Acacias, 69",40.4011308392207,-3.71322092372703,InPost,Convenience stores,Private,Premises,Madrid,Estanco Piramides,"P.º de las Acacias, 69",28005,,,
47,InPost,Convenience Stores,Privada,Premises,Madrid,28005,Nuvole Di Profumo Mercado De La,"Pl. de la Cebada, S/N",40.4112101878555,-3.70993622282052,InPost,Convenience stores,Private,Premises,Madrid,Nuvole Di Profumo Mercado De La,"Pl. de la Cebada, S/N",28005,,,
48,InPost,Convenience Stores,Privada,Premises,Madrid,28005,Optica Piramides,P.o de Juan Antonio Vallejo-Nájera Botas,40.4021137886677,-3.70803286634464,InPost,Convenience stores,Private,Premises,Madrid,Optica Piramides,P.º de Juan Antonio Vallejo-Nájera Botas,28005,,,
49,InPost,Convenience Stores,Privada,Premises,Madrid,28005,Mioptico Embajadores,"C. de Martín de Vargas, 2",40.4047208374753,-3.7033279724209,InPost,Convenience stores,Private,Premises,Madrid,Mioptico Embajadores,"C. de Martín de Vargas, 2",28005,,,
50,InPost,Locker,Privada,Parking,Madrid,28005,Locker 24/7 Grupo Bolton Garage,C/ de la Ribera de Curtidores,40.4071217227613,-3.70732024046187,InPost,Lockers,Private,Parking,Madrid,Locker 24/7 Grupo Bolton Garage,C/ de la Ribera de Curtidores,28005,,,
51,InPost,Convenience Stores,Privada,Premises,Madrid,28005,Estanco 149 Pasillo Verde,"Pasillo Verde, P.o de Juan Antonio Vallejo-Nájera Botas, 50",40.4050258024552,-3.71481862196178,InPost,Convenience stores,Private,Premises,Madrid,Estanco 149 Pasillo Verde,"Pasillo Verde, P.º de Juan Antonio Vallejo-Nájera Botas, 50",28005,,,
52,InPost,Locker,Pública,Parking,Madrid,28005,Locker 24/7 Emt Mad Parking San,"C. San Epifanio, 9",40.40104049805,-3.71929063869584,InPost,Lockers,Public,Parking,Madrid,Locker 24/7 Emt Mad Parking San,"C. San Epifanio, 9",28005,,,
53,InPost,Convenience Stores,Privada,Premises,Madrid,28005,Tr3sdland,"Pl. de Cascorro, 2",40.4113416163589,-3.70716878830805,InPost,Convenience stores,Private,Premises,Madrid,Tr3sdland,"Pl. de Cascorro, 2",28005,,,
54,InPost,Convenience Stores,Privada,Premises,Madrid,28005,Quiosco Prensa Antonio,Pl. de Prta Cerrada S/N,40.4139573699561,-3.7085018693094,InPost,Convenience stores,Private,Premises,Madrid,Quiosco Prensa Antonio,Pl. de Prta Cerrada S/N,28005,,,
55,InPost,Convenience Stores,Privada,Premises,Madrid,28005,Estanco Melancolicos,"P.o de los Melancólicos, 35",40.4060521354604,-3.72035100386685,InPost,Convenience stores,Private,Premises,Madrid,Estanco Melancolicos,"P.º de los Melancólicos, 35",28005,,,
56,InPost,Locker,Privada,Supermarket,Madrid,28005,Locker 24/7 Supermercado Dia Ca,"C. de Juan Duque, 28",40.4115235264424,-3.71960948106962,InPost,Lockers,Private,Supermarket,Madrid,Locker 24/7 Supermercado Dia Ca,"C. de Juan Duque, 28",28005,,,
57,InPost,Locker,Privada,Premises,Madrid,28005,Locker La Wash Paseo De La Espe,"P.o de la Esperanza, 45",40.3991086556909,-3.70286984746391,InPost,Lockers,Private,Premises,Madrid,Locker La Wash Paseo De La Espe,"P.º de la Esperanza, 45",28005,,,
58,InPost,Convenience Stores,Privada,Premises,Madrid,28005,Expendeduria 355,"P.o de la Virgen del Puerto, 7",40.4136180105458,-3.72082904933452,InPost,Convenience stores,Private,Premises,Madrid,Expendeduria 355,"P.º de la Virgen del Puerto, 7",28005,,,
59,InPost,Convenience Stores,Privada,Premises,Madrid,28006,Cm26 Reprografia,"Calle de Maldonado, 26",40.4337927023714,-3.68131093142789,InPost,Convenience stores,Private,Premises,Madrid,Cm26 Reprografia,"Calle de Maldonado, 26",28006,,,
60,InPost,Convenience Stores,Privada,Premises,Madrid,28006,Estanco 837,"Calle del Gral. Pardiñas, 61",40.4320742733355,-3.67823663534946,InPost,Convenience stores,Private,Premises,Madrid,Estanco 837,"Calle del Gral. Pardiñas, 61",28006,,,
61,InPost,Locker,Privada,Premises,Madrid,28006,24/7 Indigo Maria De Mol,"Calle de María de Molina, 50",40.437367593277,-3.68078027199472,InPost,Lockers,Private,Premises,Madrid,24/7 Indigo Maria De Mol,"Calle de María de Molina, 50",28006,,,
62,InPost,Convenience Stores,Privada,Premises,Madrid,28006,Herbolario Vilaflor,"Calle de Castelló, 120",40.4375719087277,-3.67995306118446,InPost,Convenience stores,Private,Premises,Madrid,Herbolario Vilaflor,"Calle de Castelló, 120",28006,,,
63,InPost,Convenience Stores,Privada,Premises,Madrid,28006,Herbolario Salamanca,"C. de Padilla, 52",40.4312870439092,-3.6777683961533,InPost,Convenience stores,Private,Premises,Madrid,Herbolario Salamanca,"C. de Padilla, 52",28006,,,
64,InPost,Convenience Stores,Privada,Premises,Madrid,28006,Locutorio Marandu,"Calle de Juan Bravo, 63",40.4328156897052,-3.67426075357866,InPost,Convenience stores,Private,Premises,Madrid,Locutorio Marandu,"Calle de Juan Bravo, 63",28006,,,
65,InPost,Locker,Privada,Parking,Madrid,28006,24/7 Parking Juan Bravo,"Calle de Juan Bravo, 58",40.4323784895172,-3.67427713939497,InPost,Lockers,Private,Parking,Madrid,24/7 Parking Juan Bravo,"Calle de Juan Bravo, 58",28006,,,
66,InPost,Convenience Stores,Privada,Kiosk,Madrid,28006,Quiosco Ortega Y Gasset,"C. de José Ortega y Gasset, 29",40.4306730466626,-3.6830873102421,InPost,Convenience stores,Private,Kiosk,Madrid,Quiosco Ortega Y Gasset,"C. de José Ortega y Gasset, 29",28006,,,
67,InPost,Convenience Stores,Privada,Premises,Madrid,28006,Ecuatoriana De Productos,"Calle de Don Ramón de la Cruz, 102",40.4284756576145,-3.66975709581587,InPost,Convenience stores,Private,Premises,Madrid,Ecuatoriana De Productos,"Calle de Don Ramón de la Cruz, 102",28006,,,
68,InPost,Locker,Privada,Service Station,Madrid,28006,24/7 Gasolinera Repsol Es Mo,"Calle de María de Molina, 21",40.4381346090142,-3.68440157028116,InPost,Lockers,Private,Service Station,Madrid,24/7 Gasolinera Repsol Es Mo,"Calle de María de Molina, 21",28006,,,
69,InPost,Locker,Privada,Parking,Madrid,28007,24/7 Parking,"Av. del Mediterráneo, 28 (garita)",40.4068786741209,-3.67347106428035,InPost,Lockers,Private,Parking,Madrid,24/7 Parking,"Av. del Mediterráneo, 28 (garita)",28007,,,
70,InPost,Locker,Privada,Supermarket,Madrid,28007,Supermercado Dia,"C. del Dr. Esquerdo, 155",40.4095423897814,-3.66972116554276,InPost,Lockers,Private,Supermarket,Madrid,Supermercado Dia,"C. del Dr. Esquerdo, 155",28007,,,
71,InPost,Convenience Stores,Privada,Premises,Madrid,28007,Doce Treinta Y Cuatro,"C. del Dr. Esquerdo, 96",40.4109704472078,-3.67021672176797,InPost,Convenience stores,Private,Premises,Madrid,Doce Treinta Y Cuatro,"C. del Dr. Esquerdo, 96",28007,,,
72,InPost,Convenience Stores,Privada,Premises,Madrid,28007,Estanco Conde Casal,"C. del Dr. Esquerdo, 177",40.4060798673136,-3.67035069411299,InPost,Convenience stores,Private,Premises,Madrid,Estanco Conde Casal,"C. del Dr. Esquerdo, 177",28007,,,
73,InPost,Convenience Stores,Privada,Premises,Madrid,28007,Efecto 2000,"C. de Valderribas, 34",40.4040734934847,-3.6751630686419,InPost,Convenience stores,Private,Premises,Madrid,Efecto 2000,"C. de Valderribas, 34",28007,,,
74,InPost,Locker,Privada,Parking,Madrid,28007,Parking Avda Ciudad De Barcelona - Seco,"Av. de la Ciudad de Barcelona, 208-210",40.3996957743422,-3.67165619709406,InPost,Lockers,Private,Parking,Madrid,Parking Avda Ciudad De Barcelona - Seco,"Av. de la Ciudad de Barcelona, 208-210",28007,,,
75,InPost,Convenience Stores,Privada,Premises,Madrid,28007,Sol Internacional 2,"C. de Granada, 46",40.4030186860794,-3.67543756649818,InPost,Convenience stores,Private,Premises,Madrid,Sol Internacional 2,"C. de Granada, 46",28007,,,
76,InPost,Convenience Stores,Privada,Premises,Madrid,28007,Nirvana Espacio Holistico,"C. de Cavanilles, 10",40.40710556802,-3.67819131907866,InPost,Convenience stores,Private,Premises,Madrid,Nirvana Espacio Holistico,"C. de Cavanilles, 10",28007,,,
77,InPost,Locker,Privada,Premises,Madrid,28007,La Wash,"Av. de la Ciudad de Barcelona, 93",40.4001676506584,-3.67211943876479,InPost,Lockers,Private,Premises,Madrid,La Wash,"Av. de la Ciudad de Barcelona, 93",28007,,,
78,InPost,Convenience Stores,Privada,Premises,Madrid,28007,Incerco Ventanas,"Av. del Mediterráneo, 16",40.4071161259573,-3.67593922362224,InPost,Convenience stores,Private,Premises,Madrid,Incerco Ventanas,"Av. del Mediterráneo, 16",28007,,,
79,InPost,Convenience Stores,Privada,Premises,Madrid,28007,Floristeria Cala,"C. de Seco, 3",40.3991220068563,-3.67197048786089,InPost,Convenience stores,Private,Premises,Madrid,Floristeria Cala,"C. de Seco, 3",28007,,,
80,InPost,Locker,Privada,Premises,Madrid,28007,Locker Open Wash Cerro Negro,"C. del Cerro Negro, 12",40.3969398457762,-3.67199850977412,InPost,Lockers,Private,Premises,Madrid,Locker Open Wash Cerro Negro,"C. del Cerro Negro, 12",28007,,,
81,InPost,Convenience Stores,Privada,Premises,Madrid,28007,Biofitness Nutricion Deportiva,"Av. de la Ciudad de Barcelona, 39, Retiro",40.4039197297301,-3.67916457357909,InPost,Convenience stores,Private,Premises,Madrid,Biofitness Nutricion Deportiva,"Av. de la Ciudad de Barcelona, 39, Retiro",28007,,,
82,InPost,Convenience Stores,Privada,Premises,Madrid,28007,Locutorio Madrid,"Calle de Narciso Serra, 5",40.4045371106488,-3.67956725779444,InPost,Convenience stores,Private,Premises,Madrid,Locutorio Madrid,"Calle de Narciso Serra, 5",28007,,,
83,InPost,Convenience Stores,Privada,Premises,Madrid,28007,Estanco Tellez Madrid,"C. de Téllez, 17",40.4029482867101,-3.67983166911846,InPost,Convenience stores,Private,Premises,Madrid,Estanco Tellez Madrid,"C. de Téllez, 17",28007,,,
84,InPost,Convenience Stores,Privada,Premises,Madrid,28008,Na Tecnologia Market,"C. de Quintana, 9",40.4280950835808,-3.71693699379549,InPost,Convenience stores,Private,Premises,Madrid,Na Tecnologia Market,"C. de Quintana, 9",28008,,,
85,InPost,Convenience Stores,Privada,Premises,Madrid,28008,Estanco 804,"C. de Romero Robledo, 9",40.4323583075504,-3.71947395281001,InPost,Convenience stores,Private,Premises,Madrid,Estanco 804,"C. de Romero Robledo, 9",28008,,,
86,InPost,Convenience Stores,Privada,Premises,Madrid,28008,Brothers Telecom,"Calle de Luisa Fernanda, 13",40.4261394537421,-3.71473009442362,InPost,Convenience stores,Private,Premises,Madrid,Brothers Telecom,"Calle de Luisa Fernanda, 13",28008,,,
87,InPost,Convenience Stores,Privada,Premises,Madrid,28008,Mobile Centre,"Calle de la Princesa, 3",40.4251504614952,-3.71347851171705,InPost,Convenience stores,Private,Premises,Madrid,Mobile Centre,"Calle de la Princesa, 3",28008,,,
88,InPost,Locker,Privada,Parking,Madrid,28008,Locker 24/7 Grupo Bolton Princi,"Cta. de San Vicente, 38",40.420684631826,-3.71757418000982,InPost,Lockers,Private,Parking,Madrid,Locker 24/7 Grupo Bolton Princi,"Cta. de San Vicente, 38",28008,,,
89,InPost,Convenience Stores,Privada,Premises,Madrid,28008,Angel Duarte Intercambiador Mon,"Calle de la Princesa, 89",40.4347425563978,-3.71946967860913,InPost,Convenience stores,Private,Premises,Madrid,Angel Duarte Intercambiador Mon,"Calle de la Princesa, 89",28008,,,
90,InPost,Convenience Stores,Privada,Public Facility,Madrid,28008,Locker Intercambiador Principe,INTERCAMBIADOR PRINCIPE PIO,40.4213557983657,-3.72049894301766,InPost,Convenience stores,Private,Public facility,Madrid,Locker Intercambiador Principe,INTERCAMBIADOR PRINCIPE PIO,28008,,,
91,InPost,Locker,Privada,Premises,Madrid,28008,Estanco 876,"Av. de Valladolid, 15",40.426918918188,-3.72771754974073,InPost,Lockers,Private,Premises,Madrid,Estanco 876,"Av. de Valladolid, 15",28008,,,
92,InPost,Convenience Stores,Privada,Supermarket,Madrid,28008,Supermarket,"P.o de la Florida, 23",40.4221343659684,-3.72226890455415,InPost,Convenience stores,Private,Supermarket,Madrid,Supermarket,"P.º de la Florida, 23",28008,,,
93,InPost,Convenience Stores,Privada,Premises,Madrid,28009,Enmarcaciones Cuadros Tiziano,"C/ del Alcalde Sainz de Baranda, 11",40.417270041279,-3.67665546522696,InPost,Convenience stores,Private,Premises,Madrid,Enmarcaciones Cuadros Tiziano,"C/ del Alcalde Sainz de Baranda, 11",28009,,,
94,InPost,Convenience Stores,Privada,Premises,Madrid,28009,Don Piso,"C. de Ibiza, 22",40.4181925609006,-3.67583430967644,InPost,Convenience stores,Private,Premises,Madrid,Don Piso,"C. de Ibiza, 22",28009,,,
95,InPost,Convenience Stores,Privada,Premises,Madrid,28009,Locutorio Luzcar,"C/ del Alcalde Sainz de Baranda, 54",40.416507075963,-3.6710537388365,InPost,Convenience stores,Private,Premises,Madrid,Locutorio Luzcar,"C/ del Alcalde Sainz de Baranda, 54",28009,,,
96,InPost,Convenience Stores,Privada,Premises,Madrid,28009,Imovil Fix,"C/ del Alcalde Sainz de Baranda, 17, Local",40.4172099779182,-3.67571023570897,InPost,Convenience stores,Private,Premises,Madrid,Imovil Fix,"C/ del Alcalde Sainz de Baranda, 17, Local",28009,,,
97,InPost,Convenience Stores,Privada,Premises,Madrid,28009,Espana Tech 6g,"C. de Narváez, 31",40.4210788361928,-3.67577496427887,InPost,Convenience stores,Private,Premises,Madrid,Espana Tech 6g,"C. de Narváez, 31",28009,,,
98,InPost,Convenience Stores,Privada,Premises,Madrid,28009,Liberator Madrid,"C. de Antonia Mercé, 8",40.4245446443088,-3.6729522137992,InPost,Convenience stores,Private,Premises,Madrid,Liberator Madrid,"C. de Antonia Mercé, 8",28009,,,
99,InPost,Convenience Stores,Privada,Premises,Madrid,28009,Afg Lombia,"C. de Lombía, 12",40.4252057740011,-3.67277846540368,InPost,Convenience stores,Private,Premises,Madrid,Afg Lombia,"C. de Lombía, 12",28009,,,
100,InPost,Convenience Stores,Privada,Premises,Madrid,28009,Estanco 251,"C. de Alcalá, 120",40.4263980168757,-3.67218878556753,InPost,Convenience stores,Private,Premises,Madrid,Estanco 251,"C. de Alcalá, 120",28009,,,
101,InPost,Locker,Privada,Supermarket,Madrid,28010,Carrefour Express,"P.o del Gral. Martínez Campos, 24",40.4351069000973,-3.6945439652258,InPost,Lockers,Private,Supermarket,Madrid,Carrefour Express,"P.º del Gral. Martínez Campos, 24",28010,,,
102,InPost,Convenience Stores,Privada,Premises,Madrid,28010,Fruteria Mendoza,C. de Eloy Gonzalo,40.4345493965308,-3.70137733253659,InPost,Convenience stores,Private,Premises,Madrid,Fruteria Mendoza,C. de Eloy Gonzalo,28010,,,
103,InPost,Convenience Stores,Privada,Supermarket,Madrid,28010,Serrin Ultramarinos Chamberi,calle de alonso cano 10,40.4364036640906,-3.69754078044788,InPost,Convenience stores,Private,Supermarket,Madrid,Serrin Ultramarinos Chamberi,calle de alonso cano 10,28010,,,
104,InPost,Locker,Privada,Supermarket,Madrid,28010,Locker Supermercado Dia Manuel,"Calle de Manuel Silvela, 9",40.4294049529388,-3.69873322261184,InPost,Lockers,Private,Supermarket,Madrid,Locker Supermercado Dia Manuel,"Calle de Manuel Silvela, 9",28010,,,
105,InPost,Convenience Stores,Privada,Premises,Madrid,28010,Reparacion De Calzado Luis,"C. de Olid, 14",40.4320887990284,-3.70174268308019,InPost,Convenience stores,Private,Premises,Madrid,Reparacion De Calzado Luis,"C. de Olid, 14",28010,,,
106,InPost,Convenience Stores,Privada,Premises,Madrid,28010,Papeleria Ap,"Calle de García de Paredes, 84",40.4366545571788,-3.69265853128563,InPost,Convenience stores,Private,Premises,Madrid,Papeleria Ap,"Calle de García de Paredes, 84",28010,,,
107,InPost,Convenience Stores,Privada,Premises,Madrid,28010,Casa Julian,"C. del Cardenal Cisneros, 9",40.4300924877239,-3.7017975922618,InPost,Convenience stores,Private,Premises,Madrid,Casa Julian,"C. del Cardenal Cisneros, 9",28010,,,
108,InPost,Locker,Privada,Premises,Madrid,28010,Multiservicios Inti,"Calle de García de Paredes, 18",40.4368792886114,-3.70147110306129,InPost,Lockers,Private,Premises,Madrid,Multiservicios Inti,"Calle de García de Paredes, 18",28010,,,
109,InPost,Convenience Stores,Privada,Public Facility,Madrid,28010,Locker Metro24st Chamberi,Gta. del Gral. Álvarez de Castro,40.4383781779947,-3.70265254866216,InPost,Convenience stores,Private,Public facility,Madrid,Locker Metro24st Chamberi,Gta. del Gral. Álvarez de Castro,28010,,,
110,InPost,Locker,Privada,Premises,Madrid,28010,Locutorio Mila,"C. del Cardenal Cisneros, 64",40.4345128811589,-3.70273235378595,InPost,Lockers,Private,Premises,Madrid,Locutorio Mila,"C. del Cardenal Cisneros, 64",28010,,,
111,InPost,Convenience Stores,Privada,Parking,Madrid,28010,Locker 24/7 Parking Bravo Muril,"C. de Bravo Murillo, 30",40.4369896307339,-3.70393610182445,InPost,Convenience stores,Private,Parking,Madrid,Locker 24/7 Parking Bravo Muril,"C. de Bravo Murillo, 30",28010,,,
112,InPost,Convenience Stores,Privada,Premises,Madrid,28011,Estanco Batan Tabaco Y Loteria,"C. de Villamanín, 33",40.4068390954738,-3.75258921715996,InPost,Convenience stores,Private,Premises,Madrid,Estanco Batan Tabaco Y Loteria,"C. de Villamanín, 33",28011,,,
113,InPost,Convenience Stores,Privada,Premises,Madrid,28011,Alimentacion Amigos,"C. de El Greco, 27",40.4075575258534,-3.74706499843288,InPost,Convenience stores,Private,Premises,Madrid,Alimentacion Amigos,"C. de El Greco, 27",28011,,,
114,InPost,Convenience Stores,Privada,Premises,Madrid,28011,Expenduderia 747,"Calle de Villagarcía, 2",40.4049633297747,-3.75419539530249,InPost,Convenience stores,Private,Premises,Madrid,Expenduderia 747,"Calle de Villagarcía, 2",28011,,,
115,InPost,Convenience Stores,Privada,Supermarket,Madrid,28011,Supermercado Dia C/ De Cebreros,"C. de Cebreros, 39",40.4050449573196,-3.74484907011233,InPost,Convenience stores,Private,Supermarket,Madrid,Supermercado Dia C/ De Cebreros,"C. de Cebreros, 39",28011,,,
116,InPost,Locker,Privada,Service Station,Madrid,28011,Locker 24/7 Repsol Es El Batan,"Carretera Extremadura, Km 5,400 N 298",40.4016344750467,-3.76179766178026,InPost,Lockers,Private,Service Station,Madrid,Locker 24/7 Repsol Es El Batan,"Carretera Extremadura, Km 5,400 N 298",28011,,,
117,InPost,Convenience Stores,Privada,Premises,Madrid,28011,Diaspora Salon,"Pl. Sisenando, 7",40.4087568473656,-3.73519355973125,InPost,Convenience stores,Private,Premises,Madrid,Diaspora Salon,"Pl. Sisenando, 7",28011,,,
118,InPost,Convenience Stores,Privada,Premises,Madrid,28011,Mundo Movil 2,"C. de Cebreros, 12",40.4053149649669,-3.74257510410691,InPost,Convenience stores,Private,Premises,Madrid,Mundo Movil 2,"C. de Cebreros, 12",28011,,,
119,InPost,Convenience Stores,Privada,Premises,Madrid,28011,Kanouka Madrid,"P.o de Extremadura, 61",40.4125940673771,-3.73127436944222,InPost,Convenience stores,Private,Premises,Madrid,Kanouka Madrid,"P.º de Extremadura, 61",28011,,,
120,InPost,Convenience Stores,Privada,Premises,Madrid,28011,Optica Pedro Martin,"C. Jaime Tercero, 25",40.408834006947,-3.73216565569716,InPost,Convenience stores,Private,Premises,Madrid,Optica Pedro Martin,"C. Jaime Tercero, 25",28011,,,
121,InPost,Convenience Stores,Privada,Premises,Madrid,28011,Estanco 091,"P.o de Extremadura, 5",40.4139252209134,-3.725445546355,InPost,Convenience stores,Private,Premises,Madrid,Estanco 091,"P.º de Extremadura, 5",28011,,,
122,InPost,Convenience Stores,Privada,Premises,Madrid,28012,Centrotour Lavapies,"C. de Alonso Cano, 10",40.408128462102,-3.69946043634256,InPost,Convenience stores,Private,Premises,Madrid,Centrotour Lavapies,"C. de Alonso Cano, 10",28012,,,
123,InPost,Convenience Stores,Privada,Premises,Madrid,28012,Expendeduria 31,"C. de Argumosa, 26",40.4077723326829,-3.69668226490886,InPost,Convenience stores,Private,Premises,Madrid,Expendeduria 31,"C. de Argumosa, 26",28012,,,
124,InPost,Convenience Stores,Privada,Premises,Madrid,28012,Skinny Lola Vintage,"C. de la Encomienda, 12",40.4110973322041,-3.70573509285289,InPost,Convenience stores,Private,Premises,Madrid,Skinny Lola Vintage,"C. de la Encomienda, 12",28012,,,
125,InPost,Convenience Stores,Privada,Premises,Madrid,28012,Madina Telecom Money Transfer2,"C. de Embajadores, 5",40.4106421801859,-3.70667312067371,InPost,Convenience stores,Private,Premises,Madrid,Madina Telecom Money Transfer2,"C. de Embajadores, 5",28012,,,
126,InPost,Convenience Stores,Privada,Premises,Madrid,28012,Alimentacion Pep,"C. de Sebastián Herrera, 23",40.4043745216009,-3.69891596242014,InPost,Convenience stores,Private,Premises,Madrid,Alimentacion Pep,"C. de Sebastián Herrera, 23",28012,,,
127,InPost,Convenience Stores,Privada,Premises,Madrid,28012,Nwhite Tirso,"Calle del Conde de Romanones, 11",40.4132256853258,-3.70476604530863,InPost,Convenience stores,Private,Premises,Madrid,Nwhite Tirso,"Calle del Conde de Romanones, 11",28012,,,
128,InPost,Convenience Stores,Privada,Premises,Madrid,28012,Exp197 Madrid,"Calle de la Magdalena, 25",40.4127001251895,-3.70055496800035,InPost,Convenience stores,Private,Premises,Madrid,Exp197 Madrid,"Calle de la Magdalena, 25",28012,,,
129,InPost,Convenience Stores,Privada,Premises,Madrid,28012,Greenery Atocha,"C. de Atocha, 52",40.4123843974473,-3.69920777558887,InPost,Convenience stores,Private,Premises,Madrid,Greenery Atocha,"C. de Atocha, 52",28012,,,
130,InPost,Convenience Stores,Privada,Premises,Madrid,28012,Bazar El Chollo,"C. de la Cruz, 3",40.4164239129066,-3.70073767382254,InPost,Convenience stores,Private,Premises,Madrid,Bazar El Chollo,"C. de la Cruz, 3",28012,,,
131,InPost,Convenience Stores,Privada,Premises,Madrid,28012,Locutorio Imperial,"C. Imperial, 1",40.4146119950351,-3.70729036102281,InPost,Convenience stores,Private,Premises,Madrid,Locutorio Imperial,"C. Imperial, 1",28012,,,
132,InPost,Convenience Stores,Privada,Premises,Madrid,28012,Estanco Tirso De Molina,"Calle del Dr Cortezo, 17",40.4128429377491,-3.70382161996708,InPost,Convenience stores,Private,Premises,Madrid,Estanco Tirso De Molina,"Calle del Dr Cortezo, 17",28012,,,
133,InPost,Locker,Privada,Premises,Madrid,28012,Locker Money Exchange Madrid,"Rda. de Atocha, 3",40.4073072614008,-3.69436880019914,InPost,Lockers,Private,Premises,Madrid,Locker Money Exchange Madrid,"Rda. de Atocha, 3",28012,,,
134,InPost,Convenience Stores,Privada,Premises,Madrid,28012,Fun And Tickets,CALLE MAYOR 43,40.4161076094088,-3.70832374702195,InPost,Convenience stores,Private,Premises,Madrid,Fun And Tickets,CALLE MAYOR 43,28012,,,
135,InPost,Convenience Stores,Privada,Premises,Madrid,28013,Are You Ready,"Cost.a de los Ángeles, 11",40.419435377061,-3.70828429254041,InPost,Convenience stores,Private,Premises,Madrid,Are You Ready,"Cost.ª de los Ángeles, 11",28013,,,
136,InPost,Convenience Stores,Privada,Supermarket,Madrid,28013,24h Market,"Cost.a de los Ángeles, 15",40.4197859007445,-3.70816423914518,InPost,Convenience stores,Private,Supermarket,Madrid,24h Market,"Cost.ª de los Ángeles, 15",28013,,,
137,InPost,Convenience Stores,Privada,Premises,Madrid,28013,Pharma La Font,"C. de las Fuentes, 7",40.4172855746954,-3.70874000411026,InPost,Convenience stores,Private,Premises,Madrid,Pharma La Font,"C. de las Fuentes, 7",28013,,,
138,InPost,Locker,Privada,Parking,Madrid,28013,Locker 24/7 Parking Pl Del Carm,"C. de la Salud, 2",40.4186271269463,-3.70413249003777,InPost,Lockers,Private,Parking,Madrid,Locker 24/7 Parking Pl Del Carm,"C. de la Salud, 2",28013,,,
139,InPost,Locker,Privada,Parking,Madrid,28013,Locker 24/7 Apk2 Plaza De Orien,"Pl. de Ote., s/n, Centro",40.4161799191534,-3.71336125619458,InPost,Lockers,Private,Parking,Madrid,Locker 24/7 Apk2 Plaza De Orien,"Pl. de Ote., s/n, Centro",28013,,,
140,InPost,Convenience Stores,Privada,Premises,Madrid,28013,"Plaza De Oriente, S/N",Plaza de Oriente,40.4187864578212,-3.71210676230519,InPost,Convenience stores,Private,Premises,Madrid,"Plaza De Oriente, S/N",Plaza de Oriente,28013,,,
141,InPost,Locker,Privada,Service Station,Madrid,28015,24/7 Gasolinera Repsol,"C. de Alberto Aguilera, 9",40.4295946464378,-3.70842132330657,InPost,Lockers,Private,Service Station,Madrid,24/7 Gasolinera Repsol,"C. de Alberto Aguilera, 9",28015,,,
142,InPost,Convenience Stores,Privada,Premises,Madrid,28015,Locutorio Internet,"C. de Rodríguez San Pedro, 31",40.4317146743065,-3.71216763602234,InPost,Convenience stores,Private,Premises,Madrid,Locutorio Internet,"C. de Rodríguez San Pedro, 31",28015,,,
143,InPost,Convenience Stores,Privada,Premises,Madrid,28015,Restore 7,"C. de Vallehermoso, 41",40.4339168704017,-3.70882149473503,InPost,Convenience stores,Private,Premises,Madrid,Restore 7,"C. de Vallehermoso, 41",28015,,,
144,InPost,Convenience Stores,Privada,Premises,Madrid,28015,Expendeduria 204,"C. de Vallehermoso, 11",40.4309784442362,-3.70913013975636,InPost,Convenience stores,Private,Premises,Madrid,Expendeduria 204,"C. de Vallehermoso, 11",28015,,,
145,InPost,Convenience Stores,Privada,Premises,Madrid,28015,Carapazona,"C. de la Palma, 67",40.4268550196238,-3.7081040229948,InPost,Convenience stores,Private,Premises,Madrid,Carapazona,"C. de la Palma, 67",28015,,,
146,InPost,Convenience Stores,Privada,Premises,Madrid,28015,Solfai,"C. de Andrés Mellado, 33",40.4339128479021,-3.71450645632302,InPost,Convenience stores,Private,Premises,Madrid,Solfai,"C. de Andrés Mellado, 33",28015,,,
147,InPost,Convenience Stores,Privada,Premises,Madrid,28015,Shipxpress,"C. de Fernández de los Ríos, 33",40.4364298569432,-3.70844297642743,InPost,Convenience stores,Private,Premises,Madrid,Shipxpress,"C. de Fernández de los Ríos, 33",28015,,,
148,InPost,Locker,Privada,Parking,Madrid,28015,Locker 24/7 Indigo Quevedo,"C. de Rodríguez San Pedro, 8",40.4319746543758,-3.70666996454759,InPost,Lockers,Private,Parking,Madrid,Locker 24/7 Indigo Quevedo,"C. de Rodríguez San Pedro, 8",28015,,,
149,InPost,Convenience Stores,Privada,Premises,Madrid,28015,Locutorio Samy,"Calle de Antonio Grilo, 6",40.4237425911297,-3.70784775157068,InPost,Convenience stores,Private,Premises,Madrid,Locutorio Samy,"Calle de Antonio Grilo, 6",28015,,,
150,InPost,Convenience Stores,Privada,Premises,Madrid,28015,Div Peluqueria Estetica,"C/ de Donoso Cortés, 41",40.4363647014302,-3.71107242060945,InPost,Convenience stores,Private,Premises,Madrid,Div Peluqueria Estetica,"C/ de Donoso Cortés, 41",28015,,,
151,InPost,Convenience Stores,Privada,Premises,Madrid,28015,Movil Shop,"C. de Bravo Murillo, 11",40.4349447240454,-3.7044869769981,InPost,Convenience stores,Private,Premises,Madrid,Movil Shop,"C. de Bravo Murillo, 11",28015,,,
152,InPost,Convenience Stores,Privada,Premises,Madrid,28015,Don Lector,"C. de Fernández de los Ríos, 60",40.4355292507709,-3.71160695116427,InPost,Convenience stores,Private,Premises,Madrid,Don Lector,"C. de Fernández de los Ríos, 60",28015,,,
153,InPost,Convenience Stores,Privada,Premises,Madrid,28015,Nila Decoracion,"C. de Isaac Peral, 14",40.4363293035553,-3.71782656904771,InPost,Convenience stores,Private,Premises,Madrid,Nila Decoracion,"C. de Isaac Peral, 14",28015,,,
154,InPost,Locker,Privada,Parking,Madrid,28015,Locker 24/7 Saba Plaza Mostense,"Pl. de los Mostenses, S/N",40.4376447635506,-3.70452896988246,InPost,Lockers,Private,Parking,Madrid,Locker 24/7 Saba Plaza Mostense,"Pl. de los Mostenses, S/N",28015,,,
155,InPost,Convenience Stores,Privada,Premises,Madrid,28015,Frutos Secos Carmen,"C. de Bravo Murillo, 41",40.4375939964533,-3.70450484267433,InPost,Convenience stores,Private,Premises,Madrid,Frutos Secos Carmen,"C. de Bravo Murillo, 41",28015,,,
156,InPost,Convenience Stores,Privada,Premises,Madrid,28015,Locutorio Internet,"C. de Guzmán el Bueno, 66",40.4379741826605,-3.7127886478917,InPost,Convenience stores,Private,Premises,Madrid,Locutorio Internet,"C. de Guzmán el Bueno, 66",28015,,,
157,InPost,Convenience Stores,Privada,Premises,Madrid,28016,Tortuga Imprime,"C. de Chile, 14",40.4563982863813,-3.67566085000249,InPost,Convenience stores,Private,Premises,Madrid,Tortuga Imprime,"C. de Chile, 14",28016,,,
158,InPost,Locker,Privada,Parking,Madrid,28016,24/7 Indigo,"Pl. de la R. Dominicana, s/n",40.4589729087952,-3.6764187226788,InPost,Lockers,Private,Parking,Madrid,24/7 Indigo,"Pl. de la R. Dominicana, s/n",28016,,,
159,InPost,Convenience Stores,Privada,Premises,Madrid,28016,Mundo Del Movil,"C. del Príncipe de Vergara, 291",40.4601711168004,-3.67693204752333,InPost,Convenience stores,Private,Premises,Madrid,Mundo Del Movil,"C. del Príncipe de Vergara, 291",28016,,,
160,InPost,Convenience Stores,Privada,Premises,Madrid,28016,Estanco 401,"C. de Víctor Andrés Belaunde, 2",40.4547723066776,-3.67896024378424,InPost,Convenience stores,Private,Premises,Madrid,Estanco 401,"C. de Víctor Andrés Belaunde, 2",28016,,,
161,InPost,Convenience Stores,Privada,Premises,Madrid,28016,Alimentacion Xiaofen,"Av. de Alfonso XIII, 145",40.4604113880509,-3.67564813533277,InPost,Convenience stores,Private,Premises,Madrid,Alimentacion Xiaofen,"Av. de Alfonso XIII, 145",28016,,,
162,InPost,Convenience Stores,Privada,Premises,Madrid,28016,Estanco Infanta - Paseo Habana,"C. de la Infanta María Teresa, 8",40.4542289375692,-3.6813488267844,InPost,Convenience stores,Private,Premises,Madrid,Estanco Infanta - Paseo Habana,"C. de la Infanta María Teresa, 8",28016,,,
163,InPost,Convenience Stores,Privada,Premises,Madrid,28016,Estanco 416 Y Loterias,"C. de la Drácena, 19",40.4634849833108,-3.67107665571594,InPost,Convenience stores,Private,Premises,Madrid,Estanco 416 Y Loterias,"C. de la Drácena, 19",28016,,,
164,InPost,Convenience Stores,Privada,Premises,Madrid,28016,Unioptica,CALLE VICTOR DE LA SERNA 7,40.4670540629377,-3.6735570289904,InPost,Convenience stores,Private,Premises,Madrid,Unioptica,CALLE VICTOR DE LA SERNA 7,28016,,,
165,InPost,Convenience Stores,Privada,Premises,Madrid,28016,Agm Arora Gestiones Y Mensajeri,"C. de los Caídos de la División Azul, 18",40.4670540826735,-3.6736858280461,InPost,Convenience stores,Private,Premises,Madrid,Agm Arora Gestiones Y Mensajeri,"C. de los Caídos de la División Azul, 18",28016,,,
166,InPost,Convenience Stores,Privada,Premises,Madrid,28017,Autoescuela Villajimena,"C. de Fco. Villaespesa, 10",40.4291473933896,-3.64525161375678,InPost,Convenience stores,Private,Premises,Madrid,Autoescuela Villajimena,"C. de Fco. Villaespesa, 10",28017,,,
167,InPost,Convenience Stores,Privada,Premises,Madrid,28017,Loterias Felicidad 20,"Calle de Sta Felicidad, 20",40.4257678651148,-3.6503796122366,InPost,Convenience stores,Private,Premises,Madrid,Loterias Felicidad 20,"Calle de Sta Felicidad, 20",28017,,,
168,InPost,Convenience Stores,Privada,Premises,Madrid,28017,Gestorres Global Locutorio,"Av. del Marqués de Corbera, 23",40.4242903656773,-3.65444988809573,InPost,Convenience stores,Private,Premises,Madrid,Gestorres Global Locutorio,"Av. del Marqués de Corbera, 23",28017,,,
169,InPost,Convenience Stores,Privada,Premises,Madrid,28017,Papeleria Minfi,"C. de Emilio Ferrari, 88",40.4290252664286,-3.63951825507155,InPost,Convenience stores,Private,Premises,Madrid,Papeleria Minfi,"C. de Emilio Ferrari, 88",28017,,,
170,InPost,,Privada,Premises,Madrid,28017,Locutorio Y Transporte Orion,"C. de Ma Teresa Sáenz de Heredia, 7",40.4225318878561,-3.65463419854755,InPost,,Private,Premises,Madrid,Locutorio Y Transporte Orion,"C. de Mª Teresa Sáenz de Heredia, 7",28017,,,
171,InPost,Convenience Stores,Privada,Premises,Madrid,28017,Papeleria Adelfa,"C. del Poeta Blas de Otero, 32",40.4216498325585,-3.65173360613042,InPost,Convenience stores,Private,Premises,Madrid,Papeleria Adelfa,"C. del Poeta Blas de Otero, 32",28017,,,
172,InPost,Convenience Stores,Privada,Premises,Madrid,28017,Papeleria Libreria Gonzalo,"C/ de José Arcones Gil, 84",40.4304289092702,-3.63592954119118,InPost,Convenience stores,Private,Premises,Madrid,Papeleria Libreria Gonzalo,"C/ de José Arcones Gil, 84",28017,,,
173,InPost,Convenience Stores,Privada,Premises,Madrid,28017,Peluqueria Y Estetica Vilans,"Av. de Daroca, 56",40.4295754263135,-3.65360360964401,InPost,Convenience stores,Private,Premises,Madrid,Peluqueria Y Estetica Vilans,"Av. de Daroca, 56",28017,,,
174,InPost,Convenience Stores,Privada,Premises,Madrid,28017,Locutorio El Grande,"C. del Río Ulla, 3",40.4352605356904,-3.64289243921251,InPost,Convenience stores,Private,Premises,Madrid,Locutorio El Grande,"C. del Río Ulla, 3",28017,,,
175,InPost,Convenience Stores,Privada,Premises,Madrid,28017,Electric Family,"C. de Vital Aza, 48",40.4324070599973,-3.64075296261501,InPost,Convenience stores,Private,Premises,Madrid,Electric Family,"C. de Vital Aza, 48",28017,,,
176,InPost,Convenience Stores,Privada,Premises,Madrid,28017,Foto Rossny,"C. de Ricardo Ortiz, 8",40.4298972592282,-3.65820256903502,InPost,Convenience stores,Private,Premises,Madrid,Foto Rossny,"C. de Ricardo Ortiz, 8",28017,,,
177,InPost,Convenience Stores,Privada,Premises,Madrid,28017,Locutorio Wilson,"C. de Vicente Espinel, 3",40.4362168310289,-3.64105587035495,InPost,Convenience stores,Private,Premises,Madrid,Locutorio Wilson,"C. de Vicente Espinel, 3",28017,,,
178,InPost,Convenience Stores,Privada,Premises,Madrid,28017,Estanco Alcala 234,"C. de Alcalá, 234",40.4318570429113,-3.65738691781485,InPost,Convenience stores,Private,Premises,Madrid,Estanco Alcala 234,"C. de Alcalá, 234",28017,,,
179,InPost,Convenience Stores,Privada,Premises,Madrid,28017,Tribuna Libros,"Calle de Portugalete, 17",40.4270562297027,-3.63487499995995,InPost,Convenience stores,Private,Premises,Madrid,Tribuna Libros,"Calle de Portugalete, 17",28017,,,
180,InPost,Convenience Stores,Privada,Premises,Madrid,28017,Bosco Shop,"C. de Ricardo Ortiz, 22",40.4283098384445,-3.65820802568654,InPost,Convenience stores,Private,Premises,Madrid,Bosco Shop,"C. de Ricardo Ortiz, 22",28017,,,
181,InPost,Convenience Stores,Privada,Premises,Madrid,28017,Frada Fruit,"C. Paredes de Nava, 19",40.4203245907865,-3.62733960110455,InPost,Convenience stores,Private,Premises,Madrid,Frada Fruit,"C. Paredes de Nava, 19",28017,,,
182,InPost,Convenience Stores,Privada,Premises,Madrid,28018,Cpumania,"C. del Arroyo del Olivar, 97",40.3885022547458,-3.64911714742812,InPost,Convenience stores,Private,Premises,Madrid,Cpumania,"C. del Arroyo del Olivar, 97",28018,,,
183,InPost,Convenience Stores,Privada,Premises,Madrid,28018,Dimoda,"C. Historias de la Radio, 4",40.3801576396011,-3.65580575177596,InPost,Convenience stores,Private,Premises,Madrid,Dimoda,"C. Historias de la Radio, 4",28018,,,
184,InPost,Locker,Privada,Premises,Madrid,28018,Locker Lavanderia De Vallecas,"C. de Carlos Martín Álvarez, 11",40.3907002835059,-3.66249681939986,InPost,Lockers,Private,Premises,Madrid,Locker Lavanderia De Vallecas,"C. de Carlos Martín Álvarez, 11",28018,,,
185,InPost,Convenience Stores,Privada,Premises,Madrid,28018,Santería Y Artículos Esotéricos Luna Mágica,"C. de Carlos Martín Álvarez, 3",40.3960422523631,-3.66207634354206,InPost,Convenience stores,Private,Premises,Madrid,Santería Y Artículos Esotéricos Luna Mágica,"C. de Carlos Martín Álvarez, 3",28018,,,
186,InPost,Convenience Stores,Privada,Premises,Madrid,28018,Libreria Amaya,"C. de Javier de Miguel, 28",40.3883052370346,-3.66188989919648,InPost,Convenience stores,Private,Premises,Madrid,Libreria Amaya,"C. de Javier de Miguel, 28",28018,,,
187,InPost,Convenience Stores,Privada,Premises,Madrid,28018,Eva Pavon Formacion Peluqueria,"Av. de Pablo Neruda, 72",40.3864340130757,-3.64660241561155,InPost,Convenience stores,Private,Premises,Madrid,Eva Pavon Formacion Peluqueria,"Av. de Pablo Neruda, 72",28018,,,
188,InPost,Convenience Stores,Privada,Premises,Madrid,28018,Alimentacion Bazar,"Tr.a de Felipe de Diego, 25",40.3791062319546,-3.65973568147185,InPost,Convenience stores,Private,Premises,Madrid,Alimentacion Bazar,"Tr.ª de Felipe de Diego, 25",28018,,,
189,InPost,Locker,Privada,Mall,Madrid,28018,Locker Cc Madrid Sur,"Av. de Pablo Neruda, 91-97",40.3816626091079,-3.66388422814703,InPost,Lockers,Private,Mall,Madrid,Locker Cc Madrid Sur,"Av. de Pablo Neruda, 91-97",28018,,,
190,InPost,Convenience Stores,Privada,Premises,Madrid,28018,Pretty Queens Nails,"C. del Puerto de la Morcuera, 6, local 2",40.3841330481083,-3.66788514776099,InPost,Convenience stores,Private,Premises,Madrid,Pretty Queens Nails,"C. del Puerto de la Morcuera, 6, local 2",28018,,,
191,InPost,Convenience Stores,Privada,Premises,Madrid,28018,Multiservicios Madhouse Entrevi,"C. del Puerto de Balbarán, 49",40.3815894170202,-3.66720503172351,InPost,Convenience stores,Private,Premises,Madrid,Multiservicios Madhouse Entrevi,"C. del Puerto de Balbarán, 49",28018,,,
192,InPost,Convenience Stores,Privada,Premises,Madrid,28019,La Ventana Natural General Rica,"Calle del Gral. Ricardos, 69",40.3942321384589,-3.72210693951664,InPost,Convenience stores,Private,Premises,Madrid,La Ventana Natural General Rica,"Calle del Gral. Ricardos, 69",28019,,,
193,InPost,Convenience Stores,Privada,Premises,Madrid,28019,Expendeduria 555,"C. Cañete, 2",40.392791699615,-3.7334311790747,InPost,Convenience stores,Private,Premises,Madrid,Expendeduria 555,"C. Cañete, 2",28019,,,
194,InPost,Locker,Privada,Parking,Madrid,28019,Locker 24/7 Grupo Bolton Pedro,"Av. de Pedro Diez, 21",40.3917771737212,-3.73161665377063,InPost,Lockers,Private,Parking,Madrid,Locker 24/7 Grupo Bolton Pedro,"Av. de Pedro Diez, 21",28019,,,
195,InPost,Convenience Stores,Privada,Premises,Madrid,28019,Ferreteria Barrio,"C. Azabache, 4",40.3925651631052,-3.72501621081145,InPost,Convenience stores,Private,Premises,Madrid,Ferreteria Barrio,"C. Azabache, 4",28019,,,
196,InPost,Convenience Stores,Privada,Premises,Madrid,28019,Copytex,"C. Castellflorite, 7",40.3941637309065,-3.73874206894907,InPost,Convenience stores,Private,Premises,Madrid,Copytex,"C. Castellflorite, 7",28019,,,
197,InPost,Convenience Stores,Privada,Premises,Madrid,28019,Essenzia,"Calle de Antonio López, 7",40.3972980459923,-3.71411656721202,InPost,Convenience stores,Private,Premises,Madrid,Essenzia,"Calle de Antonio López, 7",28019,,,
198,InPost,Convenience Stores,Privada,Premises,Madrid,28019,Bolsos Mary,"Calle de Antonio López, 36",40.3961399184314,-3.71213770028845,InPost,Convenience stores,Private,Premises,Madrid,Bolsos Mary,"Calle de Antonio López, 36",28019,,,
199,InPost,Convenience Stores,Privada,Premises,Madrid,28019,Foto Juanjo,"C. Inmaculada Concepción, 6",40.3956443324423,-3.71188615990523,InPost,Convenience stores,Private,Premises,Madrid,Foto Juanjo,"C. Inmaculada Concepción, 6",28019,,,
200,InPost,Locker,Privada,Supermarket,Madrid,28019,Locker Supermercado Dia Calle A,"C. de Antonio de Leyva, 80",40.3895544897504,-3.71629803989434,InPost,Lockers,Private,Supermarket,Madrid,Locker Supermercado Dia Calle A,"C. de Antonio de Leyva, 80",28019,,,
201,InPost,Locker,Privada,Premises,Madrid,28019,Locker Express Laundry Center C,"C. Inmaculada Concepción, 15",40.394121387166,-3.71187997581217,InPost,Lockers,Private,Premises,Madrid,Locker Express Laundry Center C,"C. Inmaculada Concepción, 15",28019,,,
202,InPost,Convenience Stores,Privada,Premises,Madrid,28019,Molduras Perez,"C. de Valle de Oro, 28",40.3878177547859,-3.72753732914579,InPost,Convenience stores,Private,Premises,Madrid,Molduras Perez,"C. de Valle de Oro, 28",28019,,,
203,InPost,Locker,Privada,Supermarket,Madrid,28019,Locker Supermercado Dia Calle A,"Calle de Antonio López, 67",40.3939963637505,-3.70717659171881,InPost,Lockers,Private,Supermarket,Madrid,Locker Supermercado Dia Calle A,"Calle de Antonio López, 67",28019,,,
204,InPost,Convenience Stores,Privada,Premises,Madrid,28019,Triple B Electrodomesticos,"C. de la Vía, 30",40.3863261002629,-3.72009722666422,InPost,Convenience stores,Private,Premises,Madrid,Triple B Electrodomesticos,"C. de la Vía, 30",28019,,,
205,InPost,Convenience Stores,Privada,Premises,Madrid,28019,Estanco Pedro Yague,"C. Pedro Yagüe, 2",40.3931855433725,-3.70846935468444,InPost,Convenience stores,Private,Premises,Madrid,Estanco Pedro Yague,"C. Pedro Yagüe, 2",28019,,,
206,InPost,Locker,Privada,Premises,Madrid,28019,Locker Lav La Wash C De La Via,"C. de la Vía, 2",40.387007591673,-3.72268637383919,InPost,Lockers,Private,Premises,Madrid,Locker Lav La Wash C De La Via,"C. de la Vía, 2",28019,,,
207,InPost,Convenience Stores,Privada,Premises,Madrid,28019,Quero,"C. de Vicenta Parra, 4",40.3975183659004,-3.7178186588199,InPost,Convenience stores,Private,Premises,Madrid,Quero,"C. de Vicenta Parra, 4",28019,,,
208,InPost,Convenience Stores,Privada,Parking,Madrid,28020,24/7 Indigo,"C. de Orense, 50",40.4582195740021,-3.69417902236371,InPost,Convenience stores,Private,Parking,Madrid,24/7 Indigo,"C. de Orense, 50",28020,,,
209,InPost,Convenience Stores,Privada,Premises,Madrid,28020,Estanco 504,"C. de Orense, 35",40.4535296069969,-3.69516506526345,InPost,Convenience stores,Private,Premises,Madrid,Estanco 504,"C. de Orense, 35",28020,,,
210,InPost,Convenience Stores,Privada,Premises,Madrid,28020,Interzoo,"C. de Pedro Teixeira, 10",40.4550897810512,-3.69277150681452,InPost,Convenience stores,Private,Premises,Madrid,Interzoo,"C. de Pedro Teixeira, 10",28020,,,
211,InPost,Locker,Pública,Parking,Madrid,28020,24/7 Parking Emt,"Av. del General Perón, 27",40.4534185568615,-3.69427474967749,InPost,Lockers,Public,Parking,Madrid,24/7 Parking Emt,"Av. del General Perón, 27",28020,,,
212,InPost,Locker,Privada,Premises,Madrid,28020,Waterproof Lavanderia,"C. de San Enrique, 16",40.455949887843,-3.70056190776759,InPost,Lockers,Private,Premises,Madrid,Waterproof Lavanderia,"C. de San Enrique, 16",28020,,,
213,InPost,Convenience Stores,Privada,Premises,Madrid,28020,Luis Locutorios,"C. de Huesca, 3",40.4584997285927,-3.70003088117126,InPost,Convenience stores,Private,Premises,Madrid,Luis Locutorios,"C. de Huesca, 3",28020,,,
214,InPost,Locker,Privada,Parking,Madrid,28020,Locker 24/7 Parking Castellana,"P.o de la Castellana, 129",40.4584817128411,-3.69144677658692,InPost,Lockers,Private,Parking,Madrid,Locker 24/7 Parking Castellana,"P.º de la Castellana, 129",28020,,,
215,InPost,Convenience Stores,Privada,Premises,Madrid,28020,Kashem Telefonica Movil,"C. de Ávila, 13",40.453059542742,-3.70159256369567,InPost,Convenience stores,Private,Premises,Madrid,Kashem Telefonica Movil,"C. de Ávila, 13",28020,,,
216,InPost,Convenience Stores,Privada,Premises,Madrid,28020,Europay Transpera,"C. de Bravo Murillo, 297",40.4615610305838,-3.6983780665243,InPost,Convenience stores,Private,Premises,Madrid,Europay Transpera,"C. de Bravo Murillo, 297",28020,,,
217,InPost,Convenience Stores,Privada,Premises,Madrid,28020,Estanco 863,"C. de Orense, 83",40.4601071582943,-3.69452651092597,InPost,Convenience stores,Private,Premises,Madrid,Estanco 863,"C. de Orense, 83",28020,,,
218,InPost,Convenience Stores,Privada,Premises,Madrid,28020,Viajes Viacour,"C. Lino, 9",40.4601462928307,-3.69777490890054,InPost,Convenience stores,Private,Premises,Madrid,Viajes Viacour,"C. Lino, 9",28020,,,
219,InPost,Locker,Privada,Premises,Madrid,28020,Comercial Basilica,"C. del Aviador Zorita, 23",40.4494113981513,-3.69853637585477,InPost,Lockers,Private,Premises,Madrid,Comercial Basilica,"C. del Aviador Zorita, 23",28020,,,
220,InPost,Convenience Stores,Privada,Supermarket,Madrid,28020,Locker Supermercado Dia Calle B,"C. de Bravo Murillo, 308",40.4633676795635,-3.69639961807829,InPost,Convenience stores,Private,Supermarket,Madrid,Locker Supermercado Dia Calle B,"C. de Bravo Murillo, 308",28020,,,
221,InPost,Convenience Stores,Privada,Premises,Madrid,28020,Sela Express,"C. de Bravo Murillo, 327",40.4643766242736,-3.69646124950157,InPost,Convenience stores,Private,Premises,Madrid,Sela Express,"C. de Bravo Murillo, 327",28020,,,
222,InPost,Convenience Stores,Privada,Premises,Madrid,28020,Estanco 216,"C. de Raimundo Fernández Villaverde, 49",40.4468561743114,-3.69662944601669,InPost,Convenience stores,Private,Premises,Madrid,Estanco 216,"C. de Raimundo Fernández Villaverde, 49",28020,,,
223,InPost,Convenience Stores,Privada,Premises,Madrid,28020,Jl Envios,"C. de Oñate, 9",40.4639599279782,-3.69520059013554,InPost,Convenience stores,Private,Premises,Madrid,Jl Envios,"C. de Oñate, 9",28020,,,
224,InPost,Convenience Stores,Privada,Premises,Madrid,28020,Mandalo Market,"C. de Bravo Murillo, 122",40.4491787514511,-3.70280219976094,InPost,Convenience stores,Private,Premises,Madrid,Mandalo Market,"C. de Bravo Murillo, 122",28020,,,
225,InPost,Convenience Stores,Privada,Premises,Madrid,28020,Herbolario Hernani,"C. de Hernani, 9",40.4485487393613,-3.70282256116872,InPost,Convenience stores,Private,Premises,Madrid,Herbolario Hernani,"C. de Hernani, 9",28020,,,
226,InPost,Convenience Stores,Privada,Premises,Madrid,28021,Multiservicios Madhouse Villave,"C. de la Aladierna, 9",40.3461367439133,-3.71107970436654,InPost,Convenience stores,Private,Premises,Madrid,Multiservicios Madhouse Villave,"C. de la Aladierna, 9",28021,,,
227,InPost,Convenience Stores,Privada,Premises,Madrid,28021,Estanco Madrid 763,"Calle del Dr. Martín Arévalo, 4",40.3463430319643,-3.70825042899166,InPost,Convenience stores,Private,Premises,Madrid,Estanco Madrid 763,"Calle del Dr. Martín Arévalo, 4",28021,,,
228,InPost,Convenience Stores,Privada,Premises,Madrid,28021,Locutorio Sunmoon 2,"Av. Real de Pinto, 6",40.3485655939727,-3.70628647449732,InPost,Convenience stores,Private,Premises,Madrid,Locutorio Sunmoon 2,"Av. Real de Pinto, 6",28021,,,
229,InPost,Convenience Stores,Privada,Premises,Madrid,28021,Locutorio Pronto Pago 1,"C. de Godella, 321",40.3409413039679,-3.68626014694503,InPost,Convenience stores,Private,Premises,Madrid,Locutorio Pronto Pago 1,"C. de Godella, 321",28021,,,
230,InPost,Convenience Stores,Privada,Premises,Madrid,28021,Estanco Madrid 382,"P.o de Alberto Palacios, 82",40.3437685201611,-3.71632056137942,InPost,Convenience stores,Private,Premises,Madrid,Estanco Madrid 382,"P.º de Alberto Palacios, 82",28021,,,
231,InPost,Convenience Stores,Privada,Premises,Madrid,28021,Regalos Y Algo Mas,"C. Esperanza Macarena, 22",40.3497814863007,-3.69047539285199,InPost,Convenience stores,Private,Premises,Madrid,Regalos Y Algo Mas,"C. Esperanza Macarena, 22",28021,,,
232,InPost,Convenience Stores,Privada,Premises,Madrid,28021,Noble Telecom Madrid,"C. de Rocafort, 76",40.3426547958308,-3.68500764826671,InPost,Convenience stores,Private,Premises,Madrid,Noble Telecom Madrid,"C. de Rocafort, 76",28021,,,
233,InPost,Convenience Stores,Privada,Premises,Madrid,28021,Locutorio Medina,"Calle Encarnación Oviol, 48",40.3506964584824,-3.68736949422832,InPost,Convenience stores,Private,Premises,Madrid,Locutorio Medina,"Calle Encarnación Oviol, 48",28021,,,
234,InPost,Convenience Stores,Privada,Premises,Madrid,28021,Locutorio Zulema,"C. de Juan José Martínez Seco, 82",40.3525883341146,-3.68468898124809,InPost,Convenience stores,Private,Premises,Madrid,Locutorio Zulema,"C. de Juan José Martínez Seco, 82",28021,,,
235,InPost,Convenience Stores,Privada,Premises,Madrid,28022,El Rincon De La Lectura,"C. Once, 2",40.4447346246588,-3.59528813606279,InPost,Convenience stores,Private,Premises,Madrid,El Rincon De La Lectura,"C. Once, 2",28022,,,
236,InPost,Locker,Privada,Service Station,Madrid,28022,Locker 24/7 Repsol Cred Barajas,"CR, N-2, P.K. 12,60 D",40.449312479138,-3.56541825132347,InPost,Lockers,Private,Service Station,Madrid,Locker 24/7 Repsol Cred Barajas,"CR, N-2, P.K. 12,60 D",28022,,,
237,InPost,Locker,Pública,Parking,Madrid,28022,Locker 24/7 Emt Parking E Metro,"Av. de Arcentales, 39",40.4333428475413,-3.60111639952449,InPost,Lockers,Public,Parking,Madrid,Locker 24/7 Emt Parking E Metro,"Av. de Arcentales, 39",28022,,,
238,InPost,Locker,Privada,Parking,Madrid,28022,Locker 24/7 Estadio Civitas Met,"Av. de Luis Aragonés, 4",40.4378053649311,-3.60160305144731,InPost,Lockers,Private,Parking,Madrid,Locker 24/7 Estadio Civitas Met,"Av. de Luis Aragonés, 4",28022,,,
239,InPost,Convenience Stores,Privada,Premises,Madrid,28022,Locutorio Jlm,"C. de Troya, 32",40.4353632704139,-3.61132103878943,InPost,Convenience stores,Private,Premises,Madrid,Locutorio Jlm,"C. de Troya, 32",28022,,,
240,InPost,Convenience Stores,Privada,Premises,Madrid,28022,Papeleria Prensa Cervantes,"C. de Fenelón, 5",40.4378405239231,-3.61183477455294,InPost,Convenience stores,Private,Premises,Madrid,Papeleria Prensa Cervantes,"C. de Fenelón, 5",28022,,,
241,InPost,Convenience Stores,Privada,Premises,Madrid,28022,Locutorio Las Musas,"C. de Julia García Boután, 5",40.4302646011224,-3.60995955539434,InPost,Convenience stores,Private,Premises,Madrid,Locutorio Las Musas,"C. de Julia García Boután, 5",28022,,,
242,InPost,Convenience Stores,Privada,Premises,Madrid,28022,Papeleria Fotografia Odin,"C. de Sofía, 56",40.4285778976633,-3.60117839930535,InPost,Convenience stores,Private,Premises,Madrid,Papeleria Fotografia Odin,"C. de Sofía, 56",28022,,,
243,InPost,Convenience Stores,Privada,Premises,Madrid,28022,Alimentacion Y Panaderia,"C/ de Boltaña, 73",40.4488804818175,-3.60823107081394,InPost,Convenience stores,Private,Premises,Madrid,Alimentacion Y Panaderia,"C/ de Boltaña, 73",28022,,,
244,InPost,Convenience Stores,Privada,Premises,Madrid,28022,Estanco Vega,"C. Ribadumia, 2",40.441826810795,-3.61088892918845,InPost,Convenience stores,Private,Premises,Madrid,Estanco Vega,"C. Ribadumia, 2",28022,,,
245,InPost,Convenience Stores,Privada,Premises,Madrid,28022,New Mascota Canillejas,"C/ de Boltaña, 59",40.4481355470515,-3.60954829898728,InPost,Convenience stores,Private,Premises,Madrid,New Mascota Canillejas,"C/ de Boltaña, 59",28022,,,
246,InPost,Convenience Stores,Privada,Premises,Madrid,28022,Papeleria Alfilbe Las Rosas,"C. de Suecia, 21",40.423302684242,-3.60679692022647,InPost,Convenience stores,Private,Premises,Madrid,Papeleria Alfilbe Las Rosas,"C. de Suecia, 21",28022,,,
247,InPost,Convenience Stores,Privada,Premises,Madrid,28022,Gran Bazar Plaza China,"C/ de Boltaña, 40",40.4454658012492,-3.61273799809785,InPost,Convenience stores,Private,Premises,Madrid,Gran Bazar Plaza China,"C/ de Boltaña, 40",28022,,,
248,InPost,Locker,Privada,Supermarket,Madrid,28022,Locker Supermercado Dia Calle D,"Calle de San Faustino, 20",40.446046169122,-3.60912495085071,InPost,Lockers,Private,Supermarket,Madrid,Locker Supermercado Dia Calle D,"Calle de San Faustino, 20",28022,,,
249,InPost,Locker,Privada,Premises,Madrid,28022,Locker San Mariano 3 Lava Y Sec,"C. de San Mariano, 3",40.4452010624194,-3.61398217004062,InPost,Lockers,Private,Premises,Madrid,Locker San Mariano 3 Lava Y Sec,"C. de San Mariano, 3",28022,,,
250,InPost,Convenience Stores,Privada,Premises,Madrid,28022,Casa Cuadro,"Av. de Niza, 5",40.4264203611043,-3.60636347615472,InPost,Convenience stores,Private,Premises,Madrid,Casa Cuadro,"Av. de Niza, 5",28022,,,
251,InPost,Convenience Stores,Privada,Premises,Madrid,28023,Frutos Secos Olivo,"C. Olivo, 32",40.4591783020617,-3.78180014126251,InPost,Convenience stores,Private,Premises,Madrid,Frutos Secos Olivo,"C. Olivo, 32",28023,,,
252,InPost,Convenience Stores,Privada,Premises,Madrid,28023,Cafe Bar El Garaje,"Av. de la Galaxia, 20",40.4579763812121,-3.7855658838652,InPost,Convenience stores,Private,Premises,Madrid,Cafe Bar El Garaje,"Av. de la Galaxia, 20",28023,,,
253,InPost,Locker,Privada,Service Station,Madrid,28023,Locker 24/7 Repsol Aravaca El P,"Av. de la Victoria, 34",40.4691490221387,-3.82004838966297,InPost,Lockers,Private,Service Station,Madrid,Locker 24/7 Repsol Aravaca El P,"Av. de la Victoria, 34",28023,,,
254,InPost,Convenience Stores,Privada,Premises,Madrid,28024,Peluqueria Canina Cuatro Viento,"P.o de los Lanceros, 2",40.3795559745678,-3.79258014992514,InPost,Convenience stores,Private,Premises,Madrid,Peluqueria Canina Cuatro Viento,"P.º de los Lanceros, 2",28024,,,
255,InPost,Convenience Stores,Privada,Premises,Madrid,28024,Smartrepair,"C. de Maqueda, 134",40.3880718711197,-3.76227136927024,InPost,Convenience stores,Private,Premises,Madrid,Smartrepair,"C. de Maqueda, 134",28024,,,
256,InPost,Convenience Stores,Privada,Premises,Madrid,28024,Estanco 648,"C. de Escalona, 12",40.3977707946528,-3.76166778279073,InPost,Convenience stores,Private,Premises,Madrid,Estanco 648,"C. de Escalona, 12",28024,,,
257,InPost,Convenience Stores,Privada,Premises,Madrid,28024,Taymar,"C. de Illescas, 145",40.3935124420642,-3.76071410638367,InPost,Convenience stores,Private,Premises,Madrid,Taymar,"C. de Illescas, 145",28024,,,
258,InPost,Locker,Privada,Premises,Madrid,28024,Locker 24/7 Farmacia Sesena 7,"C. de Seseña, 7",40.3978655194102,-3.75843337319774,InPost,Lockers,Private,Premises,Madrid,Locker 24/7 Farmacia Sesena 7,"C. de Seseña, 7",28024,,,
259,InPost,Convenience Stores,Privada,Premises,Madrid,28024,Herbolario Hierbabuena I,"C/ de Villaviciosa, 40",40.3970679381503,-3.77167890568646,InPost,Convenience stores,Private,Premises,Madrid,Herbolario Hierbabuena I,"C/ de Villaviciosa, 40",28024,,,
260,InPost,Convenience Stores,Privada,Premises,Madrid,28024,La Casa Del Cartucho,"C. de Galicia, 52",40.3992976049349,-3.77244808093249,InPost,Convenience stores,Private,Premises,Madrid,La Casa Del Cartucho,"C. de Galicia, 52",28024,,,
261,InPost,Locker,Privada,Supermarket,Madrid,28025,Locker Supermercado Dia Cam Vie,"C. del Camino Viejo de Leganés, 177",40.3816464895602,-3.7308269611103,InPost,Lockers,Private,Supermarket,Madrid,Locker Supermercado Dia Cam Vie,"C. del Camino Viejo de Leganés, 177",28025,,,
262,InPost,Convenience Stores,Privada,Premises,Madrid,28025,Locutorio Khan 2,"P.o Castellanos, 65",40.3749407258383,-3.74273656416618,InPost,Convenience stores,Private,Premises,Madrid,Locutorio Khan 2,"P.º Castellanos, 65",28025,,,
263,InPost,Convenience Stores,Privada,Premises,Madrid,28025,Tintoreria Casablanca,"C. Jilguero, 4",40.3839996370158,-3.72996929292517,InPost,Convenience stores,Private,Premises,Madrid,Tintoreria Casablanca,"C. Jilguero, 4",28025,,,
264,InPost,Locker,Privada,Premises,Madrid,28025,Locker Lavanderia Bloomet Carab,"Pl. Tarifa, 1",40.3847159511262,-3.7303752303585,InPost,Lockers,Private,Premises,Madrid,Locker Lavanderia Bloomet Carab,"Pl. Tarifa, 1",28025,,,
265,InPost,Convenience Stores,Privada,Premises,Madrid,28025,La Tienda Del Barrio,"C. de Eugenia de Montijo, 29",40.3820010500179,-3.74286464784913,InPost,Convenience stores,Private,Premises,Madrid,La Tienda Del Barrio,"C. de Eugenia de Montijo, 29",28025,,,
266,InPost,Locker,Privada,Service Station,Madrid,28025,Locker 24/7 Galp Madrid Argenti,"Av. de los Poblados, 83",40.3739323268154,-3.74336882146299,InPost,Lockers,Private,Service Station,Madrid,Locker 24/7 Galp Madrid Argenti,"Av. de los Poblados, 83",28025,,,
267,InPost,Convenience Stores,Privada,Premises,Madrid,28025,Master Ocio,"C. de Eugenia de Montijo, 63",40.3784286031764,-3.74803060086259,InPost,Convenience stores,Private,Premises,Madrid,Master Ocio,"C. de Eugenia de Montijo, 63",28025,,,
268,InPost,Convenience Stores,Privada,Premises,Madrid,28025,Herbolario Rincon Verde Mavione,"C. de Matilde Hernández, 78",40.3878674103904,-3.73620170578914,InPost,Convenience stores,Private,Premises,Madrid,Herbolario Rincon Verde Mavione,"C. de Matilde Hernández, 78",28025,,,
269,InPost,Convenience Stores,Privada,Premises,Madrid,28025,Libreria Papeleria Carabanchel,"P.o de Marcelino Camacho, 19",40.3860497222018,-3.74104268481267,InPost,Convenience stores,Private,Premises,Madrid,Libreria Papeleria Carabanchel,"P.º de Marcelino Camacho, 19",28025,,,
270,InPost,Convenience Stores,Privada,Premises,Madrid,28025,Charcuteria Frey,"C. de Matilde Hernández, 100",40.386594162073,-3.73887436679212,InPost,Convenience stores,Private,Premises,Madrid,Charcuteria Frey,"C. de Matilde Hernández, 100",28025,,,
271,InPost,Convenience Stores,Privada,Premises,Madrid,28025,Expendeduria 464,"C. de la Oca, 26",40.3897849466315,-3.73406824314063,InPost,Convenience stores,Private,Premises,Madrid,Expendeduria 464,"C. de la Oca, 26",28025,,,
272,InPost,Convenience Stores,Privada,Premises,Madrid,28025,Tizas91,"Av. de Ntra. Sra. de Valvanera, 91",40.391283111302,-3.73772311938443,InPost,Convenience stores,Private,Premises,Madrid,Tizas91,"Av. de Ntra. Sra. de Valvanera, 91",28025,,,
273,InPost,Convenience Stores,Privada,Premises,Madrid,28025,Ecoink Oca 88,"C. de la Oca, 88",40.3887986419433,-3.74174430590013,InPost,Convenience stores,Private,Premises,Madrid,Ecoink Oca 88,"C. de la Oca, 88",28025,,,
274,InPost,Convenience Stores,Privada,Premises,Madrid,28025,Madrid 516,"C. de la Laguna, 16",40.3915890773859,-3.74233522887804,InPost,Convenience stores,Private,Premises,Madrid,Madrid 516,"C. de la Laguna, 16",28025,,,
275,InPost,Locker,Privada,Premises,Madrid,28026,Locker Money Exchange Usera,"C. de Marcelo Usera, 71",40.3860960339129,-3.70550083444451,InPost,Lockers,Private,Premises,Madrid,Locker Money Exchange Usera,"C. de Marcelo Usera, 71",28026,,,
276,InPost,Convenience Stores,Privada,Premises,Madrid,28026,Alimentacion Rosmery,"C. de Nicolás Usera, 4",40.3871380610286,-3.70603827183682,InPost,Convenience stores,Private,Premises,Madrid,Alimentacion Rosmery,"C. de Nicolás Usera, 4",28026,,,
277,InPost,Convenience Stores,Privada,Premises,Madrid,28026,Aromas Artesanales,"C. de Marcelo Usera, 117",40.3857266773653,-3.70903323077442,InPost,Convenience stores,Private,Premises,Madrid,Aromas Artesanales,"C. de Marcelo Usera, 117",28026,,,
278,InPost,Convenience Stores,Privada,Premises,Madrid,28026,Que Me Das,"C. de Dolores Barranco, 8",40.3837254732764,-3.70319954668041,InPost,Convenience stores,Private,Premises,Madrid,Que Me Das,"C. de Dolores Barranco, 8",28026,,,
279,InPost,Locker,Privada,Premises,Madrid,28026,Locker La Wash Dolores Barranco,"C. de Dolores Barranco, 80",40.3831171741307,-3.70967695698654,InPost,Lockers,Private,Premises,Madrid,Locker La Wash Dolores Barranco,"C. de Dolores Barranco, 80",28026,,,
280,InPost,Convenience Stores,Privada,Premises,Madrid,28026,Damalar Viajes,"C. de la Cuesta, 15",40.3888380180951,-3.70779167067758,InPost,Convenience stores,Private,Premises,Madrid,Damalar Viajes,"C. de la Cuesta, 15",28026,,,
281,InPost,Convenience Stores,Privada,Premises,Madrid,28026,Libreria Trazos,"C. Cristo de la Victoria, 113",40.3799677135762,-3.70463030801465,InPost,Convenience stores,Private,Premises,Madrid,Libreria Trazos,"C. Cristo de la Victoria, 113",28026,,,
282,InPost,Convenience Stores,Privada,Premises,Madrid,28026,Spirits Viajes Madrid,"C. del Olvido, 1",40.3876864640436,-3.70292718806417,InPost,Convenience stores,Private,Premises,Madrid,Spirits Viajes Madrid,"C. del Olvido, 1",28026,,,
283,InPost,Convenience Stores,Privada,Premises,Madrid,28026,Estanco Valera,"C. de Jesús del Gran Poder, 50",40.3862345880564,-3.70051263050059,InPost,Convenience stores,Private,Premises,Madrid,Estanco Valera,"C. de Jesús del Gran Poder, 50",28026,,,
284,InPost,Convenience Stores,Privada,Premises,Madrid,28026,El Dedal De Cristal,"C. San Armengol, 5",40.3898554112326,-3.69996337921916,InPost,Convenience stores,Private,Premises,Madrid,El Dedal De Cristal,"C. San Armengol, 5",28026,,,
285,InPost,Convenience Stores,Privada,Premises,Madrid,28026,Alimentacion Lili,"C. Tomelloso, 13",40.3810911959507,-3.69851416208774,InPost,Convenience stores,Private,Premises,Madrid,Alimentacion Lili,"C. Tomelloso, 13",28026,,,
286,InPost,Locker,Privada,Premises,Madrid,28026,Locker Express Laundry Center,"C. de Marina Usera, 10",40.3819717287381,-3.71398083573791,InPost,Lockers,Private,Premises,Madrid,Locker Express Laundry Center,"C. de Marina Usera, 10",28026,,,
287,InPost,Convenience Stores,Privada,Premises,Madrid,28026,Esperanza Locutorio,"Av Cerro de los Ángeles, 1",40.381212240597,-3.71311717832514,InPost,Convenience stores,Private,Premises,Madrid,Esperanza Locutorio,"Av Cerro de los Ángeles, 1",28026,,,
288,InPost,Convenience Stores,Privada,Premises,Madrid,28026,Aromas Artesanales Cc Plaza Rio,"Av del Manzanares, 210",40.391498222384,-3.70145689386486,InPost,Convenience stores,Private,Premises,Madrid,Aromas Artesanales Cc Plaza Rio,"Av del Manzanares, 210",28026,,,
289,InPost,Convenience Stores,Privada,Premises,Madrid,28027,La Boutique Del Rotulo,"C. de José del Hierro, 41",40.4409455842728,-3.64384310679676,InPost,Convenience stores,Private,Premises,Madrid,La Boutique Del Rotulo,"C. de José del Hierro, 41",28027,,,
290,InPost,Convenience Stores,Privada,Premises,Madrid,28027,Europinturas,"C/ de Virgen del Portillo, 39",40.4391816496689,-3.64808383578478,InPost,Convenience stores,Private,Premises,Madrid,Europinturas,"C/ de Virgen del Portillo, 39",28027,,,
291,InPost,Convenience Stores,Privada,Premises,Madrid,28027,Huerta De Amin,"C. Virgen del Sagrario, 34",40.4386923691504,-3.65100043998896,InPost,Convenience stores,Private,Premises,Madrid,Huerta De Amin,"C. Virgen del Sagrario, 34",28027,,,
292,InPost,Convenience Stores,Privada,Premises,Madrid,28027,Locutorio El Encuentro 2,"C. de Florencio García, 6",40.4382245208116,-3.64031990066613,InPost,Convenience stores,Private,Premises,Madrid,Locutorio El Encuentro 2,"C. de Florencio García, 6",28027,,,
293,InPost,Convenience Stores,Privada,Premises,Madrid,28027,Latelier De Flor,"C. de Federico Gutiérrez, 22",40.4363854495413,-3.64586289286239,InPost,Convenience stores,Private,Premises,Madrid,Latelier De Flor,"C. de Federico Gutiérrez, 22",28027,,,
294,InPost,Convenience Stores,Privada,Premises,Madrid,28027,Cafe Bar 204,"C. de Emilio Gastesi Fernández, 22",40.4366900630187,-3.64717864101463,InPost,Convenience stores,Private,Premises,Madrid,Cafe Bar 204,"C. de Emilio Gastesi Fernández, 22",28027,,,
295,InPost,Locker,Privada,Supermarket,Madrid,28027,Locker Supermercado Dia Calle A,"C. de Alcalá, 451",40.4392054569027,-3.63501581293788,InPost,Lockers,Private,Supermarket,Madrid,Locker Supermercado Dia Calle A,"C. de Alcalá, 451",28027,,,
296,InPost,Convenience Stores,Privada,Premises,Madrid,28027,Herbolario Mygreenes,"C. de Virgen de Lluc, 4",40.4345630783419,-3.65552439992382,InPost,Convenience stores,Private,Premises,Madrid,Herbolario Mygreenes,"C. de Virgen de Lluc, 4",28027,,,
297,InPost,Locker,Privada,Premises,Madrid,28027,Locker Denver75 Servicios Sl,"C. de Alcalá, 311",40.4329092634218,-3.65197876926189,InPost,Lockers,Private,Premises,Madrid,Locker Denver75 Servicios Sl,"C. de Alcalá, 311",28027,,,
298,InPost,Convenience Stores,Privada,Premises,Madrid,28027,Lusai Informatica,"C. de Alcalá, 296",40.4328676445885,-3.65015879418925,InPost,Convenience stores,Private,Premises,Madrid,Lusai Informatica,"C. de Alcalá, 296",28027,,,
299,InPost,Convenience Stores,Privada,Premises,Madrid,28027,Estanco Alcala 499,"C. de Alcalá, 499",40.4406591609058,-3.6297185307342,InPost,Convenience stores,Private,Premises,Madrid,Estanco Alcala 499,"C. de Alcalá, 499",28027,,,
300,InPost,Convenience Stores,Privada,Premises,Madrid,28027,Asiya Telecom,"C. de Alcalá, 256",40.4322309272291,-3.65464147889192,InPost,Convenience stores,Private,Premises,Madrid,Asiya Telecom,"C. de Alcalá, 256",28027,,,
301,InPost,Convenience Stores,Privada,Premises,Madrid,28028,Estanco Ventas,"C. de Alcalá, 227",40.4302159131831,-3.66523593760446,InPost,Convenience stores,Private,Premises,Madrid,Estanco Ventas,"C. de Alcalá, 227",28028,,,
302,InPost,Convenience Stores,Privada,Premises,Madrid,28028,El Geniux Impresion Digital,"Av. de los Toreros, 43",40.4324715517341,-3.66756302458884,InPost,Convenience stores,Private,Premises,Madrid,El Geniux Impresion Digital,"Av. de los Toreros, 43",28028,,,
303,InPost,Convenience Stores,Privada,Premises,Madrid,28028,Debuenatinta,"C/ de Francisco Silvela, 20",40.4312921040536,-3.67099430038322,InPost,Convenience stores,Private,Premises,Madrid,Debuenatinta,"C/ de Francisco Silvela, 20",28028,,,
304,InPost,Convenience Stores,Privada,Premises,Madrid,28028,Em Movil,"P.o del Marqués de Zafra, 17",40.4267296062678,-3.66645600024597,InPost,Convenience stores,Private,Premises,Madrid,Em Movil,"P.º del Marqués de Zafra, 17",28028,,,
305,InPost,Convenience Stores,Privada,Premises,Madrid,28028,Mundo Del Movil,"Calle de Colomer, 3",40.4342818112339,-3.66462265128486,InPost,Convenience stores,Private,Premises,Madrid,Mundo Del Movil,"Calle de Colomer, 3",28028,,,
306,InPost,Locker,Privada,Premises,Madrid,28028,Locker Lavandviva Tere,"C. de Francisco Santos, 29",40.4356589450752,-3.66796934402949,InPost,Lockers,Private,Premises,Madrid,Locker Lavandviva Tere,"C. de Francisco Santos, 29",28028,,,
307,InPost,Locker,Privada,Premises,Madrid,28028,Locker Lavapiu Cartagena,"C. de Cartagena, 62",40.4373418948126,-3.67044526298219,InPost,Lockers,Private,Premises,Madrid,Locker Lavapiu Cartagena,"C. de Cartagena, 62",28028,,,
308,InPost,Convenience Stores,Privada,Premises,Madrid,28028,Decomisos Hobby,"C. de Antonio Toledano, 28",40.4245676947784,-3.66690980034629,InPost,Convenience stores,Private,Premises,Madrid,Decomisos Hobby,"C. de Antonio Toledano, 28",28028,,,
309,InPost,Convenience Stores,Privada,Premises,Madrid,28028,La Casa Del Cartucho,"C/ de Francisco Silvela, 72",40.4362055614159,-3.67567207277327,InPost,Convenience stores,Private,Premises,Madrid,La Casa Del Cartucho,"C/ de Francisco Silvela, 72",28028,,,
310,InPost,Convenience Stores,Privada,Premises,Madrid,28028,Estanco Av Bruselas 66,"Av. de Bruselas, 66",40.4405740390024,-3.66278716593347,InPost,Convenience stores,Private,Premises,Madrid,Estanco Av Bruselas 66,"Av. de Bruselas, 66",28028,,,
311,InPost,Convenience Stores,Privada,Premises,Madrid,28028,Mioptico Avenida De America,"Av. de América, 4",40.4378334856518,-3.67641578470345,InPost,Convenience stores,Private,Premises,Madrid,Mioptico Avenida De America,"Av. de América, 4",28028,,,
312,InPost,Convenience Stores,Privada,Premises,Madrid,28028,Locutorio Marandu,"C. de Ardemans, 44",40.4355384032009,-3.67333110543708,InPost,Convenience stores,Private,Premises,Madrid,Locutorio Marandu,"C. de Ardemans, 44",28028,,,
313,InPost,Convenience Stores,Privada,Kiosk,Madrid,28029,Quiosco Prensa Pablo,"C. de Melchor Fernández Almagro, 14",40.478609546067,-3.69914100514753,InPost,Convenience stores,Private,Kiosk,Madrid,Quiosco Prensa Pablo,"C. de Melchor Fernández Almagro, 14",28029,,,
314,InPost,Convenience Stores,Privada,Premises,Madrid,28029,Rsm Artes Graficas,"C. de Melchor Fernández Almagro, 34",40.4777727238713,-3.70271219347436,InPost,Convenience stores,Private,Premises,Madrid,Rsm Artes Graficas,"C. de Melchor Fernández Almagro, 34",28029,,,
315,InPost,Locker,Privada,Service Station,Madrid,28029,24/7 Galp,"C. de Sinesio Delgado, 15",40.4740909615625,-3.70063516115536,InPost,Lockers,Private,Service Station,Madrid,24/7 Galp,"C. de Sinesio Delgado, 15",28029,,,
316,InPost,Convenience Stores,Privada,Premises,Madrid,28029,Mioptico La Vaguada,"Av. de Monforte de Lemos, 36",40.4799708757163,-3.70704445249233,InPost,Convenience stores,Private,Premises,Madrid,Mioptico La Vaguada,"Av. de Monforte de Lemos, 36",28029,,,
317,InPost,Convenience Stores,Privada,Kiosk,Madrid,28029,El Kiosko De Jesus,"C. de Ginzo de Limia, 25",40.4778916608498,-3.70411548910151,InPost,Convenience stores,Private,Kiosk,Madrid,El Kiosko De Jesus,"C. de Ginzo de Limia, 25",28029,,,
318,InPost,Locker,Privada,Premises,Madrid,28029,Envios Masivo,"C. de Álvarez, 19",40.4712647977549,-3.70006920716231,InPost,Lockers,Private,Premises,Madrid,Envios Masivo,"C. de Álvarez, 19",28029,,,
319,InPost,Convenience Stores,Privada,Premises,Madrid,28029,Envios Yien,"Pl. de Fonsagrada, 5",40.4776732680295,-3.7078620633253,InPost,Convenience stores,Private,Premises,Madrid,Envios Yien,"Pl. de Fonsagrada, 5",28029,,,
320,InPost,Convenience Stores,Privada,Premises,Madrid,28029,Locutorio Silver Envios Ii,"C. de los Mártires de la Ventilla, 85",40.4714709392283,-3.69305290680779,InPost,Convenience stores,Private,Premises,Madrid,Locutorio Silver Envios Ii,"C. de los Mártires de la Ventilla, 85",28029,,,
321,InPost,Convenience Stores,Privada,Premises,Madrid,28029,Unide Market,"C. de Alemania, 10",40.470875056842,-3.69035080995004,InPost,Convenience stores,Private,Premises,Madrid,Unide Market,"C. de Alemania, 10",28029,,,
322,InPost,Convenience Stores,Privada,Premises,Madrid,28029,Beauty Bar,"C. del Capitán Blanco Argibay, 138",40.4675262745724,-3.70468089284784,InPost,Convenience stores,Private,Premises,Madrid,Beauty Bar,"C. del Capitán Blanco Argibay, 138",28029,,,
323,InPost,Convenience Stores,Privada,Premises,Madrid,28029,Adalve Opticas,"C. del Puerto de Maspalomas, 4",40.4780741389338,-3.71374470531038,InPost,Convenience stores,Private,Premises,Madrid,Adalve Opticas,"C. del Puerto de Maspalomas, 4",28029,,,
324,InPost,Locker,Privada,Supermarket,Madrid,28029,Supermercado Dia,"C/ de Ribadavia, 3",40.4727729136151,-3.71155342298843,InPost,Lockers,Private,Supermarket,Madrid,Supermercado Dia,"C/ de Ribadavia, 3",28029,,,
325,InPost,Convenience Stores,Privada,Premises,Madrid,28029,Ferreteria Alvaro,"Av. de Betanzos, 14",40.4733195235838,-3.71192107445832,InPost,Convenience stores,Private,Premises,Madrid,Ferreteria Alvaro,"Av. de Betanzos, 14",28029,,,
326,InPost,Convenience Stores,Privada,Premises,Madrid,28029,Egalan Abogados,"C. del Capitán Blanco Argibay, 84, Local 6",40.4677877113069,-3.70150494498065,InPost,Convenience stores,Private,Premises,Madrid,Egalan Abogados,"C. del Capitán Blanco Argibay, 84, Local 6 ",28029,,,
327,InPost,Convenience Stores,Privada,Premises,Madrid,28029,Doble C Servicios Informaticos,"C. de Sarria, 2",40.474080862067,-3.71380006442578,InPost,Convenience stores,Private,Premises,Madrid,Doble C Servicios Informaticos,"C. de Sarria, 2",28029,,,
328,InPost,Convenience Stores,Privada,Premises,Madrid,28029,Carniceria Alyusr,"C. de Ponferrada, 41",40.4759899263268,-3.7131189097087,InPost,Convenience stores,Private,Premises,Madrid,Carniceria Alyusr,"C. de Ponferrada, 41",28029,,,
329,InPost,Convenience Stores,Privada,Premises,Madrid,28029,Silver Envios,"C. de González Sola, 16",40.4672643322242,-3.69570103762059,InPost,Convenience stores,Private,Premises,Madrid,Silver Envios,"C. de González Sola, 16",28029,,,
330,InPost,Convenience Stores,Privada,Premises,Madrid,28029,Disache,"C. Pinos Alta, 33",40.4668793821769,-3.69673143191815,InPost,Convenience stores,Private,Premises,Madrid,Disache,"C. Pinos Alta, 33",28029,,,
331,InPost,Convenience Stores,Privada,Premises,Madrid,28029,Marduk Online,C. del Dr. Ramón Castroviejo,40.4750320963764,-3.72326696025111,InPost,Convenience stores,Private,Premises,Madrid,Marduk Online,C. del Dr. Ramón Castroviejo,28029,,,
332,InPost,Convenience Stores,Privada,Premises,Madrid,28030,Herbolario Botica De Los Perfum,"Av. de Moratalaz, 197",40.4107398185672,-3.64230848687287,InPost,Convenience stores,Private,Premises,Madrid,Herbolario Botica De Los Perfum,"Av. de Moratalaz, 197",28030,,,
333,InPost,Convenience Stores,Privada,Premises,Madrid,28030,Estanco El Organillo,"C. del Camino de los Vinateros, 167",40.4059321481141,-3.64199431382431,InPost,Convenience stores,Private,Premises,Madrid,Estanco El Organillo,"C. del Camino de los Vinateros, 167",28030,,,
334,InPost,Convenience Stores,Privada,Premises,Madrid,28030,Locutorio Chasquinet,"C. del Camino de los Vinateros, 152",40.4066851870948,-3.64490128471757,InPost,Convenience stores,Private,Premises,Madrid,Locutorio Chasquinet,"C. del Camino de los Vinateros, 152",28030,,,
335,InPost,Convenience Stores,Privada,Premises,Madrid,28030,Fotoclick,"Cl. de la Hacienda de Pavones, 89",40.4041536656307,-3.64628658963538,InPost,Convenience stores,Private,Premises,Madrid,Fotoclick,"Cl. de la Hacienda de Pavones, 89",28030,,,
336,InPost,Convenience Stores,Privada,Premises,Madrid,28030,Autoescuela Punto Fuente Carran,"C. de la Fuente Carrantona, 37",40.407306812979,-3.63205825005738,InPost,Convenience stores,Private,Premises,Madrid,Autoescuela Punto Fuente Carran,"C. de la Fuente Carrantona, 37",28030,,,
337,InPost,Convenience Stores,Privada,Premises,Madrid,28030,Locutorio Mi Llajta,"C. del Camino de los Vinateros, 93",40.4097918974824,-3.6479810394471,InPost,Convenience stores,Private,Premises,Madrid,Locutorio Mi Llajta,"C. del Camino de los Vinateros, 93",28030,,,
338,InPost,Convenience Stores,Privada,Premises,Madrid,28030,Papeleria Libreria Cucu,"C. del Corregidor Alonso de Tobar, 14",40.4037952926639,-3.64836497568759,InPost,Convenience stores,Private,Premises,Madrid,Papeleria Libreria Cucu,"C. del Corregidor Alonso de Tobar, 14",28030,,,
339,InPost,Convenience Stores,Privada,Premises,Madrid,28030,Lavandería Autoservicio Speedqueen,"Cl. de la Hacienda de Pavones, 4",40.4060383782227,-3.65080191404313,InPost,Convenience stores,Private,Premises,Madrid,Lavandería Autoservicio Speedqueen,"Cl. de la Hacienda de Pavones, 4",28030,,,
340,InPost,Convenience Stores,Privada,Premises,Madrid,28030,Summer Papeleria,"C. de la Fuente Carrantona, 27",40.4063527564411,-3.63272319801601,InPost,Convenience stores,Private,Premises,Madrid,Summer Papeleria,"C. de la Fuente Carrantona, 27",28030,,,
341,InPost,Locker,Privada,Premises,Madrid,28030,Locker Galeria Efe,"C. del Arroyo de las Pilillas, 16",40.4078949343362,-3.6509956323033,InPost,Lockers,Private,Premises,Madrid,Locker Galeria Efe,"C. del Arroyo de las Pilillas, 16",28030,,,
342,InPost,Locker,Privada,Premises,Madrid,28030,Locker Speedqueen Lavanderia Mo,"C. de la Fuente Carrantona, 25",40.4061869377476,-3.63282046151785,InPost,Lockers,Private,Premises,Madrid,Locker Speedqueen Lavanderia Mo,"C. de la Fuente Carrantona, 25",28030,,,
343,InPost,Convenience Stores,Privada,Premises,Madrid,28030,Expendeduria 601,"C. del Camino de los Vinateros, 63",40.4107046455781,-3.65207324951183,InPost,Convenience stores,Private,Premises,Madrid,Expendeduria 601,"C. del Camino de los Vinateros, 63",28030,,,
344,InPost,Locker,Privada,Premises,Madrid,28030,Locker 24/7 Galería De Alimentación Moratalaz Ii,"Cl. de la Hacienda de Pavones, 196",40.4020414812333,-3.64083673373084,InPost,Lockers,Private,Premises,Madrid,Locker 24/7 Galería De Alimentación Moratalaz Ii,"Cl. de la Hacienda de Pavones, 196",28030,,,
345,InPost,Convenience Stores,Privada,Premises,Madrid,28030,Caprichos Y Tentaciones,"C. de Arroyo de Fontarrón, 3",40.4054711923478,-3.65116868611167,InPost,Convenience stores,Private,Premises,Madrid,Caprichos Y Tentaciones,"C. de Arroyo de Fontarrón, 3",28030,,,
346,InPost,Convenience Stores,Privada,Premises,Madrid,28030,Hiper Bazar Vinateros,"C. del Camino de los Vinateros, 47",40.4111242552879,-3.65491817527648,InPost,Convenience stores,Private,Premises,Madrid,Hiper Bazar Vinateros,"C. del Camino de los Vinateros, 47",28030,,,
347,InPost,Convenience Stores,Privada,Premises,Madrid,28030,Fotomaton Parafarmacia Fuente C,"C. de la Fuente Carrantona, 43",40.408951456963,-3.63089952627447,InPost,Convenience stores,Private,Premises,Madrid,Fotomaton Parafarmacia Fuente C,"C. de la Fuente Carrantona, 43",28030,,,
348,InPost,Convenience Stores,Privada,Premises,Madrid,28030,Estanco Tacona,"C. de la Tacona, 33",40.3971830996312,-3.641114157238,InPost,Convenience stores,Private,Premises,Madrid,Estanco Tacona,"C. de la Tacona, 33",28030,,,
349,InPost,Convenience Stores,Privada,Premises,Madrid,28030,Alimentacion 391,"C. de Arroyo de Fontarrón, 39",40.4043480726437,-3.65102542920393,InPost,Convenience stores,Private,Premises,Madrid,Alimentacion 391,"C. de Arroyo de Fontarrón, 39",28030,,,
350,InPost,Locker,Privada,Premises,Madrid,28030,Locker Alcampo Moratalaz,"C. del Camino de los Vinateros, s/n",40.4123040217193,-3.66067068957627,InPost,Lockers,Private,Premises,Madrid,Locker Alcampo Moratalaz,"C. del Camino de los Vinateros, s/n",28030,,,
351,InPost,Convenience Stores,Privada,Premises,Madrid,28030,Estanco Metro Estrella,"C. del Camino de los Vinateros, 10",40.410389425003,-3.66047183395969,InPost,Convenience stores,Private,Premises,Madrid,Estanco Metro Estrella,"C. del Camino de los Vinateros, 10",28030,,,
352,InPost,Locker,Privada,Service Station,Madrid,28031,Locker 24/7 Eess Repsol Cred Gp,"C. Real de Arganda, 76",40.3759043915037,-3.60437774023658,InPost,Lockers,Private,Service Station,Madrid,Locker 24/7 Eess Repsol Cred Gp,"C. Real de Arganda, 76",28031,,,
353,InPost,Convenience Stores,Privada,Premises,Madrid,28031,Frutos Secos Jesus,"C. de Castrillo de Aza, 15",40.3839381620876,-3.60986744446548,InPost,Convenience stores,Private,Premises,Madrid,Frutos Secos Jesus,"C. de Castrillo de Aza, 15",28031,,,
354,InPost,Convenience Stores,Privada,Premises,Madrid,28031,Panaderia Pek,"C. de la Sierra del Torcal, 3",40.3790599585006,-3.61744044293241,InPost,Convenience stores,Private,Premises,Madrid,Panaderia Pek,"C. de la Sierra del Torcal, 3",28031,,,
355,InPost,Convenience Stores,Privada,Premises,Madrid,28031,Horneando Ilusiones,"Calle de Montes de Barbanza, 7",40.3779931708545,-3.61877374622383,InPost,Convenience stores,Private,Premises,Madrid,Horneando Ilusiones,"Calle de Montes de Barbanza, 7",28031,,,
356,InPost,Convenience Stores,Privada,Premises,Madrid,28031,Moda Infantil Y Personalizacion,"C. del Congosto, 20",40.3744160601706,-3.62013462311361,InPost,Convenience stores,Private,Premises,Madrid,Moda Infantil Y Personalizacion,"C. del Congosto, 20",28031,,,
357,InPost,Convenience Stores,Privada,Premises,Madrid,28031,Mia Barber Shop Madrid2,"C. de Sierra Gorda, 15",40.380817398631,-3.61893698697484,InPost,Convenience stores,Private,Premises,Madrid,Mia Barber Shop Madrid2,"C. de Sierra Gorda, 15",28031,,,
358,InPost,Convenience Stores,Privada,Premises,Madrid,28031,Perrockeria,"C. del Congosto, 37",40.3719112237683,-3.61836667873104,InPost,Convenience stores,Private,Premises,Madrid,Perrockeria,"C. del Congosto, 37",28031,,,
359,InPost,Convenience Stores,Privada,Premises,Madrid,28031,Locker Indie Padel Club,"Av. de la Democracia, 11",40.3865304686186,-3.62523371309878,InPost,Convenience stores,Private,Premises,Madrid,Locker Indie Padel Club,"Av. de la Democracia, 11",28031,,,
360,InPost,Convenience Stores,Privada,Premises,Madrid,28031,Autoescuela Santa Eugenia Sl,"C. de Sierra Gádor, 45",40.3805035439202,-3.62178477553113,InPost,Convenience stores,Private,Premises,Madrid,Autoescuela Santa Eugenia Sl,"C. de Sierra Gádor, 45",28031,,,
361,InPost,Convenience Stores,Privada,Premises,Madrid,28031,Consultoria Inmobiliaria Cortes,"C. Sierra Morena, 32",40.3790119691324,-3.62441180919065,InPost,Convenience stores,Private,Premises,Madrid,Consultoria Inmobiliaria Cortes,"C. Sierra Morena, 32",28031,,,
362,InPost,Locker,Privada,Supermarket,Madrid,28031,Locker Supermercado Dia Calle D,"C. de San Jaime, 1",40.3778982944043,-3.63001612809978,InPost,Lockers,Private,Supermarket,Madrid,Locker Supermercado Dia Calle D,"C. de San Jaime, 1",28031,,,
363,InPost,Convenience Stores,Privada,Premises,Madrid,28031,Papeleria Tecnica Jsa,"C. del Cocherón de la Villa, 15",40.3822202775161,-3.6317288750163,InPost,Convenience stores,Private,Premises,Madrid,Papeleria Tecnica Jsa,"C. del Cocherón de la Villa, 15",28031,,,
364,InPost,Convenience Stores,Privada,Premises,Madrid,28032,Frutas Y Productos Latinos Gael,"C. de Villajimena, 6",40.4073979997771,-3.60772101006245,InPost,Convenience stores,Private,Premises,Madrid,Frutas Y Productos Latinos Gael,"C. de Villajimena, 6",28032,,,
365,InPost,Convenience Stores,Privada,Premises,Madrid,28032,Cyber Locutorio Mym,"C. de Calahorra, 25",40.4064642670097,-3.61409405878352,InPost,Convenience stores,Private,Premises,Madrid,Cyber Locutorio Mym,"C. de Calahorra, 25",28032,,,
366,InPost,Convenience Stores,Privada,Premises,Madrid,28032,Akiomoda,"C. de S. Cipriano, 26",40.4042772768224,-3.60684751287196,InPost,Convenience stores,Private,Premises,Madrid,Akiomoda,"C. de S. Cipriano, 26",28032,,,
367,InPost,Convenience Stores,Privada,Premises,Madrid,28032,Dadoo Candyparty,"C. de Casalarreina, 31",40.4076930615961,-3.6151667956373,InPost,Convenience stores,Private,Premises,Madrid,Dadoo Candyparty,"C. de Casalarreina, 31",28032,,,
368,InPost,Convenience Stores,Privada,Premises,Madrid,28032,Baz Stop,"Blvr. de Indalecio Prieto, 17",40.4012736729726,-3.62061217227159,InPost,Convenience stores,Private,Premises,Madrid,Baz Stop,"Blvr. de Indalecio Prieto, 17",28032,,,
369,InPost,Convenience Stores,Privada,Premises,Madrid,28032,Mercaser,"Av. de Guadalajara, 77",40.4217043777673,-3.61623738620414,InPost,Convenience stores,Private,Premises,Madrid,Mercaser,"Av. de Guadalajara, 77",28032,,,
370,InPost,Convenience Stores,Privada,Premises,Madrid,28032,Papeleria Y Loterias Los Trabal,"C. de Minerva, 89",40.3968803839519,-3.60549704024375,InPost,Convenience stores,Private,Premises,Madrid,Papeleria Y Loterias Los Trabal,"C. de Minerva, 89",28032,,,
371,InPost,Convenience Stores,Privada,Premises,Madrid,28032,Cmb Superkit,"Blvr. de José Prat, 41",40.3976241814024,-3.61802851468887,InPost,Convenience stores,Private,Premises,Madrid,Cmb Superkit,"Blvr. de José Prat, 41",28032,,,
372,InPost,Locker,Privada,Premises,Madrid,28032,Locker Cc Valdebernardo,"Centro Comercial Valdebernardo, Blvr. de José Prat, 35",40.3977632435183,-3.61857995460149,InPost,Lockers,Private,Premises,Madrid,Locker Cc Valdebernardo,"Centro Comercial Valdebernardo, Blvr. de José Prat, 35",28032,,,
373,InPost,Convenience Stores,Privada,Premises,Madrid,28032,Mioptico Las Rosas,"Av. de Guadalajara, 2",40.4065044725275,-3.66937523576341,InPost,Convenience stores,Private,Premises,Madrid,Mioptico Las Rosas,"Av. de Guadalajara, 2",28032,,,
374,InPost,Convenience Stores,Privada,Premises,Madrid,28032,Arte Contreras,C. de Aquitania & C/ de Capri,40.4182849821218,-3.61987495067407,InPost,Convenience stores,Private,Premises,Madrid,Arte Contreras,C. de Aquitania & C/ de Capri,28032,,,
375,InPost,Convenience Stores,Privada,Premises,Madrid,28032,Fruteria La Vida Verde,"Blvr. de Indalecio Prieto, 45",40.3958602410987,-3.62292198820054,InPost,Convenience stores,Private,Premises,Madrid,Fruteria La Vida Verde,"Blvr. de Indalecio Prieto, 45",28032,,,
376,InPost,Locker,Privada,Premises,Madrid,28032,Locker Dia Calle De Ladera,"C. de Ladera de los Almendros, 2",40.4045661497303,-3.62314795501049,InPost,Lockers,Private,Premises,Madrid,Locker Dia Calle De Ladera,"C. de Ladera de los Almendros, 2",28032,,,
377,InPost,Convenience Stores,Privada,Premises,Madrid,28033,Baby Gallery,"C. de Lorca, 1",40.4721432488571,-3.65560094150249,InPost,Convenience stores,Private,Premises,Madrid,Baby Gallery,"C. de Lorca, 1",28033,,,
378,InPost,Convenience Stores,Privada,Premises,Madrid,28033,Herranz Moreno,"C. de la Costa del Sol, 9",40.4733701719595,-3.65266353300668,InPost,Convenience stores,Private,Premises,Madrid,Herranz Moreno,"C. de la Costa del Sol, 9",28033,,,
379,InPost,Convenience Stores,Privada,Premises,Madrid,28033,Famishop Alimentacion,"C. de Manuel Chaves Nogales, 1",40.4748040636926,-3.65259251166745,InPost,Convenience stores,Private,Premises,Madrid,Famishop Alimentacion,"C. de Manuel Chaves Nogales, 1",28033,,,
380,InPost,Convenience Stores,Privada,Premises,Madrid,28033,Pachulla Vida Bar,"C. Arzúa, 15",40.4742480234075,-3.6459631842002,InPost,Convenience stores,Private,Premises,Madrid,Pachulla Vida Bar,"C. Arzúa, 15",28033,,,
381,InPost,Convenience Stores,Privada,Premises,Madrid,28033,Panaderia Danymar,"C. de Sta. Susana, 10",40.4779255831909,-3.64609278182218,InPost,Convenience stores,Private,Premises,Madrid,Panaderia Danymar,"C. de Sta. Susana, 10",28033,,,
382,InPost,Convenience Stores,Privada,Premises,Madrid,28033,Kiosko San Luis,"Av. de San Luis, 29",40.4711625268826,-3.65928602150731,InPost,Convenience stores,Private,Premises,Madrid,Kiosko San Luis,"Av. de San Luis, 29",28033,,,
383,InPost,Convenience Stores,Privada,Premises,Madrid,28033,Peluqueria Y Estetica Roseni Li,"Av. de San Luis, 146",40.4759865222342,-3.66702124255777,InPost,Convenience stores,Private,Premises,Madrid,Peluqueria Y Estetica Roseni Li,"Av. de San Luis, 146",28033,,,
384,InPost,Convenience Stores,Privada,Premises,Madrid,28033,Papeleria Libreria Sanchez,"C. de Cuevas de Almanzora, 22",40.4770804705416,-3.65818084392397,InPost,Convenience stores,Private,Premises,Madrid,Papeleria Libreria Sanchez,"C. de Cuevas de Almanzora, 22",28033,,,
385,InPost,Convenience Stores,Privada,Premises,Madrid,28033,Plaza China,"Plaza Dr. Calvo Pérez, 3",40.47410184766,-3.64264410298807,InPost,Convenience stores,Private,Premises,Madrid,Plaza China,"Plaza Dr. Calvo Pérez, 3",28033,,,
386,InPost,Convenience Stores,Privada,Kiosk,Madrid,28033,Kiosko De Castro,"C. de Añastro, 9",40.4680455542269,-3.66321292407734,InPost,Convenience stores,Private,Kiosk,Madrid,Kiosko De Castro,"C. de Añastro, 9",28033,,,
387,InPost,Convenience Stores,Privada,Premises,Madrid,28033,Spyral Soluciones,"C. Guayabal, 6",40.4727449586814,-3.63615856760395,InPost,Convenience stores,Private,Premises,Madrid,Spyral Soluciones,"C. Guayabal, 6",28033,,,
388,InPost,Convenience Stores,Privada,Premises,Madrid,28033,Herbolario Arahal,"C. de Arturo Soria, 324",40.4791919105066,-3.66778002413638,InPost,Convenience stores,Private,Premises,Madrid,Herbolario Arahal,"C. de Arturo Soria, 324",28033,,,
389,InPost,Convenience Stores,Privada,Premises,Madrid,28033,Suma Supermercados,"C. de la Dulzaina, 6",40.4810241085534,-3.66335780246378,InPost,Convenience stores,Private,Premises,Madrid,Suma Supermercados,"C. de la Dulzaina, 6",28033,,,
390,InPost,Convenience Stores,Privada,Premises,Madrid,28033,Zapateria El Rincon De Mi Reina,"C/ del Arte, 16",40.4831648832766,-3.67048316499856,InPost,Convenience stores,Private,Premises,Madrid,Zapateria El Rincon De Mi Reina,"C/ del Arte, 16",28033,,,
391,InPost,Convenience Stores,Privada,Premises,Madrid,28034,Tresolibros,"Pl. Tres Olivos, 4",40.5014069966657,-3.69081747455186,InPost,Convenience stores,Private,Premises,Madrid,Tresolibros,"Pl. Tres Olivos, 4",28034,,,
392,InPost,Locker,Privada,Service Station,Madrid,28034,Locker 24/7 Repsol Cred Fuencar,"CL AVENIDA, Calle de Ntra. Sra. de Valverde, 175",40.5037292903768,-3.68587145911068,InPost,Lockers,Private,Service Station,Madrid,Locker 24/7 Repsol Cred Fuencar,"CL AVENIDA, Calle de Ntra. Sra. de Valverde, 175",28034,,,
393,InPost,Convenience Stores,Privada,Premises,Madrid,28034,Fruteria Primavera,"Calle de Ntra. Sra. de Valverde, 56",40.4956821679717,-3.68770083278981,InPost,Convenience stores,Private,Premises,Madrid,Fruteria Primavera,"Calle de Ntra. Sra. de Valverde, 56",28034,,,
394,InPost,Locker,Privada,Service Station,Madrid,28034,Locker 24/7 Repsol Montecarmelo,"M-607, 11, 7",40.5079782458704,-3.6911856870413,InPost,Lockers,Private,Service Station,Madrid,Locker 24/7 Repsol Montecarmelo,"M-607, 11, 7",28034,,,
395,InPost,Convenience Stores,Privada,Premises,Madrid,28034,Estanco 894,"Av. del Monasterio de El Escorial, 28",40.5044996730314,-3.70504802263278,InPost,Convenience stores,Private,Premises,Madrid,Estanco 894,"Av. del Monasterio de El Escorial, 28",28034,,,
396,InPost,Convenience Stores,Privada,Premises,Madrid,28034,La Tienda De Lara,"C. de Sabadell, 86",40.4918807427225,-3.69679742448896,InPost,Convenience stores,Private,Premises,Madrid,La Tienda De Lara,"C. de Sabadell, 86",28034,,,
397,InPost,Convenience Stores,Privada,Premises,Madrid,28034,Estanco 776,"C. de Badalona, 33",40.4933621053173,-3.69267985017366,InPost,Convenience stores,Private,Premises,Madrid,Estanco 776,"C. de Badalona, 33",28034,,,
398,InPost,Locker,Privada,Parking,Madrid,28034,Locker 24/7 Parking La Paz Llan,"C. de San Modesto, 3",40.4846397912337,-3.68493201175965,InPost,Lockers,Private,Parking,Madrid,Locker 24/7 Parking La Paz Llan,"C. de San Modesto, 3",28034,,,
399,InPost,Convenience Stores,Privada,Premises,Madrid,28034,Estanco Exp232,"C. de Nuria, 26",40.4922347916219,-3.70463844060834,InPost,Convenience stores,Private,Premises,Madrid,Estanco Exp232,"C. de Nuria, 26",28034,,,
400,InPost,Convenience Stores,Privada,Premises,Madrid,28034,Tintoreria Beclean,"C. de Sangenjo, 29",40.4858532969113,-3.69990472504238,InPost,Convenience stores,Private,Premises,Madrid,Tintoreria Beclean,"C. de Sangenjo, 29",28034,,,
401,InPost,Convenience Stores,Privada,Premises,Madrid,28034,Expendeduria 280760,"C. de Santiago de Compostela, 34",40.4838208991176,-3.70192300795442,InPost,Convenience stores,Private,Premises,Madrid,Expendeduria 280760,"C. de Santiago de Compostela, 34",28034,,,
402,InPost,Convenience Stores,Privada,Premises,Madrid,28034,Locutorio Casandra,"C. de Isidro Fernández, 11",40.4847657602267,-3.68755476547336,InPost,Convenience stores,Private,Premises,Madrid,Locutorio Casandra,"C. de Isidro Fernández, 11",28034,,,
403,InPost,Convenience Stores,Privada,Premises,Madrid,28034,Beep Informatica,"Pl. Villafranca de los Barros, s/n, local 2",40.4816378915397,-3.71233964257369,InPost,Convenience stores,Private,Premises,Madrid,Beep Informatica,"Pl. Villafranca de los Barros, s/n, local 2",28034,,,
404,InPost,Convenience Stores,Privada,Premises,Madrid,28035,Alimentacion Risueno,"Av del Cardenal Herrera Oria, 305",40.479281068967,-3.72543896493589,InPost,Convenience stores,Private,Premises,Madrid,Alimentacion Risueno,"Av del Cardenal Herrera Oria, 305",28035,,,
405,InPost,Convenience Stores,Privada,Premises,Madrid,28035,Misu Cuidado Y Belleza,"C. del Pico Balaitus, 12",40.4823198179539,-3.72053521634883,InPost,Convenience stores,Private,Premises,Madrid,Misu Cuidado Y Belleza,"C. del Pico Balaitus, 12",28035,,,
406,InPost,Convenience Stores,Privada,Premises,Madrid,28035,Tabacos N691,"C. de Ramón Gómez de la Serna, 115",40.481924331504,-3.72615616553324,InPost,Convenience stores,Private,Premises,Madrid,Tabacos N691,"C. de Ramón Gómez de la Serna, 115",28035,,,
407,InPost,Locker,Privada,Service Station,Madrid,28035,24/7 Gasolinera Repsol,"Av del Cardenal Herrera Oria, 290",40.4793942430075,-3.72596009506893,InPost,Lockers,Private,Service Station,Madrid,24/7 Gasolinera Repsol,"Av del Cardenal Herrera Oria, 290",28035,,,
408,InPost,Convenience Stores,Privada,Premises,Madrid,28035,Ferreteria Norte,"C. de las Islas Cíes, 35",40.4803131922218,-3.71959466679793,InPost,Convenience stores,Private,Premises,Madrid,Ferreteria Norte,"C. de las Islas Cíes, 35",28035,,,
409,InPost,Convenience Stores,Privada,Kiosk,Madrid,28035,Quiosco Prensa Ramon Gomez De La Serna,"C. de Ramón Gómez de la Serna, 105",40.4822611521579,-3.72686642267252,InPost,Convenience stores,Private,Kiosk,Madrid,Quiosco Prensa Ramon Gomez De La Serna,"C. de Ramón Gómez de la Serna, 105",28035,,,
410,InPost,Convenience Stores,Privada,Premises,Madrid,28035,Cbd Premium Store Ilustracion,"C. de las Islas Cíes, 13",40.4805002341262,-3.71824860776611,InPost,Convenience stores,Private,Premises,Madrid,Cbd Premium Store Ilustracion,"C. de las Islas Cíes, 13",28035,,,
411,InPost,Convenience Stores,Privada,Premises,Madrid,28035,Arreglos Tint Yellow Metric,"C. de San Gerardo, 28",40.4687103463155,-3.72201933835219,InPost,Convenience stores,Private,Premises,Madrid,Arreglos Tint Yellow Metric,"C. de San Gerardo, 28",28035,,,
412,InPost,Convenience Stores,Privada,Premises,Madrid,28035,Expendeduria Número 114,"C. Alfonso Rodríguez Castelao, 36, Local 36",40.4822167727689,-3.73301286426891,InPost,Convenience stores,Private,Premises,Madrid,Expendeduria Número 114,"C. Alfonso Rodríguez Castelao, 36, Local 36",28035,,,
413,InPost,Convenience Stores,Privada,Premises,Madrid,28035,Drogueria Perfumeria Peral,"C. de la Isla de Oza, 62",40.4643472423266,-3.723238879378,InPost,Convenience stores,Private,Premises,Madrid,Drogueria Perfumeria Peral,"C. de la Isla de Oza, 62",28035,,,
414,InPost,Convenience Stores,Privada,Premises,Madrid,28035,Herbodietetica Rocio,"C. de Antonio Machado, 14",40.4665197557947,-3.71936285910403,InPost,Convenience stores,Private,Premises,Madrid,Herbodietetica Rocio,"C. de Antonio Machado, 14",28035,,,
415,InPost,Convenience Stores,Privada,Premises,Madrid,28035,Estanco 775,"C. del Cerro Minguete, 14",40.4872976764635,-3.71828641914939,InPost,Convenience stores,Private,Premises,Madrid,Estanco 775,"C. del Cerro Minguete, 14",28035,,,
416,InPost,Locker,Privada,Mall,Madrid,28035,Locker Cc Mirasierra Gallery,"C. de la Costa Brava, 36",40.4975456241812,-3.71431904434005,InPost,Lockers,Private,Mall,Madrid,Locker Cc Mirasierra Gallery,"C. de la Costa Brava, 36",28035,,,
417,InPost,Convenience Stores,Privada,Premises,Madrid,28036,La Vita Herbolario,"C. Joaquín Bau, 3",40.4640871229569,-3.68677449161306,InPost,Convenience stores,Private,Premises,Madrid,La Vita Herbolario,"C. Joaquín Bau, 3",28036,,,
418,InPost,Locker,Privada,Supermarket,Madrid,28036,Supermercado Dia,"Calle del Dr. Fleming, 29",40.4610036029011,-3.6880089071335,InPost,Lockers,Private,Supermarket,Madrid,Supermercado Dia,"Calle del Dr. Fleming, 29",28036,,,
419,InPost,Convenience Stores,Privada,Premises,Madrid,28036,Arreglos Angelina,"Travesía Dr. Fleming, 15",40.4560039893186,-3.68722438847426,InPost,Convenience stores,Private,Premises,Madrid,Arreglos Angelina,"Travesía Dr. Fleming, 15",28036,,,
420,InPost,Locker,Privada,Service Station,Madrid,28036,24/7 Gasolinera Repsol,"P.o de La Habana, 168",40.4594580938032,-3.68140270592714,InPost,Lockers,Private,Service Station,Madrid,24/7 Gasolinera Repsol,"P.º de La Habana, 168",28036,,,
421,InPost,Locker,Pública,Parking,Madrid,28036,Locker 24/7 Emt Mad Nuestra Sen,"C. de la Hiedra, 26",40.4723733174026,-3.67914496702338,InPost,Lockers,Public,Parking,Madrid,Locker 24/7 Emt Mad Nuestra Sen,"C. de la Hiedra, 26",28036,,,
422,InPost,Convenience Stores,Privada,Premises,Madrid,28037,Agh Fotodigital,"C. de la Virgen de la Oliva, 2",40.430773817104,-3.62639172701583,InPost,Convenience stores,Private,Premises,Madrid,Agh Fotodigital,"C. de la Virgen de la Oliva, 2",28037,,,
423,InPost,Locker,Privada,Parking,Madrid,28037,Locker 24/7 Indigo Avalon,"C. de Santa Leonor, 65",40.4331152054377,-3.62817256538729,InPost,Lockers,Private,Parking,Madrid,Locker 24/7 Indigo Avalon,"C. de Santa Leonor, 65",28037,,,
424,InPost,Convenience Stores,Privada,Premises,Madrid,28037,Multishop,"C. de Cronos, 10",40.4368670800452,-3.62030666370563,InPost,Convenience stores,Private,Premises,Madrid,Multishop,"C. de Cronos, 10",28037,,,
425,InPost,Convenience Stores,Privada,Premises,Madrid,28037,Hangover,"C. de los Hermanos García Noblejas, 41",40.4319921673509,-3.63332791603845,InPost,Convenience stores,Private,Premises,Madrid,Hangover,"C. de los Hermanos García Noblejas, 41",28037,,,
426,InPost,Convenience Stores,Privada,Premises,Madrid,28037,Agencia De Viajes,"C. de Argos, 9",40.4370130774202,-3.63541471186126,InPost,Convenience stores,Private,Premises,Madrid,Agencia De Viajes,"C. de Argos, 9",28037,,,
427,InPost,Convenience Stores,Privada,Premises,Madrid,28037,Faces Solutions,"C. de Pepe Isbert, 12, bajo, local A",40.4227051640879,-3.62757064670605,InPost,Convenience stores,Private,Premises,Madrid,Faces Solutions,"C. de Pepe Isbert, 12, bajo, local A",28037,,,
428,InPost,Locker,Privada,Premises,Madrid,28037,Locker Super Dia Pobladura Del,"C. de Pobladura del Valle, 6",40.422830700915,-3.62446318136928,InPost,Lockers,Private,Premises,Madrid,Locker Super Dia Pobladura Del,"C. de Pobladura del Valle, 6",28037,,,
429,InPost,Convenience Stores,Privada,Premises,Madrid,28037,Autoescuela Punto,"C. de la Fotografía, 8",40.4244784336329,-3.62289573773564,InPost,Convenience stores,Private,Premises,Madrid,Autoescuela Punto,"C. de la Fotografía, 8",28037,,,
430,InPost,Convenience Stores,Privada,Premises,Madrid,28037,Modas Martinez,"C. de Amposta, 14",40.4269424662254,-3.62202571408069,InPost,Convenience stores,Private,Premises,Madrid,Modas Martinez,"C. de Amposta, 14",28037,,,
431,InPost,Locker,Privada,Premises,Madrid,28037,Market La Esquina 38,"C. de los Tejedores, 39",40.4290773812145,-3.61927821089171,InPost,Lockers,Private,Premises,Madrid,Market La Esquina 38,"C. de los Tejedores, 39",28037,,,
432,InPost,Convenience Stores,Privada,Service Station,Madrid,28037,Locker 24/7 Galp Ctra Ajalvir V,"Av. de Arcentales, 7",40.4266466573151,-3.62610802122665,InPost,Convenience stores,Private,Service Station,Madrid,Locker 24/7 Galp Ctra Ajalvir V,"Av. de Arcentales, 7",28037,,,
433,InPost,Convenience Stores,Privada,Premises,Madrid,28037,Frutas Y Verduras Chinchon,"C. de Alconera, 7",40.4312259224612,-3.61820570061401,InPost,Convenience stores,Private,Premises,Madrid,Frutas Y Verduras Chinchon,"C. de Alconera, 7",28037,,,
434,InPost,Convenience Stores,Privada,Premises,Madrid,28038,Papeleri Libreria La Karmela,"C. de Humanes, 5",40.395685159904,-3.64941496590734,InPost,Convenience stores,Private,Premises,Madrid,Papeleri Libreria La Karmela,"C. de Humanes, 5",28038,,,
435,InPost,Convenience Stores,Privada,Premises,Madrid,28038,Fusion Latina,"Av. de la Albufera, 173",40.3919796208553,-3.6550911030439,InPost,Convenience stores,Private,Premises,Madrid,Fusion Latina,"Av. de la Albufera, 173",28038,,,
436,InPost,Locker,Privada,Parking,Madrid,28038,Locker 24/7 Grupo Bolton Parkin,"C. de Josefa Díaz, 4",40.3936043420112,-3.65766018079814,InPost,Lockers,Private,Parking,Madrid,Locker 24/7 Grupo Bolton Parkin,"C. de Josefa Díaz, 4",28038,,,
437,InPost,Convenience Stores,Privada,Premises,Madrid,28038,Jd Marquita,"Calle del Dr. Lozano, 16",40.4033009438178,-3.65973046780365,InPost,Convenience stores,Private,Premises,Madrid,Jd Marquita,"Calle del Dr. Lozano, 16",28038,,,
438,InPost,Convenience Stores,Privada,Premises,Madrid,28038,Envios Caribe,"C. Picos de Europa, 9",40.3956950798305,-3.66225750291282,InPost,Convenience stores,Private,Premises,Madrid,Envios Caribe,"C. Picos de Europa, 9",28038,,,
439,InPost,Convenience Stores,Privada,Premises,Madrid,28038,Multifoto,"C. Diego Manchado, 25",40.3900894420391,-3.64755467181629,InPost,Convenience stores,Private,Premises,Madrid,Multifoto,"C. Diego Manchado, 25",28038,,,
440,InPost,Locker,Privada,Premises,Madrid,28038,Locker Locutorio Geomil,"Av. de Peña Prieta, 75",40.4035885613365,-3.66300841366661,InPost,Lockers,Private,Premises,Madrid,Locker Locutorio Geomil,"Av. de Peña Prieta, 75",28038,,,
441,InPost,Convenience Stores,Privada,Premises,Madrid,28038,Antonio Aguado Gil,"C. de San Claudio, 53",40.3905508098196,-3.63959927867939,InPost,Convenience stores,Private,Premises,Madrid,Antonio Aguado Gil,"C. de San Claudio, 53",28038,,,
442,InPost,Convenience Stores,Privada,Premises,Madrid,28038,Peluqueria Y Estetica Lilas,"C. de San Claudio, 146",40.3895813407915,-3.64045507259031,InPost,Convenience stores,Private,Premises,Madrid,Peluqueria Y Estetica Lilas,"C. de San Claudio, 146",28038,,,
443,InPost,Convenience Stores,Privada,Premises,Madrid,28038,Alpefpre,"C/ de León Felipe, 18",40.3876479945095,-3.63635794465791,InPost,Convenience stores,Private,Premises,Madrid,Alpefpre,"C/ de León Felipe, 18",28038,,,
444,InPost,Locker,Privada,Premises,Madrid,28038,Locker 24/7 Lavalava Av Albufer,"Av. de la Albufera, 309",40.3846014238124,-3.63299954528252,InPost,Lockers,Private,Premises,Madrid,Locker 24/7 Lavalava Av Albufer,"Av. de la Albufera, 309",28038,,,
445,InPost,Convenience Stores,Privada,Premises,Madrid,28039,Tintoreria Capricho,"C/ de Sánchez Preciado, 27",40.4597202062614,-3.71134253602048,InPost,Convenience stores,Private,Premises,Madrid,Tintoreria Capricho,"C/ de Sánchez Preciado, 27",28039,,,
446,InPost,Convenience Stores,Privada,Premises,Madrid,28039,Creaciones Slenny,"C. de Francos Rodríguez, 58",40.4573939130512,-3.70703702392697,InPost,Convenience stores,Private,Premises,Madrid,Creaciones Slenny,"C. de Francos Rodríguez, 58",28039,,,
447,InPost,Convenience Stores,Privada,Premises,Madrid,28039,Hidroseco,"C. de Numancia, 6",40.4544394682186,-3.71230767351146,InPost,Convenience stores,Private,Premises,Madrid,Hidroseco,"C. de Numancia, 6",28039,,,
448,InPost,Locker,Privada,Service Station,Madrid,28039,24/7 Gasolinera Repsol,"C. de Ofelia Nieto, 64",40.4615850658855,-3.70854188013683,InPost,Lockers,Private,Service Station,Madrid,24/7 Gasolinera Repsol,"C. de Ofelia Nieto, 64",28039,,,
449,InPost,Convenience Stores,Privada,Premises,Madrid,28039,Panaderia Rojas,"C. de Isla de la Gomera, 6",40.4614626390145,-3.70773203633274,InPost,Convenience stores,Private,Premises,Madrid,Panaderia Rojas,"C. de Isla de la Gomera, 6",28039,,,
450,InPost,Convenience Stores,Privada,Premises,Madrid,28039,Locutorio El Grande,"C. de Jerónima Llorente, 8",40.4563816524911,-3.70562690037154,InPost,Convenience stores,Private,Premises,Madrid,Locutorio El Grande,"C. de Jerónima Llorente, 8",28039,,,
451,InPost,Convenience Stores,Privada,Premises,Madrid,28039,Regalos Y Decoracion Bambu,"C. de Francos Rodríguez, 18",40.4562930246671,-3.70486175249899,InPost,Convenience stores,Private,Premises,Madrid,Regalos Y Decoracion Bambu,"C. de Francos Rodríguez, 18",28039,,,
452,InPost,Convenience Stores,Privada,Premises,Madrid,28039,Bioclub,"Av. del Dr. Federico Rubio y Galí, 32",40.4511573695771,-3.70934062940598,InPost,Convenience stores,Private,Premises,Madrid,Bioclub,"Av. del Dr. Federico Rubio y Galí, 32",28039,,,
453,InPost,Convenience Stores,Privada,Premises,Madrid,28039,Locutorio El Grande,"C. de Almansa, 21",40.4489203801242,-3.70562222271333,InPost,Convenience stores,Private,Premises,Madrid,Locutorio El Grande,"C. de Almansa, 21",28039,,,
454,InPost,Convenience Stores,Privada,Premises,Madrid,28039,Latin Travel,"Calle de Sta Juliana, 7",40.4525716630223,-3.70412346051751,InPost,Convenience stores,Private,Premises,Madrid,Latin Travel,"Calle de Sta Juliana, 7",28039,,,
455,InPost,Convenience Stores,Privada,Premises,Madrid,28039,Lanas Adriana,"C. de Artajona, 43",40.4654395174089,-3.71772438141843,InPost,Convenience stores,Private,Premises,Madrid,Lanas Adriana,"C. de Artajona, 43",28039,,,
456,InPost,Convenience Stores,Privada,Premises,Madrid,28039,Locutorio El Grande,"C. de Juan Pantoja, 13",40.4501150565824,-3.70493520578667,InPost,Convenience stores,Private,Premises,Madrid,Locutorio El Grande,"C. de Juan Pantoja, 13",28039,,,
457,InPost,Convenience Stores,Privada,Premises,Madrid,28039,Kurama,"C. de Valderrodrigo, 45",40.4703252659104,-3.71891287683017,InPost,Convenience stores,Private,Premises,Madrid,Kurama,"C. de Valderrodrigo, 45",28039,,,
458,InPost,Convenience Stores,Privada,Premises,Madrid,28039,Estanco Exp16,"C. de Valdesangil, 26",40.468375897575,-3.71702011171106,InPost,Convenience stores,Private,Premises,Madrid,Estanco Exp16,"C. de Valdesangil, 26",28039,,,
459,InPost,Locker,Privada,Service Station,Madrid,28040,Locker 24/7 Repsol Cred Hipodro,"A-6, P.K. 8,00 D, Moncloa - Aravaca",40.4612385929514,-3.75787913543877,InPost,Lockers,Private,Service Station,Madrid,Locker 24/7 Repsol Cred Hipodro,"A-6, P.K. 8,00 D, Moncloa - Aravaca",28040,,,
460,InPost,Locker,Privada,Parking,Madrid,28040,Locker 24/7 Parking Beatriz De,"C. de Beatriz de Bobadilla, 6",40.4472005254861,-3.71395136224738,InPost,Lockers,Private,Parking,Madrid,Locker 24/7 Parking Beatriz De,"C. de Beatriz de Bobadilla, 6",28040,,,
461,InPost,Locker,Privada,Service Station,Madrid,28041,Locker 24/7 Repsol Cred Avda An,"A-4, P.K. 6,70 D, Usera",40.36658257006,-3.6945089042953,InPost,Lockers,Private,Service Station,Madrid,Locker 24/7 Repsol Cred Avda An,"A-4, P.K. 6,70 D, Usera",28041,,,
462,InPost,Convenience Stores,Privada,Premises,Madrid,28041,Asesoria Latina,"Av. de la Perla, 13",40.3716537319739,-3.69400961367098,InPost,Convenience stores,Private,Premises,Madrid,Asesoria Latina,"Av. de la Perla, 13",28041,,,
463,InPost,Convenience Stores,Privada,Premises,Madrid,28041,Libreria 7 Colores,"C. Fitero, 3C",40.3721711011116,-3.69346312595901,InPost,Convenience stores,Private,Premises,Madrid,Libreria 7 Colores,"C. Fitero, 3C",28041,,,
464,InPost,Convenience Stores,Privada,Premises,Madrid,28041,Ferreteria Gamero,"C. de la del Manojo de Rosas, 44",40.3592844856394,-3.69753023119633,InPost,Convenience stores,Private,Premises,Madrid,Ferreteria Gamero,"C. de la del Manojo de Rosas, 44",28041,,,
465,InPost,Convenience Stores,Privada,Premises,Madrid,28041,Udaco Avda De Los Fueros,"Av. de los Fueros, 30",40.3704702163279,-3.6904245523359,InPost,Convenience stores,Private,Premises,Madrid,Udaco Avda De Los Fueros,"Av. de los Fueros, 30",28041,,,
466,InPost,Convenience Stores,Privada,Premises,Madrid,28041,Peluqueria Colores,"C. de la Mezquita, 16",40.3736645025975,-3.69131273753689,InPost,Convenience stores,Private,Premises,Madrid,Peluqueria Colores,"C. de la Mezquita, 16",28041,,,
467,InPost,Locker,Privada,Premises,Madrid,28041,Locker Ms Locutorio,"Av. de la Verbena de la Paloma, 23",40.3590532937682,-3.69585009525635,InPost,Lockers,Private,Premises,Madrid,Locker Ms Locutorio,"Av. de la Verbena de la Paloma, 23",28041,,,
468,InPost,Convenience Stores,Privada,Premises,Madrid,28041,Ferreteria Jm,"Pl. Asambleas, 1",40.3688933145048,-3.70802167125241,InPost,Convenience stores,Private,Premises,Madrid,Ferreteria Jm,"Pl. Asambleas, 1",28041,,,
469,InPost,Convenience Stores,Privada,Premises,Madrid,28041,Expofotshop,"Av. de Orovilla, 46",40.3603975149686,-3.68997376526512,InPost,Convenience stores,Private,Premises,Madrid,Expofotshop,"Av. de Orovilla, 46",28041,,,
470,InPost,Convenience Stores,Privada,Premises,Madrid,28041,Uni Mas,"C. Rutilo, 21",40.366797724323,-3.68629521612812,InPost,Convenience stores,Private,Premises,Madrid,Uni Mas,"C. Rutilo, 21",28041,,,
471,InPost,Convenience Stores,Privada,Premises,Madrid,28041,Khan Multan,"C. Pan y Toros, 11",40.3602780131337,-3.69444916102572,InPost,Convenience stores,Private,Premises,Madrid,Khan Multan,"C. Pan y Toros, 11",28041,,,
472,InPost,Convenience Stores,Privada,Premises,Madrid,28041,Astenet Informatica Sl,"C. de la Alegría de la Huerta, 12",40.3552366148369,-3.6957370682831,InPost,Convenience stores,Private,Premises,Madrid,Astenet Informatica Sl,"C. de la Alegría de la Huerta, 12",28041,,,
473,InPost,Convenience Stores,Privada,Premises,Madrid,28041,Estanco Madrid 628,"C. de Villajoyosa, 99",40.354067549459,-3.69079687310554,InPost,Convenience stores,Private,Premises,Madrid,Estanco Madrid 628,"C. de Villajoyosa, 99",28041,,,
474,InPost,Convenience Stores,Privada,Premises,Madrid,28041,Farmacia El Espinillo,"Ctra. Villaverde a Vallecas, 29",40.3576311216174,-3.68552553548719,InPost,Convenience stores,Private,Premises,Madrid,Farmacia El Espinillo,"Ctra. Villaverde a Vallecas, 29",28041,,,
475,InPost,Convenience Stores,Privada,Premises,Madrid,28041,Cafeteria Restaurante Vertice,"Calle de Antonio López, 249",40.3773806697093,-3.6944531236523,InPost,Convenience stores,Private,Premises,Madrid,Cafeteria Restaurante Vertice,"Calle de Antonio López, 249",28041,,,
476,InPost,Convenience Stores,Privada,Premises,Madrid,28041,Locutorio Lym,"C. Alcocer, Villaverde",40.3499584823564,-3.70034000899128,InPost,Convenience stores,Private,Premises,Madrid,Locutorio Lym,"C. Alcocer, Villaverde",28041,,,
477,InPost,Convenience Stores,Privada,Premises,Madrid,28041,Fruteria Orcasitas,"C. de Guetaria, 84",40.3693197040866,-3.71604987416499,InPost,Convenience stores,Private,Premises,Madrid,Fruteria Orcasitas,"C. de Guetaria, 84",28041,,,
478,InPost,Convenience Stores,Privada,Premises,Madrid,28041,Tintoreria Elite Orcasitas,"C. de Guetaria, 102",40.3666895228213,-3.71589636345971,InPost,Convenience stores,Private,Premises,Madrid,Tintoreria Elite Orcasitas,"C. de Guetaria, 102",28041,,,
479,InPost,Convenience Stores,Privada,Premises,Madrid,28042,Herbolario Ortopedia Neovitale,"Av. de Logroño, 104",40.4695631065016,-3.58101433567268,InPost,Convenience stores,Private,Premises,Madrid,Herbolario Ortopedia Neovitale,"Av. de Logroño, 104",28042,,,
480,InPost,Locker,Privada,Service Station,Madrid,28042,Locker 24/7 Galp Barajas Aeropu,"Camino Cuartel, 9",40.4681453253176,-3.57883217725742,InPost,Lockers,Private,Service Station,Madrid,Locker 24/7 Galp Barajas Aeropu,"Camino Cuartel, 9",28042,,,
481,InPost,Locker,Privada,Supermarket,Madrid,28042,Locker Supermercado Dia Avenida,"Av. General, 29",40.4724284112769,-3.57885898642025,InPost,Lockers,Private,Supermarket,Madrid,Locker Supermercado Dia Avenida,"Av. General, 29",28042,,,
482,InPost,Convenience Stores,Privada,Premises,Madrid,28042,La Pinata,"C. de Algemesí, 56",40.4727605064697,-3.58066865104357,InPost,Convenience stores,Private,Premises,Madrid,La Pinata,"C. de Algemesí, 56",28042,,,
483,InPost,Convenience Stores,Privada,Premises,Madrid,28042,Eben Ezer Bazar,"C. de la Botica, 12",40.4732019980009,-3.57880300719248,InPost,Convenience stores,Private,Premises,Madrid,Eben Ezer Bazar,"C. de la Botica, 12",28042,,,
484,InPost,Convenience Stores,Privada,Premises,Madrid,28042,Maison De Fruits,"Pl. Mayor de Barajas, 15",40.4739651907136,-3.57708573628574,InPost,Convenience stores,Private,Premises,Madrid,Maison De Fruits,"Pl. Mayor de Barajas, 15",28042,,,
485,InPost,Convenience Stores,Privada,Premises,Madrid,28042,Comercial Barajas,"C. Alaró, 7",40.471234420989,-3.58264610348842,InPost,Convenience stores,Private,Premises,Madrid,Comercial Barajas,"C. Alaró, 7",28042,,,
486,InPost,Convenience Stores,Privada,Premises,Madrid,28042,Fotografia Yenes,"P.o de la Alameda de Osuna, 71",40.4577874382371,-3.59060767317114,InPost,Convenience stores,Private,Premises,Madrid,Fotografia Yenes,"P.º de la Alameda de Osuna, 71",28042,,,
487,InPost,Convenience Stores,Privada,Premises,Madrid,28042,Mini Market Vida Feliz,"C. del Sándalo, 5",40.4528892557074,-3.61605548416444,InPost,Convenience stores,Private,Premises,Madrid,Mini Market Vida Feliz,"C. del Sándalo, 5",28042,,,
488,InPost,Convenience Stores,Privada,Premises,Madrid,28042,Ferreteria Ema,"C. del Balandro, 39",40.4543242798119,-3.59114074449873,InPost,Convenience stores,Private,Premises,Madrid,Ferreteria Ema,"C. del Balandro, 39",28042,,,
489,InPost,Convenience Stores,Privada,Premises,Madrid,28043,Perla Y Chocolate,"Calle Nápoles, 53",40.4604163494998,-3.64760327536417,InPost,Convenience stores,Private,Premises,Madrid,Perla Y Chocolate,"Calle Nápoles, 53",28043,,,
490,InPost,Convenience Stores,Privada,Premises,Madrid,28043,Ok Mascota Hortaleza,"Carr. de Canillas, 45",40.4639138990648,-3.64653452373765,InPost,Convenience stores,Private,Premises,Madrid,Ok Mascota Hortaleza,"Carr. de Canillas, 45",28043,,,
491,InPost,Convenience Stores,Privada,Premises,Madrid,28043,Alfilbe Canillas,"Carr. de Canillas, 142",40.4650797286523,-3.6389342532452,InPost,Convenience stores,Private,Premises,Madrid,Alfilbe Canillas,"Carr. de Canillas, 142",28043,,,
492,InPost,Convenience Stores,Privada,Premises,Madrid,28043,Libreria Papeleria Unipa,"Calle de Calanda, 1",40.4614139487124,-3.64524821948467,InPost,Convenience stores,Private,Premises,Madrid,Libreria Papeleria Unipa,"Calle de Calanda, 1",28043,,,
493,InPost,Locker,Privada,Service Station,Madrid,28043,Locker 24/7 Shell Machupichu,"Av. de Machupichu, 105",40.4650175435491,-3.63614633441742,InPost,Lockers,Private,Service Station,Madrid,Locker 24/7 Shell Machupichu,"Av. de Machupichu, 105",28043,,,
494,InPost,Locker,Privada,Parking,Madrid,28043,Locker24/7 Bolton Lopez De Hoyo,"C. de López de Hoyos, 299",40.4582042166166,-3.66053991735115,InPost,Lockers,Private,Parking,Madrid,Locker24/7 Bolton Lopez De Hoyo,"C. de López de Hoyos, 299",28043,,,
495,InPost,Convenience Stores,Privada,Premises,Madrid,28043,Foto Express 450,"C. de López de Hoyos, 450",40.4680103177324,-3.65319766554577,InPost,Convenience stores,Private,Premises,Madrid,Foto Express 450,"C. de López de Hoyos, 450",28043,,,
496,InPost,Locker,Privada,Mall,Madrid,28043,Locker Cc Palacio De Hielo Acce,"C. de Silvano, 77",40.4635156779312,-3.6369415288467,InPost,Lockers,Private,Mall,Madrid,Locker Cc Palacio De Hielo Acce,"C. de Silvano, 77",28043,,,
497,InPost,Convenience Stores,Privada,Premises,Madrid,28043,Color Y Unas,"C. Emigrantes, 13",40.4678573571562,-3.63797388168096,InPost,Convenience stores,Private,Premises,Madrid,Color Y Unas,"C. Emigrantes, 13",28043,,,
498,InPost,Convenience Stores,Privada,Premises,Madrid,28043,Papeleria Hatillo De Cartama,"C. de Torrelaguna, 70",40.450050115564,-3.65772847231092,InPost,Convenience stores,Private,Premises,Madrid,Papeleria Hatillo De Cartama,"C. de Torrelaguna, 70",28043,,,
499,InPost,Convenience Stores,Privada,Premises,Madrid,28043,Estanco Villa Rosa,"C. Motilla del Palancar, 8",40.4657480973998,-3.63199068103095,InPost,Convenience stores,Private,Premises,Madrid,Estanco Villa Rosa,"C. Motilla del Palancar, 8",28043,,,
500,InPost,Convenience Stores,Privada,Premises,Madrid,28043,Estanco 13,"C. de Silvano, 158",40.4627286725927,-3.62821802556294,InPost,Convenience stores,Private,Premises,Madrid,Estanco 13,"C. de Silvano, 158",28043,,,
501,InPost,Convenience Stores,Privada,Premises,Madrid,28043,Look Find Conde Orgaz,"Av. de Machupichu, 23",40.4584547052164,-3.62589647541234,InPost,Convenience stores,Private,Premises,Madrid,Look Find Conde Orgaz,"Av. de Machupichu, 23",28043,,,
502,InPost,Convenience Stores,Privada,Premises,Madrid,28044,Ciber Space,"C. de Valle Inclán, 40",40.3796129842906,-3.77287062360935,InPost,Convenience stores,Private,Premises,Madrid,Ciber Space,"C. de Valle Inclán, 40",28044,,,
503,InPost,Convenience Stores,Privada,Premises,Madrid,28044,Gespain Actividades Inmobiliari,"C. de José de Cadalso, 53",40.3772991674026,-3.76792455689272,InPost,Convenience stores,Private,Premises,Madrid,Gespain Actividades Inmobiliari,"C. de José de Cadalso, 53",28044,,,
504,InPost,Convenience Stores,Privada,Premises,Madrid,28044,Burman,"Av de la Aviación, 99",40.3746178813565,-3.77139948415267,InPost,Convenience stores,Private,Premises,Madrid,Burman,"Av de la Aviación, 99",28044,,,
505,InPost,Convenience Stores,Privada,Premises,Madrid,28044,Perfumeria Drogueria,"C. de Navalmoral de la Mata, 38",40.3766428388433,-3.77732374660474,InPost,Convenience stores,Private,Premises,Madrid,Perfumeria Drogueria,"C. de Navalmoral de la Mata, 38",28044,,,
506,InPost,Convenience Stores,Privada,Premises,Madrid,28044,Locutorio Carlita,"C. de Oliva de Plasencia, 1",40.3787099756684,-3.77928831823399,InPost,Convenience stores,Private,Premises,Madrid,Locutorio Carlita,"C. de Oliva de Plasencia, 1",28044,,,
507,InPost,Convenience Stores,Privada,Premises,Madrid,28044,Cristaleria Aluche Ii,"Av. de Las Águilas, 60",40.3822882360973,-3.77918439402231,InPost,Convenience stores,Private,Premises,Madrid,Cristaleria Aluche Ii,"Av. de Las Águilas, 60",28044,,,
508,InPost,Locker,Privada,Supermarket,Madrid,28044,Locker Supermercado Dia Calle D,"C. del Jacobeo, 3",40.3725809336205,-3.76192327400957,InPost,Lockers,Private,Supermarket,Madrid,Locker Supermercado Dia Calle D,"C. del Jacobeo, 3",28044,,,
509,InPost,Convenience Stores,Privada,Premises,Madrid,28044,Damar Natura Herbolario,"C. de Aguilar del Río, 2",40.3715852247889,-3.75937504906535,InPost,Convenience stores,Private,Premises,Madrid,Damar Natura Herbolario,"C. de Aguilar del Río, 2",28044,,,
510,InPost,Convenience Stores,Privada,Premises,Madrid,28044,Aromas Artesanales Aluche,"Av. de los Poblados, 58",40.3859335264761,-3.76303873705456,InPost,Convenience stores,Private,Premises,Madrid,Aromas Artesanales Aluche,"Av. de los Poblados, 58",28044,,,
511,InPost,Convenience Stores,Privada,Premises,Madrid,28044,Locutorio Internet Emperatriz,"Pl. de la Emperatriz, 14",40.3740108127579,-3.7516713123001,InPost,Convenience stores,Private,Premises,Madrid,Locutorio Internet Emperatriz,"Pl. de la Emperatriz, 14",28044,,,
512,InPost,Convenience Stores,Privada,Premises,Madrid,28044,The Fox,"C. Alfredo Aleix, 9",40.3687237543005,-3.75521215887502,InPost,Convenience stores,Private,Premises,Madrid,The Fox,"C. Alfredo Aleix, 9",28044,,,
513,InPost,Convenience Stores,Privada,Premises,Madrid,28044,Ferreteria Simarsan,"C. de la Ciruela, 1",40.3721000932621,-3.74945940721858,InPost,Convenience stores,Private,Premises,Madrid,Ferreteria Simarsan,"C. de la Ciruela, 1",28044,,,
514,InPost,Convenience Stores,Privada,Premises,Madrid,28044,Pastel Y Miga,"Av. de Carabanchel Alto, 110",40.366732863582,-3.75361931271824,InPost,Convenience stores,Private,Premises,Madrid,Pastel Y Miga,"Av. de Carabanchel Alto, 110",28044,,,
515,InPost,Locker,Privada,Premises,Madrid,28044,Locker 24/7 Mega Autolavados,"C. de Isabel Patacón, 15",40.3701898540264,-3.74840419981362,InPost,Lockers,Private,Premises,Madrid,Locker 24/7 Mega Autolavados,"C. de Isabel Patacón, 15",28044,,,
516,InPost,Convenience Stores,Privada,Premises,Madrid,28045,Dulces La Ciudad,"C. de Embajadores, 208",40.3909812457519,-3.69281353349323,InPost,Convenience stores,Private,Premises,Madrid,Dulces La Ciudad,"C. de Embajadores, 208",28045,,,
517,InPost,Locker,Privada,Supermarket,Madrid,28045,Locker Supermercado Dia C/ Juan,"C. de Juan de Vera, 6",40.3962178782574,-3.6932228577192,InPost,Lockers,Private,Supermarket,Madrid,Locker Supermercado Dia C/ Juan,"C. de Juan de Vera, 6",28045,,,
518,InPost,Locker,Privada,Premises,Madrid,28045,Locker Money Exchange Delicias,"Paseo de las Delicias, 146",40.3923856630062,-3.6951830863055,InPost,Lockers,Private,Premises,Madrid,Locker Money Exchange Delicias,"Paseo de las Delicias, 146",28045,,,
519,InPost,Convenience Stores,Privada,Premises,Madrid,28045,Repair World Store,"Paseo de las Delicias, 132",40.3933888540605,-3.6949999947432,InPost,Convenience stores,Private,Premises,Madrid,Repair World Store,"Paseo de las Delicias, 132",28045,,,
520,InPost,Convenience Stores,Privada,Premises,Madrid,28045,Papeleria El Inca,"Pl. de Rutilio Gaci, 8",40.3948260778897,-3.69646012174712,InPost,Convenience stores,Private,Premises,Madrid,Papeleria El Inca,"Pl. de Rutilio Gaci, 8",28045,,,
521,InPost,Convenience Stores,Privada,Premises,Madrid,28045,Rue Du Blond,"C. de Embajadores, 152",40.3969723059422,-3.69689681087982,InPost,Convenience stores,Private,Premises,Madrid,Rue Du Blond,"C. de Embajadores, 152",28045,,,
522,InPost,Convenience Stores,Privada,Premises,Madrid,28045,Sv Moda Y Complementos,"C. de la Batalla del Salado, 45",40.3984825904214,-3.69622749684442,InPost,Convenience stores,Private,Premises,Madrid,Sv Moda Y Complementos,"C. de la Batalla del Salado, 45",28045,,,
523,InPost,Convenience Stores,Privada,Premises,Madrid,28045,Expendeduria 538 Madrid,"Glorieta Sta. María de la Cabeza, 7",40.400614307696,-3.69869039148067,InPost,Convenience stores,Private,Premises,Madrid,Expendeduria 538 Madrid,"Glorieta Sta. María de la Cabeza, 7",28045,,,
524,InPost,Convenience Stores,Privada,Premises,Madrid,28045,Centro Esoterico Shaddai,"Calle del Gral. Palanca, 24",40.3993599470705,-3.69746216454373,InPost,Convenience stores,Private,Premises,Madrid,Centro Esoterico Shaddai,"Calle del Gral. Palanca, 24",28045,,,
525,InPost,Locker,Privada,Supermarket,Madrid,28045,Locker Supermercado Dia Plaza L,"Pl. Luca de Tena, 3",40.4023830007514,-3.69309368195097,InPost,Lockers,Private,Supermarket,Madrid,Locker Supermercado Dia Plaza L,"Pl. Luca de Tena, 3",28045,,,
526,InPost,Locker,Privada,Premises,Madrid,28045,Locker Speed Queen Aguilon,"C. de Aguilón, 4",40.3974531319259,-3.70156344160398,InPost,Lockers,Private,Premises,Madrid,Locker Speed Queen Aguilon,"C. de Aguilón, 4",28045,,,
527,InPost,Convenience Stores,Privada,Premises,Madrid,28045,Bambu Tintoreria,"C. de Embajadores, 128",40.3994350412449,-3.69847578208348,InPost,Convenience stores,Private,Premises,Madrid,Bambu Tintoreria,"C. de Embajadores, 128",28045,,,
528,InPost,Convenience Stores,Privada,Premises,Madrid,28045,Locutorio Talal 1,"C. de la Batalla del Salado, 14",40.4028435798485,-3.69608953602425,InPost,Convenience stores,Private,Premises,Madrid,Locutorio Talal 1,"C. de la Batalla del Salado, 14",28045,,,
529,InPost,Convenience Stores,Privada,Premises,Madrid,28045,Foto Sur Digital,"P.o de Sta. María de la Cabeza, 74",40.3996728260084,-3.70105444225871,InPost,Convenience stores,Private,Premises,Madrid,Foto Sur Digital,"P.º de Sta. María de la Cabeza, 74",28045,,,
530,InPost,Convenience Stores,Privada,Premises,Madrid,28045,Levaduramadre Calle De Bustamen,"C. de Bustamante, 30",40.4004767231651,-3.68644780955614,InPost,Convenience stores,Private,Premises,Madrid,Levaduramadre Calle De Bustamen,"C. de Bustamante, 30",28045,,,
531,InPost,Convenience Stores,Privada,Premises,Madrid,28045,Nutricion Bronce,P.o de Sta. María de la Cabeza,40.4025459175835,-3.69835240050574,InPost,Convenience stores,Private,Premises,Madrid,Nutricion Bronce,P.º de Sta. María de la Cabeza,28045,,,
532,InPost,Locker,Privada,Public Infrastructure,Madrid,28045,Locker Estacion Sur De Autobuse,"C. de Méndez Álvaro, 83",40.3949872497894,-3.67782368448065,InPost,Lockers,Private,Public Infrastructure,Madrid,Locker Estacion Sur De Autobuse,"C. de Méndez Álvaro, 83",28045,,,
533,InPost,Convenience Stores,Privada,Premises,Madrid,28046,Vuelacar,"C. de Mauricio Legendre, 15",40.4707278034947,-3.68658947293264,InPost,Convenience stores,Private,Premises,Madrid,Vuelacar,"C. de Mauricio Legendre, 15",28046,,,
534,InPost,Convenience Stores,Privada,Premises,Madrid,28046,Chevere Cargo,"C. de Mauricio Legendre, 7",40.4695392894463,-3.68700073279165,InPost,Convenience stores,Private,Premises,Madrid,Chevere Cargo,"C. de Mauricio Legendre, 7",28046,,,
535,InPost,Locker,Privada,Parking,Madrid,28046,Locker 24/7 Indigo Plaza Castil,"P.o de la Castellana, 193",40.4679242557758,-3.68956904347426,InPost,Lockers,Private,Parking,Madrid,Locker 24/7 Indigo Plaza Castil,"P.º de la Castellana, 193",28046,,,
536,InPost,Convenience Stores,Privada,Premises,Madrid,28047,Estanco 729,"C. de Cuart de Poblet, 65",40.3967366084505,-3.74870457218312,InPost,Convenience stores,Private,Premises,Madrid,Estanco 729,"C. de Cuart de Poblet, 65",28047,,,
537,InPost,Convenience Stores,Privada,Premises,Madrid,28047,Andalucia Sol Perfumeria Drogue,"C. de la Duquesa de Parcent, 2",40.395814753313,-3.7439685253286,InPost,Convenience stores,Private,Premises,Madrid,Andalucia Sol Perfumeria Drogue,"C. de la Duquesa de Parcent, 2",28047,,,
538,InPost,Convenience Stores,Privada,Premises,Madrid,28047,Estanco Y Regalos,"Cl. de los Yébenes, 159",40.3932584065552,-3.75159999496538,InPost,Convenience stores,Private,Premises,Madrid,Estanco Y Regalos,"Cl. de los Yébenes, 159",28047,,,
539,InPost,Convenience Stores,Privada,Premises,Madrid,28047,Fotocopias Aluche,"C. de Illescas, 187",40.3919623567788,-3.75416775791693,InPost,Convenience stores,Private,Premises,Madrid,Fotocopias Aluche,"C. de Illescas, 187",28047,,,
540,InPost,Convenience Stores,Privada,Premises,Madrid,28047,Autoescuela Maqueda Los Yebenes,"Cl. de los Yébenes, 148",40.3907413318009,-3.75186653952308,InPost,Convenience stores,Private,Premises,Madrid,Autoescuela Maqueda Los Yebenes,"Cl. de los Yébenes, 148",28047,,,
541,InPost,Convenience Stores,Privada,Premises,Madrid,28047,Fotocopias Animo,"C. de Camarena, 104",40.3925459551394,-3.75711303829636,InPost,Convenience stores,Private,Premises,Madrid,Fotocopias Animo,"C. de Camarena, 104",28047,,,
542,InPost,Locker,Privada,Parking,Madrid,28047,Locker 24/7 Parking Gomez Ulla,"Calle Carlos Domingo, 5",40.3906192832114,-3.74406005321027,InPost,Lockers,Private,Parking,Madrid,Locker 24/7 Parking Gomez Ulla,"Calle Carlos Domingo, 5",28047,,,
543,InPost,Convenience Stores,Privada,Premises,Madrid,28047,Decomisos Bazar Aluche,"C. de Camarena, 222",40.3885880698003,-3.75627996094969,InPost,Convenience stores,Private,Premises,Madrid,Decomisos Bazar Aluche,"C. de Camarena, 222",28047,,,
544,InPost,Convenience Stores,Privada,Premises,Madrid,28047,Loterias Latina,"C. de Latina, 18",40.4014809604621,-3.75146835500093,InPost,Convenience stores,Private,Premises,Madrid,Loterias Latina,"C. de Latina, 18",28047,,,
545,InPost,Convenience Stores,Privada,Premises,Madrid,28047,Cristaleria Aluche I,"C. de Camarena, 235",40.3864037399769,-3.75708205401661,InPost,Convenience stores,Private,Premises,Madrid,Cristaleria Aluche I,"C. de Camarena, 235",28047,,,
546,InPost,Locker,Privada,Premises,Madrid,28047,Locker Locutorio Shati Telecom,"C. del Espinar, 3",40.3876266934597,-3.74496410238524,InPost,Lockers,Private,Premises,Madrid,Locker Locutorio Shati Telecom,"C. del Espinar, 3",28047,,,
547,InPost,Convenience Stores,Privada,Premises,Madrid,28047,Remesas Ayubi,"C. Guabairo, 2",40.3877076357873,-3.74537211093692,InPost,Convenience stores,Private,Premises,Madrid,Remesas Ayubi,"C. Guabairo, 2",28047,,,
548,InPost,Convenience Stores,Privada,Premises,Madrid,28047,Ddetalles,"C. de Ocaña, 46",40.3852183360092,-3.75346912052526,InPost,Convenience stores,Private,Premises,Madrid,Ddetalles,"C. de Ocaña, 46",28047,,,
549,InPost,Convenience Stores,Privada,Premises,Madrid,28047,Restaurante Solanito,"C. de Pablo Sarasate, 6",40.4051953647894,-3.73124314153905,InPost,Convenience stores,Private,Premises,Madrid,Restaurante Solanito,"C. de Pablo Sarasate, 6",28047,,,
550,InPost,Convenience Stores,Privada,Premises,Madrid,28047,Papeleria Libreria De Colores,"C. Jacobinia, 20",40.3771087255835,-3.74998723289835,InPost,Convenience stores,Private,Premises,Madrid,Papeleria Libreria De Colores,"C. Jacobinia, 20",28047,,,
551,InPost,Convenience Stores,Privada,Premises,Madrid,28048,Estanco El Pardo,"C. Carboneros, 2",40.5203695569372,-3.77803620403204,InPost,Convenience stores,Private,Premises,Madrid,Estanco El Pardo,"C. Carboneros, 2",28048,,,
552,InPost,Convenience Stores,Privada,Premises,Madrid,28049,Sely Montecarmelo,"Av. del Monasterio de El Escorial, 43, local 4",40.5052659945712,-3.69948190436791,InPost,Convenience stores,Private,Premises,Madrid,Sely Montecarmelo,"Av. del Monasterio de El Escorial, 43, local 4",28049,,,
553,InPost,Convenience Stores,Privada,Premises,Madrid,28050,Telelavo Las Tablas,"Av. del Camino de Santiago, 15",40.4981060173519,-3.67467809606168,InPost,Convenience stores,Private,Premises,Madrid,Telelavo Las Tablas,"Av. del Camino de Santiago, 15",28050,,,
554,InPost,Locker,Privada,Service Station,Madrid,28050,Locker 24/7 Repsol Cred Gpv Las,C. del Abetal,40.5014159493935,-3.66282226024343,InPost,Lockers,Private,Service Station,Madrid,Locker 24/7 Repsol Cred Gpv Las,C. del Abetal,28050,,,
555,InPost,Convenience Stores,Privada,Premises,Madrid,28050,Aldeadulce Y Mas,"C. de Furelos, 3",40.50680761597,-3.66492514191661,InPost,Convenience stores,Private,Premises,Madrid,Aldeadulce Y Mas,"C. de Furelos, 3",28050,,,
556,InPost,Locker,Privada,Supermarket,Madrid,28050,Locker Dia Calle De Castiello D,"C. de Castiello de Jaca, 21",40.5046483655804,-3.67675815145318,InPost,Lockers,Private,Supermarket,Madrid,Locker Dia Calle De Castiello D,"C. de Castiello de Jaca, 21",28050,,,
557,InPost,Convenience Stores,Privada,Premises,Madrid,28050,Sely Beauty Concept,"P.o de la Tierra de Melide, 38",40.511481701983,-3.66941505973441,InPost,Convenience stores,Private,Premises,Madrid,Sely Beauty Concept,"P.º de la Tierra de Melide, 38",28050,,,
558,InPost,Convenience Stores,Privada,Premises,Madrid,28050,Multitienda Alimentacion,"C. de Isabel Clara Eugenia, 49",40.4949730659552,-3.65451940282871,InPost,Convenience stores,Private,Premises,Madrid,Multitienda Alimentacion,"C. de Isabel Clara Eugenia, 49",28050,,,
559,InPost,Convenience Stores,Privada,Premises,Madrid,28050,Estanco Sanchinarro,"C. de Américo Castro, 12",40.494140820128,-3.65598905408344,InPost,Convenience stores,Private,Premises,Madrid,Estanco Sanchinarro,"C. de Américo Castro, 12",28050,,,
560,InPost,Convenience Stores,Privada,Premises,Madrid,28050,El Taller De Rafael,"C. de la Princesa de Éboli, 9",40.4879776484088,-3.65676657064607,InPost,Convenience stores,Private,Premises,Madrid,El Taller De Rafael,"C. de la Princesa de Éboli, 9",28050,,,
561,InPost,Locker,Privada,Service Station,Madrid,28050,Locker 24/7 Shell Las Tablas,"Av. de Santo Domingo de la Calzada, 10",40.5087397979106,-3.67869655924535,InPost,Lockers,Private,Service Station,Madrid,Locker 24/7 Shell Las Tablas,"Av. de Santo Domingo de la Calzada, 10",28050,,,
562,InPost,Locker,Privada,Parking,Madrid,28050,Locker 24/7 Indigo Co Manoteras,"Av. de Manoteras, 40",40.4864603389365,-3.6660907574253,InPost,Lockers,Private,Parking,Madrid,Locker 24/7 Indigo Co Manoteras,"Av. de Manoteras, 40",28050,,,
563,InPost,Locker,Pública,Parking,Madrid,28050,Locker 24/7 Emt Parking Fuente,"Av. de Manoteras, 1D",40.4849248094918,-3.66460109422704,InPost,Lockers,Public,Parking,Madrid,Locker 24/7 Emt Parking Fuente,"Av. de Manoteras, 1D",28050,,,
564,InPost,Locker,Privada,Service Station,Madrid,28050,Locker 24/7 Galp Sanchinarro,"Av. de Niceto Alcalá Zamora, 20",40.4941721474785,-3.64817384217842,InPost,Lockers,Private,Service Station,Madrid,Locker 24/7 Galp Sanchinarro,"Av. de Niceto Alcalá Zamora, 20",28050,,,
565,InPost,Convenience Stores,Privada,Premises,Madrid,28051,Merca Oasis,"Av de las Suertes, 98",40.3626669306429,-3.59189624401536,InPost,Convenience stores,Private,Premises,Madrid,Merca Oasis,"Av de las Suertes, 98",28051,,,
566,InPost,Convenience Stores,Privada,Premises,Madrid,28051,El Yaque Market,"C. de José Tamayo, 17",40.3668250085526,-3.60001323200417,InPost,Convenience stores,Private,Premises,Madrid,El Yaque Market,"C. de José Tamayo, 17",28051,,,
567,InPost,Convenience Stores,Privada,Premises,Madrid,28051,Expendeduria 899,"Av. del Ensanche de Vallecas, 25",40.3716254466076,-3.61076482029285,InPost,Convenience stores,Private,Premises,Madrid,Expendeduria 899,"Av. del Ensanche de Vallecas, 25",28051,,,
568,InPost,Convenience Stores,Privada,Premises,Madrid,28051,Risbar Sl,"Calle Baños de Valdearados, 10",40.3679915345185,-3.61091349028849,InPost,Convenience stores,Private,Premises,Madrid,Risbar Sl,"Calle Baños de Valdearados, 10",28051,,,
569,InPost,Locker,Privada,Service Station,Madrid,28051,Locker 24/7 Galp Madrid Valleca,"Av. del Mayorazgo, 20",40.369655291413,-3.6315373386646,InPost,Lockers,Private,Service Station,Madrid,Locker 24/7 Galp Madrid Valleca,"Av. del Mayorazgo, 20",28051,,,
570,InPost,Convenience Stores,Privada,Premises,Madrid,28052,Megafruta,"Av. de Miguel Delibes, 25",40.4065431586854,-3.56199396549075,InPost,Convenience stores,Private,Premises,Madrid,Megafruta,"Av. de Miguel Delibes, 25",28052,,,
571,InPost,Convenience Stores,Privada,Premises,Madrid,28052,Peludos Del Canaveral,"C. Victoria Kent,",40.402841250875,-3.56364142152164,InPost,Convenience stores,Private,Premises,Madrid,Peludos Del Canaveral,"C. Victoria Kent,",28052,,,
572,InPost,Locker,Privada,Service Station,Madrid,28052,Locker 24/7 Repsol Cred Vicalva,"CR M-214 P.K, 4,60 D",40.398811776827,-3.58984148241371,InPost,Lockers,Private,Service Station,Madrid,Locker 24/7 Repsol Cred Vicalva,"CR M-214 P.K, 4,60 D",28052,,,
573,InPost,Locker,Privada,Service Station,Madrid,28053,Locker 24/7 Repsol Cred Mercama,"Mercamadrid, S.A., C. 11, 3",40.3558732340631,-3.66921985490894,InPost,Lockers,Private,Service Station,Madrid,Locker 24/7 Repsol Cred Mercama,"Mercamadrid, S.A., C. 11, 3",28053,,,
574,InPost,Convenience Stores,Privada,Premises,Madrid,28053,Modas Alicia,"C. Campiña, 4",40.3798165273827,-3.67097263853968,InPost,Convenience stores,Private,Premises,Madrid,Modas Alicia,"C. Campiña, 4",28053,,,
575,InPost,Convenience Stores,Privada,Premises,Madrid,28053,Iris Tienda Vaquero,"C. Sierra de Contraviesa, 24",40.3839875327366,-3.6713271981327,InPost,Convenience stores,Private,Premises,Madrid,Iris Tienda Vaquero,"C. Sierra de Contraviesa, 24",28053,,,
576,InPost,Convenience Stores,Privada,Premises,Madrid,28053,Alimentacion Dtodo,"Av del Monte Igueldo, 108",40.3907736669156,-3.671187783477,InPost,Convenience stores,Private,Premises,Madrid,Alimentacion Dtodo,"Av del Monte Igueldo, 108",28053,,,
577,InPost,Convenience Stores,Privada,Premises,Madrid,28053,Pasteleria Cafeteria Luque,"C/ de Sierra Carbonera, 18",40.3932280644719,-3.66389177091003,InPost,Convenience stores,Private,Premises,Madrid,Pasteleria Cafeteria Luque,"C/ de Sierra Carbonera, 18",28053,,,
578,InPost,Convenience Stores,Privada,Premises,Madrid,28053,Atemprana Ortopedia,"C. de Eduardo Sanz, 14",40.3926923426995,-3.66937251457405,InPost,Convenience stores,Private,Premises,Madrid,Atemprana Ortopedia,"C. de Eduardo Sanz, 14",28053,,,
579,InPost,Convenience Stores,Privada,Premises,Madrid,28054,Loterias Y Prensa La Fabrica De,"Av. de la Peseta, 58",40.3623697330763,-3.75655981981155,InPost,Convenience stores,Private,Premises,Madrid,Loterias Y Prensa La Fabrica De,"Av. de la Peseta, 58",28054,,,
580,InPost,Convenience Stores,Privada,Premises,Madrid,28054,Estanco 903 Madrid,"Av. de Carabanchel Alto, 136",40.3642377624646,-3.7539388601723,InPost,Convenience stores,Private,Premises,Madrid,Estanco 903 Madrid,"Av. de Carabanchel Alto, 136",28054,,,
581,InPost,Locker,Privada,Supermarket,Madrid,28054,Locker Supermercado Dia C/ Piqu,"C. Piqueñas, 8",40.3681682169085,-3.75912629145904,InPost,Lockers,Private,Supermarket,Madrid,Locker Supermercado Dia C/ Piqu,"C. Piqueñas, 8",28054,,,
582,InPost,Locker,Privada,Service Station,Madrid,28054,Locker 24/7 Repsol Cred Pau Car,"Av. de la Peseta, 6",40.3687710023698,-3.76575947934221,InPost,Lockers,Private,Service Station,Madrid,Locker 24/7 Repsol Cred Pau Car,"Av. de la Peseta, 6",28054,,,
583,InPost,Locker,Pública,Mall,Madrid,28054,Locker Cc Islazul,"C. de la Calderilla, 1",40.3639066872195,-3.73743864019151,InPost,Lockers,Public,Mall,Madrid,Locker Cc Islazul,"C. de la Calderilla, 1",28054,,,
584,InPost,Locker,Privada,Service Station,Madrid,28054,Locker 24/7 Shell Avda Aviacion,"Av de la Aviación, 26",40.3743437399471,-3.77391735757617,InPost,Lockers,Private,Service Station,Madrid,Locker 24/7 Shell Avda Aviacion,"Av de la Aviación, 26",28054,,,
585,InPost,Locker,Privada,Service Station,Madrid,28054,Locker 24/7 Es Low Cost Repost,"C. Hilario Herranz Establos, 20",40.3727874952183,-3.7291700094593,InPost,Lockers,Private,Service Station,Madrid,Locker 24/7 Es Low Cost Repost,"C. Hilario Herranz Establos, 20",28054,,,
586,InPost,Convenience Stores,Privada,Premises,Madrid,28055,La Cava De Valdebebas Expendedu,"Av. de Manuel Fraga Iribarne, 38",40.4888559827721,-3.60803741187368,InPost,Convenience stores,Private,Premises,Madrid,La Cava De Valdebebas Expendedu,"Av. de Manuel Fraga Iribarne, 38",28055,,,
587,InPost,Convenience Stores,Privada,Premises,Madrid,28055,Farmacia Valdepuente,"C. de José Antonio Fernández Ordóñez, 45",40.4918063850731,-3.6077212453823,InPost,Convenience stores,Private,Premises,Madrid,Farmacia Valdepuente,"C. de José Antonio Fernández Ordóñez, 45",28055,,,
588,InPost,Locker,Privada,Service Station,Madrid,28055,Locker 24/7 Shell La Moraleja,"C/ Francisco Javier Saenz De Oiza, Gta. de Juan de Haro, 5",40.498107851333,-3.62625173334561,InPost,Lockers,Private,Service Station,Madrid,Locker 24/7 Shell La Moraleja,"C/ Francisco Javier Saenz De Oiza, Gta. de Juan de Haro, 5",28055,,,
589,InPost,Locker,Privada,Service Station,Madrid,28055,Locker 24/7 Shell Parque Forest,"Gta. de José Luis Fernández del Amo, Sn",40.4857420218374,-3.64333594652413,InPost,Lockers,Private,Service Station,Madrid,Locker 24/7 Shell Parque Forest,"Gta. de José Luis Fernández del Amo, Sn",28055,,,
590,Correos,Lsp Pudos,Pública,Public Facility,Madrid,28001,Correos Madrid Sucursal 1,"C. de Villanueva, 30",40.4223895288875,-3.68495079020099,Correos,LSP PUDOs,Public,Public facility,Madrid,Correos Madrid Sucursal 1,"C. de Villanueva, 30",28001,,,
591,Correos,Locker,Pública,Public Facility,Madrid,28001,Correos Madrid Sucursal 1,"C. de Villanueva, 30",40.4223895288875,-3.68495079020099,Correos,Lockers,Public,Public facility,Madrid,Correos Madrid Sucursal 1,"C. de Villanueva, 30",28001,,,
592,Correos,Locker,Privada,Supermarket,Madrid,28001,Carrefour Express,"Calle de Castelló, 36",40.4272952522399,-3.68140252516513,Correos,Lockers,Private,Supermarket,Madrid,Carrefour Express,"Calle de Castelló, 36",28001,,,
593,Correos,Locker,Privada,Supermarket,Madrid,28001,Carrefour Express,"Calle Hermosilla, 28",40.42631963466,-3.68463779047,Correos,Lockers,Private,Supermarket,Madrid,Carrefour Express,"Calle Hermosilla, 28",28001,,,
594,Correos,Locker,Pública,Mall,Madrid,28002,Mercado De Prosperidad,"C. de López de Hoyos, 81",40.44495512269,-3.67420782942655,Correos,Lockers,Public,Mall,Madrid,Mercado De Prosperidad,"C. de López de Hoyos, 81",28002,,,
595,Correos,Lsp Pudos,Pública,Public Facility,Madrid,28002,Correos Madrid Sucursal 13,"Av. de América, 3",40.4384200698212,-3.67728172172886,Correos,LSP PUDOs,Public,Public facility,Madrid,Correos Madrid Sucursal 13,"Av. de América, 3",28002,,,
596,Correos,Locker,Pública,Public Facility,Madrid,28002,Correos Madrid Sucursal 13,"Av. de América, 3",40.4384200698212,-3.67728172172886,Correos,Lockers,Public,Public facility,Madrid,Correos Madrid Sucursal 13,"Av. de América, 3",28002,,,
597,Correos,Locker,Privada,Supermarket,Madrid,28002,Bm Supermercados,"Calle Ros de Olano, 7",40.44424564657,-3.67196824588,Correos,Lockers,Private,Supermarket,Madrid,Bm Supermercados,"Calle Ros de Olano, 7",28002,,,
598,Correos,Lsp Pudos,Pública,Public Facility,Madrid,28003,Correos Madrid Sucursal 46,"C. de Guzmán el Bueno, 86",40.4401313928777,-3.71260551281086,Correos,LSP PUDOs,Public,Public facility,Madrid,Correos Madrid Sucursal 46,"C. de Guzmán el Bueno, 86",28003,,,
599,Correos,Locker,Pública,Public Facility,Madrid,28003,Correos Madrid Sucursal 46,"C. de Guzmán el Bueno, 86",40.4401313928777,-3.71260551281086,Correos,Lockers,Public,Public facility,Madrid,Correos Madrid Sucursal 46,"C. de Guzmán el Bueno, 86",28003,,,
600,Correos,Locker,Pública,Public Infrastructure,Madrid,28003,Cercanias Nuevos Ministerios,C. de Raimundo Fernández Villaverde,40.4464266219122,-3.69260122037163,Correos,Lockers,Public,Public Infrastructure,Madrid,Cercanias Nuevos Ministerios,C. de Raimundo Fernández Villaverde,28003,,,
601,Correos,Locker,Privada,Supermarket,Madrid,28003,Carrefour Express,"C. de Cea Bermúdez, 53",40.4394382522202,-3.71483994377236,Correos,Lockers,Private,Supermarket,Madrid,Carrefour Express,"C. de Cea Bermúdez, 53",28003,,,
602,Correos,Lsp Pudos,Pública,Public Facility,Madrid,28003,Madrid Suc 3. Maudes,"Calle Maudes, 39",40.44513553826,-3.69779840944,Correos,LSP PUDOs,Public,Public facility,Madrid,Madrid Suc 3. Maudes,"Calle Maudes, 39",28003,,,
603,Correos,Lsp Pudos,Pública,Public Facility,Madrid,28004,Correos Madrid Sucursal 88,"C. de Mejía Lequerica, 7",40.4266753066191,-3.69821409222747,Correos,LSP PUDOs,Public,Public facility,Madrid,Correos Madrid Sucursal 88,"C. de Mejía Lequerica, 7",28004,,,
604,Correos,Locker,Pública,Public Facility,Madrid,28004,Correos Madrid Sucursal 88,"C. de Mejía Lequerica, 7",40.4266753066191,-3.69821409222747,Correos,Lockers,Public,Public facility,Madrid,Correos Madrid Sucursal 88,"C. de Mejía Lequerica, 7",28004,,,
605,Correos,Lsp Pudos,Pública,Public Facility,Madrid,28004,Madrid Suc 18. Malasaã‘A,"Calle Pizarro, 17",40.42330288685,-3.70580478433,Correos,LSP PUDOs,Public,Public facility,Madrid,Madrid Suc 18. Malasaã‘A,"Calle Pizarro, 17",28004,,,
606,Correos,Lsp Pudos,Pública,Public Facility,Madrid,28005,Correos Madrid Sucursal 5,"Carrera de San Francisco, 13",40.410799234417,-3.71350393818038,Correos,LSP PUDOs,Public,Public facility,Madrid,Correos Madrid Sucursal 5,"Carrera de San Francisco, 13",28005,,,
607,Correos,Locker,Pública,Public Facility,Madrid,28005,Correos Madrid Sucursal 5,"Carrera de San Francisco, 13",40.410799234417,-3.71350393818038,Correos,Lockers,Public,Public facility,Madrid,Correos Madrid Sucursal 5,"Carrera de San Francisco, 13",28005,,,
608,Correos,Locker,Pública,Mall,Madrid,28005,Mercado De La Cebada,"Pl. de la Cebada, S/N",40.4113588228551,-3.70983517833648,Correos,Lockers,Public,Mall,Madrid,Mercado De La Cebada,"Pl. de la Cebada, S/N",28005,,,
609,Correos,Locker,Privada,Supermarket,Madrid,28005,Carrefour Market,"Calle del Gasómetro, s/n",40.402904684473,-3.70736328642603,Correos,Lockers,Private,Supermarket,Madrid,Carrefour Market,"Calle del Gasómetro, s/n",28005,,,
610,Correos,Lsp Pudos,Pública,Public Facility,Madrid,28025,Madrid Suc 4. Carabanchel Bajo,"Calle General Ricardos, 212",40.3850604494,-3.73815563538,Correos,LSP PUDOs,Public,Public facility,Madrid,Madrid Suc 4. Carabanchel Bajo,"Calle General Ricardos, 212",28025,,,
611,Correos,Locker,Privada,Supermarket,Madrid,28006,Carrefour,"C. del Conde de Peñalver, 15",40.4263417230403,-3.67571255607502,Correos,Lockers,Private,Supermarket,Madrid,Carrefour,"C. del Conde de Peñalver, 15",28006,,,
612,Correos,Lsp Pudos,Pública,Public Facility,Madrid,28006,Correos Madrid Sucursal 9,"C. de las Mártires Concepcionistas, 21",40.429357452302,-3.67081239983178,Correos,LSP PUDOs,Public,Public facility,Madrid,Correos Madrid Sucursal 9,"C. de las Mártires Concepcionistas, 21",28006,,,
613,Correos,Lsp Pudos,Pública,Public Facility,Madrid,28006,Correos Madrid Sucursal 53,"C. del Conde de Peñalver, 19 Bis",40.4270002224076,-3.6757209237996,Correos,LSP PUDOs,Public,Public facility,Madrid,Correos Madrid Sucursal 53,"C. del Conde de Peñalver, 19 Bis",28006,,,
614,Correos,Locker,Pública,Public Facility,Madrid,28006,Correos Madrid Sucursal 9,"C. de las Mártires Concepcionistas, 21",40.429357452302,-3.67081239983178,Correos,Lockers,Public,Public facility,Madrid,Correos Madrid Sucursal 9,"C. de las Mártires Concepcionistas, 21",28006,,,
615,Correos,Locker,Pública,Public Facility,Madrid,28006,Correos Madrid Sucursal 53,"C. del Conde de Peñalver, 19 Bis",40.4270002224076,-3.6757209237996,Correos,Lockers,Public,Public facility,Madrid,Correos Madrid Sucursal 53,"C. del Conde de Peñalver, 19 Bis",28006,,,
616,Correos,Locker,Pública,Public Facility,Madrid,28006,Sepi Oficinas Administrativas,"Calle Velázquez, 134",40.4390734502209,-3.68293522597005,Correos,Lockers,Public,Public facility,Madrid,Sepi Oficinas Administrativas ,"Calle Velázquez, 134",28006,,,
617,Correos,Lsp Pudos,Pública,Public Facility,Madrid,28006,Madrid Suc 6. Claudio Coello,"Calle Coello, 100",40.43359505154,-3.68559585063,Correos,LSP PUDOs,Public,Public facility,Madrid,Madrid Suc 6. Claudio Coello,"Calle Coello, 100",28006,,,
618,Correos,Lsp Pudos,Pública,Public Facility,Madrid,28007,Correos Madrid Sucursal 40,"C. de Téllez, 27",40.402198266142,-3.67850625281244,Correos,LSP PUDOs,Public,Public facility,Madrid,Correos Madrid Sucursal 40,"C. de Téllez, 27",28007,,,
619,Correos,Locker,Pública,Public Infrastructure,Madrid,28007,Estación De Madrid Atocha,"Pl. del Emperador Carlos V, s/n",40.4061019904797,-3.69128825527378,Correos,Lockers,Public,Public Infrastructure,Madrid,Estación De Madrid Atocha,"Pl. del Emperador Carlos V, s/n",28007,,,
620,Correos,Locker,Pública,Public Facility,Madrid,28007,Correos Madrid Sucursal 40,"C. de Téllez, 27",40.402198266142,-3.67850625281244,Correos,Lockers,Public,Public facility,Madrid,Correos Madrid Sucursal 40,"C. de Téllez, 27",28007,,,
621,Correos,Locker,Pública,Public Infrastructure,Madrid,28007,Cercanias Atocha,Pl. del Emperador Carlos V,40.40712020775,-3.69320350639,Correos,Lockers,Public,Public Infrastructure,Madrid,Cercanias Atocha,Pl. del Emperador Carlos V,28007,,,
622,Correos,Locker,Privada,Supermarket,Madrid,28007,Bm Supermercados,"C. de Sánchez Barcáiztegui, 10",40.40324282899,-3.67528061384,Correos,Lockers,Private,Supermarket,Madrid,Bm Supermercados,"C. de Sánchez Barcáiztegui, 10",28007,,,
623,Correos,Lsp Pudos,Pública,Public Facility,Madrid,28008,Correos Madrid Sucursal 45,"Av. de Valladolid, 39",40.428543618506,-3.72935629224862,Correos,LSP PUDOs,Public,Public facility,Madrid,Correos Madrid Sucursal 45,"Av. de Valladolid, 39",28008,,,
624,Correos,Locker,Pública,Public Facility,Madrid,28008,Correos Madrid Sucursal 45,"Av. de Valladolid, 39",40.428543618506,-3.72935629224862,Correos,Lockers,Public,Public facility,Madrid,Correos Madrid Sucursal 45,"Av. de Valladolid, 39",28008,,,
625,Correos,Lsp Pudos,Pública,Public Facility,Madrid,28008,Madrid Suc 73. El Corte Inglã‰S Princesa,"Calle de la Princesa, 47",40.43004251757,-3.71591093819,Correos,LSP PUDOs,Public,Public facility,Madrid,Madrid Suc 73. El Corte Inglã‰S Princesa,"Calle de la Princesa, 47",28008,,,
626,Correos,Lsp Pudos,Pública,Public Facility,Madrid,28009,Correos Madrid Sucursal 21,"Calle de Antonio Arias, 2",40.4181096720039,-3.6715078150819,Correos,LSP PUDOs,Public,Public facility,Madrid,Correos Madrid Sucursal 21,"Calle de Antonio Arias, 2",28009,,,
627,Correos,Locker,Pública,Public Facility,Madrid,28009,Correos Madrid Sucursal 21,"Calle de Antonio Arias, 2",40.4181096720039,-3.6715078150819,Correos,Lockers,Public,Public facility,Madrid,Correos Madrid Sucursal 21,"Calle de Antonio Arias, 2",28009,,,
628,Correos,Locker,Privada,Supermarket,Madrid,28010,Carrefour,"Calle de Fuencarral, 158",40.4332824683603,-3.70380334743817,Correos,Lockers,Private,Supermarket,Madrid,Carrefour,"Calle de Fuencarral, 158",28010,,,
629,Correos,Lsp Pudos,Pública,Public Facility,Madrid,28010,Madrid Suc 10. Alburquerque,"AC. de Alburquerque, 2",40.4311494956,-3.70312510343,Correos,LSP PUDOs,Public,Public facility,Madrid,Madrid Suc 10. Alburquerque,"AC. de Alburquerque, 2",28010,,,
630,Correos,Lsp Pudos,Pública,Public Facility,Madrid,28011,Madrid Suc 11. Puerta Del Angel,"TC. de Turismundo, 4",40.41158469993,-3.73521024932,Correos,LSP PUDOs,Public,Public facility,Madrid,Madrid Suc 11. Puerta Del Angel,"TC. de Turismundo, 4",28011,,,
631,Correos,Lsp Pudos,Pública,Public Facility,Madrid,28011,Madrid Suc 56. BatãN,"C. Carlina, 8",40.4044910263,-3.75155485942,Correos,LSP PUDOs,Public,Public facility,Madrid,Madrid Suc 56. BatãN,"C. Carlina, 8",28011,,,
632,Correos,Locker,Pública,Mall,Madrid,28011,Mercado Alto Extremadura,"P.o de los Jesuitas, 44",40.40794649521,-3.7350322514,Correos,Lockers,Public,Mall,Madrid,Mercado Alto Extremadura,"P.º de los Jesuitas, 44",28011,,,
633,Correos,Locker,Pública,Mall,Madrid,28011,Mercado Tirso De Molina,"Calle de Doña Urraca, 15",40.41296671192,-3.72606658811,Correos,Lockers,Public,Mall,Madrid,Mercado Tirso De Molina,"Calle de Doña Urraca, 15",28011,,,
634,Correos,Lsp Pudos,Pública,Public Facility,Madrid,28011,Correos Madrid Suc 56. BatãN,"C. Carlina, 10",40.40448978871,-3.75121248125,Correos,LSP PUDOs,Public,Public facility,Madrid,Correos Madrid Suc 56. BatãN,"C. Carlina, 10",28011,,,
635,Correos,Lsp Pudos,Pública,Public Facility,Madrid,28012,Correos Madrid Sucursal 7,"C. de Palos de la Frontera, 10",40.4027951422663,-3.69981100574457,Correos,LSP PUDOs,Public,Public facility,Madrid,Correos Madrid Sucursal 7,"C. de Palos de la Frontera, 10",28012,,,
636,Correos,Locker,Pública,Public Facility,Madrid,28012,Correos Madrid Sucursal 7,"C. de Palos de la Frontera, 10",40.4027951422663,-3.69981100574457,Correos,Lockers,Public,Public facility,Madrid,Correos Madrid Sucursal 7,"C. de Palos de la Frontera, 10",28012,,,
637,Correos,Locker,Privada,Supermarket,Madrid,28012,Carrefour,"C. de Valencia, 2",40.4084188322866,-3.70097090933854,Correos,Lockers,Private,Supermarket,Madrid,Carrefour,"C. de Valencia, 2",28012,,,
638,Correos,Locker,Pública,Mall,Madrid,28012,Mercado Anton Martin,C. de Sta. Isabel,40.41140635361,-3.69880013599,Correos,Lockers,Public,Mall,Madrid,Mercado Anton Martin,C. de Sta. Isabel,28012,,,
639,Correos,Lsp Pudos,Privada,Supermarket,Madrid,28012,Carrefour,"C. de Valencia, 2",40.40823065667,-3.70083944117,Correos,LSP PUDOs,Private,Supermarket,Madrid,Carrefour,"C. de Valencia, 2",28012,,,
640,Correos,Lsp Pudos,Pública,Public Facility,Madrid,28013,Madrid Suc 86. Corte Ingles Callao,"Pl. del Callao, 2",40.41943998081,-3.70569069845,Correos,LSP PUDOs,Public,Public facility,Madrid,Madrid Suc 86. Corte Ingles Callao,"Pl. del Callao, 2",28013,,,
641,Correos,Lsp Pudos,Pública,Public Facility,Madrid,28014,Correos Madrid Sucursal Op,"P.o del Prado, 1",40.4187968750572,-3.69253398014511,Correos,LSP PUDOs,Public,Public facility,Madrid,Correos Madrid Sucursal Op,"P.º del Prado, 1",28014,,,
642,Correos,Locker,Pública,Public Facility,Madrid,28014,Correos Madrid Sucursal Op,"P.o del Prado, 1",40.4187968750572,-3.69253398014511,Correos,Lockers,Public,Public facility,Madrid,Correos Madrid Sucursal Op,"P.º del Prado, 1",28014,,,
643,Correos,Locker,Pública,Mall,Madrid,28015,Mercado Mostenses,Pl. de los Mostenses,40.4232688289448,-3.70880681093676,Correos,Lockers,Public,Mall,Madrid,Mercado Mostenses,Pl. de los Mostenses,28015,,,
644,Correos,Locker,Privada,Gym,Madrid,28015,Gimnasio Gym Smart Club,"C. de Fernández de los Ríos, 59",40.4353949324689,-3.71250585125458,Correos,Lockers,Private,Gym,Madrid,Gimnasio Gym Smart Club,"C. de Fernández de los Ríos, 59",28015,,,
645,Correos,Locker,Privada,Premises,Madrid,28015,Copisteria Centro Gran Via,"Pl. de los Mostenses, 13",40.4235960410032,-3.70864849036433,Correos,Lockers,Private,Premises,Madrid,Copisteria Centro Gran Via,"Pl. de los Mostenses, 13",28015,,,
646,Correos,Locker,Privada,Supermarket,Madrid,28015,Carrefour Express,"C. de Andrés Mellado, 9",40.4317092740903,-3.71487168911276,Correos,Lockers,Private,Supermarket,Madrid,Carrefour Express,"C. de Andrés Mellado, 9",28015,,,
647,Correos,Lsp Pudos,Pública,Public Facility,Madrid,28016,Correos Madrid Sucursal 19,"C. de Chile, 4",40.4556584163573,-3.67593306490581,Correos,LSP PUDOs,Public,Public facility,Madrid,Correos Madrid Sucursal 19,"C. de Chile, 4",28016,,,
648,Correos,Locker,Pública,Public Facility,Madrid,28016,Correos Madrid Sucursal 19,"C. de Chile, 4",40.4556584163573,-3.67593306490581,Correos,Lockers,Public,Public facility,Madrid,Correos Madrid Sucursal 19,"C. de Chile, 4",28016,,,
649,Correos,Locker,Pública,Mall,Madrid,28016,Mercado Chamartin,"C. de Bolivia, 9",40.4579877510227,-3.67838741263278,Correos,Lockers,Public,Mall,Madrid,Mercado Chamartin,"C. de Bolivia, 9",28016,,,
650,Correos,Locker,Privada,Supermarket,Madrid,28016,Alcampo,"Av. de Pío XII, 2",40.4611039631246,-3.67616281507068,Correos,Lockers,Private,Supermarket,Madrid,Alcampo,"Av. de Pío XII, 2",28016,,,
651,Correos,Lsp Pudos,Pública,Public Facility,Madrid,28017,Madrid Suc 37. La Elipa,"Av. del Marqués de Corbera, 27",40.42437428926,-3.65394051592,Correos,LSP PUDOs,Public,Public facility,Madrid,Madrid Suc 37. La Elipa,"Av. del Marqués de Corbera, 27",28017,,,
652,Correos,Lsp Pudos,Pública,Public Facility,Madrid,28017,Correos Madrid Suc 37. La Elipa,"Av. del Marqués de Corbera, 27",40.42432104572,-3.65404765601,Correos,LSP PUDOs,Public,Public facility,Madrid,Correos Madrid Suc 37. La Elipa,"Av. del Marqués de Corbera, 27",28017,,,
653,Correos,Lsp Pudos,Pública,Public Facility,Madrid,28019,Madrid Suc 15. Marquã‰S De Vadillo,"C. de Jacinto Verdaguer, 4",40.39621459896,-3.71419299573,Correos,LSP PUDOs,Public,Public facility,Madrid,Madrid Suc 15. Marquã‰S De Vadillo,"C. de Jacinto Verdaguer, 4",28019,,,
654,Correos,Lsp Pudos,Pública,Public Facility,Madrid,28019,Correos Madrid Suc 15. Marquã‰S De Vadillo,"C. de Jacinto Verdaguer, 4",40.39628485285,-3.71416852661,Correos,LSP PUDOs,Public,Public facility,Madrid,Correos Madrid Suc 15. Marquã‰S De Vadillo,"C. de Jacinto Verdaguer, 4",28019,,,
655,Correos,Locker,Pública,Mall,Madrid,28020,Mercado San Enrique,"C. de San Enrique, 16",40.4559988689327,-3.70052972022105,Correos,Lockers,Public,Mall,Madrid,Mercado San Enrique,"C. de San Enrique, 16",28020,,,
656,Correos,Lsp Pudos,Pública,Public Facility,Madrid,28020,Correos Madrid Sucursal 36,"C. de Orense, 55",40.4566944339827,-3.69479574504415,Correos,LSP PUDOs,Public,Public facility,Madrid,Correos Madrid Sucursal 36,"C. de Orense, 55",28020,,,
657,Correos,Locker,Pública,Public Facility,Madrid,28020,Correos Madrid Sucursal 36,"C. de Orense, 55",40.4566944339827,-3.69479574504415,Correos,Lockers,Public,Public facility,Madrid,Correos Madrid Sucursal 36,"C. de Orense, 55",28020,,,
658,Correos,Locker,Privada,Supermarket,Madrid,28020,Carrefour,"C. de Orense, 48",40.4575123317163,-3.69432025343271,Correos,Lockers,Private,Supermarket,Madrid,Carrefour,"C. de Orense, 48",28020,,,
659,Correos,Locker,Pública,Public Facility,Madrid,28020,Correos Madrid Sucursal 36,"C. de Orense, 55",40.4563381135075,-3.69477442047024,Correos,Lockers,Public,Public facility,Madrid,Correos Madrid Sucursal 36,"C. de Orense, 55",28020,,,
660,Correos,Lsp Pudos,Pública,Public Facility,Madrid,28020,Correos Madrid Sucursal 36,"C. de Orense, 55",40.4563381135075,-3.69477442047024,Correos,LSP PUDOs,Public,Public facility,Madrid,Correos Madrid Sucursal 36,"C. de Orense, 55",28020,,,
661,Correos,Lsp Pudos,Pública,Public Facility,Madrid,28020,Madrid Suc 36. Orense,Julian Besteiro S/n Esquina San Germán,40.45621770234,-3.69515530271,Correos,LSP PUDOs,Public,Public facility,Madrid,Madrid Suc 36. Orense,Julian Besteiro S/n Esquina San Germán,28020,,,
662,Correos,Locker,Privada,Supermarket,Madrid,28020,Carrefour Market,"Gta. de Cuatro Caminos, 4",404.47219706,-3.70380064413,Correos,Lockers,Private,Supermarket,Madrid,Carrefour Market,"Gta. de Cuatro Caminos, 4",28020,,,
663,Correos,Lsp Pudos,Pública,Public Facility,Madrid,28021,Madrid Suc 30. Villaverde Alto,"AV REAL DE PINTO, C. Pedro Jiménez, 66",40.34340695464,-3.70724765157,Correos,LSP PUDOs,Public,Public facility,Madrid,Madrid Suc 30. Villaverde Alto,"AV REAL DE PINTO, C. Pedro Jiménez, 66",28021,,,
664,Correos,Lsp Pudos,Pública,Public Facility,Madrid,28021,Correos Madrid Suc 30. Villaverde Alto,"AV REAL DE PINTO, C. Pedro Jiménez, 66",40.34328435918,-3.70728170874,Correos,LSP PUDOs,public,Public facility,Madrid,Correos Madrid Suc 30. Villaverde Alto,"AV REAL DE PINTO, C. Pedro Jiménez, 66 ",28021,,,
665,Correos,Locker,Privada,Premises,Madrid,28021,Itv Itevelesa Villaverde,"Calle de S. Dalmacio, 13",40.34341057046,-3.69467175637,Correos,Lockers,Private,Premises,Madrid,Itv Itevelesa Villaverde,"Calle de S. Dalmacio, 13",28021,,,
666,Correos,Lsp Pudos,Pública,Public Facility,Madrid,28022,Madrid Suc 24. Canillejas,"Pl. del Párroco Luis Calleja, 12",40.44477576231,-3.6117100006,Correos,LSP PUDOs,Public,Public facility,Madrid,Madrid Suc 24. Canillejas,"Pl. del Párroco Luis Calleja, 12",28022,,,
667,Correos,Lsp Pudos,Pública,Public Facility,Madrid,28022,Madrid Suc 26. Las Musas,"C. de Longares, 30",40.42938851415,-3.60939748193,Correos,LSP PUDOs,Public,Public facility,Madrid,Madrid Suc 26. Las Musas,"C. de Longares, 30",28022,,,
668,Correos,Lsp Pudos,Pública,Public Facility,Madrid,28022,Correos Madrid Suc 26. Las Musas,"C. de Longares, 30",40.429418757,-3.60941473328,Correos,LSP PUDOs,public,Public facility,Madrid,Correos Madrid Suc 26. Las Musas,"C. de Longares, 30",28022,,,
669,Correos,Locker,Pública,Premises,Madrid,28022,Parque Empresarial Las Mercedes Centro De Trabajo,"Av. de Aragón, 330",40.44806246197,-3.57951352502,Correos,Lockers,public,Premises,Madrid,Parque Empresarial Las Mercedes Centro De Trabajo,"Av. de Aragón, 330",28022,,,
670,Correos,Lsp Pudos,Pública,Public Facility,Madrid,28023,Madrid Suc 33. Aravaca,"C. de Caroli, 10",40.45855704056,-3.78469588867,Correos,LSP PUDOs,public,Public facility,Madrid,Madrid Suc 33. Aravaca,"C. de Caroli, 10",28023,,,
671,Correos,Lsp Pudos,Pública,Mall,Madrid,28023,Cc Sexta Avenida,"Av. de la Victoria, 2",40.46774020379,-3.81503369601,Correos,LSP PUDOs,Public,Mall,Madrid,Cc Sexta Avenida,"Av. de la Victoria, 2",28023,,,
672,Correos,Locker,Pública,Public Facility,Madrid,28023,Correos Madrid Suc 33. Aravaca,"C. de Caroli, 10",40.45819490402,-3.78451126942,Correos,Lockers,Public,Public facility,Madrid,Correos Madrid Suc 33. Aravaca,"C. de Caroli, 10",28023,,,
673,Correos,Lsp Pudos,Pública,Public Facility,Madrid,28024,Madrid Suc 50. Campamento,"Av. del Padre Piquer, 13",40.39397920038,-3.76790959991,Correos,LSP PUDOs,Public,Public facility,Madrid,Madrid Suc 50. Campamento,"Av. del Padre Piquer, 13",28024,,,
674,Correos,Lsp Pudos,Pública,Public Facility,Madrid,28024,Correos Madrid Suc 50. Campamento,"Av. del Padre Piquer, 13",40.39405156624,-3.767704287,Correos,LSP PUDOs,public,Public facility,Madrid,Correos Madrid Suc 50. Campamento,"Av. del Padre Piquer, 13",28024,,,
675,Correos,Lsp Pudos,Pública,Mall,Madrid,28024,Cc Lanceros,"P.o de los Lanceros, 2",40.37902575345,-3.79299749388,Correos,LSP PUDOs,Public,Mall,Madrid,Cc Lanceros,"P.º de los Lanceros, 2",28024,,,
676,Correos,Locker,Pública,Public Facility,Madrid,28025,Madrid Suc 93. Vista Alegre,"C. Hermanas Alonso Barceló, 7",40.38756147071,-3.7395805809,Correos,Lockers,public,Public facility,Madrid,Madrid Suc 93. Vista Alegre,"C. Hermanas Alonso Barceló, 7",28025,,,
677,Correos,Locker,Privada,Supermarket,Madrid,28025,Carrefour,"C. de la Laguna, 115",40.38888081281,-3.74190142964,Correos,Lockers,Private,Supermarket,Madrid,Carrefour,"C. de la Laguna, 115",28025,,,
678,Correos,Lsp Pudos,Pública,Public Facility,Madrid,28025,Correos Madrid Suc 93. Vista Alegre,"C. Hermanas Alonso Barceló, 7",40.38752995363,-3.73967460866,Correos,LSP PUDOs,Public,Public facility,Madrid,Correos Madrid Suc 93. Vista Alegre,"C. Hermanas Alonso Barceló, 7",28025,,,
679,Correos,Lsp Pudos,Pública,Public Facility,Madrid,28026,Madrid Suc 34. Plaza ElãPtica,"C. de San Magín, 5",40.38419540102,-3.71579699885,Correos,LSP PUDOs,public,Public facility,Madrid,Madrid Suc 34. Plaza ElãPtica,"C. de San Magín, 5",28026,,,
680,Correos,Locker,Pública,Mall,Madrid,28026,Cc Los Arrayanes,"C. Francisco Ruiz, 9",40.38217158455,-3.70361984656,Correos,Lockers,public,Mall,Madrid,Cc Los Arrayanes,"C. Francisco Ruiz, 9",28026,,,
681,Correos,Locker,Pública,Mall,Madrid,28026,Mercado Jesus Del Gran Poder,"C. de Jesús del Gran Poder, 42",40.38639336211,-3.70110002314,Correos,Lockers,Public,Mall,Madrid,Mercado Jesus Del Gran Poder,"C. de Jesús del Gran Poder, 42",28026,,,
682,Correos,Lsp Pudos,Pública,Public Facility,Madrid,28026,Correos Madrid Suc 34. Plaza ElãPtica,"C. de San Magín, 5",40.38442529101,-3.71577041095,Correos,LSP PUDOs,Public,Public facility,Madrid,Correos Madrid Suc 34. Plaza ElãPtica,"C. de San Magín, 5",28026,,,
683,Correos,Locker,Pública,Mall,Madrid,28027,Galeria Comercial Virgen Del Val,"C. de Virgen del Val, 7",40.43827613658,-3.65363939749,Correos,Lockers,public,Mall,Madrid,Galeria Comercial Virgen Del Val,"C. de Virgen del Val, 7",28027,,,
684,Correos,Lsp Pudos,Pública,Public Facility,Madrid,28027,Madrid Suc 20. El Carmen,"Calle Alcalde López Casero, 3",40.4326520547,-3.65555632816,Correos,LSP PUDOs,public,Public facility,Madrid,Madrid Suc 20. El Carmen,"Calle Alcalde López Casero, 3",28027,,,
685,Correos,Lsp Pudos,Pública,Public Facility,Madrid,28027,Correos Madrid Suc 20. El Carmen,"Calle Alcalde López Casero, 3",40.43264391722,-3.6555814283,Correos,LSP PUDOs,public,Public facility,Madrid,Correos Madrid Suc 20. El Carmen,"Calle Alcalde López Casero, 3",28027,,,
686,Correos,Locker,Privada,Supermarket,Madrid,28028,Carrefour,"Calle de Brescia, 19",40.4371078733038,-3.66208548471044,Correos,Lockers,Private,Supermarket,Madrid,Carrefour,"Calle de Brescia, 19",28028,,,
687,Correos,Lsp Pudos,Pública,Public Facility,Madrid,28029,Correos Madrid Sucursal 44,"C. del Padre Rubio, 43",40.4711920666679,-3.69381821636038,Correos,LSP PUDOs,Public,Public facility,Madrid,Correos Madrid Sucursal 44,"C. del Padre Rubio, 43",28029,,,
688,Correos,Locker,Pública,Public Infrastructure,Madrid,28029,Hospital Carlos Iii,"C. de Sinesio Delgado, 10",40.4649107945917,-3.71935625156345,Correos,Lockers,Public,Public Infrastructure,Madrid,Hospital Carlos Iii,"C. de Sinesio Delgado, 10",28029,,,
689,Correos,Locker,Privada,Supermarket,Madrid,28029,Carrefour Market,"C. de Sinesio Delgado, 56",40.4719861841506,-3.70968131180516,Correos,Lockers,Private,Supermarket,Madrid,Carrefour Market,"C. de Sinesio Delgado, 56",28029,,,
690,Correos,Locker,Pública,Public Facility,Madrid,28029,Correos Madrid Sucursal 44,"C. del Padre Rubio, 43",40.4711920666679,-3.69381821636038,Correos,Lockers,Public,Public facility,Madrid,Correos Madrid Sucursal 44,"C. del Padre Rubio, 43",28029,,,
691,Correos,Lsp Pudos,Pública,Public Facility,Madrid,28030,Madrid Suc 39. Moratalaz,"C. del Arroyo de la Media Legua, 56",40.41036170021,-3.65582649981,Correos,LSP PUDOs,Public,Public facility,Madrid,Madrid Suc 39. Moratalaz,"C. del Arroyo de la Media Legua, 56",28030,,,
692,Correos,Lsp Pudos,Pública,Public Facility,Madrid,28030,Correos Madrid Suc 39. Moratalaz,"C. del Arroyo de la Media Legua, 56",40.41050400704,-3.65558644688,Correos,LSP PUDOs,Public,Public facility,Madrid,Correos Madrid Suc 39. Moratalaz,"C. del Arroyo de la Media Legua, 56",28030,,,
693,Correos,Locker,Pública,Supermarket,Madrid,28030,Supermercado La Despensa,"C. de Valdebernardo, 10",40.40155978258,-3.63109390252,Correos,Lockers,Public,Supermarket,Madrid,Supermercado La Despensa,"C. de Valdebernardo, 10",28030,,,
694,Correos,Locker,Pública,Mall,Madrid,28030,Mercado Moratalaz,"C. de la Cañada, 17",40.40501095116,-3.64537066926,Correos,Lockers,Public,Mall,Madrid,Mercado Moratalaz,"C. de la Cañada, 17",28030,,,
695,Correos,Lsp Pudos,Pública,Public Facility,Madrid,28031,Madrid Suc 38. Villa De Vallecas,"C. de Sierra Gádor, 50",40.38050140033,-3.62366479932,Correos,LSP PUDOs,Public,Public facility,Madrid,Madrid Suc 38. Villa De Vallecas,"C. de Sierra Gádor, 50",28031,,,
696,Correos,Lsp Pudos,Pública,Public Facility,Madrid,28031,Correos Madrid Suc 38. Villa De Vallecas,"C. de Sierra Gádor, 50",40.38049083028,-3.62362955177,Correos,LSP PUDOs,Public,Public facility,Madrid,Correos Madrid Suc 38. Villa De Vallecas,"C. de Sierra Gádor, 50",28031,,,
697,Correos,Lsp Pudos,Pública,Public Facility,Madrid,28031,Correos Madrid Suc 61. Ccp ChamartãN,"Cam. de las Hormigueras, 169",40.37704005436,-3.6338438974,Correos,LSP PUDOs,Public,Public facility,Madrid,Correos Madrid Suc 61. Ccp ChamartãN,"Cam. de las Hormigueras, 169",28031,,,
698,Correos,Lsp Pudos,Pública,Public Facility,Madrid,28032,Madrid Suc 49. VicãLvaro,"C/ de la Condesa de la Vega del Pozo, 29",40.40312840092,-3.6060050998,Correos,LSP PUDOs,Public,Public facility,Madrid,Madrid Suc 49. VicãLvaro,"C/ de la Condesa de la Vega del Pozo, 29",28032,,,
699,Correos,Lsp Pudos,Pública,Public Facility,Madrid,28032,Madrid Suc 78. Cc Valdebernardo,"Blvr. de José Prat, 35",40.39683980457,-3.6183240946,Correos,LSP PUDOs,Public,Public facility,Madrid,Madrid Suc 78. Cc Valdebernardo,"Blvr. de José Prat, 35",28032,,,
700,Correos,Lsp Pudos,Pública,Public Facility,Madrid,28032,Correos Madrid Suc 49. VicãLvaro,"C/ de la Condesa de la Vega del Pozo, 29",40.40322980159,-3.606074043,Correos,LSP PUDOs,Public,Public facility,Madrid,Correos Madrid Suc 49. VicãLvaro,"C/ de la Condesa de la Vega del Pozo, 29",28032,,,
701,Correos,Lsp Pudos,Pública,Public Facility,Madrid,28033,Madrid Suc 47. Hortaleza,"C. del Mar Caspio, 10",40.47320425136,-3.6434216477,Correos,LSP PUDOs,Public,Public facility,Madrid,Madrid Suc 47. Hortaleza,"C. del Mar Caspio, 10",28033,,,
702,Correos,Locker,Privada,Supermarket,Madrid,28033,Bm Supermercados,"C. de Caleruega, 90",40.48288786655,-3.66930749454,Correos,Lockers,Private,Supermarket,Madrid,Bm Supermercados,"C. de Caleruega, 90",28033,,,
703,Correos,Lsp Pudos,Pública,Public Facility,Madrid,28033,Correos Madrid Suc 47. Hortaleza,"C. del Mar Caspio, 10",40.47321387825,-3.64350747496,Correos,LSP PUDOs,Public,Public facility,Madrid,Correos Madrid Suc 47. Hortaleza,"C. del Mar Caspio, 10",28033,,,
704,Correos,Lsp Pudos,Pública,Public Facility,Madrid,28034,Madrid Suc 31. Fuencarral Pueblo,"C. de las Islas Palaos, 30",40.49762634932,-3.68642178646,Correos,LSP PUDOs,Public,Public facility,Madrid,Madrid Suc 31. Fuencarral Pueblo,"C. de las Islas Palaos, 30",28034,,,
705,Correos,Lsp Pudos,Pública,Public Facility,Madrid,28034,Madrid Suc 51. Begoã‘A,"VIRGEN DE ARANZAZU, 31",40.48703262027,-3.689510747,Correos,LSP PUDOs,Public,Public facility,Madrid,Madrid Suc 51. Begoã‘A,"VIRGEN DE ARANZAZU, 31",28034,,,
706,Correos,Lsp Pudos,Pública,Public Facility,Madrid,28034,Correos Madrid Suc 51. Begoã‘A,"Calle de la Virgen de Aránzazu, 31",40.48714827886,-3.689598424,Correos,LSP PUDOs,Public,Public facility,Madrid,Correos Madrid Suc 51. Begoã‘A,"Calle de la Virgen de Aránzazu, 31",28034,,,
707,Correos,Locker,Privada,Parking,Madrid,28034,Parking Zity Oficinas,"C. de Francisco Sancha, 42",40.488415205,-3.69294741104,Correos,Lockers,Private,Parking,Madrid,Parking Zity Oficinas,"C. de Francisco Sancha, 42",28034,,,
708,Correos,Lsp Pudos,Pública,Public Facility,Madrid,28035,Madrid Suc 54. Herrera Oria,"Av del Cardenal Herrera Oria, 241",40.48122720877,-3.72009395178,Correos,LSP PUDOs,Public,Public facility,Madrid,Madrid Suc 54. Herrera Oria,"Av del Cardenal Herrera Oria, 241",28035,,,
709,Correos,Lsp Pudos,Pública,Public Facility,Madrid,28037,Madrid Suc 35. Ciudad Lineal,"C. de los Hermanos García Noblejas, 30",40.42356460142,-3.62499597186,Correos,LSP PUDOs,Public,Public facility,Madrid,Madrid Suc 35. Ciudad Lineal,"C. de los Hermanos García Noblejas, 30",28037,,,
710,Correos,Locker,Privada,Service Station,Madrid,28037,Galp,"Av. de Arcentales, 7",40.42643367181,-3.62588312246,Correos,Lockers,Private,Service Station,Madrid,Galp,"Av. de Arcentales, 7",28037,,,
711,Correos,Lsp Pudos,Pública,Public Facility,Madrid,28037,Correos Madrid Suc 35. Ciudad Lineal,"C. de los Hermanos García Noblejas, 30",40.43453212517,-3.63577940103,Correos,LSP PUDOs,Public,Public facility,Madrid,Correos Madrid Suc 35. Ciudad Lineal,"C. de los Hermanos García Noblejas, 30",28037,,,
712,Correos,Lsp Pudos,Pública,Public Facility,Madrid,28038,Madrid Suc 52. Puente De Vallecas,"C. del Monte Oliveti, 29",40.39748650893,-3.665962798,Correos,LSP PUDOs,Public,Public facility,Madrid,Madrid Suc 52. Puente De Vallecas,"C. del Monte Oliveti, 29",28038,,,
713,Correos,Lsp Pudos,Pública,Public Facility,Madrid,28038,Madrid Suc 72. Alto Del Arenal,"C. de Santiago Alió, 10A",40.38821012551,-3.64619973512,Correos,LSP PUDOs,Public,Public facility,Madrid,Madrid Suc 72. Alto Del Arenal,"C. de Santiago Alió, 10A",28038,,,
714,Correos,Locker,Pública,Mall,Madrid,28038,Mercado Doã‘A Carlota,"Calle del Dr. Lozano, 16",40.4032557,-3.661248,Correos,Lockers,Public,Mall,Madrid,Mercado Doã‘A Carlota,"Calle del Dr. Lozano, 16",28038,,,
715,Correos,Locker,Pública,Mall,Madrid,28038,Mercado Numancia,"C. de Josefa Díaz, 4",40.39319605024,-3.65839322454,Correos,Lockers,Public,Mall,Madrid,Mercado Numancia,"C. de Josefa Díaz, 4",28038,,,
716,Correos,Lsp Pudos,Pública,Public Facility,Madrid,28038,Correos Madrid Suc 72. Alto Del Arenal,"C. de Santiago Alió, 10A",40.38862954096,-3.64585295541,Correos,LSP PUDOs,Public,Public facility,Madrid,Correos Madrid Suc 72. Alto Del Arenal,"C. de Santiago Alió, 10A",28038,,,
717,Correos,Locker,Privada,Supermarket,Madrid,28038,Cash Ecofamilia,"C. de Antonio Mairena, 2-6",40.39037790772,-3.64170469878,Correos,Lockers,Private,Supermarket,Madrid,Cash Ecofamilia,"C. de Antonio Mairena, 2-6",28038,,,
718,Correos,Locker,Privada,Supermarket,Madrid,28038,Carrefour,"Av. de la Albufera, 9",40.39772528198,-3.66793641105,Correos,Lockers,Private,Supermarket,Madrid,Carrefour,"Av. de la Albufera, 9",28038,,,
719,Correos,Locker,Privada,Supermarket,Madrid,28038,Alcampo,C. Monleón S/N,40.39254782866,-3.65470780489,Correos,Lockers,Private,Supermarket,Madrid,Alcampo,C. Monleón S/N,28038,,,
720,Correos,Lsp Pudos,Pública,Public Facility,Madrid,28038,Correos Madrid Suc 52. Puente De Vallecas,"C. del Monte Oliveti, 29",40.3977370993,-3.66641277687,Correos,LSP PUDOs,Public,Public facility,Madrid,Correos Madrid Suc 52. Puente De Vallecas,"C. del Monte Oliveti, 29",28038,,,
721,Correos,Lsp Pudos,Pública,Public Facility,Madrid,28039,Correos Madrid Sucursal 25,"C. de Mariano Fernández, 1",40.4561181613613,-3.70300825280867,Correos,LSP PUDOs,Public,Public facility,Madrid,Correos Madrid Sucursal 25,"C. de Mariano Fernández, 1",28039,,,
722,Correos,Locker,Pública,Public Facility,Madrid,28039,Correos Madrid Sucursal 25,"C. de Mariano Fernández, 1",40.4561181613613,-3.70300825280867,Correos,Lockers,Public,Public facility,Madrid,Correos Madrid Sucursal 25,"C. de Mariano Fernández, 1",28039,,,
723,Correos,Locker,Pública,Public Facility,Madrid,28040,Correos Madrid Sucursal 60,"C. del Arquitecto López Otero, 3",40.4432926471331,-3.72880465156407,Correos,Lockers,Public,Public facility,Madrid,Correos Madrid Sucursal 60,"C. del Arquitecto López Otero, 3",28040,,,
724,Correos,Lsp Pudos,Pública,Public Facility,Madrid,28040,Correos Madrid Sucursal 60,"C. del Arquitecto López Otero, 3",40.4432926471331,-3.72880465156407,Correos,LSP PUDOs,Public,Public facility,Madrid,Correos Madrid Sucursal 60,"C. del Arquitecto López Otero, 3",28040,,,
725,Correos,Locker,Pública,Public Infrastructure,Madrid,28040,University Cunef,"C. de Leonardo Prieto Castro, 2",40.4518128366676,-3.71954141442616,Correos,Lockers,Public,Public Infrastructure,Madrid,University Cunef,"C. de Leonardo Prieto Castro, 2",28040,,,
726,Correos,Lsp Pudos,Pública,Public Facility,Madrid,28041,Madrid Suc 41. Villaverde Bajo,"C. de Sáhara, 42,44",40.35477435,-3.692409949,Correos,LSP PUDOs,Public,Public facility,Madrid,Madrid Suc 41. Villaverde Bajo,"C. de Sáhara, 42,44",28041,,,
727,Correos,Lsp Pudos,Pública,Public Facility,Madrid,28041,Madrid Suc 57. Orcasitas,"Pl. Movimiento Ciudadano, 1",40.37061246306,-3.70805657159,Correos,LSP PUDOs,Public,Public facility,Madrid,Madrid Suc 57. Orcasitas,"Pl. Movimiento Ciudadano, 1",28041,,,
728,Correos,Lsp Pudos,Pública,Public Facility,Madrid,28041,Madrid Suc 77. San Fermin,"C/ de Eduardo Barreiros, 3, 5",40.37347012314,-3.69565927034,Correos,LSP PUDOs,Public,Public facility,Madrid,Madrid Suc 77. San Fermin,"C/ de Eduardo Barreiros, 3, 5",28041,,,
729,Correos,Locker,Pública,Mall,Madrid,28041,Galeria Comercial Los Angeles,"C. Pan y Toros, 27",40.35867117128,-3.69412710912,Correos,Lockers,Public,Mall,Madrid,Galeria Comercial Los Angeles,"C. Pan y Toros, 27",28041,,,
730,Correos,Locker,Pública,Mall,Madrid,28041,Mercado De Orcasitas,"C. Villabona, 2",40.36875904906,-3.71512932408,Correos,Lockers,Public,Mall,Madrid,Mercado De Orcasitas,"C. Villabona, 2",28041,,,
731,Correos,Locker,Pública,Public Infrastructure,Madrid,28041,Asociacion Proyecto San Fermin,"Av. de los Fueros, 36",40.37031886716,-3.68860792907,Correos,Lockers,Public,Public Infrastructure,Madrid,Asociacion Proyecto San Fermin,"Av. de los Fueros, 36",28041,,,
732,Correos,Lsp Pudos,Pública,Public Facility,Madrid,28041,Correos Madrid Suc 41. Villaverde Bajo,"C. de Sáhara, 42,44",40.35398356761,-3.69268879921,Correos,LSP PUDOs,Public,Public facility,Madrid,Correos Madrid Suc 41. Villaverde Bajo,"C. de Sáhara, 42,44",28041,,,
733,Correos,Lsp Pudos,Pública,Public Facility,Madrid,28042,Madrid Suc 59. Barajas Pueblo,"C. Alanís, 1",40.47131374725,-3.58314110267,Correos,LSP PUDOs,Public,Public facility,Madrid,Madrid Suc 59. Barajas Pueblo,"C. Alanís, 1",28042,,,
734,Correos,Lsp Pudos,Pública,Public Facility,Madrid,28042,Madrid Suc 62. Alameda De Osuna,"C. de La Rioja, 11",40.45743888468,-3.58846179525,Correos,LSP PUDOs,Public,Public facility,Madrid,Madrid Suc 62. Alameda De Osuna,"C. de La Rioja, 11",28042,,,
735,Correos,Lsp Pudos,Pública,Public Facility,Madrid,28042,Madrid Suc 14. Hipercor Campo De Las Naciones,"Av. de los Andes, 50",40.45675591373,-3.61824709156,Correos,LSP PUDOs,Public,Public facility,Madrid,Madrid Suc 14. Hipercor Campo De Las Naciones,"Av. de los Andes, 50",28042,,,
736,Correos,Locker,Privada,Premises,Madrid,28042,Bluespace,"C. Trespaderne, 25",40.45386814027,-3.58300968714,Correos,Lockers,Private,Premises,Madrid,Bluespace,"C. Trespaderne, 25",28042,,,
737,Correos,Lsp Pudos,Pública,Public Facility,Madrid,28043,Madrid Suc 29. Arturo Soria,"C. de Arturo Soria, 189",40.45838492113,-3.65930583777,Correos,LSP PUDOs,Public,Public facility,Madrid,Madrid Suc 29. Arturo Soria,"C. de Arturo Soria, 189",28043,,,
738,Correos,Locker,Pública,Public Facility,Madrid,28043,Madrid Suc 99,"C. de Pegaso, 24",40.46466044176,-3.6494262068,Correos,Lockers,Public,Public facility,Madrid,Madrid Suc 99,"C. de Pegaso, 24",28043,,,
739,Correos,Lsp Pudos,Pública,Public Facility,Madrid,28044,Madrid Suc 43. Las ÃGuilas,"C. del Sanguiño, 6-8",40.38181595324,-3.76489855085,Correos,LSP PUDOs,Public,Public facility,Madrid,Madrid Suc 43. Las ÃGuilas,"C. del Sanguiño, 6-8",28044,,,
740,Correos,Lsp Pudos,Pública,Public Facility,Madrid,28044,Correos Madrid Suc 43. Las ÃGuilas,"C. del Sanguiño, 6-8",40.3821979775,-3.76420981168,Correos,LSP PUDOs,Public,Public facility,Madrid,Correos Madrid Suc 43. Las ÃGuilas,"C. del Sanguiño, 6-8",28044,,,
741,Correos,Locker,Privada,Supermarket,Madrid,28045,Bm Supermercados,"C. de Rafael de Riego, 14",40.4050369190266,-3.69224506372505,Correos,Lockers,Private,Supermarket,Madrid,Bm Supermercados,"C. de Rafael de Riego, 14",28045,,,
742,Correos,Locker,Pública,Mall,Madrid,28045,Mercado Santa Maria Cabeza,"P.o de Sta. María de la Cabeza, 41",40.4030942447695,-3.69717395157044,Correos,Lockers,Public,Mall,Madrid,Mercado Santa Maria Cabeza,"P.º de Sta. María de la Cabeza, 41",28045,,,
743,Correos,Locker,Pública,Public Infrastructure,Madrid,28045,Estación De Autobuses Madrid Sur,"C. de Méndez Álvaro, 28045 Madrid",40.4022309468573,-3.67850625156803,Correos,Lockers,Public,Public Infrastructure,Madrid,Estación De Autobuses Madrid Sur,"C. de Méndez Álvaro, 28045 Madrid",28045,,,
744,Correos,Lsp Pudos,Pública,Public Facility,Madrid,28045,Madrid Suc 17. Legazpi,"C. de Tomás Borrás, 5-7",40.39542505017,-3.69689239438,Correos,LSP PUDOs,Public,Public facility,Madrid,Madrid Suc 17. Legazpi,"C. de Tomás Borrás, 5-7",28045,,,
745,Correos,Lsp Pudos,Pública,Public Facility,Madrid,28045,Correos Madrid Suc 17. Legazpi,"C. de Tomás Borrás, 5-7",40.39555284234,-3.6966422151,Correos,LSP PUDOs,Public,Public facility,Madrid,Correos Madrid Suc 17. Legazpi,"C. de Tomás Borrás, 5-7",28045,,,
746,Correos,Locker,Privada,Supermarket,Madrid,28045,Bm Supermercados,"Paseo de las Delicias, 92",40.39724591919,-3.69449591168,Correos,Lockers,Private,Supermarket,Madrid,Bm Supermercados,"Paseo de las Delicias, 92",28045,,,
747,Correos,Locker,Pública,Mall,Madrid,28045,Mercado Santa Maria Cabeza,"P.o de Sta. María de la Cabeza, 41",40.40291691652,-3.69738078323,Correos,Lockers,Public,Mall,Madrid,Mercado Santa Maria Cabeza,"P.º de Sta. María de la Cabeza, 41",28045,,,
748,Correos,Locker,Pública,Public Infrastructure,Madrid,28045,Estacion Autobuses Madrid Sur,C. de Méndez Núñez,40.39464281874,-3.67860601091,Correos,Lockers,Public,Public Infrastructure,Madrid,Estacion Autobuses Madrid Sur,C. de Méndez Núñez,28045,,,
749,Correos,Locker,Pública,Public Infrastructure,Madrid,28046,Intercambiador Plaza De Castilla,"Pl. Castilla, s/n",40.46613733795,-3.68884546622,Correos,Lockers,Public,Public Infrastructure,Madrid,Intercambiador Plaza De Castilla,"Pl. Castilla, s/n",28046,,,
750,Correos,Lsp Pudos,Pública,Public Facility,Madrid,28048,Madrid Suc 32. El Pardo,"Pl. de Rogelio Enriquez, 5",40.5193262008,-3.77701800036,Correos,LSP PUDOs,Public,Public facility,Madrid,Madrid Suc 32. El Pardo,"Pl. de Rogelio Enriquez, 5",28048,,,
751,Correos,Lsp Pudos,Pública,Public Facility,Madrid,28048,Correos Madrid Suc 32. El Pardo,"Pl. de Rogelio Enriquez, 5",40.51903998969,-3.77712499992,Correos,LSP PUDOs,Public,Public facility,Madrid,Correos Madrid Suc 32. El Pardo,"Pl. de Rogelio Enriquez, 5",28048,,,
752,Correos,Lsp Pudos,Pública,Public Facility,Madrid,28049,Madrid Suc 58. Universidad Autã“Noma Cantoblanco,"Rectorado Universidad Autonoma de Madrid, Kant, s/n",40.54453118746,-3.69535793901,Correos,LSP PUDOs,Public,Public facility,Madrid,Madrid Suc 58. Universidad Autã“Noma Cantoblanco,"Rectorado Universidad Autonoma de Madrid, Kant, s/n",28049,,,
753,Correos,Lsp Pudos,Pública,Public Facility,Madrid,28049,Madrid Suc 82. Monte Carmelo,"Av del Santuario de Valverde, 45",40.50776198114,-3.69690976632,Correos,LSP PUDOs,Public,Public facility,Madrid,Madrid Suc 82. Monte Carmelo,"Av del Santuario de Valverde, 45",28049,,,
754,Correos,Locker,Pública,Mall,Madrid,28049,Cc Montecarmelo,"C. del Monasterio de Arlanza, 20",40.51055994934,-3.69018023066,Correos,Lockers,Public,Mall,Madrid,Cc Montecarmelo,"C. del Monasterio de Arlanza, 20",28049,,,
755,Correos,Locker,Pública,Public Facility,Madrid,28049,Correos Madrid Suc 82. Monte Carmelo,"Av del Santuario de Valverde, 45",40.50773067461,-3.69682866665,Correos,Lockers,Public,Public facility,Madrid,Correos Madrid Suc 82. Monte Carmelo,"Av del Santuario de Valverde, 45",28049,,,
756,Correos,Locker,Pública,Public Infrastructure,Madrid,28049,Hospital Cantoblanco,Carr. de Colmenar S/N,40.53915001804,-3.6942915665,Correos,Lockers,Public,Public Infrastructure,Madrid,Hospital Cantoblanco,Carr. de Colmenar S/N,28049,,,
757,Correos,Lsp Pudos,Pública,Public Facility,Madrid,28050,Madrid Suc 81. Las Tablas,"C. de Capiscol, 12",40.50774230421,-3.67486612184,Correos,LSP PUDOs,Public,Public facility,Madrid,Madrid Suc 81. Las Tablas,"C. de Capiscol, 12",28050,,,
758,Correos,Lsp Pudos,Pública,Public Facility,Madrid,28050,Madrid Suc 74. El Corte Inglã‰S Sanchinarro,"C. de Margarita de Parma, 1",40.49831659991,-3.66022790027,Correos,LSP PUDOs,Public,Public facility,Madrid,Madrid Suc 74. El Corte Inglã‰S Sanchinarro,"C. de Margarita de Parma, 1",28050,,,
759,Correos,Lsp Pudos,Pública,Public Facility,Madrid,28050,Correos Madrid Suc 81. Las Tablas,"C. de Capiscol, 12",40.50772856504,-3.67485443311,Correos,LSP PUDOs,Public,Public facility,Madrid,Correos Madrid Suc 81. Las Tablas,"C. de Capiscol, 12",28050,,,
760,Correos,Locker,Pública,Public Infrastructure,Madrid,28050,Correoslabs,"C. de la Sierra de Atapuerca, 13",40.50040979262,-3.67299649467,Correos,Lockers,Public,Public Infrastructure,Madrid,Correoslabs,"C. de la Sierra de Atapuerca, 13",28050,,,
761,Correos,Lsp Pudos,Pública,Public Facility,Madrid,28051,Madrid Suc 102,"Av. del Ensanche de Vallecas, 106-108",40.36113097607,-3.59512548832,Correos,LSP PUDOs,Public,Public facility,Madrid,Madrid Suc 102,"Av. del Ensanche de Vallecas, 106-108",28051,,,
762,Correos,Lsp Pudos,Pública,Public Facility,Madrid,28051,Correos Madrid Suc 102,"Av. del Ensanche de Vallecas, 106-108",40.36149940982,-3.59524879473,Correos,LSP PUDOs,Public,Public facility,Madrid,Correos Madrid Suc 102,"Av. del Ensanche de Vallecas, 106-108",28051,,,
763,Correos,Lsp Pudos,Pública,Public Facility,Madrid,28053,Madrid Suc 55. San Diego-Palomeras Bajas,"C/ de Sierra Carbonera, 75",40.38973178068,-3.66539416279,Correos,LSP PUDOs,Public,Public facility,Madrid,Madrid Suc 55. San Diego-Palomeras Bajas,"C/ de Sierra Carbonera, 75",28053,,,
764,Correos,Lsp Pudos,Pública,Public Facility,Madrid,28053,Correos Madrid Suc 55. San Diego-Palomeras Bajas,"C/ de Sierra Carbonera, 75",40.38977775802,-3.66529182025,Correos,LSP PUDOs,Public,Public facility,Madrid,Correos Madrid Suc 55. San Diego-Palomeras Bajas,"C/ de Sierra Carbonera, 75",28053,,,
765,Correos,Lsp Pudos,Pública,Public Facility,Madrid,28053,Correos Madrid Cam 4 Centro De Trabajo,"Carretera Villaverde a Vallecas Km 3.5, CTM",40.36414323752,-3.65151939409,Correos,LSP PUDOs,Public,Public facility,Madrid,Correos Madrid Cam 4 Centro De Trabajo,"Carretera Villaverde a Vallecas Km 3.5, CTM",28053,,,
766,Correos,Lsp Pudos,Pública,Public Facility,Madrid,28054,Correos Madrid Suc 27. Carabanchel Alto,"C. Dobla, 5",40.37298864416,-3.74042542704,Correos,LSP PUDOs,Public,Public facility,Madrid,Correos Madrid Suc 27. Carabanchel Alto,"C. Dobla, 5",28054,,,
767,Correos,Lsp Pudos,Pública,Public Facility,Madrid,28054,Madrid Suc 27. Carabanchel Alto,"C. Dobla, 5",40.3722634079,-3.74024861515,Correos,LSP PUDOs,Public,Public facility,Madrid,Madrid Suc 27. Carabanchel Alto,"C. Dobla, 5",28054,,,
768,Amazon,Locker,Privada,Premises,Madrid,28001,Seur Velazquez Farma,"Calle Velázquez, 30",40.4248974492187,-3.68385004411505,Amazon,Lockers,Private,Premises,Madrid,Seur Velazquez Farma,"Calle Velázquez, 30",28001,,,
769,Amazon,Locker,Privada,Service Station,Madrid,28001,Lockers Tolosana,"Calle de Goya, 24 Madrid",40.4250615000703,-3.68290758049647,Amazon,Lockers,Private,Service Station,Madrid,Lockers Tolosana ,"Calle de Goya, 24 Madrid",28001,,,
770,Amazon,Locker,Privada,Premises,Madrid,28001,Lockers Arruda,"Calle de Núñez de Balboa, 32",40.425909638622,-3.68207601220826,Amazon,Lockers,Private,Premises,Madrid,Lockers Arruda,"Calle de Núñez de Balboa, 32",28001,,,
771,Amazon,Locker,Pública,Public Facility,Madrid,28001,Correos Madrid Sucursal 1,"C. de Villanueva, 30",40.4226320022469,-3.68517386506212,Amazon,Lockers,Public,Public facility,Madrid,Correos Madrid Sucursal 1,"C. de Villanueva, 30",28001,,,
772,Amazon,Locker,Pública,Premises,Madrid,28001,Lockers Correos Madrid Sucursal 1,"C. de Villanueva, 30",40.4225833672426,-3.68519535071168,Amazon,Lockers,Public,Premises,Madrid,Lockers Correos Madrid Sucursal 1,"C. de Villanueva, 30",28001,,,
773,Amazon,Convenience Stores,Privada,Premises,Madrid,28001,Grupo Hicorsa Artes Gráficas S.A.,"Calle de Goya, 43",40.4254254563788,-3.68286093490754,Amazon,Convenience stores,Private,Premises,Madrid,Grupo Hicorsa Artes Gráficas S.A.,"Calle de Goya, 43",28001,,,
774,Amazon,Locker,Privada,Premises,Madrid,28001,Seur Aroma Style Home,"C. de Hermosilla, 62",40.4263338634722,-3.67967646874517,Amazon,Lockers,Private,Premises,Madrid,Seur Aroma Style Home,"C. de Hermosilla, 62",28001,,,
775,Amazon,Convenience Stores,Privada,Premises,Madrid,28001,La Capital Del Movil,"Calle del Gral. Pardiñas, 3",40.4240257511898,-3.67888428199369,Amazon,Convenience stores,Private,Premises,Madrid,La Capital Del Movil,"Calle del Gral. Pardiñas, 3",28001,,,
776,Amazon,Locker,Privada,Supermarket,Madrid,28001,Lockers Anchia,"Calle del General Díaz Porlier, 50",40.4295550932003,-3.6768137506515,Amazon,Lockers,Private,Supermarket,Madrid,Lockers Anchia,"Calle del General Díaz Porlier, 50",28001,,,
777,Amazon,Locker,Privada,Supermarket,Madrid,28002,Lockers Arguez,"C. de Sánchez Pacheco, 44",40.4474110673086,-3.67452006182682,Amazon,Lockers,Private,Supermarket,Madrid,Lockers Arguez,"C. de Sánchez Pacheco, 44",28002,,,
778,Amazon,Locker,Privada,Supermarket,Madrid,28002,Lockers Dobson,"C. de Eugenio Salazar, 27",40.4462528682858,-3.67443154715372,Amazon,Lockers,Private,Supermarket,Madrid,Lockers Dobson,"C. de Eugenio Salazar, 27",28002,,,
779,Amazon,Convenience Stores,Privada,Premises,Madrid,28002,World Tech Mobile,"C. de Eugenio Salazar, 47",40.4477593406314,-3.67561226594403,Amazon,Convenience stores,Private,Premises,Madrid,World Tech Mobile,"C. de Eugenio Salazar, 47",28002,,,
780,Amazon,Locker,Privada,Supermarket,Madrid,28002,Lockers Calabres,"C. de López de Hoyos, 81",40.4447203741669,-3.67422628238631,Amazon,Lockers,Private,Supermarket,Madrid,Lockers Calabres,"C. de López de Hoyos, 81",28002,,,
781,Amazon,Locker,Privada,Premises,Madrid,28002,Lockers Akrouh,"C. de Ros de Olano, 2",40.4450446820152,-3.67245333194234,Amazon,Lockers,Private,Premises,Madrid,Lockers Akrouh,"C. de Ros de Olano, 2",28002,,,
782,Amazon,Convenience Stores,Privada,Premises,Madrid,28002,Locutorio Conectame,"C. de Eugenio Salazar, 58",40.4486339954904,-3.67522433131341,Amazon,Convenience stores,Private,Premises,Madrid,Locutorio Conectame,"C. de Eugenio Salazar, 58",28002,,,
783,Amazon,Locker,Privada,Parking,Madrid,28002,Lockers Formación,"C. del Corazón de María, 46",40.4449008816799,-3.66694261636505,Amazon,Lockers,Private,Parking,Madrid,Lockers Formación,"C. del Corazón de María, 46",28002,,,
784,Amazon,Locker,Privada,Premises,Madrid,28002,Lockers Nuez,"C. del Corazón de María, 65",40.4482511265437,-3.66660873067585,Amazon,Lockers,Private,Premises,Madrid,Lockers Nuez,"C. del Corazón de María, 65",28002,,,
785,Amazon,Locker,Privada,Premises,Madrid,28002,Seur Vaspstore Prosperidad,"C/ de Sta Hortensia, 2",40.446169859433,-3.67057460777768,Amazon,Lockers,Private,Premises,Madrid,Seur Vaspstore Prosperidad,"C/ de Sta Hortensia, 2",28002,,,
786,Amazon,Locker,Privada,Supermarket,Madrid,28002,Lockers Tarodo,"C. de Clara del Rey, 32",40.4434382233829,-3.66864102304423,Amazon,Lockers,Private,Supermarket,Madrid,Lockers Tarodo,"C. de Clara del Rey, 32",28002,,,
787,Amazon,Convenience Stores,Privada,Premises,Madrid,28002,Ferretotal,"C. de Mantuano, 9",40.4452817905491,-3.67448117606623,Amazon,Convenience stores,Private,Premises,Madrid,Ferretotal,"C. de Mantuano, 9",28002,,,
788,Amazon,Locker,Privada,Service Station,Madrid,28002,Lockers Bicos,"C. del Corazón de María, 76",40.447722907262,-3.66610418106778,Amazon,Lockers,Private,Service Station,Madrid,Lockers Bicos,"C. del Corazón de María, 76 ",28002,,,
789,Amazon,Convenience Stores,Privada,Premises,Madrid,28002,Seur Ferretotal,"C. de Mantuano, 9",40.4453797723621,-3.6745884612647,Amazon,Convenience stores,Private,Premises,Madrid,Seur Ferretotal,"C. de Mantuano, 9",28002,,,
790,Amazon,Locker,Privada,Supermarket,Madrid,28002,Lockers Camarero,"C. de Sta. Rita, 12",40.4454096814762,-3.66758656616494,Amazon,Lockers,Private,Supermarket,Madrid,Lockers Camarero,"C. de Sta. Rita, 12",28002,,,
791,Amazon,Convenience Stores,Privada,Premises,Madrid,28002,Amazon Counter - Cincocopias,"Cl. de Suero de Quiñones, 12",40.4449971731581,-3.67585345743013,Amazon,Convenience stores,Private,Premises,Madrid,Amazon Counter - Cincocopias,"Cl. de Suero de Quiñones, 12",28002,,,
792,Amazon,Locker,Privada,Premises,Madrid,28002,Seur Optica Golf,"C. del Príncipe de Vergara, 205",40.4500086622017,-3.67859106310598,Amazon,Lockers,Private,Premises,Madrid,Seur Optica Golf,"C. del Príncipe de Vergara, 205",28002,,,
793,Amazon,Locker,Privada,Premises,Madrid,28002,Lockers Arribillaga,"C. de Cartagena, 113",40.4409890845786,-3.67464643413704,Amazon,Lockers,Private,Premises,Madrid,Lockers Arribillaga,"C. de Cartagena, 113",28002,,,
794,Amazon,Convenience Stores,Privada,Premises,Madrid,28002,Emovigo,"C. de López de Hoyos, 196",40.4484906419305,-3.66769719690249,Amazon,Convenience stores,Private,Premises,Madrid,Emovigo,"C. de López de Hoyos, 196",28002,,,
795,Amazon,Convenience Stores,Privada,Premises,Madrid,28002,Jose Locutorios,"C. Luis Vives, 19",40.4450089424879,-3.67534939379426,Amazon,Convenience stores,Private,Premises,Madrid,Jose Locutorios,"C. Luis Vives, 19",28002,,,
796,Amazon,Convenience Stores,Privada,Premises,Madrid,28003,Seur - Achalay,"C. de Alonso Cano, 81",40.4433295097487,-3.6975550162553,Amazon,Convenience stores,Private,Premises,Madrid,Seur - Achalay,"C. de Alonso Cano, 81",28003,,,
797,Amazon,Locker,Privada,Premises,Madrid,28003,Amazon Locker - Berrendo,"C. de Ríos Rosas, 26",40.4418032502951,-3.70020699107737,Amazon,Lockers,Private,Premises,Madrid,Amazon Locker - Berrendo,"C. de Ríos Rosas, 26",28003,,,
798,Amazon,Locker,Privada,Supermarket,Madrid,28003,Lockers Estocolmo,"C. de Maudes, 23",40.4457626596939,-3.69955140160945,Amazon,Lockers,Private,Supermarket,Madrid,Lockers Estocolmo,"C. de Maudes, 23",28003,,,
799,Amazon,Convenience Stores,Privada,Premises,Madrid,28003,Estanco 81,"Calle de Bretón de los Herreros, 37",40.439939706215,-3.6973077631033,Amazon,Convenience stores,Private,Premises,Madrid,Estanco 81,"Calle de Bretón de los Herreros, 37",28003,,,
800,Amazon,Convenience Stores,Privada,Premises,Madrid,28003,Seur Fotografia La Fontana,"C. de Alonso Cano, 50",40.4424433785713,-3.69733404378673,Amazon,Convenience stores,Private,Premises,Madrid,Seur Fotografia La Fontana,"C. de Alonso Cano, 50",28003,,,
801,Amazon,Locker,Privada,Supermarket,Madrid,28003,Lockers Falla,"C. de Cristóbal Bordiú, 19-21",40.44341764217,-3.70004482173688,Amazon,Lockers,Private,Supermarket,Madrid,Lockers Falla,"C. de Cristóbal Bordiú, 19-21",28003,,,
802,Amazon,Convenience Stores,Privada,Public Facility,Madrid,28003,Correos Madrid Sucursal 3,"C. de Maudes, 39",40.4459357123104,-3.69806648295024,Amazon,Convenience stores,Private,Public facility,Madrid,Correos Madrid Sucursal 3,"C. de Maudes, 39",28003,,,
803,Amazon,Locker,Pública,Public Facility,Madrid,28003,Lockers Correos Madrid Sucursal 3,"C. de Maudes, 39",40.4454405367698,-3.69817395063119,Amazon,Lockers,Public,Public facility,Madrid,Lockers Correos Madrid Sucursal 3,"C. de Maudes, 39",28003,,,
804,Amazon,Locker,Pública,Public Facility,Madrid,28003,Lockers Cercanias Nuevos Ministerios,C. de Raimundo Fernández Villaverde,40.4467695880956,-3.69735790576891,Amazon,Lockers,Public,Public facility,Madrid,Lockers Cercanias Nuevos Ministerios,C. de Raimundo Fernández Villaverde,28003,,,
805,Amazon,Convenience Stores,Pública,Public Facility,Madrid,28003,Correos Madrid Sucursal 71,"C. de Raimundo Fernández Villaverde, 79",40.4469647391391,-3.69335246710442,Amazon,Convenience stores,Public,Public facility,Madrid,Correos Madrid Sucursal 71,"C. de Raimundo Fernández Villaverde, 79",28003,,,
806,Amazon,Locker,Publico,Parking,Madrid,28004,Lockers Tisameno,Pl. de la Villa de París,40.4252451317366,-3.69315219594831,Amazon,Lockers,Publico,Parking,Madrid,Lockers Tisameno,Pl. de la Villa de París,28004,,,
807,Amazon,Locker,Privada,Parking,Madrid,28004,Lockers Estudio,"Pl. del Rey, 1",40.4207624759563,-3.69662141928238,Amazon,Lockers,Private,Parking,Madrid,Lockers Estudio,"Pl. del Rey, 1",28004,,,
808,Amazon,Locker,Privada,Parking,Madrid,28004,Lockers Kolkaa,"Pl. de Pedro Zerolo, 13",40.4209642235565,-3.6997338628623,Amazon,Lockers,Private,Parking,Madrid,Lockers Kolkaa,"Pl. de Pedro Zerolo, 13",28004,,,
809,Amazon,Locker,Pública,Public Facility,Madrid,28004,Lockers Correos Madrid Sucursal 88,"C. de Mejía Lequerica, 7",40.4266668178989,-3.69819856616819,Amazon,Lockers,Public,Public facility,Madrid,Lockers Correos Madrid Sucursal 88,"C. de Mejía Lequerica, 7",28004,,,
810,Amazon,Locker,Privada,Supermarket,Madrid,28004,Lockers Guilarte,"C. de Valverde, 27",40.4228206938719,-3.70184345943282,Amazon,Lockers,Private,Supermarket,Madrid,Lockers Guilarte,"C. de Valverde, 27",28004,,,
811,Amazon,Convenience Stores,Privada,Premises,Madrid,28004,Seur - Koiki Home,"C. de Barceló, 6",40.4269246684742,-3.69899843288545,Amazon,Convenience stores,Private,Premises,Madrid,Seur - Koiki Home,"C. de Barceló, 6",28004,,,
812,Amazon,Convenience Stores,Privada,Premises,Madrid,28004,Bazar Súper Hogar,"C/ de Hortaleza, 81",40.4263294676686,-3.69734853004998,Amazon,Convenience stores,Private,Premises,Madrid,Bazar Súper Hogar,"C/ de Hortaleza, 81",28004,,,
813,Amazon,Convenience Stores,Privada,Premises,Madrid,28005,Seur Estanco 149,"P.o de Juan Antonio Vallejo-Nájera Botas, 50",40.4043776502649,-3.71496000618375,Amazon,Convenience stores,Private,Premises,Madrid,Seur Estanco 149,"P.º de Juan Antonio Vallejo-Nájera Botas, 50",28005,,,
814,Amazon,Locker,Privada,Premises,Madrid,28005,Lockers Bisulca,"Gta. de la Prta de Toledo, 3",40.4064325656853,-3.71133822540318,Amazon,Lockers,Private,Premises,Madrid,Lockers Bisulca,"Gta. de la Prta de Toledo, 3",28005,,,
815,Amazon,Locker,Publico,Parking,Madrid,28005,Lockers Dolon,"C. San Epifanio, 9",40.4014597593545,-3.71725692174695,Amazon,Lockers,Publico,Parking,Madrid,Lockers Dolon,"C. San Epifanio, 9 ",28005,,,
816,Amazon,Locker,Privada,Supermarket,Madrid,28005,Lockers Albar,"C. de Toledo, 109",40.4086801700273,-3.71043255094573,Amazon,Lockers,Private,Supermarket,Madrid,Lockers Albar,"C. de Toledo, 109",28005,,,
817,Amazon,Locker,Privada,Supermarket,Madrid,28005,Lockers Eneo,"Ronda de Toledo, 14",40.4059585753962,-3.70777451983555,Amazon,Lockers,Private,Supermarket,Madrid,Lockers Eneo,"Ronda de Toledo, 14",28005,,,
818,Amazon,Convenience Stores,Privada,Premises,Madrid,28005,Seur Prink Madrid Toledo,"C. de Toledo, 107",40.4092166406022,-3.70991543447723,Amazon,Convenience stores,Private,Premises,Madrid,Seur Prink Madrid Toledo,"C. de Toledo, 107",28005,,,
819,Amazon,Convenience Stores,Privada,Premises,Madrid,28005,Prink Madrid 3,"C. de Toledo, 107",40.4092166406022,-3.70991543447723,Amazon,Convenience stores,Private,Premises,Madrid,Prink Madrid 3,"C. de Toledo, 107",28005,,,
820,Amazon,Convenience Stores,Pública,Public Facility,Madrid,28005,Correos Madrid Sucursal 5,"Carrera de San Francisco, 13",40.4107764246663,-3.71348027825024,Amazon,Convenience stores,Public,Public facility,Madrid,Correos Madrid Sucursal 5,"Carrera de San Francisco, 13",28005,,,
821,Amazon,Convenience Stores,Privada,Premises,Madrid,28005,Mehdi Telcom,"C. de Toledo, 90",40.4090247642531,-3.71124692211727,Amazon,Convenience stores,Private,Premises,Madrid,Mehdi Telcom,"C. de Toledo, 90",28005,,,
822,Amazon,Locker,Pública,Public Facility,Madrid,28005,Lockers Correos Madrid Sucursal 5,"Carrera de San Francisco, 13",40.4109398101379,-3.7136090196883,Amazon,Lockers,Public,Public facility,Madrid,Lockers Correos Madrid Sucursal 5,"Carrera de San Francisco, 13",28005,,,
823,Amazon,Convenience Stores,Privada,Premises,Madrid,28005,Estanco Melancólicos,"P.o de los Melancólicos, 35",40.4056864517422,-3.72039407097764,Amazon,Convenience stores,Private,Premises,Madrid,Estanco Melancólicos,"P.º de los Melancólicos, 35",28005,,,
824,Amazon,Convenience Stores,Privada,Premises,Madrid,28005,Seur El Patin De Oro,"P.o de los Pontones, 17",40.405760095212,-3.71404166249863,Amazon,Convenience stores,Private,Premises,Madrid,Seur El Patin De Oro,"P.º de los Pontones, 17",28005,,,
825,Amazon,Locker,Privada,Service Station,Madrid,28006,Lockers Marcos,"Calle de María de Molina, 21",40.4383325149487,-3.68449573842536,Amazon,Lockers,Private,Service Station,Madrid,Lockers Marcos,"Calle de María de Molina, 21",28006,,,
826,Amazon,Locker,Privada,Premises,Madrid,28006,Lockers Arcarons,"Calle de María de Molina, 48 - 50",40.4374508280536,-3.68150267888609,Amazon,Lockers,Private,Premises,Madrid,Lockers Arcarons,"Calle de María de Molina, 48 - 50",28006,,,
827,Amazon,Locker,Privada,Premises,Madrid,28006,Seur - Hilltop Bs,"C. del Gral. Oráa, 18",40.4363299132688,-3.6848650281463,Amazon,Lockers,Private,Premises,Madrid,Seur - Hilltop Bs,"C. del Gral. Oráa, 18",28006,,,
828,Amazon,Locker,Privada,Premises,Madrid,28007,Lockers - Virgo Lavanderia Autoservicio La Wash,Avenida de la Ciudad de Barcelona 93,40.400362458644,-3.67191897288388,Amazon,Lockers,Private,Premises,Madrid,Lockers - Virgo Lavanderia Autoservicio La Wash,Avenida de la Ciudad de Barcelona 93,28007,,,
829,Amazon,Locker,Privada,Premises,Madrid,28007,Lockers Miu Dia,Avenida de la Ciudad de Barcelona 222,40.3989576545692,-3.6704679226858,Amazon,Lockers,Private,Premises,Madrid,Lockers Miu Dia,Avenida de la Ciudad de Barcelona 222,28007,,,
830,Amazon,Convenience Stores,Privada,Premises,Madrid,28007,Movil-Tech,"Av. de la Ciudad de Barcelona, 91",40.400326178904,-3.67216330532322,Amazon,Convenience stores,Private,Premises,Madrid,Movil-Tech,"Av. de la Ciudad de Barcelona, 91",28007,,,
831,Amazon,Convenience Stores,Privada,Premises,Madrid,28007,Entredulces,"Av. de la Ciudad de Barcelona, 81, Local B",40.4012441494756,-3.67421238045225,Amazon,Convenience stores,Private,Premises,Madrid,Entredulces,"Av. de la Ciudad de Barcelona, 81, Local B",28007,,,
832,Amazon,Convenience Stores,Privada,Premises,Madrid,28007,Bar Cafetería Impuls,"C. de Gandía, 6",40.3982091320843,-3.67163299568018,Amazon,Convenience stores,Private,Premises,Madrid,Bar Cafetería Impuls,"C. de Gandía, 6",28007,,,
833,Amazon,Convenience Stores,Privada,Premises,Madrid,28007,Mobile World,"C. de Seco, 3, local 4",40.3989259146051,-3.67203486771983,Amazon,Convenience stores,Private,Premises,Madrid,Mobile World,"C. de Seco, 3, local 4",28007,,,
834,Amazon,Convenience Stores,Privada,Premises,Madrid,28007,Accesorios Chowdhury B107,"Av. de la Ciudad de Barcelona, 107",40.3998865687089,-3.67088069495024,Amazon,Convenience stores,Private,Premises,Madrid,Accesorios Chowdhury B107,"Av. de la Ciudad de Barcelona, 107",28007,,,
835,Amazon,Convenience Stores,Privada,Premises,Madrid,28007,Tienda Seur - Jativa,"C. de Játiva, 43",40.3982935999748,-3.67250303978697,Amazon,Convenience stores,Private,Premises,Madrid,Tienda Seur - Jativa,"C. de Játiva, 43",28007,,,
836,Amazon,Convenience Stores,Privada,Premises,Madrid,28007,Móviles Ciudad De Barcelona,"Av. de la Ciudad de Barcelona, 75",40.4018556370632,-3.67529775250467,Amazon,Convenience stores,Private,Premises,Madrid,Móviles Ciudad De Barcelona,"Av. de la Ciudad de Barcelona, 75",28007,,,
837,Amazon,Convenience Stores,Privada,Premises,Madrid,28007,Amazon Counter - Sol Internacional,"C. de Granada, 46",40.4030607019667,-3.67535483896914,Amazon,Convenience stores,Private,Premises,Madrid,Amazon Counter - Sol Internacional,"C. de Granada, 46",28007,,,
838,Amazon,Locker,Privada,Premises,Madrid,28007,Amazon Locker - Aneiros,"Calle León Gil de Palacio, 2",40.403032570915,-3.67913735261199,Amazon,Lockers,Private,Premises,Madrid,Amazon Locker - Aneiros,"Calle León Gil de Palacio, 2",28007,,,
839,Amazon,Locker,Privada,Premises,Madrid,28007,Amazon Locker - Echarri,"C. de Valderribas, 34",40.4042967346836,-3.67517641694683,Amazon,Lockers,Private,Premises,Madrid,Amazon Locker - Echarri,"C. de Valderribas, 34",28007,,,
840,Amazon,Locker,Privada,Premises,Madrid,28007,Amazon Locker - Calomarde,"C. de Valderribas, 30",40.4043754285125,-3.67538364837439,Amazon,Lockers,Private,Premises,Madrid,Amazon Locker - Calomarde,"C. de Valderribas, 30",28007,,,
841,Amazon,Locker,Privada,Premises,Madrid,28007,Amazon Locker - Timor,"C. de Téllez, 19",40.4027059891793,-3.67963487251588,Amazon,Lockers,Private,Premises,Madrid,Amazon Locker - Timor,"C. de Téllez, 19",28007,,,
842,Amazon,Convenience Stores,Privada,Premises,Madrid,28007,Seur - Estanco Conde De Casal,"C. del Dr. Esquerdo, 177",40.4060473307289,-3.67034769382279,Amazon,Convenience stores,Private,Premises,Madrid,Seur - Estanco Conde De Casal,"C. del Dr. Esquerdo, 177",28007,,,
843,Amazon,Locker,Pública,Public Facility,Madrid,28007,Correos - Madrid Suc 40. Pacifico,"C. de Téllez, 27",40.4023705682581,-3.67837698853106,Amazon,Lockers,Public,Public facility,Madrid,Correos - Madrid Suc 40. Pacifico,"C. de Téllez, 27",28007,,,
844,Amazon,Locker,Privada,Premises,Madrid,28008,Lockers - Ismaelsa,"Calle de la Princesa, 56",40.4297454467978,-3.71491610995358,Amazon,Lockers,Private,Premises,Madrid,Lockers - Ismaelsa,"Calle de la Princesa, 56",28008,,,
845,Amazon,Convenience Stores,Privada,Premises,Madrid,28008,Pc Movil Servicios Mac,"C. de Altamirano, 15",40.4306184116397,-3.71944560964415,Amazon,Convenience stores,Private,Premises,Madrid,Pc Movil Servicios Mac,"C. de Altamirano, 15",28008,,,
846,Amazon,Locker,Pública,Public Facility,Madrid,28008,Correos - Madrid Suc 73. El Corte Inglés Princesa,"Calle de la Princesa, 56",40.4300087811485,-3.71552395392094,Amazon,Lockers,Public,Public facility,Madrid,Correos - Madrid Suc 73. El Corte Inglés Princesa,"Calle de la Princesa, 56",28008,,,
847,Amazon,Convenience Stores,Privada,Premises,Madrid,28008,Amazon Counter - Locutorio Talal 2,"C. de Benito Gutiérrez, 10",40.4321269940673,-3.71843804639428,Amazon,Convenience stores,Private,Premises,Madrid,Amazon Counter - Locutorio Talal 2,"C. de Benito Gutiérrez, 10",28008,,,
848,Amazon,Convenience Stores,Privada,Premises,Madrid,28008,Amazon Counter - Deportes Princesa,"Calle de la Princesa, 72",40.4322927793679,-3.71714476634439,Amazon,Convenience stores,Private,Premises,Madrid,Amazon Counter - Deportes Princesa,"Calle de la Princesa, 72",28008,,,
849,Amazon,Locker,Privada,Premises,Madrid,28008,Amazon Locker - Centaurea Parking,"Calle de la Princesa, 5, Moncloa - Aravaca",40.4253336461724,-3.71276249971948,Amazon,Lockers,Private,Premises,Madrid,Amazon Locker - Centaurea Parking,"Calle de la Princesa, 5, Moncloa - Aravaca",28008,,,
850,Amazon,Convenience Stores,Privada,Premises,Madrid,28008,Seur - Telex 24,"C. de Quintana, 6",40.4286524567916,-3.71647122815401,Amazon,Convenience stores,Private,Premises,Madrid,Seur - Telex 24,"C. de Quintana, 6",28008,,,
851,Amazon,Convenience Stores,Privada,Premises,Madrid,28008,Amazon Counter - Ma Tecnologia Markt,"C. de Quintana, 9",40.4280719281323,-3.71675171991714,Amazon,Convenience stores,Private,Premises,Madrid,Amazon Counter - Ma Tecnologia Markt,"C. de Quintana, 9",28008,,,
852,Amazon,Convenience Stores,Privada,Premises,Madrid,28008,Seur - Estanco 804,"C. de Romero Robledo, 9",40.4323576705181,-3.71940097772292,Amazon,Convenience stores,Private,Premises,Madrid,Seur - Estanco 804,"C. de Romero Robledo, 9",28008,,,
853,Amazon,Locker,Privada,Parking,Madrid,28009,Amazon Locker - Juan Parking,"Calle de Goya, 115",40.424970577737,-3.67183420693035,Amazon,Lockers,Private,Parking,Madrid,Amazon Locker - Juan Parking,"Calle de Goya, 115",28009,,,
854,Amazon,Locker,Privada,Parking,Madrid,28009,Amazon Locker - Ghazaryan Parking,"C. de Máiquez, 21",40.4173857137039,-3.67319213487795,Amazon,Lockers,Private,Parking,Madrid,Amazon Locker - Ghazaryan Parking,"C. de Máiquez, 21",28009,,,
855,Amazon,Locker,Privada,Premises,Madrid,28009,Amazon Locker - Fanega Dia,"C. del Doce de Octubre, 11",40.4160774557554,-3.67577321540792,Amazon,Lockers,Private,Premises,Madrid,Amazon Locker - Fanega Dia,"C. del Doce de Octubre, 11",28009,,,
856,Amazon,Locker,Pública,Parking,Madrid,28010,Lockers Bordonado,Plaza de Olavide 17,40.4334342675812,-3.70063173408192,Amazon,Lockers,Public,Parking,Madrid,Lockers Bordonado,Plaza de Olavide 17,28010,,,
857,Amazon,Locker,Privada,Supermarket,Madrid,28010,Lockers Corus,"Calle de Sta Engracia, 37",40.4318476739515,-3.69766270808717,Amazon,Lockers,Private,Supermarket,Madrid,Lockers Corus,"Calle de Sta Engracia, 37",28010,,,
858,Amazon,Locker,Privada,Supermarket,Madrid,28010,Lockersbáscula,"Calle de Viriato, 55",40.4363217849884,-3.69754888848233,Amazon,Lockers,Private,Supermarket,Madrid,Lockersbáscula,"Calle de Viriato, 55",28010,,,
859,Amazon,Locker,Privada,Supermarket,Madrid,28010,Lockers Galian,"Calle de Manuel Silvela, 9",40.4295286507897,-3.69872604752438,Amazon,Lockers,Private,Supermarket,Madrid,Lockers Galian,"Calle de Manuel Silvela, 9",28010,,,
860,Amazon,Convenience Stores,Pública,Public Facility,Madrid,28010,Correos Eo Direccion General De La Policia,"C. de Rafael Calvo, 33",40.4346397221688,-3.69180701250449,Amazon,Convenience stores,Public,Public facility,Madrid,Correos Eo Direccion General De La Policia,"C. de Rafael Calvo, 33",28010,,,
861,Amazon,Locker,Privada,Parking,Madrid,28010,Amazon Locker - Toth Parking Emt,"C. de Almagro, 15",40.4305880865905,-3.69298870620255,Amazon,Lockers,Private,Parking,Madrid,Amazon Locker - Toth Parking Emt,"C. de Almagro, 15",28010,,,
862,Amazon,Locker,Privada,Parking,Madrid,28010,Amazon Locker - Laverna Parking Emt,"Gta. de Bilbao, 4",40.4300726820491,-3.70281658041698,Amazon,Lockers,Private,Parking,Madrid,Amazon Locker - Laverna Parking Emt,"Gta. de Bilbao, 4",28010,,,
863,Amazon,Locker,Pública,Public Facility,Madrid,28010,Correos - Madrid Suc 10. Alburquerque,"C. de Alburquerque, 2",40.4311766291084,-3.70265713021429,Amazon,Lockers,Public,Public facility,Madrid,Correos - Madrid Suc 10. Alburquerque,"C. de Alburquerque, 2",28010,,,
864,Amazon,Locker,Privada,Premises,Madrid,28010,Amazon Locker - Ararute,"Calle de Fuencarral, 145",40.4327688900143,-3.70424204786559,Amazon,Lockers,Private,Premises,Madrid,Amazon Locker - Ararute,"Calle de Fuencarral, 145",28010,,,
865,Amazon,Convenience Stores,Privada,Premises,Madrid,28010,Seur - Zerowastemad,"Calle de García de Paredes, 35",40.4370150513271,-3.69811626304205,Amazon,Convenience stores,Private,Premises,Madrid,Seur - Zerowastemad,"Calle de García de Paredes, 35",28010,,,
866,Amazon,Convenience Stores,Privada,Premises,Madrid,28010,Seur - Locutorio Mila,"C. del Cardenal Cisneros, 64",40.4345047916216,-3.70273230510426,Amazon,Convenience stores,Private,Premises,Madrid,Seur - Locutorio Mila,"C. del Cardenal Cisneros, 64",28010,,,
867,Amazon,Convenience Stores,Privada,Premises,Madrid,28010,Seur - Alimentacion Casa Julian,"C. del Cardenal Cisneros, 9",40.4301652886042,-3.70179702436982,Amazon,Convenience stores,Private,Premises,Madrid,Seur - Alimentacion Casa Julian,"C. del Cardenal Cisneros, 9",28010,,,
868,Amazon,Convenience Stores,Privada,Premises,Madrid,28010,Seur - Multiservicios Inti,"Calle de García de Paredes, 18",40.4368372587749,-3.70144527070302,Amazon,Convenience stores,Private,Premises,Madrid,Seur - Multiservicios Inti,"Calle de García de Paredes, 18",28010,,,
869,Amazon,Locker,Privada,Parking,Madrid,28011,Amazon Locker - Lando Parking Emt,"Av. de Portugal, 155",40.4113085033263,-3.73780863057002,Amazon,Lockers,Private,Parking,Madrid,Amazon Locker - Lando Parking Emt,"Av. de Portugal, 155",28011,,,
870,Amazon,Locker,Privada,Service Station,Madrid,28011,Amazon Locker - Tranquila Repsol,"Carretera Extremadura, Km 5,400 N 298",40.4016102616841,-3.76183797637538,Amazon,Lockers,Private,Service Station,Madrid,Amazon Locker - Tranquila Repsol,"Carretera Extremadura, Km 5,400 N 298",28011,,,
871,Amazon,Convenience Stores,Privada,Premises,Madrid,28011,Amazon Counter - Candy Fiesta,"P.o de Extremadura, 200",40.4075201306769,-3.74653495881323,Amazon,Convenience stores,Private,Premises,Madrid,Amazon Counter - Candy Fiesta,"P.º de Extremadura, 200",28011,,,
872,Amazon,Convenience Stores,Privada,Premises,Madrid,28011,Amazon Counter - Mini Latino 89,"C. de Sepúlveda, 89",40.4048604631367,-3.74383450553042,Amazon,Convenience stores,Private,Premises,Madrid,Amazon Counter - Mini Latino 89,"C. de Sepúlveda, 89",28011,,,
873,Amazon,Locker,Pública,Public Facility,Madrid,28011,Citypaq Lockers-Correos Madrid Suc 56. Batán,"C. Carlina, 10",40.4049897593093,-3.75111565949511,Amazon,Lockers,Public,Public facility,Madrid,Citypaq Lockers-Correos Madrid Suc 56. Batán,"C. Carlina, 10",28011,,,
874,Amazon,Locker,Pública,Public Facility,Madrid,28011,Correos - Madrid Suc 56. Batán,"C. Carlina, 8",40.4048259639941,-3.75117462216755,Amazon,Lockers,Public,Public facility,Madrid,Correos - Madrid Suc 56. Batán,"C. Carlina, 8",28011,,,
875,Amazon,Convenience Stores,Privada,Premises,Madrid,28011,Seur - Mundo Movil 2,"C. de Cebreros, 12",40.4050856785889,-3.74260333559507,Amazon,Convenience stores,Private,Premises,Madrid,Seur - Mundo Movil 2,"C. de Cebreros, 12",28011,,,
876,Amazon,Convenience Stores,Privada,Premises,Madrid,28011,Amazon Counter - Chollo De Batán,"C. de Villamanín, 46",40.406813098712,-3.75348530154334,Amazon,Convenience stores,Private,Premises,Madrid,Amazon Counter - Chollo De Batán,"C. de Villamanín, 46",28011,,,
877,Amazon,Convenience Stores,Privada,Premises,Madrid,28012,Movileo,"C. de Embajadores, 78",40.4040660930331,-3.70207711088296,Amazon,Convenience stores,Private,Premises,Madrid,Movileo,"C. de Embajadores, 78",28012,,,
878,Amazon,Convenience Stores,Privada,Premises,Madrid,28012,Seur Pisamorena De Jq,"Cl. de Alonso del Barco, 3",40.4049194704548,-3.70129515188076,Amazon,Convenience stores,Private,Premises,Madrid,Seur Pisamorena De Jq,"Cl. de Alonso del Barco, 3",28012,,,
879,Amazon,Convenience Stores,Privada,Premises,Madrid,28012,Alimentacion Panaderias,"Rda. de Valencia, 16",40.4057965503735,-3.70171111149885,Amazon,Convenience stores,Private,Premises,Madrid,Alimentacion Panaderias,"Rda. de Valencia, 16",28012,,,
880,Amazon,Convenience Stores,Privada,Premises,Madrid,28012,Alimentación Pep,"C. de Fray Luis de León, 12, Local B",40.4044947100754,-3.69850360682021,Amazon,Convenience stores,Private,Premises,Madrid,Alimentación Pep,"C. de Fray Luis de León, 12, Local B",28012,,,
881,Amazon,Locker,Privada,Premises,Madrid,28012,Amazon Locker - Adroher Gym,"Rda. de Valencia, 1",40.4058127976809,-3.69953820093426,Amazon,Lockers,Private,Premises,Madrid,Amazon Locker - Adroher Gym,"Rda. de Valencia, 1",28012,,,
882,Amazon,Locker,Privada,Premises,Madrid,28012,Amazon Counter - Sr Tecnologia,"C. de Tribulete, 4",40.4083367285705,-3.70164884331622,Amazon,Lockers,Private,Premises,Madrid,Amazon Counter - Sr Tecnologia,"C. de Tribulete, 4",28012,,,
883,Amazon,Convenience Stores,Pública,Public Facility,Madrid,28012,Correos - Madrid Suc 7. Embajadores,"C. de Palos de la Frontera, 6",40.4027868108006,-3.69980376144604,Amazon,Convenience stores,Public,Public facility,Madrid,Correos - Madrid Suc 7. Embajadores,"C. de Palos de la Frontera, 6",28012,,,
884,Amazon,Locker,Pública,Public Facility,Madrid,28012,Citypaq Lockers-Correos Madrid Suc 7. Embajadores,"C. de Palos de la Frontera, 6",40.4028276137217,-3.69988942607456,Amazon,Lockers,Public,Public facility,Madrid,Citypaq Lockers-Correos Madrid Suc 7. Embajadores,"C. de Palos de la Frontera, 6",28012,,,
885,Amazon,Locker,Privada,Premises,Madrid,28012,Amazon Counter - T-Ephone,"C. de Valencia, 16",40.4074525487978,-3.70042404271296,Amazon,Lockers,Private,Premises,Madrid,Amazon Counter - T-Ephone,"C. de Valencia, 16",28012,,,
886,Amazon,Convenience Stores,Privada,Premises,Madrid,28012,Seur - Phonelectric,"Rda. de Atocha, 26",40.4067153940942,-3.69840371274589,Amazon,Convenience stores,Private,Premises,Madrid,Seur - Phonelectric,"Rda. de Atocha, 26",28012,,,
887,Amazon,Convenience Stores,Privada,Premises,Madrid,28012,Amazon Counter - Swades Money Transfer,"C. de Tribulete, 5",40.4081088619354,-3.70193930933802,Amazon,Convenience stores,Private,Premises,Madrid,Amazon Counter - Swades Money Transfer,"C. de Tribulete, 5",28012,,,
888,Amazon,Locker,Pública,Public Infrastructure,Madrid,28013,Lockers University,"Pl. de Ote., s/n",40.4161984814475,-3.71337745125522,Amazon,Lockers,Public,Public Infrastructure,Madrid,Lockers University,"Pl. de Ote., s/n",28013,,,
889,Amazon,Locker,Privada,Premises,Madrid,28013,Amazon Locker - Urano Mediamark,"Pl. del Carmen, 2",40.4187342821349,-3.70365151726625,Amazon,Lockers,Private,Premises,Madrid,Amazon Locker - Urano Mediamark,"Pl. del Carmen, 2",28013,,,
890,Amazon,Locker,Privada,Parking,Madrid,28013,Amazon Locker - Bonoso Parking Emt,"Plaza de España, s/n, Moncloa - Aravaca",40.4228870008717,-3.71223834859835,Amazon,Lockers,Private,Parking,Madrid,Amazon Locker - Bonoso Parking Emt,"Plaza de España, s/n, Moncloa - Aravaca",28013,,,
891,Amazon,Convenience Stores,Privada,Premises,Madrid,28013,Amazon Counter - Mehrab Telecom,"C. de Bordadores, 3",40.4165801988355,-3.70786733608441,Amazon,Convenience stores,Private,Premises,Madrid,Amazon Counter - Mehrab Telecom,"C. de Bordadores, 3",28013,,,
892,Amazon,Locker,Privada,Parking,Madrid,28013,Amazon Locker - Clase Parking,"C. de Isabel la Católica, 12",40.4219884014512,-3.70925854525033,Amazon,Lockers,Private,Parking,Madrid,Amazon Locker - Clase Parking,"C. de Isabel la Católica, 12",28013,,,
893,Amazon,Locker,Pública,Public Facility,Madrid,28013,Correos - Madrid Suc 86. Corte Ingles Callao,"Pl. del Callao, 2, Planta 8",40.4196917384997,-3.70499240957763,Amazon,Lockers,Public,Public facility,Madrid,Correos - Madrid Suc 86. Corte Ingles Callao,"Pl. del Callao, 2, Planta 8",28013,,,
894,Amazon,Locker,Privada,Supermarket,Madrid,28013,Amazon Locker - Andueza Dia,"Pl. de Santo Domingo, 1",40.4205537905748,-3.7087583767634,Amazon,Lockers,Private,Supermarket,Madrid,Amazon Locker - Andueza Dia,"Pl. de Santo Domingo, 1",28013,,,
895,Amazon,Convenience Stores,Privada,Premises,Madrid,28013,Amazon Counter - Alimentacion,"Cuesta de Sto. Domingo, 10",40.4196823652614,-3.70949697431611,Amazon,Convenience stores,Private,Premises,Madrid,Amazon Counter - Alimentacion,"Cuesta de Sto. Domingo, 10",28013,,,
896,Amazon,Locker,Privada,Parking,Madrid,28014,Amazon Locker - Burcet Emt Parking,"EMT Parking Canalejas, Calle de Alcalá 16",40.4177197875648,-3.69947570252904,Amazon,Lockers,Private,Parking,Madrid,Amazon Locker - Burcet Emt Parking,"EMT Parking Canalejas, Calle de Alcalá 16",28014,,,
897,Amazon,Locker,Privada,Premises,Madrid,28014,Amazon Locker - Levana,"Parking EMT Benavente, Plaza de Jacinto Benavente, s/n,",40.4152191437549,-3.70364368284907,Amazon,Lockers,Private,Premises,Madrid,Amazon Locker - Levana,"Parking EMT Benavente, Plaza de Jacinto Benavente, s/n,",28014,,,
898,Amazon,Locker,Privada,Premises,Madrid,28014,Amazon Locker - Bonel,"EMT Parking Montalbán, Calle de Montalbán 3",40.4184317973686,-3.69103077001814,Amazon,Lockers,Private,Premises,Madrid,Amazon Locker - Bonel,"EMT Parking Montalbán, Calle de Montalbán 3",28014,,,
899,Amazon,Locker,Pública,Public Facility,Madrid,28014,Citypaq Lockers-Correos Madrid Op,"P.o del Prado, 1",40.4187537645709,-3.69253605969968,Amazon,Lockers,Public,Public facility,Madrid,Citypaq Lockers-Correos Madrid Op,"P.º del Prado, 1",28014,,,
900,Amazon,Locker,Pública,Public Facility,Madrid,28014,Correos - Madrid Op,"P.o del Prado, 1",40.4187868518858,-3.69254079852038,Amazon,Lockers,Public,Public facility,Madrid,Correos - Madrid Op,"P.º del Prado, 1",28014,,,
901,Amazon,Convenience Stores,Privada,Premises,Madrid,28014,Amazon Counter - Tahrim Telecom.,"C. de Jesús, 7",40.4128067622354,-3.69560493687975,Amazon,Convenience stores,Private,Premises,Madrid,Amazon Counter - Tahrim Telecom.,"C. de Jesús, 7",28014,,,
902,Amazon,Convenience Stores,Privada,Premises,Madrid,28015,Pc Factory Computer,"C. de Gaztambide, 26, Local L 40",40.434458531434,-3.71541630490966,Amazon,Convenience stores,Private,Premises,Madrid,Pc Factory Computer,"C. de Gaztambide, 26, Local L 40",28015,,,
903,Amazon,Convenience Stores,Privada,Premises,Madrid,28015,Wifi Locutorio.,"Calle GASTAMBIDE, 36",40.4354249309075,-3.71539895031739,Amazon,Convenience stores,Private,Premises,Madrid,Wifi Locutorio.,"Calle GASTAMBIDE, 36",28015,,,
904,Amazon,Locker,Privada,Supermarket,Madrid,28015,Amazon Locker - Cerifero Dia,"C. de Fernández de los Ríos, 45",40.4352945865473,-3.71061890628058,Amazon,Lockers,Private,Supermarket,Madrid,Amazon Locker - Cerifero Dia,"C. de Fernández de los Ríos, 45",28015,,,
905,Amazon,Convenience Stores,Privada,Premises,Madrid,28015,Imovil-Fix,"C. de Gaztambide, 36",40.4353596012348,-3.7153774950495,Amazon,Convenience stores,Private,Premises,Madrid,Imovil-Fix,"C. de Gaztambide, 36",28015,,,
906,Amazon,Locker,Privada,Premises,Madrid,28015,Lockers Estepa,Calle de Hilarión Eslava 46,40.4370715962723,-3.71631225187722,Amazon,Lockers,Private,Premises,Madrid,Lockers Estepa,Calle de Hilarión Eslava 46,28015,,,
907,Amazon,Locker,Privada,Premises,Madrid,28015,Lockers Agud,Calle de Blasco de Garay 74,40.4371631277519,-3.71118922237097,Amazon,Lockers,Private,Premises,Madrid,Lockers Agud,Calle de Blasco de Garay 74,28015,,,
908,Amazon,Convenience Stores,Privada,Premises,Madrid,28015,Dgv Soluciones,"C. de Fernando el Católico, 80",40.4347945702125,-3.71632629690332,Amazon,Convenience stores,Private,Premises,Madrid,Dgv Soluciones,"C. de Fernando el Católico, 80",28015,,,
909,Amazon,Locker,Privada,Supermarket,Madrid,28015,Lockers Aboy,"C. de Andrés Mellado, 43",40.435132603825,-3.71455538262019,Amazon,Lockers,Private,Supermarket,Madrid,Lockers Aboy,"C. de Andrés Mellado, 43",28015,,,
910,Amazon,Locker,Privada,Premises,Madrid,28015,Amazon Locker - Algarate Lavanderia,"C. de Hilarión Eslava, 15",40.4336372097528,-3.71692720352665,Amazon,Lockers,Private,Premises,Madrid,Amazon Locker - Algarate Lavanderia,"C. de Hilarión Eslava, 15",28015,,,
911,Amazon,Convenience Stores,Privada,Premises,Madrid,28015,Seur - Dgv Soluciones,"C. de Fernando el Católico, 80",40.4348182861568,-3.71624217162717,Amazon,Convenience stores,Private,Premises,Madrid,Seur - Dgv Soluciones,"C. de Fernando el Católico, 80",28015,,,
912,Amazon,Convenience Stores,Privada,Premises,Madrid,28015,Amazon Counter - Don Lector,"C. de Fernández de los Ríos, 60",40.4354971532014,-3.71161598253562,Amazon,Convenience stores,Private,Premises,Madrid,Amazon Counter - Don Lector,"C. de Fernández de los Ríos, 60",28015,,,
913,Amazon,Convenience Stores,Privada,Premises,Madrid,28015,Amazon Counter - Moviltech.,"C. de Meléndez Valdés, 52, Local 12",40.4333166665598,-3.71469949888672,Amazon,Convenience stores,Private,Premises,Madrid,Amazon Counter - Moviltech.,"C. de Meléndez Valdés, 52, Local 12",28015,,,
914,Amazon,Convenience Stores,Privada,Premises,Madrid,28015,Amazon Counter - New Technology,"C. de Meléndez Valdés, 52, LOCAL 13",40.4333409411161,-3.71498757447532,Amazon,Convenience stores,Private,Premises,Madrid,Amazon Counter - New Technology,"C. de Meléndez Valdés, 52, LOCAL 13",28015,,,
915,Amazon,Locker,Privada,Service Station,Madrid,28015,Amazon Locker - Alba Gasolinera,"C. de Alberto Aguilera, 18",40.4302722869667,-3.70872722141773,Amazon,Lockers,Private,Service Station,Madrid,Amazon Locker - Alba Gasolinera,"C. de Alberto Aguilera, 18",28015,,,
916,Amazon,Convenience Stores,Privada,Premises,Madrid,28015,Amazon Counter - Space Mobil,"C. de Rodríguez San Pedro, 49",40.4318250814841,-3.71390274601679,Amazon,Convenience stores,Private,Premises,Madrid,Amazon Counter - Space Mobil,"C. de Rodríguez San Pedro, 49",28015,,,
917,Amazon,Locker,Privada,Supermarket,Madrid,28015,Amazon Locker - Rectángulo Supermecado,"C. de Gaztambide, 6",40.4314556461451,-3.71557709385731,Amazon,Lockers,Private,Supermarket,Madrid,Amazon Locker - Rectángulo Supermecado,"C. de Gaztambide, 6",28015,,,
918,Amazon,Convenience Stores,Privada,Premises,Madrid,28015,Seur - Space Mobil,"C. de Rodríguez San Pedro, 49",40.4318820932065,-3.71393470458642,Amazon,Convenience stores,Private,Premises,Madrid,Seur - Space Mobil,"C. de Rodríguez San Pedro, 49",28015,,,
919,Amazon,Locker,Privada,Parking,Madrid,28016,Lockers Carquesa,"Pl. de la R. Dominicana, s/n",40.4589892365251,-3.67647236649321,Amazon,Lockers,Private,Parking,Madrid,Lockers Carquesa,"Pl. de la R. Dominicana, s/n",28016,,,
920,Amazon,Locker,Pública,Public Facility,Madrid,28016,Lockers Correos Madrid Sucursal 19,"C. de Chile, 4",40.4556502531543,-3.67595452298924,Amazon,Lockers,Public,Public facility,Madrid,Lockers Correos Madrid Sucursal 19,"C. de Chile, 4",28016,,,
921,Amazon,Convenience Stores,Pública,Public Facility,Madrid,28016,Correos Madrid Sucursal 19,"C. de Chile, 4",40.4556502531543,-3.67595452298924,Amazon,Convenience stores,Public,Public facility,Madrid,Correos Madrid Sucursal 19,"C. de Chile, 4",28016,,,
922,Amazon,Convenience Stores,Privada,Premises,Madrid,28016,Alimentacion Bazar,"C. de Uruguay, 13",40.4554716623745,-3.67454122392489,Amazon,Convenience stores,Private,Premises,Madrid,Alimentacion Bazar,"C. de Uruguay, 13",28016,,,
923,Amazon,Convenience Stores,Privada,Premises,Madrid,28016,Vanse Artesanos Gourmet,"C. de Colombia, 16",40.4569035233779,-3.6752009524974,Amazon,Convenience stores,Private,Premises,Madrid,Vanse Artesanos Gourmet,"C. de Colombia, 16",28016,,,
924,Amazon,Convenience Stores,Privada,Premises,Madrid,28016,Seur Expendeduria 401,"C. de Víctor Andrés Belaunde, 2",40.4544784094476,-3.67897098292914,Amazon,Convenience stores,Private,Premises,Madrid,Seur Expendeduria 401,"C. de Víctor Andrés Belaunde, 2",28016,,,
925,Amazon,Convenience Stores,Privada,Premises,Madrid,28016,Amazon Counter - Vanse Artesanos Gourmet,"C. de Colombia, 16",40.4569263288509,-3.67520612352199,Amazon,Convenience stores,Private,Premises,Madrid,Amazon Counter - Vanse Artesanos Gourmet,"C. de Colombia, 16",28016,,,
926,Amazon,Convenience Stores,Privada,Premises,Madrid,28016,Estanco Bernabéu - Paseo Habana,"C. de la Infanta María Teresa, 8",40.454179338082,-3.6813856400623,Amazon,Convenience stores,Private,Premises,Madrid,Estanco Bernabéu - Paseo Habana,"C. de la Infanta María Teresa, 8",28016,,,
927,Amazon,Convenience Stores,Privada,Premises,Madrid,28016,Amazon Counter - Estanco Bernabéu - Paseo Habana,"C. de la Infanta María Teresa, 8",40.4542289382545,-3.68138052432143,Amazon,Convenience stores,Private,Premises,Madrid,Amazon Counter - Estanco Bernabéu - Paseo Habana,"C. de la Infanta María Teresa, 8",28016,,,
928,Amazon,Convenience Stores,Privada,Premises,Madrid,28016,Seur - Mundo Movil Ppe De Vergar,"Calle del Príncipe de Vergara, 291",40.4600222433398,-3.67693401455232,Amazon,Convenience stores,Private,Premises,Madrid,Seur - Mundo Movil Ppe De Vergar,"Calle del Príncipe de Vergara, 291",28016,,,
929,Amazon,Convenience Stores,Privada,Premises,Madrid,28016,Seur Kukos,"Calle de Puerto Rico, 29",40.4571443828721,-3.67443877287801,Amazon,Convenience stores,Private,Premises,Madrid,Seur Kukos,"Calle de Puerto Rico, 29",28016,,,
930,Amazon,Convenience Stores,Privada,Premises,Madrid,28016,Seur Estanco 869,"C. de la Infanta María Teresa, 8",40.4542773034996,-3.68134272080282,Amazon,Convenience stores,Private,Premises,Madrid,Seur Estanco 869,"C. de la Infanta María Teresa, 8",28016,,,
931,Amazon,Convenience Stores,Privada,Premises,Madrid,28016,Seur - Electrodomesticos Escoria,"Calle de Puerto Rico, 2",40.4525126569522,-3.67438280667391,Amazon,Convenience stores,Private,Premises,Madrid,Seur - Electrodomesticos Escoria,"Calle de Puerto Rico, 2",28016,,,
932,Amazon,Locker,Privada,Supermarket,Madrid,28016,Amazon Locker - Hopkins Alcampo,"Alcampo Pio XII, Cl. Pio Xii, 2",40.4628631503267,-3.67505155143972,Amazon,Lockers,Private,Supermarket,Madrid,Amazon Locker - Hopkins Alcampo,"Alcampo Pio XII, Cl. Pio Xii, 2",28016,,,
933,Amazon,Convenience Stores,Privada,Premises,Madrid,28016,Amazon Counter - Alimentacion Xiaofen,"Av. de Alfonso XIII, 145",40.4604032047995,-3.67569122306962,Amazon,Convenience stores,Private,Premises,Madrid,Amazon Counter - Alimentacion Xiaofen,"Av. de Alfonso XIII, 145",28016,,,
934,Amazon,Locker,Privada,Premises,Madrid,28016,Amazon Locker - Costilla,"Calle Bolivia Esquina Colombia, Madrid, Madrid, 28016",40.45732321641,-3.67796358266079,Amazon,Lockers,Private,Premises,Madrid,Amazon Locker - Costilla,"Calle Bolivia Esquina Colombia, Madrid, Madrid, 28016",28016,,,
935,Amazon,Locker,Privada,Supermarket,Madrid,28017,Amazon Locker - Cuchillo Supemercado,"Pasaje Arriaga, s/n cv Santurce, 2",40.4251084644422,-3.64024469760089,Amazon,Lockers,Private,Supermarket,Madrid,Amazon Locker - Cuchillo Supemercado,"Pasaje Arriaga, s/n cv Santurce, 2",28017,,,
936,Amazon,Convenience Stores,Privada,Premises,Madrid,28017,Seur - Fiesta Lovers,"C. de Santurce, 8",40.4254262976746,-3.63976274999743,Amazon,Convenience stores,Private,Premises,Madrid,Seur - Fiesta Lovers,"C. de Santurce, 8",28017,,,
937,Amazon,Locker,Privada,Premises,Madrid,28017,Amazon Locker - Abou,Calle de Gonzalo de Berceo 29,40.4279332832068,-3.64185171508084,Amazon,Lockers,Private,Premises,Madrid,Amazon Locker - Abou,Calle de Gonzalo de Berceo 29,28017,,,
938,Amazon,Locker,Privada,Service Station,Madrid,28017,Amazon Locker - Cerca Bp,"E.S. BP CONQUISTA, Avenida Daroca Km 0.4",40.4180848329117,-3.62944923392645,Amazon,Lockers,Private,Service Station,Madrid,Amazon Locker - Cerca Bp ,"E.S. BP CONQUISTA, Avenida Daroca Km 0.4",28017,,,
939,Amazon,Convenience Stores,Privada,Premises,Madrid,28017,Seur - Tribuna Libros,"Calle de Portugalete, 17",40.426883187153,-3.63487287934045,Amazon,Convenience stores,Private,Premises,Madrid,Seur - Tribuna Libros,"Calle de Portugalete, 17",28017,,,
940,Amazon,Locker,Privada,Premises,Madrid,28017,Amazon Locker - Tricas,"Lavaxpres Gutierre Cetina, Calle de Gutierre de Cetina 89",40.4293337927235,-3.64046336117263,Amazon,Lockers,Private,Premises,Madrid,Amazon Locker - Tricas,"Lavaxpres Gutierre Cetina, Calle de Gutierre de Cetina 89",28017,,,
941,Amazon,Locker,Privada,Premises,Madrid,28017,Amazon Locker - Sustancia,"DIA Gutierrez, Gutierrez De Cetina, 50",40.4305380517311,-3.64171119872731,Amazon,Lockers,Private,Premises,Madrid,Amazon Locker - Sustancia,"DIA Gutierrez, Gutierrez De Cetina, 50",28017,,,
942,Amazon,Convenience Stores,Privada,Premises,Madrid,28017,Amazon Counter - Tecno Cell,"C. de Ezequiel Solana, 100",40.42758458492,-3.6425595392359,Amazon,Convenience stores,Private,Premises,Madrid,Amazon Counter - Tecno Cell,"C. de Ezequiel Solana, 100",28017,,,
943,Amazon,Convenience Stores,Privada,Premises,Madrid,28017,Amazon Counter - La Clinica Del Movil,"C. de Gutierre de Cetina, 78, LOCAL 2",40.4282874470977,-3.63989282391226,Amazon,Convenience stores,Private,Premises,Madrid,Amazon Counter - La Clinica Del Movil,"C. de Gutierre de Cetina, 78, LOCAL 2",28017,,,
944,Amazon,Convenience Stores,Privada,Premises,Madrid,28017,Seur - Autoescuela Villajimena,"C. de Fco. Villaespesa, 10",40.4291718100853,-3.64525163980656,Amazon,Convenience stores,Private,Premises,Madrid,Seur - Autoescuela Villajimena,"C. de Fco. Villaespesa, 10",28017,,,
945,Amazon,Convenience Stores,Privada,Premises,Madrid,28017,Amazon Counter - Locutorio Mendez Lora,"C. de Vicente Espinel, 43",40.4328178880285,-3.64133400531421,Amazon,Convenience stores,Private,Premises,Madrid,Amazon Counter - Locutorio Mendez Lora,"C. de Vicente Espinel, 43",28017,,,
946,Amazon,Convenience Stores,Privada,Premises,Madrid,28017,Amazon Counter - Loterias Felicidad 20,"Calle de Sta Felicidad, 20",40.4254669411551,-3.65032674432901,Amazon,Convenience stores,Private,Premises,Madrid,Amazon Counter - Loterias Felicidad 20,"Calle de Sta Felicidad, 20",28017,,,
947,Amazon,Convenience Stores,Privada,Premises,Madrid,28017,Seur - Papeleria Libreria Adelfa,"C. del Poeta Blas de Otero, 32",40.4216740057187,-3.65170077426152,Amazon,Convenience stores,Private,Premises,Madrid,Seur - Papeleria Libreria Adelfa,"C. del Poeta Blas de Otero, 32",28017,,,
948,Amazon,Locker,Privada,Premises,Madrid,28017,Amazon Locker - Cardelus,"Ahorramas Los Urquiza, Calle de los Urquiza 5",40.4336823901019,-3.64574171234898,Amazon,Lockers,Private,Premises,Madrid,Amazon Locker - Cardelus,"Ahorramas Los Urquiza, Calle de los Urquiza 5",28017,,,
949,Amazon,Convenience Stores,Privada,Premises,Madrid,28018,Amazon Counter - Linea Digital.Info,"Av. de Rafael Alberti, 32",40.3851375935454,-3.64265365951523,Amazon,Convenience stores,Private,Premises,Madrid,Amazon Counter - Linea Digital.Info,"Av. de Rafael Alberti, 32",28018,,,
950,Amazon,Convenience Stores,Privada,Premises,Madrid,28018,Seur - Contrasenya Pc,"Av. de Rafael Alberti, 28",40.3857850921611,-3.64211728436936,Amazon,Convenience stores,Private,Premises,Madrid,Seur - Contrasenya Pc,"Av. de Rafael Alberti, 28",28018,,,
951,Amazon,Locker,Privada,Premises,Madrid,28018,Amazon Locker - Claque,"Speed Queen, Avenida de Palomeras 114",40.3867575386774,-3.65189018681606,Amazon,Lockers,Private,Premises,Madrid,Amazon Locker - Claque,"Speed Queen, Avenida de Palomeras 114",28018,,,
952,Amazon,Locker,Privada,Premises,Madrid,28018,Amazon Locker - Basagana,"Don Limpio Lavandería, Avenida Pablo Neruda 106",40.3828356273106,-3.6498177554962,Amazon,Lockers,Private,Premises,Madrid,Amazon Locker - Basagana,"Don Limpio Lavandería, Avenida Pablo Neruda 106",28018,,,
953,Amazon,Convenience Stores,Privada,Premises,Madrid,28018,Seur - Maturana Decorhogar,"Av. de Palomeras, 129",40.3868319049144,-3.65075181053635,Amazon,Convenience stores,Private,Premises,Madrid,Seur - Maturana Decorhogar,"Av. de Palomeras, 129",28018,,,
954,Amazon,Convenience Stores,Privada,Premises,Madrid,28018,Seur - Zeta Home,"Av. de Pablo Neruda, 59",40.3825773175786,-3.64909011592424,Amazon,Convenience stores,Private,Premises,Madrid,Seur - Zeta Home,"Av. de Pablo Neruda, 59",28018,,,
955,Amazon,Convenience Stores,Privada,Premises,Madrid,28018,Amazon Counter - Alimentacion Y Productos Lati,"C. Pedro Callejo, 1",40.390643713456,-3.64851780510397,Amazon,Convenience stores,Private,Premises,Madrid,Amazon Counter - Alimentacion Y Productos Lati,"C. Pedro Callejo, 1",28018,,,
956,Amazon,Locker,Privada,Premises,Madrid,28019,Amazon Locker - Vanuatu Lavaxpres,"C. de Alejandro Sánchez, 35",40.3905687154824,-3.72357455176122,Amazon,Lockers,Private,Premises,Madrid,Amazon Locker - Vanuatu Lavaxpres,"C. de Alejandro Sánchez, 35",28019,,,
957,Amazon,Convenience Stores,Privada,Premises,Madrid,28019,Amazon Counter - Ciber Comunitel,"C. Castro de Oro, 2",40.389394429386,-3.72988030477403,Amazon,Convenience stores,Private,Premises,Madrid,Amazon Counter - Ciber Comunitel,"C. Castro de Oro, 2",28019,,,
958,Amazon,Locker,Privada,Premises,Madrid,28019,Amazon Locker - Celestina,"Disa E.S. Shell Plaza Eliptica, Po De Santa Maria De La Cabeza No168",40.3869649068344,-3.71677409476448,Amazon,Lockers,Private,Premises,Madrid,Amazon Locker - Celestina,"Disa E.S. Shell Plaza Eliptica, Pº De Santa Maria De La Cabeza Nº168",28019,,,
959,Amazon,Convenience Stores,Privada,Premises,Madrid,28019,Seur - Relojeria Julio Gayo,"C. de Jacinto Verdaguer, 34",40.3955450493524,-3.71863561050739,Amazon,Convenience stores,Private,Premises,Madrid,Seur - Relojeria Julio Gayo,"C. de Jacinto Verdaguer, 34",28019,,,
960,Amazon,Convenience Stores,Privada,Premises,Madrid,28019,Amazon Counter - Estanco Valle De Oro,"C. Juan Francisco, 1",40.3880761126892,-3.73101301200472,Amazon,Convenience stores,Private,Premises,Madrid,Amazon Counter - Estanco Valle De Oro,"C. Juan Francisco, 1",28019,,,
961,Amazon,Convenience Stores,Privada,Premises,Madrid,28019,Amazon Counter - Paquito Colombiano S.L.,"C. de la Vía, 48",40.3857049066558,-3.71896495154845,Amazon,Convenience stores,Private,Premises,Madrid,Amazon Counter - Paquito Colombiano S.L.,"C. de la Vía, 48",28019,,,
962,Amazon,Locker,Privada,Premises,Madrid,28019,Amazon Locker - Catano,"Ahorramas Victor Manuel III, Calle de Víctor Manuel III 1",40.389382303605,-3.7214097252546,Amazon,Lockers,Private,Premises,Madrid,Amazon Locker - Catano,"Ahorramas Victor Manuel III, Calle de Víctor Manuel III 1",28019,,,
963,Amazon,Convenience Stores,Privada,Kiosk,Madrid,28019,Amazon Counter - Kiosko Oporto.,"Gta. Valle de Oro, 4",40.3885981442721,-3.73066003695979,Amazon,Convenience stores,Private,Kiosk,Madrid,Amazon Counter - Kiosko Oporto.,"Gta. Valle de Oro, 4",28019,,,
964,Amazon,Convenience Stores,Privada,Premises,Madrid,28019,Seur - Saneamientos Palomo Fonta,"C. del Camino Viejo de Leganés, 47",40.3910053464809,-3.72485504406624,Amazon,Convenience stores,Private,Premises,Madrid,Seur - Saneamientos Palomo Fonta,"C. del Camino Viejo de Leganés, 47",28019,,,
965,Amazon,Convenience Stores,Privada,Premises,Madrid,28019,Amazon Counter - Estanco Nieves,"C. San Patricio, 6",40.3918853629569,-3.72543673015196,Amazon,Convenience stores,Private,Premises,Madrid,Amazon Counter - Estanco Nieves,"C. San Patricio, 6",28019,,,
966,Amazon,Convenience Stores,Privada,Premises,Madrid,28019,Amazon Counter - Locutorio 3115.,"Gta. Valle de Oro, 12",40.3882930710274,-3.7310400283479,Amazon,Convenience stores,Private,Premises,Madrid,Amazon Counter - Locutorio 3115.,"Gta. Valle de Oro, 12",28019,,,
967,Amazon,Convenience Stores,Privada,Premises,Madrid,28019,Amazon Counter - Movilatino,"Av. de Oporto, 69",40.3868970122146,-3.72911824022445,Amazon,Convenience stores,Private,Premises,Madrid,Amazon Counter - Movilatino,"Av. de Oporto, 69",28019,,,
968,Amazon,Locker,Privada,Gym,Madrid,28019,Amazon Locker - Artalejo Gym,Calle del General Ricardos 36,40.3958690046592,-3.7200286895458,Amazon,Lockers,Private,Gym,Madrid,Amazon Locker - Artalejo Gym,Calle del General Ricardos 36,28019,,,
969,Amazon,Convenience Stores,Privada,Premises,Madrid,28019,Amazon Counter - Latin Travel España,"C. Castro de Oro, 12",40.3891038121747,-3.72949052866191,Amazon,Convenience stores,Private,Premises,Madrid,Amazon Counter - Latin Travel España,"C. Castro de Oro, 12",28019,,,
970,Amazon,Locker,Privada,Parking,Madrid,28020,Lockers Borao,"Av. del General Perón, 27",40.4531654666857,-3.69396362298742,Amazon,Lockers,Private,Parking,Madrid,Lockers Borao,"Av. del General Perón, 27",28020,,,
971,Amazon,Locker,Privada,Parking,Madrid,28020,Lockers Rimbau,"C. de San Germán, 11",40.4564763779808,-3.69347126458778,Amazon,Lockers,Private,Parking,Madrid,Lockers Rimbau,"C. de San Germán, 11",28020,,,
972,Amazon,Locker,Privada,Parking,Madrid,28020,Lockers Cadascuna,"C. de Orense, 50",40.4580859039474,-3.69422595405385,Amazon,Lockers,Private,Parking,Madrid,Lockers Cadascuna,"C. de Orense, 50",28020,,,
973,Amazon,Locker,Privada,Parking,Madrid,28020,Lockers Halibut,"Av. del General Perón, 32",40.4525834337402,-3.69388023004312,Amazon,Lockers,Private,Parking,Madrid,Lockers Halibut,"Av. del General Perón, 32",28020,,,
974,Amazon,Locker,Pública,Public Facility,Madrid,28020,Lockers Correos Madrid Sucursal 36 Juli,"C. de Orense, 55",40.4562972959803,-3.69479587984497,Amazon,Lockers,Public,Public facility,Madrid,Lockers Correos Madrid Sucursal 36 Juli,"C. de Orense, 55",28020,,,
975,Amazon,Convenience Stores,Pública,Public Facility,Madrid,28020,Correos Madrid Sucursal 36,"Julian Besteiro S/n Esquina San Germán Madrid Suc. 36, C. de Orense",40.4564216058178,-3.69483442173568,Amazon,Convenience stores,Public,Public facility,Madrid,Correos Madrid Sucursal 36,"Julian Besteiro S/n Esquina San Germán Madrid Suc. 36, C. de Orense",28020,,,
976,Amazon,Locker,Pública,Public Facility,Madrid,28020,Lockers Correos Madrid Sucursal 36,"C. de Orense, 55",40.4562972959803,-3.69479587984497,Amazon,Lockers,Public,Public facility,Madrid,Lockers Correos Madrid Sucursal 36,"C. de Orense, 55",28020,,,
977,Amazon,Convenience Stores,Pública,Public Facility,Madrid,28020,Correos Madrid Sucursal 66,"Pl. Pablo Ruiz Picasso, 1",40.4502385314418,-3.6930769481414,Amazon,Convenience stores,Public,Public facility,Madrid,Correos Madrid Sucursal 66,"Pl. Pablo Ruiz Picasso, 1",28020,,,
978,Amazon,Locker,Privada,Gym,Madrid,28020,Lockers Clavell,"C. del Pensamiento, 26",40.4589545059345,-3.69583877603379,Amazon,Lockers,Private,Gym,Madrid,Lockers Clavell,"C. del Pensamiento, 26",28020,,,
979,Amazon,Locker,Privada,Premises,Madrid,28020,Lockers Jarama,"C. Alonso Castrillo, 22",40.4588803718642,-3.69786526459087,Amazon,Lockers,Private,Premises,Madrid,Lockers Jarama,"C. Alonso Castrillo, 22",28020,,,
980,Amazon,Convenience Stores,Privada,Premises,Madrid,28020,Tienda Seur Punto Orense,"C. de Orense, 28",40.4522405948862,-3.69479584876678,Amazon,Convenience stores,Private,Premises,Madrid,Tienda Seur Punto Orense,"C. de Orense, 28",28020,,,
981,Amazon,Locker,Privada,Premises,Madrid,28020,Lockers Delauz Expendeduria N706,Calle de Bravo Murillo 223,40.4571270379101,-3.70206443315377,Amazon,Lockers,Private,Premises,Madrid,Lockers Delauz Expendeduria N706,Calle de Bravo Murillo 223,28020,,,
982,Amazon,Locker,Privada,Parking,Madrid,28020,Amazon Locker - Herrarte Parking,"C. de Edgar Neville, 1",40.4471701835147,-3.69720902341933,Amazon,Lockers,Private,Parking,Madrid,Amazon Locker - Herrarte Parking,"C. de Edgar Neville, 1",28020,,,
983,Amazon,Convenience Stores,Privada,Premises,Madrid,28020,Seur Locutorio San German,"C. de San Germán, 49C",40.4572753937669,-3.70025459190561,Amazon,Convenience stores,Private,Premises,Madrid,Seur Locutorio San German,"C. de San Germán, 49C",28020,,,
984,Amazon,Convenience Stores,Privada,Premises,Madrid,28020,Amazon Counter - Locutorio San German,"C. de San Germán, 49",40.4572508860507,-3.7001689756714,Amazon,Convenience stores,Private,Premises,Madrid,Amazon Counter - Locutorio San German,"C. de San Germán, 49",28020,,,
985,Amazon,Convenience Stores,Privada,Premises,Madrid,28020,Seur - Print It Peron,"Av. del General Perón, 4",40.4524857735108,-3.69887494372644,Amazon,Convenience stores,Private,Premises,Madrid,Seur - Print It Peron,"Av. del General Perón, 4",28020,,,
986,Amazon,Locker,Privada,Premises,Madrid,28020,Amazon Locker - Parcae,"Speed Queen Lino Lavanderia, Calle Lino 2",40.4602571341047,-3.69851994312221,Amazon,Lockers,Private,Premises,Madrid,Amazon Locker - Parcae ,"Speed Queen Lino Lavanderia, Calle Lino 2",28020,,,
987,Amazon,Convenience Stores,Privada,Premises,Madrid,28020,Amazon Counter - Alimentación Bazar,"C. de la Infanta Mercedes, 70",40.4612628278211,-3.6958084264269,Amazon,Convenience stores,Private,Premises,Madrid,Amazon Counter - Alimentación Bazar,"C. de la Infanta Mercedes, 70",28020,,,
988,Amazon,Locker,Privada,Premises,Madrid,28020,Amazon Locker - Udaondo,"DIA Bravo Murillo, Calle de Bravo Murillo 308",40.4633651572661,-3.69641025982613,Amazon,Lockers,Private,Premises,Madrid,Amazon Locker - Udaondo,"DIA Bravo Murillo, Calle de Bravo Murillo 308",28020,,,
989,Amazon,Convenience Stores,Privada,Premises,Madrid,28021,Amazon Counter - Parada Amarilla Rocafort,"C. de Rocafort, 22",40.3415571383422,-3.68728309972905,Amazon,Convenience stores,Private,Premises,Madrid,Amazon Counter - Parada Amarilla Rocafort,"C. de Rocafort, 22",28021,,,
990,Amazon,Convenience Stores,Privada,Premises,Madrid,28021,Amazon Counter - Locutorio Roas,"C. de Rocafort, 87",40.3425007381261,-3.68641298882393,Amazon,Convenience stores,Private,Premises,Madrid,Amazon Counter - Locutorio Roas,"C. de Rocafort, 87",28021,,,
991,Amazon,Convenience Stores,Privada,Premises,Madrid,28021,Amazon Counter - M Electronics,"Pl. Pinazo, LOCAL 134",40.3426634672624,-3.69102619883639,Amazon,Convenience stores,Private,Premises,Madrid,Amazon Counter - M Electronics,"Pl. Pinazo, LOCAL 134",28021,,,
992,Amazon,Locker,Pública,Public Facility,Madrid,28021,Citypaq Lockers-Itv Itevelesa Villaverde,"Calle de S. Dalmacio, 13",40.3434443041951,-3.69314980810349,Amazon,Lockers,public,Public facility,Madrid,Citypaq Lockers-Itv Itevelesa Villaverde,"Calle de S. Dalmacio, 13",28021,,,
993,Amazon,Convenience Stores,Privada,Premises,Madrid,28021,Amazon Counter - Ciberlocutorio.Com,"Pl. Pinazo, 12",40.3428102962111,-3.6915898048466,Amazon,Convenience stores,Private,Premises,Madrid,Amazon Counter - Ciberlocutorio.Com,"Pl. Pinazo, 12",28021,,,
994,Amazon,Convenience Stores,Privada,Premises,Madrid,28021,Amazon Counter - Locutorio Zulema,"C. de Juan José Martínez Seco, 82",40.3525899027947,-3.68458388059768,Amazon,Convenience stores,Private,Premises,Madrid,Amazon Counter - Locutorio Zulema,"C. de Juan José Martínez Seco, 82",28021,,,
995,Amazon,Locker,Privada,Service Station,Madrid,28021,Amazon Locker - Alubias Galp,"Av. Real de Pinto, 106",40.33930003463,-3.70934173394826,Amazon,Lockers,Private,Service Station,Madrid,Amazon Locker - Alubias Galp,"Av. Real de Pinto, 106",28021,,,
996,Amazon,Locker,Privada,Premises,Madrid,28021,Amazon Locker - Amadoz Lavanderia,"C. Delmira Agustini, 2",40.3544791586643,-3.68694788655566,Amazon,Lockers,Private,Premises,Madrid,Amazon Locker - Amadoz Lavanderia,"C. Delmira Agustini, 2",28021,,,
997,Amazon,Convenience Stores,Privada,Premises,Madrid,28021,Amazon Counter - Papeleria Del Pino,"C. de José del Pino, 80",40.3512394318524,-3.68664763948936,Amazon,Convenience stores,Private,Premises,Madrid,Amazon Counter - Papeleria Del Pino,"C. de José del Pino, 80",28021,,,
998,Amazon,Convenience Stores,Privada,Premises,Madrid,28021,Amazon Counter - Papeleria Y Libreria Arcoiris,"C. de Juan José Martínez Seco, 68",40.3519790395543,-3.6856889146745,Amazon,Convenience stores,Private,Premises,Madrid,Amazon Counter - Papeleria Y Libreria Arcoiris,"C. de Juan José Martínez Seco, 68",28021,,,
999,Amazon,Convenience Stores,Privada,Premises,Madrid,28021,"Amazon Counter - Frutas, Verduras, Marconi","Calle Principal, 23",40.3338936787346,-3.70049957074885,Amazon,Convenience stores,Private,Premises,Madrid,"Amazon Counter - Frutas, Verduras, Marconi","Calle Principal, 23",28021,,,
1000,Amazon,Convenience Stores,Privada,Premises,Madrid,28021,Amazon Counter - Regalos Y Algo Más,"C. Esperanza Macarena, 22",40.3497409120033,-3.69040036889972,Amazon,Convenience stores,Private,Premises,Madrid,Amazon Counter - Regalos Y Algo Más,"C. Esperanza Macarena, 22",28021,,,
1001,Amazon,Locker,Privada,Service Station,Madrid,28021,Amazon Locker - Aristeo Repsol,"Av. de los Rosales, 147",40.3399927054538,-3.66870981895913,Amazon,Lockers,Private,Service Station,Madrid,Amazon Locker - Aristeo Repsol,"Av. de los Rosales, 147",28021,,,
1002,Amazon,Locker,Privada,Supermarket,Madrid,28022,Amazon Locker - Cirpaci Supermercado,"C/ de Boltaña, 17",40.4453723759214,-3.61318120409898,Amazon,Lockers,Private,Supermarket,Madrid,Amazon Locker - Cirpaci Supermercado,"C/ de Boltaña, 17",28022,,,
1003,Amazon,Locker,Privada,Premises,Madrid,28022,Amazon Locker - Lima Lanaderia,"C. de San Mariano, 33",40.4426534536676,-3.61233692828129,Amazon,Lockers,Private,Premises,Madrid,Amazon Locker - Lima Lanaderia,"C. de San Mariano, 33",28022,,,
1004,Amazon,Convenience Stores,Privada,Premises,Madrid,28022,Amazon Counter - Global Locutorio,"C. de Torre Arias, 8",40.4460386047794,-3.61196771105607,Amazon,Convenience stores,Private,Premises,Madrid,Amazon Counter - Global Locutorio,"C. de Torre Arias, 8",28022,,,
1005,Amazon,Locker,Pública,Public Facility,Madrid,28022,Correos - Madrid Suc 24. Canillejas,"Pl. del Párroco Luis Calleja, 12",40.4449217267937,-3.61156322632794,Amazon,Lockers,Public,Public facility,Madrid,Correos - Madrid Suc 24. Canillejas,"Pl. del Párroco Luis Calleja, 12",28022,,,
1006,Amazon,Locker,Privada,Premises,Madrid,28022,Amazon Locker - Chaola Lavanderia,Calle San Mariano 3 semiesquina,40.4450617890781,-3.61392629205159,Amazon,Lockers,Private,Premises,Madrid,Amazon Locker - Chaola Lavanderia,Calle San Mariano 3 semiesquina,28022,,,
1007,Amazon,Convenience Stores,Privada,Premises,Madrid,28022,Amazon Counter - Estrella Envios,"C. de Torre Arias, 8",40.4460468043451,-3.61194620216469,Amazon,Convenience stores,Private,Premises,Madrid,Amazon Counter - Estrella Envios,"C. de Torre Arias, 8",28022,,,
1008,Amazon,Locker,Privada,Supermarket,Madrid,28022,Amazon Locker - Edgar Supermercado,"Calle de San Faustino, 20",40.4460171677154,-3.60912738402939,Amazon,Lockers,Private,Supermarket,Madrid,Amazon Locker - Edgar Supermercado,"Calle de San Faustino, 20",28022,,,
1009,Amazon,Convenience Stores,Privada,Premises,Madrid,28022,Amazon Counter - Eurovzla,"C. de San Mariano, 15",40.4443640108113,-3.61321925952163,Amazon,Convenience stores,Private,Premises,Madrid,Amazon Counter - Eurovzla,"C. de San Mariano, 15",28022,,,
1010,Amazon,Convenience Stores,Privada,Premises,Madrid,28022,Seur - Herbolario Jupa San Maria,"C. de San Mariano, 44",40.4430198604549,-3.61270269447088,Amazon,Convenience stores,Private,Premises,Madrid,Seur - Herbolario Jupa San Maria,"C. de San Mariano, 44",28022,,,
1011,Amazon,Convenience Stores,Privada,Premises,Madrid,28022,Amazon Counter - Gran Bazar Plaza China,"C/ de Boltaña, 40",40.4455067950025,-3.61273793798588,Amazon,Convenience stores,Private,Premises,Madrid,Amazon Counter - Gran Bazar Plaza China,"C/ de Boltaña, 40",28022,,,
1012,Amazon,Convenience Stores,Privada,Premises,Madrid,28022,Seur - Rmc Servicios,"C. de Nicolasa Gómez, 72",40.439439556045,-3.6125119556468,Amazon,Convenience stores,Private,Premises,Madrid,Seur - Rmc Servicios,"C. de Nicolasa Gómez, 72",28022,,,
1013,Amazon,Convenience Stores,Privada,Premises,Madrid,28022,Amazon Counter - Multiservicios A Y J,"C. de Alcalá, 644",40.4491022671605,-3.60827711748803,Amazon,Convenience stores,Private,Premises,Madrid,Amazon Counter - Multiservicios A Y J,"C. de Alcalá, 644",28022,,,
1014,Amazon,Convenience Stores,Privada,Premises,Madrid,28022,Amazon Counter - Golden Express Alcala,"C. de Alcalá, 662",40.4493463548824,-3.60758184460133,Amazon,Convenience stores,Private,Premises,Madrid,Amazon Counter - Golden Express Alcala,"C. de Alcalá, 662",28022,,,
1015,Amazon,Convenience Stores,Privada,Premises,Madrid,28022,Amazon Counter - New Mascota Canillejas,"C/ de Boltaña, 59",40.4479236490082,-3.60953628168628,Amazon,Convenience stores,Private,Premises,Madrid,Amazon Counter - New Mascota Canillejas,"C/ de Boltaña, 59",28022,,,
1016,Amazon,Locker,Privada,Public Facility,Madrid,28023,Correos - Madrid Suc 33. Aravaca,"C. de Caroli, 10",40.4586842825984,-3.78477478861535,Amazon,Lockers,Private,Public facility,Madrid,Correos - Madrid Suc 33. Aravaca,"C. de Caroli, 10",28023,,,
1017,Amazon,Convenience Stores,Privada,Premises,Madrid,28023,Amazon Counter - Locutorio El Profe,"C. de Caroli, 14",40.4576332124636,-3.78414589116639,Amazon,Convenience stores,Private,Premises,Madrid,Amazon Counter - Locutorio El Profe,"C. de Caroli, 14",28023,,,
1018,Amazon,Locker,Pública,Public Facility,Madrid,28023,Citypaq Lockers-Correos Madrid Suc 33. Aravaca,"C. de Caroli, 10",40.45872415991,-3.78484040411179,Amazon,Lockers,Public,Public facility,Madrid,Citypaq Lockers-Correos Madrid Suc 33. Aravaca,"C. de Caroli, 10",28023,,,
1019,Amazon,Locker,Privada,Premises,Madrid,28023,Amazon Locker - Evangelista Edificio,"Av. del Talgo, 155",40.4473916880448,-3.78882504888917,Amazon,Lockers,Private,Premises,Madrid,Amazon Locker - Evangelista Edificio,"Av. del Talgo, 155",28023,,,
1020,Amazon,Locker,Privada,Service Station,Madrid,28023,Amazon Locker - Raiz Repsol,"EL PLANTIO, Av. de la Victoria, 34",40.4691847939036,-3.82009302825931,Amazon,Lockers,Private,Service Station,Madrid,Amazon Locker - Raiz Repsol,"EL PLANTIO, Av. de la Victoria, 34",28023,,,
1021,Amazon,Locker,Privada,Mall,Madrid,28023,Amazon Locker - Vanesa Cc,"Av. de la Victoria, 2",40.4679665576441,-3.81518315693528,Amazon,Lockers,Private,Mall,Madrid,Amazon Locker - Vanesa Cc,"Av. de la Victoria, 2",28023,,,
1022,Amazon,Locker,Privada,Service Station,Madrid,28023,Amazon Locker - Barbar Cepsa,"A-6 PK: 11,6, 28023 Madrid",40.4660247598859,-3.80107463019782,Amazon,Lockers,Private,Service Station,Madrid,Amazon Locker - Barbar Cepsa,"A-6 PK: 11,6, 28023 Madrid",28023,,,
1023,Amazon,Locker,Pública,Public Facility,Madrid,28024,Citypaq Lockers-Cc Lanceros,"P.o de los Lanceros, 2",40.3794990151406,-3.79255888450277,Amazon,Lockers,Public,Public facility,Madrid,Citypaq Lockers-Cc Lanceros,"P.º de los Lanceros, 2",28024,,,
1024,Amazon,Locker,Privada,Service Station,Madrid,28024,Amazon Locker - Emmanuel Repsol,"CR A-5, P.K. 9,00",40.3787624383988,-3.79038909187999,Amazon,Lockers,Private,Service Station,Madrid,Amazon Locker - Emmanuel Repsol,"CR A-5, P.K. 9,00",28024,,,
1025,Amazon,Convenience Stores,Privada,Premises,Madrid,28024,Amazon Counter - Beverly,"P.o de los Lanceros, 2",40.379516055961,-3.79263105815714,Amazon,Convenience stores,Private,Premises,Madrid,Amazon Counter - Beverly,"P.º de los Lanceros, 2",28024,,,
1026,Amazon,Locker,Privada,Parking,Madrid,28024,Amazon Locker - Perseo Emt Parking,"C. de Fuente de Lima, 14",40.3833891883127,-3.78360956137138,Amazon,Lockers,Private,Parking,Madrid,Amazon Locker - Perseo Emt Parking,"C. de Fuente de Lima, 14",28024,,,
1027,Amazon,Locker,Privada,Premises,Madrid,28024,Amazon Locker - Claudia Local,"Carr. de Carabanchel a Aravaca, Latina",40.3974098228081,-3.77442984789724,Amazon,Lockers,Private,Premises,Madrid,Amazon Locker - Claudia Local,"Carr. de Carabanchel a Aravaca, Latina",28024,,,
1028,Amazon,Convenience Stores,Privada,Premises,Madrid,28024,Seur - Bazar El Parque,"C. de Fuente de Lima, 5",40.3839077638166,-3.78337619455643,Amazon,Convenience stores,Private,Premises,Madrid,Seur - Bazar El Parque,"C. de Fuente de Lima, 5",28024,,,
1029,Amazon,Locker,Privada,Mall,Madrid,28025,Amazon Locker - Damajagua Mercado,"C. de Matilde Hernández, s/n",40.3870132095462,-3.73916625311847,Amazon,Lockers,Private,Mall,Madrid,Amazon Locker - Damajagua Mercado,"C. de Matilde Hernández, s/n",28025,,,
1030,Amazon,Locker,Pública,Public Facility,Madrid,28025,Correos - Madrid Suc 93. Vista Alegre,"C. Hermanas Alonso Barceló, 7",40.3876733544377,-3.73963439286243,Amazon,Lockers,Public,Public facility,Madrid,Correos - Madrid Suc 93. Vista Alegre,"C. Hermanas Alonso Barceló, 7",28025,,,
1031,Amazon,Locker,Pública,Public Facility,Madrid,28025,Citypaq Lockers-Correos Madrid Suc 93. Vista Alegr,"C. Hermanas Alonso Barceló, 7",40.3876733544377,-3.73963439286243,Amazon,Lockers,Public,Public facility,Madrid,Citypaq Lockers-Correos Madrid Suc 93. Vista Alegr,"C. Hermanas Alonso Barceló, 7",28025,,,
1032,Amazon,Convenience Stores,Privada,Premises,Madrid,28025,Amazon Counter - Locutorio Bala,"Calle del Gral. Ricardos, 244",40.3839498405247,-3.74084551015725,Amazon,Convenience stores,Private,Premises,Madrid,Amazon Counter - Locutorio Bala,"Calle del Gral. Ricardos, 244",28025,,,
1033,Amazon,Convenience Stores,Privada,Premises,Madrid,28025,Amazon Counter - Expendeduria 574,"Calle del Gral. Ricardos, 244",40.3839988078486,-3.74089578304446,Amazon,Convenience stores,Private,Premises,Madrid,Amazon Counter - Expendeduria 574,"Calle del Gral. Ricardos, 244",28025,,,
1034,Amazon,Locker,Privada,Premises,Madrid,28025,Amazon Locker - Estambul Estanco,"P.o de Marcelino Camacho, 29",40.3866802374949,-3.74214562209031,Amazon,Lockers,Private,Premises,Madrid,Amazon Locker - Estambul Estanco,"P.º de Marcelino Camacho, 29",28025,,,
1035,Amazon,Convenience Stores,Privada,Premises,Madrid,28025,Amazon Counter - Yp Belleza Y Glamur,"C. de la Laguna, 74",40.3874303233982,-3.74215825553511,Amazon,Convenience stores,Private,Premises,Madrid,Amazon Counter - Yp Belleza Y Glamur,"C. de la Laguna, 74",28025,,,
1036,Amazon,Convenience Stores,Privada,Premises,Madrid,28025,Amazon Counter - Cositas De Mi Tierra,"C. Alondra, 41",40.3880741926807,-3.73876228912639,Amazon,Convenience stores,Private,Premises,Madrid,Amazon Counter - Cositas De Mi Tierra,"C. Alondra, 41",28025,,,
1037,Amazon,Convenience Stores,Privada,Premises,Madrid,28025,Amazon Counter - Estanco Nieto García,"C. de la Oca, 49",40.3893108127506,-3.73801561398987,Amazon,Convenience stores,Private,Premises,Madrid,Amazon Counter - Estanco Nieto García,"C. de la Oca, 49",28025,,,
1038,Amazon,Convenience Stores,Privada,Supermarket,Madrid,28025,Amazon Counter - Super Mercado La Laguna,"C. de la Laguna, 74",40.387423082905,-3.74213307344288,Amazon,Convenience stores,Private,Supermarket,Madrid,Amazon Counter - Super Mercado La Laguna,"C. de la Laguna, 74",28025,,,
1039,Amazon,Convenience Stores,Privada,Premises,Madrid,28025,Seur - Expendeduria 574,"Calle del Gral. Ricardos, 244",40.3839254729522,-3.7408665460149,Amazon,Convenience stores,Private,Premises,Madrid,Seur - Expendeduria 574,"Calle del Gral. Ricardos, 244",28025,,,
1040,Amazon,Convenience Stores,Privada,Premises,Madrid,28025,Amazon Counter - The Mobile Zone,"C. de la Oca, 59",40.389105350703,-3.73891918383386,Amazon,Convenience stores,Private,Premises,Madrid,Amazon Counter - The Mobile Zone,"C. de la Oca, 59",28025,,,
1041,Amazon,Locker,Pública,Public Facility,Madrid,28025,Correos - Madrid Suc 4. Carabanchel Bajo,"Calle del Gral. Ricardos, 212",40.3852817330038,-3.7380273169314,Amazon,Lockers,Public,Public facility,Madrid,Correos - Madrid Suc 4. Carabanchel Bajo,"Calle del Gral. Ricardos, 212",28025,,,
1042,Amazon,Convenience Stores,Privada,Premises,Madrid,28025,Amazon Counter - Fix Mi Movil,"P.o de Marcelino Camacho, 29",40.3866187984534,-3.74217984659405,Amazon,Convenience stores,Private,Premises,Madrid,Amazon Counter - Fix Mi Movil,"P.º de Marcelino Camacho, 29",28025,,,
1043,Amazon,Locker,Privada,Supermarket,Madrid,28025,Amazon Locker - Mokhtari Dia,"C. de la Laguna, 28",40.3909525294782,-3.7423060437852,Amazon,Lockers,Private,Supermarket,Madrid,Amazon Locker - Mokhtari  Dia,"C. de la Laguna, 28",28025,,,
1044,Amazon,Convenience Stores,Privada,Premises,Madrid,28025,Seur - Ecoink Carabanchel,"C. de la Oca, 88",40.388756534753,-3.7417422587455,Amazon,Convenience stores,Private,Premises,Madrid,Seur - Ecoink Carabanchel,"C. de la Oca, 88",28025,,,
1045,Amazon,Convenience Stores,Privada,Premises,Madrid,28025,Amazon Counter - America Tu Tienda Latina,"C. de la Laguna, 66",40.3878044419876,-3.74236424551017,Amazon,Convenience stores,Private,Premises,Madrid,Amazon Counter - America Tu Tienda Latina,"C. de la Laguna, 66",28025,,,
1046,Amazon,Locker,Privada,Premises,Madrid,28025,Amazon Locker - Puyuelo La Wash,"Pl. Carabanchel, 4",40.3810114120099,-3.74090395844172,Amazon,Lockers,Private,Premises,Madrid,Amazon Locker - Puyuelo La Wash,"Pl. Carabanchel, 4",28025,,,
1047,Amazon,Locker,Privada,Supermarket,Madrid,28025,Amazon Locker - Carafi Supermecado,"Calle de la Gaviota, 6",40.3888877288863,-3.73476818272717,Amazon,Lockers,Private,Supermarket,Madrid,Amazon Locker - Carafi Supermecado,"Calle de la Gaviota, 6",28025,,,
1048,Amazon,Convenience Stores,Privada,Supermarket,Madrid,28026,Amazon Counter - Supermercados Jordan,"C. de Isabelita Usera, 84, LOCAL 3",40.3798764718529,-3.7073603704509,Amazon,Convenience stores,Private,Supermarket,Madrid,Amazon Counter - Supermercados Jordan,"C. de Isabelita Usera, 84, LOCAL 3",28026,,,
1049,Amazon,Locker,Privada,Premises,Madrid,28026,Seur - Papeleria Libreria Trazos,"C. Cristo de la Victoria, 113",40.3797876554902,-3.70453427397797,Amazon,Lockers,Private,Premises,Madrid,Seur - Papeleria Libreria Trazos,"C. Cristo de la Victoria, 113",28026,,,
1050,Amazon,Locker,Privada,Supermarket,Madrid,28026,Amazon Locker - Bodigo Dia,"C. de Isabelita Usera, 49",40.3822243067989,-3.70743650836557,Amazon,Lockers,Private,Supermarket,Madrid,Amazon Locker - Bodigo Dia,"C. de Isabelita Usera, 49",28026,,,
1051,Amazon,Convenience Stores,Privada,Premises,Madrid,28026,Amazon Counter - Dani Locutorio,"C. de Isabelita Usera, 47",40.3823479222799,-3.70745546704374,Amazon,Convenience stores,Private,Premises,Madrid,Amazon Counter - Dani Locutorio,"C. de Isabelita Usera, 47",28026,,,
1052,Amazon,Convenience Stores,Privada,Premises,Madrid,28026,Seur - Recambios 90,"C. del Teniente Compaired, 5",40.3820435786413,-3.70794979495808,Amazon,Convenience stores,Private,Premises,Madrid,Seur - Recambios 90,"C. del Teniente Compaired, 5",28026,,,
1053,Amazon,Convenience Stores,Privada,Premises,Madrid,28026,Seur - El Rincon De Yois 2 0,"Av. de Rafaela Ybarra, 42",40.3801672881107,-3.71155645216654,Amazon,Convenience stores,Private,Premises,Madrid,Seur - El Rincon De Yois 2 0,"Av. de Rafaela Ybarra, 42",28026,,,
1054,Amazon,Convenience Stores,Privada,Premises,Madrid,28026,Amazon Counter - Alimentación Y Bazar Frutas,"Av Cerro de los Ángeles, 25",40.3786345173945,-3.71218073119319,Amazon,Convenience stores,Private,Premises,Madrid,Amazon Counter - Alimentación Y Bazar Frutas,"Av Cerro de los Ángeles, 25",28026,,,
1055,Amazon,Convenience Stores,Privada,Premises,Madrid,28026,Seur - Papeleria Multifuncional,"C. Francisco Ruiz, 5",40.3823784724988,-3.70296276496469,Amazon,Convenience stores,Private,Premises,Madrid,Seur - Papeleria Multifuncional,"C. Francisco Ruiz, 5",28026,,,
1056,Amazon,Convenience Stores,Privada,Premises,Madrid,28026,Amazon Counter - Supermax.,"C. de Isabelita Usera, 40, local C",40.3830431856589,-3.70788578732073,Amazon,Convenience stores,Private,Premises,Madrid,Amazon Counter - Supermax.,"C. de Isabelita Usera, 40, local C",28026,,,
1057,Amazon,Convenience Stores,Privada,Premises,Madrid,28026,Amazon Counter - Bazar Verde,"Av Cerro de los Ángeles, 24",40.3793368934646,-3.71281219691992,Amazon,Convenience stores,Private,Premises,Madrid,Amazon Counter - Bazar Verde,"Av Cerro de los Ángeles, 24",28026,,,
1058,Amazon,Convenience Stores,Privada,Premises,Madrid,28026,Seur - Drogueria Y Tienda De Rop,"C. del Santuario, 60",40.3821892760568,-3.6997090172451,Amazon,Convenience stores,Private,Premises,Madrid,Seur - Drogueria Y Tienda De Rop,"C. del Santuario, 60",28026,,,
1059,Amazon,Convenience Stores,Privada,Premises,Madrid,28026,Amazon Counter - Edisosa Sl,"Calle Isidra Jiménez, 3",40.383444554981,-3.70635359214768,Amazon,Convenience stores,Private,Premises,Madrid,Amazon Counter - Edisosa Sl,"Calle Isidra Jiménez, 3",28026,,,
1060,Amazon,Convenience Stores,Privada,Premises,Madrid,28026,Seur - Alimentacion Y Dtodo User,"C. de Elisa, 15",40.3859068308701,-3.70966368376222,Amazon,Convenience stores,Private,Premises,Madrid,Seur - Alimentacion Y Dtodo User,"C. de Elisa, 15",28026,,,
1061,Amazon,Convenience Stores,Privada,Premises,Madrid,28026,Amazon Counter - Esperanza Locutorio,"Av Cerro de los Ángeles, 1, LOCAL C",40.3809585183143,-3.71305975996308,Amazon,Convenience stores,Private,Premises,Madrid,Amazon Counter - Esperanza Locutorio,"Av Cerro de los Ángeles, 1, LOCAL C",28026,,,
1062,Amazon,Convenience Stores,Privada,Premises,Madrid,28026,Amazon Counter - Tienda De Ropa Anayka,"C. del Santuario, 60, LOCAL 1",40.3822115551304,-3.69969225847916,Amazon,Convenience stores,Private,Premises,Madrid,Amazon Counter - Tienda De Ropa Anayka,"C. del Santuario, 60, LOCAL 1",28026,,,
1063,Amazon,Convenience Stores,Privada,Premises,Madrid,28026,Amazon Counter - Papeleria Y Moviles Elisa,"C. Francisco Ruiz, 5",40.3823784657732,-3.70298439070116,Amazon,Convenience stores,Private,Premises,Madrid,Amazon Counter - Papeleria Y Moviles Elisa,"C. Francisco Ruiz, 5",28026,,,
1064,Amazon,Convenience Stores,Privada,Premises,Madrid,28026,Amazon Counter - Locutorio Watan,"Av Cerro de los Ángeles, 10",40.3801318716116,-3.71300974425597,Amazon,Convenience stores,Private,Premises,Madrid,Amazon Counter - Locutorio Watan,"Av Cerro de los Ángeles, 10",28026,,,
1065,Amazon,Convenience Stores,Privada,Premises,Madrid,28026,Amazon Counter - Ciber Usera-Mohammed,"C. de Ramón Luján, 79",40.3835465937525,-3.7040400847825,Amazon,Convenience stores,Private,Premises,Madrid,Amazon Counter - Ciber Usera-Mohammed,"C. de Ramón Luján, 79",28026,,,
1066,Amazon,Convenience Stores,Privada,Premises,Madrid,28026,Amazon Counter - Locutorio Informatica,"C. de Dolores Barranco, 22",40.3836984779009,-3.70444276772092,Amazon,Convenience stores,Private,Premises,Madrid,Amazon Counter - Locutorio Informatica,"C. de Dolores Barranco, 22",28026,,,
1067,Amazon,Locker,Privada,Service Station,Madrid,28027,Amazon Locker - Eulogio Supermercado,"C. de Agastia, 48",40.4466169930932,-3.65184614032159,Amazon,Lockers,Private,Service Station,Madrid,Amazon Locker - Eulogio Supermercado,"C. de Agastia, 48",28027,,,
1068,Amazon,Locker,Pública,Public Facility,Madrid,28027,Correos - Eo Direccion General De Trafico,"C. de Josefa Valcárcel, 28",40.4487505343379,-3.64462965388603,Amazon,Lockers,Public,Public facility,Madrid,Correos - Eo Direccion General De Trafico,"C. de Josefa Valcárcel, 28",28027,,,
1069,Amazon,Locker,Privada,Service Station,Madrid,28027,Amazon Locker - Piteo Repsol,"C. de Arturo Soria, 29",40.4413873025404,-3.64107344457956,Amazon,Lockers,Private,Service Station,Madrid,Amazon Locker - Piteo Repsol,"C. de Arturo Soria, 29",28027,,,
1070,Amazon,Convenience Stores,Privada,Premises,Madrid,28027,Seur - Papeleria Emejota,"C. de Esteban Mora, 32",40.4394405640468,-3.65281841230929,Amazon,Convenience stores,Private,Premises,Madrid,Seur - Papeleria Emejota,"C. de Esteban Mora, 32",28027,,,
1071,Amazon,Convenience Stores,Privada,Premises,Madrid,28027,Amazon Counter - Locutorio Kamy,"C. de Esteban Mora, 51",40.4390876230015,-3.65131886902819,Amazon,Convenience stores,Private,Premises,Madrid,Amazon Counter - Locutorio Kamy,"C. de Esteban Mora, 51",28027,,,
1072,Amazon,Convenience Stores,Privada,Premises,Madrid,28027,Amazon Counter - Locutorio La Red,"Pl. Virgen del Romero, 7",40.4471312348067,-3.65200220546414,Amazon,Convenience stores,Private,Premises,Madrid,Amazon Counter - Locutorio La Red,"Pl. Virgen del Romero, 7",28027,,,
1073,Amazon,Locker,Privada,Service Station,Madrid,28027,Amazon Locker - Bartola Cepsa,Cl. Hernandez Tejada S/N Esq. Agastia S/N,40.4323176536194,-3.65599859066343,Amazon,Lockers,Private,Service Station,Madrid,Amazon Locker - Bartola Cepsa,Cl. Hernandez Tejada S/N Esq. Agastia S/N,28027,,,
1074,Amazon,Convenience Stores,Privada,Premises,Madrid,28027,Seur - Fokus Mobile,"C. de Alcalá, 273",40.4334030416052,-3.65699808607936,Amazon,Convenience stores,Private,Premises,Madrid,Seur - Fokus Mobile,"C. de Alcalá, 273",28027,,,
1075,Amazon,Locker,Privada,Supermarket,Madrid,28027,Amazon Locker - Cadaya Supermercado,Calle Virgen de la Alegría 10,40.4411162779988,-3.64259945743281,Amazon,Lockers,Private,Supermarket,Madrid,Amazon Locker - Cadaya Supermercado,Calle Virgen de la Alegría 10,28027,,,
1076,Amazon,Locker,Privada,Supermarket,Madrid,28027,Amazon Locker - Baidez Supermercado,"C. de José del Hierro, 57",40.4411187678141,-3.64264167894826,Amazon,Lockers,Private,Supermarket,Madrid,Amazon Locker - Baidez Supermercado,"C. de José del Hierro, 57",28027,,,
1077,Amazon,Convenience Stores,Privada,Premises,Madrid,28028,Mahi Mobile Center,"P.o del Marqués de Zafra, 7",40.4269952536649,-3.66761272236815,Amazon,Convenience stores,Private,Premises,Madrid,Mahi Mobile Center,"P.º del Marqués de Zafra, 7",28028,,,
1078,Amazon,Convenience Stores,Privada,Premises,Madrid,28028,Copipc,"P.o del Marqués de Zafra, 23",40.4264686182959,-3.66562556617077,Amazon,Convenience stores,Private,Premises,Madrid,Copipc,"P.º del Marqués de Zafra, 23",28028,,,
1079,Amazon,Locker,Privada,Supermarket,Madrid,28028,Lockers Guadaira,"C. del Dr. Esquerdo, 20",40.4252633858529,-3.66929076679897,Amazon,Lockers,Private,Supermarket,Madrid,Lockers Guadaira,"C. del Dr. Esquerdo, 20",28028,,,
1080,Amazon,Convenience Stores,Privada,Premises,Madrid,28028,Amazon Counter - Arreglo Y Venta De Ropa Brysep,Calle de Bocángel,40.4301498789124,-3.66419514247379,Amazon,Convenience stores,Private,Premises,Madrid,Amazon Counter - Arreglo Y Venta De Ropa Brysep,Calle de Bocángel,28028,,,
1081,Amazon,Convenience Stores,Privada,Premises,Madrid,28028,Seur - De Buena Tinta,"C/ de Francisco Silvela, 20",40.4312758585969,-3.67098417132588,Amazon,Convenience stores,Private,Premises,Madrid,Seur - De Buena Tinta,"C/ de Francisco Silvela, 20",28028,,,
1082,Amazon,Convenience Stores,Privada,Premises,Madrid,28029,Silver Envios 2,"C. de los Mártires de la Ventilla, 85",40.4715656428628,-3.69309069035781,Amazon,Convenience stores,Private,Premises,Madrid,Silver Envios 2,"C. de los Mártires de la Ventilla, 85",28029,,,
1083,Amazon,Locker,Privada,Premises,Madrid,28029,Lockers Archidona Lavandería Autoservicio Magnolias,Calle de las Magnolias 110,40.4729485506631,-3.68969740776954,Amazon,Lockers,Private,Premises,Madrid,Lockers Archidona Lavandería Autoservicio Magnolias,Calle de las Magnolias 110,28029,,,
1084,Amazon,Convenience Stores,Pública,Public Facility,Madrid,28029,Correos Madrid Sucursal 44,"C. del Padre Rubio, 43",40.4710859648387,-3.69389332173711,Amazon,Convenience stores,Public,Public facility,Madrid,Correos Madrid Sucursal 44,"C. del Padre Rubio, 43",28029,,,
1085,Amazon,Locker,Pública,Public Facility,Madrid,28029,Lockers Correos Madrid Sucursal 44,"C. del Padre Rubio, 43",40.4710859648387,-3.69389332173711,Amazon,Lockers,Public,Public facility,Madrid,Lockers Correos Madrid Sucursal 44,"C. del Padre Rubio, 43",28029,,,
1086,Amazon,Convenience Stores,Privada,Premises,Madrid,28029,Seur Ferreteria Lauro Chichon,"C. del Padre Rubio, 15",40.4704066013052,-3.69189836493589,Amazon,Convenience stores,Private,Premises,Madrid,Seur Ferreteria Lauro Chichon,"C. del Padre Rubio, 15",28029,,,
1087,Amazon,Convenience Stores,Privada,Premises,Madrid,28029,Amazon Counter - Bar La Sirena,"C. del Cañaveral, 75",40.4699768360377,-3.6928214202453,Amazon,Convenience stores,Private,Premises,Madrid,Amazon Counter - Bar La Sirena,"C. del Cañaveral, 75",28029,,,
1088,Amazon,Locker,Privada,Supermarket,Madrid,28029,Amazon Locker - Iliescu Supermercado,Av. de Asturias 40,40.4703317755441,-3.69595804032883,Amazon,Lockers,Private,Supermarket,Madrid,Amazon Locker - Iliescu Supermercado,Av. de Asturias 40,28029,,,
1089,Amazon,Locker,Privada,Supermarket,Madrid,28029,Amazon Locker - Buxeda Supermercado,Calle de Emilia 46,40.4717490628899,-3.69705431200499,Amazon,Lockers,Private,Supermarket,Madrid,Amazon Locker - Buxeda Supermercado,Calle de Emilia 46,28029,,,
1090,Amazon,Locker,Privada,Service Station,Madrid,28029,Amazon Locker - Arteaga Cepsa,"Av. de Monforte de Lemos, 7",40.4777261547011,-3.69122222647367,Amazon,Lockers,Private,Service Station,Madrid,Amazon Locker - Arteaga Cepsa,"Av. de Monforte de Lemos, 7",28029,,,
1091,Amazon,Convenience Stores,Privada,Premises,Madrid,28029,Amazon Counter - Disache C.B.,"C. Pinos Alta, 33",40.466691763232,-3.69667177387283,Amazon,Convenience stores,Private,Premises,Madrid,Amazon Counter - Disache C.B.,"C. Pinos Alta, 33",28029,,,
1092,Amazon,Convenience Stores,Privada,Premises,Madrid,28029,Amazon Counter - Locutorio Silvers Envios..,"C. de González Sola, 16",40.4671167854223,-3.69569879925351,Amazon,Convenience stores,Private,Premises,Madrid,Amazon Counter - Locutorio Silvers Envios..,"C. de González Sola, 16",28029,,,
1093,Amazon,Convenience Stores,Privada,Premises,Madrid,28030,Seur - Estanco El Organillo,"C. del Camino de los Vinateros, 167",40.4059563660252,-3.64198519720097,Amazon,Convenience stores,Private,Premises,Madrid,Seur - Estanco El Organillo,"C. del Camino de los Vinateros, 167",28030,,,
1094,Amazon,Locker,Privada,Supermarket,Madrid,28030,Amazon Locker - Ardisia Supermercado,"Av. de Moratalaz, 181",40.4079984675173,-3.64658404698995,Amazon,Lockers,Private,Supermarket,Madrid,Amazon Locker - Ardisia Supermercado,"Av. de Moratalaz, 181",28030,,,
1095,Amazon,Convenience Stores,Privada,Premises,Madrid,28030,Amazon Counter - Locutorio Chasquinet,"C. del Camino de los Vinateros, 154, LOCAL 82",40.4067302898305,-3.64490687835308,Amazon,Convenience stores,Private,Premises,Madrid,Amazon Counter - Locutorio Chasquinet,"C. del Camino de los Vinateros, 154, LOCAL 82",28030,,,
1096,Amazon,Convenience Stores,Privada,Premises,Madrid,28030,Amazon Counter - Udaco,"Calle MERIDA, 10, UDACO",40.4072602390989,-3.6367154462855,Amazon,Convenience stores,Private,Premises,Madrid,Amazon Counter - Udaco,"Calle MERIDA, 10, UDACO",28030,,,
1097,Amazon,Convenience Stores,Privada,Premises,Madrid,28030,Amazon Counter - Locutorio Mi Llajta,"C. del Camino de los Vinateros, 93, BAJO 1",40.4098081386098,-3.64799807390476,Amazon,Convenience stores,Private,Premises,Madrid,Amazon Counter - Locutorio Mi Llajta,"C. del Camino de los Vinateros, 93, BAJO 1",28030,,,
1098,Amazon,Convenience Stores,Privada,Premises,Madrid,28030,Amazon Counter - Ciberinformatica Moratalaz,"Cl. de la Hacienda de Pavones, 12",40.4040446849851,-3.64785743725641,Amazon,Convenience stores,Private,Premises,Madrid,Amazon Counter - Ciberinformatica Moratalaz,"Cl. de la Hacienda de Pavones, 12",28030,,,
1099,Amazon,Convenience Stores,Privada,Premises,Madrid,28030,Amazon Counter - Estanco Irati,"Av. de Moratalaz, 121",40.4065198974005,-3.65006412210686,Amazon,Convenience stores,Private,Premises,Madrid,Amazon Counter - Estanco Irati,"Av. de Moratalaz, 121",28030,,,
1100,Amazon,Convenience Stores,Privada,Premises,Madrid,28030,Seur - Ciberinformatia Moratalaz,"Cl. de la Hacienda de Pavones, 12",40.4038241426837,-3.64783901425218,Amazon,Convenience stores,Private,Premises,Madrid,Seur - Ciberinformatia Moratalaz,"Cl. de la Hacienda de Pavones, 12",28030,,,
1101,Amazon,Locker,Privada,Premises,Madrid,28030,Amazon Locker - Allueva Estanco,"Av. del Dr. García Tapia, 139",40.4093450367165,-3.6364051985003,Amazon,Lockers,Private,Premises,Madrid,Amazon Locker - Allueva Estanco,"Av. del Dr. García Tapia, 139",28030,,,
1102,Amazon,Convenience Stores,Privada,Premises,Madrid,28030,Seur - Estanco Irati,"Av. de Moratalaz, 121",40.4064627372957,-3.65008707675173,Amazon,Convenience stores,Private,Premises,Madrid,Seur - Estanco Irati,"Av. de Moratalaz, 121",28030,,,
1103,Amazon,Convenience Stores,Privada,Premises,Madrid,28030,Amazon Counter - Estanco Fuente Carrantona,"C. de Mario Cabré, 31",40.4062741515354,-3.6330864485342,Amazon,Convenience stores,Private,Premises,Madrid,Amazon Counter - Estanco Fuente Carrantona,"C. de Mario Cabré, 31",28030,,,
1104,Amazon,Convenience Stores,Privada,Premises,Madrid,28030,Seur - Locutorio Mi Llajta,"C. del Camino de los Vinateros, 93",40.4098159921451,-3.6479906912227,Amazon,Convenience stores,Private,Premises,Madrid,Seur - Locutorio Mi Llajta,"C. del Camino de los Vinateros, 93",28030,,,
1105,Amazon,Convenience Stores,Privada,Premises,Madrid,28030,Amazon Counter - Gallardo Saez Nuria,"C. de Arroyo de Fontarrón, 1",40.4051372324073,-3.65118470212114,Amazon,Convenience stores,Private,Premises,Madrid,Amazon Counter - Gallardo Saez Nuria,"C. de Arroyo de Fontarrón, 1",28030,,,
1106,Amazon,Convenience Stores,Privada,Premises,Madrid,28030,Amazon Counter - La Perla De Moratalaz,"C. del Corregidor Alonso de Tobar, 2, Local G6",40.4030005707032,-3.64863311969783,Amazon,Convenience stores,Private,Premises,Madrid,Amazon Counter - La Perla De Moratalaz,"C. del Corregidor Alonso de Tobar, 2, Local G6",28030,,,
1107,Amazon,Convenience Stores,Privada,Premises,Madrid,28030,Amazon Counter - Estanco Tacona 534,"C. de la Tacona, 33",40.397197484388,-3.64108504037636,Amazon,Convenience stores,Private,Premises,Madrid,Amazon Counter - Estanco Tacona 534,"C. de la Tacona, 33",28030,,,
1108,Amazon,Locker,Pública,Public Facility,Madrid,28030,Correos - Madrid Suc 39. Moratalaz,"C. del Arroyo de la Media Legua, 56",40.4103870676325,-3.65545864648469,Amazon,Lockers,Public,Public facility,Madrid,Correos - Madrid Suc 39. Moratalaz,"C. del Arroyo de la Media Legua, 56",28030,,,
1109,Amazon,Convenience Stores,Privada,Premises,Madrid,28030,Seur - Estanco 627,"Av. del Dr. García Tapia, 139",40.4091075593309,-3.63616216767722,Amazon,Convenience stores,Private,Premises,Madrid,Seur - Estanco 627,"Av. del Dr. García Tapia, 139",28030,,,
1110,Amazon,Convenience Stores,Privada,Premises,Madrid,28030,Amazon Counter - Fiac,"Cl. de la Hacienda de Pavones, 8",40.4045287878443,-3.6490855566558,Amazon,Convenience stores,Private,Premises,Madrid,Amazon Counter - Fiac,"Cl. de la Hacienda de Pavones, 8",28030,,,
1111,Amazon,Locker,Privada,Supermarket,Madrid,28030,Amazon Locker - Castejon Supermercdo,Calle del Camino de los Vinateros 40,40.410572689212,-3.65486430725936,Amazon,Lockers,Private,Supermarket,Madrid,Amazon Locker - Castejon Supermercdo,Calle del Camino de los Vinateros 40,28030,,,
1112,Amazon,Convenience Stores,Privada,Premises,Madrid,28030,Amazon Counter - Frutas Y Verduras Cuenca,"C. de la Encomienda de Palacios, 250",40.3989593292066,-3.64029769526014,Amazon,Convenience stores,Private,Premises,Madrid,Amazon Counter - Frutas Y Verduras Cuenca,"C. de la Encomienda de Palacios, 250",28030,,,
1113,Amazon,Locker,Privada,Supermarket,Madrid,28031,Amazon Locker - Clausell Supermercado,"Calle del Congosto 32, Madrid, Madrid, 28031",40.3730151468536,-3.61958813075367,Amazon,Lockers,Private,Supermarket,Madrid,Amazon Locker - Clausell Supermercado,"Calle del Congosto 32, Madrid, Madrid, 28031",28031,,,
1114,Amazon,Convenience Stores,Privada,Premises,Madrid,28031,Amazon Counter - Aziz Locutorio,"C. del Congosto, 19",40.373125809432,-3.61923432374873,Amazon,Convenience stores,Private,Premises,Madrid,Amazon Counter - Aziz Locutorio,"C. del Congosto, 19",28031,,,
1115,Amazon,Convenience Stores,Privada,Premises,Madrid,28031,Amazon Counter - Techwaves Hub,"C. del Congosto, 1",40.3762473579292,-3.62023178066757,Amazon,Convenience stores,Private,Premises,Madrid,Amazon Counter - Techwaves Hub,"C. del Congosto, 1",28031,,,
1116,Amazon,Convenience Stores,Privada,Premises,Madrid,28031,Amazon Counter - Bismillah Locutorio,"C. del Congosto, 27",40.3730688974566,-3.61919162818221,Amazon,Convenience stores,Private,Premises,Madrid,Amazon Counter - Bismillah Locutorio,"C. del Congosto, 27",28031,,,
1117,Amazon,Locker,Privada,Premises,Madrid,28031,Seur - Libreria Sanabria,"C. Sierra Aitana, 2",40.3743864889217,-3.61910034331064,Amazon,Lockers,Private,Premises,Madrid,Seur - Libreria Sanabria,"C. Sierra Aitana, 2",28031,,,
1118,Amazon,Convenience Stores,Privada,Premises,Madrid,28031,Amazon Counter - Fruto Secos Las Chuches,"C. Sierra Aitana, 5",40.3746471776923,-3.61951637558918,Amazon,Convenience stores,Private,Premises,Madrid,Amazon Counter - Fruto Secos Las Chuches,"C. Sierra Aitana, 5",28031,,,
1119,Amazon,Locker,Pública,Public Facility,Madrid,28031,Citypaq Lockers-Correos Edificio Villa Centro De T,"C. Cabeza Mesada, 5",40.376699773628,-3.62932876748212,Amazon,Lockers,Public,Public facility,Madrid,Citypaq Lockers-Correos Edificio Villa Centro De T,"C. Cabeza Mesada, 5",28031,,,
1120,Amazon,Locker,Privada,Premises,Madrid,28031,Amazon Locker - Vitor Cepsa,"Av. del Ensanche de Vallecas, 2",40.3787129078922,-3.6144061200592,Amazon,Lockers,Private,Premises,Madrid,Amazon Locker - Vitor Cepsa,"Av. del Ensanche de Vallecas, 2",28031,,,
1121,Amazon,Convenience Stores,Privada,Premises,Madrid,28031,Seur - Tienda Shambhala,"C. del Monte Aya, 4",40.378340977261,-3.62296113554736,Amazon,Convenience stores,Private,Premises,Madrid,Seur - Tienda Shambhala,"C. del Monte Aya, 4",28031,,,
1122,Amazon,Convenience Stores,Privada,Premises,Madrid,28031,Seur - El Charrua Peluqueria,"Calle de Montes de Barbanza, 5",40.3781406672933,-3.61882085428616,Amazon,Convenience stores,Private,Premises,Madrid,Seur - El Charrua Peluqueria,"Calle de Montes de Barbanza, 5",28031,,,
1123,Amazon,Convenience Stores,Privada,Premises,Madrid,28031,Amazon Counter - Movil Show,"P.o de Federico García Lorca, 16, A",40.3787354054381,-3.62133541577583,Amazon,Convenience stores,Private,Premises,Madrid,Amazon Counter - Movil Show,"P.º de Federico García Lorca, 16, A",28031,,,
1124,Amazon,Convenience Stores,Privada,Premises,Madrid,28031,Amazon Counter - Alimentación,"C. Pico Mampodre, 17",40.3778770375548,-3.62047816085342,Amazon,Convenience stores,Private,Premises,Madrid,Amazon Counter - Alimentación,"C. Pico Mampodre, 17",28031,,,
1125,Amazon,Locker,Privada,Premises,Madrid,28031,Amazon Locker - Prenda,"Comunidad De Propietarios, Calle Canencia de la Sierra, 16-38",40.3669488647662,-3.6187425846023,Amazon,Lockers,Private,Premises,Madrid,Amazon Locker - Prenda,"Comunidad De Propietarios, Calle Canencia de la Sierra, 16-38",28031,,,
1126,Amazon,Locker,Pública,Public Facility,Madrid,28031,Citypaq Lockers-Correos Madrid Suc 61. Ccp Chamart,"Cam. de las Hormigueras, 169",40.3776622109043,-3.63481372794762,Amazon,Lockers,Public,Public facility,Madrid,Citypaq Lockers-Correos Madrid Suc 61. Ccp Chamart,"Cam. de las Hormigueras, 169",28031,,,
1127,Amazon,Locker,Privada,Supermarket,Madrid,28031,Amazon Locker - Iriondo Supermercado,"C. de San Jaime, 1",40.3780583621764,-3.6298270476099,Amazon,Lockers,Private,Supermarket,Madrid,Amazon Locker - Iriondo Supermercado,"C. de San Jaime, 1",28031,,,
1128,Amazon,Convenience Stores,Privada,Premises,Madrid,28031,Amazon Counter - Geysa Locutorio.,"Cl. de la Sierra Vieja, 71",40.3792644799071,-3.62284587158626,Amazon,Convenience stores,Private,Premises,Madrid,Amazon Counter - Geysa Locutorio.,"Cl. de la Sierra Vieja, 71",28031,,,
1129,Amazon,Locker,Privada,Service Station,Madrid,28031,Amazon Locker - Advincula Gasolinera,Ctra. De Villaverde A Vallecas 269,40.3725563282445,-3.64028776961198,Amazon,Lockers,Private,Service Station,Madrid,Amazon Locker - Advincula Gasolinera,Ctra. De Villaverde A Vallecas 269,28031,,,
1130,Amazon,Convenience Stores,Privada,Premises,Madrid,28031,Amazon Counter - Congosto Locutorio,"C. Sierra de Mira, 3",40.3732468320357,-3.6187056642335,Amazon,Convenience stores,Private,Premises,Madrid,Amazon Counter - Congosto Locutorio,"C. Sierra de Mira, 3",28031,,,
1131,Amazon,Convenience Stores,Privada,Premises,Madrid,28032,Amazon Counter - Estanco 687,"C. Villalmanzo, 11",40.4050937270841,-3.60717818809741,Amazon,Convenience stores,Private,Premises,Madrid,Amazon Counter - Estanco 687,"C. Villalmanzo, 11",28032,,,
1132,Amazon,Locker,Privada,Service Station,Madrid,28032,Amazon Locker - Enciu Gasolinera,"Av. de Daroca, 336",40.4045982272597,-3.61077723427557,Amazon,Lockers,Private,Service Station,Madrid,Amazon Locker - Enciu Gasolinera,"Av. de Daroca, 336",28032,,,
1133,Amazon,Locker,Privada,Supermarket,Madrid,28032,Amazon Locker - Castarnado Supermercado,"C. de S. Cipriano, 1",40.4043951725891,-3.60759172112956,Amazon,Lockers,Private,Supermarket,Madrid,Amazon Locker - Castarnado Supermercado,"C. de S. Cipriano, 1",28032,,,
1134,Amazon,Convenience Stores,Privada,Premises,Madrid,28032,Amazon Counter - Butt Locutorio,"C. del Lago Erie, 7",40.4049982628918,-3.60701125404758,Amazon,Convenience stores,Private,Premises,Madrid,Amazon Counter - Butt Locutorio,"C. del Lago Erie, 7",28032,,,
1135,Amazon,Convenience Stores,Privada,Premises,Madrid,28032,Amazon Counter - Movil Show,"C. de S. Cipriano, 12",40.4041888022056,-3.60805211146587,Amazon,Convenience stores,Private,Premises,Madrid,Amazon Counter - Movil Show,"C. de S. Cipriano, 12",28032,,,
1136,Amazon,Convenience Stores,Pública,Public Facility,Madrid,28032,Correos - Madrid Suc 49. Vicálvaro,"C/ de la Condesa de la Vega del Pozo, 29",40.4034417769331,-3.6060187355947,Amazon,Convenience stores,Public,Public facility,Madrid,Correos - Madrid Suc 49. Vicálvaro,"C/ de la Condesa de la Vega del Pozo, 29",28032,,,
1137,Amazon,Locker,Pública,Public Facility,Madrid,28032,Citypaq Lockers-Correos Madrid Suc 49. Vicálvaro,"C/ de la Condesa de la Vega del Pozo, 29",40.4034091598432,-3.60606135662706,Amazon,Lockers,Public,Public facility,Madrid,Citypaq Lockers-Correos Madrid Suc 49. Vicálvaro,"C/ de la Condesa de la Vega del Pozo, 29",28032,,,
1138,Amazon,Convenience Stores,Privada,Premises,Madrid,28032,Amazon Counter - Amrit Locutorio,"C/ de la Condesa de la Vega del Pozo, 18",40.4032681098854,-3.60638045481464,Amazon,Convenience stores,Private,Premises,Madrid,Amazon Counter - Amrit Locutorio,"C/ de la Condesa de la Vega del Pozo, 18",28032,,,
1139,Amazon,Locker,Privada,Service Station,Madrid,28032,Amazon Locker - Mallo Cepsa,"Av. de la Democracia, 41",40.4008982757297,-3.61611705018488,Amazon,Lockers,Private,Service Station,Madrid,Amazon Locker - Mallo Cepsa,"Av. de la Democracia, 41",28032,,,
1140,Amazon,Locker,Privada,Supermarket,Madrid,28032,Amazon Locker - Trif Supermercado,"Av. de Daroca, 300",40.4079412948474,-3.61588850021577,Amazon,Lockers,Private,Supermarket,Madrid,Amazon Locker - Trif  Supermercado,"Av. de Daroca, 300",28032,,,
1141,Amazon,Convenience Stores,Privada,Premises,Madrid,28032,Seur - Multiservicios Mym,"C. de Calahorra, 25",40.4062600071938,-3.61405163167671,Amazon,Convenience stores,Private,Premises,Madrid,Seur - Multiservicios Mym,"C. de Calahorra, 25",28032,,,
1142,Amazon,Convenience Stores,Privada,Premises,Madrid,28032,Amazon Counter - Cyberlocutorio M&M,"C. de Calahorra, 25",40.4062354294467,-3.6141051872684,Amazon,Convenience stores,Private,Premises,Madrid,Amazon Counter - Cyberlocutorio M&M,"C. de Calahorra, 25",28032,,,
1143,Amazon,Convenience Stores,Privada,Premises,Madrid,28032,Amazon Counter - Fruteria Y Productos Latinos Gael,"C. de Villajimena, 6",40.4074959567804,-3.6076382238741,Amazon,Convenience stores,Private,Premises,Madrid,Amazon Counter - Fruteria Y Productos Latinos Gael,"C. de Villajimena, 6",28032,,,
1144,Amazon,Convenience Stores,Privada,Premises,Madrid,28032,Seur - Videomania Mrmicro Ordena,"C. de la Raya, 13",40.4013327271984,-3.62222032988987,Amazon,Convenience stores,Private,Premises,Madrid,Seur - Videomania Mrmicro Ordena,"C. de la Raya, 13",28032,,,
1145,Amazon,Convenience Stores,Pública,Public Facility,Madrid,28032,Correos - Madrid Suc 78. Cc Valdebernardo,"Blvr. de José Prat, 35",40.3975967167228,-3.61858543424861,Amazon,Convenience stores,Public,Public facility,Madrid,Correos - Madrid Suc 78. Cc Valdebernardo,"Blvr. de José Prat, 35",28032,,,
1146,Amazon,Locker,Privada,Supermarket,Madrid,28033,Amazon Locker - Olaru Supermercado,"C. del Golfo de Salónica, 6",40.4759529549477,-3.66536366210539,Amazon,Lockers,Private,Supermarket,Madrid,Amazon Locker - Olaru Supermercado,"C. del Golfo de Salónica, 6",28033,,,
1147,Amazon,Locker,Privada,Supermarket,Madrid,28033,Amazon Locker - Caballe Supermrcado,"C. de Chirivel, 1",40.4781372619033,-3.66287857148419,Amazon,Lockers,Private,Supermarket,Madrid,Amazon Locker - Caballe Supermrcado,"C. de Chirivel, 1",28033,,,
1148,Amazon,Locker,Privada,Premises,Madrid,28033,Amazon Locker - Cegaton,"C. de las Cuevas de Almanzora, 187",40.4778272841279,-3.65846575739512,Amazon,Lockers,Private,Premises,Madrid,Amazon Locker - Cegaton,"C. de las Cuevas de Almanzora, 187",28033,,,
1149,Amazon,Locker,Privada,Premises,Madrid,28033,Amazon Locker - Carabero,"C. del Golfo de Salónica, 64",40.4818391207094,-3.66117138534794,Amazon,Lockers,Private,Premises,Madrid,Amazon Locker - Carabero,"C. del Golfo de Salónica, 64",28033,,,
1150,Amazon,Convenience Stores,Privada,Premises,Madrid,28033,Amazon Counter - Peluquería Y Estética Roseni Lima,"Av. de San Luis, 146",40.4759785308918,-3.66702131062194,Amazon,Convenience stores,Private,Premises,Madrid,Amazon Counter - Peluquería Y Estética Roseni Lima,"Av. de San Luis, 146",28033,,,
1151,Amazon,Convenience Stores,Privada,Supermarket,Madrid,28033,Amazon Counter - Supermercado Suma,"C. de la Dulzaina, 6",40.4810486233187,-3.66343367634513,Amazon,Convenience stores,Private,Supermarket,Madrid,Amazon Counter - Supermercado Suma,"C. de la Dulzaina, 6",28033,,,
1152,Amazon,Convenience Stores,Privada,Premises,Madrid,28033,Seur - Herbolario Arahal,"C. de Arturo Soria, 324",40.4791918698987,-3.66779114303045,Amazon,Convenience stores,Private,Premises,Madrid,Seur - Herbolario Arahal,"C. de Arturo Soria, 324",28033,,,
1153,Amazon,Locker,Privada,Premises,Madrid,28033,Amazon Locker - Galant Lavanderia,"Av. de la Virgen del Carmen, 39",40.4755019915204,-3.65012739245357,Amazon,Lockers,Private,Premises,Madrid,Amazon Locker - Galant Lavanderia,"Av. de la Virgen del Carmen, 39",28033,,,
1154,Amazon,Convenience Stores,Privada,Kiosk,Madrid,28033,Amazon Counter - Quiosco Oquina Gls Parcel Shop,"Av. de San Luis, 29",40.4708771905999,-3.65927296270859,Amazon,Convenience stores,Private,Kiosk,Madrid,Amazon Counter - Quiosco Oquina Gls Parcel Shop,"Av. de San Luis, 29",28033,,,
1155,Amazon,Locker,Privada,Service Station,Madrid,28034,Amazon Locker - Tincu Gasolinera,"Av del Cardenal Herrera Oria, 81",40.4893158960568,-3.70063937199497,Amazon,Lockers,Private,Service Station,Madrid,Amazon Locker - Tincu Gasolinera,"Av del Cardenal Herrera Oria, 81",28034,,,
1156,Amazon,Locker,Privada,Service Station,Madrid,28034,Amazon Locker - Telefono Repsol,"Calle de Ntra. Sra. de Valverde, 175",40.5035497346342,-3.68584180308567,Amazon,Lockers,Private,Service Station,Madrid,Amazon Locker - Telefono Repsol,"Calle de Ntra. Sra. de Valverde, 175",28034,,,
1157,Amazon,Convenience Stores,Pública,Public Facility,Madrid,28034,Correos - Madrid Suc 31. Fuencarral Pueblo,"Calle De Las, C. de las Islas Palaos, 30",40.49769408568,-3.68638186411218,Amazon,Convenience stores,Public,Public facility,Madrid,Correos - Madrid Suc 31. Fuencarral Pueblo,"Calle De Las, C. de las Islas Palaos, 30",28034,,,
1158,Amazon,Convenience Stores,Privada,Premises,Madrid,28034,Seur - Pasapagina,"Pl. Tres Olivos, 3",40.5012523624845,-3.69076898735363,Amazon,Convenience stores,Private,Premises,Madrid,Seur - Pasapagina,"Pl. Tres Olivos, 3",28034,,,
1159,Amazon,Convenience Stores,Privada,Supermarket,Madrid,28035,Lockers Baigorria,Calle de Antonio Machado 20,40.4666945160924,-3.71921295343229,Amazon,Convenience stores,Private,Supermarket,Madrid,Lockers Baigorria,Calle de Antonio Machado 20,28035,,,
1160,Amazon,Convenience Stores,Privada,Premises,Madrid,28035,Alimentación Fruto Seco,"C. de San Gerardo, 10",40.4665470658558,-3.72121695218366,Amazon,Convenience stores,Private,Premises,Madrid,Alimentación Fruto Seco,"C. de San Gerardo, 10",28035,,,
1161,Amazon,Locker,Privada,Service Station,Madrid,28035,Lockers Rbib,"Gta. de Mariano Salvador Maella, S/N",40.4761568436365,-3.72206680776557,Amazon,Lockers,Private,Service Station,Madrid,Lockers Rbib,"Gta. de Mariano Salvador Maella, S/N",28035,,,
1162,Amazon,Locker,Privada,Service Station,Madrid,28035,Amazon Locker - Adil Repsol,"Av del Cardenal Herrera Oria, 290",40.4793120702054,-3.72596273522133,Amazon,Lockers,Private,Service Station,Madrid,Amazon Locker - Adil Repsol,"Av del Cardenal Herrera Oria, 290",28035,,,
1163,Amazon,Convenience Stores,Privada,Premises,Madrid,28035,Seur - Estanco Alma Cabero,"C. de Ramón Gómez de la Serna, 115",40.4819069439156,-3.7261879430512,Amazon,Convenience stores,Private,Premises,Madrid,Seur - Estanco Alma Cabero,"C. de Ramón Gómez de la Serna, 115",28035,,,
1164,Amazon,Locker,Privada,Parking,Madrid,28036,Lockers Tocumen,Calle de la Hiedra 26B,40.4724168975153,-3.67897549093319,Amazon,Lockers,Private,Parking,Madrid,Lockers Tocumen,Calle de la Hiedra 26B,28036,,,
1165,Amazon,Locker,Privada,Supermarket,Madrid,28036,Lockers Valentin,Calle del Dr. Fleming 29,40.4609464616524,-3.688008909359,Amazon,Lockers,Private,Supermarket,Madrid,Lockers Valentin,Calle del Dr. Fleming 29,28036,,,
1166,Amazon,Convenience Stores,Privada,Premises,Madrid,28036,Seur Dietflash Medical,"C. de Félix Boix, 14",40.463251104048,-3.68671585437771,Amazon,Convenience stores,Private,Premises,Madrid,Seur Dietflash Medical,"C. de Félix Boix, 14",28036,,,
1167,Amazon,Locker,Privada,Supermarket,Madrid,28037,Amazon Locker - Cirion Supermercado,"C. de Hinojosa del Duque, S/N",40.4324650153345,-3.61368267898545,Amazon,Lockers,Private,Supermarket,Madrid,Amazon Locker - Cirion Supermercado,"C. de Hinojosa del Duque, S/N",28037,,,
1168,Amazon,Convenience Stores,Privada,Premises,Madrid,28037,Amazon Counter - Locutorio Ronald,"C. de la Vidriería, 4",40.4275369741374,-3.61587870291746,Amazon,Convenience stores,Private,Premises,Madrid,Amazon Counter - Locutorio Ronald,"C. de la Vidriería, 4",28037,,,
1169,Amazon,Convenience Stores,Privada,Premises,Madrid,28037,Amazon Counter - Market La Esquina 38,"C. de Alberique, 39",40.4292730178453,-3.61916127746896,Amazon,Convenience stores,Private,Premises,Madrid,Amazon Counter - Market La Esquina 38,"C. de Alberique, 39",28037,,,
1170,Amazon,Convenience Stores,Privada,Premises,Madrid,28037,Seur - Frutas Chinchon,"C. de Alconera, 7",40.4312020538943,-3.61821969657394,Amazon,Convenience stores,Private,Premises,Madrid,Seur - Frutas Chinchon,"C. de Alconera, 7",28037,,,
1171,Amazon,Locker,Privada,Service Station,Madrid,28037,Amazon Locker - Calor Gasolinera,"Av. de Arcentales, 7",40.4266635540809,-3.62601278179906,Amazon,Lockers,Private,Service Station,Madrid,Amazon Locker - Calor Gasolinera,"Av. de Arcentales, 7",28037,,,
1172,Amazon,Convenience Stores,Privada,Premises,Madrid,28037,Seur - Modas Martinez Amposta,"C. de Amposta, 14",40.4269334583048,-3.62209327718437,Amazon,Convenience stores,Private,Premises,Madrid,Seur - Modas Martinez Amposta,"C. de Amposta, 14",28037,,,
1173,Amazon,Locker,Privada,Supermarket,Madrid,28037,Amazon Locker - Novoa Supermercdao,"C. del Castillo de Madrigal de las Altas Torres, 9",40.4288747498901,-3.62778638731724,Amazon,Lockers,Private,Supermarket,Madrid,Amazon Locker - Novoa Supermercdao,"C. del Castillo de Madrigal de las Altas Torres, 9",28037,,,
1174,Amazon,Locker,Privada,Premises,Madrid,28037,Amazon Counter - Multiservicios Simancas,"C. de Amposta, 10, LOCAL 20",40.4271682750119,-3.62222536726306,Amazon,Lockers,Private,Premises,Madrid,Amazon Counter - Multiservicios Simancas,"C. de Amposta, 10, LOCAL 20",28037,,,
1175,Amazon,Convenience Stores,Pública,Public Facility,Madrid,28037,Correos - Madrid Suc 35. Ciudad Lineal,"C. de los Hermanos García Noblejas, 30",40.4344818155059,-3.63582700624841,Amazon,Convenience stores,Public,Public facility,Madrid,Correos - Madrid Suc 35. Ciudad Lineal,"C. de los Hermanos García Noblejas, 30",28037,,,
1176,Amazon,Locker,Privada,Premises,Madrid,28037,Amazon Counter - Locutorio Amposta,"C. de Amposta, 5",40.4273526723064,-3.62191717593686,Amazon,Lockers,Private,Premises,Madrid,Amazon Counter - Locutorio Amposta,"C. de Amposta, 5",28037,,,
1177,Amazon,Locker,Privada,Premises,Madrid,28038,Amazon Locker - Grifol,"Av. de Peña Prieta, 75",40.4034312578098,-3.66314026982802,Amazon,Lockers,Private,Premises,Madrid,Amazon Locker - Grifol,"Av. de Peña Prieta, 75",28038,,,
1178,Amazon,Convenience Stores,Privada,Premises,Madrid,28038,Amazon Counter - Loteria Calixto,"C. del Puerto Canfranc, 58",40.3992064194992,-3.66139552188581,Amazon,Convenience stores,Private,Premises,Madrid,Amazon Counter - Loteria Calixto,"C. del Puerto Canfranc, 58",28038,,,
1179,Amazon,Locker,Privada,Supermarket,Madrid,28038,Amazon Locker - Avelar Supermercado,"C. de Manuel Arranz, 20",40.4046917975175,-3.66125531974377,Amazon,Lockers,Private,Supermarket,Madrid,Amazon Locker - Avelar Supermercado,"C. de Manuel Arranz, 20",28038,,,
1180,Amazon,Locker,Privada,Supermarket,Madrid,28038,Amazon Locker - Castanyersupermercado,Calle Picos de Europa 13,40.3953966239107,-3.6610836233798,Amazon,Lockers,Private,Supermarket,Madrid,Amazon Locker - Castanyersupermercado, Calle Picos de Europa 13,28038,,,
1181,Amazon,Convenience Stores,Privada,Premises,Madrid,28038,Amazon Counter - Hunain Locutorio.,"C. del Puerto Canfranc, 39",40.3990215944402,-3.66208191267299,Amazon,Convenience stores,Private,Premises,Madrid,Amazon Counter - Hunain Locutorio.,"C. del Puerto Canfranc, 39",28038,,,
1182,Amazon,Convenience Stores,Privada,Premises,Madrid,28038,Amazon Counter - Geomil Exprees,"Av. de Peña Prieta, 75",40.4034007922196,-3.66309626929357,Amazon,Convenience stores,Private,Premises,Madrid,Amazon Counter - Geomil Exprees,"Av. de Peña Prieta, 75",28038,,,
1183,Amazon,Convenience Stores,Privada,Premises,Madrid,28038,Amazon Counter - Ferreteria Valen Ii,"Av. de Peña Prieta, 55",40.4024354011524,-3.66465994334023,Amazon,Convenience stores,Private,Premises,Madrid,Amazon Counter - Ferreteria Valen Ii,"Av. de Peña Prieta, 55",28038,,,
1184,Amazon,Locker,Privada,Supermarket,Madrid,28038,Amazon Locker - Dhaka Supermercado,"Cmo de Valderribas, 16",40.4007004584157,-3.66574057424534,Amazon,Lockers,Private,Supermarket,Madrid,Amazon Locker - Dhaka Supermercado,"Cmo de Valderribas, 16",28038,,,
1185,Amazon,Convenience Stores,Privada,Premises,Madrid,28038,Seur - Envios Caribe,"C. de los Picos de Europa, 9",40.3955008674825,-3.6620595837653,Amazon,Convenience stores,Private,Premises,Madrid,Seur - Envios Caribe,"C. de los Picos de Europa, 9",28038,,,
1186,Amazon,Locker,Privada,Premises,Madrid,28038,Amazon Locker - Benancio Mall,"Av. de la Albufera, 153",40.3923284230244,-3.65599008882676,Amazon,Lockers,Private,Premises,Madrid,Amazon Locker - Benancio Mall,"Av. de la Albufera, 153",28038,,,
1187,Amazon,Convenience Stores,Privada,Premises,Madrid,28038,Seur - Usb Informatica,"C. del Pico de Almanzor, 13",40.4025990351199,-3.66154966867254,Amazon,Convenience stores,Private,Premises,Madrid,Seur - Usb Informatica,"C. del Pico de Almanzor, 13",28038,,,
1188,Amazon,Convenience Stores,Privada,Premises,Madrid,28038,Amazon Counter - Locutorio Almonacid,"C. Almonacid, 3",40.3964080100819,-3.66012715103582,Amazon,Convenience stores,Private,Premises,Madrid,Amazon Counter - Locutorio Almonacid,"C. Almonacid, 3",28038,,,
1189,Amazon,Locker,Privada,Supermarket,Madrid,28038,Amazon Locker - Guisante Supermercado,"Cl. Monleon, S/N",40.3933559595611,-3.65463902262131,Amazon,Lockers,Private,Supermarket,Madrid,Amazon Locker - Guisante Supermercado,"Cl. Monleon, S/N",28038,,,
1190,Amazon,Convenience Stores,Privada,Premises,Madrid,28038,Citypaq Lockers-Correos Madrid Suc 52. Puente De V,"C. del Monte Oliveti, 29",40.3979458133347,-3.66649383683947,Amazon,Convenience stores,Private,Premises,Madrid,Citypaq Lockers-Correos Madrid Suc 52. Puente De V,"C. del Monte Oliveti, 29",28038,,,
1191,Amazon,Locker,Privada,Service Station,Madrid,28039,Lockers - Isidro,"C. de Ofelia Nieto, 64",40.4615360873859,-3.70850969535996,Amazon,Lockers,Private,Service Station,Madrid,Lockers - Isidro,"C. de Ofelia Nieto, 64",28039,,,
1192,Amazon,Convenience Stores,Privada,Premises,Madrid,28039,Amazon Counter - Charmaine`S Tiendecita,"C. Cenicientos, 8, LOCAL 3",40.4577621803939,-3.70536936263854,Amazon,Convenience stores,Private,Premises,Madrid,Amazon Counter - Charmaine`S Tiendecita,"C. Cenicientos, 8, LOCAL 3",28039,,,
1193,Amazon,Convenience Stores,Privada,Premises,Madrid,28039,Creaciones Slenny,"C. de Francos Rodríguez, 58, Local 2 Bajo",40.4572959975836,-3.70733746987152,Amazon,Convenience stores,Private,Premises,Madrid,Creaciones Slenny,"C. de Francos Rodríguez, 58, Local 2 Bajo",28039,,,
1194,Amazon,Locker,Pública,Public Facility,Madrid,28039,Lockers Correos Madrid Sucursal 25,"C. de Mariano Fernández, 1",40.4561426522492,-3.70300825187299,Amazon,Lockers,Public,Public facility,Madrid,Lockers Correos Madrid Sucursal 25,"C. de Mariano Fernández, 1",28039,,,
1195,Amazon,Locker,Privada,Supermarket,Madrid,28039,Lockers Calzada,"C. de Jerónima Llorente, 14",40.4559777983445,-3.70586134969032,Amazon,Lockers,Private,Supermarket,Madrid,Lockers Calzada,"C. de Jerónima Llorente, 14",28039,,,
1196,Amazon,Convenience Stores,Privada,Premises,Madrid,28039,Seur Print It,"C. de Francos Rodríguez, 19",40.4566306787661,-3.70516130902359,Amazon,Convenience stores,Private,Premises,Madrid,Seur Print It,"C. de Francos Rodríguez, 19",28039,,,
1197,Amazon,Convenience Stores,Privada,Premises,Madrid,28039,Seur - Copygrap,"C. de Villaamil, 43",40.459606604669,-3.70764244512328,Amazon,Convenience stores,Private,Premises,Madrid,Seur - Copygrap,"C. de Villaamil, 43",28039,,,
1198,Amazon,Convenience Stores,Privada,Premises,Madrid,28039,Amazon Counter - Expendeduría No 451,"C. de Jerónima Llorente, 31",40.4548579854522,-3.70651302486156,Amazon,Convenience stores,Private,Premises,Madrid,Amazon Counter - Expendeduría Nº 451,"C. de Jerónima Llorente, 31",28039,,,
1199,Amazon,Convenience Stores,Pública,Public Facility,Madrid,28040,Correos Madrid Sucursal 60,"C. del Arquitecto López Otero, 3",40.4432844819281,-3.72880465187404,Amazon,Convenience stores,Public,Public facility,Madrid,Correos Madrid Sucursal 60,"C. del Arquitecto López Otero, 3",28040,,,
1200,Amazon,Locker,Pública,Public Facility,Madrid,28040,Lockers Correos Madrid Sucursal 60,"C. del Arquitecto López Otero, 3",40.443243655531,-3.72878319567856,Amazon,Lockers,Public,Public facility,Madrid,Lockers Correos Madrid Sucursal 60,"C. del Arquitecto López Otero, 3",28040,,,
1201,Amazon,Locker,Privada,Public Infrastructure,Madrid,28040,Lockers Lacort,"Av. Complutense, 30",40.452758286994,-3.72640170681523,Amazon,Lockers,Private,Public Infrastructure,Madrid,Lockers Lacort,"Av. Complutense, 30",28040,,,
1202,Amazon,Convenience Stores,Privada,Premises,Madrid,28040,Amazon Counter - Estanco Y Administracion De Loter,"Av. del Dr. Federico Rubio y Galí, 112, LOCAL 2",40.4575287749149,-3.71295401288611,Amazon,Convenience stores,Private,Premises,Madrid,Amazon Counter - Estanco Y Administracion De Loter,"Av. del Dr. Federico Rubio y Galí, 112, LOCAL 2",28040,,,
1203,Amazon,Convenience Stores,Privada,Premises,Madrid,28041,Amazon Counter - Asesoría Latina,"Av. de la Perla, 13, OFICINA 01 LOCAL 01",40.3716862984576,-3.69402627999348,Amazon,Convenience stores,Private,Premises,Madrid,Amazon Counter - Asesoría Latina,"Av. de la Perla, 13, OFICINA 01 LOCAL 01",28041,,,
1204,Amazon,Convenience Stores,Privada,Premises,Madrid,28041,Amazon Counter - Recarga_Ahorra,"C. de la Estafeta, 22, LOCAL 2",40.3728112915505,-3.69255779481126,Amazon,Convenience stores,Private,Premises,Madrid,Amazon Counter - Recarga_Ahorra,"C. de la Estafeta, 22, LOCAL 2",28041,,,
1205,Amazon,Convenience Stores,Privada,Premises,Madrid,28041,Amazon Counter - Panaderia Y Pasteleria Turro,"C. Popular Madrilena, 32, 0",40.3702038931359,-3.69315184009797,Amazon,Convenience stores,Private,Premises,Madrid,Amazon Counter - Panaderia Y Pasteleria Turro,"C. Popular Madrilena, 32, 0",28041,,,
1206,Amazon,Convenience Stores,Privada,Premises,Madrid,28041,Seur - Libreria 7 Colores,"C. Fitero, 3",40.3721992681094,-3.69361078577446,Amazon,Convenience stores,Private,Premises,Madrid,Seur - Libreria 7 Colores,"C. Fitero, 3",28041,,,
1207,Amazon,Locker,Privada,Service Station,Madrid,28041,Amazon Locker - Adolfo Repsol,"A-4, P.K. 6,70 D, Usera, 28041 Madrid",40.3665916286834,-3.69454417414059,Amazon,Lockers,Private,Service Station,Madrid,Amazon Locker - Adolfo Repsol,"A-4, P.K. 6,70 D, Usera, 28041 Madrid",28041,,,
1208,Amazon,Locker,Privada,Service Station,Madrid,28041,Amazon Locker - Labaka Repsol,"A-4, P.K. 6,70 I, Usera, 28041 Madrid",40.3671878463705,-3.6938489122008,Amazon,Lockers,Private,Service Station,Madrid,Amazon Locker - Labaka Repsol,"A-4, P.K. 6,70 I, Usera, 28041 Madrid",28041,,,
1209,Amazon,Convenience Stores,Privada,Premises,Madrid,28041,Amazon Counter - Cargo Ágil Envíos,"Calle MEZQUITA, C. de Elizondo, 15, LOCAL 6",40.3746130524051,-3.69117921021139,Amazon,Convenience stores,Private,Premises,Madrid,Amazon Counter - Cargo Ágil Envíos," Calle MEZQUITA, C. de Elizondo, 15, LOCAL 6",28041,,,
1210,Amazon,Locker,Pública,Public Facility,Madrid,28041,Citypaq Lockers-Asociacion Proyecto San Fermin,"Av. de los Fueros, 36",40.3703236110058,-3.68862657503762,Amazon,Lockers,Public,Public facility,Madrid,Citypaq Lockers-Asociacion Proyecto San Fermin,"Av. de los Fueros, 36",28041,,,
1211,Amazon,Convenience Stores,Privada,Premises,Madrid,28041,Amazon Counter - Locutorio Perla,"Av. de la Perla, 27",40.3704277489815,-3.69394580556706,Amazon,Convenience stores,Private,Premises,Madrid,Amazon Counter - Locutorio Perla,"Av. de la Perla, 27",28041,,,
1212,Amazon,Convenience Stores,Privada,Premises,Madrid,28041,Seur - Papeleria Maripaz,"C. Salado, 2",40.3710744802856,-3.69831551861536,Amazon,Convenience stores,Private,Premises,Madrid,Seur - Papeleria Maripaz,"C. Salado, 2",28041,,,
1213,Amazon,Convenience Stores,Pública,Public Facility,Madrid,28041,Correos - Madrid Suc 77. San Fermin,"C/ de Eduardo Barreiros, 3, Y 5",40.3734984348188,-3.69523783528715,Amazon,Convenience stores,Public,Public facility,Madrid,Correos - Madrid Suc 77. San Fermin,"C/ de Eduardo Barreiros, 3, Y 5 ",28041,,,
1214,Amazon,Convenience Stores,Privada,Premises,Madrid,28041,Amazon Counter - Fruteria Los Hermanos,"C. Sta. María Reina, 6, LOCAL 4",40.3706878763696,-3.69725860837595,Amazon,Convenience stores,Private,Premises,Madrid,Amazon Counter - Fruteria Los Hermanos,"C. Sta. María Reina, 6, LOCAL 4",28041,,,
1215,Amazon,Convenience Stores,Pública,Premises,Madrid,28041,Correos - Madrid Suc 57. Orcasitas,"Pl. Movimiento Ciudadano, 1",40.3706466311652,-3.70817083063444,Amazon,Convenience stores,Public,Premises,Madrid,Correos - Madrid Suc 57. Orcasitas,"Pl. Movimiento Ciudadano, 1",28041,,,
1216,Amazon,Locker,Privada,Supermarket,Madrid,28041,Amazon Locker - Ahrika Supermercado,Calle de Eduardo Barreiros 120,40.3544674595478,-3.70612211384399,Amazon,Lockers,Private,Supermarket,Madrid,Amazon Locker - Ahrika Supermercado,Calle de Eduardo Barreiros 120,28041,,,
1217,Amazon,Locker,Privada,Supermarket,Madrid,28041,Amazon Locker - Belando Expofort,"Avenida de Orovilla 46, Madrid, Madrid, 28041",40.3604232087969,-3.68988090031077,Amazon,Lockers,Private,Supermarket,Madrid,Amazon Locker - Belando Expofort,"Avenida de Orovilla 46, Madrid, Madrid, 28041",28041,,,
1218,Amazon,Locker,Privada,Service Station,Madrid,28042,Amazon Locker - Sheila Gasolinera,"Camino Cuartel, 9, Barajas, 28042 Madrid",40.4680142896624,-3.57888420489752,Amazon,Lockers,Private,Service Station,Madrid,Amazon Locker - Sheila Gasolinera,"Camino Cuartel, 9, Barajas, 28042 Madrid",28042,,,
1219,Amazon,Convenience Stores,Privada,Premises,Madrid,28042,Amazon Counter - Eben Ezer Bazar,"C. de la Botica, 12",40.4732670450876,-3.57883462385322,Amazon,Convenience stores,Private,Premises,Madrid,Amazon Counter - Eben Ezer Bazar,"C. de la Botica, 12",28042,,,
1220,Amazon,Convenience Stores,Pública,Public Facility,Madrid,28042,Correos - Madrid Suc 59. Barajas Pueblo,"C. Alanís, 1",40.4714832353703,-3.58313914465794,Amazon,Convenience stores,Public,Public facility,Madrid,Correos - Madrid Suc 59. Barajas Pueblo,"C. Alanís, 1",28042,,,
1221,Amazon,Convenience Stores,Privada,Premises,Madrid,28042,Amazon Counter - Dgc Movilnet,"C. del Balandro, 39, B local 1",40.4541610754419,-3.59112862681657,Amazon,Convenience stores,Private,Premises,Madrid,Amazon Counter - Dgc Movilnet,"C. del Balandro, 39, B local 1",28042,,,
1222,Amazon,Convenience Stores,Privada,Premises,Madrid,28042,Seur - Prink Barajas,"Av. de Logroño, 112",40.4702669681476,-3.58127483531131,Amazon,Convenience stores,Private,Premises,Madrid,Seur - Prink Barajas,"Av. de Logroño, 112",28042,,,
1223,Amazon,Locker,Privada,Premises,Madrid,28042,Amazon Locker - Conrado Gasolinera,"M-40, PK 7.4",40.4585844087282,-3.61599245695467,Amazon,Lockers,Private,Premises,Madrid,Amazon Locker - Conrado Gasolinera,"M-40, PK 7.4 ",28042,,,
1224,Amazon,Convenience Stores,Privada,Premises,Madrid,28042,Amazon Counter - Vía Electrónica.,"C. del Balandro, 39, B- LOCAL 21",40.454337868092,-3.59108283667571,Amazon,Convenience stores,Private,Premises,Madrid,Amazon Counter - Vía Electrónica.,"C. del Balandro, 39, B- LOCAL 21",28042,,,
1225,Amazon,Locker,Privada,Supermarket,Madrid,28042,Amazon Locker - Cimpoesu Supermrcado,"C. de Géminis, 17",40.4753817108516,-3.58098045457862,Amazon,Lockers,Private,Supermarket,Madrid,Amazon Locker - Cimpoesu Supermrcado,"C. de Géminis, 17",28042,,,
1226,Amazon,Convenience Stores,Privada,Premises,Madrid,28042,Amazon Counter - Locutorio Internet Barajas,"C. Orión, 4",40.4749629730885,-3.57824547704666,Amazon,Convenience stores,Private,Premises,Madrid,Amazon Counter - Locutorio Internet Barajas,"C. Orión, 4",28042,,,
1227,Amazon,Locker,Privada,Service Station,Madrid,28043,Amazon Locker - Luis Repsol,"C. de Arturo Soria, 175",40.4575755088302,-3.6583498681739,Amazon,Lockers,Private,Service Station,Madrid,Amazon Locker - Luis Repsol,"C. de Arturo Soria, 175",28043,,,
1228,Amazon,Convenience Stores,Privada,Premises,Madrid,28043,Seur - Libreria Solis,"C. de López de Hoyos, 295",40.4575230105017,-3.66091100152488,Amazon,Convenience stores,Private,Premises,Madrid,Seur - Libreria Solis,"C. de López de Hoyos, 295",28043,,,
1229,Amazon,Convenience Stores,Pública,Public Facility,Madrid,28043,Correos - Madrid Suc 29. Arturo Soria,"C. de Arturo Soria, 189",40.4587513263719,-3.65943880719807,Amazon,Convenience stores,Public,Public facility,Madrid,Correos - Madrid Suc 29. Arturo Soria,"C. de Arturo Soria, 189",28043,,,
1230,Amazon,Locker,Privada,Mall,Madrid,28043,Amazon Locker - Miguel Centro Comercial,"C. de Arturo Soria, 126",40.4498746859753,-3.65121865181026,Amazon,Lockers,Private,Mall ,Madrid,Amazon Locker - Miguel Centro Comercial,"C. de Arturo Soria, 126",28043,,,
1231,Amazon,Locker,Privada,Service Station,Madrid,28043,Amazon Locker - Filemon Repsol,"C. de Silvano, 88, 90",40.4624455305345,-3.63847206331067,Amazon,Lockers,Private,Service Station,Madrid,Amazon Locker - Filemon Repsol,"C. de Silvano, 88, 90",28043,,,
1232,Amazon,Convenience Stores,Pública,Public Facility,Madrid,28043,Correos - Madrid Suc 99,"C. de Pegaso, 24",40.4648621060265,-3.64933330618771,Amazon,Convenience stores,Public,Public facility,Madrid,Correos - Madrid Suc 99,"C. de Pegaso, 24",28043,,,
1233,Amazon,Locker,Privada,Service Station,Madrid,28043,Amazon Locker - Riesgo Shell,"Av. de Machupichu, 105",40.4650577657433,-3.63621596793533,Amazon,Lockers,Private,Service Station,Madrid,Amazon Locker - Riesgo Shell ,"Av. de Machupichu, 105",28043,,,
1234,Amazon,Locker,Privada,Premises,Madrid,28043,Seur - Estanco Madrid 307,"C. Biosca, 29",40.4709227529921,-3.64935334317939,Amazon,Lockers,Private,Premises,Madrid,Seur - Estanco Madrid 307,"C. Biosca, 29",28043,,,
1235,Amazon,Convenience Stores,Privada,Premises,Madrid,28044,Amazon Counter - Locutorio Carlita,"C. de Oliva de Plasencia, 1, LOCAL 334",40.3787344565315,-3.77923475124794,Amazon,Convenience stores,Private,Premises,Madrid,Amazon Counter - Locutorio Carlita,"C. de Oliva de Plasencia, 1, LOCAL 334",28044,,,
1236,Amazon,Locker,Privada,Premises,Madrid,28044,Amazon Locker - Andrade,"C. Madrigal de la Vera, 7",40.3773584610946,-3.78020197830866,Amazon,Lockers,Private,Premises,Madrid,Amazon Locker - Andrade,"C. Madrigal de la Vera, 7",28044,,,
1237,Amazon,Convenience Stores,Privada,Premises,Madrid,28044,Seur - Moda Begonya,"C. de Valle Inclán, 34",40.3797908280882,-3.77250114841427,Amazon,Convenience stores,Private,Premises,Madrid,Seur - Moda Begonya,"C. de Valle Inclán, 34",28044,,,
1238,Amazon,Convenience Stores,Privada,Premises,Madrid,28044,Amazon Counter - Perfumeria-Drogueria,"C. de Navalmoral de la Mata, 38",40.3766809743869,-3.77733564475441,Amazon,Convenience stores,Private,Premises,Madrid,Amazon Counter - Perfumeria-Drogueria,"C. de Navalmoral de la Mata, 38",28044,,,
1239,Amazon,Convenience Stores,Privada,Premises,Madrid,28044,Seur - Estanco Papeleria Menende,"C. de Oliva de Plasencia, 1",40.3787181366306,-3.7792561592163,Amazon,Convenience stores,Private,Premises,Madrid,Seur - Estanco Papeleria Menende,"C. de Oliva de Plasencia, 1",28044,,,
1240,Amazon,Convenience Stores,Privada,Premises,Madrid,28044,Seur - Perfumeria Drogueria Cuat,"C. de Navalmoral de la Mata, 38",40.3766566568876,-3.77727283149952,Amazon,Convenience stores,Private,Premises,Madrid,Seur - Perfumeria Drogueria Cuat,"C. de Navalmoral de la Mata, 38",28044,,,
1241,Amazon,Convenience Stores,Privada,Premises,Madrid,28044,Amazon Counter - Ciber Space,"C. de Valle Inclán, 40, LOCAL 20",40.3796128492085,-3.77277771647707,Amazon,Convenience stores,Private,Premises,Madrid,Amazon Counter - Ciber Space,"C. de Valle Inclán, 40, LOCAL 20",28044,,,
1242,Amazon,Locker,Privada,Supermarket,Madrid,28044,Amazon Locker - Crisipo Supermercado,"C. Osa de la Vega, s/n",40.3752368978279,-3.77419547568645,Amazon,Lockers,Private,Supermarket,Madrid,Amazon Locker - Crisipo Supermercado,"C. Osa de la Vega, s/n",28044,,,
1243,Amazon,Convenience Stores,Privada,Premises,Madrid,28044,Amazon Counter - Tesalis Informatica,"C. de Valle Inclán, 32",40.3800013507977,-3.77247084480808,Amazon,Convenience stores,Private,Premises,Madrid,Amazon Counter - Tesalis Informatica,"C. de Valle Inclán, 32",28044,,,
1244,Amazon,Convenience Stores,Privada,Premises,Madrid,28044,Seur - Papeleria Libreria Cosas,"Pl. Virgen de los Llanos, 7",40.3781690951863,-3.77933914183634,Amazon,Convenience stores,Private,Premises,Madrid,Seur - Papeleria Libreria Cosas,"Pl. Virgen de los Llanos, 7",28044,,,
1245,Amazon,Convenience Stores,Privada,Premises,Madrid,28044,Amazon Counter - Cristaleria Aluche 2,"Av. de Las Águilas, 60, LOCAL 29",40.3821701045078,-3.77914277599659,Amazon,Convenience stores,Private,Premises,Madrid,Amazon Counter - Cristaleria Aluche 2,"Av. de Las Águilas, 60, LOCAL 29",28044,,,
1246,Amazon,Convenience Stores,Privada,Premises,Madrid,28044,Amazon Counter - Mix Regalos,"C. de Blas Cabrera, 137",40.3782984227785,-3.76697695816039,Amazon,Convenience stores,Private,Premises,Madrid,Amazon Counter - Mix Regalos,"C. de Blas Cabrera, 137",28044,,,
1247,Amazon,Convenience Stores,Privada,Premises,Madrid,28044,Seur - Cristaleria Aluche Ii,"Av. de Las Águilas, 60",40.3821002100186,-3.77911149643048,Amazon,Convenience stores,Private,Premises,Madrid,Seur - Cristaleria Aluche Ii,"Av. de Las Águilas, 60",28044,,,
1248,Amazon,Convenience Stores,Privada,Premises,Madrid,28044,Amazon Counter - Locutorio Churruca,"Av. de Las Águilas, 54",40.3827218907426,-3.77935028938387,Amazon,Convenience stores,Private,Premises,Madrid,Amazon Counter - Locutorio Churruca,"Av. de Las Águilas, 54",28044,,,
1249,Amazon,Convenience Stores,Privada,Premises,Madrid,28044,Amazon Counter - Gespain Inmobiliaria,C. de José de Cadalso,40.3773414108526,-3.7679375427784,Amazon,Convenience stores,Private,Premises,Madrid,Amazon Counter - Gespain Inmobiliaria,C. de José de Cadalso,28044,,,
1250,Amazon,Locker,Pública,Public Facility,Madrid,28044,Citypaq Lockers-Mercado Las Aguilas,"C. de Blas Cabrera, 125",40.3779827867922,-3.76781940011642,Amazon,Lockers,Public,Public facility,Madrid,Citypaq Lockers-Mercado Las Aguilas,"C. de Blas Cabrera, 125",28044,,,
1251,Amazon,Convenience Stores,Privada,Premises,Madrid,28045,Tabacos Exp. N884,"C. de Palos de la Frontera, 25",40.4033968433128,-3.69478616491308,Amazon,Convenience stores,Private,Premises,Madrid,Tabacos Exp. N884,"C. de Palos de la Frontera, 25",28045,,,
1252,Amazon,Convenience Stores,Privada,Premises,Madrid,28045,Talal Locutorio 1,"C. de la Batalla del Salado, 14",40.4028767848186,-3.6960350642856,Amazon,Convenience stores,Private,Premises,Madrid,Talal Locutorio 1,"C. de la Batalla del Salado, 14",28045,,,
1253,Amazon,Convenience Stores,Privada,Premises,Madrid,28045,Pepa Envios,"C. de la Batalla del Salado, 7",40.4037568721824,-3.69567873634255,Amazon,Convenience stores,Private,Premises,Madrid,Pepa Envios,"C. de la Batalla del Salado, 7",28045,,,
1254,Amazon,Locker,Privada,Supermarket,Madrid,28045,Lockers - Anturio,"Pl. Luca de Tena, 3",40.4024180158518,-3.69303956459502,Amazon,Lockers,Private,Supermarket,Madrid,Lockers - Anturio,"Pl. Luca de Tena, 3",28045,,,
1255,Amazon,Convenience Stores,Privada,Premises,Madrid,28045,Amazon Counter - +Que Guap@S,"Calle de las Delicias, 36",40.4040049693426,-3.69115059413652,Amazon,Convenience stores,Private,Premises,Madrid,Amazon Counter - +Que Guap@S,"Calle de las Delicias, 36",28045,,,
1256,Amazon,Convenience Stores,Privada,Premises,Madrid,28045,El Huerto Latino,"C. de la Batalla del Salado, 24",40.4014659119255,-3.69629736556265,Amazon,Convenience stores,Private,Premises,Madrid,El Huerto Latino,"C. de la Batalla del Salado, 24",28045,,,
1257,Amazon,Locker,Privada,Service Station,Madrid,28045,Lockers Rafael,"P.o de Sta. María de la Cabeza, 18, D",40.4060506467834,-3.69519985063899,Amazon,Lockers,Private,Service Station,Madrid,Lockers Rafael,"P.º de Sta. María de la Cabeza, 18, D",28045,,,
1258,Amazon,Locker,Privada,Premises,Madrid,28045,"Lockers Amaya Amazon Eu S.A.R.L. , Sucursal En España","C. de Ramírez de Prado, 5, 5 Bis",40.3996552106594,-3.68881457889076,Amazon,Lockers,Private,Premises,Madrid,"Lockers Amaya Amazon Eu S.A.R.L. , Sucursal En España","C. de Ramírez de Prado, 5, 5 Bis",28045,,,
1259,Amazon,Convenience Stores,Privada,Premises,Madrid,28045,Los Caribeños Ancora.,"C/ del Áncora, 7",40.4033973444776,-3.69267710933964,Amazon,Convenience stores,Private,Premises,Madrid,Los Caribeños Ancora.,"C/ del Áncora, 7",28045,,,
1260,Amazon,Convenience Stores,Privada,Premises,Madrid,28045,Bazar Bharat,"C. de Cáceres, 16",40.3988486728743,-3.69625168169286,Amazon,Convenience stores,Private,Premises,Madrid,Bazar Bharat,"C. de Cáceres, 16",28045,,,
1261,Amazon,Convenience Stores,Privada,Premises,Madrid,28045,Amazon Counter - Tapicerías Barajas,"C. de Cdad. Real, 8",40.400374733495,-3.69470733901725,Amazon,Convenience stores,Private,Premises,Madrid,Amazon Counter - Tapicerías Barajas,"C. de Cdad. Real, 8",28045,,,
1262,Amazon,Convenience Stores,Privada,Premises,Madrid,28045,Seur - Libreria El Dedal,"C. de Rafael de Riego, 13",40.4043399870032,-3.69193657658094,Amazon,Convenience stores,Private,Premises,Madrid,Seur - Libreria El Dedal,"C. de Rafael de Riego, 13",28045,,,
1263,Amazon,Convenience Stores,Privada,Premises,Madrid,28045,Seur - Sv Moda Y Complementos,"C. de la Batalla del Salado, 45",40.3984848259007,-3.69622156459867,Amazon,Convenience stores,Private,Premises,Madrid,Seur - Sv Moda Y Complementos,"C. de la Batalla del Salado, 45",28045,,,
1264,Amazon,Convenience Stores,Privada,Premises,Madrid,28045,Seur - Expendeduria 884,"C. de Palos de la Frontera, 25",40.4033314832859,-3.6947968963083,Amazon,Convenience stores,Private,Premises,Madrid,Seur - Expendeduria 884,"C. de Palos de la Frontera, 25",28045,,,
1265,Amazon,Locker,Pública,Public Facility,Madrid,28045,Lockers Correos Madrid Sucursal 17,"C. de Tomás Borrás, 5-7",40.3955172296466,-3.69679252928394,Amazon,Lockers,Public,Public facility,Madrid,Lockers Correos Madrid Sucursal 17,"C. de Tomás Borrás, 5-7",28045,,,
1266,Amazon,Convenience Stores,Privada,Premises,Madrid,28047,Amazon Counter - Cafeteria Lupy,"C. de Illescas, 209",40.3906638040371,-3.75296727770281,Amazon,Convenience stores,Private,Premises,Madrid,Amazon Counter - Cafeteria Lupy,"C. de Illescas, 209",28047,,,
1267,Amazon,Convenience Stores,Privada,Premises,Madrid,28047,Amazon Counter - Loterias Y Apuestas,"Cl. de los Yébenes, 123",40.3932455063831,-3.75169438025228,Amazon,Convenience stores,Private,Premises,Madrid,Amazon Counter - Loterias Y Apuestas,"Cl. de los Yébenes, 123",28047,,,
1268,Amazon,Convenience Stores,Privada,Premises,Madrid,28047,Amazon Counter - Expendeduria 474,"Cl. de los Yébenes, 159",40.393093894734,-3.75157695372019,Amazon,Convenience stores,Private,Premises,Madrid,Amazon Counter - Expendeduria 474,"Cl. de los Yébenes, 159",28047,,,
1269,Amazon,Locker,Privada,Supermarket,Madrid,28047,Amazon Locker - Mohand Supermercado,"C. de Ocaña, 19",40.384795921499,-3.75842192381997,Amazon,Lockers,Private,Supermarket,Madrid,Amazon Locker - Mohand Supermercado,"C. de Ocaña, 19",28047,,,
1270,Amazon,Convenience Stores,Privada,Premises,Madrid,28047,Seur - Maqueda Autoescuela,"Cl. de los Yébenes, 148",40.3905810729733,-3.75173107513595,Amazon,Convenience stores,Private,Premises,Madrid,Seur - Maqueda Autoescuela,"Cl. de los Yébenes, 148",28047,,,
1271,Amazon,Convenience Stores,Privada,Premises,Madrid,28047,Amazon Counter - Tintoreria Elba Y Victoria,"C. de Camarena, 235, LOCAL 7",40.3865173556101,-3.75712462285843,Amazon,Convenience stores,Private,Premises,Madrid,Amazon Counter - Tintoreria Elba Y Victoria,"C. de Camarena, 235, LOCAL 7",28047,,,
1272,Amazon,Convenience Stores,Privada,Premises,Madrid,28047,Seur - Estanco 474,"Cl. de los Yébenes, 159",40.393102244538,-3.75148815749189,Amazon,Convenience stores,Private,Premises,Madrid,Seur - Estanco 474,"Cl. de los Yébenes, 159",28047,,,
1273,Amazon,Convenience Stores,Privada,Premises,Madrid,28047,Seur - Cristaleria Aluche,"C. de Camarena, 235",40.3864524669707,-3.75718802151263,Amazon,Convenience stores,Private,Premises,Madrid,Seur - Cristaleria Aluche,"C. de Camarena, 235",28047,,,
1274,Amazon,Convenience Stores,Privada,Premises,Madrid,28047,Amazon Counter - Estanco Tabacosplaza,"C. de Ocaña, 5",40.3862042579526,-3.75849272837883,Amazon,Convenience stores,Private,Premises,Madrid,Amazon Counter - Estanco Tabacosplaza,"C. de Ocaña, 5",28047,,,
1275,Amazon,Convenience Stores,Privada,Premises,Madrid,28047,Amazon Counter - Cristaleria Aluche,Calle Camarena FRENTE AL 298,40.3864034542841,-3.75724767208412,Amazon,Convenience stores,Private,Premises,Madrid,Amazon Counter - Cristaleria Aluche,Calle Camarena FRENTE AL 298,28047,,,
1276,Amazon,Convenience Stores,Privada,Premises,Madrid,28047,Amazon Counter - Locutorio Ledesma,"C. de Camarena, 298",40.3864018437813,-3.75754159033654,Amazon,Convenience stores,Private,Premises,Madrid,Amazon Counter - Locutorio Ledesma,"C. de Camarena, 298",28047,,,
1277,Amazon,Convenience Stores,Privada,Premises,Madrid,28047,Seur - Estanco 729,"C. de Cuart de Poblet, 65",40.3967694249487,-3.74871567344068,Amazon,Convenience stores,Private,Premises,Madrid,Seur - Estanco 729,"C. de Cuart de Poblet, 65",28047,,,
1278,Amazon,Convenience Stores,Privada,Premises,Madrid,28048,Seur - Estanco 403 El Pardo,"C. Carboneros, 2",40.5203776998826,-3.77804671229164,Amazon,Convenience stores,Private,Premises,Madrid,Seur - Estanco 403 El Pardo,"C. Carboneros, 2",28048,,,
1279,Amazon,Convenience Stores,Privada,Public Facility,Madrid,28048,Correos - Madrid Suc 32. El Pardo,"Pl. de Rogelio Enriquez, 5",40.5191599168456,-3.77681870859265,Amazon,Convenience stores,Private,Public facility,Madrid,Correos - Madrid Suc 32. El Pardo,"Pl. de Rogelio Enriquez, 5",28048,,,
1280,Amazon,Locker,Pública,Public Facility,Madrid,28048,Citypaq Lockers-Correos Madrid Suc 32. El Pardo,"Pl. de Rogelio Enriquez, 5",40.5191356667348,-3.77681734613898,Amazon,Lockers,Public,Public facility,Madrid,Citypaq Lockers-Correos Madrid Suc 32. El Pardo,"Pl. de Rogelio Enriquez, 5",28048,,,
1281,Amazon,Locker,Privada,Premises,Madrid,28048,Amazon Locker - Negrea Lavanderia,"C. Caballeros, 3",40.5196862735787,-3.77706584924816,Amazon,Lockers,Private,Premises,Madrid,Amazon Locker - Negrea Lavanderia,"C. Caballeros, 3",28048,,,
1282,Amazon,Convenience Stores,Privada,Premises,Madrid,28048,Amazon Counter - 7-Express Y Bazar,"C. Eugenio Pérez, 1",40.5195609577561,-3.77693141611342,Amazon,Convenience stores,Private,Premises,Madrid,Amazon Counter - 7-Express Y Bazar,"C. Eugenio Pérez, 1",28048,,,
1283,Amazon,Convenience Stores,Privada,Premises,Madrid,28048,Amazon Counter - Martín&Merino,"C. San Pancracio, 1, Local 4",40.5160183270997,-3.77505099626603,Amazon,Convenience stores,Private,Premises,Madrid,Amazon Counter - Martín&Merino,"C. San Pancracio, 1, Local 4",28048,,,
1284,Amazon,Convenience Stores,Pública,Public Facility,Madrid,28049,Correos - Madrid Suc 58. Universidad Autónoma Cant,"Rectorado Universidad Autonoma de Madrid, Kant, s/n",40.5451838535717,-3.69510246130016,Amazon,Convenience stores,Public,Public facility,Madrid,Correos - Madrid Suc 58. Universidad Autónoma Cant,"Rectorado Universidad Autonoma de Madrid, Kant, s/n",28049,,,
1285,Amazon,Locker,Privada,Service Station,Madrid,28049,Amazon Locker - Margara Cepsa,"M-607, Pk 13, Fuencarral-El Pardo",40.5168483563882,-3.68520329111397,Amazon,Lockers,Private,Service Station,Madrid,Amazon Locker - Margara Cepsa,"M-607, Pk 13, Fuencarral-El Pardo",28049,,,
1286,Amazon,Locker,Privada,Supermarket,Madrid,28050,Amazon Locker - Abdou Supermercado,"Av. del Camino de Santiago, 58",40.5079842441469,-3.67129379075359,Amazon,Lockers,Private,Supermarket,Madrid,Amazon Locker - Abdou Supermercado,"Av. del Camino de Santiago, 58",28050,,,
1287,Amazon,Locker,Privada,Supermarket,Madrid,28050,Amazon Locker - Carreiras Supermercado,"C. de Grañón, 22, Fuencarral-El Pardo",40.5068119562377,-3.67580074735269,Amazon,Lockers,Private,Supermarket,Madrid,Amazon Locker - Carreiras Supermercado,"C. de Grañón, 22, Fuencarral-El Pardo",28050,,,
1288,Amazon,Locker,Pública,Public Facility,Madrid,28050,Citypaq Lockers-Correoslabs,"C. de la Sierra de Atapuerca, 13",40.5027540217043,-3.67103523185178,Amazon,Lockers,Public,Public facility,Madrid,Citypaq Lockers-Correoslabs,"C. de la Sierra de Atapuerca, 13",28050,,,
1289,Amazon,Locker,Privada,Premises,Madrid,28050,Amazon Locker - Felicitas Gasolinera,Avda. Santo Domingo De La Calzada 10,40.5085192747408,-3.6787870174411,Amazon,Lockers,Private,Premises,Madrid,Amazon Locker - Felicitas Gasolinera,Avda. Santo Domingo De La Calzada 10,28050,,,
1290,Amazon,Locker,Privada,Premises,Madrid,28050,Amazon Locker - Cuarto,"Calle de Isabel Colbrand, 22",40.51028163935,-3.67979249989727,Amazon,Lockers,Private,Premises,Madrid,Amazon Locker - Cuarto,"Calle de Isabel Colbrand, 22",28050,,,
1291,Amazon,Locker,Privada,Service Station,Madrid,28050,Amazon Locker - Chapinero Gaoslinera,"Calle Del Abetal, 8",40.5023744480119,-3.66302478582009,Amazon,Lockers,Private,Service Station,Madrid,Amazon Locker - Chapinero Gaoslinera,"Calle Del Abetal, 8",28050,,,
1292,Amazon,Locker,Privada,Supermarket,Madrid,28050,Amazon Locker - Angarita Supermercado,"C. Quintanapalla, 3, Fuencarral-El Pardo",40.4984321455632,-3.66687697380729,Amazon,Lockers,Private,Supermarket,Madrid,Amazon Locker - Angarita Supermercado,"C. Quintanapalla, 3, Fuencarral-El Pardo",28050,,,
1293,Amazon,Convenience Stores,Pública,Public Facility,Madrid,28050,Correos - Madrid Suc 81. Las Tablas,"C. de Capiscol, 12",40.5077360491208,-3.67456966555688,Amazon,Convenience stores,Public,Public facility,Madrid,Correos - Madrid Suc 81. Las Tablas,"C. de Capiscol, 12",28050,,,
1294,Amazon,Locker,Privada,Supermarket,Madrid,28050,Amazon Locker - Nagore,"Ctra. Fuencarral a Alcobendas, 4, Fuencarral-El Pardo",40.512695063741,-3.68108721903238,Amazon,Lockers,Private,Supermarket,Madrid,Amazon Locker - Nagore,"Ctra. Fuencarral a Alcobendas, 4, Fuencarral-El Pardo",28050,,,
1295,Amazon,Locker,Pública,Public Facility,Madrid,28050,Citypaq Lockers-Correos Madrid Suc 81. Las Tablas,"C. de Capiscol, 12",40.5077115267855,-3.67459635842443,Amazon,Lockers,Public,Public facility,Madrid,Citypaq Lockers-Correos Madrid Suc 81. Las Tablas,"C. de Capiscol, 12",28050,,,
1296,Amazon,Convenience Stores,Privada,Premises,Madrid,28050,Seur - Aldea Dulce,"C. de Furelos, 3",40.5065039198989,-3.66478676847688,Amazon,Convenience stores,Private,Premises,Madrid,Seur - Aldea Dulce,"C. de Furelos, 3",28050,,,
1297,Amazon,Locker,Privada,Supermarket,Madrid,28050,Amazon Locker - Palop Supermercado,"C. de Castiello de Jaca, 21, Fuencarral-El Pardo",40.5046551607707,-3.67695640049962,Amazon,Lockers,Private,Supermarket,Madrid,Amazon Locker - Palop Supermercado,"C. de Castiello de Jaca, 21, Fuencarral-El Pardo",28050,,,
1298,Amazon,Locker,Privada,Premises,Madrid,28050,Amazon Locker - Agulles Metro Ligero,"Av. de Manoteras, 51",40.4876167881533,-3.66103139963892,Amazon,Lockers,Private,Premises,Madrid,Amazon Locker - Agulles Metro Ligero,"Av. de Manoteras, 51",28050,,,
1299,Amazon,Locker,Privada,Premises,Madrid,28050,Amazon Locker - Bujia Farmacia,Carretera Fuencarral a Alcobendas 16,40.5139299031252,-3.67585014443603,Amazon,Lockers,Private,Premises,Madrid,Amazon Locker - Bujia Farmacia,Carretera Fuencarral a Alcobendas 16,28050,,,
1300,Amazon,Locker,Privada,Premises,Madrid,28050,Amazon Locker - Agui Metro Ligero,Cam. de la Fuente de la Mora,40.4856179741709,-3.66458638391677,Amazon,Lockers,Private,Premises,Madrid,Amazon Locker - Agui Metro Ligero,Cam. de la Fuente de la Mora,28050,,,
1301,Amazon,Locker,Privada,Gym,Madrid,28050,Amazon Locker - Aguas Gym,"Av. de Burgos, 89, Fuencarral-El Pardo",40.4942089386968,-3.67365468333957,Amazon,Lockers,Private,Gym,Madrid,Amazon Locker - Aguas Gym,"Av. de Burgos, 89, Fuencarral-El Pardo",28050,,,
1302,Amazon,Locker,Privada,Supermarket,Madrid,28051,Amazon Locker - Tampa Supermercado,"Calle de Antonio Gades, 24",40.3629127503075,-3.59534884106336,Amazon,Lockers,Private,Supermarket,Madrid,Amazon Locker - Tampa Supermercado,"Calle de Antonio Gades, 24",28051,,,
1303,Amazon,Locker,Privada,Mall,Madrid,28051,Amazon Locker - Estefania Centro Comercial,Calle Adolfo Bioy Casares 2,40.3693501171597,-3.59910595260347,Amazon,Lockers,Private,Mall ,Madrid,Amazon Locker - Estefania Centro Comercial,Calle Adolfo Bioy Casares 2,28051,,,
1304,Amazon,Locker,Privada,Service Station,Madrid,28051,Amazon Locker - Luciana Gasolinera,"Av. del Mayorazgo, 20",40.3691719506926,-3.6310132347257,Amazon,Lockers,Private,Service Station,Madrid,Amazon Locker - Luciana Gasolinera,"Av. del Mayorazgo, 20",28051,,,
1305,Amazon,Locker,Privada,Service Station,Madrid,28052,Amazon Locker - Astasia Repsol,"CR M-214 P.K, 4,60 D",40.398802926224,-3.58986199729964,Amazon,Lockers,Private,Service Station,Madrid,Amazon Locker - Astasia Repsol,"CR M-214 P.K, 4,60 D",28052,,,
1306,Amazon,Locker,Privada,Premises,Madrid,28052,Amazon Locker - Benigno Amazon Logsitics,"Amazon Logistics - DMA3, Cl. Pirotecnia 32, Madrid",40.3955527334369,-3.59311996949361,Amazon,Lockers,Private,Premises,Madrid,Amazon Locker - Benigno  Amazon Logsitics,"Amazon Logistics - DMA3, Cl. Pirotecnia 32, Madrid",28052,,,
1307,Amazon,Convenience Stores,Privada,Premises,Madrid,28053,Amazon Counter - Novaestanco,"Av. de las Glorietas, 20",40.3742418093503,-3.66054788715119,Amazon,Convenience stores,Private,Premises,Madrid,Amazon Counter - Novaestanco,"Av. de las Glorietas, 20",28053,,,
1308,Amazon,Locker,Privada,Service Station,Madrid,28053,Amazon Locker - Petrut Repsol,"Ctra. Villaverde-Vallecas, Km. 3,6",40.3666975749036,-3.65579414659338,Amazon,Lockers,Private,Service Station,Madrid,Amazon Locker - Petrut Repsol,"Ctra. Villaverde-Vallecas, Km. 3,6",28053,,,
1309,Amazon,Convenience Stores,Privada,Premises,Madrid,28053,Seur - Modas Alicia,"C. Campiña, 4",40.3796274395435,-3.67099505300029,Amazon,Convenience stores,Private,Premises,Madrid,Seur - Modas Alicia,"C. Campiña, 4",28053,,,
1310,Amazon,Convenience Stores,Privada,Premises,Madrid,28053,Seur - Novaestanco,"Av. de las Glorietas, 20",40.3731353228554,-3.65946689218503,Amazon,Convenience stores,Private,Premises,Madrid,Seur - Novaestanco,"Av. de las Glorietas, 20",28053,,,
1311,Amazon,Locker,Privada,Service Station,Madrid,28053,Amazon Locker - Povill Repsol,"Ctra. Villaverde-Vallecas, P.K. 3,8 - Recinto Mercamadrid",40.3583564782868,-3.65989971599926,Amazon,Lockers,Private,Service Station,Madrid,Amazon Locker - Povill Repsol,"Ctra. Villaverde-Vallecas, P.K. 3,8 - Recinto Mercamadrid",28053,,,
1312,Amazon,Convenience Stores,Privada,Premises,Madrid,28053,Amazon Counter - Alimentacion & Dtodo,"Av del Monte Igueldo, 108",40.3905862488941,-3.67112074447582,Amazon,Convenience stores,Private,Premises,Madrid,Amazon Counter - Alimentacion & Dtodo,"Av del Monte Igueldo, 108",28053,,,
1313,Amazon,Locker,Privada,Supermarket,Madrid,28053,Amazon Locker - Aberasturi Supermercado,Calle del Conde Rodríguez San Pedro 39,40.3848641894121,-3.6718541753292,Amazon,Lockers,Private,Supermarket,Madrid,Amazon Locker - Aberasturi Supermercado,Calle del Conde Rodríguez San Pedro 39,28053,,,
1314,Amazon,Locker,Pública,Public Facility,Madrid,28053,Citypaq Lockers-Correos Madrid Cam 4 Centro De Tra,"CTM MADRID, Calle Eje 8, nave S9 B No:S/N",40.3646694249912,-3.65022749046512,Amazon,Lockers,Public,Public facility,Madrid,Citypaq Lockers-Correos Madrid Cam 4 Centro De Tra," CTM MADRID,  Calle Eje 8, nave S9 B Nº:S/N",28053,,,
1315,Amazon,Convenience Stores,Privada,Premises,Madrid,28053,Amazon Counter - Tintorería Francesa,Calle Miguel de la Roca 26,40.3826890250119,-3.67089745966008,Amazon,Convenience stores,Private,Premises,Madrid,Amazon Counter - Tintorería Francesa,Calle Miguel de la Roca 26,28053,,,
1316,Amazon,Locker,Privada,Service Station,Madrid,28054,Amazon Locker - Bornear Repsol,"Avenida de la Peseta, 6",40.3685765559801,-3.76601420725312,Amazon,Lockers,Private,Service Station,Madrid,Amazon Locker - Bornear Repsol,"Avenida de la Peseta, 6",28054,,,
1317,Amazon,Locker,Privada,Service Station,Madrid,28054,Amazon Locker - Marcia Disa,Avda. De La Aviacion,40.374319009678,-3.77400558257344,Amazon,Lockers,Private,Service Station,Madrid,Amazon Locker - Marcia Disa,Avda. De La Aviacion,28054,,,
1318,Amazon,Locker,Privada,Service Station,Madrid,28054,Amazon Locker - Dinis Bp,"Calle Real M-40, Vía Lusitana, SALIDA 27",40.3633987574371,-3.7430730114175,Amazon,Lockers,Private,Service Station,Madrid,Amazon Locker - Dinis Bp,"Calle Real M-40, Vía Lusitana, SALIDA 27",28054,,,
1319,Amazon,Locker,Privada,Supermarket,Madrid,28055,Amazon Locker - Carregal Supermercado,"Calle José Antonio Fernández Ordóñez 51,",40.4917217171845,-3.60699277344741,Amazon,Lockers,Private,Supermarket,Madrid,Amazon Locker - Carregal Supermercado," Calle José Antonio Fernández Ordóñez 51,",28055,,,
1320,Amazon,Locker,Privada,Service Station,Madrid,28055,Amazon Locker - Juliana Disa,Gta. De Jose Luis Fernandez Del Amo S/N,40.4851645579169,-3.64283434964135,Amazon,Lockers,Private,Service Station,Madrid,Amazon Locker - Juliana Disa,Gta. De Jose Luis Fernandez Del Amo S/N,28055,,,
1321,SEUR,Convenience Stores,Privada,Premises,Madrid,28001,Velazquez Farma,"Calle Velázquez, 30",40.4250468717865,-3.68393592089463,Seur,Convenience stores,Private,Premises,Madrid,Velazquez Farma,"Calle Velázquez, 30",28001,,,
1322,SEUR,Locker,Privada,Parking,Madrid,28001,Parking,"Cl. de Ayala, 38",40.4282277381415,-3.68455506996059,Seur,Lockers,Private,Parking,Madrid,Parking,"Cl. de Ayala, 38",28001,,,
1323,SEUR,Locker,Privada,Parking,Madrid,28001,Ipk Velaz,"Calle Velázquez, 14",40.4230778602021,-3.68403856554043,Seur,Lockers,Private,Parking,Madrid,Ipk Velaz,"Calle Velázquez, 14",28001,,,
1324,SEUR,Convenience Stores,Privada,Premises,Madrid,28001,Aroma Style Home,"C. de Hermosilla, 62",40.4265299621447,-3.67960962822316,Seur,Convenience stores,Private,Premises,Madrid,Aroma Style Home,"C. de Hermosilla, 62",28001,,,
1325,SEUR,Lsp Pudos,Privada,Premises,Madrid,28001,Seur Tipsa Barrio Salamanca,"Calle del General Díaz Porlier, 30",40.4280944327802,-3.67691889688538,Seur,LSP PUDOs,Private,Premises,Madrid,Seur Tipsa Barrio Salamanca,"Calle del General Díaz Porlier, 30",28001,,,
1326,SEUR,Convenience Stores,Privada,Premises,Madrid,28001,Ferreteria Iturdi,"C. de Hermosilla, 86",40.4261992154057,-3.67628348793452,Seur,Convenience stores,Private,Premises,Madrid,Ferreteria Iturdi,"C. de Hermosilla, 86",28001,,,
1327,SEUR,Convenience Stores,Privada,Premises,Madrid,28001,Estanco Florida,"Calle del Gral. Pardiñas, 64",40.4297779860906,-3.67789800920543,Seur,Convenience stores,Private,Premises,Madrid,Estanco Florida,"Calle del Gral. Pardiñas, 64",28001,,,
1328,SEUR,Convenience Stores,Privada,Premises,Madrid,28002,Locutorio Conectame,"C. de Eugenio Salazar, 58",40.4484696386398,-3.6752538287513,Seur,Convenience stores,Private,Premises,Madrid,Locutorio Conectame,"C. de Eugenio Salazar, 58",28002,,,
1329,SEUR,Convenience Stores,Privada,Premises,Madrid,28002,Ferretotal,"C. de Mantuano, 9",40.4453634410274,-3.67452408847246,Seur,Convenience stores,Private,Premises,Madrid,Ferretotal,"C. de Mantuano, 9",28002,,,
1330,SEUR,Locker,Privada,Mall,Madrid,28002,Mercado Prosperidad,"C. de López de Hoyos, 81",40.4448254228081,-3.67426583321391,Seur,Lockers,Private,Mall ,Madrid,Mercado Prosperidad,"C. de López de Hoyos, 81",28002,,,
1331,SEUR,Locker,Privada,Premises,Madrid,28002,Remesas Suero,"Cl. de Suero de Quiñones, 3",40.4445462756813,-3.67555854565276,Seur,Lockers,Private,Premises,Madrid,Remesas Suero,"Cl. de Suero de Quiñones, 3",28002,,,
1332,SEUR,Convenience Stores,Privada,Premises,Madrid,28002,Vapstore Prosperidad,"C/ de Sta Hortensia, 2",40.4461375292356,-3.67048497652798,Seur,Convenience stores,Private,Premises,Madrid,Vapstore Prosperidad,"C/ de Sta Hortensia, 2",28002,,,
1333,SEUR,Locker,Privada,Premises,Madrid,28002,Remesas Zabal,"Calle del Gral. Zabala, 1",40.4426946172999,-3.67446306553634,Seur,Lockers,Private,Premises,Madrid,Remesas Zabal,"Calle del Gral. Zabala, 1",28002,,,
1334,SEUR,Convenience Stores,Privada,Premises,Madrid,28002,Optica Golf,"Calle del Príncipe de Vergara, 205",40.4498698693846,-3.67851597486665,Seur,Convenience stores,Private,Premises,Madrid,Optica Golf,"Calle del Príncipe de Vergara, 205",28002,,,
1335,SEUR,Locker,Privada,Premises,Madrid,28002,Seur Locker Remesas Ramon,"C. de Ramos Carrión, 5",40.4469286770835,-3.66901908556962,Seur,Lockers,Private,Premises,Madrid,Seur Locker Remesas Ramon,"C. de Ramos Carrión, 5",28002,,,
1336,SEUR,Convenience Stores,Privada,Premises,Madrid,28002,Prosperidad,"Calle del Cardenal Silíceo, 29",40.4436927499776,-3.66997236585358,Seur,Convenience stores,Private,Premises,Madrid,Prosperidad,"Calle del Cardenal Silíceo, 29",28002,,,
1337,SEUR,Convenience Stores,Privada,Premises,Madrid,28002,Micro Ware,"C. de Clara del Rey, 58",40.446958678193,-3.66771464325936,Seur,Convenience stores,Private,Premises,Madrid,Micro Ware,"C. de Clara del Rey, 58",28002,,,
1338,SEUR,Locker,Privada,Premises,Madrid,28002,Pc Box,"C. de Cartagena, 115",40.4412463825467,-3.6748447931641,Seur,Lockers,Private,Premises,Madrid,Pc Box,"C. de Cartagena, 115",28002,,,
1339,SEUR,Convenience Stores,Privada,Premises,Madrid,28002,Chip Inside,"C. de Clara del Rey, 20",40.4423236912991,-3.67035563824002,Seur,Convenience stores,Private,Premises,Madrid,Chip Inside,"C. de Clara del Rey, 20",28002,,,
1340,SEUR,Convenience Stores,Privada,Premises,Madrid,28002,Copisteria Huray Copy,"C. del Padre Jesús Ordóñez, 1",40.4410318495397,-3.67731410840684,Seur,Convenience stores,Private,Premises,Madrid,Copisteria Huray Copy,"C. del Padre Jesús Ordóñez, 1",28002,,,
1341,SEUR,Locker,Privada,Premises,Madrid,28002,Seur Locker Autoescuela L,"C. del Corazón de María, 64",40.446307158199,-3.66584326815085,Seur,Lockers,Private,Premises,Madrid,Seur Locker Autoescuela L,"C. del Corazón de María, 64",28002,,,
1342,SEUR,Locker,Privada,Premises,Madrid,28002,Lara Serrano,"C. de Serrano, 162",40.4464344037221,-3.68471950000404,Seur,Lockers,Private,Premises,Madrid,Lara Serrano,"C. de Serrano, 162",28002,,,
1343,SEUR,Convenience Stores,Privada,Premises,Madrid,28003,Fotografia La Fontana,"C. de Alonso Cano, 50",40.4422147480782,-3.69725894936353,Seur,Convenience stores,Private,Premises,Madrid,Fotografia La Fontana,"C. de Alonso Cano, 50",28003,,,
1344,SEUR,Locker,Privada,Premises,Madrid,28003,Foto Fontana,"C. de Alonso Cano, 50",40.4422147480782,-3.69725894936353,Seur,Lockers,Private,Premises,Madrid,Foto Fontana,"C. de Alonso Cano, 50",28003,,,
1345,SEUR,Convenience Stores,Privada,Premises,Madrid,28003,Pillmarq,"Calle de Fernández de la Hoz, 72",40.4393501397613,-3.69434170469866,Seur,Convenience stores,Private,Premises,Madrid,Pillmarq,"Calle de Fernández de la Hoz, 72",28003,,,
1346,SEUR,Convenience Stores,Privada,Premises,Madrid,28003,Achalay,"C. de Alonso Cano, 81",40.4432825157826,-3.6974754366555,Seur,Convenience stores,Private,Premises,Madrid,Achalay,"C. de Alonso Cano, 81",28003,,,
1347,SEUR,Locker,Privada,Parking,Madrid,28003,Seur Locker Parking Isolu,"C/ de Ponzano, 85",40.4447036999357,-3.69894185519961,Seur,Lockers,Private,Parking,Madrid,Seur Locker Parking Isolu,"C/ de Ponzano, 85",28003,,,
1348,SEUR,Locker,Privada,Parking,Madrid,28003,Seur Locker Pki Villaverd,"C. de Raimundo Fernández Villaverde, 57",40.4472293811071,-3.69620166146612,Seur,Lockers,Private,Parking,Madrid,Seur Locker Pki Villaverd,"C. de Raimundo Fernández Villaverde, 57",28003,,,
1349,SEUR,Locker,Privada,Supermarket,Madrid,28003,Seur Locker Lidl Bravo Mu,"C. de Bravo Murillo, 62",40.4439620886142,-3.70359922109866,Seur,Lockers,Private,Supermarket,Madrid,Seur Locker Lidl Bravo Mu,"C. de Bravo Murillo, 62",28003,,,
1350,SEUR,Convenience Stores,Privada,Premises,Madrid,28003,Bondu Moviles,"C. de Bravo Murillo, 90",40.4457792061441,-3.70377383191187,Seur,Convenience stores,Private,Premises,Madrid,Bondu Moviles,"C. de Bravo Murillo, 90",28003,,,
1351,SEUR,Convenience Stores,Privada,Premises,Madrid,28003,Mr Long,"C. Galería Vallehermoso, 4",40.439525962103,-3.70786220439177,Seur,Convenience stores,Private,Premises,Madrid,Mr Long,"C. Galería Vallehermoso, 4",28003,,,
1352,SEUR,Locker,Privada,Premises,Madrid,28003,Seur Locker Jaime 24 H Av,"Av. de Filipinas, 30",40.4406153790941,-3.70856583915004,Seur,Lockers,Private,Premises,Madrid,Seur Locker Jaime 24 H Av,"Av. de Filipinas, 30",28003,,,
1353,SEUR,Locker,Privada,Premises,Madrid,28003,Seur Locker Gala Reina Vi,"Av. de la Reina Victoria, 30",40.4474120380435,-3.70986631549302,Seur,Lockers,Private,Premises,Madrid,Seur Locker Gala Reina Vi,"Av. de la Reina Victoria, 30",28003,,,
1354,SEUR,Convenience Stores,Privada,Premises,Madrid,28003,Moran Opticos,"C. de Cea Bermúdez, 65",40.4391664811927,-3.71661610336114,Seur,Convenience stores,Private,Premises,Madrid,Moran Opticos,"C. de Cea Bermúdez, 65",28003,,,
1355,SEUR,Convenience Stores,Privada,Premises,Madrid,28004,Koiki Home,"C. de Barceló, 6",40.4274221795259,-3.69907131091368,Seur,Convenience stores,Private,Premises,Madrid,Koiki Home,"C. de Barceló, 6",28004,,,
1356,SEUR,Locker,Privada,Parking,Madrid,28004,Teatro Pki Barcelo,"C. de Barceló, 11",40.4276024171582,-3.69964765106015,Seur,Lockers,Private,Parking,Madrid,Teatro Pki Barcelo,"C. de Barceló, 11",28004,,,
1357,SEUR,Convenience Stores,Privada,Premises,Madrid,28004,Equivalenza,"C/ de Hortaleza, 27",40.4221684766346,-3.70007240716558,Seur,Convenience stores,Private,Premises,Madrid,Equivalenza,"C/ de Hortaleza, 27",28004,,,
1358,SEUR,Convenience Stores,Privada,Premises,Madrid,28004,Js Accesorios Y Movil,"C. del Espíritu Santo, 3",40.4250253571189,-3.70237670995778,Seur,Convenience stores,Private,Premises,Madrid,Js Accesorios Y Movil,"C. del Espíritu Santo, 3",28004,,,
1359,SEUR,Convenience Stores,Privada,Premises,Madrid,28004,Pc Service,"Cl. del Marqués de Sta. Ana, 30",40.4252527366428,-3.70370361518701,Seur,Convenience stores,Private,Premises,Madrid,Pc Service,"Cl. del Marqués de Sta. Ana, 30",28004,,,
1360,SEUR,Locker,Privada,Supermarket,Madrid,28004,Lidl,"Calle de Fuencarral, 101",40.4283949633833,-3.70209159975603,Seur,Lockers,Private,Supermarket,Madrid,Lidl,"Calle de Fuencarral, 101",28004,,,
1361,SEUR,Convenience Stores,Privada,Premises,Madrid,28004,Fotocopias Javipar,"C. de Loreto y Chicote, 13",40.421767863065,-3.70441016554171,Seur,Convenience stores,Private,Premises,Madrid,Fotocopias Javipar,"C. de Loreto y Chicote, 13",28004,,,
1362,SEUR,Locker,Privada,Premises,Madrid,28004,Autoescuela,"Calle de Ruiz, 14",40.428585443434,-3.70371960000123,Seur,Lockers,Private,Premises,Madrid,Autoescuela,"Calle de Ruiz, 14",28004,,,
1363,SEUR,Convenience Stores,Privada,Premises,Madrid,28005,El Patin De Oro,"P.o de los Pontones, 17",40.4055957125237,-3.71388795525802,Seur,Convenience stores,Private,Premises,Madrid,El Patin De Oro,"P.º de los Pontones, 17",28005,,,
1364,SEUR,Convenience Stores,Privada,Premises,Madrid,28005,Estanco 149,"P.o de Juan Antonio Vallejo-Nájera Botas, 50",40.4043497559494,-3.71502453932726,Seur,Convenience stores,Private,Premises,Madrid,Estanco 149,"P.º de Juan Antonio Vallejo-Nájera Botas, 50",28005,,,
1365,SEUR,Convenience Stores,Privada,Premises,Madrid,28005,Vinoteca La Cristaleria,"P.o de las Acacias, 59",40.4018014554021,-3.71215583953426,Seur,Convenience stores,Private,Premises,Madrid,Vinoteca La Cristaleria,"P.º de las Acacias, 59",28005,,,
1366,SEUR,Locker,Privada,Supermarket,Madrid,28005,Seur Locker Lidl Cl Soria,"C. de Soria, 2",40.4053863412778,-3.70602034768253,Seur,Lockers,Private,Supermarket,Madrid,Seur Locker Lidl Cl Soria,"C. de Soria, 2",28005,,,
1367,SEUR,Convenience Stores,Privada,Premises,Madrid,28005,Prink Madrid Toledo,"Ronda de Toledo, 107",40.4055893533825,-3.70777147275677,Seur,Convenience stores,Private,Premises,Madrid,Prink Madrid Toledo,"Ronda de Toledo, 107",28005,,,
1368,SEUR,Locker,Privada,Parking,Madrid,28005,Seur Locker Parking Bolto,"Ronda de Toledo, 88",40.4053070121762,-3.70423025125728,Seur,Lockers,Private,Parking,Madrid,Seur Locker Parking Bolto,"Ronda de Toledo, 88",28005,,,
1369,SEUR,Convenience Stores,Privada,Premises,Madrid,28005,Basanta Fotografos,"C. de Melilla, 45",40.4008081440263,-3.71007909353761,Seur,Convenience stores,Private,Premises,Madrid,Basanta Fotografos,"C. de Melilla, 45",28005,,,
1370,SEUR,Locker,Privada,Premises,Madrid,28005,Seur Locker Estanco Piram,P.o de las Acacias,40.4035740199549,-3.70844537223101,Seur,Lockers,Private,Premises,Madrid,Seur Locker Estanco Piram,P.º de las Acacias,28005,,,
1371,SEUR,Locker,Privada,Parking,Madrid,28005,Seur Locker Parking Bolto,"C/ de la Ribera de Curtidores, 15",40.4093943930792,-3.70656647780564,Seur,Lockers,Private,Parking,Madrid,Seur Locker Parking Bolto,"C/ de la Ribera de Curtidores, 15",28005,,,
1372,SEUR,Locker,Privada,Premises,Madrid,28005,Seur Locker Locutorio Cib,"C. de Ercilla, 12",40.4033979209542,-3.70344456054392,Seur,Lockers,Private,Premises,Madrid,Seur Locker Locutorio Cib,"C. de Ercilla, 12",28005,,,
1373,SEUR,Convenience Stores,Privada,Premises,Madrid,28005,Locutorio Ciber Marco,"C. de Ercilla, 12",40.4033979209542,-3.70344456054392,Seur,Convenience stores,Private,Premises,Madrid,Locutorio Ciber Marco,"C. de Ercilla, 12",28005,,,
1374,SEUR,Convenience Stores,Privada,Premises,Madrid,28005,Vapstore La Latina,"Pl. de Cascorro, 8",40.4104307702068,-3.70707836494287,Seur,Convenience stores,Private,Premises,Madrid,Vapstore La Latina,"Pl. de Cascorro, 8",28005,,,
1375,SEUR,Convenience Stores,Privada,Premises,Madrid,28005,25 Olivas.,"C. de la Ruda, 12",40.410740757969,-3.70809879673263,Seur,Convenience stores,Private,Premises,Madrid,25 Olivas.,"C. de la Ruda, 12",28005,,,
1376,SEUR,Convenience Stores,Privada,Premises,Madrid,28005,Nuvole Di Profumo,C. de la Cebada SN,40.4109090846734,-3.70998071316404,Seur,Convenience stores,Private,Premises,Madrid,Nuvole Di Profumo,C. de la Cebada SN,28005,,,
1377,SEUR,Locker,Privada,Mall,Madrid,28005,Seur Locker Mercado Cebad,C. de la Cebada SN,40.4109090846734,-3.70998071316404,Seur,Lockers,Private,Mall,Madrid,Seur Locker Mercado Cebad,C. de la Cebada SN,28005,,,
1378,SEUR,Convenience Stores,Privada,Premises,Madrid,28005,Tr3sdland,"Pl. de Cascorro, 2",40.4113497819948,-3.7071902672415,Seur,Convenience stores,Private,Premises,Madrid,Tr3sdland,"Pl. de Cascorro, 2",28005,,,
1379,SEUR,Convenience Stores,Privada,Premises,Madrid,28005,Estanco Melancólicos,"P.o de los Melancólicos, 35",40.4054388916956,-3.72043470165924,Seur,Convenience stores,Private,Premises,Madrid,Estanco Melancólicos,"P.º de los Melancólicos, 35",28005,,,
1380,SEUR,Convenience Stores,Privada,Premises,Madrid,28005,Baby Merceria Zapateria,"C. de Juan Duque, 32",40.4106453945808,-3.71966315576118,Seur,Convenience stores,Private,Premises,Madrid,Baby Merceria Zapateria,"C. de Juan Duque, 32",28005,,,
1381,SEUR,Convenience Stores,Privada,Premises,Madrid,28005,Extreme Land Bmx,"P.o de la Esperanza, 59",40.3983607208955,-3.70226955940416,Seur,Convenience stores,Private,Premises,Madrid,Extreme Land Bmx,"P.º de la Esperanza, 59",28005,,,
1382,SEUR,Locker,Privada,Premises,Madrid,28005,Europhil Tintoreros,"Cl. de Tintoreros, 2",40.413964280743,-3.70765469036756,Seur,Lockers,Private,Premises,Madrid,Europhil Tintoreros,"Cl. de Tintoreros, 2",28005,,,
1383,SEUR,Convenience Stores,Privada,Premises,Madrid,28005,Spain Here,"C. de Cuchilleros, 12",40.4143368967825,-3.70845122427215,Seur,Convenience stores,Private,Premises,Madrid,Spain Here,"C. de Cuchilleros, 12",28005,,,
1384,SEUR,Locker,Privada,Mall,Madrid,28006,Mercado Diego,"Calle de Diego de León, 26",40.4349354996398,-3.68248042205348,Seur,Lockers,Private,Mall ,Madrid,Mercado Diego,"Calle de Diego de León, 26",28006,,,
1385,SEUR,Convenience Stores,Privada,Premises,Madrid,28006,Cm26 Reprografía,"Calle de Maldonado, 26",40.4337608048362,-3.68134165281109,Seur,Convenience stores,Private,Premises,Madrid,Cm26 Reprografía,"Calle de Maldonado, 26",28006,,,
1386,SEUR,Convenience Stores,Privada,Premises,Madrid,28006,Prink Iriparo Velazquez,"Calle Velázquez, 118",40.4364733995611,-3.68302805281163,Seur,Convenience stores,Private,Premises,Madrid,Prink Iriparo Velazquez,"Calle Velázquez, 118",28006,,,
1387,SEUR,Convenience Stores,Privada,Premises,Madrid,28006,Herbolario Vilaflor,"Calle de Castelló, 120",40.4374742124318,-3.68003221701971,Seur,Convenience stores,Private,Premises,Madrid,Herbolario Vilaflor,"Calle de Castelló, 120",28006,,,
1388,SEUR,Locker,Privada,Parking,Madrid,28006,Parking Juan,"Calle de Juan Bravo, 13",40.4333557371883,-3.6825919792113,Seur,Lockers,Private,Parking,Madrid,Parking Juan,"Calle de Juan Bravo, 13",28006,,,
1389,SEUR,Locker,Privada,Parking,Madrid,28006,Pk Maria De Molina,"Calle de María de Molina, 48",40.4371264266561,-3.68124933698932,Seur,Lockers,Private,Parking,Madrid,Pk Maria De Molina,"Calle de María de Molina, 48",28006,,,
1390,SEUR,Convenience Stores,Privada,Premises,Madrid,28006,Hilltop Bs,"C. del Gral. Oráa, 18",40.4360686000919,-3.68489722392691,Seur,Convenience stores,Private,Premises,Madrid,Hilltop Bs,"C. del Gral. Oráa, 18",28006,,,
1391,SEUR,Locker,Privada,Parking,Madrid,28006,Parking,"Calle de María de Molina, 27",40.4380519288572,-3.68377113883301,Seur,Lockers,Private,Parking,Madrid,Parking,"Calle de María de Molina, 27",28006,,,
1392,SEUR,Convenience Stores,Privada,Premises,Madrid,28006,Estanco 837,"Calle del Gral. Pardiñas, 61",40.4326696678311,-3.678039930763,Seur,Convenience stores,Private,Premises,Madrid,Estanco 837,"Calle del Gral. Pardiñas, 61",28006,,,
1393,SEUR,Locker,Privada,Parking,Madrid,28006,Ipk Diego De Leon,"Calle de Diego de León, 53",40.4349612666562,-3.67753756490781,Seur,Lockers,Private,Parking,Madrid,Ipk Diego De Leon,"Calle de Diego de León, 53",28006,,,
1394,SEUR,Convenience Stores,Privada,Kiosk,Madrid,28006,Quiosco Ortega Y Gasset,"C. de José Ortega y Gasset, 29",40.4310654404002,-3.68307516202431,Seur,Convenience stores,Private,Kiosk,Madrid,Quiosco Ortega Y Gasset,"C. de José Ortega y Gasset, 29",28006,,,
1395,SEUR,Locker,Privada,Premises,Madrid,28006,Abc Serrano,C. de Serrano,40.4234524293805,-3.68820850649902,Seur,Lockers,Private,Premises,Madrid,Abc Serrano,C. de Serrano,28006,,,
1396,SEUR,Convenience Stores,Privada,Premises,Madrid,28006,Locutorio Marandu Jb,"Calle de Juan Bravo, 63",40.4328099739805,-3.67429922487508,Seur,Convenience stores,Private,Premises,Madrid,Locutorio Marandu Jb,"Calle de Juan Bravo, 63",28006,,,
1397,SEUR,Locker,Privada,Parking,Madrid,28006,Parking Bolto,"Calle de Juan Bravo, 58",40.4323551068655,-3.67424786617231,Seur,Lockers,Private,Parking,Madrid,Parking Bolto,"Calle de Juan Bravo, 58",28006,,,
1398,SEUR,Convenience Stores,Privada,Premises,Madrid,28006,Vapesmoke,"C. de Padilla, 88",40.430995543002,-3.671657264594,Seur,Convenience stores,Private,Premises,Madrid,Vapesmoke,"C. de Padilla, 88",28006,,,
1399,SEUR,Convenience Stores,Privada,Premises,Madrid,28006,Estanco 198,"Calle de Don Ramón de la Cruz, 115",40.4291621400108,-3.66971748413617,Seur,Convenience stores,Private,Premises,Madrid,Estanco 198,"Calle de Don Ramón de la Cruz, 115",28006,,,
1400,SEUR,Locker,Privada,Premises,Madrid,28007,Lara Conde De Casal,"Av. del Mediterráneo, 41",40.4071287750878,-3.66941626649792,Seur,Lockers,Private,Premises,Madrid,Lara Conde De Casal,"Av. del Mediterráneo, 41",28007,,,
1401,SEUR,Convenience Stores,Privada,Premises,Madrid,28007,Estanco Conde De Casal,"C. del Dr. Esquerdo, 177",40.4060716976126,-3.67035069442791,Seur,Convenience stores,Private,Premises,Madrid,Estanco Conde De Casal,"C. del Dr. Esquerdo, 177",28007,,,
1402,SEUR,Convenience Stores,Privada,Premises,Madrid,28007,Bisuteria El Tallercito B,"C. de Sánchez Barcáiztegui, 43",40.4067281742915,-3.67272173539386,Seur,Convenience stores,Private,Premises,Madrid,Bisuteria El Tallercito B,"C. de Sánchez Barcáiztegui, 43",28007,,,
1403,SEUR,Locker,Privada,Supermarket,Madrid,28007,Seur Lockers Lidl,"Av. del Mediterráneo, 33",40.4072854859937,-3.67269626648734,Seur,Lockers,Private,Supermarket,Madrid,Seur Lockers Lidl,"Av. del Mediterráneo, 33",28007,,,
1404,SEUR,Locker,Privada,Parking,Madrid,28007,Seur Lockers Parking Bolto,"Av. del Mediterráneo, 28",40.4070386273355,-3.67336848750735,Seur,Lockers,Private,Parking,Madrid,Seur Lockers Parking Bolto,"Av. del Mediterráneo, 28",28007,,,
1405,SEUR,Convenience Stores,Privada,Premises,Madrid,28007,Doce Treinta Y Cuatro,"C. del Dr. Esquerdo, 96",40.4109786182169,-3.67030255249842,Seur,Convenience stores,Private,Premises,Madrid,Doce Treinta Y Cuatro,"C. del Dr. Esquerdo, 96",28007,,,
1406,SEUR,Convenience Stores,Privada,Premises,Madrid,28007,Zapatos San Roman,"C. de Valderribas, 22",40.4049459302213,-3.67673319474235,Seur,Convenience stores,Private,Premises,Madrid,Zapatos San Roman,"C. de Valderribas, 22",28007,,,
1407,SEUR,Convenience Stores,Privada,Premises,Madrid,28007,Sol Internacional,"C. de Granada, 46",40.4030186849049,-3.67538392205786,Seur,Convenience stores,Private,Premises,Madrid,Sol Internacional,"C. de Granada, 46",28007,,,
1408,SEUR,Locker,Privada,Parking,Madrid,28007,Seur Lockers Pk,C. de los Reyes Magos S/N,40.4098795668056,-3.67595365094387,Seur,Lockers,Private,Parking,Madrid,Seur Lockers Pk,C. de los Reyes Magos S/N,28007,,,
1409,SEUR,Convenience Stores,Privada,Supermarket,Madrid,28007,Alimentacion Autoservicio,"C. de Cavanilles, 10",40.407040210746,-3.67816986371881,Seur,Convenience stores,Private,Supermarket,Madrid,Alimentacion Autoservicio,"C. de Cavanilles, 10",28007,,,
1410,SEUR,Locker,Privada,Supermarket,Madrid,28007,Seur Lockers Lidl,"Calle de Narciso Serra, 13",40.4054936201873,-3.67890435343751,Seur,Lockers,Private,Supermarket,Madrid,Seur Lockers Lidl ,"Calle de Narciso Serra, 13",28007,,,
1411,SEUR,Locker,Privada,Parking,Madrid,28007,Seur Lockers Parking Bolto,"C. de Seco, 1",40.3993532429238,-3.67170313915074,Seur,Lockers,Private,Parking,Madrid,Seur Lockers Parking Bolto,"C. de Seco, 1",28007,,,
1412,SEUR,Convenience Stores,Privada,Premises,Madrid,28007,Estanco Tellez,"C. de Téllez, 19",40.4027979102626,-3.67972123588547,Seur,Convenience stores,Private,Premises,Madrid,Estanco Tellez,"C. de Téllez, 19",28007,,,
1413,SEUR,Lsp Pudos,Privada,Premises,Madrid,28007,Jativa,"C. de Játiva, 43",40.3984983095917,-3.67246263005859,Seur,LSP PUDOs,Private,Premises,Madrid,Jativa,"C. de Játiva, 43",28007,,,
1414,SEUR,Convenience Stores,Privada,Premises,Madrid,28007,Ferreteria Ibermadrid,"C. del Comercio, 3",40.4035893039641,-3.68131020995921,Seur,Convenience stores,Private,Premises,Madrid,Ferreteria Ibermadrid,"C. del Comercio, 3",28007,,,
1415,SEUR,Locker,Privada,Premises,Madrid,28007,Seur Lockers Lara Menendez,"Av. de la Ciudad de Barcelona, 7",40.4053559970743,-3.68260256249919,Seur,Lockers,Private,Premises,Madrid,Seur Lockers Lara Menendez,"Av. de la Ciudad de Barcelona, 7",28007,,,
1416,SEUR,Convenience Stores,Privada,Premises,Madrid,28008,Kallpaprincipe,"Av. de Valladolid, 9",40.4264635651476,-3.72727656310677,Seur,Convenience stores,Private,Premises,Madrid,Kallpaprincipe,"Av. de Valladolid, 9",28008,,,
1417,SEUR,Locker,Privada,Premises,Madrid,28008,Seur Locker Autoescuela X,"Gta. de San Antonio de la Florida, 1",40.425842062363,-3.72675794278759,Seur,Lockers,Private,Premises,Madrid,Seur Locker Autoescuela X,"Gta. de San Antonio de la Florida, 1",28008,,,
1418,SEUR,Convenience Stores,Privada,Premises,Madrid,28008,Ferreteria Escalona,"P.o del Comandante Fortea, 38",40.4268444503522,-3.73143806648255,Seur,Convenience stores,Private,Premises,Madrid,Ferreteria Escalona,"P.º del Comandante Fortea, 38",28008,,,
1419,SEUR,Convenience Stores,Privada,Premises,Madrid,28008,Estanco 804,"C. de Romero Robledo, 9",40.4324236403624,-3.71950613699019,Seur,Convenience stores,Private,Premises,Madrid,Estanco 804,"C. de Romero Robledo, 9",28008,,,
1420,SEUR,Locker,Privada,Parking,Madrid,28008,Seur Lockers Parking Bolto,"C. de Romero Robledo, 9",40.4324236403624,-3.71950613699019,Seur,Lockers,Private,Parking,Madrid,Seur Lockers Parking Bolto,"C. de Romero Robledo, 9",28008,,,
1421,SEUR,Lsp Pudos,Privada,Premises,Madrid,28008,Telex 24,"C. de Quintana, 6",40.4287859875529,-3.71641958910957,Seur,LSP PUDOs,Private,Premises,Madrid,Telex 24,"C. de Quintana, 6",28008,,,
1422,SEUR,Locker,Privada,Premises,Madrid,28008,Seur Lockers Principe Pio,"P.o de la Florida, 2",40.421977613439,-3.72025106433346,Seur,Lockers,Private,Premises,Madrid,Seur Lockers Principe Pio,"P.º de la Florida, 2",28008,,,
1423,SEUR,Convenience Stores,Privada,Premises,Madrid,28008,Ferreteria Ferrocentro,"C. de Ventura Rodríguez, 16",40.4253487824695,-3.71425858409086,Seur,Convenience stores,Private,Premises,Madrid,Ferreteria Ferrocentro,"C. de Ventura Rodríguez, 16",28008,,,
1424,SEUR,Locker,Privada,Parking,Madrid,28008,Seur Lockers Pk Princesa,"Calle de la Princesa, 5",40.4248494717315,-3.71218620531911,Seur,Lockers,Private,Parking,Madrid,Seur Lockers Pk Princesa,"Calle de la Princesa, 5",28008,,,
1425,SEUR,Locker,Privada,Parking,Madrid,28008,Seur Lockers Parking Bolto,"Cta. de San Vicente, 38",40.4207865521231,-3.71752823257844,Seur,Lockers,Private,Parking,Madrid,Seur Lockers Parking Bolto,"Cta. de San Vicente, 38",28008,,,
1426,SEUR,Convenience Stores,Privada,Premises,Madrid,28008,Mobile Centre,"Calle de la Princesa, 3",40.4255231886618,-3.71357452930385,Seur,Convenience stores,Private,Premises,Madrid,Mobile Centre,"Calle de la Princesa, 3",28008,,,
1427,SEUR,Convenience Stores,Privada,Premises,Madrid,28009,Leurs Flurs,"C. de Narváez, 76",40.4173108725745,-3.67650603665727,Seur,Convenience stores,Private,Premises,Madrid,Leurs Flurs,"C. de Narváez, 76",28009,,,
1428,SEUR,Locker,Privada,Premises,Madrid,28009,Seur Lockers Lara Sainz Ba,"C/ del Alcalde Sainz de Baranda, 30",40.4171068360105,-3.67453692625173,Seur,Lockers,Private,Premises,Madrid,Seur Lockers Lara Sainz Ba,"C/ del Alcalde Sainz de Baranda, 30",28009,,,
1429,SEUR,Lsp Pudos,Privada,Premises,Madrid,28009,Odonnell,"C/ de Fernán González, 32",40.4213226038918,-3.67457192174264,Seur,LSP PUDOs,Private,Premises,Madrid,Odonnell,"C/ de Fernán González, 32",28009,,,
1430,SEUR,Convenience Stores,Privada,Premises,Madrid,28009,Locutorio Luzcar,"C/ del Alcalde Sainz de Baranda, 54",40.4165397478536,-3.67096790650137,Seur,Convenience stores,Private,Premises,Madrid,Locutorio Luzcar,"C/ del Alcalde Sainz de Baranda, 54",28009,,,
1431,SEUR,Convenience Stores,Privada,Premises,Madrid,28009,Chipa - Manuel Becerra,"C. de Alcalá, 140",40.427401768199,-3.6701380831835,Seur,Convenience stores,Private,Premises,Madrid,Chipa - Manuel Becerra,"C. de Alcalá, 140",28009,,,
1432,SEUR,Convenience Stores,Privada,Premises,Madrid,28010,Carlin,"Calle de Zurbano, 58",40.435026992024,-3.69304099130069,Seur,Convenience stores,Private,Premises,Madrid,Carlin,"Calle de Zurbano, 58",28010,,,
1433,SEUR,Convenience Stores,Privada,Premises,Madrid,28010,Alimentacion Casa Julian,"C. del Cardenal Cisneros, 9",40.4304204856033,-3.70192143049468,Seur,Convenience stores,Private,Premises,Madrid,Alimentacion Casa Julian,"C. del Cardenal Cisneros, 9",28010,,,
1434,SEUR,Locker,Privada,Premises,Madrid,28010,Seur Lockers Autoescuela G,"Calle de García de Paredes, 74",40.4367488617445,-3.69450823730007,Seur,Lockers,Private,Premises,Madrid,Seur Lockers Autoescuela G,"Calle de García de Paredes, 74",28010,,,
1435,SEUR,Convenience Stores,Privada,Premises,Madrid,28010,Papeleria Ap,"Calle de García de Paredes, 84",40.4367143300383,-3.69286846679795,Seur,Convenience stores,Private,Premises,Madrid,Papeleria Ap,"Calle de García de Paredes, 84",28010,,,
1436,SEUR,Convenience Stores,Privada,Premises,Madrid,28010,Zerowastemad,"Calle de García de Paredes, 35",40.4371131582087,-3.69833982654358,Seur,Convenience stores,Private,Premises,Madrid,Zerowastemad,"Calle de García de Paredes, 35",28010,,,
1437,SEUR,Convenience Stores,Privada,Premises,Madrid,28010,Locutorio Mila,"C. del Cardenal Cisneros, 64",40.4344492360328,-3.70267700872298,Seur,Convenience stores,Private,Premises,Madrid,Locutorio Mila,"C. del Cardenal Cisneros, 64",28010,,,
1438,SEUR,Locker,Privada,Premises,Madrid,28010,Seur Lockers Pcbox Madrid,"Calle de Sandoval, 12",40.4303598452194,-3.70421588107174,Seur,Lockers,Private,Premises,Madrid,Seur Lockers Pcbox Madrid,"Calle de Sandoval, 12",28010,,,
1439,SEUR,Convenience Stores,Privada,Premises,Madrid,28010,Multiservicios Inti,"Calle de García de Paredes, 18",40.437010318058,-3.7014759475233,Seur,Convenience stores,Private,Premises,Madrid,Multiservicios Inti,"Calle de García de Paredes, 18",28010,,,
1440,SEUR,Convenience Stores,Privada,Premises,Madrid,28010,Pekes Pet Shop,"Calle de García de Paredes, 6",40.4372966427008,-3.70345021378558,Seur,Convenience stores,Private,Premises,Madrid,Pekes Pet Shop,"Calle de García de Paredes, 6",28010,,,
1441,SEUR,Convenience Stores,Privada,Premises,Madrid,28011,El Chollo De Batan,"C. de Villamanín, 46",40.4067560255634,-3.75345170462907,Seur,Convenience stores,Private,Premises,Madrid,El Chollo De Batan,"C. de Villamanín, 46",28011,,,
1442,SEUR,Convenience Stores,Privada,Premises,Madrid,28011,Candy Fiesta,"P.o de Extremadura, 200",40.4074874650279,-3.7466423802887,Seur,Convenience stores,Private,Premises,Madrid,Candy Fiesta,"P.º de Extremadura, 200",28011,,,
1443,SEUR,Convenience Stores,Privada,Premises,Madrid,28011,Parada Amarilla Locutorio,"C. de Herminio Puertas, 3",40.4102148418376,-3.73749912505941,Seur,Convenience stores,Private,Premises,Madrid,Parada Amarilla Locutorio,"C. de Herminio Puertas, 3",28011,,,
1444,SEUR,Convenience Stores,Privada,Premises,Madrid,28011,Mundo Movil 2,"C. de Cebreros, 12",40.4051113108592,-3.74255069738974,Seur,Convenience stores,Private,Premises,Madrid,Mundo Movil 2,"C. de Cebreros, 12",28011,,,
1445,SEUR,Convenience Stores,Privada,Premises,Madrid,28011,Te Cosen Las Cosas,"C. Genserico, 5",40.4081870454455,-3.73595984858116,Seur,Convenience stores,Private,Premises,Madrid,Te Cosen Las Cosas,"C. Genserico, 5",28011,,,
1446,SEUR,Convenience Stores,Privada,Premises,Madrid,28011,Prink Paseo Extremadura,"P.o de Extremadura, 53",40.413009647548,-3.73030222001737,Seur,Convenience stores,Private,Premises,Madrid,Prink Paseo Extremadura,"P.º de Extremadura, 53",28011,,,
1447,SEUR,Convenience Stores,Privada,Premises,Madrid,28011,Mundo Móvil,"C. de Caramuel, 5",40.4133575671608,-3.72687429685296,Seur,Convenience stores,Private,Premises,Madrid,Mundo Móvil,"C. de Caramuel, 5",28011,,,
1448,SEUR,Locker,Privada,Premises,Madrid,28011,Seur Locker La Ermita,"C. R. la Ermita, 48",43.3469192371946,-8.43099843880957,Seur,Lockers,Private,Premises,Madrid,Seur Locker La Ermita,"C. R. la Ermita, 48",28011,,,
1449,SEUR,Convenience Stores,Privada,Premises,Madrid,28011,La Tienda Azul,"Av del Manzanares, 32",40.4067578965226,-3.72310938943172,Seur,Convenience stores,Private,Premises,Madrid,La Tienda Azul,"Av del Manzanares, 32",28011,,,
1450,SEUR,Locker,Privada,Premises,Madrid,28012,Seur Lockers Centro Tour E,"C. del Sombrerete, 13",40.4085126846172,-3.70259226116921,Seur,Lockers,Private,Premises,Madrid,Seur Lockers Centro Tour E,"C. del Sombrerete, 13",28012,,,
1451,SEUR,Locker,Privada,Mall,Madrid,28012,Seur Lockers Mercado San F,"C. de Embajadores, 41",40.4079380805423,-3.70367485001491,Seur,Lockers,Private,Mall ,Madrid,Seur Lockers Mercado San F,"C. de Embajadores, 41",28012,,,
1452,SEUR,Convenience Stores,Privada,Premises,Madrid,28012,La Tia Maria Cbd Shop,"C. del Amparo, 9",40.4112305824887,-3.70389357161047,Seur,Convenience stores,Private,Premises,Madrid,La Tia Maria Cbd Shop,"C. del Amparo, 9",28012,,,
1453,SEUR,Convenience Stores,Privada,Premises,Madrid,28012,Gash Market,"C. de Lavapiés, 14",40.4116452581214,-3.70304054380046,Seur,Convenience stores,Private,Premises,Madrid,Gash Market,"C. de Lavapiés, 14",28012,,,
1454,SEUR,Convenience Stores,Privada,Premises,Madrid,28012,Estanco 635,"C. de los Cabestreros, 17",40.4090355752166,-3.70519032518258,Seur,Convenience stores,Private,Premises,Madrid,Estanco 635,"C. de los Cabestreros, 17",28012,,,
1455,SEUR,Convenience Stores,Privada,Premises,Madrid,28012,Siddiqui Telecom,"Calle de la Magdalena, 4",40.4126206772183,-3.70277778200398,Seur,Convenience stores,Private,Premises,Madrid,Siddiqui Telecom,"Calle de la Magdalena, 4",28012,,,
1456,SEUR,Locker,Privada,Supermarket,Madrid,28012,Seur Lockers Lidl Ronda De,"Rda. de Valencia, sn",40.4062007331439,-3.69963710205412,Seur,Lockers,Private,Supermarket,Madrid,Seur Lockers Lidl Ronda De,"Rda. de Valencia, sn",28012,,,
1457,SEUR,Locker,Privada,Premises,Madrid,28012,Seur Lockers Lara Tirso Mo,"Calle de la Magdalena, 5",40.4126915901608,-3.70267422237344,Seur,Lockers,Private,Premises,Madrid,Seur Lockers Lara Tirso Mo,"Calle de la Magdalena, 5",28012,,,
1458,SEUR,Convenience Stores,Privada,Premises,Madrid,28012,Phonelectric,"Rda. de Atocha, 26",40.4066560886988,-3.69832027352264,Seur,Convenience stores,Private,Premises,Madrid,Phonelectric,"Rda. de Atocha, 26",28012,,,
1459,SEUR,Convenience Stores,Privada,Premises,Madrid,28012,Pisamorena De Jq,"Cl. de Alonso del Barco, 3",40.4048867903505,-3.7012629664887,Seur,Convenience stores,Private,Premises,Madrid,Pisamorena De Jq,"Cl. de Alonso del Barco, 3",28012,,,
1460,SEUR,Locker,Privada,Premises,Madrid,28012,Seur Lockers Lara Embajado,"C. de Embajadores, 82",40.4038566031947,-3.70182457797468,Seur,Lockers,Private,Premises,Madrid,Seur Lockers Lara Embajado,"C. de Embajadores, 82",28012,,,
1461,SEUR,Convenience Stores,Privada,Premises,Madrid,28012,Mridha Shopping,"C. de Atocha, 5",40.4149300526175,-3.70501426427841,Seur,Convenience stores,Private,Premises,Madrid,Mridha Shopping,"C. de Atocha, 5",28012,,,
1462,SEUR,Convenience Stores,Privada,Premises,Madrid,28013,Herbolario Niño Del Remed,"C. de los Donados, 1",40.4182222037433,-3.70844921026629,Seur,Convenience stores,Private,Premises,Madrid,Herbolario Niño Del Remed,"C. de los Donados, 1",28013,,,
1463,SEUR,Convenience Stores,Privada,Premises,Madrid,28013,24h Market,"Cost.a de los Ángeles, 15",40.4198512434181,-3.70808913443939,Seur,Convenience stores,Private,Premises,Madrid,24h Market,"Cost.ª de los Ángeles, 15",28013,,,
1464,SEUR,Locker,Privada,Parking,Madrid,28013,Seur Lockers Parking Bolto,"C. de la Salud, 2",40.4185892029677,-3.70411241026155,Seur,Lockers,Private,Parking,Madrid,Seur Lockers Parking Bolto,"C. de la Salud, 2",28013,,,
1465,SEUR,Convenience Stores,Privada,Premises,Madrid,28014,Bodegas Trigo,"C. de San Pedro, 8",40.4123382168015,-3.69510132578526,Seur,Convenience stores,Private,Premises,Madrid,Bodegas Trigo,"C. de San Pedro, 8",28014,,,
1466,SEUR,Locker,Privada,Premises,Madrid,28014,Seur Lockers Canalejas,"Pl. de Canalejas, 1",40.4171166158732,-3.70047975063355,Seur,Lockers,Private,Premises,Madrid,Seur Lockers Canalejas,"Pl. de Canalejas, 1",28014,,,
1467,SEUR,Lsp Pudos,Privada,Premises,Madrid,28014,Tienda Seur Canalejas,"Pl. de Canalejas, 1",40.4171166158732,-3.70047975063355,Seur,LSP PUDOs,Private,Premises,Madrid,Tienda Seur Canalejas,"Pl. de Canalejas, 1",28014,,,
1468,SEUR,Convenience Stores,Privada,Premises,Madrid,28015,Estanco Vallehermoso 204,"C. de Vallehermoso, 11",40.431473786193,-3.70937675364695,Seur,Convenience stores,Private,Premises,Madrid,Estanco Vallehermoso 204,"C. de Vallehermoso, 11",28015,,,
1469,SEUR,Convenience Stores,Privada,Premises,Madrid,28015,Eaxy Group,"C. de Galileo, 20",40.4320219394783,-3.71009959320099,Seur,Convenience stores,Private,Premises,Madrid,Eaxy Group,"C. de Galileo, 20",28015,,,
1470,SEUR,Locker,Privada,Premises,Madrid,28015,Seur Lockers Lidl Rodrigue,"C. de Rodríguez San Pedro, 22",40.4319939741251,-3.70963336585348,Seur,Lockers,Private,Premises,Madrid,Seur Lockers Lidl Rodrigue,"C. de Rodríguez San Pedro, 22",28015,,,
1471,SEUR,Locker,Privada,Premises,Madrid,28015,Seur Lockers Midas,"C. del Conde Duque, 36",40.4284072800505,-3.70977360904461,Seur,Lockers,Private,Premises,Madrid,Seur Lockers Midas,"C. del Conde Duque, 36",28015,,,
1472,SEUR,Convenience Stores,Privada,Premises,Madrid,28015,Herbolario Santa Ana,"Calle del Acuerdo, 31",40.4291531812366,-3.70795142267795,Seur,Convenience stores,Private,Premises,Madrid,Herbolario Santa Ana,"Calle del Acuerdo, 31",28015,,,
1473,SEUR,Convenience Stores,Privada,Premises,Madrid,28015,Tipicos Market,"C. de Galileo, 33",40.4332672722195,-3.71049675249885,Seur,Convenience stores,Private,Premises,Madrid,Tipicos Market,"C. de Galileo, 33",28015,,,
1474,SEUR,Convenience Stores,Privada,Premises,Madrid,28015,Space Mobil,"C. de Rodríguez San Pedro, 49",40.4318337740751,-3.71392726396307,Seur,Convenience stores,Private,Premises,Madrid,Space Mobil,"C. de Rodríguez San Pedro, 49",28015,,,
1475,SEUR,Locker,Privada,Parking,Madrid,28015,Seur Lockers Pk Quevedo,"C. de Rodríguez San Pedro, 8",40.4318535408505,-3.70675609253666,Seur,Lockers,Private,Parking,Madrid,Seur Lockers Pk Quevedo,"C. de Rodríguez San Pedro, 8",28015,,,
1476,SEUR,Locker,Privada,Premises,Madrid,28015,Seur Lockers Lara Fdez Rio,"C. de Fernández de los Ríos, 25",40.4351302324131,-3.7074616922354,Seur,Lockers,Private,Premises,Madrid,Seur Lockers Lara Fdez Rio,"C. de Fernández de los Ríos, 25",28015,,,
1477,SEUR,Convenience Stores,Privada,Premises,Madrid,28015,Dgv Soluciones,"C. de Fernando el Católico, 80",40.4348027359783,-3.71630483883607,Seur,Convenience stores,Private,Premises,Madrid,Dgv Soluciones,"C. de Fernando el Católico, 80",28015,,,
1478,SEUR,Convenience Stores,Privada,Premises,Madrid,28015,Locutorio Samy,"Calle de Antonio Grilo, 6",40.423695727139,-3.70784215187723,Seur,Convenience stores,Private,Premises,Madrid,Locutorio Samy,"Calle de Antonio Grilo, 6",28015,,,
1479,SEUR,Locker,Privada,Parking,Madrid,28015,Seur Lockers Parking Queve,"C. de Bravo Murillo, 30",40.437105352323,-3.70388987543662,Seur,Lockers,Private,Parking,Madrid,Seur Lockers Parking Queve,"C. de Bravo Murillo, 30",28015,,,
1480,SEUR,Locker,Privada,Supermarket,Madrid,28015,Seur Lockers Lidl Guzman E,"C. de Guzmán el Bueno, 72",40.4385328948509,-3.71269116616739,Seur,Lockers,Private,Supermarket,Madrid,Seur Lockers Lidl Guzman E,"C. de Guzmán el Bueno, 72",28015,,,
1481,SEUR,Convenience Stores,Privada,Premises,Madrid,28016,Kukos,"Calle de Puerto Rico, 29",40.4569566239927,-3.67453533914351,Seur,Convenience stores,Private,Premises,Madrid,Kukos,"Calle de Puerto Rico, 29",28016,,,
1482,SEUR,Locker,Privada,Premises,Madrid,28016,Seur Lockers Lara Costa Ri,"C. de Costa Rica, 12",40.458496610418,-3.67542108044945,Seur,Lockers,Private,Premises,Madrid,Seur Lockers Lara Costa Ri,"C. de Costa Rica, 12",28016,,,
1483,SEUR,Locker,Privada,Parking,Madrid,28016,Seur Lockers Pk Rpca Domin,Pl. de la R. Dominicana S/N,40.4589733188773,-3.67693472361647,Seur,Lockers,Private,Parking,Madrid,Seur Lockers Pk Rpca Domin,Pl. de la R. Dominicana S/N,28016,,,
1484,SEUR,Convenience Stores,Privada,Premises,Madrid,28016,Mundo Movil Ppe De Vergar,"C. del Príncipe de Vergara, 291",40.4605600697113,-3.676867499916,Seur,Convenience stores,Private,Premises,Madrid,Mundo Movil Ppe De Vergar,"C. del Príncipe de Vergara, 291",28016,,,
1485,SEUR,Convenience Stores,Privada,Premises,Madrid,28016,Prink Alberto Alcocer,"Av. de Alberto de Alcocer, 48",40.458556846443,-3.67932512298688,Seur,Convenience stores,Private,Premises,Madrid,Prink Alberto Alcocer,"Av. de Alberto de Alcocer, 48",28016,,,
1486,SEUR,Locker,Privada,Premises,Madrid,28016,Seur Lockers Lara Alberto,"Av. de Alberto de Alcocer, 47",40.4595556799787,-3.67892209991615,Seur,Lockers,Private,Premises,Madrid,Seur Lockers Lara Alberto,"Av. de Alberto de Alcocer, 47",28016,,,
1487,SEUR,Convenience Stores,Privada,Premises,Madrid,28016,Expendeduria 401,"C. de Víctor Andrés Belaunde, 2",40.4548212886647,-3.67891732623889,Seur,Convenience stores,Private,Premises,Madrid,Expendeduria 401,"C. de Víctor Andrés Belaunde, 2",28016,,,
1488,SEUR,Convenience Stores,Privada,Premises,Madrid,28016,Electrodomesticos Escoria,"Calle de Puerto Rico, 2",40.4526577343053,-3.67441144565667,Seur,Convenience stores,Private,Premises,Madrid,Electrodomesticos Escoria,"Calle de Puerto Rico, 2",28016,,,
1489,SEUR,Convenience Stores,Privada,Premises,Madrid,28016,Estanco 869 Madrid,"C. de la Infanta María Teresa, 8",40.4543752704063,-3.6813749046926,Seur,Convenience stores,Private,Premises,Madrid,Estanco 869 Madrid,"C. de la Infanta María Teresa, 8",28016,,,
1490,SEUR,Convenience Stores,Privada,Premises,Madrid,28016,Estanco 416 Y Loterias,"C. de la Drácena, 19",40.4633878760462,-3.67116076565816,Seur,Convenience stores,Private,Premises,Madrid,Estanco 416 Y Loterias,"C. de la Drácena, 19",28016,,,
1491,SEUR,Convenience Stores,Privada,Premises,Madrid,28016,Arora Gestiones Agm,"C. de los Caídos de la División Azul, 18",40.4669066647723,-3.67373766763599,Seur,Convenience stores,Private,Premises,Madrid,Arora Gestiones Agm,"C. de los Caídos de la División Azul, 18",28016,,,
1492,SEUR,Convenience Stores,Privada,Premises,Madrid,28017,Fiesta Lovers,"C. de Santurce, 8",40.4254670800349,-3.63982698024579,Seur,Convenience stores,Private,Premises,Madrid,Fiesta Lovers,"C. de Santurce, 8",28017,,,
1493,SEUR,Locker,Privada,Premises,Madrid,28017,Seur Locker Euroenvios Ez,"C. de Ezequiel Solana, 102",40.4273619021225,-3.64233827163995,Seur,Lockers,Private,Premises,Madrid,Seur Locker Euroenvios Ez,"C. de Ezequiel Solana, 102",28017,,,
1494,SEUR,Convenience Stores,Privada,Premises,Madrid,28017,Papeleria Libreria Adelfa,"C. del Poeta Blas de Otero, 32",40.4216418243226,-3.65176482429517,Seur,Convenience stores,Private,Premises,Madrid,Papeleria Libreria Adelfa,"C. del Poeta Blas de Otero, 32",28017,,,
1495,SEUR,Convenience Stores,Privada,Premises,Madrid,28017,Locutorio La Elipa,"Cl. de San Maximiliano, 45",40.425782593307,-3.65288085541867,Seur,Convenience stores,Private,Premises,Madrid,Locutorio La Elipa,"Cl. de San Maximiliano, 45",28017,,,
1496,SEUR,Convenience Stores,Privada,Premises,Madrid,28017,Autoescuela Villajimena,"C. de Fco. Villaespesa, 10",40.4292124948697,-3.64524109769795,Seur,Convenience stores,Private,Premises,Madrid,Autoescuela Villajimena,"C. de Fco. Villaespesa, 10",28017,,,
1497,SEUR,Locker,Privada,Premises,Madrid,28017,Seur Locker Euroenvios Ma,"Cl. de San Maximiliano, 45",40.4258409188894,-3.65288355583426,Seur,Lockers,Private,Premises,Madrid,Seur Locker Euroenvios Ma,"Cl. de San Maximiliano, 45",28017,,,
1498,SEUR,Convenience Stores,Privada,Premises,Madrid,28017,Arancartuchos,"Av. del Marqués de Corbera, 12",40.4229393080752,-3.65543991387344,Seur,Convenience stores,Private,Premises,Madrid,Arancartuchos,"Av. del Marqués de Corbera, 12",28017,,,
1499,SEUR,Locker,Privada,Premises,Madrid,28017,Seur Locker Calderon Asca,"C. de Ascao, 29",40.4303828738487,-3.64107911739901,Seur,Lockers,Private,Premises,Madrid,Seur Locker Calderon Asca,"C. de Ascao, 29",28017,,,
1500,SEUR,Convenience Stores,Privada,Premises,Madrid,28017,Tribuna Libros,"Calle de Portugalete, 17",40.427370310271,-3.63484420023805,Seur,Convenience stores,Private,Premises,Madrid,Tribuna Libros,"Calle de Portugalete, 17",28017,,,
1501,SEUR,Convenience Stores,Privada,Premises,Madrid,28017,Locutorio Digame,"C. de Luis Ruiz, 22",40.4317180103315,-3.63908061825768,Seur,Convenience stores,Private,Premises,Madrid,Locutorio Digame,"C. de Luis Ruiz, 22",28017,,,
1502,SEUR,Convenience Stores,Privada,Premises,Madrid,28017,Tinta Y Toner Pueblo Nuev,"C. de Emilio Ferrari, 40",40.4324233804108,-3.64221239729436,Seur,Convenience stores,Private,Premises,Madrid,Tinta Y Toner Pueblo Nuev,"C. de Emilio Ferrari, 40",28017,,,
1503,SEUR,Convenience Stores,Privada,Premises,Madrid,28017,Locutorio Don Elias,"C. San Juan de la Cuesta, 2",40.4323221127043,-3.64903472975936,Seur,Convenience stores,Private,Premises,Madrid,Locutorio Don Elias,"C. San Juan de la Cuesta, 2",28017,,,
1504,SEUR,Convenience Stores,Privada,Premises,Madrid,28017,Papeleria Libreria Gonzal,"C/ de José Arcones Gil, 84",40.4302819562343,-3.63586211826877,Seur,Convenience stores,Private,Premises,Madrid,Papeleria Libreria Gonzal,"C/ de José Arcones Gil, 84",28017,,,
1505,SEUR,Locker,Privada,Premises,Madrid,28017,Seur Locker Latin Travel,"C. Amos de Escalante, 1",40.4349303742456,-3.64331658380954,Seur,Lockers,Private,Premises,Madrid,Seur Locker Latin Travel,"C. Amos de Escalante, 1",28017,,,
1506,SEUR,Convenience Stores,Privada,Premises,Madrid,28017,Smartworld Rio Huya,"C. del Río Ulla, 4",40.4350903064161,-3.64302368831476,Seur,Convenience stores,Private,Premises,Madrid,Smartworld Rio Huya,"C. del Río Ulla, 4",28017,,,
1507,SEUR,Convenience Stores,Privada,Premises,Madrid,28017,Foto Rossny,"C. de Ricardo Ortiz, 8",40.4298247907686,-3.65820243677798,Seur,Convenience stores,Private,Premises,Madrid,Foto Rossny,"C. de Ricardo Ortiz, 8",28017,,,
1508,SEUR,Convenience Stores,Privada,Premises,Madrid,28018,Dismicro Bros Sl,"Av. de Palomeras, 82",40.3875551460894,-3.6554416589405,Seur,Convenience stores,Private,Premises,Madrid,Dismicro Bros Sl,"Av. de Palomeras, 82",28018,,,
1509,SEUR,Locker,Privada,Premises,Madrid,28018,Seur Locker New Linea Dig,"Av. de Palomeras, 126",40.3866472531355,-3.65078959458036,Seur,Lockers,Private,Premises,Madrid,Seur Locker New Linea Dig,"Av. de Palomeras, 126",28018,,,
1510,SEUR,Convenience Stores,Privada,Premises,Madrid,28018,Maturana Decorhogar,"Av. de Palomeras, 129",40.3868562072395,-3.65073031866229,Seur,Convenience stores,Private,Premises,Madrid,Maturana Decorhogar,"Av. de Palomeras, 129",28018,,,
1511,SEUR,Locker,Privada,Premises,Madrid,28018,Seur Locker Lara Pedro La,"C. de Pedro Laborde, 45",40.3869444881287,-3.64928525452416,Seur,Lockers,Private,Premises,Madrid,Seur Locker Lara Pedro La,"C. de Pedro Laborde, 45",28018,,,
1512,SEUR,Convenience Stores,Privada,Premises,Madrid,28018,Zeta Homezeta Home,"Av. de Pablo Neruda, 59",40.3825363253101,-3.64908618621632,Seur,Convenience stores,Private,Premises,Madrid,Zeta Homezeta Home,"Av. de Pablo Neruda, 59",28018,,,
1513,SEUR,Convenience Stores,Privada,Premises,Madrid,28018,Merceria Nubecitas,"C. Historias de la Radio, 2",40.3810663591272,-3.65686787984534,Seur,Convenience stores,Private,Premises,Madrid,Merceria Nubecitas,"C. Historias de la Radio, 2",28018,,,
1514,SEUR,Locker,Privada,Supermarket,Madrid,28018,Seur Locker Lidl P Neruda,"Av. de Pablo Neruda, 138",40.3819911739214,-3.66043525877355,Seur,Lockers,Private,Supermarket,Madrid,Seur Locker Lidl P Neruda,"Av. de Pablo Neruda, 138",28018,,,
1515,SEUR,Locker,Privada,Premises,Madrid,28018,Seur Locker Patas Felices,"C. de Carlos Martín Álvarez, 11",40.3905203395478,-3.66253296228426,Seur,Lockers,Private,Premises,Madrid,Seur Locker Patas Felices,"C. de Carlos Martín Álvarez, 11",28018,,,
1516,SEUR,Convenience Stores,Privada,Premises,Madrid,28018,Luna Magica,"C. Monte Calobro, 3",40.3916991761367,-3.6616874197765,Seur,Convenience stores,Private,Premises,Madrid,Luna Magica,"C. Monte Calobro, 3",28018,,,
1517,SEUR,Locker,Privada,Mall,Madrid,28018,Seur Locker Cc Madrid Sur,"Av. de Pablo Neruda, 91",40.3813478656817,-3.66344857266952,Seur,Lockers,Private,Mall,Madrid,Seur Locker Cc Madrid Sur,"Av. de Pablo Neruda, 91",28018,,,
1518,SEUR,Convenience Stores,Privada,Premises,Madrid,28018,Dejame Verte,"C. de la Imagen, 4",40.3851836492113,-3.66652629593452,Seur,Convenience stores,Private,Premises,Madrid,Dejame Verte,"C. de la Imagen, 4",28018,,,
1519,SEUR,Convenience Stores,Privada,Premises,Madrid,28018,Contraseña Pc,"Av. de Rafael Alberti, 28",40.3858318822127,-3.64205821502182,Seur,Convenience stores,Private,Premises,Madrid,Contraseña Pc,"Av. de Rafael Alberti, 28",28018,,,
1520,SEUR,Convenience Stores,Privada,Premises,Madrid,28019,Alimentacion Paulina Odia,"C. Paulina Odiaga, 43",40.3938329211049,-3.72648986390532,Seur,Convenience stores,Private,Premises,Madrid,Alimentacion Paulina Odia,"C. Paulina Odiaga, 43",28019,,,
1521,SEUR,Convenience Stores,Privada,Premises,Madrid,28019,Saneamientos Palomo Fonta,"C. del Camino Viejo de Leganés, 47",40.3910053515227,-3.72487651710017,Seur,Convenience stores,Private,Premises,Madrid,Saneamientos Palomo Fonta,"C. del Camino Viejo de Leganés, 47",28019,,,
1522,SEUR,Locker,Privada,Parking,Madrid,28019,Seur Locker Parking Pedro,"Av. de Pedro Diez, 21",40.3915335186271,-3.73153449141535,Seur,Lockers,Private,Parking,Madrid,Seur Locker Parking Pedro,"Av. de Pedro Diez, 21",28019,,,
1523,SEUR,Convenience Stores,Privada,Premises,Madrid,28019,Relojeria Julio Gayo,"C. de Jacinto Verdaguer, 34",40.3957020955391,-3.71865560870982,Seur,Convenience stores,Private,Premises,Madrid,Relojeria Julio Gayo,"C. de Jacinto Verdaguer, 34",28019,,,
1524,SEUR,Locker,Privada,Premises,Madrid,28019,Seur Locker Latin Travel,"C. Castro de Oro, 12",40.3892591234147,-3.72956704497165,Seur,Lockers,Private,Premises,Madrid,Seur Locker Latin Travel,"C. Castro de Oro, 12",28019,,,
1525,SEUR,Locker,Privada,Premises,Madrid,28019,Seur Locker Europhil Juan,"C. Juan Francisco, 2",40.3880810438031,-3.73116842181083,Seur,Lockers,Private,Premises,Madrid,Seur Locker Europhil Juan,"C. Juan Francisco, 2",28019,,,
1526,SEUR,Locker,Privada,Premises,Madrid,28019,Seur Locker Locutorio Zai,"C. de Zaida, 75",40.3933139100247,-3.73574461199058,Seur,Lockers,Private,Premises,Madrid,Seur Locker Locutorio Zai,"C. de Zaida, 75",28019,,,
1527,SEUR,Locker,Privada,Premises,Madrid,28019,Seur Locker Lara Marques,"Gta. Marqués de Vadillo, 4",40.3973326160109,-3.71582382526264,Seur,Lockers,Private,Premises,Madrid,Seur Locker Lara Marques,"Gta. Marqués de Vadillo, 4",28019,,,
1528,SEUR,Convenience Stores,Privada,Premises,Madrid,28019,Triple B Electrodomestico,"C. de la Vía, 30",40.3863586914616,-3.72010285917685,Seur,Convenience stores,Private,Premises,Madrid,Triple B Electrodomestico,"C. de la Vía, 30",28019,,,
1529,SEUR,Convenience Stores,Privada,Premises,Madrid,28019,La Perla 2,"C. Vicente Martín Arias, 2",40.3965143148331,-3.71344277537208,Seur,Convenience stores,Private,Premises,Madrid,La Perla 2,"C. Vicente Martín Arias, 2",28019,,,
1530,SEUR,Convenience Stores,Privada,Premises,Madrid,28019,Copytex,"C. Castellflorite, 7",40.3942290511846,-3.73883318334213,Seur,Convenience stores,Private,Premises,Madrid,Copytex,"C. Castellflorite, 7",28019,,,
1531,SEUR,Locker,Privada,Premises,Madrid,28019,Seur Locker Foto Juanjo,"C. Inmaculada Concepción, 6",40.3955955183976,-3.71180513310281,Seur,Lockers,Private,Premises,Madrid,Seur Locker Foto Juanjo,"C. Inmaculada Concepción, 6",28019,,,
1532,SEUR,Convenience Stores,Privada,Premises,Madrid,28019,Jarul Mercedes Atelier,"Calle de Antonio López, 49",40.3954794444232,-3.71012756928579,Seur,Convenience stores,Private,Premises,Madrid,Jarul Mercedes Atelier,"Calle de Antonio López, 49",28019,,,
1533,SEUR,Convenience Stores,Privada,Premises,Madrid,28019,Estanco Pedro Yagüe,"C. Pedro Yagüe, 2",40.3932019250768,-3.70847471245888,Seur,Convenience stores,Private,Premises,Madrid,Estanco Pedro Yagüe,"C. Pedro Yagüe, 2",28019,,,
1534,SEUR,Locker,Privada,Supermarket,Madrid,28019,Seur Locker Lidl Puente D,"Calle de Antonio López, 78",40.3944230837157,-3.70841448972881,Seur,Lockers,Private,Supermarket,Madrid,Seur Locker Lidl Puente D,"Calle de Antonio López, 78",28019,,,
1535,SEUR,Locker,Privada,Premises,Madrid,28020,Seur Lockers Pk Orense,"C. de Orense, 50",40.4583256967472,-3.69412537611331,Seur,Lockers,Private,Premises,Madrid,Seur Lockers Pk Orense,"C. de Orense, 50",28020,,,
1536,SEUR,Locker,Privada,Premises,Madrid,28020,Seur Lockers Ferretería Cu,"C. del Poeta Joan Maragall, 19",40.4573275550131,-3.6923824748281,Seur,Lockers,Private,Premises,Madrid,Seur Lockers Ferretería Cu,"C. del Poeta Joan Maragall, 19",28020,,,
1537,SEUR,Locker,Privada,Premises,Madrid,28020,Seur Lockers Midas Infanta,"C. de la Infanta Mercedes, 53",40.4591358756663,-3.69734146333155,Seur,Lockers,Private,Premises,Madrid,Seur Lockers Midas Infanta,"C. de la Infanta Mercedes, 53",28020,,,
1538,SEUR,Convenience Stores,Privada,Premises,Madrid,28020,Locutorio San German,"C. de San Germán, 49",40.4573896808278,-3.70016875852025,Seur,Convenience stores,Private,Premises,Madrid,Locutorio San German,"C. de San Germán, 49",28020,,,
1539,SEUR,Convenience Stores,Privada,Premises,Madrid,28020,Estanco 863,"C. de Orense, 83",40.4603792287395,-3.69457857534482,Seur,Convenience stores,Private,Premises,Madrid,Estanco 863,"C. de Orense, 83",28020,,,
1540,SEUR,Lsp Pudos,Privada,Premises,Madrid,28020,Punto Orense,"C. de Orense, 28",40.4523222337664,-3.69468855787168,Seur,LSP PUDOs,Private,Premises,Madrid,Punto Orense,"C. de Orense, 28",28020,,,
1541,SEUR,Convenience Stores,Privada,Premises,Madrid,28020,Malik Cash Y Carry,"C. de Bravo Murillo, 246",40.4597968784633,-3.69940756086457,Seur,Convenience stores,Private,Premises,Madrid,Malik Cash Y Carry,"C. de Bravo Murillo, 246",28020,,,
1542,SEUR,Convenience Stores,Privada,Premises,Madrid,28020,Print It Peron,"Av. del General Perón, 4",40.4526582497953,-3.69895764893165,Seur,Convenience stores,Private,Premises,Madrid,Print It Peron,"Av. del General Perón, 4",28020,,,
1543,SEUR,Locker,Privada,Premises,Madrid,28020,Seur Lockers Tienda Consum,"C. de Bravo Murillo, 221",40.4571825365939,-3.70219081505949,Seur,Lockers,Private,Premises,Madrid,Seur Lockers Tienda Consum,"C. de Bravo Murillo, 221",28020,,,
1544,SEUR,Locker,Privada,Supermarket,Madrid,28020,Seur Lockers Lidl Tetuan,"C. de Bravo Murillo, 291",40.4613618900258,-3.69850184705187,Seur,Lockers,Private,Supermarket,Madrid,Seur Lockers Lidl Tetuan,"C. de Bravo Murillo, 291",28020,,,
1545,SEUR,Convenience Stores,Privada,Premises,Madrid,28020,Papeleria Tetuan,"C. de Bravo Murillo, 325",40.464131747841,-3.69631733456154,Seur,Convenience stores,Private,Premises,Madrid,Papeleria Tetuan,"C. de Bravo Murillo, 325",28020,,,
1546,SEUR,Locker,Privada,Parking,Madrid,28020,Seur Lockers Pki Hernani,"C. de Hernani, 75",40.4482787714767,-3.69608766781983,Seur,Lockers,Private,Parking,Madrid,Seur Lockers Pki Hernani,"C. de Hernani, 75",28020,,,
1547,SEUR,Convenience Stores,Privada,Premises,Madrid,28020,Mensos,"C. de Hernani, 23",40.4488001531839,-3.70115433138295,Seur,Convenience stores,Private,Premises,Madrid,Mensos,"C. de Hernani, 23",28020,,,
1548,SEUR,Locker,Privada,Supermarket,Madrid,28020,Seur Lockers Lidl 4 Camino,"C. de Bravo Murillo, 121",40.4492055254559,-3.70396793524091,Seur,Lockers,Private,Supermarket,Madrid,Seur Lockers Lidl 4 Camino,"C. de Bravo Murillo, 121",28020,,,
1549,SEUR,Locker,Privada,Premises,Madrid,28020,Seur Lockers Latin Travel,"C. de los Artistas, 19",40.4477079396376,-3.7020943604827,Seur,Lockers,Private,Premises,Madrid,Seur Lockers Latin Travel,"C. de los Artistas, 19",28020,,,
1550,SEUR,Convenience Stores,Privada,Premises,Madrid,28020,Latin Travel España,"C. de los Artistas, 19",40.4477079396376,-3.7020943604827,Seur,Convenience stores,Private,Premises,Madrid,Latin Travel España,"C. de los Artistas, 19",28020,,,
1551,SEUR,Convenience Stores,Privada,Premises,Madrid,28020,Seur Tipsa Azca,"C. de Fortunata y Jacinta, 27",40.4544522127429,-3.69572977611053,Seur,Convenience stores,Private,Premises,Madrid,Seur Tipsa Azca,"C. de Fortunata y Jacinta, 27",28020,,,
1552,SEUR,Locker,Privada,Premises,Madrid,28021,Seur Locker Colada Expres,"Pl. de Gómez Acebo, 1",40.3422720764001,-3.7093956034743,Seur,Lockers,Private,Premises,Madrid,Seur Locker Colada Expres,"Pl. de Gómez Acebo, 1",28021,,,
1553,SEUR,Convenience Stores,Privada,Premises,Madrid,28021,Locutorio Cibao,"Calle del Dr. Martín Arévalo, 12",40.3462702804851,-3.70799362684173,Seur,Convenience stores,Private,Premises,Madrid,Locutorio Cibao,"Calle del Dr. Martín Arévalo, 12",28021,,,
1554,SEUR,Convenience Stores,Privada,Premises,Madrid,28021,La Planada,"P.o Talleres, 66",40.3475416864103,-3.70543515266167,Seur,Convenience stores,Private,Premises,Madrid,La Planada,"P.º Talleres, 66",28021,,,
1555,SEUR,Convenience Stores,Privada,Premises,Madrid,28021,Villaverde,"C. Cdad. de Frías, 11",40.336290649847,-3.71427333120332,Seur,Convenience stores,Private,Premises,Madrid,Villaverde,"C. Cdad. de Frías, 11",28021,,,
1556,SEUR,Convenience Stores,Privada,Premises,Madrid,28021,Ainhoa Multiservice,"Camino Leganés, 28",40.3440819577462,-3.71274592254905,Seur,Convenience stores,Private,Premises,Madrid,Ainhoa Multiservice,"Camino Leganés, 28",28021,,,
1557,SEUR,Convenience Stores,Privada,Premises,Madrid,28021,Ecuazaruma Sl,"C. de Juan Peñalver, 66",40.3443163553186,-3.71387408067525,Seur,Convenience stores,Private,Premises,Madrid,Ecuazaruma Sl,"C. de Juan Peñalver, 66",28021,,,
1558,SEUR,Locker,Privada,Supermarket,Madrid,28021,Seur Locker Lidl Santa Pe,"Calle de Sta. Petronila, 1",40.3515952083587,-3.69190737846388,Seur,Lockers,Private,Supermarket,Madrid,Seur Locker Lidl Santa Pe,"Calle de Sta. Petronila, 1",28021,,,
1559,SEUR,Convenience Stores,Privada,Premises,Madrid,28021,Estanco Alberto Palacios,"P.o de Alberto Palacios, 82",40.3438649143684,-3.7164236849111,Seur,Convenience stores,Private,Premises,Madrid,Estanco Alberto Palacios,"P.º de Alberto Palacios, 82",28021,,,
1560,SEUR,Convenience Stores,Privada,Premises,Madrid,28021,Papeleria Y Libreria Arco,"C. de Juan José Martínez Seco, 68",40.3520858396004,-3.68555115147635,Seur,Convenience stores,Private,Premises,Madrid,Papeleria Y Libreria Arco,"C. de Juan José Martínez Seco, 68",28021,,,
1561,SEUR,Convenience Stores,Privada,Premises,Madrid,28021,Caprichos,"C. del Canchal, 30",40.3464185215189,-3.67751365927504,Seur,Convenience stores,Private,Premises,Madrid,Caprichos,"C. del Canchal, 30",28021,,,
1562,SEUR,Convenience Stores,Privada,Premises,Madrid,28021,Locutorio Zulema,"C. de Juan José Martínez Seco, 82",40.3526884384838,-3.68460261983038,Seur,Convenience stores,Private,Premises,Madrid,Locutorio Zulema,"C. de Juan José Martínez Seco, 82",28021,,,
1563,SEUR,Locker,Privada,Premises,Madrid,28021,Seur Locker Go Autoescuel,"C. del Bario, 16",40.3484803273786,-3.67835680388458,Seur,Lockers,Private,Premises,Madrid,Seur Locker Go Autoescuel,"C. del Bario, 16",28021,,,
1564,SEUR,Locker,Privada,Mall,Madrid,28022,Seur Locker Plenilunio,C. de Aracne SN,40.4461632917381,-3.58904210886079,Seur,Lockers,Private,Mall,Madrid,Seur Locker Plenilunio,C. de Aracne SN,28022,,,
1565,SEUR,Convenience Stores,Privada,Premises,Madrid,28022,Papelería Odín,"C. de Sofía, 56",40.4285451736537,-3.60118527892575,Seur,Convenience stores,Private,Premises,Madrid,Papelería Odín,"C. de Sofía, 56",28022,,,
1566,SEUR,Convenience Stores,Privada,Premises,Madrid,28022,Ferretería Fonjal,"C. de San Venancio, 2",40.4460326624156,-3.61009408753414,Seur,Convenience stores,Private,Premises,Madrid,Ferretería Fonjal,"C. de San Venancio, 2",28022,,,
1567,SEUR,Convenience Stores,Privada,Premises,Madrid,28022,New Mascota Canillejas,"C/ de Boltaña, 59",40.4480216142597,-3.60953181197775,Seur,Convenience stores,Private,Premises,Madrid,New Mascota Canillejas,"C/ de Boltaña, 59",28022,,,
1568,SEUR,Convenience Stores,Privada,Premises,Madrid,28022,Estanco Garcia Boutan,"C. de Julia García Boután, 35",40.430840838474,-3.60573599406262,Seur,Convenience stores,Private,Premises,Madrid,Estanco Garcia Boutan,"C. de Julia García Boután, 35",28022,,,
1569,SEUR,Convenience Stores,Privada,Premises,Madrid,28022,Herbolario Jupa San Maria,"C. de San Mariano, 44",40.443076944306,-3.61270168909845,Seur,Convenience stores,Private,Premises,Madrid,Herbolario Jupa San Maria,"C. de San Mariano, 44",28022,,,
1570,SEUR,Convenience Stores,Privada,Premises,Madrid,28022,Rmc Servicios,"C. de Nicolasa Gómez, 72",40.4395700918501,-3.61245826596429,Seur,Convenience stores,Private,Premises,Madrid,Rmc Servicios,"C. de Nicolasa Gómez, 72",28022,,,
1571,SEUR,Convenience Stores,Privada,Premises,Madrid,28022,Locutorio Jlm,"C. de Troya, 32",40.4354123608313,-3.61134800031047,Seur,Convenience stores,Private,Premises,Madrid,Locutorio Jlm,"C. de Troya, 32",28022,,,
1572,SEUR,Convenience Stores,Privada,Premises,Madrid,28022,Paravi Decoracion,"C. de Suecia, 42",40.4266807520548,-3.60424466574913,Seur,Convenience stores,Private,Premises,Madrid,Paravi Decoracion,"C. de Suecia, 42",28022,,,
1573,SEUR,Locker,Privada,Mall,Madrid,28022,Seur Locker Lidl Canillej,"Av. de Canillejas a Vicálvaro, 43",40.4390864656883,-3.61378903703673,Seur,Lockers,Private,Mall,Madrid,Seur Locker Lidl Canillej,"Av. de Canillejas a Vicálvaro, 43",28022,,,
1574,SEUR,Locker,Privada,Premises,Madrid,28022,Seur Locker Lavanderia Sa,"C. de San Mariano, 3",40.4451843193782,-3.61396714463845,Seur,Lockers,Private,Premises,Madrid,Seur Locker Lavanderia Sa,"C. de San Mariano, 3",28022,,,
1575,SEUR,Convenience Stores,Privada,Premises,Madrid,28022,Prink Las Rosas,"Av. de Guadalajara, 128",40.4244682868566,-3.60673565721265,Seur,Convenience stores,Private,Premises,Madrid,Prink Las Rosas,"Av. de Guadalajara, 128",28022,,,
1576,SEUR,Convenience Stores,Privada,Premises,Madrid,28022,El Rincon De Alis,"C. de Uruguay, 11",40.4256584801902,-3.55369352668125,Seur,Convenience stores,Private,Premises,Madrid,El Rincon De Alis,"C. de Uruguay, 11",28022,,,
1577,SEUR,Locker,Privada,Mall,Madrid,28023,Seur Locker Sexta Avenida,"Av. de la Victoria, 2",40.4680482303439,-3.81530403766512,Seur,Lockers,Private,mall,Madrid,Seur Locker Sexta Avenida,"Av. de la Victoria, 2",28023,,,
1578,SEUR,Convenience Stores,Privada,Premises,Madrid,28024,Bazar El Parque,"C. de Fuente de Lima, 5",40.3839080259456,-3.78338746589262,Seur,Convenience stores,Private,Premises,Madrid,Bazar El Parque,"C. de Fuente de Lima, 5",28024,,,
1579,SEUR,Locker,Privada,Premises,Madrid,28024,Seur Locker Euroenvios Fu,"C. Fuentesaúco, 38",40.3977118287627,-3.77334457368295,Seur,Lockers,Private,Premises,Madrid,Seur Locker Euroenvios Fu,"C. Fuentesaúco, 38",28024,,,
1580,SEUR,Locker,Privada,Premises,Madrid,28024,Seur Locker Gala Jardin,"C. Fuentesaúco, 11",40.3980213938836,-3.77201979999974,Seur,Lockers,Private,Premises,Madrid,Seur Locker Gala Jardin,"C. Fuentesaúco, 11",28024,,,
1581,SEUR,Convenience Stores,Privada,Premises,Madrid,28024,Estanco Muelle 639,"C. Carabias, 18",40.3977789281932,-3.76834652646019,Seur,Convenience stores,Private,Premises,Madrid,Estanco Muelle 639,"C. Carabias, 18",28024,,,
1582,SEUR,Locker,Privada,Supermarket,Madrid,28024,Seur Locker Lidl Cl Illes,C. de Illescas SN,40.3925517109143,-3.75795397974515,Seur,Lockers,Private,Supermarket,Madrid,Seur Locker Lidl Cl Illes,C. de Illescas SN,28024,,,
1583,SEUR,Convenience Stores,Privada,Premises,Madrid,28024,Papeleria Fluxy,"C. de Illescas, 28",40.3940685701508,-3.76341202063516,Seur,Convenience stores,Private,Premises,Madrid,Papeleria Fluxy,"C. de Illescas, 28",28024,,,
1584,SEUR,Convenience Stores,Privada,Premises,Madrid,28024,Pharmanatur,"C. de Illescas, 81",40.3953083527783,-3.76243661258122,Seur,Convenience stores,Private,Premises,Madrid,Pharmanatur,"C. de Illescas, 81",28024,,,
1585,SEUR,Convenience Stores,Privada,Premises,Madrid,28024,Taymar,"C. de Illescas, 145",40.3934960566625,-3.76064874645902,Seur,Convenience stores,Private,Premises,Madrid,Taymar,"C. de Illescas, 145",28024,,,
1586,SEUR,Locker,Privada,Premises,Madrid,28025,Seur Locker Locutorio Ne,"Av. de Abrantes, 118",40.3769248831956,-3.73361670975249,Seur,Lockers,Private,Premises,Madrid,Seur Locker Locutorio Ne,"Av. de Abrantes, 118",28025,,,
1587,SEUR,Convenience Stores,Privada,Premises,Madrid,28025,Papelería El Lapicero,"C. Padre Amigo, 8",40.3798294103291,-3.74017657067649,Seur,Convenience stores,Private,Premises,Madrid,Papelería El Lapicero,"C. Padre Amigo, 8",28025,,,
1588,SEUR,Convenience Stores,Privada,Premises,Madrid,28025,Seur Tipsa Carabanchel 02,"C. Falcinelo, 22",40.3826280953457,-3.73155773934312,Seur,Convenience stores,Private,Premises,Madrid,Seur Tipsa Carabanchel 02,"C. Falcinelo, 22",28025,,,
1589,SEUR,Convenience Stores,Privada,Premises,Madrid,28025,La Tienda Del Barrio,"C. de Eugenia de Montijo, 29",40.3820174658753,-3.74278885147191,Seur,Convenience stores,Private,Premises,Madrid,La Tienda Del Barrio,"C. de Eugenia de Montijo, 29",28025,,,
1590,SEUR,Convenience Stores,Privada,Premises,Madrid,28025,Expendeduria 574,"Calle del Gral. Ricardos, 244",40.383966129154,-3.74084484420981,Seur,Convenience stores,Private,Premises,Madrid,Expendeduria 574,"Calle del Gral. Ricardos, 244",28025,,,
1591,SEUR,Convenience Stores,Privada,Premises,Madrid,28025,Locutorio Khan 2,"P.o Castellanos, 65",40.37503899303,-3.74284926710187,Seur,Convenience stores,Private,Premises,Madrid,Locutorio Khan 2,"P.º Castellanos, 65",28025,,,
1592,SEUR,Convenience Stores,Privada,Premises,Madrid,28025,Papeleria Los Pinos,"C. de Argüeso, 38",40.3840915346514,-3.72663288305181,Seur,Convenience stores,Private,Premises,Madrid,Papeleria Los Pinos,"C. de Argüeso, 38",28025,,,
1593,SEUR,Convenience Stores,Privada,Premises,Madrid,28025,Master Ocio,"C. de Eugenia de Montijo, 65",40.378124347167,-3.74818315446598,Seur,Convenience stores,Private,Premises,Madrid,Master Ocio,"C. de Eugenia de Montijo, 65",28025,,,
1594,SEUR,Convenience Stores,Privada,Premises,Madrid,28025,Fariha Technology,"C. del Camino Viejo de Leganés, 115",40.3858779683058,-3.72767405254755,Seur,Convenience stores,Private,Premises,Madrid,Fariha Technology,"C. del Camino Viejo de Leganés, 115",28025,,,
1595,SEUR,Convenience Stores,Privada,Supermarket,Madrid,28025,Supermercado El Ahorro,"C. de la Laguna, 74",40.3874230833072,-3.74213306706994,Seur,Convenience stores,Private,Supermarket,Madrid,Supermercado El Ahorro,"C. de la Laguna, 74",28025,,,
1596,SEUR,Convenience Stores,Privada,Premises,Madrid,28025,America Tu Tienda Latina,"C. de la Laguna, 66",40.3878446771254,-3.74237844993736,Seur,Convenience stores,Private,Premises,Madrid,America Tu Tienda Latina,"C. de la Laguna, 66",28025,,,
1597,SEUR,Convenience Stores,Privada,Premises,Madrid,28025,Mobile Bazar Ii,"C. de la Oca, 70",40.3892440983264,-3.73951620802948,Seur,Convenience stores,Private,Premises,Madrid,Mobile Bazar Ii,"C. de la Oca, 70",28025,,,
1598,SEUR,Convenience Stores,Privada,Premises,Madrid,28025,Ecoink Carabanchel,"C. de la Oca, 88",40.3888068346746,-3.74175474299776,Seur,Convenience stores,Private,Premises,Madrid,Ecoink Carabanchel,"C. de la Oca, 88",28025,,,
1599,SEUR,Convenience Stores,Privada,Premises,Madrid,28025,Info Repuestos,"C. Eduardo Morales, 7",40.3897420326082,-3.73732670473402,Seur,Convenience stores,Private,Premises,Madrid,Info Repuestos,"C. Eduardo Morales, 7",28025,,,
1600,SEUR,Convenience Stores,Privada,Premises,Madrid,28025,Mk Mobile Shop,"C. de la Laguna, 107",40.3896605115487,-3.74189907828008,Seur,Convenience stores,Private,Premises,Madrid,Mk Mobile Shop,"C. de la Laguna, 107",28025,,,
1601,SEUR,Convenience Stores,Privada,Premises,Madrid,28025,La Plaza Del Movil,"C. de la Laguna, 40",40.3899638864284,-3.74226064811044,Seur,Convenience stores,Private,Premises,Madrid,La Plaza Del Movil,"C. de la Laguna, 40",28025,,,
1602,SEUR,Locker,Privada,Premises,Madrid,28025,Seur Locker Locutorio Los,"C. de Tucán, 48",40.3902283258563,-3.74179198039078,Seur,Lockers,Private,Premises,Madrid,Seur Locker Locutorio Los,"C. de Tucán, 48",28025,,,
1603,SEUR,Convenience Stores,Privada,Premises,Madrid,28025,Tizas 91,"Av. de Ntra. Sra. de Valvanera, 91",40.3912663079711,-3.73763683264659,Seur,Convenience stores,Private,Premises,Madrid,Tizas 91,"Av. de Ntra. Sra. de Valvanera, 91",28025,,,
1604,SEUR,Convenience Stores,Privada,Premises,Madrid,28025,Latin Travel,"C. de la Laguna, 30",40.3908285099761,-3.74233721437342,Seur,Convenience stores,Private,Premises,Madrid,Latin Travel,"C. de la Laguna, 30",28025,,,
1605,SEUR,Locker,Privada,Premises,Madrid,28025,Seur Locker Europhil Lagu,"C. de la Laguna, 32",40.3905600290671,-3.74234471771649,Seur,Lockers,Private,Premises,Madrid,Seur Locker Europhil Lagu,"C. de la Laguna, 32",28025,,,
1606,SEUR,Locker,Privada,Premises,Madrid,28025,Seur Locker Latin Travel,"C. de la Laguna, 30",40.3908447825678,-3.74229475572216,Seur,Lockers,Private,Premises,Madrid,Seur Locker Latin Travel,"C. de la Laguna, 30",28025,,,
1607,SEUR,Locker,Privada,Premises,Madrid,28026,Seur Locker Europhil Marc,"C. de Marcelo Usera, 83",40.3857911162,-3.70649652876046,Seur,Lockers,Private,Premises,Madrid,Seur Locker Europhil Marc,"C. de Marcelo Usera, 83",28026,,,
1608,SEUR,Convenience Stores,Privada,Premises,Madrid,28026,Alimentacion Amor Hermoso,"C. del Amor Hermoso, 33",40.3860881944689,-3.7038077021465,Seur,Convenience stores,Private,Premises,Madrid,Alimentacion Amor Hermoso,"C. del Amor Hermoso, 33",28026,,,
1609,SEUR,Locker,Privada,Premises,Madrid,28026,Seur Locker Latin Travel,"C. de la Pilarica, 22",40.3859713849488,-3.70351631392719,Seur,Lockers,Private,Premises,Madrid,Seur Locker Latin Travel,"C. de la Pilarica, 22",28026,,,
1610,SEUR,Locker,Privada,Parking,Madrid,28026,Seur Locker Parking Bolto,"C. de la Pilarica, 14",40.3866294256536,-3.70354847030614,Seur,Lockers,Private,Parking,Madrid,Seur Locker Parking Bolto,"C. de la Pilarica, 14",28026,,,
1611,SEUR,Convenience Stores,Privada,Premises,Madrid,28026,Papeleria Multifuncional,"C. Francisco Ruiz, 5",40.3825980046573,-3.703059658412,Seur,Convenience stores,Private,Premises,Madrid,Papeleria Multifuncional,"C. Francisco Ruiz, 5",28026,,,
1612,SEUR,Convenience Stores,Privada,Premises,Madrid,28026,Alimentacion Y Dtodo User,"C. de Elisa, 15",40.3860921752526,-3.70961181955984,Seur,Convenience stores,Private,Premises,Madrid,Alimentacion Y Dtodo User,"C. de Elisa, 15",28026,,,
1613,SEUR,Convenience Stores,Privada,Premises,Madrid,28026,Recambios 90,"C. del Teniente Compaired, 5",40.3821006622803,-3.70799307559132,Seur,Convenience stores,Private,Premises,Madrid,Recambios 90,"C. del Teniente Compaired, 5",28026,,,
1614,SEUR,Locker,Privada,Premises,Madrid,28026,Seur Locker Medina Envios,"C. de Marcelo Usera, 129",40.3855714915065,-3.71028037188055,Seur,Lockers,Private,Premises,Madrid,Seur Locker Medina Envios,"C. de Marcelo Usera, 129",28026,,,
1615,SEUR,Locker,Privada,Supermarket,Madrid,28026,Seur Locker Lidl Marcelo,"C. de Marcelo Usera, 26",40.3873367178795,-3.70136155695116,Seur,Lockers,Private,Supermarket,Madrid,Seur Locker Lidl Marcelo,"C. de Marcelo Usera, 26",28026,,,
1616,SEUR,Convenience Stores,Privada,Premises,Madrid,28026,Damalar Viajes,"C. de la Cuesta, 15",40.3888047858014,-3.70793002244921,Seur,Convenience stores,Private,Premises,Madrid,Damalar Viajes,"C. de la Cuesta, 15",28026,,,
1617,SEUR,Convenience Stores,Privada,Premises,Madrid,28026,Licoreria Hernanas Fernan,"C. de Rodrigo Uhagón, 13",40.3849460703629,-3.7110137346989,Seur,Convenience stores,Private,Premises,Madrid,Licoreria Hernanas Fernan,"C. de Rodrigo Uhagón, 13",28026,,,
1618,SEUR,Convenience Stores,Privada,Premises,Madrid,28026,Drogueria Y Tienda De Rop,"C. del Santuario, 60",40.3823372460166,-3.69980337414839,Seur,Convenience stores,Private,Premises,Madrid,Drogueria Y Tienda De Rop,"C. del Santuario, 60",28026,,,
1619,SEUR,Convenience Stores,Privada,Premises,Madrid,28026,Sebastian Barberia Y Pelu,"C. Felipe Díaz, 7",40.387229608241,-3.70042079962884,Seur,Convenience stores,Private,Premises,Madrid,Sebastian Barberia Y Pelu,"C. Felipe Díaz, 7",28026,,,
1620,SEUR,Locker,Privada,Premises,Madrid,28026,Seur Locker Autoescuela M,"C. de Manuel Noya, 29",40.3855079689378,-3.71184728339247,Seur,Lockers,Private,Premises,Madrid,Seur Locker Autoescuela M,"C. de Manuel Noya, 29",28026,,,
1621,SEUR,Locker,Privada,Premises,Madrid,28026,Seur Locker Lara Usera,"Av. de Córdoba, 8",40.3866963970275,-3.69923189664448,Seur,Lockers,Private,Premises,Madrid,Seur Locker Lara Usera,"Av. de Córdoba, 8",28026,,,
1622,SEUR,Convenience Stores,Privada,Premises,Madrid,28026,Papeleria Libreria Trazos,"C. Cristo de la Victoria, 113",40.3800496449907,-3.70465724487758,Seur,Convenience stores,Private,Premises,Madrid,Papeleria Libreria Trazos,"C. Cristo de la Victoria, 113",28026,,,
1623,SEUR,Convenience Stores,Privada,Premises,Madrid,28026,Locutorio Hazif,"Calle de Antonio López, 156",40.3897383237322,-3.70139337493227,Seur,Convenience stores,Private,Premises,Madrid,Locutorio Hazif,"Calle de Antonio López, 156",28026,,,
1624,SEUR,Convenience Stores,Privada,Premises,Madrid,28026,Speed Master Madrid,"Calle de Antonio López, 113",40.3899454427893,-3.70080901308163,Seur,Convenience stores,Private,Premises,Madrid,Speed Master Madrid,"Calle de Antonio López, 113",28026,,,
1625,SEUR,Convenience Stores,Privada,Premises,Madrid,28026,El Rincon De Yois 2 0,"Av. de Rafaela Ybarra, 42",40.380224258058,-3.71163374789261,Seur,Convenience stores,Private,Premises,Madrid,El Rincon De Yois 2 0,"Av. de Rafaela Ybarra, 42",28026,,,
1626,SEUR,Convenience Stores,Privada,Premises,Madrid,28026,Alimentacion Lili,"C. Tomelloso, 13",40.3810997296183,-3.69838972997066,Seur,Convenience stores,Private,Premises,Madrid,Alimentacion Lili,"C. Tomelloso, 13",28026,,,
1627,SEUR,Convenience Stores,Privada,Premises,Madrid,28026,Aromas Artesanales Plaza,"Av del Manzanares, 210",40.3914331025436,-3.70144097362763,Seur,Convenience stores,Private,Premises,Madrid,Aromas Artesanales Plaza,"Av del Manzanares, 210",28026,,,
1628,SEUR,Convenience Stores,Privada,Premises,Madrid,28026,Estanco 470,"Calle de Antonio López, 205",40.3829557837705,-3.69553663505456,Seur,Convenience stores,Private,Premises,Madrid,Estanco 470,"Calle de Antonio López, 205",28026,,,
1629,SEUR,Convenience Stores,Privada,Premises,Madrid,28027,El Arbol De La Vida,"C. del Gral. Aranaz, 42",40.4425782628064,-3.63784398291159,Seur,Convenience stores,Private,Premises,Madrid,El Arbol De La Vida,"C. del Gral. Aranaz, 42",28027,,,
1630,SEUR,Locker,Privada,Premises,Madrid,28027,Seur Locker Papeleria Man,"C. de la Madre Antonia París, 4",40.4447495714766,-3.65126474262301,Seur,Lockers,Private,Premises,Madrid,Seur Locker Papeleria Man,"C. de la Madre Antonia París, 4",28027,,,
1631,SEUR,Locker,Privada,Premises,Madrid,28027,Seur Locker Europhil Alc,"C. de Alcalá, 373",40.4356293703235,-3.64394655985858,Seur,Lockers,Private,Premises,Madrid,Seur Locker Europhil Alc,"C. de Alcalá, 373",28027,,,
1632,SEUR,Convenience Stores,Privada,Premises,Madrid,28027,Papeleria Emejota,"C. de Esteban Mora, 32",40.4395450707441,-3.65300305763896,Seur,Convenience stores,Private,Premises,Madrid,Papeleria Emejota,"C. de Esteban Mora, 32",28027,,,
1633,SEUR,Locker,Privada,Premises,Madrid,28027,Seur Locker Alcala Norte,"C. de Alcalá, 414",40.4372112651897,-3.63810310560277,Seur,Lockers,Private,Premises,Madrid,Seur Locker Alcala Norte,"C. de Alcalá, 414",28027,,,
1634,SEUR,Convenience Stores,Privada,Premises,Madrid,28027,Prink Alcalá,"C. de Alcalá, 441",40.4389968860928,-3.63603148561512,Seur,Convenience stores,Private,Premises,Madrid,Prink Alcalá,"C. de Alcalá, 441",28027,,,
1635,SEUR,Locker,Privada,Premises,Madrid,28027,Seur Locker Autoescuela G,"Av. de Badajoz, 5",40.4422287579308,-3.65527633630367,Seur,Lockers,Private,Premises,Madrid,Seur Locker Autoescuela G,"Av. de Badajoz, 5",28027,,,
1636,SEUR,Locker,Privada,Premises,Madrid,28027,Seur Locker Calderon Alca,"C. de Alcalá, 460",40.4391385372181,-3.63391592479139,Seur,Lockers,Private,Premises,Madrid,Seur Locker Calderon Alca,"C. de Alcalá, 460",28027,,,
1637,SEUR,Locker,Privada,Premises,Madrid,28027,Seur Locker Calderon Alca,"C. de Alcalá, 311",40.4328523565883,-3.65195737898937,Seur,Lockers,Private,Premises,Madrid,Seur Locker Calderon Alca,"C. de Alcalá, 311",28027,,,
1638,SEUR,Convenience Stores,Privada,Premises,Madrid,28027,Denver75,"C. de Alcalá, 311",40.4328523565883,-3.65195737898937,Seur,Convenience stores,Private,Premises,Madrid,Denver75,"C. de Alcalá, 311",28027,,,
1639,SEUR,Convenience Stores,Privada,Premises,Madrid,28027,Expendiduria 535,"C. de Alcalá, 499",40.4406086967845,-3.6296815525417,Seur,Convenience stores,Private,Premises,Madrid,Expendiduria 535,"C. de Alcalá, 499",28027,,,
1640,SEUR,Convenience Stores,Privada,Premises,Madrid,28027,Herbolario Mygreen.Es,"C. de Virgen de Lluc, 4",40.4344808740699,-3.65555817164441,Seur,Convenience stores,Private,Premises,Madrid,Herbolario Mygreen.Es,"C. de Virgen de Lluc, 4",28027,,,
1641,SEUR,Convenience Stores,Privada,Premises,Madrid,28027,Fokus Mobile,"C. de Alcalá, 273",40.4323580368131,-3.65600961380612,Seur,Convenience stores,Private,Premises,Madrid,Fokus Mobile,"C. de Alcalá, 273",28027,,,
1642,SEUR,Convenience Stores,Privada,Premises,Madrid,28028,El Geniux,"Av. de los Toreros, 43",40.4324635071919,-3.66756026733062,Seur,Convenience stores,Private,Premises,Madrid,El Geniux,"Av. de los Toreros, 43",28028,,,
1643,SEUR,Convenience Stores,Privada,Premises,Madrid,28028,Mundo Del Movil,"Calle de Colomer, 3",40.4342167294795,-3.6645404332949,Seur,Convenience stores,Private,Premises,Madrid,Mundo Del Movil,"Calle de Colomer, 3",28028,,,
1644,SEUR,Locker,Privada,Premises,Madrid,28028,Seur Lockers Washrocks Azc,"C. de Azcona, 43",40.4357703365435,-3.66691335576522,Seur,Lockers,Private,Premises,Madrid,Seur Lockers Washrocks Azc,"C. de Azcona, 43",28028,,,
1645,SEUR,Convenience Stores,Privada,Premises,Madrid,28028,De Buena Tinta,"C/ de Francisco Silvela, 20",40.4315462422617,-3.6710083451756,Seur,Convenience stores,Private,Premises,Madrid,De Buena Tinta,"C/ de Francisco Silvela, 20",28028,,,
1646,SEUR,Locker,Privada,Premises,Madrid,28028,Seur Lockers Estanco Alfon,"C. de Azcona, 18",40.4336612348975,-3.67104430861211,Seur,Lockers,Private,Premises,Madrid,Seur Lockers Estanco Alfon,"C. de Azcona, 18",28028,,,
1647,SEUR,Convenience Stores,Privada,Premises,Madrid,28028,Regalos Sonia,"C. de Eraso, 14",40.4342797643729,-3.67095949237926,Seur,Convenience stores,Private,Premises,Madrid,Regalos Sonia,"C. de Eraso, 14",28028,,,
1648,SEUR,Convenience Stores,Privada,Premises,Madrid,28028,Copipc.,"P.o del Marqués de Zafra, 23",40.4264767863535,-3.66565775279873,Seur,Convenience stores,Private,Premises,Madrid,Copipc.,"P.º del Marqués de Zafra, 23",28028,,,
1649,SEUR,Convenience Stores,Privada,Premises,Madrid,28028,Estanco 676,"Av. de Bruselas, 48",40.4384465050474,-3.66324461571093,Seur,Convenience stores,Private,Premises,Madrid,Estanco 676,"Av. de Bruselas, 48",28028,,,
1650,SEUR,Convenience Stores,Privada,Premises,Madrid,28028,Locutorio Marandu,"C. de Ardemans, 44",40.4356941230297,-3.67333123329429,Seur,Convenience stores,Private,Premises,Madrid,Locutorio Marandu,"C. de Ardemans, 44",28028,,,
1651,SEUR,Locker,Privada,Premises,Madrid,28028,Seur Lockers Calderon Cart,"C. de Cartagena, 73",40.4375294778351,-3.67129311636327,Seur,Lockers,Private,Premises,Madrid,Seur Lockers Calderon Cart,"C. de Cartagena, 73",28028,,,
1652,SEUR,Convenience Stores,Privada,Premises,Madrid,28028,La Casa Del Cartucho,"C/ de Francisco Silvela, 72",40.4362482311573,-3.67566823829054,Seur,Convenience stores,Private,Premises,Madrid,La Casa Del Cartucho,"C/ de Francisco Silvela, 72",28028,,,
1653,SEUR,Locker,Privada,Premises,Madrid,28028,Seur Lockers Lara Avda Ame,"C. de Cartagena, 110",40.4400562548953,-3.67380442294494,Seur,Lockers,Private,Premises,Madrid,Seur Lockers Lara Avda Ame,"C. de Cartagena, 110",28028,,,
1654,SEUR,Convenience Stores,Privada,Premises,Madrid,28029,Rsm Artes Graficas,"C. de Melchor Fernández Almagro, 34",40.4779441029965,-3.70262635786309,Seur,Convenience stores,Private,Premises,Madrid,Rsm Artes Graficas,"C. de Melchor Fernández Almagro, 34",28029,,,
1655,SEUR,Locker,Privada,Premises,Madrid,28029,Seur Lockers Galp Sinesio,"C. de Sinesio Delgado, 15",40.4740175099338,-3.70068880759946,Seur,Lockers,Private,Premises,Madrid,Seur Lockers Galp Sinesio,"C. de Sinesio Delgado, 15",28029,,,
1656,SEUR,Convenience Stores,Privada,Premises,Madrid,28029,Zapatos Zapp Montorte De,"Av. de Monforte de Lemos, 101",40.479258181778,-3.70453538014341,Seur,Convenience stores,Private,Premises,Madrid,Zapatos Zapp Montorte De,"Av. de Monforte de Lemos, 101",28029,,,
1657,SEUR,Convenience Stores,Privada,Premises,Madrid,28029,Repuestos De Automovil Ar,"Pl. de Arteijo, 12",40.4782638817491,-3.70683384767248,Seur,Convenience stores,Private,Premises,Madrid,Repuestos De Automovil Ar,"Pl. de Arteijo, 12",28029,,,
1658,SEUR,Convenience Stores,Privada,Premises,Madrid,28029,Envios Masivos,"C. de Álvarez, 19",40.4712158250565,-3.69997264815486,Seur,Convenience stores,Private,Premises,Madrid,Envios Masivos,"C. de Álvarez, 19",28029,,,
1659,SEUR,Convenience Stores,Privada,Premises,Madrid,28029,Tu Peine Peluqueria,"Av. de El Ferrol, 39",40.4743041867135,-3.70705637764276,Seur,Convenience stores,Private,Premises,Madrid,Tu Peine Peluqueria,"Av. de El Ferrol, 39",28029,,,
1660,SEUR,Locker,Privada,Premises,Madrid,28029,Seur Lockers Inv Masivos,"C. de Álvarez, 19",40.4711995044796,-3.70011212471997,Seur,Lockers,Private,Premises,Madrid,Seur Lockers Inv Masivos,"C. de Álvarez, 19",28029,,,
1661,SEUR,Locker,Privada,Premises,Madrid,28029,Seur Lockers Lavanderia,"C. de Pinos Baja, 55",40.4697261445549,-3.70173649371017,Seur,Lockers,Private,Premises,Madrid,Seur Lockers Lavanderia,"C. de Pinos Baja, 55",28029,,,
1662,SEUR,Convenience Stores,Privada,Premises,Madrid,28029,Estanco Madrid 530,"C. de Melchor Fernández Almagro, 78",40.4758945278717,-3.70969097804262,Seur,Convenience stores,Private,Premises,Madrid,Estanco Madrid 530,"C. de Melchor Fernández Almagro, 78",28029,,,
1663,SEUR,Convenience Stores,Privada,Premises,Madrid,28029,Arreglos Coser Y Cantar,"C. del Plátano, 23",40.4680436473204,-3.70016077795695,Seur,Convenience stores,Private,Premises,Madrid,Arreglos Coser Y Cantar,"C. del Plátano, 23",28029,,,
1664,SEUR,Convenience Stores,Privada,Premises,Madrid,28029,Ferreteria Lauro Chichon,"C. del Padre Rubio, 15",40.470553515253,-3.69187690301187,Seur,Convenience stores,Private,Premises,Madrid,Ferreteria Lauro Chichon,"C. del Padre Rubio, 15",28029,,,
1665,SEUR,Convenience Stores,Privada,Premises,Madrid,28029,Ferreteria Alvaro,"Av. de Betanzos, 14",40.4730746737064,-3.71178160727977,Seur,Convenience stores,Private,Premises,Madrid,Ferreteria Alvaro,"Av. de Betanzos, 14",28029,,,
1666,SEUR,Locker,Privada,Supermarket,Madrid,28029,Seur Lockers Lidl,"C. de Sinesio Delgado, 64",40.4719839479535,-3.71158504997261,Seur,Lockers,Private,Supermarket,Madrid,Seur Lockers Lidl,"C. de Sinesio Delgado, 64",28029,,,
1667,SEUR,Convenience Stores,Privada,Premises,Madrid,28029,Los Cachorros,"C. del Capitán Blanco Argibay, 107",40.4671144384425,-3.70408032168041,Seur,Convenience stores,Private,Premises,Madrid,Los Cachorros,"C. del Capitán Blanco Argibay, 107",28029,,,
1668,SEUR,Convenience Stores,Privada,Premises,Madrid,28029,Vartex Informatica,"C. del Puerto de Maspalomas, 6",40.4780950023946,-3.71380123890285,Seur,Convenience stores,Private,Premises,Madrid,Vartex Informatica,"C. del Puerto de Maspalomas, 6",28029,,,
1669,SEUR,Convenience Stores,Privada,Premises,Madrid,28029,Disache C.B.,"C. Pinos Alta, 33",40.4667255774346,-3.69670585091518,Seur,Convenience stores,Private,Premises,Madrid,Disache C.B.,"C. Pinos Alta, 33",28029,,,
1670,SEUR,Convenience Stores,Privada,Premises,Madrid,28029,Vaper Zoe Madrid,"C. del Dr. Ramón Castroviejo, 3",40.4800286608932,-3.71335491870615,Seur,Convenience stores,Private,Premises,Madrid,Vaper Zoe Madrid,"C. del Dr. Ramón Castroviejo, 3",28029,,,
1671,SEUR,Convenience Stores,Privada,Premises,Madrid,28029,Doblec Servicios Informat,"C. de Sarria, 2",40.4739269885771,-3.7137721817036,Seur,Convenience stores,Private,Premises,Madrid,Doblec Servicios Informat,"C. de Sarria, 2",28029,,,
1672,SEUR,Convenience Stores,Privada,Premises,Madrid,28029,Arcoiris Mascotas,"C. del Capitán Blanco Argibay, 41",40.465696055791,-3.69987240937321,Seur,Convenience stores,Private,Premises,Madrid,Arcoiris Mascotas,"C. del Capitán Blanco Argibay, 41",28029,,,
1673,SEUR,Locker,Privada,Premises,Madrid,28029,Seur Lockers Lara Barrio P,"C. de La Bañeza, 32",40.4764825334967,-3.71505892104865,Seur,Lockers,Private,Premises,Madrid,Seur Lockers Lara Barrio P,"C. de La Bañeza, 32",28029,,,
1674,SEUR,Locker,Privada,Premises,Madrid,28029,Seur Lockers Marduk On Lin,"C. del Dr. Ramón Castroviejo, 29",40.4788036670921,-3.71585505271956,Seur,Lockers,Private,Premises,Madrid,Seur Lockers Marduk On Lin,"C. del Dr. Ramón Castroviejo, 29",28029,,,
1675,SEUR,Convenience Stores,Privada,Premises,Madrid,28030,Estanco El Organillo,"C. del Camino de los Vinateros, 167",40.4058996409711,-3.64195299667244,Seur,Convenience stores,Private,Premises,Madrid,Estanco El Organillo,"C. del Camino de los Vinateros, 167",28030,,,
1676,SEUR,Convenience Stores,Privada,Premises,Madrid,28030,Estanco 627,"Av. del Dr. García Tapia, 139",40.4092797898342,-3.63636236487253,Seur,Convenience stores,Private,Premises,Madrid,Estanco 627,"Av. del Dr. García Tapia, 139",28030,,,
1677,SEUR,Convenience Stores,Privada,Premises,Madrid,28030,Summer Papeleria,"C. de la Fuente Carrantona, 27",40.406385542304,-3.6327051053609,Seur,Convenience stores,Private,Premises,Madrid,Summer Papeleria,"C. de la Fuente Carrantona, 27",28030,,,
1678,SEUR,Locker,Privada,Premises,Madrid,28030,Seur Locker Lara Carranto,"C. de la Fuente Carrantona, 26",40.4062451475892,-3.63223760211363,Seur,Lockers,Private,Premises,Madrid,Seur Locker Lara Carranto,"C. de la Fuente Carrantona, 26",28030,,,
1679,SEUR,Convenience Stores,Privada,Premises,Madrid,28030,Locutorio Mi Llajta,"C. del Vinateros, 93",40.409908735476,-3.64811238067077,Seur,Convenience stores,Private,Premises,Madrid,Locutorio Mi Llajta,"C. del Vinateros, 93",28030,,,
1680,SEUR,Convenience Stores,Privada,Premises,Madrid,28030,Ciberinformatia Moratalaz,"Cl. de la Hacienda de Pavones, 12",40.4038976862848,-3.64786865194966,Seur,Convenience stores,Private,Premises,Madrid,Ciberinformatia Moratalaz,"Cl. de la Hacienda de Pavones, 12",28030,,,
1681,SEUR,Locker,Privada,Premises,Madrid,28030,Seur Locker Lara Moratala,"Cl. de la Hacienda de Pavones, 6",40.4049968657509,-3.64948508337585,Seur,Lockers,Private,Premises,Madrid,Seur Locker Lara Moratala,"Cl. de la Hacienda de Pavones, 6",28030,,,
1682,SEUR,Locker,Privada,Supermarket,Madrid,28030,Seur Locker Lidl Hacienda,"Cl. de la Hacienda de Pavones, 342",40.4002914753296,-3.63484399412466,Seur,Lockers,Private,Supermarket,Madrid,Seur Locker Lidl Hacienda,"Cl. de la Hacienda de Pavones, 342",28030,,,
1683,SEUR,Convenience Stores,Privada,Premises,Madrid,28030,Estanco Irati,"Av. de Moratalaz, 121",40.4064707598495,-3.65004511401107,Seur,Convenience stores,Private,Premises,Madrid,Estanco Irati,"Av. de Moratalaz, 121",28030,,,
1684,SEUR,Convenience Stores,Privada,Supermarket,Madrid,28030,Supermercado,"Av. del Dr. García Tapia, 222",40.406924429723,-3.62841996021141,Seur,Convenience stores,Private,Supermarket,Madrid,Supermercado,"Av. del Dr. García Tapia, 222",28030,,,
1685,SEUR,Locker,Privada,Premises,Madrid,28030,Seur Locker Mybikesport,"Av. del Dr. García Tapia, 224",40.4068725069995,-3.62826395442579,Seur,Lockers,Private,Premises,Madrid,Seur Locker Mybikesport,"Av. del Dr. García Tapia, 224",28030,,,
1686,SEUR,Convenience Stores,Privada,Premises,Madrid,28030,Estanco Tacona,"C. de la Tacona, 33",40.3972249060296,-3.64107097685893,Seur,Convenience stores,Private,Premises,Madrid,Estanco Tacona,"C. de la Tacona, 33",28030,,,
1687,SEUR,Locker,Privada,Premises,Madrid,28030,Seur Locker Estanco Arroy,"C. del Arroyo Belincoso, 3",40.4086765412589,-3.6532461586764,Seur,Lockers,Private,Premises,Madrid,Seur Locker Estanco Arroy,"C. del Arroyo Belincoso, 3",28030,,,
1688,SEUR,Convenience Stores,Privada,Premises,Madrid,28030,Fruteria Y Alimentacion 3,"C. de Arroyo de Fontarrón, 391",40.3956143558443,-3.63663967445635,Seur,Convenience stores,Private,Premises,Madrid,Fruteria Y Alimentacion 3,"C. de Arroyo de Fontarrón, 391",28030,,,
1689,SEUR,Convenience Stores,Privada,Premises,Madrid,28030,Estanco Metro Estrella,"C. del Camino de los Vinateros, 10",40.410561151843,-3.66053961463433,Seur,Convenience stores,Private,Premises,Madrid,Estanco Metro Estrella,"C. del Camino de los Vinateros, 10",28030,,,
1690,SEUR,Locker,Privada,Mall,Madrid,28030,Seur Locker C.C. Alcampo,C. del Camino de los Vinateros SN,40.4102312475516,-3.65152494498359,Seur,Lockers,Private,Mall,Madrid,Seur Locker C.C. Alcampo,C. del Camino de los Vinateros SN,28030,,,
1691,SEUR,Convenience Stores,Privada,Premises,Madrid,28031,Floristeria Jema,"C. Virgen de las Viñas, 16",40.3812692677873,-3.60725442348336,Seur,Convenience stores,Private,Premises,Madrid,Floristeria Jema,"C. Virgen de las Viñas, 16",28031,,,
1692,SEUR,Locker,Privada,Premises,Madrid,28031,Seur Locker Wash Up Santa,"C. Virgen de las Viñas, 16",40.3812692677873,-3.60725442348336,Seur,Lockers,Private,Premises,Madrid,Seur Locker Wash Up Santa,"C. Virgen de las Viñas, 16",28031,,,
1693,SEUR,Convenience Stores,Privada,Premises,Madrid,28031,La Casita De Paula,"C. de Puentelarra, 7",40.3829714742127,-3.60777519660501,Seur,Convenience stores,Private,Premises,Madrid,La Casita De Paula,"C. de Puentelarra, 7",28031,,,
1694,SEUR,Convenience Stores,Privada,Premises,Madrid,28031,Frutos Secos Jesus,"C. de Castrillo de Aza, 15",40.3839136905982,-3.60979268916878,Seur,Convenience stores,Private,Premises,Madrid,Frutos Secos Jesus,"C. de Castrillo de Aza, 15",28031,,,
1695,SEUR,Convenience Stores,Privada,Premises,Madrid,28031,El Charrua Peluqueria,"Calle de Montes de Barbanza, 5",40.3782802160265,-3.6188203252075,Seur,Convenience stores,Private,Premises,Madrid,El Charrua Peluqueria,"Calle de Montes de Barbanza, 5",28031,,,
1696,SEUR,Convenience Stores,Privada,Premises,Madrid,28031,Libreria Sanabria,"C. Sierra Aitana, 2",40.3744349519633,-3.61926646009096,Seur,Convenience stores,Private,Premises,Madrid,Libreria Sanabria,"C. Sierra Aitana, 2",28031,,,
1697,SEUR,Convenience Stores,Privada,Premises,Madrid,28031,Tienda Shambhala,"C. del Monte Aya, 4",40.378544350744,-3.62309896493514,Seur,Convenience stores,Private,Premises,Madrid,Tienda Shambhala,"C. del Monte Aya, 4",28031,,,
1698,SEUR,Locker,Privada,Service Station,Madrid,28031,Seur Locker Galp Vallecas,"Av. del Mayorazgo, 20",40.3695411412681,-3.63161245830081,Seur,Lockers,Private,Service Station,Madrid,Seur Locker Galp Vallecas,"Av. del Mayorazgo, 20",28031,,,
1699,SEUR,Convenience Stores,Privada,Premises,Madrid,28031,Vallecas,"C. Gamonal, 2",40.3713587235317,-3.64663280676177,Seur,Convenience stores,Private,Premises,Madrid,Vallecas,"C. Gamonal, 2",28031,,,
1700,SEUR,Locker,Privada,Premises,Madrid,28032,Seur Locker Europhil Cond,"C/ de la Condesa de la Vega del Pozo, 15",40.4037853218145,-3.60745969632344,Seur,Lockers,Private,Premises,Madrid,Seur Locker Europhil Cond,"C/ de la Condesa de la Vega del Pozo, 15",28032,,,
1701,SEUR,Convenience Stores,Privada,Premises,Madrid,28032,Butt Locutorio,"C. del Lago Erie, 7",40.4050230098242,-3.60701858392814,Seur,Convenience stores,Private,Premises,Madrid,Butt Locutorio,"C. del Lago Erie, 7",28032,,,
1702,SEUR,Convenience Stores,Privada,Premises,Madrid,28032,Multiservicios Mym,"C. de Calahorra, 25",40.4062436124708,-3.61407314110855,Seur,Convenience stores,Private,Premises,Madrid,Multiservicios Mym,"C. de Calahorra, 25",28032,,,
1703,SEUR,Locker,Privada,Premises,Madrid,28032,Seur Locker Estanco 893,C. de Aquitania SN,40.419207016868,-3.61722999512099,Seur,Lockers,Private,Premises,Madrid,Seur Locker Estanco 893,C. de Aquitania SN,28032,,,
1704,SEUR,Convenience Stores,Privada,Premises,Madrid,28032,Libros De Arena,"C/ de Capri, 15",40.4186842901191,-3.61985027016813,Seur,Convenience stores,Private,Premises,Madrid,Libros De Arena,"C/ de Capri, 15",28032,,,
1705,SEUR,Locker,Privada,Premises,Madrid,28032,Seur Locker Estanco 670,"C. del Tren de Arganda, 8",40.4039665628301,-3.62058897525271,Seur,Lockers,Private,Premises,Madrid,Seur Locker Estanco 670,"C. del Tren de Arganda, 8",28032,,,
1706,SEUR,Locker,Privada,Premises,Madrid,28032,Seur Locker Gala Indaleci,"Blvr. de Indalecio Prieto, 9",40.4033452127855,-3.61988646692126,Seur,Lockers,Private,Premises,Madrid,Seur Locker Gala Indaleci,"Blvr. de Indalecio Prieto, 9",28032,,,
1707,SEUR,Locker,Privada,Supermarket,Madrid,28032,Seur Locker Lidl Catalana,"Carr. de Vicálvaro a la Estación de O'donnell, 13",40.4053561583589,-3.59112189987498,Seur,Lockers,Private,Supermarket,Madrid,Seur Locker Lidl Catalana,"Carr. de Vicálvaro a la Estación de O'donnell, 13",28032,,,
1708,SEUR,Locker,Privada,Premises,Madrid,28032,Seur Locker Colada Vicalv,"Blvr. de Indalecio Prieto, 22",40.4009110681296,-3.62157138348484,Seur,Lockers,Private,Premises,Madrid,Seur Locker Colada Vicalv,"Blvr. de Indalecio Prieto, 22",28032,,,
1709,SEUR,Convenience Stores,Privada,Premises,Madrid,28032,Papeleria Trabalenguas,"C. de Minerva, 89",40.3968803867926,-3.60552942967137,Seur,Convenience stores,Private,Premises,Madrid,Papeleria Trabalenguas,"C. de Minerva, 89",28032,,,
1710,SEUR,Convenience Stores,Privada,Premises,Madrid,28032,Videomania Mrmicro Ordena,"C. de la Raya, 13",40.4013660904762,-3.6221706949328,Seur,Convenience stores,Private,Premises,Madrid,Videomania Mrmicro Ordena,"C. de la Raya, 13",28032,,,
1711,SEUR,Locker,Privada,Premises,Madrid,28032,Seur Locker Valdebernardo,"C. de los Pinillas, 48",40.397839846053,-3.61838819587711,Seur,Lockers,Private,Premises,Madrid,Seur Locker Valdebernardo,"C. de los Pinillas, 48",28032,,,
1712,SEUR,Convenience Stores,Privada,Premises,Madrid,28032,La Ventana Natural,"Blvr. de José Prat, 35",40.3980101636155,-3.61858422747051,Seur,Convenience stores,Private,Premises,Madrid,La Ventana Natural,"Blvr. de José Prat, 35",28032,,,
1713,SEUR,Locker,Privada,Premises,Madrid,28032,Seur Locker Wash Up Vical,"C. de Ladera de los Almendros, 40",40.3976391168728,-3.62600882810062,Seur,Lockers,Private,Premises,Madrid,Seur Locker Wash Up Vical,"C. de Ladera de los Almendros, 40",28032,,,
1714,SEUR,Locker,Privada,Premises,Madrid,28032,Seur Locker Lavanderia Op,"C. de Ana Mariscal, 3",40.3949873114752,-3.62281611860461,Seur,Lockers,Private,Premises,Madrid,Seur Locker Lavanderia Op,"C. de Ana Mariscal, 3",28032,,,
1715,SEUR,Convenience Stores,Privada,Premises,Madrid,28033,Baby Gallery,"C. de Lorca, 1",40.4719633098606,-3.65560685264939,Seur,Convenience stores,Private,Premises,Madrid,Baby Gallery,"C. de Lorca, 1",28033,,,
1716,SEUR,Convenience Stores,Privada,Premises,Madrid,28033,Locutorio Hermanos Castil,"C. de la Costa del Sol, 1",40.4727350345501,-3.65260739483294,Seur,Convenience stores,Private,Premises,Madrid,Locutorio Hermanos Castil,"C. de la Costa del Sol, 1",28033,,,
1717,SEUR,Convenience Stores,Privada,Premises,Madrid,28033,Locutorio Darell,"C. de la Costa del Sol, 15",40.4736314847816,-3.65274143606454,Seur,Convenience stores,Private,Premises,Madrid,Locutorio Darell,"C. de la Costa del Sol, 15",28033,,,
1718,SEUR,Convenience Stores,Privada,Premises,Madrid,28033,Textil Hogar Fernando,"C. de la Bahía de Algeciras, 1",40.4740604782476,-3.65030542743348,Seur,Convenience stores,Private,Premises,Madrid,Textil Hogar Fernando,"C. de la Bahía de Algeciras, 1",28033,,,
1719,SEUR,Locker,Privada,Premises,Madrid,28033,Seur Locker Lavanderia Bu,"Av. de la Virgen del Carmen, 39",40.4753628106807,-3.65009039576339,Seur,Lockers,Private,Premises,Madrid,Seur Locker Lavanderia Bu,"Av. de la Virgen del Carmen, 39",28033,,,
1720,SEUR,Convenience Stores,Privada,Premises,Madrid,28033,Papeleria Lapiceros,"C. de Sta. Susana, 33",40.4778831371077,-3.64672384409666,Seur,Convenience stores,Private,Premises,Madrid,Papeleria Lapiceros,"C. de Sta. Susana, 33",28033,,,
1721,SEUR,Locker,Privada,Premises,Madrid,28033,Seur Locker Lara Mar Meno,"C. del Mar Menor, 2",40.4743710613659,-3.64362015696665,Seur,Lockers,Private,Premises,Madrid,Seur Locker Lara Mar Meno,"C. del Mar Menor, 2",28033,,,
1722,SEUR,Convenience Stores,Privada,Premises,Madrid,28033,Kotherm,"C/ de Sta. Virgilia, 14",40.4769004307284,-3.64237043451622,Seur,Convenience stores,Private,Premises,Madrid,Kotherm,"C/ de Sta. Virgilia, 14",28033,,,
1723,SEUR,Convenience Stores,Privada,Supermarket,Madrid,28033,Supermercado Suma,"C. de la Dulzaina, 6",40.4809982648841,-3.66342128286352,Seur,Convenience stores,Private,Supermarket,Madrid,Supermercado Suma,"C. de la Dulzaina, 6",28033,,,
1724,SEUR,Locker,Privada,Premises,Madrid,28033,Seur Locker Gala Arturo S,"C. de Arturo Soria, 310",40.4761847810828,-3.66813403928225,Seur,Lockers,Private,Premises,Madrid,Seur Locker Gala Arturo S,"C. de Arturo Soria, 310",28033,,,
1725,SEUR,Convenience Stores,Privada,Premises,Madrid,28033,Herbolario Arahal,"C. de Arturo Soria, 324",40.4792279665745,-3.66772700933375,Seur,Convenience stores,Private,Premises,Madrid,Herbolario Arahal,"C. de Arturo Soria, 324",28033,,,
1726,SEUR,Locker,Privada,Premises,Madrid,28033,Seur Locker Lara Arturo S,"C. de Arturo Soria, 329",40.4806747982477,-3.66745055899357,Seur,Lockers,Private,Premises,Madrid,Seur Locker Lara Arturo S,"C. de Arturo Soria, 329",28033,,,
1727,SEUR,Convenience Stores,Privada,Premises,Madrid,28033,Aqui Es,"Av. de Bucaramanga, 2",40.4721761503676,-3.63645231892116,Seur,Convenience stores,Private,Premises,Madrid,Aqui Es,"Av. de Bucaramanga, 2",28033,,,
1728,SEUR,Locker,Privada,Mall,Madrid,28033,Seur Locker Cc Colombia,"Av. de Bucaramanga, 2",40.472086389489,-3.63640252583217,Seur,Lockers,Private,Mall,Madrid,Seur Locker Cc Colombia,"Av. de Bucaramanga, 2",28033,,,
1729,SEUR,Convenience Stores,Privada,Premises,Madrid,28034,Pasapagina,"Pl. Tres Olivos, 3",40.5012846453081,-3.69071024716208,Seur,Convenience stores,Private,Premises,Madrid,Pasapagina,"Pl. Tres Olivos, 3",28034,,,
1730,SEUR,Locker,Privada,Premises,Madrid,28034,Seur Locker Cubis Lavande,"C. de Sanchonuno, 6",40.4919657260348,-3.68956637719778,Seur,Lockers,Private,Premises,Madrid,Seur Locker Cubis Lavande,"C. de Sanchonuno, 6",28034,,,
1731,SEUR,Locker,Privada,Supermarket,Madrid,28034,Seur Locker Lidl Lezama,"C. de Lezama, 6",40.4905295029796,-3.69078037485896,Seur,Lockers,Private,Supermarket,Madrid,Seur Locker Lidl Lezama,"C. de Lezama, 6",28034,,,
1732,SEUR,Convenience Stores,Privada,Premises,Madrid,28034,La Tienda De Lara,"C. de Sabadell, 86",40.4917994317036,-3.69686620800324,Seur,Convenience stores,Private,Premises,Madrid,La Tienda De Lara,"C. de Sabadell, 86",28034,,,
1733,SEUR,Locker,Privada,Premises,Madrid,28034,Seur Locker Montecarmelo,"C. del Monasterio de Arlanza, 20",40.5105200098693,-3.6900854414627,Seur,Lockers,Private,Premises,Madrid,Seur Locker Montecarmelo,"C. del Monasterio de Arlanza, 20",28034,,,
1734,SEUR,Convenience Stores,Privada,Premises,Madrid,28034,Seur Tipsa Fuencarral,"Calle de la Virgen de Aránzazu, 37",40.4875638567474,-3.68986562171196,Seur,Convenience stores,Private,Premises,Madrid,Seur Tipsa Fuencarral,"Calle de la Virgen de Aránzazu, 37",28034,,,
1735,SEUR,Locker,Privada,Premises,Madrid,28034,Seur Locker Vapor Madrid,"Calle de la Virgen de Aránzazu, 23",40.4865663463919,-3.68990152790794,Seur,Lockers,Private,Premises,Madrid,Seur Locker Vapor Madrid,"Calle de la Virgen de Aránzazu, 23",28034,,,
1736,SEUR,Locker,Privada,Premises,Madrid,28034,Seur Locker Locutorio Cas,"C. de Isidro Fernández, 11",40.4845548655576,-3.68752061904841,Seur,Lockers,Private,Premises,Madrid,Seur Locker Locutorio Cas,"C. de Isidro Fernández, 11",28034,,,
1737,SEUR,Locker,Privada,Premises,Madrid,28034,Seur Locker Telotengo Mar,"C. de Marcos de Orueta, 3",40.4846061425612,-3.68577377656781,Seur,Lockers,Private,Premises,Madrid,Seur Locker Telotengo Mar,"C. de Marcos de Orueta, 3",28034,,,
1738,SEUR,Convenience Stores,Privada,Premises,Madrid,28034,Telotengo,"C. de Marcos de Orueta, 3",40.4846224087734,-3.68575238862877,Seur,Convenience stores,Private,Premises,Madrid,Telotengo,"C. de Marcos de Orueta, 3",28034,,,
1739,SEUR,Locker,Privada,Parking,Madrid,28034,Seur Locker Parking La Pa,"Av. del Llano Castellano, 3",40.4842776626195,-3.68508951221583,Seur,Lockers,Private,Parking,Madrid,Seur Locker Parking La Pa,"Av. del Llano Castellano, 3",28034,,,
1740,SEUR,Convenience Stores,Privada,Premises,Madrid,28034,Taller Arreglos Adi,"C. de Fermín Caballero, 14",40.4868722315134,-3.70075127795558,Seur,Convenience stores,Private,Premises,Madrid,Taller Arreglos Adi,"C. de Fermín Caballero, 14",28034,,,
1741,SEUR,Convenience Stores,Privada,Premises,Madrid,28034,Prink Fermín Caballero,"C. de Fermín Caballero, 70",40.4824268622094,-3.71255380122094,Seur,Convenience stores,Private,Premises,Madrid,Prink Fermín Caballero,"C. de Fermín Caballero, 70",28034,,,
1742,SEUR,Convenience Stores,Privada,Premises,Madrid,28035,Alimentacion Risueño,"Av del Cardenal Herrera Oria, 305",40.4796067225246,-3.72518577444068,Seur,Convenience stores,Private,Premises,Madrid,Alimentacion Risueño,"Av del Cardenal Herrera Oria, 305",28035,,,
1743,SEUR,Convenience Stores,Privada,Premises,Madrid,28035,Estanco Alma Cabero,"C. de Ramón Gómez de la Serna, 115",40.4819814548863,-3.726145434599,Seur,Convenience stores,Private,Premises,Madrid,Estanco Alma Cabero,"C. de Ramón Gómez de la Serna, 115",28035,,,
1744,SEUR,Convenience Stores,Privada,Premises,Madrid,28035,Papeleria Mayte,"C. Leopoldo Alas Clarín, 47",40.4817444923248,-3.73314083651459,Seur,Convenience stores,Private,Premises,Madrid,Papeleria Mayte,"C. Leopoldo Alas Clarín, 47",28035,,,
1745,SEUR,Convenience Stores,Privada,Premises,Madrid,28035,El Jardin De Aralia,"Av del Cardenal Herrera Oria, 251",40.4808457604355,-3.72125609488193,Seur,Convenience stores,Private,Premises,Madrid,El Jardin De Aralia,"Av del Cardenal Herrera Oria, 251",28035,,,
1746,SEUR,Convenience Stores,Privada,Premises,Madrid,28035,Alimentación Fruto Seco,"C. de San Gerardo, 10",40.46664501374,-3.72119549300333,Seur,Convenience stores,Private,Premises,Madrid,Alimentación Fruto Seco,"C. de San Gerardo, 10",28035,,,
1747,SEUR,Convenience Stores,Privada,Premises,Madrid,28036,Dietflash Medical,"C. de Félix Boix, 14",40.463218450514,-3.68658710844106,Seur,Convenience stores,Private,Premises,Madrid,Dietflash Medical,"C. de Félix Boix, 14",28036,,,
1748,SEUR,Convenience Stores,Privada,Premises,Madrid,28036,Floristeria Los Sauces,"Av. de Alberto de Alcocer, 17",40.459617877642,-3.68490462946568,Seur,Convenience stores,Private,Premises,Madrid,Floristeria Los Sauces,"Av. de Alberto de Alcocer, 17",28036,,,
1749,SEUR,Locker,Privada,Parking,Madrid,28036,Seur Lockers Parking Centr,"C. de Agustín de Foxá, 27",40.4710771249318,-3.68536895480796,Seur,Lockers,Private,Parking,Madrid,Seur Lockers Parking Centr,"C. de Agustín de Foxá, 27",28036,,,
1750,SEUR,Convenience Stores,Privada,Premises,Madrid,28036,Estanco 215 Madrid,"Av. de Burgos, 16",40.4760341828189,-3.67581384516446,Seur,Convenience stores,Private,Premises,Madrid,Estanco 215 Madrid,"Av. de Burgos, 16",28036,,,
1751,SEUR,Locker,Privada,Premises,Madrid,28036,Seur Lockers Pastora Imper,"C. de Pastora Imperio, 2",40.4832620207528,-3.67509836147393,Seur,Lockers,Private,Premises,Madrid,Seur Lockers Pastora Imper,"C. de Pastora Imperio, 2",28036,,,
1752,SEUR,Convenience Stores,Privada,Premises,Madrid,28037,Fruteria Eder,"C. de la Virgen de la Oliva, 2",40.4306262769463,-3.6262820256384,Seur,Convenience stores,Private,Premises,Madrid,Fruteria Eder,"C. de la Virgen de la Oliva, 2",28037,,,
1753,SEUR,Locker,Privada,Parking,Madrid,28037,Seur Locker Parkin Indigo,"C. de Santa Leonor, 65",40.4330864474515,-3.62757998572216,Seur,Lockers,Private,Parking,Madrid,Seur Locker Parkin Indigo,"C. de Santa Leonor, 65",28037,,,
1754,SEUR,Convenience Stores,Privada,Premises,Madrid,28037,Frutas Chinchon,"C. de Alconera, 7",40.4312010900804,-3.61818490386182,Seur,Convenience stores,Private,Premises,Madrid,Frutas Chinchon,"C. de Alconera, 7",28037,,,
1755,SEUR,Convenience Stores,Privada,Premises,Madrid,28037,Herbolario Jupa,"C. de Mieres, 15",40.4292352436846,-3.62950304316726,Seur,Convenience stores,Private,Premises,Madrid,Herbolario Jupa,"C. de Mieres, 15",28037,,,
1756,SEUR,Convenience Stores,Privada,Premises,Madrid,28037,Modas Martinez Amposta,"C. de Amposta, 14",40.4268395953312,-3.62204180149936,Seur,Convenience stores,Private,Premises,Madrid,Modas Martinez Amposta,"C. de Amposta, 14",28037,,,
1757,SEUR,Locker,Privada,Service Station,Madrid,28037,Seur Locker Galp Arcental,"Av. de Arcentales, 7",40.4266577738024,-3.62613431221244,Seur,Lockers,Private,Service Station,Madrid,Seur Locker Galp Arcental,"Av. de Arcentales, 7",28037,,,
1758,SEUR,Convenience Stores,Privada,Premises,Madrid,28037,Miguel Yuste,"C. de Miguel Yuste, 5",40.4408663515191,-3.6251354507194,Seur,Convenience stores,Private,Premises,Madrid,Miguel Yuste,"C. de Miguel Yuste, 5",28037,,,
1759,SEUR,Locker,Privada,Supermarket,Madrid,28037,Seur Locker Lidl Garcia N,"C. de los Hermanos García Noblejas, 23",40.4341437087823,-3.63465169033565,Seur,Lockers,Private,Supermarket,Madrid,Seur Locker Lidl Garcia N,"C. de los Hermanos García Noblejas, 23",28037,,,
1760,SEUR,Convenience Stores,Privada,Premises,Madrid,28037,Herbolario Magnolia,"C. Sillería, 1",40.4247437273523,-3.62233402564991,Seur,Convenience stores,Private,Premises,Madrid,Herbolario Magnolia,"C. Sillería, 1",28037,,,
1761,SEUR,Locker,Privada,Service Station,Madrid,28037,Seur Locker Galp Vicalvar,Av. de Canillejas a Vicálvaro SN,40.4267705733904,-3.61149751242437,Seur,Lockers,Private,Service Station,Madrid,Seur Locker Galp Vicalvar,Av. de Canillejas a Vicálvaro SN,28037,,,
1762,SEUR,Locker,Privada,Premises,Madrid,28037,Seur Locker Euroenvios Zu,"C. Zumel, 14",40.429262227507,-3.62618240670384,Seur,Lockers,Private,Premises,Madrid,Seur Locker Euroenvios Zu,"C. Zumel, 14",28037,,,
1763,SEUR,Locker,Privada,Premises,Madrid,28038,Seur Locker Alc Vallecas,C. Monleón SN,40.39265948369,-3.65475826314946,Seur,Lockers,Private,Premises,Madrid,Seur Locker Alc Vallecas,C. Monleón SN,28038,,,
1764,SEUR,Convenience Stores,Privada,Premises,Madrid,28038,Envios Caribe,"C. Picos de Europa, 9",40.39573578743,-3.66216087748224,Seur,Convenience stores,Private,Premises,Madrid,Envios Caribe,"C. Picos de Europa, 9",28038,,,
1765,SEUR,Convenience Stores,Privada,Premises,Madrid,28038,Locutorio Yani,"C. López Recuero, 15",40.3978264598577,-3.66324670791644,Seur,Convenience stores,Private,Premises,Madrid,Locutorio Yani,"C. López Recuero, 15",28038,,,
1766,SEUR,Locker,Privada,Supermarket,Madrid,28038,Seur Locker Lidl Toledana,"C. de Sierra Toledana, 33",40.402705932228,-3.66051437916143,Seur,Lockers,Private,Supermarket,Madrid,Seur Locker Lidl Toledana,"C. de Sierra Toledana, 33",28038,,,
1767,SEUR,Convenience Stores,Privada,Premises,Madrid,28038,Usb Informatica,"C. del Pico de Almanzor, 13",40.4025668302277,-3.66152757329657,Seur,Convenience stores,Private,Premises,Madrid,Usb Informatica,"C. del Pico de Almanzor, 13",28038,,,
1768,SEUR,Convenience Stores,Privada,Premises,Madrid,28038,Prink Avenida Albufera,"Av. de la Albufera, 234",40.3909031683359,-3.64781177870356,Seur,Convenience stores,Private,Premises,Madrid,Prink Avenida Albufera,"Av. de la Albufera, 234",28038,,,
1769,SEUR,Locker,Privada,Premises,Madrid,28038,Seur Locker Locutorio Tau,"Av. de Peña Prieta, 75",40.4035153890562,-3.66314181039423,Seur,Lockers,Private,Premises,Madrid,Seur Locker Locutorio Tau,"Av. de Peña Prieta, 75",28038,,,
1770,SEUR,Locker,Privada,Premises,Madrid,28038,Seur Locker Latin Travel,"C. de la Sierra de Javalambre, 6",40.3982807424774,-3.66712313252015,Seur,Lockers,Private,Premises,Madrid,Seur Locker Latin Travel,"C. de la Sierra de Javalambre, 6",28038,,,
1771,SEUR,Convenience Stores,Privada,Premises,Madrid,28038,Locutorio San Claudio,"C. de San Claudio, 91",40.3895815309508,-3.63861397228425,Seur,Convenience stores,Private,Premises,Madrid,Locutorio San Claudio,"C. de San Claudio, 91",28038,,,
1772,SEUR,Convenience Stores,Privada,Premises,Madrid,28038,Alimentacion,"C. de los Andaluces, 9",40.3902766619872,-3.63698425944169,Seur,Convenience stores,Private,Premises,Madrid,Alimentacion,"C. de los Andaluces, 9",28038,,,
1773,SEUR,Convenience Stores,Privada,Premises,Madrid,28039,Copygrap,"C. de Villaamil, 43",40.4595907537859,-3.70766613747011,Seur,Convenience stores,Private,Premises,Madrid,Copygrap,"C. de Villaamil, 43",28039,,,
1774,SEUR,Convenience Stores,Privada,Premises,Madrid,28039,Creaciones Slenny,"C. de Francos Rodríguez, 58",40.4569315052831,-3.70733760875216,Seur,Convenience stores,Private,Premises,Madrid,Creaciones Slenny,"C. de Francos Rodríguez, 58",28039,,,
1775,SEUR,Convenience Stores,Privada,Premises,Madrid,28039,Print It,"C. de Francos Rodríguez, 19",40.4567041504106,-3.70512911978883,Seur,Convenience stores,Private,Premises,Madrid,Print It,"C. de Francos Rodríguez, 19",28039,,,
1776,SEUR,Convenience Stores,Privada,Premises,Madrid,28039,Tintoreria Hidroseco,"C. de Numancia, 6",40.4543170114161,-3.71233986416186,Seur,Convenience stores,Private,Premises,Madrid,Tintoreria Hidroseco,"C. de Numancia, 6",28039,,,
1777,SEUR,Convenience Stores,Privada,Premises,Madrid,28039,Micro Computer,"C. de Jerónima Llorente, 61",40.4536809497047,-3.70792782231465,Seur,Convenience stores,Private,Premises,Madrid,Micro Computer,"C. de Jerónima Llorente, 61",28039,,,
1778,SEUR,Convenience Stores,Privada,Premises,Madrid,28039,Lanas Adriana,"C. de Artajona, 43",40.4654621311069,-3.7177684496608,Seur,Convenience stores,Private,Premises,Madrid,Lanas Adriana,"C. de Artajona, 43",28039,,,
1779,SEUR,Locker,Privada,Premises,Madrid,28039,Seur Lockers Gala Bravo Mu,"C. de Bravo Murillo, 237",40.4583105567548,-3.70148629528936,Seur,Lockers,Private,Premises,Madrid,Seur Lockers Gala Bravo Mu,"C. de Bravo Murillo, 237",28039,,,
1780,SEUR,Convenience Stores,Privada,Premises,Madrid,28039,Seur Tipsa Bellas Vistas,"C. de María Pedraza, 46",40.4529714506605,-3.71128250664363,Seur,Convenience stores,Private,Premises,Madrid,Seur Tipsa Bellas Vistas,"C. de María Pedraza, 46",28039,,,
1781,SEUR,Locker,Privada,Premises,Madrid,28039,Seur Lockers Familia Envio,"C. de los Algodonales, 4",40.4602038671898,-3.69964539128515,Seur,Lockers,Private,Premises,Madrid,Seur Lockers Familia Envio,"C. de los Algodonales, 4",28039,,,
1782,SEUR,Locker,Privada,Premises,Madrid,28039,Seur Lockers Europhil Brav,"C. de Bravo Murillo, 297",40.4617576096774,-3.69824922583315,Seur,Lockers,Private,Premises,Madrid,Seur Lockers Europhil Brav,"C. de Bravo Murillo, 297",28039,,,
1783,SEUR,Locker,Privada,Premises,Madrid,28039,Seur Lockers Latin Travel,"Calle de Sta Juliana, 7",40.4526859629923,-3.70425220426359,Seur,Lockers,Private,Premises,Madrid,Seur Lockers Latin Travel,"Calle de Sta Juliana, 7",28039,,,
1784,SEUR,Convenience Stores,Privada,Premises,Madrid,28039,Libreria Jumi,"C. de Valdevarnes, 24",40.4691082850002,-3.71828520968374,Seur,Convenience stores,Private,Premises,Madrid,Libreria Jumi,"C. de Valdevarnes, 24",28039,,,
1785,SEUR,Convenience Stores,Privada,Premises,Madrid,28039,Locutorio El Grande,"C. de San Raimundo, 11",40.4520163110469,-3.70415844997642,Seur,Convenience stores,Private,Premises,Madrid,Locutorio El Grande,"C. de San Raimundo, 11",28039,,,
1786,SEUR,Locker,Privada,Premises,Madrid,28039,Seur Lockers Latin Travel,"C. de Almansa, 13",40.448753568505,-3.7048176365175,Seur,Lockers,Private,Premises,Madrid,Seur Lockers Latin Travel,"C. de Almansa, 13",28039,,,
1787,SEUR,Locker,Privada,Premises,Madrid,28039,Seur Lockers Europhil Alma,"C. de Almansa, 8",40.4491844945027,-3.70429030613015,Seur,Lockers,Private,Premises,Madrid,Seur Lockers Europhil Alma,"C. de Almansa, 8",28039,,,
1788,SEUR,Convenience Stores,Privada,Premises,Madrid,28039,Locutorio El Grande,"C. de Almansa, 21",40.4488387335638,-3.70554712294532,Seur,Convenience stores,Private,Premises,Madrid,Locutorio El Grande,"C. de Almansa, 21",28039,,,
1789,SEUR,Locker,Privada,Parking,Madrid,28040,Seur Lockers Parking Bolto,"C. de Beatriz de Bobadilla, 6",40.4476233233834,-3.71384782996548,Seur,Lockers,Private,Parking,Madrid,Seur Lockers Parking Bolto,"C. de Beatriz de Bobadilla, 6",28040,,,
1790,SEUR,Convenience Stores,Privada,Premises,Madrid,28040,Regalos Marian,"C. del Estudiante, 4",40.4660763536444,-3.69835806479418,Seur,Convenience stores,Private,Premises,Madrid,Regalos Marian,"C. del Estudiante, 4",28040,,,
1791,SEUR,Locker,Privada,Parking,Madrid,28040,Seur Lockers Parking Bolto,"C. de Romero Robledo, 9",40.4326033020363,-3.71943103011272,Seur,Lockers,Private,Parking,Madrid,Seur Lockers Parking Bolto,"C. de Romero Robledo, 9",28040,,,
1792,SEUR,Convenience Stores,Privada,Premises,Madrid,28041,Papeleria Maripaz,"C. Salado, 2",40.3708537309344,-3.69827203119404,Seur,Convenience stores,Private,Premises,Madrid,Papeleria Maripaz,"C. Salado, 2",28041,,,
1793,SEUR,Locker,Privada,Supermarket,Madrid,28041,Seur Locker Lidl Andaluci,"Av. de Andalucía, 7",40.3731462382238,-3.69494194756074,Seur,Lockers,Private,Supermarket,Madrid,Seur Locker Lidl Andaluci,"Av. de Andalucía, 7",28041,,,
1794,SEUR,Convenience Stores,Privada,Premises,Madrid,28041,Libreria 7 Colores,"C. Fitero, 3",40.3720286614954,-3.69357431239922,Seur,Convenience stores,Private,Premises,Madrid,Libreria 7 Colores,"C. Fitero, 3",28041,,,
1795,SEUR,Locker,Privada,Supermarket,Madrid,28041,Seur Locker Carref Angele,"Av. de Andalucía, Km. 7",40.3634869208822,-3.69210836296181,Seur,Lockers,Private,Supermarket,Madrid,Seur Locker Carref Angele,"Av. de Andalucía, Km. 7",28041,,,
1796,SEUR,Convenience Stores,Privada,Premises,Madrid,28041,Khan Multan,"C. Pan y Toros, 11",40.3602862105988,-3.69448159412829,Seur,Convenience stores,Private,Premises,Madrid,Khan Multan,"C. Pan y Toros, 11",28041,,,
1797,SEUR,Locker,Privada,Premises,Madrid,28041,Seur Locker Pan Y Toro,"C. Pan y Toros, 11",40.3602862105988,-3.69448159412829,Seur,Lockers,Private,Premises,Madrid,Seur Locker Pan Y Toro,"C. Pan y Toros, 11",28041,,,
1798,SEUR,Convenience Stores,Privada,Premises,Madrid,28041,El Rincon De Yois,"C. del Simca, 8",40.3663128500198,-3.70790648677515,Seur,Convenience stores,Private,Premises,Madrid,El Rincon De Yois,"C. del Simca, 8",28041,,,
1799,SEUR,Convenience Stores,Privada,Premises,Madrid,28041,Cargo Agil Envaos,"C. de la Mezquita, 15",40.3739574059106,-3.69021957889992,Seur,Convenience stores,Private,Premises,Madrid,Cargo Agil Envaos,"C. de la Mezquita, 15",28041,,,
1800,SEUR,Convenience Stores,Privada,Premises,Madrid,28041,Zapatos Zapp,"C. los Bohemios, 4",40.3568577351039,-3.69417682226309,Seur,Convenience stores,Private,Premises,Madrid,Zapatos Zapp,"C. los Bohemios, 4",28041,,,
1801,SEUR,Convenience Stores,Privada,Premises,Madrid,28041,Drogueria Doyce,"C. de la del Manojo de Rosas, 65",40.3554276085603,-3.69741179287517,Seur,Convenience stores,Private,Premises,Madrid,Drogueria Doyce,"C. de la del Manojo de Rosas, 65",28041,,,
1802,SEUR,Convenience Stores,Privada,Premises,Madrid,28041,Herbosalud,"C. de la Alegría de la Huerta, 10",40.3554532803921,-3.69545573772858,Seur,Convenience stores,Private,Premises,Madrid,Herbosalud,"C. de la Alegría de la Huerta, 10",28041,,,
1803,SEUR,Convenience Stores,Privada,Premises,Madrid,28041,Tintoreria Elite,"C. de Guetaria, 102",40.3667133521611,-3.71588091747087,Seur,Convenience stores,Private,Premises,Madrid,Tintoreria Elite,"C. de Guetaria, 102",28041,,,
1804,SEUR,Convenience Stores,Privada,Premises,Madrid,28041,Estanco Y Loterias Madrid,"C. de la Vírgen de los Desamparados, 42",40.3498988946318,-3.69920910528375,Seur,Convenience stores,Private,Premises,Madrid,Estanco Y Loterias Madrid,"C. de la Vírgen de los Desamparados, 42",28041,,,
1805,SEUR,Locker,Privada,Service Station,Madrid,28042,Seur Locker Galp Barajas,"Camino Cuartel, 9",40.4680636279528,-3.57883607363339,Seur,Lockers,Private,Service Station,Madrid,Seur Locker Galp Barajas,"Camino Cuartel, 9",28042,,,
1806,SEUR,Convenience Stores,Privada,Premises,Madrid,28042,Prink Barajas,"Av. de Logroño, 112",40.4702849191596,-3.58116734864963,Seur,Convenience stores,Private,Premises,Madrid,Prink Barajas,"Av. de Logroño, 112",28042,,,
1807,SEUR,Convenience Stores,Privada,Premises,Madrid,28042,Copygor,"C. de La Rioja, 17",40.458728806576,-3.58727306699678,Seur,Convenience stores,Private,Premises,Madrid,Copygor,"C. de La Rioja, 17",28042,,,
1808,SEUR,Locker,Privada,Premises,Madrid,28042,Seur Locker Bahia Center,"C. Bahía de Pollensa, 5",40.4650543462138,-3.59321385572422,Seur,Lockers,Private,Premises,Madrid,Seur Locker Bahia Center,"C. Bahía de Pollensa, 5",28042,,,
1809,SEUR,Convenience Stores,Privada,Premises,Madrid,28042,Fotografia Yenes,"P.o de la Alameda de Osuna, 71",40.4577237667247,-3.5906716138574,Seur,Convenience stores,Private,Premises,Madrid,Fotografia Yenes,"P.º de la Alameda de Osuna, 71",28042,,,
1810,SEUR,Convenience Stores,Privada,Premises,Madrid,28042,Brico Ema,"C. del Balandro, 39",40.4543405006754,-3.5912320469997,Seur,Convenience stores,Private,Premises,Madrid,Brico Ema,"C. del Balandro, 39",28042,,,
1811,SEUR,Convenience Stores,Privada,Premises,Madrid,28042,Autoescuela Futuro Guadal,"Av. de Guadalajara, 11",40.4190098743534,-3.62214460534607,Seur,Convenience stores,Private,Premises,Madrid,Autoescuela Futuro Guadal,"Av. de Guadalajara, 11",28042,,,
1812,SEUR,Convenience Stores,Privada,Premises,Madrid,28043,Perla Y Chocolate,"Calle Nápoles, 53",40.4603295497552,-3.64785775545245,Seur,Convenience stores,Private,Premises,Madrid,Perla Y Chocolate,"Calle Nápoles, 53",28043,,,
1813,SEUR,Convenience Stores,Privada,Premises,Madrid,28043,Librería Unipa,"Calle de Calanda, 1",40.4613642912904,-3.64536631092043,Seur,Convenience stores,Private,Premises,Madrid,Librería Unipa,"Calle de Calanda, 1",28043,,,
1814,SEUR,Convenience Stores,Privada,Premises,Madrid,28043,Seur Tipsa Hortaleza 0280,"C. de Pegaso, 3",40.4635699535167,-3.64940293130321,Seur,Convenience stores,Private,Premises,Madrid,Seur Tipsa Hortaleza 0280,"C. de Pegaso, 3",28043,,,
1815,SEUR,Convenience Stores,Privada,Premises,Madrid,28043,Lhstore,"C. de Agustín Calvo, 26",40.4641736575456,-3.64885667735201,Seur,Convenience stores,Private,Premises,Madrid,Lhstore,"C. de Agustín Calvo, 26",28043,,,
1816,SEUR,Convenience Stores,Privada,Premises,Madrid,28043,Papeleria Alfil Canillas,"C. de Canillas, 142",40.4436345573993,-3.66784384180044,Seur,Convenience stores,Private,Premises,Madrid,Papeleria Alfil Canillas,"C. de Canillas, 142",28043,,,
1817,SEUR,Locker,Privada,Premises,Madrid,28043,Seur Locker Palacio Hielo,"C. de Silvano, 77",40.4633422805164,-3.63701474953611,Seur,Lockers,Private,Premises,Madrid,Seur Locker Palacio Hielo,"C. de Silvano, 77",28043,,,
1818,SEUR,Locker,Privada,Premises,Madrid,28043,Seur Locker Lara Granvia,"Gran Vía de Hortaleza, 76",40.4684565742512,-3.64604172062547,Seur,Lockers,Private,Premises,Madrid,Seur Locker Lara Granvia,"Gran Vía de Hortaleza, 76",28043,,,
1819,SEUR,Convenience Stores,Privada,Premises,Madrid,28043,Albena Merceria Labores,"C. de López de Hoyos, 347",40.469059965852,-3.65267245987296,Seur,Convenience stores,Private,Premises,Madrid,Albena Merceria Labores,"C. de López de Hoyos, 347",28043,,,
1820,SEUR,Locker,Privada,Service Station,Madrid,28043,Seur Locker Shell Machupi,"Av. de Machupichu, 105",40.4650420506888,-3.63608195975895,Seur,Lockers,Private,Service Station,Madrid,Seur Locker Shell Machupi,"Av. de Machupichu, 105",28043,,,
1821,SEUR,Convenience Stores,Privada,Premises,Madrid,28043,Tac Informatica,"C. de Torquemada, 22",40.4682606860821,-3.63974795332972,Seur,Convenience stores,Private,Premises,Madrid,Tac Informatica,"C. de Torquemada, 22",28043,,,
1822,SEUR,Convenience Stores,Privada,Premises,Madrid,28043,Estanco Madrid 307,"C. Biosca, 29",40.4709227520602,-3.64935335783118,Seur,Convenience stores,Private,Premises,Madrid,Estanco Madrid 307,"C. Biosca, 29",28043,,,
1823,SEUR,Locker,Privada,Parking,Madrid,28043,Seur Locker Parking Bolto,"C. de López de Hoyos, 299",40.4580241664936,-3.66060560732706,Seur,Lockers,Private,Parking,Madrid,Seur Locker Parking Bolto,"C. de López de Hoyos, 299",28043,,,
1824,SEUR,Locker,Privada,Mall,Madrid,28043,Seur Locker Cc Arturo Sor,"C. de Arturo Soria, 126",40.4501500540288,-3.65083180536093,Seur,Lockers,Private,Mall,Madrid,Seur Locker Cc Arturo Sor,"C. de Arturo Soria, 126",28043,,,
1825,SEUR,Convenience Stores,Privada,Premises,Madrid,28043,Libreria Solis,"C. de López de Hoyos, 295",40.4575794064127,-3.66081645656332,Seur,Convenience stores,Private,Premises,Madrid,Libreria Solis,"C. de López de Hoyos, 295",28043,,,
1826,SEUR,Locker,Privada,Supermarket,Madrid,28043,Seur Locker Carref Gv Hor,"Gran Vía de Hortaleza, s/n",40.4697666998218,-3.64103764464366,Seur,Lockers,Private,Supermarket,Madrid,Seur Locker Carref Gv Hor,"Gran Vía de Hortaleza, s/n",28043,,,
1827,SEUR,Convenience Stores,Privada,Premises,Madrid,28043,Prink Hortaleza,"C. Emigrantes, 14",40.4675394284648,-3.63675016628482,Seur,Convenience stores,Private,Premises,Madrid,Prink Hortaleza,"C. Emigrantes, 14",28043,,,
1828,SEUR,Convenience Stores,Privada,Premises,Madrid,28043,Estanco Villarosa,"C. Motilla del Palancar, 8",40.4656905480614,-3.63194774779522,Seur,Convenience stores,Private,Premises,Madrid,Estanco Villarosa,"C. Motilla del Palancar, 8",28043,,,
1829,SEUR,Convenience Stores,Privada,Premises,Madrid,28043,Expendiduria 13,"C. de Silvano, 158",40.4626061278488,-3.62824298039685,Seur,Convenience stores,Private,Premises,Madrid,Expendiduria 13,"C. de Silvano, 158",28043,,,
1830,SEUR,Convenience Stores,Privada,Premises,Madrid,28044,Moda Begoña,"C. de Valle Inclán, 34",40.3797746947481,-3.77252205323764,Seur,Convenience stores,Private,Premises,Madrid,Moda Begoña,"C. de Valle Inclán, 34",28044,,,
1831,SEUR,Convenience Stores,Privada,Premises,Madrid,28044,Burman,"Av de la Aviación, 99",40.3745850773638,-3.77133160258051,Seur,Convenience stores,Private,Premises,Madrid,Burman,"Av de la Aviación, 99",28044,,,
1832,SEUR,Convenience Stores,Privada,Premises,Madrid,28044,Mix Regalos,"C. de Blas Cabrera, 137",40.3782655967689,-3.76689165975789,Seur,Convenience stores,Private,Premises,Madrid,Mix Regalos,"C. de Blas Cabrera, 137",28044,,,
1833,SEUR,Locker,Privada,Supermarket,Madrid,28044,Seur Locker Lidl Aviacio,"Av de la Aviación, 28",40.3744091509551,-3.7726112094801,Seur,Lockers,Private,Supermarket,Madrid,Seur Locker Lidl Aviacio,"Av de la Aviación, 28",28044,,,
1834,SEUR,Convenience Stores,Privada,Premises,Madrid,28044,Perfumeria Drogueria Cuat,"C. de Navalmoral de la Mata, 38",40.3768536688283,-3.77729797486682,Seur,Convenience stores,Private,Premises,Madrid,Perfumeria Drogueria Cuat,"C. de Navalmoral de la Mata, 38",28044,,,
1835,SEUR,Convenience Stores,Privada,Premises,Madrid,28044,Estanco Papeleria Menende,"C. de Oliva de Plasencia, 1",40.3787507788774,-3.7792668854227,Seur,Convenience stores,Private,Premises,Madrid,Estanco Papeleria Menende,"C. de Oliva de Plasencia, 1",28044,,,
1836,SEUR,Convenience Stores,Privada,Premises,Madrid,28044,Papeleria Libreria Cosas,"Pl. Virgen de los Llanos, 7",40.3781939316317,-3.77935536557457,Seur,Convenience stores,Private,Premises,Madrid,Papeleria Libreria Cosas,"Pl. Virgen de los Llanos, 7",28044,,,
1837,SEUR,Convenience Stores,Privada,Premises,Madrid,28044,Cristaleria Aluche Ii,"Av. de Las Águilas, 60",40.3821326718277,-3.77914955665827,Seur,Convenience stores,Private,Premises,Madrid,Cristaleria Aluche Ii,"Av. de Las Águilas, 60",28044,,,
1838,SEUR,Convenience Stores,Privada,Premises,Madrid,28044,Kasual,"Av. de los Poblados, 58",40.3861061730845,-3.76302461419841,Seur,Convenience stores,Private,Premises,Madrid,Kasual,"Av. de los Poblados, 58",28044,,,
1839,SEUR,Locker,Privada,Premises,Madrid,28044,Seur Locker Europhil Pobl,"Av. de los Poblados, 58",40.3862305056085,-3.76423419114205,Seur,Lockers,Private,Premises,Madrid,Seur Locker Europhil Pobl,"Av. de los Poblados, 58",28044,,,
1840,SEUR,Convenience Stores,Privada,Premises,Madrid,28044,La Tienda De Ana,"C. de Joaquín Turina, 31",40.3723348782496,-3.75334676676935,Seur,Convenience stores,Private,Premises,Madrid,La Tienda De Ana,"C. de Joaquín Turina, 31",28044,,,
1841,SEUR,Convenience Stores,Privada,Premises,Madrid,28044,The Fox,"Tr.a Alfredo Aleix, 9",40.3676098342257,-3.75764471988205,Seur,Convenience stores,Private,Premises,Madrid,The Fox,"Tr.ª Alfredo Aleix, 9",28044,,,
1842,SEUR,Convenience Stores,Privada,Premises,Madrid,28044,Pastel Y Miga,"Av. de Carabanchel Alto, 110",40.3666427333368,-3.75364632270608,Seur,Convenience stores,Private,Premises,Madrid,Pastel Y Miga,"Av. de Carabanchel Alto, 110",28044,,,
1843,SEUR,Convenience Stores,Privada,Premises,Madrid,28044,Ferreteria Simarsan,"C. de la Ciruela, 1",40.3720842079658,-3.7492691090041,Seur,Convenience stores,Private,Premises,Madrid,Ferreteria Simarsan,"C. de la Ciruela, 1",28044,,,
1844,SEUR,Locker,Privada,Service Station,Madrid,28044,Seur Locker Galp Poblados,"Av. de los Poblados, 83",40.3737525873311,-3.7432373563565,Seur,Lockers,Private,Service Station,Madrid,Seur Locker Galp Poblados,"Av. de los Poblados, 83",28044,,,
1845,SEUR,Convenience Stores,Privada,Premises,Madrid,28045,Martuchela Abalorios,"C. de Bolívar, 26",40.3926876429094,-3.69037722503667,Seur,Convenience stores,Private,Premises,Madrid,Martuchela Abalorios,"C. de Bolívar, 26",28045,,,
1846,SEUR,Locker,Privada,Premises,Madrid,28045,Seur Lockers Lara Embajado,"C. de Embajadores, 176",40.3950224216437,-3.69534446575489,Seur,Lockers,Private,Premises,Madrid,Seur Lockers Lara Embajado,"C. de Embajadores, 176",28045,,,
1847,SEUR,Convenience Stores,Privada,Premises,Madrid,28045,Kokas Tienda De Animales,"Pl. de la Beata María Ana de Jesús, 12",40.3945854650893,-3.69539019403649,Seur,Convenience stores,Private,Premises,Madrid,Kokas Tienda De Animales,"Pl. de la Beata María Ana de Jesús, 12",28045,,,
1848,SEUR,Convenience Stores,Privada,Premises,Madrid,28045,Ke-An,"C. de Tomás Bretón, 10",40.3975616708834,-3.69532227984369,Seur,Convenience stores,Private,Premises,Madrid,Ke-An,"C. de Tomás Bretón, 10",28045,,,
1849,SEUR,Convenience Stores,Privada,Premises,Madrid,28045,Alimentacion Eyc,"Pl. de Rutilio Gaci, 5",40.3946827080235,-3.69608270907243,Seur,Convenience stores,Private,Premises,Madrid,Alimentacion Eyc,"Pl. de Rutilio Gaci, 5",28045,,,
1850,SEUR,Locker,Privada,Premises,Madrid,28045,Seur Lockers Locutorio Del,"C. de Cáceres, 1",40.3986956415069,-3.69452840267544,Seur,Lockers,Private,Premises,Madrid,Seur Lockers Locutorio Del,"C. de Cáceres, 1",28045,,,
1851,SEUR,Convenience Stores,Privada,Premises,Madrid,28045,Dulces La Ciudad,"C. de Embajadores, 208",40.3909485592613,-3.6927920770878,Seur,Convenience stores,Private,Premises,Madrid,Dulces La Ciudad,"C. de Embajadores, 208",28045,,,
1852,SEUR,Convenience Stores,Privada,Premises,Madrid,28045,Sv Moda Y Complementos,"C. de la Batalla del Salado, 45",40.3985175090624,-3.69624302137689,Seur,Convenience stores,Private,Premises,Madrid,Sv Moda Y Complementos,"C. de la Batalla del Salado, 45",28045,,,
1853,SEUR,Convenience Stores,Privada,Premises,Madrid,28045,Expendenduria 518,"C. de Tomás Borrás, 11",40.3953731587943,-3.69734538934387,Seur,Convenience stores,Private,Premises,Madrid,Expendenduria 518,"C. de Tomás Borrás, 11",28045,,,
1854,SEUR,Convenience Stores,Privada,Premises,Madrid,28045,Phonedoctors,"C. de Jaime el Conquistador, 22",40.3971134131004,-3.69849599245807,Seur,Convenience stores,Private,Premises,Madrid,Phonedoctors,"C. de Jaime el Conquistador, 22",28045,,,
1855,SEUR,Locker,Privada,Premises,Madrid,28045,Seur Lockers Phone Doctors,"C. de Jaime el Conquistador, 22",40.3971134131004,-3.69849599245807,Seur,Lockers,Private,Premises,Madrid,Seur Lockers Phone Doctors,"C. de Jaime el Conquistador, 22",28045,,,
1856,SEUR,Convenience Stores,Privada,Premises,Madrid,28045,Locutorio Canarias,"C. de Canarias, 29",40.4022423511114,-3.69258224769177,Seur,Convenience stores,Private,Premises,Madrid,Locutorio Canarias,"C. de Canarias, 29",28045,,,
1857,SEUR,Locker,Privada,Supermarket,Madrid,28045,Seur Lockers Lidl Ancora,"C/ del Áncora, 3",40.4036192853741,-3.69303264393097,Seur,Lockers,Private,Supermarket,Madrid,Seur Lockers Lidl Ancora,"C/ del Áncora, 3",28045,,,
1858,SEUR,Convenience Stores,Privada,Premises,Madrid,28045,Estanco 538,"Glorieta Sta. María de la Cabeza, 7",40.4006485909178,-3.69872586448582,Seur,Convenience stores,Private,Premises,Madrid,Estanco 538,"Glorieta Sta. María de la Cabeza, 7",28045,,,
1859,SEUR,Convenience Stores,Privada,Premises,Madrid,28045,Ferreteria Sanbarri,"C. de Embajadores, 262",40.3872739815127,-3.69086477960849,Seur,Convenience stores,Private,Premises,Madrid,Ferreteria Sanbarri,"C. de Embajadores, 262",28045,,,
1860,SEUR,Locker,Privada,Premises,Madrid,28045,Seur Lockers Europhil Deli,"Calle de las Delicias, 37",40.4044124916409,-3.69136127921798,Seur,Lockers,Private,Premises,Madrid,Seur Lockers Europhil Deli,"Calle de las Delicias, 37",28045,,,
1861,SEUR,Convenience Stores,Privada,Premises,Madrid,28045,Libreria El Dedal,"C. de Rafael de Riego, 13",40.4043745413212,-3.69192079403559,Seur,Convenience stores,Private,Premises,Madrid,Libreria El Dedal,"C. de Rafael de Riego, 13",28045,,,
1862,SEUR,Locker,Privada,Mall,Madrid,28045,Seur Lockers Mercado Sta M,"P.o de Sta. María de la Cabeza, 41",40.4030271960739,-3.69683870813626,Seur,Lockers,Private,Mall ,Madrid,Seur Lockers Mercado Sta M,"P.º de Sta. María de la Cabeza, 41",28045,,,
1863,SEUR,Locker,Privada,Premises,Madrid,28045,Seur Lockers Flor Rosistir,"P.o de Sta. María de la Cabeza, 76",40.3992042421756,-3.70125179498205,Seur,Lockers,Private,Premises,Madrid,Seur Lockers Flor Rosistir,"P.º de Sta. María de la Cabeza, 76",28045,,,
1864,SEUR,Convenience Stores,Privada,Premises,Madrid,28045,Expendeduria 884,"C. de Palos de la Frontera, 25",40.4033968427513,-3.69475397837252,Seur,Convenience stores,Private,Premises,Madrid,Expendeduria 884,"C. de Palos de la Frontera, 25",28045,,,
1865,SEUR,Convenience Stores,Privada,Premises,Madrid,28045,Prink Atocha,"P.o de Sta. María de la Cabeza, 15",40.4060136976245,-3.69427606575348,Seur,Convenience stores,Private,Premises,Madrid,Prink Atocha,"P.º de Sta. María de la Cabeza, 15",28045,,,
1866,SEUR,Convenience Stores,Privada,Premises,Madrid,28045,Ucramarket,"C. de Méndez Álvaro, 8",40.4066795762253,-3.69252923798607,Seur,Convenience stores,Private,Premises,Madrid,Ucramarket,"C. de Méndez Álvaro, 8",28045,,,
1867,SEUR,Locker,Privada,Premises,Madrid,28045,Seur Lockers Lara Atocha,"P.o de Sta. María de la Cabeza, 2",40.407252266051,-3.69412474706716,Seur,Lockers,Private,Premises,Madrid,Seur Lockers Lara Atocha,"P.º de Sta. María de la Cabeza, 2",28045,,,
1868,SEUR,Convenience Stores,Privada,Premises,Madrid,28046,Herbolario Artume,"C. de Mauricio Legendre, 7",40.4696033240004,-3.68699010329941,Seur,Convenience stores,Private,Premises,Madrid,Herbolario Artume,"C. de Mauricio Legendre, 7",28046,,,
1869,SEUR,Locker,Privada,Parking,Madrid,28046,Seur Locker Pk Pza Castil,"P.o de la Castellana, 193",40.4677695769727,-3.68958323279038,Seur,Lockers,Private,Parking,Madrid,Seur Locker Pk Pza Castil,"P.º de la Castellana, 193",28046,,,
1870,SEUR,Locker,Privada,Parking,Madrid,28046,Seur Locker Pk La Paz,"P.o de la Castellana, 261",40.4819861782468,-3.68760682215155,Seur,Lockers,Private,Parking,Madrid,Seur Locker Pk La Paz,"P.º de la Castellana, 261",28046,,,
1871,SEUR,Locker,Privada,Premises,Madrid,28046,Seur Locker Castellana200,"P.o de la Castellana, 196",40.4619119206526,-3.6886233601662,Seur,Lockers,Private,Premises,Madrid,Seur Locker Castellana200,"P.º de la Castellana, 196",28046,,,
1872,SEUR,Locker,Privada,Parking,Madrid,28046,Seur Locker Parking Caste,"P.o de la Castellana, 123",40.4583389143805,-3.69073698291203,Seur,Lockers,Private,Parking,Madrid,Seur Locker Parking Caste,"P.º de la Castellana, 123",28046,,,
1873,SEUR,Convenience Stores,Privada,Premises,Madrid,28047,Estanco 729,"C. de Cuart de Poblet, 65",40.3967448094302,-3.74873708566791,Seur,Convenience stores,Private,Premises,Madrid,Estanco 729,"C. de Cuart de Poblet, 65",28047,,,
1874,SEUR,Convenience Stores,Privada,Premises,Madrid,28047,Estanco 474,"Cl. de los Yébenes, 159",40.3930781340544,-3.75154675582005,Seur,Convenience stores,Private,Premises,Madrid,Estanco 474,"Cl. de los Yébenes, 159",28047,,,
1875,SEUR,Convenience Stores,Privada,Premises,Madrid,28047,Estanco Los Carmenes,"Gta. de los Carmenes, 1",40.3956673189784,-3.74302075025604,Seur,Convenience stores,Private,Premises,Madrid,Estanco Los Carmenes,"Gta. de los Carmenes, 1",28047,,,
1876,SEUR,Locker,Privada,Premises,Madrid,28047,Seur Locker Papeleria Lib,"Cl. de los Yébenes, 223",40.3920368969688,-3.75076786704264,Seur,Lockers,Private,Premises,Madrid,Seur Locker Papeleria Lib,"Cl. de los Yébenes, 223",28047,,,
1877,SEUR,Convenience Stores,Privada,Premises,Madrid,28047,Caprichos Catrachos,"C. de Latina, 13",40.4013689287861,-3.75067803664286,Seur,Convenience stores,Private,Premises,Madrid,Caprichos Catrachos,"C. de Latina, 13",28047,,,
1878,SEUR,Convenience Stores,Privada,Premises,Madrid,28047,Maqueda Autoescuela,"Cl. de los Yébenes, 148",40.3905537103293,-3.75186953588595,Seur,Convenience stores,Private,Premises,Madrid,Maqueda Autoescuela,"Cl. de los Yébenes, 148",28047,,,
1879,SEUR,Locker,Privada,Premises,Madrid,28047,Seur Locker Shati Telecom,"C. Vía Carpetana, 157",40.3915787209947,-3.74262254389723,Seur,Lockers,Private,Premises,Madrid,Seur Locker Shati Telecom,"C. Vía Carpetana, 157",28047,,,
1880,SEUR,Locker,Privada,Supermarket,Madrid,28047,Seur Locker Lidl Carpetan,"C. Vía Carpetana, 145",40.3925621925775,-3.74145755851042,Seur,Lockers,Private,Supermarket,Madrid,Seur Locker Lidl Carpetan,"C. Vía Carpetana, 145",28047,,,
1881,SEUR,Convenience Stores,Privada,Premises,Madrid,28047,Shati Telecom,"C. Vía Carpetana, 157",40.3915623134381,-3.74259021279755,Seur,Convenience stores,Private,Premises,Madrid,Shati Telecom,"C. Vía Carpetana, 157",28047,,,
1882,SEUR,Locker,Privada,Parking,Madrid,28047,Seur Locker Parking Gomez,"Calle Carlos Domingo, 5",40.3906530254331,-3.74398565037278,Seur,Lockers,Private,Parking,Madrid,Seur Locker Parking Gomez,"Calle Carlos Domingo, 5",28047,,,
1883,SEUR,Locker,Privada,Premises,Madrid,28047,Seur Locker Mcm Carpetana,"C. Vía Carpetana, 228",40.3949084550162,-3.73896142668401,Seur,Lockers,Private,Premises,Madrid,Seur Locker Mcm Carpetana,"C. Vía Carpetana, 228",28047,,,
1884,SEUR,Convenience Stores,Privada,Premises,Madrid,28047,Alhambra Locutorio,"C. de la Alhambra, 19",40.4032260507449,-3.7446903825006,Seur,Convenience stores,Private,Premises,Madrid,Alhambra Locutorio,"C. de la Alhambra, 19",28047,,,
1885,SEUR,Convenience Stores,Privada,Premises,Madrid,28047,Cristaleria Aluche,"C. de Camarena, 235",40.3864849059901,-3.75713512182513,Seur,Convenience stores,Private,Premises,Madrid,Cristaleria Aluche,"C. de Camarena, 235",28047,,,
1886,SEUR,Convenience Stores,Privada,Premises,Madrid,28048,Estanco 403 El Pardo,"C. Carboneros, 2",40.5203044601215,-3.77796260511974,Seur,Convenience stores,Private,Premises,Madrid,Estanco 403 El Pardo,"C. Carboneros, 2",28048,,,
1887,SEUR,Convenience Stores,Privada,Premises,Madrid,28049,Fundación A La Par,"C. del Monasterio de Las Huelgas, 15",40.5026138001141,-3.70907245353151,Seur,Convenience stores,Private,Premises,Madrid,Fundación A La Par,"C. del Monasterio de Las Huelgas, 15",28049,,,
1888,SEUR,Convenience Stores,Privada,Premises,Madrid,28050,Aldea Dulce,"C. de Furelos, 3",40.5065460529759,-3.66486399435834,Seur,Convenience stores,Private,Premises,Madrid,Aldea Dulce,"C. de Furelos, 3",28050,,,
1889,SEUR,Locker,Privada,Premises,Madrid,28050,Seur Locker Gala Palas De,"C. de Palas de Rey, 30",40.5071875458902,-3.66676910482225,Seur,Lockers,Private,Premises,Madrid,Seur Locker Gala Palas De,"C. de Palas de Rey, 30",28050,,,
1890,SEUR,Convenience Stores,Privada,Premises,Madrid,28050,Estanco Sanchinarro,"C. de Américo Castro, 12",40.494198036144,-3.65594568770731,Seur,Convenience stores,Private,Premises,Madrid,Estanco Sanchinarro,"C. de Américo Castro, 12",28050,,,
1891,SEUR,Locker,Privada,Service Station,Madrid,28050,Seur Locker Shell Las Tab,"Av. de Santo Domingo de la Calzada, 10",40.5084470537791,-3.67878260610332,Seur,Lockers,Private,Service Station,Madrid,Seur Locker Shell Las Tab,"Av. de Santo Domingo de la Calzada, 10",28050,,,
1892,SEUR,Convenience Stores,Privada,Premises,Madrid,28050,Floristeria Mi Locura,"C. de Oña, 115",40.4892256693371,-3.66150363079276,Seur,Convenience stores,Private,Premises,Madrid,Floristeria Mi Locura,"C. de Oña, 115",28050,,,
1893,SEUR,Convenience Stores,Privada,Premises,Madrid,28050,Seur Tipsa Manoteras,"Av. de Manoteras, 22",40.4869904288565,-3.66765042143817,Seur,Convenience stores,Private,Premises,Madrid,Seur Tipsa Manoteras,"Av. de Manoteras, 22",28050,,,
1894,SEUR,Locker,Privada,Premises,Madrid,28050,Seur Locker Manoteras,"Av. de Manoteras, 40",40.4864441577672,-3.66599497767254,Seur,Lockers,Private,Premises,Madrid,Seur Locker Manoteras,"Av. de Manoteras, 40",28050,,,
1895,SEUR,Convenience Stores,Privada,Premises,Madrid,28050,Ronda De La Fortuna Las H,Ronda de la Comunicación SN,40.5138152409533,-3.66438871511838,Seur,Convenience stores,Private,Premises,Madrid,Ronda De La Fortuna Las H,Ronda de la Comunicación SN,28050,,,
1896,SEUR,Locker,Privada,Service Station,Madrid,28050,Seur Locker Galp Sanchina,"Av. de Niceto Alcalá Zamora, 20",40.4941965474968,-3.64813218959761,Seur,Lockers,Private,Service Station,Madrid,Seur Locker Galp Sanchina,"Av. de Niceto Alcalá Zamora, 20",28050,,,
1897,SEUR,Locker,Privada,Premises,Madrid,28051,Seur Locker Autoescuela G,"Av. del Ensanche de Vallecas, 70",40.3646475187563,-3.60193744694235,Seur,Lockers,Private,Premises,Madrid,Seur Locker Autoescuela G,"Av. del Ensanche de Vallecas, 70",28051,,,
1898,SEUR,Convenience Stores,Privada,Premises,Madrid,28051,Merca Oasis,"Av de las Suertes, 98",40.3624932746603,-3.59188827781395,Seur,Convenience stores,Private,Premises,Madrid,Merca Oasis,"Av de las Suertes, 98",28051,,,
1899,SEUR,Convenience Stores,Privada,Premises,Madrid,28051,Risbar,"Calle Baños de Valdearados, 10",40.3680323778755,-3.61098776784882,Seur,Convenience stores,Private,Premises,Madrid,Risbar,"Calle Baños de Valdearados, 10",28051,,,
1900,SEUR,Convenience Stores,Privada,Premises,Madrid,28051,El Yaque Market,"C. de José Tamayo, 17",40.3668494891454,-3.59998109166931,Seur,Convenience stores,Private,Premises,Madrid,El Yaque Market,"C. de José Tamayo, 17",28051,,,
1901,SEUR,Locker,Privada,Mall,Madrid,28051,Seur Locker La Gavia,"C. Adolfo Bioy Casares, 2",40.3711595448143,-3.59844457648025,Seur,Lockers,Private,Mall,Madrid,Seur Locker La Gavia,"C. Adolfo Bioy Casares, 2",28051,,,
1902,SEUR,Locker,Privada,Premises,Madrid,28051,Seur Locker Lara Ensanche,"C. del Barranco del Novillo, 24",40.37117526189,-3.60979271458285,Seur,Lockers,Private,Premises,Madrid,Seur Locker Lara Ensanche,"C. del Barranco del Novillo, 24",28051,,,
1903,SEUR,Locker,Privada,Premises,Madrid,28053,Seur Locker Estanco 807,"C. de la Serena, 25",40.378087513196,-3.66723480348887,Seur,Lockers,Private,Premises,Madrid,Seur Locker Estanco 807,"C. de la Serena, 25",28053,,,
1904,SEUR,Convenience Stores,Privada,Premises,Madrid,28053,Novaestanco,"Av. de las Glorietas, 20",40.3742667232836,-3.66055919304568,Seur,Convenience stores,Private,Premises,Madrid,Novaestanco,"Av. de las Glorietas, 20",28053,,,
1905,SEUR,Locker,Privada,Mall,Madrid,28053,Seur Locker Mercado Entre,"C. Campiña, 5",40.3787397254298,-3.6694675403469,Seur,Lockers,Private,Mall,Madrid,Seur Locker Mercado Entre,"C. Campiña, 5",28053,,,
1906,SEUR,Convenience Stores,Privada,Premises,Madrid,28053,Modas Alicia,"C. Campiña, 4",40.37957866144,-3.67097500326071,Seur,Convenience stores,Private,Premises,Madrid,Modas Alicia,"C. Campiña, 4",28053,,,
1907,SEUR,Convenience Stores,Privada,Premises,Madrid,28053,Locutorio Chimborazo,"C. Sierra de Contraviesa, 25",40.3835431590102,-3.67106739312715,Seur,Convenience stores,Private,Premises,Madrid,Locutorio Chimborazo,"C. Sierra de Contraviesa, 25",28053,,,
1908,SEUR,Locker,Privada,Premises,Madrid,28053,Seur Locker Locutorio Min,"C. de Sta. Alicia, 23",40.3871098681172,-3.66605931241158,Seur,Lockers,Private,Premises,Madrid,Seur Locker Locutorio Min,"C. de Sta. Alicia, 23",28053,,,
1909,SEUR,Locker,Privada,Premises,Madrid,28053,Seur Locker Europhil Puer,"C. del Puerto de Arlabán, 44",40.3867128571486,-3.66741486770991,Seur,Lockers,Private,Premises,Madrid,Seur Locker Europhil Puer,"C. del Puerto de Arlabán, 44",28053,,,
1910,SEUR,Convenience Stores,Privada,Premises,Madrid,28053,Alimentacion Y De Todo,"Av del Monte Igueldo, 108",40.3905859370125,-3.67109341720228,Seur,Convenience stores,Private,Premises,Madrid,Alimentacion Y De Todo,"Av del Monte Igueldo, 108",28053,,,
1911,SEUR,Convenience Stores,Privada,Premises,Madrid,28053,Modas Martinez Monte Igue,"Av del Monte Igueldo, 26",40.3959107054099,-3.66887769595876,Seur,Convenience stores,Private,Premises,Madrid,Modas Martinez Monte Igue,"Av del Monte Igueldo, 26",28053,,,
1912,SEUR,Convenience Stores,Privada,Premises,Madrid,28054,Cristaleria Onix,"Av. de la Peseta, 84",40.3620427399601,-3.75203014232695,Seur,Convenience stores,Private,Premises,Madrid,Cristaleria Onix,"Av. de la Peseta, 84",28054,,,
1913,SEUR,Locker,Privada,Supermarket,Madrid,28054,Seur Locker Lidl Isla Az,"C. de la Calderilla, 1",40.3639393200566,-3.73753355715427,Seur,Lockers,Private,Supermarket,Madrid,Seur Locker Lidl Isla Az,"C. de la Calderilla, 1",28054,,,
1914,SEUR,Locker,Privada,Mall,Madrid,28054,Seur Locker Cc Isla Azul,"C. de la Calderilla, 1",40.3639393200566,-3.73753355715427,Seur,Lockers,Private,Mall,Madrid,Seur Locker Cc Isla Azul,"C. de la Calderilla, 1",28054,,,
1915,SEUR,Convenience Stores,Privada,Premises,Madrid,28055,E-Lentillas Global Sl.,"C. de Gustavo Pérez Puig, 67",40.4902809247229,-3.60679942807567,Seur,Convenience stores,Private,Premises,Madrid,E-Lentillas Global Sl.,"C. de Gustavo Pérez Puig, 67",28055,,,
1916,SEUR,Convenience Stores,Privada,Premises,Madrid,28055,Farmacia Vitalis,"C. de César Cort Botí, 16",40.4968646221961,-3.61211823494835,Seur,Convenience stores,Private,Premises,Madrid,Farmacia Vitalis,"C. de César Cort Botí, 16",28055,,,
1917,SEUR,Convenience Stores,Privada,Premises,Madrid,28055,Seur Tipsa Valdebebas,"C. Cacabelos, 1",40.4826398670979,-3.63591942340269,Seur,Convenience stores,Private,Premises,Madrid,Seur Tipsa Valdebebas,"C. Cacabelos, 1",28055,,,
1918,Dhl,Lsp Pudos,Privada,Premises,Madrid,28001,Dhl Express Center Nuñez De Balboa,"Calle de Núñez de Balboa, 19",40.4236402950142,-3.6831247518619,DHL,LSP PUDOs,Private,Premises,Madrid,Dhl Express Center Nuñez De Balboa,"Calle de Núñez de Balboa, 19",28001,,,
1919,Dhl,Convenience Stores,Privada,Premises,Madrid,28001,La Capital Del Movil,"Calle del Gral. Pardiñas, 3",40.4239874559126,-3.67884419560878,DHL,Convenience stores,Private,Premises,Madrid,La Capital Del Movil,"Calle del Gral. Pardiñas, 3",28001,,,
1920,Dhl,Convenience Stores,Privada,Premises,Madrid,28001,Estanco Florida,"Calle del Gral. Pardiñas, 64",40.4297616052095,-3.67791202619587,DHL,Convenience stores,Private,Premises,Madrid,Estanco Florida,"Calle del Gral. Pardiñas, 64",28001,,,
1921,Dhl,Convenience Stores,Privada,Premises,Madrid,28002,Abp Comunicaciones,"Intercambiador de Avenida de América, Nivel -3",40.4387652179482,-3.67603864797963,DHL,Convenience stores,Private,Premises,Madrid,Abp Comunicaciones,"Intercambiador de Avenida de América, Nivel -3",28002,,,
1922,Dhl,Convenience Stores,Privada,Premises,Madrid,28002,Mdc Eventos Y Viajes,"C. de Mantuano, 4",40.4451273432729,-3.67403210550633,DHL,Convenience stores,Private,Premises,Madrid,Mdc Eventos Y Viajes,"C. de Mantuano, 4",28002,,,
1923,Dhl,Convenience Stores,Privada,Premises,Madrid,28004,Madplug,"C. de Valverde, 35",40.4231931938322,-3.70185753952791,DHL,Convenience stores,Private,Premises,Madrid,Madplug,"C. de Valverde, 35",28004,,,
1924,Dhl,Convenience Stores,Privada,Premises,Madrid,28005,Vapstore La Latina,"Pl. de Cascorro, 8",40.4104166875335,-3.70701060792693,DHL,Convenience stores,Private,Premises,Madrid,Vapstore La Latina,"Pl. de Cascorro, 8",28005,,,
1925,Dhl,Convenience Stores,Privada,Premises,Madrid,28005,Papeleria La Latina,"C. del Humilladero, 4",40.4113884327401,-3.71073593767513,DHL,Convenience stores,Private,Premises,Madrid,Papeleria La Latina,"C. del Humilladero, 4",28005,,,
1926,Dhl,Convenience Stores,Privada,Premises,Madrid,28005,Carlin Acacias,"C/ de la Ribera de Curtidores, 45",40.4047855762406,-3.70638455788502,DHL,Convenience stores,Private,Premises,Madrid,Carlin Acacias,"C/ de la Ribera de Curtidores, 45",28005,,,
1927,Dhl,Convenience Stores,Privada,Premises,Madrid,28005,Estanco Arquitectura,"C. de la Arquitectura, 6",40.4004219008668,-3.70290394706832,DHL,Convenience stores,Private,Premises,Madrid,Estanco Arquitectura,"C. de la Arquitectura, 6",28005,,,
1928,Dhl,Convenience Stores,Privada,Premises,Madrid,28005,Digiteco Ii,"Calle de Santa Casilda, 3",40.4052777363844,-3.71382817740197,DHL,Convenience stores,Private,Premises,Madrid,Digiteco Ii,"Calle de Santa Casilda, 3",28005,,,
1929,Dhl,Convenience Stores,Privada,Premises,Madrid,28005,Servipronto-Ferreteria San Isidro,"P.o de los Melancólicos, 41",40.4051355990321,-3.72041377827932,DHL,Convenience stores,Private,Premises,Madrid,Servipronto-Ferreteria San Isidro,"P.º de los Melancólicos, 41",28005,,,
1930,Dhl,Lsp Pudos,Privada,Premises,Madrid,28006,Punto De Venta Dhl Express,"Calle de María de Molina, 40",40.4376138671377,-3.68269747079822,DHL,LSP PUDOs,Private,Premises,Madrid,Punto De Venta Dhl Express,"Calle de María de Molina, 40",28006,,,
1931,Dhl,Convenience Stores,Privada,Premises,Madrid,28006,Chevere Cargo,"Cl. de Ayala, 144",40.4271807842012,-3.67184756606858,DHL,Convenience stores,Private,Premises,Madrid,Chevere Cargo,"Cl. de Ayala, 144",28006,,,
1932,Dhl,Lsp Pudos,Privada,Premises,Madrid,28006,Dhl Express Center Maria De Molina,"Calle de María de Molina, 1",40.4382870291456,-3.68993160887872,DHL,LSP PUDOs,Private,Premises,Madrid,Dhl Express Center Maria De Molina,"Calle de María de Molina, 1",28006,,,
1933,Dhl,Lsp Pudos,Privada,Premises,Madrid,28006,Punto De Venta Dhl Express,"C/ Conde De Penalver, C. de José Ortega y Gasset, 51",40.4303147583962,-3.67714039806737,DHL,LSP PUDOs,Private,Premises,Madrid,Punto De Venta Dhl Express,"C/ Conde De Penalver, C. de José Ortega y Gasset, 51",28006,,,
1934,Dhl,Convenience Stores,Privada,Premises,Madrid,28007,Digiteco I,"C. del Dr. Esquerdo, 148",40.4042711119965,-3.67261595155095,DHL,Convenience stores,Private,Premises,Madrid,Digiteco I,"C. del Dr. Esquerdo, 148",28007,,,
1935,Dhl,Convenience Stores,Privada,Premises,Madrid,28007,Librería Papeleria Ayvar.Com,"C/ de la Estrella Polar, 28",40.4111014459412,-3.66456038922769,DHL,Convenience stores,Private,Premises,Madrid,Librería Papeleria Ayvar.Com,"C/ de la Estrella Polar, 28",28007,,,
1936,Dhl,Convenience Stores,Privada,Premises,Madrid,28007,Copyart,"C. de Granada, 10",40.4050786496665,-3.67995835092447,DHL,Convenience stores,Private,Premises,Madrid,Copyart,"C. de Granada, 10",28007,,,
1937,Dhl,Lsp Pudos,Privada,Premises,Madrid,28007,Punto De Venta Dhl Express,"Av. de la Ciudad de Barcelona, 21",40.4047687943098,-3.6813449864935,DHL,LSP PUDOs,Private,Premises,Madrid,Punto De Venta Dhl Express,"Av. de la Ciudad de Barcelona, 21",28007,,,
1938,Dhl,Convenience Stores,Privada,Supermarket,Madrid,28008,Supermarket E.M,"P.o de la Florida, 23",40.4220776643788,-3.72238099703684,DHL,Convenience stores,Private,Supermarket,Madrid,Supermarket E.M,"P.º de la Florida, 23",28008,,,
1939,Dhl,Convenience Stores,Privada,Premises,Madrid,28008,Mobile Centre,"Calle de la Princesa, 3",40.4252454936977,-3.71338141858988,DHL,Convenience stores,Private,Premises,Madrid,Mobile Centre,"Calle de la Princesa, 3",28008,,,
1940,Dhl,Convenience Stores,Privada,Premises,Madrid,28009,Ferreteria Ortiz,"C. de Narváez, 47",40.4192316761437,-3.67574359031629,DHL,Convenience stores,Private,Premises,Madrid,Ferreteria Ortiz,"C. de Narváez, 47",28009,,,
1941,Dhl,Convenience Stores,Privada,Premises,Madrid,28009,Atelier El Retiro,"Pl. del Niño Jesús, 2",40.4117192608799,-3.67526000664697,DHL,Convenience stores,Private,Premises,Madrid,Atelier El Retiro,"Pl. del Niño Jesús, 2",28009,,,
1942,Dhl,Convenience Stores,Privada,Premises,Madrid,28010,Directo De España,"C. del Cardenal Cisneros, 75",40.4357482844773,-3.70329123011112,DHL,Convenience stores,Private,Premises,Madrid,Directo De España,"C. del Cardenal Cisneros, 75",28010,,,
1943,Dhl,Convenience Stores,Privada,Premises,Madrid,28011,Estanco Batan Metro,"C. de Villamanín, 33",40.4069030320368,-3.75249857777237,DHL,Convenience stores,Private,Premises,Madrid,Estanco Batan Metro,"C. de Villamanín, 33",28011,,,
1944,Dhl,Convenience Stores,Privada,Premises,Madrid,28011,Envios Ing,"C. de Villavaliente, 3",40.4067922312611,-3.7494112952833,DHL,Convenience stores,Private,Premises,Madrid,Envios Ing,"C. de Villavaliente, 3",28011,,,
1945,Dhl,Convenience Stores,Privada,Premises,Madrid,28011,Smart Mobile,"P.o de Extremadura, 154",40.4104228768085,-3.73870231755492,DHL,Convenience stores,Private,Premises,Madrid,Smart Mobile,"P.º de Extremadura, 154",28011,,,
1946,Dhl,Convenience Stores,Privada,Premises,Madrid,28011,Mundo Movil,"C. de Cebreros, 12",40.405298726487,-3.7425368548108,DHL,Convenience stores,Private,Premises,Madrid,Mundo Movil,"C. de Cebreros, 12",28011,,,
1947,Dhl,Convenience Stores,Privada,Premises,Madrid,28011,Mundo Movil Ii,"C. de Caramuel, 5",40.4135863296243,-3.726953717439,DHL,Convenience stores,Private,Premises,Madrid,Mundo Movil Ii,"C. de Caramuel, 5",28011,,,
1948,Dhl,Convenience Stores,Privada,Premises,Madrid,28012,Punto De Venta Dhl Express (Folder),"Pl. del Ángel, 16",40.4145979994016,-3.7028140884236,DHL,Convenience stores,Private,Premises,Madrid,Punto De Venta Dhl Express (Folder),"Pl. del Ángel, 16",28012,,,
1949,Dhl,Convenience Stores,Privada,Premises,Madrid,28012,Carlin Ronda De Valencia,"Rda. de Valencia, 16",40.4061151696387,-3.70168964393316,DHL,Convenience stores,Private,Premises,Madrid,Carlin Ronda De Valencia,"Rda. de Valencia, 16",28012,,,
1950,Dhl,Convenience Stores,Privada,Premises,Madrid,28013,Pharma La Font,"C. de las Fuentes, 7",40.4173522247255,-3.70869893333478,DHL,Convenience stores,Private,Premises,Madrid,Pharma La Font,"C. de las Fuentes, 7",28013,,,
1951,Dhl,Lsp Pudos,Privada,Premises,Madrid,28015,Punto De Venta Dhl Express,"C/ Alberto Aguilera, Gta. de Ruiz Giménez, 1",40.4295270210688,-3.70618348157881,DHL,LSP PUDOs,Private,Premises,Madrid,Punto De Venta Dhl Express,"C/ Alberto Aguilera, Gta. de Ruiz Giménez, 1",28015,,,
1952,Dhl,Convenience Stores,Privada,Premises,Madrid,28015,De Buenas Tinta Chamberi,"C. de Fernández de los Ríos, 77",40.4354392643998,-3.71156619308435,DHL,Convenience stores,Private,Premises,Madrid,De Buenas Tinta Chamberi,"C. de Fernández de los Ríos, 77",28015,,,
1953,Dhl,Convenience Stores,Privada,Premises,Madrid,28015,Marjane,"C. de San Bernardo, 10",40.4221711651851,-3.70758460440873,DHL,Convenience stores,Private,Premises,Madrid,Marjane,"C. de San Bernardo, 10",28015,,,
1954,Dhl,Convenience Stores,Privada,Premises,Madrid,28016,Ayb Print Works Media Image,"Av. de Alberto de Alcocer, 48",40.4585650103956,-3.67934658077148,DHL,Convenience stores,Private,Premises,Madrid,Ayb Print Works Media Image,"Av. de Alberto de Alcocer, 48",28016,,,
1955,Dhl,Convenience Stores,Privada,Premises,Madrid,28016,Estanco 869 Madrid,"C. de la Infanta María Teresa, 8",40.4543919756383,-3.68125633769341,DHL,Convenience stores,Private,Premises,Madrid,Estanco 869 Madrid,"C. de la Infanta María Teresa, 8",28016,,,
1956,Dhl,Convenience Stores,Privada,Premises,Madrid,28017,Gm Montons,"Av. del Marqués de Corbera, 62",40.4276107766007,-3.64945925237422,DHL,Convenience stores,Private,Premises,Madrid,Gm Montons,"Av. del Marqués de Corbera, 62",28017,,,
1957,Dhl,Convenience Stores,Privada,Premises,Madrid,28017,Ciber Carola,"C. de Gutierre de Cetina, 6",40.4342671326732,-3.64478676270483,DHL,Convenience stores,Private,Premises,Madrid,Ciber Carola,"C. de Gutierre de Cetina, 6",28017,,,
1958,Dhl,Convenience Stores,Privada,Premises,Madrid,28017,Arcobaleno Libros,"C. de Santiago de Masarnau, 4",40.4307599656275,-3.65910896798778,DHL,Convenience stores,Private,Premises,Madrid,Arcobaleno Libros,"C. de Santiago de Masarnau, 4",28017,,,
1959,Dhl,Convenience Stores,Privada,Premises,Madrid,28018,Estanco 712 Humos Madrid,"C. del Puerto de Balbarán, 43",40.3824311152647,-3.66809283205558,DHL,Convenience stores,Private,Premises,Madrid,Estanco 712 Humos Madrid,"C. del Puerto de Balbarán, 43",28018,,,
1960,Dhl,Convenience Stores,Privada,Premises,Madrid,28019,Estanco 562 Mad,"C. del Radio, 18",40.3925691775754,-3.72289594755641,DHL,Convenience stores,Private,Premises,Madrid,Estanco 562 Mad,"C. del Radio, 18",28019,,,
1961,Dhl,Convenience Stores,Privada,Premises,Madrid,28019,Estanco Madrid 385,"C. Inmaculada Concepción, 45",40.3913418307238,-3.71238173608255,DHL,Convenience stores,Private,Premises,Madrid,Estanco Madrid 385,"C. Inmaculada Concepción, 45",28019,,,
1962,Dhl,Convenience Stores,Privada,Premises,Madrid,28019,Cool Madrid,"Calle de Antonio López, 59",40.3948760625485,-3.70882304921318,DHL,Convenience stores,Private,Premises,Madrid,Cool Madrid,"Calle de Antonio López, 59",28019,,,
1963,Dhl,Lsp Pudos,Privada,Premises,Madrid,28020,Dhl Express Center General Peron,"Av. del General Perón, 32",40.4522579345725,-3.69423441570742,DHL,LSP PUDOs,Private,Premises,Madrid,Dhl Express Center General Peron,"Av. del General Perón, 32",28020,,,
1964,Dhl,Convenience Stores,Privada,Premises,Madrid,28020,Carlin Reina Mercedes,"C. del Aviador Zorita, 49",40.4521635388003,-3.69840727837711,DHL,Convenience stores,Private,Premises,Madrid,Carlin Reina Mercedes,"C. del Aviador Zorita, 49",28020,,,
1965,Dhl,Convenience Stores,Privada,Premises,Madrid,28020,Tecno 3,"C. de Hernani, 3",40.4485943348456,-3.70328000968335,DHL,Convenience stores,Private,Premises,Madrid,Tecno 3,"C. de Hernani, 3",28020,,,
1966,Dhl,Convenience Stores,Privada,Premises,Madrid,28021,Locutorio Cibao 2,"Av. Real de Pinto, 32",40.3460024594333,-3.7064091150574,DHL,Convenience stores,Private,Premises,Madrid,Locutorio Cibao 2,"Av. Real de Pinto, 32",28021,,,
1967,Dhl,Convenience Stores,Privada,Premises,Madrid,28021,Betania Libreria Y Papeleria,"C. de San Aureliano, 3",40.3431003598833,-3.71530139886877,DHL,Convenience stores,Private,Premises,Madrid,Betania Libreria Y Papeleria,"C. de San Aureliano, 3",28021,,,
1968,Dhl,Convenience Stores,Privada,Premises,Madrid,28021,Fundiland,"Calle Estefanita, 5",40.3467010622142,-3.67515695623037,DHL,Convenience stores,Private,Premises,Madrid,Fundiland,"Calle Estefanita, 5",28021,,,
1969,Dhl,Convenience Stores,Privada,Premises,Madrid,28022,Remesas Golden Express,"C. de Alcalá, 662",40.4493381676366,-3.6075818599037,DHL,Convenience stores,Private,Premises,Madrid,Remesas Golden Express,"C. de Alcalá, 662",28022,,,
1970,Dhl,Convenience Stores,Privada,Premises,Madrid,28022,Papeleria Fotografia Odin,"C. de Sofía, 56",40.4284145579468,-3.60117200936518,DHL,Convenience stores,Private,Premises,Madrid,Papeleria Fotografia Odin,"C. de Sofía, 56",28022,,,
1971,Dhl,Convenience Stores,Privada,Premises,Madrid,28022,Locutorio Golden Express,"C. del Néctar, 41",40.4430545190161,-3.61126687997892,DHL,Convenience stores,Private,Premises,Madrid,Locutorio Golden Express,"C. del Néctar, 41",28022,,,
1972,Dhl,Convenience Stores,Privada,Premises,Madrid,28022,Rmc Servicios,"C. de Nicolasa Gómez, 72",40.4396015699477,-3.61238365445545,DHL,Convenience stores,Private,Premises,Madrid,Rmc Servicios,"C. de Nicolasa Gómez, 72",28022,,,
1973,Dhl,Convenience Stores,Privada,Premises,Madrid,28022,Casa Cuadro,"Av. de Niza, 5",40.4261850774916,-3.60622646020045,DHL,Convenience stores,Private,Premises,Madrid,Casa Cuadro,"Av. de Niza, 5",28022,,,
1974,Dhl,Convenience Stores,Privada,Premises,Madrid,28022,Papeleria & Hobby,"C. de Suecia, 21",40.4233680144933,-3.60675934680565,DHL,Convenience stores,Private,Premises,Madrid,Papeleria & Hobby,"C. de Suecia, 21",28022,,,
1975,Dhl,Convenience Stores,Privada,Premises,Madrid,28023,Carlin Pozuelo,"Av. de Europa, 27",40.4450122660762,-3.78688964968539,DHL,Convenience stores,Private,Premises,Madrid,Carlin Pozuelo,"Av. de Europa, 27",28023,,,
1976,Dhl,Convenience Stores,Privada,Premises,Madrid,28024,Smart Mobile Ii,"C. de Illescas, 91",40.3947814966106,-3.76260307019015,DHL,Convenience stores,Private,Premises,Madrid,Smart Mobile Ii,"C. de Illescas, 91",28024,,,
1977,Dhl,Convenience Stores,Privada,Premises,Madrid,28024,Lempira Hn Locutorio,"C. de Quero, 13",40.392370246787,-3.76061670327108,DHL,Convenience stores,Private,Premises,Madrid,Lempira Hn Locutorio,"C. de Quero, 13",28024,,,
1978,Dhl,Convenience Stores,Privada,Premises,Madrid,28025,Yorkie Mascotas,C. de Alfonso Martínez Conde S/N,40.3810944723963,-3.72967917143825,DHL,Convenience stores,Private,Premises,Madrid,Yorkie Mascotas,C. de Alfonso Martínez Conde S/N,28025,,,
1979,Dhl,Convenience Stores,Privada,Premises,Madrid,28025,Agencia De Viajes Zafiro Tours M...,"C. de Álvarez Abellán, 30",40.3837676231,-3.73055283583,DHL,Convenience stores,Private,Premises,Madrid,Agencia De Viajes Zafiro Tours M…,"C. de Álvarez Abellán, 30",28025,,,
1980,Dhl,Convenience Stores,Privada,Premises,Madrid,28025,Master Ocio,"C. de Eugenia de Montijo, 63",40.3783623097115,-3.7481713129368,DHL,Convenience stores,Private,Premises,Madrid,Master Ocio,"C. de Eugenia de Montijo, 63",28025,,,
1981,Dhl,Convenience Stores,Privada,Premises,Madrid,28025,Manati Tours Hn S.L,"C. Avecilla, 5",40.3895572048275,-3.73660042650975,DHL,Convenience stores,Private,Premises,Madrid,Manati Tours Hn S.L,"C. Avecilla, 5",28025,,,
1982,Dhl,Convenience Stores,Privada,Premises,Madrid,28025,Tizas 91,"Av. de Ntra. Sra. de Valvanera, 91",40.3913874728627,-3.73764217925556,DHL,Convenience stores,Private,Premises,Madrid,Tizas 91,"Av. de Ntra. Sra. de Valvanera, 91",28025,,,
1983,Dhl,Convenience Stores,Privada,Premises,Madrid,28026,Viajes Arenas Ii,"C. de Marcelo Usera, 34",40.3869906155857,-3.70194165361846,DHL,Convenience stores,Private,Premises,Madrid,Viajes Arenas Ii,"C. de Marcelo Usera, 34",28026,,,
1984,Dhl,Convenience Stores,Privada,Premises,Madrid,28027,Workme,"C. de José del Hierro, 52",40.44039645638,-3.64366023254971,DHL,Convenience stores,Private,Premises,Madrid,Workme,"C. de José del Hierro, 52",28027,,,
1985,Dhl,Convenience Stores,Privada,Premises,Madrid,28027,Workme Ii,"C. de Aristóteles, 5",40.4430444105495,-3.65162818644851,DHL,Convenience stores,Private,Premises,Madrid,Workme Ii,"C. de Aristóteles, 5",28027,,,
1986,Dhl,Convenience Stores,Privada,Premises,Madrid,28027,Denver75,"C. de Alcalá, 311",40.433095364357,-3.65193178584822,DHL,Convenience stores,Private,Premises,Madrid,Denver75,"C. de Alcalá, 311",28027,,,
1987,Dhl,Convenience Stores,Privada,Premises,Madrid,28027,Reparacion De Moviles,"C. de Virgen de Lluc, 6",40.4346803283588,-3.65508040106815,DHL,Convenience stores,Private,Premises,Madrid,Reparacion De Moviles,"C. de Virgen de Lluc, 6",28027,,,
1988,Dhl,Convenience Stores,Privada,Premises,Madrid,28028,Bazar De Buena Tinta,"C/ de Francisco Silvela, 20",40.4314972442429,-3.67109417838632,DHL,Convenience stores,Private,Premises,Madrid,Bazar De Buena Tinta,"C/ de Francisco Silvela, 20",28028,,,
1989,Dhl,Convenience Stores,Privada,Premises,Madrid,28028,Copi Pc,"P.o del Marqués de Zafra, 23",40.4264604530513,-3.66571139795676,DHL,Convenience stores,Private,Premises,Madrid,Copi Pc,"P.º del Marqués de Zafra, 23",28028,,,
1990,Dhl,Convenience Stores,Privada,Premises,Madrid,28029,La Tienduca De Oscar,"C. de Melchor Fernández Almagro, 62",40.4765902482535,-3.7071862536287,DHL,Convenience stores,Private,Premises,Madrid,La Tienduca De Oscar,"C. de Melchor Fernández Almagro, 62",28029,,,
1991,Dhl,Convenience Stores,Privada,Premises,Madrid,28029,Envios Masivo,"C. de Álvarez, 19",40.471150531553,-3.70001556637912,DHL,Convenience stores,Private,Premises,Madrid,Envios Masivo,"C. de Álvarez, 19",28029,,,
1992,Dhl,Convenience Stores,Privada,Premises,Madrid,28029,La Guarida De Harley,"Av. de Monforte de Lemos, 169",40.4771007973944,-3.7151970345601,DHL,Convenience stores,Private,Premises,Madrid,La Guarida De Harley,"Av. de Monforte de Lemos, 169",28029,,,
1993,Dhl,Convenience Stores,Privada,Premises,Madrid,28030,Vichen,"C. de la Marroquina, 42",40.4081357710146,-3.64762255260272,DHL,Convenience stores,Private,Premises,Madrid,Vichen,"C. de la Marroquina, 42",28030,,,
1994,Dhl,Convenience Stores,Privada,Premises,Madrid,28030,La Perla Servicios Moratalaz,"C. del Corregidor Alonso de Tobar, 2",40.4032622311894,-3.64869181745823,DHL,Convenience stores,Private,Premises,Madrid,La Perla Servicios Moratalaz,"C. del Corregidor Alonso de Tobar, 2",28030,,,
1995,Dhl,Convenience Stores,Privada,Premises,Madrid,28031,Estanco De Santa Eugenia,"C. Virgen de las Viñas, 16",40.381204822757,-3.60719073982476,DHL,Convenience stores,Private,Premises,Madrid,Estanco De Santa Eugenia,"C. Virgen de las Viñas, 16",28031,,,
1996,Dhl,Convenience Stores,Privada,Premises,Madrid,28031,Informatica The Pc Room,"Cam. de la Suerte, 40",40.3758030995863,-3.61711536190293,DHL,Convenience stores,Private,Premises,Madrid,Informatica The Pc Room,"Cam. de la Suerte, 40",28031,,,
1997,Dhl,Convenience Stores,Privada,Premises,Madrid,28031,Alfa,"Pl. Sierra de Ayllón, 3",40.3787372701277,-3.62305987284019,DHL,Convenience stores,Private,Premises,Madrid,Alfa,"Pl. Sierra de Ayllón, 3",28031,,,
1998,Dhl,Convenience Stores,Privada,Premises,Madrid,28032,Libros De Arena,"C/ de Capri, 15",40.418659757403,-3.61985013920193,DHL,Convenience stores,Private,Premises,Madrid,Libros De Arena,"C/ de Capri, 15",28032,,,
1999,Dhl,Convenience Stores,Privada,Premises,Madrid,28032,Videomania-Mrmicro Ordenadores,"C. de la Raya, 13",40.4015611014351,-3.62226012860526,DHL,Convenience stores,Private,Premises,Madrid,Videomania-Mrmicro Ordenadores,"C. de la Raya, 13",28032,,,
2000,Dhl,Convenience Stores,Privada,Premises,Madrid,28032,Mioptico Shitu,"C. de Minerva, 137",40.3957306738438,-3.60678261727462,DHL,Convenience stores,Private,Premises,Madrid,Mioptico Shitu,"C. de Minerva, 137",28032,,,
2001,Dhl,Convenience Stores,Privada,Premises,Madrid,28033,Locutorio Y Paqueteria Darell,"C. de la Costa del Sol, 15",40.4735240600562,-3.65266402008638,DHL,Convenience stores,Private,Premises,Madrid,Locutorio Y Paqueteria Darell,"C. de la Costa del Sol, 15",28033,,,
2002,Dhl,Convenience Stores,Privada,Premises,Madrid,28033,Libreria Papeleria Sanchez,"C. de las Cuevas de Almanzora, 22",40.4775580828473,-3.65830046372358,DHL,Convenience stores,Private,Premises,Madrid,Libreria Papeleria Sanchez,"C. de las Cuevas de Almanzora, 22",28033,,,
2003,Dhl,Convenience Stores,Privada,Premises,Madrid,28033,Ferreteria Dominguez,"C. del Mar Caspio, 7",40.4740667592828,-3.64747976025954,DHL,Convenience stores,Private,Premises,Madrid,Ferreteria Dominguez,"C. del Mar Caspio, 7",28033,,,
2004,Dhl,Convenience Stores,Privada,Premises,Madrid,28033,Estanco Alonso,"C. Guaimaral, 5",40.4747027924789,-3.63724365985501,DHL,Convenience stores,Private,Premises,Madrid,Estanco Alonso,"C. Guaimaral, 5",28033,,,
2005,Dhl,Convenience Stores,Privada,Premises,Madrid,28034,Telotengo,"C. de Marcos de Orueta, 3",40.4847529855168,-3.68575912925723,DHL,Convenience stores,Private,Premises,Madrid,Telotengo,"C. de Marcos de Orueta, 3",28034,,,
2006,Dhl,Convenience Stores,Privada,Premises,Madrid,28035,Expendeduría 742,"Calle de la, C. Isla de Tavira, 30",40.4814653223155,-3.71931047545988,DHL,Convenience stores,Private,Premises,Madrid,Expendeduría 742,"Calle de la, C. Isla de Tavira, 30",28035,,,
2007,Dhl,Convenience Stores,Privada,Premises,Madrid,28037,Agh Fotodigital,"C. de la Virgen de la Oliva, 2",40.430618203729,-3.62627081418029,DHL,Convenience stores,Private,Premises,Madrid,Agh Fotodigital,"C. de la Virgen de la Oliva, 2",28037,,,
2008,Dhl,Convenience Stores,Privada,Premises,Madrid,28037,Multiservicios Amposta,"C. de Amposta, 5",40.4275164463387,-3.62192268989441,DHL,Convenience stores,Private,Premises,Madrid,Multiservicios Amposta,"C. de Amposta, 5",28037,,,
2009,Dhl,Convenience Stores,Privada,Premises,Madrid,28037,Copy41,"C. de los Hermanos García Noblejas, 41",40.432046849374,-3.63296310006585,DHL,Convenience stores,Private,Premises,Madrid,Copy41,"C. de los Hermanos García Noblejas, 41",28037,,,
2010,Dhl,Convenience Stores,Privada,Premises,Madrid,28038,Infrilux,"Av. de la Albufera, 98",40.3943528434647,-3.661793160429,DHL,Convenience stores,Private,Premises,Madrid,Infrilux,"Av. de la Albufera, 98",28038,,,
2011,Dhl,Convenience Stores,Privada,Premises,Madrid,28039,Lanas Adriana,"C. de Artajona, 43",40.4654294801158,-3.71772553524095,DHL,Convenience stores,Private,Premises,Madrid,Lanas Adriana,"C. de Artajona, 43",28039,,,
2012,Dhl,Convenience Stores,Privada,Premises,Madrid,28039,Viajes Davitour,"C. Fulgencio de Miguel, 5",40.4553478172736,-3.70326606511182,DHL,Convenience stores,Private,Premises,Madrid,Viajes Davitour,"C. Fulgencio de Miguel, 5",28039,,,
2013,Dhl,Convenience Stores,Privada,Premises,Madrid,28039,Asap,"C. de Francos Rodríguez, 6",40.4548284461714,-3.70324616448004,DHL,Convenience stores,Private,Premises,Madrid,Asap,"C. de Francos Rodríguez, 6",28039,,,
2014,Dhl,Convenience Stores,Privada,Premises,Madrid,28039,Kurama,"C. de Valderrodrigo, 45",40.4701959045967,-3.71887580663798,DHL,Convenience stores,Private,Premises,Madrid,Kurama,"C. de Valderrodrigo, 45",28039,,,
2015,Dhl,Convenience Stores,Privada,Premises,Madrid,28041,Recarga - Aki,"C. de la Estafeta, 22",40.3729925403896,-3.69256591830282,DHL,Convenience stores,Private,Premises,Madrid,Recarga - Aki,"C. de la Estafeta, 22",28041,,,
2016,Dhl,Convenience Stores,Privada,Premises,Madrid,28041,Locutorio M&S,"Av. de la Verbena de la Paloma, 23",40.3585717419592,-3.69584324315753,DHL,Convenience stores,Private,Premises,Madrid,Locutorio M&S,"Av. de la Verbena de la Paloma, 23",28041,,,
2017,Dhl,Convenience Stores,Privada,Premises,Madrid,28041,Expofotshop,"Av. de Orovilla, 46",40.360604100134,-3.68999048670517,DHL,Convenience stores,Private,Premises,Madrid,Expofotshop,"Av. de Orovilla, 46",28041,,,
2018,Dhl,Convenience Stores,Privada,Premises,Madrid,28041,Infrilux Iii,"C. de la del Manojo de Rosas, 60",40.3567829311463,-3.69724932751486,DHL,Convenience stores,Private,Premises,Madrid,Infrilux Iii,"C. de la del Manojo de Rosas, 60",28041,,,
2019,Dhl,Convenience Stores,Privada,Premises,Madrid,28041,Mac Rapid,"C/ de Eduardo Barreiros, 151",40.3512083286458,-3.7041621436065,DHL,Convenience stores,Private,Premises,Madrid,Mac Rapid,"C/ de Eduardo Barreiros, 151",28041,,,
2020,Dhl,Convenience Stores,Privada,Premises,Madrid,28041,Locutorio Lym,"C. de la Vírgen de los Desamparados, 30",40.350012522184,-3.70038029483534,DHL,Convenience stores,Private,Premises,Madrid,Locutorio Lym,"C. de la Vírgen de los Desamparados, 30",28041,,,
2021,Dhl,Lsp Pudos,Privada,Premises,Madrid,28042,Dhl Express Center C.C.Aerea Mad,Parcela 1.2B Nave WFS 1a planta,40.4551605151237,-3.57794126144081,DHL,LSP PUDOs,Private,Premises,Madrid,Dhl Express Center C.C.Aerea Mad,Parcela 1.2B Nave WFS 1a planta,28042,,,
2022,Dhl,Convenience Stores,Privada,Premises,Madrid,28042,Copygor,"C. de La Rioja, 17",40.4586991416618,-3.58714919467134,DHL,Convenience stores,Private,Premises,Madrid,Copygor,"C. de La Rioja, 17",28042,,,
2023,Dhl,Convenience Stores,Privada,Premises,Madrid,28042,Alfil Libreria Papeleria,"Av. de Cantabria, 17",40.4549971701606,-3.58816455402752,DHL,Convenience stores,Private,Premises,Madrid,Alfil Libreria Papeleria,"Av. de Cantabria, 17",28042,,,
2024,Dhl,Convenience Stores,Privada,Premises,Madrid,28043,Lhstore,"C. de Agustín Calvo, 26",40.4643929558767,-3.64903190918637,DHL,Convenience stores,Private,Premises,Madrid,Lhstore,"C. de Agustín Calvo, 26",28043,,,
2025,Dhl,Convenience Stores,Privada,Premises,Madrid,28043,Color Y Uñas,"C. Emigrantes, 13",40.4678735232965,-3.63798213501454,DHL,Convenience stores,Private,Premises,Madrid,Color Y Uñas,"C. Emigrantes, 13",28043,,,
2026,Dhl,Convenience Stores,Privada,Premises,Madrid,28044,Ciber Space,"C. de Valle Inclán, 40",40.3798599233365,-3.77286246828935,DHL,Convenience stores,Private,Premises,Madrid,Ciber Space,"C. de Valle Inclán, 40",28044,,,
2027,Dhl,Convenience Stores,Privada,Premises,Madrid,28044,Pinturas Aluche Multiservicios,"C. de Blas Cabrera, 137",40.3782820102682,-3.76686970226608,DHL,Convenience stores,Private,Premises,Madrid,Pinturas Aluche Multiservicios,"C. de Blas Cabrera, 137",28044,,,
2028,Dhl,Convenience Stores,Privada,Premises,Madrid,28044,Locutorio Carlita,"C. de Oliva de Plasencia, 1",40.3787426172054,-3.77924546754572,DHL,Convenience stores,Private,Premises,Madrid,Locutorio Carlita,"C. de Oliva de Plasencia, 1",28044,,,
2029,Dhl,Convenience Stores,Privada,Premises,Madrid,28044,Fast Computer Software,"Av. de los Poblados, 58",40.3860569925588,-3.76304713229274,DHL,Convenience stores,Private,Premises,Madrid,Fast Computer Software,"Av. de los Poblados, 58",28044,,,
2030,Dhl,Convenience Stores,Privada,Premises,Madrid,28044,The Fox,"C. Alfredo Aleix, 9",40.3687074662107,-3.75519573618834,DHL,Convenience stores,Private,Premises,Madrid,The Fox,"C. Alfredo Aleix, 9",28044,,,
2031,Dhl,Convenience Stores,Privada,Premises,Madrid,28045,Carlin Delicias,"Paseo de las Delicias, 66",40.3996939949508,-3.69436906649912,DHL,Convenience stores,Private,Premises,Madrid,Carlin Delicias,"Paseo de las Delicias, 66",28045,,,
2032,Dhl,Convenience Stores,Privada,Premises,Madrid,28045,Punto De Venta Dhl Express (Folder),"C. de Embajadores, 130",40.3903364468752,-3.692590293485,DHL,Convenience stores,Private,Premises,Madrid,Punto De Venta Dhl Express (Folder),"C. de Embajadores, 130",28045,,,
2033,Dhl,Convenience Stores,Privada,Premises,Madrid,28045,Estanco 518 Madrid,"C. de Tomás Borrás, 11",40.395332304229,-3.69737757761426,DHL,Convenience stores,Private,Premises,Madrid,Estanco 518 Madrid,"C. de Tomás Borrás, 11",28045,,,
2034,Dhl,Convenience Stores,Privada,Premises,Madrid,28045,Alfil.Be Atocha,"C. de la Batalla del Salado, 1",40.4048589680072,-3.69559997537907,DHL,Convenience stores,Private,Premises,Madrid,Alfil.Be Atocha,"C. de la Batalla del Salado, 1",28045,,,
2035,Dhl,Lsp Pudos,Privada,Premises,Madrid,28046,Dhl Express,"Paseo De La Castellana, 149 Esq, C. de Francisco Gervás",40.4605973943703,-3.69065450814967,DHL,LSP PUDOs,Private,Premises,Madrid,Dhl Express,"Paseo De La Castellana, 149 Esq, C. de Francisco Gervás",28046,,,
2036,Dhl,Convenience Stores,Privada,Premises,Madrid,28047,Jmb Suministros,"Cl. de los Yébenes, 223",40.3921678832292,-3.75082004767322,DHL,Convenience stores,Private,Premises,Madrid,Jmb Suministros,"Cl. de los Yébenes, 223",28047,,,
2037,Dhl,Convenience Stores,Privada,Premises,Madrid,28047,Fotocopias Aluche,"C. de Illescas, 187",40.3921420953537,-3.75421667435531,DHL,Convenience stores,Private,Premises,Madrid,Fotocopias Aluche,"C. de Illescas, 187",28047,,,
2038,Dhl,Convenience Stores,Privada,Premises,Madrid,28047,Locutorio Cacil Envios,"C. Vía Carpetana, 328",40.3918589889164,-3.74285631837895,DHL,Convenience stores,Private,Premises,Madrid,Locutorio Cacil Envios,"C. Vía Carpetana, 328",28047,,,
2039,Dhl,Convenience Stores,Privada,Premises,Madrid,28050,Loterias Angel,"C. de Oña, 85",40.4886075337161,-3.66274735098829,DHL,Convenience stores,Private,Premises,Madrid,Loterias Angel,"C. de Oña, 85",28050,,,
2040,Dhl,Convenience Stores,Privada,Premises,Madrid,28053,Locutorio Minimarket Ml,"C. de Sta. Alicia, 23",40.387183645606,-3.66598992069098,DHL,Convenience stores,Private,Premises,Madrid,Locutorio Minimarket Ml,"C. de Sta. Alicia, 23",28053,,,
2041,Dhl,Convenience Stores,Privada,Premises,Madrid,28053,Viajes Davitour,"C. de los Robles, 11",40.3965429030515,-3.66870812387366,DHL,Convenience stores,Private,Premises,Madrid,Viajes Davitour,"C. de los Robles, 11",28053,,,
2042,Dhl,Convenience Stores,Privada,Premises,Madrid,28054,App La Peseta,"Av. de la Peseta, 50",40.362306702781,-3.7583686409521,DHL,Convenience stores,Private,Premises,Madrid,App La Peseta,"Av. de la Peseta, 50",28054,,,
2043,Celeritas,Convenience Stores,Privada,Premises,Madrid,28001,Take Up,"Calle del Gral. Pardiñas, 31",40.4276209788737,-3.67856623193742,Celeritas,Convenience stores,Private,Premises,Madrid,Take Up,"Calle del Gral. Pardiñas, 31",28001,,,
2044,Celeritas,Convenience Stores,Privada,Premises,Madrid,28001,Estanco Florida,"Calle del Gral. Pardiñas, 64",40.4297214948501,-3.67789095059045,Celeritas,Convenience stores,Private,Premises,Madrid,Estanco Florida,"Calle del Gral. Pardiñas, 64",28001,,,
2045,Celeritas,Convenience Stores,Privada,Premises,Madrid,28002,Quiosco Marcos,"C. de Gabriel Lobo, 10",40.4425505792909,-3.68053392205525,Celeritas,Convenience stores,Private,Premises,Madrid,Quiosco Marcos,"C. de Gabriel Lobo, 10",28002,,,
2046,Celeritas,Convenience Stores,Privada,Premises,Madrid,28002,Yoigo Cartagena,"C. de Cartagena, 131",40.4428692527116,-3.675879830676,Celeritas,Convenience stores,Private,Premises,Madrid,Yoigo Cartagena,"C. de Cartagena, 131",28002,,,
2047,Celeritas,Convenience Stores,Privada,Premises,Madrid,28002,Kiosco Clara Del Rey 14,"C. de Clara del Rey, 14",40.441887288811,-3.67112502393014,Celeritas,Convenience stores,Private,Premises,Madrid,Kiosco Clara Del Rey 14,"C. de Clara del Rey, 14",28002,,,
2048,Celeritas,Convenience Stores,Privada,Premises,Madrid,28002,Chip Inside,"C. de Clara del Rey, 20",40.4423726837989,-3.67038782299043,Celeritas,Convenience stores,Private,Premises,Madrid,Chip Inside,"C. de Clara del Rey, 20",28002,,,
2049,Celeritas,Convenience Stores,Privada,Premises,Madrid,28002,Kiosco Corazon,"C. del Corazón de María, 43",40.4459117056524,-3.66714005125366,Celeritas,Convenience stores,Private,Premises,Madrid,Kiosco Corazon,"C. del Corazón de María, 43",28002,,,
2050,Celeritas,Convenience Stores,Privada,Premises,Madrid,28002,Expendeduria De Tabaco 532,"C. de López de Hoyos, 174",40.4472899722226,-3.66942019410753,Celeritas,Convenience stores,Private,Premises,Madrid,Expendeduria De Tabaco 532,"C. de López de Hoyos, 174",28002,,,
2051,Celeritas,Convenience Stores,Privada,Premises,Madrid,28002,World Tech Mobile,"C. de Eugenio Salazar, 47",40.4478578289138,-3.67560648847121,Celeritas,Convenience stores,Private,Premises,Madrid,World Tech Mobile,"C. de Eugenio Salazar, 47",28002,,,
2052,Celeritas,Convenience Stores,Privada,Kiosk,Madrid,28002,Quiosco De Prensa Rodríguez Marín,"C. de Rodríguez Marín, 80",40.4505090585956,-3.67858088973608,Celeritas,Convenience stores,Private,Kiosk,Madrid,Quiosco De Prensa Rodríguez Marín,"C. de Rodríguez Marín, 80",28002,,,
2053,Celeritas,Convenience Stores,Privada,Premises,Madrid,28003,The Times Café,"Calle de José Abascal, 25",40.4389782312908,-3.69916815881408,Celeritas,Convenience stores,Private,Premises,Madrid,The Times Café,"Calle de José Abascal, 25",28003,,,
2054,Celeritas,Convenience Stores,Privada,Kiosk,Madrid,28003,Kiosko Eldorado,"Pl. de San Juan de la Cruz, 2",40.4413874879085,-3.69311318319827,Celeritas,Convenience stores,Private,Kiosk,Madrid,Kiosko Eldorado,"Pl. de San Juan de la Cruz, 2",28003,,,
2055,Celeritas,Convenience Stores,Privada,Premises,Madrid,28003,Achalay Prensa Y Revistas,C. de Alonso Cano & C. del Robledillo,40.443352178089,-3.69744153760443,Celeritas,Convenience stores,Private,Premises,Madrid,Achalay Prensa Y Revistas,C. de Alonso Cano & C. del Robledillo,28003,,,
2056,Celeritas,Convenience Stores,Privada,Premises,Madrid,28003,Estanco Exp. 216,"C. de Raimundo Fernández Villaverde, 49",40.4469129974316,-3.69671085032036,Celeritas,Convenience stores,Private,Premises,Madrid,Estanco Exp. 216,"C. de Raimundo Fernández Villaverde, 49",28003,,,
2057,Celeritas,Convenience Stores,Privada,Premises,Madrid,28004,Kiosco Teresa Sanchez,"C. del Barquillo, 17",40.4220158368365,-3.69590523443822,Celeritas,Convenience stores,Private,Premises,Madrid,Kiosco Teresa Sanchez,"C. del Barquillo, 17",28004,,,
2058,Celeritas,Convenience Stores,Privada,Premises,Madrid,28004,Imagen On,"C. de Pelayo, 80",40.425185417873,-3.69641598048448,Celeritas,Convenience stores,Private,Premises,Madrid,Imagen On,"C. de Pelayo, 80",28004,,,
2059,Celeritas,Convenience Stores,Privada,Kiosk,Madrid,28004,Kiosco Teresa Sanchez,"C. del Barquillo, 17",40.4220648437579,-3.69591596143914,Celeritas,Convenience stores,Private,Kiosk,Madrid,Kiosco Teresa Sanchez,"C. del Barquillo, 17",28004,,,
2060,Celeritas,Convenience Stores,Privada,Premises,Madrid,28005,Prensa Antonio,Pl. de Prta Cerrada s/n,40.413919411919,-3.70845012361765,Celeritas,Convenience stores,Private,Premises,Madrid,Prensa Antonio,Pl. de Prta Cerrada s/n,28005,,,
2061,Celeritas,Convenience Stores,Privada,Premises,Madrid,28005,Vapstore La Latina,"Pl. de Cascorro, 8",40.4109202791231,-3.70687095812495,Celeritas,Convenience stores,Private,Premises,Madrid,Vapstore La Latina,"Pl. de Cascorro, 8",28005,,,
2062,Celeritas,Convenience Stores,Privada,Premises,Madrid,28005,Estanco Piramides,"P.o de las Acacias, 69",40.4013284956194,-3.71322528785842,Celeritas,Convenience stores,Private,Premises,Madrid,Estanco Piramides,"P.º de las Acacias, 69",28005,,,
2063,Celeritas,Convenience Stores,Privada,Premises,Madrid,28005,Librería Papelería Águeda,"Calle de las Peñuelas, 26",40.4024072056067,-3.70348259442264,Celeritas,Convenience stores,Private,Premises,Madrid,Librería Papelería Águeda,"Calle de las Peñuelas, 26",28005,,,
2064,Celeritas,Convenience Stores,Privada,Premises,Madrid,28005,Servipronto,"P.o de los Melancólicos, 41",40.4050702399502,-3.72040305156747,Celeritas,Convenience stores,Private,Premises,Madrid,Servipronto,"P.º de los Melancólicos, 41",28005,,,
2065,Celeritas,Convenience Stores,Privada,Premises,Madrid,28005,Prensa Y Revistas M Paz,"P.o de las Acacias, 11",40.4044236805805,-3.70458317629654,Celeritas,Convenience stores,Private,Premises,Madrid,Prensa Y Revistas M Paz,"P.º de las Acacias, 11",28005,,,
2066,Celeritas,Convenience Stores,Privada,Premises,Madrid,28006,Prink Velazquez,"Calle Velázquez, 118",40.4366530493574,-3.68292075792568,Celeritas,Convenience stores,Private,Premises,Madrid,Prink Velazquez,"Calle Velázquez, 118",28006,,,
2067,Celeritas,Convenience Stores,Privada,Premises,Madrid,28006,Expendeduria 837,"Calle del Gral. Pardiñas, 61",40.4320600754028,-3.67826543914521,Celeritas,Convenience stores,Private,Premises,Madrid,Expendeduria 837,"Calle del Gral. Pardiñas, 61",28006,,,
2068,Celeritas,Convenience Stores,Privada,Premises,Madrid,28007,Doce Treinta Y Cuatro,"C. del Dr. Esquerdo, 96",40.4112318614428,-3.670345459442,Celeritas,Convenience stores,Private,Premises,Madrid,Doce Treinta Y Cuatro,"C. del Dr. Esquerdo, 96",28007,,,
2069,Celeritas,Convenience Stores,Privada,Premises,Madrid,28008,Autoescuela Xtreme,"Gta. de San Antonio de la Florida, 1",40.4258070551675,-3.72675448107049,Celeritas,Convenience stores,Private,Premises,Madrid,Autoescuela Xtreme,"Gta. de San Antonio de la Florida, 1",28008,,,
2070,Celeritas,Convenience Stores,Privada,Premises,Madrid,28008,Mobile Centre,"Calle de la Princesa, 3",40.4252128263395,-3.71348871127918,Celeritas,Convenience stores,Private,Premises,Madrid,Mobile Centre,"Calle de la Princesa, 3",28008,,,
2071,Celeritas,Convenience Stores,Privada,Kiosk,Madrid,28009,Quiosco Narvaez,"C. de Narváez, 24",40.422140230272,-3.67615419411184,Celeritas,Convenience stores,Private,Kiosk,Madrid,Quiosco Narvaez,"C. de Narváez, 24",28009,,,
2072,Celeritas,Convenience Stores,Privada,Premises,Madrid,28009,Prensa Y Revistas Lombia,"C. de Lombía, 12",40.4252319231414,-3.67276719411121,Celeritas,Convenience stores,Private,Premises,Madrid,Prensa Y Revistas Lombia,"C. de Lombía, 12",28009,,,
2073,Celeritas,Convenience Stores,Privada,Kiosk,Madrid,28009,Quiosco Plaza Del Doctor Laguna,"Plaza del Dr. Laguna, 1",40.4155813539721,-3.67339605645885,Celeritas,Convenience stores,Private,Kiosk,Madrid,Quiosco Plaza Del Doctor Laguna,"Plaza del Dr. Laguna, 1",28009,,,
2074,Celeritas,Convenience Stores,Privada,Kiosk,Madrid,28010,Kiosco Prensa Luis,"C. de Trafalgar, 2",40.4311212094589,-3.70006929598992,Celeritas,Convenience stores,Private,Kiosk,Madrid,Kiosco Prensa Luis,"C. de Trafalgar, 2",28010,,,
2075,Celeritas,Convenience Stores,Privada,Premises,Madrid,28010,Estanco Chamberi,"Calle de Sta Engracia, 36",40.4321367064029,-3.69722003538763,Celeritas,Convenience stores,Private,Premises,Madrid,Estanco Chamberi,"Calle de Sta Engracia, 36",28010,,,
2076,Celeritas,Convenience Stores,Privada,Premises,Madrid,28010,Locutorio Mila,"C. del Cardenal Cisneros, 64",40.4344900677957,-3.70269846490732,Celeritas,Convenience stores,Private,Premises,Madrid,Locutorio Mila,"C. del Cardenal Cisneros, 64",28010,,,
2077,Celeritas,Convenience Stores,Privada,Premises,Madrid,28011,Alimentacion Amigos,"C. de El Greco, 27",40.407589161979,-3.74727057531804,Celeritas,Convenience stores,Private,Premises,Madrid,Alimentacion Amigos,"C. de El Greco, 27",28011,,,
2078,Celeritas,Convenience Stores,Privada,Premises,Madrid,28011,Envios Ing,"C. de Villavaliente, 3",40.4065715071737,-3.74932347796363,Celeritas,Convenience stores,Private,Premises,Madrid,Envios Ing,"C. de Villavaliente, 3",28011,,,
2079,Celeritas,Convenience Stores,Privada,Premises,Madrid,28011,Expendeduria 519,"C. de Guadarrama, 18",40.4111526539929,-3.73102115207342,Celeritas,Convenience stores,Private,Premises,Madrid,Expendeduria 519,"C. de Guadarrama, 18",28011,,,
2080,Celeritas,Convenience Stores,Privada,Premises,Madrid,28012,Estanco Cabestreros,"C. de los Cabestreros, 17",40.4090682525578,-3.70519032393151,Celeritas,Convenience stores,Private,Premises,Madrid,Estanco Cabestreros,"C. de los Cabestreros, 17",28012,,,
2081,Celeritas,Convenience Stores,Privada,Premises,Madrid,28012,El Estanco De Lavapies,"C. de Lavapiés, 41",40.4098001421872,-3.70198171959094,Celeritas,Convenience stores,Private,Premises,Madrid,El Estanco De Lavapies,"C. de Lavapiés, 41",28012,,,
2082,Celeritas,Convenience Stores,Privada,Premises,Madrid,28012,Estanco De Tirso,"Calle del Dr Cortezo, 17",40.4128696265575,-3.70379730618256,Celeritas,Convenience stores,Private,Premises,Madrid,Estanco De Tirso,"Calle del Dr Cortezo, 17",28012,,,
2083,Celeritas,Convenience Stores,Privada,Premises,Madrid,28015,Fanshi Electronic Partners,"C. de Fernández de los Ríos, 8",40.4352551002362,-3.70509542299472,Celeritas,Convenience stores,Private,Premises,Madrid,Fanshi Electronic Partners,"C. de Fernández de los Ríos, 8",28015,,,
2084,Celeritas,Convenience Stores,Privada,Premises,Madrid,28015,Shipxpress,"C. de Fernández de los Ríos, 33",40.4352077298722,-3.70828204807856,Celeritas,Convenience stores,Private,Premises,Madrid,Shipxpress,"C. de Fernández de los Ríos, 33",28015,,,
2085,Celeritas,Convenience Stores,Privada,Premises,Madrid,28015,Don Lector,"C. de Fernández de los Ríos, 60",40.4355887618085,-3.71157813412304,Celeritas,Convenience stores,Private,Premises,Madrid,Don Lector,"C. de Fernández de los Ríos, 60",28015,,,
2086,Celeritas,Convenience Stores,Privada,Premises,Madrid,28015,Estanco Moncloa,"C. de Víctor Andrés Belaunde, 2",40.4545355557296,-3.67894952554557,Celeritas,Convenience stores,Private,Premises,Madrid,Estanco Moncloa,"C. de Víctor Andrés Belaunde, 2",28015,,,
2087,Celeritas,Convenience Stores,Privada,Premises,Madrid,28016,Halcon Viajes Guzman,"C. de Guzmán el Bueno, 95",40.438497792406,-3.71314176845765,Celeritas,Convenience stores,Private,Premises,Madrid,Halcon Viajes Guzman,"C. de Guzmán el Bueno, 95",28016,,,
2088,Celeritas,Convenience Stores,Privada,Premises,Madrid,28016,Estanco 401,"C. de Víctor Andrés Belaunde, 2",40.4545355557296,-3.67894952554557,Celeritas,Convenience stores,Private,Premises,Madrid,Estanco 401,"C. de Víctor Andrés Belaunde, 2",28016,,,
2089,Celeritas,Convenience Stores,Privada,Premises,Madrid,28016,Expendeduria 869,"C. de la Infanta María Teresa, 8",40.4542364846299,-3.68136418013628,Celeritas,Convenience stores,Private,Premises,Madrid,Expendeduria 869,"C. de la Infanta María Teresa, 8",28016,,,
2090,Celeritas,Convenience Stores,Privada,Premises,Madrid,28016,Prink,"Av. de Alberto de Alcocer, 48",40.4585568454906,-3.6792822100074,Celeritas,Convenience stores,Private,Premises,Madrid,Prink,"Av. de Alberto de Alcocer, 48",28016,,,
2091,Celeritas,Convenience Stores,Privada,Kiosk,Madrid,28016,Kiosco Santiago,"C. de Sta. María Magdalena, 18",40.4637797740537,-3.67062937478667,Celeritas,Convenience stores,Private,Kiosk,Madrid,Kiosco Santiago,"C. de Sta. María Magdalena, 18",28016,,,
2092,Celeritas,Convenience Stores,Privada,Premises,Madrid,28016,Estanco 416,"C. de la Drácena, 19",40.4634567517423,-3.67109440654293,Celeritas,Convenience stores,Private,Premises,Madrid,Estanco 416,"C. de la Drácena, 19",28016,,,
2093,Celeritas,Convenience Stores,Privada,Premises,Madrid,28017,Bg Servicios Sl Carlin,"C. de Fco. Villaespesa, 51",40.4296405533915,-3.6453723421526,Celeritas,Convenience stores,Private,Premises,Madrid,Bg Servicios Sl Carlin,"C. de Fco. Villaespesa, 51",28017,,,
2094,Celeritas,Convenience Stores,Privada,Premises,Madrid,28017,Papeleria Minfi,"C. de Emilio Ferrari, 88",40.4290347690495,-3.63947662195492,Celeritas,Convenience stores,Private,Premises,Madrid,Papeleria Minfi,"C. de Emilio Ferrari, 88",28017,,,
2095,Celeritas,Convenience Stores,Privada,Premises,Madrid,28017,Eurocolombia Paqueteria S.L,"C. de los Urquiza, 46",40.4316706233377,-3.64447141175122,Celeritas,Convenience stores,Private,Premises,Madrid,Eurocolombia Paqueteria S.L,"C. de los Urquiza, 46",28017,,,
2096,Celeritas,Convenience Stores,Privada,Premises,Madrid,28017,Halcon Viajes M. Corbera,"Av. del Marqués de Corbera, 29",40.4248664245182,-3.65371377113908,Celeritas,Convenience stores,Private,Premises,Madrid,Halcon Viajes M. Corbera,"Av. del Marqués de Corbera, 29",28017,,,
2097,Celeritas,Convenience Stores,Privada,Premises,Madrid,28017,"Prensa,Papeleria Y Fotocopias","C. del Poeta Blas de Otero, 32",40.4216338249295,-3.65179950999562,Celeritas,Convenience stores,Private,Premises,Madrid,"Prensa,Papeleria Y Fotocopias","C. del Poeta Blas de Otero, 32",28017,,,
2098,Celeritas,Convenience Stores,Privada,Premises,Madrid,28017,El Estanco De Olga,"C. del Río Ulla, 34",40.4328407090549,-3.64162014172472,Celeritas,Convenience stores,Private,Premises,Madrid,El Estanco De Olga,"C. del Río Ulla, 34",28017,,,
2099,Celeritas,Convenience Stores,Privada,Premises,Madrid,28018,Alimentacion Bazar,"Tr.a de Felipe de Diego, 25",40.3791902695869,-3.65990618931844,Celeritas,Convenience stores,Private,Premises,Madrid,Alimentacion Bazar,"Tr.ª de Felipe de Diego, 25",28018,,,
2100,Celeritas,Convenience Stores,Privada,Premises,Madrid,28018,Estanco Torremolinos,"C. de Torremolinos, 8",40.3846318497199,-3.64092306166114,Celeritas,Convenience stores,Private,Premises,Madrid,Estanco Torremolinos,"C. de Torremolinos, 8",28018,,,
2101,Celeritas,Convenience Stores,Privada,Premises,Madrid,28018,Frutos Secos Pikoteo,"C. del Puerto de la Morcuera, 30",40.3829721254137,-3.66580443226527,Celeritas,Convenience stores,Private,Premises,Madrid,Frutos Secos Pikoteo,"C. del Puerto de la Morcuera, 30",28018,,,
2102,Celeritas,Convenience Stores,Privada,Premises,Madrid,28019,Expendiduria 562 Y Receptor,"C. del Radio, 18",40.3924221215752,-3.72293782526314,Celeritas,Convenience stores,Private,Premises,Madrid,Expendiduria 562 Y Receptor,"C. del Radio, 18",28019,,,
2103,Celeritas,Convenience Stores,Privada,Premises,Madrid,28019,Estanco 236,"C. de Jacinto Verdaguer, 36",40.3956740738081,-3.71892642825497,Celeritas,Convenience stores,Private,Premises,Madrid,Estanco 236,"C. de Jacinto Verdaguer, 36",28019,,,
2104,Celeritas,Convenience Stores,Privada,Premises,Madrid,28019,Essenzia,"Calle de Antonio López, 7",40.3973531885424,-3.71426838246973,Celeritas,Convenience stores,Private,Premises,Madrid,Essenzia,"Calle de Antonio López, 7",28019,,,
2105,Celeritas,Convenience Stores,Privada,Premises,Madrid,28019,Expenduduria 394,"Calle de Antonio López, 28",40.3964079623258,-3.7130919883968,Celeritas,Convenience stores,Private,Premises,Madrid,Expenduduria 394,"Calle de Antonio López, 28",28019,,,
2106,Celeritas,Convenience Stores,Privada,Premises,Madrid,28019,Triple B Electrodomesticos,"C. de la Vía, 30",40.3862128445255,-3.72003555148169,Celeritas,Convenience stores,Private,Premises,Madrid,Triple B Electrodomesticos,"C. de la Vía, 30",28019,,,
2107,Celeritas,Convenience Stores,Privada,Premises,Madrid,28019,Viajes Solparaiso,"Calle de Antonio López, 61",40.3948103978517,-3.70841697298036,Celeritas,Convenience stores,Private,Premises,Madrid,Viajes Solparaiso,"Calle de Antonio López, 61",28019,,,
2108,Celeritas,Convenience Stores,Privada,Premises,Madrid,28019,Estanco Pedro Yague,"C. Pedro Yagüe, 2",40.3930218483337,-3.70846236997888,Celeritas,Convenience stores,Private,Premises,Madrid,Estanco Pedro Yague,"C. Pedro Yagüe, 2",28019,,,
2109,Celeritas,Convenience Stores,Privada,Premises,Madrid,28020,Estanco Dulcinea,"C. de Dulcinea, 67",40.4524888397894,-3.69958629567254,Celeritas,Convenience stores,Private,Premises,Madrid,Estanco Dulcinea,"C. de Dulcinea, 67",28020,,,
2110,Celeritas,Convenience Stores,Privada,Premises,Madrid,28020,Expendeduria 330 Madrid,"Av. del General Perón, 16",40.4524131170302,-3.69690682173967,Celeritas,Convenience stores,Private,Premises,Madrid,Expendeduria 330 Madrid,"Av. del General Perón, 16",28020,,,
2111,Celeritas,Convenience Stores,Privada,Kiosk,Madrid,28020,Kiosco Ronda,"C. de Orense, 33",40.4533279151867,-3.69514780840989,Celeritas,Convenience stores,Private,Kiosk,Madrid,Kiosco Ronda,"C. de Orense, 33",28020,,,
2112,Celeritas,Convenience Stores,Privada,Premises,Madrid,28020,Estanco,"C. de Orense, 35",40.4535214416378,-3.69510069222,Celeritas,Convenience stores,Private,Premises,Madrid,Estanco,"C. de Orense, 35",28020,,,
2113,Celeritas,Convenience Stores,Privada,Premises,Madrid,28020,Estanco 692 Infanta Mercedes,"C. de la Infanta Mercedes, 10",40.4543320841642,-3.69890915125013,Celeritas,Convenience stores,Private,Premises,Madrid,Estanco 692 Infanta Mercedes,"C. de la Infanta Mercedes, 10",28020,,,
2114,Celeritas,Convenience Stores,Privada,Premises,Madrid,28020,Ferreteria Perfumeria Cuzco Ferrcash,"C. del Poeta Joan Maragall, 19",40.4573602130412,-3.69257559248021,Celeritas,Convenience stores,Private,Premises,Madrid,Ferreteria Perfumeria Cuzco Ferrcash,"C. del Poeta Joan Maragall, 19",28020,,,
2115,Celeritas,Convenience Stores,Privada,Premises,Madrid,28020,Alvera Impresión,"C. de San Germán, 72",40.457676758329,-3.7007882528071,Celeritas,Convenience stores,Private,Premises,Madrid,Alvera Impresión,"C. de San Germán, 72",28020,,,
2116,Celeritas,Convenience Stores,Privada,Premises,Madrid,28020,Estanco Tetuán 777,"C. de Bravo Murillo, 293",40.4613785937876,-3.69840308532907,Celeritas,Convenience stores,Private,Premises,Madrid,Estanco Tetuán 777,"C. de Bravo Murillo, 293",28020,,,
2117,Celeritas,Convenience Stores,Privada,Premises,Madrid,28020,Estanco Infanta Mercedes 70,"C. de la Infanta Mercedes, 70",40.4613440851173,-3.6958240903563,Celeritas,Convenience stores,Private,Premises,Madrid,Estanco Infanta Mercedes 70,"C. de la Infanta Mercedes, 70",28020,,,
2118,Celeritas,Convenience Stores,Privada,Premises,Madrid,28021,Locutorio Medina,"Calle Encarnación Oviol, 48",40.3508290015243,-3.68729626469943,Celeritas,Convenience stores,Private,Premises,Madrid,Locutorio Medina,"Calle Encarnación Oviol, 48",28021,,,
2119,Celeritas,Convenience Stores,Privada,Premises,Madrid,28021,Halcon Viajes Martinez Seco,"C. de Juan José Martínez Seco, 54",40.3516754121611,-3.68819517659212,Celeritas,Convenience stores,Private,Premises,Madrid,Halcon Viajes Martinez Seco,"C. de Juan José Martínez Seco, 54",28021,,,
2120,Celeritas,Convenience Stores,Privada,Premises,Madrid,28021,"Papeleria Del Pino, Regalos Y Loteria","C. de José del Pino, 80",40.351279271618,-3.68676489497723,Celeritas,Convenience stores,Private,Premises,Madrid,"Papeleria Del Pino, Regalos Y Loteria","C. de José del Pino, 80",28021,,,
2121,Celeritas,Convenience Stores,Privada,Premises,Madrid,28021,Alimentacion Y Bazar,"C. del Arroyo Bueno, 7",40.3489783717536,-3.70567043011582,Celeritas,Convenience stores,Private,Premises,Madrid,Alimentacion Y Bazar,"C. del Arroyo Bueno, 7",28021,,,
2122,Celeritas,Convenience Stores,Privada,Premises,Madrid,28021,Estanco - Madrid 763,"Calle del Dr. Martín Arévalo, 4",40.3465555443698,-3.70831684364881,Celeritas,Convenience stores,Private,Premises,Madrid,Estanco - Madrid 763,"Calle del Dr. Martín Arévalo, 4",28021,,,
2123,Celeritas,Convenience Stores,Privada,Premises,Madrid,28021,Papeleria Libreria Arcoiris,"C. de Juan José Martínez Seco, 68",40.3519067211049,-3.68566207157281,Celeritas,Convenience stores,Private,Premises,Madrid,Papeleria Libreria Arcoiris,"C. de Juan José Martínez Seco, 68",28021,,,
2124,Celeritas,Convenience Stores,Privada,Premises,Madrid,28021,Fundiland,"C. Limonita, 5",40.3439827023518,-3.67513856060277,Celeritas,Convenience stores,Private,Premises,Madrid,Fundiland,"C. Limonita, 5",28021,,,
2125,Celeritas,Convenience Stores,Privada,Premises,Madrid,28021,Betania Libreria Y Papelería,"C. de San Aureliano, 3",40.343165890268,-3.71521521600247,Celeritas,Convenience stores,Private,Premises,Madrid,Betania Libreria Y Papelería,"C. de San Aureliano, 3",28021,,,
2126,Celeritas,Convenience Stores,Privada,Premises,Madrid,28022,Bel Art,"C. de Sofía, 56",40.4285453511828,-3.60111959254775,Celeritas,Convenience stores,Private,Premises,Madrid,Bel Art,"C. de Sofía, 56",28022,,,
2127,Celeritas,Convenience Stores,Privada,Premises,Madrid,28022,El Rincon De La Lectura,"C. Once, 2",40.4447838247568,-3.59544438090377,Celeritas,Convenience stores,Private,Premises,Madrid,El Rincon De La Lectura,"C. Once, 2",28022,,,
2128,Celeritas,Convenience Stores,Privada,Premises,Madrid,28022,Locutorio Las Musas,"C. de Julia García Boután, 5",40.4303219689006,-3.61000014666258,Celeritas,Convenience stores,Private,Premises,Madrid,Locutorio Las Musas,"C. de Julia García Boután, 5",28022,,,
2129,Celeritas,Convenience Stores,Privada,Premises,Madrid,28022,Rmc Servicios,"C. de Nicolasa Gómez, 72",40.4396680380444,-3.61247935567723,Celeritas,Convenience stores,Private,Premises,Madrid,Rmc Servicios,"C. de Nicolasa Gómez, 72",28022,,,
2130,Celeritas,Convenience Stores,Privada,Premises,Madrid,28022,Estanco Vega,"C. Ribadumia, 2",40.4416962876704,-3.61082974118598,Celeritas,Convenience stores,Private,Premises,Madrid,Estanco Vega,"C. Ribadumia, 2",28022,,,
2131,Celeritas,Convenience Stores,Privada,Premises,Madrid,28022,Papeleria &Hobby,"C. de Suecia, 21",40.4233353347733,-3.6068882163823,Celeritas,Convenience stores,Private,Premises,Madrid,Papeleria &Hobby,"C. de Suecia, 21",28022,,,
2132,Celeritas,Convenience Stores,Privada,Premises,Madrid,28022,Peluqueria Almudena,"C. de San Mariano, 33",40.4426697754687,-3.61232598779025,Celeritas,Convenience stores,Private,Premises,Madrid,Peluqueria Almudena,"C. de San Mariano, 33",28022,,,
2133,Celeritas,Convenience Stores,Privada,Premises,Madrid,28022,Expendeduria 255,"C. Valderrobres, 4",40.4446928590679,-3.61125899343791,Celeritas,Convenience stores,Private,Premises,Madrid,Expendeduria 255,"C. Valderrobres, 4",28022,,,
2134,Celeritas,Convenience Stores,Privada,Premises,Madrid,28022,New Mascota Canillejas,"C/ de Boltaña, 59",40.4479488770355,-3.60953444741092,Celeritas,Convenience stores,Private,Premises,Madrid,New Mascota Canillejas,"C/ de Boltaña, 59",28022,,,
2135,Celeritas,Convenience Stores,Privada,Premises,Madrid,28024,Cafeteria Beverly-Beer,"P.o de los Lanceros, 2",40.3794994132236,-3.79261518404205,Celeritas,Convenience stores,Private,Premises,Madrid,Cafeteria Beverly-Beer,"P.º de los Lanceros, 2",28024,,,
2136,Celeritas,Convenience Stores,Privada,Premises,Madrid,28024,Bazar El Parque,"C. de Fuente de Lima, 5",40.3839648455872,-3.78331973775753,Celeritas,Convenience stores,Private,Premises,Madrid,Bazar El Parque,"C. de Fuente de Lima, 5",28024,,,
2137,Celeritas,Convenience Stores,Privada,Premises,Madrid,28024,Nelpa,"C. de Galicia, 3",40.3974902017951,-3.77097979351623,Celeritas,Convenience stores,Private,Premises,Madrid,Nelpa,"C. de Galicia, 3",28024,,,
2138,Celeritas,Convenience Stores,Privada,Premises,Madrid,28025,Expendiduria 574,"Calle del Gral. Ricardos, 244",40.3839661506092,-3.74082308803268,Celeritas,Convenience stores,Private,Premises,Madrid,Expendiduria 574,"Calle del Gral. Ricardos, 244",28025,,,
2139,Celeritas,Convenience Stores,Privada,Kiosk,Madrid,28025,Kiosko De Prensa,"C. del Halcón, 47",40.38724860226,-3.7427632794912,Celeritas,Convenience stores,Private,Kiosk,Madrid,Kiosko De Prensa,"C. del Halcón, 47",28025,,,
2140,Celeritas,Convenience Stores,Privada,Premises,Madrid,28025,Halcon Viajes,"C. de la Oca, 98",40.3887560832555,-3.74315390955058,Celeritas,Convenience stores,Private,Premises,Madrid,Halcon Viajes,"C. de la Oca, 98",28025,,,
2141,Celeritas,Convenience Stores,Privada,Premises,Madrid,28025,Btravel Oca,"C. de la Oca, 110",40.3883558302006,-3.74442097281446,Celeritas,Convenience stores,Private,Premises,Madrid,Btravel Oca,"C. de la Oca, 110",28025,,,
2142,Celeritas,Convenience Stores,Privada,Premises,Madrid,28026,Damalar Viajes,"C. de la Cuesta, 15",40.3887397134108,-3.70784043643565,Celeritas,Convenience stores,Private,Premises,Madrid,Damalar Viajes,"C. de la Cuesta, 15",28026,,,
2143,Celeritas,Convenience Stores,Privada,Premises,Madrid,28026,El Dedal De Cristal,"C. San Armengol, 5",40.3898417637126,-3.69975376978442,Celeritas,Convenience stores,Private,Premises,Madrid,El Dedal De Cristal,"C. San Armengol, 5",28026,,,
2144,Celeritas,Convenience Stores,Privada,Premises,Madrid,28027,Workme Tecnologia . Papeleria,"C. de José del Hierro, 52",40.4403228713847,-3.643671085083,Celeritas,Convenience stores,Private,Premises,Madrid,Workme Tecnologia . Papeleria,"C. de José del Hierro, 52",28027,,,
2145,Celeritas,Convenience Stores,Privada,Premises,Madrid,28027,Maslife Marcelo Usera,"C. de Alcalá, 414",40.4371571321236,-3.63820372652673,Celeritas,Convenience stores,Private,Premises,Madrid,Maslife Marcelo Usera,"C. de Alcalá, 414",28027,,,
2146,Celeritas,Convenience Stores,Privada,Premises,Madrid,28027,El Árbol De La Vida,"C. del Gral. Aranaz, 42",40.4424157525213,-3.63785467297661,Celeritas,Convenience stores,Private,Premises,Madrid,El Árbol De La Vida,"C. del Gral. Aranaz, 42",28027,,,
2147,Celeritas,Convenience Stores,Privada,Premises,Madrid,28027,Estanco 404 De Madrid,"C. de Alcalá, 461",40.4396043734689,-3.63387698343628,Celeritas,Convenience stores,Private,Premises,Madrid,Estanco 404 De Madrid,"C. de Alcalá, 461",28027,,,
2148,Celeritas,Convenience Stores,Privada,Premises,Madrid,28027,Tienda Workme,"C. de Aristóteles, 5",40.4430196621469,-3.65161763993766,Celeritas,Convenience stores,Private,Premises,Madrid,Tienda Workme,"C. de Aristóteles, 5",28027,,,
2149,Celeritas,Convenience Stores,Privada,Kiosk,Madrid,28028,Kiosco Galindo,"Pl. de América Española, 2",40.4293520183678,-3.66239033067741,Celeritas,Convenience stores,Private,Kiosk,Madrid,Kiosco Galindo,"Pl. de América Española, 2",28028,,,
2150,Celeritas,Convenience Stores,Privada,Premises,Madrid,28028,B Travel Alcala 225,"C. de Alcalá, 225",40.4303555821863,-3.66536280284728,Celeritas,Convenience stores,Private,Premises,Madrid,B Travel Alcala 225,"C. de Alcalá, 225",28028,,,
2151,Celeritas,Convenience Stores,Privada,Premises,Madrid,28028,La Casa Del Cartucho,"C/ de Francisco Silvela, 72",40.4362155654243,-3.67560386841419,Celeritas,Convenience stores,Private,Premises,Madrid,La Casa Del Cartucho,"C/ de Francisco Silvela, 72",28028,,,
2152,Celeritas,Convenience Stores,Privada,Premises,Madrid,28028,The Phone Shop,"C. de Cartagena, 5",40.4314251772408,-3.67074442028469,Celeritas,Convenience stores,Private,Premises,Madrid,The Phone Shop,"C. de Cartagena, 5",28028,,,
2153,Celeritas,Convenience Stores,Privada,Premises,Madrid,28029,Disache,"C. Pinos Alta, 33",40.4668153615024,-3.69664147478063,Celeritas,Convenience stores,Private,Premises,Madrid,Disache,"C. Pinos Alta, 33",28029,,,
2154,Celeritas,Convenience Stores,Privada,Premises,Madrid,28029,Envios Masivo,"C. de Álvarez, 19, Local 1",40.4712158274609,-3.70009066843253,Celeritas,Convenience stores,Private,Premises,Madrid,Envios Masivo,"C. de Álvarez, 19, Local 1",28029,,,
2155,Celeritas,Convenience Stores,Privada,Kiosk,Madrid,28029,Kiosco Prensa Maria Luisa,"C/ de Ribadavia, 29",40.4731616286776,-3.70834443003423,Celeritas,Convenience stores,Private,Kiosk,Madrid,Kiosco Prensa Maria Luisa,"C/ de Ribadavia, 29",28029,,,
2156,Celeritas,Convenience Stores,Privada,Kiosk,Madrid,28029,El Kiosko De Jesus,"C. de Ginzo de Limia, 25",40.4777284406676,-3.70410476553301,Celeritas,Convenience stores,Private,Kiosk,Madrid,El Kiosko De Jesus,"C. de Ginzo de Limia, 25",28029,,,
2157,Celeritas,Convenience Stores,Privada,Kiosk,Madrid,28029,Quiosco Prensa Pablo,C. de Melchor Fernández Almagro & C. de la Villa de Marín,40.4781065818729,-3.69904938846554,Celeritas,Convenience stores,Private,Kiosk,Madrid,Quiosco Prensa Pablo,C. de Melchor Fernández Almagro & C. de la Villa de Marín,28029,,,
2158,Celeritas,Convenience Stores,Privada,Premises,Madrid,28029,Adalve Óptica,"C. del Puerto de Maspalomas, 4 Posterior",40.4781067828062,-3.71374470406866,Celeritas,Convenience stores,Private,Premises,Madrid,Adalve Óptica,"C. del Puerto de Maspalomas, 4 Posterior",28029,,,
2159,Celeritas,Convenience Stores,Privada,Premises,Madrid,28030,Expendeduria Tabacos 793,"Cl. de la Hacienda de Pavones, 144",40.4028455407309,-3.64286466618212,Celeritas,Convenience stores,Private,Premises,Madrid,Expendeduria Tabacos 793,"Cl. de la Hacienda de Pavones, 144",28030,,,
2160,Celeritas,Convenience Stores,Privada,Premises,Madrid,28030,Estanco Tacona,"C. de la Tacona, 33",40.3972544667694,-3.64116589215443,Celeritas,Convenience stores,Private,Premises,Madrid,Estanco Tacona,"C. de la Tacona, 33",28030,,,
2161,Celeritas,Convenience Stores,Privada,Premises,Madrid,28030,Yoigo Pavones,"Cl. de la Hacienda de Pavones, 9",40.405240312979,-3.64926514906247,Celeritas,Convenience stores,Private,Premises,Madrid,Yoigo Pavones,"Cl. de la Hacienda de Pavones, 9",28030,,,
2162,Celeritas,Convenience Stores,Privada,Premises,Madrid,28030,Estanco Irati,"Av. de Moratalaz, 121",40.4064227692596,-3.65004908184566,Celeritas,Convenience stores,Private,Premises,Madrid,Estanco Irati,"Av. de Moratalaz, 121",28030,,,
2163,Celeritas,Convenience Stores,Privada,Premises,Madrid,28030,Locutorio Mi Llajta,"C. del Camino de los Vinateros, 93",40.4099811377902,-3.64785378001811,Celeritas,Convenience stores,Private,Premises,Madrid,Locutorio Mi Llajta,"C. del Camino de los Vinateros, 93",28030,,,
2164,Celeritas,Convenience Stores,Privada,Premises,Madrid,28030,Estanco Metro Estrella 017,"C. del Camino de los Vinateros, 10",40.4103406165658,-3.66044004687112,Celeritas,Convenience stores,Private,Premises,Madrid,Estanco Metro Estrella 017,"C. del Camino de los Vinateros, 10",28030,,,
2165,Celeritas,Convenience Stores,Privada,Premises,Madrid,28031,Estanco Santa Eugenia,"C. Virgen de las Viñas, 16",40.3812209465862,-3.60722234212691,Celeritas,Convenience stores,Private,Premises,Madrid,Estanco Santa Eugenia,"C. Virgen de las Viñas, 16",28031,,,
2166,Celeritas,Convenience Stores,Privada,Premises,Madrid,28031,Congosto Locutorio,"C. Sierra de Mira, 3",40.3732468473227,-3.61872675041366,Celeritas,Convenience stores,Private,Premises,Madrid,Congosto Locutorio,"C. Sierra de Mira, 3",28031,,,
2167,Celeritas,Convenience Stores,Privada,Premises,Madrid,28031,Fietse,"C. de Fuentidueña, 15",40.3742337616597,-3.62292816176227,Celeritas,Convenience stores,Private,Premises,Madrid,Fietse,"C. de Fuentidueña, 15",28031,,,
2168,Celeritas,Convenience Stores,Privada,Premises,Madrid,28032,Bar Caffetteria La Margarita,"C. Villardondiego, 21",40.406986360425,-3.60812754478385,Celeritas,Convenience stores,Private,Premises,Madrid,Bar Caffetteria La Margarita,"C. Villardondiego, 21",28032,,,
2169,Celeritas,Convenience Stores,Privada,Premises,Madrid,28032,Papelería Trabalenguas,"C. de Minerva, 89",40.3971012934377,-3.60547174436512,Celeritas,Convenience stores,Private,Premises,Madrid,Papelería Trabalenguas,"C. de Minerva, 89",28032,,,
2170,Celeritas,Convenience Stores,Privada,Premises,Madrid,28032,Arte Contreras,C. de Aquitania & C/ de Capri,40.4182862690012,-3.61974833153701,Celeritas,Convenience stores,Private,Premises,Madrid,Arte Contreras,C. de Aquitania & C/ de Capri,28032,,,
2171,Celeritas,Convenience Stores,Privada,Premises,Madrid,28032,Expendeduria 839,"C. de Aquitania, 33",40.4195670639503,-3.61682111581183,Celeritas,Convenience stores,Private,Premises,Madrid,Expendeduria 839,"C. de Aquitania, 33",28032,,,
2172,Celeritas,Convenience Stores,Privada,Kiosk,Madrid,28033,Kiosco De Castro,"C. de Añastro, 9",40.4680879835572,-3.6631645955963,Celeritas,Convenience stores,Private,Kiosk,Madrid,Kiosco De Castro,"C. de Añastro, 9",28033,,,
2173,Celeritas,Convenience Stores,Privada,Premises,Madrid,28034,Pasapagina,"Pl. Tres Olivos, 3",40.5013182683577,-3.69075041548219,Celeritas,Convenience stores,Private,Premises,Madrid,Pasapagina,"Pl. Tres Olivos, 3",28034,,,
2174,Celeritas,Convenience Stores,Privada,Premises,Madrid,28034,Te Lo Tengo,"C. de Marcos de Orueta, 3",40.4846869896835,-3.68578999788306,Celeritas,Convenience stores,Private,Premises,Madrid,Te Lo Tengo,"C. de Marcos de Orueta, 3",28034,,,
2175,Celeritas,Convenience Stores,Privada,Premises,Madrid,28034,Arfe Video Y Fotos,"C/ FERMIN CABALLERO, 70",40.4824267705084,-3.71262964150103,Celeritas,Convenience stores,Private,Premises,Madrid,Arfe Video Y Fotos,"C/ FERMIN CABALLERO, 70",28034,,,
2176,Celeritas,Convenience Stores,Privada,Kiosk,Madrid,28035,Quiosco Prensa Estrella Calonge,"C. de San Gerardo, 23",40.4682825707696,-3.7225786906148,Celeritas,Convenience stores,Private,Kiosk,Madrid,Quiosco Prensa Estrella Calonge,"C. de San Gerardo, 23",28035,,,
2177,Celeritas,Convenience Stores,Privada,Kiosk,Madrid,28035,Kiosco De Prensa,"C. de Ramón Gómez de la Serna, 105",40.4830791387367,-3.72635982027146,Celeritas,Convenience stores,Private,Kiosk,Madrid,Kiosco De Prensa,"C. de Ramón Gómez de la Serna, 105",28035,,,
2178,Celeritas,Convenience Stores,Privada,Premises,Madrid,28035,Arfe Video Y Fotos,"C. de Fermín Caballero, 70",40.482518076667,-3.71255329098504,Celeritas,Convenience stores,Private,Premises,Madrid,Arfe Video Y Fotos,"C. de Fermín Caballero, 70",28035,,,
2179,Celeritas,Convenience Stores,Privada,Kiosk,Madrid,28036,Kiosco Av Burgos 8,"Av. de Burgos, 8",40.4735621072257,-3.67540869307151,Celeritas,Convenience stores,Private,Kiosk,Madrid,Kiosco Av Burgos 8,"Av. de Burgos, 8",28036,,,
2180,Celeritas,Convenience Stores,Privada,Premises,Madrid,28037,Agh Fotodigital,"C. de la Virgen de la Oliva, 2",40.4306424160969,-3.62627244004227,Celeritas,Convenience stores,Private,Premises,Madrid,Agh Fotodigital,"C. de la Virgen de la Oliva, 2",28037,,,
2181,Celeritas,Convenience Stores,Privada,Premises,Madrid,28037,Expendeduria 12,"C. de la Virgen de la Oliva, 12",40.4309937775163,-3.62452861940391,Celeritas,Convenience stores,Private,Premises,Madrid,Expendeduria 12,"C. de la Virgen de la Oliva, 12",28037,,,
2182,Celeritas,Convenience Stores,Privada,Premises,Madrid,28037,Expendeduria 253,"C. Zumel, 1",40.4335743210958,-3.62584659505127,Celeritas,Convenience stores,Private,Premises,Madrid,Expendeduria 253,"C. Zumel, 1",28037,,,
2183,Celeritas,Convenience Stores,Privada,Kiosk,Madrid,28037,Kiosco Prensa Juan Pablo,"C. de los Hermanos García Noblejas, 49",40.4299583946691,-3.63183392923288,Celeritas,Convenience stores,Private,Kiosk,Madrid,Kiosco Prensa Juan Pablo,"C. de los Hermanos García Noblejas, 49",28037,,,
2184,Celeritas,Convenience Stores,Privada,Premises,Madrid,28037,Autoescuela Alamo Xtreme,"Plaza Obra, 4",40.4272554704005,-3.61563136505883,Celeritas,Convenience stores,Private,Premises,Madrid,Autoescuela Alamo Xtreme,"Plaza Obra, 4",28037,,,
2185,Celeritas,Convenience Stores,Privada,Premises,Madrid,28037,Agencia Viajes International Travelling,"C. de Argos, 9",40.4368417203925,-3.63538624870219,Celeritas,Convenience stores,Private,Premises,Madrid,Agencia Viajes International Travelling,"C. de Argos, 9",28037,,,
2186,Celeritas,Convenience Stores,Privada,Kiosk,Madrid,28038,Kiosco De Prensa San Claudio,"C. de San Claudio, 69",40.3898753366831,-3.64015526474779,Celeritas,Convenience stores,Private,Kiosk,Madrid,Kiosco De Prensa San Claudio,"C. de San Claudio, 69",28038,,,
2187,Celeritas,Convenience Stores,Privada,Kiosk,Madrid,28038,Kiosco Armenteros,"C. de los Andaluces, 18",40.3903896326079,-3.63906641232374,Celeritas,Convenience stores,Private,Kiosk,Madrid,Kiosco Armenteros,"C. de los Andaluces, 18",28038,,,
2188,Celeritas,Convenience Stores,Privada,Premises,Madrid,28038,Geomil Express,"Av. de Peña Prieta, 75",40.4036049755055,-3.66314064706272,Celeritas,Convenience stores,Private,Premises,Madrid,Geomil Express,"Av. de Peña Prieta, 75",28038,,,
2189,Celeritas,Convenience Stores,Privada,Premises,Madrid,28038,Estanco 429,"Av. de Peña Prieta, 20",40.3997750850292,-3.66731181826982,Celeritas,Convenience stores,Private,Premises,Madrid,Estanco 429,"Av. de Peña Prieta, 20",28038,,,
2190,Celeritas,Convenience Stores,Privada,Premises,Madrid,28038,Papeleria Irasi,"C/ de León Felipe, 6",40.3883005151824,-3.63847482790133,Celeritas,Convenience stores,Private,Premises,Madrid,Papeleria Irasi,"C/ de León Felipe, 6",28038,,,
2191,Celeritas,Convenience Stores,Privada,Premises,Madrid,28039,Estanco 188 Madrid,"C. de Francos Rodríguez, 50",40.4573489539424,-3.70617338217776,Celeritas,Convenience stores,Private,Premises,Madrid,Estanco 188 Madrid,"C. de Francos Rodríguez, 50",28039,,,
2192,Celeritas,Convenience Stores,Privada,Premises,Madrid,28039,Libreria Papeleria Burgueño,"C/ de Sánchez Preciado, 15, Local 2",40.4588192280722,-3.71163038016289,Celeritas,Convenience stores,Private,Premises,Madrid,Libreria Papeleria Burgueño,"C/ de Sánchez Preciado, 15, Local 2",28039,,,
2193,Celeritas,Convenience Stores,Privada,Premises,Madrid,28042,Viajes Halcon,"Av. General, 12",40.4728390124657,-3.57870766152946,Celeritas,Convenience stores,Private,Premises,Madrid,Viajes Halcon,"Av. General, 12",28042,,,
2194,Celeritas,Convenience Stores,Privada,Premises,Madrid,28042,Fotografia Yenes,"P.o de la Alameda de Osuna, 71",40.457666034348,-3.59063621083641,Celeritas,Convenience stores,Private,Premises,Madrid,Fotografia Yenes,"P.º de la Alameda de Osuna, 71",28042,,,
2195,Celeritas,Convenience Stores,Privada,Premises,Madrid,28042,Via Electronica,Calle Balandro 39B,40.4546411346247,-3.59086847556149,Celeritas,Convenience stores,Private,Premises,Madrid,Via Electronica,Calle Balandro 39B,28042,,,
2196,Celeritas,Convenience Stores,Privada,Premises,Madrid,28042,Mini Market Vida Feliz,"C. del Sándalo, 5",40.4526615108352,-3.61610716164764,Celeritas,Convenience stores,Private,Premises,Madrid,Mini Market Vida Feliz,"C. del Sándalo, 5",28042,,,
2197,Celeritas,Convenience Stores,Privada,Premises,Madrid,28043,Bar Kalanda,"Calle de Calanda, 12",40.4608453523202,-3.6439852232052,Celeritas,Convenience stores,Private,Premises,Madrid,Bar Kalanda,"Calle de Calanda, 12",28043,,,
2198,Celeritas,Convenience Stores,Privada,Premises,Madrid,28043,Lhstore,"C. de Agustín Calvo, 2",40.4641818526586,-3.64885666136753,Celeritas,Convenience stores,Private,Premises,Madrid,Lhstore,"C. de Agustín Calvo, 2",28043,,,
2199,Celeritas,Convenience Stores,Privada,Premises,Madrid,28044,Pinturas Aluche Multiservicios,"C. de Blas Cabrera, 137",40.3782514713624,-3.7669868741784,Celeritas,Convenience stores,Private,Premises,Madrid,Pinturas Aluche Multiservicios,"C. de Blas Cabrera, 137",28044,,,
2200,Celeritas,Convenience Stores,Privada,Premises,Madrid,28044,Burman,"Av de la Aviación, 99",40.3747326645396,-3.77142290226419,Celeritas,Convenience stores,Private,Premises,Madrid,Burman,"Av de la Aviación, 99",28044,,,
2201,Celeritas,Convenience Stores,Privada,Premises,Madrid,28044,App Informatica Las Aguilas,"C. Osa de la Vega, 4",40.3753992716633,-3.7735972417853,Celeritas,Convenience stores,Private,Premises,Madrid,App Informatica Las Aguilas,"C. Osa de la Vega, 4",28044,,,
2202,Celeritas,Convenience Stores,Privada,Premises,Madrid,28044,Cristaleria Aluche 2,"Av. de Las Águilas, 60",40.3821002087403,-3.77911152338031,Celeritas,Convenience stores,Private,Premises,Madrid,Cristaleria Aluche 2,"Av. de Las Águilas, 60",28044,,,
2203,Celeritas,Convenience Stores,Privada,Premises,Madrid,28044,Perfumeria Las Cruces,"C. Condesa de Teba, 5",40.3734308448437,-3.757590145724,Celeritas,Convenience stores,Private,Premises,Madrid,Perfumeria Las Cruces,"C. Condesa de Teba, 5",28044,,,
2204,Celeritas,Convenience Stores,Privada,Premises,Madrid,28045,Tu Librería,"C. de Bolívar, 7, Local 2 7",40.3918071282761,-3.69388093665625,Celeritas,Convenience stores,Private,Premises,Madrid,Tu Librería,"C. de Bolívar, 7, Local 2 7",28045,,,
2205,Celeritas,Convenience Stores,Privada,Premises,Madrid,28045,Dulces La Ciudad,"C. de Embajadores, 208",40.3908995312327,-3.69285645219434,Celeritas,Convenience stores,Private,Premises,Madrid,Dulces La Ciudad,"C. de Embajadores, 208",28045,,,
2206,Celeritas,Convenience Stores,Privada,Premises,Madrid,28045,Copiserve Madrid,"C. de Alejandro Ferrant, 1",40.3955332147776,-3.69422889100483,Celeritas,Convenience stores,Private,Premises,Madrid,Copiserve Madrid,"C. de Alejandro Ferrant, 1",28045,,,
2207,Celeritas,Convenience Stores,Privada,Premises,Madrid,28045,Expendeduria 538,"Glorieta Sta. María de la Cabeza, 7",40.4006077401015,-3.69877951282832,Celeritas,Convenience stores,Private,Premises,Madrid,Expendeduria 538,"Glorieta Sta. María de la Cabeza, 7",28045,,,
2208,Celeritas,Convenience Stores,Privada,Premises,Madrid,28046,B Travel Castellana,"P.o de la Castellana, 255",40.474142736841,-3.68770197388752,Celeritas,Convenience stores,Private,Premises,Madrid,B Travel Castellana,"P.º de la Castellana, 255",28046,,,
2209,Celeritas,Convenience Stores,Privada,Premises,Madrid,28047,Papeleria Libreria Agarrate Cartulina,"C. de Illescas, 193",40.3920496349354,-3.75347970247792,Celeritas,Convenience stores,Private,Premises,Madrid,Papeleria Libreria Agarrate Cartulina,"C. de Illescas, 193",28047,,,
2210,Celeritas,Convenience Stores,Privada,Premises,Madrid,28047,Estanco 729,"C. de Cuart de Poblet, 65",40.3967448126595,-3.74869390137797,Celeritas,Convenience stores,Private,Premises,Madrid,Estanco 729,"C. de Cuart de Poblet, 65",28047,,,
2211,Celeritas,Convenience Stores,Privada,Premises,Madrid,28047,Cristaleria Aluche,"C. de Camarena, 235",40.3864362389883,-3.75719857318903,Celeritas,Convenience stores,Private,Premises,Madrid,Cristaleria Aluche,"C. de Camarena, 235",28047,,,
2212,Celeritas,Convenience Stores,Privada,Premises,Madrid,28047,Loterias Latina,"C. de Latina, 18",40.4016521521996,-3.7514572569901,Celeritas,Convenience stores,Private,Premises,Madrid,Loterias Latina,"C. de Latina, 18",28047,,,
2213,Celeritas,Convenience Stores,Privada,Premises,Madrid,28048,Estanco 403,"C. Carboneros, 2",40.5202797670039,-3.77802745697963,Celeritas,Convenience stores,Private,Premises,Madrid,Estanco 403,"C. Carboneros, 2",28048,,,
2214,Celeritas,Convenience Stores,Privada,Premises,Madrid,28049,Farmacia La Boticaria Las Tablas,"Ctra. Fuencarral a Alcobendas KM 12,2 16",40.5134460320979,-3.67863526541598,Celeritas,Convenience stores,Private,Premises,Madrid,Farmacia La Boticaria Las Tablas,"Ctra. Fuencarral a Alcobendas KM 12,2 16",28049,,,
2215,Celeritas,Convenience Stores,Privada,Premises,Madrid,28049,Ferreteria Silos,"C. del Arroyo del Monte, 127",40.4949623302958,-3.72084852920378,Celeritas,Convenience stores,Private,Premises,Madrid,Ferreteria Silos,"C. del Arroyo del Monte, 127",28049,,,
2216,Celeritas,Convenience Stores,Privada,Premises,Madrid,28050,Exp. No 897 Estanco Las Tablas,"C. de Furelos, 1",40.5065175952202,-3.66520248847786,Celeritas,Convenience stores,Private,Premises,Madrid,Exp. Nº 897 Estanco Las Tablas,"C. de Furelos, 1",28050,,,
2217,Celeritas,Convenience Stores,Privada,Premises,Madrid,28050,Estanco Las Tablas - Expendeduría 896,"C. San Juan de Ortega, 108",40.50810821894,-3.67476864515941,Celeritas,Convenience stores,Private,Premises,Madrid,Estanco Las Tablas - Expendeduría 896,"C. San Juan de Ortega, 108",28050,,,
2218,Celeritas,Convenience Stores,Privada,Premises,Madrid,28051,Autoescuela Santa Eugenia,"Av. del Ensanche de Vallecas, 47 - 49",40.3657853166806,-3.60263143185663,Celeritas,Convenience stores,Private,Premises,Madrid,Autoescuela Santa Eugenia,"Av. del Ensanche de Vallecas, 47 - 49",28051,,,
2219,Celeritas,Convenience Stores,Privada,Premises,Madrid,28051,Maslife Gavia,"Av de las Suertes, s/n",40.3686301889074,-3.60050176711213,Celeritas,Convenience stores,Private,Premises,Madrid,Maslife Gavia,"Av de las Suertes, s/n",28051,,,
2220,Celeritas,Convenience Stores,Privada,Kiosk,Madrid,28053,Kiosco Prensa Fatima,C. La Mancha & Av. de Entrevías,40.3815289759252,-3.66891950708456,Celeritas,Convenience stores,Private,Kiosk,Madrid,Kiosco Prensa Fatima,C. La Mancha & Av. de Entrevías,28053,,,
2221,Celeritas,Convenience Stores,Privada,Premises,Madrid,28053,Pencil,"C. Sierra Molina, 26",40.3877456197051,-3.66846207522792,Celeritas,Convenience stores,Private,Premises,Madrid,Pencil,"C. Sierra Molina, 26",28053,,,
2222,Celeritas,Convenience Stores,Privada,Premises,Madrid,28054,Naz Beauty,"C. Palmeral de Elche, 6",40.3652386754298,-3.76233842950105,Celeritas,Convenience stores,Private,Premises,Madrid,Naz Beauty,"C. Palmeral de Elche, 6",28054,,,
2223,Celeritas,Convenience Stores,Privada,Premises,Madrid,28054,Loteria Prensa Fabrica De Los Sueños,"Av. de la Peseta, 58",40.362418867932,-3.75656517936525,Celeritas,Convenience stores,Private,Premises,Madrid,Loteria Prensa Fabrica De Los Sueños,"Av. de la Peseta, 58",28054,,,
2224,Ctt Express,Convenience Stores,Privada,Premises,Madrid,28001,Take Up,"Calle del Gral. Pardiñas, 31",40.4276210131132,-3.67878081705894,CTT Express,Convenience stores,Private,Premises,Madrid,Take Up,"Calle del Gral. Pardiñas, 31",28001,,,
2225,Ctt Express,Convenience Stores,Privada,Premises,Madrid,28001,Estanco 332,"Cl. de Ayala, 88",40.4273616165674,-3.6774673661698,CTT Express,Convenience stores,Private,Premises,Madrid,Estanco 332,"Cl. de Ayala, 88",28001,,,
2226,Ctt Express,Convenience Stores,Privada,Premises,Madrid,28001,Grupo Hicorsa Artes Gráficas S.A.,"Calle de Goya, 43",40.4254768929987,-3.68292200841359,CTT Express,Convenience stores,Private,Premises,Madrid,Grupo Hicorsa Artes Gráficas S.A.,"Calle de Goya, 43",28001,,,
2227,Ctt Express,Convenience Stores,Privada,Premises,Madrid,28001,Estanco Florida,"Calle del Gral. Pardiñas, 64",40.4297616047522,-3.67789094897683,CTT Express,Convenience stores,Private,Premises,Madrid,Estanco Florida,"Calle del Gral. Pardiñas, 64",28001,,,
2228,Ctt Express,Convenience Stores,Privada,Kiosk,Madrid,28002,Quiosco Marcos,"C. de Gabriel Lobo, 10",40.4425669107799,-3.68057683699054,CTT Express,Convenience stores,Private,Kiosk,Madrid,Quiosco Marcos,"C. de Gabriel Lobo, 10",28002,,,
2229,Ctt Express,Convenience Stores,Privada,Premises,Madrid,28002,World Tech Mobile,"C. de Eugenio Salazar, 47",40.4478904851189,-3.67549919816516,CTT Express,Convenience stores,Private,Premises,Madrid,World Tech Mobile,"C. de Eugenio Salazar, 47",28002,,,
2230,Ctt Express,Convenience Stores,Privada,Premises,Madrid,28002,Expendeduria De Tabaco 532,"C. de López de Hoyos, 174",40.4472899731528,-3.66946310964409,CTT Express,Convenience stores,Private,Premises,Madrid,Expendeduria De Tabaco 532,"C. de López de Hoyos, 174",28002,,,
2231,Ctt Express,Convenience Stores,Privada,Kiosk,Madrid,28002,Kiosco Clara Del Rey 14,"C. de Clara del Rey, 14",40.4419444469791,-3.67115720840742,CTT Express,Convenience stores,Private,Kiosk,Madrid,Kiosco Clara Del Rey 14,"C. de Clara del Rey, 14",28002,,,
2232,Ctt Express,Convenience Stores,Privada,Kiosk,Madrid,28002,Quiosco De Prensa Rodríguez Marín,"C. de Rodríguez Marín, 80",40.4504029224323,-3.67858089285051,CTT Express,Convenience stores,Private,Kiosk,Madrid,Quiosco De Prensa Rodríguez Marín,"C. de Rodríguez Marín, 80",28002,,,
2233,Ctt Express,Convenience Stores,Privada,Premises,Madrid,28002,Chip Inside,"C. de Clara del Rey, 20",40.4423563532068,-3.67038782361714,CTT Express,Convenience stores,Private,Premises,Madrid,Chip Inside,"C. de Clara del Rey, 20",28002,,,
2234,Ctt Express,Convenience Stores,Privada,Premises,Madrid,28002,Emovigo,"C. de López de Hoyos, 196",40.4485477911177,-3.66757917797403,CTT Express,Convenience stores,Private,Premises,Madrid,Emovigo,"C. de López de Hoyos, 196",28002,,,
2235,Ctt Express,Convenience Stores,Privada,Premises,Madrid,28002,Ferretotal,"C. de Mantuano, 9, Local",40.4453797714381,-3.67454554565905,CTT Express,Convenience stores,Private,Premises,Madrid,Ferretotal,"C. de Mantuano, 9, Local",28002,,,
2236,Ctt Express,Convenience Stores,Privada,Premises,Madrid,28002,Locutorio Prosperidad,"C. Luis Vives, 19, local izqdo",40.4449844480103,-3.67537085249843,CTT Express,Convenience stores,Private,Premises,Madrid,Locutorio Prosperidad,"C. Luis Vives, 19, local izqdo",28002,,,
2237,Ctt Express,Convenience Stores,Privada,Premises,Madrid,28002,Locutorio A&M,"C. de Ramos Carrión, 5",40.4469657675066,-3.66897772205391,CTT Express,Convenience stores,Private,Premises,Madrid,Locutorio A&M,"C. de Ramos Carrión, 5",28002,,,
2238,Ctt Express,Convenience Stores,Privada,Premises,Madrid,28003,Jose Locutorios,"C. Luis Vives, 19, local d",40.4449844480103,-3.67537085249843,CTT Express,Convenience stores,Private,Premises,Madrid,Jose Locutorios,"C. Luis Vives, 19, local d",28003,,,
2239,Ctt Express,Convenience Stores,Privada,Premises,Madrid,28003,Estanco Exp. 216,"C. de Raimundo Fernández Villaverde, 49",40.4468885026957,-3.69668939347982,CTT Express,Convenience stores,Private,Premises,Madrid,Estanco Exp. 216,"C. de Raimundo Fernández Villaverde, 49",28003,,,
2240,Ctt Express,Convenience Stores,Privada,Kiosk,Madrid,28003,Kiosko Eldorado,"Pl. de San Juan de la Cruz, 2",40.4412895065212,-3.69328484938949,CTT Express,Convenience stores,Private,Kiosk,Madrid,Kiosko Eldorado,"Pl. de San Juan de la Cruz, 2",28003,,,
2241,Ctt Express,Convenience Stores,Privada,Premises,Madrid,28003,The Times Café,"Calle de José Abascal, 25",40.4388639085137,-3.69906087414956,CTT Express,Convenience stores,Private,Premises,Madrid,The Times Café,"Calle de José Abascal, 25",28003,,,
2242,Ctt Express,Convenience Stores,Privada,Premises,Madrid,28003,Achalay Prensa Y Revistas,C. de Alonso Cano & C. del Robledillo s/n,40.4433685072689,-3.69738789253452,CTT Express,Convenience stores,Private,Premises,Madrid,Achalay Prensa Y Revistas,C. de Alonso Cano & C. del Robledillo s/n,28003,,,
2243,Ctt Express,Convenience Stores,Privada,Premises,Madrid,28003,Mr. Long,"C. Galería Vallehermoso, 4",40.4395363901053,-3.70787539410586,CTT Express,Convenience stores,Private,Premises,Madrid,Mr. Long,"C. Galería Vallehermoso, 4",28003,,,
2244,Ctt Express,Convenience Stores,Privada,Premises,Madrid,28003,Báez Locutorio,"C. de Espronceda, 9",40.4410113484213,-3.69817236395993,CTT Express,Convenience stores,Private,Premises,Madrid,Báez Locutorio,"C. de Espronceda, 9",28003,,,
2245,Ctt Express,Convenience Stores,Privada,Premises,Madrid,28003,Bondu Moviles,"C. de Bravo Murillo, 9, bj a",40.4348426656579,-3.70461846395919,CTT Express,Convenience stores,Private,Premises,Madrid,Bondu Moviles,"C. de Bravo Murillo, 9, bj a",28003,,,
2246,Ctt Express,Convenience Stores,Privada,Premises,Madrid,28003,Estanco 81,"Calle de Bretón de los Herreros, 37",40.439939706215,-3.6973077631033,CTT Express,Convenience stores,Private,Premises,Madrid,Estanco 81,"Calle de Bretón de los Herreros, 37",28003,,,
2247,Ctt Express,Convenience Stores,Privada,Premises,Madrid,28003,Day Market,"C. de Raimundo Fernández Villaverde, 1",40.4472005963481,-3.70316932142566,CTT Express,Convenience stores,Private,Premises,Madrid,Day Market,"C. de Raimundo Fernández Villaverde, 1",28003,,,
2248,Ctt Express,Convenience Stores,Privada,Kiosk,Madrid,28004,Kiosco Teresa Sanchez,"C. del Barquillo, 17",40.4220730122428,-3.69594814782416,CTT Express,Convenience stores,Private,Kiosk,Madrid,Kiosco Teresa Sanchez,"C. del Barquillo, 17",28004,,,
2249,Ctt Express,Convenience Stores,Privada,Premises,Madrid,28004,Imagen On,"C. de Pelayo, 80",40.4252670933492,-3.69649107952137,CTT Express,Convenience stores,Private,Premises,Madrid,Imagen On,"C. de Pelayo, 80",28004,,,
2250,Ctt Express,Convenience Stores,Privada,Premises,Madrid,28004,Movil Asesorias Malasaña,"C. del Espíritu Santo, 3",40.4250253564125,-3.70234452330812,CTT Express,Convenience stores,Private,Premises,Madrid,Movil Asesorias Malasaña,"C. del Espíritu Santo, 3",28004,,,
2251,Ctt Express,Convenience Stores,Privada,Premises,Madrid,28004,Estanco Madrid-161,"C. del Pez, 40",40.4245146563269,-3.70693997888669,CTT Express,Convenience stores,Private,Premises,Madrid,Estanco Madrid-161,"C. del Pez, 40",28004,,,
2252,Ctt Express,Convenience Stores,Privada,Premises,Madrid,28004,Market Jmp.,"C/ de Hortaleza, 66",40.4231149984107,-3.69895966396287,CTT Express,Convenience stores,Private,Premises,Madrid,Market Jmp.,"C/ de Hortaleza, 66",28004,,,
2253,Ctt Express,Convenience Stores,Privada,Premises,Madrid,28004,Estanco Pez,"Calle del Pez 40, 28004, Madrid",40.4245326360648,-3.70704398636332,CTT Express,Convenience stores,Private,Premises,Madrid,Estanco Pez,"Calle del Pez 40, 28004, Madrid",28004,,,
2254,Ctt Express,Convenience Stores,Privada,Premises,Madrid,28005,La Huerta Del Gato,"P.o de la Esperanza, 47",40.3991139587395,-3.70268317608047,CTT Express,Convenience stores,Private,Premises,Madrid,La Huerta Del Gato,"P.º de la Esperanza, 47",28005,,,
2255,Ctt Express,Convenience Stores,Privada,Premises,Madrid,28005,Prensa Antonio,Pl. de Prta Cerrada s/n,40.4139602535398,-3.70835356205558,CTT Express,Convenience stores,Private,Premises,Madrid,Prensa Antonio,Pl. de Prta Cerrada s/n,28005,,,
2256,Ctt Express,Convenience Stores,Privada,Premises,Madrid,28005,Vapstore La Latina,"Pl. de Cascorro, 8",40.4108876294198,-3.70704263512157,CTT Express,Convenience stores,Private,Premises,Madrid,Vapstore La Latina,"Pl. de Cascorro, 8",28005,,,
2257,Ctt Express,Convenience Stores,Privada,Premises,Madrid,28005,Estanco Piramides,"P.o de las Acacias, 69",40.4012467930434,-3.71324674877275,CTT Express,Convenience stores,Private,Premises,Madrid,Estanco Piramides,"P.º de las Acacias, 69",28005,,,
2258,Ctt Express,Convenience Stores,Privada,Premises,Madrid,28005,Librería Papelería Águeda,"Calle de las Peñuelas, 26",40.4024562260447,-3.70346113476197,CTT Express,Convenience stores,Private,Premises,Madrid,Librería Papelería Águeda,"Calle de las Peñuelas, 26",28005,,,
2259,Ctt Express,Convenience Stores,Privada,Premises,Madrid,28005,Prensa Y Revistas M Paz,"P.o de las Acacias, 11",40.4044686008737,-3.70451756554535,CTT Express,Convenience stores,Private,Premises,Madrid,Prensa Y Revistas M Paz,"P.º de las Acacias, 11",28005,,,
2260,Ctt Express,Convenience Stores,Privada,Premises,Madrid,28005,Mehdi Telcom,"C. de Toledo, 90",40.4088940522097,-3.71113963729284,CTT Express,Convenience stores,Private,Premises,Madrid,Mehdi Telcom,"C. de Toledo, 90",28005,,,
2261,Ctt Express,Convenience Stores,Privada,Premises,Madrid,28005,Nuvole Di Profumo,"Mercado de la Cebada, Pl. de la Cebada, Planta Alta",40.4111809697487,-3.70950763444506,CTT Express,Convenience stores,Private,Premises,Madrid,Nuvole Di Profumo,"Mercado de la Cebada, Pl. de la Cebada, Planta Alta",28005,,,
2262,Ctt Express,Convenience Stores,Privada,Premises,Madrid,28005,25 Olivas,"C. de la Ruda, 12",40.4107579263862,-3.70810578045428,CTT Express,Convenience stores,Private,Premises,Madrid,25 Olivas,"C. de la Ruda, 12",28005,,,
2263,Ctt Express,Convenience Stores,Privada,Premises,Madrid,28005,Locutorio Madrid,"C/ de la Ribera de Curtidores, 32",40.4047441994069,-3.7069550922578,CTT Express,Convenience stores,Private,Premises,Madrid,Locutorio Madrid,"C/ de la Ribera de Curtidores, 32",28005,,,
2264,Ctt Express,Convenience Stores,Privada,Premises,Madrid,28005,Estanco Melancólicos,"P.o de los Melancólicos, 35",40.4055067171687,-3.72041553731953,CTT Express,Convenience stores,Private,Premises,Madrid,Estanco Melancólicos,"P.º de los Melancólicos, 35",28005,,,
2265,Ctt Express,Convenience Stores,Privada,Premises,Madrid,28006,Expendeduria 837,"Calle del Gral. Pardiñas, 61",40.4320764087534,-3.67827616741625,CTT Express,Convenience stores,Private,Premises,Madrid,Expendeduria 837,"Calle del Gral. Pardiñas, 61",28006,,,
2266,Ctt Express,Convenience Stores,Privada,Premises,Madrid,28006,Prink Velazquez,"Calle Velázquez, 118",40.436669384692,-3.6830709618802,CTT Express,Convenience stores,Private,Premises,Madrid,Prink Velazquez,"Calle Velázquez, 118",28006,,,
2267,Ctt Express,Convenience Stores,Privada,Kiosk,Madrid,28006,Quiosco Ortega Y Gasset.,"C. de José Ortega y Gasset, 29",40.4307416457197,-3.68315039476931,CTT Express,Convenience stores,Private,Kiosk,Madrid,Quiosco Ortega Y Gasset.,"C. de José Ortega y Gasset, 29",28006,,,
2268,Ctt Express,Convenience Stores,Privada,Premises,Madrid,28006,Estanco 198,"Calle de Don Ramón de la Cruz, 115",40.4287076801624,-3.66976056270349,CTT Express,Convenience stores,Private,Premises,Madrid,Estanco 198,"Calle de Don Ramón de la Cruz, 115",28006,,,
2269,Ctt Express,Convenience Stores,Privada,Premises,Madrid,28006,Logitec Global Sl,"C. del Gral. Oráa, 59",40.4361270311001,-3.67795580903155,CTT Express,Convenience stores,Private,Premises,Madrid,Logitec Global Sl,"C. del Gral. Oráa, 59",28006,,,
2270,Ctt Express,Convenience Stores,Privada,Kiosk,Madrid,28006,Kiosko Peñalver,"C. del Conde de Peñalver, 37",40.4287442560396,-3.67566155468293,CTT Express,Convenience stores,Private,Kiosk,Madrid,Kiosko Peñalver,"C. del Conde de Peñalver, 37",28006,,,
2271,Ctt Express,Convenience Stores,Privada,Premises,Madrid,28006,Venezolanas Salon & Spa,"Calle de Alcántara, 63",40.4320715407232,-3.67359909538422,CTT Express,Convenience stores,Private,Premises,Madrid,Venezolanas Salon & Spa,"Calle de Alcántara, 63",28006,,,
2272,Ctt Express,Convenience Stores,Privada,Premises,Madrid,28006,Locutorio Marandu Jb,"Calle de Juan Bravo, 63",40.4330059661228,-3.67417047160246,CTT Express,Convenience stores,Private,Premises,Madrid,Locutorio Marandu Jb,"Calle de Juan Bravo, 63",28006,,,
2273,Ctt Express,Convenience Stores,Privada,Kiosk,Madrid,28006,Kiosko Gutierrez,"C. de José Ortega y Gasset, 68",40.4298843124176,-3.67448653538926,CTT Express,Convenience stores,Private,Kiosk,Madrid,Kiosko Gutierrez,"C. de José Ortega y Gasset, 68",28006,,,
2274,Ctt Express,Convenience Stores,Privada,Premises,Madrid,28007,Frutos Secos Gema,"C. del Dr. Esquerdo, 60",40.4170060836473,-3.66962403475692,CTT Express,Convenience stores,Private,Premises,Madrid,Frutos Secos Gema,"C. del Dr. Esquerdo, 60",28007,,,
2275,Ctt Express,Convenience Stores,Privada,Premises,Madrid,28007,Doce Treinta Y Cuatro,"C. del Dr. Esquerdo, 96",40.4111011556842,-3.67034546433143,CTT Express,Convenience stores,Private,Premises,Madrid,Doce Treinta Y Cuatro,"C. del Dr. Esquerdo, 96",28007,,,
2276,Ctt Express,Convenience Stores,Privada,Premises,Madrid,28007,Locutorio Isa Teleglobal,"C. de Abtao, 13",40.4045951909059,-3.67622597890624,CTT Express,Convenience stores,Private,Premises,Madrid,Locutorio Isa Teleglobal,"C. de Abtao, 13",28007,,,
2277,Ctt Express,Convenience Stores,Privada,Premises,Madrid,28007,Sol Internacional,"C. de Granada, 46",40.4029696634732,-3.67534100841243,CTT Express,Convenience stores,Private,Premises,Madrid,Sol Internacional,"C. de Granada, 46",28007,,,
2278,Ctt Express,Convenience Stores,Privada,Premises,Madrid,28007,Móviles Ciudad De Barcelona 75,"Av. de la Ciudad de Barcelona, 75",40.4020272119834,-3.6753192047043,CTT Express,Convenience stores,Private,Premises,Madrid,Móviles Ciudad De Barcelona 75,"Av. de la Ciudad de Barcelona, 75",28007,,,
2279,Ctt Express,Convenience Stores,Privada,Premises,Madrid,28007,Doce Treinta Y Cuatro,"C. del Dr. Esquerdo, 96, Local 2",40.4111338316537,-3.67032400531971,CTT Express,Convenience stores,Private,Premises,Madrid,Doce Treinta Y Cuatro,"C. del Dr. Esquerdo, 96, Local 2",28007,,,
2280,Ctt Express,Convenience Stores,Privada,Premises,Madrid,28007,Aia Inmobiliaria,"C. del Dr. Esquerdo, 124",40.4077261037512,-3.67047273792008,CTT Express,Convenience stores,Private,Premises,Madrid,Aia Inmobiliaria,"C. del Dr. Esquerdo, 124",28007,,,
2281,Ctt Express,Convenience Stores,Privada,Premises,Madrid,28007,La Guarida Del Vigilante,"C. de Sánchez Barcáiztegui, 29",40.4054414282298,-3.67363877920811,CTT Express,Convenience stores,Private,Premises,Madrid,La Guarida Del Vigilante,"C. de Sánchez Barcáiztegui, 29",28007,,,
2282,Ctt Express,Convenience Stores,Privada,Premises,Madrid,28007,Prink Avenida Barcelona,"Av. de la Ciudad de Barcelona, 49, Local 4",40.4034794043257,-3.67810088911872,CTT Express,Convenience stores,Private,Premises,Madrid,Prink Avenida Barcelona,"Av. de la Ciudad de Barcelona, 49, Local 4",28007,,,
2283,Ctt Express,Convenience Stores,Privada,Premises,Madrid,28007,Hope Phone,"C. de Abtao, 46",40.4065425373222,-3.67411006711117,CTT Express,Convenience stores,Private,Premises,Madrid,Hope Phone,"C. de Abtao, 46",28007,,,
2284,Ctt Express,Convenience Stores,Privada,Premises,Madrid,28008,Autoescuela Xtreme,"Gta. de San Antonio de la Florida, 1",40.426003069324,-3.72670083004864,CTT Express,Convenience stores,Private,Premises,Madrid,Autoescuela Xtreme,"Gta. de San Antonio de la Florida, 1",28008,,,
2285,Ctt Express,Convenience Stores,Privada,Supermarket,Madrid,28008,Supermarket E.M.,"P.o de la Florida, 23",40.4221593382524,-3.72222006117423,CTT Express,Convenience stores,Private,Supermarket,Madrid,Supermarket E.M.,"P.º de la Florida, 23",28008,,,
2286,Ctt Express,Convenience Stores,Privada,Premises,Madrid,28008,Locutorio Talal 2,"C. de Benito Gutiérrez, 10",40.4323003050829,-3.7184044903615,CTT Express,Convenience stores,Private,Premises,Madrid,Locutorio Talal 2,"C. de Benito Gutiérrez, 10",28008,,,
2287,Ctt Express,Convenience Stores,Privada,Premises,Madrid,28008,Kallpaprincipe,"Av. de Valladolid, 9",40.4264962331611,-3.72723364627653,CTT Express,Convenience stores,Private,Premises,Madrid,Kallpaprincipe,"Av. de Valladolid, 9",28008,,,
2288,Ctt Express,Convenience Stores,Privada,Premises,Madrid,28008,Ma Tecnologia Markt,"C. de Quintana, 9",40.4282257569379,-3.716979905313,CTT Express,Convenience stores,Private,Premises,Madrid,Ma Tecnologia Markt,"C. de Quintana, 9",28008,,,
2289,Ctt Express,Convenience Stores,Privada,Kiosk,Madrid,28009,Quiosco Narvaez,"C. de Narváez, 24",40.4221075597077,-3.67617565312366,CTT Express,Convenience stores,Private,Kiosk,Madrid,Quiosco Narvaez,"C. de Narváez, 24",28009,,,
2290,Ctt Express,Convenience Stores,Privada,Premises,Madrid,28009,Infotfix,"C. de Alcalá, 181",40.4272960695866,-3.67169089070761,CTT Express,Convenience stores,Private,Premises,Madrid,Infotfix,"C. de Alcalá, 181",28009,,,
2291,Ctt Express,Convenience Stores,Privada,Premises,Madrid,28009,Dalin Informatica,"C. de Menorca, 15",40.4198681762499,-3.67732875032298,CTT Express,Convenience stores,Private,Premises,Madrid,Dalin Informatica,"C. de Menorca, 15",28009,,,
2292,Ctt Express,Convenience Stores,Privada,Premises,Madrid,28009,Estanco Narvaez,"C. de Narváez, 76",40.4173027049323,-3.67653822361985,CTT Express,Convenience stores,Private,Premises,Madrid,Estanco Narvaez,"C. de Narváez, 76",28009,,,
2293,Ctt Express,Convenience Stores,Privada,Premises,Madrid,28009,Alimentacion Lope De Rueda,"C. de Lope de Rueda, 9",40.4231926315038,-3.67717487983429,CTT Express,Convenience stores,Private,Premises,Madrid,Alimentacion Lope De Rueda,"C. de Lope de Rueda, 9",28009,,,
2294,Ctt Express,Convenience Stores,Privada,Premises,Madrid,28009,Jose Movil Madrid,"C/ del Alcalde Sainz de Baranda, 49 Local 2",40.4170142100044,-3.67171613602225,CTT Express,Convenience stores,Private,Premises,Madrid,Jose Movil Madrid,"C/ del Alcalde Sainz de Baranda, 49 Local 2",28009,,,
2295,Ctt Express,Convenience Stores,Privada,Premises,Madrid,28009,China Qiu,"C/ de Fernán González, 31, Local",40.422123198561,-3.67398625156772,CTT Express,Convenience stores,Private,Premises,Madrid,China Qiu,"C/ de Fernán González, 31, Local",28009,,,
2296,Ctt Express,Convenience Stores,Privada,Kiosk,Madrid,28009,Quiosco Plaza Del Doctor Laguna,"Plaza del Doctor Laguna 1, 28009, Madrid",40.4155895265432,-3.67335314248784,CTT Express,Convenience stores,Private,kiosk,Madrid,Quiosco Plaza Del Doctor Laguna,"Plaza del Doctor Laguna 1, 28009, Madrid",28009,,,
2297,Ctt Express,Convenience Stores,Privada,Premises,Madrid,28010,Estanco Chamberi,"Calle de Sta Engracia, 36",40.432120374256,-3.69726295156226,CTT Express,Convenience stores,Private,Premises,Madrid,Estanco Chamberi,"Calle de Sta Engracia, 36",28010,,,
2298,Ctt Express,Convenience Stores,Privada,Premises,Madrid,28010,Locutorio Mila,"C. del Cardenal Cisneros, 64",40.4345227335484,-3.70273065032247,CTT Express,Convenience stores,Private,Premises,Madrid,Locutorio Mila,"C. del Cardenal Cisneros, 64",28010,,,
2299,Ctt Express,Convenience Stores,Privada,Premises,Madrid,28010,Hipertecno,"C/ del Gral. Álvarez de Castro, 23",40.436421595209,-3.70273986427976,CTT Express,Convenience stores,Private,Premises,Madrid,Hipertecno,"C/ del Gral. Álvarez de Castro, 23",28010,,,
2300,Ctt Express,Convenience Stores,Privada,Premises,Madrid,28010,Multiservicios Inti,"Calle de García de Paredes, 18",40.4371899698062,-3.70149739851981,CTT Express,Convenience stores,Private,Premises,Madrid,Multiservicios Inti,"Calle de García de Paredes, 18",28010,,,
2301,Ctt Express,Convenience Stores,Privada,Premises,Madrid,28010,To Refill Chamberí.,"Calle de Zurbano, 54",40.4345207976478,-3.69298993447033,CTT Express,Convenience stores,Private,Premises,Madrid,To Refill Chamberí.,"Calle de Zurbano, 54",28010,,,
2302,Ctt Express,Convenience Stores,Privada,Premises,Madrid,28010,Casa Julian,"C. del Cardenal Cisneros, 9",40.4301101455263,-3.7018141521882,CTT Express,Convenience stores,Private,Premises,Madrid,Casa Julian,"C. del Cardenal Cisneros, 9",28010,,,
2303,Ctt Express,Convenience Stores,Privada,Premises,Madrid,28010,Locutorio Mila,"C. del Cardenal Cisneros, 64",40.4344574044128,-3.70277356833089,CTT Express,Convenience stores,Private,Premises,Madrid,Locutorio Mila,"C. del Cardenal Cisneros, 64",28010,,,
2304,Ctt Express,Convenience Stores,Privada,Premises,Madrid,28010,Pekes Pet Shop,"Calle de García de Paredes, 6, L20",40.4370761636354,-3.70350386585271,CTT Express,Convenience stores,Private,Premises,Madrid,Pekes Pet Shop,"Calle de García de Paredes, 6, L20",28010,,,
2305,Ctt Express,Convenience Stores,Privada,Premises,Madrid,28011,Expendeduria 519,"C. de Guadarrama, 18",40.4110382026433,-3.7310156305443,CTT Express,Convenience stores,Private,Premises,Madrid,Expendeduria 519,"C. de Guadarrama, 18",28011,,,
2306,Ctt Express,Convenience Stores,Privada,Premises,Madrid,28011,Alimentacion Amigos,"C. de El Greco, 27 LOCAL 6",40.407492222047,-3.74696308873818,CTT Express,Convenience stores,Private,Premises,Madrid,Alimentacion Amigos,"C. de El Greco, 27 LOCAL 6",28011,,,
2307,Ctt Express,Convenience Stores,Privada,Premises,Madrid,28011,Envios Ing,"C. de Villavaliente, 3",40.4065960581167,-3.74933426305915,CTT Express,Convenience stores,Private,Premises,Madrid,Envios Ing,"C. de Villavaliente, 3",28011,,,
2308,Ctt Express,Convenience Stores,Privada,Premises,Madrid,28011,Mundo Movil,"C. de Caramuel, 5",40.4133099095977,-3.72685875510867,CTT Express,Convenience stores,Private,Premises,Madrid,Mundo Movil,"C. de Caramuel, 5",28011,,,
2309,Ctt Express,Convenience Stores,Privada,Premises,Madrid,28011,Alimentacion Fortuna,"C. Fortuna, 44",40.407745275471,-3.73505591613157,CTT Express,Convenience stores,Private,Premises,Madrid,Alimentacion Fortuna,"C. Fortuna, 44",28011,,,
2310,Ctt Express,Convenience Stores,Privada,Premises,Madrid,28011,Candy Fiesta,"P.o de Extremadura, 200",40.4076830149404,-3.74658106759876,CTT Express,Convenience stores,Private,Premises,Madrid,Candy Fiesta,"P.º de Extremadura, 200",28011,,,
2311,Ctt Express,Convenience Stores,Privada,Premises,Madrid,28011,Minishop,"P.o de Extremadura, 65",40.4125032674691,-3.73188799094114,CTT Express,Convenience stores,Private,Premises,Madrid,Minishop,"P.º de Extremadura, 65",28011,,,
2312,Ctt Express,Convenience Stores,Privada,Premises,Madrid,28011,Pepe Market,"Av. de Portugal, 161",40.4104638486634,-3.73894351370448,CTT Express,Convenience stores,Private,Premises,Madrid,Pepe Market,"Av. de Portugal, 161",28011,,,
2313,Ctt Express,Convenience Stores,Privada,Premises,Madrid,28011,Smart Mobile,"P.o de Extremadura, 154",40.4102005123684,-3.73868396785915,CTT Express,Convenience stores,Private,Premises,Madrid,Smart Mobile,"P.º de Extremadura, 154",28011,,,
2314,Ctt Express,Convenience Stores,Privada,Premises,Madrid,28011,Europhil,"C. de Caramuel, 16",40.4124594154137,-3.72709699681643,CTT Express,Convenience stores,Private,Premises,Madrid,Europhil,"C. de Caramuel, 16",28011,,,
2315,Ctt Express,Convenience Stores,Privada,Premises,Madrid,28012,El Estanco De Lavapies,"C. de Lavapiés, 41",40.4099308545208,-3.70217483467832,CTT Express,Convenience stores,Private,Premises,Madrid,El Estanco De Lavapies,"C. de Lavapiés, 41",28012,,,
2316,Ctt Express,Convenience Stores,Privada,Premises,Madrid,28012,Estanco De Tirso,"Calle del Dr Cortezo, 17",40.4128287823565,-3.70380803665651,CTT Express,Convenience stores,Private,Premises,Madrid,Estanco De Tirso,"Calle del Dr Cortezo, 17",28012,,,
2317,Ctt Express,Convenience Stores,Privada,Premises,Madrid,28012,Estanco Cabestreros,"C. de los Cabestreros, 17",40.4091009304081,-3.70521178045565,CTT Express,Convenience stores,Private,Premises,Madrid,Estanco Cabestreros,"C. de los Cabestreros, 17",28012,,,
2318,Ctt Express,Convenience Stores,Privada,Premises,Madrid,28012,Alimentacion Xu,"C. de Argumosa, 24, Local 20",40.4079737102105,-3.69716506364932,CTT Express,Convenience stores,Private,Premises,Madrid,Alimentacion Xu,"C. de Argumosa, 24, Local 20",28012,,,
2319,Ctt Express,Convenience Stores,Privada,Premises,Madrid,28012,Faiza Money Transfer,"C. del Amparo, 47",40.4095805210812,-3.70266063384377,CTT Express,Convenience stores,Private,Premises,Madrid,Faiza Money Transfer,"C. del Amparo, 47",28012,,,
2320,Ctt Express,Convenience Stores,Privada,Premises,Madrid,28012,Sr Tecnologia,"C. de Tribulete, 4",40.4085460574007,-3.70160481444419,CTT Express,Convenience stores,Private,Premises,Madrid,Sr Tecnologia,"C. de Tribulete, 4",28012,,,
2321,Ctt Express,Convenience Stores,Privada,Premises,Madrid,28012,Coco Hub,"C. del Sombrerete, 6",40.4092141559268,-3.70202664567132,CTT Express,Convenience stores,Private,Premises,Madrid,Coco Hub,"C. del Sombrerete, 6",28012,,,
2322,Ctt Express,Convenience Stores,Privada,Premises,Madrid,28012,Madina Telecom Money Transfer.,"C. de Embajadores, 5",40.4108727260537,-3.70672747568373,CTT Express,Convenience stores,Private,Premises,Madrid,Madina Telecom Money Transfer.,"C. de Embajadores, 5",28012,,,
2323,Ctt Express,Convenience Stores,Privada,Premises,Madrid,28012,M.N.B Telecom Telecom,"Pl. de Lavapiés, 8, Local Izda",40.4088134535351,-3.70130958169242,CTT Express,Convenience stores,Private,Premises,Madrid,M.N.B Telecom Telecom,"Pl. de Lavapiés, 8, Local Izda",28012,,,
2324,Ctt Express,Convenience Stores,Privada,Premises,Madrid,28012,Mobi Zone,"C. de Sta. Isabel, 28",40.4112549480747,-3.69850204764208,CTT Express,Convenience stores,Private,Premises,Madrid,Mobi Zone,"C. de Sta. Isabel, 28",28012,,,
2325,Ctt Express,Convenience Stores,Privada,Premises,Madrid,28013,Alimentacion,"Cuesta de Sto. Domingo, 10",40.4198159737748,-3.70956628660109,CTT Express,Convenience stores,Private,Premises,Madrid,Alimentacion,"Cuesta de Sto. Domingo, 10",28013,,,
2326,Ctt Express,Convenience Stores,Privada,Premises,Madrid,28013,Ciber Jisu,"C. de Leganitos, 22",40.4223229338223,-3.7103561798356,CTT Express,Convenience stores,Private,Premises,Madrid,Ciber Jisu,"C. de Leganitos, 22",28013,,,
2327,Ctt Express,Convenience Stores,Privada,Premises,Madrid,28013,Ciber Internet Locutorio,"Cost.a de los Ángeles, 12",40.4193347944124,-3.70804423194987,CTT Express,Convenience stores,Private,Premises,Madrid,Ciber Internet Locutorio,"Cost.ª de los Ángeles, 12",28013,,,
2328,Ctt Express,Convenience Stores,Privada,Premises,Madrid,28014,Tienda Abierta,"C. de Gutenberg, 3",40.4051108393875,-3.68175229380098,CTT Express,Convenience stores,Private,Premises,Madrid,Tienda Abierta,"C. de Gutenberg, 3",28014,,,
2329,Ctt Express,Convenience Stores,Privada,Premises,Madrid,28014,Tu Maskota Chula,"C. Andrés Torrejón, 10",40.4068970537035,-3.68184370839962,CTT Express,Convenience stores,Private,Premises,Madrid,Tu Maskota Chula,"C. Andrés Torrejón, 10",28014,,,
2330,Ctt Express,Convenience Stores,Privada,Premises,Madrid,28014,Tahrim Telecom.,"C. de Jesús, 7",40.4128868269858,-3.69554896396525,CTT Express,Convenience stores,Private,Premises,Madrid,Tahrim Telecom.,"C. de Jesús, 7",28014,,,
2331,Ctt Express,Convenience Stores,Privada,Premises,Madrid,28014,Sae Vigo,"C. de las Infantas, 1",40.4213387033809,-3.7010171357238,CTT Express,Convenience stores,Private,Premises,Madrid,Sae Vigo,"C. de las Infantas, 1",28014,,,
2332,Ctt Express,Convenience Stores,Privada,Premises,Madrid,28015,Estanco Moncloa,"C. de Fernando el Católico, 77",40.4346347924142,-3.71766216004798,CTT Express,Convenience stores,Private,Premises,Madrid,Estanco Moncloa,"C. de Fernando el Católico, 77",28015,,,
2333,Ctt Express,Convenience Stores,Privada,Premises,Madrid,28015,Debuenatinta Chamberi,"C. de Fernández de los Ríos, 77",40.4356970309137,-3.71503781857151,CTT Express,Convenience stores,Private,Premises,Madrid,Debuenatinta Chamberi,"C. de Fernández de los Ríos, 77",28015,,,
2334,Ctt Express,Convenience Stores,Privada,Premises,Madrid,28015,Happysim Fibra Express,"C. de Blasco de Garay, 43",40.4354033876736,-3.7115684022335,CTT Express,Convenience stores,Private,Premises,Madrid,Happysim Fibra Express,"C. de Blasco de Garay, 43",28015,,,
2335,Ctt Express,Convenience Stores,Privada,Premises,Madrid,28015,Tecniclub,"C. de Andrés Mellado, 5",40.4314435092732,-3.7149343444117,CTT Express,Convenience stores,Private,Premises,Madrid,Tecniclub,"C. de Andrés Mellado, 5",28015,,,
2336,Ctt Express,Convenience Stores,Privada,Premises,Madrid,28015,New Technology,"C. de Meléndez Valdés, 52",40.4340088482168,-3.71491996831723,CTT Express,Convenience stores,Private,Premises,Madrid,New Technology,"C. de Meléndez Valdés, 52",28015,,,
2337,Ctt Express,Convenience Stores,Privada,Premises,Madrid,28015,Bd Technology,"C. de Guzmán el Bueno, 57",40.4352474342956,-3.71331855218587,CTT Express,Convenience stores,Private,Premises,Madrid,Bd Technology,"C. de Guzmán el Bueno, 57",28015,,,
2338,Ctt Express,Convenience Stores,Privada,Premises,Madrid,28015,Pixel Store,"C. de Rodríguez San Pedro, 32",40.4320601410331,-3.71106832330499,CTT Express,Convenience stores,Private,Premises,Madrid,Pixel Store,"C. de Rodríguez San Pedro, 32",28015,,,
2339,Ctt Express,Convenience Stores,Privada,Premises,Madrid,28015,Frutos Secos Carmen,"C. de Bravo Murillo, 41",40.4376280931518,-3.70452260871932,CTT Express,Convenience stores,Private,Premises,Madrid,Frutos Secos Carmen,"C. de Bravo Murillo, 41",28015,,,
2340,Ctt Express,Convenience Stores,Privada,Premises,Madrid,28015,Locutorio Samy,"Calle de Antonio Grilo, 6",40.4236793934154,-3.70790652579009,CTT Express,Convenience stores,Private,Premises,Madrid,Locutorio Samy,"Calle de Antonio Grilo, 6",28015,,,
2341,Ctt Express,Convenience Stores,Privada,Premises,Madrid,28015,Space Mobil,"C. de Rodríguez San Pedro, 49",40.4318419416067,-3.71397017921452,CTT Express,Convenience stores,Private,Premises,Madrid,Space Mobil,"C. de Rodríguez San Pedro, 49",28015,,,
2342,Ctt Express,Convenience Stores,Privada,Premises,Madrid,28016,Estanco 416,"C. de la Drácena, 19",40.4633996128115,-3.67110513667924,CTT Express,Convenience stores,Private,Premises,Madrid,Estanco 416,"C. de la Drácena, 19",28016,,,
2343,Ctt Express,Convenience Stores,Privada,Kiosk,Madrid,28016,Kiosco Santiago,"C. de Sta. María Magdalena, 18",40.4637961013949,-3.67071520531355,CTT Express,Convenience stores,Private,Kiosk,Madrid,Kiosco Santiago,"C. de Sta. María Magdalena, 18",28016,,,
2344,Ctt Express,Convenience Stores,Privada,Premises,Madrid,28016,Emovigo Mercado Chamartin,"C. de Bolivia, 9",40.4576559028522,-3.67829097951521,CTT Express,Convenience stores,Private,Premises,Madrid,Emovigo Mercado Chamartin,"C. de Bolivia, 9",28016,,,
2345,Ctt Express,Convenience Stores,Privada,Premises,Madrid,28016,Mundo Del Movil,"C. del Príncipe de Vergara, 291",40.4603641725672,-3.67699630469173,CTT Express,Convenience stores,Private,Premises,Madrid,Mundo Del Movil,"C. del Príncipe de Vergara, 291",28016,,,
2346,Ctt Express,Convenience Stores,Privada,Premises,Madrid,28016,Alimentacion Xiaofen,"Av. de Alfonso XIII, 145",40.4604926876666,-3.67563107479121,CTT Express,Convenience stores,Private,Premises,Madrid,Alimentacion Xiaofen,"Av. de Alfonso XIII, 145",28016,,,
2347,Ctt Express,Convenience Stores,Privada,Premises,Madrid,28017,Faces,"C. de Pepe Isbert, 12",40.4225426878143,-3.62759327773632,CTT Express,Convenience stores,Private,Premises,Madrid,Faces,"C. de Pepe Isbert, 12",28017,,,
2348,Ctt Express,Convenience Stores,Privada,Premises,Madrid,28017,Papeleria Minfi,"C. de Emilio Ferrari, 88",40.4289934476235,-3.63942399232871,CTT Express,Convenience stores,Private,Premises,Madrid,Papeleria Minfi,"C. de Emilio Ferrari, 88",28017,,,
2349,Ctt Express,Convenience Stores,Privada,Premises,Madrid,28017,El Estanco De Olga,"C. del Río Ulla, 34",40.4328079837972,-3.64164174635199,CTT Express,Convenience stores,Private,Premises,Madrid,El Estanco De Olga,"C. del Río Ulla, 34",28017,,,
2350,Ctt Express,Convenience Stores,Privada,Premises,Madrid,28017,Origen Place.,"C. de Gutierre de Cetina, 73",40.4305878995113,-3.64143639693031,CTT Express,Convenience stores,Private,Premises,Madrid,Origen Place.,"C. de Gutierre de Cetina, 73",28017,,,
2351,Ctt Express,Convenience Stores,Privada,Premises,Madrid,28017,La Clinica Del Movil,"C. de Gutierre de Cetina, 78",40.4282793362801,-3.6399352940907,CTT Express,Convenience stores,Private,Premises,Madrid,La Clinica Del Movil,"C. de Gutierre de Cetina, 78",28017,,,
2352,Ctt Express,Convenience Stores,Privada,Premises,Madrid,28017,Tecno Cell,"C. de Ezequiel Solana, 100",40.4275273242509,-3.6425277519609,CTT Express,Convenience stores,Private,Premises,Madrid,Tecno Cell,"C. de Ezequiel Solana, 100",28017,,,
2353,Ctt Express,Convenience Stores,Privada,Premises,Madrid,28017,Esencias Y Aromas Ecuador Sl,"Av. del Marqués de Corbera, 40",40.4252571802715,-3.65241329540133,CTT Express,Convenience stores,Private,Premises,Madrid,Esencias Y Aromas Ecuador Sl,"Av. del Marqués de Corbera, 40",28017,,,
2354,Ctt Express,Convenience Stores,Privada,Premises,Madrid,28017,Bar Felipe,"C. Montejurra, 25",40.4255017704189,-3.65618832541635,CTT Express,Convenience stores,Private,Premises,Madrid,Bar Felipe,"C. Montejurra, 25",28017,,,
2355,Ctt Express,Convenience Stores,Privada,Premises,Madrid,28017,Locutorio El Grande,"C. del Río Ulla, 3",40.4352811089923,-3.64299072202915,CTT Express,Convenience stores,Private,Premises,Madrid,Locutorio El Grande,"C. del Río Ulla, 3",28017,,,
2356,Ctt Express,Convenience Stores,Privada,Premises,Madrid,28017,Gm Montos,"Av. del Marqués de Corbera, 62, LOCAL 1",40.4273640559693,-3.64949059333061,CTT Express,Convenience stores,Private,Premises,Madrid,Gm Montos,"Av. del Marqués de Corbera, 62, LOCAL 1",28017,,,
2357,Ctt Express,Convenience Stores,Privada,Premises,Madrid,28018,Frutos Secos Pikoteo,"C. del Puerto de la Morcuera, 30",40.3828820607281,-3.66575412323449,CTT Express,Convenience stores,Private,Premises,Madrid,Frutos Secos Pikoteo,"C. del Puerto de la Morcuera, 30",28018,,,
2358,Ctt Express,Convenience Stores,Privada,Premises,Madrid,28018,Estanco Torremolinos,"C. de Torremolinos, 8",40.384451634704,-3.64102097313837,CTT Express,Convenience stores,Private,Premises,Madrid,Estanco Torremolinos,"C. de Torremolinos, 8",28018,,,
2359,Ctt Express,Convenience Stores,Privada,Premises,Madrid,28018,Nss Locutorio,"C. Sierra del Cadí, 1",40.3933251282905,-3.66016302490846,CTT Express,Convenience stores,Private,Premises,Madrid,Nss Locutorio,"C. Sierra del Cadí, 1",28018,,,
2360,Ctt Express,Convenience Stores,Privada,Premises,Madrid,28018,Alimentacion E Informatica,"C. de Carlos Martín Álvarez, 75",40.3859991223788,-3.66624761561727,CTT Express,Convenience stores,Private,Premises,Madrid,Alimentacion E Informatica,"C. de Carlos Martín Álvarez, 75",28018,,,
2361,Ctt Express,Convenience Stores,Privada,Premises,Madrid,28018,Umer Locutorio.,"C. del Vizconde de Arlessón, 45",40.3823677680504,-3.66771106658214,CTT Express,Convenience stores,Private,Premises,Madrid,Umer Locutorio.,"C. del Vizconde de Arlessón, 45",28018,,,
2362,Ctt Express,Convenience Stores,Privada,Premises,Madrid,28018,Di+Moda,"C. Historias de la Radio, 4",40.3801083342444,-3.65584594724182,CTT Express,Convenience stores,Private,Premises,Madrid,Di+Moda,"C. Historias de la Radio, 4",28018,,,
2363,Ctt Express,Convenience Stores,Privada,Premises,Madrid,28018,Euroconexion Balbaran,"C. Carlos Aurioles, 37",40.381703729836,-3.66732285187913,CTT Express,Convenience stores,Private,Premises,Madrid,Euroconexion Balbaran,"C. Carlos Aurioles, 37",28018,,,
2364,Ctt Express,Convenience Stores,Privada,Premises,Madrid,28018,Rizq Digital Accesorios De Movil,"C. del Puerto de la Bonaigua, 30",40.3875481565387,-3.66449551265754,CTT Express,Convenience stores,Private,Premises,Madrid,Rizq Digital Accesorios De Movil,"C. del Puerto de la Bonaigua, 30",28018,,,
2365,Ctt Express,Convenience Stores,Privada,Premises,Madrid,28018,D ́Moda Peluqueros,"C. Teniente Muñoz Díaz, 2",40.3916005275817,-3.65792542379187,CTT Express,Convenience stores,Private,Premises,Madrid,D´Moda Peluqueros,"C. Teniente Muñoz Díaz, 2",28018,,,
2366,Ctt Express,Convenience Stores,Privada,Premises,Madrid,28018,Gsm Reparación,"C. de la Imagen, 34",40.3831890133557,-3.66829288155831,CTT Express,Convenience stores,Private,Premises,Madrid,Gsm Reparación,"C. de la Imagen, 34",28018,,,
2367,Ctt Express,Convenience Stores,Privada,Premises,Madrid,28019,Estanco Pedro Yague,"C. Pedro Yagüe, 2",40.3930378968204,-3.7084468172825,CTT Express,Convenience stores,Private,Premises,Madrid,Estanco Pedro Yague,"C. Pedro Yagüe, 2",28019,,,
2368,Ctt Express,Convenience Stores,Privada,Premises,Madrid,28019,Viajes Solparaiso,"Calle de Antonio López, 61",40.3946857699865,-3.70841528010681,CTT Express,Convenience stores,Private,Premises,Madrid,Viajes Solparaiso,"Calle de Antonio López, 61",28019,,,
2369,Ctt Express,Convenience Stores,Privada,Premises,Madrid,28019,Essenzia,"Calle de Antonio López, 7",40.3972733703622,-3.71411069815351,CTT Express,Convenience stores,Private,Premises,Madrid,Essenzia,"Calle de Antonio López, 7",28019,,,
2370,Ctt Express,Convenience Stores,Privada,Premises,Madrid,28019,Expenduduria 394,"Calle de Antonio López, 28",40.3963834933254,-3.71307236733181,CTT Express,Convenience stores,Private,Premises,Madrid,Expenduduria 394,"Calle de Antonio López, 28",28019,,,
2371,Ctt Express,Convenience Stores,Privada,Premises,Madrid,28019,Estanco 236-Madrid,"C. de Jacinto Verdaguer, 36",40.3955002142891,-3.71895892569092,CTT Express,Convenience stores,Private,Premises,Madrid,Estanco 236-Madrid,"C. de Jacinto Verdaguer, 36",28019,,,
2372,Ctt Express,Convenience Stores,Privada,Supermarket,Madrid,28019,Supermercado,"C. de Antonio de Leyva, 41",40.3914301267395,-3.71533173320022,CTT Express,Convenience stores,Private,Supermarket,Madrid,Supermercado,"C. de Antonio de Leyva, 41",28019,,,
2373,Ctt Express,Convenience Stores,Privada,Premises,Madrid,28019,S&H Líquidaciones,"C. del Camino Viejo de Leganés, 23",40.3920335982909,-3.72408492476223,CTT Express,Convenience stores,Private,Premises,Madrid,S&H Líquidaciones,"C. del Camino Viejo de Leganés, 23",28019,,,
2374,Ctt Express,Convenience Stores,Privada,Premises,Madrid,28019,Mobile Bazar,"Av. de Oporto, 59",40.3865476393399,-3.72836375226449,CTT Express,Convenience stores,Private,Premises,Madrid,Mobile Bazar,"Av. de Oporto, 59",28019,,,
2375,Ctt Express,Convenience Stores,Privada,Premises,Madrid,28019,Western Union Martin Arias,"C. Vicente Martín Arias, 2",40.396327573291,-3.71363426334226,CTT Express,Convenience stores,Private,Premises,Madrid,Western Union Martin Arias,"C. Vicente Martín Arias, 2",28019,,,
2376,Ctt Express,Convenience Stores,Privada,Premises,Madrid,28019,My Phone,"Gta. Marqués de Vadillo, 1",40.3973707390206,-3.71513647274172,CTT Express,Convenience stores,Private,Premises,Madrid,My Phone,"Gta. Marqués de Vadillo, 1",28019,,,
2377,Ctt Express,Convenience Stores,Privada,Kiosk,Madrid,28020,Kiosco Ronda,"C. de Orense, 33",40.4532870953208,-3.69514780995277,CTT Express,Convenience stores,Private,Kiosk,Madrid,Kiosco Ronda,"C. de Orense, 33",28020,,,
2378,Ctt Express,Convenience Stores,Privada,Premises,Madrid,28020,Estanco,"C. de Orense, 35",40.4535132786512,-3.69514360809944,CTT Express,Convenience stores,Private,Premises,Madrid,Estanco,"C. de Orense, 35",28020,,,
2379,Ctt Express,Convenience Stores,Privada,Premises,Madrid,28020,Estanco Dulcinea,"C. de Dulcinea, 67",40.4525296598785,-3.69957556521849,CTT Express,Convenience stores,Private,Premises,Madrid,Estanco Dulcinea,"C. de Dulcinea, 67",28020,,,
2380,Ctt Express,Convenience Stores,Privada,Premises,Madrid,28020,Estanco Infanta Mercedes 70,"C. de la Infanta Mercedes, 70",40.4612298032881,-3.69583482267456,CTT Express,Convenience stores,Private,Premises,Madrid,Estanco Infanta Mercedes 70,"C. de la Infanta Mercedes, 70",28020,,,
2381,Ctt Express,Convenience Stores,Privada,Premises,Madrid,28020,Expendeduria 330 Madrid.,"Av. del General Perón, 16",40.4523967897945,-3.69694973790796,CTT Express,Convenience stores,Private,Premises,Madrid,Expendeduria 330 Madrid.,"Av. del General Perón, 16",28020,,,
2382,Ctt Express,Convenience Stores,Privada,Premises,Madrid,28020,Estanco 692 Infanta Mercedes,"C. de la Infanta Mercedes, 10",40.4543239193854,-3.69886623602276,CTT Express,Convenience stores,Private,Premises,Madrid,Estanco 692 Infanta Mercedes,"C. de la Infanta Mercedes, 10",28020,,,
2383,Ctt Express,Convenience Stores,Privada,Premises,Madrid,28020,Alvera Impresión,"C. de San Germán, 72",40.4577747195421,-3.70078825001362,CTT Express,Convenience stores,Private,Premises,Madrid,Alvera Impresión,"C. de San Germán, 72",28020,,,
2384,Ctt Express,Convenience Stores,Privada,Premises,Madrid,28020,Estanco Tetuán 777,"C. de Bravo Murillo, 293",40.4612643119911,-3.6984245475124,CTT Express,Convenience stores,Private,Premises,Madrid,Estanco Tetuán 777,"C. de Bravo Murillo, 293",28020,,,
2385,Ctt Express,Convenience Stores,Privada,Premises,Madrid,28020,Ferreteria Perfumeria Cuzco Ferrcash,"C. del Poeta Joan Maragall, 19",40.4572949023213,-3.69244685070379,CTT Express,Convenience stores,Private,Premises,Madrid,Ferreteria Perfumeria Cuzco Ferrcash,"C. del Poeta Joan Maragall, 19",28020,,,
2386,Ctt Express,Convenience Stores,Privada,Premises,Madrid,28020,Raj Telefonia,"C. de Bravo Murillo, 225",40.4571910858521,-3.70211169442169,CTT Express,Convenience stores,Private,Premises,Madrid,Raj Telefonia,"C. de Bravo Murillo, 225",28020,,,
2387,Ctt Express,Convenience Stores,Privada,Premises,Madrid,28021,"Papeleria Del Pino, Regalos Y Loteria","C. de José del Pino, 80",40.3512640272869,-3.68663736831874,CTT Express,Convenience stores,Private,Premises,Madrid,"Papeleria Del Pino, Regalos Y Loteria","C. de José del Pino, 80",28021,,,
2388,Ctt Express,Convenience Stores,Privada,Premises,Madrid,28021,Estanco - Madrid 763,"Calle del Dr. Martín Arévalo, 4",40.3463673928318,-3.70828353328611,CTT Express,Convenience stores,Private,Premises,Madrid,Estanco - Madrid 763,"Calle del Dr. Martín Arévalo, 4",28021,,,
2389,Ctt Express,Convenience Stores,Privada,Premises,Madrid,28021,Locutorio Medina,"Calle Encarnación Oviol, 48",40.3506883136667,-3.68731618649416,CTT Express,Convenience stores,Private,Premises,Madrid,Locutorio Medina,"Calle Encarnación Oviol, 48",28021,,,
2390,Ctt Express,Convenience Stores,Privada,Premises,Madrid,28021,Betania Libreria Y Papelería,"C. de San Aureliano, 3",40.3429924079943,-3.71539564592799,CTT Express,Convenience stores,Private,Premises,Madrid,Betania Libreria Y Papelería,"C. de San Aureliano, 3",28021,,,
2391,Ctt Express,Convenience Stores,Privada,Premises,Madrid,28021,Papeleria Y Libreria Arcoiris,"C. de Juan José Martínez Seco, 68",40.3519476429547,-3.68560804203784,CTT Express,Convenience stores,Private,Premises,Madrid,Papeleria Y Libreria Arcoiris,"C. de Juan José Martínez Seco, 68",28021,,,
2392,Ctt Express,Convenience Stores,Privada,Premises,Madrid,28021,El Rincón De La Costura,"C. de Andrea Jordán, 11, A",40.3519226673037,-3.68565763503098,CTT Express,Convenience stores,Private,Premises,Madrid,El Rincón De La Costura,"C. de Andrea Jordán, 11, A",28021,,,
2393,Ctt Express,Convenience Stores,Privada,Premises,Madrid,28021,Ecuazaruma Sociedad Limitada,"C. de Juan Peñalver, 66, LOCAL 2",40.3442675806043,-3.71385154505645,CTT Express,Convenience stores,Private,Premises,Madrid,Ecuazaruma Sociedad Limitada,"C. de Juan Peñalver, 66, LOCAL 2",28021,,,
2394,Ctt Express,Convenience Stores,Privada,Premises,Madrid,28021,Locutorio Cibao 2.,"Av. Real de Pinto, 32",40.3460265157109,-3.70645820050652,CTT Express,Convenience stores,Private,Premises,Madrid,Locutorio Cibao 2.,"Av. Real de Pinto, 32",28021,,,
2395,Ctt Express,Convenience Stores,Privada,Premises,Madrid,28021,La Planada,"P.o Talleres, 66",40.3475590764068,-3.70541856237898,CTT Express,Convenience stores,Private,Premises,Madrid,La Planada,"P.º Talleres, 66",28021,,,
2396,Ctt Express,Convenience Stores,Privada,Premises,Madrid,28021,Locutorio Sunmoon 2,"Av. Real de Pinto, 6",40.3483861636459,-3.70627544653905,CTT Express,Convenience stores,Private,Premises,Madrid,Locutorio Sunmoon 2,"Av. Real de Pinto, 6",28021,,,
2397,Ctt Express,Convenience Stores,Privada,Premises,Madrid,28022,El Rincon De La Lectura,"C. Once, 2, LOCAL 4",40.4446445530126,-3.59536703511784,CTT Express,Convenience stores,Private,Premises,Madrid,El Rincon De La Lectura,"C. Once, 2, LOCAL 4",28022,,,
2398,Ctt Express,Convenience Stores,Privada,Premises,Madrid,28022,Peluqueria Almudena,"C. de San Mariano, 33",40.4426616370882,-3.61226284051396,CTT Express,Convenience stores,Private,Premises,Madrid,Peluqueria Almudena,"C. de San Mariano, 33",28022,,,
2399,Ctt Express,Convenience Stores,Privada,Premises,Madrid,28022,Expendeduria 255,"C. Valderrobres, 4",40.4447009196671,-3.61122722419116,CTT Express,Convenience stores,Private,Premises,Madrid,Expendeduria 255,"C. Valderrobres, 4",28022,,,
2400,Ctt Express,Convenience Stores,Privada,Premises,Madrid,28022,Estanco Vega,"C. Ribadumia, 2",40.4417115615163,-3.61079495255599,CTT Express,Convenience stores,Private,Premises,Madrid,Estanco Vega,"C. Ribadumia, 2",28022,,,
2401,Ctt Express,Convenience Stores,Privada,Premises,Madrid,28022,Rmc Servicios,"C. de Nicolasa Gómez, 72",40.4395048193498,-3.61249052180777,CTT Express,Convenience stores,Private,Premises,Madrid,Rmc Servicios,"C. de Nicolasa Gómez, 72",28022,,,
2402,Ctt Express,Convenience Stores,Privada,Premises,Madrid,28022,Pruebas Internas Celeritas,"C. de San Germán, 39",40.4569661923848,-3.69920167640965,CTT Express,Convenience stores,Private,Premises,Madrid,Pruebas Internas Celeritas,"C. de San Germán, 39",28022,,,
2403,Ctt Express,Convenience Stores,Privada,Premises,Madrid,28022,Papeleria &Hobby,"C. de Suecia, 21",40.4232046316347,-3.6067495347172,CTT Express,Convenience stores,Private,Premises,Madrid,Papeleria &Hobby,"C. de Suecia, 21",28022,,,
2404,Ctt Express,Convenience Stores,Privada,Premises,Madrid,28022,Bel Art,"C. de Sofía, 56",40.4283902393477,-3.60110811957347,CTT Express,Convenience stores,Private,Premises,Madrid,Bel Art,"C. de Sofía, 56",28022,,,
2405,Ctt Express,Convenience Stores,Privada,Premises,Madrid,28022,Multiservicios A Y J,"C. de Alcalá, 644",40.4490858915123,-3.6082233134091,CTT Express,Convenience stores,Private,Premises,Madrid,Multiservicios A Y J,"C. de Alcalá, 644",28022,,,
2406,Ctt Express,Convenience Stores,Privada,Premises,Madrid,28022,Locutorio Jlm,"C. de Troya, 32",40.4352231428778,-3.61134524429142,CTT Express,Convenience stores,Private,Premises,Madrid,Locutorio Jlm,"C. de Troya, 32",28022,,,
2407,Ctt Express,Convenience Stores,Privada,Premises,Madrid,28023,Locutorio El Profe,"C. de Caroli, 14",40.4576665328048,-3.7840775430361,CTT Express,Convenience stores,Private,Premises,Madrid,Locutorio El Profe,"C. de Caroli, 14",28023,,,
2408,Ctt Express,Convenience Stores,Privada,Premises,Madrid,28023,Bar Galco,"C. del Seis de Diciembre, 24",40.4500859108234,-3.77287156874291,CTT Express,Convenience stores,Private,Premises,Madrid,Bar Galco,"C. del Seis de Diciembre, 24",28023,,,
2409,Ctt Express,Convenience Stores,Privada,Premises,Madrid,28024,Nelpa,"C. de Galicia, 3",40.39734183807,-3.77107189650017,CTT Express,Convenience stores,Private,Premises,Madrid,Nelpa,"C. de Galicia, 3",28024,,,
2410,Ctt Express,Convenience Stores,Privada,Premises,Madrid,28024,Pharmanatur,"C. de Illescas, 81",40.3953083390941,-3.76244757096586,CTT Express,Convenience stores,Private,Premises,Madrid,Pharmanatur,"C. de Illescas, 81",28024,,,
2411,Ctt Express,Convenience Stores,Privada,Kiosk,Madrid,28024,Kiosco De Prensa Illescas,"C. de Illescas, 5",40.3970936397595,-3.76559637432183,CTT Express,Convenience stores,Private,Kiosk,Madrid,Kiosco De Prensa Illescas,"C. de Illescas, 5",28024,,,
2412,Ctt Express,Convenience Stores,Privada,Premises,Madrid,28024,Bazar El Parque,"C. de Fuente de Lima, 5",40.3839486019407,-3.78334201687697,CTT Express,Convenience stores,Private,Premises,Madrid,Bazar El Parque,"C. de Fuente de Lima, 5",28024,,,
2413,Ctt Express,Convenience Stores,Privada,Premises,Madrid,28024,Beverly,"P.o de los Lanceros, 2",40.3795478761028,-3.79260095500749,CTT Express,Convenience stores,Private,Premises,Madrid,Beverly,"P.º de los Lanceros, 2",28024,,,
2414,Ctt Express,Convenience Stores,Privada,Premises,Madrid,28024,€Uroconexion 06 Fuentesauco,"C. Fuentesaúco, 11",40.3979794125228,-3.77203290015825,CTT Express,Convenience stores,Private,Premises,Madrid,€Uroconexion 06 Fuentesauco,"C. Fuentesaúco, 11",28024,,,
2415,Ctt Express,Convenience Stores,Privada,Premises,Madrid,28024,Western Unión Illescas,"C. de Illescas, 91",40.3946265182668,-3.76260677616317,CTT Express,Convenience stores,Private,Premises,Madrid,Western Unión Illescas,"C. de Illescas, 91",28024,,,
2416,Ctt Express,Convenience Stores,Privada,Premises,Madrid,28024,Locutorio El Ambar,"C. de Seseña, 69, LOCAL 1",40.3976331006045,-3.76436550258366,CTT Express,Convenience stores,Private,Premises,Madrid,Locutorio El Ambar,"C. de Seseña, 69, LOCAL 1",28024,,,
2417,Ctt Express,Convenience Stores,Privada,Premises,Madrid,28024,Smart Repair,"C. de Maqueda, 134, local 2",40.3880936508815,-3.76232966955153,CTT Express,Convenience stores,Private,Premises,Madrid,Smart Repair,"C. de Maqueda, 134, local 2",28024,,,
2418,Ctt Express,Convenience Stores,Privada,Premises,Madrid,28024,Locutorio Azua,"C. de Galicia, 3",40.3973337695266,-3.77102933759947,CTT Express,Convenience stores,Private,Premises,Madrid,Locutorio Azua,"C. de Galicia, 3",28024,,,
2419,Ctt Express,Convenience Stores,Privada,Premises,Madrid,28025,Expendiduria 574,"Calle del Gral. Ricardos, 244",40.3839579729783,-3.74080269627914,CTT Express,Convenience stores,Private,Premises,Madrid,Expendiduria 574,"Calle del Gral. Ricardos, 244",28025,,,
2420,Ctt Express,Convenience Stores,Privada,Premises,Madrid,28025,Locutorio Internet.,"P.o de Marcelino Camacho, 54",40.3875233820539,-3.7435438298763,CTT Express,Convenience stores,Private,Premises,Madrid,Locutorio Internet.,"P.º de Marcelino Camacho, 54",28025,,,
2421,Ctt Express,Convenience Stores,Privada,Premises,Madrid,28025,Master Ocio,"C. de Eugenia de Montijo, 65",40.3782316105556,-3.74816906341513,CTT Express,Convenience stores,Private,Premises,Madrid,Master Ocio,"C. de Eugenia de Montijo, 65",28025,,,
2422,Ctt Express,Convenience Stores,Privada,Premises,Madrid,28025,Cositas De Mi Tierra,"C. Alondra, 41",40.388123306754,-3.73874057772311,CTT Express,Convenience stores,Private,Premises,Madrid,Cositas De Mi Tierra,"C. Alondra, 41",28025,,,
2423,Ctt Express,Convenience Stores,Privada,Premises,Madrid,28025,Mobile Bazar Ii,"C. de la Oca, 70",40.3895250323936,-3.73959274685697,CTT Express,Convenience stores,Private,Premises,Madrid,Mobile Bazar Ii,"C. de la Oca, 70",28025,,,
2424,Ctt Express,Convenience Stores,Privada,Premises,Madrid,28025,Info Repuestos,"C. Eduardo Morales, 7",40.3898151422994,-3.73734892600348,CTT Express,Convenience stores,Private,Premises,Madrid,Info Repuestos,"C. Eduardo Morales, 7",28025,,,
2425,Ctt Express,Convenience Stores,Privada,Premises,Madrid,28025,Viva Componentes,"C. San Sinesio, 2",40.3881958141235,-3.74237459703963,CTT Express,Convenience stores,Private,Premises,Madrid,Viva Componentes,"C. San Sinesio, 2",28025,,,
2426,Ctt Express,Convenience Stores,Privada,Premises,Madrid,28025,Los Ramirez,"C. de la Laguna, 101",40.3902377065718,-3.74196329765672,CTT Express,Convenience stores,Private,Premises,Madrid,Los Ramirez,"C. de la Laguna, 101",28025,,,
2427,Ctt Express,Convenience Stores,Privada,Premises,Madrid,28025,Yp Belleza Y Glamur,"C. de la Laguna, 74",40.3874066048362,-3.74212379722046,CTT Express,Convenience stores,Private,Premises,Madrid,Yp Belleza Y Glamur,"C. de la Laguna, 74",28025,,,
2428,Ctt Express,Convenience Stores,Privada,Premises,Madrid,28025,La Plaza Del Movil,"C. de la Laguna, 40",40.3899797637116,-3.74223803185692,CTT Express,Convenience stores,Private,Premises,Madrid,La Plaza Del Movil,"C. de la Laguna, 40",28025,,,
2429,Ctt Express,Convenience Stores,Privada,Premises,Madrid,28026,El Dedal De Cristal,"C. San Armengol, 5",40.3897078176739,-3.6999061127871,CTT Express,Convenience stores,Private,Premises,Madrid,El Dedal De Cristal,"C. San Armengol, 5",28026,,,
2430,Ctt Express,Convenience Stores,Privada,Premises,Madrid,28026,Gift Center,"C. de Marcelo Usera, 15",40.3870931197486,-3.70097776621976,CTT Express,Convenience stores,Private,Premises,Madrid,Gift Center,"C. de Marcelo Usera, 15",28026,,,
2431,Ctt Express,Convenience Stores,Privada,Premises,Madrid,28026,Mini Market Usera,"C. de Amparo Usera, 8",40.3884050442052,-3.7009071266111,CTT Express,Convenience stores,Private,Premises,Madrid,Mini Market Usera,"C. de Amparo Usera, 8",28026,,,
2432,Ctt Express,Convenience Stores,Privada,Premises,Madrid,28026,Parada Amarilla Olvido,"C. del Olvido, 29",40.3859973478492,-3.70260951328866,CTT Express,Convenience stores,Private,Premises,Madrid,Parada Amarilla Olvido,"C. del Olvido, 29",28026,,,
2433,Ctt Express,Convenience Stores,Privada,Premises,Madrid,28026,Aks Locutorio,"Calle de Antonio López, 156",40.389722388363,-3.70136575493537,CTT Express,Convenience stores,Private,Premises,Madrid,Aks Locutorio,"Calle de Antonio López, 156",28026,,,
2434,Ctt Express,Convenience Stores,Privada,Premises,Madrid,28026,Alimentación Y Bazar Frutas,"Av Cerro de los Ángeles, 25",40.3785693453295,-3.7122351363694,CTT Express,Convenience stores,Private,Premises,Madrid,Alimentación Y Bazar Frutas,"Av Cerro de los Ángeles, 25",28026,,,
2435,Ctt Express,Convenience Stores,Privada,Premises,Madrid,28026,Zona Movil Usera,"C. de Marcelo Usera, 78",40.386106624732,-3.70588616897053,CTT Express,Convenience stores,Private,Premises,Madrid,Zona Movil Usera,"C. de Marcelo Usera, 78",28026,,,
2436,Ctt Express,Convenience Stores,Privada,Premises,Madrid,28026,Arvi Travel Viajes,"C. de Gabriel Usera, 6",40.386920814512,-3.7090463876411,CTT Express,Convenience stores,Private,Premises,Madrid,Arvi Travel Viajes,"C. de Gabriel Usera, 6",28026,,,
2437,Ctt Express,Convenience Stores,Privada,Premises,Madrid,28026,Edisosa Sl,"Calle Isidra Jiménez, 3",40.3834770345913,-3.70641888758452,CTT Express,Convenience stores,Private,Premises,Madrid,Edisosa Sl,"Calle Isidra Jiménez, 3",28026,,,
2438,Ctt Express,Convenience Stores,Privada,Premises,Madrid,28026,Bazar Verde,"Av Cerro de los Ángeles, 24",40.3793460161264,-3.71282489853059,CTT Express,Convenience stores,Private,Premises,Madrid,Bazar Verde,"Av Cerro de los Ángeles, 24",28026,,,
2439,Ctt Express,Convenience Stores,Privada,Premises,Madrid,28027,Workme Tecnologia . Papeleria,"C. de José del Hierro, 52",40.4403309987043,-3.64362905567057,CTT Express,Convenience stores,Private,Premises,Madrid,Workme Tecnologia . Papeleria,"C. de José del Hierro, 52",28027,,,
2440,Ctt Express,Convenience Stores,Privada,Premises,Madrid,28027,Tienda Workme,"C. de Aristóteles, 5",40.4430195725712,-3.65158775547812,CTT Express,Convenience stores,Private,Premises,Madrid,Tienda Workme,"C. de Aristóteles, 5",28027,,,
2441,Ctt Express,Convenience Stores,Privada,Premises,Madrid,28027,El Árbol De La Vida,"C. del Gral. Aranaz, 42",40.4423910278054,-3.63781854755046,CTT Express,Convenience stores,Private,Premises,Madrid,El Árbol De La Vida,"C. del Gral. Aranaz, 42",28027,,,
2442,Ctt Express,Convenience Stores,Privada,Premises,Madrid,28027,Estanco 404 De Madrid,"C. de Alcalá, 461",40.4393502879369,-3.63390631175358,CTT Express,Convenience stores,Private,Premises,Madrid,Estanco 404 De Madrid,"C. de Alcalá, 461",28027,,,
2443,Ctt Express,Convenience Stores,Privada,Premises,Madrid,28027,Bar Cafe 204,"C. de Emilio Gastesi Fernández, 22",40.4359821767791,-3.64704550762041,CTT Express,Convenience stores,Private,Premises,Madrid,Bar Cafe 204,"C. de Emilio Gastesi Fernández, 22",28027,,,
2444,Ctt Express,Convenience Stores,Privada,Premises,Madrid,28027,El Manantial,"C. de Elfo, 76",40.4343638896164,-3.6485043352025,CTT Express,Convenience stores,Private,Premises,Madrid,El Manantial,"C. de Elfo, 76",28027,,,
2445,Ctt Express,Convenience Stores,Privada,Premises,Madrid,28027,Asiya Telecom,"C. de Alcalá, 256",40.4321813934084,-3.65464898387174,CTT Express,Convenience stores,Private,Premises,Madrid,Asiya Telecom,"C. de Alcalá, 256",28027,,,
2446,Ctt Express,Convenience Stores,Privada,Premises,Madrid,28027,Barco Express 1 Alcala,"C. de Alcalá, 248, LOCAL 1",40.4321404321663,-3.65549739735489,CTT Express,Convenience stores,Private,Premises,Madrid,Barco Express 1 Alcala,"C. de Alcalá, 248, LOCAL 1",28027,,,
2447,Ctt Express,Convenience Stores,Privada,Premises,Madrid,28027,Huerta De Amin,"C. Virgen del Sagrario, 34",40.4387250149908,-3.65094696243244,CTT Express,Convenience stores,Private,Premises,Madrid,Huerta De Amin,"C. Virgen del Sagrario, 34",28027,,,
2448,Ctt Express,Convenience Stores,Privada,Premises,Madrid,28027,Locutorio Kamy,"C. de Esteban Mora, 51",40.4395957735441,-3.65310709290315,CTT Express,Convenience stores,Private,Premises,Madrid,Locutorio Kamy,"C. de Esteban Mora, 51",28027,,,
2449,Ctt Express,Convenience Stores,Privada,Kiosk,Madrid,28028,Kiosco Galindo,"Pl. de América Española, 2",40.4293683516913,-3.66236887224309,CTT Express,Convenience stores,Private,Kiosk,Madrid,Kiosco Galindo,"Pl. de América Española, 2",28028,,,
2450,Ctt Express,Convenience Stores,Privada,Premises,Madrid,28028,The Phone Shop,"C. de Cartagena, 5",40.4312455097103,-3.67068005280941,CTT Express,Convenience stores,Private,Premises,Madrid,The Phone Shop,"C. de Cartagena, 5",28028,,,
2451,Ctt Express,Convenience Stores,Privada,Premises,Madrid,28028,La Casa Del Cartucho,"C/ de Francisco Silvela, 72",40.4363380557808,-3.67559313321256,CTT Express,Convenience stores,Private,Premises,Madrid,La Casa Del Cartucho,"C/ de Francisco Silvela, 72",28028,,,
2452,Ctt Express,Convenience Stores,Privada,Premises,Madrid,28028,Locutorio Multiservicios,"C. de Hermosilla, 143",40.4258705672321,-3.66790400531377,CTT Express,Convenience stores,Private,Premises,Madrid,Locutorio Multiservicios,"C. de Hermosilla, 143",28028,,,
2453,Ctt Express,Convenience Stores,Privada,Premises,Madrid,28028,Foto Express Bruselas,"Av. de Bruselas, 53",40.4392762021136,-3.66321518785638,CTT Express,Convenience stores,Private,Premises,Madrid,Foto Express Bruselas,"Av. de Bruselas, 53",28028,,,
2454,Ctt Express,Convenience Stores,Privada,Premises,Madrid,28028,Mundo Del Movil,"Calle de Colomer, 3",40.4341677333951,-3.66462626493595,CTT Express,Convenience stores,Private,Premises,Madrid,Mundo Del Movil,"Calle de Colomer, 3",28028,,,
2455,Ctt Express,Convenience Stores,Privada,Premises,Madrid,28028,Sabway Madrid,"C. de Cartagena, 57",40.4367293273415,-3.67019987920829,CTT Express,Convenience stores,Private,Premises,Madrid,Sabway Madrid,"C. de Cartagena, 57",28028,,,
2456,Ctt Express,Convenience Stores,Privada,Premises,Madrid,28028,El Geniux,"Av. de los Toreros, 43",40.4325043405494,-3.66760318363282,CTT Express,Convenience stores,Private,Premises,Madrid,El Geniux,"Av. de los Toreros, 43",28028,,,
2457,Ctt Express,Convenience Stores,Privada,Premises,Madrid,28028,Locutorio Marandu,"C. de Ardemans, 44",40.4356451280256,-3.67341706749656,CTT Express,Convenience stores,Private,Premises,Madrid,Locutorio Marandu,"C. de Ardemans, 44",28028,,,
2458,Ctt Express,Convenience Stores,Privada,Premises,Madrid,28028,Estanco 602,"C/ de Francisco Silvela, 76",40.4365328880384,-3.67591914814398,CTT Express,Convenience stores,Private,Premises,Madrid,Estanco 602,"C/ de Francisco Silvela, 76",28028,,,
2459,Ctt Express,Convenience Stores,Privada,Kiosk,Madrid,28029,Kiosco Prensa Maria Luisa,"C/ de Ribadavia, 29",40.4731779508555,-3.70830151377558,CTT Express,Convenience stores,Private,Kiosk,Madrid,Kiosco Prensa Maria Luisa,"C/ de Ribadavia, 29",28029,,,
2460,Ctt Express,Convenience Stores,Privada,Kiosk,Madrid,28029,El Kiosko De Jesus,"C. de Ginzo de Limia, 25",40.478256126585,-3.70404378572842,CTT Express,Convenience stores,Private,Kiosk,Madrid,El Kiosko De Jesus,"C. de Ginzo de Limia, 25",28029,,,
2461,Ctt Express,Convenience Stores,Privada,Kiosk,Madrid,28029,Quiosco Prensa Pablo,C. de Melchor Fernández Almagro & C. de la Villa de Marín,40.4780739393795,-3.69911376309425,CTT Express,Convenience stores,Private,Kiosk,Madrid,Quiosco Prensa Pablo,C. de Melchor Fernández Almagro & C. de la Villa de Marín,28029,,,
2462,Ctt Express,Convenience Stores,Privada,Premises,Madrid,28029,Disache,"C. Pinos Alta, 33",40.4668316885638,-3.69674876309391,CTT Express,Convenience stores,Private,Premises,Madrid,Disache,"C. Pinos Alta, 33",28029,,,
2463,Ctt Express,Convenience Stores,Privada,Premises,Madrid,28029,Kamikaze Freak Shop,"C. de Ponferrada, 11",40.475277147686,-3.71340576771475,CTT Express,Convenience stores,Private,Premises,Madrid,Kamikaze Freak Shop,"C. de Ponferrada, 11",28029,,,
2464,Ctt Express,Convenience Stores,Privada,Premises,Madrid,28029,Mini Market Las Delicias,"C. de La Bañeza, 11",40.4764406220804,-3.71292298168664,CTT Express,Convenience stores,Private,Premises,Madrid,Mini Market Las Delicias,"C. de La Bañeza, 11",28029,,,
2465,Ctt Express,Convenience Stores,Privada,Premises,Madrid,28029,Libr. D.Opportunities-World,"C. del Capitán Blanco Argibay, 10",40.465192195047,-3.69598328721549,CTT Express,Convenience stores,Private,Premises,Madrid,Libr. D.Opportunities-World,"C. del Capitán Blanco Argibay, 10",28029,,,
2466,Ctt Express,Convenience Stores,Privada,Kiosk,Madrid,28029,Kiosco Vaguada,"Av. de Monforte de Lemos, 28",40.4802978516141,-3.70317432027502,CTT Express,Convenience stores,Private,Kiosk,Madrid,Kiosco Vaguada,"Av. de Monforte de Lemos, 28",28029,,,
2467,Ctt Express,Convenience Stores,Privada,Premises,Madrid,28029,Mini Market Las Delicias,"C. de La Bañeza, 11, L10",40.4766854568753,-3.71293370220874,CTT Express,Convenience stores,Private,Premises,Madrid,Mini Market Las Delicias,"C. de La Bañeza, 11, L10",28029,,,
2468,Ctt Express,Convenience Stores,Privada,Premises,Madrid,28029,Locutorio Juan Colombo,"C. de La Bañeza, 4",40.4768959272743,-3.71221093790969,CTT Express,Convenience stores,Private,Premises,Madrid,Locutorio Juan Colombo,"C. de La Bañeza, 4",28029,,,
2469,Ctt Express,Convenience Stores,Privada,Premises,Madrid,28030,Locutorio Mi Llajta,"C. del Camino de los Vinateros, 93",40.4097925397291,-3.64803053358613,CTT Express,Convenience stores,Private,Premises,Madrid,Locutorio Mi Llajta,"C. del Camino de los Vinateros, 93",28030,,,
2470,Ctt Express,Convenience Stores,Privada,Premises,Madrid,28030,Estanco Tacona,"C. de la Tacona, 33",40.3971977776807,-3.64121383895834,CTT Express,Convenience stores,Private,Premises,Madrid,Estanco Tacona,"C. de la Tacona, 33",28030,,,
2471,Ctt Express,Convenience Stores,Privada,Premises,Madrid,28030,Expendeduria Tabacos 793,"Cl. de la Hacienda de Pavones, 144",40.4027312197652,-3.64285709440394,CTT Express,Convenience stores,Private,Premises,Madrid,Expendeduria Tabacos 793,"Cl. de la Hacienda de Pavones, 144",28030,,,
2472,Ctt Express,Convenience Stores,Privada,Supermarket,Madrid,28030,Supermercado,"Av. del Dr. García Tapia, 222",40.4068917014366,-3.62838758628605,CTT Express,Convenience stores,Private,Supermarket,Madrid,Supermercado,"Av. del Dr. García Tapia, 222",28030,,,
2473,Ctt Express,Convenience Stores,Privada,Kiosk,Madrid,28030,Kiosco Patri,"C. de la Fuente Carrantona, 39",40.4084828445756,-3.63204071675476,CTT Express,Convenience stores,Private,Kiosk,Madrid,Kiosco Patri,"C. de la Fuente Carrantona, 39",28030,,,
2474,Ctt Express,Convenience Stores,Privada,Premises,Madrid,28030,Balu Party.,"C. del Camino de los Vinateros, 55",40.4108892255516,-3.65326839022223,CTT Express,Convenience stores,Private,Premises,Madrid,Balu Party.,"C. del Camino de los Vinateros, 55",28030,,,
2475,Ctt Express,Convenience Stores,Privada,Premises,Madrid,28030,Ciberinformatica Moratalaz,"Cl. de la Hacienda de Pavones, 12",40.4038897200294,-3.64785787853792,CTT Express,Convenience stores,Private,Premises,Madrid,Ciberinformatica Moratalaz,"Cl. de la Hacienda de Pavones, 12",28030,,,
2476,Ctt Express,Convenience Stores,Privada,Premises,Madrid,28030,Variedades Genesis,"C. del Corregidor Juan Francisco de Luján, 61",40.4025333889491,-3.64751550552865,CTT Express,Convenience stores,Private,Premises,Madrid,Variedades Genesis,"C. del Corregidor Juan Francisco de Luján, 61",28030,,,
2477,Ctt Express,Convenience Stores,Privada,Premises,Madrid,28030,Estanco Tacona 534,"C. de la Tacona, 33",40.3972134623584,-3.64106391810386,CTT Express,Convenience stores,Private,Premises,Madrid,Estanco Tacona 534,"C. de la Tacona, 33",28030,,,
2478,Ctt Express,Convenience Stores,Privada,Premises,Madrid,28030,Guanakos Express,"C. de Sta. Marta, 22",40.4030075478834,-3.66143509762219,CTT Express,Convenience stores,Private,Premises,Madrid,Guanakos Express,"C. de Sta. Marta, 22",28030,,,
2479,Ctt Express,Convenience Stores,Privada,Premises,Madrid,28031,Congosto Locutorio,"C. Sierra de Mira, 3",40.3732143268797,-3.61867369844161,CTT Express,Convenience stores,Private,Premises,Madrid,Congosto Locutorio,"C. Sierra de Mira, 3",28031,,,
2480,Ctt Express,Convenience Stores,Privada,Premises,Madrid,28031,Movil Show,"P.o de Federico García Lorca, 16, A",40.3787108259394,-3.62133546807841,CTT Express,Convenience stores,Private,Premises,Madrid,Movil Show,"P.º de Federico García Lorca, 16, A",28031,,,
2481,Ctt Express,Convenience Stores,Privada,Premises,Madrid,28031,Tu Armario En Mis Manos,"C. Virgen de las Viñas, 16",40.381269266875,-3.60723327534173,CTT Express,Convenience stores,Private,Premises,Madrid,Tu Armario En Mis Manos,"C. Virgen de las Viñas, 16",28031,,,
2482,Ctt Express,Convenience Stores,Privada,Premises,Madrid,28031,Compro Oro City Finance,"C. Villacampa, 2",40.380316134867,-3.62268336476773,CTT Express,Convenience stores,Private,Premises,Madrid,Compro Oro City Finance,"C. Villacampa, 2",28031,,,
2483,Ctt Express,Convenience Stores,Privada,Premises,Madrid,28031,Lencería Villa De Vallecas,"C. del Congosto, 17, LOCAL 3",40.374645918209,-3.61978268326824,CTT Express,Convenience stores,Private,Premises,Madrid,Lencería Villa De Vallecas,"C. del Congosto, 17, LOCAL 3",28031,,,
2484,Ctt Express,Convenience Stores,Privada,Premises,Madrid,28031,Laf Burger Hot Dog,"C. de la Gavia Seca, 22",40.3789918764877,-3.61953897606776,CTT Express,Convenience stores,Private,Premises,Madrid,Laf Burger Hot Dog,"C. de la Gavia Seca, 22",28031,,,
2485,Ctt Express,Convenience Stores,Privada,Premises,Madrid,28031,Locutorio Puentelarra,"C. de Puentelarra, 1",40.3840365798718,-3.60607354023815,CTT Express,Convenience stores,Private,Premises,Madrid,Locutorio Puentelarra,"C. de Puentelarra, 1",28031,,,
2486,Ctt Express,Convenience Stores,Privada,Premises,Madrid,28031,Congosto Locutorio,"C. Sierra de Mira, 3",40.3732386832518,-3.61866339698872,CTT Express,Convenience stores,Private,Premises,Madrid,Congosto Locutorio,"C. Sierra de Mira, 3",28031,,,
2487,Ctt Express,Convenience Stores,Privada,Premises,Madrid,28031,Fruto Secos Las Chuches,"C. Sierra Aitana, 5",40.3746589845956,-3.61949510826323,CTT Express,Convenience stores,Private,Premises,Madrid,Fruto Secos Las Chuches,"C. Sierra Aitana, 5",28031,,,
2488,Ctt Express,Convenience Stores,Privada,Premises,Madrid,28031,Techwaves Hub,"C. del Congosto, 1",40.3762228119139,-3.62024251850592,CTT Express,Convenience stores,Private,Premises,Madrid,Techwaves Hub,"C. del Congosto, 1",28031,,,
2489,Ctt Express,Convenience Stores,Privada,Premises,Madrid,28032,Bar Caffetteria La Margarita,"C. Villardondiego, 21",40.4068554034982,-3.60805253553523,CTT Express,Convenience stores,Private,Premises,Madrid,Bar Caffetteria La Margarita,"C. Villardondiego, 21",28032,,,
2490,Ctt Express,Convenience Stores,Privada,Premises,Madrid,28032,Expendeduria 839,"C. de Aquitania, 33",40.4194923855935,-3.61684135082248,CTT Express,Convenience stores,Private,Premises,Madrid,Expendeduria 839,"C. de Aquitania, 33",28032,,,
2491,Ctt Express,Convenience Stores,Privada,Premises,Madrid,28032,Arte Contreras,"Calle de Aquitania, s/n Esquina, C/ de Capri",40.4183299560934,-3.61931434514329,CTT Express,Convenience stores,Private,Premises,Madrid,Arte Contreras,"Calle de Aquitania, s/n Esquina, C/ de Capri",28032,,,
2492,Ctt Express,Convenience Stores,Privada,Premises,Madrid,28032,Papelería Trabalenguas,"C. de Minerva, 89",40.3968557166595,-3.60552954762179,CTT Express,Convenience stores,Private,Premises,Madrid,Papelería Trabalenguas,"C. de Minerva, 89",28032,,,
2493,Ctt Express,Convenience Stores,Privada,Premises,Madrid,28032,Fitnesszone - Todepi Sl,"Esquina con, C. de Aquitania, 91, C. de Dresde, 6",40.4214838631204,-3.61177835703138,CTT Express,Convenience stores,Private,Premises,Madrid,Fitnesszone - Todepi Sl,"Esquina con, C. de Aquitania, 91, C. de Dresde, 6",28032,,,
2494,Ctt Express,Convenience Stores,Privada,Premises,Madrid,28032,Librería Libros De Arena,"C/ de Capri, 15",40.4186337139213,-3.61988885538651,CTT Express,Convenience stores,Private,Premises,Madrid,Librería Libros De Arena,"C/ de Capri, 15",28032,,,
2495,Ctt Express,Convenience Stores,Privada,Premises,Madrid,28032,Videomania,"C. de la Raya, 13, LOCAL 1",40.4016087629747,-3.62234634904414,CTT Express,Convenience stores,Private,Premises,Madrid,Videomania,"C. de la Raya, 13, LOCAL 1",28032,,,
2496,Ctt Express,Convenience Stores,Privada,Premises,Madrid,28032,Cyberlocutorio M&M,"C. de Calahorra, 25",40.4062108196213,-3.61408389740971,CTT Express,Convenience stores,Private,Premises,Madrid,Cyberlocutorio M&M,"C. de Calahorra, 25",28032,,,
2497,Ctt Express,Convenience Stores,Privada,Premises,Madrid,28032,Butt Locutorio,"C. del Lago Erie, 7",40.4050229721423,-3.6070406474272,CTT Express,Convenience stores,Private,Premises,Madrid,Butt Locutorio,"C. del Lago Erie, 7",28032,,,
2498,Ctt Express,Convenience Stores,Privada,Premises,Madrid,28032,Fruteria Y Productos Latinos Gael,"C. de Villajimena, 6",40.4072832904436,-3.60767774727009,CTT Express,Convenience stores,Private,Premises,Madrid,Fruteria Y Productos Latinos Gael,"C. de Villajimena, 6",28032,,,
2499,Ctt Express,Convenience Stores,Privada,Kiosk,Madrid,28033,Kiosco De Castro,"C. de Añastro, 9",40.4680052626867,-3.66322322954095,CTT Express,Convenience stores,Private,Kiosk,Madrid,Kiosco De Castro,"C. de Añastro, 9",28033,,,
2500,Ctt Express,Convenience Stores,Privada,Premises,Madrid,28033,Famishop Alimentacion,"C. de Manuel Chaves Nogales, 1",40.4748828592964,-3.65248356217924,CTT Express,Convenience stores,Private,Premises,Madrid,Famishop Alimentacion,"C. de Manuel Chaves Nogales, 1",28033,,,
2501,Ctt Express,Convenience Stores,Privada,Supermarket,Madrid,28033,Supermercado Suma,"C. de la Dulzaina, 6",40.480981958438,-3.66334767877742,CTT Express,Convenience stores,Private,Supermarket,Madrid,Supermercado Suma,"C. de la Dulzaina, 6",28033,,,
2502,Ctt Express,Convenience Stores,Privada,Premises,Madrid,28033,Aquies!,"Av. de Bucaramanga, 2",40.4723240136952,-3.63646131586304,CTT Express,Convenience stores,Private,Premises,Madrid,Aquies!,"Av. de Bucaramanga, 2",28033,,,
2503,Ctt Express,Convenience Stores,Privada,Premises,Madrid,28033,Locutorio Y Paqueteria Darell.,"C. de la Costa del Sol, 15",40.4737391580599,-3.65264383297759,CTT Express,Convenience stores,Private,Premises,Madrid,Locutorio Y Paqueteria Darell.,"C. de la Costa del Sol, 15",28033,,,
2504,Ctt Express,Convenience Stores,Privada,Premises,Madrid,28033,Pa Chulla Vida Bar,"C. Arzúa, 13",40.4741959033788,-3.64590933032509,CTT Express,Convenience stores,Private,Premises,Madrid,Pa Chulla Vida Bar,"C. Arzúa, 13",28033,,,
2505,Ctt Express,Convenience Stores,Privada,Premises,Madrid,28034,Pasapagina,"Pl. Tres Olivos, 3",40.501189128336,-3.69062890068953,CTT Express,Convenience stores,Private,Premises,Madrid,Pasapagina,"Pl. Tres Olivos, 3",28034,,,
2506,Ctt Express,Convenience Stores,Privada,Premises,Madrid,28034,Y&R Estilo Peluquería Dominicana,"Calle de Ntra. Sra. de Valverde, 21",40.4930305183915,-3.68712602980389,CTT Express,Convenience stores,Private,Premises,Madrid,Y&R Estilo Peluquería Dominicana,"Calle de Ntra. Sra. de Valverde, 21",28034,,,
2507,Ctt Express,Convenience Stores,Privada,Premises,Madrid,28034,Locutorio El Grande,"C. de Badalona, 80",40.4942626668646,-3.6928543790908,CTT Express,Convenience stores,Private,Premises,Madrid,Locutorio El Grande,"C. de Badalona, 80",28034,,,
2508,Ctt Express,Convenience Stores,Privada,Premises,Madrid,28035,Expendeduria 889,"C. de las Islas Cíes, 13",40.4805083950139,-3.71825933633039,CTT Express,Convenience stores,Private,Premises,Madrid,Expendeduria 889,"C. de las Islas Cíes, 13",28035,,,
2509,Ctt Express,Convenience Stores,Privada,Kiosk,Madrid,28035,Kiosco De Prensa,"C. de Ramón Gómez de la Serna, 105",40.4830301732034,-3.726209617641,CTT Express,Convenience stores,Private,Kiosk,Madrid,Kiosco De Prensa,"C. de Ramón Gómez de la Serna, 105",28035,,,
2510,Ctt Express,Convenience Stores,Privada,Premises,Madrid,28035,Bazar Aleutianas,"C. de las Islas Aleutianas, 4",40.475108209161,-3.72916323852488,CTT Express,Convenience stores,Private,Premises,Madrid,Bazar Aleutianas,"C. de las Islas Aleutianas, 4",28035,,,
2511,Ctt Express,Convenience Stores,Privada,Kiosk,Madrid,28036,Kiosco Av Burgos 8,"Av. de Burgos, 8",40.4736110750251,-3.67534431785024,CTT Express,Convenience stores,Private,Kiosk,Madrid,Kiosco Av Burgos 8,"Av. de Burgos, 8",28036,,,
2512,Ctt Express,Convenience Stores,Privada,Premises,Madrid,28036,Informatica Maben,"C. de la Libertad, 8",40.4208749029844,-3.69742402487873,CTT Express,Convenience stores,Private,Premises,Madrid,Informatica Maben,"C. de la Libertad, 8",28036,,,
2513,Ctt Express,Convenience Stores,Privada,Premises,Madrid,28037,Expendeduria 253,"C. Zumel, 1",40.4287563217082,-3.62648690375382,CTT Express,Convenience stores,Private,Premises,Madrid,Expendeduria 253,"C. Zumel, 1",28037,,,
2514,Ctt Express,Convenience Stores,Privada,Kiosk,Madrid,28037,Kiosco Prensa Juan Pablo,"C. de los Hermanos García Noblejas, 49",40.4311739129942,-3.63185916637242,CTT Express,Convenience stores,Private,Kiosk,Madrid,Kiosco Prensa Juan Pablo,"C. de los Hermanos García Noblejas, 49",28037,,,
2515,Ctt Express,Convenience Stores,Privada,Premises,Madrid,28037,Autoescuela Alamo Xtreme,"Plaza Obra, 4",40.4271474358939,-3.61564260006602,CTT Express,Convenience stores,Private,Premises,Madrid,Autoescuela Alamo Xtreme,"Plaza Obra, 4",28037,,,
2516,Ctt Express,Convenience Stores,Privada,Premises,Madrid,28037,Agh Fotodigital,"C. de la Virgen de la Oliva, 2",40.4305993256126,-3.62653052965717,CTT Express,Convenience stores,Private,Premises,Madrid,Agh Fotodigital,"C. de la Virgen de la Oliva, 2",28037,,,
2517,Ctt Express,Convenience Stores,Privada,Premises,Madrid,28037,Expendeduria 12,"C. de la Virgen de la Oliva, 2",40.430413248394,-3.62627445947381,CTT Express,Convenience stores,Private,Premises,Madrid,Expendeduria 12,"C. de la Virgen de la Oliva, 2",28037,,,
2518,Ctt Express,Convenience Stores,Privada,Premises,Madrid,28037,Centro De Estética Elite By Gisela Villasmil,"C. de los Maquileros, 7",40.4241117285119,-3.62287529219693,CTT Express,Convenience stores,Private,Premises,Madrid,Centro De Estética Elite By Gisela Villasmil,"C. de los Maquileros, 7",28037,,,
2519,Ctt Express,Convenience Stores,Privada,Premises,Madrid,28037,Market La Esquina 38,"C. de los Tejedores, 39",40.429101865011,-3.61933162640605,CTT Express,Convenience stores,Private,Premises,Madrid,Market La Esquina 38,"C. de los Tejedores, 39",28037,,,
2520,Ctt Express,Convenience Stores,Privada,Premises,Madrid,28037,Multiservicios Simancas,"C. de Amposta, 10, LOCAL 20",40.4271197562275,-3.62226493230441,CTT Express,Convenience stores,Private,Premises,Madrid,Multiservicios Simancas,"C. de Amposta, 10, LOCAL 20",28037,,,
2521,Ctt Express,Convenience Stores,Privada,Premises,Madrid,28037,Euro Express,"C. Zumel, 14",40.4293274061331,-3.62615096438845,CTT Express,Convenience stores,Private,Premises,Madrid,Euro Express,"C. Zumel, 14",28037,,,
2522,Ctt Express,Convenience Stores,Privada,Premises,Madrid,28038,Estanco 429,"Av. de Peña Prieta, 20",40.3997342500202,-3.66737599678671,CTT Express,Convenience stores,Private,Premises,Madrid,Estanco 429,"Av. de Peña Prieta, 20",28038,,,
2523,Ctt Express,Convenience Stores,Privada,Premises,Madrid,28038,Papeleria Irasi,"C/ de León Felipe, 6",40.3881558001569,-3.63831935121114,CTT Express,Convenience stores,Private,Premises,Madrid,Papeleria Irasi,"C/ de León Felipe, 6",28038,,,
2524,Ctt Express,Convenience Stores,Privada,Kiosk,Madrid,28038,Kiosco Armenteros,"C. de los Andaluces, 18",40.3901684619315,-3.63907250296106,CTT Express,Convenience stores,Private,Kiosk,Madrid,Kiosco Armenteros,"C. de los Andaluces, 18",28038,,,
2525,Ctt Express,Convenience Stores,Privada,Premises,Madrid,28038,Geomil Express,"Av. de Peña Prieta, 75",40.4034828413782,-3.66306735490699,CTT Express,Convenience stores,Private,Premises,Madrid,Geomil Express,"Av. de Peña Prieta, 75",28038,,,
2526,Ctt Express,Convenience Stores,Privada,Premises,Madrid,28038,Multiservicios Maldonado,"Av. de Peña Prieta, 26",40.3999607730379,-3.66696760931811,CTT Express,Convenience stores,Private,Premises,Madrid,Multiservicios Maldonado,"Av. de Peña Prieta, 26",28038,,,
2527,Ctt Express,Convenience Stores,Privada,Premises,Madrid,28038,Locutorio Multiservicio,"Av. de Peña Prieta, 16",40.3993742435709,-3.66778082574815,CTT Express,Convenience stores,Private,Premises,Madrid,Locutorio Multiservicio,"Av. de Peña Prieta, 16",28038,,,
2528,Ctt Express,Convenience Stores,Privada,Premises,Madrid,28038,Rincon De Paqueteria,"C. Picos de Europa, 1",40.3953990206611,-3.66273912182957,CTT Express,Convenience stores,Private,Premises,Madrid,Rincon De Paqueteria,"C. Picos de Europa, 1",28038,,,
2529,Ctt Express,Convenience Stores,Privada,Premises,Madrid,28038,Locutorio Alimentacion Yani,"Av. de la Albufera, 77",40.3951857272982,-3.66240345989113,CTT Express,Convenience stores,Private,Premises,Madrid,Locutorio Alimentacion Yani,"Av. de la Albufera, 77",28038,,,
2530,Ctt Express,Convenience Stores,Privada,Premises,Madrid,28038,Kallpa Neruda,"Av. de Pablo Neruda, 15, LOCAL 4",40.3911176229394,-3.64187829274884,CTT Express,Convenience stores,Private,Premises,Madrid,Kallpa Neruda,"Av. de Pablo Neruda, 15, LOCAL 4",28038,,,
2531,Ctt Express,Convenience Stores,Privada,Premises,Madrid,28038,Tech Movil 2,"Av. de la Albufera, 104",40.3937701867058,-3.66062649818203,CTT Express,Convenience stores,Private,Premises,Madrid,Tech Movil 2,"Av. de la Albufera, 104",28038,,,
2532,Ctt Express,Convenience Stores,Privada,Premises,Madrid,28039,Estanco 188 Madrid,"C. de Francos Rodríguez, 50",40.4571693560738,-3.70615193130464,CTT Express,Convenience stores,Private,Premises,Madrid,Estanco 188 Madrid,"C. de Francos Rodríguez, 50",28039,,,
2533,Ctt Express,Convenience Stores,Privada,Premises,Madrid,28039,Kurama,"C. de Valderrodrigo, 45",40.4701877427474,-3.71888653569864,CTT Express,Convenience stores,Private,Premises,Madrid,Kurama,"C. de Valderrodrigo, 45",28039,,,
2534,Ctt Express,Convenience Stores,Privada,Kiosk,Madrid,28039,Kiosko 18,"Calle del Marqués de Viana, 18",40.4621866795619,-3.70030476615219,CTT Express,Convenience stores,Private,Kiosk,Madrid,Kiosko 18,"Calle del Marqués de Viana, 18",28039,,,
2535,Ctt Express,Convenience Stores,Privada,Premises,Madrid,28039,Bazar Shirokuro,"C. de Jerónima Llorente, 43",40.4543834751664,-3.70712209253334,CTT Express,Convenience stores,Private,Premises,Madrid,Bazar Shirokuro,"C. de Jerónima Llorente, 43",28039,,,
2536,Ctt Express,Convenience Stores,Privada,Premises,Madrid,28039,Alimentacion Goiri,"C. Goiri, 9",40.4527758155475,-3.7040728639582,CTT Express,Convenience stores,Private,Premises,Madrid,Alimentacion Goiri,"C. Goiri, 9",28039,,,
2537,Ctt Express,Convenience Stores,Privada,Premises,Madrid,28039,Geomil Hierbabuena,"C. de la Hierbabuena, 15",40.4604093209694,-3.70177762111286,CTT Express,Convenience stores,Private,Premises,Madrid,Geomil Hierbabuena,"C. de la Hierbabuena, 15",28039,,,
2538,Ctt Express,Convenience Stores,Privada,Premises,Madrid,28039,3 Hermanas Alimentacion,"C. de las Azucenas, 6",40.4635239765611,-3.69751024814187,CTT Express,Convenience stores,Private,Premises,Madrid,3 Hermanas Alimentacion,"C. de las Azucenas, 6",28039,,,
2539,Ctt Express,Convenience Stores,Privada,Premises,Madrid,28039,Locutorio Katty,"C. de Jerónima Llorente, 38",40.4546538556919,-3.70727015187339,CTT Express,Convenience stores,Private,Premises,Madrid,Locutorio Katty,"C. de Jerónima Llorente, 38",28039,,,
2540,Ctt Express,Convenience Stores,Privada,Premises,Madrid,28039,Aguila Multiservicios,"Calle del Dr. Santero, 8",40.4481892734735,-3.70475552751024,CTT Express,Convenience stores,Private,Premises,Madrid,Aguila Multiservicios,"Calle del Dr. Santero, 8",28039,,,
2541,Ctt Express,Convenience Stores,Privada,Premises,Madrid,28039,Locutorio El Grande,"C. de San Raimundo, 11",40.4520979482249,-3.70398678519107,CTT Express,Convenience stores,Private,Premises,Madrid,Locutorio El Grande,"C. de San Raimundo, 11",28039,,,
2542,Ctt Express,Convenience Stores,Privada,Premises,Madrid,28040,Tecmovil,"C. de los Estudiantes, 4, Local 3",40.4470861549122,-3.7122402344706,CTT Express,Convenience stores,Private,Premises,Madrid,Tecmovil,"C. de los Estudiantes, 4, Local 3",28040,,,
2543,Ctt Express,Convenience Stores,Privada,Premises,Madrid,28041,Expofot,"Av. de Orovilla, 46",40.3603975721613,-3.68999401818734,CTT Express,Convenience stores,Private,Premises,Madrid,Expofot,"Av. de Orovilla, 46",28041,,,
2544,Ctt Express,Convenience Stores,Privada,Premises,Madrid,28041,Locutorio Daneza.,"C. de la del Manojo de Rosas, 80",40.3551458451431,-3.69803391102784,CTT Express,Convenience stores,Private,Premises,Madrid,Locutorio Daneza.,"C. de la del Manojo de Rosas, 80",28041,,,
2545,Ctt Express,Convenience Stores,Privada,Premises,Madrid,28041,Skyler Multiservice Pan Y Toros.,"C. Pan y Toros, 6",40.3605884178512,-3.69505900253444,CTT Express,Convenience stores,Private,Premises,Madrid,Skyler Multiservice Pan Y Toros.,"C. Pan y Toros, 6",28041,,,
2546,Ctt Express,Convenience Stores,Privada,Premises,Madrid,28041,Fruteria Los Hermanos,"C. Sta. María Reina, 6, LOCAL 4",40.3706478165292,-3.69723760355313,CTT Express,Convenience stores,Private,Premises,Madrid,Fruteria Los Hermanos,"C. Sta. María Reina, 6, LOCAL 4",28041,,,
2547,Ctt Express,Convenience Stores,Privada,Premises,Madrid,28041,Khan Multan,"C. Pan y Toros, 11, BJ 2",40.360273658796,-3.69460257440376,CTT Express,Convenience stores,Private,Premises,Madrid,Khan Multan,"C. Pan y Toros, 11, BJ 2",28041,,,
2548,Ctt Express,Convenience Stores,Privada,Premises,Madrid,28041,Coviran,"C. la Chulapona, 3",40.3600001486794,-3.69702740172829,CTT Express,Convenience stores,Private,Premises,Madrid,Coviran,"C. la Chulapona, 3",28041,,,
2549,Ctt Express,Convenience Stores,Privada,Premises,Madrid,28041,Móviles Kebegsm,"C. de Villajoyosa, 78",40.3562158513798,-3.69124691792972,CTT Express,Convenience stores,Private,Premises,Madrid,Móviles Kebegsm,"C. de Villajoyosa, 78",28041,,,
2550,Ctt Express,Convenience Stores,Privada,Premises,Madrid,28041,Merceria Tres Puntadas,"C. de Villajoyosa, 71",40.3555836495422,-3.69087928917398,CTT Express,Convenience stores,Private,Premises,Madrid,Merceria Tres Puntadas,"C. de Villajoyosa, 71",28041,,,
2551,Ctt Express,Convenience Stores,Privada,Premises,Madrid,28041,Ecuazaruma Sociedad Limitada,"C/ de la Giralda, 5",40.3747912826891,-3.69153006799425,CTT Express,Convenience stores,Private,Premises,Madrid,Ecuazaruma Sociedad Limitada,"C/ de la Giralda, 5",28041,,,
2552,Ctt Express,Convenience Stores,Privada,Premises,Madrid,28041,Moda Arabe Europea,"C. Arechavaleta, 36, LOCAL 3",40.3524879745462,-3.69683194897013,CTT Express,Convenience stores,Private,Premises,Madrid,Moda Arabe Europea,"C. Arechavaleta, 36, LOCAL 3",28041,,,
2553,Ctt Express,Convenience Stores,Privada,Premises,Madrid,28042,Fotografia Yenes,"P.o de la Alameda de Osuna, 71",40.4579354470277,-3.59066650028609,CTT Express,Convenience stores,Private,Premises,Madrid,Fotografia Yenes,"P.º de la Alameda de Osuna, 71",28042,,,
2554,Ctt Express,Convenience Stores,Privada,Premises,Madrid,28042,Via Electronica,"Calle Balandro 39B, Local 21, Galeria comercial",40.4545164744359,-3.59090206235174,CTT Express,Convenience stores,Private,Premises,Madrid,Via Electronica,"Calle Balandro 39B, Local 21, Galeria comercial",28042,,,
2555,Ctt Express,Convenience Stores,Privada,Premises,Madrid,28042,Vía Electrónica.,"C. del Balandro, 39, B- LOCAL 21",40.4542144063373,-3.59111240059961,CTT Express,Convenience stores,Private,Premises,Madrid,Vía Electrónica.,"C. del Balandro, 39, B- LOCAL 21",28042,,,
2556,Ctt Express,Convenience Stores,Privada,Premises,Madrid,28042,Consentirme,"C. Canal de Suez, 9",40.4720332998681,-3.58029385860656,CTT Express,Convenience stores,Private,Premises,Madrid,Consentirme,"C. Canal de Suez, 9",28042,,,
2557,Ctt Express,Convenience Stores,Privada,Premises,Madrid,28042,Fi@C,"C. de Saturno, 26",40.4730102032775,-3.57857024515919,CTT Express,Convenience stores,Private,Premises,Madrid,Fi@C,"C. de Saturno, 26",28042,,,
2558,Ctt Express,Convenience Stores,Privada,Premises,Madrid,28042,Dgc Movilnet,"C. del Balandro, 39",40.4541201666396,-3.59116706374522,CTT Express,Convenience stores,Private,Premises,Madrid,Dgc Movilnet,"C. del Balandro, 39",28042,,,
2559,Ctt Express,Convenience Stores,Privada,Premises,Madrid,28043,Bar Kalanda,"Calle de Calanda, 12",40.4607637258126,-3.64395128066377,CTT Express,Convenience stores,Private,Premises,Madrid,Bar Kalanda,"Calle de Calanda, 12",28043,,,
2560,Ctt Express,Convenience Stores,Privada,Premises,Madrid,28043,Hiper Euro,"C. Belianes, 30",40.4704683801671,-3.6443191178814,CTT Express,Convenience stores,Private,Premises,Madrid,Hiper Euro,"C. Belianes, 30",28043,,,
2561,Ctt Express,Convenience Stores,Privada,Premises,Madrid,28043,Perla Y Chocolate,"Calle Nápoles, 53, LOCAL 1",40.4602803006874,-3.64791621518663,CTT Express,Convenience stores,Private,Premises,Madrid,Perla Y Chocolate,"Calle Nápoles, 53, LOCAL 1",28043,,,
2562,Ctt Express,Convenience Stores,Privada,Premises,Madrid,28043,Alimentación Mi Barrio,"C. de López de Hoyos, 363",40.4703966218106,-3.65160417643754,CTT Express,Convenience stores,Private,Premises,Madrid,Alimentación Mi Barrio,"C. de López de Hoyos, 363",28043,,,
2563,Ctt Express,Convenience Stores,Privada,Premises,Madrid,28043,Sitio De Encuentro,"C. de las Pedroñeras, 40",40.4669734798851,-3.63079773555008,CTT Express,Convenience stores,Private,Premises,Madrid,Sitio De Encuentro,"C. de las Pedroñeras, 40",28043,,,
2564,Ctt Express,Convenience Stores,Privada,Premises,Madrid,28043,Peluquería Estética Camerino,"C. de Pegaso, 5",40.463767271691,-3.64945891367488,CTT Express,Convenience stores,Private,Premises,Madrid,Peluquería Estética Camerino,"C. de Pegaso, 5",28043,,,
2565,Ctt Express,Convenience Stores,Privada,Premises,Madrid,28043,Autoservicio Lopez,"C. de Agustín Calvo, 25, 27",40.4644255704641,-3.64919550724953,CTT Express,Convenience stores,Private,Premises,Madrid,Autoservicio Lopez,"C. de Agustín Calvo, 25, 27",28043,,,
2566,Ctt Express,Convenience Stores,Privada,Premises,Madrid,28044,App Informatica Las Aguilas,"C. Osa de la Vega, 4",40.3753994506739,-3.77361303075529,CTT Express,Convenience stores,Private,Premises,Madrid,App Informatica Las Aguilas,"C. Osa de la Vega, 4",28044,,,
2567,Ctt Express,Convenience Stores,Privada,Premises,Madrid,28044,Locutorio Carlita,"C. de Oliva de Plasencia, 1",40.3787344593927,-3.77927757212252,CTT Express,Convenience stores,Private,Premises,Madrid,Locutorio Carlita,"C. de Oliva de Plasencia, 1",28044,,,
2568,Ctt Express,Convenience Stores,Privada,Premises,Madrid,28044,Perfumeria Las Cruces,"C. Condesa de Teba, 5",40.373430833101,-3.75761183419291,CTT Express,Convenience stores,Private,Premises,Madrid,Perfumeria Las Cruces,"C. Condesa de Teba, 5",28044,,,
2569,Ctt Express,Convenience Stores,Privada,Premises,Madrid,28044,The Fox,"C. Alfredo Aleix, 9",40.3684540836824,-3.75522086647657,CTT Express,Convenience stores,Private,Premises,Madrid,The Fox,"C. Alfredo Aleix, 9",28044,,,
2570,Ctt Express,Convenience Stores,Privada,Premises,Madrid,28044,Damarnatura Herbolario,"C. de Aguilar del Río, 2",40.3713574992143,-3.75920659287467,CTT Express,Convenience stores,Private,Premises,Madrid,Damarnatura Herbolario,"C. de Aguilar del Río, 2",28044,,,
2571,Ctt Express,Convenience Stores,Privada,Premises,Madrid,28044,Locutorio Internacional,"C. de Carolina Baeza, 2, BJ",40.3676358611753,-3.76103139453938,CTT Express,Convenience stores,Private,Premises,Madrid,Locutorio Internacional,"C. de Carolina Baeza, 2, BJ",28044,,,
2572,Ctt Express,Convenience Stores,Privada,Premises,Madrid,28044,Cristaleria Aluche 2,"Av. de Las Águilas, 60",40.3825219622257,-3.77918635889712,CTT Express,Convenience stores,Private,Premises,Madrid,Cristaleria Aluche 2,"Av. de Las Águilas, 60",28044,,,
2573,Ctt Express,Convenience Stores,Privada,Premises,Madrid,28044,Agencia De Viajes Y Envios Leon,"C. de Joaquín Turina, 31 BIS",40.3723341585509,-3.75340219807791,CTT Express,Convenience stores,Private,Premises,Madrid,Agencia De Viajes Y Envios Leon,"C. de Joaquín Turina, 31 BIS",28044,,,
2574,Ctt Express,Convenience Stores,Privada,Premises,Madrid,28044,Burman,"Av de la Aviación, 99",40.374519806241,-3.77137443759165,CTT Express,Convenience stores,Private,Premises,Madrid,Burman,"Av de la Aviación, 99",28044,,,
2575,Ctt Express,Convenience Stores,Privada,Premises,Madrid,28044,Locutorio Carlita,"C. de Oliva de Plasencia, 1, LOCAL 334",40.378767100748,-3.77925616311501,CTT Express,Convenience stores,Private,Premises,Madrid,Locutorio Carlita,"C. de Oliva de Plasencia, 1, LOCAL 334",28044,,,
2576,Ctt Express,Convenience Stores,Privada,Premises,Madrid,28045,Copiserve Madrid,"C. de Alejandro Ferrant, 1",40.3956149233153,-3.6941645144475,CTT Express,Convenience stores,Private,Premises,Madrid,Copiserve Madrid,"C. de Alejandro Ferrant, 1",28045,,,
2577,Ctt Express,Convenience Stores,Privada,Premises,Madrid,28045,Expendeduria 538,"Glorieta Sta. María de la Cabeza, 7",40.4006385542216,-3.69867968633824,CTT Express,Convenience stores,Private,Premises,Madrid,Expendeduria 538,"Glorieta Sta. María de la Cabeza, 7",28045,,,
2578,Ctt Express,Convenience Stores,Privada,Premises,Madrid,28045,Tu Librería,"C. de Bolívar, 7, LOCAL 2 7",40.3918896379942,-3.69382385992331,CTT Express,Convenience stores,Private,Premises,Madrid,Tu Librería,"C. de Bolívar, 7, LOCAL 2 7",28045,,,
2579,Ctt Express,Convenience Stores,Privada,Premises,Madrid,28045,Estefania Travel,"C. de Embajadores, 169",40.3952204605438,-3.69495409435542,CTT Express,Convenience stores,Private,Premises,Madrid,Estefania Travel,"C. de Embajadores, 169",28045,,,
2580,Ctt Express,Convenience Stores,Privada,Premises,Madrid,28045,Alimentación Eyc,"Pl. de Rutilio Gaci, 5",40.3946884900525,-3.69598775385759,CTT Express,Convenience stores,Private,Premises,Madrid,Alimentación Eyc,"Pl. de Rutilio Gaci, 5",28045,,,
2581,Ctt Express,Convenience Stores,Privada,Premises,Madrid,28045,Kma Informatica,"C. de Jaime el Conquistador, 38",40.3959823104471,-3.69864299921062,CTT Express,Convenience stores,Private,Premises,Madrid,Kma Informatica,"C. de Jaime el Conquistador, 38",28045,,,
2582,Ctt Express,Convenience Stores,Privada,Premises,Madrid,28045,Locutorio Tecnologia,"C. de Embajadores, 89",40.4004829427192,-3.69862706555983,CTT Express,Convenience stores,Private,Premises,Madrid,Locutorio Tecnologia,"C. de Embajadores, 89",28045,,,
2583,Ctt Express,Convenience Stores,Privada,Premises,Madrid,28045,Locutorio Canarias,"C. de Canarias, 29",40.4020840645157,-3.69253055892897,CTT Express,Convenience stores,Private,Premises,Madrid,Locutorio Canarias,"C. de Canarias, 29",28045,,,
2584,Ctt Express,Convenience Stores,Privada,Premises,Madrid,28045,Cbweed Delicias,"Paseo de las Delicias, 17",40.4055988392429,-3.6931089195872,CTT Express,Convenience stores,Private,Premises,Madrid,Cbweed Delicias,"Paseo de las Delicias, 17",28045,,,
2585,Ctt Express,Convenience Stores,Privada,Premises,Madrid,28045,Tuink Madrid Atocha,"P.o de Sta. María de la Cabeza, 3",40.4067989067715,-3.69376638810281,CTT Express,Convenience stores,Private,Premises,Madrid,Tuink Madrid Atocha,"P.º de Sta. María de la Cabeza, 3",28045,,,
2586,Ctt Express,Convenience Stores,Privada,Premises,Madrid,28046,Papeleria El Inca,"Pl. de Rutilio Gaci, 8",40.3949813279869,-3.69644938786316,CTT Express,Convenience stores,Private,Premises,Madrid,Papeleria El Inca,"Pl. de Rutilio Gaci, 8",28046,,,
2587,Ctt Express,Convenience Stores,Privada,Premises,Madrid,28047,Loterias Latina,"C. de Latina, 18",40.4016927156213,-3.75141341314499,CTT Express,Convenience stores,Private,Premises,Madrid,Loterias Latina,"C. de Latina, 18",28047,,,
2588,Ctt Express,Convenience Stores,Privada,Premises,Madrid,28047,Estanco 729,"C. de Cuart de Poblet, 65",40.3967776299805,-3.7487157173441,CTT Express,Convenience stores,Private,Premises,Madrid,Estanco 729,"C. de Cuart de Poblet, 65",28047,,,
2589,Ctt Express,Convenience Stores,Privada,Premises,Madrid,28047,Cristaleria Aluche,"C. de Camarena, 235, Local 8",40.3863771339535,-3.75685916249452,CTT Express,Convenience stores,Private,Premises,Madrid,Cristaleria Aluche,"C. de Camarena, 235, Local 8",28047,,,
2590,Ctt Express,Convenience Stores,Privada,Premises,Madrid,28047,Fotocopias Aluche,"C. de Illescas, 187, LOCAL 5",40.3919868011506,-3.7541996639531,CTT Express,Convenience stores,Private,Premises,Madrid,Fotocopias Aluche,"C. de Illescas, 187, LOCAL 5",28047,,,
2591,Ctt Express,Convenience Stores,Privada,Premises,Madrid,28047,Tintoreria Elba Y Victoria,"C. de Camarena, 235, LOCAL 7",40.3864281220805,-3.75714525691822,CTT Express,Convenience stores,Private,Premises,Madrid,Tintoreria Elba Y Victoria,"C. de Camarena, 235, LOCAL 7",28047,,,
2592,Ctt Express,Convenience Stores,Privada,Premises,Madrid,28047,El Paraiso.,"C. José Macías, 3",40.387203495264,-3.74549991100322,CTT Express,Convenience stores,Private,Premises,Madrid,El Paraiso.,"C. José Macías, 3",28047,,,
2593,Ctt Express,Convenience Stores,Privada,Premises,Madrid,28047,Estanco Los Carmenes,"Gta. de los Carmenes, 1",40.3954050629332,-3.74313231952744,CTT Express,Convenience stores,Private,Premises,Madrid,Estanco Los Carmenes,"Gta. de los Carmenes, 1",28047,,,
2594,Ctt Express,Convenience Stores,Privada,Premises,Madrid,28047,Expendeduria 474,"Cl. de los Yébenes, 159",40.3930699380574,-3.751525979145,CTT Express,Convenience stores,Private,Premises,Madrid,Expendeduria 474,"Cl. de los Yébenes, 159",28047,,,
2595,Ctt Express,Convenience Stores,Privada,Premises,Madrid,28047,Alhambra Locutorio,"C. de la Alhambra, 19",40.4032180448274,-3.74469771126593,CTT Express,Convenience stores,Private,Premises,Madrid,Alhambra Locutorio,"C. de la Alhambra, 19",28047,,,
2596,Ctt Express,Convenience Stores,Privada,Premises,Madrid,28047,Cacils Envios,"C. Vía Carpetana, 328",40.3916957322263,-3.74286470828881,CTT Express,Convenience stores,Private,Premises,Madrid,Cacils Envios,"C. Vía Carpetana, 328",28047,,,
2597,Ctt Express,Convenience Stores,Privada,Premises,Madrid,28048,Estanco 403,"C. Carboneros, 2",40.5203207394895,-3.77794070629215,CTT Express,Convenience stores,Private,Premises,Madrid,Estanco 403,"C. Carboneros, 2",28048,,,
2598,Ctt Express,Convenience Stores,Privada,Premises,Madrid,28048,Martín&Merino,"C. San Pancracio, 1, Local 4",40.5160427089283,-3.77500845559277,CTT Express,Convenience stores,Private,Premises,Madrid,Martín&Merino,"C. San Pancracio, 1, Local 4",28048,,,
2599,Ctt Express,Convenience Stores,Privada,Premises,Madrid,28048,7-Express Y Bazar,"C. Eugenio Pérez, 1",40.519618639218,-3.7768814452345,CTT Express,Convenience stores,Private,Premises,Madrid,7-Express Y Bazar,"C. Eugenio Pérez, 1",28048,,,
2600,Ctt Express,Convenience Stores,Privada,Premises,Madrid,28049,Ferreteria Silos,"C. del Arroyo del Monte, 127",40.4947246530256,-3.72089165538122,CTT Express,Convenience stores,Private,Premises,Madrid,Ferreteria Silos,"C. del Arroyo del Monte, 127",28049,,,
2601,Ctt Express,Convenience Stores,Privada,Premises,Madrid,28049,Farmacia La Boticaria Las Tablas,"Ctra. Fuencarral a Alcobendas, 16",40.5191780364821,-3.67599310382777,CTT Express,Convenience stores,Private,Premises,Madrid,Farmacia La Boticaria Las Tablas,"Ctra. Fuencarral a Alcobendas, 16",28049,,,
2602,Ctt Express,Convenience Stores,Privada,Premises,Madrid,28049,Crazy Phone,"C. del Monasterio de Arlanza, 20",40.5104050150365,-3.69021713740546,CTT Express,Convenience stores,Private,Premises,Madrid,Crazy Phone,"C. del Monasterio de Arlanza, 20",28049,,,
2603,Ctt Express,Convenience Stores,Privada,Premises,Madrid,28049,Cámara Centro Óptico Y Auditivo Montecarmelo,"C. del Monasterio de Caaveiro, 13",40.5057581681183,-3.69780760691666,CTT Express,Convenience stores,Private,Premises,Madrid,Cámara Centro Óptico Y Auditivo Montecarmelo,"C. del Monasterio de Caaveiro, 13",28049,,,
2604,Ctt Express,Convenience Stores,Privada,Premises,Madrid,28050,Exp. No 897 Estanco Las Tablas,"C. de Furelos, 1",40.5062724389314,-3.66518044058996,CTT Express,Convenience stores,Private,Premises,Madrid,Exp. Nº 897 Estanco Las Tablas,"C. de Furelos, 1",28050,,,
2605,Ctt Express,Convenience Stores,Privada,Premises,Madrid,28050,Estanco Las Tablas - Expendeduría 896,"C. San Juan de Ortega, 108",40.5081245968541,-3.67477921882424,CTT Express,Convenience stores,Private,Premises,Madrid,Estanco Las Tablas - Expendeduría 896,"C. San Juan de Ortega, 108",28050,,,
2606,Ctt Express,Convenience Stores,Privada,Premises,Madrid,28050,El Principito,"C. del Príncipe Carlos, 17",40.4928841267134,-3.65528502137479,CTT Express,Convenience stores,Private,Premises,Madrid,El Principito,"C. del Príncipe Carlos, 17",28050,,,
2607,Ctt Express,Convenience Stores,Privada,Premises,Madrid,28051,Weiphone,"C. de Bernardino de Pantorba, 18",40.3653515969629,-3.60012895170968,CTT Express,Convenience stores,Private,Premises,Madrid,Weiphone,"C. de Bernardino de Pantorba, 18",28051,,,
2608,Ctt Express,Convenience Stores,Privada,Kiosk,Madrid,28053,Kiosco Prensa Fatima,C. La Mancha & Av. de Entrevías,40.3818062337542,-3.66870745423008,CTT Express,Convenience stores,Private,Kiosk,Madrid,Kiosco Prensa Fatima,C. La Mancha & Av. de Entrevías,28053,,,
2609,Ctt Express,Convenience Stores,Privada,Premises,Madrid,28054,Modas Martínez,"Av del Monte Igueldo, 26",40.3958938443675,-3.66880406910042,CTT Express,Convenience stores,Private,Premises,Madrid,Modas Martínez,"Av del Monte Igueldo, 26",28054,,,
2610,Ctt Express,Convenience Stores,Privada,Premises,Madrid,28055,Alimentacion & Dtodo,"Av del Monte Igueldo, 108",40.39060216418,-3.671114884335,CTT Express,Convenience stores,Private,Premises,Madrid,Alimentacion & Dtodo,"Av del Monte Igueldo, 108",28055,,,
2611,Ctt Express,Convenience Stores,Privada,Premises,Madrid,28056,Panadería Ela,"C. del Puerto de Arlabán, 46",40.3865216008915,-3.66762167193129,CTT Express,Convenience stores,Private,Premises,Madrid,Panadería Ela,"C. del Puerto de Arlabán, 46",28056,,,
2612,Ctt Express,Convenience Stores,Privada,Premises,Madrid,28057,Joldi Service Pajares,"C. del Puerto de Pajares, 10",40.3952558901783,-3.66469517173525,CTT Express,Convenience stores,Private,Premises,Madrid,Joldi Service Pajares,"C. del Puerto de Pajares, 10",28057,,,
2613,Ctt Express,Convenience Stores,Privada,Premises,Madrid,28058,Locutorio Vanessa,"C/ de Peña Gorbea, 11",40.3960764588956,-3.66745352540741,CTT Express,Convenience stores,Private,Premises,Madrid,Locutorio Vanessa,"C/ de Peña Gorbea, 11",28058,,,
2614,Ctt Express,Convenience Stores,Privada,Premises,Madrid,28059,Locutorio Mini Market Ml,"C. de Sta. Alicia, 23",40.3871180106939,-3.66608072470828,CTT Express,Convenience stores,Private,Premises,Madrid,Locutorio Mini Market Ml,"C. de Sta. Alicia, 23",28059,,,
2615,Ctt Express,Convenience Stores,Privada,Premises,Madrid,28060,Digame Locutorio,"C. de Martínez de la Riva, 36",40.3927049701306,-3.66599468674406,CTT Express,Convenience stores,Private,Premises,Madrid,Digame Locutorio,"C. de Martínez de la Riva, 36",28060,,,
2616,Ctt Express,Convenience Stores,Privada,Premises,Madrid,28061,Baba Mobile Shop,"C. de Martínez de la Riva, 25",40.3949084890569,-3.6667229561894,CTT Express,Convenience stores,Private,Premises,Madrid,Baba Mobile Shop,"C. de Martínez de la Riva, 25",28061,,,
2617,Ctt Express,Convenience Stores,Privada,Premises,Madrid,28062,Estanco La Presilla,"C. Antonia Calas, 17",40.3972616240269,-3.66797585575413,CTT Express,Convenience stores,Private,Premises,Madrid,Estanco La Presilla,"C. Antonia Calas, 17",28062,,,
2618,Ctt Express,Convenience Stores,Privada,Premises,Madrid,28054,Loteria Prensa Fabrica De Los Sueños,"Av. de la Peseta, 58",40.3622225099674,-3.75647612021819,CTT Express,Convenience stores,Private,Premises,Madrid,Loteria Prensa Fabrica De Los Sueños,"Av. de la Peseta, 58",28054,,,
2619,Ctt Express,Convenience Stores,Privada,Premises,Madrid,28055,Naz Beauty,"C. Palmeral de Elche, 6",40.3652304900718,-3.76233845065285,CTT Express,Convenience stores,Private,Premises,Madrid,Naz Beauty,"C. Palmeral de Elche, 6",28055,,,
2620,Ctt Express,Convenience Stores,Privada,Premises,Madrid,28056,Estanco 903,"Av. de Carabanchel Alto, 136",40.3639757557649,-3.75391578589263,CTT Express,Convenience stores,Private,Premises,Madrid,Estanco 903,"Av. de Carabanchel Alto, 136",28056,,,
2621,Ctt Express,Convenience Stores,Privada,Premises,Madrid,28057,D Kiko Frutas Y Verduras,"C. Dobla, 4",40.3726086167827,-3.74058529561338,CTT Express,Convenience stores,Private,Premises,Madrid,D Kiko Frutas Y Verduras,"C. Dobla, 4",28057,,,
2622,Gls,Convenience Stores,Privada,Premises,Madrid,28006,Ps Cm26 Reprografia,"Calle de Maldonado, 26",40.4337853036338,-3.68133092299511,GLS,Convenience stores,Private,Premises,Madrid,Ps Cm26 Reprografia,"Calle de Maldonado, 26",28006,,,
2623,Gls,Convenience Stores,Privada,Kiosk,Madrid,28006,Ps Kiosko Gutierrez,"C. de José Ortega y Gasset, 68",40.4298761484183,-3.67461528234487,GLS,Convenience stores,Private,Kiosk,Madrid,Ps Kiosko Gutierrez,"C. de José Ortega y Gasset, 68",28006,,,
2624,Gls,Convenience Stores,Privada,Premises,Madrid,28004,Ps El Jardín De Churruca,"C. de Churruca, 19",40.4282803841565,-3.70115298652784,GLS,Convenience stores,Private,Premises,Madrid,Ps El Jardín De Churruca,"C. de Churruca, 19",28004,,,
2625,Gls,Convenience Stores,Privada,Premises,Madrid,28002,Ps Abp Comunicaciones,"Intercambiador de Avenida de América, Nivel -3, local 14",40.4390223449853,-3.67596772547489,GLS,Convenience stores,Private,Premises,Madrid,Ps Abp Comunicaciones,"Intercambiador de Avenida de América, Nivel -3, local 14",28002,,,
2626,Gls,Convenience Stores,Privada,Premises,Madrid,28003,Ps Papeleria Pillmarq,"Calle de Fernández de la Hoz, 72",40.4391459965447,-3.69428806711179,GLS,Convenience stores,Private,Premises,Madrid,Ps Papeleria Pillmarq,"Calle de Fernández de la Hoz, 72",28003,,,
2627,Gls,Convenience Stores,Privada,Premises,Madrid,28004,Ps Fotocopias Javipar,"C. de Loreto y Chicote, 13",40.4217841984112,-3.70439943602126,GLS,Convenience stores,Private,Premises,Madrid,Ps Fotocopias Javipar,"C. de Loreto y Chicote, 13",28004,,,
2628,Gls,Convenience Stores,Privada,Premises,Madrid,28005,Ps Vapstore,"Pl. de Cascorro, 8",40.4108549726769,-3.70717139491932,GLS,Convenience stores,Private,Premises,Madrid,Ps Vapstore,"Pl. de Cascorro, 8",28005,,,
2629,Gls,Convenience Stores,Privada,Premises,Madrid,28005,Ps Cuchilleria Viuda De Balsa,Plaza de la Cebada Mercado de la Cebada Puesto 109,40.411170884104,-3.70989871796217,GLS,Convenience stores,Private,Premises,Madrid,Ps Cuchilleria Viuda De Balsa,Plaza de la Cebada Mercado de la Cebada Puesto 109,28005,,,
2630,Gls,Convenience Stores,Privada,Premises,Madrid,28005,Ps Prink Calle Toledo,"C. de Toledo, 107",40.4087784133986,-3.71018380904547,GLS,Convenience stores,Private,Premises,Madrid,Ps Prink Calle Toledo,"C. de Toledo, 107",28005,,,
2631,Gls,Convenience Stores,Privada,Premises,Madrid,28005,Ps La Huerta Del Gato,"P.o de la Esperanza, 47",40.3991139567878,-3.7025973449764,GLS,Convenience stores,Private,Premises,Madrid,Ps La Huerta Del Gato,"P.º de la Esperanza, 47",28005,,,
2632,Gls,Convenience Stores,Privada,Premises,Madrid,28005,Ps Ama Nacer,"C. de Juan Duque, 42",40.4094657288093,-3.71972029379444,GLS,Convenience stores,Private,Premises,Madrid,Ps Ama Nacer,"C. de Juan Duque, 42",28005,,,
2633,Gls,Locker,Privada,Premises,Madrid,28001,Lockers Pdn Gls Villanueva,"C. de Villanueva, 43",40.4226006355577,-3.68190339222371,GLS,Lockers,Private,Premises,Madrid,Lockers Pdn Gls Villanueva,"C. de Villanueva, 43",28001,,,
2634,Gls,Lsp Pudos,Privada,Premises,Madrid,28002,Gls Prosperidad - Cp Reparto 28002,"C. de la Constancia, 31",40.4424720997386,-3.67285555103697,GLS,LSP PUDOs,Private,Premises,Madrid,Gls Prosperidad - Cp Reparto 28002,"C. de la Constancia, 31",28002,,,
2635,Gls,Locker,Privada,Premises,Madrid,28004,Lockers Gls 245 Chueca,"C. de San Bernardo, 81",40.4281055831042,-3.70647618138126,GLS,Lockers,Private,Premises,Madrid,Lockers Gls 245 Chueca,"C. de San Bernardo, 81",28004,,,
2636,Gls,Convenience Stores,Privada,Premises,Madrid,28001,Ps Gls Dis Grupo Hicorsa Artes Gráficas S.A.,"Calle de Goya, 43, Galeria Comercial l160",40.4254687261146,-3.68294346649411,GLS,Convenience stores,Private,Premises,Madrid,Ps Gls Dis Grupo Hicorsa Artes Gráficas S.A.,"Calle de Goya, 43, Galeria Comercial l160",28001,,,
2637,Gls,Lsp Pudos,Privada,Premises,Madrid,28001,Gls Parcel Shop,"C. de Villanueva, 43",40.4226006355577,-3.68190339222371,GLS,LSP PUDOs,Private,Premises,Madrid,Gls Parcel Shop,"C. de Villanueva, 43",28001,,,
2638,Gls,Lsp Pudos,Privada,Premises,Madrid,28004,Gls Parcel Shop,"C. de Sta. Bárbara, 6",40.4245454386625,-3.70131104628469,GLS,LSP PUDOs,Private,Premises,Madrid,Gls Parcel Shop,"C. de Sta. Bárbara, 6",28004,,,
2639,Gls,Convenience Stores,Privada,Premises,Madrid,28004,Ps Imagen On,"C. de Pelayo, 80",40.4252834271535,-3.69644816333046,GLS,Convenience stores,Private,Premises,Madrid,Ps Imagen On,"C. de Pelayo, 80",28004,,,
2640,Gls,Convenience Stores,Privada,Kiosk,Madrid,28004,Ps Kiosko Teresa Sanchez,"C. del Barquillo, 17",40.4220256931003,-3.69570262043066,GLS,Convenience stores,Private,Kiosk,Madrid,Ps Kiosko Teresa Sanchez,"C. del Barquillo, 17",28004,,,
2641,Gls,Convenience Stores,Privada,Premises,Madrid,28006,Ps Autana Trading S. L,"Cl. de Ayala, 144",40.4272216207341,-3.67189047983269,GLS,Convenience stores,Private,Premises,Madrid,Ps Autana Trading S. L,"Cl. de Ayala, 144",28006,,,
2642,Gls,Convenience Stores,Privada,Premises,Madrid,28006,Ps Herbolario Vilaflor,"Calle de Castelló, 120",40.4371504449582,-3.68003238722272,GLS,Convenience stores,Private,Premises,Madrid,Ps Herbolario Vilaflor,"Calle de Castelló, 120",28006,,,
2643,Gls,Convenience Stores,Privada,Premises,Madrid,28006,Ps Estanco 198,"Calle de Don Ramón de la Cruz, 115",40.4288383514347,-3.66976055857994,GLS,Convenience stores,Private,Premises,Madrid,Ps Estanco 198,"Calle de Don Ramón de la Cruz, 115",28006,,,
2644,Gls,Convenience Stores,Privada,Premises,Madrid,28004,Ps Moex Fuencarral,"C. de las Infantas, 1",40.4213919324676,-3.70103875188196,GLS,Convenience stores,Private,Premises,Madrid,Ps Moex Fuencarral,"C. de las Infantas, 1",28004,,,
2645,Gls,Convenience Stores,Privada,Premises,Madrid,28002,Ps Multiservicios Silvela,"C/ de Francisco Silvela, 96",40.4388379579533,-3.67831045156383,GLS,Convenience stores,Private,Premises,Madrid,Ps Multiservicios Silvela,"C/ de Francisco Silvela, 96",28002,,,
2646,Gls,Convenience Stores,Privada,Kiosk,Madrid,28006,Ps Gls Dis Kiosko Gutierrez,"C. de José Ortega y Gasset, 68",40.4298761470414,-3.67455090903174,GLS,Convenience stores,Private,Kiosk,Madrid,Ps Gls Dis Kiosko Gutierrez,"C. de José Ortega y Gasset, 68",28006,,,
2647,Gls,Convenience Stores,Privada,Kiosk,Madrid,28006,Ps Kiosko Gutierrez,"C. de José Ortega y Gasset, 69",40.4303979142041,-3.67349332877909,GLS,Convenience stores,Private,Kiosk,Madrid,Ps Kiosko Gutierrez,"C. de José Ortega y Gasset, 69",28006,,,
2648,Gls,Convenience Stores,Privada,Premises,Madrid,28006,Ps Autana Trading S. L,"Cl. de Ayala, 144",40.4272216207341,-3.67189047983269,GLS,Convenience stores,Private,Premises,Madrid,Ps Autana Trading S. L,"Cl. de Ayala, 144",28006,,,
2649,Gls,Convenience Stores,Privada,Premises,Madrid,28006,Ps Multiservicios Silvela,"C/ de Francisco Silvela, 96",40.438813460997,-3.6783211813833,GLS,Convenience stores,Private,Premises,Madrid,Ps Multiservicios Silvela,"C/ de Francisco Silvela, 96",28006,,,
2650,Gls,Convenience Stores,Privada,Premises,Madrid,28008,Ps Mobile Centre,"Calle de la Princesa, 3",40.425204658466,-3.71346725381254,GLS,Convenience stores,Private,Premises,Madrid,Ps Mobile Centre,"Calle de la Princesa, 3",28008,,,
2651,Gls,Lsp Pudos,Privada,Premises,Madrid,28009,Gls,"C. del Doce de Octubre, 12",40.4157248192409,-3.6763698243654,GLS,LSP PUDOs,Private,Premises,Madrid,Gls,"C. del Doce de Octubre, 12",28009,,,
2652,Gls,Convenience Stores,Privada,Kiosk,Madrid,28009,Ps Kiosko Morrison,"C. de Alcalá, 114",40.4260130044478,-3.67337598722473,GLS,Convenience stores,Private,Kiosk,Madrid,Ps Kiosko Morrison,"C. de Alcalá, 114",28009,,,
2653,Gls,Convenience Stores,Privada,Premises,Madrid,28010,Ps To Refill,"Calle de Zurbano, 54",40.4345697947428,-3.69296847479672,GLS,Convenience stores,Private,Premises,Madrid,Ps To Refill,"Calle de Zurbano, 54",28010,,,
2654,Gls,Convenience Stores,Privada,Premises,Madrid,28010,Ps Acuatro,"Calle de García de Paredes, 84",40.4368531508175,-3.69282554690504,GLS,Convenience stores,Private,Premises,Madrid,Ps Acuatro,"Calle de García de Paredes, 84",28010,,,
2655,Gls,Convenience Stores,Privada,Premises,Madrid,28010,Ps Locutorio Mila Nuevo,"C. del Cardenal Cisneros, 64",40.4344982350028,-3.70274138014229,GLS,Convenience stores,Private,Premises,Madrid,Ps Locutorio Mila Nuevo,"C. del Cardenal Cisneros, 64",28010,,,
2656,Gls,Convenience Stores,Privada,Premises,Madrid,28010,Ps Deusa Logistica,"C. del Cardenal Cisneros, 75",40.435699285086,-3.7031839442259,GLS,Convenience stores,Private,Premises,Madrid,Ps Deusa Logistica,"C. del Cardenal Cisneros, 75",28010,,,
2657,Gls,Convenience Stores,Privada,Premises,Madrid,28012,Ps Te Y Aromas,"C. de Embajadores, 46",40.4087637799486,-3.70486958911287,GLS,Convenience stores,Private,Premises,Madrid,Ps Te Y Aromas,"C. de Embajadores, 46",28012,,,
2658,Gls,Convenience Stores,Privada,Premises,Madrid,28013,Ps Copy Centro Opera,"C. de los Donados, 1",40.4184427444423,-3.70838482941954,GLS,Convenience stores,Private,Premises,Madrid,Ps Copy Centro Opera,"C. de los Donados, 1",28013,,,
2659,Gls,Convenience Stores,Privada,Premises,Madrid,28013,Ps Locutorio Pars Market,"Cost.a de los Ángeles, 15",40.4199737653341,-3.70815350408843,GLS,Convenience stores,Private,Premises,Madrid,Ps Locutorio Pars Market,"Cost.ª de los Ángeles, 15",28013,,,
2660,Gls,Convenience Stores,Privada,Premises,Madrid,28015,Ps Estanco Vallehermoso,Calle de Vallehermoso 11,40.4312152766763,-3.70907648722947,GLS,Convenience stores,Private,Premises,Madrid,Ps Estanco Vallehermoso,Calle de Vallehermoso 11,28015,,,
2661,Gls,Lsp Pudos,Privada,Premises,Madrid,28015,Gls/ Solo 28040 Madrid,"C/ de Magallanes, 24",40.4344231797541,-3.70556384661483,GLS,LSP PUDOs,Private,Premises,Madrid,Gls/ Solo 28040 Madrid,"C/ de Magallanes, 24",28015,,,
2662,Gls,Convenience Stores,Privada,Premises,Madrid,28015,Ps Herbolario Santa Ana,"Calle del Acuerdo, 31",40.4293001866299,-3.70800506249504,GLS,Convenience stores,Private,Premises,Madrid,Ps Herbolario Santa Ana,"Calle del Acuerdo, 31",28015,,,
2663,Gls,Convenience Stores,Privada,Premises,Madrid,28015,Ps Autoescuela Moretti,"C. de Andrés Mellado, 33",40.4338836688026,-3.71454430713689,GLS,Convenience stores,Private,Premises,Madrid,Ps Autoescuela Moretti,"C. de Andrés Mellado, 33",28015,,,
2664,Gls,Convenience Stores,Privada,Premises,Madrid,28015,Ps Shipxpress,"C. de Fernández de los Ríos, 33",40.4352240643807,-3.70837860748532,GLS,Convenience stores,Private,Premises,Madrid,Ps Shipxpress,"C. de Fernández de los Ríos, 33",28015,,,
2665,Gls,Convenience Stores,Privada,Premises,Madrid,28015,Ps Don Lector,"C. de Fernández de los Ríos, 60",40.4355560986974,-3.71164250872066,GLS,Convenience stores,Private,Premises,Madrid,Ps Don Lector,"C. de Fernández de los Ríos, 60",28015,,,
2666,Gls,Convenience Stores,Privada,Premises,Madrid,28015,Ps Pc Factory Computer,"C. de Gaztambide, 26",40.4343523720393,-3.71551286894324,GLS,Convenience stores,Private,Premises,Madrid,Ps Pc Factory Computer,"C. de Gaztambide, 26",28015,,,
2667,Gls,Convenience Stores,Privada,Premises,Madrid,28015,Ps Estanco Moncloa,"C. de Hilarión Eslava, 21",40.4342363768243,-3.71685239654565,GLS,Convenience stores,Private,Premises,Madrid,Ps Estanco Moncloa,"C. de Hilarión Eslava, 21",28015,,,
2668,Gls,Convenience Stores,Privada,Premises,Madrid,28015,Ps Movil Shop,"C. de Bravo Murillo, 11",40.4349604351676,-3.70471628107245,GLS,Convenience stores,Private,Premises,Madrid,Ps Movil Shop,"C. de Bravo Murillo, 11",28015,,,
2669,Gls,Convenience Stores,Privada,Premises,Madrid,28015,Ps Movil Diagnostico De Los Rios,"C. de Fernández de los Ríos, 85",40.4360464641775,-3.71604081604061,GLS,Convenience stores,Private,Premises,Madrid,Ps Movil Diagnostico De Los Rios,"C. de Fernández de los Ríos, 85",28015,,,
2670,Gls,Convenience Stores,Privada,Premises,Madrid,28015,Ps Marjane Almeria S.L,"C. de San Bernardo, 10",40.4221629982132,-3.70762752267943,GLS,Convenience stores,Private,Premises,Madrid,Ps Marjane Almeria S.L,"C. de San Bernardo, 10",28015,,,
2671,Gls,Convenience Stores,Privada,Premises,Madrid,28016,Ps Movil Diagnostico Principe,"C. del Príncipe de Vergara, 291",40.4608212587478,-3.67665284162366,GLS,Convenience stores,Private,Premises,Madrid,Ps Movil Diagnostico Principe,"C. del Príncipe de Vergara, 291",28016,,,
2672,Gls,Convenience Stores,Privada,Premises,Madrid,28016,Ps Alimentacion Xiaofen,"Av. de Alfonso XIII, 145",40.4605743167859,-3.67554524033633,GLS,Convenience stores,Private,Premises,Madrid,Ps Alimentacion Xiaofen,"Av. de Alfonso XIII, 145",28016,,,
2673,Gls,Lsp Pudos,Privada,Premises,Madrid,28020,Gls Azca Agencia 595,"C. de Orense, 54",40.4585540539119,-3.69416570743302,GLS,LSP PUDOs,Private,Premises,Madrid,Gls Azca Agencia 595,"C. de Orense, 54",28020,,,
2674,Gls,Convenience Stores,Privada,Premises,Madrid,28020,Ps Papeleria Prensa Tetuan,"C. de Bravo Murillo, 325",40.4640093093961,-3.69639243913926,GLS,Convenience stores,Private,Premises,Madrid,Ps Papeleria Prensa Tetuan,"C. de Bravo Murillo, 325",28020,,,
2675,Gls,Convenience Stores,Privada,Premises,Madrid,28028,Ps Mundo Movil Diagnostico Colomer,"Calle de Colomer, 3, local 3",40.4342330638647,-3.66462626505636,GLS,Convenience stores,Private,Premises,Madrid,Ps Mundo Movil Diagnostico Colomer,"Calle de Colomer, 3,  local 3",28028,,,
2676,Gls,Lsp Pudos,Privada,Premises,Madrid,28028,Gls,"C. de Pedro Heredia, 5",40.4286888830805,-3.66587409285256,GLS,LSP PUDOs,Private,Premises,Madrid,Gls,"C. de Pedro Heredia, 5",28028,,,
2677,Gls,Convenience Stores,Privada,Premises,Madrid,28028,Ps Em Movil Zafra,"P.o del Marqués de Zafra, 17",40.4269419684689,-3.66642358596831,GLS,Convenience stores,Private,Premises,Madrid,Ps Em Movil Zafra,"P.º del Marqués de Zafra, 17",28028,,,
2678,Gls,Lsp Pudos,Privada,Premises,Madrid,28029,Gls,"C/ del Marqués de Encinares, 7",40.4730822984188,-3.69006119800015,GLS,LSP PUDOs,Private,Premises,Madrid,Gls,"C/ del Marqués de Encinares, 7",28029,,,
2679,Gls,Lsp Pudos,Privada,Premises,Madrid,28029,Gls,"C. de Antonio, 25",40.467670438273,-3.69584179902369,GLS,LSP PUDOs,Private,Premises,Madrid,Gls,"C. de Antonio, 25",28029,,,
2680,Gls,Convenience Stores,Privada,Kiosk,Madrid,28029,Ps Kiosco De Prensa Vaguada,"Esquina Av.Monforte de Lemos y, C. de Ginzo de Limia",40.4794553637859,-3.70472310778365,GLS,Convenience stores,Private,Kiosk,Madrid,Ps Kiosco De Prensa Vaguada,"Esquina Av.Monforte de Lemos y, C. de Ginzo de Limia",28029,,,
2681,Gls,Convenience Stores,Privada,Premises,Madrid,28029,Ps Envíos Masivo,"C. de Álvarez, 19",40.4712158260593,-3.70002629508941,GLS,Convenience stores,Private,Premises,Madrid,Ps Envíos Masivo,"C. de Álvarez, 19",28029,,,
2682,Gls,Convenience Stores,Privada,Premises,Madrid,28029,Ps Max Envios,"Pl. de Ribadeo, 1",40.4777569163175,-3.71062357478534,GLS,Convenience stores,Private,Premises,Madrid,Ps Max Envios,"Pl. de Ribadeo, 1",28029,,,
2683,Gls,Convenience Stores,Privada,Premises,Madrid,28029,Ps Disache,Calle Pinos Alta 33,40.4668480150751,-3.69683459365667,GLS,Convenience stores,Private,Premises,Madrid,Ps Disache,Calle Pinos Alta 33,28029,,,
2684,Gls,Convenience Stores,Privada,Premises,Madrid,28029,Ps Guacanda,"C. del Puerto de Maspalomas, 12",40.4784755569756,-3.71368735311866,GLS,Convenience stores,Private,Premises,Madrid,Ps Guacanda,"C. del Puerto de Maspalomas, 12",28029,,,
2685,Gls,Convenience Stores,Privada,Premises,Madrid,28036,Ps Alma Verde,"C. de Enrique Larreta, 6",40.4680561998743,-3.68634989473218,GLS,Convenience stores,Private,Premises,Madrid,Ps Alma Verde,"C. de Enrique Larreta, 6",28036,,,
2686,Gls,Convenience Stores,Privada,Premises,Madrid,28036,Ps Carlin Bernabeu,"C. de Manuel de Falla, 2",40.4556516331762,-3.68925754298437,GLS,Convenience stores,Private,Premises,Madrid,Ps Carlin Bernabeu,"C. de Manuel de Falla, 2",28036,,,
2687,Gls,Convenience Stores,Privada,Premises,Madrid,28039,Ps Multiservicios Isamar-Locutorio,"C. de Artajona, 15",40.4633683983379,-3.71808515156287,GLS,Convenience stores,Private,Premises,Madrid,Ps Multiservicios Isamar-Locutorio,"C. de Artajona, 15",28039,,,
2688,Gls,Convenience Stores,Privada,Premises,Madrid,28039,Ps Libreria Jumi,"C. de Valdevarnes, 24",40.4691327707878,-3.71827447951731,GLS,Convenience stores,Private,Premises,Madrid,Ps Libreria Jumi,"C. de Valdevarnes, 24",28039,,,
2689,Gls,Lsp Pudos,Privada,Premises,Madrid,28045,Gls,"C. de Canarias, 44, Arganzuela",40.401801965214,-3.69170879629151,GLS,LSP PUDOs,Private,Premises,Madrid,Gls,"C. de Canarias, 44, Arganzuela",28045,,,
2690,Gls,Convenience Stores,Privada,Premises,Madrid,28045,Ps Martuchela Tienda De Abalorios Y Bisutería,"C. de Bolívar, 26",40.3928919255027,-3.69035576005658,GLS,Convenience stores,Private,Premises,Madrid,Ps Martuchela Tienda De Abalorios Y Bisutería,"C. de Bolívar, 26",28045,,,
2691,Gls,Convenience Stores,Privada,Premises,Madrid,28045,Ps Aromas Artesanales Mendez Alvaro,"C. de Méndez Álvaro, 83",40.3950529052244,-3.67778500650633,GLS,Convenience stores,Private,Premises,Madrid,Ps Aromas Artesanales Mendez Alvaro,"C. de Méndez Álvaro, 83",28045,,,
2692,Gls,Convenience Stores,Privada,Premises,Madrid,28045,Ps Guarderia De Maletas,"C. de Rafael de Riego, 5",40.4051759729452,-3.69173585338966,GLS,Convenience stores,Private,Premises,Madrid,Ps Guarderia De Maletas,"C. de Rafael de Riego, 5",28045,,,
2693,Gls,Convenience Stores,Privada,Premises,Madrid,28026,Ps Damalar,"C. de la Cuesta, 15",40.3886739629956,-3.70773682165649,GLS,Convenience stores,Private,Premises,Madrid,Ps Damalar,"C. de la Cuesta, 15",28026,,,
2694,Gls,Convenience Stores,Privada,Premises,Madrid,28041,Ps Locutorio M And I,"C/ de la Giralda, 5",40.3747580719731,-3.69153941311946,GLS,Convenience stores,Private,Premises,Madrid,Ps Locutorio M And I,"C/ de la Giralda, 5",28041,,,
2695,Gls,Convenience Stores,Privada,Premises,Madrid,28041,Ps Armeria Gran Avenida,"C. Gran Avenida, 18",40.3693930565917,-3.70839687790459,GLS,Convenience stores,Private,Premises,Madrid,Ps Armeria Gran Avenida,"C. Gran Avenida, 18",28041,,,
2696,Gls,Convenience Stores,Privada,Premises,Madrid,28041,Ps Calzados Bohemios,"C. los Bohemios, 4",40.3568087034945,-3.69409024888235,GLS,Convenience stores,Private,Premises,Madrid,Ps Calzados Bohemios,"C. los Bohemios, 4",28041,,,
2697,Gls,Convenience Stores,Privada,Premises,Madrid,28041,Ps Electrodomesticos Bowen,"C. de la Alegría de la Huerta, 37",40.3535775479481,-3.69510142746101,GLS,Convenience stores,Private,Premises,Madrid,Ps Electrodomesticos Bowen,"C. de la Alegría de la Huerta, 37",28041,,,
2698,Gls,Convenience Stores,Privada,Premises,Madrid,28021,Ps Locutorio Medina,"Calle Encarnación Oviol, 48",40.3506883222098,-3.6873908219213,GLS,Convenience stores,Private,Premises,Madrid,Ps Locutorio Medina,"Calle Encarnación Oviol, 48",28021,,,
2699,Gls,Convenience Stores,Privada,Premises,Madrid,28021,Ps La Planada,"P.o Talleres, 66",40.3475337195994,-3.70533481594342,GLS,Convenience stores,Private,Premises,Madrid,Ps La Planada,"P.º Talleres, 66",28021,,,
2700,Gls,Convenience Stores,Privada,Premises,Madrid,28021,Ps Locutorio Estefania,"C. de Juan Peñalver, 66",40.3443652435773,-3.7138414823687,GLS,Convenience stores,Private,Premises,Madrid,Ps Locutorio Estefania,"C. de Juan Peñalver, 66",28021,,,
2701,Gls,Lsp Pudos,Privada,Premises,Madrid,28005,Agencia La Latina 396,"C. Puerto de Pajares, 30",40.3485134246899,-3.73124755519031,GLS,LSP PUDOs,Private,Premises,Madrid,Agencia La Latina 396,"C. Puerto de Pajares, 30",28005,,,
2702,Gls,Lsp Pudos,Privada,Premises,Madrid,28919,Agencia 288 Pinto,"C. Puerto de Pajares, 29",40.3483158655882,-3.7337773551027,GLS,LSP PUDOs,Private,Premises,Madrid,Agencia 288 Pinto,"C. Puerto de Pajares, 29",28919,,,
2703,Gls,Lsp Pudos,Privada,Premises,Madrid,28919,Agencia Leganes Norte 1019,Calle Puerto de Pajares 36,40.3488616831429,-3.73310385986034,GLS,LSP PUDOs,Private,Premises,Madrid,Agencia Leganes Norte 1019,Calle Puerto de Pajares 36,28919,,,
2704,Gls,Convenience Stores,Privada,Premises,Madrid,28019,Ps Fersay,Calle de Antonio López 59,40.3947789799392,-3.70884503642678,GLS,Convenience stores,Private,Premises,Madrid,Ps Fersay,Calle de Antonio López 59,28019,,,
2705,Gls,Convenience Stores,Privada,Premises,Madrid,28019,Ps Essenzia,"Calle de Antonio López, 7",40.3972819383462,-3.71413412512205,GLS,Convenience stores,Private,Premises,Madrid,Ps Essenzia,"Calle de Antonio López, 7",28019,,,
2706,Gls,Lsp Pudos,Privada,Premises,Madrid,28011,Agencia 1170 Casa De Campo,Paseo de los Jesuitas 51,40.4085819402745,-3.73435494161236,GLS,LSP PUDOs,Private,Premises,Madrid,Agencia 1170 Casa De Campo,Paseo de los Jesuitas 51,28011,,,
2707,Gls,Convenience Stores,Privada,Premises,Madrid,28011,Ps Mercachip,Calle de la Huerta de Castañeda 40,40.4053992861262,-3.74238511738488,GLS,Convenience stores,Private,Premises,Madrid,Ps Mercachip,Calle de la Huerta de Castañeda 40,28011,,,
2708,Gls,Convenience Stores,Privada,Premises,Madrid,28047,Ps J.L.S. Pinturas,Calle Higueras 36,40.4053994944045,-3.74235975904833,GLS,Convenience stores,Private,Premises,Madrid,Ps J.L.S. Pinturas,Calle Higueras 36,28047,,,
2709,Gls,Convenience Stores,Privada,Premises,Madrid,28047,Ps Loterias Latina,Calle de Latina 18 ( CC Mercadona - loterias ),40.4012449523988,-3.75148350316259,GLS,Convenience stores,Private,Premises,Madrid,Ps Loterias Latina,Calle de Latina 18 ( CC Mercadona - loterias ),28047,,,
2710,Gls,Convenience Stores,Privada,Premises,Madrid,28019,Ps La Maña,Calle Paulina Odiaga 43,40.3937993866262,-3.72646167510199,GLS,Convenience stores,Private,Premises,Madrid,Ps La Maña,Calle Paulina Odiaga 43,28019,,,
2711,Gls,Lsp Pudos,Privada,Premises,Madrid,28019,Agencia Arganzuela 612,Calle de Belmonte de Tajo 63,40.3905174427591,-3.72007081610103,GLS,LSP PUDOs,Private,Premises,Madrid,Agencia Arganzuela 612,Calle de Belmonte de Tajo 63,28019,,,
2712,Gls,Convenience Stores,Privada,Premises,Madrid,28019,Ps Triple B,Calle de la Vía 30 local,40.3861390316636,-3.72005738913628,GLS,Convenience stores,Private,Premises,Madrid,Ps Triple B,Calle de la Vía 30 local,28019,,,
2713,Gls,Convenience Stores,Privada,Premises,Madrid,28025,Ps Zapp Oca,Calle de la Oca 71,40.3888200811248,-3.74029882964543,GLS,Convenience stores,Private,Premises,Madrid,Ps Zapp Oca,Calle de la Oca 71,28025,,,
2714,Gls,Convenience Stores,Privada,Premises,Madrid,28025,Ps Charcuteria Frey,Calle de Matilde Hernández CENTRO COMERCIAL PUERTA BONITO,40.3872666739948,-3.73923071954048,GLS,Convenience stores,Private,Premises,Madrid,Ps Charcuteria Frey,Calle de Matilde Hernández CENTRO COMERCIAL PUERTA BONITO,28025,,,
2715,Gls,Convenience Stores,Privada,Premises,Madrid,28019,Ps Estanco Valle De Oro,Calle Juan Francisco 1,40.3881749186123,-3.73107381883104,GLS,Convenience stores,Private,Premises,Madrid,Ps Estanco Valle De Oro,Calle Juan Francisco 1,28019,,,
2716,Gls,Convenience Stores,Privada,Premises,Madrid,28025,Ps Fix Mi Movil,Paseo de Marcelino Camacho 29,40.386635250849,-3.74214659038335,GLS,Convenience stores,Private,Premises,Madrid,Ps Fix Mi Movil,Paseo de Marcelino Camacho 29,28025,,,
2717,Gls,Lsp Pudos,Privada,Premises,Madrid,28047,Agencia Vista Alegre 286,Calle Guabairo 11,40.3865411855085,-3.74543608975668,GLS,LSP PUDOs,Private,Premises,Madrid,Agencia Vista Alegre 286,Calle Guabairo 11,28047,,,
2718,Gls,Convenience Stores,Privada,Premises,Madrid,28047,Ps Cristaleria Aluche,Calle de Camarena 235,40.3864443218955,-3.75707126067588,GLS,Convenience stores,Private,Premises,Madrid,Ps Cristaleria Aluche,Calle de Camarena 235,28047,,,
2719,Gls,Convenience Stores,Privada,Premises,Madrid,28025,Ps Master Ocio S.L.U,Calle de Eugenia de Montijo 63 - local,40.3782158790701,-3.74816152341699,GLS,Convenience stores,Private,Premises,Madrid,Ps Master Ocio S.L.U,Calle de Eugenia de Montijo 63 - local,28025,,,
2720,Gls,Convenience Stores,Privada,Premises,Madrid,28044,Ps Viajes Y Envios Leon,Calle de Joaquín Turina 31,40.3725951568888,-3.75340320744729,GLS,Convenience stores,Private,Premises,Madrid,Ps Viajes Y Envios Leon,Calle de Joaquín Turina 31,28044,,,
2721,Gls,Convenience Stores,Privada,Premises,Madrid,28044,Ps Zapateria Angel,Calle Redentor 21,40.3724241139469,-3.75493514532496,GLS,Convenience stores,Private,Premises,Madrid,Ps Zapateria Angel,Calle Redentor 21,28044,,,
2722,Gls,Lsp Pudos,Privada,Premises,Madrid,28054,Agencia Carabanchel 399,Calle del Haya 14 nave A,40.3662752104256,-3.74766276161789,GLS,LSP PUDOs,Private,Premises,Madrid,Agencia Carabanchel 399,Calle del Haya 14 nave A,28054,,,
2723,Gls,Convenience Stores,Privada,Premises,Madrid,28044,Ps Pastel Y Miga,"Av. de Carabanchel Alto, 110",40.3666994771457,-3.75364574059195,GLS,Convenience stores,Private,Premises,Madrid,Ps Pastel Y Miga,"Av. de Carabanchel Alto, 110",28044,,,
2724,Gls,Convenience Stores,Privada,Premises,Madrid,28025,Ps Locutorio Neizor,Camino Viejo de Leganés 171,40.3822449224996,-3.7305050332328,GLS,Convenience stores,Private,Premises,Madrid,Ps Locutorio Neizor,Camino Viejo de Leganés 171,28025,,,
2725,Gls,Convenience Stores,Privada,Premises,Madrid,28025,Ps Papeleria Los Pinos,Calle de Argüeso 38,40.3841892901717,-3.72656875005196,GLS,Convenience stores,Private,Premises,Madrid,Ps Papeleria Los Pinos,Calle de Argüeso 38,28025,,,
2726,Gls,Convenience Stores,Privada,Premises,Madrid,28223,Ps Lucia & Co Nuevo,Calle Barlovento 30,40.4196565559293,-3.7970878694018,GLS,Convenience stores,Private,Premises,Madrid,Ps Lucia & Co Nuevo,Calle Barlovento 30,28223,,,
2727,Gls,Convenience Stores,Privada,Premises,Madrid,28223,Ps Libreria Zepol,Plaza Mayor 2,40.4150664879259,-3.70681843101107,GLS,Convenience stores,Private,Premises,Madrid,Ps Libreria Zepol,Plaza Mayor 2,28223,,,
2728,Gls,Lsp Pudos,Privada,Premises,Madrid,28223,Agencia Pozuelo 342,"Vía de las Dos Castillas, 17",40.434947027165,-3.79677203221415,GLS,LSP PUDOs,Private,Premises,Madrid,Agencia Pozuelo 342,"Vía de las Dos Castillas, 17",28223,,,
2729,Gls,Convenience Stores,Privada,Premises,Madrid,28224,Ps Estanco Pozuelo,Carretera de Húmera 87,40.4357133945733,-3.7981033809336,GLS,Convenience stores,Private,Premises,Madrid,Ps Estanco Pozuelo,Carretera de Húmera 87,28224,,,
2730,Gls,Lsp Pudos,Privada,Premises,Madrid,28023,Agencia Aravaca New 755,Calle Santa Fe 1,40.4312144867237,-3.73547354534675,GLS,LSP PUDOs,Private,Premises,Madrid,Agencia Aravaca New 755,Calle Santa Fe 1,28023,,,
2731,Gls,Convenience Stores,Privada,Premises,Madrid,28914,Ps Universal Grow,Calle de Newton Nave 16 Bloque E3,40.4311665085134,-3.73549801378138,GLS,Convenience stores,Private,Premises,Madrid,Ps Universal Grow,Calle de Newton Nave 16 Bloque E3,28914,,,
2732,Gls,Lsp Pudos,Privada,Premises,Madrid,28049,Agencia Montecarmelo 336,Calle del Monasterio de Samos 16 local,40.3071403641858,-3.80589241052499,GLS,LSP PUDOs,Private,Premises,Madrid,Agencia Montecarmelo 336,Calle del Monasterio de Samos 16 local,28049,,,
2733,Gls,Lsp Pudos,Privada,Premises,Madrid,28034,Agencia Fuencarral New 1094,Calle Cristo de la Vera Cruz 47,40.4975073610605,-3.68536467017367,GLS,LSP PUDOs,Private,Premises,Madrid,Agencia Fuencarral New 1094,Calle Cristo de la Vera Cruz 47,28034,,,
2734,Gls,Convenience Stores,Privada,Premises,Madrid,28034,Ps Te Lo Tengo Madrid,Calle de Marcos de Orueta 3,40.4847694927058,-3.68580018279015,GLS,Convenience stores,Private,Premises,Madrid,Ps Te Lo Tengo Madrid,Calle de Marcos de Orueta 3,28034,,,
2735,Gls,Lsp Pudos,Privada,Premises,Madrid,28033,Agencia Ofipinar 344,"C. de Sta. Susana, 30",40.4792899880834,-3.64585872494217,GLS,LSP PUDOs,Private,Premises,Madrid,Agencia Ofipinar 344,"C. de Sta. Susana, 30",28033,,,
2736,Gls,Lsp Pudos,Privada,Premises,Madrid,28055,Agencia 1181 Valdebebas,Calle Lavanda 7,40.4782690110104,-3.62950187138773,GLS,LSP PUDOs,Private,Premises,Madrid,Agencia 1181 Valdebebas,Calle Lavanda 7,28055,,,
2737,Gls,Lsp Pudos,Privada,Premises,Madrid,28043,Agencia Arturo Soria 629,"C. de Tomás Redondo, 2",40.4721713558462,-3.62970664087254,GLS,LSP PUDOs,Private,Premises,Madrid,Agencia Arturo Soria 629,"C. de Tomás Redondo, 2",28043,,,
2738,Gls,Convenience Stores,Privada,Premises,Madrid,28043,Ps Estanco Biosca Nuevo,Calle Biosca 29,40.4711654729354,-3.64936240754894,GLS,Convenience stores,Private,Premises,Madrid,Ps Estanco Biosca Nuevo,Calle Biosca 29,28043,,,
2739,Gls,Convenience Stores,Privada,Premises,Madrid,28043,Ps Look & Find,Avenida de Machupichu 23,40.4585039385122,-3.62595746020902,GLS,Convenience stores,Private,Premises,Madrid,Ps Look & Find,Avenida de Machupichu 23,28043,,,
2740,Gls,Convenience Stores,Privada,Premises,Madrid,28022,Ps Remesas Golden,Calle de Alcalá 662,40.4495505010474,-3.6075961032671,GLS,Convenience stores,Private,Premises,Madrid,Ps Remesas Golden,Calle de Alcalá 662,28022,,,
2741,Gls,Convenience Stores,Privada,Premises,Madrid,28022,Ps Multicarlin S.L.,Calle de Alcalá 626,40.4485099835971,-3.60944663088485,GLS,Convenience stores,Private,Premises,Madrid,Ps Multicarlin S.L.,Calle de Alcalá 626,28022,,,
2742,Gls,Lsp Pudos,Privada,Premises,Madrid,28037,Agencia 358 Julian Camarillo,Calle Maratón 13-15,40.4410822746637,-3.62351999628169,GLS,LSP PUDOs,Private,Premises,Madrid,Agencia 358 Julian Camarillo,Calle Maratón 13-15,28037,,,
2743,Gls,Lsp Pudos,Privada,Premises,Madrid,28027,Agencia Ciudad Lineal 823,Calle de Albasanz 14 BIS B ( cp real 28037 ),40.4362683863479,-3.63146362296207,GLS,LSP PUDOs,Private,Premises,Madrid,Agencia Ciudad Lineal 823,Calle de Albasanz 14 BIS B ( cp real 28037 ),28027,,,
2744,Gls,Lsp Pudos,Privada,Premises,Madrid,28052,Agencia El Cañaveral 284,"C. de Miguel Fleta, 9",40.4319956672642,-3.63160423672401,GLS,LSP PUDOs,Private,Premises,Madrid,Agencia El Cañaveral 284,"C. de Miguel Fleta, 9",28052,,,
2745,Gls,Convenience Stores,Privada,Premises,Madrid,28017,Ps Origen Place,"C. de Gutierre de Cetina, 73",40.4306436081083,-3.64137246611844,GLS,Convenience stores,Private,Premises,Madrid,Ps Origen Place,"C. de Gutierre de Cetina, 73",28017,,,
2746,Gls,Lsp Pudos,Privada,Premises,Madrid,28017,Agencia Chamartin 349,"C. de Salas Barbadillo, 16",40.4298015074731,-3.64525761869321,GLS,LSP PUDOs,Private,Premises,Madrid,Agencia Chamartin 349,"C. de Salas Barbadillo, 16",28017,,,
2747,Gls,Convenience Stores,Privada,Premises,Madrid,28017,Ps Ciber Carola,"C. de Gutierre de Cetina, 6",40.4344970859155,-3.64481947541269,GLS,Convenience stores,Private,Premises,Madrid,Ps Ciber Carola,"C. de Gutierre de Cetina, 6",28017,,,
2748,Gls,Convenience Stores,Privada,Premises,Madrid,28027,Ps Manantial,Calle de Elfo 76 Local 6,40.4346464116587,-3.64851971013125,GLS,Convenience stores,Private,Premises,Madrid,Ps Manantial,Calle de Elfo 76 Local 6,28027,,,
2749,Gls,Convenience Stores,Privada,Premises,Madrid,28017,Ps Locutorio Orion 2,Calle de María Teresa Sáenz de Heredia 7,40.4225722666931,-3.65453997829582,GLS,Convenience stores,Private,Premises,Madrid,Ps Locutorio Orion 2,Calle de María Teresa Sáenz de Heredia 7,28017,,,
2750,Gls,Lsp Pudos,Privada,Premises,Madrid,28014,Agencia 347 Las Cortes,"C. San Lamberto, 13",40.4208062137995,-3.65186389801037,GLS,LSP PUDOs,Private,Premises,Madrid,Agencia 347 Las Cortes,"C. San Lamberto, 13",28014,,,
2751,Gls,Convenience Stores,Privada,Premises,Madrid,28032,Ps Libros De Arena,Calle de Capri 15,40.4186351930856,-3.61977531403551,GLS,Convenience stores,Private,Premises,Madrid,Ps Libros De Arena,Calle de Capri 15,28032,,,
2752,Gls,Convenience Stores,Privada,Premises,Madrid,28032,Ps Cyberlocutorio Mym,Calle de Calahorra 25,40.4062354139131,-3.61408391477598,GLS,Convenience stores,Private,Premises,Madrid,Ps Cyberlocutorio Mym,Calle de Calahorra 25,28032,,,
2753,Gls,Convenience Stores,Privada,Premises,Madrid,28031,Ps Frutos Secos Jesus,Calle de Castrillo de Aza 15,40.3838892483142,-3.60982448089531,GLS,Convenience stores,Private,Premises,Madrid,Ps Frutos Secos Jesus,Calle de Castrillo de Aza 15,28031,,,
2754,Gls,Convenience Stores,Privada,Premises,Madrid,28018,Ps Agencia Estadio Vallecas 1018,Calle de la Maquinilla 27,40.3802584496619,-3.63808973810181,GLS,Convenience stores,Private,Premises,Madrid,Ps Agencia Estadio Vallecas 1018,Calle de la Maquinilla 27,28018,,,
2755,Gls,Convenience Stores,Privada,Premises,Madrid,28038,Ps Papeleria Irasi,"C/ de León Felipe, 6, PORTAL 1",40.3882932898472,-3.63832612377681,GLS,Convenience stores,Private,Premises,Madrid,Ps Papeleria Irasi,"C/ de León Felipe, 6, PORTAL 1",28038,,,
2756,Gls,Convenience Stores,Privada,Premises,Madrid,28053,Ps Alimentacion De Todo,Avenida del Monte Igueldo 108,40.3907897149831,-3.67104508567238,GLS,Convenience stores,Private,Premises,Madrid,Ps Alimentacion De Todo,Avenida del Monte Igueldo 108,28053,,,
2757,Gls,Convenience Stores,Privada,Premises,Madrid,28018,Ps Estanco Humos,Calle del Puerto de Balbarán 43,40.3825039565278,-3.66809162960211,GLS,Convenience stores,Private,Premises,Madrid,Ps Estanco Humos,Calle del Puerto de Balbarán 43,28018,,,
2758,Gls,Lsp Pudos,Privada,Premises,Madrid,28038,Agencia Albufera 326,"Calle de Luis I, 22",40.3766499866523,-3.64178310582997,GLS,LSP PUDOs,Private,Premises,Madrid,Agencia Albufera 326,"Calle de Luis I, 22",28038,,,
2759,Gls,Lsp Pudos,Privada,Premises,Madrid,28053,Agencia Vallecas 633,"Reguera Tomateros, 117",40.3703219993889,-3.65923532087489,GLS,LSP PUDOs,Private,Premises,Madrid,Agencia Vallecas 633,"Reguera Tomateros, 117",28053,,,
2760,Gls,Convenience Stores,Privada,Premises,Madrid,28051,Ps Merca Oasis,Avenida de las Suertes 98,40.3626653074612,-3.59180809666025,GLS,Convenience stores,Private,Premises,Madrid,Ps Merca Oasis,Avenida de las Suertes 98,28051,,,
2761,Mail Boxes Etc,Lsp Pudos,Privada,Premises,Madrid,28001,Mbe 3007,"C. de Espartinas, 8",40.4243958282948,-3.67914347983376,Mail Boxes ETC,LSP PUDOs,Private,Premises,Madrid,Mbe 3007,"C. de Espartinas, 8",28001,,,
2762,Mail Boxes Etc,Lsp Pudos,Privada,Premises,Madrid,28006,Mbe 3379,"C. del Gral. Oráa, 59",40.4361678618538,-3.67797726526868,Mail Boxes ETC,LSP PUDOs,Private,Premises,Madrid,Mbe 3379,"C. del Gral. Oráa, 59",28006,,,
2763,Mail Boxes Etc,Lsp Pudos,Privada,Premises,Madrid,28004,Mbe 2980,"C. de Pizarro, 20",40.4234198944594,-3.70533763602286,Mail Boxes ETC,LSP PUDOs,Private,Premises,Madrid,Mbe 2980,"C. de Pizarro, 20",28004,,,
2764,Mail Boxes Etc,Lsp Pudos,Privada,Premises,Madrid,28005,Mbe 2940,"C. de Martín de Vargas, 5",40.4042928509947,-3.70257686396694,Mail Boxes ETC,LSP PUDOs,Private,Premises,Madrid,Mbe 2940,"C. de Martín de Vargas, 5",28005,,,
2765,Mail Boxes Etc,Lsp Pudos,Privada,Premises,Madrid,28045,Mbe 3227,"C. de Rafael de Riego, 17",40.403887142362,-3.69206649379521,Mail Boxes ETC,LSP PUDOs,Private,Premises,Madrid,Mbe 3227,"C. de Rafael de Riego, 17",28045,,,
2766,Mail Boxes Etc,Lsp Pudos,Privada,Premises,Madrid,28028,Mbe 0200,"C. de Azcona, 58",40.4356322334573,-3.66668775218796,Mail Boxes ETC,LSP PUDOs,Private,Premises,Madrid,Mbe 0200,"C. de Azcona, 58",28028,,,
2767,Mail Boxes Etc,Lsp Pudos,Privada,Premises,Madrid,28015,Mbe 0278,"C. de Vallehermoso, 58",40.4364894648428,-3.70818176585648,Mail Boxes ETC,LSP PUDOs,Private,Premises,Madrid,Mbe 0278,"C. de Vallehermoso, 58",28015,,,
2768,Mail Boxes Etc,Lsp Pudos,Privada,Premises,Madrid,28020,Mbe 0116,"C. de la Infanta Mercedes, 53",40.458964445984,-3.69730928075788,Mail Boxes ETC,LSP PUDOs,Private,Premises,Madrid,Mbe 0116,"C. de la Infanta Mercedes, 53",28020,,,
2769,Mail Boxes Etc,Lsp Pudos,Privada,Premises,Madrid,28016,Mbe 3041,"C. de Chile, 23, Local 6",40.459498573737,-3.67581446187318,Mail Boxes ETC,LSP PUDOs,Private,Premises,Madrid,Mbe 3041,"C. de Chile, 23, Local 6",28016,,,
2770,Mail Boxes Etc,Lsp Pudos,Privada,Premises,Madrid,28029,Mbe 3330,"C. de Pedro Rico, 45",40.4822192098833,-3.70261426616166,Mail Boxes ETC,LSP PUDOs,Private,Premises,Madrid,Mbe 3330,"C. de Pedro Rico, 45",28029,,,
2771,Mail Boxes Etc,Lsp Pudos,Privada,Premises,Madrid,28030,Mail Boxes Etc. 0135,"Calle Del Corregidor Diego De Valderrábano, 1",40.4085234681924,-3.66218411818354,Mail Boxes ETC,LSP PUDOs,Private,Premises,Madrid,Mail Boxes Etc. 0135,"Calle Del Corregidor Diego De Valderrábano, 1",28030,,,
2772,Mail Boxes Etc,Lsp Pudos,Privada,Premises,Madrid,28045,Mbe 3286,"Calle Matilde Hernández, 80",40.3880530989762,-3.73637639923008,Mail Boxes ETC,LSP PUDOs,Private,Premises,Madrid,Mbe 3286,"Calle Matilde Hernández, 80",28045,,,
2773,Mail Boxes Etc,Lsp Pudos,Privada,Premises,Madrid,28021,Mbe 0069,"Calle de la Resina 61, Nave L",40.3358665059504,-3.70423204551736,Mail Boxes ETC,LSP PUDOs,Private,Premises,Madrid,Mbe 0069,"Calle de la Resina 61, Nave L",28021,,,
2774,Mail Boxes Etc,Lsp Pudos,Privada,Premises,Madrid,28034,Mbe 2706,"Ronda Del Ingenioso Hidalgo, 28 (Acceso Por Plaza De Tres Olivos)",40.502930952626,-3.69012447770168,Mail Boxes ETC,LSP PUDOs,Private,Premises,Madrid,Mbe 2706,"Ronda Del Ingenioso Hidalgo, 28 (Acceso Por Plaza De Tres Olivos)",28034,,,
2775,Mail Boxes Etc,Lsp Pudos,Privada,Premises,Madrid,28029,Mbe 3330,Calle Pedro Rico 45,40.4822987378945,-3.70260980270991,Mail Boxes ETC,LSP PUDOs,Private,Premises,Madrid,Mbe 3330,Calle Pedro Rico 45,28029,,,
2776,Mail Boxes Etc,Lsp Pudos,Privada,Premises,Madrid,28037,Mbe 0197,"C/ Miguel Yuste, 35",40.43696413052,-3.62338104997981,Mail Boxes ETC,LSP PUDOs,Private,Premises,Madrid,Mbe 0197,"C/ Miguel Yuste, 35",28037,,,
2777,Nacex,Lsp Pudos,Privada,Premises,Madrid,28002,Nacex,"C. del Corazón de María, 32, loca",40.4418694341323,-3.66882074663442,Nacex,LSP PUDOs,Private,Premises,Madrid,Nacex,"C. del Corazón de María, 32, loca",28002,,,
2778,Nacex,Convenience Stores,Privada,Premises,Madrid,28002,Locutorio Caribe (2804-06),"Calle del Gral. Zabala, 1",40.4427272788134,-3.67448452205247,Nacex,Convenience stores,Private,Premises,Madrid,Locutorio Caribe (2804-06),"Calle del Gral. Zabala, 1",28002,,,
2779,Nacex,Convenience Stores,Privada,Premises,Madrid,28005,La Huerta Del Gato (2850-07),"P.o de la Esperanza, 47",40.3991956652692,-3.70272608848975,Nacex,Convenience stores,Private,Premises,Madrid,La Huerta Del Gato (2850-07),"P.º de la Esperanza, 47",28005,,,
2780,Nacex,Convenience Stores,Privada,Premises,Madrid,28005,Ferreteria San Isidro (2850-16),"P.o de los Melancólicos, 41",40.4050784078804,-3.72031722271702,Nacex,Convenience stores,Private,Premises,Madrid,Ferreteria San Isidro (2850-16),"P.º de los Melancólicos, 41",28005,,,
2781,Nacex,Convenience Stores,Privada,Premises,Madrid,28005,Eurochange Madrid (2850-09),"Pl. de San Miguel, 1",40.4158742822752,-3.70933085125814,Nacex,Convenience stores,Private,Premises,Madrid,Eurochange Madrid (2850-09),"Pl. de San Miguel, 1",28005,,,
2782,Nacex,Convenience Stores,Privada,Premises,Madrid,28005,Vapstore La Latina (2850-15),"Pl. de Cascorro, 8, local 20",40.4108876157922,-3.70695680117912,Nacex,Convenience stores,Private,Premises,Madrid,Vapstore La Latina (2850-15),"Pl. de Cascorro, 8, local 20",28005,,,
2783,Nacex,Lsp Pudos,Privada,Premises,Madrid,28005,Nacex,"Calle del Gasómetro, 5",40.4055630182821,-3.70822650305276,Nacex,LSP PUDOs,Private,Premises,Madrid,Nacex,"Calle del Gasómetro, 5",28005,,,
2784,Nacex,Convenience Stores,Privada,Kiosk,Madrid,28004,Kiosko Teresa Sánchez (2853-12),"C. del Barquillo, 17",40.4220566762245,-3.69592669065299,Nacex,Convenience stores,Private,Kiosk,Madrid,Kiosko Teresa Sánchez (2853-12),"C. del Barquillo, 17",28004,,,
2785,Nacex,Lsp Pudos,Privada,Premises,Madrid,28006,Nacex,"Calle de María de Molina, 37, Bajos",40.4378811422548,-3.68092710785402,Nacex,LSP PUDOs,Private,Premises,Madrid,Nacex,"Calle de María de Molina, 37, Bajos",28006,,,
2786,Nacex,Convenience Stores,Privada,Premises,Madrid,28007,L ́Atelier Del Pan (2884-11),"Calle de Juan de Urbieta, 36",40.4066768199875,-3.67627624216946,Nacex,Convenience stores,Private,Premises,Madrid,L´Atelier Del Pan (2884-11),"Calle de Juan de Urbieta, 36",28007,,,
2787,Nacex,Lsp Pudos,Privada,Premises,Madrid,28008,Nacex,"C. de Ferraz, 90",40.4306043885826,-3.72124994707582,Nacex,LSP PUDOs,Private,Premises,Madrid,Nacex,"C. de Ferraz, 90",28008,,,
2788,Nacex,Convenience Stores,Privada,Premises,Madrid,28008,Mobile Centre (2886-04),"Calle de la Princesa, 3, Loocal 6",40.4251556539075,-3.71345652424376,Nacex,Convenience stores,Private,Premises,Madrid,Mobile Centre (2886-04),"Calle de la Princesa, 3, Loocal 6",28008,,,
2789,Nacex,Convenience Stores,Privada,Premises,Madrid,28009,El Taller Joyas Y Complementos (2847-07),"C. de Alcalá, 145",40.4246455625741,-3.67709667921145,Nacex,Convenience stores,Private,Premises,Madrid,El Taller Joyas Y Complementos (2847-07),"C. de Alcalá, 145",28009,,,
2790,Nacex,Convenience Stores,Privada,Premises,Madrid,28010,Locutorio Mila (2853-20),"C. del Cardenal Cisneros, 64",40.4345064010253,-3.70273065094005,Nacex,Convenience stores,Private,Premises,Madrid,Locutorio Mila (2853-20),"C. del Cardenal Cisneros, 64",28010,,,
2791,Nacex,Convenience Stores,Privada,Premises,Madrid,28012,Estanco -0190 (2850-17),"C. de Palos de la Frontera, 11",40.4035392243166,-3.6982336081077,Nacex,Convenience stores,Private,Premises,Madrid,Estanco -0190 (2850-17),"C. de Palos de la Frontera, 11",28012,,,
2792,Nacex,Convenience Stores,Privada,Premises,Madrid,28013,Eurochange Madrid Jacometrezo (2886-07),"C. de Jacometrezo, 11",40.4201894617716,-3.70709107984399,Nacex,Convenience stores,Private,Premises,Madrid,Eurochange Madrid Jacometrezo (2886-07),"C. de Jacometrezo, 11",28013,,,
2793,Nacex,Convenience Stores,Privada,Premises,Madrid,28013,Eurochange Madrid (2886-06),"C. del Carmen, 27",40.4190352175341,-3.70463579761625,Nacex,Convenience stores,Private,Premises,Madrid,Eurochange Madrid (2886-06),"C. del Carmen, 27",28013,,,
2794,Nacex,Convenience Stores,Privada,Premises,Madrid,28014,Estanco No 47 Madrid (2886-10),"C. del León, 28",40.4132713874595,-3.69930947793014,Nacex,Convenience stores,Private,Premises,Madrid,Estanco Nº 47 Madrid (2886-10),"C. del León, 28",28014,,,
2795,Nacex,Lsp Pudos,Privada,Premises,Madrid,28015,Nacex,"C. de Vallehermoso, 20",40.43209601998,-3.70870248447296,Nacex,LSP PUDOs,Private,Premises,Madrid,Nacex,"C. de Vallehermoso, 20",28015,,,
2796,Nacex,Convenience Stores,Privada,Premises,Madrid,28015,Marjane Almeria (2853-18),"C. de San Bernardo, 10",40.422195667807,-3.70756314807903,Nacex,Convenience stores,Private,Premises,Madrid,Marjane Almeria (2853-18),"C. de San Bernardo, 10",28015,,,
2797,Nacex,Convenience Stores,Privada,Premises,Madrid,28016,Estanco No 416 Madrid (2846-03),"C. de la Drácena, 19",40.4633832863783,-3.67106222173929,Nacex,Convenience stores,Private,Premises,Madrid,Estanco Nº 416 Madrid (2846-03),"C. de la Drácena, 19",28016,,,
2798,Nacex,Convenience Stores,Privada,Premises,Madrid,28020,Amuleto Maravilla (2861-09),"C. de Bravo Murillo, 122",40.4494078974207,-3.70282741603116,Nacex,Convenience stores,Private,Premises,Madrid,Amuleto Maravilla (2861-09),"C. de Bravo Murillo, 122",28020,,,
2799,Nacex,Convenience Stores,Privada,Premises,Madrid,28020,Estanco No 715 Madrid (2861-07),"C. de San Germán, 5",40.4561653598462,-3.69290387952126,Nacex,Convenience stores,Private,Premises,Madrid,Estanco Nº 715 Madrid (2861-07),"C. de San Germán, 5",28020,,,
2800,Nacex,Convenience Stores,Privada,Premises,Madrid,28028,Naser Top Line (2804-14),"C. de Coslada, 6",40.4371725929394,-3.6754848353854,Nacex,Convenience stores,Private,Premises,Madrid,Naser Top Line (2804-14),"C. de Coslada, 6",28028,,,
2801,Nacex,Convenience Stores,Privada,Kiosk,Madrid,28029,Quiosco Pablo (2845-06),C. de Melchor Fernández Almagro & C. de la Villa de Marín,40.4780576155829,-3.69902793257194,Nacex,Convenience stores,Private,Kiosk,Madrid,Quiosco Pablo (2845-06),C. de Melchor Fernández Almagro & C. de la Villa de Marín,28029,,,
2802,Nacex,Convenience Stores,Privada,Premises,Madrid,28029,La Tienduca De Óscar (2845-11),"C. de Melchor Fernández Almagro, 62",40.4765901884095,-3.70701456799319,Nacex,Convenience stores,Private,Premises,Madrid,La Tienduca De Óscar (2845-11),"C. de Melchor Fernández Almagro, 62",28029,,,
2803,Nacex,Convenience Stores,Privada,Premises,Madrid,28029,Marduk Online (2845-15),"C. del Dr. Ramón Castroviejo, 29",40.4788852189158,-3.71580138398536,Nacex,Convenience stores,Private,Premises,Madrid,Marduk Online (2845-15),"C. del Dr. Ramón Castroviejo, 29",28029,,,
2804,Nacex,Convenience Stores,Privada,Premises,Madrid,28029,Envios Yien (2845-13),"Pl. de Fonsagrada, 5",40.4776487842557,-3.7078298776003,Nacex,Convenience stores,Private,Premises,Madrid,Envios Yien (2845-13),"Pl. de Fonsagrada, 5",28029,,,
2805,Nacex,Convenience Stores,Privada,Premises,Madrid,28029,Estanco Fan (2845-16),"Calle de las Magnolias, 69",40.4704714434469,-3.69150790902124,Nacex,Convenience stores,Private,Premises,Madrid,Estanco Fan (2845-16),"Calle de las Magnolias, 69",28029,,,
2806,Nacex,Convenience Stores,Privada,Premises,Madrid,28029,Envíos Masivo (2845-10),"C. de Álvarez, 19, Planta baja, Local 1",40.4711668559563,-3.70005848362052,Nacex,Convenience stores,Private,Premises,Madrid,Envíos Masivo (2845-10),"C. de Álvarez, 19,  Planta baja, Local 1",28029,,,
2807,Nacex,Convenience Stores,Privada,Premises,Madrid,28035,Estanco Madrid-742 (2844-12),"Calle de la C. Isla de Tavira, 30",40.4813347525025,-3.71927829157985,Nacex,Convenience stores,Private,Premises,Madrid,Estanco Madrid-742 (2844-12),"Calle de la C. Isla de Tavira, 30",28035,,,
2808,Nacex,Lsp Pudos,Privada,Premises,Madrid,28039,Nacex,"C. de Müller, 43",40.4655439697019,-3.69862003499572,Nacex,LSP PUDOs,Private,Premises,Madrid,Nacex,"C. de Müller, 43",28039,,,
2809,Nacex,Convenience Stores,Privada,Premises,Madrid,28039,Kurama (2844-10),"C. de Valderrodrigo, 45",40.4701306083389,-3.71884362495859,Nacex,Convenience stores,Private,Premises,Madrid,Kurama (2844-10),"C. de Valderrodrigo, 45",28039,,,
2810,Nacex,Lsp Pudos,Privada,Premises,Madrid,28040,Nacex,"C. Moguer, 5",40.4564819958696,-3.71365085829564,Nacex,LSP PUDOs,Private,Premises,Madrid,Nacex,"C. Moguer, 5",28040,,,
2811,Nacex,Lsp Pudos,Privada,Premises,Madrid,28046,Nacex,"C. de Mauricio Legendre, C. de Agustín de Foxá, 2, esq",40.4702390208526,-3.6863888303647,Nacex,LSP PUDOs,Private,Premises,Madrid,Nacex,"C. de Mauricio Legendre, C. de Agustín de Foxá, 2, esq",28046,,,
2812,Nacex,Lsp Pudos,Privada,Premises,Madrid,28021,Madrid(2882),"C. Montejo, 7",40.3357368099225,-3.71317294307465,Nacex,LSP PUDOs,Private,Premises,Madrid,Madrid(2882),"C. Montejo, 7",28021,,,
2813,Nacex,Convenience Stores,Privada,Premises,Madrid,28021,Estanco Madrid 382 (2882-22),"P.o de Alberto Palacios, 82",40.3435803789664,-3.71639816172516,Nacex,Convenience stores,Private,Premises,Madrid,Estanco Madrid 382 (2882-22),"P.º de Alberto Palacios, 82",28021,,,
2814,Nacex,Convenience Stores,Privada,Premises,Madrid,28021,Euroconexion Villaverde Alto (2882-19),"C. de la Aladierna, 9",40.3459732750836,-3.71100656784251,Nacex,Convenience stores,Private,Premises,Madrid,Euroconexion Villaverde Alto (2882-19),"C. de la Aladierna, 9",28021,,,
2815,Nacex,Convenience Stores,Privada,Premises,Madrid,28021,Estanco-342 (2882-21),"C. Calamina, 14",40.3467723765903,-3.71197758696358,Nacex,Convenience stores,Private,Premises,Madrid,Estanco-342 (2882-21),"C. Calamina, 14",28021,,,
2816,Nacex,Convenience Stores,Privada,Premises,Madrid,28041,Locutorio (2882-14),"C. Pan y Toros, 11",40.360531748222,-3.69452818367204,Nacex,Convenience stores,Private,Premises,Madrid,Locutorio (2882-14),"C. Pan y Toros, 11",28041,,,
2817,Nacex,Convenience Stores,Privada,Premises,Madrid,28041,Asesoria Latina (2882-20),"Av. de la Perla, 13",40.371703935214,-3.69401401274442,Nacex,Convenience stores,Private,Premises,Madrid,Asesoria Latina (2882-20),"Av. de la Perla, 13",28041,,,
2818,Nacex,Lsp Pudos,Privada,Premises,Madrid,28045,Madrid(2884),"C. de Embajadores, 276",40.3857064225123,-3.6893960565118,Nacex,LSP PUDOs,Private,Premises,Madrid,Madrid(2884),"C. de Embajadores, 276",28045,,,
2819,Nacex,Convenience Stores,Privada,Premises,Madrid,28026,Lavatextil (2884-17),"C. San Antonio de Padua, 29",40.3862581964662,-3.7013544811933,Nacex,Convenience stores,Private,Premises,Madrid,Lavatextil (2884-17),"C. San Antonio de Padua, 29",28026,,,
2820,Nacex,Convenience Stores,Privada,Premises,Madrid,28026,Colada Expres (2884-18),"C. de Marcelo Usera, 128",40.3856061781399,-3.71019050335295,Nacex,Convenience stores,Private,Premises,Madrid,Colada Expres (2884-18),"C. de Marcelo Usera, 128",28026,,,
2821,Nacex,Convenience Stores,Privada,Premises,Madrid,28019,Cool Accesorios Y Tecnologia (2883-37),"Calle de Antonio López, 59, LOCAL 40",40.3947629903556,-3.70876686416606,Nacex,Convenience stores,Private,Premises,Madrid,Cool Accesorios Y Tecnologia (2883-37),"Calle de Antonio López, 59, LOCAL 40",28019,,,
2822,Nacex,Convenience Stores,Privada,Premises,Madrid,28019,Triple B Electrodomesticos (2883-35),"C. de la Vía, 30",40.3862374682664,-3.71998140572227,Nacex,Convenience stores,Private,Premises,Madrid,Triple B Electrodomesticos (2883-35),"C. de la Vía, 30",28019,,,
2823,Nacex,Convenience Stores,Privada,Premises,Madrid,28019,Herbolario Casandra (2883-02),"Mercado, C. San Patricio, no 1",40.3923172039082,-3.72522800239927,Nacex,Convenience stores,Private,Premises,Madrid,Herbolario Casandra (2883-02),"Mercado, C. San Patricio, nº 1",28019,,,
2824,Nacex,Convenience Stores,Privada,Premises,Madrid,28025,Rivera Shop (2883-36),"C. de Antonio Moreno, 4",40.3846060769235,-3.72841478530484,Nacex,Convenience stores,Private,Premises,Madrid,Rivera Shop (2883-36),"C. de Antonio Moreno, 4",28025,,,
2825,Nacex,Convenience Stores,Privada,Premises,Madrid,28019,Estanco Valle De Oro (2883-09),"C. Juan Francisco, 1",40.3879710705725,-3.73098967284767,Nacex,Convenience stores,Private,Premises,Madrid,Estanco Valle De Oro (2883-09),"C. Juan Francisco, 1",28019,,,
2826,Nacex,Convenience Stores,Privada,Premises,Madrid,28025,Master Ocio (2883-22),"C. de Eugenia de Montijo, 65",40.3781495850694,-3.7481906196623,Nacex,Convenience stores,Private,Premises,Madrid,Master Ocio (2883-22),"C. de Eugenia de Montijo, 65",28025,,,
2827,Nacex,Convenience Stores,Privada,Premises,Madrid,28054,Estanco 903 (2883-31),"Av. de Carabanchel Alto, 136",40.3640002899,-3.75387016072277,Nacex,Convenience stores,Private,Premises,Madrid,Estanco 903 (2883-31),"Av. de Carabanchel Alto, 136",28054,,,
2828,Nacex,Lsp Pudos,Privada,Premises,Madrid,28044,Madrid(2883),"Calle del Cidro, 18",40.3660300769676,-3.7467318273252,Nacex,LSP PUDOs,Private,Premises,Madrid,Madrid(2883),"Calle del Cidro, 18",28044,,,
2829,Nacex,Convenience Stores,Privada,Premises,Madrid,28044,Pinturas Aluche Multiservicios (2883-33),"C. de Blas Cabrera, 137",40.3782738027822,-3.76688068254685,Nacex,Convenience stores,Private,Premises,Madrid,Pinturas Aluche Multiservicios (2883-33),"C. de Blas Cabrera, 137",28044,,,
2830,Nacex,Convenience Stores,Privada,Premises,Madrid,28044,Locutorio Carlita (2883-26),"C. de Oliva de Plasencia, 1",40.378758938539,-3.77924546759671,Nacex,Convenience stores,Private,Premises,Madrid,Locutorio Carlita (2883-26),"C. de Oliva de Plasencia, 1",28044,,,
2831,Nacex,Convenience Stores,Privada,Premises,Madrid,28024,Beverly Bovel (2883-27),"P.o de los Lanceros, 2",40.3792806616462,-3.79291599690683,Nacex,Convenience stores,Private,Premises,Madrid,Beverly Bovel (2883-27),"P.º de los Lanceros, 2",28024,,,
2832,Nacex,Convenience Stores,Privada,Premises,Madrid,28047,Estanco No 720 Madrid (2883-12),"Cl. de los Yébenes, 255",40.3896723384985,-3.75157364266908,Nacex,Convenience stores,Private,Premises,Madrid,Estanco Nº 720 Madrid (2883-12),"Cl. de los Yébenes, 255",28047,,,
2833,Nacex,Convenience Stores,Privada,Premises,Madrid,28047,Fotocopias Aluche (2883-11),"C. de Illescas, 187",40.3920271677913,-3.75410823712915,Nacex,Convenience stores,Private,Premises,Madrid,Fotocopias Aluche (2883-11),"C. de Illescas, 187",28047,,,
2834,Nacex,Convenience Stores,Privada,Premises,Madrid,28024,Pharmanatur (2883-13),"C. de Illescas, 81",40.3953246672092,-3.76247943191052,Nacex,Convenience stores,Private,Premises,Madrid,Pharmanatur (2883-13),"C. de Illescas, 81",28024,,,
2835,Nacex,Convenience Stores,Privada,Premises,Madrid,28011,Candy Fiesta (2886-16),"P.o de Extremadura, 200",40.4074704172845,-3.74656239750467,Nacex,Convenience stores,Private,Premises,Madrid,Candy Fiesta (2886-16),"P.º de Extremadura, 200",28011,,,
2836,Nacex,Convenience Stores,Privada,Premises,Madrid,28011,Optica Pedro Martin (2886-15),"C. Jaime Tercero, 25",40.4086780679379,-3.73213828547162,Nacex,Convenience stores,Private,Premises,Madrid,Optica Pedro Martin (2886-15),"C. Jaime Tercero, 25",28011,,,
2837,Nacex,Convenience Stores,Privada,Premises,Madrid,28223,Pozuelo(2829),"C. Luis Béjar, 34",40.436710476986,-3.81611631514472,Nacex,Convenience stores,Private,Premises,Madrid,Pozuelo(2829),"C. Luis Béjar, 34",28223,,,
2838,Nacex,Convenience Stores,Privada,Premises,Madrid,28223,"Tienda Jardinería Pozuelo, S.L (2829-04)","C. Luis Béjar, 30",40.436661870291,-3.81595957580264,Nacex,Convenience stores,Private,Premises,Madrid,"Tienda Jardinería Pozuelo, S.L (2829-04)","C. Luis Béjar, 30",28223,,,
2839,Nacex,Convenience Stores,Privada,Premises,Madrid,28023,Estanco El Plantio (2829-06),"Av. de la Victoria, 41",40.4719944146647,-3.82881525926311,Nacex,Convenience stores,Private,Premises,Madrid,Estanco El Plantio (2829-06),"Av. de la Victoria, 41",28023,,,
2840,Nacex,Convenience Stores,Privada,Premises,Madrid,28221,Estanco Majadahonda 008 (2874-06),"URBANIZACIÓN, Carretera de El Plantío, C. Virgen de Icíar, 74",40.4746264335705,-3.84179606822688,Nacex,Convenience stores,Private,Premises,Madrid,Estanco Majadahonda 008 (2874-06),"URBANIZACIÓN, Carretera de El Plantío, C. Virgen de Icíar, 74",28221,,,
2841,Nacex,Convenience Stores,Privada,Premises,Madrid,28231,Arte Imagen Fotografia (2874-04),"C. del Caño, 4",40.4926339549363,-3.87237889805792,Nacex,Convenience stores,Private,Premises,Madrid,Arte Imagen Fotografia (2874-04),"C. del Caño, 4",28231,,,
2842,Nacex,Convenience Stores,Privada,Premises,Madrid,28048,Estanco 403 (2862-14),"C. Carboneros, 2",40.5203627120527,-3.77792261008744,Nacex,Convenience stores,Private,Premises,Madrid,Estanco 403 (2862-14),"C. Carboneros, 2",28048,,,
2843,Nacex,Convenience Stores,Privada,Premises,Madrid,28050,Estanco Las Tablas (2841-05),"C. San Juan de Ortega, 108",40.5081325668103,-3.67479830674777,Nacex,Convenience stores,Private,Premises,Madrid,Estanco Las Tablas (2841-05),"C. San Juan de Ortega, 108",28050,,,
2844,Nacex,Lsp Pudos,Privada,Premises,Madrid,28034,Madrid(2880),Pol. Ind. Herrera Oria C/ Lezama no 11,40.4910241121001,-3.68877924335736,Nacex,LSP PUDOs,Private,Premises,Madrid,Madrid(2880),Pol. Ind. Herrera Oria C/ Lezama nº 11,28034,,,
2845,Nacex,Convenience Stores,Privada,Premises,Madrid,28034,Estanco No 760 Madrid (2880-04),"C. de Santiago de Compostela, 34",40.4837311193183,-3.70187156044801,Nacex,Convenience stores,Private,Premises,Madrid,Estanco Nº 760 Madrid (2880-04),"C. de Santiago de Compostela, 34",28034,,,
2846,Nacex,Convenience Stores,Privada,Premises,Madrid,28034,Telotengo (2880-06),"C. de Marcos de Orueta, 3",40.4847695041434,-3.68582152698641,Nacex,Convenience stores,Private,Premises,Madrid,Telotengo (2880-06),"C. de Marcos de Orueta, 3",28034,,,
2847,Nacex,Lsp Pudos,Privada,Premises,Madrid,28050,Madrid(2841),"Av. de Manoteras, 22",40.4869255973313,-3.66763982497627,Nacex,LSP PUDOs,Private,Premises,Madrid,Madrid(2841),"Av. de Manoteras, 22",28050,,,
2848,Nacex,Convenience Stores,Privada,Premises,Madrid,28033,Madridphone Pinar (2841-08),"C. de Arturo Soria, 310",40.4761603317911,-3.66810190997422,Nacex,Convenience stores,Private,Premises,Madrid,Madridphone Pinar (2841-08),"C. de Arturo Soria, 310",28033,,,
2849,Nacex,Convenience Stores,Privada,Premises,Madrid,28033,Locutorio Y Paqueteria Darell (2841-06),"C. de la Costa del Sol, 15",40.4737470688766,-3.65275697358185,Nacex,Convenience stores,Private,Premises,Madrid,Locutorio Y Paqueteria Darell (2841-06),"C. de la Costa del Sol, 15",28033,,,
2850,Nacex,Lsp Pudos,Privada,Premises,Madrid,28043,Madrid(2843),"Gran Vía de Hortaleza, 65",40.4695480815897,-3.64424324266325,Nacex,LSP PUDOs,Private,Premises,Madrid,Madrid(2843),"Gran Vía de Hortaleza, 65",28043,,,
2851,Nacex,Convenience Stores,Privada,Premises,Madrid,28033,Estanco No 32 (2841-04),"C. Chiquinquirá, 54",40.4713951814476,-3.63292862398495,Nacex,Convenience stores,Private,Premises,Madrid,Estanco Nº 32 (2841-04),"C. Chiquinquirá, 54",28033,,,
2852,Nacex,Convenience Stores,Privada,Premises,Madrid,28042,Consentirme (2881-09),"C. Canal de Suez, 9",40.4720828145586,-3.58040103652476,Nacex,Convenience stores,Private,Premises,Madrid,Consentirme (2881-09),"C. Canal de Suez, 9",28042,,,
2853,Nacex,Lsp Pudos,Privada,Premises,Madrid,28042,Madrid(2881),"C. Castrobarto, 10",40.4520900733991,-3.58244613319689,Nacex,LSP PUDOs,Private,Premises,Madrid,Madrid(2881),"C. Castrobarto, 10",28042,,,
2854,Nacex,Convenience Stores,Privada,Premises,Madrid,28027,Workme (2878-11),"C. de José del Hierro, 52",40.4403800931197,-3.64361742780239,Nacex,Convenience stores,Private,Premises,Madrid,Workme (2878-11),"C. de José del Hierro, 52",28027,,,
2855,Nacex,Convenience Stores,Privada,Premises,Madrid,28037,Agencia De Viajes International Travelling (2878-15),"C. de Argos, 9",40.4368744378267,-3.63539653411938,Nacex,Convenience stores,Private,Premises,Madrid,Agencia De Viajes International Travelling (2878-15),"C. de Argos, 9",28037,,,
2856,Nacex,Lsp Pudos,Privada,Premises,Madrid,28037,Madrid(2878),C/ Alfonso Gómez 20 Pol. Ind. San Blas,40.437017023121,-3.62773556921866,Nacex,LSP PUDOs,Private,Premises,Madrid,Madrid(2878),C/ Alfonso Gómez 20 Pol. Ind. San Blas,28037,,,
2857,Nacex,Convenience Stores,Privada,Premises,Madrid,28037,Market La Esquina 38 (2878-13),"C. de los Tejedores, 39",40.4292734909421,-3.6193829970645,Nacex,Convenience stores,Private,Premises,Madrid,Market La Esquina 38 (2878-13),"C. de los Tejedores, 39",28037,,,
2858,Nacex,Convenience Stores,Privada,Premises,Madrid,28022,Dispohogar (2828-24),"C. de Suecia, 91",40.4333386141105,-3.60617410124432,Nacex,Convenience stores,Private,Premises,Madrid,Dispohogar (2828-24),"C. de Suecia, 91",28022,,,
2859,Nacex,Convenience Stores,Privada,Premises,Madrid,28022,Odin Papelería Fotografía (2828-20),"C. de Sofía, 56, LOCAL 2",40.4284161213992,-3.60124414618204,Nacex,Convenience stores,Private,Premises,Madrid,Odin Papelería Fotografía  (2828-20),"C. de Sofía, 56, LOCAL 2",28022,,,
2860,Nacex,Lsp Pudos,Privada,Premises,Madrid,28038,Madrid(2813),"C/ de Mohernando, 4",40.396133071176,-3.64977514871818,Nacex,LSP PUDOs,Private,Premises,Madrid,Madrid(2813),"C/ de Mohernando, 4",28038,,,
2861,Nacex,Convenience Stores,Privada,Premises,Madrid,28038,Eurochange Madrid Puente Vallecas (2813-28),"Av. de la Albufera, 102",40.3939987138179,-3.66094006745523,Nacex,Convenience stores,Private,Premises,Madrid,Eurochange Madrid Puente Vallecas (2813-28),"Av. de la Albufera, 102",28038,,,
2862,Nacex,Convenience Stores,Privada,Premises,Madrid,28031,Estanco No 693 Madrid (2813-21),"C. Virgen de las Viñas, 16",40.3812692675607,-3.60724384654893,Nacex,Convenience stores,Private,Premises,Madrid,Estanco Nº 693 Madrid (2813-21),"C. Virgen de las Viñas, 16",28031,,,
2863,Nacex,Convenience Stores,Privada,Premises,Madrid,28031,Pek (2813-29),"C. de la Sierra del Torcal, 3",40.3790276231178,-3.61742976797771,Nacex,Convenience stores,Private,Premises,Madrid,Pek (2813-29),"C. de la Sierra del Torcal, 3",28031,,,
2864,Nacex,Convenience Stores,Privada,Premises,Madrid,28038,Ferreteria Marcavel (2813-09),"C. de Francisco Iglesias, 3",40.399695757318,-3.66708765234221,Nacex,Convenience stores,Private,Premises,Madrid,Ferreteria Marcavel (2813-09),"C. de Francisco Iglesias, 3",28038,,,
2865,Nacex,Convenience Stores,Privada,Premises,Madrid,28053,Eramer Viajes (2882-13),"C. Antonia Calas, 4",40.3975482976941,-3.66882859336398,Nacex,Convenience stores,Private,Premises,Madrid,Eramer Viajes (2882-13),"C. Antonia Calas, 4",28053,,,
2866,Nacex,Convenience Stores,Privada,Premises,Madrid,28053,Animaladas (2882-12),"C. de Calero Pita, 54",40.3814301181319,-3.671766495396,Nacex,Convenience stores,Private,Premises,Madrid,Animaladas (2882-12),"C. de Calero Pita, 54",28053,,,
2867,Nacex,Convenience Stores,Privada,Premises,Madrid,28018,Euroconexion Entrevias (2882-15),"C. del Puerto de Balbarán, 49",40.3818676191203,-3.66720701657129,Nacex,Convenience stores,Private,Premises,Madrid,Euroconexion Entrevias (2882-15),"C. del Puerto de Balbarán, 49",28018,,,
2868,Nacex,Convenience Stores,Privada,Premises,Madrid,28909,Otra Partida 1.0 (2885-01),"Calle de Groenlandia, 4 Centro Comercial",40.3236824322457,-3.66172028573723,Nacex,Convenience stores,Private,Premises,Madrid,Otra Partida 1.0 (2885-01),"Calle de Groenlandia, 4 Centro Comercial",28909,,,
2869,Nacex,Convenience Stores,Privada,Premises,Madrid,28906,"Venga Fenix Logistic Delivery, S.L.(2885)","POL. IND. LOS OLIVOS, C. Empleo, 61",40.3157554103246,-3.68027746649397,Nacex,Convenience stores,Private,Premises,Madrid,"Venga Fenix Logistic Delivery, S.L.(2885)","POL. IND. LOS OLIVOS, C. Empleo, 61",28906,,,
2870,UPS,Convenience Stores,Privada,Premises,Madrid,28001,Estanco Florida,"Calle del Gral. Pardiñas, 64",40.4297057647026,-3.67785207165037,UPS,Convenience stores,Private,Premises,Madrid,Estanco Florida,"Calle del Gral. Pardiñas, 64",28001,,,
2871,UPS,Convenience Stores,Privada,Premises,Madrid,28002,Optica Golf,"C. del Príncipe de Vergara, 205",40.4498780443172,-3.67848354373193,UPS,Convenience stores,Private,Premises,Madrid,Optica Golf,"C. del Príncipe de Vergara, 205",28002,,,
2872,UPS,Convenience Stores,Privada,Premises,Madrid,28002,Mioptico,"C. de López de Hoyos, 135",40.4472568085858,-3.66982868130224,UPS,Convenience stores,Private,Premises,Madrid,Mioptico,"C. de López de Hoyos, 135",28002,,,
2873,UPS,Locker,Privada,Premises,Madrid,28002,Mercado Prosperidad,"C. de López de Hoyos, 81",40.4450040821633,-3.67433578407915,UPS,Lockers,Private,Premises,Madrid,Mercado Prosperidad,"C. de López de Hoyos, 81",28002,,,
2874,UPS,Convenience Stores,Privada,Premises,Madrid,28002,Micro Ware S. L.,"C. de Clara del Rey, 58",40.4469610517948,-3.6677635697018,UPS,Convenience stores,Private,Premises,Madrid,Micro Ware S. L.,"C. de Clara del Rey, 58",28002,,,
2875,UPS,Locker,Privada,Premises,Madrid,28002,Pcbox Madrid,"C. de Cartagena, 115",40.4414073944787,-3.67477676414049,UPS,Lockers,Private,Premises,Madrid,Pcbox Madrid,"C. de Cartagena, 115",28002,,,
2876,UPS,Locker,Privada,Premises,Madrid,28002,Aut Lara S El Viso,"C. de Serrano, 162",40.4466117315754,-3.68481752690448,UPS,Lockers,Private,Premises,Madrid,Aut Lara S El Viso,"C. de Serrano, 162",28002,,,
2877,UPS,Convenience Stores,Privada,Premises,Madrid,28002,Kanguro Razas,"C. de Joaquín Costa, 9",40.4471182998176,-3.68967726744737,UPS,Convenience stores,Private,Premises,Madrid,Kanguro Razas,"C. de Joaquín Costa, 9",28002,,,
2878,UPS,Convenience Stores,Privada,Premises,Madrid,28003,Achalay,"C. de Alonso Cano, 81",40.4433133194542,-3.69753414971591,UPS,Convenience stores,Private,Premises,Madrid,Achalay,"C. de Alonso Cano, 81",28003,,,
2879,UPS,Locker,Privada,Supermarket,Madrid,28003,Lidl Bravo Murillo,"C. de Bravo Murillo, 62",40.443953947931,-3.70357847127437,UPS,Lockers,Private,Supermarket,Madrid,Lidl Bravo Murillo,"C. de Bravo Murillo, 62",28003,,,
2880,UPS,Convenience Stores,Privada,Premises,Madrid,28003,Tiendas 7x24 Filipinas,"Av. de Filipinas, 30",40.4408073435889,-3.70854974554589,UPS,Convenience stores,Private,Premises,Madrid,Tiendas 7x24 Filipinas,"Av. de Filipinas, 30",28003,,,
2881,UPS,Convenience Stores,Privada,Premises,Madrid,28003,Bicicletas Y Reparacion De Calzado,"Av. de la Reina Victoria, 51",40.4465087021466,-3.71202158136673,UPS,Convenience stores,Private,Premises,Madrid,Bicicletas Y Reparacion De Calzado,"Av. de la Reina Victoria, 51",28003,,,
2882,UPS,Convenience Stores,Privada,Premises,Madrid,28003,Estanco,"Paseo de S. Fco. de Sales, 24",40.4412212789396,-3.71489577108681,UPS,Convenience stores,Private,Premises,Madrid,Estanco,"Paseo de S. Fco. de Sales, 24",28003,,,
2883,UPS,Convenience Stores,Privada,Premises,Madrid,28003,Moran Opticos,"C. de Cea Bermúdez, 65",40.4393039265466,-3.71651658271249,UPS,Convenience stores,Private,Premises,Madrid,Moran Opticos,"C. de Cea Bermúdez, 65",28003,,,
2884,UPS,Convenience Stores,Privada,Premises,Madrid,28004,Imagen On,"C. de Pelayo, 80",40.4252094216218,-3.69645804628714,UPS,Convenience stores,Private,Premises,Madrid,Imagen On,"C. de Pelayo, 80",28004,,,
2885,UPS,Convenience Stores,Privada,Kiosk,Madrid,28004,Kiosco De Prensa Teresa,"C. del Barquillo, 17",40.4219277378355,-3.69576702111738,UPS,Convenience stores,Private,Kiosk,Madrid,Kiosco De Prensa Teresa,"C. del Barquillo, 17",28004,,,
2886,UPS,Convenience Stores,Privada,Premises,Madrid,28004,The Mad Plug,"C. de Valverde, 35",40.4232228917173,-3.70184851511715,UPS,Convenience stores,Private,Premises,Madrid,The Mad Plug,"C. de Valverde, 35",28004,,,
2887,UPS,Convenience Stores,Privada,Premises,Madrid,28004,Tiendas 7x24 Glorieta Bilbao,"C. de Carranza, 3",40.4290077570131,-3.70270608051938,UPS,Convenience stores,Private,Premises,Madrid,Tiendas 7x24 Glorieta Bilbao,"C. de Carranza, 3",28004,,,
2888,UPS,Convenience Stores,Privada,Premises,Madrid,28005,Estanco Paseo Los Melancolicos,"P.o de los Melancólicos, 35",40.4056532288913,-3.72031251062533,UPS,Convenience stores,Private,Premises,Madrid,Estanco Paseo Los Melancolicos,"P.º de los Melancólicos, 35",28005,,,
2889,UPS,Convenience Stores,Privada,Premises,Madrid,28005,Vinoteca La Cristalería,"P.o de las Acacias, 59",40.4019011928869,-3.71214817498205,UPS,Convenience stores,Private,Premises,Madrid,Vinoteca La Cristalería,"P.º de las Acacias, 59",28005,,,
2890,UPS,Convenience Stores,Privada,Premises,Madrid,28005,Vap Store La Latina,"Pl. de Cascorro, 8",40.4106124448776,-3.70708794985828,UPS,Convenience stores,Private,Premises,Madrid,Vap Store La Latina,"Pl. de Cascorro, 8",28005,,,
2891,UPS,Convenience Stores,Privada,Premises,Madrid,28005,Ciber Marco,"C. de Ercilla, 12",40.4034458663381,-3.70345884294336,UPS,Convenience stores,Private,Premises,Madrid,Ciber Marco,"C. de Ercilla, 12",28005,,,
2892,UPS,Locker,Privada,Parking,Madrid,28006,Pk Indigo Md Molina,"Calle de María de Molina, 48",40.4372876568745,-3.6813386658458,UPS,Lockers,Private,Parking,Madrid,Pk Indigo Md Molina,"Calle de María de Molina, 48",28006,,,
2893,UPS,Locker,Privada,Parking,Madrid,28006,Intpkg Diego D Leon,"Calle de Diego de León, 53",40.4349587116161,-3.67762028737796,UPS,Lockers,Private,Parking,Madrid,Intpkg Diego D Leon,"Calle de Diego de León, 53",28006,,,
2894,UPS,Convenience Stores,Privada,Premises,Madrid,28006,Cm26 Reprografia,"C. de Maldonado, 26",40.4337599006328,-3.6812527365715,UPS,Convenience stores,Private,Premises,Madrid,Cm26 Reprografia,"C. de Maldonado, 26",28006,,,
2895,UPS,Locker,Privada,Premises,Madrid,28006,Cc Abc Serrano,"C. de Serrano, 61",40.4320849067902,-3.68743176428001,UPS,Lockers,Private,Premises,Madrid,Cc Abc Serrano,"C. de Serrano, 61",28006,,,
2896,UPS,Convenience Stores,Privada,Premises,Madrid,28006,Herbolario Salamanca,"C. de Padilla, 52",40.431303361039,-3.67776840699944,UPS,Convenience stores,Private,Premises,Madrid,Herbolario Salamanca,"C. de Padilla, 52",28006,,,
2897,UPS,Convenience Stores,Privada,Premises,Madrid,28007,Aut Lara Cond Casal,"Av. del Mediterráneo, 41",40.4072923577563,-3.66941486255277,UPS,Convenience stores,Private,Premises,Madrid,Aut Lara Cond Casal,"Av. del Mediterráneo, 41",28007,,,
2898,UPS,Convenience Stores,Privada,Premises,Madrid,28007,Copyart,"C. de Granada, 10",40.4050531048206,-3.67993187588611,UPS,Convenience stores,Private,Premises,Madrid,Copyart,"C. de Granada, 10",28007,,,
2899,UPS,Convenience Stores,Privada,Premises,Madrid,28008,Kanguro Deportes Princesa,"Calle de la Princesa, 72",40.4323008164341,-3.7171763367842,UPS,Convenience stores,Private,Premises,Madrid,Kanguro Deportes Princesa,"Calle de la Princesa, 72",28008,,,
2900,UPS,Convenience Stores,Privada,Premises,Madrid,28008,Store Bitbase Madrid Centro,"Calle de la Princesa, 14",40.4260490883595,-3.71253112171198,UPS,Convenience stores,Private,Premises,Madrid,Store Bitbase Madrid Centro,"Calle de la Princesa, 14",28008,,,
2901,UPS,Convenience Stores,Privada,Premises,Madrid,28008,Mobile Centre,"Calle de la Princesa, 3",40.4253741690891,-3.71346083265655,UPS,Convenience stores,Private,Premises,Madrid,Mobile Centre,"Calle de la Princesa, 3",28008,,,
2902,UPS,Convenience Stores,Privada,Mall,Madrid,28008,Cc Principe Pio,"P.o de la Florida, 2",40.4218926153784,-3.72025533461108,UPS,Convenience stores,Private,Mall ,Madrid,Cc Principe Pio,"P.º de la Florida, 2",28008,,,
2903,UPS,Convenience Stores,Privada,Supermarket,Madrid,28008,Supermarket Em,"P.o de la Florida, 23",40.4221099220609,-3.72230108563184,UPS,Convenience stores,Private,Supermarket,Madrid,Supermarket Em,"P.º de la Florida, 23",28008,,,
2904,UPS,Convenience Stores,Privada,Premises,Madrid,28009,Zapateria La Rapida,"C. de Ibiza, 3",40.4191245320954,-3.67828212300163,UPS,Convenience stores,Private,Premises,Madrid,Zapateria La Rapida,"C. de Ibiza, 3",28009,,,
2905,UPS,Convenience Stores,Privada,Premises,Madrid,28009,Aut Lara Sd Baranda,"C/ del Alcalde Sainz de Baranda, 30",40.4168281454047,-3.67452027103808,UPS,Convenience stores,Private,Premises,Madrid,Aut Lara Sd Baranda,"C/ del Alcalde Sainz de Baranda, 30",28009,,,
2906,UPS,Convenience Stores,Privada,Premises,Madrid,28009,Reparacion De Calzado Artesanos,"C. del Duque de Sesto, 13",40.4227789012825,-3.67690939304424,UPS,Convenience stores,Private,Premises,Madrid,Reparacion De Calzado Artesanos,"C. del Duque de Sesto, 13",28009,,,
2907,UPS,Convenience Stores,Privada,Premises,Madrid,28010,Aromas Artesanales,"C/ de Feijóo, 6",40.4349517761921,-3.70376720691504,UPS,Convenience stores,Private,Premises,Madrid,Aromas Artesanales,"C/ de Feijóo, 6",28010,,,
2908,UPS,Convenience Stores,Privada,Premises,Madrid,28010,Pekes Pet Shoppekes Pet Shop,"Calle de García de Paredes, 6",40.4373266212914,-3.70351092400798,UPS,Convenience stores,Private,Premises,Madrid,Pekes Pet Shoppekes Pet Shop,"Calle de García de Paredes, 6",28010,,,
2909,UPS,Convenience Stores,Privada,Premises,Madrid,28010,Auto Gala G Paredes,"Calle de García de Paredes, 74",40.4367549810352,-3.69449209543406,UPS,Convenience stores,Private,Premises,Madrid,Auto Gala G Paredes,"Calle de García de Paredes, 74",28010,,,
2910,UPS,Convenience Stores,Privada,Premises,Madrid,28011,Estanco Batan Metro,"C. de Villamanín, 33",40.4069376212585,-3.75257202646166,UPS,Convenience stores,Private,Premises,Madrid,Estanco Batan Metro,"C. de Villamanín, 33",28011,,,
2911,UPS,Convenience Stores,Privada,Premises,Madrid,28011,Fnx-Estanco 747 Batan,"Calle de Villagarcía, 2",40.4048164284632,-3.75410671329664,UPS,Convenience stores,Private,Premises,Madrid,Fnx-Estanco 747 Batan,"Calle de Villagarcía, 2",28011,,,
2912,UPS,Convenience Stores,Privada,Premises,Madrid,28011,Estanco Madrid 100,"P.o de Extremadura, 40",40.4138902299618,-3.72937353170434,UPS,Convenience stores,Private,Premises,Madrid,Estanco Madrid 100,"P.º de Extremadura, 40",28011,,,
2913,UPS,Locker,Privada,Premises,Madrid,28011,P Taquilla Cc La Ermita,"P.o de la Ermita del Santo, 48",40.4072610787416,-3.72522210582599,UPS,Lockers,Private,Premises,Madrid,P Taquilla Cc La Ermita,"P.º de la Ermita del Santo, 48",28011,,,
2914,UPS,Convenience Stores,Privada,Premises,Madrid,28012,Horus Artesania De Egipto,"C. de Miguel Servet, 6",40.4076924855113,-3.70104868253783,UPS,Convenience stores,Private,Premises,Madrid,Horus Artesania De Egipto,"C. de Miguel Servet, 6",28012,,,
2915,UPS,Convenience Stores,Privada,Premises,Madrid,28012,Cbd Premium Store,"C. de la Cruz, 3",40.4164000257161,-3.70072299744694,UPS,Convenience stores,Private,Premises,Madrid,Cbd Premium Store,"C. de la Cruz, 3",28012,,,
2916,UPS,Convenience Stores,Privada,Premises,Madrid,28013,Pharma La Font,"C. de las Fuentes, 7",40.4173018036537,-3.70872908933115,UPS,Convenience stores,Private,Premises,Madrid,Pharma La Font,"C. de las Fuentes, 7",28013,,,
2917,UPS,Convenience Stores,Privada,Parking,Madrid,28014,Pkg Cnt C Canalejas,"C. de Alcalá, 17",40.4182116399788,-3.70012966869056,UPS,Convenience stores,Private,Parking,Madrid,Pkg Cnt C Canalejas,"C. de Alcalá, 17",28014,,,
2918,UPS,Convenience Stores,Privada,Premises,Madrid,28014,Estanco 47,"C. del León, 28",40.4132617201095,-3.69937603497643,UPS,Convenience stores,Private,Premises,Madrid,Estanco 47,"C. del León, 28",28014,,,
2919,UPS,Convenience Stores,Privada,Premises,Madrid,28014,La Kasa Del Maquillaje,"Calle Juan Bautista Sacchetti, 4",40.4074228553129,-3.68758014920329,UPS,Convenience stores,Private,Premises,Madrid,La Kasa Del Maquillaje,"Calle Juan Bautista Sacchetti, 4",28014,,,
2920,UPS,Convenience Stores,Privada,Premises,Madrid,28015,Shipxpress,"C. de Fernández de los Ríos, 33",40.435213026351,-3.70837191209806,UPS,Convenience stores,Private,Premises,Madrid,Shipxpress,"C. de Fernández de los Ríos, 33",28015,,,
2921,UPS,Convenience Stores,Privada,Premises,Madrid,28015,Mail Boxes Etc. 0278,"C. de Vallehermoso, 58",40.4365039762333,-3.70822272437327,UPS,Convenience stores,Private,Premises,Madrid,Mail Boxes Etc. 0278,"C. de Vallehermoso, 58",28015,,,
2922,UPS,Convenience Stores,Privada,Premises,Madrid,28015,Expendeduria 204,"C. de Vallehermoso, 11",40.4310431042906,-3.70903224180515,UPS,Convenience stores,Private,Premises,Madrid,Expendeduria 204,"C. de Vallehermoso, 11",28015,,,
2923,UPS,Convenience Stores,Privada,Premises,Madrid,28016,Estanco 869 Madrid,"C. de la Infanta María Teresa, 8",40.4542817585603,-3.68132256950562,UPS,Convenience stores,Private,Premises,Madrid,Estanco 869 Madrid,"C. de la Infanta María Teresa, 8",28016,,,
2924,UPS,Convenience Stores,Privada,Premises,Madrid,28016,Mail Boxes Etc. 3041,"C. de Chile, 23",40.4595289107937,-3.67572403643468,UPS,Convenience stores,Private,Premises,Madrid,Mail Boxes Etc. 3041,"C. de Chile, 23",28016,,,
2925,UPS,Convenience Stores,Privada,Premises,Madrid,28016,Fnx-Estanco 416,"C. de la Drácena, 19",40.4635210727541,-3.67110201269452,UPS,Convenience stores,Private,Premises,Madrid,Fnx-Estanco 416,"C. de la Drácena, 19",28016,,,
2926,UPS,Locker,Privada,Premises,Madrid,28017,P Taquilla Loc Euro Ezq Solana,"C. de Ezequiel Solana, 102",40.4273210159115,-3.64228502451439,UPS,Lockers,Private,Premises,Madrid,P Taquilla Loc Euro Ezq Solana,"C. de Ezequiel Solana, 102",28017,,,
2927,UPS,Convenience Stores,Privada,Premises,Madrid,28017,Papeleria Minfi,"C. de Emilio Ferrari, 88",40.4290184572358,-3.63943426400659,UPS,Convenience stores,Private,Premises,Madrid,Papeleria Minfi,"C. de Emilio Ferrari, 88",28017,,,
2928,UPS,Convenience Stores,Privada,Premises,Madrid,28017,Tinta Y Toner Pueblo Nuevo,"C. de Emilio Ferrari, 40",40.4324474076855,-3.64227221866506,UPS,Convenience stores,Private,Premises,Madrid,Tinta Y Toner Pueblo Nuevo,"C. de Emilio Ferrari, 40",28017,,,
2929,UPS,Convenience Stores,Privada,Premises,Madrid,28017,El Estanco De Olga,"C. del Río Ulla, 34",40.4327659090136,-3.64169551161905,UPS,Convenience stores,Private,Premises,Madrid,El Estanco De Olga,"C. del Río Ulla, 34",28017,,,
2930,UPS,Convenience Stores,Privada,Premises,Madrid,28017,Print Camisetas,"C. de Ricardo Ortiz, 22",40.4283420295603,-3.65821839571634,UPS,Convenience stores,Private,Premises,Madrid,Print Camisetas,"C. de Ricardo Ortiz, 22",28017,,,
2931,UPS,Locker,Privada,Premises,Madrid,28018,P Taquilla Aut Lara P Laborde,"C. de Pedro Laborde, 45",40.3868788624206,-3.649274810303,UPS,Lockers,Private,Premises,Madrid,P Taquilla Aut Lara P Laborde,"C. de Pedro Laborde, 45",28018,,,
2932,UPS,Convenience Stores,Privada,Premises,Madrid,28018,Caprichos Decoración Y Regalos Pers,"C. de Pedro Laborde, 48",40.3880527745915,-3.64866800303165,UPS,Convenience stores,Private,Premises,Madrid,Caprichos Decoración Y Regalos Pers,"C. de Pedro Laborde, 48",28018,,,
2933,UPS,Locker,Privada,Premises,Madrid,28018,P Taquilla New Linea Digital,"Av. de Palomeras, 126",40.3864838381596,-3.65081909397151,UPS,Lockers,Private,Premises,Madrid,P Taquilla New Linea Digital,"Av. de Palomeras, 126",28018,,,
2934,UPS,Convenience Stores,Privada,Premises,Madrid,28018,Dismicro Bros,"Av. de Palomeras, 82",40.3875389393808,-3.65546247730042,UPS,Convenience stores,Private,Premises,Madrid,Dismicro Bros,"Av. de Palomeras, 82",28018,,,
2935,UPS,Convenience Stores,Privada,Premises,Madrid,28018,Di+Moda,"C. Historias de la Radio, 4",40.3804012054846,-3.65585793604283,UPS,Convenience stores,Private,Premises,Madrid,Di+Moda,"C. Historias de la Radio, 4",28018,,,
2936,UPS,Locker,Privada,Premises,Madrid,28018,P Taquilla Lidl Pablo Neruda,"Av. de Pablo Neruda, 138",40.381983016787,-3.66044655769277,UPS,Lockers,Private,Premises,Madrid,P Taquilla Lidl Pablo Neruda,"Av. de Pablo Neruda, 138",28018,,,
2937,UPS,Convenience Stores,Privada,Premises,Madrid,28018,Toxic Computers,"Calle del Dr. Bellido, 7",40.3855167832374,-3.66702479620843,UPS,Convenience stores,Private,Premises,Madrid,Toxic Computers,"Calle del Dr. Bellido, 7",28018,,,
2938,UPS,Convenience Stores,Privada,Premises,Madrid,28018,Estanco,"C. del Puerto de Balbarán, 43",40.382725982347,-3.66802586727171,UPS,Convenience stores,Private,Premises,Madrid,Estanco,"C. del Puerto de Balbarán, 43",28018,,,
2939,UPS,Convenience Stores,Privada,Premises,Madrid,28019,Mundo Textil,"Av. de Oporto, 21",40.3855251220403,-3.72292964735716,UPS,Convenience stores,Private,Premises,Madrid,Mundo Textil,"Av. de Oporto, 21",28019,,,
2940,UPS,Convenience Stores,Privada,Premises,Madrid,28019,Triple B Electrodomesticos,"C. de la Vía, 30",40.3863586856761,-3.72006006526849,UPS,Convenience stores,Private,Premises,Madrid,Triple B Electrodomesticos,"C. de la Vía, 30",28019,,,
2941,UPS,Convenience Stores,Privada,Premises,Madrid,28019,Molduras Perez,"C. de Valle de Oro, 28",40.3879471087221,-3.72770288093213,UPS,Convenience stores,Private,Premises,Madrid,Molduras Perez,"C. de Valle de Oro, 28",28019,,,
2942,UPS,Convenience Stores,Privada,Premises,Madrid,28019,Fnx-Estanco San Patricio,"C. San Patricio, 6",40.3920081397797,-3.7254482333417,UPS,Convenience stores,Private,Premises,Madrid,Fnx-Estanco San Patricio,"C. San Patricio, 6",28019,,,
2943,UPS,Convenience Stores,Privada,Premises,Madrid,28019,Estanco Valle De Oro,"C. Juan Francisco, 1",40.3881923671955,-3.73112853169888,UPS,Convenience stores,Private,Premises,Madrid,Estanco Valle De Oro,"C. Juan Francisco, 1",28019,,,
2944,UPS,Convenience Stores,Privada,Premises,Madrid,28019,Estanco 236,"C. de Jacinto Verdaguer, 36",40.3956889354466,-3.71895916436622,UPS,Convenience stores,Private,Premises,Madrid,Estanco 236,"C. de Jacinto Verdaguer, 36",28019,,,
2945,UPS,Locker,Privada,Premises,Madrid,28019,P Taquilla Aut Lara Md Vadillo,"Gta. Marqués de Vadillo, 4",40.3973817868427,-3.71593107035903,UPS,Lockers,Private,Premises,Madrid,P Taquilla Aut Lara Md Vadillo,"Gta. Marqués de Vadillo, 4",28019,,,
2946,UPS,Convenience Stores,Privada,Premises,Madrid,28019,Cool Madrid Accesorios,"Calle de Antonio López, 59",40.3947789823154,-3.70879189459768,UPS,Convenience stores,Private,Premises,Madrid,Cool Madrid Accesorios,"Calle de Antonio López, 59",28019,,,
2947,UPS,Convenience Stores,Privada,Premises,Madrid,28019,Copytex,"C. Castellflorite, 7",40.3942298649095,-3.73876355322433,UPS,Convenience stores,Private,Premises,Madrid,Copytex,"C. Castellflorite, 7",28019,,,
2948,UPS,Locker,Privada,Premises,Madrid,28019,P Taquilla Auto Gala Ant Lopez,"Calle de Antonio López, 156",40.3896889681869,-3.70135442703772,UPS,Lockers,Private,Premises,Madrid,P Taquilla Auto Gala Ant Lopez,"Calle de Antonio López, 156",28019,,,
2949,UPS,Convenience Stores,Privada,Premises,Madrid,28020,Estanco N 504,"C. de Orense, 35",40.4535189129312,-3.69509020815278,UPS,Convenience stores,Private,Premises,Madrid,Estanco N 504,"C. de Orense, 35",28020,,,
2950,UPS,Convenience Stores,Privada,Premises,Madrid,28020,Mail Boxes Etc,"C. de la Infanta Mercedes, 53",40.4589710853937,-3.69725859443617,UPS,Convenience stores,Private,Premises,Madrid,Mail Boxes Etc,"C. de la Infanta Mercedes, 53",28020,,,
2951,UPS,Convenience Stores,Privada,Premises,Madrid,28020,Estanco Dulcinea,"C. de Dulcinea, 67",40.4525468335178,-3.69959516493798,UPS,Convenience stores,Private,Premises,Madrid,Estanco Dulcinea,"C. de Dulcinea, 67",28020,,,
2952,UPS,Convenience Stores,Privada,Parking,Madrid,28020,Pkg Indigo Orense,"C. de Orense, 50",40.4584213210084,-3.69422696916682,UPS,Convenience stores,Private,Parking,Madrid,Pkg Indigo Orense,"C. de Orense, 50",28020,,,
2953,UPS,Convenience Stores,Privada,Premises,Madrid,28020,Mail Boxes Etc. 0116,"C. de la Infanta Mercedes, 53",40.4589710818352,-3.69729054844371,UPS,Convenience stores,Private,Premises,Madrid,Mail Boxes Etc. 0116,"C. de la Infanta Mercedes, 53",28020,,,
2954,UPS,Convenience Stores,Privada,Premises,Madrid,28020,Ferreteria Cuzco,"C. del Poeta Joan Maragall, 19",40.4577628373767,-3.69231659000939,UPS,Convenience stores,Private,Premises,Madrid,Ferreteria Cuzco,"C. del Poeta Joan Maragall, 19",28020,,,
2955,UPS,Convenience Stores,Privada,Premises,Madrid,28020,La T Del Consumible,"C. de Bravo Murillo, 221",40.4572314976783,-3.7022124002846,UPS,Convenience stores,Private,Premises,Madrid,La T Del Consumible,"C. de Bravo Murillo, 221",28020,,,
2956,UPS,Convenience Stores,Privada,Premises,Madrid,28020,Store Bitbase Madrid Tetuan,"C. de Bravo Murillo, 250",40.4602397013042,-3.69882069853146,UPS,Convenience stores,Private,Premises,Madrid,Store Bitbase Madrid Tetuan,"C. de Bravo Murillo, 250",28020,,,
2957,UPS,Convenience Stores,Privada,Parking,Madrid,28020,Int Pkg Hernani,"C. de Hernani, 75",40.4483038815981,-3.69601443227802,UPS,Convenience stores,Private,Parking,Madrid,Int Pkg Hernani,"C. de Hernani, 75",28020,,,
2958,UPS,Convenience Stores,Privada,Premises,Madrid,28020,Ferreteria Gregorio Garcia,"C. de la Infanta Mercedes, 85",40.46251361288,-3.69516386965128,UPS,Convenience stores,Private,Premises,Madrid,Ferreteria Gregorio Garcia,"C. de la Infanta Mercedes, 85",28020,,,
2959,UPS,Locker,Privada,Parking,Madrid,28020,P Taquilla Intpkg Villaverde,"C. de Raimundo Fernández Villaverde, 57",40.4472128573647,-3.69614000421711,UPS,Lockers,Private,Parking,Madrid,P Taquilla Intpkg Villaverde,"C. de Raimundo Fernández Villaverde, 57",28020,,,
2960,UPS,Convenience Stores,Privada,Premises,Madrid,28020,Full-Tecno 3,"C. de Hernani, 3",40.4487569372431,-3.70328534106671,UPS,Convenience stores,Private,Premises,Madrid,Full-Tecno 3,"C. de Hernani, 3",28020,,,
2961,UPS,Convenience Stores,Privada,Premises,Madrid,28021,Locutorio Pago Pronto,"C. de Rocafort, 22",40.3414750608738,-3.68727174400844,UPS,Convenience stores,Private,Premises,Madrid,Locutorio Pago Pronto,"C. de Rocafort, 22",28021,,,
2962,UPS,Convenience Stores,Privada,Premises,Madrid,28021,El Zapatero De Joana,"C. de José del Pino, 34",40.3508136862279,-3.69133345948344,UPS,Convenience stores,Private,Premises,Madrid,El Zapatero De Joana,"C. de José del Pino, 34",28021,,,
2963,UPS,Convenience Stores,Privada,Premises,Madrid,28021,Autoescuela Go Ginger,"C. del Bario, 16",40.3484230610785,-3.67844410240304,UPS,Convenience stores,Private,Premises,Madrid,Autoescuela Go Ginger,"C. del Bario, 16",28021,,,
2964,UPS,Convenience Stores,Privada,Premises,Madrid,28021,Fnx-Fundiland,"C. Limonita, 5",40.34398267934,-3.67512846705888,UPS,Convenience stores,Private,Premises,Madrid,Fnx-Fundiland,"C. Limonita, 5",28021,,,
2965,UPS,Convenience Stores,Privada,Premises,Madrid,28021,Locutorio L&M,"C. Alcocer, 34",40.3501137541563,-3.70036532488575,UPS,Convenience stores,Private,Premises,Madrid,Locutorio L&M,"C. Alcocer, 34",28021,,,
2966,UPS,Convenience Stores,Privada,Premises,Madrid,28021,Locutorio Cibao 2,"Av. Real de Pinto, 32",40.3460346406404,-3.70646878916503,UPS,Convenience stores,Private,Premises,Madrid,Locutorio Cibao 2,"Av. Real de Pinto, 32",28021,,,
2967,UPS,Convenience Stores,Privada,Premises,Madrid,28021,Estanco 342,"C. Calamina, 14",40.3467562875935,-3.7119726925078,UPS,Convenience stores,Private,Premises,Madrid,Estanco 342,"C. Calamina, 14",28021,,,
2968,UPS,Convenience Stores,Privada,Premises,Madrid,28021,Betania Libreria Y Papeleria,"C. de San Aureliano, 3",40.3429368040426,-3.71534102431461,UPS,Convenience stores,Private,Premises,Madrid,Betania Libreria Y Papeleria,"C. de San Aureliano, 3",28021,,,
2969,UPS,Convenience Stores,Privada,Premises,Madrid,28022,3d Distribución Documental,"C. de Nicolasa Gómez, 72",40.4394884945035,-3.61242632867365,UPS,Convenience stores,Private,Premises,Madrid,3d Distribución Documental,"C. de Nicolasa Gómez, 72",28022,,,
2970,UPS,Convenience Stores,Privada,Premises,Madrid,28022,Fnx-Belart,"C. de Sofía, 56",40.4285129588966,-3.6012464252323,UPS,Convenience stores,Private,Premises,Madrid,Fnx-Belart,"C. de Sofía, 56",28022,,,
2971,UPS,Convenience Stores,Privada,Premises,Madrid,28022,Aromas Artesanales Plenilunio,C. de Aracne SN,40.4461796053519,-3.58908443376774,UPS,Convenience stores,Private,Premises,Madrid,Aromas Artesanales Plenilunio,C. de Aracne SN,28022,,,
2972,UPS,Convenience Stores,Privada,Premises,Madrid,28022,Kanguro Galaxy Comics,"C. de Suecia, 4",40.4220024690197,-3.60992435888259,UPS,Convenience stores,Private,Premises,Madrid,Kanguro Galaxy Comics,"C. de Suecia, 4",28022,,,
2973,UPS,Convenience Stores,Privada,Premises,Madrid,28023,Carlin,"Av. de Europa, 27",40.445200141128,-3.78695360933675,UPS,Convenience stores,Private,Premises,Madrid,Carlin,"Av. de Europa, 27",28023,,,
2974,UPS,Convenience Stores,Privada,Premises,Madrid,28024,Beverly Beer,"P.o de los Lanceros, 2",40.3795488068053,-3.79264127554895,UPS,Convenience stores,Private,Premises,Madrid,Beverly Beer,"P.º de los Lanceros, 2",28024,,,
2975,UPS,Convenience Stores,Privada,Premises,Madrid,28024,Bazar El Parque,"C. de Fuente de Lima, 5",40.3839080402647,-3.78337661503766,UPS,Convenience stores,Private,Premises,Madrid,Bazar El Parque,"C. de Fuente de Lima, 5",28024,,,
2976,UPS,Convenience Stores,Privada,Premises,Madrid,28024,Papeleria Centro Imagen,"C. del Cine, 48",40.3962927837003,-3.77429414056068,UPS,Convenience stores,Private,Premises,Madrid,Papeleria Centro Imagen,"C. del Cine, 48",28024,,,
2977,UPS,Convenience Stores,Privada,Premises,Madrid,28024,Parada Amarilla Maqueda,"C. de Maqueda, 44",40.3930466328274,-3.76428768977014,UPS,Convenience stores,Private,Premises,Madrid,Parada Amarilla Maqueda,"C. de Maqueda, 44",28024,,,
2978,UPS,Convenience Stores,Privada,Premises,Madrid,28024,Lempira Hn Locutorio,"C. de Quero, 13",40.3923292102232,-3.76061693600015,UPS,Convenience stores,Private,Premises,Madrid,Lempira Hn Locutorio,"C. de Quero, 13",28024,,,
2979,UPS,Convenience Stores,Privada,Premises,Madrid,28024,Pharmanatur,"C. de Illescas, 81",40.3953001872504,-3.7624475037817,UPS,Convenience stores,Private,Premises,Madrid,Pharmanatur,"C. de Illescas, 81",28024,,,
2980,UPS,Convenience Stores,Privada,Premises,Madrid,28025,Charcuteria Frey,"C. de Matilde Hernández, 74",40.388546661045,-3.73566856526455,UPS,Convenience stores,Private,Premises,Madrid,Charcuteria Frey,"C. de Matilde Hernández, 74",28025,,,
2981,UPS,Convenience Stores,Privada,Premises,Madrid,28025,Expendeduria 574,"Calle del Gral. Ricardos, 244",40.3839580103498,-3.74083397278435,UPS,Convenience stores,Private,Premises,Madrid,Expendeduria 574,"Calle del Gral. Ricardos, 244",28025,,,
2982,UPS,Convenience Stores,Privada,Premises,Madrid,28025,Full-Samara Fashion Store,"C. de Ntra. Sra. de la Luz, 16",40.383419193678,-3.74343415557291,UPS,Convenience stores,Private,Premises,Madrid,Full-Samara Fashion Store,"C. de Ntra. Sra. de la Luz, 16",28025,,,
2983,UPS,Convenience Stores,Privada,Premises,Madrid,28025,Full-Locutorio Internet,"P.o de Marcelino Camacho, 54",40.3875479249017,-3.74356395657613,UPS,Convenience stores,Private,Premises,Madrid,Full-Locutorio Internet,"P.º de Marcelino Camacho, 54",28025,,,
2984,UPS,Convenience Stores,Privada,Premises,Madrid,28025,Parada Amarilla,"C. Papagayo, 2",40.3820552482101,-3.73069226018273,UPS,Convenience stores,Private,Premises,Madrid,Parada Amarilla,"C. Papagayo, 2",28025,,,
2985,UPS,Convenience Stores,Privada,Premises,Madrid,28025,Master Ocio,"C. de Eugenia de Montijo, 65",40.378132477594,-3.74818371634146,UPS,Convenience stores,Private,Premises,Madrid,Master Ocio,"C. de Eugenia de Montijo, 65",28025,,,
2986,UPS,Convenience Stores,Privada,Premises,Madrid,28025,Full-Locutorio Khan 2,"C. Aliseda, 32",40.3751351589565,-3.74284848887242,UPS,Convenience stores,Private,Premises,Madrid,Full-Locutorio Khan 2,"C. Aliseda, 32",28025,,,
2987,UPS,Convenience Stores,Privada,Premises,Madrid,28026,Kanguro Esperanza Loc Y Envio,"Av Cerro de los Ángeles, 1c",40.3809733172899,-3.71307529502818,UPS,Convenience stores,Private,Premises,Madrid,Kanguro Esperanza Loc Y Envio,"Av Cerro de los Ángeles, 1c",28026,,,
2988,UPS,Convenience Stores,Privada,Premises,Madrid,28026,Parada Amarilla,"C. de Manuel Muñoz, 6",40.3861070130551,-3.70237136519968,UPS,Convenience stores,Private,Premises,Madrid,Parada Amarilla,"C. de Manuel Muñoz, 6",28026,,,
2989,UPS,Convenience Stores,Privada,Premises,Madrid,28026,Kanguro Viajes Niova Travel,"C. del Olvido, 19",40.3866308250436,-3.70265057758608,UPS,Convenience stores,Private,Premises,Madrid,Kanguro Viajes Niova Travel,"C. del Olvido, 19",28026,,,
2990,UPS,Convenience Stores,Privada,Premises,Madrid,28026,Damalar Viajes,"C. de la Cuesta, 15",40.3887560963832,-3.70781886207808,UPS,Convenience stores,Private,Premises,Madrid,Damalar Viajes,"C. de la Cuesta, 15",28026,,,
2991,UPS,Locker,Privada,Premises,Madrid,28027,P Taquilla Auto Gala B Blanco,"Av. de Badajoz, 5",40.4421472231359,-3.65521121412867,UPS,Lockers,Private,Premises,Madrid,P Taquilla Auto Gala B Blanco,"Av. de Badajoz, 5",28027,,,
2992,UPS,Convenience Stores,Privada,Premises,Madrid,28027,Workme Aristoteles,"C. de Aristóteles, 5",40.4432151744616,-3.65183120516997,UPS,Convenience stores,Private,Premises,Madrid,Workme Aristoteles,"C. de Aristóteles, 5",28027,,,
2993,UPS,Locker,Privada,Premises,Madrid,28027,P Taquilla Papeleria Manil,"C. de la Madre Antonia París, 4",40.4449449445159,-3.65132554215139,UPS,Lockers,Private,Premises,Madrid,P Taquilla Papeleria Manil,"C. de la Madre Antonia París, 4",28027,,,
2994,UPS,Convenience Stores,Privada,Premises,Madrid,28027,Workme,"C. de José del Hierro, 52",40.4403800973428,-3.64360662104883,UPS,Convenience stores,Private,Premises,Madrid,Workme,"C. de José del Hierro, 52",28027,,,
2995,UPS,Convenience Stores,Privada,Premises,Madrid,28027,Cafe 204,"C. de Emilio Gastesi Fernández, 22",40.4361621115871,-3.64702197612717,UPS,Convenience stores,Private,Premises,Madrid,Cafe 204,"C. de Emilio Gastesi Fernández, 22",28027,,,
2996,UPS,Convenience Stores,Privada,Premises,Madrid,28027,Denver75,"C. de Alcalá, 311",40.4329092633154,-3.65197875022625,UPS,Convenience stores,Private,Premises,Madrid,Denver75,"C. de Alcalá, 311",28027,,,
2997,UPS,Convenience Stores,Privada,Premises,Madrid,28027,Centro Arbol De La Vida,"C. del Gral. Aranaz, 42",40.4426107652413,-3.63777990816322,UPS,Convenience stores,Private,Premises,Madrid,Centro Arbol De La Vida,"C. del Gral. Aranaz, 42",28027,,,
2998,UPS,Convenience Stores,Privada,Premises,Madrid,28027,Aromas Artesanales Alcala Norte,"C. Alcalá, 414",40.4333459667339,-3.30129351940438,UPS,Convenience stores,Private,Premises,Madrid,Aromas Artesanales Alcala Norte,"C. Alcalá, 414",28027,,,
2999,UPS,Locker,Privada,Premises,Madrid,28027,P Taquilla Aut Calderon Iii,"C. de Alcalá, 460",40.4390894977814,-3.63411020939689,UPS,Lockers,Private,Premises,Madrid,P Taquilla Aut Calderon Iii,"C. de Alcalá, 460",28027,,,
3000,UPS,Convenience Stores,Privada,Premises,Madrid,28028,Fotocopias,"C. del Azulejo, 4",40.4264679490019,-3.6642137809884,UPS,Convenience stores,Private,Premises,Madrid,Fotocopias,"C. del Azulejo, 4",28028,,,
3001,UPS,Convenience Stores,Privada,Premises,Madrid,28028,De Buena Tinta,"C/ de Francisco Silvela, 20",40.4313082478011,-3.67095290983259,UPS,Convenience stores,Private,Premises,Madrid,De Buena Tinta,"C/ de Francisco Silvela, 20",28028,,,
3002,UPS,Convenience Stores,Privada,Premises,Madrid,28028,Autesc Calderon V,"C. de Cartagena, 73",40.4373825664691,-3.67133496447434,UPS,Convenience stores,Private,Premises,Madrid,Autesc Calderon V,"C. de Cartagena, 73",28028,,,
3003,UPS,Convenience Stores,Privada,Premises,Madrid,28028,La Casa Del Cartucho,"C/ de Francisco Silvela, 72",40.4363868848317,-3.67561598065047,UPS,Convenience stores,Private,Premises,Madrid,La Casa Del Cartucho,"C/ de Francisco Silvela, 72",28028,,,
3004,UPS,Convenience Stores,Privada,Premises,Madrid,28028,Aut Lara Av America,"C. de Cartagena, 110",40.4403156231622,-3.6738267524336,UPS,Convenience stores,Private,Premises,Madrid,Aut Lara Av America,"C. de Cartagena, 110",28028,,,
3005,UPS,Convenience Stores,Privada,Premises,Madrid,28029,Inversiones Masivo,"C. de Álvarez, 19",40.4711981068045,-3.70001436965551,UPS,Convenience stores,Private,Premises,Madrid,Inversiones Masivo,"C. de Álvarez, 19",28029,,,
3006,UPS,Convenience Stores,Privada,Premises,Madrid,28029,Disache,"C. Pinos Alta, 33",40.4666998682745,-3.69667171030289,UPS,Convenience stores,Private,Premises,Madrid,Disache,"C. Pinos Alta, 33",28029,,,
3007,UPS,Convenience Stores,Privada,Premises,Madrid,28029,Yoempeno,"C. del Capitán Blanco Argibay, 51",40.4659202991819,-3.70063086048977,UPS,Convenience stores,Private,Premises,Madrid,Yoempeno,"C. del Capitán Blanco Argibay, 51",28029,,,
3008,UPS,Convenience Stores,Privada,Premises,Madrid,28029,Envios Yien,"Pl. de Fonsagrada, 5",40.4786016623616,-3.70777280302864,UPS,Convenience stores,Private,Premises,Madrid,Envios Yien,"Pl. de Fonsagrada, 5",28029,,,
3009,UPS,Convenience Stores,Privada,Premises,Madrid,28029,Mail Boxes Etc 3330,"C. de Pedro Rico, 45",40.4824471388436,-3.70267188657919,UPS,Convenience stores,Private,Premises,Madrid,Mail Boxes Etc 3330,"C. de Pedro Rico, 45",28029,,,
3010,UPS,Convenience Stores,Privada,Supermarket,Madrid,28029,Lidl S Delgado,"C. de Sinesio Delgado, 64",40.4721788664462,-3.71146260237439,UPS,Convenience stores,Private,Supermarket,Madrid,Lidl S Delgado,"C. de Sinesio Delgado, 64",28029,,,
3011,UPS,Convenience Stores,Privada,Premises,Madrid,28029,Max Envios Locutorio,"Pl. de Ribadeo, 1",40.4778869095493,-3.7107130306491,UPS,Convenience stores,Private,Premises,Madrid,Max Envios Locutorio,"Pl. de Ribadeo, 1",28029,,,
3012,UPS,Convenience Stores,Privada,Premises,Madrid,28029,Doble C Servicios Informaticos,"C. de Sarria, 2",40.4739265525818,-3.71365177554269,UPS,Convenience stores,Private,Premises,Madrid,Doble C Servicios Informaticos,"C. de Sarria, 2",28029,,,
3013,UPS,Convenience Stores,Privada,Premises,Madrid,28029,Hispanos Envios Multiservicios,"Av. de Monforte de Lemos, 169",40.4772133383201,-3.71531570073913,UPS,Convenience stores,Private,Premises,Madrid,Hispanos Envios Multiservicios,"Av. de Monforte de Lemos, 169",28029,,,
3014,UPS,Convenience Stores,Privada,Premises,Madrid,28030,Ciberinformatica Moratalaz,"Cl. de la Hacienda de Pavones, 12",40.4039140142026,-3.64786863723263,UPS,Convenience stores,Private,Premises,Madrid,Ciberinformatica Moratalaz,"Cl. de la Hacienda de Pavones, 12",28030,,,
3015,UPS,Convenience Stores,Privada,Premises,Madrid,28030,Caprichos Y Tentaciones,"C. de Arroyo de Fontarrón, 1",40.4052601251927,-3.65121017514597,UPS,Convenience stores,Private,Premises,Madrid,Caprichos Y Tentaciones,"C. de Arroyo de Fontarrón, 1",28030,,,
3016,UPS,Convenience Stores,Privada,Premises,Madrid,28030,Fnx Estanco Fuente Carrantona,"C. de Mario Cabré, 31",40.4062660367388,-3.63309665986817,UPS,Convenience stores,Private,Premises,Madrid,Fnx Estanco Fuente Carrantona,"C. de Mario Cabré, 31",28030,,,
3017,UPS,Convenience Stores,Privada,Premises,Madrid,28030,Kanguro Past Dgalia Moratalaz,"Cl. de la Hacienda de Pavones, 241",40.4016379290454,-3.63326582426189,UPS,Convenience stores,Private,Premises,Madrid,Kanguro Past Dgalia Moratalaz,"Cl. de la Hacienda de Pavones, 241",28030,,,
3018,UPS,Convenience Stores,Privada,Premises,Madrid,28030,Enviexpress Canarias S.L.,"C. del Corregidor Diego de Valderrábano, 1",40.4086214238485,-3.66218558736474,UPS,Convenience stores,Private,Premises,Madrid,Enviexpress Canarias S.L.,"C. del Corregidor Diego de Valderrábano, 1",28030,,,
3019,UPS,Convenience Stores,Privada,Premises,Madrid,28031,Fnx-Estanco De Santa Eugenia,"C. Virgen de las Viñas, 16",40.3812773254043,-3.60728615398882,UPS,Convenience stores,Private,Premises,Madrid,Fnx-Estanco De Santa Eugenia,"C. Virgen de las Viñas, 16",28031,,,
3020,UPS,Convenience Stores,Privada,Premises,Madrid,28031,Furgocar Vk,"C. Gamonal, 51",40.3741996590465,-3.64065100267564,UPS,Convenience stores,Private,Premises,Madrid,Furgocar Vk,"C. Gamonal, 51",28031,,,
3021,UPS,Locker,Privada,Premises,Madrid,28032,P Taquilla Estanco 670,"Blvr. de Indalecio Prieto, 4",40.4035927099326,-3.62039058877336,UPS,Lockers,Private,Premises,Madrid,P Taquilla Estanco 670,"Blvr. de Indalecio Prieto, 4",28032,,,
3022,UPS,Locker,Privada,Premises,Madrid,28032,P Taquilla Cc Valdebernardo,"Blvr. de José Prat, 5",40.3989252296814,-3.62478093738478,UPS,Lockers,Private,Premises,Madrid,P Taquilla Cc Valdebernardo,"Blvr. de José Prat, 5",28032,,,
3023,UPS,Locker,Privada,Premises,Madrid,28032,P Taquilla Lidl La Catalana,"Calle de O'Donnell, 13",40.4219851940761,-3.67955116592813,UPS,Lockers,Private,Premises,Madrid,P Taquilla Lidl La Catalana,"Calle de O'Donnell, 13",28032,,,
3024,UPS,Convenience Stores,Privada,Premises,Madrid,28032,Prensa Y Revistas R Y T,"Blvr. de José Prat, 5",40.3989089321896,-3.62484510423224,UPS,Convenience stores,Private,Premises,Madrid,Prensa Y Revistas R Y T,"Blvr. de José Prat, 5",28032,,,
3025,UPS,Locker,Privada,Premises,Madrid,28032,P Taquilla Estanco 893,C. de Aquitania SN,40.4192947472716,-3.61713864935995,UPS,Lockers,Private,Premises,Madrid,P Taquilla Estanco 893,C. de Aquitania SN,28032,,,
3026,UPS,Convenience Stores,Privada,Premises,Madrid,28032,Librería Libros De Arena,C/ de Capri,40.417468304754,-3.61934169493512,UPS,Convenience stores,Private,Premises,Madrid,Librería Libros De Arena,C/ de Capri,28032,,,
3027,UPS,Convenience Stores,Privada,Premises,Madrid,28033,Kanguro Peluq Est Roseni Lima,"Av. de San Luis, 146",40.4761294258691,-3.66701342543518,UPS,Convenience stores,Private,Premises,Madrid,Kanguro Peluq Est Roseni Lima,"Av. de San Luis, 146",28033,,,
3028,UPS,Convenience Stores,Privada,Premises,Madrid,28033,Fnx-Papeleria Libreria Sanchez,"C. de las Cuevas de Almanzora, 22",40.4776236056129,-3.65821401052209,UPS,Convenience stores,Private,Premises,Madrid,Fnx-Papeleria Libreria Sanchez,"C. de las Cuevas de Almanzora, 22",28033,,,
3029,UPS,Locker,Privada,Premises,Madrid,28033,P Taquilla Autesc Lara A Soria,"C. de Arturo Soria, 329",40.480816194314,-3.6674325744247,UPS,Lockers,Private,Premises,Madrid,P Taquilla Autesc Lara A Soria,"C. de Arturo Soria, 329",28033,,,
3030,UPS,Convenience Stores,Privada,Premises,Madrid,28033,Locutorio Y Paqueteria Darell,"C. de la Costa del Sol, 15",40.4737470715879,-3.65275695545187,UPS,Convenience stores,Private,Premises,Madrid,Locutorio Y Paqueteria Darell,"C. de la Costa del Sol, 15",28033,,,
3031,UPS,Locker,Privada,Premises,Madrid,28033,P Taquilla Auto Lara Mar Menor,"C. del Mar Menor, 2",40.4744526724798,-3.6435988528834,UPS,Lockers,Private,Premises,Madrid,P Taquilla Auto Lara Mar Menor,"C. del Mar Menor, 2",28033,,,
3032,UPS,Locker,Privada,Premises,Madrid,28033,P Taquilla Cc Colombia,"Av. de Bucaramanga, 2",40.472151705688,-3.63643099082682,UPS,Lockers,Private,Premises,Madrid,P Taquilla Cc Colombia,"Av. de Bucaramanga, 2",28033,,,
3033,UPS,Convenience Stores,Privada,Premises,Madrid,28033,Estanco Expendeduria 32,"C. Chiquinquirá, 54",40.4713541696557,-3.63289588331924,UPS,Convenience stores,Private,Premises,Madrid,Estanco Expendeduria 32,"C. Chiquinquirá, 54",28033,,,
3034,UPS,Convenience Stores,Privada,Premises,Madrid,28034,La Tienda De Lara,"C. de Sabadell, 86",40.4917182643162,-3.69682062814012,UPS,Convenience stores,Private,Premises,Madrid,La Tienda De Lara,"C. de Sabadell, 86",28034,,,
3035,UPS,Convenience Stores,Privada,Premises,Madrid,28034,Locunet Sl,"C. de las Islas Bermudas, 1",40.4931190457364,-3.68714705751767,UPS,Convenience stores,Private,Premises,Madrid,Locunet Sl,"C. de las Islas Bermudas, 1",28034,,,
3036,UPS,Locker,Privada,Premises,Madrid,28034,P Taquilla Vapor Mad Aranzazu,"Calle de la Virgen de Aránzazu, 23",40.4865582403422,-3.68990152762007,UPS,Lockers,Private,Premises,Madrid,P Taquilla Vapor Mad Aranzazu,"Calle de la Virgen de Aránzazu, 23",28034,,,
3037,UPS,Convenience Stores,Privada,Premises,Madrid,28034,Locutorio Casandra,"C. de Isidro Fernández, 11",40.4847171761587,-3.68751701326041,UPS,Convenience stores,Private,Premises,Madrid,Locutorio Casandra,"C. de Isidro Fernández, 11",28034,,,
3038,UPS,Convenience Stores,Privada,Premises,Madrid,28034,Telotengo,"C. de Marcos de Orueta, 3",40.484654943474,-3.68580585413297,UPS,Convenience stores,Private,Premises,Madrid,Telotengo,"C. de Marcos de Orueta, 3",28034,,,
3039,UPS,Locker,Privada,Premises,Madrid,28034,P Taquilla Cc Montecarmelo,"C. del Monasterio de Arlanza, 20",40.5107473710153,-3.69002888161783,UPS,Lockers,Private,Premises,Madrid,P Taquilla Cc Montecarmelo,"C. del Monasterio de Arlanza, 20",28034,,,
3040,UPS,Convenience Stores,Privada,Premises,Madrid,28034,Visual Arfe,"C. de Fermín Caballero, 70",40.4825506044246,-3.71246847350081,UPS,Convenience stores,Private,Premises,Madrid,Visual Arfe,"C. de Fermín Caballero, 70",28034,,,
3041,UPS,Convenience Stores,Privada,Premises,Madrid,28035,Kanguro Drogueria Cosmet Peral,"C. de la Isla de Oza, 62",40.4643228417902,-3.72320758859173,UPS,Convenience stores,Private,Premises,Madrid,Kanguro Drogueria Cosmet Peral,"C. de la Isla de Oza, 62",28035,,,
3042,UPS,Convenience Stores,Privada,Premises,Madrid,28035,Expendeduria N742 Estanco,"Calle de la, C. Isla de Tavira, 30",40.4812838571735,-3.71939699726159,UPS,Convenience stores,Private,Premises,Madrid,Expendeduria N742 Estanco,"Calle de la, C. Isla de Tavira, 30",28035,,,
3043,UPS,Convenience Stores,Privada,Premises,Madrid,28035,Kanguro Misu Cuidado Y Belleza,"C. del Pico Balaitus, 12",40.482360103643,-3.72069997426814,UPS,Convenience stores,Private,Premises,Madrid,Kanguro Misu Cuidado Y Belleza,"C. del Pico Balaitus, 12",28035,,,
3044,UPS,Convenience Stores,Privada,Premises,Madrid,28036,Papelería Rai,"Av. de Alberto de Alcocer, 8, Posterior",40.4589743850695,-3.68730928460444,UPS,Convenience stores,Private,Premises,Madrid,Papelería Rai,"Av. de Alberto de Alcocer, 8, Posterior",28036,,,
3045,UPS,Convenience Stores,Privada,Premises,Madrid,28037,Multiservicios Amposta,"C. de Amposta, 5",40.42730426327,-3.62188351693045,UPS,Convenience stores,Private,Premises,Madrid,Multiservicios Amposta,"C. de Amposta, 5",28037,,,
3046,UPS,Convenience Stores,Privada,Premises,Madrid,28037,Estanco Virgen De La Oliva,"C. de la Virgen de la Oliva, 2",40.43070851641,-3.62623335546145,UPS,Convenience stores,Private,Premises,Madrid,Estanco Virgen De La Oliva,"C. de la Virgen de la Oliva, 2",28037,,,
3047,UPS,Locker,Privada,Premises,Madrid,28037,P Taquilla Galp Arcentales,"Av. de Arcentales, 7",40.4269039796039,-3.62616603584302,UPS,Lockers,Private,Premises,Madrid,P Taquilla Galp Arcentales,"Av. de Arcentales, 7",28037,,,
3048,UPS,Locker,Privada,Premises,Madrid,28037,P Taquilla Loc Euro Cl Zumel,"C. Zumel, 14",40.4292703661667,-3.62612908931204,UPS,Lockers,Private,Premises,Madrid,P Taquilla Loc Euro Cl Zumel,"C. Zumel, 14",28037,,,
3049,UPS,Convenience Stores,Privada,Premises,Madrid,28037,International Travelling,"C. de Argos, 9",40.4368580219554,-3.63541898920815,UPS,Convenience stores,Private,Premises,Madrid,International Travelling,"C. de Argos, 9",28037,,,
3050,UPS,Convenience Stores,Privada,Premises,Madrid,28038,Herbolario Santa Marta,"C. de Sta. Marta, 23",40.4034912197019,-3.66201644963559,UPS,Convenience stores,Private,Premises,Madrid,Herbolario Santa Marta,"C. de Sta. Marta, 23",28038,,,
3051,UPS,Locker,Privada,Premises,Madrid,28038,P Taquilla Alcampo Vallecas,"C. Monleón, SN",40.3935356660062,-3.65468144912889,UPS,Lockers,Private,Premises,Madrid,P Taquilla Alcampo Vallecas,"C. Monleón, SN",28038,,,
3052,UPS,Convenience Stores,Privada,Premises,Madrid,28038,Kanguro Servicio Tecnico,"C/ de Pont de Molins, 29",40.3939563215454,-3.64347912279313,UPS,Convenience stores,Private,Premises,Madrid,Kanguro Servicio Tecnico,"C/ de Pont de Molins, 29",28038,,,
3053,UPS,Convenience Stores,Privada,Premises,Madrid,28039,Kanguro Lanas Adriana,"C. de Artajona, 43",40.4654107347537,-3.71777278759037,UPS,Convenience stores,Private,Premises,Madrid,Kanguro Lanas Adriana,"C. de Artajona, 43",28039,,,
3054,UPS,Convenience Stores,Privada,Premises,Madrid,28039,Kurama,"C. de Valderrodrigo, 45",40.4701715393725,-3.71894896775572,UPS,Convenience stores,Private,Premises,Madrid,Kurama,"C. de Valderrodrigo, 45",28039,,,
3055,UPS,Convenience Stores,Privada,Premises,Madrid,28041,Libreria 7 Colores,"C. Fitero, 3C",40.3721874628559,-3.6934894346365,UPS,Convenience stores,Private,Premises,Madrid,Libreria 7 Colores,"C. Fitero, 3C",28041,,,
3056,UPS,Locker,Privada,Premises,Madrid,28041,P Taquilla Lidl Av Andalucia 7,"Av. de Andalucía, 7",40.3731052353006,-3.69487743138564,UPS,Lockers,Private,Premises,Madrid,P Taquilla Lidl Av Andalucia 7,"Av. de Andalucía, 7",28041,,,
3057,UPS,Locker,Privada,Premises,Madrid,28041,P Taquilla Cc Carr Los Angeles,"Av. de Andalucía, Km. 7, 100",40.3633398324753,-3.69210099021642,UPS,Lockers,Private,Premises,Madrid,P Taquilla Cc Carr Los Angeles,"Av. de Andalucía, Km. 7, 100",28041,,,
3058,UPS,Convenience Stores,Privada,Premises,Madrid,28041,Kanguro Peluqueria Sandra,"Pl. Promesas, 2, LOCAL",40.3688545470808,-3.70595636920727,UPS,Convenience stores,Private,Premises,Madrid,Kanguro Peluqueria Sandra,"Pl. Promesas, 2, LOCAL",28041,,,
3059,UPS,Convenience Stores,Privada,Premises,Madrid,28041,Kanguro Armeria Gran Avenida,"C. Gran Avenida, 18",40.3691323842783,-3.70847843787601,UPS,Convenience stores,Private,Premises,Madrid,Kanguro Armeria Gran Avenida,"C. Gran Avenida, 18",28041,,,
3060,UPS,Convenience Stores,Privada,Premises,Madrid,28041,Kanguro Confecciones Amica,"C. de Guetaria, 49",40.3690293579837,-3.71546600153403,UPS,Convenience stores,Private,Premises,Madrid,Kanguro Confecciones Amica,"C. de Guetaria, 49",28041,,,
3061,UPS,Locker,Privada,Premises,Madrid,28042,P Taquilla Galp Aeropuerto,"Camino Cuartel, 9",40.4681006502912,-3.57884391429971,UPS,Lockers,Private,Premises,Madrid,P Taquilla Galp Aeropuerto,"Camino Cuartel, 9",28042,,,
3062,UPS,Locker,Privada,Premises,Madrid,28042,P Taquilla Cc Bahia Center,"C. Bahía de Pollensa, 5",40.4649961297426,-3.59329954989679,UPS,Lockers,Private,Premises,Madrid,P Taquilla Cc Bahia Center,"C. Bahía de Pollensa, 5",28042,,,
3063,UPS,Convenience Stores,Privada,Premises,Madrid,28042,Kanguro Via Electronica,"C. del Balandro, 39B",40.4545262986758,-3.59050271900616,UPS,Convenience stores,Private,Premises,Madrid,Kanguro Via Electronica,"C. del Balandro, 39B",28042,,,
3064,UPS,Convenience Stores,Privada,Premises,Madrid,28042,Bricoema,"C. Canoa, 16",40.4534266695027,-3.59124988447397,UPS,Convenience stores,Private,Premises,Madrid,Bricoema,"C. Canoa, 16",28042,,,
3065,UPS,Convenience Stores,Privada,Premises,Madrid,28043,Librería Solis,"C. de López de Hoyos, 295",40.4577357873262,-3.66097100017487,UPS,Convenience stores,Private,Premises,Madrid,Librería Solis,"C. de López de Hoyos, 295",28043,,,
3066,UPS,Locker,Privada,Premises,Madrid,28043,P Taquilla Cc Arturo Soria,"C. de Arturo Soria, 126",40.4502225379687,-3.65075911561173,UPS,Lockers,Private,Premises,Madrid,P Taquilla Cc Arturo Soria,"C. de Arturo Soria, 126",28043,,,
3067,UPS,Convenience Stores,Privada,Premises,Madrid,28043,Perla Y Chocolate,"Calle Nápoles, 53",40.4605152798589,-3.64758003873529,UPS,Convenience stores,Private,Premises,Madrid,Perla Y Chocolate,"Calle Nápoles, 53",28043,,,
3068,UPS,Convenience Stores,Privada,Premises,Madrid,28043,Locutorio Hablales,"C. de Agustín Calvo, 26",40.4644254414656,-3.64888267352464,UPS,Convenience stores,Private,Premises,Madrid,Locutorio Hablales,"C. de Agustín Calvo, 26",28043,,,
3069,UPS,Locker,Privada,Premises,Madrid,28043,P Taquilla Palacio Del Hielo,"C. de Silvano, 77",40.4633767147771,-3.63705318775646,UPS,Lockers,Private,Premises,Madrid,P Taquilla Palacio Del Hielo,"C. de Silvano, 77",28043,,,
3070,UPS,Convenience Stores,Privada,Premises,Madrid,28043,Tac Informatica,"C. de Torquemada, 22",40.4682688900042,-3.63968295418324,UPS,Convenience stores,Private,Premises,Madrid,Tac Informatica,"C. de Torquemada, 22",28043,,,
3071,UPS,Locker,Privada,Premises,Madrid,28043,P Taquilla Shell Machupichu,"Av. de Machupichu, 105",40.4650093726588,-3.63611411680847,UPS,Lockers,Private,Premises,Madrid,P Taquilla Shell Machupichu,"Av. de Machupichu, 105",28043,,,
3072,UPS,Locker,Privada,Premises,Madrid,28043,P Taquilla Carr Gv Hortaleza,"Gran Vía de Hortaleza, SN",40.4698908031389,-3.63965729699492,UPS,Lockers,Private,Premises,Madrid,P Taquilla Carr Gv Hortaleza,"Gran Vía de Hortaleza, SN",28043,,,
3073,UPS,Convenience Stores,Privada,Premises,Madrid,28044,Cristaleria Aluche Ii,"Av. de Las Águilas, 60",40.3821329653984,-3.77912240638504,UPS,Convenience stores,Private,Premises,Madrid,Cristaleria Aluche Ii,"Av. de Las Águilas, 60",28044,,,
3074,UPS,Convenience Stores,Privada,Premises,Madrid,28044,Locutorio Carlita,"C. de Oliva de Plasencia, 1",40.3787099738551,-3.77924547994134,UPS,Convenience stores,Private,Premises,Madrid,Locutorio Carlita,"C. de Oliva de Plasencia, 1",28044,,,
3075,UPS,Convenience Stores,Privada,Premises,Madrid,28044,App Informatica Las Aguilas,"C. Osa de la Vega, 4",40.3753010836377,-3.77363425097001,UPS,Convenience stores,Private,Premises,Madrid,App Informatica Las Aguilas,"C. Osa de la Vega, 4",28044,,,
3076,UPS,Convenience Stores,Privada,Premises,Madrid,28044,Kanguro Gespain Inmobiliaria,"C. de José de Cadalso, 53",40.3775460555678,-3.76812061558031,UPS,Convenience stores,Private,Premises,Madrid,Kanguro Gespain Inmobiliaria,"C. de José de Cadalso, 53",28044,,,
3077,UPS,Convenience Stores,Privada,Premises,Madrid,28044,Burman,"Av de la Aviación, 99",40.3747490205571,-3.7713584680894,UPS,Convenience stores,Private,Premises,Madrid,Burman,"Av de la Aviación, 99",28044,,,
3078,UPS,Convenience Stores,Privada,Premises,Madrid,28044,Kanguro Damar Natura Herbolari,"C. de Aguilar del Río, 7",40.3719164431825,-3.75873907721173,UPS,Convenience stores,Private,Premises,Madrid,Kanguro Damar Natura Herbolari,"C. de Aguilar del Río, 7",28044,,,
3079,UPS,Convenience Stores,Privada,Premises,Madrid,28044,Pastel Y Miga,"Av. de Carabanchel Alto, 110",40.3666424391885,-3.75369371804506,UPS,Convenience stores,Private,Premises,Madrid,Pastel Y Miga,"Av. de Carabanchel Alto, 110",28044,,,
3080,UPS,Convenience Stores,Privada,Premises,Madrid,28045,Mail Boxes Etc 3227,"C. de Rafael de Riego, 17",40.4039193205634,-3.69207308273136,UPS,Convenience stores,Private,Premises,Madrid,Mail Boxes Etc 3227,"C. de Rafael de Riego, 17",28045,,,
3081,UPS,Convenience Stores,Privada,Premises,Madrid,28045,El Dedal,"C. de Rafael de Riego, 13",40.4045520426865,-3.69187360880538,UPS,Convenience stores,Private,Premises,Madrid,El Dedal,"C. de Rafael de Riego, 13",28045,,,
3082,UPS,Convenience Stores,Privada,Premises,Madrid,28045,Mer Sm De La Cabeza,"P.o de Sta. María de la Cabeza, 41",40.4030329453376,-3.69687817779867,UPS,Convenience stores,Private,Premises,Madrid,Mer Sm De La Cabeza,"P.º de Sta. María de la Cabeza, 41",28045,,,
3083,UPS,Convenience Stores,Privada,Premises,Madrid,28045,Store Bitbase Madrid Atocha,"Calle del Gral. Lacy, 6",40.4050329917918,-3.69094222049523,UPS,Convenience stores,Private,Premises,Madrid,Store Bitbase Madrid Atocha,"Calle del Gral. Lacy, 6",28045,,,
3084,UPS,Convenience Stores,Privada,Premises,Madrid,28045,Autesc Lara Atocha,"Glorieta Sta. María de la Cabeza, 2",40.4015109591037,-3.69860835154534,UPS,Convenience stores,Private,Premises,Madrid,Autesc Lara Atocha,"Glorieta Sta. María de la Cabeza, 2",28045,,,
3085,UPS,Convenience Stores,Privada,Premises,Madrid,28045,Levadura Madre,"C. de Bustamante, 30",40.4009959784273,-3.6860669763493,UPS,Convenience stores,Private,Premises,Madrid,Levadura Madre,"C. de Bustamante, 30",28045,,,
3086,UPS,Convenience Stores,Privada,Premises,Madrid,28045,Rue Du Blond,"C. de Embajadores, 152",40.3970266995054,-3.69697854912084,UPS,Convenience stores,Private,Premises,Madrid,Rue Du Blond,"C. de Embajadores, 152",28045,,,
3087,UPS,Convenience Stores,Privada,Premises,Madrid,28045,Dulces La Ciudad,"C. de Embajadores, 208",40.3909240567253,-3.69285628964118,UPS,Convenience stores,Private,Premises,Madrid,Dulces La Ciudad,"C. de Embajadores, 208",28045,,,
3088,UPS,Convenience Stores,Privada,Premises,Madrid,28045,Kanguro Peluqueria Bronza,"C. del Bronce, 37",40.3882284602656,-3.6895652673696,UPS,Convenience stores,Private,Premises,Madrid,Kanguro Peluqueria Bronza,"C. del Bronce, 37",28045,,,
3089,UPS,Convenience Stores,Privada,Premises,Madrid,28047,Fotocopias Aluche,"C. de Illescas, 187",40.3920112436762,-3.75414607071448,UPS,Convenience stores,Private,Premises,Madrid,Fotocopias Aluche,"C. de Illescas, 187",28047,,,
3090,UPS,Convenience Stores,Privada,Premises,Madrid,28047,Fnx-Cafeteria Lupy,"C. de Illescas, 209",40.39064732052,-3.7529691047287,UPS,Convenience stores,Private,Premises,Madrid,Fnx-Cafeteria Lupy,"C. de Illescas, 209",28047,,,
3091,UPS,Convenience Stores,Privada,Premises,Madrid,28047,Papeleria Jmb Suministros Informati,"Cl. de los Yébenes, 223",40.3922479498697,-3.75076706892739,UPS,Convenience stores,Private,Premises,Madrid,Papeleria Jmb Suministros Informati,"Cl. de los Yébenes, 223",28047,,,
3092,UPS,Convenience Stores,Privada,Premises,Madrid,28047,Locutorio Ledesma,"C. de Camarena, 298",40.3864501383591,-3.75753002617464,UPS,Convenience stores,Private,Premises,Madrid,Locutorio Ledesma,"C. de Camarena, 298",28047,,,
3093,UPS,Convenience Stores,Privada,Premises,Madrid,28047,Shati Telecom Ii,"C. del Espinar, 3",40.3877751005443,-3.74496894076824,UPS,Convenience stores,Private,Premises,Madrid,Shati Telecom Ii,"C. del Espinar, 3",28047,,,
3094,UPS,Convenience Stores,Privada,Premises,Madrid,28047,Cacil Envios,"C. Vía Carpetana, 328",40.3918265128076,-3.74289740498145,UPS,Convenience stores,Private,Premises,Madrid,Cacil Envios,"C. Vía Carpetana, 328",28047,,,
3095,UPS,Convenience Stores,Privada,Premises,Madrid,28047,Fnx-Loterias Latina,"C. de Latina, 18",40.4014323599107,-3.75146819541902,UPS,Convenience stores,Private,Premises,Madrid,Fnx-Loterias Latina,"C. de Latina, 18",28047,,,
3096,UPS,Convenience Stores,Privada,Premises,Madrid,28047,Estanco 729,"C. de Cuart de Poblet, 65",40.39688358992,-3.74875447426966,UPS,Convenience stores,Private,Premises,Madrid,Estanco 729,"C. de Cuart de Poblet, 65",28047,,,
3097,UPS,Convenience Stores,Privada,Premises,Madrid,28047,Papeleria De Colores,"C. Jacobinia, 20",40.3770682517529,-3.74996282836332,UPS,Convenience stores,Private,Premises,Madrid,Papeleria De Colores,"C. Jacobinia, 20",28047,,,
3098,UPS,Convenience Stores,Privada,Premises,Madrid,28048,Estanco El Pardo,"C. Carboneros, 2",40.5203044252327,-3.77797395372691,UPS,Convenience stores,Private,Premises,Madrid,Estanco El Pardo,"C. Carboneros, 2",28048,,,
3099,UPS,Locker,Privada,Premises,Madrid,28050,P Taquilla Shell Las Tablas,"Av. de Santo Domingo de la Calzada, 10",40.5084960884602,-3.67880388466643,UPS,Lockers,Private,Premises,Madrid,P Taquilla Shell Las Tablas,"Av. de Santo Domingo de la Calzada, 10",28050,,,
3100,UPS,Convenience Stores,Privada,Premises,Madrid,28050,Kanguro Tele Lavo Las Tablas,"Av. del Camino de Santiago, 15",40.4979426723896,-3.67477894087074,UPS,Convenience stores,Private,Premises,Madrid,Kanguro Tele Lavo Las Tablas,"Av. del Camino de Santiago, 15",28050,,,
3101,UPS,Locker,Privada,Premises,Madrid,28050,P Taquilla Cc Manoteras,"Av. de Manoteras, 40",40.4864684294262,-3.66611198385145,UPS,Lockers,Private,Premises,Madrid,P Taquilla Cc Manoteras,"Av. de Manoteras, 40",28050,,,
3102,UPS,Convenience Stores,Privada,Premises,Madrid,28051,Mascotas Pet Shop,"Av. del Ensanche de Vallecas, 90",40.3626379952578,-3.59775644995009,UPS,Convenience stores,Private,Premises,Madrid,Mascotas Pet Shop,"Av. del Ensanche de Vallecas, 90",28051,,,
3103,UPS,Locker,Privada,Premises,Madrid,28051,P Taquilla Cc La Gavia,"C. Adolfo Bioy Casares, 2",40.371388065768,-3.59844270590958,UPS,Lockers,Private,Premises,Madrid,P Taquilla Cc La Gavia,"C. Adolfo Bioy Casares, 2",28051,,,
3104,UPS,Convenience Stores,Privada,Premises,Madrid,28051,Risbar Mensajeria,"Calle Baños de Valdearados, 10",40.3680487110986,-3.61086975057943,UPS,Convenience stores,Private,Premises,Madrid,Risbar Mensajeria,"Calle Baños de Valdearados, 10",28051,,,
3105,UPS,Locker,Privada,Premises,Madrid,28051,P Taquilla Aut Lara Ensanche V,"C. del Barranco del Novillo, 24",40.371377899351,-3.60972609948282,UPS,Lockers,Private,Premises,Madrid,P Taquilla Aut Lara Ensanche V,"C. del Barranco del Novillo, 24",28051,,,
3106,UPS,Locker,Privada,Premises,Madrid,28053,P Taquilla Mercado M Entrevias,"C. Campiña, 5",40.3789034392096,-3.66944099591294,UPS,Lockers,Private,Premises,Madrid,P Taquilla Mercado M Entrevias,"C. Campiña, 5",28053,,,
3107,UPS,Convenience Stores,Privada,Premises,Madrid,28053,Papeleria Sagitario Librería,"C. Sierra de Contraviesa, 47",40.3827221901589,-3.67176034791954,UPS,Convenience stores,Private,Premises,Madrid,Papeleria Sagitario Librería,"C. Sierra de Contraviesa, 47",28053,,,
3108,UPS,Convenience Stores,Privada,Premises,Madrid,28053,Iris,"C. Sierra de Contraviesa, 24",40.3837915980819,-3.67125574399695,UPS,Convenience stores,Private,Premises,Madrid,Iris,"C. Sierra de Contraviesa, 24",28053,,,
3109,UPS,Convenience Stores,Privada,Premises,Madrid,28053,Ferreteria Sierra,"C/ de Sierra Carbonera, 63",40.3909490162352,-3.66477811524962,UPS,Convenience stores,Private,Premises,Madrid,Ferreteria Sierra,"C/ de Sierra Carbonera, 63",28053,,,
3110,UPS,Convenience Stores,Privada,Premises,Madrid,28053,Ortopedia Atemprana,"C. de Eduardo Sanz, 14",40.3927576385731,-3.66935632785083,UPS,Convenience stores,Private,Premises,Madrid,Ortopedia Atemprana,"C. de Eduardo Sanz, 14",28053,,,
3111,Pudo,Click&Collect,Privada,Premises,Madrid,28045,Locutorio Delicias Legazpi Ii,Paseo de las Delicias 154,40.3919297616486,-3.69523469675758,PUDO,Click&Collect,Private,Premises,Madrid,Locutorio Delicias Legazpi Ii,Paseo de las Delicias 154,28045,,,
3112,Pudo,Click&Collect,Privada,Premises,Madrid,28045,Autoescuela Lara Calle Embajadores,"C. de Embajadores, 176",40.3950304743344,-3.69531426057702,PUDO,Click&Collect,Private,Premises,Madrid,Autoescuela Lara Calle Embajadores,"C. de Embajadores, 176",28045,,,
3113,Pudo,Click&Collect,Privada,Premises,Madrid,28045,Phone Doctors Jaime Conquistador,"C. de Jaime el Conquistador, 22",40.3970855172174,-3.69853394196642,PUDO,Click&Collect,Private,Premises,Madrid,Phone Doctors Jaime Conquistador,"C. de Jaime el Conquistador, 22",28045,,,
3114,Pudo,Click&Collect,Privada,Premises,Madrid,28045,Locutorio Delicias Caceres,"C. de Cáceres, 1",40.3986268954623,-3.69463447083832,PUDO,Click&Collect,Private,Premises,Madrid,Locutorio Delicias Caceres,"C. de Cáceres, 1",28045,,,
3115,Pudo,Click&Collect,Privada,Premises,Madrid,28009,Floristería Rosistiremos,"P.o de Sta. María de la Cabeza, 76",40.3993902328704,-3.70128834326933,PUDO,Click&Collect,Private,Premises,Madrid,Floristería Rosistiremos,"P.º de Sta. María de la Cabeza, 76",28009,,,
3116,Pudo,Click&Collect,Privada,Supermarket,Madrid,28045,Lidl Ancora,"C/ del Áncora, 3",40.4040048554497,-3.69318109704899,PUDO,Click&Collect,Private,Supermarket,Madrid,Lidl Ancora,"C/ del Áncora, 3",28045,,,
3117,Pudo,Click&Collect,Privada,Supermarket,Madrid,28005,Lidl C/ Soria,"C. de Soria, 2",40.4053940904525,-3.70602506603283,PUDO,Click&Collect,Private,Supermarket,Madrid,Lidl C/ Soria,"C. de Soria, 2",28005,,,
3118,Pudo,Click&Collect,Privada,Supermarket,Madrid,28045,Mercado Santa María De La Cabeza,"P.o de Sta. María de la Cabeza, 41",40.4029852243952,-3.69677081528123,PUDO,Click&Collect,Private,Supermarket,Madrid,Mercado Santa María De La Cabeza,"P.º de Sta. María de la Cabeza, 41",28045,,,
3119,Pudo,Click&Collect,Privada,Supermarket,Madrid,28012,Lidl Ronda De Valencia,"Rda. de Valencia, 1",40.4059967906789,-3.69953362184624,PUDO,Click&Collect,Private,Supermarket,Madrid,Lidl Ronda De Valencia,"Rda. de Valencia, 1",28012,,,
3120,Pudo,Click&Collect,Privada,Premises,Madrid,28007,Autoescuela Lara Menedez Pelayo,"Av. de la Ciudad de Barcelona, 7",40.4052075192861,-3.68260313382129,PUDO,Click&Collect,Private,Premises,Madrid,Autoescuela Lara Menedez Pelayo,"Av. de la Ciudad de Barcelona, 7",28007,,,
3121,Pudo,Click&Collect,Privada,Premises,Madrid,28007,Autoescuela Lara Conde De Casal,"Av. del Mediterráneo, 41",40.407142921745,-3.66938067621675,PUDO,Click&Collect,Private,Premises,Madrid,Autoescuela Lara Conde De Casal,"Av. del Mediterráneo, 41",28007,,,
3122,Pudo,Click&Collect,Privada,Premises,Madrid,28009,Autoescuela Lara Sainz De Baranda,"C/ del Alcalde Sainz de Baranda, 30",40.4168776079839,-3.67454320611781,PUDO,Click&Collect,Private,Premises,Madrid,Autoescuela Lara Sainz De Baranda,"C/ del Alcalde Sainz de Baranda, 30",28009,,,
3123,Pudo,Click&Collect,Privada,Parking,Madrid,28001,Parking Interparking Velazquez - Jorge Juan,"Calle Velázquez, 14",40.4230836010216,-3.68408958011659,PUDO,Click&Collect,Private,Parking,Madrid,Parking Interparking Velazquez - Jorge Juan,"Calle Velázquez, 14",28001,,,
3124,Pudo,Click&Collect,Privada,Supermarket,Madrid,28005,Mercado De La Cebada,"Pl. de la Cebada, S/N",40.4112423136439,-3.70990653356094,PUDO,Click&Collect,Private,Supermarket,Madrid,Mercado De La Cebada,"Pl. de la Cebada, S/N",28005,,,
3125,Pudo,Click&Collect,Pública,Parking,Madrid,28014,Parking Emt Centro De Canalejas,"C. de Alcalá, 17",40.4180551811379,-3.70019415523388,PUDO,Click&Collect,Public,Parking,Madrid,Parking Emt Centro De Canalejas,"C. de Alcalá, 17",28014,,,
3126,Pudo,Click&Collect,Privada,Supermarket,Madrid,28019,Lidl Puente De Praga,"Calle de Antonio López, 78",40.3944048399493,-3.70827026493079,PUDO,Click&Collect,Private,Supermarket,Madrid,Lidl Puente De Praga,"Calle de Antonio López, 78",28019,,,
3127,Pudo,Click&Collect,Privada,Mall,Madrid,28008,C.C. Principe Pío,"P.o de la Florida, 2",40.4218685361425,-3.72020314451474,PUDO,Click&Collect,Private,Mall,Madrid,C.C. Principe Pío,"P.º de la Florida, 2",28008,,,
3128,Pudo,Click&Collect,Privada,Parking,Madrid,28008,Parking Indio Princesa,"Calle de la Princesa, 5",40.4253011288028,-3.71320834323525,PUDO,Click&Collect,Private,Parking,Madrid,Parking Indio Princesa,"Calle de la Princesa, 5",28008,,,
3129,Pudo,Click&Collect,Privada,Parking,Madrid,28004,Parking Interparking Barceló,"C. de Barceló, S/N",40.4269066568617,-3.6998966930554,PUDO,Click&Collect,Private,Parking,Madrid,Parking Interparking Barceló,"C. de Barceló, S/N",28004,,,
3130,Pudo,Click&Collect,Privada,Supermarket,Madrid,28004,Lidl Madrid Fuencarral,"Calle de Fuencarral, 101",40.4288614634989,-3.70205015003093,PUDO,Click&Collect,Private,Supermarket,Madrid,Lidl Madrid Fuencarral,"Calle de Fuencarral, 101",28004,,,
3131,Pudo,Click&Collect,Privada,Premises,Madrid,28004,Autoescuela Lara Bilbao,"Calle de Ruiz, 14",40.4284933282869,-3.70372117433608,PUDO,Click&Collect,Private,Premises,Madrid,Autoescuela Lara Bilbao,"Calle de Ruiz, 14",28004,,,
3132,Pudo,Click&Collect,Privada,Premises,Madrid,28015,Midas Conde Duque,"C. del Conde Duque, 36",40.4284710414703,-3.70979646031388,PUDO,Click&Collect,Private,Premises,Madrid,Midas Conde Duque,"C. del Conde Duque, 36",28015,,,
3133,Pudo,Click&Collect,Privada,Parking,Madrid,28015,Parking Indigo Quevedo,"C. de Rodríguez San Pedro, 8",40.4318334722583,-3.70675710017049,PUDO,Click&Collect,Private,Parking,Madrid,Parking Indigo Quevedo,"C. de Rodríguez San Pedro, 8",28015,,,
3134,Pudo,Click&Collect,Privada,Supermarket,Madrid,28015,Lidl Rodriguez San Pedro,"C. de Rodríguez San Pedro, 22",40.4320013898071,-3.7096038651429,PUDO,Click&Collect,Private,Supermarket,Madrid,Lidl Rodriguez San Pedro,"C. de Rodríguez San Pedro, 22",28015,,,
3135,Pudo,Click&Collect,Privada,Premises,Madrid,28015,Autoescuela Lara Fernandez De Los Ríos,"C. de Fernández de los Ríos, 25",40.4351925821044,-3.70757295869847,PUDO,Click&Collect,Private,Premises,Madrid,Autoescuela Lara Fernandez De Los Ríos,"C. de Fernández de los Ríos, 25",28015,,,
3136,Pudo,Click&Collect,Privada,Premises,Madrid,28015,Mundo Movil Fernandez De Los Rios,"C. de Fernández de los Ríos, 85",40.4354766838391,-3.71603397608029,PUDO,Click&Collect,Private,Premises,Madrid,Mundo Movil Fernandez De Los Rios,"C. de Fernández de los Ríos, 85",28015,,,
3137,Pudo,Click&Collect,Privada,Supermarket,Madrid,28015,Lidl Guzman El Bueno,"C. de Guzmán el Bueno, 72",40.4385785753838,-3.71272834433517,PUDO,Click&Collect,Private,Supermarket,Madrid,Lidl Guzman El Bueno,"C. de Guzmán el Bueno, 72",28015,,,
3138,Pudo,Click&Collect,Privada,Premises,Madrid,28003,Autoescuela Lara Ciudad Universitaria,"Av. de la Reina Victoria, 71",40.445690512676,-3.71432825982635,PUDO,Click&Collect,Private,Premises,Madrid,Autoescuela Lara Ciudad Universitaria,"Av. de la Reina Victoria, 71",28003,,,
3139,Pudo,Click&Collect,Privada,Premises,Madrid,28020,Latin Travel Artistas,"C. de los Artistas, 19",40.4475923310666,-3.70220078136207,PUDO,Click&Collect,Private,Premises,Madrid,Latin Travel Artistas,"C. de los Artistas, 19",28020,,,
3140,Pudo,Click&Collect,Privada,Supermarket,Madrid,28003,Lidl Bravo Murillo,"C. de Bravo Murillo, 62",40.4439702064702,-3.70358840350584,PUDO,Click&Collect,Private,Supermarket,Madrid,Lidl Bravo Murillo,"C. de Bravo Murillo, 62",28003,,,
3141,Pudo,Click&Collect,Privada,Premises,Madrid,28003,Foto La Fontana,"C. de Alonso Cano, 50",40.4421968455822,-3.69731892778423,PUDO,Click&Collect,Private,Premises,Madrid,Foto La Fontana,"C. de Alonso Cano, 50",28003,,,
3142,Pudo,Click&Collect,Privada,Premises,Madrid,28010,Autoescuela Gala García Paredes,"Calle de García de Paredes, 74",40.4367548673099,-3.69442990117456,PUDO,Click&Collect,Private,Premises,Madrid,Autoescuela Gala García Paredes,"Calle de García de Paredes, 74",28010,,,
3143,Pudo,Click&Collect,Privada,Parking,Madrid,28006,Parking Indigo María De Molina,"Calle de María de Molina, 48-50",40.4375719652583,-3.68151099628782,PUDO,Click&Collect,Private,Parking,Madrid,Parking Indigo María De Molina,"Calle de María de Molina, 48-50",28006,,,
3144,Pudo,Click&Collect,Privada,Premises,Madrid,28002,Autoescuela Lara Serrano El Viso,"C. de Serrano, 162",40.4465312073574,-3.68472714689221,PUDO,Click&Collect,Private,Premises,Madrid,Autoescuela Lara Serrano El Viso,"C. de Serrano, 162",28002,,,
3145,Pudo,Click&Collect,Privada,Parking,Madrid,28020,Parking Interparking Villaverde,"C. de Raimundo Fernández Villaverde, 57",40.4475495936162,-3.69612592088283,PUDO,Click&Collect,Private,Parking,Madrid,Parking Interparking Villaverde,"C. de Raimundo Fernández Villaverde, 57",28020,,,
3146,Pudo,Click&Collect,Privada,Parking,Madrid,28020,Parking Interparking Hernani,"C. de Hernani, 75",40.448352803785,-3.69606007954668,PUDO,Click&Collect,Private,Parking,Madrid,Parking Interparking Hernani,"C. de Hernani, 75",28020,,,
3147,Pudo,Click&Collect,Privada,Premises,Madrid,28039,Latin Travel Almansa,"C. de Almansa, 13",40.4487681520557,-3.70485474927746,PUDO,Click&Collect,Private,Premises,Madrid,Latin Travel Almansa,"C. de Almansa, 13",28039,,,
3148,Pudo,Click&Collect,Privada,Supermarket,Madrid,28020,Lidl Cuatro Caminos,"C. de Bravo Murillo, 121",40.4491629711881,-3.70392435540932,PUDO,Click&Collect,Private,Supermarket,Madrid,Lidl Cuatro Caminos,"C. de Bravo Murillo, 121",28020,,,
3149,Pudo,Click&Collect,Privada,Premises,Madrid,28039,Latin Travel Santa Juliana,"Calle de Sta Juliana, 7",40.4525703519617,-3.70423379841981,PUDO,Click&Collect,Private,Premises,Madrid,Latin Travel Santa Juliana,"Calle de Sta Juliana, 7",28039,,,
3150,Pudo,Click&Collect,Privada,Premises,Madrid,28020,Midas Infanta Mercedes,"C. de la Infanta Mercedes, 53",40.4589629933391,-3.69729062108893,PUDO,Click&Collect,Private,Premises,Madrid,Midas Infanta Mercedes,"C. de la Infanta Mercedes, 53",28020,,,
3151,Pudo,Click&Collect,Privada,Premises,Madrid,28020,La Tienda Del Consumible Bravo Murillo,"C. de Bravo Murillo, 221",40.457197110341,-3.70215509756429,PUDO,Click&Collect,Private,Premises,Madrid,La Tienda Del Consumible Bravo Murillo,"C. de Bravo Murillo, 221",28020,,,
3152,Pudo,Click&Collect,Privada,Supermarket,Madrid,28020,Lidl Mercado De Tetuan,"C. de Bravo Murillo, 291",40.461164719604,-3.69844927603693,PUDO,Click&Collect,Private,Supermarket,Madrid,Lidl Mercado De Tetuan,"C. de Bravo Murillo, 291",28020,,,
3153,Pudo,Click&Collect,Privada,Parkig,Madrid,28020,Parking Indigo Orense,"C. de Orense, 50",40.4581920331065,-3.69411677542873,PUDO,Click&Collect,Private,Parkig,Madrid,Parking Indigo Orense,"C. de Orense, 50",28020,,,
3154,Pudo,Click&Collect,Privada,Mall,Madrid,28046,C.C. Castellana 200,"P.o de la Castellana, 196-204",40.4626197591444,-3.68884744918884,PUDO,Click&Collect,Private,Mall,Madrid,C.C. Castellana 200,"P.º de la Castellana, 196-204",28046,,,
3155,Pudo,Click&Collect,Privada,Premises,Madrid,28029,Lavandería Arroyo,"C. de Pinos Baja, 55",40.4698162832364,-3.70170609439533,PUDO,Click&Collect,Private,Premises,Madrid,Lavandería Arroyo,"C. de Pinos Baja, 55",28029,,,
3156,Pudo,Click&Collect,Privada,Premises,Madrid,28029,Inversiones Masivo S.L.,"C. de Álvarez, 19",40.47134501967,-3.69998923236666,PUDO,Click&Collect,Private,Premises,Madrid,Inversiones Masivo S.L.,"C. de Álvarez, 19",28029,,,
3157,Pudo,Click&Collect,Privada,Supermarket,Madrid,28029,Lidl Sinesio Delgado,"C. de Sinesio Delgado, 64",40.4719816854198,-3.71158579103383,PUDO,Click&Collect,Private,Supermarket,Madrid,Lidl Sinesio Delgado,"C. de Sinesio Delgado, 64",28029,,,
3158,Pudo,Click&Collect,Privada,Premises,Madrid,28029,Autoescuela Lara Barrio Del Pilar,"C. de La Bañeza, 32",40.4765796164835,-3.71507131629792,PUDO,Click&Collect,Private,Premises,Madrid,Autoescuela Lara Barrio Del Pilar,"C. de La Bañeza, 32",28029,,,
3159,Pudo,Click&Collect,Privada,Parking,Madrid,28046,Parking Interparking Hospital La Paz,"P.o de la Castellana, 261",40.4826039386069,-3.68764786567812,PUDO,Click&Collect,Private,Parking,Madrid,Parking Interparking Hospital La Paz,"P.º de la Castellana, 261",28046,,,
3160,Pudo,Click&Collect,Privada,Parking,Madrid,28046,Parking Indigo Plaza Castilla,"P.o de la Castellana, 193",40.4677766207331,-3.6895763393616,PUDO,Click&Collect,Private,Parking,Madrid,Parking Indigo Plaza Castilla,"P.º de la Castellana, 193",28046,,,
3161,Pudo,Click&Collect,Privada,Premises,Madrid,28016,Autoescuela Lara Alberto Alcocer,"Av. de Alberto de Alcocer, 47",40.4590283860905,-3.67888250636163,PUDO,Click&Collect,Private,Premises,Madrid,Autoescuela Lara Alberto Alcocer,"Av. de Alberto de Alcocer, 47",28016,,,
3162,Pudo,Click&Collect,Privada,Parkig,Madrid,28016,Parking Indigo República Dominicana,"Pl. de la R. Dominicana, s/n",40.4586314608885,-3.67758155045562,PUDO,Click&Collect,Private,Parkig,Madrid,Parking Indigo República Dominicana,"Pl. de la R. Dominicana, s/n",28016,,,
3163,Pudo,Click&Collect,Privada,Premises,Madrid,28016,Autoescuela Lara Costa Rica,"C. de Costa Rica, 12",40.4585381359148,-3.67539068528886,PUDO,Click&Collect,Private,Premises,Madrid,Autoescuela Lara Costa Rica,"C. de Costa Rica, 12",28016,,,
3164,Pudo,Click&Collect,Privada,Premises,Madrid,28008,Remesas Dinámicas Ramos Carrión,"C. de Ramos Carrión, 5",40.4469156879176,-3.66902047784776,PUDO,Click&Collect,Private,Premises,Madrid,Remesas Dinámicas Ramos Carrión,"C. de Ramos Carrión, 5",28008,,,
3165,Pudo,Click&Collect,Privada,Premises,Madrid,28002,Remesas Dinámicas Zabala,"Calle del Gral. Zabala, 1",40.4427656243075,-3.67451344005049,PUDO,Click&Collect,Private,Premises,Madrid,Remesas Dinámicas Zabala,"Calle del Gral. Zabala, 1",28002,,,
3166,Pudo,Click&Collect,Privada,Premises,Madrid,28002,Pcbox Madrid (Cartagena),"C. de Cartagena, 115",40.4412459012209,-3.67477677966145,PUDO,Click&Collect,Private,Premises,Madrid,Pcbox Madrid (Cartagena),"C. de Cartagena, 115",28002,,,
3167,Pudo,Click&Collect,Privada,Premises,Madrid,28028,Autoescuela Lara Avda De América,"C. de Cartagena, 110",40.4400561723994,-3.67376280578863,PUDO,Click&Collect,Private,Premises,Madrid,Autoescuela Lara Avda De América,"C. de Cartagena, 110",28028,,,
3168,Pudo,Click&Collect,Privada,Premises,Madrid,28028,Autoescuela Calderon V Cartagena,"C. de Cartagena, 73",40.4373825673589,-3.67135641928811,PUDO,Click&Collect,Private,Premises,Madrid,Autoescuela Calderon V Cartagena,"C. de Cartagena, 73",28028,,,
3169,Pudo,Click&Collect,Privada,Parking,Madrid,28006,Parking Interparking Diego De León,"Calle de Diego de León, 53",40.4349041453092,-3.67753653416554,PUDO,Click&Collect,Private,Parking,Madrid,Parking Interparking Diego De León,"Calle de Diego de León, 53",28006,,,
3170,Pudo,Click&Collect,Privada,Premises,Madrid,28028,Estanco Alfonso Verdugo,"calle Azcona, 18",40.4335785153232,-3.67101806195083,PUDO,Click&Collect,Private,Premises,Madrid,Estanco Alfonso Verdugo,"calle Azcona, 18",28028,,,
3171,Pudo,Click&Collect,Privada,Premises,Madrid,28028,Mundo Movil Colomer,"Calle de Colomer, 3",40.4342506534175,-3.66450346977926,PUDO,Click&Collect,Private,Premises,Madrid,Mundo Movil Colomer,"Calle de Colomer, 3",28028,,,
3172,Pudo,Click&Collect,Privada,Parking,Madrid,28001,Parking Interparking Velazquez Ayala,"Calle Velázquez, 46",40.4268738045624,-3.68375524085878,PUDO,Click&Collect,Private,Parking,Madrid,Parking Interparking Velazquez Ayala,"Calle Velázquez, 46",28001,,,
3173,Pudo,Click&Collect,Privada,Parking,Madrid,28001,Parking Interparking Velazquez - Jorge Juan,"Calle Velázquez, 14, 16",40.4230434111495,-3.6840735190081,PUDO,Click&Collect,Private,Parking,Madrid,Parking Interparking Velazquez - Jorge Juan,"Calle Velázquez, 14, 16",28001,,,
3174,Pudo,Click&Collect,Privada,Premises,Madrid,28009,Autoescuela Lara Sainz De Baranda,"C/ del Alcalde Sainz de Baranda, 30",40.416820042514,-3.6745359847256,PUDO,Click&Collect,Private,Premises,Madrid,Autoescuela Lara Sainz De Baranda,"C/ del Alcalde Sainz de Baranda, 30",28009,,,
3175,Pudo,Click&Collect,Privada,Premises,Madrid,28007,Autoescuela Lara Conde De Casal,"Av. del Mediterráneo, 41",40.4071023739182,-3.66938857628004,PUDO,Click&Collect,Private,Premises,Madrid,Autoescuela Lara Conde De Casal,"Av. del Mediterráneo, 41",28007,,,
3176,Pudo,Click&Collect,Privada,Supermarket,Madrid,28007,Lidl Narciso Serra,"Calle de Narciso Serra, 13, 15",40.4055604349163,-3.67885605253902,PUDO,Click&Collect,Private,Supermarket,Madrid,Lidl Narciso Serra,"Calle de Narciso Serra, 13, 15",28007,,,
3177,Pudo,Click&Collect,Privada,Mall,Madrid,28002,Mercado De Prosperidad,"C. de López de Hoyos, 81",40.4447188440549,-3.67426240433763,PUDO,Click&Collect,Private,Mall,Madrid,Mercado De Prosperidad,"C. de López de Hoyos, 81",28002,,,
3178,Pudo,Click&Collect,Privada,Premises,Madrid,28002,Remesas Dinámicas Suero De Quiñones,"Calle de Suero de Quiñones, 3",40.4443742467794,-3.67552416011687,PUDO,Click&Collect,Private,Premises,Madrid,Remesas Dinámicas Suero De Quiñones,"Calle de Suero de Quiñones, 3",28002,,,
3179,Pudo,Click&Collect,Privada,Mall,Madrid,28006,C.C. Abc Serrano,"C. de Serrano, 61",40.4320726783546,-3.68744075811951,PUDO,Click&Collect,Private,Mall,Madrid,C.C. Abc Serrano,"C. de Serrano, 61",28006,,,
3180,Pudo,Click&Collect,Privada,Mall,Madrid,28041,C.C. Carrefour Los Angeles,"Av. de Andalucía, Km. 7, 100",40.3633648497524,-3.6911268318464,PUDO,Click&Collect,Private,Mall,Madrid,C.C. Carrefour Los Angeles,"Av. de Andalucía, Km. 7, 100",28041,,,
3181,Pudo,Click&Collect,Privada,Supermarket,Madrid,28041,Lidl Avda Andalucia 7,"Av. de Andalucía, 7",40.3731872350709,-3.69493120237921,PUDO,Click&Collect,Private,Supermarket,Madrid,Lidl Avda Andalucia 7,"Av. de Andalucía, 7",28041,,,
3182,Pudo,Click&Collect,Privada,Premises,Madrid,28026,Autoescuela Marcelo Usera,"C. de Manuel Noya, 29",40.3855413084484,-3.71175675380898,PUDO,Click&Collect,Private,Premises,Madrid,Autoescuela Marcelo Usera,"C. de Manuel Noya, 29",28026,,,
3183,Pudo,Click&Collect,Privada,Premises,Madrid,28026,Latin Travel Pilarica,"C. de la Pilarica, 22",40.3858650557067,-3.70356371903839,PUDO,Click&Collect,Private,Premises,Madrid,Latin Travel Pilarica,"C. de la Pilarica, 22",28026,,,
3184,Pudo,Click&Collect,Privada,Supermarket,Madrid,28026,Lidl Marcelo Usera,"C. de Marcelo Usera, 26",40.3872221606188,-3.7013413811285,PUDO,Click&Collect,Private,Supermarket,Madrid,Lidl Marcelo Usera,"C. de Marcelo Usera, 26",28026,,,
3185,Pudo,Click&Collect,Privada,Premises,Madrid,28026,Autoescuela Lara Usera,"Av. de Córdoba, 8",40.3866638026925,-3.69925368501557,PUDO,Click&Collect,Private,Premises,Madrid,Autoescuela Lara Usera,"Av. de Córdoba, 8",28026,,,
3186,Pudo,Click&Collect,Privada,Premises,Madrid,28019,Autoescuela Gala Antonio López,"Calle de Antonio López, 156",40.3897223953088,-3.70129020883732,PUDO,Click&Collect,Private,Premises,Madrid,Autoescuela Gala Antonio López,"Calle de Antonio López, 156",28019,,,
3187,Pudo,Click&Collect,Privada,Mall,Madrid,28054,C.C. Isla Azul,"C. de la Calderilla, 1",40.3638985558767,-3.73747061507955,PUDO,Click&Collect,Private,Mall,Madrid,C.C. Isla Azul,"C. de la Calderilla, 1",28054,,,
3188,Pudo,Click&Collect,Privada,Service Station,Madrid,28044,Gasolinera Galp Avenida De Los Poblados,"Av. de los Poblados, 83",40.373866792373,-3.74322358999091,PUDO,Click&Collect,Private,Service Station,Madrid,Gasolinera Galp Avenida De Los Poblados,"Av. de los Poblados, 83",28044,,,
3189,Pudo,Click&Collect,Privada,Supermarket,Madrid,28044,Lidl Avda. Aviación,"Av de la Aviación, 28",40.3742625639347,-3.77260166645912,PUDO,Click&Collect,Private,Supermarket,Madrid,Lidl Avda. Aviación,"Av de la Aviación, 28",28044,,,
3190,Pudo,Click&Collect,Privada,Premises,Madrid,28025,Remesas Familiares Cmno Viejo De Leganes,"C. del Camino Viejo de Leganés, 133",40.385128585208,-3.72847743112905,PUDO,Click&Collect,Private,Premises,Madrid,Remesas Familiares Cmno Viejo De Leganes,"C. del Camino Viejo de Leganés, 133",28025,,,
3191,Pudo,Click&Collect,Privada,Premises,Madrid,28019,Latin Travel Castro De Oro,"C. Castro de Oro, 12",40.3893393803717,-3.72953411188926,PUDO,Click&Collect,Private,Premises,Madrid,Latin Travel Castro De Oro,"C. Castro de Oro, 12",28019,,,
3192,Pudo,Click&Collect,Privada,Premises,Madrid,28019,Servicios Expresos Carabanchel,"C. Virgen de Belen, 16",40.390812102044,-3.72294069093321,PUDO,Click&Collect,Private,Premises,Madrid,Servicios Expresos Carabanchel,"C. Virgen de Belen, 16",28019,,,
3193,Pudo,Click&Collect,Privada,Supermarket,Madrid,28024,Lidl Calle Illescas,C. de Illescas,40.3925685664846,-3.75793461694098,PUDO,Click&Collect,Private,Supermarket,Madrid,Lidl Calle Illescas,C. de Illescas,28024,,,
3194,Pudo,Click&Collect,Privada,Premises,Madrid,28011,Locutorio Euroenvíos Ii Calle Sepúlveda,"C. de Sepúlveda, 91",40.404650927254,-3.74375188929443,PUDO,Click&Collect,Private,Premises,Madrid,Locutorio Euroenvíos Ii Calle Sepúlveda,"C. de Sepúlveda, 91",28011,,,
3195,Pudo,Click&Collect,Privada,Mall,Madrid,28011,C.C. La Ermita,"P.o de la Ermita del Santo, 48",40.4064185100997,-3.72437469748935,PUDO,Click&Collect,Private,Mall,Madrid,C.C. La Ermita,"P.º de la Ermita del Santo, 48",28011,,,
3196,Pudo,Click&Collect,Privada,Premises,Madrid,28047,Shati Telecom Espinar,"C. del Espinar, 3",40.3876525420325,-3.74497664862622,PUDO,Click&Collect,Private,Premises,Madrid,Shati Telecom Espinar,"C. del Espinar, 3",28047,,,
3197,Pudo,Click&Collect,Privada,Supermarket,Madrid,28047,Lidl Via Carpetana 145,"C. Vía Carpetana, 145",40.3923660811027,-3.74170080823857,PUDO,Click&Collect,Private,Supermarket,Madrid,Lidl Via Carpetana 145,"C. Vía Carpetana, 145",28047,,,
3198,Pudo,Click&Collect,Privada,Premises,Madrid,28025,Latin Travel La Laguna,"C. de la Laguna, 30",40.3908284057366,-3.74227378800845,PUDO,Click&Collect,Private,Premises,Madrid,Latin Travel La Laguna,"C. de la Laguna, 30",28025,,,
3199,Pudo,Click&Collect,Privada,Mall,Madrid,28223,C.C. Carrefour Ciudad De La Imagen,"Carr. de Boadilla del Monte, 1",40.3988893187478,-3.78600346955717,PUDO,Click&Collect,Private,Mall,Madrid,C.C. Carrefour Ciudad De La Imagen,"Carr. de Boadilla del Monte, 1",28223,,,
3200,Pudo,Click&Collect,Privada,Mall,Madrid,28223,C.C. Zoco Pozuelo,"C. Barlovento, 30",40.4196396350807,-3.79713928700369,PUDO,Click&Collect,Private,Mall,Madrid,C.C. Zoco Pozuelo,"C. Barlovento, 30",28223,,,
3201,Pudo,Click&Collect,Privada,Mall,Madrid,28224,C.C. Zielo Shopping Pozuelo,"Av. de Europa, 26-B",40.4415782959034,-3.78348602924145,PUDO,Click&Collect,Private,Mall,Madrid,C.C. Zielo Shopping Pozuelo,"Av. de Europa, 26-B",28224,,,
3202,Pudo,Click&Collect,Privada,Mall,Madrid,28224,C.C. El Torreón,"Av. de Juan XXIII, 10",40.4448303868465,-3.80922692901465,PUDO,Click&Collect,Private,Mall,Madrid,C.C. El Torreón,"Av. de Juan XXIII, 10",28224,,,
3203,Pudo,Click&Collect,Privada,Mall,Madrid,28023,C.C. Sexta Avenida,"Av. de la Victoria, 2",40.4681706857042,-3.81532312426815,PUDO,Click&Collect,Private,Mall,Madrid,C.C. Sexta Avenida,"Av. de la Victoria, 2",28023,,,
3204,Pudo,Click&Collect,Privada,Premises,Madrid,28049,Autoescuela Gala Cantoblanco,Cantoblanco Universidad (estación de tren),40.5441381794945,-3.70031768819897,PUDO,Click&Collect,Private,Premises,Madrid,Autoescuela Gala Cantoblanco,Cantoblanco Universidad (estación de tren),28049,,,
3205,Pudo,Click&Collect,Privada,Premises,Madrid,28034,Telotengo Marcos Orueta,"C. de Marcos de Orueta, 3, local 1",40.4845498753443,-3.6858109157786,PUDO,Click&Collect,Private,Premises,Madrid,Telotengo Marcos Orueta,"C. de Marcos de Orueta, 3, local 1",28034,,,
3206,Pudo,Click&Collect,Privada,Premises,Madrid,28034,Locutorio Casandra,"C. de Isidro Fernández, 11",40.4847020742687,-3.68746379975358,PUDO,Click&Collect,Private,Premises,Madrid,Locutorio Casandra,"C. de Isidro Fernández, 11",28034,,,
3207,Pudo,Click&Collect,Privada,Premises,Madrid,28034,Vapor Madrid Virgen De Aranzazu,"Calle de la Virgen de Aránzazu, 23",40.4865907137147,-3.68986875387961,PUDO,Click&Collect,Private,Premises,Madrid,Vapor Madrid Virgen De Aranzazu,"Calle de la Virgen de Aránzazu, 23",28034,,,
3208,Pudo,Click&Collect,Privada,Supermarket,Madrid,28034,Lidl Lezama,"C. de Lezama, 6",40.4905213507446,-3.69073776833184,PUDO,Click&Collect,Private,Supermarket,Madrid,Lidl Lezama,"C. de Lezama, 6",28034,,,
3209,Pudo,Click&Collect,Privada,Mall,Madrid,28034,C.C. Montecarmelo,"C. del Monasterio de Arlanza, 20",40.510763743228,-3.68996380741088,PUDO,Click&Collect,Private,Mall,Madrid,C.C. Montecarmelo,"C. del Monasterio de Arlanza, 20",28034,,,
3210,Pudo,Click&Collect,Privada,Service Station,Madrid,28050,E.S. Shell Las Tablas,"Av. de Santo Domingo de la Calzada, 10",40.5084797314256,-3.67878255691305,PUDO,Click&Collect,Private,Service Station,Madrid,E.S. Shell Las Tablas,"Av. de Santo Domingo de la Calzada, 10",28050,,,
3211,Pudo,Click&Collect,Privada,Mall,Madrid,28108,C.C. Moraleja Green,"Av. de Europa, 13",40.5188739104959,-3.65533252814116,PUDO,Click&Collect,Private,Mall,Madrid,C.C. Moraleja Green,"Av. de Europa, 13",28108,,,
3212,Pudo,Click&Collect,Privada,Mall,Madrid,28108,C.C. Carrefour Alcobendas,"Carr. de Madrid a Burgos, A1, Km. 14, 500",40.526518651268,-3.65050850537032,PUDO,Click&Collect,Private,Mall,Madrid,C.C. Carrefour Alcobendas,"Carr. de Madrid a Burgos, A1, Km. 14, 500",28108,,,
3213,Pudo,Click&Collect,Privada,Mall,Madrid,28050,C.C. Manoteras,"Av. de Manoteras, 40",40.4864846088083,-3.66605878630604,PUDO,Click&Collect,Private,Mall,Madrid,C.C. Manoteras,"Av. de Manoteras, 40",28050,,,
3214,Pudo,Click&Collect,Privada,Premises,Madrid,28033,Autoescuela Lara Arturo Soria,"C. de Arturo Soria, 329",40.4807833397563,-3.66741092689919,PUDO,Click&Collect,Private,Premises,Madrid,Autoescuela Lara Arturo Soria,"C. de Arturo Soria, 329",28033,,,
3215,Pudo,Click&Collect,Privada,Premises,Madrid,28033,Autoescuela Lara Mar Menor Hortaleza,"C. del Mar Menor, 2",40.4744853573877,-3.64351278703446,PUDO,Click&Collect,Private,Premises,Madrid,Autoescuela Lara Mar Menor Hortaleza,"C. del Mar Menor, 2",28033,,,
3216,Pudo,Click&Collect,Privada,Mall,Madrid,28033,C.C. Colombia,"Av. de Bucaramanga, 2",40.4792078031669,-3.66786446680888,PUDO,Click&Collect,Private,Mall,Madrid,C.C. Colombia,"Av. de Bucaramanga, 2",28033,,,
3217,Pudo,Click&Collect,Privada,Mall,Madrid,28043,C.C. Carrefour Gran Vía De Hortaleza,"Gran Vía de Hortaleza, s/n",40.4696028752357,-3.63965121998467,PUDO,Click&Collect,Private,Mall,Madrid,C.C. Carrefour Gran Vía De Hortaleza,"Gran Vía de Hortaleza, s/n",28043,,,
3218,Pudo,Click&Collect,Privada,Mall,Madrid,28043,C.C. Palacio De Hielo,"C. de Silvano, 77",40.4635471081807,-3.63693605529024,PUDO,Click&Collect,Private,Mall,Madrid,C.C. Palacio De Hielo,"C. de Silvano, 77",28043,,,
3219,Pudo,Click&Collect,Privada,Service Station,Madrid,28043,E.S. Shell Machupichu,"Av. de Machupichu, 105",40.4650420551533,-3.63613560457498,PUDO,Click&Collect,Private,Service Station,Madrid,E.S. Shell Machupichu,"Av. de Machupichu, 105",28043,,,
3220,Pudo,Click&Collect,Privada,Mall,Madrid,28043,C.C. Arturo Soria Plaza,"C. de Arturo Soria, 126",40.4501822084577,-3.65076984143496,PUDO,Click&Collect,Private,Mall,Madrid,C.C. Arturo Soria Plaza,"C. de Arturo Soria, 126",28043,,,
3221,Pudo,Click&Collect,Privada,Premises,Madrid,28027,Papelería Manil,"C. de la Madre Antonia París, 4",40.4447413923811,-3.65127545705527,PUDO,Click&Collect,Private,Premises,Madrid,Papelería Manil,"C. de la Madre Antonia París, 4",28027,,,
3222,Pudo,Click&Collect,Privada,Premises,Madrid,28027,Autoescuela Gala Barrio Blanco,"C. de Aristóteles, 11",40.4431068527232,-3.65137560408919,PUDO,Click&Collect,Private,Premises,Madrid,Autoescuela Gala Barrio Blanco,"C. de Aristóteles, 11",28027,,,
3223,Pudo,Click&Collect,Privada,Premises,Madrid,28027,Autoescuela Calderón Iii Alcala 460,"C. de Alcalá, 460",40.4389927055657,-3.63395713089985,PUDO,Click&Collect,Private,Premises,Madrid,Autoescuela Calderón Iii Alcala 460,"C. de Alcalá, 460",28027,,,
3224,Pudo,Click&Collect,Privada,Premises,Madrid,28027,Autoescuela Calderón Ii Lluc,"C. de Virgen de Lluc, 38",40.4347990295688,-3.65177941920653,PUDO,Click&Collect,Private,Premises,Madrid,Autoescuela Calderón Ii Lluc,"C. de Virgen de Lluc, 38",28027,,,
3225,Pudo,Click&Collect,Privada,Premises,Madrid,28027,Autoescuela Calderón Iv Alcala 311,"C. de Alcalá, 311",40.4329417806974,-3.65193602533761,PUDO,Click&Collect,Private,Premises,Madrid,Autoescuela Calderón Iv Alcala 311,"C. de Alcalá, 311",28027,,,
3226,Pudo,Click&Collect,Privada,Mall,Madrid,28027,C.C. Alcala Norte,"Calle de Alcalá, 414, 28027 Madrid",40.4371630273458,-3.63811194627789,PUDO,Click&Collect,Private,Mall,Madrid,C.C. Alcala Norte,"Calle de Alcalá, 414, 28027 Madrid",28027,,,
3227,Pudo,Click&Collect,Privada,Premises,Madrid,28037,Expendeduría 523 Caunedo,"C. de Caunedo, 6",40.4371876053904,-3.63664049994387,PUDO,Click&Collect,Private,Premises,Madrid,Expendeduría 523 Caunedo,"C. de Caunedo, 6",28037,,,
3228,Pudo,Click&Collect,Privada,Premises,Madrid,28017,Latin Travel Escalante,"C. Amos de Escalante, 1",40.434832446502,-3.64332908069277,PUDO,Click&Collect,Private,Premises,Madrid,Latin Travel Escalante,"C. Amos de Escalante, 1",28017,,,
3229,Pudo,Click&Collect,Privada,Supermarket,Madrid,28022,Lidl Canillejas,"Av. de Canillejas a Vicálvaro, 43",40.4391845905285,-3.61389568635752,PUDO,Click&Collect,Private,Supermarket,Madrid,Lidl Canillejas,"Av. de Canillejas a Vicálvaro, 43",28022,,,
3230,Pudo,Click&Collect,Privada,Premises,Madrid,28017,Autoescuela Calderon I Ascao,"C. de Ascao, 29",40.4305869739271,-3.64114671381051,PUDO,Click&Collect,Private,Premises,Madrid,Autoescuela Calderon I Ascao,"C. de Ascao, 29",28017,,,
3231,Pudo,Click&Collect,Privada,Premises,Madrid,28017,Locutorio Euroenvíos V Ezequiel Solana,"C. de Ezequiel Solana, 102",40.4273864395634,-3.64237023799733,PUDO,Click&Collect,Private,Premises,Madrid,Locutorio Euroenvíos V Ezequiel Solana,"C. de Ezequiel Solana, 102",28017,,,
3232,Pudo,Click&Collect,Privada,Premises,Madrid,28017,Locutorio Euroenvíos Calle San Maximiliano,"Cl. de San Maximiliano, 45",40.4258639128046,-3.65278495602692,PUDO,Click&Collect,Private,Premises,Madrid,Locutorio Euroenvíos Calle San Maximiliano,"Cl. de San Maximiliano, 45",28017,,,
3233,Pudo,Click&Collect,Privada,Premises,Madrid,28037,Locutorio Euroenvíos Iv Calle Zumel,"C. Zumel, 14",40.4294414672119,-3.62618365952522,PUDO,Click&Collect,Private,Premises,Madrid,Locutorio Euroenvíos Iv Calle Zumel,"C. Zumel, 14",28037,,,
3234,Pudo,Click&Collect,Privada,Service Station,Madrid,28037,E.S. Galp Arcentales,"Av. de Arcentales, 7",40.4268702607917,-3.62608736327136,PUDO,Click&Collect,Private,Service Station,Madrid,E.S. Galp Arcentales,"Av. de Arcentales, 7",28037,,,
3235,Pudo,Click&Collect,Privada,Service Station,Madrid,28037,E.S. Galp Vicálvaro,"Av. de Canillejas a Vicálvaro, 80",40.4267472739882,-3.61173738545128,PUDO,Click&Collect,Private,Service Station,Madrid,E.S. Galp Vicálvaro,"Av. de Canillejas a Vicálvaro, 80",28037,,,
3236,Pudo,Click&Collect,Privada,Premises,Madrid,28017,Deportes Y Tu,"Av. de Canillejas a Vicálvaro, 127",40.4279538536395,-3.61058426715673,PUDO,Click&Collect,Private,Premises,Madrid,Deportes Y Tu,"Av. de Canillejas a Vicálvaro, 127",28017,,,
3237,Pudo,Click&Collect,Privada,Premises,Madrid,28032,Estanco 893,"C. de Aquitania, s/n",40.4192622448431,-3.6172347189914,PUDO,Click&Collect,Private,Premises,Madrid,Estanco 893,"C. de Aquitania, s/n",28032,,,
3238,Pudo,Click&Collect,Privada,Mall,Madrid,28030,C.C. Alcampo Moratalaz,"C. del Camino de los Vinateros, s/n",40.4123768027733,-3.6598062502079,PUDO,Click&Collect,Private,Mall,Madrid,C.C. Alcampo Moratalaz,"C. del Camino de los Vinateros, s/n",28030,,,
3239,Pudo,Click&Collect,Privada,Premises,Madrid,28030,Autoescuela Lara Moratalaz Pavones,"Cl. de la Hacienda de Pavones, 6B",40.4050537531116,-3.64978254583892,PUDO,Click&Collect,Private,Premises,Madrid,Autoescuela Lara Moratalaz Pavones,"Cl. de la Hacienda de Pavones, 6B",28030,,,
3240,Pudo,Click&Collect,Privada,Supermarket,Madrid,28030,Lidl Hacienda De Pavones,"Cl. de la Hacienda de Pavones, 342",40.4003241347784,-3.63484381349174,PUDO,Click&Collect,Private,Supermarket,Madrid,Lidl Hacienda De Pavones,"Cl. de la Hacienda de Pavones, 342",28030,,,
3241,Pudo,Click&Collect,Privada,Premises,Madrid,28032,Estanco 670,"C. del Tren de Arganda, 8",40.4040153205511,-3.62060188503794,PUDO,Click&Collect,Private,Premises,Madrid,Estanco 670,"C. del Tren de Arganda, 8",28032,,,
3242,Pudo,Click&Collect,Privada,Mall,Madrid,28032,C.C. Valdebernardo,"C. de los Pinillas, 48",40.3978317249402,-3.6184201782722,PUDO,Click&Collect,Private,Mall,Madrid,C.C. Valdebernardo,"C. de los Pinillas, 48",28032,,,
3243,Pudo,Click&Collect,Privada,Premises,Madrid,28030,Estanco Arroyo Belincoso,"Calle Mario Cabré, 31, 28030 - Madrid",40.4063230550961,-3.63305373995623,PUDO,Click&Collect,Private,Premises,Madrid,Estanco Arroyo Belincoso,"Calle Mario Cabré, 31, 28030 - Madrid",28030,,,
3244,Pudo,Click&Collect,Privada,Premises,Madrid,28030,Autoescuela Lara Moratalaz Carrantona,"C. de la Fuente Carrantona, 26",40.4061961861932,-3.63219496234187,PUDO,Click&Collect,Private,Premises,Madrid,Autoescuela Lara Moratalaz Carrantona,"C. de la Fuente Carrantona, 26",28030,,,
3245,Pudo,Click&Collect,Privada,Premises,Madrid,28031,Autoescuela Lara Villa De Vallecas Emt,"Calle Arboleda, 14, 28031, Madrid",40.3857846173902,-3.62607003518621,PUDO,Click&Collect,Private,Premises,Madrid,Autoescuela Lara Villa De Vallecas Emt,"Calle Arboleda, 14, 28031, Madrid",28031,,,
3246,Pudo,Click&Collect,Privada,Supermarket,Madrid,28038,Lidl Sierra Toledana,"C. de Sierra Toledana, 33",40.4026734626902,-3.66048263335429,PUDO,Click&Collect,Private,Supermarket,Madrid,Lidl Sierra Toledana,"C. de Sierra Toledana, 33",28038,,,
3247,Pudo,Click&Collect,Privada,Mall,Madrid,28038,C.C. Alcampo Vallecas,"C. Monleón, s/n",40.3927384470668,-3.65443130402682,PUDO,Click&Collect,Private,Mall,Madrid,C.C. Alcampo Vallecas,"C. Monleón, s/n",28038,,,
3248,Pudo,Click&Collect,Privada,Premises,Madrid,28039,Latin Travel Javalambre,"C. de la Sierra de Javalambre, 6",40.3982644512662,-3.66715517505011,PUDO,Click&Collect,Private,Premises,Madrid,Latin Travel Javalambre,"C. de la Sierra de Javalambre, 6",28039,,,
3249,Pudo,Click&Collect,Privada,Premises,Madrid,28053,Locutorio Euroenvíos Small Peña Gorbea,"C/ de Peña Gorbea, 27",40.3959108517107,-3.66624920477402,PUDO,Click&Collect,Private,Premises,Madrid,Locutorio Euroenvíos Small Peña Gorbea,"C/ de Peña Gorbea, 27",28053,,,
3250,Pudo,Click&Collect,Privada,Premises,Madrid,28018,Confección Aurora Chalo,"C. Diego Manchado, 52",40.3901626913665,-3.64757552479505,PUDO,Click&Collect,Private,Premises,Madrid,Confección Aurora Chalo,"C. Diego Manchado, 52",28018,,,
3251,Pudo,Click&Collect,Privada,Premises,Madrid,28018,Autoescuela Lara Vallecas Pedro Laborde,"C. de Pedro Laborde, 45",40.3871079334459,-3.6492594282301,PUDO,Click&Collect,Private,Premises,Madrid,Autoescuela Lara Vallecas Pedro Laborde,"C. de Pedro Laborde, 45",28018,,,
3252,Pudo,Click&Collect,Privada,Premises,Madrid,28018,New Linea Digital,"Av. de Palomeras, 126",40.3866142467697,-3.65077211596717,PUDO,Click&Collect,Private,Premises,Madrid,New Linea Digital,"Av. de Palomeras, 126",28018,,,
3253,Pudo,Click&Collect,Privada,Supermarket,Madrid,28018,Lidl Pablo Neruda 138,"Av. de Pablo Neruda, 138",40.3819893379091,-3.66051484464508,PUDO,Click&Collect,Private,Supermarket,Madrid,Lidl Pablo Neruda 138,"Av. de Pablo Neruda, 138",28018,,,
3254,Pudo,Click&Collect,Privada,Mall,Madrid,28018,C.C. Madrid Sur,"Av. de Pablo Neruda, 91",40.3813479529365,-3.66339379340894,PUDO,Click&Collect,Private,Mall,Madrid,C.C. Madrid Sur,"Av. de Pablo Neruda, 91",28018,,,
3255,Pudo,Click&Collect,Privada,Premises,Madrid,28053,Estanco 807,"C. de la Serena, 25",40.3779976036122,-3.66716069404591,PUDO,Click&Collect,Private,Premises,Madrid,Estanco 807,"C. de la Serena, 25",28053,,,
3256,Pudo,Click&Collect,Privada,Mall,Madrid,28053,Mercado De Mediodía Entrevías,"C. Campiña, 5",40.3787397271562,-3.66945680185559,PUDO,Click&Collect,Private,Mall,Madrid,Mercado De Mediodía Entrevías,"C. Campiña, 5",28053,,,
3257,Mrw,Lsp Pudos,Privada,Premises,Madrid,28014,Oficina Mrw 02690,"Calle Fuenterrabía, no 6",40.4064365347768,-3.6811410373759,MRW,LSP PUDOs,Private,Premises,Madrid,Oficina Mrw 02690,"Calle Fuenterrabía, nº 6",28014,,,
3258,Mrw,Lsp Pudos,Privada,Premises,Madrid,28013,Oficina Mrw 02618,"Calle de Campomanes, 10",40.4194821140039,-3.70895654036195,MRW,LSP PUDOs,Private,Premises,Madrid,Oficina Mrw 02618,"Calle de Campomanes, 10",28013,,,
3259,Mrw,Lsp Pudos,Privada,Premises,Madrid,28001,Oficina Mrw 02625,"Calle de Ayala, no 94",40.4274507637391,-3.67657728306481,MRW,LSP PUDOs,Private,Premises,Madrid,Oficina Mrw 02625,"Calle de Ayala, nº 94",28001,,,
3260,Mrw,Lsp Pudos,Privada,Premises,Madrid,28010,Oficina Mrw 02649,"Calle General Álvarez De Castro, 41",40.4381166479542,-3.70295472794148,MRW,LSP PUDOs,Private,Premises,Madrid,Oficina Mrw 02649,"Calle General Álvarez De Castro, 41 ",28010,,,
3261,Mrw,Lsp Pudos,Privada,Premises,Madrid,28028,Oficina Mrw 02628,"Avenida Toreros, 26",40.4323006211896,-3.66680978999165,MRW,LSP PUDOs,Private,Premises,Madrid,Oficina Mrw 02628,"Avenida Toreros, 26",28028,,,
3262,Mrw,Lsp Pudos,Privada,Premises,Madrid,28015,Oficina Mrw 02620,"Calle Blasco de Garay, 57",40.4368409753271,-3.7115109771625,MRW,LSP PUDOs,Private,Premises,Madrid,Oficina Mrw 02620,"Calle Blasco de Garay, 57",28015,,,
3263,Mrw,Lsp Pudos,Privada,Premises,Madrid,28003,Oficina Mrw 02622,"Calle Ponzano, 80",40.4445452192692,-3.69851629549843,MRW,LSP PUDOs,Private,Premises,Madrid,Oficina Mrw 02622,"Calle Ponzano, 80",28003,,,
3264,Mrw,Lsp Pudos,Privada,Premises,Madrid,28029,Oficina Mrw 02638,"Calle de San Benito, no 35",40.4701876256604,-3.69430409074049,MRW,LSP PUDOs,Private,Premises,Madrid,Oficina Mrw 02638,"Calle de San Benito, nº 35",28029,,,
3265,Mrw,Lsp Pudos,Privada,Premises,Madrid,28031,Oficina Mrw 02610,"C/ Puerto de Porzuna, 17",40.3751660821735,-3.62188642758777,MRW,LSP PUDOs,Private,Premises,Madrid,Oficina Mrw 02610,"C/ Puerto de Porzuna, 17",28031,,,
3266,Mrw,Lsp Pudos,Privada,Premises,Madrid,28032,Oficina Mrw 02672,"Blvr. de José Prat, 15",40.3982391615953,-3.62279765761549,MRW,LSP PUDOs,Private,Premises,Madrid,Oficina Mrw 02672,"Blvr. de José Prat, 15",28032,,,
3267,Mrw,Lsp Pudos,Privada,Premises,Madrid,28018,Oficina Mrw 02611,"C. de Carlos Martín Álvarez, 25",40.3899819386455,-3.66306816964839,MRW,LSP PUDOs,Private,Premises,Madrid,Oficina Mrw 02611,"C. de Carlos Martín Álvarez, 25",28018,,,
3268,Mrw,Lsp Pudos,Privada,Premises,Madrid,28026,Oficina Mrw 02662,"Calle de Antonio López, 134",40.391675276256,-3.70354603619253,MRW,LSP PUDOs,Private,Premises,Madrid,Oficina Mrw 02662,"Calle de Antonio López, 134",28026,,,
3269,Mrw,Lsp Pudos,Privada,Premises,Madrid,28026,Oficina Mrw 02671,"C. de Eugenio Caxes, 12",40.3922529726262,-3.70267765447436,MRW,LSP PUDOs,Private,Premises,Madrid,Oficina Mrw 02671,"C. de Eugenio Caxes, 12",28026,,,
3270,Mrw,Lsp Pudos,Privada,Premises,Madrid,28044,Oficina Mrw 02668,"C. Secoya, 28",40.3691145927481,-3.74714927690914,MRW,LSP PUDOs,Private,Premises,Madrid,Oficina Mrw 02668,"C. Secoya, 28",28044,,,
3271,Mrw,Lsp Pudos,Privada,Premises,Madrid,28047,Oficina Mrw 02616,"Av. de Ntra. Sra. de Fátima, 31",40.3852490082855,-3.74586132841965,MRW,LSP PUDOs,Private,Premises,Madrid,Oficina Mrw 02616,"Av. de Ntra. Sra. de Fátima, 31",28047,,,
3272,Mrw,Lsp Pudos,Privada,Premises,Madrid,28223,Oficina Mrw 02609,"Av. del Monte, 3",40.4379569759354,-3.81899102154439,MRW,LSP PUDOs,Private,Premises,Madrid,Oficina Mrw 02609,"Av. del Monte, 3",28223,,,
3273,Mrw,Lsp Pudos,Privada,Premises,Madrid,28023,Oficina Mrw 02655,"Av. del Talgo, 228",40.4475492437003,-3.7841703383947,MRW,LSP PUDOs,Private,Premises,Madrid,Oficina Mrw 02655,"Av. del Talgo, 228",28023,,,
3274,Mrw,Lsp Pudos,Privada,Premises,Madrid,28050,Oficina Mrw 02641,"Calle de Isabel Colbrand, 10",40.5119061589014,-3.67450821551699,MRW,LSP PUDOs,Private,Premises,Madrid,Oficina Mrw 02641,"Calle de Isabel Colbrand, 10",28050,,,
3275,Mrw,Lsp Pudos,Privada,Premises,Madrid,28100,Oficina Mrw 02650,"Blvr. de Salvador Allende, 6",40.5372744871118,-3.63547578895597,MRW,LSP PUDOs,Private,Premises,Madrid,Oficina Mrw 02650,"Blvr. de Salvador Allende, 6",28100,,,
3276,Mrw,Lsp Pudos,Privada,Premises,Madrid,28034,Oficina Mrw 02612,"C. de Manuel Tovar, 33",40.4891316761823,-3.69006979024916,MRW,LSP PUDOs,Private,Premises,Madrid,Oficina Mrw 02612,"C. de Manuel Tovar, 33",28034,,,
3277,Mrw,Lsp Pudos,Privada,Premises,Madrid,28035,Oficina Mrw 02656,"C. de las Islas Cíes, 47",40.4798154884763,-3.72003136765408,MRW,LSP PUDOs,Private,Premises,Madrid,Oficina Mrw 02656,"C. de las Islas Cíes, 47",28035,,,
3278,Mrw,Lsp Pudos,Privada,Premises,Madrid,28043,Oficina Mrw 02614,"C. de Arturo Soria, 154",40.4544090295365,-3.6542108046072,MRW,LSP PUDOs,Private,Premises,Madrid,Oficina Mrw 02614,"C. de Arturo Soria, 154",28043,,,
3279,Mrw,Lsp Pudos,Privada,Premises,Madrid,28027,Oficina Mrw 02633,"C. del Marqués de Pico Velasco, 60",40.4430984314432,-3.64482647503691,MRW,LSP PUDOs,Private,Premises,Madrid,Oficina Mrw 02633,"C. del Marqués de Pico Velasco, 60",28027,,,
3280,Mrw,Lsp Pudos,Privada,Premises,Madrid,28037,Oficina Mrw 02670,"C. de Rufino González, 40",40.4376643246173,-3.62652036919108,MRW,LSP PUDOs,Private,Premises,Madrid,Oficina Mrw 02670,"C. de Rufino González, 40",28037,,,
3281,Mrw,Lsp Pudos,Privada,Premises,Madrid,28022,Oficina Mrw 02657,"P.o de Ginebra, 47",40.4238089761619,-3.6014371363406,MRW,LSP PUDOs,Private,Premises,Madrid,Oficina Mrw 02657,"P.º de Ginebra, 47",28022,,,
3282,Mrw,Lsp Pudos,Privada,Premises,Madrid,28042,Oficina Mrw 02647,"Avenida Central, 18, 28042",40.451364953538,-3.574006490273,MRW,LSP PUDOs,Private,Premises,Madrid,Oficina Mrw 02647,"Avenida Central, 18, 28042",28042,,,
3283,Amazon,Centro De Distribución/Recepción,Privada,Industrial Estate,Madrid,28042,ACL o MAD B (AMAZON,"acl, Madrid",40.4527227103903,-3.5737745075692,Amazon ,Centro de distribución/recepción,Private,Industrial estate,Madrid,ACL o MAD B (AMAZON,"acl, Madrid",28042,,,
3284,Amazon,Almacén/E-Fulfilment,Privada,Industrial Estate,Madrid,28830,Almacenamiento inventario y preparación pedidos clientes,"Av. Astronomía, 24, San Fernando de Henares",40.4485441742578,-3.49832717703151,Amazon ,Almacén/E-fulfilment,Private,Industrial estate,Madrid,Almacenamiento inventario y preparación  pedidos clientes,"Av. Astronomía, 24, San Fernando de Henares",28830,,,
3285,Amazon,Estación Logistica De Ultima Milla,Privada,Industrial Estate,Madrid,28108,Centro de distribución urbana o estación de última milla,Av. de Peñalara,40.5372651380371,-3.66363543186547,Amazon ,Estación logistica de ultima milla,Private,Industrial estate,Madrid,Centro de distribución urbana o estación de última milla,Av. de Peñalara,28108,,,
3286,Amazon,Estación Logistica De Ultima Milla,Privada,Industrial Estate,Madrid,28022,Centro de distribución urbana o estación de última milla,"Calle Prov Iveco, 3, San Blas-Canillejas",40.4469811455558,-3.54528324987752,Amazon ,Estación logistica de ultima milla,Private,Industrial estate,Madrid,Centro de distribución urbana o estación de última milla,"Calle Prov Iveco, 3, San Blas-Canillejas",28022,,,
3287,Amazon,Estación Logistica De Ultima Milla,Privada,Industrial Estate,Madrid,28022,Clasificación intermedia de paquetes,"C. Tres, 13, San Blas-Canillejas",40.4462322921757,-3.54641901411634,Amazon ,Estación logistica de ultima milla,Private,Industrial estate,Madrid,Clasificación intermedia de paquetes,"C. Tres, 13, San Blas-Canillejas",28022,,,
3288,Amazon,Almacén/E-Fulfilment,Privada,Industrial Estate,Madrid,28906,Almacenamiento y gestión de pedidos,"C. Rosalind Franklin, Getafe",40.2821411598967,-3.68603494635892,Amazon ,Almacén/E-fulfilment,Private,Industrial estate,Madrid,Almacenamiento y gestión de pedidos,"C. Rosalind Franklin, Getafe",28906,,,
3289,Amazon,Almacén/E-Fulfilment,Privada,Industrial Estate,Madrid,28935,Centro de distribución urbana o estación de última milla,"Poligono Pau 5, 83P",40.3447550340903,-3.87489197656824,Amazon ,Almacén/E-fulfilment,Private,Industrial estate,Madrid,Centro de distribución urbana o estación de última milla,"Poligono Pau 5, 83P",28935,,,
3290,Amazon,Almacén/E-Fulfilment,Privada,Industrial Estate,Madrid,28906,Centro de distribución urbana o estación de última milla,"Calle Rachel Carson, 1",40.2778057905533,-3.68193902897361,Amazon ,Almacén/E-fulfilment,Private,Industrial estate,Madrid,Centro de distribución urbana o estación de última milla,"Calle Rachel Carson, 1",28906,,,
3291,Amazon,Estación Logistica De Ultima Milla,Privada,Industrial Estate,Madrid,28906,Centro de distribución urbana o estación de última milla,"C. Pirotecnia, 36, Vicálvaro",40.3955229367338,-3.59317880238506,Amazon ,Estación logistica de ultima milla,Private,Industrial estate,Madrid,Centro de distribución urbana o estación de última milla,"C. Pirotecnia, 36, Vicálvaro",28906,,,
3292,Amazon,Centro De Distribución/Recepción,Privada,Industrial Estate,Madrid,28821,Centro de distribución urbana o estación de última milla,"C. Holanda, 3, Coslada",40.4358950103387,-3.56662716674688,Amazon ,Centro de distribución/recepción,Private,Industrial estate,Madrid,Centro de distribución urbana o estación de última milla,"C. Holanda, 3, Coslada",28821,,,
3293,Amazon,Centro De Distribución/Recepción,Privada,Industrial Estate,Madrid,28823,Almacenamiento y preparación pedidos supermercado,"Av. de la Industria, 18, Coslada",40.4338896060796,-3.55231452091505,Amazon ,Centro de distribución/recepción,Private,Industrial estate,Madrid,Almacenamiento y preparación pedidos supermercado,"Av. de la Industria, 18, Coslada",28823,,,
3294,Amazon,Almacén/E-Fulfilment,Privada,Industrial Estate,Madrid,28804,,"Carr. Nacional II, 20, Alcalá de Henares",40.5055111411453,-3.31803666316121,Amazon ,Almacén/E-fulfilment,Private,Industrial estate,Madrid,,"Carr. Nacional II, 20, Alcalá de Henares",28804,,,
3295,Amazon,Centro De Distribución/Recepción,Privada,Industrial Estate,Madrid,28823,,"Av. de José Gárate, 11, Coslada",40.4310291875256,-3.54460160277548,Amazon ,Centro de distribución/recepción,Private,Industrial estate,Madrid,,"Av. de José Gárate, 11, Coslada",28823,,,
3296,Correos,Estación Logistica De Ultima Milla,Pública,Industrial Estate,Madrid,28031,"CTA Madrid CAM 3 (Recepción, clasificación y envío)","Cam. de las Hormigueras, 169, Vallecas",40.3776768333718,-3.6348197126669,Correos,Estación logistica de ultima milla,Public,Industrial estate,Madrid,"CTA Madrid CAM 3 (Recepción, clasificación y envío)","Cam. de las Hormigueras, 169, Vallecas",28031,,,
3297,Correos,Centros De Distribución/Recepción,Pública,Industrial Estate,Madrid,28042,centro de distribución y consolidación,"C. Alfa, 14, Barajas, Madrid - ADT Gestión Aduanera",40.4562556288887,-3.55895713475685,Correos,Centros de distribución/recepción,Public,Industrial estate,Madrid,centro de distribución y consolidación,"C. Alfa, 14, Barajas, Madrid - ADT Gestión Aduanera",28042,,,
3298,Correos,Centros De Distribución/Recepción,Pública,Industrial Estate,Madrid,28053,"CTM Madrid (Recepción, clasificación y envío)","Ctra. Villaverde a Vallecas, Km 3.5, nave S9A, Vallecas",40.3643156132626,-3.65119168525305,Correos,Centros de distribución/recepción,Public,Industrial estate,Madrid,"CTM Madrid (Recepción, clasificación y envío)","Ctra. Villaverde a Vallecas, Km 3.5, nave S9A, Vallecas",28053,,,
3299,Correos,Centros De Distribución/Recepción,Pública,Industrial Estate,Madrid,28053,,"CAM-1, Eje 3, 13 - CTM, Madrid",40.3621313829003,-3.65356954584126,Correos,Centros de distribución/recepción,Public,Industrial estate,Madrid,,"CAM-1, Eje 3, 13 - CTM, Madrid",28053,,,
3300,Correos,Centros De Distribución/Recepción,Pública,Industrial Estate,Madrid,28053,,"CAM-4, Eje 6, 20 - CTM, Madrid",40.3639098034848,-3.65021031701454,Correos,Centros de distribución/recepción,Public,Industrial estate,Madrid,,"CAM-4, Eje 6, 20 - CTM, Madrid",28053,,,
3301,Correos,Estación Logistica De Ultima Milla,Pública,Industrial Estate,Madrid,28036,,"CTL, Hiedra, 7 - Estación de Chamartín",40.4767960698955,-3.67744645919418,Correos,Estación logistica de ultima milla,Public,Industrial estate,Madrid,,"CTL, Hiedra, 7 - Estación de Chamartín",28036,,,
3302,Correos Express,Centros De Distribución/Recepción,Pública,Industrial Estate,Madrid,28053,Centro Correos Exp. Vallecas,"Av. Eje Central, Km 3,500, Nave 6SA, Vallecas",40.3633222237841,-3.65510920605882,Correos Express,Centros de distribución/recepción,Public,Industrial estate,Madrid,Centro Correos Exp. Vallecas,"Av. Eje Central, Km 3,500, Nave 6SA, Vallecas",28053,,,
3303,Correos Express,Almacén/E-Fulfilment,Pública,Industrial Estate,Madrid,28906,Correos Express -Getafe,"C. Calidad, 17, Poligono Industrial los Olivos, Getafe",40.3152105662207,-3.67930734399038,Correos Express,Almacén/E-fulfilment,Public,Industrial estate,Madrid,Correos Express -Getafe,"C. Calidad, 17, Poligono Industrial los Olivos, Getafe",28906,,,
3304,Correos Express,Centros De Distribución/Recepción,Pública,Industrial Estate,Madrid,28821,Centro Correos Exp. Coslada,"Av. de Europa, 8, Coslada",40.4344603890879,-3.56012211127432,Correos Express,Centros de distribución/recepción,Public,Industrial estate,Madrid,Centro Correos Exp. Coslada,"Av. de Europa, 8, Coslada",28821,,,
3305,Mondial Relay (Impost),Estación Logistica De Ultima Milla,Privada,Industrial Estate,Madrid,28806,Centro de distribución urbana o estación de última milla,"C. Tales de Mileto, 19, Alcalá de Henares",40.4910694145962,-3.3962759708217,Mondial Relay (Impost),Estación logistica de ultima milla,Private,Industrial estate,Madrid,Centro de distribución urbana o estación de última milla,"C. Tales de Mileto, 19, Alcalá de Henares",28806,,,
3306,Dhl,Centros De Distribución/Recepción,Privada,Industrial Estate,Madrid,28042,"Gestion envíos locales, nacionales e internacionales","Centro de Carga Aérea, Avda. Central s/n (Aeropuerto Barajas)",40.4576121179922,-3.56200590250836,DHL,Centros de distribución/recepción,Private,Industrial estate,Madrid,"Gestion envíos locales, nacionales e internacionales","Centro de Carga Aérea, Avda. Central s/n (Aeropuerto Barajas)",28042,,,
3307,Dhl,Almacén/E-Fulfilment,Privada,Industrial Estate,Madrid,28906,Centro de distribución de paquetería,"Area Empresarial Andalucia, Río Almanzora, Sectores 7-8, Getafe",40.2695170323187,-3.71100068819896,DHL,Almacén/E-fulfilment,Private,Industrial estate,Madrid,Centro de distribución de paquetería,"Area Empresarial Andalucia, Río Almanzora, Sectores 7-8, Getafe",28906,,,
3308,Dhl,Centros De Distribución/Recepción,Privada,Industrial Estate,Madrid,28821,,"C. de Rumanía, 4, Coslada",40.4384388192929,-3.54997333091065,DHL,Centros de distribución/recepción,Private,Industrial estate,Madrid,,"C. de Rumanía, 4, Coslada",28821,,,
3309,Celeritas,Centros De Distribución/Recepción,Privada,Industrial Estate,Madrid,28830,Centro de distribución urbana o estación de última milla,"C. de los Vidrieros, 1, San Fernando de Henares",40.4458029923203,-3.49066903647874,Celeritas,Centros de distribución/recepción,Private,Industrial estate,Madrid,Centro de distribución urbana o estación de última milla,"C. de los Vidrieros, 1, San Fernando de Henares",28830,,,
3310,Celeritas,Estación Logistica De Ultima Milla,Privada,Industrial Estate,Madrid,28108,,"Av. de Valdelaparra, 29, Alcobendas",40.5384846746593,-3.64791263247603,Celeritas,Estación logistica de ultima milla,Private,Industrial estate,Madrid,,"Av. de Valdelaparra, 29, Alcobendas",28108,,,
3311,Ctt Express,Centros De Distribución/Recepción,Privada,Industrial Estate,Madrid,28821,Centro de distribución urbana o estación de última milla,"Av. de Europa, 9, Coslada",40.435695669571,-3.5641074308195,CTT Express,Centros de distribución/recepción,Private,Industrial estate,Madrid,Centro de distribución urbana o estación de última milla,"Av. de Europa, 9, Coslada",28821,,,
3312,Ctt Express,Centros De Distribución/Recepción,Privada,Industrial Estate,Madrid,28830,Centro de distribución urbana o estación de última milla,"C. Marcelino Camacho, 13,San Fernando de Henares",40.4326960838005,-3.4984276140314,CTT Express,Centros de distribución/recepción,Private,Industrial estate,Madrid,Centro de distribución urbana o estación de última milla,"C. Marcelino Camacho, 13,San Fernando de Henares",28830,,,
3313,Gls,Estación Logistica De Ultima Milla,Privada,Industrial Estate,Madrid,28823,Centro de distribución y consolidación de envíos,"Av. de Fuentemar, 18, Coslada",40.4328494917944,-3.54809420447887,GLS,Estación logistica de ultima milla,Private,Industrial estate,Madrid,Centro de distribución y consolidación de envíos,"Av. de Fuentemar, 18, Coslada",28823,,,
3314,Gls,Estación Logistica De Ultima Milla,Privada,Industrial Estate,Madrid,28823,Centro de distribución urbana o estación de última milla,"C. de la Alcarria, 8, Coslada",40.4313471560446,-3.54894756841616,GLS,Estación logistica de ultima milla,Private,Industrial estate,Madrid,Centro de distribución urbana o estación de última milla,"C. de la Alcarria, 8, Coslada",28823,,,
3315,Gls,Estación Logistica De Ultima Milla,Privada,Industrial Estate,Madrid,28823,Centro de distribución urbana o estación de última milla,"Av. de la Cañada, 64, posterior, Coslada",40.4388141902302,-3.54032518070306,GLS,Estación logistica de ultima milla,Private,Industrial estate,Madrid,Centro de distribución urbana o estación de última milla,"Av. de la Cañada, 64, posterior, Coslada",28823,,,
3316,Gls,Centros De Distribución/Recepción,Privada,Industrial Estate,Madrid,28830,,"C. de los Fontaneros, 1, San Fernando de Henares",40.4457063364673,-3.50396562217013,GLS,Centros de distribución/recepción,Private,Industrial estate,Madrid,,"C. de los Fontaneros, 1, San Fernando de Henares",28830,,,
3317,Mrw,Centros De Distribución/Recepción,Privada,Industrial Estate,Madrid,28042,Centro de distribución recepción y envío de paquetes,"Av. Central, 24, Barajas",40.4517412532247,-3.57207229017879,MRW,Centros de distribución/recepción,Private,Industrial estate,Madrid,Centro de distribución recepción y envío de paquetes,"Av. Central, 24, Barajas",28042,,,
3318,Mrw,Centros De Distribución/Recepción,Privada,Industrial Estate,Madrid,28821,Centro de distribución urbana o estación de última milla,"C. Holanda, 1, Coslada",40.4347820838618,-3.56782098356735,MRW,Centros de distribución/recepción,Private,Industrial estate,Madrid,Centro de distribución urbana o estación de última milla,"C. Holanda, 1, Coslada",28821,,,
3319,Mrw,Almacén/E-Fulfilment,Privada,Industrial Estate,Madrid,28906,Centro de distribución urbana o estación de última milla,"C. Herreros, 8, Getafe",40.2484504895527,-3.70523522502456,MRW,Almacén/E-fulfilment,Private,Industrial estate,Madrid,Centro de distribución urbana o estación de última milla,"C. Herreros, 8,  Getafe",28906,,,
3320,Mrw,Estación Logistica De Ultima Milla,Privada,Industrial Estate,Madrid,28053,,"Terminal de Transporte de Mercancías , Méndez Álvaro, 84",40.3905249887998,-3.67642616856631,MRW,Estación logistica de ultima milla,Private,Industrial estate,Madrid,,"Terminal de Transporte de Mercancías , Méndez Álvaro, 84",28053,,,
3321,UPS,Centros De Distribución/Recepción,Privada,Industrial Estate,Madrid,28830,HUB Central,"Av. del Sistema Solar, 17, San Fernando de Henares",40.4502073014907,-3.49755462779282,UPS,Centros de distribución/recepción,Private,Industrial estate,Madrid,HUB Central,"Av. del Sistema Solar, 17, San Fernando de Henares",28830,,,
3322,UPS,Centros De Distribución/Recepción,Privada,Industrial Estate,Madrid,28820,Centro de distribución urbana o estación de última milla,"Avenida de la Cañada 64-66 Módulo F, Coslada",40.4391072074555,-3.54079671391907,UPS,Centros de distribución/recepción,Private,Industrial estate,Madrid,Centro de distribución urbana o estación de última milla,"Avenida de la Cañada 64-66 Módulo F, Coslada",28820,,,
3323,UPS,Centros De Distribución/Recepción,Privada,Industrial Estate,Madrid,28042,"Gestion envíos locales, nacionales e internacionales","Centro de Carga Aérea Calle India 6 Parcela 1.4.b Nave 3, Madrid",40.452462429457,-3.57433931688115,UPS,Centros de distribución/recepción,Private,Industrial estate,Madrid,"Gestion envíos locales, nacionales e internacionales","Centro de Carga Aérea Calle India 6 Parcela 1.4.b Nave 3, Madrid",28042,,,
3324,Nacex,Estación Logistica De Ultima Milla,Privada,Industrial Estate,Madrid,28823,Centro de distribución urbana o estación de última milla,"Pol. Ind. Coslada, Av. de Fuentemar, 8 - 12, Coslada",40.4315527440296,-3.55108986835383,Nacex,Estación logistica de ultima milla,Private,Industrial estate,Madrid,Centro de distribución urbana o estación de última milla,"Pol. Ind. Coslada, Av. de Fuentemar, 8 - 12, Coslada",28823,,,
3325,SEUR,Estación Logistica De Ultima Milla,Privada,Industrial Estate,Madrid,28823,Centro de distribución urbana o estación de última milla,"Av. de Fuentemar, 21, 28823 Coslada,",40.4343698235276,-3.55192188012096,SEUR,Estación logistica de ultima milla,Private,Industrial estate,Madrid,Centro de distribución urbana o estación de última milla,"Av. de Fuentemar, 21, 28823 Coslada,",28823,,,
3326,SEUR,Centros De Distribución/Recepción,Privada,Industrial Estate,Madrid,28021,Centro de distribución de paquetería,"Ctra. Villaverde a Vallecas, 257, Vallecas",40.3705486732386,-3.64463320378285,SEUR,Centros de distribución/recepción,Private,Industrial estate,Madrid,Centro de distribución de paquetería,"Ctra. Villaverde a Vallecas, 257, Vallecas",28021,,,
3327,SEUR,Centros De Distribución/Recepción,Privada,Industrial Estate,Madrid,28830,Centro de distribución urbana o estación de última milla,"C. del Mar Egeo, 1, 28830 San Fernando de Henares",40.4567404935727,-3.50045095550638,SEUR,Centros de distribución/recepción,Private,Industrial estate,Madrid,Centro de distribución urbana o estación de última milla,"C. del Mar Egeo, 1, 28830 San Fernando de Henares",28830,,,
3328,SEUR,Almacén/E-Fulfilment,Privada,Industrial Estate,Madrid,28906,Centro de distribución urbana o estación de última milla,"C. Diseño, 2, Poligono Industrial los Olivos, Getafe",40.3141195202617,-3.68339388608933,SEUR,Almacén/E-fulfilment,Private,Industrial estate,Madrid,Centro de distribución urbana o estación de última milla,"C. Diseño, 2, Poligono Industrial los Olivos, Getafe",28906,,,
3329,SEUR,Estación Logistica De Ultima Milla,Privada,Industrial Estate,Madrid,28821,,"Av. de Suiza, 18-15, Coslada",40.4412072660604,-3.5501772224678,SEUR,Estación logistica de ultima milla,Private,Industrial estate,Madrid,,"Av. de Suiza, 18-15, Coslada",28821,,,
3330,Cainiao (Aliexpress),Centros De Distribución/Recepción,Privada,Industrial Estate,Madrid,28830,Hub de clasificación y distribución de Cainiao,"Rda. de Marcos Ana, 6, 28830 Madrid",40.4386221634722,-3.49691098153509,Cainiao (AliExpress),Centros de distribución/recepción,Private,Industrial estate,Madrid,Hub de clasificación y distribución de Cainiao,"Rda. de Marcos Ana, 6, 28830 Madrid",28830,,,
3331,Cainiao (Aliexpress),Almacén/E-Fulfilment,Privada,Industrial Estate,Madrid,28906,Operaciones de última milla,"C. Marconi, 24, 28906 Getafe, Madrid",40.3031756989268,-3.69730985792941,Cainiao (AliExpress),Almacén/E-fulfilment,Private,Industrial estate,Madrid,Operaciones de última milla,"C. Marconi, 24, 28906 Getafe, Madrid",28906,,,
3332,Fedex,Centros De Distribución/Recepción,Privada,Industrial Estate,Madrid,28042,Recogida y agrupacion de paquetes (tráfico aéreo o intermodal),"Centro de Carga Aerea, Av. Central, 35, Barajas, 28042 Madrid",40.4533769262998,-3.5715854809667,Fedex,Centros de distribución/recepción,Private,Industrial estate,Madrid,Recogida y agrupacion de paquetes (tráfico aéreo o intermodal),"Centro de Carga Aerea, Av. Central, 35, Barajas, 28042 Madrid",28042,,,
3333,Fedex,Centros De Distribución/Recepción,Privada,Industrial Estate,Madrid,28830,Centro de distribución urbana o estación de última milla,"C. Albañiles, 4, 6-8, 28830 San Fernando de Henares, Madrid",40.4444175625216,-3.50577118496205,Fedex,Centros de distribución/recepción,Private,Industrial estate,Madrid,Centro de distribución urbana o estación de última milla,"C. Albañiles, 4, 6-8, 28830 San Fernando de Henares, Madrid",28830,,,
3334,Zeleris,Almacén/E-Fulfilment,Privada,Industrial Estate,Madrid,28320,,"P.I. Las Arenas - C/ Ronda, 19 - 21, Pinto",40.2706282019159,-3.68848840057135,Zeleris,Almacén/E-fulfilment,Private,Industrial estate,Madrid,,"P.I. Las Arenas - C/ Ronda, 19 - 21, Pinto",28320,,,
3335,Envialia,Estación Logistica De Ultima Milla,Privada,Industrial Estate,Madrid,28821,,"Av. de Suiza, 2, Coslada",40.438271349316,-3.55141197328152,Envialia,Estación logistica de ultima milla,Private,Industrial estate,Madrid,,"Av. de Suiza, 2, Coslada",28821,,,
3336,Correos,Locker,Pública,Locker,Madrid,,MADRID SUC 13. AV DE AMERICA,"Av. America, 3",40.43784448712,-3.67727912237,Correos Citypaq,Locker,Public,Locker,Madrid,MADRID SUC 13. AV DE AMERICA,"Av. America, 3",,Correos CityPaq,Possibly new,
3337,Correos,Locker,Pública,Locker,Madrid,,MADRID SUC 60. CIUDAD UNIVERSITARIA,"Arqutecto Lopez Otero, 3",40.44385606239,-3.72864513566,Correos Citypaq,Locker,Public,Locker,Madrid,MADRID SUC 60. CIUDAD UNIVERSITARIA,"Arqutecto Lopez Otero, 3",,Correos CityPaq,Possibly new,
3338,Correos,Locker,Pública,Locker,Madrid,,MADRID SUC 86. CORTE INGLES CALLAO,Pz De Callao 2 Planta 8,40.4195161,-3.7049295,Correos Citypaq,Locker,Public,Locker,Madrid,MADRID SUC 86. CORTE INGLES CALLAO,Pz De Callao 2 Planta 8,,Correos CityPaq,Possibly new,
3339,Correos,Locker,Pública,Locker,Madrid,,MADRID SUC 8. ARGÜELLES,"Martin De Los Heros, 57",40.42816165473,-3.71687023867,Correos Citypaq,Locker,Public,Locker,Madrid,MADRID SUC 8. ARGÜELLES,"Martin De Los Heros, 57",,Correos CityPaq,Possibly new,
3340,Correos,Locker,Pública,Locker,Madrid,,MADRID SUC 66. TORRE PICASSO,Pl. Pablo Ruiz Picasso 1 (torre Picasso),40.45007294849,-3.69306959784,Correos Citypaq,Locker,Public,Locker,Madrid,MADRID SUC 66. TORRE PICASSO,Pl. Pablo Ruiz Picasso 1 (torre Picasso),,Correos CityPaq,Possibly new,
