City,Location_Cluster_ID,Representative_Latitude,Representative_Longitude,Record_Count,Company_Count,Companies,Addresses,Locations,Has_Locker,Has_PUDO,Has_Click_Collect,Has_Distribution_Center,Has_Last_Mile_Station,Has_Warehouse,Has_Convenience_Store,Has_Unknown,Cluster_Service_Type_Code,Cluster_Service_Type_Name,Cluster_Sharing_Type_Code,Cluster_Sharing_Type_Name,Cluster_Diameter_m,Cluster_Spatial_Confidence_Code,Cluster_Spatial_Confidence_Name,Cluster_Review_Required
valencia,VAL_LOC_000001,39.47310955975495,-0.377633211837713,1,1,InPost,"C. de María Cristina, 9",Perfumarte Maria Cristina,False,False,False,False,False,False,True,False,5,Convenience Store only,1,Single record,0.0,1,High,False
valencia,VAL_LOC_000002,39.47756090944269,-0.3828099665562772,1,1,InPost,"C. de Alejandra Soler, 9",Carmen Laundry,True,False,False,False,False,False,False,False,1,Locker only,1,Single record,0.0,1,High,False
valencia,VAL_LOC_000003,39.47179659723847,-0.3784938211122619,1,1,InPost,"Calle del Músico Peydró, 30",Valira Tienda De Fabrica,False,False,False,False,False,False,True,False,5,Convenience Store only,1,Single record,0.0,1,High,False
valencia,VAL_LOC_000004,39.47889580112418,-0.3812462309078208,1,1,InPost,"C/ de Ripalda, 20",Economy Print,False,False,False,False,False,False,True,False,5,Convenience Store only,1,Single record,0.0,1,High,False
valencia,VAL_LOC_000005,39.47473011396571,-0.3901642470217949,1,1,InPost,"C. de Quart, 125",Carmen Laundry 2,True,False,False,False,False,False,False,False,1,Locker only,1,Single record,0.0,1,High,False
valencia,VAL_LOC_000006,39.47356343765982,-0.3913135158114307,1,1,InPost,"C. de Juan Llorens, 10",Dia C/ Juan Llorens,True,False,False,False,False,False,False,False,1,Locker only,1,Single record,0.0,1,High,False
valencia,VAL_LOC_000007,39.48075067455666,-0.3798377191040145,1,1,InPost,"C/ de Salvador Giner, 22",Superm Charter C/Salvado,True,False,False,False,False,False,False,False,1,Locker only,1,Single record,0.0,1,High,False
valencia,VAL_LOC_000008,39.47389899460428,-0.3896573891830816,1,1,InPost,C. de San Ignacio de Loyola,El Quiosc,False,False,False,False,False,False,True,False,5,Convenience Store only,1,Single record,0.0,1,High,False
valencia,VAL_LOC_000009,39.47257181609439,-0.38670616346193454,2,2,InPost | Nacex,"C. de Calixto III, 1",Estanco Valencia-156 (4604-17) | Expendeduria 156,False,False,False,False,False,False,True,False,5,Convenience Store only,3,"Multiple companies, single service",8.6,1,High,False
valencia,VAL_LOC_000010,39.473999706363465,-0.3868670342211692,1,1,InPost,"Gran Vía de Fernando el Católico, 56",Kalinopa,False,False,False,False,False,False,True,False,5,Convenience Store only,1,Single record,0.0,1,High,False
valencia,VAL_LOC_000011,39.47034447468592,-0.3868492440298763,1,1,InPost,"C/ Angel Guimera, 30",Outlet Destino 8,False,False,False,False,False,False,True,False,5,Convenience Store only,1,Single record,0.0,1,High,False
valencia,VAL_LOC_000012,39.48015886194766,-0.377359092388655,1,1,InPost,"C. de la Blanqueria, 9",Lacolada Ciutat Vella,True,False,False,False,False,False,False,False,1,Locker only,1,Single record,0.0,1,High,False
valencia,VAL_LOC_000013,39.469506177909025,-0.3846484034033351,2,2,InPost | Mail Boxes Etc,"Gran Vía de Fernando el Católico, 3",Mail Boxes Etc. 0285 | Milar Gran Via,False,True,False,False,False,False,True,False,7,Multiple services,4,"Multiple companies, multiple services",9.2,1,High,False
valencia,VAL_LOC_000014,39.47915177851796,-0.3763166011184274,5,5,Celeritas | Ctt Express | Dhl | InPost | UPS,"Carrer de Roteros, 2 | Pl. de los Fueros, 1",Naturalworld,False,False,False,False,False,False,True,False,5,Convenience Store only,3,"Multiple companies, single service",25.15,2,Medium,False
valencia,VAL_LOC_000015,39.47227501897833,-0.39204007433106064,3,3,InPost | SEUR | UPS,Calle de Sta. María Micaela | Calle de Sta. María Micaela S/N,Intpkg S M Micaela | Plantas Y Flores Lantana | Seur Lockers Ipk Maria Mic,True,False,False,False,False,False,True,False,7,Multiple services,4,"Multiple companies, multiple services",12.78,1,High,False
valencia,VAL_LOC_000016,39.484222876226845,-0.3825261752885064,1,1,InPost,"Av. de Burjassot, 18",El Trebol Del Turia,False,False,False,False,False,False,True,False,5,Convenience Store only,1,Single record,0.0,1,High,False
valencia,VAL_LOC_000017,39.46982701944097,-0.3902570590202066,2,2,Amazon | InPost,"C. de Martín el Humano, 30",Firdos Movil,False,False,False,False,False,False,True,False,5,Convenience Store only,3,"Multiple companies, single service",1.84,1,High,False
valencia,VAL_LOC_000018,39.48456527859329,-0.3854917629750939,1,1,InPost,"C. del Padre Ferris, 28",Gimnasio Deportivo Okina,True,False,False,False,False,False,False,False,1,Locker only,1,Single record,0.0,1,High,False
valencia,VAL_LOC_000019,39.47706756476296,-0.3768830371436411,1,1,InPost,"Pl. de Manises, 1",Estanco N 3,False,False,False,False,False,False,True,False,5,Convenience Store only,1,Single record,0.0,1,High,False
valencia,VAL_LOC_000020,39.471498689873805,-0.3838940968876781,1,1,InPost,"C/ Guillem de Castro, 69",Bazar 28 De Septiembre,False,False,False,False,False,False,True,False,5,Convenience Store only,1,Single record,0.0,1,High,False
valencia,VAL_LOC_000021,39.47389837850953,-0.4004610214738694,1,1,InPost,"C/ de la Democracia, 50",Estanco Maria,False,False,False,False,False,False,True,False,5,Convenience Store only,1,Single record,0.0,1,High,False
valencia,VAL_LOC_000022,39.47133502476721,-0.39815530835416885,3,3,Celeritas | Ctt Express | InPost,"C. Manolo Taberner, 38",Eurollibreria,False,False,False,False,False,False,True,False,5,Convenience Store only,3,"Multiple companies, single service",19.17,2,Medium,False
valencia,VAL_LOC_000023,39.476457543626964,-0.3984782989178298,4,4,Celeritas | Ctt Express | InPost | Nacex,"Av. de Manuel de Falla, 3",Kiosco Papeleria Arco Iris | Kiosco Papeleria Arco-Iris | Kiosco Papeleria Arco-Iris (4601-48),False,False,False,False,False,False,True,False,5,Convenience Store only,3,"Multiple companies, single service",25.48,2,Medium,False
valencia,VAL_LOC_000024,39.47773862738112,-0.3980739071241684,1,1,InPost,"Av. del Maestro Rodrigo, 15",Supermercado Tandy,False,False,False,False,False,False,True,False,5,Convenience Store only,1,Single record,0.0,1,High,False
valencia,VAL_LOC_000025,39.471265414665254,-0.395747009531191,4,4,Amazon | Ctt Express | InPost | SEUR,"C. Brasil, 12",Papeleria Suico | Seur - Papeleria Suico | Suico | Suico Papeleria Librería,False,False,False,False,False,False,True,False,5,Convenience Store only,3,"Multiple companies, single service",11.18,1,High,False
valencia,VAL_LOC_000026,39.466910867209236,-0.38661374267146453,2,2,InPost | SEUR,"C. Buen Orden, 12",Miss Buye,False,False,False,False,False,False,True,False,5,Convenience Store only,3,"Multiple companies, single service",6.82,1,High,False
valencia,VAL_LOC_000027,39.465437552152615,-0.3827902412627987,1,1,InPost,"C. de Albacete, 4",Avalon Papeleria,False,False,False,False,False,False,True,False,5,Convenience Store only,1,Single record,0.0,1,High,False
valencia,VAL_LOC_000028,39.46701890244549,-0.3802005585216838,1,1,InPost,"Calle del Matemàtico Marzal, 1",Mi Phone,False,False,False,False,False,False,True,False,5,Convenience Store only,1,Single record,0.0,1,High,False
valencia,VAL_LOC_000029,39.47918045088472,-0.4002268027109057,2,1,InPost,C/ de la Vall de la Ballestera,Loteria Marcos Y Fotografias | Tintoreria La Bruixeta,False,False,False,False,False,False,True,False,5,Convenience Store only,2,"Same company, multiple records",0.0,1,High,False
valencia,VAL_LOC_000030,39.47818379223094,-0.3970245228082928,1,1,InPost,C. Marqués de San Juan,Laundry Park Campanar,True,False,False,False,False,False,False,False,1,Locker only,1,Single record,0.0,1,High,False
valencia,VAL_LOC_000031,39.46921563808978,-0.3945886314929473,1,1,InPost,"C. de Linares, 20",Herbolario Valle De Angeles,False,False,False,False,False,False,True,False,5,Convenience Store only,1,Single record,0.0,1,High,False
valencia,VAL_LOC_000032,39.471171433902995,-0.400599244815801,4,4,Amazon | Ctt Express | InPost | SEUR,"C/ Luis Lamarca, 13",Edpack,False,False,False,False,False,False,True,False,5,Convenience Store only,3,"Multiple companies, single service",30.47,3,Review,True
valencia,VAL_LOC_000033,39.486260366203446,-0.3895799694719423,1,1,InPost,"C. de Gil Roger, 8",Lavanderia Pina Colada,True,False,False,False,False,False,False,False,1,Locker only,1,Single record,0.0,1,High,False
valencia,VAL_LOC_000034,39.48792112843391,-0.3759129429379055,1,1,InPost,"C. Maximiliano Thous, 10",Plasticos Mas Masia,False,False,False,False,False,False,True,False,5,Convenience Store only,1,Single record,0.0,1,High,False
valencia,VAL_LOC_000035,39.46588619078027,-0.3792181958704386,1,1,InPost,"C. de Pelayo, 34",Outlet Destino 7,False,False,False,False,False,False,True,False,5,Convenience Store only,1,Single record,0.0,1,High,False
valencia,VAL_LOC_000036,39.464392933346524,-0.38622553435729995,3,3,Amazon | Ctt Express | InPost,"C. de Honorato Juan, 2 | Calle HONORATO JUAN, 2",Uno Electro,False,False,False,False,False,False,True,False,5,Convenience Store only,3,"Multiple companies, single service",10.08,1,High,False
valencia,VAL_LOC_000037,39.46208666761457,-0.3873803027622066,5,5,Amazon | Celeritas | Ctt Express | InPost | UPS,"C/ de Jesús, 94",Fnx-Loterias Passatemps I Oci | Loterias Passatemps I Oci | Passatemps I Oci. Loterias | Passatems I Oci,False,False,False,False,False,False,True,False,5,Convenience Store only,3,"Multiple companies, single service",14.31,1,High,False
valencia,VAL_LOC_000038,39.49048168284261,-0.3817729828731399,1,1,InPost,Av. del Dr. Peset Aleixandre,Mercamundo,False,False,False,False,False,False,True,False,5,Convenience Store only,1,Single record,0.0,1,High,False
valencia,VAL_LOC_000039,39.47357531882066,-0.3710040552328909,1,1,InPost,"C. del Mar, 47",Libreria Papeleria Regolf,False,False,False,False,False,False,True,False,5,Convenience Store only,1,Single record,0.0,1,High,False
valencia,VAL_LOC_000040,39.49023373164648,-0.3864115537499547,1,1,InPost,"C/ Loriguilla, 3",Reparacion De Calzado Soriano,False,False,False,False,False,False,True,False,5,Convenience Store only,1,Single record,0.0,1,High,False
valencia,VAL_LOC_000041,39.48580546265062,-0.3729528431558834,1,1,InPost,"C. de Platero Suárez, 16",Papeleria Mussol,False,False,False,False,False,False,True,False,5,Convenience Store only,1,Single record,0.0,1,High,False
valencia,VAL_LOC_000042,39.46578806473263,-0.3806588887195551,1,1,InPost,"C/ Estrella, 15",El Saloncito De Anna,False,False,False,False,False,False,True,False,5,Convenience Store only,1,Single record,0.0,1,High,False
valencia,VAL_LOC_000043,39.48495863469806,-0.3691181597630499,1,1,InPost,"C. Alboraya, 48",Loterias Vimas,False,False,False,False,False,False,True,False,5,Convenience Store only,1,Single record,0.0,1,High,False
valencia,VAL_LOC_000044,39.47887718942045,-0.40244679555520096,3,3,Dhl | InPost | UPS,"Av. Tamarindos, 33",Fnx-Tentaciones | Tentaciones,False,False,False,False,False,False,True,False,5,Convenience Store only,3,"Multiple companies, single service",11.38,1,High,False
valencia,VAL_LOC_000045,39.4656229650743,-0.391802203618816,4,4,Celeritas | Ctt Express | InPost | Nacex,"Calle Maestro Bellver, 24",Eco Estore Patraix | Eco Store | Eco Store (4604-48),False,False,False,False,False,False,True,False,5,Convenience Store only,3,"Multiple companies, single service",16.33,2,Medium,False
valencia,VAL_LOC_000046,39.46950037734553,-0.3996324470997499,3,3,Celeritas | Ctt Express | InPost,"Carrer de Burgos, 3",Jd Market,False,False,False,False,False,False,True,False,5,Convenience Store only,3,"Multiple companies, single service",3.48,1,High,False
valencia,VAL_LOC_000047,39.47212357470673,-0.3714693442645322,1,1,InPost,"C/ de la Nave, 20",Ferreteria Galan,False,False,False,False,False,False,True,False,5,Convenience Store only,1,Single record,0.0,1,High,False
valencia,VAL_LOC_000048,39.48226440745045,-0.3702932937583059,1,1,InPost,"C. Pintor Vilar, 14",Power Navi Informatica,False,False,False,False,False,False,True,False,5,Convenience Store only,1,Single record,0.0,1,High,False
valencia,VAL_LOC_000049,39.49013755325412,-0.37529575948617755,2,2,Dhl | InPost,"Av. de la Constitución, 136",Papeleria Mapamundi,False,False,False,False,False,False,True,False,5,Convenience Store only,3,"Multiple companies, single service",2.91,1,High,False
valencia,VAL_LOC_000050,39.459046547032166,-0.3844345345356533,1,1,InPost,"Av. de Giorgeta, 30",Cbox Valencia,False,False,False,False,False,False,True,False,5,Convenience Store only,1,Single record,0.0,1,High,False
valencia,VAL_LOC_000051,39.48922937521793,-0.3721708842536594,5,5,Celeritas | Ctt Express | Gls | InPost | Nacex,"C/ del Padre Urbano, 37",Kiosco Acme | Kiosco Acme (4601-44) | Ps Kiosco Acme,False,False,False,False,False,False,True,False,5,Convenience Store only,3,"Multiple companies, single service",27.73,2,Medium,False
valencia,VAL_LOC_000052,39.47864157920949,-0.3665946555081119,1,1,InPost,"Pl. de la Legión Española, 12",Le Parisien Nailsbeauty Bar,False,False,False,False,False,False,True,False,5,Convenience Store only,1,Single record,0.0,1,High,False
valencia,VAL_LOC_000053,39.45888094926895,-0.3888369565695674,1,1,InPost,"Av. de Gaspar Aguilar, 13",Fruteria Internacional,False,False,False,False,False,False,True,False,5,Convenience Store only,1,Single record,0.0,1,High,False
valencia,VAL_LOC_000054,39.49083590068663,-0.3819775182880032,1,1,InPost,"Av. de Juan XXIII, 4",Perfumarte Juan Xxiii,False,False,False,False,False,False,True,False,5,Convenience Store only,1,Single record,0.0,1,High,False
valencia,VAL_LOC_000055,39.47722598903701,-0.40515241010049596,4,4,InPost | Pudo | SEUR | UPS,"Av. de Manuel de Falla, 13",C.C. Carrefour Campanar | CC Carr Campanar | Mioptico Campanar | Seur Lockers C.C. Carrefou,True,False,True,False,False,False,True,False,7,Multiple services,4,"Multiple companies, multiple services",26.31,2,Medium,False
valencia,VAL_LOC_000056,39.49135284886025,-0.3835763358986839,1,1,InPost,"C. Félix del Río, 45",Charmotal,False,False,False,False,False,False,True,False,5,Convenience Store only,1,Single record,0.0,1,High,False
valencia,VAL_LOC_000057,39.474351782352606,-0.37472617197883684,2,2,Ctt Express | InPost,"C. del Mar, 11",La Presencia Magica,False,False,False,False,False,False,True,False,5,Convenience Store only,3,"Multiple companies, single service",13.05,1,High,False
valencia,VAL_LOC_000058,39.46028266536554,-0.39415905710536336,2,1,InPost,Carrer de Fontanars dels Alforins,Ilusionarte | Perfumarte,False,False,False,False,False,False,True,False,5,Convenience Store only,2,"Same company, multiple records",10.32,1,High,False
valencia,VAL_LOC_000059,39.46663084053073,-0.3745823273944396,1,1,InPost,"C/ de Russafa, 14",Uala Accesorios Ruzafa,False,False,False,False,False,False,True,False,5,Convenience Store only,1,Single record,0.0,1,High,False
valencia,VAL_LOC_000060,39.487040208367574,-0.3669943437971901,2,2,InPost | SEUR,"Av. Primado Reig, 54",Prink Iriparo | Prink Primado Reig,False,False,False,False,False,False,True,False,5,Convenience Store only,3,"Multiple companies, single service",11.65,1,High,False
valencia,VAL_LOC_000061,39.47935905000482,-0.4002467324836345,1,1,InPost,C/ de la Vall de la Ballestera,24/7 Lion Energy,True,False,False,False,False,False,False,False,1,Locker only,1,Single record,0.0,1,High,False
valencia,VAL_LOC_000062,39.461365138798726,-0.3731432506554337,1,1,InPost,"C. de Cádiz, 58",Zeustreetwear,False,False,False,False,False,False,True,False,5,Convenience Store only,1,Single record,0.0,1,High,False
valencia,VAL_LOC_000063,39.48830920971478,-0.3664734572569786,1,1,InPost,"Camí Vell d'Alboraia, 20",Gimnasio Forma Sport Alb,True,False,False,False,False,False,False,False,1,Locker only,1,Single record,0.0,1,High,False
valencia,VAL_LOC_000064,39.46233660602732,-0.3909836070460281,1,1,InPost,C. Dibujante Manuel Gago,Kiosco Patraix,True,False,False,False,False,False,False,False,1,Locker only,1,Single record,0.0,1,High,False
valencia,VAL_LOC_000065,39.46232867970826,-0.399141610393207,1,1,InPost,"C/ de Torrent, 1",Laundry Park Patraix,True,False,False,False,False,False,False,False,1,Locker only,1,Single record,0.0,1,High,False
valencia,VAL_LOC_000066,39.49058748633797,-0.3720707193192085,3,3,InPost | Pudo | SEUR,"AVD/PRIMADO REIG, No10 | Av. Primado Reig, 10",24/7 Galp Valencia Prima | E.S. Galp Primado Reig | Seur Lockers E.S. Galp Pri,True,False,True,False,False,False,True,False,7,Multiple services,4,"Multiple companies, multiple services",12.31,1,High,False
valencia,VAL_LOC_000067,39.49062304057176,-0.3816933984675658,1,1,InPost,Av. del Dr. Peset Aleixandre,Kiosco Loterial Peset,True,False,False,False,False,False,False,False,1,Locker only,1,Single record,0.0,1,High,False
valencia,VAL_LOC_000068,39.46243751114118,-0.3759625429192373,1,1,InPost,"C. de Sueca, 20",Gimnasio Forma Sport Ruz,False,False,False,False,False,False,True,False,5,Convenience Store only,1,Single record,0.0,1,High,False
valencia,VAL_LOC_000069,39.46338078831483,-0.3706752614441388,2,2,InPost | UPS,"C. Músico Padilla, 4 | C. del Pintor Salvador Abril, 18",Fnx-Kiosko Angeles | Papeleria Alpe,False,False,False,False,False,False,True,False,5,Convenience Store only,3,"Multiple companies, single service",3.32,1,High,False
valencia,VAL_LOC_000070,39.46624824876887,-0.3700545125434768,1,1,InPost,"C. del Maestro Gozalbo, 4",Floristeria Azalea,False,False,False,False,False,False,True,False,5,Convenience Store only,1,Single record,0.0,1,High,False
valencia,VAL_LOC_000071,39.467201302079474,-0.3716966569178055,1,1,InPost,"C. de Pizarro, 19",Eton,False,False,False,False,False,False,True,False,5,Convenience Store only,1,Single record,0.0,1,High,False
valencia,VAL_LOC_000072,39.46340021298703,-0.3775945713577464,1,1,InPost,"C. de Cuba, 1",Mascleta Bike Rental,False,False,False,False,False,False,True,False,5,Convenience Store only,1,Single record,0.0,1,High,False
valencia,VAL_LOC_000073,39.48724186249662,-0.3643448615267514,1,1,InPost,"Carrer d'Albocàsser, 25",Ananda,False,False,False,False,False,False,True,False,5,Convenience Store only,1,Single record,0.0,1,High,False
valencia,VAL_LOC_000074,39.48866961346318,-0.3923688245138712,1,1,InPost,"Carrer de la Serra Martés, 18",Herboristeria Flor Del Turia,False,False,False,False,False,False,True,False,5,Convenience Store only,1,Single record,0.0,1,High,False
valencia,VAL_LOC_000075,39.45899575747238,-0.37202730243788834,5,5,Amazon | Gls | InPost | SEUR | UPS,"Av. de Peris y Valero, 85 | PERIS Y VALERO 85",Ibertinta | Ibertinta Valencia | Ps Ibertinta Valencia | Seur - Ibertinta Valencia,False,False,False,False,False,False,True,False,5,Convenience Store only,3,"Multiple companies, single service",23.74,2,Medium,False
valencia,VAL_LOC_000076,39.49197592604522,-0.3776732879921231,1,1,InPost,"C/ d'Alcanyís, 5",Lacolada Alcanyis,True,False,False,False,False,False,False,False,1,Locker only,1,Single record,0.0,1,High,False
valencia,VAL_LOC_000077,39.47393398296257,-0.35997191289136,1,1,InPost,"Av. de Suecia, 5",Lavanda Mestalla,True,False,False,False,False,False,False,False,1,Locker only,1,Single record,0.0,1,High,False
valencia,VAL_LOC_000078,39.4655823053066,-0.3749256409096501,1,1,InPost,"C/ Gral. San Martín, 12",Geles,False,False,False,False,False,False,True,False,5,Convenience Store only,1,Single record,0.0,1,High,False
valencia,VAL_LOC_000079,39.461033838370135,-0.3689090926299903,1,1,InPost,"Calle de Matías Perelló, 8",Ferreteria Insa Valencia,False,False,False,False,False,False,True,False,5,Convenience Store only,1,Single record,0.0,1,High,False
valencia,VAL_LOC_000080,39.48356997429615,-0.363318719102657,1,1,InPost,"C. Jaime Roig, 25",Kiosco Jaime Roig,False,False,False,False,False,False,True,False,5,Convenience Store only,1,Single record,0.0,1,High,False
valencia,VAL_LOC_000081,39.48744204422851,-0.3627402290939108,1,1,InPost,"C. de Dolores Marqués, 19",Dulce Espacio,False,False,False,False,False,False,True,False,5,Convenience Store only,1,Single record,0.0,1,High,False
valencia,VAL_LOC_000082,39.48101130540177,-0.3608479739821552,1,1,InPost,"C. de Álvaro de Bazán, 23",Papeleria Harcor,False,False,False,False,False,False,True,False,5,Convenience Store only,1,Single record,0.0,1,High,False
valencia,VAL_LOC_000083,39.46382775645549,-0.367189808809757,1,1,InPost,Av. del Reino de Valencia,Watermelon Phone World,False,False,False,False,False,False,True,False,5,Convenience Store only,1,Single record,0.0,1,High,False
valencia,VAL_LOC_000084,39.468388707949394,-0.3593242905828013,1,1,InPost,"Av. del Puerto, 18",Geekfy,False,False,False,False,False,False,True,False,5,Convenience Store only,1,Single record,0.0,1,High,False
valencia,VAL_LOC_000085,39.46460380960883,-0.36624830253612867,6,5,Amazon | Celeritas | Ctt Express | InPost | UPS,"C. Joaquín Costa, 44",Estanco Joaquin Costa | Estanco Joaquin Costa 44 | Estanco Prensa C/ Joaquin Costa 44 | Fnx-Estanco Joaquin Costa 44,False,False,False,False,False,False,True,False,5,Convenience Store only,3,"Multiple companies, single service",20.7,2,Medium,False
valencia,VAL_LOC_000086,39.47300758687527,-0.3595388945752227,1,1,InPost,"C. de Amadeo de Saboya, 24",Estanco Amadeo Saboya,False,False,False,False,False,False,True,False,5,Convenience Store only,1,Single record,0.0,1,High,False
valencia,VAL_LOC_000087,39.46150757668239,-0.3714362578928818,1,1,InPost,"C. Francisco Sempere, 11",Holamobi Ruzafa,False,False,False,False,False,False,True,False,5,Convenience Store only,1,Single record,0.0,1,High,False
valencia,VAL_LOC_000088,39.46473780913156,-0.3627083953242161,4,4,Amazon | Celeritas | InPost | SEUR,"C. de Salamanca, 47",Papeleria Barco De Papel | Papelería Barco De Papel,False,False,False,False,False,False,True,False,5,Convenience Store only,3,"Multiple companies, single service",16.55,2,Medium,False
valencia,VAL_LOC_000089,39.47567392348646,-0.3620099981730441,3,3,Amazon | InPost | UPS,"C. Micer Mascó, 19",Fnx-Kiosko Mestalla | Kiosco Mestalla | Kioscomestalla,False,False,False,False,False,False,True,False,5,Convenience Store only,3,"Multiple companies, single service",16.76,2,Medium,False
valencia,VAL_LOC_000090,39.482341238891735,-0.35876542754998914,2,2,Amazon | InPost,"C. Ramón Asensio, 5",Eva Taller De Marcos | Taller De Marcos,False,False,False,False,False,False,True,False,5,Convenience Store only,3,"Multiple companies, single service",2.91,1,High,False
valencia,VAL_LOC_000091,39.45590989080436,-0.3625946387268287,1,1,InPost,Av. de Amado Granell Mesado,Cerdan Quilis Sl,False,False,False,False,False,False,True,False,5,Convenience Store only,1,Single record,0.0,1,High,False
valencia,VAL_LOC_000092,39.480738704296485,-0.3570443322238815,1,1,InPost,Calle Dr. Garcia Brustenga,Az Soluciones Contables,False,False,False,False,False,False,True,False,5,Convenience Store only,1,Single record,0.0,1,High,False
valencia,VAL_LOC_000093,39.46101263079718,-0.3648091301718074,1,1,InPost,"C. de Luis Oliag, 40",Locutorio Paris,False,False,False,False,False,False,True,False,5,Convenience Store only,1,Single record,0.0,1,High,False
valencia,VAL_LOC_000094,39.47178653962879,-0.356370271137981,1,1,InPost,"Carrer de Xile, s/n",24/7 Parking Apk2 Aragon,True,False,False,False,False,False,False,False,1,Locker only,1,Single record,0.0,1,High,False
valencia,VAL_LOC_000095,39.47846682104921,-0.3554090241374535,1,1,InPost,"C. de Menéndez y Pelayo, 24",Blue Onyx Lavanderia,True,False,False,False,False,False,False,False,1,Locker only,1,Single record,0.0,1,High,False
valencia,VAL_LOC_000096,39.45662198521995,-0.3725919512906043,1,1,InPost,"Av. Dr. Waksman, 25",Js Moviles,False,False,False,False,False,False,True,False,5,Convenience Store only,1,Single record,0.0,1,High,False
valencia,VAL_LOC_000097,39.49035630671944,-0.375452129865151,1,1,Correos,"Av. de la Constitución, 111",Correos Valencia Suc 5. La SaãDia,True,False,False,False,False,False,False,False,1,Locker only,1,Single record,0.0,1,High,False
valencia,VAL_LOC_000098,39.46979785891765,-0.3909711411682767,1,1,Correos,"C/ Angel Guimera, 70",Supermercados Consum,True,False,False,False,False,False,False,False,1,Locker only,1,Single record,0.0,1,High,False
valencia,VAL_LOC_000099,39.466254800295886,-0.3524817336293045,1,1,Correos,"Av. del Puerto, 79",Supermercados Consum,True,False,False,False,False,False,False,False,1,Locker only,1,Single record,0.0,1,High,False
valencia,VAL_LOC_000100,39.46141306231918,-0.3750785067165566,1,1,Correos,"C. de Sueca, 34",Supermercados Consum,True,False,False,False,False,False,False,False,1,Locker only,1,Single record,0.0,1,High,False
valencia,VAL_LOC_000101,39.48285278565497,-0.3704926740639288,1,1,Correos,"C. Alboraya, 31",Supermercados Consum,True,False,False,False,False,False,False,False,1,Locker only,1,Single record,0.0,1,High,False
valencia,VAL_LOC_000102,39.47102596559543,-0.34978710547625813,4,2,Amazon | Correos,"C. del Poeta Mas y Ros, 20 | C. del Poeta Mas y Ros, 21",Citypaq Lockerss-Correos València Suc 13. Algiròs | Correos - València Suc 13. Algiròs | Correos Valencia Suc 13. Algirã’s,True,True,False,False,False,False,True,False,3,Locker and PUDO,4,"Multiple companies, multiple services",5.79,1,High,False
valencia,VAL_LOC_000103,39.46221975511138,-0.3314543872585992,2,1,Correos,"C. Dr. Juan José Dómine, 13",Correos Valencia Suc 6. Puerto,True,True,False,False,False,False,False,False,3,Locker and PUDO,2,"Same company, multiple records",0.0,1,High,False
valencia,VAL_LOC_000104,39.46761031087426,-0.3768970377143659,1,1,Correos,"C. Xátiva, s/n",Estacion De Metro Xativa,True,False,False,False,False,False,False,False,1,Locker only,1,Single record,0.0,1,High,False
valencia,VAL_LOC_000105,39.45705787252258,-0.34714342057389946,4,2,Amazon | Correos,"C/ del Pintor Maella, 37",Citypaq Lockerss-Correos València Suc 22. El Corte | Correos - València Suc 22. El Corte Inglés Av. Fra | Correos Valencia Suc 22. El Corte Inglã‰S Av. Francia,True,True,False,False,False,False,True,False,3,Locker and PUDO,4,"Multiple companies, multiple services",7.23,1,High,False
valencia,VAL_LOC_000106,39.48833016791059,-0.39135458086184033,3,2,Amazon | Correos,"Av. del General Avilés, 8",Correos - València Suc 10. Benicalap | Correos Valencia Suc 10. Benicalap,True,True,False,False,False,False,True,False,3,Locker and PUDO,4,"Multiple companies, multiple services",13.82,1,High,False
valencia,VAL_LOC_000107,39.47858149577945,-0.3416040955385684,1,1,Correos,"Av. de los Naranjos, S/N",Uv Facultad Economia,True,False,False,False,False,False,False,False,1,Locker only,1,Single record,0.0,1,High,False
valencia,VAL_LOC_000108,39.47997327014948,-0.3361021243858664,1,1,Correos,"Cmo. de Vera, s/n",Upv Casa Del Alumno,True,False,False,False,False,False,False,False,1,Locker only,1,Single record,0.0,1,High,False
valencia,VAL_LOC_000109,39.48995046020082,-0.3604549257557267,1,1,Correos,"C/ Emilio Baró, 69",Galp,True,False,False,False,False,False,False,False,1,Locker only,1,Single record,0.0,1,High,False
valencia,VAL_LOC_000110,39.46216982949079,-0.3661965701313084,1,1,Correos,"Calle de Matías Perelló, 46",Supermercados Consum,True,False,False,False,False,False,False,False,1,Locker only,1,Single record,0.0,1,High,False
valencia,VAL_LOC_000111,39.48752329175377,-0.3622390626191476,1,1,Correos,"C. de Dolores Marqués, s/n, Benimaclet",Supermercados Consum,True,False,False,False,False,False,False,False,1,Locker only,1,Single record,0.0,1,High,False
valencia,VAL_LOC_000112,39.46273897013709,-0.3996340441189897,1,1,Correos,"C. Virgen de la Cabeza, 63",Supermercados Consum,True,False,False,False,False,False,False,False,1,Locker only,1,Single record,0.0,1,High,False
valencia,VAL_LOC_000113,39.47341814981255,-0.3867335157129375,1,1,Correos,"Gran Vía de Fernando el Católico, 52-54",Supermercados Consum,True,False,False,False,False,False,False,False,1,Locker only,1,Single record,0.0,1,High,False
valencia,VAL_LOC_000114,39.47134827045046,-0.39999706450101,1,1,Correos,"C/ de Lluís Lamarca, 7, L'Olivereta",Consum LluãS Lamarca,True,False,False,False,False,False,False,False,1,Locker only,1,Single record,0.0,1,High,False
valencia,VAL_LOC_000115,39.45094275820016,-0.3722702652940619,1,1,Correos,"C. na Rovella, 4",Supermercados Consum,True,False,False,False,False,False,False,False,1,Locker only,1,Single record,0.0,1,High,False
valencia,VAL_LOC_000116,39.49625055176592,-0.388874069027784,1,1,Correos,Av. Levante Ud S/N,Supermercados Consum,True,False,False,False,False,False,False,False,1,Locker only,1,Single record,0.0,1,High,False
valencia,VAL_LOC_000117,39.462242250119616,-0.3881667989570933,1,1,Correos,"C/ de Jesús, 98",Supermercados Consum,True,False,False,False,False,False,False,False,1,Locker only,1,Single record,0.0,1,High,False
valencia,VAL_LOC_000118,39.4637948124916,-0.3821590036792012,1,1,Correos,"C. San Vicente Mártir, 136",Supermercados Consum,True,False,False,False,False,False,False,False,1,Locker only,1,Single record,0.0,1,High,False
valencia,VAL_LOC_000119,39.479866159309154,-0.3964248349570103,1,1,Correos,"C. Castielfabib, 22",Supermercados Consum,True,False,False,False,False,False,False,False,1,Locker only,1,Single record,0.0,1,High,False
valencia,VAL_LOC_000120,39.45302783489348,-0.3918299393243266,1,1,Correos,"C. Almacera, 8",Supermercados Consum,True,False,False,False,False,False,False,False,1,Locker only,1,Single record,0.0,1,High,False
valencia,VAL_LOC_000121,39.45373609621317,-0.3461698004126121,1,1,Correos,"C. San Vicente Mártir, 7",Correos Valencia Suc 7. San Vicente,True,False,False,False,False,False,False,False,1,Locker only,1,Single record,0.0,1,High,False
valencia,VAL_LOC_000122,39.48403884755583,-0.36242180723733486,3,2,Amazon | Correos,"Av. Primado Reig, 129 | C. de Eduardo Primo Yúfera, 1",Citypaq Lockerss-Correos València Suc 12. Benimacle | Correos - València Suc 12. Benimaclet | Oceanografic De Valencia,True,False,False,False,False,False,True,False,7,Multiple services,4,"Multiple companies, multiple services",1.28,1,High,False
valencia,VAL_LOC_000123,39.45417570876217,-0.389931655009256,1,1,Correos,"Av. Primado Reig, 129",Correos Valencia Suc 12. Benimaclet,True,False,False,False,False,False,False,False,1,Locker only,1,Single record,0.0,1,High,False
valencia,VAL_LOC_000124,39.4542168034307,-0.3899741465240053,1,1,Correos,"C/ de Jerónima Galés, 20",Correos Valencia Suc 2. Patraix,True,False,False,False,False,False,False,False,1,Locker only,1,Single record,0.0,1,High,False
valencia,VAL_LOC_000125,39.47275696663776,-0.3794055878932159,1,1,Amazon,"Av. de l'Oest, 19, Ciutat Vella",Lockers Heranz,True,False,False,False,False,False,False,False,1,Locker only,1,Single record,0.0,1,High,False
valencia,VAL_LOC_000126,39.47051365579005,-0.3793715336407516,1,1,Amazon,"Av. del Oeste, 43",El Móvil Store,False,False,False,False,False,False,True,False,5,Convenience Store only,1,Single record,0.0,1,High,False
valencia,VAL_LOC_000127,39.47131086044184,-0.3790943777566542,1,1,Amazon,"Carrer de les Garrigues, 8",Iris Full Color,False,False,False,False,False,False,True,False,5,Convenience Store only,1,Single record,0.0,1,High,False
valencia,VAL_LOC_000128,39.4725189940774,-0.37935066115168226,2,2,Amazon | SEUR,"C. de la Linterna, 28",Herrajes Serra | Seur - Herrajes Serra,False,False,False,False,False,False,True,False,5,Convenience Store only,3,"Multiple companies, single service",13.27,1,High,False
valencia,VAL_LOC_000129,39.474844600410485,-0.37904823708428004,3,3,Amazon | Nacex | UPS,"Pl. del Mercado, 25",Estanco De La Lonja | Estanco Lonja | Estanco No 48 Valencia (4604-28),False,False,False,False,False,False,True,False,5,Convenience Store only,3,"Multiple companies, single service",11.24,1,High,False
valencia,VAL_LOC_000130,39.474152983861416,-0.3813183500742215,1,1,Amazon,"C/ Carniceros, 2",Seur - Kiosko Carrusel,False,False,False,False,False,False,True,False,5,Convenience Store only,1,Single record,0.0,1,High,False
valencia,VAL_LOC_000131,39.472817797843256,-0.3831757048038245,1,1,Amazon,"Carrer de Guillem Sorolla, 36",Seur - Seur Tipsa Plaza La Reina,False,False,False,False,False,False,True,False,5,Convenience Store only,1,Single record,0.0,1,High,False
valencia,VAL_LOC_000132,39.468469048424026,-0.3745934370635651,1,1,Amazon,"Carrer de Martínez Cubells, 5",Lockers Petróleo,True,False,False,False,False,False,False,False,1,Locker only,1,Single record,0.0,1,High,False
valencia,VAL_LOC_000133,39.46960988841464,-0.3753758230706467,2,1,Amazon,"Pl. del Ayuntamiento, 24",Citypaq Lockerss-Correos València Op | Correos - València Op,True,False,False,False,False,False,True,False,7,Multiple services,2,"Same company, multiple records",0.0,1,High,False
valencia,VAL_LOC_000134,39.474100707278886,-0.3716276624509042,1,1,Amazon,"C. del Gobernador Viejo, 4",Estanco Gobernador Viejo,False,False,False,False,False,False,True,False,5,Convenience Store only,1,Single record,0.0,1,High,False
valencia,VAL_LOC_000135,39.4780264006117,-0.3802511937022288,2,2,Amazon | SEUR,"Plaça de Mossén Sorell, 11",Merceria Ladelana | Seur - Merceria Ladelana,False,False,False,False,False,False,True,False,5,Convenience Store only,3,"Multiple companies, single service",5.84,1,High,False
valencia,VAL_LOC_000136,39.47023352877692,-0.3707007296418624,1,1,Amazon,"Carrer de Colón, 60, L'Eixample",Lockers Maradiaga,True,False,False,False,False,False,False,False,1,Locker only,1,Single record,0.0,1,High,False
valencia,VAL_LOC_000137,39.468129043109386,-0.37262123938328906,3,3,Amazon | Ctt Express | UPS,"C. de Pizarro, 8",The Salon By Cristina Aguera | The Salon By Cristina Agüera,False,False,False,False,False,False,True,False,5,Convenience Store only,3,"Multiple companies, single service",5.85,1,High,False
valencia,VAL_LOC_000138,39.468405108375066,-0.3753808407220454,1,1,Amazon,"P.o de Ruzafa, 14",Uala Accesorios,False,False,False,False,False,False,True,False,5,Convenience Store only,1,Single record,0.0,1,High,False
valencia,VAL_LOC_000139,39.46414588125951,-0.37001967196776253,2,2,Amazon | Ctt Express,"Av. del Reino de Valencia, 34",Patel Fruta Y Verdura,False,False,False,False,False,False,True,False,5,Convenience Store only,3,"Multiple companies, single service",9.62,1,High,False
valencia,VAL_LOC_000140,40.44461476129101,-0.368444833308676,1,1,Amazon,"C. de Joaquín Costa, 37",Nickname Store,False,False,False,False,False,False,True,False,5,Convenience Store only,1,Single record,0.0,1,High,False
valencia,VAL_LOC_000141,40.44436179791772,-0.368393150625944,2,1,Amazon,"C. de Joaquín Costa, 39",Citypaq Lockerss-Correos València Suc 9. Joaquin Co | Correos - València Suc 9. Joaquin Costa,True,False,False,False,False,False,True,False,7,Multiple services,2,"Same company, multiple records",0.0,1,High,False
valencia,VAL_LOC_000142,39.463754935917095,-0.3707043261626431,1,1,Amazon,"C. del Pintor Salvador Abril, 18",Kiosko Angeles,False,False,False,False,False,False,True,False,5,Convenience Store only,1,Single record,0.0,1,High,False
valencia,VAL_LOC_000143,39.46444324104525,-0.3660956671548424,3,3,Amazon | Gls | SEUR,"C. Joaquín Costa, 46",Karpet Papeleria Tecnica | Ps Karpet Papeleria Tecnica | Seur - Karpet Papeleria Tecnica,False,False,False,False,False,False,True,False,5,Convenience Store only,3,"Multiple companies, single service",5.78,1,High,False
valencia,VAL_LOC_000144,39.461783053722904,-0.36758080841125773,2,2,Amazon | SEUR,"Calle de Matías Perelló, 27",Seur - Texto Graf | Texto Graf,False,False,False,False,False,False,True,False,5,Convenience Store only,3,"Multiple companies, single service",8.06,1,High,False
valencia,VAL_LOC_000145,39.46508849807282,-0.3634071446984216,1,1,Amazon,"C. de Salamanca, 42",Libreria Salamanca,False,False,False,False,False,False,True,False,5,Convenience Store only,1,Single record,0.0,1,High,False
valencia,VAL_LOC_000146,39.45958934604073,-0.3668193010051411,3,2,Amazon | SEUR,"C. de Luis Oliag, 25",Estanco Garna | Estanco Garna Valencia 13 | Seur - Estanco Garna Valencia 13,False,False,False,False,False,False,True,False,5,Convenience Store only,3,"Multiple companies, single service",6.22,1,High,False
valencia,VAL_LOC_000147,39.462967683126365,-0.3713048898288836,4,3,Amazon | SEUR | UPS,"C. del Consulat del Mar, 5",1x2 Mercat Russafa | Fnx-1x2 Mercat Russafa | Soluciones Moviles Roii | Soluciones Móviles,False,False,False,False,False,False,True,False,5,Convenience Store only,3,"Multiple companies, single service",11.37,1,High,False
valencia,VAL_LOC_000148,39.46124947574316,-0.3712430853111239,1,1,Amazon,"Carrer dels Sornells, 12",Correos - València Suc 4. Ruzafa,False,False,False,False,False,False,True,False,5,Convenience Store only,1,Single record,0.0,1,High,False
valencia,VAL_LOC_000149,39.4564373341664,-0.3721672263166907,1,1,Amazon,"Avinguda del Doctor Waksman, 31",Lockers Achig,True,False,False,False,False,False,False,False,1,Locker only,1,Single record,0.0,1,High,False
valencia,VAL_LOC_000150,39.456596670940655,-0.3718440491031731,2,2,Amazon | SEUR,"Ctra. de la Fuente de San Luis, 34",Global Tec,False,False,False,False,False,False,True,False,5,Convenience Store only,3,"Multiple companies, single service",6.63,1,High,False
valencia,VAL_LOC_000151,39.46314124081307,-0.3713436500978351,1,1,Amazon,"C. del Consulat del Mar, 5",Soluciones Móviles,False,False,False,False,False,False,True,False,5,Convenience Store only,1,Single record,0.0,1,High,False
valencia,VAL_LOC_000152,39.45986695935456,-0.3868210469635125,1,1,Amazon,"C/ de Jeroni Munyós, s/n, Jesús",Lockers - Equipo,True,False,False,False,False,False,False,False,1,Locker only,1,Single record,0.0,1,High,False
valencia,VAL_LOC_000153,39.46315133123412,-0.3792641468336018,1,1,Amazon,"Gran Vía de Ramón y Cajal, C/ de Bailèn",Lockers - Aliende,True,False,False,False,False,False,False,False,1,Locker only,1,Single record,0.0,1,High,False
valencia,VAL_LOC_000154,39.46282957199021,-0.3893464297208002,1,1,Amazon,"C/ de Conca, 85, Patraix",Lockers - Playan,True,False,False,False,False,False,False,False,1,Locker only,1,Single record,0.0,1,High,False
valencia,VAL_LOC_000155,39.46032252850157,-0.3867724163754866,1,1,Amazon,"Carrer de Carcaixent, 12",Mariaca-Capritxos,False,False,False,False,False,False,True,False,5,Convenience Store only,1,Single record,0.0,1,High,False
valencia,VAL_LOC_000156,39.459062349777106,-0.38852235485294456,2,2,Amazon | Ctt Express,"Av. de Gaspar Aguilar, 9",Locutorio Pack Latino,False,False,False,False,False,False,True,False,5,Convenience Store only,3,"Multiple companies, single service",5.55,1,High,False
valencia,VAL_LOC_000157,39.4593089223084,-0.3828097246683444,1,1,Amazon,"C. San Vicente Mártir, 175",Correos - València Suc 7. San Vicente,False,False,False,False,False,False,True,False,5,Convenience Store only,1,Single record,0.0,1,High,False
valencia,VAL_LOC_000158,39.45874022842349,-0.388749500840842,1,1,Amazon,"Av. de Gaspar Aguilar, 13",Frutería Internacional,False,False,False,False,False,False,True,False,5,Convenience Store only,1,Single record,0.0,1,High,False
valencia,VAL_LOC_000159,39.45767621791904,-0.386599314724078,1,1,Amazon,"C. Uruguay, 31",Bazar Estrella,False,False,False,False,False,False,True,False,5,Convenience Store only,1,Single record,0.0,1,High,False
valencia,VAL_LOC_000160,39.462276353990454,-0.38481971954598143,3,3,Amazon | SEUR | UPS,"C. de Albacete, 37",Ferreteria Ferro Total | Ferreteria Ferrototal | Seur - Ferreteria Ferrototal,False,False,False,False,False,False,True,False,5,Convenience Store only,3,"Multiple companies, single service",16.87,2,Medium,False
valencia,VAL_LOC_000161,39.47342320824859,-0.391289312456577,1,1,Amazon,"C/ de Joan Llorenç, 10, Extramurs",Lockers - Herbosa,True,False,False,False,False,False,False,False,1,Locker only,1,Single record,0.0,1,High,False
valencia,VAL_LOC_000162,39.472112682848675,-0.38685559663805347,4,3,Amazon | Celeritas | Ctt Express,"C. de Calixto III, 1",Expendeduria 156 | Expendeduría De Tabacos Valencia 156 | Lockers - Cobo,True,False,False,False,False,False,True,False,7,Multiple services,4,"Multiple companies, multiple services",29.14,2,Medium,False
valencia,VAL_LOC_000163,39.471545739612154,-0.38827933264177983,2,2,Amazon | Ctt Express,"C. de Calixto III, 19",88 Gafas,False,False,False,False,False,False,True,False,5,Convenience Store only,3,"Multiple companies, single service",13.57,1,High,False
valencia,VAL_LOC_000164,39.47252150888956,-0.38595691125520337,4,4,Amazon | Celeritas | Ctt Express | Dhl,"Calle GRAN VIA FERNANDO EL CATOLICO, 34 | Gran Vía de Fernando el Católico, 34",Candy | Candy 46007,False,False,False,False,False,False,True,False,5,Convenience Store only,3,"Multiple companies, single service",16.57,2,Medium,False
valencia,VAL_LOC_000165,39.470657238903726,-0.3874400568109017,1,1,Amazon,"C. Erudito Orellana, 13",Kiosko Lima Limon,False,False,False,False,False,False,True,False,5,Convenience Store only,1,Single record,0.0,1,High,False
valencia,VAL_LOC_000166,39.467629662451365,-0.3885774338663401,1,1,Amazon,"Carrer del Pintor Navarro Llorens, S/n, Extramurs",Lockers - Mitad,True,False,False,False,False,False,False,False,1,Locker only,1,Single record,0.0,1,High,False
valencia,VAL_LOC_000167,39.47428100916995,-0.388478121103926,1,1,Amazon,"C. de San Ignacio de Loyola, 3",Quiosc,False,False,False,False,False,False,True,False,5,Convenience Store only,1,Single record,0.0,1,High,False
valencia,VAL_LOC_000168,39.47367715046855,-0.3867777311708295,1,1,Amazon,"Gran Vía de Fernando el Católico, 56",Kalinopa,False,False,False,False,False,False,True,False,5,Convenience Store only,1,Single record,0.0,1,High,False
valencia,VAL_LOC_000169,39.47072434999677,-0.3888532591116549,2,2,Amazon | SEUR,"C. de Juan Llorens, 55",Estanco Juan Lorrens 55 | Seur - Estanco Juan Lorrens 55,False,False,False,False,False,False,True,False,5,Convenience Store only,3,"Multiple companies, single service",12.15,1,High,False
valencia,VAL_LOC_000170,39.46810455327177,-0.389228597861896,1,1,Amazon,"Carrer D'Alberic, 31",Kiosco Abastos,False,False,False,False,False,False,True,False,5,Convenience Store only,1,Single record,0.0,1,High,False
valencia,VAL_LOC_000171,39.47419924673858,-0.3928963822970692,2,2,Amazon | SEUR,"Carrer de González Martí, 7",Hiperpapeleria San Jose | Seur - Hiperpapeleria San Jose,False,False,False,False,False,False,True,False,5,Convenience Store only,3,"Multiple companies, single service",7.17,1,High,False
valencia,VAL_LOC_000172,39.47167861196258,-0.3891964636910255,1,1,Amazon,"C. de Calixto III, 16",Asim Fruta Y Alimentacion,False,False,False,False,False,False,True,False,5,Convenience Store only,1,Single record,0.0,1,High,False
valencia,VAL_LOC_000173,39.48416241673,-0.380842338160903,1,1,Amazon,"C. del Dr. Olóriz, 7",Magatef Sl,False,False,False,False,False,False,True,False,5,Convenience Store only,1,Single record,0.0,1,High,False
valencia,VAL_LOC_000174,39.48379670178231,-0.3823398696307504,1,1,Amazon,"Av. de Burjassot, 18",El Trebol Del Turia,False,False,False,False,False,False,True,False,5,Convenience Store only,1,Single record,0.0,1,High,False
valencia,VAL_LOC_000175,39.48121313249212,-0.3876618972810423,1,1,Amazon,"ALSA Estacion de Autobuses Valencia, Avda. Menendez Pidal, 13",Lockers - Elhassani,True,False,False,False,False,False,False,False,1,Locker only,1,Single record,0.0,1,High,False
valencia,VAL_LOC_000176,39.4842266961368,-0.3832559554544407,1,1,Amazon,"Av. de Burjassot, 28",Jns Mobile World,False,False,False,False,False,False,True,False,5,Convenience Store only,1,Single record,0.0,1,High,False
valencia,VAL_LOC_000177,39.48049139637899,-0.3875802290099369,1,1,Amazon,"Av. de Menéndez Pidal, 15",Correos - València Suc 14. El Corte Inglés Nuevo C,False,False,False,False,False,False,True,False,5,Convenience Store only,1,Single record,0.0,1,High,False
valencia,VAL_LOC_000178,39.48555342459955,-0.3859295846891324,1,1,Amazon,"Av. de Burjassot, 41",Bazar Burjasot,False,False,False,False,False,False,True,False,5,Convenience Store only,1,Single record,0.0,1,High,False
valencia,VAL_LOC_000179,39.48393423745294,-0.3836918722178106,1,1,Amazon,"C/ de Gregorio Gea, 1",Kiosco Los Juniors,False,False,False,False,False,False,True,False,5,Convenience Store only,1,Single record,0.0,1,High,False
valencia,VAL_LOC_000180,39.49335765452633,-0.37268487924177157,3,2,Amazon | Ctt Express,"C. Baeza, 1",La Bodeguita Latina Express,False,False,False,False,False,False,True,False,5,Convenience Store only,3,"Multiple companies, single service",14.78,1,High,False
valencia,VAL_LOC_000181,39.48349797513753,-0.3751324019632567,1,1,Amazon,"C. de Sagunto, 25",Microchip Informatica Y Moviles I,False,False,False,False,False,False,True,False,5,Convenience Store only,1,Single record,0.0,1,High,False
valencia,VAL_LOC_000182,39.47373761063185,-0.3914103186078668,1,1,Amazon,"C. de Juan Llorens, 10",Lockers - Herbosa,True,False,False,False,False,False,False,False,1,Locker only,1,Single record,0.0,1,High,False
valencia,VAL_LOC_000183,39.48394896737462,-0.3781419941179617,1,1,Amazon,"C. de Lérida, 33",Bazarfulitu,False,False,False,False,False,False,True,False,5,Convenience Store only,1,Single record,0.0,1,High,False
valencia,VAL_LOC_000184,39.48780699513174,-0.3869703843508789,1,1,Amazon,"C. San Pancracio, 10",Locutorio Dalcon,False,False,False,False,False,False,True,False,5,Convenience Store only,1,Single record,0.0,1,High,False
valencia,VAL_LOC_000185,39.490549339788224,-0.3754325985890037,2,1,Amazon,"Av. de la Constitución, 111",Citypaq Lockerss-Correos València Suc 5. La Saïdia | Correos - València Suc 5. La Saïdia,True,False,False,False,False,False,True,False,7,Multiple services,2,"Same company, multiple records",0.0,1,High,False
valencia,VAL_LOC_000186,39.476694175655,-0.36220390291701526,4,3,Amazon | SEUR | UPS,"C. Artes Gráficas, 14",Libreria Tirant Lo Blanch Artes Gra | Llibr. Tirant Lo Blanch | Seur - Llibr. Tirant Lo Blanch | Seur Lockers Pcbox Valenci,True,False,False,False,False,False,True,False,7,Multiple services,4,"Multiple companies, multiple services",14.8,1,High,False
valencia,VAL_LOC_000187,39.480555595196456,-0.3623880623329713,1,1,Amazon,"Plaça Professor, Pl. Prof. Tamarit Olmos, 15",Estanco Clinico,False,False,False,False,False,False,True,False,5,Convenience Store only,1,Single record,0.0,1,High,False
valencia,VAL_LOC_000188,39.48318105707553,-0.3630551680227338,1,1,Amazon,"C/ del Bachiller, 10",Numi Mascotas,False,False,False,False,False,False,True,False,5,Convenience Store only,1,Single record,0.0,1,High,False
valencia,VAL_LOC_000189,39.48131073062,-0.3607624035793588,1,1,Amazon,"C. de Álvaro de Bazán, 23",Papeleria Harcor,False,False,False,False,False,False,True,False,5,Convenience Store only,1,Single record,0.0,1,High,False
valencia,VAL_LOC_000190,39.482536361208204,-0.3713938195125589,4,4,Amazon | Celeritas | Ctt Express | UPS,"C. Pintor Vilar, 1",Fnx-Loterias La Trinitat | Loterias La Trinitat,False,False,False,False,False,False,True,False,5,Convenience Store only,3,"Multiple companies, single service",4.12,1,High,False
valencia,VAL_LOC_000191,39.47530321391207,-0.36354751154869014,2,2,Amazon | Ctt Express,"C. de Don Armando Palacio Valdes, 13",Movil Center,False,False,False,False,False,False,True,False,5,Convenience Store only,3,"Multiple companies, single service",3.44,1,High,False
valencia,VAL_LOC_000192,39.47263115941094,-0.3278650681688514,1,1,Amazon,"C. del Dr. Lluch, 251",Correos - València Suc 1. Cabañal,False,False,False,False,False,False,True,False,5,Convenience Store only,1,Single record,0.0,1,High,False
valencia,VAL_LOC_000193,39.46465681083377,-0.3355338535789134,1,1,Amazon,"C. de la Serrería, 14",Lockers - Avellana,True,False,False,False,False,False,False,False,1,Locker only,1,Single record,0.0,1,High,False
valencia,VAL_LOC_000194,39.46571680314408,-0.3298519266855985,1,1,Amazon,"C/ de la Barraca, 49",Kiosco Aquí,False,False,False,False,False,False,True,False,5,Convenience Store only,1,Single record,0.0,1,High,False
valencia,VAL_LOC_000195,39.46751532647195,-0.3289858590731283,1,1,Amazon,"C/ de la Reina, 77",Amazon Convenience stores - The Phone Shop,False,False,False,False,False,False,True,False,5,Convenience Store only,1,Single record,0.0,1,High,False
valencia,VAL_LOC_000196,39.47182773193878,-0.3338796296531097,1,1,Amazon,"C/ de Felip de Gauna, 3",Bazar Barato,False,False,False,False,False,False,True,False,5,Convenience Store only,1,Single record,0.0,1,High,False
valencia,VAL_LOC_000197,39.47707021910217,-0.3281610959325483,1,1,Amazon,"C. del Río Tajo, 34",Frutas Tajo 34,False,False,False,False,False,False,True,False,5,Convenience Store only,1,Single record,0.0,1,High,False
valencia,VAL_LOC_000198,39.47407422755264,-0.32805427450054014,2,2,Amazon | Ctt Express,"C/ de la Reina, 265",Locutorio La Reina.,False,False,False,False,False,False,True,False,5,Convenience Store only,3,"Multiple companies, single service",5.24,1,High,False
valencia,VAL_LOC_000199,39.4623689194173,-0.3313513531076754,2,1,Amazon,"C. Dr. Juan José Dómine, 13",Citypaq Lockerss-Correos València Suc 6. Puerto | Correos - València Suc 6. Puerto,True,False,False,False,False,False,True,False,7,Multiple services,2,"Same company, multiple records",0.0,1,High,False
valencia,VAL_LOC_000200,39.39310662633599,-0.330733735467362,1,1,Amazon,"Carrera del Riu, 513",E.S. Dehesa,False,False,False,False,False,False,True,False,5,Convenience Store only,1,Single record,0.0,1,High,False
valencia,VAL_LOC_000201,39.38312730727363,-0.3325871058751362,1,1,Amazon,"Av. los Pinares, 14",Seur - Estanco El Saler,False,False,False,False,False,False,True,False,5,Convenience Store only,1,Single record,0.0,1,High,False
valencia,VAL_LOC_000202,39.39353777818218,-0.3308624653528065,1,1,Amazon,"Carrera del Riu, 511",Cristaleria Soler,False,False,False,False,False,False,True,False,5,Convenience Store only,1,Single record,0.0,1,High,False
valencia,VAL_LOC_000203,39.4208063175379,-0.340043330886838,1,1,Amazon,"Carrera del Riu, 317",E.S. Pinedo,False,False,False,False,False,False,True,False,5,Convenience Store only,1,Single record,0.0,1,High,False
valencia,VAL_LOC_000204,39.4366557158627,-0.3506829880454272,1,1,Amazon,"Carrera de la Font d'en Corts, 231",Lockers - Grigoras,True,False,False,False,False,False,False,False,1,Locker only,1,Single record,0.0,1,High,False
valencia,VAL_LOC_000205,39.445881984006725,-0.3682216516525919,1,1,Amazon,"Av. d'Ausiàs March, 99, Quatre Carreres",Lockers - Prudencio,True,False,False,False,False,False,False,False,1,Locker only,1,Single record,0.0,1,High,False
valencia,VAL_LOC_000206,39.45383622545942,-0.3588361558377775,1,1,Amazon,"Cl Antonio Sacramento Escultor, 7-9",Correos - Valéncia Suc 18. La Font De Sant Lluis,False,False,False,False,False,False,True,False,5,Convenience Store only,1,Single record,0.0,1,High,False
valencia,VAL_LOC_000207,39.45922810286757,-0.3717648543049757,1,1,Amazon,"C. de Cádiz, 98",Lockers - Fermin,True,False,False,False,False,False,False,False,1,Locker only,1,Single record,0.0,1,High,False
valencia,VAL_LOC_000208,39.45286093872912,-0.3542794296198256,1,1,Amazon,Autovia De El Saler 16,Lockers - Isabel,True,False,False,False,False,False,False,False,1,Locker only,1,Single record,0.0,1,High,False
valencia,VAL_LOC_000209,39.45647149963597,-0.405205913828603,1,1,Amazon,"Archiduque Carlos, Cl. Pedrapiquers, 9",Lockers - Stephanotis,True,False,False,False,False,False,False,False,1,Locker only,1,Single record,0.0,1,High,False
valencia,VAL_LOC_000210,39.45412318393608,-0.4035023885277023,1,1,Amazon,"C. del Dr. Rafael Bartual, 25",Estanco 190 Valencia,False,False,False,False,False,False,True,False,5,Convenience Store only,1,Single record,0.0,1,High,False
valencia,VAL_LOC_000211,39.455374807064345,-0.40532258515657205,2,1,Amazon,"C. José Andreu Alabarta, 1",Seur - Supermarket Marianita | Supermarket Marianita,False,False,False,False,False,False,True,False,5,Convenience Store only,2,"Same company, multiple records",13.03,1,High,False
valencia,VAL_LOC_000212,39.45552889175257,-0.4041493120796223,2,2,Amazon | Dhl,"C. Arquitecto Segura de Lago, 8",Amazon Convenience stores - Kiosko Honduras | Kiosko Honduras I,False,False,False,False,False,False,True,False,5,Convenience Store only,3,"Multiple companies, single service",8.22,1,High,False
valencia,VAL_LOC_000213,39.457166691034814,-0.4042893882204077,1,1,Amazon,"Carrer dels Coeters, 14, Patraix",Lockers - Alfonseca,True,False,False,False,False,False,False,False,1,Locker only,1,Single record,0.0,1,High,False
valencia,VAL_LOC_000214,39.46325876771295,-0.4065426251817878,1,1,Amazon,"C/ dels Traginers, 2, Patraix",Lockers - Croquetas,True,False,False,False,False,False,False,False,1,Locker only,1,Single record,0.0,1,High,False
valencia,VAL_LOC_000215,39.4564944588543,-0.4033780452058582,1,1,Amazon,"C. Nicolau Primitiu Gómez Serrano, 4",Correos - València Suc 3. Vara De Quart,False,False,False,False,False,False,True,False,5,Convenience Store only,1,Single record,0.0,1,High,False
valencia,VAL_LOC_000216,39.45807004719759,-0.39974759132968585,2,2,Amazon | Ctt Express,"Pl. de Benimarfull, 3",Kiosco Rico Rico,False,False,False,False,False,False,True,False,5,Convenience Store only,3,"Multiple companies, single service",4.59,1,High,False
valencia,VAL_LOC_000217,39.45854619713506,-0.40114669902558,1,1,Amazon,"Carrer Ciutat de Carlet, 7",Comercio Siete Mj Sanchez,False,False,False,False,False,False,True,False,5,Convenience Store only,1,Single record,0.0,1,High,False
valencia,VAL_LOC_000218,39.45218513883052,-0.4021714112849679,1,1,Amazon,"C. Arquitecto Segura de Lago, 46",World Markering Iluzion,False,False,False,False,False,False,True,False,5,Convenience Store only,1,Single record,0.0,1,High,False
valencia,VAL_LOC_000219,39.46107419193915,-0.39910064929371936,4,4,Amazon | Ctt Express | Nacex | UPS,"C. del Archiduque Carlos, 111",Fnx-Kiosko De La Suerte Mc Yanguez | Kiosco M.C. Yanguez | Kiosco Mc Yanguez | Kiosko De La Suerte (4604-49),False,False,False,False,False,False,True,False,5,Convenience Store only,3,"Multiple companies, single service",18.44,2,Medium,False
valencia,VAL_LOC_000220,39.45309886109365,-0.40328341022045594,3,3,Amazon | Ctt Express | Nacex,"C. Mariano de Cavia, 29",Allinone Comunicaciones (4604-91) | Allinone San Isidro,False,False,False,False,False,False,True,False,5,Convenience Store only,3,"Multiple companies, single service",6.64,1,High,False
valencia,VAL_LOC_000221,39.463463181537485,-0.3992436564523363,1,1,Amazon,"C. Virgen de la Cabeza, 60",Droguería Paquetería Tarín,False,False,False,False,False,False,True,False,5,Convenience Store only,1,Single record,0.0,1,High,False
valencia,VAL_LOC_000222,39.48918971720033,-0.4050808653522951,1,1,Amazon,"Av. del Maestro Rodrigo, 78",Lockers - Lasierra,True,False,False,False,False,False,False,False,1,Locker only,1,Single record,0.0,1,High,False
valencia,VAL_LOC_000223,39.48212340349695,-0.4062934586360768,1,1,Amazon,Avda. General Aviles 92,Lockers - Arcilla,True,False,False,False,False,False,False,False,1,Locker only,1,Single record,0.0,1,High,False
valencia,VAL_LOC_000224,39.49248992613082,-0.4012183670127589,1,1,Amazon,"Avda Cortes Valencianas, 39",Lockers - Torre,True,False,False,False,False,False,False,False,1,Locker only,1,Single record,0.0,1,High,False
valencia,VAL_LOC_000225,39.492795450794496,-0.4034615574249229,1,1,Amazon,"C. Marina Alta, 6",Correos - València Suc 19. Beniferri,False,False,False,False,False,False,True,False,5,Convenience Store only,1,Single record,0.0,1,High,False
valencia,VAL_LOC_000226,39.47890775235937,-0.401214131863678,1,1,Amazon,Cl. Valle Ballestera 44,Lockers - Maiz,True,False,False,False,False,False,False,False,1,Locker only,1,Single record,0.0,1,High,False
valencia,VAL_LOC_000227,39.47925573812374,-0.3992004951173634,1,1,Amazon,"Calle Maestro Rodrigo, 31",Lockers - Guti,True,False,False,False,False,False,False,False,1,Locker only,1,Single record,0.0,1,High,False
valencia,VAL_LOC_000228,39.49051870576586,-0.4004847808162927,1,1,Amazon,"Av. de las Cortes Valencianas, 35",Lockers - Nervion,True,False,False,False,False,False,False,False,1,Locker only,1,Single record,0.0,1,High,False
valencia,VAL_LOC_000229,39.48374686917529,-0.40228814973719285,2,2,Amazon | Ctt Express,"Av. del Maestro Rodrigo, 85",Lucel Iluminacion,False,False,False,False,False,False,True,False,5,Convenience Store only,3,"Multiple companies, single service",4.81,1,High,False
valencia,VAL_LOC_000230,39.48489766724511,-0.3999726362155948,1,1,Amazon,"Calle Puerto de Sta. María, 3",Lockers - Berrraco,True,False,False,False,False,False,False,False,1,Locker only,1,Single record,0.0,1,High,False
valencia,VAL_LOC_000231,39.44878817112474,-0.3853741760574036,1,1,Amazon,"C. San Vicente Mártir, 297",Lockers - Charneco,True,False,False,False,False,False,False,False,1,Locker only,1,Single record,0.0,1,High,False
valencia,VAL_LOC_000232,39.44521672801338,-0.3909964326912097,1,1,Amazon,"C/ de San Marcelino, 22",Lockers - Inoriza,True,False,False,False,False,False,False,False,1,Locker only,1,Single record,0.0,1,High,False
valencia,VAL_LOC_000233,39.44991947004548,-0.3893584865387308,3,3,Amazon | Ctt Express | Pudo,"C/ dels Carters, 68",Estanc De Bonafé | Estanco De Bonafe | Estanco Expenduría Tabacos 159,False,False,True,False,False,False,True,False,7,Multiple services,4,"Multiple companies, multiple services",7.43,1,High,False
valencia,VAL_LOC_000234,39.454232210201425,-0.38971955844343276,3,3,Amazon | Celeritas | Ctt Express,"C/ de Jerónima Galés, 19",La Piñata,False,False,False,False,False,False,True,False,5,Convenience Store only,3,"Multiple companies, single service",15.77,2,Medium,False
valencia,VAL_LOC_000235,39.44928548924205,-0.3879444640237011,1,1,Amazon,"Pl. de Holanda, 7",Material Didáctico,False,False,False,False,False,False,True,False,5,Convenience Store only,1,Single record,0.0,1,High,False
valencia,VAL_LOC_000236,39.471896382701544,-0.3984475372670766,3,3,Amazon | Celeritas | Ctt Express,"C. Brasil, 45",Kiosco Roma | Kiosco Roma.,False,False,False,False,False,False,True,False,5,Convenience Store only,3,"Multiple companies, single service",20.28,2,Medium,False
valencia,VAL_LOC_000237,39.47373396999694,-0.40039420648961743,2,2,Amazon | UPS,"C/ de la Democracia, 50",Estanco 63 | Estanco Valencia 63,False,False,False,False,False,False,True,False,5,Convenience Store only,3,"Multiple companies, single service",3.32,1,High,False
valencia,VAL_LOC_000238,39.47067565688908,-0.3943422002621097,1,1,Amazon,"C. Cartagena, 11",Papeleria Cartagena,False,False,False,False,False,False,True,False,5,Convenience Store only,1,Single record,0.0,1,High,False
valencia,VAL_LOC_000239,39.46823229265189,-0.3934402613860556,2,1,Amazon,"Av. del Cid, 22",Citypaq Lockerss-Correos València Suc 8. Av Del Cid | Correos - València Suc 8. Av Del Cid,True,False,False,False,False,False,True,False,7,Multiple services,2,"Same company, multiple records",13.02,1,High,False
valencia,VAL_LOC_000240,39.47235844628303,-0.3992235182572831,1,1,Amazon,"C. Brasil, 36",Dulces Migajas Hn,False,False,False,False,False,False,True,False,5,Convenience Store only,1,Single record,0.0,1,High,False
valencia,VAL_LOC_000241,39.47296825301814,-0.4027828836991033,1,1,Amazon,"C/ de la Democracia, 75",Kiosco Vicmar Las Provincias,False,False,False,False,False,False,True,False,5,Convenience Store only,1,Single record,0.0,1,High,False
valencia,VAL_LOC_000242,39.47377194572395,-0.39721679597942255,2,2,Amazon | SEUR,"C. de Francisco Moreno Usedo, 4",Locutorio Dabakh Malick,False,False,False,False,False,False,True,False,5,Convenience Store only,3,"Multiple companies, single service",2.52,1,High,False
valencia,VAL_LOC_000243,39.469394904038055,-0.3992437095837844,2,2,Amazon | Dhl,"Carrer de Burgos, 2",El Mar | El Mar Locutorio,False,False,False,False,False,False,True,False,5,Convenience Store only,3,"Multiple companies, single service",1.84,1,High,False
valencia,VAL_LOC_000244,39.46948497752027,-0.40049093063122776,2,2,Amazon | SEUR,"Av. del Cid, 82",Tuss Carcasas,False,False,False,False,False,False,True,False,5,Convenience Store only,3,"Multiple companies, single service",7.59,1,High,False
valencia,VAL_LOC_000245,39.47099077262767,-0.3937362353295469,1,1,Amazon,"C. Cartagena, 5",Locutorio Khadim,False,False,False,False,False,False,True,False,5,Convenience Store only,1,Single record,0.0,1,High,False
valencia,VAL_LOC_000246,39.471044485756856,-0.39309488795847713,2,2,Amazon | SEUR,"Av. de Pérez Galdós, 105",Wilfer Envios | Wilfer Envíos,False,False,False,False,False,False,True,False,5,Convenience Store only,3,"Multiple companies, single service",7.43,1,High,False
valencia,VAL_LOC_000247,39.49531864757988,-0.37101011028183273,2,2,Amazon | UPS,"C. San Juan Bosco, 69",Fnx-Kiosko Mayte | Kiosco Mayte,False,False,False,False,False,False,True,False,5,Convenience Store only,3,"Multiple companies, single service",7.26,1,High,False
valencia,VAL_LOC_000248,39.49411805937687,-0.36992678016495145,2,2,Amazon | Ctt Express,"C/ del Duc de Mandas, 20",Cash Mid,False,False,False,False,False,False,True,False,5,Convenience Store only,3,"Multiple companies, single service",2.27,1,High,False
valencia,VAL_LOC_000249,39.495896697328455,-0.3705763147958665,1,1,Amazon,"C. San Juan Bosco, 77",Outlet Orriols,False,False,False,False,False,False,True,False,5,Convenience Store only,1,Single record,0.0,1,High,False
valencia,VAL_LOC_000250,39.49576655855252,-0.3706735695614766,1,1,Amazon,"C. San Juan Bosco, 73",Economy Bazar,False,False,False,False,False,False,True,False,5,Convenience Store only,1,Single record,0.0,1,High,False
valencia,VAL_LOC_000251,39.49782295445473,-0.3839967025258262,1,1,Amazon,"Cam. Viejo de Godella, 139",Lockers - Ursu,True,False,False,False,False,False,False,False,1,Locker only,1,Single record,0.0,1,High,False
valencia,VAL_LOC_000252,39.4955525327176,-0.3784821920082818,1,1,Amazon,"C/ d'Alcanyís, 36",Lockers - Alderete,True,False,False,False,False,False,False,False,1,Locker only,1,Single record,0.0,1,High,False
valencia,VAL_LOC_000253,39.49349943616908,-0.3709350907914239,1,1,Amazon,"C. Padre Viñas, 58",La Bodeguita Latina Expess,False,False,False,False,False,False,True,False,5,Convenience Store only,1,Single record,0.0,1,High,False
valencia,VAL_LOC_000254,39.4944382006223,-0.3779408834575601,1,1,Amazon,"C/ de Pedro Cabanes, 73",Techone Computers,False,False,False,False,False,False,True,False,5,Convenience Store only,1,Single record,0.0,1,High,False
valencia,VAL_LOC_000255,39.49460916218794,-0.37820336707861757,4,4,Amazon | Gls | SEUR | UPS,"C/ de Pedro Cabanes, 86 | PEDRO CABANES 86",Oulet Destino 19 | Outlet Destino 19 | Ps Outlet Destino 19 | Seur - Oulet Destino 19,False,False,False,False,False,False,True,False,5,Convenience Store only,3,"Multiple companies, single service",8.41,1,High,False
valencia,VAL_LOC_000256,39.48947233451577,-0.3603818078213465,1,1,Amazon,"C/ Emilio Baró, 69",Lockers - Eloy,True,False,False,False,False,False,False,False,1,Locker only,1,Single record,0.0,1,High,False
valencia,VAL_LOC_000257,39.48630623707752,-0.3564583205410704,1,1,Amazon,"C. de l'Arquitecte Arnau, 57",Seur - Papeleria Benipaper,False,False,False,False,False,False,True,False,5,Convenience Store only,1,Single record,0.0,1,High,False
valencia,VAL_LOC_000258,39.487689066866864,-0.3613498478129834,1,1,Amazon,"C. de Dolores Marqués, 50",Lockers - Puigbo,True,False,False,False,False,False,False,False,1,Locker only,1,Single record,0.0,1,High,False
valencia,VAL_LOC_000259,39.48762186069683,-0.3614893106715795,1,1,Amazon,"C. Torreta de Miramar, 1",Lockers - Burrell,True,False,False,False,False,False,False,False,1,Locker only,1,Single record,0.0,1,High,False
valencia,VAL_LOC_000260,39.48296049691889,-0.36066866684580984,2,2,Amazon | UPS,"Carrer de Cuenca Tramoyeres, 2",Fnx-Kiosko Rosa | Seur - Kiosko Rosa,False,False,False,False,False,False,True,False,5,Convenience Store only,3,"Multiple companies, single service",2.06,1,High,False
valencia,VAL_LOC_000261,39.48619923403608,-0.3614932556239534,2,2,Amazon | Ctt Express,"C. de la Virgen de los Desamparados, 25",Eurogiro Lare,False,False,False,False,False,False,True,False,5,Convenience Store only,3,"Multiple companies, single service",5.66,1,High,False
valencia,VAL_LOC_000262,39.48893958835066,-0.35960514226701146,3,3,Amazon | Nacex | UPS,"Av. de Valladolid, 28",Frutos Secos Oliguer | Frutos Secos Oliguer (4601-45),False,False,False,False,False,False,True,False,5,Convenience Store only,3,"Multiple companies, single service",3.11,1,High,False
valencia,VAL_LOC_000263,39.48712871174122,-0.3614104691956974,2,2,Amazon | Ctt Express,"C/ Emilio Baró, 45",Firdos Movil | Firdos Movil.,False,False,False,False,False,False,True,False,5,Convenience Store only,3,"Multiple companies, single service",5.44,1,High,False
valencia,VAL_LOC_000264,39.48565145707735,-0.36403875923255336,2,2,Amazon | Ctt Express,"C. del Dr. Vicente Zaragozá, 9",Muizz Copy House,False,False,False,False,False,False,True,False,5,Convenience Store only,3,"Multiple companies, single service",1.33,1,High,False
valencia,VAL_LOC_000265,39.4899708406306,-0.3574755691825372,1,1,Amazon,"C/ de Sant Columbà, 14",Seur - Mercado Del Libro Usado D,False,False,False,False,False,False,True,False,5,Convenience Store only,1,Single record,0.0,1,High,False
valencia,VAL_LOC_000266,39.4712090554096,-0.3568296790886824,1,1,Amazon,"C. Chile, 13",Lockers - Servicio,True,False,False,False,False,False,False,False,1,Locker only,1,Single record,0.0,1,High,False
valencia,VAL_LOC_000267,39.4767468317617,-0.3521613975095794,1,1,Amazon,"C/ del Clariano, 3",Lockers - Ferran,True,False,False,False,False,False,False,False,1,Locker only,1,Single record,0.0,1,High,False
valencia,VAL_LOC_000268,39.47446655030171,-0.3524500355324842,1,1,Amazon,"C. de l'Amistat, 1",Lenceria Gracia.,False,False,False,False,False,False,True,False,5,Convenience Store only,1,Single record,0.0,1,High,False
valencia,VAL_LOC_000269,39.47401591470189,-0.3534962103451357,1,1,Amazon,"Av. Cardenal Benlloch, 93",Mobile Valencia,False,False,False,False,False,False,True,False,5,Convenience Store only,1,Single record,0.0,1,High,False
valencia,VAL_LOC_000270,39.47333455178885,-0.3537605603955546,2,2,Amazon | SEUR,"Av. Cardenal Benlloch, 83",Bodaprix Fotografos | Seur - Bodaprix Fotografos,False,False,False,False,False,False,True,False,5,Convenience Store only,3,"Multiple companies, single service",9.68,1,High,False
valencia,VAL_LOC_000271,39.47681561325822,-0.3530007507995886,4,2,Amazon | UPS,"C. del Gorgos, 4",Fnx-Papeleria Paco | Full-Monalisa Locutorio | Lockers - Diestre | Monalisa Ii,True,False,False,False,False,False,True,False,7,Multiple services,4,"Multiple companies, multiple services",17.74,2,Medium,False
valencia,VAL_LOC_000272,39.4761803036639,-0.35329011271266064,3,3,Amazon | SEUR | UPS,"Avda. de Blasco Ibáñez, 39",Costa De Valencia Formacion E Idiom | Estanco 66 | Seur - Estanco 66,False,False,False,False,False,False,True,False,5,Convenience Store only,3,"Multiple companies, single service",5.79,1,High,False
valencia,VAL_LOC_000273,39.47406985163435,-0.3544688049609601,1,1,Amazon,"C/ de Polo y Peyrolón, 32",Bazar Catay,False,False,False,False,False,False,True,False,5,Convenience Store only,1,Single record,0.0,1,High,False
valencia,VAL_LOC_000274,39.4722077316213,-0.34830249608915836,6,6,Amazon | Celeritas | Ctt Express | Dhl | Nacex | UPS,"C. del Dr. Manuel Candela, 66",Amazon Convenience stores - Bellacor Telecomunicaciones | Bellacor Telecomunicaciones | Bellacor Telecomunicaciones (4605-28) | Bellacor Telecomunicaciones I,False,False,False,False,False,False,True,False,5,Convenience Store only,3,"Multiple companies, single service",18.35,2,Medium,False
valencia,VAL_LOC_000275,39.47063745663269,-0.349747788517734,1,1,Amazon,"C. de los Santos Justo y Pastor, 37",Seur - Estanco 224 La Salud,False,False,False,False,False,False,True,False,5,Convenience Store only,1,Single record,0.0,1,High,False
valencia,VAL_LOC_000276,39.473082884505416,-0.338171517330584,1,1,Amazon,"C. del Serpis, 90",Lockers - Altamirano,True,False,False,False,False,False,False,False,1,Locker only,1,Single record,0.0,1,High,False
valencia,VAL_LOC_000277,39.4718434396585,-0.3428762064316024,1,1,Amazon,"C. Músico Ginés, 31",Futurmovil,False,False,False,False,False,False,True,False,5,Convenience Store only,1,Single record,0.0,1,High,False
valencia,VAL_LOC_000278,39.47189268295412,-0.34176327244925725,3,2,Amazon | Gls,"Avda. de Blasco Ibáñez, 162 | Avda. de Blasco Ibáñez, 163",Interbox | Lockers - Peten | Ps Interbox,True,False,False,False,False,False,True,False,7,Multiple services,4,"Multiple companies, multiple services",11.38,1,High,False
valencia,VAL_LOC_000279,39.47843245388288,-0.341559835399855,1,1,Amazon,"Av. de los Naranjos, S/N",Citypaq Lockerss-Uv Facultad Economia,True,False,False,False,False,False,False,False,1,Locker only,1,Single record,0.0,1,High,False
valencia,VAL_LOC_000280,39.472591889386436,-0.3481135023219845,2,2,Amazon | Ctt Express,"C. del Explorador Andrés, 2",Alimentación M.K,False,False,False,False,False,False,True,False,5,Convenience Store only,3,"Multiple companies, single service",6.14,1,High,False
valencia,VAL_LOC_000281,39.46903742863133,-0.3470300650377562,1,1,Amazon,"C. los Leones, 48",Amazon Lockers - Arena,True,False,False,False,False,False,False,False,1,Locker only,1,Single record,0.0,1,High,False
valencia,VAL_LOC_000282,39.46833371777775,-0.3420375373776447,1,1,Amazon,"C. de los Santos Justo y Pastor, 111",Ayora Locutorio,False,False,False,False,False,False,True,False,5,Convenience Store only,1,Single record,0.0,1,High,False
valencia,VAL_LOC_000283,39.464657494082,-0.3358346356995185,1,1,Amazon,"C/ de la Serradora, 14",Lockers - Leoncia,True,False,False,False,False,False,False,False,1,Locker only,1,Single record,0.0,1,High,False
valencia,VAL_LOC_000284,39.4681859472287,-0.3408929810995075,1,1,Amazon,"C. la Fue, 12",Lockers - Aldekoa,True,False,False,False,False,False,False,False,1,Locker only,1,Single record,0.0,1,High,False
valencia,VAL_LOC_000285,39.46948385560077,-0.3398844686591548,1,1,Amazon,"C Ramón de Campoamor, 103",Papeleria Y Libreria Titelles,False,False,False,False,False,False,True,False,5,Convenience Store only,1,Single record,0.0,1,High,False
valencia,VAL_LOC_000286,39.46191575716392,-0.3484712927154228,3,3,Amazon | Celeritas | UPS,"C/ Vicente Beltrán Grimal, 17",Amazon Lockers - Debernardo | Estanco Valencia 2,True,False,False,False,False,False,True,False,7,Multiple services,4,"Multiple companies, multiple services",12.21,1,High,False
valencia,VAL_LOC_000287,39.4632588182848,-0.3548579850595735,1,1,Amazon,"Av. de Baleares, 18",Papeleria Baleares 18,False,False,False,False,False,False,True,False,5,Convenience Store only,1,Single record,0.0,1,High,False
valencia,VAL_LOC_000288,39.46217127984059,-0.34599166432334083,2,2,Amazon | Ctt Express,"C. de Higinio Noja, 23",Raheem Locutorio,False,False,False,False,False,False,True,False,5,Convenience Store only,3,"Multiple companies, single service",8.75,1,High,False
valencia,VAL_LOC_000289,39.458540437500126,-0.3474266741102961,1,1,Amazon,"C. de Higinio Noja, 61",Fix Valencia.,False,False,False,False,False,False,True,False,5,Convenience Store only,1,Single record,0.0,1,High,False
valencia,VAL_LOC_000290,39.46024019905334,-0.3517039785122774,1,1,Amazon,"Av. de Francia, 8",Lockers - Triadu,True,False,False,False,False,False,False,False,1,Locker only,1,Single record,0.0,1,High,False
valencia,VAL_LOC_000291,39.46265479047443,-0.3446253121356302,2,2,Amazon | Ctt Express,"C. de Trafalgar, 14",Locutorio Openloc,False,False,False,False,False,False,True,False,5,Convenience Store only,3,"Multiple companies, single service",2.85,1,High,False
valencia,VAL_LOC_000292,39.46023681979137,-0.3514386530128426,1,1,Amazon,"Av. de Francia, 10",Seur - Yo Te Quiero En Bici,False,False,False,False,False,False,True,False,5,Convenience Store only,1,Single record,0.0,1,High,False
valencia,VAL_LOC_000293,39.46354956924684,-0.3525680207618628,1,1,Amazon,"C/ Padre Tomás Montañana, 24",Amazon Lockers - Ambres,True,False,False,False,False,False,False,False,1,Locker only,1,Single record,0.0,1,High,False
valencia,VAL_LOC_000294,39.46207676102283,-0.3399658589500474,1,1,Amazon,"Av. del Puerto, 250",Lockers - Abascal,True,False,False,False,False,False,False,False,1,Locker only,1,Single record,0.0,1,High,False
valencia,VAL_LOC_000295,39.460998539826335,-0.34191609640153,3,3,Amazon | Ctt Express | Gls,"C/ de Rodrigo de Pertegás, 36",Ps Tienda Reparacion De Calzado | Reparación De Calzado,False,False,False,False,False,False,True,False,5,Convenience Store only,3,"Multiple companies, single service",7.43,1,High,False
valencia,VAL_LOC_000296,39.45059820358093,-0.3334717984264808,1,1,Amazon,"C. Alta del Mar, 73",Seur - Ferreteria Garcia Sl,False,False,False,False,False,False,True,False,5,Convenience Store only,1,Single record,0.0,1,High,False
valencia,VAL_LOC_000297,39.44882718140396,-0.3335983999844235,1,1,Amazon,"Plaça d' Aras de Los Olmos, 1",Intermarche Super,False,False,False,False,False,False,True,False,5,Convenience Store only,1,Single record,0.0,1,High,False
valencia,VAL_LOC_000298,39.44986284907746,-0.3338818318735558,1,1,Amazon,"Carrer de Fontilles, 25",Kiosko Garcia,False,False,False,False,False,False,True,False,5,Convenience Store only,1,Single record,0.0,1,High,False
valencia,VAL_LOC_000299,39.46380209228302,-0.3370813375298563,1,1,Amazon,"C/ Serreria Esq, C. del Riu Jalón, 19",Lockers - Leoncia,True,False,False,False,False,False,False,False,1,Locker only,1,Single record,0.0,1,High,False
valencia,VAL_LOC_000300,39.42868511467931,-0.3334489379200772,1,1,Amazon,"Camí del Canal, 91, Poblats Marítims",Lockers - Comabella,True,False,False,False,False,False,False,False,1,Locker only,1,Single record,0.0,1,High,False
valencia,VAL_LOC_000301,39.49098705930271,-0.3906882168597496,1,1,Amazon,"C/ de José Grollo, 45",Lockers - Cayarga,True,False,False,False,False,False,False,False,1,Locker only,1,Single record,0.0,1,High,False
valencia,VAL_LOC_000302,39.49116104185931,-0.390979792569934,1,1,Amazon,"C/ de José Grollo, 53",Lockers - Alfonsin,True,False,False,False,False,False,False,False,1,Locker only,1,Single record,0.0,1,High,False
valencia,VAL_LOC_000303,39.49398472188295,-0.3939234539206723,1,1,Amazon,"C/ de José Grollo, 121",Locutorio Fm Latino,False,False,False,False,False,False,True,False,5,Convenience Store only,1,Single record,0.0,1,High,False
valencia,VAL_LOC_000304,39.429155805934286,-0.36330113484260035,2,2,Amazon | Celeritas,"C. José Siurana, 4",La Bruixa De Castellar,False,False,False,False,False,False,True,False,5,Convenience Store only,3,"Multiple companies, single service",7.39,1,High,False
valencia,VAL_LOC_000305,39.42850323736826,-0.3625069041501895,1,1,Amazon,"C/ d'Ador, 69",Correos - València Suc 16. Castellar-Oliveral,False,False,False,False,False,False,True,False,5,Convenience Store only,1,Single record,0.0,1,High,False
valencia,VAL_LOC_000306,39.50312082745291,-0.4200848029252991,1,1,Amazon,"C. Campamento, 5",Locutorio Godwin,False,False,False,False,False,False,True,False,5,Convenience Store only,1,Single record,0.0,1,High,False
valencia,VAL_LOC_000307,39.50210265339571,-0.4221057085577498,1,1,Amazon,"C. Campamento, 44",Bambini Moda Infantil Y Mujer,False,False,False,False,False,False,True,False,5,Convenience Store only,1,Single record,0.0,1,High,False
valencia,VAL_LOC_000308,39.502232428638635,-0.4218303822951547,2,2,Amazon | Ctt Express,"C. Campamento, 38",Mg Movil Valencia 2023,False,False,False,False,False,False,True,False,5,Convenience Store only,3,"Multiple companies, single service",3.32,1,High,False
valencia,VAL_LOC_000309,39.50202720766179,-0.4224975646006371,1,1,Amazon,"C. Campamento, 48",Alimentacion Campamento,False,False,False,False,False,False,True,False,5,Convenience Store only,1,Single record,0.0,1,High,False
valencia,VAL_LOC_000310,39.50139573718788,-0.4196791254698175,1,1,Amazon,"C/ d'Elies Tormo, 39",Correos - València Suc 20. Benimàmet,False,False,False,False,False,False,True,False,5,Convenience Store only,1,Single record,0.0,1,High,False
valencia,VAL_LOC_000311,39.50478614377848,-0.4206297420854873,1,1,Amazon,"C/ de Felipe Valls, 76",Free-0,False,False,False,False,False,False,True,False,5,Convenience Store only,1,Single record,0.0,1,High,False
valencia,VAL_LOC_000312,39.5000345991847,-0.4194773457823723,2,2,Amazon | Celeritas,"C. Esperanza, 18 | CALLE ESPERANZA 18",La Merceria De Maria Amparo | La Mercería De Maria Amparo,False,False,False,False,False,False,True,False,5,Convenience Store only,3,"Multiple companies, single service",0.52,1,High,False
valencia,VAL_LOC_000313,39.50073919135443,-0.4207314807361977,1,1,Amazon,"C/ de Benimodo, 38",Carnicera Jose Maria Chuliá,False,False,False,False,False,False,True,False,5,Convenience Store only,1,Single record,0.0,1,High,False
valencia,VAL_LOC_000314,39.47445071620904,-0.3814114649585055,1,1,SEUR,"C/ Carniceros, 2",Kiosko Carrusel,False,False,False,False,False,False,True,False,5,Convenience Store only,1,Single record,0.0,1,High,False
valencia,VAL_LOC_000315,39.476193011854285,-0.3827359751020161,2,2,Gls | SEUR,"C. de Quart, 48",Ps Ruzafa Bike Rent | Ruzafa Bike Rent,False,False,False,False,False,False,True,False,5,Convenience Store only,3,"Multiple companies, single service",1.73,1,High,False
valencia,VAL_LOC_000316,39.47314715957151,-0.3831125893057512,1,1,SEUR,"Carrer de Guillem Sorolla, 36",Seur Tipsa Plaza La Reina,False,False,False,False,False,False,True,False,5,Convenience Store only,1,Single record,0.0,1,High,False
valencia,VAL_LOC_000317,39.469790024424746,-0.3824795873213329,1,1,SEUR,"C/ Guillem de Castro, 45",Willshop,False,False,False,False,False,False,True,False,5,Convenience Store only,1,Single record,0.0,1,High,False
valencia,VAL_LOC_000318,39.47049832602181,-0.38591490346929425,2,2,Ctt Express | SEUR,"C/ Angel Guimera, 13",Phone Center,False,False,False,False,False,False,True,False,5,Convenience Store only,3,"Multiple companies, single service",4.15,1,High,False
valencia,VAL_LOC_000319,39.47884513097026,-0.3745431221699176,1,1,SEUR,"C/ del Mur de Santa Anna, 4",Estanco Benavent,False,False,False,False,False,False,True,False,5,Convenience Store only,1,Single record,0.0,1,High,False
valencia,VAL_LOC_000320,39.46799188766647,-0.3836575835832444,2,2,Pudo | SEUR,"Gran Vía de Ramón y Cajal, 49",Pcbox Valencia (Ramon Y Cajal) | Seur Lockers Pcbox Valenci,True,False,True,False,False,False,False,False,7,Multiple services,4,"Multiple companies, multiple services",6.72,1,High,False
valencia,VAL_LOC_000321,39.47146327846264,-0.3892076259079319,1,1,SEUR,"C. de Calixto III, 16",Asim Fruta Y Alimentacion,False,False,False,False,False,False,True,False,5,Convenience Store only,1,Single record,0.0,1,High,False
valencia,VAL_LOC_000322,39.46750589759393,-0.3794390267470018,1,1,SEUR,"C. del Convento de Jerusalén, 16",Sellos Alepuz,False,False,False,False,False,False,True,False,5,Convenience Store only,1,Single record,0.0,1,High,False
valencia,VAL_LOC_000323,39.47355006070457,-0.3908557776924318,1,1,SEUR,"C. de Juan Llorens, 11",Miimo Repair,False,False,False,False,False,False,True,False,5,Convenience Store only,1,Single record,0.0,1,High,False
valencia,VAL_LOC_000324,39.466461956436646,-0.3796947161170054,1,1,SEUR,"C. del Convento de Jerusalén, 28",Seur Lockers Latin Travel,True,False,False,False,False,False,False,False,1,Locker only,1,Single record,0.0,1,High,False
valencia,VAL_LOC_000325,39.466262576823965,-0.383706400310408,1,1,SEUR,"C/ de Jesús, 46",Expendiduria Valencia 122,False,False,False,False,False,False,True,False,5,Convenience Store only,1,Single record,0.0,1,High,False
valencia,VAL_LOC_000326,39.469628687706496,-0.3902044716764439,1,1,SEUR,"C. de Martín el Humano, 30",Firdos Movil,False,False,False,False,False,False,True,False,5,Convenience Store only,1,Single record,0.0,1,High,False
valencia,VAL_LOC_000327,39.48106613727252,-0.3865274590777011,2,2,SEUR | UPS,"Av. de Menéndez Pidal, 11",Est Alsa Valencia | Seur Lockers Alsa Valencia,True,False,False,False,False,False,False,False,1,Locker only,3,"Multiple companies, single service",11.69,1,High,False
valencia,VAL_LOC_000328,39.465311470769045,-0.3766167361727483,1,1,SEUR,"C. de Segorbe, 3",Trinket Store,False,False,False,False,False,False,True,False,5,Convenience Store only,1,Single record,0.0,1,High,False
valencia,VAL_LOC_000329,39.48472169760516,-0.3809874241775012,1,1,SEUR,"C/ del Doctor Olóriz, 17",Todocostura,False,False,False,False,False,False,True,False,5,Convenience Store only,1,Single record,0.0,1,High,False
valencia,VAL_LOC_000330,39.46880287657388,-0.3928720848733025,1,1,SEUR,"C. de Linares, 7",Seur Lockers Europhil Call,True,False,False,False,False,False,False,False,1,Locker only,1,Single record,0.0,1,High,False
valencia,VAL_LOC_000331,39.47142342871643,-0.36678097293049,3,3,Pudo | SEUR | UPS,Av. de Navarro Reverter | Av. de Navarro Reverter S/N,Intpkg P De La Mar | Parking Interparking Porta De La Mar | Seur Lockers Ipk Porta Mar,True,False,True,False,False,False,False,False,7,Multiple services,4,"Multiple companies, multiple services",11.31,1,High,False
valencia,VAL_LOC_000332,39.46968182989814,-0.393639599968943,1,1,SEUR,"C. Nicolás Estevanez, 18",La Cueva De Medusa Lafarg,False,False,False,False,False,False,True,False,5,Convenience Store only,1,Single record,0.0,1,High,False
valencia,VAL_LOC_000333,39.4658403621277,-0.3912539776404473,1,1,SEUR,"Calle Maestro Bellver, 17",Estanco 120,False,False,False,False,False,False,True,False,5,Convenience Store only,1,Single record,0.0,1,High,False
valencia,VAL_LOC_000334,39.4671932562867,-0.3678568493994056,1,1,SEUR,"Gran Vía del Marqués del Turia, 54",Quiosco Cesar,False,False,False,False,False,False,True,False,5,Convenience Store only,1,Single record,0.0,1,High,False
valencia,VAL_LOC_000335,39.46706468981391,-0.36814810110929597,2,2,Pudo | SEUR,"Gran Vía del Marqués del Turia, 52",Lidl Valencia Gran Vía | Seur Lockers Lidl Valencia,True,False,True,False,False,False,False,False,7,Multiple services,4,"Multiple companies, multiple services",13.39,1,High,False
valencia,VAL_LOC_000336,39.46429781579148,-0.3726490363259342,1,1,SEUR,"C. de Denia, 3",Locutorio Naveed,False,False,False,False,False,False,True,False,5,Convenience Store only,1,Single record,0.0,1,High,False
valencia,VAL_LOC_000337,39.46206107493819,-0.3751166371529928,1,1,SEUR,"C. de Sueca, 31",Hobbies El Fallero,False,False,False,False,False,False,True,False,5,Convenience Store only,1,Single record,0.0,1,High,False
valencia,VAL_LOC_000338,39.4765857723437,-0.3976629725920819,1,1,SEUR,"C. Góngora, 3",Kiosco Papeleria Arco Iri,False,False,False,False,False,False,True,False,5,Convenience Store only,1,Single record,0.0,1,High,False
valencia,VAL_LOC_000339,39.48710428994175,-0.3746996625864507,1,1,SEUR,"C. de Sagunto, 118",Seur Lockers Lidl Sagunto,True,False,False,False,False,False,False,False,1,Locker only,1,Single record,0.0,1,High,False
valencia,VAL_LOC_000340,39.48675322224607,-0.389256643833678,1,1,SEUR,"C/ d'Alfons Verdeguer, 1",Seur Lockers Ipk La Fe,True,False,False,False,False,False,False,False,1,Locker only,1,Single record,0.0,1,High,False
valencia,VAL_LOC_000341,39.47764858961241,-0.3955609914382421,3,3,Pudo | SEUR | UPS,"Av. de Tirso de Molina, 16",C.C. Mercado De Campanar | CC Merc Campanar | Seur Lockers C.C. Mercado,True,False,True,False,False,False,False,False,7,Multiple services,4,"Multiple companies, multiple services",10.98,1,High,False
valencia,VAL_LOC_000342,39.46254244647514,-0.3912190142999931,4,4,Ctt Express | Gls | SEUR | UPS,"C. Dibujante Manuel Gago, 12",Kiosko Patraix | Ps Kiosco Patraix,False,False,False,False,False,False,True,False,5,Convenience Store only,3,"Multiple companies, single service",11.23,1,High,False
valencia,VAL_LOC_000343,39.462303839672565,-0.3703727480449764,1,1,SEUR,"C/ de Pedro III el Grande, 2",La Ventana Natural,False,False,False,False,False,False,True,False,5,Convenience Store only,1,Single record,0.0,1,High,False
valencia,VAL_LOC_000344,39.48746581460807,-0.3731179574174103,1,1,SEUR,"C. Maximiliano Thous, 34",Newmotoclan,False,False,False,False,False,False,True,False,5,Convenience Store only,1,Single record,0.0,1,High,False
valencia,VAL_LOC_000345,39.48862301359319,-0.3763590985535289,1,1,SEUR,"Av. de la Constitución, 94",Maniqui Tienda Ideal,False,False,False,False,False,False,True,False,5,Convenience Store only,1,Single record,0.0,1,High,False
valencia,VAL_LOC_000346,39.48284976609428,-0.3640237891571929,1,1,SEUR,"C/ del Bachiller, 4",Fotocopias La Repera,False,False,False,False,False,False,True,False,5,Convenience Store only,1,Single record,0.0,1,High,False
valencia,VAL_LOC_000347,39.48909341745891,-0.3892359894613098,1,1,SEUR,"Av. de Burjassot, 116",Estanco Peset,False,False,False,False,False,False,True,False,5,Convenience Store only,1,Single record,0.0,1,High,False
valencia,VAL_LOC_000348,39.47283936490794,-0.4011718074337007,1,1,SEUR,"C. Brasil, 77",Olivetronic,False,False,False,False,False,False,True,False,5,Convenience Store only,1,Single record,0.0,1,High,False
valencia,VAL_LOC_000349,39.46316540431745,-0.3957184023655882,1,1,SEUR,"C. Impresor Monfort, 23",360 Y Mas,False,False,False,False,False,False,True,False,5,Convenience Store only,1,Single record,0.0,1,High,False
valencia,VAL_LOC_000350,39.489858428670644,-0.3868176895540122,2,2,Ctt Express | SEUR,"C. Mondúver, 41",Umar Locutorio,False,False,False,False,False,False,True,False,5,Convenience Store only,3,"Multiple companies, single service",5.53,1,High,False
valencia,VAL_LOC_000351,39.46487924233497,-0.3631624306766055,1,1,SEUR,"CL/SALAMANCA, No48",Seur Lockers Pcbox Valenci,True,False,False,False,False,False,False,False,1,Locker only,1,Single record,0.0,1,High,False
valencia,VAL_LOC_000352,39.473103821668815,-0.3593778705704877,1,1,SEUR,"C. de Amadeo de Saboya, 24",Estanco Amadeo De Saboya,False,False,False,False,False,False,True,False,5,Convenience Store only,1,Single record,0.0,1,High,False
valencia,VAL_LOC_000353,39.49080814892403,-0.3796163167079696,1,1,SEUR,"Av. del Dr. Peset Aleixandre, 77",Seur Lockers Washrocks Doc,True,False,False,False,False,False,False,False,1,Locker only,1,Single record,0.0,1,High,False
valencia,VAL_LOC_000354,39.4910505027018,-0.3819422571476283,1,1,SEUR,"Av. de Juan XXIII, 4",Evc Juan Xxiii,False,False,False,False,False,False,True,False,5,Convenience Store only,1,Single record,0.0,1,High,False
valencia,VAL_LOC_000355,39.461100384937225,-0.3669758213588594,2,2,Pudo | SEUR,"Av. de Peris y Valero, 145",Lidl Peris I Valero | Seur Lockers Lidl Peris,True,False,True,False,False,False,False,False,7,Multiple services,4,"Multiple companies, multiple services",11.11,1,High,False
valencia,VAL_LOC_000356,39.48445182765771,-0.3631967916938498,2,2,Ctt Express | SEUR,"Av. Primado Reig, 123",Locutorio Catracho | Locutorio Yurema,False,False,False,False,False,False,True,False,5,Convenience Store only,3,"Multiple companies, single service",5.35,1,High,False
valencia,VAL_LOC_000357,39.460591137595024,-0.3935989018388961,1,1,SEUR,"CL/HUMANISTA MARINER, No19",Shopping Center Valencia,False,False,False,False,False,False,True,False,5,Convenience Store only,1,Single record,0.0,1,High,False
valencia,VAL_LOC_000358,39.49030722016978,-0.3893948412499819,2,2,Ctt Express | SEUR,"C/ de José Grollo, 6",Call & More,False,False,False,False,False,False,True,False,5,Convenience Store only,3,"Multiple companies, single service",1.08,1,High,False
valencia,VAL_LOC_000359,39.46002747212775,-0.3680588002917755,1,1,SEUR,"Av. de Peris y Valero, 126",Mil Sabores Supermercado,False,False,False,False,False,False,True,False,5,Convenience Store only,1,Single record,0.0,1,High,False
valencia,VAL_LOC_000360,39.456988097937966,-0.3833307273812456,1,1,SEUR,"C. San Vicente Mártir, 209",Ferreteria Alper,False,False,False,False,False,False,True,False,5,Convenience Store only,1,Single record,0.0,1,High,False
valencia,VAL_LOC_000361,39.48376436094941,-0.3617458159483382,2,2,Ctt Express | SEUR,"C. Villa de Muro, 6 | CC. Villa de Muro, 6",Locuvox,False,False,False,False,False,False,True,False,5,Convenience Store only,3,"Multiple companies, single service",6.73,1,High,False
valencia,VAL_LOC_000362,39.49114735825061,-0.377973677102131,1,1,SEUR,"Av. del Dr. Peset Aleixandre, 65",Gecko Movil,False,False,False,False,False,False,True,False,5,Convenience Store only,1,Single record,0.0,1,High,False
valencia,VAL_LOC_000363,39.48195819858005,-0.4014035335884631,1,1,SEUR,"Av. del Maestro Rodrigo, 41",Seur Lockers Lidl Maestro,True,False,False,False,False,False,False,False,1,Locker only,1,Single record,0.0,1,High,False
valencia,VAL_LOC_000364,39.458061849349406,-0.3893139296554906,1,1,SEUR,"Av. de Gaspar Aguilar, 25",Herbolario Estrella Psico,False,False,False,False,False,False,True,False,5,Convenience Store only,1,Single record,0.0,1,High,False
valencia,VAL_LOC_000365,39.48317615185064,-0.3605277368963703,1,1,SEUR,"Carrer de Cuenca Tramoyeres, 2",Kiosko Rosa,False,False,False,False,False,False,True,False,5,Convenience Store only,1,Single record,0.0,1,High,False
valencia,VAL_LOC_000366,39.48131601851524,-0.4022760727915815,1,1,SEUR,"C/ de Luis Buñuel Director de Cine, 19",Valientes Valencia,False,False,False,False,False,False,True,False,5,Convenience Store only,1,Single record,0.0,1,High,False
valencia,VAL_LOC_000367,39.49090209021467,-0.3696933583403522,2,2,Ctt Express | SEUR,"C. Peñíscola, 25",Opensat,False,False,False,False,False,False,True,False,5,Convenience Store only,3,"Multiple companies, single service",14.85,1,High,False
valencia,VAL_LOC_000368,39.49223432028396,-0.389082302499258,1,1,SEUR,"C/ del Poeta Serrano Clavero, 22",Herbodietetica El Arbol,False,False,False,False,False,False,True,False,5,Convenience Store only,1,Single record,0.0,1,High,False
valencia,VAL_LOC_000369,39.4813239838796,-0.3575174405905067,1,1,SEUR,"Calle Dr. Garcia Brustenga, 1",Az Soluciones Contables,False,False,False,False,False,False,True,False,5,Convenience Store only,1,Single record,0.0,1,High,False
valencia,VAL_LOC_000370,39.46162057872802,-0.3625841468967026,1,1,SEUR,"C. del Escultor José Capuz, 16",Estanco Valencia 173,False,False,False,False,False,False,True,False,5,Convenience Store only,1,Single record,0.0,1,High,False
valencia,VAL_LOC_000371,39.45959814724527,-0.3651225251130672,1,1,SEUR,"Av. de Amado Granell Mesado, 17",Seur Lockers Grupo Condor,True,False,False,False,False,False,False,False,1,Locker only,1,Single record,0.0,1,High,False
valencia,VAL_LOC_000372,39.459506015014256,-0.3648554656107188,1,1,SEUR,"Av. de Amado Granell Mesado, 21",Sia Euro Tec,False,False,False,False,False,False,True,False,5,Convenience Store only,1,Single record,0.0,1,High,False
valencia,VAL_LOC_000373,39.46144164074128,-0.3989722896646548,1,1,SEUR,"C. del Archiduque Carlos, 109",Copitex 109,False,False,False,False,False,False,True,False,5,Convenience Store only,1,Single record,0.0,1,High,False
valencia,VAL_LOC_000374,39.45609996542844,-0.3896214218582491,1,1,SEUR,"C/ de Veneçuela, 16",Santa Maria Fruteria,False,False,False,False,False,False,True,False,5,Convenience Store only,1,Single record,0.0,1,High,False
valencia,VAL_LOC_000375,39.457059183463684,-0.39245859053144855,2,2,SEUR | UPS,"Carrer de la Ciutat de Melilla, 16",Kanguro Papeleria Daf | Papeleria Daf,False,False,False,False,False,False,True,False,5,Convenience Store only,3,"Multiple companies, single service",5.47,1,High,False
valencia,VAL_LOC_000376,39.46598988054017,-0.3573560892841591,1,1,SEUR,"C/ d'Eduard Boscà, 26",Tabacos Eduardo Bosca,False,False,False,False,False,False,True,False,5,Convenience Store only,1,Single record,0.0,1,High,False
valencia,VAL_LOC_000377,39.45436638828181,-0.376793321416174,3,3,Ctt Express | Dhl | SEUR,"Carrer de Joaquin Benlloch, 21",Punto Movil | Punto Movil Valencia,False,False,False,False,False,False,True,False,5,Convenience Store only,3,"Multiple companies, single service",15.71,2,Medium,False
valencia,VAL_LOC_000378,39.468428063566286,-0.4055428738320949,1,1,SEUR,"Av. de les Tres Creus, 17",Caintex Ponent,False,False,False,False,False,False,True,False,5,Convenience Store only,1,Single record,0.0,1,High,False
valencia,VAL_LOC_000379,39.48807017383008,-0.3618515839372056,2,2,Dhl | SEUR,"C. Salvador Almenar, 7",Woko Bike World,False,False,False,False,False,False,True,False,5,Convenience Store only,3,"Multiple companies, single service",3.5,1,High,False
valencia,VAL_LOC_000380,39.49315723176797,-0.3711894607143044,1,1,SEUR,"C. Padre Viñas, 56",Seur Lockers Grupo Condor,True,False,False,False,False,False,False,False,1,Locker only,1,Single record,0.0,1,High,False
valencia,VAL_LOC_000381,39.45828561640887,-0.3638917785582768,1,1,SEUR,"Av. de Amado Granell Mesado, 33",Estanco Expendeduría 202,False,False,False,False,False,False,True,False,5,Convenience Store only,1,Single record,0.0,1,High,False
valencia,VAL_LOC_000382,39.45722752866728,-0.3639916198092395,1,1,SEUR,"Av. de Amado Granell Mesado, 46",Movil Palace,False,False,False,False,False,False,True,False,5,Convenience Store only,1,Single record,0.0,1,High,False
valencia,VAL_LOC_000383,39.49379620647095,-0.3710169942459227,2,2,SEUR | UPS,"C. Padre Viñas, 62",Estanc 136 Valencia | Estanco 136,False,False,False,False,False,False,True,False,5,Convenience Store only,3,"Multiple companies, single service",1.81,1,High,False
valencia,VAL_LOC_000384,39.493121200334926,-0.3935860140025105,1,1,SEUR,"Av. de Burjassot, 192",Estanco 149,False,False,False,False,False,False,True,False,5,Convenience Store only,1,Single record,0.0,1,High,False
valencia,VAL_LOC_000385,39.4635485855073,-0.332907060132136,1,1,SEUR,"C. del Dr. Josep Juan Dómine, 7",Tienda SEUR,False,True,False,False,False,False,False,False,2,PUDO only,1,Single record,0.0,1,High,False
valencia,VAL_LOC_000386,39.461241976289,-0.351552418619749,1,1,SEUR,"Av. de França, 10",Tienda SEUR,False,True,False,False,False,False,False,False,2,PUDO only,1,Single record,0.0,1,High,False
valencia,VAL_LOC_000387,39.465597318244,-0.366214075017618,1,1,SEUR,"Carrer de Joaquín Costa, 46",Tienda SEUR,False,True,False,False,False,False,False,False,2,PUDO only,1,Single record,0.0,1,High,False
valencia,VAL_LOC_000388,39.4591125400743,-0.383043796596884,1,1,SEUR,"C/ de Sant Vicent Màrtir, 209",Tienda SEUR,False,True,False,False,False,False,False,False,2,PUDO only,1,Single record,0.0,1,High,False
valencia,VAL_LOC_000389,39.4597822176399,-0.388722389506581,1,1,SEUR,"Av. de Gaspar Aguilar, 25",Tienda SEUR,False,True,False,False,False,False,False,False,2,PUDO only,1,Single record,0.0,1,High,False
valencia,VAL_LOC_000390,39.463234525456,-0.399535324370553,1,1,SEUR,"C/ de l'Arxiduc Carles, 109",Centro Logístico SEUR,False,True,False,False,False,False,False,False,2,PUDO only,1,Single record,0.0,1,High,False
valencia,VAL_LOC_000391,39.4684783785544,-0.368514897402946,1,1,SEUR,"Gran Via del Marqués del Túria, 54",Tienda SEUR,False,True,False,False,False,False,False,False,2,PUDO only,1,Single record,0.0,1,High,False
valencia,VAL_LOC_000392,39.4701561006567,-0.346180255757656,1,1,SEUR,"C/ dels Sants Just i Pastor, 80",Tienda SEUR,False,True,False,False,False,False,False,False,2,PUDO only,1,Single record,0.0,1,High,False
valencia,VAL_LOC_000393,39.4725659989816,-0.396737104336434,1,1,SEUR,"Brasil, 12",Tienda SEUR,False,True,False,False,False,False,False,False,2,PUDO only,1,Single record,0.0,1,High,False
valencia,VAL_LOC_000394,39.4897289299847,-0.393829387389113,1,1,SEUR,"C/ de Miguel Servet, 11",Tienda SEUR,False,True,False,False,False,False,False,False,2,PUDO only,1,Single record,0.0,1,High,False
valencia,VAL_LOC_000395,39.4931654418205,-0.382606572715425,1,1,SEUR,"Av. de Joan XXIII, 4",SEUR Pickup parcelshop,False,True,False,False,False,False,False,False,2,PUDO only,1,Single record,0.0,1,High,False
valencia,VAL_LOC_000396,39.4971719253872,-0.367951109441583,1,1,SEUR,"C/ de St. Joan de la Penya, 32",Tienda SEUR,False,True,False,False,False,False,False,False,2,PUDO only,1,Single record,0.0,1,High,False
valencia,VAL_LOC_000397,39.4796692036677,-0.329398432389682,1,1,SEUR,"Av.de la Malva-Rosa, 35",Tienda SEUR,False,True,False,False,False,False,False,False,2,PUDO only,1,Single record,0.0,1,High,False
valencia,VAL_LOC_000398,39.47153989776263,-0.3894132998067504,1,1,Dhl,"C. de Calixto III, 18",Granujas Valencia,False,False,False,False,False,False,True,False,5,Convenience Store only,1,Single record,0.0,1,High,False
valencia,VAL_LOC_000399,39.46736218431238,-0.38518111488735124,2,2,Dhl | UPS,"C. Alcira, 4",Informatica Ecoturia,False,False,False,False,False,False,True,False,5,Convenience Store only,3,"Multiple companies, single service",7.36,1,High,False
valencia,VAL_LOC_000400,39.4713992063019,-0.3696393195908881,1,1,Dhl,"Cl. de Colón, 43",Dhl Express Center Valencia,False,True,False,False,False,False,False,False,2,PUDO only,1,Single record,0.0,1,High,False
valencia,VAL_LOC_000401,39.484045898060806,-0.3790060857165573,1,1,Dhl,"Av. de la Constitución, 9",Alonso Salinas,False,False,False,False,False,False,True,False,5,Convenience Store only,1,Single record,0.0,1,High,False
valencia,VAL_LOC_000402,39.463010368404746,-0.3776497535013315,1,1,Dhl,"C. de Cuba, 1",Mascletá Bike Rental,False,False,False,False,False,False,True,False,5,Convenience Store only,1,Single record,0.0,1,High,False
valencia,VAL_LOC_000403,39.48526488673293,-0.3855126595941645,1,1,Dhl,"Av. de Burjassot, 35",Estanco 61 Valencia,False,False,False,False,False,False,True,False,5,Convenience Store only,1,Single record,0.0,1,High,False
valencia,VAL_LOC_000404,39.46952496526851,-0.3946429952320456,1,1,Dhl,"C. Totana, 1",Kiosko Papeleria Totana,False,False,False,False,False,False,True,False,5,Convenience Store only,1,Single record,0.0,1,High,False
valencia,VAL_LOC_000405,39.46857475532586,-0.39676381160533875,6,6,Celeritas | Ctt Express | Dhl | Gls | Nacex | UPS,"Av. del Cid, 48",Carlin | Carlin Cid | Carlin El Cid | Carlin-Material Y Mecanizacion De Oficinas (4604-59) | Ps Carlin Cid Valencia,False,False,False,False,False,False,True,False,5,Convenience Store only,3,"Multiple companies, single service",13.71,1,High,False
valencia,VAL_LOC_000406,39.48470924582828,-0.36943905454761183,2,2,Dhl | UPS,"C. Alboraya, 45",Planta Loca | Planta Loca Shop,False,False,False,False,False,False,True,False,5,Convenience Store only,3,"Multiple companies, single service",0.47,1,High,False
valencia,VAL_LOC_000407,39.47950491502379,-0.3981345548622465,1,1,Dhl,"C/ de la Vall de la Ballestera, 36",Loterias Marcos Fotografia Mas,False,False,False,False,False,False,True,False,5,Convenience Store only,1,Single record,0.0,1,High,False
valencia,VAL_LOC_000408,39.46011997723334,-0.38692173335747576,3,3,Celeritas | Ctt Express | Dhl,"Carrer de Carcaixent, 12",Kiosco Mariacabrandt Capritxsos | Mariacabrandt-Capritxos,False,False,False,False,False,False,True,False,5,Convenience Store only,3,"Multiple companies, single service",7.21,1,High,False
valencia,VAL_LOC_000409,39.46170298369764,-0.3701233054676383,1,1,Dhl,"C. Maestro Aguilar, 13",Papeleria Altea - Valencia,False,False,False,False,False,False,True,False,5,Convenience Store only,1,Single record,0.0,1,High,False
valencia,VAL_LOC_000410,39.48832183633098,-0.37072799833958014,2,2,Dhl | UPS,"C. Ministro Luis Mayans, 44",Kiosko La Union | La Union Kiosko,False,False,False,False,False,False,True,False,5,Convenience Store only,3,"Multiple companies, single service",10.16,1,High,False
valencia,VAL_LOC_000411,39.46249708946969,-0.3965662560925456,2,2,Dhl | UPS,"Carrer de Fontanars dels Alforins, 70",Ilusionarte,False,False,False,False,False,False,True,False,5,Convenience Store only,3,"Multiple companies, single service",1.74,1,High,False
valencia,VAL_LOC_000412,39.45945411827954,-0.3713443984057543,1,1,Dhl,"C. de Cádiz, 81",Estanco 57 - Ruzafa,False,False,False,False,False,False,True,False,5,Convenience Store only,1,Single record,0.0,1,High,False
valencia,VAL_LOC_000413,39.46279365429573,-0.3635565294112858,5,5,Celeritas | Ctt Express | Dhl | Gls | UPS,"Av. del Reino de Valencia, 84",Carlin | Carlin Rv | Ps Carlin Reino,False,False,False,False,False,False,True,False,5,Convenience Store only,3,"Multiple companies, single service",25.29,2,Medium,False
valencia,VAL_LOC_000414,39.46793530407445,-0.3591183479919826,1,1,Dhl,"Av. del Puerto, 18",Geekfy,False,False,False,False,False,False,True,False,5,Convenience Store only,1,Single record,0.0,1,High,False
valencia,VAL_LOC_000415,39.49338352401264,-0.374688921435725,1,1,Dhl,"C/ del Marqués de Montortal, 10",Agusti Papeleria,False,False,False,False,False,False,True,False,5,Convenience Store only,1,Single record,0.0,1,High,False
valencia,VAL_LOC_000416,39.49246373842232,-0.3894297681193773,1,1,Dhl,CALLE POETA SERRANO CLAVERO 29,App Benicalap,False,False,False,False,False,False,True,False,5,Convenience Store only,1,Single record,0.0,1,High,False
valencia,VAL_LOC_000417,39.472487547144006,-0.4059082675345219,1,1,Dhl,"C/ de la Democracia, 85",Estanco 166 Valencia,False,False,False,False,False,False,True,False,5,Convenience Store only,1,Single record,0.0,1,High,False
valencia,VAL_LOC_000418,39.461804372187856,-0.4024288887470026,1,1,Dhl,"C. de Emilio Lluch, 22",Mister Key,False,False,False,False,False,False,True,False,5,Convenience Store only,1,Single record,0.0,1,High,False
valencia,VAL_LOC_000419,39.47495392692916,-0.3526733852049487,3,3,Celeritas | Ctt Express | Dhl,"Av. Cardenal Benlloch, 110",Carlin Cb,False,False,False,False,False,False,True,False,5,Convenience Store only,3,"Multiple companies, single service",16.98,2,Medium,False
valencia,VAL_LOC_000420,39.452955792954505,-0.3878190889738433,5,4,Celeritas | Dhl | Nacex | UPS,"Pl. Santiago Suárez, 6",Kiosco Senabre | Kiosco Senabre (4604-89) | Kiosko Senabre,False,False,False,False,False,False,True,False,5,Convenience Store only,3,"Multiple companies, single service",19.93,2,Medium,False
valencia,VAL_LOC_000421,39.49577645117417,-0.3972865668847983,1,1,Dhl,"Carrer de Quartell, 4",Papeleria Enysa,False,False,False,False,False,False,True,False,5,Convenience Store only,1,Single record,0.0,1,High,False
valencia,VAL_LOC_000422,39.44938651456785,-0.3877245268493992,1,1,Dhl,"Pl. de Holanda, 7",Material Didactico,False,False,False,False,False,False,True,False,5,Convenience Store only,1,Single record,0.0,1,High,False
valencia,VAL_LOC_000423,39.46789595089878,-0.3481891074114995,2,2,Dhl | Pudo,"C. de Ramiro de Maeztu, 21",Ladyvape | Ladyvape Valencia,False,False,True,False,False,False,True,False,7,Multiple services,4,"Multiple companies, multiple services",6.18,1,High,False
valencia,VAL_LOC_000424,39.444996533977175,-0.36753183415152324,4,4,Celeritas | Ctt Express | Dhl | Nacex,"Carrer del Gravador Jordán, 32",Estanco N 206 Y Loterias | Estanco Valencia-206 (4604-18) | La Fonteta D ́Or,False,False,False,False,False,False,True,False,5,Convenience Store only,3,"Multiple companies, single service",8.49,1,High,False
valencia,VAL_LOC_000425,39.45648925395541,-0.3758759314785731,4,4,Ctt Express | Dhl | Nacex | UPS,"Av. Ausiás March, 12 | Av. Ausiás March, 2",Con Mucho Gusto | Hiperoffice Alboraya | Tienda Latina Con Mucho Gusto | Tienda Latina Con Mucho Gusto (4630-88),False,False,False,False,False,False,True,False,5,Convenience Store only,3,"Multiple companies, single service",6.56,1,High,False
valencia,VAL_LOC_000426,39.46625694199772,-0.3409799537259802,1,1,Dhl,"C. del Maestro Valls, 30",Papeleria Ébano,False,False,False,False,False,False,True,False,5,Convenience Store only,1,Single record,0.0,1,High,False
valencia,VAL_LOC_000427,39.489231762076194,-0.3992953942240986,1,1,Dhl,"Av. de las Cortes Valencianas, 17",Viaje Secure,False,False,False,False,False,False,True,False,5,Convenience Store only,1,Single record,0.0,1,High,False
valencia,VAL_LOC_000428,39.46104390894236,-0.33459966503282235,2,2,Dhl | UPS,"C. del Stmo. Cristo del Grao, 3",Expendeduria 164 Valencia | Expendeduria De Tabacos N 164,False,False,False,False,False,False,True,False,5,Convenience Store only,3,"Multiple companies, single service",2.61,1,High,False
valencia,VAL_LOC_000429,39.42930910360358,-0.3632477328164047,1,1,Dhl,"C. José Siurana, 4",La Bruixa De Castellar,False,False,False,False,False,False,True,False,5,Convenience Store only,1,Single record,0.0,1,High,False
valencia,VAL_LOC_000430,39.4666194172361,-0.32926405956372,1,1,Dhl,"C/ de la Reina, 7, Poblats Marítims",Punto de Venta DHL Express (FOLDER REINA VALENCIA),False,False,False,False,False,False,True,False,5,Convenience Store only,1,Single record,0.0,1,High,False
valencia,VAL_LOC_000431,39.4610655297565,-0.348493559671547,1,1,Dhl,"Carrer de Higinio Noja (Professor), 61, Camins al Grau",Punto de Venta DHL Express (FIX VALENCIA),False,False,False,False,False,False,True,False,5,Convenience Store only,1,Single record,0.0,1,High,False
valencia,VAL_LOC_000432,39.467281500808,-0.348102700523227,1,1,Dhl,"Av. del Port, 121, Camins al Grau",Punto de Venta DHL Express (THE PHONE SHOP),False,False,False,False,False,False,True,False,5,Convenience Store only,1,Single record,0.0,1,High,False
valencia,VAL_LOC_000433,39.4666489565453,-0.362683251199248,1,1,Dhl,"Carrer de Salamanca, 48",Punto de Venta DHL Express (PCBOX),False,False,False,False,False,False,True,False,5,Convenience Store only,1,Single record,0.0,1,High,False
valencia,VAL_LOC_000434,39.4674509538115,-0.374700374515458,1,1,Dhl,"C/ de Russafa, 22",Punto de Venta DHL Express (OHFFICE RUZAFA),False,False,False,False,False,False,True,False,5,Convenience Store only,1,Single record,0.0,1,High,False
valencia,VAL_LOC_000435,39.4687692270648,-0.384785346389136,1,1,Dhl,"C/ d'Alzira, 4",Punto de Servicio DHL EXPRESS,False,True,False,False,False,False,False,False,2,PUDO only,1,Single record,0.0,1,High,False
valencia,VAL_LOC_000436,39.4707564697654,-0.383753127246853,1,1,Dhl,"Gran Vía de Ramón y Cajal, 49",Punto de Venta DHL Express (PCBOX),False,False,False,False,False,False,True,False,5,Convenience Store only,1,Single record,0.0,1,High,False
valencia,VAL_LOC_000437,39.4730263725691,-0.370032742026445,1,1,Dhl,"Carrer de Colón, 37",DHL Express Service Point,False,True,False,False,False,False,False,False,2,PUDO only,1,Single record,0.0,1,High,False
valencia,VAL_LOC_000438,39.4725860779965,-0.418472707530678,1,1,Dhl,"Plaça de l'Alqueria Nova, 1",Punto de Venta DHL Express (QHR),False,False,False,False,False,False,True,False,5,Convenience Store only,1,Single record,0.0,1,High,False
valencia,VAL_LOC_000439,39.4780852761319,-0.352387578126343,1,1,Dhl,"Av. de Blasco Ibáñez, 72, Bajo Izqda",Punto de Venta DHL Express (MUPIPRINT),False,False,False,False,False,False,True,False,5,Convenience Store only,1,Single record,0.0,1,High,False
valencia,VAL_LOC_000440,39.4799793489919,-0.361775676979371,1,1,Dhl,"C/ de les Arts Gràfiques, 14, Bajo",Punto de Venta DHL Express (PCBOX),False,False,False,False,False,False,True,False,5,Convenience Store only,1,Single record,0.0,1,High,False
valencia,VAL_LOC_000441,39.4748873227361,-0.371757466617156,1,1,Dhl,"C/ de la Pau, 25, Ciutat Vella",Punto de Venta DHL Express (FOLDER),False,False,False,False,False,False,True,False,5,Convenience Store only,1,Single record,0.0,1,High,False
valencia,VAL_LOC_000442,39.4866135754436,-0.32966245478666,1,1,Dhl,"C/ de Gran Canària, 48, Poblats Marítims",Punto de Venta DHL Express (AUTOESCUELA MALVARROSA),False,False,False,False,False,False,True,False,5,Convenience Store only,1,Single record,0.0,1,High,False
valencia,VAL_LOC_000443,39.488521435245,-0.362926583284197,1,1,Dhl,"C. del Doctor Vicent Zaragoza, 17",Punto de Venta DHL Express (FOLDER),False,False,False,False,False,False,True,False,5,Convenience Store only,1,Single record,0.0,1,High,False
valencia,VAL_LOC_000444,39.4938818032589,-0.380679383883916,1,1,Dhl,"C/ de Gayano Lluch, 4, Benicalap",SERVICE POINT DHL EXPRESS,False,True,False,False,False,False,False,False,2,PUDO only,1,Single record,0.0,1,High,False
valencia,VAL_LOC_000445,39.5030218062036,-0.392236036556471,1,1,Dhl,"C/ de Vicent Canet, 7, Bajo Dcha",Punto de Venta DHL Express (VALFER EXPRESS),False,False,False,False,False,False,True,False,5,Convenience Store only,1,Single record,0.0,1,High,False
valencia,VAL_LOC_000446,39.466232012440535,-0.3743313920297572,1,1,Celeritas,"C. de Ruzafa, 14",Uala Accesorios,False,False,False,False,False,False,True,False,5,Convenience Store only,1,Single record,0.0,1,High,False
valencia,VAL_LOC_000447,39.47244629205207,-0.3673876473012306,1,1,Celeritas,"Av. de Navarro Reverter, 5",Kiosko De Calle La Paraeta,False,False,False,False,False,False,True,False,5,Convenience Store only,1,Single record,0.0,1,High,False
valencia,VAL_LOC_000448,39.46958569966354,-0.38043957013893065,2,2,Celeritas | Ctt Express,"C. de Huesca, 6",Merceria Lana Negra,False,False,False,False,False,False,True,False,5,Convenience Store only,3,"Multiple companies, single service",2.06,1,High,False
valencia,VAL_LOC_000449,39.470506736285344,-0.38327210100784503,2,2,Celeritas | Ctt Express,"C/ Guillem de Castro, 55",Kiosco Guillen De Castro,False,False,False,False,False,False,True,False,5,Convenience Store only,3,"Multiple companies, single service",5.53,1,High,False
valencia,VAL_LOC_000450,39.471393504608535,-0.38402463116718494,3,3,Celeritas | Ctt Express | Nacex,"C/ Guillem de Castro, 69",Bazar 28 De Septiembre | Bazar 28 De Septiembre (4604-61),False,False,False,False,False,False,True,False,5,Convenience Store only,3,"Multiple companies, single service",13.02,1,High,False
valencia,VAL_LOC_000451,39.471008395727736,-0.3925324995387066,2,2,Celeritas | Ctt Express,"Av. de Pérez Galdós, 100",Estanco Valencia 85,False,False,False,False,False,False,True,False,5,Convenience Store only,3,"Multiple companies, single service",12.93,1,High,False
valencia,VAL_LOC_000452,39.46877263350182,-0.38733273573770055,3,3,Celeritas | Ctt Express | UPS,"C. del Historiador Sanchis Sivera, 21 | C. del Historiador Sanchis Sivera, 24",Joisfe,False,False,False,False,False,False,True,False,5,Convenience Store only,3,"Multiple companies, single service",6.18,1,High,False
valencia,VAL_LOC_000453,39.46449950748694,-0.3715631709097168,2,2,Celeritas | Ctt Express,"Av. del Reino de Valencia, 18",Doctor Manzana,False,False,False,False,False,False,True,False,5,Convenience Store only,3,"Multiple companies, single service",6.51,1,High,False
valencia,VAL_LOC_000454,39.4867918287804,-0.3780771703431383,2,2,Celeritas | Ctt Express,"Av. de la Constitución, 33",Estanco Tres M's,False,False,False,False,False,False,True,False,5,Convenience Store only,3,"Multiple companies, single service",9.79,1,High,False
valencia,VAL_LOC_000455,39.46152107372662,-0.3700674066180777,2,2,Celeritas | Ctt Express,"C. Maestro Aguilar, 13",Papeleria Altea,False,False,False,False,False,False,True,False,5,Convenience Store only,3,"Multiple companies, single service",7.82,1,High,False
valencia,VAL_LOC_000456,39.46244160234043,-0.3640977453217823,1,1,Celeritas,"Av. de Peris y Valero, 181",Maslife Valero,False,False,False,False,False,False,True,False,5,Convenience Store only,1,Single record,0.0,1,High,False
valencia,VAL_LOC_000457,39.46137797983416,-0.3616414390097382,3,2,Celeritas | Ctt Express,"C. de Luis Oliag, 58",Kiosko Nanos,False,False,False,False,False,False,True,False,5,Convenience Store only,3,"Multiple companies, single service",21.5,2,Medium,False
valencia,VAL_LOC_000458,39.45887846336084,-0.3836717659677762,2,2,Celeritas | Ctt Express,"C. San Vicente Mártir, 204",Parkingave.Es,False,False,False,False,False,False,True,False,5,Convenience Store only,3,"Multiple companies, single service",6.64,1,High,False
valencia,VAL_LOC_000459,39.458275950565046,-0.3725596544778194,1,1,Celeritas,"Av. de Peris y Valero, 60",Maslife Peris,False,False,False,False,False,False,True,False,5,Convenience Store only,1,Single record,0.0,1,High,False
valencia,VAL_LOC_000460,39.45601606274122,-0.3667457455110846,3,3,Celeritas | Ctt Express | UPS,"C. de los Zapadores, 63",Estanco 117 | Expendeduria 117,False,False,False,False,False,False,True,False,5,Convenience Store only,3,"Multiple companies, single service",11.8,1,High,False
valencia,VAL_LOC_000461,39.4802569469334,-0.3909776459286215,2,1,Celeritas,"Av. Pío XII, 2",Eco Store | Yoigo Novocentro,False,False,False,False,False,False,True,False,5,Convenience Store only,2,"Same company, multiple records",0.0,1,High,False
valencia,VAL_LOC_000462,39.489344201455154,-0.37244224592479525,2,2,Celeritas | Ctt Express,"C/ del Padre Urbano, 33",Papelería La Zaidía,False,False,False,False,False,False,True,False,5,Convenience Store only,3,"Multiple companies, single service",11.05,1,High,False
valencia,VAL_LOC_000463,39.48957667711605,-0.3800998425871935,1,1,Celeritas,"C/ de Luis Crumiere, 1",Papeleria Braille,False,False,False,False,False,False,True,False,5,Convenience Store only,1,Single record,0.0,1,High,False
valencia,VAL_LOC_000464,39.47615456418224,-0.3602050606836975,2,2,Celeritas | Ctt Express,"Calle Dr. Rodríguez Fornos, 12",Tink Factoria Color,False,False,False,False,False,False,True,False,5,Convenience Store only,3,"Multiple companies, single service",11.39,1,High,False
valencia,VAL_LOC_000465,39.484726492326445,-0.3690807285868705,3,3,Celeritas | Ctt Express | UPS,"C. Alboraya, 48",Fnx-Loterias Vimas | Loterias Vimas,False,False,False,False,False,False,True,False,5,Convenience Store only,3,"Multiple companies, single service",7.92,1,High,False
valencia,VAL_LOC_000466,39.46105487612441,-0.3344446240326824,2,2,Celeritas | Ctt Express,"C. del Stmo. Cristo del Grao, 4",Drogueria Rafael,False,False,False,False,False,False,True,False,5,Convenience Store only,3,"Multiple companies, single service",2.61,1,High,False
valencia,VAL_LOC_000467,39.481838415708,-0.3277140760213887,2,2,Celeritas | Ctt Express,"C. Fuente Encarroz, 3",Kiosco Malvarrosa,False,False,False,False,False,False,True,False,5,Convenience Store only,3,"Multiple companies, single service",12.35,1,High,False
valencia,VAL_LOC_000468,39.42244861388864,-0.33793828822205824,3,3,Celeritas | Ctt Express | UPS,"C/ de Mossèn Cuenca, 28",L Arca Dels Blavets | Larca Dels Blavets,False,False,False,False,False,False,True,False,5,Convenience Store only,3,"Multiple companies, single service",9.62,1,High,False
valencia,VAL_LOC_000469,39.45455719431899,-0.3575069447804228,4,4,Celeritas | Ctt Express | Nacex | UPS,"C. del Poeta Josep Cervera i Grífol, 12",Estanco Ciudad De La Justicia | Estanco Ciudad De La Justicia (4604-60) | Fnx-Estanco Ciudad De La Justicia,False,False,False,False,False,False,True,False,5,Convenience Store only,3,"Multiple companies, single service",28.45,2,Medium,False
valencia,VAL_LOC_000470,39.45963768276326,-0.3996741639400019,1,1,Celeritas,"C. Músico Gomis, 32",Apvpvp Asociación Vendedores Prensa,False,False,False,False,False,False,True,False,5,Convenience Store only,1,Single record,0.0,1,High,False
valencia,VAL_LOC_000471,39.4632448665829,-0.40250706170053185,2,2,Celeritas | Ctt Express,"Carrer José María Mortes Lerma, 32",Papeleria Gloria,False,False,False,False,False,False,True,False,5,Convenience Store only,3,"Multiple companies, single service",1.84,1,High,False
valencia,VAL_LOC_000472,39.46313246499814,-0.4026978447122213,2,2,Celeritas | Ctt Express,"Carrer José María Mortes Lerma, 29",Informatica Ramirez,False,False,False,False,False,False,True,False,5,Convenience Store only,3,"Multiple companies, single service",7.37,1,High,False
valencia,VAL_LOC_000473,39.46363388672092,-0.39694618027199,1,1,Celeritas,"C. del Archiduque Carlos, 32",Yoigo Arxiduc,False,False,False,False,False,False,True,False,5,Convenience Store only,1,Single record,0.0,1,High,False
valencia,VAL_LOC_000474,39.47932644298573,-0.3983217946300021,3,3,Celeritas | Ctt Express | UPS,"C/ de la Vall de la Ballestera, 36","Fnx-Loterias Marcos Y Mas | Loterias, Marcos Y Fotografia Mas",False,False,False,False,False,False,True,False,5,Convenience Store only,3,"Multiple companies, single service",8.49,1,High,False
valencia,VAL_LOC_000475,39.49001225927396,-0.39126304023834074,3,3,Celeritas | Ctt Express | Nacex,"C. de la Florista, 1",Estanco Las Vias (4616-95) | Estanco Las Vías,False,False,False,False,False,False,True,False,5,Convenience Store only,3,"Multiple companies, single service",15.76,2,Medium,False
valencia,VAL_LOC_000476,39.49595859235277,-0.3972919255039644,1,1,Celeritas,"Carrer de Quartell, 4",Papeleria Enysa,False,False,False,False,False,False,True,False,5,Convenience Store only,1,Single record,0.0,1,High,False
valencia,VAL_LOC_000477,39.51715342207933,-0.3783472591855818,3,3,Celeritas | Ctt Express | UPS,"Plaça del Poble, 7",Estanco Carpesa,False,False,False,False,False,False,True,False,5,Convenience Store only,3,"Multiple companies, single service",9.61,1,High,False
valencia,VAL_LOC_000478,39.44881775384094,-0.3879580697745492,4,4,Celeritas | Ctt Express | Nacex | UPS,"Pl. de Holanda, 7",Material Didactico | Material Didactico (4604-37),False,False,False,False,False,False,True,False,5,Convenience Store only,3,"Multiple companies, single service",10.13,1,High,False
valencia,VAL_LOC_000479,39.454666866622276,-0.3939274870984235,2,2,Celeritas | Ctt Express,"Calle Juan de Garay, 40",Kiosco Sonia,False,False,False,False,False,False,True,False,5,Convenience Store only,3,"Multiple companies, single service",6.51,1,High,False
valencia,VAL_LOC_000480,39.49296831367004,-0.3798280507313286,1,1,Celeritas,"Cmo. de Moncada, 79",Maslife Moncada,False,False,False,False,False,False,True,False,5,Convenience Store only,1,Single record,0.0,1,High,False
valencia,VAL_LOC_000481,39.497389877643954,-0.3707687819112858,2,2,Celeritas | Ctt Express,"Av. de la Constitución, 245",Papeleria - Imprenta La Popular,False,False,False,False,False,False,True,False,5,Convenience Store only,3,"Multiple companies, single service",3.59,1,High,False
valencia,VAL_LOC_000482,39.49580942951276,-0.3693594698790698,1,1,Celeritas,"C. Padre Viñas, 88",Estanco Orriols,False,False,False,False,False,False,True,False,5,Convenience Store only,1,Single record,0.0,1,High,False
valencia,VAL_LOC_000483,39.49387457193448,-0.3631358945197245,1,1,Celeritas,"C/ de Santa Genoveva Torres, 21",Yoigo Genoveva Torres,False,False,False,False,False,False,True,False,5,Convenience Store only,1,Single record,0.0,1,High,False
valencia,VAL_LOC_000484,39.48998330023491,-0.3644910866259454,2,2,Celeritas | Ctt Express,"Av. Alfahuir, 34",Papeleria Paco,False,False,False,False,False,False,True,False,5,Convenience Store only,3,"Multiple companies, single service",0.92,1,High,False
valencia,VAL_LOC_000485,39.486690009336186,-0.3613920088392829,1,1,Celeritas,"C/ Emilio Baró, 38",Maslife Baro,False,False,False,False,False,False,True,False,5,Convenience Store only,1,Single record,0.0,1,High,False
valencia,VAL_LOC_000486,39.482843895693634,-0.3599066945192563,2,2,Celeritas | Ctt Express,"Calle la Guardia Civil, 4",Llibres & Co,False,False,False,False,False,False,True,False,5,Convenience Store only,3,"Multiple companies, single service",9.39,1,High,False
valencia,VAL_LOC_000487,39.467793837200624,-0.3530015489747485,1,1,Celeritas,"C. Abén al Abbar, 9",Kiosco Paqui,False,False,False,False,False,False,True,False,5,Convenience Store only,1,Single record,0.0,1,High,False
valencia,VAL_LOC_000488,39.47051224112639,-0.3536925461640365,1,1,Celeritas,"C/ de la Puebla de Farnals, 13",Kiosco Brenda,False,False,False,False,False,False,True,False,5,Convenience Store only,1,Single record,0.0,1,High,False
valencia,VAL_LOC_000489,39.47838857421927,-0.3517798845856535,3,3,Celeritas | Ctt Express | Gls,"C/ del Clariano, 19",Copibalbi Slu | Ps Copibalbi,False,False,False,False,False,False,True,False,5,Convenience Store only,3,"Multiple companies, single service",9.58,1,High,False
valencia,VAL_LOC_000490,39.4698560961601,-0.3481182924367107,1,1,Celeritas,"C. de los Santos Justo y Pastor, 62",Maslife Justo Y Pastor,False,False,False,False,False,False,True,False,5,Convenience Store only,1,Single record,0.0,1,High,False
valencia,VAL_LOC_000491,39.46826437650189,-0.34777137568664607,3,2,Celeritas | Ctt Express,"C. los Leones, 37 | C. los Leones, 39",El Gato De Papel | Zaman Supermercado,False,False,False,False,False,False,True,False,5,Convenience Store only,3,"Multiple companies, single service",3.83,1,High,False
valencia,VAL_LOC_000492,39.466132704166895,-0.3411073641401446,4,4,Celeritas | Ctt Express | Gls | UPS,"C. del Maestro Valls, 30",Papeleria Ebano | Papereria Ebano | Ps Papeleria Ebano,False,False,False,False,False,False,True,False,5,Convenience Store only,3,"Multiple companies, single service",9.49,1,High,False
valencia,VAL_LOC_000493,39.466862977445246,-0.3397697074196402,1,1,Celeritas,"C. de José Aguilar, 53",Kiosco Doan,False,False,False,False,False,False,True,False,5,Convenience Store only,1,Single record,0.0,1,High,False
valencia,VAL_LOC_000494,39.46812770271086,-0.3386397439084033,2,2,Celeritas | Ctt Express,"C. del Pintor Ferrer Calatayud, 1",Papeleria Mari,False,False,False,False,False,False,True,False,5,Convenience Store only,3,"Multiple companies, single service",3.91,1,High,False
valencia,VAL_LOC_000495,39.46305953622612,-0.35478328206838516,2,2,Celeritas | Ctt Express,"Av. de Baleares, 18",Papeleria Baleares,False,False,False,False,False,False,True,False,5,Convenience Store only,3,"Multiple companies, single service",14.8,1,High,False
valencia,VAL_LOC_000496,39.4637130697646,-0.3441537377311539,1,1,Celeritas,"Av. del Puerto, 169",Maslife Puerto,False,False,False,False,False,False,True,False,5,Convenience Store only,1,Single record,0.0,1,High,False
valencia,VAL_LOC_000497,39.46302522847712,-0.3439080356805839,2,2,Celeritas | Ctt Express,"C. Islas Canarias, 199",Ciber Giro Vale,False,False,False,False,False,False,True,False,5,Convenience Store only,3,"Multiple companies, single service",6.18,1,High,False
valencia,VAL_LOC_000498,39.494569450678256,-0.39459607514020634,2,2,Celeritas | Ctt Express,"C/ de José Grollo, 135",Papeleria El Parque,False,False,False,False,False,False,True,False,5,Convenience Store only,3,"Multiple companies, single service",9.49,1,High,False
valencia,VAL_LOC_000499,39.44930868039404,-0.37908387374302155,2,2,Celeritas | Ctt Express,"C/ de l'Illa Cabrera, 33",Herboristeria La Terreta,False,False,False,False,False,False,True,False,5,Convenience Store only,3,"Multiple companies, single service",7.02,1,High,False
valencia,VAL_LOC_000500,39.450679248816165,-0.3789023008978425,2,2,Celeritas | Ctt Express,"Carr. de Malilla, 45",Papeleria Kiosco El Golosson,False,False,False,False,False,False,True,False,5,Convenience Store only,3,"Multiple companies, single service",9.26,1,High,False
valencia,VAL_LOC_000501,39.47527786770495,-0.3790096305028577,1,1,Ctt Express,"Pl. del Mercado, 25",Estanco La Lonja,False,False,False,False,False,False,True,False,5,Convenience Store only,1,Single record,0.0,1,High,False
valencia,VAL_LOC_000502,39.47017122418601,-0.3792795489741823,1,1,Ctt Express,"Av. del Oeste, 43",El Móvil Store,False,False,False,False,False,False,True,False,5,Convenience Store only,1,Single record,0.0,1,High,False
valencia,VAL_LOC_000503,39.46647220889913,-0.3742938326991145,1,1,Ctt Express,"C. de Ruzafa, 14",Uala Accesorios,False,False,False,False,False,False,True,False,5,Convenience Store only,1,Single record,0.0,1,High,False
valencia,VAL_LOC_000504,39.47201848442166,-0.3674628961025677,1,1,Ctt Express,"Av. de Navarro Reverter, 5",Kiosko De Calle La Paraeta,False,False,False,False,False,False,True,False,5,Convenience Store only,1,Single record,0.0,1,High,False
valencia,VAL_LOC_000505,39.46220146968222,-0.3720194105627081,1,1,Ctt Express,"Pl. Barón de Cortes, 20",Microsshop Ruzafa,False,False,False,False,False,False,True,False,5,Convenience Store only,1,Single record,0.0,1,High,False
valencia,VAL_LOC_000506,39.46631666883491,-0.37977242191436367,2,2,Ctt Express | Pudo,"C. del Convento de Jerusalén, 28",Latin Travel Convent | Latin Travel España,False,False,True,False,False,False,True,False,7,Multiple services,4,"Multiple companies, multiple services",6.18,1,High,False
valencia,VAL_LOC_000507,39.4643307852166,-0.377555238033821,1,1,Ctt Express,"C. de Alicante, 25",Locutorio Touba.,False,False,False,False,False,False,True,False,5,Convenience Store only,1,Single record,0.0,1,High,False
valencia,VAL_LOC_000508,39.464518468837525,-0.3627069662603882,1,1,Ctt Express,"C. de Salamanca, 47",Papelería Barco De Papel,False,False,False,False,False,False,True,False,5,Convenience Store only,1,Single record,0.0,1,High,False
valencia,VAL_LOC_000509,39.466168112141375,-0.365560306163016,1,1,Ctt Express,"C. Císcar, 30",Kiosco Inma Y Pepe,False,False,False,False,False,False,True,False,5,Convenience Store only,1,Single record,0.0,1,High,False
valencia,VAL_LOC_000510,39.46311055458117,-0.365150065951485,1,1,Ctt Express,"Av. del Reino de Valencia, 70",Watermelon,False,False,False,False,False,False,True,False,5,Convenience Store only,1,Single record,0.0,1,High,False
valencia,VAL_LOC_000511,39.460969609824055,-0.3671582805646152,1,1,Ctt Express,"Av. de Peris y Valero, 143",Phonehub,False,False,False,False,False,False,True,False,5,Convenience Store only,1,Single record,0.0,1,High,False
valencia,VAL_LOC_000512,39.46495576509235,-0.3633551644027528,1,1,Ctt Express,"C. de Salamanca, 42",Libreria Salamanca,False,False,False,False,False,False,True,False,5,Convenience Store only,1,Single record,0.0,1,High,False
valencia,VAL_LOC_000513,39.46515668666708,-0.366293197600818,1,1,Ctt Express,"C. Joaquín Costa, 37",Nickname Store,False,False,False,False,False,False,True,False,5,Convenience Store only,1,Single record,0.0,1,High,False
valencia,VAL_LOC_000514,39.45301602659711,-0.3769273205895329,1,1,Ctt Express,"C. Oltà, 33",Bar Amistad,False,False,False,False,False,False,True,False,5,Convenience Store only,1,Single record,0.0,1,High,False
valencia,VAL_LOC_000515,39.46109737466986,-0.3763983683469671,1,1,Ctt Express,"C. de Cuba, 40",Arif Locutorio,False,False,False,False,False,False,True,False,5,Convenience Store only,1,Single record,0.0,1,High,False
valencia,VAL_LOC_000516,39.45344181196381,-0.3746927802621468,1,1,Ctt Express,"C. Oltà, 51",D Olta 51,False,False,False,False,False,False,True,False,5,Convenience Store only,1,Single record,0.0,1,High,False
valencia,VAL_LOC_000517,39.461624190816856,-0.3611416936006026,1,1,Ctt Express,"C. de Luis Oliag, 66",X-Force,False,False,False,False,False,False,True,False,5,Convenience Store only,1,Single record,0.0,1,High,False
valencia,VAL_LOC_000518,39.45619418804561,-0.3742797644038725,1,1,Ctt Express,"C. de Rubén Vela, 16",Minimarket Gustitos Dafer,False,False,False,False,False,False,True,False,5,Convenience Store only,1,Single record,0.0,1,High,False
valencia,VAL_LOC_000519,39.466671183034535,-0.3790410532158622,1,1,Ctt Express,"Calle del Matemàtico Marzal, 19",Multimedia Karachi.,False,False,False,False,False,False,True,False,5,Convenience Store only,1,Single record,0.0,1,High,False
valencia,VAL_LOC_000520,39.46121235866753,-0.3835795659621237,1,1,Ctt Express,"C. Maestro Sosa, 31",Minimarket,False,False,False,False,False,False,True,False,5,Convenience Store only,1,Single record,0.0,1,High,False
valencia,VAL_LOC_000521,39.47007393463967,-0.3835510218843908,1,1,Ctt Express,"C. de Cuenca, 3",Aap Tec,False,False,False,False,False,False,True,False,5,Convenience Store only,1,Single record,0.0,1,High,False
valencia,VAL_LOC_000522,39.46603908046134,-0.3806089513853344,1,1,Ctt Express,"C/ Estrella, 12",Travel Grupo Logistico,False,False,False,False,False,False,True,False,5,Convenience Store only,1,Single record,0.0,1,High,False
valencia,VAL_LOC_000523,39.47493547350709,-0.3918107459292134,1,1,Ctt Express,"C. de Quart, 138",Toner Quart,False,False,False,False,False,False,True,False,5,Convenience Store only,1,Single record,0.0,1,High,False
valencia,VAL_LOC_000524,39.48937796276851,-0.3802607823969277,1,1,Ctt Express,"C/ de Luis Crumiere, 1",Papeleria Braille,False,False,False,False,False,False,True,False,5,Convenience Store only,1,Single record,0.0,1,High,False
valencia,VAL_LOC_000525,39.487537603118064,-0.3745571883217641,1,1,Ctt Express,"C. Fray Pedro Vives, 5",Audite Centrum,False,False,False,False,False,False,True,False,5,Convenience Store only,1,Single record,0.0,1,High,False
valencia,VAL_LOC_000526,39.49016903957808,-0.3826363650303246,1,1,Ctt Express,"Av. del Dr. Peset Aleixandre, 103",Fábrica De Sorpresas,False,False,False,False,False,False,True,False,5,Convenience Store only,1,Single record,0.0,1,High,False
valencia,VAL_LOC_000527,39.48416611149918,-0.3837989019142332,1,1,Ctt Express,"C/ de Gregorio Gea, 1",Kiosco Los Juniors,False,False,False,False,False,False,True,False,5,Convenience Store only,1,Single record,0.0,1,High,False
valencia,VAL_LOC_000528,39.490369318699095,-0.3757388508091345,1,1,Ctt Express,"C/ de Just Ramírez, 4",The Phone Outlet,False,False,False,False,False,False,True,False,5,Convenience Store only,1,Single record,0.0,1,High,False
valencia,VAL_LOC_000529,39.4893137616046,-0.3872573453137343,1,1,Ctt Express,"Av. del Dr. Peset Aleixandre, 133",Lionnet,False,False,False,False,False,False,True,False,5,Convenience Store only,1,Single record,0.0,1,High,False
valencia,VAL_LOC_000530,39.48569020864676,-0.3653889081943755,1,1,Ctt Express,"Av. Primado Reig, 58",Mobile Shop,False,False,False,False,False,False,True,False,5,Convenience Store only,1,Single record,0.0,1,High,False
valencia,VAL_LOC_000531,39.48261200100933,-0.3631545085499395,1,1,Ctt Express,"C/ del Bachiller, 10",Numi Mascotas,False,False,False,False,False,False,True,False,5,Convenience Store only,1,Single record,0.0,1,High,False
valencia,VAL_LOC_000532,39.47833795647766,-0.3575225459278803,1,1,Ctt Express,"C. Gasco Oliag, 6",Avancestel,False,False,False,False,False,False,True,False,5,Convenience Store only,1,Single record,0.0,1,High,False
valencia,VAL_LOC_000533,39.46217185764517,-0.335466881487222,1,1,Ctt Express,"C/ de José Aguirre, 23",Locutorio Grau.,False,False,False,False,False,False,True,False,5,Convenience Store only,1,Single record,0.0,1,High,False
valencia,VAL_LOC_000534,39.45300592640885,-0.3563232428832977,1,1,Ctt Express,"Av. del Professor López Piñero, 16",Kiosco Las Ciencias,False,False,False,False,False,False,True,False,5,Convenience Store only,1,Single record,0.0,1,High,False
valencia,VAL_LOC_000535,39.45585453379685,-0.3568351671978252,1,1,Ctt Express,"Av. del Professor López Piñero, 6",Kiosco Verde,False,False,False,False,False,False,True,False,5,Convenience Store only,1,Single record,0.0,1,High,False
valencia,VAL_LOC_000536,39.45949686211693,-0.3995990659622089,1,1,Ctt Express,"C. Músico Gomis, 32",Apvpvp Asociación Vendedores Prensa,False,False,False,False,False,False,True,False,5,Convenience Store only,1,Single record,0.0,1,High,False
valencia,VAL_LOC_000537,39.46332415462049,-0.3992699948430724,1,1,Ctt Express,"C. Virgen de la Cabeza, 60",Droguería Paquetería Tarín,False,False,False,False,False,False,True,False,5,Convenience Store only,1,Single record,0.0,1,High,False
valencia,VAL_LOC_000538,39.47093359260587,-0.4067650303244122,1,1,Ctt Express,"C/ d' Alcàsser, 3",Locutorio Jarral,False,False,False,False,False,False,True,False,5,Convenience Store only,1,Single record,0.0,1,High,False
valencia,VAL_LOC_000539,39.46389272871888,-0.4038470753718886,1,1,Ctt Express,"C/ de les Tres Forques, 127",Padbox,False,False,False,False,False,False,True,False,5,Convenience Store only,1,Single record,0.0,1,High,False
valencia,VAL_LOC_000540,39.46752724045069,-0.41432218690574635,2,2,Ctt Express | UPS,"Av. Marconi, 21",Multiservicios Llum,False,False,False,False,False,False,True,False,5,Convenience Store only,3,"Multiple companies, single service",8.24,1,High,False
valencia,VAL_LOC_000541,39.496097280670284,-0.3973343220819629,2,2,Ctt Express | Nacex,"Carrer Cuartell, 4 | Carrer de Quartell, 4",Papeleria Enysa | Papelería Enysa (4601-39),False,False,False,False,False,False,True,False,5,Convenience Store only,3,"Multiple companies, single service",3.53,1,High,False
valencia,VAL_LOC_000542,39.47840414763996,-0.4045711202831689,1,1,Ctt Express,"C/ de la Vall de la Ballestera, 73",Lion Energy,False,False,False,False,False,False,True,False,5,Convenience Store only,1,Single record,0.0,1,High,False
valencia,VAL_LOC_000543,39.45272631855647,-0.3878233880148807,2,2,Ctt Express | Gls,"Pl. Santiago Suárez, 6",Kiosco Senabre | Ps Kiosco Senabre,False,False,False,False,False,False,True,False,5,Convenience Store only,3,"Multiple companies, single service",2.91,1,High,False
valencia,VAL_LOC_000544,39.45500572756139,-0.3912780631798558,1,1,Ctt Express,"Av. de Gaspar Aguilar, 65",Mini Supermercado,False,False,False,False,False,False,True,False,5,Convenience Store only,1,Single record,0.0,1,High,False
valencia,VAL_LOC_000545,39.44858392490796,-0.38586900249158984,2,2,Ctt Express | UPS,"C. San Vicente Mártir, 340 | SAN VICENT MARTIR 340 BAJO",Kiosco La Cruz,False,False,False,False,False,False,True,False,5,Convenience Store only,3,"Multiple companies, single service",5.6,1,High,False
valencia,VAL_LOC_000546,39.45357309654237,-0.3911595377459658,1,1,Ctt Express,"C/ Calvo Acacio, 11",A12 Gestion Inmobiliaria,False,False,False,False,False,False,True,False,5,Convenience Store only,1,Single record,0.0,1,High,False
valencia,VAL_LOC_000547,39.44366834979912,-0.389013007263923,1,1,Ctt Express,"C. del Arzobispo Olaechea, 14",Jutlo Studio,False,False,False,False,False,False,True,False,5,Convenience Store only,1,Single record,0.0,1,High,False
valencia,VAL_LOC_000548,39.46049174497693,-0.3937276082513164,1,1,Ctt Express,"C. Humanista Mariner, 19",Shopping Center Patraix,False,False,False,False,False,False,True,False,5,Convenience Store only,1,Single record,0.0,1,High,False
valencia,VAL_LOC_000549,39.47273020081675,-0.4028548675314261,1,1,Ctt Express,"C/ de la Democracia, 75",Kiosco Vicmar Las Provincias,False,False,False,False,False,False,True,False,5,Convenience Store only,1,Single record,0.0,1,High,False
valencia,VAL_LOC_000550,39.49558588908007,-0.3692253659587439,1,1,Ctt Express,"C. Padre Viñas, 88",Estanco Orriols,False,False,False,False,False,False,True,False,5,Convenience Store only,1,Single record,0.0,1,High,False
valencia,VAL_LOC_000551,39.48985720092424,-0.3704525948409631,1,1,Ctt Express,"Av. Primado Reig, 45",Coaliment,False,False,False,False,False,False,True,False,5,Convenience Store only,1,Single record,0.0,1,High,False
valencia,VAL_LOC_000552,39.49326983267744,-0.3710808228028359,1,1,Ctt Express,"C. Padre Viñas, 58",La Bodeguita Latina Expess,False,False,False,False,False,False,True,False,5,Convenience Store only,1,Single record,0.0,1,High,False
valencia,VAL_LOC_000553,39.49607924658629,-0.3695759942244405,1,1,Ctt Express,"C. San Juan de la Peña, 13",Locutorio Malsi Aa3,False,False,False,False,False,False,True,False,5,Convenience Store only,1,Single record,0.0,1,High,False
valencia,VAL_LOC_000554,39.49470296896304,-0.37845592122873,1,1,Ctt Express,"C/ d'Alcanyís, 34",Locutorio Nino,False,False,False,False,False,False,True,False,5,Convenience Store only,1,Single record,0.0,1,High,False
valencia,VAL_LOC_000555,39.49405269263087,-0.3705868237211252,1,1,Ctt Express,"C. Padre Viñas, 68",Locutorio Venus,False,False,False,False,False,False,True,False,5,Convenience Store only,1,Single record,0.0,1,High,False
valencia,VAL_LOC_000556,39.48116698034287,-0.3575575942258049,1,1,Ctt Express,"Calle Dr. Garcia Brustenga, 1",Az Soluciones Contables,False,False,False,False,False,False,True,False,5,Convenience Store only,1,Single record,0.0,1,High,False
valencia,VAL_LOC_000557,39.48429587206935,-0.3628295498011686,1,1,Ctt Express,"Av. Primado Reig, 127",Rincon Italiano,False,False,False,False,False,False,True,False,5,Convenience Store only,1,Single record,0.0,1,High,False
valencia,VAL_LOC_000558,39.46757021132489,-0.3530820231114077,1,1,Ctt Express,"C. Abén al Abbar, 9",Kiosco Paqui,False,False,False,False,False,False,True,False,5,Convenience Store only,1,Single record,0.0,1,High,False
valencia,VAL_LOC_000559,39.47037144035001,-0.3535047948336894,2,2,Ctt Express | Gls,"C/ de la Puebla de Farnals, 13",Kiosco Brenda | Ps Kiosko Brenda,False,False,False,False,False,False,True,False,5,Convenience Store only,3,"Multiple companies, single service",6.64,1,High,False
valencia,VAL_LOC_000560,39.46746214085802,-0.3508929063270904,1,1,Ctt Express,"C. del Dr. Manuel Candela, 21",Futurmovil,False,False,False,False,False,False,True,False,5,Convenience Store only,1,Single record,0.0,1,High,False
valencia,VAL_LOC_000561,39.47425165217097,-0.3525112684307807,1,1,Ctt Express,"C. de l'Amistat, 1",Lenceria Gracia.,False,False,False,False,False,False,True,False,5,Convenience Store only,1,Single record,0.0,1,High,False
valencia,VAL_LOC_000562,39.46827892680401,-0.3518401656519901,1,1,Ctt Express,"C. de Rodríguez de Cepeda, 40",Fdphone,False,False,False,False,False,False,True,False,5,Convenience Store only,1,Single record,0.0,1,High,False
valencia,VAL_LOC_000563,39.467591946676286,-0.3522716814878357,1,1,Ctt Express,"C. Abén al Abbar, 14",Estanco Valencia 180,False,False,False,False,False,False,True,False,5,Convenience Store only,1,Single record,0.0,1,High,False
valencia,VAL_LOC_000564,39.47382763215354,-0.3535107504287645,1,1,Ctt Express,"Av. Cardenal Benlloch, 93",Mobile Valencia,False,False,False,False,False,False,True,False,5,Convenience Store only,1,Single record,0.0,1,High,False
valencia,VAL_LOC_000565,39.46670560918171,-0.3398287212728548,1,1,Ctt Express,"C. de José Aguilar, 53",Kiosco Doan,False,False,False,False,False,False,True,False,5,Convenience Store only,1,Single record,0.0,1,High,False
valencia,VAL_LOC_000566,39.46773812428149,-0.3465429082510721,1,1,Ctt Express,"C. de Peris Brell, 37",Expendeduría Valencia 135,False,False,False,False,False,False,True,False,5,Convenience Store only,1,Single record,0.0,1,High,False
valencia,VAL_LOC_000567,39.46880246042001,-0.3424478085061047,1,1,Ctt Express,"C. del Poeta Mas y Ros, 92",Bar Restaurante Luciérnaga,False,False,False,False,False,False,True,False,5,Convenience Store only,1,Single record,0.0,1,High,False
valencia,VAL_LOC_000568,39.47298541693712,-0.3423115945337471,1,1,Ctt Express,"Avda. de Blasco Ibáñez, 135",Mini Market Blasco Ibañez,False,False,False,False,False,False,True,False,5,Convenience Store only,1,Single record,0.0,1,High,False
valencia,VAL_LOC_000569,39.472298521972334,-0.3428930384827942,1,1,Ctt Express,"C. Músico Ginés, 31",Futurmovil,False,False,False,False,False,False,True,False,5,Convenience Store only,1,Single record,0.0,1,High,False
valencia,VAL_LOC_000570,39.46211727068685,-0.3484614887456893,1,1,Ctt Express,"C/ Vicente Beltrán Grimal, 17",Estanco Valencia 2,False,False,False,False,False,False,True,False,5,Convenience Store only,1,Single record,0.0,1,High,False
valencia,VAL_LOC_000571,39.462943905229,-0.3535163161326057,2,2,Ctt Express | UPS,"Av. de Baleares, 41",Yo Reparo,False,False,False,False,False,False,True,False,5,Convenience Store only,3,"Multiple companies, single service",3.8,1,High,False
valencia,VAL_LOC_000572,39.46080472650421,-0.3380340923811266,1,1,Ctt Express,"C/ del Lliri, 9",Sun And Bikes Valencia,False,False,False,False,False,False,True,False,5,Convenience Store only,1,Single record,0.0,1,High,False
valencia,VAL_LOC_000573,39.49174342625372,-0.3788110472344181,1,1,Ctt Express,"Av. del Dr. Peset Aleixandre, 56",Kiosco Peset,False,False,False,False,False,False,True,False,5,Convenience Store only,1,Single record,0.0,1,High,False
valencia,VAL_LOC_000574,39.49117023624774,-0.3845559494852875,1,1,Ctt Express,"C. Félix del Río, 50",Movismart,False,False,False,False,False,False,True,False,5,Convenience Store only,1,Single record,0.0,1,High,False
valencia,VAL_LOC_000575,39.48984228081391,-0.3857436945319989,1,1,Ctt Express,"Av. del Dr. Peset Aleixandre, 118",Black & White,False,False,False,False,False,False,True,False,5,Convenience Store only,1,Single record,0.0,1,High,False
valencia,VAL_LOC_000576,39.49002513896298,-0.3882053494837607,1,1,Ctt Express,"C. Mondúver, 23",Tienda Alimentacion Angels,False,False,False,False,False,False,True,False,5,Convenience Store only,1,Single record,0.0,1,High,False
valencia,VAL_LOC_000577,39.49222495647608,-0.3825940386451024,1,1,Ctt Express,"Av. de Juan XXIII, 18",Calzados Famy,False,False,False,False,False,False,True,False,5,Convenience Store only,1,Single record,0.0,1,High,False
valencia,VAL_LOC_000578,39.49988563237072,-0.4195655082447721,1,1,Ctt Express,"C. Esperanza, 18",La Mercería De Maria Amparo,False,False,False,False,False,False,True,False,5,Convenience Store only,1,Single record,0.0,1,High,False
valencia,VAL_LOC_000579,39.502310299605554,-0.42214094259548424,2,2,Ctt Express | Gls,"C / Campamento 44 bajo | C. Campamento, 44",Bambini Moda Infantil Y Mujer | Ps Bambini Moda Infantil Y Mujer,False,False,False,False,False,False,True,False,5,Convenience Store only,3,"Multiple companies, single service",14.38,1,High,False
valencia,VAL_LOC_000580,39.50268293187335,-0.4202444231061734,1,1,Ctt Express,"C. Campamento, 5",Locutorio Godwin,False,False,False,False,False,False,True,False,5,Convenience Store only,1,Single record,0.0,1,High,False
valencia,VAL_LOC_000581,39.49922245550703,-0.4183103085489731,1,1,Ctt Express,"C/ de Felipe Valls, 3",Baby Groom,False,False,False,False,False,False,True,False,5,Convenience Store only,1,Single record,0.0,1,High,False
valencia,VAL_LOC_000582,39.47328668800207,-0.3757519588160138,1,1,Gls,"C. de la Abadía San de Martín, 4",Ps Passion Bike,False,False,False,False,False,False,True,False,5,Convenience Store only,1,Single record,0.0,1,High,False
valencia,VAL_LOC_000583,39.473431843878295,-0.3722743297010543,1,1,Gls,"C. de la Paz, 32",Ps Ruzafa Bike Rent Ii,False,False,False,False,False,False,True,False,5,Convenience Store only,1,Single record,0.0,1,High,False
valencia,VAL_LOC_000584,39.4608680765,-0.3689421240327553,1,1,Gls,"Calle de Matías Perelló, 8",Ps Ferreteria Insa Valencia,False,False,False,False,False,False,True,False,5,Convenience Store only,1,Single record,0.0,1,High,False
valencia,VAL_LOC_000585,39.454196590118215,-0.3786656395517462,1,1,Gls,"C. Pianista Amparo Iturbi, 60",Ps Servicios Logisticos Valencia,False,False,False,False,False,False,True,False,5,Convenience Store only,1,Single record,0.0,1,High,False
valencia,VAL_LOC_000586,39.45717280239315,-0.387086022500203,1,1,Gls,"C. Uruguay, 18",Ps Latin Viajes,False,False,False,False,False,False,True,False,5,Convenience Store only,1,Single record,0.0,1,High,False
valencia,VAL_LOC_000587,39.47419810154941,-0.3869230460503491,1,1,Gls,"Gran Vía de Fernando el Católico, 56",Ps Kalinopa,False,False,False,False,False,False,True,False,5,Convenience Store only,1,Single record,0.0,1,High,False
valencia,VAL_LOC_000588,39.47095143918753,-0.3896158948435991,1,1,Gls,"C. de Juan Llorens, 48",Ps Gls Juan Llorens Encicle,False,True,False,False,False,False,False,False,2,PUDO only,1,Single record,0.0,1,High,False
valencia,VAL_LOC_000589,39.48698338804718,-0.3751191704983261,2,2,Gls | Nacex,"C. de Sagunto, 103",Mobile Valencia (4601-46) | Ps Mobile Valencia,False,False,False,False,False,False,True,False,5,Convenience Store only,3,"Multiple companies, single service",5.37,1,High,False
valencia,VAL_LOC_000590,39.489065363062295,-0.3872573535195085,1,1,Gls,"Av. del Dr. Peset Aleixandre, 133",Ps Lionnet Telecomunicaciones,False,False,False,False,False,False,True,False,5,Convenience Store only,1,Single record,0.0,1,High,False
valencia,VAL_LOC_000591,39.4832940190086,-0.3642072981006448,1,1,Gls,"C/ del Bachiller, 4",Ps Fotocopias La Repera,False,False,False,False,False,False,True,False,5,Convenience Store only,1,Single record,0.0,1,High,False
valencia,VAL_LOC_000592,39.46769714135591,-0.3293199181495697,1,1,Gls,"C/ de la Reina, 81",Ps Ruzafa Bike Rent Reina,False,False,False,False,False,False,True,False,5,Convenience Store only,1,Single record,0.0,1,High,False
valencia,VAL_LOC_000593,39.46230727197342,-0.3313165365294384,1,1,Gls,"C. Dr. Juan José Dómine, 14",Ps Gls Puerto Valencia,False,True,False,False,False,False,False,False,2,PUDO only,1,Single record,0.0,1,High,False
valencia,VAL_LOC_000594,39.2992821026005,-0.2896259663546345,1,1,Gls,"Av. de les Gavines, 137",Ps Expededuria 001 Perellonet,False,False,False,False,False,False,True,False,5,Convenience Store only,1,Single record,0.0,1,High,False
valencia,VAL_LOC_000595,39.47693927290205,-0.3985069460512153,1,1,Gls,"Av. de Manuel de Falla, 3",Ps Kiosco Papeleria Arco Iris,False,False,False,False,False,False,True,False,5,Convenience Store only,1,Single record,0.0,1,High,False
valencia,VAL_LOC_000596,39.457554157381416,-0.3922142446616978,1,1,Gls,"Carrer de la Ciutat de Melilla, 16",Ps Papeleria Daf,False,False,False,False,False,False,True,False,5,Convenience Store only,1,Single record,0.0,1,High,False
valencia,VAL_LOC_000597,39.49043101993815,-0.3591347951479539,1,1,Gls,"C. Poeta Ricard Sanmartí, 5",Ps Cottonart,False,False,False,False,False,False,True,False,5,Convenience Store only,1,Single record,0.0,1,High,False
valencia,VAL_LOC_000598,39.48669052788751,-0.3626627358338158,1,1,Gls,"C. de Dolores Marqués, 18",Ps Gls Viveros,False,True,False,False,False,False,False,False,2,PUDO only,1,Single record,0.0,1,High,False
valencia,VAL_LOC_000599,39.4925809521028,-0.3597053637932735,1,1,Gls,"Carrer del Pintor Manolo Gil, 8",Ps Outlet Destino 20,False,False,False,False,False,False,True,False,5,Convenience Store only,1,Single record,0.0,1,High,False
valencia,VAL_LOC_000600,39.49817349963601,-0.3771527936076824,1,1,Gls,"Avinguda del Cardenal Benlloch, 93",Ps Mobile Valencia Benlloch,False,False,False,False,False,False,True,False,5,Convenience Store only,1,Single record,0.0,1,High,False
valencia,VAL_LOC_000601,39.468261687244464,-0.3483499156720102,1,1,Gls,"C. de Ramiro de Maeztu, 21",Ps Ladyvape,False,False,False,False,False,False,True,False,5,Convenience Store only,1,Single record,0.0,1,High,False
valencia,VAL_LOC_000602,39.46299660427998,-0.3497289650340082,1,1,Gls,"C. Fuencaliente, 10",Ps Quiosc El Barri,False,False,False,False,False,False,True,False,5,Convenience Store only,1,Single record,0.0,1,High,False
valencia,VAL_LOC_000603,39.46167824326066,-0.341391554478097,1,1,Gls,"C. Islas Canarias, 154",Ps Papeleria Gamma,False,False,False,False,False,False,True,False,5,Convenience Store only,1,Single record,0.0,1,High,False
valencia,VAL_LOC_000604,39.447972871462746,-0.3352843100685846,1,1,Gls,"Carrer de Bernabé Garcia, 38",Ps Cristaleria Molina,False,False,False,False,False,False,True,False,5,Convenience Store only,1,Single record,0.0,1,High,False
valencia,VAL_LOC_000605,39.44747462734282,-0.3712433091612351,1,1,Gls,"C. Juan Ramón Jiménez, 102",Ps Beauty Salon Academy Andreia Apostul,False,False,False,False,False,False,True,False,5,Convenience Store only,1,Single record,0.0,1,High,False
valencia,VAL_LOC_000606,39.4565611937853,-0.373775963887536,1,1,Gls,"C. Juan Ramón Jiménez, 67","GLS Valencia Electrón Mensajeros, S.L.",False,True,False,False,False,False,False,False,2,PUDO only,1,Single record,0.0,1,High,False
valencia,VAL_LOC_000607,39.4647953150551,-0.401576166825694,1,1,Gls,"Carrer de la Puebla de Valverde, 5",GLS Transporte Urgente,False,True,False,False,False,False,False,False,2,PUDO only,1,Single record,0.0,1,High,False
valencia,VAL_LOC_000608,39.4706073629431,-0.365540073398382,1,1,Gls,"Carrer de Borriana, 14",GLS | Agencia Reino de Valencia,False,True,False,False,False,False,False,False,2,PUDO only,1,Single record,0.0,1,High,False
valencia,VAL_LOC_000609,39.4698182556109,-0.373436696551116,1,1,Gls,"C. de Gregori Mayans, 4",Gestimil Valencia GLS,False,True,False,False,False,False,False,False,2,PUDO only,1,Single record,0.0,1,High,False
valencia,VAL_LOC_000610,39.4772441203406,-0.382697631036315,1,1,Gls,"C/ de Roger de Flor, 30",GLS PS Encicle Ciutat Vella,False,True,False,False,False,False,False,False,2,PUDO only,1,Single record,0.0,1,High,False
valencia,VAL_LOC_000611,39.4759232720599,-0.389565162118261,1,1,Gls,"C/ de Joan Llorenç, 48",GLS PS Premium Juan Llorens. Encicle cero emisiones,False,True,False,False,False,False,False,False,2,PUDO only,1,Single record,0.0,1,High,False
valencia,VAL_LOC_000612,39.5069284862875,-0.392626760949025,1,1,Gls,"C/ de Vicent Canet, 7",GLS Valencia VALFER Logistics,False,True,False,False,False,False,False,False,2,PUDO only,1,Single record,0.0,1,High,False
valencia,VAL_LOC_000613,39.46873630311208,-0.4001984212710475,1,1,Mail Boxes Etc,"Av. del Cid, 41",Mail Boxes Etc. 0327,False,True,False,False,False,False,False,False,2,PUDO only,1,Single record,0.0,1,High,False
valencia,VAL_LOC_000614,39.45913411276667,-0.3872451783747201,1,1,Mail Boxes Etc,"C/ de Jerónimo Muñoz, 14",Mail Boxes Etc. 0283,False,True,False,False,False,False,False,False,2,PUDO only,1,Single record,0.0,1,High,False
valencia,VAL_LOC_000615,39.47147271291297,-0.3553698215783811,1,1,Mail Boxes Etc,"C. Chile, 19",Mail Boxes Etc. 0077,False,True,False,False,False,False,False,False,2,PUDO only,1,Single record,0.0,1,High,False
valencia,VAL_LOC_000616,39.47813063034445,-0.3510777066369881,1,1,Mail Boxes Etc,"C/ del Clariano, 44",Mail Boxes Etc. 0214,False,True,False,False,False,False,False,False,2,PUDO only,1,Single record,0.0,1,High,False
valencia,VAL_LOC_000617,39.44993326563328,-0.37286930788694,1,1,Nacex,"C. Ayelo de Malferit, 1",Estanco-021 (4604-58),False,False,False,False,False,False,True,False,5,Convenience Store only,1,Single record,0.0,1,High,False
valencia,VAL_LOC_000618,39.45298694570584,-0.3755550964166873,1,1,Nacex,"C. Oltà, 45",Estesil (4604-54),False,False,False,False,False,False,True,False,5,Convenience Store only,1,Single record,0.0,1,High,False
valencia,VAL_LOC_000619,39.44875442144164,-0.3797724148189039,3,3,Nacex | Pudo | UPS,"Carr. de Malilla, 80",Estanco Malilla | Estanco Malilla 99 (4604-26),True,False,True,False,False,False,True,False,7,Multiple services,4,"Multiple companies, multiple services",2.76,1,High,False
valencia,VAL_LOC_000620,39.45723288246333,-0.4054518085080089,1,1,Nacex,"C. de Picapedreros, 5",Disvesa (4604-38),False,False,False,False,False,False,True,False,5,Convenience Store only,1,Single record,0.0,1,High,False
valencia,VAL_LOC_000621,39.46133050818051,-0.3623212453233206,1,1,Nacex,"C. de Luis Oliag, 54",Gosilandia (4604-53),False,False,False,False,False,False,True,False,5,Convenience Store only,1,Single record,0.0,1,High,False
valencia,VAL_LOC_000622,39.62747579420076,-0.5965554087810178,2,2,Nacex | UPS,"C. San Vicente de Paul, 17",La Barraca Smoke | La Barraca Smoke (4601-41),False,False,False,False,False,False,True,False,5,Convenience Store only,3,"Multiple companies, single service",10.72,1,High,False
valencia,VAL_LOC_000623,39.46020591000375,-0.3705300091311182,1,1,Nacex,"C. de los Centelles, 9",Papeleria Margen (4601-47),False,False,False,False,False,False,True,False,5,Convenience Store only,1,Single record,0.0,1,High,False
valencia,VAL_LOC_000624,39.484957506937896,-0.3694685019122204,1,1,Nacex,"C. Alboraya, 45",Planta Loca Shop (4601-37),False,False,False,False,False,False,True,False,5,Convenience Store only,1,Single record,0.0,1,High,False
valencia,VAL_LOC_000625,39.47872188609558,-0.3926281231098099,1,1,Nacex,"Av. de Tirso de Molina, 4",Rio Supermarket (4630-95),False,False,False,False,False,False,True,False,5,Convenience Store only,1,Single record,0.0,1,High,False
valencia,VAL_LOC_000626,39.47181129483773,-0.3986396166085459,1,1,Nacex,"Pl. Roma, 5",Kiosco Roma (4604-86),False,False,False,False,False,False,True,False,5,Convenience Store only,1,Single record,0.0,1,High,False
valencia,VAL_LOC_000627,38.27375074603635,-0.6804049512532211,1,1,Nacex,"Carrer Alberique, 31",Kiosco Abastos (4604-45),False,False,False,False,False,False,True,False,5,Convenience Store only,1,Single record,0.0,1,High,False
valencia,VAL_LOC_000628,39.46578601605661,-0.386039509764753,1,1,Nacex,"C. de Salas Quiroga, 13",Merceria La Tela De Araña (4604-47),False,False,False,False,False,False,True,False,5,Convenience Store only,1,Single record,0.0,1,High,False
valencia,VAL_LOC_000629,39.46220520759207,-0.385312024643427,1,1,Nacex,"C. de Albacete, 58",Estanco No 49 Valencia (4604-27),False,False,False,False,False,False,True,False,5,Convenience Store only,1,Single record,0.0,1,High,False
valencia,VAL_LOC_000630,39.47579833514588,-0.3622006921627541,1,1,Nacex,"C. Micer Mascó, 19",Kioscomestalla (4601-43),False,False,False,False,False,False,True,False,5,Convenience Store only,1,Single record,0.0,1,High,False
valencia,VAL_LOC_000631,39.47284304418598,-0.3554791255621338,1,1,Nacex,"C/ de Polo y Peyrolón, 23",Alos Soluciones Lingüisticas (4605-25),False,False,False,False,False,False,True,False,5,Convenience Store only,1,Single record,0.0,1,High,False
valencia,VAL_LOC_000632,39.463477553172105,-0.3491457796638094,1,1,Nacex,"C. de Pedro II el Ceremonioso, 1",Frutas Patel Sanaya (4605-27),False,False,False,False,False,False,True,False,5,Convenience Store only,1,Single record,0.0,1,High,False
valencia,VAL_LOC_000633,39.49295748883089,-0.3936391645340655,1,1,Nacex,"Av. de Burjassot, 192",Estanco Valencia-149 (4601-31),False,False,False,False,False,False,True,False,5,Convenience Store only,1,Single record,0.0,1,High,False
valencia,VAL_LOC_000634,39.4562228373845,-0.380240560048162,1,1,Nacex,"Carrer de la Pianista Empar Iturbi, 41",NACEX,False,True,False,False,False,False,False,False,2,PUDO only,1,Single record,0.0,1,High,False
valencia,VAL_LOC_000635,39.469141408287,-0.340389424252376,1,1,Nacex,"C/ dels Sants Just i Pastor, 126",NACEX,False,True,False,False,False,False,False,False,2,PUDO only,1,Single record,0.0,1,High,False
valencia,VAL_LOC_000636,39.4962273927173,-0.397550216921774,1,1,Nacex,"C/ de la Serra d'Agullent, 23",NACEX,False,True,False,False,False,False,False,False,2,PUDO only,1,Single record,0.0,1,High,False
valencia,VAL_LOC_000637,39.47313804366304,-0.378330735525546,1,1,UPS,"C. de las Calabazas, 14",Feel Free,False,False,False,False,False,False,True,False,5,Convenience Store only,1,Single record,0.0,1,High,False
valencia,VAL_LOC_000638,39.47063458441795,-0.3791655628248326,1,1,UPS,"Calle del Músico Peydró, 52",Store Bitbase Valencia Centro,False,False,False,False,False,False,True,False,5,Convenience Store only,1,Single record,0.0,1,High,False
valencia,VAL_LOC_000639,39.470292439325874,-0.3782284504312014,1,1,UPS,"C. San Vicente Mártir, 57",Piercing Lab Centre,False,False,False,False,False,False,True,False,5,Convenience Store only,1,Single record,0.0,1,High,False
valencia,VAL_LOC_000640,39.46968831798212,-0.3747639215780122,1,1,UPS,"Calle de Pérez Pujol, 5",Select Store Valencia,False,False,False,False,False,False,True,False,5,Convenience Store only,1,Single record,0.0,1,High,False
valencia,VAL_LOC_000641,39.477095434071785,-0.3798353003837243,1,1,UPS,"Pl. San Jaime, 5",Estanco Del Carmen,False,False,False,False,False,False,True,False,5,Convenience Store only,1,Single record,0.0,1,High,False
valencia,VAL_LOC_000642,39.46134797595687,-0.3683207088564543,1,1,UPS,"Calle de Matías Perelló, 18",Unicrom,False,False,False,False,False,False,True,False,5,Convenience Store only,1,Single record,0.0,1,High,False
valencia,VAL_LOC_000643,39.47146106531828,-0.3925913466485637,1,1,UPS,"Av. de Pérez Galdós, 100",Estanco 85,False,False,False,False,False,False,True,False,5,Convenience Store only,1,Single record,0.0,1,High,False
valencia,VAL_LOC_000644,39.4837635680669,-0.3825116465391215,1,1,UPS,"Av. de Burjassot, 18",Fnx-El Trebol Del Turia,False,False,False,False,False,False,True,False,5,Convenience Store only,1,Single record,0.0,1,High,False
valencia,VAL_LOC_000645,39.487220752482735,-0.3749167080819008,2,2,Pudo | UPS,"C. de Sagunto, 118",Lidl C/ Sagunto Valencia | Lidl Cl Sagunto Vlc,True,False,True,False,False,False,False,False,7,Multiple services,4,"Multiple companies, multiple services",7.81,1,High,False
valencia,VAL_LOC_000646,39.48989078062138,-0.3715825507726075,1,1,UPS,"C. Bilbao, 59",Fnx-La Suerte De Las Hadas,False,False,False,False,False,False,True,False,5,Convenience Store only,1,Single record,0.0,1,High,False
valencia,VAL_LOC_000647,39.47988938529938,-0.3279254541785851,1,1,UPS,"Av. de la Malvarrosa, 64",Yobo,False,False,False,False,False,False,True,False,5,Convenience Store only,1,Single record,0.0,1,High,False
valencia,VAL_LOC_000648,39.448588629833246,-0.3674469668893684,1,1,UPS,"C. Ángel Villena, 6",Kanguro Bar San Luis,False,False,False,False,False,False,True,False,5,Convenience Store only,1,Single record,0.0,1,High,False
valencia,VAL_LOC_000649,39.45315272102342,-0.3549630181555863,1,1,UPS,"Av. Autopista del Saler, 16",CC El Saler,True,False,False,False,False,False,False,False,1,Locker only,1,Single record,0.0,1,High,False
valencia,VAL_LOC_000650,39.462158539738304,-0.402482850470554,1,1,UPS,"C. de Emilio Lluch, 18",Zafiro Tours,False,False,False,False,False,False,True,False,5,Convenience Store only,1,Single record,0.0,1,High,False
valencia,VAL_LOC_000651,39.47103555126864,-0.4079373955170365,1,1,UPS,"C. Alcácer, 9",Kiosco Pardo,False,False,False,False,False,False,True,False,5,Convenience Store only,1,Single record,0.0,1,High,False
valencia,VAL_LOC_000652,39.49184967580989,-0.3962154078812488,1,1,UPS,"Carrer del Garbí, 34",Estanco 144,False,False,False,False,False,False,True,False,5,Convenience Store only,1,Single record,0.0,1,High,False
valencia,VAL_LOC_000653,39.49687474959634,-0.3978855144747104,1,1,UPS,"Av. de Burjassot, 273",Fnx Kiosco Avenida,False,False,False,False,False,False,True,False,5,Convenience Store only,1,Single record,0.0,1,High,False
valencia,VAL_LOC_000654,39.4817842166585,-0.4013988726366382,2,2,Pudo | UPS,"Av. del Maestro Rodrigo, 41",Lidl Maestro Rodrig | Lidl Maestro Rodrigo,True,False,True,False,False,False,False,False,7,Multiple services,4,"Multiple companies, multiple services",3.8,1,High,False
valencia,VAL_LOC_000655,39.48177971401103,-0.394942211880086,1,1,UPS,"C. Gaudencia Torres, 7",Estanco 101 Valencia,False,False,False,False,False,False,True,False,5,Convenience Store only,1,Single record,0.0,1,High,False
valencia,VAL_LOC_000656,39.46887710521237,-0.4002735193400234,1,1,UPS,"Av. del Cid, 41",Mail Boxes Etc. 0327,False,False,False,False,False,False,True,False,5,Convenience Store only,1,Single record,0.0,1,High,False
valencia,VAL_LOC_000657,39.46848010761411,-0.3913280771426595,1,1,UPS,"Av. de Pérez Galdós, 75",Ozo Store,False,False,False,False,False,False,True,False,5,Convenience Store only,1,Single record,0.0,1,High,False
valencia,VAL_LOC_000658,39.47726083767471,-0.3467278389369713,1,1,UPS,"Carrer de Ramon Llull, 31",Libreria Tirant Lo Blanch Ramon Llu,False,False,False,False,False,False,True,False,5,Convenience Store only,1,Single record,0.0,1,High,False
valencia,VAL_LOC_000659,39.47223222446938,-0.3426355544148739,1,1,UPS,"C. Músico Ginés, 31",Futurmovil,False,False,False,False,False,False,True,False,5,Convenience Store only,1,Single record,0.0,1,High,False
valencia,VAL_LOC_000660,39.47027154299988,-0.3462624613586807,1,1,UPS,"C. los Leones, 60",App Leones,False,False,False,False,False,False,True,False,5,Convenience Store only,1,Single record,0.0,1,High,False
valencia,VAL_LOC_000661,39.464839307589926,-0.33551731628551423,2,2,Pudo | UPS,"C. de la Serrería, 14",Galp Serreria | Galp Serrería,True,False,True,False,False,False,False,False,7,Multiple services,4,"Multiple companies, multiple services",6.64,1,High,False
valencia,VAL_LOC_000662,39.46328986641301,-0.3421682337747992,1,1,UPS,"Av. del Puerto, 189",Lidl Av Del Puerto,True,False,False,False,False,False,False,False,1,Locker only,1,Single record,0.0,1,High,False
valencia,VAL_LOC_000663,39.45885442985541,-0.3345741786880147,1,1,UPS,"C. de Juan Verdeguer, 46",Piercing Lab Grau,False,False,False,False,False,False,True,False,5,Convenience Store only,1,Single record,0.0,1,High,False
valencia,VAL_LOC_000664,39.492409424978526,-0.3829951153400062,1,1,UPS,"Av. de Juan XXIII, 25",El Arca De Noe,False,False,False,False,False,False,True,False,5,Convenience Store only,1,Single record,0.0,1,High,False
valencia,VAL_LOC_000665,39.4919972132126,-0.3811071930459749,1,1,UPS,"C. Gayano Lluch, 17",Fnx-Kiosco Fernando Y Pepa,False,False,False,False,False,False,True,False,5,Convenience Store only,1,Single record,0.0,1,High,False
valencia,VAL_LOC_000666,39.49134885702277,-0.3788648371368713,1,1,UPS,"Av. del Dr. Peset Aleixandre, 56",Fnx-Kiosco Loterias Peset,False,False,False,False,False,False,True,False,5,Convenience Store only,1,Single record,0.0,1,High,False
valencia,VAL_LOC_000667,39.42945827016473,-0.3632048115701877,1,1,UPS,"C. José Siurana, 4",Fnx-La Bruixa De Castellar,False,False,False,False,False,False,True,False,5,Convenience Store only,1,Single record,0.0,1,High,False
valencia,VAL_LOC_000668,39.43097456421008,-0.3799324984734899,1,1,UPS,"Av. de los Trabajadores, 14",Ducaval Horno De Alcedo,False,False,False,False,False,False,True,False,5,Convenience Store only,1,Single record,0.0,1,High,False
valencia,VAL_LOC_000669,39.45253512751852,-0.3766438628299735,1,1,UPS,"C. Oltà, 40",Essencials,False,False,False,False,False,False,True,False,5,Convenience Store only,1,Single record,0.0,1,High,False
valencia,VAL_LOC_000670,39.463016521738695,-0.3419858516862331,1,1,Pudo,"Av. del Puerto, 189",Lidl Avenida Del Puerto,False,False,True,False,False,False,False,False,4,Click & Collect only,1,Single record,0.0,1,High,False
valencia,VAL_LOC_000671,39.466131444972575,-0.3395800568773284,1,1,Pudo,"Ptge. d'Àngels i Federic, 2",Jiayu Mobile,False,False,True,False,False,False,False,False,4,Click & Collect only,1,Single record,0.0,1,High,False
valencia,VAL_LOC_000672,39.49747990059363,-1.1154374575479e+16,1,1,Pudo,"C. Artes Gráficas, 14",Pcbox Valencia (Artes),False,False,True,False,False,False,False,False,4,Click & Collect only,1,Single record,0.0,1,High,False
valencia,VAL_LOC_000673,39.46728321563718,-0.410815509441386,1,1,Pudo,"Calle del Padre Esteban Pernet, 8",Servicios Expressos Valencia - La Llum,False,False,True,False,False,False,False,False,4,Click & Collect only,1,Single record,0.0,1,High,False
valencia,VAL_LOC_000674,39.48613113486887,-0.3891694899718394,1,1,Pudo,"C/ d'Alfons Verdeguer, 1",Parking Interparking La Fé,False,False,True,False,False,False,False,False,4,Click & Collect only,1,Single record,0.0,1,High,False
valencia,VAL_LOC_000675,39.46673495077585,-0.3338878594553913,1,1,Pudo,C-Ernesto Anatasio no 79 bajo,Mensapacket,False,False,True,False,False,False,False,False,4,Click & Collect only,1,Single record,0.0,1,High,False
valencia,VAL_LOC_000676,39.46471589136243,-0.3632893609376818,1,1,Pudo,"C. de Salamanca, 48",Pcbox Valencia (Salamanca),False,False,True,False,False,False,False,False,4,Click & Collect only,1,Single record,0.0,1,High,False
valencia,VAL_LOC_000677,39.484886338753135,-0.3998733166036558,1,1,Pudo,"Av. del General Avilés, 92",Galp General Aviles,False,False,True,False,False,False,False,False,4,Click & Collect only,1,Single record,0.0,1,High,False
valencia,VAL_LOC_000678,39.48894073468399,-0.3712984458158235,1,1,Pudo,"Plaça del Professor Tierno Galván, s/n",Parking Interparking Tierno Galvan,False,False,True,False,False,False,False,False,4,Click & Collect only,1,Single record,0.0,1,High,False
valencia,VAL_LOC_000679,39.47233570806871,-0.391563547644604,1,1,Pudo,"Carrer de Sta. Maria Micaela, s/n",Parking Interparking Santa María Micaela,False,False,True,False,False,False,False,False,4,Click & Collect only,1,Single record,0.0,1,High,False
valencia,VAL_LOC_000680,39.4434357789999,-0.389936704499398,1,1,Mrw,"Carrer del Pintor Rafael Solbes, 21, bajo",Oficina MRW 04323,False,True,False,False,False,False,False,False,2,PUDO only,1,Single record,0.0,1,High,False
valencia,VAL_LOC_000681,39.4559697425573,-0.371669172978743,1,1,Mrw,"C/ de Ribelles Comín, 1, Quatre Carreres",Oficina MRW 04326,False,True,False,False,False,False,False,False,2,PUDO only,1,Single record,0.0,1,High,False
valencia,VAL_LOC_000682,39.4635766651273,-0.368002779328351,1,1,Mrw,"C/ del Pintor Salvador Abril, 47",Oficina MRW 04321,False,True,False,False,False,False,False,False,2,PUDO only,1,Single record,0.0,1,High,False
valencia,VAL_LOC_000683,39.4779132376225,-0.391173500829461,1,1,Mrw,"C/ de Sant Ignasi de Loiola, 16",Oficina MRW 04300,False,True,False,False,False,False,False,False,2,PUDO only,1,Single record,0.0,1,High,False
valencia,VAL_LOC_000684,39.4682922517064,-0.351478307282819,1,1,Mrw,"Carrer d'Astúries, 51, Camins al Grau",Oficina MRW 04320,False,True,False,False,False,False,False,False,2,PUDO only,1,Single record,0.0,1,High,False
valencia,VAL_LOC_000685,39.4778124556167,-0.335807855512432,1,1,Mrw,"Carrer d'Esteve Ballester, 12",Oficina MRW 04327,False,True,False,False,False,False,False,False,2,PUDO only,1,Single record,0.0,1,High,False
valencia,VAL_LOC_000686,39.4813858354092,-0.401616920644826,1,1,Mrw,"Av. dels Tamarindes, 4",Oficina MRW 04322,False,True,False,False,False,False,False,False,2,PUDO only,1,Single record,0.0,1,High,False
valencia,VAL_LOC_000687,39.4925676755239,-0.389402066785956,1,1,Mrw,"Carrer de segària, 4",Oficina MRW 04328,False,True,False,False,False,False,False,False,2,PUDO only,1,Single record,0.0,1,High,False
valencia,VAL_LOC_000688,39.489865073955,-0.36962877877173,1,1,Mrw,"C/ de Molinell, 6",Oficina MRW 04325,False,True,False,False,False,False,False,False,2,PUDO only,1,Single record,0.0,1,High,False
valencia,VAL_LOC_000689,39.9845187542928,-0.153303473041228,1,1,Amazon,"C. Panamá, 28, 12200 Onda, Castellón",Amazon FC VLC1,False,False,False,False,False,True,False,False,6,Other single service,1,Single record,0.0,1,High,False
valencia,VAL_LOC_000690,39.5197362996211,-0.459641460502284,1,1,Amazon,"Carrer del Carboner, 39, 46980 Paterna, Valencia",Amazon Fresh Valencia (UVL1),False,False,False,True,False,False,False,False,6,Other single service,1,Single record,0.0,1,High,False
valencia,VAL_LOC_000691,38.3385625936717,-0.531310683177458,1,1,Amazon,03007 Alicante,Amazon DQV2,False,False,False,False,True,False,False,False,6,Other single service,1,Single record,0.0,1,High,False
valencia,VAL_LOC_000692,39.3565283714094,-0.458137249078415,1,1,Amazon,"C. N-2, 46229 Picassent, Valencia",Amazon DQV6,False,False,False,True,False,False,False,False,6,Other single service,1,Single record,0.0,1,High,False
valencia,VAL_LOC_000693,39.4702274729905,-0.51116903170288,1,1,Correos,"Carrer Riu Vinalopó, 93, 46930 Quart de Poblet, Valencia",CTA Valencia,False,False,False,True,False,False,False,False,6,Other single service,1,Single record,0.0,1,High,False
valencia,VAL_LOC_000694,39.4752064483412,-0.538374274047189,1,1,Correos Express,"Carrer A, Nave 4, 46190 Riba-roja de Túria, Valencia",Polígono Industrial El Oliveral,False,False,False,True,False,False,False,False,6,Other single service,1,Single record,0.0,1,High,False
valencia,VAL_LOC_000695,39.3059895053551,-0.416795785891881,1,1,Correos Express,"C. Ponent P.I.Juan Carlos I, 3, Almusafes",,False,False,False,False,False,True,False,False,6,Other single service,1,Single record,0.0,1,High,False
valencia,VAL_LOC_000696,39.5449186735251,-0.563491174467596,1,1,Mondial Relay (Impost),"Ctra. de Valencia, 76 (Riba-roja de Túria)",Centro de distribución urbana o estación de última milla,False,False,False,False,True,False,False,False,6,Other single service,1,Single record,0.0,1,High,False
valencia,VAL_LOC_000697,39.4888139509649,-0.531340347667524,1,1,SEUR,C. del Puerto de Denia,Centro de distribución urbana o estación de última milla,False,False,False,False,True,False,False,False,6,Other single service,1,Single record,0.0,1,High,False
valencia,VAL_LOC_000698,39.552881998287,-0.341438702904099,1,1,SEUR,"Avinguda de Barcelona, 3, Museros",Almacén (Servicios de recogida y entrega de paquetes),False,False,False,False,True,False,False,False,6,Other single service,1,Single record,0.0,1,High,False
valencia,VAL_LOC_000699,39.5125722684962,-0.467887458764147,1,1,SEUR,"Carrer Ciutat de Barcelona, 26-27",Centro de distribución urbana o estación de última milla,False,False,False,True,False,False,False,False,6,Other single service,1,Single record,0.0,1,High,False
valencia,VAL_LOC_000700,39.4755900757899,-0.58362737517902,1,1,SEUR,"C. Mas de la Vallesa de Mandor s/n, 46394 Riba-roja de Túria",,False,False,False,True,False,False,False,False,6,Other single service,1,Single record,0.0,1,High,False
valencia,VAL_LOC_000701,39.9748018388788,-0.144557135500069,1,1,Dhl,"Parcelas 1-4 Autovía CV 10, ,Almassora, Castellón",Centro de distribución urbana o estación de última milla,False,False,False,False,False,True,False,False,6,Other single service,1,Single record,0.0,1,High,False
valencia,VAL_LOC_000702,39.4418192200028,-0.427755507966062,1,1,Dhl,"Autovia Valencia-Torrent, Km. 2,200, 46210 Picanya, Valencia",Centro de distribución urbana o estación de última milla,False,False,False,True,False,False,False,False,6,Other single service,1,Single record,0.0,1,High,False
valencia,VAL_LOC_000703,39.3636510231943,-0.420303337979663,1,1,Dhl,"Avda. d'Espioca, 84-86, 46460 València, Valencia",,False,False,False,True,False,False,False,False,6,Other single service,1,Single record,0.0,1,High,False
valencia,VAL_LOC_000704,39.0641942118188,-0.538355325024787,1,1,Dhl,"Arrabal Sector el Placita, 1, 46270 Castelló, Valencia",,False,False,False,True,False,False,False,False,6,Other single service,1,Single record,0.0,1,High,False
valencia,VAL_LOC_000705,39.4400748633466,-0.427714989582253,1,1,Fedex,"Carrer Dissabtes, 6, 46210 Picanya",Centro de distribución urbana o estación de última milla,False,False,False,True,False,False,False,False,6,Other single service,1,Single record,0.0,1,High,False
valencia,VAL_LOC_000706,39.4816695569854,-0.554721126733899,1,1,Fedex,"P.I. Casanova, Av. Corregers, 3-4, Riba-roja de Túria",,False,False,False,True,False,False,False,False,6,Other single service,1,Single record,0.0,1,High,False
valencia,VAL_LOC_000707,39.4869920150498,-0.53059446059356,1,1,Ctt Express,"C. del Puerto de Denia, 5, 46190 Riba-roja de Túria","Recepción, clasificación y envío (Colabora con red Tourline)",False,False,False,False,True,False,False,False,6,Other single service,1,Single record,0.0,1,High,False
valencia,VAL_LOC_000708,39.5091166517516,-0.463223171898043,1,1,Gls,"P. I. Fuente del Jarro, Ciudad de Barcelona 1 nv 5, 46988 Paterna, Valencia",Recogida y entrega local o provincial,False,False,False,True,False,False,False,False,6,Other single service,1,Single record,0.0,1,High,False
valencia,VAL_LOC_000709,39.4799112538207,-0.559299968461471,1,1,Gls,"v. dels Fusters, 27 (Pol. Ind. Sur, Riba-roja de Túria)",Hub regional de GLS,False,False,False,True,False,False,False,False,6,Other single service,1,Single record,0.0,1,High,False
valencia,VAL_LOC_000710,39.5006127784153,-0.392574702836162,1,1,Gls,"C/ de Vicent Canet, 7, Benicalap",Centro de distribución urbana o estación de última milla,False,False,False,False,True,False,False,False,6,Other single service,1,Single record,0.0,1,High,False
valencia,VAL_LOC_000711,39.4305030502778,-0.338294847924942,1,1,UPS,"ZAL Valencia (Puerto de Valencia, Valencia)","Plataforma UPS (Recepción, clasificación y distribución)",False,False,False,True,False,False,False,False,6,Other single service,1,Single record,0.0,1,High,False
valencia,VAL_LOC_000712,39.4949226997715,-0.482754960505156,1,1,UPS,"Parcela 121-122, Manises",Centro de Carga Aérea Aeropuerto de Valencia,False,False,False,True,False,False,False,False,6,Other single service,1,Single record,0.0,1,High,False
valencia,VAL_LOC_000713,39.4710919340291,-0.539133955516801,1,1,Nacex,"Parc 4B, C/ Pouet de Nasio, Pol. Ind., 3,Riba-roja de Túria","Plataforma NACEX (Recepción, clasificación y distribución)",False,False,False,True,False,False,False,False,6,Other single service,1,Single record,0.0,1,High,False
valencia,VAL_LOC_000714,39.4792594836801,-0.562909718095576,1,1,Nacex,"C. Sector 13, nave 60, Riba-roja de Túria",Centro de distribución urbana o estación de última milla,False,False,False,True,False,False,False,False,6,Other single service,1,Single record,0.0,1,High,False
valencia,VAL_LOC_000715,39.5185298383897,-0.457164355179464,1,1,Nacex,"Carrer del Manyá, 12, 46988 Paterna, Valencia",Centro de distribución urbana o estación de última milla,False,False,False,False,True,False,False,False,6,Other single service,1,Single record,0.0,1,High,False
valencia,VAL_LOC_000716,39.4760143410211,-0.544072799157762,1,1,Mrw,"Calle Oliveral-S, 9, 46394 Riba-roja de Túria, Valencia","Plataforma MRW (Recepción, clasificación y distribución)",False,False,False,True,False,False,False,False,6,Other single service,1,Single record,0.0,1,High,False
valencia,VAL_LOC_000717,39.4400549014402,-0.488149697133458,1,1,Mrw,"Carrer Dels Teixidors, 6 PI Masia del Juez, 46900 Torrent, Valencia",Centro de distribución urbana o estación de última milla,False,False,False,True,False,False,False,False,6,Other single service,1,Single record,0.0,1,High,False
valencia,VAL_LOC_000718,39.4690969834582,-0.473665416200721,1,1,Mrw,"Camí de la Lloma, 40, 46960 Aldaia, Valencia",Centro de distribución urbana o estación de última milla,False,False,False,True,False,False,False,False,6,Other single service,1,Single record,0.0,1,High,False
valencia,VAL_LOC_000719,39.401609240283,-0.395450648847648,1,1,Mrw,"Polígono Industrial, Carrer 29, 24, 46470 Catarroja, Valencia",Centro de distribución urbana o estación de última milla,False,False,False,True,False,False,False,False,6,Other single service,1,Single record,0.0,1,High,False
valencia,VAL_LOC_000720,38.3547571847556,-0.548561302118111,1,1,Zeleris,"C. Trueno, Nave 13-14, 03006 Alicante",,False,False,False,False,True,False,False,False,6,Other single service,1,Single record,0.0,1,High,False
valencia,VAL_LOC_000721,39.45155840091,-0.37232449882,1,1,Correos,"Av. Ausias March, 56",VALÈNCIA SUC 11. AUSÍAS MARCH,True,False,False,False,False,False,False,False,1,Locker only,1,Single record,0.0,1,High,False
valencia,VAL_LOC_000722,39.4693935703,-0.37573811672,1,1,Correos,Pz Del Ayuntamiento 24,VALÈNCIA OP,True,False,False,False,False,False,False,False,1,Locker only,1,Single record,0.0,1,High,False
valencia,VAL_LOC_000723,39.46757160063,-0.3932784988,1,1,Correos,Av Del Cid 22,VALÈNCIA SUC 8. AV DEL CID,True,False,False,False,False,False,False,False,1,Locker only,1,Single record,0.0,1,High,False
valencia,VAL_LOC_000724,39.46081692693,-0.37116768651,1,1,Correos,"Sornells, 12",VALÈNCIA SUC 4. RUZAFA,True,False,False,False,False,False,False,False,1,Locker only,1,Single record,0.0,1,High,False
valencia,VAL_LOC_000725,39.48591086589,-0.39397796029,1,1,Correos,Cl General Aviles 8,VALÈNCIA SUC 10. BENICALAP,True,False,False,False,False,False,False,False,1,Locker only,1,Single record,0.0,1,High,False
valencia,VAL_LOC_000726,39.4587929,-0.3830704,1,1,Correos,"San Vicente Martir, 175",VALÈNCIA SUC 7. SAN VICENTE,True,False,False,False,False,False,False,False,1,Locker only,1,Single record,0.0,1,High,False
valencia,VAL_LOC_000727,39.42434881,-0.34081154,1,1,Correos,Cr Del Riu 263,,True,False,False,False,False,False,False,False,1,Locker only,1,Single record,0.0,1,High,False
